AFFINE_CONTEXT,result_dir=/Users/seungwon/AIMer3_on_AVX512/AIMer_v3/m55/benchmarks/results/affine-ablation-20260905-131658,source_sha256=2401098821284c320032ca8f57fd0fd1dca293ccde43f9a8af2b8c4e0e6875d8,command=make -B PARAM=128f BACKEND=mve MATVEC=compact TEST=profile MEMORY=full SIGN_SCHEDULE=lowmem STACK_USAGE=1 PROFILE_SAMPLES=31 PROFILE_KERNEL_INNER=64 PROFILE_COMPLEX_INNER=8 run-board 
/Users/seungwon/test/.tools/xpack-arm-none-eabi-gcc-15.2.1-1.1/bin/arm-none-eabi-gcc -DAIMER_MVE_BATCH  -DAIMER_PHASE_PROFILE -DPARAMS=128f -DAIMER_BACKEND=mve -DAIMER_MATVEC=compact -DAIMER_CONFIG=mve_compact -DBENCH_KERNEL_SAMPLES=31 -DBENCH_E2E_SAMPLES=7 -DBENCH_KERNEL_INNER=64 -DBENCH_WARMUP=1 -DPROFILE_SAMPLES=31 -DPROFILE_KERNEL_INNER=64 -DPROFILE_COMPLEX_INNER=8 -DUSE_HAL_DRIVER -DSTM32N657xx -Iinclude -I../src/sig/aimer/reference/aimer-128f -I../src -I/Users/seungwon/STM32CubeN6/Projects/NUCLEO-N657X0-Q/Templates/Template/FSBL/Inc -I/Users/seungwon/STM32CubeN6/Drivers/CMSIS/Include -I/Users/seungwon/STM32CubeN6/Drivers/CMSIS/Device/ST/STM32N6xx/Include -I/Users/seungwon/STM32CubeN6/Drivers/STM32N6xx_HAL_Driver/Inc -I/Users/seungwon/STM32CubeN6/Drivers/STM32N6xx_HAL_Driver/Inc/Legacy -O3 -std=c11 -fno-common -ffunction-sections -fdata-sections -fno-tree-vectorize -fno-tree-slp-vectorize -MMD -MP --specs=nosys.specs -Wall -Wextra -Wshadow -Wconversion -Wstrict-prototypes -mcpu=cortex-m55 -mthumb -mfloat-abi=hard -mcmse -fstack-usage -c benchmarks/profile.c -o build/full/128f/mve/profile/profile.c.o
/Users/seungwon/test/.tools/xpack-arm-none-eabi-gcc-15.2.1-1.1/bin/arm-none-eabi-gcc -DAIMER_MVE_BATCH  -DAIMER_PHASE_PROFILE -DPARAMS=128f -DAIMER_BACKEND=mve -DAIMER_MATVEC=compact -DAIMER_CONFIG=mve_compact -DBENCH_KERNEL_SAMPLES=31 -DBENCH_E2E_SAMPLES=7 -DBENCH_KERNEL_INNER=64 -DBENCH_WARMUP=1 -DPROFILE_SAMPLES=31 -DPROFILE_KERNEL_INNER=64 -DPROFILE_COMPLEX_INNER=8 -DUSE_HAL_DRIVER -DSTM32N657xx -Iinclude -I../src/sig/aimer/reference/aimer-128f -I../src -I/Users/seungwon/STM32CubeN6/Projects/NUCLEO-N657X0-Q/Templates/Template/FSBL/Inc -I/Users/seungwon/STM32CubeN6/Drivers/CMSIS/Include -I/Users/seungwon/STM32CubeN6/Drivers/CMSIS/Device/ST/STM32N6xx/Include -I/Users/seungwon/STM32CubeN6/Drivers/STM32N6xx_HAL_Driver/Inc -I/Users/seungwon/STM32CubeN6/Drivers/STM32N6xx_HAL_Driver/Inc/Legacy -O3 -std=c11 -fno-common -ffunction-sections -fdata-sections -fno-tree-vectorize -fno-tree-slp-vectorize -MMD -MP --specs=nosys.specs -Wall -Wextra -Wshadow -Wconversion -Wstrict-prototypes -mcpu=cortex-m55 -mthumb -mfloat-abi=hard -mcmse -fstack-usage -c src/mve/field_batch.c -o build/full/128f/mve/profile/field_batch.c.o
/Users/seungwon/test/.tools/xpack-arm-none-eabi-gcc-15.2.1-1.1/bin/arm-none-eabi-gcc -DAIMER_MVE_BATCH  -DAIMER_PHASE_PROFILE -DPARAMS=128f -DAIMER_BACKEND=mve -DAIMER_MATVEC=compact -DAIMER_CONFIG=mve_compact -DBENCH_KERNEL_SAMPLES=31 -DBENCH_E2E_SAMPLES=7 -DBENCH_KERNEL_INNER=64 -DBENCH_WARMUP=1 -DPROFILE_SAMPLES=31 -DPROFILE_KERNEL_INNER=64 -DPROFILE_COMPLEX_INNER=8 -DUSE_HAL_DRIVER -DSTM32N657xx -Iinclude -I../src/sig/aimer/reference/aimer-128f -I../src -I/Users/seungwon/STM32CubeN6/Projects/NUCLEO-N657X0-Q/Templates/Template/FSBL/Inc -I/Users/seungwon/STM32CubeN6/Drivers/CMSIS/Include -I/Users/seungwon/STM32CubeN6/Drivers/CMSIS/Device/ST/STM32N6xx/Include -I/Users/seungwon/STM32CubeN6/Drivers/STM32N6xx_HAL_Driver/Inc -I/Users/seungwon/STM32CubeN6/Drivers/STM32N6xx_HAL_Driver/Inc/Legacy -O3 -std=c11 -fno-common -ffunction-sections -fdata-sections -fno-tree-vectorize -fno-tree-slp-vectorize -MMD -MP --specs=nosys.specs -Wall -Wextra -Wshadow -Wconversion -Wstrict-prototypes -mcpu=cortex-m55 -mthumb -mfloat-abi=hard -mcmse -fstack-usage -c src/mve/mpc_batch.c -o build/full/128f/mve/profile/mpc_batch.c.o
/Users/seungwon/test/.tools/xpack-arm-none-eabi-gcc-15.2.1-1.1/bin/arm-none-eabi-gcc -DAIMER_MVE_BATCH  -DAIMER_PHASE_PROFILE -DPARAMS=128f -DAIMER_BACKEND=mve -DAIMER_MATVEC=compact -DAIMER_CONFIG=mve_compact -DBENCH_KERNEL_SAMPLES=31 -DBENCH_E2E_SAMPLES=7 -DBENCH_KERNEL_INNER=64 -DBENCH_WARMUP=1 -DPROFILE_SAMPLES=31 -DPROFILE_KERNEL_INNER=64 -DPROFILE_COMPLEX_INNER=8 -DUSE_HAL_DRIVER -DSTM32N657xx -Iinclude -I../src/sig/aimer/reference/aimer-128f -I../src -I/Users/seungwon/STM32CubeN6/Projects/NUCLEO-N657X0-Q/Templates/Template/FSBL/Inc -I/Users/seungwon/STM32CubeN6/Drivers/CMSIS/Include -I/Users/seungwon/STM32CubeN6/Drivers/CMSIS/Device/ST/STM32N6xx/Include -I/Users/seungwon/STM32CubeN6/Drivers/STM32N6xx_HAL_Driver/Inc -I/Users/seungwon/STM32CubeN6/Drivers/STM32N6xx_HAL_Driver/Inc/Legacy -O3 -std=c11 -fno-common -ffunction-sections -fdata-sections -fno-tree-vectorize -fno-tree-slp-vectorize -MMD -MP --specs=nosys.specs -Wall -Wextra -Wshadow -Wconversion -Wstrict-prototypes -mcpu=cortex-m55 -mthumb -mfloat-abi=hard -mcmse -fstack-usage -c ../src/sig/aimer/reference/aimer-128f/aim3.c -o build/full/128f/mve/profile/aim3.c.o
/Users/seungwon/test/.tools/xpack-arm-none-eabi-gcc-15.2.1-1.1/bin/arm-none-eabi-gcc -DAIMER_MVE_BATCH  -DAIMER_PHASE_PROFILE -DPARAMS=128f -DAIMER_BACKEND=mve -DAIMER_MATVEC=compact -DAIMER_CONFIG=mve_compact -DBENCH_KERNEL_SAMPLES=31 -DBENCH_E2E_SAMPLES=7 -DBENCH_KERNEL_INNER=64 -DBENCH_WARMUP=1 -DPROFILE_SAMPLES=31 -DPROFILE_KERNEL_INNER=64 -DPROFILE_COMPLEX_INNER=8 -DUSE_HAL_DRIVER -DSTM32N657xx -Iinclude -I../src/sig/aimer/reference/aimer-128f -I../src -I/Users/seungwon/STM32CubeN6/Projects/NUCLEO-N657X0-Q/Templates/Template/FSBL/Inc -I/Users/seungwon/STM32CubeN6/Drivers/CMSIS/Include -I/Users/seungwon/STM32CubeN6/Drivers/CMSIS/Device/ST/STM32N6xx/Include -I/Users/seungwon/STM32CubeN6/Drivers/STM32N6xx_HAL_Driver/Inc -I/Users/seungwon/STM32CubeN6/Drivers/STM32N6xx_HAL_Driver/Inc/Legacy -O3 -std=c11 -fno-common -ffunction-sections -fdata-sections -fno-tree-vectorize -fno-tree-slp-vectorize -MMD -MP --specs=nosys.specs -Wall -Wextra -Wshadow -Wconversion -Wstrict-prototypes -mcpu=cortex-m55 -mthumb -mfloat-abi=hard -mcmse -fstack-usage -c ../src/sig/aimer/reference/aimer-128f/hash.c -o build/full/128f/mve/profile/hash.c.o
/Users/seungwon/test/.tools/xpack-arm-none-eabi-gcc-15.2.1-1.1/bin/arm-none-eabi-gcc -DAIMER_MVE_BATCH  -DAIMER_PHASE_PROFILE -DPARAMS=128f -DAIMER_BACKEND=mve -DAIMER_MATVEC=compact -DAIMER_CONFIG=mve_compact -DBENCH_KERNEL_SAMPLES=31 -DBENCH_E2E_SAMPLES=7 -DBENCH_KERNEL_INNER=64 -DBENCH_WARMUP=1 -DPROFILE_SAMPLES=31 -DPROFILE_KERNEL_INNER=64 -DPROFILE_COMPLEX_INNER=8 -DUSE_HAL_DRIVER -DSTM32N657xx -Iinclude -I../src/sig/aimer/reference/aimer-128f -I../src -I/Users/seungwon/STM32CubeN6/Projects/NUCLEO-N657X0-Q/Templates/Template/FSBL/Inc -I/Users/seungwon/STM32CubeN6/Drivers/CMSIS/Include -I/Users/seungwon/STM32CubeN6/Drivers/CMSIS/Device/ST/STM32N6xx/Include -I/Users/seungwon/STM32CubeN6/Drivers/STM32N6xx_HAL_Driver/Inc -I/Users/seungwon/STM32CubeN6/Drivers/STM32N6xx_HAL_Driver/Inc/Legacy -O3 -std=c11 -fno-common -ffunction-sections -fdata-sections -fno-tree-vectorize -fno-tree-slp-vectorize -MMD -MP --specs=nosys.specs -Wall -Wextra -Wshadow -Wconversion -Wstrict-prototypes -mcpu=cortex-m55 -mthumb -mfloat-abi=hard -mcmse -fstack-usage -c ../src/sig/aimer/reference/aimer-128f/field_common.c -o build/full/128f/mve/profile/field_common.c.o
../src/sig/aimer/reference/aimer-128f/field_common.c: In function 'samsungsds_aimer_128f_ref_gf_from_bytes':
../src/sig/aimer/reference/aimer-128f/field_common.c:28:31: warning: conversion to 'size_t' {aka 'unsigned int'} from 'int' may change the sign of the result [-Wsign-conversion]
   28 |       u = (u << 8) | in[8 * i + j];
      |                               ^
/Users/seungwon/test/.tools/xpack-arm-none-eabi-gcc-15.2.1-1.1/bin/arm-none-eabi-gcc -DAIMER_MVE_BATCH  -DAIMER_PHASE_PROFILE -DPARAMS=128f -DAIMER_BACKEND=mve -DAIMER_MATVEC=compact -DAIMER_CONFIG=mve_compact -DBENCH_KERNEL_SAMPLES=31 -DBENCH_E2E_SAMPLES=7 -DBENCH_KERNEL_INNER=64 -DBENCH_WARMUP=1 -DPROFILE_SAMPLES=31 -DPROFILE_KERNEL_INNER=64 -DPROFILE_COMPLEX_INNER=8 -DUSE_HAL_DRIVER -DSTM32N657xx -Iinclude -I../src/sig/aimer/reference/aimer-128f -I../src -I/Users/seungwon/STM32CubeN6/Projects/NUCLEO-N657X0-Q/Templates/Template/FSBL/Inc -I/Users/seungwon/STM32CubeN6/Drivers/CMSIS/Include -I/Users/seungwon/STM32CubeN6/Drivers/CMSIS/Device/ST/STM32N6xx/Include -I/Users/seungwon/STM32CubeN6/Drivers/STM32N6xx_HAL_Driver/Inc -I/Users/seungwon/STM32CubeN6/Drivers/STM32N6xx_HAL_Driver/Inc/Legacy -O3 -std=c11 -fno-common -ffunction-sections -fdata-sections -fno-tree-vectorize -fno-tree-slp-vectorize -MMD -MP --specs=nosys.specs -Wall -Wextra -Wshadow -Wconversion -Wstrict-prototypes -mcpu=cortex-m55 -mthumb -mfloat-abi=hard -mcmse -fstack-usage -c src/mve/field_mve.c -o build/full/128f/mve/profile/field_mve.c.o
/Users/seungwon/test/.tools/xpack-arm-none-eabi-gcc-15.2.1-1.1/bin/arm-none-eabi-gcc -DAIMER_MVE_BATCH  -DAIMER_PHASE_PROFILE -DPARAMS=128f -DAIMER_BACKEND=mve -DAIMER_MATVEC=compact -DAIMER_CONFIG=mve_compact -DBENCH_KERNEL_SAMPLES=31 -DBENCH_E2E_SAMPLES=7 -DBENCH_KERNEL_INNER=64 -DBENCH_WARMUP=1 -DPROFILE_SAMPLES=31 -DPROFILE_KERNEL_INNER=64 -DPROFILE_COMPLEX_INNER=8 -DUSE_HAL_DRIVER -DSTM32N657xx -Iinclude -I../src/sig/aimer/reference/aimer-128f -I../src -I/Users/seungwon/STM32CubeN6/Projects/NUCLEO-N657X0-Q/Templates/Template/FSBL/Inc -I/Users/seungwon/STM32CubeN6/Drivers/CMSIS/Include -I/Users/seungwon/STM32CubeN6/Drivers/CMSIS/Device/ST/STM32N6xx/Include -I/Users/seungwon/STM32CubeN6/Drivers/STM32N6xx_HAL_Driver/Inc -I/Users/seungwon/STM32CubeN6/Drivers/STM32N6xx_HAL_Driver/Inc/Legacy -O3 -std=c11 -fno-common -ffunction-sections -fdata-sections -fno-tree-vectorize -fno-tree-slp-vectorize -MMD -MP --specs=nosys.specs -Wall -Wextra -Wshadow -Wconversion -Wstrict-prototypes -mcpu=cortex-m55 -mthumb -mfloat-abi=hard -mcmse -fstack-usage -c ../src/common/fips202.c -o build/full/128f/mve/profile/fips202.c.o
/Users/seungwon/test/.tools/xpack-arm-none-eabi-gcc-15.2.1-1.1/bin/arm-none-eabi-gcc -DAIMER_MVE_BATCH  -DAIMER_PHASE_PROFILE -DPARAMS=128f -DAIMER_BACKEND=mve -DAIMER_MATVEC=compact -DAIMER_CONFIG=mve_compact -DBENCH_KERNEL_SAMPLES=31 -DBENCH_E2E_SAMPLES=7 -DBENCH_KERNEL_INNER=64 -DBENCH_WARMUP=1 -DPROFILE_SAMPLES=31 -DPROFILE_KERNEL_INNER=64 -DPROFILE_COMPLEX_INNER=8 -DUSE_HAL_DRIVER -DSTM32N657xx -Iinclude -I../src/sig/aimer/reference/aimer-128f -I../src -I/Users/seungwon/STM32CubeN6/Projects/NUCLEO-N657X0-Q/Templates/Template/FSBL/Inc -I/Users/seungwon/STM32CubeN6/Drivers/CMSIS/Include -I/Users/seungwon/STM32CubeN6/Drivers/CMSIS/Device/ST/STM32N6xx/Include -I/Users/seungwon/STM32CubeN6/Drivers/STM32N6xx_HAL_Driver/Inc -I/Users/seungwon/STM32CubeN6/Drivers/STM32N6xx_HAL_Driver/Inc/Legacy -O3 -std=c11 -fno-common -ffunction-sections -fdata-sections -fno-tree-vectorize -fno-tree-slp-vectorize -MMD -MP --specs=nosys.specs -Wall -Wextra -Wshadow -Wconversion -Wstrict-prototypes -mcpu=cortex-m55 -mthumb -mfloat-abi=hard -mcmse -fstack-usage -c toolchain/board/nucleo-n657x0-q/platform.c -o build/full/128f/mve/profile/platform.c.o
In file included from /Users/seungwon/STM32CubeN6/Drivers/CMSIS/Include/core_cm55.h:4605,
                 from /Users/seungwon/STM32CubeN6/Drivers/CMSIS/Device/ST/STM32N6xx/Include/stm32n657xx.h:281,
                 from /Users/seungwon/STM32CubeN6/Drivers/CMSIS/Device/ST/STM32N6xx/Include/stm32n6xx.h:87,
                 from /Users/seungwon/STM32CubeN6/Drivers/STM32N6xx_HAL_Driver/Inc/stm32n6xx_hal_def.h:33,
                 from /Users/seungwon/STM32CubeN6/Drivers/STM32N6xx_HAL_Driver/Inc/stm32n6xx_hal_rcc.h:28,
                 from /Users/seungwon/STM32CubeN6/Projects/NUCLEO-N657X0-Q/Templates/Template/FSBL/Inc/stm32n6xx_hal_conf.h:253,
                 from /Users/seungwon/STM32CubeN6/Drivers/STM32N6xx_HAL_Driver/Inc/stm32n6xx_hal.h:29,
                 from toolchain/board/nucleo-n657x0-q/platform.c:5:
/Users/seungwon/STM32CubeN6/Drivers/CMSIS/Include/m-profile/armv7m_cachel1.h: In function 'SCB_InvalidateICache_by_Addr':
/Users/seungwon/STM32CubeN6/Drivers/CMSIS/Include/m-profile/armv7m_cachel1.h:117:32: warning: conversion to 'long unsigned int' from 'int32_t' {aka 'long int'} may change the sign of the result [-Wsign-conversion]
  117 |        int32_t op_size = isize + (((uint32_t)addr) & (__SCB_ICACHE_LINE_SIZE - 1U));
      |                                ^
/Users/seungwon/STM32CubeN6/Drivers/CMSIS/Include/m-profile/armv7m_cachel1.h:117:26: warning: conversion to 'int32_t' {aka 'long int'} from 'long unsigned int' may change the sign of the result [-Wsign-conversion]
  117 |        int32_t op_size = isize + (((uint32_t)addr) & (__SCB_ICACHE_LINE_SIZE - 1U));
      |                          ^~~~~
/Users/seungwon/STM32CubeN6/Drivers/CMSIS/Include/m-profile/armv7m_cachel1.h:125:17: warning: conversion to 'long unsigned int' from 'int32_t' {aka 'long int'} may change the sign of the result [-Wsign-conversion]
  125 |         op_size -= __SCB_ICACHE_LINE_SIZE;
      |                 ^~
/Users/seungwon/STM32CubeN6/Drivers/CMSIS/Include/m-profile/armv7m_cachel1.h:48:33: warning: conversion to 'int32_t' {aka 'long int'} from 'long unsigned int' may change the sign of the result [-Wsign-conversion]
   48 | #define __SCB_ICACHE_LINE_SIZE  32U /*!< Cortex-M7 cache line size is fixed to 32 bytes (8 words). See also register SCB_CCSIDR */
      |                                 ^~~
/Users/seungwon/STM32CubeN6/Drivers/CMSIS/Include/m-profile/armv7m_cachel1.h:125:20: note: in expansion of macro '__SCB_ICACHE_LINE_SIZE'
  125 |         op_size -= __SCB_ICACHE_LINE_SIZE;
      |                    ^~~~~~~~~~~~~~~~~~~~~~
/Users/seungwon/STM32CubeN6/Drivers/CMSIS/Include/m-profile/armv7m_cachel1.h: In function 'SCB_InvalidateDCache_by_Addr':
/Users/seungwon/STM32CubeN6/Drivers/CMSIS/Include/m-profile/armv7m_cachel1.h:360:32: warning: conversion to 'long unsigned int' from 'int32_t' {aka 'long int'} may change the sign of the result [-Wsign-conversion]
  360 |        int32_t op_size = dsize + (((uint32_t)addr) & (__SCB_DCACHE_LINE_SIZE - 1U));
      |                                ^
/Users/seungwon/STM32CubeN6/Drivers/CMSIS/Include/m-profile/armv7m_cachel1.h:360:26: warning: conversion to 'int32_t' {aka 'long int'} from 'long unsigned int' may change the sign of the result [-Wsign-conversion]
  360 |        int32_t op_size = dsize + (((uint32_t)addr) & (__SCB_DCACHE_LINE_SIZE - 1U));
      |                          ^~~~~
/Users/seungwon/STM32CubeN6/Drivers/CMSIS/Include/m-profile/armv7m_cachel1.h:368:17: warning: conversion to 'long unsigned int' from 'int32_t' {aka 'long int'} may change the sign of the result [-Wsign-conversion]
  368 |         op_size -= __SCB_DCACHE_LINE_SIZE;
      |                 ^~
/Users/seungwon/STM32CubeN6/Drivers/CMSIS/Include/m-profile/armv7m_cachel1.h:44:33: warning: conversion to 'int32_t' {aka 'long int'} from 'long unsigned int' may change the sign of the result [-Wsign-conversion]
   44 | #define __SCB_DCACHE_LINE_SIZE  32U /*!< Cortex-M7 cache line size is fixed to 32 bytes (8 words). See also register SCB_CCSIDR */
      |                                 ^~~
/Users/seungwon/STM32CubeN6/Drivers/CMSIS/Include/m-profile/armv7m_cachel1.h:368:20: note: in expansion of macro '__SCB_DCACHE_LINE_SIZE'
  368 |         op_size -= __SCB_DCACHE_LINE_SIZE;
      |                    ^~~~~~~~~~~~~~~~~~~~~~
/Users/seungwon/STM32CubeN6/Drivers/CMSIS/Include/m-profile/armv7m_cachel1.h: In function 'SCB_CleanDCache_by_Addr':
/Users/seungwon/STM32CubeN6/Drivers/CMSIS/Include/m-profile/armv7m_cachel1.h:390:32: warning: conversion to 'long unsigned int' from 'int32_t' {aka 'long int'} may change the sign of the result [-Wsign-conversion]
  390 |        int32_t op_size = dsize + (((uint32_t)addr) & (__SCB_DCACHE_LINE_SIZE - 1U));
      |                                ^
/Users/seungwon/STM32CubeN6/Drivers/CMSIS/Include/m-profile/armv7m_cachel1.h:390:26: warning: conversion to 'int32_t' {aka 'long int'} from 'long unsigned int' may change the sign of the result [-Wsign-conversion]
  390 |        int32_t op_size = dsize + (((uint32_t)addr) & (__SCB_DCACHE_LINE_SIZE - 1U));
      |                          ^~~~~
/Users/seungwon/STM32CubeN6/Drivers/CMSIS/Include/m-profile/armv7m_cachel1.h:398:17: warning: conversion to 'long unsigned int' from 'int32_t' {aka 'long int'} may change the sign of the result [-Wsign-conversion]
  398 |         op_size -= __SCB_DCACHE_LINE_SIZE;
      |                 ^~
/Users/seungwon/STM32CubeN6/Drivers/CMSIS/Include/m-profile/armv7m_cachel1.h:44:33: warning: conversion to 'int32_t' {aka 'long int'} from 'long unsigned int' may change the sign of the result [-Wsign-conversion]
   44 | #define __SCB_DCACHE_LINE_SIZE  32U /*!< Cortex-M7 cache line size is fixed to 32 bytes (8 words). See also register SCB_CCSIDR */
      |                                 ^~~
/Users/seungwon/STM32CubeN6/Drivers/CMSIS/Include/m-profile/armv7m_cachel1.h:398:20: note: in expansion of macro '__SCB_DCACHE_LINE_SIZE'
  398 |         op_size -= __SCB_DCACHE_LINE_SIZE;
      |                    ^~~~~~~~~~~~~~~~~~~~~~
/Users/seungwon/STM32CubeN6/Drivers/CMSIS/Include/m-profile/armv7m_cachel1.h: In function 'SCB_CleanInvalidateDCache_by_Addr':
/Users/seungwon/STM32CubeN6/Drivers/CMSIS/Include/m-profile/armv7m_cachel1.h:420:32: warning: conversion to 'long unsigned int' from 'int32_t' {aka 'long int'} may change the sign of the result [-Wsign-conversion]
  420 |        int32_t op_size = dsize + (((uint32_t)addr) & (__SCB_DCACHE_LINE_SIZE - 1U));
      |                                ^
/Users/seungwon/STM32CubeN6/Drivers/CMSIS/Include/m-profile/armv7m_cachel1.h:420:26: warning: conversion to 'int32_t' {aka 'long int'} from 'long unsigned int' may change the sign of the result [-Wsign-conversion]
  420 |        int32_t op_size = dsize + (((uint32_t)addr) & (__SCB_DCACHE_LINE_SIZE - 1U));
      |                          ^~~~~
/Users/seungwon/STM32CubeN6/Drivers/CMSIS/Include/m-profile/armv7m_cachel1.h:428:17: warning: conversion to 'long unsigned int' from 'int32_t' {aka 'long int'} may change the sign of the result [-Wsign-conversion]
  428 |         op_size -=          __SCB_DCACHE_LINE_SIZE;
      |                 ^~
/Users/seungwon/STM32CubeN6/Drivers/CMSIS/Include/m-profile/armv7m_cachel1.h:44:33: warning: conversion to 'int32_t' {aka 'long int'} from 'long unsigned int' may change the sign of the result [-Wsign-conversion]
   44 | #define __SCB_DCACHE_LINE_SIZE  32U /*!< Cortex-M7 cache line size is fixed to 32 bytes (8 words). See also register SCB_CCSIDR */
      |                                 ^~~
/Users/seungwon/STM32CubeN6/Drivers/CMSIS/Include/m-profile/armv7m_cachel1.h:428:29: note: in expansion of macro '__SCB_DCACHE_LINE_SIZE'
  428 |         op_size -=          __SCB_DCACHE_LINE_SIZE;
      |                             ^~~~~~~~~~~~~~~~~~~~~~
/Users/seungwon/test/.tools/xpack-arm-none-eabi-gcc-15.2.1-1.1/bin/arm-none-eabi-gcc -DAIMER_MVE_BATCH  -DAIMER_PHASE_PROFILE -DPARAMS=128f -DAIMER_BACKEND=mve -DAIMER_MATVEC=compact -DAIMER_CONFIG=mve_compact -DBENCH_KERNEL_SAMPLES=31 -DBENCH_E2E_SAMPLES=7 -DBENCH_KERNEL_INNER=64 -DBENCH_WARMUP=1 -DPROFILE_SAMPLES=31 -DPROFILE_KERNEL_INNER=64 -DPROFILE_COMPLEX_INNER=8 -DUSE_HAL_DRIVER -DSTM32N657xx -Iinclude -I../src/sig/aimer/reference/aimer-128f -I../src -I/Users/seungwon/STM32CubeN6/Projects/NUCLEO-N657X0-Q/Templates/Template/FSBL/Inc -I/Users/seungwon/STM32CubeN6/Drivers/CMSIS/Include -I/Users/seungwon/STM32CubeN6/Drivers/CMSIS/Device/ST/STM32N6xx/Include -I/Users/seungwon/STM32CubeN6/Drivers/STM32N6xx_HAL_Driver/Inc -I/Users/seungwon/STM32CubeN6/Drivers/STM32N6xx_HAL_Driver/Inc/Legacy -O3 -std=c11 -fno-common -ffunction-sections -fdata-sections -fno-tree-vectorize -fno-tree-slp-vectorize -MMD -MP --specs=nosys.specs -Wall -Wextra -Wshadow -Wconversion -Wstrict-prototypes -mcpu=cortex-m55 -mthumb -mfloat-abi=hard -mcmse -fstack-usage -c /Users/seungwon/STM32CubeN6/Projects/NUCLEO-N657X0-Q/Templates/Template/FSBL/Src/system_stm32n6xx_fsbl.c -o build/full/128f/mve/profile/system_stm32n6xx_fsbl.c.o
In file included from /Users/seungwon/STM32CubeN6/Drivers/CMSIS/Include/core_cm55.h:4605,
                 from /Users/seungwon/STM32CubeN6/Drivers/CMSIS/Device/ST/STM32N6xx/Include/stm32n657xx.h:281,
                 from /Users/seungwon/STM32CubeN6/Drivers/CMSIS/Device/ST/STM32N6xx/Include/stm32n6xx.h:87,
                 from /Users/seungwon/STM32CubeN6/Projects/NUCLEO-N657X0-Q/Templates/Template/FSBL/Src/system_stm32n6xx_fsbl.c:55:
/Users/seungwon/STM32CubeN6/Drivers/CMSIS/Include/m-profile/armv7m_cachel1.h: In function 'SCB_InvalidateICache_by_Addr':
/Users/seungwon/STM32CubeN6/Drivers/CMSIS/Include/m-profile/armv7m_cachel1.h:117:32: warning: conversion to 'long unsigned int' from 'int32_t' {aka 'long int'} may change the sign of the result [-Wsign-conversion]
  117 |        int32_t op_size = isize + (((uint32_t)addr) & (__SCB_ICACHE_LINE_SIZE - 1U));
      |                                ^
/Users/seungwon/STM32CubeN6/Drivers/CMSIS/Include/m-profile/armv7m_cachel1.h:117:26: warning: conversion to 'int32_t' {aka 'long int'} from 'long unsigned int' may change the sign of the result [-Wsign-conversion]
  117 |        int32_t op_size = isize + (((uint32_t)addr) & (__SCB_ICACHE_LINE_SIZE - 1U));
      |                          ^~~~~
/Users/seungwon/STM32CubeN6/Drivers/CMSIS/Include/m-profile/armv7m_cachel1.h:125:17: warning: conversion to 'long unsigned int' from 'int32_t' {aka 'long int'} may change the sign of the result [-Wsign-conversion]
  125 |         op_size -= __SCB_ICACHE_LINE_SIZE;
      |                 ^~
/Users/seungwon/STM32CubeN6/Drivers/CMSIS/Include/m-profile/armv7m_cachel1.h:48:33: warning: conversion to 'int32_t' {aka 'long int'} from 'long unsigned int' may change the sign of the result [-Wsign-conversion]
   48 | #define __SCB_ICACHE_LINE_SIZE  32U /*!< Cortex-M7 cache line size is fixed to 32 bytes (8 words). See also register SCB_CCSIDR */
      |                                 ^~~
/Users/seungwon/STM32CubeN6/Drivers/CMSIS/Include/m-profile/armv7m_cachel1.h:125:20: note: in expansion of macro '__SCB_ICACHE_LINE_SIZE'
  125 |         op_size -= __SCB_ICACHE_LINE_SIZE;
      |                    ^~~~~~~~~~~~~~~~~~~~~~
/Users/seungwon/STM32CubeN6/Drivers/CMSIS/Include/m-profile/armv7m_cachel1.h: In function 'SCB_InvalidateDCache_by_Addr':
/Users/seungwon/STM32CubeN6/Drivers/CMSIS/Include/m-profile/armv7m_cachel1.h:360:32: warning: conversion to 'long unsigned int' from 'int32_t' {aka 'long int'} may change the sign of the result [-Wsign-conversion]
  360 |        int32_t op_size = dsize + (((uint32_t)addr) & (__SCB_DCACHE_LINE_SIZE - 1U));
      |                                ^
/Users/seungwon/STM32CubeN6/Drivers/CMSIS/Include/m-profile/armv7m_cachel1.h:360:26: warning: conversion to 'int32_t' {aka 'long int'} from 'long unsigned int' may change the sign of the result [-Wsign-conversion]
  360 |        int32_t op_size = dsize + (((uint32_t)addr) & (__SCB_DCACHE_LINE_SIZE - 1U));
      |                          ^~~~~
/Users/seungwon/STM32CubeN6/Drivers/CMSIS/Include/m-profile/armv7m_cachel1.h:368:17: warning: conversion to 'long unsigned int' from 'int32_t' {aka 'long int'} may change the sign of the result [-Wsign-conversion]
  368 |         op_size -= __SCB_DCACHE_LINE_SIZE;
      |                 ^~
/Users/seungwon/STM32CubeN6/Drivers/CMSIS/Include/m-profile/armv7m_cachel1.h:44:33: warning: conversion to 'int32_t' {aka 'long int'} from 'long unsigned int' may change the sign of the result [-Wsign-conversion]
   44 | #define __SCB_DCACHE_LINE_SIZE  32U /*!< Cortex-M7 cache line size is fixed to 32 bytes (8 words). See also register SCB_CCSIDR */
      |                                 ^~~
/Users/seungwon/STM32CubeN6/Drivers/CMSIS/Include/m-profile/armv7m_cachel1.h:368:20: note: in expansion of macro '__SCB_DCACHE_LINE_SIZE'
  368 |         op_size -= __SCB_DCACHE_LINE_SIZE;
      |                    ^~~~~~~~~~~~~~~~~~~~~~
/Users/seungwon/STM32CubeN6/Drivers/CMSIS/Include/m-profile/armv7m_cachel1.h: In function 'SCB_CleanDCache_by_Addr':
/Users/seungwon/STM32CubeN6/Drivers/CMSIS/Include/m-profile/armv7m_cachel1.h:390:32: warning: conversion to 'long unsigned int' from 'int32_t' {aka 'long int'} may change the sign of the result [-Wsign-conversion]
  390 |        int32_t op_size = dsize + (((uint32_t)addr) & (__SCB_DCACHE_LINE_SIZE - 1U));
      |                                ^
/Users/seungwon/STM32CubeN6/Drivers/CMSIS/Include/m-profile/armv7m_cachel1.h:390:26: warning: conversion to 'int32_t' {aka 'long int'} from 'long unsigned int' may change the sign of the result [-Wsign-conversion]
  390 |        int32_t op_size = dsize + (((uint32_t)addr) & (__SCB_DCACHE_LINE_SIZE - 1U));
      |                          ^~~~~
/Users/seungwon/STM32CubeN6/Drivers/CMSIS/Include/m-profile/armv7m_cachel1.h:398:17: warning: conversion to 'long unsigned int' from 'int32_t' {aka 'long int'} may change the sign of the result [-Wsign-conversion]
  398 |         op_size -= __SCB_DCACHE_LINE_SIZE;
      |                 ^~
/Users/seungwon/STM32CubeN6/Drivers/CMSIS/Include/m-profile/armv7m_cachel1.h:44:33: warning: conversion to 'int32_t' {aka 'long int'} from 'long unsigned int' may change the sign of the result [-Wsign-conversion]
   44 | #define __SCB_DCACHE_LINE_SIZE  32U /*!< Cortex-M7 cache line size is fixed to 32 bytes (8 words). See also register SCB_CCSIDR */
      |                                 ^~~
/Users/seungwon/STM32CubeN6/Drivers/CMSIS/Include/m-profile/armv7m_cachel1.h:398:20: note: in expansion of macro '__SCB_DCACHE_LINE_SIZE'
  398 |         op_size -= __SCB_DCACHE_LINE_SIZE;
      |                    ^~~~~~~~~~~~~~~~~~~~~~
/Users/seungwon/STM32CubeN6/Drivers/CMSIS/Include/m-profile/armv7m_cachel1.h: In function 'SCB_CleanInvalidateDCache_by_Addr':
/Users/seungwon/STM32CubeN6/Drivers/CMSIS/Include/m-profile/armv7m_cachel1.h:420:32: warning: conversion to 'long unsigned int' from 'int32_t' {aka 'long int'} may change the sign of the result [-Wsign-conversion]
  420 |        int32_t op_size = dsize + (((uint32_t)addr) & (__SCB_DCACHE_LINE_SIZE - 1U));
      |                                ^
/Users/seungwon/STM32CubeN6/Drivers/CMSIS/Include/m-profile/armv7m_cachel1.h:420:26: warning: conversion to 'int32_t' {aka 'long int'} from 'long unsigned int' may change the sign of the result [-Wsign-conversion]
  420 |        int32_t op_size = dsize + (((uint32_t)addr) & (__SCB_DCACHE_LINE_SIZE - 1U));
      |                          ^~~~~
/Users/seungwon/STM32CubeN6/Drivers/CMSIS/Include/m-profile/armv7m_cachel1.h:428:17: warning: conversion to 'long unsigned int' from 'int32_t' {aka 'long int'} may change the sign of the result [-Wsign-conversion]
  428 |         op_size -=          __SCB_DCACHE_LINE_SIZE;
      |                 ^~
/Users/seungwon/STM32CubeN6/Drivers/CMSIS/Include/m-profile/armv7m_cachel1.h:44:33: warning: conversion to 'int32_t' {aka 'long int'} from 'long unsigned int' may change the sign of the result [-Wsign-conversion]
   44 | #define __SCB_DCACHE_LINE_SIZE  32U /*!< Cortex-M7 cache line size is fixed to 32 bytes (8 words). See also register SCB_CCSIDR */
      |                                 ^~~
/Users/seungwon/STM32CubeN6/Drivers/CMSIS/Include/m-profile/armv7m_cachel1.h:428:29: note: in expansion of macro '__SCB_DCACHE_LINE_SIZE'
  428 |         op_size -=          __SCB_DCACHE_LINE_SIZE;
      |                             ^~~~~~~~~~~~~~~~~~~~~~
/Users/seungwon/test/.tools/xpack-arm-none-eabi-gcc-15.2.1-1.1/bin/arm-none-eabi-gcc -DAIMER_MVE_BATCH  -DAIMER_PHASE_PROFILE -DPARAMS=128f -DAIMER_BACKEND=mve -DAIMER_MATVEC=compact -DAIMER_CONFIG=mve_compact -DBENCH_KERNEL_SAMPLES=31 -DBENCH_E2E_SAMPLES=7 -DBENCH_KERNEL_INNER=64 -DBENCH_WARMUP=1 -DPROFILE_SAMPLES=31 -DPROFILE_KERNEL_INNER=64 -DPROFILE_COMPLEX_INNER=8 -DUSE_HAL_DRIVER -DSTM32N657xx -Iinclude -I../src/sig/aimer/reference/aimer-128f -I../src -I/Users/seungwon/STM32CubeN6/Projects/NUCLEO-N657X0-Q/Templates/Template/FSBL/Inc -I/Users/seungwon/STM32CubeN6/Drivers/CMSIS/Include -I/Users/seungwon/STM32CubeN6/Drivers/CMSIS/Device/ST/STM32N6xx/Include -I/Users/seungwon/STM32CubeN6/Drivers/STM32N6xx_HAL_Driver/Inc -I/Users/seungwon/STM32CubeN6/Drivers/STM32N6xx_HAL_Driver/Inc/Legacy -O3 -std=c11 -fno-common -ffunction-sections -fdata-sections -fno-tree-vectorize -fno-tree-slp-vectorize -MMD -MP --specs=nosys.specs -Wall -Wextra -Wshadow -Wconversion -Wstrict-prototypes -mcpu=cortex-m55 -mthumb -mfloat-abi=hard -mcmse -fstack-usage -c /Users/seungwon/STM32CubeN6/Drivers/STM32N6xx_HAL_Driver/Src/stm32n6xx_hal.c -o build/full/128f/mve/profile/stm32n6xx_hal.c.o
In file included from /Users/seungwon/STM32CubeN6/Drivers/CMSIS/Include/core_cm55.h:4605,
                 from /Users/seungwon/STM32CubeN6/Drivers/CMSIS/Device/ST/STM32N6xx/Include/stm32n657xx.h:281,
                 from /Users/seungwon/STM32CubeN6/Drivers/CMSIS/Device/ST/STM32N6xx/Include/stm32n6xx.h:87,
                 from /Users/seungwon/STM32CubeN6/Drivers/STM32N6xx_HAL_Driver/Inc/stm32n6xx_hal_def.h:33,
                 from /Users/seungwon/STM32CubeN6/Drivers/STM32N6xx_HAL_Driver/Inc/stm32n6xx_hal_rcc.h:28,
                 from /Users/seungwon/STM32CubeN6/Projects/NUCLEO-N657X0-Q/Templates/Template/FSBL/Inc/stm32n6xx_hal_conf.h:253,
                 from /Users/seungwon/STM32CubeN6/Drivers/STM32N6xx_HAL_Driver/Inc/stm32n6xx_hal.h:29,
                 from /Users/seungwon/STM32CubeN6/Drivers/STM32N6xx_HAL_Driver/Src/stm32n6xx_hal.c:45:
/Users/seungwon/STM32CubeN6/Drivers/CMSIS/Include/m-profile/armv7m_cachel1.h: In function 'SCB_InvalidateICache_by_Addr':
/Users/seungwon/STM32CubeN6/Drivers/CMSIS/Include/m-profile/armv7m_cachel1.h:117:32: warning: conversion to 'long unsigned int' from 'int32_t' {aka 'long int'} may change the sign of the result [-Wsign-conversion]
  117 |        int32_t op_size = isize + (((uint32_t)addr) & (__SCB_ICACHE_LINE_SIZE - 1U));
      |                                ^
/Users/seungwon/STM32CubeN6/Drivers/CMSIS/Include/m-profile/armv7m_cachel1.h:117:26: warning: conversion to 'int32_t' {aka 'long int'} from 'long unsigned int' may change the sign of the result [-Wsign-conversion]
  117 |        int32_t op_size = isize + (((uint32_t)addr) & (__SCB_ICACHE_LINE_SIZE - 1U));
      |                          ^~~~~
/Users/seungwon/STM32CubeN6/Drivers/CMSIS/Include/m-profile/armv7m_cachel1.h:125:17: warning: conversion to 'long unsigned int' from 'int32_t' {aka 'long int'} may change the sign of the result [-Wsign-conversion]
  125 |         op_size -= __SCB_ICACHE_LINE_SIZE;
      |                 ^~
/Users/seungwon/STM32CubeN6/Drivers/CMSIS/Include/m-profile/armv7m_cachel1.h:48:33: warning: conversion to 'int32_t' {aka 'long int'} from 'long unsigned int' may change the sign of the result [-Wsign-conversion]
   48 | #define __SCB_ICACHE_LINE_SIZE  32U /*!< Cortex-M7 cache line size is fixed to 32 bytes (8 words). See also register SCB_CCSIDR */
      |                                 ^~~
/Users/seungwon/STM32CubeN6/Drivers/CMSIS/Include/m-profile/armv7m_cachel1.h:125:20: note: in expansion of macro '__SCB_ICACHE_LINE_SIZE'
  125 |         op_size -= __SCB_ICACHE_LINE_SIZE;
      |                    ^~~~~~~~~~~~~~~~~~~~~~
/Users/seungwon/STM32CubeN6/Drivers/CMSIS/Include/m-profile/armv7m_cachel1.h: In function 'SCB_InvalidateDCache_by_Addr':
/Users/seungwon/STM32CubeN6/Drivers/CMSIS/Include/m-profile/armv7m_cachel1.h:360:32: warning: conversion to 'long unsigned int' from 'int32_t' {aka 'long int'} may change the sign of the result [-Wsign-conversion]
  360 |        int32_t op_size = dsize + (((uint32_t)addr) & (__SCB_DCACHE_LINE_SIZE - 1U));
      |                                ^
/Users/seungwon/STM32CubeN6/Drivers/CMSIS/Include/m-profile/armv7m_cachel1.h:360:26: warning: conversion to 'int32_t' {aka 'long int'} from 'long unsigned int' may change the sign of the result [-Wsign-conversion]
  360 |        int32_t op_size = dsize + (((uint32_t)addr) & (__SCB_DCACHE_LINE_SIZE - 1U));
      |                          ^~~~~
/Users/seungwon/STM32CubeN6/Drivers/CMSIS/Include/m-profile/armv7m_cachel1.h:368:17: warning: conversion to 'long unsigned int' from 'int32_t' {aka 'long int'} may change the sign of the result [-Wsign-conversion]
  368 |         op_size -= __SCB_DCACHE_LINE_SIZE;
      |                 ^~
/Users/seungwon/STM32CubeN6/Drivers/CMSIS/Include/m-profile/armv7m_cachel1.h:44:33: warning: conversion to 'int32_t' {aka 'long int'} from 'long unsigned int' may change the sign of the result [-Wsign-conversion]
   44 | #define __SCB_DCACHE_LINE_SIZE  32U /*!< Cortex-M7 cache line size is fixed to 32 bytes (8 words). See also register SCB_CCSIDR */
      |                                 ^~~
/Users/seungwon/STM32CubeN6/Drivers/CMSIS/Include/m-profile/armv7m_cachel1.h:368:20: note: in expansion of macro '__SCB_DCACHE_LINE_SIZE'
  368 |         op_size -= __SCB_DCACHE_LINE_SIZE;
      |                    ^~~~~~~~~~~~~~~~~~~~~~
/Users/seungwon/STM32CubeN6/Drivers/CMSIS/Include/m-profile/armv7m_cachel1.h: In function 'SCB_CleanDCache_by_Addr':
/Users/seungwon/STM32CubeN6/Drivers/CMSIS/Include/m-profile/armv7m_cachel1.h:390:32: warning: conversion to 'long unsigned int' from 'int32_t' {aka 'long int'} may change the sign of the result [-Wsign-conversion]
  390 |        int32_t op_size = dsize + (((uint32_t)addr) & (__SCB_DCACHE_LINE_SIZE - 1U));
      |                                ^
/Users/seungwon/STM32CubeN6/Drivers/CMSIS/Include/m-profile/armv7m_cachel1.h:390:26: warning: conversion to 'int32_t' {aka 'long int'} from 'long unsigned int' may change the sign of the result [-Wsign-conversion]
  390 |        int32_t op_size = dsize + (((uint32_t)addr) & (__SCB_DCACHE_LINE_SIZE - 1U));
      |                          ^~~~~
/Users/seungwon/STM32CubeN6/Drivers/CMSIS/Include/m-profile/armv7m_cachel1.h:398:17: warning: conversion to 'long unsigned int' from 'int32_t' {aka 'long int'} may change the sign of the result [-Wsign-conversion]
  398 |         op_size -= __SCB_DCACHE_LINE_SIZE;
      |                 ^~
/Users/seungwon/STM32CubeN6/Drivers/CMSIS/Include/m-profile/armv7m_cachel1.h:44:33: warning: conversion to 'int32_t' {aka 'long int'} from 'long unsigned int' may change the sign of the result [-Wsign-conversion]
   44 | #define __SCB_DCACHE_LINE_SIZE  32U /*!< Cortex-M7 cache line size is fixed to 32 bytes (8 words). See also register SCB_CCSIDR */
      |                                 ^~~
/Users/seungwon/STM32CubeN6/Drivers/CMSIS/Include/m-profile/armv7m_cachel1.h:398:20: note: in expansion of macro '__SCB_DCACHE_LINE_SIZE'
  398 |         op_size -= __SCB_DCACHE_LINE_SIZE;
      |                    ^~~~~~~~~~~~~~~~~~~~~~
/Users/seungwon/STM32CubeN6/Drivers/CMSIS/Include/m-profile/armv7m_cachel1.h: In function 'SCB_CleanInvalidateDCache_by_Addr':
/Users/seungwon/STM32CubeN6/Drivers/CMSIS/Include/m-profile/armv7m_cachel1.h:420:32: warning: conversion to 'long unsigned int' from 'int32_t' {aka 'long int'} may change the sign of the result [-Wsign-conversion]
  420 |        int32_t op_size = dsize + (((uint32_t)addr) & (__SCB_DCACHE_LINE_SIZE - 1U));
      |                                ^
/Users/seungwon/STM32CubeN6/Drivers/CMSIS/Include/m-profile/armv7m_cachel1.h:420:26: warning: conversion to 'int32_t' {aka 'long int'} from 'long unsigned int' may change the sign of the result [-Wsign-conversion]
  420 |        int32_t op_size = dsize + (((uint32_t)addr) & (__SCB_DCACHE_LINE_SIZE - 1U));
      |                          ^~~~~
/Users/seungwon/STM32CubeN6/Drivers/CMSIS/Include/m-profile/armv7m_cachel1.h:428:17: warning: conversion to 'long unsigned int' from 'int32_t' {aka 'long int'} may change the sign of the result [-Wsign-conversion]
  428 |         op_size -=          __SCB_DCACHE_LINE_SIZE;
      |                 ^~
/Users/seungwon/STM32CubeN6/Drivers/CMSIS/Include/m-profile/armv7m_cachel1.h:44:33: warning: conversion to 'int32_t' {aka 'long int'} from 'long unsigned int' may change the sign of the result [-Wsign-conversion]
   44 | #define __SCB_DCACHE_LINE_SIZE  32U /*!< Cortex-M7 cache line size is fixed to 32 bytes (8 words). See also register SCB_CCSIDR */
      |                                 ^~~
/Users/seungwon/STM32CubeN6/Drivers/CMSIS/Include/m-profile/armv7m_cachel1.h:428:29: note: in expansion of macro '__SCB_DCACHE_LINE_SIZE'
  428 |         op_size -=          __SCB_DCACHE_LINE_SIZE;
      |                             ^~~~~~~~~~~~~~~~~~~~~~
/Users/seungwon/test/.tools/xpack-arm-none-eabi-gcc-15.2.1-1.1/bin/arm-none-eabi-gcc -DAIMER_MVE_BATCH  -DAIMER_PHASE_PROFILE -DPARAMS=128f -DAIMER_BACKEND=mve -DAIMER_MATVEC=compact -DAIMER_CONFIG=mve_compact -DBENCH_KERNEL_SAMPLES=31 -DBENCH_E2E_SAMPLES=7 -DBENCH_KERNEL_INNER=64 -DBENCH_WARMUP=1 -DPROFILE_SAMPLES=31 -DPROFILE_KERNEL_INNER=64 -DPROFILE_COMPLEX_INNER=8 -DUSE_HAL_DRIVER -DSTM32N657xx -Iinclude -I../src/sig/aimer/reference/aimer-128f -I../src -I/Users/seungwon/STM32CubeN6/Projects/NUCLEO-N657X0-Q/Templates/Template/FSBL/Inc -I/Users/seungwon/STM32CubeN6/Drivers/CMSIS/Include -I/Users/seungwon/STM32CubeN6/Drivers/CMSIS/Device/ST/STM32N6xx/Include -I/Users/seungwon/STM32CubeN6/Drivers/STM32N6xx_HAL_Driver/Inc -I/Users/seungwon/STM32CubeN6/Drivers/STM32N6xx_HAL_Driver/Inc/Legacy -O3 -std=c11 -fno-common -ffunction-sections -fdata-sections -fno-tree-vectorize -fno-tree-slp-vectorize -MMD -MP --specs=nosys.specs -Wall -Wextra -Wshadow -Wconversion -Wstrict-prototypes -mcpu=cortex-m55 -mthumb -mfloat-abi=hard -mcmse -fstack-usage -c /Users/seungwon/STM32CubeN6/Drivers/STM32N6xx_HAL_Driver/Src/stm32n6xx_hal_cortex.c -o build/full/128f/mve/profile/stm32n6xx_hal_cortex.c.o
In file included from /Users/seungwon/STM32CubeN6/Drivers/CMSIS/Include/core_cm55.h:4605,
                 from /Users/seungwon/STM32CubeN6/Drivers/CMSIS/Device/ST/STM32N6xx/Include/stm32n657xx.h:281,
                 from /Users/seungwon/STM32CubeN6/Drivers/CMSIS/Device/ST/STM32N6xx/Include/stm32n6xx.h:87,
                 from /Users/seungwon/STM32CubeN6/Drivers/STM32N6xx_HAL_Driver/Inc/stm32n6xx_hal_def.h:33,
                 from /Users/seungwon/STM32CubeN6/Drivers/STM32N6xx_HAL_Driver/Inc/stm32n6xx_hal_rcc.h:28,
                 from /Users/seungwon/STM32CubeN6/Projects/NUCLEO-N657X0-Q/Templates/Template/FSBL/Inc/stm32n6xx_hal_conf.h:253,
                 from /Users/seungwon/STM32CubeN6/Drivers/STM32N6xx_HAL_Driver/Inc/stm32n6xx_hal.h:29,
                 from /Users/seungwon/STM32CubeN6/Drivers/STM32N6xx_HAL_Driver/Src/stm32n6xx_hal_cortex.c:158:
/Users/seungwon/STM32CubeN6/Drivers/CMSIS/Include/m-profile/armv7m_cachel1.h: In function 'SCB_InvalidateICache_by_Addr':
/Users/seungwon/STM32CubeN6/Drivers/CMSIS/Include/m-profile/armv7m_cachel1.h:117:32: warning: conversion to 'long unsigned int' from 'int32_t' {aka 'long int'} may change the sign of the result [-Wsign-conversion]
  117 |        int32_t op_size = isize + (((uint32_t)addr) & (__SCB_ICACHE_LINE_SIZE - 1U));
      |                                ^
/Users/seungwon/STM32CubeN6/Drivers/CMSIS/Include/m-profile/armv7m_cachel1.h:117:26: warning: conversion to 'int32_t' {aka 'long int'} from 'long unsigned int' may change the sign of the result [-Wsign-conversion]
  117 |        int32_t op_size = isize + (((uint32_t)addr) & (__SCB_ICACHE_LINE_SIZE - 1U));
      |                          ^~~~~
/Users/seungwon/STM32CubeN6/Drivers/CMSIS/Include/m-profile/armv7m_cachel1.h:125:17: warning: conversion to 'long unsigned int' from 'int32_t' {aka 'long int'} may change the sign of the result [-Wsign-conversion]
  125 |         op_size -= __SCB_ICACHE_LINE_SIZE;
      |                 ^~
/Users/seungwon/STM32CubeN6/Drivers/CMSIS/Include/m-profile/armv7m_cachel1.h:48:33: warning: conversion to 'int32_t' {aka 'long int'} from 'long unsigned int' may change the sign of the result [-Wsign-conversion]
   48 | #define __SCB_ICACHE_LINE_SIZE  32U /*!< Cortex-M7 cache line size is fixed to 32 bytes (8 words). See also register SCB_CCSIDR */
      |                                 ^~~
/Users/seungwon/STM32CubeN6/Drivers/CMSIS/Include/m-profile/armv7m_cachel1.h:125:20: note: in expansion of macro '__SCB_ICACHE_LINE_SIZE'
  125 |         op_size -= __SCB_ICACHE_LINE_SIZE;
      |                    ^~~~~~~~~~~~~~~~~~~~~~
/Users/seungwon/STM32CubeN6/Drivers/CMSIS/Include/m-profile/armv7m_cachel1.h: In function 'SCB_InvalidateDCache_by_Addr':
/Users/seungwon/STM32CubeN6/Drivers/CMSIS/Include/m-profile/armv7m_cachel1.h:360:32: warning: conversion to 'long unsigned int' from 'int32_t' {aka 'long int'} may change the sign of the result [-Wsign-conversion]
  360 |        int32_t op_size = dsize + (((uint32_t)addr) & (__SCB_DCACHE_LINE_SIZE - 1U));
      |                                ^
/Users/seungwon/STM32CubeN6/Drivers/CMSIS/Include/m-profile/armv7m_cachel1.h:360:26: warning: conversion to 'int32_t' {aka 'long int'} from 'long unsigned int' may change the sign of the result [-Wsign-conversion]
  360 |        int32_t op_size = dsize + (((uint32_t)addr) & (__SCB_DCACHE_LINE_SIZE - 1U));
      |                          ^~~~~
/Users/seungwon/STM32CubeN6/Drivers/CMSIS/Include/m-profile/armv7m_cachel1.h:368:17: warning: conversion to 'long unsigned int' from 'int32_t' {aka 'long int'} may change the sign of the result [-Wsign-conversion]
  368 |         op_size -= __SCB_DCACHE_LINE_SIZE;
      |                 ^~
/Users/seungwon/STM32CubeN6/Drivers/CMSIS/Include/m-profile/armv7m_cachel1.h:44:33: warning: conversion to 'int32_t' {aka 'long int'} from 'long unsigned int' may change the sign of the result [-Wsign-conversion]
   44 | #define __SCB_DCACHE_LINE_SIZE  32U /*!< Cortex-M7 cache line size is fixed to 32 bytes (8 words). See also register SCB_CCSIDR */
      |                                 ^~~
/Users/seungwon/STM32CubeN6/Drivers/CMSIS/Include/m-profile/armv7m_cachel1.h:368:20: note: in expansion of macro '__SCB_DCACHE_LINE_SIZE'
  368 |         op_size -= __SCB_DCACHE_LINE_SIZE;
      |                    ^~~~~~~~~~~~~~~~~~~~~~
/Users/seungwon/STM32CubeN6/Drivers/CMSIS/Include/m-profile/armv7m_cachel1.h: In function 'SCB_CleanDCache_by_Addr':
/Users/seungwon/STM32CubeN6/Drivers/CMSIS/Include/m-profile/armv7m_cachel1.h:390:32: warning: conversion to 'long unsigned int' from 'int32_t' {aka 'long int'} may change the sign of the result [-Wsign-conversion]
  390 |        int32_t op_size = dsize + (((uint32_t)addr) & (__SCB_DCACHE_LINE_SIZE - 1U));
      |                                ^
/Users/seungwon/STM32CubeN6/Drivers/CMSIS/Include/m-profile/armv7m_cachel1.h:390:26: warning: conversion to 'int32_t' {aka 'long int'} from 'long unsigned int' may change the sign of the result [-Wsign-conversion]
  390 |        int32_t op_size = dsize + (((uint32_t)addr) & (__SCB_DCACHE_LINE_SIZE - 1U));
      |                          ^~~~~
/Users/seungwon/STM32CubeN6/Drivers/CMSIS/Include/m-profile/armv7m_cachel1.h:398:17: warning: conversion to 'long unsigned int' from 'int32_t' {aka 'long int'} may change the sign of the result [-Wsign-conversion]
  398 |         op_size -= __SCB_DCACHE_LINE_SIZE;
      |                 ^~
/Users/seungwon/STM32CubeN6/Drivers/CMSIS/Include/m-profile/armv7m_cachel1.h:44:33: warning: conversion to 'int32_t' {aka 'long int'} from 'long unsigned int' may change the sign of the result [-Wsign-conversion]
   44 | #define __SCB_DCACHE_LINE_SIZE  32U /*!< Cortex-M7 cache line size is fixed to 32 bytes (8 words). See also register SCB_CCSIDR */
      |                                 ^~~
/Users/seungwon/STM32CubeN6/Drivers/CMSIS/Include/m-profile/armv7m_cachel1.h:398:20: note: in expansion of macro '__SCB_DCACHE_LINE_SIZE'
  398 |         op_size -= __SCB_DCACHE_LINE_SIZE;
      |                    ^~~~~~~~~~~~~~~~~~~~~~
/Users/seungwon/STM32CubeN6/Drivers/CMSIS/Include/m-profile/armv7m_cachel1.h: In function 'SCB_CleanInvalidateDCache_by_Addr':
/Users/seungwon/STM32CubeN6/Drivers/CMSIS/Include/m-profile/armv7m_cachel1.h:420:32: warning: conversion to 'long unsigned int' from 'int32_t' {aka 'long int'} may change the sign of the result [-Wsign-conversion]
  420 |        int32_t op_size = dsize + (((uint32_t)addr) & (__SCB_DCACHE_LINE_SIZE - 1U));
      |                                ^
/Users/seungwon/STM32CubeN6/Drivers/CMSIS/Include/m-profile/armv7m_cachel1.h:420:26: warning: conversion to 'int32_t' {aka 'long int'} from 'long unsigned int' may change the sign of the result [-Wsign-conversion]
  420 |        int32_t op_size = dsize + (((uint32_t)addr) & (__SCB_DCACHE_LINE_SIZE - 1U));
      |                          ^~~~~
/Users/seungwon/STM32CubeN6/Drivers/CMSIS/Include/m-profile/armv7m_cachel1.h:428:17: warning: conversion to 'long unsigned int' from 'int32_t' {aka 'long int'} may change the sign of the result [-Wsign-conversion]
  428 |         op_size -=          __SCB_DCACHE_LINE_SIZE;
      |                 ^~
/Users/seungwon/STM32CubeN6/Drivers/CMSIS/Include/m-profile/armv7m_cachel1.h:44:33: warning: conversion to 'int32_t' {aka 'long int'} from 'long unsigned int' may change the sign of the result [-Wsign-conversion]
   44 | #define __SCB_DCACHE_LINE_SIZE  32U /*!< Cortex-M7 cache line size is fixed to 32 bytes (8 words). See also register SCB_CCSIDR */
      |                                 ^~~
/Users/seungwon/STM32CubeN6/Drivers/CMSIS/Include/m-profile/armv7m_cachel1.h:428:29: note: in expansion of macro '__SCB_DCACHE_LINE_SIZE'
  428 |         op_size -=          __SCB_DCACHE_LINE_SIZE;
      |                             ^~~~~~~~~~~~~~~~~~~~~~
/Users/seungwon/test/.tools/xpack-arm-none-eabi-gcc-15.2.1-1.1/bin/arm-none-eabi-gcc -DAIMER_MVE_BATCH  -DAIMER_PHASE_PROFILE -DPARAMS=128f -DAIMER_BACKEND=mve -DAIMER_MATVEC=compact -DAIMER_CONFIG=mve_compact -DBENCH_KERNEL_SAMPLES=31 -DBENCH_E2E_SAMPLES=7 -DBENCH_KERNEL_INNER=64 -DBENCH_WARMUP=1 -DPROFILE_SAMPLES=31 -DPROFILE_KERNEL_INNER=64 -DPROFILE_COMPLEX_INNER=8 -DUSE_HAL_DRIVER -DSTM32N657xx -Iinclude -I../src/sig/aimer/reference/aimer-128f -I../src -I/Users/seungwon/STM32CubeN6/Projects/NUCLEO-N657X0-Q/Templates/Template/FSBL/Inc -I/Users/seungwon/STM32CubeN6/Drivers/CMSIS/Include -I/Users/seungwon/STM32CubeN6/Drivers/CMSIS/Device/ST/STM32N6xx/Include -I/Users/seungwon/STM32CubeN6/Drivers/STM32N6xx_HAL_Driver/Inc -I/Users/seungwon/STM32CubeN6/Drivers/STM32N6xx_HAL_Driver/Inc/Legacy -O3 -std=c11 -fno-common -ffunction-sections -fdata-sections -fno-tree-vectorize -fno-tree-slp-vectorize -MMD -MP --specs=nosys.specs -Wall -Wextra -Wshadow -Wconversion -Wstrict-prototypes -mcpu=cortex-m55 -mthumb -mfloat-abi=hard -mcmse -fstack-usage -c /Users/seungwon/STM32CubeN6/Drivers/STM32N6xx_HAL_Driver/Src/stm32n6xx_hal_pwr.c -o build/full/128f/mve/profile/stm32n6xx_hal_pwr.c.o
In file included from /Users/seungwon/STM32CubeN6/Drivers/CMSIS/Include/core_cm55.h:4605,
                 from /Users/seungwon/STM32CubeN6/Drivers/CMSIS/Device/ST/STM32N6xx/Include/stm32n657xx.h:281,
                 from /Users/seungwon/STM32CubeN6/Drivers/CMSIS/Device/ST/STM32N6xx/Include/stm32n6xx.h:87,
                 from /Users/seungwon/STM32CubeN6/Drivers/STM32N6xx_HAL_Driver/Inc/stm32n6xx_hal_def.h:33,
                 from /Users/seungwon/STM32CubeN6/Drivers/STM32N6xx_HAL_Driver/Inc/stm32n6xx_hal_rcc.h:28,
                 from /Users/seungwon/STM32CubeN6/Projects/NUCLEO-N657X0-Q/Templates/Template/FSBL/Inc/stm32n6xx_hal_conf.h:253,
                 from /Users/seungwon/STM32CubeN6/Drivers/STM32N6xx_HAL_Driver/Inc/stm32n6xx_hal.h:29,
                 from /Users/seungwon/STM32CubeN6/Drivers/STM32N6xx_HAL_Driver/Src/stm32n6xx_hal_pwr.c:107:
/Users/seungwon/STM32CubeN6/Drivers/CMSIS/Include/m-profile/armv7m_cachel1.h: In function 'SCB_InvalidateICache_by_Addr':
/Users/seungwon/STM32CubeN6/Drivers/CMSIS/Include/m-profile/armv7m_cachel1.h:117:32: warning: conversion to 'long unsigned int' from 'int32_t' {aka 'long int'} may change the sign of the result [-Wsign-conversion]
  117 |        int32_t op_size = isize + (((uint32_t)addr) & (__SCB_ICACHE_LINE_SIZE - 1U));
      |                                ^
/Users/seungwon/STM32CubeN6/Drivers/CMSIS/Include/m-profile/armv7m_cachel1.h:117:26: warning: conversion to 'int32_t' {aka 'long int'} from 'long unsigned int' may change the sign of the result [-Wsign-conversion]
  117 |        int32_t op_size = isize + (((uint32_t)addr) & (__SCB_ICACHE_LINE_SIZE - 1U));
      |                          ^~~~~
/Users/seungwon/STM32CubeN6/Drivers/CMSIS/Include/m-profile/armv7m_cachel1.h:125:17: warning: conversion to 'long unsigned int' from 'int32_t' {aka 'long int'} may change the sign of the result [-Wsign-conversion]
  125 |         op_size -= __SCB_ICACHE_LINE_SIZE;
      |                 ^~
/Users/seungwon/STM32CubeN6/Drivers/CMSIS/Include/m-profile/armv7m_cachel1.h:48:33: warning: conversion to 'int32_t' {aka 'long int'} from 'long unsigned int' may change the sign of the result [-Wsign-conversion]
   48 | #define __SCB_ICACHE_LINE_SIZE  32U /*!< Cortex-M7 cache line size is fixed to 32 bytes (8 words). See also register SCB_CCSIDR */
      |                                 ^~~
/Users/seungwon/STM32CubeN6/Drivers/CMSIS/Include/m-profile/armv7m_cachel1.h:125:20: note: in expansion of macro '__SCB_ICACHE_LINE_SIZE'
  125 |         op_size -= __SCB_ICACHE_LINE_SIZE;
      |                    ^~~~~~~~~~~~~~~~~~~~~~
/Users/seungwon/STM32CubeN6/Drivers/CMSIS/Include/m-profile/armv7m_cachel1.h: In function 'SCB_InvalidateDCache_by_Addr':
/Users/seungwon/STM32CubeN6/Drivers/CMSIS/Include/m-profile/armv7m_cachel1.h:360:32: warning: conversion to 'long unsigned int' from 'int32_t' {aka 'long int'} may change the sign of the result [-Wsign-conversion]
  360 |        int32_t op_size = dsize + (((uint32_t)addr) & (__SCB_DCACHE_LINE_SIZE - 1U));
      |                                ^
/Users/seungwon/STM32CubeN6/Drivers/CMSIS/Include/m-profile/armv7m_cachel1.h:360:26: warning: conversion to 'int32_t' {aka 'long int'} from 'long unsigned int' may change the sign of the result [-Wsign-conversion]
  360 |        int32_t op_size = dsize + (((uint32_t)addr) & (__SCB_DCACHE_LINE_SIZE - 1U));
      |                          ^~~~~
/Users/seungwon/STM32CubeN6/Drivers/CMSIS/Include/m-profile/armv7m_cachel1.h:368:17: warning: conversion to 'long unsigned int' from 'int32_t' {aka 'long int'} may change the sign of the result [-Wsign-conversion]
  368 |         op_size -= __SCB_DCACHE_LINE_SIZE;
      |                 ^~
/Users/seungwon/STM32CubeN6/Drivers/CMSIS/Include/m-profile/armv7m_cachel1.h:44:33: warning: conversion to 'int32_t' {aka 'long int'} from 'long unsigned int' may change the sign of the result [-Wsign-conversion]
   44 | #define __SCB_DCACHE_LINE_SIZE  32U /*!< Cortex-M7 cache line size is fixed to 32 bytes (8 words). See also register SCB_CCSIDR */
      |                                 ^~~
/Users/seungwon/STM32CubeN6/Drivers/CMSIS/Include/m-profile/armv7m_cachel1.h:368:20: note: in expansion of macro '__SCB_DCACHE_LINE_SIZE'
  368 |         op_size -= __SCB_DCACHE_LINE_SIZE;
      |                    ^~~~~~~~~~~~~~~~~~~~~~
/Users/seungwon/STM32CubeN6/Drivers/CMSIS/Include/m-profile/armv7m_cachel1.h: In function 'SCB_CleanDCache_by_Addr':
/Users/seungwon/STM32CubeN6/Drivers/CMSIS/Include/m-profile/armv7m_cachel1.h:390:32: warning: conversion to 'long unsigned int' from 'int32_t' {aka 'long int'} may change the sign of the result [-Wsign-conversion]
  390 |        int32_t op_size = dsize + (((uint32_t)addr) & (__SCB_DCACHE_LINE_SIZE - 1U));
      |                                ^
/Users/seungwon/STM32CubeN6/Drivers/CMSIS/Include/m-profile/armv7m_cachel1.h:390:26: warning: conversion to 'int32_t' {aka 'long int'} from 'long unsigned int' may change the sign of the result [-Wsign-conversion]
  390 |        int32_t op_size = dsize + (((uint32_t)addr) & (__SCB_DCACHE_LINE_SIZE - 1U));
      |                          ^~~~~
/Users/seungwon/STM32CubeN6/Drivers/CMSIS/Include/m-profile/armv7m_cachel1.h:398:17: warning: conversion to 'long unsigned int' from 'int32_t' {aka 'long int'} may change the sign of the result [-Wsign-conversion]
  398 |         op_size -= __SCB_DCACHE_LINE_SIZE;
      |                 ^~
/Users/seungwon/STM32CubeN6/Drivers/CMSIS/Include/m-profile/armv7m_cachel1.h:44:33: warning: conversion to 'int32_t' {aka 'long int'} from 'long unsigned int' may change the sign of the result [-Wsign-conversion]
   44 | #define __SCB_DCACHE_LINE_SIZE  32U /*!< Cortex-M7 cache line size is fixed to 32 bytes (8 words). See also register SCB_CCSIDR */
      |                                 ^~~
/Users/seungwon/STM32CubeN6/Drivers/CMSIS/Include/m-profile/armv7m_cachel1.h:398:20: note: in expansion of macro '__SCB_DCACHE_LINE_SIZE'
  398 |         op_size -= __SCB_DCACHE_LINE_SIZE;
      |                    ^~~~~~~~~~~~~~~~~~~~~~
/Users/seungwon/STM32CubeN6/Drivers/CMSIS/Include/m-profile/armv7m_cachel1.h: In function 'SCB_CleanInvalidateDCache_by_Addr':
/Users/seungwon/STM32CubeN6/Drivers/CMSIS/Include/m-profile/armv7m_cachel1.h:420:32: warning: conversion to 'long unsigned int' from 'int32_t' {aka 'long int'} may change the sign of the result [-Wsign-conversion]
  420 |        int32_t op_size = dsize + (((uint32_t)addr) & (__SCB_DCACHE_LINE_SIZE - 1U));
      |                                ^
/Users/seungwon/STM32CubeN6/Drivers/CMSIS/Include/m-profile/armv7m_cachel1.h:420:26: warning: conversion to 'int32_t' {aka 'long int'} from 'long unsigned int' may change the sign of the result [-Wsign-conversion]
  420 |        int32_t op_size = dsize + (((uint32_t)addr) & (__SCB_DCACHE_LINE_SIZE - 1U));
      |                          ^~~~~
/Users/seungwon/STM32CubeN6/Drivers/CMSIS/Include/m-profile/armv7m_cachel1.h:428:17: warning: conversion to 'long unsigned int' from 'int32_t' {aka 'long int'} may change the sign of the result [-Wsign-conversion]
  428 |         op_size -=          __SCB_DCACHE_LINE_SIZE;
      |                 ^~
/Users/seungwon/STM32CubeN6/Drivers/CMSIS/Include/m-profile/armv7m_cachel1.h:44:33: warning: conversion to 'int32_t' {aka 'long int'} from 'long unsigned int' may change the sign of the result [-Wsign-conversion]
   44 | #define __SCB_DCACHE_LINE_SIZE  32U /*!< Cortex-M7 cache line size is fixed to 32 bytes (8 words). See also register SCB_CCSIDR */
      |                                 ^~~
/Users/seungwon/STM32CubeN6/Drivers/CMSIS/Include/m-profile/armv7m_cachel1.h:428:29: note: in expansion of macro '__SCB_DCACHE_LINE_SIZE'
  428 |         op_size -=          __SCB_DCACHE_LINE_SIZE;
      |                             ^~~~~~~~~~~~~~~~~~~~~~
/Users/seungwon/test/.tools/xpack-arm-none-eabi-gcc-15.2.1-1.1/bin/arm-none-eabi-gcc -DAIMER_MVE_BATCH  -DAIMER_PHASE_PROFILE -DPARAMS=128f -DAIMER_BACKEND=mve -DAIMER_MATVEC=compact -DAIMER_CONFIG=mve_compact -DBENCH_KERNEL_SAMPLES=31 -DBENCH_E2E_SAMPLES=7 -DBENCH_KERNEL_INNER=64 -DBENCH_WARMUP=1 -DPROFILE_SAMPLES=31 -DPROFILE_KERNEL_INNER=64 -DPROFILE_COMPLEX_INNER=8 -DUSE_HAL_DRIVER -DSTM32N657xx -Iinclude -I../src/sig/aimer/reference/aimer-128f -I../src -I/Users/seungwon/STM32CubeN6/Projects/NUCLEO-N657X0-Q/Templates/Template/FSBL/Inc -I/Users/seungwon/STM32CubeN6/Drivers/CMSIS/Include -I/Users/seungwon/STM32CubeN6/Drivers/CMSIS/Device/ST/STM32N6xx/Include -I/Users/seungwon/STM32CubeN6/Drivers/STM32N6xx_HAL_Driver/Inc -I/Users/seungwon/STM32CubeN6/Drivers/STM32N6xx_HAL_Driver/Inc/Legacy -O3 -std=c11 -fno-common -ffunction-sections -fdata-sections -fno-tree-vectorize -fno-tree-slp-vectorize -MMD -MP --specs=nosys.specs -Wall -Wextra -Wshadow -Wconversion -Wstrict-prototypes -mcpu=cortex-m55 -mthumb -mfloat-abi=hard -mcmse -fstack-usage -c /Users/seungwon/STM32CubeN6/Drivers/STM32N6xx_HAL_Driver/Src/stm32n6xx_hal_pwr_ex.c -o build/full/128f/mve/profile/stm32n6xx_hal_pwr_ex.c.o
In file included from /Users/seungwon/STM32CubeN6/Drivers/CMSIS/Include/core_cm55.h:4605,
                 from /Users/seungwon/STM32CubeN6/Drivers/CMSIS/Device/ST/STM32N6xx/Include/stm32n657xx.h:281,
                 from /Users/seungwon/STM32CubeN6/Drivers/CMSIS/Device/ST/STM32N6xx/Include/stm32n6xx.h:87,
                 from /Users/seungwon/STM32CubeN6/Drivers/STM32N6xx_HAL_Driver/Inc/stm32n6xx_hal_def.h:33,
                 from /Users/seungwon/STM32CubeN6/Drivers/STM32N6xx_HAL_Driver/Inc/stm32n6xx_hal_rcc.h:28,
                 from /Users/seungwon/STM32CubeN6/Projects/NUCLEO-N657X0-Q/Templates/Template/FSBL/Inc/stm32n6xx_hal_conf.h:253,
                 from /Users/seungwon/STM32CubeN6/Drivers/STM32N6xx_HAL_Driver/Inc/stm32n6xx_hal.h:29,
                 from /Users/seungwon/STM32CubeN6/Drivers/STM32N6xx_HAL_Driver/Src/stm32n6xx_hal_pwr_ex.c:159:
/Users/seungwon/STM32CubeN6/Drivers/CMSIS/Include/m-profile/armv7m_cachel1.h: In function 'SCB_InvalidateICache_by_Addr':
/Users/seungwon/STM32CubeN6/Drivers/CMSIS/Include/m-profile/armv7m_cachel1.h:117:32: warning: conversion to 'long unsigned int' from 'int32_t' {aka 'long int'} may change the sign of the result [-Wsign-conversion]
  117 |        int32_t op_size = isize + (((uint32_t)addr) & (__SCB_ICACHE_LINE_SIZE - 1U));
      |                                ^
/Users/seungwon/STM32CubeN6/Drivers/CMSIS/Include/m-profile/armv7m_cachel1.h:117:26: warning: conversion to 'int32_t' {aka 'long int'} from 'long unsigned int' may change the sign of the result [-Wsign-conversion]
  117 |        int32_t op_size = isize + (((uint32_t)addr) & (__SCB_ICACHE_LINE_SIZE - 1U));
      |                          ^~~~~
/Users/seungwon/STM32CubeN6/Drivers/CMSIS/Include/m-profile/armv7m_cachel1.h:125:17: warning: conversion to 'long unsigned int' from 'int32_t' {aka 'long int'} may change the sign of the result [-Wsign-conversion]
  125 |         op_size -= __SCB_ICACHE_LINE_SIZE;
      |                 ^~
/Users/seungwon/STM32CubeN6/Drivers/CMSIS/Include/m-profile/armv7m_cachel1.h:48:33: warning: conversion to 'int32_t' {aka 'long int'} from 'long unsigned int' may change the sign of the result [-Wsign-conversion]
   48 | #define __SCB_ICACHE_LINE_SIZE  32U /*!< Cortex-M7 cache line size is fixed to 32 bytes (8 words). See also register SCB_CCSIDR */
      |                                 ^~~
/Users/seungwon/STM32CubeN6/Drivers/CMSIS/Include/m-profile/armv7m_cachel1.h:125:20: note: in expansion of macro '__SCB_ICACHE_LINE_SIZE'
  125 |         op_size -= __SCB_ICACHE_LINE_SIZE;
      |                    ^~~~~~~~~~~~~~~~~~~~~~
/Users/seungwon/STM32CubeN6/Drivers/CMSIS/Include/m-profile/armv7m_cachel1.h: In function 'SCB_InvalidateDCache_by_Addr':
/Users/seungwon/STM32CubeN6/Drivers/CMSIS/Include/m-profile/armv7m_cachel1.h:360:32: warning: conversion to 'long unsigned int' from 'int32_t' {aka 'long int'} may change the sign of the result [-Wsign-conversion]
  360 |        int32_t op_size = dsize + (((uint32_t)addr) & (__SCB_DCACHE_LINE_SIZE - 1U));
      |                                ^
/Users/seungwon/STM32CubeN6/Drivers/CMSIS/Include/m-profile/armv7m_cachel1.h:360:26: warning: conversion to 'int32_t' {aka 'long int'} from 'long unsigned int' may change the sign of the result [-Wsign-conversion]
  360 |        int32_t op_size = dsize + (((uint32_t)addr) & (__SCB_DCACHE_LINE_SIZE - 1U));
      |                          ^~~~~
/Users/seungwon/STM32CubeN6/Drivers/CMSIS/Include/m-profile/armv7m_cachel1.h:368:17: warning: conversion to 'long unsigned int' from 'int32_t' {aka 'long int'} may change the sign of the result [-Wsign-conversion]
  368 |         op_size -= __SCB_DCACHE_LINE_SIZE;
      |                 ^~
/Users/seungwon/STM32CubeN6/Drivers/CMSIS/Include/m-profile/armv7m_cachel1.h:44:33: warning: conversion to 'int32_t' {aka 'long int'} from 'long unsigned int' may change the sign of the result [-Wsign-conversion]
   44 | #define __SCB_DCACHE_LINE_SIZE  32U /*!< Cortex-M7 cache line size is fixed to 32 bytes (8 words). See also register SCB_CCSIDR */
      |                                 ^~~
/Users/seungwon/STM32CubeN6/Drivers/CMSIS/Include/m-profile/armv7m_cachel1.h:368:20: note: in expansion of macro '__SCB_DCACHE_LINE_SIZE'
  368 |         op_size -= __SCB_DCACHE_LINE_SIZE;
      |                    ^~~~~~~~~~~~~~~~~~~~~~
/Users/seungwon/STM32CubeN6/Drivers/CMSIS/Include/m-profile/armv7m_cachel1.h: In function 'SCB_CleanDCache_by_Addr':
/Users/seungwon/STM32CubeN6/Drivers/CMSIS/Include/m-profile/armv7m_cachel1.h:390:32: warning: conversion to 'long unsigned int' from 'int32_t' {aka 'long int'} may change the sign of the result [-Wsign-conversion]
  390 |        int32_t op_size = dsize + (((uint32_t)addr) & (__SCB_DCACHE_LINE_SIZE - 1U));
      |                                ^
/Users/seungwon/STM32CubeN6/Drivers/CMSIS/Include/m-profile/armv7m_cachel1.h:390:26: warning: conversion to 'int32_t' {aka 'long int'} from 'long unsigned int' may change the sign of the result [-Wsign-conversion]
  390 |        int32_t op_size = dsize + (((uint32_t)addr) & (__SCB_DCACHE_LINE_SIZE - 1U));
      |                          ^~~~~
/Users/seungwon/STM32CubeN6/Drivers/CMSIS/Include/m-profile/armv7m_cachel1.h:398:17: warning: conversion to 'long unsigned int' from 'int32_t' {aka 'long int'} may change the sign of the result [-Wsign-conversion]
  398 |         op_size -= __SCB_DCACHE_LINE_SIZE;
      |                 ^~
/Users/seungwon/STM32CubeN6/Drivers/CMSIS/Include/m-profile/armv7m_cachel1.h:44:33: warning: conversion to 'int32_t' {aka 'long int'} from 'long unsigned int' may change the sign of the result [-Wsign-conversion]
   44 | #define __SCB_DCACHE_LINE_SIZE  32U /*!< Cortex-M7 cache line size is fixed to 32 bytes (8 words). See also register SCB_CCSIDR */
      |                                 ^~~
/Users/seungwon/STM32CubeN6/Drivers/CMSIS/Include/m-profile/armv7m_cachel1.h:398:20: note: in expansion of macro '__SCB_DCACHE_LINE_SIZE'
  398 |         op_size -= __SCB_DCACHE_LINE_SIZE;
      |                    ^~~~~~~~~~~~~~~~~~~~~~
/Users/seungwon/STM32CubeN6/Drivers/CMSIS/Include/m-profile/armv7m_cachel1.h: In function 'SCB_CleanInvalidateDCache_by_Addr':
/Users/seungwon/STM32CubeN6/Drivers/CMSIS/Include/m-profile/armv7m_cachel1.h:420:32: warning: conversion to 'long unsigned int' from 'int32_t' {aka 'long int'} may change the sign of the result [-Wsign-conversion]
  420 |        int32_t op_size = dsize + (((uint32_t)addr) & (__SCB_DCACHE_LINE_SIZE - 1U));
      |                                ^
/Users/seungwon/STM32CubeN6/Drivers/CMSIS/Include/m-profile/armv7m_cachel1.h:420:26: warning: conversion to 'int32_t' {aka 'long int'} from 'long unsigned int' may change the sign of the result [-Wsign-conversion]
  420 |        int32_t op_size = dsize + (((uint32_t)addr) & (__SCB_DCACHE_LINE_SIZE - 1U));
      |                          ^~~~~
/Users/seungwon/STM32CubeN6/Drivers/CMSIS/Include/m-profile/armv7m_cachel1.h:428:17: warning: conversion to 'long unsigned int' from 'int32_t' {aka 'long int'} may change the sign of the result [-Wsign-conversion]
  428 |         op_size -=          __SCB_DCACHE_LINE_SIZE;
      |                 ^~
/Users/seungwon/STM32CubeN6/Drivers/CMSIS/Include/m-profile/armv7m_cachel1.h:44:33: warning: conversion to 'int32_t' {aka 'long int'} from 'long unsigned int' may change the sign of the result [-Wsign-conversion]
   44 | #define __SCB_DCACHE_LINE_SIZE  32U /*!< Cortex-M7 cache line size is fixed to 32 bytes (8 words). See also register SCB_CCSIDR */
      |                                 ^~~
/Users/seungwon/STM32CubeN6/Drivers/CMSIS/Include/m-profile/armv7m_cachel1.h:428:29: note: in expansion of macro '__SCB_DCACHE_LINE_SIZE'
  428 |         op_size -=          __SCB_DCACHE_LINE_SIZE;
      |                             ^~~~~~~~~~~~~~~~~~~~~~
/Users/seungwon/test/.tools/xpack-arm-none-eabi-gcc-15.2.1-1.1/bin/arm-none-eabi-gcc -DAIMER_MVE_BATCH  -DAIMER_PHASE_PROFILE -DPARAMS=128f -DAIMER_BACKEND=mve -DAIMER_MATVEC=compact -DAIMER_CONFIG=mve_compact -DBENCH_KERNEL_SAMPLES=31 -DBENCH_E2E_SAMPLES=7 -DBENCH_KERNEL_INNER=64 -DBENCH_WARMUP=1 -DPROFILE_SAMPLES=31 -DPROFILE_KERNEL_INNER=64 -DPROFILE_COMPLEX_INNER=8 -DUSE_HAL_DRIVER -DSTM32N657xx -Iinclude -I../src/sig/aimer/reference/aimer-128f -I../src -I/Users/seungwon/STM32CubeN6/Projects/NUCLEO-N657X0-Q/Templates/Template/FSBL/Inc -I/Users/seungwon/STM32CubeN6/Drivers/CMSIS/Include -I/Users/seungwon/STM32CubeN6/Drivers/CMSIS/Device/ST/STM32N6xx/Include -I/Users/seungwon/STM32CubeN6/Drivers/STM32N6xx_HAL_Driver/Inc -I/Users/seungwon/STM32CubeN6/Drivers/STM32N6xx_HAL_Driver/Inc/Legacy -O3 -std=c11 -fno-common -ffunction-sections -fdata-sections -fno-tree-vectorize -fno-tree-slp-vectorize -MMD -MP --specs=nosys.specs -Wall -Wextra -Wshadow -Wconversion -Wstrict-prototypes -mcpu=cortex-m55 -mthumb -mfloat-abi=hard -mcmse -fstack-usage -c /Users/seungwon/STM32CubeN6/Drivers/STM32N6xx_HAL_Driver/Src/stm32n6xx_hal_rcc.c -o build/full/128f/mve/profile/stm32n6xx_hal_rcc.c.o
In file included from /Users/seungwon/STM32CubeN6/Drivers/CMSIS/Include/core_cm55.h:4605,
                 from /Users/seungwon/STM32CubeN6/Drivers/CMSIS/Device/ST/STM32N6xx/Include/stm32n657xx.h:281,
                 from /Users/seungwon/STM32CubeN6/Drivers/CMSIS/Device/ST/STM32N6xx/Include/stm32n6xx.h:87,
                 from /Users/seungwon/STM32CubeN6/Drivers/STM32N6xx_HAL_Driver/Inc/stm32n6xx_hal_def.h:33,
                 from /Users/seungwon/STM32CubeN6/Drivers/STM32N6xx_HAL_Driver/Inc/stm32n6xx_hal_rcc.h:28,
                 from /Users/seungwon/STM32CubeN6/Projects/NUCLEO-N657X0-Q/Templates/Template/FSBL/Inc/stm32n6xx_hal_conf.h:253,
                 from /Users/seungwon/STM32CubeN6/Drivers/STM32N6xx_HAL_Driver/Inc/stm32n6xx_hal.h:29,
                 from /Users/seungwon/STM32CubeN6/Drivers/STM32N6xx_HAL_Driver/Src/stm32n6xx_hal_rcc.c:73:
/Users/seungwon/STM32CubeN6/Drivers/CMSIS/Include/m-profile/armv7m_cachel1.h: In function 'SCB_InvalidateICache_by_Addr':
/Users/seungwon/STM32CubeN6/Drivers/CMSIS/Include/m-profile/armv7m_cachel1.h:117:32: warning: conversion to 'long unsigned int' from 'int32_t' {aka 'long int'} may change the sign of the result [-Wsign-conversion]
  117 |        int32_t op_size = isize + (((uint32_t)addr) & (__SCB_ICACHE_LINE_SIZE - 1U));
      |                                ^
/Users/seungwon/STM32CubeN6/Drivers/CMSIS/Include/m-profile/armv7m_cachel1.h:117:26: warning: conversion to 'int32_t' {aka 'long int'} from 'long unsigned int' may change the sign of the result [-Wsign-conversion]
  117 |        int32_t op_size = isize + (((uint32_t)addr) & (__SCB_ICACHE_LINE_SIZE - 1U));
      |                          ^~~~~
/Users/seungwon/STM32CubeN6/Drivers/CMSIS/Include/m-profile/armv7m_cachel1.h:125:17: warning: conversion to 'long unsigned int' from 'int32_t' {aka 'long int'} may change the sign of the result [-Wsign-conversion]
  125 |         op_size -= __SCB_ICACHE_LINE_SIZE;
      |                 ^~
/Users/seungwon/STM32CubeN6/Drivers/CMSIS/Include/m-profile/armv7m_cachel1.h:48:33: warning: conversion to 'int32_t' {aka 'long int'} from 'long unsigned int' may change the sign of the result [-Wsign-conversion]
   48 | #define __SCB_ICACHE_LINE_SIZE  32U /*!< Cortex-M7 cache line size is fixed to 32 bytes (8 words). See also register SCB_CCSIDR */
      |                                 ^~~
/Users/seungwon/STM32CubeN6/Drivers/CMSIS/Include/m-profile/armv7m_cachel1.h:125:20: note: in expansion of macro '__SCB_ICACHE_LINE_SIZE'
  125 |         op_size -= __SCB_ICACHE_LINE_SIZE;
      |                    ^~~~~~~~~~~~~~~~~~~~~~
/Users/seungwon/STM32CubeN6/Drivers/CMSIS/Include/m-profile/armv7m_cachel1.h: In function 'SCB_InvalidateDCache_by_Addr':
/Users/seungwon/STM32CubeN6/Drivers/CMSIS/Include/m-profile/armv7m_cachel1.h:360:32: warning: conversion to 'long unsigned int' from 'int32_t' {aka 'long int'} may change the sign of the result [-Wsign-conversion]
  360 |        int32_t op_size = dsize + (((uint32_t)addr) & (__SCB_DCACHE_LINE_SIZE - 1U));
      |                                ^
/Users/seungwon/STM32CubeN6/Drivers/CMSIS/Include/m-profile/armv7m_cachel1.h:360:26: warning: conversion to 'int32_t' {aka 'long int'} from 'long unsigned int' may change the sign of the result [-Wsign-conversion]
  360 |        int32_t op_size = dsize + (((uint32_t)addr) & (__SCB_DCACHE_LINE_SIZE - 1U));
      |                          ^~~~~
/Users/seungwon/STM32CubeN6/Drivers/CMSIS/Include/m-profile/armv7m_cachel1.h:368:17: warning: conversion to 'long unsigned int' from 'int32_t' {aka 'long int'} may change the sign of the result [-Wsign-conversion]
  368 |         op_size -= __SCB_DCACHE_LINE_SIZE;
      |                 ^~
/Users/seungwon/STM32CubeN6/Drivers/CMSIS/Include/m-profile/armv7m_cachel1.h:44:33: warning: conversion to 'int32_t' {aka 'long int'} from 'long unsigned int' may change the sign of the result [-Wsign-conversion]
   44 | #define __SCB_DCACHE_LINE_SIZE  32U /*!< Cortex-M7 cache line size is fixed to 32 bytes (8 words). See also register SCB_CCSIDR */
      |                                 ^~~
/Users/seungwon/STM32CubeN6/Drivers/CMSIS/Include/m-profile/armv7m_cachel1.h:368:20: note: in expansion of macro '__SCB_DCACHE_LINE_SIZE'
  368 |         op_size -= __SCB_DCACHE_LINE_SIZE;
      |                    ^~~~~~~~~~~~~~~~~~~~~~
/Users/seungwon/STM32CubeN6/Drivers/CMSIS/Include/m-profile/armv7m_cachel1.h: In function 'SCB_CleanDCache_by_Addr':
/Users/seungwon/STM32CubeN6/Drivers/CMSIS/Include/m-profile/armv7m_cachel1.h:390:32: warning: conversion to 'long unsigned int' from 'int32_t' {aka 'long int'} may change the sign of the result [-Wsign-conversion]
  390 |        int32_t op_size = dsize + (((uint32_t)addr) & (__SCB_DCACHE_LINE_SIZE - 1U));
      |                                ^
/Users/seungwon/STM32CubeN6/Drivers/CMSIS/Include/m-profile/armv7m_cachel1.h:390:26: warning: conversion to 'int32_t' {aka 'long int'} from 'long unsigned int' may change the sign of the result [-Wsign-conversion]
  390 |        int32_t op_size = dsize + (((uint32_t)addr) & (__SCB_DCACHE_LINE_SIZE - 1U));
      |                          ^~~~~
/Users/seungwon/STM32CubeN6/Drivers/CMSIS/Include/m-profile/armv7m_cachel1.h:398:17: warning: conversion to 'long unsigned int' from 'int32_t' {aka 'long int'} may change the sign of the result [-Wsign-conversion]
  398 |         op_size -= __SCB_DCACHE_LINE_SIZE;
      |                 ^~
/Users/seungwon/STM32CubeN6/Drivers/CMSIS/Include/m-profile/armv7m_cachel1.h:44:33: warning: conversion to 'int32_t' {aka 'long int'} from 'long unsigned int' may change the sign of the result [-Wsign-conversion]
   44 | #define __SCB_DCACHE_LINE_SIZE  32U /*!< Cortex-M7 cache line size is fixed to 32 bytes (8 words). See also register SCB_CCSIDR */
      |                                 ^~~
/Users/seungwon/STM32CubeN6/Drivers/CMSIS/Include/m-profile/armv7m_cachel1.h:398:20: note: in expansion of macro '__SCB_DCACHE_LINE_SIZE'
  398 |         op_size -= __SCB_DCACHE_LINE_SIZE;
      |                    ^~~~~~~~~~~~~~~~~~~~~~
/Users/seungwon/STM32CubeN6/Drivers/CMSIS/Include/m-profile/armv7m_cachel1.h: In function 'SCB_CleanInvalidateDCache_by_Addr':
/Users/seungwon/STM32CubeN6/Drivers/CMSIS/Include/m-profile/armv7m_cachel1.h:420:32: warning: conversion to 'long unsigned int' from 'int32_t' {aka 'long int'} may change the sign of the result [-Wsign-conversion]
  420 |        int32_t op_size = dsize + (((uint32_t)addr) & (__SCB_DCACHE_LINE_SIZE - 1U));
      |                                ^
/Users/seungwon/STM32CubeN6/Drivers/CMSIS/Include/m-profile/armv7m_cachel1.h:420:26: warning: conversion to 'int32_t' {aka 'long int'} from 'long unsigned int' may change the sign of the result [-Wsign-conversion]
  420 |        int32_t op_size = dsize + (((uint32_t)addr) & (__SCB_DCACHE_LINE_SIZE - 1U));
      |                          ^~~~~
/Users/seungwon/STM32CubeN6/Drivers/CMSIS/Include/m-profile/armv7m_cachel1.h:428:17: warning: conversion to 'long unsigned int' from 'int32_t' {aka 'long int'} may change the sign of the result [-Wsign-conversion]
  428 |         op_size -=          __SCB_DCACHE_LINE_SIZE;
      |                 ^~
/Users/seungwon/STM32CubeN6/Drivers/CMSIS/Include/m-profile/armv7m_cachel1.h:44:33: warning: conversion to 'int32_t' {aka 'long int'} from 'long unsigned int' may change the sign of the result [-Wsign-conversion]
   44 | #define __SCB_DCACHE_LINE_SIZE  32U /*!< Cortex-M7 cache line size is fixed to 32 bytes (8 words). See also register SCB_CCSIDR */
      |                                 ^~~
/Users/seungwon/STM32CubeN6/Drivers/CMSIS/Include/m-profile/armv7m_cachel1.h:428:29: note: in expansion of macro '__SCB_DCACHE_LINE_SIZE'
  428 |         op_size -=          __SCB_DCACHE_LINE_SIZE;
      |                             ^~~~~~~~~~~~~~~~~~~~~~
/Users/seungwon/test/.tools/xpack-arm-none-eabi-gcc-15.2.1-1.1/bin/arm-none-eabi-gcc -DAIMER_MVE_BATCH  -DAIMER_PHASE_PROFILE -DPARAMS=128f -DAIMER_BACKEND=mve -DAIMER_MATVEC=compact -DAIMER_CONFIG=mve_compact -DBENCH_KERNEL_SAMPLES=31 -DBENCH_E2E_SAMPLES=7 -DBENCH_KERNEL_INNER=64 -DBENCH_WARMUP=1 -DPROFILE_SAMPLES=31 -DPROFILE_KERNEL_INNER=64 -DPROFILE_COMPLEX_INNER=8 -DUSE_HAL_DRIVER -DSTM32N657xx -Iinclude -I../src/sig/aimer/reference/aimer-128f -I../src -I/Users/seungwon/STM32CubeN6/Projects/NUCLEO-N657X0-Q/Templates/Template/FSBL/Inc -I/Users/seungwon/STM32CubeN6/Drivers/CMSIS/Include -I/Users/seungwon/STM32CubeN6/Drivers/CMSIS/Device/ST/STM32N6xx/Include -I/Users/seungwon/STM32CubeN6/Drivers/STM32N6xx_HAL_Driver/Inc -I/Users/seungwon/STM32CubeN6/Drivers/STM32N6xx_HAL_Driver/Inc/Legacy -O3 -std=c11 -fno-common -ffunction-sections -fdata-sections -fno-tree-vectorize -fno-tree-slp-vectorize -MMD -MP --specs=nosys.specs -Wall -Wextra -Wshadow -Wconversion -Wstrict-prototypes -mcpu=cortex-m55 -mthumb -mfloat-abi=hard -mcmse -fstack-usage -c /Users/seungwon/STM32CubeN6/Drivers/STM32N6xx_HAL_Driver/Src/stm32n6xx_hal_rcc_ex.c -o build/full/128f/mve/profile/stm32n6xx_hal_rcc_ex.c.o
In file included from /Users/seungwon/STM32CubeN6/Drivers/CMSIS/Include/core_cm55.h:4605,
                 from /Users/seungwon/STM32CubeN6/Drivers/CMSIS/Device/ST/STM32N6xx/Include/stm32n657xx.h:281,
                 from /Users/seungwon/STM32CubeN6/Drivers/CMSIS/Device/ST/STM32N6xx/Include/stm32n6xx.h:87,
                 from /Users/seungwon/STM32CubeN6/Drivers/STM32N6xx_HAL_Driver/Inc/stm32n6xx_hal_def.h:33,
                 from /Users/seungwon/STM32CubeN6/Drivers/STM32N6xx_HAL_Driver/Inc/stm32n6xx_hal_rcc.h:28,
                 from /Users/seungwon/STM32CubeN6/Projects/NUCLEO-N657X0-Q/Templates/Template/FSBL/Inc/stm32n6xx_hal_conf.h:253,
                 from /Users/seungwon/STM32CubeN6/Drivers/STM32N6xx_HAL_Driver/Inc/stm32n6xx_hal.h:29,
                 from /Users/seungwon/STM32CubeN6/Drivers/STM32N6xx_HAL_Driver/Src/stm32n6xx_hal_rcc_ex.c:24:
/Users/seungwon/STM32CubeN6/Drivers/CMSIS/Include/m-profile/armv7m_cachel1.h: In function 'SCB_InvalidateICache_by_Addr':
/Users/seungwon/STM32CubeN6/Drivers/CMSIS/Include/m-profile/armv7m_cachel1.h:117:32: warning: conversion to 'long unsigned int' from 'int32_t' {aka 'long int'} may change the sign of the result [-Wsign-conversion]
  117 |        int32_t op_size = isize + (((uint32_t)addr) & (__SCB_ICACHE_LINE_SIZE - 1U));
      |                                ^
/Users/seungwon/STM32CubeN6/Drivers/CMSIS/Include/m-profile/armv7m_cachel1.h:117:26: warning: conversion to 'int32_t' {aka 'long int'} from 'long unsigned int' may change the sign of the result [-Wsign-conversion]
  117 |        int32_t op_size = isize + (((uint32_t)addr) & (__SCB_ICACHE_LINE_SIZE - 1U));
      |                          ^~~~~
/Users/seungwon/STM32CubeN6/Drivers/CMSIS/Include/m-profile/armv7m_cachel1.h:125:17: warning: conversion to 'long unsigned int' from 'int32_t' {aka 'long int'} may change the sign of the result [-Wsign-conversion]
  125 |         op_size -= __SCB_ICACHE_LINE_SIZE;
      |                 ^~
/Users/seungwon/STM32CubeN6/Drivers/CMSIS/Include/m-profile/armv7m_cachel1.h:48:33: warning: conversion to 'int32_t' {aka 'long int'} from 'long unsigned int' may change the sign of the result [-Wsign-conversion]
   48 | #define __SCB_ICACHE_LINE_SIZE  32U /*!< Cortex-M7 cache line size is fixed to 32 bytes (8 words). See also register SCB_CCSIDR */
      |                                 ^~~
/Users/seungwon/STM32CubeN6/Drivers/CMSIS/Include/m-profile/armv7m_cachel1.h:125:20: note: in expansion of macro '__SCB_ICACHE_LINE_SIZE'
  125 |         op_size -= __SCB_ICACHE_LINE_SIZE;
      |                    ^~~~~~~~~~~~~~~~~~~~~~
/Users/seungwon/STM32CubeN6/Drivers/CMSIS/Include/m-profile/armv7m_cachel1.h: In function 'SCB_InvalidateDCache_by_Addr':
/Users/seungwon/STM32CubeN6/Drivers/CMSIS/Include/m-profile/armv7m_cachel1.h:360:32: warning: conversion to 'long unsigned int' from 'int32_t' {aka 'long int'} may change the sign of the result [-Wsign-conversion]
  360 |        int32_t op_size = dsize + (((uint32_t)addr) & (__SCB_DCACHE_LINE_SIZE - 1U));
      |                                ^
/Users/seungwon/STM32CubeN6/Drivers/CMSIS/Include/m-profile/armv7m_cachel1.h:360:26: warning: conversion to 'int32_t' {aka 'long int'} from 'long unsigned int' may change the sign of the result [-Wsign-conversion]
  360 |        int32_t op_size = dsize + (((uint32_t)addr) & (__SCB_DCACHE_LINE_SIZE - 1U));
      |                          ^~~~~
/Users/seungwon/STM32CubeN6/Drivers/CMSIS/Include/m-profile/armv7m_cachel1.h:368:17: warning: conversion to 'long unsigned int' from 'int32_t' {aka 'long int'} may change the sign of the result [-Wsign-conversion]
  368 |         op_size -= __SCB_DCACHE_LINE_SIZE;
      |                 ^~
/Users/seungwon/STM32CubeN6/Drivers/CMSIS/Include/m-profile/armv7m_cachel1.h:44:33: warning: conversion to 'int32_t' {aka 'long int'} from 'long unsigned int' may change the sign of the result [-Wsign-conversion]
   44 | #define __SCB_DCACHE_LINE_SIZE  32U /*!< Cortex-M7 cache line size is fixed to 32 bytes (8 words). See also register SCB_CCSIDR */
      |                                 ^~~
/Users/seungwon/STM32CubeN6/Drivers/CMSIS/Include/m-profile/armv7m_cachel1.h:368:20: note: in expansion of macro '__SCB_DCACHE_LINE_SIZE'
  368 |         op_size -= __SCB_DCACHE_LINE_SIZE;
      |                    ^~~~~~~~~~~~~~~~~~~~~~
/Users/seungwon/STM32CubeN6/Drivers/CMSIS/Include/m-profile/armv7m_cachel1.h: In function 'SCB_CleanDCache_by_Addr':
/Users/seungwon/STM32CubeN6/Drivers/CMSIS/Include/m-profile/armv7m_cachel1.h:390:32: warning: conversion to 'long unsigned int' from 'int32_t' {aka 'long int'} may change the sign of the result [-Wsign-conversion]
  390 |        int32_t op_size = dsize + (((uint32_t)addr) & (__SCB_DCACHE_LINE_SIZE - 1U));
      |                                ^
/Users/seungwon/STM32CubeN6/Drivers/CMSIS/Include/m-profile/armv7m_cachel1.h:390:26: warning: conversion to 'int32_t' {aka 'long int'} from 'long unsigned int' may change the sign of the result [-Wsign-conversion]
  390 |        int32_t op_size = dsize + (((uint32_t)addr) & (__SCB_DCACHE_LINE_SIZE - 1U));
      |                          ^~~~~
/Users/seungwon/STM32CubeN6/Drivers/CMSIS/Include/m-profile/armv7m_cachel1.h:398:17: warning: conversion to 'long unsigned int' from 'int32_t' {aka 'long int'} may change the sign of the result [-Wsign-conversion]
  398 |         op_size -= __SCB_DCACHE_LINE_SIZE;
      |                 ^~
/Users/seungwon/STM32CubeN6/Drivers/CMSIS/Include/m-profile/armv7m_cachel1.h:44:33: warning: conversion to 'int32_t' {aka 'long int'} from 'long unsigned int' may change the sign of the result [-Wsign-conversion]
   44 | #define __SCB_DCACHE_LINE_SIZE  32U /*!< Cortex-M7 cache line size is fixed to 32 bytes (8 words). See also register SCB_CCSIDR */
      |                                 ^~~
/Users/seungwon/STM32CubeN6/Drivers/CMSIS/Include/m-profile/armv7m_cachel1.h:398:20: note: in expansion of macro '__SCB_DCACHE_LINE_SIZE'
  398 |         op_size -= __SCB_DCACHE_LINE_SIZE;
      |                    ^~~~~~~~~~~~~~~~~~~~~~
/Users/seungwon/STM32CubeN6/Drivers/CMSIS/Include/m-profile/armv7m_cachel1.h: In function 'SCB_CleanInvalidateDCache_by_Addr':
/Users/seungwon/STM32CubeN6/Drivers/CMSIS/Include/m-profile/armv7m_cachel1.h:420:32: warning: conversion to 'long unsigned int' from 'int32_t' {aka 'long int'} may change the sign of the result [-Wsign-conversion]
  420 |        int32_t op_size = dsize + (((uint32_t)addr) & (__SCB_DCACHE_LINE_SIZE - 1U));
      |                                ^
/Users/seungwon/STM32CubeN6/Drivers/CMSIS/Include/m-profile/armv7m_cachel1.h:420:26: warning: conversion to 'int32_t' {aka 'long int'} from 'long unsigned int' may change the sign of the result [-Wsign-conversion]
  420 |        int32_t op_size = dsize + (((uint32_t)addr) & (__SCB_DCACHE_LINE_SIZE - 1U));
      |                          ^~~~~
/Users/seungwon/STM32CubeN6/Drivers/CMSIS/Include/m-profile/armv7m_cachel1.h:428:17: warning: conversion to 'long unsigned int' from 'int32_t' {aka 'long int'} may change the sign of the result [-Wsign-conversion]
  428 |         op_size -=          __SCB_DCACHE_LINE_SIZE;
      |                 ^~
/Users/seungwon/STM32CubeN6/Drivers/CMSIS/Include/m-profile/armv7m_cachel1.h:44:33: warning: conversion to 'int32_t' {aka 'long int'} from 'long unsigned int' may change the sign of the result [-Wsign-conversion]
   44 | #define __SCB_DCACHE_LINE_SIZE  32U /*!< Cortex-M7 cache line size is fixed to 32 bytes (8 words). See also register SCB_CCSIDR */
      |                                 ^~~
/Users/seungwon/STM32CubeN6/Drivers/CMSIS/Include/m-profile/armv7m_cachel1.h:428:29: note: in expansion of macro '__SCB_DCACHE_LINE_SIZE'
  428 |         op_size -=          __SCB_DCACHE_LINE_SIZE;
      |                             ^~~~~~~~~~~~~~~~~~~~~~
/Users/seungwon/test/.tools/xpack-arm-none-eabi-gcc-15.2.1-1.1/bin/arm-none-eabi-gcc -DAIMER_MVE_BATCH  -DAIMER_PHASE_PROFILE -DPARAMS=128f -DAIMER_BACKEND=mve -DAIMER_MATVEC=compact -DAIMER_CONFIG=mve_compact -DBENCH_KERNEL_SAMPLES=31 -DBENCH_E2E_SAMPLES=7 -DBENCH_KERNEL_INNER=64 -DBENCH_WARMUP=1 -DPROFILE_SAMPLES=31 -DPROFILE_KERNEL_INNER=64 -DPROFILE_COMPLEX_INNER=8 -DUSE_HAL_DRIVER -DSTM32N657xx -Iinclude -I../src/sig/aimer/reference/aimer-128f -I../src -I/Users/seungwon/STM32CubeN6/Projects/NUCLEO-N657X0-Q/Templates/Template/FSBL/Inc -I/Users/seungwon/STM32CubeN6/Drivers/CMSIS/Include -I/Users/seungwon/STM32CubeN6/Drivers/CMSIS/Device/ST/STM32N6xx/Include -I/Users/seungwon/STM32CubeN6/Drivers/STM32N6xx_HAL_Driver/Inc -I/Users/seungwon/STM32CubeN6/Drivers/STM32N6xx_HAL_Driver/Inc/Legacy -O3 -std=c11 -fno-common -ffunction-sections -fdata-sections -fno-tree-vectorize -fno-tree-slp-vectorize -MMD -MP --specs=nosys.specs -Wall -Wextra -Wshadow -Wconversion -Wstrict-prototypes -mcpu=cortex-m55 -mthumb -mfloat-abi=hard -mcmse -fstack-usage -x assembler-with-cpp -c /Users/seungwon/STM32CubeN6/Projects/NUCLEO-N657X0-Q/Templates/Template/STM32CubeIDE/FSBL/Application/Startup/startup_stm32n657x0hxq_fsbl.s -o build/full/128f/mve/profile/startup_stm32n657x0hxq_fsbl.s.o
/Users/seungwon/test/.tools/xpack-arm-none-eabi-gcc-15.2.1-1.1/bin/arm-none-eabi-gcc --specs=nosys.specs -Wl,--gc-sections -Wl,--print-memory-usage -Wl,-Map,build/full/128f/mve/profile/aimer-m55-128f-mve-profile.map -Wl,--wrap=main -Wl,--wrap=_write -Wl,--wrap=_read -Ttoolchain/board/nucleo-n657x0-q/stm32n657-axi-sram.ld  -mcpu=cortex-m55 -mthumb -mfloat-abi=hard -mcmse build/full/128f/mve/profile/profile.c.o build/full/128f/mve/profile/field_batch.c.o build/full/128f/mve/profile/mpc_batch.c.o build/full/128f/mve/profile/aim3.c.o build/full/128f/mve/profile/hash.c.o build/full/128f/mve/profile/field_common.c.o build/full/128f/mve/profile/field_mve.c.o build/full/128f/mve/profile/fips202.c.o build/full/128f/mve/profile/platform.c.o build/full/128f/mve/profile/system_stm32n6xx_fsbl.c.o build/full/128f/mve/profile/stm32n6xx_hal.c.o build/full/128f/mve/profile/stm32n6xx_hal_cortex.c.o build/full/128f/mve/profile/stm32n6xx_hal_pwr.c.o build/full/128f/mve/profile/stm32n6xx_hal_pwr_ex.c.o build/full/128f/mve/profile/stm32n6xx_hal_rcc.c.o build/full/128f/mve/profile/stm32n6xx_hal_rcc_ex.c.o build/full/128f/mve/profile/startup_stm32n657x0hxq_fsbl.s.o -lc -lm -o build/full/128f/mve/profile/aimer-m55-128f-mve-profile.elf
/Users/seungwon/test/.tools/xpack-arm-none-eabi-gcc-15.2.1-1.1/bin/../lib/gcc/arm-none-eabi/15.2.1/../../../../arm-none-eabi/bin/ld: /Users/seungwon/test/.tools/xpack-arm-none-eabi-gcc-15.2.1-1.1/bin/../lib/gcc/arm-none-eabi/15.2.1/../../../../arm-none-eabi/lib/thumb/v8-m.main+dp/hard/libc.a(libc_a-closer.o): in function `_close_r':
(.text._close_r+0xc): warning: _close is not implemented and will always fail
/Users/seungwon/test/.tools/xpack-arm-none-eabi-gcc-15.2.1-1.1/bin/../lib/gcc/arm-none-eabi/15.2.1/../../../../arm-none-eabi/bin/ld: /Users/seungwon/test/.tools/xpack-arm-none-eabi-gcc-15.2.1-1.1/bin/../lib/gcc/arm-none-eabi/15.2.1/../../../../arm-none-eabi/lib/thumb/v8-m.main+dp/hard/libc.a(libc_a-closer.o): note: the message above does not take linker garbage collection into account
/Users/seungwon/test/.tools/xpack-arm-none-eabi-gcc-15.2.1-1.1/bin/../lib/gcc/arm-none-eabi/15.2.1/../../../../arm-none-eabi/bin/ld: /Users/seungwon/test/.tools/xpack-arm-none-eabi-gcc-15.2.1-1.1/bin/../lib/gcc/arm-none-eabi/15.2.1/../../../../arm-none-eabi/lib/thumb/v8-m.main+dp/hard/libc.a(libc_a-fstatr.o): in function `_fstat_r':
(.text._fstat_r+0xe): warning: _fstat is not implemented and will always fail
/Users/seungwon/test/.tools/xpack-arm-none-eabi-gcc-15.2.1-1.1/bin/../lib/gcc/arm-none-eabi/15.2.1/../../../../arm-none-eabi/bin/ld: /Users/seungwon/test/.tools/xpack-arm-none-eabi-gcc-15.2.1-1.1/bin/../lib/gcc/arm-none-eabi/15.2.1/../../../../arm-none-eabi/lib/thumb/v8-m.main+dp/hard/libc.a(libc_a-fstatr.o): note: the message above does not take linker garbage collection into account
/Users/seungwon/test/.tools/xpack-arm-none-eabi-gcc-15.2.1-1.1/bin/../lib/gcc/arm-none-eabi/15.2.1/../../../../arm-none-eabi/bin/ld: /Users/seungwon/test/.tools/xpack-arm-none-eabi-gcc-15.2.1-1.1/bin/../lib/gcc/arm-none-eabi/15.2.1/../../../../arm-none-eabi/lib/thumb/v8-m.main+dp/hard/libc.a(libc_a-signalr.o): in function `_getpid_r':
(.text._getpid_r+0x0): warning: _getpid is not implemented and will always fail
/Users/seungwon/test/.tools/xpack-arm-none-eabi-gcc-15.2.1-1.1/bin/../lib/gcc/arm-none-eabi/15.2.1/../../../../arm-none-eabi/bin/ld: /Users/seungwon/test/.tools/xpack-arm-none-eabi-gcc-15.2.1-1.1/bin/../lib/gcc/arm-none-eabi/15.2.1/../../../../arm-none-eabi/lib/thumb/v8-m.main+dp/hard/libc.a(libc_a-signalr.o): note: the message above does not take linker garbage collection into account
/Users/seungwon/test/.tools/xpack-arm-none-eabi-gcc-15.2.1-1.1/bin/../lib/gcc/arm-none-eabi/15.2.1/../../../../arm-none-eabi/bin/ld: /Users/seungwon/test/.tools/xpack-arm-none-eabi-gcc-15.2.1-1.1/bin/../lib/gcc/arm-none-eabi/15.2.1/../../../../arm-none-eabi/lib/thumb/v8-m.main+dp/hard/libc.a(libc_a-isattyr.o): in function `_isatty_r':
(.text._isatty_r+0xc): warning: _isatty is not implemented and will always fail
/Users/seungwon/test/.tools/xpack-arm-none-eabi-gcc-15.2.1-1.1/bin/../lib/gcc/arm-none-eabi/15.2.1/../../../../arm-none-eabi/bin/ld: /Users/seungwon/test/.tools/xpack-arm-none-eabi-gcc-15.2.1-1.1/bin/../lib/gcc/arm-none-eabi/15.2.1/../../../../arm-none-eabi/lib/thumb/v8-m.main+dp/hard/libc.a(libc_a-isattyr.o): note: the message above does not take linker garbage collection into account
/Users/seungwon/test/.tools/xpack-arm-none-eabi-gcc-15.2.1-1.1/bin/../lib/gcc/arm-none-eabi/15.2.1/../../../../arm-none-eabi/bin/ld: /Users/seungwon/test/.tools/xpack-arm-none-eabi-gcc-15.2.1-1.1/bin/../lib/gcc/arm-none-eabi/15.2.1/../../../../arm-none-eabi/lib/thumb/v8-m.main+dp/hard/libc.a(libc_a-signalr.o): in function `_kill_r':
(.text._kill_r+0xe): warning: _kill is not implemented and will always fail
/Users/seungwon/test/.tools/xpack-arm-none-eabi-gcc-15.2.1-1.1/bin/../lib/gcc/arm-none-eabi/15.2.1/../../../../arm-none-eabi/bin/ld: /Users/seungwon/test/.tools/xpack-arm-none-eabi-gcc-15.2.1-1.1/bin/../lib/gcc/arm-none-eabi/15.2.1/../../../../arm-none-eabi/lib/thumb/v8-m.main+dp/hard/libc.a(libc_a-signalr.o): note: the message above does not take linker garbage collection into account
/Users/seungwon/test/.tools/xpack-arm-none-eabi-gcc-15.2.1-1.1/bin/../lib/gcc/arm-none-eabi/15.2.1/../../../../arm-none-eabi/bin/ld: /Users/seungwon/test/.tools/xpack-arm-none-eabi-gcc-15.2.1-1.1/bin/../lib/gcc/arm-none-eabi/15.2.1/../../../../arm-none-eabi/lib/thumb/v8-m.main+dp/hard/libc.a(libc_a-lseekr.o): in function `_lseek_r':
(.text._lseek_r+0x10): warning: _lseek is not implemented and will always fail
/Users/seungwon/test/.tools/xpack-arm-none-eabi-gcc-15.2.1-1.1/bin/../lib/gcc/arm-none-eabi/15.2.1/../../../../arm-none-eabi/bin/ld: /Users/seungwon/test/.tools/xpack-arm-none-eabi-gcc-15.2.1-1.1/bin/../lib/gcc/arm-none-eabi/15.2.1/../../../../arm-none-eabi/lib/thumb/v8-m.main+dp/hard/libc.a(libc_a-lseekr.o): note: the message above does not take linker garbage collection into account
Memory region         Used Size  Region Size  %age Used
             ROM:       66960 B       255 KB     25.64%
         BOOTRAM:        256 KB       256 KB    100.00%
         HEAPRAM:          4 KB      1792 KB      0.22%
/Users/seungwon/test/.tools/xpack-arm-none-eabi-gcc-15.2.1-1.1/bin/arm-none-eabi-size build/full/128f/mve/profile/aimer-m55-128f-mve-profile.elf
   text	   data	    bss	    dec	    hex	filename
  64748	   2192	 145752	 212692	  33ed4	build/full/128f/mve/profile/aimer-m55-128f-mve-profile.elf
/Users/Shared/cortexctl run m55 -- /Users/seungwon/test/.tools/xpack-openocd-0.12.0-7/bin/openocd \
		-s /Users/seungwon/test/.tools/xpack-openocd-0.12.0-7/openocd/scripts -s /Users/seungwon/test/.tools/openocd-scripts \
		-f toolchain/board/nucleo-n657x0-q/openocd.cfg \
		-c init -c 'reset halt' \
		-c 'load_image /Users/seungwon/AIMer3_on_AVX512/AIMer_v3/m55/build/full/128f/mve/profile/aimer-m55-128f-mve-profile.elf' \
		-c 'verify_image /Users/seungwon/AIMer3_on_AVX512/AIMer_v3/m55/build/full/128f/mve/profile/aimer-m55-128f-mve-profile.elf' \
		-c 'set vector_msp [mrw 0x34180400]' \
		-c 'set vector_reset [mrw 0x34180404]' \
		-c 'arm semihosting enable' \
		-c 'arm semihosting_resexit enable' \
		-c 'reg msp $vector_msp' -c 'resume $vector_reset'
xPack Open On-Chip Debugger 0.12.0+dev-02228-ge5888bda3-dirty (2025-10-04-22:45)
Licensed under GNU GPL v2
For bug reports, read
	http://openocd.org/doc/doxygen/bugs.html
adapter speed: 1000 kHz
Info : STLINK V3J15M6 (API v3) VID:PID 0483:3754
Info : Target voltage: 3.283034
Info : clock speed 1000 kHz
Info : SWD DPIDR 0x6ba02477
Info : [stm32n6x.ap0] Examination succeed
Info : [stm32n6x.cpu] Cortex-M55 r1p1 processor detected
Info : [stm32n6x.cpu] target has 8 breakpoints, 8 watchpoints
stm32n6x.cpu in Secure state
Info : [stm32n6x.cpu] Examination succeed
Info : [stm32n6x.ap0] gdb port disabled
Info : [stm32n6x.cpu] starting gdb server on 3333
Info : Listening on port 3333 for gdb connections
[stm32n6x.cpu] halted due to debug-request, current mode: Thread 
xPSR: 0x81000000 pc: 0x18003a1a msp: 0x341037a0
65792 bytes written at address 0x34180000
2192 bytes written at address 0x34190100
downloaded 67984 bytes in 0.500052s (132.767 KiB/s)
verified 67984 bytes in 0.553673s (119.909 KiB/s)
0x34200000
0x3418649d
semihosting is enabled
semihosting resumable exit is enabled
msp (/32): 0x34200000
Info : Listening on port 6666 for tcl connections
Info : Listening on port 4444 for telnet connections
AIMer v3 on NUCLEO-N657X0-Q
Cortex-M55 @ 600000000 Hz, MVE=2, I/D-cache=on
PROFILE_CONFIG,param=128f,config=mve_compact,backend=mve,matvec=compact,cpu_hz=600000000,bits=128,limbs16=8,padded_limbs16=8,L=2,N=16,T=33,exponent_sum=21
PROFILE_COUNTS,param=128f,keygen_inv=3,keygen_mul=384,keygen_sqr=402,linear_generation_matvec=512,keygen_total_matvec=516,sign_batch_mpc=264,sign_scalar_mpc=33,verify_batch_mpc=132,challenge_batch_mul_sign=1188,challenge_batch_mul_verify=1188
PROFILE_SAMPLE,param=128f,config=mve_compact,backend=mve,matvec=compact,operation=gf_mul,sample=0,inner=64,items=1,raw_cycles=48497
PROFILE_SAMPLE,param=128f,config=mve_compact,backend=mve,matvec=compact,operation=gf_mul,sample=1,inner=64,items=1,raw_cycles=47750
PROFILE_SAMPLE,param=128f,config=mve_compact,backend=mve,matvec=compact,operation=gf_mul,sample=2,inner=64,items=1,raw_cycles=47750
PROFILE_SAMPLE,param=128f,config=mve_compact,backend=mve,matvec=compact,operation=gf_mul,sample=3,inner=64,items=1,raw_cycles=47750
PROFILE_SAMPLE,param=128f,config=mve_compact,backend=mve,matvec=compact,operation=gf_mul,sample=4,inner=64,items=1,raw_cycles=47750
PROFILE_SAMPLE,param=128f,config=mve_compact,backend=mve,matvec=compact,operation=gf_mul,sample=5,inner=64,items=1,raw_cycles=47750
PROFILE_SAMPLE,param=128f,config=mve_compact,backend=mve,matvec=compact,operation=gf_mul,sample=6,inner=64,items=1,raw_cycles=47750
PROFILE_SAMPLE,param=128f,config=mve_compact,backend=mve,matvec=compact,operation=gf_mul,sample=7,inner=64,items=1,raw_cycles=47750
PROFILE_SAMPLE,param=128f,config=mve_compact,backend=mve,matvec=compact,operation=gf_mul,sample=8,inner=64,items=1,raw_cycles=47750
PROFILE_SAMPLE,param=128f,config=mve_compact,backend=mve,matvec=compact,operation=gf_mul,sample=9,inner=64,items=1,raw_cycles=47750
PROFILE_SAMPLE,param=128f,config=mve_compact,backend=mve,matvec=compact,operation=gf_mul,sample=10,inner=64,items=1,raw_cycles=47750
PROFILE_SAMPLE,param=128f,config=mve_compact,backend=mve,matvec=compact,operation=gf_mul,sample=11,inner=64,items=1,raw_cycles=47750
PROFILE_SAMPLE,param=128f,config=mve_compact,backend=mve,matvec=compact,operation=gf_mul,sample=12,inner=64,items=1,raw_cycles=47750
PROFILE_SAMPLE,param=128f,config=mve_compact,backend=mve,matvec=compact,operation=gf_mul,sample=13,inner=64,items=1,raw_cycles=47750
PROFILE_SAMPLE,param=128f,config=mve_compact,backend=mve,matvec=compact,operation=gf_mul,sample=14,inner=64,items=1,raw_cycles=47750
PROFILE_SAMPLE,param=128f,config=mve_compact,backend=mve,matvec=compact,operation=gf_mul,sample=15,inner=64,items=1,raw_cycles=47750
PROFILE_SAMPLE,param=128f,config=mve_compact,backend=mve,matvec=compact,operation=gf_mul,sample=16,inner=64,items=1,raw_cycles=47750
PROFILE_SAMPLE,param=128f,config=mve_compact,backend=mve,matvec=compact,operation=gf_mul,sample=17,inner=64,items=1,raw_cycles=47750
PROFILE_SAMPLE,param=128f,config=mve_compact,backend=mve,matvec=compact,operation=gf_mul,sample=18,inner=64,items=1,raw_cycles=47750
PROFILE_SAMPLE,param=128f,config=mve_compact,backend=mve,matvec=compact,operation=gf_mul,sample=19,inner=64,items=1,raw_cycles=47750
PROFILE_SAMPLE,param=128f,config=mve_compact,backend=mve,matvec=compact,operation=gf_mul,sample=20,inner=64,items=1,raw_cycles=47750
PROFILE_SAMPLE,param=128f,config=mve_compact,backend=mve,matvec=compact,operation=gf_mul,sample=21,inner=64,items=1,raw_cycles=47750
PROFILE_SAMPLE,param=128f,config=mve_compact,backend=mve,matvec=compact,operation=gf_mul,sample=22,inner=64,items=1,raw_cycles=47750
PROFILE_SAMPLE,param=128f,config=mve_compact,backend=mve,matvec=compact,operation=gf_mul,sample=23,inner=64,items=1,raw_cycles=47750
PROFILE_SAMPLE,param=128f,config=mve_compact,backend=mve,matvec=compact,operation=gf_mul,sample=24,inner=64,items=1,raw_cycles=47750
PROFILE_SAMPLE,param=128f,config=mve_compact,backend=mve,matvec=compact,operation=gf_mul,sample=25,inner=64,items=1,raw_cycles=47750
PROFILE_SAMPLE,param=128f,config=mve_compact,backend=mve,matvec=compact,operation=gf_mul,sample=26,inner=64,items=1,raw_cycles=47750
PROFILE_SAMPLE,param=128f,config=mve_compact,backend=mve,matvec=compact,operation=gf_mul,sample=27,inner=64,items=1,raw_cycles=47750
PROFILE_SAMPLE,param=128f,config=mve_compact,backend=mve,matvec=compact,operation=gf_mul,sample=28,inner=64,items=1,raw_cycles=47750
PROFILE_SAMPLE,param=128f,config=mve_compact,backend=mve,matvec=compact,operation=gf_mul,sample=29,inner=64,items=1,raw_cycles=47750
PROFILE_SAMPLE,param=128f,config=mve_compact,backend=mve,matvec=compact,operation=gf_mul,sample=30,inner=64,items=1,raw_cycles=47750
PROFILE_RESULT,param=128f,config=mve_compact,backend=mve,matvec=compact,operation=gf_mul,samples=31,inner=64,items=1,min=746.09,median=746.09,mean=746.47,stddev=2.06,max=757.77,cycles_per_item_mean=746.47
PROFILE_SAMPLE,param=128f,config=mve_compact,backend=mve,matvec=compact,operation=gf_sqr,sample=0,inner=64,items=1,raw_cycles=16544
PROFILE_SAMPLE,param=128f,config=mve_compact,backend=mve,matvec=compact,operation=gf_sqr,sample=1,inner=64,items=1,raw_cycles=16006
PROFILE_SAMPLE,param=128f,config=mve_compact,backend=mve,matvec=compact,operation=gf_sqr,sample=2,inner=64,items=1,raw_cycles=16006
PROFILE_SAMPLE,param=128f,config=mve_compact,backend=mve,matvec=compact,operation=gf_sqr,sample=3,inner=64,items=1,raw_cycles=16006
PROFILE_SAMPLE,param=128f,config=mve_compact,backend=mve,matvec=compact,operation=gf_sqr,sample=4,inner=64,items=1,raw_cycles=16006
PROFILE_SAMPLE,param=128f,config=mve_compact,backend=mve,matvec=compact,operation=gf_sqr,sample=5,inner=64,items=1,raw_cycles=16006
PROFILE_SAMPLE,param=128f,config=mve_compact,backend=mve,matvec=compact,operation=gf_sqr,sample=6,inner=64,items=1,raw_cycles=16006
PROFILE_SAMPLE,param=128f,config=mve_compact,backend=mve,matvec=compact,operation=gf_sqr,sample=7,inner=64,items=1,raw_cycles=16006
PROFILE_SAMPLE,param=128f,config=mve_compact,backend=mve,matvec=compact,operation=gf_sqr,sample=8,inner=64,items=1,raw_cycles=16006
PROFILE_SAMPLE,param=128f,config=mve_compact,backend=mve,matvec=compact,operation=gf_sqr,sample=9,inner=64,items=1,raw_cycles=16006
PROFILE_SAMPLE,param=128f,config=mve_compact,backend=mve,matvec=compact,operation=gf_sqr,sample=10,inner=64,items=1,raw_cycles=16006
PROFILE_SAMPLE,param=128f,config=mve_compact,backend=mve,matvec=compact,operation=gf_sqr,sample=11,inner=64,items=1,raw_cycles=16006
PROFILE_SAMPLE,param=128f,config=mve_compact,backend=mve,matvec=compact,operation=gf_sqr,sample=12,inner=64,items=1,raw_cycles=16006
PROFILE_SAMPLE,param=128f,config=mve_compact,backend=mve,matvec=compact,operation=gf_sqr,sample=13,inner=64,items=1,raw_cycles=16006
PROFILE_SAMPLE,param=128f,config=mve_compact,backend=mve,matvec=compact,operation=gf_sqr,sample=14,inner=64,items=1,raw_cycles=16006
PROFILE_SAMPLE,param=128f,config=mve_compact,backend=mve,matvec=compact,operation=gf_sqr,sample=15,inner=64,items=1,raw_cycles=16006
PROFILE_SAMPLE,param=128f,config=mve_compact,backend=mve,matvec=compact,operation=gf_sqr,sample=16,inner=64,items=1,raw_cycles=16006
PROFILE_SAMPLE,param=128f,config=mve_compact,backend=mve,matvec=compact,operation=gf_sqr,sample=17,inner=64,items=1,raw_cycles=16006
PROFILE_SAMPLE,param=128f,config=mve_compact,backend=mve,matvec=compact,operation=gf_sqr,sample=18,inner=64,items=1,raw_cycles=16006
PROFILE_SAMPLE,param=128f,config=mve_compact,backend=mve,matvec=compact,operation=gf_sqr,sample=19,inner=64,items=1,raw_cycles=16006
PROFILE_SAMPLE,param=128f,config=mve_compact,backend=mve,matvec=compact,operation=gf_sqr,sample=20,inner=64,items=1,raw_cycles=16006
PROFILE_SAMPLE,param=128f,config=mve_compact,backend=mve,matvec=compact,operation=gf_sqr,sample=21,inner=64,items=1,raw_cycles=16006
PROFILE_SAMPLE,param=128f,config=mve_compact,backend=mve,matvec=compact,operation=gf_sqr,sample=22,inner=64,items=1,raw_cycles=16006
PROFILE_SAMPLE,param=128f,config=mve_compact,backend=mve,matvec=compact,operation=gf_sqr,sample=23,inner=64,items=1,raw_cycles=16006
PROFILE_SAMPLE,param=128f,config=mve_compact,backend=mve,matvec=compact,operation=gf_sqr,sample=24,inner=64,items=1,raw_cycles=16006
PROFILE_SAMPLE,param=128f,config=mve_compact,backend=mve,matvec=compact,operation=gf_sqr,sample=25,inner=64,items=1,raw_cycles=16006
PROFILE_SAMPLE,param=128f,config=mve_compact,backend=mve,matvec=compact,operation=gf_sqr,sample=26,inner=64,items=1,raw_cycles=16006
PROFILE_SAMPLE,param=128f,config=mve_compact,backend=mve,matvec=compact,operation=gf_sqr,sample=27,inner=64,items=1,raw_cycles=16006
PROFILE_SAMPLE,param=128f,config=mve_compact,backend=mve,matvec=compact,operation=gf_sqr,sample=28,inner=64,items=1,raw_cycles=16006
PROFILE_SAMPLE,param=128f,config=mve_compact,backend=mve,matvec=compact,operation=gf_sqr,sample=29,inner=64,items=1,raw_cycles=16006
PROFILE_SAMPLE,param=128f,config=mve_compact,backend=mve,matvec=compact,operation=gf_sqr,sample=30,inner=64,items=1,raw_cycles=16006
PROFILE_RESULT,param=128f,config=mve_compact,backend=mve,matvec=compact,operation=gf_sqr,samples=31,inner=64,items=1,min=250.09,median=250.09,mean=250.36,stddev=1.49,max=258.50,cycles_per_item_mean=250.36
PROFILE_SAMPLE,param=128f,config=mve_compact,backend=mve,matvec=compact,operation=gf_inv,sample=0,inner=8,items=1,raw_cycles=1006164
PROFILE_SAMPLE,param=128f,config=mve_compact,backend=mve,matvec=compact,operation=gf_inv,sample=1,inner=8,items=1,raw_cycles=1006054
PROFILE_SAMPLE,param=128f,config=mve_compact,backend=mve,matvec=compact,operation=gf_inv,sample=2,inner=8,items=1,raw_cycles=1006054
PROFILE_SAMPLE,param=128f,config=mve_compact,backend=mve,matvec=compact,operation=gf_inv,sample=3,inner=8,items=1,raw_cycles=1006054
PROFILE_SAMPLE,param=128f,config=mve_compact,backend=mve,matvec=compact,operation=gf_inv,sample=4,inner=8,items=1,raw_cycles=1006054
PROFILE_SAMPLE,param=128f,config=mve_compact,backend=mve,matvec=compact,operation=gf_inv,sample=5,inner=8,items=1,raw_cycles=1006054
PROFILE_SAMPLE,param=128f,config=mve_compact,backend=mve,matvec=compact,operation=gf_inv,sample=6,inner=8,items=1,raw_cycles=1006054
PROFILE_SAMPLE,param=128f,config=mve_compact,backend=mve,matvec=compact,operation=gf_inv,sample=7,inner=8,items=1,raw_cycles=1006054
PROFILE_SAMPLE,param=128f,config=mve_compact,backend=mve,matvec=compact,operation=gf_inv,sample=8,inner=8,items=1,raw_cycles=1006054
PROFILE_SAMPLE,param=128f,config=mve_compact,backend=mve,matvec=compact,operation=gf_inv,sample=9,inner=8,items=1,raw_cycles=1006054
PROFILE_SAMPLE,param=128f,config=mve_compact,backend=mve,matvec=compact,operation=gf_inv,sample=10,inner=8,items=1,raw_cycles=1006054
PROFILE_SAMPLE,param=128f,config=mve_compact,backend=mve,matvec=compact,operation=gf_inv,sample=11,inner=8,items=1,raw_cycles=1006054
PROFILE_SAMPLE,param=128f,config=mve_compact,backend=mve,matvec=compact,operation=gf_inv,sample=12,inner=8,items=1,raw_cycles=1006054
PROFILE_SAMPLE,param=128f,config=mve_compact,backend=mve,matvec=compact,operation=gf_inv,sample=13,inner=8,items=1,raw_cycles=1006054
PROFILE_SAMPLE,param=128f,config=mve_compact,backend=mve,matvec=compact,operation=gf_inv,sample=14,inner=8,items=1,raw_cycles=1006054
PROFILE_SAMPLE,param=128f,config=mve_compact,backend=mve,matvec=compact,operation=gf_inv,sample=15,inner=8,items=1,raw_cycles=1006054
PROFILE_SAMPLE,param=128f,config=mve_compact,backend=mve,matvec=compact,operation=gf_inv,sample=16,inner=8,items=1,raw_cycles=1006054
PROFILE_SAMPLE,param=128f,config=mve_compact,backend=mve,matvec=compact,operation=gf_inv,sample=17,inner=8,items=1,raw_cycles=1006054
PROFILE_SAMPLE,param=128f,config=mve_compact,backend=mve,matvec=compact,operation=gf_inv,sample=18,inner=8,items=1,raw_cycles=1006054
PROFILE_SAMPLE,param=128f,config=mve_compact,backend=mve,matvec=compact,operation=gf_inv,sample=19,inner=8,items=1,raw_cycles=1006055
PROFILE_SAMPLE,param=128f,config=mve_compact,backend=mve,matvec=compact,operation=gf_inv,sample=20,inner=8,items=1,raw_cycles=1006054
PROFILE_SAMPLE,param=128f,config=mve_compact,backend=mve,matvec=compact,operation=gf_inv,sample=21,inner=8,items=1,raw_cycles=1006054
PROFILE_SAMPLE,param=128f,config=mve_compact,backend=mve,matvec=compact,operation=gf_inv,sample=22,inner=8,items=1,raw_cycles=1006054
PROFILE_SAMPLE,param=128f,config=mve_compact,backend=mve,matvec=compact,operation=gf_inv,sample=23,inner=8,items=1,raw_cycles=1006054
PROFILE_SAMPLE,param=128f,config=mve_compact,backend=mve,matvec=compact,operation=gf_inv,sample=24,inner=8,items=1,raw_cycles=1006054
PROFILE_SAMPLE,param=128f,config=mve_compact,backend=mve,matvec=compact,operation=gf_inv,sample=25,inner=8,items=1,raw_cycles=1006054
PROFILE_SAMPLE,param=128f,config=mve_compact,backend=mve,matvec=compact,operation=gf_inv,sample=26,inner=8,items=1,raw_cycles=1006054
PROFILE_SAMPLE,param=128f,config=mve_compact,backend=mve,matvec=compact,operation=gf_inv,sample=27,inner=8,items=1,raw_cycles=1006054
PROFILE_SAMPLE,param=128f,config=mve_compact,backend=mve,matvec=compact,operation=gf_inv,sample=28,inner=8,items=1,raw_cycles=1006054
PROFILE_SAMPLE,param=128f,config=mve_compact,backend=mve,matvec=compact,operation=gf_inv,sample=29,inner=8,items=1,raw_cycles=1006054
PROFILE_SAMPLE,param=128f,config=mve_compact,backend=mve,matvec=compact,operation=gf_inv,sample=30,inner=8,items=1,raw_cycles=1006054
PROFILE_RESULT,param=128f,config=mve_compact,backend=mve,matvec=compact,operation=gf_inv,samples=31,inner=8,items=1,min=125756.75,median=125756.75,mean=125757.20,stddev=2.43,max=125770.50,cycles_per_item_mean=125757.20
PROFILE_SAMPLE,param=128f,config=mve_compact,backend=mve,matvec=compact,operation=gf_mat_vec_mul,sample=0,inner=64,items=1,raw_cycles=255992
PROFILE_SAMPLE,param=128f,config=mve_compact,backend=mve,matvec=compact,operation=gf_mat_vec_mul,sample=1,inner=64,items=1,raw_cycles=255814
PROFILE_SAMPLE,param=128f,config=mve_compact,backend=mve,matvec=compact,operation=gf_mat_vec_mul,sample=2,inner=64,items=1,raw_cycles=255814
PROFILE_SAMPLE,param=128f,config=mve_compact,backend=mve,matvec=compact,operation=gf_mat_vec_mul,sample=3,inner=64,items=1,raw_cycles=255814
PROFILE_SAMPLE,param=128f,config=mve_compact,backend=mve,matvec=compact,operation=gf_mat_vec_mul,sample=4,inner=64,items=1,raw_cycles=255814
PROFILE_SAMPLE,param=128f,config=mve_compact,backend=mve,matvec=compact,operation=gf_mat_vec_mul,sample=5,inner=64,items=1,raw_cycles=255814
PROFILE_SAMPLE,param=128f,config=mve_compact,backend=mve,matvec=compact,operation=gf_mat_vec_mul,sample=6,inner=64,items=1,raw_cycles=255814
PROFILE_SAMPLE,param=128f,config=mve_compact,backend=mve,matvec=compact,operation=gf_mat_vec_mul,sample=7,inner=64,items=1,raw_cycles=255814
PROFILE_SAMPLE,param=128f,config=mve_compact,backend=mve,matvec=compact,operation=gf_mat_vec_mul,sample=8,inner=64,items=1,raw_cycles=255814
PROFILE_SAMPLE,param=128f,config=mve_compact,backend=mve,matvec=compact,operation=gf_mat_vec_mul,sample=9,inner=64,items=1,raw_cycles=255814
PROFILE_SAMPLE,param=128f,config=mve_compact,backend=mve,matvec=compact,operation=gf_mat_vec_mul,sample=10,inner=64,items=1,raw_cycles=255814
PROFILE_SAMPLE,param=128f,config=mve_compact,backend=mve,matvec=compact,operation=gf_mat_vec_mul,sample=11,inner=64,items=1,raw_cycles=255814
PROFILE_SAMPLE,param=128f,config=mve_compact,backend=mve,matvec=compact,operation=gf_mat_vec_mul,sample=12,inner=64,items=1,raw_cycles=255814
PROFILE_SAMPLE,param=128f,config=mve_compact,backend=mve,matvec=compact,operation=gf_mat_vec_mul,sample=13,inner=64,items=1,raw_cycles=255814
PROFILE_SAMPLE,param=128f,config=mve_compact,backend=mve,matvec=compact,operation=gf_mat_vec_mul,sample=14,inner=64,items=1,raw_cycles=255814
PROFILE_SAMPLE,param=128f,config=mve_compact,backend=mve,matvec=compact,operation=gf_mat_vec_mul,sample=15,inner=64,items=1,raw_cycles=255814
PROFILE_SAMPLE,param=128f,config=mve_compact,backend=mve,matvec=compact,operation=gf_mat_vec_mul,sample=16,inner=64,items=1,raw_cycles=255814
PROFILE_SAMPLE,param=128f,config=mve_compact,backend=mve,matvec=compact,operation=gf_mat_vec_mul,sample=17,inner=64,items=1,raw_cycles=255814
PROFILE_SAMPLE,param=128f,config=mve_compact,backend=mve,matvec=compact,operation=gf_mat_vec_mul,sample=18,inner=64,items=1,raw_cycles=255814
PROFILE_SAMPLE,param=128f,config=mve_compact,backend=mve,matvec=compact,operation=gf_mat_vec_mul,sample=19,inner=64,items=1,raw_cycles=255814
PROFILE_SAMPLE,param=128f,config=mve_compact,backend=mve,matvec=compact,operation=gf_mat_vec_mul,sample=20,inner=64,items=1,raw_cycles=255814
PROFILE_SAMPLE,param=128f,config=mve_compact,backend=mve,matvec=compact,operation=gf_mat_vec_mul,sample=21,inner=64,items=1,raw_cycles=255814
PROFILE_SAMPLE,param=128f,config=mve_compact,backend=mve,matvec=compact,operation=gf_mat_vec_mul,sample=22,inner=64,items=1,raw_cycles=255814
PROFILE_SAMPLE,param=128f,config=mve_compact,backend=mve,matvec=compact,operation=gf_mat_vec_mul,sample=23,inner=64,items=1,raw_cycles=255814
PROFILE_SAMPLE,param=128f,config=mve_compact,backend=mve,matvec=compact,operation=gf_mat_vec_mul,sample=24,inner=64,items=1,raw_cycles=255814
PROFILE_SAMPLE,param=128f,config=mve_compact,backend=mve,matvec=compact,operation=gf_mat_vec_mul,sample=25,inner=64,items=1,raw_cycles=255814
PROFILE_SAMPLE,param=128f,config=mve_compact,backend=mve,matvec=compact,operation=gf_mat_vec_mul,sample=26,inner=64,items=1,raw_cycles=255814
PROFILE_SAMPLE,param=128f,config=mve_compact,backend=mve,matvec=compact,operation=gf_mat_vec_mul,sample=27,inner=64,items=1,raw_cycles=255814
PROFILE_SAMPLE,param=128f,config=mve_compact,backend=mve,matvec=compact,operation=gf_mat_vec_mul,sample=28,inner=64,items=1,raw_cycles=255814
PROFILE_SAMPLE,param=128f,config=mve_compact,backend=mve,matvec=compact,operation=gf_mat_vec_mul,sample=29,inner=64,items=1,raw_cycles=255814
PROFILE_SAMPLE,param=128f,config=mve_compact,backend=mve,matvec=compact,operation=gf_mat_vec_mul,sample=30,inner=64,items=1,raw_cycles=255814
PROFILE_RESULT,param=128f,config=mve_compact,backend=mve,matvec=compact,operation=gf_mat_vec_mul,samples=31,inner=64,items=1,min=3997.09,median=3997.09,mean=3997.18,stddev=0.49,max=3999.88,cycles_per_item_mean=3997.18
PROFILE_SAMPLE,param=128f,config=mve_compact,backend=mve,matvec=compact,operation=gf_mat_vec_mul_add,sample=0,inner=64,items=1,raw_cycles=257767
PROFILE_SAMPLE,param=128f,config=mve_compact,backend=mve,matvec=compact,operation=gf_mat_vec_mul_add,sample=1,inner=64,items=1,raw_cycles=257735
PROFILE_SAMPLE,param=128f,config=mve_compact,backend=mve,matvec=compact,operation=gf_mat_vec_mul_add,sample=2,inner=64,items=1,raw_cycles=257735
PROFILE_SAMPLE,param=128f,config=mve_compact,backend=mve,matvec=compact,operation=gf_mat_vec_mul_add,sample=3,inner=64,items=1,raw_cycles=257735
PROFILE_SAMPLE,param=128f,config=mve_compact,backend=mve,matvec=compact,operation=gf_mat_vec_mul_add,sample=4,inner=64,items=1,raw_cycles=257735
PROFILE_SAMPLE,param=128f,config=mve_compact,backend=mve,matvec=compact,operation=gf_mat_vec_mul_add,sample=5,inner=64,items=1,raw_cycles=257735
PROFILE_SAMPLE,param=128f,config=mve_compact,backend=mve,matvec=compact,operation=gf_mat_vec_mul_add,sample=6,inner=64,items=1,raw_cycles=257735
PROFILE_SAMPLE,param=128f,config=mve_compact,backend=mve,matvec=compact,operation=gf_mat_vec_mul_add,sample=7,inner=64,items=1,raw_cycles=257735
PROFILE_SAMPLE,param=128f,config=mve_compact,backend=mve,matvec=compact,operation=gf_mat_vec_mul_add,sample=8,inner=64,items=1,raw_cycles=257735
PROFILE_SAMPLE,param=128f,config=mve_compact,backend=mve,matvec=compact,operation=gf_mat_vec_mul_add,sample=9,inner=64,items=1,raw_cycles=257735
PROFILE_SAMPLE,param=128f,config=mve_compact,backend=mve,matvec=compact,operation=gf_mat_vec_mul_add,sample=10,inner=64,items=1,raw_cycles=257735
PROFILE_SAMPLE,param=128f,config=mve_compact,backend=mve,matvec=compact,operation=gf_mat_vec_mul_add,sample=11,inner=64,items=1,raw_cycles=257735
PROFILE_SAMPLE,param=128f,config=mve_compact,backend=mve,matvec=compact,operation=gf_mat_vec_mul_add,sample=12,inner=64,items=1,raw_cycles=257735
PROFILE_SAMPLE,param=128f,config=mve_compact,backend=mve,matvec=compact,operation=gf_mat_vec_mul_add,sample=13,inner=64,items=1,raw_cycles=257735
PROFILE_SAMPLE,param=128f,config=mve_compact,backend=mve,matvec=compact,operation=gf_mat_vec_mul_add,sample=14,inner=64,items=1,raw_cycles=257735
PROFILE_SAMPLE,param=128f,config=mve_compact,backend=mve,matvec=compact,operation=gf_mat_vec_mul_add,sample=15,inner=64,items=1,raw_cycles=257735
PROFILE_SAMPLE,param=128f,config=mve_compact,backend=mve,matvec=compact,operation=gf_mat_vec_mul_add,sample=16,inner=64,items=1,raw_cycles=257735
PROFILE_SAMPLE,param=128f,config=mve_compact,backend=mve,matvec=compact,operation=gf_mat_vec_mul_add,sample=17,inner=64,items=1,raw_cycles=257735
PROFILE_SAMPLE,param=128f,config=mve_compact,backend=mve,matvec=compact,operation=gf_mat_vec_mul_add,sample=18,inner=64,items=1,raw_cycles=257735
PROFILE_SAMPLE,param=128f,config=mve_compact,backend=mve,matvec=compact,operation=gf_mat_vec_mul_add,sample=19,inner=64,items=1,raw_cycles=257735
PROFILE_SAMPLE,param=128f,config=mve_compact,backend=mve,matvec=compact,operation=gf_mat_vec_mul_add,sample=20,inner=64,items=1,raw_cycles=257735
PROFILE_SAMPLE,param=128f,config=mve_compact,backend=mve,matvec=compact,operation=gf_mat_vec_mul_add,sample=21,inner=64,items=1,raw_cycles=257735
PROFILE_SAMPLE,param=128f,config=mve_compact,backend=mve,matvec=compact,operation=gf_mat_vec_mul_add,sample=22,inner=64,items=1,raw_cycles=257735
PROFILE_SAMPLE,param=128f,config=mve_compact,backend=mve,matvec=compact,operation=gf_mat_vec_mul_add,sample=23,inner=64,items=1,raw_cycles=257735
PROFILE_SAMPLE,param=128f,config=mve_compact,backend=mve,matvec=compact,operation=gf_mat_vec_mul_add,sample=24,inner=64,items=1,raw_cycles=257735
PROFILE_SAMPLE,param=128f,config=mve_compact,backend=mve,matvec=compact,operation=gf_mat_vec_mul_add,sample=25,inner=64,items=1,raw_cycles=257735
PROFILE_SAMPLE,param=128f,config=mve_compact,backend=mve,matvec=compact,operation=gf_mat_vec_mul_add,sample=26,inner=64,items=1,raw_cycles=257735
PROFILE_SAMPLE,param=128f,config=mve_compact,backend=mve,matvec=compact,operation=gf_mat_vec_mul_add,sample=27,inner=64,items=1,raw_cycles=257735
PROFILE_SAMPLE,param=128f,config=mve_compact,backend=mve,matvec=compact,operation=gf_mat_vec_mul_add,sample=28,inner=64,items=1,raw_cycles=257735
PROFILE_SAMPLE,param=128f,config=mve_compact,backend=mve,matvec=compact,operation=gf_mat_vec_mul_add,sample=29,inner=64,items=1,raw_cycles=257735
PROFILE_SAMPLE,param=128f,config=mve_compact,backend=mve,matvec=compact,operation=gf_mat_vec_mul_add,sample=30,inner=64,items=1,raw_cycles=257735
PROFILE_RESULT,param=128f,config=mve_compact,backend=mve,matvec=compact,operation=gf_mat_vec_mul_add,samples=31,inner=64,items=1,min=4027.11,median=4027.11,mean=4027.13,stddev=0.09,max=4027.61,cycles_per_item_mean=4027.13
PROFILE_SAMPLE,param=128f,config=mve_compact,backend=mve,matvec=compact,operation=gf_sqr_batch4,sample=0,inner=64,items=4,raw_cycles=31231
PROFILE_SAMPLE,param=128f,config=mve_compact,backend=mve,matvec=compact,operation=gf_sqr_batch4,sample=1,inner=64,items=4,raw_cycles=30084
PROFILE_SAMPLE,param=128f,config=mve_compact,backend=mve,matvec=compact,operation=gf_sqr_batch4,sample=2,inner=64,items=4,raw_cycles=30084
PROFILE_SAMPLE,param=128f,config=mve_compact,backend=mve,matvec=compact,operation=gf_sqr_batch4,sample=3,inner=64,items=4,raw_cycles=30084
PROFILE_SAMPLE,param=128f,config=mve_compact,backend=mve,matvec=compact,operation=gf_sqr_batch4,sample=4,inner=64,items=4,raw_cycles=30084
PROFILE_SAMPLE,param=128f,config=mve_compact,backend=mve,matvec=compact,operation=gf_sqr_batch4,sample=5,inner=64,items=4,raw_cycles=30084
PROFILE_SAMPLE,param=128f,config=mve_compact,backend=mve,matvec=compact,operation=gf_sqr_batch4,sample=6,inner=64,items=4,raw_cycles=30084
PROFILE_SAMPLE,param=128f,config=mve_compact,backend=mve,matvec=compact,operation=gf_sqr_batch4,sample=7,inner=64,items=4,raw_cycles=30084
PROFILE_SAMPLE,param=128f,config=mve_compact,backend=mve,matvec=compact,operation=gf_sqr_batch4,sample=8,inner=64,items=4,raw_cycles=30084
PROFILE_SAMPLE,param=128f,config=mve_compact,backend=mve,matvec=compact,operation=gf_sqr_batch4,sample=9,inner=64,items=4,raw_cycles=30084
PROFILE_SAMPLE,param=128f,config=mve_compact,backend=mve,matvec=compact,operation=gf_sqr_batch4,sample=10,inner=64,items=4,raw_cycles=30084
PROFILE_SAMPLE,param=128f,config=mve_compact,backend=mve,matvec=compact,operation=gf_sqr_batch4,sample=11,inner=64,items=4,raw_cycles=30084
PROFILE_SAMPLE,param=128f,config=mve_compact,backend=mve,matvec=compact,operation=gf_sqr_batch4,sample=12,inner=64,items=4,raw_cycles=30084
PROFILE_SAMPLE,param=128f,config=mve_compact,backend=mve,matvec=compact,operation=gf_sqr_batch4,sample=13,inner=64,items=4,raw_cycles=30084
PROFILE_SAMPLE,param=128f,config=mve_compact,backend=mve,matvec=compact,operation=gf_sqr_batch4,sample=14,inner=64,items=4,raw_cycles=30084
PROFILE_SAMPLE,param=128f,config=mve_compact,backend=mve,matvec=compact,operation=gf_sqr_batch4,sample=15,inner=64,items=4,raw_cycles=30084
PROFILE_SAMPLE,param=128f,config=mve_compact,backend=mve,matvec=compact,operation=gf_sqr_batch4,sample=16,inner=64,items=4,raw_cycles=30084
PROFILE_SAMPLE,param=128f,config=mve_compact,backend=mve,matvec=compact,operation=gf_sqr_batch4,sample=17,inner=64,items=4,raw_cycles=30084
PROFILE_SAMPLE,param=128f,config=mve_compact,backend=mve,matvec=compact,operation=gf_sqr_batch4,sample=18,inner=64,items=4,raw_cycles=30084
PROFILE_SAMPLE,param=128f,config=mve_compact,backend=mve,matvec=compact,operation=gf_sqr_batch4,sample=19,inner=64,items=4,raw_cycles=30084
PROFILE_SAMPLE,param=128f,config=mve_compact,backend=mve,matvec=compact,operation=gf_sqr_batch4,sample=20,inner=64,items=4,raw_cycles=30084
PROFILE_SAMPLE,param=128f,config=mve_compact,backend=mve,matvec=compact,operation=gf_sqr_batch4,sample=21,inner=64,items=4,raw_cycles=30084
PROFILE_SAMPLE,param=128f,config=mve_compact,backend=mve,matvec=compact,operation=gf_sqr_batch4,sample=22,inner=64,items=4,raw_cycles=30084
PROFILE_SAMPLE,param=128f,config=mve_compact,backend=mve,matvec=compact,operation=gf_sqr_batch4,sample=23,inner=64,items=4,raw_cycles=30084
PROFILE_SAMPLE,param=128f,config=mve_compact,backend=mve,matvec=compact,operation=gf_sqr_batch4,sample=24,inner=64,items=4,raw_cycles=30084
PROFILE_SAMPLE,param=128f,config=mve_compact,backend=mve,matvec=compact,operation=gf_sqr_batch4,sample=25,inner=64,items=4,raw_cycles=30084
PROFILE_SAMPLE,param=128f,config=mve_compact,backend=mve,matvec=compact,operation=gf_sqr_batch4,sample=26,inner=64,items=4,raw_cycles=30084
PROFILE_SAMPLE,param=128f,config=mve_compact,backend=mve,matvec=compact,operation=gf_sqr_batch4,sample=27,inner=64,items=4,raw_cycles=30084
PROFILE_SAMPLE,param=128f,config=mve_compact,backend=mve,matvec=compact,operation=gf_sqr_batch4,sample=28,inner=64,items=4,raw_cycles=30084
PROFILE_SAMPLE,param=128f,config=mve_compact,backend=mve,matvec=compact,operation=gf_sqr_batch4,sample=29,inner=64,items=4,raw_cycles=30084
PROFILE_SAMPLE,param=128f,config=mve_compact,backend=mve,matvec=compact,operation=gf_sqr_batch4,sample=30,inner=64,items=4,raw_cycles=30084
PROFILE_RESULT,param=128f,config=mve_compact,backend=mve,matvec=compact,operation=gf_sqr_batch4,samples=31,inner=64,items=4,min=470.06,median=470.06,mean=470.64,stddev=3.17,max=487.98,cycles_per_item_mean=117.66
PROFILE_SAMPLE,param=128f,config=mve_compact,backend=mve,matvec=compact,operation=gf_frobenius_batch4_e3,sample=0,inner=8,items=4,raw_cycles=7358
PROFILE_SAMPLE,param=128f,config=mve_compact,backend=mve,matvec=compact,operation=gf_frobenius_batch4_e3,sample=1,inner=8,items=4,raw_cycles=6756
PROFILE_SAMPLE,param=128f,config=mve_compact,backend=mve,matvec=compact,operation=gf_frobenius_batch4_e3,sample=2,inner=8,items=4,raw_cycles=6756
PROFILE_SAMPLE,param=128f,config=mve_compact,backend=mve,matvec=compact,operation=gf_frobenius_batch4_e3,sample=3,inner=8,items=4,raw_cycles=6756
PROFILE_SAMPLE,param=128f,config=mve_compact,backend=mve,matvec=compact,operation=gf_frobenius_batch4_e3,sample=4,inner=8,items=4,raw_cycles=6756
PROFILE_SAMPLE,param=128f,config=mve_compact,backend=mve,matvec=compact,operation=gf_frobenius_batch4_e3,sample=5,inner=8,items=4,raw_cycles=6756
PROFILE_SAMPLE,param=128f,config=mve_compact,backend=mve,matvec=compact,operation=gf_frobenius_batch4_e3,sample=6,inner=8,items=4,raw_cycles=6756
PROFILE_SAMPLE,param=128f,config=mve_compact,backend=mve,matvec=compact,operation=gf_frobenius_batch4_e3,sample=7,inner=8,items=4,raw_cycles=6756
PROFILE_SAMPLE,param=128f,config=mve_compact,backend=mve,matvec=compact,operation=gf_frobenius_batch4_e3,sample=8,inner=8,items=4,raw_cycles=6756
PROFILE_SAMPLE,param=128f,config=mve_compact,backend=mve,matvec=compact,operation=gf_frobenius_batch4_e3,sample=9,inner=8,items=4,raw_cycles=6756
PROFILE_SAMPLE,param=128f,config=mve_compact,backend=mve,matvec=compact,operation=gf_frobenius_batch4_e3,sample=10,inner=8,items=4,raw_cycles=6756
PROFILE_SAMPLE,param=128f,config=mve_compact,backend=mve,matvec=compact,operation=gf_frobenius_batch4_e3,sample=11,inner=8,items=4,raw_cycles=6756
PROFILE_SAMPLE,param=128f,config=mve_compact,backend=mve,matvec=compact,operation=gf_frobenius_batch4_e3,sample=12,inner=8,items=4,raw_cycles=6756
PROFILE_SAMPLE,param=128f,config=mve_compact,backend=mve,matvec=compact,operation=gf_frobenius_batch4_e3,sample=13,inner=8,items=4,raw_cycles=6756
PROFILE_SAMPLE,param=128f,config=mve_compact,backend=mve,matvec=compact,operation=gf_frobenius_batch4_e3,sample=14,inner=8,items=4,raw_cycles=6756
PROFILE_SAMPLE,param=128f,config=mve_compact,backend=mve,matvec=compact,operation=gf_frobenius_batch4_e3,sample=15,inner=8,items=4,raw_cycles=6756
PROFILE_SAMPLE,param=128f,config=mve_compact,backend=mve,matvec=compact,operation=gf_frobenius_batch4_e3,sample=16,inner=8,items=4,raw_cycles=6756
PROFILE_SAMPLE,param=128f,config=mve_compact,backend=mve,matvec=compact,operation=gf_frobenius_batch4_e3,sample=17,inner=8,items=4,raw_cycles=6756
PROFILE_SAMPLE,param=128f,config=mve_compact,backend=mve,matvec=compact,operation=gf_frobenius_batch4_e3,sample=18,inner=8,items=4,raw_cycles=6756
PROFILE_SAMPLE,param=128f,config=mve_compact,backend=mve,matvec=compact,operation=gf_frobenius_batch4_e3,sample=19,inner=8,items=4,raw_cycles=6756
PROFILE_SAMPLE,param=128f,config=mve_compact,backend=mve,matvec=compact,operation=gf_frobenius_batch4_e3,sample=20,inner=8,items=4,raw_cycles=6756
PROFILE_SAMPLE,param=128f,config=mve_compact,backend=mve,matvec=compact,operation=gf_frobenius_batch4_e3,sample=21,inner=8,items=4,raw_cycles=6756
PROFILE_SAMPLE,param=128f,config=mve_compact,backend=mve,matvec=compact,operation=gf_frobenius_batch4_e3,sample=22,inner=8,items=4,raw_cycles=6756
PROFILE_SAMPLE,param=128f,config=mve_compact,backend=mve,matvec=compact,operation=gf_frobenius_batch4_e3,sample=23,inner=8,items=4,raw_cycles=6756
PROFILE_SAMPLE,param=128f,config=mve_compact,backend=mve,matvec=compact,operation=gf_frobenius_batch4_e3,sample=24,inner=8,items=4,raw_cycles=6756
PROFILE_SAMPLE,param=128f,config=mve_compact,backend=mve,matvec=compact,operation=gf_frobenius_batch4_e3,sample=25,inner=8,items=4,raw_cycles=6756
PROFILE_SAMPLE,param=128f,config=mve_compact,backend=mve,matvec=compact,operation=gf_frobenius_batch4_e3,sample=26,inner=8,items=4,raw_cycles=6756
PROFILE_SAMPLE,param=128f,config=mve_compact,backend=mve,matvec=compact,operation=gf_frobenius_batch4_e3,sample=27,inner=8,items=4,raw_cycles=6756
PROFILE_SAMPLE,param=128f,config=mve_compact,backend=mve,matvec=compact,operation=gf_frobenius_batch4_e3,sample=28,inner=8,items=4,raw_cycles=6756
PROFILE_SAMPLE,param=128f,config=mve_compact,backend=mve,matvec=compact,operation=gf_frobenius_batch4_e3,sample=29,inner=8,items=4,raw_cycles=6756
PROFILE_SAMPLE,param=128f,config=mve_compact,backend=mve,matvec=compact,operation=gf_frobenius_batch4_e3,sample=30,inner=8,items=4,raw_cycles=6756
PROFILE_RESULT,param=128f,config=mve_compact,backend=mve,matvec=compact,operation=gf_frobenius_batch4_e3,samples=31,inner=8,items=4,min=844.50,median=844.50,mean=846.93,stddev=13.30,max=919.75,cycles_per_item_mean=211.73
PROFILE_SAMPLE,param=128f,config=mve_compact,backend=mve,matvec=compact,operation=gf_frobenius_batch4_e7,sample=0,inner=8,items=4,raw_cycles=12802
PROFILE_SAMPLE,param=128f,config=mve_compact,backend=mve,matvec=compact,operation=gf_frobenius_batch4_e7,sample=1,inner=8,items=4,raw_cycles=12772
PROFILE_SAMPLE,param=128f,config=mve_compact,backend=mve,matvec=compact,operation=gf_frobenius_batch4_e7,sample=2,inner=8,items=4,raw_cycles=12772
PROFILE_SAMPLE,param=128f,config=mve_compact,backend=mve,matvec=compact,operation=gf_frobenius_batch4_e7,sample=3,inner=8,items=4,raw_cycles=12772
PROFILE_SAMPLE,param=128f,config=mve_compact,backend=mve,matvec=compact,operation=gf_frobenius_batch4_e7,sample=4,inner=8,items=4,raw_cycles=12772
PROFILE_SAMPLE,param=128f,config=mve_compact,backend=mve,matvec=compact,operation=gf_frobenius_batch4_e7,sample=5,inner=8,items=4,raw_cycles=12772
PROFILE_SAMPLE,param=128f,config=mve_compact,backend=mve,matvec=compact,operation=gf_frobenius_batch4_e7,sample=6,inner=8,items=4,raw_cycles=12772
PROFILE_SAMPLE,param=128f,config=mve_compact,backend=mve,matvec=compact,operation=gf_frobenius_batch4_e7,sample=7,inner=8,items=4,raw_cycles=12772
PROFILE_SAMPLE,param=128f,config=mve_compact,backend=mve,matvec=compact,operation=gf_frobenius_batch4_e7,sample=8,inner=8,items=4,raw_cycles=12772
PROFILE_SAMPLE,param=128f,config=mve_compact,backend=mve,matvec=compact,operation=gf_frobenius_batch4_e7,sample=9,inner=8,items=4,raw_cycles=12772
PROFILE_SAMPLE,param=128f,config=mve_compact,backend=mve,matvec=compact,operation=gf_frobenius_batch4_e7,sample=10,inner=8,items=4,raw_cycles=12772
PROFILE_SAMPLE,param=128f,config=mve_compact,backend=mve,matvec=compact,operation=gf_frobenius_batch4_e7,sample=11,inner=8,items=4,raw_cycles=12772
PROFILE_SAMPLE,param=128f,config=mve_compact,backend=mve,matvec=compact,operation=gf_frobenius_batch4_e7,sample=12,inner=8,items=4,raw_cycles=12772
PROFILE_SAMPLE,param=128f,config=mve_compact,backend=mve,matvec=compact,operation=gf_frobenius_batch4_e7,sample=13,inner=8,items=4,raw_cycles=12772
PROFILE_SAMPLE,param=128f,config=mve_compact,backend=mve,matvec=compact,operation=gf_frobenius_batch4_e7,sample=14,inner=8,items=4,raw_cycles=12772
PROFILE_SAMPLE,param=128f,config=mve_compact,backend=mve,matvec=compact,operation=gf_frobenius_batch4_e7,sample=15,inner=8,items=4,raw_cycles=12772
PROFILE_SAMPLE,param=128f,config=mve_compact,backend=mve,matvec=compact,operation=gf_frobenius_batch4_e7,sample=16,inner=8,items=4,raw_cycles=12772
PROFILE_SAMPLE,param=128f,config=mve_compact,backend=mve,matvec=compact,operation=gf_frobenius_batch4_e7,sample=17,inner=8,items=4,raw_cycles=12772
PROFILE_SAMPLE,param=128f,config=mve_compact,backend=mve,matvec=compact,operation=gf_frobenius_batch4_e7,sample=18,inner=8,items=4,raw_cycles=12772
PROFILE_SAMPLE,param=128f,config=mve_compact,backend=mve,matvec=compact,operation=gf_frobenius_batch4_e7,sample=19,inner=8,items=4,raw_cycles=12772
PROFILE_SAMPLE,param=128f,config=mve_compact,backend=mve,matvec=compact,operation=gf_frobenius_batch4_e7,sample=20,inner=8,items=4,raw_cycles=12772
PROFILE_SAMPLE,param=128f,config=mve_compact,backend=mve,matvec=compact,operation=gf_frobenius_batch4_e7,sample=21,inner=8,items=4,raw_cycles=12772
PROFILE_SAMPLE,param=128f,config=mve_compact,backend=mve,matvec=compact,operation=gf_frobenius_batch4_e7,sample=22,inner=8,items=4,raw_cycles=12772
PROFILE_SAMPLE,param=128f,config=mve_compact,backend=mve,matvec=compact,operation=gf_frobenius_batch4_e7,sample=23,inner=8,items=4,raw_cycles=12772
PROFILE_SAMPLE,param=128f,config=mve_compact,backend=mve,matvec=compact,operation=gf_frobenius_batch4_e7,sample=24,inner=8,items=4,raw_cycles=12772
PROFILE_SAMPLE,param=128f,config=mve_compact,backend=mve,matvec=compact,operation=gf_frobenius_batch4_e7,sample=25,inner=8,items=4,raw_cycles=12772
PROFILE_SAMPLE,param=128f,config=mve_compact,backend=mve,matvec=compact,operation=gf_frobenius_batch4_e7,sample=26,inner=8,items=4,raw_cycles=12772
PROFILE_SAMPLE,param=128f,config=mve_compact,backend=mve,matvec=compact,operation=gf_frobenius_batch4_e7,sample=27,inner=8,items=4,raw_cycles=12772
PROFILE_SAMPLE,param=128f,config=mve_compact,backend=mve,matvec=compact,operation=gf_frobenius_batch4_e7,sample=28,inner=8,items=4,raw_cycles=12772
PROFILE_SAMPLE,param=128f,config=mve_compact,backend=mve,matvec=compact,operation=gf_frobenius_batch4_e7,sample=29,inner=8,items=4,raw_cycles=12772
PROFILE_SAMPLE,param=128f,config=mve_compact,backend=mve,matvec=compact,operation=gf_frobenius_batch4_e7,sample=30,inner=8,items=4,raw_cycles=12772
PROFILE_RESULT,param=128f,config=mve_compact,backend=mve,matvec=compact,operation=gf_frobenius_batch4_e7,samples=31,inner=8,items=4,min=1596.50,median=1596.50,mean=1596.62,stddev=0.66,max=1600.25,cycles_per_item_mean=399.16
PROFILE_SAMPLE,param=128f,config=mve_compact,backend=mve,matvec=compact,operation=gf_frobenius_batch4_e11,sample=0,inner=8,items=4,raw_cycles=18880
PROFILE_SAMPLE,param=128f,config=mve_compact,backend=mve,matvec=compact,operation=gf_frobenius_batch4_e11,sample=1,inner=8,items=4,raw_cycles=18788
PROFILE_SAMPLE,param=128f,config=mve_compact,backend=mve,matvec=compact,operation=gf_frobenius_batch4_e11,sample=2,inner=8,items=4,raw_cycles=18788
PROFILE_SAMPLE,param=128f,config=mve_compact,backend=mve,matvec=compact,operation=gf_frobenius_batch4_e11,sample=3,inner=8,items=4,raw_cycles=18788
PROFILE_SAMPLE,param=128f,config=mve_compact,backend=mve,matvec=compact,operation=gf_frobenius_batch4_e11,sample=4,inner=8,items=4,raw_cycles=18788
PROFILE_SAMPLE,param=128f,config=mve_compact,backend=mve,matvec=compact,operation=gf_frobenius_batch4_e11,sample=5,inner=8,items=4,raw_cycles=18788
PROFILE_SAMPLE,param=128f,config=mve_compact,backend=mve,matvec=compact,operation=gf_frobenius_batch4_e11,sample=6,inner=8,items=4,raw_cycles=18788
PROFILE_SAMPLE,param=128f,config=mve_compact,backend=mve,matvec=compact,operation=gf_frobenius_batch4_e11,sample=7,inner=8,items=4,raw_cycles=18788
PROFILE_SAMPLE,param=128f,config=mve_compact,backend=mve,matvec=compact,operation=gf_frobenius_batch4_e11,sample=8,inner=8,items=4,raw_cycles=18788
PROFILE_SAMPLE,param=128f,config=mve_compact,backend=mve,matvec=compact,operation=gf_frobenius_batch4_e11,sample=9,inner=8,items=4,raw_cycles=18788
PROFILE_SAMPLE,param=128f,config=mve_compact,backend=mve,matvec=compact,operation=gf_frobenius_batch4_e11,sample=10,inner=8,items=4,raw_cycles=18788
PROFILE_SAMPLE,param=128f,config=mve_compact,backend=mve,matvec=compact,operation=gf_frobenius_batch4_e11,sample=11,inner=8,items=4,raw_cycles=18788
PROFILE_SAMPLE,param=128f,config=mve_compact,backend=mve,matvec=compact,operation=gf_frobenius_batch4_e11,sample=12,inner=8,items=4,raw_cycles=18788
PROFILE_SAMPLE,param=128f,config=mve_compact,backend=mve,matvec=compact,operation=gf_frobenius_batch4_e11,sample=13,inner=8,items=4,raw_cycles=18788
PROFILE_SAMPLE,param=128f,config=mve_compact,backend=mve,matvec=compact,operation=gf_frobenius_batch4_e11,sample=14,inner=8,items=4,raw_cycles=18788
PROFILE_SAMPLE,param=128f,config=mve_compact,backend=mve,matvec=compact,operation=gf_frobenius_batch4_e11,sample=15,inner=8,items=4,raw_cycles=18788
PROFILE_SAMPLE,param=128f,config=mve_compact,backend=mve,matvec=compact,operation=gf_frobenius_batch4_e11,sample=16,inner=8,items=4,raw_cycles=18788
PROFILE_SAMPLE,param=128f,config=mve_compact,backend=mve,matvec=compact,operation=gf_frobenius_batch4_e11,sample=17,inner=8,items=4,raw_cycles=18788
PROFILE_SAMPLE,param=128f,config=mve_compact,backend=mve,matvec=compact,operation=gf_frobenius_batch4_e11,sample=18,inner=8,items=4,raw_cycles=18788
PROFILE_SAMPLE,param=128f,config=mve_compact,backend=mve,matvec=compact,operation=gf_frobenius_batch4_e11,sample=19,inner=8,items=4,raw_cycles=18788
PROFILE_SAMPLE,param=128f,config=mve_compact,backend=mve,matvec=compact,operation=gf_frobenius_batch4_e11,sample=20,inner=8,items=4,raw_cycles=18788
PROFILE_SAMPLE,param=128f,config=mve_compact,backend=mve,matvec=compact,operation=gf_frobenius_batch4_e11,sample=21,inner=8,items=4,raw_cycles=18788
PROFILE_SAMPLE,param=128f,config=mve_compact,backend=mve,matvec=compact,operation=gf_frobenius_batch4_e11,sample=22,inner=8,items=4,raw_cycles=18788
PROFILE_SAMPLE,param=128f,config=mve_compact,backend=mve,matvec=compact,operation=gf_frobenius_batch4_e11,sample=23,inner=8,items=4,raw_cycles=18788
PROFILE_SAMPLE,param=128f,config=mve_compact,backend=mve,matvec=compact,operation=gf_frobenius_batch4_e11,sample=24,inner=8,items=4,raw_cycles=18788
PROFILE_SAMPLE,param=128f,config=mve_compact,backend=mve,matvec=compact,operation=gf_frobenius_batch4_e11,sample=25,inner=8,items=4,raw_cycles=18788
PROFILE_SAMPLE,param=128f,config=mve_compact,backend=mve,matvec=compact,operation=gf_frobenius_batch4_e11,sample=26,inner=8,items=4,raw_cycles=18788
PROFILE_SAMPLE,param=128f,config=mve_compact,backend=mve,matvec=compact,operation=gf_frobenius_batch4_e11,sample=27,inner=8,items=4,raw_cycles=18788
PROFILE_SAMPLE,param=128f,config=mve_compact,backend=mve,matvec=compact,operation=gf_frobenius_batch4_e11,sample=28,inner=8,items=4,raw_cycles=18788
PROFILE_SAMPLE,param=128f,config=mve_compact,backend=mve,matvec=compact,operation=gf_frobenius_batch4_e11,sample=29,inner=8,items=4,raw_cycles=18788
PROFILE_SAMPLE,param=128f,config=mve_compact,backend=mve,matvec=compact,operation=gf_frobenius_batch4_e11,sample=30,inner=8,items=4,raw_cycles=18788
PROFILE_RESULT,param=128f,config=mve_compact,backend=mve,matvec=compact,operation=gf_frobenius_batch4_e11,samples=31,inner=8,items=4,min=2348.50,median=2348.50,mean=2348.87,stddev=2.03,max=2360.00,cycles_per_item_mean=587.22
PROFILE_SAMPLE,param=128f,config=mve_compact,backend=mve,matvec=compact,operation=gf_mul_const_batch4,sample=0,inner=64,items=4,raw_cycles=578866
PROFILE_SAMPLE,param=128f,config=mve_compact,backend=mve,matvec=compact,operation=gf_mul_const_batch4,sample=1,inner=64,items=4,raw_cycles=577989
PROFILE_SAMPLE,param=128f,config=mve_compact,backend=mve,matvec=compact,operation=gf_mul_const_batch4,sample=2,inner=64,items=4,raw_cycles=577989
PROFILE_SAMPLE,param=128f,config=mve_compact,backend=mve,matvec=compact,operation=gf_mul_const_batch4,sample=3,inner=64,items=4,raw_cycles=577989
PROFILE_SAMPLE,param=128f,config=mve_compact,backend=mve,matvec=compact,operation=gf_mul_const_batch4,sample=4,inner=64,items=4,raw_cycles=577989
PROFILE_SAMPLE,param=128f,config=mve_compact,backend=mve,matvec=compact,operation=gf_mul_const_batch4,sample=5,inner=64,items=4,raw_cycles=577989
PROFILE_SAMPLE,param=128f,config=mve_compact,backend=mve,matvec=compact,operation=gf_mul_const_batch4,sample=6,inner=64,items=4,raw_cycles=577989
PROFILE_SAMPLE,param=128f,config=mve_compact,backend=mve,matvec=compact,operation=gf_mul_const_batch4,sample=7,inner=64,items=4,raw_cycles=577989
PROFILE_SAMPLE,param=128f,config=mve_compact,backend=mve,matvec=compact,operation=gf_mul_const_batch4,sample=8,inner=64,items=4,raw_cycles=577989
PROFILE_SAMPLE,param=128f,config=mve_compact,backend=mve,matvec=compact,operation=gf_mul_const_batch4,sample=9,inner=64,items=4,raw_cycles=577989
PROFILE_SAMPLE,param=128f,config=mve_compact,backend=mve,matvec=compact,operation=gf_mul_const_batch4,sample=10,inner=64,items=4,raw_cycles=577989
PROFILE_SAMPLE,param=128f,config=mve_compact,backend=mve,matvec=compact,operation=gf_mul_const_batch4,sample=11,inner=64,items=4,raw_cycles=577989
PROFILE_SAMPLE,param=128f,config=mve_compact,backend=mve,matvec=compact,operation=gf_mul_const_batch4,sample=12,inner=64,items=4,raw_cycles=577989
PROFILE_SAMPLE,param=128f,config=mve_compact,backend=mve,matvec=compact,operation=gf_mul_const_batch4,sample=13,inner=64,items=4,raw_cycles=577989
PROFILE_SAMPLE,param=128f,config=mve_compact,backend=mve,matvec=compact,operation=gf_mul_const_batch4,sample=14,inner=64,items=4,raw_cycles=577989
PROFILE_SAMPLE,param=128f,config=mve_compact,backend=mve,matvec=compact,operation=gf_mul_const_batch4,sample=15,inner=64,items=4,raw_cycles=577989
PROFILE_SAMPLE,param=128f,config=mve_compact,backend=mve,matvec=compact,operation=gf_mul_const_batch4,sample=16,inner=64,items=4,raw_cycles=577989
PROFILE_SAMPLE,param=128f,config=mve_compact,backend=mve,matvec=compact,operation=gf_mul_const_batch4,sample=17,inner=64,items=4,raw_cycles=577989
PROFILE_SAMPLE,param=128f,config=mve_compact,backend=mve,matvec=compact,operation=gf_mul_const_batch4,sample=18,inner=64,items=4,raw_cycles=577989
PROFILE_SAMPLE,param=128f,config=mve_compact,backend=mve,matvec=compact,operation=gf_mul_const_batch4,sample=19,inner=64,items=4,raw_cycles=577989
PROFILE_SAMPLE,param=128f,config=mve_compact,backend=mve,matvec=compact,operation=gf_mul_const_batch4,sample=20,inner=64,items=4,raw_cycles=577989
PROFILE_SAMPLE,param=128f,config=mve_compact,backend=mve,matvec=compact,operation=gf_mul_const_batch4,sample=21,inner=64,items=4,raw_cycles=577989
PROFILE_SAMPLE,param=128f,config=mve_compact,backend=mve,matvec=compact,operation=gf_mul_const_batch4,sample=22,inner=64,items=4,raw_cycles=577989
PROFILE_SAMPLE,param=128f,config=mve_compact,backend=mve,matvec=compact,operation=gf_mul_const_batch4,sample=23,inner=64,items=4,raw_cycles=577989
PROFILE_SAMPLE,param=128f,config=mve_compact,backend=mve,matvec=compact,operation=gf_mul_const_batch4,sample=24,inner=64,items=4,raw_cycles=577989
PROFILE_SAMPLE,param=128f,config=mve_compact,backend=mve,matvec=compact,operation=gf_mul_const_batch4,sample=25,inner=64,items=4,raw_cycles=577989
PROFILE_SAMPLE,param=128f,config=mve_compact,backend=mve,matvec=compact,operation=gf_mul_const_batch4,sample=26,inner=64,items=4,raw_cycles=577989
PROFILE_SAMPLE,param=128f,config=mve_compact,backend=mve,matvec=compact,operation=gf_mul_const_batch4,sample=27,inner=64,items=4,raw_cycles=577990
PROFILE_SAMPLE,param=128f,config=mve_compact,backend=mve,matvec=compact,operation=gf_mul_const_batch4,sample=28,inner=64,items=4,raw_cycles=577989
PROFILE_SAMPLE,param=128f,config=mve_compact,backend=mve,matvec=compact,operation=gf_mul_const_batch4,sample=29,inner=64,items=4,raw_cycles=577989
PROFILE_SAMPLE,param=128f,config=mve_compact,backend=mve,matvec=compact,operation=gf_mul_const_batch4,sample=30,inner=64,items=4,raw_cycles=577989
PROFILE_RESULT,param=128f,config=mve_compact,backend=mve,matvec=compact,operation=gf_mul_const_batch4,samples=31,inner=64,items=4,min=9031.08,median=9031.08,mean=9031.52,stddev=2.42,max=9044.78,cycles_per_item_mean=2257.88
PROFILE_SAMPLE,param=128f,config=mve_compact,backend=mve,matvec=compact,operation=gf_mat_vec_mul_batch4,sample=0,inner=64,items=4,raw_cycles=1025282
PROFILE_SAMPLE,param=128f,config=mve_compact,backend=mve,matvec=compact,operation=gf_mat_vec_mul_batch4,sample=1,inner=64,items=4,raw_cycles=1025222
PROFILE_SAMPLE,param=128f,config=mve_compact,backend=mve,matvec=compact,operation=gf_mat_vec_mul_batch4,sample=2,inner=64,items=4,raw_cycles=1025222
PROFILE_SAMPLE,param=128f,config=mve_compact,backend=mve,matvec=compact,operation=gf_mat_vec_mul_batch4,sample=3,inner=64,items=4,raw_cycles=1025222
PROFILE_SAMPLE,param=128f,config=mve_compact,backend=mve,matvec=compact,operation=gf_mat_vec_mul_batch4,sample=4,inner=64,items=4,raw_cycles=1025222
PROFILE_SAMPLE,param=128f,config=mve_compact,backend=mve,matvec=compact,operation=gf_mat_vec_mul_batch4,sample=5,inner=64,items=4,raw_cycles=1025222
PROFILE_SAMPLE,param=128f,config=mve_compact,backend=mve,matvec=compact,operation=gf_mat_vec_mul_batch4,sample=6,inner=64,items=4,raw_cycles=1025222
PROFILE_SAMPLE,param=128f,config=mve_compact,backend=mve,matvec=compact,operation=gf_mat_vec_mul_batch4,sample=7,inner=64,items=4,raw_cycles=1025222
PROFILE_SAMPLE,param=128f,config=mve_compact,backend=mve,matvec=compact,operation=gf_mat_vec_mul_batch4,sample=8,inner=64,items=4,raw_cycles=1025222
PROFILE_SAMPLE,param=128f,config=mve_compact,backend=mve,matvec=compact,operation=gf_mat_vec_mul_batch4,sample=9,inner=64,items=4,raw_cycles=1025222
PROFILE_SAMPLE,param=128f,config=mve_compact,backend=mve,matvec=compact,operation=gf_mat_vec_mul_batch4,sample=10,inner=64,items=4,raw_cycles=1025222
PROFILE_SAMPLE,param=128f,config=mve_compact,backend=mve,matvec=compact,operation=gf_mat_vec_mul_batch4,sample=11,inner=64,items=4,raw_cycles=1025222
PROFILE_SAMPLE,param=128f,config=mve_compact,backend=mve,matvec=compact,operation=gf_mat_vec_mul_batch4,sample=12,inner=64,items=4,raw_cycles=1025222
PROFILE_SAMPLE,param=128f,config=mve_compact,backend=mve,matvec=compact,operation=gf_mat_vec_mul_batch4,sample=13,inner=64,items=4,raw_cycles=1025222
PROFILE_SAMPLE,param=128f,config=mve_compact,backend=mve,matvec=compact,operation=gf_mat_vec_mul_batch4,sample=14,inner=64,items=4,raw_cycles=1025222
PROFILE_SAMPLE,param=128f,config=mve_compact,backend=mve,matvec=compact,operation=gf_mat_vec_mul_batch4,sample=15,inner=64,items=4,raw_cycles=1025222
PROFILE_SAMPLE,param=128f,config=mve_compact,backend=mve,matvec=compact,operation=gf_mat_vec_mul_batch4,sample=16,inner=64,items=4,raw_cycles=1025223
PROFILE_SAMPLE,param=128f,config=mve_compact,backend=mve,matvec=compact,operation=gf_mat_vec_mul_batch4,sample=17,inner=64,items=4,raw_cycles=1025222
PROFILE_SAMPLE,param=128f,config=mve_compact,backend=mve,matvec=compact,operation=gf_mat_vec_mul_batch4,sample=18,inner=64,items=4,raw_cycles=1025222
PROFILE_SAMPLE,param=128f,config=mve_compact,backend=mve,matvec=compact,operation=gf_mat_vec_mul_batch4,sample=19,inner=64,items=4,raw_cycles=1025222
PROFILE_SAMPLE,param=128f,config=mve_compact,backend=mve,matvec=compact,operation=gf_mat_vec_mul_batch4,sample=20,inner=64,items=4,raw_cycles=1025222
PROFILE_SAMPLE,param=128f,config=mve_compact,backend=mve,matvec=compact,operation=gf_mat_vec_mul_batch4,sample=21,inner=64,items=4,raw_cycles=1025222
PROFILE_SAMPLE,param=128f,config=mve_compact,backend=mve,matvec=compact,operation=gf_mat_vec_mul_batch4,sample=22,inner=64,items=4,raw_cycles=1025222
PROFILE_SAMPLE,param=128f,config=mve_compact,backend=mve,matvec=compact,operation=gf_mat_vec_mul_batch4,sample=23,inner=64,items=4,raw_cycles=1025222
PROFILE_SAMPLE,param=128f,config=mve_compact,backend=mve,matvec=compact,operation=gf_mat_vec_mul_batch4,sample=24,inner=64,items=4,raw_cycles=1025222
PROFILE_SAMPLE,param=128f,config=mve_compact,backend=mve,matvec=compact,operation=gf_mat_vec_mul_batch4,sample=25,inner=64,items=4,raw_cycles=1025222
PROFILE_SAMPLE,param=128f,config=mve_compact,backend=mve,matvec=compact,operation=gf_mat_vec_mul_batch4,sample=26,inner=64,items=4,raw_cycles=1025222
PROFILE_SAMPLE,param=128f,config=mve_compact,backend=mve,matvec=compact,operation=gf_mat_vec_mul_batch4,sample=27,inner=64,items=4,raw_cycles=1025222
PROFILE_SAMPLE,param=128f,config=mve_compact,backend=mve,matvec=compact,operation=gf_mat_vec_mul_batch4,sample=28,inner=64,items=4,raw_cycles=1025222
PROFILE_SAMPLE,param=128f,config=mve_compact,backend=mve,matvec=compact,operation=gf_mat_vec_mul_batch4,sample=29,inner=64,items=4,raw_cycles=1025222
PROFILE_SAMPLE,param=128f,config=mve_compact,backend=mve,matvec=compact,operation=gf_mat_vec_mul_batch4,sample=30,inner=64,items=4,raw_cycles=1025222
PROFILE_RESULT,param=128f,config=mve_compact,backend=mve,matvec=compact,operation=gf_mat_vec_mul_batch4,samples=31,inner=64,items=4,min=16019.09,median=16019.09,mean=16019.12,stddev=0.17,max=16020.03,cycles_per_item_mean=4004.78
PROFILE_SAMPLE,param=128f,config=mve_compact,backend=mve,matvec=compact,operation=gf_mat_vec_mul_add_batch4,sample=0,inner=64,items=4,raw_cycles=1032649
PROFILE_SAMPLE,param=128f,config=mve_compact,backend=mve,matvec=compact,operation=gf_mat_vec_mul_add_batch4,sample=1,inner=64,items=4,raw_cycles=1032519
PROFILE_SAMPLE,param=128f,config=mve_compact,backend=mve,matvec=compact,operation=gf_mat_vec_mul_add_batch4,sample=2,inner=64,items=4,raw_cycles=1032519
PROFILE_SAMPLE,param=128f,config=mve_compact,backend=mve,matvec=compact,operation=gf_mat_vec_mul_add_batch4,sample=3,inner=64,items=4,raw_cycles=1032519
PROFILE_SAMPLE,param=128f,config=mve_compact,backend=mve,matvec=compact,operation=gf_mat_vec_mul_add_batch4,sample=4,inner=64,items=4,raw_cycles=1032519
PROFILE_SAMPLE,param=128f,config=mve_compact,backend=mve,matvec=compact,operation=gf_mat_vec_mul_add_batch4,sample=5,inner=64,items=4,raw_cycles=1032519
PROFILE_SAMPLE,param=128f,config=mve_compact,backend=mve,matvec=compact,operation=gf_mat_vec_mul_add_batch4,sample=6,inner=64,items=4,raw_cycles=1032519
PROFILE_SAMPLE,param=128f,config=mve_compact,backend=mve,matvec=compact,operation=gf_mat_vec_mul_add_batch4,sample=7,inner=64,items=4,raw_cycles=1032519
PROFILE_SAMPLE,param=128f,config=mve_compact,backend=mve,matvec=compact,operation=gf_mat_vec_mul_add_batch4,sample=8,inner=64,items=4,raw_cycles=1032519
PROFILE_SAMPLE,param=128f,config=mve_compact,backend=mve,matvec=compact,operation=gf_mat_vec_mul_add_batch4,sample=9,inner=64,items=4,raw_cycles=1032519
PROFILE_SAMPLE,param=128f,config=mve_compact,backend=mve,matvec=compact,operation=gf_mat_vec_mul_add_batch4,sample=10,inner=64,items=4,raw_cycles=1032519
PROFILE_SAMPLE,param=128f,config=mve_compact,backend=mve,matvec=compact,operation=gf_mat_vec_mul_add_batch4,sample=11,inner=64,items=4,raw_cycles=1032519
PROFILE_SAMPLE,param=128f,config=mve_compact,backend=mve,matvec=compact,operation=gf_mat_vec_mul_add_batch4,sample=12,inner=64,items=4,raw_cycles=1032520
PROFILE_SAMPLE,param=128f,config=mve_compact,backend=mve,matvec=compact,operation=gf_mat_vec_mul_add_batch4,sample=13,inner=64,items=4,raw_cycles=1032519
PROFILE_SAMPLE,param=128f,config=mve_compact,backend=mve,matvec=compact,operation=gf_mat_vec_mul_add_batch4,sample=14,inner=64,items=4,raw_cycles=1032519
PROFILE_SAMPLE,param=128f,config=mve_compact,backend=mve,matvec=compact,operation=gf_mat_vec_mul_add_batch4,sample=15,inner=64,items=4,raw_cycles=1032519
PROFILE_SAMPLE,param=128f,config=mve_compact,backend=mve,matvec=compact,operation=gf_mat_vec_mul_add_batch4,sample=16,inner=64,items=4,raw_cycles=1032519
PROFILE_SAMPLE,param=128f,config=mve_compact,backend=mve,matvec=compact,operation=gf_mat_vec_mul_add_batch4,sample=17,inner=64,items=4,raw_cycles=1032519
PROFILE_SAMPLE,param=128f,config=mve_compact,backend=mve,matvec=compact,operation=gf_mat_vec_mul_add_batch4,sample=18,inner=64,items=4,raw_cycles=1032519
PROFILE_SAMPLE,param=128f,config=mve_compact,backend=mve,matvec=compact,operation=gf_mat_vec_mul_add_batch4,sample=19,inner=64,items=4,raw_cycles=1032519
PROFILE_SAMPLE,param=128f,config=mve_compact,backend=mve,matvec=compact,operation=gf_mat_vec_mul_add_batch4,sample=20,inner=64,items=4,raw_cycles=1032519
PROFILE_SAMPLE,param=128f,config=mve_compact,backend=mve,matvec=compact,operation=gf_mat_vec_mul_add_batch4,sample=21,inner=64,items=4,raw_cycles=1032519
PROFILE_SAMPLE,param=128f,config=mve_compact,backend=mve,matvec=compact,operation=gf_mat_vec_mul_add_batch4,sample=22,inner=64,items=4,raw_cycles=1032519
PROFILE_SAMPLE,param=128f,config=mve_compact,backend=mve,matvec=compact,operation=gf_mat_vec_mul_add_batch4,sample=23,inner=64,items=4,raw_cycles=1032519
PROFILE_SAMPLE,param=128f,config=mve_compact,backend=mve,matvec=compact,operation=gf_mat_vec_mul_add_batch4,sample=24,inner=64,items=4,raw_cycles=1032519
PROFILE_SAMPLE,param=128f,config=mve_compact,backend=mve,matvec=compact,operation=gf_mat_vec_mul_add_batch4,sample=25,inner=64,items=4,raw_cycles=1032519
PROFILE_SAMPLE,param=128f,config=mve_compact,backend=mve,matvec=compact,operation=gf_mat_vec_mul_add_batch4,sample=26,inner=64,items=4,raw_cycles=1032519
PROFILE_SAMPLE,param=128f,config=mve_compact,backend=mve,matvec=compact,operation=gf_mat_vec_mul_add_batch4,sample=27,inner=64,items=4,raw_cycles=1032519
PROFILE_SAMPLE,param=128f,config=mve_compact,backend=mve,matvec=compact,operation=gf_mat_vec_mul_add_batch4,sample=28,inner=64,items=4,raw_cycles=1032519
PROFILE_SAMPLE,param=128f,config=mve_compact,backend=mve,matvec=compact,operation=gf_mat_vec_mul_add_batch4,sample=29,inner=64,items=4,raw_cycles=1032519
PROFILE_SAMPLE,param=128f,config=mve_compact,backend=mve,matvec=compact,operation=gf_mat_vec_mul_add_batch4,sample=30,inner=64,items=4,raw_cycles=1032519
PROFILE_RESULT,param=128f,config=mve_compact,backend=mve,matvec=compact,operation=gf_mat_vec_mul_add_batch4,samples=31,inner=64,items=4,min=16133.11,median=16133.11,mean=16133.18,stddev=0.36,max=16135.14,cycles_per_item_mean=4033.29
PROFILE_SAMPLE,param=128f,config=mve_compact,backend=mve,matvec=compact,operation=aim3_mpc_batch4,sample=0,inner=8,items=4,raw_cycles=564277
PROFILE_SAMPLE,param=128f,config=mve_compact,backend=mve,matvec=compact,operation=aim3_mpc_batch4,sample=1,inner=8,items=4,raw_cycles=563493
PROFILE_SAMPLE,param=128f,config=mve_compact,backend=mve,matvec=compact,operation=aim3_mpc_batch4,sample=2,inner=8,items=4,raw_cycles=563492
PROFILE_SAMPLE,param=128f,config=mve_compact,backend=mve,matvec=compact,operation=aim3_mpc_batch4,sample=3,inner=8,items=4,raw_cycles=563493
PROFILE_SAMPLE,param=128f,config=mve_compact,backend=mve,matvec=compact,operation=aim3_mpc_batch4,sample=4,inner=8,items=4,raw_cycles=563493
PROFILE_SAMPLE,param=128f,config=mve_compact,backend=mve,matvec=compact,operation=aim3_mpc_batch4,sample=5,inner=8,items=4,raw_cycles=563493
PROFILE_SAMPLE,param=128f,config=mve_compact,backend=mve,matvec=compact,operation=aim3_mpc_batch4,sample=6,inner=8,items=4,raw_cycles=563493
PROFILE_SAMPLE,param=128f,config=mve_compact,backend=mve,matvec=compact,operation=aim3_mpc_batch4,sample=7,inner=8,items=4,raw_cycles=563492
PROFILE_SAMPLE,param=128f,config=mve_compact,backend=mve,matvec=compact,operation=aim3_mpc_batch4,sample=8,inner=8,items=4,raw_cycles=563493
PROFILE_SAMPLE,param=128f,config=mve_compact,backend=mve,matvec=compact,operation=aim3_mpc_batch4,sample=9,inner=8,items=4,raw_cycles=563491
PROFILE_SAMPLE,param=128f,config=mve_compact,backend=mve,matvec=compact,operation=aim3_mpc_batch4,sample=10,inner=8,items=4,raw_cycles=563493
PROFILE_SAMPLE,param=128f,config=mve_compact,backend=mve,matvec=compact,operation=aim3_mpc_batch4,sample=11,inner=8,items=4,raw_cycles=563492
PROFILE_SAMPLE,param=128f,config=mve_compact,backend=mve,matvec=compact,operation=aim3_mpc_batch4,sample=12,inner=8,items=4,raw_cycles=563493
PROFILE_SAMPLE,param=128f,config=mve_compact,backend=mve,matvec=compact,operation=aim3_mpc_batch4,sample=13,inner=8,items=4,raw_cycles=563493
PROFILE_SAMPLE,param=128f,config=mve_compact,backend=mve,matvec=compact,operation=aim3_mpc_batch4,sample=14,inner=8,items=4,raw_cycles=563492
PROFILE_SAMPLE,param=128f,config=mve_compact,backend=mve,matvec=compact,operation=aim3_mpc_batch4,sample=15,inner=8,items=4,raw_cycles=563493
PROFILE_SAMPLE,param=128f,config=mve_compact,backend=mve,matvec=compact,operation=aim3_mpc_batch4,sample=16,inner=8,items=4,raw_cycles=563492
PROFILE_SAMPLE,param=128f,config=mve_compact,backend=mve,matvec=compact,operation=aim3_mpc_batch4,sample=17,inner=8,items=4,raw_cycles=563493
PROFILE_SAMPLE,param=128f,config=mve_compact,backend=mve,matvec=compact,operation=aim3_mpc_batch4,sample=18,inner=8,items=4,raw_cycles=563492
PROFILE_SAMPLE,param=128f,config=mve_compact,backend=mve,matvec=compact,operation=aim3_mpc_batch4,sample=19,inner=8,items=4,raw_cycles=563492
PROFILE_SAMPLE,param=128f,config=mve_compact,backend=mve,matvec=compact,operation=aim3_mpc_batch4,sample=20,inner=8,items=4,raw_cycles=563492
PROFILE_SAMPLE,param=128f,config=mve_compact,backend=mve,matvec=compact,operation=aim3_mpc_batch4,sample=21,inner=8,items=4,raw_cycles=563493
PROFILE_SAMPLE,param=128f,config=mve_compact,backend=mve,matvec=compact,operation=aim3_mpc_batch4,sample=22,inner=8,items=4,raw_cycles=563493
PROFILE_SAMPLE,param=128f,config=mve_compact,backend=mve,matvec=compact,operation=aim3_mpc_batch4,sample=23,inner=8,items=4,raw_cycles=563494
PROFILE_SAMPLE,param=128f,config=mve_compact,backend=mve,matvec=compact,operation=aim3_mpc_batch4,sample=24,inner=8,items=4,raw_cycles=563492
PROFILE_SAMPLE,param=128f,config=mve_compact,backend=mve,matvec=compact,operation=aim3_mpc_batch4,sample=25,inner=8,items=4,raw_cycles=563493
PROFILE_SAMPLE,param=128f,config=mve_compact,backend=mve,matvec=compact,operation=aim3_mpc_batch4,sample=26,inner=8,items=4,raw_cycles=563493
PROFILE_SAMPLE,param=128f,config=mve_compact,backend=mve,matvec=compact,operation=aim3_mpc_batch4,sample=27,inner=8,items=4,raw_cycles=563492
PROFILE_SAMPLE,param=128f,config=mve_compact,backend=mve,matvec=compact,operation=aim3_mpc_batch4,sample=28,inner=8,items=4,raw_cycles=563493
PROFILE_SAMPLE,param=128f,config=mve_compact,backend=mve,matvec=compact,operation=aim3_mpc_batch4,sample=29,inner=8,items=4,raw_cycles=563491
PROFILE_SAMPLE,param=128f,config=mve_compact,backend=mve,matvec=compact,operation=aim3_mpc_batch4,sample=30,inner=8,items=4,raw_cycles=563493
PROFILE_RESULT,param=128f,config=mve_compact,backend=mve,matvec=compact,operation=aim3_mpc_batch4,samples=31,inner=8,items=4,min=70436.38,median=70436.62,mean=70439.73,stddev=17.32,max=70534.62,cycles_per_item_mean=17609.93
PROFILE_SAMPLE,param=128f,config=mve_compact,backend=mve,matvec=compact,operation=aim3_mpc_batch4_affine,sample=0,inner=8,items=4,raw_cycles=521552
PROFILE_SAMPLE,param=128f,config=mve_compact,backend=mve,matvec=compact,operation=aim3_mpc_batch4_affine,sample=1,inner=8,items=4,raw_cycles=521183
PROFILE_SAMPLE,param=128f,config=mve_compact,backend=mve,matvec=compact,operation=aim3_mpc_batch4_affine,sample=2,inner=8,items=4,raw_cycles=521182
PROFILE_SAMPLE,param=128f,config=mve_compact,backend=mve,matvec=compact,operation=aim3_mpc_batch4_affine,sample=3,inner=8,items=4,raw_cycles=521183
PROFILE_SAMPLE,param=128f,config=mve_compact,backend=mve,matvec=compact,operation=aim3_mpc_batch4_affine,sample=4,inner=8,items=4,raw_cycles=521183
PROFILE_SAMPLE,param=128f,config=mve_compact,backend=mve,matvec=compact,operation=aim3_mpc_batch4_affine,sample=5,inner=8,items=4,raw_cycles=521183
PROFILE_SAMPLE,param=128f,config=mve_compact,backend=mve,matvec=compact,operation=aim3_mpc_batch4_affine,sample=6,inner=8,items=4,raw_cycles=521183
PROFILE_SAMPLE,param=128f,config=mve_compact,backend=mve,matvec=compact,operation=aim3_mpc_batch4_affine,sample=7,inner=8,items=4,raw_cycles=521182
PROFILE_SAMPLE,param=128f,config=mve_compact,backend=mve,matvec=compact,operation=aim3_mpc_batch4_affine,sample=8,inner=8,items=4,raw_cycles=521183
PROFILE_SAMPLE,param=128f,config=mve_compact,backend=mve,matvec=compact,operation=aim3_mpc_batch4_affine,sample=9,inner=8,items=4,raw_cycles=521181
PROFILE_SAMPLE,param=128f,config=mve_compact,backend=mve,matvec=compact,operation=aim3_mpc_batch4_affine,sample=10,inner=8,items=4,raw_cycles=521183
PROFILE_SAMPLE,param=128f,config=mve_compact,backend=mve,matvec=compact,operation=aim3_mpc_batch4_affine,sample=11,inner=8,items=4,raw_cycles=521182
PROFILE_SAMPLE,param=128f,config=mve_compact,backend=mve,matvec=compact,operation=aim3_mpc_batch4_affine,sample=12,inner=8,items=4,raw_cycles=521183
PROFILE_SAMPLE,param=128f,config=mve_compact,backend=mve,matvec=compact,operation=aim3_mpc_batch4_affine,sample=13,inner=8,items=4,raw_cycles=521183
PROFILE_SAMPLE,param=128f,config=mve_compact,backend=mve,matvec=compact,operation=aim3_mpc_batch4_affine,sample=14,inner=8,items=4,raw_cycles=521182
PROFILE_SAMPLE,param=128f,config=mve_compact,backend=mve,matvec=compact,operation=aim3_mpc_batch4_affine,sample=15,inner=8,items=4,raw_cycles=521183
PROFILE_SAMPLE,param=128f,config=mve_compact,backend=mve,matvec=compact,operation=aim3_mpc_batch4_affine,sample=16,inner=8,items=4,raw_cycles=521182
PROFILE_SAMPLE,param=128f,config=mve_compact,backend=mve,matvec=compact,operation=aim3_mpc_batch4_affine,sample=17,inner=8,items=4,raw_cycles=521183
PROFILE_SAMPLE,param=128f,config=mve_compact,backend=mve,matvec=compact,operation=aim3_mpc_batch4_affine,sample=18,inner=8,items=4,raw_cycles=521182
PROFILE_SAMPLE,param=128f,config=mve_compact,backend=mve,matvec=compact,operation=aim3_mpc_batch4_affine,sample=19,inner=8,items=4,raw_cycles=521182
PROFILE_SAMPLE,param=128f,config=mve_compact,backend=mve,matvec=compact,operation=aim3_mpc_batch4_affine,sample=20,inner=8,items=4,raw_cycles=521182
PROFILE_SAMPLE,param=128f,config=mve_compact,backend=mve,matvec=compact,operation=aim3_mpc_batch4_affine,sample=21,inner=8,items=4,raw_cycles=521183
PROFILE_SAMPLE,param=128f,config=mve_compact,backend=mve,matvec=compact,operation=aim3_mpc_batch4_affine,sample=22,inner=8,items=4,raw_cycles=521183
PROFILE_SAMPLE,param=128f,config=mve_compact,backend=mve,matvec=compact,operation=aim3_mpc_batch4_affine,sample=23,inner=8,items=4,raw_cycles=521184
PROFILE_SAMPLE,param=128f,config=mve_compact,backend=mve,matvec=compact,operation=aim3_mpc_batch4_affine,sample=24,inner=8,items=4,raw_cycles=521182
PROFILE_SAMPLE,param=128f,config=mve_compact,backend=mve,matvec=compact,operation=aim3_mpc_batch4_affine,sample=25,inner=8,items=4,raw_cycles=521183
PROFILE_SAMPLE,param=128f,config=mve_compact,backend=mve,matvec=compact,operation=aim3_mpc_batch4_affine,sample=26,inner=8,items=4,raw_cycles=521183
PROFILE_SAMPLE,param=128f,config=mve_compact,backend=mve,matvec=compact,operation=aim3_mpc_batch4_affine,sample=27,inner=8,items=4,raw_cycles=521182
PROFILE_SAMPLE,param=128f,config=mve_compact,backend=mve,matvec=compact,operation=aim3_mpc_batch4_affine,sample=28,inner=8,items=4,raw_cycles=521183
PROFILE_SAMPLE,param=128f,config=mve_compact,backend=mve,matvec=compact,operation=aim3_mpc_batch4_affine,sample=29,inner=8,items=4,raw_cycles=521181
PROFILE_SAMPLE,param=128f,config=mve_compact,backend=mve,matvec=compact,operation=aim3_mpc_batch4_affine,sample=30,inner=8,items=4,raw_cycles=521183
PROFILE_RESULT,param=128f,config=mve_compact,backend=mve,matvec=compact,operation=aim3_mpc_batch4_affine,samples=31,inner=8,items=4,min=65147.62,median=65147.88,mean=65149.31,stddev=8.16,max=65194.00,cycles_per_item_mean=16287.33
PROFILE_SAMPLE,param=128f,config=mve_compact,backend=mve,matvec=compact,operation=aim3_mpc_batch4_frobenius,sample=0,inner=8,items=4,raw_cycles=41988
PROFILE_SAMPLE,param=128f,config=mve_compact,backend=mve,matvec=compact,operation=aim3_mpc_batch4_frobenius,sample=1,inner=8,items=4,raw_cycles=41784
PROFILE_SAMPLE,param=128f,config=mve_compact,backend=mve,matvec=compact,operation=aim3_mpc_batch4_frobenius,sample=2,inner=8,items=4,raw_cycles=41784
PROFILE_SAMPLE,param=128f,config=mve_compact,backend=mve,matvec=compact,operation=aim3_mpc_batch4_frobenius,sample=3,inner=8,items=4,raw_cycles=41784
PROFILE_SAMPLE,param=128f,config=mve_compact,backend=mve,matvec=compact,operation=aim3_mpc_batch4_frobenius,sample=4,inner=8,items=4,raw_cycles=41784
PROFILE_SAMPLE,param=128f,config=mve_compact,backend=mve,matvec=compact,operation=aim3_mpc_batch4_frobenius,sample=5,inner=8,items=4,raw_cycles=41784
PROFILE_SAMPLE,param=128f,config=mve_compact,backend=mve,matvec=compact,operation=aim3_mpc_batch4_frobenius,sample=6,inner=8,items=4,raw_cycles=41784
PROFILE_SAMPLE,param=128f,config=mve_compact,backend=mve,matvec=compact,operation=aim3_mpc_batch4_frobenius,sample=7,inner=8,items=4,raw_cycles=41784
PROFILE_SAMPLE,param=128f,config=mve_compact,backend=mve,matvec=compact,operation=aim3_mpc_batch4_frobenius,sample=8,inner=8,items=4,raw_cycles=41784
PROFILE_SAMPLE,param=128f,config=mve_compact,backend=mve,matvec=compact,operation=aim3_mpc_batch4_frobenius,sample=9,inner=8,items=4,raw_cycles=41784
PROFILE_SAMPLE,param=128f,config=mve_compact,backend=mve,matvec=compact,operation=aim3_mpc_batch4_frobenius,sample=10,inner=8,items=4,raw_cycles=41784
PROFILE_SAMPLE,param=128f,config=mve_compact,backend=mve,matvec=compact,operation=aim3_mpc_batch4_frobenius,sample=11,inner=8,items=4,raw_cycles=41784
PROFILE_SAMPLE,param=128f,config=mve_compact,backend=mve,matvec=compact,operation=aim3_mpc_batch4_frobenius,sample=12,inner=8,items=4,raw_cycles=41784
PROFILE_SAMPLE,param=128f,config=mve_compact,backend=mve,matvec=compact,operation=aim3_mpc_batch4_frobenius,sample=13,inner=8,items=4,raw_cycles=41784
PROFILE_SAMPLE,param=128f,config=mve_compact,backend=mve,matvec=compact,operation=aim3_mpc_batch4_frobenius,sample=14,inner=8,items=4,raw_cycles=41784
PROFILE_SAMPLE,param=128f,config=mve_compact,backend=mve,matvec=compact,operation=aim3_mpc_batch4_frobenius,sample=15,inner=8,items=4,raw_cycles=41784
PROFILE_SAMPLE,param=128f,config=mve_compact,backend=mve,matvec=compact,operation=aim3_mpc_batch4_frobenius,sample=16,inner=8,items=4,raw_cycles=41784
PROFILE_SAMPLE,param=128f,config=mve_compact,backend=mve,matvec=compact,operation=aim3_mpc_batch4_frobenius,sample=17,inner=8,items=4,raw_cycles=41784
PROFILE_SAMPLE,param=128f,config=mve_compact,backend=mve,matvec=compact,operation=aim3_mpc_batch4_frobenius,sample=18,inner=8,items=4,raw_cycles=41784
PROFILE_SAMPLE,param=128f,config=mve_compact,backend=mve,matvec=compact,operation=aim3_mpc_batch4_frobenius,sample=19,inner=8,items=4,raw_cycles=41784
PROFILE_SAMPLE,param=128f,config=mve_compact,backend=mve,matvec=compact,operation=aim3_mpc_batch4_frobenius,sample=20,inner=8,items=4,raw_cycles=41784
PROFILE_SAMPLE,param=128f,config=mve_compact,backend=mve,matvec=compact,operation=aim3_mpc_batch4_frobenius,sample=21,inner=8,items=4,raw_cycles=41784
PROFILE_SAMPLE,param=128f,config=mve_compact,backend=mve,matvec=compact,operation=aim3_mpc_batch4_frobenius,sample=22,inner=8,items=4,raw_cycles=41784
PROFILE_SAMPLE,param=128f,config=mve_compact,backend=mve,matvec=compact,operation=aim3_mpc_batch4_frobenius,sample=23,inner=8,items=4,raw_cycles=41784
PROFILE_SAMPLE,param=128f,config=mve_compact,backend=mve,matvec=compact,operation=aim3_mpc_batch4_frobenius,sample=24,inner=8,items=4,raw_cycles=41784
PROFILE_SAMPLE,param=128f,config=mve_compact,backend=mve,matvec=compact,operation=aim3_mpc_batch4_frobenius,sample=25,inner=8,items=4,raw_cycles=41784
PROFILE_SAMPLE,param=128f,config=mve_compact,backend=mve,matvec=compact,operation=aim3_mpc_batch4_frobenius,sample=26,inner=8,items=4,raw_cycles=41784
PROFILE_SAMPLE,param=128f,config=mve_compact,backend=mve,matvec=compact,operation=aim3_mpc_batch4_frobenius,sample=27,inner=8,items=4,raw_cycles=41784
PROFILE_SAMPLE,param=128f,config=mve_compact,backend=mve,matvec=compact,operation=aim3_mpc_batch4_frobenius,sample=28,inner=8,items=4,raw_cycles=41784
PROFILE_SAMPLE,param=128f,config=mve_compact,backend=mve,matvec=compact,operation=aim3_mpc_batch4_frobenius,sample=29,inner=8,items=4,raw_cycles=41784
PROFILE_SAMPLE,param=128f,config=mve_compact,backend=mve,matvec=compact,operation=aim3_mpc_batch4_frobenius,sample=30,inner=8,items=4,raw_cycles=41784
PROFILE_RESULT,param=128f,config=mve_compact,backend=mve,matvec=compact,operation=aim3_mpc_batch4_frobenius,samples=31,inner=8,items=4,min=5223.00,median=5223.00,mean=5223.82,stddev=4.51,max=5248.50,cycles_per_item_mean=1305.96
PROFILE_SAMPLE,param=128f,config=mve_compact,backend=mve,matvec=compact,operation=aim3_mpc_scalar,sample=0,inner=8,items=1,raw_cycles=171905
PROFILE_SAMPLE,param=128f,config=mve_compact,backend=mve,matvec=compact,operation=aim3_mpc_scalar,sample=1,inner=8,items=1,raw_cycles=171479
PROFILE_SAMPLE,param=128f,config=mve_compact,backend=mve,matvec=compact,operation=aim3_mpc_scalar,sample=2,inner=8,items=1,raw_cycles=171479
PROFILE_SAMPLE,param=128f,config=mve_compact,backend=mve,matvec=compact,operation=aim3_mpc_scalar,sample=3,inner=8,items=1,raw_cycles=171479
PROFILE_SAMPLE,param=128f,config=mve_compact,backend=mve,matvec=compact,operation=aim3_mpc_scalar,sample=4,inner=8,items=1,raw_cycles=171479
PROFILE_SAMPLE,param=128f,config=mve_compact,backend=mve,matvec=compact,operation=aim3_mpc_scalar,sample=5,inner=8,items=1,raw_cycles=171479
PROFILE_SAMPLE,param=128f,config=mve_compact,backend=mve,matvec=compact,operation=aim3_mpc_scalar,sample=6,inner=8,items=1,raw_cycles=171479
PROFILE_SAMPLE,param=128f,config=mve_compact,backend=mve,matvec=compact,operation=aim3_mpc_scalar,sample=7,inner=8,items=1,raw_cycles=171479
PROFILE_SAMPLE,param=128f,config=mve_compact,backend=mve,matvec=compact,operation=aim3_mpc_scalar,sample=8,inner=8,items=1,raw_cycles=171479
PROFILE_SAMPLE,param=128f,config=mve_compact,backend=mve,matvec=compact,operation=aim3_mpc_scalar,sample=9,inner=8,items=1,raw_cycles=171479
PROFILE_SAMPLE,param=128f,config=mve_compact,backend=mve,matvec=compact,operation=aim3_mpc_scalar,sample=10,inner=8,items=1,raw_cycles=171479
PROFILE_SAMPLE,param=128f,config=mve_compact,backend=mve,matvec=compact,operation=aim3_mpc_scalar,sample=11,inner=8,items=1,raw_cycles=171479
PROFILE_SAMPLE,param=128f,config=mve_compact,backend=mve,matvec=compact,operation=aim3_mpc_scalar,sample=12,inner=8,items=1,raw_cycles=171479
PROFILE_SAMPLE,param=128f,config=mve_compact,backend=mve,matvec=compact,operation=aim3_mpc_scalar,sample=13,inner=8,items=1,raw_cycles=171479
PROFILE_SAMPLE,param=128f,config=mve_compact,backend=mve,matvec=compact,operation=aim3_mpc_scalar,sample=14,inner=8,items=1,raw_cycles=171479
PROFILE_SAMPLE,param=128f,config=mve_compact,backend=mve,matvec=compact,operation=aim3_mpc_scalar,sample=15,inner=8,items=1,raw_cycles=171479
PROFILE_SAMPLE,param=128f,config=mve_compact,backend=mve,matvec=compact,operation=aim3_mpc_scalar,sample=16,inner=8,items=1,raw_cycles=171479
PROFILE_SAMPLE,param=128f,config=mve_compact,backend=mve,matvec=compact,operation=aim3_mpc_scalar,sample=17,inner=8,items=1,raw_cycles=171479
PROFILE_SAMPLE,param=128f,config=mve_compact,backend=mve,matvec=compact,operation=aim3_mpc_scalar,sample=18,inner=8,items=1,raw_cycles=171479
PROFILE_SAMPLE,param=128f,config=mve_compact,backend=mve,matvec=compact,operation=aim3_mpc_scalar,sample=19,inner=8,items=1,raw_cycles=171479
PROFILE_SAMPLE,param=128f,config=mve_compact,backend=mve,matvec=compact,operation=aim3_mpc_scalar,sample=20,inner=8,items=1,raw_cycles=171479
PROFILE_SAMPLE,param=128f,config=mve_compact,backend=mve,matvec=compact,operation=aim3_mpc_scalar,sample=21,inner=8,items=1,raw_cycles=171479
PROFILE_SAMPLE,param=128f,config=mve_compact,backend=mve,matvec=compact,operation=aim3_mpc_scalar,sample=22,inner=8,items=1,raw_cycles=171479
PROFILE_SAMPLE,param=128f,config=mve_compact,backend=mve,matvec=compact,operation=aim3_mpc_scalar,sample=23,inner=8,items=1,raw_cycles=171479
PROFILE_SAMPLE,param=128f,config=mve_compact,backend=mve,matvec=compact,operation=aim3_mpc_scalar,sample=24,inner=8,items=1,raw_cycles=171479
PROFILE_SAMPLE,param=128f,config=mve_compact,backend=mve,matvec=compact,operation=aim3_mpc_scalar,sample=25,inner=8,items=1,raw_cycles=171479
PROFILE_SAMPLE,param=128f,config=mve_compact,backend=mve,matvec=compact,operation=aim3_mpc_scalar,sample=26,inner=8,items=1,raw_cycles=171479
PROFILE_SAMPLE,param=128f,config=mve_compact,backend=mve,matvec=compact,operation=aim3_mpc_scalar,sample=27,inner=8,items=1,raw_cycles=171479
PROFILE_SAMPLE,param=128f,config=mve_compact,backend=mve,matvec=compact,operation=aim3_mpc_scalar,sample=28,inner=8,items=1,raw_cycles=171479
PROFILE_SAMPLE,param=128f,config=mve_compact,backend=mve,matvec=compact,operation=aim3_mpc_scalar,sample=29,inner=8,items=1,raw_cycles=171479
PROFILE_SAMPLE,param=128f,config=mve_compact,backend=mve,matvec=compact,operation=aim3_mpc_scalar,sample=30,inner=8,items=1,raw_cycles=171479
PROFILE_RESULT,param=128f,config=mve_compact,backend=mve,matvec=compact,operation=aim3_mpc_scalar,samples=31,inner=8,items=1,min=21434.88,median=21434.88,mean=21436.59,stddev=9.41,max=21488.12,cycles_per_item_mean=21436.59
PROFILE_PASS,param=128f,config=mve_compact,backend=mve,matvec=compact,checksum=0dc7a435fc075242
TEST_EXIT=0
