AFFINE_CONTEXT,result_dir=/Users/seungwon/AIMer3_on_AVX512/AIMer_v3/m55/benchmarks/results/affine-ablation-20260905-131658,source_sha256=2401098821284c320032ca8f57fd0fd1dca293ccde43f9a8af2b8c4e0e6875d8,command=make -B PARAM=256s BACKEND=mve MATVEC=compact TEST=profile MEMORY=full SIGN_SCHEDULE=lowmem STACK_USAGE=1 PROFILE_SAMPLES=31 PROFILE_KERNEL_INNER=64 PROFILE_COMPLEX_INNER=8 run-board 
/Users/seungwon/test/.tools/xpack-arm-none-eabi-gcc-15.2.1-1.1/bin/arm-none-eabi-gcc -DAIMER_MVE_BATCH  -DAIMER_PHASE_PROFILE -DPARAMS=256s -DAIMER_BACKEND=mve -DAIMER_MATVEC=compact -DAIMER_CONFIG=mve_compact -DBENCH_KERNEL_SAMPLES=31 -DBENCH_E2E_SAMPLES=7 -DBENCH_KERNEL_INNER=64 -DBENCH_WARMUP=1 -DPROFILE_SAMPLES=31 -DPROFILE_KERNEL_INNER=64 -DPROFILE_COMPLEX_INNER=8 -DUSE_HAL_DRIVER -DSTM32N657xx -Iinclude -I../src/sig/aimer/reference/aimer-256s -I../src -I/Users/seungwon/STM32CubeN6/Projects/NUCLEO-N657X0-Q/Templates/Template/FSBL/Inc -I/Users/seungwon/STM32CubeN6/Drivers/CMSIS/Include -I/Users/seungwon/STM32CubeN6/Drivers/CMSIS/Device/ST/STM32N6xx/Include -I/Users/seungwon/STM32CubeN6/Drivers/STM32N6xx_HAL_Driver/Inc -I/Users/seungwon/STM32CubeN6/Drivers/STM32N6xx_HAL_Driver/Inc/Legacy -O3 -std=c11 -fno-common -ffunction-sections -fdata-sections -fno-tree-vectorize -fno-tree-slp-vectorize -MMD -MP --specs=nosys.specs -Wall -Wextra -Wshadow -Wconversion -Wstrict-prototypes -mcpu=cortex-m55 -mthumb -mfloat-abi=hard -mcmse -fstack-usage -c benchmarks/profile.c -o build/full/256s/mve/profile/profile.c.o
/Users/seungwon/test/.tools/xpack-arm-none-eabi-gcc-15.2.1-1.1/bin/arm-none-eabi-gcc -DAIMER_MVE_BATCH  -DAIMER_PHASE_PROFILE -DPARAMS=256s -DAIMER_BACKEND=mve -DAIMER_MATVEC=compact -DAIMER_CONFIG=mve_compact -DBENCH_KERNEL_SAMPLES=31 -DBENCH_E2E_SAMPLES=7 -DBENCH_KERNEL_INNER=64 -DBENCH_WARMUP=1 -DPROFILE_SAMPLES=31 -DPROFILE_KERNEL_INNER=64 -DPROFILE_COMPLEX_INNER=8 -DUSE_HAL_DRIVER -DSTM32N657xx -Iinclude -I../src/sig/aimer/reference/aimer-256s -I../src -I/Users/seungwon/STM32CubeN6/Projects/NUCLEO-N657X0-Q/Templates/Template/FSBL/Inc -I/Users/seungwon/STM32CubeN6/Drivers/CMSIS/Include -I/Users/seungwon/STM32CubeN6/Drivers/CMSIS/Device/ST/STM32N6xx/Include -I/Users/seungwon/STM32CubeN6/Drivers/STM32N6xx_HAL_Driver/Inc -I/Users/seungwon/STM32CubeN6/Drivers/STM32N6xx_HAL_Driver/Inc/Legacy -O3 -std=c11 -fno-common -ffunction-sections -fdata-sections -fno-tree-vectorize -fno-tree-slp-vectorize -MMD -MP --specs=nosys.specs -Wall -Wextra -Wshadow -Wconversion -Wstrict-prototypes -mcpu=cortex-m55 -mthumb -mfloat-abi=hard -mcmse -fstack-usage -c src/mve/field_batch.c -o build/full/256s/mve/profile/field_batch.c.o
/Users/seungwon/test/.tools/xpack-arm-none-eabi-gcc-15.2.1-1.1/bin/arm-none-eabi-gcc -DAIMER_MVE_BATCH  -DAIMER_PHASE_PROFILE -DPARAMS=256s -DAIMER_BACKEND=mve -DAIMER_MATVEC=compact -DAIMER_CONFIG=mve_compact -DBENCH_KERNEL_SAMPLES=31 -DBENCH_E2E_SAMPLES=7 -DBENCH_KERNEL_INNER=64 -DBENCH_WARMUP=1 -DPROFILE_SAMPLES=31 -DPROFILE_KERNEL_INNER=64 -DPROFILE_COMPLEX_INNER=8 -DUSE_HAL_DRIVER -DSTM32N657xx -Iinclude -I../src/sig/aimer/reference/aimer-256s -I../src -I/Users/seungwon/STM32CubeN6/Projects/NUCLEO-N657X0-Q/Templates/Template/FSBL/Inc -I/Users/seungwon/STM32CubeN6/Drivers/CMSIS/Include -I/Users/seungwon/STM32CubeN6/Drivers/CMSIS/Device/ST/STM32N6xx/Include -I/Users/seungwon/STM32CubeN6/Drivers/STM32N6xx_HAL_Driver/Inc -I/Users/seungwon/STM32CubeN6/Drivers/STM32N6xx_HAL_Driver/Inc/Legacy -O3 -std=c11 -fno-common -ffunction-sections -fdata-sections -fno-tree-vectorize -fno-tree-slp-vectorize -MMD -MP --specs=nosys.specs -Wall -Wextra -Wshadow -Wconversion -Wstrict-prototypes -mcpu=cortex-m55 -mthumb -mfloat-abi=hard -mcmse -fstack-usage -c src/mve/mpc_batch.c -o build/full/256s/mve/profile/mpc_batch.c.o
/Users/seungwon/test/.tools/xpack-arm-none-eabi-gcc-15.2.1-1.1/bin/arm-none-eabi-gcc -DAIMER_MVE_BATCH  -DAIMER_PHASE_PROFILE -DPARAMS=256s -DAIMER_BACKEND=mve -DAIMER_MATVEC=compact -DAIMER_CONFIG=mve_compact -DBENCH_KERNEL_SAMPLES=31 -DBENCH_E2E_SAMPLES=7 -DBENCH_KERNEL_INNER=64 -DBENCH_WARMUP=1 -DPROFILE_SAMPLES=31 -DPROFILE_KERNEL_INNER=64 -DPROFILE_COMPLEX_INNER=8 -DUSE_HAL_DRIVER -DSTM32N657xx -Iinclude -I../src/sig/aimer/reference/aimer-256s -I../src -I/Users/seungwon/STM32CubeN6/Projects/NUCLEO-N657X0-Q/Templates/Template/FSBL/Inc -I/Users/seungwon/STM32CubeN6/Drivers/CMSIS/Include -I/Users/seungwon/STM32CubeN6/Drivers/CMSIS/Device/ST/STM32N6xx/Include -I/Users/seungwon/STM32CubeN6/Drivers/STM32N6xx_HAL_Driver/Inc -I/Users/seungwon/STM32CubeN6/Drivers/STM32N6xx_HAL_Driver/Inc/Legacy -O3 -std=c11 -fno-common -ffunction-sections -fdata-sections -fno-tree-vectorize -fno-tree-slp-vectorize -MMD -MP --specs=nosys.specs -Wall -Wextra -Wshadow -Wconversion -Wstrict-prototypes -mcpu=cortex-m55 -mthumb -mfloat-abi=hard -mcmse -fstack-usage -c ../src/sig/aimer/reference/aimer-256s/aim3.c -o build/full/256s/mve/profile/aim3.c.o
/Users/seungwon/test/.tools/xpack-arm-none-eabi-gcc-15.2.1-1.1/bin/arm-none-eabi-gcc -DAIMER_MVE_BATCH  -DAIMER_PHASE_PROFILE -DPARAMS=256s -DAIMER_BACKEND=mve -DAIMER_MATVEC=compact -DAIMER_CONFIG=mve_compact -DBENCH_KERNEL_SAMPLES=31 -DBENCH_E2E_SAMPLES=7 -DBENCH_KERNEL_INNER=64 -DBENCH_WARMUP=1 -DPROFILE_SAMPLES=31 -DPROFILE_KERNEL_INNER=64 -DPROFILE_COMPLEX_INNER=8 -DUSE_HAL_DRIVER -DSTM32N657xx -Iinclude -I../src/sig/aimer/reference/aimer-256s -I../src -I/Users/seungwon/STM32CubeN6/Projects/NUCLEO-N657X0-Q/Templates/Template/FSBL/Inc -I/Users/seungwon/STM32CubeN6/Drivers/CMSIS/Include -I/Users/seungwon/STM32CubeN6/Drivers/CMSIS/Device/ST/STM32N6xx/Include -I/Users/seungwon/STM32CubeN6/Drivers/STM32N6xx_HAL_Driver/Inc -I/Users/seungwon/STM32CubeN6/Drivers/STM32N6xx_HAL_Driver/Inc/Legacy -O3 -std=c11 -fno-common -ffunction-sections -fdata-sections -fno-tree-vectorize -fno-tree-slp-vectorize -MMD -MP --specs=nosys.specs -Wall -Wextra -Wshadow -Wconversion -Wstrict-prototypes -mcpu=cortex-m55 -mthumb -mfloat-abi=hard -mcmse -fstack-usage -c ../src/sig/aimer/reference/aimer-256s/hash.c -o build/full/256s/mve/profile/hash.c.o
/Users/seungwon/test/.tools/xpack-arm-none-eabi-gcc-15.2.1-1.1/bin/arm-none-eabi-gcc -DAIMER_MVE_BATCH  -DAIMER_PHASE_PROFILE -DPARAMS=256s -DAIMER_BACKEND=mve -DAIMER_MATVEC=compact -DAIMER_CONFIG=mve_compact -DBENCH_KERNEL_SAMPLES=31 -DBENCH_E2E_SAMPLES=7 -DBENCH_KERNEL_INNER=64 -DBENCH_WARMUP=1 -DPROFILE_SAMPLES=31 -DPROFILE_KERNEL_INNER=64 -DPROFILE_COMPLEX_INNER=8 -DUSE_HAL_DRIVER -DSTM32N657xx -Iinclude -I../src/sig/aimer/reference/aimer-256s -I../src -I/Users/seungwon/STM32CubeN6/Projects/NUCLEO-N657X0-Q/Templates/Template/FSBL/Inc -I/Users/seungwon/STM32CubeN6/Drivers/CMSIS/Include -I/Users/seungwon/STM32CubeN6/Drivers/CMSIS/Device/ST/STM32N6xx/Include -I/Users/seungwon/STM32CubeN6/Drivers/STM32N6xx_HAL_Driver/Inc -I/Users/seungwon/STM32CubeN6/Drivers/STM32N6xx_HAL_Driver/Inc/Legacy -O3 -std=c11 -fno-common -ffunction-sections -fdata-sections -fno-tree-vectorize -fno-tree-slp-vectorize -MMD -MP --specs=nosys.specs -Wall -Wextra -Wshadow -Wconversion -Wstrict-prototypes -mcpu=cortex-m55 -mthumb -mfloat-abi=hard -mcmse -fstack-usage -c ../src/sig/aimer/reference/aimer-256s/field_common.c -o build/full/256s/mve/profile/field_common.c.o
../src/sig/aimer/reference/aimer-256s/field_common.c: In function 'samsungsds_aimer_256s_ref_gf_from_bytes':
../src/sig/aimer/reference/aimer-256s/field_common.c:28:31: warning: conversion to 'size_t' {aka 'unsigned int'} from 'int' may change the sign of the result [-Wsign-conversion]
   28 |       u = (u << 8) | in[8 * i + j];
      |                               ^
/Users/seungwon/test/.tools/xpack-arm-none-eabi-gcc-15.2.1-1.1/bin/arm-none-eabi-gcc -DAIMER_MVE_BATCH  -DAIMER_PHASE_PROFILE -DPARAMS=256s -DAIMER_BACKEND=mve -DAIMER_MATVEC=compact -DAIMER_CONFIG=mve_compact -DBENCH_KERNEL_SAMPLES=31 -DBENCH_E2E_SAMPLES=7 -DBENCH_KERNEL_INNER=64 -DBENCH_WARMUP=1 -DPROFILE_SAMPLES=31 -DPROFILE_KERNEL_INNER=64 -DPROFILE_COMPLEX_INNER=8 -DUSE_HAL_DRIVER -DSTM32N657xx -Iinclude -I../src/sig/aimer/reference/aimer-256s -I../src -I/Users/seungwon/STM32CubeN6/Projects/NUCLEO-N657X0-Q/Templates/Template/FSBL/Inc -I/Users/seungwon/STM32CubeN6/Drivers/CMSIS/Include -I/Users/seungwon/STM32CubeN6/Drivers/CMSIS/Device/ST/STM32N6xx/Include -I/Users/seungwon/STM32CubeN6/Drivers/STM32N6xx_HAL_Driver/Inc -I/Users/seungwon/STM32CubeN6/Drivers/STM32N6xx_HAL_Driver/Inc/Legacy -O3 -std=c11 -fno-common -ffunction-sections -fdata-sections -fno-tree-vectorize -fno-tree-slp-vectorize -MMD -MP --specs=nosys.specs -Wall -Wextra -Wshadow -Wconversion -Wstrict-prototypes -mcpu=cortex-m55 -mthumb -mfloat-abi=hard -mcmse -fstack-usage -c src/mve/field_mve.c -o build/full/256s/mve/profile/field_mve.c.o
/Users/seungwon/test/.tools/xpack-arm-none-eabi-gcc-15.2.1-1.1/bin/arm-none-eabi-gcc -DAIMER_MVE_BATCH  -DAIMER_PHASE_PROFILE -DPARAMS=256s -DAIMER_BACKEND=mve -DAIMER_MATVEC=compact -DAIMER_CONFIG=mve_compact -DBENCH_KERNEL_SAMPLES=31 -DBENCH_E2E_SAMPLES=7 -DBENCH_KERNEL_INNER=64 -DBENCH_WARMUP=1 -DPROFILE_SAMPLES=31 -DPROFILE_KERNEL_INNER=64 -DPROFILE_COMPLEX_INNER=8 -DUSE_HAL_DRIVER -DSTM32N657xx -Iinclude -I../src/sig/aimer/reference/aimer-256s -I../src -I/Users/seungwon/STM32CubeN6/Projects/NUCLEO-N657X0-Q/Templates/Template/FSBL/Inc -I/Users/seungwon/STM32CubeN6/Drivers/CMSIS/Include -I/Users/seungwon/STM32CubeN6/Drivers/CMSIS/Device/ST/STM32N6xx/Include -I/Users/seungwon/STM32CubeN6/Drivers/STM32N6xx_HAL_Driver/Inc -I/Users/seungwon/STM32CubeN6/Drivers/STM32N6xx_HAL_Driver/Inc/Legacy -O3 -std=c11 -fno-common -ffunction-sections -fdata-sections -fno-tree-vectorize -fno-tree-slp-vectorize -MMD -MP --specs=nosys.specs -Wall -Wextra -Wshadow -Wconversion -Wstrict-prototypes -mcpu=cortex-m55 -mthumb -mfloat-abi=hard -mcmse -fstack-usage -c ../src/common/fips202.c -o build/full/256s/mve/profile/fips202.c.o
/Users/seungwon/test/.tools/xpack-arm-none-eabi-gcc-15.2.1-1.1/bin/arm-none-eabi-gcc -DAIMER_MVE_BATCH  -DAIMER_PHASE_PROFILE -DPARAMS=256s -DAIMER_BACKEND=mve -DAIMER_MATVEC=compact -DAIMER_CONFIG=mve_compact -DBENCH_KERNEL_SAMPLES=31 -DBENCH_E2E_SAMPLES=7 -DBENCH_KERNEL_INNER=64 -DBENCH_WARMUP=1 -DPROFILE_SAMPLES=31 -DPROFILE_KERNEL_INNER=64 -DPROFILE_COMPLEX_INNER=8 -DUSE_HAL_DRIVER -DSTM32N657xx -Iinclude -I../src/sig/aimer/reference/aimer-256s -I../src -I/Users/seungwon/STM32CubeN6/Projects/NUCLEO-N657X0-Q/Templates/Template/FSBL/Inc -I/Users/seungwon/STM32CubeN6/Drivers/CMSIS/Include -I/Users/seungwon/STM32CubeN6/Drivers/CMSIS/Device/ST/STM32N6xx/Include -I/Users/seungwon/STM32CubeN6/Drivers/STM32N6xx_HAL_Driver/Inc -I/Users/seungwon/STM32CubeN6/Drivers/STM32N6xx_HAL_Driver/Inc/Legacy -O3 -std=c11 -fno-common -ffunction-sections -fdata-sections -fno-tree-vectorize -fno-tree-slp-vectorize -MMD -MP --specs=nosys.specs -Wall -Wextra -Wshadow -Wconversion -Wstrict-prototypes -mcpu=cortex-m55 -mthumb -mfloat-abi=hard -mcmse -fstack-usage -c toolchain/board/nucleo-n657x0-q/platform.c -o build/full/256s/mve/profile/platform.c.o
In file included from /Users/seungwon/STM32CubeN6/Drivers/CMSIS/Include/core_cm55.h:4605,
                 from /Users/seungwon/STM32CubeN6/Drivers/CMSIS/Device/ST/STM32N6xx/Include/stm32n657xx.h:281,
                 from /Users/seungwon/STM32CubeN6/Drivers/CMSIS/Device/ST/STM32N6xx/Include/stm32n6xx.h:87,
                 from /Users/seungwon/STM32CubeN6/Drivers/STM32N6xx_HAL_Driver/Inc/stm32n6xx_hal_def.h:33,
                 from /Users/seungwon/STM32CubeN6/Drivers/STM32N6xx_HAL_Driver/Inc/stm32n6xx_hal_rcc.h:28,
                 from /Users/seungwon/STM32CubeN6/Projects/NUCLEO-N657X0-Q/Templates/Template/FSBL/Inc/stm32n6xx_hal_conf.h:253,
                 from /Users/seungwon/STM32CubeN6/Drivers/STM32N6xx_HAL_Driver/Inc/stm32n6xx_hal.h:29,
                 from toolchain/board/nucleo-n657x0-q/platform.c:5:
/Users/seungwon/STM32CubeN6/Drivers/CMSIS/Include/m-profile/armv7m_cachel1.h: In function 'SCB_InvalidateICache_by_Addr':
/Users/seungwon/STM32CubeN6/Drivers/CMSIS/Include/m-profile/armv7m_cachel1.h:117:32: warning: conversion to 'long unsigned int' from 'int32_t' {aka 'long int'} may change the sign of the result [-Wsign-conversion]
  117 |        int32_t op_size = isize + (((uint32_t)addr) & (__SCB_ICACHE_LINE_SIZE - 1U));
      |                                ^
/Users/seungwon/STM32CubeN6/Drivers/CMSIS/Include/m-profile/armv7m_cachel1.h:117:26: warning: conversion to 'int32_t' {aka 'long int'} from 'long unsigned int' may change the sign of the result [-Wsign-conversion]
  117 |        int32_t op_size = isize + (((uint32_t)addr) & (__SCB_ICACHE_LINE_SIZE - 1U));
      |                          ^~~~~
/Users/seungwon/STM32CubeN6/Drivers/CMSIS/Include/m-profile/armv7m_cachel1.h:125:17: warning: conversion to 'long unsigned int' from 'int32_t' {aka 'long int'} may change the sign of the result [-Wsign-conversion]
  125 |         op_size -= __SCB_ICACHE_LINE_SIZE;
      |                 ^~
/Users/seungwon/STM32CubeN6/Drivers/CMSIS/Include/m-profile/armv7m_cachel1.h:48:33: warning: conversion to 'int32_t' {aka 'long int'} from 'long unsigned int' may change the sign of the result [-Wsign-conversion]
   48 | #define __SCB_ICACHE_LINE_SIZE  32U /*!< Cortex-M7 cache line size is fixed to 32 bytes (8 words). See also register SCB_CCSIDR */
      |                                 ^~~
/Users/seungwon/STM32CubeN6/Drivers/CMSIS/Include/m-profile/armv7m_cachel1.h:125:20: note: in expansion of macro '__SCB_ICACHE_LINE_SIZE'
  125 |         op_size -= __SCB_ICACHE_LINE_SIZE;
      |                    ^~~~~~~~~~~~~~~~~~~~~~
/Users/seungwon/STM32CubeN6/Drivers/CMSIS/Include/m-profile/armv7m_cachel1.h: In function 'SCB_InvalidateDCache_by_Addr':
/Users/seungwon/STM32CubeN6/Drivers/CMSIS/Include/m-profile/armv7m_cachel1.h:360:32: warning: conversion to 'long unsigned int' from 'int32_t' {aka 'long int'} may change the sign of the result [-Wsign-conversion]
  360 |        int32_t op_size = dsize + (((uint32_t)addr) & (__SCB_DCACHE_LINE_SIZE - 1U));
      |                                ^
/Users/seungwon/STM32CubeN6/Drivers/CMSIS/Include/m-profile/armv7m_cachel1.h:360:26: warning: conversion to 'int32_t' {aka 'long int'} from 'long unsigned int' may change the sign of the result [-Wsign-conversion]
  360 |        int32_t op_size = dsize + (((uint32_t)addr) & (__SCB_DCACHE_LINE_SIZE - 1U));
      |                          ^~~~~
/Users/seungwon/STM32CubeN6/Drivers/CMSIS/Include/m-profile/armv7m_cachel1.h:368:17: warning: conversion to 'long unsigned int' from 'int32_t' {aka 'long int'} may change the sign of the result [-Wsign-conversion]
  368 |         op_size -= __SCB_DCACHE_LINE_SIZE;
      |                 ^~
/Users/seungwon/STM32CubeN6/Drivers/CMSIS/Include/m-profile/armv7m_cachel1.h:44:33: warning: conversion to 'int32_t' {aka 'long int'} from 'long unsigned int' may change the sign of the result [-Wsign-conversion]
   44 | #define __SCB_DCACHE_LINE_SIZE  32U /*!< Cortex-M7 cache line size is fixed to 32 bytes (8 words). See also register SCB_CCSIDR */
      |                                 ^~~
/Users/seungwon/STM32CubeN6/Drivers/CMSIS/Include/m-profile/armv7m_cachel1.h:368:20: note: in expansion of macro '__SCB_DCACHE_LINE_SIZE'
  368 |         op_size -= __SCB_DCACHE_LINE_SIZE;
      |                    ^~~~~~~~~~~~~~~~~~~~~~
/Users/seungwon/STM32CubeN6/Drivers/CMSIS/Include/m-profile/armv7m_cachel1.h: In function 'SCB_CleanDCache_by_Addr':
/Users/seungwon/STM32CubeN6/Drivers/CMSIS/Include/m-profile/armv7m_cachel1.h:390:32: warning: conversion to 'long unsigned int' from 'int32_t' {aka 'long int'} may change the sign of the result [-Wsign-conversion]
  390 |        int32_t op_size = dsize + (((uint32_t)addr) & (__SCB_DCACHE_LINE_SIZE - 1U));
      |                                ^
/Users/seungwon/STM32CubeN6/Drivers/CMSIS/Include/m-profile/armv7m_cachel1.h:390:26: warning: conversion to 'int32_t' {aka 'long int'} from 'long unsigned int' may change the sign of the result [-Wsign-conversion]
  390 |        int32_t op_size = dsize + (((uint32_t)addr) & (__SCB_DCACHE_LINE_SIZE - 1U));
      |                          ^~~~~
/Users/seungwon/STM32CubeN6/Drivers/CMSIS/Include/m-profile/armv7m_cachel1.h:398:17: warning: conversion to 'long unsigned int' from 'int32_t' {aka 'long int'} may change the sign of the result [-Wsign-conversion]
  398 |         op_size -= __SCB_DCACHE_LINE_SIZE;
      |                 ^~
/Users/seungwon/STM32CubeN6/Drivers/CMSIS/Include/m-profile/armv7m_cachel1.h:44:33: warning: conversion to 'int32_t' {aka 'long int'} from 'long unsigned int' may change the sign of the result [-Wsign-conversion]
   44 | #define __SCB_DCACHE_LINE_SIZE  32U /*!< Cortex-M7 cache line size is fixed to 32 bytes (8 words). See also register SCB_CCSIDR */
      |                                 ^~~
/Users/seungwon/STM32CubeN6/Drivers/CMSIS/Include/m-profile/armv7m_cachel1.h:398:20: note: in expansion of macro '__SCB_DCACHE_LINE_SIZE'
  398 |         op_size -= __SCB_DCACHE_LINE_SIZE;
      |                    ^~~~~~~~~~~~~~~~~~~~~~
/Users/seungwon/STM32CubeN6/Drivers/CMSIS/Include/m-profile/armv7m_cachel1.h: In function 'SCB_CleanInvalidateDCache_by_Addr':
/Users/seungwon/STM32CubeN6/Drivers/CMSIS/Include/m-profile/armv7m_cachel1.h:420:32: warning: conversion to 'long unsigned int' from 'int32_t' {aka 'long int'} may change the sign of the result [-Wsign-conversion]
  420 |        int32_t op_size = dsize + (((uint32_t)addr) & (__SCB_DCACHE_LINE_SIZE - 1U));
      |                                ^
/Users/seungwon/STM32CubeN6/Drivers/CMSIS/Include/m-profile/armv7m_cachel1.h:420:26: warning: conversion to 'int32_t' {aka 'long int'} from 'long unsigned int' may change the sign of the result [-Wsign-conversion]
  420 |        int32_t op_size = dsize + (((uint32_t)addr) & (__SCB_DCACHE_LINE_SIZE - 1U));
      |                          ^~~~~
/Users/seungwon/STM32CubeN6/Drivers/CMSIS/Include/m-profile/armv7m_cachel1.h:428:17: warning: conversion to 'long unsigned int' from 'int32_t' {aka 'long int'} may change the sign of the result [-Wsign-conversion]
  428 |         op_size -=          __SCB_DCACHE_LINE_SIZE;
      |                 ^~
/Users/seungwon/STM32CubeN6/Drivers/CMSIS/Include/m-profile/armv7m_cachel1.h:44:33: warning: conversion to 'int32_t' {aka 'long int'} from 'long unsigned int' may change the sign of the result [-Wsign-conversion]
   44 | #define __SCB_DCACHE_LINE_SIZE  32U /*!< Cortex-M7 cache line size is fixed to 32 bytes (8 words). See also register SCB_CCSIDR */
      |                                 ^~~
/Users/seungwon/STM32CubeN6/Drivers/CMSIS/Include/m-profile/armv7m_cachel1.h:428:29: note: in expansion of macro '__SCB_DCACHE_LINE_SIZE'
  428 |         op_size -=          __SCB_DCACHE_LINE_SIZE;
      |                             ^~~~~~~~~~~~~~~~~~~~~~
/Users/seungwon/test/.tools/xpack-arm-none-eabi-gcc-15.2.1-1.1/bin/arm-none-eabi-gcc -DAIMER_MVE_BATCH  -DAIMER_PHASE_PROFILE -DPARAMS=256s -DAIMER_BACKEND=mve -DAIMER_MATVEC=compact -DAIMER_CONFIG=mve_compact -DBENCH_KERNEL_SAMPLES=31 -DBENCH_E2E_SAMPLES=7 -DBENCH_KERNEL_INNER=64 -DBENCH_WARMUP=1 -DPROFILE_SAMPLES=31 -DPROFILE_KERNEL_INNER=64 -DPROFILE_COMPLEX_INNER=8 -DUSE_HAL_DRIVER -DSTM32N657xx -Iinclude -I../src/sig/aimer/reference/aimer-256s -I../src -I/Users/seungwon/STM32CubeN6/Projects/NUCLEO-N657X0-Q/Templates/Template/FSBL/Inc -I/Users/seungwon/STM32CubeN6/Drivers/CMSIS/Include -I/Users/seungwon/STM32CubeN6/Drivers/CMSIS/Device/ST/STM32N6xx/Include -I/Users/seungwon/STM32CubeN6/Drivers/STM32N6xx_HAL_Driver/Inc -I/Users/seungwon/STM32CubeN6/Drivers/STM32N6xx_HAL_Driver/Inc/Legacy -O3 -std=c11 -fno-common -ffunction-sections -fdata-sections -fno-tree-vectorize -fno-tree-slp-vectorize -MMD -MP --specs=nosys.specs -Wall -Wextra -Wshadow -Wconversion -Wstrict-prototypes -mcpu=cortex-m55 -mthumb -mfloat-abi=hard -mcmse -fstack-usage -c /Users/seungwon/STM32CubeN6/Projects/NUCLEO-N657X0-Q/Templates/Template/FSBL/Src/system_stm32n6xx_fsbl.c -o build/full/256s/mve/profile/system_stm32n6xx_fsbl.c.o
In file included from /Users/seungwon/STM32CubeN6/Drivers/CMSIS/Include/core_cm55.h:4605,
                 from /Users/seungwon/STM32CubeN6/Drivers/CMSIS/Device/ST/STM32N6xx/Include/stm32n657xx.h:281,
                 from /Users/seungwon/STM32CubeN6/Drivers/CMSIS/Device/ST/STM32N6xx/Include/stm32n6xx.h:87,
                 from /Users/seungwon/STM32CubeN6/Projects/NUCLEO-N657X0-Q/Templates/Template/FSBL/Src/system_stm32n6xx_fsbl.c:55:
/Users/seungwon/STM32CubeN6/Drivers/CMSIS/Include/m-profile/armv7m_cachel1.h: In function 'SCB_InvalidateICache_by_Addr':
/Users/seungwon/STM32CubeN6/Drivers/CMSIS/Include/m-profile/armv7m_cachel1.h:117:32: warning: conversion to 'long unsigned int' from 'int32_t' {aka 'long int'} may change the sign of the result [-Wsign-conversion]
  117 |        int32_t op_size = isize + (((uint32_t)addr) & (__SCB_ICACHE_LINE_SIZE - 1U));
      |                                ^
/Users/seungwon/STM32CubeN6/Drivers/CMSIS/Include/m-profile/armv7m_cachel1.h:117:26: warning: conversion to 'int32_t' {aka 'long int'} from 'long unsigned int' may change the sign of the result [-Wsign-conversion]
  117 |        int32_t op_size = isize + (((uint32_t)addr) & (__SCB_ICACHE_LINE_SIZE - 1U));
      |                          ^~~~~
/Users/seungwon/STM32CubeN6/Drivers/CMSIS/Include/m-profile/armv7m_cachel1.h:125:17: warning: conversion to 'long unsigned int' from 'int32_t' {aka 'long int'} may change the sign of the result [-Wsign-conversion]
  125 |         op_size -= __SCB_ICACHE_LINE_SIZE;
      |                 ^~
/Users/seungwon/STM32CubeN6/Drivers/CMSIS/Include/m-profile/armv7m_cachel1.h:48:33: warning: conversion to 'int32_t' {aka 'long int'} from 'long unsigned int' may change the sign of the result [-Wsign-conversion]
   48 | #define __SCB_ICACHE_LINE_SIZE  32U /*!< Cortex-M7 cache line size is fixed to 32 bytes (8 words). See also register SCB_CCSIDR */
      |                                 ^~~
/Users/seungwon/STM32CubeN6/Drivers/CMSIS/Include/m-profile/armv7m_cachel1.h:125:20: note: in expansion of macro '__SCB_ICACHE_LINE_SIZE'
  125 |         op_size -= __SCB_ICACHE_LINE_SIZE;
      |                    ^~~~~~~~~~~~~~~~~~~~~~
/Users/seungwon/STM32CubeN6/Drivers/CMSIS/Include/m-profile/armv7m_cachel1.h: In function 'SCB_InvalidateDCache_by_Addr':
/Users/seungwon/STM32CubeN6/Drivers/CMSIS/Include/m-profile/armv7m_cachel1.h:360:32: warning: conversion to 'long unsigned int' from 'int32_t' {aka 'long int'} may change the sign of the result [-Wsign-conversion]
  360 |        int32_t op_size = dsize + (((uint32_t)addr) & (__SCB_DCACHE_LINE_SIZE - 1U));
      |                                ^
/Users/seungwon/STM32CubeN6/Drivers/CMSIS/Include/m-profile/armv7m_cachel1.h:360:26: warning: conversion to 'int32_t' {aka 'long int'} from 'long unsigned int' may change the sign of the result [-Wsign-conversion]
  360 |        int32_t op_size = dsize + (((uint32_t)addr) & (__SCB_DCACHE_LINE_SIZE - 1U));
      |                          ^~~~~
/Users/seungwon/STM32CubeN6/Drivers/CMSIS/Include/m-profile/armv7m_cachel1.h:368:17: warning: conversion to 'long unsigned int' from 'int32_t' {aka 'long int'} may change the sign of the result [-Wsign-conversion]
  368 |         op_size -= __SCB_DCACHE_LINE_SIZE;
      |                 ^~
/Users/seungwon/STM32CubeN6/Drivers/CMSIS/Include/m-profile/armv7m_cachel1.h:44:33: warning: conversion to 'int32_t' {aka 'long int'} from 'long unsigned int' may change the sign of the result [-Wsign-conversion]
   44 | #define __SCB_DCACHE_LINE_SIZE  32U /*!< Cortex-M7 cache line size is fixed to 32 bytes (8 words). See also register SCB_CCSIDR */
      |                                 ^~~
/Users/seungwon/STM32CubeN6/Drivers/CMSIS/Include/m-profile/armv7m_cachel1.h:368:20: note: in expansion of macro '__SCB_DCACHE_LINE_SIZE'
  368 |         op_size -= __SCB_DCACHE_LINE_SIZE;
      |                    ^~~~~~~~~~~~~~~~~~~~~~
/Users/seungwon/STM32CubeN6/Drivers/CMSIS/Include/m-profile/armv7m_cachel1.h: In function 'SCB_CleanDCache_by_Addr':
/Users/seungwon/STM32CubeN6/Drivers/CMSIS/Include/m-profile/armv7m_cachel1.h:390:32: warning: conversion to 'long unsigned int' from 'int32_t' {aka 'long int'} may change the sign of the result [-Wsign-conversion]
  390 |        int32_t op_size = dsize + (((uint32_t)addr) & (__SCB_DCACHE_LINE_SIZE - 1U));
      |                                ^
/Users/seungwon/STM32CubeN6/Drivers/CMSIS/Include/m-profile/armv7m_cachel1.h:390:26: warning: conversion to 'int32_t' {aka 'long int'} from 'long unsigned int' may change the sign of the result [-Wsign-conversion]
  390 |        int32_t op_size = dsize + (((uint32_t)addr) & (__SCB_DCACHE_LINE_SIZE - 1U));
      |                          ^~~~~
/Users/seungwon/STM32CubeN6/Drivers/CMSIS/Include/m-profile/armv7m_cachel1.h:398:17: warning: conversion to 'long unsigned int' from 'int32_t' {aka 'long int'} may change the sign of the result [-Wsign-conversion]
  398 |         op_size -= __SCB_DCACHE_LINE_SIZE;
      |                 ^~
/Users/seungwon/STM32CubeN6/Drivers/CMSIS/Include/m-profile/armv7m_cachel1.h:44:33: warning: conversion to 'int32_t' {aka 'long int'} from 'long unsigned int' may change the sign of the result [-Wsign-conversion]
   44 | #define __SCB_DCACHE_LINE_SIZE  32U /*!< Cortex-M7 cache line size is fixed to 32 bytes (8 words). See also register SCB_CCSIDR */
      |                                 ^~~
/Users/seungwon/STM32CubeN6/Drivers/CMSIS/Include/m-profile/armv7m_cachel1.h:398:20: note: in expansion of macro '__SCB_DCACHE_LINE_SIZE'
  398 |         op_size -= __SCB_DCACHE_LINE_SIZE;
      |                    ^~~~~~~~~~~~~~~~~~~~~~
/Users/seungwon/STM32CubeN6/Drivers/CMSIS/Include/m-profile/armv7m_cachel1.h: In function 'SCB_CleanInvalidateDCache_by_Addr':
/Users/seungwon/STM32CubeN6/Drivers/CMSIS/Include/m-profile/armv7m_cachel1.h:420:32: warning: conversion to 'long unsigned int' from 'int32_t' {aka 'long int'} may change the sign of the result [-Wsign-conversion]
  420 |        int32_t op_size = dsize + (((uint32_t)addr) & (__SCB_DCACHE_LINE_SIZE - 1U));
      |                                ^
/Users/seungwon/STM32CubeN6/Drivers/CMSIS/Include/m-profile/armv7m_cachel1.h:420:26: warning: conversion to 'int32_t' {aka 'long int'} from 'long unsigned int' may change the sign of the result [-Wsign-conversion]
  420 |        int32_t op_size = dsize + (((uint32_t)addr) & (__SCB_DCACHE_LINE_SIZE - 1U));
      |                          ^~~~~
/Users/seungwon/STM32CubeN6/Drivers/CMSIS/Include/m-profile/armv7m_cachel1.h:428:17: warning: conversion to 'long unsigned int' from 'int32_t' {aka 'long int'} may change the sign of the result [-Wsign-conversion]
  428 |         op_size -=          __SCB_DCACHE_LINE_SIZE;
      |                 ^~
/Users/seungwon/STM32CubeN6/Drivers/CMSIS/Include/m-profile/armv7m_cachel1.h:44:33: warning: conversion to 'int32_t' {aka 'long int'} from 'long unsigned int' may change the sign of the result [-Wsign-conversion]
   44 | #define __SCB_DCACHE_LINE_SIZE  32U /*!< Cortex-M7 cache line size is fixed to 32 bytes (8 words). See also register SCB_CCSIDR */
      |                                 ^~~
/Users/seungwon/STM32CubeN6/Drivers/CMSIS/Include/m-profile/armv7m_cachel1.h:428:29: note: in expansion of macro '__SCB_DCACHE_LINE_SIZE'
  428 |         op_size -=          __SCB_DCACHE_LINE_SIZE;
      |                             ^~~~~~~~~~~~~~~~~~~~~~
/Users/seungwon/test/.tools/xpack-arm-none-eabi-gcc-15.2.1-1.1/bin/arm-none-eabi-gcc -DAIMER_MVE_BATCH  -DAIMER_PHASE_PROFILE -DPARAMS=256s -DAIMER_BACKEND=mve -DAIMER_MATVEC=compact -DAIMER_CONFIG=mve_compact -DBENCH_KERNEL_SAMPLES=31 -DBENCH_E2E_SAMPLES=7 -DBENCH_KERNEL_INNER=64 -DBENCH_WARMUP=1 -DPROFILE_SAMPLES=31 -DPROFILE_KERNEL_INNER=64 -DPROFILE_COMPLEX_INNER=8 -DUSE_HAL_DRIVER -DSTM32N657xx -Iinclude -I../src/sig/aimer/reference/aimer-256s -I../src -I/Users/seungwon/STM32CubeN6/Projects/NUCLEO-N657X0-Q/Templates/Template/FSBL/Inc -I/Users/seungwon/STM32CubeN6/Drivers/CMSIS/Include -I/Users/seungwon/STM32CubeN6/Drivers/CMSIS/Device/ST/STM32N6xx/Include -I/Users/seungwon/STM32CubeN6/Drivers/STM32N6xx_HAL_Driver/Inc -I/Users/seungwon/STM32CubeN6/Drivers/STM32N6xx_HAL_Driver/Inc/Legacy -O3 -std=c11 -fno-common -ffunction-sections -fdata-sections -fno-tree-vectorize -fno-tree-slp-vectorize -MMD -MP --specs=nosys.specs -Wall -Wextra -Wshadow -Wconversion -Wstrict-prototypes -mcpu=cortex-m55 -mthumb -mfloat-abi=hard -mcmse -fstack-usage -c /Users/seungwon/STM32CubeN6/Drivers/STM32N6xx_HAL_Driver/Src/stm32n6xx_hal.c -o build/full/256s/mve/profile/stm32n6xx_hal.c.o
In file included from /Users/seungwon/STM32CubeN6/Drivers/CMSIS/Include/core_cm55.h:4605,
                 from /Users/seungwon/STM32CubeN6/Drivers/CMSIS/Device/ST/STM32N6xx/Include/stm32n657xx.h:281,
                 from /Users/seungwon/STM32CubeN6/Drivers/CMSIS/Device/ST/STM32N6xx/Include/stm32n6xx.h:87,
                 from /Users/seungwon/STM32CubeN6/Drivers/STM32N6xx_HAL_Driver/Inc/stm32n6xx_hal_def.h:33,
                 from /Users/seungwon/STM32CubeN6/Drivers/STM32N6xx_HAL_Driver/Inc/stm32n6xx_hal_rcc.h:28,
                 from /Users/seungwon/STM32CubeN6/Projects/NUCLEO-N657X0-Q/Templates/Template/FSBL/Inc/stm32n6xx_hal_conf.h:253,
                 from /Users/seungwon/STM32CubeN6/Drivers/STM32N6xx_HAL_Driver/Inc/stm32n6xx_hal.h:29,
                 from /Users/seungwon/STM32CubeN6/Drivers/STM32N6xx_HAL_Driver/Src/stm32n6xx_hal.c:45:
/Users/seungwon/STM32CubeN6/Drivers/CMSIS/Include/m-profile/armv7m_cachel1.h: In function 'SCB_InvalidateICache_by_Addr':
/Users/seungwon/STM32CubeN6/Drivers/CMSIS/Include/m-profile/armv7m_cachel1.h:117:32: warning: conversion to 'long unsigned int' from 'int32_t' {aka 'long int'} may change the sign of the result [-Wsign-conversion]
  117 |        int32_t op_size = isize + (((uint32_t)addr) & (__SCB_ICACHE_LINE_SIZE - 1U));
      |                                ^
/Users/seungwon/STM32CubeN6/Drivers/CMSIS/Include/m-profile/armv7m_cachel1.h:117:26: warning: conversion to 'int32_t' {aka 'long int'} from 'long unsigned int' may change the sign of the result [-Wsign-conversion]
  117 |        int32_t op_size = isize + (((uint32_t)addr) & (__SCB_ICACHE_LINE_SIZE - 1U));
      |                          ^~~~~
/Users/seungwon/STM32CubeN6/Drivers/CMSIS/Include/m-profile/armv7m_cachel1.h:125:17: warning: conversion to 'long unsigned int' from 'int32_t' {aka 'long int'} may change the sign of the result [-Wsign-conversion]
  125 |         op_size -= __SCB_ICACHE_LINE_SIZE;
      |                 ^~
/Users/seungwon/STM32CubeN6/Drivers/CMSIS/Include/m-profile/armv7m_cachel1.h:48:33: warning: conversion to 'int32_t' {aka 'long int'} from 'long unsigned int' may change the sign of the result [-Wsign-conversion]
   48 | #define __SCB_ICACHE_LINE_SIZE  32U /*!< Cortex-M7 cache line size is fixed to 32 bytes (8 words). See also register SCB_CCSIDR */
      |                                 ^~~
/Users/seungwon/STM32CubeN6/Drivers/CMSIS/Include/m-profile/armv7m_cachel1.h:125:20: note: in expansion of macro '__SCB_ICACHE_LINE_SIZE'
  125 |         op_size -= __SCB_ICACHE_LINE_SIZE;
      |                    ^~~~~~~~~~~~~~~~~~~~~~
/Users/seungwon/STM32CubeN6/Drivers/CMSIS/Include/m-profile/armv7m_cachel1.h: In function 'SCB_InvalidateDCache_by_Addr':
/Users/seungwon/STM32CubeN6/Drivers/CMSIS/Include/m-profile/armv7m_cachel1.h:360:32: warning: conversion to 'long unsigned int' from 'int32_t' {aka 'long int'} may change the sign of the result [-Wsign-conversion]
  360 |        int32_t op_size = dsize + (((uint32_t)addr) & (__SCB_DCACHE_LINE_SIZE - 1U));
      |                                ^
/Users/seungwon/STM32CubeN6/Drivers/CMSIS/Include/m-profile/armv7m_cachel1.h:360:26: warning: conversion to 'int32_t' {aka 'long int'} from 'long unsigned int' may change the sign of the result [-Wsign-conversion]
  360 |        int32_t op_size = dsize + (((uint32_t)addr) & (__SCB_DCACHE_LINE_SIZE - 1U));
      |                          ^~~~~
/Users/seungwon/STM32CubeN6/Drivers/CMSIS/Include/m-profile/armv7m_cachel1.h:368:17: warning: conversion to 'long unsigned int' from 'int32_t' {aka 'long int'} may change the sign of the result [-Wsign-conversion]
  368 |         op_size -= __SCB_DCACHE_LINE_SIZE;
      |                 ^~
/Users/seungwon/STM32CubeN6/Drivers/CMSIS/Include/m-profile/armv7m_cachel1.h:44:33: warning: conversion to 'int32_t' {aka 'long int'} from 'long unsigned int' may change the sign of the result [-Wsign-conversion]
   44 | #define __SCB_DCACHE_LINE_SIZE  32U /*!< Cortex-M7 cache line size is fixed to 32 bytes (8 words). See also register SCB_CCSIDR */
      |                                 ^~~
/Users/seungwon/STM32CubeN6/Drivers/CMSIS/Include/m-profile/armv7m_cachel1.h:368:20: note: in expansion of macro '__SCB_DCACHE_LINE_SIZE'
  368 |         op_size -= __SCB_DCACHE_LINE_SIZE;
      |                    ^~~~~~~~~~~~~~~~~~~~~~
/Users/seungwon/STM32CubeN6/Drivers/CMSIS/Include/m-profile/armv7m_cachel1.h: In function 'SCB_CleanDCache_by_Addr':
/Users/seungwon/STM32CubeN6/Drivers/CMSIS/Include/m-profile/armv7m_cachel1.h:390:32: warning: conversion to 'long unsigned int' from 'int32_t' {aka 'long int'} may change the sign of the result [-Wsign-conversion]
  390 |        int32_t op_size = dsize + (((uint32_t)addr) & (__SCB_DCACHE_LINE_SIZE - 1U));
      |                                ^
/Users/seungwon/STM32CubeN6/Drivers/CMSIS/Include/m-profile/armv7m_cachel1.h:390:26: warning: conversion to 'int32_t' {aka 'long int'} from 'long unsigned int' may change the sign of the result [-Wsign-conversion]
  390 |        int32_t op_size = dsize + (((uint32_t)addr) & (__SCB_DCACHE_LINE_SIZE - 1U));
      |                          ^~~~~
/Users/seungwon/STM32CubeN6/Drivers/CMSIS/Include/m-profile/armv7m_cachel1.h:398:17: warning: conversion to 'long unsigned int' from 'int32_t' {aka 'long int'} may change the sign of the result [-Wsign-conversion]
  398 |         op_size -= __SCB_DCACHE_LINE_SIZE;
      |                 ^~
/Users/seungwon/STM32CubeN6/Drivers/CMSIS/Include/m-profile/armv7m_cachel1.h:44:33: warning: conversion to 'int32_t' {aka 'long int'} from 'long unsigned int' may change the sign of the result [-Wsign-conversion]
   44 | #define __SCB_DCACHE_LINE_SIZE  32U /*!< Cortex-M7 cache line size is fixed to 32 bytes (8 words). See also register SCB_CCSIDR */
      |                                 ^~~
/Users/seungwon/STM32CubeN6/Drivers/CMSIS/Include/m-profile/armv7m_cachel1.h:398:20: note: in expansion of macro '__SCB_DCACHE_LINE_SIZE'
  398 |         op_size -= __SCB_DCACHE_LINE_SIZE;
      |                    ^~~~~~~~~~~~~~~~~~~~~~
/Users/seungwon/STM32CubeN6/Drivers/CMSIS/Include/m-profile/armv7m_cachel1.h: In function 'SCB_CleanInvalidateDCache_by_Addr':
/Users/seungwon/STM32CubeN6/Drivers/CMSIS/Include/m-profile/armv7m_cachel1.h:420:32: warning: conversion to 'long unsigned int' from 'int32_t' {aka 'long int'} may change the sign of the result [-Wsign-conversion]
  420 |        int32_t op_size = dsize + (((uint32_t)addr) & (__SCB_DCACHE_LINE_SIZE - 1U));
      |                                ^
/Users/seungwon/STM32CubeN6/Drivers/CMSIS/Include/m-profile/armv7m_cachel1.h:420:26: warning: conversion to 'int32_t' {aka 'long int'} from 'long unsigned int' may change the sign of the result [-Wsign-conversion]
  420 |        int32_t op_size = dsize + (((uint32_t)addr) & (__SCB_DCACHE_LINE_SIZE - 1U));
      |                          ^~~~~
/Users/seungwon/STM32CubeN6/Drivers/CMSIS/Include/m-profile/armv7m_cachel1.h:428:17: warning: conversion to 'long unsigned int' from 'int32_t' {aka 'long int'} may change the sign of the result [-Wsign-conversion]
  428 |         op_size -=          __SCB_DCACHE_LINE_SIZE;
      |                 ^~
/Users/seungwon/STM32CubeN6/Drivers/CMSIS/Include/m-profile/armv7m_cachel1.h:44:33: warning: conversion to 'int32_t' {aka 'long int'} from 'long unsigned int' may change the sign of the result [-Wsign-conversion]
   44 | #define __SCB_DCACHE_LINE_SIZE  32U /*!< Cortex-M7 cache line size is fixed to 32 bytes (8 words). See also register SCB_CCSIDR */
      |                                 ^~~
/Users/seungwon/STM32CubeN6/Drivers/CMSIS/Include/m-profile/armv7m_cachel1.h:428:29: note: in expansion of macro '__SCB_DCACHE_LINE_SIZE'
  428 |         op_size -=          __SCB_DCACHE_LINE_SIZE;
      |                             ^~~~~~~~~~~~~~~~~~~~~~
/Users/seungwon/test/.tools/xpack-arm-none-eabi-gcc-15.2.1-1.1/bin/arm-none-eabi-gcc -DAIMER_MVE_BATCH  -DAIMER_PHASE_PROFILE -DPARAMS=256s -DAIMER_BACKEND=mve -DAIMER_MATVEC=compact -DAIMER_CONFIG=mve_compact -DBENCH_KERNEL_SAMPLES=31 -DBENCH_E2E_SAMPLES=7 -DBENCH_KERNEL_INNER=64 -DBENCH_WARMUP=1 -DPROFILE_SAMPLES=31 -DPROFILE_KERNEL_INNER=64 -DPROFILE_COMPLEX_INNER=8 -DUSE_HAL_DRIVER -DSTM32N657xx -Iinclude -I../src/sig/aimer/reference/aimer-256s -I../src -I/Users/seungwon/STM32CubeN6/Projects/NUCLEO-N657X0-Q/Templates/Template/FSBL/Inc -I/Users/seungwon/STM32CubeN6/Drivers/CMSIS/Include -I/Users/seungwon/STM32CubeN6/Drivers/CMSIS/Device/ST/STM32N6xx/Include -I/Users/seungwon/STM32CubeN6/Drivers/STM32N6xx_HAL_Driver/Inc -I/Users/seungwon/STM32CubeN6/Drivers/STM32N6xx_HAL_Driver/Inc/Legacy -O3 -std=c11 -fno-common -ffunction-sections -fdata-sections -fno-tree-vectorize -fno-tree-slp-vectorize -MMD -MP --specs=nosys.specs -Wall -Wextra -Wshadow -Wconversion -Wstrict-prototypes -mcpu=cortex-m55 -mthumb -mfloat-abi=hard -mcmse -fstack-usage -c /Users/seungwon/STM32CubeN6/Drivers/STM32N6xx_HAL_Driver/Src/stm32n6xx_hal_cortex.c -o build/full/256s/mve/profile/stm32n6xx_hal_cortex.c.o
In file included from /Users/seungwon/STM32CubeN6/Drivers/CMSIS/Include/core_cm55.h:4605,
                 from /Users/seungwon/STM32CubeN6/Drivers/CMSIS/Device/ST/STM32N6xx/Include/stm32n657xx.h:281,
                 from /Users/seungwon/STM32CubeN6/Drivers/CMSIS/Device/ST/STM32N6xx/Include/stm32n6xx.h:87,
                 from /Users/seungwon/STM32CubeN6/Drivers/STM32N6xx_HAL_Driver/Inc/stm32n6xx_hal_def.h:33,
                 from /Users/seungwon/STM32CubeN6/Drivers/STM32N6xx_HAL_Driver/Inc/stm32n6xx_hal_rcc.h:28,
                 from /Users/seungwon/STM32CubeN6/Projects/NUCLEO-N657X0-Q/Templates/Template/FSBL/Inc/stm32n6xx_hal_conf.h:253,
                 from /Users/seungwon/STM32CubeN6/Drivers/STM32N6xx_HAL_Driver/Inc/stm32n6xx_hal.h:29,
                 from /Users/seungwon/STM32CubeN6/Drivers/STM32N6xx_HAL_Driver/Src/stm32n6xx_hal_cortex.c:158:
/Users/seungwon/STM32CubeN6/Drivers/CMSIS/Include/m-profile/armv7m_cachel1.h: In function 'SCB_InvalidateICache_by_Addr':
/Users/seungwon/STM32CubeN6/Drivers/CMSIS/Include/m-profile/armv7m_cachel1.h:117:32: warning: conversion to 'long unsigned int' from 'int32_t' {aka 'long int'} may change the sign of the result [-Wsign-conversion]
  117 |        int32_t op_size = isize + (((uint32_t)addr) & (__SCB_ICACHE_LINE_SIZE - 1U));
      |                                ^
/Users/seungwon/STM32CubeN6/Drivers/CMSIS/Include/m-profile/armv7m_cachel1.h:117:26: warning: conversion to 'int32_t' {aka 'long int'} from 'long unsigned int' may change the sign of the result [-Wsign-conversion]
  117 |        int32_t op_size = isize + (((uint32_t)addr) & (__SCB_ICACHE_LINE_SIZE - 1U));
      |                          ^~~~~
/Users/seungwon/STM32CubeN6/Drivers/CMSIS/Include/m-profile/armv7m_cachel1.h:125:17: warning: conversion to 'long unsigned int' from 'int32_t' {aka 'long int'} may change the sign of the result [-Wsign-conversion]
  125 |         op_size -= __SCB_ICACHE_LINE_SIZE;
      |                 ^~
/Users/seungwon/STM32CubeN6/Drivers/CMSIS/Include/m-profile/armv7m_cachel1.h:48:33: warning: conversion to 'int32_t' {aka 'long int'} from 'long unsigned int' may change the sign of the result [-Wsign-conversion]
   48 | #define __SCB_ICACHE_LINE_SIZE  32U /*!< Cortex-M7 cache line size is fixed to 32 bytes (8 words). See also register SCB_CCSIDR */
      |                                 ^~~
/Users/seungwon/STM32CubeN6/Drivers/CMSIS/Include/m-profile/armv7m_cachel1.h:125:20: note: in expansion of macro '__SCB_ICACHE_LINE_SIZE'
  125 |         op_size -= __SCB_ICACHE_LINE_SIZE;
      |                    ^~~~~~~~~~~~~~~~~~~~~~
/Users/seungwon/STM32CubeN6/Drivers/CMSIS/Include/m-profile/armv7m_cachel1.h: In function 'SCB_InvalidateDCache_by_Addr':
/Users/seungwon/STM32CubeN6/Drivers/CMSIS/Include/m-profile/armv7m_cachel1.h:360:32: warning: conversion to 'long unsigned int' from 'int32_t' {aka 'long int'} may change the sign of the result [-Wsign-conversion]
  360 |        int32_t op_size = dsize + (((uint32_t)addr) & (__SCB_DCACHE_LINE_SIZE - 1U));
      |                                ^
/Users/seungwon/STM32CubeN6/Drivers/CMSIS/Include/m-profile/armv7m_cachel1.h:360:26: warning: conversion to 'int32_t' {aka 'long int'} from 'long unsigned int' may change the sign of the result [-Wsign-conversion]
  360 |        int32_t op_size = dsize + (((uint32_t)addr) & (__SCB_DCACHE_LINE_SIZE - 1U));
      |                          ^~~~~
/Users/seungwon/STM32CubeN6/Drivers/CMSIS/Include/m-profile/armv7m_cachel1.h:368:17: warning: conversion to 'long unsigned int' from 'int32_t' {aka 'long int'} may change the sign of the result [-Wsign-conversion]
  368 |         op_size -= __SCB_DCACHE_LINE_SIZE;
      |                 ^~
/Users/seungwon/STM32CubeN6/Drivers/CMSIS/Include/m-profile/armv7m_cachel1.h:44:33: warning: conversion to 'int32_t' {aka 'long int'} from 'long unsigned int' may change the sign of the result [-Wsign-conversion]
   44 | #define __SCB_DCACHE_LINE_SIZE  32U /*!< Cortex-M7 cache line size is fixed to 32 bytes (8 words). See also register SCB_CCSIDR */
      |                                 ^~~
/Users/seungwon/STM32CubeN6/Drivers/CMSIS/Include/m-profile/armv7m_cachel1.h:368:20: note: in expansion of macro '__SCB_DCACHE_LINE_SIZE'
  368 |         op_size -= __SCB_DCACHE_LINE_SIZE;
      |                    ^~~~~~~~~~~~~~~~~~~~~~
/Users/seungwon/STM32CubeN6/Drivers/CMSIS/Include/m-profile/armv7m_cachel1.h: In function 'SCB_CleanDCache_by_Addr':
/Users/seungwon/STM32CubeN6/Drivers/CMSIS/Include/m-profile/armv7m_cachel1.h:390:32: warning: conversion to 'long unsigned int' from 'int32_t' {aka 'long int'} may change the sign of the result [-Wsign-conversion]
  390 |        int32_t op_size = dsize + (((uint32_t)addr) & (__SCB_DCACHE_LINE_SIZE - 1U));
      |                                ^
/Users/seungwon/STM32CubeN6/Drivers/CMSIS/Include/m-profile/armv7m_cachel1.h:390:26: warning: conversion to 'int32_t' {aka 'long int'} from 'long unsigned int' may change the sign of the result [-Wsign-conversion]
  390 |        int32_t op_size = dsize + (((uint32_t)addr) & (__SCB_DCACHE_LINE_SIZE - 1U));
      |                          ^~~~~
/Users/seungwon/STM32CubeN6/Drivers/CMSIS/Include/m-profile/armv7m_cachel1.h:398:17: warning: conversion to 'long unsigned int' from 'int32_t' {aka 'long int'} may change the sign of the result [-Wsign-conversion]
  398 |         op_size -= __SCB_DCACHE_LINE_SIZE;
      |                 ^~
/Users/seungwon/STM32CubeN6/Drivers/CMSIS/Include/m-profile/armv7m_cachel1.h:44:33: warning: conversion to 'int32_t' {aka 'long int'} from 'long unsigned int' may change the sign of the result [-Wsign-conversion]
   44 | #define __SCB_DCACHE_LINE_SIZE  32U /*!< Cortex-M7 cache line size is fixed to 32 bytes (8 words). See also register SCB_CCSIDR */
      |                                 ^~~
/Users/seungwon/STM32CubeN6/Drivers/CMSIS/Include/m-profile/armv7m_cachel1.h:398:20: note: in expansion of macro '__SCB_DCACHE_LINE_SIZE'
  398 |         op_size -= __SCB_DCACHE_LINE_SIZE;
      |                    ^~~~~~~~~~~~~~~~~~~~~~
/Users/seungwon/STM32CubeN6/Drivers/CMSIS/Include/m-profile/armv7m_cachel1.h: In function 'SCB_CleanInvalidateDCache_by_Addr':
/Users/seungwon/STM32CubeN6/Drivers/CMSIS/Include/m-profile/armv7m_cachel1.h:420:32: warning: conversion to 'long unsigned int' from 'int32_t' {aka 'long int'} may change the sign of the result [-Wsign-conversion]
  420 |        int32_t op_size = dsize + (((uint32_t)addr) & (__SCB_DCACHE_LINE_SIZE - 1U));
      |                                ^
/Users/seungwon/STM32CubeN6/Drivers/CMSIS/Include/m-profile/armv7m_cachel1.h:420:26: warning: conversion to 'int32_t' {aka 'long int'} from 'long unsigned int' may change the sign of the result [-Wsign-conversion]
  420 |        int32_t op_size = dsize + (((uint32_t)addr) & (__SCB_DCACHE_LINE_SIZE - 1U));
      |                          ^~~~~
/Users/seungwon/STM32CubeN6/Drivers/CMSIS/Include/m-profile/armv7m_cachel1.h:428:17: warning: conversion to 'long unsigned int' from 'int32_t' {aka 'long int'} may change the sign of the result [-Wsign-conversion]
  428 |         op_size -=          __SCB_DCACHE_LINE_SIZE;
      |                 ^~
/Users/seungwon/STM32CubeN6/Drivers/CMSIS/Include/m-profile/armv7m_cachel1.h:44:33: warning: conversion to 'int32_t' {aka 'long int'} from 'long unsigned int' may change the sign of the result [-Wsign-conversion]
   44 | #define __SCB_DCACHE_LINE_SIZE  32U /*!< Cortex-M7 cache line size is fixed to 32 bytes (8 words). See also register SCB_CCSIDR */
      |                                 ^~~
/Users/seungwon/STM32CubeN6/Drivers/CMSIS/Include/m-profile/armv7m_cachel1.h:428:29: note: in expansion of macro '__SCB_DCACHE_LINE_SIZE'
  428 |         op_size -=          __SCB_DCACHE_LINE_SIZE;
      |                             ^~~~~~~~~~~~~~~~~~~~~~
/Users/seungwon/test/.tools/xpack-arm-none-eabi-gcc-15.2.1-1.1/bin/arm-none-eabi-gcc -DAIMER_MVE_BATCH  -DAIMER_PHASE_PROFILE -DPARAMS=256s -DAIMER_BACKEND=mve -DAIMER_MATVEC=compact -DAIMER_CONFIG=mve_compact -DBENCH_KERNEL_SAMPLES=31 -DBENCH_E2E_SAMPLES=7 -DBENCH_KERNEL_INNER=64 -DBENCH_WARMUP=1 -DPROFILE_SAMPLES=31 -DPROFILE_KERNEL_INNER=64 -DPROFILE_COMPLEX_INNER=8 -DUSE_HAL_DRIVER -DSTM32N657xx -Iinclude -I../src/sig/aimer/reference/aimer-256s -I../src -I/Users/seungwon/STM32CubeN6/Projects/NUCLEO-N657X0-Q/Templates/Template/FSBL/Inc -I/Users/seungwon/STM32CubeN6/Drivers/CMSIS/Include -I/Users/seungwon/STM32CubeN6/Drivers/CMSIS/Device/ST/STM32N6xx/Include -I/Users/seungwon/STM32CubeN6/Drivers/STM32N6xx_HAL_Driver/Inc -I/Users/seungwon/STM32CubeN6/Drivers/STM32N6xx_HAL_Driver/Inc/Legacy -O3 -std=c11 -fno-common -ffunction-sections -fdata-sections -fno-tree-vectorize -fno-tree-slp-vectorize -MMD -MP --specs=nosys.specs -Wall -Wextra -Wshadow -Wconversion -Wstrict-prototypes -mcpu=cortex-m55 -mthumb -mfloat-abi=hard -mcmse -fstack-usage -c /Users/seungwon/STM32CubeN6/Drivers/STM32N6xx_HAL_Driver/Src/stm32n6xx_hal_pwr.c -o build/full/256s/mve/profile/stm32n6xx_hal_pwr.c.o
In file included from /Users/seungwon/STM32CubeN6/Drivers/CMSIS/Include/core_cm55.h:4605,
                 from /Users/seungwon/STM32CubeN6/Drivers/CMSIS/Device/ST/STM32N6xx/Include/stm32n657xx.h:281,
                 from /Users/seungwon/STM32CubeN6/Drivers/CMSIS/Device/ST/STM32N6xx/Include/stm32n6xx.h:87,
                 from /Users/seungwon/STM32CubeN6/Drivers/STM32N6xx_HAL_Driver/Inc/stm32n6xx_hal_def.h:33,
                 from /Users/seungwon/STM32CubeN6/Drivers/STM32N6xx_HAL_Driver/Inc/stm32n6xx_hal_rcc.h:28,
                 from /Users/seungwon/STM32CubeN6/Projects/NUCLEO-N657X0-Q/Templates/Template/FSBL/Inc/stm32n6xx_hal_conf.h:253,
                 from /Users/seungwon/STM32CubeN6/Drivers/STM32N6xx_HAL_Driver/Inc/stm32n6xx_hal.h:29,
                 from /Users/seungwon/STM32CubeN6/Drivers/STM32N6xx_HAL_Driver/Src/stm32n6xx_hal_pwr.c:107:
/Users/seungwon/STM32CubeN6/Drivers/CMSIS/Include/m-profile/armv7m_cachel1.h: In function 'SCB_InvalidateICache_by_Addr':
/Users/seungwon/STM32CubeN6/Drivers/CMSIS/Include/m-profile/armv7m_cachel1.h:117:32: warning: conversion to 'long unsigned int' from 'int32_t' {aka 'long int'} may change the sign of the result [-Wsign-conversion]
  117 |        int32_t op_size = isize + (((uint32_t)addr) & (__SCB_ICACHE_LINE_SIZE - 1U));
      |                                ^
/Users/seungwon/STM32CubeN6/Drivers/CMSIS/Include/m-profile/armv7m_cachel1.h:117:26: warning: conversion to 'int32_t' {aka 'long int'} from 'long unsigned int' may change the sign of the result [-Wsign-conversion]
  117 |        int32_t op_size = isize + (((uint32_t)addr) & (__SCB_ICACHE_LINE_SIZE - 1U));
      |                          ^~~~~
/Users/seungwon/STM32CubeN6/Drivers/CMSIS/Include/m-profile/armv7m_cachel1.h:125:17: warning: conversion to 'long unsigned int' from 'int32_t' {aka 'long int'} may change the sign of the result [-Wsign-conversion]
  125 |         op_size -= __SCB_ICACHE_LINE_SIZE;
      |                 ^~
/Users/seungwon/STM32CubeN6/Drivers/CMSIS/Include/m-profile/armv7m_cachel1.h:48:33: warning: conversion to 'int32_t' {aka 'long int'} from 'long unsigned int' may change the sign of the result [-Wsign-conversion]
   48 | #define __SCB_ICACHE_LINE_SIZE  32U /*!< Cortex-M7 cache line size is fixed to 32 bytes (8 words). See also register SCB_CCSIDR */
      |                                 ^~~
/Users/seungwon/STM32CubeN6/Drivers/CMSIS/Include/m-profile/armv7m_cachel1.h:125:20: note: in expansion of macro '__SCB_ICACHE_LINE_SIZE'
  125 |         op_size -= __SCB_ICACHE_LINE_SIZE;
      |                    ^~~~~~~~~~~~~~~~~~~~~~
/Users/seungwon/STM32CubeN6/Drivers/CMSIS/Include/m-profile/armv7m_cachel1.h: In function 'SCB_InvalidateDCache_by_Addr':
/Users/seungwon/STM32CubeN6/Drivers/CMSIS/Include/m-profile/armv7m_cachel1.h:360:32: warning: conversion to 'long unsigned int' from 'int32_t' {aka 'long int'} may change the sign of the result [-Wsign-conversion]
  360 |        int32_t op_size = dsize + (((uint32_t)addr) & (__SCB_DCACHE_LINE_SIZE - 1U));
      |                                ^
/Users/seungwon/STM32CubeN6/Drivers/CMSIS/Include/m-profile/armv7m_cachel1.h:360:26: warning: conversion to 'int32_t' {aka 'long int'} from 'long unsigned int' may change the sign of the result [-Wsign-conversion]
  360 |        int32_t op_size = dsize + (((uint32_t)addr) & (__SCB_DCACHE_LINE_SIZE - 1U));
      |                          ^~~~~
/Users/seungwon/STM32CubeN6/Drivers/CMSIS/Include/m-profile/armv7m_cachel1.h:368:17: warning: conversion to 'long unsigned int' from 'int32_t' {aka 'long int'} may change the sign of the result [-Wsign-conversion]
  368 |         op_size -= __SCB_DCACHE_LINE_SIZE;
      |                 ^~
/Users/seungwon/STM32CubeN6/Drivers/CMSIS/Include/m-profile/armv7m_cachel1.h:44:33: warning: conversion to 'int32_t' {aka 'long int'} from 'long unsigned int' may change the sign of the result [-Wsign-conversion]
   44 | #define __SCB_DCACHE_LINE_SIZE  32U /*!< Cortex-M7 cache line size is fixed to 32 bytes (8 words). See also register SCB_CCSIDR */
      |                                 ^~~
/Users/seungwon/STM32CubeN6/Drivers/CMSIS/Include/m-profile/armv7m_cachel1.h:368:20: note: in expansion of macro '__SCB_DCACHE_LINE_SIZE'
  368 |         op_size -= __SCB_DCACHE_LINE_SIZE;
      |                    ^~~~~~~~~~~~~~~~~~~~~~
/Users/seungwon/STM32CubeN6/Drivers/CMSIS/Include/m-profile/armv7m_cachel1.h: In function 'SCB_CleanDCache_by_Addr':
/Users/seungwon/STM32CubeN6/Drivers/CMSIS/Include/m-profile/armv7m_cachel1.h:390:32: warning: conversion to 'long unsigned int' from 'int32_t' {aka 'long int'} may change the sign of the result [-Wsign-conversion]
  390 |        int32_t op_size = dsize + (((uint32_t)addr) & (__SCB_DCACHE_LINE_SIZE - 1U));
      |                                ^
/Users/seungwon/STM32CubeN6/Drivers/CMSIS/Include/m-profile/armv7m_cachel1.h:390:26: warning: conversion to 'int32_t' {aka 'long int'} from 'long unsigned int' may change the sign of the result [-Wsign-conversion]
  390 |        int32_t op_size = dsize + (((uint32_t)addr) & (__SCB_DCACHE_LINE_SIZE - 1U));
      |                          ^~~~~
/Users/seungwon/STM32CubeN6/Drivers/CMSIS/Include/m-profile/armv7m_cachel1.h:398:17: warning: conversion to 'long unsigned int' from 'int32_t' {aka 'long int'} may change the sign of the result [-Wsign-conversion]
  398 |         op_size -= __SCB_DCACHE_LINE_SIZE;
      |                 ^~
/Users/seungwon/STM32CubeN6/Drivers/CMSIS/Include/m-profile/armv7m_cachel1.h:44:33: warning: conversion to 'int32_t' {aka 'long int'} from 'long unsigned int' may change the sign of the result [-Wsign-conversion]
   44 | #define __SCB_DCACHE_LINE_SIZE  32U /*!< Cortex-M7 cache line size is fixed to 32 bytes (8 words). See also register SCB_CCSIDR */
      |                                 ^~~
/Users/seungwon/STM32CubeN6/Drivers/CMSIS/Include/m-profile/armv7m_cachel1.h:398:20: note: in expansion of macro '__SCB_DCACHE_LINE_SIZE'
  398 |         op_size -= __SCB_DCACHE_LINE_SIZE;
      |                    ^~~~~~~~~~~~~~~~~~~~~~
/Users/seungwon/STM32CubeN6/Drivers/CMSIS/Include/m-profile/armv7m_cachel1.h: In function 'SCB_CleanInvalidateDCache_by_Addr':
/Users/seungwon/STM32CubeN6/Drivers/CMSIS/Include/m-profile/armv7m_cachel1.h:420:32: warning: conversion to 'long unsigned int' from 'int32_t' {aka 'long int'} may change the sign of the result [-Wsign-conversion]
  420 |        int32_t op_size = dsize + (((uint32_t)addr) & (__SCB_DCACHE_LINE_SIZE - 1U));
      |                                ^
/Users/seungwon/STM32CubeN6/Drivers/CMSIS/Include/m-profile/armv7m_cachel1.h:420:26: warning: conversion to 'int32_t' {aka 'long int'} from 'long unsigned int' may change the sign of the result [-Wsign-conversion]
  420 |        int32_t op_size = dsize + (((uint32_t)addr) & (__SCB_DCACHE_LINE_SIZE - 1U));
      |                          ^~~~~
/Users/seungwon/STM32CubeN6/Drivers/CMSIS/Include/m-profile/armv7m_cachel1.h:428:17: warning: conversion to 'long unsigned int' from 'int32_t' {aka 'long int'} may change the sign of the result [-Wsign-conversion]
  428 |         op_size -=          __SCB_DCACHE_LINE_SIZE;
      |                 ^~
/Users/seungwon/STM32CubeN6/Drivers/CMSIS/Include/m-profile/armv7m_cachel1.h:44:33: warning: conversion to 'int32_t' {aka 'long int'} from 'long unsigned int' may change the sign of the result [-Wsign-conversion]
   44 | #define __SCB_DCACHE_LINE_SIZE  32U /*!< Cortex-M7 cache line size is fixed to 32 bytes (8 words). See also register SCB_CCSIDR */
      |                                 ^~~
/Users/seungwon/STM32CubeN6/Drivers/CMSIS/Include/m-profile/armv7m_cachel1.h:428:29: note: in expansion of macro '__SCB_DCACHE_LINE_SIZE'
  428 |         op_size -=          __SCB_DCACHE_LINE_SIZE;
      |                             ^~~~~~~~~~~~~~~~~~~~~~
/Users/seungwon/test/.tools/xpack-arm-none-eabi-gcc-15.2.1-1.1/bin/arm-none-eabi-gcc -DAIMER_MVE_BATCH  -DAIMER_PHASE_PROFILE -DPARAMS=256s -DAIMER_BACKEND=mve -DAIMER_MATVEC=compact -DAIMER_CONFIG=mve_compact -DBENCH_KERNEL_SAMPLES=31 -DBENCH_E2E_SAMPLES=7 -DBENCH_KERNEL_INNER=64 -DBENCH_WARMUP=1 -DPROFILE_SAMPLES=31 -DPROFILE_KERNEL_INNER=64 -DPROFILE_COMPLEX_INNER=8 -DUSE_HAL_DRIVER -DSTM32N657xx -Iinclude -I../src/sig/aimer/reference/aimer-256s -I../src -I/Users/seungwon/STM32CubeN6/Projects/NUCLEO-N657X0-Q/Templates/Template/FSBL/Inc -I/Users/seungwon/STM32CubeN6/Drivers/CMSIS/Include -I/Users/seungwon/STM32CubeN6/Drivers/CMSIS/Device/ST/STM32N6xx/Include -I/Users/seungwon/STM32CubeN6/Drivers/STM32N6xx_HAL_Driver/Inc -I/Users/seungwon/STM32CubeN6/Drivers/STM32N6xx_HAL_Driver/Inc/Legacy -O3 -std=c11 -fno-common -ffunction-sections -fdata-sections -fno-tree-vectorize -fno-tree-slp-vectorize -MMD -MP --specs=nosys.specs -Wall -Wextra -Wshadow -Wconversion -Wstrict-prototypes -mcpu=cortex-m55 -mthumb -mfloat-abi=hard -mcmse -fstack-usage -c /Users/seungwon/STM32CubeN6/Drivers/STM32N6xx_HAL_Driver/Src/stm32n6xx_hal_pwr_ex.c -o build/full/256s/mve/profile/stm32n6xx_hal_pwr_ex.c.o
In file included from /Users/seungwon/STM32CubeN6/Drivers/CMSIS/Include/core_cm55.h:4605,
                 from /Users/seungwon/STM32CubeN6/Drivers/CMSIS/Device/ST/STM32N6xx/Include/stm32n657xx.h:281,
                 from /Users/seungwon/STM32CubeN6/Drivers/CMSIS/Device/ST/STM32N6xx/Include/stm32n6xx.h:87,
                 from /Users/seungwon/STM32CubeN6/Drivers/STM32N6xx_HAL_Driver/Inc/stm32n6xx_hal_def.h:33,
                 from /Users/seungwon/STM32CubeN6/Drivers/STM32N6xx_HAL_Driver/Inc/stm32n6xx_hal_rcc.h:28,
                 from /Users/seungwon/STM32CubeN6/Projects/NUCLEO-N657X0-Q/Templates/Template/FSBL/Inc/stm32n6xx_hal_conf.h:253,
                 from /Users/seungwon/STM32CubeN6/Drivers/STM32N6xx_HAL_Driver/Inc/stm32n6xx_hal.h:29,
                 from /Users/seungwon/STM32CubeN6/Drivers/STM32N6xx_HAL_Driver/Src/stm32n6xx_hal_pwr_ex.c:159:
/Users/seungwon/STM32CubeN6/Drivers/CMSIS/Include/m-profile/armv7m_cachel1.h: In function 'SCB_InvalidateICache_by_Addr':
/Users/seungwon/STM32CubeN6/Drivers/CMSIS/Include/m-profile/armv7m_cachel1.h:117:32: warning: conversion to 'long unsigned int' from 'int32_t' {aka 'long int'} may change the sign of the result [-Wsign-conversion]
  117 |        int32_t op_size = isize + (((uint32_t)addr) & (__SCB_ICACHE_LINE_SIZE - 1U));
      |                                ^
/Users/seungwon/STM32CubeN6/Drivers/CMSIS/Include/m-profile/armv7m_cachel1.h:117:26: warning: conversion to 'int32_t' {aka 'long int'} from 'long unsigned int' may change the sign of the result [-Wsign-conversion]
  117 |        int32_t op_size = isize + (((uint32_t)addr) & (__SCB_ICACHE_LINE_SIZE - 1U));
      |                          ^~~~~
/Users/seungwon/STM32CubeN6/Drivers/CMSIS/Include/m-profile/armv7m_cachel1.h:125:17: warning: conversion to 'long unsigned int' from 'int32_t' {aka 'long int'} may change the sign of the result [-Wsign-conversion]
  125 |         op_size -= __SCB_ICACHE_LINE_SIZE;
      |                 ^~
/Users/seungwon/STM32CubeN6/Drivers/CMSIS/Include/m-profile/armv7m_cachel1.h:48:33: warning: conversion to 'int32_t' {aka 'long int'} from 'long unsigned int' may change the sign of the result [-Wsign-conversion]
   48 | #define __SCB_ICACHE_LINE_SIZE  32U /*!< Cortex-M7 cache line size is fixed to 32 bytes (8 words). See also register SCB_CCSIDR */
      |                                 ^~~
/Users/seungwon/STM32CubeN6/Drivers/CMSIS/Include/m-profile/armv7m_cachel1.h:125:20: note: in expansion of macro '__SCB_ICACHE_LINE_SIZE'
  125 |         op_size -= __SCB_ICACHE_LINE_SIZE;
      |                    ^~~~~~~~~~~~~~~~~~~~~~
/Users/seungwon/STM32CubeN6/Drivers/CMSIS/Include/m-profile/armv7m_cachel1.h: In function 'SCB_InvalidateDCache_by_Addr':
/Users/seungwon/STM32CubeN6/Drivers/CMSIS/Include/m-profile/armv7m_cachel1.h:360:32: warning: conversion to 'long unsigned int' from 'int32_t' {aka 'long int'} may change the sign of the result [-Wsign-conversion]
  360 |        int32_t op_size = dsize + (((uint32_t)addr) & (__SCB_DCACHE_LINE_SIZE - 1U));
      |                                ^
/Users/seungwon/STM32CubeN6/Drivers/CMSIS/Include/m-profile/armv7m_cachel1.h:360:26: warning: conversion to 'int32_t' {aka 'long int'} from 'long unsigned int' may change the sign of the result [-Wsign-conversion]
  360 |        int32_t op_size = dsize + (((uint32_t)addr) & (__SCB_DCACHE_LINE_SIZE - 1U));
      |                          ^~~~~
/Users/seungwon/STM32CubeN6/Drivers/CMSIS/Include/m-profile/armv7m_cachel1.h:368:17: warning: conversion to 'long unsigned int' from 'int32_t' {aka 'long int'} may change the sign of the result [-Wsign-conversion]
  368 |         op_size -= __SCB_DCACHE_LINE_SIZE;
      |                 ^~
/Users/seungwon/STM32CubeN6/Drivers/CMSIS/Include/m-profile/armv7m_cachel1.h:44:33: warning: conversion to 'int32_t' {aka 'long int'} from 'long unsigned int' may change the sign of the result [-Wsign-conversion]
   44 | #define __SCB_DCACHE_LINE_SIZE  32U /*!< Cortex-M7 cache line size is fixed to 32 bytes (8 words). See also register SCB_CCSIDR */
      |                                 ^~~
/Users/seungwon/STM32CubeN6/Drivers/CMSIS/Include/m-profile/armv7m_cachel1.h:368:20: note: in expansion of macro '__SCB_DCACHE_LINE_SIZE'
  368 |         op_size -= __SCB_DCACHE_LINE_SIZE;
      |                    ^~~~~~~~~~~~~~~~~~~~~~
/Users/seungwon/STM32CubeN6/Drivers/CMSIS/Include/m-profile/armv7m_cachel1.h: In function 'SCB_CleanDCache_by_Addr':
/Users/seungwon/STM32CubeN6/Drivers/CMSIS/Include/m-profile/armv7m_cachel1.h:390:32: warning: conversion to 'long unsigned int' from 'int32_t' {aka 'long int'} may change the sign of the result [-Wsign-conversion]
  390 |        int32_t op_size = dsize + (((uint32_t)addr) & (__SCB_DCACHE_LINE_SIZE - 1U));
      |                                ^
/Users/seungwon/STM32CubeN6/Drivers/CMSIS/Include/m-profile/armv7m_cachel1.h:390:26: warning: conversion to 'int32_t' {aka 'long int'} from 'long unsigned int' may change the sign of the result [-Wsign-conversion]
  390 |        int32_t op_size = dsize + (((uint32_t)addr) & (__SCB_DCACHE_LINE_SIZE - 1U));
      |                          ^~~~~
/Users/seungwon/STM32CubeN6/Drivers/CMSIS/Include/m-profile/armv7m_cachel1.h:398:17: warning: conversion to 'long unsigned int' from 'int32_t' {aka 'long int'} may change the sign of the result [-Wsign-conversion]
  398 |         op_size -= __SCB_DCACHE_LINE_SIZE;
      |                 ^~
/Users/seungwon/STM32CubeN6/Drivers/CMSIS/Include/m-profile/armv7m_cachel1.h:44:33: warning: conversion to 'int32_t' {aka 'long int'} from 'long unsigned int' may change the sign of the result [-Wsign-conversion]
   44 | #define __SCB_DCACHE_LINE_SIZE  32U /*!< Cortex-M7 cache line size is fixed to 32 bytes (8 words). See also register SCB_CCSIDR */
      |                                 ^~~
/Users/seungwon/STM32CubeN6/Drivers/CMSIS/Include/m-profile/armv7m_cachel1.h:398:20: note: in expansion of macro '__SCB_DCACHE_LINE_SIZE'
  398 |         op_size -= __SCB_DCACHE_LINE_SIZE;
      |                    ^~~~~~~~~~~~~~~~~~~~~~
/Users/seungwon/STM32CubeN6/Drivers/CMSIS/Include/m-profile/armv7m_cachel1.h: In function 'SCB_CleanInvalidateDCache_by_Addr':
/Users/seungwon/STM32CubeN6/Drivers/CMSIS/Include/m-profile/armv7m_cachel1.h:420:32: warning: conversion to 'long unsigned int' from 'int32_t' {aka 'long int'} may change the sign of the result [-Wsign-conversion]
  420 |        int32_t op_size = dsize + (((uint32_t)addr) & (__SCB_DCACHE_LINE_SIZE - 1U));
      |                                ^
/Users/seungwon/STM32CubeN6/Drivers/CMSIS/Include/m-profile/armv7m_cachel1.h:420:26: warning: conversion to 'int32_t' {aka 'long int'} from 'long unsigned int' may change the sign of the result [-Wsign-conversion]
  420 |        int32_t op_size = dsize + (((uint32_t)addr) & (__SCB_DCACHE_LINE_SIZE - 1U));
      |                          ^~~~~
/Users/seungwon/STM32CubeN6/Drivers/CMSIS/Include/m-profile/armv7m_cachel1.h:428:17: warning: conversion to 'long unsigned int' from 'int32_t' {aka 'long int'} may change the sign of the result [-Wsign-conversion]
  428 |         op_size -=          __SCB_DCACHE_LINE_SIZE;
      |                 ^~
/Users/seungwon/STM32CubeN6/Drivers/CMSIS/Include/m-profile/armv7m_cachel1.h:44:33: warning: conversion to 'int32_t' {aka 'long int'} from 'long unsigned int' may change the sign of the result [-Wsign-conversion]
   44 | #define __SCB_DCACHE_LINE_SIZE  32U /*!< Cortex-M7 cache line size is fixed to 32 bytes (8 words). See also register SCB_CCSIDR */
      |                                 ^~~
/Users/seungwon/STM32CubeN6/Drivers/CMSIS/Include/m-profile/armv7m_cachel1.h:428:29: note: in expansion of macro '__SCB_DCACHE_LINE_SIZE'
  428 |         op_size -=          __SCB_DCACHE_LINE_SIZE;
      |                             ^~~~~~~~~~~~~~~~~~~~~~
/Users/seungwon/test/.tools/xpack-arm-none-eabi-gcc-15.2.1-1.1/bin/arm-none-eabi-gcc -DAIMER_MVE_BATCH  -DAIMER_PHASE_PROFILE -DPARAMS=256s -DAIMER_BACKEND=mve -DAIMER_MATVEC=compact -DAIMER_CONFIG=mve_compact -DBENCH_KERNEL_SAMPLES=31 -DBENCH_E2E_SAMPLES=7 -DBENCH_KERNEL_INNER=64 -DBENCH_WARMUP=1 -DPROFILE_SAMPLES=31 -DPROFILE_KERNEL_INNER=64 -DPROFILE_COMPLEX_INNER=8 -DUSE_HAL_DRIVER -DSTM32N657xx -Iinclude -I../src/sig/aimer/reference/aimer-256s -I../src -I/Users/seungwon/STM32CubeN6/Projects/NUCLEO-N657X0-Q/Templates/Template/FSBL/Inc -I/Users/seungwon/STM32CubeN6/Drivers/CMSIS/Include -I/Users/seungwon/STM32CubeN6/Drivers/CMSIS/Device/ST/STM32N6xx/Include -I/Users/seungwon/STM32CubeN6/Drivers/STM32N6xx_HAL_Driver/Inc -I/Users/seungwon/STM32CubeN6/Drivers/STM32N6xx_HAL_Driver/Inc/Legacy -O3 -std=c11 -fno-common -ffunction-sections -fdata-sections -fno-tree-vectorize -fno-tree-slp-vectorize -MMD -MP --specs=nosys.specs -Wall -Wextra -Wshadow -Wconversion -Wstrict-prototypes -mcpu=cortex-m55 -mthumb -mfloat-abi=hard -mcmse -fstack-usage -c /Users/seungwon/STM32CubeN6/Drivers/STM32N6xx_HAL_Driver/Src/stm32n6xx_hal_rcc.c -o build/full/256s/mve/profile/stm32n6xx_hal_rcc.c.o
In file included from /Users/seungwon/STM32CubeN6/Drivers/CMSIS/Include/core_cm55.h:4605,
                 from /Users/seungwon/STM32CubeN6/Drivers/CMSIS/Device/ST/STM32N6xx/Include/stm32n657xx.h:281,
                 from /Users/seungwon/STM32CubeN6/Drivers/CMSIS/Device/ST/STM32N6xx/Include/stm32n6xx.h:87,
                 from /Users/seungwon/STM32CubeN6/Drivers/STM32N6xx_HAL_Driver/Inc/stm32n6xx_hal_def.h:33,
                 from /Users/seungwon/STM32CubeN6/Drivers/STM32N6xx_HAL_Driver/Inc/stm32n6xx_hal_rcc.h:28,
                 from /Users/seungwon/STM32CubeN6/Projects/NUCLEO-N657X0-Q/Templates/Template/FSBL/Inc/stm32n6xx_hal_conf.h:253,
                 from /Users/seungwon/STM32CubeN6/Drivers/STM32N6xx_HAL_Driver/Inc/stm32n6xx_hal.h:29,
                 from /Users/seungwon/STM32CubeN6/Drivers/STM32N6xx_HAL_Driver/Src/stm32n6xx_hal_rcc.c:73:
/Users/seungwon/STM32CubeN6/Drivers/CMSIS/Include/m-profile/armv7m_cachel1.h: In function 'SCB_InvalidateICache_by_Addr':
/Users/seungwon/STM32CubeN6/Drivers/CMSIS/Include/m-profile/armv7m_cachel1.h:117:32: warning: conversion to 'long unsigned int' from 'int32_t' {aka 'long int'} may change the sign of the result [-Wsign-conversion]
  117 |        int32_t op_size = isize + (((uint32_t)addr) & (__SCB_ICACHE_LINE_SIZE - 1U));
      |                                ^
/Users/seungwon/STM32CubeN6/Drivers/CMSIS/Include/m-profile/armv7m_cachel1.h:117:26: warning: conversion to 'int32_t' {aka 'long int'} from 'long unsigned int' may change the sign of the result [-Wsign-conversion]
  117 |        int32_t op_size = isize + (((uint32_t)addr) & (__SCB_ICACHE_LINE_SIZE - 1U));
      |                          ^~~~~
/Users/seungwon/STM32CubeN6/Drivers/CMSIS/Include/m-profile/armv7m_cachel1.h:125:17: warning: conversion to 'long unsigned int' from 'int32_t' {aka 'long int'} may change the sign of the result [-Wsign-conversion]
  125 |         op_size -= __SCB_ICACHE_LINE_SIZE;
      |                 ^~
/Users/seungwon/STM32CubeN6/Drivers/CMSIS/Include/m-profile/armv7m_cachel1.h:48:33: warning: conversion to 'int32_t' {aka 'long int'} from 'long unsigned int' may change the sign of the result [-Wsign-conversion]
   48 | #define __SCB_ICACHE_LINE_SIZE  32U /*!< Cortex-M7 cache line size is fixed to 32 bytes (8 words). See also register SCB_CCSIDR */
      |                                 ^~~
/Users/seungwon/STM32CubeN6/Drivers/CMSIS/Include/m-profile/armv7m_cachel1.h:125:20: note: in expansion of macro '__SCB_ICACHE_LINE_SIZE'
  125 |         op_size -= __SCB_ICACHE_LINE_SIZE;
      |                    ^~~~~~~~~~~~~~~~~~~~~~
/Users/seungwon/STM32CubeN6/Drivers/CMSIS/Include/m-profile/armv7m_cachel1.h: In function 'SCB_InvalidateDCache_by_Addr':
/Users/seungwon/STM32CubeN6/Drivers/CMSIS/Include/m-profile/armv7m_cachel1.h:360:32: warning: conversion to 'long unsigned int' from 'int32_t' {aka 'long int'} may change the sign of the result [-Wsign-conversion]
  360 |        int32_t op_size = dsize + (((uint32_t)addr) & (__SCB_DCACHE_LINE_SIZE - 1U));
      |                                ^
/Users/seungwon/STM32CubeN6/Drivers/CMSIS/Include/m-profile/armv7m_cachel1.h:360:26: warning: conversion to 'int32_t' {aka 'long int'} from 'long unsigned int' may change the sign of the result [-Wsign-conversion]
  360 |        int32_t op_size = dsize + (((uint32_t)addr) & (__SCB_DCACHE_LINE_SIZE - 1U));
      |                          ^~~~~
/Users/seungwon/STM32CubeN6/Drivers/CMSIS/Include/m-profile/armv7m_cachel1.h:368:17: warning: conversion to 'long unsigned int' from 'int32_t' {aka 'long int'} may change the sign of the result [-Wsign-conversion]
  368 |         op_size -= __SCB_DCACHE_LINE_SIZE;
      |                 ^~
/Users/seungwon/STM32CubeN6/Drivers/CMSIS/Include/m-profile/armv7m_cachel1.h:44:33: warning: conversion to 'int32_t' {aka 'long int'} from 'long unsigned int' may change the sign of the result [-Wsign-conversion]
   44 | #define __SCB_DCACHE_LINE_SIZE  32U /*!< Cortex-M7 cache line size is fixed to 32 bytes (8 words). See also register SCB_CCSIDR */
      |                                 ^~~
/Users/seungwon/STM32CubeN6/Drivers/CMSIS/Include/m-profile/armv7m_cachel1.h:368:20: note: in expansion of macro '__SCB_DCACHE_LINE_SIZE'
  368 |         op_size -= __SCB_DCACHE_LINE_SIZE;
      |                    ^~~~~~~~~~~~~~~~~~~~~~
/Users/seungwon/STM32CubeN6/Drivers/CMSIS/Include/m-profile/armv7m_cachel1.h: In function 'SCB_CleanDCache_by_Addr':
/Users/seungwon/STM32CubeN6/Drivers/CMSIS/Include/m-profile/armv7m_cachel1.h:390:32: warning: conversion to 'long unsigned int' from 'int32_t' {aka 'long int'} may change the sign of the result [-Wsign-conversion]
  390 |        int32_t op_size = dsize + (((uint32_t)addr) & (__SCB_DCACHE_LINE_SIZE - 1U));
      |                                ^
/Users/seungwon/STM32CubeN6/Drivers/CMSIS/Include/m-profile/armv7m_cachel1.h:390:26: warning: conversion to 'int32_t' {aka 'long int'} from 'long unsigned int' may change the sign of the result [-Wsign-conversion]
  390 |        int32_t op_size = dsize + (((uint32_t)addr) & (__SCB_DCACHE_LINE_SIZE - 1U));
      |                          ^~~~~
/Users/seungwon/STM32CubeN6/Drivers/CMSIS/Include/m-profile/armv7m_cachel1.h:398:17: warning: conversion to 'long unsigned int' from 'int32_t' {aka 'long int'} may change the sign of the result [-Wsign-conversion]
  398 |         op_size -= __SCB_DCACHE_LINE_SIZE;
      |                 ^~
/Users/seungwon/STM32CubeN6/Drivers/CMSIS/Include/m-profile/armv7m_cachel1.h:44:33: warning: conversion to 'int32_t' {aka 'long int'} from 'long unsigned int' may change the sign of the result [-Wsign-conversion]
   44 | #define __SCB_DCACHE_LINE_SIZE  32U /*!< Cortex-M7 cache line size is fixed to 32 bytes (8 words). See also register SCB_CCSIDR */
      |                                 ^~~
/Users/seungwon/STM32CubeN6/Drivers/CMSIS/Include/m-profile/armv7m_cachel1.h:398:20: note: in expansion of macro '__SCB_DCACHE_LINE_SIZE'
  398 |         op_size -= __SCB_DCACHE_LINE_SIZE;
      |                    ^~~~~~~~~~~~~~~~~~~~~~
/Users/seungwon/STM32CubeN6/Drivers/CMSIS/Include/m-profile/armv7m_cachel1.h: In function 'SCB_CleanInvalidateDCache_by_Addr':
/Users/seungwon/STM32CubeN6/Drivers/CMSIS/Include/m-profile/armv7m_cachel1.h:420:32: warning: conversion to 'long unsigned int' from 'int32_t' {aka 'long int'} may change the sign of the result [-Wsign-conversion]
  420 |        int32_t op_size = dsize + (((uint32_t)addr) & (__SCB_DCACHE_LINE_SIZE - 1U));
      |                                ^
/Users/seungwon/STM32CubeN6/Drivers/CMSIS/Include/m-profile/armv7m_cachel1.h:420:26: warning: conversion to 'int32_t' {aka 'long int'} from 'long unsigned int' may change the sign of the result [-Wsign-conversion]
  420 |        int32_t op_size = dsize + (((uint32_t)addr) & (__SCB_DCACHE_LINE_SIZE - 1U));
      |                          ^~~~~
/Users/seungwon/STM32CubeN6/Drivers/CMSIS/Include/m-profile/armv7m_cachel1.h:428:17: warning: conversion to 'long unsigned int' from 'int32_t' {aka 'long int'} may change the sign of the result [-Wsign-conversion]
  428 |         op_size -=          __SCB_DCACHE_LINE_SIZE;
      |                 ^~
/Users/seungwon/STM32CubeN6/Drivers/CMSIS/Include/m-profile/armv7m_cachel1.h:44:33: warning: conversion to 'int32_t' {aka 'long int'} from 'long unsigned int' may change the sign of the result [-Wsign-conversion]
   44 | #define __SCB_DCACHE_LINE_SIZE  32U /*!< Cortex-M7 cache line size is fixed to 32 bytes (8 words). See also register SCB_CCSIDR */
      |                                 ^~~
/Users/seungwon/STM32CubeN6/Drivers/CMSIS/Include/m-profile/armv7m_cachel1.h:428:29: note: in expansion of macro '__SCB_DCACHE_LINE_SIZE'
  428 |         op_size -=          __SCB_DCACHE_LINE_SIZE;
      |                             ^~~~~~~~~~~~~~~~~~~~~~
/Users/seungwon/test/.tools/xpack-arm-none-eabi-gcc-15.2.1-1.1/bin/arm-none-eabi-gcc -DAIMER_MVE_BATCH  -DAIMER_PHASE_PROFILE -DPARAMS=256s -DAIMER_BACKEND=mve -DAIMER_MATVEC=compact -DAIMER_CONFIG=mve_compact -DBENCH_KERNEL_SAMPLES=31 -DBENCH_E2E_SAMPLES=7 -DBENCH_KERNEL_INNER=64 -DBENCH_WARMUP=1 -DPROFILE_SAMPLES=31 -DPROFILE_KERNEL_INNER=64 -DPROFILE_COMPLEX_INNER=8 -DUSE_HAL_DRIVER -DSTM32N657xx -Iinclude -I../src/sig/aimer/reference/aimer-256s -I../src -I/Users/seungwon/STM32CubeN6/Projects/NUCLEO-N657X0-Q/Templates/Template/FSBL/Inc -I/Users/seungwon/STM32CubeN6/Drivers/CMSIS/Include -I/Users/seungwon/STM32CubeN6/Drivers/CMSIS/Device/ST/STM32N6xx/Include -I/Users/seungwon/STM32CubeN6/Drivers/STM32N6xx_HAL_Driver/Inc -I/Users/seungwon/STM32CubeN6/Drivers/STM32N6xx_HAL_Driver/Inc/Legacy -O3 -std=c11 -fno-common -ffunction-sections -fdata-sections -fno-tree-vectorize -fno-tree-slp-vectorize -MMD -MP --specs=nosys.specs -Wall -Wextra -Wshadow -Wconversion -Wstrict-prototypes -mcpu=cortex-m55 -mthumb -mfloat-abi=hard -mcmse -fstack-usage -c /Users/seungwon/STM32CubeN6/Drivers/STM32N6xx_HAL_Driver/Src/stm32n6xx_hal_rcc_ex.c -o build/full/256s/mve/profile/stm32n6xx_hal_rcc_ex.c.o
In file included from /Users/seungwon/STM32CubeN6/Drivers/CMSIS/Include/core_cm55.h:4605,
                 from /Users/seungwon/STM32CubeN6/Drivers/CMSIS/Device/ST/STM32N6xx/Include/stm32n657xx.h:281,
                 from /Users/seungwon/STM32CubeN6/Drivers/CMSIS/Device/ST/STM32N6xx/Include/stm32n6xx.h:87,
                 from /Users/seungwon/STM32CubeN6/Drivers/STM32N6xx_HAL_Driver/Inc/stm32n6xx_hal_def.h:33,
                 from /Users/seungwon/STM32CubeN6/Drivers/STM32N6xx_HAL_Driver/Inc/stm32n6xx_hal_rcc.h:28,
                 from /Users/seungwon/STM32CubeN6/Projects/NUCLEO-N657X0-Q/Templates/Template/FSBL/Inc/stm32n6xx_hal_conf.h:253,
                 from /Users/seungwon/STM32CubeN6/Drivers/STM32N6xx_HAL_Driver/Inc/stm32n6xx_hal.h:29,
                 from /Users/seungwon/STM32CubeN6/Drivers/STM32N6xx_HAL_Driver/Src/stm32n6xx_hal_rcc_ex.c:24:
/Users/seungwon/STM32CubeN6/Drivers/CMSIS/Include/m-profile/armv7m_cachel1.h: In function 'SCB_InvalidateICache_by_Addr':
/Users/seungwon/STM32CubeN6/Drivers/CMSIS/Include/m-profile/armv7m_cachel1.h:117:32: warning: conversion to 'long unsigned int' from 'int32_t' {aka 'long int'} may change the sign of the result [-Wsign-conversion]
  117 |        int32_t op_size = isize + (((uint32_t)addr) & (__SCB_ICACHE_LINE_SIZE - 1U));
      |                                ^
/Users/seungwon/STM32CubeN6/Drivers/CMSIS/Include/m-profile/armv7m_cachel1.h:117:26: warning: conversion to 'int32_t' {aka 'long int'} from 'long unsigned int' may change the sign of the result [-Wsign-conversion]
  117 |        int32_t op_size = isize + (((uint32_t)addr) & (__SCB_ICACHE_LINE_SIZE - 1U));
      |                          ^~~~~
/Users/seungwon/STM32CubeN6/Drivers/CMSIS/Include/m-profile/armv7m_cachel1.h:125:17: warning: conversion to 'long unsigned int' from 'int32_t' {aka 'long int'} may change the sign of the result [-Wsign-conversion]
  125 |         op_size -= __SCB_ICACHE_LINE_SIZE;
      |                 ^~
/Users/seungwon/STM32CubeN6/Drivers/CMSIS/Include/m-profile/armv7m_cachel1.h:48:33: warning: conversion to 'int32_t' {aka 'long int'} from 'long unsigned int' may change the sign of the result [-Wsign-conversion]
   48 | #define __SCB_ICACHE_LINE_SIZE  32U /*!< Cortex-M7 cache line size is fixed to 32 bytes (8 words). See also register SCB_CCSIDR */
      |                                 ^~~
/Users/seungwon/STM32CubeN6/Drivers/CMSIS/Include/m-profile/armv7m_cachel1.h:125:20: note: in expansion of macro '__SCB_ICACHE_LINE_SIZE'
  125 |         op_size -= __SCB_ICACHE_LINE_SIZE;
      |                    ^~~~~~~~~~~~~~~~~~~~~~
/Users/seungwon/STM32CubeN6/Drivers/CMSIS/Include/m-profile/armv7m_cachel1.h: In function 'SCB_InvalidateDCache_by_Addr':
/Users/seungwon/STM32CubeN6/Drivers/CMSIS/Include/m-profile/armv7m_cachel1.h:360:32: warning: conversion to 'long unsigned int' from 'int32_t' {aka 'long int'} may change the sign of the result [-Wsign-conversion]
  360 |        int32_t op_size = dsize + (((uint32_t)addr) & (__SCB_DCACHE_LINE_SIZE - 1U));
      |                                ^
/Users/seungwon/STM32CubeN6/Drivers/CMSIS/Include/m-profile/armv7m_cachel1.h:360:26: warning: conversion to 'int32_t' {aka 'long int'} from 'long unsigned int' may change the sign of the result [-Wsign-conversion]
  360 |        int32_t op_size = dsize + (((uint32_t)addr) & (__SCB_DCACHE_LINE_SIZE - 1U));
      |                          ^~~~~
/Users/seungwon/STM32CubeN6/Drivers/CMSIS/Include/m-profile/armv7m_cachel1.h:368:17: warning: conversion to 'long unsigned int' from 'int32_t' {aka 'long int'} may change the sign of the result [-Wsign-conversion]
  368 |         op_size -= __SCB_DCACHE_LINE_SIZE;
      |                 ^~
/Users/seungwon/STM32CubeN6/Drivers/CMSIS/Include/m-profile/armv7m_cachel1.h:44:33: warning: conversion to 'int32_t' {aka 'long int'} from 'long unsigned int' may change the sign of the result [-Wsign-conversion]
   44 | #define __SCB_DCACHE_LINE_SIZE  32U /*!< Cortex-M7 cache line size is fixed to 32 bytes (8 words). See also register SCB_CCSIDR */
      |                                 ^~~
/Users/seungwon/STM32CubeN6/Drivers/CMSIS/Include/m-profile/armv7m_cachel1.h:368:20: note: in expansion of macro '__SCB_DCACHE_LINE_SIZE'
  368 |         op_size -= __SCB_DCACHE_LINE_SIZE;
      |                    ^~~~~~~~~~~~~~~~~~~~~~
/Users/seungwon/STM32CubeN6/Drivers/CMSIS/Include/m-profile/armv7m_cachel1.h: In function 'SCB_CleanDCache_by_Addr':
/Users/seungwon/STM32CubeN6/Drivers/CMSIS/Include/m-profile/armv7m_cachel1.h:390:32: warning: conversion to 'long unsigned int' from 'int32_t' {aka 'long int'} may change the sign of the result [-Wsign-conversion]
  390 |        int32_t op_size = dsize + (((uint32_t)addr) & (__SCB_DCACHE_LINE_SIZE - 1U));
      |                                ^
/Users/seungwon/STM32CubeN6/Drivers/CMSIS/Include/m-profile/armv7m_cachel1.h:390:26: warning: conversion to 'int32_t' {aka 'long int'} from 'long unsigned int' may change the sign of the result [-Wsign-conversion]
  390 |        int32_t op_size = dsize + (((uint32_t)addr) & (__SCB_DCACHE_LINE_SIZE - 1U));
      |                          ^~~~~
/Users/seungwon/STM32CubeN6/Drivers/CMSIS/Include/m-profile/armv7m_cachel1.h:398:17: warning: conversion to 'long unsigned int' from 'int32_t' {aka 'long int'} may change the sign of the result [-Wsign-conversion]
  398 |         op_size -= __SCB_DCACHE_LINE_SIZE;
      |                 ^~
/Users/seungwon/STM32CubeN6/Drivers/CMSIS/Include/m-profile/armv7m_cachel1.h:44:33: warning: conversion to 'int32_t' {aka 'long int'} from 'long unsigned int' may change the sign of the result [-Wsign-conversion]
   44 | #define __SCB_DCACHE_LINE_SIZE  32U /*!< Cortex-M7 cache line size is fixed to 32 bytes (8 words). See also register SCB_CCSIDR */
      |                                 ^~~
/Users/seungwon/STM32CubeN6/Drivers/CMSIS/Include/m-profile/armv7m_cachel1.h:398:20: note: in expansion of macro '__SCB_DCACHE_LINE_SIZE'
  398 |         op_size -= __SCB_DCACHE_LINE_SIZE;
      |                    ^~~~~~~~~~~~~~~~~~~~~~
/Users/seungwon/STM32CubeN6/Drivers/CMSIS/Include/m-profile/armv7m_cachel1.h: In function 'SCB_CleanInvalidateDCache_by_Addr':
/Users/seungwon/STM32CubeN6/Drivers/CMSIS/Include/m-profile/armv7m_cachel1.h:420:32: warning: conversion to 'long unsigned int' from 'int32_t' {aka 'long int'} may change the sign of the result [-Wsign-conversion]
  420 |        int32_t op_size = dsize + (((uint32_t)addr) & (__SCB_DCACHE_LINE_SIZE - 1U));
      |                                ^
/Users/seungwon/STM32CubeN6/Drivers/CMSIS/Include/m-profile/armv7m_cachel1.h:420:26: warning: conversion to 'int32_t' {aka 'long int'} from 'long unsigned int' may change the sign of the result [-Wsign-conversion]
  420 |        int32_t op_size = dsize + (((uint32_t)addr) & (__SCB_DCACHE_LINE_SIZE - 1U));
      |                          ^~~~~
/Users/seungwon/STM32CubeN6/Drivers/CMSIS/Include/m-profile/armv7m_cachel1.h:428:17: warning: conversion to 'long unsigned int' from 'int32_t' {aka 'long int'} may change the sign of the result [-Wsign-conversion]
  428 |         op_size -=          __SCB_DCACHE_LINE_SIZE;
      |                 ^~
/Users/seungwon/STM32CubeN6/Drivers/CMSIS/Include/m-profile/armv7m_cachel1.h:44:33: warning: conversion to 'int32_t' {aka 'long int'} from 'long unsigned int' may change the sign of the result [-Wsign-conversion]
   44 | #define __SCB_DCACHE_LINE_SIZE  32U /*!< Cortex-M7 cache line size is fixed to 32 bytes (8 words). See also register SCB_CCSIDR */
      |                                 ^~~
/Users/seungwon/STM32CubeN6/Drivers/CMSIS/Include/m-profile/armv7m_cachel1.h:428:29: note: in expansion of macro '__SCB_DCACHE_LINE_SIZE'
  428 |         op_size -=          __SCB_DCACHE_LINE_SIZE;
      |                             ^~~~~~~~~~~~~~~~~~~~~~
/Users/seungwon/test/.tools/xpack-arm-none-eabi-gcc-15.2.1-1.1/bin/arm-none-eabi-gcc -DAIMER_MVE_BATCH  -DAIMER_PHASE_PROFILE -DPARAMS=256s -DAIMER_BACKEND=mve -DAIMER_MATVEC=compact -DAIMER_CONFIG=mve_compact -DBENCH_KERNEL_SAMPLES=31 -DBENCH_E2E_SAMPLES=7 -DBENCH_KERNEL_INNER=64 -DBENCH_WARMUP=1 -DPROFILE_SAMPLES=31 -DPROFILE_KERNEL_INNER=64 -DPROFILE_COMPLEX_INNER=8 -DUSE_HAL_DRIVER -DSTM32N657xx -Iinclude -I../src/sig/aimer/reference/aimer-256s -I../src -I/Users/seungwon/STM32CubeN6/Projects/NUCLEO-N657X0-Q/Templates/Template/FSBL/Inc -I/Users/seungwon/STM32CubeN6/Drivers/CMSIS/Include -I/Users/seungwon/STM32CubeN6/Drivers/CMSIS/Device/ST/STM32N6xx/Include -I/Users/seungwon/STM32CubeN6/Drivers/STM32N6xx_HAL_Driver/Inc -I/Users/seungwon/STM32CubeN6/Drivers/STM32N6xx_HAL_Driver/Inc/Legacy -O3 -std=c11 -fno-common -ffunction-sections -fdata-sections -fno-tree-vectorize -fno-tree-slp-vectorize -MMD -MP --specs=nosys.specs -Wall -Wextra -Wshadow -Wconversion -Wstrict-prototypes -mcpu=cortex-m55 -mthumb -mfloat-abi=hard -mcmse -fstack-usage -x assembler-with-cpp -c /Users/seungwon/STM32CubeN6/Projects/NUCLEO-N657X0-Q/Templates/Template/STM32CubeIDE/FSBL/Application/Startup/startup_stm32n657x0hxq_fsbl.s -o build/full/256s/mve/profile/startup_stm32n657x0hxq_fsbl.s.o
/Users/seungwon/test/.tools/xpack-arm-none-eabi-gcc-15.2.1-1.1/bin/arm-none-eabi-gcc --specs=nosys.specs -Wl,--gc-sections -Wl,--print-memory-usage -Wl,-Map,build/full/256s/mve/profile/aimer-m55-256s-mve-profile.map -Wl,--wrap=main -Wl,--wrap=_write -Wl,--wrap=_read -Ttoolchain/board/nucleo-n657x0-q/stm32n657-axi-sram.ld  -mcpu=cortex-m55 -mthumb -mfloat-abi=hard -mcmse build/full/256s/mve/profile/profile.c.o build/full/256s/mve/profile/field_batch.c.o build/full/256s/mve/profile/mpc_batch.c.o build/full/256s/mve/profile/aim3.c.o build/full/256s/mve/profile/hash.c.o build/full/256s/mve/profile/field_common.c.o build/full/256s/mve/profile/field_mve.c.o build/full/256s/mve/profile/fips202.c.o build/full/256s/mve/profile/platform.c.o build/full/256s/mve/profile/system_stm32n6xx_fsbl.c.o build/full/256s/mve/profile/stm32n6xx_hal.c.o build/full/256s/mve/profile/stm32n6xx_hal_cortex.c.o build/full/256s/mve/profile/stm32n6xx_hal_pwr.c.o build/full/256s/mve/profile/stm32n6xx_hal_pwr_ex.c.o build/full/256s/mve/profile/stm32n6xx_hal_rcc.c.o build/full/256s/mve/profile/stm32n6xx_hal_rcc_ex.c.o build/full/256s/mve/profile/startup_stm32n657x0hxq_fsbl.s.o -lc -lm -o build/full/256s/mve/profile/aimer-m55-256s-mve-profile.elf
/Users/seungwon/test/.tools/xpack-arm-none-eabi-gcc-15.2.1-1.1/bin/../lib/gcc/arm-none-eabi/15.2.1/../../../../arm-none-eabi/bin/ld: /Users/seungwon/test/.tools/xpack-arm-none-eabi-gcc-15.2.1-1.1/bin/../lib/gcc/arm-none-eabi/15.2.1/../../../../arm-none-eabi/lib/thumb/v8-m.main+dp/hard/libc.a(libc_a-closer.o): in function `_close_r':
(.text._close_r+0xc): warning: _close is not implemented and will always fail
/Users/seungwon/test/.tools/xpack-arm-none-eabi-gcc-15.2.1-1.1/bin/../lib/gcc/arm-none-eabi/15.2.1/../../../../arm-none-eabi/bin/ld: /Users/seungwon/test/.tools/xpack-arm-none-eabi-gcc-15.2.1-1.1/bin/../lib/gcc/arm-none-eabi/15.2.1/../../../../arm-none-eabi/lib/thumb/v8-m.main+dp/hard/libc.a(libc_a-closer.o): note: the message above does not take linker garbage collection into account
/Users/seungwon/test/.tools/xpack-arm-none-eabi-gcc-15.2.1-1.1/bin/../lib/gcc/arm-none-eabi/15.2.1/../../../../arm-none-eabi/bin/ld: /Users/seungwon/test/.tools/xpack-arm-none-eabi-gcc-15.2.1-1.1/bin/../lib/gcc/arm-none-eabi/15.2.1/../../../../arm-none-eabi/lib/thumb/v8-m.main+dp/hard/libc.a(libc_a-fstatr.o): in function `_fstat_r':
(.text._fstat_r+0xe): warning: _fstat is not implemented and will always fail
/Users/seungwon/test/.tools/xpack-arm-none-eabi-gcc-15.2.1-1.1/bin/../lib/gcc/arm-none-eabi/15.2.1/../../../../arm-none-eabi/bin/ld: /Users/seungwon/test/.tools/xpack-arm-none-eabi-gcc-15.2.1-1.1/bin/../lib/gcc/arm-none-eabi/15.2.1/../../../../arm-none-eabi/lib/thumb/v8-m.main+dp/hard/libc.a(libc_a-fstatr.o): note: the message above does not take linker garbage collection into account
/Users/seungwon/test/.tools/xpack-arm-none-eabi-gcc-15.2.1-1.1/bin/../lib/gcc/arm-none-eabi/15.2.1/../../../../arm-none-eabi/bin/ld: /Users/seungwon/test/.tools/xpack-arm-none-eabi-gcc-15.2.1-1.1/bin/../lib/gcc/arm-none-eabi/15.2.1/../../../../arm-none-eabi/lib/thumb/v8-m.main+dp/hard/libc.a(libc_a-signalr.o): in function `_getpid_r':
(.text._getpid_r+0x0): warning: _getpid is not implemented and will always fail
/Users/seungwon/test/.tools/xpack-arm-none-eabi-gcc-15.2.1-1.1/bin/../lib/gcc/arm-none-eabi/15.2.1/../../../../arm-none-eabi/bin/ld: /Users/seungwon/test/.tools/xpack-arm-none-eabi-gcc-15.2.1-1.1/bin/../lib/gcc/arm-none-eabi/15.2.1/../../../../arm-none-eabi/lib/thumb/v8-m.main+dp/hard/libc.a(libc_a-signalr.o): note: the message above does not take linker garbage collection into account
/Users/seungwon/test/.tools/xpack-arm-none-eabi-gcc-15.2.1-1.1/bin/../lib/gcc/arm-none-eabi/15.2.1/../../../../arm-none-eabi/bin/ld: /Users/seungwon/test/.tools/xpack-arm-none-eabi-gcc-15.2.1-1.1/bin/../lib/gcc/arm-none-eabi/15.2.1/../../../../arm-none-eabi/lib/thumb/v8-m.main+dp/hard/libc.a(libc_a-isattyr.o): in function `_isatty_r':
(.text._isatty_r+0xc): warning: _isatty is not implemented and will always fail
/Users/seungwon/test/.tools/xpack-arm-none-eabi-gcc-15.2.1-1.1/bin/../lib/gcc/arm-none-eabi/15.2.1/../../../../arm-none-eabi/bin/ld: /Users/seungwon/test/.tools/xpack-arm-none-eabi-gcc-15.2.1-1.1/bin/../lib/gcc/arm-none-eabi/15.2.1/../../../../arm-none-eabi/lib/thumb/v8-m.main+dp/hard/libc.a(libc_a-isattyr.o): note: the message above does not take linker garbage collection into account
/Users/seungwon/test/.tools/xpack-arm-none-eabi-gcc-15.2.1-1.1/bin/../lib/gcc/arm-none-eabi/15.2.1/../../../../arm-none-eabi/bin/ld: /Users/seungwon/test/.tools/xpack-arm-none-eabi-gcc-15.2.1-1.1/bin/../lib/gcc/arm-none-eabi/15.2.1/../../../../arm-none-eabi/lib/thumb/v8-m.main+dp/hard/libc.a(libc_a-signalr.o): in function `_kill_r':
(.text._kill_r+0xe): warning: _kill is not implemented and will always fail
/Users/seungwon/test/.tools/xpack-arm-none-eabi-gcc-15.2.1-1.1/bin/../lib/gcc/arm-none-eabi/15.2.1/../../../../arm-none-eabi/bin/ld: /Users/seungwon/test/.tools/xpack-arm-none-eabi-gcc-15.2.1-1.1/bin/../lib/gcc/arm-none-eabi/15.2.1/../../../../arm-none-eabi/lib/thumb/v8-m.main+dp/hard/libc.a(libc_a-signalr.o): note: the message above does not take linker garbage collection into account
/Users/seungwon/test/.tools/xpack-arm-none-eabi-gcc-15.2.1-1.1/bin/../lib/gcc/arm-none-eabi/15.2.1/../../../../arm-none-eabi/bin/ld: /Users/seungwon/test/.tools/xpack-arm-none-eabi-gcc-15.2.1-1.1/bin/../lib/gcc/arm-none-eabi/15.2.1/../../../../arm-none-eabi/lib/thumb/v8-m.main+dp/hard/libc.a(libc_a-lseekr.o): in function `_lseek_r':
(.text._lseek_r+0x10): warning: _lseek is not implemented and will always fail
/Users/seungwon/test/.tools/xpack-arm-none-eabi-gcc-15.2.1-1.1/bin/../lib/gcc/arm-none-eabi/15.2.1/../../../../arm-none-eabi/bin/ld: /Users/seungwon/test/.tools/xpack-arm-none-eabi-gcc-15.2.1-1.1/bin/../lib/gcc/arm-none-eabi/15.2.1/../../../../arm-none-eabi/lib/thumb/v8-m.main+dp/hard/libc.a(libc_a-lseekr.o): note: the message above does not take linker garbage collection into account
Memory region         Used Size  Region Size  %age Used
             ROM:       80592 B       255 KB     30.86%
         BOOTRAM:        256 KB       256 KB    100.00%
         HEAPRAM:          4 KB      1792 KB      0.22%
/Users/seungwon/test/.tools/xpack-arm-none-eabi-gcc-15.2.1-1.1/bin/arm-none-eabi-size build/full/256s/mve/profile/aimer-m55-256s-mve-profile.elf
   text	   data	    bss	    dec	    hex	filename
  78380	   2192	 189016	 269588	  41d14	build/full/256s/mve/profile/aimer-m55-256s-mve-profile.elf
/Users/Shared/cortexctl run m55 -- /Users/seungwon/test/.tools/xpack-openocd-0.12.0-7/bin/openocd \
		-s /Users/seungwon/test/.tools/xpack-openocd-0.12.0-7/openocd/scripts -s /Users/seungwon/test/.tools/openocd-scripts \
		-f toolchain/board/nucleo-n657x0-q/openocd.cfg \
		-c init -c 'reset halt' \
		-c 'load_image /Users/seungwon/AIMer3_on_AVX512/AIMer_v3/m55/build/full/256s/mve/profile/aimer-m55-256s-mve-profile.elf' \
		-c 'verify_image /Users/seungwon/AIMer3_on_AVX512/AIMer_v3/m55/build/full/256s/mve/profile/aimer-m55-256s-mve-profile.elf' \
		-c 'set vector_msp [mrw 0x34180400]' \
		-c 'set vector_reset [mrw 0x34180404]' \
		-c 'arm semihosting enable' \
		-c 'arm semihosting_resexit enable' \
		-c 'reg msp $vector_msp' -c 'resume $vector_reset'
xPack Open On-Chip Debugger 0.12.0+dev-02228-ge5888bda3-dirty (2025-10-04-22:45)
Licensed under GNU GPL v2
For bug reports, read
	http://openocd.org/doc/doxygen/bugs.html
adapter speed: 1000 kHz
Info : STLINK V3J15M6 (API v3) VID:PID 0483:3754
Info : Target voltage: 3.283034
Info : clock speed 1000 kHz
Info : SWD DPIDR 0x6ba02477
Info : [stm32n6x.ap0] Examination succeed
Info : [stm32n6x.cpu] Cortex-M55 r1p1 processor detected
Info : [stm32n6x.cpu] target has 8 breakpoints, 8 watchpoints
stm32n6x.cpu in Secure state
Info : [stm32n6x.cpu] Examination succeed
Info : [stm32n6x.ap0] gdb port disabled
Info : [stm32n6x.cpu] starting gdb server on 3333
Info : Listening on port 3333 for gdb connections
[stm32n6x.cpu] halted due to debug-request, current mode: Thread 
xPSR: 0x81000000 pc: 0x18003a1a msp: 0x341037a0
79424 bytes written at address 0x34180000
2192 bytes written at address 0x34193640
downloaded 81616 bytes in 0.599973s (132.845 KiB/s)
verified 81616 bytes in 0.649750s (122.667 KiB/s)
0x34200000
0x341899d5
semihosting is enabled
semihosting resumable exit is enabled
msp (/32): 0x34200000
Info : Listening on port 6666 for tcl connections
Info : Listening on port 4444 for telnet connections
AIMer v3 on NUCLEO-N657X0-Q
Cortex-M55 @ 600000000 Hz, MVE=2, I/D-cache=on
PROFILE_CONFIG,param=256s,config=mve_compact,backend=mve,matvec=compact,cpu_hz=600000000,bits=256,limbs16=16,padded_limbs16=16,L=3,N=256,T=33,exponent_sum=40
PROFILE_COUNTS,param=256s,keygen_inv=4,keygen_mul=1024,keygen_sqr=1060,linear_generation_matvec=1536,keygen_total_matvec=1542,sign_batch_mpc=4224,sign_scalar_mpc=33,verify_batch_mpc=2112,challenge_batch_mul_sign=25344,challenge_batch_mul_verify=25344
PROFILE_SAMPLE,param=256s,config=mve_compact,backend=mve,matvec=compact,operation=gf_mul,sample=0,inner=64,items=1,raw_cycles=147688
PROFILE_SAMPLE,param=256s,config=mve_compact,backend=mve,matvec=compact,operation=gf_mul,sample=1,inner=64,items=1,raw_cycles=146438
PROFILE_SAMPLE,param=256s,config=mve_compact,backend=mve,matvec=compact,operation=gf_mul,sample=2,inner=64,items=1,raw_cycles=146438
PROFILE_SAMPLE,param=256s,config=mve_compact,backend=mve,matvec=compact,operation=gf_mul,sample=3,inner=64,items=1,raw_cycles=146438
PROFILE_SAMPLE,param=256s,config=mve_compact,backend=mve,matvec=compact,operation=gf_mul,sample=4,inner=64,items=1,raw_cycles=146438
PROFILE_SAMPLE,param=256s,config=mve_compact,backend=mve,matvec=compact,operation=gf_mul,sample=5,inner=64,items=1,raw_cycles=146438
PROFILE_SAMPLE,param=256s,config=mve_compact,backend=mve,matvec=compact,operation=gf_mul,sample=6,inner=64,items=1,raw_cycles=146438
PROFILE_SAMPLE,param=256s,config=mve_compact,backend=mve,matvec=compact,operation=gf_mul,sample=7,inner=64,items=1,raw_cycles=146438
PROFILE_SAMPLE,param=256s,config=mve_compact,backend=mve,matvec=compact,operation=gf_mul,sample=8,inner=64,items=1,raw_cycles=146438
PROFILE_SAMPLE,param=256s,config=mve_compact,backend=mve,matvec=compact,operation=gf_mul,sample=9,inner=64,items=1,raw_cycles=146438
PROFILE_SAMPLE,param=256s,config=mve_compact,backend=mve,matvec=compact,operation=gf_mul,sample=10,inner=64,items=1,raw_cycles=146438
PROFILE_SAMPLE,param=256s,config=mve_compact,backend=mve,matvec=compact,operation=gf_mul,sample=11,inner=64,items=1,raw_cycles=146438
PROFILE_SAMPLE,param=256s,config=mve_compact,backend=mve,matvec=compact,operation=gf_mul,sample=12,inner=64,items=1,raw_cycles=146438
PROFILE_SAMPLE,param=256s,config=mve_compact,backend=mve,matvec=compact,operation=gf_mul,sample=13,inner=64,items=1,raw_cycles=146438
PROFILE_SAMPLE,param=256s,config=mve_compact,backend=mve,matvec=compact,operation=gf_mul,sample=14,inner=64,items=1,raw_cycles=146438
PROFILE_SAMPLE,param=256s,config=mve_compact,backend=mve,matvec=compact,operation=gf_mul,sample=15,inner=64,items=1,raw_cycles=146438
PROFILE_SAMPLE,param=256s,config=mve_compact,backend=mve,matvec=compact,operation=gf_mul,sample=16,inner=64,items=1,raw_cycles=146438
PROFILE_SAMPLE,param=256s,config=mve_compact,backend=mve,matvec=compact,operation=gf_mul,sample=17,inner=64,items=1,raw_cycles=146438
PROFILE_SAMPLE,param=256s,config=mve_compact,backend=mve,matvec=compact,operation=gf_mul,sample=18,inner=64,items=1,raw_cycles=146438
PROFILE_SAMPLE,param=256s,config=mve_compact,backend=mve,matvec=compact,operation=gf_mul,sample=19,inner=64,items=1,raw_cycles=146438
PROFILE_SAMPLE,param=256s,config=mve_compact,backend=mve,matvec=compact,operation=gf_mul,sample=20,inner=64,items=1,raw_cycles=146438
PROFILE_SAMPLE,param=256s,config=mve_compact,backend=mve,matvec=compact,operation=gf_mul,sample=21,inner=64,items=1,raw_cycles=146438
PROFILE_SAMPLE,param=256s,config=mve_compact,backend=mve,matvec=compact,operation=gf_mul,sample=22,inner=64,items=1,raw_cycles=146438
PROFILE_SAMPLE,param=256s,config=mve_compact,backend=mve,matvec=compact,operation=gf_mul,sample=23,inner=64,items=1,raw_cycles=146438
PROFILE_SAMPLE,param=256s,config=mve_compact,backend=mve,matvec=compact,operation=gf_mul,sample=24,inner=64,items=1,raw_cycles=146438
PROFILE_SAMPLE,param=256s,config=mve_compact,backend=mve,matvec=compact,operation=gf_mul,sample=25,inner=64,items=1,raw_cycles=146438
PROFILE_SAMPLE,param=256s,config=mve_compact,backend=mve,matvec=compact,operation=gf_mul,sample=26,inner=64,items=1,raw_cycles=146438
PROFILE_SAMPLE,param=256s,config=mve_compact,backend=mve,matvec=compact,operation=gf_mul,sample=27,inner=64,items=1,raw_cycles=146438
PROFILE_SAMPLE,param=256s,config=mve_compact,backend=mve,matvec=compact,operation=gf_mul,sample=28,inner=64,items=1,raw_cycles=146438
PROFILE_SAMPLE,param=256s,config=mve_compact,backend=mve,matvec=compact,operation=gf_mul,sample=29,inner=64,items=1,raw_cycles=146438
PROFILE_SAMPLE,param=256s,config=mve_compact,backend=mve,matvec=compact,operation=gf_mul,sample=30,inner=64,items=1,raw_cycles=146438
PROFILE_RESULT,param=256s,config=mve_compact,backend=mve,matvec=compact,operation=gf_mul,samples=31,inner=64,items=1,min=2288.09,median=2288.09,mean=2288.72,stddev=3.45,max=2307.62,cycles_per_item_mean=2288.72
PROFILE_SAMPLE,param=256s,config=mve_compact,backend=mve,matvec=compact,operation=gf_sqr,sample=0,inner=64,items=1,raw_cycles=37876
PROFILE_SAMPLE,param=256s,config=mve_compact,backend=mve,matvec=compact,operation=gf_sqr,sample=1,inner=64,items=1,raw_cycles=36228
PROFILE_SAMPLE,param=256s,config=mve_compact,backend=mve,matvec=compact,operation=gf_sqr,sample=2,inner=64,items=1,raw_cycles=36228
PROFILE_SAMPLE,param=256s,config=mve_compact,backend=mve,matvec=compact,operation=gf_sqr,sample=3,inner=64,items=1,raw_cycles=36228
PROFILE_SAMPLE,param=256s,config=mve_compact,backend=mve,matvec=compact,operation=gf_sqr,sample=4,inner=64,items=1,raw_cycles=36228
PROFILE_SAMPLE,param=256s,config=mve_compact,backend=mve,matvec=compact,operation=gf_sqr,sample=5,inner=64,items=1,raw_cycles=36228
PROFILE_SAMPLE,param=256s,config=mve_compact,backend=mve,matvec=compact,operation=gf_sqr,sample=6,inner=64,items=1,raw_cycles=36228
PROFILE_SAMPLE,param=256s,config=mve_compact,backend=mve,matvec=compact,operation=gf_sqr,sample=7,inner=64,items=1,raw_cycles=36228
PROFILE_SAMPLE,param=256s,config=mve_compact,backend=mve,matvec=compact,operation=gf_sqr,sample=8,inner=64,items=1,raw_cycles=36228
PROFILE_SAMPLE,param=256s,config=mve_compact,backend=mve,matvec=compact,operation=gf_sqr,sample=9,inner=64,items=1,raw_cycles=36228
PROFILE_SAMPLE,param=256s,config=mve_compact,backend=mve,matvec=compact,operation=gf_sqr,sample=10,inner=64,items=1,raw_cycles=36228
PROFILE_SAMPLE,param=256s,config=mve_compact,backend=mve,matvec=compact,operation=gf_sqr,sample=11,inner=64,items=1,raw_cycles=36228
PROFILE_SAMPLE,param=256s,config=mve_compact,backend=mve,matvec=compact,operation=gf_sqr,sample=12,inner=64,items=1,raw_cycles=36228
PROFILE_SAMPLE,param=256s,config=mve_compact,backend=mve,matvec=compact,operation=gf_sqr,sample=13,inner=64,items=1,raw_cycles=36228
PROFILE_SAMPLE,param=256s,config=mve_compact,backend=mve,matvec=compact,operation=gf_sqr,sample=14,inner=64,items=1,raw_cycles=36228
PROFILE_SAMPLE,param=256s,config=mve_compact,backend=mve,matvec=compact,operation=gf_sqr,sample=15,inner=64,items=1,raw_cycles=36228
PROFILE_SAMPLE,param=256s,config=mve_compact,backend=mve,matvec=compact,operation=gf_sqr,sample=16,inner=64,items=1,raw_cycles=36228
PROFILE_SAMPLE,param=256s,config=mve_compact,backend=mve,matvec=compact,operation=gf_sqr,sample=17,inner=64,items=1,raw_cycles=36228
PROFILE_SAMPLE,param=256s,config=mve_compact,backend=mve,matvec=compact,operation=gf_sqr,sample=18,inner=64,items=1,raw_cycles=36228
PROFILE_SAMPLE,param=256s,config=mve_compact,backend=mve,matvec=compact,operation=gf_sqr,sample=19,inner=64,items=1,raw_cycles=36228
PROFILE_SAMPLE,param=256s,config=mve_compact,backend=mve,matvec=compact,operation=gf_sqr,sample=20,inner=64,items=1,raw_cycles=36228
PROFILE_SAMPLE,param=256s,config=mve_compact,backend=mve,matvec=compact,operation=gf_sqr,sample=21,inner=64,items=1,raw_cycles=36228
PROFILE_SAMPLE,param=256s,config=mve_compact,backend=mve,matvec=compact,operation=gf_sqr,sample=22,inner=64,items=1,raw_cycles=36228
PROFILE_SAMPLE,param=256s,config=mve_compact,backend=mve,matvec=compact,operation=gf_sqr,sample=23,inner=64,items=1,raw_cycles=36228
PROFILE_SAMPLE,param=256s,config=mve_compact,backend=mve,matvec=compact,operation=gf_sqr,sample=24,inner=64,items=1,raw_cycles=36228
PROFILE_SAMPLE,param=256s,config=mve_compact,backend=mve,matvec=compact,operation=gf_sqr,sample=25,inner=64,items=1,raw_cycles=36228
PROFILE_SAMPLE,param=256s,config=mve_compact,backend=mve,matvec=compact,operation=gf_sqr,sample=26,inner=64,items=1,raw_cycles=36228
PROFILE_SAMPLE,param=256s,config=mve_compact,backend=mve,matvec=compact,operation=gf_sqr,sample=27,inner=64,items=1,raw_cycles=36228
PROFILE_SAMPLE,param=256s,config=mve_compact,backend=mve,matvec=compact,operation=gf_sqr,sample=28,inner=64,items=1,raw_cycles=36228
PROFILE_SAMPLE,param=256s,config=mve_compact,backend=mve,matvec=compact,operation=gf_sqr,sample=29,inner=64,items=1,raw_cycles=36228
PROFILE_SAMPLE,param=256s,config=mve_compact,backend=mve,matvec=compact,operation=gf_sqr,sample=30,inner=64,items=1,raw_cycles=36228
PROFILE_RESULT,param=256s,config=mve_compact,backend=mve,matvec=compact,operation=gf_sqr,samples=31,inner=64,items=1,min=566.06,median=566.06,mean=566.89,stddev=4.55,max=591.81,cycles_per_item_mean=566.89
PROFILE_SAMPLE,param=256s,config=mve_compact,backend=mve,matvec=compact,operation=gf_inv,sample=0,inner=8,items=1,raw_cycles=5798175
PROFILE_SAMPLE,param=256s,config=mve_compact,backend=mve,matvec=compact,operation=gf_inv,sample=1,inner=8,items=1,raw_cycles=5797989
PROFILE_SAMPLE,param=256s,config=mve_compact,backend=mve,matvec=compact,operation=gf_inv,sample=2,inner=8,items=1,raw_cycles=5797989
PROFILE_SAMPLE,param=256s,config=mve_compact,backend=mve,matvec=compact,operation=gf_inv,sample=3,inner=8,items=1,raw_cycles=5797990
PROFILE_SAMPLE,param=256s,config=mve_compact,backend=mve,matvec=compact,operation=gf_inv,sample=4,inner=8,items=1,raw_cycles=5797989
PROFILE_SAMPLE,param=256s,config=mve_compact,backend=mve,matvec=compact,operation=gf_inv,sample=5,inner=8,items=1,raw_cycles=5797989
PROFILE_SAMPLE,param=256s,config=mve_compact,backend=mve,matvec=compact,operation=gf_inv,sample=6,inner=8,items=1,raw_cycles=5797989
PROFILE_SAMPLE,param=256s,config=mve_compact,backend=mve,matvec=compact,operation=gf_inv,sample=7,inner=8,items=1,raw_cycles=5797989
PROFILE_SAMPLE,param=256s,config=mve_compact,backend=mve,matvec=compact,operation=gf_inv,sample=8,inner=8,items=1,raw_cycles=5797989
PROFILE_SAMPLE,param=256s,config=mve_compact,backend=mve,matvec=compact,operation=gf_inv,sample=9,inner=8,items=1,raw_cycles=5797989
PROFILE_SAMPLE,param=256s,config=mve_compact,backend=mve,matvec=compact,operation=gf_inv,sample=10,inner=8,items=1,raw_cycles=5797989
PROFILE_SAMPLE,param=256s,config=mve_compact,backend=mve,matvec=compact,operation=gf_inv,sample=11,inner=8,items=1,raw_cycles=5797989
PROFILE_SAMPLE,param=256s,config=mve_compact,backend=mve,matvec=compact,operation=gf_inv,sample=12,inner=8,items=1,raw_cycles=5797989
PROFILE_SAMPLE,param=256s,config=mve_compact,backend=mve,matvec=compact,operation=gf_inv,sample=13,inner=8,items=1,raw_cycles=5797989
PROFILE_SAMPLE,param=256s,config=mve_compact,backend=mve,matvec=compact,operation=gf_inv,sample=14,inner=8,items=1,raw_cycles=5797990
PROFILE_SAMPLE,param=256s,config=mve_compact,backend=mve,matvec=compact,operation=gf_inv,sample=15,inner=8,items=1,raw_cycles=5797989
PROFILE_SAMPLE,param=256s,config=mve_compact,backend=mve,matvec=compact,operation=gf_inv,sample=16,inner=8,items=1,raw_cycles=5797989
PROFILE_SAMPLE,param=256s,config=mve_compact,backend=mve,matvec=compact,operation=gf_inv,sample=17,inner=8,items=1,raw_cycles=5797989
PROFILE_SAMPLE,param=256s,config=mve_compact,backend=mve,matvec=compact,operation=gf_inv,sample=18,inner=8,items=1,raw_cycles=5797989
PROFILE_SAMPLE,param=256s,config=mve_compact,backend=mve,matvec=compact,operation=gf_inv,sample=19,inner=8,items=1,raw_cycles=5797989
PROFILE_SAMPLE,param=256s,config=mve_compact,backend=mve,matvec=compact,operation=gf_inv,sample=20,inner=8,items=1,raw_cycles=5797989
PROFILE_SAMPLE,param=256s,config=mve_compact,backend=mve,matvec=compact,operation=gf_inv,sample=21,inner=8,items=1,raw_cycles=5797989
PROFILE_SAMPLE,param=256s,config=mve_compact,backend=mve,matvec=compact,operation=gf_inv,sample=22,inner=8,items=1,raw_cycles=5797989
PROFILE_SAMPLE,param=256s,config=mve_compact,backend=mve,matvec=compact,operation=gf_inv,sample=23,inner=8,items=1,raw_cycles=5797989
PROFILE_SAMPLE,param=256s,config=mve_compact,backend=mve,matvec=compact,operation=gf_inv,sample=24,inner=8,items=1,raw_cycles=5797990
PROFILE_SAMPLE,param=256s,config=mve_compact,backend=mve,matvec=compact,operation=gf_inv,sample=25,inner=8,items=1,raw_cycles=5797989
PROFILE_SAMPLE,param=256s,config=mve_compact,backend=mve,matvec=compact,operation=gf_inv,sample=26,inner=8,items=1,raw_cycles=5797989
PROFILE_SAMPLE,param=256s,config=mve_compact,backend=mve,matvec=compact,operation=gf_inv,sample=27,inner=8,items=1,raw_cycles=5797989
PROFILE_SAMPLE,param=256s,config=mve_compact,backend=mve,matvec=compact,operation=gf_inv,sample=28,inner=8,items=1,raw_cycles=5797989
PROFILE_SAMPLE,param=256s,config=mve_compact,backend=mve,matvec=compact,operation=gf_inv,sample=29,inner=8,items=1,raw_cycles=5797989
PROFILE_SAMPLE,param=256s,config=mve_compact,backend=mve,matvec=compact,operation=gf_inv,sample=30,inner=8,items=1,raw_cycles=5797989
PROFILE_RESULT,param=256s,config=mve_compact,backend=mve,matvec=compact,operation=gf_inv,samples=31,inner=8,items=1,min=724748.62,median=724748.62,mean=724749.39,stddev=4.11,max=724771.88,cycles_per_item_mean=724749.39
PROFILE_SAMPLE,param=256s,config=mve_compact,backend=mve,matvec=compact,operation=gf_mat_vec_mul,sample=0,inner=64,items=1,raw_cycles=977287
PROFILE_SAMPLE,param=256s,config=mve_compact,backend=mve,matvec=compact,operation=gf_mat_vec_mul,sample=1,inner=64,items=1,raw_cycles=974057
PROFILE_SAMPLE,param=256s,config=mve_compact,backend=mve,matvec=compact,operation=gf_mat_vec_mul,sample=2,inner=64,items=1,raw_cycles=974058
PROFILE_SAMPLE,param=256s,config=mve_compact,backend=mve,matvec=compact,operation=gf_mat_vec_mul,sample=3,inner=64,items=1,raw_cycles=974058
PROFILE_SAMPLE,param=256s,config=mve_compact,backend=mve,matvec=compact,operation=gf_mat_vec_mul,sample=4,inner=64,items=1,raw_cycles=974058
PROFILE_SAMPLE,param=256s,config=mve_compact,backend=mve,matvec=compact,operation=gf_mat_vec_mul,sample=5,inner=64,items=1,raw_cycles=974057
PROFILE_SAMPLE,param=256s,config=mve_compact,backend=mve,matvec=compact,operation=gf_mat_vec_mul,sample=6,inner=64,items=1,raw_cycles=974058
PROFILE_SAMPLE,param=256s,config=mve_compact,backend=mve,matvec=compact,operation=gf_mat_vec_mul,sample=7,inner=64,items=1,raw_cycles=974058
PROFILE_SAMPLE,param=256s,config=mve_compact,backend=mve,matvec=compact,operation=gf_mat_vec_mul,sample=8,inner=64,items=1,raw_cycles=974058
PROFILE_SAMPLE,param=256s,config=mve_compact,backend=mve,matvec=compact,operation=gf_mat_vec_mul,sample=9,inner=64,items=1,raw_cycles=974057
PROFILE_SAMPLE,param=256s,config=mve_compact,backend=mve,matvec=compact,operation=gf_mat_vec_mul,sample=10,inner=64,items=1,raw_cycles=974058
PROFILE_SAMPLE,param=256s,config=mve_compact,backend=mve,matvec=compact,operation=gf_mat_vec_mul,sample=11,inner=64,items=1,raw_cycles=974057
PROFILE_SAMPLE,param=256s,config=mve_compact,backend=mve,matvec=compact,operation=gf_mat_vec_mul,sample=12,inner=64,items=1,raw_cycles=974058
PROFILE_SAMPLE,param=256s,config=mve_compact,backend=mve,matvec=compact,operation=gf_mat_vec_mul,sample=13,inner=64,items=1,raw_cycles=974057
PROFILE_SAMPLE,param=256s,config=mve_compact,backend=mve,matvec=compact,operation=gf_mat_vec_mul,sample=14,inner=64,items=1,raw_cycles=974058
PROFILE_SAMPLE,param=256s,config=mve_compact,backend=mve,matvec=compact,operation=gf_mat_vec_mul,sample=15,inner=64,items=1,raw_cycles=974058
PROFILE_SAMPLE,param=256s,config=mve_compact,backend=mve,matvec=compact,operation=gf_mat_vec_mul,sample=16,inner=64,items=1,raw_cycles=974057
PROFILE_SAMPLE,param=256s,config=mve_compact,backend=mve,matvec=compact,operation=gf_mat_vec_mul,sample=17,inner=64,items=1,raw_cycles=974058
PROFILE_SAMPLE,param=256s,config=mve_compact,backend=mve,matvec=compact,operation=gf_mat_vec_mul,sample=18,inner=64,items=1,raw_cycles=974091
PROFILE_SAMPLE,param=256s,config=mve_compact,backend=mve,matvec=compact,operation=gf_mat_vec_mul,sample=19,inner=64,items=1,raw_cycles=974057
PROFILE_SAMPLE,param=256s,config=mve_compact,backend=mve,matvec=compact,operation=gf_mat_vec_mul,sample=20,inner=64,items=1,raw_cycles=974058
PROFILE_SAMPLE,param=256s,config=mve_compact,backend=mve,matvec=compact,operation=gf_mat_vec_mul,sample=21,inner=64,items=1,raw_cycles=974057
PROFILE_SAMPLE,param=256s,config=mve_compact,backend=mve,matvec=compact,operation=gf_mat_vec_mul,sample=22,inner=64,items=1,raw_cycles=974058
PROFILE_SAMPLE,param=256s,config=mve_compact,backend=mve,matvec=compact,operation=gf_mat_vec_mul,sample=23,inner=64,items=1,raw_cycles=974058
PROFILE_SAMPLE,param=256s,config=mve_compact,backend=mve,matvec=compact,operation=gf_mat_vec_mul,sample=24,inner=64,items=1,raw_cycles=974058
PROFILE_SAMPLE,param=256s,config=mve_compact,backend=mve,matvec=compact,operation=gf_mat_vec_mul,sample=25,inner=64,items=1,raw_cycles=974057
PROFILE_SAMPLE,param=256s,config=mve_compact,backend=mve,matvec=compact,operation=gf_mat_vec_mul,sample=26,inner=64,items=1,raw_cycles=974058
PROFILE_SAMPLE,param=256s,config=mve_compact,backend=mve,matvec=compact,operation=gf_mat_vec_mul,sample=27,inner=64,items=1,raw_cycles=974057
PROFILE_SAMPLE,param=256s,config=mve_compact,backend=mve,matvec=compact,operation=gf_mat_vec_mul,sample=28,inner=64,items=1,raw_cycles=974058
PROFILE_SAMPLE,param=256s,config=mve_compact,backend=mve,matvec=compact,operation=gf_mat_vec_mul,sample=29,inner=64,items=1,raw_cycles=974057
PROFILE_SAMPLE,param=256s,config=mve_compact,backend=mve,matvec=compact,operation=gf_mat_vec_mul,sample=30,inner=64,items=1,raw_cycles=974058
PROFILE_RESULT,param=256s,config=mve_compact,backend=mve,matvec=compact,operation=gf_mat_vec_mul,samples=31,inner=64,items=1,min=15219.64,median=15219.66,mean=15221.29,stddev=8.91,max=15270.11,cycles_per_item_mean=15221.29
PROFILE_SAMPLE,param=256s,config=mve_compact,backend=mve,matvec=compact,operation=gf_mat_vec_mul_add,sample=0,inner=64,items=1,raw_cycles=977494
PROFILE_SAMPLE,param=256s,config=mve_compact,backend=mve,matvec=compact,operation=gf_mat_vec_mul_add,sample=1,inner=64,items=1,raw_cycles=976841
PROFILE_SAMPLE,param=256s,config=mve_compact,backend=mve,matvec=compact,operation=gf_mat_vec_mul_add,sample=2,inner=64,items=1,raw_cycles=976841
PROFILE_SAMPLE,param=256s,config=mve_compact,backend=mve,matvec=compact,operation=gf_mat_vec_mul_add,sample=3,inner=64,items=1,raw_cycles=976806
PROFILE_SAMPLE,param=256s,config=mve_compact,backend=mve,matvec=compact,operation=gf_mat_vec_mul_add,sample=4,inner=64,items=1,raw_cycles=976806
PROFILE_SAMPLE,param=256s,config=mve_compact,backend=mve,matvec=compact,operation=gf_mat_vec_mul_add,sample=5,inner=64,items=1,raw_cycles=976806
PROFILE_SAMPLE,param=256s,config=mve_compact,backend=mve,matvec=compact,operation=gf_mat_vec_mul_add,sample=6,inner=64,items=1,raw_cycles=976806
PROFILE_SAMPLE,param=256s,config=mve_compact,backend=mve,matvec=compact,operation=gf_mat_vec_mul_add,sample=7,inner=64,items=1,raw_cycles=976806
PROFILE_SAMPLE,param=256s,config=mve_compact,backend=mve,matvec=compact,operation=gf_mat_vec_mul_add,sample=8,inner=64,items=1,raw_cycles=976806
PROFILE_SAMPLE,param=256s,config=mve_compact,backend=mve,matvec=compact,operation=gf_mat_vec_mul_add,sample=9,inner=64,items=1,raw_cycles=976806
PROFILE_SAMPLE,param=256s,config=mve_compact,backend=mve,matvec=compact,operation=gf_mat_vec_mul_add,sample=10,inner=64,items=1,raw_cycles=976806
PROFILE_SAMPLE,param=256s,config=mve_compact,backend=mve,matvec=compact,operation=gf_mat_vec_mul_add,sample=11,inner=64,items=1,raw_cycles=976806
PROFILE_SAMPLE,param=256s,config=mve_compact,backend=mve,matvec=compact,operation=gf_mat_vec_mul_add,sample=12,inner=64,items=1,raw_cycles=976806
PROFILE_SAMPLE,param=256s,config=mve_compact,backend=mve,matvec=compact,operation=gf_mat_vec_mul_add,sample=13,inner=64,items=1,raw_cycles=976806
PROFILE_SAMPLE,param=256s,config=mve_compact,backend=mve,matvec=compact,operation=gf_mat_vec_mul_add,sample=14,inner=64,items=1,raw_cycles=976806
PROFILE_SAMPLE,param=256s,config=mve_compact,backend=mve,matvec=compact,operation=gf_mat_vec_mul_add,sample=15,inner=64,items=1,raw_cycles=976806
PROFILE_SAMPLE,param=256s,config=mve_compact,backend=mve,matvec=compact,operation=gf_mat_vec_mul_add,sample=16,inner=64,items=1,raw_cycles=976806
PROFILE_SAMPLE,param=256s,config=mve_compact,backend=mve,matvec=compact,operation=gf_mat_vec_mul_add,sample=17,inner=64,items=1,raw_cycles=976806
PROFILE_SAMPLE,param=256s,config=mve_compact,backend=mve,matvec=compact,operation=gf_mat_vec_mul_add,sample=18,inner=64,items=1,raw_cycles=976806
PROFILE_SAMPLE,param=256s,config=mve_compact,backend=mve,matvec=compact,operation=gf_mat_vec_mul_add,sample=19,inner=64,items=1,raw_cycles=976806
PROFILE_SAMPLE,param=256s,config=mve_compact,backend=mve,matvec=compact,operation=gf_mat_vec_mul_add,sample=20,inner=64,items=1,raw_cycles=976806
PROFILE_SAMPLE,param=256s,config=mve_compact,backend=mve,matvec=compact,operation=gf_mat_vec_mul_add,sample=21,inner=64,items=1,raw_cycles=976806
PROFILE_SAMPLE,param=256s,config=mve_compact,backend=mve,matvec=compact,operation=gf_mat_vec_mul_add,sample=22,inner=64,items=1,raw_cycles=976806
PROFILE_SAMPLE,param=256s,config=mve_compact,backend=mve,matvec=compact,operation=gf_mat_vec_mul_add,sample=23,inner=64,items=1,raw_cycles=976806
PROFILE_SAMPLE,param=256s,config=mve_compact,backend=mve,matvec=compact,operation=gf_mat_vec_mul_add,sample=24,inner=64,items=1,raw_cycles=976806
PROFILE_SAMPLE,param=256s,config=mve_compact,backend=mve,matvec=compact,operation=gf_mat_vec_mul_add,sample=25,inner=64,items=1,raw_cycles=976806
PROFILE_SAMPLE,param=256s,config=mve_compact,backend=mve,matvec=compact,operation=gf_mat_vec_mul_add,sample=26,inner=64,items=1,raw_cycles=976806
PROFILE_SAMPLE,param=256s,config=mve_compact,backend=mve,matvec=compact,operation=gf_mat_vec_mul_add,sample=27,inner=64,items=1,raw_cycles=976806
PROFILE_SAMPLE,param=256s,config=mve_compact,backend=mve,matvec=compact,operation=gf_mat_vec_mul_add,sample=28,inner=64,items=1,raw_cycles=976806
PROFILE_SAMPLE,param=256s,config=mve_compact,backend=mve,matvec=compact,operation=gf_mat_vec_mul_add,sample=29,inner=64,items=1,raw_cycles=976806
PROFILE_SAMPLE,param=256s,config=mve_compact,backend=mve,matvec=compact,operation=gf_mat_vec_mul_add,sample=30,inner=64,items=1,raw_cycles=976806
PROFILE_RESULT,param=256s,config=mve_compact,backend=mve,matvec=compact,operation=gf_mat_vec_mul_add,samples=31,inner=64,items=1,min=15262.59,median=15262.59,mean=15262.98,stddev=1.90,max=15273.34,cycles_per_item_mean=15262.98
PROFILE_SAMPLE,param=256s,config=mve_compact,backend=mve,matvec=compact,operation=gf_sqr_batch4,sample=0,inner=64,items=4,raw_cycles=98610
PROFILE_SAMPLE,param=256s,config=mve_compact,backend=mve,matvec=compact,operation=gf_sqr_batch4,sample=1,inner=64,items=4,raw_cycles=96745
PROFILE_SAMPLE,param=256s,config=mve_compact,backend=mve,matvec=compact,operation=gf_sqr_batch4,sample=2,inner=64,items=4,raw_cycles=96750
PROFILE_SAMPLE,param=256s,config=mve_compact,backend=mve,matvec=compact,operation=gf_sqr_batch4,sample=3,inner=64,items=4,raw_cycles=96745
PROFILE_SAMPLE,param=256s,config=mve_compact,backend=mve,matvec=compact,operation=gf_sqr_batch4,sample=4,inner=64,items=4,raw_cycles=96747
PROFILE_SAMPLE,param=256s,config=mve_compact,backend=mve,matvec=compact,operation=gf_sqr_batch4,sample=5,inner=64,items=4,raw_cycles=96750
PROFILE_SAMPLE,param=256s,config=mve_compact,backend=mve,matvec=compact,operation=gf_sqr_batch4,sample=6,inner=64,items=4,raw_cycles=96745
PROFILE_SAMPLE,param=256s,config=mve_compact,backend=mve,matvec=compact,operation=gf_sqr_batch4,sample=7,inner=64,items=4,raw_cycles=96747
PROFILE_SAMPLE,param=256s,config=mve_compact,backend=mve,matvec=compact,operation=gf_sqr_batch4,sample=8,inner=64,items=4,raw_cycles=96750
PROFILE_SAMPLE,param=256s,config=mve_compact,backend=mve,matvec=compact,operation=gf_sqr_batch4,sample=9,inner=64,items=4,raw_cycles=96745
PROFILE_SAMPLE,param=256s,config=mve_compact,backend=mve,matvec=compact,operation=gf_sqr_batch4,sample=10,inner=64,items=4,raw_cycles=96747
PROFILE_SAMPLE,param=256s,config=mve_compact,backend=mve,matvec=compact,operation=gf_sqr_batch4,sample=11,inner=64,items=4,raw_cycles=96750
PROFILE_SAMPLE,param=256s,config=mve_compact,backend=mve,matvec=compact,operation=gf_sqr_batch4,sample=12,inner=64,items=4,raw_cycles=96745
PROFILE_SAMPLE,param=256s,config=mve_compact,backend=mve,matvec=compact,operation=gf_sqr_batch4,sample=13,inner=64,items=4,raw_cycles=96747
PROFILE_SAMPLE,param=256s,config=mve_compact,backend=mve,matvec=compact,operation=gf_sqr_batch4,sample=14,inner=64,items=4,raw_cycles=96750
PROFILE_SAMPLE,param=256s,config=mve_compact,backend=mve,matvec=compact,operation=gf_sqr_batch4,sample=15,inner=64,items=4,raw_cycles=96745
PROFILE_SAMPLE,param=256s,config=mve_compact,backend=mve,matvec=compact,operation=gf_sqr_batch4,sample=16,inner=64,items=4,raw_cycles=96747
PROFILE_SAMPLE,param=256s,config=mve_compact,backend=mve,matvec=compact,operation=gf_sqr_batch4,sample=17,inner=64,items=4,raw_cycles=96750
PROFILE_SAMPLE,param=256s,config=mve_compact,backend=mve,matvec=compact,operation=gf_sqr_batch4,sample=18,inner=64,items=4,raw_cycles=96745
PROFILE_SAMPLE,param=256s,config=mve_compact,backend=mve,matvec=compact,operation=gf_sqr_batch4,sample=19,inner=64,items=4,raw_cycles=96747
PROFILE_SAMPLE,param=256s,config=mve_compact,backend=mve,matvec=compact,operation=gf_sqr_batch4,sample=20,inner=64,items=4,raw_cycles=96750
PROFILE_SAMPLE,param=256s,config=mve_compact,backend=mve,matvec=compact,operation=gf_sqr_batch4,sample=21,inner=64,items=4,raw_cycles=96745
PROFILE_SAMPLE,param=256s,config=mve_compact,backend=mve,matvec=compact,operation=gf_sqr_batch4,sample=22,inner=64,items=4,raw_cycles=96747
PROFILE_SAMPLE,param=256s,config=mve_compact,backend=mve,matvec=compact,operation=gf_sqr_batch4,sample=23,inner=64,items=4,raw_cycles=96750
PROFILE_SAMPLE,param=256s,config=mve_compact,backend=mve,matvec=compact,operation=gf_sqr_batch4,sample=24,inner=64,items=4,raw_cycles=96745
PROFILE_SAMPLE,param=256s,config=mve_compact,backend=mve,matvec=compact,operation=gf_sqr_batch4,sample=25,inner=64,items=4,raw_cycles=96747
PROFILE_SAMPLE,param=256s,config=mve_compact,backend=mve,matvec=compact,operation=gf_sqr_batch4,sample=26,inner=64,items=4,raw_cycles=96750
PROFILE_SAMPLE,param=256s,config=mve_compact,backend=mve,matvec=compact,operation=gf_sqr_batch4,sample=27,inner=64,items=4,raw_cycles=96745
PROFILE_SAMPLE,param=256s,config=mve_compact,backend=mve,matvec=compact,operation=gf_sqr_batch4,sample=28,inner=64,items=4,raw_cycles=96747
PROFILE_SAMPLE,param=256s,config=mve_compact,backend=mve,matvec=compact,operation=gf_sqr_batch4,sample=29,inner=64,items=4,raw_cycles=96750
PROFILE_SAMPLE,param=256s,config=mve_compact,backend=mve,matvec=compact,operation=gf_sqr_batch4,sample=30,inner=64,items=4,raw_cycles=96745
PROFILE_RESULT,param=256s,config=mve_compact,backend=mve,matvec=compact,operation=gf_sqr_batch4,samples=31,inner=64,items=4,min=1511.64,median=1511.67,mean=1512.61,stddev=5.14,max=1540.78,cycles_per_item_mean=378.15
PROFILE_SAMPLE,param=256s,config=mve_compact,backend=mve,matvec=compact,operation=gf_frobenius_batch4_e3,sample=0,inner=8,items=4,raw_cycles=19319
PROFILE_SAMPLE,param=256s,config=mve_compact,backend=mve,matvec=compact,operation=gf_frobenius_batch4_e3,sample=1,inner=8,items=4,raw_cycles=18345
PROFILE_SAMPLE,param=256s,config=mve_compact,backend=mve,matvec=compact,operation=gf_frobenius_batch4_e3,sample=2,inner=8,items=4,raw_cycles=18346
PROFILE_SAMPLE,param=256s,config=mve_compact,backend=mve,matvec=compact,operation=gf_frobenius_batch4_e3,sample=3,inner=8,items=4,raw_cycles=18346
PROFILE_SAMPLE,param=256s,config=mve_compact,backend=mve,matvec=compact,operation=gf_frobenius_batch4_e3,sample=4,inner=8,items=4,raw_cycles=18347
PROFILE_SAMPLE,param=256s,config=mve_compact,backend=mve,matvec=compact,operation=gf_frobenius_batch4_e3,sample=5,inner=8,items=4,raw_cycles=18345
PROFILE_SAMPLE,param=256s,config=mve_compact,backend=mve,matvec=compact,operation=gf_frobenius_batch4_e3,sample=6,inner=8,items=4,raw_cycles=18344
PROFILE_SAMPLE,param=256s,config=mve_compact,backend=mve,matvec=compact,operation=gf_frobenius_batch4_e3,sample=7,inner=8,items=4,raw_cycles=18346
PROFILE_SAMPLE,param=256s,config=mve_compact,backend=mve,matvec=compact,operation=gf_frobenius_batch4_e3,sample=8,inner=8,items=4,raw_cycles=18346
PROFILE_SAMPLE,param=256s,config=mve_compact,backend=mve,matvec=compact,operation=gf_frobenius_batch4_e3,sample=9,inner=8,items=4,raw_cycles=18344
PROFILE_SAMPLE,param=256s,config=mve_compact,backend=mve,matvec=compact,operation=gf_frobenius_batch4_e3,sample=10,inner=8,items=4,raw_cycles=18346
PROFILE_SAMPLE,param=256s,config=mve_compact,backend=mve,matvec=compact,operation=gf_frobenius_batch4_e3,sample=11,inner=8,items=4,raw_cycles=18348
PROFILE_SAMPLE,param=256s,config=mve_compact,backend=mve,matvec=compact,operation=gf_frobenius_batch4_e3,sample=12,inner=8,items=4,raw_cycles=18347
PROFILE_SAMPLE,param=256s,config=mve_compact,backend=mve,matvec=compact,operation=gf_frobenius_batch4_e3,sample=13,inner=8,items=4,raw_cycles=18345
PROFILE_SAMPLE,param=256s,config=mve_compact,backend=mve,matvec=compact,operation=gf_frobenius_batch4_e3,sample=14,inner=8,items=4,raw_cycles=18344
PROFILE_SAMPLE,param=256s,config=mve_compact,backend=mve,matvec=compact,operation=gf_frobenius_batch4_e3,sample=15,inner=8,items=4,raw_cycles=18342
PROFILE_SAMPLE,param=256s,config=mve_compact,backend=mve,matvec=compact,operation=gf_frobenius_batch4_e3,sample=16,inner=8,items=4,raw_cycles=18346
PROFILE_SAMPLE,param=256s,config=mve_compact,backend=mve,matvec=compact,operation=gf_frobenius_batch4_e3,sample=17,inner=8,items=4,raw_cycles=18345
PROFILE_SAMPLE,param=256s,config=mve_compact,backend=mve,matvec=compact,operation=gf_frobenius_batch4_e3,sample=18,inner=8,items=4,raw_cycles=18347
PROFILE_SAMPLE,param=256s,config=mve_compact,backend=mve,matvec=compact,operation=gf_frobenius_batch4_e3,sample=19,inner=8,items=4,raw_cycles=18346
PROFILE_SAMPLE,param=256s,config=mve_compact,backend=mve,matvec=compact,operation=gf_frobenius_batch4_e3,sample=20,inner=8,items=4,raw_cycles=18346
PROFILE_SAMPLE,param=256s,config=mve_compact,backend=mve,matvec=compact,operation=gf_frobenius_batch4_e3,sample=21,inner=8,items=4,raw_cycles=18342
PROFILE_SAMPLE,param=256s,config=mve_compact,backend=mve,matvec=compact,operation=gf_frobenius_batch4_e3,sample=22,inner=8,items=4,raw_cycles=18346
PROFILE_SAMPLE,param=256s,config=mve_compact,backend=mve,matvec=compact,operation=gf_frobenius_batch4_e3,sample=23,inner=8,items=4,raw_cycles=18343
PROFILE_SAMPLE,param=256s,config=mve_compact,backend=mve,matvec=compact,operation=gf_frobenius_batch4_e3,sample=24,inner=8,items=4,raw_cycles=18346
PROFILE_SAMPLE,param=256s,config=mve_compact,backend=mve,matvec=compact,operation=gf_frobenius_batch4_e3,sample=25,inner=8,items=4,raw_cycles=18346
PROFILE_SAMPLE,param=256s,config=mve_compact,backend=mve,matvec=compact,operation=gf_frobenius_batch4_e3,sample=26,inner=8,items=4,raw_cycles=18347
PROFILE_SAMPLE,param=256s,config=mve_compact,backend=mve,matvec=compact,operation=gf_frobenius_batch4_e3,sample=27,inner=8,items=4,raw_cycles=18345
PROFILE_SAMPLE,param=256s,config=mve_compact,backend=mve,matvec=compact,operation=gf_frobenius_batch4_e3,sample=28,inner=8,items=4,raw_cycles=18344
PROFILE_SAMPLE,param=256s,config=mve_compact,backend=mve,matvec=compact,operation=gf_frobenius_batch4_e3,sample=29,inner=8,items=4,raw_cycles=18346
PROFILE_SAMPLE,param=256s,config=mve_compact,backend=mve,matvec=compact,operation=gf_frobenius_batch4_e3,sample=30,inner=8,items=4,raw_cycles=18346
PROFILE_RESULT,param=256s,config=mve_compact,backend=mve,matvec=compact,operation=gf_frobenius_batch4_e3,samples=31,inner=8,items=4,min=2292.75,median=2293.25,mean=2297.10,stddev=21.50,max=2414.88,cycles_per_item_mean=574.28
PROFILE_SAMPLE,param=256s,config=mve_compact,backend=mve,matvec=compact,operation=gf_frobenius_batch4_e7,sample=0,inner=8,items=4,raw_cycles=30954
PROFILE_SAMPLE,param=256s,config=mve_compact,backend=mve,matvec=compact,operation=gf_frobenius_batch4_e7,sample=1,inner=8,items=4,raw_cycles=30732
PROFILE_SAMPLE,param=256s,config=mve_compact,backend=mve,matvec=compact,operation=gf_frobenius_batch4_e7,sample=2,inner=8,items=4,raw_cycles=30732
PROFILE_SAMPLE,param=256s,config=mve_compact,backend=mve,matvec=compact,operation=gf_frobenius_batch4_e7,sample=3,inner=8,items=4,raw_cycles=30732
PROFILE_SAMPLE,param=256s,config=mve_compact,backend=mve,matvec=compact,operation=gf_frobenius_batch4_e7,sample=4,inner=8,items=4,raw_cycles=30732
PROFILE_SAMPLE,param=256s,config=mve_compact,backend=mve,matvec=compact,operation=gf_frobenius_batch4_e7,sample=5,inner=8,items=4,raw_cycles=30732
PROFILE_SAMPLE,param=256s,config=mve_compact,backend=mve,matvec=compact,operation=gf_frobenius_batch4_e7,sample=6,inner=8,items=4,raw_cycles=30724
PROFILE_SAMPLE,param=256s,config=mve_compact,backend=mve,matvec=compact,operation=gf_frobenius_batch4_e7,sample=7,inner=8,items=4,raw_cycles=30724
PROFILE_SAMPLE,param=256s,config=mve_compact,backend=mve,matvec=compact,operation=gf_frobenius_batch4_e7,sample=8,inner=8,items=4,raw_cycles=30725
PROFILE_SAMPLE,param=256s,config=mve_compact,backend=mve,matvec=compact,operation=gf_frobenius_batch4_e7,sample=9,inner=8,items=4,raw_cycles=30732
PROFILE_SAMPLE,param=256s,config=mve_compact,backend=mve,matvec=compact,operation=gf_frobenius_batch4_e7,sample=10,inner=8,items=4,raw_cycles=30732
PROFILE_SAMPLE,param=256s,config=mve_compact,backend=mve,matvec=compact,operation=gf_frobenius_batch4_e7,sample=11,inner=8,items=4,raw_cycles=30732
PROFILE_SAMPLE,param=256s,config=mve_compact,backend=mve,matvec=compact,operation=gf_frobenius_batch4_e7,sample=12,inner=8,items=4,raw_cycles=30732
PROFILE_SAMPLE,param=256s,config=mve_compact,backend=mve,matvec=compact,operation=gf_frobenius_batch4_e7,sample=13,inner=8,items=4,raw_cycles=30732
PROFILE_SAMPLE,param=256s,config=mve_compact,backend=mve,matvec=compact,operation=gf_frobenius_batch4_e7,sample=14,inner=8,items=4,raw_cycles=30732
PROFILE_SAMPLE,param=256s,config=mve_compact,backend=mve,matvec=compact,operation=gf_frobenius_batch4_e7,sample=15,inner=8,items=4,raw_cycles=30724
PROFILE_SAMPLE,param=256s,config=mve_compact,backend=mve,matvec=compact,operation=gf_frobenius_batch4_e7,sample=16,inner=8,items=4,raw_cycles=30723
PROFILE_SAMPLE,param=256s,config=mve_compact,backend=mve,matvec=compact,operation=gf_frobenius_batch4_e7,sample=17,inner=8,items=4,raw_cycles=30724
PROFILE_SAMPLE,param=256s,config=mve_compact,backend=mve,matvec=compact,operation=gf_frobenius_batch4_e7,sample=18,inner=8,items=4,raw_cycles=30732
PROFILE_SAMPLE,param=256s,config=mve_compact,backend=mve,matvec=compact,operation=gf_frobenius_batch4_e7,sample=19,inner=8,items=4,raw_cycles=30732
PROFILE_SAMPLE,param=256s,config=mve_compact,backend=mve,matvec=compact,operation=gf_frobenius_batch4_e7,sample=20,inner=8,items=4,raw_cycles=30732
PROFILE_SAMPLE,param=256s,config=mve_compact,backend=mve,matvec=compact,operation=gf_frobenius_batch4_e7,sample=21,inner=8,items=4,raw_cycles=30732
PROFILE_SAMPLE,param=256s,config=mve_compact,backend=mve,matvec=compact,operation=gf_frobenius_batch4_e7,sample=22,inner=8,items=4,raw_cycles=30732
PROFILE_SAMPLE,param=256s,config=mve_compact,backend=mve,matvec=compact,operation=gf_frobenius_batch4_e7,sample=23,inner=8,items=4,raw_cycles=30732
PROFILE_SAMPLE,param=256s,config=mve_compact,backend=mve,matvec=compact,operation=gf_frobenius_batch4_e7,sample=24,inner=8,items=4,raw_cycles=30724
PROFILE_SAMPLE,param=256s,config=mve_compact,backend=mve,matvec=compact,operation=gf_frobenius_batch4_e7,sample=25,inner=8,items=4,raw_cycles=30724
PROFILE_SAMPLE,param=256s,config=mve_compact,backend=mve,matvec=compact,operation=gf_frobenius_batch4_e7,sample=26,inner=8,items=4,raw_cycles=30724
PROFILE_SAMPLE,param=256s,config=mve_compact,backend=mve,matvec=compact,operation=gf_frobenius_batch4_e7,sample=27,inner=8,items=4,raw_cycles=30732
PROFILE_SAMPLE,param=256s,config=mve_compact,backend=mve,matvec=compact,operation=gf_frobenius_batch4_e7,sample=28,inner=8,items=4,raw_cycles=30732
PROFILE_SAMPLE,param=256s,config=mve_compact,backend=mve,matvec=compact,operation=gf_frobenius_batch4_e7,sample=29,inner=8,items=4,raw_cycles=30732
PROFILE_SAMPLE,param=256s,config=mve_compact,backend=mve,matvec=compact,operation=gf_frobenius_batch4_e7,sample=30,inner=8,items=4,raw_cycles=30732
PROFILE_RESULT,param=256s,config=mve_compact,backend=mve,matvec=compact,operation=gf_frobenius_batch4_e7,samples=31,inner=8,items=4,min=3840.38,median=3841.50,mean=3842.10,stddev=4.98,max=3869.25,cycles_per_item_mean=960.53
PROFILE_SAMPLE,param=256s,config=mve_compact,backend=mve,matvec=compact,operation=gf_frobenius_batch4_e11,sample=0,inner=8,items=4,raw_cycles=43280
PROFILE_SAMPLE,param=256s,config=mve_compact,backend=mve,matvec=compact,operation=gf_frobenius_batch4_e11,sample=1,inner=8,items=4,raw_cycles=43114
PROFILE_SAMPLE,param=256s,config=mve_compact,backend=mve,matvec=compact,operation=gf_frobenius_batch4_e11,sample=2,inner=8,items=4,raw_cycles=43113
PROFILE_SAMPLE,param=256s,config=mve_compact,backend=mve,matvec=compact,operation=gf_frobenius_batch4_e11,sample=3,inner=8,items=4,raw_cycles=43113
PROFILE_SAMPLE,param=256s,config=mve_compact,backend=mve,matvec=compact,operation=gf_frobenius_batch4_e11,sample=4,inner=8,items=4,raw_cycles=43114
PROFILE_SAMPLE,param=256s,config=mve_compact,backend=mve,matvec=compact,operation=gf_frobenius_batch4_e11,sample=5,inner=8,items=4,raw_cycles=43114
PROFILE_SAMPLE,param=256s,config=mve_compact,backend=mve,matvec=compact,operation=gf_frobenius_batch4_e11,sample=6,inner=8,items=4,raw_cycles=43112
PROFILE_SAMPLE,param=256s,config=mve_compact,backend=mve,matvec=compact,operation=gf_frobenius_batch4_e11,sample=7,inner=8,items=4,raw_cycles=43114
PROFILE_SAMPLE,param=256s,config=mve_compact,backend=mve,matvec=compact,operation=gf_frobenius_batch4_e11,sample=8,inner=8,items=4,raw_cycles=43113
PROFILE_SAMPLE,param=256s,config=mve_compact,backend=mve,matvec=compact,operation=gf_frobenius_batch4_e11,sample=9,inner=8,items=4,raw_cycles=43112
PROFILE_SAMPLE,param=256s,config=mve_compact,backend=mve,matvec=compact,operation=gf_frobenius_batch4_e11,sample=10,inner=8,items=4,raw_cycles=43114
PROFILE_SAMPLE,param=256s,config=mve_compact,backend=mve,matvec=compact,operation=gf_frobenius_batch4_e11,sample=11,inner=8,items=4,raw_cycles=43112
PROFILE_SAMPLE,param=256s,config=mve_compact,backend=mve,matvec=compact,operation=gf_frobenius_batch4_e11,sample=12,inner=8,items=4,raw_cycles=43113
PROFILE_SAMPLE,param=256s,config=mve_compact,backend=mve,matvec=compact,operation=gf_frobenius_batch4_e11,sample=13,inner=8,items=4,raw_cycles=43113
PROFILE_SAMPLE,param=256s,config=mve_compact,backend=mve,matvec=compact,operation=gf_frobenius_batch4_e11,sample=14,inner=8,items=4,raw_cycles=43113
PROFILE_SAMPLE,param=256s,config=mve_compact,backend=mve,matvec=compact,operation=gf_frobenius_batch4_e11,sample=15,inner=8,items=4,raw_cycles=43114
PROFILE_SAMPLE,param=256s,config=mve_compact,backend=mve,matvec=compact,operation=gf_frobenius_batch4_e11,sample=16,inner=8,items=4,raw_cycles=43114
PROFILE_SAMPLE,param=256s,config=mve_compact,backend=mve,matvec=compact,operation=gf_frobenius_batch4_e11,sample=17,inner=8,items=4,raw_cycles=43112
PROFILE_SAMPLE,param=256s,config=mve_compact,backend=mve,matvec=compact,operation=gf_frobenius_batch4_e11,sample=18,inner=8,items=4,raw_cycles=43114
PROFILE_SAMPLE,param=256s,config=mve_compact,backend=mve,matvec=compact,operation=gf_frobenius_batch4_e11,sample=19,inner=8,items=4,raw_cycles=43113
PROFILE_SAMPLE,param=256s,config=mve_compact,backend=mve,matvec=compact,operation=gf_frobenius_batch4_e11,sample=20,inner=8,items=4,raw_cycles=43112
PROFILE_SAMPLE,param=256s,config=mve_compact,backend=mve,matvec=compact,operation=gf_frobenius_batch4_e11,sample=21,inner=8,items=4,raw_cycles=43114
PROFILE_SAMPLE,param=256s,config=mve_compact,backend=mve,matvec=compact,operation=gf_frobenius_batch4_e11,sample=22,inner=8,items=4,raw_cycles=43112
PROFILE_SAMPLE,param=256s,config=mve_compact,backend=mve,matvec=compact,operation=gf_frobenius_batch4_e11,sample=23,inner=8,items=4,raw_cycles=43113
PROFILE_SAMPLE,param=256s,config=mve_compact,backend=mve,matvec=compact,operation=gf_frobenius_batch4_e11,sample=24,inner=8,items=4,raw_cycles=43113
PROFILE_SAMPLE,param=256s,config=mve_compact,backend=mve,matvec=compact,operation=gf_frobenius_batch4_e11,sample=25,inner=8,items=4,raw_cycles=43113
PROFILE_SAMPLE,param=256s,config=mve_compact,backend=mve,matvec=compact,operation=gf_frobenius_batch4_e11,sample=26,inner=8,items=4,raw_cycles=43114
PROFILE_SAMPLE,param=256s,config=mve_compact,backend=mve,matvec=compact,operation=gf_frobenius_batch4_e11,sample=27,inner=8,items=4,raw_cycles=43114
PROFILE_SAMPLE,param=256s,config=mve_compact,backend=mve,matvec=compact,operation=gf_frobenius_batch4_e11,sample=28,inner=8,items=4,raw_cycles=43112
PROFILE_SAMPLE,param=256s,config=mve_compact,backend=mve,matvec=compact,operation=gf_frobenius_batch4_e11,sample=29,inner=8,items=4,raw_cycles=43114
PROFILE_SAMPLE,param=256s,config=mve_compact,backend=mve,matvec=compact,operation=gf_frobenius_batch4_e11,sample=30,inner=8,items=4,raw_cycles=43113
PROFILE_RESULT,param=256s,config=mve_compact,backend=mve,matvec=compact,operation=gf_frobenius_batch4_e11,samples=31,inner=8,items=4,min=5389.00,median=5389.12,mean=5389.82,stddev=3.69,max=5410.00,cycles_per_item_mean=1347.45
PROFILE_SAMPLE,param=256s,config=mve_compact,backend=mve,matvec=compact,operation=gf_frobenius_batch4_e19,sample=0,inner=8,items=4,raw_cycles=68043
PROFILE_SAMPLE,param=256s,config=mve_compact,backend=mve,matvec=compact,operation=gf_frobenius_batch4_e19,sample=1,inner=8,items=4,raw_cycles=67881
PROFILE_SAMPLE,param=256s,config=mve_compact,backend=mve,matvec=compact,operation=gf_frobenius_batch4_e19,sample=2,inner=8,items=4,raw_cycles=67882
PROFILE_SAMPLE,param=256s,config=mve_compact,backend=mve,matvec=compact,operation=gf_frobenius_batch4_e19,sample=3,inner=8,items=4,raw_cycles=67882
PROFILE_SAMPLE,param=256s,config=mve_compact,backend=mve,matvec=compact,operation=gf_frobenius_batch4_e19,sample=4,inner=8,items=4,raw_cycles=67882
PROFILE_SAMPLE,param=256s,config=mve_compact,backend=mve,matvec=compact,operation=gf_frobenius_batch4_e19,sample=5,inner=8,items=4,raw_cycles=67882
PROFILE_SAMPLE,param=256s,config=mve_compact,backend=mve,matvec=compact,operation=gf_frobenius_batch4_e19,sample=6,inner=8,items=4,raw_cycles=67882
PROFILE_SAMPLE,param=256s,config=mve_compact,backend=mve,matvec=compact,operation=gf_frobenius_batch4_e19,sample=7,inner=8,items=4,raw_cycles=67881
PROFILE_SAMPLE,param=256s,config=mve_compact,backend=mve,matvec=compact,operation=gf_frobenius_batch4_e19,sample=8,inner=8,items=4,raw_cycles=67880
PROFILE_SAMPLE,param=256s,config=mve_compact,backend=mve,matvec=compact,operation=gf_frobenius_batch4_e19,sample=9,inner=8,items=4,raw_cycles=67883
PROFILE_SAMPLE,param=256s,config=mve_compact,backend=mve,matvec=compact,operation=gf_frobenius_batch4_e19,sample=10,inner=8,items=4,raw_cycles=67882
PROFILE_SAMPLE,param=256s,config=mve_compact,backend=mve,matvec=compact,operation=gf_frobenius_batch4_e19,sample=11,inner=8,items=4,raw_cycles=67883
PROFILE_SAMPLE,param=256s,config=mve_compact,backend=mve,matvec=compact,operation=gf_frobenius_batch4_e19,sample=12,inner=8,items=4,raw_cycles=67882
PROFILE_SAMPLE,param=256s,config=mve_compact,backend=mve,matvec=compact,operation=gf_frobenius_batch4_e19,sample=13,inner=8,items=4,raw_cycles=67882
PROFILE_SAMPLE,param=256s,config=mve_compact,backend=mve,matvec=compact,operation=gf_frobenius_batch4_e19,sample=14,inner=8,items=4,raw_cycles=67882
PROFILE_SAMPLE,param=256s,config=mve_compact,backend=mve,matvec=compact,operation=gf_frobenius_batch4_e19,sample=15,inner=8,items=4,raw_cycles=67882
PROFILE_SAMPLE,param=256s,config=mve_compact,backend=mve,matvec=compact,operation=gf_frobenius_batch4_e19,sample=16,inner=8,items=4,raw_cycles=67883
PROFILE_SAMPLE,param=256s,config=mve_compact,backend=mve,matvec=compact,operation=gf_frobenius_batch4_e19,sample=17,inner=8,items=4,raw_cycles=67882
PROFILE_SAMPLE,param=256s,config=mve_compact,backend=mve,matvec=compact,operation=gf_frobenius_batch4_e19,sample=18,inner=8,items=4,raw_cycles=67883
PROFILE_SAMPLE,param=256s,config=mve_compact,backend=mve,matvec=compact,operation=gf_frobenius_batch4_e19,sample=19,inner=8,items=4,raw_cycles=67882
PROFILE_SAMPLE,param=256s,config=mve_compact,backend=mve,matvec=compact,operation=gf_frobenius_batch4_e19,sample=20,inner=8,items=4,raw_cycles=67882
PROFILE_SAMPLE,param=256s,config=mve_compact,backend=mve,matvec=compact,operation=gf_frobenius_batch4_e19,sample=21,inner=8,items=4,raw_cycles=67882
PROFILE_SAMPLE,param=256s,config=mve_compact,backend=mve,matvec=compact,operation=gf_frobenius_batch4_e19,sample=22,inner=8,items=4,raw_cycles=67882
PROFILE_SAMPLE,param=256s,config=mve_compact,backend=mve,matvec=compact,operation=gf_frobenius_batch4_e19,sample=23,inner=8,items=4,raw_cycles=67883
PROFILE_SAMPLE,param=256s,config=mve_compact,backend=mve,matvec=compact,operation=gf_frobenius_batch4_e19,sample=24,inner=8,items=4,raw_cycles=67882
PROFILE_SAMPLE,param=256s,config=mve_compact,backend=mve,matvec=compact,operation=gf_frobenius_batch4_e19,sample=25,inner=8,items=4,raw_cycles=67883
PROFILE_SAMPLE,param=256s,config=mve_compact,backend=mve,matvec=compact,operation=gf_frobenius_batch4_e19,sample=26,inner=8,items=4,raw_cycles=67882
PROFILE_SAMPLE,param=256s,config=mve_compact,backend=mve,matvec=compact,operation=gf_frobenius_batch4_e19,sample=27,inner=8,items=4,raw_cycles=67882
PROFILE_SAMPLE,param=256s,config=mve_compact,backend=mve,matvec=compact,operation=gf_frobenius_batch4_e19,sample=28,inner=8,items=4,raw_cycles=67882
PROFILE_SAMPLE,param=256s,config=mve_compact,backend=mve,matvec=compact,operation=gf_frobenius_batch4_e19,sample=29,inner=8,items=4,raw_cycles=67882
PROFILE_SAMPLE,param=256s,config=mve_compact,backend=mve,matvec=compact,operation=gf_frobenius_batch4_e19,sample=30,inner=8,items=4,raw_cycles=67883
PROFILE_RESULT,param=256s,config=mve_compact,backend=mve,matvec=compact,operation=gf_frobenius_batch4_e19,samples=31,inner=8,items=4,min=8485.00,median=8485.25,mean=8485.91,stddev=3.55,max=8505.38,cycles_per_item_mean=2121.48
PROFILE_SAMPLE,param=256s,config=mve_compact,backend=mve,matvec=compact,operation=gf_mul_const_batch4,sample=0,inner=64,items=4,raw_cycles=2392724
PROFILE_SAMPLE,param=256s,config=mve_compact,backend=mve,matvec=compact,operation=gf_mul_const_batch4,sample=1,inner=64,items=4,raw_cycles=2391267
PROFILE_SAMPLE,param=256s,config=mve_compact,backend=mve,matvec=compact,operation=gf_mul_const_batch4,sample=2,inner=64,items=4,raw_cycles=2391266
PROFILE_SAMPLE,param=256s,config=mve_compact,backend=mve,matvec=compact,operation=gf_mul_const_batch4,sample=3,inner=64,items=4,raw_cycles=2391237
PROFILE_SAMPLE,param=256s,config=mve_compact,backend=mve,matvec=compact,operation=gf_mul_const_batch4,sample=4,inner=64,items=4,raw_cycles=2391237
PROFILE_SAMPLE,param=256s,config=mve_compact,backend=mve,matvec=compact,operation=gf_mul_const_batch4,sample=5,inner=64,items=4,raw_cycles=2391237
PROFILE_SAMPLE,param=256s,config=mve_compact,backend=mve,matvec=compact,operation=gf_mul_const_batch4,sample=6,inner=64,items=4,raw_cycles=2391238
PROFILE_SAMPLE,param=256s,config=mve_compact,backend=mve,matvec=compact,operation=gf_mul_const_batch4,sample=7,inner=64,items=4,raw_cycles=2391237
PROFILE_SAMPLE,param=256s,config=mve_compact,backend=mve,matvec=compact,operation=gf_mul_const_batch4,sample=8,inner=64,items=4,raw_cycles=2391237
PROFILE_SAMPLE,param=256s,config=mve_compact,backend=mve,matvec=compact,operation=gf_mul_const_batch4,sample=9,inner=64,items=4,raw_cycles=2391237
PROFILE_SAMPLE,param=256s,config=mve_compact,backend=mve,matvec=compact,operation=gf_mul_const_batch4,sample=10,inner=64,items=4,raw_cycles=2391237
PROFILE_SAMPLE,param=256s,config=mve_compact,backend=mve,matvec=compact,operation=gf_mul_const_batch4,sample=11,inner=64,items=4,raw_cycles=2391237
PROFILE_SAMPLE,param=256s,config=mve_compact,backend=mve,matvec=compact,operation=gf_mul_const_batch4,sample=12,inner=64,items=4,raw_cycles=2391237
PROFILE_SAMPLE,param=256s,config=mve_compact,backend=mve,matvec=compact,operation=gf_mul_const_batch4,sample=13,inner=64,items=4,raw_cycles=2391237
PROFILE_SAMPLE,param=256s,config=mve_compact,backend=mve,matvec=compact,operation=gf_mul_const_batch4,sample=14,inner=64,items=4,raw_cycles=2391237
PROFILE_SAMPLE,param=256s,config=mve_compact,backend=mve,matvec=compact,operation=gf_mul_const_batch4,sample=15,inner=64,items=4,raw_cycles=2391237
PROFILE_SAMPLE,param=256s,config=mve_compact,backend=mve,matvec=compact,operation=gf_mul_const_batch4,sample=16,inner=64,items=4,raw_cycles=2391237
PROFILE_SAMPLE,param=256s,config=mve_compact,backend=mve,matvec=compact,operation=gf_mul_const_batch4,sample=17,inner=64,items=4,raw_cycles=2391237
PROFILE_SAMPLE,param=256s,config=mve_compact,backend=mve,matvec=compact,operation=gf_mul_const_batch4,sample=18,inner=64,items=4,raw_cycles=2391237
PROFILE_SAMPLE,param=256s,config=mve_compact,backend=mve,matvec=compact,operation=gf_mul_const_batch4,sample=19,inner=64,items=4,raw_cycles=2391237
PROFILE_SAMPLE,param=256s,config=mve_compact,backend=mve,matvec=compact,operation=gf_mul_const_batch4,sample=20,inner=64,items=4,raw_cycles=2391237
PROFILE_SAMPLE,param=256s,config=mve_compact,backend=mve,matvec=compact,operation=gf_mul_const_batch4,sample=21,inner=64,items=4,raw_cycles=2391237
PROFILE_SAMPLE,param=256s,config=mve_compact,backend=mve,matvec=compact,operation=gf_mul_const_batch4,sample=22,inner=64,items=4,raw_cycles=2391237
PROFILE_SAMPLE,param=256s,config=mve_compact,backend=mve,matvec=compact,operation=gf_mul_const_batch4,sample=23,inner=64,items=4,raw_cycles=2391237
PROFILE_SAMPLE,param=256s,config=mve_compact,backend=mve,matvec=compact,operation=gf_mul_const_batch4,sample=24,inner=64,items=4,raw_cycles=2391237
PROFILE_SAMPLE,param=256s,config=mve_compact,backend=mve,matvec=compact,operation=gf_mul_const_batch4,sample=25,inner=64,items=4,raw_cycles=2391237
PROFILE_SAMPLE,param=256s,config=mve_compact,backend=mve,matvec=compact,operation=gf_mul_const_batch4,sample=26,inner=64,items=4,raw_cycles=2391237
PROFILE_SAMPLE,param=256s,config=mve_compact,backend=mve,matvec=compact,operation=gf_mul_const_batch4,sample=27,inner=64,items=4,raw_cycles=2391237
PROFILE_SAMPLE,param=256s,config=mve_compact,backend=mve,matvec=compact,operation=gf_mul_const_batch4,sample=28,inner=64,items=4,raw_cycles=2391237
PROFILE_SAMPLE,param=256s,config=mve_compact,backend=mve,matvec=compact,operation=gf_mul_const_batch4,sample=29,inner=64,items=4,raw_cycles=2391237
PROFILE_SAMPLE,param=256s,config=mve_compact,backend=mve,matvec=compact,operation=gf_mul_const_batch4,sample=30,inner=64,items=4,raw_cycles=2391237
PROFILE_RESULT,param=256s,config=mve_compact,backend=mve,matvec=compact,operation=gf_mul_const_batch4,samples=31,inner=64,items=4,min=37363.08,median=37363.08,mean=37363.86,stddev=4.10,max=37386.31,cycles_per_item_mean=9340.96
PROFILE_SAMPLE,param=256s,config=mve_compact,backend=mve,matvec=compact,operation=gf_mat_vec_mul_batch4,sample=0,inner=64,items=4,raw_cycles=3895598
PROFILE_SAMPLE,param=256s,config=mve_compact,backend=mve,matvec=compact,operation=gf_mat_vec_mul_batch4,sample=1,inner=64,items=4,raw_cycles=3880976
PROFILE_SAMPLE,param=256s,config=mve_compact,backend=mve,matvec=compact,operation=gf_mat_vec_mul_batch4,sample=2,inner=64,items=4,raw_cycles=3880877
PROFILE_SAMPLE,param=256s,config=mve_compact,backend=mve,matvec=compact,operation=gf_mat_vec_mul_batch4,sample=3,inner=64,items=4,raw_cycles=3880843
PROFILE_SAMPLE,param=256s,config=mve_compact,backend=mve,matvec=compact,operation=gf_mat_vec_mul_batch4,sample=4,inner=64,items=4,raw_cycles=3880842
PROFILE_SAMPLE,param=256s,config=mve_compact,backend=mve,matvec=compact,operation=gf_mat_vec_mul_batch4,sample=5,inner=64,items=4,raw_cycles=3880842
PROFILE_SAMPLE,param=256s,config=mve_compact,backend=mve,matvec=compact,operation=gf_mat_vec_mul_batch4,sample=6,inner=64,items=4,raw_cycles=3880841
PROFILE_SAMPLE,param=256s,config=mve_compact,backend=mve,matvec=compact,operation=gf_mat_vec_mul_batch4,sample=7,inner=64,items=4,raw_cycles=3880841
PROFILE_SAMPLE,param=256s,config=mve_compact,backend=mve,matvec=compact,operation=gf_mat_vec_mul_batch4,sample=8,inner=64,items=4,raw_cycles=3880841
PROFILE_SAMPLE,param=256s,config=mve_compact,backend=mve,matvec=compact,operation=gf_mat_vec_mul_batch4,sample=9,inner=64,items=4,raw_cycles=3880841
PROFILE_SAMPLE,param=256s,config=mve_compact,backend=mve,matvec=compact,operation=gf_mat_vec_mul_batch4,sample=10,inner=64,items=4,raw_cycles=3880841
PROFILE_SAMPLE,param=256s,config=mve_compact,backend=mve,matvec=compact,operation=gf_mat_vec_mul_batch4,sample=11,inner=64,items=4,raw_cycles=3880841
PROFILE_SAMPLE,param=256s,config=mve_compact,backend=mve,matvec=compact,operation=gf_mat_vec_mul_batch4,sample=12,inner=64,items=4,raw_cycles=3880841
PROFILE_SAMPLE,param=256s,config=mve_compact,backend=mve,matvec=compact,operation=gf_mat_vec_mul_batch4,sample=13,inner=64,items=4,raw_cycles=3880841
PROFILE_SAMPLE,param=256s,config=mve_compact,backend=mve,matvec=compact,operation=gf_mat_vec_mul_batch4,sample=14,inner=64,items=4,raw_cycles=3880841
PROFILE_SAMPLE,param=256s,config=mve_compact,backend=mve,matvec=compact,operation=gf_mat_vec_mul_batch4,sample=15,inner=64,items=4,raw_cycles=3880841
PROFILE_SAMPLE,param=256s,config=mve_compact,backend=mve,matvec=compact,operation=gf_mat_vec_mul_batch4,sample=16,inner=64,items=4,raw_cycles=3880841
PROFILE_SAMPLE,param=256s,config=mve_compact,backend=mve,matvec=compact,operation=gf_mat_vec_mul_batch4,sample=17,inner=64,items=4,raw_cycles=3880841
PROFILE_SAMPLE,param=256s,config=mve_compact,backend=mve,matvec=compact,operation=gf_mat_vec_mul_batch4,sample=18,inner=64,items=4,raw_cycles=3880841
PROFILE_SAMPLE,param=256s,config=mve_compact,backend=mve,matvec=compact,operation=gf_mat_vec_mul_batch4,sample=19,inner=64,items=4,raw_cycles=3880842
PROFILE_SAMPLE,param=256s,config=mve_compact,backend=mve,matvec=compact,operation=gf_mat_vec_mul_batch4,sample=20,inner=64,items=4,raw_cycles=3880842
PROFILE_SAMPLE,param=256s,config=mve_compact,backend=mve,matvec=compact,operation=gf_mat_vec_mul_batch4,sample=21,inner=64,items=4,raw_cycles=3880842
PROFILE_SAMPLE,param=256s,config=mve_compact,backend=mve,matvec=compact,operation=gf_mat_vec_mul_batch4,sample=22,inner=64,items=4,raw_cycles=3880841
PROFILE_SAMPLE,param=256s,config=mve_compact,backend=mve,matvec=compact,operation=gf_mat_vec_mul_batch4,sample=23,inner=64,items=4,raw_cycles=3880841
PROFILE_SAMPLE,param=256s,config=mve_compact,backend=mve,matvec=compact,operation=gf_mat_vec_mul_batch4,sample=24,inner=64,items=4,raw_cycles=3880841
PROFILE_SAMPLE,param=256s,config=mve_compact,backend=mve,matvec=compact,operation=gf_mat_vec_mul_batch4,sample=25,inner=64,items=4,raw_cycles=3880841
PROFILE_SAMPLE,param=256s,config=mve_compact,backend=mve,matvec=compact,operation=gf_mat_vec_mul_batch4,sample=26,inner=64,items=4,raw_cycles=3880841
PROFILE_SAMPLE,param=256s,config=mve_compact,backend=mve,matvec=compact,operation=gf_mat_vec_mul_batch4,sample=27,inner=64,items=4,raw_cycles=3880841
PROFILE_SAMPLE,param=256s,config=mve_compact,backend=mve,matvec=compact,operation=gf_mat_vec_mul_batch4,sample=28,inner=64,items=4,raw_cycles=3880841
PROFILE_SAMPLE,param=256s,config=mve_compact,backend=mve,matvec=compact,operation=gf_mat_vec_mul_batch4,sample=29,inner=64,items=4,raw_cycles=3880841
PROFILE_SAMPLE,param=256s,config=mve_compact,backend=mve,matvec=compact,operation=gf_mat_vec_mul_batch4,sample=30,inner=64,items=4,raw_cycles=3880841
PROFILE_RESULT,param=256s,config=mve_compact,backend=mve,matvec=compact,operation=gf_mat_vec_mul_batch4,samples=31,inner=64,items=4,min=60638.14,median=60638.14,mean=60645.67,stddev=40.73,max=60868.72,cycles_per_item_mean=15161.42
PROFILE_SAMPLE,param=256s,config=mve_compact,backend=mve,matvec=compact,operation=gf_mat_vec_mul_add_batch4,sample=0,inner=64,items=4,raw_cycles=3892877
PROFILE_SAMPLE,param=256s,config=mve_compact,backend=mve,matvec=compact,operation=gf_mat_vec_mul_add_batch4,sample=1,inner=64,items=4,raw_cycles=3891884
PROFILE_SAMPLE,param=256s,config=mve_compact,backend=mve,matvec=compact,operation=gf_mat_vec_mul_add_batch4,sample=2,inner=64,items=4,raw_cycles=3891851
PROFILE_SAMPLE,param=256s,config=mve_compact,backend=mve,matvec=compact,operation=gf_mat_vec_mul_add_batch4,sample=3,inner=64,items=4,raw_cycles=3891851
PROFILE_SAMPLE,param=256s,config=mve_compact,backend=mve,matvec=compact,operation=gf_mat_vec_mul_add_batch4,sample=4,inner=64,items=4,raw_cycles=3891851
PROFILE_SAMPLE,param=256s,config=mve_compact,backend=mve,matvec=compact,operation=gf_mat_vec_mul_add_batch4,sample=5,inner=64,items=4,raw_cycles=3891851
PROFILE_SAMPLE,param=256s,config=mve_compact,backend=mve,matvec=compact,operation=gf_mat_vec_mul_add_batch4,sample=6,inner=64,items=4,raw_cycles=3891851
PROFILE_SAMPLE,param=256s,config=mve_compact,backend=mve,matvec=compact,operation=gf_mat_vec_mul_add_batch4,sample=7,inner=64,items=4,raw_cycles=3891851
PROFILE_SAMPLE,param=256s,config=mve_compact,backend=mve,matvec=compact,operation=gf_mat_vec_mul_add_batch4,sample=8,inner=64,items=4,raw_cycles=3891851
PROFILE_SAMPLE,param=256s,config=mve_compact,backend=mve,matvec=compact,operation=gf_mat_vec_mul_add_batch4,sample=9,inner=64,items=4,raw_cycles=3891851
PROFILE_SAMPLE,param=256s,config=mve_compact,backend=mve,matvec=compact,operation=gf_mat_vec_mul_add_batch4,sample=10,inner=64,items=4,raw_cycles=3891851
PROFILE_SAMPLE,param=256s,config=mve_compact,backend=mve,matvec=compact,operation=gf_mat_vec_mul_add_batch4,sample=11,inner=64,items=4,raw_cycles=3891851
PROFILE_SAMPLE,param=256s,config=mve_compact,backend=mve,matvec=compact,operation=gf_mat_vec_mul_add_batch4,sample=12,inner=64,items=4,raw_cycles=3891851
PROFILE_SAMPLE,param=256s,config=mve_compact,backend=mve,matvec=compact,operation=gf_mat_vec_mul_add_batch4,sample=13,inner=64,items=4,raw_cycles=3891851
PROFILE_SAMPLE,param=256s,config=mve_compact,backend=mve,matvec=compact,operation=gf_mat_vec_mul_add_batch4,sample=14,inner=64,items=4,raw_cycles=3891851
PROFILE_SAMPLE,param=256s,config=mve_compact,backend=mve,matvec=compact,operation=gf_mat_vec_mul_add_batch4,sample=15,inner=64,items=4,raw_cycles=3891851
PROFILE_SAMPLE,param=256s,config=mve_compact,backend=mve,matvec=compact,operation=gf_mat_vec_mul_add_batch4,sample=16,inner=64,items=4,raw_cycles=3891851
PROFILE_SAMPLE,param=256s,config=mve_compact,backend=mve,matvec=compact,operation=gf_mat_vec_mul_add_batch4,sample=17,inner=64,items=4,raw_cycles=3891851
PROFILE_SAMPLE,param=256s,config=mve_compact,backend=mve,matvec=compact,operation=gf_mat_vec_mul_add_batch4,sample=18,inner=64,items=4,raw_cycles=3891851
PROFILE_SAMPLE,param=256s,config=mve_compact,backend=mve,matvec=compact,operation=gf_mat_vec_mul_add_batch4,sample=19,inner=64,items=4,raw_cycles=3891851
PROFILE_SAMPLE,param=256s,config=mve_compact,backend=mve,matvec=compact,operation=gf_mat_vec_mul_add_batch4,sample=20,inner=64,items=4,raw_cycles=3891851
PROFILE_SAMPLE,param=256s,config=mve_compact,backend=mve,matvec=compact,operation=gf_mat_vec_mul_add_batch4,sample=21,inner=64,items=4,raw_cycles=3891851
PROFILE_SAMPLE,param=256s,config=mve_compact,backend=mve,matvec=compact,operation=gf_mat_vec_mul_add_batch4,sample=22,inner=64,items=4,raw_cycles=3891851
PROFILE_SAMPLE,param=256s,config=mve_compact,backend=mve,matvec=compact,operation=gf_mat_vec_mul_add_batch4,sample=23,inner=64,items=4,raw_cycles=3891851
PROFILE_SAMPLE,param=256s,config=mve_compact,backend=mve,matvec=compact,operation=gf_mat_vec_mul_add_batch4,sample=24,inner=64,items=4,raw_cycles=3891851
PROFILE_SAMPLE,param=256s,config=mve_compact,backend=mve,matvec=compact,operation=gf_mat_vec_mul_add_batch4,sample=25,inner=64,items=4,raw_cycles=3891851
PROFILE_SAMPLE,param=256s,config=mve_compact,backend=mve,matvec=compact,operation=gf_mat_vec_mul_add_batch4,sample=26,inner=64,items=4,raw_cycles=3891851
PROFILE_SAMPLE,param=256s,config=mve_compact,backend=mve,matvec=compact,operation=gf_mat_vec_mul_add_batch4,sample=27,inner=64,items=4,raw_cycles=3891851
PROFILE_SAMPLE,param=256s,config=mve_compact,backend=mve,matvec=compact,operation=gf_mat_vec_mul_add_batch4,sample=28,inner=64,items=4,raw_cycles=3891851
PROFILE_SAMPLE,param=256s,config=mve_compact,backend=mve,matvec=compact,operation=gf_mat_vec_mul_add_batch4,sample=29,inner=64,items=4,raw_cycles=3891851
PROFILE_SAMPLE,param=256s,config=mve_compact,backend=mve,matvec=compact,operation=gf_mat_vec_mul_add_batch4,sample=30,inner=64,items=4,raw_cycles=3891851
PROFILE_RESULT,param=256s,config=mve_compact,backend=mve,matvec=compact,operation=gf_mat_vec_mul_add_batch4,samples=31,inner=64,items=4,min=60810.17,median=60810.17,mean=60810.71,stddev=2.83,max=60826.20,cycles_per_item_mean=15202.68
PROFILE_SAMPLE,param=256s,config=mve_compact,backend=mve,matvec=compact,operation=aim3_mpc_batch4,sample=0,inner=8,items=4,raw_cycles=3781349
PROFILE_SAMPLE,param=256s,config=mve_compact,backend=mve,matvec=compact,operation=aim3_mpc_batch4,sample=1,inner=8,items=4,raw_cycles=3765760
PROFILE_SAMPLE,param=256s,config=mve_compact,backend=mve,matvec=compact,operation=aim3_mpc_batch4,sample=2,inner=8,items=4,raw_cycles=3769697
PROFILE_SAMPLE,param=256s,config=mve_compact,backend=mve,matvec=compact,operation=aim3_mpc_batch4,sample=3,inner=8,items=4,raw_cycles=3768649
PROFILE_SAMPLE,param=256s,config=mve_compact,backend=mve,matvec=compact,operation=aim3_mpc_batch4,sample=4,inner=8,items=4,raw_cycles=3769705
PROFILE_SAMPLE,param=256s,config=mve_compact,backend=mve,matvec=compact,operation=aim3_mpc_batch4,sample=5,inner=8,items=4,raw_cycles=3769702
PROFILE_SAMPLE,param=256s,config=mve_compact,backend=mve,matvec=compact,operation=aim3_mpc_batch4,sample=6,inner=8,items=4,raw_cycles=3769702
PROFILE_SAMPLE,param=256s,config=mve_compact,backend=mve,matvec=compact,operation=aim3_mpc_batch4,sample=7,inner=8,items=4,raw_cycles=3769700
PROFILE_SAMPLE,param=256s,config=mve_compact,backend=mve,matvec=compact,operation=aim3_mpc_batch4,sample=8,inner=8,items=4,raw_cycles=3770726
PROFILE_SAMPLE,param=256s,config=mve_compact,backend=mve,matvec=compact,operation=aim3_mpc_batch4,sample=9,inner=8,items=4,raw_cycles=3770756
PROFILE_SAMPLE,param=256s,config=mve_compact,backend=mve,matvec=compact,operation=aim3_mpc_batch4,sample=10,inner=8,items=4,raw_cycles=3770755
PROFILE_SAMPLE,param=256s,config=mve_compact,backend=mve,matvec=compact,operation=aim3_mpc_batch4,sample=11,inner=8,items=4,raw_cycles=3770751
PROFILE_SAMPLE,param=256s,config=mve_compact,backend=mve,matvec=compact,operation=aim3_mpc_batch4,sample=12,inner=8,items=4,raw_cycles=3770759
PROFILE_SAMPLE,param=256s,config=mve_compact,backend=mve,matvec=compact,operation=aim3_mpc_batch4,sample=13,inner=8,items=4,raw_cycles=3770756
PROFILE_SAMPLE,param=256s,config=mve_compact,backend=mve,matvec=compact,operation=aim3_mpc_batch4,sample=14,inner=8,items=4,raw_cycles=3770759
PROFILE_SAMPLE,param=256s,config=mve_compact,backend=mve,matvec=compact,operation=aim3_mpc_batch4,sample=15,inner=8,items=4,raw_cycles=3770757
PROFILE_SAMPLE,param=256s,config=mve_compact,backend=mve,matvec=compact,operation=aim3_mpc_batch4,sample=16,inner=8,items=4,raw_cycles=3770753
PROFILE_SAMPLE,param=256s,config=mve_compact,backend=mve,matvec=compact,operation=aim3_mpc_batch4,sample=17,inner=8,items=4,raw_cycles=3772801
PROFILE_SAMPLE,param=256s,config=mve_compact,backend=mve,matvec=compact,operation=aim3_mpc_batch4,sample=18,inner=8,items=4,raw_cycles=3772871
PROFILE_SAMPLE,param=256s,config=mve_compact,backend=mve,matvec=compact,operation=aim3_mpc_batch4,sample=19,inner=8,items=4,raw_cycles=3772874
PROFILE_SAMPLE,param=256s,config=mve_compact,backend=mve,matvec=compact,operation=aim3_mpc_batch4,sample=20,inner=8,items=4,raw_cycles=3772871
PROFILE_SAMPLE,param=256s,config=mve_compact,backend=mve,matvec=compact,operation=aim3_mpc_batch4,sample=21,inner=8,items=4,raw_cycles=3772869
PROFILE_SAMPLE,param=256s,config=mve_compact,backend=mve,matvec=compact,operation=aim3_mpc_batch4,sample=22,inner=8,items=4,raw_cycles=3772873
PROFILE_SAMPLE,param=256s,config=mve_compact,backend=mve,matvec=compact,operation=aim3_mpc_batch4,sample=23,inner=8,items=4,raw_cycles=3772874
PROFILE_SAMPLE,param=256s,config=mve_compact,backend=mve,matvec=compact,operation=aim3_mpc_batch4,sample=24,inner=8,items=4,raw_cycles=3772867
PROFILE_SAMPLE,param=256s,config=mve_compact,backend=mve,matvec=compact,operation=aim3_mpc_batch4,sample=25,inner=8,items=4,raw_cycles=3772871
PROFILE_SAMPLE,param=256s,config=mve_compact,backend=mve,matvec=compact,operation=aim3_mpc_batch4,sample=26,inner=8,items=4,raw_cycles=3772874
PROFILE_SAMPLE,param=256s,config=mve_compact,backend=mve,matvec=compact,operation=aim3_mpc_batch4,sample=27,inner=8,items=4,raw_cycles=3772871
PROFILE_SAMPLE,param=256s,config=mve_compact,backend=mve,matvec=compact,operation=aim3_mpc_batch4,sample=28,inner=8,items=4,raw_cycles=3772869
PROFILE_SAMPLE,param=256s,config=mve_compact,backend=mve,matvec=compact,operation=aim3_mpc_batch4,sample=29,inner=8,items=4,raw_cycles=3774022
PROFILE_SAMPLE,param=256s,config=mve_compact,backend=mve,matvec=compact,operation=aim3_mpc_batch4,sample=30,inner=8,items=4,raw_cycles=3774023
PROFILE_RESULT,param=256s,config=mve_compact,backend=mve,matvec=compact,operation=aim3_mpc_batch4,samples=31,inner=8,items=4,min=470720.00,median=471344.88,mean=471465.59,stddev=311.75,max=472668.62,cycles_per_item_mean=117866.40
PROFILE_SAMPLE,param=256s,config=mve_compact,backend=mve,matvec=compact,operation=aim3_mpc_batch4_affine,sample=0,inner=8,items=4,raw_cycles=3614427
PROFILE_SAMPLE,param=256s,config=mve_compact,backend=mve,matvec=compact,operation=aim3_mpc_batch4_affine,sample=1,inner=8,items=4,raw_cycles=3600238
PROFILE_SAMPLE,param=256s,config=mve_compact,backend=mve,matvec=compact,operation=aim3_mpc_batch4_affine,sample=2,inner=8,items=4,raw_cycles=3604292
PROFILE_SAMPLE,param=256s,config=mve_compact,backend=mve,matvec=compact,operation=aim3_mpc_batch4_affine,sample=3,inner=8,items=4,raw_cycles=3603240
PROFILE_SAMPLE,param=256s,config=mve_compact,backend=mve,matvec=compact,operation=aim3_mpc_batch4_affine,sample=4,inner=8,items=4,raw_cycles=3604295
PROFILE_SAMPLE,param=256s,config=mve_compact,backend=mve,matvec=compact,operation=aim3_mpc_batch4_affine,sample=5,inner=8,items=4,raw_cycles=3604293
PROFILE_SAMPLE,param=256s,config=mve_compact,backend=mve,matvec=compact,operation=aim3_mpc_batch4_affine,sample=6,inner=8,items=4,raw_cycles=3604293
PROFILE_SAMPLE,param=256s,config=mve_compact,backend=mve,matvec=compact,operation=aim3_mpc_batch4_affine,sample=7,inner=8,items=4,raw_cycles=3604296
PROFILE_SAMPLE,param=256s,config=mve_compact,backend=mve,matvec=compact,operation=aim3_mpc_batch4_affine,sample=8,inner=8,items=4,raw_cycles=3605319
PROFILE_SAMPLE,param=256s,config=mve_compact,backend=mve,matvec=compact,operation=aim3_mpc_batch4_affine,sample=9,inner=8,items=4,raw_cycles=3605348
PROFILE_SAMPLE,param=256s,config=mve_compact,backend=mve,matvec=compact,operation=aim3_mpc_batch4_affine,sample=10,inner=8,items=4,raw_cycles=3605349
PROFILE_SAMPLE,param=256s,config=mve_compact,backend=mve,matvec=compact,operation=aim3_mpc_batch4_affine,sample=11,inner=8,items=4,raw_cycles=3605348
PROFILE_SAMPLE,param=256s,config=mve_compact,backend=mve,matvec=compact,operation=aim3_mpc_batch4_affine,sample=12,inner=8,items=4,raw_cycles=3605352
PROFILE_SAMPLE,param=256s,config=mve_compact,backend=mve,matvec=compact,operation=aim3_mpc_batch4_affine,sample=13,inner=8,items=4,raw_cycles=3605352
PROFILE_SAMPLE,param=256s,config=mve_compact,backend=mve,matvec=compact,operation=aim3_mpc_batch4_affine,sample=14,inner=8,items=4,raw_cycles=3605352
PROFILE_SAMPLE,param=256s,config=mve_compact,backend=mve,matvec=compact,operation=aim3_mpc_batch4_affine,sample=15,inner=8,items=4,raw_cycles=3605352
PROFILE_SAMPLE,param=256s,config=mve_compact,backend=mve,matvec=compact,operation=aim3_mpc_batch4_affine,sample=16,inner=8,items=4,raw_cycles=3605349
PROFILE_SAMPLE,param=256s,config=mve_compact,backend=mve,matvec=compact,operation=aim3_mpc_batch4_affine,sample=17,inner=8,items=4,raw_cycles=3607397
PROFILE_SAMPLE,param=256s,config=mve_compact,backend=mve,matvec=compact,operation=aim3_mpc_batch4_affine,sample=18,inner=8,items=4,raw_cycles=3607464
PROFILE_SAMPLE,param=256s,config=mve_compact,backend=mve,matvec=compact,operation=aim3_mpc_batch4_affine,sample=19,inner=8,items=4,raw_cycles=3607463
PROFILE_SAMPLE,param=256s,config=mve_compact,backend=mve,matvec=compact,operation=aim3_mpc_batch4_affine,sample=20,inner=8,items=4,raw_cycles=3607464
PROFILE_SAMPLE,param=256s,config=mve_compact,backend=mve,matvec=compact,operation=aim3_mpc_batch4_affine,sample=21,inner=8,items=4,raw_cycles=3607462
PROFILE_SAMPLE,param=256s,config=mve_compact,backend=mve,matvec=compact,operation=aim3_mpc_batch4_affine,sample=22,inner=8,items=4,raw_cycles=3607463
PROFILE_SAMPLE,param=256s,config=mve_compact,backend=mve,matvec=compact,operation=aim3_mpc_batch4_affine,sample=23,inner=8,items=4,raw_cycles=3607462
PROFILE_SAMPLE,param=256s,config=mve_compact,backend=mve,matvec=compact,operation=aim3_mpc_batch4_affine,sample=24,inner=8,items=4,raw_cycles=3607463
PROFILE_SAMPLE,param=256s,config=mve_compact,backend=mve,matvec=compact,operation=aim3_mpc_batch4_affine,sample=25,inner=8,items=4,raw_cycles=3607464
PROFILE_SAMPLE,param=256s,config=mve_compact,backend=mve,matvec=compact,operation=aim3_mpc_batch4_affine,sample=26,inner=8,items=4,raw_cycles=3607462
PROFILE_SAMPLE,param=256s,config=mve_compact,backend=mve,matvec=compact,operation=aim3_mpc_batch4_affine,sample=27,inner=8,items=4,raw_cycles=3607464
PROFILE_SAMPLE,param=256s,config=mve_compact,backend=mve,matvec=compact,operation=aim3_mpc_batch4_affine,sample=28,inner=8,items=4,raw_cycles=3607462
PROFILE_SAMPLE,param=256s,config=mve_compact,backend=mve,matvec=compact,operation=aim3_mpc_batch4_affine,sample=29,inner=8,items=4,raw_cycles=3608615
PROFILE_SAMPLE,param=256s,config=mve_compact,backend=mve,matvec=compact,operation=aim3_mpc_batch4_affine,sample=30,inner=8,items=4,raw_cycles=3608616
PROFILE_RESULT,param=256s,config=mve_compact,backend=mve,matvec=compact,operation=aim3_mpc_batch4_affine,samples=31,inner=8,items=4,min=450029.75,median=450669.00,mean=450783.13,stddev=290.33,max=451803.38,cycles_per_item_mean=112695.78
PROFILE_SAMPLE,param=256s,config=mve_compact,backend=mve,matvec=compact,operation=aim3_mpc_batch4_frobenius,sample=0,inner=8,items=4,raw_cycles=165584
PROFILE_SAMPLE,param=256s,config=mve_compact,backend=mve,matvec=compact,operation=aim3_mpc_batch4_frobenius,sample=1,inner=8,items=4,raw_cycles=164360
PROFILE_SAMPLE,param=256s,config=mve_compact,backend=mve,matvec=compact,operation=aim3_mpc_batch4_frobenius,sample=2,inner=8,items=4,raw_cycles=164315
PROFILE_SAMPLE,param=256s,config=mve_compact,backend=mve,matvec=compact,operation=aim3_mpc_batch4_frobenius,sample=3,inner=8,items=4,raw_cycles=164319
PROFILE_SAMPLE,param=256s,config=mve_compact,backend=mve,matvec=compact,operation=aim3_mpc_batch4_frobenius,sample=4,inner=8,items=4,raw_cycles=164320
PROFILE_SAMPLE,param=256s,config=mve_compact,backend=mve,matvec=compact,operation=aim3_mpc_batch4_frobenius,sample=5,inner=8,items=4,raw_cycles=164319
PROFILE_SAMPLE,param=256s,config=mve_compact,backend=mve,matvec=compact,operation=aim3_mpc_batch4_frobenius,sample=6,inner=8,items=4,raw_cycles=164319
PROFILE_SAMPLE,param=256s,config=mve_compact,backend=mve,matvec=compact,operation=aim3_mpc_batch4_frobenius,sample=7,inner=8,items=4,raw_cycles=164311
PROFILE_SAMPLE,param=256s,config=mve_compact,backend=mve,matvec=compact,operation=aim3_mpc_batch4_frobenius,sample=8,inner=8,items=4,raw_cycles=164316
PROFILE_SAMPLE,param=256s,config=mve_compact,backend=mve,matvec=compact,operation=aim3_mpc_batch4_frobenius,sample=9,inner=8,items=4,raw_cycles=164316
PROFILE_SAMPLE,param=256s,config=mve_compact,backend=mve,matvec=compact,operation=aim3_mpc_batch4_frobenius,sample=10,inner=8,items=4,raw_cycles=164315
PROFILE_SAMPLE,param=256s,config=mve_compact,backend=mve,matvec=compact,operation=aim3_mpc_batch4_frobenius,sample=11,inner=8,items=4,raw_cycles=164313
PROFILE_SAMPLE,param=256s,config=mve_compact,backend=mve,matvec=compact,operation=aim3_mpc_batch4_frobenius,sample=12,inner=8,items=4,raw_cycles=164316
PROFILE_SAMPLE,param=256s,config=mve_compact,backend=mve,matvec=compact,operation=aim3_mpc_batch4_frobenius,sample=13,inner=8,items=4,raw_cycles=164312
PROFILE_SAMPLE,param=256s,config=mve_compact,backend=mve,matvec=compact,operation=aim3_mpc_batch4_frobenius,sample=14,inner=8,items=4,raw_cycles=164316
PROFILE_SAMPLE,param=256s,config=mve_compact,backend=mve,matvec=compact,operation=aim3_mpc_batch4_frobenius,sample=15,inner=8,items=4,raw_cycles=164315
PROFILE_SAMPLE,param=256s,config=mve_compact,backend=mve,matvec=compact,operation=aim3_mpc_batch4_frobenius,sample=16,inner=8,items=4,raw_cycles=164315
PROFILE_SAMPLE,param=256s,config=mve_compact,backend=mve,matvec=compact,operation=aim3_mpc_batch4_frobenius,sample=17,inner=8,items=4,raw_cycles=164314
PROFILE_SAMPLE,param=256s,config=mve_compact,backend=mve,matvec=compact,operation=aim3_mpc_batch4_frobenius,sample=18,inner=8,items=4,raw_cycles=164316
PROFILE_SAMPLE,param=256s,config=mve_compact,backend=mve,matvec=compact,operation=aim3_mpc_batch4_frobenius,sample=19,inner=8,items=4,raw_cycles=164321
PROFILE_SAMPLE,param=256s,config=mve_compact,backend=mve,matvec=compact,operation=aim3_mpc_batch4_frobenius,sample=20,inner=8,items=4,raw_cycles=164317
PROFILE_SAMPLE,param=256s,config=mve_compact,backend=mve,matvec=compact,operation=aim3_mpc_batch4_frobenius,sample=21,inner=8,items=4,raw_cycles=164317
PROFILE_SAMPLE,param=256s,config=mve_compact,backend=mve,matvec=compact,operation=aim3_mpc_batch4_frobenius,sample=22,inner=8,items=4,raw_cycles=164319
PROFILE_SAMPLE,param=256s,config=mve_compact,backend=mve,matvec=compact,operation=aim3_mpc_batch4_frobenius,sample=23,inner=8,items=4,raw_cycles=164321
PROFILE_SAMPLE,param=256s,config=mve_compact,backend=mve,matvec=compact,operation=aim3_mpc_batch4_frobenius,sample=24,inner=8,items=4,raw_cycles=164314
PROFILE_SAMPLE,param=256s,config=mve_compact,backend=mve,matvec=compact,operation=aim3_mpc_batch4_frobenius,sample=25,inner=8,items=4,raw_cycles=164316
PROFILE_SAMPLE,param=256s,config=mve_compact,backend=mve,matvec=compact,operation=aim3_mpc_batch4_frobenius,sample=26,inner=8,items=4,raw_cycles=164321
PROFILE_SAMPLE,param=256s,config=mve_compact,backend=mve,matvec=compact,operation=aim3_mpc_batch4_frobenius,sample=27,inner=8,items=4,raw_cycles=164317
PROFILE_SAMPLE,param=256s,config=mve_compact,backend=mve,matvec=compact,operation=aim3_mpc_batch4_frobenius,sample=28,inner=8,items=4,raw_cycles=164317
PROFILE_SAMPLE,param=256s,config=mve_compact,backend=mve,matvec=compact,operation=aim3_mpc_batch4_frobenius,sample=29,inner=8,items=4,raw_cycles=164315
PROFILE_SAMPLE,param=256s,config=mve_compact,backend=mve,matvec=compact,operation=aim3_mpc_batch4_frobenius,sample=30,inner=8,items=4,raw_cycles=164316
PROFILE_RESULT,param=256s,config=mve_compact,backend=mve,matvec=compact,operation=aim3_mpc_batch4_frobenius,samples=31,inner=8,items=4,min=20538.88,median=20539.50,mean=20544.85,stddev=27.98,max=20698.00,cycles_per_item_mean=5136.21
PROFILE_SAMPLE,param=256s,config=mve_compact,backend=mve,matvec=compact,operation=aim3_mpc_scalar,sample=0,inner=8,items=1,raw_cycles=1080245
PROFILE_SAMPLE,param=256s,config=mve_compact,backend=mve,matvec=compact,operation=aim3_mpc_scalar,sample=1,inner=8,items=1,raw_cycles=1079432
PROFILE_SAMPLE,param=256s,config=mve_compact,backend=mve,matvec=compact,operation=aim3_mpc_scalar,sample=2,inner=8,items=1,raw_cycles=1078758
PROFILE_SAMPLE,param=256s,config=mve_compact,backend=mve,matvec=compact,operation=aim3_mpc_scalar,sample=3,inner=8,items=1,raw_cycles=1078664
PROFILE_SAMPLE,param=256s,config=mve_compact,backend=mve,matvec=compact,operation=aim3_mpc_scalar,sample=4,inner=8,items=1,raw_cycles=1078664
PROFILE_SAMPLE,param=256s,config=mve_compact,backend=mve,matvec=compact,operation=aim3_mpc_scalar,sample=5,inner=8,items=1,raw_cycles=1078664
PROFILE_SAMPLE,param=256s,config=mve_compact,backend=mve,matvec=compact,operation=aim3_mpc_scalar,sample=6,inner=8,items=1,raw_cycles=1078664
PROFILE_SAMPLE,param=256s,config=mve_compact,backend=mve,matvec=compact,operation=aim3_mpc_scalar,sample=7,inner=8,items=1,raw_cycles=1078664
PROFILE_SAMPLE,param=256s,config=mve_compact,backend=mve,matvec=compact,operation=aim3_mpc_scalar,sample=8,inner=8,items=1,raw_cycles=1078664
PROFILE_SAMPLE,param=256s,config=mve_compact,backend=mve,matvec=compact,operation=aim3_mpc_scalar,sample=9,inner=8,items=1,raw_cycles=1078664
PROFILE_SAMPLE,param=256s,config=mve_compact,backend=mve,matvec=compact,operation=aim3_mpc_scalar,sample=10,inner=8,items=1,raw_cycles=1078664
PROFILE_SAMPLE,param=256s,config=mve_compact,backend=mve,matvec=compact,operation=aim3_mpc_scalar,sample=11,inner=8,items=1,raw_cycles=1078665
PROFILE_SAMPLE,param=256s,config=mve_compact,backend=mve,matvec=compact,operation=aim3_mpc_scalar,sample=12,inner=8,items=1,raw_cycles=1078664
PROFILE_SAMPLE,param=256s,config=mve_compact,backend=mve,matvec=compact,operation=aim3_mpc_scalar,sample=13,inner=8,items=1,raw_cycles=1078664
PROFILE_SAMPLE,param=256s,config=mve_compact,backend=mve,matvec=compact,operation=aim3_mpc_scalar,sample=14,inner=8,items=1,raw_cycles=1078664
PROFILE_SAMPLE,param=256s,config=mve_compact,backend=mve,matvec=compact,operation=aim3_mpc_scalar,sample=15,inner=8,items=1,raw_cycles=1078664
PROFILE_SAMPLE,param=256s,config=mve_compact,backend=mve,matvec=compact,operation=aim3_mpc_scalar,sample=16,inner=8,items=1,raw_cycles=1078664
PROFILE_SAMPLE,param=256s,config=mve_compact,backend=mve,matvec=compact,operation=aim3_mpc_scalar,sample=17,inner=8,items=1,raw_cycles=1078664
PROFILE_SAMPLE,param=256s,config=mve_compact,backend=mve,matvec=compact,operation=aim3_mpc_scalar,sample=18,inner=8,items=1,raw_cycles=1078664
PROFILE_SAMPLE,param=256s,config=mve_compact,backend=mve,matvec=compact,operation=aim3_mpc_scalar,sample=19,inner=8,items=1,raw_cycles=1078664
PROFILE_SAMPLE,param=256s,config=mve_compact,backend=mve,matvec=compact,operation=aim3_mpc_scalar,sample=20,inner=8,items=1,raw_cycles=1078664
PROFILE_SAMPLE,param=256s,config=mve_compact,backend=mve,matvec=compact,operation=aim3_mpc_scalar,sample=21,inner=8,items=1,raw_cycles=1078664
PROFILE_SAMPLE,param=256s,config=mve_compact,backend=mve,matvec=compact,operation=aim3_mpc_scalar,sample=22,inner=8,items=1,raw_cycles=1078664
PROFILE_SAMPLE,param=256s,config=mve_compact,backend=mve,matvec=compact,operation=aim3_mpc_scalar,sample=23,inner=8,items=1,raw_cycles=1078664
PROFILE_SAMPLE,param=256s,config=mve_compact,backend=mve,matvec=compact,operation=aim3_mpc_scalar,sample=24,inner=8,items=1,raw_cycles=1078664
PROFILE_SAMPLE,param=256s,config=mve_compact,backend=mve,matvec=compact,operation=aim3_mpc_scalar,sample=25,inner=8,items=1,raw_cycles=1078664
PROFILE_SAMPLE,param=256s,config=mve_compact,backend=mve,matvec=compact,operation=aim3_mpc_scalar,sample=26,inner=8,items=1,raw_cycles=1078664
PROFILE_SAMPLE,param=256s,config=mve_compact,backend=mve,matvec=compact,operation=aim3_mpc_scalar,sample=27,inner=8,items=1,raw_cycles=1078664
PROFILE_SAMPLE,param=256s,config=mve_compact,backend=mve,matvec=compact,operation=aim3_mpc_scalar,sample=28,inner=8,items=1,raw_cycles=1078664
PROFILE_SAMPLE,param=256s,config=mve_compact,backend=mve,matvec=compact,operation=aim3_mpc_scalar,sample=29,inner=8,items=1,raw_cycles=1078664
PROFILE_SAMPLE,param=256s,config=mve_compact,backend=mve,matvec=compact,operation=aim3_mpc_scalar,sample=30,inner=8,items=1,raw_cycles=1078664
PROFILE_RESULT,param=256s,config=mve_compact,backend=mve,matvec=compact,operation=aim3_mpc_scalar,samples=31,inner=8,items=1,min=134833.00,median=134833.00,mean=134842.85,stddev=38.27,max=135030.62,cycles_per_item_mean=134842.85
PROFILE_PASS,param=256s,config=mve_compact,backend=mve,matvec=compact,checksum=38f0405d29053074
TEST_EXIT=0
