PAPER_M55_CONTEXT,result_dir=/Users/seungwon/AIMer3_on_AVX512/m55/benchmarks/results/paper-final-ref-mve-20260906-151313,source_sha256=d5a9217638ee84f7d9f5243875243052c95d5d6c224578e33e0548304ef6457e,command=make -B -C /Users/seungwon/AIMer3_on_AVX512/m55 PARAM=192f BACKEND=mve MATVEC=mve TEST=benchmark MEMORY=full SIGN_SCHEDULE=lowmem STACK_USAGE=1 BENCH_KERNEL_SAMPLES=31 BENCH_KERNEL_INNER=64 BENCH_E2E_SAMPLES=50 BENCH_WARMUP=10 run-board ARM_GCC_DIR=/Users/seungwon/test/.tools/xpack-arm-none-eabi-gcc-15.2.1-1.1/bin CUBE_N6_DIR=/Users/seungwon/STM32CubeN6 CORTEXCTL=/Users/Shared/cortexctl OPENOCD=/Users/seungwon/test/.tools/xpack-openocd-0.12.0-7/bin/openocd OPENOCD_SCRIPTS=/Users/seungwon/test/.tools/xpack-openocd-0.12.0-7/openocd/scripts OPENOCD_TARGET_SCRIPTS=/Users/seungwon/test/.tools/openocd-scripts 
/Users/seungwon/test/.tools/xpack-arm-none-eabi-gcc-15.2.1-1.1/bin/arm-none-eabi-gcc -DAIMER_MVE_BATCH -DAIMER_M55_MVE_MATVEC -DAIMER_BENCHMARK -DPARAMS=192f -DAIMER_BACKEND=mve -DAIMER_MATVEC=mve -DAIMER_CONFIG=mve_affine -DBENCH_KERNEL_SAMPLES=31 -DBENCH_E2E_SAMPLES=50 -DBENCH_KERNEL_INNER=64 -DBENCH_WARMUP=10 -DPROFILE_SAMPLES=31 -DPROFILE_KERNEL_INNER=64 -DPROFILE_COMPLEX_INNER=8 -DUSE_HAL_DRIVER -DSTM32N657xx -Iinclude -I../common/src/sig/aimer/reference/aimer-192f -I../common/src -I/Users/seungwon/STM32CubeN6/Projects/NUCLEO-N657X0-Q/Templates/Template/FSBL/Inc -I/Users/seungwon/STM32CubeN6/Drivers/CMSIS/Include -I/Users/seungwon/STM32CubeN6/Drivers/CMSIS/Device/ST/STM32N6xx/Include -I/Users/seungwon/STM32CubeN6/Drivers/STM32N6xx_HAL_Driver/Inc -I/Users/seungwon/STM32CubeN6/Drivers/STM32N6xx_HAL_Driver/Inc/Legacy -O3 -std=c11 -fno-common -ffunction-sections -fdata-sections -fno-tree-vectorize -fno-tree-slp-vectorize -MMD -MP --specs=nosys.specs -Wall -Wextra -Wshadow -Wconversion -Wstrict-prototypes -mcpu=cortex-m55 -mthumb -mfloat-abi=hard -mcmse -fstack-usage -c benchmarks/benchmark.c -o build/full/192f/mve-affine/benchmark/benchmark.c.o
/Users/seungwon/test/.tools/xpack-arm-none-eabi-gcc-15.2.1-1.1/bin/arm-none-eabi-gcc -DAIMER_MVE_BATCH -DAIMER_M55_MVE_MATVEC -DAIMER_BENCHMARK -DPARAMS=192f -DAIMER_BACKEND=mve -DAIMER_MATVEC=mve -DAIMER_CONFIG=mve_affine -DBENCH_KERNEL_SAMPLES=31 -DBENCH_E2E_SAMPLES=50 -DBENCH_KERNEL_INNER=64 -DBENCH_WARMUP=10 -DPROFILE_SAMPLES=31 -DPROFILE_KERNEL_INNER=64 -DPROFILE_COMPLEX_INNER=8 -DUSE_HAL_DRIVER -DSTM32N657xx -Iinclude -I../common/src/sig/aimer/reference/aimer-192f -I../common/src -I/Users/seungwon/STM32CubeN6/Projects/NUCLEO-N657X0-Q/Templates/Template/FSBL/Inc -I/Users/seungwon/STM32CubeN6/Drivers/CMSIS/Include -I/Users/seungwon/STM32CubeN6/Drivers/CMSIS/Device/ST/STM32N6xx/Include -I/Users/seungwon/STM32CubeN6/Drivers/STM32N6xx_HAL_Driver/Inc -I/Users/seungwon/STM32CubeN6/Drivers/STM32N6xx_HAL_Driver/Inc/Legacy -O3 -std=c11 -fno-common -ffunction-sections -fdata-sections -fno-tree-vectorize -fno-tree-slp-vectorize -MMD -MP --specs=nosys.specs -Wall -Wextra -Wshadow -Wconversion -Wstrict-prototypes -mcpu=cortex-m55 -mthumb -mfloat-abi=hard -mcmse -fstack-usage -c src/lowmem/sign_low_memory.c -o build/full/192f/mve-affine/benchmark/sign_low_memory.c.o
/Users/seungwon/test/.tools/xpack-arm-none-eabi-gcc-15.2.1-1.1/bin/arm-none-eabi-gcc -DAIMER_MVE_BATCH -DAIMER_M55_MVE_MATVEC -DAIMER_BENCHMARK -DPARAMS=192f -DAIMER_BACKEND=mve -DAIMER_MATVEC=mve -DAIMER_CONFIG=mve_affine -DBENCH_KERNEL_SAMPLES=31 -DBENCH_E2E_SAMPLES=50 -DBENCH_KERNEL_INNER=64 -DBENCH_WARMUP=10 -DPROFILE_SAMPLES=31 -DPROFILE_KERNEL_INNER=64 -DPROFILE_COMPLEX_INNER=8 -DUSE_HAL_DRIVER -DSTM32N657xx -Iinclude -I../common/src/sig/aimer/reference/aimer-192f -I../common/src -I/Users/seungwon/STM32CubeN6/Projects/NUCLEO-N657X0-Q/Templates/Template/FSBL/Inc -I/Users/seungwon/STM32CubeN6/Drivers/CMSIS/Include -I/Users/seungwon/STM32CubeN6/Drivers/CMSIS/Device/ST/STM32N6xx/Include -I/Users/seungwon/STM32CubeN6/Drivers/STM32N6xx_HAL_Driver/Inc -I/Users/seungwon/STM32CubeN6/Drivers/STM32N6xx_HAL_Driver/Inc/Legacy -O3 -std=c11 -fno-common -ffunction-sections -fdata-sections -fno-tree-vectorize -fno-tree-slp-vectorize -MMD -MP --specs=nosys.specs -Wall -Wextra -Wshadow -Wconversion -Wstrict-prototypes -mcpu=cortex-m55 -mthumb -mfloat-abi=hard -mcmse -fstack-usage -c src/lowmem/verify_batch.c -o build/full/192f/mve-affine/benchmark/verify_batch.c.o
/Users/seungwon/test/.tools/xpack-arm-none-eabi-gcc-15.2.1-1.1/bin/arm-none-eabi-gcc -DAIMER_MVE_BATCH -DAIMER_M55_MVE_MATVEC -DAIMER_BENCHMARK -DPARAMS=192f -DAIMER_BACKEND=mve -DAIMER_MATVEC=mve -DAIMER_CONFIG=mve_affine -DBENCH_KERNEL_SAMPLES=31 -DBENCH_E2E_SAMPLES=50 -DBENCH_KERNEL_INNER=64 -DBENCH_WARMUP=10 -DPROFILE_SAMPLES=31 -DPROFILE_KERNEL_INNER=64 -DPROFILE_COMPLEX_INNER=8 -DUSE_HAL_DRIVER -DSTM32N657xx -Iinclude -I../common/src/sig/aimer/reference/aimer-192f -I../common/src -I/Users/seungwon/STM32CubeN6/Projects/NUCLEO-N657X0-Q/Templates/Template/FSBL/Inc -I/Users/seungwon/STM32CubeN6/Drivers/CMSIS/Include -I/Users/seungwon/STM32CubeN6/Drivers/CMSIS/Device/ST/STM32N6xx/Include -I/Users/seungwon/STM32CubeN6/Drivers/STM32N6xx_HAL_Driver/Inc -I/Users/seungwon/STM32CubeN6/Drivers/STM32N6xx_HAL_Driver/Inc/Legacy -O3 -std=c11 -fno-common -ffunction-sections -fdata-sections -fno-tree-vectorize -fno-tree-slp-vectorize -MMD -MP --specs=nosys.specs -Wall -Wextra -Wshadow -Wconversion -Wstrict-prototypes -mcpu=cortex-m55 -mthumb -mfloat-abi=hard -mcmse -fstack-usage -c src/mve/field_batch.c -o build/full/192f/mve-affine/benchmark/field_batch.c.o
/Users/seungwon/test/.tools/xpack-arm-none-eabi-gcc-15.2.1-1.1/bin/arm-none-eabi-gcc -DAIMER_MVE_BATCH -DAIMER_M55_MVE_MATVEC -DAIMER_BENCHMARK -DPARAMS=192f -DAIMER_BACKEND=mve -DAIMER_MATVEC=mve -DAIMER_CONFIG=mve_affine -DBENCH_KERNEL_SAMPLES=31 -DBENCH_E2E_SAMPLES=50 -DBENCH_KERNEL_INNER=64 -DBENCH_WARMUP=10 -DPROFILE_SAMPLES=31 -DPROFILE_KERNEL_INNER=64 -DPROFILE_COMPLEX_INNER=8 -DUSE_HAL_DRIVER -DSTM32N657xx -Iinclude -I../common/src/sig/aimer/reference/aimer-192f -I../common/src -I/Users/seungwon/STM32CubeN6/Projects/NUCLEO-N657X0-Q/Templates/Template/FSBL/Inc -I/Users/seungwon/STM32CubeN6/Drivers/CMSIS/Include -I/Users/seungwon/STM32CubeN6/Drivers/CMSIS/Device/ST/STM32N6xx/Include -I/Users/seungwon/STM32CubeN6/Drivers/STM32N6xx_HAL_Driver/Inc -I/Users/seungwon/STM32CubeN6/Drivers/STM32N6xx_HAL_Driver/Inc/Legacy -O3 -std=c11 -fno-common -ffunction-sections -fdata-sections -fno-tree-vectorize -fno-tree-slp-vectorize -MMD -MP --specs=nosys.specs -Wall -Wextra -Wshadow -Wconversion -Wstrict-prototypes -mcpu=cortex-m55 -mthumb -mfloat-abi=hard -mcmse -fstack-usage -c src/mve/mpc_batch.c -o build/full/192f/mve-affine/benchmark/mpc_batch.c.o
/Users/seungwon/test/.tools/xpack-arm-none-eabi-gcc-15.2.1-1.1/bin/arm-none-eabi-gcc -DAIMER_MVE_BATCH -DAIMER_M55_MVE_MATVEC -DAIMER_BENCHMARK -DPARAMS=192f -DAIMER_BACKEND=mve -DAIMER_MATVEC=mve -DAIMER_CONFIG=mve_affine -DBENCH_KERNEL_SAMPLES=31 -DBENCH_E2E_SAMPLES=50 -DBENCH_KERNEL_INNER=64 -DBENCH_WARMUP=10 -DPROFILE_SAMPLES=31 -DPROFILE_KERNEL_INNER=64 -DPROFILE_COMPLEX_INNER=8 -DUSE_HAL_DRIVER -DSTM32N657xx -Iinclude -I../common/src/sig/aimer/reference/aimer-192f -I../common/src -I/Users/seungwon/STM32CubeN6/Projects/NUCLEO-N657X0-Q/Templates/Template/FSBL/Inc -I/Users/seungwon/STM32CubeN6/Drivers/CMSIS/Include -I/Users/seungwon/STM32CubeN6/Drivers/CMSIS/Device/ST/STM32N6xx/Include -I/Users/seungwon/STM32CubeN6/Drivers/STM32N6xx_HAL_Driver/Inc -I/Users/seungwon/STM32CubeN6/Drivers/STM32N6xx_HAL_Driver/Inc/Legacy -O3 -std=c11 -fno-common -ffunction-sections -fdata-sections -fno-tree-vectorize -fno-tree-slp-vectorize -MMD -MP --specs=nosys.specs -Wall -Wextra -Wshadow -Wconversion -Wstrict-prototypes -mcpu=cortex-m55 -mthumb -mfloat-abi=hard -mcmse -fstack-usage -c ../common/src/sig/aimer/reference/aimer-192f/aim3.c -o build/full/192f/mve-affine/benchmark/aim3.c.o
/Users/seungwon/test/.tools/xpack-arm-none-eabi-gcc-15.2.1-1.1/bin/arm-none-eabi-gcc -DAIMER_MVE_BATCH -DAIMER_M55_MVE_MATVEC -DAIMER_BENCHMARK -DPARAMS=192f -DAIMER_BACKEND=mve -DAIMER_MATVEC=mve -DAIMER_CONFIG=mve_affine -DBENCH_KERNEL_SAMPLES=31 -DBENCH_E2E_SAMPLES=50 -DBENCH_KERNEL_INNER=64 -DBENCH_WARMUP=10 -DPROFILE_SAMPLES=31 -DPROFILE_KERNEL_INNER=64 -DPROFILE_COMPLEX_INNER=8 -DUSE_HAL_DRIVER -DSTM32N657xx -Iinclude -I../common/src/sig/aimer/reference/aimer-192f -I../common/src -I/Users/seungwon/STM32CubeN6/Projects/NUCLEO-N657X0-Q/Templates/Template/FSBL/Inc -I/Users/seungwon/STM32CubeN6/Drivers/CMSIS/Include -I/Users/seungwon/STM32CubeN6/Drivers/CMSIS/Device/ST/STM32N6xx/Include -I/Users/seungwon/STM32CubeN6/Drivers/STM32N6xx_HAL_Driver/Inc -I/Users/seungwon/STM32CubeN6/Drivers/STM32N6xx_HAL_Driver/Inc/Legacy -O3 -std=c11 -fno-common -ffunction-sections -fdata-sections -fno-tree-vectorize -fno-tree-slp-vectorize -MMD -MP --specs=nosys.specs -Wall -Wextra -Wshadow -Wconversion -Wstrict-prototypes -mcpu=cortex-m55 -mthumb -mfloat-abi=hard -mcmse -fstack-usage -c ../common/src/sig/aimer/reference/aimer-192f/hash.c -o build/full/192f/mve-affine/benchmark/hash.c.o
/Users/seungwon/test/.tools/xpack-arm-none-eabi-gcc-15.2.1-1.1/bin/arm-none-eabi-gcc -DAIMER_MVE_BATCH -DAIMER_M55_MVE_MATVEC -DAIMER_BENCHMARK -DPARAMS=192f -DAIMER_BACKEND=mve -DAIMER_MATVEC=mve -DAIMER_CONFIG=mve_affine -DBENCH_KERNEL_SAMPLES=31 -DBENCH_E2E_SAMPLES=50 -DBENCH_KERNEL_INNER=64 -DBENCH_WARMUP=10 -DPROFILE_SAMPLES=31 -DPROFILE_KERNEL_INNER=64 -DPROFILE_COMPLEX_INNER=8 -DUSE_HAL_DRIVER -DSTM32N657xx -Iinclude -I../common/src/sig/aimer/reference/aimer-192f -I../common/src -I/Users/seungwon/STM32CubeN6/Projects/NUCLEO-N657X0-Q/Templates/Template/FSBL/Inc -I/Users/seungwon/STM32CubeN6/Drivers/CMSIS/Include -I/Users/seungwon/STM32CubeN6/Drivers/CMSIS/Device/ST/STM32N6xx/Include -I/Users/seungwon/STM32CubeN6/Drivers/STM32N6xx_HAL_Driver/Inc -I/Users/seungwon/STM32CubeN6/Drivers/STM32N6xx_HAL_Driver/Inc/Legacy -O3 -std=c11 -fno-common -ffunction-sections -fdata-sections -fno-tree-vectorize -fno-tree-slp-vectorize -MMD -MP --specs=nosys.specs -Wall -Wextra -Wshadow -Wconversion -Wstrict-prototypes -mcpu=cortex-m55 -mthumb -mfloat-abi=hard -mcmse -fstack-usage -c ../common/src/sig/aimer/reference/aimer-192f/sign.c -o build/full/192f/mve-affine/benchmark/sign.c.o
../common/src/sig/aimer/reference/aimer-192f/sign.c: In function 'samsungsds_aimer_192f_ref_crypto_sign_signature':
../common/src/sig/aimer/reference/aimer-192f/sign.c:409:15: warning: conversion from 'size_t' {aka 'unsigned int'} to 'uint8_t' {aka 'unsigned char'} may change value [-Wconversion]
  409 |   prefix[0] = ctxlen;
      |               ^~~~~~
../common/src/sig/aimer/reference/aimer-192f/sign.c: In function 'samsungsds_aimer_192f_ref_crypto_sign_verify':
../common/src/sig/aimer/reference/aimer-192f/sign.c:675:15: warning: conversion from 'size_t' {aka 'unsigned int'} to 'uint8_t' {aka 'unsigned char'} may change value [-Wconversion]
  675 |   prefix[0] = ctxlen;
      |               ^~~~~~
/Users/seungwon/test/.tools/xpack-arm-none-eabi-gcc-15.2.1-1.1/bin/arm-none-eabi-gcc -DAIMER_MVE_BATCH -DAIMER_M55_MVE_MATVEC -DAIMER_BENCHMARK -DPARAMS=192f -DAIMER_BACKEND=mve -DAIMER_MATVEC=mve -DAIMER_CONFIG=mve_affine -DBENCH_KERNEL_SAMPLES=31 -DBENCH_E2E_SAMPLES=50 -DBENCH_KERNEL_INNER=64 -DBENCH_WARMUP=10 -DPROFILE_SAMPLES=31 -DPROFILE_KERNEL_INNER=64 -DPROFILE_COMPLEX_INNER=8 -DUSE_HAL_DRIVER -DSTM32N657xx -Iinclude -I../common/src/sig/aimer/reference/aimer-192f -I../common/src -I/Users/seungwon/STM32CubeN6/Projects/NUCLEO-N657X0-Q/Templates/Template/FSBL/Inc -I/Users/seungwon/STM32CubeN6/Drivers/CMSIS/Include -I/Users/seungwon/STM32CubeN6/Drivers/CMSIS/Device/ST/STM32N6xx/Include -I/Users/seungwon/STM32CubeN6/Drivers/STM32N6xx_HAL_Driver/Inc -I/Users/seungwon/STM32CubeN6/Drivers/STM32N6xx_HAL_Driver/Inc/Legacy -O3 -std=c11 -fno-common -ffunction-sections -fdata-sections -fno-tree-vectorize -fno-tree-slp-vectorize -MMD -MP --specs=nosys.specs -Wall -Wextra -Wshadow -Wconversion -Wstrict-prototypes -mcpu=cortex-m55 -mthumb -mfloat-abi=hard -mcmse -fstack-usage -c ../common/src/sig/aimer/reference/aimer-192f/tree.c -o build/full/192f/mve-affine/benchmark/tree.c.o
/Users/seungwon/test/.tools/xpack-arm-none-eabi-gcc-15.2.1-1.1/bin/arm-none-eabi-gcc -DAIMER_MVE_BATCH -DAIMER_M55_MVE_MATVEC -DAIMER_BENCHMARK -DPARAMS=192f -DAIMER_BACKEND=mve -DAIMER_MATVEC=mve -DAIMER_CONFIG=mve_affine -DBENCH_KERNEL_SAMPLES=31 -DBENCH_E2E_SAMPLES=50 -DBENCH_KERNEL_INNER=64 -DBENCH_WARMUP=10 -DPROFILE_SAMPLES=31 -DPROFILE_KERNEL_INNER=64 -DPROFILE_COMPLEX_INNER=8 -DUSE_HAL_DRIVER -DSTM32N657xx -Iinclude -I../common/src/sig/aimer/reference/aimer-192f -I../common/src -I/Users/seungwon/STM32CubeN6/Projects/NUCLEO-N657X0-Q/Templates/Template/FSBL/Inc -I/Users/seungwon/STM32CubeN6/Drivers/CMSIS/Include -I/Users/seungwon/STM32CubeN6/Drivers/CMSIS/Device/ST/STM32N6xx/Include -I/Users/seungwon/STM32CubeN6/Drivers/STM32N6xx_HAL_Driver/Inc -I/Users/seungwon/STM32CubeN6/Drivers/STM32N6xx_HAL_Driver/Inc/Legacy -O3 -std=c11 -fno-common -ffunction-sections -fdata-sections -fno-tree-vectorize -fno-tree-slp-vectorize -MMD -MP --specs=nosys.specs -Wall -Wextra -Wshadow -Wconversion -Wstrict-prototypes -mcpu=cortex-m55 -mthumb -mfloat-abi=hard -mcmse -fstack-usage -c ../common/src/sig/aimer/reference/aimer-192f/field_common.c -o build/full/192f/mve-affine/benchmark/field_common.c.o
../common/src/sig/aimer/reference/aimer-192f/field_common.c: In function 'samsungsds_aimer_192f_ref_gf_from_bytes':
../common/src/sig/aimer/reference/aimer-192f/field_common.c:28:31: warning: conversion to 'size_t' {aka 'unsigned int'} from 'int' may change the sign of the result [-Wsign-conversion]
   28 |       u = (u << 8) | in[8 * i + j];
      |                               ^
/Users/seungwon/test/.tools/xpack-arm-none-eabi-gcc-15.2.1-1.1/bin/arm-none-eabi-gcc -DAIMER_MVE_BATCH -DAIMER_M55_MVE_MATVEC -DAIMER_BENCHMARK -DPARAMS=192f -DAIMER_BACKEND=mve -DAIMER_MATVEC=mve -DAIMER_CONFIG=mve_affine -DBENCH_KERNEL_SAMPLES=31 -DBENCH_E2E_SAMPLES=50 -DBENCH_KERNEL_INNER=64 -DBENCH_WARMUP=10 -DPROFILE_SAMPLES=31 -DPROFILE_KERNEL_INNER=64 -DPROFILE_COMPLEX_INNER=8 -DUSE_HAL_DRIVER -DSTM32N657xx -Iinclude -I../common/src/sig/aimer/reference/aimer-192f -I../common/src -I/Users/seungwon/STM32CubeN6/Projects/NUCLEO-N657X0-Q/Templates/Template/FSBL/Inc -I/Users/seungwon/STM32CubeN6/Drivers/CMSIS/Include -I/Users/seungwon/STM32CubeN6/Drivers/CMSIS/Device/ST/STM32N6xx/Include -I/Users/seungwon/STM32CubeN6/Drivers/STM32N6xx_HAL_Driver/Inc -I/Users/seungwon/STM32CubeN6/Drivers/STM32N6xx_HAL_Driver/Inc/Legacy -O3 -std=c11 -fno-common -ffunction-sections -fdata-sections -fno-tree-vectorize -fno-tree-slp-vectorize -MMD -MP --specs=nosys.specs -Wall -Wextra -Wshadow -Wconversion -Wstrict-prototypes -mcpu=cortex-m55 -mthumb -mfloat-abi=hard -mcmse -fstack-usage -c src/mve/field_mve.c -o build/full/192f/mve-affine/benchmark/field_mve.c.o
/Users/seungwon/test/.tools/xpack-arm-none-eabi-gcc-15.2.1-1.1/bin/arm-none-eabi-gcc -DAIMER_MVE_BATCH -DAIMER_M55_MVE_MATVEC -DAIMER_BENCHMARK -DPARAMS=192f -DAIMER_BACKEND=mve -DAIMER_MATVEC=mve -DAIMER_CONFIG=mve_affine -DBENCH_KERNEL_SAMPLES=31 -DBENCH_E2E_SAMPLES=50 -DBENCH_KERNEL_INNER=64 -DBENCH_WARMUP=10 -DPROFILE_SAMPLES=31 -DPROFILE_KERNEL_INNER=64 -DPROFILE_COMPLEX_INNER=8 -DUSE_HAL_DRIVER -DSTM32N657xx -Iinclude -I../common/src/sig/aimer/reference/aimer-192f -I../common/src -I/Users/seungwon/STM32CubeN6/Projects/NUCLEO-N657X0-Q/Templates/Template/FSBL/Inc -I/Users/seungwon/STM32CubeN6/Drivers/CMSIS/Include -I/Users/seungwon/STM32CubeN6/Drivers/CMSIS/Device/ST/STM32N6xx/Include -I/Users/seungwon/STM32CubeN6/Drivers/STM32N6xx_HAL_Driver/Inc -I/Users/seungwon/STM32CubeN6/Drivers/STM32N6xx_HAL_Driver/Inc/Legacy -O3 -std=c11 -fno-common -ffunction-sections -fdata-sections -fno-tree-vectorize -fno-tree-slp-vectorize -MMD -MP --specs=nosys.specs -Wall -Wextra -Wshadow -Wconversion -Wstrict-prototypes -mcpu=cortex-m55 -mthumb -mfloat-abi=hard -mcmse -fstack-usage -c src/mve/matvec_mve.c -o build/full/192f/mve-affine/benchmark/matvec_mve.c.o
/Users/seungwon/test/.tools/xpack-arm-none-eabi-gcc-15.2.1-1.1/bin/arm-none-eabi-gcc -DAIMER_MVE_BATCH -DAIMER_M55_MVE_MATVEC -DAIMER_BENCHMARK -DPARAMS=192f -DAIMER_BACKEND=mve -DAIMER_MATVEC=mve -DAIMER_CONFIG=mve_affine -DBENCH_KERNEL_SAMPLES=31 -DBENCH_E2E_SAMPLES=50 -DBENCH_KERNEL_INNER=64 -DBENCH_WARMUP=10 -DPROFILE_SAMPLES=31 -DPROFILE_KERNEL_INNER=64 -DPROFILE_COMPLEX_INNER=8 -DUSE_HAL_DRIVER -DSTM32N657xx -Iinclude -I../common/src/sig/aimer/reference/aimer-192f -I../common/src -I/Users/seungwon/STM32CubeN6/Projects/NUCLEO-N657X0-Q/Templates/Template/FSBL/Inc -I/Users/seungwon/STM32CubeN6/Drivers/CMSIS/Include -I/Users/seungwon/STM32CubeN6/Drivers/CMSIS/Device/ST/STM32N6xx/Include -I/Users/seungwon/STM32CubeN6/Drivers/STM32N6xx_HAL_Driver/Inc -I/Users/seungwon/STM32CubeN6/Drivers/STM32N6xx_HAL_Driver/Inc/Legacy -O3 -std=c11 -fno-common -ffunction-sections -fdata-sections -fno-tree-vectorize -fno-tree-slp-vectorize -MMD -MP --specs=nosys.specs -Wall -Wextra -Wshadow -Wconversion -Wstrict-prototypes -mcpu=cortex-m55 -mthumb -mfloat-abi=hard -mcmse -fstack-usage -c ../common/src/common/aes.c -o build/full/192f/mve-affine/benchmark/aes.c.o
/Users/seungwon/test/.tools/xpack-arm-none-eabi-gcc-15.2.1-1.1/bin/arm-none-eabi-gcc -DAIMER_MVE_BATCH -DAIMER_M55_MVE_MATVEC -DAIMER_BENCHMARK -DPARAMS=192f -DAIMER_BACKEND=mve -DAIMER_MATVEC=mve -DAIMER_CONFIG=mve_affine -DBENCH_KERNEL_SAMPLES=31 -DBENCH_E2E_SAMPLES=50 -DBENCH_KERNEL_INNER=64 -DBENCH_WARMUP=10 -DPROFILE_SAMPLES=31 -DPROFILE_KERNEL_INNER=64 -DPROFILE_COMPLEX_INNER=8 -DUSE_HAL_DRIVER -DSTM32N657xx -Iinclude -I../common/src/sig/aimer/reference/aimer-192f -I../common/src -I/Users/seungwon/STM32CubeN6/Projects/NUCLEO-N657X0-Q/Templates/Template/FSBL/Inc -I/Users/seungwon/STM32CubeN6/Drivers/CMSIS/Include -I/Users/seungwon/STM32CubeN6/Drivers/CMSIS/Device/ST/STM32N6xx/Include -I/Users/seungwon/STM32CubeN6/Drivers/STM32N6xx_HAL_Driver/Inc -I/Users/seungwon/STM32CubeN6/Drivers/STM32N6xx_HAL_Driver/Inc/Legacy -O3 -std=c11 -fno-common -ffunction-sections -fdata-sections -fno-tree-vectorize -fno-tree-slp-vectorize -MMD -MP --specs=nosys.specs -Wall -Wextra -Wshadow -Wconversion -Wstrict-prototypes -mcpu=cortex-m55 -mthumb -mfloat-abi=hard -mcmse -fstack-usage -c ../common/src/common/fips202.c -o build/full/192f/mve-affine/benchmark/fips202.c.o
/Users/seungwon/test/.tools/xpack-arm-none-eabi-gcc-15.2.1-1.1/bin/arm-none-eabi-gcc -DAIMER_MVE_BATCH -DAIMER_M55_MVE_MATVEC -DAIMER_BENCHMARK -DPARAMS=192f -DAIMER_BACKEND=mve -DAIMER_MATVEC=mve -DAIMER_CONFIG=mve_affine -DBENCH_KERNEL_SAMPLES=31 -DBENCH_E2E_SAMPLES=50 -DBENCH_KERNEL_INNER=64 -DBENCH_WARMUP=10 -DPROFILE_SAMPLES=31 -DPROFILE_KERNEL_INNER=64 -DPROFILE_COMPLEX_INNER=8 -DUSE_HAL_DRIVER -DSTM32N657xx -Iinclude -I../common/src/sig/aimer/reference/aimer-192f -I../common/src -I/Users/seungwon/STM32CubeN6/Projects/NUCLEO-N657X0-Q/Templates/Template/FSBL/Inc -I/Users/seungwon/STM32CubeN6/Drivers/CMSIS/Include -I/Users/seungwon/STM32CubeN6/Drivers/CMSIS/Device/ST/STM32N6xx/Include -I/Users/seungwon/STM32CubeN6/Drivers/STM32N6xx_HAL_Driver/Inc -I/Users/seungwon/STM32CubeN6/Drivers/STM32N6xx_HAL_Driver/Inc/Legacy -O3 -std=c11 -fno-common -ffunction-sections -fdata-sections -fno-tree-vectorize -fno-tree-slp-vectorize -MMD -MP --specs=nosys.specs -Wall -Wextra -Wshadow -Wconversion -Wstrict-prototypes -mcpu=cortex-m55 -mthumb -mfloat-abi=hard -mcmse -fstack-usage -c ../common/src/common/rng.c -o build/full/192f/mve-affine/benchmark/rng.c.o
../common/src/common/rng.c: In function 'seedexpander_init':
../common/src/common/rng.c:30:17: warning: comparison is always false due to limited range of data type [-Wtype-limits]
   30 |     if ( maxlen >= 0x100000000 )
      |                 ^~
../common/src/common/rng.c: In function 'seedexpander':
../common/src/common/rng.c:73:19: warning: comparison of integer expressions of different signedness: 'long unsigned int' and 'int' [-Wsign-compare]
   73 |         if ( xlen <= (16-ctx->buffer_pos) ) { // buffer has what we need
      |                   ^~
../common/src/common/rng.c:75:29: warning: conversion to 'long unsigned int' from 'int' may change the sign of the result [-Wsign-conversion]
   75 |             ctx->buffer_pos += xlen;
      |                             ^~
../common/src/common/rng.c:75:32: warning: conversion to 'int' from 'long unsigned int' may change the sign of the result [-Wsign-conversion]
   75 |             ctx->buffer_pos += xlen;
      |                                ^~~~
../common/src/common/rng.c:81:57: warning: conversion to 'size_t' {aka 'unsigned int'} from 'int' may change the sign of the result [-Wsign-conversion]
   81 |         memcpy(x+offset, ctx->buffer+ctx->buffer_pos, 16-ctx->buffer_pos);
      |                                                       ~~^~~~~~~~~~~~~~~~
../common/src/common/rng.c:82:14: warning: conversion to 'long unsigned int' from 'int' may change the sign of the result [-Wsign-conversion]
   82 |         xlen -= 16-ctx->buffer_pos;
      |              ^~
../common/src/common/rng.c:83:16: warning: conversion to 'long unsigned int' from 'int' may change the sign of the result [-Wsign-conversion]
   83 |         offset += 16-ctx->buffer_pos;
      |                ^~
../common/src/common/rng.c: In function 'randombytes_init':
../common/src/common/rng.c:127:22: warning: unused parameter 'security_strength' [-Wunused-parameter]
  127 |                  int security_strength)
      |                  ~~~~^~~~~~~~~~~~~~~~~
../common/src/common/rng.c: In function 'randombytes':
../common/src/common/rng.c:164:32: warning: conversion from 'long long unsigned int' to 'size_t' {aka 'unsigned int'} may change value [-Wconversion]
  164 |             memcpy(x+i, block, xlen);
      |                                ^~~~
/Users/seungwon/test/.tools/xpack-arm-none-eabi-gcc-15.2.1-1.1/bin/arm-none-eabi-gcc -DAIMER_MVE_BATCH -DAIMER_M55_MVE_MATVEC -DAIMER_BENCHMARK -DPARAMS=192f -DAIMER_BACKEND=mve -DAIMER_MATVEC=mve -DAIMER_CONFIG=mve_affine -DBENCH_KERNEL_SAMPLES=31 -DBENCH_E2E_SAMPLES=50 -DBENCH_KERNEL_INNER=64 -DBENCH_WARMUP=10 -DPROFILE_SAMPLES=31 -DPROFILE_KERNEL_INNER=64 -DPROFILE_COMPLEX_INNER=8 -DUSE_HAL_DRIVER -DSTM32N657xx -Iinclude -I../common/src/sig/aimer/reference/aimer-192f -I../common/src -I/Users/seungwon/STM32CubeN6/Projects/NUCLEO-N657X0-Q/Templates/Template/FSBL/Inc -I/Users/seungwon/STM32CubeN6/Drivers/CMSIS/Include -I/Users/seungwon/STM32CubeN6/Drivers/CMSIS/Device/ST/STM32N6xx/Include -I/Users/seungwon/STM32CubeN6/Drivers/STM32N6xx_HAL_Driver/Inc -I/Users/seungwon/STM32CubeN6/Drivers/STM32N6xx_HAL_Driver/Inc/Legacy -O3 -std=c11 -fno-common -ffunction-sections -fdata-sections -fno-tree-vectorize -fno-tree-slp-vectorize -MMD -MP --specs=nosys.specs -Wall -Wextra -Wshadow -Wconversion -Wstrict-prototypes -mcpu=cortex-m55 -mthumb -mfloat-abi=hard -mcmse -fstack-usage -c platform/nucleo-n657x0-q/platform.c -o build/full/192f/mve-affine/benchmark/platform.c.o
In file included from /Users/seungwon/STM32CubeN6/Drivers/CMSIS/Include/core_cm55.h:4605,
                 from /Users/seungwon/STM32CubeN6/Drivers/CMSIS/Device/ST/STM32N6xx/Include/stm32n657xx.h:281,
                 from /Users/seungwon/STM32CubeN6/Drivers/CMSIS/Device/ST/STM32N6xx/Include/stm32n6xx.h:87,
                 from /Users/seungwon/STM32CubeN6/Drivers/STM32N6xx_HAL_Driver/Inc/stm32n6xx_hal_def.h:33,
                 from /Users/seungwon/STM32CubeN6/Drivers/STM32N6xx_HAL_Driver/Inc/stm32n6xx_hal_rcc.h:28,
                 from /Users/seungwon/STM32CubeN6/Projects/NUCLEO-N657X0-Q/Templates/Template/FSBL/Inc/stm32n6xx_hal_conf.h:253,
                 from /Users/seungwon/STM32CubeN6/Drivers/STM32N6xx_HAL_Driver/Inc/stm32n6xx_hal.h:29,
                 from platform/nucleo-n657x0-q/platform.c:5:
/Users/seungwon/STM32CubeN6/Drivers/CMSIS/Include/m-profile/armv7m_cachel1.h: In function 'SCB_InvalidateICache_by_Addr':
/Users/seungwon/STM32CubeN6/Drivers/CMSIS/Include/m-profile/armv7m_cachel1.h:117:32: warning: conversion to 'long unsigned int' from 'int32_t' {aka 'long int'} may change the sign of the result [-Wsign-conversion]
  117 |        int32_t op_size = isize + (((uint32_t)addr) & (__SCB_ICACHE_LINE_SIZE - 1U));
      |                                ^
/Users/seungwon/STM32CubeN6/Drivers/CMSIS/Include/m-profile/armv7m_cachel1.h:117:26: warning: conversion to 'int32_t' {aka 'long int'} from 'long unsigned int' may change the sign of the result [-Wsign-conversion]
  117 |        int32_t op_size = isize + (((uint32_t)addr) & (__SCB_ICACHE_LINE_SIZE - 1U));
      |                          ^~~~~
/Users/seungwon/STM32CubeN6/Drivers/CMSIS/Include/m-profile/armv7m_cachel1.h:125:17: warning: conversion to 'long unsigned int' from 'int32_t' {aka 'long int'} may change the sign of the result [-Wsign-conversion]
  125 |         op_size -= __SCB_ICACHE_LINE_SIZE;
      |                 ^~
/Users/seungwon/STM32CubeN6/Drivers/CMSIS/Include/m-profile/armv7m_cachel1.h:48:33: warning: conversion to 'int32_t' {aka 'long int'} from 'long unsigned int' may change the sign of the result [-Wsign-conversion]
   48 | #define __SCB_ICACHE_LINE_SIZE  32U /*!< Cortex-M7 cache line size is fixed to 32 bytes (8 words). See also register SCB_CCSIDR */
      |                                 ^~~
/Users/seungwon/STM32CubeN6/Drivers/CMSIS/Include/m-profile/armv7m_cachel1.h:125:20: note: in expansion of macro '__SCB_ICACHE_LINE_SIZE'
  125 |         op_size -= __SCB_ICACHE_LINE_SIZE;
      |                    ^~~~~~~~~~~~~~~~~~~~~~
/Users/seungwon/STM32CubeN6/Drivers/CMSIS/Include/m-profile/armv7m_cachel1.h: In function 'SCB_InvalidateDCache_by_Addr':
/Users/seungwon/STM32CubeN6/Drivers/CMSIS/Include/m-profile/armv7m_cachel1.h:360:32: warning: conversion to 'long unsigned int' from 'int32_t' {aka 'long int'} may change the sign of the result [-Wsign-conversion]
  360 |        int32_t op_size = dsize + (((uint32_t)addr) & (__SCB_DCACHE_LINE_SIZE - 1U));
      |                                ^
/Users/seungwon/STM32CubeN6/Drivers/CMSIS/Include/m-profile/armv7m_cachel1.h:360:26: warning: conversion to 'int32_t' {aka 'long int'} from 'long unsigned int' may change the sign of the result [-Wsign-conversion]
  360 |        int32_t op_size = dsize + (((uint32_t)addr) & (__SCB_DCACHE_LINE_SIZE - 1U));
      |                          ^~~~~
/Users/seungwon/STM32CubeN6/Drivers/CMSIS/Include/m-profile/armv7m_cachel1.h:368:17: warning: conversion to 'long unsigned int' from 'int32_t' {aka 'long int'} may change the sign of the result [-Wsign-conversion]
  368 |         op_size -= __SCB_DCACHE_LINE_SIZE;
      |                 ^~
/Users/seungwon/STM32CubeN6/Drivers/CMSIS/Include/m-profile/armv7m_cachel1.h:44:33: warning: conversion to 'int32_t' {aka 'long int'} from 'long unsigned int' may change the sign of the result [-Wsign-conversion]
   44 | #define __SCB_DCACHE_LINE_SIZE  32U /*!< Cortex-M7 cache line size is fixed to 32 bytes (8 words). See also register SCB_CCSIDR */
      |                                 ^~~
/Users/seungwon/STM32CubeN6/Drivers/CMSIS/Include/m-profile/armv7m_cachel1.h:368:20: note: in expansion of macro '__SCB_DCACHE_LINE_SIZE'
  368 |         op_size -= __SCB_DCACHE_LINE_SIZE;
      |                    ^~~~~~~~~~~~~~~~~~~~~~
/Users/seungwon/STM32CubeN6/Drivers/CMSIS/Include/m-profile/armv7m_cachel1.h: In function 'SCB_CleanDCache_by_Addr':
/Users/seungwon/STM32CubeN6/Drivers/CMSIS/Include/m-profile/armv7m_cachel1.h:390:32: warning: conversion to 'long unsigned int' from 'int32_t' {aka 'long int'} may change the sign of the result [-Wsign-conversion]
  390 |        int32_t op_size = dsize + (((uint32_t)addr) & (__SCB_DCACHE_LINE_SIZE - 1U));
      |                                ^
/Users/seungwon/STM32CubeN6/Drivers/CMSIS/Include/m-profile/armv7m_cachel1.h:390:26: warning: conversion to 'int32_t' {aka 'long int'} from 'long unsigned int' may change the sign of the result [-Wsign-conversion]
  390 |        int32_t op_size = dsize + (((uint32_t)addr) & (__SCB_DCACHE_LINE_SIZE - 1U));
      |                          ^~~~~
/Users/seungwon/STM32CubeN6/Drivers/CMSIS/Include/m-profile/armv7m_cachel1.h:398:17: warning: conversion to 'long unsigned int' from 'int32_t' {aka 'long int'} may change the sign of the result [-Wsign-conversion]
  398 |         op_size -= __SCB_DCACHE_LINE_SIZE;
      |                 ^~
/Users/seungwon/STM32CubeN6/Drivers/CMSIS/Include/m-profile/armv7m_cachel1.h:44:33: warning: conversion to 'int32_t' {aka 'long int'} from 'long unsigned int' may change the sign of the result [-Wsign-conversion]
   44 | #define __SCB_DCACHE_LINE_SIZE  32U /*!< Cortex-M7 cache line size is fixed to 32 bytes (8 words). See also register SCB_CCSIDR */
      |                                 ^~~
/Users/seungwon/STM32CubeN6/Drivers/CMSIS/Include/m-profile/armv7m_cachel1.h:398:20: note: in expansion of macro '__SCB_DCACHE_LINE_SIZE'
  398 |         op_size -= __SCB_DCACHE_LINE_SIZE;
      |                    ^~~~~~~~~~~~~~~~~~~~~~
/Users/seungwon/STM32CubeN6/Drivers/CMSIS/Include/m-profile/armv7m_cachel1.h: In function 'SCB_CleanInvalidateDCache_by_Addr':
/Users/seungwon/STM32CubeN6/Drivers/CMSIS/Include/m-profile/armv7m_cachel1.h:420:32: warning: conversion to 'long unsigned int' from 'int32_t' {aka 'long int'} may change the sign of the result [-Wsign-conversion]
  420 |        int32_t op_size = dsize + (((uint32_t)addr) & (__SCB_DCACHE_LINE_SIZE - 1U));
      |                                ^
/Users/seungwon/STM32CubeN6/Drivers/CMSIS/Include/m-profile/armv7m_cachel1.h:420:26: warning: conversion to 'int32_t' {aka 'long int'} from 'long unsigned int' may change the sign of the result [-Wsign-conversion]
  420 |        int32_t op_size = dsize + (((uint32_t)addr) & (__SCB_DCACHE_LINE_SIZE - 1U));
      |                          ^~~~~
/Users/seungwon/STM32CubeN6/Drivers/CMSIS/Include/m-profile/armv7m_cachel1.h:428:17: warning: conversion to 'long unsigned int' from 'int32_t' {aka 'long int'} may change the sign of the result [-Wsign-conversion]
  428 |         op_size -=          __SCB_DCACHE_LINE_SIZE;
      |                 ^~
/Users/seungwon/STM32CubeN6/Drivers/CMSIS/Include/m-profile/armv7m_cachel1.h:44:33: warning: conversion to 'int32_t' {aka 'long int'} from 'long unsigned int' may change the sign of the result [-Wsign-conversion]
   44 | #define __SCB_DCACHE_LINE_SIZE  32U /*!< Cortex-M7 cache line size is fixed to 32 bytes (8 words). See also register SCB_CCSIDR */
      |                                 ^~~
/Users/seungwon/STM32CubeN6/Drivers/CMSIS/Include/m-profile/armv7m_cachel1.h:428:29: note: in expansion of macro '__SCB_DCACHE_LINE_SIZE'
  428 |         op_size -=          __SCB_DCACHE_LINE_SIZE;
      |                             ^~~~~~~~~~~~~~~~~~~~~~
/Users/seungwon/test/.tools/xpack-arm-none-eabi-gcc-15.2.1-1.1/bin/arm-none-eabi-gcc -DAIMER_MVE_BATCH -DAIMER_M55_MVE_MATVEC -DAIMER_BENCHMARK -DPARAMS=192f -DAIMER_BACKEND=mve -DAIMER_MATVEC=mve -DAIMER_CONFIG=mve_affine -DBENCH_KERNEL_SAMPLES=31 -DBENCH_E2E_SAMPLES=50 -DBENCH_KERNEL_INNER=64 -DBENCH_WARMUP=10 -DPROFILE_SAMPLES=31 -DPROFILE_KERNEL_INNER=64 -DPROFILE_COMPLEX_INNER=8 -DUSE_HAL_DRIVER -DSTM32N657xx -Iinclude -I../common/src/sig/aimer/reference/aimer-192f -I../common/src -I/Users/seungwon/STM32CubeN6/Projects/NUCLEO-N657X0-Q/Templates/Template/FSBL/Inc -I/Users/seungwon/STM32CubeN6/Drivers/CMSIS/Include -I/Users/seungwon/STM32CubeN6/Drivers/CMSIS/Device/ST/STM32N6xx/Include -I/Users/seungwon/STM32CubeN6/Drivers/STM32N6xx_HAL_Driver/Inc -I/Users/seungwon/STM32CubeN6/Drivers/STM32N6xx_HAL_Driver/Inc/Legacy -O3 -std=c11 -fno-common -ffunction-sections -fdata-sections -fno-tree-vectorize -fno-tree-slp-vectorize -MMD -MP --specs=nosys.specs -Wall -Wextra -Wshadow -Wconversion -Wstrict-prototypes -mcpu=cortex-m55 -mthumb -mfloat-abi=hard -mcmse -fstack-usage -c /Users/seungwon/STM32CubeN6/Projects/NUCLEO-N657X0-Q/Templates/Template/FSBL/Src/system_stm32n6xx_fsbl.c -o build/full/192f/mve-affine/benchmark/system_stm32n6xx_fsbl.c.o
In file included from /Users/seungwon/STM32CubeN6/Drivers/CMSIS/Include/core_cm55.h:4605,
                 from /Users/seungwon/STM32CubeN6/Drivers/CMSIS/Device/ST/STM32N6xx/Include/stm32n657xx.h:281,
                 from /Users/seungwon/STM32CubeN6/Drivers/CMSIS/Device/ST/STM32N6xx/Include/stm32n6xx.h:87,
                 from /Users/seungwon/STM32CubeN6/Projects/NUCLEO-N657X0-Q/Templates/Template/FSBL/Src/system_stm32n6xx_fsbl.c:55:
/Users/seungwon/STM32CubeN6/Drivers/CMSIS/Include/m-profile/armv7m_cachel1.h: In function 'SCB_InvalidateICache_by_Addr':
/Users/seungwon/STM32CubeN6/Drivers/CMSIS/Include/m-profile/armv7m_cachel1.h:117:32: warning: conversion to 'long unsigned int' from 'int32_t' {aka 'long int'} may change the sign of the result [-Wsign-conversion]
  117 |        int32_t op_size = isize + (((uint32_t)addr) & (__SCB_ICACHE_LINE_SIZE - 1U));
      |                                ^
/Users/seungwon/STM32CubeN6/Drivers/CMSIS/Include/m-profile/armv7m_cachel1.h:117:26: warning: conversion to 'int32_t' {aka 'long int'} from 'long unsigned int' may change the sign of the result [-Wsign-conversion]
  117 |        int32_t op_size = isize + (((uint32_t)addr) & (__SCB_ICACHE_LINE_SIZE - 1U));
      |                          ^~~~~
/Users/seungwon/STM32CubeN6/Drivers/CMSIS/Include/m-profile/armv7m_cachel1.h:125:17: warning: conversion to 'long unsigned int' from 'int32_t' {aka 'long int'} may change the sign of the result [-Wsign-conversion]
  125 |         op_size -= __SCB_ICACHE_LINE_SIZE;
      |                 ^~
/Users/seungwon/STM32CubeN6/Drivers/CMSIS/Include/m-profile/armv7m_cachel1.h:48:33: warning: conversion to 'int32_t' {aka 'long int'} from 'long unsigned int' may change the sign of the result [-Wsign-conversion]
   48 | #define __SCB_ICACHE_LINE_SIZE  32U /*!< Cortex-M7 cache line size is fixed to 32 bytes (8 words). See also register SCB_CCSIDR */
      |                                 ^~~
/Users/seungwon/STM32CubeN6/Drivers/CMSIS/Include/m-profile/armv7m_cachel1.h:125:20: note: in expansion of macro '__SCB_ICACHE_LINE_SIZE'
  125 |         op_size -= __SCB_ICACHE_LINE_SIZE;
      |                    ^~~~~~~~~~~~~~~~~~~~~~
/Users/seungwon/STM32CubeN6/Drivers/CMSIS/Include/m-profile/armv7m_cachel1.h: In function 'SCB_InvalidateDCache_by_Addr':
/Users/seungwon/STM32CubeN6/Drivers/CMSIS/Include/m-profile/armv7m_cachel1.h:360:32: warning: conversion to 'long unsigned int' from 'int32_t' {aka 'long int'} may change the sign of the result [-Wsign-conversion]
  360 |        int32_t op_size = dsize + (((uint32_t)addr) & (__SCB_DCACHE_LINE_SIZE - 1U));
      |                                ^
/Users/seungwon/STM32CubeN6/Drivers/CMSIS/Include/m-profile/armv7m_cachel1.h:360:26: warning: conversion to 'int32_t' {aka 'long int'} from 'long unsigned int' may change the sign of the result [-Wsign-conversion]
  360 |        int32_t op_size = dsize + (((uint32_t)addr) & (__SCB_DCACHE_LINE_SIZE - 1U));
      |                          ^~~~~
/Users/seungwon/STM32CubeN6/Drivers/CMSIS/Include/m-profile/armv7m_cachel1.h:368:17: warning: conversion to 'long unsigned int' from 'int32_t' {aka 'long int'} may change the sign of the result [-Wsign-conversion]
  368 |         op_size -= __SCB_DCACHE_LINE_SIZE;
      |                 ^~
/Users/seungwon/STM32CubeN6/Drivers/CMSIS/Include/m-profile/armv7m_cachel1.h:44:33: warning: conversion to 'int32_t' {aka 'long int'} from 'long unsigned int' may change the sign of the result [-Wsign-conversion]
   44 | #define __SCB_DCACHE_LINE_SIZE  32U /*!< Cortex-M7 cache line size is fixed to 32 bytes (8 words). See also register SCB_CCSIDR */
      |                                 ^~~
/Users/seungwon/STM32CubeN6/Drivers/CMSIS/Include/m-profile/armv7m_cachel1.h:368:20: note: in expansion of macro '__SCB_DCACHE_LINE_SIZE'
  368 |         op_size -= __SCB_DCACHE_LINE_SIZE;
      |                    ^~~~~~~~~~~~~~~~~~~~~~
/Users/seungwon/STM32CubeN6/Drivers/CMSIS/Include/m-profile/armv7m_cachel1.h: In function 'SCB_CleanDCache_by_Addr':
/Users/seungwon/STM32CubeN6/Drivers/CMSIS/Include/m-profile/armv7m_cachel1.h:390:32: warning: conversion to 'long unsigned int' from 'int32_t' {aka 'long int'} may change the sign of the result [-Wsign-conversion]
  390 |        int32_t op_size = dsize + (((uint32_t)addr) & (__SCB_DCACHE_LINE_SIZE - 1U));
      |                                ^
/Users/seungwon/STM32CubeN6/Drivers/CMSIS/Include/m-profile/armv7m_cachel1.h:390:26: warning: conversion to 'int32_t' {aka 'long int'} from 'long unsigned int' may change the sign of the result [-Wsign-conversion]
  390 |        int32_t op_size = dsize + (((uint32_t)addr) & (__SCB_DCACHE_LINE_SIZE - 1U));
      |                          ^~~~~
/Users/seungwon/STM32CubeN6/Drivers/CMSIS/Include/m-profile/armv7m_cachel1.h:398:17: warning: conversion to 'long unsigned int' from 'int32_t' {aka 'long int'} may change the sign of the result [-Wsign-conversion]
  398 |         op_size -= __SCB_DCACHE_LINE_SIZE;
      |                 ^~
/Users/seungwon/STM32CubeN6/Drivers/CMSIS/Include/m-profile/armv7m_cachel1.h:44:33: warning: conversion to 'int32_t' {aka 'long int'} from 'long unsigned int' may change the sign of the result [-Wsign-conversion]
   44 | #define __SCB_DCACHE_LINE_SIZE  32U /*!< Cortex-M7 cache line size is fixed to 32 bytes (8 words). See also register SCB_CCSIDR */
      |                                 ^~~
/Users/seungwon/STM32CubeN6/Drivers/CMSIS/Include/m-profile/armv7m_cachel1.h:398:20: note: in expansion of macro '__SCB_DCACHE_LINE_SIZE'
  398 |         op_size -= __SCB_DCACHE_LINE_SIZE;
      |                    ^~~~~~~~~~~~~~~~~~~~~~
/Users/seungwon/STM32CubeN6/Drivers/CMSIS/Include/m-profile/armv7m_cachel1.h: In function 'SCB_CleanInvalidateDCache_by_Addr':
/Users/seungwon/STM32CubeN6/Drivers/CMSIS/Include/m-profile/armv7m_cachel1.h:420:32: warning: conversion to 'long unsigned int' from 'int32_t' {aka 'long int'} may change the sign of the result [-Wsign-conversion]
  420 |        int32_t op_size = dsize + (((uint32_t)addr) & (__SCB_DCACHE_LINE_SIZE - 1U));
      |                                ^
/Users/seungwon/STM32CubeN6/Drivers/CMSIS/Include/m-profile/armv7m_cachel1.h:420:26: warning: conversion to 'int32_t' {aka 'long int'} from 'long unsigned int' may change the sign of the result [-Wsign-conversion]
  420 |        int32_t op_size = dsize + (((uint32_t)addr) & (__SCB_DCACHE_LINE_SIZE - 1U));
      |                          ^~~~~
/Users/seungwon/STM32CubeN6/Drivers/CMSIS/Include/m-profile/armv7m_cachel1.h:428:17: warning: conversion to 'long unsigned int' from 'int32_t' {aka 'long int'} may change the sign of the result [-Wsign-conversion]
  428 |         op_size -=          __SCB_DCACHE_LINE_SIZE;
      |                 ^~
/Users/seungwon/STM32CubeN6/Drivers/CMSIS/Include/m-profile/armv7m_cachel1.h:44:33: warning: conversion to 'int32_t' {aka 'long int'} from 'long unsigned int' may change the sign of the result [-Wsign-conversion]
   44 | #define __SCB_DCACHE_LINE_SIZE  32U /*!< Cortex-M7 cache line size is fixed to 32 bytes (8 words). See also register SCB_CCSIDR */
      |                                 ^~~
/Users/seungwon/STM32CubeN6/Drivers/CMSIS/Include/m-profile/armv7m_cachel1.h:428:29: note: in expansion of macro '__SCB_DCACHE_LINE_SIZE'
  428 |         op_size -=          __SCB_DCACHE_LINE_SIZE;
      |                             ^~~~~~~~~~~~~~~~~~~~~~
/Users/seungwon/test/.tools/xpack-arm-none-eabi-gcc-15.2.1-1.1/bin/arm-none-eabi-gcc -DAIMER_MVE_BATCH -DAIMER_M55_MVE_MATVEC -DAIMER_BENCHMARK -DPARAMS=192f -DAIMER_BACKEND=mve -DAIMER_MATVEC=mve -DAIMER_CONFIG=mve_affine -DBENCH_KERNEL_SAMPLES=31 -DBENCH_E2E_SAMPLES=50 -DBENCH_KERNEL_INNER=64 -DBENCH_WARMUP=10 -DPROFILE_SAMPLES=31 -DPROFILE_KERNEL_INNER=64 -DPROFILE_COMPLEX_INNER=8 -DUSE_HAL_DRIVER -DSTM32N657xx -Iinclude -I../common/src/sig/aimer/reference/aimer-192f -I../common/src -I/Users/seungwon/STM32CubeN6/Projects/NUCLEO-N657X0-Q/Templates/Template/FSBL/Inc -I/Users/seungwon/STM32CubeN6/Drivers/CMSIS/Include -I/Users/seungwon/STM32CubeN6/Drivers/CMSIS/Device/ST/STM32N6xx/Include -I/Users/seungwon/STM32CubeN6/Drivers/STM32N6xx_HAL_Driver/Inc -I/Users/seungwon/STM32CubeN6/Drivers/STM32N6xx_HAL_Driver/Inc/Legacy -O3 -std=c11 -fno-common -ffunction-sections -fdata-sections -fno-tree-vectorize -fno-tree-slp-vectorize -MMD -MP --specs=nosys.specs -Wall -Wextra -Wshadow -Wconversion -Wstrict-prototypes -mcpu=cortex-m55 -mthumb -mfloat-abi=hard -mcmse -fstack-usage -c /Users/seungwon/STM32CubeN6/Drivers/STM32N6xx_HAL_Driver/Src/stm32n6xx_hal.c -o build/full/192f/mve-affine/benchmark/stm32n6xx_hal.c.o
In file included from /Users/seungwon/STM32CubeN6/Drivers/CMSIS/Include/core_cm55.h:4605,
                 from /Users/seungwon/STM32CubeN6/Drivers/CMSIS/Device/ST/STM32N6xx/Include/stm32n657xx.h:281,
                 from /Users/seungwon/STM32CubeN6/Drivers/CMSIS/Device/ST/STM32N6xx/Include/stm32n6xx.h:87,
                 from /Users/seungwon/STM32CubeN6/Drivers/STM32N6xx_HAL_Driver/Inc/stm32n6xx_hal_def.h:33,
                 from /Users/seungwon/STM32CubeN6/Drivers/STM32N6xx_HAL_Driver/Inc/stm32n6xx_hal_rcc.h:28,
                 from /Users/seungwon/STM32CubeN6/Projects/NUCLEO-N657X0-Q/Templates/Template/FSBL/Inc/stm32n6xx_hal_conf.h:253,
                 from /Users/seungwon/STM32CubeN6/Drivers/STM32N6xx_HAL_Driver/Inc/stm32n6xx_hal.h:29,
                 from /Users/seungwon/STM32CubeN6/Drivers/STM32N6xx_HAL_Driver/Src/stm32n6xx_hal.c:45:
/Users/seungwon/STM32CubeN6/Drivers/CMSIS/Include/m-profile/armv7m_cachel1.h: In function 'SCB_InvalidateICache_by_Addr':
/Users/seungwon/STM32CubeN6/Drivers/CMSIS/Include/m-profile/armv7m_cachel1.h:117:32: warning: conversion to 'long unsigned int' from 'int32_t' {aka 'long int'} may change the sign of the result [-Wsign-conversion]
  117 |        int32_t op_size = isize + (((uint32_t)addr) & (__SCB_ICACHE_LINE_SIZE - 1U));
      |                                ^
/Users/seungwon/STM32CubeN6/Drivers/CMSIS/Include/m-profile/armv7m_cachel1.h:117:26: warning: conversion to 'int32_t' {aka 'long int'} from 'long unsigned int' may change the sign of the result [-Wsign-conversion]
  117 |        int32_t op_size = isize + (((uint32_t)addr) & (__SCB_ICACHE_LINE_SIZE - 1U));
      |                          ^~~~~
/Users/seungwon/STM32CubeN6/Drivers/CMSIS/Include/m-profile/armv7m_cachel1.h:125:17: warning: conversion to 'long unsigned int' from 'int32_t' {aka 'long int'} may change the sign of the result [-Wsign-conversion]
  125 |         op_size -= __SCB_ICACHE_LINE_SIZE;
      |                 ^~
/Users/seungwon/STM32CubeN6/Drivers/CMSIS/Include/m-profile/armv7m_cachel1.h:48:33: warning: conversion to 'int32_t' {aka 'long int'} from 'long unsigned int' may change the sign of the result [-Wsign-conversion]
   48 | #define __SCB_ICACHE_LINE_SIZE  32U /*!< Cortex-M7 cache line size is fixed to 32 bytes (8 words). See also register SCB_CCSIDR */
      |                                 ^~~
/Users/seungwon/STM32CubeN6/Drivers/CMSIS/Include/m-profile/armv7m_cachel1.h:125:20: note: in expansion of macro '__SCB_ICACHE_LINE_SIZE'
  125 |         op_size -= __SCB_ICACHE_LINE_SIZE;
      |                    ^~~~~~~~~~~~~~~~~~~~~~
/Users/seungwon/STM32CubeN6/Drivers/CMSIS/Include/m-profile/armv7m_cachel1.h: In function 'SCB_InvalidateDCache_by_Addr':
/Users/seungwon/STM32CubeN6/Drivers/CMSIS/Include/m-profile/armv7m_cachel1.h:360:32: warning: conversion to 'long unsigned int' from 'int32_t' {aka 'long int'} may change the sign of the result [-Wsign-conversion]
  360 |        int32_t op_size = dsize + (((uint32_t)addr) & (__SCB_DCACHE_LINE_SIZE - 1U));
      |                                ^
/Users/seungwon/STM32CubeN6/Drivers/CMSIS/Include/m-profile/armv7m_cachel1.h:360:26: warning: conversion to 'int32_t' {aka 'long int'} from 'long unsigned int' may change the sign of the result [-Wsign-conversion]
  360 |        int32_t op_size = dsize + (((uint32_t)addr) & (__SCB_DCACHE_LINE_SIZE - 1U));
      |                          ^~~~~
/Users/seungwon/STM32CubeN6/Drivers/CMSIS/Include/m-profile/armv7m_cachel1.h:368:17: warning: conversion to 'long unsigned int' from 'int32_t' {aka 'long int'} may change the sign of the result [-Wsign-conversion]
  368 |         op_size -= __SCB_DCACHE_LINE_SIZE;
      |                 ^~
/Users/seungwon/STM32CubeN6/Drivers/CMSIS/Include/m-profile/armv7m_cachel1.h:44:33: warning: conversion to 'int32_t' {aka 'long int'} from 'long unsigned int' may change the sign of the result [-Wsign-conversion]
   44 | #define __SCB_DCACHE_LINE_SIZE  32U /*!< Cortex-M7 cache line size is fixed to 32 bytes (8 words). See also register SCB_CCSIDR */
      |                                 ^~~
/Users/seungwon/STM32CubeN6/Drivers/CMSIS/Include/m-profile/armv7m_cachel1.h:368:20: note: in expansion of macro '__SCB_DCACHE_LINE_SIZE'
  368 |         op_size -= __SCB_DCACHE_LINE_SIZE;
      |                    ^~~~~~~~~~~~~~~~~~~~~~
/Users/seungwon/STM32CubeN6/Drivers/CMSIS/Include/m-profile/armv7m_cachel1.h: In function 'SCB_CleanDCache_by_Addr':
/Users/seungwon/STM32CubeN6/Drivers/CMSIS/Include/m-profile/armv7m_cachel1.h:390:32: warning: conversion to 'long unsigned int' from 'int32_t' {aka 'long int'} may change the sign of the result [-Wsign-conversion]
  390 |        int32_t op_size = dsize + (((uint32_t)addr) & (__SCB_DCACHE_LINE_SIZE - 1U));
      |                                ^
/Users/seungwon/STM32CubeN6/Drivers/CMSIS/Include/m-profile/armv7m_cachel1.h:390:26: warning: conversion to 'int32_t' {aka 'long int'} from 'long unsigned int' may change the sign of the result [-Wsign-conversion]
  390 |        int32_t op_size = dsize + (((uint32_t)addr) & (__SCB_DCACHE_LINE_SIZE - 1U));
      |                          ^~~~~
/Users/seungwon/STM32CubeN6/Drivers/CMSIS/Include/m-profile/armv7m_cachel1.h:398:17: warning: conversion to 'long unsigned int' from 'int32_t' {aka 'long int'} may change the sign of the result [-Wsign-conversion]
  398 |         op_size -= __SCB_DCACHE_LINE_SIZE;
      |                 ^~
/Users/seungwon/STM32CubeN6/Drivers/CMSIS/Include/m-profile/armv7m_cachel1.h:44:33: warning: conversion to 'int32_t' {aka 'long int'} from 'long unsigned int' may change the sign of the result [-Wsign-conversion]
   44 | #define __SCB_DCACHE_LINE_SIZE  32U /*!< Cortex-M7 cache line size is fixed to 32 bytes (8 words). See also register SCB_CCSIDR */
      |                                 ^~~
/Users/seungwon/STM32CubeN6/Drivers/CMSIS/Include/m-profile/armv7m_cachel1.h:398:20: note: in expansion of macro '__SCB_DCACHE_LINE_SIZE'
  398 |         op_size -= __SCB_DCACHE_LINE_SIZE;
      |                    ^~~~~~~~~~~~~~~~~~~~~~
/Users/seungwon/STM32CubeN6/Drivers/CMSIS/Include/m-profile/armv7m_cachel1.h: In function 'SCB_CleanInvalidateDCache_by_Addr':
/Users/seungwon/STM32CubeN6/Drivers/CMSIS/Include/m-profile/armv7m_cachel1.h:420:32: warning: conversion to 'long unsigned int' from 'int32_t' {aka 'long int'} may change the sign of the result [-Wsign-conversion]
  420 |        int32_t op_size = dsize + (((uint32_t)addr) & (__SCB_DCACHE_LINE_SIZE - 1U));
      |                                ^
/Users/seungwon/STM32CubeN6/Drivers/CMSIS/Include/m-profile/armv7m_cachel1.h:420:26: warning: conversion to 'int32_t' {aka 'long int'} from 'long unsigned int' may change the sign of the result [-Wsign-conversion]
  420 |        int32_t op_size = dsize + (((uint32_t)addr) & (__SCB_DCACHE_LINE_SIZE - 1U));
      |                          ^~~~~
/Users/seungwon/STM32CubeN6/Drivers/CMSIS/Include/m-profile/armv7m_cachel1.h:428:17: warning: conversion to 'long unsigned int' from 'int32_t' {aka 'long int'} may change the sign of the result [-Wsign-conversion]
  428 |         op_size -=          __SCB_DCACHE_LINE_SIZE;
      |                 ^~
/Users/seungwon/STM32CubeN6/Drivers/CMSIS/Include/m-profile/armv7m_cachel1.h:44:33: warning: conversion to 'int32_t' {aka 'long int'} from 'long unsigned int' may change the sign of the result [-Wsign-conversion]
   44 | #define __SCB_DCACHE_LINE_SIZE  32U /*!< Cortex-M7 cache line size is fixed to 32 bytes (8 words). See also register SCB_CCSIDR */
      |                                 ^~~
/Users/seungwon/STM32CubeN6/Drivers/CMSIS/Include/m-profile/armv7m_cachel1.h:428:29: note: in expansion of macro '__SCB_DCACHE_LINE_SIZE'
  428 |         op_size -=          __SCB_DCACHE_LINE_SIZE;
      |                             ^~~~~~~~~~~~~~~~~~~~~~
/Users/seungwon/test/.tools/xpack-arm-none-eabi-gcc-15.2.1-1.1/bin/arm-none-eabi-gcc -DAIMER_MVE_BATCH -DAIMER_M55_MVE_MATVEC -DAIMER_BENCHMARK -DPARAMS=192f -DAIMER_BACKEND=mve -DAIMER_MATVEC=mve -DAIMER_CONFIG=mve_affine -DBENCH_KERNEL_SAMPLES=31 -DBENCH_E2E_SAMPLES=50 -DBENCH_KERNEL_INNER=64 -DBENCH_WARMUP=10 -DPROFILE_SAMPLES=31 -DPROFILE_KERNEL_INNER=64 -DPROFILE_COMPLEX_INNER=8 -DUSE_HAL_DRIVER -DSTM32N657xx -Iinclude -I../common/src/sig/aimer/reference/aimer-192f -I../common/src -I/Users/seungwon/STM32CubeN6/Projects/NUCLEO-N657X0-Q/Templates/Template/FSBL/Inc -I/Users/seungwon/STM32CubeN6/Drivers/CMSIS/Include -I/Users/seungwon/STM32CubeN6/Drivers/CMSIS/Device/ST/STM32N6xx/Include -I/Users/seungwon/STM32CubeN6/Drivers/STM32N6xx_HAL_Driver/Inc -I/Users/seungwon/STM32CubeN6/Drivers/STM32N6xx_HAL_Driver/Inc/Legacy -O3 -std=c11 -fno-common -ffunction-sections -fdata-sections -fno-tree-vectorize -fno-tree-slp-vectorize -MMD -MP --specs=nosys.specs -Wall -Wextra -Wshadow -Wconversion -Wstrict-prototypes -mcpu=cortex-m55 -mthumb -mfloat-abi=hard -mcmse -fstack-usage -c /Users/seungwon/STM32CubeN6/Drivers/STM32N6xx_HAL_Driver/Src/stm32n6xx_hal_cortex.c -o build/full/192f/mve-affine/benchmark/stm32n6xx_hal_cortex.c.o
In file included from /Users/seungwon/STM32CubeN6/Drivers/CMSIS/Include/core_cm55.h:4605,
                 from /Users/seungwon/STM32CubeN6/Drivers/CMSIS/Device/ST/STM32N6xx/Include/stm32n657xx.h:281,
                 from /Users/seungwon/STM32CubeN6/Drivers/CMSIS/Device/ST/STM32N6xx/Include/stm32n6xx.h:87,
                 from /Users/seungwon/STM32CubeN6/Drivers/STM32N6xx_HAL_Driver/Inc/stm32n6xx_hal_def.h:33,
                 from /Users/seungwon/STM32CubeN6/Drivers/STM32N6xx_HAL_Driver/Inc/stm32n6xx_hal_rcc.h:28,
                 from /Users/seungwon/STM32CubeN6/Projects/NUCLEO-N657X0-Q/Templates/Template/FSBL/Inc/stm32n6xx_hal_conf.h:253,
                 from /Users/seungwon/STM32CubeN6/Drivers/STM32N6xx_HAL_Driver/Inc/stm32n6xx_hal.h:29,
                 from /Users/seungwon/STM32CubeN6/Drivers/STM32N6xx_HAL_Driver/Src/stm32n6xx_hal_cortex.c:158:
/Users/seungwon/STM32CubeN6/Drivers/CMSIS/Include/m-profile/armv7m_cachel1.h: In function 'SCB_InvalidateICache_by_Addr':
/Users/seungwon/STM32CubeN6/Drivers/CMSIS/Include/m-profile/armv7m_cachel1.h:117:32: warning: conversion to 'long unsigned int' from 'int32_t' {aka 'long int'} may change the sign of the result [-Wsign-conversion]
  117 |        int32_t op_size = isize + (((uint32_t)addr) & (__SCB_ICACHE_LINE_SIZE - 1U));
      |                                ^
/Users/seungwon/STM32CubeN6/Drivers/CMSIS/Include/m-profile/armv7m_cachel1.h:117:26: warning: conversion to 'int32_t' {aka 'long int'} from 'long unsigned int' may change the sign of the result [-Wsign-conversion]
  117 |        int32_t op_size = isize + (((uint32_t)addr) & (__SCB_ICACHE_LINE_SIZE - 1U));
      |                          ^~~~~
/Users/seungwon/STM32CubeN6/Drivers/CMSIS/Include/m-profile/armv7m_cachel1.h:125:17: warning: conversion to 'long unsigned int' from 'int32_t' {aka 'long int'} may change the sign of the result [-Wsign-conversion]
  125 |         op_size -= __SCB_ICACHE_LINE_SIZE;
      |                 ^~
/Users/seungwon/STM32CubeN6/Drivers/CMSIS/Include/m-profile/armv7m_cachel1.h:48:33: warning: conversion to 'int32_t' {aka 'long int'} from 'long unsigned int' may change the sign of the result [-Wsign-conversion]
   48 | #define __SCB_ICACHE_LINE_SIZE  32U /*!< Cortex-M7 cache line size is fixed to 32 bytes (8 words). See also register SCB_CCSIDR */
      |                                 ^~~
/Users/seungwon/STM32CubeN6/Drivers/CMSIS/Include/m-profile/armv7m_cachel1.h:125:20: note: in expansion of macro '__SCB_ICACHE_LINE_SIZE'
  125 |         op_size -= __SCB_ICACHE_LINE_SIZE;
      |                    ^~~~~~~~~~~~~~~~~~~~~~
/Users/seungwon/STM32CubeN6/Drivers/CMSIS/Include/m-profile/armv7m_cachel1.h: In function 'SCB_InvalidateDCache_by_Addr':
/Users/seungwon/STM32CubeN6/Drivers/CMSIS/Include/m-profile/armv7m_cachel1.h:360:32: warning: conversion to 'long unsigned int' from 'int32_t' {aka 'long int'} may change the sign of the result [-Wsign-conversion]
  360 |        int32_t op_size = dsize + (((uint32_t)addr) & (__SCB_DCACHE_LINE_SIZE - 1U));
      |                                ^
/Users/seungwon/STM32CubeN6/Drivers/CMSIS/Include/m-profile/armv7m_cachel1.h:360:26: warning: conversion to 'int32_t' {aka 'long int'} from 'long unsigned int' may change the sign of the result [-Wsign-conversion]
  360 |        int32_t op_size = dsize + (((uint32_t)addr) & (__SCB_DCACHE_LINE_SIZE - 1U));
      |                          ^~~~~
/Users/seungwon/STM32CubeN6/Drivers/CMSIS/Include/m-profile/armv7m_cachel1.h:368:17: warning: conversion to 'long unsigned int' from 'int32_t' {aka 'long int'} may change the sign of the result [-Wsign-conversion]
  368 |         op_size -= __SCB_DCACHE_LINE_SIZE;
      |                 ^~
/Users/seungwon/STM32CubeN6/Drivers/CMSIS/Include/m-profile/armv7m_cachel1.h:44:33: warning: conversion to 'int32_t' {aka 'long int'} from 'long unsigned int' may change the sign of the result [-Wsign-conversion]
   44 | #define __SCB_DCACHE_LINE_SIZE  32U /*!< Cortex-M7 cache line size is fixed to 32 bytes (8 words). See also register SCB_CCSIDR */
      |                                 ^~~
/Users/seungwon/STM32CubeN6/Drivers/CMSIS/Include/m-profile/armv7m_cachel1.h:368:20: note: in expansion of macro '__SCB_DCACHE_LINE_SIZE'
  368 |         op_size -= __SCB_DCACHE_LINE_SIZE;
      |                    ^~~~~~~~~~~~~~~~~~~~~~
/Users/seungwon/STM32CubeN6/Drivers/CMSIS/Include/m-profile/armv7m_cachel1.h: In function 'SCB_CleanDCache_by_Addr':
/Users/seungwon/STM32CubeN6/Drivers/CMSIS/Include/m-profile/armv7m_cachel1.h:390:32: warning: conversion to 'long unsigned int' from 'int32_t' {aka 'long int'} may change the sign of the result [-Wsign-conversion]
  390 |        int32_t op_size = dsize + (((uint32_t)addr) & (__SCB_DCACHE_LINE_SIZE - 1U));
      |                                ^
/Users/seungwon/STM32CubeN6/Drivers/CMSIS/Include/m-profile/armv7m_cachel1.h:390:26: warning: conversion to 'int32_t' {aka 'long int'} from 'long unsigned int' may change the sign of the result [-Wsign-conversion]
  390 |        int32_t op_size = dsize + (((uint32_t)addr) & (__SCB_DCACHE_LINE_SIZE - 1U));
      |                          ^~~~~
/Users/seungwon/STM32CubeN6/Drivers/CMSIS/Include/m-profile/armv7m_cachel1.h:398:17: warning: conversion to 'long unsigned int' from 'int32_t' {aka 'long int'} may change the sign of the result [-Wsign-conversion]
  398 |         op_size -= __SCB_DCACHE_LINE_SIZE;
      |                 ^~
/Users/seungwon/STM32CubeN6/Drivers/CMSIS/Include/m-profile/armv7m_cachel1.h:44:33: warning: conversion to 'int32_t' {aka 'long int'} from 'long unsigned int' may change the sign of the result [-Wsign-conversion]
   44 | #define __SCB_DCACHE_LINE_SIZE  32U /*!< Cortex-M7 cache line size is fixed to 32 bytes (8 words). See also register SCB_CCSIDR */
      |                                 ^~~
/Users/seungwon/STM32CubeN6/Drivers/CMSIS/Include/m-profile/armv7m_cachel1.h:398:20: note: in expansion of macro '__SCB_DCACHE_LINE_SIZE'
  398 |         op_size -= __SCB_DCACHE_LINE_SIZE;
      |                    ^~~~~~~~~~~~~~~~~~~~~~
/Users/seungwon/STM32CubeN6/Drivers/CMSIS/Include/m-profile/armv7m_cachel1.h: In function 'SCB_CleanInvalidateDCache_by_Addr':
/Users/seungwon/STM32CubeN6/Drivers/CMSIS/Include/m-profile/armv7m_cachel1.h:420:32: warning: conversion to 'long unsigned int' from 'int32_t' {aka 'long int'} may change the sign of the result [-Wsign-conversion]
  420 |        int32_t op_size = dsize + (((uint32_t)addr) & (__SCB_DCACHE_LINE_SIZE - 1U));
      |                                ^
/Users/seungwon/STM32CubeN6/Drivers/CMSIS/Include/m-profile/armv7m_cachel1.h:420:26: warning: conversion to 'int32_t' {aka 'long int'} from 'long unsigned int' may change the sign of the result [-Wsign-conversion]
  420 |        int32_t op_size = dsize + (((uint32_t)addr) & (__SCB_DCACHE_LINE_SIZE - 1U));
      |                          ^~~~~
/Users/seungwon/STM32CubeN6/Drivers/CMSIS/Include/m-profile/armv7m_cachel1.h:428:17: warning: conversion to 'long unsigned int' from 'int32_t' {aka 'long int'} may change the sign of the result [-Wsign-conversion]
  428 |         op_size -=          __SCB_DCACHE_LINE_SIZE;
      |                 ^~
/Users/seungwon/STM32CubeN6/Drivers/CMSIS/Include/m-profile/armv7m_cachel1.h:44:33: warning: conversion to 'int32_t' {aka 'long int'} from 'long unsigned int' may change the sign of the result [-Wsign-conversion]
   44 | #define __SCB_DCACHE_LINE_SIZE  32U /*!< Cortex-M7 cache line size is fixed to 32 bytes (8 words). See also register SCB_CCSIDR */
      |                                 ^~~
/Users/seungwon/STM32CubeN6/Drivers/CMSIS/Include/m-profile/armv7m_cachel1.h:428:29: note: in expansion of macro '__SCB_DCACHE_LINE_SIZE'
  428 |         op_size -=          __SCB_DCACHE_LINE_SIZE;
      |                             ^~~~~~~~~~~~~~~~~~~~~~
/Users/seungwon/test/.tools/xpack-arm-none-eabi-gcc-15.2.1-1.1/bin/arm-none-eabi-gcc -DAIMER_MVE_BATCH -DAIMER_M55_MVE_MATVEC -DAIMER_BENCHMARK -DPARAMS=192f -DAIMER_BACKEND=mve -DAIMER_MATVEC=mve -DAIMER_CONFIG=mve_affine -DBENCH_KERNEL_SAMPLES=31 -DBENCH_E2E_SAMPLES=50 -DBENCH_KERNEL_INNER=64 -DBENCH_WARMUP=10 -DPROFILE_SAMPLES=31 -DPROFILE_KERNEL_INNER=64 -DPROFILE_COMPLEX_INNER=8 -DUSE_HAL_DRIVER -DSTM32N657xx -Iinclude -I../common/src/sig/aimer/reference/aimer-192f -I../common/src -I/Users/seungwon/STM32CubeN6/Projects/NUCLEO-N657X0-Q/Templates/Template/FSBL/Inc -I/Users/seungwon/STM32CubeN6/Drivers/CMSIS/Include -I/Users/seungwon/STM32CubeN6/Drivers/CMSIS/Device/ST/STM32N6xx/Include -I/Users/seungwon/STM32CubeN6/Drivers/STM32N6xx_HAL_Driver/Inc -I/Users/seungwon/STM32CubeN6/Drivers/STM32N6xx_HAL_Driver/Inc/Legacy -O3 -std=c11 -fno-common -ffunction-sections -fdata-sections -fno-tree-vectorize -fno-tree-slp-vectorize -MMD -MP --specs=nosys.specs -Wall -Wextra -Wshadow -Wconversion -Wstrict-prototypes -mcpu=cortex-m55 -mthumb -mfloat-abi=hard -mcmse -fstack-usage -c /Users/seungwon/STM32CubeN6/Drivers/STM32N6xx_HAL_Driver/Src/stm32n6xx_hal_pwr.c -o build/full/192f/mve-affine/benchmark/stm32n6xx_hal_pwr.c.o
In file included from /Users/seungwon/STM32CubeN6/Drivers/CMSIS/Include/core_cm55.h:4605,
                 from /Users/seungwon/STM32CubeN6/Drivers/CMSIS/Device/ST/STM32N6xx/Include/stm32n657xx.h:281,
                 from /Users/seungwon/STM32CubeN6/Drivers/CMSIS/Device/ST/STM32N6xx/Include/stm32n6xx.h:87,
                 from /Users/seungwon/STM32CubeN6/Drivers/STM32N6xx_HAL_Driver/Inc/stm32n6xx_hal_def.h:33,
                 from /Users/seungwon/STM32CubeN6/Drivers/STM32N6xx_HAL_Driver/Inc/stm32n6xx_hal_rcc.h:28,
                 from /Users/seungwon/STM32CubeN6/Projects/NUCLEO-N657X0-Q/Templates/Template/FSBL/Inc/stm32n6xx_hal_conf.h:253,
                 from /Users/seungwon/STM32CubeN6/Drivers/STM32N6xx_HAL_Driver/Inc/stm32n6xx_hal.h:29,
                 from /Users/seungwon/STM32CubeN6/Drivers/STM32N6xx_HAL_Driver/Src/stm32n6xx_hal_pwr.c:107:
/Users/seungwon/STM32CubeN6/Drivers/CMSIS/Include/m-profile/armv7m_cachel1.h: In function 'SCB_InvalidateICache_by_Addr':
/Users/seungwon/STM32CubeN6/Drivers/CMSIS/Include/m-profile/armv7m_cachel1.h:117:32: warning: conversion to 'long unsigned int' from 'int32_t' {aka 'long int'} may change the sign of the result [-Wsign-conversion]
  117 |        int32_t op_size = isize + (((uint32_t)addr) & (__SCB_ICACHE_LINE_SIZE - 1U));
      |                                ^
/Users/seungwon/STM32CubeN6/Drivers/CMSIS/Include/m-profile/armv7m_cachel1.h:117:26: warning: conversion to 'int32_t' {aka 'long int'} from 'long unsigned int' may change the sign of the result [-Wsign-conversion]
  117 |        int32_t op_size = isize + (((uint32_t)addr) & (__SCB_ICACHE_LINE_SIZE - 1U));
      |                          ^~~~~
/Users/seungwon/STM32CubeN6/Drivers/CMSIS/Include/m-profile/armv7m_cachel1.h:125:17: warning: conversion to 'long unsigned int' from 'int32_t' {aka 'long int'} may change the sign of the result [-Wsign-conversion]
  125 |         op_size -= __SCB_ICACHE_LINE_SIZE;
      |                 ^~
/Users/seungwon/STM32CubeN6/Drivers/CMSIS/Include/m-profile/armv7m_cachel1.h:48:33: warning: conversion to 'int32_t' {aka 'long int'} from 'long unsigned int' may change the sign of the result [-Wsign-conversion]
   48 | #define __SCB_ICACHE_LINE_SIZE  32U /*!< Cortex-M7 cache line size is fixed to 32 bytes (8 words). See also register SCB_CCSIDR */
      |                                 ^~~
/Users/seungwon/STM32CubeN6/Drivers/CMSIS/Include/m-profile/armv7m_cachel1.h:125:20: note: in expansion of macro '__SCB_ICACHE_LINE_SIZE'
  125 |         op_size -= __SCB_ICACHE_LINE_SIZE;
      |                    ^~~~~~~~~~~~~~~~~~~~~~
/Users/seungwon/STM32CubeN6/Drivers/CMSIS/Include/m-profile/armv7m_cachel1.h: In function 'SCB_InvalidateDCache_by_Addr':
/Users/seungwon/STM32CubeN6/Drivers/CMSIS/Include/m-profile/armv7m_cachel1.h:360:32: warning: conversion to 'long unsigned int' from 'int32_t' {aka 'long int'} may change the sign of the result [-Wsign-conversion]
  360 |        int32_t op_size = dsize + (((uint32_t)addr) & (__SCB_DCACHE_LINE_SIZE - 1U));
      |                                ^
/Users/seungwon/STM32CubeN6/Drivers/CMSIS/Include/m-profile/armv7m_cachel1.h:360:26: warning: conversion to 'int32_t' {aka 'long int'} from 'long unsigned int' may change the sign of the result [-Wsign-conversion]
  360 |        int32_t op_size = dsize + (((uint32_t)addr) & (__SCB_DCACHE_LINE_SIZE - 1U));
      |                          ^~~~~
/Users/seungwon/STM32CubeN6/Drivers/CMSIS/Include/m-profile/armv7m_cachel1.h:368:17: warning: conversion to 'long unsigned int' from 'int32_t' {aka 'long int'} may change the sign of the result [-Wsign-conversion]
  368 |         op_size -= __SCB_DCACHE_LINE_SIZE;
      |                 ^~
/Users/seungwon/STM32CubeN6/Drivers/CMSIS/Include/m-profile/armv7m_cachel1.h:44:33: warning: conversion to 'int32_t' {aka 'long int'} from 'long unsigned int' may change the sign of the result [-Wsign-conversion]
   44 | #define __SCB_DCACHE_LINE_SIZE  32U /*!< Cortex-M7 cache line size is fixed to 32 bytes (8 words). See also register SCB_CCSIDR */
      |                                 ^~~
/Users/seungwon/STM32CubeN6/Drivers/CMSIS/Include/m-profile/armv7m_cachel1.h:368:20: note: in expansion of macro '__SCB_DCACHE_LINE_SIZE'
  368 |         op_size -= __SCB_DCACHE_LINE_SIZE;
      |                    ^~~~~~~~~~~~~~~~~~~~~~
/Users/seungwon/STM32CubeN6/Drivers/CMSIS/Include/m-profile/armv7m_cachel1.h: In function 'SCB_CleanDCache_by_Addr':
/Users/seungwon/STM32CubeN6/Drivers/CMSIS/Include/m-profile/armv7m_cachel1.h:390:32: warning: conversion to 'long unsigned int' from 'int32_t' {aka 'long int'} may change the sign of the result [-Wsign-conversion]
  390 |        int32_t op_size = dsize + (((uint32_t)addr) & (__SCB_DCACHE_LINE_SIZE - 1U));
      |                                ^
/Users/seungwon/STM32CubeN6/Drivers/CMSIS/Include/m-profile/armv7m_cachel1.h:390:26: warning: conversion to 'int32_t' {aka 'long int'} from 'long unsigned int' may change the sign of the result [-Wsign-conversion]
  390 |        int32_t op_size = dsize + (((uint32_t)addr) & (__SCB_DCACHE_LINE_SIZE - 1U));
      |                          ^~~~~
/Users/seungwon/STM32CubeN6/Drivers/CMSIS/Include/m-profile/armv7m_cachel1.h:398:17: warning: conversion to 'long unsigned int' from 'int32_t' {aka 'long int'} may change the sign of the result [-Wsign-conversion]
  398 |         op_size -= __SCB_DCACHE_LINE_SIZE;
      |                 ^~
/Users/seungwon/STM32CubeN6/Drivers/CMSIS/Include/m-profile/armv7m_cachel1.h:44:33: warning: conversion to 'int32_t' {aka 'long int'} from 'long unsigned int' may change the sign of the result [-Wsign-conversion]
   44 | #define __SCB_DCACHE_LINE_SIZE  32U /*!< Cortex-M7 cache line size is fixed to 32 bytes (8 words). See also register SCB_CCSIDR */
      |                                 ^~~
/Users/seungwon/STM32CubeN6/Drivers/CMSIS/Include/m-profile/armv7m_cachel1.h:398:20: note: in expansion of macro '__SCB_DCACHE_LINE_SIZE'
  398 |         op_size -= __SCB_DCACHE_LINE_SIZE;
      |                    ^~~~~~~~~~~~~~~~~~~~~~
/Users/seungwon/STM32CubeN6/Drivers/CMSIS/Include/m-profile/armv7m_cachel1.h: In function 'SCB_CleanInvalidateDCache_by_Addr':
/Users/seungwon/STM32CubeN6/Drivers/CMSIS/Include/m-profile/armv7m_cachel1.h:420:32: warning: conversion to 'long unsigned int' from 'int32_t' {aka 'long int'} may change the sign of the result [-Wsign-conversion]
  420 |        int32_t op_size = dsize + (((uint32_t)addr) & (__SCB_DCACHE_LINE_SIZE - 1U));
      |                                ^
/Users/seungwon/STM32CubeN6/Drivers/CMSIS/Include/m-profile/armv7m_cachel1.h:420:26: warning: conversion to 'int32_t' {aka 'long int'} from 'long unsigned int' may change the sign of the result [-Wsign-conversion]
  420 |        int32_t op_size = dsize + (((uint32_t)addr) & (__SCB_DCACHE_LINE_SIZE - 1U));
      |                          ^~~~~
/Users/seungwon/STM32CubeN6/Drivers/CMSIS/Include/m-profile/armv7m_cachel1.h:428:17: warning: conversion to 'long unsigned int' from 'int32_t' {aka 'long int'} may change the sign of the result [-Wsign-conversion]
  428 |         op_size -=          __SCB_DCACHE_LINE_SIZE;
      |                 ^~
/Users/seungwon/STM32CubeN6/Drivers/CMSIS/Include/m-profile/armv7m_cachel1.h:44:33: warning: conversion to 'int32_t' {aka 'long int'} from 'long unsigned int' may change the sign of the result [-Wsign-conversion]
   44 | #define __SCB_DCACHE_LINE_SIZE  32U /*!< Cortex-M7 cache line size is fixed to 32 bytes (8 words). See also register SCB_CCSIDR */
      |                                 ^~~
/Users/seungwon/STM32CubeN6/Drivers/CMSIS/Include/m-profile/armv7m_cachel1.h:428:29: note: in expansion of macro '__SCB_DCACHE_LINE_SIZE'
  428 |         op_size -=          __SCB_DCACHE_LINE_SIZE;
      |                             ^~~~~~~~~~~~~~~~~~~~~~
/Users/seungwon/test/.tools/xpack-arm-none-eabi-gcc-15.2.1-1.1/bin/arm-none-eabi-gcc -DAIMER_MVE_BATCH -DAIMER_M55_MVE_MATVEC -DAIMER_BENCHMARK -DPARAMS=192f -DAIMER_BACKEND=mve -DAIMER_MATVEC=mve -DAIMER_CONFIG=mve_affine -DBENCH_KERNEL_SAMPLES=31 -DBENCH_E2E_SAMPLES=50 -DBENCH_KERNEL_INNER=64 -DBENCH_WARMUP=10 -DPROFILE_SAMPLES=31 -DPROFILE_KERNEL_INNER=64 -DPROFILE_COMPLEX_INNER=8 -DUSE_HAL_DRIVER -DSTM32N657xx -Iinclude -I../common/src/sig/aimer/reference/aimer-192f -I../common/src -I/Users/seungwon/STM32CubeN6/Projects/NUCLEO-N657X0-Q/Templates/Template/FSBL/Inc -I/Users/seungwon/STM32CubeN6/Drivers/CMSIS/Include -I/Users/seungwon/STM32CubeN6/Drivers/CMSIS/Device/ST/STM32N6xx/Include -I/Users/seungwon/STM32CubeN6/Drivers/STM32N6xx_HAL_Driver/Inc -I/Users/seungwon/STM32CubeN6/Drivers/STM32N6xx_HAL_Driver/Inc/Legacy -O3 -std=c11 -fno-common -ffunction-sections -fdata-sections -fno-tree-vectorize -fno-tree-slp-vectorize -MMD -MP --specs=nosys.specs -Wall -Wextra -Wshadow -Wconversion -Wstrict-prototypes -mcpu=cortex-m55 -mthumb -mfloat-abi=hard -mcmse -fstack-usage -c /Users/seungwon/STM32CubeN6/Drivers/STM32N6xx_HAL_Driver/Src/stm32n6xx_hal_pwr_ex.c -o build/full/192f/mve-affine/benchmark/stm32n6xx_hal_pwr_ex.c.o
In file included from /Users/seungwon/STM32CubeN6/Drivers/CMSIS/Include/core_cm55.h:4605,
                 from /Users/seungwon/STM32CubeN6/Drivers/CMSIS/Device/ST/STM32N6xx/Include/stm32n657xx.h:281,
                 from /Users/seungwon/STM32CubeN6/Drivers/CMSIS/Device/ST/STM32N6xx/Include/stm32n6xx.h:87,
                 from /Users/seungwon/STM32CubeN6/Drivers/STM32N6xx_HAL_Driver/Inc/stm32n6xx_hal_def.h:33,
                 from /Users/seungwon/STM32CubeN6/Drivers/STM32N6xx_HAL_Driver/Inc/stm32n6xx_hal_rcc.h:28,
                 from /Users/seungwon/STM32CubeN6/Projects/NUCLEO-N657X0-Q/Templates/Template/FSBL/Inc/stm32n6xx_hal_conf.h:253,
                 from /Users/seungwon/STM32CubeN6/Drivers/STM32N6xx_HAL_Driver/Inc/stm32n6xx_hal.h:29,
                 from /Users/seungwon/STM32CubeN6/Drivers/STM32N6xx_HAL_Driver/Src/stm32n6xx_hal_pwr_ex.c:159:
/Users/seungwon/STM32CubeN6/Drivers/CMSIS/Include/m-profile/armv7m_cachel1.h: In function 'SCB_InvalidateICache_by_Addr':
/Users/seungwon/STM32CubeN6/Drivers/CMSIS/Include/m-profile/armv7m_cachel1.h:117:32: warning: conversion to 'long unsigned int' from 'int32_t' {aka 'long int'} may change the sign of the result [-Wsign-conversion]
  117 |        int32_t op_size = isize + (((uint32_t)addr) & (__SCB_ICACHE_LINE_SIZE - 1U));
      |                                ^
/Users/seungwon/STM32CubeN6/Drivers/CMSIS/Include/m-profile/armv7m_cachel1.h:117:26: warning: conversion to 'int32_t' {aka 'long int'} from 'long unsigned int' may change the sign of the result [-Wsign-conversion]
  117 |        int32_t op_size = isize + (((uint32_t)addr) & (__SCB_ICACHE_LINE_SIZE - 1U));
      |                          ^~~~~
/Users/seungwon/STM32CubeN6/Drivers/CMSIS/Include/m-profile/armv7m_cachel1.h:125:17: warning: conversion to 'long unsigned int' from 'int32_t' {aka 'long int'} may change the sign of the result [-Wsign-conversion]
  125 |         op_size -= __SCB_ICACHE_LINE_SIZE;
      |                 ^~
/Users/seungwon/STM32CubeN6/Drivers/CMSIS/Include/m-profile/armv7m_cachel1.h:48:33: warning: conversion to 'int32_t' {aka 'long int'} from 'long unsigned int' may change the sign of the result [-Wsign-conversion]
   48 | #define __SCB_ICACHE_LINE_SIZE  32U /*!< Cortex-M7 cache line size is fixed to 32 bytes (8 words). See also register SCB_CCSIDR */
      |                                 ^~~
/Users/seungwon/STM32CubeN6/Drivers/CMSIS/Include/m-profile/armv7m_cachel1.h:125:20: note: in expansion of macro '__SCB_ICACHE_LINE_SIZE'
  125 |         op_size -= __SCB_ICACHE_LINE_SIZE;
      |                    ^~~~~~~~~~~~~~~~~~~~~~
/Users/seungwon/STM32CubeN6/Drivers/CMSIS/Include/m-profile/armv7m_cachel1.h: In function 'SCB_InvalidateDCache_by_Addr':
/Users/seungwon/STM32CubeN6/Drivers/CMSIS/Include/m-profile/armv7m_cachel1.h:360:32: warning: conversion to 'long unsigned int' from 'int32_t' {aka 'long int'} may change the sign of the result [-Wsign-conversion]
  360 |        int32_t op_size = dsize + (((uint32_t)addr) & (__SCB_DCACHE_LINE_SIZE - 1U));
      |                                ^
/Users/seungwon/STM32CubeN6/Drivers/CMSIS/Include/m-profile/armv7m_cachel1.h:360:26: warning: conversion to 'int32_t' {aka 'long int'} from 'long unsigned int' may change the sign of the result [-Wsign-conversion]
  360 |        int32_t op_size = dsize + (((uint32_t)addr) & (__SCB_DCACHE_LINE_SIZE - 1U));
      |                          ^~~~~
/Users/seungwon/STM32CubeN6/Drivers/CMSIS/Include/m-profile/armv7m_cachel1.h:368:17: warning: conversion to 'long unsigned int' from 'int32_t' {aka 'long int'} may change the sign of the result [-Wsign-conversion]
  368 |         op_size -= __SCB_DCACHE_LINE_SIZE;
      |                 ^~
/Users/seungwon/STM32CubeN6/Drivers/CMSIS/Include/m-profile/armv7m_cachel1.h:44:33: warning: conversion to 'int32_t' {aka 'long int'} from 'long unsigned int' may change the sign of the result [-Wsign-conversion]
   44 | #define __SCB_DCACHE_LINE_SIZE  32U /*!< Cortex-M7 cache line size is fixed to 32 bytes (8 words). See also register SCB_CCSIDR */
      |                                 ^~~
/Users/seungwon/STM32CubeN6/Drivers/CMSIS/Include/m-profile/armv7m_cachel1.h:368:20: note: in expansion of macro '__SCB_DCACHE_LINE_SIZE'
  368 |         op_size -= __SCB_DCACHE_LINE_SIZE;
      |                    ^~~~~~~~~~~~~~~~~~~~~~
/Users/seungwon/STM32CubeN6/Drivers/CMSIS/Include/m-profile/armv7m_cachel1.h: In function 'SCB_CleanDCache_by_Addr':
/Users/seungwon/STM32CubeN6/Drivers/CMSIS/Include/m-profile/armv7m_cachel1.h:390:32: warning: conversion to 'long unsigned int' from 'int32_t' {aka 'long int'} may change the sign of the result [-Wsign-conversion]
  390 |        int32_t op_size = dsize + (((uint32_t)addr) & (__SCB_DCACHE_LINE_SIZE - 1U));
      |                                ^
/Users/seungwon/STM32CubeN6/Drivers/CMSIS/Include/m-profile/armv7m_cachel1.h:390:26: warning: conversion to 'int32_t' {aka 'long int'} from 'long unsigned int' may change the sign of the result [-Wsign-conversion]
  390 |        int32_t op_size = dsize + (((uint32_t)addr) & (__SCB_DCACHE_LINE_SIZE - 1U));
      |                          ^~~~~
/Users/seungwon/STM32CubeN6/Drivers/CMSIS/Include/m-profile/armv7m_cachel1.h:398:17: warning: conversion to 'long unsigned int' from 'int32_t' {aka 'long int'} may change the sign of the result [-Wsign-conversion]
  398 |         op_size -= __SCB_DCACHE_LINE_SIZE;
      |                 ^~
/Users/seungwon/STM32CubeN6/Drivers/CMSIS/Include/m-profile/armv7m_cachel1.h:44:33: warning: conversion to 'int32_t' {aka 'long int'} from 'long unsigned int' may change the sign of the result [-Wsign-conversion]
   44 | #define __SCB_DCACHE_LINE_SIZE  32U /*!< Cortex-M7 cache line size is fixed to 32 bytes (8 words). See also register SCB_CCSIDR */
      |                                 ^~~
/Users/seungwon/STM32CubeN6/Drivers/CMSIS/Include/m-profile/armv7m_cachel1.h:398:20: note: in expansion of macro '__SCB_DCACHE_LINE_SIZE'
  398 |         op_size -= __SCB_DCACHE_LINE_SIZE;
      |                    ^~~~~~~~~~~~~~~~~~~~~~
/Users/seungwon/STM32CubeN6/Drivers/CMSIS/Include/m-profile/armv7m_cachel1.h: In function 'SCB_CleanInvalidateDCache_by_Addr':
/Users/seungwon/STM32CubeN6/Drivers/CMSIS/Include/m-profile/armv7m_cachel1.h:420:32: warning: conversion to 'long unsigned int' from 'int32_t' {aka 'long int'} may change the sign of the result [-Wsign-conversion]
  420 |        int32_t op_size = dsize + (((uint32_t)addr) & (__SCB_DCACHE_LINE_SIZE - 1U));
      |                                ^
/Users/seungwon/STM32CubeN6/Drivers/CMSIS/Include/m-profile/armv7m_cachel1.h:420:26: warning: conversion to 'int32_t' {aka 'long int'} from 'long unsigned int' may change the sign of the result [-Wsign-conversion]
  420 |        int32_t op_size = dsize + (((uint32_t)addr) & (__SCB_DCACHE_LINE_SIZE - 1U));
      |                          ^~~~~
/Users/seungwon/STM32CubeN6/Drivers/CMSIS/Include/m-profile/armv7m_cachel1.h:428:17: warning: conversion to 'long unsigned int' from 'int32_t' {aka 'long int'} may change the sign of the result [-Wsign-conversion]
  428 |         op_size -=          __SCB_DCACHE_LINE_SIZE;
      |                 ^~
/Users/seungwon/STM32CubeN6/Drivers/CMSIS/Include/m-profile/armv7m_cachel1.h:44:33: warning: conversion to 'int32_t' {aka 'long int'} from 'long unsigned int' may change the sign of the result [-Wsign-conversion]
   44 | #define __SCB_DCACHE_LINE_SIZE  32U /*!< Cortex-M7 cache line size is fixed to 32 bytes (8 words). See also register SCB_CCSIDR */
      |                                 ^~~
/Users/seungwon/STM32CubeN6/Drivers/CMSIS/Include/m-profile/armv7m_cachel1.h:428:29: note: in expansion of macro '__SCB_DCACHE_LINE_SIZE'
  428 |         op_size -=          __SCB_DCACHE_LINE_SIZE;
      |                             ^~~~~~~~~~~~~~~~~~~~~~
/Users/seungwon/test/.tools/xpack-arm-none-eabi-gcc-15.2.1-1.1/bin/arm-none-eabi-gcc -DAIMER_MVE_BATCH -DAIMER_M55_MVE_MATVEC -DAIMER_BENCHMARK -DPARAMS=192f -DAIMER_BACKEND=mve -DAIMER_MATVEC=mve -DAIMER_CONFIG=mve_affine -DBENCH_KERNEL_SAMPLES=31 -DBENCH_E2E_SAMPLES=50 -DBENCH_KERNEL_INNER=64 -DBENCH_WARMUP=10 -DPROFILE_SAMPLES=31 -DPROFILE_KERNEL_INNER=64 -DPROFILE_COMPLEX_INNER=8 -DUSE_HAL_DRIVER -DSTM32N657xx -Iinclude -I../common/src/sig/aimer/reference/aimer-192f -I../common/src -I/Users/seungwon/STM32CubeN6/Projects/NUCLEO-N657X0-Q/Templates/Template/FSBL/Inc -I/Users/seungwon/STM32CubeN6/Drivers/CMSIS/Include -I/Users/seungwon/STM32CubeN6/Drivers/CMSIS/Device/ST/STM32N6xx/Include -I/Users/seungwon/STM32CubeN6/Drivers/STM32N6xx_HAL_Driver/Inc -I/Users/seungwon/STM32CubeN6/Drivers/STM32N6xx_HAL_Driver/Inc/Legacy -O3 -std=c11 -fno-common -ffunction-sections -fdata-sections -fno-tree-vectorize -fno-tree-slp-vectorize -MMD -MP --specs=nosys.specs -Wall -Wextra -Wshadow -Wconversion -Wstrict-prototypes -mcpu=cortex-m55 -mthumb -mfloat-abi=hard -mcmse -fstack-usage -c /Users/seungwon/STM32CubeN6/Drivers/STM32N6xx_HAL_Driver/Src/stm32n6xx_hal_rcc.c -o build/full/192f/mve-affine/benchmark/stm32n6xx_hal_rcc.c.o
In file included from /Users/seungwon/STM32CubeN6/Drivers/CMSIS/Include/core_cm55.h:4605,
                 from /Users/seungwon/STM32CubeN6/Drivers/CMSIS/Device/ST/STM32N6xx/Include/stm32n657xx.h:281,
                 from /Users/seungwon/STM32CubeN6/Drivers/CMSIS/Device/ST/STM32N6xx/Include/stm32n6xx.h:87,
                 from /Users/seungwon/STM32CubeN6/Drivers/STM32N6xx_HAL_Driver/Inc/stm32n6xx_hal_def.h:33,
                 from /Users/seungwon/STM32CubeN6/Drivers/STM32N6xx_HAL_Driver/Inc/stm32n6xx_hal_rcc.h:28,
                 from /Users/seungwon/STM32CubeN6/Projects/NUCLEO-N657X0-Q/Templates/Template/FSBL/Inc/stm32n6xx_hal_conf.h:253,
                 from /Users/seungwon/STM32CubeN6/Drivers/STM32N6xx_HAL_Driver/Inc/stm32n6xx_hal.h:29,
                 from /Users/seungwon/STM32CubeN6/Drivers/STM32N6xx_HAL_Driver/Src/stm32n6xx_hal_rcc.c:73:
/Users/seungwon/STM32CubeN6/Drivers/CMSIS/Include/m-profile/armv7m_cachel1.h: In function 'SCB_InvalidateICache_by_Addr':
/Users/seungwon/STM32CubeN6/Drivers/CMSIS/Include/m-profile/armv7m_cachel1.h:117:32: warning: conversion to 'long unsigned int' from 'int32_t' {aka 'long int'} may change the sign of the result [-Wsign-conversion]
  117 |        int32_t op_size = isize + (((uint32_t)addr) & (__SCB_ICACHE_LINE_SIZE - 1U));
      |                                ^
/Users/seungwon/STM32CubeN6/Drivers/CMSIS/Include/m-profile/armv7m_cachel1.h:117:26: warning: conversion to 'int32_t' {aka 'long int'} from 'long unsigned int' may change the sign of the result [-Wsign-conversion]
  117 |        int32_t op_size = isize + (((uint32_t)addr) & (__SCB_ICACHE_LINE_SIZE - 1U));
      |                          ^~~~~
/Users/seungwon/STM32CubeN6/Drivers/CMSIS/Include/m-profile/armv7m_cachel1.h:125:17: warning: conversion to 'long unsigned int' from 'int32_t' {aka 'long int'} may change the sign of the result [-Wsign-conversion]
  125 |         op_size -= __SCB_ICACHE_LINE_SIZE;
      |                 ^~
/Users/seungwon/STM32CubeN6/Drivers/CMSIS/Include/m-profile/armv7m_cachel1.h:48:33: warning: conversion to 'int32_t' {aka 'long int'} from 'long unsigned int' may change the sign of the result [-Wsign-conversion]
   48 | #define __SCB_ICACHE_LINE_SIZE  32U /*!< Cortex-M7 cache line size is fixed to 32 bytes (8 words). See also register SCB_CCSIDR */
      |                                 ^~~
/Users/seungwon/STM32CubeN6/Drivers/CMSIS/Include/m-profile/armv7m_cachel1.h:125:20: note: in expansion of macro '__SCB_ICACHE_LINE_SIZE'
  125 |         op_size -= __SCB_ICACHE_LINE_SIZE;
      |                    ^~~~~~~~~~~~~~~~~~~~~~
/Users/seungwon/STM32CubeN6/Drivers/CMSIS/Include/m-profile/armv7m_cachel1.h: In function 'SCB_InvalidateDCache_by_Addr':
/Users/seungwon/STM32CubeN6/Drivers/CMSIS/Include/m-profile/armv7m_cachel1.h:360:32: warning: conversion to 'long unsigned int' from 'int32_t' {aka 'long int'} may change the sign of the result [-Wsign-conversion]
  360 |        int32_t op_size = dsize + (((uint32_t)addr) & (__SCB_DCACHE_LINE_SIZE - 1U));
      |                                ^
/Users/seungwon/STM32CubeN6/Drivers/CMSIS/Include/m-profile/armv7m_cachel1.h:360:26: warning: conversion to 'int32_t' {aka 'long int'} from 'long unsigned int' may change the sign of the result [-Wsign-conversion]
  360 |        int32_t op_size = dsize + (((uint32_t)addr) & (__SCB_DCACHE_LINE_SIZE - 1U));
      |                          ^~~~~
/Users/seungwon/STM32CubeN6/Drivers/CMSIS/Include/m-profile/armv7m_cachel1.h:368:17: warning: conversion to 'long unsigned int' from 'int32_t' {aka 'long int'} may change the sign of the result [-Wsign-conversion]
  368 |         op_size -= __SCB_DCACHE_LINE_SIZE;
      |                 ^~
/Users/seungwon/STM32CubeN6/Drivers/CMSIS/Include/m-profile/armv7m_cachel1.h:44:33: warning: conversion to 'int32_t' {aka 'long int'} from 'long unsigned int' may change the sign of the result [-Wsign-conversion]
   44 | #define __SCB_DCACHE_LINE_SIZE  32U /*!< Cortex-M7 cache line size is fixed to 32 bytes (8 words). See also register SCB_CCSIDR */
      |                                 ^~~
/Users/seungwon/STM32CubeN6/Drivers/CMSIS/Include/m-profile/armv7m_cachel1.h:368:20: note: in expansion of macro '__SCB_DCACHE_LINE_SIZE'
  368 |         op_size -= __SCB_DCACHE_LINE_SIZE;
      |                    ^~~~~~~~~~~~~~~~~~~~~~
/Users/seungwon/STM32CubeN6/Drivers/CMSIS/Include/m-profile/armv7m_cachel1.h: In function 'SCB_CleanDCache_by_Addr':
/Users/seungwon/STM32CubeN6/Drivers/CMSIS/Include/m-profile/armv7m_cachel1.h:390:32: warning: conversion to 'long unsigned int' from 'int32_t' {aka 'long int'} may change the sign of the result [-Wsign-conversion]
  390 |        int32_t op_size = dsize + (((uint32_t)addr) & (__SCB_DCACHE_LINE_SIZE - 1U));
      |                                ^
/Users/seungwon/STM32CubeN6/Drivers/CMSIS/Include/m-profile/armv7m_cachel1.h:390:26: warning: conversion to 'int32_t' {aka 'long int'} from 'long unsigned int' may change the sign of the result [-Wsign-conversion]
  390 |        int32_t op_size = dsize + (((uint32_t)addr) & (__SCB_DCACHE_LINE_SIZE - 1U));
      |                          ^~~~~
/Users/seungwon/STM32CubeN6/Drivers/CMSIS/Include/m-profile/armv7m_cachel1.h:398:17: warning: conversion to 'long unsigned int' from 'int32_t' {aka 'long int'} may change the sign of the result [-Wsign-conversion]
  398 |         op_size -= __SCB_DCACHE_LINE_SIZE;
      |                 ^~
/Users/seungwon/STM32CubeN6/Drivers/CMSIS/Include/m-profile/armv7m_cachel1.h:44:33: warning: conversion to 'int32_t' {aka 'long int'} from 'long unsigned int' may change the sign of the result [-Wsign-conversion]
   44 | #define __SCB_DCACHE_LINE_SIZE  32U /*!< Cortex-M7 cache line size is fixed to 32 bytes (8 words). See also register SCB_CCSIDR */
      |                                 ^~~
/Users/seungwon/STM32CubeN6/Drivers/CMSIS/Include/m-profile/armv7m_cachel1.h:398:20: note: in expansion of macro '__SCB_DCACHE_LINE_SIZE'
  398 |         op_size -= __SCB_DCACHE_LINE_SIZE;
      |                    ^~~~~~~~~~~~~~~~~~~~~~
/Users/seungwon/STM32CubeN6/Drivers/CMSIS/Include/m-profile/armv7m_cachel1.h: In function 'SCB_CleanInvalidateDCache_by_Addr':
/Users/seungwon/STM32CubeN6/Drivers/CMSIS/Include/m-profile/armv7m_cachel1.h:420:32: warning: conversion to 'long unsigned int' from 'int32_t' {aka 'long int'} may change the sign of the result [-Wsign-conversion]
  420 |        int32_t op_size = dsize + (((uint32_t)addr) & (__SCB_DCACHE_LINE_SIZE - 1U));
      |                                ^
/Users/seungwon/STM32CubeN6/Drivers/CMSIS/Include/m-profile/armv7m_cachel1.h:420:26: warning: conversion to 'int32_t' {aka 'long int'} from 'long unsigned int' may change the sign of the result [-Wsign-conversion]
  420 |        int32_t op_size = dsize + (((uint32_t)addr) & (__SCB_DCACHE_LINE_SIZE - 1U));
      |                          ^~~~~
/Users/seungwon/STM32CubeN6/Drivers/CMSIS/Include/m-profile/armv7m_cachel1.h:428:17: warning: conversion to 'long unsigned int' from 'int32_t' {aka 'long int'} may change the sign of the result [-Wsign-conversion]
  428 |         op_size -=          __SCB_DCACHE_LINE_SIZE;
      |                 ^~
/Users/seungwon/STM32CubeN6/Drivers/CMSIS/Include/m-profile/armv7m_cachel1.h:44:33: warning: conversion to 'int32_t' {aka 'long int'} from 'long unsigned int' may change the sign of the result [-Wsign-conversion]
   44 | #define __SCB_DCACHE_LINE_SIZE  32U /*!< Cortex-M7 cache line size is fixed to 32 bytes (8 words). See also register SCB_CCSIDR */
      |                                 ^~~
/Users/seungwon/STM32CubeN6/Drivers/CMSIS/Include/m-profile/armv7m_cachel1.h:428:29: note: in expansion of macro '__SCB_DCACHE_LINE_SIZE'
  428 |         op_size -=          __SCB_DCACHE_LINE_SIZE;
      |                             ^~~~~~~~~~~~~~~~~~~~~~
/Users/seungwon/test/.tools/xpack-arm-none-eabi-gcc-15.2.1-1.1/bin/arm-none-eabi-gcc -DAIMER_MVE_BATCH -DAIMER_M55_MVE_MATVEC -DAIMER_BENCHMARK -DPARAMS=192f -DAIMER_BACKEND=mve -DAIMER_MATVEC=mve -DAIMER_CONFIG=mve_affine -DBENCH_KERNEL_SAMPLES=31 -DBENCH_E2E_SAMPLES=50 -DBENCH_KERNEL_INNER=64 -DBENCH_WARMUP=10 -DPROFILE_SAMPLES=31 -DPROFILE_KERNEL_INNER=64 -DPROFILE_COMPLEX_INNER=8 -DUSE_HAL_DRIVER -DSTM32N657xx -Iinclude -I../common/src/sig/aimer/reference/aimer-192f -I../common/src -I/Users/seungwon/STM32CubeN6/Projects/NUCLEO-N657X0-Q/Templates/Template/FSBL/Inc -I/Users/seungwon/STM32CubeN6/Drivers/CMSIS/Include -I/Users/seungwon/STM32CubeN6/Drivers/CMSIS/Device/ST/STM32N6xx/Include -I/Users/seungwon/STM32CubeN6/Drivers/STM32N6xx_HAL_Driver/Inc -I/Users/seungwon/STM32CubeN6/Drivers/STM32N6xx_HAL_Driver/Inc/Legacy -O3 -std=c11 -fno-common -ffunction-sections -fdata-sections -fno-tree-vectorize -fno-tree-slp-vectorize -MMD -MP --specs=nosys.specs -Wall -Wextra -Wshadow -Wconversion -Wstrict-prototypes -mcpu=cortex-m55 -mthumb -mfloat-abi=hard -mcmse -fstack-usage -c /Users/seungwon/STM32CubeN6/Drivers/STM32N6xx_HAL_Driver/Src/stm32n6xx_hal_rcc_ex.c -o build/full/192f/mve-affine/benchmark/stm32n6xx_hal_rcc_ex.c.o
In file included from /Users/seungwon/STM32CubeN6/Drivers/CMSIS/Include/core_cm55.h:4605,
                 from /Users/seungwon/STM32CubeN6/Drivers/CMSIS/Device/ST/STM32N6xx/Include/stm32n657xx.h:281,
                 from /Users/seungwon/STM32CubeN6/Drivers/CMSIS/Device/ST/STM32N6xx/Include/stm32n6xx.h:87,
                 from /Users/seungwon/STM32CubeN6/Drivers/STM32N6xx_HAL_Driver/Inc/stm32n6xx_hal_def.h:33,
                 from /Users/seungwon/STM32CubeN6/Drivers/STM32N6xx_HAL_Driver/Inc/stm32n6xx_hal_rcc.h:28,
                 from /Users/seungwon/STM32CubeN6/Projects/NUCLEO-N657X0-Q/Templates/Template/FSBL/Inc/stm32n6xx_hal_conf.h:253,
                 from /Users/seungwon/STM32CubeN6/Drivers/STM32N6xx_HAL_Driver/Inc/stm32n6xx_hal.h:29,
                 from /Users/seungwon/STM32CubeN6/Drivers/STM32N6xx_HAL_Driver/Src/stm32n6xx_hal_rcc_ex.c:24:
/Users/seungwon/STM32CubeN6/Drivers/CMSIS/Include/m-profile/armv7m_cachel1.h: In function 'SCB_InvalidateICache_by_Addr':
/Users/seungwon/STM32CubeN6/Drivers/CMSIS/Include/m-profile/armv7m_cachel1.h:117:32: warning: conversion to 'long unsigned int' from 'int32_t' {aka 'long int'} may change the sign of the result [-Wsign-conversion]
  117 |        int32_t op_size = isize + (((uint32_t)addr) & (__SCB_ICACHE_LINE_SIZE - 1U));
      |                                ^
/Users/seungwon/STM32CubeN6/Drivers/CMSIS/Include/m-profile/armv7m_cachel1.h:117:26: warning: conversion to 'int32_t' {aka 'long int'} from 'long unsigned int' may change the sign of the result [-Wsign-conversion]
  117 |        int32_t op_size = isize + (((uint32_t)addr) & (__SCB_ICACHE_LINE_SIZE - 1U));
      |                          ^~~~~
/Users/seungwon/STM32CubeN6/Drivers/CMSIS/Include/m-profile/armv7m_cachel1.h:125:17: warning: conversion to 'long unsigned int' from 'int32_t' {aka 'long int'} may change the sign of the result [-Wsign-conversion]
  125 |         op_size -= __SCB_ICACHE_LINE_SIZE;
      |                 ^~
/Users/seungwon/STM32CubeN6/Drivers/CMSIS/Include/m-profile/armv7m_cachel1.h:48:33: warning: conversion to 'int32_t' {aka 'long int'} from 'long unsigned int' may change the sign of the result [-Wsign-conversion]
   48 | #define __SCB_ICACHE_LINE_SIZE  32U /*!< Cortex-M7 cache line size is fixed to 32 bytes (8 words). See also register SCB_CCSIDR */
      |                                 ^~~
/Users/seungwon/STM32CubeN6/Drivers/CMSIS/Include/m-profile/armv7m_cachel1.h:125:20: note: in expansion of macro '__SCB_ICACHE_LINE_SIZE'
  125 |         op_size -= __SCB_ICACHE_LINE_SIZE;
      |                    ^~~~~~~~~~~~~~~~~~~~~~
/Users/seungwon/STM32CubeN6/Drivers/CMSIS/Include/m-profile/armv7m_cachel1.h: In function 'SCB_InvalidateDCache_by_Addr':
/Users/seungwon/STM32CubeN6/Drivers/CMSIS/Include/m-profile/armv7m_cachel1.h:360:32: warning: conversion to 'long unsigned int' from 'int32_t' {aka 'long int'} may change the sign of the result [-Wsign-conversion]
  360 |        int32_t op_size = dsize + (((uint32_t)addr) & (__SCB_DCACHE_LINE_SIZE - 1U));
      |                                ^
/Users/seungwon/STM32CubeN6/Drivers/CMSIS/Include/m-profile/armv7m_cachel1.h:360:26: warning: conversion to 'int32_t' {aka 'long int'} from 'long unsigned int' may change the sign of the result [-Wsign-conversion]
  360 |        int32_t op_size = dsize + (((uint32_t)addr) & (__SCB_DCACHE_LINE_SIZE - 1U));
      |                          ^~~~~
/Users/seungwon/STM32CubeN6/Drivers/CMSIS/Include/m-profile/armv7m_cachel1.h:368:17: warning: conversion to 'long unsigned int' from 'int32_t' {aka 'long int'} may change the sign of the result [-Wsign-conversion]
  368 |         op_size -= __SCB_DCACHE_LINE_SIZE;
      |                 ^~
/Users/seungwon/STM32CubeN6/Drivers/CMSIS/Include/m-profile/armv7m_cachel1.h:44:33: warning: conversion to 'int32_t' {aka 'long int'} from 'long unsigned int' may change the sign of the result [-Wsign-conversion]
   44 | #define __SCB_DCACHE_LINE_SIZE  32U /*!< Cortex-M7 cache line size is fixed to 32 bytes (8 words). See also register SCB_CCSIDR */
      |                                 ^~~
/Users/seungwon/STM32CubeN6/Drivers/CMSIS/Include/m-profile/armv7m_cachel1.h:368:20: note: in expansion of macro '__SCB_DCACHE_LINE_SIZE'
  368 |         op_size -= __SCB_DCACHE_LINE_SIZE;
      |                    ^~~~~~~~~~~~~~~~~~~~~~
/Users/seungwon/STM32CubeN6/Drivers/CMSIS/Include/m-profile/armv7m_cachel1.h: In function 'SCB_CleanDCache_by_Addr':
/Users/seungwon/STM32CubeN6/Drivers/CMSIS/Include/m-profile/armv7m_cachel1.h:390:32: warning: conversion to 'long unsigned int' from 'int32_t' {aka 'long int'} may change the sign of the result [-Wsign-conversion]
  390 |        int32_t op_size = dsize + (((uint32_t)addr) & (__SCB_DCACHE_LINE_SIZE - 1U));
      |                                ^
/Users/seungwon/STM32CubeN6/Drivers/CMSIS/Include/m-profile/armv7m_cachel1.h:390:26: warning: conversion to 'int32_t' {aka 'long int'} from 'long unsigned int' may change the sign of the result [-Wsign-conversion]
  390 |        int32_t op_size = dsize + (((uint32_t)addr) & (__SCB_DCACHE_LINE_SIZE - 1U));
      |                          ^~~~~
/Users/seungwon/STM32CubeN6/Drivers/CMSIS/Include/m-profile/armv7m_cachel1.h:398:17: warning: conversion to 'long unsigned int' from 'int32_t' {aka 'long int'} may change the sign of the result [-Wsign-conversion]
  398 |         op_size -= __SCB_DCACHE_LINE_SIZE;
      |                 ^~
/Users/seungwon/STM32CubeN6/Drivers/CMSIS/Include/m-profile/armv7m_cachel1.h:44:33: warning: conversion to 'int32_t' {aka 'long int'} from 'long unsigned int' may change the sign of the result [-Wsign-conversion]
   44 | #define __SCB_DCACHE_LINE_SIZE  32U /*!< Cortex-M7 cache line size is fixed to 32 bytes (8 words). See also register SCB_CCSIDR */
      |                                 ^~~
/Users/seungwon/STM32CubeN6/Drivers/CMSIS/Include/m-profile/armv7m_cachel1.h:398:20: note: in expansion of macro '__SCB_DCACHE_LINE_SIZE'
  398 |         op_size -= __SCB_DCACHE_LINE_SIZE;
      |                    ^~~~~~~~~~~~~~~~~~~~~~
/Users/seungwon/STM32CubeN6/Drivers/CMSIS/Include/m-profile/armv7m_cachel1.h: In function 'SCB_CleanInvalidateDCache_by_Addr':
/Users/seungwon/STM32CubeN6/Drivers/CMSIS/Include/m-profile/armv7m_cachel1.h:420:32: warning: conversion to 'long unsigned int' from 'int32_t' {aka 'long int'} may change the sign of the result [-Wsign-conversion]
  420 |        int32_t op_size = dsize + (((uint32_t)addr) & (__SCB_DCACHE_LINE_SIZE - 1U));
      |                                ^
/Users/seungwon/STM32CubeN6/Drivers/CMSIS/Include/m-profile/armv7m_cachel1.h:420:26: warning: conversion to 'int32_t' {aka 'long int'} from 'long unsigned int' may change the sign of the result [-Wsign-conversion]
  420 |        int32_t op_size = dsize + (((uint32_t)addr) & (__SCB_DCACHE_LINE_SIZE - 1U));
      |                          ^~~~~
/Users/seungwon/STM32CubeN6/Drivers/CMSIS/Include/m-profile/armv7m_cachel1.h:428:17: warning: conversion to 'long unsigned int' from 'int32_t' {aka 'long int'} may change the sign of the result [-Wsign-conversion]
  428 |         op_size -=          __SCB_DCACHE_LINE_SIZE;
      |                 ^~
/Users/seungwon/STM32CubeN6/Drivers/CMSIS/Include/m-profile/armv7m_cachel1.h:44:33: warning: conversion to 'int32_t' {aka 'long int'} from 'long unsigned int' may change the sign of the result [-Wsign-conversion]
   44 | #define __SCB_DCACHE_LINE_SIZE  32U /*!< Cortex-M7 cache line size is fixed to 32 bytes (8 words). See also register SCB_CCSIDR */
      |                                 ^~~
/Users/seungwon/STM32CubeN6/Drivers/CMSIS/Include/m-profile/armv7m_cachel1.h:428:29: note: in expansion of macro '__SCB_DCACHE_LINE_SIZE'
  428 |         op_size -=          __SCB_DCACHE_LINE_SIZE;
      |                             ^~~~~~~~~~~~~~~~~~~~~~
/Users/seungwon/test/.tools/xpack-arm-none-eabi-gcc-15.2.1-1.1/bin/arm-none-eabi-gcc -DAIMER_MVE_BATCH -DAIMER_M55_MVE_MATVEC -DAIMER_BENCHMARK -DPARAMS=192f -DAIMER_BACKEND=mve -DAIMER_MATVEC=mve -DAIMER_CONFIG=mve_affine -DBENCH_KERNEL_SAMPLES=31 -DBENCH_E2E_SAMPLES=50 -DBENCH_KERNEL_INNER=64 -DBENCH_WARMUP=10 -DPROFILE_SAMPLES=31 -DPROFILE_KERNEL_INNER=64 -DPROFILE_COMPLEX_INNER=8 -DUSE_HAL_DRIVER -DSTM32N657xx -Iinclude -I../common/src/sig/aimer/reference/aimer-192f -I../common/src -I/Users/seungwon/STM32CubeN6/Projects/NUCLEO-N657X0-Q/Templates/Template/FSBL/Inc -I/Users/seungwon/STM32CubeN6/Drivers/CMSIS/Include -I/Users/seungwon/STM32CubeN6/Drivers/CMSIS/Device/ST/STM32N6xx/Include -I/Users/seungwon/STM32CubeN6/Drivers/STM32N6xx_HAL_Driver/Inc -I/Users/seungwon/STM32CubeN6/Drivers/STM32N6xx_HAL_Driver/Inc/Legacy -O3 -std=c11 -fno-common -ffunction-sections -fdata-sections -fno-tree-vectorize -fno-tree-slp-vectorize -MMD -MP --specs=nosys.specs -Wall -Wextra -Wshadow -Wconversion -Wstrict-prototypes -mcpu=cortex-m55 -mthumb -mfloat-abi=hard -mcmse -fstack-usage -x assembler-with-cpp -c /Users/seungwon/STM32CubeN6/Projects/NUCLEO-N657X0-Q/Templates/Template/STM32CubeIDE/FSBL/Application/Startup/startup_stm32n657x0hxq_fsbl.s -o build/full/192f/mve-affine/benchmark/startup_stm32n657x0hxq_fsbl.s.o
/Users/seungwon/test/.tools/xpack-arm-none-eabi-gcc-15.2.1-1.1/bin/arm-none-eabi-gcc --specs=nosys.specs -Wl,--gc-sections -Wl,--print-memory-usage -Wl,-Map,build/full/192f/mve-affine/benchmark/aimer-m55-192f-mve-affine-benchmark.map -Wl,--wrap=main -Wl,--wrap=_write -Wl,--wrap=_read -Tplatform/nucleo-n657x0-q/stm32n657-axi-sram.ld -Wl,--wrap=samsungsds_aimer_192f_ref_gf_mat_vec_mul_add -mcpu=cortex-m55 -mthumb -mfloat-abi=hard -mcmse -Wl,--wrap=samsungsds_aimer_192f_ref_crypto_sign_signature -Wl,--wrap=samsungsds_aimer_192f_ref_crypto_sign -Wl,--wrap=samsungsds_aimer_192f_ref_crypto_sign_verify -Wl,--wrap=samsungsds_aimer_192f_ref_crypto_sign_open build/full/192f/mve-affine/benchmark/benchmark.c.o build/full/192f/mve-affine/benchmark/sign_low_memory.c.o build/full/192f/mve-affine/benchmark/verify_batch.c.o build/full/192f/mve-affine/benchmark/field_batch.c.o build/full/192f/mve-affine/benchmark/mpc_batch.c.o build/full/192f/mve-affine/benchmark/aim3.c.o build/full/192f/mve-affine/benchmark/hash.c.o build/full/192f/mve-affine/benchmark/sign.c.o build/full/192f/mve-affine/benchmark/tree.c.o build/full/192f/mve-affine/benchmark/field_common.c.o build/full/192f/mve-affine/benchmark/field_mve.c.o build/full/192f/mve-affine/benchmark/matvec_mve.c.o build/full/192f/mve-affine/benchmark/aes.c.o build/full/192f/mve-affine/benchmark/fips202.c.o build/full/192f/mve-affine/benchmark/rng.c.o build/full/192f/mve-affine/benchmark/platform.c.o build/full/192f/mve-affine/benchmark/system_stm32n6xx_fsbl.c.o build/full/192f/mve-affine/benchmark/stm32n6xx_hal.c.o build/full/192f/mve-affine/benchmark/stm32n6xx_hal_cortex.c.o build/full/192f/mve-affine/benchmark/stm32n6xx_hal_pwr.c.o build/full/192f/mve-affine/benchmark/stm32n6xx_hal_pwr_ex.c.o build/full/192f/mve-affine/benchmark/stm32n6xx_hal_rcc.c.o build/full/192f/mve-affine/benchmark/stm32n6xx_hal_rcc_ex.c.o build/full/192f/mve-affine/benchmark/startup_stm32n657x0hxq_fsbl.s.o -lc -lm -o build/full/192f/mve-affine/benchmark/aimer-m55-192f-mve-affine-benchmark.elf
/Users/seungwon/test/.tools/xpack-arm-none-eabi-gcc-15.2.1-1.1/bin/../lib/gcc/arm-none-eabi/15.2.1/../../../../arm-none-eabi/bin/ld: /Users/seungwon/test/.tools/xpack-arm-none-eabi-gcc-15.2.1-1.1/bin/../lib/gcc/arm-none-eabi/15.2.1/../../../../arm-none-eabi/lib/thumb/v8-m.main+dp/hard/libc.a(libc_a-closer.o): in function `_close_r':
(.text._close_r+0xc): warning: _close is not implemented and will always fail
/Users/seungwon/test/.tools/xpack-arm-none-eabi-gcc-15.2.1-1.1/bin/../lib/gcc/arm-none-eabi/15.2.1/../../../../arm-none-eabi/bin/ld: /Users/seungwon/test/.tools/xpack-arm-none-eabi-gcc-15.2.1-1.1/bin/../lib/gcc/arm-none-eabi/15.2.1/../../../../arm-none-eabi/lib/thumb/v8-m.main+dp/hard/libc.a(libc_a-closer.o): note: the message above does not take linker garbage collection into account
/Users/seungwon/test/.tools/xpack-arm-none-eabi-gcc-15.2.1-1.1/bin/../lib/gcc/arm-none-eabi/15.2.1/../../../../arm-none-eabi/bin/ld: /Users/seungwon/test/.tools/xpack-arm-none-eabi-gcc-15.2.1-1.1/bin/../lib/gcc/arm-none-eabi/15.2.1/../../../../arm-none-eabi/lib/thumb/v8-m.main+dp/hard/libc.a(libc_a-fstatr.o): in function `_fstat_r':
(.text._fstat_r+0xe): warning: _fstat is not implemented and will always fail
/Users/seungwon/test/.tools/xpack-arm-none-eabi-gcc-15.2.1-1.1/bin/../lib/gcc/arm-none-eabi/15.2.1/../../../../arm-none-eabi/bin/ld: /Users/seungwon/test/.tools/xpack-arm-none-eabi-gcc-15.2.1-1.1/bin/../lib/gcc/arm-none-eabi/15.2.1/../../../../arm-none-eabi/lib/thumb/v8-m.main+dp/hard/libc.a(libc_a-fstatr.o): note: the message above does not take linker garbage collection into account
/Users/seungwon/test/.tools/xpack-arm-none-eabi-gcc-15.2.1-1.1/bin/../lib/gcc/arm-none-eabi/15.2.1/../../../../arm-none-eabi/bin/ld: /Users/seungwon/test/.tools/xpack-arm-none-eabi-gcc-15.2.1-1.1/bin/../lib/gcc/arm-none-eabi/15.2.1/../../../../arm-none-eabi/lib/thumb/v8-m.main+dp/hard/libc.a(libc_a-signalr.o): in function `_getpid_r':
(.text._getpid_r+0x0): warning: _getpid is not implemented and will always fail
/Users/seungwon/test/.tools/xpack-arm-none-eabi-gcc-15.2.1-1.1/bin/../lib/gcc/arm-none-eabi/15.2.1/../../../../arm-none-eabi/bin/ld: /Users/seungwon/test/.tools/xpack-arm-none-eabi-gcc-15.2.1-1.1/bin/../lib/gcc/arm-none-eabi/15.2.1/../../../../arm-none-eabi/lib/thumb/v8-m.main+dp/hard/libc.a(libc_a-signalr.o): note: the message above does not take linker garbage collection into account
/Users/seungwon/test/.tools/xpack-arm-none-eabi-gcc-15.2.1-1.1/bin/../lib/gcc/arm-none-eabi/15.2.1/../../../../arm-none-eabi/bin/ld: /Users/seungwon/test/.tools/xpack-arm-none-eabi-gcc-15.2.1-1.1/bin/../lib/gcc/arm-none-eabi/15.2.1/../../../../arm-none-eabi/lib/thumb/v8-m.main+dp/hard/libc.a(libc_a-isattyr.o): in function `_isatty_r':
(.text._isatty_r+0xc): warning: _isatty is not implemented and will always fail
/Users/seungwon/test/.tools/xpack-arm-none-eabi-gcc-15.2.1-1.1/bin/../lib/gcc/arm-none-eabi/15.2.1/../../../../arm-none-eabi/bin/ld: /Users/seungwon/test/.tools/xpack-arm-none-eabi-gcc-15.2.1-1.1/bin/../lib/gcc/arm-none-eabi/15.2.1/../../../../arm-none-eabi/lib/thumb/v8-m.main+dp/hard/libc.a(libc_a-isattyr.o): note: the message above does not take linker garbage collection into account
/Users/seungwon/test/.tools/xpack-arm-none-eabi-gcc-15.2.1-1.1/bin/../lib/gcc/arm-none-eabi/15.2.1/../../../../arm-none-eabi/bin/ld: /Users/seungwon/test/.tools/xpack-arm-none-eabi-gcc-15.2.1-1.1/bin/../lib/gcc/arm-none-eabi/15.2.1/../../../../arm-none-eabi/lib/thumb/v8-m.main+dp/hard/libc.a(libc_a-signalr.o): in function `_kill_r':
(.text._kill_r+0xe): warning: _kill is not implemented and will always fail
/Users/seungwon/test/.tools/xpack-arm-none-eabi-gcc-15.2.1-1.1/bin/../lib/gcc/arm-none-eabi/15.2.1/../../../../arm-none-eabi/bin/ld: /Users/seungwon/test/.tools/xpack-arm-none-eabi-gcc-15.2.1-1.1/bin/../lib/gcc/arm-none-eabi/15.2.1/../../../../arm-none-eabi/lib/thumb/v8-m.main+dp/hard/libc.a(libc_a-signalr.o): note: the message above does not take linker garbage collection into account
/Users/seungwon/test/.tools/xpack-arm-none-eabi-gcc-15.2.1-1.1/bin/../lib/gcc/arm-none-eabi/15.2.1/../../../../arm-none-eabi/bin/ld: /Users/seungwon/test/.tools/xpack-arm-none-eabi-gcc-15.2.1-1.1/bin/../lib/gcc/arm-none-eabi/15.2.1/../../../../arm-none-eabi/lib/thumb/v8-m.main+dp/hard/libc.a(libc_a-lseekr.o): in function `_lseek_r':
(.text._lseek_r+0x10): warning: _lseek is not implemented and will always fail
/Users/seungwon/test/.tools/xpack-arm-none-eabi-gcc-15.2.1-1.1/bin/../lib/gcc/arm-none-eabi/15.2.1/../../../../arm-none-eabi/bin/ld: /Users/seungwon/test/.tools/xpack-arm-none-eabi-gcc-15.2.1-1.1/bin/../lib/gcc/arm-none-eabi/15.2.1/../../../../arm-none-eabi/lib/thumb/v8-m.main+dp/hard/libc.a(libc_a-lseekr.o): note: the message above does not take linker garbage collection into account
Memory region         Used Size  Region Size  %age Used
             ROM:       77616 B       255 KB     29.72%
         BOOTRAM:        256 KB       256 KB    100.00%
         HEAPRAM:          4 KB      1792 KB      0.22%
/Users/seungwon/test/.tools/xpack-arm-none-eabi-gcc-15.2.1-1.1/bin/arm-none-eabi-size build/full/192f/mve-affine/benchmark/aimer-m55-192f-mve-affine-benchmark.elf
   text	   data	    bss	    dec	    hex	filename
  75408	   2192	 151696	 229296	  37fb0	build/full/192f/mve-affine/benchmark/aimer-m55-192f-mve-affine-benchmark.elf
/Users/Shared/cortexctl run m55 -- /Users/seungwon/test/.tools/xpack-openocd-0.12.0-7/bin/openocd \
		-s /Users/seungwon/test/.tools/xpack-openocd-0.12.0-7/openocd/scripts -s /Users/seungwon/test/.tools/openocd-scripts \
		-f platform/nucleo-n657x0-q/openocd.cfg \
		-c init -c 'reset halt' \
		-c 'load_image /Users/seungwon/AIMer3_on_AVX512/m55/build/full/192f/mve-affine/benchmark/aimer-m55-192f-mve-affine-benchmark.elf' \
		-c 'verify_image /Users/seungwon/AIMer3_on_AVX512/m55/build/full/192f/mve-affine/benchmark/aimer-m55-192f-mve-affine-benchmark.elf' \
		-c 'set vector_msp [mrw 0x34180400]' \
		-c 'set vector_reset [mrw 0x34180404]' \
		-c 'arm semihosting enable' \
		-c 'arm semihosting_resexit enable' \
		-c 'reg msp $vector_msp' -c 'resume $vector_reset'
xPack Open On-Chip Debugger 0.12.0+dev-02228-ge5888bda3-dirty (2025-10-04-22:45)
Licensed under GNU GPL v2
For bug reports, read
	http://openocd.org/doc/doxygen/bugs.html
adapter speed: 1000 kHz
Info : STLINK V3J15M6 (API v3) VID:PID 0483:3754
Info : Target voltage: 3.279840
Info : clock speed 1000 kHz
Info : SWD DPIDR 0x6ba02477
Info : [stm32n6x.ap0] Examination succeed
Info : [stm32n6x.cpu] Cortex-M55 r1p1 processor detected
Info : [stm32n6x.cpu] target has 8 breakpoints, 8 watchpoints
stm32n6x.cpu in Secure state
Info : [stm32n6x.cpu] Examination succeed
Info : [stm32n6x.ap0] gdb port disabled
Info : [stm32n6x.cpu] starting gdb server on 3333
Info : Listening on port 3333 for gdb connections
[stm32n6x.cpu] halted due to debug-request, current mode: Thread 
xPSR: 0x81000000 pc: 0x18003a1a msp: 0x341037a0
76448 bytes written at address 0x34180000
2192 bytes written at address 0x34192aa0
downloaded 78640 bytes in 0.576459s (133.222 KiB/s)
verified 78640 bytes in 0.629584s (121.980 KiB/s)
0x34200000
0x3418a9f1
semihosting is enabled
semihosting resumable exit is enabled
msp (/32): 0x34200000
Info : Listening on port 6666 for tcl connections
Info : Listening on port 4444 for telnet connections
AIMer v3 on NUCLEO-N657X0-Q
Cortex-M55 @ 600000000 Hz, MVE=2, I/D-cache=on
BENCH_CONFIG,param=192f,config=mve_affine,backend=mve,matvec=mve,cpu_hz=600000000,long_timer_hz=600000000,kernel_samples=31,e2e_samples=50,kernel_inner=64,warmup=10
BENCH_TIMER_CHECK,param=192f,config=mve_affine,backend=mve,matvec=mve,pmu_cycles=91948,timer_cycles=92233,error_ppm=3099
BENCH_SAMPLE,param=192f,config=mve_affine,backend=mve,matvec=mve,operation=gf_mul,clock=pmu,sample=0,inner=64,items=1,raw_cycles=91116
BENCH_SAMPLE,param=192f,config=mve_affine,backend=mve,matvec=mve,operation=gf_mul,clock=pmu,sample=1,inner=64,items=1,raw_cycles=91013
BENCH_SAMPLE,param=192f,config=mve_affine,backend=mve,matvec=mve,operation=gf_mul,clock=pmu,sample=2,inner=64,items=1,raw_cycles=91013
BENCH_SAMPLE,param=192f,config=mve_affine,backend=mve,matvec=mve,operation=gf_mul,clock=pmu,sample=3,inner=64,items=1,raw_cycles=91013
BENCH_SAMPLE,param=192f,config=mve_affine,backend=mve,matvec=mve,operation=gf_mul,clock=pmu,sample=4,inner=64,items=1,raw_cycles=91013
BENCH_SAMPLE,param=192f,config=mve_affine,backend=mve,matvec=mve,operation=gf_mul,clock=pmu,sample=5,inner=64,items=1,raw_cycles=91013
BENCH_SAMPLE,param=192f,config=mve_affine,backend=mve,matvec=mve,operation=gf_mul,clock=pmu,sample=6,inner=64,items=1,raw_cycles=91013
BENCH_SAMPLE,param=192f,config=mve_affine,backend=mve,matvec=mve,operation=gf_mul,clock=pmu,sample=7,inner=64,items=1,raw_cycles=91013
BENCH_SAMPLE,param=192f,config=mve_affine,backend=mve,matvec=mve,operation=gf_mul,clock=pmu,sample=8,inner=64,items=1,raw_cycles=91013
BENCH_SAMPLE,param=192f,config=mve_affine,backend=mve,matvec=mve,operation=gf_mul,clock=pmu,sample=9,inner=64,items=1,raw_cycles=91013
BENCH_SAMPLE,param=192f,config=mve_affine,backend=mve,matvec=mve,operation=gf_mul,clock=pmu,sample=10,inner=64,items=1,raw_cycles=91013
BENCH_SAMPLE,param=192f,config=mve_affine,backend=mve,matvec=mve,operation=gf_mul,clock=pmu,sample=11,inner=64,items=1,raw_cycles=91013
BENCH_SAMPLE,param=192f,config=mve_affine,backend=mve,matvec=mve,operation=gf_mul,clock=pmu,sample=12,inner=64,items=1,raw_cycles=91013
BENCH_SAMPLE,param=192f,config=mve_affine,backend=mve,matvec=mve,operation=gf_mul,clock=pmu,sample=13,inner=64,items=1,raw_cycles=91013
BENCH_SAMPLE,param=192f,config=mve_affine,backend=mve,matvec=mve,operation=gf_mul,clock=pmu,sample=14,inner=64,items=1,raw_cycles=91013
BENCH_SAMPLE,param=192f,config=mve_affine,backend=mve,matvec=mve,operation=gf_mul,clock=pmu,sample=15,inner=64,items=1,raw_cycles=91013
BENCH_SAMPLE,param=192f,config=mve_affine,backend=mve,matvec=mve,operation=gf_mul,clock=pmu,sample=16,inner=64,items=1,raw_cycles=91013
BENCH_SAMPLE,param=192f,config=mve_affine,backend=mve,matvec=mve,operation=gf_mul,clock=pmu,sample=17,inner=64,items=1,raw_cycles=91013
BENCH_SAMPLE,param=192f,config=mve_affine,backend=mve,matvec=mve,operation=gf_mul,clock=pmu,sample=18,inner=64,items=1,raw_cycles=91013
BENCH_SAMPLE,param=192f,config=mve_affine,backend=mve,matvec=mve,operation=gf_mul,clock=pmu,sample=19,inner=64,items=1,raw_cycles=91013
BENCH_SAMPLE,param=192f,config=mve_affine,backend=mve,matvec=mve,operation=gf_mul,clock=pmu,sample=20,inner=64,items=1,raw_cycles=91013
BENCH_SAMPLE,param=192f,config=mve_affine,backend=mve,matvec=mve,operation=gf_mul,clock=pmu,sample=21,inner=64,items=1,raw_cycles=91013
BENCH_SAMPLE,param=192f,config=mve_affine,backend=mve,matvec=mve,operation=gf_mul,clock=pmu,sample=22,inner=64,items=1,raw_cycles=91013
BENCH_SAMPLE,param=192f,config=mve_affine,backend=mve,matvec=mve,operation=gf_mul,clock=pmu,sample=23,inner=64,items=1,raw_cycles=91013
BENCH_SAMPLE,param=192f,config=mve_affine,backend=mve,matvec=mve,operation=gf_mul,clock=pmu,sample=24,inner=64,items=1,raw_cycles=91013
BENCH_SAMPLE,param=192f,config=mve_affine,backend=mve,matvec=mve,operation=gf_mul,clock=pmu,sample=25,inner=64,items=1,raw_cycles=91013
BENCH_SAMPLE,param=192f,config=mve_affine,backend=mve,matvec=mve,operation=gf_mul,clock=pmu,sample=26,inner=64,items=1,raw_cycles=91013
BENCH_SAMPLE,param=192f,config=mve_affine,backend=mve,matvec=mve,operation=gf_mul,clock=pmu,sample=27,inner=64,items=1,raw_cycles=91013
BENCH_SAMPLE,param=192f,config=mve_affine,backend=mve,matvec=mve,operation=gf_mul,clock=pmu,sample=28,inner=64,items=1,raw_cycles=91013
BENCH_SAMPLE,param=192f,config=mve_affine,backend=mve,matvec=mve,operation=gf_mul,clock=pmu,sample=29,inner=64,items=1,raw_cycles=91013
BENCH_SAMPLE,param=192f,config=mve_affine,backend=mve,matvec=mve,operation=gf_mul,clock=pmu,sample=30,inner=64,items=1,raw_cycles=91013
BENCH_RESULT,param=192f,config=mve_affine,backend=mve,matvec=mve,operation=gf_mul,clock=pmu,samples=31,inner=64,items=1,min=1422.08,median=1422.08,mean=1422.13,stddev=0.28,max=1423.69,cycles_per_item_mean=1422.13
BENCH_SAMPLE,param=192f,config=mve_affine,backend=mve,matvec=mve,operation=gf_sqr,clock=pmu,sample=0,inner=64,items=1,raw_cycles=26835
BENCH_SAMPLE,param=192f,config=mve_affine,backend=mve,matvec=mve,operation=gf_sqr,clock=pmu,sample=1,inner=64,items=1,raw_cycles=25862
BENCH_SAMPLE,param=192f,config=mve_affine,backend=mve,matvec=mve,operation=gf_sqr,clock=pmu,sample=2,inner=64,items=1,raw_cycles=25862
BENCH_SAMPLE,param=192f,config=mve_affine,backend=mve,matvec=mve,operation=gf_sqr,clock=pmu,sample=3,inner=64,items=1,raw_cycles=25862
BENCH_SAMPLE,param=192f,config=mve_affine,backend=mve,matvec=mve,operation=gf_sqr,clock=pmu,sample=4,inner=64,items=1,raw_cycles=25862
BENCH_SAMPLE,param=192f,config=mve_affine,backend=mve,matvec=mve,operation=gf_sqr,clock=pmu,sample=5,inner=64,items=1,raw_cycles=25862
BENCH_SAMPLE,param=192f,config=mve_affine,backend=mve,matvec=mve,operation=gf_sqr,clock=pmu,sample=6,inner=64,items=1,raw_cycles=25862
BENCH_SAMPLE,param=192f,config=mve_affine,backend=mve,matvec=mve,operation=gf_sqr,clock=pmu,sample=7,inner=64,items=1,raw_cycles=25862
BENCH_SAMPLE,param=192f,config=mve_affine,backend=mve,matvec=mve,operation=gf_sqr,clock=pmu,sample=8,inner=64,items=1,raw_cycles=25862
BENCH_SAMPLE,param=192f,config=mve_affine,backend=mve,matvec=mve,operation=gf_sqr,clock=pmu,sample=9,inner=64,items=1,raw_cycles=25862
BENCH_SAMPLE,param=192f,config=mve_affine,backend=mve,matvec=mve,operation=gf_sqr,clock=pmu,sample=10,inner=64,items=1,raw_cycles=25862
BENCH_SAMPLE,param=192f,config=mve_affine,backend=mve,matvec=mve,operation=gf_sqr,clock=pmu,sample=11,inner=64,items=1,raw_cycles=25862
BENCH_SAMPLE,param=192f,config=mve_affine,backend=mve,matvec=mve,operation=gf_sqr,clock=pmu,sample=12,inner=64,items=1,raw_cycles=25862
BENCH_SAMPLE,param=192f,config=mve_affine,backend=mve,matvec=mve,operation=gf_sqr,clock=pmu,sample=13,inner=64,items=1,raw_cycles=25862
BENCH_SAMPLE,param=192f,config=mve_affine,backend=mve,matvec=mve,operation=gf_sqr,clock=pmu,sample=14,inner=64,items=1,raw_cycles=25862
BENCH_SAMPLE,param=192f,config=mve_affine,backend=mve,matvec=mve,operation=gf_sqr,clock=pmu,sample=15,inner=64,items=1,raw_cycles=25862
BENCH_SAMPLE,param=192f,config=mve_affine,backend=mve,matvec=mve,operation=gf_sqr,clock=pmu,sample=16,inner=64,items=1,raw_cycles=25862
BENCH_SAMPLE,param=192f,config=mve_affine,backend=mve,matvec=mve,operation=gf_sqr,clock=pmu,sample=17,inner=64,items=1,raw_cycles=25862
BENCH_SAMPLE,param=192f,config=mve_affine,backend=mve,matvec=mve,operation=gf_sqr,clock=pmu,sample=18,inner=64,items=1,raw_cycles=25862
BENCH_SAMPLE,param=192f,config=mve_affine,backend=mve,matvec=mve,operation=gf_sqr,clock=pmu,sample=19,inner=64,items=1,raw_cycles=25862
BENCH_SAMPLE,param=192f,config=mve_affine,backend=mve,matvec=mve,operation=gf_sqr,clock=pmu,sample=20,inner=64,items=1,raw_cycles=25862
BENCH_SAMPLE,param=192f,config=mve_affine,backend=mve,matvec=mve,operation=gf_sqr,clock=pmu,sample=21,inner=64,items=1,raw_cycles=25862
BENCH_SAMPLE,param=192f,config=mve_affine,backend=mve,matvec=mve,operation=gf_sqr,clock=pmu,sample=22,inner=64,items=1,raw_cycles=25862
BENCH_SAMPLE,param=192f,config=mve_affine,backend=mve,matvec=mve,operation=gf_sqr,clock=pmu,sample=23,inner=64,items=1,raw_cycles=25862
BENCH_SAMPLE,param=192f,config=mve_affine,backend=mve,matvec=mve,operation=gf_sqr,clock=pmu,sample=24,inner=64,items=1,raw_cycles=25862
BENCH_SAMPLE,param=192f,config=mve_affine,backend=mve,matvec=mve,operation=gf_sqr,clock=pmu,sample=25,inner=64,items=1,raw_cycles=25862
BENCH_SAMPLE,param=192f,config=mve_affine,backend=mve,matvec=mve,operation=gf_sqr,clock=pmu,sample=26,inner=64,items=1,raw_cycles=25862
BENCH_SAMPLE,param=192f,config=mve_affine,backend=mve,matvec=mve,operation=gf_sqr,clock=pmu,sample=27,inner=64,items=1,raw_cycles=25862
BENCH_SAMPLE,param=192f,config=mve_affine,backend=mve,matvec=mve,operation=gf_sqr,clock=pmu,sample=28,inner=64,items=1,raw_cycles=25862
BENCH_SAMPLE,param=192f,config=mve_affine,backend=mve,matvec=mve,operation=gf_sqr,clock=pmu,sample=29,inner=64,items=1,raw_cycles=25862
BENCH_SAMPLE,param=192f,config=mve_affine,backend=mve,matvec=mve,operation=gf_sqr,clock=pmu,sample=30,inner=64,items=1,raw_cycles=25862
BENCH_RESULT,param=192f,config=mve_affine,backend=mve,matvec=mve,operation=gf_sqr,clock=pmu,samples=31,inner=64,items=1,min=404.09,median=404.09,mean=404.58,stddev=2.69,max=419.30,cycles_per_item_mean=404.58
BENCH_SAMPLE,param=192f,config=mve_affine,backend=mve,matvec=mve,operation=gf_sqr_batch4,clock=pmu,sample=0,inner=64,items=4,raw_cycles=43786
BENCH_SAMPLE,param=192f,config=mve_affine,backend=mve,matvec=mve,operation=gf_sqr_batch4,clock=pmu,sample=1,inner=64,items=4,raw_cycles=42243
BENCH_SAMPLE,param=192f,config=mve_affine,backend=mve,matvec=mve,operation=gf_sqr_batch4,clock=pmu,sample=2,inner=64,items=4,raw_cycles=42243
BENCH_SAMPLE,param=192f,config=mve_affine,backend=mve,matvec=mve,operation=gf_sqr_batch4,clock=pmu,sample=3,inner=64,items=4,raw_cycles=42243
BENCH_SAMPLE,param=192f,config=mve_affine,backend=mve,matvec=mve,operation=gf_sqr_batch4,clock=pmu,sample=4,inner=64,items=4,raw_cycles=42243
BENCH_SAMPLE,param=192f,config=mve_affine,backend=mve,matvec=mve,operation=gf_sqr_batch4,clock=pmu,sample=5,inner=64,items=4,raw_cycles=42243
BENCH_SAMPLE,param=192f,config=mve_affine,backend=mve,matvec=mve,operation=gf_sqr_batch4,clock=pmu,sample=6,inner=64,items=4,raw_cycles=42243
BENCH_SAMPLE,param=192f,config=mve_affine,backend=mve,matvec=mve,operation=gf_sqr_batch4,clock=pmu,sample=7,inner=64,items=4,raw_cycles=42243
BENCH_SAMPLE,param=192f,config=mve_affine,backend=mve,matvec=mve,operation=gf_sqr_batch4,clock=pmu,sample=8,inner=64,items=4,raw_cycles=42243
BENCH_SAMPLE,param=192f,config=mve_affine,backend=mve,matvec=mve,operation=gf_sqr_batch4,clock=pmu,sample=9,inner=64,items=4,raw_cycles=42243
BENCH_SAMPLE,param=192f,config=mve_affine,backend=mve,matvec=mve,operation=gf_sqr_batch4,clock=pmu,sample=10,inner=64,items=4,raw_cycles=42243
BENCH_SAMPLE,param=192f,config=mve_affine,backend=mve,matvec=mve,operation=gf_sqr_batch4,clock=pmu,sample=11,inner=64,items=4,raw_cycles=42243
BENCH_SAMPLE,param=192f,config=mve_affine,backend=mve,matvec=mve,operation=gf_sqr_batch4,clock=pmu,sample=12,inner=64,items=4,raw_cycles=42243
BENCH_SAMPLE,param=192f,config=mve_affine,backend=mve,matvec=mve,operation=gf_sqr_batch4,clock=pmu,sample=13,inner=64,items=4,raw_cycles=42243
BENCH_SAMPLE,param=192f,config=mve_affine,backend=mve,matvec=mve,operation=gf_sqr_batch4,clock=pmu,sample=14,inner=64,items=4,raw_cycles=42243
BENCH_SAMPLE,param=192f,config=mve_affine,backend=mve,matvec=mve,operation=gf_sqr_batch4,clock=pmu,sample=15,inner=64,items=4,raw_cycles=42243
BENCH_SAMPLE,param=192f,config=mve_affine,backend=mve,matvec=mve,operation=gf_sqr_batch4,clock=pmu,sample=16,inner=64,items=4,raw_cycles=42243
BENCH_SAMPLE,param=192f,config=mve_affine,backend=mve,matvec=mve,operation=gf_sqr_batch4,clock=pmu,sample=17,inner=64,items=4,raw_cycles=42243
BENCH_SAMPLE,param=192f,config=mve_affine,backend=mve,matvec=mve,operation=gf_sqr_batch4,clock=pmu,sample=18,inner=64,items=4,raw_cycles=42243
BENCH_SAMPLE,param=192f,config=mve_affine,backend=mve,matvec=mve,operation=gf_sqr_batch4,clock=pmu,sample=19,inner=64,items=4,raw_cycles=42243
BENCH_SAMPLE,param=192f,config=mve_affine,backend=mve,matvec=mve,operation=gf_sqr_batch4,clock=pmu,sample=20,inner=64,items=4,raw_cycles=42243
BENCH_SAMPLE,param=192f,config=mve_affine,backend=mve,matvec=mve,operation=gf_sqr_batch4,clock=pmu,sample=21,inner=64,items=4,raw_cycles=42243
BENCH_SAMPLE,param=192f,config=mve_affine,backend=mve,matvec=mve,operation=gf_sqr_batch4,clock=pmu,sample=22,inner=64,items=4,raw_cycles=42243
BENCH_SAMPLE,param=192f,config=mve_affine,backend=mve,matvec=mve,operation=gf_sqr_batch4,clock=pmu,sample=23,inner=64,items=4,raw_cycles=42243
BENCH_SAMPLE,param=192f,config=mve_affine,backend=mve,matvec=mve,operation=gf_sqr_batch4,clock=pmu,sample=24,inner=64,items=4,raw_cycles=42243
BENCH_SAMPLE,param=192f,config=mve_affine,backend=mve,matvec=mve,operation=gf_sqr_batch4,clock=pmu,sample=25,inner=64,items=4,raw_cycles=42243
BENCH_SAMPLE,param=192f,config=mve_affine,backend=mve,matvec=mve,operation=gf_sqr_batch4,clock=pmu,sample=26,inner=64,items=4,raw_cycles=42243
BENCH_SAMPLE,param=192f,config=mve_affine,backend=mve,matvec=mve,operation=gf_sqr_batch4,clock=pmu,sample=27,inner=64,items=4,raw_cycles=42243
BENCH_SAMPLE,param=192f,config=mve_affine,backend=mve,matvec=mve,operation=gf_sqr_batch4,clock=pmu,sample=28,inner=64,items=4,raw_cycles=42243
BENCH_SAMPLE,param=192f,config=mve_affine,backend=mve,matvec=mve,operation=gf_sqr_batch4,clock=pmu,sample=29,inner=64,items=4,raw_cycles=42243
BENCH_SAMPLE,param=192f,config=mve_affine,backend=mve,matvec=mve,operation=gf_sqr_batch4,clock=pmu,sample=30,inner=64,items=4,raw_cycles=42243
BENCH_RESULT,param=192f,config=mve_affine,backend=mve,matvec=mve,operation=gf_sqr_batch4,clock=pmu,samples=31,inner=64,items=4,min=660.05,median=660.05,mean=660.82,stddev=4.26,max=684.16,cycles_per_item_mean=165.21
BENCH_SAMPLE,param=192f,config=mve_affine,backend=mve,matvec=mve,operation=gf_mul_const_batch4,clock=pmu,sample=0,inner=64,items=4,raw_cycles=1267267
BENCH_SAMPLE,param=192f,config=mve_affine,backend=mve,matvec=mve,operation=gf_mul_const_batch4,clock=pmu,sample=1,inner=64,items=4,raw_cycles=1266117
BENCH_SAMPLE,param=192f,config=mve_affine,backend=mve,matvec=mve,operation=gf_mul_const_batch4,clock=pmu,sample=2,inner=64,items=4,raw_cycles=1266117
BENCH_SAMPLE,param=192f,config=mve_affine,backend=mve,matvec=mve,operation=gf_mul_const_batch4,clock=pmu,sample=3,inner=64,items=4,raw_cycles=1266117
BENCH_SAMPLE,param=192f,config=mve_affine,backend=mve,matvec=mve,operation=gf_mul_const_batch4,clock=pmu,sample=4,inner=64,items=4,raw_cycles=1266117
BENCH_SAMPLE,param=192f,config=mve_affine,backend=mve,matvec=mve,operation=gf_mul_const_batch4,clock=pmu,sample=5,inner=64,items=4,raw_cycles=1266117
BENCH_SAMPLE,param=192f,config=mve_affine,backend=mve,matvec=mve,operation=gf_mul_const_batch4,clock=pmu,sample=6,inner=64,items=4,raw_cycles=1266117
BENCH_SAMPLE,param=192f,config=mve_affine,backend=mve,matvec=mve,operation=gf_mul_const_batch4,clock=pmu,sample=7,inner=64,items=4,raw_cycles=1266117
BENCH_SAMPLE,param=192f,config=mve_affine,backend=mve,matvec=mve,operation=gf_mul_const_batch4,clock=pmu,sample=8,inner=64,items=4,raw_cycles=1266226
BENCH_SAMPLE,param=192f,config=mve_affine,backend=mve,matvec=mve,operation=gf_mul_const_batch4,clock=pmu,sample=9,inner=64,items=4,raw_cycles=1266117
BENCH_SAMPLE,param=192f,config=mve_affine,backend=mve,matvec=mve,operation=gf_mul_const_batch4,clock=pmu,sample=10,inner=64,items=4,raw_cycles=1266117
BENCH_SAMPLE,param=192f,config=mve_affine,backend=mve,matvec=mve,operation=gf_mul_const_batch4,clock=pmu,sample=11,inner=64,items=4,raw_cycles=1266117
BENCH_SAMPLE,param=192f,config=mve_affine,backend=mve,matvec=mve,operation=gf_mul_const_batch4,clock=pmu,sample=12,inner=64,items=4,raw_cycles=1266117
BENCH_SAMPLE,param=192f,config=mve_affine,backend=mve,matvec=mve,operation=gf_mul_const_batch4,clock=pmu,sample=13,inner=64,items=4,raw_cycles=1266117
BENCH_SAMPLE,param=192f,config=mve_affine,backend=mve,matvec=mve,operation=gf_mul_const_batch4,clock=pmu,sample=14,inner=64,items=4,raw_cycles=1266117
BENCH_SAMPLE,param=192f,config=mve_affine,backend=mve,matvec=mve,operation=gf_mul_const_batch4,clock=pmu,sample=15,inner=64,items=4,raw_cycles=1266118
BENCH_SAMPLE,param=192f,config=mve_affine,backend=mve,matvec=mve,operation=gf_mul_const_batch4,clock=pmu,sample=16,inner=64,items=4,raw_cycles=1266117
BENCH_SAMPLE,param=192f,config=mve_affine,backend=mve,matvec=mve,operation=gf_mul_const_batch4,clock=pmu,sample=17,inner=64,items=4,raw_cycles=1266117
BENCH_SAMPLE,param=192f,config=mve_affine,backend=mve,matvec=mve,operation=gf_mul_const_batch4,clock=pmu,sample=18,inner=64,items=4,raw_cycles=1266117
BENCH_SAMPLE,param=192f,config=mve_affine,backend=mve,matvec=mve,operation=gf_mul_const_batch4,clock=pmu,sample=19,inner=64,items=4,raw_cycles=1266117
BENCH_SAMPLE,param=192f,config=mve_affine,backend=mve,matvec=mve,operation=gf_mul_const_batch4,clock=pmu,sample=20,inner=64,items=4,raw_cycles=1266117
BENCH_SAMPLE,param=192f,config=mve_affine,backend=mve,matvec=mve,operation=gf_mul_const_batch4,clock=pmu,sample=21,inner=64,items=4,raw_cycles=1266154
BENCH_SAMPLE,param=192f,config=mve_affine,backend=mve,matvec=mve,operation=gf_mul_const_batch4,clock=pmu,sample=22,inner=64,items=4,raw_cycles=1266117
BENCH_SAMPLE,param=192f,config=mve_affine,backend=mve,matvec=mve,operation=gf_mul_const_batch4,clock=pmu,sample=23,inner=64,items=4,raw_cycles=1266117
BENCH_SAMPLE,param=192f,config=mve_affine,backend=mve,matvec=mve,operation=gf_mul_const_batch4,clock=pmu,sample=24,inner=64,items=4,raw_cycles=1266117
BENCH_SAMPLE,param=192f,config=mve_affine,backend=mve,matvec=mve,operation=gf_mul_const_batch4,clock=pmu,sample=25,inner=64,items=4,raw_cycles=1266117
BENCH_SAMPLE,param=192f,config=mve_affine,backend=mve,matvec=mve,operation=gf_mul_const_batch4,clock=pmu,sample=26,inner=64,items=4,raw_cycles=1266117
BENCH_SAMPLE,param=192f,config=mve_affine,backend=mve,matvec=mve,operation=gf_mul_const_batch4,clock=pmu,sample=27,inner=64,items=4,raw_cycles=1266117
BENCH_SAMPLE,param=192f,config=mve_affine,backend=mve,matvec=mve,operation=gf_mul_const_batch4,clock=pmu,sample=28,inner=64,items=4,raw_cycles=1266117
BENCH_SAMPLE,param=192f,config=mve_affine,backend=mve,matvec=mve,operation=gf_mul_const_batch4,clock=pmu,sample=29,inner=64,items=4,raw_cycles=1266117
BENCH_SAMPLE,param=192f,config=mve_affine,backend=mve,matvec=mve,operation=gf_mul_const_batch4,clock=pmu,sample=30,inner=64,items=4,raw_cycles=1266117
BENCH_RESULT,param=192f,config=mve_affine,backend=mve,matvec=mve,operation=gf_mul_const_batch4,clock=pmu,samples=31,inner=64,items=4,min=19783.08,median=19783.08,mean=19783.73,stddev=3.18,max=19801.05,cycles_per_item_mean=4945.93
BENCH_SAMPLE,param=192f,config=mve_affine,backend=mve,matvec=mve,operation=keypair,clock=systick-extended,sample=0,inner=1,items=1,raw_cycles=9391520
BENCH_SAMPLE,param=192f,config=mve_affine,backend=mve,matvec=mve,operation=keypair,clock=systick-extended,sample=1,inner=1,items=1,raw_cycles=9392523
BENCH_SAMPLE,param=192f,config=mve_affine,backend=mve,matvec=mve,operation=keypair,clock=systick-extended,sample=2,inner=1,items=1,raw_cycles=9394487
BENCH_SAMPLE,param=192f,config=mve_affine,backend=mve,matvec=mve,operation=keypair,clock=systick-extended,sample=3,inner=1,items=1,raw_cycles=9393853
BENCH_SAMPLE,param=192f,config=mve_affine,backend=mve,matvec=mve,operation=keypair,clock=systick-extended,sample=4,inner=1,items=1,raw_cycles=9394888
BENCH_SAMPLE,param=192f,config=mve_affine,backend=mve,matvec=mve,operation=keypair,clock=systick-extended,sample=5,inner=1,items=1,raw_cycles=9393435
BENCH_SAMPLE,param=192f,config=mve_affine,backend=mve,matvec=mve,operation=keypair,clock=systick-extended,sample=6,inner=1,items=1,raw_cycles=9395425
BENCH_SAMPLE,param=192f,config=mve_affine,backend=mve,matvec=mve,operation=keypair,clock=systick-extended,sample=7,inner=1,items=1,raw_cycles=9393264
BENCH_SAMPLE,param=192f,config=mve_affine,backend=mve,matvec=mve,operation=keypair,clock=systick-extended,sample=8,inner=1,items=1,raw_cycles=9394003
BENCH_SAMPLE,param=192f,config=mve_affine,backend=mve,matvec=mve,operation=keypair,clock=systick-extended,sample=9,inner=1,items=1,raw_cycles=9393540
BENCH_SAMPLE,param=192f,config=mve_affine,backend=mve,matvec=mve,operation=keypair,clock=systick-extended,sample=10,inner=1,items=1,raw_cycles=9393229
BENCH_SAMPLE,param=192f,config=mve_affine,backend=mve,matvec=mve,operation=keypair,clock=systick-extended,sample=11,inner=1,items=1,raw_cycles=9394787
BENCH_SAMPLE,param=192f,config=mve_affine,backend=mve,matvec=mve,operation=keypair,clock=systick-extended,sample=12,inner=1,items=1,raw_cycles=9393274
BENCH_SAMPLE,param=192f,config=mve_affine,backend=mve,matvec=mve,operation=keypair,clock=systick-extended,sample=13,inner=1,items=1,raw_cycles=9395252
BENCH_SAMPLE,param=192f,config=mve_affine,backend=mve,matvec=mve,operation=keypair,clock=systick-extended,sample=14,inner=1,items=1,raw_cycles=9394039
BENCH_SAMPLE,param=192f,config=mve_affine,backend=mve,matvec=mve,operation=keypair,clock=systick-extended,sample=15,inner=1,items=1,raw_cycles=9393957
BENCH_SAMPLE,param=192f,config=mve_affine,backend=mve,matvec=mve,operation=keypair,clock=systick-extended,sample=16,inner=1,items=1,raw_cycles=9393046
BENCH_SAMPLE,param=192f,config=mve_affine,backend=mve,matvec=mve,operation=keypair,clock=systick-extended,sample=17,inner=1,items=1,raw_cycles=9394618
BENCH_SAMPLE,param=192f,config=mve_affine,backend=mve,matvec=mve,operation=keypair,clock=systick-extended,sample=18,inner=1,items=1,raw_cycles=9392112
BENCH_SAMPLE,param=192f,config=mve_affine,backend=mve,matvec=mve,operation=keypair,clock=systick-extended,sample=19,inner=1,items=1,raw_cycles=9393396
BENCH_SAMPLE,param=192f,config=mve_affine,backend=mve,matvec=mve,operation=keypair,clock=systick-extended,sample=20,inner=1,items=1,raw_cycles=9397503
BENCH_SAMPLE,param=192f,config=mve_affine,backend=mve,matvec=mve,operation=keypair,clock=systick-extended,sample=21,inner=1,items=1,raw_cycles=9395089
BENCH_SAMPLE,param=192f,config=mve_affine,backend=mve,matvec=mve,operation=keypair,clock=systick-extended,sample=22,inner=1,items=1,raw_cycles=9394899
BENCH_SAMPLE,param=192f,config=mve_affine,backend=mve,matvec=mve,operation=keypair,clock=systick-extended,sample=23,inner=1,items=1,raw_cycles=9394332
BENCH_SAMPLE,param=192f,config=mve_affine,backend=mve,matvec=mve,operation=keypair,clock=systick-extended,sample=24,inner=1,items=1,raw_cycles=9392214
BENCH_SAMPLE,param=192f,config=mve_affine,backend=mve,matvec=mve,operation=keypair,clock=systick-extended,sample=25,inner=1,items=1,raw_cycles=9393571
BENCH_SAMPLE,param=192f,config=mve_affine,backend=mve,matvec=mve,operation=keypair,clock=systick-extended,sample=26,inner=1,items=1,raw_cycles=9393100
BENCH_SAMPLE,param=192f,config=mve_affine,backend=mve,matvec=mve,operation=keypair,clock=systick-extended,sample=27,inner=1,items=1,raw_cycles=9394240
BENCH_SAMPLE,param=192f,config=mve_affine,backend=mve,matvec=mve,operation=keypair,clock=systick-extended,sample=28,inner=1,items=1,raw_cycles=9395079
BENCH_SAMPLE,param=192f,config=mve_affine,backend=mve,matvec=mve,operation=keypair,clock=systick-extended,sample=29,inner=1,items=1,raw_cycles=9395862
BENCH_SAMPLE,param=192f,config=mve_affine,backend=mve,matvec=mve,operation=keypair,clock=systick-extended,sample=30,inner=1,items=1,raw_cycles=9393101
BENCH_SAMPLE,param=192f,config=mve_affine,backend=mve,matvec=mve,operation=keypair,clock=systick-extended,sample=31,inner=1,items=1,raw_cycles=9393316
BENCH_SAMPLE,param=192f,config=mve_affine,backend=mve,matvec=mve,operation=keypair,clock=systick-extended,sample=32,inner=1,items=1,raw_cycles=9394627
BENCH_SAMPLE,param=192f,config=mve_affine,backend=mve,matvec=mve,operation=keypair,clock=systick-extended,sample=33,inner=1,items=1,raw_cycles=9394914
BENCH_SAMPLE,param=192f,config=mve_affine,backend=mve,matvec=mve,operation=keypair,clock=systick-extended,sample=34,inner=1,items=1,raw_cycles=9395122
BENCH_SAMPLE,param=192f,config=mve_affine,backend=mve,matvec=mve,operation=keypair,clock=systick-extended,sample=35,inner=1,items=1,raw_cycles=9393492
BENCH_SAMPLE,param=192f,config=mve_affine,backend=mve,matvec=mve,operation=keypair,clock=systick-extended,sample=36,inner=1,items=1,raw_cycles=9393819
BENCH_SAMPLE,param=192f,config=mve_affine,backend=mve,matvec=mve,operation=keypair,clock=systick-extended,sample=37,inner=1,items=1,raw_cycles=9395601
BENCH_SAMPLE,param=192f,config=mve_affine,backend=mve,matvec=mve,operation=keypair,clock=systick-extended,sample=38,inner=1,items=1,raw_cycles=9393235
BENCH_SAMPLE,param=192f,config=mve_affine,backend=mve,matvec=mve,operation=keypair,clock=systick-extended,sample=39,inner=1,items=1,raw_cycles=9394116
BENCH_SAMPLE,param=192f,config=mve_affine,backend=mve,matvec=mve,operation=keypair,clock=systick-extended,sample=40,inner=1,items=1,raw_cycles=9393808
BENCH_SAMPLE,param=192f,config=mve_affine,backend=mve,matvec=mve,operation=keypair,clock=systick-extended,sample=41,inner=1,items=1,raw_cycles=9392308
BENCH_SAMPLE,param=192f,config=mve_affine,backend=mve,matvec=mve,operation=keypair,clock=systick-extended,sample=42,inner=1,items=1,raw_cycles=9392959
BENCH_SAMPLE,param=192f,config=mve_affine,backend=mve,matvec=mve,operation=keypair,clock=systick-extended,sample=43,inner=1,items=1,raw_cycles=9396232
BENCH_SAMPLE,param=192f,config=mve_affine,backend=mve,matvec=mve,operation=keypair,clock=systick-extended,sample=44,inner=1,items=1,raw_cycles=9393788
BENCH_SAMPLE,param=192f,config=mve_affine,backend=mve,matvec=mve,operation=keypair,clock=systick-extended,sample=45,inner=1,items=1,raw_cycles=9394353
BENCH_SAMPLE,param=192f,config=mve_affine,backend=mve,matvec=mve,operation=keypair,clock=systick-extended,sample=46,inner=1,items=1,raw_cycles=9393840
BENCH_SAMPLE,param=192f,config=mve_affine,backend=mve,matvec=mve,operation=keypair,clock=systick-extended,sample=47,inner=1,items=1,raw_cycles=9393627
BENCH_SAMPLE,param=192f,config=mve_affine,backend=mve,matvec=mve,operation=keypair,clock=systick-extended,sample=48,inner=1,items=1,raw_cycles=9394915
BENCH_SAMPLE,param=192f,config=mve_affine,backend=mve,matvec=mve,operation=keypair,clock=systick-extended,sample=49,inner=1,items=1,raw_cycles=9393257
BENCH_RESULT,param=192f,config=mve_affine,backend=mve,matvec=mve,operation=keypair,clock=systick-extended,samples=50,inner=1,items=1,min=9391520.00,median=9393846.50,mean=9394019.34,stddev=1114.90,max=9397503.00,cycles_per_item_mean=9394019.34
BENCH_SAMPLE,param=192f,config=mve_affine,backend=mve,matvec=mve,operation=sign,clock=systick-extended,sample=0,inner=1,items=1,raw_cycles=218303280
BENCH_SAMPLE,param=192f,config=mve_affine,backend=mve,matvec=mve,operation=sign,clock=systick-extended,sample=1,inner=1,items=1,raw_cycles=218110008
BENCH_SAMPLE,param=192f,config=mve_affine,backend=mve,matvec=mve,operation=sign,clock=systick-extended,sample=2,inner=1,items=1,raw_cycles=218528409
BENCH_SAMPLE,param=192f,config=mve_affine,backend=mve,matvec=mve,operation=sign,clock=systick-extended,sample=3,inner=1,items=1,raw_cycles=218733052
BENCH_SAMPLE,param=192f,config=mve_affine,backend=mve,matvec=mve,operation=sign,clock=systick-extended,sample=4,inner=1,items=1,raw_cycles=218507682
BENCH_SAMPLE,param=192f,config=mve_affine,backend=mve,matvec=mve,operation=sign,clock=systick-extended,sample=5,inner=1,items=1,raw_cycles=218609910
BENCH_SAMPLE,param=192f,config=mve_affine,backend=mve,matvec=mve,operation=sign,clock=systick-extended,sample=6,inner=1,items=1,raw_cycles=218160598
BENCH_SAMPLE,param=192f,config=mve_affine,backend=mve,matvec=mve,operation=sign,clock=systick-extended,sample=7,inner=1,items=1,raw_cycles=219328376
BENCH_SAMPLE,param=192f,config=mve_affine,backend=mve,matvec=mve,operation=sign,clock=systick-extended,sample=8,inner=1,items=1,raw_cycles=217759030
BENCH_SAMPLE,param=192f,config=mve_affine,backend=mve,matvec=mve,operation=sign,clock=systick-extended,sample=9,inner=1,items=1,raw_cycles=218971977
BENCH_SAMPLE,param=192f,config=mve_affine,backend=mve,matvec=mve,operation=sign,clock=systick-extended,sample=10,inner=1,items=1,raw_cycles=218191685
BENCH_SAMPLE,param=192f,config=mve_affine,backend=mve,matvec=mve,operation=sign,clock=systick-extended,sample=11,inner=1,items=1,raw_cycles=218319366
BENCH_SAMPLE,param=192f,config=mve_affine,backend=mve,matvec=mve,operation=sign,clock=systick-extended,sample=12,inner=1,items=1,raw_cycles=218819953
BENCH_SAMPLE,param=192f,config=mve_affine,backend=mve,matvec=mve,operation=sign,clock=systick-extended,sample=13,inner=1,items=1,raw_cycles=218600449
BENCH_SAMPLE,param=192f,config=mve_affine,backend=mve,matvec=mve,operation=sign,clock=systick-extended,sample=14,inner=1,items=1,raw_cycles=218855007
BENCH_SAMPLE,param=192f,config=mve_affine,backend=mve,matvec=mve,operation=sign,clock=systick-extended,sample=15,inner=1,items=1,raw_cycles=218768359
BENCH_SAMPLE,param=192f,config=mve_affine,backend=mve,matvec=mve,operation=sign,clock=systick-extended,sample=16,inner=1,items=1,raw_cycles=218037436
BENCH_SAMPLE,param=192f,config=mve_affine,backend=mve,matvec=mve,operation=sign,clock=systick-extended,sample=17,inner=1,items=1,raw_cycles=218036912
BENCH_SAMPLE,param=192f,config=mve_affine,backend=mve,matvec=mve,operation=sign,clock=systick-extended,sample=18,inner=1,items=1,raw_cycles=218850327
BENCH_SAMPLE,param=192f,config=mve_affine,backend=mve,matvec=mve,operation=sign,clock=systick-extended,sample=19,inner=1,items=1,raw_cycles=218253394
BENCH_SAMPLE,param=192f,config=mve_affine,backend=mve,matvec=mve,operation=sign,clock=systick-extended,sample=20,inner=1,items=1,raw_cycles=218798373
BENCH_SAMPLE,param=192f,config=mve_affine,backend=mve,matvec=mve,operation=sign,clock=systick-extended,sample=21,inner=1,items=1,raw_cycles=217809449
BENCH_SAMPLE,param=192f,config=mve_affine,backend=mve,matvec=mve,operation=sign,clock=systick-extended,sample=22,inner=1,items=1,raw_cycles=217973814
BENCH_SAMPLE,param=192f,config=mve_affine,backend=mve,matvec=mve,operation=sign,clock=systick-extended,sample=23,inner=1,items=1,raw_cycles=218328423
BENCH_SAMPLE,param=192f,config=mve_affine,backend=mve,matvec=mve,operation=sign,clock=systick-extended,sample=24,inner=1,items=1,raw_cycles=217690029
BENCH_SAMPLE,param=192f,config=mve_affine,backend=mve,matvec=mve,operation=sign,clock=systick-extended,sample=25,inner=1,items=1,raw_cycles=219236695
BENCH_SAMPLE,param=192f,config=mve_affine,backend=mve,matvec=mve,operation=sign,clock=systick-extended,sample=26,inner=1,items=1,raw_cycles=218653510
BENCH_SAMPLE,param=192f,config=mve_affine,backend=mve,matvec=mve,operation=sign,clock=systick-extended,sample=27,inner=1,items=1,raw_cycles=218961934
BENCH_SAMPLE,param=192f,config=mve_affine,backend=mve,matvec=mve,operation=sign,clock=systick-extended,sample=28,inner=1,items=1,raw_cycles=218172377
BENCH_SAMPLE,param=192f,config=mve_affine,backend=mve,matvec=mve,operation=sign,clock=systick-extended,sample=29,inner=1,items=1,raw_cycles=218178123
BENCH_SAMPLE,param=192f,config=mve_affine,backend=mve,matvec=mve,operation=sign,clock=systick-extended,sample=30,inner=1,items=1,raw_cycles=218314798
BENCH_SAMPLE,param=192f,config=mve_affine,backend=mve,matvec=mve,operation=sign,clock=systick-extended,sample=31,inner=1,items=1,raw_cycles=218620073
BENCH_SAMPLE,param=192f,config=mve_affine,backend=mve,matvec=mve,operation=sign,clock=systick-extended,sample=32,inner=1,items=1,raw_cycles=218441176
BENCH_SAMPLE,param=192f,config=mve_affine,backend=mve,matvec=mve,operation=sign,clock=systick-extended,sample=33,inner=1,items=1,raw_cycles=218693039
BENCH_SAMPLE,param=192f,config=mve_affine,backend=mve,matvec=mve,operation=sign,clock=systick-extended,sample=34,inner=1,items=1,raw_cycles=218917177
BENCH_SAMPLE,param=192f,config=mve_affine,backend=mve,matvec=mve,operation=sign,clock=systick-extended,sample=35,inner=1,items=1,raw_cycles=218779378
BENCH_SAMPLE,param=192f,config=mve_affine,backend=mve,matvec=mve,operation=sign,clock=systick-extended,sample=36,inner=1,items=1,raw_cycles=218171584
BENCH_SAMPLE,param=192f,config=mve_affine,backend=mve,matvec=mve,operation=sign,clock=systick-extended,sample=37,inner=1,items=1,raw_cycles=218863413
BENCH_SAMPLE,param=192f,config=mve_affine,backend=mve,matvec=mve,operation=sign,clock=systick-extended,sample=38,inner=1,items=1,raw_cycles=218987212
BENCH_SAMPLE,param=192f,config=mve_affine,backend=mve,matvec=mve,operation=sign,clock=systick-extended,sample=39,inner=1,items=1,raw_cycles=219039818
BENCH_SAMPLE,param=192f,config=mve_affine,backend=mve,matvec=mve,operation=sign,clock=systick-extended,sample=40,inner=1,items=1,raw_cycles=218526069
BENCH_SAMPLE,param=192f,config=mve_affine,backend=mve,matvec=mve,operation=sign,clock=systick-extended,sample=41,inner=1,items=1,raw_cycles=217615698
BENCH_SAMPLE,param=192f,config=mve_affine,backend=mve,matvec=mve,operation=sign,clock=systick-extended,sample=42,inner=1,items=1,raw_cycles=218958459
BENCH_SAMPLE,param=192f,config=mve_affine,backend=mve,matvec=mve,operation=sign,clock=systick-extended,sample=43,inner=1,items=1,raw_cycles=218155870
BENCH_SAMPLE,param=192f,config=mve_affine,backend=mve,matvec=mve,operation=sign,clock=systick-extended,sample=44,inner=1,items=1,raw_cycles=218964751
BENCH_SAMPLE,param=192f,config=mve_affine,backend=mve,matvec=mve,operation=sign,clock=systick-extended,sample=45,inner=1,items=1,raw_cycles=218545711
BENCH_SAMPLE,param=192f,config=mve_affine,backend=mve,matvec=mve,operation=sign,clock=systick-extended,sample=46,inner=1,items=1,raw_cycles=218423286
BENCH_SAMPLE,param=192f,config=mve_affine,backend=mve,matvec=mve,operation=sign,clock=systick-extended,sample=47,inner=1,items=1,raw_cycles=218332450
BENCH_SAMPLE,param=192f,config=mve_affine,backend=mve,matvec=mve,operation=sign,clock=systick-extended,sample=48,inner=1,items=1,raw_cycles=218783262
BENCH_SAMPLE,param=192f,config=mve_affine,backend=mve,matvec=mve,operation=sign,clock=systick-extended,sample=49,inner=1,items=1,raw_cycles=218653356
BENCH_RESULT,param=192f,config=mve_affine,backend=mve,matvec=mve,operation=sign,clock=systick-extended,samples=50,inner=1,items=1,min=217615698.00,median=218537060.00,mean=218506690.34,stddev=399382.97,max=219328376.00,cycles_per_item_mean=218506690.34
BENCH_SAMPLE,param=192f,config=mve_affine,backend=mve,matvec=mve,operation=verify,clock=systick-extended,sample=0,inner=1,items=1,raw_cycles=125103744
BENCH_SAMPLE,param=192f,config=mve_affine,backend=mve,matvec=mve,operation=verify,clock=systick-extended,sample=1,inner=1,items=1,raw_cycles=125391460
BENCH_SAMPLE,param=192f,config=mve_affine,backend=mve,matvec=mve,operation=verify,clock=systick-extended,sample=2,inner=1,items=1,raw_cycles=125270067
BENCH_SAMPLE,param=192f,config=mve_affine,backend=mve,matvec=mve,operation=verify,clock=systick-extended,sample=3,inner=1,items=1,raw_cycles=125253333
BENCH_SAMPLE,param=192f,config=mve_affine,backend=mve,matvec=mve,operation=verify,clock=systick-extended,sample=4,inner=1,items=1,raw_cycles=125038536
BENCH_SAMPLE,param=192f,config=mve_affine,backend=mve,matvec=mve,operation=verify,clock=systick-extended,sample=5,inner=1,items=1,raw_cycles=125278572
BENCH_SAMPLE,param=192f,config=mve_affine,backend=mve,matvec=mve,operation=verify,clock=systick-extended,sample=6,inner=1,items=1,raw_cycles=125267296
BENCH_SAMPLE,param=192f,config=mve_affine,backend=mve,matvec=mve,operation=verify,clock=systick-extended,sample=7,inner=1,items=1,raw_cycles=125409304
BENCH_SAMPLE,param=192f,config=mve_affine,backend=mve,matvec=mve,operation=verify,clock=systick-extended,sample=8,inner=1,items=1,raw_cycles=125211377
BENCH_SAMPLE,param=192f,config=mve_affine,backend=mve,matvec=mve,operation=verify,clock=systick-extended,sample=9,inner=1,items=1,raw_cycles=125270405
BENCH_SAMPLE,param=192f,config=mve_affine,backend=mve,matvec=mve,operation=verify,clock=systick-extended,sample=10,inner=1,items=1,raw_cycles=125390660
BENCH_SAMPLE,param=192f,config=mve_affine,backend=mve,matvec=mve,operation=verify,clock=systick-extended,sample=11,inner=1,items=1,raw_cycles=125686443
BENCH_SAMPLE,param=192f,config=mve_affine,backend=mve,matvec=mve,operation=verify,clock=systick-extended,sample=12,inner=1,items=1,raw_cycles=125350273
BENCH_SAMPLE,param=192f,config=mve_affine,backend=mve,matvec=mve,operation=verify,clock=systick-extended,sample=13,inner=1,items=1,raw_cycles=125355649
BENCH_SAMPLE,param=192f,config=mve_affine,backend=mve,matvec=mve,operation=verify,clock=systick-extended,sample=14,inner=1,items=1,raw_cycles=125345664
BENCH_SAMPLE,param=192f,config=mve_affine,backend=mve,matvec=mve,operation=verify,clock=systick-extended,sample=15,inner=1,items=1,raw_cycles=125664157
BENCH_SAMPLE,param=192f,config=mve_affine,backend=mve,matvec=mve,operation=verify,clock=systick-extended,sample=16,inner=1,items=1,raw_cycles=125674342
BENCH_SAMPLE,param=192f,config=mve_affine,backend=mve,matvec=mve,operation=verify,clock=systick-extended,sample=17,inner=1,items=1,raw_cycles=125289627
BENCH_SAMPLE,param=192f,config=mve_affine,backend=mve,matvec=mve,operation=verify,clock=systick-extended,sample=18,inner=1,items=1,raw_cycles=124999426
BENCH_SAMPLE,param=192f,config=mve_affine,backend=mve,matvec=mve,operation=verify,clock=systick-extended,sample=19,inner=1,items=1,raw_cycles=125398534
BENCH_SAMPLE,param=192f,config=mve_affine,backend=mve,matvec=mve,operation=verify,clock=systick-extended,sample=20,inner=1,items=1,raw_cycles=125676130
BENCH_SAMPLE,param=192f,config=mve_affine,backend=mve,matvec=mve,operation=verify,clock=systick-extended,sample=21,inner=1,items=1,raw_cycles=125210247
BENCH_SAMPLE,param=192f,config=mve_affine,backend=mve,matvec=mve,operation=verify,clock=systick-extended,sample=22,inner=1,items=1,raw_cycles=125532849
BENCH_SAMPLE,param=192f,config=mve_affine,backend=mve,matvec=mve,operation=verify,clock=systick-extended,sample=23,inner=1,items=1,raw_cycles=125489447
BENCH_SAMPLE,param=192f,config=mve_affine,backend=mve,matvec=mve,operation=verify,clock=systick-extended,sample=24,inner=1,items=1,raw_cycles=125410074
BENCH_SAMPLE,param=192f,config=mve_affine,backend=mve,matvec=mve,operation=verify,clock=systick-extended,sample=25,inner=1,items=1,raw_cycles=125162227
BENCH_SAMPLE,param=192f,config=mve_affine,backend=mve,matvec=mve,operation=verify,clock=systick-extended,sample=26,inner=1,items=1,raw_cycles=125412192
BENCH_SAMPLE,param=192f,config=mve_affine,backend=mve,matvec=mve,operation=verify,clock=systick-extended,sample=27,inner=1,items=1,raw_cycles=125450010
BENCH_SAMPLE,param=192f,config=mve_affine,backend=mve,matvec=mve,operation=verify,clock=systick-extended,sample=28,inner=1,items=1,raw_cycles=125537678
BENCH_SAMPLE,param=192f,config=mve_affine,backend=mve,matvec=mve,operation=verify,clock=systick-extended,sample=29,inner=1,items=1,raw_cycles=125519418
BENCH_SAMPLE,param=192f,config=mve_affine,backend=mve,matvec=mve,operation=verify,clock=systick-extended,sample=30,inner=1,items=1,raw_cycles=125461716
BENCH_SAMPLE,param=192f,config=mve_affine,backend=mve,matvec=mve,operation=verify,clock=systick-extended,sample=31,inner=1,items=1,raw_cycles=125489103
BENCH_SAMPLE,param=192f,config=mve_affine,backend=mve,matvec=mve,operation=verify,clock=systick-extended,sample=32,inner=1,items=1,raw_cycles=125651107
BENCH_SAMPLE,param=192f,config=mve_affine,backend=mve,matvec=mve,operation=verify,clock=systick-extended,sample=33,inner=1,items=1,raw_cycles=125659338
BENCH_SAMPLE,param=192f,config=mve_affine,backend=mve,matvec=mve,operation=verify,clock=systick-extended,sample=34,inner=1,items=1,raw_cycles=125823133
BENCH_SAMPLE,param=192f,config=mve_affine,backend=mve,matvec=mve,operation=verify,clock=systick-extended,sample=35,inner=1,items=1,raw_cycles=125520271
BENCH_SAMPLE,param=192f,config=mve_affine,backend=mve,matvec=mve,operation=verify,clock=systick-extended,sample=36,inner=1,items=1,raw_cycles=125486323
BENCH_SAMPLE,param=192f,config=mve_affine,backend=mve,matvec=mve,operation=verify,clock=systick-extended,sample=37,inner=1,items=1,raw_cycles=125122961
BENCH_SAMPLE,param=192f,config=mve_affine,backend=mve,matvec=mve,operation=verify,clock=systick-extended,sample=38,inner=1,items=1,raw_cycles=125229545
BENCH_SAMPLE,param=192f,config=mve_affine,backend=mve,matvec=mve,operation=verify,clock=systick-extended,sample=39,inner=1,items=1,raw_cycles=125133036
BENCH_SAMPLE,param=192f,config=mve_affine,backend=mve,matvec=mve,operation=verify,clock=systick-extended,sample=40,inner=1,items=1,raw_cycles=125456776
BENCH_SAMPLE,param=192f,config=mve_affine,backend=mve,matvec=mve,operation=verify,clock=systick-extended,sample=41,inner=1,items=1,raw_cycles=125185725
BENCH_SAMPLE,param=192f,config=mve_affine,backend=mve,matvec=mve,operation=verify,clock=systick-extended,sample=42,inner=1,items=1,raw_cycles=125592699
BENCH_SAMPLE,param=192f,config=mve_affine,backend=mve,matvec=mve,operation=verify,clock=systick-extended,sample=43,inner=1,items=1,raw_cycles=125421874
BENCH_SAMPLE,param=192f,config=mve_affine,backend=mve,matvec=mve,operation=verify,clock=systick-extended,sample=44,inner=1,items=1,raw_cycles=125444155
BENCH_SAMPLE,param=192f,config=mve_affine,backend=mve,matvec=mve,operation=verify,clock=systick-extended,sample=45,inner=1,items=1,raw_cycles=125402874
BENCH_SAMPLE,param=192f,config=mve_affine,backend=mve,matvec=mve,operation=verify,clock=systick-extended,sample=46,inner=1,items=1,raw_cycles=125313436
BENCH_SAMPLE,param=192f,config=mve_affine,backend=mve,matvec=mve,operation=verify,clock=systick-extended,sample=47,inner=1,items=1,raw_cycles=125636081
BENCH_SAMPLE,param=192f,config=mve_affine,backend=mve,matvec=mve,operation=verify,clock=systick-extended,sample=48,inner=1,items=1,raw_cycles=125267554
BENCH_SAMPLE,param=192f,config=mve_affine,backend=mve,matvec=mve,operation=verify,clock=systick-extended,sample=49,inner=1,items=1,raw_cycles=125313274
BENCH_RESULT,param=192f,config=mve_affine,backend=mve,matvec=mve,operation=verify,clock=systick-extended,samples=50,inner=1,items=1,min=124999426.00,median=125400704.00,mean=125393202.44,stddev=182981.29,max=125823133.00,cycles_per_item_mean=125393202.44
BENCH_MEMORY,param=192f,config=mve_affine,backend=mve,matvec=mve,static_ram_bytes=18720,stack_reserved_bytes=131072,stack_peak_bytes=15924,heap_capacity_bytes=1835008,heap_peak_bytes=28672
BENCH_PASS,param=192f,config=mve_affine,backend=mve,matvec=mve,checksum=22df1bbec77a5073
TEST_EXIT=0
