PAPER_M55_CONTEXT,result_dir=/Users/seungwon/AIMer3_on_AVX512/m55/benchmarks/results/paper-final-ref-mve-20260906-151313,source_sha256=d5a9217638ee84f7d9f5243875243052c95d5d6c224578e33e0548304ef6457e,command=make -B -C /Users/seungwon/AIMer3_on_AVX512/m55 PARAM=192s BACKEND=ref MATVEC=reference TEST=benchmark MEMORY=full SIGN_SCHEDULE=lowmem STACK_USAGE=1 BENCH_KERNEL_SAMPLES=31 BENCH_KERNEL_INNER=64 BENCH_E2E_SAMPLES=50 BENCH_WARMUP=10 run-board ARM_GCC_DIR=/Users/seungwon/test/.tools/xpack-arm-none-eabi-gcc-15.2.1-1.1/bin CUBE_N6_DIR=/Users/seungwon/STM32CubeN6 CORTEXCTL=/Users/Shared/cortexctl OPENOCD=/Users/seungwon/test/.tools/xpack-openocd-0.12.0-7/bin/openocd OPENOCD_SCRIPTS=/Users/seungwon/test/.tools/xpack-openocd-0.12.0-7/openocd/scripts OPENOCD_TARGET_SCRIPTS=/Users/seungwon/test/.tools/openocd-scripts 
/Users/seungwon/test/.tools/xpack-arm-none-eabi-gcc-15.2.1-1.1/bin/arm-none-eabi-gcc   -DAIMER_BENCHMARK -DPARAMS=192s -DAIMER_BACKEND=ref -DAIMER_MATVEC=reference -DAIMER_CONFIG=ref -DBENCH_KERNEL_SAMPLES=31 -DBENCH_E2E_SAMPLES=50 -DBENCH_KERNEL_INNER=64 -DBENCH_WARMUP=10 -DPROFILE_SAMPLES=31 -DPROFILE_KERNEL_INNER=64 -DPROFILE_COMPLEX_INNER=8 -DUSE_HAL_DRIVER -DSTM32N657xx -Iinclude -I../common/src/sig/aimer/reference/aimer-192s -I../common/src -I/Users/seungwon/STM32CubeN6/Projects/NUCLEO-N657X0-Q/Templates/Template/FSBL/Inc -I/Users/seungwon/STM32CubeN6/Drivers/CMSIS/Include -I/Users/seungwon/STM32CubeN6/Drivers/CMSIS/Device/ST/STM32N6xx/Include -I/Users/seungwon/STM32CubeN6/Drivers/STM32N6xx_HAL_Driver/Inc -I/Users/seungwon/STM32CubeN6/Drivers/STM32N6xx_HAL_Driver/Inc/Legacy -O3 -std=c11 -fno-common -ffunction-sections -fdata-sections -fno-tree-vectorize -fno-tree-slp-vectorize -MMD -MP --specs=nosys.specs -Wall -Wextra -Wshadow -Wconversion -Wstrict-prototypes -mcpu=cortex-m55 -mthumb -mfloat-abi=hard -mcmse -fstack-usage -c benchmarks/benchmark.c -o build/full/192s/ref/benchmark/benchmark.c.o
/Users/seungwon/test/.tools/xpack-arm-none-eabi-gcc-15.2.1-1.1/bin/arm-none-eabi-gcc   -DAIMER_BENCHMARK -DPARAMS=192s -DAIMER_BACKEND=ref -DAIMER_MATVEC=reference -DAIMER_CONFIG=ref -DBENCH_KERNEL_SAMPLES=31 -DBENCH_E2E_SAMPLES=50 -DBENCH_KERNEL_INNER=64 -DBENCH_WARMUP=10 -DPROFILE_SAMPLES=31 -DPROFILE_KERNEL_INNER=64 -DPROFILE_COMPLEX_INNER=8 -DUSE_HAL_DRIVER -DSTM32N657xx -Iinclude -I../common/src/sig/aimer/reference/aimer-192s -I../common/src -I/Users/seungwon/STM32CubeN6/Projects/NUCLEO-N657X0-Q/Templates/Template/FSBL/Inc -I/Users/seungwon/STM32CubeN6/Drivers/CMSIS/Include -I/Users/seungwon/STM32CubeN6/Drivers/CMSIS/Device/ST/STM32N6xx/Include -I/Users/seungwon/STM32CubeN6/Drivers/STM32N6xx_HAL_Driver/Inc -I/Users/seungwon/STM32CubeN6/Drivers/STM32N6xx_HAL_Driver/Inc/Legacy -O3 -std=c11 -fno-common -ffunction-sections -fdata-sections -fno-tree-vectorize -fno-tree-slp-vectorize -MMD -MP --specs=nosys.specs -Wall -Wextra -Wshadow -Wconversion -Wstrict-prototypes -mcpu=cortex-m55 -mthumb -mfloat-abi=hard -mcmse -fstack-usage -c src/lowmem/sign_low_memory.c -o build/full/192s/ref/benchmark/sign_low_memory.c.o
/Users/seungwon/test/.tools/xpack-arm-none-eabi-gcc-15.2.1-1.1/bin/arm-none-eabi-gcc   -DAIMER_BENCHMARK -DPARAMS=192s -DAIMER_BACKEND=ref -DAIMER_MATVEC=reference -DAIMER_CONFIG=ref -DBENCH_KERNEL_SAMPLES=31 -DBENCH_E2E_SAMPLES=50 -DBENCH_KERNEL_INNER=64 -DBENCH_WARMUP=10 -DPROFILE_SAMPLES=31 -DPROFILE_KERNEL_INNER=64 -DPROFILE_COMPLEX_INNER=8 -DUSE_HAL_DRIVER -DSTM32N657xx -Iinclude -I../common/src/sig/aimer/reference/aimer-192s -I../common/src -I/Users/seungwon/STM32CubeN6/Projects/NUCLEO-N657X0-Q/Templates/Template/FSBL/Inc -I/Users/seungwon/STM32CubeN6/Drivers/CMSIS/Include -I/Users/seungwon/STM32CubeN6/Drivers/CMSIS/Device/ST/STM32N6xx/Include -I/Users/seungwon/STM32CubeN6/Drivers/STM32N6xx_HAL_Driver/Inc -I/Users/seungwon/STM32CubeN6/Drivers/STM32N6xx_HAL_Driver/Inc/Legacy -O3 -std=c11 -fno-common -ffunction-sections -fdata-sections -fno-tree-vectorize -fno-tree-slp-vectorize -MMD -MP --specs=nosys.specs -Wall -Wextra -Wshadow -Wconversion -Wstrict-prototypes -mcpu=cortex-m55 -mthumb -mfloat-abi=hard -mcmse -fstack-usage -c src/lowmem/verify_batch.c -o build/full/192s/ref/benchmark/verify_batch.c.o
/Users/seungwon/test/.tools/xpack-arm-none-eabi-gcc-15.2.1-1.1/bin/arm-none-eabi-gcc   -DAIMER_BENCHMARK -DPARAMS=192s -DAIMER_BACKEND=ref -DAIMER_MATVEC=reference -DAIMER_CONFIG=ref -DBENCH_KERNEL_SAMPLES=31 -DBENCH_E2E_SAMPLES=50 -DBENCH_KERNEL_INNER=64 -DBENCH_WARMUP=10 -DPROFILE_SAMPLES=31 -DPROFILE_KERNEL_INNER=64 -DPROFILE_COMPLEX_INNER=8 -DUSE_HAL_DRIVER -DSTM32N657xx -Iinclude -I../common/src/sig/aimer/reference/aimer-192s -I../common/src -I/Users/seungwon/STM32CubeN6/Projects/NUCLEO-N657X0-Q/Templates/Template/FSBL/Inc -I/Users/seungwon/STM32CubeN6/Drivers/CMSIS/Include -I/Users/seungwon/STM32CubeN6/Drivers/CMSIS/Device/ST/STM32N6xx/Include -I/Users/seungwon/STM32CubeN6/Drivers/STM32N6xx_HAL_Driver/Inc -I/Users/seungwon/STM32CubeN6/Drivers/STM32N6xx_HAL_Driver/Inc/Legacy -O3 -std=c11 -fno-common -ffunction-sections -fdata-sections -fno-tree-vectorize -fno-tree-slp-vectorize -MMD -MP --specs=nosys.specs -Wall -Wextra -Wshadow -Wconversion -Wstrict-prototypes -mcpu=cortex-m55 -mthumb -mfloat-abi=hard -mcmse -fstack-usage -c src/mve/field_batch.c -o build/full/192s/ref/benchmark/field_batch.c.o
/Users/seungwon/test/.tools/xpack-arm-none-eabi-gcc-15.2.1-1.1/bin/arm-none-eabi-gcc   -DAIMER_BENCHMARK -DPARAMS=192s -DAIMER_BACKEND=ref -DAIMER_MATVEC=reference -DAIMER_CONFIG=ref -DBENCH_KERNEL_SAMPLES=31 -DBENCH_E2E_SAMPLES=50 -DBENCH_KERNEL_INNER=64 -DBENCH_WARMUP=10 -DPROFILE_SAMPLES=31 -DPROFILE_KERNEL_INNER=64 -DPROFILE_COMPLEX_INNER=8 -DUSE_HAL_DRIVER -DSTM32N657xx -Iinclude -I../common/src/sig/aimer/reference/aimer-192s -I../common/src -I/Users/seungwon/STM32CubeN6/Projects/NUCLEO-N657X0-Q/Templates/Template/FSBL/Inc -I/Users/seungwon/STM32CubeN6/Drivers/CMSIS/Include -I/Users/seungwon/STM32CubeN6/Drivers/CMSIS/Device/ST/STM32N6xx/Include -I/Users/seungwon/STM32CubeN6/Drivers/STM32N6xx_HAL_Driver/Inc -I/Users/seungwon/STM32CubeN6/Drivers/STM32N6xx_HAL_Driver/Inc/Legacy -O3 -std=c11 -fno-common -ffunction-sections -fdata-sections -fno-tree-vectorize -fno-tree-slp-vectorize -MMD -MP --specs=nosys.specs -Wall -Wextra -Wshadow -Wconversion -Wstrict-prototypes -mcpu=cortex-m55 -mthumb -mfloat-abi=hard -mcmse -fstack-usage -c src/mve/mpc_batch.c -o build/full/192s/ref/benchmark/mpc_batch.c.o
/Users/seungwon/test/.tools/xpack-arm-none-eabi-gcc-15.2.1-1.1/bin/arm-none-eabi-gcc   -DAIMER_BENCHMARK -DPARAMS=192s -DAIMER_BACKEND=ref -DAIMER_MATVEC=reference -DAIMER_CONFIG=ref -DBENCH_KERNEL_SAMPLES=31 -DBENCH_E2E_SAMPLES=50 -DBENCH_KERNEL_INNER=64 -DBENCH_WARMUP=10 -DPROFILE_SAMPLES=31 -DPROFILE_KERNEL_INNER=64 -DPROFILE_COMPLEX_INNER=8 -DUSE_HAL_DRIVER -DSTM32N657xx -Iinclude -I../common/src/sig/aimer/reference/aimer-192s -I../common/src -I/Users/seungwon/STM32CubeN6/Projects/NUCLEO-N657X0-Q/Templates/Template/FSBL/Inc -I/Users/seungwon/STM32CubeN6/Drivers/CMSIS/Include -I/Users/seungwon/STM32CubeN6/Drivers/CMSIS/Device/ST/STM32N6xx/Include -I/Users/seungwon/STM32CubeN6/Drivers/STM32N6xx_HAL_Driver/Inc -I/Users/seungwon/STM32CubeN6/Drivers/STM32N6xx_HAL_Driver/Inc/Legacy -O3 -std=c11 -fno-common -ffunction-sections -fdata-sections -fno-tree-vectorize -fno-tree-slp-vectorize -MMD -MP --specs=nosys.specs -Wall -Wextra -Wshadow -Wconversion -Wstrict-prototypes -mcpu=cortex-m55 -mthumb -mfloat-abi=hard -mcmse -fstack-usage -c ../common/src/sig/aimer/reference/aimer-192s/aim3.c -o build/full/192s/ref/benchmark/aim3.c.o
/Users/seungwon/test/.tools/xpack-arm-none-eabi-gcc-15.2.1-1.1/bin/arm-none-eabi-gcc   -DAIMER_BENCHMARK -DPARAMS=192s -DAIMER_BACKEND=ref -DAIMER_MATVEC=reference -DAIMER_CONFIG=ref -DBENCH_KERNEL_SAMPLES=31 -DBENCH_E2E_SAMPLES=50 -DBENCH_KERNEL_INNER=64 -DBENCH_WARMUP=10 -DPROFILE_SAMPLES=31 -DPROFILE_KERNEL_INNER=64 -DPROFILE_COMPLEX_INNER=8 -DUSE_HAL_DRIVER -DSTM32N657xx -Iinclude -I../common/src/sig/aimer/reference/aimer-192s -I../common/src -I/Users/seungwon/STM32CubeN6/Projects/NUCLEO-N657X0-Q/Templates/Template/FSBL/Inc -I/Users/seungwon/STM32CubeN6/Drivers/CMSIS/Include -I/Users/seungwon/STM32CubeN6/Drivers/CMSIS/Device/ST/STM32N6xx/Include -I/Users/seungwon/STM32CubeN6/Drivers/STM32N6xx_HAL_Driver/Inc -I/Users/seungwon/STM32CubeN6/Drivers/STM32N6xx_HAL_Driver/Inc/Legacy -O3 -std=c11 -fno-common -ffunction-sections -fdata-sections -fno-tree-vectorize -fno-tree-slp-vectorize -MMD -MP --specs=nosys.specs -Wall -Wextra -Wshadow -Wconversion -Wstrict-prototypes -mcpu=cortex-m55 -mthumb -mfloat-abi=hard -mcmse -fstack-usage -c ../common/src/sig/aimer/reference/aimer-192s/hash.c -o build/full/192s/ref/benchmark/hash.c.o
/Users/seungwon/test/.tools/xpack-arm-none-eabi-gcc-15.2.1-1.1/bin/arm-none-eabi-gcc   -DAIMER_BENCHMARK -DPARAMS=192s -DAIMER_BACKEND=ref -DAIMER_MATVEC=reference -DAIMER_CONFIG=ref -DBENCH_KERNEL_SAMPLES=31 -DBENCH_E2E_SAMPLES=50 -DBENCH_KERNEL_INNER=64 -DBENCH_WARMUP=10 -DPROFILE_SAMPLES=31 -DPROFILE_KERNEL_INNER=64 -DPROFILE_COMPLEX_INNER=8 -DUSE_HAL_DRIVER -DSTM32N657xx -Iinclude -I../common/src/sig/aimer/reference/aimer-192s -I../common/src -I/Users/seungwon/STM32CubeN6/Projects/NUCLEO-N657X0-Q/Templates/Template/FSBL/Inc -I/Users/seungwon/STM32CubeN6/Drivers/CMSIS/Include -I/Users/seungwon/STM32CubeN6/Drivers/CMSIS/Device/ST/STM32N6xx/Include -I/Users/seungwon/STM32CubeN6/Drivers/STM32N6xx_HAL_Driver/Inc -I/Users/seungwon/STM32CubeN6/Drivers/STM32N6xx_HAL_Driver/Inc/Legacy -O3 -std=c11 -fno-common -ffunction-sections -fdata-sections -fno-tree-vectorize -fno-tree-slp-vectorize -MMD -MP --specs=nosys.specs -Wall -Wextra -Wshadow -Wconversion -Wstrict-prototypes -mcpu=cortex-m55 -mthumb -mfloat-abi=hard -mcmse -fstack-usage -c ../common/src/sig/aimer/reference/aimer-192s/sign.c -o build/full/192s/ref/benchmark/sign.c.o
../common/src/sig/aimer/reference/aimer-192s/sign.c: In function 'samsungsds_aimer_192s_ref_crypto_sign_signature':
../common/src/sig/aimer/reference/aimer-192s/sign.c:409:15: warning: conversion from 'size_t' {aka 'unsigned int'} to 'uint8_t' {aka 'unsigned char'} may change value [-Wconversion]
  409 |   prefix[0] = ctxlen;
      |               ^~~~~~
../common/src/sig/aimer/reference/aimer-192s/sign.c: In function 'samsungsds_aimer_192s_ref_crypto_sign_verify':
../common/src/sig/aimer/reference/aimer-192s/sign.c:675:15: warning: conversion from 'size_t' {aka 'unsigned int'} to 'uint8_t' {aka 'unsigned char'} may change value [-Wconversion]
  675 |   prefix[0] = ctxlen;
      |               ^~~~~~
/Users/seungwon/test/.tools/xpack-arm-none-eabi-gcc-15.2.1-1.1/bin/arm-none-eabi-gcc   -DAIMER_BENCHMARK -DPARAMS=192s -DAIMER_BACKEND=ref -DAIMER_MATVEC=reference -DAIMER_CONFIG=ref -DBENCH_KERNEL_SAMPLES=31 -DBENCH_E2E_SAMPLES=50 -DBENCH_KERNEL_INNER=64 -DBENCH_WARMUP=10 -DPROFILE_SAMPLES=31 -DPROFILE_KERNEL_INNER=64 -DPROFILE_COMPLEX_INNER=8 -DUSE_HAL_DRIVER -DSTM32N657xx -Iinclude -I../common/src/sig/aimer/reference/aimer-192s -I../common/src -I/Users/seungwon/STM32CubeN6/Projects/NUCLEO-N657X0-Q/Templates/Template/FSBL/Inc -I/Users/seungwon/STM32CubeN6/Drivers/CMSIS/Include -I/Users/seungwon/STM32CubeN6/Drivers/CMSIS/Device/ST/STM32N6xx/Include -I/Users/seungwon/STM32CubeN6/Drivers/STM32N6xx_HAL_Driver/Inc -I/Users/seungwon/STM32CubeN6/Drivers/STM32N6xx_HAL_Driver/Inc/Legacy -O3 -std=c11 -fno-common -ffunction-sections -fdata-sections -fno-tree-vectorize -fno-tree-slp-vectorize -MMD -MP --specs=nosys.specs -Wall -Wextra -Wshadow -Wconversion -Wstrict-prototypes -mcpu=cortex-m55 -mthumb -mfloat-abi=hard -mcmse -fstack-usage -c ../common/src/sig/aimer/reference/aimer-192s/tree.c -o build/full/192s/ref/benchmark/tree.c.o
/Users/seungwon/test/.tools/xpack-arm-none-eabi-gcc-15.2.1-1.1/bin/arm-none-eabi-gcc   -DAIMER_BENCHMARK -DPARAMS=192s -DAIMER_BACKEND=ref -DAIMER_MATVEC=reference -DAIMER_CONFIG=ref -DBENCH_KERNEL_SAMPLES=31 -DBENCH_E2E_SAMPLES=50 -DBENCH_KERNEL_INNER=64 -DBENCH_WARMUP=10 -DPROFILE_SAMPLES=31 -DPROFILE_KERNEL_INNER=64 -DPROFILE_COMPLEX_INNER=8 -DUSE_HAL_DRIVER -DSTM32N657xx -Iinclude -I../common/src/sig/aimer/reference/aimer-192s -I../common/src -I/Users/seungwon/STM32CubeN6/Projects/NUCLEO-N657X0-Q/Templates/Template/FSBL/Inc -I/Users/seungwon/STM32CubeN6/Drivers/CMSIS/Include -I/Users/seungwon/STM32CubeN6/Drivers/CMSIS/Device/ST/STM32N6xx/Include -I/Users/seungwon/STM32CubeN6/Drivers/STM32N6xx_HAL_Driver/Inc -I/Users/seungwon/STM32CubeN6/Drivers/STM32N6xx_HAL_Driver/Inc/Legacy -O3 -std=c11 -fno-common -ffunction-sections -fdata-sections -fno-tree-vectorize -fno-tree-slp-vectorize -MMD -MP --specs=nosys.specs -Wall -Wextra -Wshadow -Wconversion -Wstrict-prototypes -mcpu=cortex-m55 -mthumb -mfloat-abi=hard -mcmse -fstack-usage -c ../common/src/sig/aimer/reference/aimer-192s/field_common.c -o build/full/192s/ref/benchmark/field_common.c.o
../common/src/sig/aimer/reference/aimer-192s/field_common.c: In function 'samsungsds_aimer_192s_ref_gf_from_bytes':
../common/src/sig/aimer/reference/aimer-192s/field_common.c:28:31: warning: conversion to 'size_t' {aka 'unsigned int'} from 'int' may change the sign of the result [-Wsign-conversion]
   28 |       u = (u << 8) | in[8 * i + j];
      |                               ^
/Users/seungwon/test/.tools/xpack-arm-none-eabi-gcc-15.2.1-1.1/bin/arm-none-eabi-gcc   -DAIMER_BENCHMARK -DPARAMS=192s -DAIMER_BACKEND=ref -DAIMER_MATVEC=reference -DAIMER_CONFIG=ref -DBENCH_KERNEL_SAMPLES=31 -DBENCH_E2E_SAMPLES=50 -DBENCH_KERNEL_INNER=64 -DBENCH_WARMUP=10 -DPROFILE_SAMPLES=31 -DPROFILE_KERNEL_INNER=64 -DPROFILE_COMPLEX_INNER=8 -DUSE_HAL_DRIVER -DSTM32N657xx -Iinclude -I../common/src/sig/aimer/reference/aimer-192s -I../common/src -I/Users/seungwon/STM32CubeN6/Projects/NUCLEO-N657X0-Q/Templates/Template/FSBL/Inc -I/Users/seungwon/STM32CubeN6/Drivers/CMSIS/Include -I/Users/seungwon/STM32CubeN6/Drivers/CMSIS/Device/ST/STM32N6xx/Include -I/Users/seungwon/STM32CubeN6/Drivers/STM32N6xx_HAL_Driver/Inc -I/Users/seungwon/STM32CubeN6/Drivers/STM32N6xx_HAL_Driver/Inc/Legacy -O3 -std=c11 -fno-common -ffunction-sections -fdata-sections -fno-tree-vectorize -fno-tree-slp-vectorize -MMD -MP --specs=nosys.specs -Wall -Wextra -Wshadow -Wconversion -Wstrict-prototypes -mcpu=cortex-m55 -mthumb -mfloat-abi=hard -mcmse -fstack-usage -c ../common/src/sig/aimer/reference/aimer-192s/field192.c -o build/full/192s/ref/benchmark/field192.c.o
/Users/seungwon/test/.tools/xpack-arm-none-eabi-gcc-15.2.1-1.1/bin/arm-none-eabi-gcc   -DAIMER_BENCHMARK -DPARAMS=192s -DAIMER_BACKEND=ref -DAIMER_MATVEC=reference -DAIMER_CONFIG=ref -DBENCH_KERNEL_SAMPLES=31 -DBENCH_E2E_SAMPLES=50 -DBENCH_KERNEL_INNER=64 -DBENCH_WARMUP=10 -DPROFILE_SAMPLES=31 -DPROFILE_KERNEL_INNER=64 -DPROFILE_COMPLEX_INNER=8 -DUSE_HAL_DRIVER -DSTM32N657xx -Iinclude -I../common/src/sig/aimer/reference/aimer-192s -I../common/src -I/Users/seungwon/STM32CubeN6/Projects/NUCLEO-N657X0-Q/Templates/Template/FSBL/Inc -I/Users/seungwon/STM32CubeN6/Drivers/CMSIS/Include -I/Users/seungwon/STM32CubeN6/Drivers/CMSIS/Device/ST/STM32N6xx/Include -I/Users/seungwon/STM32CubeN6/Drivers/STM32N6xx_HAL_Driver/Inc -I/Users/seungwon/STM32CubeN6/Drivers/STM32N6xx_HAL_Driver/Inc/Legacy -O3 -std=c11 -fno-common -ffunction-sections -fdata-sections -fno-tree-vectorize -fno-tree-slp-vectorize -MMD -MP --specs=nosys.specs -Wall -Wextra -Wshadow -Wconversion -Wstrict-prototypes -mcpu=cortex-m55 -mthumb -mfloat-abi=hard -mcmse -fstack-usage -c ../common/src/common/aes.c -o build/full/192s/ref/benchmark/aes.c.o
/Users/seungwon/test/.tools/xpack-arm-none-eabi-gcc-15.2.1-1.1/bin/arm-none-eabi-gcc   -DAIMER_BENCHMARK -DPARAMS=192s -DAIMER_BACKEND=ref -DAIMER_MATVEC=reference -DAIMER_CONFIG=ref -DBENCH_KERNEL_SAMPLES=31 -DBENCH_E2E_SAMPLES=50 -DBENCH_KERNEL_INNER=64 -DBENCH_WARMUP=10 -DPROFILE_SAMPLES=31 -DPROFILE_KERNEL_INNER=64 -DPROFILE_COMPLEX_INNER=8 -DUSE_HAL_DRIVER -DSTM32N657xx -Iinclude -I../common/src/sig/aimer/reference/aimer-192s -I../common/src -I/Users/seungwon/STM32CubeN6/Projects/NUCLEO-N657X0-Q/Templates/Template/FSBL/Inc -I/Users/seungwon/STM32CubeN6/Drivers/CMSIS/Include -I/Users/seungwon/STM32CubeN6/Drivers/CMSIS/Device/ST/STM32N6xx/Include -I/Users/seungwon/STM32CubeN6/Drivers/STM32N6xx_HAL_Driver/Inc -I/Users/seungwon/STM32CubeN6/Drivers/STM32N6xx_HAL_Driver/Inc/Legacy -O3 -std=c11 -fno-common -ffunction-sections -fdata-sections -fno-tree-vectorize -fno-tree-slp-vectorize -MMD -MP --specs=nosys.specs -Wall -Wextra -Wshadow -Wconversion -Wstrict-prototypes -mcpu=cortex-m55 -mthumb -mfloat-abi=hard -mcmse -fstack-usage -c ../common/src/common/fips202.c -o build/full/192s/ref/benchmark/fips202.c.o
/Users/seungwon/test/.tools/xpack-arm-none-eabi-gcc-15.2.1-1.1/bin/arm-none-eabi-gcc   -DAIMER_BENCHMARK -DPARAMS=192s -DAIMER_BACKEND=ref -DAIMER_MATVEC=reference -DAIMER_CONFIG=ref -DBENCH_KERNEL_SAMPLES=31 -DBENCH_E2E_SAMPLES=50 -DBENCH_KERNEL_INNER=64 -DBENCH_WARMUP=10 -DPROFILE_SAMPLES=31 -DPROFILE_KERNEL_INNER=64 -DPROFILE_COMPLEX_INNER=8 -DUSE_HAL_DRIVER -DSTM32N657xx -Iinclude -I../common/src/sig/aimer/reference/aimer-192s -I../common/src -I/Users/seungwon/STM32CubeN6/Projects/NUCLEO-N657X0-Q/Templates/Template/FSBL/Inc -I/Users/seungwon/STM32CubeN6/Drivers/CMSIS/Include -I/Users/seungwon/STM32CubeN6/Drivers/CMSIS/Device/ST/STM32N6xx/Include -I/Users/seungwon/STM32CubeN6/Drivers/STM32N6xx_HAL_Driver/Inc -I/Users/seungwon/STM32CubeN6/Drivers/STM32N6xx_HAL_Driver/Inc/Legacy -O3 -std=c11 -fno-common -ffunction-sections -fdata-sections -fno-tree-vectorize -fno-tree-slp-vectorize -MMD -MP --specs=nosys.specs -Wall -Wextra -Wshadow -Wconversion -Wstrict-prototypes -mcpu=cortex-m55 -mthumb -mfloat-abi=hard -mcmse -fstack-usage -c ../common/src/common/rng.c -o build/full/192s/ref/benchmark/rng.c.o
../common/src/common/rng.c: In function 'seedexpander_init':
../common/src/common/rng.c:30:17: warning: comparison is always false due to limited range of data type [-Wtype-limits]
   30 |     if ( maxlen >= 0x100000000 )
      |                 ^~
../common/src/common/rng.c: In function 'seedexpander':
../common/src/common/rng.c:73:19: warning: comparison of integer expressions of different signedness: 'long unsigned int' and 'int' [-Wsign-compare]
   73 |         if ( xlen <= (16-ctx->buffer_pos) ) { // buffer has what we need
      |                   ^~
../common/src/common/rng.c:75:29: warning: conversion to 'long unsigned int' from 'int' may change the sign of the result [-Wsign-conversion]
   75 |             ctx->buffer_pos += xlen;
      |                             ^~
../common/src/common/rng.c:75:32: warning: conversion to 'int' from 'long unsigned int' may change the sign of the result [-Wsign-conversion]
   75 |             ctx->buffer_pos += xlen;
      |                                ^~~~
../common/src/common/rng.c:81:57: warning: conversion to 'size_t' {aka 'unsigned int'} from 'int' may change the sign of the result [-Wsign-conversion]
   81 |         memcpy(x+offset, ctx->buffer+ctx->buffer_pos, 16-ctx->buffer_pos);
      |                                                       ~~^~~~~~~~~~~~~~~~
../common/src/common/rng.c:82:14: warning: conversion to 'long unsigned int' from 'int' may change the sign of the result [-Wsign-conversion]
   82 |         xlen -= 16-ctx->buffer_pos;
      |              ^~
../common/src/common/rng.c:83:16: warning: conversion to 'long unsigned int' from 'int' may change the sign of the result [-Wsign-conversion]
   83 |         offset += 16-ctx->buffer_pos;
      |                ^~
../common/src/common/rng.c: In function 'randombytes_init':
../common/src/common/rng.c:127:22: warning: unused parameter 'security_strength' [-Wunused-parameter]
  127 |                  int security_strength)
      |                  ~~~~^~~~~~~~~~~~~~~~~
../common/src/common/rng.c: In function 'randombytes':
../common/src/common/rng.c:164:32: warning: conversion from 'long long unsigned int' to 'size_t' {aka 'unsigned int'} may change value [-Wconversion]
  164 |             memcpy(x+i, block, xlen);
      |                                ^~~~
/Users/seungwon/test/.tools/xpack-arm-none-eabi-gcc-15.2.1-1.1/bin/arm-none-eabi-gcc   -DAIMER_BENCHMARK -DPARAMS=192s -DAIMER_BACKEND=ref -DAIMER_MATVEC=reference -DAIMER_CONFIG=ref -DBENCH_KERNEL_SAMPLES=31 -DBENCH_E2E_SAMPLES=50 -DBENCH_KERNEL_INNER=64 -DBENCH_WARMUP=10 -DPROFILE_SAMPLES=31 -DPROFILE_KERNEL_INNER=64 -DPROFILE_COMPLEX_INNER=8 -DUSE_HAL_DRIVER -DSTM32N657xx -Iinclude -I../common/src/sig/aimer/reference/aimer-192s -I../common/src -I/Users/seungwon/STM32CubeN6/Projects/NUCLEO-N657X0-Q/Templates/Template/FSBL/Inc -I/Users/seungwon/STM32CubeN6/Drivers/CMSIS/Include -I/Users/seungwon/STM32CubeN6/Drivers/CMSIS/Device/ST/STM32N6xx/Include -I/Users/seungwon/STM32CubeN6/Drivers/STM32N6xx_HAL_Driver/Inc -I/Users/seungwon/STM32CubeN6/Drivers/STM32N6xx_HAL_Driver/Inc/Legacy -O3 -std=c11 -fno-common -ffunction-sections -fdata-sections -fno-tree-vectorize -fno-tree-slp-vectorize -MMD -MP --specs=nosys.specs -Wall -Wextra -Wshadow -Wconversion -Wstrict-prototypes -mcpu=cortex-m55 -mthumb -mfloat-abi=hard -mcmse -fstack-usage -c platform/nucleo-n657x0-q/platform.c -o build/full/192s/ref/benchmark/platform.c.o
In file included from /Users/seungwon/STM32CubeN6/Drivers/CMSIS/Include/core_cm55.h:4605,
                 from /Users/seungwon/STM32CubeN6/Drivers/CMSIS/Device/ST/STM32N6xx/Include/stm32n657xx.h:281,
                 from /Users/seungwon/STM32CubeN6/Drivers/CMSIS/Device/ST/STM32N6xx/Include/stm32n6xx.h:87,
                 from /Users/seungwon/STM32CubeN6/Drivers/STM32N6xx_HAL_Driver/Inc/stm32n6xx_hal_def.h:33,
                 from /Users/seungwon/STM32CubeN6/Drivers/STM32N6xx_HAL_Driver/Inc/stm32n6xx_hal_rcc.h:28,
                 from /Users/seungwon/STM32CubeN6/Projects/NUCLEO-N657X0-Q/Templates/Template/FSBL/Inc/stm32n6xx_hal_conf.h:253,
                 from /Users/seungwon/STM32CubeN6/Drivers/STM32N6xx_HAL_Driver/Inc/stm32n6xx_hal.h:29,
                 from platform/nucleo-n657x0-q/platform.c:5:
/Users/seungwon/STM32CubeN6/Drivers/CMSIS/Include/m-profile/armv7m_cachel1.h: In function 'SCB_InvalidateICache_by_Addr':
/Users/seungwon/STM32CubeN6/Drivers/CMSIS/Include/m-profile/armv7m_cachel1.h:117:32: warning: conversion to 'long unsigned int' from 'int32_t' {aka 'long int'} may change the sign of the result [-Wsign-conversion]
  117 |        int32_t op_size = isize + (((uint32_t)addr) & (__SCB_ICACHE_LINE_SIZE - 1U));
      |                                ^
/Users/seungwon/STM32CubeN6/Drivers/CMSIS/Include/m-profile/armv7m_cachel1.h:117:26: warning: conversion to 'int32_t' {aka 'long int'} from 'long unsigned int' may change the sign of the result [-Wsign-conversion]
  117 |        int32_t op_size = isize + (((uint32_t)addr) & (__SCB_ICACHE_LINE_SIZE - 1U));
      |                          ^~~~~
/Users/seungwon/STM32CubeN6/Drivers/CMSIS/Include/m-profile/armv7m_cachel1.h:125:17: warning: conversion to 'long unsigned int' from 'int32_t' {aka 'long int'} may change the sign of the result [-Wsign-conversion]
  125 |         op_size -= __SCB_ICACHE_LINE_SIZE;
      |                 ^~
/Users/seungwon/STM32CubeN6/Drivers/CMSIS/Include/m-profile/armv7m_cachel1.h:48:33: warning: conversion to 'int32_t' {aka 'long int'} from 'long unsigned int' may change the sign of the result [-Wsign-conversion]
   48 | #define __SCB_ICACHE_LINE_SIZE  32U /*!< Cortex-M7 cache line size is fixed to 32 bytes (8 words). See also register SCB_CCSIDR */
      |                                 ^~~
/Users/seungwon/STM32CubeN6/Drivers/CMSIS/Include/m-profile/armv7m_cachel1.h:125:20: note: in expansion of macro '__SCB_ICACHE_LINE_SIZE'
  125 |         op_size -= __SCB_ICACHE_LINE_SIZE;
      |                    ^~~~~~~~~~~~~~~~~~~~~~
/Users/seungwon/STM32CubeN6/Drivers/CMSIS/Include/m-profile/armv7m_cachel1.h: In function 'SCB_InvalidateDCache_by_Addr':
/Users/seungwon/STM32CubeN6/Drivers/CMSIS/Include/m-profile/armv7m_cachel1.h:360:32: warning: conversion to 'long unsigned int' from 'int32_t' {aka 'long int'} may change the sign of the result [-Wsign-conversion]
  360 |        int32_t op_size = dsize + (((uint32_t)addr) & (__SCB_DCACHE_LINE_SIZE - 1U));
      |                                ^
/Users/seungwon/STM32CubeN6/Drivers/CMSIS/Include/m-profile/armv7m_cachel1.h:360:26: warning: conversion to 'int32_t' {aka 'long int'} from 'long unsigned int' may change the sign of the result [-Wsign-conversion]
  360 |        int32_t op_size = dsize + (((uint32_t)addr) & (__SCB_DCACHE_LINE_SIZE - 1U));
      |                          ^~~~~
/Users/seungwon/STM32CubeN6/Drivers/CMSIS/Include/m-profile/armv7m_cachel1.h:368:17: warning: conversion to 'long unsigned int' from 'int32_t' {aka 'long int'} may change the sign of the result [-Wsign-conversion]
  368 |         op_size -= __SCB_DCACHE_LINE_SIZE;
      |                 ^~
/Users/seungwon/STM32CubeN6/Drivers/CMSIS/Include/m-profile/armv7m_cachel1.h:44:33: warning: conversion to 'int32_t' {aka 'long int'} from 'long unsigned int' may change the sign of the result [-Wsign-conversion]
   44 | #define __SCB_DCACHE_LINE_SIZE  32U /*!< Cortex-M7 cache line size is fixed to 32 bytes (8 words). See also register SCB_CCSIDR */
      |                                 ^~~
/Users/seungwon/STM32CubeN6/Drivers/CMSIS/Include/m-profile/armv7m_cachel1.h:368:20: note: in expansion of macro '__SCB_DCACHE_LINE_SIZE'
  368 |         op_size -= __SCB_DCACHE_LINE_SIZE;
      |                    ^~~~~~~~~~~~~~~~~~~~~~
/Users/seungwon/STM32CubeN6/Drivers/CMSIS/Include/m-profile/armv7m_cachel1.h: In function 'SCB_CleanDCache_by_Addr':
/Users/seungwon/STM32CubeN6/Drivers/CMSIS/Include/m-profile/armv7m_cachel1.h:390:32: warning: conversion to 'long unsigned int' from 'int32_t' {aka 'long int'} may change the sign of the result [-Wsign-conversion]
  390 |        int32_t op_size = dsize + (((uint32_t)addr) & (__SCB_DCACHE_LINE_SIZE - 1U));
      |                                ^
/Users/seungwon/STM32CubeN6/Drivers/CMSIS/Include/m-profile/armv7m_cachel1.h:390:26: warning: conversion to 'int32_t' {aka 'long int'} from 'long unsigned int' may change the sign of the result [-Wsign-conversion]
  390 |        int32_t op_size = dsize + (((uint32_t)addr) & (__SCB_DCACHE_LINE_SIZE - 1U));
      |                          ^~~~~
/Users/seungwon/STM32CubeN6/Drivers/CMSIS/Include/m-profile/armv7m_cachel1.h:398:17: warning: conversion to 'long unsigned int' from 'int32_t' {aka 'long int'} may change the sign of the result [-Wsign-conversion]
  398 |         op_size -= __SCB_DCACHE_LINE_SIZE;
      |                 ^~
/Users/seungwon/STM32CubeN6/Drivers/CMSIS/Include/m-profile/armv7m_cachel1.h:44:33: warning: conversion to 'int32_t' {aka 'long int'} from 'long unsigned int' may change the sign of the result [-Wsign-conversion]
   44 | #define __SCB_DCACHE_LINE_SIZE  32U /*!< Cortex-M7 cache line size is fixed to 32 bytes (8 words). See also register SCB_CCSIDR */
      |                                 ^~~
/Users/seungwon/STM32CubeN6/Drivers/CMSIS/Include/m-profile/armv7m_cachel1.h:398:20: note: in expansion of macro '__SCB_DCACHE_LINE_SIZE'
  398 |         op_size -= __SCB_DCACHE_LINE_SIZE;
      |                    ^~~~~~~~~~~~~~~~~~~~~~
/Users/seungwon/STM32CubeN6/Drivers/CMSIS/Include/m-profile/armv7m_cachel1.h: In function 'SCB_CleanInvalidateDCache_by_Addr':
/Users/seungwon/STM32CubeN6/Drivers/CMSIS/Include/m-profile/armv7m_cachel1.h:420:32: warning: conversion to 'long unsigned int' from 'int32_t' {aka 'long int'} may change the sign of the result [-Wsign-conversion]
  420 |        int32_t op_size = dsize + (((uint32_t)addr) & (__SCB_DCACHE_LINE_SIZE - 1U));
      |                                ^
/Users/seungwon/STM32CubeN6/Drivers/CMSIS/Include/m-profile/armv7m_cachel1.h:420:26: warning: conversion to 'int32_t' {aka 'long int'} from 'long unsigned int' may change the sign of the result [-Wsign-conversion]
  420 |        int32_t op_size = dsize + (((uint32_t)addr) & (__SCB_DCACHE_LINE_SIZE - 1U));
      |                          ^~~~~
/Users/seungwon/STM32CubeN6/Drivers/CMSIS/Include/m-profile/armv7m_cachel1.h:428:17: warning: conversion to 'long unsigned int' from 'int32_t' {aka 'long int'} may change the sign of the result [-Wsign-conversion]
  428 |         op_size -=          __SCB_DCACHE_LINE_SIZE;
      |                 ^~
/Users/seungwon/STM32CubeN6/Drivers/CMSIS/Include/m-profile/armv7m_cachel1.h:44:33: warning: conversion to 'int32_t' {aka 'long int'} from 'long unsigned int' may change the sign of the result [-Wsign-conversion]
   44 | #define __SCB_DCACHE_LINE_SIZE  32U /*!< Cortex-M7 cache line size is fixed to 32 bytes (8 words). See also register SCB_CCSIDR */
      |                                 ^~~
/Users/seungwon/STM32CubeN6/Drivers/CMSIS/Include/m-profile/armv7m_cachel1.h:428:29: note: in expansion of macro '__SCB_DCACHE_LINE_SIZE'
  428 |         op_size -=          __SCB_DCACHE_LINE_SIZE;
      |                             ^~~~~~~~~~~~~~~~~~~~~~
/Users/seungwon/test/.tools/xpack-arm-none-eabi-gcc-15.2.1-1.1/bin/arm-none-eabi-gcc   -DAIMER_BENCHMARK -DPARAMS=192s -DAIMER_BACKEND=ref -DAIMER_MATVEC=reference -DAIMER_CONFIG=ref -DBENCH_KERNEL_SAMPLES=31 -DBENCH_E2E_SAMPLES=50 -DBENCH_KERNEL_INNER=64 -DBENCH_WARMUP=10 -DPROFILE_SAMPLES=31 -DPROFILE_KERNEL_INNER=64 -DPROFILE_COMPLEX_INNER=8 -DUSE_HAL_DRIVER -DSTM32N657xx -Iinclude -I../common/src/sig/aimer/reference/aimer-192s -I../common/src -I/Users/seungwon/STM32CubeN6/Projects/NUCLEO-N657X0-Q/Templates/Template/FSBL/Inc -I/Users/seungwon/STM32CubeN6/Drivers/CMSIS/Include -I/Users/seungwon/STM32CubeN6/Drivers/CMSIS/Device/ST/STM32N6xx/Include -I/Users/seungwon/STM32CubeN6/Drivers/STM32N6xx_HAL_Driver/Inc -I/Users/seungwon/STM32CubeN6/Drivers/STM32N6xx_HAL_Driver/Inc/Legacy -O3 -std=c11 -fno-common -ffunction-sections -fdata-sections -fno-tree-vectorize -fno-tree-slp-vectorize -MMD -MP --specs=nosys.specs -Wall -Wextra -Wshadow -Wconversion -Wstrict-prototypes -mcpu=cortex-m55 -mthumb -mfloat-abi=hard -mcmse -fstack-usage -c /Users/seungwon/STM32CubeN6/Projects/NUCLEO-N657X0-Q/Templates/Template/FSBL/Src/system_stm32n6xx_fsbl.c -o build/full/192s/ref/benchmark/system_stm32n6xx_fsbl.c.o
In file included from /Users/seungwon/STM32CubeN6/Drivers/CMSIS/Include/core_cm55.h:4605,
                 from /Users/seungwon/STM32CubeN6/Drivers/CMSIS/Device/ST/STM32N6xx/Include/stm32n657xx.h:281,
                 from /Users/seungwon/STM32CubeN6/Drivers/CMSIS/Device/ST/STM32N6xx/Include/stm32n6xx.h:87,
                 from /Users/seungwon/STM32CubeN6/Projects/NUCLEO-N657X0-Q/Templates/Template/FSBL/Src/system_stm32n6xx_fsbl.c:55:
/Users/seungwon/STM32CubeN6/Drivers/CMSIS/Include/m-profile/armv7m_cachel1.h: In function 'SCB_InvalidateICache_by_Addr':
/Users/seungwon/STM32CubeN6/Drivers/CMSIS/Include/m-profile/armv7m_cachel1.h:117:32: warning: conversion to 'long unsigned int' from 'int32_t' {aka 'long int'} may change the sign of the result [-Wsign-conversion]
  117 |        int32_t op_size = isize + (((uint32_t)addr) & (__SCB_ICACHE_LINE_SIZE - 1U));
      |                                ^
/Users/seungwon/STM32CubeN6/Drivers/CMSIS/Include/m-profile/armv7m_cachel1.h:117:26: warning: conversion to 'int32_t' {aka 'long int'} from 'long unsigned int' may change the sign of the result [-Wsign-conversion]
  117 |        int32_t op_size = isize + (((uint32_t)addr) & (__SCB_ICACHE_LINE_SIZE - 1U));
      |                          ^~~~~
/Users/seungwon/STM32CubeN6/Drivers/CMSIS/Include/m-profile/armv7m_cachel1.h:125:17: warning: conversion to 'long unsigned int' from 'int32_t' {aka 'long int'} may change the sign of the result [-Wsign-conversion]
  125 |         op_size -= __SCB_ICACHE_LINE_SIZE;
      |                 ^~
/Users/seungwon/STM32CubeN6/Drivers/CMSIS/Include/m-profile/armv7m_cachel1.h:48:33: warning: conversion to 'int32_t' {aka 'long int'} from 'long unsigned int' may change the sign of the result [-Wsign-conversion]
   48 | #define __SCB_ICACHE_LINE_SIZE  32U /*!< Cortex-M7 cache line size is fixed to 32 bytes (8 words). See also register SCB_CCSIDR */
      |                                 ^~~
/Users/seungwon/STM32CubeN6/Drivers/CMSIS/Include/m-profile/armv7m_cachel1.h:125:20: note: in expansion of macro '__SCB_ICACHE_LINE_SIZE'
  125 |         op_size -= __SCB_ICACHE_LINE_SIZE;
      |                    ^~~~~~~~~~~~~~~~~~~~~~
/Users/seungwon/STM32CubeN6/Drivers/CMSIS/Include/m-profile/armv7m_cachel1.h: In function 'SCB_InvalidateDCache_by_Addr':
/Users/seungwon/STM32CubeN6/Drivers/CMSIS/Include/m-profile/armv7m_cachel1.h:360:32: warning: conversion to 'long unsigned int' from 'int32_t' {aka 'long int'} may change the sign of the result [-Wsign-conversion]
  360 |        int32_t op_size = dsize + (((uint32_t)addr) & (__SCB_DCACHE_LINE_SIZE - 1U));
      |                                ^
/Users/seungwon/STM32CubeN6/Drivers/CMSIS/Include/m-profile/armv7m_cachel1.h:360:26: warning: conversion to 'int32_t' {aka 'long int'} from 'long unsigned int' may change the sign of the result [-Wsign-conversion]
  360 |        int32_t op_size = dsize + (((uint32_t)addr) & (__SCB_DCACHE_LINE_SIZE - 1U));
      |                          ^~~~~
/Users/seungwon/STM32CubeN6/Drivers/CMSIS/Include/m-profile/armv7m_cachel1.h:368:17: warning: conversion to 'long unsigned int' from 'int32_t' {aka 'long int'} may change the sign of the result [-Wsign-conversion]
  368 |         op_size -= __SCB_DCACHE_LINE_SIZE;
      |                 ^~
/Users/seungwon/STM32CubeN6/Drivers/CMSIS/Include/m-profile/armv7m_cachel1.h:44:33: warning: conversion to 'int32_t' {aka 'long int'} from 'long unsigned int' may change the sign of the result [-Wsign-conversion]
   44 | #define __SCB_DCACHE_LINE_SIZE  32U /*!< Cortex-M7 cache line size is fixed to 32 bytes (8 words). See also register SCB_CCSIDR */
      |                                 ^~~
/Users/seungwon/STM32CubeN6/Drivers/CMSIS/Include/m-profile/armv7m_cachel1.h:368:20: note: in expansion of macro '__SCB_DCACHE_LINE_SIZE'
  368 |         op_size -= __SCB_DCACHE_LINE_SIZE;
      |                    ^~~~~~~~~~~~~~~~~~~~~~
/Users/seungwon/STM32CubeN6/Drivers/CMSIS/Include/m-profile/armv7m_cachel1.h: In function 'SCB_CleanDCache_by_Addr':
/Users/seungwon/STM32CubeN6/Drivers/CMSIS/Include/m-profile/armv7m_cachel1.h:390:32: warning: conversion to 'long unsigned int' from 'int32_t' {aka 'long int'} may change the sign of the result [-Wsign-conversion]
  390 |        int32_t op_size = dsize + (((uint32_t)addr) & (__SCB_DCACHE_LINE_SIZE - 1U));
      |                                ^
/Users/seungwon/STM32CubeN6/Drivers/CMSIS/Include/m-profile/armv7m_cachel1.h:390:26: warning: conversion to 'int32_t' {aka 'long int'} from 'long unsigned int' may change the sign of the result [-Wsign-conversion]
  390 |        int32_t op_size = dsize + (((uint32_t)addr) & (__SCB_DCACHE_LINE_SIZE - 1U));
      |                          ^~~~~
/Users/seungwon/STM32CubeN6/Drivers/CMSIS/Include/m-profile/armv7m_cachel1.h:398:17: warning: conversion to 'long unsigned int' from 'int32_t' {aka 'long int'} may change the sign of the result [-Wsign-conversion]
  398 |         op_size -= __SCB_DCACHE_LINE_SIZE;
      |                 ^~
/Users/seungwon/STM32CubeN6/Drivers/CMSIS/Include/m-profile/armv7m_cachel1.h:44:33: warning: conversion to 'int32_t' {aka 'long int'} from 'long unsigned int' may change the sign of the result [-Wsign-conversion]
   44 | #define __SCB_DCACHE_LINE_SIZE  32U /*!< Cortex-M7 cache line size is fixed to 32 bytes (8 words). See also register SCB_CCSIDR */
      |                                 ^~~
/Users/seungwon/STM32CubeN6/Drivers/CMSIS/Include/m-profile/armv7m_cachel1.h:398:20: note: in expansion of macro '__SCB_DCACHE_LINE_SIZE'
  398 |         op_size -= __SCB_DCACHE_LINE_SIZE;
      |                    ^~~~~~~~~~~~~~~~~~~~~~
/Users/seungwon/STM32CubeN6/Drivers/CMSIS/Include/m-profile/armv7m_cachel1.h: In function 'SCB_CleanInvalidateDCache_by_Addr':
/Users/seungwon/STM32CubeN6/Drivers/CMSIS/Include/m-profile/armv7m_cachel1.h:420:32: warning: conversion to 'long unsigned int' from 'int32_t' {aka 'long int'} may change the sign of the result [-Wsign-conversion]
  420 |        int32_t op_size = dsize + (((uint32_t)addr) & (__SCB_DCACHE_LINE_SIZE - 1U));
      |                                ^
/Users/seungwon/STM32CubeN6/Drivers/CMSIS/Include/m-profile/armv7m_cachel1.h:420:26: warning: conversion to 'int32_t' {aka 'long int'} from 'long unsigned int' may change the sign of the result [-Wsign-conversion]
  420 |        int32_t op_size = dsize + (((uint32_t)addr) & (__SCB_DCACHE_LINE_SIZE - 1U));
      |                          ^~~~~
/Users/seungwon/STM32CubeN6/Drivers/CMSIS/Include/m-profile/armv7m_cachel1.h:428:17: warning: conversion to 'long unsigned int' from 'int32_t' {aka 'long int'} may change the sign of the result [-Wsign-conversion]
  428 |         op_size -=          __SCB_DCACHE_LINE_SIZE;
      |                 ^~
/Users/seungwon/STM32CubeN6/Drivers/CMSIS/Include/m-profile/armv7m_cachel1.h:44:33: warning: conversion to 'int32_t' {aka 'long int'} from 'long unsigned int' may change the sign of the result [-Wsign-conversion]
   44 | #define __SCB_DCACHE_LINE_SIZE  32U /*!< Cortex-M7 cache line size is fixed to 32 bytes (8 words). See also register SCB_CCSIDR */
      |                                 ^~~
/Users/seungwon/STM32CubeN6/Drivers/CMSIS/Include/m-profile/armv7m_cachel1.h:428:29: note: in expansion of macro '__SCB_DCACHE_LINE_SIZE'
  428 |         op_size -=          __SCB_DCACHE_LINE_SIZE;
      |                             ^~~~~~~~~~~~~~~~~~~~~~
/Users/seungwon/test/.tools/xpack-arm-none-eabi-gcc-15.2.1-1.1/bin/arm-none-eabi-gcc   -DAIMER_BENCHMARK -DPARAMS=192s -DAIMER_BACKEND=ref -DAIMER_MATVEC=reference -DAIMER_CONFIG=ref -DBENCH_KERNEL_SAMPLES=31 -DBENCH_E2E_SAMPLES=50 -DBENCH_KERNEL_INNER=64 -DBENCH_WARMUP=10 -DPROFILE_SAMPLES=31 -DPROFILE_KERNEL_INNER=64 -DPROFILE_COMPLEX_INNER=8 -DUSE_HAL_DRIVER -DSTM32N657xx -Iinclude -I../common/src/sig/aimer/reference/aimer-192s -I../common/src -I/Users/seungwon/STM32CubeN6/Projects/NUCLEO-N657X0-Q/Templates/Template/FSBL/Inc -I/Users/seungwon/STM32CubeN6/Drivers/CMSIS/Include -I/Users/seungwon/STM32CubeN6/Drivers/CMSIS/Device/ST/STM32N6xx/Include -I/Users/seungwon/STM32CubeN6/Drivers/STM32N6xx_HAL_Driver/Inc -I/Users/seungwon/STM32CubeN6/Drivers/STM32N6xx_HAL_Driver/Inc/Legacy -O3 -std=c11 -fno-common -ffunction-sections -fdata-sections -fno-tree-vectorize -fno-tree-slp-vectorize -MMD -MP --specs=nosys.specs -Wall -Wextra -Wshadow -Wconversion -Wstrict-prototypes -mcpu=cortex-m55 -mthumb -mfloat-abi=hard -mcmse -fstack-usage -c /Users/seungwon/STM32CubeN6/Drivers/STM32N6xx_HAL_Driver/Src/stm32n6xx_hal.c -o build/full/192s/ref/benchmark/stm32n6xx_hal.c.o
In file included from /Users/seungwon/STM32CubeN6/Drivers/CMSIS/Include/core_cm55.h:4605,
                 from /Users/seungwon/STM32CubeN6/Drivers/CMSIS/Device/ST/STM32N6xx/Include/stm32n657xx.h:281,
                 from /Users/seungwon/STM32CubeN6/Drivers/CMSIS/Device/ST/STM32N6xx/Include/stm32n6xx.h:87,
                 from /Users/seungwon/STM32CubeN6/Drivers/STM32N6xx_HAL_Driver/Inc/stm32n6xx_hal_def.h:33,
                 from /Users/seungwon/STM32CubeN6/Drivers/STM32N6xx_HAL_Driver/Inc/stm32n6xx_hal_rcc.h:28,
                 from /Users/seungwon/STM32CubeN6/Projects/NUCLEO-N657X0-Q/Templates/Template/FSBL/Inc/stm32n6xx_hal_conf.h:253,
                 from /Users/seungwon/STM32CubeN6/Drivers/STM32N6xx_HAL_Driver/Inc/stm32n6xx_hal.h:29,
                 from /Users/seungwon/STM32CubeN6/Drivers/STM32N6xx_HAL_Driver/Src/stm32n6xx_hal.c:45:
/Users/seungwon/STM32CubeN6/Drivers/CMSIS/Include/m-profile/armv7m_cachel1.h: In function 'SCB_InvalidateICache_by_Addr':
/Users/seungwon/STM32CubeN6/Drivers/CMSIS/Include/m-profile/armv7m_cachel1.h:117:32: warning: conversion to 'long unsigned int' from 'int32_t' {aka 'long int'} may change the sign of the result [-Wsign-conversion]
  117 |        int32_t op_size = isize + (((uint32_t)addr) & (__SCB_ICACHE_LINE_SIZE - 1U));
      |                                ^
/Users/seungwon/STM32CubeN6/Drivers/CMSIS/Include/m-profile/armv7m_cachel1.h:117:26: warning: conversion to 'int32_t' {aka 'long int'} from 'long unsigned int' may change the sign of the result [-Wsign-conversion]
  117 |        int32_t op_size = isize + (((uint32_t)addr) & (__SCB_ICACHE_LINE_SIZE - 1U));
      |                          ^~~~~
/Users/seungwon/STM32CubeN6/Drivers/CMSIS/Include/m-profile/armv7m_cachel1.h:125:17: warning: conversion to 'long unsigned int' from 'int32_t' {aka 'long int'} may change the sign of the result [-Wsign-conversion]
  125 |         op_size -= __SCB_ICACHE_LINE_SIZE;
      |                 ^~
/Users/seungwon/STM32CubeN6/Drivers/CMSIS/Include/m-profile/armv7m_cachel1.h:48:33: warning: conversion to 'int32_t' {aka 'long int'} from 'long unsigned int' may change the sign of the result [-Wsign-conversion]
   48 | #define __SCB_ICACHE_LINE_SIZE  32U /*!< Cortex-M7 cache line size is fixed to 32 bytes (8 words). See also register SCB_CCSIDR */
      |                                 ^~~
/Users/seungwon/STM32CubeN6/Drivers/CMSIS/Include/m-profile/armv7m_cachel1.h:125:20: note: in expansion of macro '__SCB_ICACHE_LINE_SIZE'
  125 |         op_size -= __SCB_ICACHE_LINE_SIZE;
      |                    ^~~~~~~~~~~~~~~~~~~~~~
/Users/seungwon/STM32CubeN6/Drivers/CMSIS/Include/m-profile/armv7m_cachel1.h: In function 'SCB_InvalidateDCache_by_Addr':
/Users/seungwon/STM32CubeN6/Drivers/CMSIS/Include/m-profile/armv7m_cachel1.h:360:32: warning: conversion to 'long unsigned int' from 'int32_t' {aka 'long int'} may change the sign of the result [-Wsign-conversion]
  360 |        int32_t op_size = dsize + (((uint32_t)addr) & (__SCB_DCACHE_LINE_SIZE - 1U));
      |                                ^
/Users/seungwon/STM32CubeN6/Drivers/CMSIS/Include/m-profile/armv7m_cachel1.h:360:26: warning: conversion to 'int32_t' {aka 'long int'} from 'long unsigned int' may change the sign of the result [-Wsign-conversion]
  360 |        int32_t op_size = dsize + (((uint32_t)addr) & (__SCB_DCACHE_LINE_SIZE - 1U));
      |                          ^~~~~
/Users/seungwon/STM32CubeN6/Drivers/CMSIS/Include/m-profile/armv7m_cachel1.h:368:17: warning: conversion to 'long unsigned int' from 'int32_t' {aka 'long int'} may change the sign of the result [-Wsign-conversion]
  368 |         op_size -= __SCB_DCACHE_LINE_SIZE;
      |                 ^~
/Users/seungwon/STM32CubeN6/Drivers/CMSIS/Include/m-profile/armv7m_cachel1.h:44:33: warning: conversion to 'int32_t' {aka 'long int'} from 'long unsigned int' may change the sign of the result [-Wsign-conversion]
   44 | #define __SCB_DCACHE_LINE_SIZE  32U /*!< Cortex-M7 cache line size is fixed to 32 bytes (8 words). See also register SCB_CCSIDR */
      |                                 ^~~
/Users/seungwon/STM32CubeN6/Drivers/CMSIS/Include/m-profile/armv7m_cachel1.h:368:20: note: in expansion of macro '__SCB_DCACHE_LINE_SIZE'
  368 |         op_size -= __SCB_DCACHE_LINE_SIZE;
      |                    ^~~~~~~~~~~~~~~~~~~~~~
/Users/seungwon/STM32CubeN6/Drivers/CMSIS/Include/m-profile/armv7m_cachel1.h: In function 'SCB_CleanDCache_by_Addr':
/Users/seungwon/STM32CubeN6/Drivers/CMSIS/Include/m-profile/armv7m_cachel1.h:390:32: warning: conversion to 'long unsigned int' from 'int32_t' {aka 'long int'} may change the sign of the result [-Wsign-conversion]
  390 |        int32_t op_size = dsize + (((uint32_t)addr) & (__SCB_DCACHE_LINE_SIZE - 1U));
      |                                ^
/Users/seungwon/STM32CubeN6/Drivers/CMSIS/Include/m-profile/armv7m_cachel1.h:390:26: warning: conversion to 'int32_t' {aka 'long int'} from 'long unsigned int' may change the sign of the result [-Wsign-conversion]
  390 |        int32_t op_size = dsize + (((uint32_t)addr) & (__SCB_DCACHE_LINE_SIZE - 1U));
      |                          ^~~~~
/Users/seungwon/STM32CubeN6/Drivers/CMSIS/Include/m-profile/armv7m_cachel1.h:398:17: warning: conversion to 'long unsigned int' from 'int32_t' {aka 'long int'} may change the sign of the result [-Wsign-conversion]
  398 |         op_size -= __SCB_DCACHE_LINE_SIZE;
      |                 ^~
/Users/seungwon/STM32CubeN6/Drivers/CMSIS/Include/m-profile/armv7m_cachel1.h:44:33: warning: conversion to 'int32_t' {aka 'long int'} from 'long unsigned int' may change the sign of the result [-Wsign-conversion]
   44 | #define __SCB_DCACHE_LINE_SIZE  32U /*!< Cortex-M7 cache line size is fixed to 32 bytes (8 words). See also register SCB_CCSIDR */
      |                                 ^~~
/Users/seungwon/STM32CubeN6/Drivers/CMSIS/Include/m-profile/armv7m_cachel1.h:398:20: note: in expansion of macro '__SCB_DCACHE_LINE_SIZE'
  398 |         op_size -= __SCB_DCACHE_LINE_SIZE;
      |                    ^~~~~~~~~~~~~~~~~~~~~~
/Users/seungwon/STM32CubeN6/Drivers/CMSIS/Include/m-profile/armv7m_cachel1.h: In function 'SCB_CleanInvalidateDCache_by_Addr':
/Users/seungwon/STM32CubeN6/Drivers/CMSIS/Include/m-profile/armv7m_cachel1.h:420:32: warning: conversion to 'long unsigned int' from 'int32_t' {aka 'long int'} may change the sign of the result [-Wsign-conversion]
  420 |        int32_t op_size = dsize + (((uint32_t)addr) & (__SCB_DCACHE_LINE_SIZE - 1U));
      |                                ^
/Users/seungwon/STM32CubeN6/Drivers/CMSIS/Include/m-profile/armv7m_cachel1.h:420:26: warning: conversion to 'int32_t' {aka 'long int'} from 'long unsigned int' may change the sign of the result [-Wsign-conversion]
  420 |        int32_t op_size = dsize + (((uint32_t)addr) & (__SCB_DCACHE_LINE_SIZE - 1U));
      |                          ^~~~~
/Users/seungwon/STM32CubeN6/Drivers/CMSIS/Include/m-profile/armv7m_cachel1.h:428:17: warning: conversion to 'long unsigned int' from 'int32_t' {aka 'long int'} may change the sign of the result [-Wsign-conversion]
  428 |         op_size -=          __SCB_DCACHE_LINE_SIZE;
      |                 ^~
/Users/seungwon/STM32CubeN6/Drivers/CMSIS/Include/m-profile/armv7m_cachel1.h:44:33: warning: conversion to 'int32_t' {aka 'long int'} from 'long unsigned int' may change the sign of the result [-Wsign-conversion]
   44 | #define __SCB_DCACHE_LINE_SIZE  32U /*!< Cortex-M7 cache line size is fixed to 32 bytes (8 words). See also register SCB_CCSIDR */
      |                                 ^~~
/Users/seungwon/STM32CubeN6/Drivers/CMSIS/Include/m-profile/armv7m_cachel1.h:428:29: note: in expansion of macro '__SCB_DCACHE_LINE_SIZE'
  428 |         op_size -=          __SCB_DCACHE_LINE_SIZE;
      |                             ^~~~~~~~~~~~~~~~~~~~~~
/Users/seungwon/test/.tools/xpack-arm-none-eabi-gcc-15.2.1-1.1/bin/arm-none-eabi-gcc   -DAIMER_BENCHMARK -DPARAMS=192s -DAIMER_BACKEND=ref -DAIMER_MATVEC=reference -DAIMER_CONFIG=ref -DBENCH_KERNEL_SAMPLES=31 -DBENCH_E2E_SAMPLES=50 -DBENCH_KERNEL_INNER=64 -DBENCH_WARMUP=10 -DPROFILE_SAMPLES=31 -DPROFILE_KERNEL_INNER=64 -DPROFILE_COMPLEX_INNER=8 -DUSE_HAL_DRIVER -DSTM32N657xx -Iinclude -I../common/src/sig/aimer/reference/aimer-192s -I../common/src -I/Users/seungwon/STM32CubeN6/Projects/NUCLEO-N657X0-Q/Templates/Template/FSBL/Inc -I/Users/seungwon/STM32CubeN6/Drivers/CMSIS/Include -I/Users/seungwon/STM32CubeN6/Drivers/CMSIS/Device/ST/STM32N6xx/Include -I/Users/seungwon/STM32CubeN6/Drivers/STM32N6xx_HAL_Driver/Inc -I/Users/seungwon/STM32CubeN6/Drivers/STM32N6xx_HAL_Driver/Inc/Legacy -O3 -std=c11 -fno-common -ffunction-sections -fdata-sections -fno-tree-vectorize -fno-tree-slp-vectorize -MMD -MP --specs=nosys.specs -Wall -Wextra -Wshadow -Wconversion -Wstrict-prototypes -mcpu=cortex-m55 -mthumb -mfloat-abi=hard -mcmse -fstack-usage -c /Users/seungwon/STM32CubeN6/Drivers/STM32N6xx_HAL_Driver/Src/stm32n6xx_hal_cortex.c -o build/full/192s/ref/benchmark/stm32n6xx_hal_cortex.c.o
In file included from /Users/seungwon/STM32CubeN6/Drivers/CMSIS/Include/core_cm55.h:4605,
                 from /Users/seungwon/STM32CubeN6/Drivers/CMSIS/Device/ST/STM32N6xx/Include/stm32n657xx.h:281,
                 from /Users/seungwon/STM32CubeN6/Drivers/CMSIS/Device/ST/STM32N6xx/Include/stm32n6xx.h:87,
                 from /Users/seungwon/STM32CubeN6/Drivers/STM32N6xx_HAL_Driver/Inc/stm32n6xx_hal_def.h:33,
                 from /Users/seungwon/STM32CubeN6/Drivers/STM32N6xx_HAL_Driver/Inc/stm32n6xx_hal_rcc.h:28,
                 from /Users/seungwon/STM32CubeN6/Projects/NUCLEO-N657X0-Q/Templates/Template/FSBL/Inc/stm32n6xx_hal_conf.h:253,
                 from /Users/seungwon/STM32CubeN6/Drivers/STM32N6xx_HAL_Driver/Inc/stm32n6xx_hal.h:29,
                 from /Users/seungwon/STM32CubeN6/Drivers/STM32N6xx_HAL_Driver/Src/stm32n6xx_hal_cortex.c:158:
/Users/seungwon/STM32CubeN6/Drivers/CMSIS/Include/m-profile/armv7m_cachel1.h: In function 'SCB_InvalidateICache_by_Addr':
/Users/seungwon/STM32CubeN6/Drivers/CMSIS/Include/m-profile/armv7m_cachel1.h:117:32: warning: conversion to 'long unsigned int' from 'int32_t' {aka 'long int'} may change the sign of the result [-Wsign-conversion]
  117 |        int32_t op_size = isize + (((uint32_t)addr) & (__SCB_ICACHE_LINE_SIZE - 1U));
      |                                ^
/Users/seungwon/STM32CubeN6/Drivers/CMSIS/Include/m-profile/armv7m_cachel1.h:117:26: warning: conversion to 'int32_t' {aka 'long int'} from 'long unsigned int' may change the sign of the result [-Wsign-conversion]
  117 |        int32_t op_size = isize + (((uint32_t)addr) & (__SCB_ICACHE_LINE_SIZE - 1U));
      |                          ^~~~~
/Users/seungwon/STM32CubeN6/Drivers/CMSIS/Include/m-profile/armv7m_cachel1.h:125:17: warning: conversion to 'long unsigned int' from 'int32_t' {aka 'long int'} may change the sign of the result [-Wsign-conversion]
  125 |         op_size -= __SCB_ICACHE_LINE_SIZE;
      |                 ^~
/Users/seungwon/STM32CubeN6/Drivers/CMSIS/Include/m-profile/armv7m_cachel1.h:48:33: warning: conversion to 'int32_t' {aka 'long int'} from 'long unsigned int' may change the sign of the result [-Wsign-conversion]
   48 | #define __SCB_ICACHE_LINE_SIZE  32U /*!< Cortex-M7 cache line size is fixed to 32 bytes (8 words). See also register SCB_CCSIDR */
      |                                 ^~~
/Users/seungwon/STM32CubeN6/Drivers/CMSIS/Include/m-profile/armv7m_cachel1.h:125:20: note: in expansion of macro '__SCB_ICACHE_LINE_SIZE'
  125 |         op_size -= __SCB_ICACHE_LINE_SIZE;
      |                    ^~~~~~~~~~~~~~~~~~~~~~
/Users/seungwon/STM32CubeN6/Drivers/CMSIS/Include/m-profile/armv7m_cachel1.h: In function 'SCB_InvalidateDCache_by_Addr':
/Users/seungwon/STM32CubeN6/Drivers/CMSIS/Include/m-profile/armv7m_cachel1.h:360:32: warning: conversion to 'long unsigned int' from 'int32_t' {aka 'long int'} may change the sign of the result [-Wsign-conversion]
  360 |        int32_t op_size = dsize + (((uint32_t)addr) & (__SCB_DCACHE_LINE_SIZE - 1U));
      |                                ^
/Users/seungwon/STM32CubeN6/Drivers/CMSIS/Include/m-profile/armv7m_cachel1.h:360:26: warning: conversion to 'int32_t' {aka 'long int'} from 'long unsigned int' may change the sign of the result [-Wsign-conversion]
  360 |        int32_t op_size = dsize + (((uint32_t)addr) & (__SCB_DCACHE_LINE_SIZE - 1U));
      |                          ^~~~~
/Users/seungwon/STM32CubeN6/Drivers/CMSIS/Include/m-profile/armv7m_cachel1.h:368:17: warning: conversion to 'long unsigned int' from 'int32_t' {aka 'long int'} may change the sign of the result [-Wsign-conversion]
  368 |         op_size -= __SCB_DCACHE_LINE_SIZE;
      |                 ^~
/Users/seungwon/STM32CubeN6/Drivers/CMSIS/Include/m-profile/armv7m_cachel1.h:44:33: warning: conversion to 'int32_t' {aka 'long int'} from 'long unsigned int' may change the sign of the result [-Wsign-conversion]
   44 | #define __SCB_DCACHE_LINE_SIZE  32U /*!< Cortex-M7 cache line size is fixed to 32 bytes (8 words). See also register SCB_CCSIDR */
      |                                 ^~~
/Users/seungwon/STM32CubeN6/Drivers/CMSIS/Include/m-profile/armv7m_cachel1.h:368:20: note: in expansion of macro '__SCB_DCACHE_LINE_SIZE'
  368 |         op_size -= __SCB_DCACHE_LINE_SIZE;
      |                    ^~~~~~~~~~~~~~~~~~~~~~
/Users/seungwon/STM32CubeN6/Drivers/CMSIS/Include/m-profile/armv7m_cachel1.h: In function 'SCB_CleanDCache_by_Addr':
/Users/seungwon/STM32CubeN6/Drivers/CMSIS/Include/m-profile/armv7m_cachel1.h:390:32: warning: conversion to 'long unsigned int' from 'int32_t' {aka 'long int'} may change the sign of the result [-Wsign-conversion]
  390 |        int32_t op_size = dsize + (((uint32_t)addr) & (__SCB_DCACHE_LINE_SIZE - 1U));
      |                                ^
/Users/seungwon/STM32CubeN6/Drivers/CMSIS/Include/m-profile/armv7m_cachel1.h:390:26: warning: conversion to 'int32_t' {aka 'long int'} from 'long unsigned int' may change the sign of the result [-Wsign-conversion]
  390 |        int32_t op_size = dsize + (((uint32_t)addr) & (__SCB_DCACHE_LINE_SIZE - 1U));
      |                          ^~~~~
/Users/seungwon/STM32CubeN6/Drivers/CMSIS/Include/m-profile/armv7m_cachel1.h:398:17: warning: conversion to 'long unsigned int' from 'int32_t' {aka 'long int'} may change the sign of the result [-Wsign-conversion]
  398 |         op_size -= __SCB_DCACHE_LINE_SIZE;
      |                 ^~
/Users/seungwon/STM32CubeN6/Drivers/CMSIS/Include/m-profile/armv7m_cachel1.h:44:33: warning: conversion to 'int32_t' {aka 'long int'} from 'long unsigned int' may change the sign of the result [-Wsign-conversion]
   44 | #define __SCB_DCACHE_LINE_SIZE  32U /*!< Cortex-M7 cache line size is fixed to 32 bytes (8 words). See also register SCB_CCSIDR */
      |                                 ^~~
/Users/seungwon/STM32CubeN6/Drivers/CMSIS/Include/m-profile/armv7m_cachel1.h:398:20: note: in expansion of macro '__SCB_DCACHE_LINE_SIZE'
  398 |         op_size -= __SCB_DCACHE_LINE_SIZE;
      |                    ^~~~~~~~~~~~~~~~~~~~~~
/Users/seungwon/STM32CubeN6/Drivers/CMSIS/Include/m-profile/armv7m_cachel1.h: In function 'SCB_CleanInvalidateDCache_by_Addr':
/Users/seungwon/STM32CubeN6/Drivers/CMSIS/Include/m-profile/armv7m_cachel1.h:420:32: warning: conversion to 'long unsigned int' from 'int32_t' {aka 'long int'} may change the sign of the result [-Wsign-conversion]
  420 |        int32_t op_size = dsize + (((uint32_t)addr) & (__SCB_DCACHE_LINE_SIZE - 1U));
      |                                ^
/Users/seungwon/STM32CubeN6/Drivers/CMSIS/Include/m-profile/armv7m_cachel1.h:420:26: warning: conversion to 'int32_t' {aka 'long int'} from 'long unsigned int' may change the sign of the result [-Wsign-conversion]
  420 |        int32_t op_size = dsize + (((uint32_t)addr) & (__SCB_DCACHE_LINE_SIZE - 1U));
      |                          ^~~~~
/Users/seungwon/STM32CubeN6/Drivers/CMSIS/Include/m-profile/armv7m_cachel1.h:428:17: warning: conversion to 'long unsigned int' from 'int32_t' {aka 'long int'} may change the sign of the result [-Wsign-conversion]
  428 |         op_size -=          __SCB_DCACHE_LINE_SIZE;
      |                 ^~
/Users/seungwon/STM32CubeN6/Drivers/CMSIS/Include/m-profile/armv7m_cachel1.h:44:33: warning: conversion to 'int32_t' {aka 'long int'} from 'long unsigned int' may change the sign of the result [-Wsign-conversion]
   44 | #define __SCB_DCACHE_LINE_SIZE  32U /*!< Cortex-M7 cache line size is fixed to 32 bytes (8 words). See also register SCB_CCSIDR */
      |                                 ^~~
/Users/seungwon/STM32CubeN6/Drivers/CMSIS/Include/m-profile/armv7m_cachel1.h:428:29: note: in expansion of macro '__SCB_DCACHE_LINE_SIZE'
  428 |         op_size -=          __SCB_DCACHE_LINE_SIZE;
      |                             ^~~~~~~~~~~~~~~~~~~~~~
/Users/seungwon/test/.tools/xpack-arm-none-eabi-gcc-15.2.1-1.1/bin/arm-none-eabi-gcc   -DAIMER_BENCHMARK -DPARAMS=192s -DAIMER_BACKEND=ref -DAIMER_MATVEC=reference -DAIMER_CONFIG=ref -DBENCH_KERNEL_SAMPLES=31 -DBENCH_E2E_SAMPLES=50 -DBENCH_KERNEL_INNER=64 -DBENCH_WARMUP=10 -DPROFILE_SAMPLES=31 -DPROFILE_KERNEL_INNER=64 -DPROFILE_COMPLEX_INNER=8 -DUSE_HAL_DRIVER -DSTM32N657xx -Iinclude -I../common/src/sig/aimer/reference/aimer-192s -I../common/src -I/Users/seungwon/STM32CubeN6/Projects/NUCLEO-N657X0-Q/Templates/Template/FSBL/Inc -I/Users/seungwon/STM32CubeN6/Drivers/CMSIS/Include -I/Users/seungwon/STM32CubeN6/Drivers/CMSIS/Device/ST/STM32N6xx/Include -I/Users/seungwon/STM32CubeN6/Drivers/STM32N6xx_HAL_Driver/Inc -I/Users/seungwon/STM32CubeN6/Drivers/STM32N6xx_HAL_Driver/Inc/Legacy -O3 -std=c11 -fno-common -ffunction-sections -fdata-sections -fno-tree-vectorize -fno-tree-slp-vectorize -MMD -MP --specs=nosys.specs -Wall -Wextra -Wshadow -Wconversion -Wstrict-prototypes -mcpu=cortex-m55 -mthumb -mfloat-abi=hard -mcmse -fstack-usage -c /Users/seungwon/STM32CubeN6/Drivers/STM32N6xx_HAL_Driver/Src/stm32n6xx_hal_pwr.c -o build/full/192s/ref/benchmark/stm32n6xx_hal_pwr.c.o
In file included from /Users/seungwon/STM32CubeN6/Drivers/CMSIS/Include/core_cm55.h:4605,
                 from /Users/seungwon/STM32CubeN6/Drivers/CMSIS/Device/ST/STM32N6xx/Include/stm32n657xx.h:281,
                 from /Users/seungwon/STM32CubeN6/Drivers/CMSIS/Device/ST/STM32N6xx/Include/stm32n6xx.h:87,
                 from /Users/seungwon/STM32CubeN6/Drivers/STM32N6xx_HAL_Driver/Inc/stm32n6xx_hal_def.h:33,
                 from /Users/seungwon/STM32CubeN6/Drivers/STM32N6xx_HAL_Driver/Inc/stm32n6xx_hal_rcc.h:28,
                 from /Users/seungwon/STM32CubeN6/Projects/NUCLEO-N657X0-Q/Templates/Template/FSBL/Inc/stm32n6xx_hal_conf.h:253,
                 from /Users/seungwon/STM32CubeN6/Drivers/STM32N6xx_HAL_Driver/Inc/stm32n6xx_hal.h:29,
                 from /Users/seungwon/STM32CubeN6/Drivers/STM32N6xx_HAL_Driver/Src/stm32n6xx_hal_pwr.c:107:
/Users/seungwon/STM32CubeN6/Drivers/CMSIS/Include/m-profile/armv7m_cachel1.h: In function 'SCB_InvalidateICache_by_Addr':
/Users/seungwon/STM32CubeN6/Drivers/CMSIS/Include/m-profile/armv7m_cachel1.h:117:32: warning: conversion to 'long unsigned int' from 'int32_t' {aka 'long int'} may change the sign of the result [-Wsign-conversion]
  117 |        int32_t op_size = isize + (((uint32_t)addr) & (__SCB_ICACHE_LINE_SIZE - 1U));
      |                                ^
/Users/seungwon/STM32CubeN6/Drivers/CMSIS/Include/m-profile/armv7m_cachel1.h:117:26: warning: conversion to 'int32_t' {aka 'long int'} from 'long unsigned int' may change the sign of the result [-Wsign-conversion]
  117 |        int32_t op_size = isize + (((uint32_t)addr) & (__SCB_ICACHE_LINE_SIZE - 1U));
      |                          ^~~~~
/Users/seungwon/STM32CubeN6/Drivers/CMSIS/Include/m-profile/armv7m_cachel1.h:125:17: warning: conversion to 'long unsigned int' from 'int32_t' {aka 'long int'} may change the sign of the result [-Wsign-conversion]
  125 |         op_size -= __SCB_ICACHE_LINE_SIZE;
      |                 ^~
/Users/seungwon/STM32CubeN6/Drivers/CMSIS/Include/m-profile/armv7m_cachel1.h:48:33: warning: conversion to 'int32_t' {aka 'long int'} from 'long unsigned int' may change the sign of the result [-Wsign-conversion]
   48 | #define __SCB_ICACHE_LINE_SIZE  32U /*!< Cortex-M7 cache line size is fixed to 32 bytes (8 words). See also register SCB_CCSIDR */
      |                                 ^~~
/Users/seungwon/STM32CubeN6/Drivers/CMSIS/Include/m-profile/armv7m_cachel1.h:125:20: note: in expansion of macro '__SCB_ICACHE_LINE_SIZE'
  125 |         op_size -= __SCB_ICACHE_LINE_SIZE;
      |                    ^~~~~~~~~~~~~~~~~~~~~~
/Users/seungwon/STM32CubeN6/Drivers/CMSIS/Include/m-profile/armv7m_cachel1.h: In function 'SCB_InvalidateDCache_by_Addr':
/Users/seungwon/STM32CubeN6/Drivers/CMSIS/Include/m-profile/armv7m_cachel1.h:360:32: warning: conversion to 'long unsigned int' from 'int32_t' {aka 'long int'} may change the sign of the result [-Wsign-conversion]
  360 |        int32_t op_size = dsize + (((uint32_t)addr) & (__SCB_DCACHE_LINE_SIZE - 1U));
      |                                ^
/Users/seungwon/STM32CubeN6/Drivers/CMSIS/Include/m-profile/armv7m_cachel1.h:360:26: warning: conversion to 'int32_t' {aka 'long int'} from 'long unsigned int' may change the sign of the result [-Wsign-conversion]
  360 |        int32_t op_size = dsize + (((uint32_t)addr) & (__SCB_DCACHE_LINE_SIZE - 1U));
      |                          ^~~~~
/Users/seungwon/STM32CubeN6/Drivers/CMSIS/Include/m-profile/armv7m_cachel1.h:368:17: warning: conversion to 'long unsigned int' from 'int32_t' {aka 'long int'} may change the sign of the result [-Wsign-conversion]
  368 |         op_size -= __SCB_DCACHE_LINE_SIZE;
      |                 ^~
/Users/seungwon/STM32CubeN6/Drivers/CMSIS/Include/m-profile/armv7m_cachel1.h:44:33: warning: conversion to 'int32_t' {aka 'long int'} from 'long unsigned int' may change the sign of the result [-Wsign-conversion]
   44 | #define __SCB_DCACHE_LINE_SIZE  32U /*!< Cortex-M7 cache line size is fixed to 32 bytes (8 words). See also register SCB_CCSIDR */
      |                                 ^~~
/Users/seungwon/STM32CubeN6/Drivers/CMSIS/Include/m-profile/armv7m_cachel1.h:368:20: note: in expansion of macro '__SCB_DCACHE_LINE_SIZE'
  368 |         op_size -= __SCB_DCACHE_LINE_SIZE;
      |                    ^~~~~~~~~~~~~~~~~~~~~~
/Users/seungwon/STM32CubeN6/Drivers/CMSIS/Include/m-profile/armv7m_cachel1.h: In function 'SCB_CleanDCache_by_Addr':
/Users/seungwon/STM32CubeN6/Drivers/CMSIS/Include/m-profile/armv7m_cachel1.h:390:32: warning: conversion to 'long unsigned int' from 'int32_t' {aka 'long int'} may change the sign of the result [-Wsign-conversion]
  390 |        int32_t op_size = dsize + (((uint32_t)addr) & (__SCB_DCACHE_LINE_SIZE - 1U));
      |                                ^
/Users/seungwon/STM32CubeN6/Drivers/CMSIS/Include/m-profile/armv7m_cachel1.h:390:26: warning: conversion to 'int32_t' {aka 'long int'} from 'long unsigned int' may change the sign of the result [-Wsign-conversion]
  390 |        int32_t op_size = dsize + (((uint32_t)addr) & (__SCB_DCACHE_LINE_SIZE - 1U));
      |                          ^~~~~
/Users/seungwon/STM32CubeN6/Drivers/CMSIS/Include/m-profile/armv7m_cachel1.h:398:17: warning: conversion to 'long unsigned int' from 'int32_t' {aka 'long int'} may change the sign of the result [-Wsign-conversion]
  398 |         op_size -= __SCB_DCACHE_LINE_SIZE;
      |                 ^~
/Users/seungwon/STM32CubeN6/Drivers/CMSIS/Include/m-profile/armv7m_cachel1.h:44:33: warning: conversion to 'int32_t' {aka 'long int'} from 'long unsigned int' may change the sign of the result [-Wsign-conversion]
   44 | #define __SCB_DCACHE_LINE_SIZE  32U /*!< Cortex-M7 cache line size is fixed to 32 bytes (8 words). See also register SCB_CCSIDR */
      |                                 ^~~
/Users/seungwon/STM32CubeN6/Drivers/CMSIS/Include/m-profile/armv7m_cachel1.h:398:20: note: in expansion of macro '__SCB_DCACHE_LINE_SIZE'
  398 |         op_size -= __SCB_DCACHE_LINE_SIZE;
      |                    ^~~~~~~~~~~~~~~~~~~~~~
/Users/seungwon/STM32CubeN6/Drivers/CMSIS/Include/m-profile/armv7m_cachel1.h: In function 'SCB_CleanInvalidateDCache_by_Addr':
/Users/seungwon/STM32CubeN6/Drivers/CMSIS/Include/m-profile/armv7m_cachel1.h:420:32: warning: conversion to 'long unsigned int' from 'int32_t' {aka 'long int'} may change the sign of the result [-Wsign-conversion]
  420 |        int32_t op_size = dsize + (((uint32_t)addr) & (__SCB_DCACHE_LINE_SIZE - 1U));
      |                                ^
/Users/seungwon/STM32CubeN6/Drivers/CMSIS/Include/m-profile/armv7m_cachel1.h:420:26: warning: conversion to 'int32_t' {aka 'long int'} from 'long unsigned int' may change the sign of the result [-Wsign-conversion]
  420 |        int32_t op_size = dsize + (((uint32_t)addr) & (__SCB_DCACHE_LINE_SIZE - 1U));
      |                          ^~~~~
/Users/seungwon/STM32CubeN6/Drivers/CMSIS/Include/m-profile/armv7m_cachel1.h:428:17: warning: conversion to 'long unsigned int' from 'int32_t' {aka 'long int'} may change the sign of the result [-Wsign-conversion]
  428 |         op_size -=          __SCB_DCACHE_LINE_SIZE;
      |                 ^~
/Users/seungwon/STM32CubeN6/Drivers/CMSIS/Include/m-profile/armv7m_cachel1.h:44:33: warning: conversion to 'int32_t' {aka 'long int'} from 'long unsigned int' may change the sign of the result [-Wsign-conversion]
   44 | #define __SCB_DCACHE_LINE_SIZE  32U /*!< Cortex-M7 cache line size is fixed to 32 bytes (8 words). See also register SCB_CCSIDR */
      |                                 ^~~
/Users/seungwon/STM32CubeN6/Drivers/CMSIS/Include/m-profile/armv7m_cachel1.h:428:29: note: in expansion of macro '__SCB_DCACHE_LINE_SIZE'
  428 |         op_size -=          __SCB_DCACHE_LINE_SIZE;
      |                             ^~~~~~~~~~~~~~~~~~~~~~
/Users/seungwon/test/.tools/xpack-arm-none-eabi-gcc-15.2.1-1.1/bin/arm-none-eabi-gcc   -DAIMER_BENCHMARK -DPARAMS=192s -DAIMER_BACKEND=ref -DAIMER_MATVEC=reference -DAIMER_CONFIG=ref -DBENCH_KERNEL_SAMPLES=31 -DBENCH_E2E_SAMPLES=50 -DBENCH_KERNEL_INNER=64 -DBENCH_WARMUP=10 -DPROFILE_SAMPLES=31 -DPROFILE_KERNEL_INNER=64 -DPROFILE_COMPLEX_INNER=8 -DUSE_HAL_DRIVER -DSTM32N657xx -Iinclude -I../common/src/sig/aimer/reference/aimer-192s -I../common/src -I/Users/seungwon/STM32CubeN6/Projects/NUCLEO-N657X0-Q/Templates/Template/FSBL/Inc -I/Users/seungwon/STM32CubeN6/Drivers/CMSIS/Include -I/Users/seungwon/STM32CubeN6/Drivers/CMSIS/Device/ST/STM32N6xx/Include -I/Users/seungwon/STM32CubeN6/Drivers/STM32N6xx_HAL_Driver/Inc -I/Users/seungwon/STM32CubeN6/Drivers/STM32N6xx_HAL_Driver/Inc/Legacy -O3 -std=c11 -fno-common -ffunction-sections -fdata-sections -fno-tree-vectorize -fno-tree-slp-vectorize -MMD -MP --specs=nosys.specs -Wall -Wextra -Wshadow -Wconversion -Wstrict-prototypes -mcpu=cortex-m55 -mthumb -mfloat-abi=hard -mcmse -fstack-usage -c /Users/seungwon/STM32CubeN6/Drivers/STM32N6xx_HAL_Driver/Src/stm32n6xx_hal_pwr_ex.c -o build/full/192s/ref/benchmark/stm32n6xx_hal_pwr_ex.c.o
In file included from /Users/seungwon/STM32CubeN6/Drivers/CMSIS/Include/core_cm55.h:4605,
                 from /Users/seungwon/STM32CubeN6/Drivers/CMSIS/Device/ST/STM32N6xx/Include/stm32n657xx.h:281,
                 from /Users/seungwon/STM32CubeN6/Drivers/CMSIS/Device/ST/STM32N6xx/Include/stm32n6xx.h:87,
                 from /Users/seungwon/STM32CubeN6/Drivers/STM32N6xx_HAL_Driver/Inc/stm32n6xx_hal_def.h:33,
                 from /Users/seungwon/STM32CubeN6/Drivers/STM32N6xx_HAL_Driver/Inc/stm32n6xx_hal_rcc.h:28,
                 from /Users/seungwon/STM32CubeN6/Projects/NUCLEO-N657X0-Q/Templates/Template/FSBL/Inc/stm32n6xx_hal_conf.h:253,
                 from /Users/seungwon/STM32CubeN6/Drivers/STM32N6xx_HAL_Driver/Inc/stm32n6xx_hal.h:29,
                 from /Users/seungwon/STM32CubeN6/Drivers/STM32N6xx_HAL_Driver/Src/stm32n6xx_hal_pwr_ex.c:159:
/Users/seungwon/STM32CubeN6/Drivers/CMSIS/Include/m-profile/armv7m_cachel1.h: In function 'SCB_InvalidateICache_by_Addr':
/Users/seungwon/STM32CubeN6/Drivers/CMSIS/Include/m-profile/armv7m_cachel1.h:117:32: warning: conversion to 'long unsigned int' from 'int32_t' {aka 'long int'} may change the sign of the result [-Wsign-conversion]
  117 |        int32_t op_size = isize + (((uint32_t)addr) & (__SCB_ICACHE_LINE_SIZE - 1U));
      |                                ^
/Users/seungwon/STM32CubeN6/Drivers/CMSIS/Include/m-profile/armv7m_cachel1.h:117:26: warning: conversion to 'int32_t' {aka 'long int'} from 'long unsigned int' may change the sign of the result [-Wsign-conversion]
  117 |        int32_t op_size = isize + (((uint32_t)addr) & (__SCB_ICACHE_LINE_SIZE - 1U));
      |                          ^~~~~
/Users/seungwon/STM32CubeN6/Drivers/CMSIS/Include/m-profile/armv7m_cachel1.h:125:17: warning: conversion to 'long unsigned int' from 'int32_t' {aka 'long int'} may change the sign of the result [-Wsign-conversion]
  125 |         op_size -= __SCB_ICACHE_LINE_SIZE;
      |                 ^~
/Users/seungwon/STM32CubeN6/Drivers/CMSIS/Include/m-profile/armv7m_cachel1.h:48:33: warning: conversion to 'int32_t' {aka 'long int'} from 'long unsigned int' may change the sign of the result [-Wsign-conversion]
   48 | #define __SCB_ICACHE_LINE_SIZE  32U /*!< Cortex-M7 cache line size is fixed to 32 bytes (8 words). See also register SCB_CCSIDR */
      |                                 ^~~
/Users/seungwon/STM32CubeN6/Drivers/CMSIS/Include/m-profile/armv7m_cachel1.h:125:20: note: in expansion of macro '__SCB_ICACHE_LINE_SIZE'
  125 |         op_size -= __SCB_ICACHE_LINE_SIZE;
      |                    ^~~~~~~~~~~~~~~~~~~~~~
/Users/seungwon/STM32CubeN6/Drivers/CMSIS/Include/m-profile/armv7m_cachel1.h: In function 'SCB_InvalidateDCache_by_Addr':
/Users/seungwon/STM32CubeN6/Drivers/CMSIS/Include/m-profile/armv7m_cachel1.h:360:32: warning: conversion to 'long unsigned int' from 'int32_t' {aka 'long int'} may change the sign of the result [-Wsign-conversion]
  360 |        int32_t op_size = dsize + (((uint32_t)addr) & (__SCB_DCACHE_LINE_SIZE - 1U));
      |                                ^
/Users/seungwon/STM32CubeN6/Drivers/CMSIS/Include/m-profile/armv7m_cachel1.h:360:26: warning: conversion to 'int32_t' {aka 'long int'} from 'long unsigned int' may change the sign of the result [-Wsign-conversion]
  360 |        int32_t op_size = dsize + (((uint32_t)addr) & (__SCB_DCACHE_LINE_SIZE - 1U));
      |                          ^~~~~
/Users/seungwon/STM32CubeN6/Drivers/CMSIS/Include/m-profile/armv7m_cachel1.h:368:17: warning: conversion to 'long unsigned int' from 'int32_t' {aka 'long int'} may change the sign of the result [-Wsign-conversion]
  368 |         op_size -= __SCB_DCACHE_LINE_SIZE;
      |                 ^~
/Users/seungwon/STM32CubeN6/Drivers/CMSIS/Include/m-profile/armv7m_cachel1.h:44:33: warning: conversion to 'int32_t' {aka 'long int'} from 'long unsigned int' may change the sign of the result [-Wsign-conversion]
   44 | #define __SCB_DCACHE_LINE_SIZE  32U /*!< Cortex-M7 cache line size is fixed to 32 bytes (8 words). See also register SCB_CCSIDR */
      |                                 ^~~
/Users/seungwon/STM32CubeN6/Drivers/CMSIS/Include/m-profile/armv7m_cachel1.h:368:20: note: in expansion of macro '__SCB_DCACHE_LINE_SIZE'
  368 |         op_size -= __SCB_DCACHE_LINE_SIZE;
      |                    ^~~~~~~~~~~~~~~~~~~~~~
/Users/seungwon/STM32CubeN6/Drivers/CMSIS/Include/m-profile/armv7m_cachel1.h: In function 'SCB_CleanDCache_by_Addr':
/Users/seungwon/STM32CubeN6/Drivers/CMSIS/Include/m-profile/armv7m_cachel1.h:390:32: warning: conversion to 'long unsigned int' from 'int32_t' {aka 'long int'} may change the sign of the result [-Wsign-conversion]
  390 |        int32_t op_size = dsize + (((uint32_t)addr) & (__SCB_DCACHE_LINE_SIZE - 1U));
      |                                ^
/Users/seungwon/STM32CubeN6/Drivers/CMSIS/Include/m-profile/armv7m_cachel1.h:390:26: warning: conversion to 'int32_t' {aka 'long int'} from 'long unsigned int' may change the sign of the result [-Wsign-conversion]
  390 |        int32_t op_size = dsize + (((uint32_t)addr) & (__SCB_DCACHE_LINE_SIZE - 1U));
      |                          ^~~~~
/Users/seungwon/STM32CubeN6/Drivers/CMSIS/Include/m-profile/armv7m_cachel1.h:398:17: warning: conversion to 'long unsigned int' from 'int32_t' {aka 'long int'} may change the sign of the result [-Wsign-conversion]
  398 |         op_size -= __SCB_DCACHE_LINE_SIZE;
      |                 ^~
/Users/seungwon/STM32CubeN6/Drivers/CMSIS/Include/m-profile/armv7m_cachel1.h:44:33: warning: conversion to 'int32_t' {aka 'long int'} from 'long unsigned int' may change the sign of the result [-Wsign-conversion]
   44 | #define __SCB_DCACHE_LINE_SIZE  32U /*!< Cortex-M7 cache line size is fixed to 32 bytes (8 words). See also register SCB_CCSIDR */
      |                                 ^~~
/Users/seungwon/STM32CubeN6/Drivers/CMSIS/Include/m-profile/armv7m_cachel1.h:398:20: note: in expansion of macro '__SCB_DCACHE_LINE_SIZE'
  398 |         op_size -= __SCB_DCACHE_LINE_SIZE;
      |                    ^~~~~~~~~~~~~~~~~~~~~~
/Users/seungwon/STM32CubeN6/Drivers/CMSIS/Include/m-profile/armv7m_cachel1.h: In function 'SCB_CleanInvalidateDCache_by_Addr':
/Users/seungwon/STM32CubeN6/Drivers/CMSIS/Include/m-profile/armv7m_cachel1.h:420:32: warning: conversion to 'long unsigned int' from 'int32_t' {aka 'long int'} may change the sign of the result [-Wsign-conversion]
  420 |        int32_t op_size = dsize + (((uint32_t)addr) & (__SCB_DCACHE_LINE_SIZE - 1U));
      |                                ^
/Users/seungwon/STM32CubeN6/Drivers/CMSIS/Include/m-profile/armv7m_cachel1.h:420:26: warning: conversion to 'int32_t' {aka 'long int'} from 'long unsigned int' may change the sign of the result [-Wsign-conversion]
  420 |        int32_t op_size = dsize + (((uint32_t)addr) & (__SCB_DCACHE_LINE_SIZE - 1U));
      |                          ^~~~~
/Users/seungwon/STM32CubeN6/Drivers/CMSIS/Include/m-profile/armv7m_cachel1.h:428:17: warning: conversion to 'long unsigned int' from 'int32_t' {aka 'long int'} may change the sign of the result [-Wsign-conversion]
  428 |         op_size -=          __SCB_DCACHE_LINE_SIZE;
      |                 ^~
/Users/seungwon/STM32CubeN6/Drivers/CMSIS/Include/m-profile/armv7m_cachel1.h:44:33: warning: conversion to 'int32_t' {aka 'long int'} from 'long unsigned int' may change the sign of the result [-Wsign-conversion]
   44 | #define __SCB_DCACHE_LINE_SIZE  32U /*!< Cortex-M7 cache line size is fixed to 32 bytes (8 words). See also register SCB_CCSIDR */
      |                                 ^~~
/Users/seungwon/STM32CubeN6/Drivers/CMSIS/Include/m-profile/armv7m_cachel1.h:428:29: note: in expansion of macro '__SCB_DCACHE_LINE_SIZE'
  428 |         op_size -=          __SCB_DCACHE_LINE_SIZE;
      |                             ^~~~~~~~~~~~~~~~~~~~~~
/Users/seungwon/test/.tools/xpack-arm-none-eabi-gcc-15.2.1-1.1/bin/arm-none-eabi-gcc   -DAIMER_BENCHMARK -DPARAMS=192s -DAIMER_BACKEND=ref -DAIMER_MATVEC=reference -DAIMER_CONFIG=ref -DBENCH_KERNEL_SAMPLES=31 -DBENCH_E2E_SAMPLES=50 -DBENCH_KERNEL_INNER=64 -DBENCH_WARMUP=10 -DPROFILE_SAMPLES=31 -DPROFILE_KERNEL_INNER=64 -DPROFILE_COMPLEX_INNER=8 -DUSE_HAL_DRIVER -DSTM32N657xx -Iinclude -I../common/src/sig/aimer/reference/aimer-192s -I../common/src -I/Users/seungwon/STM32CubeN6/Projects/NUCLEO-N657X0-Q/Templates/Template/FSBL/Inc -I/Users/seungwon/STM32CubeN6/Drivers/CMSIS/Include -I/Users/seungwon/STM32CubeN6/Drivers/CMSIS/Device/ST/STM32N6xx/Include -I/Users/seungwon/STM32CubeN6/Drivers/STM32N6xx_HAL_Driver/Inc -I/Users/seungwon/STM32CubeN6/Drivers/STM32N6xx_HAL_Driver/Inc/Legacy -O3 -std=c11 -fno-common -ffunction-sections -fdata-sections -fno-tree-vectorize -fno-tree-slp-vectorize -MMD -MP --specs=nosys.specs -Wall -Wextra -Wshadow -Wconversion -Wstrict-prototypes -mcpu=cortex-m55 -mthumb -mfloat-abi=hard -mcmse -fstack-usage -c /Users/seungwon/STM32CubeN6/Drivers/STM32N6xx_HAL_Driver/Src/stm32n6xx_hal_rcc.c -o build/full/192s/ref/benchmark/stm32n6xx_hal_rcc.c.o
In file included from /Users/seungwon/STM32CubeN6/Drivers/CMSIS/Include/core_cm55.h:4605,
                 from /Users/seungwon/STM32CubeN6/Drivers/CMSIS/Device/ST/STM32N6xx/Include/stm32n657xx.h:281,
                 from /Users/seungwon/STM32CubeN6/Drivers/CMSIS/Device/ST/STM32N6xx/Include/stm32n6xx.h:87,
                 from /Users/seungwon/STM32CubeN6/Drivers/STM32N6xx_HAL_Driver/Inc/stm32n6xx_hal_def.h:33,
                 from /Users/seungwon/STM32CubeN6/Drivers/STM32N6xx_HAL_Driver/Inc/stm32n6xx_hal_rcc.h:28,
                 from /Users/seungwon/STM32CubeN6/Projects/NUCLEO-N657X0-Q/Templates/Template/FSBL/Inc/stm32n6xx_hal_conf.h:253,
                 from /Users/seungwon/STM32CubeN6/Drivers/STM32N6xx_HAL_Driver/Inc/stm32n6xx_hal.h:29,
                 from /Users/seungwon/STM32CubeN6/Drivers/STM32N6xx_HAL_Driver/Src/stm32n6xx_hal_rcc.c:73:
/Users/seungwon/STM32CubeN6/Drivers/CMSIS/Include/m-profile/armv7m_cachel1.h: In function 'SCB_InvalidateICache_by_Addr':
/Users/seungwon/STM32CubeN6/Drivers/CMSIS/Include/m-profile/armv7m_cachel1.h:117:32: warning: conversion to 'long unsigned int' from 'int32_t' {aka 'long int'} may change the sign of the result [-Wsign-conversion]
  117 |        int32_t op_size = isize + (((uint32_t)addr) & (__SCB_ICACHE_LINE_SIZE - 1U));
      |                                ^
/Users/seungwon/STM32CubeN6/Drivers/CMSIS/Include/m-profile/armv7m_cachel1.h:117:26: warning: conversion to 'int32_t' {aka 'long int'} from 'long unsigned int' may change the sign of the result [-Wsign-conversion]
  117 |        int32_t op_size = isize + (((uint32_t)addr) & (__SCB_ICACHE_LINE_SIZE - 1U));
      |                          ^~~~~
/Users/seungwon/STM32CubeN6/Drivers/CMSIS/Include/m-profile/armv7m_cachel1.h:125:17: warning: conversion to 'long unsigned int' from 'int32_t' {aka 'long int'} may change the sign of the result [-Wsign-conversion]
  125 |         op_size -= __SCB_ICACHE_LINE_SIZE;
      |                 ^~
/Users/seungwon/STM32CubeN6/Drivers/CMSIS/Include/m-profile/armv7m_cachel1.h:48:33: warning: conversion to 'int32_t' {aka 'long int'} from 'long unsigned int' may change the sign of the result [-Wsign-conversion]
   48 | #define __SCB_ICACHE_LINE_SIZE  32U /*!< Cortex-M7 cache line size is fixed to 32 bytes (8 words). See also register SCB_CCSIDR */
      |                                 ^~~
/Users/seungwon/STM32CubeN6/Drivers/CMSIS/Include/m-profile/armv7m_cachel1.h:125:20: note: in expansion of macro '__SCB_ICACHE_LINE_SIZE'
  125 |         op_size -= __SCB_ICACHE_LINE_SIZE;
      |                    ^~~~~~~~~~~~~~~~~~~~~~
/Users/seungwon/STM32CubeN6/Drivers/CMSIS/Include/m-profile/armv7m_cachel1.h: In function 'SCB_InvalidateDCache_by_Addr':
/Users/seungwon/STM32CubeN6/Drivers/CMSIS/Include/m-profile/armv7m_cachel1.h:360:32: warning: conversion to 'long unsigned int' from 'int32_t' {aka 'long int'} may change the sign of the result [-Wsign-conversion]
  360 |        int32_t op_size = dsize + (((uint32_t)addr) & (__SCB_DCACHE_LINE_SIZE - 1U));
      |                                ^
/Users/seungwon/STM32CubeN6/Drivers/CMSIS/Include/m-profile/armv7m_cachel1.h:360:26: warning: conversion to 'int32_t' {aka 'long int'} from 'long unsigned int' may change the sign of the result [-Wsign-conversion]
  360 |        int32_t op_size = dsize + (((uint32_t)addr) & (__SCB_DCACHE_LINE_SIZE - 1U));
      |                          ^~~~~
/Users/seungwon/STM32CubeN6/Drivers/CMSIS/Include/m-profile/armv7m_cachel1.h:368:17: warning: conversion to 'long unsigned int' from 'int32_t' {aka 'long int'} may change the sign of the result [-Wsign-conversion]
  368 |         op_size -= __SCB_DCACHE_LINE_SIZE;
      |                 ^~
/Users/seungwon/STM32CubeN6/Drivers/CMSIS/Include/m-profile/armv7m_cachel1.h:44:33: warning: conversion to 'int32_t' {aka 'long int'} from 'long unsigned int' may change the sign of the result [-Wsign-conversion]
   44 | #define __SCB_DCACHE_LINE_SIZE  32U /*!< Cortex-M7 cache line size is fixed to 32 bytes (8 words). See also register SCB_CCSIDR */
      |                                 ^~~
/Users/seungwon/STM32CubeN6/Drivers/CMSIS/Include/m-profile/armv7m_cachel1.h:368:20: note: in expansion of macro '__SCB_DCACHE_LINE_SIZE'
  368 |         op_size -= __SCB_DCACHE_LINE_SIZE;
      |                    ^~~~~~~~~~~~~~~~~~~~~~
/Users/seungwon/STM32CubeN6/Drivers/CMSIS/Include/m-profile/armv7m_cachel1.h: In function 'SCB_CleanDCache_by_Addr':
/Users/seungwon/STM32CubeN6/Drivers/CMSIS/Include/m-profile/armv7m_cachel1.h:390:32: warning: conversion to 'long unsigned int' from 'int32_t' {aka 'long int'} may change the sign of the result [-Wsign-conversion]
  390 |        int32_t op_size = dsize + (((uint32_t)addr) & (__SCB_DCACHE_LINE_SIZE - 1U));
      |                                ^
/Users/seungwon/STM32CubeN6/Drivers/CMSIS/Include/m-profile/armv7m_cachel1.h:390:26: warning: conversion to 'int32_t' {aka 'long int'} from 'long unsigned int' may change the sign of the result [-Wsign-conversion]
  390 |        int32_t op_size = dsize + (((uint32_t)addr) & (__SCB_DCACHE_LINE_SIZE - 1U));
      |                          ^~~~~
/Users/seungwon/STM32CubeN6/Drivers/CMSIS/Include/m-profile/armv7m_cachel1.h:398:17: warning: conversion to 'long unsigned int' from 'int32_t' {aka 'long int'} may change the sign of the result [-Wsign-conversion]
  398 |         op_size -= __SCB_DCACHE_LINE_SIZE;
      |                 ^~
/Users/seungwon/STM32CubeN6/Drivers/CMSIS/Include/m-profile/armv7m_cachel1.h:44:33: warning: conversion to 'int32_t' {aka 'long int'} from 'long unsigned int' may change the sign of the result [-Wsign-conversion]
   44 | #define __SCB_DCACHE_LINE_SIZE  32U /*!< Cortex-M7 cache line size is fixed to 32 bytes (8 words). See also register SCB_CCSIDR */
      |                                 ^~~
/Users/seungwon/STM32CubeN6/Drivers/CMSIS/Include/m-profile/armv7m_cachel1.h:398:20: note: in expansion of macro '__SCB_DCACHE_LINE_SIZE'
  398 |         op_size -= __SCB_DCACHE_LINE_SIZE;
      |                    ^~~~~~~~~~~~~~~~~~~~~~
/Users/seungwon/STM32CubeN6/Drivers/CMSIS/Include/m-profile/armv7m_cachel1.h: In function 'SCB_CleanInvalidateDCache_by_Addr':
/Users/seungwon/STM32CubeN6/Drivers/CMSIS/Include/m-profile/armv7m_cachel1.h:420:32: warning: conversion to 'long unsigned int' from 'int32_t' {aka 'long int'} may change the sign of the result [-Wsign-conversion]
  420 |        int32_t op_size = dsize + (((uint32_t)addr) & (__SCB_DCACHE_LINE_SIZE - 1U));
      |                                ^
/Users/seungwon/STM32CubeN6/Drivers/CMSIS/Include/m-profile/armv7m_cachel1.h:420:26: warning: conversion to 'int32_t' {aka 'long int'} from 'long unsigned int' may change the sign of the result [-Wsign-conversion]
  420 |        int32_t op_size = dsize + (((uint32_t)addr) & (__SCB_DCACHE_LINE_SIZE - 1U));
      |                          ^~~~~
/Users/seungwon/STM32CubeN6/Drivers/CMSIS/Include/m-profile/armv7m_cachel1.h:428:17: warning: conversion to 'long unsigned int' from 'int32_t' {aka 'long int'} may change the sign of the result [-Wsign-conversion]
  428 |         op_size -=          __SCB_DCACHE_LINE_SIZE;
      |                 ^~
/Users/seungwon/STM32CubeN6/Drivers/CMSIS/Include/m-profile/armv7m_cachel1.h:44:33: warning: conversion to 'int32_t' {aka 'long int'} from 'long unsigned int' may change the sign of the result [-Wsign-conversion]
   44 | #define __SCB_DCACHE_LINE_SIZE  32U /*!< Cortex-M7 cache line size is fixed to 32 bytes (8 words). See also register SCB_CCSIDR */
      |                                 ^~~
/Users/seungwon/STM32CubeN6/Drivers/CMSIS/Include/m-profile/armv7m_cachel1.h:428:29: note: in expansion of macro '__SCB_DCACHE_LINE_SIZE'
  428 |         op_size -=          __SCB_DCACHE_LINE_SIZE;
      |                             ^~~~~~~~~~~~~~~~~~~~~~
/Users/seungwon/test/.tools/xpack-arm-none-eabi-gcc-15.2.1-1.1/bin/arm-none-eabi-gcc   -DAIMER_BENCHMARK -DPARAMS=192s -DAIMER_BACKEND=ref -DAIMER_MATVEC=reference -DAIMER_CONFIG=ref -DBENCH_KERNEL_SAMPLES=31 -DBENCH_E2E_SAMPLES=50 -DBENCH_KERNEL_INNER=64 -DBENCH_WARMUP=10 -DPROFILE_SAMPLES=31 -DPROFILE_KERNEL_INNER=64 -DPROFILE_COMPLEX_INNER=8 -DUSE_HAL_DRIVER -DSTM32N657xx -Iinclude -I../common/src/sig/aimer/reference/aimer-192s -I../common/src -I/Users/seungwon/STM32CubeN6/Projects/NUCLEO-N657X0-Q/Templates/Template/FSBL/Inc -I/Users/seungwon/STM32CubeN6/Drivers/CMSIS/Include -I/Users/seungwon/STM32CubeN6/Drivers/CMSIS/Device/ST/STM32N6xx/Include -I/Users/seungwon/STM32CubeN6/Drivers/STM32N6xx_HAL_Driver/Inc -I/Users/seungwon/STM32CubeN6/Drivers/STM32N6xx_HAL_Driver/Inc/Legacy -O3 -std=c11 -fno-common -ffunction-sections -fdata-sections -fno-tree-vectorize -fno-tree-slp-vectorize -MMD -MP --specs=nosys.specs -Wall -Wextra -Wshadow -Wconversion -Wstrict-prototypes -mcpu=cortex-m55 -mthumb -mfloat-abi=hard -mcmse -fstack-usage -c /Users/seungwon/STM32CubeN6/Drivers/STM32N6xx_HAL_Driver/Src/stm32n6xx_hal_rcc_ex.c -o build/full/192s/ref/benchmark/stm32n6xx_hal_rcc_ex.c.o
In file included from /Users/seungwon/STM32CubeN6/Drivers/CMSIS/Include/core_cm55.h:4605,
                 from /Users/seungwon/STM32CubeN6/Drivers/CMSIS/Device/ST/STM32N6xx/Include/stm32n657xx.h:281,
                 from /Users/seungwon/STM32CubeN6/Drivers/CMSIS/Device/ST/STM32N6xx/Include/stm32n6xx.h:87,
                 from /Users/seungwon/STM32CubeN6/Drivers/STM32N6xx_HAL_Driver/Inc/stm32n6xx_hal_def.h:33,
                 from /Users/seungwon/STM32CubeN6/Drivers/STM32N6xx_HAL_Driver/Inc/stm32n6xx_hal_rcc.h:28,
                 from /Users/seungwon/STM32CubeN6/Projects/NUCLEO-N657X0-Q/Templates/Template/FSBL/Inc/stm32n6xx_hal_conf.h:253,
                 from /Users/seungwon/STM32CubeN6/Drivers/STM32N6xx_HAL_Driver/Inc/stm32n6xx_hal.h:29,
                 from /Users/seungwon/STM32CubeN6/Drivers/STM32N6xx_HAL_Driver/Src/stm32n6xx_hal_rcc_ex.c:24:
/Users/seungwon/STM32CubeN6/Drivers/CMSIS/Include/m-profile/armv7m_cachel1.h: In function 'SCB_InvalidateICache_by_Addr':
/Users/seungwon/STM32CubeN6/Drivers/CMSIS/Include/m-profile/armv7m_cachel1.h:117:32: warning: conversion to 'long unsigned int' from 'int32_t' {aka 'long int'} may change the sign of the result [-Wsign-conversion]
  117 |        int32_t op_size = isize + (((uint32_t)addr) & (__SCB_ICACHE_LINE_SIZE - 1U));
      |                                ^
/Users/seungwon/STM32CubeN6/Drivers/CMSIS/Include/m-profile/armv7m_cachel1.h:117:26: warning: conversion to 'int32_t' {aka 'long int'} from 'long unsigned int' may change the sign of the result [-Wsign-conversion]
  117 |        int32_t op_size = isize + (((uint32_t)addr) & (__SCB_ICACHE_LINE_SIZE - 1U));
      |                          ^~~~~
/Users/seungwon/STM32CubeN6/Drivers/CMSIS/Include/m-profile/armv7m_cachel1.h:125:17: warning: conversion to 'long unsigned int' from 'int32_t' {aka 'long int'} may change the sign of the result [-Wsign-conversion]
  125 |         op_size -= __SCB_ICACHE_LINE_SIZE;
      |                 ^~
/Users/seungwon/STM32CubeN6/Drivers/CMSIS/Include/m-profile/armv7m_cachel1.h:48:33: warning: conversion to 'int32_t' {aka 'long int'} from 'long unsigned int' may change the sign of the result [-Wsign-conversion]
   48 | #define __SCB_ICACHE_LINE_SIZE  32U /*!< Cortex-M7 cache line size is fixed to 32 bytes (8 words). See also register SCB_CCSIDR */
      |                                 ^~~
/Users/seungwon/STM32CubeN6/Drivers/CMSIS/Include/m-profile/armv7m_cachel1.h:125:20: note: in expansion of macro '__SCB_ICACHE_LINE_SIZE'
  125 |         op_size -= __SCB_ICACHE_LINE_SIZE;
      |                    ^~~~~~~~~~~~~~~~~~~~~~
/Users/seungwon/STM32CubeN6/Drivers/CMSIS/Include/m-profile/armv7m_cachel1.h: In function 'SCB_InvalidateDCache_by_Addr':
/Users/seungwon/STM32CubeN6/Drivers/CMSIS/Include/m-profile/armv7m_cachel1.h:360:32: warning: conversion to 'long unsigned int' from 'int32_t' {aka 'long int'} may change the sign of the result [-Wsign-conversion]
  360 |        int32_t op_size = dsize + (((uint32_t)addr) & (__SCB_DCACHE_LINE_SIZE - 1U));
      |                                ^
/Users/seungwon/STM32CubeN6/Drivers/CMSIS/Include/m-profile/armv7m_cachel1.h:360:26: warning: conversion to 'int32_t' {aka 'long int'} from 'long unsigned int' may change the sign of the result [-Wsign-conversion]
  360 |        int32_t op_size = dsize + (((uint32_t)addr) & (__SCB_DCACHE_LINE_SIZE - 1U));
      |                          ^~~~~
/Users/seungwon/STM32CubeN6/Drivers/CMSIS/Include/m-profile/armv7m_cachel1.h:368:17: warning: conversion to 'long unsigned int' from 'int32_t' {aka 'long int'} may change the sign of the result [-Wsign-conversion]
  368 |         op_size -= __SCB_DCACHE_LINE_SIZE;
      |                 ^~
/Users/seungwon/STM32CubeN6/Drivers/CMSIS/Include/m-profile/armv7m_cachel1.h:44:33: warning: conversion to 'int32_t' {aka 'long int'} from 'long unsigned int' may change the sign of the result [-Wsign-conversion]
   44 | #define __SCB_DCACHE_LINE_SIZE  32U /*!< Cortex-M7 cache line size is fixed to 32 bytes (8 words). See also register SCB_CCSIDR */
      |                                 ^~~
/Users/seungwon/STM32CubeN6/Drivers/CMSIS/Include/m-profile/armv7m_cachel1.h:368:20: note: in expansion of macro '__SCB_DCACHE_LINE_SIZE'
  368 |         op_size -= __SCB_DCACHE_LINE_SIZE;
      |                    ^~~~~~~~~~~~~~~~~~~~~~
/Users/seungwon/STM32CubeN6/Drivers/CMSIS/Include/m-profile/armv7m_cachel1.h: In function 'SCB_CleanDCache_by_Addr':
/Users/seungwon/STM32CubeN6/Drivers/CMSIS/Include/m-profile/armv7m_cachel1.h:390:32: warning: conversion to 'long unsigned int' from 'int32_t' {aka 'long int'} may change the sign of the result [-Wsign-conversion]
  390 |        int32_t op_size = dsize + (((uint32_t)addr) & (__SCB_DCACHE_LINE_SIZE - 1U));
      |                                ^
/Users/seungwon/STM32CubeN6/Drivers/CMSIS/Include/m-profile/armv7m_cachel1.h:390:26: warning: conversion to 'int32_t' {aka 'long int'} from 'long unsigned int' may change the sign of the result [-Wsign-conversion]
  390 |        int32_t op_size = dsize + (((uint32_t)addr) & (__SCB_DCACHE_LINE_SIZE - 1U));
      |                          ^~~~~
/Users/seungwon/STM32CubeN6/Drivers/CMSIS/Include/m-profile/armv7m_cachel1.h:398:17: warning: conversion to 'long unsigned int' from 'int32_t' {aka 'long int'} may change the sign of the result [-Wsign-conversion]
  398 |         op_size -= __SCB_DCACHE_LINE_SIZE;
      |                 ^~
/Users/seungwon/STM32CubeN6/Drivers/CMSIS/Include/m-profile/armv7m_cachel1.h:44:33: warning: conversion to 'int32_t' {aka 'long int'} from 'long unsigned int' may change the sign of the result [-Wsign-conversion]
   44 | #define __SCB_DCACHE_LINE_SIZE  32U /*!< Cortex-M7 cache line size is fixed to 32 bytes (8 words). See also register SCB_CCSIDR */
      |                                 ^~~
/Users/seungwon/STM32CubeN6/Drivers/CMSIS/Include/m-profile/armv7m_cachel1.h:398:20: note: in expansion of macro '__SCB_DCACHE_LINE_SIZE'
  398 |         op_size -= __SCB_DCACHE_LINE_SIZE;
      |                    ^~~~~~~~~~~~~~~~~~~~~~
/Users/seungwon/STM32CubeN6/Drivers/CMSIS/Include/m-profile/armv7m_cachel1.h: In function 'SCB_CleanInvalidateDCache_by_Addr':
/Users/seungwon/STM32CubeN6/Drivers/CMSIS/Include/m-profile/armv7m_cachel1.h:420:32: warning: conversion to 'long unsigned int' from 'int32_t' {aka 'long int'} may change the sign of the result [-Wsign-conversion]
  420 |        int32_t op_size = dsize + (((uint32_t)addr) & (__SCB_DCACHE_LINE_SIZE - 1U));
      |                                ^
/Users/seungwon/STM32CubeN6/Drivers/CMSIS/Include/m-profile/armv7m_cachel1.h:420:26: warning: conversion to 'int32_t' {aka 'long int'} from 'long unsigned int' may change the sign of the result [-Wsign-conversion]
  420 |        int32_t op_size = dsize + (((uint32_t)addr) & (__SCB_DCACHE_LINE_SIZE - 1U));
      |                          ^~~~~
/Users/seungwon/STM32CubeN6/Drivers/CMSIS/Include/m-profile/armv7m_cachel1.h:428:17: warning: conversion to 'long unsigned int' from 'int32_t' {aka 'long int'} may change the sign of the result [-Wsign-conversion]
  428 |         op_size -=          __SCB_DCACHE_LINE_SIZE;
      |                 ^~
/Users/seungwon/STM32CubeN6/Drivers/CMSIS/Include/m-profile/armv7m_cachel1.h:44:33: warning: conversion to 'int32_t' {aka 'long int'} from 'long unsigned int' may change the sign of the result [-Wsign-conversion]
   44 | #define __SCB_DCACHE_LINE_SIZE  32U /*!< Cortex-M7 cache line size is fixed to 32 bytes (8 words). See also register SCB_CCSIDR */
      |                                 ^~~
/Users/seungwon/STM32CubeN6/Drivers/CMSIS/Include/m-profile/armv7m_cachel1.h:428:29: note: in expansion of macro '__SCB_DCACHE_LINE_SIZE'
  428 |         op_size -=          __SCB_DCACHE_LINE_SIZE;
      |                             ^~~~~~~~~~~~~~~~~~~~~~
/Users/seungwon/test/.tools/xpack-arm-none-eabi-gcc-15.2.1-1.1/bin/arm-none-eabi-gcc   -DAIMER_BENCHMARK -DPARAMS=192s -DAIMER_BACKEND=ref -DAIMER_MATVEC=reference -DAIMER_CONFIG=ref -DBENCH_KERNEL_SAMPLES=31 -DBENCH_E2E_SAMPLES=50 -DBENCH_KERNEL_INNER=64 -DBENCH_WARMUP=10 -DPROFILE_SAMPLES=31 -DPROFILE_KERNEL_INNER=64 -DPROFILE_COMPLEX_INNER=8 -DUSE_HAL_DRIVER -DSTM32N657xx -Iinclude -I../common/src/sig/aimer/reference/aimer-192s -I../common/src -I/Users/seungwon/STM32CubeN6/Projects/NUCLEO-N657X0-Q/Templates/Template/FSBL/Inc -I/Users/seungwon/STM32CubeN6/Drivers/CMSIS/Include -I/Users/seungwon/STM32CubeN6/Drivers/CMSIS/Device/ST/STM32N6xx/Include -I/Users/seungwon/STM32CubeN6/Drivers/STM32N6xx_HAL_Driver/Inc -I/Users/seungwon/STM32CubeN6/Drivers/STM32N6xx_HAL_Driver/Inc/Legacy -O3 -std=c11 -fno-common -ffunction-sections -fdata-sections -fno-tree-vectorize -fno-tree-slp-vectorize -MMD -MP --specs=nosys.specs -Wall -Wextra -Wshadow -Wconversion -Wstrict-prototypes -mcpu=cortex-m55 -mthumb -mfloat-abi=hard -mcmse -fstack-usage -x assembler-with-cpp -c /Users/seungwon/STM32CubeN6/Projects/NUCLEO-N657X0-Q/Templates/Template/STM32CubeIDE/FSBL/Application/Startup/startup_stm32n657x0hxq_fsbl.s -o build/full/192s/ref/benchmark/startup_stm32n657x0hxq_fsbl.s.o
/Users/seungwon/test/.tools/xpack-arm-none-eabi-gcc-15.2.1-1.1/bin/arm-none-eabi-gcc --specs=nosys.specs -Wl,--gc-sections -Wl,--print-memory-usage -Wl,-Map,build/full/192s/ref/benchmark/aimer-m55-192s-ref-benchmark.map -Wl,--wrap=main -Wl,--wrap=_write -Wl,--wrap=_read -Tplatform/nucleo-n657x0-q/stm32n657-axi-sram.ld  -mcpu=cortex-m55 -mthumb -mfloat-abi=hard -mcmse -Wl,--wrap=samsungsds_aimer_192s_ref_crypto_sign_signature -Wl,--wrap=samsungsds_aimer_192s_ref_crypto_sign -Wl,--wrap=samsungsds_aimer_192s_ref_crypto_sign_verify -Wl,--wrap=samsungsds_aimer_192s_ref_crypto_sign_open build/full/192s/ref/benchmark/benchmark.c.o build/full/192s/ref/benchmark/sign_low_memory.c.o build/full/192s/ref/benchmark/verify_batch.c.o build/full/192s/ref/benchmark/field_batch.c.o build/full/192s/ref/benchmark/mpc_batch.c.o build/full/192s/ref/benchmark/aim3.c.o build/full/192s/ref/benchmark/hash.c.o build/full/192s/ref/benchmark/sign.c.o build/full/192s/ref/benchmark/tree.c.o build/full/192s/ref/benchmark/field_common.c.o build/full/192s/ref/benchmark/field192.c.o build/full/192s/ref/benchmark/aes.c.o build/full/192s/ref/benchmark/fips202.c.o build/full/192s/ref/benchmark/rng.c.o build/full/192s/ref/benchmark/platform.c.o build/full/192s/ref/benchmark/system_stm32n6xx_fsbl.c.o build/full/192s/ref/benchmark/stm32n6xx_hal.c.o build/full/192s/ref/benchmark/stm32n6xx_hal_cortex.c.o build/full/192s/ref/benchmark/stm32n6xx_hal_pwr.c.o build/full/192s/ref/benchmark/stm32n6xx_hal_pwr_ex.c.o build/full/192s/ref/benchmark/stm32n6xx_hal_rcc.c.o build/full/192s/ref/benchmark/stm32n6xx_hal_rcc_ex.c.o build/full/192s/ref/benchmark/startup_stm32n657x0hxq_fsbl.s.o -lc -lm -o build/full/192s/ref/benchmark/aimer-m55-192s-ref-benchmark.elf
/Users/seungwon/test/.tools/xpack-arm-none-eabi-gcc-15.2.1-1.1/bin/../lib/gcc/arm-none-eabi/15.2.1/../../../../arm-none-eabi/bin/ld: /Users/seungwon/test/.tools/xpack-arm-none-eabi-gcc-15.2.1-1.1/bin/../lib/gcc/arm-none-eabi/15.2.1/../../../../arm-none-eabi/lib/thumb/v8-m.main+dp/hard/libc.a(libc_a-closer.o): in function `_close_r':
(.text._close_r+0xc): warning: _close is not implemented and will always fail
/Users/seungwon/test/.tools/xpack-arm-none-eabi-gcc-15.2.1-1.1/bin/../lib/gcc/arm-none-eabi/15.2.1/../../../../arm-none-eabi/bin/ld: /Users/seungwon/test/.tools/xpack-arm-none-eabi-gcc-15.2.1-1.1/bin/../lib/gcc/arm-none-eabi/15.2.1/../../../../arm-none-eabi/lib/thumb/v8-m.main+dp/hard/libc.a(libc_a-closer.o): note: the message above does not take linker garbage collection into account
/Users/seungwon/test/.tools/xpack-arm-none-eabi-gcc-15.2.1-1.1/bin/../lib/gcc/arm-none-eabi/15.2.1/../../../../arm-none-eabi/bin/ld: /Users/seungwon/test/.tools/xpack-arm-none-eabi-gcc-15.2.1-1.1/bin/../lib/gcc/arm-none-eabi/15.2.1/../../../../arm-none-eabi/lib/thumb/v8-m.main+dp/hard/libc.a(libc_a-fstatr.o): in function `_fstat_r':
(.text._fstat_r+0xe): warning: _fstat is not implemented and will always fail
/Users/seungwon/test/.tools/xpack-arm-none-eabi-gcc-15.2.1-1.1/bin/../lib/gcc/arm-none-eabi/15.2.1/../../../../arm-none-eabi/bin/ld: /Users/seungwon/test/.tools/xpack-arm-none-eabi-gcc-15.2.1-1.1/bin/../lib/gcc/arm-none-eabi/15.2.1/../../../../arm-none-eabi/lib/thumb/v8-m.main+dp/hard/libc.a(libc_a-fstatr.o): note: the message above does not take linker garbage collection into account
/Users/seungwon/test/.tools/xpack-arm-none-eabi-gcc-15.2.1-1.1/bin/../lib/gcc/arm-none-eabi/15.2.1/../../../../arm-none-eabi/bin/ld: /Users/seungwon/test/.tools/xpack-arm-none-eabi-gcc-15.2.1-1.1/bin/../lib/gcc/arm-none-eabi/15.2.1/../../../../arm-none-eabi/lib/thumb/v8-m.main+dp/hard/libc.a(libc_a-signalr.o): in function `_getpid_r':
(.text._getpid_r+0x0): warning: _getpid is not implemented and will always fail
/Users/seungwon/test/.tools/xpack-arm-none-eabi-gcc-15.2.1-1.1/bin/../lib/gcc/arm-none-eabi/15.2.1/../../../../arm-none-eabi/bin/ld: /Users/seungwon/test/.tools/xpack-arm-none-eabi-gcc-15.2.1-1.1/bin/../lib/gcc/arm-none-eabi/15.2.1/../../../../arm-none-eabi/lib/thumb/v8-m.main+dp/hard/libc.a(libc_a-signalr.o): note: the message above does not take linker garbage collection into account
/Users/seungwon/test/.tools/xpack-arm-none-eabi-gcc-15.2.1-1.1/bin/../lib/gcc/arm-none-eabi/15.2.1/../../../../arm-none-eabi/bin/ld: /Users/seungwon/test/.tools/xpack-arm-none-eabi-gcc-15.2.1-1.1/bin/../lib/gcc/arm-none-eabi/15.2.1/../../../../arm-none-eabi/lib/thumb/v8-m.main+dp/hard/libc.a(libc_a-isattyr.o): in function `_isatty_r':
(.text._isatty_r+0xc): warning: _isatty is not implemented and will always fail
/Users/seungwon/test/.tools/xpack-arm-none-eabi-gcc-15.2.1-1.1/bin/../lib/gcc/arm-none-eabi/15.2.1/../../../../arm-none-eabi/bin/ld: /Users/seungwon/test/.tools/xpack-arm-none-eabi-gcc-15.2.1-1.1/bin/../lib/gcc/arm-none-eabi/15.2.1/../../../../arm-none-eabi/lib/thumb/v8-m.main+dp/hard/libc.a(libc_a-isattyr.o): note: the message above does not take linker garbage collection into account
/Users/seungwon/test/.tools/xpack-arm-none-eabi-gcc-15.2.1-1.1/bin/../lib/gcc/arm-none-eabi/15.2.1/../../../../arm-none-eabi/bin/ld: /Users/seungwon/test/.tools/xpack-arm-none-eabi-gcc-15.2.1-1.1/bin/../lib/gcc/arm-none-eabi/15.2.1/../../../../arm-none-eabi/lib/thumb/v8-m.main+dp/hard/libc.a(libc_a-signalr.o): in function `_kill_r':
(.text._kill_r+0xe): warning: _kill is not implemented and will always fail
/Users/seungwon/test/.tools/xpack-arm-none-eabi-gcc-15.2.1-1.1/bin/../lib/gcc/arm-none-eabi/15.2.1/../../../../arm-none-eabi/bin/ld: /Users/seungwon/test/.tools/xpack-arm-none-eabi-gcc-15.2.1-1.1/bin/../lib/gcc/arm-none-eabi/15.2.1/../../../../arm-none-eabi/lib/thumb/v8-m.main+dp/hard/libc.a(libc_a-signalr.o): note: the message above does not take linker garbage collection into account
/Users/seungwon/test/.tools/xpack-arm-none-eabi-gcc-15.2.1-1.1/bin/../lib/gcc/arm-none-eabi/15.2.1/../../../../arm-none-eabi/bin/ld: /Users/seungwon/test/.tools/xpack-arm-none-eabi-gcc-15.2.1-1.1/bin/../lib/gcc/arm-none-eabi/15.2.1/../../../../arm-none-eabi/lib/thumb/v8-m.main+dp/hard/libc.a(libc_a-lseekr.o): in function `_lseek_r':
(.text._lseek_r+0x10): warning: _lseek is not implemented and will always fail
/Users/seungwon/test/.tools/xpack-arm-none-eabi-gcc-15.2.1-1.1/bin/../lib/gcc/arm-none-eabi/15.2.1/../../../../arm-none-eabi/bin/ld: /Users/seungwon/test/.tools/xpack-arm-none-eabi-gcc-15.2.1-1.1/bin/../lib/gcc/arm-none-eabi/15.2.1/../../../../arm-none-eabi/lib/thumb/v8-m.main+dp/hard/libc.a(libc_a-lseekr.o): note: the message above does not take linker garbage collection into account
Memory region         Used Size  Region Size  %age Used
             ROM:       78064 B       255 KB     29.90%
         BOOTRAM:        256 KB       256 KB    100.00%
         HEAPRAM:          4 KB      1792 KB      0.22%
/Users/seungwon/test/.tools/xpack-arm-none-eabi-gcc-15.2.1-1.1/bin/arm-none-eabi-size build/full/192s/ref/benchmark/aimer-m55-192s-ref-benchmark.elf
   text	   data	    bss	    dec	    hex	filename
  75840	   2192	 146608	 224640	  36d80	build/full/192s/ref/benchmark/aimer-m55-192s-ref-benchmark.elf
/Users/Shared/cortexctl run m55 -- /Users/seungwon/test/.tools/xpack-openocd-0.12.0-7/bin/openocd \
		-s /Users/seungwon/test/.tools/xpack-openocd-0.12.0-7/openocd/scripts -s /Users/seungwon/test/.tools/openocd-scripts \
		-f platform/nucleo-n657x0-q/openocd.cfg \
		-c init -c 'reset halt' \
		-c 'load_image /Users/seungwon/AIMer3_on_AVX512/m55/build/full/192s/ref/benchmark/aimer-m55-192s-ref-benchmark.elf' \
		-c 'verify_image /Users/seungwon/AIMer3_on_AVX512/m55/build/full/192s/ref/benchmark/aimer-m55-192s-ref-benchmark.elf' \
		-c 'set vector_msp [mrw 0x34180400]' \
		-c 'set vector_reset [mrw 0x34180404]' \
		-c 'arm semihosting enable' \
		-c 'arm semihosting_resexit enable' \
		-c 'reg msp $vector_msp' -c 'resume $vector_reset'
xPack Open On-Chip Debugger 0.12.0+dev-02228-ge5888bda3-dirty (2025-10-04-22:45)
Licensed under GNU GPL v2
For bug reports, read
	http://openocd.org/doc/doxygen/bugs.html
adapter speed: 1000 kHz
Info : STLINK V3J15M6 (API v3) VID:PID 0483:3754
Info : Target voltage: 3.283034
Info : clock speed 1000 kHz
Info : SWD DPIDR 0x6ba02477
Info : [stm32n6x.ap0] Examination succeed
Info : [stm32n6x.cpu] Cortex-M55 r1p1 processor detected
Info : [stm32n6x.cpu] target has 8 breakpoints, 8 watchpoints
stm32n6x.cpu in Secure state
Info : [stm32n6x.cpu] Examination succeed
Info : [stm32n6x.ap0] gdb port disabled
Info : [stm32n6x.cpu] starting gdb server on 3333
Info : Listening on port 3333 for gdb connections
[stm32n6x.cpu] halted due to debug-request, current mode: Thread 
xPSR: 0x81000000 pc: 0x18003a1a msp: 0x341037a0
76896 bytes written at address 0x34180000
2192 bytes written at address 0x34192c60
downloaded 79088 bytes in 0.580925s (132.951 KiB/s)
verified 79088 bytes in 0.632261s (122.156 KiB/s)
0x34200000
0x3418ab9d
semihosting is enabled
semihosting resumable exit is enabled
msp (/32): 0x34200000
Info : Listening on port 6666 for tcl connections
Info : Listening on port 4444 for telnet connections
AIMer v3 on NUCLEO-N657X0-Q
Cortex-M55 @ 600000000 Hz, MVE=2, I/D-cache=on
BENCH_CONFIG,param=192s,config=ref,backend=ref,matvec=reference,cpu_hz=600000000,long_timer_hz=600000000,kernel_samples=31,e2e_samples=50,kernel_inner=64,warmup=10
BENCH_TIMER_CHECK,param=192s,config=ref,backend=ref,matvec=reference,pmu_cycles=610645,timer_cycles=610987,error_ppm=560
BENCH_SAMPLE,param=192s,config=ref,backend=ref,matvec=reference,operation=gf_mul,clock=pmu,sample=0,inner=64,items=1,raw_cycles=604031
BENCH_SAMPLE,param=192s,config=ref,backend=ref,matvec=reference,operation=gf_mul,clock=pmu,sample=1,inner=64,items=1,raw_cycles=603971
BENCH_SAMPLE,param=192s,config=ref,backend=ref,matvec=reference,operation=gf_mul,clock=pmu,sample=2,inner=64,items=1,raw_cycles=603971
BENCH_SAMPLE,param=192s,config=ref,backend=ref,matvec=reference,operation=gf_mul,clock=pmu,sample=3,inner=64,items=1,raw_cycles=603974
BENCH_SAMPLE,param=192s,config=ref,backend=ref,matvec=reference,operation=gf_mul,clock=pmu,sample=4,inner=64,items=1,raw_cycles=603971
BENCH_SAMPLE,param=192s,config=ref,backend=ref,matvec=reference,operation=gf_mul,clock=pmu,sample=5,inner=64,items=1,raw_cycles=603971
BENCH_SAMPLE,param=192s,config=ref,backend=ref,matvec=reference,operation=gf_mul,clock=pmu,sample=6,inner=64,items=1,raw_cycles=603972
BENCH_SAMPLE,param=192s,config=ref,backend=ref,matvec=reference,operation=gf_mul,clock=pmu,sample=7,inner=64,items=1,raw_cycles=603978
BENCH_SAMPLE,param=192s,config=ref,backend=ref,matvec=reference,operation=gf_mul,clock=pmu,sample=8,inner=64,items=1,raw_cycles=603974
BENCH_SAMPLE,param=192s,config=ref,backend=ref,matvec=reference,operation=gf_mul,clock=pmu,sample=9,inner=64,items=1,raw_cycles=603978
BENCH_SAMPLE,param=192s,config=ref,backend=ref,matvec=reference,operation=gf_mul,clock=pmu,sample=10,inner=64,items=1,raw_cycles=603974
BENCH_SAMPLE,param=192s,config=ref,backend=ref,matvec=reference,operation=gf_mul,clock=pmu,sample=11,inner=64,items=1,raw_cycles=603971
BENCH_SAMPLE,param=192s,config=ref,backend=ref,matvec=reference,operation=gf_mul,clock=pmu,sample=12,inner=64,items=1,raw_cycles=603971
BENCH_SAMPLE,param=192s,config=ref,backend=ref,matvec=reference,operation=gf_mul,clock=pmu,sample=13,inner=64,items=1,raw_cycles=603971
BENCH_SAMPLE,param=192s,config=ref,backend=ref,matvec=reference,operation=gf_mul,clock=pmu,sample=14,inner=64,items=1,raw_cycles=603970
BENCH_SAMPLE,param=192s,config=ref,backend=ref,matvec=reference,operation=gf_mul,clock=pmu,sample=15,inner=64,items=1,raw_cycles=603972
BENCH_SAMPLE,param=192s,config=ref,backend=ref,matvec=reference,operation=gf_mul,clock=pmu,sample=16,inner=64,items=1,raw_cycles=603980
BENCH_SAMPLE,param=192s,config=ref,backend=ref,matvec=reference,operation=gf_mul,clock=pmu,sample=17,inner=64,items=1,raw_cycles=603971
BENCH_SAMPLE,param=192s,config=ref,backend=ref,matvec=reference,operation=gf_mul,clock=pmu,sample=18,inner=64,items=1,raw_cycles=603971
BENCH_SAMPLE,param=192s,config=ref,backend=ref,matvec=reference,operation=gf_mul,clock=pmu,sample=19,inner=64,items=1,raw_cycles=603974
BENCH_SAMPLE,param=192s,config=ref,backend=ref,matvec=reference,operation=gf_mul,clock=pmu,sample=20,inner=64,items=1,raw_cycles=603971
BENCH_SAMPLE,param=192s,config=ref,backend=ref,matvec=reference,operation=gf_mul,clock=pmu,sample=21,inner=64,items=1,raw_cycles=603971
BENCH_SAMPLE,param=192s,config=ref,backend=ref,matvec=reference,operation=gf_mul,clock=pmu,sample=22,inner=64,items=1,raw_cycles=603971
BENCH_SAMPLE,param=192s,config=ref,backend=ref,matvec=reference,operation=gf_mul,clock=pmu,sample=23,inner=64,items=1,raw_cycles=603970
BENCH_SAMPLE,param=192s,config=ref,backend=ref,matvec=reference,operation=gf_mul,clock=pmu,sample=24,inner=64,items=1,raw_cycles=603972
BENCH_SAMPLE,param=192s,config=ref,backend=ref,matvec=reference,operation=gf_mul,clock=pmu,sample=25,inner=64,items=1,raw_cycles=603980
BENCH_SAMPLE,param=192s,config=ref,backend=ref,matvec=reference,operation=gf_mul,clock=pmu,sample=26,inner=64,items=1,raw_cycles=604147
BENCH_SAMPLE,param=192s,config=ref,backend=ref,matvec=reference,operation=gf_mul,clock=pmu,sample=27,inner=64,items=1,raw_cycles=603970
BENCH_SAMPLE,param=192s,config=ref,backend=ref,matvec=reference,operation=gf_mul,clock=pmu,sample=28,inner=64,items=1,raw_cycles=603978
BENCH_SAMPLE,param=192s,config=ref,backend=ref,matvec=reference,operation=gf_mul,clock=pmu,sample=29,inner=64,items=1,raw_cycles=603974
BENCH_SAMPLE,param=192s,config=ref,backend=ref,matvec=reference,operation=gf_mul,clock=pmu,sample=30,inner=64,items=1,raw_cycles=603971
BENCH_RESULT,param=192s,config=ref,backend=ref,matvec=reference,operation=gf_mul,clock=pmu,samples=31,inner=64,items=1,min=9437.03,median=9437.05,mean=9437.19,stddev=0.50,max=9439.80,cycles_per_item_mean=9437.19
BENCH_SAMPLE,param=192s,config=ref,backend=ref,matvec=reference,operation=gf_sqr,clock=pmu,sample=0,inner=64,items=1,raw_cycles=24613
BENCH_SAMPLE,param=192s,config=ref,backend=ref,matvec=reference,operation=gf_sqr,clock=pmu,sample=1,inner=64,items=1,raw_cycles=23462
BENCH_SAMPLE,param=192s,config=ref,backend=ref,matvec=reference,operation=gf_sqr,clock=pmu,sample=2,inner=64,items=1,raw_cycles=23429
BENCH_SAMPLE,param=192s,config=ref,backend=ref,matvec=reference,operation=gf_sqr,clock=pmu,sample=3,inner=64,items=1,raw_cycles=23428
BENCH_SAMPLE,param=192s,config=ref,backend=ref,matvec=reference,operation=gf_sqr,clock=pmu,sample=4,inner=64,items=1,raw_cycles=23429
BENCH_SAMPLE,param=192s,config=ref,backend=ref,matvec=reference,operation=gf_sqr,clock=pmu,sample=5,inner=64,items=1,raw_cycles=23430
BENCH_SAMPLE,param=192s,config=ref,backend=ref,matvec=reference,operation=gf_sqr,clock=pmu,sample=6,inner=64,items=1,raw_cycles=23431
BENCH_SAMPLE,param=192s,config=ref,backend=ref,matvec=reference,operation=gf_sqr,clock=pmu,sample=7,inner=64,items=1,raw_cycles=23429
BENCH_SAMPLE,param=192s,config=ref,backend=ref,matvec=reference,operation=gf_sqr,clock=pmu,sample=8,inner=64,items=1,raw_cycles=23428
BENCH_SAMPLE,param=192s,config=ref,backend=ref,matvec=reference,operation=gf_sqr,clock=pmu,sample=9,inner=64,items=1,raw_cycles=23430
BENCH_SAMPLE,param=192s,config=ref,backend=ref,matvec=reference,operation=gf_sqr,clock=pmu,sample=10,inner=64,items=1,raw_cycles=23429
BENCH_SAMPLE,param=192s,config=ref,backend=ref,matvec=reference,operation=gf_sqr,clock=pmu,sample=11,inner=64,items=1,raw_cycles=23429
BENCH_SAMPLE,param=192s,config=ref,backend=ref,matvec=reference,operation=gf_sqr,clock=pmu,sample=12,inner=64,items=1,raw_cycles=23430
BENCH_SAMPLE,param=192s,config=ref,backend=ref,matvec=reference,operation=gf_sqr,clock=pmu,sample=13,inner=64,items=1,raw_cycles=23430
BENCH_SAMPLE,param=192s,config=ref,backend=ref,matvec=reference,operation=gf_sqr,clock=pmu,sample=14,inner=64,items=1,raw_cycles=23429
BENCH_SAMPLE,param=192s,config=ref,backend=ref,matvec=reference,operation=gf_sqr,clock=pmu,sample=15,inner=64,items=1,raw_cycles=23431
BENCH_SAMPLE,param=192s,config=ref,backend=ref,matvec=reference,operation=gf_sqr,clock=pmu,sample=16,inner=64,items=1,raw_cycles=23428
BENCH_SAMPLE,param=192s,config=ref,backend=ref,matvec=reference,operation=gf_sqr,clock=pmu,sample=17,inner=64,items=1,raw_cycles=23430
BENCH_SAMPLE,param=192s,config=ref,backend=ref,matvec=reference,operation=gf_sqr,clock=pmu,sample=18,inner=64,items=1,raw_cycles=23431
BENCH_SAMPLE,param=192s,config=ref,backend=ref,matvec=reference,operation=gf_sqr,clock=pmu,sample=19,inner=64,items=1,raw_cycles=23429
BENCH_SAMPLE,param=192s,config=ref,backend=ref,matvec=reference,operation=gf_sqr,clock=pmu,sample=20,inner=64,items=1,raw_cycles=23428
BENCH_SAMPLE,param=192s,config=ref,backend=ref,matvec=reference,operation=gf_sqr,clock=pmu,sample=21,inner=64,items=1,raw_cycles=23430
BENCH_SAMPLE,param=192s,config=ref,backend=ref,matvec=reference,operation=gf_sqr,clock=pmu,sample=22,inner=64,items=1,raw_cycles=23429
BENCH_SAMPLE,param=192s,config=ref,backend=ref,matvec=reference,operation=gf_sqr,clock=pmu,sample=23,inner=64,items=1,raw_cycles=23429
BENCH_SAMPLE,param=192s,config=ref,backend=ref,matvec=reference,operation=gf_sqr,clock=pmu,sample=24,inner=64,items=1,raw_cycles=23430
BENCH_SAMPLE,param=192s,config=ref,backend=ref,matvec=reference,operation=gf_sqr,clock=pmu,sample=25,inner=64,items=1,raw_cycles=23429
BENCH_SAMPLE,param=192s,config=ref,backend=ref,matvec=reference,operation=gf_sqr,clock=pmu,sample=26,inner=64,items=1,raw_cycles=23430
BENCH_SAMPLE,param=192s,config=ref,backend=ref,matvec=reference,operation=gf_sqr,clock=pmu,sample=27,inner=64,items=1,raw_cycles=23431
BENCH_SAMPLE,param=192s,config=ref,backend=ref,matvec=reference,operation=gf_sqr,clock=pmu,sample=28,inner=64,items=1,raw_cycles=23429
BENCH_SAMPLE,param=192s,config=ref,backend=ref,matvec=reference,operation=gf_sqr,clock=pmu,sample=29,inner=64,items=1,raw_cycles=23428
BENCH_SAMPLE,param=192s,config=ref,backend=ref,matvec=reference,operation=gf_sqr,clock=pmu,sample=30,inner=64,items=1,raw_cycles=23430
BENCH_RESULT,param=192s,config=ref,backend=ref,matvec=reference,operation=gf_sqr,clock=pmu,samples=31,inner=64,items=1,min=366.06,median=366.08,mean=366.70,stddev=3.27,max=384.58,cycles_per_item_mean=366.70
BENCH_SAMPLE,param=192s,config=ref,backend=ref,matvec=reference,operation=gf_sqr_batch4,clock=pmu,sample=0,inner=64,items=4,raw_cycles=98910
BENCH_SAMPLE,param=192s,config=ref,backend=ref,matvec=reference,operation=gf_sqr_batch4,clock=pmu,sample=1,inner=64,items=4,raw_cycles=98693
BENCH_SAMPLE,param=192s,config=ref,backend=ref,matvec=reference,operation=gf_sqr_batch4,clock=pmu,sample=2,inner=64,items=4,raw_cycles=98693
BENCH_SAMPLE,param=192s,config=ref,backend=ref,matvec=reference,operation=gf_sqr_batch4,clock=pmu,sample=3,inner=64,items=4,raw_cycles=98693
BENCH_SAMPLE,param=192s,config=ref,backend=ref,matvec=reference,operation=gf_sqr_batch4,clock=pmu,sample=4,inner=64,items=4,raw_cycles=98693
BENCH_SAMPLE,param=192s,config=ref,backend=ref,matvec=reference,operation=gf_sqr_batch4,clock=pmu,sample=5,inner=64,items=4,raw_cycles=98693
BENCH_SAMPLE,param=192s,config=ref,backend=ref,matvec=reference,operation=gf_sqr_batch4,clock=pmu,sample=6,inner=64,items=4,raw_cycles=98693
BENCH_SAMPLE,param=192s,config=ref,backend=ref,matvec=reference,operation=gf_sqr_batch4,clock=pmu,sample=7,inner=64,items=4,raw_cycles=98693
BENCH_SAMPLE,param=192s,config=ref,backend=ref,matvec=reference,operation=gf_sqr_batch4,clock=pmu,sample=8,inner=64,items=4,raw_cycles=98693
BENCH_SAMPLE,param=192s,config=ref,backend=ref,matvec=reference,operation=gf_sqr_batch4,clock=pmu,sample=9,inner=64,items=4,raw_cycles=98693
BENCH_SAMPLE,param=192s,config=ref,backend=ref,matvec=reference,operation=gf_sqr_batch4,clock=pmu,sample=10,inner=64,items=4,raw_cycles=98693
BENCH_SAMPLE,param=192s,config=ref,backend=ref,matvec=reference,operation=gf_sqr_batch4,clock=pmu,sample=11,inner=64,items=4,raw_cycles=98693
BENCH_SAMPLE,param=192s,config=ref,backend=ref,matvec=reference,operation=gf_sqr_batch4,clock=pmu,sample=12,inner=64,items=4,raw_cycles=98693
BENCH_SAMPLE,param=192s,config=ref,backend=ref,matvec=reference,operation=gf_sqr_batch4,clock=pmu,sample=13,inner=64,items=4,raw_cycles=98693
BENCH_SAMPLE,param=192s,config=ref,backend=ref,matvec=reference,operation=gf_sqr_batch4,clock=pmu,sample=14,inner=64,items=4,raw_cycles=98693
BENCH_SAMPLE,param=192s,config=ref,backend=ref,matvec=reference,operation=gf_sqr_batch4,clock=pmu,sample=15,inner=64,items=4,raw_cycles=98693
BENCH_SAMPLE,param=192s,config=ref,backend=ref,matvec=reference,operation=gf_sqr_batch4,clock=pmu,sample=16,inner=64,items=4,raw_cycles=98693
BENCH_SAMPLE,param=192s,config=ref,backend=ref,matvec=reference,operation=gf_sqr_batch4,clock=pmu,sample=17,inner=64,items=4,raw_cycles=98693
BENCH_SAMPLE,param=192s,config=ref,backend=ref,matvec=reference,operation=gf_sqr_batch4,clock=pmu,sample=18,inner=64,items=4,raw_cycles=98693
BENCH_SAMPLE,param=192s,config=ref,backend=ref,matvec=reference,operation=gf_sqr_batch4,clock=pmu,sample=19,inner=64,items=4,raw_cycles=98693
BENCH_SAMPLE,param=192s,config=ref,backend=ref,matvec=reference,operation=gf_sqr_batch4,clock=pmu,sample=20,inner=64,items=4,raw_cycles=98693
BENCH_SAMPLE,param=192s,config=ref,backend=ref,matvec=reference,operation=gf_sqr_batch4,clock=pmu,sample=21,inner=64,items=4,raw_cycles=98693
BENCH_SAMPLE,param=192s,config=ref,backend=ref,matvec=reference,operation=gf_sqr_batch4,clock=pmu,sample=22,inner=64,items=4,raw_cycles=98693
BENCH_SAMPLE,param=192s,config=ref,backend=ref,matvec=reference,operation=gf_sqr_batch4,clock=pmu,sample=23,inner=64,items=4,raw_cycles=98693
BENCH_SAMPLE,param=192s,config=ref,backend=ref,matvec=reference,operation=gf_sqr_batch4,clock=pmu,sample=24,inner=64,items=4,raw_cycles=98693
BENCH_SAMPLE,param=192s,config=ref,backend=ref,matvec=reference,operation=gf_sqr_batch4,clock=pmu,sample=25,inner=64,items=4,raw_cycles=98693
BENCH_SAMPLE,param=192s,config=ref,backend=ref,matvec=reference,operation=gf_sqr_batch4,clock=pmu,sample=26,inner=64,items=4,raw_cycles=98693
BENCH_SAMPLE,param=192s,config=ref,backend=ref,matvec=reference,operation=gf_sqr_batch4,clock=pmu,sample=27,inner=64,items=4,raw_cycles=98693
BENCH_SAMPLE,param=192s,config=ref,backend=ref,matvec=reference,operation=gf_sqr_batch4,clock=pmu,sample=28,inner=64,items=4,raw_cycles=98693
BENCH_SAMPLE,param=192s,config=ref,backend=ref,matvec=reference,operation=gf_sqr_batch4,clock=pmu,sample=29,inner=64,items=4,raw_cycles=98693
BENCH_SAMPLE,param=192s,config=ref,backend=ref,matvec=reference,operation=gf_sqr_batch4,clock=pmu,sample=30,inner=64,items=4,raw_cycles=98693
BENCH_RESULT,param=192s,config=ref,backend=ref,matvec=reference,operation=gf_sqr_batch4,clock=pmu,samples=31,inner=64,items=4,min=1542.08,median=1542.08,mean=1542.19,stddev=0.60,max=1545.47,cycles_per_item_mean=385.55
BENCH_SAMPLE,param=192s,config=ref,backend=ref,matvec=reference,operation=gf_mul_const_batch4,clock=pmu,sample=0,inner=64,items=4,raw_cycles=2423075
BENCH_SAMPLE,param=192s,config=ref,backend=ref,matvec=reference,operation=gf_mul_const_batch4,clock=pmu,sample=1,inner=64,items=4,raw_cycles=2422494
BENCH_SAMPLE,param=192s,config=ref,backend=ref,matvec=reference,operation=gf_mul_const_batch4,clock=pmu,sample=2,inner=64,items=4,raw_cycles=2422478
BENCH_SAMPLE,param=192s,config=ref,backend=ref,matvec=reference,operation=gf_mul_const_batch4,clock=pmu,sample=3,inner=64,items=4,raw_cycles=2422638
BENCH_SAMPLE,param=192s,config=ref,backend=ref,matvec=reference,operation=gf_mul_const_batch4,clock=pmu,sample=4,inner=64,items=4,raw_cycles=2422475
BENCH_SAMPLE,param=192s,config=ref,backend=ref,matvec=reference,operation=gf_mul_const_batch4,clock=pmu,sample=5,inner=64,items=4,raw_cycles=2422489
BENCH_SAMPLE,param=192s,config=ref,backend=ref,matvec=reference,operation=gf_mul_const_batch4,clock=pmu,sample=6,inner=64,items=4,raw_cycles=2422490
BENCH_SAMPLE,param=192s,config=ref,backend=ref,matvec=reference,operation=gf_mul_const_batch4,clock=pmu,sample=7,inner=64,items=4,raw_cycles=2422491
BENCH_SAMPLE,param=192s,config=ref,backend=ref,matvec=reference,operation=gf_mul_const_batch4,clock=pmu,sample=8,inner=64,items=4,raw_cycles=2422506
BENCH_SAMPLE,param=192s,config=ref,backend=ref,matvec=reference,operation=gf_mul_const_batch4,clock=pmu,sample=9,inner=64,items=4,raw_cycles=2422498
BENCH_SAMPLE,param=192s,config=ref,backend=ref,matvec=reference,operation=gf_mul_const_batch4,clock=pmu,sample=10,inner=64,items=4,raw_cycles=2422509
BENCH_SAMPLE,param=192s,config=ref,backend=ref,matvec=reference,operation=gf_mul_const_batch4,clock=pmu,sample=11,inner=64,items=4,raw_cycles=2422495
BENCH_SAMPLE,param=192s,config=ref,backend=ref,matvec=reference,operation=gf_mul_const_batch4,clock=pmu,sample=12,inner=64,items=4,raw_cycles=2422492
BENCH_SAMPLE,param=192s,config=ref,backend=ref,matvec=reference,operation=gf_mul_const_batch4,clock=pmu,sample=13,inner=64,items=4,raw_cycles=2422506
BENCH_SAMPLE,param=192s,config=ref,backend=ref,matvec=reference,operation=gf_mul_const_batch4,clock=pmu,sample=14,inner=64,items=4,raw_cycles=2422498
BENCH_SAMPLE,param=192s,config=ref,backend=ref,matvec=reference,operation=gf_mul_const_batch4,clock=pmu,sample=15,inner=64,items=4,raw_cycles=2422475
BENCH_SAMPLE,param=192s,config=ref,backend=ref,matvec=reference,operation=gf_mul_const_batch4,clock=pmu,sample=16,inner=64,items=4,raw_cycles=2422489
BENCH_SAMPLE,param=192s,config=ref,backend=ref,matvec=reference,operation=gf_mul_const_batch4,clock=pmu,sample=17,inner=64,items=4,raw_cycles=2422532
BENCH_SAMPLE,param=192s,config=ref,backend=ref,matvec=reference,operation=gf_mul_const_batch4,clock=pmu,sample=18,inner=64,items=4,raw_cycles=2422506
BENCH_SAMPLE,param=192s,config=ref,backend=ref,matvec=reference,operation=gf_mul_const_batch4,clock=pmu,sample=19,inner=64,items=4,raw_cycles=2422498
BENCH_SAMPLE,param=192s,config=ref,backend=ref,matvec=reference,operation=gf_mul_const_batch4,clock=pmu,sample=20,inner=64,items=4,raw_cycles=2422475
BENCH_SAMPLE,param=192s,config=ref,backend=ref,matvec=reference,operation=gf_mul_const_batch4,clock=pmu,sample=21,inner=64,items=4,raw_cycles=2422489
BENCH_SAMPLE,param=192s,config=ref,backend=ref,matvec=reference,operation=gf_mul_const_batch4,clock=pmu,sample=22,inner=64,items=4,raw_cycles=2422489
BENCH_SAMPLE,param=192s,config=ref,backend=ref,matvec=reference,operation=gf_mul_const_batch4,clock=pmu,sample=23,inner=64,items=4,raw_cycles=2422492
BENCH_SAMPLE,param=192s,config=ref,backend=ref,matvec=reference,operation=gf_mul_const_batch4,clock=pmu,sample=24,inner=64,items=4,raw_cycles=2422536
BENCH_SAMPLE,param=192s,config=ref,backend=ref,matvec=reference,operation=gf_mul_const_batch4,clock=pmu,sample=25,inner=64,items=4,raw_cycles=2422490
BENCH_SAMPLE,param=192s,config=ref,backend=ref,matvec=reference,operation=gf_mul_const_batch4,clock=pmu,sample=26,inner=64,items=4,raw_cycles=2422506
BENCH_SAMPLE,param=192s,config=ref,backend=ref,matvec=reference,operation=gf_mul_const_batch4,clock=pmu,sample=27,inner=64,items=4,raw_cycles=2422498
BENCH_SAMPLE,param=192s,config=ref,backend=ref,matvec=reference,operation=gf_mul_const_batch4,clock=pmu,sample=28,inner=64,items=4,raw_cycles=2422475
BENCH_SAMPLE,param=192s,config=ref,backend=ref,matvec=reference,operation=gf_mul_const_batch4,clock=pmu,sample=29,inner=64,items=4,raw_cycles=2422489
BENCH_SAMPLE,param=192s,config=ref,backend=ref,matvec=reference,operation=gf_mul_const_batch4,clock=pmu,sample=30,inner=64,items=4,raw_cycles=2422489
BENCH_RESULT,param=192s,config=ref,backend=ref,matvec=reference,operation=gf_mul_const_batch4,clock=pmu,samples=31,inner=64,items=4,min=37851.17,median=37851.44,mean=37851.85,stddev=1.65,max=37860.55,cycles_per_item_mean=9462.96
BENCH_SAMPLE,param=192s,config=ref,backend=ref,matvec=reference,operation=keypair,clock=systick-extended,sample=0,inner=1,items=1,raw_cycles=14738866
BENCH_SAMPLE,param=192s,config=ref,backend=ref,matvec=reference,operation=keypair,clock=systick-extended,sample=1,inner=1,items=1,raw_cycles=14740430
BENCH_SAMPLE,param=192s,config=ref,backend=ref,matvec=reference,operation=keypair,clock=systick-extended,sample=2,inner=1,items=1,raw_cycles=14742013
BENCH_SAMPLE,param=192s,config=ref,backend=ref,matvec=reference,operation=keypair,clock=systick-extended,sample=3,inner=1,items=1,raw_cycles=14741662
BENCH_SAMPLE,param=192s,config=ref,backend=ref,matvec=reference,operation=keypair,clock=systick-extended,sample=4,inner=1,items=1,raw_cycles=14739100
BENCH_SAMPLE,param=192s,config=ref,backend=ref,matvec=reference,operation=keypair,clock=systick-extended,sample=5,inner=1,items=1,raw_cycles=14734916
BENCH_SAMPLE,param=192s,config=ref,backend=ref,matvec=reference,operation=keypair,clock=systick-extended,sample=6,inner=1,items=1,raw_cycles=14740087
BENCH_SAMPLE,param=192s,config=ref,backend=ref,matvec=reference,operation=keypair,clock=systick-extended,sample=7,inner=1,items=1,raw_cycles=14738078
BENCH_SAMPLE,param=192s,config=ref,backend=ref,matvec=reference,operation=keypair,clock=systick-extended,sample=8,inner=1,items=1,raw_cycles=14740061
BENCH_SAMPLE,param=192s,config=ref,backend=ref,matvec=reference,operation=keypair,clock=systick-extended,sample=9,inner=1,items=1,raw_cycles=14740338
BENCH_SAMPLE,param=192s,config=ref,backend=ref,matvec=reference,operation=keypair,clock=systick-extended,sample=10,inner=1,items=1,raw_cycles=14740776
BENCH_SAMPLE,param=192s,config=ref,backend=ref,matvec=reference,operation=keypair,clock=systick-extended,sample=11,inner=1,items=1,raw_cycles=14743943
BENCH_SAMPLE,param=192s,config=ref,backend=ref,matvec=reference,operation=keypair,clock=systick-extended,sample=12,inner=1,items=1,raw_cycles=14737144
BENCH_SAMPLE,param=192s,config=ref,backend=ref,matvec=reference,operation=keypair,clock=systick-extended,sample=13,inner=1,items=1,raw_cycles=14740033
BENCH_SAMPLE,param=192s,config=ref,backend=ref,matvec=reference,operation=keypair,clock=systick-extended,sample=14,inner=1,items=1,raw_cycles=14741932
BENCH_SAMPLE,param=192s,config=ref,backend=ref,matvec=reference,operation=keypair,clock=systick-extended,sample=15,inner=1,items=1,raw_cycles=14740162
BENCH_SAMPLE,param=192s,config=ref,backend=ref,matvec=reference,operation=keypair,clock=systick-extended,sample=16,inner=1,items=1,raw_cycles=14742082
BENCH_SAMPLE,param=192s,config=ref,backend=ref,matvec=reference,operation=keypair,clock=systick-extended,sample=17,inner=1,items=1,raw_cycles=14739076
BENCH_SAMPLE,param=192s,config=ref,backend=ref,matvec=reference,operation=keypair,clock=systick-extended,sample=18,inner=1,items=1,raw_cycles=14741395
BENCH_SAMPLE,param=192s,config=ref,backend=ref,matvec=reference,operation=keypair,clock=systick-extended,sample=19,inner=1,items=1,raw_cycles=14741944
BENCH_SAMPLE,param=192s,config=ref,backend=ref,matvec=reference,operation=keypair,clock=systick-extended,sample=20,inner=1,items=1,raw_cycles=14742065
BENCH_SAMPLE,param=192s,config=ref,backend=ref,matvec=reference,operation=keypair,clock=systick-extended,sample=21,inner=1,items=1,raw_cycles=14743669
BENCH_SAMPLE,param=192s,config=ref,backend=ref,matvec=reference,operation=keypair,clock=systick-extended,sample=22,inner=1,items=1,raw_cycles=14746520
BENCH_SAMPLE,param=192s,config=ref,backend=ref,matvec=reference,operation=keypair,clock=systick-extended,sample=23,inner=1,items=1,raw_cycles=14743105
BENCH_SAMPLE,param=192s,config=ref,backend=ref,matvec=reference,operation=keypair,clock=systick-extended,sample=24,inner=1,items=1,raw_cycles=14740654
BENCH_SAMPLE,param=192s,config=ref,backend=ref,matvec=reference,operation=keypair,clock=systick-extended,sample=25,inner=1,items=1,raw_cycles=14742493
BENCH_SAMPLE,param=192s,config=ref,backend=ref,matvec=reference,operation=keypair,clock=systick-extended,sample=26,inner=1,items=1,raw_cycles=14741614
BENCH_SAMPLE,param=192s,config=ref,backend=ref,matvec=reference,operation=keypair,clock=systick-extended,sample=27,inner=1,items=1,raw_cycles=14741806
BENCH_SAMPLE,param=192s,config=ref,backend=ref,matvec=reference,operation=keypair,clock=systick-extended,sample=28,inner=1,items=1,raw_cycles=14745088
BENCH_SAMPLE,param=192s,config=ref,backend=ref,matvec=reference,operation=keypair,clock=systick-extended,sample=29,inner=1,items=1,raw_cycles=14740266
BENCH_SAMPLE,param=192s,config=ref,backend=ref,matvec=reference,operation=keypair,clock=systick-extended,sample=30,inner=1,items=1,raw_cycles=14743155
BENCH_SAMPLE,param=192s,config=ref,backend=ref,matvec=reference,operation=keypair,clock=systick-extended,sample=31,inner=1,items=1,raw_cycles=14741143
BENCH_SAMPLE,param=192s,config=ref,backend=ref,matvec=reference,operation=keypair,clock=systick-extended,sample=32,inner=1,items=1,raw_cycles=14740765
BENCH_SAMPLE,param=192s,config=ref,backend=ref,matvec=reference,operation=keypair,clock=systick-extended,sample=33,inner=1,items=1,raw_cycles=14740397
BENCH_SAMPLE,param=192s,config=ref,backend=ref,matvec=reference,operation=keypair,clock=systick-extended,sample=34,inner=1,items=1,raw_cycles=14740465
BENCH_SAMPLE,param=192s,config=ref,backend=ref,matvec=reference,operation=keypair,clock=systick-extended,sample=35,inner=1,items=1,raw_cycles=14742850
BENCH_SAMPLE,param=192s,config=ref,backend=ref,matvec=reference,operation=keypair,clock=systick-extended,sample=36,inner=1,items=1,raw_cycles=14739775
BENCH_SAMPLE,param=192s,config=ref,backend=ref,matvec=reference,operation=keypair,clock=systick-extended,sample=37,inner=1,items=1,raw_cycles=14740042
BENCH_SAMPLE,param=192s,config=ref,backend=ref,matvec=reference,operation=keypair,clock=systick-extended,sample=38,inner=1,items=1,raw_cycles=14742153
BENCH_SAMPLE,param=192s,config=ref,backend=ref,matvec=reference,operation=keypair,clock=systick-extended,sample=39,inner=1,items=1,raw_cycles=14740772
BENCH_SAMPLE,param=192s,config=ref,backend=ref,matvec=reference,operation=keypair,clock=systick-extended,sample=40,inner=1,items=1,raw_cycles=14738579
BENCH_SAMPLE,param=192s,config=ref,backend=ref,matvec=reference,operation=keypair,clock=systick-extended,sample=41,inner=1,items=1,raw_cycles=14742505
BENCH_SAMPLE,param=192s,config=ref,backend=ref,matvec=reference,operation=keypair,clock=systick-extended,sample=42,inner=1,items=1,raw_cycles=14743824
BENCH_SAMPLE,param=192s,config=ref,backend=ref,matvec=reference,operation=keypair,clock=systick-extended,sample=43,inner=1,items=1,raw_cycles=14741855
BENCH_SAMPLE,param=192s,config=ref,backend=ref,matvec=reference,operation=keypair,clock=systick-extended,sample=44,inner=1,items=1,raw_cycles=14731771
BENCH_SAMPLE,param=192s,config=ref,backend=ref,matvec=reference,operation=keypair,clock=systick-extended,sample=45,inner=1,items=1,raw_cycles=14739502
BENCH_SAMPLE,param=192s,config=ref,backend=ref,matvec=reference,operation=keypair,clock=systick-extended,sample=46,inner=1,items=1,raw_cycles=14741329
BENCH_SAMPLE,param=192s,config=ref,backend=ref,matvec=reference,operation=keypair,clock=systick-extended,sample=47,inner=1,items=1,raw_cycles=14739263
BENCH_SAMPLE,param=192s,config=ref,backend=ref,matvec=reference,operation=keypair,clock=systick-extended,sample=48,inner=1,items=1,raw_cycles=14741240
BENCH_SAMPLE,param=192s,config=ref,backend=ref,matvec=reference,operation=keypair,clock=systick-extended,sample=49,inner=1,items=1,raw_cycles=14740912
BENCH_RESULT,param=192s,config=ref,backend=ref,matvec=reference,operation=keypair,clock=systick-extended,samples=50,inner=1,items=1,min=14731771.00,median=14740844.00,mean=14740872.30,stddev=2335.25,max=14746520.00,cycles_per_item_mean=14740872.30
BENCH_SAMPLE,param=192s,config=ref,backend=ref,matvec=reference,operation=sign,clock=systick-extended,sample=0,inner=1,items=1,raw_cycles=2504569399
BENCH_SAMPLE,param=192s,config=ref,backend=ref,matvec=reference,operation=sign,clock=systick-extended,sample=1,inner=1,items=1,raw_cycles=2478090922
BENCH_SAMPLE,param=192s,config=ref,backend=ref,matvec=reference,operation=sign,clock=systick-extended,sample=2,inner=1,items=1,raw_cycles=2480408500
BENCH_SAMPLE,param=192s,config=ref,backend=ref,matvec=reference,operation=sign,clock=systick-extended,sample=3,inner=1,items=1,raw_cycles=2489300413
BENCH_SAMPLE,param=192s,config=ref,backend=ref,matvec=reference,operation=sign,clock=systick-extended,sample=4,inner=1,items=1,raw_cycles=2469682193
BENCH_SAMPLE,param=192s,config=ref,backend=ref,matvec=reference,operation=sign,clock=systick-extended,sample=5,inner=1,items=1,raw_cycles=2485274956
BENCH_SAMPLE,param=192s,config=ref,backend=ref,matvec=reference,operation=sign,clock=systick-extended,sample=6,inner=1,items=1,raw_cycles=2500931627
BENCH_SAMPLE,param=192s,config=ref,backend=ref,matvec=reference,operation=sign,clock=systick-extended,sample=7,inner=1,items=1,raw_cycles=2487302041
BENCH_SAMPLE,param=192s,config=ref,backend=ref,matvec=reference,operation=sign,clock=systick-extended,sample=8,inner=1,items=1,raw_cycles=2476422173
BENCH_SAMPLE,param=192s,config=ref,backend=ref,matvec=reference,operation=sign,clock=systick-extended,sample=9,inner=1,items=1,raw_cycles=2499554702
BENCH_SAMPLE,param=192s,config=ref,backend=ref,matvec=reference,operation=sign,clock=systick-extended,sample=10,inner=1,items=1,raw_cycles=2493934168
BENCH_SAMPLE,param=192s,config=ref,backend=ref,matvec=reference,operation=sign,clock=systick-extended,sample=11,inner=1,items=1,raw_cycles=2487067432
BENCH_SAMPLE,param=192s,config=ref,backend=ref,matvec=reference,operation=sign,clock=systick-extended,sample=12,inner=1,items=1,raw_cycles=2476543075
BENCH_SAMPLE,param=192s,config=ref,backend=ref,matvec=reference,operation=sign,clock=systick-extended,sample=13,inner=1,items=1,raw_cycles=2475003732
BENCH_SAMPLE,param=192s,config=ref,backend=ref,matvec=reference,operation=sign,clock=systick-extended,sample=14,inner=1,items=1,raw_cycles=2461989193
BENCH_SAMPLE,param=192s,config=ref,backend=ref,matvec=reference,operation=sign,clock=systick-extended,sample=15,inner=1,items=1,raw_cycles=2495854522
BENCH_SAMPLE,param=192s,config=ref,backend=ref,matvec=reference,operation=sign,clock=systick-extended,sample=16,inner=1,items=1,raw_cycles=2483298341
BENCH_SAMPLE,param=192s,config=ref,backend=ref,matvec=reference,operation=sign,clock=systick-extended,sample=17,inner=1,items=1,raw_cycles=2489379772
BENCH_SAMPLE,param=192s,config=ref,backend=ref,matvec=reference,operation=sign,clock=systick-extended,sample=18,inner=1,items=1,raw_cycles=2468166979
BENCH_SAMPLE,param=192s,config=ref,backend=ref,matvec=reference,operation=sign,clock=systick-extended,sample=19,inner=1,items=1,raw_cycles=2483706733
BENCH_SAMPLE,param=192s,config=ref,backend=ref,matvec=reference,operation=sign,clock=systick-extended,sample=20,inner=1,items=1,raw_cycles=2508348613
BENCH_SAMPLE,param=192s,config=ref,backend=ref,matvec=reference,operation=sign,clock=systick-extended,sample=21,inner=1,items=1,raw_cycles=2500453038
BENCH_SAMPLE,param=192s,config=ref,backend=ref,matvec=reference,operation=sign,clock=systick-extended,sample=22,inner=1,items=1,raw_cycles=2479289228
BENCH_SAMPLE,param=192s,config=ref,backend=ref,matvec=reference,operation=sign,clock=systick-extended,sample=23,inner=1,items=1,raw_cycles=2503775215
BENCH_SAMPLE,param=192s,config=ref,backend=ref,matvec=reference,operation=sign,clock=systick-extended,sample=24,inner=1,items=1,raw_cycles=2489855705
BENCH_SAMPLE,param=192s,config=ref,backend=ref,matvec=reference,operation=sign,clock=systick-extended,sample=25,inner=1,items=1,raw_cycles=2471104786
BENCH_SAMPLE,param=192s,config=ref,backend=ref,matvec=reference,operation=sign,clock=systick-extended,sample=26,inner=1,items=1,raw_cycles=2490736912
BENCH_SAMPLE,param=192s,config=ref,backend=ref,matvec=reference,operation=sign,clock=systick-extended,sample=27,inner=1,items=1,raw_cycles=2488006702
BENCH_SAMPLE,param=192s,config=ref,backend=ref,matvec=reference,operation=sign,clock=systick-extended,sample=28,inner=1,items=1,raw_cycles=2467902154
BENCH_SAMPLE,param=192s,config=ref,backend=ref,matvec=reference,operation=sign,clock=systick-extended,sample=29,inner=1,items=1,raw_cycles=2485280775
BENCH_SAMPLE,param=192s,config=ref,backend=ref,matvec=reference,operation=sign,clock=systick-extended,sample=30,inner=1,items=1,raw_cycles=2461001157
BENCH_SAMPLE,param=192s,config=ref,backend=ref,matvec=reference,operation=sign,clock=systick-extended,sample=31,inner=1,items=1,raw_cycles=2467866444
BENCH_SAMPLE,param=192s,config=ref,backend=ref,matvec=reference,operation=sign,clock=systick-extended,sample=32,inner=1,items=1,raw_cycles=2477193203
BENCH_SAMPLE,param=192s,config=ref,backend=ref,matvec=reference,operation=sign,clock=systick-extended,sample=33,inner=1,items=1,raw_cycles=2479374460
BENCH_SAMPLE,param=192s,config=ref,backend=ref,matvec=reference,operation=sign,clock=systick-extended,sample=34,inner=1,items=1,raw_cycles=2467718507
BENCH_SAMPLE,param=192s,config=ref,backend=ref,matvec=reference,operation=sign,clock=systick-extended,sample=35,inner=1,items=1,raw_cycles=2472781327
BENCH_SAMPLE,param=192s,config=ref,backend=ref,matvec=reference,operation=sign,clock=systick-extended,sample=36,inner=1,items=1,raw_cycles=2484905772
BENCH_SAMPLE,param=192s,config=ref,backend=ref,matvec=reference,operation=sign,clock=systick-extended,sample=37,inner=1,items=1,raw_cycles=2481119787
BENCH_SAMPLE,param=192s,config=ref,backend=ref,matvec=reference,operation=sign,clock=systick-extended,sample=38,inner=1,items=1,raw_cycles=2492216244
BENCH_SAMPLE,param=192s,config=ref,backend=ref,matvec=reference,operation=sign,clock=systick-extended,sample=39,inner=1,items=1,raw_cycles=2487855193
BENCH_SAMPLE,param=192s,config=ref,backend=ref,matvec=reference,operation=sign,clock=systick-extended,sample=40,inner=1,items=1,raw_cycles=2490874186
BENCH_SAMPLE,param=192s,config=ref,backend=ref,matvec=reference,operation=sign,clock=systick-extended,sample=41,inner=1,items=1,raw_cycles=2469695008
BENCH_SAMPLE,param=192s,config=ref,backend=ref,matvec=reference,operation=sign,clock=systick-extended,sample=42,inner=1,items=1,raw_cycles=2487059798
BENCH_SAMPLE,param=192s,config=ref,backend=ref,matvec=reference,operation=sign,clock=systick-extended,sample=43,inner=1,items=1,raw_cycles=2470672054
BENCH_SAMPLE,param=192s,config=ref,backend=ref,matvec=reference,operation=sign,clock=systick-extended,sample=44,inner=1,items=1,raw_cycles=2487108742
BENCH_SAMPLE,param=192s,config=ref,backend=ref,matvec=reference,operation=sign,clock=systick-extended,sample=45,inner=1,items=1,raw_cycles=2491896388
BENCH_SAMPLE,param=192s,config=ref,backend=ref,matvec=reference,operation=sign,clock=systick-extended,sample=46,inner=1,items=1,raw_cycles=2475644008
BENCH_SAMPLE,param=192s,config=ref,backend=ref,matvec=reference,operation=sign,clock=systick-extended,sample=47,inner=1,items=1,raw_cycles=2490552974
BENCH_SAMPLE,param=192s,config=ref,backend=ref,matvec=reference,operation=sign,clock=systick-extended,sample=48,inner=1,items=1,raw_cycles=2480111286
BENCH_SAMPLE,param=192s,config=ref,backend=ref,matvec=reference,operation=sign,clock=systick-extended,sample=49,inner=1,items=1,raw_cycles=2491980699
BENCH_RESULT,param=192s,config=ref,backend=ref,matvec=reference,operation=sign,clock=systick-extended,samples=50,inner=1,items=1,min=2461001157.00,median=2485090364.00,mean=2483577224.76,stddev=11211583.75,max=2508348613.00,cycles_per_item_mean=2483577224.76
BENCH_SAMPLE,param=192s,config=ref,backend=ref,matvec=reference,operation=verify,clock=systick-extended,sample=0,inner=1,items=1,raw_cycles=1497687300
BENCH_SAMPLE,param=192s,config=ref,backend=ref,matvec=reference,operation=verify,clock=systick-extended,sample=1,inner=1,items=1,raw_cycles=1498470056
BENCH_SAMPLE,param=192s,config=ref,backend=ref,matvec=reference,operation=verify,clock=systick-extended,sample=2,inner=1,items=1,raw_cycles=1498346364
BENCH_SAMPLE,param=192s,config=ref,backend=ref,matvec=reference,operation=verify,clock=systick-extended,sample=3,inner=1,items=1,raw_cycles=1498982643
BENCH_SAMPLE,param=192s,config=ref,backend=ref,matvec=reference,operation=verify,clock=systick-extended,sample=4,inner=1,items=1,raw_cycles=1498010813
BENCH_SAMPLE,param=192s,config=ref,backend=ref,matvec=reference,operation=verify,clock=systick-extended,sample=5,inner=1,items=1,raw_cycles=1497873316
BENCH_SAMPLE,param=192s,config=ref,backend=ref,matvec=reference,operation=verify,clock=systick-extended,sample=6,inner=1,items=1,raw_cycles=1496595493
BENCH_SAMPLE,param=192s,config=ref,backend=ref,matvec=reference,operation=verify,clock=systick-extended,sample=7,inner=1,items=1,raw_cycles=1498199286
BENCH_SAMPLE,param=192s,config=ref,backend=ref,matvec=reference,operation=verify,clock=systick-extended,sample=8,inner=1,items=1,raw_cycles=1496446056
BENCH_SAMPLE,param=192s,config=ref,backend=ref,matvec=reference,operation=verify,clock=systick-extended,sample=9,inner=1,items=1,raw_cycles=1496696677
BENCH_SAMPLE,param=192s,config=ref,backend=ref,matvec=reference,operation=verify,clock=systick-extended,sample=10,inner=1,items=1,raw_cycles=1497056715
BENCH_SAMPLE,param=192s,config=ref,backend=ref,matvec=reference,operation=verify,clock=systick-extended,sample=11,inner=1,items=1,raw_cycles=1497451946
BENCH_SAMPLE,param=192s,config=ref,backend=ref,matvec=reference,operation=verify,clock=systick-extended,sample=12,inner=1,items=1,raw_cycles=1497662155
BENCH_SAMPLE,param=192s,config=ref,backend=ref,matvec=reference,operation=verify,clock=systick-extended,sample=13,inner=1,items=1,raw_cycles=1499300025
BENCH_SAMPLE,param=192s,config=ref,backend=ref,matvec=reference,operation=verify,clock=systick-extended,sample=14,inner=1,items=1,raw_cycles=1497414774
BENCH_SAMPLE,param=192s,config=ref,backend=ref,matvec=reference,operation=verify,clock=systick-extended,sample=15,inner=1,items=1,raw_cycles=1497136189
BENCH_SAMPLE,param=192s,config=ref,backend=ref,matvec=reference,operation=verify,clock=systick-extended,sample=16,inner=1,items=1,raw_cycles=1497558665
BENCH_SAMPLE,param=192s,config=ref,backend=ref,matvec=reference,operation=verify,clock=systick-extended,sample=17,inner=1,items=1,raw_cycles=1497777018
BENCH_SAMPLE,param=192s,config=ref,backend=ref,matvec=reference,operation=verify,clock=systick-extended,sample=18,inner=1,items=1,raw_cycles=1497582330
BENCH_SAMPLE,param=192s,config=ref,backend=ref,matvec=reference,operation=verify,clock=systick-extended,sample=19,inner=1,items=1,raw_cycles=1497341952
BENCH_SAMPLE,param=192s,config=ref,backend=ref,matvec=reference,operation=verify,clock=systick-extended,sample=20,inner=1,items=1,raw_cycles=1497500496
BENCH_SAMPLE,param=192s,config=ref,backend=ref,matvec=reference,operation=verify,clock=systick-extended,sample=21,inner=1,items=1,raw_cycles=1497466241
BENCH_SAMPLE,param=192s,config=ref,backend=ref,matvec=reference,operation=verify,clock=systick-extended,sample=22,inner=1,items=1,raw_cycles=1499442661
BENCH_SAMPLE,param=192s,config=ref,backend=ref,matvec=reference,operation=verify,clock=systick-extended,sample=23,inner=1,items=1,raw_cycles=1495976684
BENCH_SAMPLE,param=192s,config=ref,backend=ref,matvec=reference,operation=verify,clock=systick-extended,sample=24,inner=1,items=1,raw_cycles=1498636751
BENCH_SAMPLE,param=192s,config=ref,backend=ref,matvec=reference,operation=verify,clock=systick-extended,sample=25,inner=1,items=1,raw_cycles=1497962092
BENCH_SAMPLE,param=192s,config=ref,backend=ref,matvec=reference,operation=verify,clock=systick-extended,sample=26,inner=1,items=1,raw_cycles=1499436699
BENCH_SAMPLE,param=192s,config=ref,backend=ref,matvec=reference,operation=verify,clock=systick-extended,sample=27,inner=1,items=1,raw_cycles=1499257757
BENCH_SAMPLE,param=192s,config=ref,backend=ref,matvec=reference,operation=verify,clock=systick-extended,sample=28,inner=1,items=1,raw_cycles=1496835780
BENCH_SAMPLE,param=192s,config=ref,backend=ref,matvec=reference,operation=verify,clock=systick-extended,sample=29,inner=1,items=1,raw_cycles=1498190586
BENCH_SAMPLE,param=192s,config=ref,backend=ref,matvec=reference,operation=verify,clock=systick-extended,sample=30,inner=1,items=1,raw_cycles=1498577501
BENCH_SAMPLE,param=192s,config=ref,backend=ref,matvec=reference,operation=verify,clock=systick-extended,sample=31,inner=1,items=1,raw_cycles=1499010973
BENCH_SAMPLE,param=192s,config=ref,backend=ref,matvec=reference,operation=verify,clock=systick-extended,sample=32,inner=1,items=1,raw_cycles=1498536601
BENCH_SAMPLE,param=192s,config=ref,backend=ref,matvec=reference,operation=verify,clock=systick-extended,sample=33,inner=1,items=1,raw_cycles=1493505678
BENCH_SAMPLE,param=192s,config=ref,backend=ref,matvec=reference,operation=verify,clock=systick-extended,sample=34,inner=1,items=1,raw_cycles=1496754834
BENCH_SAMPLE,param=192s,config=ref,backend=ref,matvec=reference,operation=verify,clock=systick-extended,sample=35,inner=1,items=1,raw_cycles=1498251213
BENCH_SAMPLE,param=192s,config=ref,backend=ref,matvec=reference,operation=verify,clock=systick-extended,sample=36,inner=1,items=1,raw_cycles=1498300277
BENCH_SAMPLE,param=192s,config=ref,backend=ref,matvec=reference,operation=verify,clock=systick-extended,sample=37,inner=1,items=1,raw_cycles=1496921988
BENCH_SAMPLE,param=192s,config=ref,backend=ref,matvec=reference,operation=verify,clock=systick-extended,sample=38,inner=1,items=1,raw_cycles=1499654697
BENCH_SAMPLE,param=192s,config=ref,backend=ref,matvec=reference,operation=verify,clock=systick-extended,sample=39,inner=1,items=1,raw_cycles=1496556745
BENCH_SAMPLE,param=192s,config=ref,backend=ref,matvec=reference,operation=verify,clock=systick-extended,sample=40,inner=1,items=1,raw_cycles=1498318854
BENCH_SAMPLE,param=192s,config=ref,backend=ref,matvec=reference,operation=verify,clock=systick-extended,sample=41,inner=1,items=1,raw_cycles=1498323112
BENCH_SAMPLE,param=192s,config=ref,backend=ref,matvec=reference,operation=verify,clock=systick-extended,sample=42,inner=1,items=1,raw_cycles=1498657580
BENCH_SAMPLE,param=192s,config=ref,backend=ref,matvec=reference,operation=verify,clock=systick-extended,sample=43,inner=1,items=1,raw_cycles=1497243128
BENCH_SAMPLE,param=192s,config=ref,backend=ref,matvec=reference,operation=verify,clock=systick-extended,sample=44,inner=1,items=1,raw_cycles=1496730732
BENCH_SAMPLE,param=192s,config=ref,backend=ref,matvec=reference,operation=verify,clock=systick-extended,sample=45,inner=1,items=1,raw_cycles=1497156395
BENCH_SAMPLE,param=192s,config=ref,backend=ref,matvec=reference,operation=verify,clock=systick-extended,sample=46,inner=1,items=1,raw_cycles=1496489853
BENCH_SAMPLE,param=192s,config=ref,backend=ref,matvec=reference,operation=verify,clock=systick-extended,sample=47,inner=1,items=1,raw_cycles=1499284761
BENCH_SAMPLE,param=192s,config=ref,backend=ref,matvec=reference,operation=verify,clock=systick-extended,sample=48,inner=1,items=1,raw_cycles=1497782156
BENCH_SAMPLE,param=192s,config=ref,backend=ref,matvec=reference,operation=verify,clock=systick-extended,sample=49,inner=1,items=1,raw_cycles=1497668583
BENCH_RESULT,param=192s,config=ref,backend=ref,matvec=reference,operation=verify,clock=systick-extended,samples=50,inner=1,items=1,min=1493505678.00,median=1497732159.00,mean=1497760423.62,stddev=1085516.22,max=1499654697.00,cycles_per_item_mean=1497760423.62
BENCH_MEMORY,param=192s,config=ref,backend=ref,matvec=reference,static_ram_bytes=13632,stack_reserved_bytes=131072,stack_peak_bytes=15332,heap_capacity_bytes=1835008,heap_peak_bytes=94208
BENCH_PASS,param=192s,config=ref,backend=ref,matvec=reference,checksum=22df1bbec77a50fd
TEST_EXIT=0
