
/Users/seungwon/AIMer3_on_AVX512/AIMer_v3/m55/build/full/128f/mve-affine/profile/aimer-m55-128f-mve-affine-profile.elf:     file format elf32-littlearm


Disassembly of section .text:

34180750 <__do_global_dtors_aux>:
34180750:	b508      	push	{r3, lr}
34180752:	4b06      	ldr	r3, [pc, #24]	@ (3418076c <__do_global_dtors_aux+0x1c>)
34180754:	781a      	ldrb	r2, [r3, #0]
34180756:	b93a      	cbnz	r2, 34180768 <__do_global_dtors_aux+0x18>
34180758:	4a05      	ldr	r2, [pc, #20]	@ (34180770 <__do_global_dtors_aux+0x20>)
3418075a:	b11a      	cbz	r2, 34180764 <__do_global_dtors_aux+0x14>
3418075c:	4805      	ldr	r0, [pc, #20]	@ (34180774 <__do_global_dtors_aux+0x24>)
3418075e:	f3af 8000 	nop.w
34180762:	4b02      	ldr	r3, [pc, #8]	@ (3418076c <__do_global_dtors_aux+0x1c>)
34180764:	2201      	movs	r2, #1
34180766:	701a      	strb	r2, [r3, #0]
34180768:	bd08      	pop	{r3, pc}
3418076a:	bf00      	nop
3418076c:	341c08a0 	.word	0x341c08a0
34180770:	00000000 	.word	0x00000000
34180774:	3418f9f4 	.word	0x3418f9f4

34180778 <frame_dummy>:
34180778:	b508      	push	{r3, lr}
3418077a:	4b03      	ldr	r3, [pc, #12]	@ (34180788 <frame_dummy+0x10>)
3418077c:	b11b      	cbz	r3, 34180786 <frame_dummy+0xe>
3418077e:	4903      	ldr	r1, [pc, #12]	@ (3418078c <frame_dummy+0x14>)
34180780:	4803      	ldr	r0, [pc, #12]	@ (34180790 <frame_dummy+0x18>)
34180782:	f3af 8000 	nop.w
34180786:	bd08      	pop	{r3, pc}
34180788:	00000000 	.word	0x00000000
3418078c:	341c08a4 	.word	0x341c08a4
34180790:	3418f9f4 	.word	0x3418f9f4
34180794:	00000000 	.word	0x00000000

34180798 <print_stats>:
34180798:	e92d 4ff0 	stmdb	sp!, {r4, r5, r6, r7, r8, r9, sl, fp, lr}
3418079c:	ed2d 8b0c 	vpush	{d8-d13}
341807a0:	b0d3      	sub	sp, #332	@ 0x14c
341807a2:	ac14      	add	r4, sp, #80	@ 0x50
341807a4:	4607      	mov	r7, r0
341807a6:	4615      	mov	r5, r2
341807a8:	4620      	mov	r0, r4
341807aa:	22f8      	movs	r2, #248	@ 0xf8
341807ac:	461e      	mov	r6, r3
341807ae:	9113      	str	r1, [sp, #76]	@ 0x4c
341807b0:	46a2      	mov	sl, r4
341807b2:	f006 fe6b 	bl	3418748c <memcpy>
341807b6:	f50d 7ba0 	add.w	fp, sp, #320	@ 0x140
341807ba:	f85a 8f08 	ldr.w	r8, [sl, #8]!
341807be:	4653      	mov	r3, sl
341807c0:	f8da 1004 	ldr.w	r1, [sl, #4]
341807c4:	e953 0202 	ldrd	r0, r2, [r3, #-8]
341807c8:	4580      	cmp	r8, r0
341807ca:	eb71 0902 	sbcs.w	r9, r1, r2
341807ce:	469c      	mov	ip, r3
341807d0:	d206      	bcs.n	341807e0 <print_stats+0x48>
341807d2:	e9c3 0200 	strd	r0, r2, [r3]
341807d6:	f1ac 0308 	sub.w	r3, ip, #8
341807da:	429c      	cmp	r4, r3
341807dc:	d1f2      	bne.n	341807c4 <print_stats+0x2c>
341807de:	46a4      	mov	ip, r4
341807e0:	45d3      	cmp	fp, sl
341807e2:	e9cc 8100 	strd	r8, r1, [ip]
341807e6:	d1e8      	bne.n	341807ba <print_stats+0x22>
341807e8:	ee07 5a90 	vmov	s15, r5
341807ec:	9b13      	ldr	r3, [sp, #76]	@ 0x4c
341807ee:	eeb8 8be7 	vcvt.f64.s32	d8, s15
341807f2:	f1a3 0808 	sub.w	r8, r3, #8
341807f6:	4644      	mov	r4, r8
341807f8:	ed9f bb45 	vldr	d11, [pc, #276]	@ 34180910 <print_stats+0x178>
341807fc:	f103 09f0 	add.w	r9, r3, #240	@ 0xf0
34180800:	e9f4 0102 	ldrd	r0, r1, [r4, #8]!
34180804:	f00f f88e 	bl	3418f924 <__aeabi_ul2d>
34180808:	ec41 0b16 	vmov	d6, r0, r1
3418080c:	ee86 7b08 	vdiv.f64	d7, d6, d8
34180810:	45a1      	cmp	r9, r4
34180812:	ee3b bb07 	vadd.f64	d11, d11, d7
34180816:	d1f3      	bne.n	34180800 <print_stats+0x68>
34180818:	eeb3 7b0f 	vmov.f64	d7, #63	@ 0x41f80000  31.0
3418081c:	4644      	mov	r4, r8
3418081e:	ed9f 9b3c 	vldr	d9, [pc, #240]	@ 34180910 <print_stats+0x178>
34180822:	ee8b ab07 	vdiv.f64	d10, d11, d7
34180826:	e9f4 0102 	ldrd	r0, r1, [r4, #8]!
3418082a:	f00f f87b 	bl	3418f924 <__aeabi_ul2d>
3418082e:	ec41 0b16 	vmov	d6, r0, r1
34180832:	ee86 7b08 	vdiv.f64	d7, d6, d8
34180836:	ee37 7b4a 	vsub.f64	d7, d7, d10
3418083a:	45a1      	cmp	r9, r4
3418083c:	ee07 9b07 	vmla.f64	d9, d7, d7
34180840:	d1f1      	bne.n	34180826 <print_stats+0x8e>
34180842:	eeb3 7b0f 	vmov.f64	d7, #63	@ 0x41f80000  31.0
34180846:	2400      	movs	r4, #0
34180848:	ee89 bb07 	vdiv.f64	d11, d9, d7
3418084c:	f8df 90d4 	ldr.w	r9, [pc, #212]	@ 34180924 <print_stats+0x18c>
34180850:	e9f8 ab02 	ldrd	sl, fp, [r8, #8]!
34180854:	464b      	mov	r3, r9
34180856:	e9cd 7401 	strd	r7, r4, [sp, #4]
3418085a:	e9cd ab06 	strd	sl, fp, [sp, #24]
3418085e:	e9cd 5603 	strd	r5, r6, [sp, #12]
34180862:	4a2d      	ldr	r2, [pc, #180]	@ (34180918 <print_stats+0x180>)
34180864:	492d      	ldr	r1, [pc, #180]	@ (3418091c <print_stats+0x184>)
34180866:	482e      	ldr	r0, [pc, #184]	@ (34180920 <print_stats+0x188>)
34180868:	f8cd 9000 	str.w	r9, [sp]
3418086c:	3401      	adds	r4, #1
3418086e:	f006 fac9 	bl	34186e04 <printf>
34180872:	2c1f      	cmp	r4, #31
34180874:	d1ec      	bne.n	34180850 <print_stats+0xb8>
34180876:	e9dd 0114 	ldrd	r0, r1, [sp, #80]	@ 0x50
3418087a:	f00f f853 	bl	3418f924 <__aeabi_ul2d>
3418087e:	ec41 0b17 	vmov	d7, r0, r1
34180882:	e9dd 0132 	ldrd	r0, r1, [sp, #200]	@ 0xc8
34180886:	ee87 9b08 	vdiv.f64	d9, d7, d8
3418088a:	f00f f84b 	bl	3418f924 <__aeabi_ul2d>
3418088e:	eeb5 bb40 	vcmp.f64	d11, #0.0
34180892:	ec41 0b17 	vmov	d7, r0, r1
34180896:	eef1 fa10 	vmrs	APSR_nzcv, fpscr
3418089a:	ee87 cb08 	vdiv.f64	d12, d7, d8
3418089e:	d42d      	bmi.n	341808fc <print_stats+0x164>
341808a0:	eeb1 dbcb 	vsqrt.f64	d13, d11
341808a4:	e9dd 0150 	ldrd	r0, r1, [sp, #320]	@ 0x140
341808a8:	ee07 6a90 	vmov	s15, r6
341808ac:	eeb8 6be7 	vcvt.f64.s32	d6, s15
341808b0:	ee8a 7b06 	vdiv.f64	d7, d10, d6
341808b4:	ed8d 7b10 	vstr	d7, [sp, #64]	@ 0x40
341808b8:	f00f f834 	bl	3418f924 <__aeabi_ul2d>
341808bc:	ec41 0b16 	vmov	d6, r0, r1
341808c0:	241f      	movs	r4, #31
341808c2:	ee86 7b08 	vdiv.f64	d7, d6, d8
341808c6:	ed8d db0c 	vstr	d13, [sp, #48]	@ 0x30
341808ca:	ed8d ab0a 	vstr	d10, [sp, #40]	@ 0x28
341808ce:	ed8d cb08 	vstr	d12, [sp, #32]
341808d2:	ed8d 9b06 	vstr	d9, [sp, #24]
341808d6:	ed8d 7b0e 	vstr	d7, [sp, #56]	@ 0x38
341808da:	e9cd 5603 	strd	r5, r6, [sp, #12]
341808de:	4b11      	ldr	r3, [pc, #68]	@ (34180924 <print_stats+0x18c>)
341808e0:	4a0d      	ldr	r2, [pc, #52]	@ (34180918 <print_stats+0x180>)
341808e2:	490e      	ldr	r1, [pc, #56]	@ (3418091c <print_stats+0x184>)
341808e4:	9402      	str	r4, [sp, #8]
341808e6:	9701      	str	r7, [sp, #4]
341808e8:	f8cd 9000 	str.w	r9, [sp]
341808ec:	480e      	ldr	r0, [pc, #56]	@ (34180928 <print_stats+0x190>)
341808ee:	f006 fa89 	bl	34186e04 <printf>
341808f2:	b053      	add	sp, #332	@ 0x14c
341808f4:	ecbd 8b0c 	vpop	{d8-d13}
341808f8:	e8bd 8ff0 	ldmia.w	sp!, {r4, r5, r6, r7, r8, r9, sl, fp, pc}
341808fc:	eeb0 0b4b 	vmov.f64	d0, d11
34180900:	f00e fe5a 	bl	3418f5b8 <sqrt>
34180904:	eeb0 db40 	vmov.f64	d13, d0
34180908:	e7cc      	b.n	341808a4 <print_stats+0x10c>
3418090a:	bf00      	nop
3418090c:	f3af 8000 	nop.w
	...
34180918:	3418fa14 	.word	0x3418fa14
3418091c:	3418fa20 	.word	0x3418fa20
34180920:	3418fa28 	.word	0x3418fa28
34180924:	3418fa10 	.word	0x3418fa10
34180928:	3418fa9c 	.word	0x3418fa9c
3418092c:	00000000 	.word	0x00000000

34180930 <print_stats.constprop.0>:
34180930:	e92d 4ff0 	stmdb	sp!, {r4, r5, r6, r7, r8, r9, sl, fp, lr}
34180934:	ed2d 8b0a 	vpush	{d8-d12}
34180938:	b0d1      	sub	sp, #324	@ 0x144
3418093a:	af12      	add	r7, sp, #72	@ 0x48
3418093c:	4606      	mov	r6, r0
3418093e:	4615      	mov	r5, r2
34180940:	4638      	mov	r0, r7
34180942:	22f8      	movs	r2, #248	@ 0xf8
34180944:	4688      	mov	r8, r1
34180946:	46b9      	mov	r9, r7
34180948:	f006 fda0 	bl	3418748c <memcpy>
3418094c:	f50d 7a9c 	add.w	sl, sp, #312	@ 0x138
34180950:	f859 4f08 	ldr.w	r4, [r9, #8]!
34180954:	464b      	mov	r3, r9
34180956:	f8d9 1004 	ldr.w	r1, [r9, #4]
3418095a:	e953 0202 	ldrd	r0, r2, [r3, #-8]
3418095e:	4284      	cmp	r4, r0
34180960:	eb71 0e02 	sbcs.w	lr, r1, r2
34180964:	469c      	mov	ip, r3
34180966:	d206      	bcs.n	34180976 <print_stats.constprop.0+0x46>
34180968:	e9c3 0200 	strd	r0, r2, [r3]
3418096c:	f1ac 0308 	sub.w	r3, ip, #8
34180970:	429f      	cmp	r7, r3
34180972:	d1f2      	bne.n	3418095a <print_stats.constprop.0+0x2a>
34180974:	46bc      	mov	ip, r7
34180976:	45ca      	cmp	sl, r9
34180978:	e9cc 4100 	strd	r4, r1, [ip]
3418097c:	d1e8      	bne.n	34180950 <print_stats.constprop.0+0x20>
3418097e:	f1a8 0708 	sub.w	r7, r8, #8
34180982:	463c      	mov	r4, r7
34180984:	ed9f 9b4a 	vldr	d9, [pc, #296]	@ 34180ab0 <print_stats.constprop.0+0x180>
34180988:	eeb4 8b00 	vmov.f64	d8, #64	@ 0x3e000000  0.125
3418098c:	f108 08f0 	add.w	r8, r8, #240	@ 0xf0
34180990:	e9f4 0102 	ldrd	r0, r1, [r4, #8]!
34180994:	f00e ffc6 	bl	3418f924 <__aeabi_ul2d>
34180998:	ec41 0b17 	vmov	d7, r0, r1
3418099c:	45a0      	cmp	r8, r4
3418099e:	ee07 9b08 	vmla.f64	d9, d7, d8
341809a2:	d1f5      	bne.n	34180990 <print_stats.constprop.0+0x60>
341809a4:	eeb3 7b0f 	vmov.f64	d7, #63	@ 0x41f80000  31.0
341809a8:	463c      	mov	r4, r7
341809aa:	ed9f 8b41 	vldr	d8, [pc, #260]	@ 34180ab0 <print_stats.constprop.0+0x180>
341809ae:	eeb4 bb00 	vmov.f64	d11, #64	@ 0x3e000000  0.125
341809b2:	ee89 ab07 	vdiv.f64	d10, d9, d7
341809b6:	e9f4 0102 	ldrd	r0, r1, [r4, #8]!
341809ba:	f00e ffb3 	bl	3418f924 <__aeabi_ul2d>
341809be:	eeb0 7b4a 	vmov.f64	d7, d10
341809c2:	ec41 0b16 	vmov	d6, r0, r1
341809c6:	ee16 7b0b 	vnmls.f64	d7, d6, d11
341809ca:	45a0      	cmp	r8, r4
341809cc:	ee07 8b07 	vmla.f64	d8, d7, d7
341809d0:	d1f1      	bne.n	341809b6 <print_stats.constprop.0+0x86>
341809d2:	eeb3 7b0f 	vmov.f64	d7, #63	@ 0x41f80000  31.0
341809d6:	2400      	movs	r4, #0
341809d8:	ee88 bb07 	vdiv.f64	d11, d8, d7
341809dc:	f8df 80e4 	ldr.w	r8, [pc, #228]	@ 34180ac4 <print_stats.constprop.0+0x194>
341809e0:	f04f 0c08 	mov.w	ip, #8
341809e4:	e9f7 ab02 	ldrd	sl, fp, [r7, #8]!
341809e8:	4643      	mov	r3, r8
341809ea:	e9cd 6401 	strd	r6, r4, [sp, #4]
341809ee:	e9cd ab06 	strd	sl, fp, [sp, #24]
341809f2:	4a31      	ldr	r2, [pc, #196]	@ (34180ab8 <print_stats.constprop.0+0x188>)
341809f4:	4931      	ldr	r1, [pc, #196]	@ (34180abc <print_stats.constprop.0+0x18c>)
341809f6:	4832      	ldr	r0, [pc, #200]	@ (34180ac0 <print_stats.constprop.0+0x190>)
341809f8:	9504      	str	r5, [sp, #16]
341809fa:	f8cd 8000 	str.w	r8, [sp]
341809fe:	f8cd c00c 	str.w	ip, [sp, #12]
34180a02:	3401      	adds	r4, #1
34180a04:	f006 f9fe 	bl	34186e04 <printf>
34180a08:	2c1f      	cmp	r4, #31
34180a0a:	d1e9      	bne.n	341809e0 <print_stats.constprop.0+0xb0>
34180a0c:	e9dd 0112 	ldrd	r0, r1, [sp, #72]	@ 0x48
34180a10:	f00e ff88 	bl	3418f924 <__aeabi_ul2d>
34180a14:	ec41 0b18 	vmov	d8, r0, r1
34180a18:	e9dd 0130 	ldrd	r0, r1, [sp, #192]	@ 0xc0
34180a1c:	f00e ff82 	bl	3418f924 <__aeabi_ul2d>
34180a20:	eeb5 bb40 	vcmp.f64	d11, #0.0
34180a24:	eeb4 cb00 	vmov.f64	d12, #64	@ 0x3e000000  0.125
34180a28:	ec41 0b19 	vmov	d9, r0, r1
34180a2c:	eef1 fa10 	vmrs	APSR_nzcv, fpscr
34180a30:	ee28 8b0c 	vmul.f64	d8, d8, d12
34180a34:	ee29 9b0c 	vmul.f64	d9, d9, d12
34180a38:	d430      	bmi.n	34180a9c <print_stats.constprop.0+0x16c>
34180a3a:	eeb1 cbcb 	vsqrt.f64	d12, d11
34180a3e:	e9dd 014e 	ldrd	r0, r1, [sp, #312]	@ 0x138
34180a42:	ee07 5a90 	vmov	s15, r5
34180a46:	eeb8 6be7 	vcvt.f64.s32	d6, s15
34180a4a:	ee8a 7b06 	vdiv.f64	d7, d10, d6
34180a4e:	ed8d 7b10 	vstr	d7, [sp, #64]	@ 0x40
34180a52:	f00e ff67 	bl	3418f924 <__aeabi_ul2d>
34180a56:	eeb4 6b00 	vmov.f64	d6, #64	@ 0x3e000000  0.125
34180a5a:	ec41 0b17 	vmov	d7, r0, r1
34180a5e:	2708      	movs	r7, #8
34180a60:	ee27 7b06 	vmul.f64	d7, d7, d6
34180a64:	241f      	movs	r4, #31
34180a66:	ed8d cb0c 	vstr	d12, [sp, #48]	@ 0x30
34180a6a:	ed8d ab0a 	vstr	d10, [sp, #40]	@ 0x28
34180a6e:	ed8d 9b08 	vstr	d9, [sp, #32]
34180a72:	ed8d 8b06 	vstr	d8, [sp, #24]
34180a76:	ed8d 7b0e 	vstr	d7, [sp, #56]	@ 0x38
34180a7a:	4b12      	ldr	r3, [pc, #72]	@ (34180ac4 <print_stats.constprop.0+0x194>)
34180a7c:	4a0e      	ldr	r2, [pc, #56]	@ (34180ab8 <print_stats.constprop.0+0x188>)
34180a7e:	490f      	ldr	r1, [pc, #60]	@ (34180abc <print_stats.constprop.0+0x18c>)
34180a80:	9504      	str	r5, [sp, #16]
34180a82:	9601      	str	r6, [sp, #4]
34180a84:	9703      	str	r7, [sp, #12]
34180a86:	9402      	str	r4, [sp, #8]
34180a88:	f8cd 8000 	str.w	r8, [sp]
34180a8c:	480e      	ldr	r0, [pc, #56]	@ (34180ac8 <print_stats.constprop.0+0x198>)
34180a8e:	f006 f9b9 	bl	34186e04 <printf>
34180a92:	b051      	add	sp, #324	@ 0x144
34180a94:	ecbd 8b0a 	vpop	{d8-d12}
34180a98:	e8bd 8ff0 	ldmia.w	sp!, {r4, r5, r6, r7, r8, r9, sl, fp, pc}
34180a9c:	eeb0 0b4b 	vmov.f64	d0, d11
34180aa0:	f00e fd8a 	bl	3418f5b8 <sqrt>
34180aa4:	eeb0 cb40 	vmov.f64	d12, d0
34180aa8:	e7c9      	b.n	34180a3e <print_stats.constprop.0+0x10e>
34180aaa:	bf00      	nop
34180aac:	f3af 8000 	nop.w
	...
34180ab8:	3418fa14 	.word	0x3418fa14
34180abc:	3418fa20 	.word	0x3418fa20
34180ac0:	3418fa28 	.word	0x3418fa28
34180ac4:	3418fa10 	.word	0x3418fa10
34180ac8:	3418fa9c 	.word	0x3418fa9c

34180acc <profile_batch_kernels>:
34180acc:	e92d 4ff0 	stmdb	sp!, {r4, r5, r6, r7, r8, r9, sl, fp, lr}
34180ad0:	2600      	movs	r6, #0
34180ad2:	f2ad 5de4 	subw	sp, sp, #1508	@ 0x5e4
34180ad6:	f8df b374 	ldr.w	fp, [pc, #884]	@ 34180e4c <profile_batch_kernels+0x380>
34180ada:	f50d 639c 	add.w	r3, sp, #1248	@ 0x4e0
34180ade:	4dd6      	ldr	r5, [pc, #856]	@ (34180e38 <profile_batch_kernels+0x36c>)
34180ae0:	f8df 836c 	ldr.w	r8, [pc, #876]	@ 34180e50 <profile_batch_kernels+0x384>
34180ae4:	4cd5      	ldr	r4, [pc, #852]	@ (34180e3c <profile_batch_kernels+0x370>)
34180ae6:	f8cd 3494 	str.w	r3, [sp, #1172]	@ 0x494
34180aea:	9683      	str	r6, [sp, #524]	@ 0x20c
34180aec:	f8cd 3490 	str.w	r3, [sp, #1168]	@ 0x490
34180af0:	f8cd b488 	str.w	fp, [sp, #1160]	@ 0x488
34180af4:	e9d8 2300 	ldrd	r2, r3, [r8]
34180af8:	ea82 3142 	eor.w	r1, r2, r2, lsl #13
34180afc:	912e      	str	r1, [sp, #184]	@ 0xb8
34180afe:	4610      	mov	r0, r2
34180b00:	4619      	mov	r1, r3
34180b02:	ea50 314f 	lsll	r0, r1, #13
34180b06:	404b      	eors	r3, r1
34180b08:	932f      	str	r3, [sp, #188]	@ 0xbc
34180b0a:	e9dd 012e 	ldrd	r0, r1, [sp, #184]	@ 0xb8
34180b0e:	4602      	mov	r2, r0
34180b10:	460b      	mov	r3, r1
34180b12:	ea52 13df 	lsrl	r2, r3, #7
34180b16:	992e      	ldr	r1, [sp, #184]	@ 0xb8
34180b18:	f04f 0940 	mov.w	r9, #64	@ 0x40
34180b1c:	4051      	eors	r1, r2
34180b1e:	f8cd 1420 	str.w	r1, [sp, #1056]	@ 0x420
34180b22:	992f      	ldr	r1, [sp, #188]	@ 0xbc
34180b24:	404b      	eors	r3, r1
34180b26:	f8cd 3424 	str.w	r3, [sp, #1060]	@ 0x424
34180b2a:	f50d 6384 	add.w	r3, sp, #1056	@ 0x420
34180b2e:	e9d3 0100 	ldrd	r0, r1, [r3]
34180b32:	4602      	mov	r2, r0
34180b34:	460b      	mov	r3, r1
34180b36:	ea52 434f 	lsll	r2, r3, #17
34180b3a:	ea80 4a40 	eor.w	sl, r0, r0, lsl #17
34180b3e:	ea81 0b03 	eor.w	fp, r1, r3
34180b42:	ea8a 334a 	eor.w	r3, sl, sl, lsl #13
34180b46:	9330      	str	r3, [sp, #192]	@ 0xc0
34180b48:	4652      	mov	r2, sl
34180b4a:	465b      	mov	r3, fp
34180b4c:	ea52 334f 	lsll	r2, r3, #13
34180b50:	ea8b 0303 	eor.w	r3, fp, r3
34180b54:	9331      	str	r3, [sp, #196]	@ 0xc4
34180b56:	e9dd 0130 	ldrd	r0, r1, [sp, #192]	@ 0xc0
34180b5a:	4602      	mov	r2, r0
34180b5c:	460b      	mov	r3, r1
34180b5e:	ea52 13df 	lsrl	r2, r3, #7
34180b62:	9930      	ldr	r1, [sp, #192]	@ 0xc0
34180b64:	e9c4 ab00 	strd	sl, fp, [r4]
34180b68:	4051      	eors	r1, r2
34180b6a:	f8cd 1428 	str.w	r1, [sp, #1064]	@ 0x428
34180b6e:	9931      	ldr	r1, [sp, #196]	@ 0xc4
34180b70:	404b      	eors	r3, r1
34180b72:	f8cd 342c 	str.w	r3, [sp, #1068]	@ 0x42c
34180b76:	f50d 6385 	add.w	r3, sp, #1064	@ 0x428
34180b7a:	e9d3 0100 	ldrd	r0, r1, [r3]
34180b7e:	ea80 4340 	eor.w	r3, r0, r0, lsl #17
34180b82:	f8cd 3430 	str.w	r3, [sp, #1072]	@ 0x430
34180b86:	4602      	mov	r2, r0
34180b88:	460b      	mov	r3, r1
34180b8a:	ea52 434f 	lsll	r2, r3, #17
34180b8e:	404b      	eors	r3, r1
34180b90:	f8cd 3434 	str.w	r3, [sp, #1076]	@ 0x434
34180b94:	f50d 6386 	add.w	r3, sp, #1072	@ 0x430
34180b98:	e9d3 0100 	ldrd	r0, r1, [r3]
34180b9c:	ea80 3340 	eor.w	r3, r0, r0, lsl #13
34180ba0:	9376      	str	r3, [sp, #472]	@ 0x1d8
34180ba2:	4602      	mov	r2, r0
34180ba4:	460b      	mov	r3, r1
34180ba6:	ea52 334f 	lsll	r2, r3, #13
34180baa:	404b      	eors	r3, r1
34180bac:	9377      	str	r3, [sp, #476]	@ 0x1dc
34180bae:	e9c4 0102 	strd	r0, r1, [r4, #8]
34180bb2:	e9dd 0176 	ldrd	r0, r1, [sp, #472]	@ 0x1d8
34180bb6:	4602      	mov	r2, r0
34180bb8:	460b      	mov	r3, r1
34180bba:	ea52 13df 	lsrl	r2, r3, #7
34180bbe:	9976      	ldr	r1, [sp, #472]	@ 0x1d8
34180bc0:	4051      	eors	r1, r2
34180bc2:	f8cd 1438 	str.w	r1, [sp, #1080]	@ 0x438
34180bc6:	9977      	ldr	r1, [sp, #476]	@ 0x1dc
34180bc8:	404b      	eors	r3, r1
34180bca:	f8cd 343c 	str.w	r3, [sp, #1084]	@ 0x43c
34180bce:	f50d 6387 	add.w	r3, sp, #1080	@ 0x438
34180bd2:	e9d3 0100 	ldrd	r0, r1, [r3]
34180bd6:	ea80 4340 	eor.w	r3, r0, r0, lsl #17
34180bda:	4602      	mov	r2, r0
34180bdc:	f8cd 3440 	str.w	r3, [sp, #1088]	@ 0x440
34180be0:	460b      	mov	r3, r1
34180be2:	ea52 434f 	lsll	r2, r3, #17
34180be6:	404b      	eors	r3, r1
34180be8:	f8cd 3444 	str.w	r3, [sp, #1092]	@ 0x444
34180bec:	f50d 6388 	add.w	r3, sp, #1088	@ 0x440
34180bf0:	e9d3 0100 	ldrd	r0, r1, [r3]
34180bf4:	ea80 3340 	eor.w	r3, r0, r0, lsl #13
34180bf8:	9378      	str	r3, [sp, #480]	@ 0x1e0
34180bfa:	4602      	mov	r2, r0
34180bfc:	460b      	mov	r3, r1
34180bfe:	ea52 334f 	lsll	r2, r3, #13
34180c02:	404b      	eors	r3, r1
34180c04:	9379      	str	r3, [sp, #484]	@ 0x1e4
34180c06:	e9c4 0104 	strd	r0, r1, [r4, #16]
34180c0a:	e9dd 0178 	ldrd	r0, r1, [sp, #480]	@ 0x1e0
34180c0e:	4602      	mov	r2, r0
34180c10:	460b      	mov	r3, r1
34180c12:	ea52 13df 	lsrl	r2, r3, #7
34180c16:	9978      	ldr	r1, [sp, #480]	@ 0x1e0
34180c18:	4051      	eors	r1, r2
34180c1a:	f8cd 1448 	str.w	r1, [sp, #1096]	@ 0x448
34180c1e:	9979      	ldr	r1, [sp, #484]	@ 0x1e4
34180c20:	404b      	eors	r3, r1
34180c22:	f8cd 344c 	str.w	r3, [sp, #1100]	@ 0x44c
34180c26:	f50d 6389 	add.w	r3, sp, #1096	@ 0x448
34180c2a:	e9d3 0100 	ldrd	r0, r1, [r3]
34180c2e:	ea80 4340 	eor.w	r3, r0, r0, lsl #17
34180c32:	f8cd 3450 	str.w	r3, [sp, #1104]	@ 0x450
34180c36:	4602      	mov	r2, r0
34180c38:	460b      	mov	r3, r1
34180c3a:	ea52 434f 	lsll	r2, r3, #17
34180c3e:	404b      	eors	r3, r1
34180c40:	f8cd 3454 	str.w	r3, [sp, #1108]	@ 0x454
34180c44:	f50d 638a 	add.w	r3, sp, #1104	@ 0x450
34180c48:	e9d3 0100 	ldrd	r0, r1, [r3]
34180c4c:	ea80 3340 	eor.w	r3, r0, r0, lsl #13
34180c50:	937a      	str	r3, [sp, #488]	@ 0x1e8
34180c52:	4602      	mov	r2, r0
34180c54:	460b      	mov	r3, r1
34180c56:	ea52 334f 	lsll	r2, r3, #13
34180c5a:	404b      	eors	r3, r1
34180c5c:	937b      	str	r3, [sp, #492]	@ 0x1ec
34180c5e:	e9c4 0106 	strd	r0, r1, [r4, #24]
34180c62:	e9dd 017a 	ldrd	r0, r1, [sp, #488]	@ 0x1e8
34180c66:	4602      	mov	r2, r0
34180c68:	460b      	mov	r3, r1
34180c6a:	ea52 13df 	lsrl	r2, r3, #7
34180c6e:	997a      	ldr	r1, [sp, #488]	@ 0x1e8
34180c70:	4051      	eors	r1, r2
34180c72:	f8cd 1458 	str.w	r1, [sp, #1112]	@ 0x458
34180c76:	997b      	ldr	r1, [sp, #492]	@ 0x1ec
34180c78:	404b      	eors	r3, r1
34180c7a:	f8cd 345c 	str.w	r3, [sp, #1116]	@ 0x45c
34180c7e:	f50d 638b 	add.w	r3, sp, #1112	@ 0x458
34180c82:	e9d3 0100 	ldrd	r0, r1, [r3]
34180c86:	ea80 4340 	eor.w	r3, r0, r0, lsl #17
34180c8a:	f8cd 3460 	str.w	r3, [sp, #1120]	@ 0x460
34180c8e:	4602      	mov	r2, r0
34180c90:	460b      	mov	r3, r1
34180c92:	ea52 434f 	lsll	r2, r3, #17
34180c96:	404b      	eors	r3, r1
34180c98:	f8cd 3464 	str.w	r3, [sp, #1124]	@ 0x464
34180c9c:	f50d 638c 	add.w	r3, sp, #1120	@ 0x460
34180ca0:	e9d3 0100 	ldrd	r0, r1, [r3]
34180ca4:	ea80 3340 	eor.w	r3, r0, r0, lsl #13
34180ca8:	937c      	str	r3, [sp, #496]	@ 0x1f0
34180caa:	4602      	mov	r2, r0
34180cac:	460b      	mov	r3, r1
34180cae:	ea52 334f 	lsll	r2, r3, #13
34180cb2:	404b      	eors	r3, r1
34180cb4:	937d      	str	r3, [sp, #500]	@ 0x1f4
34180cb6:	e9c4 0108 	strd	r0, r1, [r4, #32]
34180cba:	e9dd 017c 	ldrd	r0, r1, [sp, #496]	@ 0x1f0
34180cbe:	4602      	mov	r2, r0
34180cc0:	460b      	mov	r3, r1
34180cc2:	ea52 13df 	lsrl	r2, r3, #7
34180cc6:	997c      	ldr	r1, [sp, #496]	@ 0x1f0
34180cc8:	4051      	eors	r1, r2
34180cca:	f8cd 1468 	str.w	r1, [sp, #1128]	@ 0x468
34180cce:	997d      	ldr	r1, [sp, #500]	@ 0x1f4
34180cd0:	404b      	eors	r3, r1
34180cd2:	f8cd 346c 	str.w	r3, [sp, #1132]	@ 0x46c
34180cd6:	f50d 638d 	add.w	r3, sp, #1128	@ 0x468
34180cda:	e9d3 0100 	ldrd	r0, r1, [r3]
34180cde:	ea80 4340 	eor.w	r3, r0, r0, lsl #17
34180ce2:	f8cd 3470 	str.w	r3, [sp, #1136]	@ 0x470
34180ce6:	4602      	mov	r2, r0
34180ce8:	460b      	mov	r3, r1
34180cea:	ea52 434f 	lsll	r2, r3, #17
34180cee:	404b      	eors	r3, r1
34180cf0:	f8cd 3474 	str.w	r3, [sp, #1140]	@ 0x474
34180cf4:	f50d 638e 	add.w	r3, sp, #1136	@ 0x470
34180cf8:	e9d3 0100 	ldrd	r0, r1, [r3]
34180cfc:	ea80 3340 	eor.w	r3, r0, r0, lsl #13
34180d00:	937e      	str	r3, [sp, #504]	@ 0x1f8
34180d02:	4602      	mov	r2, r0
34180d04:	460b      	mov	r3, r1
34180d06:	ea52 334f 	lsll	r2, r3, #13
34180d0a:	404b      	eors	r3, r1
34180d0c:	937f      	str	r3, [sp, #508]	@ 0x1fc
34180d0e:	e9c4 010a 	strd	r0, r1, [r4, #40]	@ 0x28
34180d12:	e9dd 017e 	ldrd	r0, r1, [sp, #504]	@ 0x1f8
34180d16:	4602      	mov	r2, r0
34180d18:	460b      	mov	r3, r1
34180d1a:	ea52 13df 	lsrl	r2, r3, #7
34180d1e:	997e      	ldr	r1, [sp, #504]	@ 0x1f8
34180d20:	4051      	eors	r1, r2
34180d22:	f8cd 1478 	str.w	r1, [sp, #1144]	@ 0x478
34180d26:	997f      	ldr	r1, [sp, #508]	@ 0x1fc
34180d28:	404b      	eors	r3, r1
34180d2a:	f8cd 347c 	str.w	r3, [sp, #1148]	@ 0x47c
34180d2e:	f50d 638f 	add.w	r3, sp, #1144	@ 0x478
34180d32:	e9d3 0100 	ldrd	r0, r1, [r3]
34180d36:	4602      	mov	r2, r0
34180d38:	460b      	mov	r3, r1
34180d3a:	ea52 434f 	lsll	r2, r3, #17
34180d3e:	ea80 4640 	eor.w	r6, r0, r0, lsl #17
34180d42:	ea81 0703 	eor.w	r7, r1, r3
34180d46:	ea86 3346 	eor.w	r3, r6, r6, lsl #13
34180d4a:	9380      	str	r3, [sp, #512]	@ 0x200
34180d4c:	4632      	mov	r2, r6
34180d4e:	463b      	mov	r3, r7
34180d50:	ea52 334f 	lsll	r2, r3, #13
34180d54:	407b      	eors	r3, r7
34180d56:	9381      	str	r3, [sp, #516]	@ 0x204
34180d58:	e9dd 0180 	ldrd	r0, r1, [sp, #512]	@ 0x200
34180d5c:	4602      	mov	r2, r0
34180d5e:	460b      	mov	r3, r1
34180d60:	ea52 13df 	lsrl	r2, r3, #7
34180d64:	9980      	ldr	r1, [sp, #512]	@ 0x200
34180d66:	e9c4 670c 	strd	r6, r7, [r4, #48]	@ 0x30
34180d6a:	4051      	eors	r1, r2
34180d6c:	f8cd 1480 	str.w	r1, [sp, #1152]	@ 0x480
34180d70:	9981      	ldr	r1, [sp, #516]	@ 0x204
34180d72:	404b      	eors	r3, r1
34180d74:	f8cd 3484 	str.w	r3, [sp, #1156]	@ 0x484
34180d78:	f50d 6390 	add.w	r3, sp, #1152	@ 0x480
34180d7c:	e9d3 0100 	ldrd	r0, r1, [r3]
34180d80:	ea80 4340 	eor.w	r3, r0, r0, lsl #17
34180d84:	4602      	mov	r2, r0
34180d86:	f8c8 3000 	str.w	r3, [r8]
34180d8a:	63a3      	str	r3, [r4, #56]	@ 0x38
34180d8c:	460b      	mov	r3, r1
34180d8e:	ea52 434f 	lsll	r2, r3, #17
34180d92:	404b      	eors	r3, r1
34180d94:	f8c8 3004 	str.w	r3, [r8, #4]
34180d98:	63e3      	str	r3, [r4, #60]	@ 0x3c
34180d9a:	f003 fcd7 	bl	3418474c <m55_measure_start>
34180d9e:	2204      	movs	r2, #4
34180da0:	4621      	mov	r1, r4
34180da2:	4628      	mov	r0, r5
34180da4:	f002 fccc 	bl	34183740 <m55_gf_sqr_batch4>
34180da8:	f1b9 0901 	subs.w	r9, r9, #1
34180dac:	d1f7      	bne.n	34180d9e <profile_batch_kernels+0x2d2>
34180dae:	f003 fcdb 	bl	34184768 <m55_measure_end>
34180db2:	f8dd 3490 	ldr.w	r3, [sp, #1168]	@ 0x490
34180db6:	9983      	ldr	r1, [sp, #524]	@ 0x20c
34180db8:	f843 0f08 	str.w	r0, [r3, #8]!
34180dbc:	f8c3 9004 	str.w	r9, [r3, #4]
34180dc0:	f001 0203 	and.w	r2, r1, #3
34180dc4:	f8cd 3490 	str.w	r3, [sp, #1168]	@ 0x490
34180dc8:	f001 0301 	and.w	r3, r1, #1
34180dcc:	eb03 0342 	add.w	r3, r3, r2, lsl #1
34180dd0:	f855 0033 	ldr.w	r0, [r5, r3, lsl #3]
34180dd4:	eb05 03c3 	add.w	r3, r5, r3, lsl #3
34180dd8:	1c4a      	adds	r2, r1, #1
34180dda:	6859      	ldr	r1, [r3, #4]
34180ddc:	f8dd 3488 	ldr.w	r3, [sp, #1160]	@ 0x488
34180de0:	9283      	str	r2, [sp, #524]	@ 0x20c
34180de2:	e9d3 2300 	ldrd	r2, r3, [r3]
34180de6:	4050      	eors	r0, r2
34180de8:	9a83      	ldr	r2, [sp, #524]	@ 0x20c
34180dea:	4059      	eors	r1, r3
34180dec:	f8dd 3488 	ldr.w	r3, [sp, #1160]	@ 0x488
34180df0:	9084      	str	r0, [sp, #528]	@ 0x210
34180df2:	9185      	str	r1, [sp, #532]	@ 0x214
34180df4:	2a1f      	cmp	r2, #31
34180df6:	e9dd 0184 	ldrd	r0, r1, [sp, #528]	@ 0x210
34180dfa:	e9c3 0100 	strd	r0, r1, [r3]
34180dfe:	f47f ae79 	bne.w	34180af4 <profile_batch_kernels+0x28>
34180e02:	469b      	mov	fp, r3
34180e04:	2703      	movs	r7, #3
34180e06:	2304      	movs	r3, #4
34180e08:	2240      	movs	r2, #64	@ 0x40
34180e0a:	480d      	ldr	r0, [pc, #52]	@ (34180e40 <profile_batch_kernels+0x374>)
34180e0c:	f50d 619d 	add.w	r1, sp, #1256	@ 0x4e8
34180e10:	f7ff fcc2 	bl	34180798 <print_stats>
34180e14:	4b0b      	ldr	r3, [pc, #44]	@ (34180e44 <profile_batch_kernels+0x378>)
34180e16:	f8cd b0b8 	str.w	fp, [sp, #184]	@ 0xb8
34180e1a:	9376      	str	r3, [sp, #472]	@ 0x1d8
34180e1c:	f04f 0900 	mov.w	r9, #0
34180e20:	463b      	mov	r3, r7
34180e22:	2128      	movs	r1, #40	@ 0x28
34180e24:	4a08      	ldr	r2, [pc, #32]	@ (34180e48 <profile_batch_kernels+0x37c>)
34180e26:	f50d 6098 	add.w	r0, sp, #1216	@ 0x4c0
34180e2a:	f006 f981 	bl	34187130 <snprintf>
34180e2e:	f8dd 3494 	ldr.w	r3, [sp, #1172]	@ 0x494
34180e32:	9330      	str	r3, [sp, #192]	@ 0xc0
34180e34:	e00e      	b.n	34180e54 <profile_batch_kernels+0x388>
34180e36:	bf00      	nop
34180e38:	341c08f8 	.word	0x341c08f8
34180e3c:	341c0938 	.word	0x341c0938
34180e40:	3418fb50 	.word	0x3418fb50
34180e44:	341900cc 	.word	0x341900cc
34180e48:	3418fb60 	.word	0x3418fb60
34180e4c:	341c08c0 	.word	0x341c08c0
34180e50:	341c0000 	.word	0x341c0000
34180e54:	e9d8 2300 	ldrd	r2, r3, [r8]
34180e58:	ea82 3142 	eor.w	r1, r2, r2, lsl #13
34180e5c:	9100      	str	r1, [sp, #0]
34180e5e:	4610      	mov	r0, r2
34180e60:	4619      	mov	r1, r3
34180e62:	ea50 314f 	lsll	r0, r1, #13
34180e66:	404b      	eors	r3, r1
34180e68:	9301      	str	r3, [sp, #4]
34180e6a:	e9dd 0100 	ldrd	r0, r1, [sp]
34180e6e:	4602      	mov	r2, r0
34180e70:	460b      	mov	r3, r1
34180e72:	ea52 13df 	lsrl	r2, r3, #7
34180e76:	9900      	ldr	r1, [sp, #0]
34180e78:	2608      	movs	r6, #8
34180e7a:	4051      	eors	r1, r2
34180e7c:	9112      	str	r1, [sp, #72]	@ 0x48
34180e7e:	9901      	ldr	r1, [sp, #4]
34180e80:	404b      	eors	r3, r1
34180e82:	9313      	str	r3, [sp, #76]	@ 0x4c
34180e84:	e9dd 0112 	ldrd	r0, r1, [sp, #72]	@ 0x48
34180e88:	4602      	mov	r2, r0
34180e8a:	460b      	mov	r3, r1
34180e8c:	ea52 434f 	lsll	r2, r3, #17
34180e90:	ea80 4a40 	eor.w	sl, r0, r0, lsl #17
34180e94:	ea81 0b03 	eor.w	fp, r1, r3
34180e98:	ea8a 334a 	eor.w	r3, sl, sl, lsl #13
34180e9c:	9302      	str	r3, [sp, #8]
34180e9e:	4652      	mov	r2, sl
34180ea0:	465b      	mov	r3, fp
34180ea2:	ea52 334f 	lsll	r2, r3, #13
34180ea6:	ea8b 0303 	eor.w	r3, fp, r3
34180eaa:	9303      	str	r3, [sp, #12]
34180eac:	e9dd 0102 	ldrd	r0, r1, [sp, #8]
34180eb0:	4602      	mov	r2, r0
34180eb2:	460b      	mov	r3, r1
34180eb4:	ea52 13df 	lsrl	r2, r3, #7
34180eb8:	9902      	ldr	r1, [sp, #8]
34180eba:	e9c4 ab00 	strd	sl, fp, [r4]
34180ebe:	4051      	eors	r1, r2
34180ec0:	9114      	str	r1, [sp, #80]	@ 0x50
34180ec2:	9903      	ldr	r1, [sp, #12]
34180ec4:	404b      	eors	r3, r1
34180ec6:	9315      	str	r3, [sp, #84]	@ 0x54
34180ec8:	e9dd 0114 	ldrd	r0, r1, [sp, #80]	@ 0x50
34180ecc:	ea80 4340 	eor.w	r3, r0, r0, lsl #17
34180ed0:	9316      	str	r3, [sp, #88]	@ 0x58
34180ed2:	4602      	mov	r2, r0
34180ed4:	460b      	mov	r3, r1
34180ed6:	ea52 434f 	lsll	r2, r3, #17
34180eda:	404b      	eors	r3, r1
34180edc:	9317      	str	r3, [sp, #92]	@ 0x5c
34180ede:	e9dd 0116 	ldrd	r0, r1, [sp, #88]	@ 0x58
34180ee2:	ea80 3340 	eor.w	r3, r0, r0, lsl #13
34180ee6:	9304      	str	r3, [sp, #16]
34180ee8:	4602      	mov	r2, r0
34180eea:	460b      	mov	r3, r1
34180eec:	ea52 334f 	lsll	r2, r3, #13
34180ef0:	404b      	eors	r3, r1
34180ef2:	9305      	str	r3, [sp, #20]
34180ef4:	e9c4 0102 	strd	r0, r1, [r4, #8]
34180ef8:	e9dd 0104 	ldrd	r0, r1, [sp, #16]
34180efc:	4602      	mov	r2, r0
34180efe:	460b      	mov	r3, r1
34180f00:	ea52 13df 	lsrl	r2, r3, #7
34180f04:	9904      	ldr	r1, [sp, #16]
34180f06:	4051      	eors	r1, r2
34180f08:	9118      	str	r1, [sp, #96]	@ 0x60
34180f0a:	9905      	ldr	r1, [sp, #20]
34180f0c:	404b      	eors	r3, r1
34180f0e:	9319      	str	r3, [sp, #100]	@ 0x64
34180f10:	e9dd 0118 	ldrd	r0, r1, [sp, #96]	@ 0x60
34180f14:	ea80 4340 	eor.w	r3, r0, r0, lsl #17
34180f18:	4602      	mov	r2, r0
34180f1a:	931a      	str	r3, [sp, #104]	@ 0x68
34180f1c:	460b      	mov	r3, r1
34180f1e:	ea52 434f 	lsll	r2, r3, #17
34180f22:	404b      	eors	r3, r1
34180f24:	931b      	str	r3, [sp, #108]	@ 0x6c
34180f26:	e9dd 011a 	ldrd	r0, r1, [sp, #104]	@ 0x68
34180f2a:	ea80 3340 	eor.w	r3, r0, r0, lsl #13
34180f2e:	9306      	str	r3, [sp, #24]
34180f30:	4602      	mov	r2, r0
34180f32:	460b      	mov	r3, r1
34180f34:	ea52 334f 	lsll	r2, r3, #13
34180f38:	404b      	eors	r3, r1
34180f3a:	9307      	str	r3, [sp, #28]
34180f3c:	e9c4 0104 	strd	r0, r1, [r4, #16]
34180f40:	e9dd 0106 	ldrd	r0, r1, [sp, #24]
34180f44:	4602      	mov	r2, r0
34180f46:	460b      	mov	r3, r1
34180f48:	ea52 13df 	lsrl	r2, r3, #7
34180f4c:	9906      	ldr	r1, [sp, #24]
34180f4e:	4051      	eors	r1, r2
34180f50:	911c      	str	r1, [sp, #112]	@ 0x70
34180f52:	9907      	ldr	r1, [sp, #28]
34180f54:	404b      	eors	r3, r1
34180f56:	931d      	str	r3, [sp, #116]	@ 0x74
34180f58:	e9dd 011c 	ldrd	r0, r1, [sp, #112]	@ 0x70
34180f5c:	ea80 4340 	eor.w	r3, r0, r0, lsl #17
34180f60:	931e      	str	r3, [sp, #120]	@ 0x78
34180f62:	4602      	mov	r2, r0
34180f64:	460b      	mov	r3, r1
34180f66:	ea52 434f 	lsll	r2, r3, #17
34180f6a:	404b      	eors	r3, r1
34180f6c:	931f      	str	r3, [sp, #124]	@ 0x7c
34180f6e:	e9dd 011e 	ldrd	r0, r1, [sp, #120]	@ 0x78
34180f72:	ea80 3340 	eor.w	r3, r0, r0, lsl #13
34180f76:	9308      	str	r3, [sp, #32]
34180f78:	4602      	mov	r2, r0
34180f7a:	460b      	mov	r3, r1
34180f7c:	ea52 334f 	lsll	r2, r3, #13
34180f80:	404b      	eors	r3, r1
34180f82:	9309      	str	r3, [sp, #36]	@ 0x24
34180f84:	e9c4 0106 	strd	r0, r1, [r4, #24]
34180f88:	e9dd 0108 	ldrd	r0, r1, [sp, #32]
34180f8c:	4602      	mov	r2, r0
34180f8e:	460b      	mov	r3, r1
34180f90:	ea52 13df 	lsrl	r2, r3, #7
34180f94:	9908      	ldr	r1, [sp, #32]
34180f96:	4051      	eors	r1, r2
34180f98:	9120      	str	r1, [sp, #128]	@ 0x80
34180f9a:	9909      	ldr	r1, [sp, #36]	@ 0x24
34180f9c:	404b      	eors	r3, r1
34180f9e:	9321      	str	r3, [sp, #132]	@ 0x84
34180fa0:	e9dd 0120 	ldrd	r0, r1, [sp, #128]	@ 0x80
34180fa4:	ea80 4340 	eor.w	r3, r0, r0, lsl #17
34180fa8:	9322      	str	r3, [sp, #136]	@ 0x88
34180faa:	4602      	mov	r2, r0
34180fac:	460b      	mov	r3, r1
34180fae:	ea52 434f 	lsll	r2, r3, #17
34180fb2:	404b      	eors	r3, r1
34180fb4:	9323      	str	r3, [sp, #140]	@ 0x8c
34180fb6:	e9dd 0122 	ldrd	r0, r1, [sp, #136]	@ 0x88
34180fba:	ea80 3340 	eor.w	r3, r0, r0, lsl #13
34180fbe:	930a      	str	r3, [sp, #40]	@ 0x28
34180fc0:	4602      	mov	r2, r0
34180fc2:	460b      	mov	r3, r1
34180fc4:	ea52 334f 	lsll	r2, r3, #13
34180fc8:	404b      	eors	r3, r1
34180fca:	930b      	str	r3, [sp, #44]	@ 0x2c
34180fcc:	e9c4 0108 	strd	r0, r1, [r4, #32]
34180fd0:	e9dd 010a 	ldrd	r0, r1, [sp, #40]	@ 0x28
34180fd4:	4602      	mov	r2, r0
34180fd6:	460b      	mov	r3, r1
34180fd8:	ea52 13df 	lsrl	r2, r3, #7
34180fdc:	990a      	ldr	r1, [sp, #40]	@ 0x28
34180fde:	4051      	eors	r1, r2
34180fe0:	9124      	str	r1, [sp, #144]	@ 0x90
34180fe2:	990b      	ldr	r1, [sp, #44]	@ 0x2c
34180fe4:	404b      	eors	r3, r1
34180fe6:	9325      	str	r3, [sp, #148]	@ 0x94
34180fe8:	e9dd 0124 	ldrd	r0, r1, [sp, #144]	@ 0x90
34180fec:	ea80 4340 	eor.w	r3, r0, r0, lsl #17
34180ff0:	9326      	str	r3, [sp, #152]	@ 0x98
34180ff2:	4602      	mov	r2, r0
34180ff4:	460b      	mov	r3, r1
34180ff6:	ea52 434f 	lsll	r2, r3, #17
34180ffa:	404b      	eors	r3, r1
34180ffc:	9327      	str	r3, [sp, #156]	@ 0x9c
34180ffe:	e9dd 0126 	ldrd	r0, r1, [sp, #152]	@ 0x98
34181002:	ea80 3340 	eor.w	r3, r0, r0, lsl #13
34181006:	930c      	str	r3, [sp, #48]	@ 0x30
34181008:	4602      	mov	r2, r0
3418100a:	460b      	mov	r3, r1
3418100c:	ea52 334f 	lsll	r2, r3, #13
34181010:	404b      	eors	r3, r1
34181012:	930d      	str	r3, [sp, #52]	@ 0x34
34181014:	e9c4 010a 	strd	r0, r1, [r4, #40]	@ 0x28
34181018:	e9dd 010c 	ldrd	r0, r1, [sp, #48]	@ 0x30
3418101c:	4602      	mov	r2, r0
3418101e:	460b      	mov	r3, r1
34181020:	ea52 13df 	lsrl	r2, r3, #7
34181024:	990c      	ldr	r1, [sp, #48]	@ 0x30
34181026:	4051      	eors	r1, r2
34181028:	9128      	str	r1, [sp, #160]	@ 0xa0
3418102a:	990d      	ldr	r1, [sp, #52]	@ 0x34
3418102c:	404b      	eors	r3, r1
3418102e:	9329      	str	r3, [sp, #164]	@ 0xa4
34181030:	e9dd 0128 	ldrd	r0, r1, [sp, #160]	@ 0xa0
34181034:	ea80 4340 	eor.w	r3, r0, r0, lsl #17
34181038:	932a      	str	r3, [sp, #168]	@ 0xa8
3418103a:	4602      	mov	r2, r0
3418103c:	460b      	mov	r3, r1
3418103e:	ea52 434f 	lsll	r2, r3, #17
34181042:	404b      	eors	r3, r1
34181044:	932b      	str	r3, [sp, #172]	@ 0xac
34181046:	e9dd 012a 	ldrd	r0, r1, [sp, #168]	@ 0xa8
3418104a:	ea80 3340 	eor.w	r3, r0, r0, lsl #13
3418104e:	930e      	str	r3, [sp, #56]	@ 0x38
34181050:	4602      	mov	r2, r0
34181052:	460b      	mov	r3, r1
34181054:	ea52 334f 	lsll	r2, r3, #13
34181058:	404b      	eors	r3, r1
3418105a:	930f      	str	r3, [sp, #60]	@ 0x3c
3418105c:	e9c4 010c 	strd	r0, r1, [r4, #48]	@ 0x30
34181060:	e9dd 010e 	ldrd	r0, r1, [sp, #56]	@ 0x38
34181064:	4602      	mov	r2, r0
34181066:	460b      	mov	r3, r1
34181068:	ea52 13df 	lsrl	r2, r3, #7
3418106c:	990e      	ldr	r1, [sp, #56]	@ 0x38
3418106e:	4051      	eors	r1, r2
34181070:	912c      	str	r1, [sp, #176]	@ 0xb0
34181072:	990f      	ldr	r1, [sp, #60]	@ 0x3c
34181074:	404b      	eors	r3, r1
34181076:	932d      	str	r3, [sp, #180]	@ 0xb4
34181078:	e9dd 012c 	ldrd	r0, r1, [sp, #176]	@ 0xb0
3418107c:	ea80 4340 	eor.w	r3, r0, r0, lsl #17
34181080:	4602      	mov	r2, r0
34181082:	f8c8 3000 	str.w	r3, [r8]
34181086:	63a3      	str	r3, [r4, #56]	@ 0x38
34181088:	460b      	mov	r3, r1
3418108a:	ea52 434f 	lsll	r2, r3, #17
3418108e:	404b      	eors	r3, r1
34181090:	f8c8 3004 	str.w	r3, [r8, #4]
34181094:	63e3      	str	r3, [r4, #60]	@ 0x3c
34181096:	f003 fb59 	bl	3418474c <m55_measure_start>
3418109a:	2304      	movs	r3, #4
3418109c:	463a      	mov	r2, r7
3418109e:	491d      	ldr	r1, [pc, #116]	@ (34181114 <profile_batch_kernels+0x648>)
341810a0:	481d      	ldr	r0, [pc, #116]	@ (34181118 <profile_batch_kernels+0x64c>)
341810a2:	f002 fa19 	bl	341834d8 <m55_gf_frobenius_batch4>
341810a6:	3e01      	subs	r6, #1
341810a8:	d1f7      	bne.n	3418109a <profile_batch_kernels+0x5ce>
341810aa:	f003 fb5d 	bl	34184768 <m55_measure_end>
341810ae:	9b30      	ldr	r3, [sp, #192]	@ 0xc0
341810b0:	f009 0203 	and.w	r2, r9, #3
341810b4:	f843 0f08 	str.w	r0, [r3, #8]!
341810b8:	605e      	str	r6, [r3, #4]
341810ba:	9330      	str	r3, [sp, #192]	@ 0xc0
341810bc:	f009 0301 	and.w	r3, r9, #1
341810c0:	eb03 0342 	add.w	r3, r3, r2, lsl #1
341810c4:	f855 0033 	ldr.w	r0, [r5, r3, lsl #3]
341810c8:	eb05 03c3 	add.w	r3, r5, r3, lsl #3
341810cc:	6859      	ldr	r1, [r3, #4]
341810ce:	9b2e      	ldr	r3, [sp, #184]	@ 0xb8
341810d0:	f109 0901 	add.w	r9, r9, #1
341810d4:	e9d3 2300 	ldrd	r2, r3, [r3]
341810d8:	4050      	eors	r0, r2
341810da:	ea83 0201 	eor.w	r2, r3, r1
341810de:	9b2e      	ldr	r3, [sp, #184]	@ 0xb8
341810e0:	9010      	str	r0, [sp, #64]	@ 0x40
341810e2:	9211      	str	r2, [sp, #68]	@ 0x44
341810e4:	f1b9 0f1f 	cmp.w	r9, #31
341810e8:	e9dd 0110 	ldrd	r0, r1, [sp, #64]	@ 0x40
341810ec:	e9c3 0100 	strd	r0, r1, [r3]
341810f0:	f47f aeb0 	bne.w	34180e54 <profile_batch_kernels+0x388>
341810f4:	2204      	movs	r2, #4
341810f6:	f50d 619d 	add.w	r1, sp, #1256	@ 0x4e8
341810fa:	f50d 6098 	add.w	r0, sp, #1216	@ 0x4c0
341810fe:	f7ff fc17 	bl	34180930 <print_stats.constprop.0>
34181102:	4a06      	ldr	r2, [pc, #24]	@ (3418111c <profile_batch_kernels+0x650>)
34181104:	9b76      	ldr	r3, [sp, #472]	@ 0x1d8
34181106:	429a      	cmp	r2, r3
34181108:	d00a      	beq.n	34181120 <profile_batch_kernels+0x654>
3418110a:	f853 7f04 	ldr.w	r7, [r3, #4]!
3418110e:	9376      	str	r3, [sp, #472]	@ 0x1d8
34181110:	e684      	b.n	34180e1c <profile_batch_kernels+0x350>
34181112:	bf00      	nop
34181114:	341c0938 	.word	0x341c0938
34181118:	341c08f8 	.word	0x341c08f8
3418111c:	341900d4 	.word	0x341900d4
34181120:	f8dd b0b8 	ldr.w	fp, [sp, #184]	@ 0xb8
34181124:	f8dd a494 	ldr.w	sl, [sp, #1172]	@ 0x494
34181128:	f8df 9634 	ldr.w	r9, [pc, #1588]	@ 34181760 <profile_batch_kernels+0xc94>
3418112c:	f8cd a008 	str.w	sl, [sp, #8]
34181130:	f8cd b000 	str.w	fp, [sp]
34181134:	e9d8 2300 	ldrd	r2, r3, [r8]
34181138:	ea82 3142 	eor.w	r1, r2, r2, lsl #13
3418113c:	9132      	str	r1, [sp, #200]	@ 0xc8
3418113e:	4610      	mov	r0, r2
34181140:	4619      	mov	r1, r3
34181142:	ea50 314f 	lsll	r0, r1, #13
34181146:	404b      	eors	r3, r1
34181148:	9333      	str	r3, [sp, #204]	@ 0xcc
3418114a:	e9dd 0132 	ldrd	r0, r1, [sp, #200]	@ 0xc8
3418114e:	4602      	mov	r2, r0
34181150:	460b      	mov	r3, r1
34181152:	ea52 13df 	lsrl	r2, r3, #7
34181156:	9932      	ldr	r1, [sp, #200]	@ 0xc8
34181158:	2740      	movs	r7, #64	@ 0x40
3418115a:	4051      	eors	r1, r2
3418115c:	918c      	str	r1, [sp, #560]	@ 0x230
3418115e:	9933      	ldr	r1, [sp, #204]	@ 0xcc
34181160:	404b      	eors	r3, r1
34181162:	938d      	str	r3, [sp, #564]	@ 0x234
34181164:	e9dd 018c 	ldrd	r0, r1, [sp, #560]	@ 0x230
34181168:	4602      	mov	r2, r0
3418116a:	460b      	mov	r3, r1
3418116c:	ea52 434f 	lsll	r2, r3, #17
34181170:	ea80 4a40 	eor.w	sl, r0, r0, lsl #17
34181174:	ea81 0b03 	eor.w	fp, r1, r3
34181178:	ea8a 334a 	eor.w	r3, sl, sl, lsl #13
3418117c:	9334      	str	r3, [sp, #208]	@ 0xd0
3418117e:	4652      	mov	r2, sl
34181180:	465b      	mov	r3, fp
34181182:	ea52 334f 	lsll	r2, r3, #13
34181186:	ea8b 0303 	eor.w	r3, fp, r3
3418118a:	9335      	str	r3, [sp, #212]	@ 0xd4
3418118c:	e9dd 0134 	ldrd	r0, r1, [sp, #208]	@ 0xd0
34181190:	4602      	mov	r2, r0
34181192:	460b      	mov	r3, r1
34181194:	ea52 13df 	lsrl	r2, r3, #7
34181198:	9934      	ldr	r1, [sp, #208]	@ 0xd0
3418119a:	e9c9 ab00 	strd	sl, fp, [r9]
3418119e:	4051      	eors	r1, r2
341811a0:	918e      	str	r1, [sp, #568]	@ 0x238
341811a2:	9935      	ldr	r1, [sp, #212]	@ 0xd4
341811a4:	404b      	eors	r3, r1
341811a6:	938f      	str	r3, [sp, #572]	@ 0x23c
341811a8:	e9dd 018e 	ldrd	r0, r1, [sp, #568]	@ 0x238
341811ac:	ea80 4340 	eor.w	r3, r0, r0, lsl #17
341811b0:	9390      	str	r3, [sp, #576]	@ 0x240
341811b2:	4602      	mov	r2, r0
341811b4:	460b      	mov	r3, r1
341811b6:	ea52 434f 	lsll	r2, r3, #17
341811ba:	404b      	eors	r3, r1
341811bc:	9391      	str	r3, [sp, #580]	@ 0x244
341811be:	e9dd 0190 	ldrd	r0, r1, [sp, #576]	@ 0x240
341811c2:	ea80 3340 	eor.w	r3, r0, r0, lsl #13
341811c6:	9366      	str	r3, [sp, #408]	@ 0x198
341811c8:	4602      	mov	r2, r0
341811ca:	460b      	mov	r3, r1
341811cc:	ea52 334f 	lsll	r2, r3, #13
341811d0:	404b      	eors	r3, r1
341811d2:	9367      	str	r3, [sp, #412]	@ 0x19c
341811d4:	e9c9 0102 	strd	r0, r1, [r9, #8]
341811d8:	e9dd 0166 	ldrd	r0, r1, [sp, #408]	@ 0x198
341811dc:	4602      	mov	r2, r0
341811de:	460b      	mov	r3, r1
341811e0:	ea52 13df 	lsrl	r2, r3, #7
341811e4:	9966      	ldr	r1, [sp, #408]	@ 0x198
341811e6:	4051      	eors	r1, r2
341811e8:	91ea      	str	r1, [sp, #936]	@ 0x3a8
341811ea:	9967      	ldr	r1, [sp, #412]	@ 0x19c
341811ec:	404b      	eors	r3, r1
341811ee:	93eb      	str	r3, [sp, #940]	@ 0x3ac
341811f0:	e9dd 01ea 	ldrd	r0, r1, [sp, #936]	@ 0x3a8
341811f4:	ea80 4340 	eor.w	r3, r0, r0, lsl #17
341811f8:	4602      	mov	r2, r0
341811fa:	93ec      	str	r3, [sp, #944]	@ 0x3b0
341811fc:	460b      	mov	r3, r1
341811fe:	ea52 434f 	lsll	r2, r3, #17
34181202:	404b      	eors	r3, r1
34181204:	93ed      	str	r3, [sp, #948]	@ 0x3b4
34181206:	e9dd 01ec 	ldrd	r0, r1, [sp, #944]	@ 0x3b0
3418120a:	ea80 3340 	eor.w	r3, r0, r0, lsl #13
3418120e:	9368      	str	r3, [sp, #416]	@ 0x1a0
34181210:	4602      	mov	r2, r0
34181212:	460b      	mov	r3, r1
34181214:	ea52 334f 	lsll	r2, r3, #13
34181218:	404b      	eors	r3, r1
3418121a:	9369      	str	r3, [sp, #420]	@ 0x1a4
3418121c:	e9c4 0100 	strd	r0, r1, [r4]
34181220:	e9dd 0168 	ldrd	r0, r1, [sp, #416]	@ 0x1a0
34181224:	4602      	mov	r2, r0
34181226:	460b      	mov	r3, r1
34181228:	ea52 13df 	lsrl	r2, r3, #7
3418122c:	9968      	ldr	r1, [sp, #416]	@ 0x1a0
3418122e:	4051      	eors	r1, r2
34181230:	91ee      	str	r1, [sp, #952]	@ 0x3b8
34181232:	9969      	ldr	r1, [sp, #420]	@ 0x1a4
34181234:	404b      	eors	r3, r1
34181236:	93ef      	str	r3, [sp, #956]	@ 0x3bc
34181238:	e9dd 01ee 	ldrd	r0, r1, [sp, #952]	@ 0x3b8
3418123c:	ea80 4340 	eor.w	r3, r0, r0, lsl #17
34181240:	93f0      	str	r3, [sp, #960]	@ 0x3c0
34181242:	4602      	mov	r2, r0
34181244:	460b      	mov	r3, r1
34181246:	ea52 434f 	lsll	r2, r3, #17
3418124a:	404b      	eors	r3, r1
3418124c:	93f1      	str	r3, [sp, #964]	@ 0x3c4
3418124e:	e9dd 01f0 	ldrd	r0, r1, [sp, #960]	@ 0x3c0
34181252:	ea80 3340 	eor.w	r3, r0, r0, lsl #13
34181256:	936a      	str	r3, [sp, #424]	@ 0x1a8
34181258:	4602      	mov	r2, r0
3418125a:	460b      	mov	r3, r1
3418125c:	ea52 334f 	lsll	r2, r3, #13
34181260:	404b      	eors	r3, r1
34181262:	936b      	str	r3, [sp, #428]	@ 0x1ac
34181264:	e9c4 0102 	strd	r0, r1, [r4, #8]
34181268:	e9dd 016a 	ldrd	r0, r1, [sp, #424]	@ 0x1a8
3418126c:	4602      	mov	r2, r0
3418126e:	460b      	mov	r3, r1
34181270:	ea52 13df 	lsrl	r2, r3, #7
34181274:	996a      	ldr	r1, [sp, #424]	@ 0x1a8
34181276:	4051      	eors	r1, r2
34181278:	91f2      	str	r1, [sp, #968]	@ 0x3c8
3418127a:	996b      	ldr	r1, [sp, #428]	@ 0x1ac
3418127c:	404b      	eors	r3, r1
3418127e:	93f3      	str	r3, [sp, #972]	@ 0x3cc
34181280:	e9dd 01f2 	ldrd	r0, r1, [sp, #968]	@ 0x3c8
34181284:	ea80 4340 	eor.w	r3, r0, r0, lsl #17
34181288:	93f4      	str	r3, [sp, #976]	@ 0x3d0
3418128a:	4602      	mov	r2, r0
3418128c:	460b      	mov	r3, r1
3418128e:	ea52 434f 	lsll	r2, r3, #17
34181292:	404b      	eors	r3, r1
34181294:	93f5      	str	r3, [sp, #980]	@ 0x3d4
34181296:	e9dd 01f4 	ldrd	r0, r1, [sp, #976]	@ 0x3d0
3418129a:	ea80 3340 	eor.w	r3, r0, r0, lsl #13
3418129e:	936c      	str	r3, [sp, #432]	@ 0x1b0
341812a0:	4602      	mov	r2, r0
341812a2:	460b      	mov	r3, r1
341812a4:	ea52 334f 	lsll	r2, r3, #13
341812a8:	404b      	eors	r3, r1
341812aa:	936d      	str	r3, [sp, #436]	@ 0x1b4
341812ac:	e9c4 0104 	strd	r0, r1, [r4, #16]
341812b0:	e9dd 016c 	ldrd	r0, r1, [sp, #432]	@ 0x1b0
341812b4:	4602      	mov	r2, r0
341812b6:	460b      	mov	r3, r1
341812b8:	ea52 13df 	lsrl	r2, r3, #7
341812bc:	996c      	ldr	r1, [sp, #432]	@ 0x1b0
341812be:	4051      	eors	r1, r2
341812c0:	91f6      	str	r1, [sp, #984]	@ 0x3d8
341812c2:	996d      	ldr	r1, [sp, #436]	@ 0x1b4
341812c4:	404b      	eors	r3, r1
341812c6:	93f7      	str	r3, [sp, #988]	@ 0x3dc
341812c8:	e9dd 01f6 	ldrd	r0, r1, [sp, #984]	@ 0x3d8
341812cc:	ea80 4340 	eor.w	r3, r0, r0, lsl #17
341812d0:	93f8      	str	r3, [sp, #992]	@ 0x3e0
341812d2:	4602      	mov	r2, r0
341812d4:	460b      	mov	r3, r1
341812d6:	ea52 434f 	lsll	r2, r3, #17
341812da:	404b      	eors	r3, r1
341812dc:	93f9      	str	r3, [sp, #996]	@ 0x3e4
341812de:	e9dd 01f8 	ldrd	r0, r1, [sp, #992]	@ 0x3e0
341812e2:	ea80 3340 	eor.w	r3, r0, r0, lsl #13
341812e6:	936e      	str	r3, [sp, #440]	@ 0x1b8
341812e8:	4602      	mov	r2, r0
341812ea:	460b      	mov	r3, r1
341812ec:	ea52 334f 	lsll	r2, r3, #13
341812f0:	404b      	eors	r3, r1
341812f2:	936f      	str	r3, [sp, #444]	@ 0x1bc
341812f4:	e9c4 0106 	strd	r0, r1, [r4, #24]
341812f8:	e9dd 016e 	ldrd	r0, r1, [sp, #440]	@ 0x1b8
341812fc:	4602      	mov	r2, r0
341812fe:	460b      	mov	r3, r1
34181300:	ea52 13df 	lsrl	r2, r3, #7
34181304:	996e      	ldr	r1, [sp, #440]	@ 0x1b8
34181306:	4051      	eors	r1, r2
34181308:	91fa      	str	r1, [sp, #1000]	@ 0x3e8
3418130a:	996f      	ldr	r1, [sp, #444]	@ 0x1bc
3418130c:	404b      	eors	r3, r1
3418130e:	93fb      	str	r3, [sp, #1004]	@ 0x3ec
34181310:	e9dd 01fa 	ldrd	r0, r1, [sp, #1000]	@ 0x3e8
34181314:	ea80 4340 	eor.w	r3, r0, r0, lsl #17
34181318:	93fc      	str	r3, [sp, #1008]	@ 0x3f0
3418131a:	4602      	mov	r2, r0
3418131c:	460b      	mov	r3, r1
3418131e:	ea52 434f 	lsll	r2, r3, #17
34181322:	404b      	eors	r3, r1
34181324:	93fd      	str	r3, [sp, #1012]	@ 0x3f4
34181326:	e9dd 01fc 	ldrd	r0, r1, [sp, #1008]	@ 0x3f0
3418132a:	ea80 3340 	eor.w	r3, r0, r0, lsl #13
3418132e:	9370      	str	r3, [sp, #448]	@ 0x1c0
34181330:	4602      	mov	r2, r0
34181332:	460b      	mov	r3, r1
34181334:	ea52 334f 	lsll	r2, r3, #13
34181338:	404b      	eors	r3, r1
3418133a:	9371      	str	r3, [sp, #452]	@ 0x1c4
3418133c:	e9c4 0108 	strd	r0, r1, [r4, #32]
34181340:	e9dd 0170 	ldrd	r0, r1, [sp, #448]	@ 0x1c0
34181344:	4602      	mov	r2, r0
34181346:	460b      	mov	r3, r1
34181348:	ea52 13df 	lsrl	r2, r3, #7
3418134c:	9970      	ldr	r1, [sp, #448]	@ 0x1c0
3418134e:	4051      	eors	r1, r2
34181350:	91fe      	str	r1, [sp, #1016]	@ 0x3f8
34181352:	9971      	ldr	r1, [sp, #452]	@ 0x1c4
34181354:	404b      	eors	r3, r1
34181356:	93ff      	str	r3, [sp, #1020]	@ 0x3fc
34181358:	e9dd 01fe 	ldrd	r0, r1, [sp, #1016]	@ 0x3f8
3418135c:	ea80 4340 	eor.w	r3, r0, r0, lsl #17
34181360:	f8cd 3400 	str.w	r3, [sp, #1024]	@ 0x400
34181364:	4602      	mov	r2, r0
34181366:	460b      	mov	r3, r1
34181368:	ea52 434f 	lsll	r2, r3, #17
3418136c:	404b      	eors	r3, r1
3418136e:	f8cd 3404 	str.w	r3, [sp, #1028]	@ 0x404
34181372:	f50d 6380 	add.w	r3, sp, #1024	@ 0x400
34181376:	e9d3 0100 	ldrd	r0, r1, [r3]
3418137a:	ea80 3340 	eor.w	r3, r0, r0, lsl #13
3418137e:	9372      	str	r3, [sp, #456]	@ 0x1c8
34181380:	4602      	mov	r2, r0
34181382:	460b      	mov	r3, r1
34181384:	ea52 334f 	lsll	r2, r3, #13
34181388:	404b      	eors	r3, r1
3418138a:	9373      	str	r3, [sp, #460]	@ 0x1cc
3418138c:	e9c4 010a 	strd	r0, r1, [r4, #40]	@ 0x28
34181390:	e9dd 0172 	ldrd	r0, r1, [sp, #456]	@ 0x1c8
34181394:	4602      	mov	r2, r0
34181396:	460b      	mov	r3, r1
34181398:	ea52 13df 	lsrl	r2, r3, #7
3418139c:	9972      	ldr	r1, [sp, #456]	@ 0x1c8
3418139e:	4051      	eors	r1, r2
341813a0:	f8cd 1408 	str.w	r1, [sp, #1032]	@ 0x408
341813a4:	9973      	ldr	r1, [sp, #460]	@ 0x1cc
341813a6:	404b      	eors	r3, r1
341813a8:	f8cd 340c 	str.w	r3, [sp, #1036]	@ 0x40c
341813ac:	f50d 6381 	add.w	r3, sp, #1032	@ 0x408
341813b0:	e9d3 0100 	ldrd	r0, r1, [r3]
341813b4:	ea80 4340 	eor.w	r3, r0, r0, lsl #17
341813b8:	f8cd 3410 	str.w	r3, [sp, #1040]	@ 0x410
341813bc:	4602      	mov	r2, r0
341813be:	460b      	mov	r3, r1
341813c0:	ea52 434f 	lsll	r2, r3, #17
341813c4:	404b      	eors	r3, r1
341813c6:	f8cd 3414 	str.w	r3, [sp, #1044]	@ 0x414
341813ca:	f50d 6382 	add.w	r3, sp, #1040	@ 0x410
341813ce:	e9d3 0100 	ldrd	r0, r1, [r3]
341813d2:	ea80 3340 	eor.w	r3, r0, r0, lsl #13
341813d6:	9374      	str	r3, [sp, #464]	@ 0x1d0
341813d8:	4602      	mov	r2, r0
341813da:	460b      	mov	r3, r1
341813dc:	ea52 334f 	lsll	r2, r3, #13
341813e0:	404b      	eors	r3, r1
341813e2:	9375      	str	r3, [sp, #468]	@ 0x1d4
341813e4:	e9c4 010c 	strd	r0, r1, [r4, #48]	@ 0x30
341813e8:	e9dd 0174 	ldrd	r0, r1, [sp, #464]	@ 0x1d0
341813ec:	4602      	mov	r2, r0
341813ee:	460b      	mov	r3, r1
341813f0:	ea52 13df 	lsrl	r2, r3, #7
341813f4:	9974      	ldr	r1, [sp, #464]	@ 0x1d0
341813f6:	4051      	eors	r1, r2
341813f8:	f8cd 1418 	str.w	r1, [sp, #1048]	@ 0x418
341813fc:	9975      	ldr	r1, [sp, #468]	@ 0x1d4
341813fe:	404b      	eors	r3, r1
34181400:	f8cd 341c 	str.w	r3, [sp, #1052]	@ 0x41c
34181404:	f50d 6383 	add.w	r3, sp, #1048	@ 0x418
34181408:	e9d3 0100 	ldrd	r0, r1, [r3]
3418140c:	ea80 4340 	eor.w	r3, r0, r0, lsl #17
34181410:	4602      	mov	r2, r0
34181412:	f8c8 3000 	str.w	r3, [r8]
34181416:	63a3      	str	r3, [r4, #56]	@ 0x38
34181418:	460b      	mov	r3, r1
3418141a:	ea52 434f 	lsll	r2, r3, #17
3418141e:	404b      	eors	r3, r1
34181420:	f8c8 3004 	str.w	r3, [r8, #4]
34181424:	63e3      	str	r3, [r4, #60]	@ 0x3c
34181426:	f003 f991 	bl	3418474c <m55_measure_start>
3418142a:	2304      	movs	r3, #4
3418142c:	464a      	mov	r2, r9
3418142e:	49c7      	ldr	r1, [pc, #796]	@ (3418174c <profile_batch_kernels+0xc80>)
34181430:	48c7      	ldr	r0, [pc, #796]	@ (34181750 <profile_batch_kernels+0xc84>)
34181432:	f001 fec9 	bl	341831c8 <m55_gf_mul_const_batch4>
34181436:	3f01      	subs	r7, #1
34181438:	d1f7      	bne.n	3418142a <profile_batch_kernels+0x95e>
3418143a:	f003 f995 	bl	34184768 <m55_measure_end>
3418143e:	9b02      	ldr	r3, [sp, #8]
34181440:	f006 0203 	and.w	r2, r6, #3
34181444:	f843 0f08 	str.w	r0, [r3, #8]!
34181448:	605f      	str	r7, [r3, #4]
3418144a:	9302      	str	r3, [sp, #8]
3418144c:	f006 0301 	and.w	r3, r6, #1
34181450:	eb03 0342 	add.w	r3, r3, r2, lsl #1
34181454:	f855 0033 	ldr.w	r0, [r5, r3, lsl #3]
34181458:	eb05 03c3 	add.w	r3, r5, r3, lsl #3
3418145c:	6859      	ldr	r1, [r3, #4]
3418145e:	9b00      	ldr	r3, [sp, #0]
34181460:	3601      	adds	r6, #1
34181462:	e9d3 2300 	ldrd	r2, r3, [r3]
34181466:	4050      	eors	r0, r2
34181468:	ea83 0201 	eor.w	r2, r3, r1
3418146c:	9b00      	ldr	r3, [sp, #0]
3418146e:	9086      	str	r0, [sp, #536]	@ 0x218
34181470:	9287      	str	r2, [sp, #540]	@ 0x21c
34181472:	2e1f      	cmp	r6, #31
34181474:	e9dd 0186 	ldrd	r0, r1, [sp, #536]	@ 0x218
34181478:	e9c3 0100 	strd	r0, r1, [r3]
3418147c:	f47f ae5a 	bne.w	34181134 <profile_batch_kernels+0x668>
34181480:	469b      	mov	fp, r3
34181482:	2240      	movs	r2, #64	@ 0x40
34181484:	2304      	movs	r3, #4
34181486:	48b3      	ldr	r0, [pc, #716]	@ (34181754 <profile_batch_kernels+0xc88>)
34181488:	f50d 619d 	add.w	r1, sp, #1256	@ 0x4e8
3418148c:	f7ff f984 	bl	34180798 <print_stats>
34181490:	f8dd 9494 	ldr.w	r9, [sp, #1172]	@ 0x494
34181494:	f8cd b000 	str.w	fp, [sp]
34181498:	e9d8 2300 	ldrd	r2, r3, [r8]
3418149c:	ea82 3142 	eor.w	r1, r2, r2, lsl #13
341814a0:	9156      	str	r1, [sp, #344]	@ 0x158
341814a2:	4610      	mov	r0, r2
341814a4:	4619      	mov	r1, r3
341814a6:	ea50 314f 	lsll	r0, r1, #13
341814aa:	404b      	eors	r3, r1
341814ac:	9357      	str	r3, [sp, #348]	@ 0x15c
341814ae:	e9dd 0156 	ldrd	r0, r1, [sp, #344]	@ 0x158
341814b2:	4602      	mov	r2, r0
341814b4:	460b      	mov	r3, r1
341814b6:	ea52 13df 	lsrl	r2, r3, #7
341814ba:	9956      	ldr	r1, [sp, #344]	@ 0x158
341814bc:	2640      	movs	r6, #64	@ 0x40
341814be:	4051      	eors	r1, r2
341814c0:	91ce      	str	r1, [sp, #824]	@ 0x338
341814c2:	9957      	ldr	r1, [sp, #348]	@ 0x15c
341814c4:	404b      	eors	r3, r1
341814c6:	93cf      	str	r3, [sp, #828]	@ 0x33c
341814c8:	e9dd 01ce 	ldrd	r0, r1, [sp, #824]	@ 0x338
341814cc:	4602      	mov	r2, r0
341814ce:	460b      	mov	r3, r1
341814d0:	ea52 434f 	lsll	r2, r3, #17
341814d4:	ea80 4a40 	eor.w	sl, r0, r0, lsl #17
341814d8:	ea81 0b03 	eor.w	fp, r1, r3
341814dc:	ea8a 334a 	eor.w	r3, sl, sl, lsl #13
341814e0:	9358      	str	r3, [sp, #352]	@ 0x160
341814e2:	4652      	mov	r2, sl
341814e4:	465b      	mov	r3, fp
341814e6:	ea52 334f 	lsll	r2, r3, #13
341814ea:	ea8b 0303 	eor.w	r3, fp, r3
341814ee:	9359      	str	r3, [sp, #356]	@ 0x164
341814f0:	e9dd 0158 	ldrd	r0, r1, [sp, #352]	@ 0x160
341814f4:	4602      	mov	r2, r0
341814f6:	460b      	mov	r3, r1
341814f8:	ea52 13df 	lsrl	r2, r3, #7
341814fc:	9958      	ldr	r1, [sp, #352]	@ 0x160
341814fe:	e9c4 ab00 	strd	sl, fp, [r4]
34181502:	4051      	eors	r1, r2
34181504:	91d0      	str	r1, [sp, #832]	@ 0x340
34181506:	9959      	ldr	r1, [sp, #356]	@ 0x164
34181508:	404b      	eors	r3, r1
3418150a:	93d1      	str	r3, [sp, #836]	@ 0x344
3418150c:	e9dd 01d0 	ldrd	r0, r1, [sp, #832]	@ 0x340
34181510:	ea80 4340 	eor.w	r3, r0, r0, lsl #17
34181514:	93d2      	str	r3, [sp, #840]	@ 0x348
34181516:	4602      	mov	r2, r0
34181518:	460b      	mov	r3, r1
3418151a:	ea52 434f 	lsll	r2, r3, #17
3418151e:	404b      	eors	r3, r1
34181520:	93d3      	str	r3, [sp, #844]	@ 0x34c
34181522:	e9dd 01d2 	ldrd	r0, r1, [sp, #840]	@ 0x348
34181526:	ea80 3340 	eor.w	r3, r0, r0, lsl #13
3418152a:	935a      	str	r3, [sp, #360]	@ 0x168
3418152c:	4602      	mov	r2, r0
3418152e:	460b      	mov	r3, r1
34181530:	ea52 334f 	lsll	r2, r3, #13
34181534:	404b      	eors	r3, r1
34181536:	935b      	str	r3, [sp, #364]	@ 0x16c
34181538:	e9c4 0102 	strd	r0, r1, [r4, #8]
3418153c:	e9dd 015a 	ldrd	r0, r1, [sp, #360]	@ 0x168
34181540:	4602      	mov	r2, r0
34181542:	460b      	mov	r3, r1
34181544:	ea52 13df 	lsrl	r2, r3, #7
34181548:	995a      	ldr	r1, [sp, #360]	@ 0x168
3418154a:	4051      	eors	r1, r2
3418154c:	91d4      	str	r1, [sp, #848]	@ 0x350
3418154e:	995b      	ldr	r1, [sp, #364]	@ 0x16c
34181550:	404b      	eors	r3, r1
34181552:	93d5      	str	r3, [sp, #852]	@ 0x354
34181554:	e9dd 01d4 	ldrd	r0, r1, [sp, #848]	@ 0x350
34181558:	ea80 4340 	eor.w	r3, r0, r0, lsl #17
3418155c:	4602      	mov	r2, r0
3418155e:	93d6      	str	r3, [sp, #856]	@ 0x358
34181560:	460b      	mov	r3, r1
34181562:	ea52 434f 	lsll	r2, r3, #17
34181566:	404b      	eors	r3, r1
34181568:	93d7      	str	r3, [sp, #860]	@ 0x35c
3418156a:	e9dd 01d6 	ldrd	r0, r1, [sp, #856]	@ 0x358
3418156e:	ea80 3340 	eor.w	r3, r0, r0, lsl #13
34181572:	935c      	str	r3, [sp, #368]	@ 0x170
34181574:	4602      	mov	r2, r0
34181576:	460b      	mov	r3, r1
34181578:	ea52 334f 	lsll	r2, r3, #13
3418157c:	404b      	eors	r3, r1
3418157e:	935d      	str	r3, [sp, #372]	@ 0x174
34181580:	e9c4 0104 	strd	r0, r1, [r4, #16]
34181584:	e9dd 015c 	ldrd	r0, r1, [sp, #368]	@ 0x170
34181588:	4602      	mov	r2, r0
3418158a:	460b      	mov	r3, r1
3418158c:	ea52 13df 	lsrl	r2, r3, #7
34181590:	995c      	ldr	r1, [sp, #368]	@ 0x170
34181592:	4051      	eors	r1, r2
34181594:	91d8      	str	r1, [sp, #864]	@ 0x360
34181596:	995d      	ldr	r1, [sp, #372]	@ 0x174
34181598:	404b      	eors	r3, r1
3418159a:	93d9      	str	r3, [sp, #868]	@ 0x364
3418159c:	e9dd 01d8 	ldrd	r0, r1, [sp, #864]	@ 0x360
341815a0:	ea80 4340 	eor.w	r3, r0, r0, lsl #17
341815a4:	93da      	str	r3, [sp, #872]	@ 0x368
341815a6:	4602      	mov	r2, r0
341815a8:	460b      	mov	r3, r1
341815aa:	ea52 434f 	lsll	r2, r3, #17
341815ae:	404b      	eors	r3, r1
341815b0:	93db      	str	r3, [sp, #876]	@ 0x36c
341815b2:	e9dd 01da 	ldrd	r0, r1, [sp, #872]	@ 0x368
341815b6:	ea80 3340 	eor.w	r3, r0, r0, lsl #13
341815ba:	935e      	str	r3, [sp, #376]	@ 0x178
341815bc:	4602      	mov	r2, r0
341815be:	460b      	mov	r3, r1
341815c0:	ea52 334f 	lsll	r2, r3, #13
341815c4:	404b      	eors	r3, r1
341815c6:	935f      	str	r3, [sp, #380]	@ 0x17c
341815c8:	e9c4 0106 	strd	r0, r1, [r4, #24]
341815cc:	e9dd 015e 	ldrd	r0, r1, [sp, #376]	@ 0x178
341815d0:	4602      	mov	r2, r0
341815d2:	460b      	mov	r3, r1
341815d4:	ea52 13df 	lsrl	r2, r3, #7
341815d8:	995e      	ldr	r1, [sp, #376]	@ 0x178
341815da:	4051      	eors	r1, r2
341815dc:	91dc      	str	r1, [sp, #880]	@ 0x370
341815de:	995f      	ldr	r1, [sp, #380]	@ 0x17c
341815e0:	404b      	eors	r3, r1
341815e2:	93dd      	str	r3, [sp, #884]	@ 0x374
341815e4:	e9dd 01dc 	ldrd	r0, r1, [sp, #880]	@ 0x370
341815e8:	ea80 4340 	eor.w	r3, r0, r0, lsl #17
341815ec:	93de      	str	r3, [sp, #888]	@ 0x378
341815ee:	4602      	mov	r2, r0
341815f0:	460b      	mov	r3, r1
341815f2:	ea52 434f 	lsll	r2, r3, #17
341815f6:	404b      	eors	r3, r1
341815f8:	93df      	str	r3, [sp, #892]	@ 0x37c
341815fa:	e9dd 01de 	ldrd	r0, r1, [sp, #888]	@ 0x378
341815fe:	ea80 3340 	eor.w	r3, r0, r0, lsl #13
34181602:	9360      	str	r3, [sp, #384]	@ 0x180
34181604:	4602      	mov	r2, r0
34181606:	460b      	mov	r3, r1
34181608:	ea52 334f 	lsll	r2, r3, #13
3418160c:	404b      	eors	r3, r1
3418160e:	9361      	str	r3, [sp, #388]	@ 0x184
34181610:	e9c4 0108 	strd	r0, r1, [r4, #32]
34181614:	e9dd 0160 	ldrd	r0, r1, [sp, #384]	@ 0x180
34181618:	4602      	mov	r2, r0
3418161a:	460b      	mov	r3, r1
3418161c:	ea52 13df 	lsrl	r2, r3, #7
34181620:	9960      	ldr	r1, [sp, #384]	@ 0x180
34181622:	4051      	eors	r1, r2
34181624:	91e0      	str	r1, [sp, #896]	@ 0x380
34181626:	9961      	ldr	r1, [sp, #388]	@ 0x184
34181628:	404b      	eors	r3, r1
3418162a:	93e1      	str	r3, [sp, #900]	@ 0x384
3418162c:	e9dd 01e0 	ldrd	r0, r1, [sp, #896]	@ 0x380
34181630:	ea80 4340 	eor.w	r3, r0, r0, lsl #17
34181634:	93e2      	str	r3, [sp, #904]	@ 0x388
34181636:	4602      	mov	r2, r0
34181638:	460b      	mov	r3, r1
3418163a:	ea52 434f 	lsll	r2, r3, #17
3418163e:	404b      	eors	r3, r1
34181640:	93e3      	str	r3, [sp, #908]	@ 0x38c
34181642:	e9dd 01e2 	ldrd	r0, r1, [sp, #904]	@ 0x388
34181646:	ea80 3340 	eor.w	r3, r0, r0, lsl #13
3418164a:	9362      	str	r3, [sp, #392]	@ 0x188
3418164c:	4602      	mov	r2, r0
3418164e:	460b      	mov	r3, r1
34181650:	ea52 334f 	lsll	r2, r3, #13
34181654:	404b      	eors	r3, r1
34181656:	9363      	str	r3, [sp, #396]	@ 0x18c
34181658:	e9c4 010a 	strd	r0, r1, [r4, #40]	@ 0x28
3418165c:	e9dd 0162 	ldrd	r0, r1, [sp, #392]	@ 0x188
34181660:	4602      	mov	r2, r0
34181662:	460b      	mov	r3, r1
34181664:	ea52 13df 	lsrl	r2, r3, #7
34181668:	9962      	ldr	r1, [sp, #392]	@ 0x188
3418166a:	4051      	eors	r1, r2
3418166c:	91e4      	str	r1, [sp, #912]	@ 0x390
3418166e:	9963      	ldr	r1, [sp, #396]	@ 0x18c
34181670:	404b      	eors	r3, r1
34181672:	93e5      	str	r3, [sp, #916]	@ 0x394
34181674:	e9dd 01e4 	ldrd	r0, r1, [sp, #912]	@ 0x390
34181678:	ea80 4340 	eor.w	r3, r0, r0, lsl #17
3418167c:	93e6      	str	r3, [sp, #920]	@ 0x398
3418167e:	4602      	mov	r2, r0
34181680:	460b      	mov	r3, r1
34181682:	ea52 434f 	lsll	r2, r3, #17
34181686:	404b      	eors	r3, r1
34181688:	93e7      	str	r3, [sp, #924]	@ 0x39c
3418168a:	e9dd 01e6 	ldrd	r0, r1, [sp, #920]	@ 0x398
3418168e:	ea80 3340 	eor.w	r3, r0, r0, lsl #13
34181692:	9364      	str	r3, [sp, #400]	@ 0x190
34181694:	4602      	mov	r2, r0
34181696:	460b      	mov	r3, r1
34181698:	ea52 334f 	lsll	r2, r3, #13
3418169c:	404b      	eors	r3, r1
3418169e:	9365      	str	r3, [sp, #404]	@ 0x194
341816a0:	e9c4 010c 	strd	r0, r1, [r4, #48]	@ 0x30
341816a4:	e9dd 0164 	ldrd	r0, r1, [sp, #400]	@ 0x190
341816a8:	4602      	mov	r2, r0
341816aa:	460b      	mov	r3, r1
341816ac:	ea52 13df 	lsrl	r2, r3, #7
341816b0:	9964      	ldr	r1, [sp, #400]	@ 0x190
341816b2:	4051      	eors	r1, r2
341816b4:	91e8      	str	r1, [sp, #928]	@ 0x3a0
341816b6:	9965      	ldr	r1, [sp, #404]	@ 0x194
341816b8:	404b      	eors	r3, r1
341816ba:	93e9      	str	r3, [sp, #932]	@ 0x3a4
341816bc:	e9dd 01e8 	ldrd	r0, r1, [sp, #928]	@ 0x3a0
341816c0:	ea80 4340 	eor.w	r3, r0, r0, lsl #17
341816c4:	4602      	mov	r2, r0
341816c6:	f8c8 3000 	str.w	r3, [r8]
341816ca:	63a3      	str	r3, [r4, #56]	@ 0x38
341816cc:	460b      	mov	r3, r1
341816ce:	ea52 434f 	lsll	r2, r3, #17
341816d2:	404b      	eors	r3, r1
341816d4:	f8c8 3004 	str.w	r3, [r8, #4]
341816d8:	63e3      	str	r3, [r4, #60]	@ 0x3c
341816da:	f003 f837 	bl	3418474c <m55_measure_start>
341816de:	2304      	movs	r3, #4
341816e0:	4a1d      	ldr	r2, [pc, #116]	@ (34181758 <profile_batch_kernels+0xc8c>)
341816e2:	491a      	ldr	r1, [pc, #104]	@ (3418174c <profile_batch_kernels+0xc80>)
341816e4:	481a      	ldr	r0, [pc, #104]	@ (34181750 <profile_batch_kernels+0xc84>)
341816e6:	f002 ff59 	bl	3418459c <m55_gf_mat_vec_mul_batch4>
341816ea:	3e01      	subs	r6, #1
341816ec:	d1f7      	bne.n	341816de <profile_batch_kernels+0xc12>
341816ee:	f003 f83b 	bl	34184768 <m55_measure_end>
341816f2:	f007 0203 	and.w	r2, r7, #3
341816f6:	f007 0301 	and.w	r3, r7, #1
341816fa:	eb03 0342 	add.w	r3, r3, r2, lsl #1
341816fe:	f849 0f08 	str.w	r0, [r9, #8]!
34181702:	f855 0033 	ldr.w	r0, [r5, r3, lsl #3]
34181706:	eb05 03c3 	add.w	r3, r5, r3, lsl #3
3418170a:	6859      	ldr	r1, [r3, #4]
3418170c:	9b00      	ldr	r3, [sp, #0]
3418170e:	3701      	adds	r7, #1
34181710:	e9d3 2300 	ldrd	r2, r3, [r3]
34181714:	4050      	eors	r0, r2
34181716:	ea83 0201 	eor.w	r2, r3, r1
3418171a:	9b00      	ldr	r3, [sp, #0]
3418171c:	9088      	str	r0, [sp, #544]	@ 0x220
3418171e:	9289      	str	r2, [sp, #548]	@ 0x224
34181720:	2f1f      	cmp	r7, #31
34181722:	e9dd 0188 	ldrd	r0, r1, [sp, #544]	@ 0x220
34181726:	f8c9 6004 	str.w	r6, [r9, #4]
3418172a:	e9c3 0100 	strd	r0, r1, [r3]
3418172e:	f47f aeb3 	bne.w	34181498 <profile_batch_kernels+0x9cc>
34181732:	469b      	mov	fp, r3
34181734:	2240      	movs	r2, #64	@ 0x40
34181736:	2304      	movs	r3, #4
34181738:	4808      	ldr	r0, [pc, #32]	@ (3418175c <profile_batch_kernels+0xc90>)
3418173a:	f50d 619d 	add.w	r1, sp, #1256	@ 0x4e8
3418173e:	f7ff f82b 	bl	34180798 <print_stats>
34181742:	f8dd 9494 	ldr.w	r9, [sp, #1172]	@ 0x494
34181746:	f8cd b000 	str.w	fp, [sp]
3418174a:	e00b      	b.n	34181764 <profile_batch_kernels+0xc98>
3418174c:	341c0938 	.word	0x341c0938
34181750:	341c08f8 	.word	0x341c08f8
34181754:	3418fb7c 	.word	0x3418fb7c
34181758:	341c0e78 	.word	0x341c0e78
3418175c:	3418fb90 	.word	0x3418fb90
34181760:	341c08d8 	.word	0x341c08d8
34181764:	e9d8 2300 	ldrd	r2, r3, [r8]
34181768:	ea82 3142 	eor.w	r1, r2, r2, lsl #13
3418176c:	9136      	str	r1, [sp, #216]	@ 0xd8
3418176e:	4610      	mov	r0, r2
34181770:	4619      	mov	r1, r3
34181772:	ea50 314f 	lsll	r0, r1, #13
34181776:	404b      	eors	r3, r1
34181778:	9337      	str	r3, [sp, #220]	@ 0xdc
3418177a:	e9dd 0136 	ldrd	r0, r1, [sp, #216]	@ 0xd8
3418177e:	4602      	mov	r2, r0
34181780:	460b      	mov	r3, r1
34181782:	ea52 13df 	lsrl	r2, r3, #7
34181786:	9936      	ldr	r1, [sp, #216]	@ 0xd8
34181788:	2740      	movs	r7, #64	@ 0x40
3418178a:	4051      	eors	r1, r2
3418178c:	9192      	str	r1, [sp, #584]	@ 0x248
3418178e:	9937      	ldr	r1, [sp, #220]	@ 0xdc
34181790:	404b      	eors	r3, r1
34181792:	9393      	str	r3, [sp, #588]	@ 0x24c
34181794:	e9dd 0192 	ldrd	r0, r1, [sp, #584]	@ 0x248
34181798:	4602      	mov	r2, r0
3418179a:	460b      	mov	r3, r1
3418179c:	ea52 434f 	lsll	r2, r3, #17
341817a0:	ea80 4a40 	eor.w	sl, r0, r0, lsl #17
341817a4:	ea81 0b03 	eor.w	fp, r1, r3
341817a8:	ea8a 334a 	eor.w	r3, sl, sl, lsl #13
341817ac:	9338      	str	r3, [sp, #224]	@ 0xe0
341817ae:	4652      	mov	r2, sl
341817b0:	465b      	mov	r3, fp
341817b2:	ea52 334f 	lsll	r2, r3, #13
341817b6:	ea8b 0303 	eor.w	r3, fp, r3
341817ba:	9339      	str	r3, [sp, #228]	@ 0xe4
341817bc:	e9dd 0138 	ldrd	r0, r1, [sp, #224]	@ 0xe0
341817c0:	4602      	mov	r2, r0
341817c2:	460b      	mov	r3, r1
341817c4:	ea52 13df 	lsrl	r2, r3, #7
341817c8:	9938      	ldr	r1, [sp, #224]	@ 0xe0
341817ca:	e9c4 ab00 	strd	sl, fp, [r4]
341817ce:	4051      	eors	r1, r2
341817d0:	9194      	str	r1, [sp, #592]	@ 0x250
341817d2:	9939      	ldr	r1, [sp, #228]	@ 0xe4
341817d4:	404b      	eors	r3, r1
341817d6:	9395      	str	r3, [sp, #596]	@ 0x254
341817d8:	e9dd 0194 	ldrd	r0, r1, [sp, #592]	@ 0x250
341817dc:	ea80 4340 	eor.w	r3, r0, r0, lsl #17
341817e0:	9396      	str	r3, [sp, #600]	@ 0x258
341817e2:	4602      	mov	r2, r0
341817e4:	460b      	mov	r3, r1
341817e6:	ea52 434f 	lsll	r2, r3, #17
341817ea:	404b      	eors	r3, r1
341817ec:	9397      	str	r3, [sp, #604]	@ 0x25c
341817ee:	e9dd 0196 	ldrd	r0, r1, [sp, #600]	@ 0x258
341817f2:	ea80 3340 	eor.w	r3, r0, r0, lsl #13
341817f6:	933a      	str	r3, [sp, #232]	@ 0xe8
341817f8:	4602      	mov	r2, r0
341817fa:	460b      	mov	r3, r1
341817fc:	ea52 334f 	lsll	r2, r3, #13
34181800:	404b      	eors	r3, r1
34181802:	933b      	str	r3, [sp, #236]	@ 0xec
34181804:	e9c4 0102 	strd	r0, r1, [r4, #8]
34181808:	e9dd 013a 	ldrd	r0, r1, [sp, #232]	@ 0xe8
3418180c:	4602      	mov	r2, r0
3418180e:	460b      	mov	r3, r1
34181810:	ea52 13df 	lsrl	r2, r3, #7
34181814:	993a      	ldr	r1, [sp, #232]	@ 0xe8
34181816:	4051      	eors	r1, r2
34181818:	9198      	str	r1, [sp, #608]	@ 0x260
3418181a:	993b      	ldr	r1, [sp, #236]	@ 0xec
3418181c:	404b      	eors	r3, r1
3418181e:	9399      	str	r3, [sp, #612]	@ 0x264
34181820:	e9dd 0198 	ldrd	r0, r1, [sp, #608]	@ 0x260
34181824:	ea80 4340 	eor.w	r3, r0, r0, lsl #17
34181828:	4602      	mov	r2, r0
3418182a:	939a      	str	r3, [sp, #616]	@ 0x268
3418182c:	460b      	mov	r3, r1
3418182e:	ea52 434f 	lsll	r2, r3, #17
34181832:	404b      	eors	r3, r1
34181834:	939b      	str	r3, [sp, #620]	@ 0x26c
34181836:	e9dd 019a 	ldrd	r0, r1, [sp, #616]	@ 0x268
3418183a:	ea80 3340 	eor.w	r3, r0, r0, lsl #13
3418183e:	933c      	str	r3, [sp, #240]	@ 0xf0
34181840:	4602      	mov	r2, r0
34181842:	460b      	mov	r3, r1
34181844:	ea52 334f 	lsll	r2, r3, #13
34181848:	404b      	eors	r3, r1
3418184a:	933d      	str	r3, [sp, #244]	@ 0xf4
3418184c:	e9c5 0100 	strd	r0, r1, [r5]
34181850:	e9dd 013c 	ldrd	r0, r1, [sp, #240]	@ 0xf0
34181854:	4602      	mov	r2, r0
34181856:	460b      	mov	r3, r1
34181858:	ea52 13df 	lsrl	r2, r3, #7
3418185c:	993c      	ldr	r1, [sp, #240]	@ 0xf0
3418185e:	4051      	eors	r1, r2
34181860:	919c      	str	r1, [sp, #624]	@ 0x270
34181862:	993d      	ldr	r1, [sp, #244]	@ 0xf4
34181864:	404b      	eors	r3, r1
34181866:	939d      	str	r3, [sp, #628]	@ 0x274
34181868:	e9dd 019c 	ldrd	r0, r1, [sp, #624]	@ 0x270
3418186c:	ea80 4340 	eor.w	r3, r0, r0, lsl #17
34181870:	939e      	str	r3, [sp, #632]	@ 0x278
34181872:	4602      	mov	r2, r0
34181874:	460b      	mov	r3, r1
34181876:	ea52 434f 	lsll	r2, r3, #17
3418187a:	404b      	eors	r3, r1
3418187c:	939f      	str	r3, [sp, #636]	@ 0x27c
3418187e:	e9dd 019e 	ldrd	r0, r1, [sp, #632]	@ 0x278
34181882:	ea80 3340 	eor.w	r3, r0, r0, lsl #13
34181886:	933e      	str	r3, [sp, #248]	@ 0xf8
34181888:	4602      	mov	r2, r0
3418188a:	460b      	mov	r3, r1
3418188c:	ea52 334f 	lsll	r2, r3, #13
34181890:	404b      	eors	r3, r1
34181892:	933f      	str	r3, [sp, #252]	@ 0xfc
34181894:	e9c5 0102 	strd	r0, r1, [r5, #8]
34181898:	e9dd 013e 	ldrd	r0, r1, [sp, #248]	@ 0xf8
3418189c:	4602      	mov	r2, r0
3418189e:	460b      	mov	r3, r1
341818a0:	ea52 13df 	lsrl	r2, r3, #7
341818a4:	993e      	ldr	r1, [sp, #248]	@ 0xf8
341818a6:	4051      	eors	r1, r2
341818a8:	91a0      	str	r1, [sp, #640]	@ 0x280
341818aa:	993f      	ldr	r1, [sp, #252]	@ 0xfc
341818ac:	404b      	eors	r3, r1
341818ae:	93a1      	str	r3, [sp, #644]	@ 0x284
341818b0:	e9dd 01a0 	ldrd	r0, r1, [sp, #640]	@ 0x280
341818b4:	ea80 4340 	eor.w	r3, r0, r0, lsl #17
341818b8:	93a2      	str	r3, [sp, #648]	@ 0x288
341818ba:	4602      	mov	r2, r0
341818bc:	460b      	mov	r3, r1
341818be:	ea52 434f 	lsll	r2, r3, #17
341818c2:	404b      	eors	r3, r1
341818c4:	93a3      	str	r3, [sp, #652]	@ 0x28c
341818c6:	e9dd 01a2 	ldrd	r0, r1, [sp, #648]	@ 0x288
341818ca:	ea80 3340 	eor.w	r3, r0, r0, lsl #13
341818ce:	9340      	str	r3, [sp, #256]	@ 0x100
341818d0:	4602      	mov	r2, r0
341818d2:	460b      	mov	r3, r1
341818d4:	ea52 334f 	lsll	r2, r3, #13
341818d8:	404b      	eors	r3, r1
341818da:	9341      	str	r3, [sp, #260]	@ 0x104
341818dc:	e9c4 0104 	strd	r0, r1, [r4, #16]
341818e0:	e9dd 0140 	ldrd	r0, r1, [sp, #256]	@ 0x100
341818e4:	4602      	mov	r2, r0
341818e6:	460b      	mov	r3, r1
341818e8:	ea52 13df 	lsrl	r2, r3, #7
341818ec:	9940      	ldr	r1, [sp, #256]	@ 0x100
341818ee:	4051      	eors	r1, r2
341818f0:	91a4      	str	r1, [sp, #656]	@ 0x290
341818f2:	9941      	ldr	r1, [sp, #260]	@ 0x104
341818f4:	404b      	eors	r3, r1
341818f6:	93a5      	str	r3, [sp, #660]	@ 0x294
341818f8:	e9dd 01a4 	ldrd	r0, r1, [sp, #656]	@ 0x290
341818fc:	ea80 4340 	eor.w	r3, r0, r0, lsl #17
34181900:	93a6      	str	r3, [sp, #664]	@ 0x298
34181902:	4602      	mov	r2, r0
34181904:	460b      	mov	r3, r1
34181906:	ea52 434f 	lsll	r2, r3, #17
3418190a:	404b      	eors	r3, r1
3418190c:	93a7      	str	r3, [sp, #668]	@ 0x29c
3418190e:	e9dd 01a6 	ldrd	r0, r1, [sp, #664]	@ 0x298
34181912:	ea80 3340 	eor.w	r3, r0, r0, lsl #13
34181916:	9342      	str	r3, [sp, #264]	@ 0x108
34181918:	4602      	mov	r2, r0
3418191a:	460b      	mov	r3, r1
3418191c:	ea52 334f 	lsll	r2, r3, #13
34181920:	404b      	eors	r3, r1
34181922:	9343      	str	r3, [sp, #268]	@ 0x10c
34181924:	e9c4 0106 	strd	r0, r1, [r4, #24]
34181928:	e9dd 0142 	ldrd	r0, r1, [sp, #264]	@ 0x108
3418192c:	4602      	mov	r2, r0
3418192e:	460b      	mov	r3, r1
34181930:	ea52 13df 	lsrl	r2, r3, #7
34181934:	9942      	ldr	r1, [sp, #264]	@ 0x108
34181936:	4051      	eors	r1, r2
34181938:	91a8      	str	r1, [sp, #672]	@ 0x2a0
3418193a:	9943      	ldr	r1, [sp, #268]	@ 0x10c
3418193c:	404b      	eors	r3, r1
3418193e:	93a9      	str	r3, [sp, #676]	@ 0x2a4
34181940:	e9dd 01a8 	ldrd	r0, r1, [sp, #672]	@ 0x2a0
34181944:	ea80 4340 	eor.w	r3, r0, r0, lsl #17
34181948:	93aa      	str	r3, [sp, #680]	@ 0x2a8
3418194a:	4602      	mov	r2, r0
3418194c:	460b      	mov	r3, r1
3418194e:	ea52 434f 	lsll	r2, r3, #17
34181952:	404b      	eors	r3, r1
34181954:	93ab      	str	r3, [sp, #684]	@ 0x2ac
34181956:	e9dd 01aa 	ldrd	r0, r1, [sp, #680]	@ 0x2a8
3418195a:	ea80 3340 	eor.w	r3, r0, r0, lsl #13
3418195e:	9344      	str	r3, [sp, #272]	@ 0x110
34181960:	4602      	mov	r2, r0
34181962:	460b      	mov	r3, r1
34181964:	ea52 334f 	lsll	r2, r3, #13
34181968:	404b      	eors	r3, r1
3418196a:	9345      	str	r3, [sp, #276]	@ 0x114
3418196c:	e9c5 0104 	strd	r0, r1, [r5, #16]
34181970:	e9dd 0144 	ldrd	r0, r1, [sp, #272]	@ 0x110
34181974:	4602      	mov	r2, r0
34181976:	460b      	mov	r3, r1
34181978:	ea52 13df 	lsrl	r2, r3, #7
3418197c:	9944      	ldr	r1, [sp, #272]	@ 0x110
3418197e:	4051      	eors	r1, r2
34181980:	91ac      	str	r1, [sp, #688]	@ 0x2b0
34181982:	9945      	ldr	r1, [sp, #276]	@ 0x114
34181984:	404b      	eors	r3, r1
34181986:	93ad      	str	r3, [sp, #692]	@ 0x2b4
34181988:	e9dd 01ac 	ldrd	r0, r1, [sp, #688]	@ 0x2b0
3418198c:	ea80 4340 	eor.w	r3, r0, r0, lsl #17
34181990:	93ae      	str	r3, [sp, #696]	@ 0x2b8
34181992:	4602      	mov	r2, r0
34181994:	460b      	mov	r3, r1
34181996:	ea52 434f 	lsll	r2, r3, #17
3418199a:	404b      	eors	r3, r1
3418199c:	93af      	str	r3, [sp, #700]	@ 0x2bc
3418199e:	e9dd 01ae 	ldrd	r0, r1, [sp, #696]	@ 0x2b8
341819a2:	ea80 3340 	eor.w	r3, r0, r0, lsl #13
341819a6:	9346      	str	r3, [sp, #280]	@ 0x118
341819a8:	4602      	mov	r2, r0
341819aa:	460b      	mov	r3, r1
341819ac:	ea52 334f 	lsll	r2, r3, #13
341819b0:	404b      	eors	r3, r1
341819b2:	9347      	str	r3, [sp, #284]	@ 0x11c
341819b4:	e9c5 0106 	strd	r0, r1, [r5, #24]
341819b8:	e9dd 0146 	ldrd	r0, r1, [sp, #280]	@ 0x118
341819bc:	4602      	mov	r2, r0
341819be:	460b      	mov	r3, r1
341819c0:	ea52 13df 	lsrl	r2, r3, #7
341819c4:	9946      	ldr	r1, [sp, #280]	@ 0x118
341819c6:	4051      	eors	r1, r2
341819c8:	91b0      	str	r1, [sp, #704]	@ 0x2c0
341819ca:	9947      	ldr	r1, [sp, #284]	@ 0x11c
341819cc:	404b      	eors	r3, r1
341819ce:	93b1      	str	r3, [sp, #708]	@ 0x2c4
341819d0:	e9dd 01b0 	ldrd	r0, r1, [sp, #704]	@ 0x2c0
341819d4:	ea80 4340 	eor.w	r3, r0, r0, lsl #17
341819d8:	93b2      	str	r3, [sp, #712]	@ 0x2c8
341819da:	4602      	mov	r2, r0
341819dc:	460b      	mov	r3, r1
341819de:	ea52 434f 	lsll	r2, r3, #17
341819e2:	404b      	eors	r3, r1
341819e4:	93b3      	str	r3, [sp, #716]	@ 0x2cc
341819e6:	e9dd 01b2 	ldrd	r0, r1, [sp, #712]	@ 0x2c8
341819ea:	ea80 3340 	eor.w	r3, r0, r0, lsl #13
341819ee:	9348      	str	r3, [sp, #288]	@ 0x120
341819f0:	4602      	mov	r2, r0
341819f2:	460b      	mov	r3, r1
341819f4:	ea52 334f 	lsll	r2, r3, #13
341819f8:	404b      	eors	r3, r1
341819fa:	9349      	str	r3, [sp, #292]	@ 0x124
341819fc:	e9c4 0108 	strd	r0, r1, [r4, #32]
34181a00:	e9dd 0148 	ldrd	r0, r1, [sp, #288]	@ 0x120
34181a04:	4602      	mov	r2, r0
34181a06:	460b      	mov	r3, r1
34181a08:	ea52 13df 	lsrl	r2, r3, #7
34181a0c:	9948      	ldr	r1, [sp, #288]	@ 0x120
34181a0e:	4051      	eors	r1, r2
34181a10:	91b4      	str	r1, [sp, #720]	@ 0x2d0
34181a12:	9949      	ldr	r1, [sp, #292]	@ 0x124
34181a14:	404b      	eors	r3, r1
34181a16:	93b5      	str	r3, [sp, #724]	@ 0x2d4
34181a18:	e9dd 01b4 	ldrd	r0, r1, [sp, #720]	@ 0x2d0
34181a1c:	ea80 4340 	eor.w	r3, r0, r0, lsl #17
34181a20:	93b6      	str	r3, [sp, #728]	@ 0x2d8
34181a22:	4602      	mov	r2, r0
34181a24:	460b      	mov	r3, r1
34181a26:	ea52 434f 	lsll	r2, r3, #17
34181a2a:	404b      	eors	r3, r1
34181a2c:	93b7      	str	r3, [sp, #732]	@ 0x2dc
34181a2e:	e9dd 01b6 	ldrd	r0, r1, [sp, #728]	@ 0x2d8
34181a32:	ea80 3340 	eor.w	r3, r0, r0, lsl #13
34181a36:	934a      	str	r3, [sp, #296]	@ 0x128
34181a38:	4602      	mov	r2, r0
34181a3a:	460b      	mov	r3, r1
34181a3c:	ea52 334f 	lsll	r2, r3, #13
34181a40:	404b      	eors	r3, r1
34181a42:	934b      	str	r3, [sp, #300]	@ 0x12c
34181a44:	e9c4 010a 	strd	r0, r1, [r4, #40]	@ 0x28
34181a48:	e9dd 014a 	ldrd	r0, r1, [sp, #296]	@ 0x128
34181a4c:	4602      	mov	r2, r0
34181a4e:	460b      	mov	r3, r1
34181a50:	ea52 13df 	lsrl	r2, r3, #7
34181a54:	994a      	ldr	r1, [sp, #296]	@ 0x128
34181a56:	4051      	eors	r1, r2
34181a58:	91b8      	str	r1, [sp, #736]	@ 0x2e0
34181a5a:	994b      	ldr	r1, [sp, #300]	@ 0x12c
34181a5c:	404b      	eors	r3, r1
34181a5e:	93b9      	str	r3, [sp, #740]	@ 0x2e4
34181a60:	e9dd 01b8 	ldrd	r0, r1, [sp, #736]	@ 0x2e0
34181a64:	ea80 4340 	eor.w	r3, r0, r0, lsl #17
34181a68:	93ba      	str	r3, [sp, #744]	@ 0x2e8
34181a6a:	4602      	mov	r2, r0
34181a6c:	460b      	mov	r3, r1
34181a6e:	ea52 434f 	lsll	r2, r3, #17
34181a72:	404b      	eors	r3, r1
34181a74:	93bb      	str	r3, [sp, #748]	@ 0x2ec
34181a76:	e9dd 01ba 	ldrd	r0, r1, [sp, #744]	@ 0x2e8
34181a7a:	ea80 3340 	eor.w	r3, r0, r0, lsl #13
34181a7e:	934c      	str	r3, [sp, #304]	@ 0x130
34181a80:	4602      	mov	r2, r0
34181a82:	460b      	mov	r3, r1
34181a84:	ea52 334f 	lsll	r2, r3, #13
34181a88:	404b      	eors	r3, r1
34181a8a:	934d      	str	r3, [sp, #308]	@ 0x134
34181a8c:	e9c5 0108 	strd	r0, r1, [r5, #32]
34181a90:	e9dd 014c 	ldrd	r0, r1, [sp, #304]	@ 0x130
34181a94:	4602      	mov	r2, r0
34181a96:	460b      	mov	r3, r1
34181a98:	ea52 13df 	lsrl	r2, r3, #7
34181a9c:	994c      	ldr	r1, [sp, #304]	@ 0x130
34181a9e:	4051      	eors	r1, r2
34181aa0:	91bc      	str	r1, [sp, #752]	@ 0x2f0
34181aa2:	994d      	ldr	r1, [sp, #308]	@ 0x134
34181aa4:	404b      	eors	r3, r1
34181aa6:	93bd      	str	r3, [sp, #756]	@ 0x2f4
34181aa8:	e9dd 01bc 	ldrd	r0, r1, [sp, #752]	@ 0x2f0
34181aac:	ea80 4340 	eor.w	r3, r0, r0, lsl #17
34181ab0:	93be      	str	r3, [sp, #760]	@ 0x2f8
34181ab2:	4602      	mov	r2, r0
34181ab4:	460b      	mov	r3, r1
34181ab6:	ea52 434f 	lsll	r2, r3, #17
34181aba:	404b      	eors	r3, r1
34181abc:	93bf      	str	r3, [sp, #764]	@ 0x2fc
34181abe:	e9dd 01be 	ldrd	r0, r1, [sp, #760]	@ 0x2f8
34181ac2:	ea80 3340 	eor.w	r3, r0, r0, lsl #13
34181ac6:	934e      	str	r3, [sp, #312]	@ 0x138
34181ac8:	4602      	mov	r2, r0
34181aca:	460b      	mov	r3, r1
34181acc:	ea52 334f 	lsll	r2, r3, #13
34181ad0:	404b      	eors	r3, r1
34181ad2:	934f      	str	r3, [sp, #316]	@ 0x13c
34181ad4:	e9c5 010a 	strd	r0, r1, [r5, #40]	@ 0x28
34181ad8:	e9dd 014e 	ldrd	r0, r1, [sp, #312]	@ 0x138
34181adc:	4602      	mov	r2, r0
34181ade:	460b      	mov	r3, r1
34181ae0:	ea52 13df 	lsrl	r2, r3, #7
34181ae4:	994e      	ldr	r1, [sp, #312]	@ 0x138
34181ae6:	4051      	eors	r1, r2
34181ae8:	91c0      	str	r1, [sp, #768]	@ 0x300
34181aea:	994f      	ldr	r1, [sp, #316]	@ 0x13c
34181aec:	404b      	eors	r3, r1
34181aee:	93c1      	str	r3, [sp, #772]	@ 0x304
34181af0:	e9dd 01c0 	ldrd	r0, r1, [sp, #768]	@ 0x300
34181af4:	ea80 4340 	eor.w	r3, r0, r0, lsl #17
34181af8:	93c2      	str	r3, [sp, #776]	@ 0x308
34181afa:	4602      	mov	r2, r0
34181afc:	460b      	mov	r3, r1
34181afe:	ea52 434f 	lsll	r2, r3, #17
34181b02:	404b      	eors	r3, r1
34181b04:	93c3      	str	r3, [sp, #780]	@ 0x30c
34181b06:	e9dd 01c2 	ldrd	r0, r1, [sp, #776]	@ 0x308
34181b0a:	ea80 3340 	eor.w	r3, r0, r0, lsl #13
34181b0e:	9350      	str	r3, [sp, #320]	@ 0x140
34181b10:	4602      	mov	r2, r0
34181b12:	460b      	mov	r3, r1
34181b14:	ea52 334f 	lsll	r2, r3, #13
34181b18:	404b      	eors	r3, r1
34181b1a:	9351      	str	r3, [sp, #324]	@ 0x144
34181b1c:	e9c4 010c 	strd	r0, r1, [r4, #48]	@ 0x30
34181b20:	e9dd 0150 	ldrd	r0, r1, [sp, #320]	@ 0x140
34181b24:	4602      	mov	r2, r0
34181b26:	460b      	mov	r3, r1
34181b28:	ea52 13df 	lsrl	r2, r3, #7
34181b2c:	9950      	ldr	r1, [sp, #320]	@ 0x140
34181b2e:	4051      	eors	r1, r2
34181b30:	91c4      	str	r1, [sp, #784]	@ 0x310
34181b32:	9951      	ldr	r1, [sp, #324]	@ 0x144
34181b34:	404b      	eors	r3, r1
34181b36:	93c5      	str	r3, [sp, #788]	@ 0x314
34181b38:	e9dd 01c4 	ldrd	r0, r1, [sp, #784]	@ 0x310
34181b3c:	ea80 4340 	eor.w	r3, r0, r0, lsl #17
34181b40:	93c6      	str	r3, [sp, #792]	@ 0x318
34181b42:	4602      	mov	r2, r0
34181b44:	460b      	mov	r3, r1
34181b46:	ea52 434f 	lsll	r2, r3, #17
34181b4a:	404b      	eors	r3, r1
34181b4c:	93c7      	str	r3, [sp, #796]	@ 0x31c
34181b4e:	e9dd 01c6 	ldrd	r0, r1, [sp, #792]	@ 0x318
34181b52:	ea80 3340 	eor.w	r3, r0, r0, lsl #13
34181b56:	9352      	str	r3, [sp, #328]	@ 0x148
34181b58:	4602      	mov	r2, r0
34181b5a:	460b      	mov	r3, r1
34181b5c:	ea52 334f 	lsll	r2, r3, #13
34181b60:	404b      	eors	r3, r1
34181b62:	9353      	str	r3, [sp, #332]	@ 0x14c
34181b64:	e9c4 010e 	strd	r0, r1, [r4, #56]	@ 0x38
34181b68:	e9dd 0152 	ldrd	r0, r1, [sp, #328]	@ 0x148
34181b6c:	4602      	mov	r2, r0
34181b6e:	460b      	mov	r3, r1
34181b70:	ea52 13df 	lsrl	r2, r3, #7
34181b74:	9952      	ldr	r1, [sp, #328]	@ 0x148
34181b76:	4051      	eors	r1, r2
34181b78:	91c8      	str	r1, [sp, #800]	@ 0x320
34181b7a:	9953      	ldr	r1, [sp, #332]	@ 0x14c
34181b7c:	404b      	eors	r3, r1
34181b7e:	93c9      	str	r3, [sp, #804]	@ 0x324
34181b80:	e9dd 01c8 	ldrd	r0, r1, [sp, #800]	@ 0x320
34181b84:	ea80 4340 	eor.w	r3, r0, r0, lsl #17
34181b88:	93ca      	str	r3, [sp, #808]	@ 0x328
34181b8a:	4602      	mov	r2, r0
34181b8c:	460b      	mov	r3, r1
34181b8e:	ea52 434f 	lsll	r2, r3, #17
34181b92:	404b      	eors	r3, r1
34181b94:	93cb      	str	r3, [sp, #812]	@ 0x32c
34181b96:	e9dd 01ca 	ldrd	r0, r1, [sp, #808]	@ 0x328
34181b9a:	ea80 3340 	eor.w	r3, r0, r0, lsl #13
34181b9e:	9354      	str	r3, [sp, #336]	@ 0x150
34181ba0:	4602      	mov	r2, r0
34181ba2:	460b      	mov	r3, r1
34181ba4:	ea52 334f 	lsll	r2, r3, #13
34181ba8:	404b      	eors	r3, r1
34181baa:	9355      	str	r3, [sp, #340]	@ 0x154
34181bac:	e9c5 010c 	strd	r0, r1, [r5, #48]	@ 0x30
34181bb0:	e9dd 0154 	ldrd	r0, r1, [sp, #336]	@ 0x150
34181bb4:	4602      	mov	r2, r0
34181bb6:	460b      	mov	r3, r1
34181bb8:	ea52 13df 	lsrl	r2, r3, #7
34181bbc:	9954      	ldr	r1, [sp, #336]	@ 0x150
34181bbe:	4051      	eors	r1, r2
34181bc0:	91cc      	str	r1, [sp, #816]	@ 0x330
34181bc2:	9955      	ldr	r1, [sp, #340]	@ 0x154
34181bc4:	404b      	eors	r3, r1
34181bc6:	93cd      	str	r3, [sp, #820]	@ 0x334
34181bc8:	e9dd 01cc 	ldrd	r0, r1, [sp, #816]	@ 0x330
34181bcc:	ea80 4340 	eor.w	r3, r0, r0, lsl #17
34181bd0:	4602      	mov	r2, r0
34181bd2:	f8c8 3000 	str.w	r3, [r8]
34181bd6:	63ab      	str	r3, [r5, #56]	@ 0x38
34181bd8:	460b      	mov	r3, r1
34181bda:	ea52 434f 	lsll	r2, r3, #17
34181bde:	404b      	eors	r3, r1
34181be0:	f8c8 3004 	str.w	r3, [r8, #4]
34181be4:	63eb      	str	r3, [r5, #60]	@ 0x3c
34181be6:	f002 fdb1 	bl	3418474c <m55_measure_start>
34181bea:	2304      	movs	r3, #4
34181bec:	4a18      	ldr	r2, [pc, #96]	@ (34181c50 <profile_batch_kernels+0x1184>)
34181bee:	4919      	ldr	r1, [pc, #100]	@ (34181c54 <profile_batch_kernels+0x1188>)
34181bf0:	4819      	ldr	r0, [pc, #100]	@ (34181c58 <profile_batch_kernels+0x118c>)
34181bf2:	f002 fbcd 	bl	34184390 <m55_gf_mat_vec_mul_add_batch4>
34181bf6:	3f01      	subs	r7, #1
34181bf8:	d1f7      	bne.n	34181bea <profile_batch_kernels+0x111e>
34181bfa:	f002 fdb5 	bl	34184768 <m55_measure_end>
34181bfe:	f006 0203 	and.w	r2, r6, #3
34181c02:	f006 0301 	and.w	r3, r6, #1
34181c06:	eb03 0342 	add.w	r3, r3, r2, lsl #1
34181c0a:	f849 0f08 	str.w	r0, [r9, #8]!
34181c0e:	f855 0033 	ldr.w	r0, [r5, r3, lsl #3]
34181c12:	eb05 03c3 	add.w	r3, r5, r3, lsl #3
34181c16:	6859      	ldr	r1, [r3, #4]
34181c18:	f8c9 7004 	str.w	r7, [r9, #4]
34181c1c:	9f00      	ldr	r7, [sp, #0]
34181c1e:	3601      	adds	r6, #1
34181c20:	e9d7 2300 	ldrd	r2, r3, [r7]
34181c24:	4050      	eors	r0, r2
34181c26:	404b      	eors	r3, r1
34181c28:	908a      	str	r0, [sp, #552]	@ 0x228
34181c2a:	938b      	str	r3, [sp, #556]	@ 0x22c
34181c2c:	2e1f      	cmp	r6, #31
34181c2e:	e9dd 238a 	ldrd	r2, r3, [sp, #552]	@ 0x228
34181c32:	e9c7 2300 	strd	r2, r3, [r7]
34181c36:	f47f ad95 	bne.w	34181764 <profile_batch_kernels+0xc98>
34181c3a:	2304      	movs	r3, #4
34181c3c:	2240      	movs	r2, #64	@ 0x40
34181c3e:	4807      	ldr	r0, [pc, #28]	@ (34181c5c <profile_batch_kernels+0x1190>)
34181c40:	f50d 619d 	add.w	r1, sp, #1256	@ 0x4e8
34181c44:	f7fe fda8 	bl	34180798 <print_stats>
34181c48:	f20d 5de4 	addw	sp, sp, #1508	@ 0x5e4
34181c4c:	e8bd 8ff0 	ldmia.w	sp!, {r4, r5, r6, r7, r8, r9, sl, fp, pc}
34181c50:	341c0e78 	.word	0x341c0e78
34181c54:	341c0938 	.word	0x341c0938
34181c58:	341c08f8 	.word	0x341c08f8
34181c5c:	3418fba8 	.word	0x3418fba8

34181c60 <profile_mpc>:
34181c60:	4b25      	ldr	r3, [pc, #148]	@ (34181cf8 <profile_mpc+0x98>)
34181c62:	e92d 4ff0 	stmdb	sp!, {r4, r5, r6, r7, r8, r9, sl, fp, lr}
34181c66:	e9d3 2300 	ldrd	r2, r3, [r3]
34181c6a:	4690      	mov	r8, r2
34181c6c:	4699      	mov	r9, r3
34181c6e:	ea58 394f 	lsll	r8, r9, #13
34181c72:	ea82 3042 	eor.w	r0, r2, r2, lsl #13
34181c76:	ea83 0109 	eor.w	r1, r3, r9
34181c7a:	4602      	mov	r2, r0
34181c7c:	460b      	mov	r3, r1
34181c7e:	ea52 13df 	lsrl	r2, r3, #7
34181c82:	ea80 0802 	eor.w	r8, r0, r2
34181c86:	ea81 0903 	eor.w	r9, r1, r3
34181c8a:	4642      	mov	r2, r8
34181c8c:	464b      	mov	r3, r9
34181c8e:	ea52 434f 	lsll	r2, r3, #17
34181c92:	ea88 4048 	eor.w	r0, r8, r8, lsl #17
34181c96:	ea89 0103 	eor.w	r1, r9, r3
34181c9a:	4680      	mov	r8, r0
34181c9c:	4689      	mov	r9, r1
34181c9e:	ea58 394f 	lsll	r8, r9, #13
34181ca2:	f2ad 5dac 	subw	sp, sp, #1452	@ 0x5ac
34181ca6:	ea80 3240 	eor.w	r2, r0, r0, lsl #13
34181caa:	ea81 0309 	eor.w	r3, r1, r9
34181cae:	e9cd 01ac 	strd	r0, r1, [sp, #688]	@ 0x2b0
34181cb2:	4610      	mov	r0, r2
34181cb4:	4619      	mov	r1, r3
34181cb6:	ea50 11df 	lsrl	r0, r1, #7
34181cba:	ea82 0800 	eor.w	r8, r2, r0
34181cbe:	ea83 0901 	eor.w	r9, r3, r1
34181cc2:	4642      	mov	r2, r8
34181cc4:	464b      	mov	r3, r9
34181cc6:	acae      	add	r4, sp, #696	@ 0x2b8
34181cc8:	ea52 434f 	lsll	r2, r3, #17
34181ccc:	e9cd 44a2 	strd	r4, r4, [sp, #648]	@ 0x288
34181cd0:	2400      	movs	r4, #0
34181cd2:	ea88 4048 	eor.w	r0, r8, r8, lsl #17
34181cd6:	ea89 0103 	eor.w	r1, r9, r3
34181cda:	949b      	str	r4, [sp, #620]	@ 0x26c
34181cdc:	e9cd 01ae 	strd	r0, r1, [sp, #696]	@ 0x2b8
34181ce0:	acec      	add	r4, sp, #944	@ 0x3b0
34181ce2:	94a1      	str	r4, [sp, #644]	@ 0x284
34181ce4:	f50d 6495 	add.w	r4, sp, #1192	@ 0x4a8
34181ce8:	94a0      	str	r4, [sp, #640]	@ 0x280
34181cea:	f04f 0e04 	mov.w	lr, #4
34181cee:	f04e e001 	dls	lr, lr
34181cf2:	f8df c008 	ldr.w	ip, [pc, #8]	@ 34181cfc <profile_mpc+0x9c>
34181cf6:	e003      	b.n	34181d00 <profile_mpc+0xa0>
34181cf8:	341c0000 	.word	0x341c0000
34181cfc:	341c0cb8 	.word	0x341c0cb8
34181d00:	4680      	mov	r8, r0
34181d02:	4689      	mov	r9, r1
34181d04:	ea58 394f 	lsll	r8, r9, #13
34181d08:	ea80 3340 	eor.w	r3, r0, r0, lsl #13
34181d0c:	930e      	str	r3, [sp, #56]	@ 0x38
34181d0e:	ea89 0301 	eor.w	r3, r9, r1
34181d12:	930f      	str	r3, [sp, #60]	@ 0x3c
34181d14:	e9dd 230e 	ldrd	r2, r3, [sp, #56]	@ 0x38
34181d18:	4690      	mov	r8, r2
34181d1a:	4699      	mov	r9, r3
34181d1c:	ea58 19df 	lsrl	r8, r9, #7
34181d20:	9b0e      	ldr	r3, [sp, #56]	@ 0x38
34181d22:	f10c 0c70 	add.w	ip, ip, #112	@ 0x70
34181d26:	ea83 0308 	eor.w	r3, r3, r8
34181d2a:	934e      	str	r3, [sp, #312]	@ 0x138
34181d2c:	9b0f      	ldr	r3, [sp, #60]	@ 0x3c
34181d2e:	ea83 0309 	eor.w	r3, r3, r9
34181d32:	934f      	str	r3, [sp, #316]	@ 0x13c
34181d34:	e9dd 894e 	ldrd	r8, r9, [sp, #312]	@ 0x138
34181d38:	ea88 4348 	eor.w	r3, r8, r8, lsl #17
34181d3c:	9350      	str	r3, [sp, #320]	@ 0x140
34181d3e:	464b      	mov	r3, r9
34181d40:	ea58 494f 	lsll	r8, r9, #17
34181d44:	ea83 0309 	eor.w	r3, r3, r9
34181d48:	9351      	str	r3, [sp, #324]	@ 0x144
34181d4a:	e9dd 8950 	ldrd	r8, r9, [sp, #320]	@ 0x140
34181d4e:	ea88 3348 	eor.w	r3, r8, r8, lsl #13
34181d52:	9310      	str	r3, [sp, #64]	@ 0x40
34181d54:	4642      	mov	r2, r8
34181d56:	464b      	mov	r3, r9
34181d58:	ea58 394f 	lsll	r8, r9, #13
34181d5c:	e94c 231c 	strd	r2, r3, [ip, #-112]	@ 0x70
34181d60:	ea83 0309 	eor.w	r3, r3, r9
34181d64:	9311      	str	r3, [sp, #68]	@ 0x44
34181d66:	e9dd 2310 	ldrd	r2, r3, [sp, #64]	@ 0x40
34181d6a:	4690      	mov	r8, r2
34181d6c:	4699      	mov	r9, r3
34181d6e:	ea58 19df 	lsrl	r8, r9, #7
34181d72:	9b10      	ldr	r3, [sp, #64]	@ 0x40
34181d74:	ea83 0308 	eor.w	r3, r3, r8
34181d78:	9352      	str	r3, [sp, #328]	@ 0x148
34181d7a:	9b11      	ldr	r3, [sp, #68]	@ 0x44
34181d7c:	ea83 0309 	eor.w	r3, r3, r9
34181d80:	9353      	str	r3, [sp, #332]	@ 0x14c
34181d82:	e9dd 8952 	ldrd	r8, r9, [sp, #328]	@ 0x148
34181d86:	ea88 4348 	eor.w	r3, r8, r8, lsl #17
34181d8a:	9354      	str	r3, [sp, #336]	@ 0x150
34181d8c:	464b      	mov	r3, r9
34181d8e:	ea58 494f 	lsll	r8, r9, #17
34181d92:	ea83 0309 	eor.w	r3, r3, r9
34181d96:	9355      	str	r3, [sp, #340]	@ 0x154
34181d98:	e9dd 8954 	ldrd	r8, r9, [sp, #336]	@ 0x150
34181d9c:	ea88 3348 	eor.w	r3, r8, r8, lsl #13
34181da0:	9332      	str	r3, [sp, #200]	@ 0xc8
34181da2:	4642      	mov	r2, r8
34181da4:	464b      	mov	r3, r9
34181da6:	ea58 394f 	lsll	r8, r9, #13
34181daa:	e94c 231a 	strd	r2, r3, [ip, #-104]	@ 0x68
34181dae:	ea89 0303 	eor.w	r3, r9, r3
34181db2:	9333      	str	r3, [sp, #204]	@ 0xcc
34181db4:	e9dd 2332 	ldrd	r2, r3, [sp, #200]	@ 0xc8
34181db8:	4690      	mov	r8, r2
34181dba:	4699      	mov	r9, r3
34181dbc:	ea58 19df 	lsrl	r8, r9, #7
34181dc0:	9b32      	ldr	r3, [sp, #200]	@ 0xc8
34181dc2:	ea83 0308 	eor.w	r3, r3, r8
34181dc6:	938c      	str	r3, [sp, #560]	@ 0x230
34181dc8:	9b33      	ldr	r3, [sp, #204]	@ 0xcc
34181dca:	ea83 0309 	eor.w	r3, r3, r9
34181dce:	938d      	str	r3, [sp, #564]	@ 0x234
34181dd0:	e9dd 898c 	ldrd	r8, r9, [sp, #560]	@ 0x230
34181dd4:	ea88 4348 	eor.w	r3, r8, r8, lsl #17
34181dd8:	938e      	str	r3, [sp, #568]	@ 0x238
34181dda:	464b      	mov	r3, r9
34181ddc:	ea58 494f 	lsll	r8, r9, #17
34181de0:	ea83 0309 	eor.w	r3, r3, r9
34181de4:	938f      	str	r3, [sp, #572]	@ 0x23c
34181de6:	e9dd 898e 	ldrd	r8, r9, [sp, #568]	@ 0x238
34181dea:	ea88 3348 	eor.w	r3, r8, r8, lsl #13
34181dee:	9334      	str	r3, [sp, #208]	@ 0xd0
34181df0:	4642      	mov	r2, r8
34181df2:	464b      	mov	r3, r9
34181df4:	ea58 394f 	lsll	r8, r9, #13
34181df8:	e94c 2318 	strd	r2, r3, [ip, #-96]	@ 0x60
34181dfc:	ea83 0309 	eor.w	r3, r3, r9
34181e00:	9335      	str	r3, [sp, #212]	@ 0xd4
34181e02:	e9dd 2334 	ldrd	r2, r3, [sp, #208]	@ 0xd0
34181e06:	4690      	mov	r8, r2
34181e08:	4699      	mov	r9, r3
34181e0a:	ea58 19df 	lsrl	r8, r9, #7
34181e0e:	9b34      	ldr	r3, [sp, #208]	@ 0xd0
34181e10:	ea83 0308 	eor.w	r3, r3, r8
34181e14:	9390      	str	r3, [sp, #576]	@ 0x240
34181e16:	9b35      	ldr	r3, [sp, #212]	@ 0xd4
34181e18:	ea83 0309 	eor.w	r3, r3, r9
34181e1c:	9391      	str	r3, [sp, #580]	@ 0x244
34181e1e:	e9dd 8990 	ldrd	r8, r9, [sp, #576]	@ 0x240
34181e22:	ea88 4348 	eor.w	r3, r8, r8, lsl #17
34181e26:	9392      	str	r3, [sp, #584]	@ 0x248
34181e28:	464b      	mov	r3, r9
34181e2a:	ea58 494f 	lsll	r8, r9, #17
34181e2e:	ea83 0309 	eor.w	r3, r3, r9
34181e32:	9393      	str	r3, [sp, #588]	@ 0x24c
34181e34:	e9dd 8992 	ldrd	r8, r9, [sp, #584]	@ 0x248
34181e38:	ea88 3348 	eor.w	r3, r8, r8, lsl #13
34181e3c:	9336      	str	r3, [sp, #216]	@ 0xd8
34181e3e:	4642      	mov	r2, r8
34181e40:	464b      	mov	r3, r9
34181e42:	ea58 394f 	lsll	r8, r9, #13
34181e46:	e94c 2316 	strd	r2, r3, [ip, #-88]	@ 0x58
34181e4a:	ea83 0309 	eor.w	r3, r3, r9
34181e4e:	9337      	str	r3, [sp, #220]	@ 0xdc
34181e50:	e9dd 2336 	ldrd	r2, r3, [sp, #216]	@ 0xd8
34181e54:	4690      	mov	r8, r2
34181e56:	4699      	mov	r9, r3
34181e58:	ea58 19df 	lsrl	r8, r9, #7
34181e5c:	9b36      	ldr	r3, [sp, #216]	@ 0xd8
34181e5e:	ea83 0308 	eor.w	r3, r3, r8
34181e62:	9394      	str	r3, [sp, #592]	@ 0x250
34181e64:	9b37      	ldr	r3, [sp, #220]	@ 0xdc
34181e66:	ea83 0309 	eor.w	r3, r3, r9
34181e6a:	9395      	str	r3, [sp, #596]	@ 0x254
34181e6c:	e9dd 8994 	ldrd	r8, r9, [sp, #592]	@ 0x250
34181e70:	ea88 4348 	eor.w	r3, r8, r8, lsl #17
34181e74:	9396      	str	r3, [sp, #600]	@ 0x258
34181e76:	464b      	mov	r3, r9
34181e78:	ea58 494f 	lsll	r8, r9, #17
34181e7c:	ea83 0309 	eor.w	r3, r3, r9
34181e80:	9397      	str	r3, [sp, #604]	@ 0x25c
34181e82:	e9dd 8996 	ldrd	r8, r9, [sp, #600]	@ 0x258
34181e86:	ea88 3348 	eor.w	r3, r8, r8, lsl #13
34181e8a:	9338      	str	r3, [sp, #224]	@ 0xe0
34181e8c:	4642      	mov	r2, r8
34181e8e:	464b      	mov	r3, r9
34181e90:	ea58 394f 	lsll	r8, r9, #13
34181e94:	e94c 2314 	strd	r2, r3, [ip, #-80]	@ 0x50
34181e98:	ea83 0309 	eor.w	r3, r3, r9
34181e9c:	9339      	str	r3, [sp, #228]	@ 0xe4
34181e9e:	e9dd 2338 	ldrd	r2, r3, [sp, #224]	@ 0xe0
34181ea2:	4690      	mov	r8, r2
34181ea4:	4699      	mov	r9, r3
34181ea6:	ea58 19df 	lsrl	r8, r9, #7
34181eaa:	9b38      	ldr	r3, [sp, #224]	@ 0xe0
34181eac:	ea83 0308 	eor.w	r3, r3, r8
34181eb0:	9398      	str	r3, [sp, #608]	@ 0x260
34181eb2:	9b39      	ldr	r3, [sp, #228]	@ 0xe4
34181eb4:	ea83 0309 	eor.w	r3, r3, r9
34181eb8:	9399      	str	r3, [sp, #612]	@ 0x264
34181eba:	e9dd 8998 	ldrd	r8, r9, [sp, #608]	@ 0x260
34181ebe:	ea88 4648 	eor.w	r6, r8, r8, lsl #17
34181ec2:	464b      	mov	r3, r9
34181ec4:	ea58 494f 	lsll	r8, r9, #17
34181ec8:	ea83 0709 	eor.w	r7, r3, r9
34181ecc:	46b0      	mov	r8, r6
34181ece:	46b9      	mov	r9, r7
34181ed0:	ea58 394f 	lsll	r8, r9, #13
34181ed4:	ea86 3346 	eor.w	r3, r6, r6, lsl #13
34181ed8:	9326      	str	r3, [sp, #152]	@ 0x98
34181eda:	ea89 0307 	eor.w	r3, r9, r7
34181ede:	9327      	str	r3, [sp, #156]	@ 0x9c
34181ee0:	e9dd 2326 	ldrd	r2, r3, [sp, #152]	@ 0x98
34181ee4:	4690      	mov	r8, r2
34181ee6:	4699      	mov	r9, r3
34181ee8:	ea58 19df 	lsrl	r8, r9, #7
34181eec:	9b26      	ldr	r3, [sp, #152]	@ 0x98
34181eee:	e94c 6712 	strd	r6, r7, [ip, #-72]	@ 0x48
34181ef2:	ea83 0308 	eor.w	r3, r3, r8
34181ef6:	9378      	str	r3, [sp, #480]	@ 0x1e0
34181ef8:	9b27      	ldr	r3, [sp, #156]	@ 0x9c
34181efa:	ea83 0309 	eor.w	r3, r3, r9
34181efe:	9379      	str	r3, [sp, #484]	@ 0x1e4
34181f00:	e9dd 8978 	ldrd	r8, r9, [sp, #480]	@ 0x1e0
34181f04:	ea88 4348 	eor.w	r3, r8, r8, lsl #17
34181f08:	937a      	str	r3, [sp, #488]	@ 0x1e8
34181f0a:	464b      	mov	r3, r9
34181f0c:	ea58 494f 	lsll	r8, r9, #17
34181f10:	ea83 0309 	eor.w	r3, r3, r9
34181f14:	937b      	str	r3, [sp, #492]	@ 0x1ec
34181f16:	e9dd 897a 	ldrd	r8, r9, [sp, #488]	@ 0x1e8
34181f1a:	ea88 3348 	eor.w	r3, r8, r8, lsl #13
34181f1e:	9328      	str	r3, [sp, #160]	@ 0xa0
34181f20:	4642      	mov	r2, r8
34181f22:	464b      	mov	r3, r9
34181f24:	ea58 394f 	lsll	r8, r9, #13
34181f28:	e94c 2310 	strd	r2, r3, [ip, #-64]	@ 0x40
34181f2c:	ea83 0309 	eor.w	r3, r3, r9
34181f30:	9329      	str	r3, [sp, #164]	@ 0xa4
34181f32:	e9dd 2328 	ldrd	r2, r3, [sp, #160]	@ 0xa0
34181f36:	4690      	mov	r8, r2
34181f38:	4699      	mov	r9, r3
34181f3a:	ea58 19df 	lsrl	r8, r9, #7
34181f3e:	9b28      	ldr	r3, [sp, #160]	@ 0xa0
34181f40:	ea83 0308 	eor.w	r3, r3, r8
34181f44:	937c      	str	r3, [sp, #496]	@ 0x1f0
34181f46:	9b29      	ldr	r3, [sp, #164]	@ 0xa4
34181f48:	ea83 0309 	eor.w	r3, r3, r9
34181f4c:	937d      	str	r3, [sp, #500]	@ 0x1f4
34181f4e:	e9dd 897c 	ldrd	r8, r9, [sp, #496]	@ 0x1f0
34181f52:	ea88 4348 	eor.w	r3, r8, r8, lsl #17
34181f56:	937e      	str	r3, [sp, #504]	@ 0x1f8
34181f58:	464b      	mov	r3, r9
34181f5a:	ea58 494f 	lsll	r8, r9, #17
34181f5e:	ea83 0309 	eor.w	r3, r3, r9
34181f62:	937f      	str	r3, [sp, #508]	@ 0x1fc
34181f64:	e9dd 897e 	ldrd	r8, r9, [sp, #504]	@ 0x1f8
34181f68:	ea88 3348 	eor.w	r3, r8, r8, lsl #13
34181f6c:	932a      	str	r3, [sp, #168]	@ 0xa8
34181f6e:	4642      	mov	r2, r8
34181f70:	464b      	mov	r3, r9
34181f72:	ea58 394f 	lsll	r8, r9, #13
34181f76:	e94c 230e 	strd	r2, r3, [ip, #-56]	@ 0x38
34181f7a:	ea83 0309 	eor.w	r3, r3, r9
34181f7e:	932b      	str	r3, [sp, #172]	@ 0xac
34181f80:	e9dd 232a 	ldrd	r2, r3, [sp, #168]	@ 0xa8
34181f84:	4690      	mov	r8, r2
34181f86:	4699      	mov	r9, r3
34181f88:	ea58 19df 	lsrl	r8, r9, #7
34181f8c:	9b2a      	ldr	r3, [sp, #168]	@ 0xa8
34181f8e:	ea83 0308 	eor.w	r3, r3, r8
34181f92:	9380      	str	r3, [sp, #512]	@ 0x200
34181f94:	9b2b      	ldr	r3, [sp, #172]	@ 0xac
34181f96:	ea83 0309 	eor.w	r3, r3, r9
34181f9a:	9381      	str	r3, [sp, #516]	@ 0x204
34181f9c:	e9dd 8980 	ldrd	r8, r9, [sp, #512]	@ 0x200
34181fa0:	ea88 4348 	eor.w	r3, r8, r8, lsl #17
34181fa4:	9382      	str	r3, [sp, #520]	@ 0x208
34181fa6:	464b      	mov	r3, r9
34181fa8:	ea58 494f 	lsll	r8, r9, #17
34181fac:	ea83 0309 	eor.w	r3, r3, r9
34181fb0:	9383      	str	r3, [sp, #524]	@ 0x20c
34181fb2:	e9dd 8982 	ldrd	r8, r9, [sp, #520]	@ 0x208
34181fb6:	ea88 3348 	eor.w	r3, r8, r8, lsl #13
34181fba:	932c      	str	r3, [sp, #176]	@ 0xb0
34181fbc:	4642      	mov	r2, r8
34181fbe:	464b      	mov	r3, r9
34181fc0:	ea58 394f 	lsll	r8, r9, #13
34181fc4:	e94c 230c 	strd	r2, r3, [ip, #-48]	@ 0x30
34181fc8:	ea83 0309 	eor.w	r3, r3, r9
34181fcc:	932d      	str	r3, [sp, #180]	@ 0xb4
34181fce:	e9dd 232c 	ldrd	r2, r3, [sp, #176]	@ 0xb0
34181fd2:	4690      	mov	r8, r2
34181fd4:	4699      	mov	r9, r3
34181fd6:	ea58 19df 	lsrl	r8, r9, #7
34181fda:	9b2c      	ldr	r3, [sp, #176]	@ 0xb0
34181fdc:	ea83 0308 	eor.w	r3, r3, r8
34181fe0:	9384      	str	r3, [sp, #528]	@ 0x210
34181fe2:	9b2d      	ldr	r3, [sp, #180]	@ 0xb4
34181fe4:	ea83 0309 	eor.w	r3, r3, r9
34181fe8:	9385      	str	r3, [sp, #532]	@ 0x214
34181fea:	e9dd 8984 	ldrd	r8, r9, [sp, #528]	@ 0x210
34181fee:	ea88 4348 	eor.w	r3, r8, r8, lsl #17
34181ff2:	9386      	str	r3, [sp, #536]	@ 0x218
34181ff4:	464b      	mov	r3, r9
34181ff6:	ea58 494f 	lsll	r8, r9, #17
34181ffa:	ea83 0309 	eor.w	r3, r3, r9
34181ffe:	9387      	str	r3, [sp, #540]	@ 0x21c
34182000:	e9dd 8986 	ldrd	r8, r9, [sp, #536]	@ 0x218
34182004:	ea88 3348 	eor.w	r3, r8, r8, lsl #13
34182008:	932e      	str	r3, [sp, #184]	@ 0xb8
3418200a:	4642      	mov	r2, r8
3418200c:	464b      	mov	r3, r9
3418200e:	ea58 394f 	lsll	r8, r9, #13
34182012:	e94c 230a 	strd	r2, r3, [ip, #-40]	@ 0x28
34182016:	ea83 0309 	eor.w	r3, r3, r9
3418201a:	932f      	str	r3, [sp, #188]	@ 0xbc
3418201c:	e9dd 232e 	ldrd	r2, r3, [sp, #184]	@ 0xb8
34182020:	4690      	mov	r8, r2
34182022:	4699      	mov	r9, r3
34182024:	ea58 19df 	lsrl	r8, r9, #7
34182028:	9b2e      	ldr	r3, [sp, #184]	@ 0xb8
3418202a:	ea83 0308 	eor.w	r3, r3, r8
3418202e:	9388      	str	r3, [sp, #544]	@ 0x220
34182030:	9b2f      	ldr	r3, [sp, #188]	@ 0xbc
34182032:	ea83 0309 	eor.w	r3, r3, r9
34182036:	9389      	str	r3, [sp, #548]	@ 0x224
34182038:	e9dd 8988 	ldrd	r8, r9, [sp, #544]	@ 0x220
3418203c:	ea88 4a48 	eor.w	sl, r8, r8, lsl #17
34182040:	464b      	mov	r3, r9
34182042:	ea58 494f 	lsll	r8, r9, #17
34182046:	ea83 0b09 	eor.w	fp, r3, r9
3418204a:	46d0      	mov	r8, sl
3418204c:	46d9      	mov	r9, fp
3418204e:	ea58 394f 	lsll	r8, r9, #13
34182052:	ea8a 334a 	eor.w	r3, sl, sl, lsl #13
34182056:	9330      	str	r3, [sp, #192]	@ 0xc0
34182058:	ea8b 0309 	eor.w	r3, fp, r9
3418205c:	9331      	str	r3, [sp, #196]	@ 0xc4
3418205e:	e9dd 2330 	ldrd	r2, r3, [sp, #192]	@ 0xc0
34182062:	4690      	mov	r8, r2
34182064:	4699      	mov	r9, r3
34182066:	ea58 19df 	lsrl	r8, r9, #7
3418206a:	9b30      	ldr	r3, [sp, #192]	@ 0xc0
3418206c:	e94c ab08 	strd	sl, fp, [ip, #-32]
34182070:	ea83 0308 	eor.w	r3, r3, r8
34182074:	938a      	str	r3, [sp, #552]	@ 0x228
34182076:	9b31      	ldr	r3, [sp, #196]	@ 0xc4
34182078:	ea83 0309 	eor.w	r3, r3, r9
3418207c:	938b      	str	r3, [sp, #556]	@ 0x22c
3418207e:	e9dd 898a 	ldrd	r8, r9, [sp, #552]	@ 0x228
34182082:	ea88 4448 	eor.w	r4, r8, r8, lsl #17
34182086:	464b      	mov	r3, r9
34182088:	ea58 494f 	lsll	r8, r9, #17
3418208c:	ea83 0509 	eor.w	r5, r3, r9
34182090:	46a0      	mov	r8, r4
34182092:	46a9      	mov	r9, r5
34182094:	ea58 394f 	lsll	r8, r9, #13
34182098:	ea84 3344 	eor.w	r3, r4, r4, lsl #13
3418209c:	930a      	str	r3, [sp, #40]	@ 0x28
3418209e:	ea89 0305 	eor.w	r3, r9, r5
341820a2:	930b      	str	r3, [sp, #44]	@ 0x2c
341820a4:	e9dd 230a 	ldrd	r2, r3, [sp, #40]	@ 0x28
341820a8:	4690      	mov	r8, r2
341820aa:	4699      	mov	r9, r3
341820ac:	ea58 19df 	lsrl	r8, r9, #7
341820b0:	9b0a      	ldr	r3, [sp, #40]	@ 0x28
341820b2:	e94c 4506 	strd	r4, r5, [ip, #-24]
341820b6:	ea83 0308 	eor.w	r3, r3, r8
341820ba:	934a      	str	r3, [sp, #296]	@ 0x128
341820bc:	9b0b      	ldr	r3, [sp, #44]	@ 0x2c
341820be:	ea83 0309 	eor.w	r3, r3, r9
341820c2:	934b      	str	r3, [sp, #300]	@ 0x12c
341820c4:	e9dd 894a 	ldrd	r8, r9, [sp, #296]	@ 0x128
341820c8:	ea88 4348 	eor.w	r3, r8, r8, lsl #17
341820cc:	933c      	str	r3, [sp, #240]	@ 0xf0
341820ce:	464b      	mov	r3, r9
341820d0:	ea58 494f 	lsll	r8, r9, #17
341820d4:	ea83 0309 	eor.w	r3, r3, r9
341820d8:	933d      	str	r3, [sp, #244]	@ 0xf4
341820da:	e9dd 893c 	ldrd	r8, r9, [sp, #240]	@ 0xf0
341820de:	ea88 3348 	eor.w	r3, r8, r8, lsl #13
341820e2:	930c      	str	r3, [sp, #48]	@ 0x30
341820e4:	4642      	mov	r2, r8
341820e6:	464b      	mov	r3, r9
341820e8:	ea52 334f 	lsll	r2, r3, #13
341820ec:	e94c 8904 	strd	r8, r9, [ip, #-16]
341820f0:	4699      	mov	r9, r3
341820f2:	9b3d      	ldr	r3, [sp, #244]	@ 0xf4
341820f4:	ea83 0309 	eor.w	r3, r3, r9
341820f8:	930d      	str	r3, [sp, #52]	@ 0x34
341820fa:	e9dd 230c 	ldrd	r2, r3, [sp, #48]	@ 0x30
341820fe:	4699      	mov	r9, r3
34182100:	4690      	mov	r8, r2
34182102:	ea58 19df 	lsrl	r8, r9, #7
34182106:	9b0c      	ldr	r3, [sp, #48]	@ 0x30
34182108:	ea83 0308 	eor.w	r3, r3, r8
3418210c:	934c      	str	r3, [sp, #304]	@ 0x130
3418210e:	9b0d      	ldr	r3, [sp, #52]	@ 0x34
34182110:	ea83 0309 	eor.w	r3, r3, r9
34182114:	934d      	str	r3, [sp, #308]	@ 0x134
34182116:	e9dd 894c 	ldrd	r8, r9, [sp, #304]	@ 0x130
3418211a:	464b      	mov	r3, r9
3418211c:	ea88 4048 	eor.w	r0, r8, r8, lsl #17
34182120:	ea58 494f 	lsll	r8, r9, #17
34182124:	ea83 0109 	eor.w	r1, r3, r9
34182128:	e94c 0102 	strd	r0, r1, [ip, #-8]
3418212c:	f1be 0e01 	subs.w	lr, lr, #1
34182130:	f47f ade6 	bne.w	34181d00 <profile_mpc+0xa0>
34182134:	4b2d      	ldr	r3, [pc, #180]	@ (341821ec <profile_mpc+0x58c>)
34182136:	f04f 0808 	mov.w	r8, #8
3418213a:	e9c3 0100 	strd	r0, r1, [r3]
3418213e:	f001 fc2f 	bl	341839a0 <m55_mpc_profile_reset>
34182142:	f002 fb03 	bl	3418474c <m55_measure_start>
34182146:	2300      	movs	r3, #0
34182148:	f04f 0904 	mov.w	r9, #4
3418214c:	4a28      	ldr	r2, [pc, #160]	@ (341821f0 <profile_mpc+0x590>)
3418214e:	e9cd 3900 	strd	r3, r9, [sp]
34182152:	4928      	ldr	r1, [pc, #160]	@ (341821f4 <profile_mpc+0x594>)
34182154:	4828      	ldr	r0, [pc, #160]	@ (341821f8 <profile_mpc+0x598>)
34182156:	abac      	add	r3, sp, #688	@ 0x2b0
34182158:	f001 fc3c 	bl	341839d4 <m55_aim3_mpc_batch4>
3418215c:	f1b8 0801 	subs.w	r8, r8, #1
34182160:	d1f1      	bne.n	34182146 <profile_mpc+0x4e6>
34182162:	f002 fb01 	bl	34184768 <m55_measure_end>
34182166:	9ba2      	ldr	r3, [sp, #648]	@ 0x288
34182168:	f843 0f08 	str.w	r0, [r3, #8]!
3418216c:	f8c3 8004 	str.w	r8, [r3, #4]
34182170:	93a2      	str	r3, [sp, #648]	@ 0x288
34182172:	f001 fc23 	bl	341839bc <m55_mpc_profile_affine_cycles>
34182176:	9ba1      	ldr	r3, [sp, #644]	@ 0x284
34182178:	e9e3 0102 	strd	r0, r1, [r3, #8]!
3418217c:	93a1      	str	r3, [sp, #644]	@ 0x284
3418217e:	f001 fc23 	bl	341839c8 <m55_mpc_profile_frobenius_cycles>
34182182:	221a      	movs	r2, #26
34182184:	9ba0      	ldr	r3, [sp, #640]	@ 0x280
34182186:	e9e3 0102 	strd	r0, r1, [r3, #8]!
3418218a:	989b      	ldr	r0, [sp, #620]	@ 0x26c
3418218c:	93a0      	str	r3, [sp, #640]	@ 0x280
3418218e:	4b1b      	ldr	r3, [pc, #108]	@ (341821fc <profile_mpc+0x59c>)
34182190:	fba3 3100 	umull	r3, r1, r3, r0
34182194:	f000 0303 	and.w	r3, r0, #3
34182198:	fb02 f303 	mul.w	r3, r2, r3
3418219c:	f021 0201 	bic.w	r2, r1, #1
341821a0:	eb02 0251 	add.w	r2, r2, r1, lsr #1
341821a4:	1a82      	subs	r2, r0, r2
341821a6:	eb03 0342 	add.w	r3, r3, r2, lsl #1
341821aa:	f000 0201 	and.w	r2, r0, #1
341821ae:	4413      	add	r3, r2
341821b0:	1c42      	adds	r2, r0, #1
341821b2:	4811      	ldr	r0, [pc, #68]	@ (341821f8 <profile_mpc+0x598>)
341821b4:	3306      	adds	r3, #6
341821b6:	f850 1033 	ldr.w	r1, [r0, r3, lsl #3]
341821ba:	eb00 03c3 	add.w	r3, r0, r3, lsl #3
341821be:	6858      	ldr	r0, [r3, #4]
341821c0:	4b0f      	ldr	r3, [pc, #60]	@ (34182200 <profile_mpc+0x5a0>)
341821c2:	929b      	str	r2, [sp, #620]	@ 0x26c
341821c4:	e9d3 2300 	ldrd	r2, r3, [r3]
341821c8:	4051      	eors	r1, r2
341821ca:	9a9b      	ldr	r2, [sp, #620]	@ 0x26c
341821cc:	919c      	str	r1, [sp, #624]	@ 0x270
341821ce:	ea83 0100 	eor.w	r1, r3, r0
341821d2:	4b0b      	ldr	r3, [pc, #44]	@ (34182200 <profile_mpc+0x5a0>)
341821d4:	919d      	str	r1, [sp, #628]	@ 0x274
341821d6:	2a1f      	cmp	r2, #31
341821d8:	e9dd 019c 	ldrd	r0, r1, [sp, #624]	@ 0x270
341821dc:	e9c3 0100 	strd	r0, r1, [r3]
341821e0:	d010      	beq.n	34182204 <profile_mpc+0x5a4>
341821e2:	4b02      	ldr	r3, [pc, #8]	@ (341821ec <profile_mpc+0x58c>)
341821e4:	e9d3 0100 	ldrd	r0, r1, [r3]
341821e8:	e57f      	b.n	34181cea <profile_mpc+0x8a>
341821ea:	bf00      	nop
341821ec:	341c0000 	.word	0x341c0000
341821f0:	341c0cb8 	.word	0x341c0cb8
341821f4:	341c0e78 	.word	0x341c0e78
341821f8:	341c0978 	.word	0x341c0978
341821fc:	aaaaaaab 	.word	0xaaaaaaab
34182200:	341c08c0 	.word	0x341c08c0
34182204:	464a      	mov	r2, r9
34182206:	480e      	ldr	r0, [pc, #56]	@ (34182240 <profile_mpc+0x5e0>)
34182208:	a9b0      	add	r1, sp, #704	@ 0x2c0
3418220a:	f7fe fb91 	bl	34180930 <print_stats.constprop.0>
3418220e:	464a      	mov	r2, r9
34182210:	480c      	ldr	r0, [pc, #48]	@ (34182244 <profile_mpc+0x5e4>)
34182212:	a9ee      	add	r1, sp, #952	@ 0x3b8
34182214:	f7fe fb8c 	bl	34180930 <print_stats.constprop.0>
34182218:	464a      	mov	r2, r9
3418221a:	480b      	ldr	r0, [pc, #44]	@ (34182248 <profile_mpc+0x5e8>)
3418221c:	f50d 6196 	add.w	r1, sp, #1200	@ 0x4b0
34182220:	f7fe fb86 	bl	34180930 <print_stats.constprop.0>
34182224:	46c1      	mov	r9, r8
34182226:	f04f 0e04 	mov.w	lr, #4
3418222a:	f04e e001 	dls	lr, lr
3418222e:	4a07      	ldr	r2, [pc, #28]	@ (3418224c <profile_mpc+0x5ec>)
34182230:	f8df c01c 	ldr.w	ip, [pc, #28]	@ 34182250 <profile_mpc+0x5f0>
34182234:	f8cd 9028 	str.w	r9, [sp, #40]	@ 0x28
34182238:	e9d2 0100 	ldrd	r0, r1, [r2]
3418223c:	e00a      	b.n	34182254 <profile_mpc+0x5f4>
3418223e:	bf00      	nop
34182240:	3418fbc4 	.word	0x3418fbc4
34182244:	3418fbd4 	.word	0x3418fbd4
34182248:	3418fbec 	.word	0x3418fbec
3418224c:	341c0000 	.word	0x341c0000
34182250:	341c0cb8 	.word	0x341c0cb8
34182254:	4680      	mov	r8, r0
34182256:	4689      	mov	r9, r1
34182258:	ea58 394f 	lsll	r8, r9, #13
3418225c:	ea80 3340 	eor.w	r3, r0, r0, lsl #13
34182260:	9306      	str	r3, [sp, #24]
34182262:	ea89 0301 	eor.w	r3, r9, r1
34182266:	9307      	str	r3, [sp, #28]
34182268:	e9dd 2306 	ldrd	r2, r3, [sp, #24]
3418226c:	4690      	mov	r8, r2
3418226e:	4699      	mov	r9, r3
34182270:	ea58 19df 	lsrl	r8, r9, #7
34182274:	9b06      	ldr	r3, [sp, #24]
34182276:	f10c 0c70 	add.w	ip, ip, #112	@ 0x70
3418227a:	ea83 0308 	eor.w	r3, r3, r8
3418227e:	9342      	str	r3, [sp, #264]	@ 0x108
34182280:	9b07      	ldr	r3, [sp, #28]
34182282:	ea83 0309 	eor.w	r3, r3, r9
34182286:	9343      	str	r3, [sp, #268]	@ 0x10c
34182288:	e9dd 8942 	ldrd	r8, r9, [sp, #264]	@ 0x108
3418228c:	ea88 4348 	eor.w	r3, r8, r8, lsl #17
34182290:	9344      	str	r3, [sp, #272]	@ 0x110
34182292:	464b      	mov	r3, r9
34182294:	ea58 494f 	lsll	r8, r9, #17
34182298:	ea83 0309 	eor.w	r3, r3, r9
3418229c:	9345      	str	r3, [sp, #276]	@ 0x114
3418229e:	e9dd 8944 	ldrd	r8, r9, [sp, #272]	@ 0x110
341822a2:	ea88 3348 	eor.w	r3, r8, r8, lsl #13
341822a6:	9308      	str	r3, [sp, #32]
341822a8:	4642      	mov	r2, r8
341822aa:	464b      	mov	r3, r9
341822ac:	ea58 394f 	lsll	r8, r9, #13
341822b0:	e94c 231c 	strd	r2, r3, [ip, #-112]	@ 0x70
341822b4:	ea83 0309 	eor.w	r3, r3, r9
341822b8:	9309      	str	r3, [sp, #36]	@ 0x24
341822ba:	e9dd 2308 	ldrd	r2, r3, [sp, #32]
341822be:	4690      	mov	r8, r2
341822c0:	4699      	mov	r9, r3
341822c2:	ea58 19df 	lsrl	r8, r9, #7
341822c6:	9b08      	ldr	r3, [sp, #32]
341822c8:	ea83 0308 	eor.w	r3, r3, r8
341822cc:	9346      	str	r3, [sp, #280]	@ 0x118
341822ce:	9b09      	ldr	r3, [sp, #36]	@ 0x24
341822d0:	ea83 0309 	eor.w	r3, r3, r9
341822d4:	9347      	str	r3, [sp, #284]	@ 0x11c
341822d6:	e9dd 8946 	ldrd	r8, r9, [sp, #280]	@ 0x118
341822da:	ea88 4348 	eor.w	r3, r8, r8, lsl #17
341822de:	9348      	str	r3, [sp, #288]	@ 0x120
341822e0:	464b      	mov	r3, r9
341822e2:	ea58 494f 	lsll	r8, r9, #17
341822e6:	ea83 0309 	eor.w	r3, r3, r9
341822ea:	9349      	str	r3, [sp, #292]	@ 0x124
341822ec:	e9dd 8948 	ldrd	r8, r9, [sp, #288]	@ 0x120
341822f0:	ea88 3348 	eor.w	r3, r8, r8, lsl #13
341822f4:	931e      	str	r3, [sp, #120]	@ 0x78
341822f6:	4642      	mov	r2, r8
341822f8:	464b      	mov	r3, r9
341822fa:	ea58 394f 	lsll	r8, r9, #13
341822fe:	e94c 231a 	strd	r2, r3, [ip, #-104]	@ 0x68
34182302:	ea89 0303 	eor.w	r3, r9, r3
34182306:	931f      	str	r3, [sp, #124]	@ 0x7c
34182308:	e9dd 231e 	ldrd	r2, r3, [sp, #120]	@ 0x78
3418230c:	4690      	mov	r8, r2
3418230e:	4699      	mov	r9, r3
34182310:	ea58 19df 	lsrl	r8, r9, #7
34182314:	9b1e      	ldr	r3, [sp, #120]	@ 0x78
34182316:	ea83 0308 	eor.w	r3, r3, r8
3418231a:	9368      	str	r3, [sp, #416]	@ 0x1a0
3418231c:	9b1f      	ldr	r3, [sp, #124]	@ 0x7c
3418231e:	ea83 0309 	eor.w	r3, r3, r9
34182322:	9369      	str	r3, [sp, #420]	@ 0x1a4
34182324:	e9dd 8968 	ldrd	r8, r9, [sp, #416]	@ 0x1a0
34182328:	ea88 4348 	eor.w	r3, r8, r8, lsl #17
3418232c:	936a      	str	r3, [sp, #424]	@ 0x1a8
3418232e:	464b      	mov	r3, r9
34182330:	ea58 494f 	lsll	r8, r9, #17
34182334:	ea83 0309 	eor.w	r3, r3, r9
34182338:	936b      	str	r3, [sp, #428]	@ 0x1ac
3418233a:	e9dd 896a 	ldrd	r8, r9, [sp, #424]	@ 0x1a8
3418233e:	ea88 3348 	eor.w	r3, r8, r8, lsl #13
34182342:	9320      	str	r3, [sp, #128]	@ 0x80
34182344:	4642      	mov	r2, r8
34182346:	464b      	mov	r3, r9
34182348:	ea58 394f 	lsll	r8, r9, #13
3418234c:	e94c 2318 	strd	r2, r3, [ip, #-96]	@ 0x60
34182350:	ea83 0309 	eor.w	r3, r3, r9
34182354:	9321      	str	r3, [sp, #132]	@ 0x84
34182356:	e9dd 2320 	ldrd	r2, r3, [sp, #128]	@ 0x80
3418235a:	4690      	mov	r8, r2
3418235c:	4699      	mov	r9, r3
3418235e:	ea58 19df 	lsrl	r8, r9, #7
34182362:	9b20      	ldr	r3, [sp, #128]	@ 0x80
34182364:	ea83 0308 	eor.w	r3, r3, r8
34182368:	936c      	str	r3, [sp, #432]	@ 0x1b0
3418236a:	9b21      	ldr	r3, [sp, #132]	@ 0x84
3418236c:	ea83 0309 	eor.w	r3, r3, r9
34182370:	936d      	str	r3, [sp, #436]	@ 0x1b4
34182372:	e9dd 896c 	ldrd	r8, r9, [sp, #432]	@ 0x1b0
34182376:	ea88 4348 	eor.w	r3, r8, r8, lsl #17
3418237a:	936e      	str	r3, [sp, #440]	@ 0x1b8
3418237c:	464b      	mov	r3, r9
3418237e:	ea58 494f 	lsll	r8, r9, #17
34182382:	ea83 0309 	eor.w	r3, r3, r9
34182386:	936f      	str	r3, [sp, #444]	@ 0x1bc
34182388:	e9dd 896e 	ldrd	r8, r9, [sp, #440]	@ 0x1b8
3418238c:	ea88 3348 	eor.w	r3, r8, r8, lsl #13
34182390:	9322      	str	r3, [sp, #136]	@ 0x88
34182392:	4642      	mov	r2, r8
34182394:	464b      	mov	r3, r9
34182396:	ea58 394f 	lsll	r8, r9, #13
3418239a:	e94c 2316 	strd	r2, r3, [ip, #-88]	@ 0x58
3418239e:	ea83 0309 	eor.w	r3, r3, r9
341823a2:	9323      	str	r3, [sp, #140]	@ 0x8c
341823a4:	e9dd 2322 	ldrd	r2, r3, [sp, #136]	@ 0x88
341823a8:	4690      	mov	r8, r2
341823aa:	4699      	mov	r9, r3
341823ac:	ea58 19df 	lsrl	r8, r9, #7
341823b0:	9b22      	ldr	r3, [sp, #136]	@ 0x88
341823b2:	ea83 0308 	eor.w	r3, r3, r8
341823b6:	9370      	str	r3, [sp, #448]	@ 0x1c0
341823b8:	9b23      	ldr	r3, [sp, #140]	@ 0x8c
341823ba:	ea83 0309 	eor.w	r3, r3, r9
341823be:	9371      	str	r3, [sp, #452]	@ 0x1c4
341823c0:	e9dd 8970 	ldrd	r8, r9, [sp, #448]	@ 0x1c0
341823c4:	ea88 4348 	eor.w	r3, r8, r8, lsl #17
341823c8:	9372      	str	r3, [sp, #456]	@ 0x1c8
341823ca:	464b      	mov	r3, r9
341823cc:	ea58 494f 	lsll	r8, r9, #17
341823d0:	ea83 0309 	eor.w	r3, r3, r9
341823d4:	9373      	str	r3, [sp, #460]	@ 0x1cc
341823d6:	e9dd 8972 	ldrd	r8, r9, [sp, #456]	@ 0x1c8
341823da:	ea88 3348 	eor.w	r3, r8, r8, lsl #13
341823de:	9324      	str	r3, [sp, #144]	@ 0x90
341823e0:	4642      	mov	r2, r8
341823e2:	464b      	mov	r3, r9
341823e4:	ea58 394f 	lsll	r8, r9, #13
341823e8:	e94c 2314 	strd	r2, r3, [ip, #-80]	@ 0x50
341823ec:	ea83 0309 	eor.w	r3, r3, r9
341823f0:	9325      	str	r3, [sp, #148]	@ 0x94
341823f2:	e9dd 2324 	ldrd	r2, r3, [sp, #144]	@ 0x90
341823f6:	4690      	mov	r8, r2
341823f8:	4699      	mov	r9, r3
341823fa:	ea58 19df 	lsrl	r8, r9, #7
341823fe:	9b24      	ldr	r3, [sp, #144]	@ 0x90
34182400:	ea83 0308 	eor.w	r3, r3, r8
34182404:	9374      	str	r3, [sp, #464]	@ 0x1d0
34182406:	9b25      	ldr	r3, [sp, #148]	@ 0x94
34182408:	ea83 0309 	eor.w	r3, r3, r9
3418240c:	9375      	str	r3, [sp, #468]	@ 0x1d4
3418240e:	e9dd 8974 	ldrd	r8, r9, [sp, #464]	@ 0x1d0
34182412:	ea88 4348 	eor.w	r3, r8, r8, lsl #17
34182416:	9376      	str	r3, [sp, #472]	@ 0x1d8
34182418:	464b      	mov	r3, r9
3418241a:	ea58 494f 	lsll	r8, r9, #17
3418241e:	ea83 0309 	eor.w	r3, r3, r9
34182422:	9377      	str	r3, [sp, #476]	@ 0x1dc
34182424:	e9dd 8976 	ldrd	r8, r9, [sp, #472]	@ 0x1d8
34182428:	ea88 3348 	eor.w	r3, r8, r8, lsl #13
3418242c:	9312      	str	r3, [sp, #72]	@ 0x48
3418242e:	4642      	mov	r2, r8
34182430:	464b      	mov	r3, r9
34182432:	ea58 394f 	lsll	r8, r9, #13
34182436:	e94c 2312 	strd	r2, r3, [ip, #-72]	@ 0x48
3418243a:	ea89 0303 	eor.w	r3, r9, r3
3418243e:	9313      	str	r3, [sp, #76]	@ 0x4c
34182440:	e9dd 2312 	ldrd	r2, r3, [sp, #72]	@ 0x48
34182444:	4690      	mov	r8, r2
34182446:	4699      	mov	r9, r3
34182448:	ea58 19df 	lsrl	r8, r9, #7
3418244c:	9b12      	ldr	r3, [sp, #72]	@ 0x48
3418244e:	ea83 0308 	eor.w	r3, r3, r8
34182452:	9356      	str	r3, [sp, #344]	@ 0x158
34182454:	9b13      	ldr	r3, [sp, #76]	@ 0x4c
34182456:	ea83 0309 	eor.w	r3, r3, r9
3418245a:	9357      	str	r3, [sp, #348]	@ 0x15c
3418245c:	e9dd 8956 	ldrd	r8, r9, [sp, #344]	@ 0x158
34182460:	ea88 4348 	eor.w	r3, r8, r8, lsl #17
34182464:	9358      	str	r3, [sp, #352]	@ 0x160
34182466:	464b      	mov	r3, r9
34182468:	ea58 494f 	lsll	r8, r9, #17
3418246c:	ea83 0309 	eor.w	r3, r3, r9
34182470:	9359      	str	r3, [sp, #356]	@ 0x164
34182472:	e9dd 8958 	ldrd	r8, r9, [sp, #352]	@ 0x160
34182476:	ea88 3348 	eor.w	r3, r8, r8, lsl #13
3418247a:	9314      	str	r3, [sp, #80]	@ 0x50
3418247c:	4642      	mov	r2, r8
3418247e:	464b      	mov	r3, r9
34182480:	ea58 394f 	lsll	r8, r9, #13
34182484:	e94c 2310 	strd	r2, r3, [ip, #-64]	@ 0x40
34182488:	ea83 0309 	eor.w	r3, r3, r9
3418248c:	9315      	str	r3, [sp, #84]	@ 0x54
3418248e:	e9dd 2314 	ldrd	r2, r3, [sp, #80]	@ 0x50
34182492:	4690      	mov	r8, r2
34182494:	4699      	mov	r9, r3
34182496:	ea58 19df 	lsrl	r8, r9, #7
3418249a:	9b14      	ldr	r3, [sp, #80]	@ 0x50
3418249c:	ea83 0308 	eor.w	r3, r3, r8
341824a0:	935a      	str	r3, [sp, #360]	@ 0x168
341824a2:	9b15      	ldr	r3, [sp, #84]	@ 0x54
341824a4:	ea83 0309 	eor.w	r3, r3, r9
341824a8:	935b      	str	r3, [sp, #364]	@ 0x16c
341824aa:	e9dd 895a 	ldrd	r8, r9, [sp, #360]	@ 0x168
341824ae:	ea88 4348 	eor.w	r3, r8, r8, lsl #17
341824b2:	935c      	str	r3, [sp, #368]	@ 0x170
341824b4:	464b      	mov	r3, r9
341824b6:	ea58 494f 	lsll	r8, r9, #17
341824ba:	ea83 0309 	eor.w	r3, r3, r9
341824be:	935d      	str	r3, [sp, #372]	@ 0x174
341824c0:	e9dd 895c 	ldrd	r8, r9, [sp, #368]	@ 0x170
341824c4:	ea88 3348 	eor.w	r3, r8, r8, lsl #13
341824c8:	4642      	mov	r2, r8
341824ca:	9316      	str	r3, [sp, #88]	@ 0x58
341824cc:	464b      	mov	r3, r9
341824ce:	ea58 394f 	lsll	r8, r9, #13
341824d2:	e94c 230e 	strd	r2, r3, [ip, #-56]	@ 0x38
341824d6:	ea83 0309 	eor.w	r3, r3, r9
341824da:	9317      	str	r3, [sp, #92]	@ 0x5c
341824dc:	e9dd 2316 	ldrd	r2, r3, [sp, #88]	@ 0x58
341824e0:	4690      	mov	r8, r2
341824e2:	4699      	mov	r9, r3
341824e4:	ea58 19df 	lsrl	r8, r9, #7
341824e8:	9b16      	ldr	r3, [sp, #88]	@ 0x58
341824ea:	ea83 0308 	eor.w	r3, r3, r8
341824ee:	935e      	str	r3, [sp, #376]	@ 0x178
341824f0:	9b17      	ldr	r3, [sp, #92]	@ 0x5c
341824f2:	ea83 0309 	eor.w	r3, r3, r9
341824f6:	935f      	str	r3, [sp, #380]	@ 0x17c
341824f8:	e9dd 895e 	ldrd	r8, r9, [sp, #376]	@ 0x178
341824fc:	ea88 4348 	eor.w	r3, r8, r8, lsl #17
34182500:	9360      	str	r3, [sp, #384]	@ 0x180
34182502:	464b      	mov	r3, r9
34182504:	ea58 494f 	lsll	r8, r9, #17
34182508:	ea83 0309 	eor.w	r3, r3, r9
3418250c:	9361      	str	r3, [sp, #388]	@ 0x184
3418250e:	e9dd 8960 	ldrd	r8, r9, [sp, #384]	@ 0x180
34182512:	ea88 3348 	eor.w	r3, r8, r8, lsl #13
34182516:	9318      	str	r3, [sp, #96]	@ 0x60
34182518:	4642      	mov	r2, r8
3418251a:	464b      	mov	r3, r9
3418251c:	ea58 394f 	lsll	r8, r9, #13
34182520:	e94c 230c 	strd	r2, r3, [ip, #-48]	@ 0x30
34182524:	ea83 0309 	eor.w	r3, r3, r9
34182528:	9319      	str	r3, [sp, #100]	@ 0x64
3418252a:	e9dd 2318 	ldrd	r2, r3, [sp, #96]	@ 0x60
3418252e:	4690      	mov	r8, r2
34182530:	4699      	mov	r9, r3
34182532:	ea58 19df 	lsrl	r8, r9, #7
34182536:	9b18      	ldr	r3, [sp, #96]	@ 0x60
34182538:	ea83 0308 	eor.w	r3, r3, r8
3418253c:	9362      	str	r3, [sp, #392]	@ 0x188
3418253e:	9b19      	ldr	r3, [sp, #100]	@ 0x64
34182540:	ea83 0309 	eor.w	r3, r3, r9
34182544:	9363      	str	r3, [sp, #396]	@ 0x18c
34182546:	e9dd 8962 	ldrd	r8, r9, [sp, #392]	@ 0x188
3418254a:	ea88 4a48 	eor.w	sl, r8, r8, lsl #17
3418254e:	464b      	mov	r3, r9
34182550:	ea58 494f 	lsll	r8, r9, #17
34182554:	ea83 0b09 	eor.w	fp, r3, r9
34182558:	46d0      	mov	r8, sl
3418255a:	46d9      	mov	r9, fp
3418255c:	ea58 394f 	lsll	r8, r9, #13
34182560:	ea8a 334a 	eor.w	r3, sl, sl, lsl #13
34182564:	931a      	str	r3, [sp, #104]	@ 0x68
34182566:	ea8b 0309 	eor.w	r3, fp, r9
3418256a:	931b      	str	r3, [sp, #108]	@ 0x6c
3418256c:	e9dd 231a 	ldrd	r2, r3, [sp, #104]	@ 0x68
34182570:	4690      	mov	r8, r2
34182572:	4699      	mov	r9, r3
34182574:	ea58 19df 	lsrl	r8, r9, #7
34182578:	9b1a      	ldr	r3, [sp, #104]	@ 0x68
3418257a:	e94c ab0a 	strd	sl, fp, [ip, #-40]	@ 0x28
3418257e:	ea83 0308 	eor.w	r3, r3, r8
34182582:	9364      	str	r3, [sp, #400]	@ 0x190
34182584:	9b1b      	ldr	r3, [sp, #108]	@ 0x6c
34182586:	ea83 0309 	eor.w	r3, r3, r9
3418258a:	9365      	str	r3, [sp, #404]	@ 0x194
3418258c:	e9dd 8964 	ldrd	r8, r9, [sp, #400]	@ 0x190
34182590:	ea88 4448 	eor.w	r4, r8, r8, lsl #17
34182594:	464b      	mov	r3, r9
34182596:	ea58 494f 	lsll	r8, r9, #17
3418259a:	ea83 0509 	eor.w	r5, r3, r9
3418259e:	46a0      	mov	r8, r4
341825a0:	46a9      	mov	r9, r5
341825a2:	ea58 394f 	lsll	r8, r9, #13
341825a6:	ea84 3344 	eor.w	r3, r4, r4, lsl #13
341825aa:	931c      	str	r3, [sp, #112]	@ 0x70
341825ac:	ea85 0309 	eor.w	r3, r5, r9
341825b0:	931d      	str	r3, [sp, #116]	@ 0x74
341825b2:	e9dd 231c 	ldrd	r2, r3, [sp, #112]	@ 0x70
341825b6:	4690      	mov	r8, r2
341825b8:	4699      	mov	r9, r3
341825ba:	ea58 19df 	lsrl	r8, r9, #7
341825be:	9b1c      	ldr	r3, [sp, #112]	@ 0x70
341825c0:	e94c 4508 	strd	r4, r5, [ip, #-32]
341825c4:	ea83 0308 	eor.w	r3, r3, r8
341825c8:	9366      	str	r3, [sp, #408]	@ 0x198
341825ca:	9b1d      	ldr	r3, [sp, #116]	@ 0x74
341825cc:	ea83 0309 	eor.w	r3, r3, r9
341825d0:	9367      	str	r3, [sp, #412]	@ 0x19c
341825d2:	e9dd 8966 	ldrd	r8, r9, [sp, #408]	@ 0x198
341825d6:	ea88 4648 	eor.w	r6, r8, r8, lsl #17
341825da:	464b      	mov	r3, r9
341825dc:	ea58 494f 	lsll	r8, r9, #17
341825e0:	ea83 0709 	eor.w	r7, r3, r9
341825e4:	46b0      	mov	r8, r6
341825e6:	46b9      	mov	r9, r7
341825e8:	ea58 394f 	lsll	r8, r9, #13
341825ec:	ea86 3346 	eor.w	r3, r6, r6, lsl #13
341825f0:	9302      	str	r3, [sp, #8]
341825f2:	ea89 0307 	eor.w	r3, r9, r7
341825f6:	9303      	str	r3, [sp, #12]
341825f8:	e9dd 2302 	ldrd	r2, r3, [sp, #8]
341825fc:	4690      	mov	r8, r2
341825fe:	4699      	mov	r9, r3
34182600:	ea58 19df 	lsrl	r8, r9, #7
34182604:	9b02      	ldr	r3, [sp, #8]
34182606:	e94c 6706 	strd	r6, r7, [ip, #-24]
3418260a:	ea83 0308 	eor.w	r3, r3, r8
3418260e:	933e      	str	r3, [sp, #248]	@ 0xf8
34182610:	9b03      	ldr	r3, [sp, #12]
34182612:	ea83 0309 	eor.w	r3, r3, r9
34182616:	933f      	str	r3, [sp, #252]	@ 0xfc
34182618:	e9dd 893e 	ldrd	r8, r9, [sp, #248]	@ 0xf8
3418261c:	ea88 4348 	eor.w	r3, r8, r8, lsl #17
34182620:	933a      	str	r3, [sp, #232]	@ 0xe8
34182622:	464b      	mov	r3, r9
34182624:	ea58 494f 	lsll	r8, r9, #17
34182628:	ea83 0309 	eor.w	r3, r3, r9
3418262c:	933b      	str	r3, [sp, #236]	@ 0xec
3418262e:	e9dd 893a 	ldrd	r8, r9, [sp, #232]	@ 0xe8
34182632:	ea88 3348 	eor.w	r3, r8, r8, lsl #13
34182636:	9304      	str	r3, [sp, #16]
34182638:	4642      	mov	r2, r8
3418263a:	464b      	mov	r3, r9
3418263c:	ea52 334f 	lsll	r2, r3, #13
34182640:	e94c 8904 	strd	r8, r9, [ip, #-16]
34182644:	4699      	mov	r9, r3
34182646:	9b3b      	ldr	r3, [sp, #236]	@ 0xec
34182648:	ea83 0309 	eor.w	r3, r3, r9
3418264c:	9305      	str	r3, [sp, #20]
3418264e:	e9dd 2304 	ldrd	r2, r3, [sp, #16]
34182652:	4699      	mov	r9, r3
34182654:	4690      	mov	r8, r2
34182656:	ea58 19df 	lsrl	r8, r9, #7
3418265a:	9b04      	ldr	r3, [sp, #16]
3418265c:	ea83 0308 	eor.w	r3, r3, r8
34182660:	9340      	str	r3, [sp, #256]	@ 0x100
34182662:	9b05      	ldr	r3, [sp, #20]
34182664:	ea83 0309 	eor.w	r3, r3, r9
34182668:	9341      	str	r3, [sp, #260]	@ 0x104
3418266a:	e9dd 8940 	ldrd	r8, r9, [sp, #256]	@ 0x100
3418266e:	464b      	mov	r3, r9
34182670:	ea88 4048 	eor.w	r0, r8, r8, lsl #17
34182674:	ea58 494f 	lsll	r8, r9, #17
34182678:	ea83 0109 	eor.w	r1, r3, r9
3418267c:	e94c 0102 	strd	r0, r1, [ip, #-8]
34182680:	f1be 0e01 	subs.w	lr, lr, #1
34182684:	f47f ade6 	bne.w	34182254 <profile_mpc+0x5f4>
34182688:	4b25      	ldr	r3, [pc, #148]	@ (34182720 <profile_mpc+0xac0>)
3418268a:	f8dd 9028 	ldr.w	r9, [sp, #40]	@ 0x28
3418268e:	e9c3 0100 	strd	r0, r1, [r3]
34182692:	f04f 0808 	mov.w	r8, #8
34182696:	f002 f859 	bl	3418474c <m55_measure_start>
3418269a:	2300      	movs	r3, #0
3418269c:	4a21      	ldr	r2, [pc, #132]	@ (34182724 <profile_mpc+0xac4>)
3418269e:	9300      	str	r3, [sp, #0]
341826a0:	4921      	ldr	r1, [pc, #132]	@ (34182728 <profile_mpc+0xac8>)
341826a2:	4822      	ldr	r0, [pc, #136]	@ (3418272c <profile_mpc+0xacc>)
341826a4:	abac      	add	r3, sp, #688	@ 0x2b0
341826a6:	f001 fb2b 	bl	34183d00 <samsungsds_aimer_128f_ref_aim3_mpc>
341826aa:	f1b8 0801 	subs.w	r8, r8, #1
341826ae:	d1f4      	bne.n	3418269a <profile_mpc+0xa3a>
341826b0:	f002 f85a 	bl	34184768 <m55_measure_end>
341826b4:	9ba3      	ldr	r3, [sp, #652]	@ 0x28c
341826b6:	491e      	ldr	r1, [pc, #120]	@ (34182730 <profile_mpc+0xad0>)
341826b8:	f843 0f08 	str.w	r0, [r3, #8]!
341826bc:	f8c3 8004 	str.w	r8, [r3, #4]
341826c0:	93a3      	str	r3, [sp, #652]	@ 0x28c
341826c2:	fba1 3109 	umull	r3, r1, r1, r9
341826c6:	f021 0201 	bic.w	r2, r1, #1
341826ca:	eb02 0251 	add.w	r2, r2, r1, lsr #1
341826ce:	eba9 0202 	sub.w	r2, r9, r2
341826d2:	f009 0301 	and.w	r3, r9, #1
341826d6:	eb03 0342 	add.w	r3, r3, r2, lsl #1
341826da:	4a14      	ldr	r2, [pc, #80]	@ (3418272c <profile_mpc+0xacc>)
341826dc:	3306      	adds	r3, #6
341826de:	f852 1033 	ldr.w	r1, [r2, r3, lsl #3]
341826e2:	eb02 03c3 	add.w	r3, r2, r3, lsl #3
341826e6:	6858      	ldr	r0, [r3, #4]
341826e8:	4b12      	ldr	r3, [pc, #72]	@ (34182734 <profile_mpc+0xad4>)
341826ea:	f109 0901 	add.w	r9, r9, #1
341826ee:	e9d3 2300 	ldrd	r2, r3, [r3]
341826f2:	4051      	eors	r1, r2
341826f4:	ea83 0200 	eor.w	r2, r3, r0
341826f8:	4b0e      	ldr	r3, [pc, #56]	@ (34182734 <profile_mpc+0xad4>)
341826fa:	919e      	str	r1, [sp, #632]	@ 0x278
341826fc:	929f      	str	r2, [sp, #636]	@ 0x27c
341826fe:	f1b9 0f1f 	cmp.w	r9, #31
34182702:	e9dd 019e 	ldrd	r0, r1, [sp, #632]	@ 0x278
34182706:	e9c3 0100 	strd	r0, r1, [r3]
3418270a:	f47f ad8c 	bne.w	34182226 <profile_mpc+0x5c6>
3418270e:	2201      	movs	r2, #1
34182710:	4809      	ldr	r0, [pc, #36]	@ (34182738 <profile_mpc+0xad8>)
34182712:	a9b0      	add	r1, sp, #704	@ 0x2c0
34182714:	f7fe f90c 	bl	34180930 <print_stats.constprop.0>
34182718:	f20d 5dac 	addw	sp, sp, #1452	@ 0x5ac
3418271c:	e8bd 8ff0 	ldmia.w	sp!, {r4, r5, r6, r7, r8, r9, sl, fp, pc}
34182720:	341c0000 	.word	0x341c0000
34182724:	341c0cb8 	.word	0x341c0cb8
34182728:	341c0e78 	.word	0x341c0e78
3418272c:	341c0978 	.word	0x341c0978
34182730:	aaaaaaab 	.word	0xaaaaaaab
34182734:	341c08c0 	.word	0x341c08c0
34182738:	3418fc08 	.word	0x3418fc08

3418273c <main>:
3418273c:	e92d 4ff0 	stmdb	sp!, {r4, r5, r6, r7, r8, r9, sl, fp, lr}
34182740:	f5ad 7d23 	sub.w	sp, sp, #652	@ 0x28c
34182744:	f002 f81a 	bl	3418477c <m55_cpu_hz>
34182748:	f04f 0c15 	mov.w	ip, #21
3418274c:	2302      	movs	r3, #2
3418274e:	2108      	movs	r1, #8
34182750:	f04f 0821 	mov.w	r8, #33	@ 0x21
34182754:	2210      	movs	r2, #16
34182756:	f8cd c020 	str.w	ip, [sp, #32]
3418275a:	f04f 0c80 	mov.w	ip, #128	@ 0x80
3418275e:	9305      	str	r3, [sp, #20]
34182760:	4bdf      	ldr	r3, [pc, #892]	@ (34182ae0 <main+0x3a4>)
34182762:	e9cd 2806 	strd	r2, r8, [sp, #24]
34182766:	e9cd 1103 	strd	r1, r1, [sp, #12]
3418276a:	4ade      	ldr	r2, [pc, #888]	@ (34182ae4 <main+0x3a8>)
3418276c:	49de      	ldr	r1, [pc, #888]	@ (34182ae8 <main+0x3ac>)
3418276e:	9001      	str	r0, [sp, #4]
34182770:	9300      	str	r3, [sp, #0]
34182772:	f8cd c008 	str.w	ip, [sp, #8]
34182776:	48dd      	ldr	r0, [pc, #884]	@ (34182aec <main+0x3b0>)
34182778:	f004 fb44 	bl	34186e04 <printf>
3418277c:	f44f 7c00 	mov.w	ip, #512	@ 0x200
34182780:	f240 43a4 	movw	r3, #1188	@ 0x4a4
34182784:	2184      	movs	r1, #132	@ 0x84
34182786:	f44f 7284 	mov.w	r2, #264	@ 0x108
3418278a:	f44f 7001 	mov.w	r0, #516	@ 0x204
3418278e:	f8cd c004 	str.w	ip, [sp, #4]
34182792:	f44f 7cc9 	mov.w	ip, #402	@ 0x192
34182796:	e9cd 3306 	strd	r3, r3, [sp, #24]
3418279a:	e9cd 2803 	strd	r2, r8, [sp, #12]
3418279e:	f44f 73c0 	mov.w	r3, #384	@ 0x180
341827a2:	2203      	movs	r2, #3
341827a4:	9105      	str	r1, [sp, #20]
341827a6:	9002      	str	r0, [sp, #8]
341827a8:	49cf      	ldr	r1, [pc, #828]	@ (34182ae8 <main+0x3ac>)
341827aa:	48d1      	ldr	r0, [pc, #836]	@ (34182af0 <main+0x3b4>)
341827ac:	f8cd c000 	str.w	ip, [sp]
341827b0:	f004 fb28 	bl	34186e04 <printf>
341827b4:	2000      	movs	r0, #0
341827b6:	4bcf      	ldr	r3, [pc, #828]	@ (34182af4 <main+0x3b8>)
341827b8:	49cf      	ldr	r1, [pc, #828]	@ (34182af8 <main+0x3bc>)
341827ba:	e9d3 2300 	ldrd	r2, r3, [r3]
341827be:	f04f 0e80 	mov.w	lr, #128	@ 0x80
341827c2:	f04e e001 	dls	lr, lr
341827c6:	e9cd 670c 	strd	r6, r7, [sp, #48]	@ 0x30
341827ca:	e9cd 1050 	strd	r1, r0, [sp, #320]	@ 0x140
341827ce:	f5a1 6c00 	sub.w	ip, r1, #2048	@ 0x800
341827d2:	ea82 3142 	eor.w	r1, r2, r2, lsl #13
341827d6:	910a      	str	r1, [sp, #40]	@ 0x28
341827d8:	4610      	mov	r0, r2
341827da:	4619      	mov	r1, r3
341827dc:	ea50 314f 	lsll	r0, r1, #13
341827e0:	4059      	eors	r1, r3
341827e2:	910b      	str	r1, [sp, #44]	@ 0x2c
341827e4:	e9dd 670a 	ldrd	r6, r7, [sp, #40]	@ 0x28
341827e8:	4630      	mov	r0, r6
341827ea:	4639      	mov	r1, r7
341827ec:	ea50 11df 	lsrl	r0, r1, #7
341827f0:	9e0a      	ldr	r6, [sp, #40]	@ 0x28
341827f2:	f10c 0c10 	add.w	ip, ip, #16
341827f6:	ea86 0a00 	eor.w	sl, r6, r0
341827fa:	9e0b      	ldr	r6, [sp, #44]	@ 0x2c
341827fc:	4650      	mov	r0, sl
341827fe:	ea86 0b01 	eor.w	fp, r6, r1
34182802:	4659      	mov	r1, fp
34182804:	ea50 414f 	lsll	r0, r1, #17
34182808:	ea8a 444a 	eor.w	r4, sl, sl, lsl #17
3418280c:	ea8b 0501 	eor.w	r5, fp, r1
34182810:	4620      	mov	r0, r4
34182812:	4629      	mov	r1, r5
34182814:	ea50 314f 	lsll	r0, r1, #13
34182818:	ea84 3844 	eor.w	r8, r4, r4, lsl #13
3418281c:	ea85 0901 	eor.w	r9, r5, r1
34182820:	4640      	mov	r0, r8
34182822:	4649      	mov	r1, r9
34182824:	ea50 11df 	lsrl	r0, r1, #7
34182828:	ea88 0600 	eor.w	r6, r8, r0
3418282c:	ea89 0101 	eor.w	r1, r9, r1
34182830:	910d      	str	r1, [sp, #52]	@ 0x34
34182832:	960c      	str	r6, [sp, #48]	@ 0x30
34182834:	e9dd 670c 	ldrd	r6, r7, [sp, #48]	@ 0x30
34182838:	4630      	mov	r0, r6
3418283a:	4639      	mov	r1, r7
3418283c:	ea50 414f 	lsll	r0, r1, #17
34182840:	ea86 4246 	eor.w	r2, r6, r6, lsl #17
34182844:	ea87 0301 	eor.w	r3, r7, r1
34182848:	e94c 4504 	strd	r4, r5, [ip, #-16]
3418284c:	e94c 2302 	strd	r2, r3, [ip, #-8]
34182850:	f00f c841 	le	lr, 341827d2 <main+0x96>
34182854:	e9dd 1050 	ldrd	r1, r0, [sp, #320]	@ 0x140
34182858:	3080      	adds	r0, #128	@ 0x80
3418285a:	f5b0 7f00 	cmp.w	r0, #512	@ 0x200
3418285e:	f501 6100 	add.w	r1, r1, #2048	@ 0x800
34182862:	d1ac      	bne.n	341827be <main+0x82>
34182864:	4610      	mov	r0, r2
34182866:	4619      	mov	r1, r3
34182868:	ea50 314f 	lsll	r0, r1, #13
3418286c:	4689      	mov	r9, r1
3418286e:	49a3      	ldr	r1, [pc, #652]	@ (34182afc <main+0x3c0>)
34182870:	ea82 3042 	eor.w	r0, r2, r2, lsl #13
34182874:	910a      	str	r1, [sp, #40]	@ 0x28
34182876:	ea89 0103 	eor.w	r1, r9, r3
3418287a:	4602      	mov	r2, r0
3418287c:	460b      	mov	r3, r1
3418287e:	ea52 13df 	lsrl	r2, r3, #7
34182882:	ea82 0700 	eor.w	r7, r2, r0
34182886:	ea83 0901 	eor.w	r9, r3, r1
3418288a:	4638      	mov	r0, r7
3418288c:	4649      	mov	r1, r9
3418288e:	ea50 414f 	lsll	r0, r1, #17
34182892:	ea87 4247 	eor.w	r2, r7, r7, lsl #17
34182896:	ea81 0309 	eor.w	r3, r1, r9
3418289a:	4610      	mov	r0, r2
3418289c:	4619      	mov	r1, r3
3418289e:	f8df e26c 	ldr.w	lr, [pc, #620]	@ 34182b0c <main+0x3d0>
341828a2:	ea50 314f 	lsll	r0, r1, #13
341828a6:	46f4      	mov	ip, lr
341828a8:	ea82 3842 	eor.w	r8, r2, r2, lsl #13
341828ac:	ea81 0903 	eor.w	r9, r1, r3
341828b0:	e8ec 2304 	strd	r2, r3, [ip], #16
341828b4:	4642      	mov	r2, r8
341828b6:	464b      	mov	r3, r9
341828b8:	ea52 13df 	lsrl	r2, r3, #7
341828bc:	ea82 0008 	eor.w	r0, r2, r8
341828c0:	ea83 0109 	eor.w	r1, r3, r9
341828c4:	4680      	mov	r8, r0
341828c6:	4689      	mov	r9, r1
341828c8:	ea58 494f 	lsll	r8, r9, #17
341828cc:	ea80 4240 	eor.w	r2, r0, r0, lsl #17
341828d0:	ea89 0301 	eor.w	r3, r9, r1
341828d4:	4610      	mov	r0, r2
341828d6:	4619      	mov	r1, r3
341828d8:	ea50 314f 	lsll	r0, r1, #13
341828dc:	ea82 3842 	eor.w	r8, r2, r2, lsl #13
341828e0:	ea81 0903 	eor.w	r9, r1, r3
341828e4:	e94c 2302 	strd	r2, r3, [ip, #-8]
341828e8:	4642      	mov	r2, r8
341828ea:	464b      	mov	r3, r9
341828ec:	ea52 13df 	lsrl	r2, r3, #7
341828f0:	ea82 0008 	eor.w	r0, r2, r8
341828f4:	ea83 0109 	eor.w	r1, r3, r9
341828f8:	4680      	mov	r8, r0
341828fa:	4689      	mov	r9, r1
341828fc:	ea58 494f 	lsll	r8, r9, #17
34182900:	ea80 4240 	eor.w	r2, r0, r0, lsl #17
34182904:	ea89 0301 	eor.w	r3, r9, r1
34182908:	4610      	mov	r0, r2
3418290a:	4619      	mov	r1, r3
3418290c:	ea50 314f 	lsll	r0, r1, #13
34182910:	ea82 3842 	eor.w	r8, r2, r2, lsl #13
34182914:	ea81 0903 	eor.w	r9, r1, r3
34182918:	e9cc 2300 	strd	r2, r3, [ip]
3418291c:	4642      	mov	r2, r8
3418291e:	464b      	mov	r3, r9
34182920:	ea52 13df 	lsrl	r2, r3, #7
34182924:	ea82 0008 	eor.w	r0, r2, r8
34182928:	ea83 0109 	eor.w	r1, r3, r9
3418292c:	4680      	mov	r8, r0
3418292e:	4689      	mov	r9, r1
34182930:	ea58 494f 	lsll	r8, r9, #17
34182934:	ea80 4240 	eor.w	r2, r0, r0, lsl #17
34182938:	ea89 0301 	eor.w	r3, r9, r1
3418293c:	4610      	mov	r0, r2
3418293e:	4619      	mov	r1, r3
34182940:	ea50 314f 	lsll	r0, r1, #13
34182944:	ea82 3842 	eor.w	r8, r2, r2, lsl #13
34182948:	ea81 0903 	eor.w	r9, r1, r3
3418294c:	e9ce 2306 	strd	r2, r3, [lr, #24]
34182950:	4642      	mov	r2, r8
34182952:	464b      	mov	r3, r9
34182954:	ea52 13df 	lsrl	r2, r3, #7
34182958:	ea88 0002 	eor.w	r0, r8, r2
3418295c:	ea89 0103 	eor.w	r1, r9, r3
34182960:	4680      	mov	r8, r0
34182962:	4689      	mov	r9, r1
34182964:	ea58 494f 	lsll	r8, r9, #17
34182968:	ea80 4240 	eor.w	r2, r0, r0, lsl #17
3418296c:	ea81 0309 	eor.w	r3, r1, r9
34182970:	4610      	mov	r0, r2
34182972:	4619      	mov	r1, r3
34182974:	ea50 314f 	lsll	r0, r1, #13
34182978:	ea82 3842 	eor.w	r8, r2, r2, lsl #13
3418297c:	ea83 0901 	eor.w	r9, r3, r1
34182980:	e9ce 2308 	strd	r2, r3, [lr, #32]
34182984:	4642      	mov	r2, r8
34182986:	464b      	mov	r3, r9
34182988:	ea52 13df 	lsrl	r2, r3, #7
3418298c:	ea88 0002 	eor.w	r0, r8, r2
34182990:	ea89 0103 	eor.w	r1, r9, r3
34182994:	4680      	mov	r8, r0
34182996:	4689      	mov	r9, r1
34182998:	ea58 494f 	lsll	r8, r9, #17
3418299c:	f50d 7bc4 	add.w	fp, sp, #392	@ 0x188
341829a0:	f8cd b030 	str.w	fp, [sp, #48]	@ 0x30
341829a4:	f8cd b140 	str.w	fp, [sp, #320]	@ 0x140
341829a8:	f04f 0b00 	mov.w	fp, #0
341829ac:	ea80 4240 	eor.w	r2, r0, r0, lsl #17
341829b0:	ea81 0309 	eor.w	r3, r1, r9
341829b4:	e9ce 230a 	strd	r2, r3, [lr, #40]	@ 0x28
341829b8:	4c51      	ldr	r4, [pc, #324]	@ (34182b00 <main+0x3c4>)
341829ba:	4d52      	ldr	r5, [pc, #328]	@ (34182b04 <main+0x3c8>)
341829bc:	4e52      	ldr	r6, [pc, #328]	@ (34182b08 <main+0x3cc>)
341829be:	9f0c      	ldr	r7, [sp, #48]	@ 0x30
341829c0:	ea82 3142 	eor.w	r1, r2, r2, lsl #13
341829c4:	9126      	str	r1, [sp, #152]	@ 0x98
341829c6:	4610      	mov	r0, r2
341829c8:	4619      	mov	r1, r3
341829ca:	ea50 314f 	lsll	r0, r1, #13
341829ce:	404b      	eors	r3, r1
341829d0:	9327      	str	r3, [sp, #156]	@ 0x9c
341829d2:	e9dd 0126 	ldrd	r0, r1, [sp, #152]	@ 0x98
341829d6:	4602      	mov	r2, r0
341829d8:	460b      	mov	r3, r1
341829da:	ea52 13df 	lsrl	r2, r3, #7
341829de:	9926      	ldr	r1, [sp, #152]	@ 0x98
341829e0:	f04f 0a40 	mov.w	sl, #64	@ 0x40
341829e4:	4051      	eors	r1, r2
341829e6:	914a      	str	r1, [sp, #296]	@ 0x128
341829e8:	9927      	ldr	r1, [sp, #156]	@ 0x9c
341829ea:	404b      	eors	r3, r1
341829ec:	934b      	str	r3, [sp, #300]	@ 0x12c
341829ee:	e9dd 014a 	ldrd	r0, r1, [sp, #296]	@ 0x128
341829f2:	ea80 4340 	eor.w	r3, r0, r0, lsl #17
341829f6:	934c      	str	r3, [sp, #304]	@ 0x130
341829f8:	4602      	mov	r2, r0
341829fa:	460b      	mov	r3, r1
341829fc:	ea52 434f 	lsll	r2, r3, #17
34182a00:	404b      	eors	r3, r1
34182a02:	934d      	str	r3, [sp, #308]	@ 0x134
34182a04:	e9dd 014c 	ldrd	r0, r1, [sp, #304]	@ 0x130
34182a08:	ea80 3340 	eor.w	r3, r0, r0, lsl #13
34182a0c:	9328      	str	r3, [sp, #160]	@ 0xa0
34182a0e:	4602      	mov	r2, r0
34182a10:	460b      	mov	r3, r1
34182a12:	ea52 334f 	lsll	r2, r3, #13
34182a16:	404b      	eors	r3, r1
34182a18:	9329      	str	r3, [sp, #164]	@ 0xa4
34182a1a:	e9c5 0100 	strd	r0, r1, [r5]
34182a1e:	e9dd 0128 	ldrd	r0, r1, [sp, #160]	@ 0xa0
34182a22:	4602      	mov	r2, r0
34182a24:	460b      	mov	r3, r1
34182a26:	ea52 13df 	lsrl	r2, r3, #7
34182a2a:	9928      	ldr	r1, [sp, #160]	@ 0xa0
34182a2c:	4051      	eors	r1, r2
34182a2e:	914e      	str	r1, [sp, #312]	@ 0x138
34182a30:	9929      	ldr	r1, [sp, #164]	@ 0xa4
34182a32:	404b      	eors	r3, r1
34182a34:	934f      	str	r3, [sp, #316]	@ 0x13c
34182a36:	e9dd 014e 	ldrd	r0, r1, [sp, #312]	@ 0x138
34182a3a:	4602      	mov	r2, r0
34182a3c:	460b      	mov	r3, r1
34182a3e:	ea52 434f 	lsll	r2, r3, #17
34182a42:	ea80 4840 	eor.w	r8, r0, r0, lsl #17
34182a46:	ea81 0903 	eor.w	r9, r1, r3
34182a4a:	ea88 3348 	eor.w	r3, r8, r8, lsl #13
34182a4e:	9322      	str	r3, [sp, #136]	@ 0x88
34182a50:	4642      	mov	r2, r8
34182a52:	464b      	mov	r3, r9
34182a54:	ea52 334f 	lsll	r2, r3, #13
34182a58:	ea83 0309 	eor.w	r3, r3, r9
34182a5c:	9323      	str	r3, [sp, #140]	@ 0x8c
34182a5e:	e9dd 0122 	ldrd	r0, r1, [sp, #136]	@ 0x88
34182a62:	4602      	mov	r2, r0
34182a64:	460b      	mov	r3, r1
34182a66:	ea52 13df 	lsrl	r2, r3, #7
34182a6a:	9922      	ldr	r1, [sp, #136]	@ 0x88
34182a6c:	e9c5 8902 	strd	r8, r9, [r5, #8]
34182a70:	4051      	eors	r1, r2
34182a72:	9146      	str	r1, [sp, #280]	@ 0x118
34182a74:	9923      	ldr	r1, [sp, #140]	@ 0x8c
34182a76:	404b      	eors	r3, r1
34182a78:	9347      	str	r3, [sp, #284]	@ 0x11c
34182a7a:	e9dd 0146 	ldrd	r0, r1, [sp, #280]	@ 0x118
34182a7e:	ea80 4340 	eor.w	r3, r0, r0, lsl #17
34182a82:	9348      	str	r3, [sp, #288]	@ 0x120
34182a84:	4602      	mov	r2, r0
34182a86:	460b      	mov	r3, r1
34182a88:	ea52 434f 	lsll	r2, r3, #17
34182a8c:	404b      	eors	r3, r1
34182a8e:	9349      	str	r3, [sp, #292]	@ 0x124
34182a90:	e9dd 0148 	ldrd	r0, r1, [sp, #288]	@ 0x120
34182a94:	ea80 3340 	eor.w	r3, r0, r0, lsl #13
34182a98:	9324      	str	r3, [sp, #144]	@ 0x90
34182a9a:	4602      	mov	r2, r0
34182a9c:	460b      	mov	r3, r1
34182a9e:	ea52 334f 	lsll	r2, r3, #13
34182aa2:	404b      	eors	r3, r1
34182aa4:	9325      	str	r3, [sp, #148]	@ 0x94
34182aa6:	e9c6 0100 	strd	r0, r1, [r6]
34182aaa:	e9dd 0124 	ldrd	r0, r1, [sp, #144]	@ 0x90
34182aae:	4602      	mov	r2, r0
34182ab0:	460b      	mov	r3, r1
34182ab2:	ea52 13df 	lsrl	r2, r3, #7
34182ab6:	9924      	ldr	r1, [sp, #144]	@ 0x90
34182ab8:	4051      	eors	r1, r2
34182aba:	9130      	str	r1, [sp, #192]	@ 0xc0
34182abc:	9925      	ldr	r1, [sp, #148]	@ 0x94
34182abe:	404b      	eors	r3, r1
34182ac0:	9331      	str	r3, [sp, #196]	@ 0xc4
34182ac2:	9b30      	ldr	r3, [sp, #192]	@ 0xc0
34182ac4:	490b      	ldr	r1, [pc, #44]	@ (34182af4 <main+0x3b8>)
34182ac6:	ea83 4343 	eor.w	r3, r3, r3, lsl #17
34182aca:	600b      	str	r3, [r1, #0]
34182acc:	60b3      	str	r3, [r6, #8]
34182ace:	e9dd 2330 	ldrd	r2, r3, [sp, #192]	@ 0xc0
34182ad2:	ea52 434f 	lsll	r2, r3, #17
34182ad6:	9831      	ldr	r0, [sp, #196]	@ 0xc4
34182ad8:	4043      	eors	r3, r0
34182ada:	604b      	str	r3, [r1, #4]
34182adc:	e018      	b.n	34182b10 <main+0x3d4>
34182ade:	bf00      	nop
34182ae0:	3418fa10 	.word	0x3418fa10
34182ae4:	3418fa14 	.word	0x3418fa14
34182ae8:	3418fa20 	.word	0x3418fa20
34182aec:	3418fc18 	.word	0x3418fc18
34182af0:	3418fca0 	.word	0x3418fca0
34182af4:	341c0000 	.word	0x341c0000
34182af8:	341c1678 	.word	0x341c1678
34182afc:	341c08c0 	.word	0x341c08c0
34182b00:	341c08c8 	.word	0x341c08c8
34182b04:	341c08e8 	.word	0x341c08e8
34182b08:	341c08d8 	.word	0x341c08d8
34182b0c:	341c2e78 	.word	0x341c2e78
34182b10:	60f3      	str	r3, [r6, #12]
34182b12:	f001 fe1b 	bl	3418474c <m55_measure_start>
34182b16:	4632      	mov	r2, r6
34182b18:	4629      	mov	r1, r5
34182b1a:	4620      	mov	r0, r4
34182b1c:	f001 fa8e 	bl	3418403c <samsungsds_aimer_128f_ref_gf_mul>
34182b20:	f1ba 0a01 	subs.w	sl, sl, #1
34182b24:	d1f7      	bne.n	34182b16 <main+0x3da>
34182b26:	f001 fe1f 	bl	34184768 <m55_measure_end>
34182b2a:	463b      	mov	r3, r7
34182b2c:	f00b 0201 	and.w	r2, fp, #1
34182b30:	f843 0f08 	str.w	r0, [r3, #8]!
34182b34:	461f      	mov	r7, r3
34182b36:	990a      	ldr	r1, [sp, #40]	@ 0x28
34182b38:	f8c3 a004 	str.w	sl, [r3, #4]
34182b3c:	f854 3032 	ldr.w	r3, [r4, r2, lsl #3]
34182b40:	eb04 02c2 	add.w	r2, r4, r2, lsl #3
34182b44:	6852      	ldr	r2, [r2, #4]
34182b46:	e9d1 0100 	ldrd	r0, r1, [r1]
34182b4a:	4043      	eors	r3, r0
34182b4c:	9332      	str	r3, [sp, #200]	@ 0xc8
34182b4e:	f10b 0b01 	add.w	fp, fp, #1
34182b52:	ea81 0302 	eor.w	r3, r1, r2
34182b56:	990a      	ldr	r1, [sp, #40]	@ 0x28
34182b58:	9333      	str	r3, [sp, #204]	@ 0xcc
34182b5a:	f1bb 0f1f 	cmp.w	fp, #31
34182b5e:	e9dd 2332 	ldrd	r2, r3, [sp, #200]	@ 0xc8
34182b62:	e9c1 2300 	strd	r2, r3, [r1]
34182b66:	d005      	beq.n	34182b74 <main+0x438>
34182b68:	4b01      	ldr	r3, [pc, #4]	@ (34182b70 <main+0x434>)
34182b6a:	e9d3 2300 	ldrd	r2, r3, [r3]
34182b6e:	e727      	b.n	341829c0 <main+0x284>
34182b70:	341c0000 	.word	0x341c0000
34182b74:	f8dd b140 	ldr.w	fp, [sp, #320]	@ 0x140
34182b78:	2301      	movs	r3, #1
34182b7a:	2240      	movs	r2, #64	@ 0x40
34182b7c:	48c9      	ldr	r0, [pc, #804]	@ (34182ea4 <main+0x768>)
34182b7e:	a964      	add	r1, sp, #400	@ 0x190
34182b80:	f7fd fe0a 	bl	34180798 <print_stats>
34182b84:	f8cd b088 	str.w	fp, [sp, #136]	@ 0x88
34182b88:	f8cd b030 	str.w	fp, [sp, #48]	@ 0x30
34182b8c:	49c6      	ldr	r1, [pc, #792]	@ (34182ea8 <main+0x76c>)
34182b8e:	f04f 0b40 	mov.w	fp, #64	@ 0x40
34182b92:	e9d1 2300 	ldrd	r2, r3, [r1]
34182b96:	ea82 3042 	eor.w	r0, r2, r2, lsl #13
34182b9a:	901e      	str	r0, [sp, #120]	@ 0x78
34182b9c:	4619      	mov	r1, r3
34182b9e:	4610      	mov	r0, r2
34182ba0:	ea50 314f 	lsll	r0, r1, #13
34182ba4:	404b      	eors	r3, r1
34182ba6:	931f      	str	r3, [sp, #124]	@ 0x7c
34182ba8:	e9dd 011e 	ldrd	r0, r1, [sp, #120]	@ 0x78
34182bac:	4602      	mov	r2, r0
34182bae:	460b      	mov	r3, r1
34182bb0:	ea52 13df 	lsrl	r2, r3, #7
34182bb4:	981e      	ldr	r0, [sp, #120]	@ 0x78
34182bb6:	ea80 0602 	eor.w	r6, r0, r2
34182bba:	981f      	ldr	r0, [sp, #124]	@ 0x7c
34182bbc:	4632      	mov	r2, r6
34182bbe:	ea80 0703 	eor.w	r7, r0, r3
34182bc2:	463b      	mov	r3, r7
34182bc4:	ea52 434f 	lsll	r2, r3, #17
34182bc8:	ea86 4846 	eor.w	r8, r6, r6, lsl #17
34182bcc:	ea87 0903 	eor.w	r9, r7, r3
34182bd0:	ea88 3348 	eor.w	r3, r8, r8, lsl #13
34182bd4:	9320      	str	r3, [sp, #128]	@ 0x80
34182bd6:	4642      	mov	r2, r8
34182bd8:	464b      	mov	r3, r9
34182bda:	ea52 334f 	lsll	r2, r3, #13
34182bde:	ea89 0303 	eor.w	r3, r9, r3
34182be2:	9321      	str	r3, [sp, #132]	@ 0x84
34182be4:	e9dd 0120 	ldrd	r0, r1, [sp, #128]	@ 0x80
34182be8:	4602      	mov	r2, r0
34182bea:	460b      	mov	r3, r1
34182bec:	ea52 13df 	lsrl	r2, r3, #7
34182bf0:	9820      	ldr	r0, [sp, #128]	@ 0x80
34182bf2:	49ad      	ldr	r1, [pc, #692]	@ (34182ea8 <main+0x76c>)
34182bf4:	4050      	eors	r0, r2
34182bf6:	902e      	str	r0, [sp, #184]	@ 0xb8
34182bf8:	9821      	ldr	r0, [sp, #132]	@ 0x84
34182bfa:	e9c5 8900 	strd	r8, r9, [r5]
34182bfe:	4043      	eors	r3, r0
34182c00:	932f      	str	r3, [sp, #188]	@ 0xbc
34182c02:	9b2e      	ldr	r3, [sp, #184]	@ 0xb8
34182c04:	982f      	ldr	r0, [sp, #188]	@ 0xbc
34182c06:	ea83 4343 	eor.w	r3, r3, r3, lsl #17
34182c0a:	600b      	str	r3, [r1, #0]
34182c0c:	60ab      	str	r3, [r5, #8]
34182c0e:	e9dd 232e 	ldrd	r2, r3, [sp, #184]	@ 0xb8
34182c12:	ea52 434f 	lsll	r2, r3, #17
34182c16:	4043      	eors	r3, r0
34182c18:	604b      	str	r3, [r1, #4]
34182c1a:	60eb      	str	r3, [r5, #12]
34182c1c:	f001 fd96 	bl	3418474c <m55_measure_start>
34182c20:	49a2      	ldr	r1, [pc, #648]	@ (34182eac <main+0x770>)
34182c22:	48a3      	ldr	r0, [pc, #652]	@ (34182eb0 <main+0x774>)
34182c24:	f001 fa80 	bl	34184128 <samsungsds_aimer_128f_ref_gf_sqr>
34182c28:	f1bb 0b01 	subs.w	fp, fp, #1
34182c2c:	d1f8      	bne.n	34182c20 <main+0x4e4>
34182c2e:	f001 fd9b 	bl	34184768 <m55_measure_end>
34182c32:	9b0c      	ldr	r3, [sp, #48]	@ 0x30
34182c34:	f00a 0201 	and.w	r2, sl, #1
34182c38:	f843 0f08 	str.w	r0, [r3, #8]!
34182c3c:	990a      	ldr	r1, [sp, #40]	@ 0x28
34182c3e:	930c      	str	r3, [sp, #48]	@ 0x30
34182c40:	f8c3 b004 	str.w	fp, [r3, #4]
34182c44:	f854 3032 	ldr.w	r3, [r4, r2, lsl #3]
34182c48:	eb04 02c2 	add.w	r2, r4, r2, lsl #3
34182c4c:	6852      	ldr	r2, [r2, #4]
34182c4e:	e9d1 0100 	ldrd	r0, r1, [r1]
34182c52:	4043      	eors	r3, r0
34182c54:	9334      	str	r3, [sp, #208]	@ 0xd0
34182c56:	f10a 0a01 	add.w	sl, sl, #1
34182c5a:	ea81 0302 	eor.w	r3, r1, r2
34182c5e:	990a      	ldr	r1, [sp, #40]	@ 0x28
34182c60:	9335      	str	r3, [sp, #212]	@ 0xd4
34182c62:	f1ba 0f1f 	cmp.w	sl, #31
34182c66:	e9dd 2334 	ldrd	r2, r3, [sp, #208]	@ 0xd0
34182c6a:	e9c1 2300 	strd	r2, r3, [r1]
34182c6e:	d18d      	bne.n	34182b8c <main+0x450>
34182c70:	465f      	mov	r7, fp
34182c72:	f8dd b088 	ldr.w	fp, [sp, #136]	@ 0x88
34182c76:	2301      	movs	r3, #1
34182c78:	2240      	movs	r2, #64	@ 0x40
34182c7a:	488e      	ldr	r0, [pc, #568]	@ (34182eb4 <main+0x778>)
34182c7c:	a964      	add	r1, sp, #400	@ 0x190
34182c7e:	f7fd fd8b 	bl	34180798 <print_stats>
34182c82:	f8cd b078 	str.w	fp, [sp, #120]	@ 0x78
34182c86:	f8cd b030 	str.w	fp, [sp, #48]	@ 0x30
34182c8a:	4e87      	ldr	r6, [pc, #540]	@ (34182ea8 <main+0x76c>)
34182c8c:	e9d6 2300 	ldrd	r2, r3, [r6]
34182c90:	ea82 3142 	eor.w	r1, r2, r2, lsl #13
34182c94:	911a      	str	r1, [sp, #104]	@ 0x68
34182c96:	4610      	mov	r0, r2
34182c98:	4619      	mov	r1, r3
34182c9a:	ea50 314f 	lsll	r0, r1, #13
34182c9e:	404b      	eors	r3, r1
34182ca0:	931b      	str	r3, [sp, #108]	@ 0x6c
34182ca2:	e9dd 011a 	ldrd	r0, r1, [sp, #104]	@ 0x68
34182ca6:	4602      	mov	r2, r0
34182ca8:	460b      	mov	r3, r1
34182caa:	ea52 13df 	lsrl	r2, r3, #7
34182cae:	991a      	ldr	r1, [sp, #104]	@ 0x68
34182cb0:	ea81 0802 	eor.w	r8, r1, r2
34182cb4:	991b      	ldr	r1, [sp, #108]	@ 0x6c
34182cb6:	4642      	mov	r2, r8
34182cb8:	ea81 0903 	eor.w	r9, r1, r3
34182cbc:	464b      	mov	r3, r9
34182cbe:	ea52 434f 	lsll	r2, r3, #17
34182cc2:	ea88 4a48 	eor.w	sl, r8, r8, lsl #17
34182cc6:	ea89 0b03 	eor.w	fp, r9, r3
34182cca:	ea8a 334a 	eor.w	r3, sl, sl, lsl #13
34182cce:	931c      	str	r3, [sp, #112]	@ 0x70
34182cd0:	4652      	mov	r2, sl
34182cd2:	465b      	mov	r3, fp
34182cd4:	ea52 334f 	lsll	r2, r3, #13
34182cd8:	ea8b 0303 	eor.w	r3, fp, r3
34182cdc:	931d      	str	r3, [sp, #116]	@ 0x74
34182cde:	e9dd 011c 	ldrd	r0, r1, [sp, #112]	@ 0x70
34182ce2:	4602      	mov	r2, r0
34182ce4:	460b      	mov	r3, r1
34182ce6:	ea52 13df 	lsrl	r2, r3, #7
34182cea:	991c      	ldr	r1, [sp, #112]	@ 0x70
34182cec:	e9c5 ab00 	strd	sl, fp, [r5]
34182cf0:	4051      	eors	r1, r2
34182cf2:	9144      	str	r1, [sp, #272]	@ 0x110
34182cf4:	991d      	ldr	r1, [sp, #116]	@ 0x74
34182cf6:	404b      	eors	r3, r1
34182cf8:	9345      	str	r3, [sp, #276]	@ 0x114
34182cfa:	e9dd 0144 	ldrd	r0, r1, [sp, #272]	@ 0x110
34182cfe:	ea80 4340 	eor.w	r3, r0, r0, lsl #17
34182d02:	6033      	str	r3, [r6, #0]
34182d04:	4602      	mov	r2, r0
34182d06:	60ab      	str	r3, [r5, #8]
34182d08:	460b      	mov	r3, r1
34182d0a:	ea52 434f 	lsll	r2, r3, #17
34182d0e:	404b      	eors	r3, r1
34182d10:	6073      	str	r3, [r6, #4]
34182d12:	60eb      	str	r3, [r5, #12]
34182d14:	2608      	movs	r6, #8
34182d16:	f001 fd19 	bl	3418474c <m55_measure_start>
34182d1a:	4964      	ldr	r1, [pc, #400]	@ (34182eac <main+0x770>)
34182d1c:	4864      	ldr	r0, [pc, #400]	@ (34182eb0 <main+0x774>)
34182d1e:	f001 f8b1 	bl	34183e84 <samsungsds_aimer_128f_ref_gf_inv>
34182d22:	3e01      	subs	r6, #1
34182d24:	d1f9      	bne.n	34182d1a <main+0x5de>
34182d26:	f001 fd1f 	bl	34184768 <m55_measure_end>
34182d2a:	9b0c      	ldr	r3, [sp, #48]	@ 0x30
34182d2c:	f007 0201 	and.w	r2, r7, #1
34182d30:	f843 0f08 	str.w	r0, [r3, #8]!
34182d34:	930c      	str	r3, [sp, #48]	@ 0x30
34182d36:	605e      	str	r6, [r3, #4]
34182d38:	f854 3032 	ldr.w	r3, [r4, r2, lsl #3]
34182d3c:	eb04 02c2 	add.w	r2, r4, r2, lsl #3
34182d40:	6852      	ldr	r2, [r2, #4]
34182d42:	990a      	ldr	r1, [sp, #40]	@ 0x28
34182d44:	3701      	adds	r7, #1
34182d46:	e9d1 0100 	ldrd	r0, r1, [r1]
34182d4a:	404a      	eors	r2, r1
34182d4c:	4043      	eors	r3, r0
34182d4e:	990a      	ldr	r1, [sp, #40]	@ 0x28
34182d50:	9336      	str	r3, [sp, #216]	@ 0xd8
34182d52:	9237      	str	r2, [sp, #220]	@ 0xdc
34182d54:	2f1f      	cmp	r7, #31
34182d56:	e9dd 2336 	ldrd	r2, r3, [sp, #216]	@ 0xd8
34182d5a:	e9c1 2300 	strd	r2, r3, [r1]
34182d5e:	d194      	bne.n	34182c8a <main+0x54e>
34182d60:	46b0      	mov	r8, r6
34182d62:	f8dd b078 	ldr.w	fp, [sp, #120]	@ 0x78
34182d66:	2201      	movs	r2, #1
34182d68:	4853      	ldr	r0, [pc, #332]	@ (34182eb8 <main+0x77c>)
34182d6a:	a964      	add	r1, sp, #400	@ 0x190
34182d6c:	f7fd fde0 	bl	34180930 <print_stats.constprop.0>
34182d70:	f8cd b068 	str.w	fp, [sp, #104]	@ 0x68
34182d74:	f8cd b030 	str.w	fp, [sp, #48]	@ 0x30
34182d78:	494b      	ldr	r1, [pc, #300]	@ (34182ea8 <main+0x76c>)
34182d7a:	f04f 0940 	mov.w	r9, #64	@ 0x40
34182d7e:	e9d1 2300 	ldrd	r2, r3, [r1]
34182d82:	ea82 3042 	eor.w	r0, r2, r2, lsl #13
34182d86:	9016      	str	r0, [sp, #88]	@ 0x58
34182d88:	4619      	mov	r1, r3
34182d8a:	4610      	mov	r0, r2
34182d8c:	ea50 314f 	lsll	r0, r1, #13
34182d90:	404b      	eors	r3, r1
34182d92:	9317      	str	r3, [sp, #92]	@ 0x5c
34182d94:	e9dd 0116 	ldrd	r0, r1, [sp, #88]	@ 0x58
34182d98:	4602      	mov	r2, r0
34182d9a:	460b      	mov	r3, r1
34182d9c:	ea52 13df 	lsrl	r2, r3, #7
34182da0:	9816      	ldr	r0, [sp, #88]	@ 0x58
34182da2:	ea80 0602 	eor.w	r6, r0, r2
34182da6:	9817      	ldr	r0, [sp, #92]	@ 0x5c
34182da8:	4632      	mov	r2, r6
34182daa:	ea80 0703 	eor.w	r7, r0, r3
34182dae:	463b      	mov	r3, r7
34182db0:	ea52 434f 	lsll	r2, r3, #17
34182db4:	ea86 4a46 	eor.w	sl, r6, r6, lsl #17
34182db8:	ea87 0b03 	eor.w	fp, r7, r3
34182dbc:	ea8a 334a 	eor.w	r3, sl, sl, lsl #13
34182dc0:	9318      	str	r3, [sp, #96]	@ 0x60
34182dc2:	4652      	mov	r2, sl
34182dc4:	465b      	mov	r3, fp
34182dc6:	ea52 334f 	lsll	r2, r3, #13
34182dca:	ea8b 0303 	eor.w	r3, fp, r3
34182dce:	9319      	str	r3, [sp, #100]	@ 0x64
34182dd0:	e9dd 0118 	ldrd	r0, r1, [sp, #96]	@ 0x60
34182dd4:	4602      	mov	r2, r0
34182dd6:	460b      	mov	r3, r1
34182dd8:	ea52 13df 	lsrl	r2, r3, #7
34182ddc:	9818      	ldr	r0, [sp, #96]	@ 0x60
34182dde:	4932      	ldr	r1, [pc, #200]	@ (34182ea8 <main+0x76c>)
34182de0:	4050      	eors	r0, r2
34182de2:	902c      	str	r0, [sp, #176]	@ 0xb0
34182de4:	9819      	ldr	r0, [sp, #100]	@ 0x64
34182de6:	e9c5 ab00 	strd	sl, fp, [r5]
34182dea:	4043      	eors	r3, r0
34182dec:	932d      	str	r3, [sp, #180]	@ 0xb4
34182dee:	9b2c      	ldr	r3, [sp, #176]	@ 0xb0
34182df0:	982d      	ldr	r0, [sp, #180]	@ 0xb4
34182df2:	ea83 4343 	eor.w	r3, r3, r3, lsl #17
34182df6:	600b      	str	r3, [r1, #0]
34182df8:	60ab      	str	r3, [r5, #8]
34182dfa:	e9dd 232c 	ldrd	r2, r3, [sp, #176]	@ 0xb0
34182dfe:	ea52 434f 	lsll	r2, r3, #17
34182e02:	4043      	eors	r3, r0
34182e04:	604b      	str	r3, [r1, #4]
34182e06:	60eb      	str	r3, [r5, #12]
34182e08:	f001 fca0 	bl	3418474c <m55_measure_start>
34182e0c:	4a2b      	ldr	r2, [pc, #172]	@ (34182ebc <main+0x780>)
34182e0e:	4927      	ldr	r1, [pc, #156]	@ (34182eac <main+0x770>)
34182e10:	4827      	ldr	r0, [pc, #156]	@ (34182eb0 <main+0x774>)
34182e12:	f001 fbf9 	bl	34184608 <samsungsds_aimer_128f_ref_gf_mat_vec_mul>
34182e16:	f1b9 0901 	subs.w	r9, r9, #1
34182e1a:	d1f7      	bne.n	34182e0c <main+0x6d0>
34182e1c:	f001 fca4 	bl	34184768 <m55_measure_end>
34182e20:	9b0c      	ldr	r3, [sp, #48]	@ 0x30
34182e22:	f008 0201 	and.w	r2, r8, #1
34182e26:	f843 0f08 	str.w	r0, [r3, #8]!
34182e2a:	990a      	ldr	r1, [sp, #40]	@ 0x28
34182e2c:	930c      	str	r3, [sp, #48]	@ 0x30
34182e2e:	f8c3 9004 	str.w	r9, [r3, #4]
34182e32:	f854 3032 	ldr.w	r3, [r4, r2, lsl #3]
34182e36:	eb04 02c2 	add.w	r2, r4, r2, lsl #3
34182e3a:	6852      	ldr	r2, [r2, #4]
34182e3c:	e9d1 0100 	ldrd	r0, r1, [r1]
34182e40:	4043      	eors	r3, r0
34182e42:	9338      	str	r3, [sp, #224]	@ 0xe0
34182e44:	f108 0801 	add.w	r8, r8, #1
34182e48:	ea81 0302 	eor.w	r3, r1, r2
34182e4c:	990a      	ldr	r1, [sp, #40]	@ 0x28
34182e4e:	9339      	str	r3, [sp, #228]	@ 0xe4
34182e50:	f1b8 0f1f 	cmp.w	r8, #31
34182e54:	e9dd 2338 	ldrd	r2, r3, [sp, #224]	@ 0xe0
34182e58:	e9c1 2300 	strd	r2, r3, [r1]
34182e5c:	d18c      	bne.n	34182d78 <main+0x63c>
34182e5e:	460f      	mov	r7, r1
34182e60:	464e      	mov	r6, r9
34182e62:	2301      	movs	r3, #1
34182e64:	2240      	movs	r2, #64	@ 0x40
34182e66:	4816      	ldr	r0, [pc, #88]	@ (34182ec0 <main+0x784>)
34182e68:	a964      	add	r1, sp, #400	@ 0x190
34182e6a:	f8dd 9068 	ldr.w	r9, [sp, #104]	@ 0x68
34182e6e:	f7fd fc93 	bl	34180798 <print_stats>
34182e72:	960a      	str	r6, [sp, #40]	@ 0x28
34182e74:	970c      	str	r7, [sp, #48]	@ 0x30
34182e76:	490c      	ldr	r1, [pc, #48]	@ (34182ea8 <main+0x76c>)
34182e78:	f04f 0840 	mov.w	r8, #64	@ 0x40
34182e7c:	e9d1 2300 	ldrd	r2, r3, [r1]
34182e80:	ea82 3042 	eor.w	r0, r2, r2, lsl #13
34182e84:	9012      	str	r0, [sp, #72]	@ 0x48
34182e86:	4619      	mov	r1, r3
34182e88:	4610      	mov	r0, r2
34182e8a:	ea50 314f 	lsll	r0, r1, #13
34182e8e:	404b      	eors	r3, r1
34182e90:	9313      	str	r3, [sp, #76]	@ 0x4c
34182e92:	e9dd 0112 	ldrd	r0, r1, [sp, #72]	@ 0x48
34182e96:	4602      	mov	r2, r0
34182e98:	460b      	mov	r3, r1
34182e9a:	ea52 13df 	lsrl	r2, r3, #7
34182e9e:	9812      	ldr	r0, [sp, #72]	@ 0x48
34182ea0:	e010      	b.n	34182ec4 <main+0x788>
34182ea2:	bf00      	nop
34182ea4:	3418fd94 	.word	0x3418fd94
34182ea8:	341c0000 	.word	0x341c0000
34182eac:	341c08e8 	.word	0x341c08e8
34182eb0:	341c08c8 	.word	0x341c08c8
34182eb4:	3418fd9c 	.word	0x3418fd9c
34182eb8:	3418fda4 	.word	0x3418fda4
34182ebc:	341c0e78 	.word	0x341c0e78
34182ec0:	3418fdac 	.word	0x3418fdac
34182ec4:	4050      	eors	r0, r2
34182ec6:	903e      	str	r0, [sp, #248]	@ 0xf8
34182ec8:	9813      	ldr	r0, [sp, #76]	@ 0x4c
34182eca:	4043      	eors	r3, r0
34182ecc:	933f      	str	r3, [sp, #252]	@ 0xfc
34182ece:	e9dd 013e 	ldrd	r0, r1, [sp, #248]	@ 0xf8
34182ed2:	ea80 4340 	eor.w	r3, r0, r0, lsl #17
34182ed6:	9340      	str	r3, [sp, #256]	@ 0x100
34182ed8:	4602      	mov	r2, r0
34182eda:	460b      	mov	r3, r1
34182edc:	ea52 434f 	lsll	r2, r3, #17
34182ee0:	404b      	eors	r3, r1
34182ee2:	9341      	str	r3, [sp, #260]	@ 0x104
34182ee4:	e9dd 0140 	ldrd	r0, r1, [sp, #256]	@ 0x100
34182ee8:	ea80 3340 	eor.w	r3, r0, r0, lsl #13
34182eec:	9314      	str	r3, [sp, #80]	@ 0x50
34182eee:	4602      	mov	r2, r0
34182ef0:	460b      	mov	r3, r1
34182ef2:	ea52 334f 	lsll	r2, r3, #13
34182ef6:	404b      	eors	r3, r1
34182ef8:	9315      	str	r3, [sp, #84]	@ 0x54
34182efa:	e9c5 0100 	strd	r0, r1, [r5]
34182efe:	e9dd 0114 	ldrd	r0, r1, [sp, #80]	@ 0x50
34182f02:	4602      	mov	r2, r0
34182f04:	460b      	mov	r3, r1
34182f06:	ea52 13df 	lsrl	r2, r3, #7
34182f0a:	9814      	ldr	r0, [sp, #80]	@ 0x50
34182f0c:	4050      	eors	r0, r2
34182f0e:	9042      	str	r0, [sp, #264]	@ 0x108
34182f10:	9815      	ldr	r0, [sp, #84]	@ 0x54
34182f12:	4043      	eors	r3, r0
34182f14:	9343      	str	r3, [sp, #268]	@ 0x10c
34182f16:	e9dd 0142 	ldrd	r0, r1, [sp, #264]	@ 0x108
34182f1a:	4602      	mov	r2, r0
34182f1c:	460b      	mov	r3, r1
34182f1e:	ea52 434f 	lsll	r2, r3, #17
34182f22:	ea80 4a40 	eor.w	sl, r0, r0, lsl #17
34182f26:	ea81 0b03 	eor.w	fp, r1, r3
34182f2a:	ea8a 334a 	eor.w	r3, sl, sl, lsl #13
34182f2e:	930e      	str	r3, [sp, #56]	@ 0x38
34182f30:	4652      	mov	r2, sl
34182f32:	465b      	mov	r3, fp
34182f34:	ea52 334f 	lsll	r2, r3, #13
34182f38:	ea83 030b 	eor.w	r3, r3, fp
34182f3c:	930f      	str	r3, [sp, #60]	@ 0x3c
34182f3e:	e9dd 010e 	ldrd	r0, r1, [sp, #56]	@ 0x38
34182f42:	4602      	mov	r2, r0
34182f44:	460b      	mov	r3, r1
34182f46:	ea52 13df 	lsrl	r2, r3, #7
34182f4a:	980e      	ldr	r0, [sp, #56]	@ 0x38
34182f4c:	e9c5 ab02 	strd	sl, fp, [r5, #8]
34182f50:	4050      	eors	r0, r2
34182f52:	903c      	str	r0, [sp, #240]	@ 0xf0
34182f54:	980f      	ldr	r0, [sp, #60]	@ 0x3c
34182f56:	4043      	eors	r3, r0
34182f58:	933d      	str	r3, [sp, #244]	@ 0xf4
34182f5a:	e9dd 013c 	ldrd	r0, r1, [sp, #240]	@ 0xf0
34182f5e:	4602      	mov	r2, r0
34182f60:	460b      	mov	r3, r1
34182f62:	ea52 434f 	lsll	r2, r3, #17
34182f66:	ea80 4640 	eor.w	r6, r0, r0, lsl #17
34182f6a:	ea81 0703 	eor.w	r7, r1, r3
34182f6e:	ea86 3346 	eor.w	r3, r6, r6, lsl #13
34182f72:	9310      	str	r3, [sp, #64]	@ 0x40
34182f74:	4632      	mov	r2, r6
34182f76:	463b      	mov	r3, r7
34182f78:	ea52 334f 	lsll	r2, r3, #13
34182f7c:	407b      	eors	r3, r7
34182f7e:	e9c4 6700 	strd	r6, r7, [r4]
34182f82:	9311      	str	r3, [sp, #68]	@ 0x44
34182f84:	e9dd 0110 	ldrd	r0, r1, [sp, #64]	@ 0x40
34182f88:	4602      	mov	r2, r0
34182f8a:	460b      	mov	r3, r1
34182f8c:	ea52 13df 	lsrl	r2, r3, #7
34182f90:	9810      	ldr	r0, [sp, #64]	@ 0x40
34182f92:	492e      	ldr	r1, [pc, #184]	@ (3418304c <main+0x910>)
34182f94:	4050      	eors	r0, r2
34182f96:	902a      	str	r0, [sp, #168]	@ 0xa8
34182f98:	9811      	ldr	r0, [sp, #68]	@ 0x44
34182f9a:	4043      	eors	r3, r0
34182f9c:	932b      	str	r3, [sp, #172]	@ 0xac
34182f9e:	9b2a      	ldr	r3, [sp, #168]	@ 0xa8
34182fa0:	982b      	ldr	r0, [sp, #172]	@ 0xac
34182fa2:	ea83 4343 	eor.w	r3, r3, r3, lsl #17
34182fa6:	600b      	str	r3, [r1, #0]
34182fa8:	60a3      	str	r3, [r4, #8]
34182faa:	e9dd 232a 	ldrd	r2, r3, [sp, #168]	@ 0xa8
34182fae:	ea52 434f 	lsll	r2, r3, #17
34182fb2:	4043      	eors	r3, r0
34182fb4:	604b      	str	r3, [r1, #4]
34182fb6:	60e3      	str	r3, [r4, #12]
34182fb8:	f001 fbc8 	bl	3418474c <m55_measure_start>
34182fbc:	4a24      	ldr	r2, [pc, #144]	@ (34183050 <main+0x914>)
34182fbe:	4925      	ldr	r1, [pc, #148]	@ (34183054 <main+0x918>)
34182fc0:	4825      	ldr	r0, [pc, #148]	@ (34183058 <main+0x91c>)
34182fc2:	f001 fb3d 	bl	34184640 <__wrap_samsungsds_aimer_128f_ref_gf_mat_vec_mul_add>
34182fc6:	f1b8 0801 	subs.w	r8, r8, #1
34182fca:	d1f7      	bne.n	34182fbc <main+0x880>
34182fcc:	f001 fbcc 	bl	34184768 <m55_measure_end>
34182fd0:	9a0a      	ldr	r2, [sp, #40]	@ 0x28
34182fd2:	f849 0f08 	str.w	r0, [r9, #8]!
34182fd6:	f002 0301 	and.w	r3, r2, #1
34182fda:	f854 1033 	ldr.w	r1, [r4, r3, lsl #3]
34182fde:	eb04 03c3 	add.w	r3, r4, r3, lsl #3
34182fe2:	6858      	ldr	r0, [r3, #4]
34182fe4:	3201      	adds	r2, #1
34182fe6:	9b0c      	ldr	r3, [sp, #48]	@ 0x30
34182fe8:	920a      	str	r2, [sp, #40]	@ 0x28
34182fea:	e9d3 2300 	ldrd	r2, r3, [r3]
34182fee:	4051      	eors	r1, r2
34182ff0:	9a0a      	ldr	r2, [sp, #40]	@ 0x28
34182ff2:	913a      	str	r1, [sp, #232]	@ 0xe8
34182ff4:	ea83 0100 	eor.w	r1, r3, r0
34182ff8:	9b0c      	ldr	r3, [sp, #48]	@ 0x30
34182ffa:	913b      	str	r1, [sp, #236]	@ 0xec
34182ffc:	2a1f      	cmp	r2, #31
34182ffe:	e9dd 013a 	ldrd	r0, r1, [sp, #232]	@ 0xe8
34183002:	f8c9 8004 	str.w	r8, [r9, #4]
34183006:	e9c3 0100 	strd	r0, r1, [r3]
3418300a:	f47f af34 	bne.w	34182e76 <main+0x73a>
3418300e:	461c      	mov	r4, r3
34183010:	a964      	add	r1, sp, #400	@ 0x190
34183012:	2301      	movs	r3, #1
34183014:	2240      	movs	r2, #64	@ 0x40
34183016:	4811      	ldr	r0, [pc, #68]	@ (3418305c <main+0x920>)
34183018:	f7fd fbbe 	bl	34180798 <print_stats>
3418301c:	f7fd fd56 	bl	34180acc <profile_batch_kernels>
34183020:	f7fe fe1e 	bl	34181c60 <profile_mpc>
34183024:	4b0e      	ldr	r3, [pc, #56]	@ (34183060 <main+0x924>)
34183026:	4a0f      	ldr	r2, [pc, #60]	@ (34183064 <main+0x928>)
34183028:	9300      	str	r3, [sp, #0]
3418302a:	4623      	mov	r3, r4
3418302c:	e9d3 4500 	ldrd	r4, r5, [r3]
34183030:	e9d3 0100 	ldrd	r0, r1, [r3]
34183034:	4b0a      	ldr	r3, [pc, #40]	@ (34183060 <main+0x924>)
34183036:	9002      	str	r0, [sp, #8]
34183038:	490b      	ldr	r1, [pc, #44]	@ (34183068 <main+0x92c>)
3418303a:	9501      	str	r5, [sp, #4]
3418303c:	480b      	ldr	r0, [pc, #44]	@ (3418306c <main+0x930>)
3418303e:	f003 fee1 	bl	34186e04 <printf>
34183042:	4640      	mov	r0, r8
34183044:	f50d 7d23 	add.w	sp, sp, #652	@ 0x28c
34183048:	e8bd 8ff0 	ldmia.w	sp!, {r4, r5, r6, r7, r8, r9, sl, fp, pc}
3418304c:	341c0000 	.word	0x341c0000
34183050:	341c0e78 	.word	0x341c0e78
34183054:	341c08e8 	.word	0x341c08e8
34183058:	341c08c8 	.word	0x341c08c8
3418305c:	3418fdbc 	.word	0x3418fdbc
34183060:	3418fa10 	.word	0x3418fa10
34183064:	3418fa14 	.word	0x3418fa14
34183068:	3418fa20 	.word	0x3418fa20
3418306c:	3418fdd0 	.word	0x3418fdd0

34183070 <m55_square_reduce_batch4>:
34183070:	4603      	mov	r3, r0
34183072:	ed90 5e80 	vldrh.u16	q2, [r0, #0]
34183076:	4602      	mov	r2, r0
34183078:	e92d 43f0 	stmdb	sp!, {r4, r5, r6, r7, r8, r9, lr}
3418307c:	ed2d 8b10 	vpush	{d8-d15}
34183080:	fe35 6e04 	vmullb.p16	q3, q2, q2
34183084:	edb3 de88 	vldrh.u16	q6, [r3, #16]!
34183088:	edb2 be98 	vldrh.u16	q5, [r2, #48]!
3418308c:	4601      	mov	r1, r0
3418308e:	b0bd      	sub	sp, #244	@ 0xf4
34183090:	fe35 1e04 	vmullt.p16	q0, q2, q2
34183094:	fe3d 2e0c 	vmullb.p16	q1, q6, q6
34183098:	fe3b ee0a 	vmullb.p16	q7, q5, q5
3418309c:	ed8d 7f04 	vstrw.32	q3, [sp, #16]
341830a0:	fe3d de0c 	vmullt.p16	q6, q6, q6
341830a4:	edb1 7e90 	vldrh.u16	q3, [r1, #32]!
341830a8:	ff80 8857 	vmov.i16	q4, #135	@ 0x0087
341830ac:	fe37 4e06 	vmullb.p16	q2, q3, q3
341830b0:	ed8d 1f20 	vstrw.32	q0, [sp, #128]
341830b4:	469e      	mov	lr, r3
341830b6:	ed8d 3f24 	vstrw.32	q1, [sp, #144]
341830ba:	ed8d df28 	vstrw.32	q6, [sp, #160]
341830be:	fe37 7e06 	vmullt.p16	q3, q3, q3
341830c2:	ed8d ff00 	vstrw.32	q7, [sp, #0]
341830c6:	fe3b be0a 	vmullt.p16	q5, q5, q5
341830ca:	460d      	mov	r5, r1
341830cc:	4617      	mov	r7, r2
341830ce:	4698      	mov	r8, r3
341830d0:	4681      	mov	r9, r0
341830d2:	ac20      	add	r4, sp, #128	@ 0x80
341830d4:	ae2c      	add	r6, sp, #176	@ 0xb0
341830d6:	46a4      	mov	ip, r4
341830d8:	f10e 0e10 	add.w	lr, lr, #16
341830dc:	e8bc 000f 	ldmia.w	ip!, {r0, r1, r2, r3}
341830e0:	45b4      	cmp	ip, r6
341830e2:	f104 0410 	add.w	r4, r4, #16
341830e6:	f84e 0c10 	str.w	r0, [lr, #-16]
341830ea:	f84e 1c0c 	str.w	r1, [lr, #-12]
341830ee:	f84e 2c08 	str.w	r2, [lr, #-8]
341830f2:	f84e 3c04 	str.w	r3, [lr, #-4]
341830f6:	d1ee      	bne.n	341830d6 <m55_square_reduce_batch4+0x66>
341830f8:	fe35 fe08 	vmullt.p16	q7, q2, q4
341830fc:	fe35 4e08 	vmullb.p16	q2, q2, q4
34183100:	ed8d ff10 	vstrw.32	q7, [sp, #64]
34183104:	ed9d ff04 	vldrw.u32	q7, [sp, #16]
34183108:	ff0e 4154 	veor	q2, q7, q2
3418310c:	ed8d 5f14 	vstrw.32	q2, [sp, #80]
34183110:	fe37 5e08 	vmullt.p16	q2, q3, q4
34183114:	fe37 6e08 	vmullb.p16	q3, q3, q4
34183118:	ed8d 7f08 	vstrw.32	q3, [sp, #32]
3418311c:	ed9d 7f00 	vldrw.u32	q3, [sp, #0]
34183120:	ed8d 5f04 	vstrw.32	q2, [sp, #16]
34183124:	fe37 5e08 	vmullt.p16	q2, q3, q4
34183128:	fe37 6e08 	vmullb.p16	q3, q3, q4
3418312c:	ed9d ff10 	vldrw.u32	q7, [sp, #64]
34183130:	ed8d 7f18 	vstrw.32	q3, [sp, #96]
34183134:	fe3b 7e08 	vmullt.p16	q3, q5, q4
34183138:	ed8d 7f0c 	vstrw.32	q3, [sp, #48]
3418313c:	ffb0 605e 	vshr.u32	q3, q7, #16
34183140:	fe3b ae08 	vmullb.p16	q5, q5, q4
34183144:	ff00 0156 	veor	q0, q0, q3
34183148:	ed9d 7f08 	vldrw.u32	q3, [sp, #32]
3418314c:	ed8d bf00 	vstrw.32	q5, [sp, #0]
34183150:	ff00 0156 	veor	q0, q0, q3
34183154:	ed9d bf04 	vldrw.u32	q5, [sp, #16]
34183158:	efb0 655e 	vshl.i32	q3, q7, #16
3418315c:	ed9d ff14 	vldrw.u32	q7, [sp, #80]
34183160:	ff0e 6156 	veor	q3, q7, q3
34183164:	ffb0 e05a 	vshr.u32	q7, q5, #16
34183168:	ff02 215e 	veor	q1, q1, q7
3418316c:	ed9d ff18 	vldrw.u32	q7, [sp, #96]
34183170:	ff02 215e 	veor	q1, q1, q7
34183174:	efb0 e55a 	vshl.i32	q7, q5, #16
34183178:	ff00 015e 	veor	q0, q0, q7
3418317c:	ed88 1f00 	vstrw.32	q0, [r8, #0]
34183180:	ffb0 0054 	vshr.u32	q0, q2, #16
34183184:	efb0 4554 	vshl.i32	q2, q2, #16
34183188:	ff02 2154 	veor	q1, q1, q2
3418318c:	ed85 3f00 	vstrw.32	q1, [r5, #0]
34183190:	ed9d 3f0c 	vldrw.u32	q1, [sp, #48]
34183194:	ed9d bf00 	vldrw.u32	q5, [sp, #0]
34183198:	ff0c c150 	veor	q6, q6, q0
3418319c:	ffb0 4052 	vshr.u32	q2, q1, #16
341831a0:	ff0c c15a 	veor	q6, q6, q5
341831a4:	fe35 4e08 	vmullb.p16	q2, q2, q4
341831a8:	efb0 a552 	vshl.i32	q5, q1, #16
341831ac:	ff06 6154 	veor	q3, q3, q2
341831b0:	ff0c c15a 	veor	q6, q6, q5
341831b4:	ed87 df00 	vstrw.32	q6, [r7, #0]
341831b8:	ed89 7f00 	vstrw.32	q3, [r9, #0]
341831bc:	b03d      	add	sp, #244	@ 0xf4
341831be:	ecbd 8b10 	vpop	{d8-d15}
341831c2:	e8bd 83f0 	ldmia.w	sp!, {r4, r5, r6, r7, r8, r9, pc}
341831c6:	bf00      	nop

341831c8 <m55_gf_mul_const_batch4>:
341831c8:	e92d 41f0 	stmdb	sp!, {r4, r5, r6, r7, r8, lr}
341831cc:	ed2d 8b10 	vpush	{d8-d15}
341831d0:	f04f 0c00 	mov.w	ip, #0
341831d4:	b0a2      	sub	sp, #136	@ 0x88
341831d6:	f10d 047f 	add.w	r4, sp, #127	@ 0x7f
341831da:	f024 040f 	bic.w	r4, r4, #15
341831de:	4615      	mov	r5, r2
341831e0:	e9c4 cc00 	strd	ip, ip, [r4]
341831e4:	e9c4 cc02 	strd	ip, ip, [r4, #8]
341831e8:	2b00      	cmp	r3, #0
341831ea:	f000 813e 	beq.w	3418346a <m55_gf_mul_const_batch4+0x2a2>
341831ee:	680a      	ldr	r2, [r1, #0]
341831f0:	2b01      	cmp	r3, #1
341831f2:	6022      	str	r2, [r4, #0]
341831f4:	684a      	ldr	r2, [r1, #4]
341831f6:	d009      	beq.n	3418320c <m55_gf_mul_const_batch4+0x44>
341831f8:	690e      	ldr	r6, [r1, #16]
341831fa:	2b02      	cmp	r3, #2
341831fc:	6066      	str	r6, [r4, #4]
341831fe:	d005      	beq.n	3418320c <m55_gf_mul_const_batch4+0x44>
34183200:	6a0e      	ldr	r6, [r1, #32]
34183202:	2b03      	cmp	r3, #3
34183204:	60a6      	str	r6, [r4, #8]
34183206:	bf1c      	itt	ne
34183208:	6b0e      	ldrne	r6, [r1, #48]	@ 0x30
3418320a:	60e6      	strne	r6, [r4, #12]
3418320c:	ed94 df00 	vldrw.u32	q6, [r4, #0]
34183210:	6022      	str	r2, [r4, #0]
34183212:	2200      	movs	r2, #0
34183214:	2b01      	cmp	r3, #1
34183216:	e9c4 2201 	strd	r2, r2, [r4, #4]
3418321a:	60e2      	str	r2, [r4, #12]
3418321c:	d009      	beq.n	34183232 <m55_gf_mul_const_batch4+0x6a>
3418321e:	694a      	ldr	r2, [r1, #20]
34183220:	2b02      	cmp	r3, #2
34183222:	6062      	str	r2, [r4, #4]
34183224:	d005      	beq.n	34183232 <m55_gf_mul_const_batch4+0x6a>
34183226:	6a4a      	ldr	r2, [r1, #36]	@ 0x24
34183228:	2b03      	cmp	r3, #3
3418322a:	60a2      	str	r2, [r4, #8]
3418322c:	bf1c      	itt	ne
3418322e:	6b4a      	ldrne	r2, [r1, #52]	@ 0x34
34183230:	60e2      	strne	r2, [r4, #12]
34183232:	2200      	movs	r2, #0
34183234:	688e      	ldr	r6, [r1, #8]
34183236:	2b01      	cmp	r3, #1
34183238:	ed94 ff00 	vldrw.u32	q7, [r4, #0]
3418323c:	f8d1 c00c 	ldr.w	ip, [r1, #12]
34183240:	e9c4 2201 	strd	r2, r2, [r4, #4]
34183244:	6026      	str	r6, [r4, #0]
34183246:	60e2      	str	r2, [r4, #12]
34183248:	d009      	beq.n	3418325e <m55_gf_mul_const_batch4+0x96>
3418324a:	698a      	ldr	r2, [r1, #24]
3418324c:	2b02      	cmp	r3, #2
3418324e:	6062      	str	r2, [r4, #4]
34183250:	d005      	beq.n	3418325e <m55_gf_mul_const_batch4+0x96>
34183252:	6a8a      	ldr	r2, [r1, #40]	@ 0x28
34183254:	2b03      	cmp	r3, #3
34183256:	60a2      	str	r2, [r4, #8]
34183258:	bf1c      	itt	ne
3418325a:	6b8a      	ldrne	r2, [r1, #56]	@ 0x38
3418325c:	60e2      	strne	r2, [r4, #12]
3418325e:	2200      	movs	r2, #0
34183260:	2b01      	cmp	r3, #1
34183262:	ed94 9f00 	vldrw.u32	q4, [r4, #0]
34183266:	e9c4 2201 	strd	r2, r2, [r4, #4]
3418326a:	f8c4 c000 	str.w	ip, [r4]
3418326e:	60e2      	str	r2, [r4, #12]
34183270:	f000 80a6 	beq.w	341833c0 <m55_gf_mul_const_batch4+0x1f8>
34183274:	69ca      	ldr	r2, [r1, #28]
34183276:	2b02      	cmp	r3, #2
34183278:	6062      	str	r2, [r4, #4]
3418327a:	f000 80a1 	beq.w	341833c0 <m55_gf_mul_const_batch4+0x1f8>
3418327e:	6aca      	ldr	r2, [r1, #44]	@ 0x2c
34183280:	2b03      	cmp	r3, #3
34183282:	60a2      	str	r2, [r4, #8]
34183284:	f000 809c 	beq.w	341833c0 <m55_gf_mul_const_batch4+0x1f8>
34183288:	6bca      	ldr	r2, [r1, #60]	@ 0x3c
3418328a:	60e2      	str	r2, [r4, #12]
3418328c:	ed94 3f00 	vldrw.u32	q1, [r4, #0]
34183290:	ef80 0050 	vmov.i32	q0, #0	@ 0x00000000
34183294:	f04f 0e80 	mov.w	lr, #128	@ 0x80
34183298:	f04f 0c00 	mov.w	ip, #0
3418329c:	f04e e001 	dls	lr, lr
341832a0:	ed8d 1f00 	vstrw.32	q0, [sp, #0]
341832a4:	ed8d 1f04 	vstrw.32	q0, [sp, #16]
341832a8:	ed8d 1f08 	vstrw.32	q0, [sp, #32]
341832ac:	ffa1 6052 	vshr.u32	q3, q1, #31
341832b0:	ff80 4057 	vmov.i32	q2, #135	@ 0x00000087
341832b4:	ffb9 63c6 	vneg.s32	q3, q3
341832b8:	ffa1 a058 	vshr.u32	q5, q4, #31
341832bc:	ef06 6154 	vand	q3, q3, q2
341832c0:	ea4f 119c 	mov.w	r1, ip, lsr #6
341832c4:	eb05 02c1 	add.w	r2, r5, r1, lsl #3
341832c8:	f00c 063f 	and.w	r6, ip, #63	@ 0x3f
341832cc:	f8d2 8004 	ldr.w	r8, [r2, #4]
341832d0:	f855 1031 	ldr.w	r1, [r5, r1, lsl #3]
341832d4:	f1c6 0220 	rsb	r2, r6, #32
341832d8:	f1a6 0720 	sub.w	r7, r6, #32
341832dc:	40f1      	lsrs	r1, r6
341832de:	fa08 f202 	lsl.w	r2, r8, r2
341832e2:	4311      	orrs	r1, r2
341832e4:	fa28 f707 	lsr.w	r7, r8, r7
341832e8:	4339      	orrs	r1, r7
341832ea:	f341 0100 	sbfx	r1, r1, #0, #1
341832ee:	eea4 1b10 	vdup.32	q2, r1
341832f2:	ed8d 7f0c 	vstrw.32	q3, [sp, #48]
341832f6:	ed8d bf10 	vstrw.32	q5, [sp, #64]
341832fa:	ffa1 605c 	vshr.u32	q3, q6, #31
341832fe:	ffa1 a05e 	vshr.u32	q5, q7, #31
34183302:	ed8d 7f18 	vstrw.32	q3, [sp, #96]
34183306:	ed8d bf14 	vstrw.32	q5, [sp, #80]
3418330a:	ef02 6154 	vand	q3, q1, q2
3418330e:	efa1 a552 	vshl.i32	q5, q1, #1
34183312:	ed9d 3f10 	vldrw.u32	q1, [sp, #64]
34183316:	ff00 0156 	veor	q0, q0, q3
3418331a:	ef2a 2152 	vorr	q1, q5, q1
3418331e:	ef0c 6154 	vand	q3, q6, q2
34183322:	ed9d bf08 	vldrw.u32	q5, [sp, #32]
34183326:	efa1 c55c 	vshl.i32	q6, q6, #1
3418332a:	ff0a a156 	veor	q5, q5, q3
3418332e:	ed9d 7f0c 	vldrw.u32	q3, [sp, #48]
34183332:	ed8d bf08 	vstrw.32	q5, [sp, #32]
34183336:	ff0c c156 	veor	q6, q6, q3
3418333a:	ed9d bf04 	vldrw.u32	q5, [sp, #16]
3418333e:	ef0e 6154 	vand	q3, q7, q2
34183342:	ff0a 6156 	veor	q3, q5, q3
34183346:	ed8d 7f04 	vstrw.32	q3, [sp, #16]
3418334a:	ef08 6154 	vand	q3, q4, q2
3418334e:	ed9d 5f00 	vldrw.u32	q2, [sp, #0]
34183352:	efa1 8558 	vshl.i32	q4, q4, #1
34183356:	ff04 4156 	veor	q2, q2, q3
3418335a:	ed9d bf14 	vldrw.u32	q5, [sp, #80]
3418335e:	efa1 e55e 	vshl.i32	q7, q7, #1
34183362:	ed9d 7f18 	vldrw.u32	q3, [sp, #96]
34183366:	ed8d 5f00 	vstrw.32	q2, [sp, #0]
3418336a:	ef28 815a 	vorr	q4, q4, q5
3418336e:	ef2e e156 	vorr	q7, q7, q3
34183372:	f10c 0c01 	add.w	ip, ip, #1
34183376:	f00f c867 	le	lr, 341832ac <m55_gf_mul_const_batch4+0xe4>
3418337a:	ed9d 7f08 	vldrw.u32	q3, [sp, #32]
3418337e:	ed84 7f00 	vstrw.32	q3, [r4, #0]
34183382:	2b00      	cmp	r3, #0
34183384:	d07a      	beq.n	3418347c <m55_gf_mul_const_batch4+0x2b4>
34183386:	2100      	movs	r1, #0
34183388:	6822      	ldr	r2, [r4, #0]
3418338a:	2b01      	cmp	r3, #1
3418338c:	e9c0 2100 	strd	r2, r1, [r0]
34183390:	f000 8083 	beq.w	3418349a <m55_gf_mul_const_batch4+0x2d2>
34183394:	6862      	ldr	r2, [r4, #4]
34183396:	2b02      	cmp	r3, #2
34183398:	e9c0 2104 	strd	r2, r1, [r0, #16]
3418339c:	d013      	beq.n	341833c6 <m55_gf_mul_const_batch4+0x1fe>
3418339e:	68a2      	ldr	r2, [r4, #8]
341833a0:	2b03      	cmp	r3, #3
341833a2:	e9c0 2108 	strd	r2, r1, [r0, #32]
341833a6:	d00e      	beq.n	341833c6 <m55_gf_mul_const_batch4+0x1fe>
341833a8:	ed9d 7f04 	vldrw.u32	q3, [sp, #16]
341833ac:	68e2      	ldr	r2, [r4, #12]
341833ae:	ed84 7f00 	vstrw.32	q3, [r4, #0]
341833b2:	6302      	str	r2, [r0, #48]	@ 0x30
341833b4:	6341      	str	r1, [r0, #52]	@ 0x34
341833b6:	6822      	ldr	r2, [r4, #0]
341833b8:	6841      	ldr	r1, [r0, #4]
341833ba:	6805      	ldr	r5, [r0, #0]
341833bc:	430a      	orrs	r2, r1
341833be:	e00a      	b.n	341833d6 <m55_gf_mul_const_batch4+0x20e>
341833c0:	ed94 3f00 	vldrw.u32	q1, [r4, #0]
341833c4:	e764      	b.n	34183290 <m55_gf_mul_const_batch4+0xc8>
341833c6:	ed9d 7f04 	vldrw.u32	q3, [sp, #16]
341833ca:	ed84 7f00 	vstrw.32	q3, [r4, #0]
341833ce:	6822      	ldr	r2, [r4, #0]
341833d0:	e9d0 5100 	ldrd	r5, r1, [r0]
341833d4:	430a      	orrs	r2, r1
341833d6:	6941      	ldr	r1, [r0, #20]
341833d8:	6866      	ldr	r6, [r4, #4]
341833da:	2b02      	cmp	r3, #2
341833dc:	ea41 0106 	orr.w	r1, r1, r6
341833e0:	e9c0 5200 	strd	r5, r2, [r0]
341833e4:	6141      	str	r1, [r0, #20]
341833e6:	f04f 0500 	mov.w	r5, #0
341833ea:	d04e      	beq.n	3418348a <m55_gf_mul_const_batch4+0x2c2>
341833ec:	6a42      	ldr	r2, [r0, #36]	@ 0x24
341833ee:	68a1      	ldr	r1, [r4, #8]
341833f0:	2b03      	cmp	r3, #3
341833f2:	ea42 0201 	orr.w	r2, r2, r1
341833f6:	6242      	str	r2, [r0, #36]	@ 0x24
341833f8:	d047      	beq.n	3418348a <m55_gf_mul_const_batch4+0x2c2>
341833fa:	ed9d 7f00 	vldrw.u32	q3, [sp, #0]
341833fe:	68e1      	ldr	r1, [r4, #12]
34183400:	ed84 7f00 	vstrw.32	q3, [r4, #0]
34183404:	6b42      	ldr	r2, [r0, #52]	@ 0x34
34183406:	430a      	orrs	r2, r1
34183408:	6821      	ldr	r1, [r4, #0]
3418340a:	6342      	str	r2, [r0, #52]	@ 0x34
3418340c:	f100 0208 	add.w	r2, r0, #8
34183410:	6081      	str	r1, [r0, #8]
34183412:	2100      	movs	r1, #0
34183414:	6866      	ldr	r6, [r4, #4]
34183416:	2b02      	cmp	r3, #2
34183418:	6186      	str	r6, [r0, #24]
3418341a:	60c5      	str	r5, [r0, #12]
3418341c:	61c1      	str	r1, [r0, #28]
3418341e:	d04d      	beq.n	341834bc <m55_gf_mul_const_batch4+0x2f4>
34183420:	68a5      	ldr	r5, [r4, #8]
34183422:	2b03      	cmp	r3, #3
34183424:	e9c0 510a 	strd	r5, r1, [r0, #40]	@ 0x28
34183428:	d048      	beq.n	341834bc <m55_gf_mul_const_batch4+0x2f4>
3418342a:	68e5      	ldr	r5, [r4, #12]
3418342c:	ed84 1f00 	vstrw.32	q0, [r4, #0]
34183430:	e9c0 510e 	strd	r5, r1, [r0, #56]	@ 0x38
34183434:	6825      	ldr	r5, [r4, #0]
34183436:	6851      	ldr	r1, [r2, #4]
34183438:	4329      	orrs	r1, r5
3418343a:	6051      	str	r1, [r2, #4]
3418343c:	69c2      	ldr	r2, [r0, #28]
3418343e:	6861      	ldr	r1, [r4, #4]
34183440:	2b02      	cmp	r3, #2
34183442:	ea42 0201 	orr.w	r2, r2, r1
34183446:	61c2      	str	r2, [r0, #28]
34183448:	d01a      	beq.n	34183480 <m55_gf_mul_const_batch4+0x2b8>
3418344a:	6ac2      	ldr	r2, [r0, #44]	@ 0x2c
3418344c:	68a1      	ldr	r1, [r4, #8]
3418344e:	2b03      	cmp	r3, #3
34183450:	ea42 0201 	orr.w	r2, r2, r1
34183454:	62c2      	str	r2, [r0, #44]	@ 0x2c
34183456:	d013      	beq.n	34183480 <m55_gf_mul_const_batch4+0x2b8>
34183458:	6bc3      	ldr	r3, [r0, #60]	@ 0x3c
3418345a:	68e2      	ldr	r2, [r4, #12]
3418345c:	4313      	orrs	r3, r2
3418345e:	63c3      	str	r3, [r0, #60]	@ 0x3c
34183460:	b022      	add	sp, #136	@ 0x88
34183462:	ecbd 8b10 	vpop	{d8-d15}
34183466:	e8bd 81f0 	ldmia.w	sp!, {r4, r5, r6, r7, r8, pc}
3418346a:	ed94 3f00 	vldrw.u32	q1, [r4, #0]
3418346e:	ef22 c152 	vmov	q6, q1
34183472:	ef22 e152 	vmov	q7, q1
34183476:	ef22 8152 	vmov	q4, q1
3418347a:	e709      	b.n	34183290 <m55_gf_mul_const_batch4+0xc8>
3418347c:	ed84 1f00 	vstrw.32	q0, [r4, #0]
34183480:	b022      	add	sp, #136	@ 0x88
34183482:	ecbd 8b10 	vpop	{d8-d15}
34183486:	e8bd 81f0 	ldmia.w	sp!, {r4, r5, r6, r7, r8, pc}
3418348a:	ed9d 7f00 	vldrw.u32	q3, [sp, #0]
3418348e:	ed84 7f00 	vstrw.32	q3, [r4, #0]
34183492:	f100 0208 	add.w	r2, r0, #8
34183496:	6821      	ldr	r1, [r4, #0]
34183498:	e7ba      	b.n	34183410 <m55_gf_mul_const_batch4+0x248>
3418349a:	ed9d 7f04 	vldrw.u32	q3, [sp, #16]
3418349e:	ed84 7f00 	vstrw.32	q3, [r4, #0]
341834a2:	ed9d 7f00 	vldrw.u32	q3, [sp, #0]
341834a6:	6845      	ldr	r5, [r0, #4]
341834a8:	60c1      	str	r1, [r0, #12]
341834aa:	6821      	ldr	r1, [r4, #0]
341834ac:	ed84 7f00 	vstrw.32	q3, [r4, #0]
341834b0:	4329      	orrs	r1, r5
341834b2:	6041      	str	r1, [r0, #4]
341834b4:	6821      	ldr	r1, [r4, #0]
341834b6:	f100 0208 	add.w	r2, r0, #8
341834ba:	6081      	str	r1, [r0, #8]
341834bc:	ed84 1f00 	vstrw.32	q0, [r4, #0]
341834c0:	6851      	ldr	r1, [r2, #4]
341834c2:	6825      	ldr	r5, [r4, #0]
341834c4:	2b01      	cmp	r3, #1
341834c6:	ea41 0105 	orr.w	r1, r1, r5
341834ca:	6051      	str	r1, [r2, #4]
341834cc:	d1b6      	bne.n	3418343c <m55_gf_mul_const_batch4+0x274>
341834ce:	b022      	add	sp, #136	@ 0x88
341834d0:	ecbd 8b10 	vpop	{d8-d15}
341834d4:	e8bd 81f0 	ldmia.w	sp!, {r4, r5, r6, r7, r8, pc}

341834d8 <m55_gf_frobenius_batch4>:
341834d8:	e92d 4ff0 	stmdb	sp!, {r4, r5, r6, r7, r8, r9, sl, fp, lr}
341834dc:	2700      	movs	r7, #0
341834de:	b099      	sub	sp, #100	@ 0x64
341834e0:	f10d 0457 	add.w	r4, sp, #87	@ 0x57
341834e4:	f024 040f 	bic.w	r4, r4, #15
341834e8:	461e      	mov	r6, r3
341834ea:	4605      	mov	r5, r0
341834ec:	4690      	mov	r8, r2
341834ee:	e9c4 7700 	strd	r7, r7, [r4]
341834f2:	e9c4 7702 	strd	r7, r7, [r4, #8]
341834f6:	2b00      	cmp	r3, #0
341834f8:	f000 80f4 	beq.w	341836e4 <m55_gf_frobenius_batch4+0x20c>
341834fc:	680b      	ldr	r3, [r1, #0]
341834fe:	2e01      	cmp	r6, #1
34183500:	6023      	str	r3, [r4, #0]
34183502:	684b      	ldr	r3, [r1, #4]
34183504:	d009      	beq.n	3418351a <m55_gf_frobenius_batch4+0x42>
34183506:	690a      	ldr	r2, [r1, #16]
34183508:	2e02      	cmp	r6, #2
3418350a:	6062      	str	r2, [r4, #4]
3418350c:	d005      	beq.n	3418351a <m55_gf_frobenius_batch4+0x42>
3418350e:	6a0a      	ldr	r2, [r1, #32]
34183510:	2e03      	cmp	r6, #3
34183512:	60a2      	str	r2, [r4, #8]
34183514:	bf1c      	itt	ne
34183516:	6b0a      	ldrne	r2, [r1, #48]	@ 0x30
34183518:	60e2      	strne	r2, [r4, #12]
3418351a:	ed94 7f00 	vldrw.u32	q3, [r4, #0]
3418351e:	6023      	str	r3, [r4, #0]
34183520:	2300      	movs	r3, #0
34183522:	2e01      	cmp	r6, #1
34183524:	af02      	add	r7, sp, #8
34183526:	e9c4 3301 	strd	r3, r3, [r4, #4]
3418352a:	60e3      	str	r3, [r4, #12]
3418352c:	ed87 7f00 	vstrw.32	q3, [r7, #0]
34183530:	d009      	beq.n	34183546 <m55_gf_frobenius_batch4+0x6e>
34183532:	694b      	ldr	r3, [r1, #20]
34183534:	2e02      	cmp	r6, #2
34183536:	6063      	str	r3, [r4, #4]
34183538:	d005      	beq.n	34183546 <m55_gf_frobenius_batch4+0x6e>
3418353a:	6a4b      	ldr	r3, [r1, #36]	@ 0x24
3418353c:	2e03      	cmp	r6, #3
3418353e:	60a3      	str	r3, [r4, #8]
34183540:	bf1c      	itt	ne
34183542:	6b4b      	ldrne	r3, [r1, #52]	@ 0x34
34183544:	60e3      	strne	r3, [r4, #12]
34183546:	ed94 7f00 	vldrw.u32	q3, [r4, #0]
3418354a:	2300      	movs	r3, #0
3418354c:	688a      	ldr	r2, [r1, #8]
3418354e:	2e01      	cmp	r6, #1
34183550:	6022      	str	r2, [r4, #0]
34183552:	f10d 0b18 	add.w	fp, sp, #24
34183556:	e9c4 3301 	strd	r3, r3, [r4, #4]
3418355a:	68ca      	ldr	r2, [r1, #12]
3418355c:	60e3      	str	r3, [r4, #12]
3418355e:	ed8b 7f00 	vstrw.32	q3, [fp, #0]
34183562:	d009      	beq.n	34183578 <m55_gf_frobenius_batch4+0xa0>
34183564:	698b      	ldr	r3, [r1, #24]
34183566:	2e02      	cmp	r6, #2
34183568:	6063      	str	r3, [r4, #4]
3418356a:	d005      	beq.n	34183578 <m55_gf_frobenius_batch4+0xa0>
3418356c:	6a8b      	ldr	r3, [r1, #40]	@ 0x28
3418356e:	2e03      	cmp	r6, #3
34183570:	60a3      	str	r3, [r4, #8]
34183572:	bf1c      	itt	ne
34183574:	6b8b      	ldrne	r3, [r1, #56]	@ 0x38
34183576:	60e3      	strne	r3, [r4, #12]
34183578:	ed94 7f00 	vldrw.u32	q3, [r4, #0]
3418357c:	2300      	movs	r3, #0
3418357e:	6022      	str	r2, [r4, #0]
34183580:	2e01      	cmp	r6, #1
34183582:	aa0a      	add	r2, sp, #40	@ 0x28
34183584:	ed8d 7f0a 	vstrw.32	q3, [sp, #40]
34183588:	e9c4 3301 	strd	r3, r3, [r4, #4]
3418358c:	9200      	str	r2, [sp, #0]
3418358e:	60e3      	str	r3, [r4, #12]
34183590:	d009      	beq.n	341835a6 <m55_gf_frobenius_batch4+0xce>
34183592:	69cb      	ldr	r3, [r1, #28]
34183594:	2e02      	cmp	r6, #2
34183596:	6063      	str	r3, [r4, #4]
34183598:	d005      	beq.n	341835a6 <m55_gf_frobenius_batch4+0xce>
3418359a:	6acb      	ldr	r3, [r1, #44]	@ 0x2c
3418359c:	2e03      	cmp	r6, #3
3418359e:	60a3      	str	r3, [r4, #8]
341835a0:	bf1c      	itt	ne
341835a2:	6bcb      	ldrne	r3, [r1, #60]	@ 0x3c
341835a4:	60e3      	strne	r3, [r4, #12]
341835a6:	ed94 7f00 	vldrw.u32	q3, [r4, #0]
341835aa:	ab0e      	add	r3, sp, #56	@ 0x38
341835ac:	ed8d 7f0e 	vstrw.32	q3, [sp, #56]
341835b0:	9301      	str	r3, [sp, #4]
341835b2:	f1b8 0f00 	cmp.w	r8, #0
341835b6:	d00b      	beq.n	341835d0 <m55_gf_frobenius_batch4+0xf8>
341835b8:	f04f 0900 	mov.w	r9, #0
341835bc:	4638      	mov	r0, r7
341835be:	f109 0901 	add.w	r9, r9, #1
341835c2:	f7ff fd55 	bl	34183070 <m55_square_reduce_batch4>
341835c6:	45c8      	cmp	r8, r9
341835c8:	d1f8      	bne.n	341835bc <m55_gf_frobenius_batch4+0xe4>
341835ca:	2e00      	cmp	r6, #0
341835cc:	f000 80a3 	beq.w	34183716 <m55_gf_frobenius_batch4+0x23e>
341835d0:	2e04      	cmp	r6, #4
341835d2:	46b0      	mov	r8, r6
341835d4:	46aa      	mov	sl, r5
341835d6:	bf28      	it	cs
341835d8:	f04f 0804 	movcs.w	r8, #4
341835dc:	f04f 0900 	mov.w	r9, #0
341835e0:	4650      	mov	r0, sl
341835e2:	f109 0901 	add.w	r9, r9, #1
341835e6:	f000 fc23 	bl	34183e30 <samsungsds_aimer_128f_ref_gf_set0>
341835ea:	45c8      	cmp	r8, r9
341835ec:	f10a 0a10 	add.w	sl, sl, #16
341835f0:	d8f6      	bhi.n	341835e0 <m55_gf_frobenius_batch4+0x108>
341835f2:	ed97 7f00 	vldrw.u32	q3, [r7, #0]
341835f6:	682b      	ldr	r3, [r5, #0]
341835f8:	ed84 7f00 	vstrw.32	q3, [r4, #0]
341835fc:	6822      	ldr	r2, [r4, #0]
341835fe:	2e01      	cmp	r6, #1
34183600:	ea43 0302 	orr.w	r3, r3, r2
34183604:	602b      	str	r3, [r5, #0]
34183606:	d011      	beq.n	3418362c <m55_gf_frobenius_batch4+0x154>
34183608:	692b      	ldr	r3, [r5, #16]
3418360a:	6862      	ldr	r2, [r4, #4]
3418360c:	2e02      	cmp	r6, #2
3418360e:	ea43 0302 	orr.w	r3, r3, r2
34183612:	612b      	str	r3, [r5, #16]
34183614:	d00a      	beq.n	3418362c <m55_gf_frobenius_batch4+0x154>
34183616:	6a2b      	ldr	r3, [r5, #32]
34183618:	68a2      	ldr	r2, [r4, #8]
3418361a:	2e03      	cmp	r6, #3
3418361c:	ea43 0302 	orr.w	r3, r3, r2
34183620:	622b      	str	r3, [r5, #32]
34183622:	d003      	beq.n	3418362c <m55_gf_frobenius_batch4+0x154>
34183624:	6b2b      	ldr	r3, [r5, #48]	@ 0x30
34183626:	68e2      	ldr	r2, [r4, #12]
34183628:	4313      	orrs	r3, r2
3418362a:	632b      	str	r3, [r5, #48]	@ 0x30
3418362c:	ed9b 7f00 	vldrw.u32	q3, [fp, #0]
34183630:	686b      	ldr	r3, [r5, #4]
34183632:	ed84 7f00 	vstrw.32	q3, [r4, #0]
34183636:	6822      	ldr	r2, [r4, #0]
34183638:	2e01      	cmp	r6, #1
3418363a:	ea43 0302 	orr.w	r3, r3, r2
3418363e:	606b      	str	r3, [r5, #4]
34183640:	d011      	beq.n	34183666 <m55_gf_frobenius_batch4+0x18e>
34183642:	696b      	ldr	r3, [r5, #20]
34183644:	6862      	ldr	r2, [r4, #4]
34183646:	2e02      	cmp	r6, #2
34183648:	ea43 0302 	orr.w	r3, r3, r2
3418364c:	616b      	str	r3, [r5, #20]
3418364e:	d00a      	beq.n	34183666 <m55_gf_frobenius_batch4+0x18e>
34183650:	6a6b      	ldr	r3, [r5, #36]	@ 0x24
34183652:	68a2      	ldr	r2, [r4, #8]
34183654:	2e03      	cmp	r6, #3
34183656:	ea43 0302 	orr.w	r3, r3, r2
3418365a:	626b      	str	r3, [r5, #36]	@ 0x24
3418365c:	d003      	beq.n	34183666 <m55_gf_frobenius_batch4+0x18e>
3418365e:	6b6b      	ldr	r3, [r5, #52]	@ 0x34
34183660:	68e2      	ldr	r2, [r4, #12]
34183662:	4313      	orrs	r3, r2
34183664:	636b      	str	r3, [r5, #52]	@ 0x34
34183666:	9b00      	ldr	r3, [sp, #0]
34183668:	2e01      	cmp	r6, #1
3418366a:	ed93 7f00 	vldrw.u32	q3, [r3, #0]
3418366e:	68ab      	ldr	r3, [r5, #8]
34183670:	ed84 7f00 	vstrw.32	q3, [r4, #0]
34183674:	6822      	ldr	r2, [r4, #0]
34183676:	ea43 0302 	orr.w	r3, r3, r2
3418367a:	60ab      	str	r3, [r5, #8]
3418367c:	d011      	beq.n	341836a2 <m55_gf_frobenius_batch4+0x1ca>
3418367e:	69ab      	ldr	r3, [r5, #24]
34183680:	6862      	ldr	r2, [r4, #4]
34183682:	2e02      	cmp	r6, #2
34183684:	ea43 0302 	orr.w	r3, r3, r2
34183688:	61ab      	str	r3, [r5, #24]
3418368a:	d00a      	beq.n	341836a2 <m55_gf_frobenius_batch4+0x1ca>
3418368c:	6aab      	ldr	r3, [r5, #40]	@ 0x28
3418368e:	68a2      	ldr	r2, [r4, #8]
34183690:	2e03      	cmp	r6, #3
34183692:	ea43 0302 	orr.w	r3, r3, r2
34183696:	62ab      	str	r3, [r5, #40]	@ 0x28
34183698:	d003      	beq.n	341836a2 <m55_gf_frobenius_batch4+0x1ca>
3418369a:	6bab      	ldr	r3, [r5, #56]	@ 0x38
3418369c:	68e2      	ldr	r2, [r4, #12]
3418369e:	4313      	orrs	r3, r2
341836a0:	63ab      	str	r3, [r5, #56]	@ 0x38
341836a2:	9b01      	ldr	r3, [sp, #4]
341836a4:	2e01      	cmp	r6, #1
341836a6:	ed93 7f00 	vldrw.u32	q3, [r3, #0]
341836aa:	68eb      	ldr	r3, [r5, #12]
341836ac:	ed84 7f00 	vstrw.32	q3, [r4, #0]
341836b0:	6822      	ldr	r2, [r4, #0]
341836b2:	ea43 0302 	orr.w	r3, r3, r2
341836b6:	60eb      	str	r3, [r5, #12]
341836b8:	d011      	beq.n	341836de <m55_gf_frobenius_batch4+0x206>
341836ba:	69eb      	ldr	r3, [r5, #28]
341836bc:	6862      	ldr	r2, [r4, #4]
341836be:	2e02      	cmp	r6, #2
341836c0:	ea43 0302 	orr.w	r3, r3, r2
341836c4:	61eb      	str	r3, [r5, #28]
341836c6:	d00a      	beq.n	341836de <m55_gf_frobenius_batch4+0x206>
341836c8:	6aeb      	ldr	r3, [r5, #44]	@ 0x2c
341836ca:	68a2      	ldr	r2, [r4, #8]
341836cc:	2e03      	cmp	r6, #3
341836ce:	ea43 0302 	orr.w	r3, r3, r2
341836d2:	62eb      	str	r3, [r5, #44]	@ 0x2c
341836d4:	d003      	beq.n	341836de <m55_gf_frobenius_batch4+0x206>
341836d6:	6beb      	ldr	r3, [r5, #60]	@ 0x3c
341836d8:	68e2      	ldr	r2, [r4, #12]
341836da:	4313      	orrs	r3, r2
341836dc:	63eb      	str	r3, [r5, #60]	@ 0x3c
341836de:	b019      	add	sp, #100	@ 0x64
341836e0:	e8bd 8ff0 	ldmia.w	sp!, {r4, r5, r6, r7, r8, r9, sl, fp, pc}
341836e4:	ed94 7f00 	vldrw.u32	q3, [r4, #0]
341836e8:	ed8d 7f02 	vstrw.32	q3, [sp, #8]
341836ec:	ab0a      	add	r3, sp, #40	@ 0x28
341836ee:	aa0e      	add	r2, sp, #56	@ 0x38
341836f0:	9300      	str	r3, [sp, #0]
341836f2:	9201      	str	r2, [sp, #4]
341836f4:	ed94 7f00 	vldrw.u32	q3, [r4, #0]
341836f8:	ed8d 7f06 	vstrw.32	q3, [sp, #24]
341836fc:	ed94 7f00 	vldrw.u32	q3, [r4, #0]
34183700:	af02      	add	r7, sp, #8
34183702:	f10d 0b18 	add.w	fp, sp, #24
34183706:	ed8d 7f0a 	vstrw.32	q3, [sp, #40]
3418370a:	ed8d 7f0e 	vstrw.32	q3, [sp, #56]
3418370e:	f1b8 0f00 	cmp.w	r8, #0
34183712:	f47f af51 	bne.w	341835b8 <m55_gf_frobenius_batch4+0xe0>
34183716:	ed97 7f00 	vldrw.u32	q3, [r7, #0]
3418371a:	ed84 7f00 	vstrw.32	q3, [r4, #0]
3418371e:	ed9b 7f00 	vldrw.u32	q3, [fp, #0]
34183722:	ed84 7f00 	vstrw.32	q3, [r4, #0]
34183726:	9b00      	ldr	r3, [sp, #0]
34183728:	ed93 7f00 	vldrw.u32	q3, [r3, #0]
3418372c:	ed84 7f00 	vstrw.32	q3, [r4, #0]
34183730:	9b01      	ldr	r3, [sp, #4]
34183732:	ed93 7f00 	vldrw.u32	q3, [r3, #0]
34183736:	ed84 7f00 	vstrw.32	q3, [r4, #0]
3418373a:	b019      	add	sp, #100	@ 0x64
3418373c:	e8bd 8ff0 	ldmia.w	sp!, {r4, r5, r6, r7, r8, r9, sl, fp, pc}

34183740 <m55_gf_sqr_batch4>:
34183740:	2300      	movs	r3, #0
34183742:	e92d 4ff0 	stmdb	sp!, {r4, r5, r6, r7, r8, r9, sl, fp, lr}
34183746:	b097      	sub	sp, #92	@ 0x5c
34183748:	f10d 044f 	add.w	r4, sp, #79	@ 0x4f
3418374c:	f024 040f 	bic.w	r4, r4, #15
34183750:	e9c4 3300 	strd	r3, r3, [r4]
34183754:	e9c4 3302 	strd	r3, r3, [r4, #8]
34183758:	2a00      	cmp	r2, #0
3418375a:	f000 8101 	beq.w	34183960 <m55_gf_sqr_batch4+0x220>
3418375e:	680b      	ldr	r3, [r1, #0]
34183760:	2a04      	cmp	r2, #4
34183762:	4617      	mov	r7, r2
34183764:	bf28      	it	cs
34183766:	2704      	movcs	r7, #4
34183768:	2a01      	cmp	r2, #1
3418376a:	6023      	str	r3, [r4, #0]
3418376c:	4616      	mov	r6, r2
3418376e:	4682      	mov	sl, r0
34183770:	684b      	ldr	r3, [r1, #4]
34183772:	d009      	beq.n	34183788 <m55_gf_sqr_batch4+0x48>
34183774:	6908      	ldr	r0, [r1, #16]
34183776:	2a02      	cmp	r2, #2
34183778:	6060      	str	r0, [r4, #4]
3418377a:	d005      	beq.n	34183788 <m55_gf_sqr_batch4+0x48>
3418377c:	6a08      	ldr	r0, [r1, #32]
3418377e:	2a03      	cmp	r2, #3
34183780:	60a0      	str	r0, [r4, #8]
34183782:	bf1c      	itt	ne
34183784:	6b08      	ldrne	r0, [r1, #48]	@ 0x30
34183786:	60e0      	strne	r0, [r4, #12]
34183788:	ed94 7f00 	vldrw.u32	q3, [r4, #0]
3418378c:	6023      	str	r3, [r4, #0]
3418378e:	2300      	movs	r3, #0
34183790:	2e01      	cmp	r6, #1
34183792:	46e8      	mov	r8, sp
34183794:	ed8d 7f00 	vstrw.32	q3, [sp, #0]
34183798:	e9c4 3301 	strd	r3, r3, [r4, #4]
3418379c:	60e3      	str	r3, [r4, #12]
3418379e:	d009      	beq.n	341837b4 <m55_gf_sqr_batch4+0x74>
341837a0:	694b      	ldr	r3, [r1, #20]
341837a2:	2e02      	cmp	r6, #2
341837a4:	6063      	str	r3, [r4, #4]
341837a6:	d005      	beq.n	341837b4 <m55_gf_sqr_batch4+0x74>
341837a8:	6a4b      	ldr	r3, [r1, #36]	@ 0x24
341837aa:	2e03      	cmp	r6, #3
341837ac:	60a3      	str	r3, [r4, #8]
341837ae:	bf1c      	itt	ne
341837b0:	6b4b      	ldrne	r3, [r1, #52]	@ 0x34
341837b2:	60e3      	strne	r3, [r4, #12]
341837b4:	ed94 7f00 	vldrw.u32	q3, [r4, #0]
341837b8:	2300      	movs	r3, #0
341837ba:	6888      	ldr	r0, [r1, #8]
341837bc:	2e01      	cmp	r6, #1
341837be:	6020      	str	r0, [r4, #0]
341837c0:	ed8d 7f04 	vstrw.32	q3, [sp, #16]
341837c4:	e9c4 3301 	strd	r3, r3, [r4, #4]
341837c8:	68c8      	ldr	r0, [r1, #12]
341837ca:	60e3      	str	r3, [r4, #12]
341837cc:	d009      	beq.n	341837e2 <m55_gf_sqr_batch4+0xa2>
341837ce:	698b      	ldr	r3, [r1, #24]
341837d0:	2e02      	cmp	r6, #2
341837d2:	6063      	str	r3, [r4, #4]
341837d4:	d005      	beq.n	341837e2 <m55_gf_sqr_batch4+0xa2>
341837d6:	6a8b      	ldr	r3, [r1, #40]	@ 0x28
341837d8:	2e03      	cmp	r6, #3
341837da:	60a3      	str	r3, [r4, #8]
341837dc:	bf1c      	itt	ne
341837de:	6b8b      	ldrne	r3, [r1, #56]	@ 0x38
341837e0:	60e3      	strne	r3, [r4, #12]
341837e2:	ed94 7f00 	vldrw.u32	q3, [r4, #0]
341837e6:	2300      	movs	r3, #0
341837e8:	2e01      	cmp	r6, #1
341837ea:	ed8d 7f08 	vstrw.32	q3, [sp, #32]
341837ee:	e9c4 3301 	strd	r3, r3, [r4, #4]
341837f2:	6020      	str	r0, [r4, #0]
341837f4:	60e3      	str	r3, [r4, #12]
341837f6:	d009      	beq.n	3418380c <m55_gf_sqr_batch4+0xcc>
341837f8:	69cb      	ldr	r3, [r1, #28]
341837fa:	2e02      	cmp	r6, #2
341837fc:	6063      	str	r3, [r4, #4]
341837fe:	d005      	beq.n	3418380c <m55_gf_sqr_batch4+0xcc>
34183800:	6acb      	ldr	r3, [r1, #44]	@ 0x2c
34183802:	2e03      	cmp	r6, #3
34183804:	60a3      	str	r3, [r4, #8]
34183806:	bf1c      	itt	ne
34183808:	6bcb      	ldrne	r3, [r1, #60]	@ 0x3c
3418380a:	60e3      	strne	r3, [r4, #12]
3418380c:	ed94 7f00 	vldrw.u32	q3, [r4, #0]
34183810:	4640      	mov	r0, r8
34183812:	ed8d 7f0c 	vstrw.32	q3, [sp, #48]
34183816:	f04f 0b00 	mov.w	fp, #0
3418381a:	f7ff fc29 	bl	34183070 <m55_square_reduce_batch4>
3418381e:	4655      	mov	r5, sl
34183820:	4628      	mov	r0, r5
34183822:	f10b 0b01 	add.w	fp, fp, #1
34183826:	f000 fb03 	bl	34183e30 <samsungsds_aimer_128f_ref_gf_set0>
3418382a:	455f      	cmp	r7, fp
3418382c:	f105 0510 	add.w	r5, r5, #16
34183830:	d8f6      	bhi.n	34183820 <m55_gf_sqr_batch4+0xe0>
34183832:	ed98 7f00 	vldrw.u32	q3, [r8, #0]
34183836:	f8da 3000 	ldr.w	r3, [sl]
3418383a:	ed84 7f00 	vstrw.32	q3, [r4, #0]
3418383e:	6821      	ldr	r1, [r4, #0]
34183840:	2e01      	cmp	r6, #1
34183842:	ea43 0301 	orr.w	r3, r3, r1
34183846:	f8ca 3000 	str.w	r3, [sl]
3418384a:	d017      	beq.n	3418387c <m55_gf_sqr_batch4+0x13c>
3418384c:	f8da 3010 	ldr.w	r3, [sl, #16]
34183850:	6861      	ldr	r1, [r4, #4]
34183852:	2e02      	cmp	r6, #2
34183854:	ea43 0301 	orr.w	r3, r3, r1
34183858:	f8ca 3010 	str.w	r3, [sl, #16]
3418385c:	d00e      	beq.n	3418387c <m55_gf_sqr_batch4+0x13c>
3418385e:	f8da 3020 	ldr.w	r3, [sl, #32]
34183862:	68a1      	ldr	r1, [r4, #8]
34183864:	2e03      	cmp	r6, #3
34183866:	ea43 0301 	orr.w	r3, r3, r1
3418386a:	f8ca 3020 	str.w	r3, [sl, #32]
3418386e:	d005      	beq.n	3418387c <m55_gf_sqr_batch4+0x13c>
34183870:	f8da 3030 	ldr.w	r3, [sl, #48]	@ 0x30
34183874:	68e1      	ldr	r1, [r4, #12]
34183876:	430b      	orrs	r3, r1
34183878:	f8ca 3030 	str.w	r3, [sl, #48]	@ 0x30
3418387c:	ed9d 7f04 	vldrw.u32	q3, [sp, #16]
34183880:	f8da 3004 	ldr.w	r3, [sl, #4]
34183884:	ed84 7f00 	vstrw.32	q3, [r4, #0]
34183888:	6821      	ldr	r1, [r4, #0]
3418388a:	2e01      	cmp	r6, #1
3418388c:	ea43 0301 	orr.w	r3, r3, r1
34183890:	f8ca 3004 	str.w	r3, [sl, #4]
34183894:	d017      	beq.n	341838c6 <m55_gf_sqr_batch4+0x186>
34183896:	f8da 3014 	ldr.w	r3, [sl, #20]
3418389a:	6861      	ldr	r1, [r4, #4]
3418389c:	2e02      	cmp	r6, #2
3418389e:	ea43 0301 	orr.w	r3, r3, r1
341838a2:	f8ca 3014 	str.w	r3, [sl, #20]
341838a6:	d00e      	beq.n	341838c6 <m55_gf_sqr_batch4+0x186>
341838a8:	f8da 3024 	ldr.w	r3, [sl, #36]	@ 0x24
341838ac:	68a1      	ldr	r1, [r4, #8]
341838ae:	2e03      	cmp	r6, #3
341838b0:	ea43 0301 	orr.w	r3, r3, r1
341838b4:	f8ca 3024 	str.w	r3, [sl, #36]	@ 0x24
341838b8:	d005      	beq.n	341838c6 <m55_gf_sqr_batch4+0x186>
341838ba:	f8da 3034 	ldr.w	r3, [sl, #52]	@ 0x34
341838be:	68e1      	ldr	r1, [r4, #12]
341838c0:	430b      	orrs	r3, r1
341838c2:	f8ca 3034 	str.w	r3, [sl, #52]	@ 0x34
341838c6:	ed9d 7f08 	vldrw.u32	q3, [sp, #32]
341838ca:	f8da 3008 	ldr.w	r3, [sl, #8]
341838ce:	ed84 7f00 	vstrw.32	q3, [r4, #0]
341838d2:	6821      	ldr	r1, [r4, #0]
341838d4:	2e01      	cmp	r6, #1
341838d6:	ea43 0301 	orr.w	r3, r3, r1
341838da:	f8ca 3008 	str.w	r3, [sl, #8]
341838de:	d017      	beq.n	34183910 <m55_gf_sqr_batch4+0x1d0>
341838e0:	f8da 3018 	ldr.w	r3, [sl, #24]
341838e4:	6861      	ldr	r1, [r4, #4]
341838e6:	2e02      	cmp	r6, #2
341838e8:	ea43 0301 	orr.w	r3, r3, r1
341838ec:	f8ca 3018 	str.w	r3, [sl, #24]
341838f0:	d00e      	beq.n	34183910 <m55_gf_sqr_batch4+0x1d0>
341838f2:	f8da 3028 	ldr.w	r3, [sl, #40]	@ 0x28
341838f6:	68a1      	ldr	r1, [r4, #8]
341838f8:	2e03      	cmp	r6, #3
341838fa:	ea43 0301 	orr.w	r3, r3, r1
341838fe:	f8ca 3028 	str.w	r3, [sl, #40]	@ 0x28
34183902:	d005      	beq.n	34183910 <m55_gf_sqr_batch4+0x1d0>
34183904:	f8da 3038 	ldr.w	r3, [sl, #56]	@ 0x38
34183908:	68e1      	ldr	r1, [r4, #12]
3418390a:	430b      	orrs	r3, r1
3418390c:	f8ca 3038 	str.w	r3, [sl, #56]	@ 0x38
34183910:	ed9d 7f0c 	vldrw.u32	q3, [sp, #48]
34183914:	f8da 300c 	ldr.w	r3, [sl, #12]
34183918:	ed84 7f00 	vstrw.32	q3, [r4, #0]
3418391c:	6821      	ldr	r1, [r4, #0]
3418391e:	2e01      	cmp	r6, #1
34183920:	ea43 0301 	orr.w	r3, r3, r1
34183924:	f8ca 300c 	str.w	r3, [sl, #12]
34183928:	d017      	beq.n	3418395a <m55_gf_sqr_batch4+0x21a>
3418392a:	f8da 301c 	ldr.w	r3, [sl, #28]
3418392e:	6861      	ldr	r1, [r4, #4]
34183930:	2e02      	cmp	r6, #2
34183932:	ea43 0301 	orr.w	r3, r3, r1
34183936:	f8ca 301c 	str.w	r3, [sl, #28]
3418393a:	d00e      	beq.n	3418395a <m55_gf_sqr_batch4+0x21a>
3418393c:	f8da 302c 	ldr.w	r3, [sl, #44]	@ 0x2c
34183940:	68a1      	ldr	r1, [r4, #8]
34183942:	2e03      	cmp	r6, #3
34183944:	ea43 0301 	orr.w	r3, r3, r1
34183948:	f8ca 302c 	str.w	r3, [sl, #44]	@ 0x2c
3418394c:	d005      	beq.n	3418395a <m55_gf_sqr_batch4+0x21a>
3418394e:	f8da 303c 	ldr.w	r3, [sl, #60]	@ 0x3c
34183952:	68e1      	ldr	r1, [r4, #12]
34183954:	430b      	orrs	r3, r1
34183956:	f8ca 303c 	str.w	r3, [sl, #60]	@ 0x3c
3418395a:	b017      	add	sp, #92	@ 0x5c
3418395c:	e8bd 8ff0 	ldmia.w	sp!, {r4, r5, r6, r7, r8, r9, sl, fp, pc}
34183960:	ed94 7f00 	vldrw.u32	q3, [r4, #0]
34183964:	4668      	mov	r0, sp
34183966:	ed8d 7f00 	vstrw.32	q3, [sp, #0]
3418396a:	ed8d 7f04 	vstrw.32	q3, [sp, #16]
3418396e:	ed8d 7f08 	vstrw.32	q3, [sp, #32]
34183972:	ed8d 7f0c 	vstrw.32	q3, [sp, #48]
34183976:	f7ff fb7b 	bl	34183070 <m55_square_reduce_batch4>
3418397a:	ed9d 7f00 	vldrw.u32	q3, [sp, #0]
3418397e:	ed84 7f00 	vstrw.32	q3, [r4, #0]
34183982:	ed9d 7f04 	vldrw.u32	q3, [sp, #16]
34183986:	ed84 7f00 	vstrw.32	q3, [r4, #0]
3418398a:	ed9d 7f08 	vldrw.u32	q3, [sp, #32]
3418398e:	ed84 7f00 	vstrw.32	q3, [r4, #0]
34183992:	ed9d 7f0c 	vldrw.u32	q3, [sp, #48]
34183996:	ed84 7f00 	vstrw.32	q3, [r4, #0]
3418399a:	b017      	add	sp, #92	@ 0x5c
3418399c:	e8bd 8ff0 	ldmia.w	sp!, {r4, r5, r6, r7, r8, r9, sl, fp, pc}

341839a0 <m55_mpc_profile_reset>:
341839a0:	2200      	movs	r2, #0
341839a2:	2300      	movs	r3, #0
341839a4:	4803      	ldr	r0, [pc, #12]	@ (341839b4 <m55_mpc_profile_reset+0x14>)
341839a6:	4904      	ldr	r1, [pc, #16]	@ (341839b8 <m55_mpc_profile_reset+0x18>)
341839a8:	e9c0 2300 	strd	r2, r3, [r0]
341839ac:	e9c1 2300 	strd	r2, r3, [r1]
341839b0:	4770      	bx	lr
341839b2:	bf00      	nop
341839b4:	341c2eb0 	.word	0x341c2eb0
341839b8:	341c2ea8 	.word	0x341c2ea8

341839bc <m55_mpc_profile_affine_cycles>:
341839bc:	4b01      	ldr	r3, [pc, #4]	@ (341839c4 <m55_mpc_profile_affine_cycles+0x8>)
341839be:	e9d3 0100 	ldrd	r0, r1, [r3]
341839c2:	4770      	bx	lr
341839c4:	341c2eb0 	.word	0x341c2eb0

341839c8 <m55_mpc_profile_frobenius_cycles>:
341839c8:	4b01      	ldr	r3, [pc, #4]	@ (341839d0 <m55_mpc_profile_frobenius_cycles+0x8>)
341839ca:	e9d3 0100 	ldrd	r0, r1, [r3]
341839ce:	4770      	bx	lr
341839d0:	341c2ea8 	.word	0x341c2ea8

341839d4 <m55_aim3_mpc_batch4>:
341839d4:	e92d 4ff0 	stmdb	sp!, {r4, r5, r6, r7, r8, r9, sl, fp, lr}
341839d8:	b0a7      	sub	sp, #156	@ 0x9c
341839da:	9c31      	ldr	r4, [sp, #196]	@ 0xc4
341839dc:	461f      	mov	r7, r3
341839de:	2c04      	cmp	r4, #4
341839e0:	bf28      	it	cs
341839e2:	2404      	movcs	r4, #4
341839e4:	e9cd 2101 	strd	r2, r1, [sp, #4]
341839e8:	9d30      	ldr	r5, [sp, #192]	@ 0xc0
341839ea:	9000      	str	r0, [sp, #0]
341839ec:	f000 fea8 	bl	34184740 <m55_cycle_count>
341839f0:	9b31      	ldr	r3, [sp, #196]	@ 0xc4
341839f2:	9004      	str	r0, [sp, #16]
341839f4:	2b00      	cmp	r3, #0
341839f6:	f000 8153 	beq.w	34183ca0 <m55_aim3_mpc_batch4+0x2cc>
341839fa:	9b01      	ldr	r3, [sp, #4]
341839fc:	f04f 0a00 	mov.w	sl, #0
34183a00:	3330      	adds	r3, #48	@ 0x30
34183a02:	4698      	mov	r8, r3
34183a04:	9e00      	ldr	r6, [sp, #0]
34183a06:	9303      	str	r3, [sp, #12]
34183a08:	22d0      	movs	r2, #208	@ 0xd0
34183a0a:	2100      	movs	r1, #0
34183a0c:	4630      	mov	r0, r6
34183a0e:	f003 fc91 	bl	34187334 <memset>
34183a12:	4641      	mov	r1, r8
34183a14:	f106 0060 	add.w	r0, r6, #96	@ 0x60
34183a18:	f000 fa12 	bl	34183e40 <samsungsds_aimer_128f_ref_gf_copy>
34183a1c:	f108 0110 	add.w	r1, r8, #16
34183a20:	f106 0070 	add.w	r0, r6, #112	@ 0x70
34183a24:	f000 fa0c 	bl	34183e40 <samsungsds_aimer_128f_ref_gf_copy>
34183a28:	f108 0120 	add.w	r1, r8, #32
34183a2c:	f106 0080 	add.w	r0, r6, #128	@ 0x80
34183a30:	f000 fa06 	bl	34183e40 <samsungsds_aimer_128f_ref_gf_copy>
34183a34:	f1a8 0120 	sub.w	r1, r8, #32
34183a38:	f106 0090 	add.w	r0, r6, #144	@ 0x90
34183a3c:	f000 fa00 	bl	34183e40 <samsungsds_aimer_128f_ref_gf_copy>
34183a40:	f1a8 0110 	sub.w	r1, r8, #16
34183a44:	f106 00a0 	add.w	r0, r6, #160	@ 0xa0
34183a48:	f000 f9fa 	bl	34183e40 <samsungsds_aimer_128f_ref_gf_copy>
34183a4c:	f106 00b0 	add.w	r0, r6, #176	@ 0xb0
34183a50:	f1a8 0130 	sub.w	r1, r8, #48	@ 0x30
34183a54:	f000 f9f4 	bl	34183e40 <samsungsds_aimer_128f_ref_gf_copy>
34183a58:	eb05 030a 	add.w	r3, r5, sl
34183a5c:	2b0f      	cmp	r3, #15
34183a5e:	f108 0130 	add.w	r1, r8, #48	@ 0x30
34183a62:	f106 00c0 	add.w	r0, r6, #192	@ 0xc0
34183a66:	d009      	beq.n	34183a7c <m55_aim3_mpc_batch4+0xa8>
34183a68:	f10a 0a01 	add.w	sl, sl, #1
34183a6c:	f000 f9e8 	bl	34183e40 <samsungsds_aimer_128f_ref_gf_copy>
34183a70:	4554      	cmp	r4, sl
34183a72:	d913      	bls.n	34183a9c <m55_aim3_mpc_batch4+0xc8>
34183a74:	36d0      	adds	r6, #208	@ 0xd0
34183a76:	f108 0870 	add.w	r8, r8, #112	@ 0x70
34183a7a:	e7c5      	b.n	34183a08 <m55_aim3_mpc_batch4+0x34>
34183a7c:	f106 01b0 	add.w	r1, r6, #176	@ 0xb0
34183a80:	4608      	mov	r0, r1
34183a82:	463a      	mov	r2, r7
34183a84:	f000 f9e6 	bl	34183e54 <samsungsds_aimer_128f_ref_gf_add>
34183a88:	f10a 0a01 	add.w	sl, sl, #1
34183a8c:	f108 0130 	add.w	r1, r8, #48	@ 0x30
34183a90:	f106 00c0 	add.w	r0, r6, #192	@ 0xc0
34183a94:	f000 f9d4 	bl	34183e40 <samsungsds_aimer_128f_ref_gf_copy>
34183a98:	4554      	cmp	r4, sl
34183a9a:	d8eb      	bhi.n	34183a74 <m55_aim3_mpc_batch4+0xa0>
34183a9c:	9b31      	ldr	r3, [sp, #196]	@ 0xc4
34183a9e:	2b00      	cmp	r3, #0
34183aa0:	f000 8101 	beq.w	34183ca6 <m55_aim3_mpc_batch4+0x2d2>
34183aa4:	f04f 0a00 	mov.w	sl, #0
34183aa8:	9b02      	ldr	r3, [sp, #8]
34183aaa:	f10d 0818 	add.w	r8, sp, #24
34183aae:	461a      	mov	r2, r3
34183ab0:	f503 5300 	add.w	r3, r3, #8192	@ 0x2000
34183ab4:	ae16      	add	r6, sp, #88	@ 0x58
34183ab6:	9305      	str	r3, [sp, #20]
34183ab8:	f8dd b004 	ldr.w	fp, [sp, #4]
34183abc:	9530      	str	r5, [sp, #192]	@ 0xc0
34183abe:	4647      	mov	r7, r8
34183ac0:	465d      	mov	r5, fp
34183ac2:	f04f 0900 	mov.w	r9, #0
34183ac6:	4693      	mov	fp, r2
34183ac8:	4629      	mov	r1, r5
34183aca:	4638      	mov	r0, r7
34183acc:	f109 0901 	add.w	r9, r9, #1
34183ad0:	f000 f9b6 	bl	34183e40 <samsungsds_aimer_128f_ref_gf_copy>
34183ad4:	454c      	cmp	r4, r9
34183ad6:	f107 0710 	add.w	r7, r7, #16
34183ada:	f105 0570 	add.w	r5, r5, #112	@ 0x70
34183ade:	d8f3      	bhi.n	34183ac8 <m55_aim3_mpc_batch4+0xf4>
34183ae0:	465a      	mov	r2, fp
34183ae2:	2700      	movs	r7, #0
34183ae4:	46b3      	mov	fp, r6
34183ae6:	4623      	mov	r3, r4
34183ae8:	4641      	mov	r1, r8
34183aea:	4630      	mov	r0, r6
34183aec:	9d30      	ldr	r5, [sp, #192]	@ 0xc0
34183aee:	f000 fd55 	bl	3418459c <m55_gf_mat_vec_mul_batch4>
34183af2:	9b00      	ldr	r3, [sp, #0]
34183af4:	eb03 090a 	add.w	r9, r3, sl
34183af8:	4659      	mov	r1, fp
34183afa:	4648      	mov	r0, r9
34183afc:	f000 f9a0 	bl	34183e40 <samsungsds_aimer_128f_ref_gf_copy>
34183b00:	19eb      	adds	r3, r5, r7
34183b02:	2b0f      	cmp	r3, #15
34183b04:	d00f      	beq.n	34183b26 <m55_aim3_mpc_batch4+0x152>
34183b06:	3701      	adds	r7, #1
34183b08:	42bc      	cmp	r4, r7
34183b0a:	f109 09d0 	add.w	r9, r9, #208	@ 0xd0
34183b0e:	f10b 0b10 	add.w	fp, fp, #16
34183b12:	d8f1      	bhi.n	34183af8 <m55_aim3_mpc_batch4+0x124>
34183b14:	f1ba 0f00 	cmp.w	sl, #0
34183b18:	d10d      	bne.n	34183b36 <m55_aim3_mpc_batch4+0x162>
34183b1a:	9b02      	ldr	r3, [sp, #8]
34183b1c:	f04f 0a10 	mov.w	sl, #16
34183b20:	f503 6200 	add.w	r2, r3, #2048	@ 0x800
34183b24:	e7c8      	b.n	34183ab8 <m55_aim3_mpc_batch4+0xe4>
34183b26:	9b05      	ldr	r3, [sp, #20]
34183b28:	4649      	mov	r1, r9
34183b2a:	4648      	mov	r0, r9
34183b2c:	eb03 020a 	add.w	r2, r3, sl
34183b30:	f000 f990 	bl	34183e54 <samsungsds_aimer_128f_ref_gf_add>
34183b34:	e7e7      	b.n	34183b06 <m55_aim3_mpc_batch4+0x132>
34183b36:	9b31      	ldr	r3, [sp, #196]	@ 0xc4
34183b38:	b15b      	cbz	r3, 34183b52 <m55_aim3_mpc_batch4+0x17e>
34183b3a:	46c2      	mov	sl, r8
34183b3c:	f04f 0900 	mov.w	r9, #0
34183b40:	4650      	mov	r0, sl
34183b42:	f109 0901 	add.w	r9, r9, #1
34183b46:	f000 f973 	bl	34183e30 <samsungsds_aimer_128f_ref_gf_set0>
34183b4a:	454c      	cmp	r4, r9
34183b4c:	f10a 0a10 	add.w	sl, sl, #16
34183b50:	d8f6      	bhi.n	34183b40 <m55_aim3_mpc_batch4+0x16c>
34183b52:	9b01      	ldr	r3, [sp, #4]
34183b54:	9530      	str	r5, [sp, #192]	@ 0xc0
34183b56:	f103 0910 	add.w	r9, r3, #16
34183b5a:	9b02      	ldr	r3, [sp, #8]
34183b5c:	f503 5a80 	add.w	sl, r3, #4096	@ 0x1000
34183b60:	9b31      	ldr	r3, [sp, #196]	@ 0xc4
34183b62:	b16b      	cbz	r3, 34183b80 <m55_aim3_mpc_batch4+0x1ac>
34183b64:	4635      	mov	r5, r6
34183b66:	46cb      	mov	fp, r9
34183b68:	2700      	movs	r7, #0
34183b6a:	4659      	mov	r1, fp
34183b6c:	4628      	mov	r0, r5
34183b6e:	3701      	adds	r7, #1
34183b70:	f000 f966 	bl	34183e40 <samsungsds_aimer_128f_ref_gf_copy>
34183b74:	42bc      	cmp	r4, r7
34183b76:	f105 0510 	add.w	r5, r5, #16
34183b7a:	f10b 0b70 	add.w	fp, fp, #112	@ 0x70
34183b7e:	d8f4      	bhi.n	34183b6a <m55_aim3_mpc_batch4+0x196>
34183b80:	4623      	mov	r3, r4
34183b82:	4652      	mov	r2, sl
34183b84:	4631      	mov	r1, r6
34183b86:	4640      	mov	r0, r8
34183b88:	f000 fc02 	bl	34184390 <m55_gf_mat_vec_mul_add_batch4>
34183b8c:	9b03      	ldr	r3, [sp, #12]
34183b8e:	f109 0910 	add.w	r9, r9, #16
34183b92:	454b      	cmp	r3, r9
34183b94:	f50a 6a00 	add.w	sl, sl, #2048	@ 0x800
34183b98:	d1e2      	bne.n	34183b60 <m55_aim3_mpc_batch4+0x18c>
34183b9a:	e9dd 5330 	ldrd	r5, r3, [sp, #192]	@ 0xc0
34183b9e:	b1ab      	cbz	r3, 34183bcc <m55_aim3_mpc_batch4+0x1f8>
34183ba0:	46c2      	mov	sl, r8
34183ba2:	f04f 0900 	mov.w	r9, #0
34183ba6:	9b00      	ldr	r3, [sp, #0]
34183ba8:	f103 0720 	add.w	r7, r3, #32
34183bac:	4651      	mov	r1, sl
34183bae:	4638      	mov	r0, r7
34183bb0:	f000 f946 	bl	34183e40 <samsungsds_aimer_128f_ref_gf_copy>
34183bb4:	eb05 0309 	add.w	r3, r5, r9
34183bb8:	2b0f      	cmp	r3, #15
34183bba:	d068      	beq.n	34183c8e <m55_aim3_mpc_batch4+0x2ba>
34183bbc:	f109 0901 	add.w	r9, r9, #1
34183bc0:	454c      	cmp	r4, r9
34183bc2:	f107 07d0 	add.w	r7, r7, #208	@ 0xd0
34183bc6:	f10a 0a10 	add.w	sl, sl, #16
34183bca:	d8ef      	bhi.n	34183bac <m55_aim3_mpc_batch4+0x1d8>
34183bcc:	f000 fdb8 	bl	34184740 <m55_cycle_count>
34183bd0:	4a48      	ldr	r2, [pc, #288]	@ (34183cf4 <m55_aim3_mpc_batch4+0x320>)
34183bd2:	9b04      	ldr	r3, [sp, #16]
34183bd4:	1ac0      	subs	r0, r0, r3
34183bd6:	6813      	ldr	r3, [r2, #0]
34183bd8:	181b      	adds	r3, r3, r0
34183bda:	6013      	str	r3, [r2, #0]
34183bdc:	6853      	ldr	r3, [r2, #4]
34183bde:	f143 0300 	adc.w	r3, r3, #0
34183be2:	6053      	str	r3, [r2, #4]
34183be4:	f000 fdac 	bl	34184740 <m55_cycle_count>
34183be8:	9f00      	ldr	r7, [sp, #0]
34183bea:	9002      	str	r0, [sp, #8]
34183bec:	f107 0330 	add.w	r3, r7, #48	@ 0x30
34183bf0:	9301      	str	r3, [sp, #4]
34183bf2:	9b31      	ldr	r3, [sp, #196]	@ 0xc4
34183bf4:	2b00      	cmp	r3, #0
34183bf6:	d06f      	beq.n	34183cd8 <m55_aim3_mpc_batch4+0x304>
34183bf8:	f8df a100 	ldr.w	sl, [pc, #256]	@ 34183cfc <m55_aim3_mpc_batch4+0x328>
34183bfc:	f8cd 8000 	str.w	r8, [sp]
34183c00:	46bb      	mov	fp, r7
34183c02:	f04f 0900 	mov.w	r9, #0
34183c06:	f8dd 8000 	ldr.w	r8, [sp]
34183c0a:	4659      	mov	r1, fp
34183c0c:	4640      	mov	r0, r8
34183c0e:	f109 0901 	add.w	r9, r9, #1
34183c12:	f000 f915 	bl	34183e40 <samsungsds_aimer_128f_ref_gf_copy>
34183c16:	454c      	cmp	r4, r9
34183c18:	f108 0810 	add.w	r8, r8, #16
34183c1c:	f10b 0bd0 	add.w	fp, fp, #208	@ 0xd0
34183c20:	d8f3      	bhi.n	34183c0a <m55_aim3_mpc_batch4+0x236>
34183c22:	4623      	mov	r3, r4
34183c24:	4630      	mov	r0, r6
34183c26:	9900      	ldr	r1, [sp, #0]
34183c28:	f8da 2000 	ldr.w	r2, [sl]
34183c2c:	f7ff fc54 	bl	341834d8 <m55_gf_frobenius_batch4>
34183c30:	f04f 0900 	mov.w	r9, #0
34183c34:	46bb      	mov	fp, r7
34183c36:	eb06 1109 	add.w	r1, r6, r9, lsl #4
34183c3a:	f10b 0030 	add.w	r0, fp, #48	@ 0x30
34183c3e:	f000 f8ff 	bl	34183e40 <samsungsds_aimer_128f_ref_gf_copy>
34183c42:	eb05 0209 	add.w	r2, r5, r9
34183c46:	2a0f      	cmp	r2, #15
34183c48:	f109 0901 	add.w	r9, r9, #1
34183c4c:	d018      	beq.n	34183c80 <m55_aim3_mpc_batch4+0x2ac>
34183c4e:	454c      	cmp	r4, r9
34183c50:	f10b 0bd0 	add.w	fp, fp, #208	@ 0xd0
34183c54:	d8ef      	bhi.n	34183c36 <m55_aim3_mpc_batch4+0x262>
34183c56:	9b01      	ldr	r3, [sp, #4]
34183c58:	3710      	adds	r7, #16
34183c5a:	429f      	cmp	r7, r3
34183c5c:	f10a 0a04 	add.w	sl, sl, #4
34183c60:	d1ce      	bne.n	34183c00 <m55_aim3_mpc_batch4+0x22c>
34183c62:	f000 fd6d 	bl	34184740 <m55_cycle_count>
34183c66:	9c02      	ldr	r4, [sp, #8]
34183c68:	4a23      	ldr	r2, [pc, #140]	@ (34183cf8 <m55_aim3_mpc_batch4+0x324>)
34183c6a:	1b00      	subs	r0, r0, r4
34183c6c:	e9d2 3100 	ldrd	r3, r1, [r2]
34183c70:	181b      	adds	r3, r3, r0
34183c72:	f141 0100 	adc.w	r1, r1, #0
34183c76:	e9c2 3100 	strd	r3, r1, [r2]
34183c7a:	b027      	add	sp, #156	@ 0x9c
34183c7c:	e8bd 8ff0 	ldmia.w	sp!, {r4, r5, r6, r7, r8, r9, sl, fp, pc}
34183c80:	f8db 2030 	ldr.w	r2, [fp, #48]	@ 0x30
34183c84:	f082 0201 	eor.w	r2, r2, #1
34183c88:	f8cb 2030 	str.w	r2, [fp, #48]	@ 0x30
34183c8c:	e7df      	b.n	34183c4e <m55_aim3_mpc_batch4+0x27a>
34183c8e:	9b02      	ldr	r3, [sp, #8]
34183c90:	4639      	mov	r1, r7
34183c92:	f503 5200 	add.w	r2, r3, #8192	@ 0x2000
34183c96:	4638      	mov	r0, r7
34183c98:	3220      	adds	r2, #32
34183c9a:	f000 f8db 	bl	34183e54 <samsungsds_aimer_128f_ref_gf_add>
34183c9e:	e78d      	b.n	34183bbc <m55_aim3_mpc_batch4+0x1e8>
34183ca0:	9b01      	ldr	r3, [sp, #4]
34183ca2:	3330      	adds	r3, #48	@ 0x30
34183ca4:	9303      	str	r3, [sp, #12]
34183ca6:	2700      	movs	r7, #0
34183ca8:	f10d 0818 	add.w	r8, sp, #24
34183cac:	ae16      	add	r6, sp, #88	@ 0x58
34183cae:	2300      	movs	r3, #0
34183cb0:	4641      	mov	r1, r8
34183cb2:	4630      	mov	r0, r6
34183cb4:	9a02      	ldr	r2, [sp, #8]
34183cb6:	f000 fc71 	bl	3418459c <m55_gf_mat_vec_mul_batch4>
34183cba:	2f00      	cmp	r7, #0
34183cbc:	f47f af49 	bne.w	34183b52 <m55_aim3_mpc_batch4+0x17e>
34183cc0:	2710      	movs	r7, #16
34183cc2:	9b02      	ldr	r3, [sp, #8]
34183cc4:	4641      	mov	r1, r8
34183cc6:	f503 6200 	add.w	r2, r3, #2048	@ 0x800
34183cca:	4630      	mov	r0, r6
34183ccc:	2300      	movs	r3, #0
34183cce:	f000 fc65 	bl	3418459c <m55_gf_mat_vec_mul_batch4>
34183cd2:	2f00      	cmp	r7, #0
34183cd4:	d0f4      	beq.n	34183cc0 <m55_aim3_mpc_batch4+0x2ec>
34183cd6:	e73c      	b.n	34183b52 <m55_aim3_mpc_batch4+0x17e>
34183cd8:	4c08      	ldr	r4, [pc, #32]	@ (34183cfc <m55_aim3_mpc_batch4+0x328>)
34183cda:	9d01      	ldr	r5, [sp, #4]
34183cdc:	2300      	movs	r3, #0
34183cde:	4641      	mov	r1, r8
34183ce0:	4630      	mov	r0, r6
34183ce2:	f854 2b04 	ldr.w	r2, [r4], #4
34183ce6:	3710      	adds	r7, #16
34183ce8:	f7ff fbf6 	bl	341834d8 <m55_gf_frobenius_batch4>
34183cec:	42af      	cmp	r7, r5
34183cee:	d1f5      	bne.n	34183cdc <m55_aim3_mpc_batch4+0x308>
34183cf0:	e7b7      	b.n	34183c62 <m55_aim3_mpc_batch4+0x28e>
34183cf2:	bf00      	nop
34183cf4:	341c2eb0 	.word	0x341c2eb0
34183cf8:	341c2ea8 	.word	0x341c2ea8
34183cfc:	341900d8 	.word	0x341900d8

34183d00 <samsungsds_aimer_128f_ref_aim3_mpc>:
34183d00:	e92d 4ff0 	stmdb	sp!, {r4, r5, r6, r7, r8, r9, sl, fp, lr}
34183d04:	4615      	mov	r5, r2
34183d06:	4604      	mov	r4, r0
34183d08:	b083      	sub	sp, #12
34183d0a:	3060      	adds	r0, #96	@ 0x60
34183d0c:	4689      	mov	r9, r1
34183d0e:	f102 0130 	add.w	r1, r2, #48	@ 0x30
34183d12:	461f      	mov	r7, r3
34183d14:	f8dd 8030 	ldr.w	r8, [sp, #48]	@ 0x30
34183d18:	f000 f892 	bl	34183e40 <samsungsds_aimer_128f_ref_gf_copy>
34183d1c:	f105 0140 	add.w	r1, r5, #64	@ 0x40
34183d20:	f104 0070 	add.w	r0, r4, #112	@ 0x70
34183d24:	f000 f88c 	bl	34183e40 <samsungsds_aimer_128f_ref_gf_copy>
34183d28:	f105 0b10 	add.w	fp, r5, #16
34183d2c:	f105 0150 	add.w	r1, r5, #80	@ 0x50
34183d30:	f104 0080 	add.w	r0, r4, #128	@ 0x80
34183d34:	f000 f884 	bl	34183e40 <samsungsds_aimer_128f_ref_gf_copy>
34183d38:	4659      	mov	r1, fp
34183d3a:	f104 0090 	add.w	r0, r4, #144	@ 0x90
34183d3e:	f000 f87f 	bl	34183e40 <samsungsds_aimer_128f_ref_gf_copy>
34183d42:	f105 0320 	add.w	r3, r5, #32
34183d46:	4619      	mov	r1, r3
34183d48:	f104 00a0 	add.w	r0, r4, #160	@ 0xa0
34183d4c:	9301      	str	r3, [sp, #4]
34183d4e:	f000 f877 	bl	34183e40 <samsungsds_aimer_128f_ref_gf_copy>
34183d52:	4629      	mov	r1, r5
34183d54:	f104 00b0 	add.w	r0, r4, #176	@ 0xb0
34183d58:	f000 f872 	bl	34183e40 <samsungsds_aimer_128f_ref_gf_copy>
34183d5c:	f1b8 0f0f 	cmp.w	r8, #15
34183d60:	d053      	beq.n	34183e0a <samsungsds_aimer_128f_ref_aim3_mpc+0x10a>
34183d62:	f105 0160 	add.w	r1, r5, #96	@ 0x60
34183d66:	f104 00c0 	add.w	r0, r4, #192	@ 0xc0
34183d6a:	f000 f869 	bl	34183e40 <samsungsds_aimer_128f_ref_gf_copy>
34183d6e:	2600      	movs	r6, #0
34183d70:	4629      	mov	r1, r5
34183d72:	19a0      	adds	r0, r4, r6
34183d74:	eb09 12c6 	add.w	r2, r9, r6, lsl #7
34183d78:	f000 fc46 	bl	34184608 <samsungsds_aimer_128f_ref_gf_mat_vec_mul>
34183d7c:	f1b8 0f0f 	cmp.w	r8, #15
34183d80:	4627      	mov	r7, r4
34183d82:	d03a      	beq.n	34183dfa <samsungsds_aimer_128f_ref_aim3_mpc+0xfa>
34183d84:	b3be      	cbz	r6, 34183df6 <samsungsds_aimer_128f_ref_aim3_mpc+0xf6>
34183d86:	f104 0020 	add.w	r0, r4, #32
34183d8a:	f000 f851 	bl	34183e30 <samsungsds_aimer_128f_ref_gf_set0>
34183d8e:	4659      	mov	r1, fp
34183d90:	f104 0020 	add.w	r0, r4, #32
34183d94:	f509 5280 	add.w	r2, r9, #4096	@ 0x1000
34183d98:	f000 fc52 	bl	34184640 <__wrap_samsungsds_aimer_128f_ref_gf_mat_vec_mul_add>
34183d9c:	9901      	ldr	r1, [sp, #4]
34183d9e:	f104 0020 	add.w	r0, r4, #32
34183da2:	f509 52c0 	add.w	r2, r9, #6144	@ 0x1800
34183da6:	f000 fc4b 	bl	34184640 <__wrap_samsungsds_aimer_128f_ref_gf_mat_vec_mul_add>
34183daa:	f1b8 0f0f 	cmp.w	r8, #15
34183dae:	d033      	beq.n	34183e18 <samsungsds_aimer_128f_ref_aim3_mpc+0x118>
34183db0:	f8df 9078 	ldr.w	r9, [pc, #120]	@ 34183e2c <samsungsds_aimer_128f_ref_aim3_mpc+0x12c>
34183db4:	f104 0a30 	add.w	sl, r4, #48	@ 0x30
34183db8:	f107 0530 	add.w	r5, r7, #48	@ 0x30
34183dbc:	4639      	mov	r1, r7
34183dbe:	4628      	mov	r0, r5
34183dc0:	f000 f9b2 	bl	34184128 <samsungsds_aimer_128f_ref_gf_sqr>
34183dc4:	f859 6b04 	ldr.w	r6, [r9], #4
34183dc8:	2e01      	cmp	r6, #1
34183dca:	d907      	bls.n	34183ddc <samsungsds_aimer_128f_ref_aim3_mpc+0xdc>
34183dcc:	2401      	movs	r4, #1
34183dce:	4629      	mov	r1, r5
34183dd0:	4628      	mov	r0, r5
34183dd2:	3401      	adds	r4, #1
34183dd4:	f000 f9a8 	bl	34184128 <samsungsds_aimer_128f_ref_gf_sqr>
34183dd8:	42b4      	cmp	r4, r6
34183dda:	d1f8      	bne.n	34183dce <samsungsds_aimer_128f_ref_aim3_mpc+0xce>
34183ddc:	f1b8 0f0f 	cmp.w	r8, #15
34183de0:	d103      	bne.n	34183dea <samsungsds_aimer_128f_ref_aim3_mpc+0xea>
34183de2:	6b3b      	ldr	r3, [r7, #48]	@ 0x30
34183de4:	f083 0301 	eor.w	r3, r3, #1
34183de8:	633b      	str	r3, [r7, #48]	@ 0x30
34183dea:	3710      	adds	r7, #16
34183dec:	45ba      	cmp	sl, r7
34183dee:	d1e3      	bne.n	34183db8 <samsungsds_aimer_128f_ref_aim3_mpc+0xb8>
34183df0:	b003      	add	sp, #12
34183df2:	e8bd 8ff0 	ldmia.w	sp!, {r4, r5, r6, r7, r8, r9, sl, fp, pc}
34183df6:	2610      	movs	r6, #16
34183df8:	e7ba      	b.n	34183d70 <samsungsds_aimer_128f_ref_aim3_mpc+0x70>
34183dfa:	f509 5200 	add.w	r2, r9, #8192	@ 0x2000
34183dfe:	19a1      	adds	r1, r4, r6
34183e00:	4608      	mov	r0, r1
34183e02:	4432      	add	r2, r6
34183e04:	f000 f826 	bl	34183e54 <samsungsds_aimer_128f_ref_gf_add>
34183e08:	e7bc      	b.n	34183d84 <samsungsds_aimer_128f_ref_aim3_mpc+0x84>
34183e0a:	f104 01b0 	add.w	r1, r4, #176	@ 0xb0
34183e0e:	463a      	mov	r2, r7
34183e10:	4608      	mov	r0, r1
34183e12:	f000 f81f 	bl	34183e54 <samsungsds_aimer_128f_ref_gf_add>
34183e16:	e7a4      	b.n	34183d62 <samsungsds_aimer_128f_ref_aim3_mpc+0x62>
34183e18:	f104 0120 	add.w	r1, r4, #32
34183e1c:	f509 5200 	add.w	r2, r9, #8192	@ 0x2000
34183e20:	4608      	mov	r0, r1
34183e22:	3220      	adds	r2, #32
34183e24:	f000 f816 	bl	34183e54 <samsungsds_aimer_128f_ref_gf_add>
34183e28:	e7c2      	b.n	34183db0 <samsungsds_aimer_128f_ref_aim3_mpc+0xb0>
34183e2a:	bf00      	nop
34183e2c:	341900e4 	.word	0x341900e4

34183e30 <samsungsds_aimer_128f_ref_gf_set0>:
34183e30:	2200      	movs	r2, #0
34183e32:	2300      	movs	r3, #0
34183e34:	e9c0 2300 	strd	r2, r3, [r0]
34183e38:	e9c0 2302 	strd	r2, r3, [r0, #8]
34183e3c:	4770      	bx	lr
34183e3e:	bf00      	nop

34183e40 <samsungsds_aimer_128f_ref_gf_copy>:
34183e40:	e9d1 2300 	ldrd	r2, r3, [r1]
34183e44:	e9c0 2300 	strd	r2, r3, [r0]
34183e48:	e9d1 2302 	ldrd	r2, r3, [r1, #8]
34183e4c:	e9c0 2302 	strd	r2, r3, [r0, #8]
34183e50:	4770      	bx	lr
34183e52:	bf00      	nop

34183e54 <samsungsds_aimer_128f_ref_gf_add>:
34183e54:	b530      	push	{r4, r5, lr}
34183e56:	e9d1 4300 	ldrd	r4, r3, [r1]
34183e5a:	f8d2 e004 	ldr.w	lr, [r2, #4]
34183e5e:	6815      	ldr	r5, [r2, #0]
34183e60:	ea83 030e 	eor.w	r3, r3, lr
34183e64:	ea84 0c05 	eor.w	ip, r4, r5
34183e68:	f8c0 c000 	str.w	ip, [r0]
34183e6c:	6043      	str	r3, [r0, #4]
34183e6e:	e9d1 c302 	ldrd	ip, r3, [r1, #8]
34183e72:	e9d2 e102 	ldrd	lr, r1, [r2, #8]
34183e76:	ea8c 020e 	eor.w	r2, ip, lr
34183e7a:	404b      	eors	r3, r1
34183e7c:	e9c0 2302 	strd	r2, r3, [r0, #8]
34183e80:	bd30      	pop	{r4, r5, pc}
34183e82:	bf00      	nop

34183e84 <samsungsds_aimer_128f_ref_gf_inv>:
34183e84:	b5f0      	push	{r4, r5, r6, r7, lr}
34183e86:	468c      	mov	ip, r1
34183e88:	4605      	mov	r5, r0
34183e8a:	e9dc 2300 	ldrd	r2, r3, [ip]
34183e8e:	2600      	movs	r6, #0
34183e90:	2700      	movs	r7, #0
34183e92:	2001      	movs	r0, #1
34183e94:	2100      	movs	r1, #0
34183e96:	247f      	movs	r4, #127	@ 0x7f
34183e98:	b085      	sub	sp, #20
34183e9a:	e9cd 2300 	strd	r2, r3, [sp]
34183e9e:	e9dc 2302 	ldrd	r2, r3, [ip, #8]
34183ea2:	e9c5 6702 	strd	r6, r7, [r5, #8]
34183ea6:	e9cd 2302 	strd	r2, r3, [sp, #8]
34183eaa:	e9c5 0100 	strd	r0, r1, [r5]
34183eae:	4669      	mov	r1, sp
34183eb0:	4668      	mov	r0, sp
34183eb2:	f000 f939 	bl	34184128 <samsungsds_aimer_128f_ref_gf_sqr>
34183eb6:	466a      	mov	r2, sp
34183eb8:	4629      	mov	r1, r5
34183eba:	4628      	mov	r0, r5
34183ebc:	f000 f8be 	bl	3418403c <samsungsds_aimer_128f_ref_gf_mul>
34183ec0:	3c01      	subs	r4, #1
34183ec2:	d1f4      	bne.n	34183eae <samsungsds_aimer_128f_ref_gf_inv+0x2a>
34183ec4:	b005      	add	sp, #20
34183ec6:	bdf0      	pop	{r4, r5, r6, r7, pc}

34183ec8 <m55_gf_reduce_words>:
34183ec8:	e92d 43f0 	stmdb	sp!, {r4, r5, r6, r7, r8, r9, lr}
34183ecc:	4688      	mov	r8, r1
34183ece:	4686      	mov	lr, r0
34183ed0:	e9d1 0106 	ldrd	r0, r1, [r1, #24]
34183ed4:	4606      	mov	r6, r0
34183ed6:	460f      	mov	r7, r1
34183ed8:	ea56 17cf 	lsll	r6, r7, #7
34183edc:	f8d8 3010 	ldr.w	r3, [r8, #16]
34183ee0:	0f8c      	lsrs	r4, r1, #30
34183ee2:	ea84 6451 	eor.w	r4, r4, r1, lsr #25
34183ee6:	f8d8 500c 	ldr.w	r5, [r8, #12]
34183eea:	405c      	eors	r4, r3
34183eec:	f8d8 3014 	ldr.w	r3, [r8, #20]
34183ef0:	ea84 72d1 	eor.w	r2, r4, r1, lsr #31
34183ef4:	f8d8 4008 	ldr.w	r4, [r8, #8]
34183ef8:	ea81 0c05 	eor.w	ip, r1, r5
34183efc:	0e5d      	lsrs	r5, r3, #25
34183efe:	ea45 15c0 	orr.w	r5, r5, r0, lsl #7
34183f02:	4044      	eors	r4, r0
34183f04:	406c      	eors	r4, r5
34183f06:	0f9d      	lsrs	r5, r3, #30
34183f08:	ea45 0580 	orr.w	r5, r5, r0, lsl #2
34183f0c:	406c      	eors	r4, r5
34183f0e:	1805      	adds	r5, r0, r0
34183f10:	eb41 0901 	adc.w	r9, r1, r1
34183f14:	ea50 018f 	lsll	r0, r1, #2
34183f18:	ea8c 0c07 	eor.w	ip, ip, r7
34183f1c:	4616      	mov	r6, r2
34183f1e:	461f      	mov	r7, r3
34183f20:	ea45 75d3 	orr.w	r5, r5, r3, lsr #31
34183f24:	ea8c 0101 	eor.w	r1, ip, r1
34183f28:	406c      	eors	r4, r5
34183f2a:	ea81 0109 	eor.w	r1, r1, r9
34183f2e:	f8ce 4008 	str.w	r4, [lr, #8]
34183f32:	f8ce 100c 	str.w	r1, [lr, #12]
34183f36:	e9d8 0100 	ldrd	r0, r1, [r8]
34183f3a:	ea82 0c00 	eor.w	ip, r2, r0
34183f3e:	1895      	adds	r5, r2, r2
34183f40:	ea8c 1cc2 	eor.w	ip, ip, r2, lsl #7
34183f44:	ea56 17cf 	lsll	r6, r7, #7
34183f48:	eb43 0403 	adc.w	r4, r3, r3
34183f4c:	4059      	eors	r1, r3
34183f4e:	ea8c 0c82 	eor.w	ip, ip, r2, lsl #2
34183f52:	ea52 038f 	lsll	r2, r3, #2
34183f56:	4079      	eors	r1, r7
34183f58:	404b      	eors	r3, r1
34183f5a:	ea8c 0505 	eor.w	r5, ip, r5
34183f5e:	4063      	eors	r3, r4
34183f60:	f8ce 5000 	str.w	r5, [lr]
34183f64:	f8ce 3004 	str.w	r3, [lr, #4]
34183f68:	e8bd 83f0 	ldmia.w	sp!, {r4, r5, r6, r7, r8, r9, pc}

34183f6c <m55_clmul_convolution>:
34183f6c:	e92d 4ff0 	stmdb	sp!, {r4, r5, r6, r7, r8, r9, sl, fp, lr}
34183f70:	b08d      	sub	sp, #52	@ 0x34
34183f72:	9201      	str	r2, [sp, #4]
34183f74:	f1a1 0902 	sub.w	r9, r1, #2
34183f78:	2220      	movs	r2, #32
34183f7a:	2100      	movs	r1, #0
34183f7c:	f003 f9da 	bl	34187334 <memset>
34183f80:	f04f 0e08 	mov.w	lr, #8
34183f84:	f04e e001 	dls	lr, lr
34183f88:	f10d 0417 	add.w	r4, sp, #23
34183f8c:	f024 040f 	bic.w	r4, r4, #15
34183f90:	f104 0b10 	add.w	fp, r4, #16
34183f94:	f839 3f02 	ldrh.w	r3, [r9, #2]!
34183f98:	9a01      	ldr	r2, [sp, #4]
34183f9a:	eea6 3b30 	vdup.16	q3, r3
34183f9e:	ed92 5e80 	vldrh.u16	q2, [r2, #0]
34183fa2:	fe37 2e04 	vmullb.p16	q1, q3, q2
34183fa6:	fe37 7e04 	vmullt.p16	q3, q3, q2
34183faa:	8803      	ldrh	r3, [r0, #0]
34183fac:	ed8b 3f00 	vstrw.32	q1, [fp, #0]
34183fb0:	ed84 7f00 	vstrw.32	q3, [r4, #0]
34183fb4:	f8d4 c010 	ldr.w	ip, [r4, #16]
34183fb8:	6821      	ldr	r1, [r4, #0]
34183fba:	ea83 030c 	eor.w	r3, r3, ip
34183fbe:	f820 3b02 	strh.w	r3, [r0], #2
34183fc2:	f8b0 a000 	ldrh.w	sl, [r0]
34183fc6:	ea81 4c1c 	eor.w	ip, r1, ip, lsr #16
34183fca:	6962      	ldr	r2, [r4, #20]
34183fcc:	ea8c 0c0a 	eor.w	ip, ip, sl
34183fd0:	f8a0 c000 	strh.w	ip, [r0]
34183fd4:	f8b0 c002 	ldrh.w	ip, [r0, #2]
34183fd8:	ea82 4111 	eor.w	r1, r2, r1, lsr #16
34183fdc:	ea81 010c 	eor.w	r1, r1, ip
34183fe0:	f8d4 8004 	ldr.w	r8, [r4, #4]
34183fe4:	8041      	strh	r1, [r0, #2]
34183fe6:	8881      	ldrh	r1, [r0, #4]
34183fe8:	ea88 4212 	eor.w	r2, r8, r2, lsr #16
34183fec:	404a      	eors	r2, r1
34183fee:	69a6      	ldr	r6, [r4, #24]
34183ff0:	68a5      	ldr	r5, [r4, #8]
34183ff2:	69e3      	ldr	r3, [r4, #28]
34183ff4:	f8b0 c008 	ldrh.w	ip, [r0, #8]
34183ff8:	8082      	strh	r2, [r0, #4]
34183ffa:	8942      	ldrh	r2, [r0, #10]
34183ffc:	68e7      	ldr	r7, [r4, #12]
34183ffe:	ea86 4818 	eor.w	r8, r6, r8, lsr #16
34184002:	ea85 4616 	eor.w	r6, r5, r6, lsr #16
34184006:	ea83 4515 	eor.w	r5, r3, r5, lsr #16
3418400a:	88c1      	ldrh	r1, [r0, #6]
3418400c:	ea86 060c 	eor.w	r6, r6, ip
34184010:	4055      	eors	r5, r2
34184012:	f8b0 c00c 	ldrh.w	ip, [r0, #12]
34184016:	89c2      	ldrh	r2, [r0, #14]
34184018:	ea87 4313 	eor.w	r3, r7, r3, lsr #16
3418401c:	ea88 0101 	eor.w	r1, r8, r1
34184020:	ea83 030c 	eor.w	r3, r3, ip
34184024:	ea82 4217 	eor.w	r2, r2, r7, lsr #16
34184028:	80c1      	strh	r1, [r0, #6]
3418402a:	8106      	strh	r6, [r0, #8]
3418402c:	8145      	strh	r5, [r0, #10]
3418402e:	8183      	strh	r3, [r0, #12]
34184030:	81c2      	strh	r2, [r0, #14]
34184032:	f00f c851 	le	lr, 34183f94 <m55_clmul_convolution+0x28>
34184036:	b00d      	add	sp, #52	@ 0x34
34184038:	e8bd 8ff0 	ldmia.w	sp!, {r4, r5, r6, r7, r8, r9, sl, fp, pc}

3418403c <samsungsds_aimer_128f_ref_gf_mul>:
3418403c:	468c      	mov	ip, r1
3418403e:	4613      	mov	r3, r2
34184040:	e92d 4ff0 	stmdb	sp!, {r4, r5, r6, r7, r8, r9, sl, fp, lr}
34184044:	e9dc 6700 	ldrd	r6, r7, [ip]
34184048:	b0a1      	sub	sp, #132	@ 0x84
3418404a:	f10d 0447 	add.w	r4, sp, #71	@ 0x47
3418404e:	f024 040f 	bic.w	r4, r4, #15
34184052:	4605      	mov	r5, r0
34184054:	f104 0220 	add.w	r2, r4, #32
34184058:	4620      	mov	r0, r4
3418405a:	f104 0130 	add.w	r1, r4, #48	@ 0x30
3418405e:	e9c4 670c 	strd	r6, r7, [r4, #48]	@ 0x30
34184062:	e9dc 6702 	ldrd	r6, r7, [ip, #8]
34184066:	e9c4 670e 	strd	r6, r7, [r4, #56]	@ 0x38
3418406a:	e9d3 6700 	ldrd	r6, r7, [r3]
3418406e:	e9c4 6708 	strd	r6, r7, [r4, #32]
34184072:	e9d3 6702 	ldrd	r6, r7, [r3, #8]
34184076:	e9c4 670a 	strd	r6, r7, [r4, #40]	@ 0x28
3418407a:	f7ff ff77 	bl	34183f6c <m55_clmul_convolution>
3418407e:	8863      	ldrh	r3, [r4, #2]
34184080:	8b26      	ldrh	r6, [r4, #24]
34184082:	9300      	str	r3, [sp, #0]
34184084:	2300      	movs	r3, #0
34184086:	8be7      	ldrh	r7, [r4, #30]
34184088:	9301      	str	r3, [sp, #4]
3418408a:	9604      	str	r6, [sp, #16]
3418408c:	9705      	str	r7, [sp, #20]
3418408e:	e9dd 6700 	ldrd	r6, r7, [sp]
34184092:	ea56 470f 	lsll	r6, r7, #16
34184096:	f8b4 9004 	ldrh.w	r9, [r4, #4]
3418409a:	f8b4 a000 	ldrh.w	sl, [r4]
3418409e:	f8b4 b006 	ldrh.w	fp, [r4, #6]
341840a2:	8a22      	ldrh	r2, [r4, #16]
341840a4:	ea49 0907 	orr.w	r9, r9, r7
341840a8:	9202      	str	r2, [sp, #8]
341840aa:	ea4a 0206 	orr.w	r2, sl, r6
341840ae:	ea49 460b 	orr.w	r6, r9, fp, lsl #16
341840b2:	e9dd ab00 	ldrd	sl, fp, [sp]
341840b6:	465f      	mov	r7, fp
341840b8:	e9cd 2606 	strd	r2, r6, [sp, #24]
341840bc:	8966      	ldrh	r6, [r4, #10]
341840be:	f8b4 c00c 	ldrh.w	ip, [r4, #12]
341840c2:	ea56 470f 	lsll	r6, r7, #16
341840c6:	ea4c 0c07 	orr.w	ip, ip, r7
341840ca:	465f      	mov	r7, fp
341840cc:	f8b4 e008 	ldrh.w	lr, [r4, #8]
341840d0:	4628      	mov	r0, r5
341840d2:	89e5      	ldrh	r5, [r4, #14]
341840d4:	ea4e 0606 	orr.w	r6, lr, r6
341840d8:	ea4c 4505 	orr.w	r5, ip, r5, lsl #16
341840dc:	e9cd 6508 	strd	r6, r5, [sp, #32]
341840e0:	8a66      	ldrh	r6, [r4, #18]
341840e2:	f8b4 8014 	ldrh.w	r8, [r4, #20]
341840e6:	ea56 470f 	lsll	r6, r7, #16
341840ea:	ea48 0807 	orr.w	r8, r8, r7
341840ee:	465f      	mov	r7, fp
341840f0:	8ae1      	ldrh	r1, [r4, #22]
341840f2:	9a02      	ldr	r2, [sp, #8]
341840f4:	9103      	str	r1, [sp, #12]
341840f6:	4316      	orrs	r6, r2
341840f8:	9a03      	ldr	r2, [sp, #12]
341840fa:	8ba3      	ldrh	r3, [r4, #28]
341840fc:	ea48 4202 	orr.w	r2, r8, r2, lsl #16
34184100:	e9cd 620a 	strd	r6, r2, [sp, #40]	@ 0x28
34184104:	8b66      	ldrh	r6, [r4, #26]
34184106:	9a04      	ldr	r2, [sp, #16]
34184108:	ea56 470f 	lsll	r6, r7, #16
3418410c:	433b      	orrs	r3, r7
3418410e:	9f05      	ldr	r7, [sp, #20]
34184110:	4316      	orrs	r6, r2
34184112:	ea43 4307 	orr.w	r3, r3, r7, lsl #16
34184116:	a906      	add	r1, sp, #24
34184118:	e9cd 630c 	strd	r6, r3, [sp, #48]	@ 0x30
3418411c:	f7ff fed4 	bl	34183ec8 <m55_gf_reduce_words>
34184120:	b021      	add	sp, #132	@ 0x84
34184122:	e8bd 8ff0 	ldmia.w	sp!, {r4, r5, r6, r7, r8, r9, sl, fp, pc}
34184126:	bf00      	nop

34184128 <samsungsds_aimer_128f_ref_gf_sqr>:
34184128:	2300      	movs	r3, #0
3418412a:	e92d 4ff0 	stmdb	sp!, {r4, r5, r6, r7, r8, r9, sl, fp, lr}
3418412e:	460e      	mov	r6, r1
34184130:	461d      	mov	r5, r3
34184132:	e9d6 4200 	ldrd	r4, r2, [r6]
34184136:	4699      	mov	r9, r3
34184138:	f8d6 8008 	ldr.w	r8, [r6, #8]
3418413c:	68f6      	ldr	r6, [r6, #12]
3418413e:	b08f      	sub	sp, #60	@ 0x3c
34184140:	e9cd 6302 	strd	r6, r3, [sp, #8]
34184144:	b2a6      	uxth	r6, r4
34184146:	ea54 450f 	lsll	r4, r5, #16
3418414a:	b294      	uxth	r4, r2
3418414c:	ea52 430f 	lsll	r2, r3, #16
34184150:	fa1f f288 	uxth.w	r2, r8
34184154:	ea58 490f 	lsll	r8, r9, #16
34184158:	b29b      	uxth	r3, r3
3418415a:	9301      	str	r3, [sp, #4]
3418415c:	fa1f f389 	uxth.w	r3, r9
34184160:	e9dd 8902 	ldrd	r8, r9, [sp, #8]
34184164:	fa1f fa88 	uxth.w	sl, r8
34184168:	ea58 490f 	lsll	r8, r9, #16
3418416c:	b2af      	uxth	r7, r5
3418416e:	fa1f fb89 	uxth.w	fp, r9
34184172:	46b0      	mov	r8, r6
34184174:	46b9      	mov	r9, r7
34184176:	ea58 290f 	lsll	r8, r9, #8
3418417a:	9400      	str	r4, [sp, #0]
3418417c:	ea46 2c06 	orr.w	ip, r6, r6, lsl #8
34184180:	ea44 2e04 	orr.w	lr, r4, r4, lsl #8
34184184:	ea4a 250a 	orr.w	r5, sl, sl, lsl #8
34184188:	ea42 2402 	orr.w	r4, r2, r2, lsl #8
3418418c:	ea49 0607 	orr.w	r6, r9, r7
34184190:	9502      	str	r5, [sp, #8]
34184192:	9405      	str	r4, [sp, #20]
34184194:	f006 19ff 	and.w	r9, r6, #16711935	@ 0xff00ff
34184198:	e9dd 4500 	ldrd	r4, r5, [sp]
3418419c:	4626      	mov	r6, r4
3418419e:	462f      	mov	r7, r5
341841a0:	ea56 270f 	lsll	r6, r7, #8
341841a4:	ea45 0407 	orr.w	r4, r5, r7
341841a8:	f004 17ff 	and.w	r7, r4, #16711935	@ 0xff00ff
341841ac:	461d      	mov	r5, r3
341841ae:	4614      	mov	r4, r2
341841b0:	ea54 250f 	lsll	r4, r5, #8
341841b4:	9a05      	ldr	r2, [sp, #20]
341841b6:	432b      	orrs	r3, r5
341841b8:	f002 14ff 	and.w	r4, r2, #16711935	@ 0xff00ff
341841bc:	f003 15ff 	and.w	r5, r3, #16711935	@ 0xff00ff
341841c0:	ea44 1304 	orr.w	r3, r4, r4, lsl #4
341841c4:	9300      	str	r3, [sp, #0]
341841c6:	4652      	mov	r2, sl
341841c8:	465b      	mov	r3, fp
341841ca:	ea52 230f 	lsll	r2, r3, #8
341841ce:	9a02      	ldr	r2, [sp, #8]
341841d0:	ea43 030b 	orr.w	r3, r3, fp
341841d4:	f002 1aff 	and.w	sl, r2, #16711935	@ 0xff00ff
341841d8:	f003 1bff 	and.w	fp, r3, #16711935	@ 0xff00ff
341841dc:	f00c 18ff 	and.w	r8, ip, #16711935	@ 0xff00ff
341841e0:	ea4a 130a 	orr.w	r3, sl, sl, lsl #4
341841e4:	9302      	str	r3, [sp, #8]
341841e6:	4642      	mov	r2, r8
341841e8:	464b      	mov	r3, r9
341841ea:	ea52 130f 	lsll	r2, r3, #4
341841ee:	ea48 1c08 	orr.w	ip, r8, r8, lsl #4
341841f2:	f00c 380f 	and.w	r8, ip, #252645135	@ 0xf0f0f0f
341841f6:	ea43 0309 	orr.w	r3, r3, r9
341841fa:	f003 390f 	and.w	r9, r3, #252645135	@ 0xf0f0f0f
341841fe:	ea48 0388 	orr.w	r3, r8, r8, lsl #2
34184202:	f003 3333 	and.w	r3, r3, #858993459	@ 0x33333333
34184206:	18da      	adds	r2, r3, r3
34184208:	ea42 0203 	orr.w	r2, r2, r3
3418420c:	f00e 16ff 	and.w	r6, lr, #16711935	@ 0xff00ff
34184210:	f002 3255 	and.w	r2, r2, #1431655765	@ 0x55555555
34184214:	9206      	str	r2, [sp, #24]
34184216:	463b      	mov	r3, r7
34184218:	4632      	mov	r2, r6
3418421a:	ea52 130f 	lsll	r2, r3, #4
3418421e:	ea43 0307 	orr.w	r3, r3, r7
34184222:	f003 370f 	and.w	r7, r3, #252645135	@ 0xf0f0f0f
34184226:	4622      	mov	r2, r4
34184228:	462b      	mov	r3, r5
3418422a:	ea52 130f 	lsll	r2, r3, #4
3418422e:	9a00      	ldr	r2, [sp, #0]
34184230:	ea43 0305 	orr.w	r3, r3, r5
34184234:	f002 340f 	and.w	r4, r2, #252645135	@ 0xf0f0f0f
34184238:	f003 350f 	and.w	r5, r3, #252645135	@ 0xf0f0f0f
3418423c:	ea46 1e06 	orr.w	lr, r6, r6, lsl #4
34184240:	ea44 0384 	orr.w	r3, r4, r4, lsl #2
34184244:	f00e 360f 	and.w	r6, lr, #252645135	@ 0xf0f0f0f
34184248:	4652      	mov	r2, sl
3418424a:	f003 3e33 	and.w	lr, r3, #858993459	@ 0x33333333
3418424e:	465b      	mov	r3, fp
34184250:	ea52 130f 	lsll	r2, r3, #4
34184254:	9a02      	ldr	r2, [sp, #8]
34184256:	ea43 030b 	orr.w	r3, r3, fp
3418425a:	f002 3a0f 	and.w	sl, r2, #252645135	@ 0xf0f0f0f
3418425e:	f003 3b0f 	and.w	fp, r3, #252645135	@ 0xf0f0f0f
34184262:	ea4a 038a 	orr.w	r3, sl, sl, lsl #2
34184266:	f003 3233 	and.w	r2, r3, #858993459	@ 0x33333333
3418426a:	9200      	str	r2, [sp, #0]
3418426c:	464b      	mov	r3, r9
3418426e:	4642      	mov	r2, r8
34184270:	ea52 038f 	lsll	r2, r3, #2
34184274:	46b0      	mov	r8, r6
34184276:	ea43 0209 	orr.w	r2, r3, r9
3418427a:	46b9      	mov	r9, r7
3418427c:	ea58 098f 	lsll	r8, r9, #2
34184280:	f002 3233 	and.w	r2, r2, #858993459	@ 0x33333333
34184284:	eb42 0302 	adc.w	r3, r2, r2
34184288:	ea46 0c86 	orr.w	ip, r6, r6, lsl #2
3418428c:	4313      	orrs	r3, r2
3418428e:	4626      	mov	r6, r4
34184290:	ea49 0207 	orr.w	r2, r9, r7
34184294:	462f      	mov	r7, r5
34184296:	ea56 078f 	lsll	r6, r7, #2
3418429a:	f00c 3c33 	and.w	ip, ip, #858993459	@ 0x33333333
3418429e:	f003 3355 	and.w	r3, r3, #1431655765	@ 0x55555555
341842a2:	9307      	str	r3, [sp, #28]
341842a4:	eb1c 030c 	adds.w	r3, ip, ip
341842a8:	ea43 030c 	orr.w	r3, r3, ip
341842ac:	f002 3233 	and.w	r2, r2, #858993459	@ 0x33333333
341842b0:	f003 3355 	and.w	r3, r3, #1431655765	@ 0x55555555
341842b4:	9308      	str	r3, [sp, #32]
341842b6:	eb42 0302 	adc.w	r3, r2, r2
341842ba:	4313      	orrs	r3, r2
341842bc:	f003 3355 	and.w	r3, r3, #1431655765	@ 0x55555555
341842c0:	9309      	str	r3, [sp, #36]	@ 0x24
341842c2:	eb1e 030e 	adds.w	r3, lr, lr
341842c6:	ea43 030e 	orr.w	r3, r3, lr
341842ca:	ea47 0205 	orr.w	r2, r7, r5
341842ce:	f002 3233 	and.w	r2, r2, #858993459	@ 0x33333333
341842d2:	f003 3355 	and.w	r3, r3, #1431655765	@ 0x55555555
341842d6:	930a      	str	r3, [sp, #40]	@ 0x28
341842d8:	eb42 0302 	adc.w	r3, r2, r2
341842dc:	4313      	orrs	r3, r2
341842de:	9a00      	ldr	r2, [sp, #0]
341842e0:	f003 3355 	and.w	r3, r3, #1431655765	@ 0x55555555
341842e4:	930b      	str	r3, [sp, #44]	@ 0x2c
341842e6:	1893      	adds	r3, r2, r2
341842e8:	ea43 0302 	orr.w	r3, r3, r2
341842ec:	f003 3355 	and.w	r3, r3, #1431655765	@ 0x55555555
341842f0:	930c      	str	r3, [sp, #48]	@ 0x30
341842f2:	4652      	mov	r2, sl
341842f4:	465b      	mov	r3, fp
341842f6:	ea52 038f 	lsll	r2, r3, #2
341842fa:	ea43 020b 	orr.w	r2, r3, fp
341842fe:	f002 3233 	and.w	r2, r2, #858993459	@ 0x33333333
34184302:	eb42 0302 	adc.w	r3, r2, r2
34184306:	4313      	orrs	r3, r2
34184308:	f003 3355 	and.w	r3, r3, #1431655765	@ 0x55555555
3418430c:	a906      	add	r1, sp, #24
3418430e:	930d      	str	r3, [sp, #52]	@ 0x34
34184310:	f7ff fdda 	bl	34183ec8 <m55_gf_reduce_words>
34184314:	b00f      	add	sp, #60	@ 0x3c
34184316:	e8bd 8ff0 	ldmia.w	sp!, {r4, r5, r6, r7, r8, r9, sl, fp, pc}
3418431a:	bf00      	nop

3418431c <m55_gf_mat_vec_mul_add>:
3418431c:	b570      	push	{r4, r5, r6, lr}
3418431e:	f04f 0e80 	mov.w	lr, #128	@ 0x80
34184322:	460b      	mov	r3, r1
34184324:	b084      	sub	sp, #16
34184326:	466e      	mov	r6, sp
34184328:	f04f 0c00 	mov.w	ip, #0
3418432c:	f04e e001 	dls	lr, lr
34184330:	4605      	mov	r5, r0
34184332:	ed90 5e00 	vldrb.u8	q2, [r0, #0]
34184336:	4614      	mov	r4, r2
34184338:	6808      	ldr	r0, [r1, #0]
3418433a:	689a      	ldr	r2, [r3, #8]
3418433c:	6849      	ldr	r1, [r1, #4]
3418433e:	68db      	ldr	r3, [r3, #12]
34184340:	c60f      	stmia	r6!, {r0, r1, r2, r3}
34184342:	f00c 003f 	and.w	r0, ip, #63	@ 0x3f
34184346:	ea4f 139c 	mov.w	r3, ip, lsr #6
3418434a:	aa04      	add	r2, sp, #16
3418434c:	eb02 03c3 	add.w	r3, r2, r3, lsl #3
34184350:	f1c0 0220 	rsb	r2, r0, #32
34184354:	e953 3604 	ldrd	r3, r6, [r3, #-16]
34184358:	f1a0 0120 	sub.w	r1, r0, #32
3418435c:	40c3      	lsrs	r3, r0
3418435e:	fa06 f202 	lsl.w	r2, r6, r2
34184362:	4313      	orrs	r3, r2
34184364:	fa26 f101 	lsr.w	r1, r6, r1
34184368:	430b      	orrs	r3, r1
3418436a:	f343 0300 	sbfx	r3, r3, #0, #1
3418436e:	eea6 3b10 	vdup.32	q3, r3
34184372:	ecb4 3e10 	vldrb.u8	q1, [r4], #16
34184376:	ef06 6152 	vand	q3, q3, q1
3418437a:	f10c 0c01 	add.w	ip, ip, #1
3418437e:	ff04 4156 	veor	q2, q2, q3
34184382:	f00f c023 	le	lr, 34184342 <m55_gf_mat_vec_mul_add+0x26>
34184386:	ed85 5e00 	vstrb.8	q2, [r5, #0]
3418438a:	b004      	add	sp, #16
3418438c:	bd70      	pop	{r4, r5, r6, pc}
3418438e:	bf00      	nop

34184390 <m55_gf_mat_vec_mul_add_batch4>:
34184390:	e92d 4ff0 	stmdb	sp!, {r4, r5, r6, r7, r8, r9, sl, fp, lr}
34184394:	ed2d 8b0c 	vpush	{d8-d13}
34184398:	b0a3      	sub	sp, #140	@ 0x8c
3418439a:	f10d 045f 	add.w	r4, sp, #95	@ 0x5f
3418439e:	2b04      	cmp	r3, #4
341843a0:	f024 040f 	bic.w	r4, r4, #15
341843a4:	f200 80f7 	bhi.w	34184596 <m55_gf_mat_vec_mul_add_batch4+0x206>
341843a8:	461d      	mov	r5, r3
341843aa:	2b00      	cmp	r3, #0
341843ac:	f000 80ee 	beq.w	3418458c <m55_gf_mat_vec_mul_add_batch4+0x1fc>
341843b0:	4691      	mov	r9, r2
341843b2:	460e      	mov	r6, r1
341843b4:	4682      	mov	sl, r0
341843b6:	2240      	movs	r2, #64	@ 0x40
341843b8:	2100      	movs	r1, #0
341843ba:	a804      	add	r0, sp, #16
341843bc:	f002 ffba 	bl	34187334 <memset>
341843c0:	ea4f 1e05 	mov.w	lr, r5, lsl #4
341843c4:	f1ae 0e10 	sub.w	lr, lr, #16
341843c8:	ea4f 1e1e 	mov.w	lr, lr, lsr #4
341843cc:	f10e 0e01 	add.w	lr, lr, #1
341843d0:	ef80 c051 	vmov.i32	q6, #1	@ 0x00000001
341843d4:	f04e e001 	dls	lr, lr
341843d8:	f10d 0c10 	add.w	ip, sp, #16
341843dc:	4667      	mov	r7, ip
341843de:	6830      	ldr	r0, [r6, #0]
341843e0:	6871      	ldr	r1, [r6, #4]
341843e2:	68b2      	ldr	r2, [r6, #8]
341843e4:	68f3      	ldr	r3, [r6, #12]
341843e6:	f10c 0c10 	add.w	ip, ip, #16
341843ea:	c70f      	stmia	r7!, {r0, r1, r2, r3}
341843ec:	3610      	adds	r6, #16
341843ee:	f00f c80b 	le	lr, 341843dc <m55_gf_mat_vec_mul_add_batch4+0x4c>
341843f2:	f04f 0800 	mov.w	r8, #0
341843f6:	4646      	mov	r6, r8
341843f8:	f1aa 0008 	sub.w	r0, sl, #8
341843fc:	f509 7900 	add.w	r9, r9, #512	@ 0x200
34184400:	f104 0a10 	add.w	sl, r4, #16
34184404:	f104 0b20 	add.w	fp, r4, #32
34184408:	f850 3f08 	ldr.w	r3, [r0, #8]!
3418440c:	f8cb 6000 	str.w	r6, [fp]
34184410:	6223      	str	r3, [r4, #32]
34184412:	6843      	ldr	r3, [r0, #4]
34184414:	2d01      	cmp	r5, #1
34184416:	f8ca 6000 	str.w	r6, [sl]
3418441a:	e9cb 6601 	strd	r6, r6, [fp, #4]
3418441e:	e9ca 6601 	strd	r6, r6, [sl, #4]
34184422:	f8cb 600c 	str.w	r6, [fp, #12]
34184426:	f8ca 600c 	str.w	r6, [sl, #12]
3418442a:	6123      	str	r3, [r4, #16]
3418442c:	d00f      	beq.n	3418444e <m55_gf_mat_vec_mul_add_batch4+0xbe>
3418442e:	6903      	ldr	r3, [r0, #16]
34184430:	2d02      	cmp	r5, #2
34184432:	6263      	str	r3, [r4, #36]	@ 0x24
34184434:	6943      	ldr	r3, [r0, #20]
34184436:	6163      	str	r3, [r4, #20]
34184438:	d009      	beq.n	3418444e <m55_gf_mat_vec_mul_add_batch4+0xbe>
3418443a:	6a03      	ldr	r3, [r0, #32]
3418443c:	2d04      	cmp	r5, #4
3418443e:	62a3      	str	r3, [r4, #40]	@ 0x28
34184440:	6a43      	ldr	r3, [r0, #36]	@ 0x24
34184442:	61a3      	str	r3, [r4, #24]
34184444:	d103      	bne.n	3418444e <m55_gf_mat_vec_mul_add_batch4+0xbe>
34184446:	6b03      	ldr	r3, [r0, #48]	@ 0x30
34184448:	62e3      	str	r3, [r4, #44]	@ 0x2c
3418444a:	6b43      	ldr	r3, [r0, #52]	@ 0x34
3418444c:	61e3      	str	r3, [r4, #28]
3418444e:	46cc      	mov	ip, r9
34184450:	2700      	movs	r7, #0
34184452:	ed9b bf00 	vldrw.u32	q5, [fp, #0]
34184456:	ed9a 9f00 	vldrw.u32	q4, [sl, #0]
3418445a:	e9cd 8901 	strd	r8, r9, [sp, #4]
3418445e:	9003      	str	r0, [sp, #12]
34184460:	f007 0201 	and.w	r2, r7, #1
34184464:	0152      	lsls	r2, r2, #5
34184466:	0879      	lsrs	r1, r7, #1
34184468:	ab22      	add	r3, sp, #136	@ 0x88
3418446a:	eb03 03c1 	add.w	r3, r3, r1, lsl #3
3418446e:	f1c2 0e20 	rsb	lr, r2, #32
34184472:	e953 301e 	ldrd	r3, r0, [r3, #-120]	@ 0x78
34184476:	f1a2 0820 	sub.w	r8, r2, #32
3418447a:	fa00 f90e 	lsl.w	r9, r0, lr
3418447e:	40d3      	lsrs	r3, r2
34184480:	ea43 0309 	orr.w	r3, r3, r9
34184484:	fa20 f008 	lsr.w	r0, r0, r8
34184488:	4303      	orrs	r3, r0
3418448a:	2d01      	cmp	r5, #1
3418448c:	e9c4 6601 	strd	r6, r6, [r4, #4]
34184490:	60e6      	str	r6, [r4, #12]
34184492:	6023      	str	r3, [r4, #0]
34184494:	d030      	beq.n	341844f8 <m55_gf_mat_vec_mul_add_batch4+0x168>
34184496:	a822      	add	r0, sp, #136	@ 0x88
34184498:	1c8b      	adds	r3, r1, #2
3418449a:	eb00 03c3 	add.w	r3, r0, r3, lsl #3
3418449e:	e953 301e 	ldrd	r3, r0, [r3, #-120]	@ 0x78
341844a2:	fa00 f90e 	lsl.w	r9, r0, lr
341844a6:	40d3      	lsrs	r3, r2
341844a8:	ea43 0309 	orr.w	r3, r3, r9
341844ac:	fa20 f008 	lsr.w	r0, r0, r8
341844b0:	4303      	orrs	r3, r0
341844b2:	2d02      	cmp	r5, #2
341844b4:	6063      	str	r3, [r4, #4]
341844b6:	d01f      	beq.n	341844f8 <m55_gf_mat_vec_mul_add_batch4+0x168>
341844b8:	a822      	add	r0, sp, #136	@ 0x88
341844ba:	1d0b      	adds	r3, r1, #4
341844bc:	eb00 03c3 	add.w	r3, r0, r3, lsl #3
341844c0:	e953 301e 	ldrd	r3, r0, [r3, #-120]	@ 0x78
341844c4:	fa00 f90e 	lsl.w	r9, r0, lr
341844c8:	40d3      	lsrs	r3, r2
341844ca:	ea43 0309 	orr.w	r3, r3, r9
341844ce:	fa20 f008 	lsr.w	r0, r0, r8
341844d2:	4303      	orrs	r3, r0
341844d4:	2d04      	cmp	r5, #4
341844d6:	60a3      	str	r3, [r4, #8]
341844d8:	d10e      	bne.n	341844f8 <m55_gf_mat_vec_mul_add_batch4+0x168>
341844da:	1d8b      	adds	r3, r1, #6
341844dc:	a922      	add	r1, sp, #136	@ 0x88
341844de:	eb01 03c3 	add.w	r3, r1, r3, lsl #3
341844e2:	e953 311e 	ldrd	r3, r1, [r3, #-120]	@ 0x78
341844e6:	fa01 fe0e 	lsl.w	lr, r1, lr
341844ea:	40d3      	lsrs	r3, r2
341844ec:	ea43 030e 	orr.w	r3, r3, lr
341844f0:	fa21 f108 	lsr.w	r1, r1, r8
341844f4:	430b      	orrs	r3, r1
341844f6:	60e3      	str	r3, [r4, #12]
341844f8:	f04f 0e20 	mov.w	lr, #32
341844fc:	ed94 1f00 	vldrw.u32	q0, [r4, #0]
34184500:	f04e e001 	dls	lr, lr
34184504:	f5ac 7100 	sub.w	r1, ip, #512	@ 0x200
34184508:	ef00 615c 	vand	q3, q0, q6
3418450c:	e9d1 2300 	ldrd	r2, r3, [r1]
34184510:	ffb9 63c6 	vneg.s32	q3, q3
34184514:	eea2 2b10 	vdup.32	q1, r2
34184518:	eea4 3b10 	vdup.32	q2, r3
3418451c:	ef02 2156 	vand	q1, q1, q3
34184520:	ef04 4156 	vand	q2, q2, q3
34184524:	ffbf 0050 	vshr.u32	q0, q0, #1
34184528:	ff0a a152 	veor	q5, q5, q1
3418452c:	ff08 8154 	veor	q4, q4, q2
34184530:	3110      	adds	r1, #16
34184532:	f00f c817 	le	lr, 34184508 <m55_gf_mat_vec_mul_add_batch4+0x178>
34184536:	3701      	adds	r7, #1
34184538:	2f04      	cmp	r7, #4
3418453a:	f50c 7c00 	add.w	ip, ip, #512	@ 0x200
3418453e:	d18f      	bne.n	34184460 <m55_gf_mat_vec_mul_add_batch4+0xd0>
34184540:	e9dd 8901 	ldrd	r8, r9, [sp, #4]
34184544:	9803      	ldr	r0, [sp, #12]
34184546:	ed8b bf00 	vstrw.32	q5, [fp, #0]
3418454a:	ed8a 9f00 	vstrw.32	q4, [sl, #0]
3418454e:	6923      	ldr	r3, [r4, #16]
34184550:	2d01      	cmp	r5, #1
34184552:	6043      	str	r3, [r0, #4]
34184554:	6a23      	ldr	r3, [r4, #32]
34184556:	6003      	str	r3, [r0, #0]
34184558:	d00f      	beq.n	3418457a <m55_gf_mat_vec_mul_add_batch4+0x1ea>
3418455a:	6963      	ldr	r3, [r4, #20]
3418455c:	2d02      	cmp	r5, #2
3418455e:	6143      	str	r3, [r0, #20]
34184560:	6a63      	ldr	r3, [r4, #36]	@ 0x24
34184562:	6103      	str	r3, [r0, #16]
34184564:	d009      	beq.n	3418457a <m55_gf_mat_vec_mul_add_batch4+0x1ea>
34184566:	69a3      	ldr	r3, [r4, #24]
34184568:	2d04      	cmp	r5, #4
3418456a:	6243      	str	r3, [r0, #36]	@ 0x24
3418456c:	6aa3      	ldr	r3, [r4, #40]	@ 0x28
3418456e:	6203      	str	r3, [r0, #32]
34184570:	d103      	bne.n	3418457a <m55_gf_mat_vec_mul_add_batch4+0x1ea>
34184572:	69e3      	ldr	r3, [r4, #28]
34184574:	6343      	str	r3, [r0, #52]	@ 0x34
34184576:	6ae3      	ldr	r3, [r4, #44]	@ 0x2c
34184578:	6303      	str	r3, [r0, #48]	@ 0x30
3418457a:	f108 0301 	add.w	r3, r8, #1
3418457e:	2b02      	cmp	r3, #2
34184580:	f04f 0801 	mov.w	r8, #1
34184584:	f109 0908 	add.w	r9, r9, #8
34184588:	f47f af3e 	bne.w	34184408 <m55_gf_mat_vec_mul_add_batch4+0x78>
3418458c:	b023      	add	sp, #140	@ 0x8c
3418458e:	ecbd 8b0c 	vpop	{d8-d13}
34184592:	e8bd 8ff0 	ldmia.w	sp!, {r4, r5, r6, r7, r8, r9, sl, fp, pc}
34184596:	2504      	movs	r5, #4
34184598:	e70a      	b.n	341843b0 <m55_gf_mat_vec_mul_add_batch4+0x20>
3418459a:	bf00      	nop

3418459c <m55_gf_mat_vec_mul_batch4>:
3418459c:	e92d 4ff0 	stmdb	sp!, {r4, r5, r6, r7, r8, r9, sl, fp, lr}
341845a0:	2b04      	cmp	r3, #4
341845a2:	4698      	mov	r8, r3
341845a4:	4681      	mov	r9, r0
341845a6:	4693      	mov	fp, r2
341845a8:	bf28      	it	cs
341845aa:	f04f 0804 	movcs.w	r8, #4
341845ae:	b091      	sub	sp, #68	@ 0x44
341845b0:	b33b      	cbz	r3, 34184602 <m55_gf_mat_vec_mul_batch4+0x66>
341845b2:	f1b8 0f00 	cmp.w	r8, #0
341845b6:	f04f 0700 	mov.w	r7, #0
341845ba:	bf14      	ite	ne
341845bc:	46c6      	movne	lr, r8
341845be:	f04f 0e01 	moveq.w	lr, #1
341845c2:	460c      	mov	r4, r1
341845c4:	4605      	mov	r5, r0
341845c6:	46ea      	mov	sl, sp
341845c8:	f04e e001 	dls	lr, lr
341845cc:	463e      	mov	r6, r7
341845ce:	6820      	ldr	r0, [r4, #0]
341845d0:	6861      	ldr	r1, [r4, #4]
341845d2:	68a2      	ldr	r2, [r4, #8]
341845d4:	68e3      	ldr	r3, [r4, #12]
341845d6:	eb0a 1c07 	add.w	ip, sl, r7, lsl #4
341845da:	602e      	str	r6, [r5, #0]
341845dc:	606e      	str	r6, [r5, #4]
341845de:	60ae      	str	r6, [r5, #8]
341845e0:	60ee      	str	r6, [r5, #12]
341845e2:	e8ac 000f 	stmia.w	ip!, {r0, r1, r2, r3}
341845e6:	3701      	adds	r7, #1
341845e8:	3410      	adds	r4, #16
341845ea:	3510      	adds	r5, #16
341845ec:	f00f c811 	le	lr, 341845ce <m55_gf_mat_vec_mul_batch4+0x32>
341845f0:	4643      	mov	r3, r8
341845f2:	465a      	mov	r2, fp
341845f4:	4651      	mov	r1, sl
341845f6:	4648      	mov	r0, r9
341845f8:	f7ff feca 	bl	34184390 <m55_gf_mat_vec_mul_add_batch4>
341845fc:	b011      	add	sp, #68	@ 0x44
341845fe:	e8bd 8ff0 	ldmia.w	sp!, {r4, r5, r6, r7, r8, r9, sl, fp, pc}
34184602:	46ea      	mov	sl, sp
34184604:	e7f4      	b.n	341845f0 <m55_gf_mat_vec_mul_batch4+0x54>
34184606:	bf00      	nop

34184608 <samsungsds_aimer_128f_ref_gf_mat_vec_mul>:
34184608:	b530      	push	{r4, r5, lr}
3418460a:	460b      	mov	r3, r1
3418460c:	b085      	sub	sp, #20
3418460e:	4686      	mov	lr, r0
34184610:	2400      	movs	r4, #0
34184612:	4615      	mov	r5, r2
34184614:	46ec      	mov	ip, sp
34184616:	6808      	ldr	r0, [r1, #0]
34184618:	689a      	ldr	r2, [r3, #8]
3418461a:	6849      	ldr	r1, [r1, #4]
3418461c:	68db      	ldr	r3, [r3, #12]
3418461e:	f8ce 4000 	str.w	r4, [lr]
34184622:	e8ac 000f 	stmia.w	ip!, {r0, r1, r2, r3}
34184626:	f8ce 4004 	str.w	r4, [lr, #4]
3418462a:	462a      	mov	r2, r5
3418462c:	4669      	mov	r1, sp
3418462e:	4670      	mov	r0, lr
34184630:	f8ce 4008 	str.w	r4, [lr, #8]
34184634:	f8ce 400c 	str.w	r4, [lr, #12]
34184638:	f7ff fe70 	bl	3418431c <m55_gf_mat_vec_mul_add>
3418463c:	b005      	add	sp, #20
3418463e:	bd30      	pop	{r4, r5, pc}

34184640 <__wrap_samsungsds_aimer_128f_ref_gf_mat_vec_mul_add>:
34184640:	f7ff be6c 	b.w	3418431c <m55_gf_mat_vec_mul_add>

34184644 <__wrap__write>:
34184644:	e92d 41f0 	stmdb	sp!, {r4, r5, r6, r7, r8, lr}
34184648:	3801      	subs	r0, #1
3418464a:	2801      	cmp	r0, #1
3418464c:	b0a0      	sub	sp, #128	@ 0x80
3418464e:	d81c      	bhi.n	3418468a <__wrap__write+0x46>
34184650:	2a00      	cmp	r2, #0
34184652:	4690      	mov	r8, r2
34184654:	dd15      	ble.n	34184682 <__wrap__write+0x3e>
34184656:	460e      	mov	r6, r1
34184658:	4615      	mov	r5, r2
3418465a:	2700      	movs	r7, #0
3418465c:	2d7f      	cmp	r5, #127	@ 0x7f
3418465e:	462c      	mov	r4, r5
34184660:	bfa8      	it	ge
34184662:	247f      	movge	r4, #127	@ 0x7f
34184664:	4631      	mov	r1, r6
34184666:	4668      	mov	r0, sp
34184668:	4622      	mov	r2, r4
3418466a:	f002 ff0f 	bl	3418748c <memcpy>
3418466e:	eb0d 0304 	add.w	r3, sp, r4
34184672:	2004      	movs	r0, #4
34184674:	4669      	mov	r1, sp
34184676:	701f      	strb	r7, [r3, #0]
34184678:	beab      	bkpt	0x00ab
3418467a:	1b2d      	subs	r5, r5, r4
3418467c:	2d00      	cmp	r5, #0
3418467e:	4426      	add	r6, r4
34184680:	dcec      	bgt.n	3418465c <__wrap__write+0x18>
34184682:	4640      	mov	r0, r8
34184684:	b020      	add	sp, #128	@ 0x80
34184686:	e8bd 81f0 	ldmia.w	sp!, {r4, r5, r6, r7, r8, pc}
3418468a:	f002 fea9 	bl	341873e0 <__errno>
3418468e:	2209      	movs	r2, #9
34184690:	4603      	mov	r3, r0
34184692:	f04f 30ff 	mov.w	r0, #4294967295	@ 0xffffffff
34184696:	601a      	str	r2, [r3, #0]
34184698:	e7f4      	b.n	34184684 <__wrap__write+0x40>
3418469a:	bf00      	nop

3418469c <__wrap__read>:
3418469c:	b508      	push	{r3, lr}
3418469e:	f002 fe9f 	bl	341873e0 <__errno>
341846a2:	2258      	movs	r2, #88	@ 0x58
341846a4:	4603      	mov	r3, r0
341846a6:	f04f 30ff 	mov.w	r0, #4294967295	@ 0xffffffff
341846aa:	601a      	str	r2, [r3, #0]
341846ac:	bd08      	pop	{r3, pc}
341846ae:	bf00      	nop

341846b0 <_sbrk>:
341846b0:	4916      	ldr	r1, [pc, #88]	@ (3418470c <_sbrk+0x5c>)
341846b2:	b508      	push	{r3, lr}
341846b4:	680a      	ldr	r2, [r1, #0]
341846b6:	b1fa      	cbz	r2, 341846f8 <_sbrk+0x48>
341846b8:	2800      	cmp	r0, #0
341846ba:	dd10      	ble.n	341846de <_sbrk+0x2e>
341846bc:	f8df c054 	ldr.w	ip, [pc, #84]	@ 34184714 <_sbrk+0x64>
341846c0:	1813      	adds	r3, r2, r0
341846c2:	4563      	cmp	r3, ip
341846c4:	d81a      	bhi.n	341846fc <_sbrk+0x4c>
341846c6:	4618      	mov	r0, r3
341846c8:	f8df c04c 	ldr.w	ip, [pc, #76]	@ 34184718 <_sbrk+0x68>
341846cc:	600b      	str	r3, [r1, #0]
341846ce:	f8dc 3000 	ldr.w	r3, [ip]
341846d2:	4283      	cmp	r3, r0
341846d4:	d201      	bcs.n	341846da <_sbrk+0x2a>
341846d6:	f8cc 0000 	str.w	r0, [ip]
341846da:	4610      	mov	r0, r2
341846dc:	bd08      	pop	{r3, pc}
341846de:	eb02 0300 	add.w	r3, r2, r0
341846e2:	d0f0      	beq.n	341846c6 <_sbrk+0x16>
341846e4:	f8df c028 	ldr.w	ip, [pc, #40]	@ 34184710 <_sbrk+0x60>
341846e8:	4618      	mov	r0, r3
341846ea:	4563      	cmp	r3, ip
341846ec:	d2ec      	bcs.n	341846c8 <_sbrk+0x18>
341846ee:	f002 fe77 	bl	341873e0 <__errno>
341846f2:	2316      	movs	r3, #22
341846f4:	6003      	str	r3, [r0, #0]
341846f6:	e005      	b.n	34184704 <_sbrk+0x54>
341846f8:	4a05      	ldr	r2, [pc, #20]	@ (34184710 <_sbrk+0x60>)
341846fa:	e7dd      	b.n	341846b8 <_sbrk+0x8>
341846fc:	f002 fe70 	bl	341873e0 <__errno>
34184700:	230c      	movs	r3, #12
34184702:	6003      	str	r3, [r0, #0]
34184704:	f04f 32ff 	mov.w	r2, #4294967295	@ 0xffffffff
34184708:	4610      	mov	r0, r2
3418470a:	bd08      	pop	{r3, pc}
3418470c:	341c2ebc 	.word	0x341c2ebc
34184710:	34200000 	.word	0x34200000
34184714:	343c0000 	.word	0x343c0000
34184718:	341c2eb8 	.word	0x341c2eb8

3418471c <SysTick_Handler>:
3418471c:	b500      	push	{lr}
3418471e:	f04f 2ee0 	mov.w	lr, #3758153728	@ 0xe000e000
34184722:	f8df c018 	ldr.w	ip, [pc, #24]	@ 3418473c <SysTick_Handler+0x20>
34184726:	e9dc 2300 	ldrd	r2, r3, [ip]
3418472a:	1c50      	adds	r0, r2, #1
3418472c:	f143 0100 	adc.w	r1, r3, #0
34184730:	e9cc 0100 	strd	r0, r1, [ip]
34184734:	f8de 3010 	ldr.w	r3, [lr, #16]
34184738:	bd00      	pop	{pc}
3418473a:	bf00      	nop
3418473c:	341c2ec0 	.word	0x341c2ec0

34184740 <m55_cycle_count>:
34184740:	4b01      	ldr	r3, [pc, #4]	@ (34184748 <m55_cycle_count+0x8>)
34184742:	6fd8      	ldr	r0, [r3, #124]	@ 0x7c
34184744:	4770      	bx	lr
34184746:	bf00      	nop
34184748:	e0003000 	.word	0xe0003000

3418474c <m55_measure_start>:
3418474c:	f3bf 8f4f 	dsb	sy
34184750:	f3bf 8f6f 	isb	sy
34184754:	4a02      	ldr	r2, [pc, #8]	@ (34184760 <m55_measure_start+0x14>)
34184756:	4b03      	ldr	r3, [pc, #12]	@ (34184764 <m55_measure_start+0x18>)
34184758:	6fd2      	ldr	r2, [r2, #124]	@ 0x7c
3418475a:	601a      	str	r2, [r3, #0]
3418475c:	4770      	bx	lr
3418475e:	bf00      	nop
34184760:	e0003000 	.word	0xe0003000
34184764:	341c2ec8 	.word	0x341c2ec8

34184768 <m55_measure_end>:
34184768:	4a02      	ldr	r2, [pc, #8]	@ (34184774 <m55_measure_end+0xc>)
3418476a:	4b03      	ldr	r3, [pc, #12]	@ (34184778 <m55_measure_end+0x10>)
3418476c:	6fd0      	ldr	r0, [r2, #124]	@ 0x7c
3418476e:	681b      	ldr	r3, [r3, #0]
34184770:	1ac0      	subs	r0, r0, r3
34184772:	4770      	bx	lr
34184774:	e0003000 	.word	0xe0003000
34184778:	341c2ec8 	.word	0x341c2ec8

3418477c <m55_cpu_hz>:
3418477c:	4b01      	ldr	r3, [pc, #4]	@ (34184784 <m55_cpu_hz+0x8>)
3418477e:	6818      	ldr	r0, [r3, #0]
34184780:	4770      	bx	lr
34184782:	bf00      	nop
34184784:	341c0008 	.word	0x341c0008

34184788 <Error_Handler>:
34184788:	2329      	movs	r3, #41	@ 0x29
3418478a:	b500      	push	{lr}
3418478c:	f043 e001 	dls	lr, r3
34184790:	4a04      	ldr	r2, [pc, #16]	@ (341847a4 <Error_Handler+0x1c>)
34184792:	2003      	movs	r0, #3
34184794:	1ad1      	subs	r1, r2, r3
34184796:	beab      	bkpt	0x00ab
34184798:	3b01      	subs	r3, #1
3418479a:	f00f c007 	le	lr, 34184792 <Error_Handler+0xa>
3418479e:	b672      	cpsid	i
341847a0:	bf30      	wfi
341847a2:	e7fd      	b.n	341847a0 <Error_Handler+0x18>
341847a4:	34190119 	.word	0x34190119

341847a8 <__wrap_main>:
341847a8:	b5f0      	push	{r4, r5, r6, r7, lr}
341847aa:	4aad      	ldr	r2, [pc, #692]	@ (34184a60 <__wrap_main+0x2b8>)
341847ac:	b0bd      	sub	sp, #244	@ 0xf4
341847ae:	6953      	ldr	r3, [r2, #20]
341847b0:	f413 3300 	ands.w	r3, r3, #131072	@ 0x20000
341847b4:	d111      	bne.n	341847da <__wrap_main+0x32>
341847b6:	f3bf 8f4f 	dsb	sy
341847ba:	f3bf 8f6f 	isb	sy
341847be:	f8c2 3250 	str.w	r3, [r2, #592]	@ 0x250
341847c2:	f3bf 8f4f 	dsb	sy
341847c6:	f3bf 8f6f 	isb	sy
341847ca:	6953      	ldr	r3, [r2, #20]
341847cc:	f443 3300 	orr.w	r3, r3, #131072	@ 0x20000
341847d0:	6153      	str	r3, [r2, #20]
341847d2:	f3bf 8f4f 	dsb	sy
341847d6:	f3bf 8f6f 	isb	sy
341847da:	48a1      	ldr	r0, [pc, #644]	@ (34184a60 <__wrap_main+0x2b8>)
341847dc:	6943      	ldr	r3, [r0, #20]
341847de:	f413 3380 	ands.w	r3, r3, #65536	@ 0x10000
341847e2:	d12a      	bne.n	3418483a <__wrap_main+0x92>
341847e4:	f8c0 3084 	str.w	r3, [r0, #132]	@ 0x84
341847e8:	f3bf 8f4f 	dsb	sy
341847ec:	f643 75e0 	movw	r5, #16352	@ 0x3fe0
341847f0:	f8d0 4080 	ldr.w	r4, [r0, #128]	@ 0x80
341847f4:	f3c4 3c4e 	ubfx	ip, r4, #13, #15
341847f8:	ea4f 1c4c 	mov.w	ip, ip, lsl #5
341847fc:	f3c4 04c9 	ubfx	r4, r4, #3, #10
34184800:	f104 0e01 	add.w	lr, r4, #1
34184804:	4623      	mov	r3, r4
34184806:	f04e e001 	dls	lr, lr
3418480a:	ea0c 0105 	and.w	r1, ip, r5
3418480e:	ea41 7283 	orr.w	r2, r1, r3, lsl #30
34184812:	f8c0 2260 	str.w	r2, [r0, #608]	@ 0x260
34184816:	3b01      	subs	r3, #1
34184818:	f00f c807 	le	lr, 3418480e <__wrap_main+0x66>
3418481c:	f1ac 0c20 	sub.w	ip, ip, #32
34184820:	f11c 0f20 	cmn.w	ip, #32
34184824:	d1ec      	bne.n	34184800 <__wrap_main+0x58>
34184826:	f3bf 8f4f 	dsb	sy
3418482a:	6943      	ldr	r3, [r0, #20]
3418482c:	f443 3380 	orr.w	r3, r3, #65536	@ 0x10000
34184830:	6143      	str	r3, [r0, #20]
34184832:	f3bf 8f4f 	dsb	sy
34184836:	f3bf 8f6f 	isb	sy
3418483a:	f000 fbeb 	bl	34185014 <HAL_Init>
3418483e:	4604      	mov	r4, r0
34184840:	b108      	cbz	r0, 34184846 <__wrap_main+0x9e>
34184842:	f7ff ffa1 	bl	34184788 <Error_Handler>
34184846:	4601      	mov	r1, r0
34184848:	2298      	movs	r2, #152	@ 0x98
3418484a:	a816      	add	r0, sp, #88	@ 0x58
3418484c:	f002 fd72 	bl	34187334 <memset>
34184850:	2240      	movs	r2, #64	@ 0x40
34184852:	4621      	mov	r1, r4
34184854:	a806      	add	r0, sp, #24
34184856:	f002 fd6d 	bl	34187334 <memset>
3418485a:	4620      	mov	r0, r4
3418485c:	f000 fc50 	bl	34185100 <HAL_PWREx_ConfigSupply>
34184860:	2800      	cmp	r0, #0
34184862:	d1ee      	bne.n	34184842 <__wrap_main+0x9a>
34184864:	f000 fc66 	bl	34185134 <HAL_PWREx_ControlVoltageScaling>
34184868:	4603      	mov	r3, r0
3418486a:	2800      	cmp	r0, #0
3418486c:	d1e9      	bne.n	34184842 <__wrap_main+0x9a>
3418486e:	2102      	movs	r1, #2
34184870:	2208      	movs	r2, #8
34184872:	a816      	add	r0, sp, #88	@ 0x58
34184874:	e9cd 331a 	strd	r3, r3, [sp, #104]	@ 0x68
34184878:	9320      	str	r3, [sp, #128]	@ 0x80
3418487a:	9327      	str	r3, [sp, #156]	@ 0x9c
3418487c:	932e      	str	r3, [sp, #184]	@ 0xb8
3418487e:	9335      	str	r3, [sp, #212]	@ 0xd4
34184880:	9116      	str	r1, [sp, #88]	@ 0x58
34184882:	9219      	str	r2, [sp, #100]	@ 0x64
34184884:	f000 fda6 	bl	341853d4 <HAL_RCC_OscConfig>
34184888:	2800      	cmp	r0, #0
3418488a:	d1da      	bne.n	34184842 <__wrap_main+0x9a>
3418488c:	a806      	add	r0, sp, #24
3418488e:	f001 fc39 	bl	34186104 <HAL_RCC_GetClockConfig>
34184892:	9b07      	ldr	r3, [sp, #28]
34184894:	f5b3 3f40 	cmp.w	r3, #196608	@ 0x30000
34184898:	f000 80d3 	beq.w	34184a42 <__wrap_main+0x29a>
3418489c:	9b08      	ldr	r3, [sp, #32]
3418489e:	f1b3 7f40 	cmp.w	r3, #50331648	@ 0x3000000
341848a2:	f000 80ce 	beq.w	34184a42 <__wrap_main+0x29a>
341848a6:	2100      	movs	r1, #0
341848a8:	2298      	movs	r2, #152	@ 0x98
341848aa:	a816      	add	r0, sp, #88	@ 0x58
341848ac:	f002 fd42 	bl	34187334 <memset>
341848b0:	2501      	movs	r5, #1
341848b2:	234b      	movs	r3, #75	@ 0x4b
341848b4:	2402      	movs	r4, #2
341848b6:	2704      	movs	r7, #4
341848b8:	a816      	add	r0, sp, #88	@ 0x58
341848ba:	9525      	str	r5, [sp, #148]	@ 0x94
341848bc:	9420      	str	r4, [sp, #128]	@ 0x80
341848be:	9722      	str	r7, [sp, #136]	@ 0x88
341848c0:	9324      	str	r3, [sp, #144]	@ 0x90
341848c2:	9526      	str	r5, [sp, #152]	@ 0x98
341848c4:	f000 fd86 	bl	341853d4 <HAL_RCC_OscConfig>
341848c8:	4601      	mov	r1, r0
341848ca:	2800      	cmp	r0, #0
341848cc:	d1b9      	bne.n	34184842 <__wrap_main+0x9a>
341848ce:	222c      	movs	r2, #44	@ 0x2c
341848d0:	a80a      	add	r0, sp, #40	@ 0x28
341848d2:	f002 fd2f 	bl	34187334 <memset>
341848d6:	237f      	movs	r3, #127	@ 0x7f
341848d8:	f44f 3240 	mov.w	r2, #196608	@ 0x30000
341848dc:	2603      	movs	r6, #3
341848de:	9207      	str	r2, [sp, #28]
341848e0:	9306      	str	r3, [sp, #24]
341848e2:	f44f 1280 	mov.w	r2, #1048576	@ 0x100000
341848e6:	f04f 7340 	mov.w	r3, #50331648	@ 0x3000000
341848ea:	a806      	add	r0, sp, #24
341848ec:	e9cd 3208 	strd	r3, r2, [sp, #32]
341848f0:	940f      	str	r4, [sp, #60]	@ 0x3c
341848f2:	9611      	str	r6, [sp, #68]	@ 0x44
341848f4:	9713      	str	r7, [sp, #76]	@ 0x4c
341848f6:	9615      	str	r6, [sp, #84]	@ 0x54
341848f8:	f001 fa88 	bl	34185e0c <HAL_RCC_ClockConfig>
341848fc:	2800      	cmp	r0, #0
341848fe:	d1a0      	bne.n	34184842 <__wrap_main+0x9a>
34184900:	2280      	movs	r2, #128	@ 0x80
34184902:	f44f 7c80 	mov.w	ip, #256	@ 0x100
34184906:	2108      	movs	r1, #8
34184908:	4b56      	ldr	r3, [pc, #344]	@ (34184a64 <__wrap_main+0x2bc>)
3418490a:	f8c3 2a4c 	str.w	r2, [r3, #2636]	@ 0xa4c
3418490e:	f44f 5280 	mov.w	r2, #4096	@ 0x1000
34184912:	f8d3 e24c 	ldr.w	lr, [r3, #588]	@ 0x24c
34184916:	f8cd e058 	str.w	lr, [sp, #88]	@ 0x58
3418491a:	f8dd e058 	ldr.w	lr, [sp, #88]	@ 0x58
3418491e:	f8c3 ca4c 	str.w	ip, [r3, #2636]	@ 0xa4c
34184922:	f8d3 c24c 	ldr.w	ip, [r3, #588]	@ 0x24c
34184926:	f8cd c018 	str.w	ip, [sp, #24]
3418492a:	f8dd c018 	ldr.w	ip, [sp, #24]
3418492e:	f8c3 5a4c 	str.w	r5, [r3, #2636]	@ 0xa4c
34184932:	f8d3 c24c 	ldr.w	ip, [r3, #588]	@ 0x24c
34184936:	f8cd c014 	str.w	ip, [sp, #20]
3418493a:	f8dd c014 	ldr.w	ip, [sp, #20]
3418493e:	f8c3 4a4c 	str.w	r4, [r3, #2636]	@ 0xa4c
34184942:	f8d3 c24c 	ldr.w	ip, [r3, #588]	@ 0x24c
34184946:	f8cd c010 	str.w	ip, [sp, #16]
3418494a:	f8dd c010 	ldr.w	ip, [sp, #16]
3418494e:	f8c3 7a4c 	str.w	r7, [r3, #2636]	@ 0xa4c
34184952:	f8d3 724c 	ldr.w	r7, [r3, #588]	@ 0x24c
34184956:	9703      	str	r7, [sp, #12]
34184958:	9f03      	ldr	r7, [sp, #12]
3418495a:	f8c3 1a4c 	str.w	r1, [r3, #2636]	@ 0xa4c
3418495e:	f8d3 124c 	ldr.w	r1, [r3, #588]	@ 0x24c
34184962:	9102      	str	r1, [sp, #8]
34184964:	9902      	ldr	r1, [sp, #8]
34184966:	f8c3 2a54 	str.w	r2, [r3, #2644]	@ 0xa54
3418496a:	f8d3 3254 	ldr.w	r3, [r3, #596]	@ 0x254
3418496e:	9301      	str	r3, [sp, #4]
34184970:	4b3d      	ldr	r3, [pc, #244]	@ (34184a68 <__wrap_main+0x2c0>)
34184972:	9a01      	ldr	r2, [sp, #4]
34184974:	681a      	ldr	r2, [r3, #0]
34184976:	f422 1280 	bic.w	r2, r2, #1048576	@ 0x100000
3418497a:	601a      	str	r2, [r3, #0]
3418497c:	f8d3 2080 	ldr.w	r2, [r3, #128]	@ 0x80
34184980:	f422 1280 	bic.w	r2, r2, #1048576	@ 0x100000
34184984:	f8c3 2080 	str.w	r2, [r3, #128]	@ 0x80
34184988:	f8d3 2100 	ldr.w	r2, [r3, #256]	@ 0x100
3418498c:	f422 1280 	bic.w	r2, r2, #1048576	@ 0x100000
34184990:	f8c3 2100 	str.w	r2, [r3, #256]	@ 0x100
34184994:	f8d3 2180 	ldr.w	r2, [r3, #384]	@ 0x180
34184998:	f422 1280 	bic.w	r2, r2, #1048576	@ 0x100000
3418499c:	f8c3 2180 	str.w	r2, [r3, #384]	@ 0x180
341849a0:	f3bf 8f4f 	dsb	sy
341849a4:	f3bf 8f6f 	isb	sy
341849a8:	f04f 23e0 	mov.w	r3, #3758153728	@ 0xe000e000
341849ac:	6118      	str	r0, [r3, #16]
341849ae:	b672      	cpsid	i
341849b0:	492b      	ldr	r1, [pc, #172]	@ (34184a60 <__wrap_main+0x2b8>)
341849b2:	f5a3 4330 	sub.w	r3, r3, #45056	@ 0xb000
341849b6:	f8d1 20fc 	ldr.w	r2, [r1, #252]	@ 0xfc
341849ba:	482c      	ldr	r0, [pc, #176]	@ (34184a6c <__wrap_main+0x2c4>)
341849bc:	f042 7280 	orr.w	r2, r2, #16777216	@ 0x1000000
341849c0:	f8c1 20fc 	str.w	r2, [r1, #252]	@ 0xfc
341849c4:	f8d3 2e04 	ldr.w	r2, [r3, #3588]	@ 0xe04
341849c8:	4929      	ldr	r1, [pc, #164]	@ (34184a70 <__wrap_main+0x2c8>)
341849ca:	f022 0201 	bic.w	r2, r2, #1
341849ce:	f8c3 2e04 	str.w	r2, [r3, #3588]	@ 0xe04
341849d2:	f8d3 2e04 	ldr.w	r2, [r3, #3588]	@ 0xe04
341849d6:	f042 0204 	orr.w	r2, r2, #4
341849da:	f8c3 2e04 	str.w	r2, [r3, #3588]	@ 0xe04
341849de:	f8c3 5400 	str.w	r5, [r3, #1024]	@ 0x400
341849e2:	f8c3 6404 	str.w	r6, [r3, #1028]	@ 0x404
341849e6:	f8d3 2e04 	ldr.w	r2, [r3, #3588]	@ 0xe04
341849ea:	4322      	orrs	r2, r4
341849ec:	f8c3 2e04 	str.w	r2, [r3, #3588]	@ 0xe04
341849f0:	f8d3 2e04 	ldr.w	r2, [r3, #3588]	@ 0xe04
341849f4:	432a      	orrs	r2, r5
341849f6:	f8c3 2e04 	str.w	r2, [r3, #3588]	@ 0xe04
341849fa:	f8c3 1c00 	str.w	r1, [r3, #3072]	@ 0xc00
341849fe:	f002 fa75 	bl	34186eec <puts>
34184a02:	4b1c      	ldr	r3, [pc, #112]	@ (34184a74 <__wrap_main+0x2cc>)
34184a04:	4a1c      	ldr	r2, [pc, #112]	@ (34184a78 <__wrap_main+0x2d0>)
34184a06:	6c5b      	ldr	r3, [r3, #68]	@ 0x44
34184a08:	6811      	ldr	r1, [r2, #0]
34184a0a:	f403 6370 	and.w	r3, r3, #3840	@ 0xf00
34184a0e:	f5b3 7f00 	cmp.w	r3, #512	@ 0x200
34184a12:	d022      	beq.n	34184a5a <__wrap_main+0x2b2>
34184a14:	f5a3 7380 	sub.w	r3, r3, #256	@ 0x100
34184a18:	425a      	negs	r2, r3
34184a1a:	415a      	adcs	r2, r3
34184a1c:	4817      	ldr	r0, [pc, #92]	@ (34184a7c <__wrap_main+0x2d4>)
34184a1e:	f002 f9f1 	bl	34186e04 <printf>
34184a22:	f7fd fe8b 	bl	3418273c <main>
34184a26:	4601      	mov	r1, r0
34184a28:	4815      	ldr	r0, [pc, #84]	@ (34184a80 <__wrap_main+0x2d8>)
34184a2a:	f002 f9eb 	bl	34186e04 <printf>
34184a2e:	4b15      	ldr	r3, [pc, #84]	@ (34184a84 <__wrap_main+0x2dc>)
34184a30:	681b      	ldr	r3, [r3, #0]
34184a32:	6898      	ldr	r0, [r3, #8]
34184a34:	f002 fb34 	bl	341870a0 <fflush>
34184a38:	2018      	movs	r0, #24
34184a3a:	4913      	ldr	r1, [pc, #76]	@ (34184a88 <__wrap_main+0x2e0>)
34184a3c:	beab      	bkpt	0x00ab
34184a3e:	bf30      	wfi
34184a40:	e7fd      	b.n	34184a3e <__wrap_main+0x296>
34184a42:	2300      	movs	r3, #0
34184a44:	2203      	movs	r2, #3
34184a46:	a806      	add	r0, sp, #24
34184a48:	e9cd 2306 	strd	r2, r3, [sp, #24]
34184a4c:	9308      	str	r3, [sp, #32]
34184a4e:	f001 f9dd 	bl	34185e0c <HAL_RCC_ClockConfig>
34184a52:	2800      	cmp	r0, #0
34184a54:	f43f af27 	beq.w	341848a6 <__wrap_main+0xfe>
34184a58:	e6f3      	b.n	34184842 <__wrap_main+0x9a>
34184a5a:	4622      	mov	r2, r4
34184a5c:	e7de      	b.n	34184a1c <__wrap_main+0x274>
34184a5e:	bf00      	nop
34184a60:	e000ed00 	.word	0xe000ed00
34184a64:	56028000 	.word	0x56028000
34184a68:	52023100 	.word	0x52023100
34184a6c:	3418fe1c 	.word	0x3418fe1c
34184a70:	80000003 	.word	0x80000003
34184a74:	e000ef00 	.word	0xe000ef00
34184a78:	341c0008 	.word	0x341c0008
34184a7c:	3418fe38 	.word	0x3418fe38
34184a80:	3418fe64 	.word	0x3418fe64
34184a84:	341c0434 	.word	0x341c0434
34184a88:	00020026 	.word	0x00020026

34184a8c <SystemInit>:
34184a8c:	e92d 41f0 	stmdb	sp!, {r4, r5, r6, r7, r8, lr}
34184a90:	2200      	movs	r2, #0
34184a92:	2001      	movs	r0, #1
34184a94:	2502      	movs	r5, #2
34184a96:	4953      	ldr	r1, [pc, #332]	@ (34184be4 <SystemInit+0x158>)
34184a98:	4b53      	ldr	r3, [pc, #332]	@ (34184be8 <SystemInit+0x15c>)
34184a9a:	4c54      	ldr	r4, [pc, #336]	@ (34184bec <SystemInit+0x160>)
34184a9c:	f501 5c80 	add.w	ip, r1, #4096	@ 0x1000
34184aa0:	609c      	str	r4, [r3, #8]
34184aa2:	f04f 0e04 	mov.w	lr, #4
34184aa6:	f8c1 0a18 	str.w	r0, [r1, #2584]	@ 0xa18
34184aaa:	2705      	movs	r7, #5
34184aac:	f8cc 0218 	str.w	r0, [ip, #536]	@ 0x218
34184ab0:	2606      	movs	r6, #6
34184ab2:	f8cc 0258 	str.w	r0, [ip, #600]	@ 0x258
34184ab6:	f04f 0807 	mov.w	r8, #7
34184aba:	f8c3 20d8 	str.w	r2, [r3, #216]	@ 0xd8
34184abe:	f8c3 20dc 	str.w	r2, [r3, #220]	@ 0xdc
34184ac2:	f8c3 20e0 	str.w	r2, [r3, #224]	@ 0xe0
34184ac6:	f8c3 00d8 	str.w	r0, [r3, #216]	@ 0xd8
34184aca:	f8c3 20dc 	str.w	r2, [r3, #220]	@ 0xdc
34184ace:	f8c3 20e0 	str.w	r2, [r3, #224]	@ 0xe0
34184ad2:	f8c3 50d8 	str.w	r5, [r3, #216]	@ 0xd8
34184ad6:	2503      	movs	r5, #3
34184ad8:	f240 2487 	movw	r4, #647	@ 0x287
34184adc:	f8c3 20dc 	str.w	r2, [r3, #220]	@ 0xdc
34184ae0:	f8c3 20e0 	str.w	r2, [r3, #224]	@ 0xe0
34184ae4:	f8c3 50d8 	str.w	r5, [r3, #216]	@ 0xd8
34184ae8:	f8c3 20dc 	str.w	r2, [r3, #220]	@ 0xdc
34184aec:	f8c3 20e0 	str.w	r2, [r3, #224]	@ 0xe0
34184af0:	f8c3 e0d8 	str.w	lr, [r3, #216]	@ 0xd8
34184af4:	f8c3 20dc 	str.w	r2, [r3, #220]	@ 0xdc
34184af8:	f8c3 20e0 	str.w	r2, [r3, #224]	@ 0xe0
34184afc:	f8c3 70d8 	str.w	r7, [r3, #216]	@ 0xd8
34184b00:	f8c3 20dc 	str.w	r2, [r3, #220]	@ 0xdc
34184b04:	f8c3 20e0 	str.w	r2, [r3, #224]	@ 0xe0
34184b08:	f8c3 60d8 	str.w	r6, [r3, #216]	@ 0xd8
34184b0c:	f8c3 20dc 	str.w	r2, [r3, #220]	@ 0xdc
34184b10:	f8c3 20e0 	str.w	r2, [r3, #224]	@ 0xe0
34184b14:	f8c3 80d8 	str.w	r8, [r3, #216]	@ 0xd8
34184b18:	f8c3 20dc 	str.w	r2, [r3, #220]	@ 0xdc
34184b1c:	f8c3 20e0 	str.w	r2, [r3, #224]	@ 0xe0
34184b20:	f8c1 0a78 	str.w	r0, [r1, #2680]	@ 0xa78
34184b24:	f8df e0cc 	ldr.w	lr, [pc, #204]	@ 34184bf4 <SystemInit+0x168>
34184b28:	f8d1 2278 	ldr.w	r2, [r1, #632]	@ 0x278
34184b2c:	689a      	ldr	r2, [r3, #8]
34184b2e:	f44f 5540 	mov.w	r5, #12288	@ 0x3000
34184b32:	f8ce 2010 	str.w	r2, [lr, #16]
34184b36:	4a2e      	ldr	r2, [pc, #184]	@ (34184bf0 <SystemInit+0x164>)
34184b38:	2640      	movs	r6, #64	@ 0x40
34184b3a:	6b57      	ldr	r7, [r2, #52]	@ 0x34
34184b3c:	f447 7780 	orr.w	r7, r7, #256	@ 0x100
34184b40:	6357      	str	r7, [r2, #52]	@ 0x34
34184b42:	6b97      	ldr	r7, [r2, #56]	@ 0x38
34184b44:	f447 7780 	orr.w	r7, r7, #256	@ 0x100
34184b48:	6397      	str	r7, [r2, #56]	@ 0x38
34184b4a:	6bd7      	ldr	r7, [r2, #60]	@ 0x3c
34184b4c:	f447 7740 	orr.w	r7, r7, #768	@ 0x300
34184b50:	63d7      	str	r7, [r2, #60]	@ 0x3c
34184b52:	f8ce 4054 	str.w	r4, [lr, #84]	@ 0x54
34184b56:	f8ce 405c 	str.w	r4, [lr, #92]	@ 0x5c
34184b5a:	f8ce 4044 	str.w	r4, [lr, #68]	@ 0x44
34184b5e:	f8ce 404c 	str.w	r4, [lr, #76]	@ 0x4c
34184b62:	f8ce 4064 	str.w	r4, [lr, #100]	@ 0x64
34184b66:	6bd4      	ldr	r4, [r2, #60]	@ 0x3c
34184b68:	f444 5480 	orr.w	r4, r4, #4096	@ 0x1000
34184b6c:	63d4      	str	r4, [r2, #60]	@ 0x3c
34184b6e:	6bd4      	ldr	r4, [r2, #60]	@ 0x3c
34184b70:	f044 0410 	orr.w	r4, r4, #16
34184b74:	63d4      	str	r4, [r2, #60]	@ 0x3c
34184b76:	6bd2      	ldr	r2, [r2, #60]	@ 0x3c
34184b78:	f8d1 2274 	ldr.w	r2, [r1, #628]	@ 0x274
34184b7c:	f442 4200 	orr.w	r2, r2, #32768	@ 0x8000
34184b80:	f8c1 2274 	str.w	r2, [r1, #628]	@ 0x274
34184b84:	f8d1 2278 	ldr.w	r2, [r1, #632]	@ 0x278
34184b88:	f042 0210 	orr.w	r2, r2, #16
34184b8c:	f8c1 2278 	str.w	r2, [r1, #632]	@ 0x278
34184b90:	f8d1 2278 	ldr.w	r2, [r1, #632]	@ 0x278
34184b94:	f8d1 2278 	ldr.w	r2, [r1, #632]	@ 0x278
34184b98:	f022 0210 	bic.w	r2, r2, #16
34184b9c:	f8c1 2278 	str.w	r2, [r1, #632]	@ 0x278
34184ba0:	f8c1 5a20 	str.w	r5, [r1, #2592]	@ 0xa20
34184ba4:	f8cc 5220 	str.w	r5, [ip, #544]	@ 0x220
34184ba8:	f8c1 0a24 	str.w	r0, [r1, #2596]	@ 0xa24
34184bac:	f8cc 0224 	str.w	r0, [ip, #548]	@ 0x224
34184bb0:	f8cc 0264 	str.w	r0, [ip, #612]	@ 0x264
34184bb4:	f8cc 625c 	str.w	r6, [ip, #604]	@ 0x25c
34184bb8:	f8de 2010 	ldr.w	r2, [lr, #16]
34184bbc:	f8cc 0278 	str.w	r0, [ip, #632]	@ 0x278
34184bc0:	f8d3 2088 	ldr.w	r2, [r3, #136]	@ 0x88
34184bc4:	f101 410a 	add.w	r1, r1, #2315255808	@ 0x8a000000
34184bc8:	f442 0270 	orr.w	r2, r2, #15728640	@ 0xf00000
34184bcc:	f501 41da 	add.w	r1, r1, #27904	@ 0x6d00
34184bd0:	f8c3 2088 	str.w	r2, [r3, #136]	@ 0x88
34184bd4:	f8d1 3088 	ldr.w	r3, [r1, #136]	@ 0x88
34184bd8:	f443 0370 	orr.w	r3, r3, #15728640	@ 0xf00000
34184bdc:	f8c1 3088 	str.w	r3, [r1, #136]	@ 0x88
34184be0:	e8bd 81f0 	ldmia.w	sp!, {r4, r5, r6, r7, r8, pc}
34184be4:	56028000 	.word	0x56028000
34184be8:	e000ed00 	.word	0xe000ed00
34184bec:	34180400 	.word	0x34180400
34184bf0:	56024800 	.word	0x56024800
34184bf4:	56008000 	.word	0x56008000

34184bf8 <SystemCoreClockUpdate>:
34184bf8:	4a70      	ldr	r2, [pc, #448]	@ (34184dbc <SystemCoreClockUpdate+0x1c4>)
34184bfa:	6a13      	ldr	r3, [r2, #32]
34184bfc:	f403 1340 	and.w	r3, r3, #3145728	@ 0x300000
34184c00:	f5b3 1f00 	cmp.w	r3, #2097152	@ 0x200000
34184c04:	d03a      	beq.n	34184c7c <SystemCoreClockUpdate+0x84>
34184c06:	d808      	bhi.n	34184c1a <SystemCoreClockUpdate+0x22>
34184c08:	2b00      	cmp	r3, #0
34184c0a:	d03b      	beq.n	34184c84 <SystemCoreClockUpdate+0x8c>
34184c0c:	6c53      	ldr	r3, [r2, #68]	@ 0x44
34184c0e:	0598      	lsls	r0, r3, #22
34184c10:	d444      	bmi.n	34184c9c <SystemCoreClockUpdate+0xa4>
34184c12:	4b6b      	ldr	r3, [pc, #428]	@ (34184dc0 <SystemCoreClockUpdate+0x1c8>)
34184c14:	4a6b      	ldr	r2, [pc, #428]	@ (34184dc4 <SystemCoreClockUpdate+0x1cc>)
34184c16:	6013      	str	r3, [r2, #0]
34184c18:	4770      	bx	lr
34184c1a:	f5b3 1f40 	cmp.w	r3, #3145728	@ 0x300000
34184c1e:	d139      	bne.n	34184c94 <SystemCoreClockUpdate+0x9c>
34184c20:	f8d2 30c4 	ldr.w	r3, [r2, #196]	@ 0xc4
34184c24:	f003 5340 	and.w	r3, r3, #805306368	@ 0x30000000
34184c28:	f1b3 5f80 	cmp.w	r3, #268435456	@ 0x10000000
34184c2c:	d03a      	beq.n	34184ca4 <SystemCoreClockUpdate+0xac>
34184c2e:	f1b3 5f00 	cmp.w	r3, #536870912	@ 0x20000000
34184c32:	f000 8087 	beq.w	34184d44 <SystemCoreClockUpdate+0x14c>
34184c36:	2b00      	cmp	r3, #0
34184c38:	d179      	bne.n	34184d2e <SystemCoreClockUpdate+0x136>
34184c3a:	f8d2 3080 	ldr.w	r3, [r2, #128]	@ 0x80
34184c3e:	0119      	lsls	r1, r3, #4
34184c40:	f003 40e0 	and.w	r0, r3, #1879048192	@ 0x70000000
34184c44:	f140 808a 	bpl.w	34184d5c <SystemCoreClockUpdate+0x164>
34184c48:	f1b0 5f00 	cmp.w	r0, #536870912	@ 0x20000000
34184c4c:	f000 809d 	beq.w	34184d8a <SystemCoreClockUpdate+0x192>
34184c50:	f200 8090 	bhi.w	34184d74 <SystemCoreClockUpdate+0x17c>
34184c54:	2800      	cmp	r0, #0
34184c56:	f000 8086 	beq.w	34184d66 <SystemCoreClockUpdate+0x16e>
34184c5a:	4b58      	ldr	r3, [pc, #352]	@ (34184dbc <SystemCoreClockUpdate+0x1c4>)
34184c5c:	6c5b      	ldr	r3, [r3, #68]	@ 0x44
34184c5e:	059b      	lsls	r3, r3, #22
34184c60:	f100 80a1 	bmi.w	34184da6 <SystemCoreClockUpdate+0x1ae>
34184c64:	4b56      	ldr	r3, [pc, #344]	@ (34184dc0 <SystemCoreClockUpdate+0x1c8>)
34184c66:	4a55      	ldr	r2, [pc, #340]	@ (34184dbc <SystemCoreClockUpdate+0x1c4>)
34184c68:	f8d2 20c4 	ldr.w	r2, [r2, #196]	@ 0xc4
34184c6c:	f3c2 4207 	ubfx	r2, r2, #16, #8
34184c70:	3201      	adds	r2, #1
34184c72:	fbb3 f3f2 	udiv	r3, r3, r2
34184c76:	4a53      	ldr	r2, [pc, #332]	@ (34184dc4 <SystemCoreClockUpdate+0x1cc>)
34184c78:	6013      	str	r3, [r2, #0]
34184c7a:	4770      	bx	lr
34184c7c:	4b52      	ldr	r3, [pc, #328]	@ (34184dc8 <SystemCoreClockUpdate+0x1d0>)
34184c7e:	4a51      	ldr	r2, [pc, #324]	@ (34184dc4 <SystemCoreClockUpdate+0x1cc>)
34184c80:	6013      	str	r3, [r2, #0]
34184c82:	4770      	bx	lr
34184c84:	6c92      	ldr	r2, [r2, #72]	@ 0x48
34184c86:	4b51      	ldr	r3, [pc, #324]	@ (34184dcc <SystemCoreClockUpdate+0x1d4>)
34184c88:	f3c2 12c1 	ubfx	r2, r2, #7, #2
34184c8c:	40d3      	lsrs	r3, r2
34184c8e:	4a4d      	ldr	r2, [pc, #308]	@ (34184dc4 <SystemCoreClockUpdate+0x1cc>)
34184c90:	6013      	str	r3, [r2, #0]
34184c92:	4770      	bx	lr
34184c94:	2300      	movs	r3, #0
34184c96:	4a4b      	ldr	r2, [pc, #300]	@ (34184dc4 <SystemCoreClockUpdate+0x1cc>)
34184c98:	6013      	str	r3, [r2, #0]
34184c9a:	4770      	bx	lr
34184c9c:	4b4c      	ldr	r3, [pc, #304]	@ (34184dd0 <SystemCoreClockUpdate+0x1d8>)
34184c9e:	4a49      	ldr	r2, [pc, #292]	@ (34184dc4 <SystemCoreClockUpdate+0x1cc>)
34184ca0:	6013      	str	r3, [r2, #0]
34184ca2:	4770      	bx	lr
34184ca4:	f8d2 3090 	ldr.w	r3, [r2, #144]	@ 0x90
34184ca8:	0119      	lsls	r1, r3, #4
34184caa:	f003 40e0 	and.w	r0, r3, #1879048192	@ 0x70000000
34184cae:	d4cb      	bmi.n	34184c48 <SystemCoreClockUpdate+0x50>
34184cb0:	f8d2 1094 	ldr.w	r1, [r2, #148]	@ 0x94
34184cb4:	f8d2 2098 	ldr.w	r2, [r2, #152]	@ 0x98
34184cb8:	f021 417f 	bic.w	r1, r1, #4278190080	@ 0xff000000
34184cbc:	f3c3 5c05 	ubfx	ip, r3, #20, #6
34184cc0:	ee07 1a10 	vmov	s14, r1
34184cc4:	f1b0 5f00 	cmp.w	r0, #536870912	@ 0x20000000
34184cc8:	f3c2 61c2 	ubfx	r1, r2, #27, #3
34184ccc:	f3c2 6202 	ubfx	r2, r2, #24, #3
34184cd0:	ee05 ca90 	vmov	s11, ip
34184cd4:	ee06 1a10 	vmov	s12, r1
34184cd8:	ee06 2a90 	vmov	s13, r2
34184cdc:	f3c3 230b 	ubfx	r3, r3, #8, #12
34184ce0:	d05e      	beq.n	34184da0 <SystemCoreClockUpdate+0x1a8>
34184ce2:	d84c      	bhi.n	34184d7e <SystemCoreClockUpdate+0x186>
34184ce4:	2800      	cmp	r0, #0
34184ce6:	d052      	beq.n	34184d8e <SystemCoreClockUpdate+0x196>
34184ce8:	4a34      	ldr	r2, [pc, #208]	@ (34184dbc <SystemCoreClockUpdate+0x1c4>)
34184cea:	6c52      	ldr	r2, [r2, #68]	@ 0x44
34184cec:	0592      	lsls	r2, r2, #22
34184cee:	d561      	bpl.n	34184db4 <SystemCoreClockUpdate+0x1bc>
34184cf0:	ed9f 5a37 	vldr	s10, [pc, #220]	@ 34184dd0 <SystemCoreClockUpdate+0x1d8>
34184cf4:	eeb8 5ac5 	vcvt.f32.s32	s10, s10
34184cf8:	ee07 3a90 	vmov	s15, r3
34184cfc:	eeba 7ac4 	vcvt.f32.s32	s14, s14, #24
34184d00:	eef8 7ae7 	vcvt.f32.s32	s15, s15
34184d04:	ee77 7a27 	vadd.f32	s15, s14, s15
34184d08:	eef8 6ae6 	vcvt.f32.s32	s13, s13
34184d0c:	ee67 7a85 	vmul.f32	s15, s15, s10
34184d10:	eef8 5ae5 	vcvt.f32.s32	s11, s11
34184d14:	eeb8 6ac6 	vcvt.f32.s32	s12, s12
34184d18:	ee26 7a26 	vmul.f32	s14, s12, s13
34184d1c:	eec7 6aa5 	vdiv.f32	s13, s15, s11
34184d20:	eec6 7a87 	vdiv.f32	s15, s13, s14
34184d24:	eefc 7ae7 	vcvt.u32.f32	s15, s15
34184d28:	ee17 3a90 	vmov	r3, s15
34184d2c:	e79b      	b.n	34184c66 <SystemCoreClockUpdate+0x6e>
34184d2e:	f8d2 30b0 	ldr.w	r3, [r2, #176]	@ 0xb0
34184d32:	0119      	lsls	r1, r3, #4
34184d34:	f003 40e0 	and.w	r0, r3, #1879048192	@ 0x70000000
34184d38:	d486      	bmi.n	34184c48 <SystemCoreClockUpdate+0x50>
34184d3a:	f8d2 10b4 	ldr.w	r1, [r2, #180]	@ 0xb4
34184d3e:	f8d2 20b8 	ldr.w	r2, [r2, #184]	@ 0xb8
34184d42:	e7b9      	b.n	34184cb8 <SystemCoreClockUpdate+0xc0>
34184d44:	f8d2 30a0 	ldr.w	r3, [r2, #160]	@ 0xa0
34184d48:	0119      	lsls	r1, r3, #4
34184d4a:	f003 40e0 	and.w	r0, r3, #1879048192	@ 0x70000000
34184d4e:	f53f af7b 	bmi.w	34184c48 <SystemCoreClockUpdate+0x50>
34184d52:	f8d2 10a4 	ldr.w	r1, [r2, #164]	@ 0xa4
34184d56:	f8d2 20a8 	ldr.w	r2, [r2, #168]	@ 0xa8
34184d5a:	e7ad      	b.n	34184cb8 <SystemCoreClockUpdate+0xc0>
34184d5c:	f8d2 1084 	ldr.w	r1, [r2, #132]	@ 0x84
34184d60:	f8d2 2088 	ldr.w	r2, [r2, #136]	@ 0x88
34184d64:	e7a8      	b.n	34184cb8 <SystemCoreClockUpdate+0xc0>
34184d66:	4a15      	ldr	r2, [pc, #84]	@ (34184dbc <SystemCoreClockUpdate+0x1c4>)
34184d68:	4b18      	ldr	r3, [pc, #96]	@ (34184dcc <SystemCoreClockUpdate+0x1d4>)
34184d6a:	6c92      	ldr	r2, [r2, #72]	@ 0x48
34184d6c:	f3c2 12c1 	ubfx	r2, r2, #7, #2
34184d70:	40d3      	lsrs	r3, r2
34184d72:	e778      	b.n	34184c66 <SystemCoreClockUpdate+0x6e>
34184d74:	f1b0 5f40 	cmp.w	r0, #805306368	@ 0x30000000
34184d78:	d11a      	bne.n	34184db0 <SystemCoreClockUpdate+0x1b8>
34184d7a:	4b16      	ldr	r3, [pc, #88]	@ (34184dd4 <SystemCoreClockUpdate+0x1dc>)
34184d7c:	e773      	b.n	34184c66 <SystemCoreClockUpdate+0x6e>
34184d7e:	f1b0 5f40 	cmp.w	r0, #805306368	@ 0x30000000
34184d82:	d112      	bne.n	34184daa <SystemCoreClockUpdate+0x1b2>
34184d84:	ed9f 5a13 	vldr	s10, [pc, #76]	@ 34184dd4 <SystemCoreClockUpdate+0x1dc>
34184d88:	e7b4      	b.n	34184cf4 <SystemCoreClockUpdate+0xfc>
34184d8a:	4b0f      	ldr	r3, [pc, #60]	@ (34184dc8 <SystemCoreClockUpdate+0x1d0>)
34184d8c:	e76b      	b.n	34184c66 <SystemCoreClockUpdate+0x6e>
34184d8e:	490b      	ldr	r1, [pc, #44]	@ (34184dbc <SystemCoreClockUpdate+0x1c4>)
34184d90:	4a0e      	ldr	r2, [pc, #56]	@ (34184dcc <SystemCoreClockUpdate+0x1d4>)
34184d92:	6c89      	ldr	r1, [r1, #72]	@ 0x48
34184d94:	f3c1 11c1 	ubfx	r1, r1, #7, #2
34184d98:	40ca      	lsrs	r2, r1
34184d9a:	ee05 2a10 	vmov	s10, r2
34184d9e:	e7a9      	b.n	34184cf4 <SystemCoreClockUpdate+0xfc>
34184da0:	ed9f 5a09 	vldr	s10, [pc, #36]	@ 34184dc8 <SystemCoreClockUpdate+0x1d0>
34184da4:	e7a6      	b.n	34184cf4 <SystemCoreClockUpdate+0xfc>
34184da6:	4b0a      	ldr	r3, [pc, #40]	@ (34184dd0 <SystemCoreClockUpdate+0x1d8>)
34184da8:	e75d      	b.n	34184c66 <SystemCoreClockUpdate+0x6e>
34184daa:	ed9f 5a0b 	vldr	s10, [pc, #44]	@ 34184dd8 <SystemCoreClockUpdate+0x1e0>
34184dae:	e7a3      	b.n	34184cf8 <SystemCoreClockUpdate+0x100>
34184db0:	2300      	movs	r3, #0
34184db2:	e758      	b.n	34184c66 <SystemCoreClockUpdate+0x6e>
34184db4:	ed9f 5a02 	vldr	s10, [pc, #8]	@ 34184dc0 <SystemCoreClockUpdate+0x1c8>
34184db8:	e79c      	b.n	34184cf4 <SystemCoreClockUpdate+0xfc>
34184dba:	bf00      	nop
34184dbc:	56028000 	.word	0x56028000
34184dc0:	003d0900 	.word	0x003d0900
34184dc4:	341c0008 	.word	0x341c0008
34184dc8:	02dc6c00 	.word	0x02dc6c00
34184dcc:	03d09000 	.word	0x03d09000
34184dd0:	00f42400 	.word	0x00f42400
34184dd4:	00bb8000 	.word	0x00bb8000
34184dd8:	00000000 	.word	0x00000000

34184ddc <__acle_se_SECURE_SystemCoreClockUpdate>:
34184ddc:	ed6d cf81 	vstr	FPCXTNS, [sp, #-4]!
34184de0:	4a6e      	ldr	r2, [pc, #440]	@ (34184f9c <__acle_se_SECURE_SystemCoreClockUpdate+0x1c0>)
34184de2:	6a13      	ldr	r3, [r2, #32]
34184de4:	f403 1340 	and.w	r3, r3, #3145728	@ 0x300000
34184de8:	f5b3 1f00 	cmp.w	r3, #2097152	@ 0x200000
34184dec:	d036      	beq.n	34184e5c <__acle_se_SECURE_SystemCoreClockUpdate+0x80>
34184dee:	d806      	bhi.n	34184dfe <__acle_se_SECURE_SystemCoreClockUpdate+0x22>
34184df0:	2b00      	cmp	r3, #0
34184df2:	d03d      	beq.n	34184e70 <__acle_se_SECURE_SystemCoreClockUpdate+0x94>
34184df4:	6c53      	ldr	r3, [r2, #68]	@ 0x44
34184df6:	0598      	lsls	r0, r3, #22
34184df8:	d442      	bmi.n	34184e80 <__acle_se_SECURE_SystemCoreClockUpdate+0xa4>
34184dfa:	4869      	ldr	r0, [pc, #420]	@ (34184fa0 <__acle_se_SECURE_SystemCoreClockUpdate+0x1c4>)
34184dfc:	e02f      	b.n	34184e5e <__acle_se_SECURE_SystemCoreClockUpdate+0x82>
34184dfe:	f5b3 1f40 	cmp.w	r3, #3145728	@ 0x300000
34184e02:	d13b      	bne.n	34184e7c <__acle_se_SECURE_SystemCoreClockUpdate+0xa0>
34184e04:	f8d2 30c4 	ldr.w	r3, [r2, #196]	@ 0xc4
34184e08:	f003 5340 	and.w	r3, r3, #805306368	@ 0x30000000
34184e0c:	f1b3 5f80 	cmp.w	r3, #268435456	@ 0x10000000
34184e10:	d038      	beq.n	34184e84 <__acle_se_SECURE_SystemCoreClockUpdate+0xa8>
34184e12:	f1b3 5f00 	cmp.w	r3, #536870912	@ 0x20000000
34184e16:	f000 8085 	beq.w	34184f24 <__acle_se_SECURE_SystemCoreClockUpdate+0x148>
34184e1a:	2b00      	cmp	r3, #0
34184e1c:	d177      	bne.n	34184f0e <__acle_se_SECURE_SystemCoreClockUpdate+0x132>
34184e1e:	f8d2 3080 	ldr.w	r3, [r2, #128]	@ 0x80
34184e22:	0119      	lsls	r1, r3, #4
34184e24:	f003 40e0 	and.w	r0, r3, #1879048192	@ 0x70000000
34184e28:	f140 8088 	bpl.w	34184f3c <__acle_se_SECURE_SystemCoreClockUpdate+0x160>
34184e2c:	f1b0 5f00 	cmp.w	r0, #536870912	@ 0x20000000
34184e30:	f000 809b 	beq.w	34184f6a <__acle_se_SECURE_SystemCoreClockUpdate+0x18e>
34184e34:	f200 808e 	bhi.w	34184f54 <__acle_se_SECURE_SystemCoreClockUpdate+0x178>
34184e38:	2800      	cmp	r0, #0
34184e3a:	f000 8084 	beq.w	34184f46 <__acle_se_SECURE_SystemCoreClockUpdate+0x16a>
34184e3e:	4b57      	ldr	r3, [pc, #348]	@ (34184f9c <__acle_se_SECURE_SystemCoreClockUpdate+0x1c0>)
34184e40:	6c5b      	ldr	r3, [r3, #68]	@ 0x44
34184e42:	059b      	lsls	r3, r3, #22
34184e44:	f100 809f 	bmi.w	34184f86 <__acle_se_SECURE_SystemCoreClockUpdate+0x1aa>
34184e48:	4855      	ldr	r0, [pc, #340]	@ (34184fa0 <__acle_se_SECURE_SystemCoreClockUpdate+0x1c4>)
34184e4a:	4b54      	ldr	r3, [pc, #336]	@ (34184f9c <__acle_se_SECURE_SystemCoreClockUpdate+0x1c0>)
34184e4c:	f8d3 30c4 	ldr.w	r3, [r3, #196]	@ 0xc4
34184e50:	f3c3 4307 	ubfx	r3, r3, #16, #8
34184e54:	3301      	adds	r3, #1
34184e56:	fbb0 f0f3 	udiv	r0, r0, r3
34184e5a:	e000      	b.n	34184e5e <__acle_se_SECURE_SystemCoreClockUpdate+0x82>
34184e5c:	4851      	ldr	r0, [pc, #324]	@ (34184fa4 <__acle_se_SECURE_SystemCoreClockUpdate+0x1c8>)
34184e5e:	4b52      	ldr	r3, [pc, #328]	@ (34184fa8 <__acle_se_SECURE_SystemCoreClockUpdate+0x1cc>)
34184e60:	6018      	str	r0, [r3, #0]
34184e62:	ec9f 0a10 	vscclrm	{s0-s15, VPR}
34184e66:	e89f 900e 	clrm	{r1, r2, r3, ip, APSR}
34184e6a:	ecfd cf81 	vldr	FPCXTNS, [sp], #4
34184e6e:	4774      	bxns	lr
34184e70:	6c93      	ldr	r3, [r2, #72]	@ 0x48
34184e72:	484e      	ldr	r0, [pc, #312]	@ (34184fac <__acle_se_SECURE_SystemCoreClockUpdate+0x1d0>)
34184e74:	f3c3 13c1 	ubfx	r3, r3, #7, #2
34184e78:	40d8      	lsrs	r0, r3
34184e7a:	e7f0      	b.n	34184e5e <__acle_se_SECURE_SystemCoreClockUpdate+0x82>
34184e7c:	2000      	movs	r0, #0
34184e7e:	e7ee      	b.n	34184e5e <__acle_se_SECURE_SystemCoreClockUpdate+0x82>
34184e80:	484b      	ldr	r0, [pc, #300]	@ (34184fb0 <__acle_se_SECURE_SystemCoreClockUpdate+0x1d4>)
34184e82:	e7ec      	b.n	34184e5e <__acle_se_SECURE_SystemCoreClockUpdate+0x82>
34184e84:	f8d2 3090 	ldr.w	r3, [r2, #144]	@ 0x90
34184e88:	0119      	lsls	r1, r3, #4
34184e8a:	f003 40e0 	and.w	r0, r3, #1879048192	@ 0x70000000
34184e8e:	d4cd      	bmi.n	34184e2c <__acle_se_SECURE_SystemCoreClockUpdate+0x50>
34184e90:	f8d2 1094 	ldr.w	r1, [r2, #148]	@ 0x94
34184e94:	f8d2 2098 	ldr.w	r2, [r2, #152]	@ 0x98
34184e98:	f021 417f 	bic.w	r1, r1, #4278190080	@ 0xff000000
34184e9c:	f3c3 5c05 	ubfx	ip, r3, #20, #6
34184ea0:	ee07 1a10 	vmov	s14, r1
34184ea4:	f1b0 5f00 	cmp.w	r0, #536870912	@ 0x20000000
34184ea8:	f3c2 61c2 	ubfx	r1, r2, #27, #3
34184eac:	f3c2 6202 	ubfx	r2, r2, #24, #3
34184eb0:	ee05 ca90 	vmov	s11, ip
34184eb4:	ee06 1a10 	vmov	s12, r1
34184eb8:	ee06 2a90 	vmov	s13, r2
34184ebc:	f3c3 230b 	ubfx	r3, r3, #8, #12
34184ec0:	d05e      	beq.n	34184f80 <__acle_se_SECURE_SystemCoreClockUpdate+0x1a4>
34184ec2:	d84c      	bhi.n	34184f5e <__acle_se_SECURE_SystemCoreClockUpdate+0x182>
34184ec4:	2800      	cmp	r0, #0
34184ec6:	d052      	beq.n	34184f6e <__acle_se_SECURE_SystemCoreClockUpdate+0x192>
34184ec8:	4a34      	ldr	r2, [pc, #208]	@ (34184f9c <__acle_se_SECURE_SystemCoreClockUpdate+0x1c0>)
34184eca:	6c52      	ldr	r2, [r2, #68]	@ 0x44
34184ecc:	0592      	lsls	r2, r2, #22
34184ece:	d561      	bpl.n	34184f94 <__acle_se_SECURE_SystemCoreClockUpdate+0x1b8>
34184ed0:	ed9f 5a37 	vldr	s10, [pc, #220]	@ 34184fb0 <__acle_se_SECURE_SystemCoreClockUpdate+0x1d4>
34184ed4:	eeb8 5ac5 	vcvt.f32.s32	s10, s10
34184ed8:	ee07 3a90 	vmov	s15, r3
34184edc:	eeba 7ac4 	vcvt.f32.s32	s14, s14, #24
34184ee0:	eef8 7ae7 	vcvt.f32.s32	s15, s15
34184ee4:	ee77 7a27 	vadd.f32	s15, s14, s15
34184ee8:	eef8 6ae6 	vcvt.f32.s32	s13, s13
34184eec:	ee67 7a85 	vmul.f32	s15, s15, s10
34184ef0:	eef8 5ae5 	vcvt.f32.s32	s11, s11
34184ef4:	eeb8 6ac6 	vcvt.f32.s32	s12, s12
34184ef8:	ee26 7a26 	vmul.f32	s14, s12, s13
34184efc:	eec7 6aa5 	vdiv.f32	s13, s15, s11
34184f00:	eec6 7a87 	vdiv.f32	s15, s13, s14
34184f04:	eefc 7ae7 	vcvt.u32.f32	s15, s15
34184f08:	ee17 0a90 	vmov	r0, s15
34184f0c:	e79d      	b.n	34184e4a <__acle_se_SECURE_SystemCoreClockUpdate+0x6e>
34184f0e:	f8d2 30b0 	ldr.w	r3, [r2, #176]	@ 0xb0
34184f12:	0119      	lsls	r1, r3, #4
34184f14:	f003 40e0 	and.w	r0, r3, #1879048192	@ 0x70000000
34184f18:	d488      	bmi.n	34184e2c <__acle_se_SECURE_SystemCoreClockUpdate+0x50>
34184f1a:	f8d2 10b4 	ldr.w	r1, [r2, #180]	@ 0xb4
34184f1e:	f8d2 20b8 	ldr.w	r2, [r2, #184]	@ 0xb8
34184f22:	e7b9      	b.n	34184e98 <__acle_se_SECURE_SystemCoreClockUpdate+0xbc>
34184f24:	f8d2 30a0 	ldr.w	r3, [r2, #160]	@ 0xa0
34184f28:	0119      	lsls	r1, r3, #4
34184f2a:	f003 40e0 	and.w	r0, r3, #1879048192	@ 0x70000000
34184f2e:	f53f af7d 	bmi.w	34184e2c <__acle_se_SECURE_SystemCoreClockUpdate+0x50>
34184f32:	f8d2 10a4 	ldr.w	r1, [r2, #164]	@ 0xa4
34184f36:	f8d2 20a8 	ldr.w	r2, [r2, #168]	@ 0xa8
34184f3a:	e7ad      	b.n	34184e98 <__acle_se_SECURE_SystemCoreClockUpdate+0xbc>
34184f3c:	f8d2 1084 	ldr.w	r1, [r2, #132]	@ 0x84
34184f40:	f8d2 2088 	ldr.w	r2, [r2, #136]	@ 0x88
34184f44:	e7a8      	b.n	34184e98 <__acle_se_SECURE_SystemCoreClockUpdate+0xbc>
34184f46:	4b15      	ldr	r3, [pc, #84]	@ (34184f9c <__acle_se_SECURE_SystemCoreClockUpdate+0x1c0>)
34184f48:	4818      	ldr	r0, [pc, #96]	@ (34184fac <__acle_se_SECURE_SystemCoreClockUpdate+0x1d0>)
34184f4a:	6c9b      	ldr	r3, [r3, #72]	@ 0x48
34184f4c:	f3c3 13c1 	ubfx	r3, r3, #7, #2
34184f50:	40d8      	lsrs	r0, r3
34184f52:	e77a      	b.n	34184e4a <__acle_se_SECURE_SystemCoreClockUpdate+0x6e>
34184f54:	f1b0 5f40 	cmp.w	r0, #805306368	@ 0x30000000
34184f58:	d11a      	bne.n	34184f90 <__acle_se_SECURE_SystemCoreClockUpdate+0x1b4>
34184f5a:	4816      	ldr	r0, [pc, #88]	@ (34184fb4 <__acle_se_SECURE_SystemCoreClockUpdate+0x1d8>)
34184f5c:	e775      	b.n	34184e4a <__acle_se_SECURE_SystemCoreClockUpdate+0x6e>
34184f5e:	f1b0 5f40 	cmp.w	r0, #805306368	@ 0x30000000
34184f62:	d112      	bne.n	34184f8a <__acle_se_SECURE_SystemCoreClockUpdate+0x1ae>
34184f64:	ed9f 5a13 	vldr	s10, [pc, #76]	@ 34184fb4 <__acle_se_SECURE_SystemCoreClockUpdate+0x1d8>
34184f68:	e7b4      	b.n	34184ed4 <__acle_se_SECURE_SystemCoreClockUpdate+0xf8>
34184f6a:	480e      	ldr	r0, [pc, #56]	@ (34184fa4 <__acle_se_SECURE_SystemCoreClockUpdate+0x1c8>)
34184f6c:	e76d      	b.n	34184e4a <__acle_se_SECURE_SystemCoreClockUpdate+0x6e>
34184f6e:	490b      	ldr	r1, [pc, #44]	@ (34184f9c <__acle_se_SECURE_SystemCoreClockUpdate+0x1c0>)
34184f70:	4a0e      	ldr	r2, [pc, #56]	@ (34184fac <__acle_se_SECURE_SystemCoreClockUpdate+0x1d0>)
34184f72:	6c89      	ldr	r1, [r1, #72]	@ 0x48
34184f74:	f3c1 11c1 	ubfx	r1, r1, #7, #2
34184f78:	40ca      	lsrs	r2, r1
34184f7a:	ee05 2a10 	vmov	s10, r2
34184f7e:	e7a9      	b.n	34184ed4 <__acle_se_SECURE_SystemCoreClockUpdate+0xf8>
34184f80:	ed9f 5a08 	vldr	s10, [pc, #32]	@ 34184fa4 <__acle_se_SECURE_SystemCoreClockUpdate+0x1c8>
34184f84:	e7a6      	b.n	34184ed4 <__acle_se_SECURE_SystemCoreClockUpdate+0xf8>
34184f86:	480a      	ldr	r0, [pc, #40]	@ (34184fb0 <__acle_se_SECURE_SystemCoreClockUpdate+0x1d4>)
34184f88:	e75f      	b.n	34184e4a <__acle_se_SECURE_SystemCoreClockUpdate+0x6e>
34184f8a:	ed9f 5a0b 	vldr	s10, [pc, #44]	@ 34184fb8 <__acle_se_SECURE_SystemCoreClockUpdate+0x1dc>
34184f8e:	e7a3      	b.n	34184ed8 <__acle_se_SECURE_SystemCoreClockUpdate+0xfc>
34184f90:	2000      	movs	r0, #0
34184f92:	e75a      	b.n	34184e4a <__acle_se_SECURE_SystemCoreClockUpdate+0x6e>
34184f94:	ed9f 5a02 	vldr	s10, [pc, #8]	@ 34184fa0 <__acle_se_SECURE_SystemCoreClockUpdate+0x1c4>
34184f98:	e79c      	b.n	34184ed4 <__acle_se_SECURE_SystemCoreClockUpdate+0xf8>
34184f9a:	bf00      	nop
34184f9c:	56028000 	.word	0x56028000
34184fa0:	003d0900 	.word	0x003d0900
34184fa4:	02dc6c00 	.word	0x02dc6c00
34184fa8:	341c0008 	.word	0x341c0008
34184fac:	03d09000 	.word	0x03d09000
34184fb0:	00f42400 	.word	0x00f42400
34184fb4:	00bb8000 	.word	0x00bb8000
34184fb8:	00000000 	.word	0x00000000

34184fbc <HAL_MspInit>:
34184fbc:	4770      	bx	lr
34184fbe:	bf00      	nop

34184fc0 <HAL_InitTick>:
34184fc0:	4b11      	ldr	r3, [pc, #68]	@ (34185008 <HAL_InitTick+0x48>)
34184fc2:	781b      	ldrb	r3, [r3, #0]
34184fc4:	b90b      	cbnz	r3, 34184fca <HAL_InitTick+0xa>
34184fc6:	2001      	movs	r0, #1
34184fc8:	4770      	bx	lr
34184fca:	f44f 727a 	mov.w	r2, #1000	@ 0x3e8
34184fce:	fbb2 f3f3 	udiv	r3, r2, r3
34184fd2:	b510      	push	{r4, lr}
34184fd4:	490d      	ldr	r1, [pc, #52]	@ (3418500c <HAL_InitTick+0x4c>)
34184fd6:	4604      	mov	r4, r0
34184fd8:	6808      	ldr	r0, [r1, #0]
34184fda:	b082      	sub	sp, #8
34184fdc:	fbb0 f0f3 	udiv	r0, r0, r3
34184fe0:	f000 f876 	bl	341850d0 <HAL_SYSTICK_Config>
34184fe4:	4602      	mov	r2, r0
34184fe6:	b908      	cbnz	r0, 34184fec <HAL_InitTick+0x2c>
34184fe8:	2c0f      	cmp	r4, #15
34184fea:	d902      	bls.n	34184ff2 <HAL_InitTick+0x32>
34184fec:	2001      	movs	r0, #1
34184fee:	b002      	add	sp, #8
34184ff0:	bd10      	pop	{r4, pc}
34184ff2:	9001      	str	r0, [sp, #4]
34184ff4:	4621      	mov	r1, r4
34184ff6:	f04f 30ff 	mov.w	r0, #4294967295	@ 0xffffffff
34184ffa:	f000 f837 	bl	3418506c <HAL_NVIC_SetPriority>
34184ffe:	4b04      	ldr	r3, [pc, #16]	@ (34185010 <HAL_InitTick+0x50>)
34185000:	9801      	ldr	r0, [sp, #4]
34185002:	601c      	str	r4, [r3, #0]
34185004:	b002      	add	sp, #8
34185006:	bd10      	pop	{r4, pc}
34185008:	341c000c 	.word	0x341c000c
3418500c:	341c0008 	.word	0x341c0008
34185010:	341c0010 	.word	0x341c0010

34185014 <HAL_Init>:
34185014:	b500      	push	{lr}
34185016:	2003      	movs	r0, #3
34185018:	b083      	sub	sp, #12
3418501a:	f000 f815 	bl	34185048 <HAL_NVIC_SetPriorityGrouping>
3418501e:	f7ff fdeb 	bl	34184bf8 <SystemCoreClockUpdate>
34185022:	200f      	movs	r0, #15
34185024:	f7ff ffcc 	bl	34184fc0 <HAL_InitTick>
34185028:	b110      	cbz	r0, 34185030 <HAL_Init+0x1c>
3418502a:	2001      	movs	r0, #1
3418502c:	b003      	add	sp, #12
3418502e:	bd00      	pop	{pc}
34185030:	9001      	str	r0, [sp, #4]
34185032:	f7ff ffc3 	bl	34184fbc <HAL_MspInit>
34185036:	9801      	ldr	r0, [sp, #4]
34185038:	b003      	add	sp, #12
3418503a:	bd00      	pop	{pc}

3418503c <HAL_GetTick>:
3418503c:	4b01      	ldr	r3, [pc, #4]	@ (34185044 <HAL_GetTick+0x8>)
3418503e:	6818      	ldr	r0, [r3, #0]
34185040:	4770      	bx	lr
34185042:	bf00      	nop
34185044:	341c2ecc 	.word	0x341c2ecc

34185048 <HAL_NVIC_SetPriorityGrouping>:
34185048:	f64f 0cff 	movw	ip, #63743	@ 0xf8ff
3418504c:	4906      	ldr	r1, [pc, #24]	@ (34185068 <HAL_NVIC_SetPriorityGrouping+0x20>)
3418504e:	0203      	lsls	r3, r0, #8
34185050:	68ca      	ldr	r2, [r1, #12]
34185052:	f403 63e0 	and.w	r3, r3, #1792	@ 0x700
34185056:	ea02 020c 	and.w	r2, r2, ip
3418505a:	4313      	orrs	r3, r2
3418505c:	f043 63bf 	orr.w	r3, r3, #100139008	@ 0x5f80000
34185060:	f443 3300 	orr.w	r3, r3, #131072	@ 0x20000
34185064:	60cb      	str	r3, [r1, #12]
34185066:	4770      	bx	lr
34185068:	e000ed00 	.word	0xe000ed00

3418506c <HAL_NVIC_SetPriority>:
3418506c:	4b16      	ldr	r3, [pc, #88]	@ (341850c8 <HAL_NVIC_SetPriority+0x5c>)
3418506e:	b500      	push	{lr}
34185070:	68db      	ldr	r3, [r3, #12]
34185072:	f3c3 2302 	ubfx	r3, r3, #8, #3
34185076:	f1a3 0c03 	sub.w	ip, r3, #3
3418507a:	f1bc 0f04 	cmp.w	ip, #4
3418507e:	d819      	bhi.n	341850b4 <HAL_NVIC_SetPriority+0x48>
34185080:	f04f 3eff 	mov.w	lr, #4294967295	@ 0xffffffff
34185084:	f1c3 0307 	rsb	r3, r3, #7
34185088:	fa0e f303 	lsl.w	r3, lr, r3
3418508c:	43db      	mvns	r3, r3
3418508e:	fa0e fe0c 	lsl.w	lr, lr, ip
34185092:	ea22 020e 	bic.w	r2, r2, lr
34185096:	4019      	ands	r1, r3
34185098:	fa01 f10c 	lsl.w	r1, r1, ip
3418509c:	4311      	orrs	r1, r2
3418509e:	2800      	cmp	r0, #0
341850a0:	ea4f 1101 	mov.w	r1, r1, lsl #4
341850a4:	db0a      	blt.n	341850bc <HAL_NVIC_SetPriority+0x50>
341850a6:	f100 4060 	add.w	r0, r0, #3758096384	@ 0xe0000000
341850aa:	f500 4061 	add.w	r0, r0, #57600	@ 0xe100
341850ae:	f880 1300 	strb.w	r1, [r0, #768]	@ 0x300
341850b2:	bd00      	pop	{pc}
341850b4:	2200      	movs	r2, #0
341850b6:	230f      	movs	r3, #15
341850b8:	4694      	mov	ip, r2
341850ba:	e7ec      	b.n	34185096 <HAL_NVIC_SetPriority+0x2a>
341850bc:	4b03      	ldr	r3, [pc, #12]	@ (341850cc <HAL_NVIC_SetPriority+0x60>)
341850be:	f000 000f 	and.w	r0, r0, #15
341850c2:	18c3      	adds	r3, r0, r3
341850c4:	7619      	strb	r1, [r3, #24]
341850c6:	bd00      	pop	{pc}
341850c8:	e000ed00 	.word	0xe000ed00
341850cc:	e000ecfc 	.word	0xe000ecfc

341850d0 <HAL_SYSTICK_Config>:
341850d0:	3801      	subs	r0, #1
341850d2:	f1b0 7f80 	cmp.w	r0, #16777216	@ 0x1000000
341850d6:	d301      	bcc.n	341850dc <HAL_SYSTICK_Config+0xc>
341850d8:	2001      	movs	r0, #1
341850da:	4770      	bx	lr
341850dc:	f04f 23e0 	mov.w	r3, #3758153728	@ 0xe000e000
341850e0:	f04f 0cf0 	mov.w	ip, #240	@ 0xf0
341850e4:	2200      	movs	r2, #0
341850e6:	2107      	movs	r1, #7
341850e8:	b410      	push	{r4}
341850ea:	4c04      	ldr	r4, [pc, #16]	@ (341850fc <HAL_SYSTICK_Config+0x2c>)
341850ec:	6158      	str	r0, [r3, #20]
341850ee:	f884 c023 	strb.w	ip, [r4, #35]	@ 0x23
341850f2:	4610      	mov	r0, r2
341850f4:	bc10      	pop	{r4}
341850f6:	619a      	str	r2, [r3, #24]
341850f8:	6119      	str	r1, [r3, #16]
341850fa:	4770      	bx	lr
341850fc:	e000ed00 	.word	0xe000ed00

34185100 <HAL_PWREx_ConfigSupply>:
34185100:	b538      	push	{r3, r4, r5, lr}
34185102:	4c0b      	ldr	r4, [pc, #44]	@ (34185130 <HAL_PWREx_ConfigSupply+0x30>)
34185104:	6823      	ldr	r3, [r4, #0]
34185106:	f023 0304 	bic.w	r3, r3, #4
3418510a:	4303      	orrs	r3, r0
3418510c:	6023      	str	r3, [r4, #0]
3418510e:	f7ff ff95 	bl	3418503c <HAL_GetTick>
34185112:	4605      	mov	r5, r0
34185114:	e005      	b.n	34185122 <HAL_PWREx_ConfigSupply+0x22>
34185116:	f7ff ff91 	bl	3418503c <HAL_GetTick>
3418511a:	1b40      	subs	r0, r0, r5
3418511c:	f5b0 7f7a 	cmp.w	r0, #1000	@ 0x3e8
34185120:	d804      	bhi.n	3418512c <HAL_PWREx_ConfigSupply+0x2c>
34185122:	6a23      	ldr	r3, [r4, #32]
34185124:	039b      	lsls	r3, r3, #14
34185126:	d5f6      	bpl.n	34185116 <HAL_PWREx_ConfigSupply+0x16>
34185128:	2000      	movs	r0, #0
3418512a:	bd38      	pop	{r3, r4, r5, pc}
3418512c:	2001      	movs	r0, #1
3418512e:	bd38      	pop	{r3, r4, r5, pc}
34185130:	56024800 	.word	0x56024800

34185134 <HAL_PWREx_ControlVoltageScaling>:
34185134:	b538      	push	{r3, r4, r5, lr}
34185136:	4c0b      	ldr	r4, [pc, #44]	@ (34185164 <HAL_PWREx_ControlVoltageScaling+0x30>)
34185138:	6a23      	ldr	r3, [r4, #32]
3418513a:	f023 0301 	bic.w	r3, r3, #1
3418513e:	4303      	orrs	r3, r0
34185140:	6223      	str	r3, [r4, #32]
34185142:	f7ff ff7b 	bl	3418503c <HAL_GetTick>
34185146:	4605      	mov	r5, r0
34185148:	e005      	b.n	34185156 <HAL_PWREx_ControlVoltageScaling+0x22>
3418514a:	f7ff ff77 	bl	3418503c <HAL_GetTick>
3418514e:	1b40      	subs	r0, r0, r5
34185150:	f5b0 7f7a 	cmp.w	r0, #1000	@ 0x3e8
34185154:	d804      	bhi.n	34185160 <HAL_PWREx_ControlVoltageScaling+0x2c>
34185156:	6a23      	ldr	r3, [r4, #32]
34185158:	079b      	lsls	r3, r3, #30
3418515a:	d5f6      	bpl.n	3418514a <HAL_PWREx_ControlVoltageScaling+0x16>
3418515c:	2000      	movs	r0, #0
3418515e:	bd38      	pop	{r3, r4, r5, pc}
34185160:	2001      	movs	r0, #1
34185162:	bd38      	pop	{r3, r4, r5, pc}
34185164:	56024800 	.word	0x56024800

34185168 <RCC_IC_CheckPLLSources>:
34185168:	f1b0 5f00 	cmp.w	r0, #536870912	@ 0x20000000
3418516c:	d042      	beq.n	341851f4 <RCC_IC_CheckPLLSources+0x8c>
3418516e:	d813      	bhi.n	34185198 <RCC_IC_CheckPLLSources+0x30>
34185170:	2800      	cmp	r0, #0
34185172:	d048      	beq.n	34185206 <RCC_IC_CheckPLLSources+0x9e>
34185174:	4b2e      	ldr	r3, [pc, #184]	@ (34185230 <RCC_IC_CheckPLLSources+0xc8>)
34185176:	685a      	ldr	r2, [r3, #4]
34185178:	0590      	lsls	r0, r2, #22
3418517a:	d554      	bpl.n	34185226 <RCC_IC_CheckPLLSources+0xbe>
3418517c:	2001      	movs	r0, #1
3418517e:	f1b1 5f00 	cmp.w	r1, #536870912	@ 0x20000000
34185182:	d017      	beq.n	341851b4 <RCC_IC_CheckPLLSources+0x4c>
34185184:	d81f      	bhi.n	341851c6 <RCC_IC_CheckPLLSources+0x5e>
34185186:	b361      	cbz	r1, 341851e2 <RCC_IC_CheckPLLSources+0x7a>
34185188:	f1b1 5f80 	cmp.w	r1, #268435456	@ 0x10000000
3418518c:	d127      	bne.n	341851de <RCC_IC_CheckPLLSources+0x76>
3418518e:	4b28      	ldr	r3, [pc, #160]	@ (34185230 <RCC_IC_CheckPLLSources+0xc8>)
34185190:	685a      	ldr	r2, [r3, #4]
34185192:	0592      	lsls	r2, r2, #22
34185194:	d540      	bpl.n	34185218 <RCC_IC_CheckPLLSources+0xb0>
34185196:	4770      	bx	lr
34185198:	f1b0 5f40 	cmp.w	r0, #805306368	@ 0x30000000
3418519c:	d141      	bne.n	34185222 <RCC_IC_CheckPLLSources+0xba>
3418519e:	4b24      	ldr	r3, [pc, #144]	@ (34185230 <RCC_IC_CheckPLLSources+0xc8>)
341851a0:	685a      	ldr	r2, [r3, #4]
341851a2:	0510      	lsls	r0, r2, #20
341851a4:	d4ea      	bmi.n	3418517c <RCC_IC_CheckPLLSources+0x14>
341851a6:	f8d3 00b0 	ldr.w	r0, [r3, #176]	@ 0xb0
341851aa:	f1b1 5f00 	cmp.w	r1, #536870912	@ 0x20000000
341851ae:	f3c0 60c0 	ubfx	r0, r0, #27, #1
341851b2:	d1e7      	bne.n	34185184 <RCC_IC_CheckPLLSources+0x1c>
341851b4:	4b1e      	ldr	r3, [pc, #120]	@ (34185230 <RCC_IC_CheckPLLSources+0xc8>)
341851b6:	685a      	ldr	r2, [r3, #4]
341851b8:	0551      	lsls	r1, r2, #21
341851ba:	d4ec      	bmi.n	34185196 <RCC_IC_CheckPLLSources+0x2e>
341851bc:	f8d3 30a0 	ldr.w	r3, [r3, #160]	@ 0xa0
341851c0:	ea00 60d3 	and.w	r0, r0, r3, lsr #27
341851c4:	4770      	bx	lr
341851c6:	f1b1 5f40 	cmp.w	r1, #805306368	@ 0x30000000
341851ca:	d108      	bne.n	341851de <RCC_IC_CheckPLLSources+0x76>
341851cc:	4b18      	ldr	r3, [pc, #96]	@ (34185230 <RCC_IC_CheckPLLSources+0xc8>)
341851ce:	685a      	ldr	r2, [r3, #4]
341851d0:	0512      	lsls	r2, r2, #20
341851d2:	bf5c      	itt	pl
341851d4:	f8d3 30b0 	ldrpl.w	r3, [r3, #176]	@ 0xb0
341851d8:	ea00 60d3 	andpl.w	r0, r0, r3, lsr #27
341851dc:	4770      	bx	lr
341851de:	2000      	movs	r0, #0
341851e0:	4770      	bx	lr
341851e2:	4b13      	ldr	r3, [pc, #76]	@ (34185230 <RCC_IC_CheckPLLSources+0xc8>)
341851e4:	685a      	ldr	r2, [r3, #4]
341851e6:	05d1      	lsls	r1, r2, #23
341851e8:	d4d5      	bmi.n	34185196 <RCC_IC_CheckPLLSources+0x2e>
341851ea:	f8d3 3080 	ldr.w	r3, [r3, #128]	@ 0x80
341851ee:	ea00 60d3 	and.w	r0, r0, r3, lsr #27
341851f2:	4770      	bx	lr
341851f4:	4b0e      	ldr	r3, [pc, #56]	@ (34185230 <RCC_IC_CheckPLLSources+0xc8>)
341851f6:	685a      	ldr	r2, [r3, #4]
341851f8:	0552      	lsls	r2, r2, #21
341851fa:	d4bf      	bmi.n	3418517c <RCC_IC_CheckPLLSources+0x14>
341851fc:	f8d3 00a0 	ldr.w	r0, [r3, #160]	@ 0xa0
34185200:	f3c0 60c0 	ubfx	r0, r0, #27, #1
34185204:	e7bb      	b.n	3418517e <RCC_IC_CheckPLLSources+0x16>
34185206:	4b0a      	ldr	r3, [pc, #40]	@ (34185230 <RCC_IC_CheckPLLSources+0xc8>)
34185208:	685a      	ldr	r2, [r3, #4]
3418520a:	05d2      	lsls	r2, r2, #23
3418520c:	d4b6      	bmi.n	3418517c <RCC_IC_CheckPLLSources+0x14>
3418520e:	f8d3 0080 	ldr.w	r0, [r3, #128]	@ 0x80
34185212:	f3c0 60c0 	ubfx	r0, r0, #27, #1
34185216:	e7b2      	b.n	3418517e <RCC_IC_CheckPLLSources+0x16>
34185218:	f8d3 3090 	ldr.w	r3, [r3, #144]	@ 0x90
3418521c:	ea00 60d3 	and.w	r0, r0, r3, lsr #27
34185220:	4770      	bx	lr
34185222:	2000      	movs	r0, #0
34185224:	e7ab      	b.n	3418517e <RCC_IC_CheckPLLSources+0x16>
34185226:	f8d3 0090 	ldr.w	r0, [r3, #144]	@ 0x90
3418522a:	f3c0 60c0 	ubfx	r0, r0, #27, #1
3418522e:	e7a6      	b.n	3418517e <RCC_IC_CheckPLLSources+0x16>
34185230:	56028000 	.word	0x56028000

34185234 <RCC_PLL_Config>:
34185234:	e92d 43f8 	stmdb	sp!, {r3, r4, r5, r6, r7, r8, r9, lr}
34185238:	680b      	ldr	r3, [r1, #0]
3418523a:	460e      	mov	r6, r1
3418523c:	2b02      	cmp	r3, #2
3418523e:	4f5f      	ldr	r7, [pc, #380]	@ (341853bc <RCC_PLL_Config+0x188>)
34185240:	ea4f 1500 	mov.w	r5, r0, lsl #4
34185244:	d007      	beq.n	34185256 <RCC_PLL_Config+0x22>
34185246:	2b03      	cmp	r3, #3
34185248:	d063      	beq.n	34185312 <RCC_PLL_Config+0xde>
3418524a:	2b01      	cmp	r3, #1
3418524c:	f000 8088 	beq.w	34185360 <RCC_PLL_Config+0x12c>
34185250:	2000      	movs	r0, #0
34185252:	e8bd 83f8 	ldmia.w	sp!, {r3, r4, r5, r6, r7, r8, r9, pc}
34185256:	f44f 7480 	mov.w	r4, #256	@ 0x100
3418525a:	4b59      	ldr	r3, [pc, #356]	@ (341853c0 <RCC_PLL_Config+0x18c>)
3418525c:	4084      	lsls	r4, r0
3418525e:	601c      	str	r4, [r3, #0]
34185260:	f7ff feec 	bl	3418503c <HAL_GetTick>
34185264:	f8df 8168 	ldr.w	r8, [pc, #360]	@ 341853d0 <RCC_PLL_Config+0x19c>
34185268:	4681      	mov	r9, r0
3418526a:	e005      	b.n	34185278 <RCC_PLL_Config+0x44>
3418526c:	f7ff fee6 	bl	3418503c <HAL_GetTick>
34185270:	eba0 0009 	sub.w	r0, r0, r9
34185274:	2801      	cmp	r0, #1
34185276:	d849      	bhi.n	3418530c <RCC_PLL_Config+0xd8>
34185278:	f8d8 3004 	ldr.w	r3, [r8, #4]
3418527c:	ea34 0303 	bics.w	r3, r4, r3
34185280:	d0f4      	beq.n	3418526c <RCC_PLL_Config+0x38>
34185282:	59eb      	ldr	r3, [r5, r7]
34185284:	484f      	ldr	r0, [pc, #316]	@ (341853c4 <RCC_PLL_Config+0x190>)
34185286:	f043 0304 	orr.w	r3, r3, #4
3418528a:	51eb      	str	r3, [r5, r7]
3418528c:	582b      	ldr	r3, [r5, r0]
3418528e:	4a4e      	ldr	r2, [pc, #312]	@ (341853c8 <RCC_PLL_Config+0x194>)
34185290:	f023 6300 	bic.w	r3, r3, #134217728	@ 0x8000000
34185294:	502b      	str	r3, [r5, r0]
34185296:	6933      	ldr	r3, [r6, #16]
34185298:	68b1      	ldr	r1, [r6, #8]
3418529a:	021b      	lsls	r3, r3, #8
3418529c:	ea43 5301 	orr.w	r3, r3, r1, lsl #20
341852a0:	6871      	ldr	r1, [r6, #4]
341852a2:	5828      	ldr	r0, [r5, r0]
341852a4:	430b      	orrs	r3, r1
341852a6:	4949      	ldr	r1, [pc, #292]	@ (341853cc <RCC_PLL_Config+0x198>)
341852a8:	4001      	ands	r1, r0
341852aa:	4846      	ldr	r0, [pc, #280]	@ (341853c4 <RCC_PLL_Config+0x190>)
341852ac:	430b      	orrs	r3, r1
341852ae:	502b      	str	r3, [r5, r0]
341852b0:	69b3      	ldr	r3, [r6, #24]
341852b2:	59e9      	ldr	r1, [r5, r7]
341852b4:	6970      	ldr	r0, [r6, #20]
341852b6:	061b      	lsls	r3, r3, #24
341852b8:	f021 517c 	bic.w	r1, r1, #1056964608	@ 0x3f000000
341852bc:	ea43 63c0 	orr.w	r3, r3, r0, lsl #27
341852c0:	430b      	orrs	r3, r1
341852c2:	51eb      	str	r3, [r5, r7]
341852c4:	58ab      	ldr	r3, [r5, r2]
341852c6:	68f1      	ldr	r1, [r6, #12]
341852c8:	f003 437f 	and.w	r3, r3, #4278190080	@ 0xff000000
341852cc:	430b      	orrs	r3, r1
341852ce:	50ab      	str	r3, [r5, r2]
341852d0:	59eb      	ldr	r3, [r5, r7]
341852d2:	f023 0308 	bic.w	r3, r3, #8
341852d6:	51eb      	str	r3, [r5, r7]
341852d8:	68f3      	ldr	r3, [r6, #12]
341852da:	b11b      	cbz	r3, 341852e4 <RCC_PLL_Config+0xb0>
341852dc:	59eb      	ldr	r3, [r5, r7]
341852de:	f043 030a 	orr.w	r3, r3, #10
341852e2:	51eb      	str	r3, [r5, r7]
341852e4:	59eb      	ldr	r3, [r5, r7]
341852e6:	4e3a      	ldr	r6, [pc, #232]	@ (341853d0 <RCC_PLL_Config+0x19c>)
341852e8:	f043 4380 	orr.w	r3, r3, #1073741824	@ 0x40000000
341852ec:	f043 0301 	orr.w	r3, r3, #1
341852f0:	51eb      	str	r3, [r5, r7]
341852f2:	f8c6 4800 	str.w	r4, [r6, #2048]	@ 0x800
341852f6:	f7ff fea1 	bl	3418503c <HAL_GetTick>
341852fa:	4605      	mov	r5, r0
341852fc:	6873      	ldr	r3, [r6, #4]
341852fe:	421c      	tst	r4, r3
34185300:	d1a6      	bne.n	34185250 <RCC_PLL_Config+0x1c>
34185302:	f7ff fe9b 	bl	3418503c <HAL_GetTick>
34185306:	1b40      	subs	r0, r0, r5
34185308:	2801      	cmp	r0, #1
3418530a:	d9f7      	bls.n	341852fc <RCC_PLL_Config+0xc8>
3418530c:	2003      	movs	r0, #3
3418530e:	e8bd 83f8 	ldmia.w	sp!, {r3, r4, r5, r6, r7, r8, r9, pc}
34185312:	684b      	ldr	r3, [r1, #4]
34185314:	f1b3 5f80 	cmp.w	r3, #268435456	@ 0x10000000
34185318:	d04a      	beq.n	341853b0 <RCC_PLL_Config+0x17c>
3418531a:	f1b3 5f00 	cmp.w	r3, #536870912	@ 0x20000000
3418531e:	d042      	beq.n	341853a6 <RCC_PLL_Config+0x172>
34185320:	2b00      	cmp	r3, #0
34185322:	d03a      	beq.n	3418539a <RCC_PLL_Config+0x166>
34185324:	f44f 7480 	mov.w	r4, #256	@ 0x100
34185328:	4b25      	ldr	r3, [pc, #148]	@ (341853c0 <RCC_PLL_Config+0x18c>)
3418532a:	4084      	lsls	r4, r0
3418532c:	601c      	str	r4, [r3, #0]
3418532e:	f7ff fe85 	bl	3418503c <HAL_GetTick>
34185332:	4f27      	ldr	r7, [pc, #156]	@ (341853d0 <RCC_PLL_Config+0x19c>)
34185334:	4680      	mov	r8, r0
34185336:	e005      	b.n	34185344 <RCC_PLL_Config+0x110>
34185338:	f7ff fe80 	bl	3418503c <HAL_GetTick>
3418533c:	eba0 0008 	sub.w	r0, r0, r8
34185340:	2801      	cmp	r0, #1
34185342:	d8e3      	bhi.n	3418530c <RCC_PLL_Config+0xd8>
34185344:	687b      	ldr	r3, [r7, #4]
34185346:	ea34 0303 	bics.w	r3, r4, r3
3418534a:	d0f5      	beq.n	34185338 <RCC_PLL_Config+0x104>
3418534c:	491d      	ldr	r1, [pc, #116]	@ (341853c4 <RCC_PLL_Config+0x190>)
3418534e:	6872      	ldr	r2, [r6, #4]
34185350:	586b      	ldr	r3, [r5, r1]
34185352:	f023 43f0 	bic.w	r3, r3, #2013265920	@ 0x78000000
34185356:	4313      	orrs	r3, r2
34185358:	f043 6300 	orr.w	r3, r3, #134217728	@ 0x8000000
3418535c:	506b      	str	r3, [r5, r1]
3418535e:	e777      	b.n	34185250 <RCC_PLL_Config+0x1c>
34185360:	f44f 7480 	mov.w	r4, #256	@ 0x100
34185364:	59eb      	ldr	r3, [r5, r7]
34185366:	4084      	lsls	r4, r0
34185368:	f023 4380 	bic.w	r3, r3, #1073741824	@ 0x40000000
3418536c:	51eb      	str	r3, [r5, r7]
3418536e:	4b14      	ldr	r3, [pc, #80]	@ (341853c0 <RCC_PLL_Config+0x18c>)
34185370:	4e17      	ldr	r6, [pc, #92]	@ (341853d0 <RCC_PLL_Config+0x19c>)
34185372:	601c      	str	r4, [r3, #0]
34185374:	f7ff fe62 	bl	3418503c <HAL_GetTick>
34185378:	4607      	mov	r7, r0
3418537a:	e004      	b.n	34185386 <RCC_PLL_Config+0x152>
3418537c:	f7ff fe5e 	bl	3418503c <HAL_GetTick>
34185380:	1bc0      	subs	r0, r0, r7
34185382:	2801      	cmp	r0, #1
34185384:	d8c2      	bhi.n	3418530c <RCC_PLL_Config+0xd8>
34185386:	6873      	ldr	r3, [r6, #4]
34185388:	ea34 0303 	bics.w	r3, r4, r3
3418538c:	d0f6      	beq.n	3418537c <RCC_PLL_Config+0x148>
3418538e:	4a0d      	ldr	r2, [pc, #52]	@ (341853c4 <RCC_PLL_Config+0x190>)
34185390:	58ab      	ldr	r3, [r5, r2]
34185392:	f023 6300 	bic.w	r3, r3, #134217728	@ 0x8000000
34185396:	50ab      	str	r3, [r5, r2]
34185398:	e75a      	b.n	34185250 <RCC_PLL_Config+0x1c>
3418539a:	4b0d      	ldr	r3, [pc, #52]	@ (341853d0 <RCC_PLL_Config+0x19c>)
3418539c:	685b      	ldr	r3, [r3, #4]
3418539e:	0719      	lsls	r1, r3, #28
341853a0:	d4c0      	bmi.n	34185324 <RCC_PLL_Config+0xf0>
341853a2:	2001      	movs	r0, #1
341853a4:	e755      	b.n	34185252 <RCC_PLL_Config+0x1e>
341853a6:	4b0a      	ldr	r3, [pc, #40]	@ (341853d0 <RCC_PLL_Config+0x19c>)
341853a8:	685b      	ldr	r3, [r3, #4]
341853aa:	06db      	lsls	r3, r3, #27
341853ac:	d4ba      	bmi.n	34185324 <RCC_PLL_Config+0xf0>
341853ae:	e7f8      	b.n	341853a2 <RCC_PLL_Config+0x16e>
341853b0:	4b07      	ldr	r3, [pc, #28]	@ (341853d0 <RCC_PLL_Config+0x19c>)
341853b2:	685b      	ldr	r3, [r3, #4]
341853b4:	075a      	lsls	r2, r3, #29
341853b6:	d4b5      	bmi.n	34185324 <RCC_PLL_Config+0xf0>
341853b8:	e7f3      	b.n	341853a2 <RCC_PLL_Config+0x16e>
341853ba:	bf00      	nop
341853bc:	56028088 	.word	0x56028088
341853c0:	56029000 	.word	0x56029000
341853c4:	56028080 	.word	0x56028080
341853c8:	56028084 	.word	0x56028084
341853cc:	8c0000ff 	.word	0x8c0000ff
341853d0:	56028000 	.word	0x56028000

341853d4 <HAL_RCC_OscConfig>:
341853d4:	2800      	cmp	r0, #0
341853d6:	f000 8286 	beq.w	341858e6 <HAL_RCC_OscConfig+0x512>
341853da:	e92d 4ff0 	stmdb	sp!, {r4, r5, r6, r7, r8, r9, sl, fp, lr}
341853de:	4604      	mov	r4, r0
341853e0:	4b94      	ldr	r3, [pc, #592]	@ (34185634 <HAL_RCC_OscConfig+0x260>)
341853e2:	b083      	sub	sp, #12
341853e4:	f8d3 c020 	ldr.w	ip, [r3, #32]
341853e8:	6a18      	ldr	r0, [r3, #32]
341853ea:	f8d3 1080 	ldr.w	r1, [r3, #128]	@ 0x80
341853ee:	f8d3 2090 	ldr.w	r2, [r3, #144]	@ 0x90
341853f2:	f40c 1540 	and.w	r5, ip, #3145728	@ 0x300000
341853f6:	f002 49e0 	and.w	r9, r2, #1879048192	@ 0x70000000
341853fa:	f8d3 20a0 	ldr.w	r2, [r3, #160]	@ 0xa0
341853fe:	f000 5040 	and.w	r0, r0, #805306368	@ 0x30000000
34185402:	f002 4ae0 	and.w	sl, r2, #1879048192	@ 0x70000000
34185406:	f8d3 20b0 	ldr.w	r2, [r3, #176]	@ 0xb0
3418540a:	685b      	ldr	r3, [r3, #4]
3418540c:	f001 41e0 	and.w	r1, r1, #1879048192	@ 0x70000000
34185410:	4698      	mov	r8, r3
34185412:	6823      	ldr	r3, [r4, #0]
34185414:	f002 4be0 	and.w	fp, r2, #1879048192	@ 0x70000000
34185418:	07da      	lsls	r2, r3, #31
3418541a:	462e      	mov	r6, r5
3418541c:	4607      	mov	r7, r0
3418541e:	9101      	str	r1, [sp, #4]
34185420:	d536      	bpl.n	34185490 <HAL_RCC_OscConfig+0xbc>
34185422:	f5b5 1f00 	cmp.w	r5, #2097152	@ 0x200000
34185426:	f000 80d7 	beq.w	341855d8 <HAL_RCC_OscConfig+0x204>
3418542a:	f1b0 5f00 	cmp.w	r0, #536870912	@ 0x20000000
3418542e:	f000 80d3 	beq.w	341855d8 <HAL_RCC_OscConfig+0x204>
34185432:	f1b1 5f00 	cmp.w	r1, #536870912	@ 0x20000000
34185436:	f000 80cb 	beq.w	341855d0 <HAL_RCC_OscConfig+0x1fc>
3418543a:	f1b9 5f00 	cmp.w	r9, #536870912	@ 0x20000000
3418543e:	f000 8266 	beq.w	3418590e <HAL_RCC_OscConfig+0x53a>
34185442:	f1ba 5f00 	cmp.w	sl, #536870912	@ 0x20000000
34185446:	f000 82e1 	beq.w	34185a0c <HAL_RCC_OscConfig+0x638>
3418544a:	f1bb 5f00 	cmp.w	fp, #536870912	@ 0x20000000
3418544e:	f000 82e2 	beq.w	34185a16 <HAL_RCC_OscConfig+0x642>
34185452:	6863      	ldr	r3, [r4, #4]
34185454:	2b10      	cmp	r3, #16
34185456:	f000 8334 	beq.w	34185ac2 <HAL_RCC_OscConfig+0x6ee>
3418545a:	2b00      	cmp	r3, #0
3418545c:	f040 826b 	bne.w	34185936 <HAL_RCC_OscConfig+0x562>
34185460:	2210      	movs	r2, #16
34185462:	4b75      	ldr	r3, [pc, #468]	@ (34185638 <HAL_RCC_OscConfig+0x264>)
34185464:	601a      	str	r2, [r3, #0]
34185466:	4a73      	ldr	r2, [pc, #460]	@ (34185634 <HAL_RCC_OscConfig+0x260>)
34185468:	6d53      	ldr	r3, [r2, #84]	@ 0x54
3418546a:	f423 33c0 	bic.w	r3, r3, #98304	@ 0x18000
3418546e:	6553      	str	r3, [r2, #84]	@ 0x54
34185470:	f7ff fde4 	bl	3418503c <HAL_GetTick>
34185474:	6863      	ldr	r3, [r4, #4]
34185476:	4605      	mov	r5, r0
34185478:	b92b      	cbnz	r3, 34185486 <HAL_RCC_OscConfig+0xb2>
3418547a:	e257      	b.n	3418592c <HAL_RCC_OscConfig+0x558>
3418547c:	f7ff fdde 	bl	3418503c <HAL_GetTick>
34185480:	1b40      	subs	r0, r0, r5
34185482:	2864      	cmp	r0, #100	@ 0x64
34185484:	d83d      	bhi.n	34185502 <HAL_RCC_OscConfig+0x12e>
34185486:	4b6b      	ldr	r3, [pc, #428]	@ (34185634 <HAL_RCC_OscConfig+0x260>)
34185488:	685b      	ldr	r3, [r3, #4]
3418548a:	06db      	lsls	r3, r3, #27
3418548c:	d5f6      	bpl.n	3418547c <HAL_RCC_OscConfig+0xa8>
3418548e:	6823      	ldr	r3, [r4, #0]
34185490:	0799      	lsls	r1, r3, #30
34185492:	d43a      	bmi.n	3418550a <HAL_RCC_OscConfig+0x136>
34185494:	06d9      	lsls	r1, r3, #27
34185496:	d555      	bpl.n	34185544 <HAL_RCC_OscConfig+0x170>
34185498:	f5b6 1f80 	cmp.w	r6, #1048576	@ 0x100000
3418549c:	f000 8184 	beq.w	341857a8 <HAL_RCC_OscConfig+0x3d4>
341854a0:	f1b7 5f80 	cmp.w	r7, #268435456	@ 0x10000000
341854a4:	f000 8180 	beq.w	341857a8 <HAL_RCC_OscConfig+0x3d4>
341854a8:	9a01      	ldr	r2, [sp, #4]
341854aa:	f1b2 5f80 	cmp.w	r2, #268435456	@ 0x10000000
341854ae:	f000 8177 	beq.w	341857a0 <HAL_RCC_OscConfig+0x3cc>
341854b2:	f1b9 5f80 	cmp.w	r9, #268435456	@ 0x10000000
341854b6:	f000 8308 	beq.w	34185aca <HAL_RCC_OscConfig+0x6f6>
341854ba:	f1ba 5f80 	cmp.w	sl, #268435456	@ 0x10000000
341854be:	f000 827d 	beq.w	341859bc <HAL_RCC_OscConfig+0x5e8>
341854c2:	f1bb 5f80 	cmp.w	fp, #268435456	@ 0x10000000
341854c6:	f000 827e 	beq.w	341859c6 <HAL_RCC_OscConfig+0x5f2>
341854ca:	69e3      	ldr	r3, [r4, #28]
341854cc:	2b00      	cmp	r3, #0
341854ce:	f000 8329 	beq.w	34185b24 <HAL_RCC_OscConfig+0x750>
341854d2:	2104      	movs	r1, #4
341854d4:	4b57      	ldr	r3, [pc, #348]	@ (34185634 <HAL_RCC_OscConfig+0x260>)
341854d6:	6a20      	ldr	r0, [r4, #32]
341854d8:	6c5a      	ldr	r2, [r3, #68]	@ 0x44
341854da:	f422 7200 	bic.w	r2, r2, #512	@ 0x200
341854de:	4302      	orrs	r2, r0
341854e0:	645a      	str	r2, [r3, #68]	@ 0x44
341854e2:	f8c3 1800 	str.w	r1, [r3, #2048]	@ 0x800
341854e6:	f7ff fda9 	bl	3418503c <HAL_GetTick>
341854ea:	4605      	mov	r5, r0
341854ec:	4b51      	ldr	r3, [pc, #324]	@ (34185634 <HAL_RCC_OscConfig+0x260>)
341854ee:	685a      	ldr	r2, [r3, #4]
341854f0:	0752      	lsls	r2, r2, #29
341854f2:	f100 8323 	bmi.w	34185b3c <HAL_RCC_OscConfig+0x768>
341854f6:	f7ff fda1 	bl	3418503c <HAL_GetTick>
341854fa:	1b42      	subs	r2, r0, r5
341854fc:	2a01      	cmp	r2, #1
341854fe:	4b4d      	ldr	r3, [pc, #308]	@ (34185634 <HAL_RCC_OscConfig+0x260>)
34185500:	d9f5      	bls.n	341854ee <HAL_RCC_OscConfig+0x11a>
34185502:	2003      	movs	r0, #3
34185504:	b003      	add	sp, #12
34185506:	e8bd 8ff0 	ldmia.w	sp!, {r4, r5, r6, r7, r8, r9, sl, fp, pc}
3418550a:	b146      	cbz	r6, 3418551e <HAL_RCC_OscConfig+0x14a>
3418550c:	b13f      	cbz	r7, 3418551e <HAL_RCC_OscConfig+0x14a>
3418550e:	9a01      	ldr	r2, [sp, #4]
34185510:	2a00      	cmp	r2, #0
34185512:	f040 81b7 	bne.w	34185884 <HAL_RCC_OscConfig+0x4b0>
34185516:	f418 7f80 	tst.w	r8, #256	@ 0x100
3418551a:	f000 81b3 	beq.w	34185884 <HAL_RCC_OscConfig+0x4b0>
3418551e:	68e2      	ldr	r2, [r4, #12]
34185520:	2a00      	cmp	r2, #0
34185522:	d05b      	beq.n	341855dc <HAL_RCC_OscConfig+0x208>
34185524:	4943      	ldr	r1, [pc, #268]	@ (34185634 <HAL_RCC_OscConfig+0x260>)
34185526:	6920      	ldr	r0, [r4, #16]
34185528:	6c8a      	ldr	r2, [r1, #72]	@ 0x48
3418552a:	f422 72c0 	bic.w	r2, r2, #384	@ 0x180
3418552e:	4302      	orrs	r2, r0
34185530:	648a      	str	r2, [r1, #72]	@ 0x48
34185532:	6c8a      	ldr	r2, [r1, #72]	@ 0x48
34185534:	6960      	ldr	r0, [r4, #20]
34185536:	f422 02fe 	bic.w	r2, r2, #8323072	@ 0x7f0000
3418553a:	ea42 4200 	orr.w	r2, r2, r0, lsl #16
3418553e:	648a      	str	r2, [r1, #72]	@ 0x48
34185540:	06d9      	lsls	r1, r3, #27
34185542:	d4a9      	bmi.n	34185498 <HAL_RCC_OscConfig+0xc4>
34185544:	071d      	lsls	r5, r3, #28
34185546:	d515      	bpl.n	34185574 <HAL_RCC_OscConfig+0x1a0>
34185548:	69a3      	ldr	r3, [r4, #24]
3418554a:	2b00      	cmp	r3, #0
3418554c:	f000 81cd 	beq.w	341858ea <HAL_RCC_OscConfig+0x516>
34185550:	2301      	movs	r3, #1
34185552:	4a38      	ldr	r2, [pc, #224]	@ (34185634 <HAL_RCC_OscConfig+0x260>)
34185554:	f8c2 3800 	str.w	r3, [r2, #2048]	@ 0x800
34185558:	f7ff fd70 	bl	3418503c <HAL_GetTick>
3418555c:	4605      	mov	r5, r0
3418555e:	e004      	b.n	3418556a <HAL_RCC_OscConfig+0x196>
34185560:	f7ff fd6c 	bl	3418503c <HAL_GetTick>
34185564:	1b40      	subs	r0, r0, r5
34185566:	2801      	cmp	r0, #1
34185568:	d8cb      	bhi.n	34185502 <HAL_RCC_OscConfig+0x12e>
3418556a:	4b32      	ldr	r3, [pc, #200]	@ (34185634 <HAL_RCC_OscConfig+0x260>)
3418556c:	685b      	ldr	r3, [r3, #4]
3418556e:	07d8      	lsls	r0, r3, #31
34185570:	d5f6      	bpl.n	34185560 <HAL_RCC_OscConfig+0x18c>
34185572:	6823      	ldr	r3, [r4, #0]
34185574:	075a      	lsls	r2, r3, #29
34185576:	d535      	bpl.n	341855e4 <HAL_RCC_OscConfig+0x210>
34185578:	68a3      	ldr	r3, [r4, #8]
3418557a:	2b02      	cmp	r3, #2
3418557c:	f000 8242 	beq.w	34185a04 <HAL_RCC_OscConfig+0x630>
34185580:	2b00      	cmp	r3, #0
34185582:	f000 8162 	beq.w	3418584a <HAL_RCC_OscConfig+0x476>
34185586:	f248 0202 	movw	r2, #32770	@ 0x8002
3418558a:	4293      	cmp	r3, r2
3418558c:	f000 82e6 	beq.w	34185b5c <HAL_RCC_OscConfig+0x788>
34185590:	4a2a      	ldr	r2, [pc, #168]	@ (3418563c <HAL_RCC_OscConfig+0x268>)
34185592:	2102      	movs	r1, #2
34185594:	4293      	cmp	r3, r2
34185596:	f000 82ee 	beq.w	34185b76 <HAL_RCC_OscConfig+0x7a2>
3418559a:	4a27      	ldr	r2, [pc, #156]	@ (34185638 <HAL_RCC_OscConfig+0x264>)
3418559c:	4b25      	ldr	r3, [pc, #148]	@ (34185634 <HAL_RCC_OscConfig+0x260>)
3418559e:	6011      	str	r1, [r2, #0]
341855a0:	6c1a      	ldr	r2, [r3, #64]	@ 0x40
341855a2:	f422 4200 	bic.w	r2, r2, #32768	@ 0x8000
341855a6:	641a      	str	r2, [r3, #64]	@ 0x40
341855a8:	6c1a      	ldr	r2, [r3, #64]	@ 0x40
341855aa:	f422 3280 	bic.w	r2, r2, #65536	@ 0x10000
341855ae:	641a      	str	r2, [r3, #64]	@ 0x40
341855b0:	f7ff fd44 	bl	3418503c <HAL_GetTick>
341855b4:	4605      	mov	r5, r0
341855b6:	4a1f      	ldr	r2, [pc, #124]	@ (34185634 <HAL_RCC_OscConfig+0x260>)
341855b8:	6853      	ldr	r3, [r2, #4]
341855ba:	079b      	lsls	r3, r3, #30
341855bc:	d412      	bmi.n	341855e4 <HAL_RCC_OscConfig+0x210>
341855be:	f7ff fd3d 	bl	3418503c <HAL_GetTick>
341855c2:	f241 3388 	movw	r3, #5000	@ 0x1388
341855c6:	1b40      	subs	r0, r0, r5
341855c8:	4298      	cmp	r0, r3
341855ca:	4a1a      	ldr	r2, [pc, #104]	@ (34185634 <HAL_RCC_OscConfig+0x260>)
341855cc:	d9f4      	bls.n	341855b8 <HAL_RCC_OscConfig+0x1e4>
341855ce:	e798      	b.n	34185502 <HAL_RCC_OscConfig+0x12e>
341855d0:	f418 7f80 	tst.w	r8, #256	@ 0x100
341855d4:	f43f af31 	beq.w	3418543a <HAL_RCC_OscConfig+0x66>
341855d8:	6863      	ldr	r3, [r4, #4]
341855da:	b9a3      	cbnz	r3, 34185606 <HAL_RCC_OscConfig+0x232>
341855dc:	2001      	movs	r0, #1
341855de:	b003      	add	sp, #12
341855e0:	e8bd 8ff0 	ldmia.w	sp!, {r4, r5, r6, r7, r8, r9, sl, fp, pc}
341855e4:	6aa2      	ldr	r2, [r4, #40]	@ 0x28
341855e6:	bb5a      	cbnz	r2, 34185640 <HAL_RCC_OscConfig+0x26c>
341855e8:	6c62      	ldr	r2, [r4, #68]	@ 0x44
341855ea:	2a00      	cmp	r2, #0
341855ec:	d15c      	bne.n	341856a8 <HAL_RCC_OscConfig+0x2d4>
341855ee:	6e22      	ldr	r2, [r4, #96]	@ 0x60
341855f0:	2a00      	cmp	r2, #0
341855f2:	f040 8097 	bne.w	34185724 <HAL_RCC_OscConfig+0x350>
341855f6:	6fe2      	ldr	r2, [r4, #124]	@ 0x7c
341855f8:	2a00      	cmp	r2, #0
341855fa:	f040 80e5 	bne.w	341857c8 <HAL_RCC_OscConfig+0x3f4>
341855fe:	2000      	movs	r0, #0
34185600:	b003      	add	sp, #12
34185602:	e8bd 8ff0 	ldmia.w	sp!, {r4, r5, r6, r7, r8, r9, sl, fp, pc}
34185606:	f7ff fd19 	bl	3418503c <HAL_GetTick>
3418560a:	4605      	mov	r5, r0
3418560c:	e005      	b.n	3418561a <HAL_RCC_OscConfig+0x246>
3418560e:	f7ff fd15 	bl	3418503c <HAL_GetTick>
34185612:	1b40      	subs	r0, r0, r5
34185614:	2864      	cmp	r0, #100	@ 0x64
34185616:	f63f af74 	bhi.w	34185502 <HAL_RCC_OscConfig+0x12e>
3418561a:	4b06      	ldr	r3, [pc, #24]	@ (34185634 <HAL_RCC_OscConfig+0x260>)
3418561c:	685b      	ldr	r3, [r3, #4]
3418561e:	06da      	lsls	r2, r3, #27
34185620:	d5f5      	bpl.n	3418560e <HAL_RCC_OscConfig+0x23a>
34185622:	f7ff fd0b 	bl	3418503c <HAL_GetTick>
34185626:	4605      	mov	r5, r0
34185628:	f7ff fd08 	bl	3418503c <HAL_GetTick>
3418562c:	1b40      	subs	r0, r0, r5
3418562e:	2801      	cmp	r0, #1
34185630:	d9fa      	bls.n	34185628 <HAL_RCC_OscConfig+0x254>
34185632:	e72c      	b.n	3418548e <HAL_RCC_OscConfig+0xba>
34185634:	56028000 	.word	0x56028000
34185638:	56029000 	.word	0x56029000
3418563c:	00018002 	.word	0x00018002
34185640:	4bb5      	ldr	r3, [pc, #724]	@ (34185918 <HAL_RCC_OscConfig+0x544>)
34185642:	6b20      	ldr	r0, [r4, #48]	@ 0x30
34185644:	f8d3 1080 	ldr.w	r1, [r3, #128]	@ 0x80
34185648:	6ba3      	ldr	r3, [r4, #56]	@ 0x38
3418564a:	f021 410c 	bic.w	r1, r1, #2348810240	@ 0x8c000000
3418564e:	021b      	lsls	r3, r3, #8
34185650:	ea43 5300 	orr.w	r3, r3, r0, lsl #20
34185654:	6ae0      	ldr	r0, [r4, #44]	@ 0x2c
34185656:	f021 01ff 	bic.w	r1, r1, #255	@ 0xff
3418565a:	4303      	orrs	r3, r0
3418565c:	4299      	cmp	r1, r3
3418565e:	f000 81df 	beq.w	34185a20 <HAL_RCC_OscConfig+0x64c>
34185662:	4bad      	ldr	r3, [pc, #692]	@ (34185918 <HAL_RCC_OscConfig+0x544>)
34185664:	685b      	ldr	r3, [r3, #4]
34185666:	4bac      	ldr	r3, [pc, #688]	@ (34185918 <HAL_RCC_OscConfig+0x544>)
34185668:	f5b6 1f40 	cmp.w	r6, #3145728	@ 0x300000
3418566c:	f8d3 10c4 	ldr.w	r1, [r3, #196]	@ 0xc4
34185670:	f8d3 20c8 	ldr.w	r2, [r3, #200]	@ 0xc8
34185674:	f8d3 00d8 	ldr.w	r0, [r3, #216]	@ 0xd8
34185678:	f8d3 30ec 	ldr.w	r3, [r3, #236]	@ 0xec
3418567c:	f000 81a8 	beq.w	341859d0 <HAL_RCC_OscConfig+0x5fc>
34185680:	f1b7 5f40 	cmp.w	r7, #805306368	@ 0x30000000
34185684:	d108      	bne.n	34185698 <HAL_RCC_OscConfig+0x2c4>
34185686:	f012 5f40 	tst.w	r2, #805306368	@ 0x30000000
3418568a:	d0a7      	beq.n	341855dc <HAL_RCC_OscConfig+0x208>
3418568c:	f010 5f40 	tst.w	r0, #805306368	@ 0x30000000
34185690:	d0a4      	beq.n	341855dc <HAL_RCC_OscConfig+0x208>
34185692:	f013 5f40 	tst.w	r3, #805306368	@ 0x30000000
34185696:	d0a1      	beq.n	341855dc <HAL_RCC_OscConfig+0x208>
34185698:	2000      	movs	r0, #0
3418569a:	f104 0128 	add.w	r1, r4, #40	@ 0x28
3418569e:	f7ff fdc9 	bl	34185234 <RCC_PLL_Config>
341856a2:	2800      	cmp	r0, #0
341856a4:	d0a0      	beq.n	341855e8 <HAL_RCC_OscConfig+0x214>
341856a6:	e799      	b.n	341855dc <HAL_RCC_OscConfig+0x208>
341856a8:	4b9b      	ldr	r3, [pc, #620]	@ (34185918 <HAL_RCC_OscConfig+0x544>)
341856aa:	6ce0      	ldr	r0, [r4, #76]	@ 0x4c
341856ac:	f8d3 1090 	ldr.w	r1, [r3, #144]	@ 0x90
341856b0:	6d63      	ldr	r3, [r4, #84]	@ 0x54
341856b2:	f021 410c 	bic.w	r1, r1, #2348810240	@ 0x8c000000
341856b6:	021b      	lsls	r3, r3, #8
341856b8:	ea43 5300 	orr.w	r3, r3, r0, lsl #20
341856bc:	6ca0      	ldr	r0, [r4, #72]	@ 0x48
341856be:	f021 01ff 	bic.w	r1, r1, #255	@ 0xff
341856c2:	4303      	orrs	r3, r0
341856c4:	4299      	cmp	r1, r3
341856c6:	f000 81d4 	beq.w	34185a72 <HAL_RCC_OscConfig+0x69e>
341856ca:	4b93      	ldr	r3, [pc, #588]	@ (34185918 <HAL_RCC_OscConfig+0x544>)
341856cc:	685b      	ldr	r3, [r3, #4]
341856ce:	4b92      	ldr	r3, [pc, #584]	@ (34185918 <HAL_RCC_OscConfig+0x544>)
341856d0:	f5b6 1f40 	cmp.w	r6, #3145728	@ 0x300000
341856d4:	f8d3 00c4 	ldr.w	r0, [r3, #196]	@ 0xc4
341856d8:	f8d3 20c8 	ldr.w	r2, [r3, #200]	@ 0xc8
341856dc:	f8d3 10d8 	ldr.w	r1, [r3, #216]	@ 0xd8
341856e0:	f8d3 30ec 	ldr.w	r3, [r3, #236]	@ 0xec
341856e4:	f000 8179 	beq.w	341859da <HAL_RCC_OscConfig+0x606>
341856e8:	f1b7 5f40 	cmp.w	r7, #805306368	@ 0x30000000
341856ec:	d111      	bne.n	34185712 <HAL_RCC_OscConfig+0x33e>
341856ee:	f002 5240 	and.w	r2, r2, #805306368	@ 0x30000000
341856f2:	f1b2 5f80 	cmp.w	r2, #268435456	@ 0x10000000
341856f6:	f43f af71 	beq.w	341855dc <HAL_RCC_OscConfig+0x208>
341856fa:	f001 5140 	and.w	r1, r1, #805306368	@ 0x30000000
341856fe:	f1b1 5f80 	cmp.w	r1, #268435456	@ 0x10000000
34185702:	f43f af6b 	beq.w	341855dc <HAL_RCC_OscConfig+0x208>
34185706:	f003 5340 	and.w	r3, r3, #805306368	@ 0x30000000
3418570a:	f1b3 5f80 	cmp.w	r3, #268435456	@ 0x10000000
3418570e:	f43f af65 	beq.w	341855dc <HAL_RCC_OscConfig+0x208>
34185712:	2001      	movs	r0, #1
34185714:	f104 0144 	add.w	r1, r4, #68	@ 0x44
34185718:	f7ff fd8c 	bl	34185234 <RCC_PLL_Config>
3418571c:	2800      	cmp	r0, #0
3418571e:	f43f af66 	beq.w	341855ee <HAL_RCC_OscConfig+0x21a>
34185722:	e75b      	b.n	341855dc <HAL_RCC_OscConfig+0x208>
34185724:	4b7c      	ldr	r3, [pc, #496]	@ (34185918 <HAL_RCC_OscConfig+0x544>)
34185726:	6ea0      	ldr	r0, [r4, #104]	@ 0x68
34185728:	f8d3 10a0 	ldr.w	r1, [r3, #160]	@ 0xa0
3418572c:	6f23      	ldr	r3, [r4, #112]	@ 0x70
3418572e:	f021 410c 	bic.w	r1, r1, #2348810240	@ 0x8c000000
34185732:	021b      	lsls	r3, r3, #8
34185734:	ea43 5300 	orr.w	r3, r3, r0, lsl #20
34185738:	6e60      	ldr	r0, [r4, #100]	@ 0x64
3418573a:	f021 01ff 	bic.w	r1, r1, #255	@ 0xff
3418573e:	4303      	orrs	r3, r0
34185740:	4299      	cmp	r1, r3
34185742:	f000 81c7 	beq.w	34185ad4 <HAL_RCC_OscConfig+0x700>
34185746:	4b74      	ldr	r3, [pc, #464]	@ (34185918 <HAL_RCC_OscConfig+0x544>)
34185748:	685b      	ldr	r3, [r3, #4]
3418574a:	4b73      	ldr	r3, [pc, #460]	@ (34185918 <HAL_RCC_OscConfig+0x544>)
3418574c:	f5b6 1f40 	cmp.w	r6, #3145728	@ 0x300000
34185750:	f8d3 00c4 	ldr.w	r0, [r3, #196]	@ 0xc4
34185754:	f8d3 20c8 	ldr.w	r2, [r3, #200]	@ 0xc8
34185758:	f8d3 10d8 	ldr.w	r1, [r3, #216]	@ 0xd8
3418575c:	f8d3 30ec 	ldr.w	r3, [r3, #236]	@ 0xec
34185760:	f000 8142 	beq.w	341859e8 <HAL_RCC_OscConfig+0x614>
34185764:	f1b7 5f40 	cmp.w	r7, #805306368	@ 0x30000000
34185768:	d111      	bne.n	3418578e <HAL_RCC_OscConfig+0x3ba>
3418576a:	f002 5240 	and.w	r2, r2, #805306368	@ 0x30000000
3418576e:	f1b2 5f00 	cmp.w	r2, #536870912	@ 0x20000000
34185772:	f43f af33 	beq.w	341855dc <HAL_RCC_OscConfig+0x208>
34185776:	f001 5140 	and.w	r1, r1, #805306368	@ 0x30000000
3418577a:	f1b1 5f00 	cmp.w	r1, #536870912	@ 0x20000000
3418577e:	f43f af2d 	beq.w	341855dc <HAL_RCC_OscConfig+0x208>
34185782:	f003 5340 	and.w	r3, r3, #805306368	@ 0x30000000
34185786:	f1b3 5f00 	cmp.w	r3, #536870912	@ 0x20000000
3418578a:	f43f af27 	beq.w	341855dc <HAL_RCC_OscConfig+0x208>
3418578e:	2002      	movs	r0, #2
34185790:	f104 0160 	add.w	r1, r4, #96	@ 0x60
34185794:	f7ff fd4e 	bl	34185234 <RCC_PLL_Config>
34185798:	2800      	cmp	r0, #0
3418579a:	f43f af2c 	beq.w	341855f6 <HAL_RCC_OscConfig+0x222>
3418579e:	e71d      	b.n	341855dc <HAL_RCC_OscConfig+0x208>
341857a0:	f418 7f80 	tst.w	r8, #256	@ 0x100
341857a4:	f43f ae85 	beq.w	341854b2 <HAL_RCC_OscConfig+0xde>
341857a8:	69e2      	ldr	r2, [r4, #28]
341857aa:	2a00      	cmp	r2, #0
341857ac:	f43f af16 	beq.w	341855dc <HAL_RCC_OscConfig+0x208>
341857b0:	4959      	ldr	r1, [pc, #356]	@ (34185918 <HAL_RCC_OscConfig+0x544>)
341857b2:	6a60      	ldr	r0, [r4, #36]	@ 0x24
341857b4:	6c4a      	ldr	r2, [r1, #68]	@ 0x44
341857b6:	071d      	lsls	r5, r3, #28
341857b8:	f422 12f8 	bic.w	r2, r2, #2031616	@ 0x1f0000
341857bc:	ea42 4200 	orr.w	r2, r2, r0, lsl #16
341857c0:	644a      	str	r2, [r1, #68]	@ 0x44
341857c2:	f57f aed7 	bpl.w	34185574 <HAL_RCC_OscConfig+0x1a0>
341857c6:	e6bf      	b.n	34185548 <HAL_RCC_OscConfig+0x174>
341857c8:	4b53      	ldr	r3, [pc, #332]	@ (34185918 <HAL_RCC_OscConfig+0x544>)
341857ca:	f8d4 0084 	ldr.w	r0, [r4, #132]	@ 0x84
341857ce:	f8d3 10b0 	ldr.w	r1, [r3, #176]	@ 0xb0
341857d2:	f8d4 308c 	ldr.w	r3, [r4, #140]	@ 0x8c
341857d6:	f021 410c 	bic.w	r1, r1, #2348810240	@ 0x8c000000
341857da:	021b      	lsls	r3, r3, #8
341857dc:	ea43 5300 	orr.w	r3, r3, r0, lsl #20
341857e0:	f8d4 0080 	ldr.w	r0, [r4, #128]	@ 0x80
341857e4:	f021 01ff 	bic.w	r1, r1, #255	@ 0xff
341857e8:	4303      	orrs	r3, r0
341857ea:	4299      	cmp	r1, r3
341857ec:	f000 80b5 	beq.w	3418595a <HAL_RCC_OscConfig+0x586>
341857f0:	4b49      	ldr	r3, [pc, #292]	@ (34185918 <HAL_RCC_OscConfig+0x544>)
341857f2:	685b      	ldr	r3, [r3, #4]
341857f4:	4b48      	ldr	r3, [pc, #288]	@ (34185918 <HAL_RCC_OscConfig+0x544>)
341857f6:	f5b6 1f40 	cmp.w	r6, #3145728	@ 0x300000
341857fa:	f8d3 00c4 	ldr.w	r0, [r3, #196]	@ 0xc4
341857fe:	f8d3 20c8 	ldr.w	r2, [r3, #200]	@ 0xc8
34185802:	f8d3 10d8 	ldr.w	r1, [r3, #216]	@ 0xd8
34185806:	f8d3 30ec 	ldr.w	r3, [r3, #236]	@ 0xec
3418580a:	f000 80f4 	beq.w	341859f6 <HAL_RCC_OscConfig+0x622>
3418580e:	f1b7 5f40 	cmp.w	r7, #805306368	@ 0x30000000
34185812:	d111      	bne.n	34185838 <HAL_RCC_OscConfig+0x464>
34185814:	f002 5240 	and.w	r2, r2, #805306368	@ 0x30000000
34185818:	f1b2 5f40 	cmp.w	r2, #805306368	@ 0x30000000
3418581c:	f43f aede 	beq.w	341855dc <HAL_RCC_OscConfig+0x208>
34185820:	f001 5140 	and.w	r1, r1, #805306368	@ 0x30000000
34185824:	f1b1 5f40 	cmp.w	r1, #805306368	@ 0x30000000
34185828:	f43f aed8 	beq.w	341855dc <HAL_RCC_OscConfig+0x208>
3418582c:	f003 5340 	and.w	r3, r3, #805306368	@ 0x30000000
34185830:	f1b3 5f40 	cmp.w	r3, #805306368	@ 0x30000000
34185834:	f43f aed2 	beq.w	341855dc <HAL_RCC_OscConfig+0x208>
34185838:	2003      	movs	r0, #3
3418583a:	f104 017c 	add.w	r1, r4, #124	@ 0x7c
3418583e:	f7ff fcf9 	bl	34185234 <RCC_PLL_Config>
34185842:	3800      	subs	r0, #0
34185844:	bf18      	it	ne
34185846:	2001      	movne	r0, #1
34185848:	e6c9      	b.n	341855de <HAL_RCC_OscConfig+0x20a>
3418584a:	2102      	movs	r1, #2
3418584c:	4a33      	ldr	r2, [pc, #204]	@ (3418591c <HAL_RCC_OscConfig+0x548>)
3418584e:	4b32      	ldr	r3, [pc, #200]	@ (34185918 <HAL_RCC_OscConfig+0x544>)
34185850:	6011      	str	r1, [r2, #0]
34185852:	6c1a      	ldr	r2, [r3, #64]	@ 0x40
34185854:	f422 3280 	bic.w	r2, r2, #65536	@ 0x10000
34185858:	641a      	str	r2, [r3, #64]	@ 0x40
3418585a:	6c1a      	ldr	r2, [r3, #64]	@ 0x40
3418585c:	f422 4200 	bic.w	r2, r2, #32768	@ 0x8000
34185860:	641a      	str	r2, [r3, #64]	@ 0x40
34185862:	f7ff fbeb 	bl	3418503c <HAL_GetTick>
34185866:	4605      	mov	r5, r0
34185868:	4b2b      	ldr	r3, [pc, #172]	@ (34185918 <HAL_RCC_OscConfig+0x544>)
3418586a:	685a      	ldr	r2, [r3, #4]
3418586c:	0790      	lsls	r0, r2, #30
3418586e:	f57f aeb9 	bpl.w	341855e4 <HAL_RCC_OscConfig+0x210>
34185872:	f7ff fbe3 	bl	3418503c <HAL_GetTick>
34185876:	f241 3288 	movw	r2, #5000	@ 0x1388
3418587a:	1b40      	subs	r0, r0, r5
3418587c:	4290      	cmp	r0, r2
3418587e:	4b26      	ldr	r3, [pc, #152]	@ (34185918 <HAL_RCC_OscConfig+0x544>)
34185880:	d9f3      	bls.n	3418586a <HAL_RCC_OscConfig+0x496>
34185882:	e63e      	b.n	34185502 <HAL_RCC_OscConfig+0x12e>
34185884:	f1b9 0f00 	cmp.w	r9, #0
34185888:	f000 8093 	beq.w	341859b2 <HAL_RCC_OscConfig+0x5de>
3418588c:	f1ba 0f00 	cmp.w	sl, #0
34185890:	d103      	bne.n	3418589a <HAL_RCC_OscConfig+0x4c6>
34185892:	f418 6f80 	tst.w	r8, #1024	@ 0x400
34185896:	f47f ae42 	bne.w	3418551e <HAL_RCC_OscConfig+0x14a>
3418589a:	f1bb 0f00 	cmp.w	fp, #0
3418589e:	d103      	bne.n	341858a8 <HAL_RCC_OscConfig+0x4d4>
341858a0:	f418 6f00 	tst.w	r8, #2048	@ 0x800
341858a4:	f47f ae3b 	bne.w	3418551e <HAL_RCC_OscConfig+0x14a>
341858a8:	68e3      	ldr	r3, [r4, #12]
341858aa:	2208      	movs	r2, #8
341858ac:	2b00      	cmp	r3, #0
341858ae:	f000 816e 	beq.w	34185b8e <HAL_RCC_OscConfig+0x7ba>
341858b2:	4b19      	ldr	r3, [pc, #100]	@ (34185918 <HAL_RCC_OscConfig+0x544>)
341858b4:	f8c3 2800 	str.w	r2, [r3, #2048]	@ 0x800
341858b8:	f7ff fbc0 	bl	3418503c <HAL_GetTick>
341858bc:	4605      	mov	r5, r0
341858be:	4b16      	ldr	r3, [pc, #88]	@ (34185918 <HAL_RCC_OscConfig+0x544>)
341858c0:	685a      	ldr	r2, [r3, #4]
341858c2:	0712      	lsls	r2, r2, #28
341858c4:	f140 816e 	bpl.w	34185ba4 <HAL_RCC_OscConfig+0x7d0>
341858c8:	6c9a      	ldr	r2, [r3, #72]	@ 0x48
341858ca:	6921      	ldr	r1, [r4, #16]
341858cc:	f422 72c0 	bic.w	r2, r2, #384	@ 0x180
341858d0:	430a      	orrs	r2, r1
341858d2:	649a      	str	r2, [r3, #72]	@ 0x48
341858d4:	6c9a      	ldr	r2, [r3, #72]	@ 0x48
341858d6:	6961      	ldr	r1, [r4, #20]
341858d8:	f422 02fe 	bic.w	r2, r2, #8323072	@ 0x7f0000
341858dc:	ea42 4201 	orr.w	r2, r2, r1, lsl #16
341858e0:	649a      	str	r2, [r3, #72]	@ 0x48
341858e2:	6823      	ldr	r3, [r4, #0]
341858e4:	e5d6      	b.n	34185494 <HAL_RCC_OscConfig+0xc0>
341858e6:	2001      	movs	r0, #1
341858e8:	4770      	bx	lr
341858ea:	2201      	movs	r2, #1
341858ec:	4b0b      	ldr	r3, [pc, #44]	@ (3418591c <HAL_RCC_OscConfig+0x548>)
341858ee:	601a      	str	r2, [r3, #0]
341858f0:	f7ff fba4 	bl	3418503c <HAL_GetTick>
341858f4:	4605      	mov	r5, r0
341858f6:	e005      	b.n	34185904 <HAL_RCC_OscConfig+0x530>
341858f8:	f7ff fba0 	bl	3418503c <HAL_GetTick>
341858fc:	1b40      	subs	r0, r0, r5
341858fe:	2801      	cmp	r0, #1
34185900:	f63f adff 	bhi.w	34185502 <HAL_RCC_OscConfig+0x12e>
34185904:	4b04      	ldr	r3, [pc, #16]	@ (34185918 <HAL_RCC_OscConfig+0x544>)
34185906:	685b      	ldr	r3, [r3, #4]
34185908:	07d9      	lsls	r1, r3, #31
3418590a:	d4f5      	bmi.n	341858f8 <HAL_RCC_OscConfig+0x524>
3418590c:	e631      	b.n	34185572 <HAL_RCC_OscConfig+0x19e>
3418590e:	f418 7f00 	tst.w	r8, #512	@ 0x200
34185912:	f47f ae61 	bne.w	341855d8 <HAL_RCC_OscConfig+0x204>
34185916:	e594      	b.n	34185442 <HAL_RCC_OscConfig+0x6e>
34185918:	56028000 	.word	0x56028000
3418591c:	56029000 	.word	0x56029000
34185920:	f7ff fb8c 	bl	3418503c <HAL_GetTick>
34185924:	1b40      	subs	r0, r0, r5
34185926:	2864      	cmp	r0, #100	@ 0x64
34185928:	f63f adeb 	bhi.w	34185502 <HAL_RCC_OscConfig+0x12e>
3418592c:	4bab      	ldr	r3, [pc, #684]	@ (34185bdc <HAL_RCC_OscConfig+0x808>)
3418592e:	685b      	ldr	r3, [r3, #4]
34185930:	06d8      	lsls	r0, r3, #27
34185932:	d4f5      	bmi.n	34185920 <HAL_RCC_OscConfig+0x54c>
34185934:	e5ab      	b.n	3418548e <HAL_RCC_OscConfig+0xba>
34185936:	f248 0210 	movw	r2, #32784	@ 0x8010
3418593a:	4293      	cmp	r3, r2
3418593c:	f000 8141 	beq.w	34185bc2 <HAL_RCC_OscConfig+0x7ee>
34185940:	4aa7      	ldr	r2, [pc, #668]	@ (34185be0 <HAL_RCC_OscConfig+0x80c>)
34185942:	4293      	cmp	r3, r2
34185944:	f47f ad8c 	bne.w	34185460 <HAL_RCC_OscConfig+0x8c>
34185948:	2110      	movs	r1, #16
3418594a:	4ba4      	ldr	r3, [pc, #656]	@ (34185bdc <HAL_RCC_OscConfig+0x808>)
3418594c:	6d5a      	ldr	r2, [r3, #84]	@ 0x54
3418594e:	f442 32c0 	orr.w	r2, r2, #98304	@ 0x18000
34185952:	655a      	str	r2, [r3, #84]	@ 0x54
34185954:	f8c3 1800 	str.w	r1, [r3, #2048]	@ 0x800
34185958:	e58a      	b.n	34185470 <HAL_RCC_OscConfig+0x9c>
3418595a:	4ba0      	ldr	r3, [pc, #640]	@ (34185bdc <HAL_RCC_OscConfig+0x808>)
3418595c:	f8d4 1088 	ldr.w	r1, [r4, #136]	@ 0x88
34185960:	f8d3 30b4 	ldr.w	r3, [r3, #180]	@ 0xb4
34185964:	f023 437f 	bic.w	r3, r3, #4278190080	@ 0xff000000
34185968:	428b      	cmp	r3, r1
3418596a:	f47f af41 	bne.w	341857f0 <HAL_RCC_OscConfig+0x41c>
3418596e:	4b9b      	ldr	r3, [pc, #620]	@ (34185bdc <HAL_RCC_OscConfig+0x808>)
34185970:	f8d4 0090 	ldr.w	r0, [r4, #144]	@ 0x90
34185974:	f8d3 10b8 	ldr.w	r1, [r3, #184]	@ 0xb8
34185978:	f8d4 3094 	ldr.w	r3, [r4, #148]	@ 0x94
3418597c:	f001 517c 	and.w	r1, r1, #1056964608	@ 0x3f000000
34185980:	061b      	lsls	r3, r3, #24
34185982:	ea43 63c0 	orr.w	r3, r3, r0, lsl #27
34185986:	4299      	cmp	r1, r3
34185988:	f47f af32 	bne.w	341857f0 <HAL_RCC_OscConfig+0x41c>
3418598c:	4993      	ldr	r1, [pc, #588]	@ (34185bdc <HAL_RCC_OscConfig+0x808>)
3418598e:	684b      	ldr	r3, [r1, #4]
34185990:	051d      	lsls	r5, r3, #20
34185992:	f100 8182 	bmi.w	34185c9a <HAL_RCC_OscConfig+0x8c6>
34185996:	f8d1 30b0 	ldr.w	r3, [r1, #176]	@ 0xb0
3418599a:	0118      	lsls	r0, r3, #4
3418599c:	f100 816c 	bmi.w	34185c78 <HAL_RCC_OscConfig+0x8a4>
341859a0:	684b      	ldr	r3, [r1, #4]
341859a2:	f413 6300 	ands.w	r3, r3, #2048	@ 0x800
341859a6:	f040 81c9 	bne.w	34185d3c <HAL_RCC_OscConfig+0x968>
341859aa:	2a01      	cmp	r2, #1
341859ac:	f43f ae27 	beq.w	341855fe <HAL_RCC_OscConfig+0x22a>
341859b0:	e720      	b.n	341857f4 <HAL_RCC_OscConfig+0x420>
341859b2:	f418 7f00 	tst.w	r8, #512	@ 0x200
341859b6:	f47f adb2 	bne.w	3418551e <HAL_RCC_OscConfig+0x14a>
341859ba:	e767      	b.n	3418588c <HAL_RCC_OscConfig+0x4b8>
341859bc:	f418 6f80 	tst.w	r8, #1024	@ 0x400
341859c0:	f47f aef2 	bne.w	341857a8 <HAL_RCC_OscConfig+0x3d4>
341859c4:	e57d      	b.n	341854c2 <HAL_RCC_OscConfig+0xee>
341859c6:	f418 6f00 	tst.w	r8, #2048	@ 0x800
341859ca:	f43f ad7e 	beq.w	341854ca <HAL_RCC_OscConfig+0xf6>
341859ce:	e6eb      	b.n	341857a8 <HAL_RCC_OscConfig+0x3d4>
341859d0:	f011 5f40 	tst.w	r1, #805306368	@ 0x30000000
341859d4:	f47f ae54 	bne.w	34185680 <HAL_RCC_OscConfig+0x2ac>
341859d8:	e600      	b.n	341855dc <HAL_RCC_OscConfig+0x208>
341859da:	f000 5040 	and.w	r0, r0, #805306368	@ 0x30000000
341859de:	f1b0 5f80 	cmp.w	r0, #268435456	@ 0x10000000
341859e2:	f47f ae81 	bne.w	341856e8 <HAL_RCC_OscConfig+0x314>
341859e6:	e5f9      	b.n	341855dc <HAL_RCC_OscConfig+0x208>
341859e8:	f000 5040 	and.w	r0, r0, #805306368	@ 0x30000000
341859ec:	f1b0 5f00 	cmp.w	r0, #536870912	@ 0x20000000
341859f0:	f47f aeb8 	bne.w	34185764 <HAL_RCC_OscConfig+0x390>
341859f4:	e5f2      	b.n	341855dc <HAL_RCC_OscConfig+0x208>
341859f6:	f000 5040 	and.w	r0, r0, #805306368	@ 0x30000000
341859fa:	f1b0 5f40 	cmp.w	r0, #805306368	@ 0x30000000
341859fe:	f47f af06 	bne.w	3418580e <HAL_RCC_OscConfig+0x43a>
34185a02:	e5eb      	b.n	341855dc <HAL_RCC_OscConfig+0x208>
34185a04:	4a75      	ldr	r2, [pc, #468]	@ (34185bdc <HAL_RCC_OscConfig+0x808>)
34185a06:	f8c2 3800 	str.w	r3, [r2, #2048]	@ 0x800
34185a0a:	e5d1      	b.n	341855b0 <HAL_RCC_OscConfig+0x1dc>
34185a0c:	f418 6f80 	tst.w	r8, #1024	@ 0x400
34185a10:	f47f ade2 	bne.w	341855d8 <HAL_RCC_OscConfig+0x204>
34185a14:	e519      	b.n	3418544a <HAL_RCC_OscConfig+0x76>
34185a16:	f418 6f00 	tst.w	r8, #2048	@ 0x800
34185a1a:	f43f ad1a 	beq.w	34185452 <HAL_RCC_OscConfig+0x7e>
34185a1e:	e5db      	b.n	341855d8 <HAL_RCC_OscConfig+0x204>
34185a20:	4b6e      	ldr	r3, [pc, #440]	@ (34185bdc <HAL_RCC_OscConfig+0x808>)
34185a22:	6b61      	ldr	r1, [r4, #52]	@ 0x34
34185a24:	f8d3 3084 	ldr.w	r3, [r3, #132]	@ 0x84
34185a28:	f023 437f 	bic.w	r3, r3, #4278190080	@ 0xff000000
34185a2c:	428b      	cmp	r3, r1
34185a2e:	f47f ae18 	bne.w	34185662 <HAL_RCC_OscConfig+0x28e>
34185a32:	4b6a      	ldr	r3, [pc, #424]	@ (34185bdc <HAL_RCC_OscConfig+0x808>)
34185a34:	6be0      	ldr	r0, [r4, #60]	@ 0x3c
34185a36:	f8d3 1088 	ldr.w	r1, [r3, #136]	@ 0x88
34185a3a:	6c23      	ldr	r3, [r4, #64]	@ 0x40
34185a3c:	f001 517c 	and.w	r1, r1, #1056964608	@ 0x3f000000
34185a40:	061b      	lsls	r3, r3, #24
34185a42:	ea43 63c0 	orr.w	r3, r3, r0, lsl #27
34185a46:	4299      	cmp	r1, r3
34185a48:	f47f ae0b 	bne.w	34185662 <HAL_RCC_OscConfig+0x28e>
34185a4c:	4b63      	ldr	r3, [pc, #396]	@ (34185bdc <HAL_RCC_OscConfig+0x808>)
34185a4e:	685b      	ldr	r3, [r3, #4]
34185a50:	05d9      	lsls	r1, r3, #23
34185a52:	f100 80d2 	bmi.w	34185bfa <HAL_RCC_OscConfig+0x826>
34185a56:	4961      	ldr	r1, [pc, #388]	@ (34185bdc <HAL_RCC_OscConfig+0x808>)
34185a58:	f8d1 3080 	ldr.w	r3, [r1, #128]	@ 0x80
34185a5c:	011d      	lsls	r5, r3, #4
34185a5e:	f100 80c3 	bmi.w	34185be8 <HAL_RCC_OscConfig+0x814>
34185a62:	684b      	ldr	r3, [r1, #4]
34185a64:	05d8      	lsls	r0, r3, #23
34185a66:	f100 815a 	bmi.w	34185d1e <HAL_RCC_OscConfig+0x94a>
34185a6a:	2a01      	cmp	r2, #1
34185a6c:	f43f adbc 	beq.w	341855e8 <HAL_RCC_OscConfig+0x214>
34185a70:	e5f9      	b.n	34185666 <HAL_RCC_OscConfig+0x292>
34185a72:	4b5a      	ldr	r3, [pc, #360]	@ (34185bdc <HAL_RCC_OscConfig+0x808>)
34185a74:	6d21      	ldr	r1, [r4, #80]	@ 0x50
34185a76:	f8d3 3094 	ldr.w	r3, [r3, #148]	@ 0x94
34185a7a:	f023 437f 	bic.w	r3, r3, #4278190080	@ 0xff000000
34185a7e:	428b      	cmp	r3, r1
34185a80:	f47f ae23 	bne.w	341856ca <HAL_RCC_OscConfig+0x2f6>
34185a84:	4b55      	ldr	r3, [pc, #340]	@ (34185bdc <HAL_RCC_OscConfig+0x808>)
34185a86:	6da0      	ldr	r0, [r4, #88]	@ 0x58
34185a88:	f8d3 1098 	ldr.w	r1, [r3, #152]	@ 0x98
34185a8c:	6de3      	ldr	r3, [r4, #92]	@ 0x5c
34185a8e:	f001 517c 	and.w	r1, r1, #1056964608	@ 0x3f000000
34185a92:	061b      	lsls	r3, r3, #24
34185a94:	ea43 63c0 	orr.w	r3, r3, r0, lsl #27
34185a98:	4299      	cmp	r1, r3
34185a9a:	f47f ae16 	bne.w	341856ca <HAL_RCC_OscConfig+0x2f6>
34185a9e:	494f      	ldr	r1, [pc, #316]	@ (34185bdc <HAL_RCC_OscConfig+0x808>)
34185aa0:	684b      	ldr	r3, [r1, #4]
34185aa2:	0598      	lsls	r0, r3, #22
34185aa4:	f100 80cd 	bmi.w	34185c42 <HAL_RCC_OscConfig+0x86e>
34185aa8:	f8d1 3090 	ldr.w	r3, [r1, #144]	@ 0x90
34185aac:	011b      	lsls	r3, r3, #4
34185aae:	f100 80c0 	bmi.w	34185c32 <HAL_RCC_OscConfig+0x85e>
34185ab2:	684b      	ldr	r3, [r1, #4]
34185ab4:	059d      	lsls	r5, r3, #22
34185ab6:	f100 8134 	bmi.w	34185d22 <HAL_RCC_OscConfig+0x94e>
34185aba:	2a01      	cmp	r2, #1
34185abc:	f43f ad97 	beq.w	341855ee <HAL_RCC_OscConfig+0x21a>
34185ac0:	e605      	b.n	341856ce <HAL_RCC_OscConfig+0x2fa>
34185ac2:	4a46      	ldr	r2, [pc, #280]	@ (34185bdc <HAL_RCC_OscConfig+0x808>)
34185ac4:	f8c2 3800 	str.w	r3, [r2, #2048]	@ 0x800
34185ac8:	e4d2      	b.n	34185470 <HAL_RCC_OscConfig+0x9c>
34185aca:	f418 7f00 	tst.w	r8, #512	@ 0x200
34185ace:	f47f ae6b 	bne.w	341857a8 <HAL_RCC_OscConfig+0x3d4>
34185ad2:	e4f2      	b.n	341854ba <HAL_RCC_OscConfig+0xe6>
34185ad4:	4b41      	ldr	r3, [pc, #260]	@ (34185bdc <HAL_RCC_OscConfig+0x808>)
34185ad6:	6ee1      	ldr	r1, [r4, #108]	@ 0x6c
34185ad8:	f8d3 30a4 	ldr.w	r3, [r3, #164]	@ 0xa4
34185adc:	f023 437f 	bic.w	r3, r3, #4278190080	@ 0xff000000
34185ae0:	428b      	cmp	r3, r1
34185ae2:	f47f ae30 	bne.w	34185746 <HAL_RCC_OscConfig+0x372>
34185ae6:	4b3d      	ldr	r3, [pc, #244]	@ (34185bdc <HAL_RCC_OscConfig+0x808>)
34185ae8:	6f60      	ldr	r0, [r4, #116]	@ 0x74
34185aea:	f8d3 10a8 	ldr.w	r1, [r3, #168]	@ 0xa8
34185aee:	6fa3      	ldr	r3, [r4, #120]	@ 0x78
34185af0:	f001 517c 	and.w	r1, r1, #1056964608	@ 0x3f000000
34185af4:	061b      	lsls	r3, r3, #24
34185af6:	ea43 63c0 	orr.w	r3, r3, r0, lsl #27
34185afa:	4299      	cmp	r1, r3
34185afc:	f47f ae23 	bne.w	34185746 <HAL_RCC_OscConfig+0x372>
34185b00:	4936      	ldr	r1, [pc, #216]	@ (34185bdc <HAL_RCC_OscConfig+0x808>)
34185b02:	684b      	ldr	r3, [r1, #4]
34185b04:	0558      	lsls	r0, r3, #21
34185b06:	f100 80e3 	bmi.w	34185cd0 <HAL_RCC_OscConfig+0x8fc>
34185b0a:	f8d1 30a0 	ldr.w	r3, [r1, #160]	@ 0xa0
34185b0e:	011b      	lsls	r3, r3, #4
34185b10:	f100 80bb 	bmi.w	34185c8a <HAL_RCC_OscConfig+0x8b6>
34185b14:	684b      	ldr	r3, [r1, #4]
34185b16:	055d      	lsls	r5, r3, #21
34185b18:	f100 80ff 	bmi.w	34185d1a <HAL_RCC_OscConfig+0x946>
34185b1c:	2a01      	cmp	r2, #1
34185b1e:	f43f ad6a 	beq.w	341855f6 <HAL_RCC_OscConfig+0x222>
34185b22:	e612      	b.n	3418574a <HAL_RCC_OscConfig+0x376>
34185b24:	2204      	movs	r2, #4
34185b26:	4b2f      	ldr	r3, [pc, #188]	@ (34185be4 <HAL_RCC_OscConfig+0x810>)
34185b28:	601a      	str	r2, [r3, #0]
34185b2a:	f7ff fa87 	bl	3418503c <HAL_GetTick>
34185b2e:	4605      	mov	r5, r0
34185b30:	4a2a      	ldr	r2, [pc, #168]	@ (34185bdc <HAL_RCC_OscConfig+0x808>)
34185b32:	6853      	ldr	r3, [r2, #4]
34185b34:	075b      	lsls	r3, r3, #29
34185b36:	d40a      	bmi.n	34185b4e <HAL_RCC_OscConfig+0x77a>
34185b38:	6823      	ldr	r3, [r4, #0]
34185b3a:	e503      	b.n	34185544 <HAL_RCC_OscConfig+0x170>
34185b3c:	6c5a      	ldr	r2, [r3, #68]	@ 0x44
34185b3e:	6a61      	ldr	r1, [r4, #36]	@ 0x24
34185b40:	f422 12f8 	bic.w	r2, r2, #2031616	@ 0x1f0000
34185b44:	ea42 4201 	orr.w	r2, r2, r1, lsl #16
34185b48:	645a      	str	r2, [r3, #68]	@ 0x44
34185b4a:	6823      	ldr	r3, [r4, #0]
34185b4c:	e4fa      	b.n	34185544 <HAL_RCC_OscConfig+0x170>
34185b4e:	f7ff fa75 	bl	3418503c <HAL_GetTick>
34185b52:	1b43      	subs	r3, r0, r5
34185b54:	2b01      	cmp	r3, #1
34185b56:	4a21      	ldr	r2, [pc, #132]	@ (34185bdc <HAL_RCC_OscConfig+0x808>)
34185b58:	d9eb      	bls.n	34185b32 <HAL_RCC_OscConfig+0x75e>
34185b5a:	e4d2      	b.n	34185502 <HAL_RCC_OscConfig+0x12e>
34185b5c:	2102      	movs	r1, #2
34185b5e:	4b1f      	ldr	r3, [pc, #124]	@ (34185bdc <HAL_RCC_OscConfig+0x808>)
34185b60:	6c1a      	ldr	r2, [r3, #64]	@ 0x40
34185b62:	f442 4200 	orr.w	r2, r2, #32768	@ 0x8000
34185b66:	641a      	str	r2, [r3, #64]	@ 0x40
34185b68:	6c1a      	ldr	r2, [r3, #64]	@ 0x40
34185b6a:	f422 3280 	bic.w	r2, r2, #65536	@ 0x10000
34185b6e:	641a      	str	r2, [r3, #64]	@ 0x40
34185b70:	f8c3 1800 	str.w	r1, [r3, #2048]	@ 0x800
34185b74:	e51c      	b.n	341855b0 <HAL_RCC_OscConfig+0x1dc>
34185b76:	4b19      	ldr	r3, [pc, #100]	@ (34185bdc <HAL_RCC_OscConfig+0x808>)
34185b78:	6c1a      	ldr	r2, [r3, #64]	@ 0x40
34185b7a:	f442 4200 	orr.w	r2, r2, #32768	@ 0x8000
34185b7e:	641a      	str	r2, [r3, #64]	@ 0x40
34185b80:	6c1a      	ldr	r2, [r3, #64]	@ 0x40
34185b82:	f442 3280 	orr.w	r2, r2, #65536	@ 0x10000
34185b86:	641a      	str	r2, [r3, #64]	@ 0x40
34185b88:	f8c3 1800 	str.w	r1, [r3, #2048]	@ 0x800
34185b8c:	e510      	b.n	341855b0 <HAL_RCC_OscConfig+0x1dc>
34185b8e:	4b15      	ldr	r3, [pc, #84]	@ (34185be4 <HAL_RCC_OscConfig+0x810>)
34185b90:	601a      	str	r2, [r3, #0]
34185b92:	f7ff fa53 	bl	3418503c <HAL_GetTick>
34185b96:	4605      	mov	r5, r0
34185b98:	4a10      	ldr	r2, [pc, #64]	@ (34185bdc <HAL_RCC_OscConfig+0x808>)
34185b9a:	6853      	ldr	r3, [r2, #4]
34185b9c:	0718      	lsls	r0, r3, #28
34185b9e:	d409      	bmi.n	34185bb4 <HAL_RCC_OscConfig+0x7e0>
34185ba0:	6823      	ldr	r3, [r4, #0]
34185ba2:	e477      	b.n	34185494 <HAL_RCC_OscConfig+0xc0>
34185ba4:	f7ff fa4a 	bl	3418503c <HAL_GetTick>
34185ba8:	1b42      	subs	r2, r0, r5
34185baa:	2a01      	cmp	r2, #1
34185bac:	4b0b      	ldr	r3, [pc, #44]	@ (34185bdc <HAL_RCC_OscConfig+0x808>)
34185bae:	f67f ae87 	bls.w	341858c0 <HAL_RCC_OscConfig+0x4ec>
34185bb2:	e4a6      	b.n	34185502 <HAL_RCC_OscConfig+0x12e>
34185bb4:	f7ff fa42 	bl	3418503c <HAL_GetTick>
34185bb8:	1b43      	subs	r3, r0, r5
34185bba:	2b01      	cmp	r3, #1
34185bbc:	4a07      	ldr	r2, [pc, #28]	@ (34185bdc <HAL_RCC_OscConfig+0x808>)
34185bbe:	d9ec      	bls.n	34185b9a <HAL_RCC_OscConfig+0x7c6>
34185bc0:	e49f      	b.n	34185502 <HAL_RCC_OscConfig+0x12e>
34185bc2:	2110      	movs	r1, #16
34185bc4:	4b05      	ldr	r3, [pc, #20]	@ (34185bdc <HAL_RCC_OscConfig+0x808>)
34185bc6:	6d5a      	ldr	r2, [r3, #84]	@ 0x54
34185bc8:	f442 4200 	orr.w	r2, r2, #32768	@ 0x8000
34185bcc:	655a      	str	r2, [r3, #84]	@ 0x54
34185bce:	6d5a      	ldr	r2, [r3, #84]	@ 0x54
34185bd0:	f422 3280 	bic.w	r2, r2, #65536	@ 0x10000
34185bd4:	655a      	str	r2, [r3, #84]	@ 0x54
34185bd6:	f8c3 1800 	str.w	r1, [r3, #2048]	@ 0x800
34185bda:	e449      	b.n	34185470 <HAL_RCC_OscConfig+0x9c>
34185bdc:	56028000 	.word	0x56028000
34185be0:	00018010 	.word	0x00018010
34185be4:	56029000 	.word	0x56029000
34185be8:	4b5a      	ldr	r3, [pc, #360]	@ (34185d54 <HAL_RCC_OscConfig+0x980>)
34185bea:	685b      	ldr	r3, [r3, #4]
34185bec:	05d9      	lsls	r1, r3, #23
34185bee:	f100 808a 	bmi.w	34185d06 <HAL_RCC_OscConfig+0x932>
34185bf2:	2a03      	cmp	r2, #3
34185bf4:	f43f acf8 	beq.w	341855e8 <HAL_RCC_OscConfig+0x214>
34185bf8:	e535      	b.n	34185666 <HAL_RCC_OscConfig+0x292>
34185bfa:	4b56      	ldr	r3, [pc, #344]	@ (34185d54 <HAL_RCC_OscConfig+0x980>)
34185bfc:	685b      	ldr	r3, [r3, #4]
34185bfe:	05db      	lsls	r3, r3, #23
34185c00:	f100 8094 	bmi.w	34185d2c <HAL_RCC_OscConfig+0x958>
34185c04:	2a02      	cmp	r2, #2
34185c06:	f47f ad2e 	bne.w	34185666 <HAL_RCC_OscConfig+0x292>
34185c0a:	f44f 7380 	mov.w	r3, #256	@ 0x100
34185c0e:	4a51      	ldr	r2, [pc, #324]	@ (34185d54 <HAL_RCC_OscConfig+0x980>)
34185c10:	f8c2 3800 	str.w	r3, [r2, #2048]	@ 0x800
34185c14:	f7ff fa12 	bl	3418503c <HAL_GetTick>
34185c18:	4605      	mov	r5, r0
34185c1a:	e005      	b.n	34185c28 <HAL_RCC_OscConfig+0x854>
34185c1c:	f7ff fa0e 	bl	3418503c <HAL_GetTick>
34185c20:	1b40      	subs	r0, r0, r5
34185c22:	2801      	cmp	r0, #1
34185c24:	f63f acda 	bhi.w	341855dc <HAL_RCC_OscConfig+0x208>
34185c28:	4b4a      	ldr	r3, [pc, #296]	@ (34185d54 <HAL_RCC_OscConfig+0x980>)
34185c2a:	685b      	ldr	r3, [r3, #4]
34185c2c:	05db      	lsls	r3, r3, #23
34185c2e:	d5f5      	bpl.n	34185c1c <HAL_RCC_OscConfig+0x848>
34185c30:	e4da      	b.n	341855e8 <HAL_RCC_OscConfig+0x214>
34185c32:	4b48      	ldr	r3, [pc, #288]	@ (34185d54 <HAL_RCC_OscConfig+0x980>)
34185c34:	685b      	ldr	r3, [r3, #4]
34185c36:	0598      	lsls	r0, r3, #22
34185c38:	d47a      	bmi.n	34185d30 <HAL_RCC_OscConfig+0x95c>
34185c3a:	2a03      	cmp	r2, #3
34185c3c:	f43f acd7 	beq.w	341855ee <HAL_RCC_OscConfig+0x21a>
34185c40:	e545      	b.n	341856ce <HAL_RCC_OscConfig+0x2fa>
34185c42:	4b44      	ldr	r3, [pc, #272]	@ (34185d54 <HAL_RCC_OscConfig+0x980>)
34185c44:	685b      	ldr	r3, [r3, #4]
34185c46:	0599      	lsls	r1, r3, #22
34185c48:	d474      	bmi.n	34185d34 <HAL_RCC_OscConfig+0x960>
34185c4a:	2a02      	cmp	r2, #2
34185c4c:	f47f ad3f 	bne.w	341856ce <HAL_RCC_OscConfig+0x2fa>
34185c50:	f44f 7300 	mov.w	r3, #512	@ 0x200
34185c54:	4a3f      	ldr	r2, [pc, #252]	@ (34185d54 <HAL_RCC_OscConfig+0x980>)
34185c56:	f8c2 3800 	str.w	r3, [r2, #2048]	@ 0x800
34185c5a:	f7ff f9ef 	bl	3418503c <HAL_GetTick>
34185c5e:	4605      	mov	r5, r0
34185c60:	e005      	b.n	34185c6e <HAL_RCC_OscConfig+0x89a>
34185c62:	f7ff f9eb 	bl	3418503c <HAL_GetTick>
34185c66:	1b40      	subs	r0, r0, r5
34185c68:	2801      	cmp	r0, #1
34185c6a:	f63f acb7 	bhi.w	341855dc <HAL_RCC_OscConfig+0x208>
34185c6e:	4b39      	ldr	r3, [pc, #228]	@ (34185d54 <HAL_RCC_OscConfig+0x980>)
34185c70:	685b      	ldr	r3, [r3, #4]
34185c72:	059b      	lsls	r3, r3, #22
34185c74:	d5f5      	bpl.n	34185c62 <HAL_RCC_OscConfig+0x88e>
34185c76:	e4ba      	b.n	341855ee <HAL_RCC_OscConfig+0x21a>
34185c78:	4b36      	ldr	r3, [pc, #216]	@ (34185d54 <HAL_RCC_OscConfig+0x980>)
34185c7a:	685b      	ldr	r3, [r3, #4]
34185c7c:	f413 6300 	ands.w	r3, r3, #2048	@ 0x800
34185c80:	d163      	bne.n	34185d4a <HAL_RCC_OscConfig+0x976>
34185c82:	2a03      	cmp	r2, #3
34185c84:	f43f acbb 	beq.w	341855fe <HAL_RCC_OscConfig+0x22a>
34185c88:	e5b4      	b.n	341857f4 <HAL_RCC_OscConfig+0x420>
34185c8a:	4b32      	ldr	r3, [pc, #200]	@ (34185d54 <HAL_RCC_OscConfig+0x980>)
34185c8c:	685b      	ldr	r3, [r3, #4]
34185c8e:	0558      	lsls	r0, r3, #21
34185c90:	d452      	bmi.n	34185d38 <HAL_RCC_OscConfig+0x964>
34185c92:	2a03      	cmp	r2, #3
34185c94:	f43f acaf 	beq.w	341855f6 <HAL_RCC_OscConfig+0x222>
34185c98:	e557      	b.n	3418574a <HAL_RCC_OscConfig+0x376>
34185c9a:	4b2e      	ldr	r3, [pc, #184]	@ (34185d54 <HAL_RCC_OscConfig+0x980>)
34185c9c:	685b      	ldr	r3, [r3, #4]
34185c9e:	0519      	lsls	r1, r3, #20
34185ca0:	d455      	bmi.n	34185d4e <HAL_RCC_OscConfig+0x97a>
34185ca2:	2a02      	cmp	r2, #2
34185ca4:	f47f ada6 	bne.w	341857f4 <HAL_RCC_OscConfig+0x420>
34185ca8:	f44f 6300 	mov.w	r3, #2048	@ 0x800
34185cac:	4a29      	ldr	r2, [pc, #164]	@ (34185d54 <HAL_RCC_OscConfig+0x980>)
34185cae:	f8c2 3800 	str.w	r3, [r2, #2048]	@ 0x800
34185cb2:	f7ff f9c3 	bl	3418503c <HAL_GetTick>
34185cb6:	4604      	mov	r4, r0
34185cb8:	e005      	b.n	34185cc6 <HAL_RCC_OscConfig+0x8f2>
34185cba:	f7ff f9bf 	bl	3418503c <HAL_GetTick>
34185cbe:	1b00      	subs	r0, r0, r4
34185cc0:	2801      	cmp	r0, #1
34185cc2:	f63f ac8b 	bhi.w	341855dc <HAL_RCC_OscConfig+0x208>
34185cc6:	4b23      	ldr	r3, [pc, #140]	@ (34185d54 <HAL_RCC_OscConfig+0x980>)
34185cc8:	685b      	ldr	r3, [r3, #4]
34185cca:	051b      	lsls	r3, r3, #20
34185ccc:	d5f5      	bpl.n	34185cba <HAL_RCC_OscConfig+0x8e6>
34185cce:	e496      	b.n	341855fe <HAL_RCC_OscConfig+0x22a>
34185cd0:	4b20      	ldr	r3, [pc, #128]	@ (34185d54 <HAL_RCC_OscConfig+0x980>)
34185cd2:	685b      	ldr	r3, [r3, #4]
34185cd4:	0559      	lsls	r1, r3, #21
34185cd6:	d41b      	bmi.n	34185d10 <HAL_RCC_OscConfig+0x93c>
34185cd8:	2a02      	cmp	r2, #2
34185cda:	f47f ad36 	bne.w	3418574a <HAL_RCC_OscConfig+0x376>
34185cde:	f44f 6380 	mov.w	r3, #1024	@ 0x400
34185ce2:	4a1c      	ldr	r2, [pc, #112]	@ (34185d54 <HAL_RCC_OscConfig+0x980>)
34185ce4:	f8c2 3800 	str.w	r3, [r2, #2048]	@ 0x800
34185ce8:	f7ff f9a8 	bl	3418503c <HAL_GetTick>
34185cec:	4605      	mov	r5, r0
34185cee:	e005      	b.n	34185cfc <HAL_RCC_OscConfig+0x928>
34185cf0:	f7ff f9a4 	bl	3418503c <HAL_GetTick>
34185cf4:	1b40      	subs	r0, r0, r5
34185cf6:	2801      	cmp	r0, #1
34185cf8:	f63f ac70 	bhi.w	341855dc <HAL_RCC_OscConfig+0x208>
34185cfc:	4b15      	ldr	r3, [pc, #84]	@ (34185d54 <HAL_RCC_OscConfig+0x980>)
34185cfe:	685b      	ldr	r3, [r3, #4]
34185d00:	055b      	lsls	r3, r3, #21
34185d02:	d5f5      	bpl.n	34185cf0 <HAL_RCC_OscConfig+0x91c>
34185d04:	e477      	b.n	341855f6 <HAL_RCC_OscConfig+0x222>
34185d06:	2303      	movs	r3, #3
34185d08:	429a      	cmp	r2, r3
34185d0a:	f43f ac6d 	beq.w	341855e8 <HAL_RCC_OscConfig+0x214>
34185d0e:	e4aa      	b.n	34185666 <HAL_RCC_OscConfig+0x292>
34185d10:	2302      	movs	r3, #2
34185d12:	429a      	cmp	r2, r3
34185d14:	f43f ac6f 	beq.w	341855f6 <HAL_RCC_OscConfig+0x222>
34185d18:	e517      	b.n	3418574a <HAL_RCC_OscConfig+0x376>
34185d1a:	2301      	movs	r3, #1
34185d1c:	e7f9      	b.n	34185d12 <HAL_RCC_OscConfig+0x93e>
34185d1e:	2301      	movs	r3, #1
34185d20:	e7f2      	b.n	34185d08 <HAL_RCC_OscConfig+0x934>
34185d22:	2301      	movs	r3, #1
34185d24:	429a      	cmp	r2, r3
34185d26:	f43f ac62 	beq.w	341855ee <HAL_RCC_OscConfig+0x21a>
34185d2a:	e4d0      	b.n	341856ce <HAL_RCC_OscConfig+0x2fa>
34185d2c:	2302      	movs	r3, #2
34185d2e:	e7eb      	b.n	34185d08 <HAL_RCC_OscConfig+0x934>
34185d30:	2303      	movs	r3, #3
34185d32:	e7f7      	b.n	34185d24 <HAL_RCC_OscConfig+0x950>
34185d34:	2302      	movs	r3, #2
34185d36:	e7f5      	b.n	34185d24 <HAL_RCC_OscConfig+0x950>
34185d38:	2303      	movs	r3, #3
34185d3a:	e7ea      	b.n	34185d12 <HAL_RCC_OscConfig+0x93e>
34185d3c:	2301      	movs	r3, #1
34185d3e:	429a      	cmp	r2, r3
34185d40:	f04f 0000 	mov.w	r0, #0
34185d44:	f43f ac4b 	beq.w	341855de <HAL_RCC_OscConfig+0x20a>
34185d48:	e554      	b.n	341857f4 <HAL_RCC_OscConfig+0x420>
34185d4a:	2303      	movs	r3, #3
34185d4c:	e7f7      	b.n	34185d3e <HAL_RCC_OscConfig+0x96a>
34185d4e:	2302      	movs	r3, #2
34185d50:	e7f5      	b.n	34185d3e <HAL_RCC_OscConfig+0x96a>
34185d52:	bf00      	nop
34185d54:	56028000 	.word	0x56028000

34185d58 <HAL_RCC_GetCpuClockFreq>:
34185d58:	4a27      	ldr	r2, [pc, #156]	@ (34185df8 <HAL_RCC_GetCpuClockFreq+0xa0>)
34185d5a:	6a13      	ldr	r3, [r2, #32]
34185d5c:	f403 1340 	and.w	r3, r3, #3145728	@ 0x300000
34185d60:	f5b3 1f00 	cmp.w	r3, #2097152	@ 0x200000
34185d64:	d022      	beq.n	34185dac <HAL_RCC_GetCpuClockFreq+0x54>
34185d66:	d805      	bhi.n	34185d74 <HAL_RCC_GetCpuClockFreq+0x1c>
34185d68:	b313      	cbz	r3, 34185db0 <HAL_RCC_GetCpuClockFreq+0x58>
34185d6a:	6c53      	ldr	r3, [r2, #68]	@ 0x44
34185d6c:	059b      	lsls	r3, r3, #22
34185d6e:	d527      	bpl.n	34185dc0 <HAL_RCC_GetCpuClockFreq+0x68>
34185d70:	4822      	ldr	r0, [pc, #136]	@ (34185dfc <HAL_RCC_GetCpuClockFreq+0xa4>)
34185d72:	4770      	bx	lr
34185d74:	f5b3 1f40 	cmp.w	r3, #3145728	@ 0x300000
34185d78:	d120      	bne.n	34185dbc <HAL_RCC_GetCpuClockFreq+0x64>
34185d7a:	b500      	push	{lr}
34185d7c:	f8d2 00c4 	ldr.w	r0, [r2, #196]	@ 0xc4
34185d80:	f8d2 20c4 	ldr.w	r2, [r2, #196]	@ 0xc4
34185d84:	f3c0 4007 	ubfx	r0, r0, #16, #8
34185d88:	f002 5240 	and.w	r2, r2, #805306368	@ 0x30000000
34185d8c:	f1b2 5f00 	cmp.w	r2, #536870912	@ 0x20000000
34185d90:	b083      	sub	sp, #12
34185d92:	f100 0301 	add.w	r3, r0, #1
34185d96:	d01f      	beq.n	34185dd8 <HAL_RCC_GetCpuClockFreq+0x80>
34185d98:	d814      	bhi.n	34185dc4 <HAL_RCC_GetCpuClockFreq+0x6c>
34185d9a:	b332      	cbz	r2, 34185dea <HAL_RCC_GetCpuClockFreq+0x92>
34185d9c:	9301      	str	r3, [sp, #4]
34185d9e:	f000 faaf 	bl	34186300 <HAL_RCCEx_GetPLL2CLKFreq>
34185da2:	9b01      	ldr	r3, [sp, #4]
34185da4:	fbb0 f0f3 	udiv	r0, r0, r3
34185da8:	b003      	add	sp, #12
34185daa:	bd00      	pop	{pc}
34185dac:	4814      	ldr	r0, [pc, #80]	@ (34185e00 <HAL_RCC_GetCpuClockFreq+0xa8>)
34185dae:	4770      	bx	lr
34185db0:	6c93      	ldr	r3, [r2, #72]	@ 0x48
34185db2:	4814      	ldr	r0, [pc, #80]	@ (34185e04 <HAL_RCC_GetCpuClockFreq+0xac>)
34185db4:	f3c3 13c1 	ubfx	r3, r3, #7, #2
34185db8:	40d8      	lsrs	r0, r3
34185dba:	4770      	bx	lr
34185dbc:	2000      	movs	r0, #0
34185dbe:	4770      	bx	lr
34185dc0:	4811      	ldr	r0, [pc, #68]	@ (34185e08 <HAL_RCC_GetCpuClockFreq+0xb0>)
34185dc2:	4770      	bx	lr
34185dc4:	f1b2 5f40 	cmp.w	r2, #805306368	@ 0x30000000
34185dc8:	d10d      	bne.n	34185de6 <HAL_RCC_GetCpuClockFreq+0x8e>
34185dca:	9301      	str	r3, [sp, #4]
34185dcc:	f000 fc0c 	bl	341865e8 <HAL_RCCEx_GetPLL4CLKFreq>
34185dd0:	9b01      	ldr	r3, [sp, #4]
34185dd2:	fbb0 f0f3 	udiv	r0, r0, r3
34185dd6:	e7e7      	b.n	34185da8 <HAL_RCC_GetCpuClockFreq+0x50>
34185dd8:	9301      	str	r3, [sp, #4]
34185dda:	f000 fb4b 	bl	34186474 <HAL_RCCEx_GetPLL3CLKFreq>
34185dde:	9b01      	ldr	r3, [sp, #4]
34185de0:	fbb0 f0f3 	udiv	r0, r0, r3
34185de4:	e7e0      	b.n	34185da8 <HAL_RCC_GetCpuClockFreq+0x50>
34185de6:	2000      	movs	r0, #0
34185de8:	e7de      	b.n	34185da8 <HAL_RCC_GetCpuClockFreq+0x50>
34185dea:	9301      	str	r3, [sp, #4]
34185dec:	f000 f9ce 	bl	3418618c <HAL_RCCEx_GetPLL1CLKFreq>
34185df0:	9b01      	ldr	r3, [sp, #4]
34185df2:	fbb0 f0f3 	udiv	r0, r0, r3
34185df6:	e7d7      	b.n	34185da8 <HAL_RCC_GetCpuClockFreq+0x50>
34185df8:	56028000 	.word	0x56028000
34185dfc:	00f42400 	.word	0x00f42400
34185e00:	02dc6c00 	.word	0x02dc6c00
34185e04:	03d09000 	.word	0x03d09000
34185e08:	003d0900 	.word	0x003d0900

34185e0c <HAL_RCC_ClockConfig>:
34185e0c:	2800      	cmp	r0, #0
34185e0e:	f000 811f 	beq.w	34186050 <HAL_RCC_ClockConfig+0x244>
34185e12:	e92d 41f0 	stmdb	sp!, {r4, r5, r6, r7, r8, lr}
34185e16:	6803      	ldr	r3, [r0, #0]
34185e18:	b082      	sub	sp, #8
34185e1a:	f013 0108 	ands.w	r1, r3, #8
34185e1e:	d00b      	beq.n	34185e38 <HAL_RCC_ClockConfig+0x2c>
34185e20:	4c98      	ldr	r4, [pc, #608]	@ (34186084 <HAL_RCC_ClockConfig+0x278>)
34185e22:	6905      	ldr	r5, [r0, #16]
34185e24:	6a62      	ldr	r2, [r4, #36]	@ 0x24
34185e26:	f002 0207 	and.w	r2, r2, #7
34185e2a:	4295      	cmp	r5, r2
34185e2c:	d904      	bls.n	34185e38 <HAL_RCC_ClockConfig+0x2c>
34185e2e:	6a62      	ldr	r2, [r4, #36]	@ 0x24
34185e30:	f022 0207 	bic.w	r2, r2, #7
34185e34:	432a      	orrs	r2, r5
34185e36:	6262      	str	r2, [r4, #36]	@ 0x24
34185e38:	f013 0510 	ands.w	r5, r3, #16
34185e3c:	d00b      	beq.n	34185e56 <HAL_RCC_ClockConfig+0x4a>
34185e3e:	4c91      	ldr	r4, [pc, #580]	@ (34186084 <HAL_RCC_ClockConfig+0x278>)
34185e40:	6946      	ldr	r6, [r0, #20]
34185e42:	6a62      	ldr	r2, [r4, #36]	@ 0x24
34185e44:	f002 0270 	and.w	r2, r2, #112	@ 0x70
34185e48:	4296      	cmp	r6, r2
34185e4a:	d904      	bls.n	34185e56 <HAL_RCC_ClockConfig+0x4a>
34185e4c:	6a62      	ldr	r2, [r4, #36]	@ 0x24
34185e4e:	f022 0270 	bic.w	r2, r2, #112	@ 0x70
34185e52:	4332      	orrs	r2, r6
34185e54:	6262      	str	r2, [r4, #36]	@ 0x24
34185e56:	f013 0620 	ands.w	r6, r3, #32
34185e5a:	d00b      	beq.n	34185e74 <HAL_RCC_ClockConfig+0x68>
34185e5c:	4c89      	ldr	r4, [pc, #548]	@ (34186084 <HAL_RCC_ClockConfig+0x278>)
34185e5e:	6987      	ldr	r7, [r0, #24]
34185e60:	6a62      	ldr	r2, [r4, #36]	@ 0x24
34185e62:	f402 42e0 	and.w	r2, r2, #28672	@ 0x7000
34185e66:	4297      	cmp	r7, r2
34185e68:	d904      	bls.n	34185e74 <HAL_RCC_ClockConfig+0x68>
34185e6a:	6a62      	ldr	r2, [r4, #36]	@ 0x24
34185e6c:	f422 42e0 	bic.w	r2, r2, #28672	@ 0x7000
34185e70:	433a      	orrs	r2, r7
34185e72:	6262      	str	r2, [r4, #36]	@ 0x24
34185e74:	f013 0740 	ands.w	r7, r3, #64	@ 0x40
34185e78:	d00d      	beq.n	34185e96 <HAL_RCC_ClockConfig+0x8a>
34185e7a:	4c82      	ldr	r4, [pc, #520]	@ (34186084 <HAL_RCC_ClockConfig+0x278>)
34185e7c:	f8d0 c01c 	ldr.w	ip, [r0, #28]
34185e80:	6a62      	ldr	r2, [r4, #36]	@ 0x24
34185e82:	f402 22e0 	and.w	r2, r2, #458752	@ 0x70000
34185e86:	4594      	cmp	ip, r2
34185e88:	d905      	bls.n	34185e96 <HAL_RCC_ClockConfig+0x8a>
34185e8a:	6a62      	ldr	r2, [r4, #36]	@ 0x24
34185e8c:	f422 22e0 	bic.w	r2, r2, #458752	@ 0x70000
34185e90:	ea42 020c 	orr.w	r2, r2, ip
34185e94:	6262      	str	r2, [r4, #36]	@ 0x24
34185e96:	4604      	mov	r4, r0
34185e98:	0758      	lsls	r0, r3, #29
34185e9a:	d53e      	bpl.n	34185f1a <HAL_RCC_ClockConfig+0x10e>
34185e9c:	4879      	ldr	r0, [pc, #484]	@ (34186084 <HAL_RCC_ClockConfig+0x278>)
34185e9e:	f8d4 c00c 	ldr.w	ip, [r4, #12]
34185ea2:	6a42      	ldr	r2, [r0, #36]	@ 0x24
34185ea4:	f402 02e0 	and.w	r2, r2, #7340032	@ 0x700000
34185ea8:	4594      	cmp	ip, r2
34185eaa:	d905      	bls.n	34185eb8 <HAL_RCC_ClockConfig+0xac>
34185eac:	6a42      	ldr	r2, [r0, #36]	@ 0x24
34185eae:	f422 02e0 	bic.w	r2, r2, #7340032	@ 0x700000
34185eb2:	ea42 020c 	orr.w	r2, r2, ip
34185eb6:	6242      	str	r2, [r0, #36]	@ 0x24
34185eb8:	07d8      	lsls	r0, r3, #31
34185eba:	d46d      	bmi.n	34185f98 <HAL_RCC_ClockConfig+0x18c>
34185ebc:	079b      	lsls	r3, r3, #30
34185ebe:	f140 80a3 	bpl.w	34186008 <HAL_RCC_ClockConfig+0x1fc>
34185ec2:	68a6      	ldr	r6, [r4, #8]
34185ec4:	f1b6 7f00 	cmp.w	r6, #33554432	@ 0x2000000
34185ec8:	f000 80ad 	beq.w	34186026 <HAL_RCC_ClockConfig+0x21a>
34185ecc:	f1b6 7f40 	cmp.w	r6, #50331648	@ 0x3000000
34185ed0:	f000 80de 	beq.w	34186090 <HAL_RCC_ClockConfig+0x284>
34185ed4:	4b6b      	ldr	r3, [pc, #428]	@ (34186084 <HAL_RCC_ClockConfig+0x278>)
34185ed6:	685b      	ldr	r3, [r3, #4]
34185ed8:	2e00      	cmp	r6, #0
34185eda:	f040 80bb 	bne.w	34186054 <HAL_RCC_ClockConfig+0x248>
34185ede:	0718      	lsls	r0, r3, #28
34185ee0:	f140 80a6 	bpl.w	34186030 <HAL_RCC_ClockConfig+0x224>
34185ee4:	4d67      	ldr	r5, [pc, #412]	@ (34186084 <HAL_RCC_ClockConfig+0x278>)
34185ee6:	6a2b      	ldr	r3, [r5, #32]
34185ee8:	f023 7340 	bic.w	r3, r3, #50331648	@ 0x3000000
34185eec:	4333      	orrs	r3, r6
34185eee:	622b      	str	r3, [r5, #32]
34185ef0:	f7ff f8a4 	bl	3418503c <HAL_GetTick>
34185ef4:	f241 3688 	movw	r6, #5000	@ 0x1388
34185ef8:	4607      	mov	r7, r0
34185efa:	e005      	b.n	34185f08 <HAL_RCC_ClockConfig+0xfc>
34185efc:	f7ff f89e 	bl	3418503c <HAL_GetTick>
34185f00:	1bc0      	subs	r0, r0, r7
34185f02:	42b0      	cmp	r0, r6
34185f04:	f200 809b 	bhi.w	3418603e <HAL_RCC_ClockConfig+0x232>
34185f08:	6a2b      	ldr	r3, [r5, #32]
34185f0a:	68a2      	ldr	r2, [r4, #8]
34185f0c:	f003 5340 	and.w	r3, r3, #805306368	@ 0x30000000
34185f10:	ebb3 1f02 	cmp.w	r3, r2, lsl #4
34185f14:	d1f2      	bne.n	34185efc <HAL_RCC_ClockConfig+0xf0>
34185f16:	6823      	ldr	r3, [r4, #0]
34185f18:	e06c      	b.n	34185ff4 <HAL_RCC_ClockConfig+0x1e8>
34185f1a:	07da      	lsls	r2, r3, #31
34185f1c:	d43c      	bmi.n	34185f98 <HAL_RCC_ClockConfig+0x18c>
34185f1e:	079b      	lsls	r3, r3, #30
34185f20:	d4cf      	bmi.n	34185ec2 <HAL_RCC_ClockConfig+0xb6>
34185f22:	b159      	cbz	r1, 34185f3c <HAL_RCC_ClockConfig+0x130>
34185f24:	4a57      	ldr	r2, [pc, #348]	@ (34186084 <HAL_RCC_ClockConfig+0x278>)
34185f26:	6921      	ldr	r1, [r4, #16]
34185f28:	6a53      	ldr	r3, [r2, #36]	@ 0x24
34185f2a:	f003 0307 	and.w	r3, r3, #7
34185f2e:	4299      	cmp	r1, r3
34185f30:	d204      	bcs.n	34185f3c <HAL_RCC_ClockConfig+0x130>
34185f32:	6a53      	ldr	r3, [r2, #36]	@ 0x24
34185f34:	f023 0307 	bic.w	r3, r3, #7
34185f38:	430b      	orrs	r3, r1
34185f3a:	6253      	str	r3, [r2, #36]	@ 0x24
34185f3c:	b15d      	cbz	r5, 34185f56 <HAL_RCC_ClockConfig+0x14a>
34185f3e:	4a51      	ldr	r2, [pc, #324]	@ (34186084 <HAL_RCC_ClockConfig+0x278>)
34185f40:	6961      	ldr	r1, [r4, #20]
34185f42:	6a53      	ldr	r3, [r2, #36]	@ 0x24
34185f44:	f003 0370 	and.w	r3, r3, #112	@ 0x70
34185f48:	4299      	cmp	r1, r3
34185f4a:	d204      	bcs.n	34185f56 <HAL_RCC_ClockConfig+0x14a>
34185f4c:	6a53      	ldr	r3, [r2, #36]	@ 0x24
34185f4e:	f023 0370 	bic.w	r3, r3, #112	@ 0x70
34185f52:	430b      	orrs	r3, r1
34185f54:	6253      	str	r3, [r2, #36]	@ 0x24
34185f56:	b15e      	cbz	r6, 34185f70 <HAL_RCC_ClockConfig+0x164>
34185f58:	4a4a      	ldr	r2, [pc, #296]	@ (34186084 <HAL_RCC_ClockConfig+0x278>)
34185f5a:	69a1      	ldr	r1, [r4, #24]
34185f5c:	6a53      	ldr	r3, [r2, #36]	@ 0x24
34185f5e:	f403 43e0 	and.w	r3, r3, #28672	@ 0x7000
34185f62:	4299      	cmp	r1, r3
34185f64:	d204      	bcs.n	34185f70 <HAL_RCC_ClockConfig+0x164>
34185f66:	6a53      	ldr	r3, [r2, #36]	@ 0x24
34185f68:	f423 43e0 	bic.w	r3, r3, #28672	@ 0x7000
34185f6c:	430b      	orrs	r3, r1
34185f6e:	6253      	str	r3, [r2, #36]	@ 0x24
34185f70:	b15f      	cbz	r7, 34185f8a <HAL_RCC_ClockConfig+0x17e>
34185f72:	4a44      	ldr	r2, [pc, #272]	@ (34186084 <HAL_RCC_ClockConfig+0x278>)
34185f74:	69e1      	ldr	r1, [r4, #28]
34185f76:	6a53      	ldr	r3, [r2, #36]	@ 0x24
34185f78:	f403 23e0 	and.w	r3, r3, #458752	@ 0x70000
34185f7c:	4299      	cmp	r1, r3
34185f7e:	d204      	bcs.n	34185f8a <HAL_RCC_ClockConfig+0x17e>
34185f80:	6a53      	ldr	r3, [r2, #36]	@ 0x24
34185f82:	f423 23e0 	bic.w	r3, r3, #458752	@ 0x70000
34185f86:	430b      	orrs	r3, r1
34185f88:	6253      	str	r3, [r2, #36]	@ 0x24
34185f8a:	4b3f      	ldr	r3, [pc, #252]	@ (34186088 <HAL_RCC_ClockConfig+0x27c>)
34185f8c:	6818      	ldr	r0, [r3, #0]
34185f8e:	b002      	add	sp, #8
34185f90:	e8bd 41f0 	ldmia.w	sp!, {r4, r5, r6, r7, r8, lr}
34185f94:	f7ff b814 	b.w	34184fc0 <HAL_InitTick>
34185f98:	6866      	ldr	r6, [r4, #4]
34185f9a:	f5b6 3f00 	cmp.w	r6, #131072	@ 0x20000
34185f9e:	d052      	beq.n	34186046 <HAL_RCC_ClockConfig+0x23a>
34185fa0:	f5b6 3f40 	cmp.w	r6, #196608	@ 0x30000
34185fa4:	d059      	beq.n	3418605a <HAL_RCC_ClockConfig+0x24e>
34185fa6:	4b37      	ldr	r3, [pc, #220]	@ (34186084 <HAL_RCC_ClockConfig+0x278>)
34185fa8:	f5b6 3f80 	cmp.w	r6, #65536	@ 0x10000
34185fac:	685b      	ldr	r3, [r3, #4]
34185fae:	d043      	beq.n	34186038 <HAL_RCC_ClockConfig+0x22c>
34185fb0:	071f      	lsls	r7, r3, #28
34185fb2:	d53d      	bpl.n	34186030 <HAL_RCC_ClockConfig+0x224>
34185fb4:	4d33      	ldr	r5, [pc, #204]	@ (34186084 <HAL_RCC_ClockConfig+0x278>)
34185fb6:	6a2b      	ldr	r3, [r5, #32]
34185fb8:	f423 3340 	bic.w	r3, r3, #196608	@ 0x30000
34185fbc:	4333      	orrs	r3, r6
34185fbe:	622b      	str	r3, [r5, #32]
34185fc0:	f7ff f83c 	bl	3418503c <HAL_GetTick>
34185fc4:	f241 3688 	movw	r6, #5000	@ 0x1388
34185fc8:	4607      	mov	r7, r0
34185fca:	e004      	b.n	34185fd6 <HAL_RCC_ClockConfig+0x1ca>
34185fcc:	f7ff f836 	bl	3418503c <HAL_GetTick>
34185fd0:	1bc0      	subs	r0, r0, r7
34185fd2:	42b0      	cmp	r0, r6
34185fd4:	d833      	bhi.n	3418603e <HAL_RCC_ClockConfig+0x232>
34185fd6:	6a2b      	ldr	r3, [r5, #32]
34185fd8:	6862      	ldr	r2, [r4, #4]
34185fda:	f403 1340 	and.w	r3, r3, #3145728	@ 0x300000
34185fde:	ebb3 1f02 	cmp.w	r3, r2, lsl #4
34185fe2:	d1f3      	bne.n	34185fcc <HAL_RCC_ClockConfig+0x1c0>
34185fe4:	f7ff feb8 	bl	34185d58 <HAL_RCC_GetCpuClockFreq>
34185fe8:	6823      	ldr	r3, [r4, #0]
34185fea:	4a28      	ldr	r2, [pc, #160]	@ (3418608c <HAL_RCC_ClockConfig+0x280>)
34185fec:	079e      	lsls	r6, r3, #30
34185fee:	6010      	str	r0, [r2, #0]
34185ff0:	f53f af67 	bmi.w	34185ec2 <HAL_RCC_ClockConfig+0xb6>
34185ff4:	075a      	lsls	r2, r3, #29
34185ff6:	f003 0108 	and.w	r1, r3, #8
34185ffa:	f003 0510 	and.w	r5, r3, #16
34185ffe:	f003 0620 	and.w	r6, r3, #32
34186002:	f003 0740 	and.w	r7, r3, #64	@ 0x40
34186006:	d58c      	bpl.n	34185f22 <HAL_RCC_ClockConfig+0x116>
34186008:	4a1e      	ldr	r2, [pc, #120]	@ (34186084 <HAL_RCC_ClockConfig+0x278>)
3418600a:	68e0      	ldr	r0, [r4, #12]
3418600c:	6a53      	ldr	r3, [r2, #36]	@ 0x24
3418600e:	f403 03e0 	and.w	r3, r3, #7340032	@ 0x700000
34186012:	4298      	cmp	r0, r3
34186014:	d285      	bcs.n	34185f22 <HAL_RCC_ClockConfig+0x116>
34186016:	6a53      	ldr	r3, [r2, #36]	@ 0x24
34186018:	f423 03e0 	bic.w	r3, r3, #7340032	@ 0x700000
3418601c:	4303      	orrs	r3, r0
3418601e:	6253      	str	r3, [r2, #36]	@ 0x24
34186020:	2900      	cmp	r1, #0
34186022:	d08b      	beq.n	34185f3c <HAL_RCC_ClockConfig+0x130>
34186024:	e77e      	b.n	34185f24 <HAL_RCC_ClockConfig+0x118>
34186026:	4b17      	ldr	r3, [pc, #92]	@ (34186084 <HAL_RCC_ClockConfig+0x278>)
34186028:	685b      	ldr	r3, [r3, #4]
3418602a:	06dd      	lsls	r5, r3, #27
3418602c:	f53f af5a 	bmi.w	34185ee4 <HAL_RCC_ClockConfig+0xd8>
34186030:	2001      	movs	r0, #1
34186032:	b002      	add	sp, #8
34186034:	e8bd 81f0 	ldmia.w	sp!, {r4, r5, r6, r7, r8, pc}
34186038:	075b      	lsls	r3, r3, #29
3418603a:	d4bb      	bmi.n	34185fb4 <HAL_RCC_ClockConfig+0x1a8>
3418603c:	e7f8      	b.n	34186030 <HAL_RCC_ClockConfig+0x224>
3418603e:	2003      	movs	r0, #3
34186040:	b002      	add	sp, #8
34186042:	e8bd 81f0 	ldmia.w	sp!, {r4, r5, r6, r7, r8, pc}
34186046:	4b0f      	ldr	r3, [pc, #60]	@ (34186084 <HAL_RCC_ClockConfig+0x278>)
34186048:	685b      	ldr	r3, [r3, #4]
3418604a:	06da      	lsls	r2, r3, #27
3418604c:	d4b2      	bmi.n	34185fb4 <HAL_RCC_ClockConfig+0x1a8>
3418604e:	e7ef      	b.n	34186030 <HAL_RCC_ClockConfig+0x224>
34186050:	2001      	movs	r0, #1
34186052:	4770      	bx	lr
34186054:	0759      	lsls	r1, r3, #29
34186056:	d5eb      	bpl.n	34186030 <HAL_RCC_ClockConfig+0x224>
34186058:	e744      	b.n	34185ee4 <HAL_RCC_ClockConfig+0xd8>
3418605a:	4f0a      	ldr	r7, [pc, #40]	@ (34186084 <HAL_RCC_ClockConfig+0x278>)
3418605c:	6a25      	ldr	r5, [r4, #32]
3418605e:	f8d7 00c4 	ldr.w	r0, [r7, #196]	@ 0xc4
34186062:	4629      	mov	r1, r5
34186064:	f000 5040 	and.w	r0, r0, #805306368	@ 0x30000000
34186068:	f7ff f87e 	bl	34185168 <RCC_IC_CheckPLLSources>
3418606c:	2801      	cmp	r0, #1
3418606e:	d1df      	bne.n	34186030 <HAL_RCC_ClockConfig+0x224>
34186070:	6a63      	ldr	r3, [r4, #36]	@ 0x24
34186072:	3b01      	subs	r3, #1
34186074:	ea45 4503 	orr.w	r5, r5, r3, lsl #16
34186078:	f8c7 50c4 	str.w	r5, [r7, #196]	@ 0xc4
3418607c:	f8c7 0a40 	str.w	r0, [r7, #2624]	@ 0xa40
34186080:	e798      	b.n	34185fb4 <HAL_RCC_ClockConfig+0x1a8>
34186082:	bf00      	nop
34186084:	56028000 	.word	0x56028000
34186088:	341c0010 	.word	0x341c0010
3418608c:	341c0008 	.word	0x341c0008
34186090:	4d1b      	ldr	r5, [pc, #108]	@ (34186100 <HAL_RCC_ClockConfig+0x2f4>)
34186092:	6aa7      	ldr	r7, [r4, #40]	@ 0x28
34186094:	f8d5 00c8 	ldr.w	r0, [r5, #200]	@ 0xc8
34186098:	4639      	mov	r1, r7
3418609a:	f000 5040 	and.w	r0, r0, #805306368	@ 0x30000000
3418609e:	f7ff f863 	bl	34185168 <RCC_IC_CheckPLLSources>
341860a2:	2801      	cmp	r0, #1
341860a4:	d1c4      	bne.n	34186030 <HAL_RCC_ClockConfig+0x224>
341860a6:	6b23      	ldr	r3, [r4, #48]	@ 0x30
341860a8:	f8d5 00d8 	ldr.w	r0, [r5, #216]	@ 0xd8
341860ac:	4619      	mov	r1, r3
341860ae:	f000 5040 	and.w	r0, r0, #805306368	@ 0x30000000
341860b2:	4698      	mov	r8, r3
341860b4:	f7ff f858 	bl	34185168 <RCC_IC_CheckPLLSources>
341860b8:	2801      	cmp	r0, #1
341860ba:	d1b9      	bne.n	34186030 <HAL_RCC_ClockConfig+0x224>
341860bc:	f8d5 00ec 	ldr.w	r0, [r5, #236]	@ 0xec
341860c0:	6ba1      	ldr	r1, [r4, #56]	@ 0x38
341860c2:	f000 5040 	and.w	r0, r0, #805306368	@ 0x30000000
341860c6:	9101      	str	r1, [sp, #4]
341860c8:	f7ff f84e 	bl	34185168 <RCC_IC_CheckPLLSources>
341860cc:	2801      	cmp	r0, #1
341860ce:	d1af      	bne.n	34186030 <HAL_RCC_ClockConfig+0x224>
341860d0:	f240 4222 	movw	r2, #1058	@ 0x422
341860d4:	6ae3      	ldr	r3, [r4, #44]	@ 0x2c
341860d6:	9901      	ldr	r1, [sp, #4]
341860d8:	3b01      	subs	r3, #1
341860da:	ea47 4703 	orr.w	r7, r7, r3, lsl #16
341860de:	f8c5 70c8 	str.w	r7, [r5, #200]	@ 0xc8
341860e2:	6b63      	ldr	r3, [r4, #52]	@ 0x34
341860e4:	3b01      	subs	r3, #1
341860e6:	ea48 4303 	orr.w	r3, r8, r3, lsl #16
341860ea:	f8c5 30d8 	str.w	r3, [r5, #216]	@ 0xd8
341860ee:	6be3      	ldr	r3, [r4, #60]	@ 0x3c
341860f0:	3b01      	subs	r3, #1
341860f2:	ea41 4103 	orr.w	r1, r1, r3, lsl #16
341860f6:	f8c5 10ec 	str.w	r1, [r5, #236]	@ 0xec
341860fa:	f8c5 2a40 	str.w	r2, [r5, #2624]	@ 0xa40
341860fe:	e6f1      	b.n	34185ee4 <HAL_RCC_ClockConfig+0xd8>
34186100:	56028000 	.word	0x56028000

34186104 <HAL_RCC_GetClockConfig>:
34186104:	237f      	movs	r3, #127	@ 0x7f
34186106:	4a20      	ldr	r2, [pc, #128]	@ (34186188 <HAL_RCC_GetClockConfig+0x84>)
34186108:	b500      	push	{lr}
3418610a:	6003      	str	r3, [r0, #0]
3418610c:	6a13      	ldr	r3, [r2, #32]
3418610e:	091b      	lsrs	r3, r3, #4
34186110:	f403 3140 	and.w	r1, r3, #196608	@ 0x30000
34186114:	f003 7340 	and.w	r3, r3, #50331648	@ 0x3000000
34186118:	e9c0 1301 	strd	r1, r3, [r0, #4]
3418611c:	6a53      	ldr	r3, [r2, #36]	@ 0x24
3418611e:	f003 0107 	and.w	r1, r3, #7
34186122:	f403 0ee0 	and.w	lr, r3, #7340032	@ 0x700000
34186126:	e9c0 e103 	strd	lr, r1, [r0, #12]
3418612a:	f003 0c70 	and.w	ip, r3, #112	@ 0x70
3418612e:	f403 41e0 	and.w	r1, r3, #28672	@ 0x7000
34186132:	e9c0 c105 	strd	ip, r1, [r0, #20]
34186136:	f403 23e0 	and.w	r3, r3, #458752	@ 0x70000
3418613a:	61c3      	str	r3, [r0, #28]
3418613c:	f8d2 30c4 	ldr.w	r3, [r2, #196]	@ 0xc4
34186140:	f3c3 4107 	ubfx	r1, r3, #16, #8
34186144:	3101      	adds	r1, #1
34186146:	f003 5340 	and.w	r3, r3, #805306368	@ 0x30000000
3418614a:	e9c0 3108 	strd	r3, r1, [r0, #32]
3418614e:	f8d2 30c8 	ldr.w	r3, [r2, #200]	@ 0xc8
34186152:	f3c3 4107 	ubfx	r1, r3, #16, #8
34186156:	3101      	adds	r1, #1
34186158:	f003 5340 	and.w	r3, r3, #805306368	@ 0x30000000
3418615c:	e9c0 310a 	strd	r3, r1, [r0, #40]	@ 0x28
34186160:	f8d2 30d8 	ldr.w	r3, [r2, #216]	@ 0xd8
34186164:	f3c3 4107 	ubfx	r1, r3, #16, #8
34186168:	3101      	adds	r1, #1
3418616a:	f003 5340 	and.w	r3, r3, #805306368	@ 0x30000000
3418616e:	e9c0 310c 	strd	r3, r1, [r0, #48]	@ 0x30
34186172:	f8d2 30ec 	ldr.w	r3, [r2, #236]	@ 0xec
34186176:	f3c3 4207 	ubfx	r2, r3, #16, #8
3418617a:	3201      	adds	r2, #1
3418617c:	f003 5340 	and.w	r3, r3, #805306368	@ 0x30000000
34186180:	e9c0 320e 	strd	r3, r2, [r0, #56]	@ 0x38
34186184:	bd00      	pop	{pc}
34186186:	bf00      	nop
34186188:	56028000 	.word	0x56028000

3418618c <HAL_RCCEx_GetPLL1CLKFreq>:
3418618c:	4a56      	ldr	r2, [pc, #344]	@ (341862e8 <HAL_RCCEx_GetPLL1CLKFreq+0x15c>)
3418618e:	6853      	ldr	r3, [r2, #4]
34186190:	f413 7380 	ands.w	r3, r3, #256	@ 0x100
34186194:	d01a      	beq.n	341861cc <HAL_RCCEx_GetPLL1CLKFreq+0x40>
34186196:	f8d2 0088 	ldr.w	r0, [r2, #136]	@ 0x88
3418619a:	f010 4080 	ands.w	r0, r0, #1073741824	@ 0x40000000
3418619e:	d02e      	beq.n	341861fe <HAL_RCCEx_GetPLL1CLKFreq+0x72>
341861a0:	f8d2 3080 	ldr.w	r3, [r2, #128]	@ 0x80
341861a4:	f003 43e0 	and.w	r3, r3, #1879048192	@ 0x70000000
341861a8:	f1b3 5f00 	cmp.w	r3, #536870912	@ 0x20000000
341861ac:	d02e      	beq.n	3418620c <HAL_RCCEx_GetPLL1CLKFreq+0x80>
341861ae:	d839      	bhi.n	34186224 <HAL_RCCEx_GetPLL1CLKFreq+0x98>
341861b0:	2b00      	cmp	r3, #0
341861b2:	f000 8086 	beq.w	341862c2 <HAL_RCCEx_GetPLL1CLKFreq+0x136>
341861b6:	6850      	ldr	r0, [r2, #4]
341861b8:	f010 0004 	ands.w	r0, r0, #4
341861bc:	d025      	beq.n	3418620a <HAL_RCCEx_GetPLL1CLKFreq+0x7e>
341861be:	6c53      	ldr	r3, [r2, #68]	@ 0x44
341861c0:	059a      	lsls	r2, r3, #22
341861c2:	f140 808e 	bpl.w	341862e2 <HAL_RCCEx_GetPLL1CLKFreq+0x156>
341861c6:	f8df c134 	ldr.w	ip, [pc, #308]	@ 341862fc <HAL_RCCEx_GetPLL1CLKFreq+0x170>
341861ca:	e030      	b.n	3418622e <HAL_RCCEx_GetPLL1CLKFreq+0xa2>
341861cc:	f8d2 0080 	ldr.w	r0, [r2, #128]	@ 0x80
341861d0:	f010 6000 	ands.w	r0, r0, #134217728	@ 0x8000000
341861d4:	d012      	beq.n	341861fc <HAL_RCCEx_GetPLL1CLKFreq+0x70>
341861d6:	f8d2 1080 	ldr.w	r1, [r2, #128]	@ 0x80
341861da:	f001 41e0 	and.w	r1, r1, #1879048192	@ 0x70000000
341861de:	f1b1 5f00 	cmp.w	r1, #536870912	@ 0x20000000
341861e2:	d00d      	beq.n	34186200 <HAL_RCCEx_GetPLL1CLKFreq+0x74>
341861e4:	d819      	bhi.n	3418621a <HAL_RCCEx_GetPLL1CLKFreq+0x8e>
341861e6:	2900      	cmp	r1, #0
341861e8:	d061      	beq.n	341862ae <HAL_RCCEx_GetPLL1CLKFreq+0x122>
341861ea:	6850      	ldr	r0, [r2, #4]
341861ec:	f010 0004 	ands.w	r0, r0, #4
341861f0:	d00b      	beq.n	3418620a <HAL_RCCEx_GetPLL1CLKFreq+0x7e>
341861f2:	6c53      	ldr	r3, [r2, #68]	@ 0x44
341861f4:	059b      	lsls	r3, r3, #22
341861f6:	d472      	bmi.n	341862de <HAL_RCCEx_GetPLL1CLKFreq+0x152>
341861f8:	483c      	ldr	r0, [pc, #240]	@ (341862ec <HAL_RCCEx_GetPLL1CLKFreq+0x160>)
341861fa:	4770      	bx	lr
341861fc:	4770      	bx	lr
341861fe:	4770      	bx	lr
34186200:	6850      	ldr	r0, [r2, #4]
34186202:	f010 0010 	ands.w	r0, r0, #16
34186206:	d069      	beq.n	341862dc <HAL_RCCEx_GetPLL1CLKFreq+0x150>
34186208:	4839      	ldr	r0, [pc, #228]	@ (341862f0 <HAL_RCCEx_GetPLL1CLKFreq+0x164>)
3418620a:	4770      	bx	lr
3418620c:	6850      	ldr	r0, [r2, #4]
3418620e:	f010 0010 	ands.w	r0, r0, #16
34186212:	d0fa      	beq.n	3418620a <HAL_RCCEx_GetPLL1CLKFreq+0x7e>
34186214:	f8df c0d8 	ldr.w	ip, [pc, #216]	@ 341862f0 <HAL_RCCEx_GetPLL1CLKFreq+0x164>
34186218:	e009      	b.n	3418622e <HAL_RCCEx_GetPLL1CLKFreq+0xa2>
3418621a:	f1b1 5f40 	cmp.w	r1, #805306368	@ 0x30000000
3418621e:	d15b      	bne.n	341862d8 <HAL_RCCEx_GetPLL1CLKFreq+0x14c>
34186220:	4834      	ldr	r0, [pc, #208]	@ (341862f4 <HAL_RCCEx_GetPLL1CLKFreq+0x168>)
34186222:	4770      	bx	lr
34186224:	f1b3 5f40 	cmp.w	r3, #805306368	@ 0x30000000
34186228:	d156      	bne.n	341862d8 <HAL_RCCEx_GetPLL1CLKFreq+0x14c>
3418622a:	f8df c0c8 	ldr.w	ip, [pc, #200]	@ 341862f4 <HAL_RCCEx_GetPLL1CLKFreq+0x168>
3418622e:	4a2e      	ldr	r2, [pc, #184]	@ (341862e8 <HAL_RCCEx_GetPLL1CLKFreq+0x15c>)
34186230:	f8d2 3080 	ldr.w	r3, [r2, #128]	@ 0x80
34186234:	f3c3 5105 	ubfx	r1, r3, #20, #6
34186238:	f013 7f7c 	tst.w	r3, #66060288	@ 0x3f00000
3418623c:	4608      	mov	r0, r1
3418623e:	d0e4      	beq.n	3418620a <HAL_RCCEx_GetPLL1CLKFreq+0x7e>
34186240:	f8d2 3080 	ldr.w	r3, [r2, #128]	@ 0x80
34186244:	f8d2 0084 	ldr.w	r0, [r2, #132]	@ 0x84
34186248:	f3c3 230b 	ubfx	r3, r3, #8, #12
3418624c:	f020 407f 	bic.w	r0, r0, #4278190080	@ 0xff000000
34186250:	ee07 3a90 	vmov	s15, r3
34186254:	ee05 0a90 	vmov	s11, r0
34186258:	ee07 ca10 	vmov	s14, ip
3418625c:	eefa 5ac4 	vcvt.f32.s32	s11, s11, #24
34186260:	eef8 7ae7 	vcvt.f32.s32	s15, s15
34186264:	eeb8 5ac7 	vcvt.f32.s32	s10, s14
34186268:	ee77 7aa5 	vadd.f32	s15, s15, s11
3418626c:	ee07 1a10 	vmov	s14, r1
34186270:	f8d2 1088 	ldr.w	r1, [r2, #136]	@ 0x88
34186274:	ee67 7a85 	vmul.f32	s15, s15, s10
34186278:	f3c1 61c2 	ubfx	r1, r1, #27, #3
3418627c:	ee06 1a90 	vmov	s13, r1
34186280:	eeb8 7ac7 	vcvt.f32.s32	s14, s14
34186284:	f8d2 3088 	ldr.w	r3, [r2, #136]	@ 0x88
34186288:	eeb8 6ae6 	vcvt.f32.s32	s12, s13
3418628c:	f3c3 6302 	ubfx	r3, r3, #24, #3
34186290:	eec7 5a87 	vdiv.f32	s11, s15, s14
34186294:	ee06 3a90 	vmov	s13, r3
34186298:	ee85 7a86 	vdiv.f32	s14, s11, s12
3418629c:	eef8 6ae6 	vcvt.f32.s32	s13, s13
341862a0:	eec7 7a26 	vdiv.f32	s15, s14, s13
341862a4:	eefc 7ae7 	vcvt.u32.f32	s15, s15
341862a8:	ee17 0a90 	vmov	r0, s15
341862ac:	4770      	bx	lr
341862ae:	6850      	ldr	r0, [r2, #4]
341862b0:	f010 0008 	ands.w	r0, r0, #8
341862b4:	d0a9      	beq.n	3418620a <HAL_RCCEx_GetPLL1CLKFreq+0x7e>
341862b6:	6c93      	ldr	r3, [r2, #72]	@ 0x48
341862b8:	480f      	ldr	r0, [pc, #60]	@ (341862f8 <HAL_RCCEx_GetPLL1CLKFreq+0x16c>)
341862ba:	f3c3 13c1 	ubfx	r3, r3, #7, #2
341862be:	40d8      	lsrs	r0, r3
341862c0:	4770      	bx	lr
341862c2:	6850      	ldr	r0, [r2, #4]
341862c4:	f010 0008 	ands.w	r0, r0, #8
341862c8:	d09f      	beq.n	3418620a <HAL_RCCEx_GetPLL1CLKFreq+0x7e>
341862ca:	6c92      	ldr	r2, [r2, #72]	@ 0x48
341862cc:	4b0a      	ldr	r3, [pc, #40]	@ (341862f8 <HAL_RCCEx_GetPLL1CLKFreq+0x16c>)
341862ce:	f3c2 12c1 	ubfx	r2, r2, #7, #2
341862d2:	fa23 fc02 	lsr.w	ip, r3, r2
341862d6:	e7aa      	b.n	3418622e <HAL_RCCEx_GetPLL1CLKFreq+0xa2>
341862d8:	2000      	movs	r0, #0
341862da:	4770      	bx	lr
341862dc:	4770      	bx	lr
341862de:	4807      	ldr	r0, [pc, #28]	@ (341862fc <HAL_RCCEx_GetPLL1CLKFreq+0x170>)
341862e0:	4770      	bx	lr
341862e2:	f8df c008 	ldr.w	ip, [pc, #8]	@ 341862ec <HAL_RCCEx_GetPLL1CLKFreq+0x160>
341862e6:	e7a2      	b.n	3418622e <HAL_RCCEx_GetPLL1CLKFreq+0xa2>
341862e8:	56028000 	.word	0x56028000
341862ec:	003d0900 	.word	0x003d0900
341862f0:	02dc6c00 	.word	0x02dc6c00
341862f4:	00bb8000 	.word	0x00bb8000
341862f8:	03d09000 	.word	0x03d09000
341862fc:	00f42400 	.word	0x00f42400

34186300 <HAL_RCCEx_GetPLL2CLKFreq>:
34186300:	4a56      	ldr	r2, [pc, #344]	@ (3418645c <HAL_RCCEx_GetPLL2CLKFreq+0x15c>)
34186302:	6853      	ldr	r3, [r2, #4]
34186304:	f413 7300 	ands.w	r3, r3, #512	@ 0x200
34186308:	d01a      	beq.n	34186340 <HAL_RCCEx_GetPLL2CLKFreq+0x40>
3418630a:	f8d2 0098 	ldr.w	r0, [r2, #152]	@ 0x98
3418630e:	f010 4080 	ands.w	r0, r0, #1073741824	@ 0x40000000
34186312:	d02e      	beq.n	34186372 <HAL_RCCEx_GetPLL2CLKFreq+0x72>
34186314:	f8d2 3090 	ldr.w	r3, [r2, #144]	@ 0x90
34186318:	f003 43e0 	and.w	r3, r3, #1879048192	@ 0x70000000
3418631c:	f1b3 5f00 	cmp.w	r3, #536870912	@ 0x20000000
34186320:	d02e      	beq.n	34186380 <HAL_RCCEx_GetPLL2CLKFreq+0x80>
34186322:	d839      	bhi.n	34186398 <HAL_RCCEx_GetPLL2CLKFreq+0x98>
34186324:	2b00      	cmp	r3, #0
34186326:	f000 8086 	beq.w	34186436 <HAL_RCCEx_GetPLL2CLKFreq+0x136>
3418632a:	6850      	ldr	r0, [r2, #4]
3418632c:	f010 0004 	ands.w	r0, r0, #4
34186330:	d025      	beq.n	3418637e <HAL_RCCEx_GetPLL2CLKFreq+0x7e>
34186332:	6c53      	ldr	r3, [r2, #68]	@ 0x44
34186334:	059a      	lsls	r2, r3, #22
34186336:	f140 808e 	bpl.w	34186456 <HAL_RCCEx_GetPLL2CLKFreq+0x156>
3418633a:	f8df c134 	ldr.w	ip, [pc, #308]	@ 34186470 <HAL_RCCEx_GetPLL2CLKFreq+0x170>
3418633e:	e030      	b.n	341863a2 <HAL_RCCEx_GetPLL2CLKFreq+0xa2>
34186340:	f8d2 0090 	ldr.w	r0, [r2, #144]	@ 0x90
34186344:	f010 6000 	ands.w	r0, r0, #134217728	@ 0x8000000
34186348:	d012      	beq.n	34186370 <HAL_RCCEx_GetPLL2CLKFreq+0x70>
3418634a:	f8d2 1090 	ldr.w	r1, [r2, #144]	@ 0x90
3418634e:	f001 41e0 	and.w	r1, r1, #1879048192	@ 0x70000000
34186352:	f1b1 5f00 	cmp.w	r1, #536870912	@ 0x20000000
34186356:	d00d      	beq.n	34186374 <HAL_RCCEx_GetPLL2CLKFreq+0x74>
34186358:	d819      	bhi.n	3418638e <HAL_RCCEx_GetPLL2CLKFreq+0x8e>
3418635a:	2900      	cmp	r1, #0
3418635c:	d061      	beq.n	34186422 <HAL_RCCEx_GetPLL2CLKFreq+0x122>
3418635e:	6850      	ldr	r0, [r2, #4]
34186360:	f010 0004 	ands.w	r0, r0, #4
34186364:	d00b      	beq.n	3418637e <HAL_RCCEx_GetPLL2CLKFreq+0x7e>
34186366:	6c53      	ldr	r3, [r2, #68]	@ 0x44
34186368:	059b      	lsls	r3, r3, #22
3418636a:	d472      	bmi.n	34186452 <HAL_RCCEx_GetPLL2CLKFreq+0x152>
3418636c:	483c      	ldr	r0, [pc, #240]	@ (34186460 <HAL_RCCEx_GetPLL2CLKFreq+0x160>)
3418636e:	4770      	bx	lr
34186370:	4770      	bx	lr
34186372:	4770      	bx	lr
34186374:	6850      	ldr	r0, [r2, #4]
34186376:	f010 0010 	ands.w	r0, r0, #16
3418637a:	d069      	beq.n	34186450 <HAL_RCCEx_GetPLL2CLKFreq+0x150>
3418637c:	4839      	ldr	r0, [pc, #228]	@ (34186464 <HAL_RCCEx_GetPLL2CLKFreq+0x164>)
3418637e:	4770      	bx	lr
34186380:	6850      	ldr	r0, [r2, #4]
34186382:	f010 0010 	ands.w	r0, r0, #16
34186386:	d0fa      	beq.n	3418637e <HAL_RCCEx_GetPLL2CLKFreq+0x7e>
34186388:	f8df c0d8 	ldr.w	ip, [pc, #216]	@ 34186464 <HAL_RCCEx_GetPLL2CLKFreq+0x164>
3418638c:	e009      	b.n	341863a2 <HAL_RCCEx_GetPLL2CLKFreq+0xa2>
3418638e:	f1b1 5f40 	cmp.w	r1, #805306368	@ 0x30000000
34186392:	d15b      	bne.n	3418644c <HAL_RCCEx_GetPLL2CLKFreq+0x14c>
34186394:	4834      	ldr	r0, [pc, #208]	@ (34186468 <HAL_RCCEx_GetPLL2CLKFreq+0x168>)
34186396:	4770      	bx	lr
34186398:	f1b3 5f40 	cmp.w	r3, #805306368	@ 0x30000000
3418639c:	d156      	bne.n	3418644c <HAL_RCCEx_GetPLL2CLKFreq+0x14c>
3418639e:	f8df c0c8 	ldr.w	ip, [pc, #200]	@ 34186468 <HAL_RCCEx_GetPLL2CLKFreq+0x168>
341863a2:	4a2e      	ldr	r2, [pc, #184]	@ (3418645c <HAL_RCCEx_GetPLL2CLKFreq+0x15c>)
341863a4:	f8d2 3090 	ldr.w	r3, [r2, #144]	@ 0x90
341863a8:	f3c3 5105 	ubfx	r1, r3, #20, #6
341863ac:	f013 7f7c 	tst.w	r3, #66060288	@ 0x3f00000
341863b0:	4608      	mov	r0, r1
341863b2:	d0e4      	beq.n	3418637e <HAL_RCCEx_GetPLL2CLKFreq+0x7e>
341863b4:	f8d2 3090 	ldr.w	r3, [r2, #144]	@ 0x90
341863b8:	f8d2 0094 	ldr.w	r0, [r2, #148]	@ 0x94
341863bc:	f3c3 230b 	ubfx	r3, r3, #8, #12
341863c0:	f020 407f 	bic.w	r0, r0, #4278190080	@ 0xff000000
341863c4:	ee07 3a90 	vmov	s15, r3
341863c8:	ee05 0a90 	vmov	s11, r0
341863cc:	ee07 ca10 	vmov	s14, ip
341863d0:	eefa 5ac4 	vcvt.f32.s32	s11, s11, #24
341863d4:	eef8 7ae7 	vcvt.f32.s32	s15, s15
341863d8:	eeb8 5ac7 	vcvt.f32.s32	s10, s14
341863dc:	ee77 7aa5 	vadd.f32	s15, s15, s11
341863e0:	ee07 1a10 	vmov	s14, r1
341863e4:	f8d2 1098 	ldr.w	r1, [r2, #152]	@ 0x98
341863e8:	ee67 7a85 	vmul.f32	s15, s15, s10
341863ec:	f3c1 61c2 	ubfx	r1, r1, #27, #3
341863f0:	ee06 1a90 	vmov	s13, r1
341863f4:	eeb8 7ac7 	vcvt.f32.s32	s14, s14
341863f8:	f8d2 3098 	ldr.w	r3, [r2, #152]	@ 0x98
341863fc:	eeb8 6ae6 	vcvt.f32.s32	s12, s13
34186400:	f3c3 6302 	ubfx	r3, r3, #24, #3
34186404:	eec7 5a87 	vdiv.f32	s11, s15, s14
34186408:	ee06 3a90 	vmov	s13, r3
3418640c:	ee85 7a86 	vdiv.f32	s14, s11, s12
34186410:	eef8 6ae6 	vcvt.f32.s32	s13, s13
34186414:	eec7 7a26 	vdiv.f32	s15, s14, s13
34186418:	eefc 7ae7 	vcvt.u32.f32	s15, s15
3418641c:	ee17 0a90 	vmov	r0, s15
34186420:	4770      	bx	lr
34186422:	6850      	ldr	r0, [r2, #4]
34186424:	f010 0008 	ands.w	r0, r0, #8
34186428:	d0a9      	beq.n	3418637e <HAL_RCCEx_GetPLL2CLKFreq+0x7e>
3418642a:	6c93      	ldr	r3, [r2, #72]	@ 0x48
3418642c:	480f      	ldr	r0, [pc, #60]	@ (3418646c <HAL_RCCEx_GetPLL2CLKFreq+0x16c>)
3418642e:	f3c3 13c1 	ubfx	r3, r3, #7, #2
34186432:	40d8      	lsrs	r0, r3
34186434:	4770      	bx	lr
34186436:	6850      	ldr	r0, [r2, #4]
34186438:	f010 0008 	ands.w	r0, r0, #8
3418643c:	d09f      	beq.n	3418637e <HAL_RCCEx_GetPLL2CLKFreq+0x7e>
3418643e:	6c92      	ldr	r2, [r2, #72]	@ 0x48
34186440:	4b0a      	ldr	r3, [pc, #40]	@ (3418646c <HAL_RCCEx_GetPLL2CLKFreq+0x16c>)
34186442:	f3c2 12c1 	ubfx	r2, r2, #7, #2
34186446:	fa23 fc02 	lsr.w	ip, r3, r2
3418644a:	e7aa      	b.n	341863a2 <HAL_RCCEx_GetPLL2CLKFreq+0xa2>
3418644c:	2000      	movs	r0, #0
3418644e:	4770      	bx	lr
34186450:	4770      	bx	lr
34186452:	4807      	ldr	r0, [pc, #28]	@ (34186470 <HAL_RCCEx_GetPLL2CLKFreq+0x170>)
34186454:	4770      	bx	lr
34186456:	f8df c008 	ldr.w	ip, [pc, #8]	@ 34186460 <HAL_RCCEx_GetPLL2CLKFreq+0x160>
3418645a:	e7a2      	b.n	341863a2 <HAL_RCCEx_GetPLL2CLKFreq+0xa2>
3418645c:	56028000 	.word	0x56028000
34186460:	003d0900 	.word	0x003d0900
34186464:	02dc6c00 	.word	0x02dc6c00
34186468:	00bb8000 	.word	0x00bb8000
3418646c:	03d09000 	.word	0x03d09000
34186470:	00f42400 	.word	0x00f42400

34186474 <HAL_RCCEx_GetPLL3CLKFreq>:
34186474:	4a56      	ldr	r2, [pc, #344]	@ (341865d0 <HAL_RCCEx_GetPLL3CLKFreq+0x15c>)
34186476:	6853      	ldr	r3, [r2, #4]
34186478:	f413 6380 	ands.w	r3, r3, #1024	@ 0x400
3418647c:	d01a      	beq.n	341864b4 <HAL_RCCEx_GetPLL3CLKFreq+0x40>
3418647e:	f8d2 00a8 	ldr.w	r0, [r2, #168]	@ 0xa8
34186482:	f010 4080 	ands.w	r0, r0, #1073741824	@ 0x40000000
34186486:	d02e      	beq.n	341864e6 <HAL_RCCEx_GetPLL3CLKFreq+0x72>
34186488:	f8d2 30a0 	ldr.w	r3, [r2, #160]	@ 0xa0
3418648c:	f003 43e0 	and.w	r3, r3, #1879048192	@ 0x70000000
34186490:	f1b3 5f00 	cmp.w	r3, #536870912	@ 0x20000000
34186494:	d02e      	beq.n	341864f4 <HAL_RCCEx_GetPLL3CLKFreq+0x80>
34186496:	d839      	bhi.n	3418650c <HAL_RCCEx_GetPLL3CLKFreq+0x98>
34186498:	2b00      	cmp	r3, #0
3418649a:	f000 8086 	beq.w	341865aa <HAL_RCCEx_GetPLL3CLKFreq+0x136>
3418649e:	6850      	ldr	r0, [r2, #4]
341864a0:	f010 0004 	ands.w	r0, r0, #4
341864a4:	d025      	beq.n	341864f2 <HAL_RCCEx_GetPLL3CLKFreq+0x7e>
341864a6:	6c53      	ldr	r3, [r2, #68]	@ 0x44
341864a8:	059a      	lsls	r2, r3, #22
341864aa:	f140 808e 	bpl.w	341865ca <HAL_RCCEx_GetPLL3CLKFreq+0x156>
341864ae:	f8df c134 	ldr.w	ip, [pc, #308]	@ 341865e4 <HAL_RCCEx_GetPLL3CLKFreq+0x170>
341864b2:	e030      	b.n	34186516 <HAL_RCCEx_GetPLL3CLKFreq+0xa2>
341864b4:	f8d2 00a0 	ldr.w	r0, [r2, #160]	@ 0xa0
341864b8:	f010 6000 	ands.w	r0, r0, #134217728	@ 0x8000000
341864bc:	d012      	beq.n	341864e4 <HAL_RCCEx_GetPLL3CLKFreq+0x70>
341864be:	f8d2 10a0 	ldr.w	r1, [r2, #160]	@ 0xa0
341864c2:	f001 41e0 	and.w	r1, r1, #1879048192	@ 0x70000000
341864c6:	f1b1 5f00 	cmp.w	r1, #536870912	@ 0x20000000
341864ca:	d00d      	beq.n	341864e8 <HAL_RCCEx_GetPLL3CLKFreq+0x74>
341864cc:	d819      	bhi.n	34186502 <HAL_RCCEx_GetPLL3CLKFreq+0x8e>
341864ce:	2900      	cmp	r1, #0
341864d0:	d061      	beq.n	34186596 <HAL_RCCEx_GetPLL3CLKFreq+0x122>
341864d2:	6850      	ldr	r0, [r2, #4]
341864d4:	f010 0004 	ands.w	r0, r0, #4
341864d8:	d00b      	beq.n	341864f2 <HAL_RCCEx_GetPLL3CLKFreq+0x7e>
341864da:	6c53      	ldr	r3, [r2, #68]	@ 0x44
341864dc:	059b      	lsls	r3, r3, #22
341864de:	d472      	bmi.n	341865c6 <HAL_RCCEx_GetPLL3CLKFreq+0x152>
341864e0:	483c      	ldr	r0, [pc, #240]	@ (341865d4 <HAL_RCCEx_GetPLL3CLKFreq+0x160>)
341864e2:	4770      	bx	lr
341864e4:	4770      	bx	lr
341864e6:	4770      	bx	lr
341864e8:	6850      	ldr	r0, [r2, #4]
341864ea:	f010 0010 	ands.w	r0, r0, #16
341864ee:	d069      	beq.n	341865c4 <HAL_RCCEx_GetPLL3CLKFreq+0x150>
341864f0:	4839      	ldr	r0, [pc, #228]	@ (341865d8 <HAL_RCCEx_GetPLL3CLKFreq+0x164>)
341864f2:	4770      	bx	lr
341864f4:	6850      	ldr	r0, [r2, #4]
341864f6:	f010 0010 	ands.w	r0, r0, #16
341864fa:	d0fa      	beq.n	341864f2 <HAL_RCCEx_GetPLL3CLKFreq+0x7e>
341864fc:	f8df c0d8 	ldr.w	ip, [pc, #216]	@ 341865d8 <HAL_RCCEx_GetPLL3CLKFreq+0x164>
34186500:	e009      	b.n	34186516 <HAL_RCCEx_GetPLL3CLKFreq+0xa2>
34186502:	f1b1 5f40 	cmp.w	r1, #805306368	@ 0x30000000
34186506:	d15b      	bne.n	341865c0 <HAL_RCCEx_GetPLL3CLKFreq+0x14c>
34186508:	4834      	ldr	r0, [pc, #208]	@ (341865dc <HAL_RCCEx_GetPLL3CLKFreq+0x168>)
3418650a:	4770      	bx	lr
3418650c:	f1b3 5f40 	cmp.w	r3, #805306368	@ 0x30000000
34186510:	d156      	bne.n	341865c0 <HAL_RCCEx_GetPLL3CLKFreq+0x14c>
34186512:	f8df c0c8 	ldr.w	ip, [pc, #200]	@ 341865dc <HAL_RCCEx_GetPLL3CLKFreq+0x168>
34186516:	4a2e      	ldr	r2, [pc, #184]	@ (341865d0 <HAL_RCCEx_GetPLL3CLKFreq+0x15c>)
34186518:	f8d2 30a0 	ldr.w	r3, [r2, #160]	@ 0xa0
3418651c:	f3c3 5105 	ubfx	r1, r3, #20, #6
34186520:	f013 7f7c 	tst.w	r3, #66060288	@ 0x3f00000
34186524:	4608      	mov	r0, r1
34186526:	d0e4      	beq.n	341864f2 <HAL_RCCEx_GetPLL3CLKFreq+0x7e>
34186528:	f8d2 30a0 	ldr.w	r3, [r2, #160]	@ 0xa0
3418652c:	f8d2 00a4 	ldr.w	r0, [r2, #164]	@ 0xa4
34186530:	f3c3 230b 	ubfx	r3, r3, #8, #12
34186534:	f020 407f 	bic.w	r0, r0, #4278190080	@ 0xff000000
34186538:	ee07 3a90 	vmov	s15, r3
3418653c:	ee05 0a90 	vmov	s11, r0
34186540:	ee07 ca10 	vmov	s14, ip
34186544:	eefa 5ac4 	vcvt.f32.s32	s11, s11, #24
34186548:	eef8 7ae7 	vcvt.f32.s32	s15, s15
3418654c:	eeb8 5ac7 	vcvt.f32.s32	s10, s14
34186550:	ee77 7aa5 	vadd.f32	s15, s15, s11
34186554:	ee07 1a10 	vmov	s14, r1
34186558:	f8d2 10a8 	ldr.w	r1, [r2, #168]	@ 0xa8
3418655c:	ee67 7a85 	vmul.f32	s15, s15, s10
34186560:	f3c1 61c2 	ubfx	r1, r1, #27, #3
34186564:	ee06 1a90 	vmov	s13, r1
34186568:	eeb8 7ac7 	vcvt.f32.s32	s14, s14
3418656c:	f8d2 30a8 	ldr.w	r3, [r2, #168]	@ 0xa8
34186570:	eeb8 6ae6 	vcvt.f32.s32	s12, s13
34186574:	f3c3 6302 	ubfx	r3, r3, #24, #3
34186578:	eec7 5a87 	vdiv.f32	s11, s15, s14
3418657c:	ee06 3a90 	vmov	s13, r3
34186580:	ee85 7a86 	vdiv.f32	s14, s11, s12
34186584:	eef8 6ae6 	vcvt.f32.s32	s13, s13
34186588:	eec7 7a26 	vdiv.f32	s15, s14, s13
3418658c:	eefc 7ae7 	vcvt.u32.f32	s15, s15
34186590:	ee17 0a90 	vmov	r0, s15
34186594:	4770      	bx	lr
34186596:	6850      	ldr	r0, [r2, #4]
34186598:	f010 0008 	ands.w	r0, r0, #8
3418659c:	d0a9      	beq.n	341864f2 <HAL_RCCEx_GetPLL3CLKFreq+0x7e>
3418659e:	6c93      	ldr	r3, [r2, #72]	@ 0x48
341865a0:	480f      	ldr	r0, [pc, #60]	@ (341865e0 <HAL_RCCEx_GetPLL3CLKFreq+0x16c>)
341865a2:	f3c3 13c1 	ubfx	r3, r3, #7, #2
341865a6:	40d8      	lsrs	r0, r3
341865a8:	4770      	bx	lr
341865aa:	6850      	ldr	r0, [r2, #4]
341865ac:	f010 0008 	ands.w	r0, r0, #8
341865b0:	d09f      	beq.n	341864f2 <HAL_RCCEx_GetPLL3CLKFreq+0x7e>
341865b2:	6c92      	ldr	r2, [r2, #72]	@ 0x48
341865b4:	4b0a      	ldr	r3, [pc, #40]	@ (341865e0 <HAL_RCCEx_GetPLL3CLKFreq+0x16c>)
341865b6:	f3c2 12c1 	ubfx	r2, r2, #7, #2
341865ba:	fa23 fc02 	lsr.w	ip, r3, r2
341865be:	e7aa      	b.n	34186516 <HAL_RCCEx_GetPLL3CLKFreq+0xa2>
341865c0:	2000      	movs	r0, #0
341865c2:	4770      	bx	lr
341865c4:	4770      	bx	lr
341865c6:	4807      	ldr	r0, [pc, #28]	@ (341865e4 <HAL_RCCEx_GetPLL3CLKFreq+0x170>)
341865c8:	4770      	bx	lr
341865ca:	f8df c008 	ldr.w	ip, [pc, #8]	@ 341865d4 <HAL_RCCEx_GetPLL3CLKFreq+0x160>
341865ce:	e7a2      	b.n	34186516 <HAL_RCCEx_GetPLL3CLKFreq+0xa2>
341865d0:	56028000 	.word	0x56028000
341865d4:	003d0900 	.word	0x003d0900
341865d8:	02dc6c00 	.word	0x02dc6c00
341865dc:	00bb8000 	.word	0x00bb8000
341865e0:	03d09000 	.word	0x03d09000
341865e4:	00f42400 	.word	0x00f42400

341865e8 <HAL_RCCEx_GetPLL4CLKFreq>:
341865e8:	4a56      	ldr	r2, [pc, #344]	@ (34186744 <HAL_RCCEx_GetPLL4CLKFreq+0x15c>)
341865ea:	6853      	ldr	r3, [r2, #4]
341865ec:	f413 6300 	ands.w	r3, r3, #2048	@ 0x800
341865f0:	d01a      	beq.n	34186628 <HAL_RCCEx_GetPLL4CLKFreq+0x40>
341865f2:	f8d2 00b8 	ldr.w	r0, [r2, #184]	@ 0xb8
341865f6:	f010 4080 	ands.w	r0, r0, #1073741824	@ 0x40000000
341865fa:	d02e      	beq.n	3418665a <HAL_RCCEx_GetPLL4CLKFreq+0x72>
341865fc:	f8d2 30b0 	ldr.w	r3, [r2, #176]	@ 0xb0
34186600:	f003 43e0 	and.w	r3, r3, #1879048192	@ 0x70000000
34186604:	f1b3 5f00 	cmp.w	r3, #536870912	@ 0x20000000
34186608:	d02e      	beq.n	34186668 <HAL_RCCEx_GetPLL4CLKFreq+0x80>
3418660a:	d839      	bhi.n	34186680 <HAL_RCCEx_GetPLL4CLKFreq+0x98>
3418660c:	2b00      	cmp	r3, #0
3418660e:	f000 8086 	beq.w	3418671e <HAL_RCCEx_GetPLL4CLKFreq+0x136>
34186612:	6850      	ldr	r0, [r2, #4]
34186614:	f010 0004 	ands.w	r0, r0, #4
34186618:	d025      	beq.n	34186666 <HAL_RCCEx_GetPLL4CLKFreq+0x7e>
3418661a:	6c53      	ldr	r3, [r2, #68]	@ 0x44
3418661c:	059a      	lsls	r2, r3, #22
3418661e:	f140 808e 	bpl.w	3418673e <HAL_RCCEx_GetPLL4CLKFreq+0x156>
34186622:	f8df c134 	ldr.w	ip, [pc, #308]	@ 34186758 <HAL_RCCEx_GetPLL4CLKFreq+0x170>
34186626:	e030      	b.n	3418668a <HAL_RCCEx_GetPLL4CLKFreq+0xa2>
34186628:	f8d2 00b0 	ldr.w	r0, [r2, #176]	@ 0xb0
3418662c:	f010 6000 	ands.w	r0, r0, #134217728	@ 0x8000000
34186630:	d012      	beq.n	34186658 <HAL_RCCEx_GetPLL4CLKFreq+0x70>
34186632:	f8d2 10b0 	ldr.w	r1, [r2, #176]	@ 0xb0
34186636:	f001 41e0 	and.w	r1, r1, #1879048192	@ 0x70000000
3418663a:	f1b1 5f00 	cmp.w	r1, #536870912	@ 0x20000000
3418663e:	d00d      	beq.n	3418665c <HAL_RCCEx_GetPLL4CLKFreq+0x74>
34186640:	d819      	bhi.n	34186676 <HAL_RCCEx_GetPLL4CLKFreq+0x8e>
34186642:	2900      	cmp	r1, #0
34186644:	d061      	beq.n	3418670a <HAL_RCCEx_GetPLL4CLKFreq+0x122>
34186646:	6850      	ldr	r0, [r2, #4]
34186648:	f010 0004 	ands.w	r0, r0, #4
3418664c:	d00b      	beq.n	34186666 <HAL_RCCEx_GetPLL4CLKFreq+0x7e>
3418664e:	6c53      	ldr	r3, [r2, #68]	@ 0x44
34186650:	059b      	lsls	r3, r3, #22
34186652:	d472      	bmi.n	3418673a <HAL_RCCEx_GetPLL4CLKFreq+0x152>
34186654:	483c      	ldr	r0, [pc, #240]	@ (34186748 <HAL_RCCEx_GetPLL4CLKFreq+0x160>)
34186656:	4770      	bx	lr
34186658:	4770      	bx	lr
3418665a:	4770      	bx	lr
3418665c:	6850      	ldr	r0, [r2, #4]
3418665e:	f010 0010 	ands.w	r0, r0, #16
34186662:	d069      	beq.n	34186738 <HAL_RCCEx_GetPLL4CLKFreq+0x150>
34186664:	4839      	ldr	r0, [pc, #228]	@ (3418674c <HAL_RCCEx_GetPLL4CLKFreq+0x164>)
34186666:	4770      	bx	lr
34186668:	6850      	ldr	r0, [r2, #4]
3418666a:	f010 0010 	ands.w	r0, r0, #16
3418666e:	d0fa      	beq.n	34186666 <HAL_RCCEx_GetPLL4CLKFreq+0x7e>
34186670:	f8df c0d8 	ldr.w	ip, [pc, #216]	@ 3418674c <HAL_RCCEx_GetPLL4CLKFreq+0x164>
34186674:	e009      	b.n	3418668a <HAL_RCCEx_GetPLL4CLKFreq+0xa2>
34186676:	f1b1 5f40 	cmp.w	r1, #805306368	@ 0x30000000
3418667a:	d15b      	bne.n	34186734 <HAL_RCCEx_GetPLL4CLKFreq+0x14c>
3418667c:	4834      	ldr	r0, [pc, #208]	@ (34186750 <HAL_RCCEx_GetPLL4CLKFreq+0x168>)
3418667e:	4770      	bx	lr
34186680:	f1b3 5f40 	cmp.w	r3, #805306368	@ 0x30000000
34186684:	d156      	bne.n	34186734 <HAL_RCCEx_GetPLL4CLKFreq+0x14c>
34186686:	f8df c0c8 	ldr.w	ip, [pc, #200]	@ 34186750 <HAL_RCCEx_GetPLL4CLKFreq+0x168>
3418668a:	4a2e      	ldr	r2, [pc, #184]	@ (34186744 <HAL_RCCEx_GetPLL4CLKFreq+0x15c>)
3418668c:	f8d2 30b0 	ldr.w	r3, [r2, #176]	@ 0xb0
34186690:	f3c3 5105 	ubfx	r1, r3, #20, #6
34186694:	f013 7f7c 	tst.w	r3, #66060288	@ 0x3f00000
34186698:	4608      	mov	r0, r1
3418669a:	d0e4      	beq.n	34186666 <HAL_RCCEx_GetPLL4CLKFreq+0x7e>
3418669c:	f8d2 30b0 	ldr.w	r3, [r2, #176]	@ 0xb0
341866a0:	f8d2 00b4 	ldr.w	r0, [r2, #180]	@ 0xb4
341866a4:	f3c3 230b 	ubfx	r3, r3, #8, #12
341866a8:	f020 407f 	bic.w	r0, r0, #4278190080	@ 0xff000000
341866ac:	ee07 3a90 	vmov	s15, r3
341866b0:	ee05 0a90 	vmov	s11, r0
341866b4:	ee07 ca10 	vmov	s14, ip
341866b8:	eefa 5ac4 	vcvt.f32.s32	s11, s11, #24
341866bc:	eef8 7ae7 	vcvt.f32.s32	s15, s15
341866c0:	eeb8 5ac7 	vcvt.f32.s32	s10, s14
341866c4:	ee77 7aa5 	vadd.f32	s15, s15, s11
341866c8:	ee07 1a10 	vmov	s14, r1
341866cc:	f8d2 10b8 	ldr.w	r1, [r2, #184]	@ 0xb8
341866d0:	ee67 7a85 	vmul.f32	s15, s15, s10
341866d4:	f3c1 61c2 	ubfx	r1, r1, #27, #3
341866d8:	ee06 1a90 	vmov	s13, r1
341866dc:	eeb8 7ac7 	vcvt.f32.s32	s14, s14
341866e0:	f8d2 30b8 	ldr.w	r3, [r2, #184]	@ 0xb8
341866e4:	eeb8 6ae6 	vcvt.f32.s32	s12, s13
341866e8:	f3c3 6302 	ubfx	r3, r3, #24, #3
341866ec:	eec7 5a87 	vdiv.f32	s11, s15, s14
341866f0:	ee06 3a90 	vmov	s13, r3
341866f4:	ee85 7a86 	vdiv.f32	s14, s11, s12
341866f8:	eef8 6ae6 	vcvt.f32.s32	s13, s13
341866fc:	eec7 7a26 	vdiv.f32	s15, s14, s13
34186700:	eefc 7ae7 	vcvt.u32.f32	s15, s15
34186704:	ee17 0a90 	vmov	r0, s15
34186708:	4770      	bx	lr
3418670a:	6850      	ldr	r0, [r2, #4]
3418670c:	f010 0008 	ands.w	r0, r0, #8
34186710:	d0a9      	beq.n	34186666 <HAL_RCCEx_GetPLL4CLKFreq+0x7e>
34186712:	6c93      	ldr	r3, [r2, #72]	@ 0x48
34186714:	480f      	ldr	r0, [pc, #60]	@ (34186754 <HAL_RCCEx_GetPLL4CLKFreq+0x16c>)
34186716:	f3c3 13c1 	ubfx	r3, r3, #7, #2
3418671a:	40d8      	lsrs	r0, r3
3418671c:	4770      	bx	lr
3418671e:	6850      	ldr	r0, [r2, #4]
34186720:	f010 0008 	ands.w	r0, r0, #8
34186724:	d09f      	beq.n	34186666 <HAL_RCCEx_GetPLL4CLKFreq+0x7e>
34186726:	6c92      	ldr	r2, [r2, #72]	@ 0x48
34186728:	4b0a      	ldr	r3, [pc, #40]	@ (34186754 <HAL_RCCEx_GetPLL4CLKFreq+0x16c>)
3418672a:	f3c2 12c1 	ubfx	r2, r2, #7, #2
3418672e:	fa23 fc02 	lsr.w	ip, r3, r2
34186732:	e7aa      	b.n	3418668a <HAL_RCCEx_GetPLL4CLKFreq+0xa2>
34186734:	2000      	movs	r0, #0
34186736:	4770      	bx	lr
34186738:	4770      	bx	lr
3418673a:	4807      	ldr	r0, [pc, #28]	@ (34186758 <HAL_RCCEx_GetPLL4CLKFreq+0x170>)
3418673c:	4770      	bx	lr
3418673e:	f8df c008 	ldr.w	ip, [pc, #8]	@ 34186748 <HAL_RCCEx_GetPLL4CLKFreq+0x160>
34186742:	e7a2      	b.n	3418668a <HAL_RCCEx_GetPLL4CLKFreq+0xa2>
34186744:	56028000 	.word	0x56028000
34186748:	003d0900 	.word	0x003d0900
3418674c:	02dc6c00 	.word	0x02dc6c00
34186750:	00bb8000 	.word	0x00bb8000
34186754:	03d09000 	.word	0x03d09000
34186758:	00f42400 	.word	0x00f42400

3418675c <Reset_Handler>:
3418675c:	480f      	ldr	r0, [pc, #60]	@ (3418679c <LoopForever+0x4>)
3418675e:	f380 880a 	msr	MSPLIM, r0
34186762:	480f      	ldr	r0, [pc, #60]	@ (341867a0 <LoopForever+0x8>)
34186764:	4685      	mov	sp, r0
34186766:	f7fe f991 	bl	34184a8c <SystemInit>
3418676a:	480e      	ldr	r0, [pc, #56]	@ (341867a4 <LoopForever+0xc>)
3418676c:	490e      	ldr	r1, [pc, #56]	@ (341867a8 <LoopForever+0x10>)
3418676e:	4a0f      	ldr	r2, [pc, #60]	@ (341867ac <LoopForever+0x14>)
34186770:	2300      	movs	r3, #0
34186772:	e002      	b.n	3418677a <LoopCopyDataInit>

34186774 <CopyDataInit>:
34186774:	58d4      	ldr	r4, [r2, r3]
34186776:	50c4      	str	r4, [r0, r3]
34186778:	3304      	adds	r3, #4

3418677a <LoopCopyDataInit>:
3418677a:	18c4      	adds	r4, r0, r3
3418677c:	428c      	cmp	r4, r1
3418677e:	d3f9      	bcc.n	34186774 <CopyDataInit>
34186780:	4a0b      	ldr	r2, [pc, #44]	@ (341867b0 <LoopForever+0x18>)
34186782:	4c0c      	ldr	r4, [pc, #48]	@ (341867b4 <LoopForever+0x1c>)
34186784:	2300      	movs	r3, #0
34186786:	e001      	b.n	3418678c <LoopFillZerobss>

34186788 <FillZerobss>:
34186788:	6013      	str	r3, [r2, #0]
3418678a:	3204      	adds	r2, #4

3418678c <LoopFillZerobss>:
3418678c:	42a2      	cmp	r2, r4
3418678e:	d3fb      	bcc.n	34186788 <FillZerobss>
34186790:	f000 fe3a 	bl	34187408 <__libc_init_array>
34186794:	f7fe f808 	bl	341847a8 <__wrap_main>

34186798 <LoopForever>:
34186798:	e7fe      	b.n	34186798 <LoopForever>
3418679a:	0000      	.short	0x0000
3418679c:	341e0000 	.word	0x341e0000
341867a0:	34200000 	.word	0x34200000
341867a4:	341c0000 	.word	0x341c0000
341867a8:	341c0890 	.word	0x341c0890
341867ac:	341903c0 	.word	0x341903c0
341867b0:	341c08a0 	.word	0x341c08a0
341867b4:	341c31e8 	.word	0x341c31e8

341867b8 <ADC1_2_IRQHandler>:
341867b8:	e7fe      	b.n	341867b8 <ADC1_2_IRQHandler>
	...

341867bc <atexit>:
341867bc:	2300      	movs	r3, #0
341867be:	4601      	mov	r1, r0
341867c0:	461a      	mov	r2, r3
341867c2:	4618      	mov	r0, r3
341867c4:	f000 bf06 	b.w	341875d4 <__register_exitproc>

341867c8 <_calloc_r>:
341867c8:	b510      	push	{r4, lr}
341867ca:	fba1 1402 	umull	r1, r4, r1, r2
341867ce:	b082      	sub	sp, #8
341867d0:	bb54      	cbnz	r4, 34186828 <_calloc_r+0x60>
341867d2:	f000 f837 	bl	34186844 <_malloc_r>
341867d6:	4603      	mov	r3, r0
341867d8:	b350      	cbz	r0, 34186830 <_calloc_r+0x68>
341867da:	f850 2c04 	ldr.w	r2, [r0, #-4]
341867de:	f022 0203 	bic.w	r2, r2, #3
341867e2:	3a04      	subs	r2, #4
341867e4:	2a24      	cmp	r2, #36	@ 0x24
341867e6:	d80c      	bhi.n	34186802 <_calloc_r+0x3a>
341867e8:	2a13      	cmp	r2, #19
341867ea:	d912      	bls.n	34186812 <_calloc_r+0x4a>
341867ec:	2a1b      	cmp	r2, #27
341867ee:	e9c0 4400 	strd	r4, r4, [r0]
341867f2:	d916      	bls.n	34186822 <_calloc_r+0x5a>
341867f4:	2a24      	cmp	r2, #36	@ 0x24
341867f6:	e9c0 4402 	strd	r4, r4, [r0, #8]
341867fa:	d01d      	beq.n	34186838 <_calloc_r+0x70>
341867fc:	f100 0110 	add.w	r1, r0, #16
34186800:	e008      	b.n	34186814 <_calloc_r+0x4c>
34186802:	4621      	mov	r1, r4
34186804:	9001      	str	r0, [sp, #4]
34186806:	f000 fd95 	bl	34187334 <memset>
3418680a:	9b01      	ldr	r3, [sp, #4]
3418680c:	4618      	mov	r0, r3
3418680e:	b002      	add	sp, #8
34186810:	bd10      	pop	{r4, pc}
34186812:	4601      	mov	r1, r0
34186814:	2200      	movs	r2, #0
34186816:	4618      	mov	r0, r3
34186818:	e9c1 2200 	strd	r2, r2, [r1]
3418681c:	608a      	str	r2, [r1, #8]
3418681e:	b002      	add	sp, #8
34186820:	bd10      	pop	{r4, pc}
34186822:	f100 0108 	add.w	r1, r0, #8
34186826:	e7f5      	b.n	34186814 <_calloc_r+0x4c>
34186828:	f000 fdda 	bl	341873e0 <__errno>
3418682c:	230c      	movs	r3, #12
3418682e:	6003      	str	r3, [r0, #0]
34186830:	2300      	movs	r3, #0
34186832:	4618      	mov	r0, r3
34186834:	b002      	add	sp, #8
34186836:	bd10      	pop	{r4, pc}
34186838:	f100 0118 	add.w	r1, r0, #24
3418683c:	e9c0 4404 	strd	r4, r4, [r0, #16]
34186840:	e7e8      	b.n	34186814 <_calloc_r+0x4c>
34186842:	bf00      	nop

34186844 <_malloc_r>:
34186844:	f101 030b 	add.w	r3, r1, #11
34186848:	2b16      	cmp	r3, #22
3418684a:	e92d 4ff0 	stmdb	sp!, {r4, r5, r6, r7, r8, r9, sl, fp, lr}
3418684e:	4680      	mov	r8, r0
34186850:	b085      	sub	sp, #20
34186852:	d82c      	bhi.n	341868ae <_malloc_r+0x6a>
34186854:	2910      	cmp	r1, #16
34186856:	d822      	bhi.n	3418689e <_malloc_r+0x5a>
34186858:	f000 fac8 	bl	34186dec <__malloc_lock>
3418685c:	2118      	movs	r1, #24
3418685e:	f04f 0e02 	mov.w	lr, #2
34186862:	2210      	movs	r2, #16
34186864:	4cb6      	ldr	r4, [pc, #728]	@ (34186b40 <_malloc_r+0x2fc>)
34186866:	4421      	add	r1, r4
34186868:	684d      	ldr	r5, [r1, #4]
3418686a:	f1a1 0008 	sub.w	r0, r1, #8
3418686e:	4285      	cmp	r5, r0
34186870:	f000 815f 	beq.w	34186b32 <_malloc_r+0x2ee>
34186874:	686a      	ldr	r2, [r5, #4]
34186876:	4640      	mov	r0, r8
34186878:	f022 0203 	bic.w	r2, r2, #3
3418687c:	e9d5 4102 	ldrd	r4, r1, [r5, #8]
34186880:	442a      	add	r2, r5
34186882:	60e1      	str	r1, [r4, #12]
34186884:	608c      	str	r4, [r1, #8]
34186886:	f105 0408 	add.w	r4, r5, #8
3418688a:	6851      	ldr	r1, [r2, #4]
3418688c:	f041 0101 	orr.w	r1, r1, #1
34186890:	6051      	str	r1, [r2, #4]
34186892:	f000 fab1 	bl	34186df8 <__malloc_unlock>
34186896:	4620      	mov	r0, r4
34186898:	b005      	add	sp, #20
3418689a:	e8bd 8ff0 	ldmia.w	sp!, {r4, r5, r6, r7, r8, r9, sl, fp, pc}
3418689e:	230c      	movs	r3, #12
341868a0:	f8c8 3000 	str.w	r3, [r8]
341868a4:	2400      	movs	r4, #0
341868a6:	4620      	mov	r0, r4
341868a8:	b005      	add	sp, #20
341868aa:	e8bd 8ff0 	ldmia.w	sp!, {r4, r5, r6, r7, r8, r9, sl, fp, pc}
341868ae:	2b00      	cmp	r3, #0
341868b0:	f023 0207 	bic.w	r2, r3, #7
341868b4:	dbf3      	blt.n	3418689e <_malloc_r+0x5a>
341868b6:	4291      	cmp	r1, r2
341868b8:	d8f1      	bhi.n	3418689e <_malloc_r+0x5a>
341868ba:	9200      	str	r2, [sp, #0]
341868bc:	f000 fa96 	bl	34186dec <__malloc_lock>
341868c0:	9a00      	ldr	r2, [sp, #0]
341868c2:	f5b2 7ffc 	cmp.w	r2, #504	@ 0x1f8
341868c6:	f0c0 819f 	bcc.w	34186c08 <_malloc_r+0x3c4>
341868ca:	0a53      	lsrs	r3, r2, #9
341868cc:	d073      	beq.n	341869b6 <_malloc_r+0x172>
341868ce:	2b04      	cmp	r3, #4
341868d0:	f200 8164 	bhi.w	34186b9c <_malloc_r+0x358>
341868d4:	0993      	lsrs	r3, r2, #6
341868d6:	f103 0e39 	add.w	lr, r3, #57	@ 0x39
341868da:	f103 0638 	add.w	r6, r3, #56	@ 0x38
341868de:	ea4f 03ce 	mov.w	r3, lr, lsl #3
341868e2:	4c97      	ldr	r4, [pc, #604]	@ (34186b40 <_malloc_r+0x2fc>)
341868e4:	4423      	add	r3, r4
341868e6:	f1a3 0508 	sub.w	r5, r3, #8
341868ea:	685f      	ldr	r7, [r3, #4]
341868ec:	42bd      	cmp	r5, r7
341868ee:	d107      	bne.n	34186900 <_malloc_r+0xbc>
341868f0:	e00d      	b.n	3418690e <_malloc_r+0xca>
341868f2:	2800      	cmp	r0, #0
341868f4:	68fb      	ldr	r3, [r7, #12]
341868f6:	f280 810b 	bge.w	34186b10 <_malloc_r+0x2cc>
341868fa:	429d      	cmp	r5, r3
341868fc:	461f      	mov	r7, r3
341868fe:	d006      	beq.n	3418690e <_malloc_r+0xca>
34186900:	6879      	ldr	r1, [r7, #4]
34186902:	f021 0103 	bic.w	r1, r1, #3
34186906:	1a88      	subs	r0, r1, r2
34186908:	280f      	cmp	r0, #15
3418690a:	ddf2      	ble.n	341868f2 <_malloc_r+0xae>
3418690c:	46b6      	mov	lr, r6
3418690e:	6923      	ldr	r3, [r4, #16]
34186910:	498c      	ldr	r1, [pc, #560]	@ (34186b44 <_malloc_r+0x300>)
34186912:	428b      	cmp	r3, r1
34186914:	f000 80e9 	beq.w	34186aea <_malloc_r+0x2a6>
34186918:	685e      	ldr	r6, [r3, #4]
3418691a:	f026 0603 	bic.w	r6, r6, #3
3418691e:	1ab1      	subs	r1, r6, r2
34186920:	290f      	cmp	r1, #15
34186922:	f300 8183 	bgt.w	34186c2c <_malloc_r+0x3e8>
34186926:	4887      	ldr	r0, [pc, #540]	@ (34186b44 <_malloc_r+0x300>)
34186928:	2900      	cmp	r1, #0
3418692a:	e9c4 0004 	strd	r0, r0, [r4, #16]
3418692e:	f280 8170 	bge.w	34186c12 <_malloc_r+0x3ce>
34186932:	f5b6 7f00 	cmp.w	r6, #512	@ 0x200
34186936:	6867      	ldr	r7, [r4, #4]
34186938:	f080 8110 	bcs.w	34186b5c <_malloc_r+0x318>
3418693c:	08f1      	lsrs	r1, r6, #3
3418693e:	2001      	movs	r0, #1
34186940:	0976      	lsrs	r6, r6, #5
34186942:	3101      	adds	r1, #1
34186944:	40b0      	lsls	r0, r6
34186946:	f854 5031 	ldr.w	r5, [r4, r1, lsl #3]
3418694a:	4307      	orrs	r7, r0
3418694c:	eb04 00c1 	add.w	r0, r4, r1, lsl #3
34186950:	3808      	subs	r0, #8
34186952:	6067      	str	r7, [r4, #4]
34186954:	e9c3 5002 	strd	r5, r0, [r3, #8]
34186958:	f844 3031 	str.w	r3, [r4, r1, lsl #3]
3418695c:	60eb      	str	r3, [r5, #12]
3418695e:	ea4f 03ae 	mov.w	r3, lr, asr #2
34186962:	2601      	movs	r6, #1
34186964:	409e      	lsls	r6, r3
34186966:	42be      	cmp	r6, r7
34186968:	d82b      	bhi.n	341869c2 <_malloc_r+0x17e>
3418696a:	423e      	tst	r6, r7
3418696c:	d106      	bne.n	3418697c <_malloc_r+0x138>
3418696e:	f02e 0e03 	bic.w	lr, lr, #3
34186972:	0076      	lsls	r6, r6, #1
34186974:	f10e 0e04 	add.w	lr, lr, #4
34186978:	423e      	tst	r6, r7
3418697a:	d0fa      	beq.n	34186972 <_malloc_r+0x12e>
3418697c:	eb04 0ace 	add.w	sl, r4, lr, lsl #3
34186980:	46f1      	mov	r9, lr
34186982:	eb04 07ce 	add.w	r7, r4, lr, lsl #3
34186986:	68f9      	ldr	r1, [r7, #12]
34186988:	e00c      	b.n	341869a4 <_malloc_r+0x160>
3418698a:	6848      	ldr	r0, [r1, #4]
3418698c:	460b      	mov	r3, r1
3418698e:	68c9      	ldr	r1, [r1, #12]
34186990:	f020 0c03 	bic.w	ip, r0, #3
34186994:	ebac 0502 	sub.w	r5, ip, r2
34186998:	2d0f      	cmp	r5, #15
3418699a:	f300 810c 	bgt.w	34186bb6 <_malloc_r+0x372>
3418699e:	2d00      	cmp	r5, #0
341869a0:	f280 8122 	bge.w	34186be8 <_malloc_r+0x3a4>
341869a4:	428f      	cmp	r7, r1
341869a6:	d1f0      	bne.n	3418698a <_malloc_r+0x146>
341869a8:	f109 0301 	add.w	r3, r9, #1
341869ac:	3708      	adds	r7, #8
341869ae:	0798      	lsls	r0, r3, #30
341869b0:	4699      	mov	r9, r3
341869b2:	d1e8      	bne.n	34186986 <_malloc_r+0x142>
341869b4:	e174      	b.n	34186ca0 <_malloc_r+0x45c>
341869b6:	f44f 7300 	mov.w	r3, #512	@ 0x200
341869ba:	f04f 0e40 	mov.w	lr, #64	@ 0x40
341869be:	263f      	movs	r6, #63	@ 0x3f
341869c0:	e78f      	b.n	341868e2 <_malloc_r+0x9e>
341869c2:	68a7      	ldr	r7, [r4, #8]
341869c4:	6879      	ldr	r1, [r7, #4]
341869c6:	f021 0603 	bic.w	r6, r1, #3
341869ca:	4296      	cmp	r6, r2
341869cc:	eba6 0002 	sub.w	r0, r6, r2
341869d0:	d302      	bcc.n	341869d8 <_malloc_r+0x194>
341869d2:	280f      	cmp	r0, #15
341869d4:	f300 808b 	bgt.w	34186aee <_malloc_r+0x2aa>
341869d8:	495b      	ldr	r1, [pc, #364]	@ (34186b48 <_malloc_r+0x304>)
341869da:	2008      	movs	r0, #8
341869dc:	6809      	ldr	r1, [r1, #0]
341869de:	3110      	adds	r1, #16
341869e0:	4411      	add	r1, r2
341869e2:	e9cd 1200 	strd	r1, r2, [sp]
341869e6:	f000 fd01 	bl	341873ec <sysconf>
341869ea:	9900      	ldr	r1, [sp, #0]
341869ec:	4603      	mov	r3, r0
341869ee:	4682      	mov	sl, r0
341869f0:	1e48      	subs	r0, r1, #1
341869f2:	425d      	negs	r5, r3
341869f4:	4418      	add	r0, r3
341869f6:	4b55      	ldr	r3, [pc, #340]	@ (34186b4c <_malloc_r+0x308>)
341869f8:	4005      	ands	r5, r0
341869fa:	6818      	ldr	r0, [r3, #0]
341869fc:	f1b0 3fff 	cmp.w	r0, #4294967295	@ 0xffffffff
34186a00:	bf18      	it	ne
34186a02:	4629      	movne	r1, r5
34186a04:	4640      	mov	r0, r8
34186a06:	9100      	str	r1, [sp, #0]
34186a08:	f000 fcd8 	bl	341873bc <_sbrk_r>
34186a0c:	1c41      	adds	r1, r0, #1
34186a0e:	4605      	mov	r5, r0
34186a10:	e9dd 1200 	ldrd	r1, r2, [sp]
34186a14:	f000 8127 	beq.w	34186c66 <_malloc_r+0x422>
34186a18:	eb07 0c06 	add.w	ip, r7, r6
34186a1c:	4584      	cmp	ip, r0
34186a1e:	f200 8120 	bhi.w	34186c62 <_malloc_r+0x41e>
34186a22:	f8df 9134 	ldr.w	r9, [pc, #308]	@ 34186b58 <_malloc_r+0x314>
34186a26:	f10a 3eff 	add.w	lr, sl, #4294967295	@ 0xffffffff
34186a2a:	f8d9 0000 	ldr.w	r0, [r9]
34186a2e:	4408      	add	r0, r1
34186a30:	f8c9 0000 	str.w	r0, [r9]
34186a34:	f000 8183 	beq.w	34186d3e <_malloc_r+0x4fa>
34186a38:	4b44      	ldr	r3, [pc, #272]	@ (34186b4c <_malloc_r+0x308>)
34186a3a:	681b      	ldr	r3, [r3, #0]
34186a3c:	3301      	adds	r3, #1
34186a3e:	f000 8188 	beq.w	34186d52 <_malloc_r+0x50e>
34186a42:	eba5 0c0c 	sub.w	ip, r5, ip
34186a46:	4460      	add	r0, ip
34186a48:	f8c9 0000 	str.w	r0, [r9]
34186a4c:	f015 0307 	ands.w	r3, r5, #7
34186a50:	e9cd 2901 	strd	r2, r9, [sp, #4]
34186a54:	469b      	mov	fp, r3
34186a56:	f000 813f 	beq.w	34186cd8 <_malloc_r+0x494>
34186a5a:	f1c3 0008 	rsb	r0, r3, #8
34186a5e:	4405      	add	r5, r0
34186a60:	eb0a 0c00 	add.w	ip, sl, r0
34186a64:	4640      	mov	r0, r8
34186a66:	186b      	adds	r3, r5, r1
34186a68:	ea03 010e 	and.w	r1, r3, lr
34186a6c:	469a      	mov	sl, r3
34186a6e:	ebac 0101 	sub.w	r1, ip, r1
34186a72:	ea01 030e 	and.w	r3, r1, lr
34186a76:	4619      	mov	r1, r3
34186a78:	9300      	str	r3, [sp, #0]
34186a7a:	f000 fc9f 	bl	341873bc <_sbrk_r>
34186a7e:	1c42      	adds	r2, r0, #1
34186a80:	e9dd 2901 	ldrd	r2, r9, [sp, #4]
34186a84:	f000 8180 	beq.w	34186d88 <_malloc_r+0x544>
34186a88:	1b41      	subs	r1, r0, r5
34186a8a:	9b00      	ldr	r3, [sp, #0]
34186a8c:	f8d9 0000 	ldr.w	r0, [r9]
34186a90:	42a7      	cmp	r7, r4
34186a92:	4419      	add	r1, r3
34186a94:	60a5      	str	r5, [r4, #8]
34186a96:	4418      	add	r0, r3
34186a98:	f041 0101 	orr.w	r1, r1, #1
34186a9c:	f8c9 0000 	str.w	r0, [r9]
34186aa0:	6069      	str	r1, [r5, #4]
34186aa2:	d016      	beq.n	34186ad2 <_malloc_r+0x28e>
34186aa4:	2e0f      	cmp	r6, #15
34186aa6:	f240 8157 	bls.w	34186d58 <_malloc_r+0x514>
34186aaa:	f1a6 010c 	sub.w	r1, r6, #12
34186aae:	2605      	movs	r6, #5
34186ab0:	f021 0c07 	bic.w	ip, r1, #7
34186ab4:	6879      	ldr	r1, [r7, #4]
34186ab6:	f001 0101 	and.w	r1, r1, #1
34186aba:	f1bc 0f0f 	cmp.w	ip, #15
34186abe:	ea41 010c 	orr.w	r1, r1, ip
34186ac2:	6079      	str	r1, [r7, #4]
34186ac4:	eb07 010c 	add.w	r1, r7, ip
34186ac8:	e9c1 6601 	strd	r6, r6, [r1, #4]
34186acc:	f200 8163 	bhi.w	34186d96 <_malloc_r+0x552>
34186ad0:	6869      	ldr	r1, [r5, #4]
34186ad2:	4b1f      	ldr	r3, [pc, #124]	@ (34186b50 <_malloc_r+0x30c>)
34186ad4:	681e      	ldr	r6, [r3, #0]
34186ad6:	4286      	cmp	r6, r0
34186ad8:	bf38      	it	cc
34186ada:	6018      	strcc	r0, [r3, #0]
34186adc:	4b1d      	ldr	r3, [pc, #116]	@ (34186b54 <_malloc_r+0x310>)
34186ade:	681e      	ldr	r6, [r3, #0]
34186ae0:	4286      	cmp	r6, r0
34186ae2:	d200      	bcs.n	34186ae6 <_malloc_r+0x2a2>
34186ae4:	6018      	str	r0, [r3, #0]
34186ae6:	462f      	mov	r7, r5
34186ae8:	e0bf      	b.n	34186c6a <_malloc_r+0x426>
34186aea:	6867      	ldr	r7, [r4, #4]
34186aec:	e737      	b.n	3418695e <_malloc_r+0x11a>
34186aee:	18bd      	adds	r5, r7, r2
34186af0:	f042 0201 	orr.w	r2, r2, #1
34186af4:	f040 0101 	orr.w	r1, r0, #1
34186af8:	4640      	mov	r0, r8
34186afa:	607a      	str	r2, [r7, #4]
34186afc:	60a5      	str	r5, [r4, #8]
34186afe:	f107 0408 	add.w	r4, r7, #8
34186b02:	6069      	str	r1, [r5, #4]
34186b04:	f000 f978 	bl	34186df8 <__malloc_unlock>
34186b08:	4620      	mov	r0, r4
34186b0a:	b005      	add	sp, #20
34186b0c:	e8bd 8ff0 	ldmia.w	sp!, {r4, r5, r6, r7, r8, r9, sl, fp, pc}
34186b10:	68ba      	ldr	r2, [r7, #8]
34186b12:	4439      	add	r1, r7
34186b14:	f107 0408 	add.w	r4, r7, #8
34186b18:	4640      	mov	r0, r8
34186b1a:	60d3      	str	r3, [r2, #12]
34186b1c:	609a      	str	r2, [r3, #8]
34186b1e:	684a      	ldr	r2, [r1, #4]
34186b20:	f042 0201 	orr.w	r2, r2, #1
34186b24:	604a      	str	r2, [r1, #4]
34186b26:	f000 f967 	bl	34186df8 <__malloc_unlock>
34186b2a:	4620      	mov	r0, r4
34186b2c:	b005      	add	sp, #20
34186b2e:	e8bd 8ff0 	ldmia.w	sp!, {r4, r5, r6, r7, r8, r9, sl, fp, pc}
34186b32:	68cd      	ldr	r5, [r1, #12]
34186b34:	42a9      	cmp	r1, r5
34186b36:	f47f ae9d 	bne.w	34186874 <_malloc_r+0x30>
34186b3a:	f10e 0e02 	add.w	lr, lr, #2
34186b3e:	e6e6      	b.n	3418690e <_malloc_r+0xca>
34186b40:	341c0020 	.word	0x341c0020
34186b44:	341c0028 	.word	0x341c0028
34186b48:	341c2f00 	.word	0x341c2f00
34186b4c:	341c0014 	.word	0x341c0014
34186b50:	341c2efc 	.word	0x341c2efc
34186b54:	341c2ef8 	.word	0x341c2ef8
34186b58:	341c2ed0 	.word	0x341c2ed0
34186b5c:	f5b6 6f20 	cmp.w	r6, #2560	@ 0xa00
34186b60:	ea4f 2056 	mov.w	r0, r6, lsr #9
34186b64:	d377      	bcc.n	34186c56 <_malloc_r+0x412>
34186b66:	2814      	cmp	r0, #20
34186b68:	f200 80cc 	bhi.w	34186d04 <_malloc_r+0x4c0>
34186b6c:	f100 015c 	add.w	r1, r0, #92	@ 0x5c
34186b70:	305b      	adds	r0, #91	@ 0x5b
34186b72:	00c9      	lsls	r1, r1, #3
34186b74:	1865      	adds	r5, r4, r1
34186b76:	5861      	ldr	r1, [r4, r1]
34186b78:	3d08      	subs	r5, #8
34186b7a:	428d      	cmp	r5, r1
34186b7c:	d103      	bne.n	34186b86 <_malloc_r+0x342>
34186b7e:	e0a4      	b.n	34186cca <_malloc_r+0x486>
34186b80:	6889      	ldr	r1, [r1, #8]
34186b82:	428d      	cmp	r5, r1
34186b84:	d004      	beq.n	34186b90 <_malloc_r+0x34c>
34186b86:	6848      	ldr	r0, [r1, #4]
34186b88:	f020 0003 	bic.w	r0, r0, #3
34186b8c:	42b0      	cmp	r0, r6
34186b8e:	d8f7      	bhi.n	34186b80 <_malloc_r+0x33c>
34186b90:	68cd      	ldr	r5, [r1, #12]
34186b92:	e9c3 1502 	strd	r1, r5, [r3, #8]
34186b96:	60ab      	str	r3, [r5, #8]
34186b98:	60cb      	str	r3, [r1, #12]
34186b9a:	e6e0      	b.n	3418695e <_malloc_r+0x11a>
34186b9c:	2b14      	cmp	r3, #20
34186b9e:	d971      	bls.n	34186c84 <_malloc_r+0x440>
34186ba0:	2b54      	cmp	r3, #84	@ 0x54
34186ba2:	f200 80b7 	bhi.w	34186d14 <_malloc_r+0x4d0>
34186ba6:	0b13      	lsrs	r3, r2, #12
34186ba8:	f103 0e6f 	add.w	lr, r3, #111	@ 0x6f
34186bac:	f103 066e 	add.w	r6, r3, #110	@ 0x6e
34186bb0:	ea4f 03ce 	mov.w	r3, lr, lsl #3
34186bb4:	e695      	b.n	341868e2 <_malloc_r+0x9e>
34186bb6:	189e      	adds	r6, r3, r2
34186bb8:	f042 0201 	orr.w	r2, r2, #1
34186bbc:	689f      	ldr	r7, [r3, #8]
34186bbe:	4640      	mov	r0, r8
34186bc0:	605a      	str	r2, [r3, #4]
34186bc2:	4a87      	ldr	r2, [pc, #540]	@ (34186de0 <_malloc_r+0x59c>)
34186bc4:	60f9      	str	r1, [r7, #12]
34186bc6:	608f      	str	r7, [r1, #8]
34186bc8:	9300      	str	r3, [sp, #0]
34186bca:	e9c4 6604 	strd	r6, r6, [r4, #16]
34186bce:	e9c6 2202 	strd	r2, r2, [r6, #8]
34186bd2:	f045 0201 	orr.w	r2, r5, #1
34186bd6:	6072      	str	r2, [r6, #4]
34186bd8:	f843 500c 	str.w	r5, [r3, ip]
34186bdc:	f000 f90c 	bl	34186df8 <__malloc_unlock>
34186be0:	9b00      	ldr	r3, [sp, #0]
34186be2:	f103 0408 	add.w	r4, r3, #8
34186be6:	e65e      	b.n	341868a6 <_malloc_r+0x62>
34186be8:	449c      	add	ip, r3
34186bea:	461c      	mov	r4, r3
34186bec:	4640      	mov	r0, r8
34186bee:	f8dc 3004 	ldr.w	r3, [ip, #4]
34186bf2:	f043 0301 	orr.w	r3, r3, #1
34186bf6:	f8cc 3004 	str.w	r3, [ip, #4]
34186bfa:	f854 3f08 	ldr.w	r3, [r4, #8]!
34186bfe:	60d9      	str	r1, [r3, #12]
34186c00:	608b      	str	r3, [r1, #8]
34186c02:	f000 f8f9 	bl	34186df8 <__malloc_unlock>
34186c06:	e64e      	b.n	341868a6 <_malloc_r+0x62>
34186c08:	ea4f 0ed2 	mov.w	lr, r2, lsr #3
34186c0c:	f102 0108 	add.w	r1, r2, #8
34186c10:	e628      	b.n	34186864 <_malloc_r+0x20>
34186c12:	441e      	add	r6, r3
34186c14:	4640      	mov	r0, r8
34186c16:	9300      	str	r3, [sp, #0]
34186c18:	6872      	ldr	r2, [r6, #4]
34186c1a:	f042 0201 	orr.w	r2, r2, #1
34186c1e:	6072      	str	r2, [r6, #4]
34186c20:	f000 f8ea 	bl	34186df8 <__malloc_unlock>
34186c24:	9b00      	ldr	r3, [sp, #0]
34186c26:	f103 0408 	add.w	r4, r3, #8
34186c2a:	e63c      	b.n	341868a6 <_malloc_r+0x62>
34186c2c:	189d      	adds	r5, r3, r2
34186c2e:	f042 0201 	orr.w	r2, r2, #1
34186c32:	4640      	mov	r0, r8
34186c34:	9300      	str	r3, [sp, #0]
34186c36:	605a      	str	r2, [r3, #4]
34186c38:	4a69      	ldr	r2, [pc, #420]	@ (34186de0 <_malloc_r+0x59c>)
34186c3a:	e9c4 5504 	strd	r5, r5, [r4, #16]
34186c3e:	e9c5 2202 	strd	r2, r2, [r5, #8]
34186c42:	f041 0201 	orr.w	r2, r1, #1
34186c46:	606a      	str	r2, [r5, #4]
34186c48:	5199      	str	r1, [r3, r6]
34186c4a:	f000 f8d5 	bl	34186df8 <__malloc_unlock>
34186c4e:	9b00      	ldr	r3, [sp, #0]
34186c50:	f103 0408 	add.w	r4, r3, #8
34186c54:	e627      	b.n	341868a6 <_malloc_r+0x62>
34186c56:	09b0      	lsrs	r0, r6, #6
34186c58:	f100 0139 	add.w	r1, r0, #57	@ 0x39
34186c5c:	3038      	adds	r0, #56	@ 0x38
34186c5e:	00c9      	lsls	r1, r1, #3
34186c60:	e788      	b.n	34186b74 <_malloc_r+0x330>
34186c62:	42a7      	cmp	r7, r4
34186c64:	d061      	beq.n	34186d2a <_malloc_r+0x4e6>
34186c66:	68a7      	ldr	r7, [r4, #8]
34186c68:	6879      	ldr	r1, [r7, #4]
34186c6a:	f021 0103 	bic.w	r1, r1, #3
34186c6e:	4291      	cmp	r1, r2
34186c70:	eba1 0002 	sub.w	r0, r1, r2
34186c74:	d302      	bcc.n	34186c7c <_malloc_r+0x438>
34186c76:	280f      	cmp	r0, #15
34186c78:	f73f af39 	bgt.w	34186aee <_malloc_r+0x2aa>
34186c7c:	4640      	mov	r0, r8
34186c7e:	f000 f8bb 	bl	34186df8 <__malloc_unlock>
34186c82:	e60f      	b.n	341868a4 <_malloc_r+0x60>
34186c84:	f103 0e5c 	add.w	lr, r3, #92	@ 0x5c
34186c88:	f103 065b 	add.w	r6, r3, #91	@ 0x5b
34186c8c:	ea4f 03ce 	mov.w	r3, lr, lsl #3
34186c90:	e627      	b.n	341868e2 <_malloc_r+0x9e>
34186c92:	4651      	mov	r1, sl
34186c94:	f851 3908 	ldr.w	r3, [r1], #-8
34186c98:	428b      	cmp	r3, r1
34186c9a:	468a      	mov	sl, r1
34186c9c:	f040 809e 	bne.w	34186ddc <_malloc_r+0x598>
34186ca0:	f01e 0f03 	tst.w	lr, #3
34186ca4:	f10e 3eff 	add.w	lr, lr, #4294967295	@ 0xffffffff
34186ca8:	d1f3      	bne.n	34186c92 <_malloc_r+0x44e>
34186caa:	6863      	ldr	r3, [r4, #4]
34186cac:	ea23 0306 	bic.w	r3, r3, r6
34186cb0:	6063      	str	r3, [r4, #4]
34186cb2:	0076      	lsls	r6, r6, #1
34186cb4:	1e71      	subs	r1, r6, #1
34186cb6:	4299      	cmp	r1, r3
34186cb8:	d303      	bcc.n	34186cc2 <_malloc_r+0x47e>
34186cba:	e682      	b.n	341869c2 <_malloc_r+0x17e>
34186cbc:	0076      	lsls	r6, r6, #1
34186cbe:	f109 0904 	add.w	r9, r9, #4
34186cc2:	421e      	tst	r6, r3
34186cc4:	d0fa      	beq.n	34186cbc <_malloc_r+0x478>
34186cc6:	46ce      	mov	lr, r9
34186cc8:	e658      	b.n	3418697c <_malloc_r+0x138>
34186cca:	1080      	asrs	r0, r0, #2
34186ccc:	2601      	movs	r6, #1
34186cce:	fa06 f000 	lsl.w	r0, r6, r0
34186cd2:	4307      	orrs	r7, r0
34186cd4:	6067      	str	r7, [r4, #4]
34186cd6:	e75c      	b.n	34186b92 <_malloc_r+0x34e>
34186cd8:	186b      	adds	r3, r5, r1
34186cda:	4640      	mov	r0, r8
34186cdc:	ea03 010e 	and.w	r1, r3, lr
34186ce0:	9303      	str	r3, [sp, #12]
34186ce2:	ebaa 0101 	sub.w	r1, sl, r1
34186ce6:	ea01 030e 	and.w	r3, r1, lr
34186cea:	4619      	mov	r1, r3
34186cec:	9300      	str	r3, [sp, #0]
34186cee:	f000 fb65 	bl	341873bc <_sbrk_r>
34186cf2:	1c43      	adds	r3, r0, #1
34186cf4:	e9dd 2901 	ldrd	r2, r9, [sp, #4]
34186cf8:	f47f aec6 	bne.w	34186a88 <_malloc_r+0x244>
34186cfc:	9803      	ldr	r0, [sp, #12]
34186cfe:	f8cd b000 	str.w	fp, [sp]
34186d02:	e6c1      	b.n	34186a88 <_malloc_r+0x244>
34186d04:	2854      	cmp	r0, #84	@ 0x54
34186d06:	d82a      	bhi.n	34186d5e <_malloc_r+0x51a>
34186d08:	0b30      	lsrs	r0, r6, #12
34186d0a:	f100 016f 	add.w	r1, r0, #111	@ 0x6f
34186d0e:	306e      	adds	r0, #110	@ 0x6e
34186d10:	00c9      	lsls	r1, r1, #3
34186d12:	e72f      	b.n	34186b74 <_malloc_r+0x330>
34186d14:	f5b3 7faa 	cmp.w	r3, #340	@ 0x154
34186d18:	d82a      	bhi.n	34186d70 <_malloc_r+0x52c>
34186d1a:	0bd3      	lsrs	r3, r2, #15
34186d1c:	f103 0e78 	add.w	lr, r3, #120	@ 0x78
34186d20:	f103 0677 	add.w	r6, r3, #119	@ 0x77
34186d24:	ea4f 03ce 	mov.w	r3, lr, lsl #3
34186d28:	e5db      	b.n	341868e2 <_malloc_r+0x9e>
34186d2a:	f8df 90bc 	ldr.w	r9, [pc, #188]	@ 34186de8 <_malloc_r+0x5a4>
34186d2e:	f10a 3eff 	add.w	lr, sl, #4294967295	@ 0xffffffff
34186d32:	f8d9 0000 	ldr.w	r0, [r9]
34186d36:	4408      	add	r0, r1
34186d38:	f8c9 0000 	str.w	r0, [r9]
34186d3c:	e67c      	b.n	34186a38 <_malloc_r+0x1f4>
34186d3e:	ea15 0f0e 	tst.w	r5, lr
34186d42:	f47f ae79 	bne.w	34186a38 <_malloc_r+0x1f4>
34186d46:	4431      	add	r1, r6
34186d48:	68a5      	ldr	r5, [r4, #8]
34186d4a:	f041 0101 	orr.w	r1, r1, #1
34186d4e:	6069      	str	r1, [r5, #4]
34186d50:	e6bf      	b.n	34186ad2 <_malloc_r+0x28e>
34186d52:	4b24      	ldr	r3, [pc, #144]	@ (34186de4 <_malloc_r+0x5a0>)
34186d54:	601d      	str	r5, [r3, #0]
34186d56:	e679      	b.n	34186a4c <_malloc_r+0x208>
34186d58:	2301      	movs	r3, #1
34186d5a:	606b      	str	r3, [r5, #4]
34186d5c:	e78e      	b.n	34186c7c <_malloc_r+0x438>
34186d5e:	f5b0 7faa 	cmp.w	r0, #340	@ 0x154
34186d62:	d827      	bhi.n	34186db4 <_malloc_r+0x570>
34186d64:	0bf0      	lsrs	r0, r6, #15
34186d66:	f100 0178 	add.w	r1, r0, #120	@ 0x78
34186d6a:	3077      	adds	r0, #119	@ 0x77
34186d6c:	00c9      	lsls	r1, r1, #3
34186d6e:	e701      	b.n	34186b74 <_malloc_r+0x330>
34186d70:	f240 5154 	movw	r1, #1364	@ 0x554
34186d74:	428b      	cmp	r3, r1
34186d76:	d827      	bhi.n	34186dc8 <_malloc_r+0x584>
34186d78:	0c93      	lsrs	r3, r2, #18
34186d7a:	f103 0e7d 	add.w	lr, r3, #125	@ 0x7d
34186d7e:	f103 067c 	add.w	r6, r3, #124	@ 0x7c
34186d82:	ea4f 03ce 	mov.w	r3, lr, lsl #3
34186d86:	e5ac      	b.n	341868e2 <_malloc_r+0x9e>
34186d88:	f1ab 0108 	sub.w	r1, fp, #8
34186d8c:	2300      	movs	r3, #0
34186d8e:	eb0a 0001 	add.w	r0, sl, r1
34186d92:	9300      	str	r3, [sp, #0]
34186d94:	e678      	b.n	34186a88 <_malloc_r+0x244>
34186d96:	f107 0108 	add.w	r1, r7, #8
34186d9a:	4640      	mov	r0, r8
34186d9c:	e9cd 2900 	strd	r2, r9, [sp]
34186da0:	f000 fcba 	bl	34187718 <_free_r>
34186da4:	68a5      	ldr	r5, [r4, #8]
34186da6:	f8dd 9004 	ldr.w	r9, [sp, #4]
34186daa:	6869      	ldr	r1, [r5, #4]
34186dac:	f8d9 0000 	ldr.w	r0, [r9]
34186db0:	9a00      	ldr	r2, [sp, #0]
34186db2:	e68e      	b.n	34186ad2 <_malloc_r+0x28e>
34186db4:	f240 5154 	movw	r1, #1364	@ 0x554
34186db8:	4288      	cmp	r0, r1
34186dba:	d80b      	bhi.n	34186dd4 <_malloc_r+0x590>
34186dbc:	0cb0      	lsrs	r0, r6, #18
34186dbe:	f100 017d 	add.w	r1, r0, #125	@ 0x7d
34186dc2:	307c      	adds	r0, #124	@ 0x7c
34186dc4:	00c9      	lsls	r1, r1, #3
34186dc6:	e6d5      	b.n	34186b74 <_malloc_r+0x330>
34186dc8:	f44f 737e 	mov.w	r3, #1016	@ 0x3f8
34186dcc:	f04f 0e7f 	mov.w	lr, #127	@ 0x7f
34186dd0:	267e      	movs	r6, #126	@ 0x7e
34186dd2:	e586      	b.n	341868e2 <_malloc_r+0x9e>
34186dd4:	f44f 717e 	mov.w	r1, #1016	@ 0x3f8
34186dd8:	207e      	movs	r0, #126	@ 0x7e
34186dda:	e6cb      	b.n	34186b74 <_malloc_r+0x330>
34186ddc:	6863      	ldr	r3, [r4, #4]
34186dde:	e768      	b.n	34186cb2 <_malloc_r+0x46e>
34186de0:	341c0028 	.word	0x341c0028
34186de4:	341c0014 	.word	0x341c0014
34186de8:	341c2ed0 	.word	0x341c2ed0

34186dec <__malloc_lock>:
34186dec:	4801      	ldr	r0, [pc, #4]	@ (34186df4 <__malloc_lock+0x8>)
34186dee:	f000 bb49 	b.w	34187484 <__retarget_lock_acquire_recursive>
34186df2:	bf00      	nop
34186df4:	341c3040 	.word	0x341c3040

34186df8 <__malloc_unlock>:
34186df8:	4801      	ldr	r0, [pc, #4]	@ (34186e00 <__malloc_unlock+0x8>)
34186dfa:	f000 bb45 	b.w	34187488 <__retarget_lock_release_recursive>
34186dfe:	bf00      	nop
34186e00:	341c3040 	.word	0x341c3040

34186e04 <printf>:
34186e04:	b40f      	push	{r0, r1, r2, r3}
34186e06:	4908      	ldr	r1, [pc, #32]	@ (34186e28 <printf+0x24>)
34186e08:	b500      	push	{lr}
34186e0a:	b083      	sub	sp, #12
34186e0c:	6808      	ldr	r0, [r1, #0]
34186e0e:	ab04      	add	r3, sp, #16
34186e10:	6881      	ldr	r1, [r0, #8]
34186e12:	f853 2b04 	ldr.w	r2, [r3], #4
34186e16:	9301      	str	r3, [sp, #4]
34186e18:	f002 fd8a 	bl	34189930 <_vfprintf_r>
34186e1c:	b003      	add	sp, #12
34186e1e:	f85d eb04 	ldr.w	lr, [sp], #4
34186e22:	b004      	add	sp, #16
34186e24:	4770      	bx	lr
34186e26:	bf00      	nop
34186e28:	341c0434 	.word	0x341c0434

34186e2c <_puts_r>:
34186e2c:	b530      	push	{r4, r5, lr}
34186e2e:	4605      	mov	r5, r0
34186e30:	b089      	sub	sp, #36	@ 0x24
34186e32:	4608      	mov	r0, r1
34186e34:	460c      	mov	r4, r1
34186e36:	f000 fb9f 	bl	34187578 <strlen>
34186e3a:	2301      	movs	r3, #1
34186e3c:	4a2a      	ldr	r2, [pc, #168]	@ (34186ee8 <_puts_r+0xbc>)
34186e3e:	a904      	add	r1, sp, #16
34186e40:	9307      	str	r3, [sp, #28]
34186e42:	9206      	str	r2, [sp, #24]
34186e44:	2202      	movs	r2, #2
34186e46:	e9cd 4004 	strd	r4, r0, [sp, #16]
34186e4a:	4418      	add	r0, r3
34186e4c:	6b6b      	ldr	r3, [r5, #52]	@ 0x34
34186e4e:	68ac      	ldr	r4, [r5, #8]
34186e50:	9003      	str	r0, [sp, #12]
34186e52:	e9cd 1201 	strd	r1, r2, [sp, #4]
34186e56:	2b00      	cmp	r3, #0
34186e58:	d03e      	beq.n	34186ed8 <_puts_r+0xac>
34186e5a:	6e63      	ldr	r3, [r4, #100]	@ 0x64
34186e5c:	f9b4 200c 	ldrsh.w	r2, [r4, #12]
34186e60:	07d8      	lsls	r0, r3, #31
34186e62:	d51c      	bpl.n	34186e9e <_puts_r+0x72>
34186e64:	0491      	lsls	r1, r2, #18
34186e66:	d423      	bmi.n	34186eb0 <_puts_r+0x84>
34186e68:	f442 5200 	orr.w	r2, r2, #8192	@ 0x2000
34186e6c:	f423 5300 	bic.w	r3, r3, #8192	@ 0x2000
34186e70:	81a2      	strh	r2, [r4, #12]
34186e72:	6663      	str	r3, [r4, #100]	@ 0x64
34186e74:	0499      	lsls	r1, r3, #18
34186e76:	d433      	bmi.n	34186ee0 <_puts_r+0xb4>
34186e78:	4628      	mov	r0, r5
34186e7a:	aa01      	add	r2, sp, #4
34186e7c:	4621      	mov	r1, r4
34186e7e:	f004 fe29 	bl	3418bad4 <__sfvwrite_r>
34186e82:	2800      	cmp	r0, #0
34186e84:	6e63      	ldr	r3, [r4, #100]	@ 0x64
34186e86:	bf14      	ite	ne
34186e88:	f04f 35ff 	movne.w	r5, #4294967295	@ 0xffffffff
34186e8c:	250a      	moveq	r5, #10
34186e8e:	07da      	lsls	r2, r3, #31
34186e90:	d402      	bmi.n	34186e98 <_puts_r+0x6c>
34186e92:	89a3      	ldrh	r3, [r4, #12]
34186e94:	059b      	lsls	r3, r3, #22
34186e96:	d510      	bpl.n	34186eba <_puts_r+0x8e>
34186e98:	4628      	mov	r0, r5
34186e9a:	b009      	add	sp, #36	@ 0x24
34186e9c:	bd30      	pop	{r4, r5, pc}
34186e9e:	0590      	lsls	r0, r2, #22
34186ea0:	d511      	bpl.n	34186ec6 <_puts_r+0x9a>
34186ea2:	0491      	lsls	r1, r2, #18
34186ea4:	d5e0      	bpl.n	34186e68 <_puts_r+0x3c>
34186ea6:	049b      	lsls	r3, r3, #18
34186ea8:	d5e6      	bpl.n	34186e78 <_puts_r+0x4c>
34186eaa:	f04f 35ff 	mov.w	r5, #4294967295	@ 0xffffffff
34186eae:	e7f0      	b.n	34186e92 <_puts_r+0x66>
34186eb0:	049b      	lsls	r3, r3, #18
34186eb2:	d5e1      	bpl.n	34186e78 <_puts_r+0x4c>
34186eb4:	f04f 35ff 	mov.w	r5, #4294967295	@ 0xffffffff
34186eb8:	e7ee      	b.n	34186e98 <_puts_r+0x6c>
34186eba:	6da0      	ldr	r0, [r4, #88]	@ 0x58
34186ebc:	f000 fae4 	bl	34187488 <__retarget_lock_release_recursive>
34186ec0:	4628      	mov	r0, r5
34186ec2:	b009      	add	sp, #36	@ 0x24
34186ec4:	bd30      	pop	{r4, r5, pc}
34186ec6:	6da0      	ldr	r0, [r4, #88]	@ 0x58
34186ec8:	f000 fadc 	bl	34187484 <__retarget_lock_acquire_recursive>
34186ecc:	f9b4 200c 	ldrsh.w	r2, [r4, #12]
34186ed0:	6e63      	ldr	r3, [r4, #100]	@ 0x64
34186ed2:	0490      	lsls	r0, r2, #18
34186ed4:	d4ce      	bmi.n	34186e74 <_puts_r+0x48>
34186ed6:	e7c7      	b.n	34186e68 <_puts_r+0x3c>
34186ed8:	4628      	mov	r0, r5
34186eda:	f000 fa01 	bl	341872e0 <__sinit>
34186ede:	e7bc      	b.n	34186e5a <_puts_r+0x2e>
34186ee0:	f04f 35ff 	mov.w	r5, #4294967295	@ 0xffffffff
34186ee4:	e7d3      	b.n	34186e8e <_puts_r+0x62>
34186ee6:	bf00      	nop
34186ee8:	3418fe70 	.word	0x3418fe70

34186eec <puts>:
34186eec:	4b02      	ldr	r3, [pc, #8]	@ (34186ef8 <puts+0xc>)
34186eee:	4601      	mov	r1, r0
34186ef0:	6818      	ldr	r0, [r3, #0]
34186ef2:	f7ff bf9b 	b.w	34186e2c <_puts_r>
34186ef6:	bf00      	nop
34186ef8:	341c0434 	.word	0x341c0434

34186efc <__sflush_r>:
34186efc:	f9b1 200c 	ldrsh.w	r2, [r1, #12]
34186f00:	e92d 41f0 	stmdb	sp!, {r4, r5, r6, r7, r8, lr}
34186f04:	4680      	mov	r8, r0
34186f06:	0710      	lsls	r0, r2, #28
34186f08:	460c      	mov	r4, r1
34186f0a:	d450      	bmi.n	34186fae <__sflush_r+0xb2>
34186f0c:	6849      	ldr	r1, [r1, #4]
34186f0e:	f442 6300 	orr.w	r3, r2, #2048	@ 0x800
34186f12:	2900      	cmp	r1, #0
34186f14:	81a3      	strh	r3, [r4, #12]
34186f16:	dd64      	ble.n	34186fe2 <__sflush_r+0xe6>
34186f18:	6aa6      	ldr	r6, [r4, #40]	@ 0x28
34186f1a:	2e00      	cmp	r6, #0
34186f1c:	d044      	beq.n	34186fa8 <__sflush_r+0xac>
34186f1e:	2100      	movs	r1, #0
34186f20:	f412 5280 	ands.w	r2, r2, #4096	@ 0x1000
34186f24:	f8d8 5000 	ldr.w	r5, [r8]
34186f28:	f8c8 1000 	str.w	r1, [r8]
34186f2c:	d165      	bne.n	34186ffa <__sflush_r+0xfe>
34186f2e:	69e1      	ldr	r1, [r4, #28]
34186f30:	2301      	movs	r3, #1
34186f32:	4640      	mov	r0, r8
34186f34:	47b0      	blx	r6
34186f36:	1c41      	adds	r1, r0, #1
34186f38:	4602      	mov	r2, r0
34186f3a:	d06c      	beq.n	34187016 <__sflush_r+0x11a>
34186f3c:	f9b4 300c 	ldrsh.w	r3, [r4, #12]
34186f40:	6aa6      	ldr	r6, [r4, #40]	@ 0x28
34186f42:	075b      	lsls	r3, r3, #29
34186f44:	d505      	bpl.n	34186f52 <__sflush_r+0x56>
34186f46:	6863      	ldr	r3, [r4, #4]
34186f48:	1ad2      	subs	r2, r2, r3
34186f4a:	6b23      	ldr	r3, [r4, #48]	@ 0x30
34186f4c:	b10b      	cbz	r3, 34186f52 <__sflush_r+0x56>
34186f4e:	6be3      	ldr	r3, [r4, #60]	@ 0x3c
34186f50:	1ad2      	subs	r2, r2, r3
34186f52:	2300      	movs	r3, #0
34186f54:	69e1      	ldr	r1, [r4, #28]
34186f56:	4640      	mov	r0, r8
34186f58:	47b0      	blx	r6
34186f5a:	1c47      	adds	r7, r0, #1
34186f5c:	f9b4 300c 	ldrsh.w	r3, [r4, #12]
34186f60:	d14d      	bne.n	34186ffe <__sflush_r+0x102>
34186f62:	f8d8 1000 	ldr.w	r1, [r8]
34186f66:	291d      	cmp	r1, #29
34186f68:	d840      	bhi.n	34186fec <__sflush_r+0xf0>
34186f6a:	4a30      	ldr	r2, [pc, #192]	@ (3418702c <__sflush_r+0x130>)
34186f6c:	40ca      	lsrs	r2, r1
34186f6e:	07d6      	lsls	r6, r2, #31
34186f70:	d53c      	bpl.n	34186fec <__sflush_r+0xf0>
34186f72:	f423 6200 	bic.w	r2, r3, #2048	@ 0x800
34186f76:	04d9      	lsls	r1, r3, #19
34186f78:	81a2      	strh	r2, [r4, #12]
34186f7a:	f04f 0200 	mov.w	r2, #0
34186f7e:	6062      	str	r2, [r4, #4]
34186f80:	6922      	ldr	r2, [r4, #16]
34186f82:	6022      	str	r2, [r4, #0]
34186f84:	d503      	bpl.n	34186f8e <__sflush_r+0x92>
34186f86:	f8d8 3000 	ldr.w	r3, [r8]
34186f8a:	2b00      	cmp	r3, #0
34186f8c:	d041      	beq.n	34187012 <__sflush_r+0x116>
34186f8e:	6b21      	ldr	r1, [r4, #48]	@ 0x30
34186f90:	f8c8 5000 	str.w	r5, [r8]
34186f94:	b141      	cbz	r1, 34186fa8 <__sflush_r+0xac>
34186f96:	f104 0340 	add.w	r3, r4, #64	@ 0x40
34186f9a:	4299      	cmp	r1, r3
34186f9c:	d002      	beq.n	34186fa4 <__sflush_r+0xa8>
34186f9e:	4640      	mov	r0, r8
34186fa0:	f000 fbba 	bl	34187718 <_free_r>
34186fa4:	2300      	movs	r3, #0
34186fa6:	6323      	str	r3, [r4, #48]	@ 0x30
34186fa8:	2000      	movs	r0, #0
34186faa:	e8bd 81f0 	ldmia.w	sp!, {r4, r5, r6, r7, r8, pc}
34186fae:	690e      	ldr	r6, [r1, #16]
34186fb0:	2e00      	cmp	r6, #0
34186fb2:	d0f9      	beq.n	34186fa8 <__sflush_r+0xac>
34186fb4:	0792      	lsls	r2, r2, #30
34186fb6:	680d      	ldr	r5, [r1, #0]
34186fb8:	600e      	str	r6, [r1, #0]
34186fba:	bf0c      	ite	eq
34186fbc:	694b      	ldreq	r3, [r1, #20]
34186fbe:	2300      	movne	r3, #0
34186fc0:	1bad      	subs	r5, r5, r6
34186fc2:	608b      	str	r3, [r1, #8]
34186fc4:	e00a      	b.n	34186fdc <__sflush_r+0xe0>
34186fc6:	462b      	mov	r3, r5
34186fc8:	4632      	mov	r2, r6
34186fca:	69e1      	ldr	r1, [r4, #28]
34186fcc:	4640      	mov	r0, r8
34186fce:	6a67      	ldr	r7, [r4, #36]	@ 0x24
34186fd0:	47b8      	blx	r7
34186fd2:	2800      	cmp	r0, #0
34186fd4:	eba5 0500 	sub.w	r5, r5, r0
34186fd8:	4406      	add	r6, r0
34186fda:	dd06      	ble.n	34186fea <__sflush_r+0xee>
34186fdc:	2d00      	cmp	r5, #0
34186fde:	dcf2      	bgt.n	34186fc6 <__sflush_r+0xca>
34186fe0:	e7e2      	b.n	34186fa8 <__sflush_r+0xac>
34186fe2:	6be1      	ldr	r1, [r4, #60]	@ 0x3c
34186fe4:	2900      	cmp	r1, #0
34186fe6:	dc97      	bgt.n	34186f18 <__sflush_r+0x1c>
34186fe8:	e7de      	b.n	34186fa8 <__sflush_r+0xac>
34186fea:	89a3      	ldrh	r3, [r4, #12]
34186fec:	f043 0340 	orr.w	r3, r3, #64	@ 0x40
34186ff0:	f04f 30ff 	mov.w	r0, #4294967295	@ 0xffffffff
34186ff4:	81a3      	strh	r3, [r4, #12]
34186ff6:	e8bd 81f0 	ldmia.w	sp!, {r4, r5, r6, r7, r8, pc}
34186ffa:	6d22      	ldr	r2, [r4, #80]	@ 0x50
34186ffc:	e7a1      	b.n	34186f42 <__sflush_r+0x46>
34186ffe:	f423 6200 	bic.w	r2, r3, #2048	@ 0x800
34187002:	04db      	lsls	r3, r3, #19
34187004:	81a2      	strh	r2, [r4, #12]
34187006:	f04f 0200 	mov.w	r2, #0
3418700a:	6062      	str	r2, [r4, #4]
3418700c:	6922      	ldr	r2, [r4, #16]
3418700e:	6022      	str	r2, [r4, #0]
34187010:	d5bd      	bpl.n	34186f8e <__sflush_r+0x92>
34187012:	6520      	str	r0, [r4, #80]	@ 0x50
34187014:	e7bb      	b.n	34186f8e <__sflush_r+0x92>
34187016:	f8d8 3000 	ldr.w	r3, [r8]
3418701a:	2b00      	cmp	r3, #0
3418701c:	d08e      	beq.n	34186f3c <__sflush_r+0x40>
3418701e:	2b1d      	cmp	r3, #29
34187020:	d001      	beq.n	34187026 <__sflush_r+0x12a>
34187022:	2b16      	cmp	r3, #22
34187024:	d1e1      	bne.n	34186fea <__sflush_r+0xee>
34187026:	f8c8 5000 	str.w	r5, [r8]
3418702a:	e7bd      	b.n	34186fa8 <__sflush_r+0xac>
3418702c:	20400001 	.word	0x20400001

34187030 <_fflush_r>:
34187030:	b500      	push	{lr}
34187032:	4603      	mov	r3, r0
34187034:	b083      	sub	sp, #12
34187036:	b108      	cbz	r0, 3418703c <_fflush_r+0xc>
34187038:	6b42      	ldr	r2, [r0, #52]	@ 0x34
3418703a:	b352      	cbz	r2, 34187092 <_fflush_r+0x62>
3418703c:	f9b1 000c 	ldrsh.w	r0, [r1, #12]
34187040:	b198      	cbz	r0, 3418706a <_fflush_r+0x3a>
34187042:	6e4a      	ldr	r2, [r1, #100]	@ 0x64
34187044:	07d2      	lsls	r2, r2, #31
34187046:	d401      	bmi.n	3418704c <_fflush_r+0x1c>
34187048:	0582      	lsls	r2, r0, #22
3418704a:	d512      	bpl.n	34187072 <_fflush_r+0x42>
3418704c:	4618      	mov	r0, r3
3418704e:	9100      	str	r1, [sp, #0]
34187050:	f7ff ff54 	bl	34186efc <__sflush_r>
34187054:	9900      	ldr	r1, [sp, #0]
34187056:	4603      	mov	r3, r0
34187058:	6e4a      	ldr	r2, [r1, #100]	@ 0x64
3418705a:	07d0      	lsls	r0, r2, #31
3418705c:	d402      	bmi.n	34187064 <_fflush_r+0x34>
3418705e:	898a      	ldrh	r2, [r1, #12]
34187060:	0592      	lsls	r2, r2, #22
34187062:	d50e      	bpl.n	34187082 <_fflush_r+0x52>
34187064:	4618      	mov	r0, r3
34187066:	b003      	add	sp, #12
34187068:	bd00      	pop	{pc}
3418706a:	4603      	mov	r3, r0
3418706c:	4618      	mov	r0, r3
3418706e:	b003      	add	sp, #12
34187070:	bd00      	pop	{pc}
34187072:	6d88      	ldr	r0, [r1, #88]	@ 0x58
34187074:	9301      	str	r3, [sp, #4]
34187076:	9100      	str	r1, [sp, #0]
34187078:	f000 fa04 	bl	34187484 <__retarget_lock_acquire_recursive>
3418707c:	e9dd 1300 	ldrd	r1, r3, [sp]
34187080:	e7e4      	b.n	3418704c <_fflush_r+0x1c>
34187082:	6d88      	ldr	r0, [r1, #88]	@ 0x58
34187084:	9300      	str	r3, [sp, #0]
34187086:	f000 f9ff 	bl	34187488 <__retarget_lock_release_recursive>
3418708a:	9b00      	ldr	r3, [sp, #0]
3418708c:	4618      	mov	r0, r3
3418708e:	b003      	add	sp, #12
34187090:	bd00      	pop	{pc}
34187092:	e9cd 0100 	strd	r0, r1, [sp]
34187096:	f000 f923 	bl	341872e0 <__sinit>
3418709a:	e9dd 3100 	ldrd	r3, r1, [sp]
3418709e:	e7cd      	b.n	3418703c <_fflush_r+0xc>

341870a0 <fflush>:
341870a0:	2800      	cmp	r0, #0
341870a2:	d038      	beq.n	34187116 <fflush+0x76>
341870a4:	4b1e      	ldr	r3, [pc, #120]	@ (34187120 <fflush+0x80>)
341870a6:	4601      	mov	r1, r0
341870a8:	681b      	ldr	r3, [r3, #0]
341870aa:	b500      	push	{lr}
341870ac:	b083      	sub	sp, #12
341870ae:	b10b      	cbz	r3, 341870b4 <fflush+0x14>
341870b0:	6b5a      	ldr	r2, [r3, #52]	@ 0x34
341870b2:	b1d2      	cbz	r2, 341870ea <fflush+0x4a>
341870b4:	f9b1 000c 	ldrsh.w	r0, [r1, #12]
341870b8:	b198      	cbz	r0, 341870e2 <fflush+0x42>
341870ba:	6e4a      	ldr	r2, [r1, #100]	@ 0x64
341870bc:	07d2      	lsls	r2, r2, #31
341870be:	d401      	bmi.n	341870c4 <fflush+0x24>
341870c0:	0582      	lsls	r2, r0, #22
341870c2:	d51a      	bpl.n	341870fa <fflush+0x5a>
341870c4:	4618      	mov	r0, r3
341870c6:	9100      	str	r1, [sp, #0]
341870c8:	f7ff ff18 	bl	34186efc <__sflush_r>
341870cc:	9900      	ldr	r1, [sp, #0]
341870ce:	4603      	mov	r3, r0
341870d0:	6e4a      	ldr	r2, [r1, #100]	@ 0x64
341870d2:	07d0      	lsls	r0, r2, #31
341870d4:	d402      	bmi.n	341870dc <fflush+0x3c>
341870d6:	898a      	ldrh	r2, [r1, #12]
341870d8:	0592      	lsls	r2, r2, #22
341870da:	d516      	bpl.n	3418710a <fflush+0x6a>
341870dc:	4618      	mov	r0, r3
341870de:	b003      	add	sp, #12
341870e0:	bd00      	pop	{pc}
341870e2:	4603      	mov	r3, r0
341870e4:	4618      	mov	r0, r3
341870e6:	b003      	add	sp, #12
341870e8:	bd00      	pop	{pc}
341870ea:	9001      	str	r0, [sp, #4]
341870ec:	4618      	mov	r0, r3
341870ee:	9300      	str	r3, [sp, #0]
341870f0:	f000 f8f6 	bl	341872e0 <__sinit>
341870f4:	e9dd 3100 	ldrd	r3, r1, [sp]
341870f8:	e7dc      	b.n	341870b4 <fflush+0x14>
341870fa:	6d88      	ldr	r0, [r1, #88]	@ 0x58
341870fc:	9301      	str	r3, [sp, #4]
341870fe:	9100      	str	r1, [sp, #0]
34187100:	f000 f9c0 	bl	34187484 <__retarget_lock_acquire_recursive>
34187104:	e9dd 1300 	ldrd	r1, r3, [sp]
34187108:	e7dc      	b.n	341870c4 <fflush+0x24>
3418710a:	6d88      	ldr	r0, [r1, #88]	@ 0x58
3418710c:	9300      	str	r3, [sp, #0]
3418710e:	f000 f9bb 	bl	34187488 <__retarget_lock_release_recursive>
34187112:	9b00      	ldr	r3, [sp, #0]
34187114:	e7e2      	b.n	341870dc <fflush+0x3c>
34187116:	4a03      	ldr	r2, [pc, #12]	@ (34187124 <fflush+0x84>)
34187118:	4903      	ldr	r1, [pc, #12]	@ (34187128 <fflush+0x88>)
3418711a:	4804      	ldr	r0, [pc, #16]	@ (3418712c <fflush+0x8c>)
3418711c:	f004 be54 	b.w	3418bdc8 <_fwalk_sglue>
34187120:	341c0434 	.word	0x341c0434
34187124:	341c0428 	.word	0x341c0428
34187128:	34187031 	.word	0x34187031
3418712c:	341c0438 	.word	0x341c0438

34187130 <snprintf>:
34187130:	b40c      	push	{r2, r3}
34187132:	4b17      	ldr	r3, [pc, #92]	@ (34187190 <snprintf+0x60>)
34187134:	b530      	push	{r4, r5, lr}
34187136:	1e0d      	subs	r5, r1, #0
34187138:	b09d      	sub	sp, #116	@ 0x74
3418713a:	681c      	ldr	r4, [r3, #0]
3418713c:	db22      	blt.n	34187184 <snprintf+0x54>
3418713e:	bf14      	ite	ne
34187140:	2301      	movne	r3, #1
34187142:	2300      	moveq	r3, #0
34187144:	2100      	movs	r1, #0
34187146:	4a13      	ldr	r2, [pc, #76]	@ (34187194 <snprintf+0x64>)
34187148:	1aeb      	subs	r3, r5, r3
3418714a:	9002      	str	r0, [sp, #8]
3418714c:	9006      	str	r0, [sp, #24]
3418714e:	4620      	mov	r0, r4
34187150:	9304      	str	r3, [sp, #16]
34187152:	9307      	str	r3, [sp, #28]
34187154:	ab21      	add	r3, sp, #132	@ 0x84
34187156:	911b      	str	r1, [sp, #108]	@ 0x6c
34187158:	a902      	add	r1, sp, #8
3418715a:	9205      	str	r2, [sp, #20]
3418715c:	9a20      	ldr	r2, [sp, #128]	@ 0x80
3418715e:	9301      	str	r3, [sp, #4]
34187160:	f000 fbde 	bl	34187920 <_svfprintf_r>
34187164:	1c43      	adds	r3, r0, #1
34187166:	db08      	blt.n	3418717a <snprintf+0x4a>
34187168:	b115      	cbz	r5, 34187170 <snprintf+0x40>
3418716a:	9b02      	ldr	r3, [sp, #8]
3418716c:	2200      	movs	r2, #0
3418716e:	701a      	strb	r2, [r3, #0]
34187170:	b01d      	add	sp, #116	@ 0x74
34187172:	e8bd 4030 	ldmia.w	sp!, {r4, r5, lr}
34187176:	b002      	add	sp, #8
34187178:	4770      	bx	lr
3418717a:	238b      	movs	r3, #139	@ 0x8b
3418717c:	6023      	str	r3, [r4, #0]
3418717e:	2d00      	cmp	r5, #0
34187180:	d0f6      	beq.n	34187170 <snprintf+0x40>
34187182:	e7f2      	b.n	3418716a <snprintf+0x3a>
34187184:	238b      	movs	r3, #139	@ 0x8b
34187186:	f04f 30ff 	mov.w	r0, #4294967295	@ 0xffffffff
3418718a:	6023      	str	r3, [r4, #0]
3418718c:	e7f0      	b.n	34187170 <snprintf+0x40>
3418718e:	bf00      	nop
34187190:	341c0434 	.word	0x341c0434
34187194:	ffff0208 	.word	0xffff0208

34187198 <stdio_exit_handler>:
34187198:	4a02      	ldr	r2, [pc, #8]	@ (341871a4 <stdio_exit_handler+0xc>)
3418719a:	4903      	ldr	r1, [pc, #12]	@ (341871a8 <stdio_exit_handler+0x10>)
3418719c:	4803      	ldr	r0, [pc, #12]	@ (341871ac <stdio_exit_handler+0x14>)
3418719e:	f004 be13 	b.w	3418bdc8 <_fwalk_sglue>
341871a2:	bf00      	nop
341871a4:	341c0428 	.word	0x341c0428
341871a8:	3418c1e9 	.word	0x3418c1e9
341871ac:	341c0438 	.word	0x341c0438

341871b0 <cleanup_stdio>:
341871b0:	4b0c      	ldr	r3, [pc, #48]	@ (341871e4 <cleanup_stdio+0x34>)
341871b2:	6841      	ldr	r1, [r0, #4]
341871b4:	4299      	cmp	r1, r3
341871b6:	b510      	push	{r4, lr}
341871b8:	4604      	mov	r4, r0
341871ba:	d001      	beq.n	341871c0 <cleanup_stdio+0x10>
341871bc:	f005 f814 	bl	3418c1e8 <_fclose_r>
341871c0:	68a1      	ldr	r1, [r4, #8]
341871c2:	4b09      	ldr	r3, [pc, #36]	@ (341871e8 <cleanup_stdio+0x38>)
341871c4:	4299      	cmp	r1, r3
341871c6:	d002      	beq.n	341871ce <cleanup_stdio+0x1e>
341871c8:	4620      	mov	r0, r4
341871ca:	f005 f80d 	bl	3418c1e8 <_fclose_r>
341871ce:	68e1      	ldr	r1, [r4, #12]
341871d0:	4b06      	ldr	r3, [pc, #24]	@ (341871ec <cleanup_stdio+0x3c>)
341871d2:	4299      	cmp	r1, r3
341871d4:	d004      	beq.n	341871e0 <cleanup_stdio+0x30>
341871d6:	4620      	mov	r0, r4
341871d8:	e8bd 4010 	ldmia.w	sp!, {r4, lr}
341871dc:	f005 b804 	b.w	3418c1e8 <_fclose_r>
341871e0:	bd10      	pop	{r4, pc}
341871e2:	bf00      	nop
341871e4:	341c2f04 	.word	0x341c2f04
341871e8:	341c2f6c 	.word	0x341c2f6c
341871ec:	341c2fd4 	.word	0x341c2fd4

341871f0 <global_stdio_init.part.0>:
341871f0:	e92d 43f8 	stmdb	sp!, {r3, r4, r5, r6, r7, r8, r9, lr}
341871f4:	4a31      	ldr	r2, [pc, #196]	@ (341872bc <global_stdio_init.part.0+0xcc>)
341871f6:	2500      	movs	r5, #0
341871f8:	4c31      	ldr	r4, [pc, #196]	@ (341872c0 <global_stdio_init.part.0+0xd0>)
341871fa:	2304      	movs	r3, #4
341871fc:	4931      	ldr	r1, [pc, #196]	@ (341872c4 <global_stdio_init.part.0+0xd4>)
341871fe:	f8df 90d8 	ldr.w	r9, [pc, #216]	@ 341872d8 <global_stdio_init.part.0+0xe8>
34187202:	f104 005c 	add.w	r0, r4, #92	@ 0x5c
34187206:	f8df 80d4 	ldr.w	r8, [pc, #212]	@ 341872dc <global_stdio_init.part.0+0xec>
3418720a:	4f2f      	ldr	r7, [pc, #188]	@ (341872c8 <global_stdio_init.part.0+0xd8>)
3418720c:	4e2f      	ldr	r6, [pc, #188]	@ (341872cc <global_stdio_init.part.0+0xdc>)
3418720e:	6011      	str	r1, [r2, #0]
34187210:	4629      	mov	r1, r5
34187212:	2208      	movs	r2, #8
34187214:	6025      	str	r5, [r4, #0]
34187216:	6665      	str	r5, [r4, #100]	@ 0x64
34187218:	e9c4 3503 	strd	r3, r5, [r4, #12]
3418721c:	e9c4 5501 	strd	r5, r5, [r4, #4]
34187220:	e9c4 5505 	strd	r5, r5, [r4, #20]
34187224:	f000 f886 	bl	34187334 <memset>
34187228:	f104 0058 	add.w	r0, r4, #88	@ 0x58
3418722c:	62e6      	str	r6, [r4, #44]	@ 0x2c
3418722e:	e9c4 4907 	strd	r4, r9, [r4, #28]
34187232:	e9c4 8709 	strd	r8, r7, [r4, #36]	@ 0x24
34187236:	f000 f921 	bl	3418747c <__retarget_lock_init_recursive>
3418723a:	4b25      	ldr	r3, [pc, #148]	@ (341872d0 <global_stdio_init.part.0+0xe0>)
3418723c:	4629      	mov	r1, r5
3418723e:	2208      	movs	r2, #8
34187240:	f104 00c4 	add.w	r0, r4, #196	@ 0xc4
34187244:	6763      	str	r3, [r4, #116]	@ 0x74
34187246:	6725      	str	r5, [r4, #112]	@ 0x70
34187248:	f8c4 50cc 	str.w	r5, [r4, #204]	@ 0xcc
3418724c:	f8c4 5080 	str.w	r5, [r4, #128]	@ 0x80
34187250:	e9c4 551a 	strd	r5, r5, [r4, #104]	@ 0x68
34187254:	e9c4 551e 	strd	r5, r5, [r4, #120]	@ 0x78
34187258:	f000 f86c 	bl	34187334 <memset>
3418725c:	f104 0368 	add.w	r3, r4, #104	@ 0x68
34187260:	f104 00c0 	add.w	r0, r4, #192	@ 0xc0
34187264:	f8c4 3084 	str.w	r3, [r4, #132]	@ 0x84
34187268:	e9c4 9822 	strd	r9, r8, [r4, #136]	@ 0x88
3418726c:	e9c4 7624 	strd	r7, r6, [r4, #144]	@ 0x90
34187270:	f000 f904 	bl	3418747c <__retarget_lock_init_recursive>
34187274:	4b17      	ldr	r3, [pc, #92]	@ (341872d4 <global_stdio_init.part.0+0xe4>)
34187276:	4629      	mov	r1, r5
34187278:	f504 7096 	add.w	r0, r4, #300	@ 0x12c
3418727c:	2208      	movs	r2, #8
3418727e:	f8c4 30dc 	str.w	r3, [r4, #220]	@ 0xdc
34187282:	f8c4 50d8 	str.w	r5, [r4, #216]	@ 0xd8
34187286:	f8c4 5134 	str.w	r5, [r4, #308]	@ 0x134
3418728a:	f8c4 50e8 	str.w	r5, [r4, #232]	@ 0xe8
3418728e:	e9c4 5534 	strd	r5, r5, [r4, #208]	@ 0xd0
34187292:	e9c4 5538 	strd	r5, r5, [r4, #224]	@ 0xe0
34187296:	f000 f84d 	bl	34187334 <memset>
3418729a:	f104 03d0 	add.w	r3, r4, #208	@ 0xd0
3418729e:	f504 7094 	add.w	r0, r4, #296	@ 0x128
341872a2:	f8c4 90f0 	str.w	r9, [r4, #240]	@ 0xf0
341872a6:	f8c4 60fc 	str.w	r6, [r4, #252]	@ 0xfc
341872aa:	f8c4 30ec 	str.w	r3, [r4, #236]	@ 0xec
341872ae:	e9c4 873d 	strd	r8, r7, [r4, #244]	@ 0xf4
341872b2:	e8bd 43f8 	ldmia.w	sp!, {r3, r4, r5, r6, r7, r8, r9, lr}
341872b6:	f000 b8e1 	b.w	3418747c <__retarget_lock_init_recursive>
341872ba:	bf00      	nop
341872bc:	341c303c 	.word	0x341c303c
341872c0:	341c2f04 	.word	0x341c2f04
341872c4:	34187199 	.word	0x34187199
341872c8:	3418c311 	.word	0x3418c311
341872cc:	3418c339 	.word	0x3418c339
341872d0:	00010009 	.word	0x00010009
341872d4:	00020012 	.word	0x00020012
341872d8:	3418c2ad 	.word	0x3418c2ad
341872dc:	3418c2d1 	.word	0x3418c2d1

341872e0 <__sinit>:
341872e0:	b510      	push	{r4, lr}
341872e2:	4604      	mov	r4, r0
341872e4:	480a      	ldr	r0, [pc, #40]	@ (34187310 <__sinit+0x30>)
341872e6:	f000 f8cd 	bl	34187484 <__retarget_lock_acquire_recursive>
341872ea:	6b63      	ldr	r3, [r4, #52]	@ 0x34
341872ec:	b923      	cbnz	r3, 341872f8 <__sinit+0x18>
341872ee:	4b09      	ldr	r3, [pc, #36]	@ (34187314 <__sinit+0x34>)
341872f0:	4a09      	ldr	r2, [pc, #36]	@ (34187318 <__sinit+0x38>)
341872f2:	681b      	ldr	r3, [r3, #0]
341872f4:	6362      	str	r2, [r4, #52]	@ 0x34
341872f6:	b123      	cbz	r3, 34187302 <__sinit+0x22>
341872f8:	4805      	ldr	r0, [pc, #20]	@ (34187310 <__sinit+0x30>)
341872fa:	e8bd 4010 	ldmia.w	sp!, {r4, lr}
341872fe:	f000 b8c3 	b.w	34187488 <__retarget_lock_release_recursive>
34187302:	f7ff ff75 	bl	341871f0 <global_stdio_init.part.0>
34187306:	4802      	ldr	r0, [pc, #8]	@ (34187310 <__sinit+0x30>)
34187308:	e8bd 4010 	ldmia.w	sp!, {r4, lr}
3418730c:	f000 b8bc 	b.w	34187488 <__retarget_lock_release_recursive>
34187310:	341c3048 	.word	0x341c3048
34187314:	341c303c 	.word	0x341c303c
34187318:	341871b1 	.word	0x341871b1

3418731c <__sfp_lock_acquire>:
3418731c:	4801      	ldr	r0, [pc, #4]	@ (34187324 <__sfp_lock_acquire+0x8>)
3418731e:	f000 b8b1 	b.w	34187484 <__retarget_lock_acquire_recursive>
34187322:	bf00      	nop
34187324:	341c3048 	.word	0x341c3048

34187328 <__sfp_lock_release>:
34187328:	4801      	ldr	r0, [pc, #4]	@ (34187330 <__sfp_lock_release+0x8>)
3418732a:	f000 b8ad 	b.w	34187488 <__retarget_lock_release_recursive>
3418732e:	bf00      	nop
34187330:	341c3048 	.word	0x341c3048

34187334 <memset>:
34187334:	b530      	push	{r4, r5, lr}
34187336:	0784      	lsls	r4, r0, #30
34187338:	4686      	mov	lr, r0
3418733a:	4603      	mov	r3, r0
3418733c:	d006      	beq.n	3418734c <memset+0x18>
3418733e:	b3a2      	cbz	r2, 341873aa <memset+0x76>
34187340:	f803 1b01 	strb.w	r1, [r3], #1
34187344:	0798      	lsls	r0, r3, #30
34187346:	f102 32ff 	add.w	r2, r2, #4294967295	@ 0xffffffff
3418734a:	d1f8      	bne.n	3418733e <memset+0xa>
3418734c:	2a03      	cmp	r2, #3
3418734e:	d926      	bls.n	3418739e <memset+0x6a>
34187350:	fa5f fc81 	uxtb.w	ip, r1
34187354:	2a0f      	cmp	r2, #15
34187356:	eb0c 2c0c 	add.w	ip, ip, ip, lsl #8
3418735a:	eb0c 400c 	add.w	r0, ip, ip, lsl #16
3418735e:	d92a      	bls.n	341873b6 <memset+0x82>
34187360:	f022 0c0f 	bic.w	ip, r2, #15
34187364:	449c      	add	ip, r3
34187366:	e9c3 0000 	strd	r0, r0, [r3]
3418736a:	e9c3 0002 	strd	r0, r0, [r3, #8]
3418736e:	3310      	adds	r3, #16
34187370:	4563      	cmp	r3, ip
34187372:	d1f8      	bne.n	34187366 <memset+0x32>
34187374:	f012 0f0c 	tst.w	r2, #12
34187378:	f002 050f 	and.w	r5, r2, #15
3418737c:	d017      	beq.n	341873ae <memset+0x7a>
3418737e:	ea4f 0c95 	mov.w	ip, r5, lsr #2
34187382:	461a      	mov	r2, r3
34187384:	f10c 34ff 	add.w	r4, ip, #4294967295	@ 0xffffffff
34187388:	eb03 0c8c 	add.w	ip, r3, ip, lsl #2
3418738c:	f842 0b04 	str.w	r0, [r2], #4
34187390:	4562      	cmp	r2, ip
34187392:	d1fb      	bne.n	3418738c <memset+0x58>
34187394:	3304      	adds	r3, #4
34187396:	f005 0203 	and.w	r2, r5, #3
3418739a:	eb03 0384 	add.w	r3, r3, r4, lsl #2
3418739e:	b122      	cbz	r2, 341873aa <memset+0x76>
341873a0:	441a      	add	r2, r3
341873a2:	f803 1b01 	strb.w	r1, [r3], #1
341873a6:	429a      	cmp	r2, r3
341873a8:	d1fb      	bne.n	341873a2 <memset+0x6e>
341873aa:	4670      	mov	r0, lr
341873ac:	bd30      	pop	{r4, r5, pc}
341873ae:	462a      	mov	r2, r5
341873b0:	2a00      	cmp	r2, #0
341873b2:	d1f5      	bne.n	341873a0 <memset+0x6c>
341873b4:	e7f9      	b.n	341873aa <memset+0x76>
341873b6:	4615      	mov	r5, r2
341873b8:	e7e1      	b.n	3418737e <memset+0x4a>
341873ba:	bf00      	nop

341873bc <_sbrk_r>:
341873bc:	b538      	push	{r3, r4, r5, lr}
341873be:	2300      	movs	r3, #0
341873c0:	4c06      	ldr	r4, [pc, #24]	@ (341873dc <_sbrk_r+0x20>)
341873c2:	4605      	mov	r5, r0
341873c4:	4608      	mov	r0, r1
341873c6:	6023      	str	r3, [r4, #0]
341873c8:	f7fd f972 	bl	341846b0 <_sbrk>
341873cc:	1c43      	adds	r3, r0, #1
341873ce:	d000      	beq.n	341873d2 <_sbrk_r+0x16>
341873d0:	bd38      	pop	{r3, r4, r5, pc}
341873d2:	6823      	ldr	r3, [r4, #0]
341873d4:	2b00      	cmp	r3, #0
341873d6:	d0fb      	beq.n	341873d0 <_sbrk_r+0x14>
341873d8:	602b      	str	r3, [r5, #0]
341873da:	bd38      	pop	{r3, r4, r5, pc}
341873dc:	341c31e0 	.word	0x341c31e0

341873e0 <__errno>:
341873e0:	4b01      	ldr	r3, [pc, #4]	@ (341873e8 <__errno+0x8>)
341873e2:	6818      	ldr	r0, [r3, #0]
341873e4:	4770      	bx	lr
341873e6:	bf00      	nop
341873e8:	341c0434 	.word	0x341c0434

341873ec <sysconf>:
341873ec:	2808      	cmp	r0, #8
341873ee:	d102      	bne.n	341873f6 <sysconf+0xa>
341873f0:	f44f 5080 	mov.w	r0, #4096	@ 0x1000
341873f4:	4770      	bx	lr
341873f6:	b508      	push	{r3, lr}
341873f8:	f7ff fff2 	bl	341873e0 <__errno>
341873fc:	2216      	movs	r2, #22
341873fe:	4603      	mov	r3, r0
34187400:	f04f 30ff 	mov.w	r0, #4294967295	@ 0xffffffff
34187404:	601a      	str	r2, [r3, #0]
34187406:	bd08      	pop	{r3, pc}

34187408 <__libc_init_array>:
34187408:	b570      	push	{r4, r5, r6, lr}
3418740a:	4e0e      	ldr	r6, [pc, #56]	@ (34187444 <__libc_init_array+0x3c>)
3418740c:	4d0e      	ldr	r5, [pc, #56]	@ (34187448 <__libc_init_array+0x40>)
3418740e:	42ae      	cmp	r6, r5
34187410:	d008      	beq.n	34187424 <__libc_init_array+0x1c>
34187412:	1b76      	subs	r6, r6, r5
34187414:	2400      	movs	r4, #0
34187416:	10b6      	asrs	r6, r6, #2
34187418:	3401      	adds	r4, #1
3418741a:	f855 3b04 	ldr.w	r3, [r5], #4
3418741e:	4798      	blx	r3
34187420:	42a6      	cmp	r6, r4
34187422:	d8f9      	bhi.n	34187418 <__libc_init_array+0x10>
34187424:	4e09      	ldr	r6, [pc, #36]	@ (3418744c <__libc_init_array+0x44>)
34187426:	f008 fae5 	bl	3418f9f4 <_init>
3418742a:	4d09      	ldr	r5, [pc, #36]	@ (34187450 <__libc_init_array+0x48>)
3418742c:	42ae      	cmp	r6, r5
3418742e:	d008      	beq.n	34187442 <__libc_init_array+0x3a>
34187430:	1b76      	subs	r6, r6, r5
34187432:	2400      	movs	r4, #0
34187434:	10b6      	asrs	r6, r6, #2
34187436:	3401      	adds	r4, #1
34187438:	f855 3b04 	ldr.w	r3, [r5], #4
3418743c:	4798      	blx	r3
3418743e:	42a6      	cmp	r6, r4
34187440:	d8f9      	bhi.n	34187436 <__libc_init_array+0x2e>
34187442:	bd70      	pop	{r4, r5, r6, pc}
34187444:	34190388 	.word	0x34190388
34187448:	34190388 	.word	0x34190388
3418744c:	34190390 	.word	0x34190390
34187450:	34190388 	.word	0x34190388

34187454 <__libc_fini_array>:
34187454:	b538      	push	{r3, r4, r5, lr}
34187456:	4d07      	ldr	r5, [pc, #28]	@ (34187474 <__libc_fini_array+0x20>)
34187458:	4c07      	ldr	r4, [pc, #28]	@ (34187478 <__libc_fini_array+0x24>)
3418745a:	1b2c      	subs	r4, r5, r4
3418745c:	10a4      	asrs	r4, r4, #2
3418745e:	d005      	beq.n	3418746c <__libc_fini_array+0x18>
34187460:	3c01      	subs	r4, #1
34187462:	f855 3d04 	ldr.w	r3, [r5, #-4]!
34187466:	4798      	blx	r3
34187468:	2c00      	cmp	r4, #0
3418746a:	d1f9      	bne.n	34187460 <__libc_fini_array+0xc>
3418746c:	e8bd 4038 	ldmia.w	sp!, {r3, r4, r5, lr}
34187470:	f008 bac6 	b.w	3418fa00 <_fini>
34187474:	34190394 	.word	0x34190394
34187478:	34190390 	.word	0x34190390

3418747c <__retarget_lock_init_recursive>:
3418747c:	4770      	bx	lr
3418747e:	bf00      	nop

34187480 <__retarget_lock_close_recursive>:
34187480:	4770      	bx	lr
34187482:	bf00      	nop

34187484 <__retarget_lock_acquire_recursive>:
34187484:	4770      	bx	lr
34187486:	bf00      	nop

34187488 <__retarget_lock_release_recursive>:
34187488:	4770      	bx	lr
3418748a:	bf00      	nop

3418748c <memcpy>:
3418748c:	4684      	mov	ip, r0
3418748e:	ea41 0300 	orr.w	r3, r1, r0
34187492:	f013 0303 	ands.w	r3, r3, #3
34187496:	d149      	bne.n	3418752c <memcpy+0xa0>
34187498:	3a40      	subs	r2, #64	@ 0x40
3418749a:	d323      	bcc.n	341874e4 <memcpy+0x58>
3418749c:	680b      	ldr	r3, [r1, #0]
3418749e:	6003      	str	r3, [r0, #0]
341874a0:	684b      	ldr	r3, [r1, #4]
341874a2:	6043      	str	r3, [r0, #4]
341874a4:	688b      	ldr	r3, [r1, #8]
341874a6:	6083      	str	r3, [r0, #8]
341874a8:	68cb      	ldr	r3, [r1, #12]
341874aa:	60c3      	str	r3, [r0, #12]
341874ac:	690b      	ldr	r3, [r1, #16]
341874ae:	6103      	str	r3, [r0, #16]
341874b0:	694b      	ldr	r3, [r1, #20]
341874b2:	6143      	str	r3, [r0, #20]
341874b4:	698b      	ldr	r3, [r1, #24]
341874b6:	6183      	str	r3, [r0, #24]
341874b8:	69cb      	ldr	r3, [r1, #28]
341874ba:	61c3      	str	r3, [r0, #28]
341874bc:	6a0b      	ldr	r3, [r1, #32]
341874be:	6203      	str	r3, [r0, #32]
341874c0:	6a4b      	ldr	r3, [r1, #36]	@ 0x24
341874c2:	6243      	str	r3, [r0, #36]	@ 0x24
341874c4:	6a8b      	ldr	r3, [r1, #40]	@ 0x28
341874c6:	6283      	str	r3, [r0, #40]	@ 0x28
341874c8:	6acb      	ldr	r3, [r1, #44]	@ 0x2c
341874ca:	62c3      	str	r3, [r0, #44]	@ 0x2c
341874cc:	6b0b      	ldr	r3, [r1, #48]	@ 0x30
341874ce:	6303      	str	r3, [r0, #48]	@ 0x30
341874d0:	6b4b      	ldr	r3, [r1, #52]	@ 0x34
341874d2:	6343      	str	r3, [r0, #52]	@ 0x34
341874d4:	6b8b      	ldr	r3, [r1, #56]	@ 0x38
341874d6:	6383      	str	r3, [r0, #56]	@ 0x38
341874d8:	6bcb      	ldr	r3, [r1, #60]	@ 0x3c
341874da:	63c3      	str	r3, [r0, #60]	@ 0x3c
341874dc:	3040      	adds	r0, #64	@ 0x40
341874de:	3140      	adds	r1, #64	@ 0x40
341874e0:	3a40      	subs	r2, #64	@ 0x40
341874e2:	d2db      	bcs.n	3418749c <memcpy+0x10>
341874e4:	3230      	adds	r2, #48	@ 0x30
341874e6:	d30b      	bcc.n	34187500 <memcpy+0x74>
341874e8:	680b      	ldr	r3, [r1, #0]
341874ea:	6003      	str	r3, [r0, #0]
341874ec:	684b      	ldr	r3, [r1, #4]
341874ee:	6043      	str	r3, [r0, #4]
341874f0:	688b      	ldr	r3, [r1, #8]
341874f2:	6083      	str	r3, [r0, #8]
341874f4:	68cb      	ldr	r3, [r1, #12]
341874f6:	60c3      	str	r3, [r0, #12]
341874f8:	3010      	adds	r0, #16
341874fa:	3110      	adds	r1, #16
341874fc:	3a10      	subs	r2, #16
341874fe:	d2f3      	bcs.n	341874e8 <memcpy+0x5c>
34187500:	320c      	adds	r2, #12
34187502:	d305      	bcc.n	34187510 <memcpy+0x84>
34187504:	f851 3b04 	ldr.w	r3, [r1], #4
34187508:	f840 3b04 	str.w	r3, [r0], #4
3418750c:	3a04      	subs	r2, #4
3418750e:	d2f9      	bcs.n	34187504 <memcpy+0x78>
34187510:	3204      	adds	r2, #4
34187512:	d008      	beq.n	34187526 <memcpy+0x9a>
34187514:	07d2      	lsls	r2, r2, #31
34187516:	bf1c      	itt	ne
34187518:	f811 3b01 	ldrbne.w	r3, [r1], #1
3418751c:	f800 3b01 	strbne.w	r3, [r0], #1
34187520:	d301      	bcc.n	34187526 <memcpy+0x9a>
34187522:	880b      	ldrh	r3, [r1, #0]
34187524:	8003      	strh	r3, [r0, #0]
34187526:	4660      	mov	r0, ip
34187528:	4770      	bx	lr
3418752a:	bf00      	nop
3418752c:	2a08      	cmp	r2, #8
3418752e:	d313      	bcc.n	34187558 <memcpy+0xcc>
34187530:	078b      	lsls	r3, r1, #30
34187532:	d0b1      	beq.n	34187498 <memcpy+0xc>
34187534:	f010 0303 	ands.w	r3, r0, #3
34187538:	d0ae      	beq.n	34187498 <memcpy+0xc>
3418753a:	f1c3 0304 	rsb	r3, r3, #4
3418753e:	1ad2      	subs	r2, r2, r3
34187540:	07db      	lsls	r3, r3, #31
34187542:	bf1c      	itt	ne
34187544:	f811 3b01 	ldrbne.w	r3, [r1], #1
34187548:	f800 3b01 	strbne.w	r3, [r0], #1
3418754c:	d3a4      	bcc.n	34187498 <memcpy+0xc>
3418754e:	f831 3b02 	ldrh.w	r3, [r1], #2
34187552:	f820 3b02 	strh.w	r3, [r0], #2
34187556:	e79f      	b.n	34187498 <memcpy+0xc>
34187558:	3a04      	subs	r2, #4
3418755a:	d3d9      	bcc.n	34187510 <memcpy+0x84>
3418755c:	3a01      	subs	r2, #1
3418755e:	f811 3b01 	ldrb.w	r3, [r1], #1
34187562:	f800 3b01 	strb.w	r3, [r0], #1
34187566:	d2f9      	bcs.n	3418755c <memcpy+0xd0>
34187568:	780b      	ldrb	r3, [r1, #0]
3418756a:	7003      	strb	r3, [r0, #0]
3418756c:	784b      	ldrb	r3, [r1, #1]
3418756e:	7043      	strb	r3, [r0, #1]
34187570:	788b      	ldrb	r3, [r1, #2]
34187572:	7083      	strb	r3, [r0, #2]
34187574:	4660      	mov	r0, ip
34187576:	4770      	bx	lr

34187578 <strlen>:
34187578:	f020 0103 	bic.w	r1, r0, #3
3418757c:	f010 0003 	ands.w	r0, r0, #3
34187580:	f1c0 0000 	rsb	r0, r0, #0
34187584:	f851 3b04 	ldr.w	r3, [r1], #4
34187588:	f100 0c04 	add.w	ip, r0, #4
3418758c:	ea4f 0ccc 	mov.w	ip, ip, lsl #3
34187590:	f06f 0200 	mvn.w	r2, #0
34187594:	bf1c      	itt	ne
34187596:	fa22 f20c 	lsrne.w	r2, r2, ip
3418759a:	4313      	orrne	r3, r2
3418759c:	f04f 0c01 	mov.w	ip, #1
341875a0:	ea4c 2c0c 	orr.w	ip, ip, ip, lsl #8
341875a4:	ea4c 4c0c 	orr.w	ip, ip, ip, lsl #16
341875a8:	eba3 020c 	sub.w	r2, r3, ip
341875ac:	ea22 0203 	bic.w	r2, r2, r3
341875b0:	ea12 12cc 	ands.w	r2, r2, ip, lsl #7
341875b4:	bf04      	itt	eq
341875b6:	f851 3b04 	ldreq.w	r3, [r1], #4
341875ba:	3004      	addeq	r0, #4
341875bc:	d0f4      	beq.n	341875a8 <strlen+0x30>
341875be:	f1c2 0100 	rsb	r1, r2, #0
341875c2:	ea02 0201 	and.w	r2, r2, r1
341875c6:	fab2 f282 	clz	r2, r2
341875ca:	f1c2 021f 	rsb	r2, r2, #31
341875ce:	eb00 00d2 	add.w	r0, r0, r2, lsr #3
341875d2:	4770      	bx	lr

341875d4 <__register_exitproc>:
341875d4:	b5f0      	push	{r4, r5, r6, r7, lr}
341875d6:	4c1d      	ldr	r4, [pc, #116]	@ (3418764c <__register_exitproc+0x78>)
341875d8:	b083      	sub	sp, #12
341875da:	4605      	mov	r5, r0
341875dc:	4616      	mov	r6, r2
341875de:	6820      	ldr	r0, [r4, #0]
341875e0:	461f      	mov	r7, r3
341875e2:	9101      	str	r1, [sp, #4]
341875e4:	f7ff ff4e 	bl	34187484 <__retarget_lock_acquire_recursive>
341875e8:	4a19      	ldr	r2, [pc, #100]	@ (34187650 <__register_exitproc+0x7c>)
341875ea:	9901      	ldr	r1, [sp, #4]
341875ec:	6813      	ldr	r3, [r2, #0]
341875ee:	b32b      	cbz	r3, 3418763c <__register_exitproc+0x68>
341875f0:	685a      	ldr	r2, [r3, #4]
341875f2:	6820      	ldr	r0, [r4, #0]
341875f4:	2a1f      	cmp	r2, #31
341875f6:	dc24      	bgt.n	34187642 <__register_exitproc+0x6e>
341875f8:	b94d      	cbnz	r5, 3418760e <__register_exitproc+0x3a>
341875fa:	1c54      	adds	r4, r2, #1
341875fc:	3202      	adds	r2, #2
341875fe:	605c      	str	r4, [r3, #4]
34187600:	f843 1022 	str.w	r1, [r3, r2, lsl #2]
34187604:	f7ff ff40 	bl	34187488 <__retarget_lock_release_recursive>
34187608:	2000      	movs	r0, #0
3418760a:	b003      	add	sp, #12
3418760c:	bdf0      	pop	{r4, r5, r6, r7, pc}
3418760e:	eb03 0e82 	add.w	lr, r3, r2, lsl #2
34187612:	2401      	movs	r4, #1
34187614:	2d02      	cmp	r5, #2
34187616:	f8ce 6088 	str.w	r6, [lr, #136]	@ 0x88
3418761a:	fa04 f402 	lsl.w	r4, r4, r2
3418761e:	f8d3 6188 	ldr.w	r6, [r3, #392]	@ 0x188
34187622:	ea46 0c04 	orr.w	ip, r6, r4
34187626:	f8c3 c188 	str.w	ip, [r3, #392]	@ 0x188
3418762a:	f8ce 7108 	str.w	r7, [lr, #264]	@ 0x108
3418762e:	d1e4      	bne.n	341875fa <__register_exitproc+0x26>
34187630:	f8d3 518c 	ldr.w	r5, [r3, #396]	@ 0x18c
34187634:	4325      	orrs	r5, r4
34187636:	f8c3 518c 	str.w	r5, [r3, #396]	@ 0x18c
3418763a:	e7de      	b.n	341875fa <__register_exitproc+0x26>
3418763c:	4b05      	ldr	r3, [pc, #20]	@ (34187654 <__register_exitproc+0x80>)
3418763e:	6013      	str	r3, [r2, #0]
34187640:	e7d6      	b.n	341875f0 <__register_exitproc+0x1c>
34187642:	f7ff ff21 	bl	34187488 <__retarget_lock_release_recursive>
34187646:	f04f 30ff 	mov.w	r0, #4294967295	@ 0xffffffff
3418764a:	e7de      	b.n	3418760a <__register_exitproc+0x36>
3418764c:	341c0638 	.word	0x341c0638
34187650:	341c31dc 	.word	0x341c31dc
34187654:	341c304c 	.word	0x341c304c

34187658 <register_fini>:
34187658:	4b02      	ldr	r3, [pc, #8]	@ (34187664 <register_fini+0xc>)
3418765a:	b113      	cbz	r3, 34187662 <register_fini+0xa>
3418765c:	4802      	ldr	r0, [pc, #8]	@ (34187668 <register_fini+0x10>)
3418765e:	f7ff b8ad 	b.w	341867bc <atexit>
34187662:	4770      	bx	lr
34187664:	00000000 	.word	0x00000000
34187668:	34187455 	.word	0x34187455

3418766c <_malloc_trim_r>:
3418766c:	b5f8      	push	{r3, r4, r5, r6, r7, lr}
3418766e:	4606      	mov	r6, r0
34187670:	2008      	movs	r0, #8
34187672:	460c      	mov	r4, r1
34187674:	f7ff feba 	bl	341873ec <sysconf>
34187678:	4607      	mov	r7, r0
3418767a:	4630      	mov	r0, r6
3418767c:	f7ff fbb6 	bl	34186dec <__malloc_lock>
34187680:	4a22      	ldr	r2, [pc, #136]	@ (3418770c <_malloc_trim_r+0xa0>)
34187682:	6893      	ldr	r3, [r2, #8]
34187684:	685d      	ldr	r5, [r3, #4]
34187686:	f025 0503 	bic.w	r5, r5, #3
3418768a:	f1a5 0311 	sub.w	r3, r5, #17
3418768e:	1b1c      	subs	r4, r3, r4
34187690:	443c      	add	r4, r7
34187692:	fbb4 f4f7 	udiv	r4, r4, r7
34187696:	3c01      	subs	r4, #1
34187698:	fb07 f404 	mul.w	r4, r7, r4
3418769c:	42a7      	cmp	r7, r4
3418769e:	dc08      	bgt.n	341876b2 <_malloc_trim_r+0x46>
341876a0:	2100      	movs	r1, #0
341876a2:	4630      	mov	r0, r6
341876a4:	f7ff fe8a 	bl	341873bc <_sbrk_r>
341876a8:	4a18      	ldr	r2, [pc, #96]	@ (3418770c <_malloc_trim_r+0xa0>)
341876aa:	6893      	ldr	r3, [r2, #8]
341876ac:	442b      	add	r3, r5
341876ae:	4298      	cmp	r0, r3
341876b0:	d004      	beq.n	341876bc <_malloc_trim_r+0x50>
341876b2:	4630      	mov	r0, r6
341876b4:	f7ff fba0 	bl	34186df8 <__malloc_unlock>
341876b8:	2000      	movs	r0, #0
341876ba:	bdf8      	pop	{r3, r4, r5, r6, r7, pc}
341876bc:	4261      	negs	r1, r4
341876be:	4630      	mov	r0, r6
341876c0:	f7ff fe7c 	bl	341873bc <_sbrk_r>
341876c4:	3001      	adds	r0, #1
341876c6:	4a11      	ldr	r2, [pc, #68]	@ (3418770c <_malloc_trim_r+0xa0>)
341876c8:	d00d      	beq.n	341876e6 <_malloc_trim_r+0x7a>
341876ca:	1b2d      	subs	r5, r5, r4
341876cc:	4910      	ldr	r1, [pc, #64]	@ (34187710 <_malloc_trim_r+0xa4>)
341876ce:	6893      	ldr	r3, [r2, #8]
341876d0:	4630      	mov	r0, r6
341876d2:	f045 0501 	orr.w	r5, r5, #1
341876d6:	605d      	str	r5, [r3, #4]
341876d8:	680b      	ldr	r3, [r1, #0]
341876da:	1b1b      	subs	r3, r3, r4
341876dc:	600b      	str	r3, [r1, #0]
341876de:	f7ff fb8b 	bl	34186df8 <__malloc_unlock>
341876e2:	2001      	movs	r0, #1
341876e4:	bdf8      	pop	{r3, r4, r5, r6, r7, pc}
341876e6:	2100      	movs	r1, #0
341876e8:	4630      	mov	r0, r6
341876ea:	f7ff fe67 	bl	341873bc <_sbrk_r>
341876ee:	4a07      	ldr	r2, [pc, #28]	@ (3418770c <_malloc_trim_r+0xa0>)
341876f0:	6892      	ldr	r2, [r2, #8]
341876f2:	1a83      	subs	r3, r0, r2
341876f4:	2b0f      	cmp	r3, #15
341876f6:	dddc      	ble.n	341876b2 <_malloc_trim_r+0x46>
341876f8:	f043 0301 	orr.w	r3, r3, #1
341876fc:	4904      	ldr	r1, [pc, #16]	@ (34187710 <_malloc_trim_r+0xa4>)
341876fe:	6053      	str	r3, [r2, #4]
34187700:	4b04      	ldr	r3, [pc, #16]	@ (34187714 <_malloc_trim_r+0xa8>)
34187702:	681b      	ldr	r3, [r3, #0]
34187704:	1ac0      	subs	r0, r0, r3
34187706:	6008      	str	r0, [r1, #0]
34187708:	e7d3      	b.n	341876b2 <_malloc_trim_r+0x46>
3418770a:	bf00      	nop
3418770c:	341c0020 	.word	0x341c0020
34187710:	341c2ed0 	.word	0x341c2ed0
34187714:	341c0014 	.word	0x341c0014

34187718 <_free_r>:
34187718:	2900      	cmp	r1, #0
3418771a:	d062      	beq.n	341877e2 <_free_r+0xca>
3418771c:	e92d 41f0 	stmdb	sp!, {r4, r5, r6, r7, r8, lr}
34187720:	460c      	mov	r4, r1
34187722:	4607      	mov	r7, r0
34187724:	f7ff fb62 	bl	34186dec <__malloc_lock>
34187728:	497a      	ldr	r1, [pc, #488]	@ (34187914 <_free_r+0x1fc>)
3418772a:	f854 ec04 	ldr.w	lr, [r4, #-4]
3418772e:	f1a4 0c08 	sub.w	ip, r4, #8
34187732:	688d      	ldr	r5, [r1, #8]
34187734:	f02e 0301 	bic.w	r3, lr, #1
34187738:	f00e 0601 	and.w	r6, lr, #1
3418773c:	eb0c 0203 	add.w	r2, ip, r3
34187740:	6850      	ldr	r0, [r2, #4]
34187742:	4295      	cmp	r5, r2
34187744:	f020 0003 	bic.w	r0, r0, #3
34187748:	f000 8087 	beq.w	3418785a <_free_r+0x142>
3418774c:	1815      	adds	r5, r2, r0
3418774e:	6050      	str	r0, [r2, #4]
34187750:	686d      	ldr	r5, [r5, #4]
34187752:	f005 0501 	and.w	r5, r5, #1
34187756:	46a8      	mov	r8, r5
34187758:	bb96      	cbnz	r6, 341877c0 <_free_r+0xa8>
3418775a:	f854 4c08 	ldr.w	r4, [r4, #-8]
3418775e:	f101 0e08 	add.w	lr, r1, #8
34187762:	ebac 0c04 	sub.w	ip, ip, r4
34187766:	4423      	add	r3, r4
34187768:	f8dc 4008 	ldr.w	r4, [ip, #8]
3418776c:	4574      	cmp	r4, lr
3418776e:	d067      	beq.n	34187840 <_free_r+0x128>
34187770:	f8dc 500c 	ldr.w	r5, [ip, #12]
34187774:	60e5      	str	r5, [r4, #12]
34187776:	60ac      	str	r4, [r5, #8]
34187778:	f1b8 0f00 	cmp.w	r8, #0
3418777c:	f000 8088 	beq.w	34187890 <_free_r+0x178>
34187780:	f043 0001 	orr.w	r0, r3, #1
34187784:	f8cc 0004 	str.w	r0, [ip, #4]
34187788:	6013      	str	r3, [r2, #0]
3418778a:	f5b3 7f00 	cmp.w	r3, #512	@ 0x200
3418778e:	d232      	bcs.n	341877f6 <_free_r+0xde>
34187790:	0958      	lsrs	r0, r3, #5
34187792:	08da      	lsrs	r2, r3, #3
34187794:	2301      	movs	r3, #1
34187796:	4083      	lsls	r3, r0
34187798:	6848      	ldr	r0, [r1, #4]
3418779a:	3201      	adds	r2, #1
3418779c:	4303      	orrs	r3, r0
3418779e:	f851 0032 	ldr.w	r0, [r1, r2, lsl #3]
341877a2:	604b      	str	r3, [r1, #4]
341877a4:	eb01 03c2 	add.w	r3, r1, r2, lsl #3
341877a8:	3b08      	subs	r3, #8
341877aa:	e9cc 0302 	strd	r0, r3, [ip, #8]
341877ae:	f841 c032 	str.w	ip, [r1, r2, lsl #3]
341877b2:	f8c0 c00c 	str.w	ip, [r0, #12]
341877b6:	4638      	mov	r0, r7
341877b8:	e8bd 41f0 	ldmia.w	sp!, {r4, r5, r6, r7, r8, lr}
341877bc:	f7ff bb1c 	b.w	34186df8 <__malloc_unlock>
341877c0:	b985      	cbnz	r5, 341877e4 <_free_r+0xcc>
341877c2:	4403      	add	r3, r0
341877c4:	f101 0e08 	add.w	lr, r1, #8
341877c8:	6890      	ldr	r0, [r2, #8]
341877ca:	f043 0401 	orr.w	r4, r3, #1
341877ce:	4570      	cmp	r0, lr
341877d0:	d077      	beq.n	341878c2 <_free_r+0x1aa>
341877d2:	68d2      	ldr	r2, [r2, #12]
341877d4:	60c2      	str	r2, [r0, #12]
341877d6:	6090      	str	r0, [r2, #8]
341877d8:	f8cc 4004 	str.w	r4, [ip, #4]
341877dc:	f84c 3003 	str.w	r3, [ip, r3]
341877e0:	e7d3      	b.n	3418778a <_free_r+0x72>
341877e2:	4770      	bx	lr
341877e4:	f04e 0201 	orr.w	r2, lr, #1
341877e8:	f5b3 7f00 	cmp.w	r3, #512	@ 0x200
341877ec:	f844 2c04 	str.w	r2, [r4, #-4]
341877f0:	f84c 3003 	str.w	r3, [ip, r3]
341877f4:	d3cc      	bcc.n	34187790 <_free_r+0x78>
341877f6:	f5b3 6f20 	cmp.w	r3, #2560	@ 0xa00
341877fa:	ea4f 2253 	mov.w	r2, r3, lsr #9
341877fe:	d249      	bcs.n	34187894 <_free_r+0x17c>
34187800:	099a      	lsrs	r2, r3, #6
34187802:	f102 0039 	add.w	r0, r2, #57	@ 0x39
34187806:	f102 0438 	add.w	r4, r2, #56	@ 0x38
3418780a:	00c2      	lsls	r2, r0, #3
3418780c:	1888      	adds	r0, r1, r2
3418780e:	588a      	ldr	r2, [r1, r2]
34187810:	3808      	subs	r0, #8
34187812:	4290      	cmp	r0, r2
34187814:	d103      	bne.n	3418781e <_free_r+0x106>
34187816:	e05d      	b.n	341878d4 <_free_r+0x1bc>
34187818:	6892      	ldr	r2, [r2, #8]
3418781a:	4290      	cmp	r0, r2
3418781c:	d004      	beq.n	34187828 <_free_r+0x110>
3418781e:	6851      	ldr	r1, [r2, #4]
34187820:	f021 0103 	bic.w	r1, r1, #3
34187824:	4299      	cmp	r1, r3
34187826:	d8f7      	bhi.n	34187818 <_free_r+0x100>
34187828:	68d0      	ldr	r0, [r2, #12]
3418782a:	e9cc 2002 	strd	r2, r0, [ip, #8]
3418782e:	f8c0 c008 	str.w	ip, [r0, #8]
34187832:	4638      	mov	r0, r7
34187834:	f8c2 c00c 	str.w	ip, [r2, #12]
34187838:	e8bd 41f0 	ldmia.w	sp!, {r4, r5, r6, r7, r8, lr}
3418783c:	f7ff badc 	b.w	34186df8 <__malloc_unlock>
34187840:	bb9d      	cbnz	r5, 341878aa <_free_r+0x192>
34187842:	4418      	add	r0, r3
34187844:	e9d2 2302 	ldrd	r2, r3, [r2, #8]
34187848:	60d3      	str	r3, [r2, #12]
3418784a:	609a      	str	r2, [r3, #8]
3418784c:	f040 0301 	orr.w	r3, r0, #1
34187850:	f8cc 3004 	str.w	r3, [ip, #4]
34187854:	f84c 0000 	str.w	r0, [ip, r0]
34187858:	e7ad      	b.n	341877b6 <_free_r+0x9e>
3418785a:	4418      	add	r0, r3
3418785c:	b946      	cbnz	r6, 34187870 <_free_r+0x158>
3418785e:	f854 3c08 	ldr.w	r3, [r4, #-8]
34187862:	ebac 0c03 	sub.w	ip, ip, r3
34187866:	4418      	add	r0, r3
34187868:	e9dc 2302 	ldrd	r2, r3, [ip, #8]
3418786c:	60d3      	str	r3, [r2, #12]
3418786e:	609a      	str	r2, [r3, #8]
34187870:	f040 0301 	orr.w	r3, r0, #1
34187874:	f8cc 3004 	str.w	r3, [ip, #4]
34187878:	4b27      	ldr	r3, [pc, #156]	@ (34187918 <_free_r+0x200>)
3418787a:	f8c1 c008 	str.w	ip, [r1, #8]
3418787e:	681b      	ldr	r3, [r3, #0]
34187880:	4283      	cmp	r3, r0
34187882:	d898      	bhi.n	341877b6 <_free_r+0x9e>
34187884:	4b25      	ldr	r3, [pc, #148]	@ (3418791c <_free_r+0x204>)
34187886:	4638      	mov	r0, r7
34187888:	6819      	ldr	r1, [r3, #0]
3418788a:	f7ff feef 	bl	3418766c <_malloc_trim_r>
3418788e:	e792      	b.n	341877b6 <_free_r+0x9e>
34187890:	4403      	add	r3, r0
34187892:	e799      	b.n	341877c8 <_free_r+0xb0>
34187894:	2a14      	cmp	r2, #20
34187896:	d90e      	bls.n	341878b6 <_free_r+0x19e>
34187898:	2a54      	cmp	r2, #84	@ 0x54
3418789a:	d822      	bhi.n	341878e2 <_free_r+0x1ca>
3418789c:	0b1a      	lsrs	r2, r3, #12
3418789e:	f102 006f 	add.w	r0, r2, #111	@ 0x6f
341878a2:	f102 046e 	add.w	r4, r2, #110	@ 0x6e
341878a6:	00c2      	lsls	r2, r0, #3
341878a8:	e7b0      	b.n	3418780c <_free_r+0xf4>
341878aa:	f043 0101 	orr.w	r1, r3, #1
341878ae:	f8cc 1004 	str.w	r1, [ip, #4]
341878b2:	6013      	str	r3, [r2, #0]
341878b4:	e77f      	b.n	341877b6 <_free_r+0x9e>
341878b6:	f102 005c 	add.w	r0, r2, #92	@ 0x5c
341878ba:	f102 045b 	add.w	r4, r2, #91	@ 0x5b
341878be:	00c2      	lsls	r2, r0, #3
341878c0:	e7a4      	b.n	3418780c <_free_r+0xf4>
341878c2:	e9c1 cc04 	strd	ip, ip, [r1, #16]
341878c6:	e9cc ee02 	strd	lr, lr, [ip, #8]
341878ca:	f8cc 4004 	str.w	r4, [ip, #4]
341878ce:	f84c 3003 	str.w	r3, [ip, r3]
341878d2:	e770      	b.n	341877b6 <_free_r+0x9e>
341878d4:	10a4      	asrs	r4, r4, #2
341878d6:	2301      	movs	r3, #1
341878d8:	40a3      	lsls	r3, r4
341878da:	684c      	ldr	r4, [r1, #4]
341878dc:	4323      	orrs	r3, r4
341878de:	604b      	str	r3, [r1, #4]
341878e0:	e7a3      	b.n	3418782a <_free_r+0x112>
341878e2:	f5b2 7faa 	cmp.w	r2, #340	@ 0x154
341878e6:	d806      	bhi.n	341878f6 <_free_r+0x1de>
341878e8:	0bda      	lsrs	r2, r3, #15
341878ea:	f102 0078 	add.w	r0, r2, #120	@ 0x78
341878ee:	f102 0477 	add.w	r4, r2, #119	@ 0x77
341878f2:	00c2      	lsls	r2, r0, #3
341878f4:	e78a      	b.n	3418780c <_free_r+0xf4>
341878f6:	f240 5054 	movw	r0, #1364	@ 0x554
341878fa:	4282      	cmp	r2, r0
341878fc:	d806      	bhi.n	3418790c <_free_r+0x1f4>
341878fe:	0c9a      	lsrs	r2, r3, #18
34187900:	f102 007d 	add.w	r0, r2, #125	@ 0x7d
34187904:	f102 047c 	add.w	r4, r2, #124	@ 0x7c
34187908:	00c2      	lsls	r2, r0, #3
3418790a:	e77f      	b.n	3418780c <_free_r+0xf4>
3418790c:	f44f 727e 	mov.w	r2, #1016	@ 0x3f8
34187910:	247e      	movs	r4, #126	@ 0x7e
34187912:	e77b      	b.n	3418780c <_free_r+0xf4>
34187914:	341c0020 	.word	0x341c0020
34187918:	341c0018 	.word	0x341c0018
3418791c:	341c2f00 	.word	0x341c2f00

34187920 <_svfprintf_r>:
34187920:	e92d 4ff0 	stmdb	sp!, {r4, r5, r6, r7, r8, r9, sl, fp, lr}
34187924:	ed2d 8b02 	vpush	{d8}
34187928:	b0d3      	sub	sp, #332	@ 0x14c
3418792a:	460c      	mov	r4, r1
3418792c:	4683      	mov	fp, r0
3418792e:	930b      	str	r3, [sp, #44]	@ 0x2c
34187930:	f10d 0988 	add.w	r9, sp, #136	@ 0x88
34187934:	e9cd 1205 	strd	r1, r2, [sp, #20]
34187938:	f004 fe3e 	bl	3418c5b8 <_localeconv_r>
3418793c:	6803      	ldr	r3, [r0, #0]
3418793e:	4618      	mov	r0, r3
34187940:	9312      	str	r3, [sp, #72]	@ 0x48
34187942:	f7ff fe19 	bl	34187578 <strlen>
34187946:	2100      	movs	r1, #0
34187948:	9011      	str	r0, [sp, #68]	@ 0x44
3418794a:	2208      	movs	r2, #8
3418794c:	4648      	mov	r0, r9
3418794e:	f7ff fcf1 	bl	34187334 <memset>
34187952:	89a3      	ldrh	r3, [r4, #12]
34187954:	0619      	lsls	r1, r3, #24
34187956:	d503      	bpl.n	34187960 <_svfprintf_r+0x40>
34187958:	6923      	ldr	r3, [r4, #16]
3418795a:	2b00      	cmp	r3, #0
3418795c:	f001 8100 	beq.w	34188b60 <_svfprintf_r+0x1240>
34187960:	aa29      	add	r2, sp, #164	@ 0xa4
34187962:	2300      	movs	r3, #0
34187964:	ed9f 8b72 	vldr	d8, [pc, #456]	@ 34187b30 <_svfprintf_r+0x210>
34187968:	4617      	mov	r7, r2
3418796a:	930f      	str	r3, [sp, #60]	@ 0x3c
3418796c:	9226      	str	r2, [sp, #152]	@ 0x98
3418796e:	9313      	str	r3, [sp, #76]	@ 0x4c
34187970:	9316      	str	r3, [sp, #88]	@ 0x58
34187972:	9307      	str	r3, [sp, #28]
34187974:	e9cd 3327 	strd	r3, r3, [sp, #156]	@ 0x9c
34187978:	e9cd 3314 	strd	r3, r3, [sp, #80]	@ 0x50
3418797c:	9d06      	ldr	r5, [sp, #24]
3418797e:	4b6e      	ldr	r3, [pc, #440]	@ (34187b38 <_svfprintf_r+0x218>)
34187980:	f8d3 41cc 	ldr.w	r4, [r3, #460]	@ 0x1cc
34187984:	f004 fe12 	bl	3418c5ac <__locale_mb_cur_max>
34187988:	462a      	mov	r2, r5
3418798a:	4603      	mov	r3, r0
3418798c:	a91c      	add	r1, sp, #112	@ 0x70
3418798e:	4658      	mov	r0, fp
34187990:	f8cd 9000 	str.w	r9, [sp]
34187994:	47a0      	blx	r4
34187996:	2800      	cmp	r0, #0
34187998:	4603      	mov	r3, r0
3418799a:	f000 8097 	beq.w	34187acc <_svfprintf_r+0x1ac>
3418799e:	f2c0 808d 	blt.w	34187abc <_svfprintf_r+0x19c>
341879a2:	9a1c      	ldr	r2, [sp, #112]	@ 0x70
341879a4:	2a25      	cmp	r2, #37	@ 0x25
341879a6:	d001      	beq.n	341879ac <_svfprintf_r+0x8c>
341879a8:	441d      	add	r5, r3
341879aa:	e7e8      	b.n	3418797e <_svfprintf_r+0x5e>
341879ac:	9b06      	ldr	r3, [sp, #24]
341879ae:	4604      	mov	r4, r0
341879b0:	1aee      	subs	r6, r5, r3
341879b2:	f040 808f 	bne.w	34187ad4 <_svfprintf_r+0x1b4>
341879b6:	2300      	movs	r3, #0
341879b8:	786c      	ldrb	r4, [r5, #1]
341879ba:	f04f 3aff 	mov.w	sl, #4294967295	@ 0xffffffff
341879be:	3501      	adds	r5, #1
341879c0:	f88d 3067 	strb.w	r3, [sp, #103]	@ 0x67
341879c4:	9308      	str	r3, [sp, #32]
341879c6:	9304      	str	r3, [sp, #16]
341879c8:	3501      	adds	r5, #1
341879ca:	f1a4 0320 	sub.w	r3, r4, #32
341879ce:	2b5a      	cmp	r3, #90	@ 0x5a
341879d0:	f200 80b4 	bhi.w	34187b3c <_svfprintf_r+0x21c>
341879d4:	e8df f013 	tbh	[pc, r3, lsl #1]
341879d8:	00b203b6 	.word	0x00b203b6
341879dc:	03b000b2 	.word	0x03b000b2
341879e0:	00b200b2 	.word	0x00b200b2
341879e4:	039100b2 	.word	0x039100b2
341879e8:	00b200b2 	.word	0x00b200b2
341879ec:	023d022c 	.word	0x023d022c
341879f0:	023700b2 	.word	0x023700b2
341879f4:	00b203c6 	.word	0x00b203c6
341879f8:	005b03c0 	.word	0x005b03c0
341879fc:	005b005b 	.word	0x005b005b
34187a00:	005b005b 	.word	0x005b005b
34187a04:	005b005b 	.word	0x005b005b
34187a08:	005b005b 	.word	0x005b005b
34187a0c:	00b200b2 	.word	0x00b200b2
34187a10:	00b200b2 	.word	0x00b200b2
34187a14:	00b200b2 	.word	0x00b200b2
34187a18:	012800b2 	.word	0x012800b2
34187a1c:	018300b2 	.word	0x018300b2
34187a20:	012802f5 	.word	0x012802f5
34187a24:	01280128 	.word	0x01280128
34187a28:	00b200b2 	.word	0x00b200b2
34187a2c:	00b200b2 	.word	0x00b200b2
34187a30:	00b202ef 	.word	0x00b202ef
34187a34:	02ba00b2 	.word	0x02ba00b2
34187a38:	00b200b2 	.word	0x00b200b2
34187a3c:	01ab00b2 	.word	0x01ab00b2
34187a40:	03e100b2 	.word	0x03e100b2
34187a44:	00b200b2 	.word	0x00b200b2
34187a48:	00b20853 	.word	0x00b20853
34187a4c:	00b200b2 	.word	0x00b200b2
34187a50:	00b200b2 	.word	0x00b200b2
34187a54:	00b200b2 	.word	0x00b200b2
34187a58:	012800b2 	.word	0x012800b2
34187a5c:	018300b2 	.word	0x018300b2
34187a60:	01280151 	.word	0x01280151
34187a64:	01280128 	.word	0x01280128
34187a68:	01510242 	.word	0x01510242
34187a6c:	00b2006c 	.word	0x00b2006c
34187a70:	00b2025a 	.word	0x00b2025a
34187a74:	028c024b 	.word	0x028c024b
34187a78:	006c0263 	.word	0x006c0263
34187a7c:	01ab00b2 	.word	0x01ab00b2
34187a80:	01e3006a 	.word	0x01e3006a
34187a84:	00b200b2 	.word	0x00b200b2
34187a88:	00b2087d 	.word	0x00b2087d
34187a8c:	006a      	.short	0x006a
34187a8e:	f1a4 0330 	sub.w	r3, r4, #48	@ 0x30
34187a92:	2200      	movs	r2, #0
34187a94:	eb02 0282 	add.w	r2, r2, r2, lsl #2
34187a98:	f815 4b01 	ldrb.w	r4, [r5], #1
34187a9c:	eb03 0242 	add.w	r2, r3, r2, lsl #1
34187aa0:	f1a4 0330 	sub.w	r3, r4, #48	@ 0x30
34187aa4:	2b09      	cmp	r3, #9
34187aa6:	d9f5      	bls.n	34187a94 <_svfprintf_r+0x174>
34187aa8:	9208      	str	r2, [sp, #32]
34187aaa:	e78e      	b.n	341879ca <_svfprintf_r+0xaa>
34187aac:	782c      	ldrb	r4, [r5, #0]
34187aae:	e78b      	b.n	341879c8 <_svfprintf_r+0xa8>
34187ab0:	9b04      	ldr	r3, [sp, #16]
34187ab2:	782c      	ldrb	r4, [r5, #0]
34187ab4:	f043 0320 	orr.w	r3, r3, #32
34187ab8:	9304      	str	r3, [sp, #16]
34187aba:	e785      	b.n	341879c8 <_svfprintf_r+0xa8>
34187abc:	2208      	movs	r2, #8
34187abe:	2100      	movs	r1, #0
34187ac0:	4648      	mov	r0, r9
34187ac2:	f7ff fc37 	bl	34187334 <memset>
34187ac6:	2301      	movs	r3, #1
34187ac8:	441d      	add	r5, r3
34187aca:	e758      	b.n	3418797e <_svfprintf_r+0x5e>
34187acc:	9b06      	ldr	r3, [sp, #24]
34187ace:	4604      	mov	r4, r0
34187ad0:	1aee      	subs	r6, r5, r3
34187ad2:	d011      	beq.n	34187af8 <_svfprintf_r+0x1d8>
34187ad4:	9b06      	ldr	r3, [sp, #24]
34187ad6:	9927      	ldr	r1, [sp, #156]	@ 0x9c
34187ad8:	e9c7 3600 	strd	r3, r6, [r7]
34187adc:	3101      	adds	r1, #1
34187ade:	9b28      	ldr	r3, [sp, #160]	@ 0xa0
34187ae0:	2907      	cmp	r1, #7
34187ae2:	4433      	add	r3, r6
34187ae4:	9127      	str	r1, [sp, #156]	@ 0x9c
34187ae6:	9328      	str	r3, [sp, #160]	@ 0xa0
34187ae8:	dc17      	bgt.n	34187b1a <_svfprintf_r+0x1fa>
34187aea:	3708      	adds	r7, #8
34187aec:	9b07      	ldr	r3, [sp, #28]
34187aee:	4433      	add	r3, r6
34187af0:	9307      	str	r3, [sp, #28]
34187af2:	2c00      	cmp	r4, #0
34187af4:	f47f af5f 	bne.w	341879b6 <_svfprintf_r+0x96>
34187af8:	9b28      	ldr	r3, [sp, #160]	@ 0xa0
34187afa:	2b00      	cmp	r3, #0
34187afc:	f041 8348 	bne.w	34189190 <_svfprintf_r+0x1870>
34187b00:	9b05      	ldr	r3, [sp, #20]
34187b02:	899b      	ldrh	r3, [r3, #12]
34187b04:	f003 0340 	and.w	r3, r3, #64	@ 0x40
34187b08:	2b00      	cmp	r3, #0
34187b0a:	f041 86be 	bne.w	3418988a <_svfprintf_r+0x1f6a>
34187b0e:	9807      	ldr	r0, [sp, #28]
34187b10:	b053      	add	sp, #332	@ 0x14c
34187b12:	ecbd 8b02 	vpop	{d8}
34187b16:	e8bd 8ff0 	ldmia.w	sp!, {r4, r5, r6, r7, r8, r9, sl, fp, pc}
34187b1a:	aa26      	add	r2, sp, #152	@ 0x98
34187b1c:	9905      	ldr	r1, [sp, #20]
34187b1e:	4658      	mov	r0, fp
34187b20:	f004 fb36 	bl	3418c190 <__ssprint_r>
34187b24:	2800      	cmp	r0, #0
34187b26:	d1eb      	bne.n	34187b00 <_svfprintf_r+0x1e0>
34187b28:	af29      	add	r7, sp, #164	@ 0xa4
34187b2a:	e7df      	b.n	34187aec <_svfprintf_r+0x1cc>
34187b2c:	f3af 8000 	nop.w
	...
34187b38:	341c063c 	.word	0x341c063c
34187b3c:	9506      	str	r5, [sp, #24]
34187b3e:	2c00      	cmp	r4, #0
34187b40:	d0da      	beq.n	34187af8 <_svfprintf_r+0x1d8>
34187b42:	2300      	movs	r3, #0
34187b44:	2201      	movs	r2, #1
34187b46:	ad39      	add	r5, sp, #228	@ 0xe4
34187b48:	f88d 40e4 	strb.w	r4, [sp, #228]	@ 0xe4
34187b4c:	f88d 3067 	strb.w	r3, [sp, #103]	@ 0x67
34187b50:	9309      	str	r3, [sp, #36]	@ 0x24
34187b52:	920a      	str	r2, [sp, #40]	@ 0x28
34187b54:	469a      	mov	sl, r3
34187b56:	9310      	str	r3, [sp, #64]	@ 0x40
34187b58:	9202      	str	r2, [sp, #8]
34187b5a:	e9cd 330d 	strd	r3, r3, [sp, #52]	@ 0x34
34187b5e:	9904      	ldr	r1, [sp, #16]
34187b60:	9a28      	ldr	r2, [sp, #160]	@ 0xa0
34187b62:	f011 0184 	ands.w	r1, r1, #132	@ 0x84
34187b66:	4696      	mov	lr, r2
34187b68:	910c      	str	r1, [sp, #48]	@ 0x30
34187b6a:	f000 842c 	beq.w	341883c6 <_svfprintf_r+0xaa6>
34187b6e:	f89d 3067 	ldrb.w	r3, [sp, #103]	@ 0x67
34187b72:	b30b      	cbz	r3, 34187bb8 <_svfprintf_r+0x298>
34187b74:	f8dd c09c 	ldr.w	ip, [sp, #156]	@ 0x9c
34187b78:	2600      	movs	r6, #0
34187b7a:	f10c 0301 	add.w	r3, ip, #1
34187b7e:	2101      	movs	r1, #1
34187b80:	3201      	adds	r2, #1
34187b82:	6079      	str	r1, [r7, #4]
34187b84:	2b07      	cmp	r3, #7
34187b86:	f10d 0167 	add.w	r1, sp, #103	@ 0x67
34187b8a:	e9cd 3227 	strd	r3, r2, [sp, #156]	@ 0x9c
34187b8e:	6039      	str	r1, [r7, #0]
34187b90:	f300 849b 	bgt.w	341884ca <_svfprintf_r+0xbaa>
34187b94:	3708      	adds	r7, #8
34187b96:	b17e      	cbz	r6, 34187bb8 <_svfprintf_r+0x298>
34187b98:	f8dd c09c 	ldr.w	ip, [sp, #156]	@ 0x9c
34187b9c:	f10c 0301 	add.w	r3, ip, #1
34187ba0:	a91a      	add	r1, sp, #104	@ 0x68
34187ba2:	3202      	adds	r2, #2
34187ba4:	6039      	str	r1, [r7, #0]
34187ba6:	2b07      	cmp	r3, #7
34187ba8:	f04f 0102 	mov.w	r1, #2
34187bac:	e9cd 3227 	strd	r3, r2, [sp, #156]	@ 0x9c
34187bb0:	6079      	str	r1, [r7, #4]
34187bb2:	f300 8496 	bgt.w	341884e2 <_svfprintf_r+0xbc2>
34187bb6:	3708      	adds	r7, #8
34187bb8:	9b0c      	ldr	r3, [sp, #48]	@ 0x30
34187bba:	2b80      	cmp	r3, #128	@ 0x80
34187bbc:	f000 835e 	beq.w	3418827c <_svfprintf_r+0x95c>
34187bc0:	9b0a      	ldr	r3, [sp, #40]	@ 0x28
34187bc2:	ebaa 0603 	sub.w	r6, sl, r3
34187bc6:	2e00      	cmp	r6, #0
34187bc8:	f300 8399 	bgt.w	341882fe <_svfprintf_r+0x9de>
34187bcc:	9b04      	ldr	r3, [sp, #16]
34187bce:	05de      	lsls	r6, r3, #23
34187bd0:	f100 8304 	bmi.w	341881dc <_svfprintf_r+0x8bc>
34187bd4:	9b0a      	ldr	r3, [sp, #40]	@ 0x28
34187bd6:	603d      	str	r5, [r7, #0]
34187bd8:	441a      	add	r2, r3
34187bda:	607b      	str	r3, [r7, #4]
34187bdc:	9b27      	ldr	r3, [sp, #156]	@ 0x9c
34187bde:	9228      	str	r2, [sp, #160]	@ 0xa0
34187be0:	3301      	adds	r3, #1
34187be2:	2b07      	cmp	r3, #7
34187be4:	9327      	str	r3, [sp, #156]	@ 0x9c
34187be6:	f300 8426 	bgt.w	34188436 <_svfprintf_r+0xb16>
34187bea:	3708      	adds	r7, #8
34187bec:	9b04      	ldr	r3, [sp, #16]
34187bee:	0759      	lsls	r1, r3, #29
34187bf0:	d505      	bpl.n	34187bfe <_svfprintf_r+0x2de>
34187bf2:	9b08      	ldr	r3, [sp, #32]
34187bf4:	9902      	ldr	r1, [sp, #8]
34187bf6:	1a5c      	subs	r4, r3, r1
34187bf8:	2c00      	cmp	r4, #0
34187bfa:	f300 847e 	bgt.w	341884fa <_svfprintf_r+0xbda>
34187bfe:	9802      	ldr	r0, [sp, #8]
34187c00:	e9dd 3107 	ldrd	r3, r1, [sp, #28]
34187c04:	4281      	cmp	r1, r0
34187c06:	bfac      	ite	ge
34187c08:	185b      	addge	r3, r3, r1
34187c0a:	181b      	addlt	r3, r3, r0
34187c0c:	9307      	str	r3, [sp, #28]
34187c0e:	2a00      	cmp	r2, #0
34187c10:	f040 83b3 	bne.w	3418837a <_svfprintf_r+0xa5a>
34187c14:	2300      	movs	r3, #0
34187c16:	9327      	str	r3, [sp, #156]	@ 0x9c
34187c18:	9b09      	ldr	r3, [sp, #36]	@ 0x24
34187c1a:	b11b      	cbz	r3, 34187c24 <_svfprintf_r+0x304>
34187c1c:	9909      	ldr	r1, [sp, #36]	@ 0x24
34187c1e:	4658      	mov	r0, fp
34187c20:	f7ff fd7a 	bl	34187718 <_free_r>
34187c24:	af29      	add	r7, sp, #164	@ 0xa4
34187c26:	e6a9      	b.n	3418797c <_svfprintf_r+0x5c>
34187c28:	9b0b      	ldr	r3, [sp, #44]	@ 0x2c
34187c2a:	9506      	str	r5, [sp, #24]
34187c2c:	3307      	adds	r3, #7
34187c2e:	f023 0307 	bic.w	r3, r3, #7
34187c32:	ecb3 8b02 	vldmia	r3!, {d8}
34187c36:	ed9f 7baa 	vldr	d7, [pc, #680]	@ 34187ee0 <_svfprintf_r+0x5c0>
34187c3a:	eeb0 6bc8 	vabs.f64	d6, d8
34187c3e:	930b      	str	r3, [sp, #44]	@ 0x2c
34187c40:	eeb4 6b47 	vcmp.f64	d6, d7
34187c44:	eef1 fa10 	vmrs	APSR_nzcv, fpscr
34187c48:	f340 8615 	ble.w	34188876 <_svfprintf_r+0xf56>
34187c4c:	eeb5 8bc0 	vcmpe.f64	d8, #0.0
34187c50:	9b04      	ldr	r3, [sp, #16]
34187c52:	f023 0380 	bic.w	r3, r3, #128	@ 0x80
34187c56:	eef1 fa10 	vmrs	APSR_nzcv, fpscr
34187c5a:	9304      	str	r3, [sp, #16]
34187c5c:	f101 81cb 	bmi.w	34188ff6 <_svfprintf_r+0x16d6>
34187c60:	2c47      	cmp	r4, #71	@ 0x47
34187c62:	f89d 3067 	ldrb.w	r3, [sp, #103]	@ 0x67
34187c66:	bfcc      	ite	gt
34187c68:	4d9f      	ldrgt	r5, [pc, #636]	@ (34187ee8 <_svfprintf_r+0x5c8>)
34187c6a:	4da0      	ldrle	r5, [pc, #640]	@ (34187eec <_svfprintf_r+0x5cc>)
34187c6c:	2b00      	cmp	r3, #0
34187c6e:	f041 84d4 	bne.w	3418961a <_svfprintf_r+0x1cfa>
34187c72:	2203      	movs	r2, #3
34187c74:	9309      	str	r3, [sp, #36]	@ 0x24
34187c76:	920a      	str	r2, [sp, #40]	@ 0x28
34187c78:	e76c      	b.n	34187b54 <_svfprintf_r+0x234>
34187c7a:	9904      	ldr	r1, [sp, #16]
34187c7c:	9506      	str	r5, [sp, #24]
34187c7e:	068e      	lsls	r6, r1, #26
34187c80:	f140 85e7 	bpl.w	34188852 <_svfprintf_r+0xf32>
34187c84:	9b0b      	ldr	r3, [sp, #44]	@ 0x2c
34187c86:	9104      	str	r1, [sp, #16]
34187c88:	3307      	adds	r3, #7
34187c8a:	f023 0207 	bic.w	r2, r3, #7
34187c8e:	6853      	ldr	r3, [r2, #4]
34187c90:	f852 6b08 	ldr.w	r6, [r2], #8
34187c94:	4698      	mov	r8, r3
34187c96:	920b      	str	r2, [sp, #44]	@ 0x2c
34187c98:	2b00      	cmp	r3, #0
34187c9a:	f2c0 81a5 	blt.w	34187fe8 <_svfprintf_r+0x6c8>
34187c9e:	f1ba 0f00 	cmp.w	sl, #0
34187ca2:	f2c0 8092 	blt.w	34187dca <_svfprintf_r+0x4aa>
34187ca6:	9b04      	ldr	r3, [sp, #16]
34187ca8:	f023 0380 	bic.w	r3, r3, #128	@ 0x80
34187cac:	9304      	str	r3, [sp, #16]
34187cae:	ea56 0308 	orrs.w	r3, r6, r8
34187cb2:	f040 808a 	bne.w	34187dca <_svfprintf_r+0x4aa>
34187cb6:	f1ba 0f00 	cmp.w	sl, #0
34187cba:	f040 8086 	bne.w	34187dca <_svfprintf_r+0x4aa>
34187cbe:	f89d 0067 	ldrb.w	r0, [sp, #103]	@ 0x67
34187cc2:	2800      	cmp	r0, #0
34187cc4:	f001 818c 	beq.w	34188fe0 <_svfprintf_r+0x16c0>
34187cc8:	f1ba 0300 	subs.w	r3, sl, #0
34187ccc:	ad52      	add	r5, sp, #328	@ 0x148
34187cce:	bf18      	it	ne
34187cd0:	2301      	movne	r3, #1
34187cd2:	469a      	mov	sl, r3
34187cd4:	9302      	str	r3, [sp, #8]
34187cd6:	930d      	str	r3, [sp, #52]	@ 0x34
34187cd8:	e9cd 3309 	strd	r3, r3, [sp, #36]	@ 0x24
34187cdc:	e08d      	b.n	34187dfa <_svfprintf_r+0x4da>
34187cde:	2c43      	cmp	r4, #67	@ 0x43
34187ce0:	9506      	str	r5, [sp, #24]
34187ce2:	d003      	beq.n	34187cec <_svfprintf_r+0x3cc>
34187ce4:	9b04      	ldr	r3, [sp, #16]
34187ce6:	06da      	lsls	r2, r3, #27
34187ce8:	f140 8716 	bpl.w	34188b18 <_svfprintf_r+0x11f8>
34187cec:	2208      	movs	r2, #8
34187cee:	2100      	movs	r1, #0
34187cf0:	a824      	add	r0, sp, #144	@ 0x90
34187cf2:	ad39      	add	r5, sp, #228	@ 0xe4
34187cf4:	f7ff fb1e 	bl	34187334 <memset>
34187cf8:	9a0b      	ldr	r2, [sp, #44]	@ 0x2c
34187cfa:	ab24      	add	r3, sp, #144	@ 0x90
34187cfc:	4658      	mov	r0, fp
34187cfe:	6812      	ldr	r2, [r2, #0]
34187d00:	4629      	mov	r1, r5
34187d02:	f004 fcf5 	bl	3418c6f0 <_wcrtomb_r>
34187d06:	900a      	str	r0, [sp, #40]	@ 0x28
34187d08:	3001      	adds	r0, #1
34187d0a:	f001 85b9 	beq.w	34189880 <_svfprintf_r+0x1f60>
34187d0e:	9b0a      	ldr	r3, [sp, #40]	@ 0x28
34187d10:	ea23 73e3 	bic.w	r3, r3, r3, asr #31
34187d14:	9302      	str	r3, [sp, #8]
34187d16:	9b0b      	ldr	r3, [sp, #44]	@ 0x2c
34187d18:	3304      	adds	r3, #4
34187d1a:	930b      	str	r3, [sp, #44]	@ 0x2c
34187d1c:	2300      	movs	r3, #0
34187d1e:	469a      	mov	sl, r3
34187d20:	f88d 3067 	strb.w	r3, [sp, #103]	@ 0x67
34187d24:	9309      	str	r3, [sp, #36]	@ 0x24
34187d26:	9310      	str	r3, [sp, #64]	@ 0x40
34187d28:	e9cd 330d 	strd	r3, r3, [sp, #52]	@ 0x34
34187d2c:	e717      	b.n	34187b5e <_svfprintf_r+0x23e>
34187d2e:	f8dd 802c 	ldr.w	r8, [sp, #44]	@ 0x2c
34187d32:	2300      	movs	r3, #0
34187d34:	9506      	str	r5, [sp, #24]
34187d36:	f858 5b04 	ldr.w	r5, [r8], #4
34187d3a:	f88d 3067 	strb.w	r3, [sp, #103]	@ 0x67
34187d3e:	2d00      	cmp	r5, #0
34187d40:	f000 871d 	beq.w	34188b7e <_svfprintf_r+0x125e>
34187d44:	2c53      	cmp	r4, #83	@ 0x53
34187d46:	f001 8039 	beq.w	34188dbc <_svfprintf_r+0x149c>
34187d4a:	9b04      	ldr	r3, [sp, #16]
34187d4c:	f013 0310 	ands.w	r3, r3, #16
34187d50:	930d      	str	r3, [sp, #52]	@ 0x34
34187d52:	f041 8033 	bne.w	34188dbc <_svfprintf_r+0x149c>
34187d56:	f1ba 0f00 	cmp.w	sl, #0
34187d5a:	f2c1 820b 	blt.w	34189174 <_svfprintf_r+0x1854>
34187d5e:	4652      	mov	r2, sl
34187d60:	990d      	ldr	r1, [sp, #52]	@ 0x34
34187d62:	4628      	mov	r0, r5
34187d64:	f004 fc7a 	bl	3418c65c <memchr>
34187d68:	f89d 3067 	ldrb.w	r3, [sp, #103]	@ 0x67
34187d6c:	9009      	str	r0, [sp, #36]	@ 0x24
34187d6e:	2800      	cmp	r0, #0
34187d70:	f001 8471 	beq.w	34189656 <_svfprintf_r+0x1d36>
34187d74:	9a09      	ldr	r2, [sp, #36]	@ 0x24
34187d76:	1b52      	subs	r2, r2, r5
34187d78:	920a      	str	r2, [sp, #40]	@ 0x28
34187d7a:	ea22 72e2 	bic.w	r2, r2, r2, asr #31
34187d7e:	9202      	str	r2, [sp, #8]
34187d80:	b10b      	cbz	r3, 34187d86 <_svfprintf_r+0x466>
34187d82:	3201      	adds	r2, #1
34187d84:	9202      	str	r2, [sp, #8]
34187d86:	f8dd a034 	ldr.w	sl, [sp, #52]	@ 0x34
34187d8a:	2473      	movs	r4, #115	@ 0x73
34187d8c:	f8cd 802c 	str.w	r8, [sp, #44]	@ 0x2c
34187d90:	f8cd a040 	str.w	sl, [sp, #64]	@ 0x40
34187d94:	f8cd a038 	str.w	sl, [sp, #56]	@ 0x38
34187d98:	f8cd a024 	str.w	sl, [sp, #36]	@ 0x24
34187d9c:	e6df      	b.n	34187b5e <_svfprintf_r+0x23e>
34187d9e:	9b04      	ldr	r3, [sp, #16]
34187da0:	9506      	str	r5, [sp, #24]
34187da2:	069a      	lsls	r2, r3, #26
34187da4:	f140 862d 	bpl.w	34188a02 <_svfprintf_r+0x10e2>
34187da8:	4619      	mov	r1, r3
34187daa:	9b0b      	ldr	r3, [sp, #44]	@ 0x2c
34187dac:	2200      	movs	r2, #0
34187dae:	3307      	adds	r3, #7
34187db0:	4592      	cmp	sl, r2
34187db2:	f88d 2067 	strb.w	r2, [sp, #103]	@ 0x67
34187db6:	f023 0307 	bic.w	r3, r3, #7
34187dba:	f8d3 8004 	ldr.w	r8, [r3, #4]
34187dbe:	f853 6b08 	ldr.w	r6, [r3], #8
34187dc2:	930b      	str	r3, [sp, #44]	@ 0x2c
34187dc4:	f280 8512 	bge.w	341887ec <_svfprintf_r+0xecc>
34187dc8:	9104      	str	r1, [sp, #16]
34187dca:	2e0a      	cmp	r6, #10
34187dcc:	f178 0300 	sbcs.w	r3, r8, #0
34187dd0:	f080 811e 	bcs.w	34188010 <_svfprintf_r+0x6f0>
34187dd4:	4653      	mov	r3, sl
34187dd6:	3630      	adds	r6, #48	@ 0x30
34187dd8:	f89d 0067 	ldrb.w	r0, [sp, #103]	@ 0x67
34187ddc:	f20d 1547 	addw	r5, sp, #327	@ 0x147
34187de0:	2b01      	cmp	r3, #1
34187de2:	f88d 6147 	strb.w	r6, [sp, #327]	@ 0x147
34187de6:	bfb8      	it	lt
34187de8:	2301      	movlt	r3, #1
34187dea:	9302      	str	r3, [sp, #8]
34187dec:	2300      	movs	r3, #0
34187dee:	930d      	str	r3, [sp, #52]	@ 0x34
34187df0:	2301      	movs	r3, #1
34187df2:	930a      	str	r3, [sp, #40]	@ 0x28
34187df4:	2300      	movs	r3, #0
34187df6:	9309      	str	r3, [sp, #36]	@ 0x24
34187df8:	b110      	cbz	r0, 34187e00 <_svfprintf_r+0x4e0>
34187dfa:	9b02      	ldr	r3, [sp, #8]
34187dfc:	3301      	adds	r3, #1
34187dfe:	9302      	str	r3, [sp, #8]
34187e00:	9b0d      	ldr	r3, [sp, #52]	@ 0x34
34187e02:	2b00      	cmp	r3, #0
34187e04:	f001 8585 	beq.w	34189912 <_svfprintf_r+0x1ff2>
34187e08:	9b02      	ldr	r3, [sp, #8]
34187e0a:	9e04      	ldr	r6, [sp, #16]
34187e0c:	3302      	adds	r3, #2
34187e0e:	f016 0684 	ands.w	r6, r6, #132	@ 0x84
34187e12:	9302      	str	r3, [sp, #8]
34187e14:	960c      	str	r6, [sp, #48]	@ 0x30
34187e16:	e9dd c227 	ldrd	ip, r2, [sp, #156]	@ 0x9c
34187e1a:	4696      	mov	lr, r2
34187e1c:	4661      	mov	r1, ip
34187e1e:	f000 82c2 	beq.w	341883a6 <_svfprintf_r+0xa86>
34187e22:	2800      	cmp	r0, #0
34187e24:	f040 83a2 	bne.w	3418856c <_svfprintf_r+0xc4c>
34187e28:	9010      	str	r0, [sp, #64]	@ 0x40
34187e2a:	e9cd 000d 	strd	r0, r0, [sp, #52]	@ 0x34
34187e2e:	e6b5      	b.n	34187b9c <_svfprintf_r+0x27c>
34187e30:	9b0b      	ldr	r3, [sp, #44]	@ 0x2c
34187e32:	f853 2b04 	ldr.w	r2, [r3], #4
34187e36:	2a00      	cmp	r2, #0
34187e38:	9208      	str	r2, [sp, #32]
34187e3a:	f280 84ef 	bge.w	3418881c <_svfprintf_r+0xefc>
34187e3e:	9a08      	ldr	r2, [sp, #32]
34187e40:	930b      	str	r3, [sp, #44]	@ 0x2c
34187e42:	4252      	negs	r2, r2
34187e44:	9208      	str	r2, [sp, #32]
34187e46:	9b04      	ldr	r3, [sp, #16]
34187e48:	782c      	ldrb	r4, [r5, #0]
34187e4a:	f043 0304 	orr.w	r3, r3, #4
34187e4e:	9304      	str	r3, [sp, #16]
34187e50:	e5ba      	b.n	341879c8 <_svfprintf_r+0xa8>
34187e52:	232b      	movs	r3, #43	@ 0x2b
34187e54:	782c      	ldrb	r4, [r5, #0]
34187e56:	f88d 3067 	strb.w	r3, [sp, #103]	@ 0x67
34187e5a:	e5b5      	b.n	341879c8 <_svfprintf_r+0xa8>
34187e5c:	782c      	ldrb	r4, [r5, #0]
34187e5e:	9b04      	ldr	r3, [sp, #16]
34187e60:	2c68      	cmp	r4, #104	@ 0x68
34187e62:	f000 8676 	beq.w	34188b52 <_svfprintf_r+0x1232>
34187e66:	f043 0340 	orr.w	r3, r3, #64	@ 0x40
34187e6a:	9304      	str	r3, [sp, #16]
34187e6c:	e5ac      	b.n	341879c8 <_svfprintf_r+0xa8>
34187e6e:	9904      	ldr	r1, [sp, #16]
34187e70:	9a0b      	ldr	r2, [sp, #44]	@ 0x2c
34187e72:	068c      	lsls	r4, r1, #26
34187e74:	9506      	str	r5, [sp, #24]
34187e76:	f102 0304 	add.w	r3, r2, #4
34187e7a:	f140 84d8 	bpl.w	3418882e <_svfprintf_r+0xf0e>
34187e7e:	6812      	ldr	r2, [r2, #0]
34187e80:	9907      	ldr	r1, [sp, #28]
34187e82:	6011      	str	r1, [r2, #0]
34187e84:	17c9      	asrs	r1, r1, #31
34187e86:	6051      	str	r1, [r2, #4]
34187e88:	930b      	str	r3, [sp, #44]	@ 0x2c
34187e8a:	e577      	b.n	3418797c <_svfprintf_r+0x5c>
34187e8c:	782c      	ldrb	r4, [r5, #0]
34187e8e:	9b04      	ldr	r3, [sp, #16]
34187e90:	2c6c      	cmp	r4, #108	@ 0x6c
34187e92:	f000 8657 	beq.w	34188b44 <_svfprintf_r+0x1224>
34187e96:	f043 0310 	orr.w	r3, r3, #16
34187e9a:	9304      	str	r3, [sp, #16]
34187e9c:	e594      	b.n	341879c8 <_svfprintf_r+0xa8>
34187e9e:	2100      	movs	r1, #0
34187ea0:	9a0b      	ldr	r2, [sp, #44]	@ 0x2c
34187ea2:	f647 0330 	movw	r3, #30768	@ 0x7830
34187ea6:	9506      	str	r5, [sp, #24]
34187ea8:	f852 0b04 	ldr.w	r0, [r2], #4
34187eac:	458a      	cmp	sl, r1
34187eae:	f8ad 3068 	strh.w	r3, [sp, #104]	@ 0x68
34187eb2:	f88d 1067 	strb.w	r1, [sp, #103]	@ 0x67
34187eb6:	4603      	mov	r3, r0
34187eb8:	f2c0 860e 	blt.w	34188ad8 <_svfprintf_r+0x11b8>
34187ebc:	9c04      	ldr	r4, [sp, #16]
34187ebe:	f024 0480 	bic.w	r4, r4, #128	@ 0x80
34187ec2:	f044 0402 	orr.w	r4, r4, #2
34187ec6:	9404      	str	r4, [sp, #16]
34187ec8:	f040 87c5 	bne.w	34188e56 <_svfprintf_r+0x1536>
34187ecc:	2800      	cmp	r0, #0
34187ece:	f040 87c2 	bne.w	34188e56 <_svfprintf_r+0x1536>
34187ed2:	2302      	movs	r3, #2
34187ed4:	2478      	movs	r4, #120	@ 0x78
34187ed6:	920b      	str	r2, [sp, #44]	@ 0x2c
34187ed8:	930d      	str	r3, [sp, #52]	@ 0x34
34187eda:	f000 bc94 	b.w	34188806 <_svfprintf_r+0xee6>
34187ede:	bf00      	nop
34187ee0:	ffffffff 	.word	0xffffffff
34187ee4:	7fefffff 	.word	0x7fefffff
34187ee8:	3418fe78 	.word	0x3418fe78
34187eec:	3418fe74 	.word	0x3418fe74
34187ef0:	9804      	ldr	r0, [sp, #16]
34187ef2:	9506      	str	r5, [sp, #24]
34187ef4:	0685      	lsls	r5, r0, #26
34187ef6:	f140 85a4 	bpl.w	34188a42 <_svfprintf_r+0x1122>
34187efa:	9b0b      	ldr	r3, [sp, #44]	@ 0x2c
34187efc:	3307      	adds	r3, #7
34187efe:	f023 0307 	bic.w	r3, r3, #7
34187f02:	461a      	mov	r2, r3
34187f04:	6859      	ldr	r1, [r3, #4]
34187f06:	f852 3b08 	ldr.w	r3, [r2], #8
34187f0a:	920b      	str	r2, [sp, #44]	@ 0x2c
34187f0c:	2200      	movs	r2, #0
34187f0e:	4592      	cmp	sl, r2
34187f10:	f88d 2067 	strb.w	r2, [sp, #103]	@ 0x67
34187f14:	db2b      	blt.n	34187f6e <_svfprintf_r+0x64e>
34187f16:	f420 6290 	bic.w	r2, r0, #1152	@ 0x480
34187f1a:	9204      	str	r2, [sp, #16]
34187f1c:	d12a      	bne.n	34187f74 <_svfprintf_r+0x654>
34187f1e:	ea53 0201 	orrs.w	r2, r3, r1
34187f22:	bf14      	ite	ne
34187f24:	2201      	movne	r2, #1
34187f26:	2200      	moveq	r2, #0
34187f28:	d124      	bne.n	34187f74 <_svfprintf_r+0x654>
34187f2a:	f010 0101 	ands.w	r1, r0, #1
34187f2e:	9102      	str	r1, [sp, #8]
34187f30:	f000 83a2 	beq.w	34188678 <_svfprintf_r+0xd58>
34187f34:	2330      	movs	r3, #48	@ 0x30
34187f36:	4692      	mov	sl, r2
34187f38:	f20d 1547 	addw	r5, sp, #327	@ 0x147
34187f3c:	9210      	str	r2, [sp, #64]	@ 0x40
34187f3e:	f88d 3147 	strb.w	r3, [sp, #327]	@ 0x147
34187f42:	e9cd 2109 	strd	r2, r1, [sp, #36]	@ 0x24
34187f46:	e9cd 220d 	strd	r2, r2, [sp, #52]	@ 0x34
34187f4a:	e608      	b.n	34187b5e <_svfprintf_r+0x23e>
34187f4c:	9b04      	ldr	r3, [sp, #16]
34187f4e:	9506      	str	r5, [sp, #24]
34187f50:	069e      	lsls	r6, r3, #26
34187f52:	f043 0010 	orr.w	r0, r3, #16
34187f56:	d4d0      	bmi.n	34187efa <_svfprintf_r+0x5da>
34187f58:	9b0b      	ldr	r3, [sp, #44]	@ 0x2c
34187f5a:	1d1a      	adds	r2, r3, #4
34187f5c:	9b0b      	ldr	r3, [sp, #44]	@ 0x2c
34187f5e:	2100      	movs	r1, #0
34187f60:	920b      	str	r2, [sp, #44]	@ 0x2c
34187f62:	2200      	movs	r2, #0
34187f64:	681b      	ldr	r3, [r3, #0]
34187f66:	4592      	cmp	sl, r2
34187f68:	f88d 2067 	strb.w	r2, [sp, #103]	@ 0x67
34187f6c:	dad3      	bge.n	34187f16 <_svfprintf_r+0x5f6>
34187f6e:	f420 6280 	bic.w	r2, r0, #1024	@ 0x400
34187f72:	9204      	str	r2, [sp, #16]
34187f74:	ad52      	add	r5, sp, #328	@ 0x148
34187f76:	f003 0207 	and.w	r2, r3, #7
34187f7a:	08db      	lsrs	r3, r3, #3
34187f7c:	4628      	mov	r0, r5
34187f7e:	ea43 7341 	orr.w	r3, r3, r1, lsl #29
34187f82:	3230      	adds	r2, #48	@ 0x30
34187f84:	08c9      	lsrs	r1, r1, #3
34187f86:	f805 2d01 	strb.w	r2, [r5, #-1]!
34187f8a:	ea53 0601 	orrs.w	r6, r3, r1
34187f8e:	d1f2      	bne.n	34187f76 <_svfprintf_r+0x656>
34187f90:	2a30      	cmp	r2, #48	@ 0x30
34187f92:	d003      	beq.n	34187f9c <_svfprintf_r+0x67c>
34187f94:	9b04      	ldr	r3, [sp, #16]
34187f96:	07db      	lsls	r3, r3, #31
34187f98:	f100 8563 	bmi.w	34188a62 <_svfprintf_r+0x1142>
34187f9c:	ab52      	add	r3, sp, #328	@ 0x148
34187f9e:	1b5b      	subs	r3, r3, r5
34187fa0:	4553      	cmp	r3, sl
34187fa2:	930a      	str	r3, [sp, #40]	@ 0x28
34187fa4:	bfb8      	it	lt
34187fa6:	4653      	movlt	r3, sl
34187fa8:	9302      	str	r3, [sp, #8]
34187faa:	2300      	movs	r3, #0
34187fac:	9309      	str	r3, [sp, #36]	@ 0x24
34187fae:	9310      	str	r3, [sp, #64]	@ 0x40
34187fb0:	e9cd 330d 	strd	r3, r3, [sp, #52]	@ 0x34
34187fb4:	e5d3      	b.n	34187b5e <_svfprintf_r+0x23e>
34187fb6:	9b04      	ldr	r3, [sp, #16]
34187fb8:	782c      	ldrb	r4, [r5, #0]
34187fba:	f043 0308 	orr.w	r3, r3, #8
34187fbe:	9304      	str	r3, [sp, #16]
34187fc0:	e502      	b.n	341879c8 <_svfprintf_r+0xa8>
34187fc2:	9b04      	ldr	r3, [sp, #16]
34187fc4:	9506      	str	r5, [sp, #24]
34187fc6:	f043 0110 	orr.w	r1, r3, #16
34187fca:	069b      	lsls	r3, r3, #26
34187fcc:	f53f ae5a 	bmi.w	34187c84 <_svfprintf_r+0x364>
34187fd0:	9b0b      	ldr	r3, [sp, #44]	@ 0x2c
34187fd2:	1d1a      	adds	r2, r3, #4
34187fd4:	9b0b      	ldr	r3, [sp, #44]	@ 0x2c
34187fd6:	9104      	str	r1, [sp, #16]
34187fd8:	681e      	ldr	r6, [r3, #0]
34187fda:	920b      	str	r2, [sp, #44]	@ 0x2c
34187fdc:	ea4f 78e6 	mov.w	r8, r6, asr #31
34187fe0:	4643      	mov	r3, r8
34187fe2:	2b00      	cmp	r3, #0
34187fe4:	f6bf ae5b 	bge.w	34187c9e <_svfprintf_r+0x37e>
34187fe8:	4276      	negs	r6, r6
34187fea:	f04f 032d 	mov.w	r3, #45	@ 0x2d
34187fee:	eb68 0848 	sbc.w	r8, r8, r8, lsl #1
34187ff2:	f1ba 0f00 	cmp.w	sl, #0
34187ff6:	f88d 3067 	strb.w	r3, [sp, #103]	@ 0x67
34187ffa:	f6ff aee6 	blt.w	34187dca <_svfprintf_r+0x4aa>
34187ffe:	9b04      	ldr	r3, [sp, #16]
34188000:	2e0a      	cmp	r6, #10
34188002:	f023 0380 	bic.w	r3, r3, #128	@ 0x80
34188006:	9304      	str	r3, [sp, #16]
34188008:	f178 0300 	sbcs.w	r3, r8, #0
3418800c:	f4ff aee2 	bcc.w	34187dd4 <_svfprintf_r+0x4b4>
34188010:	9b04      	ldr	r3, [sp, #16]
34188012:	a952      	add	r1, sp, #328	@ 0x148
34188014:	f04f 0c00 	mov.w	ip, #0
34188018:	9702      	str	r7, [sp, #8]
3418801a:	e9cd 4a09 	strd	r4, sl, [sp, #36]	@ 0x24
3418801e:	f8dd a058 	ldr.w	sl, [sp, #88]	@ 0x58
34188022:	f403 6480 	and.w	r4, r3, #1024	@ 0x400
34188026:	e026      	b.n	34188076 <_svfprintf_r+0x756>
34188028:	eb16 0308 	adds.w	r3, r6, r8
3418802c:	4aba      	ldr	r2, [pc, #744]	@ (34188318 <_svfprintf_r+0x9f8>)
3418802e:	46b6      	mov	lr, r6
34188030:	4640      	mov	r0, r8
34188032:	f143 0300 	adc.w	r3, r3, #0
34188036:	4629      	mov	r1, r5
34188038:	fba2 2703 	umull	r2, r7, r2, r3
3418803c:	f027 0203 	bic.w	r2, r7, #3
34188040:	eb02 0297 	add.w	r2, r2, r7, lsr #2
34188044:	f04f 37cc 	mov.w	r7, #3435973836	@ 0xcccccccc
34188048:	1a9b      	subs	r3, r3, r2
3418804a:	1af3      	subs	r3, r6, r3
3418804c:	4eb2      	ldr	r6, [pc, #712]	@ (34188318 <_svfprintf_r+0x9f8>)
3418804e:	f168 0800 	sbc.w	r8, r8, #0
34188052:	fb07 f203 	mul.w	r2, r7, r3
34188056:	f1be 0f0a 	cmp.w	lr, #10
3418805a:	fb06 2208 	mla	r2, r6, r8, r2
3418805e:	fba3 6306 	umull	r6, r3, r3, r6
34188062:	f170 0000 	sbcs.w	r0, r0, #0
34188066:	4413      	add	r3, r2
34188068:	ea4f 0656 	mov.w	r6, r6, lsr #1
3418806c:	ea4f 0853 	mov.w	r8, r3, lsr #1
34188070:	ea46 76c3 	orr.w	r6, r6, r3, lsl #31
34188074:	d32d      	bcc.n	341880d2 <_svfprintf_r+0x7b2>
34188076:	eb16 0308 	adds.w	r3, r6, r8
3418807a:	4fa7      	ldr	r7, [pc, #668]	@ (34188318 <_svfprintf_r+0x9f8>)
3418807c:	f10c 0c01 	add.w	ip, ip, #1
34188080:	f101 35ff 	add.w	r5, r1, #4294967295	@ 0xffffffff
34188084:	f143 0300 	adc.w	r3, r3, #0
34188088:	fba7 2003 	umull	r2, r0, r7, r3
3418808c:	f020 0203 	bic.w	r2, r0, #3
34188090:	eb02 0290 	add.w	r2, r2, r0, lsr #2
34188094:	1a9b      	subs	r3, r3, r2
34188096:	1af3      	subs	r3, r6, r3
34188098:	fba3 3207 	umull	r3, r2, r3, r7
3418809c:	f168 0000 	sbc.w	r0, r8, #0
341880a0:	085b      	lsrs	r3, r3, #1
341880a2:	fb07 2200 	mla	r2, r7, r0, r2
341880a6:	ea43 73c2 	orr.w	r3, r3, r2, lsl #31
341880aa:	eb03 0383 	add.w	r3, r3, r3, lsl #2
341880ae:	eba6 0343 	sub.w	r3, r6, r3, lsl #1
341880b2:	3330      	adds	r3, #48	@ 0x30
341880b4:	f801 3c01 	strb.w	r3, [r1, #-1]
341880b8:	2c00      	cmp	r4, #0
341880ba:	d0b5      	beq.n	34188028 <_svfprintf_r+0x708>
341880bc:	f89a 3000 	ldrb.w	r3, [sl]
341880c0:	2bff      	cmp	r3, #255	@ 0xff
341880c2:	d0b1      	beq.n	34188028 <_svfprintf_r+0x708>
341880c4:	4563      	cmp	r3, ip
341880c6:	d1af      	bne.n	34188028 <_svfprintf_r+0x708>
341880c8:	2e0a      	cmp	r6, #10
341880ca:	f178 0300 	sbcs.w	r3, r8, #0
341880ce:	f081 815c 	bcs.w	3418938a <_svfprintf_r+0x1a6a>
341880d2:	ab52      	add	r3, sp, #328	@ 0x148
341880d4:	f8cd a058 	str.w	sl, [sp, #88]	@ 0x58
341880d8:	f8dd a028 	ldr.w	sl, [sp, #40]	@ 0x28
341880dc:	2200      	movs	r2, #0
341880de:	1b5b      	subs	r3, r3, r5
341880e0:	9f02      	ldr	r7, [sp, #8]
341880e2:	9c09      	ldr	r4, [sp, #36]	@ 0x24
341880e4:	4553      	cmp	r3, sl
341880e6:	930a      	str	r3, [sp, #40]	@ 0x28
341880e8:	f89d 0067 	ldrb.w	r0, [sp, #103]	@ 0x67
341880ec:	bfb8      	it	lt
341880ee:	4653      	movlt	r3, sl
341880f0:	f8cd c03c 	str.w	ip, [sp, #60]	@ 0x3c
341880f4:	920d      	str	r2, [sp, #52]	@ 0x34
341880f6:	9302      	str	r3, [sp, #8]
341880f8:	e67c      	b.n	34187df4 <_svfprintf_r+0x4d4>
341880fa:	4658      	mov	r0, fp
341880fc:	f004 fa5c 	bl	3418c5b8 <_localeconv_r>
34188100:	6843      	ldr	r3, [r0, #4]
34188102:	4618      	mov	r0, r3
34188104:	9315      	str	r3, [sp, #84]	@ 0x54
34188106:	f7ff fa37 	bl	34187578 <strlen>
3418810a:	9014      	str	r0, [sp, #80]	@ 0x50
3418810c:	4606      	mov	r6, r0
3418810e:	4658      	mov	r0, fp
34188110:	f004 fa52 	bl	3418c5b8 <_localeconv_r>
34188114:	6883      	ldr	r3, [r0, #8]
34188116:	782c      	ldrb	r4, [r5, #0]
34188118:	9316      	str	r3, [sp, #88]	@ 0x58
3418811a:	2e00      	cmp	r6, #0
3418811c:	f43f ac54 	beq.w	341879c8 <_svfprintf_r+0xa8>
34188120:	2b00      	cmp	r3, #0
34188122:	f43f ac51 	beq.w	341879c8 <_svfprintf_r+0xa8>
34188126:	781b      	ldrb	r3, [r3, #0]
34188128:	2b00      	cmp	r3, #0
3418812a:	f43f ac4d 	beq.w	341879c8 <_svfprintf_r+0xa8>
3418812e:	9b04      	ldr	r3, [sp, #16]
34188130:	f443 6380 	orr.w	r3, r3, #1024	@ 0x400
34188134:	9304      	str	r3, [sp, #16]
34188136:	e447      	b.n	341879c8 <_svfprintf_r+0xa8>
34188138:	9b04      	ldr	r3, [sp, #16]
3418813a:	782c      	ldrb	r4, [r5, #0]
3418813c:	f043 0301 	orr.w	r3, r3, #1
34188140:	9304      	str	r3, [sp, #16]
34188142:	e441      	b.n	341879c8 <_svfprintf_r+0xa8>
34188144:	f89d 3067 	ldrb.w	r3, [sp, #103]	@ 0x67
34188148:	782c      	ldrb	r4, [r5, #0]
3418814a:	2b00      	cmp	r3, #0
3418814c:	f47f ac3c 	bne.w	341879c8 <_svfprintf_r+0xa8>
34188150:	2320      	movs	r3, #32
34188152:	f88d 3067 	strb.w	r3, [sp, #103]	@ 0x67
34188156:	e437      	b.n	341879c8 <_svfprintf_r+0xa8>
34188158:	9b04      	ldr	r3, [sp, #16]
3418815a:	782c      	ldrb	r4, [r5, #0]
3418815c:	f043 0380 	orr.w	r3, r3, #128	@ 0x80
34188160:	9304      	str	r3, [sp, #16]
34188162:	e431      	b.n	341879c8 <_svfprintf_r+0xa8>
34188164:	462a      	mov	r2, r5
34188166:	f812 4b01 	ldrb.w	r4, [r2], #1
3418816a:	2c2a      	cmp	r4, #42	@ 0x2a
3418816c:	f001 8361 	beq.w	34189832 <_svfprintf_r+0x1f12>
34188170:	f1a4 0330 	sub.w	r3, r4, #48	@ 0x30
34188174:	2b09      	cmp	r3, #9
34188176:	f201 819f 	bhi.w	341894b8 <_svfprintf_r+0x1b98>
3418817a:	f04f 0a00 	mov.w	sl, #0
3418817e:	eb0a 0a8a 	add.w	sl, sl, sl, lsl #2
34188182:	f812 4b01 	ldrb.w	r4, [r2], #1
34188186:	eb03 0a4a 	add.w	sl, r3, sl, lsl #1
3418818a:	f1a4 0330 	sub.w	r3, r4, #48	@ 0x30
3418818e:	2b09      	cmp	r3, #9
34188190:	d9f5      	bls.n	3418817e <_svfprintf_r+0x85e>
34188192:	ea4a 7aea 	orr.w	sl, sl, sl, asr #31
34188196:	4615      	mov	r5, r2
34188198:	e417      	b.n	341879ca <_svfprintf_r+0xaa>
3418819a:	9b04      	ldr	r3, [sp, #16]
3418819c:	9506      	str	r5, [sp, #24]
3418819e:	0698      	lsls	r0, r3, #26
341881a0:	f043 0110 	orr.w	r1, r3, #16
341881a4:	f53f ae01 	bmi.w	34187daa <_svfprintf_r+0x48a>
341881a8:	9b0b      	ldr	r3, [sp, #44]	@ 0x2c
341881aa:	1d1a      	adds	r2, r3, #4
341881ac:	f04f 0800 	mov.w	r8, #0
341881b0:	9b0b      	ldr	r3, [sp, #44]	@ 0x2c
341881b2:	45c2      	cmp	sl, r8
341881b4:	681b      	ldr	r3, [r3, #0]
341881b6:	f88d 8067 	strb.w	r8, [sp, #103]	@ 0x67
341881ba:	461e      	mov	r6, r3
341881bc:	f2c0 872f 	blt.w	3418901e <_svfprintf_r+0x16fe>
341881c0:	f021 0180 	bic.w	r1, r1, #128	@ 0x80
341881c4:	920b      	str	r2, [sp, #44]	@ 0x2c
341881c6:	9104      	str	r1, [sp, #16]
341881c8:	f47f adff 	bne.w	34187dca <_svfprintf_r+0x4aa>
341881cc:	2b00      	cmp	r3, #0
341881ce:	f47f adfc 	bne.w	34187dca <_svfprintf_r+0x4aa>
341881d2:	1adb      	subs	r3, r3, r3
341881d4:	bf18      	it	ne
341881d6:	2301      	movne	r3, #1
341881d8:	930d      	str	r3, [sp, #52]	@ 0x34
341881da:	e314      	b.n	34188806 <_svfprintf_r+0xee6>
341881dc:	2c65      	cmp	r4, #101	@ 0x65
341881de:	f340 8135 	ble.w	3418844c <_svfprintf_r+0xb2c>
341881e2:	eeb5 8b40 	vcmp.f64	d8, #0.0
341881e6:	eef1 fa10 	vmrs	APSR_nzcv, fpscr
341881ea:	f040 81cd 	bne.w	34188588 <_svfprintf_r+0xc68>
341881ee:	9b27      	ldr	r3, [sp, #156]	@ 0x9c
341881f0:	3201      	adds	r2, #1
341881f2:	494a      	ldr	r1, [pc, #296]	@ (3418831c <_svfprintf_r+0x9fc>)
341881f4:	3301      	adds	r3, #1
341881f6:	9228      	str	r2, [sp, #160]	@ 0xa0
341881f8:	6039      	str	r1, [r7, #0]
341881fa:	2101      	movs	r1, #1
341881fc:	2b07      	cmp	r3, #7
341881fe:	9327      	str	r3, [sp, #156]	@ 0x9c
34188200:	6079      	str	r1, [r7, #4]
34188202:	f300 85cf 	bgt.w	34188da4 <_svfprintf_r+0x1484>
34188206:	3708      	adds	r7, #8
34188208:	9b1b      	ldr	r3, [sp, #108]	@ 0x6c
3418820a:	990f      	ldr	r1, [sp, #60]	@ 0x3c
3418820c:	428b      	cmp	r3, r1
3418820e:	f280 82e8 	bge.w	341887e2 <_svfprintf_r+0xec2>
34188212:	9b11      	ldr	r3, [sp, #68]	@ 0x44
34188214:	9912      	ldr	r1, [sp, #72]	@ 0x48
34188216:	441a      	add	r2, r3
34188218:	e9c7 1300 	strd	r1, r3, [r7]
3418821c:	9b27      	ldr	r3, [sp, #156]	@ 0x9c
3418821e:	9228      	str	r2, [sp, #160]	@ 0xa0
34188220:	3301      	adds	r3, #1
34188222:	2b07      	cmp	r3, #7
34188224:	9327      	str	r3, [sp, #156]	@ 0x9c
34188226:	f300 8481 	bgt.w	34188b2c <_svfprintf_r+0x120c>
3418822a:	3708      	adds	r7, #8
3418822c:	9b0f      	ldr	r3, [sp, #60]	@ 0x3c
3418822e:	1e5c      	subs	r4, r3, #1
34188230:	2c00      	cmp	r4, #0
34188232:	f77f acdb 	ble.w	34187bec <_svfprintf_r+0x2cc>
34188236:	2c10      	cmp	r4, #16
34188238:	9b27      	ldr	r3, [sp, #156]	@ 0x9c
3418823a:	f341 82d7 	ble.w	341897ec <_svfprintf_r+0x1ecc>
3418823e:	2510      	movs	r5, #16
34188240:	4e37      	ldr	r6, [pc, #220]	@ (34188320 <_svfprintf_r+0xa00>)
34188242:	f8dd 8014 	ldr.w	r8, [sp, #20]
34188246:	e003      	b.n	34188250 <_svfprintf_r+0x930>
34188248:	3c10      	subs	r4, #16
3418824a:	2c10      	cmp	r4, #16
3418824c:	f340 85db 	ble.w	34188e06 <_svfprintf_r+0x14e6>
34188250:	3301      	adds	r3, #1
34188252:	3210      	adds	r2, #16
34188254:	2b07      	cmp	r3, #7
34188256:	e9c7 6500 	strd	r6, r5, [r7]
3418825a:	e9cd 3227 	strd	r3, r2, [sp, #156]	@ 0x9c
3418825e:	f107 0708 	add.w	r7, r7, #8
34188262:	ddf1      	ble.n	34188248 <_svfprintf_r+0x928>
34188264:	aa26      	add	r2, sp, #152	@ 0x98
34188266:	4641      	mov	r1, r8
34188268:	4658      	mov	r0, fp
3418826a:	f003 ff91 	bl	3418c190 <__ssprint_r>
3418826e:	2800      	cmp	r0, #0
34188270:	f040 808b 	bne.w	3418838a <_svfprintf_r+0xa6a>
34188274:	af29      	add	r7, sp, #164	@ 0xa4
34188276:	e9dd 3227 	ldrd	r3, r2, [sp, #156]	@ 0x9c
3418827a:	e7e5      	b.n	34188248 <_svfprintf_r+0x928>
3418827c:	9b08      	ldr	r3, [sp, #32]
3418827e:	9902      	ldr	r1, [sp, #8]
34188280:	1a5e      	subs	r6, r3, r1
34188282:	2e00      	cmp	r6, #0
34188284:	f77f ac9c 	ble.w	34187bc0 <_svfprintf_r+0x2a0>
34188288:	2e10      	cmp	r6, #16
3418828a:	9b27      	ldr	r3, [sp, #156]	@ 0x9c
3418828c:	f341 816e 	ble.w	3418956c <_svfprintf_r+0x1c4c>
34188290:	46a8      	mov	r8, r5
34188292:	4619      	mov	r1, r3
34188294:	4625      	mov	r5, r4
34188296:	4c22      	ldr	r4, [pc, #136]	@ (34188320 <_svfprintf_r+0xa00>)
34188298:	e002      	b.n	341882a0 <_svfprintf_r+0x980>
3418829a:	3e10      	subs	r6, #16
3418829c:	2e10      	cmp	r6, #16
3418829e:	dd18      	ble.n	341882d2 <_svfprintf_r+0x9b2>
341882a0:	3101      	adds	r1, #1
341882a2:	3210      	adds	r2, #16
341882a4:	2310      	movs	r3, #16
341882a6:	603c      	str	r4, [r7, #0]
341882a8:	2907      	cmp	r1, #7
341882aa:	f107 0708 	add.w	r7, r7, #8
341882ae:	f847 3c04 	str.w	r3, [r7, #-4]
341882b2:	e9cd 1227 	strd	r1, r2, [sp, #156]	@ 0x9c
341882b6:	ddf0      	ble.n	3418829a <_svfprintf_r+0x97a>
341882b8:	aa26      	add	r2, sp, #152	@ 0x98
341882ba:	9905      	ldr	r1, [sp, #20]
341882bc:	4658      	mov	r0, fp
341882be:	f003 ff67 	bl	3418c190 <__ssprint_r>
341882c2:	2800      	cmp	r0, #0
341882c4:	d161      	bne.n	3418838a <_svfprintf_r+0xa6a>
341882c6:	3e10      	subs	r6, #16
341882c8:	af29      	add	r7, sp, #164	@ 0xa4
341882ca:	2e10      	cmp	r6, #16
341882cc:	e9dd 1227 	ldrd	r1, r2, [sp, #156]	@ 0x9c
341882d0:	dce6      	bgt.n	341882a0 <_svfprintf_r+0x980>
341882d2:	460b      	mov	r3, r1
341882d4:	4621      	mov	r1, r4
341882d6:	462c      	mov	r4, r5
341882d8:	4645      	mov	r5, r8
341882da:	4688      	mov	r8, r1
341882dc:	3301      	adds	r3, #1
341882de:	4432      	add	r2, r6
341882e0:	f8c7 8000 	str.w	r8, [r7]
341882e4:	2b07      	cmp	r3, #7
341882e6:	607e      	str	r6, [r7, #4]
341882e8:	e9cd 3227 	strd	r3, r2, [sp, #156]	@ 0x9c
341882ec:	f300 8598 	bgt.w	34188e20 <_svfprintf_r+0x1500>
341882f0:	9b0a      	ldr	r3, [sp, #40]	@ 0x28
341882f2:	3708      	adds	r7, #8
341882f4:	ebaa 0603 	sub.w	r6, sl, r3
341882f8:	2e00      	cmp	r6, #0
341882fa:	f77f ac67 	ble.w	34187bcc <_svfprintf_r+0x2ac>
341882fe:	2e10      	cmp	r6, #16
34188300:	9b27      	ldr	r3, [sp, #156]	@ 0x9c
34188302:	f8df 801c 	ldr.w	r8, [pc, #28]	@ 34188320 <_svfprintf_r+0xa00>
34188306:	dd2c      	ble.n	34188362 <_svfprintf_r+0xa42>
34188308:	4628      	mov	r0, r5
3418830a:	f04f 0a10 	mov.w	sl, #16
3418830e:	4625      	mov	r5, r4
34188310:	4619      	mov	r1, r3
34188312:	4634      	mov	r4, r6
34188314:	4606      	mov	r6, r0
34188316:	e008      	b.n	3418832a <_svfprintf_r+0xa0a>
34188318:	cccccccd 	.word	0xcccccccd
3418831c:	3418feb4 	.word	0x3418feb4
34188320:	3419011c 	.word	0x3419011c
34188324:	3c10      	subs	r4, #16
34188326:	2c10      	cmp	r4, #16
34188328:	dd16      	ble.n	34188358 <_svfprintf_r+0xa38>
3418832a:	3101      	adds	r1, #1
3418832c:	3210      	adds	r2, #16
3418832e:	4b93      	ldr	r3, [pc, #588]	@ (3418857c <_svfprintf_r+0xc5c>)
34188330:	2907      	cmp	r1, #7
34188332:	e9c7 3a00 	strd	r3, sl, [r7]
34188336:	e9cd 1227 	strd	r1, r2, [sp, #156]	@ 0x9c
3418833a:	f107 0708 	add.w	r7, r7, #8
3418833e:	ddf1      	ble.n	34188324 <_svfprintf_r+0xa04>
34188340:	aa26      	add	r2, sp, #152	@ 0x98
34188342:	9905      	ldr	r1, [sp, #20]
34188344:	4658      	mov	r0, fp
34188346:	af29      	add	r7, sp, #164	@ 0xa4
34188348:	f003 ff22 	bl	3418c190 <__ssprint_r>
3418834c:	b9e8      	cbnz	r0, 3418838a <_svfprintf_r+0xa6a>
3418834e:	3c10      	subs	r4, #16
34188350:	2c10      	cmp	r4, #16
34188352:	e9dd 1227 	ldrd	r1, r2, [sp, #156]	@ 0x9c
34188356:	dce8      	bgt.n	3418832a <_svfprintf_r+0xa0a>
34188358:	4630      	mov	r0, r6
3418835a:	460b      	mov	r3, r1
3418835c:	4626      	mov	r6, r4
3418835e:	462c      	mov	r4, r5
34188360:	4605      	mov	r5, r0
34188362:	3301      	adds	r3, #1
34188364:	4432      	add	r2, r6
34188366:	f8c7 8000 	str.w	r8, [r7]
3418836a:	2b07      	cmp	r3, #7
3418836c:	607e      	str	r6, [r7, #4]
3418836e:	e9cd 3227 	strd	r3, r2, [sp, #156]	@ 0x9c
34188372:	f300 8212 	bgt.w	3418879a <_svfprintf_r+0xe7a>
34188376:	3708      	adds	r7, #8
34188378:	e428      	b.n	34187bcc <_svfprintf_r+0x2ac>
3418837a:	aa26      	add	r2, sp, #152	@ 0x98
3418837c:	9905      	ldr	r1, [sp, #20]
3418837e:	4658      	mov	r0, fp
34188380:	f003 ff06 	bl	3418c190 <__ssprint_r>
34188384:	2800      	cmp	r0, #0
34188386:	f43f ac45 	beq.w	34187c14 <_svfprintf_r+0x2f4>
3418838a:	9b09      	ldr	r3, [sp, #36]	@ 0x24
3418838c:	2b00      	cmp	r3, #0
3418838e:	f43f abb7 	beq.w	34187b00 <_svfprintf_r+0x1e0>
34188392:	9909      	ldr	r1, [sp, #36]	@ 0x24
34188394:	4658      	mov	r0, fp
34188396:	f7ff f9bf 	bl	34187718 <_free_r>
3418839a:	9b05      	ldr	r3, [sp, #20]
3418839c:	899b      	ldrh	r3, [r3, #12]
3418839e:	f003 0340 	and.w	r3, r3, #64	@ 0x40
341883a2:	f7ff bbb1 	b.w	34187b08 <_svfprintf_r+0x1e8>
341883a6:	9b02      	ldr	r3, [sp, #8]
341883a8:	9e08      	ldr	r6, [sp, #32]
341883aa:	1af6      	subs	r6, r6, r3
341883ac:	9b0c      	ldr	r3, [sp, #48]	@ 0x30
341883ae:	2e00      	cmp	r6, #0
341883b0:	9310      	str	r3, [sp, #64]	@ 0x40
341883b2:	e9cd 330d 	strd	r3, r3, [sp, #52]	@ 0x34
341883b6:	f300 81b0 	bgt.w	3418871a <_svfprintf_r+0xdfa>
341883ba:	2800      	cmp	r0, #0
341883bc:	f43f abee 	beq.w	34187b9c <_svfprintf_r+0x27c>
341883c0:	2602      	movs	r6, #2
341883c2:	f7ff bbda 	b.w	34187b7a <_svfprintf_r+0x25a>
341883c6:	9b08      	ldr	r3, [sp, #32]
341883c8:	9902      	ldr	r1, [sp, #8]
341883ca:	1a5e      	subs	r6, r3, r1
341883cc:	2e00      	cmp	r6, #0
341883ce:	f300 815d 	bgt.w	3418868c <_svfprintf_r+0xd6c>
341883d2:	f89d 3067 	ldrb.w	r3, [sp, #103]	@ 0x67
341883d6:	2b00      	cmp	r3, #0
341883d8:	f43f abf2 	beq.w	34187bc0 <_svfprintf_r+0x2a0>
341883dc:	f7ff bbca 	b.w	34187b74 <_svfprintf_r+0x254>
341883e0:	9b27      	ldr	r3, [sp, #156]	@ 0x9c
341883e2:	3201      	adds	r2, #1
341883e4:	4866      	ldr	r0, [pc, #408]	@ (34188580 <_svfprintf_r+0xc60>)
341883e6:	3301      	adds	r3, #1
341883e8:	9228      	str	r2, [sp, #160]	@ 0xa0
341883ea:	6038      	str	r0, [r7, #0]
341883ec:	2001      	movs	r0, #1
341883ee:	2b07      	cmp	r3, #7
341883f0:	9327      	str	r3, [sp, #156]	@ 0x9c
341883f2:	6078      	str	r0, [r7, #4]
341883f4:	f300 8670 	bgt.w	341890d8 <_svfprintf_r+0x17b8>
341883f8:	3708      	adds	r7, #8
341883fa:	9b0f      	ldr	r3, [sp, #60]	@ 0x3c
341883fc:	430b      	orrs	r3, r1
341883fe:	f001 800f 	beq.w	34189420 <_svfprintf_r+0x1b00>
34188402:	9b11      	ldr	r3, [sp, #68]	@ 0x44
34188404:	9812      	ldr	r0, [sp, #72]	@ 0x48
34188406:	441a      	add	r2, r3
34188408:	e9c7 0300 	strd	r0, r3, [r7]
3418840c:	9b27      	ldr	r3, [sp, #156]	@ 0x9c
3418840e:	9228      	str	r2, [sp, #160]	@ 0xa0
34188410:	3301      	adds	r3, #1
34188412:	2b07      	cmp	r3, #7
34188414:	9327      	str	r3, [sp, #156]	@ 0x9c
34188416:	f300 879e 	bgt.w	34189356 <_svfprintf_r+0x1a36>
3418841a:	3708      	adds	r7, #8
3418841c:	2900      	cmp	r1, #0
3418841e:	f2c1 8069 	blt.w	341894f4 <_svfprintf_r+0x1bd4>
34188422:	990f      	ldr	r1, [sp, #60]	@ 0x3c
34188424:	3301      	adds	r3, #1
34188426:	603d      	str	r5, [r7, #0]
34188428:	440a      	add	r2, r1
3418842a:	2b07      	cmp	r3, #7
3418842c:	6079      	str	r1, [r7, #4]
3418842e:	e9cd 3227 	strd	r3, r2, [sp, #156]	@ 0x9c
34188432:	f77f abda 	ble.w	34187bea <_svfprintf_r+0x2ca>
34188436:	aa26      	add	r2, sp, #152	@ 0x98
34188438:	9905      	ldr	r1, [sp, #20]
3418843a:	4658      	mov	r0, fp
3418843c:	f003 fea8 	bl	3418c190 <__ssprint_r>
34188440:	2800      	cmp	r0, #0
34188442:	d1a2      	bne.n	3418838a <_svfprintf_r+0xa6a>
34188444:	9a28      	ldr	r2, [sp, #160]	@ 0xa0
34188446:	af29      	add	r7, sp, #164	@ 0xa4
34188448:	f7ff bbd0 	b.w	34187bec <_svfprintf_r+0x2cc>
3418844c:	980f      	ldr	r0, [sp, #60]	@ 0x3c
3418844e:	3201      	adds	r2, #1
34188450:	9b27      	ldr	r3, [sp, #156]	@ 0x9c
34188452:	f107 0108 	add.w	r1, r7, #8
34188456:	2801      	cmp	r0, #1
34188458:	f103 0301 	add.w	r3, r3, #1
3418845c:	f340 8160 	ble.w	34188720 <_svfprintf_r+0xe00>
34188460:	2001      	movs	r0, #1
34188462:	2b07      	cmp	r3, #7
34188464:	603d      	str	r5, [r7, #0]
34188466:	6078      	str	r0, [r7, #4]
34188468:	e9cd 3227 	strd	r3, r2, [sp, #156]	@ 0x9c
3418846c:	f300 81a1 	bgt.w	341887b2 <_svfprintf_r+0xe92>
34188470:	9811      	ldr	r0, [sp, #68]	@ 0x44
34188472:	3301      	adds	r3, #1
34188474:	9c12      	ldr	r4, [sp, #72]	@ 0x48
34188476:	4402      	add	r2, r0
34188478:	2b07      	cmp	r3, #7
3418847a:	e9c1 4000 	strd	r4, r0, [r1]
3418847e:	e9cd 3227 	strd	r3, r2, [sp, #156]	@ 0x9c
34188482:	f300 81a2 	bgt.w	341887ca <_svfprintf_r+0xeaa>
34188486:	3108      	adds	r1, #8
34188488:	eeb5 8b40 	vcmp.f64	d8, #0.0
3418848c:	980f      	ldr	r0, [sp, #60]	@ 0x3c
3418848e:	1e46      	subs	r6, r0, #1
34188490:	eef1 fa10 	vmrs	APSR_nzcv, fpscr
34188494:	f000 815c 	beq.w	34188750 <_svfprintf_r+0xe30>
34188498:	3301      	adds	r3, #1
3418849a:	3501      	adds	r5, #1
3418849c:	4432      	add	r2, r6
3418849e:	604e      	str	r6, [r1, #4]
341884a0:	2b07      	cmp	r3, #7
341884a2:	600d      	str	r5, [r1, #0]
341884a4:	e9cd 3227 	strd	r3, r2, [sp, #156]	@ 0x9c
341884a8:	f300 8146 	bgt.w	34188738 <_svfprintf_r+0xe18>
341884ac:	3108      	adds	r1, #8
341884ae:	9813      	ldr	r0, [sp, #76]	@ 0x4c
341884b0:	3301      	adds	r3, #1
341884b2:	4402      	add	r2, r0
341884b4:	6048      	str	r0, [r1, #4]
341884b6:	2b07      	cmp	r3, #7
341884b8:	a81e      	add	r0, sp, #120	@ 0x78
341884ba:	e9cd 3227 	strd	r3, r2, [sp, #156]	@ 0x9c
341884be:	6008      	str	r0, [r1, #0]
341884c0:	dcb9      	bgt.n	34188436 <_svfprintf_r+0xb16>
341884c2:	f101 0708 	add.w	r7, r1, #8
341884c6:	f7ff bb91 	b.w	34187bec <_svfprintf_r+0x2cc>
341884ca:	aa26      	add	r2, sp, #152	@ 0x98
341884cc:	9905      	ldr	r1, [sp, #20]
341884ce:	4658      	mov	r0, fp
341884d0:	f003 fe5e 	bl	3418c190 <__ssprint_r>
341884d4:	2800      	cmp	r0, #0
341884d6:	f47f af58 	bne.w	3418838a <_svfprintf_r+0xa6a>
341884da:	9a28      	ldr	r2, [sp, #160]	@ 0xa0
341884dc:	af29      	add	r7, sp, #164	@ 0xa4
341884de:	f7ff bb5a 	b.w	34187b96 <_svfprintf_r+0x276>
341884e2:	aa26      	add	r2, sp, #152	@ 0x98
341884e4:	9905      	ldr	r1, [sp, #20]
341884e6:	4658      	mov	r0, fp
341884e8:	f003 fe52 	bl	3418c190 <__ssprint_r>
341884ec:	2800      	cmp	r0, #0
341884ee:	f47f af4c 	bne.w	3418838a <_svfprintf_r+0xa6a>
341884f2:	9a28      	ldr	r2, [sp, #160]	@ 0xa0
341884f4:	af29      	add	r7, sp, #164	@ 0xa4
341884f6:	f7ff bb5f 	b.w	34187bb8 <_svfprintf_r+0x298>
341884fa:	2c10      	cmp	r4, #16
341884fc:	9b27      	ldr	r3, [sp, #156]	@ 0x9c
341884fe:	f340 87e0 	ble.w	341894c2 <_svfprintf_r+0x1ba2>
34188502:	2510      	movs	r5, #16
34188504:	4e1f      	ldr	r6, [pc, #124]	@ (34188584 <_svfprintf_r+0xc64>)
34188506:	f8dd 8014 	ldr.w	r8, [sp, #20]
3418850a:	e002      	b.n	34188512 <_svfprintf_r+0xbf2>
3418850c:	3c10      	subs	r4, #16
3418850e:	2c10      	cmp	r4, #16
34188510:	dd17      	ble.n	34188542 <_svfprintf_r+0xc22>
34188512:	3301      	adds	r3, #1
34188514:	3210      	adds	r2, #16
34188516:	2b07      	cmp	r3, #7
34188518:	e9c7 6500 	strd	r6, r5, [r7]
3418851c:	e9cd 3227 	strd	r3, r2, [sp, #156]	@ 0x9c
34188520:	f107 0708 	add.w	r7, r7, #8
34188524:	ddf2      	ble.n	3418850c <_svfprintf_r+0xbec>
34188526:	aa26      	add	r2, sp, #152	@ 0x98
34188528:	4641      	mov	r1, r8
3418852a:	4658      	mov	r0, fp
3418852c:	af29      	add	r7, sp, #164	@ 0xa4
3418852e:	f003 fe2f 	bl	3418c190 <__ssprint_r>
34188532:	2800      	cmp	r0, #0
34188534:	f47f af29 	bne.w	3418838a <_svfprintf_r+0xa6a>
34188538:	3c10      	subs	r4, #16
3418853a:	2c10      	cmp	r4, #16
3418853c:	e9dd 3227 	ldrd	r3, r2, [sp, #156]	@ 0x9c
34188540:	dce7      	bgt.n	34188512 <_svfprintf_r+0xbf2>
34188542:	46b0      	mov	r8, r6
34188544:	3301      	adds	r3, #1
34188546:	4422      	add	r2, r4
34188548:	2b07      	cmp	r3, #7
3418854a:	e9c7 8400 	strd	r8, r4, [r7]
3418854e:	e9cd 3227 	strd	r3, r2, [sp, #156]	@ 0x9c
34188552:	f77f ab54 	ble.w	34187bfe <_svfprintf_r+0x2de>
34188556:	aa26      	add	r2, sp, #152	@ 0x98
34188558:	9905      	ldr	r1, [sp, #20]
3418855a:	4658      	mov	r0, fp
3418855c:	f003 fe18 	bl	3418c190 <__ssprint_r>
34188560:	2800      	cmp	r0, #0
34188562:	f47f af12 	bne.w	3418838a <_svfprintf_r+0xa6a>
34188566:	9a28      	ldr	r2, [sp, #160]	@ 0xa0
34188568:	f7ff bb49 	b.w	34187bfe <_svfprintf_r+0x2de>
3418856c:	2300      	movs	r3, #0
3418856e:	2602      	movs	r6, #2
34188570:	9310      	str	r3, [sp, #64]	@ 0x40
34188572:	e9cd 330d 	strd	r3, r3, [sp, #52]	@ 0x34
34188576:	f7ff bb00 	b.w	34187b7a <_svfprintf_r+0x25a>
3418857a:	bf00      	nop
3418857c:	3419011c 	.word	0x3419011c
34188580:	3418feb4 	.word	0x3418feb4
34188584:	3419012c 	.word	0x3419012c
34188588:	991b      	ldr	r1, [sp, #108]	@ 0x6c
3418858a:	2900      	cmp	r1, #0
3418858c:	f77f af28 	ble.w	341883e0 <_svfprintf_r+0xac0>
34188590:	9e0d      	ldr	r6, [sp, #52]	@ 0x34
34188592:	9b0f      	ldr	r3, [sp, #60]	@ 0x3c
34188594:	429e      	cmp	r6, r3
34188596:	bfa8      	it	ge
34188598:	461e      	movge	r6, r3
3418859a:	2e00      	cmp	r6, #0
3418859c:	dd0a      	ble.n	341885b4 <_svfprintf_r+0xc94>
3418859e:	9b27      	ldr	r3, [sp, #156]	@ 0x9c
341885a0:	4432      	add	r2, r6
341885a2:	3301      	adds	r3, #1
341885a4:	9228      	str	r2, [sp, #160]	@ 0xa0
341885a6:	2b07      	cmp	r3, #7
341885a8:	9327      	str	r3, [sp, #156]	@ 0x9c
341885aa:	e9c7 5600 	strd	r5, r6, [r7]
341885ae:	f300 86e0 	bgt.w	34189372 <_svfprintf_r+0x1a52>
341885b2:	3708      	adds	r7, #8
341885b4:	9c0d      	ldr	r4, [sp, #52]	@ 0x34
341885b6:	2e00      	cmp	r6, #0
341885b8:	bfa8      	it	ge
341885ba:	1ba4      	subge	r4, r4, r6
341885bc:	2c00      	cmp	r4, #0
341885be:	f300 82ef 	bgt.w	34188ba0 <_svfprintf_r+0x1280>
341885c2:	9b0d      	ldr	r3, [sp, #52]	@ 0x34
341885c4:	eb03 0a05 	add.w	sl, r3, r5
341885c8:	9b04      	ldr	r3, [sp, #16]
341885ca:	055b      	lsls	r3, r3, #21
341885cc:	f100 830c 	bmi.w	34188be8 <_svfprintf_r+0x12c8>
341885d0:	9c1b      	ldr	r4, [sp, #108]	@ 0x6c
341885d2:	9b0f      	ldr	r3, [sp, #60]	@ 0x3c
341885d4:	429c      	cmp	r4, r3
341885d6:	db03      	blt.n	341885e0 <_svfprintf_r+0xcc0>
341885d8:	9904      	ldr	r1, [sp, #16]
341885da:	07ce      	lsls	r6, r1, #31
341885dc:	f140 859c 	bpl.w	34189118 <_svfprintf_r+0x17f8>
341885e0:	9b11      	ldr	r3, [sp, #68]	@ 0x44
341885e2:	9912      	ldr	r1, [sp, #72]	@ 0x48
341885e4:	441a      	add	r2, r3
341885e6:	e9c7 1300 	strd	r1, r3, [r7]
341885ea:	9b27      	ldr	r3, [sp, #156]	@ 0x9c
341885ec:	9228      	str	r2, [sp, #160]	@ 0xa0
341885ee:	3301      	adds	r3, #1
341885f0:	2b07      	cmp	r3, #7
341885f2:	9327      	str	r3, [sp, #156]	@ 0x9c
341885f4:	f300 872a 	bgt.w	3418944c <_svfprintf_r+0x1b2c>
341885f8:	3708      	adds	r7, #8
341885fa:	9b0f      	ldr	r3, [sp, #60]	@ 0x3c
341885fc:	441d      	add	r5, r3
341885fe:	1b1c      	subs	r4, r3, r4
34188600:	eba5 050a 	sub.w	r5, r5, sl
34188604:	42a5      	cmp	r5, r4
34188606:	bfa8      	it	ge
34188608:	4625      	movge	r5, r4
3418860a:	2d00      	cmp	r5, #0
3418860c:	dd0b      	ble.n	34188626 <_svfprintf_r+0xd06>
3418860e:	9b27      	ldr	r3, [sp, #156]	@ 0x9c
34188610:	442a      	add	r2, r5
34188612:	f8c7 a000 	str.w	sl, [r7]
34188616:	3301      	adds	r3, #1
34188618:	607d      	str	r5, [r7, #4]
3418861a:	9228      	str	r2, [sp, #160]	@ 0xa0
3418861c:	2b07      	cmp	r3, #7
3418861e:	9327      	str	r3, [sp, #156]	@ 0x9c
34188620:	f300 873b 	bgt.w	3418949a <_svfprintf_r+0x1b7a>
34188624:	3708      	adds	r7, #8
34188626:	2d00      	cmp	r5, #0
34188628:	bfa8      	it	ge
3418862a:	1b64      	subge	r4, r4, r5
3418862c:	2c00      	cmp	r4, #0
3418862e:	f77f aadd 	ble.w	34187bec <_svfprintf_r+0x2cc>
34188632:	2c10      	cmp	r4, #16
34188634:	9b27      	ldr	r3, [sp, #156]	@ 0x9c
34188636:	f341 80d9 	ble.w	341897ec <_svfprintf_r+0x1ecc>
3418863a:	2510      	movs	r5, #16
3418863c:	4ead      	ldr	r6, [pc, #692]	@ (341888f4 <_svfprintf_r+0xfd4>)
3418863e:	f8dd 8014 	ldr.w	r8, [sp, #20]
34188642:	e003      	b.n	3418864c <_svfprintf_r+0xd2c>
34188644:	3c10      	subs	r4, #16
34188646:	2c10      	cmp	r4, #16
34188648:	f340 83dd 	ble.w	34188e06 <_svfprintf_r+0x14e6>
3418864c:	3301      	adds	r3, #1
3418864e:	3210      	adds	r2, #16
34188650:	2b07      	cmp	r3, #7
34188652:	e9c7 6500 	strd	r6, r5, [r7]
34188656:	e9cd 3227 	strd	r3, r2, [sp, #156]	@ 0x9c
3418865a:	f107 0708 	add.w	r7, r7, #8
3418865e:	ddf1      	ble.n	34188644 <_svfprintf_r+0xd24>
34188660:	aa26      	add	r2, sp, #152	@ 0x98
34188662:	4641      	mov	r1, r8
34188664:	4658      	mov	r0, fp
34188666:	f003 fd93 	bl	3418c190 <__ssprint_r>
3418866a:	2800      	cmp	r0, #0
3418866c:	f47f ae8d 	bne.w	3418838a <_svfprintf_r+0xa6a>
34188670:	af29      	add	r7, sp, #164	@ 0xa4
34188672:	e9dd 3227 	ldrd	r3, r2, [sp, #156]	@ 0x9c
34188676:	e7e5      	b.n	34188644 <_svfprintf_r+0xd24>
34188678:	9b02      	ldr	r3, [sp, #8]
3418867a:	ad52      	add	r5, sp, #328	@ 0x148
3418867c:	469a      	mov	sl, r3
3418867e:	930a      	str	r3, [sp, #40]	@ 0x28
34188680:	9310      	str	r3, [sp, #64]	@ 0x40
34188682:	9309      	str	r3, [sp, #36]	@ 0x24
34188684:	e9cd 330d 	strd	r3, r3, [sp, #52]	@ 0x34
34188688:	f7ff ba69 	b.w	34187b5e <_svfprintf_r+0x23e>
3418868c:	9927      	ldr	r1, [sp, #156]	@ 0x9c
3418868e:	2e10      	cmp	r6, #16
34188690:	4672      	mov	r2, lr
34188692:	f340 86ed 	ble.w	34189470 <_svfprintf_r+0x1b50>
34188696:	46bc      	mov	ip, r7
34188698:	2310      	movs	r3, #16
3418869a:	462f      	mov	r7, r5
3418869c:	f8dd 8014 	ldr.w	r8, [sp, #20]
341886a0:	4625      	mov	r5, r4
341886a2:	4c95      	ldr	r4, [pc, #596]	@ (341888f8 <_svfprintf_r+0xfd8>)
341886a4:	e002      	b.n	341886ac <_svfprintf_r+0xd8c>
341886a6:	3e10      	subs	r6, #16
341886a8:	2e10      	cmp	r6, #16
341886aa:	dd19      	ble.n	341886e0 <_svfprintf_r+0xdc0>
341886ac:	3101      	adds	r1, #1
341886ae:	3210      	adds	r2, #16
341886b0:	2907      	cmp	r1, #7
341886b2:	e9cc 4300 	strd	r4, r3, [ip]
341886b6:	e9cd 1227 	strd	r1, r2, [sp, #156]	@ 0x9c
341886ba:	f10c 0c08 	add.w	ip, ip, #8
341886be:	ddf2      	ble.n	341886a6 <_svfprintf_r+0xd86>
341886c0:	aa26      	add	r2, sp, #152	@ 0x98
341886c2:	4641      	mov	r1, r8
341886c4:	4658      	mov	r0, fp
341886c6:	f003 fd63 	bl	3418c190 <__ssprint_r>
341886ca:	f10d 0ca4 	add.w	ip, sp, #164	@ 0xa4
341886ce:	2800      	cmp	r0, #0
341886d0:	f47f ae5b 	bne.w	3418838a <_svfprintf_r+0xa6a>
341886d4:	3e10      	subs	r6, #16
341886d6:	2310      	movs	r3, #16
341886d8:	2e10      	cmp	r6, #16
341886da:	e9dd 1227 	ldrd	r1, r2, [sp, #156]	@ 0x9c
341886de:	dce5      	bgt.n	341886ac <_svfprintf_r+0xd8c>
341886e0:	46a0      	mov	r8, r4
341886e2:	462c      	mov	r4, r5
341886e4:	463d      	mov	r5, r7
341886e6:	4667      	mov	r7, ip
341886e8:	f101 0c01 	add.w	ip, r1, #1
341886ec:	4432      	add	r2, r6
341886ee:	f8c7 8000 	str.w	r8, [r7]
341886f2:	f1bc 0f07 	cmp.w	ip, #7
341886f6:	607e      	str	r6, [r7, #4]
341886f8:	e9cd c227 	strd	ip, r2, [sp, #156]	@ 0x9c
341886fc:	f300 8316 	bgt.w	34188d2c <_svfprintf_r+0x140c>
34188700:	f89d 3067 	ldrb.w	r3, [sp, #103]	@ 0x67
34188704:	3708      	adds	r7, #8
34188706:	2b00      	cmp	r3, #0
34188708:	f040 808c 	bne.w	34188824 <_svfprintf_r+0xf04>
3418870c:	990c      	ldr	r1, [sp, #48]	@ 0x30
3418870e:	2900      	cmp	r1, #0
34188710:	f43f aa56 	beq.w	34187bc0 <_svfprintf_r+0x2a0>
34188714:	930c      	str	r3, [sp, #48]	@ 0x30
34188716:	f7ff ba41 	b.w	34187b9c <_svfprintf_r+0x27c>
3418871a:	2302      	movs	r3, #2
3418871c:	930c      	str	r3, [sp, #48]	@ 0x30
3418871e:	e7b6      	b.n	3418868e <_svfprintf_r+0xd6e>
34188720:	9804      	ldr	r0, [sp, #16]
34188722:	07c0      	lsls	r0, r0, #31
34188724:	f53f ae9c 	bmi.w	34188460 <_svfprintf_r+0xb40>
34188728:	2001      	movs	r0, #1
3418872a:	2b07      	cmp	r3, #7
3418872c:	603d      	str	r5, [r7, #0]
3418872e:	6078      	str	r0, [r7, #4]
34188730:	e9cd 3227 	strd	r3, r2, [sp, #156]	@ 0x9c
34188734:	f77f aebb 	ble.w	341884ae <_svfprintf_r+0xb8e>
34188738:	aa26      	add	r2, sp, #152	@ 0x98
3418873a:	9905      	ldr	r1, [sp, #20]
3418873c:	4658      	mov	r0, fp
3418873e:	f003 fd27 	bl	3418c190 <__ssprint_r>
34188742:	2800      	cmp	r0, #0
34188744:	f47f ae21 	bne.w	3418838a <_svfprintf_r+0xa6a>
34188748:	a929      	add	r1, sp, #164	@ 0xa4
3418874a:	e9dd 3227 	ldrd	r3, r2, [sp, #156]	@ 0x9c
3418874e:	e6ae      	b.n	341884ae <_svfprintf_r+0xb8e>
34188750:	980f      	ldr	r0, [sp, #60]	@ 0x3c
34188752:	2801      	cmp	r0, #1
34188754:	f77f aeab 	ble.w	341884ae <_svfprintf_r+0xb8e>
34188758:	2811      	cmp	r0, #17
3418875a:	f341 808d 	ble.w	34189878 <_svfprintf_r+0x1f58>
3418875e:	2410      	movs	r4, #16
34188760:	4f64      	ldr	r7, [pc, #400]	@ (341888f4 <_svfprintf_r+0xfd4>)
34188762:	9d05      	ldr	r5, [sp, #20]
34188764:	e003      	b.n	3418876e <_svfprintf_r+0xe4e>
34188766:	3e10      	subs	r6, #16
34188768:	2e10      	cmp	r6, #16
3418876a:	f340 8389 	ble.w	34188e80 <_svfprintf_r+0x1560>
3418876e:	3301      	adds	r3, #1
34188770:	3210      	adds	r2, #16
34188772:	2b07      	cmp	r3, #7
34188774:	e9c1 7400 	strd	r7, r4, [r1]
34188778:	e9cd 3227 	strd	r3, r2, [sp, #156]	@ 0x9c
3418877c:	f101 0108 	add.w	r1, r1, #8
34188780:	ddf1      	ble.n	34188766 <_svfprintf_r+0xe46>
34188782:	aa26      	add	r2, sp, #152	@ 0x98
34188784:	4629      	mov	r1, r5
34188786:	4658      	mov	r0, fp
34188788:	f003 fd02 	bl	3418c190 <__ssprint_r>
3418878c:	2800      	cmp	r0, #0
3418878e:	f47f adfc 	bne.w	3418838a <_svfprintf_r+0xa6a>
34188792:	a929      	add	r1, sp, #164	@ 0xa4
34188794:	e9dd 3227 	ldrd	r3, r2, [sp, #156]	@ 0x9c
34188798:	e7e5      	b.n	34188766 <_svfprintf_r+0xe46>
3418879a:	aa26      	add	r2, sp, #152	@ 0x98
3418879c:	9905      	ldr	r1, [sp, #20]
3418879e:	4658      	mov	r0, fp
341887a0:	f003 fcf6 	bl	3418c190 <__ssprint_r>
341887a4:	2800      	cmp	r0, #0
341887a6:	f47f adf0 	bne.w	3418838a <_svfprintf_r+0xa6a>
341887aa:	9a28      	ldr	r2, [sp, #160]	@ 0xa0
341887ac:	af29      	add	r7, sp, #164	@ 0xa4
341887ae:	f7ff ba0d 	b.w	34187bcc <_svfprintf_r+0x2ac>
341887b2:	aa26      	add	r2, sp, #152	@ 0x98
341887b4:	9905      	ldr	r1, [sp, #20]
341887b6:	4658      	mov	r0, fp
341887b8:	f003 fcea 	bl	3418c190 <__ssprint_r>
341887bc:	2800      	cmp	r0, #0
341887be:	f47f ade4 	bne.w	3418838a <_svfprintf_r+0xa6a>
341887c2:	a929      	add	r1, sp, #164	@ 0xa4
341887c4:	e9dd 3227 	ldrd	r3, r2, [sp, #156]	@ 0x9c
341887c8:	e652      	b.n	34188470 <_svfprintf_r+0xb50>
341887ca:	aa26      	add	r2, sp, #152	@ 0x98
341887cc:	9905      	ldr	r1, [sp, #20]
341887ce:	4658      	mov	r0, fp
341887d0:	f003 fcde 	bl	3418c190 <__ssprint_r>
341887d4:	2800      	cmp	r0, #0
341887d6:	f47f add8 	bne.w	3418838a <_svfprintf_r+0xa6a>
341887da:	a929      	add	r1, sp, #164	@ 0xa4
341887dc:	e9dd 3227 	ldrd	r3, r2, [sp, #156]	@ 0x9c
341887e0:	e652      	b.n	34188488 <_svfprintf_r+0xb68>
341887e2:	9b04      	ldr	r3, [sp, #16]
341887e4:	07d8      	lsls	r0, r3, #31
341887e6:	f57f aa01 	bpl.w	34187bec <_svfprintf_r+0x2cc>
341887ea:	e512      	b.n	34188212 <_svfprintf_r+0x8f2>
341887ec:	f021 0380 	bic.w	r3, r1, #128	@ 0x80
341887f0:	9304      	str	r3, [sp, #16]
341887f2:	f47f aaea 	bne.w	34187dca <_svfprintf_r+0x4aa>
341887f6:	ea56 0308 	orrs.w	r3, r6, r8
341887fa:	f47f aae6 	bne.w	34187dca <_svfprintf_r+0x4aa>
341887fe:	bf14      	ite	ne
34188800:	2301      	movne	r3, #1
34188802:	4613      	moveq	r3, r2
34188804:	930d      	str	r3, [sp, #52]	@ 0x34
34188806:	f04f 0a00 	mov.w	sl, #0
3418880a:	f89d 0067 	ldrb.w	r0, [sp, #103]	@ 0x67
3418880e:	ad52      	add	r5, sp, #328	@ 0x148
34188810:	f8cd a008 	str.w	sl, [sp, #8]
34188814:	f8cd a028 	str.w	sl, [sp, #40]	@ 0x28
34188818:	f7ff baec 	b.w	34187df4 <_svfprintf_r+0x4d4>
3418881c:	782c      	ldrb	r4, [r5, #0]
3418881e:	930b      	str	r3, [sp, #44]	@ 0x2c
34188820:	f7ff b8d2 	b.w	341879c8 <_svfprintf_r+0xa8>
34188824:	2300      	movs	r3, #0
34188826:	9e0c      	ldr	r6, [sp, #48]	@ 0x30
34188828:	930c      	str	r3, [sp, #48]	@ 0x30
3418882a:	f7ff b9a6 	b.w	34187b7a <_svfprintf_r+0x25a>
3418882e:	9a04      	ldr	r2, [sp, #16]
34188830:	06d0      	lsls	r0, r2, #27
34188832:	f100 8315 	bmi.w	34188e60 <_svfprintf_r+0x1540>
34188836:	9a04      	ldr	r2, [sp, #16]
34188838:	0651      	lsls	r1, r2, #25
3418883a:	f100 8476 	bmi.w	3418912a <_svfprintf_r+0x180a>
3418883e:	9a04      	ldr	r2, [sp, #16]
34188840:	0592      	lsls	r2, r2, #22
34188842:	f140 830d 	bpl.w	34188e60 <_svfprintf_r+0x1540>
34188846:	9a0b      	ldr	r2, [sp, #44]	@ 0x2c
34188848:	9907      	ldr	r1, [sp, #28]
3418884a:	6812      	ldr	r2, [r2, #0]
3418884c:	7011      	strb	r1, [r2, #0]
3418884e:	f7ff bb1b 	b.w	34187e88 <_svfprintf_r+0x568>
34188852:	9b04      	ldr	r3, [sp, #16]
34188854:	9a0b      	ldr	r2, [sp, #44]	@ 0x2c
34188856:	06dd      	lsls	r5, r3, #27
34188858:	f852 6b04 	ldr.w	r6, [r2], #4
3418885c:	f101 805e 	bmi.w	3418991c <_svfprintf_r+0x1ffc>
34188860:	9b04      	ldr	r3, [sp, #16]
34188862:	0658      	lsls	r0, r3, #25
34188864:	f140 8318 	bpl.w	34188e98 <_svfprintf_r+0x1578>
34188868:	f346 38c0 	sbfx	r8, r6, #15, #1
3418886c:	920b      	str	r2, [sp, #44]	@ 0x2c
3418886e:	b236      	sxth	r6, r6
34188870:	4643      	mov	r3, r8
34188872:	f7ff ba11 	b.w	34187c98 <_svfprintf_r+0x378>
34188876:	eeb4 8b48 	vcmp.f64	d8, d8
3418887a:	eef1 fa10 	vmrs	APSR_nzcv, fpscr
3418887e:	f180 86b4 	bvs.w	341895ea <_svfprintf_r+0x1cca>
34188882:	f024 0620 	bic.w	r6, r4, #32
34188886:	2e41      	cmp	r6, #65	@ 0x41
34188888:	f040 8336 	bne.w	34188ef8 <_svfprintf_r+0x15d8>
3418888c:	2330      	movs	r3, #48	@ 0x30
3418888e:	2c61      	cmp	r4, #97	@ 0x61
34188890:	f88d 3068 	strb.w	r3, [sp, #104]	@ 0x68
34188894:	bf14      	ite	ne
34188896:	2358      	movne	r3, #88	@ 0x58
34188898:	2378      	moveq	r3, #120	@ 0x78
3418889a:	f1ba 0f63 	cmp.w	sl, #99	@ 0x63
3418889e:	f88d 3069 	strb.w	r3, [sp, #105]	@ 0x69
341888a2:	f300 848e 	bgt.w	341891c2 <_svfprintf_r+0x18a2>
341888a6:	ee18 3a90 	vmov	r3, s17
341888aa:	2b00      	cmp	r3, #0
341888ac:	f2c0 8672 	blt.w	34189594 <_svfprintf_r+0x1c74>
341888b0:	eeb0 0b48 	vmov.f64	d0, d8
341888b4:	f04f 0800 	mov.w	r8, #0
341888b8:	ad39      	add	r5, sp, #228	@ 0xe4
341888ba:	f8cd 8024 	str.w	r8, [sp, #36]	@ 0x24
341888be:	9b04      	ldr	r3, [sp, #16]
341888c0:	a81b      	add	r0, sp, #108	@ 0x6c
341888c2:	f043 0302 	orr.w	r3, r3, #2
341888c6:	9304      	str	r3, [sp, #16]
341888c8:	f003 ff46 	bl	3418c758 <frexp>
341888cc:	eeb4 7b00 	vmov.f64	d7, #64	@ 0x3e000000  0.125
341888d0:	ee20 7b07 	vmul.f64	d7, d0, d7
341888d4:	eeb5 7b40 	vcmp.f64	d7, #0.0
341888d8:	eef1 fa10 	vmrs	APSR_nzcv, fpscr
341888dc:	d101      	bne.n	341888e2 <_svfprintf_r+0xfc2>
341888de:	2301      	movs	r3, #1
341888e0:	931b      	str	r3, [sp, #108]	@ 0x6c
341888e2:	2c61      	cmp	r4, #97	@ 0x61
341888e4:	eeb3 4b00 	vmov.f64	d4, #48	@ 0x41800000  16.0
341888e8:	462b      	mov	r3, r5
341888ea:	4651      	mov	r1, sl
341888ec:	bf0c      	ite	eq
341888ee:	4803      	ldreq	r0, [pc, #12]	@ (341888fc <_svfprintf_r+0xfdc>)
341888f0:	4803      	ldrne	r0, [pc, #12]	@ (34188900 <_svfprintf_r+0xfe0>)
341888f2:	e00e      	b.n	34188912 <_svfprintf_r+0xff2>
341888f4:	3419011c 	.word	0x3419011c
341888f8:	3419012c 	.word	0x3419012c
341888fc:	3418fe84 	.word	0x3418fe84
34188900:	3418fe98 	.word	0x3418fe98
34188904:	eeb5 7b40 	vcmp.f64	d7, #0.0
34188908:	eef1 fa10 	vmrs	APSR_nzcv, fpscr
3418890c:	f000 864b 	beq.w	341895a6 <_svfprintf_r+0x1c86>
34188910:	4611      	mov	r1, r2
34188912:	ee27 7b04 	vmul.f64	d7, d7, d4
34188916:	461e      	mov	r6, r3
34188918:	1e4a      	subs	r2, r1, #1
3418891a:	eefd 6bc7 	vcvt.s32.f64	s13, d7
3418891e:	ee16 ca90 	vmov	ip, s13
34188922:	eeb8 5be6 	vcvt.f64.s32	d5, s13
34188926:	f810 c00c 	ldrb.w	ip, [r0, ip]
3418892a:	ee37 7b45 	vsub.f64	d7, d7, d5
3418892e:	f803 cb01 	strb.w	ip, [r3], #1
34188932:	2900      	cmp	r1, #0
34188934:	d1e6      	bne.n	34188904 <_svfprintf_r+0xfe4>
34188936:	eeb6 5b00 	vmov.f64	d5, #96	@ 0x3f000000  0.5
3418893a:	eeb4 7bc5 	vcmpe.f64	d7, d5
3418893e:	eef1 fa10 	vmrs	APSR_nzcv, fpscr
34188942:	dc08      	bgt.n	34188956 <_svfprintf_r+0x1036>
34188944:	eeb4 7b45 	vcmp.f64	d7, d5
34188948:	eef1 fa10 	vmrs	APSR_nzcv, fpscr
3418894c:	d11c      	bne.n	34188988 <_svfprintf_r+0x1068>
3418894e:	ee16 2a90 	vmov	r2, s13
34188952:	07d2      	lsls	r2, r2, #31
34188954:	d518      	bpl.n	34188988 <_svfprintf_r+0x1068>
34188956:	9624      	str	r6, [sp, #144]	@ 0x90
34188958:	461a      	mov	r2, r3
3418895a:	7bc6      	ldrb	r6, [r0, #15]
3418895c:	f813 1c01 	ldrb.w	r1, [r3, #-1]
34188960:	428e      	cmp	r6, r1
34188962:	d10a      	bne.n	3418897a <_svfprintf_r+0x105a>
34188964:	f04f 0c30 	mov.w	ip, #48	@ 0x30
34188968:	f802 cc01 	strb.w	ip, [r2, #-1]
3418896c:	9a24      	ldr	r2, [sp, #144]	@ 0x90
3418896e:	1e51      	subs	r1, r2, #1
34188970:	9124      	str	r1, [sp, #144]	@ 0x90
34188972:	f812 1c01 	ldrb.w	r1, [r2, #-1]
34188976:	42b1      	cmp	r1, r6
34188978:	d0f6      	beq.n	34188968 <_svfprintf_r+0x1048>
3418897a:	2939      	cmp	r1, #57	@ 0x39
3418897c:	f000 8791 	beq.w	341898a2 <_svfprintf_r+0x1f82>
34188980:	3101      	adds	r1, #1
34188982:	b2c9      	uxtb	r1, r1
34188984:	f802 1c01 	strb.w	r1, [r2, #-1]
34188988:	1b5b      	subs	r3, r3, r5
3418898a:	9a1b      	ldr	r2, [sp, #108]	@ 0x6c
3418898c:	930f      	str	r3, [sp, #60]	@ 0x3c
3418898e:	f104 030f 	add.w	r3, r4, #15
34188992:	f88d 3078 	strb.w	r3, [sp, #120]	@ 0x78
34188996:	1e53      	subs	r3, r2, #1
34188998:	2b00      	cmp	r3, #0
3418899a:	931b      	str	r3, [sp, #108]	@ 0x6c
3418899c:	f2c0 86e5 	blt.w	3418976a <_svfprintf_r+0x1e4a>
341889a0:	222b      	movs	r2, #43	@ 0x2b
341889a2:	2b09      	cmp	r3, #9
341889a4:	f88d 2079 	strb.w	r2, [sp, #121]	@ 0x79
341889a8:	f300 846f 	bgt.w	3418928a <_svfprintf_r+0x196a>
341889ac:	f10d 027a 	add.w	r2, sp, #122	@ 0x7a
341889b0:	3330      	adds	r3, #48	@ 0x30
341889b2:	f802 3b01 	strb.w	r3, [r2], #1
341889b6:	ab1e      	add	r3, sp, #120	@ 0x78
341889b8:	1ad3      	subs	r3, r2, r3
341889ba:	9313      	str	r3, [sp, #76]	@ 0x4c
341889bc:	9b0f      	ldr	r3, [sp, #60]	@ 0x3c
341889be:	9a13      	ldr	r2, [sp, #76]	@ 0x4c
341889c0:	2b01      	cmp	r3, #1
341889c2:	441a      	add	r2, r3
341889c4:	920a      	str	r2, [sp, #40]	@ 0x28
341889c6:	f340 85d5 	ble.w	34189574 <_svfprintf_r+0x1c54>
341889ca:	9b0a      	ldr	r3, [sp, #40]	@ 0x28
341889cc:	9a11      	ldr	r2, [sp, #68]	@ 0x44
341889ce:	4413      	add	r3, r2
341889d0:	930a      	str	r3, [sp, #40]	@ 0x28
341889d2:	9a04      	ldr	r2, [sp, #16]
341889d4:	f422 6380 	bic.w	r3, r2, #1024	@ 0x400
341889d8:	f002 0202 	and.w	r2, r2, #2
341889dc:	f443 7380 	orr.w	r3, r3, #256	@ 0x100
341889e0:	920d      	str	r2, [sp, #52]	@ 0x34
341889e2:	9304      	str	r3, [sp, #16]
341889e4:	9b0a      	ldr	r3, [sp, #40]	@ 0x28
341889e6:	ea23 73e3 	bic.w	r3, r3, r3, asr #31
341889ea:	9302      	str	r3, [sp, #8]
341889ec:	f1b8 0f00 	cmp.w	r8, #0
341889f0:	f000 85b7 	beq.w	34189562 <_svfprintf_r+0x1c42>
341889f4:	202d      	movs	r0, #45	@ 0x2d
341889f6:	f04f 0a00 	mov.w	sl, #0
341889fa:	f88d 0067 	strb.w	r0, [sp, #103]	@ 0x67
341889fe:	f7ff b9fc 	b.w	34187dfa <_svfprintf_r+0x4da>
34188a02:	9904      	ldr	r1, [sp, #16]
34188a04:	9a0b      	ldr	r2, [sp, #44]	@ 0x2c
34188a06:	f011 0010 	ands.w	r0, r1, #16
34188a0a:	f852 3b04 	ldr.w	r3, [r2], #4
34188a0e:	f47f abcd 	bne.w	341881ac <_svfprintf_r+0x88c>
34188a12:	9d04      	ldr	r5, [sp, #16]
34188a14:	f015 0140 	ands.w	r1, r5, #64	@ 0x40
34188a18:	f000 8249 	beq.w	34188eae <_svfprintf_r+0x158e>
34188a1c:	f04f 0800 	mov.w	r8, #0
34188a20:	b29b      	uxth	r3, r3
34188a22:	f88d 0067 	strb.w	r0, [sp, #103]	@ 0x67
34188a26:	45c2      	cmp	sl, r8
34188a28:	461e      	mov	r6, r3
34188a2a:	f2c0 8125 	blt.w	34188c78 <_svfprintf_r+0x1358>
34188a2e:	f025 0180 	bic.w	r1, r5, #128	@ 0x80
34188a32:	ea5a 0303 	orrs.w	r3, sl, r3
34188a36:	9104      	str	r1, [sp, #16]
34188a38:	920b      	str	r2, [sp, #44]	@ 0x2c
34188a3a:	930d      	str	r3, [sp, #52]	@ 0x34
34188a3c:	f47f a9c5 	bne.w	34187dca <_svfprintf_r+0x4aa>
34188a40:	e6e1      	b.n	34188806 <_svfprintf_r+0xee6>
34188a42:	9904      	ldr	r1, [sp, #16]
34188a44:	9a0b      	ldr	r2, [sp, #44]	@ 0x2c
34188a46:	06c8      	lsls	r0, r1, #27
34188a48:	f852 3b04 	ldr.w	r3, [r2], #4
34188a4c:	f100 876d 	bmi.w	3418992a <_svfprintf_r+0x200a>
34188a50:	9804      	ldr	r0, [sp, #16]
34188a52:	0641      	lsls	r1, r0, #25
34188a54:	f140 8246 	bpl.w	34188ee4 <_svfprintf_r+0x15c4>
34188a58:	b29b      	uxth	r3, r3
34188a5a:	2100      	movs	r1, #0
34188a5c:	920b      	str	r2, [sp, #44]	@ 0x2c
34188a5e:	f7ff ba55 	b.w	34187f0c <_svfprintf_r+0x5ec>
34188a62:	2330      	movs	r3, #48	@ 0x30
34188a64:	3802      	subs	r0, #2
34188a66:	f805 3c01 	strb.w	r3, [r5, #-1]
34188a6a:	ab52      	add	r3, sp, #328	@ 0x148
34188a6c:	4605      	mov	r5, r0
34188a6e:	1a1b      	subs	r3, r3, r0
34188a70:	4553      	cmp	r3, sl
34188a72:	930a      	str	r3, [sp, #40]	@ 0x28
34188a74:	bfb8      	it	lt
34188a76:	4653      	movlt	r3, sl
34188a78:	9302      	str	r3, [sp, #8]
34188a7a:	f7ff ba96 	b.w	34187faa <_svfprintf_r+0x68a>
34188a7e:	4ea7      	ldr	r6, [pc, #668]	@ (34188d1c <_svfprintf_r+0x13fc>)
34188a80:	9506      	str	r5, [sp, #24]
34188a82:	9b04      	ldr	r3, [sp, #16]
34188a84:	9a0b      	ldr	r2, [sp, #44]	@ 0x2c
34188a86:	069b      	lsls	r3, r3, #26
34188a88:	f140 80f9 	bpl.w	34188c7e <_svfprintf_r+0x135e>
34188a8c:	3207      	adds	r2, #7
34188a8e:	f022 0207 	bic.w	r2, r2, #7
34188a92:	6851      	ldr	r1, [r2, #4]
34188a94:	f852 3b08 	ldr.w	r3, [r2], #8
34188a98:	ea53 0001 	orrs.w	r0, r3, r1
34188a9c:	9d04      	ldr	r5, [sp, #16]
34188a9e:	bf14      	ite	ne
34188aa0:	2001      	movne	r0, #1
34188aa2:	2000      	moveq	r0, #0
34188aa4:	07ed      	lsls	r5, r5, #31
34188aa6:	d502      	bpl.n	34188aae <_svfprintf_r+0x118e>
34188aa8:	2800      	cmp	r0, #0
34188aaa:	f040 8161 	bne.w	34188d70 <_svfprintf_r+0x1450>
34188aae:	2500      	movs	r5, #0
34188ab0:	45aa      	cmp	sl, r5
34188ab2:	f88d 5067 	strb.w	r5, [sp, #103]	@ 0x67
34188ab6:	f2c0 80f2 	blt.w	34188c9e <_svfprintf_r+0x137e>
34188aba:	9d04      	ldr	r5, [sp, #16]
34188abc:	f425 6590 	bic.w	r5, r5, #1152	@ 0x480
34188ac0:	9504      	str	r5, [sp, #16]
34188ac2:	f040 816c 	bne.w	34188d9e <_svfprintf_r+0x147e>
34188ac6:	2800      	cmp	r0, #0
34188ac8:	f040 8169 	bne.w	34188d9e <_svfprintf_r+0x147e>
34188acc:	920b      	str	r2, [sp, #44]	@ 0x2c
34188ace:	900d      	str	r0, [sp, #52]	@ 0x34
34188ad0:	e699      	b.n	34188806 <_svfprintf_r+0xee6>
34188ad2:	4e93      	ldr	r6, [pc, #588]	@ (34188d20 <_svfprintf_r+0x1400>)
34188ad4:	9506      	str	r5, [sp, #24]
34188ad6:	e7d4      	b.n	34188a82 <_svfprintf_r+0x1162>
34188ad8:	9804      	ldr	r0, [sp, #16]
34188ada:	2478      	movs	r4, #120	@ 0x78
34188adc:	920b      	str	r2, [sp, #44]	@ 0x2c
34188ade:	2202      	movs	r2, #2
34188ae0:	f040 0002 	orr.w	r0, r0, #2
34188ae4:	4e8e      	ldr	r6, [pc, #568]	@ (34188d20 <_svfprintf_r+0x1400>)
34188ae6:	920d      	str	r2, [sp, #52]	@ 0x34
34188ae8:	9004      	str	r0, [sp, #16]
34188aea:	4608      	mov	r0, r1
34188aec:	ad52      	add	r5, sp, #328	@ 0x148
34188aee:	f003 020f 	and.w	r2, r3, #15
34188af2:	091b      	lsrs	r3, r3, #4
34188af4:	5cb2      	ldrb	r2, [r6, r2]
34188af6:	ea43 7301 	orr.w	r3, r3, r1, lsl #28
34188afa:	0909      	lsrs	r1, r1, #4
34188afc:	f805 2d01 	strb.w	r2, [r5, #-1]!
34188b00:	ea53 0201 	orrs.w	r2, r3, r1
34188b04:	d1f3      	bne.n	34188aee <_svfprintf_r+0x11ce>
34188b06:	ab52      	add	r3, sp, #328	@ 0x148
34188b08:	1b5b      	subs	r3, r3, r5
34188b0a:	4553      	cmp	r3, sl
34188b0c:	930a      	str	r3, [sp, #40]	@ 0x28
34188b0e:	bfb8      	it	lt
34188b10:	4653      	movlt	r3, sl
34188b12:	9302      	str	r3, [sp, #8]
34188b14:	f7ff b96e 	b.w	34187df4 <_svfprintf_r+0x4d4>
34188b18:	9b0b      	ldr	r3, [sp, #44]	@ 0x2c
34188b1a:	2201      	movs	r2, #1
34188b1c:	ad39      	add	r5, sp, #228	@ 0xe4
34188b1e:	681b      	ldr	r3, [r3, #0]
34188b20:	9202      	str	r2, [sp, #8]
34188b22:	f88d 30e4 	strb.w	r3, [sp, #228]	@ 0xe4
34188b26:	920a      	str	r2, [sp, #40]	@ 0x28
34188b28:	f7ff b8f5 	b.w	34187d16 <_svfprintf_r+0x3f6>
34188b2c:	aa26      	add	r2, sp, #152	@ 0x98
34188b2e:	9905      	ldr	r1, [sp, #20]
34188b30:	4658      	mov	r0, fp
34188b32:	f003 fb2d 	bl	3418c190 <__ssprint_r>
34188b36:	2800      	cmp	r0, #0
34188b38:	f47f ac27 	bne.w	3418838a <_svfprintf_r+0xa6a>
34188b3c:	9a28      	ldr	r2, [sp, #160]	@ 0xa0
34188b3e:	af29      	add	r7, sp, #164	@ 0xa4
34188b40:	f7ff bb74 	b.w	3418822c <_svfprintf_r+0x90c>
34188b44:	f043 0320 	orr.w	r3, r3, #32
34188b48:	786c      	ldrb	r4, [r5, #1]
34188b4a:	3501      	adds	r5, #1
34188b4c:	9304      	str	r3, [sp, #16]
34188b4e:	f7fe bf3b 	b.w	341879c8 <_svfprintf_r+0xa8>
34188b52:	f443 7300 	orr.w	r3, r3, #512	@ 0x200
34188b56:	786c      	ldrb	r4, [r5, #1]
34188b58:	3501      	adds	r5, #1
34188b5a:	9304      	str	r3, [sp, #16]
34188b5c:	f7fe bf34 	b.w	341879c8 <_svfprintf_r+0xa8>
34188b60:	2140      	movs	r1, #64	@ 0x40
34188b62:	4658      	mov	r0, fp
34188b64:	f7fd fe6e 	bl	34186844 <_malloc_r>
34188b68:	9b05      	ldr	r3, [sp, #20]
34188b6a:	6018      	str	r0, [r3, #0]
34188b6c:	6118      	str	r0, [r3, #16]
34188b6e:	2800      	cmp	r0, #0
34188b70:	f000 86bd 	beq.w	341898ee <_svfprintf_r+0x1fce>
34188b74:	2340      	movs	r3, #64	@ 0x40
34188b76:	9a05      	ldr	r2, [sp, #20]
34188b78:	6153      	str	r3, [r2, #20]
34188b7a:	f7fe bef1 	b.w	34187960 <_svfprintf_r+0x40>
34188b7e:	4653      	mov	r3, sl
34188b80:	46aa      	mov	sl, r5
34188b82:	f8cd 802c 	str.w	r8, [sp, #44]	@ 0x2c
34188b86:	2b06      	cmp	r3, #6
34188b88:	f8cd a040 	str.w	sl, [sp, #64]	@ 0x40
34188b8c:	bf28      	it	cs
34188b8e:	2306      	movcs	r3, #6
34188b90:	e9cd aa0d 	strd	sl, sl, [sp, #52]	@ 0x34
34188b94:	e9cd 5309 	strd	r5, r3, [sp, #36]	@ 0x24
34188b98:	9302      	str	r3, [sp, #8]
34188b9a:	4d62      	ldr	r5, [pc, #392]	@ (34188d24 <_svfprintf_r+0x1404>)
34188b9c:	f7fe bfdf 	b.w	34187b5e <_svfprintf_r+0x23e>
34188ba0:	2c10      	cmp	r4, #16
34188ba2:	9b27      	ldr	r3, [sp, #156]	@ 0x9c
34188ba4:	f340 867a 	ble.w	3418989c <_svfprintf_r+0x1f7c>
34188ba8:	46a8      	mov	r8, r5
34188baa:	2610      	movs	r6, #16
34188bac:	f8dd a014 	ldr.w	sl, [sp, #20]
34188bb0:	4d5d      	ldr	r5, [pc, #372]	@ (34188d28 <_svfprintf_r+0x1408>)
34188bb2:	e003      	b.n	34188bbc <_svfprintf_r+0x129c>
34188bb4:	3c10      	subs	r4, #16
34188bb6:	2c10      	cmp	r4, #16
34188bb8:	f340 827e 	ble.w	341890b8 <_svfprintf_r+0x1798>
34188bbc:	3301      	adds	r3, #1
34188bbe:	3210      	adds	r2, #16
34188bc0:	2b07      	cmp	r3, #7
34188bc2:	e9c7 5600 	strd	r5, r6, [r7]
34188bc6:	e9cd 3227 	strd	r3, r2, [sp, #156]	@ 0x9c
34188bca:	f107 0708 	add.w	r7, r7, #8
34188bce:	ddf1      	ble.n	34188bb4 <_svfprintf_r+0x1294>
34188bd0:	aa26      	add	r2, sp, #152	@ 0x98
34188bd2:	4651      	mov	r1, sl
34188bd4:	4658      	mov	r0, fp
34188bd6:	f003 fadb 	bl	3418c190 <__ssprint_r>
34188bda:	2800      	cmp	r0, #0
34188bdc:	f47f abd5 	bne.w	3418838a <_svfprintf_r+0xa6a>
34188be0:	af29      	add	r7, sp, #164	@ 0xa4
34188be2:	e9dd 3227 	ldrd	r3, r2, [sp, #156]	@ 0x9c
34188be6:	e7e5      	b.n	34188bb4 <_svfprintf_r+0x1294>
34188be8:	9b0e      	ldr	r3, [sp, #56]	@ 0x38
34188bea:	9810      	ldr	r0, [sp, #64]	@ 0x40
34188bec:	4303      	orrs	r3, r0
34188bee:	9b0f      	ldr	r3, [sp, #60]	@ 0x3c
34188bf0:	442b      	add	r3, r5
34188bf2:	f000 867a 	beq.w	341898ea <_svfprintf_r+0x1fca>
34188bf6:	4656      	mov	r6, sl
34188bf8:	4639      	mov	r1, r7
34188bfa:	f8df 812c 	ldr.w	r8, [pc, #300]	@ 34188d28 <_svfprintf_r+0x1408>
34188bfe:	4607      	mov	r7, r0
34188c00:	f8dd a058 	ldr.w	sl, [sp, #88]	@ 0x58
34188c04:	9517      	str	r5, [sp, #92]	@ 0x5c
34188c06:	2f00      	cmp	r7, #0
34188c08:	dc34      	bgt.n	34188c74 <_svfprintf_r+0x1354>
34188c0a:	980e      	ldr	r0, [sp, #56]	@ 0x38
34188c0c:	f10a 3aff 	add.w	sl, sl, #4294967295	@ 0xffffffff
34188c10:	3801      	subs	r0, #1
34188c12:	900e      	str	r0, [sp, #56]	@ 0x38
34188c14:	9814      	ldr	r0, [sp, #80]	@ 0x50
34188c16:	9c15      	ldr	r4, [sp, #84]	@ 0x54
34188c18:	4402      	add	r2, r0
34188c1a:	e9c1 4000 	strd	r4, r0, [r1]
34188c1e:	9827      	ldr	r0, [sp, #156]	@ 0x9c
34188c20:	9228      	str	r2, [sp, #160]	@ 0xa0
34188c22:	3001      	adds	r0, #1
34188c24:	2807      	cmp	r0, #7
34188c26:	9027      	str	r0, [sp, #156]	@ 0x9c
34188c28:	f300 8095 	bgt.w	34188d56 <_svfprintf_r+0x1436>
34188c2c:	3108      	adds	r1, #8
34188c2e:	1b9d      	subs	r5, r3, r6
34188c30:	f89a 0000 	ldrb.w	r0, [sl]
34188c34:	930a      	str	r3, [sp, #40]	@ 0x28
34188c36:	4285      	cmp	r5, r0
34188c38:	bfa8      	it	ge
34188c3a:	4605      	movge	r5, r0
34188c3c:	2d00      	cmp	r5, #0
34188c3e:	dd0c      	ble.n	34188c5a <_svfprintf_r+0x133a>
34188c40:	9827      	ldr	r0, [sp, #156]	@ 0x9c
34188c42:	442a      	add	r2, r5
34188c44:	3001      	adds	r0, #1
34188c46:	9228      	str	r2, [sp, #160]	@ 0xa0
34188c48:	2807      	cmp	r0, #7
34188c4a:	9027      	str	r0, [sp, #156]	@ 0x9c
34188c4c:	e9c1 6500 	strd	r6, r5, [r1]
34188c50:	f300 80f2 	bgt.w	34188e38 <_svfprintf_r+0x1518>
34188c54:	3108      	adds	r1, #8
34188c56:	f89a 0000 	ldrb.w	r0, [sl]
34188c5a:	2d00      	cmp	r5, #0
34188c5c:	bfac      	ite	ge
34188c5e:	1b44      	subge	r4, r0, r5
34188c60:	4604      	movlt	r4, r0
34188c62:	2c00      	cmp	r4, #0
34188c64:	dc23      	bgt.n	34188cae <_svfprintf_r+0x138e>
34188c66:	4406      	add	r6, r0
34188c68:	980e      	ldr	r0, [sp, #56]	@ 0x38
34188c6a:	2800      	cmp	r0, #0
34188c6c:	dccb      	bgt.n	34188c06 <_svfprintf_r+0x12e6>
34188c6e:	2f00      	cmp	r7, #0
34188c70:	f340 8585 	ble.w	3418977e <_svfprintf_r+0x1e5e>
34188c74:	3f01      	subs	r7, #1
34188c76:	e7cd      	b.n	34188c14 <_svfprintf_r+0x12f4>
34188c78:	920b      	str	r2, [sp, #44]	@ 0x2c
34188c7a:	f7ff b8a6 	b.w	34187dca <_svfprintf_r+0x4aa>
34188c7e:	9904      	ldr	r1, [sp, #16]
34188c80:	f852 3b04 	ldr.w	r3, [r2], #4
34188c84:	06cd      	lsls	r5, r1, #27
34188c86:	d408      	bmi.n	34188c9a <_svfprintf_r+0x137a>
34188c88:	0648      	lsls	r0, r1, #25
34188c8a:	d502      	bpl.n	34188c92 <_svfprintf_r+0x1372>
34188c8c:	b29b      	uxth	r3, r3
34188c8e:	2100      	movs	r1, #0
34188c90:	e702      	b.n	34188a98 <_svfprintf_r+0x1178>
34188c92:	9904      	ldr	r1, [sp, #16]
34188c94:	0589      	lsls	r1, r1, #22
34188c96:	f100 8253 	bmi.w	34189140 <_svfprintf_r+0x1820>
34188c9a:	2100      	movs	r1, #0
34188c9c:	e6fc      	b.n	34188a98 <_svfprintf_r+0x1178>
34188c9e:	9804      	ldr	r0, [sp, #16]
34188ca0:	950d      	str	r5, [sp, #52]	@ 0x34
34188ca2:	f420 6080 	bic.w	r0, r0, #1024	@ 0x400
34188ca6:	920b      	str	r2, [sp, #44]	@ 0x2c
34188ca8:	9004      	str	r0, [sp, #16]
34188caa:	4628      	mov	r0, r5
34188cac:	e71e      	b.n	34188aec <_svfprintf_r+0x11cc>
34188cae:	2c10      	cmp	r4, #16
34188cb0:	9827      	ldr	r0, [sp, #156]	@ 0x9c
34188cb2:	f340 85a9 	ble.w	34189808 <_svfprintf_r+0x1ee8>
34188cb6:	2510      	movs	r5, #16
34188cb8:	9310      	str	r3, [sp, #64]	@ 0x40
34188cba:	e9cd 680c 	strd	r6, r8, [sp, #48]	@ 0x30
34188cbe:	9e05      	ldr	r6, [sp, #20]
34188cc0:	e002      	b.n	34188cc8 <_svfprintf_r+0x13a8>
34188cc2:	3c10      	subs	r4, #16
34188cc4:	2c10      	cmp	r4, #16
34188cc6:	dd17      	ble.n	34188cf8 <_svfprintf_r+0x13d8>
34188cc8:	3001      	adds	r0, #1
34188cca:	3210      	adds	r2, #16
34188ccc:	2807      	cmp	r0, #7
34188cce:	e9c1 8500 	strd	r8, r5, [r1]
34188cd2:	e9cd 0227 	strd	r0, r2, [sp, #156]	@ 0x9c
34188cd6:	f101 0108 	add.w	r1, r1, #8
34188cda:	ddf2      	ble.n	34188cc2 <_svfprintf_r+0x13a2>
34188cdc:	aa26      	add	r2, sp, #152	@ 0x98
34188cde:	4631      	mov	r1, r6
34188ce0:	4658      	mov	r0, fp
34188ce2:	f003 fa55 	bl	3418c190 <__ssprint_r>
34188ce6:	2800      	cmp	r0, #0
34188ce8:	f47f ab4f 	bne.w	3418838a <_svfprintf_r+0xa6a>
34188cec:	3c10      	subs	r4, #16
34188cee:	a929      	add	r1, sp, #164	@ 0xa4
34188cf0:	2c10      	cmp	r4, #16
34188cf2:	e9dd 0227 	ldrd	r0, r2, [sp, #156]	@ 0x9c
34188cf6:	dce7      	bgt.n	34188cc8 <_svfprintf_r+0x13a8>
34188cf8:	e9dd 6c0c 	ldrd	r6, ip, [sp, #48]	@ 0x30
34188cfc:	9b10      	ldr	r3, [sp, #64]	@ 0x40
34188cfe:	3001      	adds	r0, #1
34188d00:	4422      	add	r2, r4
34188d02:	f8c1 c000 	str.w	ip, [r1]
34188d06:	2807      	cmp	r0, #7
34188d08:	604c      	str	r4, [r1, #4]
34188d0a:	e9cd 0227 	strd	r0, r2, [sp, #156]	@ 0x9c
34188d0e:	f300 8313 	bgt.w	34189338 <_svfprintf_r+0x1a18>
34188d12:	3108      	adds	r1, #8
34188d14:	f89a 0000 	ldrb.w	r0, [sl]
34188d18:	e7a5      	b.n	34188c66 <_svfprintf_r+0x1346>
34188d1a:	bf00      	nop
34188d1c:	3418fe98 	.word	0x3418fe98
34188d20:	3418fe84 	.word	0x3418fe84
34188d24:	3418feac 	.word	0x3418feac
34188d28:	3419011c 	.word	0x3419011c
34188d2c:	aa26      	add	r2, sp, #152	@ 0x98
34188d2e:	9905      	ldr	r1, [sp, #20]
34188d30:	4658      	mov	r0, fp
34188d32:	f003 fa2d 	bl	3418c190 <__ssprint_r>
34188d36:	2800      	cmp	r0, #0
34188d38:	f47f ab27 	bne.w	3418838a <_svfprintf_r+0xa6a>
34188d3c:	f89d 3067 	ldrb.w	r3, [sp, #103]	@ 0x67
34188d40:	9a28      	ldr	r2, [sp, #160]	@ 0xa0
34188d42:	2b00      	cmp	r3, #0
34188d44:	f000 8092 	beq.w	34188e6c <_svfprintf_r+0x154c>
34188d48:	9e0c      	ldr	r6, [sp, #48]	@ 0x30
34188d4a:	af29      	add	r7, sp, #164	@ 0xa4
34188d4c:	f8dd c09c 	ldr.w	ip, [sp, #156]	@ 0x9c
34188d50:	900c      	str	r0, [sp, #48]	@ 0x30
34188d52:	f7fe bf12 	b.w	34187b7a <_svfprintf_r+0x25a>
34188d56:	aa26      	add	r2, sp, #152	@ 0x98
34188d58:	9905      	ldr	r1, [sp, #20]
34188d5a:	4658      	mov	r0, fp
34188d5c:	930a      	str	r3, [sp, #40]	@ 0x28
34188d5e:	f003 fa17 	bl	3418c190 <__ssprint_r>
34188d62:	2800      	cmp	r0, #0
34188d64:	f47f ab11 	bne.w	3418838a <_svfprintf_r+0xa6a>
34188d68:	9a28      	ldr	r2, [sp, #160]	@ 0xa0
34188d6a:	a929      	add	r1, sp, #164	@ 0xa4
34188d6c:	9b0a      	ldr	r3, [sp, #40]	@ 0x28
34188d6e:	e75e      	b.n	34188c2e <_svfprintf_r+0x130e>
34188d70:	2030      	movs	r0, #48	@ 0x30
34188d72:	f88d 4069 	strb.w	r4, [sp, #105]	@ 0x69
34188d76:	f88d 0068 	strb.w	r0, [sp, #104]	@ 0x68
34188d7a:	2000      	movs	r0, #0
34188d7c:	4582      	cmp	sl, r0
34188d7e:	f88d 0067 	strb.w	r0, [sp, #103]	@ 0x67
34188d82:	f2c0 818f 	blt.w	341890a4 <_svfprintf_r+0x1784>
34188d86:	9804      	ldr	r0, [sp, #16]
34188d88:	f420 6090 	bic.w	r0, r0, #1152	@ 0x480
34188d8c:	f040 0002 	orr.w	r0, r0, #2
34188d90:	9004      	str	r0, [sp, #16]
34188d92:	2002      	movs	r0, #2
34188d94:	900d      	str	r0, [sp, #52]	@ 0x34
34188d96:	f89d 0067 	ldrb.w	r0, [sp, #103]	@ 0x67
34188d9a:	920b      	str	r2, [sp, #44]	@ 0x2c
34188d9c:	e6a6      	b.n	34188aec <_svfprintf_r+0x11cc>
34188d9e:	2000      	movs	r0, #0
34188da0:	900d      	str	r0, [sp, #52]	@ 0x34
34188da2:	e7f8      	b.n	34188d96 <_svfprintf_r+0x1476>
34188da4:	aa26      	add	r2, sp, #152	@ 0x98
34188da6:	9905      	ldr	r1, [sp, #20]
34188da8:	4658      	mov	r0, fp
34188daa:	f003 f9f1 	bl	3418c190 <__ssprint_r>
34188dae:	2800      	cmp	r0, #0
34188db0:	f47f aaeb 	bne.w	3418838a <_svfprintf_r+0xa6a>
34188db4:	9a28      	ldr	r2, [sp, #160]	@ 0xa0
34188db6:	af29      	add	r7, sp, #164	@ 0xa4
34188db8:	f7ff ba26 	b.w	34188208 <_svfprintf_r+0x8e8>
34188dbc:	2208      	movs	r2, #8
34188dbe:	2100      	movs	r1, #0
34188dc0:	a824      	add	r0, sp, #144	@ 0x90
34188dc2:	951d      	str	r5, [sp, #116]	@ 0x74
34188dc4:	f7fe fab6 	bl	34187334 <memset>
34188dc8:	f1ba 0f00 	cmp.w	sl, #0
34188dcc:	f2c0 812a 	blt.w	34189024 <_svfprintf_r+0x1704>
34188dd0:	2600      	movs	r6, #0
34188dd2:	9702      	str	r7, [sp, #8]
34188dd4:	4637      	mov	r7, r6
34188dd6:	e00e      	b.n	34188df6 <_svfprintf_r+0x14d6>
34188dd8:	a939      	add	r1, sp, #228	@ 0xe4
34188dda:	4658      	mov	r0, fp
34188ddc:	f003 fc88 	bl	3418c6f0 <_wcrtomb_r>
34188de0:	1c43      	adds	r3, r0, #1
34188de2:	f106 0604 	add.w	r6, r6, #4
34188de6:	4438      	add	r0, r7
34188de8:	f000 83ca 	beq.w	34189580 <_svfprintf_r+0x1c60>
34188dec:	4550      	cmp	r0, sl
34188dee:	dc07      	bgt.n	34188e00 <_svfprintf_r+0x14e0>
34188df0:	f000 83f2 	beq.w	341895d8 <_svfprintf_r+0x1cb8>
34188df4:	4607      	mov	r7, r0
34188df6:	9a1d      	ldr	r2, [sp, #116]	@ 0x74
34188df8:	ab24      	add	r3, sp, #144	@ 0x90
34188dfa:	5992      	ldr	r2, [r2, r6]
34188dfc:	2a00      	cmp	r2, #0
34188dfe:	d1eb      	bne.n	34188dd8 <_svfprintf_r+0x14b8>
34188e00:	970a      	str	r7, [sp, #40]	@ 0x28
34188e02:	9f02      	ldr	r7, [sp, #8]
34188e04:	e11b      	b.n	3418903e <_svfprintf_r+0x171e>
34188e06:	46b0      	mov	r8, r6
34188e08:	3301      	adds	r3, #1
34188e0a:	4422      	add	r2, r4
34188e0c:	f8c7 8000 	str.w	r8, [r7]
34188e10:	2b07      	cmp	r3, #7
34188e12:	607c      	str	r4, [r7, #4]
34188e14:	e9cd 3227 	strd	r3, r2, [sp, #156]	@ 0x9c
34188e18:	f77e aee7 	ble.w	34187bea <_svfprintf_r+0x2ca>
34188e1c:	f7ff bb0b 	b.w	34188436 <_svfprintf_r+0xb16>
34188e20:	aa26      	add	r2, sp, #152	@ 0x98
34188e22:	9905      	ldr	r1, [sp, #20]
34188e24:	4658      	mov	r0, fp
34188e26:	f003 f9b3 	bl	3418c190 <__ssprint_r>
34188e2a:	2800      	cmp	r0, #0
34188e2c:	f47f aaad 	bne.w	3418838a <_svfprintf_r+0xa6a>
34188e30:	9a28      	ldr	r2, [sp, #160]	@ 0xa0
34188e32:	af29      	add	r7, sp, #164	@ 0xa4
34188e34:	f7fe bec4 	b.w	34187bc0 <_svfprintf_r+0x2a0>
34188e38:	aa26      	add	r2, sp, #152	@ 0x98
34188e3a:	9905      	ldr	r1, [sp, #20]
34188e3c:	4658      	mov	r0, fp
34188e3e:	930c      	str	r3, [sp, #48]	@ 0x30
34188e40:	f003 f9a6 	bl	3418c190 <__ssprint_r>
34188e44:	2800      	cmp	r0, #0
34188e46:	f47f aaa0 	bne.w	3418838a <_svfprintf_r+0xa6a>
34188e4a:	f89a 0000 	ldrb.w	r0, [sl]
34188e4e:	a929      	add	r1, sp, #164	@ 0xa4
34188e50:	9a28      	ldr	r2, [sp, #160]	@ 0xa0
34188e52:	9b0c      	ldr	r3, [sp, #48]	@ 0x30
34188e54:	e701      	b.n	34188c5a <_svfprintf_r+0x133a>
34188e56:	2002      	movs	r0, #2
34188e58:	2478      	movs	r4, #120	@ 0x78
34188e5a:	4eb7      	ldr	r6, [pc, #732]	@ (34189138 <_svfprintf_r+0x1818>)
34188e5c:	900d      	str	r0, [sp, #52]	@ 0x34
34188e5e:	e79a      	b.n	34188d96 <_svfprintf_r+0x1476>
34188e60:	9a0b      	ldr	r2, [sp, #44]	@ 0x2c
34188e62:	9907      	ldr	r1, [sp, #28]
34188e64:	6812      	ldr	r2, [r2, #0]
34188e66:	6011      	str	r1, [r2, #0]
34188e68:	f7ff b80e 	b.w	34187e88 <_svfprintf_r+0x568>
34188e6c:	990c      	ldr	r1, [sp, #48]	@ 0x30
34188e6e:	2900      	cmp	r1, #0
34188e70:	f000 814f 	beq.w	34189112 <_svfprintf_r+0x17f2>
34188e74:	f8dd c09c 	ldr.w	ip, [sp, #156]	@ 0x9c
34188e78:	af29      	add	r7, sp, #164	@ 0xa4
34188e7a:	930c      	str	r3, [sp, #48]	@ 0x30
34188e7c:	f7fe be8e 	b.w	34187b9c <_svfprintf_r+0x27c>
34188e80:	46b8      	mov	r8, r7
34188e82:	3301      	adds	r3, #1
34188e84:	4432      	add	r2, r6
34188e86:	f8c1 8000 	str.w	r8, [r1]
34188e8a:	2b07      	cmp	r3, #7
34188e8c:	604e      	str	r6, [r1, #4]
34188e8e:	e9cd 3227 	strd	r3, r2, [sp, #156]	@ 0x9c
34188e92:	f77f ab0b 	ble.w	341884ac <_svfprintf_r+0xb8c>
34188e96:	e44f      	b.n	34188738 <_svfprintf_r+0xe18>
34188e98:	9b04      	ldr	r3, [sp, #16]
34188e9a:	920b      	str	r2, [sp, #44]	@ 0x2c
34188e9c:	0599      	lsls	r1, r3, #22
34188e9e:	f140 815e 	bpl.w	3418915e <_svfprintf_r+0x183e>
34188ea2:	f346 18c0 	sbfx	r8, r6, #7, #1
34188ea6:	b276      	sxtb	r6, r6
34188ea8:	4643      	mov	r3, r8
34188eaa:	f7fe bef5 	b.w	34187c98 <_svfprintf_r+0x378>
34188eae:	9804      	ldr	r0, [sp, #16]
34188eb0:	f410 7500 	ands.w	r5, r0, #512	@ 0x200
34188eb4:	950d      	str	r5, [sp, #52]	@ 0x34
34188eb6:	f040 8146 	bne.w	34189146 <_svfprintf_r+0x1826>
34188eba:	990d      	ldr	r1, [sp, #52]	@ 0x34
34188ebc:	f1ba 0f00 	cmp.w	sl, #0
34188ec0:	461e      	mov	r6, r3
34188ec2:	4688      	mov	r8, r1
34188ec4:	f88d 1067 	strb.w	r1, [sp, #103]	@ 0x67
34188ec8:	f6ff aed6 	blt.w	34188c78 <_svfprintf_r+0x1358>
34188ecc:	9904      	ldr	r1, [sp, #16]
34188ece:	920b      	str	r2, [sp, #44]	@ 0x2c
34188ed0:	f021 0180 	bic.w	r1, r1, #128	@ 0x80
34188ed4:	9104      	str	r1, [sp, #16]
34188ed6:	f47e af78 	bne.w	34187dca <_svfprintf_r+0x4aa>
34188eda:	2b00      	cmp	r3, #0
34188edc:	f43f ac93 	beq.w	34188806 <_svfprintf_r+0xee6>
34188ee0:	f7fe bf73 	b.w	34187dca <_svfprintf_r+0x4aa>
34188ee4:	9804      	ldr	r0, [sp, #16]
34188ee6:	f410 7100 	ands.w	r1, r0, #512	@ 0x200
34188eea:	f000 813d 	beq.w	34189168 <_svfprintf_r+0x1848>
34188eee:	b2db      	uxtb	r3, r3
34188ef0:	2100      	movs	r1, #0
34188ef2:	920b      	str	r2, [sp, #44]	@ 0x2c
34188ef4:	f7ff b80a 	b.w	34187f0c <_svfprintf_r+0x5ec>
34188ef8:	9b04      	ldr	r3, [sp, #16]
34188efa:	f1ba 3fff 	cmp.w	sl, #4294967295	@ 0xffffffff
34188efe:	f443 7380 	orr.w	r3, r3, #256	@ 0x100
34188f02:	930c      	str	r3, [sp, #48]	@ 0x30
34188f04:	ee18 3a90 	vmov	r3, s17
34188f08:	f000 8151 	beq.w	341891ae <_svfprintf_r+0x188e>
34188f0c:	f1ba 0f00 	cmp.w	sl, #0
34188f10:	d102      	bne.n	34188f18 <_svfprintf_r+0x15f8>
34188f12:	2e47      	cmp	r6, #71	@ 0x47
34188f14:	f000 846e 	beq.w	341897f4 <_svfprintf_r+0x1ed4>
34188f18:	2b00      	cmp	r3, #0
34188f1a:	f2c0 8361 	blt.w	341895e0 <_svfprintf_r+0x1cc0>
34188f1e:	eeb0 7b48 	vmov.f64	d7, d8
34188f22:	f04f 0800 	mov.w	r8, #0
34188f26:	2c65      	cmp	r4, #101	@ 0x65
34188f28:	f000 829d 	beq.w	34189466 <_svfprintf_r+0x1b46>
34188f2c:	f300 816a 	bgt.w	34189204 <_svfprintf_r+0x18e4>
34188f30:	2c45      	cmp	r4, #69	@ 0x45
34188f32:	f000 8298 	beq.w	34189466 <_svfprintf_r+0x1b46>
34188f36:	2c46      	cmp	r4, #70	@ 0x46
34188f38:	f040 8167 	bne.w	3418920a <_svfprintf_r+0x18ea>
34188f3c:	2103      	movs	r1, #3
34188f3e:	f8cd a03c 	str.w	sl, [sp, #60]	@ 0x3c
34188f42:	ab24      	add	r3, sp, #144	@ 0x90
34188f44:	eeb0 0b47 	vmov.f64	d0, d7
34188f48:	9a0f      	ldr	r2, [sp, #60]	@ 0x3c
34188f4a:	4658      	mov	r0, fp
34188f4c:	9301      	str	r3, [sp, #4]
34188f4e:	ab1d      	add	r3, sp, #116	@ 0x74
34188f50:	9300      	str	r3, [sp, #0]
34188f52:	ab1b      	add	r3, sp, #108	@ 0x6c
34188f54:	ed8d 7b02 	vstr	d7, [sp, #8]
34188f58:	f003 fce2 	bl	3418c920 <_dtoa_r>
34188f5c:	9b0f      	ldr	r3, [sp, #60]	@ 0x3c
34188f5e:	2e46      	cmp	r6, #70	@ 0x46
34188f60:	4605      	mov	r5, r0
34188f62:	eb00 0103 	add.w	r1, r0, r3
34188f66:	ed9d 7b02 	vldr	d7, [sp, #8]
34188f6a:	f040 83d4 	bne.w	34189716 <_svfprintf_r+0x1df6>
34188f6e:	782b      	ldrb	r3, [r5, #0]
34188f70:	2b30      	cmp	r3, #48	@ 0x30
34188f72:	f000 83c0 	beq.w	341896f6 <_svfprintf_r+0x1dd6>
34188f76:	eeb5 7b40 	vcmp.f64	d7, #0.0
34188f7a:	9a1b      	ldr	r2, [sp, #108]	@ 0x6c
34188f7c:	4411      	add	r1, r2
34188f7e:	eef1 fa10 	vmrs	APSR_nzcv, fpscr
34188f82:	f040 83e3 	bne.w	3418974c <_svfprintf_r+0x1e2c>
34188f86:	920d      	str	r2, [sp, #52]	@ 0x34
34188f88:	1b4b      	subs	r3, r1, r5
34188f8a:	930f      	str	r3, [sp, #60]	@ 0x3c
34188f8c:	9b04      	ldr	r3, [sp, #16]
34188f8e:	9a0d      	ldr	r2, [sp, #52]	@ 0x34
34188f90:	f003 0301 	and.w	r3, r3, #1
34188f94:	2a00      	cmp	r2, #0
34188f96:	ea43 030a 	orr.w	r3, r3, sl
34188f9a:	f340 8454 	ble.w	34189846 <_svfprintf_r+0x1f26>
34188f9e:	2b00      	cmp	r3, #0
34188fa0:	f040 83b3 	bne.w	3418970a <_svfprintf_r+0x1dea>
34188fa4:	9b0d      	ldr	r3, [sp, #52]	@ 0x34
34188fa6:	2466      	movs	r4, #102	@ 0x66
34188fa8:	930a      	str	r3, [sp, #40]	@ 0x28
34188faa:	9b04      	ldr	r3, [sp, #16]
34188fac:	055b      	lsls	r3, r3, #21
34188fae:	f100 8363 	bmi.w	34189678 <_svfprintf_r+0x1d58>
34188fb2:	9b0a      	ldr	r3, [sp, #40]	@ 0x28
34188fb4:	ea23 73e3 	bic.w	r3, r3, r3, asr #31
34188fb8:	9302      	str	r3, [sp, #8]
34188fba:	f1b8 0f00 	cmp.w	r8, #0
34188fbe:	f000 825b 	beq.w	34189478 <_svfprintf_r+0x1b58>
34188fc2:	9b02      	ldr	r3, [sp, #8]
34188fc4:	2200      	movs	r2, #0
34188fc6:	3301      	adds	r3, #1
34188fc8:	4692      	mov	sl, r2
34188fca:	9209      	str	r2, [sp, #36]	@ 0x24
34188fcc:	9302      	str	r3, [sp, #8]
34188fce:	9b0c      	ldr	r3, [sp, #48]	@ 0x30
34188fd0:	9210      	str	r2, [sp, #64]	@ 0x40
34188fd2:	9304      	str	r3, [sp, #16]
34188fd4:	232d      	movs	r3, #45	@ 0x2d
34188fd6:	920e      	str	r2, [sp, #56]	@ 0x38
34188fd8:	f88d 3067 	strb.w	r3, [sp, #103]	@ 0x67
34188fdc:	f7fe bdbf 	b.w	34187b5e <_svfprintf_r+0x23e>
34188fe0:	ad52      	add	r5, sp, #328	@ 0x148
34188fe2:	9009      	str	r0, [sp, #36]	@ 0x24
34188fe4:	900a      	str	r0, [sp, #40]	@ 0x28
34188fe6:	f8cd a040 	str.w	sl, [sp, #64]	@ 0x40
34188fea:	f8cd a008 	str.w	sl, [sp, #8]
34188fee:	e9cd aa0d 	strd	sl, sl, [sp, #52]	@ 0x34
34188ff2:	f7fe bdb4 	b.w	34187b5e <_svfprintf_r+0x23e>
34188ff6:	232d      	movs	r3, #45	@ 0x2d
34188ff8:	2203      	movs	r2, #3
34188ffa:	2c47      	cmp	r4, #71	@ 0x47
34188ffc:	f88d 3067 	strb.w	r3, [sp, #103]	@ 0x67
34189000:	f04f 0300 	mov.w	r3, #0
34189004:	e9cd 3209 	strd	r3, r2, [sp, #36]	@ 0x24
34189008:	f300 80b2 	bgt.w	34189170 <_svfprintf_r+0x1850>
3418900c:	4d4b      	ldr	r5, [pc, #300]	@ (3418913c <_svfprintf_r+0x181c>)
3418900e:	2204      	movs	r2, #4
34189010:	469a      	mov	sl, r3
34189012:	9310      	str	r3, [sp, #64]	@ 0x40
34189014:	9202      	str	r2, [sp, #8]
34189016:	e9cd 330d 	strd	r3, r3, [sp, #52]	@ 0x34
3418901a:	f7fe bda0 	b.w	34187b5e <_svfprintf_r+0x23e>
3418901e:	920b      	str	r2, [sp, #44]	@ 0x2c
34189020:	f7fe bed2 	b.w	34187dc8 <_svfprintf_r+0x4a8>
34189024:	ab24      	add	r3, sp, #144	@ 0x90
34189026:	aa1d      	add	r2, sp, #116	@ 0x74
34189028:	4658      	mov	r0, fp
3418902a:	9300      	str	r3, [sp, #0]
3418902c:	2300      	movs	r3, #0
3418902e:	4619      	mov	r1, r3
34189030:	f003 fb86 	bl	3418c740 <_wcsrtombs_r>
34189034:	900a      	str	r0, [sp, #40]	@ 0x28
34189036:	3001      	adds	r0, #1
34189038:	f000 82a2 	beq.w	34189580 <_svfprintf_r+0x1c60>
3418903c:	951d      	str	r5, [sp, #116]	@ 0x74
3418903e:	9b0a      	ldr	r3, [sp, #40]	@ 0x28
34189040:	2b00      	cmp	r3, #0
34189042:	d056      	beq.n	341890f2 <_svfprintf_r+0x17d2>
34189044:	2b63      	cmp	r3, #99	@ 0x63
34189046:	f340 80ae 	ble.w	341891a6 <_svfprintf_r+0x1886>
3418904a:	1c59      	adds	r1, r3, #1
3418904c:	4658      	mov	r0, fp
3418904e:	f7fd fbf9 	bl	34186844 <_malloc_r>
34189052:	4605      	mov	r5, r0
34189054:	2800      	cmp	r0, #0
34189056:	f000 8442 	beq.w	341898de <_svfprintf_r+0x1fbe>
3418905a:	9009      	str	r0, [sp, #36]	@ 0x24
3418905c:	2208      	movs	r2, #8
3418905e:	2100      	movs	r1, #0
34189060:	a824      	add	r0, sp, #144	@ 0x90
34189062:	f7fe f967 	bl	34187334 <memset>
34189066:	9e0a      	ldr	r6, [sp, #40]	@ 0x28
34189068:	ab24      	add	r3, sp, #144	@ 0x90
3418906a:	aa1d      	add	r2, sp, #116	@ 0x74
3418906c:	4629      	mov	r1, r5
3418906e:	4658      	mov	r0, fp
34189070:	9300      	str	r3, [sp, #0]
34189072:	4633      	mov	r3, r6
34189074:	f003 fb64 	bl	3418c740 <_wcsrtombs_r>
34189078:	4286      	cmp	r6, r0
3418907a:	f040 842b 	bne.w	341898d4 <_svfprintf_r+0x1fb4>
3418907e:	990a      	ldr	r1, [sp, #40]	@ 0x28
34189080:	2300      	movs	r3, #0
34189082:	546b      	strb	r3, [r5, r1]
34189084:	ea21 71e1 	bic.w	r1, r1, r1, asr #31
34189088:	f89d 2067 	ldrb.w	r2, [sp, #103]	@ 0x67
3418908c:	9102      	str	r1, [sp, #8]
3418908e:	2a00      	cmp	r2, #0
34189090:	f040 8224 	bne.w	341894dc <_svfprintf_r+0x1bbc>
34189094:	4692      	mov	sl, r2
34189096:	f8cd 802c 	str.w	r8, [sp, #44]	@ 0x2c
3418909a:	9210      	str	r2, [sp, #64]	@ 0x40
3418909c:	e9cd 220d 	strd	r2, r2, [sp, #52]	@ 0x34
341890a0:	f7fe bd5d 	b.w	34187b5e <_svfprintf_r+0x23e>
341890a4:	9d04      	ldr	r5, [sp, #16]
341890a6:	920b      	str	r2, [sp, #44]	@ 0x2c
341890a8:	f425 6580 	bic.w	r5, r5, #1024	@ 0x400
341890ac:	f045 0202 	orr.w	r2, r5, #2
341890b0:	9204      	str	r2, [sp, #16]
341890b2:	2202      	movs	r2, #2
341890b4:	920d      	str	r2, [sp, #52]	@ 0x34
341890b6:	e519      	b.n	34188aec <_svfprintf_r+0x11cc>
341890b8:	4629      	mov	r1, r5
341890ba:	4645      	mov	r5, r8
341890bc:	4688      	mov	r8, r1
341890be:	3301      	adds	r3, #1
341890c0:	4422      	add	r2, r4
341890c2:	f8c7 8000 	str.w	r8, [r7]
341890c6:	2b07      	cmp	r3, #7
341890c8:	607c      	str	r4, [r7, #4]
341890ca:	e9cd 3227 	strd	r3, r2, [sp, #156]	@ 0x9c
341890ce:	f300 808d 	bgt.w	341891ec <_svfprintf_r+0x18cc>
341890d2:	3708      	adds	r7, #8
341890d4:	f7ff ba75 	b.w	341885c2 <_svfprintf_r+0xca2>
341890d8:	aa26      	add	r2, sp, #152	@ 0x98
341890da:	9905      	ldr	r1, [sp, #20]
341890dc:	4658      	mov	r0, fp
341890de:	f003 f857 	bl	3418c190 <__ssprint_r>
341890e2:	2800      	cmp	r0, #0
341890e4:	f47f a951 	bne.w	3418838a <_svfprintf_r+0xa6a>
341890e8:	991b      	ldr	r1, [sp, #108]	@ 0x6c
341890ea:	af29      	add	r7, sp, #164	@ 0xa4
341890ec:	9a28      	ldr	r2, [sp, #160]	@ 0xa0
341890ee:	f7ff b984 	b.w	341883fa <_svfprintf_r+0xada>
341890f2:	f89d 3067 	ldrb.w	r3, [sp, #103]	@ 0x67
341890f6:	f8cd 802c 	str.w	r8, [sp, #44]	@ 0x2c
341890fa:	3b00      	subs	r3, #0
341890fc:	bf18      	it	ne
341890fe:	2301      	movne	r3, #1
34189100:	9302      	str	r3, [sp, #8]
34189102:	9b0a      	ldr	r3, [sp, #40]	@ 0x28
34189104:	469a      	mov	sl, r3
34189106:	9310      	str	r3, [sp, #64]	@ 0x40
34189108:	9309      	str	r3, [sp, #36]	@ 0x24
3418910a:	e9cd 330d 	strd	r3, r3, [sp, #52]	@ 0x34
3418910e:	f7fe bd26 	b.w	34187b5e <_svfprintf_r+0x23e>
34189112:	af29      	add	r7, sp, #164	@ 0xa4
34189114:	f7fe bd54 	b.w	34187bc0 <_svfprintf_r+0x2a0>
34189118:	441d      	add	r5, r3
3418911a:	1b1c      	subs	r4, r3, r4
3418911c:	eba5 050a 	sub.w	r5, r5, sl
34189120:	42a5      	cmp	r5, r4
34189122:	bfa8      	it	ge
34189124:	4625      	movge	r5, r4
34189126:	f7ff ba7e 	b.w	34188626 <_svfprintf_r+0xd06>
3418912a:	9a0b      	ldr	r2, [sp, #44]	@ 0x2c
3418912c:	9907      	ldr	r1, [sp, #28]
3418912e:	6812      	ldr	r2, [r2, #0]
34189130:	8011      	strh	r1, [r2, #0]
34189132:	f7fe bea9 	b.w	34187e88 <_svfprintf_r+0x568>
34189136:	bf00      	nop
34189138:	3418fe84 	.word	0x3418fe84
3418913c:	3418fe74 	.word	0x3418fe74
34189140:	b2db      	uxtb	r3, r3
34189142:	2100      	movs	r1, #0
34189144:	e4a8      	b.n	34188a98 <_svfprintf_r+0x1178>
34189146:	f04f 0800 	mov.w	r8, #0
3418914a:	b2db      	uxtb	r3, r3
3418914c:	f88d 1067 	strb.w	r1, [sp, #103]	@ 0x67
34189150:	45c2      	cmp	sl, r8
34189152:	461e      	mov	r6, r3
34189154:	f6ff ad90 	blt.w	34188c78 <_svfprintf_r+0x1358>
34189158:	f020 0180 	bic.w	r1, r0, #128	@ 0x80
3418915c:	e469      	b.n	34188a32 <_svfprintf_r+0x1112>
3418915e:	ea4f 78e6 	mov.w	r8, r6, asr #31
34189162:	4643      	mov	r3, r8
34189164:	f7fe bd98 	b.w	34187c98 <_svfprintf_r+0x378>
34189168:	9804      	ldr	r0, [sp, #16]
3418916a:	920b      	str	r2, [sp, #44]	@ 0x2c
3418916c:	f7fe bece 	b.w	34187f0c <_svfprintf_r+0x5ec>
34189170:	4db4      	ldr	r5, [pc, #720]	@ (34189444 <_svfprintf_r+0x1b24>)
34189172:	e74c      	b.n	3418900e <_svfprintf_r+0x16ee>
34189174:	4628      	mov	r0, r5
34189176:	f7fe f9ff 	bl	34187578 <strlen>
3418917a:	f89d 3067 	ldrb.w	r3, [sp, #103]	@ 0x67
3418917e:	ea20 72e0 	bic.w	r2, r0, r0, asr #31
34189182:	900a      	str	r0, [sp, #40]	@ 0x28
34189184:	9202      	str	r2, [sp, #8]
34189186:	2b00      	cmp	r3, #0
34189188:	f43e adfd 	beq.w	34187d86 <_svfprintf_r+0x466>
3418918c:	f7fe bdf9 	b.w	34187d82 <_svfprintf_r+0x462>
34189190:	9c05      	ldr	r4, [sp, #20]
34189192:	aa26      	add	r2, sp, #152	@ 0x98
34189194:	4658      	mov	r0, fp
34189196:	4621      	mov	r1, r4
34189198:	f002 fffa 	bl	3418c190 <__ssprint_r>
3418919c:	89a3      	ldrh	r3, [r4, #12]
3418919e:	f003 0340 	and.w	r3, r3, #64	@ 0x40
341891a2:	f7fe bcb1 	b.w	34187b08 <_svfprintf_r+0x1e8>
341891a6:	2300      	movs	r3, #0
341891a8:	ad39      	add	r5, sp, #228	@ 0xe4
341891aa:	9309      	str	r3, [sp, #36]	@ 0x24
341891ac:	e756      	b.n	3418905c <_svfprintf_r+0x173c>
341891ae:	2b00      	cmp	r3, #0
341891b0:	f2c0 82f0 	blt.w	34189794 <_svfprintf_r+0x1e74>
341891b4:	eeb0 7b48 	vmov.f64	d7, d8
341891b8:	f04f 0800 	mov.w	r8, #0
341891bc:	f04f 0a06 	mov.w	sl, #6
341891c0:	e6b1      	b.n	34188f26 <_svfprintf_r+0x1606>
341891c2:	f10a 0101 	add.w	r1, sl, #1
341891c6:	4658      	mov	r0, fp
341891c8:	f7fd fb3c 	bl	34186844 <_malloc_r>
341891cc:	4605      	mov	r5, r0
341891ce:	2800      	cmp	r0, #0
341891d0:	f000 8356 	beq.w	34189880 <_svfprintf_r+0x1f60>
341891d4:	ee18 3a90 	vmov	r3, s17
341891d8:	2b00      	cmp	r3, #0
341891da:	f2c0 82bf 	blt.w	3418975c <_svfprintf_r+0x1e3c>
341891de:	eeb0 0b48 	vmov.f64	d0, d8
341891e2:	f04f 0800 	mov.w	r8, #0
341891e6:	9009      	str	r0, [sp, #36]	@ 0x24
341891e8:	f7ff bb69 	b.w	341888be <_svfprintf_r+0xf9e>
341891ec:	aa26      	add	r2, sp, #152	@ 0x98
341891ee:	9905      	ldr	r1, [sp, #20]
341891f0:	4658      	mov	r0, fp
341891f2:	f002 ffcd 	bl	3418c190 <__ssprint_r>
341891f6:	2800      	cmp	r0, #0
341891f8:	f47f a8c7 	bne.w	3418838a <_svfprintf_r+0xa6a>
341891fc:	9a28      	ldr	r2, [sp, #160]	@ 0xa0
341891fe:	af29      	add	r7, sp, #164	@ 0xa4
34189200:	f7ff b9df 	b.w	341885c2 <_svfprintf_r+0xca2>
34189204:	2c66      	cmp	r4, #102	@ 0x66
34189206:	f43f ae99 	beq.w	34188f3c <_svfprintf_r+0x161c>
3418920a:	ab24      	add	r3, sp, #144	@ 0x90
3418920c:	2102      	movs	r1, #2
3418920e:	eeb0 0b47 	vmov.f64	d0, d7
34189212:	4652      	mov	r2, sl
34189214:	9301      	str	r3, [sp, #4]
34189216:	ab1d      	add	r3, sp, #116	@ 0x74
34189218:	4658      	mov	r0, fp
3418921a:	9300      	str	r3, [sp, #0]
3418921c:	ab1b      	add	r3, sp, #108	@ 0x6c
3418921e:	ed8d 7b02 	vstr	d7, [sp, #8]
34189222:	f003 fb7d 	bl	3418c920 <_dtoa_r>
34189226:	9b04      	ldr	r3, [sp, #16]
34189228:	4605      	mov	r5, r0
3418922a:	07d9      	lsls	r1, r3, #31
3418922c:	d55d      	bpl.n	341892ea <_svfprintf_r+0x19ca>
3418922e:	ed9d 7b02 	vldr	d7, [sp, #8]
34189232:	eeb5 7b40 	vcmp.f64	d7, #0.0
34189236:	eef1 fa10 	vmrs	APSR_nzcv, fpscr
3418923a:	f000 82be 	beq.w	341897ba <_svfprintf_r+0x1e9a>
3418923e:	eb00 010a 	add.w	r1, r0, sl
34189242:	9b24      	ldr	r3, [sp, #144]	@ 0x90
34189244:	4299      	cmp	r1, r3
34189246:	f240 835f 	bls.w	34189908 <_svfprintf_r+0x1fe8>
3418924a:	2030      	movs	r0, #48	@ 0x30
3418924c:	1c5a      	adds	r2, r3, #1
3418924e:	9224      	str	r2, [sp, #144]	@ 0x90
34189250:	7018      	strb	r0, [r3, #0]
34189252:	9b24      	ldr	r3, [sp, #144]	@ 0x90
34189254:	428b      	cmp	r3, r1
34189256:	d3f9      	bcc.n	3418924c <_svfprintf_r+0x192c>
34189258:	1b5b      	subs	r3, r3, r5
3418925a:	2e47      	cmp	r6, #71	@ 0x47
3418925c:	930f      	str	r3, [sp, #60]	@ 0x3c
3418925e:	9b1b      	ldr	r3, [sp, #108]	@ 0x6c
34189260:	930d      	str	r3, [sp, #52]	@ 0x34
34189262:	d047      	beq.n	341892f4 <_svfprintf_r+0x19d4>
34189264:	2e46      	cmp	r6, #70	@ 0x46
34189266:	f43f ae91 	beq.w	34188f8c <_svfprintf_r+0x166c>
3418926a:	9b0d      	ldr	r3, [sp, #52]	@ 0x34
3418926c:	f88d 4078 	strb.w	r4, [sp, #120]	@ 0x78
34189270:	3b01      	subs	r3, #1
34189272:	2b00      	cmp	r3, #0
34189274:	931b      	str	r3, [sp, #108]	@ 0x6c
34189276:	f2c0 81dc 	blt.w	34189632 <_svfprintf_r+0x1d12>
3418927a:	222b      	movs	r2, #43	@ 0x2b
3418927c:	2b09      	cmp	r3, #9
3418927e:	f88d 2079 	strb.w	r2, [sp, #121]	@ 0x79
34189282:	f340 81df 	ble.w	34189644 <_svfprintf_r+0x1d24>
34189286:	2200      	movs	r2, #0
34189288:	9209      	str	r2, [sp, #36]	@ 0x24
3418928a:	f10d 0e87 	add.w	lr, sp, #135	@ 0x87
3418928e:	f8df a1b8 	ldr.w	sl, [pc, #440]	@ 34189448 <_svfprintf_r+0x1b28>
34189292:	4676      	mov	r6, lr
34189294:	fbaa 2c03 	umull	r2, ip, sl, r3
34189298:	4630      	mov	r0, r6
3418929a:	2b63      	cmp	r3, #99	@ 0x63
3418929c:	f106 36ff 	add.w	r6, r6, #4294967295	@ 0xffffffff
341892a0:	ea4f 0cdc 	mov.w	ip, ip, lsr #3
341892a4:	eb0c 028c 	add.w	r2, ip, ip, lsl #2
341892a8:	eba3 0242 	sub.w	r2, r3, r2, lsl #1
341892ac:	4663      	mov	r3, ip
341892ae:	f102 0230 	add.w	r2, r2, #48	@ 0x30
341892b2:	f800 2c01 	strb.w	r2, [r0, #-1]
341892b6:	dced      	bgt.n	34189294 <_svfprintf_r+0x1974>
341892b8:	3330      	adds	r3, #48	@ 0x30
341892ba:	f806 3c01 	strb.w	r3, [r6, #-1]
341892be:	1e83      	subs	r3, r0, #2
341892c0:	4573      	cmp	r3, lr
341892c2:	f080 82e7 	bcs.w	34189894 <_svfprintf_r+0x1f74>
341892c6:	f10d 0279 	add.w	r2, sp, #121	@ 0x79
341892ca:	f813 1b01 	ldrb.w	r1, [r3], #1
341892ce:	4573      	cmp	r3, lr
341892d0:	f802 1f01 	strb.w	r1, [r2, #1]!
341892d4:	d1f9      	bne.n	341892ca <_svfprintf_r+0x19aa>
341892d6:	f503 73a4 	add.w	r3, r3, #328	@ 0x148
341892da:	aa1e      	add	r2, sp, #120	@ 0x78
341892dc:	446b      	add	r3, sp
341892de:	3bcc      	subs	r3, #204	@ 0xcc
341892e0:	1a1b      	subs	r3, r3, r0
341892e2:	1a9b      	subs	r3, r3, r2
341892e4:	9313      	str	r3, [sp, #76]	@ 0x4c
341892e6:	f7ff bb69 	b.w	341889bc <_svfprintf_r+0x109c>
341892ea:	9b24      	ldr	r3, [sp, #144]	@ 0x90
341892ec:	1a1b      	subs	r3, r3, r0
341892ee:	930f      	str	r3, [sp, #60]	@ 0x3c
341892f0:	9b1b      	ldr	r3, [sp, #108]	@ 0x6c
341892f2:	930d      	str	r3, [sp, #52]	@ 0x34
341892f4:	9b0d      	ldr	r3, [sp, #52]	@ 0x34
341892f6:	1cda      	adds	r2, r3, #3
341892f8:	db01      	blt.n	341892fe <_svfprintf_r+0x19de>
341892fa:	4553      	cmp	r3, sl
341892fc:	dd01      	ble.n	34189302 <_svfprintf_r+0x19e2>
341892fe:	3c02      	subs	r4, #2
34189300:	e7b3      	b.n	3418926a <_svfprintf_r+0x194a>
34189302:	9b0d      	ldr	r3, [sp, #52]	@ 0x34
34189304:	9a0f      	ldr	r2, [sp, #60]	@ 0x3c
34189306:	4293      	cmp	r3, r2
34189308:	f2c0 80df 	blt.w	341894ca <_svfprintf_r+0x1baa>
3418930c:	9b04      	ldr	r3, [sp, #16]
3418930e:	f013 0f01 	tst.w	r3, #1
34189312:	9b0d      	ldr	r3, [sp, #52]	@ 0x34
34189314:	f000 815e 	beq.w	341895d4 <_svfprintf_r+0x1cb4>
34189318:	9a11      	ldr	r2, [sp, #68]	@ 0x44
3418931a:	4413      	add	r3, r2
3418931c:	930a      	str	r3, [sp, #40]	@ 0x28
3418931e:	9b04      	ldr	r3, [sp, #16]
34189320:	055e      	lsls	r6, r3, #21
34189322:	d503      	bpl.n	3418932c <_svfprintf_r+0x1a0c>
34189324:	9b0d      	ldr	r3, [sp, #52]	@ 0x34
34189326:	2b00      	cmp	r3, #0
34189328:	f300 81a5 	bgt.w	34189676 <_svfprintf_r+0x1d56>
3418932c:	9b0a      	ldr	r3, [sp, #40]	@ 0x28
3418932e:	2467      	movs	r4, #103	@ 0x67
34189330:	ea23 73e3 	bic.w	r3, r3, r3, asr #31
34189334:	9302      	str	r3, [sp, #8]
34189336:	e640      	b.n	34188fba <_svfprintf_r+0x169a>
34189338:	aa26      	add	r2, sp, #152	@ 0x98
3418933a:	9905      	ldr	r1, [sp, #20]
3418933c:	4658      	mov	r0, fp
3418933e:	930c      	str	r3, [sp, #48]	@ 0x30
34189340:	f002 ff26 	bl	3418c190 <__ssprint_r>
34189344:	2800      	cmp	r0, #0
34189346:	f47f a820 	bne.w	3418838a <_svfprintf_r+0xa6a>
3418934a:	f89a 0000 	ldrb.w	r0, [sl]
3418934e:	a929      	add	r1, sp, #164	@ 0xa4
34189350:	9a28      	ldr	r2, [sp, #160]	@ 0xa0
34189352:	9b0c      	ldr	r3, [sp, #48]	@ 0x30
34189354:	e487      	b.n	34188c66 <_svfprintf_r+0x1346>
34189356:	aa26      	add	r2, sp, #152	@ 0x98
34189358:	9905      	ldr	r1, [sp, #20]
3418935a:	4658      	mov	r0, fp
3418935c:	f002 ff18 	bl	3418c190 <__ssprint_r>
34189360:	2800      	cmp	r0, #0
34189362:	f47f a812 	bne.w	3418838a <_svfprintf_r+0xa6a>
34189366:	991b      	ldr	r1, [sp, #108]	@ 0x6c
34189368:	af29      	add	r7, sp, #164	@ 0xa4
3418936a:	e9dd 3227 	ldrd	r3, r2, [sp, #156]	@ 0x9c
3418936e:	f7ff b855 	b.w	3418841c <_svfprintf_r+0xafc>
34189372:	aa26      	add	r2, sp, #152	@ 0x98
34189374:	9905      	ldr	r1, [sp, #20]
34189376:	4658      	mov	r0, fp
34189378:	f002 ff0a 	bl	3418c190 <__ssprint_r>
3418937c:	2800      	cmp	r0, #0
3418937e:	f47f a804 	bne.w	3418838a <_svfprintf_r+0xa6a>
34189382:	9a28      	ldr	r2, [sp, #160]	@ 0xa0
34189384:	af29      	add	r7, sp, #164	@ 0xa4
34189386:	f7ff b915 	b.w	341885b4 <_svfprintf_r+0xc94>
3418938a:	9a14      	ldr	r2, [sp, #80]	@ 0x50
3418938c:	9915      	ldr	r1, [sp, #84]	@ 0x54
3418938e:	1aaf      	subs	r7, r5, r2
34189390:	4638      	mov	r0, r7
34189392:	f003 f8d5 	bl	3418c540 <strncpy>
34189396:	f89a 3001 	ldrb.w	r3, [sl, #1]
3418939a:	b10b      	cbz	r3, 341893a0 <_svfprintf_r+0x1a80>
3418939c:	f10a 0a01 	add.w	sl, sl, #1
341893a0:	eb16 0308 	adds.w	r3, r6, r8
341893a4:	4a28      	ldr	r2, [pc, #160]	@ (34189448 <_svfprintf_r+0x1b28>)
341893a6:	f04f 31cc 	mov.w	r1, #3435973836	@ 0xcccccccc
341893aa:	f04f 0c01 	mov.w	ip, #1
341893ae:	f143 0300 	adc.w	r3, r3, #0
341893b2:	1e7d      	subs	r5, r7, #1
341893b4:	fba2 0e03 	umull	r0, lr, r2, r3
341893b8:	f02e 0003 	bic.w	r0, lr, #3
341893bc:	eb00 009e 	add.w	r0, r0, lr, lsr #2
341893c0:	1a1b      	subs	r3, r3, r0
341893c2:	1af3      	subs	r3, r6, r3
341893c4:	f168 0800 	sbc.w	r8, r8, #0
341893c8:	fb03 f101 	mul.w	r1, r3, r1
341893cc:	fba3 3002 	umull	r3, r0, r3, r2
341893d0:	fb02 1108 	mla	r1, r2, r8, r1
341893d4:	fa23 f30c 	lsr.w	r3, r3, ip
341893d8:	4401      	add	r1, r0
341893da:	ea43 76c1 	orr.w	r6, r3, r1, lsl #31
341893de:	fa21 f80c 	lsr.w	r8, r1, ip
341893e2:	eb16 0308 	adds.w	r3, r6, r8
341893e6:	f143 0300 	adc.w	r3, r3, #0
341893ea:	fba2 1003 	umull	r1, r0, r2, r3
341893ee:	f020 0103 	bic.w	r1, r0, #3
341893f2:	eb01 0190 	add.w	r1, r1, r0, lsr #2
341893f6:	1a5b      	subs	r3, r3, r1
341893f8:	1af3      	subs	r3, r6, r3
341893fa:	fba3 3102 	umull	r3, r1, r3, r2
341893fe:	f168 0000 	sbc.w	r0, r8, #0
34189402:	fa23 f30c 	lsr.w	r3, r3, ip
34189406:	fb02 1200 	mla	r2, r2, r0, r1
3418940a:	ea43 73c2 	orr.w	r3, r3, r2, lsl #31
3418940e:	eb03 0383 	add.w	r3, r3, r3, lsl #2
34189412:	eba6 0343 	sub.w	r3, r6, r3, lsl #1
34189416:	3330      	adds	r3, #48	@ 0x30
34189418:	f807 3c01 	strb.w	r3, [r7, #-1]
3418941c:	f7fe be4e 	b.w	341880bc <_svfprintf_r+0x79c>
34189420:	9b04      	ldr	r3, [sp, #16]
34189422:	07d9      	lsls	r1, r3, #31
34189424:	f57e abe2 	bpl.w	34187bec <_svfprintf_r+0x2cc>
34189428:	9b11      	ldr	r3, [sp, #68]	@ 0x44
3418942a:	9912      	ldr	r1, [sp, #72]	@ 0x48
3418942c:	441a      	add	r2, r3
3418942e:	e9c7 1300 	strd	r1, r3, [r7]
34189432:	9b27      	ldr	r3, [sp, #156]	@ 0x9c
34189434:	9228      	str	r2, [sp, #160]	@ 0xa0
34189436:	3301      	adds	r3, #1
34189438:	2b07      	cmp	r3, #7
3418943a:	9327      	str	r3, [sp, #156]	@ 0x9c
3418943c:	dc8b      	bgt.n	34189356 <_svfprintf_r+0x1a36>
3418943e:	3708      	adds	r7, #8
34189440:	f7fe bfef 	b.w	34188422 <_svfprintf_r+0xb02>
34189444:	3418fe78 	.word	0x3418fe78
34189448:	cccccccd 	.word	0xcccccccd
3418944c:	aa26      	add	r2, sp, #152	@ 0x98
3418944e:	9905      	ldr	r1, [sp, #20]
34189450:	4658      	mov	r0, fp
34189452:	f002 fe9d 	bl	3418c190 <__ssprint_r>
34189456:	2800      	cmp	r0, #0
34189458:	f47e af97 	bne.w	3418838a <_svfprintf_r+0xa6a>
3418945c:	9c1b      	ldr	r4, [sp, #108]	@ 0x6c
3418945e:	af29      	add	r7, sp, #164	@ 0xa4
34189460:	9a28      	ldr	r2, [sp, #160]	@ 0xa0
34189462:	f7ff b8ca 	b.w	341885fa <_svfprintf_r+0xcda>
34189466:	f10a 0301 	add.w	r3, sl, #1
3418946a:	2102      	movs	r1, #2
3418946c:	930f      	str	r3, [sp, #60]	@ 0x3c
3418946e:	e568      	b.n	34188f42 <_svfprintf_r+0x1622>
34189470:	f8df 848c 	ldr.w	r8, [pc, #1164]	@ 34189900 <_svfprintf_r+0x1fe0>
34189474:	f7ff b938 	b.w	341886e8 <_svfprintf_r+0xdc8>
34189478:	f89d 3067 	ldrb.w	r3, [sp, #103]	@ 0x67
3418947c:	f8cd 8024 	str.w	r8, [sp, #36]	@ 0x24
34189480:	b113      	cbz	r3, 34189488 <_svfprintf_r+0x1b68>
34189482:	9b02      	ldr	r3, [sp, #8]
34189484:	3301      	adds	r3, #1
34189486:	9302      	str	r3, [sp, #8]
34189488:	9a0c      	ldr	r2, [sp, #48]	@ 0x30
3418948a:	46c2      	mov	sl, r8
3418948c:	f8cd 8040 	str.w	r8, [sp, #64]	@ 0x40
34189490:	9204      	str	r2, [sp, #16]
34189492:	f8cd 8038 	str.w	r8, [sp, #56]	@ 0x38
34189496:	f7fe bb62 	b.w	34187b5e <_svfprintf_r+0x23e>
3418949a:	aa26      	add	r2, sp, #152	@ 0x98
3418949c:	9905      	ldr	r1, [sp, #20]
3418949e:	4658      	mov	r0, fp
341894a0:	f002 fe76 	bl	3418c190 <__ssprint_r>
341894a4:	2800      	cmp	r0, #0
341894a6:	f47e af70 	bne.w	3418838a <_svfprintf_r+0xa6a>
341894aa:	9c1b      	ldr	r4, [sp, #108]	@ 0x6c
341894ac:	af29      	add	r7, sp, #164	@ 0xa4
341894ae:	9b0f      	ldr	r3, [sp, #60]	@ 0x3c
341894b0:	9a28      	ldr	r2, [sp, #160]	@ 0xa0
341894b2:	1b1c      	subs	r4, r3, r4
341894b4:	f7ff b8b7 	b.w	34188626 <_svfprintf_r+0xd06>
341894b8:	4615      	mov	r5, r2
341894ba:	f04f 0a00 	mov.w	sl, #0
341894be:	f7fe ba84 	b.w	341879ca <_svfprintf_r+0xaa>
341894c2:	f8df 843c 	ldr.w	r8, [pc, #1084]	@ 34189900 <_svfprintf_r+0x1fe0>
341894c6:	f7ff b83d 	b.w	34188544 <_svfprintf_r+0xc24>
341894ca:	9b0f      	ldr	r3, [sp, #60]	@ 0x3c
341894cc:	9a11      	ldr	r2, [sp, #68]	@ 0x44
341894ce:	189a      	adds	r2, r3, r2
341894d0:	9b0d      	ldr	r3, [sp, #52]	@ 0x34
341894d2:	2b00      	cmp	r3, #0
341894d4:	920a      	str	r2, [sp, #40]	@ 0x28
341894d6:	dd74      	ble.n	341895c2 <_svfprintf_r+0x1ca2>
341894d8:	2467      	movs	r4, #103	@ 0x67
341894da:	e566      	b.n	34188faa <_svfprintf_r+0x168a>
341894dc:	469a      	mov	sl, r3
341894de:	9b02      	ldr	r3, [sp, #8]
341894e0:	f8cd 802c 	str.w	r8, [sp, #44]	@ 0x2c
341894e4:	3301      	adds	r3, #1
341894e6:	f8cd a040 	str.w	sl, [sp, #64]	@ 0x40
341894ea:	9302      	str	r3, [sp, #8]
341894ec:	e9cd aa0d 	strd	sl, sl, [sp, #52]	@ 0x34
341894f0:	f7fe bb35 	b.w	34187b5e <_svfprintf_r+0x23e>
341894f4:	424c      	negs	r4, r1
341894f6:	3110      	adds	r1, #16
341894f8:	f8df 8408 	ldr.w	r8, [pc, #1032]	@ 34189904 <_svfprintf_r+0x1fe4>
341894fc:	da1a      	bge.n	34189534 <_svfprintf_r+0x1c14>
341894fe:	2610      	movs	r6, #16
34189500:	e002      	b.n	34189508 <_svfprintf_r+0x1be8>
34189502:	3c10      	subs	r4, #16
34189504:	2c10      	cmp	r4, #16
34189506:	dd15      	ble.n	34189534 <_svfprintf_r+0x1c14>
34189508:	3301      	adds	r3, #1
3418950a:	3210      	adds	r2, #16
3418950c:	2b07      	cmp	r3, #7
3418950e:	e9c7 8600 	strd	r8, r6, [r7]
34189512:	e9cd 3227 	strd	r3, r2, [sp, #156]	@ 0x9c
34189516:	f107 0708 	add.w	r7, r7, #8
3418951a:	ddf2      	ble.n	34189502 <_svfprintf_r+0x1be2>
3418951c:	aa26      	add	r2, sp, #152	@ 0x98
3418951e:	9905      	ldr	r1, [sp, #20]
34189520:	4658      	mov	r0, fp
34189522:	f002 fe35 	bl	3418c190 <__ssprint_r>
34189526:	2800      	cmp	r0, #0
34189528:	f47e af2f 	bne.w	3418838a <_svfprintf_r+0xa6a>
3418952c:	af29      	add	r7, sp, #164	@ 0xa4
3418952e:	e9dd 3227 	ldrd	r3, r2, [sp, #156]	@ 0x9c
34189532:	e7e6      	b.n	34189502 <_svfprintf_r+0x1be2>
34189534:	3301      	adds	r3, #1
34189536:	4422      	add	r2, r4
34189538:	f8c7 8000 	str.w	r8, [r7]
3418953c:	2b07      	cmp	r3, #7
3418953e:	607c      	str	r4, [r7, #4]
34189540:	e9cd 3227 	strd	r3, r2, [sp, #156]	@ 0x9c
34189544:	f77f af7b 	ble.w	3418943e <_svfprintf_r+0x1b1e>
34189548:	aa26      	add	r2, sp, #152	@ 0x98
3418954a:	9905      	ldr	r1, [sp, #20]
3418954c:	4658      	mov	r0, fp
3418954e:	f002 fe1f 	bl	3418c190 <__ssprint_r>
34189552:	2800      	cmp	r0, #0
34189554:	f47e af19 	bne.w	3418838a <_svfprintf_r+0xa6a>
34189558:	af29      	add	r7, sp, #164	@ 0xa4
3418955a:	e9dd 3227 	ldrd	r3, r2, [sp, #156]	@ 0x9c
3418955e:	f7fe bf60 	b.w	34188422 <_svfprintf_r+0xb02>
34189562:	46c2      	mov	sl, r8
34189564:	f89d 0067 	ldrb.w	r0, [sp, #103]	@ 0x67
34189568:	f7fe bc46 	b.w	34187df8 <_svfprintf_r+0x4d8>
3418956c:	f8df 8394 	ldr.w	r8, [pc, #916]	@ 34189904 <_svfprintf_r+0x1fe4>
34189570:	f7fe beb4 	b.w	341882dc <_svfprintf_r+0x9bc>
34189574:	9b04      	ldr	r3, [sp, #16]
34189576:	07db      	lsls	r3, r3, #31
34189578:	f57f aa2b 	bpl.w	341889d2 <_svfprintf_r+0x10b2>
3418957c:	f7ff ba25 	b.w	341889ca <_svfprintf_r+0x10aa>
34189580:	9b05      	ldr	r3, [sp, #20]
34189582:	2200      	movs	r2, #0
34189584:	899b      	ldrh	r3, [r3, #12]
34189586:	9209      	str	r2, [sp, #36]	@ 0x24
34189588:	f043 0340 	orr.w	r3, r3, #64	@ 0x40
3418958c:	9a05      	ldr	r2, [sp, #20]
3418958e:	8193      	strh	r3, [r2, #12]
34189590:	f7fe befb 	b.w	3418838a <_svfprintf_r+0xa6a>
34189594:	2300      	movs	r3, #0
34189596:	eeb1 0b48 	vneg.f64	d0, d8
3418959a:	f04f 082d 	mov.w	r8, #45	@ 0x2d
3418959e:	ad39      	add	r5, sp, #228	@ 0xe4
341895a0:	9309      	str	r3, [sp, #36]	@ 0x24
341895a2:	f7ff b98c 	b.w	341888be <_svfprintf_r+0xf9e>
341895a6:	2a00      	cmp	r2, #0
341895a8:	f6ff a9ee 	blt.w	34188988 <_svfprintf_r+0x1068>
341895ac:	185e      	adds	r6, r3, r1
341895ae:	2030      	movs	r0, #48	@ 0x30
341895b0:	4619      	mov	r1, r3
341895b2:	f801 0b01 	strb.w	r0, [r1], #1
341895b6:	42b1      	cmp	r1, r6
341895b8:	d1fb      	bne.n	341895b2 <_svfprintf_r+0x1c92>
341895ba:	441a      	add	r2, r3
341895bc:	1c53      	adds	r3, r2, #1
341895be:	f7ff b9e3 	b.w	34188988 <_svfprintf_r+0x1068>
341895c2:	f1c3 0301 	rsb	r3, r3, #1
341895c6:	2467      	movs	r4, #103	@ 0x67
341895c8:	441a      	add	r2, r3
341895ca:	ea22 73e2 	bic.w	r3, r2, r2, asr #31
341895ce:	920a      	str	r2, [sp, #40]	@ 0x28
341895d0:	9302      	str	r3, [sp, #8]
341895d2:	e4f2      	b.n	34188fba <_svfprintf_r+0x169a>
341895d4:	930a      	str	r3, [sp, #40]	@ 0x28
341895d6:	e6a2      	b.n	3418931e <_svfprintf_r+0x19fe>
341895d8:	9f02      	ldr	r7, [sp, #8]
341895da:	f8cd a028 	str.w	sl, [sp, #40]	@ 0x28
341895de:	e52e      	b.n	3418903e <_svfprintf_r+0x171e>
341895e0:	eeb1 7b48 	vneg.f64	d7, d8
341895e4:	f04f 082d 	mov.w	r8, #45	@ 0x2d
341895e8:	e49d      	b.n	34188f26 <_svfprintf_r+0x1606>
341895ea:	9b04      	ldr	r3, [sp, #16]
341895ec:	f023 0380 	bic.w	r3, r3, #128	@ 0x80
341895f0:	9304      	str	r3, [sp, #16]
341895f2:	ee18 3a90 	vmov	r3, s17
341895f6:	f013 4300 	ands.w	r3, r3, #2147483648	@ 0x80000000
341895fa:	930d      	str	r3, [sp, #52]	@ 0x34
341895fc:	f000 80e2 	beq.w	341897c4 <_svfprintf_r+0x1ea4>
34189600:	232d      	movs	r3, #45	@ 0x2d
34189602:	2203      	movs	r2, #3
34189604:	2c47      	cmp	r4, #71	@ 0x47
34189606:	f88d 3067 	strb.w	r3, [sp, #103]	@ 0x67
3418960a:	f04f 0300 	mov.w	r3, #0
3418960e:	e9cd 3209 	strd	r3, r2, [sp, #36]	@ 0x24
34189612:	f340 812e 	ble.w	34189872 <_svfprintf_r+0x1f52>
34189616:	4db8      	ldr	r5, [pc, #736]	@ (341898f8 <_svfprintf_r+0x1fd8>)
34189618:	e4f9      	b.n	3418900e <_svfprintf_r+0x16ee>
3418961a:	2300      	movs	r3, #0
3418961c:	2203      	movs	r2, #3
3418961e:	e9cd 3209 	strd	r3, r2, [sp, #36]	@ 0x24
34189622:	2204      	movs	r2, #4
34189624:	469a      	mov	sl, r3
34189626:	9310      	str	r3, [sp, #64]	@ 0x40
34189628:	9202      	str	r2, [sp, #8]
3418962a:	e9cd 330d 	strd	r3, r3, [sp, #52]	@ 0x34
3418962e:	f7fe ba96 	b.w	34187b5e <_svfprintf_r+0x23e>
34189632:	232d      	movs	r3, #45	@ 0x2d
34189634:	9a0d      	ldr	r2, [sp, #52]	@ 0x34
34189636:	f88d 3079 	strb.w	r3, [sp, #121]	@ 0x79
3418963a:	f1c2 0301 	rsb	r3, r2, #1
3418963e:	3208      	adds	r2, #8
34189640:	f6ff ae21 	blt.w	34189286 <_svfprintf_r+0x1966>
34189644:	2230      	movs	r2, #48	@ 0x30
34189646:	f88d 207a 	strb.w	r2, [sp, #122]	@ 0x7a
3418964a:	2200      	movs	r2, #0
3418964c:	9209      	str	r2, [sp, #36]	@ 0x24
3418964e:	f10d 027b 	add.w	r2, sp, #123	@ 0x7b
34189652:	f7ff b9ad 	b.w	341889b0 <_svfprintf_r+0x1090>
34189656:	f8cd 802c 	str.w	r8, [sp, #44]	@ 0x2c
3418965a:	2b00      	cmp	r3, #0
3418965c:	f000 80a2 	beq.w	341897a4 <_svfprintf_r+0x1e84>
34189660:	f10a 0301 	add.w	r3, sl, #1
34189664:	f8cd a028 	str.w	sl, [sp, #40]	@ 0x28
34189668:	2473      	movs	r4, #115	@ 0x73
3418966a:	4682      	mov	sl, r0
3418966c:	9302      	str	r3, [sp, #8]
3418966e:	9010      	str	r0, [sp, #64]	@ 0x40
34189670:	900e      	str	r0, [sp, #56]	@ 0x38
34189672:	f7fe ba74 	b.w	34187b5e <_svfprintf_r+0x23e>
34189676:	2467      	movs	r4, #103	@ 0x67
34189678:	9816      	ldr	r0, [sp, #88]	@ 0x58
3418967a:	7803      	ldrb	r3, [r0, #0]
3418967c:	2bff      	cmp	r3, #255	@ 0xff
3418967e:	f000 8150 	beq.w	34189922 <_svfprintf_r+0x2002>
34189682:	990d      	ldr	r1, [sp, #52]	@ 0x34
34189684:	4299      	cmp	r1, r3
34189686:	bfcc      	ite	gt
34189688:	2200      	movgt	r2, #0
3418968a:	2201      	movle	r2, #1
3418968c:	2a00      	cmp	r2, #0
3418968e:	f040 8148 	bne.w	34189922 <_svfprintf_r+0x2002>
34189692:	4616      	mov	r6, r2
34189694:	4694      	mov	ip, r2
34189696:	e006      	b.n	341896a6 <_svfprintf_r+0x1d86>
34189698:	3601      	adds	r6, #1
3418969a:	3001      	adds	r0, #1
3418969c:	2aff      	cmp	r2, #255	@ 0xff
3418969e:	4613      	mov	r3, r2
341896a0:	d009      	beq.n	341896b6 <_svfprintf_r+0x1d96>
341896a2:	428a      	cmp	r2, r1
341896a4:	da07      	bge.n	341896b6 <_svfprintf_r+0x1d96>
341896a6:	7842      	ldrb	r2, [r0, #1]
341896a8:	1ac9      	subs	r1, r1, r3
341896aa:	2a00      	cmp	r2, #0
341896ac:	d1f4      	bne.n	34189698 <_svfprintf_r+0x1d78>
341896ae:	7802      	ldrb	r2, [r0, #0]
341896b0:	f10c 0c01 	add.w	ip, ip, #1
341896b4:	e7f2      	b.n	3418969c <_svfprintf_r+0x1d7c>
341896b6:	eb06 030c 	add.w	r3, r6, ip
341896ba:	9a14      	ldr	r2, [sp, #80]	@ 0x50
341896bc:	9016      	str	r0, [sp, #88]	@ 0x58
341896be:	fb02 f303 	mul.w	r3, r2, r3
341896c2:	960e      	str	r6, [sp, #56]	@ 0x38
341896c4:	f8cd c040 	str.w	ip, [sp, #64]	@ 0x40
341896c8:	910d      	str	r1, [sp, #52]	@ 0x34
341896ca:	9a0a      	ldr	r2, [sp, #40]	@ 0x28
341896cc:	441a      	add	r2, r3
341896ce:	ea22 73e2 	bic.w	r3, r2, r2, asr #31
341896d2:	920a      	str	r2, [sp, #40]	@ 0x28
341896d4:	9302      	str	r3, [sp, #8]
341896d6:	f1b8 0f00 	cmp.w	r8, #0
341896da:	d028      	beq.n	3418972e <_svfprintf_r+0x1e0e>
341896dc:	9b02      	ldr	r3, [sp, #8]
341896de:	3301      	adds	r3, #1
341896e0:	9302      	str	r3, [sp, #8]
341896e2:	9b0c      	ldr	r3, [sp, #48]	@ 0x30
341896e4:	9304      	str	r3, [sp, #16]
341896e6:	232d      	movs	r3, #45	@ 0x2d
341896e8:	f88d 3067 	strb.w	r3, [sp, #103]	@ 0x67
341896ec:	2300      	movs	r3, #0
341896ee:	469a      	mov	sl, r3
341896f0:	9309      	str	r3, [sp, #36]	@ 0x24
341896f2:	f7fe ba34 	b.w	34187b5e <_svfprintf_r+0x23e>
341896f6:	eeb5 7b40 	vcmp.f64	d7, #0.0
341896fa:	eef1 fa10 	vmrs	APSR_nzcv, fpscr
341896fe:	f040 8087 	bne.w	34189810 <_svfprintf_r+0x1ef0>
34189702:	9b1b      	ldr	r3, [sp, #108]	@ 0x6c
34189704:	4419      	add	r1, r3
34189706:	930d      	str	r3, [sp, #52]	@ 0x34
34189708:	e43e      	b.n	34188f88 <_svfprintf_r+0x1668>
3418970a:	9b11      	ldr	r3, [sp, #68]	@ 0x44
3418970c:	2466      	movs	r4, #102	@ 0x66
3418970e:	4453      	add	r3, sl
34189710:	4413      	add	r3, r2
34189712:	930a      	str	r3, [sp, #40]	@ 0x28
34189714:	e449      	b.n	34188faa <_svfprintf_r+0x168a>
34189716:	eeb5 7b40 	vcmp.f64	d7, #0.0
3418971a:	eef1 fa10 	vmrs	APSR_nzcv, fpscr
3418971e:	f040 8081 	bne.w	34189824 <_svfprintf_r+0x1f04>
34189722:	9b1b      	ldr	r3, [sp, #108]	@ 0x6c
34189724:	2e47      	cmp	r6, #71	@ 0x47
34189726:	930d      	str	r3, [sp, #52]	@ 0x34
34189728:	f47f ad9f 	bne.w	3418926a <_svfprintf_r+0x194a>
3418972c:	e5e2      	b.n	341892f4 <_svfprintf_r+0x19d4>
3418972e:	f89d 3067 	ldrb.w	r3, [sp, #103]	@ 0x67
34189732:	f8cd 8024 	str.w	r8, [sp, #36]	@ 0x24
34189736:	2b00      	cmp	r3, #0
34189738:	f000 8096 	beq.w	34189868 <_svfprintf_r+0x1f48>
3418973c:	9b02      	ldr	r3, [sp, #8]
3418973e:	46c2      	mov	sl, r8
34189740:	3301      	adds	r3, #1
34189742:	9302      	str	r3, [sp, #8]
34189744:	9b0c      	ldr	r3, [sp, #48]	@ 0x30
34189746:	9304      	str	r3, [sp, #16]
34189748:	f7fe ba09 	b.w	34187b5e <_svfprintf_r+0x23e>
3418974c:	9b24      	ldr	r3, [sp, #144]	@ 0x90
3418974e:	428b      	cmp	r3, r1
34189750:	f4ff ad7b 	bcc.w	3418924a <_svfprintf_r+0x192a>
34189754:	1b5b      	subs	r3, r3, r5
34189756:	920d      	str	r2, [sp, #52]	@ 0x34
34189758:	930f      	str	r3, [sp, #60]	@ 0x3c
3418975a:	e417      	b.n	34188f8c <_svfprintf_r+0x166c>
3418975c:	eeb1 0b48 	vneg.f64	d0, d8
34189760:	f04f 082d 	mov.w	r8, #45	@ 0x2d
34189764:	9009      	str	r0, [sp, #36]	@ 0x24
34189766:	f7ff b8aa 	b.w	341888be <_svfprintf_r+0xf9e>
3418976a:	232d      	movs	r3, #45	@ 0x2d
3418976c:	f88d 3079 	strb.w	r3, [sp, #121]	@ 0x79
34189770:	f1c2 0301 	rsb	r3, r2, #1
34189774:	3208      	adds	r2, #8
34189776:	f6ff ad88 	blt.w	3418928a <_svfprintf_r+0x196a>
3418977a:	f7ff b917 	b.w	341889ac <_svfprintf_r+0x108c>
3418977e:	f8cd a058 	str.w	sl, [sp, #88]	@ 0x58
34189782:	460f      	mov	r7, r1
34189784:	9d17      	ldr	r5, [sp, #92]	@ 0x5c
34189786:	46b2      	mov	sl, r6
34189788:	9b0a      	ldr	r3, [sp, #40]	@ 0x28
3418978a:	459a      	cmp	sl, r3
3418978c:	bf28      	it	cs
3418978e:	469a      	movcs	sl, r3
34189790:	f7fe bf1e 	b.w	341885d0 <_svfprintf_r+0xcb0>
34189794:	eeb1 7b48 	vneg.f64	d7, d8
34189798:	f04f 082d 	mov.w	r8, #45	@ 0x2d
3418979c:	f04f 0a06 	mov.w	sl, #6
341897a0:	f7ff bbc1 	b.w	34188f26 <_svfprintf_r+0x1606>
341897a4:	9b09      	ldr	r3, [sp, #36]	@ 0x24
341897a6:	2473      	movs	r4, #115	@ 0x73
341897a8:	f8cd a028 	str.w	sl, [sp, #40]	@ 0x28
341897ac:	f8cd a008 	str.w	sl, [sp, #8]
341897b0:	469a      	mov	sl, r3
341897b2:	9310      	str	r3, [sp, #64]	@ 0x40
341897b4:	930e      	str	r3, [sp, #56]	@ 0x38
341897b6:	f7fe b9d2 	b.w	34187b5e <_svfprintf_r+0x23e>
341897ba:	9b1b      	ldr	r3, [sp, #108]	@ 0x6c
341897bc:	f8cd a03c 	str.w	sl, [sp, #60]	@ 0x3c
341897c0:	930d      	str	r3, [sp, #52]	@ 0x34
341897c2:	e597      	b.n	341892f4 <_svfprintf_r+0x19d4>
341897c4:	2c47      	cmp	r4, #71	@ 0x47
341897c6:	f89d 3067 	ldrb.w	r3, [sp, #103]	@ 0x67
341897ca:	bfcc      	ite	gt
341897cc:	4d4a      	ldrgt	r5, [pc, #296]	@ (341898f8 <_svfprintf_r+0x1fd8>)
341897ce:	4d4b      	ldrle	r5, [pc, #300]	@ (341898fc <_svfprintf_r+0x1fdc>)
341897d0:	2b00      	cmp	r3, #0
341897d2:	d171      	bne.n	341898b8 <_svfprintf_r+0x1f98>
341897d4:	469a      	mov	sl, r3
341897d6:	2303      	movs	r3, #3
341897d8:	f8cd a040 	str.w	sl, [sp, #64]	@ 0x40
341897dc:	930a      	str	r3, [sp, #40]	@ 0x28
341897de:	f8cd a038 	str.w	sl, [sp, #56]	@ 0x38
341897e2:	f8cd a024 	str.w	sl, [sp, #36]	@ 0x24
341897e6:	9302      	str	r3, [sp, #8]
341897e8:	f7fe b9b9 	b.w	34187b5e <_svfprintf_r+0x23e>
341897ec:	f8df 8114 	ldr.w	r8, [pc, #276]	@ 34189904 <_svfprintf_r+0x1fe4>
341897f0:	f7ff bb0a 	b.w	34188e08 <_svfprintf_r+0x14e8>
341897f4:	4553      	cmp	r3, sl
341897f6:	db57      	blt.n	341898a8 <_svfprintf_r+0x1f88>
341897f8:	eeb0 7b48 	vmov.f64	d7, d8
341897fc:	f04f 0800 	mov.w	r8, #0
34189800:	f04f 0a01 	mov.w	sl, #1
34189804:	f7ff bb8f 	b.w	34188f26 <_svfprintf_r+0x1606>
34189808:	f8df c0f8 	ldr.w	ip, [pc, #248]	@ 34189904 <_svfprintf_r+0x1fe4>
3418980c:	f7ff ba77 	b.w	34188cfe <_svfprintf_r+0x13de>
34189810:	9b0f      	ldr	r3, [sp, #60]	@ 0x3c
34189812:	1c69      	adds	r1, r5, #1
34189814:	f1c3 0201 	rsb	r2, r3, #1
34189818:	9b24      	ldr	r3, [sp, #144]	@ 0x90
3418981a:	4299      	cmp	r1, r3
3418981c:	921b      	str	r2, [sp, #108]	@ 0x6c
3418981e:	f63f ad14 	bhi.w	3418924a <_svfprintf_r+0x192a>
34189822:	e797      	b.n	34189754 <_svfprintf_r+0x1e34>
34189824:	9b24      	ldr	r3, [sp, #144]	@ 0x90
34189826:	4299      	cmp	r1, r3
34189828:	f63f ad0f 	bhi.w	3418924a <_svfprintf_r+0x192a>
3418982c:	1b5b      	subs	r3, r3, r5
3418982e:	930f      	str	r3, [sp, #60]	@ 0x3c
34189830:	e777      	b.n	34189722 <_svfprintf_r+0x1e02>
34189832:	9b0b      	ldr	r3, [sp, #44]	@ 0x2c
34189834:	786c      	ldrb	r4, [r5, #1]
34189836:	4615      	mov	r5, r2
34189838:	f853 ab04 	ldr.w	sl, [r3], #4
3418983c:	ea4a 7aea 	orr.w	sl, sl, sl, asr #31
34189840:	930b      	str	r3, [sp, #44]	@ 0x2c
34189842:	f7fe b8c1 	b.w	341879c8 <_svfprintf_r+0xa8>
34189846:	b92b      	cbnz	r3, 34189854 <_svfprintf_r+0x1f34>
34189848:	2301      	movs	r3, #1
3418984a:	2466      	movs	r4, #102	@ 0x66
3418984c:	9302      	str	r3, [sp, #8]
3418984e:	930a      	str	r3, [sp, #40]	@ 0x28
34189850:	f7ff bbb3 	b.w	34188fba <_svfprintf_r+0x169a>
34189854:	9b11      	ldr	r3, [sp, #68]	@ 0x44
34189856:	2466      	movs	r4, #102	@ 0x66
34189858:	3301      	adds	r3, #1
3418985a:	4453      	add	r3, sl
3418985c:	930a      	str	r3, [sp, #40]	@ 0x28
3418985e:	ea23 73e3 	bic.w	r3, r3, r3, asr #31
34189862:	9302      	str	r3, [sp, #8]
34189864:	f7ff bba9 	b.w	34188fba <_svfprintf_r+0x169a>
34189868:	9b0c      	ldr	r3, [sp, #48]	@ 0x30
3418986a:	46c2      	mov	sl, r8
3418986c:	9304      	str	r3, [sp, #16]
3418986e:	f7fe b976 	b.w	34187b5e <_svfprintf_r+0x23e>
34189872:	4d22      	ldr	r5, [pc, #136]	@ (341898fc <_svfprintf_r+0x1fdc>)
34189874:	f7ff bbcb 	b.w	3418900e <_svfprintf_r+0x16ee>
34189878:	f8df 8088 	ldr.w	r8, [pc, #136]	@ 34189904 <_svfprintf_r+0x1fe4>
3418987c:	f7ff bb01 	b.w	34188e82 <_svfprintf_r+0x1562>
34189880:	9a05      	ldr	r2, [sp, #20]
34189882:	8993      	ldrh	r3, [r2, #12]
34189884:	f043 0340 	orr.w	r3, r3, #64	@ 0x40
34189888:	8193      	strh	r3, [r2, #12]
3418988a:	f04f 33ff 	mov.w	r3, #4294967295	@ 0xffffffff
3418988e:	9307      	str	r3, [sp, #28]
34189890:	f7fe b93d 	b.w	34187b0e <_svfprintf_r+0x1ee>
34189894:	2302      	movs	r3, #2
34189896:	9313      	str	r3, [sp, #76]	@ 0x4c
34189898:	f7ff b890 	b.w	341889bc <_svfprintf_r+0x109c>
3418989c:	f8df 8064 	ldr.w	r8, [pc, #100]	@ 34189904 <_svfprintf_r+0x1fe4>
341898a0:	e40d      	b.n	341890be <_svfprintf_r+0x179e>
341898a2:	7a81      	ldrb	r1, [r0, #10]
341898a4:	f7ff b86e 	b.w	34188984 <_svfprintf_r+0x1064>
341898a8:	eeb1 7b48 	vneg.f64	d7, d8
341898ac:	f04f 082d 	mov.w	r8, #45	@ 0x2d
341898b0:	f04f 0a01 	mov.w	sl, #1
341898b4:	f7ff bb37 	b.w	34188f26 <_svfprintf_r+0x1606>
341898b8:	2303      	movs	r3, #3
341898ba:	f04f 0a00 	mov.w	sl, #0
341898be:	930a      	str	r3, [sp, #40]	@ 0x28
341898c0:	2304      	movs	r3, #4
341898c2:	f8cd a040 	str.w	sl, [sp, #64]	@ 0x40
341898c6:	9302      	str	r3, [sp, #8]
341898c8:	f8cd a038 	str.w	sl, [sp, #56]	@ 0x38
341898cc:	f8cd a024 	str.w	sl, [sp, #36]	@ 0x24
341898d0:	f7fe b945 	b.w	34187b5e <_svfprintf_r+0x23e>
341898d4:	9b05      	ldr	r3, [sp, #20]
341898d6:	899b      	ldrh	r3, [r3, #12]
341898d8:	f043 0340 	orr.w	r3, r3, #64	@ 0x40
341898dc:	e656      	b.n	3418958c <_svfprintf_r+0x1c6c>
341898de:	9b05      	ldr	r3, [sp, #20]
341898e0:	9009      	str	r0, [sp, #36]	@ 0x24
341898e2:	899b      	ldrh	r3, [r3, #12]
341898e4:	f043 0340 	orr.w	r3, r3, #64	@ 0x40
341898e8:	e650      	b.n	3418958c <_svfprintf_r+0x1c6c>
341898ea:	930a      	str	r3, [sp, #40]	@ 0x28
341898ec:	e74c      	b.n	34189788 <_svfprintf_r+0x1e68>
341898ee:	230c      	movs	r3, #12
341898f0:	f8cb 3000 	str.w	r3, [fp]
341898f4:	e7c9      	b.n	3418988a <_svfprintf_r+0x1f6a>
341898f6:	bf00      	nop
341898f8:	3418fe80 	.word	0x3418fe80
341898fc:	3418fe7c 	.word	0x3418fe7c
34189900:	3419012c 	.word	0x3419012c
34189904:	3419011c 	.word	0x3419011c
34189908:	1a1b      	subs	r3, r3, r0
3418990a:	930f      	str	r3, [sp, #60]	@ 0x3c
3418990c:	9b1b      	ldr	r3, [sp, #108]	@ 0x6c
3418990e:	930d      	str	r3, [sp, #52]	@ 0x34
34189910:	e4f0      	b.n	341892f4 <_svfprintf_r+0x19d4>
34189912:	9b0d      	ldr	r3, [sp, #52]	@ 0x34
34189914:	9310      	str	r3, [sp, #64]	@ 0x40
34189916:	930e      	str	r3, [sp, #56]	@ 0x38
34189918:	f7fe b921 	b.w	34187b5e <_svfprintf_r+0x23e>
3418991c:	4619      	mov	r1, r3
3418991e:	f7fe bb59 	b.w	34187fd4 <_svfprintf_r+0x6b4>
34189922:	2300      	movs	r3, #0
34189924:	9310      	str	r3, [sp, #64]	@ 0x40
34189926:	930e      	str	r3, [sp, #56]	@ 0x38
34189928:	e6cf      	b.n	341896ca <_svfprintf_r+0x1daa>
3418992a:	4608      	mov	r0, r1
3418992c:	f7fe bb16 	b.w	34187f5c <_svfprintf_r+0x63c>

34189930 <_vfprintf_r>:
34189930:	e92d 4ff0 	stmdb	sp!, {r4, r5, r6, r7, r8, r9, sl, fp, lr}
34189934:	ed2d 8b02 	vpush	{d8}
34189938:	b0d3      	sub	sp, #332	@ 0x14c
3418993a:	461c      	mov	r4, r3
3418993c:	4683      	mov	fp, r0
3418993e:	9103      	str	r1, [sp, #12]
34189940:	f10d 0988 	add.w	r9, sp, #136	@ 0x88
34189944:	9206      	str	r2, [sp, #24]
34189946:	930b      	str	r3, [sp, #44]	@ 0x2c
34189948:	f002 fe36 	bl	3418c5b8 <_localeconv_r>
3418994c:	6803      	ldr	r3, [r0, #0]
3418994e:	4618      	mov	r0, r3
34189950:	9312      	str	r3, [sp, #72]	@ 0x48
34189952:	f7fd fe11 	bl	34187578 <strlen>
34189956:	2208      	movs	r2, #8
34189958:	9011      	str	r0, [sp, #68]	@ 0x44
3418995a:	2100      	movs	r1, #0
3418995c:	4648      	mov	r0, r9
3418995e:	f7fd fce9 	bl	34187334 <memset>
34189962:	f1bb 0f00 	cmp.w	fp, #0
34189966:	d004      	beq.n	34189972 <_vfprintf_r+0x42>
34189968:	f8db 3034 	ldr.w	r3, [fp, #52]	@ 0x34
3418996c:	2b00      	cmp	r3, #0
3418996e:	f001 814b 	beq.w	3418ac08 <_vfprintf_r+0x12d8>
34189972:	9b03      	ldr	r3, [sp, #12]
34189974:	6e5a      	ldr	r2, [r3, #100]	@ 0x64
34189976:	f9b3 300c 	ldrsh.w	r3, [r3, #12]
3418997a:	07d0      	lsls	r0, r2, #31
3418997c:	f140 813a 	bpl.w	34189bf4 <_vfprintf_r+0x2c4>
34189980:	0499      	lsls	r1, r3, #18
34189982:	f100 8712 	bmi.w	3418a7aa <_vfprintf_r+0xe7a>
34189986:	9903      	ldr	r1, [sp, #12]
34189988:	f443 5300 	orr.w	r3, r3, #8192	@ 0x2000
3418998c:	f422 5200 	bic.w	r2, r2, #8192	@ 0x2000
34189990:	818b      	strh	r3, [r1, #12]
34189992:	664a      	str	r2, [r1, #100]	@ 0x64
34189994:	0493      	lsls	r3, r2, #18
34189996:	f101 873f 	bmi.w	3418b818 <_vfprintf_r+0x1ee8>
3418999a:	9b03      	ldr	r3, [sp, #12]
3418999c:	f9b3 300c 	ldrsh.w	r3, [r3, #12]
341899a0:	071d      	lsls	r5, r3, #28
341899a2:	f140 80b0 	bpl.w	34189b06 <_vfprintf_r+0x1d6>
341899a6:	9a03      	ldr	r2, [sp, #12]
341899a8:	6912      	ldr	r2, [r2, #16]
341899aa:	2a00      	cmp	r2, #0
341899ac:	f000 80ab 	beq.w	34189b06 <_vfprintf_r+0x1d6>
341899b0:	f003 021a 	and.w	r2, r3, #26
341899b4:	2a0a      	cmp	r2, #10
341899b6:	f000 80b5 	beq.w	34189b24 <_vfprintf_r+0x1f4>
341899ba:	aa29      	add	r2, sp, #164	@ 0xa4
341899bc:	2300      	movs	r3, #0
341899be:	ed9f 8b98 	vldr	d8, [pc, #608]	@ 34189c20 <_vfprintf_r+0x2f0>
341899c2:	4617      	mov	r7, r2
341899c4:	930f      	str	r3, [sp, #60]	@ 0x3c
341899c6:	9226      	str	r2, [sp, #152]	@ 0x98
341899c8:	9313      	str	r3, [sp, #76]	@ 0x4c
341899ca:	9316      	str	r3, [sp, #88]	@ 0x58
341899cc:	9307      	str	r3, [sp, #28]
341899ce:	e9cd 3327 	strd	r3, r3, [sp, #156]	@ 0x9c
341899d2:	e9cd 3314 	strd	r3, r3, [sp, #80]	@ 0x50
341899d6:	9d06      	ldr	r5, [sp, #24]
341899d8:	4b93      	ldr	r3, [pc, #588]	@ (34189c28 <_vfprintf_r+0x2f8>)
341899da:	f8d3 41cc 	ldr.w	r4, [r3, #460]	@ 0x1cc
341899de:	f002 fde5 	bl	3418c5ac <__locale_mb_cur_max>
341899e2:	462a      	mov	r2, r5
341899e4:	4603      	mov	r3, r0
341899e6:	a91c      	add	r1, sp, #112	@ 0x70
341899e8:	4658      	mov	r0, fp
341899ea:	f8cd 9000 	str.w	r9, [sp]
341899ee:	47a0      	blx	r4
341899f0:	2800      	cmp	r0, #0
341899f2:	4603      	mov	r3, r0
341899f4:	f000 80b7 	beq.w	34189b66 <_vfprintf_r+0x236>
341899f8:	f2c0 80ad 	blt.w	34189b56 <_vfprintf_r+0x226>
341899fc:	9a1c      	ldr	r2, [sp, #112]	@ 0x70
341899fe:	2a25      	cmp	r2, #37	@ 0x25
34189a00:	d001      	beq.n	34189a06 <_vfprintf_r+0xd6>
34189a02:	441d      	add	r5, r3
34189a04:	e7e8      	b.n	341899d8 <_vfprintf_r+0xa8>
34189a06:	9b06      	ldr	r3, [sp, #24]
34189a08:	4604      	mov	r4, r0
34189a0a:	1aee      	subs	r6, r5, r3
34189a0c:	f040 80af 	bne.w	34189b6e <_vfprintf_r+0x23e>
34189a10:	2300      	movs	r3, #0
34189a12:	786c      	ldrb	r4, [r5, #1]
34189a14:	f04f 3aff 	mov.w	sl, #4294967295	@ 0xffffffff
34189a18:	3501      	adds	r5, #1
34189a1a:	f88d 3067 	strb.w	r3, [sp, #103]	@ 0x67
34189a1e:	9308      	str	r3, [sp, #32]
34189a20:	9302      	str	r3, [sp, #8]
34189a22:	3501      	adds	r5, #1
34189a24:	f1a4 0320 	sub.w	r3, r4, #32
34189a28:	2b5a      	cmp	r3, #90	@ 0x5a
34189a2a:	f200 80ff 	bhi.w	34189c2c <_vfprintf_r+0x2fc>
34189a2e:	e8df f013 	tbh	[pc, r3, lsl #1]
34189a32:	03c5      	.short	0x03c5
34189a34:	00fd00fd 	.word	0x00fd00fd
34189a38:	00fd03bf 	.word	0x00fd03bf
34189a3c:	00fd00fd 	.word	0x00fd00fd
34189a40:	00fd03a0 	.word	0x00fd03a0
34189a44:	028800fd 	.word	0x028800fd
34189a48:	00fd0299 	.word	0x00fd0299
34189a4c:	03d50293 	.word	0x03d50293
34189a50:	03cf00fd 	.word	0x03cf00fd
34189a54:	005b005b 	.word	0x005b005b
34189a58:	005b005b 	.word	0x005b005b
34189a5c:	005b005b 	.word	0x005b005b
34189a60:	005b005b 	.word	0x005b005b
34189a64:	00fd005b 	.word	0x00fd005b
34189a68:	00fd00fd 	.word	0x00fd00fd
34189a6c:	00fd00fd 	.word	0x00fd00fd
34189a70:	00fd00fd 	.word	0x00fd00fd
34189a74:	00fd0173 	.word	0x00fd0173
34189a78:	037d01e0 	.word	0x037d01e0
34189a7c:	01730173 	.word	0x01730173
34189a80:	00fd0173 	.word	0x00fd0173
34189a84:	00fd00fd 	.word	0x00fd00fd
34189a88:	037700fd 	.word	0x037700fd
34189a8c:	00fd00fd 	.word	0x00fd00fd
34189a90:	00fd0321 	.word	0x00fd0321
34189a94:	00fd00fd 	.word	0x00fd00fd
34189a98:	00fd01fc 	.word	0x00fd01fc
34189a9c:	00fd0356 	.word	0x00fd0356
34189aa0:	080300fd 	.word	0x080300fd
34189aa4:	00fd00fd 	.word	0x00fd00fd
34189aa8:	00fd00fd 	.word	0x00fd00fd
34189aac:	00fd00fd 	.word	0x00fd00fd
34189ab0:	00fd00fd 	.word	0x00fd00fd
34189ab4:	00fd0173 	.word	0x00fd0173
34189ab8:	01ae01e0 	.word	0x01ae01e0
34189abc:	01730173 	.word	0x01730173
34189ac0:	03180173 	.word	0x03180173
34189ac4:	01a801ae 	.word	0x01a801ae
34189ac8:	02c800fd 	.word	0x02c800fd
34189acc:	030900fd 	.word	0x030900fd
34189ad0:	029e02db 	.word	0x029e02db
34189ad4:	00fd01a8 	.word	0x00fd01a8
34189ad8:	01a601fc 	.word	0x01a601fc
34189adc:	00fd023f 	.word	0x00fd023f
34189ae0:	082e00fd 	.word	0x082e00fd
34189ae4:	01a600fd 	.word	0x01a600fd
34189ae8:	f1a4 0330 	sub.w	r3, r4, #48	@ 0x30
34189aec:	2200      	movs	r2, #0
34189aee:	eb02 0282 	add.w	r2, r2, r2, lsl #2
34189af2:	f815 4b01 	ldrb.w	r4, [r5], #1
34189af6:	eb03 0242 	add.w	r2, r3, r2, lsl #1
34189afa:	f1a4 0330 	sub.w	r3, r4, #48	@ 0x30
34189afe:	2b09      	cmp	r3, #9
34189b00:	d9f5      	bls.n	34189aee <_vfprintf_r+0x1be>
34189b02:	9208      	str	r2, [sp, #32]
34189b04:	e78e      	b.n	34189a24 <_vfprintf_r+0xf4>
34189b06:	9d03      	ldr	r5, [sp, #12]
34189b08:	4658      	mov	r0, fp
34189b0a:	4629      	mov	r1, r5
34189b0c:	f002 fc18 	bl	3418c340 <__swsetup_r>
34189b10:	2800      	cmp	r0, #0
34189b12:	f041 8704 	bne.w	3418b91e <_vfprintf_r+0x1fee>
34189b16:	f9b5 300c 	ldrsh.w	r3, [r5, #12]
34189b1a:	f003 021a 	and.w	r2, r3, #26
34189b1e:	2a0a      	cmp	r2, #10
34189b20:	f47f af4b 	bne.w	341899ba <_vfprintf_r+0x8a>
34189b24:	9903      	ldr	r1, [sp, #12]
34189b26:	f9b1 200e 	ldrsh.w	r2, [r1, #14]
34189b2a:	2a00      	cmp	r2, #0
34189b2c:	f6ff af45 	blt.w	341899ba <_vfprintf_r+0x8a>
34189b30:	6e4a      	ldr	r2, [r1, #100]	@ 0x64
34189b32:	07d2      	lsls	r2, r2, #31
34189b34:	d402      	bmi.n	34189b3c <_vfprintf_r+0x20c>
34189b36:	059f      	lsls	r7, r3, #22
34189b38:	f141 82ab 	bpl.w	3418b092 <_vfprintf_r+0x1762>
34189b3c:	4623      	mov	r3, r4
34189b3e:	9a06      	ldr	r2, [sp, #24]
34189b40:	9903      	ldr	r1, [sp, #12]
34189b42:	4658      	mov	r0, fp
34189b44:	f001 ff86 	bl	3418ba54 <__sbprintf>
34189b48:	9007      	str	r0, [sp, #28]
34189b4a:	9807      	ldr	r0, [sp, #28]
34189b4c:	b053      	add	sp, #332	@ 0x14c
34189b4e:	ecbd 8b02 	vpop	{d8}
34189b52:	e8bd 8ff0 	ldmia.w	sp!, {r4, r5, r6, r7, r8, r9, sl, fp, pc}
34189b56:	2208      	movs	r2, #8
34189b58:	2100      	movs	r1, #0
34189b5a:	4648      	mov	r0, r9
34189b5c:	f7fd fbea 	bl	34187334 <memset>
34189b60:	2301      	movs	r3, #1
34189b62:	441d      	add	r5, r3
34189b64:	e738      	b.n	341899d8 <_vfprintf_r+0xa8>
34189b66:	9b06      	ldr	r3, [sp, #24]
34189b68:	4604      	mov	r4, r0
34189b6a:	1aee      	subs	r6, r5, r3
34189b6c:	d011      	beq.n	34189b92 <_vfprintf_r+0x262>
34189b6e:	9b06      	ldr	r3, [sp, #24]
34189b70:	9927      	ldr	r1, [sp, #156]	@ 0x9c
34189b72:	e9c7 3600 	strd	r3, r6, [r7]
34189b76:	3101      	adds	r1, #1
34189b78:	9b28      	ldr	r3, [sp, #160]	@ 0xa0
34189b7a:	2907      	cmp	r1, #7
34189b7c:	4433      	add	r3, r6
34189b7e:	9127      	str	r1, [sp, #156]	@ 0x9c
34189b80:	9328      	str	r3, [sp, #160]	@ 0xa0
34189b82:	dc10      	bgt.n	34189ba6 <_vfprintf_r+0x276>
34189b84:	3708      	adds	r7, #8
34189b86:	9b07      	ldr	r3, [sp, #28]
34189b88:	4433      	add	r3, r6
34189b8a:	9307      	str	r3, [sp, #28]
34189b8c:	2c00      	cmp	r4, #0
34189b8e:	f47f af3f 	bne.w	34189a10 <_vfprintf_r+0xe0>
34189b92:	9b28      	ldr	r3, [sp, #160]	@ 0xa0
34189b94:	2b00      	cmp	r3, #0
34189b96:	f041 8264 	bne.w	3418b062 <_vfprintf_r+0x1732>
34189b9a:	2200      	movs	r2, #0
34189b9c:	9b03      	ldr	r3, [sp, #12]
34189b9e:	9227      	str	r2, [sp, #156]	@ 0x9c
34189ba0:	f9b3 300c 	ldrsh.w	r3, [r3, #12]
34189ba4:	e018      	b.n	34189bd8 <_vfprintf_r+0x2a8>
34189ba6:	aa26      	add	r2, sp, #152	@ 0x98
34189ba8:	9903      	ldr	r1, [sp, #12]
34189baa:	4658      	mov	r0, fp
34189bac:	f002 fae0 	bl	3418c170 <__sprint_r>
34189bb0:	b978      	cbnz	r0, 34189bd2 <_vfprintf_r+0x2a2>
34189bb2:	af29      	add	r7, sp, #164	@ 0xa4
34189bb4:	e7e7      	b.n	34189b86 <_vfprintf_r+0x256>
34189bb6:	aa26      	add	r2, sp, #152	@ 0x98
34189bb8:	9903      	ldr	r1, [sp, #12]
34189bba:	4658      	mov	r0, fp
34189bbc:	f002 fad8 	bl	3418c170 <__sprint_r>
34189bc0:	2800      	cmp	r0, #0
34189bc2:	f000 809f 	beq.w	34189d04 <_vfprintf_r+0x3d4>
34189bc6:	9b09      	ldr	r3, [sp, #36]	@ 0x24
34189bc8:	b11b      	cbz	r3, 34189bd2 <_vfprintf_r+0x2a2>
34189bca:	9909      	ldr	r1, [sp, #36]	@ 0x24
34189bcc:	4658      	mov	r0, fp
34189bce:	f7fd fda3 	bl	34187718 <_free_r>
34189bd2:	9b03      	ldr	r3, [sp, #12]
34189bd4:	f9b3 300c 	ldrsh.w	r3, [r3, #12]
34189bd8:	9a03      	ldr	r2, [sp, #12]
34189bda:	6e52      	ldr	r2, [r2, #100]	@ 0x64
34189bdc:	07d4      	lsls	r4, r2, #31
34189bde:	f140 80c4 	bpl.w	34189d6a <_vfprintf_r+0x43a>
34189be2:	065a      	lsls	r2, r3, #25
34189be4:	f101 861b 	bmi.w	3418b81e <_vfprintf_r+0x1eee>
34189be8:	9807      	ldr	r0, [sp, #28]
34189bea:	b053      	add	sp, #332	@ 0x14c
34189bec:	ecbd 8b02 	vpop	{d8}
34189bf0:	e8bd 8ff0 	ldmia.w	sp!, {r4, r5, r6, r7, r8, r9, sl, fp, pc}
34189bf4:	059e      	lsls	r6, r3, #22
34189bf6:	f140 8150 	bpl.w	34189e9a <_vfprintf_r+0x56a>
34189bfa:	049d      	lsls	r5, r3, #18
34189bfc:	f57f aec3 	bpl.w	34189986 <_vfprintf_r+0x56>
34189c00:	0490      	lsls	r0, r2, #18
34189c02:	f57f aecd 	bpl.w	341899a0 <_vfprintf_r+0x70>
34189c06:	9b03      	ldr	r3, [sp, #12]
34189c08:	899b      	ldrh	r3, [r3, #12]
34189c0a:	059e      	lsls	r6, r3, #22
34189c0c:	f101 8607 	bmi.w	3418b81e <_vfprintf_r+0x1eee>
34189c10:	9b03      	ldr	r3, [sp, #12]
34189c12:	6d98      	ldr	r0, [r3, #88]	@ 0x58
34189c14:	f7fd fc38 	bl	34187488 <__retarget_lock_release_recursive>
34189c18:	f001 be01 	b.w	3418b81e <_vfprintf_r+0x1eee>
34189c1c:	f3af 8000 	nop.w
	...
34189c28:	341c063c 	.word	0x341c063c
34189c2c:	9506      	str	r5, [sp, #24]
34189c2e:	2c00      	cmp	r4, #0
34189c30:	d0af      	beq.n	34189b92 <_vfprintf_r+0x262>
34189c32:	2300      	movs	r3, #0
34189c34:	2201      	movs	r2, #1
34189c36:	ad39      	add	r5, sp, #228	@ 0xe4
34189c38:	f88d 40e4 	strb.w	r4, [sp, #228]	@ 0xe4
34189c3c:	f88d 3067 	strb.w	r3, [sp, #103]	@ 0x67
34189c40:	9309      	str	r3, [sp, #36]	@ 0x24
34189c42:	920a      	str	r2, [sp, #40]	@ 0x28
34189c44:	469a      	mov	sl, r3
34189c46:	9310      	str	r3, [sp, #64]	@ 0x40
34189c48:	9204      	str	r2, [sp, #16]
34189c4a:	e9cd 330d 	strd	r3, r3, [sp, #52]	@ 0x34
34189c4e:	9902      	ldr	r1, [sp, #8]
34189c50:	9a28      	ldr	r2, [sp, #160]	@ 0xa0
34189c52:	f011 0184 	ands.w	r1, r1, #132	@ 0x84
34189c56:	4696      	mov	lr, r2
34189c58:	910c      	str	r1, [sp, #48]	@ 0x30
34189c5a:	f000 83a6 	beq.w	3418a3aa <_vfprintf_r+0xa7a>
34189c5e:	f89d 3067 	ldrb.w	r3, [sp, #103]	@ 0x67
34189c62:	b30b      	cbz	r3, 34189ca8 <_vfprintf_r+0x378>
34189c64:	f8dd c09c 	ldr.w	ip, [sp, #156]	@ 0x9c
34189c68:	2600      	movs	r6, #0
34189c6a:	f10c 0301 	add.w	r3, ip, #1
34189c6e:	2101      	movs	r1, #1
34189c70:	3201      	adds	r2, #1
34189c72:	6079      	str	r1, [r7, #4]
34189c74:	2b07      	cmp	r3, #7
34189c76:	f10d 0167 	add.w	r1, sp, #103	@ 0x67
34189c7a:	e9cd 3227 	strd	r3, r2, [sp, #156]	@ 0x9c
34189c7e:	6039      	str	r1, [r7, #0]
34189c80:	f300 8436 	bgt.w	3418a4f0 <_vfprintf_r+0xbc0>
34189c84:	3708      	adds	r7, #8
34189c86:	b17e      	cbz	r6, 34189ca8 <_vfprintf_r+0x378>
34189c88:	f8dd c09c 	ldr.w	ip, [sp, #156]	@ 0x9c
34189c8c:	f10c 0301 	add.w	r3, ip, #1
34189c90:	a91a      	add	r1, sp, #104	@ 0x68
34189c92:	3202      	adds	r2, #2
34189c94:	6039      	str	r1, [r7, #0]
34189c96:	2b07      	cmp	r3, #7
34189c98:	f04f 0102 	mov.w	r1, #2
34189c9c:	e9cd 3227 	strd	r3, r2, [sp, #156]	@ 0x9c
34189ca0:	6079      	str	r1, [r7, #4]
34189ca2:	f300 8415 	bgt.w	3418a4d0 <_vfprintf_r+0xba0>
34189ca6:	3708      	adds	r7, #8
34189ca8:	9b0c      	ldr	r3, [sp, #48]	@ 0x30
34189caa:	2b80      	cmp	r3, #128	@ 0x80
34189cac:	f000 8301 	beq.w	3418a2b2 <_vfprintf_r+0x982>
34189cb0:	9b0a      	ldr	r3, [sp, #40]	@ 0x28
34189cb2:	ebaa 0603 	sub.w	r6, sl, r3
34189cb6:	2e00      	cmp	r6, #0
34189cb8:	f300 833d 	bgt.w	3418a336 <_vfprintf_r+0xa06>
34189cbc:	9b02      	ldr	r3, [sp, #8]
34189cbe:	05de      	lsls	r6, r3, #23
34189cc0:	f100 82a7 	bmi.w	3418a212 <_vfprintf_r+0x8e2>
34189cc4:	9b0a      	ldr	r3, [sp, #40]	@ 0x28
34189cc6:	603d      	str	r5, [r7, #0]
34189cc8:	441a      	add	r2, r3
34189cca:	607b      	str	r3, [r7, #4]
34189ccc:	9b27      	ldr	r3, [sp, #156]	@ 0x9c
34189cce:	9228      	str	r2, [sp, #160]	@ 0xa0
34189cd0:	3301      	adds	r3, #1
34189cd2:	2b07      	cmp	r3, #7
34189cd4:	9327      	str	r3, [sp, #156]	@ 0x9c
34189cd6:	f300 83b2 	bgt.w	3418a43e <_vfprintf_r+0xb0e>
34189cda:	3708      	adds	r7, #8
34189cdc:	9b02      	ldr	r3, [sp, #8]
34189cde:	075d      	lsls	r5, r3, #29
34189ce0:	d505      	bpl.n	34189cee <_vfprintf_r+0x3be>
34189ce2:	9b08      	ldr	r3, [sp, #32]
34189ce4:	9904      	ldr	r1, [sp, #16]
34189ce6:	1a5c      	subs	r4, r3, r1
34189ce8:	2c00      	cmp	r4, #0
34189cea:	f300 840d 	bgt.w	3418a508 <_vfprintf_r+0xbd8>
34189cee:	9804      	ldr	r0, [sp, #16]
34189cf0:	e9dd 3107 	ldrd	r3, r1, [sp, #28]
34189cf4:	4281      	cmp	r1, r0
34189cf6:	bfac      	ite	ge
34189cf8:	185b      	addge	r3, r3, r1
34189cfa:	181b      	addlt	r3, r3, r0
34189cfc:	9307      	str	r3, [sp, #28]
34189cfe:	2a00      	cmp	r2, #0
34189d00:	f47f af59 	bne.w	34189bb6 <_vfprintf_r+0x286>
34189d04:	2300      	movs	r3, #0
34189d06:	9327      	str	r3, [sp, #156]	@ 0x9c
34189d08:	9b09      	ldr	r3, [sp, #36]	@ 0x24
34189d0a:	b11b      	cbz	r3, 34189d14 <_vfprintf_r+0x3e4>
34189d0c:	9909      	ldr	r1, [sp, #36]	@ 0x24
34189d0e:	4658      	mov	r0, fp
34189d10:	f7fd fd02 	bl	34187718 <_free_r>
34189d14:	af29      	add	r7, sp, #164	@ 0xa4
34189d16:	e65e      	b.n	341899d6 <_vfprintf_r+0xa6>
34189d18:	9b0b      	ldr	r3, [sp, #44]	@ 0x2c
34189d1a:	9506      	str	r5, [sp, #24]
34189d1c:	3307      	adds	r3, #7
34189d1e:	f023 0307 	bic.w	r3, r3, #7
34189d22:	ecb3 8b02 	vldmia	r3!, {d8}
34189d26:	ed9f 7bac 	vldr	d7, [pc, #688]	@ 34189fd8 <_vfprintf_r+0x6a8>
34189d2a:	eeb0 6bc8 	vabs.f64	d6, d8
34189d2e:	930b      	str	r3, [sp, #44]	@ 0x2c
34189d30:	eeb4 6b47 	vcmp.f64	d6, d7
34189d34:	eef1 fa10 	vmrs	APSR_nzcv, fpscr
34189d38:	f340 856f 	ble.w	3418a81a <_vfprintf_r+0xeea>
34189d3c:	eeb5 8bc0 	vcmpe.f64	d8, #0.0
34189d40:	9b02      	ldr	r3, [sp, #8]
34189d42:	f023 0380 	bic.w	r3, r3, #128	@ 0x80
34189d46:	eef1 fa10 	vmrs	APSR_nzcv, fpscr
34189d4a:	9302      	str	r3, [sp, #8]
34189d4c:	f101 8286 	bmi.w	3418b25c <_vfprintf_r+0x192c>
34189d50:	2c47      	cmp	r4, #71	@ 0x47
34189d52:	f89d 3067 	ldrb.w	r3, [sp, #103]	@ 0x67
34189d56:	bfcc      	ite	gt
34189d58:	4da1      	ldrgt	r5, [pc, #644]	@ (34189fe0 <_vfprintf_r+0x6b0>)
34189d5a:	4da2      	ldrle	r5, [pc, #648]	@ (34189fe4 <_vfprintf_r+0x6b4>)
34189d5c:	2b00      	cmp	r3, #0
34189d5e:	f041 84e9 	bne.w	3418b734 <_vfprintf_r+0x1e04>
34189d62:	2203      	movs	r2, #3
34189d64:	9309      	str	r3, [sp, #36]	@ 0x24
34189d66:	920a      	str	r2, [sp, #40]	@ 0x28
34189d68:	e76c      	b.n	34189c44 <_vfprintf_r+0x314>
34189d6a:	0599      	lsls	r1, r3, #22
34189d6c:	f53f af39 	bmi.w	34189be2 <_vfprintf_r+0x2b2>
34189d70:	9c03      	ldr	r4, [sp, #12]
34189d72:	6da0      	ldr	r0, [r4, #88]	@ 0x58
34189d74:	f7fd fb88 	bl	34187488 <__retarget_lock_release_recursive>
34189d78:	f9b4 300c 	ldrsh.w	r3, [r4, #12]
34189d7c:	e731      	b.n	34189be2 <_vfprintf_r+0x2b2>
34189d7e:	782c      	ldrb	r4, [r5, #0]
34189d80:	e64f      	b.n	34189a22 <_vfprintf_r+0xf2>
34189d82:	9b02      	ldr	r3, [sp, #8]
34189d84:	782c      	ldrb	r4, [r5, #0]
34189d86:	f043 0320 	orr.w	r3, r3, #32
34189d8a:	9302      	str	r3, [sp, #8]
34189d8c:	e649      	b.n	34189a22 <_vfprintf_r+0xf2>
34189d8e:	9902      	ldr	r1, [sp, #8]
34189d90:	9506      	str	r5, [sp, #24]
34189d92:	0688      	lsls	r0, r1, #26
34189d94:	f140 852f 	bpl.w	3418a7f6 <_vfprintf_r+0xec6>
34189d98:	9b0b      	ldr	r3, [sp, #44]	@ 0x2c
34189d9a:	9102      	str	r1, [sp, #8]
34189d9c:	3307      	adds	r3, #7
34189d9e:	f023 0207 	bic.w	r2, r3, #7
34189da2:	6853      	ldr	r3, [r2, #4]
34189da4:	f852 6b08 	ldr.w	r6, [r2], #8
34189da8:	4698      	mov	r8, r3
34189daa:	920b      	str	r2, [sp, #44]	@ 0x2c
34189dac:	2b00      	cmp	r3, #0
34189dae:	f2c0 81d0 	blt.w	3418a152 <_vfprintf_r+0x822>
34189db2:	f1ba 0f00 	cmp.w	sl, #0
34189db6:	f2c0 8091 	blt.w	34189edc <_vfprintf_r+0x5ac>
34189dba:	9b02      	ldr	r3, [sp, #8]
34189dbc:	f023 0380 	bic.w	r3, r3, #128	@ 0x80
34189dc0:	9302      	str	r3, [sp, #8]
34189dc2:	ea56 0308 	orrs.w	r3, r6, r8
34189dc6:	f040 8089 	bne.w	34189edc <_vfprintf_r+0x5ac>
34189dca:	f1ba 0f00 	cmp.w	sl, #0
34189dce:	f040 8085 	bne.w	34189edc <_vfprintf_r+0x5ac>
34189dd2:	f89d 0067 	ldrb.w	r0, [sp, #103]	@ 0x67
34189dd6:	2800      	cmp	r0, #0
34189dd8:	f001 8106 	beq.w	3418afe8 <_vfprintf_r+0x16b8>
34189ddc:	f1ba 0300 	subs.w	r3, sl, #0
34189de0:	ad52      	add	r5, sp, #328	@ 0x148
34189de2:	bf18      	it	ne
34189de4:	2301      	movne	r3, #1
34189de6:	469a      	mov	sl, r3
34189de8:	9304      	str	r3, [sp, #16]
34189dea:	930d      	str	r3, [sp, #52]	@ 0x34
34189dec:	e9cd 3309 	strd	r3, r3, [sp, #36]	@ 0x24
34189df0:	e08c      	b.n	34189f0c <_vfprintf_r+0x5dc>
34189df2:	2c43      	cmp	r4, #67	@ 0x43
34189df4:	9506      	str	r5, [sp, #24]
34189df6:	f000 86ab 	beq.w	3418ab50 <_vfprintf_r+0x1220>
34189dfa:	9b02      	ldr	r3, [sp, #8]
34189dfc:	06de      	lsls	r6, r3, #27
34189dfe:	f100 86a7 	bmi.w	3418ab50 <_vfprintf_r+0x1220>
34189e02:	9b0b      	ldr	r3, [sp, #44]	@ 0x2c
34189e04:	2201      	movs	r2, #1
34189e06:	ad39      	add	r5, sp, #228	@ 0xe4
34189e08:	681b      	ldr	r3, [r3, #0]
34189e0a:	9204      	str	r2, [sp, #16]
34189e0c:	f88d 30e4 	strb.w	r3, [sp, #228]	@ 0xe4
34189e10:	920a      	str	r2, [sp, #40]	@ 0x28
34189e12:	9b0b      	ldr	r3, [sp, #44]	@ 0x2c
34189e14:	3304      	adds	r3, #4
34189e16:	930b      	str	r3, [sp, #44]	@ 0x2c
34189e18:	2300      	movs	r3, #0
34189e1a:	469a      	mov	sl, r3
34189e1c:	f88d 3067 	strb.w	r3, [sp, #103]	@ 0x67
34189e20:	9309      	str	r3, [sp, #36]	@ 0x24
34189e22:	9310      	str	r3, [sp, #64]	@ 0x40
34189e24:	e9cd 330d 	strd	r3, r3, [sp, #52]	@ 0x34
34189e28:	e711      	b.n	34189c4e <_vfprintf_r+0x31e>
34189e2a:	f8dd 802c 	ldr.w	r8, [sp, #44]	@ 0x2c
34189e2e:	2300      	movs	r3, #0
34189e30:	9506      	str	r5, [sp, #24]
34189e32:	f858 5b04 	ldr.w	r5, [r8], #4
34189e36:	f88d 3067 	strb.w	r3, [sp, #103]	@ 0x67
34189e3a:	2d00      	cmp	r5, #0
34189e3c:	f000 8670 	beq.w	3418ab20 <_vfprintf_r+0x11f0>
34189e40:	2c53      	cmp	r4, #83	@ 0x53
34189e42:	f000 870c 	beq.w	3418ac5e <_vfprintf_r+0x132e>
34189e46:	9b02      	ldr	r3, [sp, #8]
34189e48:	f013 0310 	ands.w	r3, r3, #16
34189e4c:	930d      	str	r3, [sp, #52]	@ 0x34
34189e4e:	f040 8706 	bne.w	3418ac5e <_vfprintf_r+0x132e>
34189e52:	f1ba 0f00 	cmp.w	sl, #0
34189e56:	f2c1 810e 	blt.w	3418b076 <_vfprintf_r+0x1746>
34189e5a:	4652      	mov	r2, sl
34189e5c:	990d      	ldr	r1, [sp, #52]	@ 0x34
34189e5e:	4628      	mov	r0, r5
34189e60:	f002 fbfc 	bl	3418c65c <memchr>
34189e64:	f89d 3067 	ldrb.w	r3, [sp, #103]	@ 0x67
34189e68:	9009      	str	r0, [sp, #36]	@ 0x24
34189e6a:	2800      	cmp	r0, #0
34189e6c:	f001 841a 	beq.w	3418b6a4 <_vfprintf_r+0x1d74>
34189e70:	9a09      	ldr	r2, [sp, #36]	@ 0x24
34189e72:	1b52      	subs	r2, r2, r5
34189e74:	920a      	str	r2, [sp, #40]	@ 0x28
34189e76:	ea22 72e2 	bic.w	r2, r2, r2, asr #31
34189e7a:	9204      	str	r2, [sp, #16]
34189e7c:	b10b      	cbz	r3, 34189e82 <_vfprintf_r+0x552>
34189e7e:	3201      	adds	r2, #1
34189e80:	9204      	str	r2, [sp, #16]
34189e82:	f8dd a034 	ldr.w	sl, [sp, #52]	@ 0x34
34189e86:	2473      	movs	r4, #115	@ 0x73
34189e88:	f8cd 802c 	str.w	r8, [sp, #44]	@ 0x2c
34189e8c:	f8cd a040 	str.w	sl, [sp, #64]	@ 0x40
34189e90:	f8cd a038 	str.w	sl, [sp, #56]	@ 0x38
34189e94:	f8cd a024 	str.w	sl, [sp, #36]	@ 0x24
34189e98:	e6d9      	b.n	34189c4e <_vfprintf_r+0x31e>
34189e9a:	9d03      	ldr	r5, [sp, #12]
34189e9c:	6da8      	ldr	r0, [r5, #88]	@ 0x58
34189e9e:	f7fd faf1 	bl	34187484 <__retarget_lock_acquire_recursive>
34189ea2:	f9b5 300c 	ldrsh.w	r3, [r5, #12]
34189ea6:	6e6a      	ldr	r2, [r5, #100]	@ 0x64
34189ea8:	0499      	lsls	r1, r3, #18
34189eaa:	f53f ad73 	bmi.w	34189994 <_vfprintf_r+0x64>
34189eae:	e56a      	b.n	34189986 <_vfprintf_r+0x56>
34189eb0:	9b02      	ldr	r3, [sp, #8]
34189eb2:	9506      	str	r5, [sp, #24]
34189eb4:	069a      	lsls	r2, r3, #26
34189eb6:	f140 8580 	bpl.w	3418a9ba <_vfprintf_r+0x108a>
34189eba:	4619      	mov	r1, r3
34189ebc:	9b0b      	ldr	r3, [sp, #44]	@ 0x2c
34189ebe:	2200      	movs	r2, #0
34189ec0:	3307      	adds	r3, #7
34189ec2:	4592      	cmp	sl, r2
34189ec4:	f88d 2067 	strb.w	r2, [sp, #103]	@ 0x67
34189ec8:	f023 0307 	bic.w	r3, r3, #7
34189ecc:	f8d3 8004 	ldr.w	r8, [r3, #4]
34189ed0:	f853 6b08 	ldr.w	r6, [r3], #8
34189ed4:	930b      	str	r3, [sp, #44]	@ 0x2c
34189ed6:	f280 8476 	bge.w	3418a7c6 <_vfprintf_r+0xe96>
34189eda:	9102      	str	r1, [sp, #8]
34189edc:	2e0a      	cmp	r6, #10
34189ede:	f178 0300 	sbcs.w	r3, r8, #0
34189ee2:	f080 8714 	bcs.w	3418ad0e <_vfprintf_r+0x13de>
34189ee6:	4653      	mov	r3, sl
34189ee8:	3630      	adds	r6, #48	@ 0x30
34189eea:	f89d 0067 	ldrb.w	r0, [sp, #103]	@ 0x67
34189eee:	f20d 1547 	addw	r5, sp, #327	@ 0x147
34189ef2:	2b01      	cmp	r3, #1
34189ef4:	f88d 6147 	strb.w	r6, [sp, #327]	@ 0x147
34189ef8:	bfb8      	it	lt
34189efa:	2301      	movlt	r3, #1
34189efc:	9304      	str	r3, [sp, #16]
34189efe:	2300      	movs	r3, #0
34189f00:	930d      	str	r3, [sp, #52]	@ 0x34
34189f02:	2301      	movs	r3, #1
34189f04:	930a      	str	r3, [sp, #40]	@ 0x28
34189f06:	2300      	movs	r3, #0
34189f08:	9309      	str	r3, [sp, #36]	@ 0x24
34189f0a:	b110      	cbz	r0, 34189f12 <_vfprintf_r+0x5e2>
34189f0c:	9b04      	ldr	r3, [sp, #16]
34189f0e:	3301      	adds	r3, #1
34189f10:	9304      	str	r3, [sp, #16]
34189f12:	9b0d      	ldr	r3, [sp, #52]	@ 0x34
34189f14:	2b00      	cmp	r3, #0
34189f16:	f001 857d 	beq.w	3418ba14 <_vfprintf_r+0x20e4>
34189f1a:	9b04      	ldr	r3, [sp, #16]
34189f1c:	9e02      	ldr	r6, [sp, #8]
34189f1e:	3302      	adds	r3, #2
34189f20:	f016 0684 	ands.w	r6, r6, #132	@ 0x84
34189f24:	9304      	str	r3, [sp, #16]
34189f26:	960c      	str	r6, [sp, #48]	@ 0x30
34189f28:	e9dd c227 	ldrd	ip, r2, [sp, #156]	@ 0x9c
34189f2c:	4696      	mov	lr, r2
34189f2e:	4661      	mov	r1, ip
34189f30:	f000 8247 	beq.w	3418a3c2 <_vfprintf_r+0xa92>
34189f34:	2800      	cmp	r0, #0
34189f36:	f040 8320 	bne.w	3418a57a <_vfprintf_r+0xc4a>
34189f3a:	9010      	str	r0, [sp, #64]	@ 0x40
34189f3c:	e9cd 000d 	strd	r0, r0, [sp, #52]	@ 0x34
34189f40:	e6a4      	b.n	34189c8c <_vfprintf_r+0x35c>
34189f42:	9b0b      	ldr	r3, [sp, #44]	@ 0x2c
34189f44:	f853 2b04 	ldr.w	r2, [r3], #4
34189f48:	2a00      	cmp	r2, #0
34189f4a:	9208      	str	r2, [sp, #32]
34189f4c:	f280 8437 	bge.w	3418a7be <_vfprintf_r+0xe8e>
34189f50:	9a08      	ldr	r2, [sp, #32]
34189f52:	930b      	str	r3, [sp, #44]	@ 0x2c
34189f54:	4252      	negs	r2, r2
34189f56:	9208      	str	r2, [sp, #32]
34189f58:	9b02      	ldr	r3, [sp, #8]
34189f5a:	782c      	ldrb	r4, [r5, #0]
34189f5c:	f043 0304 	orr.w	r3, r3, #4
34189f60:	9302      	str	r3, [sp, #8]
34189f62:	e55e      	b.n	34189a22 <_vfprintf_r+0xf2>
34189f64:	232b      	movs	r3, #43	@ 0x2b
34189f66:	782c      	ldrb	r4, [r5, #0]
34189f68:	f88d 3067 	strb.w	r3, [sp, #103]	@ 0x67
34189f6c:	e559      	b.n	34189a22 <_vfprintf_r+0xf2>
34189f6e:	2100      	movs	r1, #0
34189f70:	9a0b      	ldr	r2, [sp, #44]	@ 0x2c
34189f72:	f647 0330 	movw	r3, #30768	@ 0x7830
34189f76:	9506      	str	r5, [sp, #24]
34189f78:	f852 0b04 	ldr.w	r0, [r2], #4
34189f7c:	458a      	cmp	sl, r1
34189f7e:	f8ad 3068 	strh.w	r3, [sp, #104]	@ 0x68
34189f82:	f88d 1067 	strb.w	r1, [sp, #103]	@ 0x67
34189f86:	4603      	mov	r3, r0
34189f88:	f2c0 8584 	blt.w	3418aa94 <_vfprintf_r+0x1164>
34189f8c:	9c02      	ldr	r4, [sp, #8]
34189f8e:	f024 0480 	bic.w	r4, r4, #128	@ 0x80
34189f92:	f044 0402 	orr.w	r4, r4, #2
34189f96:	9402      	str	r4, [sp, #8]
34189f98:	2800      	cmp	r0, #0
34189f9a:	f040 873b 	bne.w	3418ae14 <_vfprintf_r+0x14e4>
34189f9e:	f1ba 0f00 	cmp.w	sl, #0
34189fa2:	f040 8737 	bne.w	3418ae14 <_vfprintf_r+0x14e4>
34189fa6:	2302      	movs	r3, #2
34189fa8:	2478      	movs	r4, #120	@ 0x78
34189faa:	920b      	str	r2, [sp, #44]	@ 0x2c
34189fac:	930d      	str	r3, [sp, #52]	@ 0x34
34189fae:	f04f 0a00 	mov.w	sl, #0
34189fb2:	f89d 0067 	ldrb.w	r0, [sp, #103]	@ 0x67
34189fb6:	ad52      	add	r5, sp, #328	@ 0x148
34189fb8:	f8cd a010 	str.w	sl, [sp, #16]
34189fbc:	f8cd a028 	str.w	sl, [sp, #40]	@ 0x28
34189fc0:	e7a1      	b.n	34189f06 <_vfprintf_r+0x5d6>
34189fc2:	782c      	ldrb	r4, [r5, #0]
34189fc4:	9b02      	ldr	r3, [sp, #8]
34189fc6:	2c6c      	cmp	r4, #108	@ 0x6c
34189fc8:	f000 859c 	beq.w	3418ab04 <_vfprintf_r+0x11d4>
34189fcc:	f043 0310 	orr.w	r3, r3, #16
34189fd0:	9302      	str	r3, [sp, #8]
34189fd2:	e526      	b.n	34189a22 <_vfprintf_r+0xf2>
34189fd4:	f3af 8000 	nop.w
34189fd8:	ffffffff 	.word	0xffffffff
34189fdc:	7fefffff 	.word	0x7fefffff
34189fe0:	3418fe78 	.word	0x3418fe78
34189fe4:	3418fe74 	.word	0x3418fe74
34189fe8:	9802      	ldr	r0, [sp, #8]
34189fea:	9506      	str	r5, [sp, #24]
34189fec:	0685      	lsls	r5, r0, #26
34189fee:	f140 8505 	bpl.w	3418a9fc <_vfprintf_r+0x10cc>
34189ff2:	9b0b      	ldr	r3, [sp, #44]	@ 0x2c
34189ff4:	3307      	adds	r3, #7
34189ff6:	f023 0307 	bic.w	r3, r3, #7
34189ffa:	461a      	mov	r2, r3
34189ffc:	6859      	ldr	r1, [r3, #4]
34189ffe:	f852 3b08 	ldr.w	r3, [r2], #8
3418a002:	920b      	str	r2, [sp, #44]	@ 0x2c
3418a004:	2200      	movs	r2, #0
3418a006:	4592      	cmp	sl, r2
3418a008:	f88d 2067 	strb.w	r2, [sp, #103]	@ 0x67
3418a00c:	db43      	blt.n	3418a096 <_vfprintf_r+0x766>
3418a00e:	f420 6290 	bic.w	r2, r0, #1152	@ 0x480
3418a012:	9202      	str	r2, [sp, #8]
3418a014:	d142      	bne.n	3418a09c <_vfprintf_r+0x76c>
3418a016:	ea53 0201 	orrs.w	r2, r3, r1
3418a01a:	bf14      	ite	ne
3418a01c:	2201      	movne	r2, #1
3418a01e:	2200      	moveq	r2, #0
3418a020:	d13c      	bne.n	3418a09c <_vfprintf_r+0x76c>
3418a022:	f010 0101 	ands.w	r1, r0, #1
3418a026:	9104      	str	r1, [sp, #16]
3418a028:	f000 82ae 	beq.w	3418a588 <_vfprintf_r+0xc58>
3418a02c:	2330      	movs	r3, #48	@ 0x30
3418a02e:	4692      	mov	sl, r2
3418a030:	f20d 1547 	addw	r5, sp, #327	@ 0x147
3418a034:	9210      	str	r2, [sp, #64]	@ 0x40
3418a036:	f88d 3147 	strb.w	r3, [sp, #327]	@ 0x147
3418a03a:	e9cd 2109 	strd	r2, r1, [sp, #36]	@ 0x24
3418a03e:	e9cd 220d 	strd	r2, r2, [sp, #52]	@ 0x34
3418a042:	e604      	b.n	34189c4e <_vfprintf_r+0x31e>
3418a044:	9902      	ldr	r1, [sp, #8]
3418a046:	9a0b      	ldr	r2, [sp, #44]	@ 0x2c
3418a048:	068c      	lsls	r4, r1, #26
3418a04a:	9506      	str	r5, [sp, #24]
3418a04c:	f102 0304 	add.w	r3, r2, #4
3418a050:	f140 84a1 	bpl.w	3418a996 <_vfprintf_r+0x1066>
3418a054:	6812      	ldr	r2, [r2, #0]
3418a056:	9907      	ldr	r1, [sp, #28]
3418a058:	6011      	str	r1, [r2, #0]
3418a05a:	17c9      	asrs	r1, r1, #31
3418a05c:	6051      	str	r1, [r2, #4]
3418a05e:	930b      	str	r3, [sp, #44]	@ 0x2c
3418a060:	e4b9      	b.n	341899d6 <_vfprintf_r+0xa6>
3418a062:	782c      	ldrb	r4, [r5, #0]
3418a064:	9b02      	ldr	r3, [sp, #8]
3418a066:	2c68      	cmp	r4, #104	@ 0x68
3418a068:	f000 8553 	beq.w	3418ab12 <_vfprintf_r+0x11e2>
3418a06c:	f043 0340 	orr.w	r3, r3, #64	@ 0x40
3418a070:	9302      	str	r3, [sp, #8]
3418a072:	e4d6      	b.n	34189a22 <_vfprintf_r+0xf2>
3418a074:	9b02      	ldr	r3, [sp, #8]
3418a076:	9506      	str	r5, [sp, #24]
3418a078:	069e      	lsls	r6, r3, #26
3418a07a:	f043 0010 	orr.w	r0, r3, #16
3418a07e:	d4b8      	bmi.n	34189ff2 <_vfprintf_r+0x6c2>
3418a080:	9b0b      	ldr	r3, [sp, #44]	@ 0x2c
3418a082:	1d1a      	adds	r2, r3, #4
3418a084:	9b0b      	ldr	r3, [sp, #44]	@ 0x2c
3418a086:	2100      	movs	r1, #0
3418a088:	920b      	str	r2, [sp, #44]	@ 0x2c
3418a08a:	2200      	movs	r2, #0
3418a08c:	681b      	ldr	r3, [r3, #0]
3418a08e:	4592      	cmp	sl, r2
3418a090:	f88d 2067 	strb.w	r2, [sp, #103]	@ 0x67
3418a094:	dabb      	bge.n	3418a00e <_vfprintf_r+0x6de>
3418a096:	f420 6280 	bic.w	r2, r0, #1024	@ 0x400
3418a09a:	9202      	str	r2, [sp, #8]
3418a09c:	ad52      	add	r5, sp, #328	@ 0x148
3418a09e:	f003 0207 	and.w	r2, r3, #7
3418a0a2:	08db      	lsrs	r3, r3, #3
3418a0a4:	4628      	mov	r0, r5
3418a0a6:	ea43 7341 	orr.w	r3, r3, r1, lsl #29
3418a0aa:	3230      	adds	r2, #48	@ 0x30
3418a0ac:	08c9      	lsrs	r1, r1, #3
3418a0ae:	f805 2d01 	strb.w	r2, [r5, #-1]!
3418a0b2:	ea53 0601 	orrs.w	r6, r3, r1
3418a0b6:	d1f2      	bne.n	3418a09e <_vfprintf_r+0x76e>
3418a0b8:	2a30      	cmp	r2, #48	@ 0x30
3418a0ba:	d003      	beq.n	3418a0c4 <_vfprintf_r+0x794>
3418a0bc:	9b02      	ldr	r3, [sp, #8]
3418a0be:	07db      	lsls	r3, r3, #31
3418a0c0:	f100 84ac 	bmi.w	3418aa1c <_vfprintf_r+0x10ec>
3418a0c4:	ab52      	add	r3, sp, #328	@ 0x148
3418a0c6:	1b5b      	subs	r3, r3, r5
3418a0c8:	4553      	cmp	r3, sl
3418a0ca:	930a      	str	r3, [sp, #40]	@ 0x28
3418a0cc:	bfb8      	it	lt
3418a0ce:	4653      	movlt	r3, sl
3418a0d0:	9304      	str	r3, [sp, #16]
3418a0d2:	2300      	movs	r3, #0
3418a0d4:	9309      	str	r3, [sp, #36]	@ 0x24
3418a0d6:	9310      	str	r3, [sp, #64]	@ 0x40
3418a0d8:	e9cd 330d 	strd	r3, r3, [sp, #52]	@ 0x34
3418a0dc:	e5b7      	b.n	34189c4e <_vfprintf_r+0x31e>
3418a0de:	9b02      	ldr	r3, [sp, #8]
3418a0e0:	9506      	str	r5, [sp, #24]
3418a0e2:	0698      	lsls	r0, r3, #26
3418a0e4:	f043 0110 	orr.w	r1, r3, #16
3418a0e8:	f53f aee8 	bmi.w	34189ebc <_vfprintf_r+0x58c>
3418a0ec:	9b0b      	ldr	r3, [sp, #44]	@ 0x2c
3418a0ee:	1d1a      	adds	r2, r3, #4
3418a0f0:	f04f 0800 	mov.w	r8, #0
3418a0f4:	9b0b      	ldr	r3, [sp, #44]	@ 0x2c
3418a0f6:	45c2      	cmp	sl, r8
3418a0f8:	681b      	ldr	r3, [r3, #0]
3418a0fa:	f88d 8067 	strb.w	r8, [sp, #103]	@ 0x67
3418a0fe:	461e      	mov	r6, r3
3418a100:	f2c1 8013 	blt.w	3418b12a <_vfprintf_r+0x17fa>
3418a104:	f021 0180 	bic.w	r1, r1, #128	@ 0x80
3418a108:	920b      	str	r2, [sp, #44]	@ 0x2c
3418a10a:	9102      	str	r1, [sp, #8]
3418a10c:	f47f aee6 	bne.w	34189edc <_vfprintf_r+0x5ac>
3418a110:	2b00      	cmp	r3, #0
3418a112:	f47f aee3 	bne.w	34189edc <_vfprintf_r+0x5ac>
3418a116:	1adb      	subs	r3, r3, r3
3418a118:	bf18      	it	ne
3418a11a:	2301      	movne	r3, #1
3418a11c:	930d      	str	r3, [sp, #52]	@ 0x34
3418a11e:	e746      	b.n	34189fae <_vfprintf_r+0x67e>
3418a120:	9b02      	ldr	r3, [sp, #8]
3418a122:	782c      	ldrb	r4, [r5, #0]
3418a124:	f043 0308 	orr.w	r3, r3, #8
3418a128:	9302      	str	r3, [sp, #8]
3418a12a:	e47a      	b.n	34189a22 <_vfprintf_r+0xf2>
3418a12c:	9b02      	ldr	r3, [sp, #8]
3418a12e:	9506      	str	r5, [sp, #24]
3418a130:	069d      	lsls	r5, r3, #26
3418a132:	f043 0110 	orr.w	r1, r3, #16
3418a136:	f53f ae2f 	bmi.w	34189d98 <_vfprintf_r+0x468>
3418a13a:	9b0b      	ldr	r3, [sp, #44]	@ 0x2c
3418a13c:	1d1a      	adds	r2, r3, #4
3418a13e:	9b0b      	ldr	r3, [sp, #44]	@ 0x2c
3418a140:	9102      	str	r1, [sp, #8]
3418a142:	681e      	ldr	r6, [r3, #0]
3418a144:	920b      	str	r2, [sp, #44]	@ 0x2c
3418a146:	ea4f 78e6 	mov.w	r8, r6, asr #31
3418a14a:	4643      	mov	r3, r8
3418a14c:	2b00      	cmp	r3, #0
3418a14e:	f6bf ae30 	bge.w	34189db2 <_vfprintf_r+0x482>
3418a152:	4276      	negs	r6, r6
3418a154:	f04f 032d 	mov.w	r3, #45	@ 0x2d
3418a158:	eb68 0848 	sbc.w	r8, r8, r8, lsl #1
3418a15c:	f1ba 0f00 	cmp.w	sl, #0
3418a160:	f88d 3067 	strb.w	r3, [sp, #103]	@ 0x67
3418a164:	f6ff aeba 	blt.w	34189edc <_vfprintf_r+0x5ac>
3418a168:	9b02      	ldr	r3, [sp, #8]
3418a16a:	f023 0380 	bic.w	r3, r3, #128	@ 0x80
3418a16e:	9302      	str	r3, [sp, #8]
3418a170:	e6b4      	b.n	34189edc <_vfprintf_r+0x5ac>
3418a172:	4658      	mov	r0, fp
3418a174:	f002 fa20 	bl	3418c5b8 <_localeconv_r>
3418a178:	6843      	ldr	r3, [r0, #4]
3418a17a:	4618      	mov	r0, r3
3418a17c:	9315      	str	r3, [sp, #84]	@ 0x54
3418a17e:	f7fd f9fb 	bl	34187578 <strlen>
3418a182:	9014      	str	r0, [sp, #80]	@ 0x50
3418a184:	4606      	mov	r6, r0
3418a186:	4658      	mov	r0, fp
3418a188:	f002 fa16 	bl	3418c5b8 <_localeconv_r>
3418a18c:	6883      	ldr	r3, [r0, #8]
3418a18e:	782c      	ldrb	r4, [r5, #0]
3418a190:	9316      	str	r3, [sp, #88]	@ 0x58
3418a192:	2e00      	cmp	r6, #0
3418a194:	f43f ac45 	beq.w	34189a22 <_vfprintf_r+0xf2>
3418a198:	2b00      	cmp	r3, #0
3418a19a:	f43f ac42 	beq.w	34189a22 <_vfprintf_r+0xf2>
3418a19e:	781b      	ldrb	r3, [r3, #0]
3418a1a0:	2b00      	cmp	r3, #0
3418a1a2:	f43f ac3e 	beq.w	34189a22 <_vfprintf_r+0xf2>
3418a1a6:	9b02      	ldr	r3, [sp, #8]
3418a1a8:	f443 6380 	orr.w	r3, r3, #1024	@ 0x400
3418a1ac:	9302      	str	r3, [sp, #8]
3418a1ae:	e438      	b.n	34189a22 <_vfprintf_r+0xf2>
3418a1b0:	9b02      	ldr	r3, [sp, #8]
3418a1b2:	782c      	ldrb	r4, [r5, #0]
3418a1b4:	f043 0301 	orr.w	r3, r3, #1
3418a1b8:	9302      	str	r3, [sp, #8]
3418a1ba:	e432      	b.n	34189a22 <_vfprintf_r+0xf2>
3418a1bc:	f89d 3067 	ldrb.w	r3, [sp, #103]	@ 0x67
3418a1c0:	782c      	ldrb	r4, [r5, #0]
3418a1c2:	2b00      	cmp	r3, #0
3418a1c4:	f47f ac2d 	bne.w	34189a22 <_vfprintf_r+0xf2>
3418a1c8:	2320      	movs	r3, #32
3418a1ca:	f88d 3067 	strb.w	r3, [sp, #103]	@ 0x67
3418a1ce:	e428      	b.n	34189a22 <_vfprintf_r+0xf2>
3418a1d0:	9b02      	ldr	r3, [sp, #8]
3418a1d2:	782c      	ldrb	r4, [r5, #0]
3418a1d4:	f043 0380 	orr.w	r3, r3, #128	@ 0x80
3418a1d8:	9302      	str	r3, [sp, #8]
3418a1da:	e422      	b.n	34189a22 <_vfprintf_r+0xf2>
3418a1dc:	462a      	mov	r2, r5
3418a1de:	f812 4b01 	ldrb.w	r4, [r2], #1
3418a1e2:	2c2a      	cmp	r4, #42	@ 0x2a
3418a1e4:	f001 83a8 	beq.w	3418b938 <_vfprintf_r+0x2008>
3418a1e8:	f1a4 0330 	sub.w	r3, r4, #48	@ 0x30
3418a1ec:	2b09      	cmp	r3, #9
3418a1ee:	f201 81b5 	bhi.w	3418b55c <_vfprintf_r+0x1c2c>
3418a1f2:	f04f 0a00 	mov.w	sl, #0
3418a1f6:	eb0a 0a8a 	add.w	sl, sl, sl, lsl #2
3418a1fa:	f812 4b01 	ldrb.w	r4, [r2], #1
3418a1fe:	eb03 0a4a 	add.w	sl, r3, sl, lsl #1
3418a202:	f1a4 0330 	sub.w	r3, r4, #48	@ 0x30
3418a206:	2b09      	cmp	r3, #9
3418a208:	d9f5      	bls.n	3418a1f6 <_vfprintf_r+0x8c6>
3418a20a:	ea4a 7aea 	orr.w	sl, sl, sl, asr #31
3418a20e:	4615      	mov	r5, r2
3418a210:	e408      	b.n	34189a24 <_vfprintf_r+0xf4>
3418a212:	2c65      	cmp	r4, #101	@ 0x65
3418a214:	f340 811e 	ble.w	3418a454 <_vfprintf_r+0xb24>
3418a218:	eeb5 8b40 	vcmp.f64	d8, #0.0
3418a21c:	eef1 fa10 	vmrs	APSR_nzcv, fpscr
3418a220:	f040 80de 	bne.w	3418a3e0 <_vfprintf_r+0xab0>
3418a224:	9b27      	ldr	r3, [sp, #156]	@ 0x9c
3418a226:	3201      	adds	r2, #1
3418a228:	49af      	ldr	r1, [pc, #700]	@ (3418a4e8 <_vfprintf_r+0xbb8>)
3418a22a:	3301      	adds	r3, #1
3418a22c:	9228      	str	r2, [sp, #160]	@ 0xa0
3418a22e:	6039      	str	r1, [r7, #0]
3418a230:	2101      	movs	r1, #1
3418a232:	2b07      	cmp	r3, #7
3418a234:	9327      	str	r3, [sp, #156]	@ 0x9c
3418a236:	6079      	str	r1, [r7, #4]
3418a238:	f300 8505 	bgt.w	3418ac46 <_vfprintf_r+0x1316>
3418a23c:	3708      	adds	r7, #8
3418a23e:	9b1b      	ldr	r3, [sp, #108]	@ 0x6c
3418a240:	990f      	ldr	r1, [sp, #60]	@ 0x3c
3418a242:	428b      	cmp	r3, r1
3418a244:	f280 82b6 	bge.w	3418a7b4 <_vfprintf_r+0xe84>
3418a248:	9b11      	ldr	r3, [sp, #68]	@ 0x44
3418a24a:	9912      	ldr	r1, [sp, #72]	@ 0x48
3418a24c:	441a      	add	r2, r3
3418a24e:	e9c7 1300 	strd	r1, r3, [r7]
3418a252:	9b27      	ldr	r3, [sp, #156]	@ 0x9c
3418a254:	9228      	str	r2, [sp, #160]	@ 0xa0
3418a256:	3301      	adds	r3, #1
3418a258:	2b07      	cmp	r3, #7
3418a25a:	9327      	str	r3, [sp, #156]	@ 0x9c
3418a25c:	f300 8446 	bgt.w	3418aaec <_vfprintf_r+0x11bc>
3418a260:	3708      	adds	r7, #8
3418a262:	9b0f      	ldr	r3, [sp, #60]	@ 0x3c
3418a264:	1e5c      	subs	r4, r3, #1
3418a266:	2c00      	cmp	r4, #0
3418a268:	f77f ad38 	ble.w	34189cdc <_vfprintf_r+0x3ac>
3418a26c:	2c10      	cmp	r4, #16
3418a26e:	9b27      	ldr	r3, [sp, #156]	@ 0x9c
3418a270:	f341 832b 	ble.w	3418b8ca <_vfprintf_r+0x1f9a>
3418a274:	2510      	movs	r5, #16
3418a276:	4e9d      	ldr	r6, [pc, #628]	@ (3418a4ec <_vfprintf_r+0xbbc>)
3418a278:	f8dd 800c 	ldr.w	r8, [sp, #12]
3418a27c:	e003      	b.n	3418a286 <_vfprintf_r+0x956>
3418a27e:	3c10      	subs	r4, #16
3418a280:	2c10      	cmp	r4, #16
3418a282:	f340 85ba 	ble.w	3418adfa <_vfprintf_r+0x14ca>
3418a286:	3301      	adds	r3, #1
3418a288:	3210      	adds	r2, #16
3418a28a:	2b07      	cmp	r3, #7
3418a28c:	e9c7 6500 	strd	r6, r5, [r7]
3418a290:	e9cd 3227 	strd	r3, r2, [sp, #156]	@ 0x9c
3418a294:	f107 0708 	add.w	r7, r7, #8
3418a298:	ddf1      	ble.n	3418a27e <_vfprintf_r+0x94e>
3418a29a:	aa26      	add	r2, sp, #152	@ 0x98
3418a29c:	4641      	mov	r1, r8
3418a29e:	4658      	mov	r0, fp
3418a2a0:	f001 ff66 	bl	3418c170 <__sprint_r>
3418a2a4:	2800      	cmp	r0, #0
3418a2a6:	f47f ac8e 	bne.w	34189bc6 <_vfprintf_r+0x296>
3418a2aa:	af29      	add	r7, sp, #164	@ 0xa4
3418a2ac:	e9dd 3227 	ldrd	r3, r2, [sp, #156]	@ 0x9c
3418a2b0:	e7e5      	b.n	3418a27e <_vfprintf_r+0x94e>
3418a2b2:	9b08      	ldr	r3, [sp, #32]
3418a2b4:	9904      	ldr	r1, [sp, #16]
3418a2b6:	1a5e      	subs	r6, r3, r1
3418a2b8:	2e00      	cmp	r6, #0
3418a2ba:	f77f acf9 	ble.w	34189cb0 <_vfprintf_r+0x380>
3418a2be:	2e10      	cmp	r6, #16
3418a2c0:	9b27      	ldr	r3, [sp, #156]	@ 0x9c
3418a2c2:	f341 819f 	ble.w	3418b604 <_vfprintf_r+0x1cd4>
3418a2c6:	46a8      	mov	r8, r5
3418a2c8:	4619      	mov	r1, r3
3418a2ca:	4625      	mov	r5, r4
3418a2cc:	4c87      	ldr	r4, [pc, #540]	@ (3418a4ec <_vfprintf_r+0xbbc>)
3418a2ce:	e002      	b.n	3418a2d6 <_vfprintf_r+0x9a6>
3418a2d0:	3e10      	subs	r6, #16
3418a2d2:	2e10      	cmp	r6, #16
3418a2d4:	dd19      	ble.n	3418a30a <_vfprintf_r+0x9da>
3418a2d6:	3101      	adds	r1, #1
3418a2d8:	3210      	adds	r2, #16
3418a2da:	2310      	movs	r3, #16
3418a2dc:	603c      	str	r4, [r7, #0]
3418a2de:	2907      	cmp	r1, #7
3418a2e0:	f107 0708 	add.w	r7, r7, #8
3418a2e4:	f847 3c04 	str.w	r3, [r7, #-4]
3418a2e8:	e9cd 1227 	strd	r1, r2, [sp, #156]	@ 0x9c
3418a2ec:	ddf0      	ble.n	3418a2d0 <_vfprintf_r+0x9a0>
3418a2ee:	aa26      	add	r2, sp, #152	@ 0x98
3418a2f0:	9903      	ldr	r1, [sp, #12]
3418a2f2:	4658      	mov	r0, fp
3418a2f4:	f001 ff3c 	bl	3418c170 <__sprint_r>
3418a2f8:	2800      	cmp	r0, #0
3418a2fa:	f47f ac64 	bne.w	34189bc6 <_vfprintf_r+0x296>
3418a2fe:	3e10      	subs	r6, #16
3418a300:	af29      	add	r7, sp, #164	@ 0xa4
3418a302:	2e10      	cmp	r6, #16
3418a304:	e9dd 1227 	ldrd	r1, r2, [sp, #156]	@ 0x9c
3418a308:	dce5      	bgt.n	3418a2d6 <_vfprintf_r+0x9a6>
3418a30a:	460b      	mov	r3, r1
3418a30c:	4621      	mov	r1, r4
3418a30e:	462c      	mov	r4, r5
3418a310:	4645      	mov	r5, r8
3418a312:	4688      	mov	r8, r1
3418a314:	3301      	adds	r3, #1
3418a316:	4432      	add	r2, r6
3418a318:	f8c7 8000 	str.w	r8, [r7]
3418a31c:	2b07      	cmp	r3, #7
3418a31e:	607e      	str	r6, [r7, #4]
3418a320:	e9cd 3227 	strd	r3, r2, [sp, #156]	@ 0x9c
3418a324:	f300 83d6 	bgt.w	3418aad4 <_vfprintf_r+0x11a4>
3418a328:	9b0a      	ldr	r3, [sp, #40]	@ 0x28
3418a32a:	3708      	adds	r7, #8
3418a32c:	ebaa 0603 	sub.w	r6, sl, r3
3418a330:	2e00      	cmp	r6, #0
3418a332:	f77f acc3 	ble.w	34189cbc <_vfprintf_r+0x38c>
3418a336:	2e10      	cmp	r6, #16
3418a338:	9b27      	ldr	r3, [sp, #156]	@ 0x9c
3418a33a:	f8df 81b0 	ldr.w	r8, [pc, #432]	@ 3418a4ec <_vfprintf_r+0xbbc>
3418a33e:	dd28      	ble.n	3418a392 <_vfprintf_r+0xa62>
3418a340:	4628      	mov	r0, r5
3418a342:	f04f 0a10 	mov.w	sl, #16
3418a346:	4625      	mov	r5, r4
3418a348:	4619      	mov	r1, r3
3418a34a:	4634      	mov	r4, r6
3418a34c:	4606      	mov	r6, r0
3418a34e:	e002      	b.n	3418a356 <_vfprintf_r+0xa26>
3418a350:	3c10      	subs	r4, #16
3418a352:	2c10      	cmp	r4, #16
3418a354:	dd18      	ble.n	3418a388 <_vfprintf_r+0xa58>
3418a356:	3101      	adds	r1, #1
3418a358:	3210      	adds	r2, #16
3418a35a:	4b64      	ldr	r3, [pc, #400]	@ (3418a4ec <_vfprintf_r+0xbbc>)
3418a35c:	2907      	cmp	r1, #7
3418a35e:	e9c7 3a00 	strd	r3, sl, [r7]
3418a362:	e9cd 1227 	strd	r1, r2, [sp, #156]	@ 0x9c
3418a366:	f107 0708 	add.w	r7, r7, #8
3418a36a:	ddf1      	ble.n	3418a350 <_vfprintf_r+0xa20>
3418a36c:	aa26      	add	r2, sp, #152	@ 0x98
3418a36e:	9903      	ldr	r1, [sp, #12]
3418a370:	4658      	mov	r0, fp
3418a372:	af29      	add	r7, sp, #164	@ 0xa4
3418a374:	f001 fefc 	bl	3418c170 <__sprint_r>
3418a378:	2800      	cmp	r0, #0
3418a37a:	f47f ac24 	bne.w	34189bc6 <_vfprintf_r+0x296>
3418a37e:	3c10      	subs	r4, #16
3418a380:	2c10      	cmp	r4, #16
3418a382:	e9dd 1227 	ldrd	r1, r2, [sp, #156]	@ 0x9c
3418a386:	dce6      	bgt.n	3418a356 <_vfprintf_r+0xa26>
3418a388:	4630      	mov	r0, r6
3418a38a:	460b      	mov	r3, r1
3418a38c:	4626      	mov	r6, r4
3418a38e:	462c      	mov	r4, r5
3418a390:	4605      	mov	r5, r0
3418a392:	3301      	adds	r3, #1
3418a394:	4432      	add	r2, r6
3418a396:	f8c7 8000 	str.w	r8, [r7]
3418a39a:	2b07      	cmp	r3, #7
3418a39c:	607e      	str	r6, [r7, #4]
3418a39e:	e9cd 3227 	strd	r3, r2, [sp, #156]	@ 0x9c
3418a3a2:	f300 8182 	bgt.w	3418a6aa <_vfprintf_r+0xd7a>
3418a3a6:	3708      	adds	r7, #8
3418a3a8:	e488      	b.n	34189cbc <_vfprintf_r+0x38c>
3418a3aa:	9b08      	ldr	r3, [sp, #32]
3418a3ac:	9904      	ldr	r1, [sp, #16]
3418a3ae:	1a5e      	subs	r6, r3, r1
3418a3b0:	2e00      	cmp	r6, #0
3418a3b2:	f300 8153 	bgt.w	3418a65c <_vfprintf_r+0xd2c>
3418a3b6:	f89d 3067 	ldrb.w	r3, [sp, #103]	@ 0x67
3418a3ba:	2b00      	cmp	r3, #0
3418a3bc:	f43f ac78 	beq.w	34189cb0 <_vfprintf_r+0x380>
3418a3c0:	e450      	b.n	34189c64 <_vfprintf_r+0x334>
3418a3c2:	9b04      	ldr	r3, [sp, #16]
3418a3c4:	9e08      	ldr	r6, [sp, #32]
3418a3c6:	1af6      	subs	r6, r6, r3
3418a3c8:	9b0c      	ldr	r3, [sp, #48]	@ 0x30
3418a3ca:	2e00      	cmp	r6, #0
3418a3cc:	9310      	str	r3, [sp, #64]	@ 0x40
3418a3ce:	e9cd 330d 	strd	r3, r3, [sp, #52]	@ 0x34
3418a3d2:	f300 80e3 	bgt.w	3418a59c <_vfprintf_r+0xc6c>
3418a3d6:	2800      	cmp	r0, #0
3418a3d8:	f43f ac58 	beq.w	34189c8c <_vfprintf_r+0x35c>
3418a3dc:	2602      	movs	r6, #2
3418a3de:	e444      	b.n	34189c6a <_vfprintf_r+0x33a>
3418a3e0:	991b      	ldr	r1, [sp, #108]	@ 0x6c
3418a3e2:	2900      	cmp	r1, #0
3418a3e4:	f300 816d 	bgt.w	3418a6c2 <_vfprintf_r+0xd92>
3418a3e8:	9b27      	ldr	r3, [sp, #156]	@ 0x9c
3418a3ea:	3201      	adds	r2, #1
3418a3ec:	483e      	ldr	r0, [pc, #248]	@ (3418a4e8 <_vfprintf_r+0xbb8>)
3418a3ee:	3301      	adds	r3, #1
3418a3f0:	9228      	str	r2, [sp, #160]	@ 0xa0
3418a3f2:	6038      	str	r0, [r7, #0]
3418a3f4:	2001      	movs	r0, #1
3418a3f6:	2b07      	cmp	r3, #7
3418a3f8:	9327      	str	r3, [sp, #156]	@ 0x9c
3418a3fa:	6078      	str	r0, [r7, #4]
3418a3fc:	f300 87ec 	bgt.w	3418b3d8 <_vfprintf_r+0x1aa8>
3418a400:	3708      	adds	r7, #8
3418a402:	9b0f      	ldr	r3, [sp, #60]	@ 0x3c
3418a404:	430b      	orrs	r3, r1
3418a406:	f001 801d 	beq.w	3418b444 <_vfprintf_r+0x1b14>
3418a40a:	9b11      	ldr	r3, [sp, #68]	@ 0x44
3418a40c:	9812      	ldr	r0, [sp, #72]	@ 0x48
3418a40e:	441a      	add	r2, r3
3418a410:	e9c7 0300 	strd	r0, r3, [r7]
3418a414:	9b27      	ldr	r3, [sp, #156]	@ 0x9c
3418a416:	9228      	str	r2, [sp, #160]	@ 0xa0
3418a418:	3301      	adds	r3, #1
3418a41a:	2b07      	cmp	r3, #7
3418a41c:	9327      	str	r3, [sp, #156]	@ 0x9c
3418a41e:	f300 87f4 	bgt.w	3418b40a <_vfprintf_r+0x1ada>
3418a422:	3708      	adds	r7, #8
3418a424:	2900      	cmp	r1, #0
3418a426:	f2c1 80b4 	blt.w	3418b592 <_vfprintf_r+0x1c62>
3418a42a:	990f      	ldr	r1, [sp, #60]	@ 0x3c
3418a42c:	3301      	adds	r3, #1
3418a42e:	603d      	str	r5, [r7, #0]
3418a430:	440a      	add	r2, r1
3418a432:	2b07      	cmp	r3, #7
3418a434:	6079      	str	r1, [r7, #4]
3418a436:	e9cd 3227 	strd	r3, r2, [sp, #156]	@ 0x9c
3418a43a:	f77f ac4e 	ble.w	34189cda <_vfprintf_r+0x3aa>
3418a43e:	aa26      	add	r2, sp, #152	@ 0x98
3418a440:	9903      	ldr	r1, [sp, #12]
3418a442:	4658      	mov	r0, fp
3418a444:	f001 fe94 	bl	3418c170 <__sprint_r>
3418a448:	2800      	cmp	r0, #0
3418a44a:	f47f abbc 	bne.w	34189bc6 <_vfprintf_r+0x296>
3418a44e:	9a28      	ldr	r2, [sp, #160]	@ 0xa0
3418a450:	af29      	add	r7, sp, #164	@ 0xa4
3418a452:	e443      	b.n	34189cdc <_vfprintf_r+0x3ac>
3418a454:	980f      	ldr	r0, [sp, #60]	@ 0x3c
3418a456:	3201      	adds	r2, #1
3418a458:	9b27      	ldr	r3, [sp, #156]	@ 0x9c
3418a45a:	f107 0108 	add.w	r1, r7, #8
3418a45e:	2801      	cmp	r0, #1
3418a460:	f103 0301 	add.w	r3, r3, #1
3418a464:	f340 80e2 	ble.w	3418a62c <_vfprintf_r+0xcfc>
3418a468:	2001      	movs	r0, #1
3418a46a:	2b07      	cmp	r3, #7
3418a46c:	603d      	str	r5, [r7, #0]
3418a46e:	6078      	str	r0, [r7, #4]
3418a470:	e9cd 3227 	strd	r3, r2, [sp, #156]	@ 0x9c
3418a474:	f300 8399 	bgt.w	3418abaa <_vfprintf_r+0x127a>
3418a478:	9811      	ldr	r0, [sp, #68]	@ 0x44
3418a47a:	3301      	adds	r3, #1
3418a47c:	9c12      	ldr	r4, [sp, #72]	@ 0x48
3418a47e:	4402      	add	r2, r0
3418a480:	2b07      	cmp	r3, #7
3418a482:	e9c1 4000 	strd	r4, r0, [r1]
3418a486:	e9cd 3227 	strd	r3, r2, [sp, #156]	@ 0x9c
3418a48a:	f300 8382 	bgt.w	3418ab92 <_vfprintf_r+0x1262>
3418a48e:	3108      	adds	r1, #8
3418a490:	eeb5 8b40 	vcmp.f64	d8, #0.0
3418a494:	980f      	ldr	r0, [sp, #60]	@ 0x3c
3418a496:	1e46      	subs	r6, r0, #1
3418a498:	eef1 fa10 	vmrs	APSR_nzcv, fpscr
3418a49c:	f000 80e0 	beq.w	3418a660 <_vfprintf_r+0xd30>
3418a4a0:	3301      	adds	r3, #1
3418a4a2:	3501      	adds	r5, #1
3418a4a4:	4432      	add	r2, r6
3418a4a6:	604e      	str	r6, [r1, #4]
3418a4a8:	2b07      	cmp	r3, #7
3418a4aa:	600d      	str	r5, [r1, #0]
3418a4ac:	e9cd 3227 	strd	r3, r2, [sp, #156]	@ 0x9c
3418a4b0:	f300 80c8 	bgt.w	3418a644 <_vfprintf_r+0xd14>
3418a4b4:	3108      	adds	r1, #8
3418a4b6:	9813      	ldr	r0, [sp, #76]	@ 0x4c
3418a4b8:	3301      	adds	r3, #1
3418a4ba:	4402      	add	r2, r0
3418a4bc:	6048      	str	r0, [r1, #4]
3418a4be:	2b07      	cmp	r3, #7
3418a4c0:	a81e      	add	r0, sp, #120	@ 0x78
3418a4c2:	e9cd 3227 	strd	r3, r2, [sp, #156]	@ 0x9c
3418a4c6:	6008      	str	r0, [r1, #0]
3418a4c8:	dcb9      	bgt.n	3418a43e <_vfprintf_r+0xb0e>
3418a4ca:	f101 0708 	add.w	r7, r1, #8
3418a4ce:	e405      	b.n	34189cdc <_vfprintf_r+0x3ac>
3418a4d0:	aa26      	add	r2, sp, #152	@ 0x98
3418a4d2:	9903      	ldr	r1, [sp, #12]
3418a4d4:	4658      	mov	r0, fp
3418a4d6:	f001 fe4b 	bl	3418c170 <__sprint_r>
3418a4da:	2800      	cmp	r0, #0
3418a4dc:	f47f ab73 	bne.w	34189bc6 <_vfprintf_r+0x296>
3418a4e0:	9a28      	ldr	r2, [sp, #160]	@ 0xa0
3418a4e2:	af29      	add	r7, sp, #164	@ 0xa4
3418a4e4:	f7ff bbe0 	b.w	34189ca8 <_vfprintf_r+0x378>
3418a4e8:	3418feb4 	.word	0x3418feb4
3418a4ec:	3419013c 	.word	0x3419013c
3418a4f0:	aa26      	add	r2, sp, #152	@ 0x98
3418a4f2:	9903      	ldr	r1, [sp, #12]
3418a4f4:	4658      	mov	r0, fp
3418a4f6:	f001 fe3b 	bl	3418c170 <__sprint_r>
3418a4fa:	2800      	cmp	r0, #0
3418a4fc:	f47f ab63 	bne.w	34189bc6 <_vfprintf_r+0x296>
3418a500:	9a28      	ldr	r2, [sp, #160]	@ 0xa0
3418a502:	af29      	add	r7, sp, #164	@ 0xa4
3418a504:	f7ff bbbf 	b.w	34189c86 <_vfprintf_r+0x356>
3418a508:	2c10      	cmp	r4, #16
3418a50a:	9b27      	ldr	r3, [sp, #156]	@ 0x9c
3418a50c:	f341 8076 	ble.w	3418b5fc <_vfprintf_r+0x1ccc>
3418a510:	2510      	movs	r5, #16
3418a512:	4eb4      	ldr	r6, [pc, #720]	@ (3418a7e4 <_vfprintf_r+0xeb4>)
3418a514:	f8dd 800c 	ldr.w	r8, [sp, #12]
3418a518:	e002      	b.n	3418a520 <_vfprintf_r+0xbf0>
3418a51a:	3c10      	subs	r4, #16
3418a51c:	2c10      	cmp	r4, #16
3418a51e:	dd17      	ble.n	3418a550 <_vfprintf_r+0xc20>
3418a520:	3301      	adds	r3, #1
3418a522:	3210      	adds	r2, #16
3418a524:	2b07      	cmp	r3, #7
3418a526:	e9c7 6500 	strd	r6, r5, [r7]
3418a52a:	e9cd 3227 	strd	r3, r2, [sp, #156]	@ 0x9c
3418a52e:	f107 0708 	add.w	r7, r7, #8
3418a532:	ddf2      	ble.n	3418a51a <_vfprintf_r+0xbea>
3418a534:	aa26      	add	r2, sp, #152	@ 0x98
3418a536:	4641      	mov	r1, r8
3418a538:	4658      	mov	r0, fp
3418a53a:	f001 fe19 	bl	3418c170 <__sprint_r>
3418a53e:	2800      	cmp	r0, #0
3418a540:	f47f ab41 	bne.w	34189bc6 <_vfprintf_r+0x296>
3418a544:	3c10      	subs	r4, #16
3418a546:	af29      	add	r7, sp, #164	@ 0xa4
3418a548:	2c10      	cmp	r4, #16
3418a54a:	e9dd 3227 	ldrd	r3, r2, [sp, #156]	@ 0x9c
3418a54e:	dce7      	bgt.n	3418a520 <_vfprintf_r+0xbf0>
3418a550:	46b0      	mov	r8, r6
3418a552:	3301      	adds	r3, #1
3418a554:	4422      	add	r2, r4
3418a556:	2b07      	cmp	r3, #7
3418a558:	e9c7 8400 	strd	r8, r4, [r7]
3418a55c:	e9cd 3227 	strd	r3, r2, [sp, #156]	@ 0x9c
3418a560:	f77f abc5 	ble.w	34189cee <_vfprintf_r+0x3be>
3418a564:	aa26      	add	r2, sp, #152	@ 0x98
3418a566:	9903      	ldr	r1, [sp, #12]
3418a568:	4658      	mov	r0, fp
3418a56a:	f001 fe01 	bl	3418c170 <__sprint_r>
3418a56e:	2800      	cmp	r0, #0
3418a570:	f47f ab29 	bne.w	34189bc6 <_vfprintf_r+0x296>
3418a574:	9a28      	ldr	r2, [sp, #160]	@ 0xa0
3418a576:	f7ff bbba 	b.w	34189cee <_vfprintf_r+0x3be>
3418a57a:	2300      	movs	r3, #0
3418a57c:	2602      	movs	r6, #2
3418a57e:	9310      	str	r3, [sp, #64]	@ 0x40
3418a580:	e9cd 330d 	strd	r3, r3, [sp, #52]	@ 0x34
3418a584:	f7ff bb71 	b.w	34189c6a <_vfprintf_r+0x33a>
3418a588:	9b04      	ldr	r3, [sp, #16]
3418a58a:	ad52      	add	r5, sp, #328	@ 0x148
3418a58c:	469a      	mov	sl, r3
3418a58e:	930a      	str	r3, [sp, #40]	@ 0x28
3418a590:	9310      	str	r3, [sp, #64]	@ 0x40
3418a592:	9309      	str	r3, [sp, #36]	@ 0x24
3418a594:	e9cd 330d 	strd	r3, r3, [sp, #52]	@ 0x34
3418a598:	f7ff bb59 	b.w	34189c4e <_vfprintf_r+0x31e>
3418a59c:	2302      	movs	r3, #2
3418a59e:	930c      	str	r3, [sp, #48]	@ 0x30
3418a5a0:	2e10      	cmp	r6, #16
3418a5a2:	4672      	mov	r2, lr
3418a5a4:	f340 87cd 	ble.w	3418b542 <_vfprintf_r+0x1c12>
3418a5a8:	46bc      	mov	ip, r7
3418a5aa:	2310      	movs	r3, #16
3418a5ac:	462f      	mov	r7, r5
3418a5ae:	f8dd 800c 	ldr.w	r8, [sp, #12]
3418a5b2:	4625      	mov	r5, r4
3418a5b4:	4c8b      	ldr	r4, [pc, #556]	@ (3418a7e4 <_vfprintf_r+0xeb4>)
3418a5b6:	e002      	b.n	3418a5be <_vfprintf_r+0xc8e>
3418a5b8:	3e10      	subs	r6, #16
3418a5ba:	2e10      	cmp	r6, #16
3418a5bc:	dd19      	ble.n	3418a5f2 <_vfprintf_r+0xcc2>
3418a5be:	3101      	adds	r1, #1
3418a5c0:	3210      	adds	r2, #16
3418a5c2:	2907      	cmp	r1, #7
3418a5c4:	e9cc 4300 	strd	r4, r3, [ip]
3418a5c8:	e9cd 1227 	strd	r1, r2, [sp, #156]	@ 0x9c
3418a5cc:	f10c 0c08 	add.w	ip, ip, #8
3418a5d0:	ddf2      	ble.n	3418a5b8 <_vfprintf_r+0xc88>
3418a5d2:	aa26      	add	r2, sp, #152	@ 0x98
3418a5d4:	4641      	mov	r1, r8
3418a5d6:	4658      	mov	r0, fp
3418a5d8:	f001 fdca 	bl	3418c170 <__sprint_r>
3418a5dc:	f10d 0ca4 	add.w	ip, sp, #164	@ 0xa4
3418a5e0:	2800      	cmp	r0, #0
3418a5e2:	f47f aaf0 	bne.w	34189bc6 <_vfprintf_r+0x296>
3418a5e6:	3e10      	subs	r6, #16
3418a5e8:	2310      	movs	r3, #16
3418a5ea:	2e10      	cmp	r6, #16
3418a5ec:	e9dd 1227 	ldrd	r1, r2, [sp, #156]	@ 0x9c
3418a5f0:	dce5      	bgt.n	3418a5be <_vfprintf_r+0xc8e>
3418a5f2:	46a0      	mov	r8, r4
3418a5f4:	462c      	mov	r4, r5
3418a5f6:	463d      	mov	r5, r7
3418a5f8:	4667      	mov	r7, ip
3418a5fa:	f101 0c01 	add.w	ip, r1, #1
3418a5fe:	4432      	add	r2, r6
3418a600:	f8c7 8000 	str.w	r8, [r7]
3418a604:	f1bc 0f07 	cmp.w	ip, #7
3418a608:	607e      	str	r6, [r7, #4]
3418a60a:	e9cd c227 	strd	ip, r2, [sp, #156]	@ 0x9c
3418a60e:	f300 82e6 	bgt.w	3418abde <_vfprintf_r+0x12ae>
3418a612:	f89d 3067 	ldrb.w	r3, [sp, #103]	@ 0x67
3418a616:	3708      	adds	r7, #8
3418a618:	2b00      	cmp	r3, #0
3418a61a:	f040 80e7 	bne.w	3418a7ec <_vfprintf_r+0xebc>
3418a61e:	990c      	ldr	r1, [sp, #48]	@ 0x30
3418a620:	2900      	cmp	r1, #0
3418a622:	f43f ab45 	beq.w	34189cb0 <_vfprintf_r+0x380>
3418a626:	930c      	str	r3, [sp, #48]	@ 0x30
3418a628:	f7ff bb30 	b.w	34189c8c <_vfprintf_r+0x35c>
3418a62c:	9802      	ldr	r0, [sp, #8]
3418a62e:	07c6      	lsls	r6, r0, #31
3418a630:	f53f af1a 	bmi.w	3418a468 <_vfprintf_r+0xb38>
3418a634:	2001      	movs	r0, #1
3418a636:	2b07      	cmp	r3, #7
3418a638:	603d      	str	r5, [r7, #0]
3418a63a:	6078      	str	r0, [r7, #4]
3418a63c:	e9cd 3227 	strd	r3, r2, [sp, #156]	@ 0x9c
3418a640:	f77f af39 	ble.w	3418a4b6 <_vfprintf_r+0xb86>
3418a644:	aa26      	add	r2, sp, #152	@ 0x98
3418a646:	9903      	ldr	r1, [sp, #12]
3418a648:	4658      	mov	r0, fp
3418a64a:	f001 fd91 	bl	3418c170 <__sprint_r>
3418a64e:	2800      	cmp	r0, #0
3418a650:	f47f aab9 	bne.w	34189bc6 <_vfprintf_r+0x296>
3418a654:	a929      	add	r1, sp, #164	@ 0xa4
3418a656:	e9dd 3227 	ldrd	r3, r2, [sp, #156]	@ 0x9c
3418a65a:	e72c      	b.n	3418a4b6 <_vfprintf_r+0xb86>
3418a65c:	9927      	ldr	r1, [sp, #156]	@ 0x9c
3418a65e:	e79f      	b.n	3418a5a0 <_vfprintf_r+0xc70>
3418a660:	980f      	ldr	r0, [sp, #60]	@ 0x3c
3418a662:	2801      	cmp	r0, #1
3418a664:	f77f af27 	ble.w	3418a4b6 <_vfprintf_r+0xb86>
3418a668:	2811      	cmp	r0, #17
3418a66a:	f341 81ac 	ble.w	3418b9c6 <_vfprintf_r+0x2096>
3418a66e:	2410      	movs	r4, #16
3418a670:	4f5d      	ldr	r7, [pc, #372]	@ (3418a7e8 <_vfprintf_r+0xeb8>)
3418a672:	9d03      	ldr	r5, [sp, #12]
3418a674:	e003      	b.n	3418a67e <_vfprintf_r+0xd4e>
3418a676:	3e10      	subs	r6, #16
3418a678:	2e10      	cmp	r6, #16
3418a67a:	f340 8404 	ble.w	3418ae86 <_vfprintf_r+0x1556>
3418a67e:	3301      	adds	r3, #1
3418a680:	3210      	adds	r2, #16
3418a682:	2b07      	cmp	r3, #7
3418a684:	e9c1 7400 	strd	r7, r4, [r1]
3418a688:	e9cd 3227 	strd	r3, r2, [sp, #156]	@ 0x9c
3418a68c:	f101 0108 	add.w	r1, r1, #8
3418a690:	ddf1      	ble.n	3418a676 <_vfprintf_r+0xd46>
3418a692:	aa26      	add	r2, sp, #152	@ 0x98
3418a694:	4629      	mov	r1, r5
3418a696:	4658      	mov	r0, fp
3418a698:	f001 fd6a 	bl	3418c170 <__sprint_r>
3418a69c:	2800      	cmp	r0, #0
3418a69e:	f47f aa92 	bne.w	34189bc6 <_vfprintf_r+0x296>
3418a6a2:	a929      	add	r1, sp, #164	@ 0xa4
3418a6a4:	e9dd 3227 	ldrd	r3, r2, [sp, #156]	@ 0x9c
3418a6a8:	e7e5      	b.n	3418a676 <_vfprintf_r+0xd46>
3418a6aa:	aa26      	add	r2, sp, #152	@ 0x98
3418a6ac:	9903      	ldr	r1, [sp, #12]
3418a6ae:	4658      	mov	r0, fp
3418a6b0:	f001 fd5e 	bl	3418c170 <__sprint_r>
3418a6b4:	2800      	cmp	r0, #0
3418a6b6:	f47f aa86 	bne.w	34189bc6 <_vfprintf_r+0x296>
3418a6ba:	9a28      	ldr	r2, [sp, #160]	@ 0xa0
3418a6bc:	af29      	add	r7, sp, #164	@ 0xa4
3418a6be:	f7ff bafd 	b.w	34189cbc <_vfprintf_r+0x38c>
3418a6c2:	9e0d      	ldr	r6, [sp, #52]	@ 0x34
3418a6c4:	9b0f      	ldr	r3, [sp, #60]	@ 0x3c
3418a6c6:	429e      	cmp	r6, r3
3418a6c8:	bfa8      	it	ge
3418a6ca:	461e      	movge	r6, r3
3418a6cc:	2e00      	cmp	r6, #0
3418a6ce:	dd0a      	ble.n	3418a6e6 <_vfprintf_r+0xdb6>
3418a6d0:	9b27      	ldr	r3, [sp, #156]	@ 0x9c
3418a6d2:	4432      	add	r2, r6
3418a6d4:	3301      	adds	r3, #1
3418a6d6:	9228      	str	r2, [sp, #160]	@ 0xa0
3418a6d8:	2b07      	cmp	r3, #7
3418a6da:	9327      	str	r3, [sp, #156]	@ 0x9c
3418a6dc:	e9c7 5600 	strd	r5, r6, [r7]
3418a6e0:	f300 8687 	bgt.w	3418b3f2 <_vfprintf_r+0x1ac2>
3418a6e4:	3708      	adds	r7, #8
3418a6e6:	9c0d      	ldr	r4, [sp, #52]	@ 0x34
3418a6e8:	2e00      	cmp	r6, #0
3418a6ea:	bfa8      	it	ge
3418a6ec:	1ba4      	subge	r4, r4, r6
3418a6ee:	2c00      	cmp	r4, #0
3418a6f0:	f300 83a5 	bgt.w	3418ae3e <_vfprintf_r+0x150e>
3418a6f4:	9b0d      	ldr	r3, [sp, #52]	@ 0x34
3418a6f6:	eb03 0a05 	add.w	sl, r3, r5
3418a6fa:	9b02      	ldr	r3, [sp, #8]
3418a6fc:	0558      	lsls	r0, r3, #21
3418a6fe:	f100 8517 	bmi.w	3418b130 <_vfprintf_r+0x1800>
3418a702:	9c1b      	ldr	r4, [sp, #108]	@ 0x6c
3418a704:	9b0f      	ldr	r3, [sp, #60]	@ 0x3c
3418a706:	429c      	cmp	r4, r3
3418a708:	db03      	blt.n	3418a712 <_vfprintf_r+0xde2>
3418a70a:	9902      	ldr	r1, [sp, #8]
3418a70c:	07c9      	lsls	r1, r1, #31
3418a70e:	f140 8479 	bpl.w	3418b004 <_vfprintf_r+0x16d4>
3418a712:	9b11      	ldr	r3, [sp, #68]	@ 0x44
3418a714:	9912      	ldr	r1, [sp, #72]	@ 0x48
3418a716:	441a      	add	r2, r3
3418a718:	e9c7 1300 	strd	r1, r3, [r7]
3418a71c:	9b27      	ldr	r3, [sp, #156]	@ 0x9c
3418a71e:	9228      	str	r2, [sp, #160]	@ 0xa0
3418a720:	3301      	adds	r3, #1
3418a722:	2b07      	cmp	r3, #7
3418a724:	9327      	str	r3, [sp, #156]	@ 0x9c
3418a726:	f300 869f 	bgt.w	3418b468 <_vfprintf_r+0x1b38>
3418a72a:	3708      	adds	r7, #8
3418a72c:	9b0f      	ldr	r3, [sp, #60]	@ 0x3c
3418a72e:	441d      	add	r5, r3
3418a730:	1b1c      	subs	r4, r3, r4
3418a732:	eba5 050a 	sub.w	r5, r5, sl
3418a736:	42a5      	cmp	r5, r4
3418a738:	bfa8      	it	ge
3418a73a:	4625      	movge	r5, r4
3418a73c:	2d00      	cmp	r5, #0
3418a73e:	dd0b      	ble.n	3418a758 <_vfprintf_r+0xe28>
3418a740:	9b27      	ldr	r3, [sp, #156]	@ 0x9c
3418a742:	442a      	add	r2, r5
3418a744:	f8c7 a000 	str.w	sl, [r7]
3418a748:	3301      	adds	r3, #1
3418a74a:	607d      	str	r5, [r7, #4]
3418a74c:	9228      	str	r2, [sp, #160]	@ 0xa0
3418a74e:	2b07      	cmp	r3, #7
3418a750:	9327      	str	r3, [sp, #156]	@ 0x9c
3418a752:	f300 8708 	bgt.w	3418b566 <_vfprintf_r+0x1c36>
3418a756:	3708      	adds	r7, #8
3418a758:	2d00      	cmp	r5, #0
3418a75a:	bfa8      	it	ge
3418a75c:	1b64      	subge	r4, r4, r5
3418a75e:	2c00      	cmp	r4, #0
3418a760:	f77f aabc 	ble.w	34189cdc <_vfprintf_r+0x3ac>
3418a764:	2c10      	cmp	r4, #16
3418a766:	9b27      	ldr	r3, [sp, #156]	@ 0x9c
3418a768:	f341 80af 	ble.w	3418b8ca <_vfprintf_r+0x1f9a>
3418a76c:	2510      	movs	r5, #16
3418a76e:	4e1e      	ldr	r6, [pc, #120]	@ (3418a7e8 <_vfprintf_r+0xeb8>)
3418a770:	f8dd 800c 	ldr.w	r8, [sp, #12]
3418a774:	e003      	b.n	3418a77e <_vfprintf_r+0xe4e>
3418a776:	3c10      	subs	r4, #16
3418a778:	2c10      	cmp	r4, #16
3418a77a:	f340 833e 	ble.w	3418adfa <_vfprintf_r+0x14ca>
3418a77e:	3301      	adds	r3, #1
3418a780:	3210      	adds	r2, #16
3418a782:	2b07      	cmp	r3, #7
3418a784:	e9c7 6500 	strd	r6, r5, [r7]
3418a788:	e9cd 3227 	strd	r3, r2, [sp, #156]	@ 0x9c
3418a78c:	f107 0708 	add.w	r7, r7, #8
3418a790:	ddf1      	ble.n	3418a776 <_vfprintf_r+0xe46>
3418a792:	aa26      	add	r2, sp, #152	@ 0x98
3418a794:	4641      	mov	r1, r8
3418a796:	4658      	mov	r0, fp
3418a798:	f001 fcea 	bl	3418c170 <__sprint_r>
3418a79c:	2800      	cmp	r0, #0
3418a79e:	f47f aa12 	bne.w	34189bc6 <_vfprintf_r+0x296>
3418a7a2:	af29      	add	r7, sp, #164	@ 0xa4
3418a7a4:	e9dd 3227 	ldrd	r3, r2, [sp, #156]	@ 0x9c
3418a7a8:	e7e5      	b.n	3418a776 <_vfprintf_r+0xe46>
3418a7aa:	0497      	lsls	r7, r2, #18
3418a7ac:	f57f a8f8 	bpl.w	341899a0 <_vfprintf_r+0x70>
3418a7b0:	f001 b835 	b.w	3418b81e <_vfprintf_r+0x1eee>
3418a7b4:	9b02      	ldr	r3, [sp, #8]
3418a7b6:	07dd      	lsls	r5, r3, #31
3418a7b8:	f57f aa90 	bpl.w	34189cdc <_vfprintf_r+0x3ac>
3418a7bc:	e544      	b.n	3418a248 <_vfprintf_r+0x918>
3418a7be:	782c      	ldrb	r4, [r5, #0]
3418a7c0:	930b      	str	r3, [sp, #44]	@ 0x2c
3418a7c2:	f7ff b92e 	b.w	34189a22 <_vfprintf_r+0xf2>
3418a7c6:	f021 0380 	bic.w	r3, r1, #128	@ 0x80
3418a7ca:	9302      	str	r3, [sp, #8]
3418a7cc:	f47f ab86 	bne.w	34189edc <_vfprintf_r+0x5ac>
3418a7d0:	ea56 0308 	orrs.w	r3, r6, r8
3418a7d4:	f47f ab82 	bne.w	34189edc <_vfprintf_r+0x5ac>
3418a7d8:	bf14      	ite	ne
3418a7da:	2301      	movne	r3, #1
3418a7dc:	4613      	moveq	r3, r2
3418a7de:	930d      	str	r3, [sp, #52]	@ 0x34
3418a7e0:	f7ff bbe5 	b.w	34189fae <_vfprintf_r+0x67e>
3418a7e4:	3419014c 	.word	0x3419014c
3418a7e8:	3419013c 	.word	0x3419013c
3418a7ec:	2300      	movs	r3, #0
3418a7ee:	9e0c      	ldr	r6, [sp, #48]	@ 0x30
3418a7f0:	930c      	str	r3, [sp, #48]	@ 0x30
3418a7f2:	f7ff ba3a 	b.w	34189c6a <_vfprintf_r+0x33a>
3418a7f6:	9b02      	ldr	r3, [sp, #8]
3418a7f8:	9a0b      	ldr	r2, [sp, #44]	@ 0x2c
3418a7fa:	06d9      	lsls	r1, r3, #27
3418a7fc:	f852 6b04 	ldr.w	r6, [r2], #4
3418a800:	f101 811f 	bmi.w	3418ba42 <_vfprintf_r+0x2112>
3418a804:	9b02      	ldr	r3, [sp, #8]
3418a806:	065d      	lsls	r5, r3, #25
3418a808:	f140 836f 	bpl.w	3418aeea <_vfprintf_r+0x15ba>
3418a80c:	f346 38c0 	sbfx	r8, r6, #15, #1
3418a810:	920b      	str	r2, [sp, #44]	@ 0x2c
3418a812:	b236      	sxth	r6, r6
3418a814:	4643      	mov	r3, r8
3418a816:	f7ff bac9 	b.w	34189dac <_vfprintf_r+0x47c>
3418a81a:	eeb4 8b48 	vcmp.f64	d8, d8
3418a81e:	eef1 fa10 	vmrs	APSR_nzcv, fpscr
3418a822:	f180 874f 	bvs.w	3418b6c4 <_vfprintf_r+0x1d94>
3418a826:	f024 0620 	bic.w	r6, r4, #32
3418a82a:	2e41      	cmp	r6, #65	@ 0x41
3418a82c:	f040 8368 	bne.w	3418af00 <_vfprintf_r+0x15d0>
3418a830:	2330      	movs	r3, #48	@ 0x30
3418a832:	2c61      	cmp	r4, #97	@ 0x61
3418a834:	f88d 3068 	strb.w	r3, [sp, #104]	@ 0x68
3418a838:	bf14      	ite	ne
3418a83a:	2358      	movne	r3, #88	@ 0x58
3418a83c:	2378      	moveq	r3, #120	@ 0x78
3418a83e:	f1ba 0f63 	cmp.w	sl, #99	@ 0x63
3418a842:	f88d 3069 	strb.w	r3, [sp, #105]	@ 0x69
3418a846:	f300 8433 	bgt.w	3418b0b0 <_vfprintf_r+0x1780>
3418a84a:	ee18 3a90 	vmov	r3, s17
3418a84e:	2b00      	cmp	r3, #0
3418a850:	f2c0 8714 	blt.w	3418b67c <_vfprintf_r+0x1d4c>
3418a854:	eeb0 0b48 	vmov.f64	d0, d8
3418a858:	f04f 0800 	mov.w	r8, #0
3418a85c:	ad39      	add	r5, sp, #228	@ 0xe4
3418a85e:	f8cd 8024 	str.w	r8, [sp, #36]	@ 0x24
3418a862:	9b02      	ldr	r3, [sp, #8]
3418a864:	a81b      	add	r0, sp, #108	@ 0x6c
3418a866:	f043 0302 	orr.w	r3, r3, #2
3418a86a:	9302      	str	r3, [sp, #8]
3418a86c:	f001 ff74 	bl	3418c758 <frexp>
3418a870:	eeb4 7b00 	vmov.f64	d7, #64	@ 0x3e000000  0.125
3418a874:	ee20 7b07 	vmul.f64	d7, d0, d7
3418a878:	eeb5 7b40 	vcmp.f64	d7, #0.0
3418a87c:	eef1 fa10 	vmrs	APSR_nzcv, fpscr
3418a880:	d101      	bne.n	3418a886 <_vfprintf_r+0xf56>
3418a882:	2301      	movs	r3, #1
3418a884:	931b      	str	r3, [sp, #108]	@ 0x6c
3418a886:	2c61      	cmp	r4, #97	@ 0x61
3418a888:	eeb3 4b00 	vmov.f64	d4, #48	@ 0x41800000  16.0
3418a88c:	462b      	mov	r3, r5
3418a88e:	4651      	mov	r1, sl
3418a890:	bf0c      	ite	eq
3418a892:	48ac      	ldreq	r0, [pc, #688]	@ (3418ab44 <_vfprintf_r+0x1214>)
3418a894:	48ac      	ldrne	r0, [pc, #688]	@ (3418ab48 <_vfprintf_r+0x1218>)
3418a896:	e006      	b.n	3418a8a6 <_vfprintf_r+0xf76>
3418a898:	eeb5 7b40 	vcmp.f64	d7, #0.0
3418a89c:	eef1 fa10 	vmrs	APSR_nzcv, fpscr
3418a8a0:	f000 879a 	beq.w	3418b7d8 <_vfprintf_r+0x1ea8>
3418a8a4:	4611      	mov	r1, r2
3418a8a6:	ee27 7b04 	vmul.f64	d7, d7, d4
3418a8aa:	461e      	mov	r6, r3
3418a8ac:	1e4a      	subs	r2, r1, #1
3418a8ae:	eefd 6bc7 	vcvt.s32.f64	s13, d7
3418a8b2:	ee16 ca90 	vmov	ip, s13
3418a8b6:	eeb8 5be6 	vcvt.f64.s32	d5, s13
3418a8ba:	f810 c00c 	ldrb.w	ip, [r0, ip]
3418a8be:	ee37 7b45 	vsub.f64	d7, d7, d5
3418a8c2:	f803 cb01 	strb.w	ip, [r3], #1
3418a8c6:	2900      	cmp	r1, #0
3418a8c8:	d1e6      	bne.n	3418a898 <_vfprintf_r+0xf68>
3418a8ca:	eeb6 5b00 	vmov.f64	d5, #96	@ 0x3f000000  0.5
3418a8ce:	eeb4 7bc5 	vcmpe.f64	d7, d5
3418a8d2:	eef1 fa10 	vmrs	APSR_nzcv, fpscr
3418a8d6:	dc08      	bgt.n	3418a8ea <_vfprintf_r+0xfba>
3418a8d8:	eeb4 7b45 	vcmp.f64	d7, d5
3418a8dc:	eef1 fa10 	vmrs	APSR_nzcv, fpscr
3418a8e0:	d11c      	bne.n	3418a91c <_vfprintf_r+0xfec>
3418a8e2:	ee16 2a90 	vmov	r2, s13
3418a8e6:	07d2      	lsls	r2, r2, #31
3418a8e8:	d518      	bpl.n	3418a91c <_vfprintf_r+0xfec>
3418a8ea:	9624      	str	r6, [sp, #144]	@ 0x90
3418a8ec:	461a      	mov	r2, r3
3418a8ee:	7bc6      	ldrb	r6, [r0, #15]
3418a8f0:	f813 1c01 	ldrb.w	r1, [r3, #-1]
3418a8f4:	428e      	cmp	r6, r1
3418a8f6:	d10a      	bne.n	3418a90e <_vfprintf_r+0xfde>
3418a8f8:	f04f 0c30 	mov.w	ip, #48	@ 0x30
3418a8fc:	f802 cc01 	strb.w	ip, [r2, #-1]
3418a900:	9a24      	ldr	r2, [sp, #144]	@ 0x90
3418a902:	1e51      	subs	r1, r2, #1
3418a904:	9124      	str	r1, [sp, #144]	@ 0x90
3418a906:	f812 1c01 	ldrb.w	r1, [r2, #-1]
3418a90a:	428e      	cmp	r6, r1
3418a90c:	d0f6      	beq.n	3418a8fc <_vfprintf_r+0xfcc>
3418a90e:	2939      	cmp	r1, #57	@ 0x39
3418a910:	f001 8061 	beq.w	3418b9d6 <_vfprintf_r+0x20a6>
3418a914:	3101      	adds	r1, #1
3418a916:	b2c9      	uxtb	r1, r1
3418a918:	f802 1c01 	strb.w	r1, [r2, #-1]
3418a91c:	1b5b      	subs	r3, r3, r5
3418a91e:	9a1b      	ldr	r2, [sp, #108]	@ 0x6c
3418a920:	930f      	str	r3, [sp, #60]	@ 0x3c
3418a922:	f104 030f 	add.w	r3, r4, #15
3418a926:	f88d 3078 	strb.w	r3, [sp, #120]	@ 0x78
3418a92a:	1e53      	subs	r3, r2, #1
3418a92c:	2b00      	cmp	r3, #0
3418a92e:	931b      	str	r3, [sp, #108]	@ 0x6c
3418a930:	f2c0 87b2 	blt.w	3418b898 <_vfprintf_r+0x1f68>
3418a934:	222b      	movs	r2, #43	@ 0x2b
3418a936:	2b09      	cmp	r3, #9
3418a938:	f88d 2079 	strb.w	r2, [sp, #121]	@ 0x79
3418a93c:	f300 84f5 	bgt.w	3418b32a <_vfprintf_r+0x19fa>
3418a940:	f10d 027a 	add.w	r2, sp, #122	@ 0x7a
3418a944:	3330      	adds	r3, #48	@ 0x30
3418a946:	f802 3b01 	strb.w	r3, [r2], #1
3418a94a:	ab1e      	add	r3, sp, #120	@ 0x78
3418a94c:	1ad3      	subs	r3, r2, r3
3418a94e:	9313      	str	r3, [sp, #76]	@ 0x4c
3418a950:	9b0f      	ldr	r3, [sp, #60]	@ 0x3c
3418a952:	9a13      	ldr	r2, [sp, #76]	@ 0x4c
3418a954:	2b01      	cmp	r3, #1
3418a956:	441a      	add	r2, r3
3418a958:	920a      	str	r2, [sp, #40]	@ 0x28
3418a95a:	f340 867f 	ble.w	3418b65c <_vfprintf_r+0x1d2c>
3418a95e:	9b0a      	ldr	r3, [sp, #40]	@ 0x28
3418a960:	9a11      	ldr	r2, [sp, #68]	@ 0x44
3418a962:	4413      	add	r3, r2
3418a964:	930a      	str	r3, [sp, #40]	@ 0x28
3418a966:	9a02      	ldr	r2, [sp, #8]
3418a968:	f422 6380 	bic.w	r3, r2, #1024	@ 0x400
3418a96c:	f002 0202 	and.w	r2, r2, #2
3418a970:	f443 7380 	orr.w	r3, r3, #256	@ 0x100
3418a974:	920d      	str	r2, [sp, #52]	@ 0x34
3418a976:	9302      	str	r3, [sp, #8]
3418a978:	9b0a      	ldr	r3, [sp, #40]	@ 0x28
3418a97a:	ea23 73e3 	bic.w	r3, r3, r3, asr #31
3418a97e:	9304      	str	r3, [sp, #16]
3418a980:	f1b8 0f00 	cmp.w	r8, #0
3418a984:	f000 8665 	beq.w	3418b652 <_vfprintf_r+0x1d22>
3418a988:	202d      	movs	r0, #45	@ 0x2d
3418a98a:	f04f 0a00 	mov.w	sl, #0
3418a98e:	f88d 0067 	strb.w	r0, [sp, #103]	@ 0x67
3418a992:	f7ff babb 	b.w	34189f0c <_vfprintf_r+0x5dc>
3418a996:	9a02      	ldr	r2, [sp, #8]
3418a998:	06d0      	lsls	r0, r2, #27
3418a99a:	f100 8240 	bmi.w	3418ae1e <_vfprintf_r+0x14ee>
3418a99e:	9a02      	ldr	r2, [sp, #8]
3418a9a0:	0651      	lsls	r1, r2, #25
3418a9a2:	f100 8343 	bmi.w	3418b02c <_vfprintf_r+0x16fc>
3418a9a6:	9a02      	ldr	r2, [sp, #8]
3418a9a8:	0592      	lsls	r2, r2, #22
3418a9aa:	f140 8238 	bpl.w	3418ae1e <_vfprintf_r+0x14ee>
3418a9ae:	9a0b      	ldr	r2, [sp, #44]	@ 0x2c
3418a9b0:	9907      	ldr	r1, [sp, #28]
3418a9b2:	6812      	ldr	r2, [r2, #0]
3418a9b4:	7011      	strb	r1, [r2, #0]
3418a9b6:	f7ff bb52 	b.w	3418a05e <_vfprintf_r+0x72e>
3418a9ba:	9902      	ldr	r1, [sp, #8]
3418a9bc:	9a0b      	ldr	r2, [sp, #44]	@ 0x2c
3418a9be:	f011 0010 	ands.w	r0, r1, #16
3418a9c2:	f852 3b04 	ldr.w	r3, [r2], #4
3418a9c6:	f47f ab93 	bne.w	3418a0f0 <_vfprintf_r+0x7c0>
3418a9ca:	9d02      	ldr	r5, [sp, #8]
3418a9cc:	f015 0140 	ands.w	r1, r5, #64	@ 0x40
3418a9d0:	f000 8266 	beq.w	3418aea0 <_vfprintf_r+0x1570>
3418a9d4:	f04f 0800 	mov.w	r8, #0
3418a9d8:	b29b      	uxth	r3, r3
3418a9da:	f88d 0067 	strb.w	r0, [sp, #103]	@ 0x67
3418a9de:	45c2      	cmp	sl, r8
3418a9e0:	461e      	mov	r6, r3
3418a9e2:	f2c0 833b 	blt.w	3418b05c <_vfprintf_r+0x172c>
3418a9e6:	f025 0180 	bic.w	r1, r5, #128	@ 0x80
3418a9ea:	ea5a 0303 	orrs.w	r3, sl, r3
3418a9ee:	9102      	str	r1, [sp, #8]
3418a9f0:	920b      	str	r2, [sp, #44]	@ 0x2c
3418a9f2:	930d      	str	r3, [sp, #52]	@ 0x34
3418a9f4:	f47f aa72 	bne.w	34189edc <_vfprintf_r+0x5ac>
3418a9f8:	f7ff bad9 	b.w	34189fae <_vfprintf_r+0x67e>
3418a9fc:	9902      	ldr	r1, [sp, #8]
3418a9fe:	9a0b      	ldr	r2, [sp, #44]	@ 0x2c
3418aa00:	06c8      	lsls	r0, r1, #27
3418aa02:	f852 3b04 	ldr.w	r3, [r2], #4
3418aa06:	f101 8019 	bmi.w	3418ba3c <_vfprintf_r+0x210c>
3418aa0a:	9802      	ldr	r0, [sp, #8]
3418aa0c:	0641      	lsls	r1, r0, #25
3418aa0e:	f140 8262 	bpl.w	3418aed6 <_vfprintf_r+0x15a6>
3418aa12:	b29b      	uxth	r3, r3
3418aa14:	2100      	movs	r1, #0
3418aa16:	920b      	str	r2, [sp, #44]	@ 0x2c
3418aa18:	f7ff baf4 	b.w	3418a004 <_vfprintf_r+0x6d4>
3418aa1c:	2330      	movs	r3, #48	@ 0x30
3418aa1e:	3802      	subs	r0, #2
3418aa20:	f805 3c01 	strb.w	r3, [r5, #-1]
3418aa24:	ab52      	add	r3, sp, #328	@ 0x148
3418aa26:	4605      	mov	r5, r0
3418aa28:	1a1b      	subs	r3, r3, r0
3418aa2a:	4553      	cmp	r3, sl
3418aa2c:	930a      	str	r3, [sp, #40]	@ 0x28
3418aa2e:	bfb8      	it	lt
3418aa30:	4653      	movlt	r3, sl
3418aa32:	9304      	str	r3, [sp, #16]
3418aa34:	f7ff bb4d 	b.w	3418a0d2 <_vfprintf_r+0x7a2>
3418aa38:	4e43      	ldr	r6, [pc, #268]	@ (3418ab48 <_vfprintf_r+0x1218>)
3418aa3a:	9506      	str	r5, [sp, #24]
3418aa3c:	9b02      	ldr	r3, [sp, #8]
3418aa3e:	9a0b      	ldr	r2, [sp, #44]	@ 0x2c
3418aa40:	069b      	lsls	r3, r3, #26
3418aa42:	f140 809c 	bpl.w	3418ab7e <_vfprintf_r+0x124e>
3418aa46:	3207      	adds	r2, #7
3418aa48:	f022 0207 	bic.w	r2, r2, #7
3418aa4c:	6851      	ldr	r1, [r2, #4]
3418aa4e:	f852 3b08 	ldr.w	r3, [r2], #8
3418aa52:	ea53 0001 	orrs.w	r0, r3, r1
3418aa56:	9d02      	ldr	r5, [sp, #8]
3418aa58:	bf14      	ite	ne
3418aa5a:	2001      	movne	r0, #1
3418aa5c:	2000      	moveq	r0, #0
3418aa5e:	07ed      	lsls	r5, r5, #31
3418aa60:	d502      	bpl.n	3418aa68 <_vfprintf_r+0x1138>
3418aa62:	2800      	cmp	r0, #0
3418aa64:	f040 80d5 	bne.w	3418ac12 <_vfprintf_r+0x12e2>
3418aa68:	2500      	movs	r5, #0
3418aa6a:	45aa      	cmp	sl, r5
3418aa6c:	f88d 5067 	strb.w	r5, [sp, #103]	@ 0x67
3418aa70:	f2c0 80ad 	blt.w	3418abce <_vfprintf_r+0x129e>
3418aa74:	9d02      	ldr	r5, [sp, #8]
3418aa76:	f425 6590 	bic.w	r5, r5, #1152	@ 0x480
3418aa7a:	9502      	str	r5, [sp, #8]
3418aa7c:	f040 80e0 	bne.w	3418ac40 <_vfprintf_r+0x1310>
3418aa80:	2800      	cmp	r0, #0
3418aa82:	f040 80dd 	bne.w	3418ac40 <_vfprintf_r+0x1310>
3418aa86:	920b      	str	r2, [sp, #44]	@ 0x2c
3418aa88:	900d      	str	r0, [sp, #52]	@ 0x34
3418aa8a:	f7ff ba90 	b.w	34189fae <_vfprintf_r+0x67e>
3418aa8e:	4e2d      	ldr	r6, [pc, #180]	@ (3418ab44 <_vfprintf_r+0x1214>)
3418aa90:	9506      	str	r5, [sp, #24]
3418aa92:	e7d3      	b.n	3418aa3c <_vfprintf_r+0x110c>
3418aa94:	9802      	ldr	r0, [sp, #8]
3418aa96:	2478      	movs	r4, #120	@ 0x78
3418aa98:	920b      	str	r2, [sp, #44]	@ 0x2c
3418aa9a:	2202      	movs	r2, #2
3418aa9c:	f040 0002 	orr.w	r0, r0, #2
3418aaa0:	4e28      	ldr	r6, [pc, #160]	@ (3418ab44 <_vfprintf_r+0x1214>)
3418aaa2:	920d      	str	r2, [sp, #52]	@ 0x34
3418aaa4:	9002      	str	r0, [sp, #8]
3418aaa6:	4608      	mov	r0, r1
3418aaa8:	ad52      	add	r5, sp, #328	@ 0x148
3418aaaa:	f003 020f 	and.w	r2, r3, #15
3418aaae:	091b      	lsrs	r3, r3, #4
3418aab0:	5cb2      	ldrb	r2, [r6, r2]
3418aab2:	ea43 7301 	orr.w	r3, r3, r1, lsl #28
3418aab6:	0909      	lsrs	r1, r1, #4
3418aab8:	f805 2d01 	strb.w	r2, [r5, #-1]!
3418aabc:	ea53 0201 	orrs.w	r2, r3, r1
3418aac0:	d1f3      	bne.n	3418aaaa <_vfprintf_r+0x117a>
3418aac2:	ab52      	add	r3, sp, #328	@ 0x148
3418aac4:	1b5b      	subs	r3, r3, r5
3418aac6:	4553      	cmp	r3, sl
3418aac8:	930a      	str	r3, [sp, #40]	@ 0x28
3418aaca:	bfb8      	it	lt
3418aacc:	4653      	movlt	r3, sl
3418aace:	9304      	str	r3, [sp, #16]
3418aad0:	f7ff ba19 	b.w	34189f06 <_vfprintf_r+0x5d6>
3418aad4:	aa26      	add	r2, sp, #152	@ 0x98
3418aad6:	9903      	ldr	r1, [sp, #12]
3418aad8:	4658      	mov	r0, fp
3418aada:	f001 fb49 	bl	3418c170 <__sprint_r>
3418aade:	2800      	cmp	r0, #0
3418aae0:	f47f a871 	bne.w	34189bc6 <_vfprintf_r+0x296>
3418aae4:	9a28      	ldr	r2, [sp, #160]	@ 0xa0
3418aae6:	af29      	add	r7, sp, #164	@ 0xa4
3418aae8:	f7ff b8e2 	b.w	34189cb0 <_vfprintf_r+0x380>
3418aaec:	aa26      	add	r2, sp, #152	@ 0x98
3418aaee:	9903      	ldr	r1, [sp, #12]
3418aaf0:	4658      	mov	r0, fp
3418aaf2:	f001 fb3d 	bl	3418c170 <__sprint_r>
3418aaf6:	2800      	cmp	r0, #0
3418aaf8:	f47f a865 	bne.w	34189bc6 <_vfprintf_r+0x296>
3418aafc:	9a28      	ldr	r2, [sp, #160]	@ 0xa0
3418aafe:	af29      	add	r7, sp, #164	@ 0xa4
3418ab00:	f7ff bbaf 	b.w	3418a262 <_vfprintf_r+0x932>
3418ab04:	f043 0320 	orr.w	r3, r3, #32
3418ab08:	786c      	ldrb	r4, [r5, #1]
3418ab0a:	3501      	adds	r5, #1
3418ab0c:	9302      	str	r3, [sp, #8]
3418ab0e:	f7fe bf88 	b.w	34189a22 <_vfprintf_r+0xf2>
3418ab12:	f443 7300 	orr.w	r3, r3, #512	@ 0x200
3418ab16:	786c      	ldrb	r4, [r5, #1]
3418ab18:	3501      	adds	r5, #1
3418ab1a:	9302      	str	r3, [sp, #8]
3418ab1c:	f7fe bf81 	b.w	34189a22 <_vfprintf_r+0xf2>
3418ab20:	4653      	mov	r3, sl
3418ab22:	46aa      	mov	sl, r5
3418ab24:	f8cd 802c 	str.w	r8, [sp, #44]	@ 0x2c
3418ab28:	2b06      	cmp	r3, #6
3418ab2a:	f8cd a040 	str.w	sl, [sp, #64]	@ 0x40
3418ab2e:	bf28      	it	cs
3418ab30:	2306      	movcs	r3, #6
3418ab32:	e9cd aa0d 	strd	sl, sl, [sp, #52]	@ 0x34
3418ab36:	e9cd 5309 	strd	r5, r3, [sp, #36]	@ 0x24
3418ab3a:	9304      	str	r3, [sp, #16]
3418ab3c:	4d03      	ldr	r5, [pc, #12]	@ (3418ab4c <_vfprintf_r+0x121c>)
3418ab3e:	f7ff b886 	b.w	34189c4e <_vfprintf_r+0x31e>
3418ab42:	bf00      	nop
3418ab44:	3418fe84 	.word	0x3418fe84
3418ab48:	3418fe98 	.word	0x3418fe98
3418ab4c:	3418feac 	.word	0x3418feac
3418ab50:	2208      	movs	r2, #8
3418ab52:	2100      	movs	r1, #0
3418ab54:	a824      	add	r0, sp, #144	@ 0x90
3418ab56:	ad39      	add	r5, sp, #228	@ 0xe4
3418ab58:	f7fc fbec 	bl	34187334 <memset>
3418ab5c:	9a0b      	ldr	r2, [sp, #44]	@ 0x2c
3418ab5e:	ab24      	add	r3, sp, #144	@ 0x90
3418ab60:	4658      	mov	r0, fp
3418ab62:	6812      	ldr	r2, [r2, #0]
3418ab64:	4629      	mov	r1, r5
3418ab66:	f001 fdc3 	bl	3418c6f0 <_wcrtomb_r>
3418ab6a:	900a      	str	r0, [sp, #40]	@ 0x28
3418ab6c:	3001      	adds	r0, #1
3418ab6e:	f000 871b 	beq.w	3418b9a8 <_vfprintf_r+0x2078>
3418ab72:	9b0a      	ldr	r3, [sp, #40]	@ 0x28
3418ab74:	ea23 73e3 	bic.w	r3, r3, r3, asr #31
3418ab78:	9304      	str	r3, [sp, #16]
3418ab7a:	f7ff b94a 	b.w	34189e12 <_vfprintf_r+0x4e2>
3418ab7e:	9902      	ldr	r1, [sp, #8]
3418ab80:	f852 3b04 	ldr.w	r3, [r2], #4
3418ab84:	06cd      	lsls	r5, r1, #27
3418ab86:	d420      	bmi.n	3418abca <_vfprintf_r+0x129a>
3418ab88:	0648      	lsls	r0, r1, #25
3418ab8a:	d51a      	bpl.n	3418abc2 <_vfprintf_r+0x1292>
3418ab8c:	b29b      	uxth	r3, r3
3418ab8e:	2100      	movs	r1, #0
3418ab90:	e75f      	b.n	3418aa52 <_vfprintf_r+0x1122>
3418ab92:	aa26      	add	r2, sp, #152	@ 0x98
3418ab94:	9903      	ldr	r1, [sp, #12]
3418ab96:	4658      	mov	r0, fp
3418ab98:	f001 faea 	bl	3418c170 <__sprint_r>
3418ab9c:	2800      	cmp	r0, #0
3418ab9e:	f47f a812 	bne.w	34189bc6 <_vfprintf_r+0x296>
3418aba2:	a929      	add	r1, sp, #164	@ 0xa4
3418aba4:	e9dd 3227 	ldrd	r3, r2, [sp, #156]	@ 0x9c
3418aba8:	e472      	b.n	3418a490 <_vfprintf_r+0xb60>
3418abaa:	aa26      	add	r2, sp, #152	@ 0x98
3418abac:	9903      	ldr	r1, [sp, #12]
3418abae:	4658      	mov	r0, fp
3418abb0:	f001 fade 	bl	3418c170 <__sprint_r>
3418abb4:	2800      	cmp	r0, #0
3418abb6:	f47f a806 	bne.w	34189bc6 <_vfprintf_r+0x296>
3418abba:	a929      	add	r1, sp, #164	@ 0xa4
3418abbc:	e9dd 3227 	ldrd	r3, r2, [sp, #156]	@ 0x9c
3418abc0:	e45a      	b.n	3418a478 <_vfprintf_r+0xb48>
3418abc2:	9902      	ldr	r1, [sp, #8]
3418abc4:	0589      	lsls	r1, r1, #22
3418abc6:	f100 8246 	bmi.w	3418b056 <_vfprintf_r+0x1726>
3418abca:	2100      	movs	r1, #0
3418abcc:	e741      	b.n	3418aa52 <_vfprintf_r+0x1122>
3418abce:	9802      	ldr	r0, [sp, #8]
3418abd0:	950d      	str	r5, [sp, #52]	@ 0x34
3418abd2:	f420 6080 	bic.w	r0, r0, #1024	@ 0x400
3418abd6:	920b      	str	r2, [sp, #44]	@ 0x2c
3418abd8:	9002      	str	r0, [sp, #8]
3418abda:	4628      	mov	r0, r5
3418abdc:	e764      	b.n	3418aaa8 <_vfprintf_r+0x1178>
3418abde:	aa26      	add	r2, sp, #152	@ 0x98
3418abe0:	9903      	ldr	r1, [sp, #12]
3418abe2:	4658      	mov	r0, fp
3418abe4:	f001 fac4 	bl	3418c170 <__sprint_r>
3418abe8:	2800      	cmp	r0, #0
3418abea:	f47e afec 	bne.w	34189bc6 <_vfprintf_r+0x296>
3418abee:	f89d 3067 	ldrb.w	r3, [sp, #103]	@ 0x67
3418abf2:	9a28      	ldr	r2, [sp, #160]	@ 0xa0
3418abf4:	2b00      	cmp	r3, #0
3418abf6:	f000 8118 	beq.w	3418ae2a <_vfprintf_r+0x14fa>
3418abfa:	9e0c      	ldr	r6, [sp, #48]	@ 0x30
3418abfc:	af29      	add	r7, sp, #164	@ 0xa4
3418abfe:	f8dd c09c 	ldr.w	ip, [sp, #156]	@ 0x9c
3418ac02:	900c      	str	r0, [sp, #48]	@ 0x30
3418ac04:	f7ff b831 	b.w	34189c6a <_vfprintf_r+0x33a>
3418ac08:	4658      	mov	r0, fp
3418ac0a:	f7fc fb69 	bl	341872e0 <__sinit>
3418ac0e:	f7fe beb0 	b.w	34189972 <_vfprintf_r+0x42>
3418ac12:	2030      	movs	r0, #48	@ 0x30
3418ac14:	f88d 4069 	strb.w	r4, [sp, #105]	@ 0x69
3418ac18:	f88d 0068 	strb.w	r0, [sp, #104]	@ 0x68
3418ac1c:	2000      	movs	r0, #0
3418ac1e:	4582      	cmp	sl, r0
3418ac20:	f88d 0067 	strb.w	r0, [sp, #103]	@ 0x67
3418ac24:	f2c0 8277 	blt.w	3418b116 <_vfprintf_r+0x17e6>
3418ac28:	9802      	ldr	r0, [sp, #8]
3418ac2a:	f420 6090 	bic.w	r0, r0, #1152	@ 0x480
3418ac2e:	f040 0002 	orr.w	r0, r0, #2
3418ac32:	9002      	str	r0, [sp, #8]
3418ac34:	2002      	movs	r0, #2
3418ac36:	900d      	str	r0, [sp, #52]	@ 0x34
3418ac38:	f89d 0067 	ldrb.w	r0, [sp, #103]	@ 0x67
3418ac3c:	920b      	str	r2, [sp, #44]	@ 0x2c
3418ac3e:	e733      	b.n	3418aaa8 <_vfprintf_r+0x1178>
3418ac40:	2000      	movs	r0, #0
3418ac42:	900d      	str	r0, [sp, #52]	@ 0x34
3418ac44:	e7f8      	b.n	3418ac38 <_vfprintf_r+0x1308>
3418ac46:	aa26      	add	r2, sp, #152	@ 0x98
3418ac48:	9903      	ldr	r1, [sp, #12]
3418ac4a:	4658      	mov	r0, fp
3418ac4c:	f001 fa90 	bl	3418c170 <__sprint_r>
3418ac50:	2800      	cmp	r0, #0
3418ac52:	f47e afb8 	bne.w	34189bc6 <_vfprintf_r+0x296>
3418ac56:	9a28      	ldr	r2, [sp, #160]	@ 0xa0
3418ac58:	af29      	add	r7, sp, #164	@ 0xa4
3418ac5a:	f7ff baf0 	b.w	3418a23e <_vfprintf_r+0x90e>
3418ac5e:	2208      	movs	r2, #8
3418ac60:	2100      	movs	r1, #0
3418ac62:	a824      	add	r0, sp, #144	@ 0x90
3418ac64:	951d      	str	r5, [sp, #116]	@ 0x74
3418ac66:	f7fc fb65 	bl	34187334 <memset>
3418ac6a:	f1ba 0f00 	cmp.w	sl, #0
3418ac6e:	f2c0 8244 	blt.w	3418b0fa <_vfprintf_r+0x17ca>
3418ac72:	2600      	movs	r6, #0
3418ac74:	9704      	str	r7, [sp, #16]
3418ac76:	4637      	mov	r7, r6
3418ac78:	e00e      	b.n	3418ac98 <_vfprintf_r+0x1368>
3418ac7a:	a939      	add	r1, sp, #228	@ 0xe4
3418ac7c:	4658      	mov	r0, fp
3418ac7e:	f001 fd37 	bl	3418c6f0 <_wcrtomb_r>
3418ac82:	1c43      	adds	r3, r0, #1
3418ac84:	f106 0604 	add.w	r6, r6, #4
3418ac88:	4438      	add	r0, r7
3418ac8a:	f000 84ed 	beq.w	3418b668 <_vfprintf_r+0x1d38>
3418ac8e:	4550      	cmp	r0, sl
3418ac90:	dc07      	bgt.n	3418aca2 <_vfprintf_r+0x1372>
3418ac92:	f000 8534 	beq.w	3418b6fe <_vfprintf_r+0x1dce>
3418ac96:	4607      	mov	r7, r0
3418ac98:	9a1d      	ldr	r2, [sp, #116]	@ 0x74
3418ac9a:	ab24      	add	r3, sp, #144	@ 0x90
3418ac9c:	5992      	ldr	r2, [r2, r6]
3418ac9e:	2a00      	cmp	r2, #0
3418aca0:	d1eb      	bne.n	3418ac7a <_vfprintf_r+0x134a>
3418aca2:	970a      	str	r7, [sp, #40]	@ 0x28
3418aca4:	9f04      	ldr	r7, [sp, #16]
3418aca6:	9b0a      	ldr	r3, [sp, #40]	@ 0x28
3418aca8:	2b00      	cmp	r3, #0
3418acaa:	f000 82eb 	beq.w	3418b284 <_vfprintf_r+0x1954>
3418acae:	2b63      	cmp	r3, #99	@ 0x63
3418acb0:	f340 846a 	ble.w	3418b588 <_vfprintf_r+0x1c58>
3418acb4:	1c59      	adds	r1, r3, #1
3418acb6:	4658      	mov	r0, fp
3418acb8:	f7fb fdc4 	bl	34186844 <_malloc_r>
3418acbc:	4605      	mov	r5, r0
3418acbe:	2800      	cmp	r0, #0
3418acc0:	f000 86b2 	beq.w	3418ba28 <_vfprintf_r+0x20f8>
3418acc4:	9009      	str	r0, [sp, #36]	@ 0x24
3418acc6:	2208      	movs	r2, #8
3418acc8:	2100      	movs	r1, #0
3418acca:	a824      	add	r0, sp, #144	@ 0x90
3418accc:	f7fc fb32 	bl	34187334 <memset>
3418acd0:	9e0a      	ldr	r6, [sp, #40]	@ 0x28
3418acd2:	ab24      	add	r3, sp, #144	@ 0x90
3418acd4:	aa1d      	add	r2, sp, #116	@ 0x74
3418acd6:	4629      	mov	r1, r5
3418acd8:	4658      	mov	r0, fp
3418acda:	9300      	str	r3, [sp, #0]
3418acdc:	4633      	mov	r3, r6
3418acde:	f001 fd2f 	bl	3418c740 <_wcsrtombs_r>
3418ace2:	4286      	cmp	r6, r0
3418ace4:	f040 869b 	bne.w	3418ba1e <_vfprintf_r+0x20ee>
3418ace8:	990a      	ldr	r1, [sp, #40]	@ 0x28
3418acea:	2300      	movs	r3, #0
3418acec:	546b      	strb	r3, [r5, r1]
3418acee:	ea21 71e1 	bic.w	r1, r1, r1, asr #31
3418acf2:	f89d 2067 	ldrb.w	r2, [sp, #103]	@ 0x67
3418acf6:	9104      	str	r1, [sp, #16]
3418acf8:	2a00      	cmp	r2, #0
3418acfa:	f040 846a 	bne.w	3418b5d2 <_vfprintf_r+0x1ca2>
3418acfe:	4692      	mov	sl, r2
3418ad00:	f8cd 802c 	str.w	r8, [sp, #44]	@ 0x2c
3418ad04:	9210      	str	r2, [sp, #64]	@ 0x40
3418ad06:	e9cd 220d 	strd	r2, r2, [sp, #52]	@ 0x34
3418ad0a:	f7fe bfa0 	b.w	34189c4e <_vfprintf_r+0x31e>
3418ad0e:	9b02      	ldr	r3, [sp, #8]
3418ad10:	a952      	add	r1, sp, #328	@ 0x148
3418ad12:	f04f 0c00 	mov.w	ip, #0
3418ad16:	9704      	str	r7, [sp, #16]
3418ad18:	e9cd 4a09 	strd	r4, sl, [sp, #36]	@ 0x24
3418ad1c:	f8dd a058 	ldr.w	sl, [sp, #88]	@ 0x58
3418ad20:	f403 6480 	and.w	r4, r3, #1024	@ 0x400
3418ad24:	e026      	b.n	3418ad74 <_vfprintf_r+0x1444>
3418ad26:	eb16 0308 	adds.w	r3, r6, r8
3418ad2a:	4abd      	ldr	r2, [pc, #756]	@ (3418b020 <_vfprintf_r+0x16f0>)
3418ad2c:	46b6      	mov	lr, r6
3418ad2e:	4640      	mov	r0, r8
3418ad30:	f143 0300 	adc.w	r3, r3, #0
3418ad34:	4629      	mov	r1, r5
3418ad36:	fba2 2703 	umull	r2, r7, r2, r3
3418ad3a:	f027 0203 	bic.w	r2, r7, #3
3418ad3e:	eb02 0297 	add.w	r2, r2, r7, lsr #2
3418ad42:	f04f 37cc 	mov.w	r7, #3435973836	@ 0xcccccccc
3418ad46:	1a9b      	subs	r3, r3, r2
3418ad48:	1af3      	subs	r3, r6, r3
3418ad4a:	4eb5      	ldr	r6, [pc, #724]	@ (3418b020 <_vfprintf_r+0x16f0>)
3418ad4c:	f168 0800 	sbc.w	r8, r8, #0
3418ad50:	fb07 f203 	mul.w	r2, r7, r3
3418ad54:	f1be 0f0a 	cmp.w	lr, #10
3418ad58:	fb06 2208 	mla	r2, r6, r8, r2
3418ad5c:	fba3 6306 	umull	r6, r3, r3, r6
3418ad60:	f170 0000 	sbcs.w	r0, r0, #0
3418ad64:	4413      	add	r3, r2
3418ad66:	ea4f 0656 	mov.w	r6, r6, lsr #1
3418ad6a:	ea4f 0853 	mov.w	r8, r3, lsr #1
3418ad6e:	ea46 76c3 	orr.w	r6, r6, r3, lsl #31
3418ad72:	d32d      	bcc.n	3418add0 <_vfprintf_r+0x14a0>
3418ad74:	eb16 0308 	adds.w	r3, r6, r8
3418ad78:	4fa9      	ldr	r7, [pc, #676]	@ (3418b020 <_vfprintf_r+0x16f0>)
3418ad7a:	f10c 0c01 	add.w	ip, ip, #1
3418ad7e:	f101 35ff 	add.w	r5, r1, #4294967295	@ 0xffffffff
3418ad82:	f143 0300 	adc.w	r3, r3, #0
3418ad86:	fba7 2003 	umull	r2, r0, r7, r3
3418ad8a:	f020 0203 	bic.w	r2, r0, #3
3418ad8e:	eb02 0290 	add.w	r2, r2, r0, lsr #2
3418ad92:	1a9b      	subs	r3, r3, r2
3418ad94:	1af3      	subs	r3, r6, r3
3418ad96:	fba3 3207 	umull	r3, r2, r3, r7
3418ad9a:	f168 0000 	sbc.w	r0, r8, #0
3418ad9e:	085b      	lsrs	r3, r3, #1
3418ada0:	fb07 2200 	mla	r2, r7, r0, r2
3418ada4:	ea43 73c2 	orr.w	r3, r3, r2, lsl #31
3418ada8:	eb03 0383 	add.w	r3, r3, r3, lsl #2
3418adac:	eba6 0343 	sub.w	r3, r6, r3, lsl #1
3418adb0:	3330      	adds	r3, #48	@ 0x30
3418adb2:	f801 3c01 	strb.w	r3, [r1, #-1]
3418adb6:	2c00      	cmp	r4, #0
3418adb8:	d0b5      	beq.n	3418ad26 <_vfprintf_r+0x13f6>
3418adba:	f89a 3000 	ldrb.w	r3, [sl]
3418adbe:	2bff      	cmp	r3, #255	@ 0xff
3418adc0:	d0b1      	beq.n	3418ad26 <_vfprintf_r+0x13f6>
3418adc2:	4563      	cmp	r3, ip
3418adc4:	d1af      	bne.n	3418ad26 <_vfprintf_r+0x13f6>
3418adc6:	2e0a      	cmp	r6, #10
3418adc8:	f178 0300 	sbcs.w	r3, r8, #0
3418adcc:	f080 8359 	bcs.w	3418b482 <_vfprintf_r+0x1b52>
3418add0:	ab52      	add	r3, sp, #328	@ 0x148
3418add2:	f8cd a058 	str.w	sl, [sp, #88]	@ 0x58
3418add6:	f8dd a028 	ldr.w	sl, [sp, #40]	@ 0x28
3418adda:	2200      	movs	r2, #0
3418addc:	1b5b      	subs	r3, r3, r5
3418adde:	9f04      	ldr	r7, [sp, #16]
3418ade0:	9c09      	ldr	r4, [sp, #36]	@ 0x24
3418ade2:	4553      	cmp	r3, sl
3418ade4:	930a      	str	r3, [sp, #40]	@ 0x28
3418ade6:	f89d 0067 	ldrb.w	r0, [sp, #103]	@ 0x67
3418adea:	bfb8      	it	lt
3418adec:	4653      	movlt	r3, sl
3418adee:	f8cd c03c 	str.w	ip, [sp, #60]	@ 0x3c
3418adf2:	920d      	str	r2, [sp, #52]	@ 0x34
3418adf4:	9304      	str	r3, [sp, #16]
3418adf6:	f7ff b886 	b.w	34189f06 <_vfprintf_r+0x5d6>
3418adfa:	46b0      	mov	r8, r6
3418adfc:	3301      	adds	r3, #1
3418adfe:	4422      	add	r2, r4
3418ae00:	f8c7 8000 	str.w	r8, [r7]
3418ae04:	2b07      	cmp	r3, #7
3418ae06:	607c      	str	r4, [r7, #4]
3418ae08:	e9cd 3227 	strd	r3, r2, [sp, #156]	@ 0x9c
3418ae0c:	f77e af65 	ble.w	34189cda <_vfprintf_r+0x3aa>
3418ae10:	f7ff bb15 	b.w	3418a43e <_vfprintf_r+0xb0e>
3418ae14:	2002      	movs	r0, #2
3418ae16:	4e83      	ldr	r6, [pc, #524]	@ (3418b024 <_vfprintf_r+0x16f4>)
3418ae18:	2478      	movs	r4, #120	@ 0x78
3418ae1a:	900d      	str	r0, [sp, #52]	@ 0x34
3418ae1c:	e70c      	b.n	3418ac38 <_vfprintf_r+0x1308>
3418ae1e:	9a0b      	ldr	r2, [sp, #44]	@ 0x2c
3418ae20:	9907      	ldr	r1, [sp, #28]
3418ae22:	6812      	ldr	r2, [r2, #0]
3418ae24:	6011      	str	r1, [r2, #0]
3418ae26:	f7ff b91a 	b.w	3418a05e <_vfprintf_r+0x72e>
3418ae2a:	990c      	ldr	r1, [sp, #48]	@ 0x30
3418ae2c:	2900      	cmp	r1, #0
3418ae2e:	f000 80e6 	beq.w	3418affe <_vfprintf_r+0x16ce>
3418ae32:	f8dd c09c 	ldr.w	ip, [sp, #156]	@ 0x9c
3418ae36:	af29      	add	r7, sp, #164	@ 0xa4
3418ae38:	930c      	str	r3, [sp, #48]	@ 0x30
3418ae3a:	f7fe bf27 	b.w	34189c8c <_vfprintf_r+0x35c>
3418ae3e:	2c10      	cmp	r4, #16
3418ae40:	9b27      	ldr	r3, [sp, #156]	@ 0x9c
3418ae42:	f340 85ad 	ble.w	3418b9a0 <_vfprintf_r+0x2070>
3418ae46:	46a8      	mov	r8, r5
3418ae48:	2610      	movs	r6, #16
3418ae4a:	f8dd a00c 	ldr.w	sl, [sp, #12]
3418ae4e:	4d76      	ldr	r5, [pc, #472]	@ (3418b028 <_vfprintf_r+0x16f8>)
3418ae50:	e003      	b.n	3418ae5a <_vfprintf_r+0x152a>
3418ae52:	3c10      	subs	r4, #16
3418ae54:	2c10      	cmp	r4, #16
3418ae56:	f340 8140 	ble.w	3418b0da <_vfprintf_r+0x17aa>
3418ae5a:	3301      	adds	r3, #1
3418ae5c:	3210      	adds	r2, #16
3418ae5e:	2b07      	cmp	r3, #7
3418ae60:	e9c7 5600 	strd	r5, r6, [r7]
3418ae64:	e9cd 3227 	strd	r3, r2, [sp, #156]	@ 0x9c
3418ae68:	f107 0708 	add.w	r7, r7, #8
3418ae6c:	ddf1      	ble.n	3418ae52 <_vfprintf_r+0x1522>
3418ae6e:	aa26      	add	r2, sp, #152	@ 0x98
3418ae70:	4651      	mov	r1, sl
3418ae72:	4658      	mov	r0, fp
3418ae74:	f001 f97c 	bl	3418c170 <__sprint_r>
3418ae78:	2800      	cmp	r0, #0
3418ae7a:	f47e aea4 	bne.w	34189bc6 <_vfprintf_r+0x296>
3418ae7e:	af29      	add	r7, sp, #164	@ 0xa4
3418ae80:	e9dd 3227 	ldrd	r3, r2, [sp, #156]	@ 0x9c
3418ae84:	e7e5      	b.n	3418ae52 <_vfprintf_r+0x1522>
3418ae86:	46b8      	mov	r8, r7
3418ae88:	3301      	adds	r3, #1
3418ae8a:	4432      	add	r2, r6
3418ae8c:	f8c1 8000 	str.w	r8, [r1]
3418ae90:	2b07      	cmp	r3, #7
3418ae92:	604e      	str	r6, [r1, #4]
3418ae94:	e9cd 3227 	strd	r3, r2, [sp, #156]	@ 0x9c
3418ae98:	f77f ab0c 	ble.w	3418a4b4 <_vfprintf_r+0xb84>
3418ae9c:	f7ff bbd2 	b.w	3418a644 <_vfprintf_r+0xd14>
3418aea0:	9802      	ldr	r0, [sp, #8]
3418aea2:	f410 7500 	ands.w	r5, r0, #512	@ 0x200
3418aea6:	950d      	str	r5, [sp, #52]	@ 0x34
3418aea8:	f040 80c6 	bne.w	3418b038 <_vfprintf_r+0x1708>
3418aeac:	990d      	ldr	r1, [sp, #52]	@ 0x34
3418aeae:	f1ba 0f00 	cmp.w	sl, #0
3418aeb2:	461e      	mov	r6, r3
3418aeb4:	4688      	mov	r8, r1
3418aeb6:	f88d 1067 	strb.w	r1, [sp, #103]	@ 0x67
3418aeba:	f2c0 80cf 	blt.w	3418b05c <_vfprintf_r+0x172c>
3418aebe:	9902      	ldr	r1, [sp, #8]
3418aec0:	920b      	str	r2, [sp, #44]	@ 0x2c
3418aec2:	f021 0180 	bic.w	r1, r1, #128	@ 0x80
3418aec6:	9102      	str	r1, [sp, #8]
3418aec8:	f47f a808 	bne.w	34189edc <_vfprintf_r+0x5ac>
3418aecc:	2b00      	cmp	r3, #0
3418aece:	f43f a86e 	beq.w	34189fae <_vfprintf_r+0x67e>
3418aed2:	f7ff b803 	b.w	34189edc <_vfprintf_r+0x5ac>
3418aed6:	9802      	ldr	r0, [sp, #8]
3418aed8:	f410 7100 	ands.w	r1, r0, #512	@ 0x200
3418aedc:	f000 80b7 	beq.w	3418b04e <_vfprintf_r+0x171e>
3418aee0:	b2db      	uxtb	r3, r3
3418aee2:	2100      	movs	r1, #0
3418aee4:	920b      	str	r2, [sp, #44]	@ 0x2c
3418aee6:	f7ff b88d 	b.w	3418a004 <_vfprintf_r+0x6d4>
3418aeea:	9b02      	ldr	r3, [sp, #8]
3418aeec:	920b      	str	r2, [sp, #44]	@ 0x2c
3418aeee:	0598      	lsls	r0, r3, #22
3418aef0:	f140 8091 	bpl.w	3418b016 <_vfprintf_r+0x16e6>
3418aef4:	f346 18c0 	sbfx	r8, r6, #7, #1
3418aef8:	b276      	sxtb	r6, r6
3418aefa:	4643      	mov	r3, r8
3418aefc:	f7fe bf56 	b.w	34189dac <_vfprintf_r+0x47c>
3418af00:	9b02      	ldr	r3, [sp, #8]
3418af02:	f1ba 3fff 	cmp.w	sl, #4294967295	@ 0xffffffff
3418af06:	f443 7380 	orr.w	r3, r3, #256	@ 0x100
3418af0a:	930c      	str	r3, [sp, #48]	@ 0x30
3418af0c:	ee18 3a90 	vmov	r3, s17
3418af10:	f000 80c4 	beq.w	3418b09c <_vfprintf_r+0x176c>
3418af14:	f1ba 0f00 	cmp.w	sl, #0
3418af18:	d102      	bne.n	3418af20 <_vfprintf_r+0x15f0>
3418af1a:	2e47      	cmp	r6, #71	@ 0x47
3418af1c:	f000 84cb 	beq.w	3418b8b6 <_vfprintf_r+0x1f86>
3418af20:	2b00      	cmp	r3, #0
3418af22:	f2c0 83e7 	blt.w	3418b6f4 <_vfprintf_r+0x1dc4>
3418af26:	eeb0 7b48 	vmov.f64	d7, d8
3418af2a:	f04f 0800 	mov.w	r8, #0
3418af2e:	2c65      	cmp	r4, #101	@ 0x65
3418af30:	f000 8302 	beq.w	3418b538 <_vfprintf_r+0x1c08>
3418af34:	f300 81b6 	bgt.w	3418b2a4 <_vfprintf_r+0x1974>
3418af38:	2c45      	cmp	r4, #69	@ 0x45
3418af3a:	f000 82fd 	beq.w	3418b538 <_vfprintf_r+0x1c08>
3418af3e:	2c46      	cmp	r4, #70	@ 0x46
3418af40:	f040 81b3 	bne.w	3418b2aa <_vfprintf_r+0x197a>
3418af44:	2103      	movs	r1, #3
3418af46:	f8cd a03c 	str.w	sl, [sp, #60]	@ 0x3c
3418af4a:	ab24      	add	r3, sp, #144	@ 0x90
3418af4c:	eeb0 0b47 	vmov.f64	d0, d7
3418af50:	9a0f      	ldr	r2, [sp, #60]	@ 0x3c
3418af52:	4658      	mov	r0, fp
3418af54:	9301      	str	r3, [sp, #4]
3418af56:	ab1d      	add	r3, sp, #116	@ 0x74
3418af58:	9300      	str	r3, [sp, #0]
3418af5a:	ab1b      	add	r3, sp, #108	@ 0x6c
3418af5c:	ed8d 7b04 	vstr	d7, [sp, #16]
3418af60:	f001 fcde 	bl	3418c920 <_dtoa_r>
3418af64:	9b0f      	ldr	r3, [sp, #60]	@ 0x3c
3418af66:	2e46      	cmp	r6, #70	@ 0x46
3418af68:	4605      	mov	r5, r0
3418af6a:	eb00 0103 	add.w	r1, r0, r3
3418af6e:	ed9d 7b04 	vldr	d7, [sp, #16]
3418af72:	f040 83d3 	bne.w	3418b71c <_vfprintf_r+0x1dec>
3418af76:	782b      	ldrb	r3, [r5, #0]
3418af78:	2b30      	cmp	r3, #48	@ 0x30
3418af7a:	f000 83c5 	beq.w	3418b708 <_vfprintf_r+0x1dd8>
3418af7e:	eeb5 7b40 	vcmp.f64	d7, #0.0
3418af82:	9a1b      	ldr	r2, [sp, #108]	@ 0x6c
3418af84:	4411      	add	r1, r2
3418af86:	eef1 fa10 	vmrs	APSR_nzcv, fpscr
3418af8a:	f040 84bc 	bne.w	3418b906 <_vfprintf_r+0x1fd6>
3418af8e:	920d      	str	r2, [sp, #52]	@ 0x34
3418af90:	1b4b      	subs	r3, r1, r5
3418af92:	930f      	str	r3, [sp, #60]	@ 0x3c
3418af94:	9b02      	ldr	r3, [sp, #8]
3418af96:	9a0d      	ldr	r2, [sp, #52]	@ 0x34
3418af98:	f003 0301 	and.w	r3, r3, #1
3418af9c:	2a00      	cmp	r2, #0
3418af9e:	ea43 030a 	orr.w	r3, r3, sl
3418afa2:	f340 84da 	ble.w	3418b95a <_vfprintf_r+0x202a>
3418afa6:	2b00      	cmp	r3, #0
3418afa8:	f040 83f0 	bne.w	3418b78c <_vfprintf_r+0x1e5c>
3418afac:	9b0d      	ldr	r3, [sp, #52]	@ 0x34
3418afae:	2466      	movs	r4, #102	@ 0x66
3418afb0:	930a      	str	r3, [sp, #40]	@ 0x28
3418afb2:	9b02      	ldr	r3, [sp, #8]
3418afb4:	055b      	lsls	r3, r3, #21
3418afb6:	f100 83ca 	bmi.w	3418b74e <_vfprintf_r+0x1e1e>
3418afba:	9b0a      	ldr	r3, [sp, #40]	@ 0x28
3418afbc:	ea23 73e3 	bic.w	r3, r3, r3, asr #31
3418afc0:	9304      	str	r3, [sp, #16]
3418afc2:	f1b8 0f00 	cmp.w	r8, #0
3418afc6:	f000 82a6 	beq.w	3418b516 <_vfprintf_r+0x1be6>
3418afca:	9b04      	ldr	r3, [sp, #16]
3418afcc:	2200      	movs	r2, #0
3418afce:	3301      	adds	r3, #1
3418afd0:	4692      	mov	sl, r2
3418afd2:	9209      	str	r2, [sp, #36]	@ 0x24
3418afd4:	9304      	str	r3, [sp, #16]
3418afd6:	9b0c      	ldr	r3, [sp, #48]	@ 0x30
3418afd8:	9210      	str	r2, [sp, #64]	@ 0x40
3418afda:	9302      	str	r3, [sp, #8]
3418afdc:	232d      	movs	r3, #45	@ 0x2d
3418afde:	920e      	str	r2, [sp, #56]	@ 0x38
3418afe0:	f88d 3067 	strb.w	r3, [sp, #103]	@ 0x67
3418afe4:	f7fe be33 	b.w	34189c4e <_vfprintf_r+0x31e>
3418afe8:	ad52      	add	r5, sp, #328	@ 0x148
3418afea:	9009      	str	r0, [sp, #36]	@ 0x24
3418afec:	900a      	str	r0, [sp, #40]	@ 0x28
3418afee:	f8cd a040 	str.w	sl, [sp, #64]	@ 0x40
3418aff2:	f8cd a010 	str.w	sl, [sp, #16]
3418aff6:	e9cd aa0d 	strd	sl, sl, [sp, #52]	@ 0x34
3418affa:	f7fe be28 	b.w	34189c4e <_vfprintf_r+0x31e>
3418affe:	af29      	add	r7, sp, #164	@ 0xa4
3418b000:	f7fe be56 	b.w	34189cb0 <_vfprintf_r+0x380>
3418b004:	441d      	add	r5, r3
3418b006:	1b1c      	subs	r4, r3, r4
3418b008:	eba5 050a 	sub.w	r5, r5, sl
3418b00c:	42a5      	cmp	r5, r4
3418b00e:	bfa8      	it	ge
3418b010:	4625      	movge	r5, r4
3418b012:	f7ff bba1 	b.w	3418a758 <_vfprintf_r+0xe28>
3418b016:	ea4f 78e6 	mov.w	r8, r6, asr #31
3418b01a:	4643      	mov	r3, r8
3418b01c:	f7fe bec6 	b.w	34189dac <_vfprintf_r+0x47c>
3418b020:	cccccccd 	.word	0xcccccccd
3418b024:	3418fe84 	.word	0x3418fe84
3418b028:	3419013c 	.word	0x3419013c
3418b02c:	9a0b      	ldr	r2, [sp, #44]	@ 0x2c
3418b02e:	9907      	ldr	r1, [sp, #28]
3418b030:	6812      	ldr	r2, [r2, #0]
3418b032:	8011      	strh	r1, [r2, #0]
3418b034:	f7ff b813 	b.w	3418a05e <_vfprintf_r+0x72e>
3418b038:	f04f 0800 	mov.w	r8, #0
3418b03c:	b2db      	uxtb	r3, r3
3418b03e:	f88d 1067 	strb.w	r1, [sp, #103]	@ 0x67
3418b042:	45c2      	cmp	sl, r8
3418b044:	461e      	mov	r6, r3
3418b046:	db09      	blt.n	3418b05c <_vfprintf_r+0x172c>
3418b048:	f020 0180 	bic.w	r1, r0, #128	@ 0x80
3418b04c:	e4cd      	b.n	3418a9ea <_vfprintf_r+0x10ba>
3418b04e:	9802      	ldr	r0, [sp, #8]
3418b050:	920b      	str	r2, [sp, #44]	@ 0x2c
3418b052:	f7fe bfd7 	b.w	3418a004 <_vfprintf_r+0x6d4>
3418b056:	b2db      	uxtb	r3, r3
3418b058:	2100      	movs	r1, #0
3418b05a:	e4fa      	b.n	3418aa52 <_vfprintf_r+0x1122>
3418b05c:	920b      	str	r2, [sp, #44]	@ 0x2c
3418b05e:	f7fe bf3d 	b.w	34189edc <_vfprintf_r+0x5ac>
3418b062:	aa26      	add	r2, sp, #152	@ 0x98
3418b064:	9903      	ldr	r1, [sp, #12]
3418b066:	4658      	mov	r0, fp
3418b068:	f001 f882 	bl	3418c170 <__sprint_r>
3418b06c:	2800      	cmp	r0, #0
3418b06e:	f43e ad94 	beq.w	34189b9a <_vfprintf_r+0x26a>
3418b072:	f7fe bdae 	b.w	34189bd2 <_vfprintf_r+0x2a2>
3418b076:	4628      	mov	r0, r5
3418b078:	f7fc fa7e 	bl	34187578 <strlen>
3418b07c:	f89d 3067 	ldrb.w	r3, [sp, #103]	@ 0x67
3418b080:	ea20 72e0 	bic.w	r2, r0, r0, asr #31
3418b084:	900a      	str	r0, [sp, #40]	@ 0x28
3418b086:	9204      	str	r2, [sp, #16]
3418b088:	2b00      	cmp	r3, #0
3418b08a:	f43e aefa 	beq.w	34189e82 <_vfprintf_r+0x552>
3418b08e:	f7fe bef6 	b.w	34189e7e <_vfprintf_r+0x54e>
3418b092:	6d88      	ldr	r0, [r1, #88]	@ 0x58
3418b094:	f7fc f9f8 	bl	34187488 <__retarget_lock_release_recursive>
3418b098:	f7fe bd50 	b.w	34189b3c <_vfprintf_r+0x20c>
3418b09c:	2b00      	cmp	r3, #0
3418b09e:	f2c0 8418 	blt.w	3418b8d2 <_vfprintf_r+0x1fa2>
3418b0a2:	eeb0 7b48 	vmov.f64	d7, d8
3418b0a6:	f04f 0800 	mov.w	r8, #0
3418b0aa:	f04f 0a06 	mov.w	sl, #6
3418b0ae:	e73e      	b.n	3418af2e <_vfprintf_r+0x15fe>
3418b0b0:	f10a 0101 	add.w	r1, sl, #1
3418b0b4:	4658      	mov	r0, fp
3418b0b6:	f7fb fbc5 	bl	34186844 <_malloc_r>
3418b0ba:	4605      	mov	r5, r0
3418b0bc:	2800      	cmp	r0, #0
3418b0be:	f000 8473 	beq.w	3418b9a8 <_vfprintf_r+0x2078>
3418b0c2:	ee18 3a90 	vmov	r3, s17
3418b0c6:	2b00      	cmp	r3, #0
3418b0c8:	f2c0 8416 	blt.w	3418b8f8 <_vfprintf_r+0x1fc8>
3418b0cc:	eeb0 0b48 	vmov.f64	d0, d8
3418b0d0:	f04f 0800 	mov.w	r8, #0
3418b0d4:	9009      	str	r0, [sp, #36]	@ 0x24
3418b0d6:	f7ff bbc4 	b.w	3418a862 <_vfprintf_r+0xf32>
3418b0da:	4629      	mov	r1, r5
3418b0dc:	4645      	mov	r5, r8
3418b0de:	4688      	mov	r8, r1
3418b0e0:	3301      	adds	r3, #1
3418b0e2:	4422      	add	r2, r4
3418b0e4:	f8c7 8000 	str.w	r8, [r7]
3418b0e8:	2b07      	cmp	r3, #7
3418b0ea:	607c      	str	r4, [r7, #4]
3418b0ec:	e9cd 3227 	strd	r3, r2, [sp, #156]	@ 0x9c
3418b0f0:	f300 828c 	bgt.w	3418b60c <_vfprintf_r+0x1cdc>
3418b0f4:	3708      	adds	r7, #8
3418b0f6:	f7ff bafd 	b.w	3418a6f4 <_vfprintf_r+0xdc4>
3418b0fa:	ab24      	add	r3, sp, #144	@ 0x90
3418b0fc:	aa1d      	add	r2, sp, #116	@ 0x74
3418b0fe:	4658      	mov	r0, fp
3418b100:	9300      	str	r3, [sp, #0]
3418b102:	2300      	movs	r3, #0
3418b104:	4619      	mov	r1, r3
3418b106:	f001 fb1b 	bl	3418c740 <_wcsrtombs_r>
3418b10a:	900a      	str	r0, [sp, #40]	@ 0x28
3418b10c:	3001      	adds	r0, #1
3418b10e:	f000 82ab 	beq.w	3418b668 <_vfprintf_r+0x1d38>
3418b112:	951d      	str	r5, [sp, #116]	@ 0x74
3418b114:	e5c7      	b.n	3418aca6 <_vfprintf_r+0x1376>
3418b116:	9d02      	ldr	r5, [sp, #8]
3418b118:	920b      	str	r2, [sp, #44]	@ 0x2c
3418b11a:	f425 6580 	bic.w	r5, r5, #1024	@ 0x400
3418b11e:	f045 0202 	orr.w	r2, r5, #2
3418b122:	9202      	str	r2, [sp, #8]
3418b124:	2202      	movs	r2, #2
3418b126:	920d      	str	r2, [sp, #52]	@ 0x34
3418b128:	e4be      	b.n	3418aaa8 <_vfprintf_r+0x1178>
3418b12a:	920b      	str	r2, [sp, #44]	@ 0x2c
3418b12c:	f7fe bed5 	b.w	34189eda <_vfprintf_r+0x5aa>
3418b130:	9b0e      	ldr	r3, [sp, #56]	@ 0x38
3418b132:	9810      	ldr	r0, [sp, #64]	@ 0x40
3418b134:	4303      	orrs	r3, r0
3418b136:	9b0f      	ldr	r3, [sp, #60]	@ 0x3c
3418b138:	442b      	add	r3, r5
3418b13a:	f000 8469 	beq.w	3418ba10 <_vfprintf_r+0x20e0>
3418b13e:	4656      	mov	r6, sl
3418b140:	4639      	mov	r1, r7
3418b142:	f8df 8410 	ldr.w	r8, [pc, #1040]	@ 3418b554 <_vfprintf_r+0x1c24>
3418b146:	4607      	mov	r7, r0
3418b148:	f8dd a058 	ldr.w	sl, [sp, #88]	@ 0x58
3418b14c:	9517      	str	r5, [sp, #92]	@ 0x5c
3418b14e:	2f00      	cmp	r7, #0
3418b150:	dc32      	bgt.n	3418b1b8 <_vfprintf_r+0x1888>
3418b152:	980e      	ldr	r0, [sp, #56]	@ 0x38
3418b154:	f10a 3aff 	add.w	sl, sl, #4294967295	@ 0xffffffff
3418b158:	3801      	subs	r0, #1
3418b15a:	900e      	str	r0, [sp, #56]	@ 0x38
3418b15c:	9814      	ldr	r0, [sp, #80]	@ 0x50
3418b15e:	9c15      	ldr	r4, [sp, #84]	@ 0x54
3418b160:	4402      	add	r2, r0
3418b162:	e9c1 4000 	strd	r4, r0, [r1]
3418b166:	9827      	ldr	r0, [sp, #156]	@ 0x9c
3418b168:	9228      	str	r2, [sp, #160]	@ 0xa0
3418b16a:	3001      	adds	r0, #1
3418b16c:	2807      	cmp	r0, #7
3418b16e:	9027      	str	r0, [sp, #156]	@ 0x9c
3418b170:	dc47      	bgt.n	3418b202 <_vfprintf_r+0x18d2>
3418b172:	3108      	adds	r1, #8
3418b174:	1b9d      	subs	r5, r3, r6
3418b176:	f89a 0000 	ldrb.w	r0, [sl]
3418b17a:	930a      	str	r3, [sp, #40]	@ 0x28
3418b17c:	4285      	cmp	r5, r0
3418b17e:	bfa8      	it	ge
3418b180:	4605      	movge	r5, r0
3418b182:	2d00      	cmp	r5, #0
3418b184:	dd0b      	ble.n	3418b19e <_vfprintf_r+0x186e>
3418b186:	9827      	ldr	r0, [sp, #156]	@ 0x9c
3418b188:	442a      	add	r2, r5
3418b18a:	3001      	adds	r0, #1
3418b18c:	9228      	str	r2, [sp, #160]	@ 0xa0
3418b18e:	2807      	cmp	r0, #7
3418b190:	9027      	str	r0, [sp, #156]	@ 0x9c
3418b192:	e9c1 6500 	strd	r6, r5, [r1]
3418b196:	dc52      	bgt.n	3418b23e <_vfprintf_r+0x190e>
3418b198:	3108      	adds	r1, #8
3418b19a:	f89a 0000 	ldrb.w	r0, [sl]
3418b19e:	2d00      	cmp	r5, #0
3418b1a0:	bfac      	ite	ge
3418b1a2:	1b44      	subge	r4, r0, r5
3418b1a4:	4604      	movlt	r4, r0
3418b1a6:	2c00      	cmp	r4, #0
3418b1a8:	dc08      	bgt.n	3418b1bc <_vfprintf_r+0x188c>
3418b1aa:	4406      	add	r6, r0
3418b1ac:	980e      	ldr	r0, [sp, #56]	@ 0x38
3418b1ae:	2800      	cmp	r0, #0
3418b1b0:	dccd      	bgt.n	3418b14e <_vfprintf_r+0x181e>
3418b1b2:	2f00      	cmp	r7, #0
3418b1b4:	f340 8365 	ble.w	3418b882 <_vfprintf_r+0x1f52>
3418b1b8:	3f01      	subs	r7, #1
3418b1ba:	e7cf      	b.n	3418b15c <_vfprintf_r+0x182c>
3418b1bc:	2c10      	cmp	r4, #16
3418b1be:	9827      	ldr	r0, [sp, #156]	@ 0x9c
3418b1c0:	f340 83aa 	ble.w	3418b918 <_vfprintf_r+0x1fe8>
3418b1c4:	2510      	movs	r5, #16
3418b1c6:	9310      	str	r3, [sp, #64]	@ 0x40
3418b1c8:	e9cd 680c 	strd	r6, r8, [sp, #48]	@ 0x30
3418b1cc:	9e03      	ldr	r6, [sp, #12]
3418b1ce:	e002      	b.n	3418b1d6 <_vfprintf_r+0x18a6>
3418b1d0:	3c10      	subs	r4, #16
3418b1d2:	2c10      	cmp	r4, #16
3418b1d4:	dd22      	ble.n	3418b21c <_vfprintf_r+0x18ec>
3418b1d6:	3001      	adds	r0, #1
3418b1d8:	3210      	adds	r2, #16
3418b1da:	2807      	cmp	r0, #7
3418b1dc:	e9c1 8500 	strd	r8, r5, [r1]
3418b1e0:	e9cd 0227 	strd	r0, r2, [sp, #156]	@ 0x9c
3418b1e4:	f101 0108 	add.w	r1, r1, #8
3418b1e8:	ddf2      	ble.n	3418b1d0 <_vfprintf_r+0x18a0>
3418b1ea:	aa26      	add	r2, sp, #152	@ 0x98
3418b1ec:	4631      	mov	r1, r6
3418b1ee:	4658      	mov	r0, fp
3418b1f0:	f000 ffbe 	bl	3418c170 <__sprint_r>
3418b1f4:	2800      	cmp	r0, #0
3418b1f6:	f47e ace6 	bne.w	34189bc6 <_vfprintf_r+0x296>
3418b1fa:	a929      	add	r1, sp, #164	@ 0xa4
3418b1fc:	e9dd 0227 	ldrd	r0, r2, [sp, #156]	@ 0x9c
3418b200:	e7e6      	b.n	3418b1d0 <_vfprintf_r+0x18a0>
3418b202:	aa26      	add	r2, sp, #152	@ 0x98
3418b204:	9903      	ldr	r1, [sp, #12]
3418b206:	4658      	mov	r0, fp
3418b208:	930a      	str	r3, [sp, #40]	@ 0x28
3418b20a:	f000 ffb1 	bl	3418c170 <__sprint_r>
3418b20e:	2800      	cmp	r0, #0
3418b210:	f47e acd9 	bne.w	34189bc6 <_vfprintf_r+0x296>
3418b214:	9a28      	ldr	r2, [sp, #160]	@ 0xa0
3418b216:	a929      	add	r1, sp, #164	@ 0xa4
3418b218:	9b0a      	ldr	r3, [sp, #40]	@ 0x28
3418b21a:	e7ab      	b.n	3418b174 <_vfprintf_r+0x1844>
3418b21c:	e9dd 6c0c 	ldrd	r6, ip, [sp, #48]	@ 0x30
3418b220:	9b10      	ldr	r3, [sp, #64]	@ 0x40
3418b222:	3001      	adds	r0, #1
3418b224:	4422      	add	r2, r4
3418b226:	f8c1 c000 	str.w	ip, [r1]
3418b22a:	2807      	cmp	r0, #7
3418b22c:	604c      	str	r4, [r1, #4]
3418b22e:	e9cd 0227 	strd	r0, r2, [sp, #156]	@ 0x9c
3418b232:	f300 80f8 	bgt.w	3418b426 <_vfprintf_r+0x1af6>
3418b236:	3108      	adds	r1, #8
3418b238:	f89a 0000 	ldrb.w	r0, [sl]
3418b23c:	e7b5      	b.n	3418b1aa <_vfprintf_r+0x187a>
3418b23e:	aa26      	add	r2, sp, #152	@ 0x98
3418b240:	9903      	ldr	r1, [sp, #12]
3418b242:	4658      	mov	r0, fp
3418b244:	930c      	str	r3, [sp, #48]	@ 0x30
3418b246:	f000 ff93 	bl	3418c170 <__sprint_r>
3418b24a:	2800      	cmp	r0, #0
3418b24c:	f47e acbb 	bne.w	34189bc6 <_vfprintf_r+0x296>
3418b250:	f89a 0000 	ldrb.w	r0, [sl]
3418b254:	a929      	add	r1, sp, #164	@ 0xa4
3418b256:	9a28      	ldr	r2, [sp, #160]	@ 0xa0
3418b258:	9b0c      	ldr	r3, [sp, #48]	@ 0x30
3418b25a:	e7a0      	b.n	3418b19e <_vfprintf_r+0x186e>
3418b25c:	232d      	movs	r3, #45	@ 0x2d
3418b25e:	2203      	movs	r2, #3
3418b260:	2c47      	cmp	r4, #71	@ 0x47
3418b262:	f88d 3067 	strb.w	r3, [sp, #103]	@ 0x67
3418b266:	f04f 0300 	mov.w	r3, #0
3418b26a:	e9cd 3209 	strd	r3, r2, [sp, #36]	@ 0x24
3418b26e:	f340 8189 	ble.w	3418b584 <_vfprintf_r+0x1c54>
3418b272:	4db6      	ldr	r5, [pc, #728]	@ (3418b54c <_vfprintf_r+0x1c1c>)
3418b274:	2204      	movs	r2, #4
3418b276:	469a      	mov	sl, r3
3418b278:	9310      	str	r3, [sp, #64]	@ 0x40
3418b27a:	9204      	str	r2, [sp, #16]
3418b27c:	e9cd 330d 	strd	r3, r3, [sp, #52]	@ 0x34
3418b280:	f7fe bce5 	b.w	34189c4e <_vfprintf_r+0x31e>
3418b284:	f89d 3067 	ldrb.w	r3, [sp, #103]	@ 0x67
3418b288:	f8cd 802c 	str.w	r8, [sp, #44]	@ 0x2c
3418b28c:	3b00      	subs	r3, #0
3418b28e:	bf18      	it	ne
3418b290:	2301      	movne	r3, #1
3418b292:	9304      	str	r3, [sp, #16]
3418b294:	9b0a      	ldr	r3, [sp, #40]	@ 0x28
3418b296:	469a      	mov	sl, r3
3418b298:	9310      	str	r3, [sp, #64]	@ 0x40
3418b29a:	9309      	str	r3, [sp, #36]	@ 0x24
3418b29c:	e9cd 330d 	strd	r3, r3, [sp, #52]	@ 0x34
3418b2a0:	f7fe bcd5 	b.w	34189c4e <_vfprintf_r+0x31e>
3418b2a4:	2c66      	cmp	r4, #102	@ 0x66
3418b2a6:	f43f ae4d 	beq.w	3418af44 <_vfprintf_r+0x1614>
3418b2aa:	ab24      	add	r3, sp, #144	@ 0x90
3418b2ac:	2102      	movs	r1, #2
3418b2ae:	eeb0 0b47 	vmov.f64	d0, d7
3418b2b2:	4652      	mov	r2, sl
3418b2b4:	9301      	str	r3, [sp, #4]
3418b2b6:	ab1d      	add	r3, sp, #116	@ 0x74
3418b2b8:	4658      	mov	r0, fp
3418b2ba:	9300      	str	r3, [sp, #0]
3418b2bc:	ab1b      	add	r3, sp, #108	@ 0x6c
3418b2be:	ed8d 7b04 	vstr	d7, [sp, #16]
3418b2c2:	f001 fb2d 	bl	3418c920 <_dtoa_r>
3418b2c6:	9b02      	ldr	r3, [sp, #8]
3418b2c8:	4605      	mov	r5, r0
3418b2ca:	07d9      	lsls	r1, r3, #31
3418b2cc:	d55d      	bpl.n	3418b38a <_vfprintf_r+0x1a5a>
3418b2ce:	ed9d 7b04 	vldr	d7, [sp, #16]
3418b2d2:	eeb5 7b40 	vcmp.f64	d7, #0.0
3418b2d6:	eef1 fa10 	vmrs	APSR_nzcv, fpscr
3418b2da:	f000 82e7 	beq.w	3418b8ac <_vfprintf_r+0x1f7c>
3418b2de:	eb00 010a 	add.w	r1, r0, sl
3418b2e2:	9b24      	ldr	r3, [sp, #144]	@ 0x90
3418b2e4:	4299      	cmp	r1, r3
3418b2e6:	f240 838e 	bls.w	3418ba06 <_vfprintf_r+0x20d6>
3418b2ea:	2030      	movs	r0, #48	@ 0x30
3418b2ec:	1c5a      	adds	r2, r3, #1
3418b2ee:	9224      	str	r2, [sp, #144]	@ 0x90
3418b2f0:	7018      	strb	r0, [r3, #0]
3418b2f2:	9b24      	ldr	r3, [sp, #144]	@ 0x90
3418b2f4:	428b      	cmp	r3, r1
3418b2f6:	d3f9      	bcc.n	3418b2ec <_vfprintf_r+0x19bc>
3418b2f8:	1b5b      	subs	r3, r3, r5
3418b2fa:	2e47      	cmp	r6, #71	@ 0x47
3418b2fc:	930f      	str	r3, [sp, #60]	@ 0x3c
3418b2fe:	9b1b      	ldr	r3, [sp, #108]	@ 0x6c
3418b300:	930d      	str	r3, [sp, #52]	@ 0x34
3418b302:	d047      	beq.n	3418b394 <_vfprintf_r+0x1a64>
3418b304:	2e46      	cmp	r6, #70	@ 0x46
3418b306:	f43f ae45 	beq.w	3418af94 <_vfprintf_r+0x1664>
3418b30a:	9b0d      	ldr	r3, [sp, #52]	@ 0x34
3418b30c:	f88d 4078 	strb.w	r4, [sp, #120]	@ 0x78
3418b310:	3b01      	subs	r3, #1
3418b312:	2b00      	cmp	r3, #0
3418b314:	931b      	str	r3, [sp, #108]	@ 0x6c
3418b316:	f2c0 826d 	blt.w	3418b7f4 <_vfprintf_r+0x1ec4>
3418b31a:	222b      	movs	r2, #43	@ 0x2b
3418b31c:	2b09      	cmp	r3, #9
3418b31e:	f88d 2079 	strb.w	r2, [sp, #121]	@ 0x79
3418b322:	f340 8270 	ble.w	3418b806 <_vfprintf_r+0x1ed6>
3418b326:	2200      	movs	r2, #0
3418b328:	9209      	str	r2, [sp, #36]	@ 0x24
3418b32a:	f10d 0e87 	add.w	lr, sp, #135	@ 0x87
3418b32e:	f8df a220 	ldr.w	sl, [pc, #544]	@ 3418b550 <_vfprintf_r+0x1c20>
3418b332:	4676      	mov	r6, lr
3418b334:	fbaa 2c03 	umull	r2, ip, sl, r3
3418b338:	4630      	mov	r0, r6
3418b33a:	2b63      	cmp	r3, #99	@ 0x63
3418b33c:	f106 36ff 	add.w	r6, r6, #4294967295	@ 0xffffffff
3418b340:	ea4f 0cdc 	mov.w	ip, ip, lsr #3
3418b344:	eb0c 028c 	add.w	r2, ip, ip, lsl #2
3418b348:	eba3 0242 	sub.w	r2, r3, r2, lsl #1
3418b34c:	4663      	mov	r3, ip
3418b34e:	f102 0230 	add.w	r2, r2, #48	@ 0x30
3418b352:	f800 2c01 	strb.w	r2, [r0, #-1]
3418b356:	dced      	bgt.n	3418b334 <_vfprintf_r+0x1a04>
3418b358:	3330      	adds	r3, #48	@ 0x30
3418b35a:	f806 3c01 	strb.w	r3, [r6, #-1]
3418b35e:	1e83      	subs	r3, r0, #2
3418b360:	4573      	cmp	r3, lr
3418b362:	f080 8334 	bcs.w	3418b9ce <_vfprintf_r+0x209e>
3418b366:	f10d 0279 	add.w	r2, sp, #121	@ 0x79
3418b36a:	f813 1b01 	ldrb.w	r1, [r3], #1
3418b36e:	4573      	cmp	r3, lr
3418b370:	f802 1f01 	strb.w	r1, [r2, #1]!
3418b374:	d1f9      	bne.n	3418b36a <_vfprintf_r+0x1a3a>
3418b376:	f503 73a4 	add.w	r3, r3, #328	@ 0x148
3418b37a:	aa1e      	add	r2, sp, #120	@ 0x78
3418b37c:	446b      	add	r3, sp
3418b37e:	3bcc      	subs	r3, #204	@ 0xcc
3418b380:	1a1b      	subs	r3, r3, r0
3418b382:	1a9b      	subs	r3, r3, r2
3418b384:	9313      	str	r3, [sp, #76]	@ 0x4c
3418b386:	f7ff bae3 	b.w	3418a950 <_vfprintf_r+0x1020>
3418b38a:	9b24      	ldr	r3, [sp, #144]	@ 0x90
3418b38c:	1a1b      	subs	r3, r3, r0
3418b38e:	930f      	str	r3, [sp, #60]	@ 0x3c
3418b390:	9b1b      	ldr	r3, [sp, #108]	@ 0x6c
3418b392:	930d      	str	r3, [sp, #52]	@ 0x34
3418b394:	9b0d      	ldr	r3, [sp, #52]	@ 0x34
3418b396:	1cda      	adds	r2, r3, #3
3418b398:	db01      	blt.n	3418b39e <_vfprintf_r+0x1a6e>
3418b39a:	4553      	cmp	r3, sl
3418b39c:	dd01      	ble.n	3418b3a2 <_vfprintf_r+0x1a72>
3418b39e:	3c02      	subs	r4, #2
3418b3a0:	e7b3      	b.n	3418b30a <_vfprintf_r+0x19da>
3418b3a2:	9b0f      	ldr	r3, [sp, #60]	@ 0x3c
3418b3a4:	9a0d      	ldr	r2, [sp, #52]	@ 0x34
3418b3a6:	4293      	cmp	r3, r2
3418b3a8:	f300 811f 	bgt.w	3418b5ea <_vfprintf_r+0x1cba>
3418b3ac:	9b02      	ldr	r3, [sp, #8]
3418b3ae:	f013 0f01 	tst.w	r3, #1
3418b3b2:	9b0d      	ldr	r3, [sp, #52]	@ 0x34
3418b3b4:	f000 8174 	beq.w	3418b6a0 <_vfprintf_r+0x1d70>
3418b3b8:	9a11      	ldr	r2, [sp, #68]	@ 0x44
3418b3ba:	4413      	add	r3, r2
3418b3bc:	930a      	str	r3, [sp, #40]	@ 0x28
3418b3be:	9b02      	ldr	r3, [sp, #8]
3418b3c0:	055e      	lsls	r6, r3, #21
3418b3c2:	d503      	bpl.n	3418b3cc <_vfprintf_r+0x1a9c>
3418b3c4:	9b0d      	ldr	r3, [sp, #52]	@ 0x34
3418b3c6:	2b00      	cmp	r3, #0
3418b3c8:	f300 81c0 	bgt.w	3418b74c <_vfprintf_r+0x1e1c>
3418b3cc:	9b0a      	ldr	r3, [sp, #40]	@ 0x28
3418b3ce:	2467      	movs	r4, #103	@ 0x67
3418b3d0:	ea23 73e3 	bic.w	r3, r3, r3, asr #31
3418b3d4:	9304      	str	r3, [sp, #16]
3418b3d6:	e5f4      	b.n	3418afc2 <_vfprintf_r+0x1692>
3418b3d8:	aa26      	add	r2, sp, #152	@ 0x98
3418b3da:	9903      	ldr	r1, [sp, #12]
3418b3dc:	4658      	mov	r0, fp
3418b3de:	f000 fec7 	bl	3418c170 <__sprint_r>
3418b3e2:	2800      	cmp	r0, #0
3418b3e4:	f47e abef 	bne.w	34189bc6 <_vfprintf_r+0x296>
3418b3e8:	991b      	ldr	r1, [sp, #108]	@ 0x6c
3418b3ea:	af29      	add	r7, sp, #164	@ 0xa4
3418b3ec:	9a28      	ldr	r2, [sp, #160]	@ 0xa0
3418b3ee:	f7ff b808 	b.w	3418a402 <_vfprintf_r+0xad2>
3418b3f2:	aa26      	add	r2, sp, #152	@ 0x98
3418b3f4:	9903      	ldr	r1, [sp, #12]
3418b3f6:	4658      	mov	r0, fp
3418b3f8:	f000 feba 	bl	3418c170 <__sprint_r>
3418b3fc:	2800      	cmp	r0, #0
3418b3fe:	f47e abe2 	bne.w	34189bc6 <_vfprintf_r+0x296>
3418b402:	9a28      	ldr	r2, [sp, #160]	@ 0xa0
3418b404:	af29      	add	r7, sp, #164	@ 0xa4
3418b406:	f7ff b96e 	b.w	3418a6e6 <_vfprintf_r+0xdb6>
3418b40a:	aa26      	add	r2, sp, #152	@ 0x98
3418b40c:	9903      	ldr	r1, [sp, #12]
3418b40e:	4658      	mov	r0, fp
3418b410:	f000 feae 	bl	3418c170 <__sprint_r>
3418b414:	2800      	cmp	r0, #0
3418b416:	f47e abd6 	bne.w	34189bc6 <_vfprintf_r+0x296>
3418b41a:	991b      	ldr	r1, [sp, #108]	@ 0x6c
3418b41c:	af29      	add	r7, sp, #164	@ 0xa4
3418b41e:	e9dd 3227 	ldrd	r3, r2, [sp, #156]	@ 0x9c
3418b422:	f7fe bfff 	b.w	3418a424 <_vfprintf_r+0xaf4>
3418b426:	aa26      	add	r2, sp, #152	@ 0x98
3418b428:	9903      	ldr	r1, [sp, #12]
3418b42a:	4658      	mov	r0, fp
3418b42c:	930c      	str	r3, [sp, #48]	@ 0x30
3418b42e:	f000 fe9f 	bl	3418c170 <__sprint_r>
3418b432:	2800      	cmp	r0, #0
3418b434:	f47e abc7 	bne.w	34189bc6 <_vfprintf_r+0x296>
3418b438:	f89a 0000 	ldrb.w	r0, [sl]
3418b43c:	a929      	add	r1, sp, #164	@ 0xa4
3418b43e:	9a28      	ldr	r2, [sp, #160]	@ 0xa0
3418b440:	9b0c      	ldr	r3, [sp, #48]	@ 0x30
3418b442:	e6b2      	b.n	3418b1aa <_vfprintf_r+0x187a>
3418b444:	9b02      	ldr	r3, [sp, #8]
3418b446:	07dc      	lsls	r4, r3, #31
3418b448:	f57e ac48 	bpl.w	34189cdc <_vfprintf_r+0x3ac>
3418b44c:	9b11      	ldr	r3, [sp, #68]	@ 0x44
3418b44e:	9912      	ldr	r1, [sp, #72]	@ 0x48
3418b450:	441a      	add	r2, r3
3418b452:	e9c7 1300 	strd	r1, r3, [r7]
3418b456:	9b27      	ldr	r3, [sp, #156]	@ 0x9c
3418b458:	9228      	str	r2, [sp, #160]	@ 0xa0
3418b45a:	3301      	adds	r3, #1
3418b45c:	2b07      	cmp	r3, #7
3418b45e:	9327      	str	r3, [sp, #156]	@ 0x9c
3418b460:	dcd3      	bgt.n	3418b40a <_vfprintf_r+0x1ada>
3418b462:	3708      	adds	r7, #8
3418b464:	f7fe bfe1 	b.w	3418a42a <_vfprintf_r+0xafa>
3418b468:	aa26      	add	r2, sp, #152	@ 0x98
3418b46a:	9903      	ldr	r1, [sp, #12]
3418b46c:	4658      	mov	r0, fp
3418b46e:	f000 fe7f 	bl	3418c170 <__sprint_r>
3418b472:	2800      	cmp	r0, #0
3418b474:	f47e aba7 	bne.w	34189bc6 <_vfprintf_r+0x296>
3418b478:	9c1b      	ldr	r4, [sp, #108]	@ 0x6c
3418b47a:	af29      	add	r7, sp, #164	@ 0xa4
3418b47c:	9a28      	ldr	r2, [sp, #160]	@ 0xa0
3418b47e:	f7ff b955 	b.w	3418a72c <_vfprintf_r+0xdfc>
3418b482:	9a14      	ldr	r2, [sp, #80]	@ 0x50
3418b484:	9915      	ldr	r1, [sp, #84]	@ 0x54
3418b486:	1aaf      	subs	r7, r5, r2
3418b488:	4638      	mov	r0, r7
3418b48a:	f001 f859 	bl	3418c540 <strncpy>
3418b48e:	f89a 3001 	ldrb.w	r3, [sl, #1]
3418b492:	b10b      	cbz	r3, 3418b498 <_vfprintf_r+0x1b68>
3418b494:	f10a 0a01 	add.w	sl, sl, #1
3418b498:	eb16 0308 	adds.w	r3, r6, r8
3418b49c:	4a2c      	ldr	r2, [pc, #176]	@ (3418b550 <_vfprintf_r+0x1c20>)
3418b49e:	f04f 31cc 	mov.w	r1, #3435973836	@ 0xcccccccc
3418b4a2:	f04f 0c01 	mov.w	ip, #1
3418b4a6:	f143 0300 	adc.w	r3, r3, #0
3418b4aa:	1e7d      	subs	r5, r7, #1
3418b4ac:	fba2 0e03 	umull	r0, lr, r2, r3
3418b4b0:	f02e 0003 	bic.w	r0, lr, #3
3418b4b4:	eb00 009e 	add.w	r0, r0, lr, lsr #2
3418b4b8:	1a1b      	subs	r3, r3, r0
3418b4ba:	1af3      	subs	r3, r6, r3
3418b4bc:	f168 0800 	sbc.w	r8, r8, #0
3418b4c0:	fb03 f101 	mul.w	r1, r3, r1
3418b4c4:	fba3 3002 	umull	r3, r0, r3, r2
3418b4c8:	fb02 1108 	mla	r1, r2, r8, r1
3418b4cc:	fa23 f30c 	lsr.w	r3, r3, ip
3418b4d0:	4401      	add	r1, r0
3418b4d2:	ea43 76c1 	orr.w	r6, r3, r1, lsl #31
3418b4d6:	fa21 f80c 	lsr.w	r8, r1, ip
3418b4da:	eb16 0308 	adds.w	r3, r6, r8
3418b4de:	f143 0300 	adc.w	r3, r3, #0
3418b4e2:	fba2 1003 	umull	r1, r0, r2, r3
3418b4e6:	f020 0103 	bic.w	r1, r0, #3
3418b4ea:	eb01 0190 	add.w	r1, r1, r0, lsr #2
3418b4ee:	1a5b      	subs	r3, r3, r1
3418b4f0:	1af3      	subs	r3, r6, r3
3418b4f2:	fba3 3102 	umull	r3, r1, r3, r2
3418b4f6:	f168 0000 	sbc.w	r0, r8, #0
3418b4fa:	fa23 f30c 	lsr.w	r3, r3, ip
3418b4fe:	fb02 1200 	mla	r2, r2, r0, r1
3418b502:	ea43 73c2 	orr.w	r3, r3, r2, lsl #31
3418b506:	eb03 0383 	add.w	r3, r3, r3, lsl #2
3418b50a:	eba6 0343 	sub.w	r3, r6, r3, lsl #1
3418b50e:	3330      	adds	r3, #48	@ 0x30
3418b510:	f807 3c01 	strb.w	r3, [r7, #-1]
3418b514:	e451      	b.n	3418adba <_vfprintf_r+0x148a>
3418b516:	f89d 3067 	ldrb.w	r3, [sp, #103]	@ 0x67
3418b51a:	f8cd 8024 	str.w	r8, [sp, #36]	@ 0x24
3418b51e:	b113      	cbz	r3, 3418b526 <_vfprintf_r+0x1bf6>
3418b520:	9b04      	ldr	r3, [sp, #16]
3418b522:	3301      	adds	r3, #1
3418b524:	9304      	str	r3, [sp, #16]
3418b526:	9a0c      	ldr	r2, [sp, #48]	@ 0x30
3418b528:	46c2      	mov	sl, r8
3418b52a:	f8cd 8040 	str.w	r8, [sp, #64]	@ 0x40
3418b52e:	9202      	str	r2, [sp, #8]
3418b530:	f8cd 8038 	str.w	r8, [sp, #56]	@ 0x38
3418b534:	f7fe bb8b 	b.w	34189c4e <_vfprintf_r+0x31e>
3418b538:	f10a 0301 	add.w	r3, sl, #1
3418b53c:	2102      	movs	r1, #2
3418b53e:	930f      	str	r3, [sp, #60]	@ 0x3c
3418b540:	e503      	b.n	3418af4a <_vfprintf_r+0x161a>
3418b542:	f8df 8014 	ldr.w	r8, [pc, #20]	@ 3418b558 <_vfprintf_r+0x1c28>
3418b546:	f7ff b858 	b.w	3418a5fa <_vfprintf_r+0xcca>
3418b54a:	bf00      	nop
3418b54c:	3418fe78 	.word	0x3418fe78
3418b550:	cccccccd 	.word	0xcccccccd
3418b554:	3419013c 	.word	0x3419013c
3418b558:	3419014c 	.word	0x3419014c
3418b55c:	4615      	mov	r5, r2
3418b55e:	f04f 0a00 	mov.w	sl, #0
3418b562:	f7fe ba5f 	b.w	34189a24 <_vfprintf_r+0xf4>
3418b566:	aa26      	add	r2, sp, #152	@ 0x98
3418b568:	9903      	ldr	r1, [sp, #12]
3418b56a:	4658      	mov	r0, fp
3418b56c:	f000 fe00 	bl	3418c170 <__sprint_r>
3418b570:	2800      	cmp	r0, #0
3418b572:	f47e ab28 	bne.w	34189bc6 <_vfprintf_r+0x296>
3418b576:	9c1b      	ldr	r4, [sp, #108]	@ 0x6c
3418b578:	af29      	add	r7, sp, #164	@ 0xa4
3418b57a:	9b0f      	ldr	r3, [sp, #60]	@ 0x3c
3418b57c:	9a28      	ldr	r2, [sp, #160]	@ 0xa0
3418b57e:	1b1c      	subs	r4, r3, r4
3418b580:	f7ff b8ea 	b.w	3418a758 <_vfprintf_r+0xe28>
3418b584:	4db0      	ldr	r5, [pc, #704]	@ (3418b848 <_vfprintf_r+0x1f18>)
3418b586:	e675      	b.n	3418b274 <_vfprintf_r+0x1944>
3418b588:	2300      	movs	r3, #0
3418b58a:	ad39      	add	r5, sp, #228	@ 0xe4
3418b58c:	9309      	str	r3, [sp, #36]	@ 0x24
3418b58e:	f7ff bb9a 	b.w	3418acc6 <_vfprintf_r+0x1396>
3418b592:	424c      	negs	r4, r1
3418b594:	3110      	adds	r1, #16
3418b596:	f8df 82b8 	ldr.w	r8, [pc, #696]	@ 3418b850 <_vfprintf_r+0x1f20>
3418b59a:	da43      	bge.n	3418b624 <_vfprintf_r+0x1cf4>
3418b59c:	2610      	movs	r6, #16
3418b59e:	e002      	b.n	3418b5a6 <_vfprintf_r+0x1c76>
3418b5a0:	3c10      	subs	r4, #16
3418b5a2:	2c10      	cmp	r4, #16
3418b5a4:	dd3e      	ble.n	3418b624 <_vfprintf_r+0x1cf4>
3418b5a6:	3301      	adds	r3, #1
3418b5a8:	3210      	adds	r2, #16
3418b5aa:	2b07      	cmp	r3, #7
3418b5ac:	e9c7 8600 	strd	r8, r6, [r7]
3418b5b0:	e9cd 3227 	strd	r3, r2, [sp, #156]	@ 0x9c
3418b5b4:	f107 0708 	add.w	r7, r7, #8
3418b5b8:	ddf2      	ble.n	3418b5a0 <_vfprintf_r+0x1c70>
3418b5ba:	aa26      	add	r2, sp, #152	@ 0x98
3418b5bc:	9903      	ldr	r1, [sp, #12]
3418b5be:	4658      	mov	r0, fp
3418b5c0:	f000 fdd6 	bl	3418c170 <__sprint_r>
3418b5c4:	2800      	cmp	r0, #0
3418b5c6:	f47e aafe 	bne.w	34189bc6 <_vfprintf_r+0x296>
3418b5ca:	af29      	add	r7, sp, #164	@ 0xa4
3418b5cc:	e9dd 3227 	ldrd	r3, r2, [sp, #156]	@ 0x9c
3418b5d0:	e7e6      	b.n	3418b5a0 <_vfprintf_r+0x1c70>
3418b5d2:	469a      	mov	sl, r3
3418b5d4:	9b04      	ldr	r3, [sp, #16]
3418b5d6:	f8cd 802c 	str.w	r8, [sp, #44]	@ 0x2c
3418b5da:	3301      	adds	r3, #1
3418b5dc:	f8cd a040 	str.w	sl, [sp, #64]	@ 0x40
3418b5e0:	9304      	str	r3, [sp, #16]
3418b5e2:	e9cd aa0d 	strd	sl, sl, [sp, #52]	@ 0x34
3418b5e6:	f7fe bb32 	b.w	34189c4e <_vfprintf_r+0x31e>
3418b5ea:	9b0f      	ldr	r3, [sp, #60]	@ 0x3c
3418b5ec:	9a11      	ldr	r2, [sp, #68]	@ 0x44
3418b5ee:	189a      	adds	r2, r3, r2
3418b5f0:	9b0d      	ldr	r3, [sp, #52]	@ 0x34
3418b5f2:	2b00      	cmp	r3, #0
3418b5f4:	920a      	str	r2, [sp, #40]	@ 0x28
3418b5f6:	dd4a      	ble.n	3418b68e <_vfprintf_r+0x1d5e>
3418b5f8:	2467      	movs	r4, #103	@ 0x67
3418b5fa:	e4da      	b.n	3418afb2 <_vfprintf_r+0x1682>
3418b5fc:	f8df 8254 	ldr.w	r8, [pc, #596]	@ 3418b854 <_vfprintf_r+0x1f24>
3418b600:	f7fe bfa7 	b.w	3418a552 <_vfprintf_r+0xc22>
3418b604:	f8df 8248 	ldr.w	r8, [pc, #584]	@ 3418b850 <_vfprintf_r+0x1f20>
3418b608:	f7fe be84 	b.w	3418a314 <_vfprintf_r+0x9e4>
3418b60c:	aa26      	add	r2, sp, #152	@ 0x98
3418b60e:	9903      	ldr	r1, [sp, #12]
3418b610:	4658      	mov	r0, fp
3418b612:	f000 fdad 	bl	3418c170 <__sprint_r>
3418b616:	2800      	cmp	r0, #0
3418b618:	f47e aad5 	bne.w	34189bc6 <_vfprintf_r+0x296>
3418b61c:	9a28      	ldr	r2, [sp, #160]	@ 0xa0
3418b61e:	af29      	add	r7, sp, #164	@ 0xa4
3418b620:	f7ff b868 	b.w	3418a6f4 <_vfprintf_r+0xdc4>
3418b624:	3301      	adds	r3, #1
3418b626:	4422      	add	r2, r4
3418b628:	f8c7 8000 	str.w	r8, [r7]
3418b62c:	2b07      	cmp	r3, #7
3418b62e:	607c      	str	r4, [r7, #4]
3418b630:	e9cd 3227 	strd	r3, r2, [sp, #156]	@ 0x9c
3418b634:	f77f af15 	ble.w	3418b462 <_vfprintf_r+0x1b32>
3418b638:	aa26      	add	r2, sp, #152	@ 0x98
3418b63a:	9903      	ldr	r1, [sp, #12]
3418b63c:	4658      	mov	r0, fp
3418b63e:	f000 fd97 	bl	3418c170 <__sprint_r>
3418b642:	2800      	cmp	r0, #0
3418b644:	f47e aabf 	bne.w	34189bc6 <_vfprintf_r+0x296>
3418b648:	af29      	add	r7, sp, #164	@ 0xa4
3418b64a:	e9dd 3227 	ldrd	r3, r2, [sp, #156]	@ 0x9c
3418b64e:	f7fe beec 	b.w	3418a42a <_vfprintf_r+0xafa>
3418b652:	46c2      	mov	sl, r8
3418b654:	f89d 0067 	ldrb.w	r0, [sp, #103]	@ 0x67
3418b658:	f7fe bc57 	b.w	34189f0a <_vfprintf_r+0x5da>
3418b65c:	9b02      	ldr	r3, [sp, #8]
3418b65e:	07db      	lsls	r3, r3, #31
3418b660:	f57f a981 	bpl.w	3418a966 <_vfprintf_r+0x1036>
3418b664:	f7ff b97b 	b.w	3418a95e <_vfprintf_r+0x102e>
3418b668:	9b03      	ldr	r3, [sp, #12]
3418b66a:	2200      	movs	r2, #0
3418b66c:	899b      	ldrh	r3, [r3, #12]
3418b66e:	9209      	str	r2, [sp, #36]	@ 0x24
3418b670:	f043 0340 	orr.w	r3, r3, #64	@ 0x40
3418b674:	9a03      	ldr	r2, [sp, #12]
3418b676:	8193      	strh	r3, [r2, #12]
3418b678:	f7fe baa5 	b.w	34189bc6 <_vfprintf_r+0x296>
3418b67c:	2300      	movs	r3, #0
3418b67e:	eeb1 0b48 	vneg.f64	d0, d8
3418b682:	f04f 082d 	mov.w	r8, #45	@ 0x2d
3418b686:	ad39      	add	r5, sp, #228	@ 0xe4
3418b688:	9309      	str	r3, [sp, #36]	@ 0x24
3418b68a:	f7ff b8ea 	b.w	3418a862 <_vfprintf_r+0xf32>
3418b68e:	f1c3 0301 	rsb	r3, r3, #1
3418b692:	2467      	movs	r4, #103	@ 0x67
3418b694:	441a      	add	r2, r3
3418b696:	ea22 73e2 	bic.w	r3, r2, r2, asr #31
3418b69a:	920a      	str	r2, [sp, #40]	@ 0x28
3418b69c:	9304      	str	r3, [sp, #16]
3418b69e:	e490      	b.n	3418afc2 <_vfprintf_r+0x1692>
3418b6a0:	930a      	str	r3, [sp, #40]	@ 0x28
3418b6a2:	e68c      	b.n	3418b3be <_vfprintf_r+0x1a8e>
3418b6a4:	f8cd 802c 	str.w	r8, [sp, #44]	@ 0x2c
3418b6a8:	2b00      	cmp	r3, #0
3418b6aa:	f000 811a 	beq.w	3418b8e2 <_vfprintf_r+0x1fb2>
3418b6ae:	f10a 0301 	add.w	r3, sl, #1
3418b6b2:	f8cd a028 	str.w	sl, [sp, #40]	@ 0x28
3418b6b6:	2473      	movs	r4, #115	@ 0x73
3418b6b8:	4682      	mov	sl, r0
3418b6ba:	9304      	str	r3, [sp, #16]
3418b6bc:	9010      	str	r0, [sp, #64]	@ 0x40
3418b6be:	900e      	str	r0, [sp, #56]	@ 0x38
3418b6c0:	f7fe bac5 	b.w	34189c4e <_vfprintf_r+0x31e>
3418b6c4:	9b02      	ldr	r3, [sp, #8]
3418b6c6:	f023 0380 	bic.w	r3, r3, #128	@ 0x80
3418b6ca:	9302      	str	r3, [sp, #8]
3418b6cc:	ee18 3a90 	vmov	r3, s17
3418b6d0:	f013 4300 	ands.w	r3, r3, #2147483648	@ 0x80000000
3418b6d4:	930d      	str	r3, [sp, #52]	@ 0x34
3418b6d6:	f000 80bf 	beq.w	3418b858 <_vfprintf_r+0x1f28>
3418b6da:	232d      	movs	r3, #45	@ 0x2d
3418b6dc:	2203      	movs	r2, #3
3418b6de:	2c47      	cmp	r4, #71	@ 0x47
3418b6e0:	f88d 3067 	strb.w	r3, [sp, #103]	@ 0x67
3418b6e4:	f04f 0300 	mov.w	r3, #0
3418b6e8:	e9cd 3209 	strd	r3, r2, [sp, #36]	@ 0x24
3418b6ec:	f340 812e 	ble.w	3418b94c <_vfprintf_r+0x201c>
3418b6f0:	4d56      	ldr	r5, [pc, #344]	@ (3418b84c <_vfprintf_r+0x1f1c>)
3418b6f2:	e5bf      	b.n	3418b274 <_vfprintf_r+0x1944>
3418b6f4:	eeb1 7b48 	vneg.f64	d7, d8
3418b6f8:	f04f 082d 	mov.w	r8, #45	@ 0x2d
3418b6fc:	e417      	b.n	3418af2e <_vfprintf_r+0x15fe>
3418b6fe:	9f04      	ldr	r7, [sp, #16]
3418b700:	f8cd a028 	str.w	sl, [sp, #40]	@ 0x28
3418b704:	f7ff bacf 	b.w	3418aca6 <_vfprintf_r+0x1376>
3418b708:	eeb5 7b40 	vcmp.f64	d7, #0.0
3418b70c:	eef1 fa10 	vmrs	APSR_nzcv, fpscr
3418b710:	f040 813c 	bne.w	3418b98c <_vfprintf_r+0x205c>
3418b714:	9b1b      	ldr	r3, [sp, #108]	@ 0x6c
3418b716:	4419      	add	r1, r3
3418b718:	930d      	str	r3, [sp, #52]	@ 0x34
3418b71a:	e439      	b.n	3418af90 <_vfprintf_r+0x1660>
3418b71c:	eeb5 7b40 	vcmp.f64	d7, #0.0
3418b720:	eef1 fa10 	vmrs	APSR_nzcv, fpscr
3418b724:	f040 815a 	bne.w	3418b9dc <_vfprintf_r+0x20ac>
3418b728:	9b1b      	ldr	r3, [sp, #108]	@ 0x6c
3418b72a:	2e47      	cmp	r6, #71	@ 0x47
3418b72c:	930d      	str	r3, [sp, #52]	@ 0x34
3418b72e:	f47f adec 	bne.w	3418b30a <_vfprintf_r+0x19da>
3418b732:	e62f      	b.n	3418b394 <_vfprintf_r+0x1a64>
3418b734:	2300      	movs	r3, #0
3418b736:	2203      	movs	r2, #3
3418b738:	e9cd 3209 	strd	r3, r2, [sp, #36]	@ 0x24
3418b73c:	2204      	movs	r2, #4
3418b73e:	469a      	mov	sl, r3
3418b740:	9310      	str	r3, [sp, #64]	@ 0x40
3418b742:	9204      	str	r2, [sp, #16]
3418b744:	e9cd 330d 	strd	r3, r3, [sp, #52]	@ 0x34
3418b748:	f7fe ba81 	b.w	34189c4e <_vfprintf_r+0x31e>
3418b74c:	2467      	movs	r4, #103	@ 0x67
3418b74e:	9816      	ldr	r0, [sp, #88]	@ 0x58
3418b750:	7803      	ldrb	r3, [r0, #0]
3418b752:	2bff      	cmp	r3, #255	@ 0xff
3418b754:	f000 816e 	beq.w	3418ba34 <_vfprintf_r+0x2104>
3418b758:	990d      	ldr	r1, [sp, #52]	@ 0x34
3418b75a:	4299      	cmp	r1, r3
3418b75c:	bfcc      	ite	gt
3418b75e:	2200      	movgt	r2, #0
3418b760:	2201      	movle	r2, #1
3418b762:	2a00      	cmp	r2, #0
3418b764:	f040 8166 	bne.w	3418ba34 <_vfprintf_r+0x2104>
3418b768:	4616      	mov	r6, r2
3418b76a:	4694      	mov	ip, r2
3418b76c:	e006      	b.n	3418b77c <_vfprintf_r+0x1e4c>
3418b76e:	3601      	adds	r6, #1
3418b770:	3001      	adds	r0, #1
3418b772:	2aff      	cmp	r2, #255	@ 0xff
3418b774:	4613      	mov	r3, r2
3418b776:	d00f      	beq.n	3418b798 <_vfprintf_r+0x1e68>
3418b778:	428a      	cmp	r2, r1
3418b77a:	da0d      	bge.n	3418b798 <_vfprintf_r+0x1e68>
3418b77c:	7842      	ldrb	r2, [r0, #1]
3418b77e:	1ac9      	subs	r1, r1, r3
3418b780:	2a00      	cmp	r2, #0
3418b782:	d1f4      	bne.n	3418b76e <_vfprintf_r+0x1e3e>
3418b784:	7802      	ldrb	r2, [r0, #0]
3418b786:	f10c 0c01 	add.w	ip, ip, #1
3418b78a:	e7f2      	b.n	3418b772 <_vfprintf_r+0x1e42>
3418b78c:	9b11      	ldr	r3, [sp, #68]	@ 0x44
3418b78e:	2466      	movs	r4, #102	@ 0x66
3418b790:	4453      	add	r3, sl
3418b792:	4413      	add	r3, r2
3418b794:	930a      	str	r3, [sp, #40]	@ 0x28
3418b796:	e40c      	b.n	3418afb2 <_vfprintf_r+0x1682>
3418b798:	eb06 030c 	add.w	r3, r6, ip
3418b79c:	9a14      	ldr	r2, [sp, #80]	@ 0x50
3418b79e:	910d      	str	r1, [sp, #52]	@ 0x34
3418b7a0:	fb02 f303 	mul.w	r3, r2, r3
3418b7a4:	9016      	str	r0, [sp, #88]	@ 0x58
3418b7a6:	960e      	str	r6, [sp, #56]	@ 0x38
3418b7a8:	f8cd c040 	str.w	ip, [sp, #64]	@ 0x40
3418b7ac:	9a0a      	ldr	r2, [sp, #40]	@ 0x28
3418b7ae:	441a      	add	r2, r3
3418b7b0:	ea22 73e2 	bic.w	r3, r2, r2, asr #31
3418b7b4:	920a      	str	r2, [sp, #40]	@ 0x28
3418b7b6:	9304      	str	r3, [sp, #16]
3418b7b8:	f1b8 0f00 	cmp.w	r8, #0
3418b7bc:	d034      	beq.n	3418b828 <_vfprintf_r+0x1ef8>
3418b7be:	9b04      	ldr	r3, [sp, #16]
3418b7c0:	3301      	adds	r3, #1
3418b7c2:	9304      	str	r3, [sp, #16]
3418b7c4:	9b0c      	ldr	r3, [sp, #48]	@ 0x30
3418b7c6:	9302      	str	r3, [sp, #8]
3418b7c8:	232d      	movs	r3, #45	@ 0x2d
3418b7ca:	f88d 3067 	strb.w	r3, [sp, #103]	@ 0x67
3418b7ce:	2300      	movs	r3, #0
3418b7d0:	469a      	mov	sl, r3
3418b7d2:	9309      	str	r3, [sp, #36]	@ 0x24
3418b7d4:	f7fe ba3b 	b.w	34189c4e <_vfprintf_r+0x31e>
3418b7d8:	2a00      	cmp	r2, #0
3418b7da:	f6ff a89f 	blt.w	3418a91c <_vfprintf_r+0xfec>
3418b7de:	185e      	adds	r6, r3, r1
3418b7e0:	2030      	movs	r0, #48	@ 0x30
3418b7e2:	4619      	mov	r1, r3
3418b7e4:	f801 0b01 	strb.w	r0, [r1], #1
3418b7e8:	428e      	cmp	r6, r1
3418b7ea:	d1fb      	bne.n	3418b7e4 <_vfprintf_r+0x1eb4>
3418b7ec:	441a      	add	r2, r3
3418b7ee:	1c53      	adds	r3, r2, #1
3418b7f0:	f7ff b894 	b.w	3418a91c <_vfprintf_r+0xfec>
3418b7f4:	232d      	movs	r3, #45	@ 0x2d
3418b7f6:	9a0d      	ldr	r2, [sp, #52]	@ 0x34
3418b7f8:	f88d 3079 	strb.w	r3, [sp, #121]	@ 0x79
3418b7fc:	f1c2 0301 	rsb	r3, r2, #1
3418b800:	3208      	adds	r2, #8
3418b802:	f6ff ad90 	blt.w	3418b326 <_vfprintf_r+0x19f6>
3418b806:	2230      	movs	r2, #48	@ 0x30
3418b808:	f88d 207a 	strb.w	r2, [sp, #122]	@ 0x7a
3418b80c:	2200      	movs	r2, #0
3418b80e:	9209      	str	r2, [sp, #36]	@ 0x24
3418b810:	f10d 027b 	add.w	r2, sp, #123	@ 0x7b
3418b814:	f7ff b896 	b.w	3418a944 <_vfprintf_r+0x1014>
3418b818:	07d7      	lsls	r7, r2, #31
3418b81a:	f57e a9f4 	bpl.w	34189c06 <_vfprintf_r+0x2d6>
3418b81e:	f04f 33ff 	mov.w	r3, #4294967295	@ 0xffffffff
3418b822:	9307      	str	r3, [sp, #28]
3418b824:	f7fe b9e0 	b.w	34189be8 <_vfprintf_r+0x2b8>
3418b828:	f89d 3067 	ldrb.w	r3, [sp, #103]	@ 0x67
3418b82c:	f8cd 8024 	str.w	r8, [sp, #36]	@ 0x24
3418b830:	2b00      	cmp	r3, #0
3418b832:	f000 808d 	beq.w	3418b950 <_vfprintf_r+0x2020>
3418b836:	9b04      	ldr	r3, [sp, #16]
3418b838:	46c2      	mov	sl, r8
3418b83a:	3301      	adds	r3, #1
3418b83c:	9304      	str	r3, [sp, #16]
3418b83e:	9b0c      	ldr	r3, [sp, #48]	@ 0x30
3418b840:	9302      	str	r3, [sp, #8]
3418b842:	f7fe ba04 	b.w	34189c4e <_vfprintf_r+0x31e>
3418b846:	bf00      	nop
3418b848:	3418fe74 	.word	0x3418fe74
3418b84c:	3418fe80 	.word	0x3418fe80
3418b850:	3419013c 	.word	0x3419013c
3418b854:	3419014c 	.word	0x3419014c
3418b858:	2c47      	cmp	r4, #71	@ 0x47
3418b85a:	f89d 3067 	ldrb.w	r3, [sp, #103]	@ 0x67
3418b85e:	bfcc      	ite	gt
3418b860:	4d79      	ldrgt	r5, [pc, #484]	@ (3418ba48 <_vfprintf_r+0x2118>)
3418b862:	4d7a      	ldrle	r5, [pc, #488]	@ (3418ba4c <_vfprintf_r+0x211c>)
3418b864:	2b00      	cmp	r3, #0
3418b866:	f040 80c0 	bne.w	3418b9ea <_vfprintf_r+0x20ba>
3418b86a:	469a      	mov	sl, r3
3418b86c:	2303      	movs	r3, #3
3418b86e:	f8cd a040 	str.w	sl, [sp, #64]	@ 0x40
3418b872:	930a      	str	r3, [sp, #40]	@ 0x28
3418b874:	f8cd a038 	str.w	sl, [sp, #56]	@ 0x38
3418b878:	f8cd a024 	str.w	sl, [sp, #36]	@ 0x24
3418b87c:	9304      	str	r3, [sp, #16]
3418b87e:	f7fe b9e6 	b.w	34189c4e <_vfprintf_r+0x31e>
3418b882:	f8cd a058 	str.w	sl, [sp, #88]	@ 0x58
3418b886:	460f      	mov	r7, r1
3418b888:	9d17      	ldr	r5, [sp, #92]	@ 0x5c
3418b88a:	46b2      	mov	sl, r6
3418b88c:	9b0a      	ldr	r3, [sp, #40]	@ 0x28
3418b88e:	459a      	cmp	sl, r3
3418b890:	bf28      	it	cs
3418b892:	469a      	movcs	sl, r3
3418b894:	f7fe bf35 	b.w	3418a702 <_vfprintf_r+0xdd2>
3418b898:	232d      	movs	r3, #45	@ 0x2d
3418b89a:	f88d 3079 	strb.w	r3, [sp, #121]	@ 0x79
3418b89e:	f1c2 0301 	rsb	r3, r2, #1
3418b8a2:	3208      	adds	r2, #8
3418b8a4:	f6ff ad41 	blt.w	3418b32a <_vfprintf_r+0x19fa>
3418b8a8:	f7ff b84a 	b.w	3418a940 <_vfprintf_r+0x1010>
3418b8ac:	9b1b      	ldr	r3, [sp, #108]	@ 0x6c
3418b8ae:	f8cd a03c 	str.w	sl, [sp, #60]	@ 0x3c
3418b8b2:	930d      	str	r3, [sp, #52]	@ 0x34
3418b8b4:	e56e      	b.n	3418b394 <_vfprintf_r+0x1a64>
3418b8b6:	4553      	cmp	r3, sl
3418b8b8:	db60      	blt.n	3418b97c <_vfprintf_r+0x204c>
3418b8ba:	eeb0 7b48 	vmov.f64	d7, d8
3418b8be:	f04f 0800 	mov.w	r8, #0
3418b8c2:	f04f 0a01 	mov.w	sl, #1
3418b8c6:	f7ff bb32 	b.w	3418af2e <_vfprintf_r+0x15fe>
3418b8ca:	f8df 8184 	ldr.w	r8, [pc, #388]	@ 3418ba50 <_vfprintf_r+0x2120>
3418b8ce:	f7ff ba95 	b.w	3418adfc <_vfprintf_r+0x14cc>
3418b8d2:	eeb1 7b48 	vneg.f64	d7, d8
3418b8d6:	f04f 082d 	mov.w	r8, #45	@ 0x2d
3418b8da:	f04f 0a06 	mov.w	sl, #6
3418b8de:	f7ff bb26 	b.w	3418af2e <_vfprintf_r+0x15fe>
3418b8e2:	9b09      	ldr	r3, [sp, #36]	@ 0x24
3418b8e4:	2473      	movs	r4, #115	@ 0x73
3418b8e6:	f8cd a028 	str.w	sl, [sp, #40]	@ 0x28
3418b8ea:	f8cd a010 	str.w	sl, [sp, #16]
3418b8ee:	469a      	mov	sl, r3
3418b8f0:	9310      	str	r3, [sp, #64]	@ 0x40
3418b8f2:	930e      	str	r3, [sp, #56]	@ 0x38
3418b8f4:	f7fe b9ab 	b.w	34189c4e <_vfprintf_r+0x31e>
3418b8f8:	eeb1 0b48 	vneg.f64	d0, d8
3418b8fc:	f04f 082d 	mov.w	r8, #45	@ 0x2d
3418b900:	9009      	str	r0, [sp, #36]	@ 0x24
3418b902:	f7fe bfae 	b.w	3418a862 <_vfprintf_r+0xf32>
3418b906:	9b24      	ldr	r3, [sp, #144]	@ 0x90
3418b908:	4299      	cmp	r1, r3
3418b90a:	f63f acee 	bhi.w	3418b2ea <_vfprintf_r+0x19ba>
3418b90e:	1b5b      	subs	r3, r3, r5
3418b910:	920d      	str	r2, [sp, #52]	@ 0x34
3418b912:	930f      	str	r3, [sp, #60]	@ 0x3c
3418b914:	f7ff bb3e 	b.w	3418af94 <_vfprintf_r+0x1664>
3418b918:	f8df c134 	ldr.w	ip, [pc, #308]	@ 3418ba50 <_vfprintf_r+0x2120>
3418b91c:	e481      	b.n	3418b222 <_vfprintf_r+0x18f2>
3418b91e:	9a03      	ldr	r2, [sp, #12]
3418b920:	6e53      	ldr	r3, [r2, #100]	@ 0x64
3418b922:	07d8      	lsls	r0, r3, #31
3418b924:	f53f af7b 	bmi.w	3418b81e <_vfprintf_r+0x1eee>
3418b928:	8993      	ldrh	r3, [r2, #12]
3418b92a:	0599      	lsls	r1, r3, #22
3418b92c:	f53f af77 	bmi.w	3418b81e <_vfprintf_r+0x1eee>
3418b930:	6d90      	ldr	r0, [r2, #88]	@ 0x58
3418b932:	f7fb fda9 	bl	34187488 <__retarget_lock_release_recursive>
3418b936:	e772      	b.n	3418b81e <_vfprintf_r+0x1eee>
3418b938:	9b0b      	ldr	r3, [sp, #44]	@ 0x2c
3418b93a:	786c      	ldrb	r4, [r5, #1]
3418b93c:	4615      	mov	r5, r2
3418b93e:	f853 ab04 	ldr.w	sl, [r3], #4
3418b942:	ea4a 7aea 	orr.w	sl, sl, sl, asr #31
3418b946:	930b      	str	r3, [sp, #44]	@ 0x2c
3418b948:	f7fe b86b 	b.w	34189a22 <_vfprintf_r+0xf2>
3418b94c:	4d3f      	ldr	r5, [pc, #252]	@ (3418ba4c <_vfprintf_r+0x211c>)
3418b94e:	e491      	b.n	3418b274 <_vfprintf_r+0x1944>
3418b950:	9b0c      	ldr	r3, [sp, #48]	@ 0x30
3418b952:	46c2      	mov	sl, r8
3418b954:	9302      	str	r3, [sp, #8]
3418b956:	f7fe b97a 	b.w	34189c4e <_vfprintf_r+0x31e>
3418b95a:	b92b      	cbnz	r3, 3418b968 <_vfprintf_r+0x2038>
3418b95c:	2301      	movs	r3, #1
3418b95e:	2466      	movs	r4, #102	@ 0x66
3418b960:	9304      	str	r3, [sp, #16]
3418b962:	930a      	str	r3, [sp, #40]	@ 0x28
3418b964:	f7ff bb2d 	b.w	3418afc2 <_vfprintf_r+0x1692>
3418b968:	9b11      	ldr	r3, [sp, #68]	@ 0x44
3418b96a:	2466      	movs	r4, #102	@ 0x66
3418b96c:	3301      	adds	r3, #1
3418b96e:	4453      	add	r3, sl
3418b970:	930a      	str	r3, [sp, #40]	@ 0x28
3418b972:	ea23 73e3 	bic.w	r3, r3, r3, asr #31
3418b976:	9304      	str	r3, [sp, #16]
3418b978:	f7ff bb23 	b.w	3418afc2 <_vfprintf_r+0x1692>
3418b97c:	eeb1 7b48 	vneg.f64	d7, d8
3418b980:	f04f 082d 	mov.w	r8, #45	@ 0x2d
3418b984:	f04f 0a01 	mov.w	sl, #1
3418b988:	f7ff bad1 	b.w	3418af2e <_vfprintf_r+0x15fe>
3418b98c:	9b0f      	ldr	r3, [sp, #60]	@ 0x3c
3418b98e:	1c69      	adds	r1, r5, #1
3418b990:	f1c3 0201 	rsb	r2, r3, #1
3418b994:	9b24      	ldr	r3, [sp, #144]	@ 0x90
3418b996:	4299      	cmp	r1, r3
3418b998:	921b      	str	r2, [sp, #108]	@ 0x6c
3418b99a:	f63f aca6 	bhi.w	3418b2ea <_vfprintf_r+0x19ba>
3418b99e:	e7b6      	b.n	3418b90e <_vfprintf_r+0x1fde>
3418b9a0:	f8df 80ac 	ldr.w	r8, [pc, #172]	@ 3418ba50 <_vfprintf_r+0x2120>
3418b9a4:	f7ff bb9c 	b.w	3418b0e0 <_vfprintf_r+0x17b0>
3418b9a8:	9803      	ldr	r0, [sp, #12]
3418b9aa:	f9b0 300c 	ldrsh.w	r3, [r0, #12]
3418b9ae:	6e42      	ldr	r2, [r0, #100]	@ 0x64
3418b9b0:	f043 0140 	orr.w	r1, r3, #64	@ 0x40
3418b9b4:	8181      	strh	r1, [r0, #12]
3418b9b6:	07d1      	lsls	r1, r2, #31
3418b9b8:	f53f af31 	bmi.w	3418b81e <_vfprintf_r+0x1eee>
3418b9bc:	0598      	lsls	r0, r3, #22
3418b9be:	f53f af2e 	bmi.w	3418b81e <_vfprintf_r+0x1eee>
3418b9c2:	f7fe b9d5 	b.w	34189d70 <_vfprintf_r+0x440>
3418b9c6:	f8df 8088 	ldr.w	r8, [pc, #136]	@ 3418ba50 <_vfprintf_r+0x2120>
3418b9ca:	f7ff ba5d 	b.w	3418ae88 <_vfprintf_r+0x1558>
3418b9ce:	2302      	movs	r3, #2
3418b9d0:	9313      	str	r3, [sp, #76]	@ 0x4c
3418b9d2:	f7fe bfbd 	b.w	3418a950 <_vfprintf_r+0x1020>
3418b9d6:	7a81      	ldrb	r1, [r0, #10]
3418b9d8:	f7fe bf9e 	b.w	3418a918 <_vfprintf_r+0xfe8>
3418b9dc:	9b24      	ldr	r3, [sp, #144]	@ 0x90
3418b9de:	4299      	cmp	r1, r3
3418b9e0:	f63f ac83 	bhi.w	3418b2ea <_vfprintf_r+0x19ba>
3418b9e4:	1b5b      	subs	r3, r3, r5
3418b9e6:	930f      	str	r3, [sp, #60]	@ 0x3c
3418b9e8:	e69e      	b.n	3418b728 <_vfprintf_r+0x1df8>
3418b9ea:	2303      	movs	r3, #3
3418b9ec:	f04f 0a00 	mov.w	sl, #0
3418b9f0:	930a      	str	r3, [sp, #40]	@ 0x28
3418b9f2:	2304      	movs	r3, #4
3418b9f4:	f8cd a040 	str.w	sl, [sp, #64]	@ 0x40
3418b9f8:	9304      	str	r3, [sp, #16]
3418b9fa:	f8cd a038 	str.w	sl, [sp, #56]	@ 0x38
3418b9fe:	f8cd a024 	str.w	sl, [sp, #36]	@ 0x24
3418ba02:	f7fe b924 	b.w	34189c4e <_vfprintf_r+0x31e>
3418ba06:	1a1b      	subs	r3, r3, r0
3418ba08:	930f      	str	r3, [sp, #60]	@ 0x3c
3418ba0a:	9b1b      	ldr	r3, [sp, #108]	@ 0x6c
3418ba0c:	930d      	str	r3, [sp, #52]	@ 0x34
3418ba0e:	e4c1      	b.n	3418b394 <_vfprintf_r+0x1a64>
3418ba10:	930a      	str	r3, [sp, #40]	@ 0x28
3418ba12:	e73b      	b.n	3418b88c <_vfprintf_r+0x1f5c>
3418ba14:	9b0d      	ldr	r3, [sp, #52]	@ 0x34
3418ba16:	9310      	str	r3, [sp, #64]	@ 0x40
3418ba18:	930e      	str	r3, [sp, #56]	@ 0x38
3418ba1a:	f7fe b918 	b.w	34189c4e <_vfprintf_r+0x31e>
3418ba1e:	9b03      	ldr	r3, [sp, #12]
3418ba20:	899b      	ldrh	r3, [r3, #12]
3418ba22:	f043 0340 	orr.w	r3, r3, #64	@ 0x40
3418ba26:	e625      	b.n	3418b674 <_vfprintf_r+0x1d44>
3418ba28:	9b03      	ldr	r3, [sp, #12]
3418ba2a:	9009      	str	r0, [sp, #36]	@ 0x24
3418ba2c:	899b      	ldrh	r3, [r3, #12]
3418ba2e:	f043 0340 	orr.w	r3, r3, #64	@ 0x40
3418ba32:	e61f      	b.n	3418b674 <_vfprintf_r+0x1d44>
3418ba34:	2300      	movs	r3, #0
3418ba36:	9310      	str	r3, [sp, #64]	@ 0x40
3418ba38:	930e      	str	r3, [sp, #56]	@ 0x38
3418ba3a:	e6b7      	b.n	3418b7ac <_vfprintf_r+0x1e7c>
3418ba3c:	4608      	mov	r0, r1
3418ba3e:	f7fe bb21 	b.w	3418a084 <_vfprintf_r+0x754>
3418ba42:	4619      	mov	r1, r3
3418ba44:	f7fe bb7b 	b.w	3418a13e <_vfprintf_r+0x80e>
3418ba48:	3418fe80 	.word	0x3418fe80
3418ba4c:	3418fe7c 	.word	0x3418fe7c
3418ba50:	3419013c 	.word	0x3419013c

3418ba54 <__sbprintf>:
3418ba54:	b5f0      	push	{r4, r5, r6, r7, lr}
3418ba56:	460d      	mov	r5, r1
3418ba58:	f2ad 4d74 	subw	sp, sp, #1140	@ 0x474
3418ba5c:	4616      	mov	r6, r2
3418ba5e:	8989      	ldrh	r1, [r1, #12]
3418ba60:	6e6a      	ldr	r2, [r5, #100]	@ 0x64
3418ba62:	4607      	mov	r7, r0
3418ba64:	f021 0102 	bic.w	r1, r1, #2
3418ba68:	a818      	add	r0, sp, #96	@ 0x60
3418ba6a:	921b      	str	r2, [sp, #108]	@ 0x6c
3418ba6c:	89ea      	ldrh	r2, [r5, #14]
3418ba6e:	f8ad 1014 	strh.w	r1, [sp, #20]
3418ba72:	a91c      	add	r1, sp, #112	@ 0x70
3418ba74:	f8ad 2016 	strh.w	r2, [sp, #22]
3418ba78:	69ea      	ldr	r2, [r5, #28]
3418ba7a:	9102      	str	r1, [sp, #8]
3418ba7c:	9209      	str	r2, [sp, #36]	@ 0x24
3418ba7e:	6a6a      	ldr	r2, [r5, #36]	@ 0x24
3418ba80:	9106      	str	r1, [sp, #24]
3418ba82:	f44f 6180 	mov.w	r1, #1024	@ 0x400
3418ba86:	920b      	str	r2, [sp, #44]	@ 0x2c
3418ba88:	2200      	movs	r2, #0
3418ba8a:	9301      	str	r3, [sp, #4]
3418ba8c:	9104      	str	r1, [sp, #16]
3418ba8e:	9107      	str	r1, [sp, #28]
3418ba90:	9208      	str	r2, [sp, #32]
3418ba92:	f7fb fcf3 	bl	3418747c <__retarget_lock_init_recursive>
3418ba96:	4632      	mov	r2, r6
3418ba98:	9b01      	ldr	r3, [sp, #4]
3418ba9a:	a902      	add	r1, sp, #8
3418ba9c:	4638      	mov	r0, r7
3418ba9e:	f7fd ff47 	bl	34189930 <_vfprintf_r>
3418baa2:	1e06      	subs	r6, r0, #0
3418baa4:	db07      	blt.n	3418bab6 <__sbprintf+0x62>
3418baa6:	a902      	add	r1, sp, #8
3418baa8:	4638      	mov	r0, r7
3418baaa:	f7fb fac1 	bl	34187030 <_fflush_r>
3418baae:	2800      	cmp	r0, #0
3418bab0:	bf18      	it	ne
3418bab2:	f04f 36ff 	movne.w	r6, #4294967295	@ 0xffffffff
3418bab6:	f8bd 3014 	ldrh.w	r3, [sp, #20]
3418baba:	065b      	lsls	r3, r3, #25
3418babc:	d503      	bpl.n	3418bac6 <__sbprintf+0x72>
3418babe:	89ab      	ldrh	r3, [r5, #12]
3418bac0:	f043 0340 	orr.w	r3, r3, #64	@ 0x40
3418bac4:	81ab      	strh	r3, [r5, #12]
3418bac6:	9818      	ldr	r0, [sp, #96]	@ 0x60
3418bac8:	f7fb fcda 	bl	34187480 <__retarget_lock_close_recursive>
3418bacc:	4630      	mov	r0, r6
3418bace:	f20d 4d74 	addw	sp, sp, #1140	@ 0x474
3418bad2:	bdf0      	pop	{r4, r5, r6, r7, pc}

3418bad4 <__sfvwrite_r>:
3418bad4:	6893      	ldr	r3, [r2, #8]
3418bad6:	2b00      	cmp	r3, #0
3418bad8:	f000 80b1 	beq.w	3418bc3e <__sfvwrite_r+0x16a>
3418badc:	f9b1 c00c 	ldrsh.w	ip, [r1, #12]
3418bae0:	f01c 0f08 	tst.w	ip, #8
3418bae4:	e92d 4ff0 	stmdb	sp!, {r4, r5, r6, r7, r8, r9, sl, fp, lr}
3418bae8:	460c      	mov	r4, r1
3418baea:	b083      	sub	sp, #12
3418baec:	4680      	mov	r8, r0
3418baee:	4617      	mov	r7, r2
3418baf0:	d026      	beq.n	3418bb40 <__sfvwrite_r+0x6c>
3418baf2:	690b      	ldr	r3, [r1, #16]
3418baf4:	b323      	cbz	r3, 3418bb40 <__sfvwrite_r+0x6c>
3418baf6:	f01c 0302 	ands.w	r3, ip, #2
3418bafa:	683e      	ldr	r6, [r7, #0]
3418bafc:	d02c      	beq.n	3418bb58 <__sfvwrite_r+0x84>
3418bafe:	f04f 0a00 	mov.w	sl, #0
3418bb02:	f8df b2c0 	ldr.w	fp, [pc, #704]	@ 3418bdc4 <__sfvwrite_r+0x2f0>
3418bb06:	46b9      	mov	r9, r7
3418bb08:	4655      	mov	r5, sl
3418bb0a:	455d      	cmp	r5, fp
3418bb0c:	462b      	mov	r3, r5
3418bb0e:	4652      	mov	r2, sl
3418bb10:	4640      	mov	r0, r8
3418bb12:	bf28      	it	cs
3418bb14:	465b      	movcs	r3, fp
3418bb16:	2d00      	cmp	r5, #0
3418bb18:	d07f      	beq.n	3418bc1a <__sfvwrite_r+0x146>
3418bb1a:	69e1      	ldr	r1, [r4, #28]
3418bb1c:	6a67      	ldr	r7, [r4, #36]	@ 0x24
3418bb1e:	47b8      	blx	r7
3418bb20:	2800      	cmp	r0, #0
3418bb22:	f340 8084 	ble.w	3418bc2e <__sfvwrite_r+0x15a>
3418bb26:	f8d9 3008 	ldr.w	r3, [r9, #8]
3418bb2a:	4482      	add	sl, r0
3418bb2c:	1a2d      	subs	r5, r5, r0
3418bb2e:	1a1b      	subs	r3, r3, r0
3418bb30:	f8c9 3008 	str.w	r3, [r9, #8]
3418bb34:	2b00      	cmp	r3, #0
3418bb36:	d1e8      	bne.n	3418bb0a <__sfvwrite_r+0x36>
3418bb38:	2000      	movs	r0, #0
3418bb3a:	b003      	add	sp, #12
3418bb3c:	e8bd 8ff0 	ldmia.w	sp!, {r4, r5, r6, r7, r8, r9, sl, fp, pc}
3418bb40:	4621      	mov	r1, r4
3418bb42:	4640      	mov	r0, r8
3418bb44:	f000 fbfc 	bl	3418c340 <__swsetup_r>
3418bb48:	2800      	cmp	r0, #0
3418bb4a:	d175      	bne.n	3418bc38 <__sfvwrite_r+0x164>
3418bb4c:	f9b4 c00c 	ldrsh.w	ip, [r4, #12]
3418bb50:	683e      	ldr	r6, [r7, #0]
3418bb52:	f01c 0302 	ands.w	r3, ip, #2
3418bb56:	d1d2      	bne.n	3418bafe <__sfvwrite_r+0x2a>
3418bb58:	f01c 0a01 	ands.w	sl, ip, #1
3418bb5c:	d171      	bne.n	3418bc42 <__sfvwrite_r+0x16e>
3418bb5e:	6823      	ldr	r3, [r4, #0]
3418bb60:	4655      	mov	r5, sl
3418bb62:	9700      	str	r7, [sp, #0]
3418bb64:	2d00      	cmp	r5, #0
3418bb66:	d054      	beq.n	3418bc12 <__sfvwrite_r+0x13e>
3418bb68:	f41c 7f00 	tst.w	ip, #512	@ 0x200
3418bb6c:	f8d4 9008 	ldr.w	r9, [r4, #8]
3418bb70:	4618      	mov	r0, r3
3418bb72:	f000 80ae 	beq.w	3418bcd2 <__sfvwrite_r+0x1fe>
3418bb76:	45a9      	cmp	r9, r5
3418bb78:	46cb      	mov	fp, r9
3418bb7a:	f200 80e8 	bhi.w	3418bd4e <__sfvwrite_r+0x27a>
3418bb7e:	f41c 6f90 	tst.w	ip, #1152	@ 0x480
3418bb82:	d033      	beq.n	3418bbec <__sfvwrite_r+0x118>
3418bb84:	6921      	ldr	r1, [r4, #16]
3418bb86:	eba3 0901 	sub.w	r9, r3, r1
3418bb8a:	6963      	ldr	r3, [r4, #20]
3418bb8c:	eb13 0343 	adds.w	r3, r3, r3, lsl #1
3418bb90:	bf48      	it	mi
3418bb92:	3301      	addmi	r3, #1
3418bb94:	ea4f 0b63 	mov.w	fp, r3, asr #1
3418bb98:	f109 0301 	add.w	r3, r9, #1
3418bb9c:	442b      	add	r3, r5
3418bb9e:	465a      	mov	r2, fp
3418bba0:	455b      	cmp	r3, fp
3418bba2:	d901      	bls.n	3418bba8 <__sfvwrite_r+0xd4>
3418bba4:	469b      	mov	fp, r3
3418bba6:	461a      	mov	r2, r3
3418bba8:	f41c 6f80 	tst.w	ip, #1024	@ 0x400
3418bbac:	f000 80ee 	beq.w	3418bd8c <__sfvwrite_r+0x2b8>
3418bbb0:	4611      	mov	r1, r2
3418bbb2:	4640      	mov	r0, r8
3418bbb4:	f7fa fe46 	bl	34186844 <_malloc_r>
3418bbb8:	2800      	cmp	r0, #0
3418bbba:	f000 80fc 	beq.w	3418bdb6 <__sfvwrite_r+0x2e2>
3418bbbe:	464a      	mov	r2, r9
3418bbc0:	6921      	ldr	r1, [r4, #16]
3418bbc2:	9001      	str	r0, [sp, #4]
3418bbc4:	f7fb fc62 	bl	3418748c <memcpy>
3418bbc8:	89a2      	ldrh	r2, [r4, #12]
3418bbca:	9b01      	ldr	r3, [sp, #4]
3418bbcc:	f422 6290 	bic.w	r2, r2, #1152	@ 0x480
3418bbd0:	f042 0280 	orr.w	r2, r2, #128	@ 0x80
3418bbd4:	81a2      	strh	r2, [r4, #12]
3418bbd6:	eb03 0009 	add.w	r0, r3, r9
3418bbda:	6123      	str	r3, [r4, #16]
3418bbdc:	f8c4 b014 	str.w	fp, [r4, #20]
3418bbe0:	ebab 0309 	sub.w	r3, fp, r9
3418bbe4:	46a9      	mov	r9, r5
3418bbe6:	46ab      	mov	fp, r5
3418bbe8:	60a3      	str	r3, [r4, #8]
3418bbea:	6020      	str	r0, [r4, #0]
3418bbec:	4651      	mov	r1, sl
3418bbee:	465a      	mov	r2, fp
3418bbf0:	f000 fc14 	bl	3418c41c <memmove>
3418bbf4:	68a2      	ldr	r2, [r4, #8]
3418bbf6:	9900      	ldr	r1, [sp, #0]
3418bbf8:	eba2 0209 	sub.w	r2, r2, r9
3418bbfc:	6823      	ldr	r3, [r4, #0]
3418bbfe:	60a2      	str	r2, [r4, #8]
3418bc00:	445b      	add	r3, fp
3418bc02:	688a      	ldr	r2, [r1, #8]
3418bc04:	6023      	str	r3, [r4, #0]
3418bc06:	1b52      	subs	r2, r2, r5
3418bc08:	608a      	str	r2, [r1, #8]
3418bc0a:	2a00      	cmp	r2, #0
3418bc0c:	d094      	beq.n	3418bb38 <__sfvwrite_r+0x64>
3418bc0e:	f9b4 c00c 	ldrsh.w	ip, [r4, #12]
3418bc12:	e9d6 a500 	ldrd	sl, r5, [r6]
3418bc16:	3608      	adds	r6, #8
3418bc18:	e7a4      	b.n	3418bb64 <__sfvwrite_r+0x90>
3418bc1a:	e9d6 a500 	ldrd	sl, r5, [r6]
3418bc1e:	3608      	adds	r6, #8
3418bc20:	e773      	b.n	3418bb0a <__sfvwrite_r+0x36>
3418bc22:	4621      	mov	r1, r4
3418bc24:	4640      	mov	r0, r8
3418bc26:	f7fb fa03 	bl	34187030 <_fflush_r>
3418bc2a:	2800      	cmp	r0, #0
3418bc2c:	d02e      	beq.n	3418bc8c <__sfvwrite_r+0x1b8>
3418bc2e:	f9b4 300c 	ldrsh.w	r3, [r4, #12]
3418bc32:	f043 0340 	orr.w	r3, r3, #64	@ 0x40
3418bc36:	81a3      	strh	r3, [r4, #12]
3418bc38:	f04f 30ff 	mov.w	r0, #4294967295	@ 0xffffffff
3418bc3c:	e77d      	b.n	3418bb3a <__sfvwrite_r+0x66>
3418bc3e:	2000      	movs	r0, #0
3418bc40:	4770      	bx	lr
3418bc42:	461d      	mov	r5, r3
3418bc44:	469a      	mov	sl, r3
3418bc46:	4618      	mov	r0, r3
3418bc48:	46b9      	mov	r9, r7
3418bc4a:	9300      	str	r3, [sp, #0]
3418bc4c:	2d00      	cmp	r5, #0
3418bc4e:	d02d      	beq.n	3418bcac <__sfvwrite_r+0x1d8>
3418bc50:	2800      	cmp	r0, #0
3418bc52:	d032      	beq.n	3418bcba <__sfvwrite_r+0x1e6>
3418bc54:	4652      	mov	r2, sl
3418bc56:	68a1      	ldr	r1, [r4, #8]
3418bc58:	42aa      	cmp	r2, r5
3418bc5a:	6963      	ldr	r3, [r4, #20]
3418bc5c:	6820      	ldr	r0, [r4, #0]
3418bc5e:	bf28      	it	cs
3418bc60:	462a      	movcs	r2, r5
3418bc62:	eb03 0b01 	add.w	fp, r3, r1
3418bc66:	6921      	ldr	r1, [r4, #16]
3418bc68:	4288      	cmp	r0, r1
3418bc6a:	d901      	bls.n	3418bc70 <__sfvwrite_r+0x19c>
3418bc6c:	455a      	cmp	r2, fp
3418bc6e:	dc7e      	bgt.n	3418bd6e <__sfvwrite_r+0x29a>
3418bc70:	4293      	cmp	r3, r2
3418bc72:	dc6f      	bgt.n	3418bd54 <__sfvwrite_r+0x280>
3418bc74:	9a00      	ldr	r2, [sp, #0]
3418bc76:	4640      	mov	r0, r8
3418bc78:	69e1      	ldr	r1, [r4, #28]
3418bc7a:	6a67      	ldr	r7, [r4, #36]	@ 0x24
3418bc7c:	47b8      	blx	r7
3418bc7e:	f1b0 0b00 	subs.w	fp, r0, #0
3418bc82:	ddd4      	ble.n	3418bc2e <__sfvwrite_r+0x15a>
3418bc84:	ebba 0a0b 	subs.w	sl, sl, fp
3418bc88:	d0cb      	beq.n	3418bc22 <__sfvwrite_r+0x14e>
3418bc8a:	2001      	movs	r0, #1
3418bc8c:	f8d9 3008 	ldr.w	r3, [r9, #8]
3418bc90:	eba3 030b 	sub.w	r3, r3, fp
3418bc94:	f8c9 3008 	str.w	r3, [r9, #8]
3418bc98:	2b00      	cmp	r3, #0
3418bc9a:	f43f af4d 	beq.w	3418bb38 <__sfvwrite_r+0x64>
3418bc9e:	9b00      	ldr	r3, [sp, #0]
3418bca0:	eba5 050b 	sub.w	r5, r5, fp
3418bca4:	445b      	add	r3, fp
3418bca6:	9300      	str	r3, [sp, #0]
3418bca8:	2d00      	cmp	r5, #0
3418bcaa:	d1d1      	bne.n	3418bc50 <__sfvwrite_r+0x17c>
3418bcac:	6875      	ldr	r5, [r6, #4]
3418bcae:	4633      	mov	r3, r6
3418bcb0:	3608      	adds	r6, #8
3418bcb2:	2d00      	cmp	r5, #0
3418bcb4:	d0fa      	beq.n	3418bcac <__sfvwrite_r+0x1d8>
3418bcb6:	681b      	ldr	r3, [r3, #0]
3418bcb8:	9300      	str	r3, [sp, #0]
3418bcba:	9f00      	ldr	r7, [sp, #0]
3418bcbc:	462a      	mov	r2, r5
3418bcbe:	210a      	movs	r1, #10
3418bcc0:	4638      	mov	r0, r7
3418bcc2:	f000 fccb 	bl	3418c65c <memchr>
3418bcc6:	2800      	cmp	r0, #0
3418bcc8:	d072      	beq.n	3418bdb0 <__sfvwrite_r+0x2dc>
3418bcca:	3001      	adds	r0, #1
3418bccc:	eba0 0a07 	sub.w	sl, r0, r7
3418bcd0:	e7c0      	b.n	3418bc54 <__sfvwrite_r+0x180>
3418bcd2:	6922      	ldr	r2, [r4, #16]
3418bcd4:	429a      	cmp	r2, r3
3418bcd6:	d322      	bcc.n	3418bd1e <__sfvwrite_r+0x24a>
3418bcd8:	6962      	ldr	r2, [r4, #20]
3418bcda:	42aa      	cmp	r2, r5
3418bcdc:	d81f      	bhi.n	3418bd1e <__sfvwrite_r+0x24a>
3418bcde:	f06f 4300 	mvn.w	r3, #2147483648	@ 0x80000000
3418bce2:	69e1      	ldr	r1, [r4, #28]
3418bce4:	4640      	mov	r0, r8
3418bce6:	6a67      	ldr	r7, [r4, #36]	@ 0x24
3418bce8:	42ab      	cmp	r3, r5
3418bcea:	bf28      	it	cs
3418bcec:	462b      	movcs	r3, r5
3418bcee:	fb93 f3f2 	sdiv	r3, r3, r2
3418bcf2:	fb02 f303 	mul.w	r3, r2, r3
3418bcf6:	4652      	mov	r2, sl
3418bcf8:	47b8      	blx	r7
3418bcfa:	f1b0 0900 	subs.w	r9, r0, #0
3418bcfe:	dd96      	ble.n	3418bc2e <__sfvwrite_r+0x15a>
3418bd00:	9a00      	ldr	r2, [sp, #0]
3418bd02:	eba5 0509 	sub.w	r5, r5, r9
3418bd06:	6893      	ldr	r3, [r2, #8]
3418bd08:	eba3 0309 	sub.w	r3, r3, r9
3418bd0c:	6093      	str	r3, [r2, #8]
3418bd0e:	2b00      	cmp	r3, #0
3418bd10:	f43f af12 	beq.w	3418bb38 <__sfvwrite_r+0x64>
3418bd14:	44ca      	add	sl, r9
3418bd16:	f9b4 c00c 	ldrsh.w	ip, [r4, #12]
3418bd1a:	6823      	ldr	r3, [r4, #0]
3418bd1c:	e722      	b.n	3418bb64 <__sfvwrite_r+0x90>
3418bd1e:	45a9      	cmp	r9, r5
3418bd20:	4618      	mov	r0, r3
3418bd22:	4651      	mov	r1, sl
3418bd24:	bf28      	it	cs
3418bd26:	46a9      	movcs	r9, r5
3418bd28:	464a      	mov	r2, r9
3418bd2a:	f000 fb77 	bl	3418c41c <memmove>
3418bd2e:	68a2      	ldr	r2, [r4, #8]
3418bd30:	6823      	ldr	r3, [r4, #0]
3418bd32:	eba2 0209 	sub.w	r2, r2, r9
3418bd36:	444b      	add	r3, r9
3418bd38:	60a2      	str	r2, [r4, #8]
3418bd3a:	6023      	str	r3, [r4, #0]
3418bd3c:	2a00      	cmp	r2, #0
3418bd3e:	d1df      	bne.n	3418bd00 <__sfvwrite_r+0x22c>
3418bd40:	4621      	mov	r1, r4
3418bd42:	4640      	mov	r0, r8
3418bd44:	f7fb f974 	bl	34187030 <_fflush_r>
3418bd48:	2800      	cmp	r0, #0
3418bd4a:	d0d9      	beq.n	3418bd00 <__sfvwrite_r+0x22c>
3418bd4c:	e76f      	b.n	3418bc2e <__sfvwrite_r+0x15a>
3418bd4e:	46a9      	mov	r9, r5
3418bd50:	46ab      	mov	fp, r5
3418bd52:	e74b      	b.n	3418bbec <__sfvwrite_r+0x118>
3418bd54:	9900      	ldr	r1, [sp, #0]
3418bd56:	9201      	str	r2, [sp, #4]
3418bd58:	f000 fb60 	bl	3418c41c <memmove>
3418bd5c:	9a01      	ldr	r2, [sp, #4]
3418bd5e:	68a3      	ldr	r3, [r4, #8]
3418bd60:	4693      	mov	fp, r2
3418bd62:	1a9b      	subs	r3, r3, r2
3418bd64:	60a3      	str	r3, [r4, #8]
3418bd66:	6823      	ldr	r3, [r4, #0]
3418bd68:	4413      	add	r3, r2
3418bd6a:	6023      	str	r3, [r4, #0]
3418bd6c:	e78a      	b.n	3418bc84 <__sfvwrite_r+0x1b0>
3418bd6e:	9900      	ldr	r1, [sp, #0]
3418bd70:	465a      	mov	r2, fp
3418bd72:	f000 fb53 	bl	3418c41c <memmove>
3418bd76:	6823      	ldr	r3, [r4, #0]
3418bd78:	4621      	mov	r1, r4
3418bd7a:	4640      	mov	r0, r8
3418bd7c:	445b      	add	r3, fp
3418bd7e:	6023      	str	r3, [r4, #0]
3418bd80:	f7fb f956 	bl	34187030 <_fflush_r>
3418bd84:	2800      	cmp	r0, #0
3418bd86:	f43f af7d 	beq.w	3418bc84 <__sfvwrite_r+0x1b0>
3418bd8a:	e750      	b.n	3418bc2e <__sfvwrite_r+0x15a>
3418bd8c:	4640      	mov	r0, r8
3418bd8e:	f000 f83d 	bl	3418be0c <_realloc_r>
3418bd92:	4603      	mov	r3, r0
3418bd94:	2800      	cmp	r0, #0
3418bd96:	f47f af1e 	bne.w	3418bbd6 <__sfvwrite_r+0x102>
3418bd9a:	6921      	ldr	r1, [r4, #16]
3418bd9c:	4640      	mov	r0, r8
3418bd9e:	f7fb fcbb 	bl	34187718 <_free_r>
3418bda2:	89a3      	ldrh	r3, [r4, #12]
3418bda4:	220c      	movs	r2, #12
3418bda6:	f023 0380 	bic.w	r3, r3, #128	@ 0x80
3418bdaa:	f8c8 2000 	str.w	r2, [r8]
3418bdae:	e740      	b.n	3418bc32 <__sfvwrite_r+0x15e>
3418bdb0:	1c6a      	adds	r2, r5, #1
3418bdb2:	4692      	mov	sl, r2
3418bdb4:	e74f      	b.n	3418bc56 <__sfvwrite_r+0x182>
3418bdb6:	220c      	movs	r2, #12
3418bdb8:	f9b4 300c 	ldrsh.w	r3, [r4, #12]
3418bdbc:	f8c8 2000 	str.w	r2, [r8]
3418bdc0:	e737      	b.n	3418bc32 <__sfvwrite_r+0x15e>
3418bdc2:	bf00      	nop
3418bdc4:	7ffffc00 	.word	0x7ffffc00

3418bdc8 <_fwalk_sglue>:
3418bdc8:	e92d 43f8 	stmdb	sp!, {r3, r4, r5, r6, r7, r8, r9, lr}
3418bdcc:	4607      	mov	r7, r0
3418bdce:	4688      	mov	r8, r1
3418bdd0:	f04f 0900 	mov.w	r9, #0
3418bdd4:	4616      	mov	r6, r2
3418bdd6:	6875      	ldr	r5, [r6, #4]
3418bdd8:	3d01      	subs	r5, #1
3418bdda:	d410      	bmi.n	3418bdfe <_fwalk_sglue+0x36>
3418bddc:	68b4      	ldr	r4, [r6, #8]
3418bdde:	89a3      	ldrh	r3, [r4, #12]
3418bde0:	2b01      	cmp	r3, #1
3418bde2:	d908      	bls.n	3418bdf6 <_fwalk_sglue+0x2e>
3418bde4:	f9b4 300e 	ldrsh.w	r3, [r4, #14]
3418bde8:	4621      	mov	r1, r4
3418bdea:	4638      	mov	r0, r7
3418bdec:	3301      	adds	r3, #1
3418bdee:	d002      	beq.n	3418bdf6 <_fwalk_sglue+0x2e>
3418bdf0:	47c0      	blx	r8
3418bdf2:	ea49 0900 	orr.w	r9, r9, r0
3418bdf6:	3d01      	subs	r5, #1
3418bdf8:	3468      	adds	r4, #104	@ 0x68
3418bdfa:	1c6b      	adds	r3, r5, #1
3418bdfc:	d1ef      	bne.n	3418bdde <_fwalk_sglue+0x16>
3418bdfe:	6836      	ldr	r6, [r6, #0]
3418be00:	2e00      	cmp	r6, #0
3418be02:	d1e8      	bne.n	3418bdd6 <_fwalk_sglue+0xe>
3418be04:	4648      	mov	r0, r9
3418be06:	e8bd 83f8 	ldmia.w	sp!, {r3, r4, r5, r6, r7, r8, r9, pc}
3418be0a:	bf00      	nop

3418be0c <_realloc_r>:
3418be0c:	2900      	cmp	r1, #0
3418be0e:	f000 809d 	beq.w	3418bf4c <_realloc_r+0x140>
3418be12:	e92d 47f0 	stmdb	sp!, {r4, r5, r6, r7, r8, r9, sl, lr}
3418be16:	4617      	mov	r7, r2
3418be18:	b082      	sub	sp, #8
3418be1a:	460c      	mov	r4, r1
3418be1c:	4680      	mov	r8, r0
3418be1e:	f7fa ffe5 	bl	34186dec <__malloc_lock>
3418be22:	f107 030b 	add.w	r3, r7, #11
3418be26:	2b16      	cmp	r3, #22
3418be28:	d867      	bhi.n	3418befa <_realloc_r+0xee>
3418be2a:	f04f 0c10 	mov.w	ip, #16
3418be2e:	2200      	movs	r2, #0
3418be30:	4663      	mov	r3, ip
3418be32:	42bb      	cmp	r3, r7
3418be34:	f0c0 809c 	bcc.w	3418bf70 <_realloc_r+0x164>
3418be38:	2a00      	cmp	r2, #0
3418be3a:	f040 8099 	bne.w	3418bf70 <_realloc_r+0x164>
3418be3e:	f854 1c04 	ldr.w	r1, [r4, #-4]
3418be42:	f1a4 0508 	sub.w	r5, r4, #8
3418be46:	f021 0203 	bic.w	r2, r1, #3
3418be4a:	4562      	cmp	r2, ip
3418be4c:	da5f      	bge.n	3418bf0e <_realloc_r+0x102>
3418be4e:	48bb      	ldr	r0, [pc, #748]	@ (3418c13c <_realloc_r+0x330>)
3418be50:	eb05 0e02 	add.w	lr, r5, r2
3418be54:	6880      	ldr	r0, [r0, #8]
3418be56:	f8de 6004 	ldr.w	r6, [lr, #4]
3418be5a:	4570      	cmp	r0, lr
3418be5c:	f000 8090 	beq.w	3418bf80 <_realloc_r+0x174>
3418be60:	f026 0001 	bic.w	r0, r6, #1
3418be64:	4470      	add	r0, lr
3418be66:	6840      	ldr	r0, [r0, #4]
3418be68:	07c0      	lsls	r0, r0, #31
3418be6a:	d465      	bmi.n	3418bf38 <_realloc_r+0x12c>
3418be6c:	f026 0603 	bic.w	r6, r6, #3
3418be70:	1990      	adds	r0, r2, r6
3418be72:	4560      	cmp	r0, ip
3418be74:	da46      	bge.n	3418bf04 <_realloc_r+0xf8>
3418be76:	07c9      	lsls	r1, r1, #31
3418be78:	d40f      	bmi.n	3418be9a <_realloc_r+0x8e>
3418be7a:	f854 0c08 	ldr.w	r0, [r4, #-8]
3418be7e:	1a29      	subs	r1, r5, r0
3418be80:	6848      	ldr	r0, [r1, #4]
3418be82:	4689      	mov	r9, r1
3418be84:	f020 0003 	bic.w	r0, r0, #3
3418be88:	4406      	add	r6, r0
3418be8a:	4416      	add	r6, r2
3418be8c:	45b4      	cmp	ip, r6
3418be8e:	f340 80fa 	ble.w	3418c086 <_realloc_r+0x27a>
3418be92:	1816      	adds	r6, r2, r0
3418be94:	45b4      	cmp	ip, r6
3418be96:	f340 80d1 	ble.w	3418c03c <_realloc_r+0x230>
3418be9a:	4639      	mov	r1, r7
3418be9c:	4640      	mov	r0, r8
3418be9e:	e9cd 3200 	strd	r3, r2, [sp]
3418bea2:	f7fa fccf 	bl	34186844 <_malloc_r>
3418bea6:	4606      	mov	r6, r0
3418bea8:	e9dd 3200 	ldrd	r3, r2, [sp]
3418beac:	2800      	cmp	r0, #0
3418beae:	f000 8123 	beq.w	3418c0f8 <_realloc_r+0x2ec>
3418beb2:	f854 1c04 	ldr.w	r1, [r4, #-4]
3418beb6:	f1a0 0c08 	sub.w	ip, r0, #8
3418beba:	f021 0101 	bic.w	r1, r1, #1
3418bebe:	4429      	add	r1, r5
3418bec0:	4561      	cmp	r1, ip
3418bec2:	f000 80aa 	beq.w	3418c01a <_realloc_r+0x20e>
3418bec6:	3a04      	subs	r2, #4
3418bec8:	2a24      	cmp	r2, #36	@ 0x24
3418beca:	f200 80d8 	bhi.w	3418c07e <_realloc_r+0x272>
3418bece:	2a13      	cmp	r2, #19
3418bed0:	f200 80a9 	bhi.w	3418c026 <_realloc_r+0x21a>
3418bed4:	4603      	mov	r3, r0
3418bed6:	4622      	mov	r2, r4
3418bed8:	6811      	ldr	r1, [r2, #0]
3418beda:	6019      	str	r1, [r3, #0]
3418bedc:	6851      	ldr	r1, [r2, #4]
3418bede:	6059      	str	r1, [r3, #4]
3418bee0:	6892      	ldr	r2, [r2, #8]
3418bee2:	609a      	str	r2, [r3, #8]
3418bee4:	4621      	mov	r1, r4
3418bee6:	4640      	mov	r0, r8
3418bee8:	f7fb fc16 	bl	34187718 <_free_r>
3418beec:	4640      	mov	r0, r8
3418beee:	f7fa ff83 	bl	34186df8 <__malloc_unlock>
3418bef2:	4630      	mov	r0, r6
3418bef4:	b002      	add	sp, #8
3418bef6:	e8bd 87f0 	ldmia.w	sp!, {r4, r5, r6, r7, r8, r9, sl, pc}
3418befa:	f023 0307 	bic.w	r3, r3, #7
3418befe:	469c      	mov	ip, r3
3418bf00:	0fda      	lsrs	r2, r3, #31
3418bf02:	e796      	b.n	3418be32 <_realloc_r+0x26>
3418bf04:	4602      	mov	r2, r0
3418bf06:	e9de 0102 	ldrd	r0, r1, [lr, #8]
3418bf0a:	60c1      	str	r1, [r0, #12]
3418bf0c:	6088      	str	r0, [r1, #8]
3418bf0e:	1ad6      	subs	r6, r2, r3
3418bf10:	6869      	ldr	r1, [r5, #4]
3418bf12:	18a8      	adds	r0, r5, r2
3418bf14:	2e0f      	cmp	r6, #15
3418bf16:	f001 0101 	and.w	r1, r1, #1
3418bf1a:	d81a      	bhi.n	3418bf52 <_realloc_r+0x146>
3418bf1c:	4311      	orrs	r1, r2
3418bf1e:	6069      	str	r1, [r5, #4]
3418bf20:	6843      	ldr	r3, [r0, #4]
3418bf22:	f043 0301 	orr.w	r3, r3, #1
3418bf26:	6043      	str	r3, [r0, #4]
3418bf28:	4626      	mov	r6, r4
3418bf2a:	4640      	mov	r0, r8
3418bf2c:	f7fa ff64 	bl	34186df8 <__malloc_unlock>
3418bf30:	4630      	mov	r0, r6
3418bf32:	b002      	add	sp, #8
3418bf34:	e8bd 87f0 	ldmia.w	sp!, {r4, r5, r6, r7, r8, r9, sl, pc}
3418bf38:	07ce      	lsls	r6, r1, #31
3418bf3a:	d4ae      	bmi.n	3418be9a <_realloc_r+0x8e>
3418bf3c:	f854 0c08 	ldr.w	r0, [r4, #-8]
3418bf40:	1a29      	subs	r1, r5, r0
3418bf42:	6848      	ldr	r0, [r1, #4]
3418bf44:	4689      	mov	r9, r1
3418bf46:	f020 0003 	bic.w	r0, r0, #3
3418bf4a:	e7a2      	b.n	3418be92 <_realloc_r+0x86>
3418bf4c:	4611      	mov	r1, r2
3418bf4e:	f7fa bc79 	b.w	34186844 <_malloc_r>
3418bf52:	4319      	orrs	r1, r3
3418bf54:	f046 0601 	orr.w	r6, r6, #1
3418bf58:	6069      	str	r1, [r5, #4]
3418bf5a:	18e9      	adds	r1, r5, r3
3418bf5c:	604e      	str	r6, [r1, #4]
3418bf5e:	3108      	adds	r1, #8
3418bf60:	6843      	ldr	r3, [r0, #4]
3418bf62:	f043 0301 	orr.w	r3, r3, #1
3418bf66:	6043      	str	r3, [r0, #4]
3418bf68:	4640      	mov	r0, r8
3418bf6a:	f7fb fbd5 	bl	34187718 <_free_r>
3418bf6e:	e7db      	b.n	3418bf28 <_realloc_r+0x11c>
3418bf70:	230c      	movs	r3, #12
3418bf72:	f8c8 3000 	str.w	r3, [r8]
3418bf76:	2600      	movs	r6, #0
3418bf78:	4630      	mov	r0, r6
3418bf7a:	b002      	add	sp, #8
3418bf7c:	e8bd 87f0 	ldmia.w	sp!, {r4, r5, r6, r7, r8, r9, sl, pc}
3418bf80:	f026 0e03 	bic.w	lr, r6, #3
3418bf84:	f103 0610 	add.w	r6, r3, #16
3418bf88:	eb0e 0002 	add.w	r0, lr, r2
3418bf8c:	42b0      	cmp	r0, r6
3418bf8e:	f280 8094 	bge.w	3418c0ba <_realloc_r+0x2ae>
3418bf92:	07c8      	lsls	r0, r1, #31
3418bf94:	d481      	bmi.n	3418be9a <_realloc_r+0x8e>
3418bf96:	f854 0c08 	ldr.w	r0, [r4, #-8]
3418bf9a:	1a29      	subs	r1, r5, r0
3418bf9c:	6848      	ldr	r0, [r1, #4]
3418bf9e:	4689      	mov	r9, r1
3418bfa0:	f020 0003 	bic.w	r0, r0, #3
3418bfa4:	4486      	add	lr, r0
3418bfa6:	eb0e 0102 	add.w	r1, lr, r2
3418bfaa:	428e      	cmp	r6, r1
3418bfac:	468a      	mov	sl, r1
3418bfae:	f73f af70 	bgt.w	3418be92 <_realloc_r+0x86>
3418bfb2:	3a04      	subs	r2, #4
3418bfb4:	464e      	mov	r6, r9
3418bfb6:	f8d9 100c 	ldr.w	r1, [r9, #12]
3418bfba:	f856 0f08 	ldr.w	r0, [r6, #8]!
3418bfbe:	2a24      	cmp	r2, #36	@ 0x24
3418bfc0:	60c1      	str	r1, [r0, #12]
3418bfc2:	6088      	str	r0, [r1, #8]
3418bfc4:	f200 80b2 	bhi.w	3418c12c <_realloc_r+0x320>
3418bfc8:	2a13      	cmp	r2, #19
3418bfca:	f240 80ad 	bls.w	3418c128 <_realloc_r+0x31c>
3418bfce:	6821      	ldr	r1, [r4, #0]
3418bfd0:	2a1b      	cmp	r2, #27
3418bfd2:	f8c9 1008 	str.w	r1, [r9, #8]
3418bfd6:	6861      	ldr	r1, [r4, #4]
3418bfd8:	f8c9 100c 	str.w	r1, [r9, #12]
3418bfdc:	f200 80b0 	bhi.w	3418c140 <_realloc_r+0x334>
3418bfe0:	3408      	adds	r4, #8
3418bfe2:	f109 0210 	add.w	r2, r9, #16
3418bfe6:	6821      	ldr	r1, [r4, #0]
3418bfe8:	6011      	str	r1, [r2, #0]
3418bfea:	6861      	ldr	r1, [r4, #4]
3418bfec:	6051      	str	r1, [r2, #4]
3418bfee:	68a1      	ldr	r1, [r4, #8]
3418bff0:	6091      	str	r1, [r2, #8]
3418bff2:	ebaa 0203 	sub.w	r2, sl, r3
3418bff6:	eb09 0103 	add.w	r1, r9, r3
3418bffa:	4d50      	ldr	r5, [pc, #320]	@ (3418c13c <_realloc_r+0x330>)
3418bffc:	4640      	mov	r0, r8
3418bffe:	f042 0201 	orr.w	r2, r2, #1
3418c002:	60a9      	str	r1, [r5, #8]
3418c004:	604a      	str	r2, [r1, #4]
3418c006:	f8d9 2004 	ldr.w	r2, [r9, #4]
3418c00a:	f002 0201 	and.w	r2, r2, #1
3418c00e:	4313      	orrs	r3, r2
3418c010:	f8c9 3004 	str.w	r3, [r9, #4]
3418c014:	f7fa fef0 	bl	34186df8 <__malloc_unlock>
3418c018:	e78a      	b.n	3418bf30 <_realloc_r+0x124>
3418c01a:	f850 1c04 	ldr.w	r1, [r0, #-4]
3418c01e:	f021 0103 	bic.w	r1, r1, #3
3418c022:	440a      	add	r2, r1
3418c024:	e773      	b.n	3418bf0e <_realloc_r+0x102>
3418c026:	6823      	ldr	r3, [r4, #0]
3418c028:	2a1b      	cmp	r2, #27
3418c02a:	6003      	str	r3, [r0, #0]
3418c02c:	6863      	ldr	r3, [r4, #4]
3418c02e:	6043      	str	r3, [r0, #4]
3418c030:	d838      	bhi.n	3418c0a4 <_realloc_r+0x298>
3418c032:	f104 0208 	add.w	r2, r4, #8
3418c036:	f100 0308 	add.w	r3, r0, #8
3418c03a:	e74d      	b.n	3418bed8 <_realloc_r+0xcc>
3418c03c:	3a04      	subs	r2, #4
3418c03e:	464d      	mov	r5, r9
3418c040:	f8d9 100c 	ldr.w	r1, [r9, #12]
3418c044:	2a24      	cmp	r2, #36	@ 0x24
3418c046:	f855 0f08 	ldr.w	r0, [r5, #8]!
3418c04a:	60c1      	str	r1, [r0, #12]
3418c04c:	6088      	str	r0, [r1, #8]
3418c04e:	d822      	bhi.n	3418c096 <_realloc_r+0x28a>
3418c050:	2a13      	cmp	r2, #19
3418c052:	d91e      	bls.n	3418c092 <_realloc_r+0x286>
3418c054:	6821      	ldr	r1, [r4, #0]
3418c056:	2a1b      	cmp	r2, #27
3418c058:	f8c9 1008 	str.w	r1, [r9, #8]
3418c05c:	6861      	ldr	r1, [r4, #4]
3418c05e:	f8c9 100c 	str.w	r1, [r9, #12]
3418c062:	d83d      	bhi.n	3418c0e0 <_realloc_r+0x2d4>
3418c064:	3408      	adds	r4, #8
3418c066:	f109 0210 	add.w	r2, r9, #16
3418c06a:	6821      	ldr	r1, [r4, #0]
3418c06c:	6011      	str	r1, [r2, #0]
3418c06e:	6861      	ldr	r1, [r4, #4]
3418c070:	6051      	str	r1, [r2, #4]
3418c072:	68a1      	ldr	r1, [r4, #8]
3418c074:	6091      	str	r1, [r2, #8]
3418c076:	462c      	mov	r4, r5
3418c078:	4632      	mov	r2, r6
3418c07a:	464d      	mov	r5, r9
3418c07c:	e747      	b.n	3418bf0e <_realloc_r+0x102>
3418c07e:	4621      	mov	r1, r4
3418c080:	f000 f9cc 	bl	3418c41c <memmove>
3418c084:	e72e      	b.n	3418bee4 <_realloc_r+0xd8>
3418c086:	e9de 0102 	ldrd	r0, r1, [lr, #8]
3418c08a:	3a04      	subs	r2, #4
3418c08c:	60c1      	str	r1, [r0, #12]
3418c08e:	6088      	str	r0, [r1, #8]
3418c090:	e7d5      	b.n	3418c03e <_realloc_r+0x232>
3418c092:	462a      	mov	r2, r5
3418c094:	e7e9      	b.n	3418c06a <_realloc_r+0x25e>
3418c096:	4621      	mov	r1, r4
3418c098:	4628      	mov	r0, r5
3418c09a:	9300      	str	r3, [sp, #0]
3418c09c:	f000 f9be 	bl	3418c41c <memmove>
3418c0a0:	9b00      	ldr	r3, [sp, #0]
3418c0a2:	e7e8      	b.n	3418c076 <_realloc_r+0x26a>
3418c0a4:	68a3      	ldr	r3, [r4, #8]
3418c0a6:	2a24      	cmp	r2, #36	@ 0x24
3418c0a8:	6083      	str	r3, [r0, #8]
3418c0aa:	68e3      	ldr	r3, [r4, #12]
3418c0ac:	60c3      	str	r3, [r0, #12]
3418c0ae:	d027      	beq.n	3418c100 <_realloc_r+0x2f4>
3418c0b0:	f104 0210 	add.w	r2, r4, #16
3418c0b4:	f100 0310 	add.w	r3, r0, #16
3418c0b8:	e70e      	b.n	3418bed8 <_realloc_r+0xcc>
3418c0ba:	1ac2      	subs	r2, r0, r3
3418c0bc:	441d      	add	r5, r3
3418c0be:	491f      	ldr	r1, [pc, #124]	@ (3418c13c <_realloc_r+0x330>)
3418c0c0:	4640      	mov	r0, r8
3418c0c2:	f042 0201 	orr.w	r2, r2, #1
3418c0c6:	4626      	mov	r6, r4
3418c0c8:	608d      	str	r5, [r1, #8]
3418c0ca:	606a      	str	r2, [r5, #4]
3418c0cc:	f854 2c04 	ldr.w	r2, [r4, #-4]
3418c0d0:	f002 0201 	and.w	r2, r2, #1
3418c0d4:	4313      	orrs	r3, r2
3418c0d6:	f844 3c04 	str.w	r3, [r4, #-4]
3418c0da:	f7fa fe8d 	bl	34186df8 <__malloc_unlock>
3418c0de:	e727      	b.n	3418bf30 <_realloc_r+0x124>
3418c0e0:	68a1      	ldr	r1, [r4, #8]
3418c0e2:	2a24      	cmp	r2, #36	@ 0x24
3418c0e4:	f8c9 1010 	str.w	r1, [r9, #16]
3418c0e8:	68e1      	ldr	r1, [r4, #12]
3418c0ea:	f8c9 1014 	str.w	r1, [r9, #20]
3418c0ee:	d010      	beq.n	3418c112 <_realloc_r+0x306>
3418c0f0:	3410      	adds	r4, #16
3418c0f2:	f109 0218 	add.w	r2, r9, #24
3418c0f6:	e7b8      	b.n	3418c06a <_realloc_r+0x25e>
3418c0f8:	4640      	mov	r0, r8
3418c0fa:	f7fa fe7d 	bl	34186df8 <__malloc_unlock>
3418c0fe:	e73a      	b.n	3418bf76 <_realloc_r+0x16a>
3418c100:	6923      	ldr	r3, [r4, #16]
3418c102:	f104 0218 	add.w	r2, r4, #24
3418c106:	6103      	str	r3, [r0, #16]
3418c108:	6963      	ldr	r3, [r4, #20]
3418c10a:	6143      	str	r3, [r0, #20]
3418c10c:	f100 0318 	add.w	r3, r0, #24
3418c110:	e6e2      	b.n	3418bed8 <_realloc_r+0xcc>
3418c112:	6922      	ldr	r2, [r4, #16]
3418c114:	3418      	adds	r4, #24
3418c116:	f8c9 2018 	str.w	r2, [r9, #24]
3418c11a:	f854 2c04 	ldr.w	r2, [r4, #-4]
3418c11e:	f8c9 201c 	str.w	r2, [r9, #28]
3418c122:	f109 0220 	add.w	r2, r9, #32
3418c126:	e7a0      	b.n	3418c06a <_realloc_r+0x25e>
3418c128:	4632      	mov	r2, r6
3418c12a:	e75c      	b.n	3418bfe6 <_realloc_r+0x1da>
3418c12c:	4621      	mov	r1, r4
3418c12e:	4630      	mov	r0, r6
3418c130:	9300      	str	r3, [sp, #0]
3418c132:	f000 f973 	bl	3418c41c <memmove>
3418c136:	9b00      	ldr	r3, [sp, #0]
3418c138:	e75b      	b.n	3418bff2 <_realloc_r+0x1e6>
3418c13a:	bf00      	nop
3418c13c:	341c0020 	.word	0x341c0020
3418c140:	68a1      	ldr	r1, [r4, #8]
3418c142:	2a24      	cmp	r2, #36	@ 0x24
3418c144:	f8c9 1010 	str.w	r1, [r9, #16]
3418c148:	68e1      	ldr	r1, [r4, #12]
3418c14a:	f8c9 1014 	str.w	r1, [r9, #20]
3418c14e:	d003      	beq.n	3418c158 <_realloc_r+0x34c>
3418c150:	3410      	adds	r4, #16
3418c152:	f109 0218 	add.w	r2, r9, #24
3418c156:	e746      	b.n	3418bfe6 <_realloc_r+0x1da>
3418c158:	6922      	ldr	r2, [r4, #16]
3418c15a:	3418      	adds	r4, #24
3418c15c:	f8c9 2018 	str.w	r2, [r9, #24]
3418c160:	f854 2c04 	ldr.w	r2, [r4, #-4]
3418c164:	f8c9 201c 	str.w	r2, [r9, #28]
3418c168:	f109 0220 	add.w	r2, r9, #32
3418c16c:	e73b      	b.n	3418bfe6 <_realloc_r+0x1da>
3418c16e:	bf00      	nop

3418c170 <__sprint_r>:
3418c170:	6893      	ldr	r3, [r2, #8]
3418c172:	b510      	push	{r4, lr}
3418c174:	4614      	mov	r4, r2
3418c176:	b91b      	cbnz	r3, 3418c180 <__sprint_r+0x10>
3418c178:	4618      	mov	r0, r3
3418c17a:	2300      	movs	r3, #0
3418c17c:	6063      	str	r3, [r4, #4]
3418c17e:	bd10      	pop	{r4, pc}
3418c180:	f7ff fca8 	bl	3418bad4 <__sfvwrite_r>
3418c184:	2300      	movs	r3, #0
3418c186:	60a3      	str	r3, [r4, #8]
3418c188:	2300      	movs	r3, #0
3418c18a:	6063      	str	r3, [r4, #4]
3418c18c:	bd10      	pop	{r4, pc}
3418c18e:	bf00      	nop

3418c190 <__ssprint_r>:
3418c190:	e92d 41f0 	stmdb	sp!, {r4, r5, r6, r7, r8, lr}
3418c194:	4615      	mov	r5, r2
3418c196:	6892      	ldr	r2, [r2, #8]
3418c198:	b302      	cbz	r2, 3418c1dc <__ssprint_r+0x4c>
3418c19a:	682c      	ldr	r4, [r5, #0]
3418c19c:	4607      	mov	r7, r0
3418c19e:	4688      	mov	r8, r1
3418c1a0:	3408      	adds	r4, #8
3418c1a2:	e001      	b.n	3418c1a8 <__ssprint_r+0x18>
3418c1a4:	3408      	adds	r4, #8
3418c1a6:	b1c9      	cbz	r1, 3418c1dc <__ssprint_r+0x4c>
3418c1a8:	686b      	ldr	r3, [r5, #4]
3418c1aa:	4611      	mov	r1, r2
3418c1ac:	1e58      	subs	r0, r3, #1
3418c1ae:	2b00      	cmp	r3, #0
3418c1b0:	6068      	str	r0, [r5, #4]
3418c1b2:	dd13      	ble.n	3418c1dc <__ssprint_r+0x4c>
3418c1b4:	f854 6c04 	ldr.w	r6, [r4, #-4]
3418c1b8:	2e00      	cmp	r6, #0
3418c1ba:	d0f3      	beq.n	3418c1a4 <__ssprint_r+0x14>
3418c1bc:	4633      	mov	r3, r6
3418c1be:	f854 2c08 	ldr.w	r2, [r4, #-8]
3418c1c2:	4641      	mov	r1, r8
3418c1c4:	4638      	mov	r0, r7
3418c1c6:	f001 ff2d 	bl	3418e024 <__ssputs_r>
3418c1ca:	1c43      	adds	r3, r0, #1
3418c1cc:	d007      	beq.n	3418c1de <__ssprint_r+0x4e>
3418c1ce:	68aa      	ldr	r2, [r5, #8]
3418c1d0:	3408      	adds	r4, #8
3418c1d2:	1b92      	subs	r2, r2, r6
3418c1d4:	4611      	mov	r1, r2
3418c1d6:	60aa      	str	r2, [r5, #8]
3418c1d8:	2900      	cmp	r1, #0
3418c1da:	d1e5      	bne.n	3418c1a8 <__ssprint_r+0x18>
3418c1dc:	2000      	movs	r0, #0
3418c1de:	2300      	movs	r3, #0
3418c1e0:	e9c5 3301 	strd	r3, r3, [r5, #4]
3418c1e4:	e8bd 81f0 	ldmia.w	sp!, {r4, r5, r6, r7, r8, pc}

3418c1e8 <_fclose_r>:
3418c1e8:	b570      	push	{r4, r5, r6, lr}
3418c1ea:	2900      	cmp	r1, #0
3418c1ec:	d041      	beq.n	3418c272 <_fclose_r+0x8a>
3418c1ee:	4606      	mov	r6, r0
3418c1f0:	460c      	mov	r4, r1
3418c1f2:	b110      	cbz	r0, 3418c1fa <_fclose_r+0x12>
3418c1f4:	6b43      	ldr	r3, [r0, #52]	@ 0x34
3418c1f6:	2b00      	cmp	r3, #0
3418c1f8:	d03e      	beq.n	3418c278 <_fclose_r+0x90>
3418c1fa:	f7fb f88f 	bl	3418731c <__sfp_lock_acquire>
3418c1fe:	6e63      	ldr	r3, [r4, #100]	@ 0x64
3418c200:	f9b4 200c 	ldrsh.w	r2, [r4, #12]
3418c204:	07dd      	lsls	r5, r3, #31
3418c206:	d430      	bmi.n	3418c26a <_fclose_r+0x82>
3418c208:	0590      	lsls	r0, r2, #22
3418c20a:	d538      	bpl.n	3418c27e <_fclose_r+0x96>
3418c20c:	4621      	mov	r1, r4
3418c20e:	4630      	mov	r0, r6
3418c210:	f7fa fe74 	bl	34186efc <__sflush_r>
3418c214:	6ae3      	ldr	r3, [r4, #44]	@ 0x2c
3418c216:	4605      	mov	r5, r0
3418c218:	b133      	cbz	r3, 3418c228 <_fclose_r+0x40>
3418c21a:	69e1      	ldr	r1, [r4, #28]
3418c21c:	4630      	mov	r0, r6
3418c21e:	4798      	blx	r3
3418c220:	2800      	cmp	r0, #0
3418c222:	bfb8      	it	lt
3418c224:	f04f 35ff 	movlt.w	r5, #4294967295	@ 0xffffffff
3418c228:	89a3      	ldrh	r3, [r4, #12]
3418c22a:	061a      	lsls	r2, r3, #24
3418c22c:	d439      	bmi.n	3418c2a2 <_fclose_r+0xba>
3418c22e:	6b21      	ldr	r1, [r4, #48]	@ 0x30
3418c230:	b141      	cbz	r1, 3418c244 <_fclose_r+0x5c>
3418c232:	f104 0340 	add.w	r3, r4, #64	@ 0x40
3418c236:	4299      	cmp	r1, r3
3418c238:	d002      	beq.n	3418c240 <_fclose_r+0x58>
3418c23a:	4630      	mov	r0, r6
3418c23c:	f7fb fa6c 	bl	34187718 <_free_r>
3418c240:	2300      	movs	r3, #0
3418c242:	6323      	str	r3, [r4, #48]	@ 0x30
3418c244:	6c61      	ldr	r1, [r4, #68]	@ 0x44
3418c246:	b121      	cbz	r1, 3418c252 <_fclose_r+0x6a>
3418c248:	4630      	mov	r0, r6
3418c24a:	f7fb fa65 	bl	34187718 <_free_r>
3418c24e:	2300      	movs	r3, #0
3418c250:	6463      	str	r3, [r4, #68]	@ 0x44
3418c252:	6e63      	ldr	r3, [r4, #100]	@ 0x64
3418c254:	2200      	movs	r2, #0
3418c256:	07db      	lsls	r3, r3, #31
3418c258:	81a2      	strh	r2, [r4, #12]
3418c25a:	d51e      	bpl.n	3418c29a <_fclose_r+0xb2>
3418c25c:	6da0      	ldr	r0, [r4, #88]	@ 0x58
3418c25e:	f7fb f90f 	bl	34187480 <__retarget_lock_close_recursive>
3418c262:	f7fb f861 	bl	34187328 <__sfp_lock_release>
3418c266:	4628      	mov	r0, r5
3418c268:	bd70      	pop	{r4, r5, r6, pc}
3418c26a:	2a00      	cmp	r2, #0
3418c26c:	d1ce      	bne.n	3418c20c <_fclose_r+0x24>
3418c26e:	f7fb f85b 	bl	34187328 <__sfp_lock_release>
3418c272:	2500      	movs	r5, #0
3418c274:	4628      	mov	r0, r5
3418c276:	bd70      	pop	{r4, r5, r6, pc}
3418c278:	f7fb f832 	bl	341872e0 <__sinit>
3418c27c:	e7bd      	b.n	3418c1fa <_fclose_r+0x12>
3418c27e:	6da0      	ldr	r0, [r4, #88]	@ 0x58
3418c280:	f7fb f900 	bl	34187484 <__retarget_lock_acquire_recursive>
3418c284:	f9b4 300c 	ldrsh.w	r3, [r4, #12]
3418c288:	2b00      	cmp	r3, #0
3418c28a:	d1bf      	bne.n	3418c20c <_fclose_r+0x24>
3418c28c:	6e63      	ldr	r3, [r4, #100]	@ 0x64
3418c28e:	07d9      	lsls	r1, r3, #31
3418c290:	d4ed      	bmi.n	3418c26e <_fclose_r+0x86>
3418c292:	6da0      	ldr	r0, [r4, #88]	@ 0x58
3418c294:	f7fb f8f8 	bl	34187488 <__retarget_lock_release_recursive>
3418c298:	e7e9      	b.n	3418c26e <_fclose_r+0x86>
3418c29a:	6da0      	ldr	r0, [r4, #88]	@ 0x58
3418c29c:	f7fb f8f4 	bl	34187488 <__retarget_lock_release_recursive>
3418c2a0:	e7dc      	b.n	3418c25c <_fclose_r+0x74>
3418c2a2:	6921      	ldr	r1, [r4, #16]
3418c2a4:	4630      	mov	r0, r6
3418c2a6:	f7fb fa37 	bl	34187718 <_free_r>
3418c2aa:	e7c0      	b.n	3418c22e <_fclose_r+0x46>

3418c2ac <__sread>:
3418c2ac:	b510      	push	{r4, lr}
3418c2ae:	460c      	mov	r4, r1
3418c2b0:	f9b1 100e 	ldrsh.w	r1, [r1, #14]
3418c2b4:	f000 f9aa 	bl	3418c60c <_read_r>
3418c2b8:	2800      	cmp	r0, #0
3418c2ba:	db03      	blt.n	3418c2c4 <__sread+0x18>
3418c2bc:	6d23      	ldr	r3, [r4, #80]	@ 0x50
3418c2be:	4403      	add	r3, r0
3418c2c0:	6523      	str	r3, [r4, #80]	@ 0x50
3418c2c2:	bd10      	pop	{r4, pc}
3418c2c4:	89a3      	ldrh	r3, [r4, #12]
3418c2c6:	f423 5380 	bic.w	r3, r3, #4096	@ 0x1000
3418c2ca:	81a3      	strh	r3, [r4, #12]
3418c2cc:	bd10      	pop	{r4, pc}
3418c2ce:	bf00      	nop

3418c2d0 <__swrite>:
3418c2d0:	e92d 41f0 	stmdb	sp!, {r4, r5, r6, r7, r8, lr}
3418c2d4:	461f      	mov	r7, r3
3418c2d6:	f9b1 300c 	ldrsh.w	r3, [r1, #12]
3418c2da:	4616      	mov	r6, r2
3418c2dc:	460c      	mov	r4, r1
3418c2de:	05da      	lsls	r2, r3, #23
3418c2e0:	4605      	mov	r5, r0
3418c2e2:	d40b      	bmi.n	3418c2fc <__swrite+0x2c>
3418c2e4:	f423 5180 	bic.w	r1, r3, #4096	@ 0x1000
3418c2e8:	4632      	mov	r2, r6
3418c2ea:	463b      	mov	r3, r7
3418c2ec:	4628      	mov	r0, r5
3418c2ee:	81a1      	strh	r1, [r4, #12]
3418c2f0:	f9b4 100e 	ldrsh.w	r1, [r4, #14]
3418c2f4:	e8bd 41f0 	ldmia.w	sp!, {r4, r5, r6, r7, r8, lr}
3418c2f8:	f000 b99c 	b.w	3418c634 <_write_r>
3418c2fc:	2302      	movs	r3, #2
3418c2fe:	2200      	movs	r2, #0
3418c300:	f9b1 100e 	ldrsh.w	r1, [r1, #14]
3418c304:	f000 f96e 	bl	3418c5e4 <_lseek_r>
3418c308:	f9b4 300c 	ldrsh.w	r3, [r4, #12]
3418c30c:	e7ea      	b.n	3418c2e4 <__swrite+0x14>
3418c30e:	bf00      	nop

3418c310 <__sseek>:
3418c310:	b510      	push	{r4, lr}
3418c312:	460c      	mov	r4, r1
3418c314:	f9b1 100e 	ldrsh.w	r1, [r1, #14]
3418c318:	f000 f964 	bl	3418c5e4 <_lseek_r>
3418c31c:	1c42      	adds	r2, r0, #1
3418c31e:	f9b4 300c 	ldrsh.w	r3, [r4, #12]
3418c322:	d004      	beq.n	3418c32e <__sseek+0x1e>
3418c324:	f443 5380 	orr.w	r3, r3, #4096	@ 0x1000
3418c328:	6520      	str	r0, [r4, #80]	@ 0x50
3418c32a:	81a3      	strh	r3, [r4, #12]
3418c32c:	bd10      	pop	{r4, pc}
3418c32e:	f423 5380 	bic.w	r3, r3, #4096	@ 0x1000
3418c332:	81a3      	strh	r3, [r4, #12]
3418c334:	bd10      	pop	{r4, pc}
3418c336:	bf00      	nop

3418c338 <__sclose>:
3418c338:	f9b1 100e 	ldrsh.w	r1, [r1, #14]
3418c33c:	f000 b940 	b.w	3418c5c0 <_close_r>

3418c340 <__swsetup_r>:
3418c340:	4a35      	ldr	r2, [pc, #212]	@ (3418c418 <__swsetup_r+0xd8>)
3418c342:	460b      	mov	r3, r1
3418c344:	b510      	push	{r4, lr}
3418c346:	4604      	mov	r4, r0
3418c348:	6810      	ldr	r0, [r2, #0]
3418c34a:	b082      	sub	sp, #8
3418c34c:	b110      	cbz	r0, 3418c354 <__swsetup_r+0x14>
3418c34e:	6b42      	ldr	r2, [r0, #52]	@ 0x34
3418c350:	2a00      	cmp	r2, #0
3418c352:	d053      	beq.n	3418c3fc <__swsetup_r+0xbc>
3418c354:	f9b3 200c 	ldrsh.w	r2, [r3, #12]
3418c358:	0711      	lsls	r1, r2, #28
3418c35a:	d511      	bpl.n	3418c380 <__swsetup_r+0x40>
3418c35c:	6918      	ldr	r0, [r3, #16]
3418c35e:	b1c8      	cbz	r0, 3418c394 <__swsetup_r+0x54>
3418c360:	f9b3 200c 	ldrsh.w	r2, [r3, #12]
3418c364:	f012 0101 	ands.w	r1, r2, #1
3418c368:	d026      	beq.n	3418c3b8 <__swsetup_r+0x78>
3418c36a:	6959      	ldr	r1, [r3, #20]
3418c36c:	f04f 0c00 	mov.w	ip, #0
3418c370:	4249      	negs	r1, r1
3418c372:	f8c3 c008 	str.w	ip, [r3, #8]
3418c376:	6199      	str	r1, [r3, #24]
3418c378:	b320      	cbz	r0, 3418c3c4 <__swsetup_r+0x84>
3418c37a:	2000      	movs	r0, #0
3418c37c:	b002      	add	sp, #8
3418c37e:	bd10      	pop	{r4, pc}
3418c380:	06d0      	lsls	r0, r2, #27
3418c382:	d540      	bpl.n	3418c406 <__swsetup_r+0xc6>
3418c384:	0751      	lsls	r1, r2, #29
3418c386:	d423      	bmi.n	3418c3d0 <__swsetup_r+0x90>
3418c388:	6918      	ldr	r0, [r3, #16]
3418c38a:	f042 0208 	orr.w	r2, r2, #8
3418c38e:	819a      	strh	r2, [r3, #12]
3418c390:	2800      	cmp	r0, #0
3418c392:	d1e5      	bne.n	3418c360 <__swsetup_r+0x20>
3418c394:	899a      	ldrh	r2, [r3, #12]
3418c396:	f402 7220 	and.w	r2, r2, #640	@ 0x280
3418c39a:	f5b2 7f00 	cmp.w	r2, #512	@ 0x200
3418c39e:	d0df      	beq.n	3418c360 <__swsetup_r+0x20>
3418c3a0:	4619      	mov	r1, r3
3418c3a2:	4620      	mov	r0, r4
3418c3a4:	9301      	str	r3, [sp, #4]
3418c3a6:	f001 fdc9 	bl	3418df3c <__smakebuf_r>
3418c3aa:	9b01      	ldr	r3, [sp, #4]
3418c3ac:	f9b3 200c 	ldrsh.w	r2, [r3, #12]
3418c3b0:	6918      	ldr	r0, [r3, #16]
3418c3b2:	f012 0101 	ands.w	r1, r2, #1
3418c3b6:	d1d8      	bne.n	3418c36a <__swsetup_r+0x2a>
3418c3b8:	0794      	lsls	r4, r2, #30
3418c3ba:	bf58      	it	pl
3418c3bc:	6959      	ldrpl	r1, [r3, #20]
3418c3be:	6099      	str	r1, [r3, #8]
3418c3c0:	2800      	cmp	r0, #0
3418c3c2:	d1da      	bne.n	3418c37a <__swsetup_r+0x3a>
3418c3c4:	0611      	lsls	r1, r2, #24
3418c3c6:	d5d9      	bpl.n	3418c37c <__swsetup_r+0x3c>
3418c3c8:	f042 0240 	orr.w	r2, r2, #64	@ 0x40
3418c3cc:	819a      	strh	r2, [r3, #12]
3418c3ce:	e01f      	b.n	3418c410 <__swsetup_r+0xd0>
3418c3d0:	6b19      	ldr	r1, [r3, #48]	@ 0x30
3418c3d2:	b161      	cbz	r1, 3418c3ee <__swsetup_r+0xae>
3418c3d4:	f103 0040 	add.w	r0, r3, #64	@ 0x40
3418c3d8:	4281      	cmp	r1, r0
3418c3da:	d006      	beq.n	3418c3ea <__swsetup_r+0xaa>
3418c3dc:	4620      	mov	r0, r4
3418c3de:	9301      	str	r3, [sp, #4]
3418c3e0:	f7fb f99a 	bl	34187718 <_free_r>
3418c3e4:	9b01      	ldr	r3, [sp, #4]
3418c3e6:	f9b3 200c 	ldrsh.w	r2, [r3, #12]
3418c3ea:	2100      	movs	r1, #0
3418c3ec:	6319      	str	r1, [r3, #48]	@ 0x30
3418c3ee:	2100      	movs	r1, #0
3418c3f0:	6918      	ldr	r0, [r3, #16]
3418c3f2:	f022 0224 	bic.w	r2, r2, #36	@ 0x24
3418c3f6:	e9c3 0100 	strd	r0, r1, [r3]
3418c3fa:	e7c6      	b.n	3418c38a <__swsetup_r+0x4a>
3418c3fc:	9101      	str	r1, [sp, #4]
3418c3fe:	f7fa ff6f 	bl	341872e0 <__sinit>
3418c402:	9b01      	ldr	r3, [sp, #4]
3418c404:	e7a6      	b.n	3418c354 <__swsetup_r+0x14>
3418c406:	2109      	movs	r1, #9
3418c408:	f042 0240 	orr.w	r2, r2, #64	@ 0x40
3418c40c:	6021      	str	r1, [r4, #0]
3418c40e:	819a      	strh	r2, [r3, #12]
3418c410:	f04f 30ff 	mov.w	r0, #4294967295	@ 0xffffffff
3418c414:	e7b2      	b.n	3418c37c <__swsetup_r+0x3c>
3418c416:	bf00      	nop
3418c418:	341c0434 	.word	0x341c0434

3418c41c <memmove>:
3418c41c:	4288      	cmp	r0, r1
3418c41e:	b570      	push	{r4, r5, r6, lr}
3418c420:	d931      	bls.n	3418c486 <memmove+0x6a>
3418c422:	188b      	adds	r3, r1, r2
3418c424:	4283      	cmp	r3, r0
3418c426:	d92e      	bls.n	3418c486 <memmove+0x6a>
3418c428:	2a03      	cmp	r2, #3
3418c42a:	eb00 0102 	add.w	r1, r0, r2
3418c42e:	d91d      	bls.n	3418c46c <memmove+0x50>
3418c430:	ea41 0c03 	orr.w	ip, r1, r3
3418c434:	461d      	mov	r5, r3
3418c436:	f01c 0f03 	tst.w	ip, #3
3418c43a:	d118      	bne.n	3418c46e <memmove+0x52>
3418c43c:	ea4f 0e92 	mov.w	lr, r2, lsr #2
3418c440:	468c      	mov	ip, r1
3418c442:	f10e 36ff 	add.w	r6, lr, #4294967295	@ 0xffffffff
3418c446:	eba1 048e 	sub.w	r4, r1, lr, lsl #2
3418c44a:	f853 ed04 	ldr.w	lr, [r3, #-4]!
3418c44e:	f84c ed04 	str.w	lr, [ip, #-4]!
3418c452:	45a4      	cmp	ip, r4
3418c454:	d1f9      	bne.n	3418c44a <memmove+0x2e>
3418c456:	ebc6 7386 	rsb	r3, r6, r6, lsl #30
3418c45a:	f002 0203 	and.w	r2, r2, #3
3418c45e:	eb01 0183 	add.w	r1, r1, r3, lsl #2
3418c462:	eb05 0c83 	add.w	ip, r5, r3, lsl #2
3418c466:	3904      	subs	r1, #4
3418c468:	f1ac 0304 	sub.w	r3, ip, #4
3418c46c:	b152      	cbz	r2, 3418c484 <memmove+0x68>
3418c46e:	f102 3cff 	add.w	ip, r2, #4294967295	@ 0xffffffff
3418c472:	ea6f 0c0c 	mvn.w	ip, ip
3418c476:	449c      	add	ip, r3
3418c478:	f813 2d01 	ldrb.w	r2, [r3, #-1]!
3418c47c:	4563      	cmp	r3, ip
3418c47e:	f801 2d01 	strb.w	r2, [r1, #-1]!
3418c482:	d1f9      	bne.n	3418c478 <memmove+0x5c>
3418c484:	bd70      	pop	{r4, r5, r6, pc}
3418c486:	2a03      	cmp	r2, #3
3418c488:	d950      	bls.n	3418c52c <memmove+0x110>
3418c48a:	ea41 0300 	orr.w	r3, r1, r0
3418c48e:	079b      	lsls	r3, r3, #30
3418c490:	d14e      	bne.n	3418c530 <memmove+0x114>
3418c492:	2a0f      	cmp	r2, #15
3418c494:	d951      	bls.n	3418c53a <memmove+0x11e>
3418c496:	f022 030f 	bic.w	r3, r2, #15
3418c49a:	f101 0610 	add.w	r6, r1, #16
3418c49e:	f101 0c10 	add.w	ip, r1, #16
3418c4a2:	3120      	adds	r1, #32
3418c4a4:	3b10      	subs	r3, #16
3418c4a6:	f100 0e10 	add.w	lr, r0, #16
3418c4aa:	4419      	add	r1, r3
3418c4ac:	f85c 4c10 	ldr.w	r4, [ip, #-16]
3418c4b0:	f10c 0c10 	add.w	ip, ip, #16
3418c4b4:	f10e 0e10 	add.w	lr, lr, #16
3418c4b8:	f84e 4c20 	str.w	r4, [lr, #-32]
3418c4bc:	f85c 4c1c 	ldr.w	r4, [ip, #-28]
3418c4c0:	f84e 4c1c 	str.w	r4, [lr, #-28]
3418c4c4:	f85c 4c18 	ldr.w	r4, [ip, #-24]
3418c4c8:	f84e 4c18 	str.w	r4, [lr, #-24]
3418c4cc:	f85c 4c14 	ldr.w	r4, [ip, #-20]
3418c4d0:	458c      	cmp	ip, r1
3418c4d2:	f84e 4c14 	str.w	r4, [lr, #-20]
3418c4d6:	d1e9      	bne.n	3418c4ac <memmove+0x90>
3418c4d8:	18f1      	adds	r1, r6, r3
3418c4da:	f012 0f0c 	tst.w	r2, #12
3418c4de:	4403      	add	r3, r0
3418c4e0:	f002 050f 	and.w	r5, r2, #15
3418c4e4:	f103 0310 	add.w	r3, r3, #16
3418c4e8:	d025      	beq.n	3418c536 <memmove+0x11a>
3418c4ea:	f025 0c03 	bic.w	ip, r5, #3
3418c4ee:	1f1a      	subs	r2, r3, #4
3418c4f0:	f1ac 0404 	sub.w	r4, ip, #4
3418c4f4:	468c      	mov	ip, r1
3418c4f6:	4626      	mov	r6, r4
3418c4f8:	191c      	adds	r4, r3, r4
3418c4fa:	f85c eb04 	ldr.w	lr, [ip], #4
3418c4fe:	f842 ef04 	str.w	lr, [r2, #4]!
3418c502:	42a2      	cmp	r2, r4
3418c504:	d1f9      	bne.n	3418c4fa <memmove+0xde>
3418c506:	3104      	adds	r1, #4
3418c508:	3304      	adds	r3, #4
3418c50a:	f005 0203 	and.w	r2, r5, #3
3418c50e:	4431      	add	r1, r6
3418c510:	4433      	add	r3, r6
3418c512:	2a00      	cmp	r2, #0
3418c514:	d0b6      	beq.n	3418c484 <memmove+0x68>
3418c516:	3a01      	subs	r2, #1
3418c518:	3201      	adds	r2, #1
3418c51a:	3b01      	subs	r3, #1
3418c51c:	440a      	add	r2, r1
3418c51e:	f811 cb01 	ldrb.w	ip, [r1], #1
3418c522:	4291      	cmp	r1, r2
3418c524:	f803 cf01 	strb.w	ip, [r3, #1]!
3418c528:	d1f9      	bne.n	3418c51e <memmove+0x102>
3418c52a:	bd70      	pop	{r4, r5, r6, pc}
3418c52c:	4603      	mov	r3, r0
3418c52e:	e7f0      	b.n	3418c512 <memmove+0xf6>
3418c530:	3a01      	subs	r2, #1
3418c532:	4603      	mov	r3, r0
3418c534:	e7f0      	b.n	3418c518 <memmove+0xfc>
3418c536:	462a      	mov	r2, r5
3418c538:	e7eb      	b.n	3418c512 <memmove+0xf6>
3418c53a:	4603      	mov	r3, r0
3418c53c:	4615      	mov	r5, r2
3418c53e:	e7d4      	b.n	3418c4ea <memmove+0xce>

3418c540 <strncpy>:
3418c540:	ea40 0301 	orr.w	r3, r0, r1
3418c544:	079b      	lsls	r3, r3, #30
3418c546:	b510      	push	{r4, lr}
3418c548:	4604      	mov	r4, r0
3418c54a:	d101      	bne.n	3418c550 <strncpy+0x10>
3418c54c:	2a03      	cmp	r2, #3
3418c54e:	d819      	bhi.n	3418c584 <strncpy+0x44>
3418c550:	46a4      	mov	ip, r4
3418c552:	f101 3eff 	add.w	lr, r1, #4294967295	@ 0xffffffff
3418c556:	e007      	b.n	3418c568 <strncpy+0x28>
3418c558:	f81e 1f01 	ldrb.w	r1, [lr, #1]!
3418c55c:	1e50      	subs	r0, r2, #1
3418c55e:	f803 1b01 	strb.w	r1, [r3], #1
3418c562:	b131      	cbz	r1, 3418c572 <strncpy+0x32>
3418c564:	4602      	mov	r2, r0
3418c566:	469c      	mov	ip, r3
3418c568:	4663      	mov	r3, ip
3418c56a:	2a00      	cmp	r2, #0
3418c56c:	d1f4      	bne.n	3418c558 <strncpy+0x18>
3418c56e:	4620      	mov	r0, r4
3418c570:	bd10      	pop	{r4, pc}
3418c572:	2800      	cmp	r0, #0
3418c574:	d0fb      	beq.n	3418c56e <strncpy+0x2e>
3418c576:	4494      	add	ip, r2
3418c578:	f803 1b01 	strb.w	r1, [r3], #1
3418c57c:	4563      	cmp	r3, ip
3418c57e:	d1fb      	bne.n	3418c578 <strncpy+0x38>
3418c580:	4620      	mov	r0, r4
3418c582:	bd10      	pop	{r4, pc}
3418c584:	4608      	mov	r0, r1
3418c586:	46a4      	mov	ip, r4
3418c588:	f8d0 e000 	ldr.w	lr, [r0]
3418c58c:	4601      	mov	r1, r0
3418c58e:	3004      	adds	r0, #4
3418c590:	f1ae 3301 	sub.w	r3, lr, #16843009	@ 0x1010101
3418c594:	ea23 030e 	bic.w	r3, r3, lr
3418c598:	f013 3f80 	tst.w	r3, #2155905152	@ 0x80808080
3418c59c:	d1d9      	bne.n	3418c552 <strncpy+0x12>
3418c59e:	3a04      	subs	r2, #4
3418c5a0:	f84c eb04 	str.w	lr, [ip], #4
3418c5a4:	2a03      	cmp	r2, #3
3418c5a6:	d8ef      	bhi.n	3418c588 <strncpy+0x48>
3418c5a8:	4601      	mov	r1, r0
3418c5aa:	e7d2      	b.n	3418c552 <strncpy+0x12>

3418c5ac <__locale_mb_cur_max>:
3418c5ac:	4b01      	ldr	r3, [pc, #4]	@ (3418c5b4 <__locale_mb_cur_max+0x8>)
3418c5ae:	f893 0210 	ldrb.w	r0, [r3, #528]	@ 0x210
3418c5b2:	4770      	bx	lr
3418c5b4:	341c063c 	.word	0x341c063c

3418c5b8 <_localeconv_r>:
3418c5b8:	4800      	ldr	r0, [pc, #0]	@ (3418c5bc <_localeconv_r+0x4>)
3418c5ba:	4770      	bx	lr
3418c5bc:	341c0814 	.word	0x341c0814

3418c5c0 <_close_r>:
3418c5c0:	b538      	push	{r3, r4, r5, lr}
3418c5c2:	2300      	movs	r3, #0
3418c5c4:	4c06      	ldr	r4, [pc, #24]	@ (3418c5e0 <_close_r+0x20>)
3418c5c6:	4605      	mov	r5, r0
3418c5c8:	4608      	mov	r0, r1
3418c5ca:	6023      	str	r3, [r4, #0]
3418c5cc:	f003 f9e0 	bl	3418f990 <_close>
3418c5d0:	1c43      	adds	r3, r0, #1
3418c5d2:	d000      	beq.n	3418c5d6 <_close_r+0x16>
3418c5d4:	bd38      	pop	{r3, r4, r5, pc}
3418c5d6:	6823      	ldr	r3, [r4, #0]
3418c5d8:	2b00      	cmp	r3, #0
3418c5da:	d0fb      	beq.n	3418c5d4 <_close_r+0x14>
3418c5dc:	602b      	str	r3, [r5, #0]
3418c5de:	bd38      	pop	{r3, r4, r5, pc}
3418c5e0:	341c31e0 	.word	0x341c31e0

3418c5e4 <_lseek_r>:
3418c5e4:	b538      	push	{r3, r4, r5, lr}
3418c5e6:	4c08      	ldr	r4, [pc, #32]	@ (3418c608 <_lseek_r+0x24>)
3418c5e8:	4605      	mov	r5, r0
3418c5ea:	4608      	mov	r0, r1
3418c5ec:	4611      	mov	r1, r2
3418c5ee:	461a      	mov	r2, r3
3418c5f0:	2300      	movs	r3, #0
3418c5f2:	6023      	str	r3, [r4, #0]
3418c5f4:	f003 f9f4 	bl	3418f9e0 <_lseek>
3418c5f8:	1c43      	adds	r3, r0, #1
3418c5fa:	d000      	beq.n	3418c5fe <_lseek_r+0x1a>
3418c5fc:	bd38      	pop	{r3, r4, r5, pc}
3418c5fe:	6823      	ldr	r3, [r4, #0]
3418c600:	2b00      	cmp	r3, #0
3418c602:	d0fb      	beq.n	3418c5fc <_lseek_r+0x18>
3418c604:	602b      	str	r3, [r5, #0]
3418c606:	bd38      	pop	{r3, r4, r5, pc}
3418c608:	341c31e0 	.word	0x341c31e0

3418c60c <_read_r>:
3418c60c:	b538      	push	{r3, r4, r5, lr}
3418c60e:	4c08      	ldr	r4, [pc, #32]	@ (3418c630 <_read_r+0x24>)
3418c610:	4605      	mov	r5, r0
3418c612:	4608      	mov	r0, r1
3418c614:	4611      	mov	r1, r2
3418c616:	461a      	mov	r2, r3
3418c618:	2300      	movs	r3, #0
3418c61a:	6023      	str	r3, [r4, #0]
3418c61c:	f7f8 f83e 	bl	3418469c <__wrap__read>
3418c620:	1c43      	adds	r3, r0, #1
3418c622:	d000      	beq.n	3418c626 <_read_r+0x1a>
3418c624:	bd38      	pop	{r3, r4, r5, pc}
3418c626:	6823      	ldr	r3, [r4, #0]
3418c628:	2b00      	cmp	r3, #0
3418c62a:	d0fb      	beq.n	3418c624 <_read_r+0x18>
3418c62c:	602b      	str	r3, [r5, #0]
3418c62e:	bd38      	pop	{r3, r4, r5, pc}
3418c630:	341c31e0 	.word	0x341c31e0

3418c634 <_write_r>:
3418c634:	b538      	push	{r3, r4, r5, lr}
3418c636:	4c08      	ldr	r4, [pc, #32]	@ (3418c658 <_write_r+0x24>)
3418c638:	4605      	mov	r5, r0
3418c63a:	4608      	mov	r0, r1
3418c63c:	4611      	mov	r1, r2
3418c63e:	461a      	mov	r2, r3
3418c640:	2300      	movs	r3, #0
3418c642:	6023      	str	r3, [r4, #0]
3418c644:	f7f7 fffe 	bl	34184644 <__wrap__write>
3418c648:	1c43      	adds	r3, r0, #1
3418c64a:	d000      	beq.n	3418c64e <_write_r+0x1a>
3418c64c:	bd38      	pop	{r3, r4, r5, pc}
3418c64e:	6823      	ldr	r3, [r4, #0]
3418c650:	2b00      	cmp	r3, #0
3418c652:	d0fb      	beq.n	3418c64c <_write_r+0x18>
3418c654:	602b      	str	r3, [r5, #0]
3418c656:	bd38      	pop	{r3, r4, r5, pc}
3418c658:	341c31e0 	.word	0x341c31e0

3418c65c <memchr>:
3418c65c:	0783      	lsls	r3, r0, #30
3418c65e:	b2c9      	uxtb	r1, r1
3418c660:	d00f      	beq.n	3418c682 <memchr+0x26>
3418c662:	4603      	mov	r3, r0
3418c664:	e007      	b.n	3418c676 <memchr+0x1a>
3418c666:	f893 c000 	ldrb.w	ip, [r3]
3418c66a:	3a01      	subs	r2, #1
3418c66c:	3301      	adds	r3, #1
3418c66e:	458c      	cmp	ip, r1
3418c670:	d005      	beq.n	3418c67e <memchr+0x22>
3418c672:	0798      	lsls	r0, r3, #30
3418c674:	d004      	beq.n	3418c680 <memchr+0x24>
3418c676:	4618      	mov	r0, r3
3418c678:	2a00      	cmp	r2, #0
3418c67a:	d1f4      	bne.n	3418c666 <memchr+0xa>
3418c67c:	2000      	movs	r0, #0
3418c67e:	4770      	bx	lr
3418c680:	4618      	mov	r0, r3
3418c682:	2a03      	cmp	r2, #3
3418c684:	d80d      	bhi.n	3418c6a2 <memchr+0x46>
3418c686:	2a00      	cmp	r2, #0
3418c688:	d0f8      	beq.n	3418c67c <memchr+0x20>
3418c68a:	4603      	mov	r3, r0
3418c68c:	4402      	add	r2, r0
3418c68e:	e001      	b.n	3418c694 <memchr+0x38>
3418c690:	429a      	cmp	r2, r3
3418c692:	d0f3      	beq.n	3418c67c <memchr+0x20>
3418c694:	f893 c000 	ldrb.w	ip, [r3]
3418c698:	4618      	mov	r0, r3
3418c69a:	3301      	adds	r3, #1
3418c69c:	458c      	cmp	ip, r1
3418c69e:	d1f7      	bne.n	3418c690 <memchr+0x34>
3418c6a0:	4770      	bx	lr
3418c6a2:	eb01 2301 	add.w	r3, r1, r1, lsl #8
3418c6a6:	b510      	push	{r4, lr}
3418c6a8:	4686      	mov	lr, r0
3418c6aa:	eb03 4403 	add.w	r4, r3, r3, lsl #16
3418c6ae:	f8de 3000 	ldr.w	r3, [lr]
3418c6b2:	4670      	mov	r0, lr
3418c6b4:	f10e 0e04 	add.w	lr, lr, #4
3418c6b8:	4063      	eors	r3, r4
3418c6ba:	f1a3 3c01 	sub.w	ip, r3, #16843009	@ 0x1010101
3418c6be:	ea2c 0303 	bic.w	r3, ip, r3
3418c6c2:	f013 3f80 	tst.w	r3, #2155905152	@ 0x80808080
3418c6c6:	d104      	bne.n	3418c6d2 <memchr+0x76>
3418c6c8:	3a04      	subs	r2, #4
3418c6ca:	2a03      	cmp	r2, #3
3418c6cc:	d8ef      	bhi.n	3418c6ae <memchr+0x52>
3418c6ce:	4670      	mov	r0, lr
3418c6d0:	b15a      	cbz	r2, 3418c6ea <memchr+0x8e>
3418c6d2:	4603      	mov	r3, r0
3418c6d4:	4402      	add	r2, r0
3418c6d6:	e001      	b.n	3418c6dc <memchr+0x80>
3418c6d8:	429a      	cmp	r2, r3
3418c6da:	d006      	beq.n	3418c6ea <memchr+0x8e>
3418c6dc:	f893 c000 	ldrb.w	ip, [r3]
3418c6e0:	4618      	mov	r0, r3
3418c6e2:	3301      	adds	r3, #1
3418c6e4:	458c      	cmp	ip, r1
3418c6e6:	d1f7      	bne.n	3418c6d8 <memchr+0x7c>
3418c6e8:	bd10      	pop	{r4, pc}
3418c6ea:	2000      	movs	r0, #0
3418c6ec:	bd10      	pop	{r4, pc}
3418c6ee:	bf00      	nop

3418c6f0 <_wcrtomb_r>:
3418c6f0:	b530      	push	{r4, r5, lr}
3418c6f2:	4604      	mov	r4, r0
3418c6f4:	b087      	sub	sp, #28
3418c6f6:	b15b      	cbz	r3, 3418c710 <_wcrtomb_r+0x20>
3418c6f8:	4810      	ldr	r0, [pc, #64]	@ (3418c73c <_wcrtomb_r+0x4c>)
3418c6fa:	9301      	str	r3, [sp, #4]
3418c6fc:	f8d0 51c8 	ldr.w	r5, [r0, #456]	@ 0x1c8
3418c700:	b171      	cbz	r1, 3418c720 <_wcrtomb_r+0x30>
3418c702:	4620      	mov	r0, r4
3418c704:	47a8      	blx	r5
3418c706:	1c42      	adds	r2, r0, #1
3418c708:	9b01      	ldr	r3, [sp, #4]
3418c70a:	d010      	beq.n	3418c72e <_wcrtomb_r+0x3e>
3418c70c:	b007      	add	sp, #28
3418c70e:	bd30      	pop	{r4, r5, pc}
3418c710:	f500 7382 	add.w	r3, r0, #260	@ 0x104
3418c714:	4809      	ldr	r0, [pc, #36]	@ (3418c73c <_wcrtomb_r+0x4c>)
3418c716:	9301      	str	r3, [sp, #4]
3418c718:	f8d0 51c8 	ldr.w	r5, [r0, #456]	@ 0x1c8
3418c71c:	2900      	cmp	r1, #0
3418c71e:	d1f0      	bne.n	3418c702 <_wcrtomb_r+0x12>
3418c720:	460a      	mov	r2, r1
3418c722:	4620      	mov	r0, r4
3418c724:	a903      	add	r1, sp, #12
3418c726:	47a8      	blx	r5
3418c728:	1c42      	adds	r2, r0, #1
3418c72a:	9b01      	ldr	r3, [sp, #4]
3418c72c:	d1ee      	bne.n	3418c70c <_wcrtomb_r+0x1c>
3418c72e:	2100      	movs	r1, #0
3418c730:	228a      	movs	r2, #138	@ 0x8a
3418c732:	6019      	str	r1, [r3, #0]
3418c734:	6022      	str	r2, [r4, #0]
3418c736:	b007      	add	sp, #28
3418c738:	bd30      	pop	{r4, r5, pc}
3418c73a:	bf00      	nop
3418c73c:	341c063c 	.word	0x341c063c

3418c740 <_wcsrtombs_r>:
3418c740:	b510      	push	{r4, lr}
3418c742:	b082      	sub	sp, #8
3418c744:	9c04      	ldr	r4, [sp, #16]
3418c746:	9300      	str	r3, [sp, #0]
3418c748:	f04f 33ff 	mov.w	r3, #4294967295	@ 0xffffffff
3418c74c:	9401      	str	r4, [sp, #4]
3418c74e:	f001 fd83 	bl	3418e258 <_wcsnrtombs_r>
3418c752:	b002      	add	sp, #8
3418c754:	bd10      	pop	{r4, pc}
3418c756:	bf00      	nop

3418c758 <frexp>:
3418c758:	f84d bd04 	str.w	fp, [sp, #-4]!
3418c75c:	b083      	sub	sp, #12
3418c75e:	f8df c078 	ldr.w	ip, [pc, #120]	@ 3418c7d8 <frexp+0x80>
3418c762:	2100      	movs	r1, #0
3418c764:	ed8d 0b00 	vstr	d0, [sp]
3418c768:	9a01      	ldr	r2, [sp, #4]
3418c76a:	6001      	str	r1, [r0, #0]
3418c76c:	f022 4300 	bic.w	r3, r2, #2147483648	@ 0x80000000
3418c770:	4563      	cmp	r3, ip
3418c772:	d825      	bhi.n	3418c7c0 <frexp+0x68>
3418c774:	f8dd c000 	ldr.w	ip, [sp]
3418c778:	ea53 0c0c 	orrs.w	ip, r3, ip
3418c77c:	d020      	beq.n	3418c7c0 <frexp+0x68>
3418c77e:	f8df c05c 	ldr.w	ip, [pc, #92]	@ 3418c7dc <frexp+0x84>
3418c782:	ea02 0c0c 	and.w	ip, r2, ip
3418c786:	f1bc 0f00 	cmp.w	ip, #0
3418c78a:	d10a      	bne.n	3418c7a2 <frexp+0x4a>
3418c78c:	f06f 0135 	mvn.w	r1, #53	@ 0x35
3418c790:	ed9f 7b0f 	vldr	d7, [pc, #60]	@ 3418c7d0 <frexp+0x78>
3418c794:	ee20 7b07 	vmul.f64	d7, d0, d7
3418c798:	ed8d 7b00 	vstr	d7, [sp]
3418c79c:	9a01      	ldr	r2, [sp, #4]
3418c79e:	f022 4300 	bic.w	r3, r2, #2147483648	@ 0x80000000
3418c7a2:	151b      	asrs	r3, r3, #20
3418c7a4:	f36f 521e 	bfc	r2, #20, #11
3418c7a8:	e9dd bc00 	ldrd	fp, ip, [sp]
3418c7ac:	f2a3 33fe 	subw	r3, r3, #1022	@ 0x3fe
3418c7b0:	f8df c02c 	ldr.w	ip, [pc, #44]	@ 3418c7e0 <frexp+0x88>
3418c7b4:	440b      	add	r3, r1
3418c7b6:	ea42 0c0c 	orr.w	ip, r2, ip
3418c7ba:	6003      	str	r3, [r0, #0]
3418c7bc:	e9cd bc00 	strd	fp, ip, [sp]
3418c7c0:	ed9d 0b00 	vldr	d0, [sp]
3418c7c4:	b003      	add	sp, #12
3418c7c6:	f85d bb04 	ldr.w	fp, [sp], #4
3418c7ca:	4770      	bx	lr
3418c7cc:	f3af 8000 	nop.w
3418c7d0:	00000000 	.word	0x00000000
3418c7d4:	43500000 	.word	0x43500000
3418c7d8:	7fefffff 	.word	0x7fefffff
3418c7dc:	7ff00000 	.word	0x7ff00000
3418c7e0:	3fe00000 	.word	0x3fe00000

3418c7e4 <quorem>:
3418c7e4:	e92d 4ff0 	stmdb	sp!, {r4, r5, r6, r7, r8, r9, sl, fp, lr}
3418c7e8:	6903      	ldr	r3, [r0, #16]
3418c7ea:	b085      	sub	sp, #20
3418c7ec:	690c      	ldr	r4, [r1, #16]
3418c7ee:	42a3      	cmp	r3, r4
3418c7f0:	f2c0 8092 	blt.w	3418c918 <quorem+0x134>
3418c7f4:	3c01      	subs	r4, #1
3418c7f6:	f101 0514 	add.w	r5, r1, #20
3418c7fa:	f100 0814 	add.w	r8, r0, #20
3418c7fe:	4686      	mov	lr, r0
3418c800:	f855 3024 	ldr.w	r3, [r5, r4, lsl #2]
3418c804:	eb05 0784 	add.w	r7, r5, r4, lsl #2
3418c808:	f858 0024 	ldr.w	r0, [r8, r4, lsl #2]
3418c80c:	eb08 0a84 	add.w	sl, r8, r4, lsl #2
3418c810:	3301      	adds	r3, #1
3418c812:	4298      	cmp	r0, r3
3418c814:	fbb0 f6f3 	udiv	r6, r0, r3
3418c818:	d345      	bcc.n	3418c8a6 <quorem+0xc2>
3418c81a:	46a9      	mov	r9, r5
3418c81c:	9501      	str	r5, [sp, #4]
3418c81e:	f8cd e008 	str.w	lr, [sp, #8]
3418c822:	2300      	movs	r3, #0
3418c824:	9103      	str	r1, [sp, #12]
3418c826:	ea4f 0b84 	mov.w	fp, r4, lsl #2
3418c82a:	4649      	mov	r1, r9
3418c82c:	2500      	movs	r5, #0
3418c82e:	46a6      	mov	lr, r4
3418c830:	46c1      	mov	r9, r8
3418c832:	f851 0b04 	ldr.w	r0, [r1], #4
3418c836:	f8d9 4000 	ldr.w	r4, [r9]
3418c83a:	fa1f fc80 	uxth.w	ip, r0
3418c83e:	428f      	cmp	r7, r1
3418c840:	ea4f 4010 	mov.w	r0, r0, lsr #16
3418c844:	fb06 5c0c 	mla	ip, r6, ip, r5
3418c848:	b2a2      	uxth	r2, r4
3418c84a:	ea4f 451c 	mov.w	r5, ip, lsr #16
3418c84e:	fa1f fc8c 	uxth.w	ip, ip
3418c852:	fb06 5500 	mla	r5, r6, r0, r5
3418c856:	eba2 020c 	sub.w	r2, r2, ip
3418c85a:	441a      	add	r2, r3
3418c85c:	b2ab      	uxth	r3, r5
3418c85e:	ea4f 4515 	mov.w	r5, r5, lsr #16
3418c862:	ebc3 4322 	rsb	r3, r3, r2, asr #16
3418c866:	b292      	uxth	r2, r2
3418c868:	eb03 4314 	add.w	r3, r3, r4, lsr #16
3418c86c:	ea42 4203 	orr.w	r2, r2, r3, lsl #16
3418c870:	ea4f 4323 	mov.w	r3, r3, asr #16
3418c874:	f849 2b04 	str.w	r2, [r9], #4
3418c878:	d2db      	bcs.n	3418c832 <quorem+0x4e>
3418c87a:	f858 300b 	ldr.w	r3, [r8, fp]
3418c87e:	4674      	mov	r4, lr
3418c880:	9d01      	ldr	r5, [sp, #4]
3418c882:	e9dd e102 	ldrd	lr, r1, [sp, #8]
3418c886:	b973      	cbnz	r3, 3418c8a6 <quorem+0xc2>
3418c888:	f1aa 0204 	sub.w	r2, sl, #4
3418c88c:	4590      	cmp	r8, r2
3418c88e:	d304      	bcc.n	3418c89a <quorem+0xb6>
3418c890:	e007      	b.n	3418c8a2 <quorem+0xbe>
3418c892:	4590      	cmp	r8, r2
3418c894:	f104 34ff 	add.w	r4, r4, #4294967295	@ 0xffffffff
3418c898:	d203      	bcs.n	3418c8a2 <quorem+0xbe>
3418c89a:	6813      	ldr	r3, [r2, #0]
3418c89c:	3a04      	subs	r2, #4
3418c89e:	2b00      	cmp	r3, #0
3418c8a0:	d0f7      	beq.n	3418c892 <quorem+0xae>
3418c8a2:	f8ce 4010 	str.w	r4, [lr, #16]
3418c8a6:	4670      	mov	r0, lr
3418c8a8:	46f1      	mov	r9, lr
3418c8aa:	f001 fa03 	bl	3418dcb4 <__mcmp>
3418c8ae:	2800      	cmp	r0, #0
3418c8b0:	db2e      	blt.n	3418c910 <quorem+0x12c>
3418c8b2:	3601      	adds	r6, #1
3418c8b4:	4641      	mov	r1, r8
3418c8b6:	f04f 0c00 	mov.w	ip, #0
3418c8ba:	f855 0b04 	ldr.w	r0, [r5], #4
3418c8be:	680b      	ldr	r3, [r1, #0]
3418c8c0:	fa1f fe80 	uxth.w	lr, r0
3418c8c4:	42af      	cmp	r7, r5
3418c8c6:	b29a      	uxth	r2, r3
3418c8c8:	ea4f 4010 	mov.w	r0, r0, lsr #16
3418c8cc:	eba2 020e 	sub.w	r2, r2, lr
3418c8d0:	4462      	add	r2, ip
3418c8d2:	ebc0 4022 	rsb	r0, r0, r2, asr #16
3418c8d6:	b292      	uxth	r2, r2
3418c8d8:	eb00 4013 	add.w	r0, r0, r3, lsr #16
3418c8dc:	ea42 4200 	orr.w	r2, r2, r0, lsl #16
3418c8e0:	ea4f 4c20 	mov.w	ip, r0, asr #16
3418c8e4:	f841 2b04 	str.w	r2, [r1], #4
3418c8e8:	d2e7      	bcs.n	3418c8ba <quorem+0xd6>
3418c8ea:	f858 2024 	ldr.w	r2, [r8, r4, lsl #2]
3418c8ee:	eb08 0384 	add.w	r3, r8, r4, lsl #2
3418c8f2:	b96a      	cbnz	r2, 3418c910 <quorem+0x12c>
3418c8f4:	3b04      	subs	r3, #4
3418c8f6:	4598      	cmp	r8, r3
3418c8f8:	d304      	bcc.n	3418c904 <quorem+0x120>
3418c8fa:	e007      	b.n	3418c90c <quorem+0x128>
3418c8fc:	4598      	cmp	r8, r3
3418c8fe:	f104 34ff 	add.w	r4, r4, #4294967295	@ 0xffffffff
3418c902:	d203      	bcs.n	3418c90c <quorem+0x128>
3418c904:	681a      	ldr	r2, [r3, #0]
3418c906:	3b04      	subs	r3, #4
3418c908:	2a00      	cmp	r2, #0
3418c90a:	d0f7      	beq.n	3418c8fc <quorem+0x118>
3418c90c:	f8c9 4010 	str.w	r4, [r9, #16]
3418c910:	4630      	mov	r0, r6
3418c912:	b005      	add	sp, #20
3418c914:	e8bd 8ff0 	ldmia.w	sp!, {r4, r5, r6, r7, r8, r9, sl, fp, pc}
3418c918:	2000      	movs	r0, #0
3418c91a:	b005      	add	sp, #20
3418c91c:	e8bd 8ff0 	ldmia.w	sp!, {r4, r5, r6, r7, r8, r9, sl, fp, pc}

3418c920 <_dtoa_r>:
3418c920:	e92d 4ff0 	stmdb	sp!, {r4, r5, r6, r7, r8, r9, sl, fp, lr}
3418c924:	468b      	mov	fp, r1
3418c926:	b093      	sub	sp, #76	@ 0x4c
3418c928:	6b81      	ldr	r1, [r0, #56]	@ 0x38
3418c92a:	4604      	mov	r4, r0
3418c92c:	9d1c      	ldr	r5, [sp, #112]	@ 0x70
3418c92e:	9306      	str	r3, [sp, #24]
3418c930:	9204      	str	r2, [sp, #16]
3418c932:	ec57 6b10 	vmov	r6, r7, d0
3418c936:	ed8d 0b02 	vstr	d0, [sp, #8]
3418c93a:	b141      	cbz	r1, 3418c94e <_dtoa_r+0x2e>
3418c93c:	6bc2      	ldr	r2, [r0, #60]	@ 0x3c
3418c93e:	2301      	movs	r3, #1
3418c940:	4093      	lsls	r3, r2
3418c942:	604a      	str	r2, [r1, #4]
3418c944:	608b      	str	r3, [r1, #8]
3418c946:	f000 ff2d 	bl	3418d7a4 <_Bfree>
3418c94a:	2300      	movs	r3, #0
3418c94c:	63a3      	str	r3, [r4, #56]	@ 0x38
3418c94e:	f1b7 0800 	subs.w	r8, r7, #0
3418c952:	f2c0 8099 	blt.w	3418ca88 <_dtoa_r+0x168>
3418c956:	2300      	movs	r3, #0
3418c958:	602b      	str	r3, [r5, #0]
3418c95a:	4b6d      	ldr	r3, [pc, #436]	@ (3418cb10 <_dtoa_r+0x1f0>)
3418c95c:	ea33 0308 	bics.w	r3, r3, r8
3418c960:	f000 809d 	beq.w	3418ca9e <_dtoa_r+0x17e>
3418c964:	ed9d 6b02 	vldr	d6, [sp, #8]
3418c968:	eeb5 6b40 	vcmp.f64	d6, #0.0
3418c96c:	eef1 fa10 	vmrs	APSR_nzcv, fpscr
3418c970:	d10d      	bne.n	3418c98e <_dtoa_r+0x6e>
3418c972:	2301      	movs	r3, #1
3418c974:	9a06      	ldr	r2, [sp, #24]
3418c976:	6013      	str	r3, [r2, #0]
3418c978:	9b1d      	ldr	r3, [sp, #116]	@ 0x74
3418c97a:	b113      	cbz	r3, 3418c982 <_dtoa_r+0x62>
3418c97c:	4b65      	ldr	r3, [pc, #404]	@ (3418cb14 <_dtoa_r+0x1f4>)
3418c97e:	9a1d      	ldr	r2, [sp, #116]	@ 0x74
3418c980:	6013      	str	r3, [r2, #0]
3418c982:	f8df a19c 	ldr.w	sl, [pc, #412]	@ 3418cb20 <_dtoa_r+0x200>
3418c986:	4650      	mov	r0, sl
3418c988:	b013      	add	sp, #76	@ 0x4c
3418c98a:	e8bd 8ff0 	ldmia.w	sp!, {r4, r5, r6, r7, r8, r9, sl, fp, pc}
3418c98e:	eeb0 0b46 	vmov.f64	d0, d6
3418c992:	aa10      	add	r2, sp, #64	@ 0x40
3418c994:	a911      	add	r1, sp, #68	@ 0x44
3418c996:	4620      	mov	r0, r4
3418c998:	ed8d 6b00 	vstr	d6, [sp]
3418c99c:	f001 fa6e 	bl	3418de7c <__d2b>
3418c9a0:	9a10      	ldr	r2, [sp, #64]	@ 0x40
3418c9a2:	ea5f 5318 	movs.w	r3, r8, lsr #20
3418c9a6:	4605      	mov	r5, r0
3418c9a8:	ed9d 6b00 	vldr	d6, [sp]
3418c9ac:	f040 808e 	bne.w	3418cacc <_dtoa_r+0x1ac>
3418c9b0:	9b11      	ldr	r3, [sp, #68]	@ 0x44
3418c9b2:	4413      	add	r3, r2
3418c9b4:	f203 4132 	addw	r1, r3, #1074	@ 0x432
3418c9b8:	2920      	cmp	r1, #32
3418c9ba:	f340 81c2 	ble.w	3418cd42 <_dtoa_r+0x422>
3418c9be:	f1c1 0140 	rsb	r1, r1, #64	@ 0x40
3418c9c2:	fa08 f801 	lsl.w	r8, r8, r1
3418c9c6:	f203 4112 	addw	r1, r3, #1042	@ 0x412
3418c9ca:	fa26 f101 	lsr.w	r1, r6, r1
3418c9ce:	ea48 0101 	orr.w	r1, r8, r1
3418c9d2:	ee07 1a10 	vmov	s14, r1
3418c9d6:	eeb8 7b47 	vcvt.f64.u32	d7, s14
3418c9da:	2101      	movs	r1, #1
3418c9dc:	3b01      	subs	r3, #1
3418c9de:	910b      	str	r1, [sp, #44]	@ 0x2c
3418c9e0:	ee17 1a90 	vmov	r1, s15
3418c9e4:	f1a1 71f8 	sub.w	r1, r1, #32505856	@ 0x1f00000
3418c9e8:	eeb7 1b08 	vmov.f64	d1, #120	@ 0x3fc00000  1.5
3418c9ec:	ee07 1a90 	vmov	s15, r1
3418c9f0:	ee04 3a90 	vmov	s9, r3
3418c9f4:	ee37 7b41 	vsub.f64	d7, d7, d1
3418c9f8:	eeb8 3be4 	vcvt.f64.s32	d3, s9
3418c9fc:	ed9f 2b3e 	vldr	d2, [pc, #248]	@ 3418caf8 <_dtoa_r+0x1d8>
3418ca00:	ed9f 5b3f 	vldr	d5, [pc, #252]	@ 3418cb00 <_dtoa_r+0x1e0>
3418ca04:	ed9f 4b40 	vldr	d4, [pc, #256]	@ 3418cb08 <_dtoa_r+0x1e8>
3418ca08:	eea7 5b02 	vfma.f64	d5, d7, d2
3418ca0c:	eeb0 7b45 	vmov.f64	d7, d5
3418ca10:	eea3 7b04 	vfma.f64	d7, d3, d4
3418ca14:	eeb5 7bc0 	vcmpe.f64	d7, #0.0
3418ca18:	eefd 5bc7 	vcvt.s32.f64	s11, d7
3418ca1c:	eef1 fa10 	vmrs	APSR_nzcv, fpscr
3418ca20:	edcd 5a00 	vstr	s11, [sp]
3418ca24:	f100 8172 	bmi.w	3418cd0c <_dtoa_r+0x3ec>
3418ca28:	1ad3      	subs	r3, r2, r3
3418ca2a:	9a00      	ldr	r2, [sp, #0]
3418ca2c:	2a16      	cmp	r2, #22
3418ca2e:	f103 38ff 	add.w	r8, r3, #4294967295	@ 0xffffffff
3418ca32:	f200 8158 	bhi.w	3418cce6 <_dtoa_r+0x3c6>
3418ca36:	4938      	ldr	r1, [pc, #224]	@ (3418cb18 <_dtoa_r+0x1f8>)
3418ca38:	eb01 01c2 	add.w	r1, r1, r2, lsl #3
3418ca3c:	ed91 7b00 	vldr	d7, [r1]
3418ca40:	eeb4 6bc7 	vcmpe.f64	d6, d7
3418ca44:	eef1 fa10 	vmrs	APSR_nzcv, fpscr
3418ca48:	f100 8175 	bmi.w	3418cd36 <_dtoa_r+0x416>
3418ca4c:	2b00      	cmp	r3, #0
3418ca4e:	f340 8502 	ble.w	3418d456 <_dtoa_r+0xb36>
3418ca52:	2300      	movs	r3, #0
3418ca54:	4490      	add	r8, r2
3418ca56:	e9cd 2309 	strd	r2, r3, [sp, #36]	@ 0x24
3418ca5a:	9307      	str	r3, [sp, #28]
3418ca5c:	2300      	movs	r3, #0
3418ca5e:	9308      	str	r3, [sp, #32]
3418ca60:	f1bb 0f09 	cmp.w	fp, #9
3418ca64:	d862      	bhi.n	3418cb2c <_dtoa_r+0x20c>
3418ca66:	f1bb 0f05 	cmp.w	fp, #5
3418ca6a:	f340 8171 	ble.w	3418cd50 <_dtoa_r+0x430>
3418ca6e:	f1ab 0b04 	sub.w	fp, fp, #4
3418ca72:	2600      	movs	r6, #0
3418ca74:	f1ab 0302 	sub.w	r3, fp, #2
3418ca78:	2b03      	cmp	r3, #3
3418ca7a:	d859      	bhi.n	3418cb30 <_dtoa_r+0x210>
3418ca7c:	e8df f013 	tbh	[pc, r3, lsl #1]
3418ca80:	01ce01d1 	.word	0x01ce01d1
3418ca84:	016a01c4 	.word	0x016a01c4
3418ca88:	2301      	movs	r3, #1
3418ca8a:	f028 4800 	bic.w	r8, r8, #2147483648	@ 0x80000000
3418ca8e:	602b      	str	r3, [r5, #0]
3418ca90:	4b1f      	ldr	r3, [pc, #124]	@ (3418cb10 <_dtoa_r+0x1f0>)
3418ca92:	f8cd 800c 	str.w	r8, [sp, #12]
3418ca96:	ea33 0308 	bics.w	r3, r3, r8
3418ca9a:	f47f af63 	bne.w	3418c964 <_dtoa_r+0x44>
3418ca9e:	f3c8 0813 	ubfx	r8, r8, #0, #20
3418caa2:	f242 730f 	movw	r3, #9999	@ 0x270f
3418caa6:	9a06      	ldr	r2, [sp, #24]
3418caa8:	ea58 0806 	orrs.w	r8, r8, r6
3418caac:	6013      	str	r3, [r2, #0]
3418caae:	d01a      	beq.n	3418cae6 <_dtoa_r+0x1c6>
3418cab0:	9b1d      	ldr	r3, [sp, #116]	@ 0x74
3418cab2:	f8df a070 	ldr.w	sl, [pc, #112]	@ 3418cb24 <_dtoa_r+0x204>
3418cab6:	2b00      	cmp	r3, #0
3418cab8:	f43f af65 	beq.w	3418c986 <_dtoa_r+0x66>
3418cabc:	f10a 0303 	add.w	r3, sl, #3
3418cac0:	9a1d      	ldr	r2, [sp, #116]	@ 0x74
3418cac2:	4650      	mov	r0, sl
3418cac4:	6013      	str	r3, [r2, #0]
3418cac6:	b013      	add	sp, #76	@ 0x4c
3418cac8:	e8bd 8ff0 	ldmia.w	sp!, {r4, r5, r6, r7, r8, r9, sl, fp, pc}
3418cacc:	ee16 0a90 	vmov	r0, s13
3418cad0:	4912      	ldr	r1, [pc, #72]	@ (3418cb1c <_dtoa_r+0x1fc>)
3418cad2:	eeb0 7b46 	vmov.f64	d7, d6
3418cad6:	f2a3 33ff 	subw	r3, r3, #1023	@ 0x3ff
3418cada:	f3c0 0013 	ubfx	r0, r0, #0, #20
3418cade:	4301      	orrs	r1, r0
3418cae0:	2000      	movs	r0, #0
3418cae2:	900b      	str	r0, [sp, #44]	@ 0x2c
3418cae4:	e780      	b.n	3418c9e8 <_dtoa_r+0xc8>
3418cae6:	9b1d      	ldr	r3, [sp, #116]	@ 0x74
3418cae8:	f8df a03c 	ldr.w	sl, [pc, #60]	@ 3418cb28 <_dtoa_r+0x208>
3418caec:	2b00      	cmp	r3, #0
3418caee:	f43f af4a 	beq.w	3418c986 <_dtoa_r+0x66>
3418caf2:	f10a 0308 	add.w	r3, sl, #8
3418caf6:	e7e3      	b.n	3418cac0 <_dtoa_r+0x1a0>
3418caf8:	636f4361 	.word	0x636f4361
3418cafc:	3fd287a7 	.word	0x3fd287a7
3418cb00:	8b60c8b3 	.word	0x8b60c8b3
3418cb04:	3fc68a28 	.word	0x3fc68a28
3418cb08:	509f79fb 	.word	0x509f79fb
3418cb0c:	3fd34413 	.word	0x3fd34413
3418cb10:	7ff00000 	.word	0x7ff00000
3418cb14:	3418feb5 	.word	0x3418feb5
3418cb18:	34190298 	.word	0x34190298
3418cb1c:	3ff00000 	.word	0x3ff00000
3418cb20:	3418feb4 	.word	0x3418feb4
3418cb24:	3418ff0c 	.word	0x3418ff0c
3418cb28:	3418ff00 	.word	0x3418ff00
3418cb2c:	f04f 0b00 	mov.w	fp, #0
3418cb30:	2100      	movs	r1, #0
3418cb32:	4620      	mov	r0, r4
3418cb34:	63e1      	str	r1, [r4, #60]	@ 0x3c
3418cb36:	ed8d 6b04 	vstr	d6, [sp, #16]
3418cb3a:	f000 fe0d 	bl	3418d758 <_Balloc>
3418cb3e:	4682      	mov	sl, r0
3418cb40:	ed9d 6b04 	vldr	d6, [sp, #16]
3418cb44:	2800      	cmp	r0, #0
3418cb46:	f000 857f 	beq.w	3418d648 <_dtoa_r+0xd28>
3418cb4a:	9a00      	ldr	r2, [sp, #0]
3418cb4c:	9b11      	ldr	r3, [sp, #68]	@ 0x44
3418cb4e:	2a0e      	cmp	r2, #14
3418cb50:	f8c4 a038 	str.w	sl, [r4, #56]	@ 0x38
3418cb54:	dc02      	bgt.n	3418cb5c <_dtoa_r+0x23c>
3418cb56:	2b00      	cmp	r3, #0
3418cb58:	f280 84e6 	bge.w	3418d528 <_dtoa_r+0xc08>
3418cb5c:	f04f 32ff 	mov.w	r2, #4294967295	@ 0xffffffff
3418cb60:	2100      	movs	r1, #0
3418cb62:	4691      	mov	r9, r2
3418cb64:	920e      	str	r2, [sp, #56]	@ 0x38
3418cb66:	9104      	str	r1, [sp, #16]
3418cb68:	9a0b      	ldr	r2, [sp, #44]	@ 0x2c
3418cb6a:	2a00      	cmp	r2, #0
3418cb6c:	f040 81b2 	bne.w	3418ced4 <_dtoa_r+0x5b4>
3418cb70:	9b10      	ldr	r3, [sp, #64]	@ 0x40
3418cb72:	f1c3 0336 	rsb	r3, r3, #54	@ 0x36
3418cb76:	9a07      	ldr	r2, [sp, #28]
3418cb78:	4498      	add	r8, r3
3418cb7a:	9f08      	ldr	r7, [sp, #32]
3418cb7c:	18d3      	adds	r3, r2, r3
3418cb7e:	920b      	str	r2, [sp, #44]	@ 0x2c
3418cb80:	9307      	str	r3, [sp, #28]
3418cb82:	2101      	movs	r1, #1
3418cb84:	4620      	mov	r0, r4
3418cb86:	f000 fed5 	bl	3418d934 <__i2b>
3418cb8a:	9b0b      	ldr	r3, [sp, #44]	@ 0x2c
3418cb8c:	4606      	mov	r6, r0
3418cb8e:	2b00      	cmp	r3, #0
3418cb90:	f000 848e 	beq.w	3418d4b0 <_dtoa_r+0xb90>
3418cb94:	f1b8 0f00 	cmp.w	r8, #0
3418cb98:	f340 848a 	ble.w	3418d4b0 <_dtoa_r+0xb90>
3418cb9c:	9a0b      	ldr	r2, [sp, #44]	@ 0x2c
3418cb9e:	9907      	ldr	r1, [sp, #28]
3418cba0:	4542      	cmp	r2, r8
3418cba2:	4613      	mov	r3, r2
3418cba4:	bfa8      	it	ge
3418cba6:	4643      	movge	r3, r8
3418cba8:	1ac9      	subs	r1, r1, r3
3418cbaa:	1ad2      	subs	r2, r2, r3
3418cbac:	eba8 0803 	sub.w	r8, r8, r3
3418cbb0:	9b08      	ldr	r3, [sp, #32]
3418cbb2:	9107      	str	r1, [sp, #28]
3418cbb4:	920b      	str	r2, [sp, #44]	@ 0x2c
3418cbb6:	b1bb      	cbz	r3, 3418cbe8 <_dtoa_r+0x2c8>
3418cbb8:	2f00      	cmp	r7, #0
3418cbba:	f000 84d6 	beq.w	3418d56a <_dtoa_r+0xc4a>
3418cbbe:	4631      	mov	r1, r6
3418cbc0:	463a      	mov	r2, r7
3418cbc2:	4620      	mov	r0, r4
3418cbc4:	f000 ffa8 	bl	3418db18 <__pow5mult>
3418cbc8:	4606      	mov	r6, r0
3418cbca:	462a      	mov	r2, r5
3418cbcc:	4620      	mov	r0, r4
3418cbce:	4631      	mov	r1, r6
3418cbd0:	f000 fede 	bl	3418d990 <__multiply>
3418cbd4:	4629      	mov	r1, r5
3418cbd6:	900c      	str	r0, [sp, #48]	@ 0x30
3418cbd8:	4620      	mov	r0, r4
3418cbda:	f000 fde3 	bl	3418d7a4 <_Bfree>
3418cbde:	9b08      	ldr	r3, [sp, #32]
3418cbe0:	9d0c      	ldr	r5, [sp, #48]	@ 0x30
3418cbe2:	1bdf      	subs	r7, r3, r7
3418cbe4:	f040 8489 	bne.w	3418d4fa <_dtoa_r+0xbda>
3418cbe8:	2301      	movs	r3, #1
3418cbea:	9308      	str	r3, [sp, #32]
3418cbec:	2101      	movs	r1, #1
3418cbee:	4620      	mov	r0, r4
3418cbf0:	f000 fea0 	bl	3418d934 <__i2b>
3418cbf4:	9b09      	ldr	r3, [sp, #36]	@ 0x24
3418cbf6:	4607      	mov	r7, r0
3418cbf8:	2b00      	cmp	r3, #0
3418cbfa:	f040 8264 	bne.w	3418d0c6 <_dtoa_r+0x7a6>
3418cbfe:	f1bb 0f01 	cmp.w	fp, #1
3418cc02:	f340 82b5 	ble.w	3418d170 <_dtoa_r+0x850>
3418cc06:	2301      	movs	r3, #1
3418cc08:	4443      	add	r3, r8
3418cc0a:	f013 031f 	ands.w	r3, r3, #31
3418cc0e:	f000 8221 	beq.w	3418d054 <_dtoa_r+0x734>
3418cc12:	2b1b      	cmp	r3, #27
3418cc14:	f300 8343 	bgt.w	3418d29e <_dtoa_r+0x97e>
3418cc18:	f1c3 031c 	rsb	r3, r3, #28
3418cc1c:	9a07      	ldr	r2, [sp, #28]
3418cc1e:	4498      	add	r8, r3
3418cc20:	441a      	add	r2, r3
3418cc22:	9207      	str	r2, [sp, #28]
3418cc24:	9a0b      	ldr	r2, [sp, #44]	@ 0x2c
3418cc26:	441a      	add	r2, r3
3418cc28:	920b      	str	r2, [sp, #44]	@ 0x2c
3418cc2a:	9b07      	ldr	r3, [sp, #28]
3418cc2c:	2b00      	cmp	r3, #0
3418cc2e:	dd05      	ble.n	3418cc3c <_dtoa_r+0x31c>
3418cc30:	4629      	mov	r1, r5
3418cc32:	461a      	mov	r2, r3
3418cc34:	4620      	mov	r0, r4
3418cc36:	f000 ffcb 	bl	3418dbd0 <__lshift>
3418cc3a:	4605      	mov	r5, r0
3418cc3c:	f1b8 0f00 	cmp.w	r8, #0
3418cc40:	dd05      	ble.n	3418cc4e <_dtoa_r+0x32e>
3418cc42:	4639      	mov	r1, r7
3418cc44:	4642      	mov	r2, r8
3418cc46:	4620      	mov	r0, r4
3418cc48:	f000 ffc2 	bl	3418dbd0 <__lshift>
3418cc4c:	4607      	mov	r7, r0
3418cc4e:	f1bb 0f02 	cmp.w	fp, #2
3418cc52:	9b0a      	ldr	r3, [sp, #40]	@ 0x28
3418cc54:	bfd4      	ite	le
3418cc56:	f04f 0800 	movle.w	r8, #0
3418cc5a:	f04f 0801 	movgt.w	r8, #1
3418cc5e:	2b00      	cmp	r3, #0
3418cc60:	f040 8246 	bne.w	3418d0f0 <_dtoa_r+0x7d0>
3418cc64:	f1b9 0f00 	cmp.w	r9, #0
3418cc68:	f300 80de 	bgt.w	3418ce28 <_dtoa_r+0x508>
3418cc6c:	f1b8 0f00 	cmp.w	r8, #0
3418cc70:	f000 80da 	beq.w	3418ce28 <_dtoa_r+0x508>
3418cc74:	f1b9 0f00 	cmp.w	r9, #0
3418cc78:	f040 8214 	bne.w	3418d0a4 <_dtoa_r+0x784>
3418cc7c:	4639      	mov	r1, r7
3418cc7e:	464b      	mov	r3, r9
3418cc80:	2205      	movs	r2, #5
3418cc82:	4620      	mov	r0, r4
3418cc84:	f000 fd98 	bl	3418d7b8 <__multadd>
3418cc88:	4607      	mov	r7, r0
3418cc8a:	4628      	mov	r0, r5
3418cc8c:	4639      	mov	r1, r7
3418cc8e:	f001 f811 	bl	3418dcb4 <__mcmp>
3418cc92:	4548      	cmp	r0, r9
3418cc94:	f340 8206 	ble.w	3418d0a4 <_dtoa_r+0x784>
3418cc98:	9b00      	ldr	r3, [sp, #0]
3418cc9a:	46d3      	mov	fp, sl
3418cc9c:	f103 0801 	add.w	r8, r3, #1
3418cca0:	2331      	movs	r3, #49	@ 0x31
3418cca2:	f80b 3b01 	strb.w	r3, [fp], #1
3418cca6:	4639      	mov	r1, r7
3418cca8:	4620      	mov	r0, r4
3418ccaa:	f000 fd7b 	bl	3418d7a4 <_Bfree>
3418ccae:	f108 0301 	add.w	r3, r8, #1
3418ccb2:	9302      	str	r3, [sp, #8]
3418ccb4:	b11e      	cbz	r6, 3418ccbe <_dtoa_r+0x39e>
3418ccb6:	4631      	mov	r1, r6
3418ccb8:	4620      	mov	r0, r4
3418ccba:	f000 fd73 	bl	3418d7a4 <_Bfree>
3418ccbe:	4629      	mov	r1, r5
3418ccc0:	4620      	mov	r0, r4
3418ccc2:	f000 fd6f 	bl	3418d7a4 <_Bfree>
3418ccc6:	2300      	movs	r3, #0
3418ccc8:	9a02      	ldr	r2, [sp, #8]
3418ccca:	f88b 3000 	strb.w	r3, [fp]
3418ccce:	9b06      	ldr	r3, [sp, #24]
3418ccd0:	601a      	str	r2, [r3, #0]
3418ccd2:	9b1d      	ldr	r3, [sp, #116]	@ 0x74
3418ccd4:	2b00      	cmp	r3, #0
3418ccd6:	f43f ae56 	beq.w	3418c986 <_dtoa_r+0x66>
3418ccda:	4650      	mov	r0, sl
3418ccdc:	f8c3 b000 	str.w	fp, [r3]
3418cce0:	b013      	add	sp, #76	@ 0x4c
3418cce2:	e8bd 8ff0 	ldmia.w	sp!, {r4, r5, r6, r7, r8, r9, sl, fp, pc}
3418cce6:	2201      	movs	r2, #1
3418cce8:	920a      	str	r2, [sp, #40]	@ 0x28
3418ccea:	f1b8 0f00 	cmp.w	r8, #0
3418ccee:	db1c      	blt.n	3418cd2a <_dtoa_r+0x40a>
3418ccf0:	2300      	movs	r3, #0
3418ccf2:	9307      	str	r3, [sp, #28]
3418ccf4:	9b00      	ldr	r3, [sp, #0]
3418ccf6:	2b00      	cmp	r3, #0
3418ccf8:	da14      	bge.n	3418cd24 <_dtoa_r+0x404>
3418ccfa:	9a07      	ldr	r2, [sp, #28]
3418ccfc:	9b00      	ldr	r3, [sp, #0]
3418ccfe:	1ad2      	subs	r2, r2, r3
3418cd00:	425b      	negs	r3, r3
3418cd02:	9308      	str	r3, [sp, #32]
3418cd04:	2300      	movs	r3, #0
3418cd06:	9207      	str	r2, [sp, #28]
3418cd08:	9309      	str	r3, [sp, #36]	@ 0x24
3418cd0a:	e6a9      	b.n	3418ca60 <_dtoa_r+0x140>
3418cd0c:	eeb8 5be5 	vcvt.f64.s32	d5, s11
3418cd10:	eeb4 5b47 	vcmp.f64	d5, d7
3418cd14:	eef1 fa10 	vmrs	APSR_nzcv, fpscr
3418cd18:	f43f ae86 	beq.w	3418ca28 <_dtoa_r+0x108>
3418cd1c:	9900      	ldr	r1, [sp, #0]
3418cd1e:	3901      	subs	r1, #1
3418cd20:	9100      	str	r1, [sp, #0]
3418cd22:	e681      	b.n	3418ca28 <_dtoa_r+0x108>
3418cd24:	4498      	add	r8, r3
3418cd26:	9309      	str	r3, [sp, #36]	@ 0x24
3418cd28:	e698      	b.n	3418ca5c <_dtoa_r+0x13c>
3418cd2a:	f1c3 0301 	rsb	r3, r3, #1
3418cd2e:	f04f 0800 	mov.w	r8, #0
3418cd32:	9307      	str	r3, [sp, #28]
3418cd34:	e7de      	b.n	3418ccf4 <_dtoa_r+0x3d4>
3418cd36:	9a00      	ldr	r2, [sp, #0]
3418cd38:	3a01      	subs	r2, #1
3418cd3a:	9200      	str	r2, [sp, #0]
3418cd3c:	2200      	movs	r2, #0
3418cd3e:	920a      	str	r2, [sp, #40]	@ 0x28
3418cd40:	e7d3      	b.n	3418ccea <_dtoa_r+0x3ca>
3418cd42:	f1c1 0120 	rsb	r1, r1, #32
3418cd46:	fa06 f101 	lsl.w	r1, r6, r1
3418cd4a:	ee07 1a10 	vmov	s14, r1
3418cd4e:	e642      	b.n	3418c9d6 <_dtoa_r+0xb6>
3418cd50:	2601      	movs	r6, #1
3418cd52:	e68f      	b.n	3418ca74 <_dtoa_r+0x154>
3418cd54:	2301      	movs	r3, #1
3418cd56:	930f      	str	r3, [sp, #60]	@ 0x3c
3418cd58:	9b04      	ldr	r3, [sp, #16]
3418cd5a:	9a00      	ldr	r2, [sp, #0]
3418cd5c:	4413      	add	r3, r2
3418cd5e:	f103 0901 	add.w	r9, r3, #1
3418cd62:	930e      	str	r3, [sp, #56]	@ 0x38
3418cd64:	464f      	mov	r7, r9
3418cd66:	2f01      	cmp	r7, #1
3418cd68:	bfb8      	it	lt
3418cd6a:	2701      	movlt	r7, #1
3418cd6c:	2f17      	cmp	r7, #23
3418cd6e:	f340 84cc 	ble.w	3418d70a <_dtoa_r+0xdea>
3418cd72:	2201      	movs	r2, #1
3418cd74:	2304      	movs	r3, #4
3418cd76:	005b      	lsls	r3, r3, #1
3418cd78:	4611      	mov	r1, r2
3418cd7a:	3201      	adds	r2, #1
3418cd7c:	f103 0014 	add.w	r0, r3, #20
3418cd80:	42b8      	cmp	r0, r7
3418cd82:	d9f8      	bls.n	3418cd76 <_dtoa_r+0x456>
3418cd84:	63e1      	str	r1, [r4, #60]	@ 0x3c
3418cd86:	4620      	mov	r0, r4
3418cd88:	ed8d 6b0c 	vstr	d6, [sp, #48]	@ 0x30
3418cd8c:	f000 fce4 	bl	3418d758 <_Balloc>
3418cd90:	4682      	mov	sl, r0
3418cd92:	ed9d 6b0c 	vldr	d6, [sp, #48]	@ 0x30
3418cd96:	2800      	cmp	r0, #0
3418cd98:	f000 8456 	beq.w	3418d648 <_dtoa_r+0xd28>
3418cd9c:	f1b9 0f0e 	cmp.w	r9, #14
3418cda0:	63a0      	str	r0, [r4, #56]	@ 0x38
3418cda2:	f200 8135 	bhi.w	3418d010 <_dtoa_r+0x6f0>
3418cda6:	2e00      	cmp	r6, #0
3418cda8:	f000 8132 	beq.w	3418d010 <_dtoa_r+0x6f0>
3418cdac:	9a00      	ldr	r2, [sp, #0]
3418cdae:	2a00      	cmp	r2, #0
3418cdb0:	f340 8152 	ble.w	3418d058 <_dtoa_r+0x738>
3418cdb4:	49be      	ldr	r1, [pc, #760]	@ (3418d0b0 <_dtoa_r+0x790>)
3418cdb6:	f002 030f 	and.w	r3, r2, #15
3418cdba:	05d6      	lsls	r6, r2, #23
3418cdbc:	eb01 03c3 	add.w	r3, r1, r3, lsl #3
3418cdc0:	ed93 7b00 	vldr	d7, [r3]
3418cdc4:	ea4f 1322 	mov.w	r3, r2, asr #4
3418cdc8:	f140 81b9 	bpl.w	3418d13e <_dtoa_r+0x81e>
3418cdcc:	4ab9      	ldr	r2, [pc, #740]	@ (3418d0b4 <_dtoa_r+0x794>)
3418cdce:	f003 030f 	and.w	r3, r3, #15
3418cdd2:	2103      	movs	r1, #3
3418cdd4:	ed92 5b08 	vldr	d5, [r2, #32]
3418cdd8:	ee86 4b05 	vdiv.f64	d4, d6, d5
3418cddc:	2b00      	cmp	r3, #0
3418cdde:	d07c      	beq.n	3418ceda <_dtoa_r+0x5ba>
3418cde0:	4ab4      	ldr	r2, [pc, #720]	@ (3418d0b4 <_dtoa_r+0x794>)
3418cde2:	e001      	b.n	3418cde8 <_dtoa_r+0x4c8>
3418cde4:	105b      	asrs	r3, r3, #1
3418cde6:	3208      	adds	r2, #8
3418cde8:	07d8      	lsls	r0, r3, #31
3418cdea:	d403      	bmi.n	3418cdf4 <_dtoa_r+0x4d4>
3418cdec:	105b      	asrs	r3, r3, #1
3418cdee:	3208      	adds	r2, #8
3418cdf0:	07df      	lsls	r7, r3, #31
3418cdf2:	d5f7      	bpl.n	3418cde4 <_dtoa_r+0x4c4>
3418cdf4:	105b      	asrs	r3, r3, #1
3418cdf6:	f101 0101 	add.w	r1, r1, #1
3418cdfa:	ed92 5b00 	vldr	d5, [r2]
3418cdfe:	ee27 7b05 	vmul.f64	d7, d7, d5
3418ce02:	d06a      	beq.n	3418ceda <_dtoa_r+0x5ba>
3418ce04:	3208      	adds	r2, #8
3418ce06:	e7f3      	b.n	3418cdf0 <_dtoa_r+0x4d0>
3418ce08:	2301      	movs	r3, #1
3418ce0a:	930f      	str	r3, [sp, #60]	@ 0x3c
3418ce0c:	9b04      	ldr	r3, [sp, #16]
3418ce0e:	2b00      	cmp	r3, #0
3418ce10:	f340 8152 	ble.w	3418d0b8 <_dtoa_r+0x798>
3418ce14:	9f04      	ldr	r7, [sp, #16]
3418ce16:	46b9      	mov	r9, r7
3418ce18:	970e      	str	r7, [sp, #56]	@ 0x38
3418ce1a:	e7a7      	b.n	3418cd6c <_dtoa_r+0x44c>
3418ce1c:	2300      	movs	r3, #0
3418ce1e:	930f      	str	r3, [sp, #60]	@ 0x3c
3418ce20:	e79a      	b.n	3418cd58 <_dtoa_r+0x438>
3418ce22:	2300      	movs	r3, #0
3418ce24:	930f      	str	r3, [sp, #60]	@ 0x3c
3418ce26:	e7f1      	b.n	3418ce0c <_dtoa_r+0x4ec>
3418ce28:	9b08      	ldr	r3, [sp, #32]
3418ce2a:	2b00      	cmp	r3, #0
3418ce2c:	f040 8259 	bne.w	3418d2e2 <_dtoa_r+0x9c2>
3418ce30:	9b00      	ldr	r3, [sp, #0]
3418ce32:	3301      	adds	r3, #1
3418ce34:	9302      	str	r3, [sp, #8]
3418ce36:	46d0      	mov	r8, sl
3418ce38:	f04f 0b01 	mov.w	fp, #1
3418ce3c:	e008      	b.n	3418ce50 <_dtoa_r+0x530>
3418ce3e:	4629      	mov	r1, r5
3418ce40:	2300      	movs	r3, #0
3418ce42:	220a      	movs	r2, #10
3418ce44:	4620      	mov	r0, r4
3418ce46:	f000 fcb7 	bl	3418d7b8 <__multadd>
3418ce4a:	f10b 0b01 	add.w	fp, fp, #1
3418ce4e:	4605      	mov	r5, r0
3418ce50:	4639      	mov	r1, r7
3418ce52:	4628      	mov	r0, r5
3418ce54:	f7ff fcc6 	bl	3418c7e4 <quorem>
3418ce58:	45cb      	cmp	fp, r9
3418ce5a:	f100 0330 	add.w	r3, r0, #48	@ 0x30
3418ce5e:	f808 3b01 	strb.w	r3, [r8], #1
3418ce62:	dbec      	blt.n	3418ce3e <_dtoa_r+0x51e>
3418ce64:	f1b9 0f00 	cmp.w	r9, #0
3418ce68:	f10a 0201 	add.w	r2, sl, #1
3418ce6c:	f109 39ff 	add.w	r9, r9, #4294967295	@ 0xffffffff
3418ce70:	bfd8      	it	le
3418ce72:	f04f 0900 	movle.w	r9, #0
3418ce76:	4491      	add	r9, r2
3418ce78:	2200      	movs	r2, #0
3418ce7a:	9204      	str	r2, [sp, #16]
3418ce7c:	4629      	mov	r1, r5
3418ce7e:	2201      	movs	r2, #1
3418ce80:	4620      	mov	r0, r4
3418ce82:	9307      	str	r3, [sp, #28]
3418ce84:	f000 fea4 	bl	3418dbd0 <__lshift>
3418ce88:	4639      	mov	r1, r7
3418ce8a:	4605      	mov	r5, r0
3418ce8c:	f000 ff12 	bl	3418dcb4 <__mcmp>
3418ce90:	2800      	cmp	r0, #0
3418ce92:	dc03      	bgt.n	3418ce9c <_dtoa_r+0x57c>
3418ce94:	e353      	b.n	3418d53e <_dtoa_r+0xc1e>
3418ce96:	45d1      	cmp	r9, sl
3418ce98:	f000 835c 	beq.w	3418d554 <_dtoa_r+0xc34>
3418ce9c:	f819 3c01 	ldrb.w	r3, [r9, #-1]
3418cea0:	46cb      	mov	fp, r9
3418cea2:	f109 39ff 	add.w	r9, r9, #4294967295	@ 0xffffffff
3418cea6:	2b39      	cmp	r3, #57	@ 0x39
3418cea8:	d0f5      	beq.n	3418ce96 <_dtoa_r+0x576>
3418ceaa:	3301      	adds	r3, #1
3418ceac:	f889 3000 	strb.w	r3, [r9]
3418ceb0:	4639      	mov	r1, r7
3418ceb2:	4620      	mov	r0, r4
3418ceb4:	f000 fc76 	bl	3418d7a4 <_Bfree>
3418ceb8:	2e00      	cmp	r6, #0
3418ceba:	f43f af00 	beq.w	3418ccbe <_dtoa_r+0x39e>
3418cebe:	9904      	ldr	r1, [sp, #16]
3418cec0:	2900      	cmp	r1, #0
3418cec2:	f43f aef8 	beq.w	3418ccb6 <_dtoa_r+0x396>
3418cec6:	42b1      	cmp	r1, r6
3418cec8:	f43f aef5 	beq.w	3418ccb6 <_dtoa_r+0x396>
3418cecc:	4620      	mov	r0, r4
3418cece:	f000 fc69 	bl	3418d7a4 <_Bfree>
3418ced2:	e6f0      	b.n	3418ccb6 <_dtoa_r+0x396>
3418ced4:	f203 4333 	addw	r3, r3, #1075	@ 0x433
3418ced8:	e64d      	b.n	3418cb76 <_dtoa_r+0x256>
3418ceda:	ee84 5b07 	vdiv.f64	d5, d4, d7
3418cede:	9b0a      	ldr	r3, [sp, #40]	@ 0x28
3418cee0:	b13b      	cbz	r3, 3418cef2 <_dtoa_r+0x5d2>
3418cee2:	eeb7 7b00 	vmov.f64	d7, #112	@ 0x3f800000  1.0
3418cee6:	eeb4 5bc7 	vcmpe.f64	d5, d7
3418ceea:	eef1 fa10 	vmrs	APSR_nzcv, fpscr
3418ceee:	f100 82c0 	bmi.w	3418d472 <_dtoa_r+0xb52>
3418cef2:	ee07 1a90 	vmov	s15, r1
3418cef6:	eeb1 4b0c 	vmov.f64	d4, #28	@ 0x40e00000  7.0
3418cefa:	eeb8 7be7 	vcvt.f64.s32	d7, s15
3418cefe:	eea7 4b05 	vfma.f64	d4, d7, d5
3418cf02:	ee14 1a90 	vmov	r1, s9
3418cf06:	ec53 2b14 	vmov	r2, r3, d4
3418cf0a:	f1a1 7350 	sub.w	r3, r1, #54525952	@ 0x3400000
3418cf0e:	f1b9 0f00 	cmp.w	r9, #0
3418cf12:	d069      	beq.n	3418cfe8 <_dtoa_r+0x6c8>
3418cf14:	f8dd c000 	ldr.w	ip, [sp]
3418cf18:	464e      	mov	r6, r9
3418cf1a:	eefd 3bc5 	vcvt.s32.f64	s7, d5
3418cf1e:	4964      	ldr	r1, [pc, #400]	@ (3418d0b0 <_dtoa_r+0x790>)
3418cf20:	ec43 2b14 	vmov	d4, r2, r3
3418cf24:	eb01 00c6 	add.w	r0, r1, r6, lsl #3
3418cf28:	ee13 2a90 	vmov	r2, s7
3418cf2c:	eeb8 7be3 	vcvt.f64.s32	d7, s7
3418cf30:	f10a 0301 	add.w	r3, sl, #1
3418cf34:	3230      	adds	r2, #48	@ 0x30
3418cf36:	ed10 3b02 	vldr	d3, [r0, #-8]
3418cf3a:	980f      	ldr	r0, [sp, #60]	@ 0x3c
3418cf3c:	ee35 7b47 	vsub.f64	d7, d5, d7
3418cf40:	f88a 2000 	strb.w	r2, [sl]
3418cf44:	2800      	cmp	r0, #0
3418cf46:	f000 8136 	beq.w	3418d1b6 <_dtoa_r+0x896>
3418cf4a:	eeb6 2b00 	vmov.f64	d2, #96	@ 0x3f000000  0.5
3418cf4e:	ee82 5b03 	vdiv.f64	d5, d2, d3
3418cf52:	ee35 5b44 	vsub.f64	d5, d5, d4
3418cf56:	eeb4 5bc7 	vcmpe.f64	d5, d7
3418cf5a:	eef1 fa10 	vmrs	APSR_nzcv, fpscr
3418cf5e:	f300 8306 	bgt.w	3418d56e <_dtoa_r+0xc4e>
3418cf62:	eeb7 1b00 	vmov.f64	d1, #112	@ 0x3f800000  1.0
3418cf66:	2000      	movs	r0, #0
3418cf68:	eeb2 3b04 	vmov.f64	d3, #36	@ 0x41200000  10.0
3418cf6c:	e018      	b.n	3418cfa0 <_dtoa_r+0x680>
3418cf6e:	3001      	adds	r0, #1
3418cf70:	42b0      	cmp	r0, r6
3418cf72:	f280 831b 	bge.w	3418d5ac <_dtoa_r+0xc8c>
3418cf76:	ee27 7b03 	vmul.f64	d7, d7, d3
3418cf7a:	ee25 5b03 	vmul.f64	d5, d5, d3
3418cf7e:	eefd 4bc7 	vcvt.s32.f64	s9, d7
3418cf82:	eeb8 2be4 	vcvt.f64.s32	d2, s9
3418cf86:	ee14 2a90 	vmov	r2, s9
3418cf8a:	3230      	adds	r2, #48	@ 0x30
3418cf8c:	ee37 7b42 	vsub.f64	d7, d7, d2
3418cf90:	f803 2b01 	strb.w	r2, [r3], #1
3418cf94:	eeb4 7bc5 	vcmpe.f64	d7, d5
3418cf98:	eef1 fa10 	vmrs	APSR_nzcv, fpscr
3418cf9c:	f100 82e7 	bmi.w	3418d56e <_dtoa_r+0xc4e>
3418cfa0:	ee31 4b47 	vsub.f64	d4, d1, d7
3418cfa4:	eeb4 4bc5 	vcmpe.f64	d4, d5
3418cfa8:	eef1 fa10 	vmrs	APSR_nzcv, fpscr
3418cfac:	d5df      	bpl.n	3418cf6e <_dtoa_r+0x64e>
3418cfae:	e002      	b.n	3418cfb6 <_dtoa_r+0x696>
3418cfb0:	4553      	cmp	r3, sl
3418cfb2:	f000 82d6 	beq.w	3418d562 <_dtoa_r+0xc42>
3418cfb6:	469b      	mov	fp, r3
3418cfb8:	f813 2d01 	ldrb.w	r2, [r3, #-1]!
3418cfbc:	2a39      	cmp	r2, #57	@ 0x39
3418cfbe:	d0f7      	beq.n	3418cfb0 <_dtoa_r+0x690>
3418cfc0:	3201      	adds	r2, #1
3418cfc2:	701a      	strb	r2, [r3, #0]
3418cfc4:	f10c 0301 	add.w	r3, ip, #1
3418cfc8:	9302      	str	r3, [sp, #8]
3418cfca:	e678      	b.n	3418ccbe <_dtoa_r+0x39e>
3418cfcc:	ee07 1a90 	vmov	s15, r1
3418cfd0:	eeb1 4b0c 	vmov.f64	d4, #28	@ 0x40e00000  7.0
3418cfd4:	eeb8 7be7 	vcvt.f64.s32	d7, s15
3418cfd8:	eea7 4b05 	vfma.f64	d4, d7, d5
3418cfdc:	ee14 1a90 	vmov	r1, s9
3418cfe0:	ec53 2b14 	vmov	r2, r3, d4
3418cfe4:	f1a1 7350 	sub.w	r3, r1, #54525952	@ 0x3400000
3418cfe8:	eeb1 7b04 	vmov.f64	d7, #20	@ 0x40a00000  5.0
3418cfec:	ec43 2b14 	vmov	d4, r2, r3
3418cff0:	ee35 7b47 	vsub.f64	d7, d5, d7
3418cff4:	eeb4 7bc4 	vcmpe.f64	d7, d4
3418cff8:	eef1 fa10 	vmrs	APSR_nzcv, fpscr
3418cffc:	f300 825e 	bgt.w	3418d4bc <_dtoa_r+0xb9c>
3418d000:	eeb1 4b44 	vneg.f64	d4, d4
3418d004:	eeb4 7bc4 	vcmpe.f64	d7, d4
3418d008:	eef1 fa10 	vmrs	APSR_nzcv, fpscr
3418d00c:	f100 80ca 	bmi.w	3418d1a4 <_dtoa_r+0x884>
3418d010:	9b11      	ldr	r3, [sp, #68]	@ 0x44
3418d012:	2b00      	cmp	r3, #0
3418d014:	db03      	blt.n	3418d01e <_dtoa_r+0x6fe>
3418d016:	9a00      	ldr	r2, [sp, #0]
3418d018:	2a0e      	cmp	r2, #14
3418d01a:	f340 8328 	ble.w	3418d66e <_dtoa_r+0xd4e>
3418d01e:	9a0f      	ldr	r2, [sp, #60]	@ 0x3c
3418d020:	2a00      	cmp	r2, #0
3418d022:	f040 8090 	bne.w	3418d146 <_dtoa_r+0x826>
3418d026:	9b07      	ldr	r3, [sp, #28]
3418d028:	2b00      	cmp	r3, #0
3418d02a:	f000 813e 	beq.w	3418d2aa <_dtoa_r+0x98a>
3418d02e:	f1b8 0f00 	cmp.w	r8, #0
3418d032:	f000 813a 	beq.w	3418d2aa <_dtoa_r+0x98a>
3418d036:	9a07      	ldr	r2, [sp, #28]
3418d038:	9e08      	ldr	r6, [sp, #32]
3418d03a:	4542      	cmp	r2, r8
3418d03c:	4613      	mov	r3, r2
3418d03e:	bfa8      	it	ge
3418d040:	4643      	movge	r3, r8
3418d042:	1ad2      	subs	r2, r2, r3
3418d044:	eba8 0803 	sub.w	r8, r8, r3
3418d048:	9207      	str	r2, [sp, #28]
3418d04a:	2e00      	cmp	r6, #0
3418d04c:	f040 812f 	bne.w	3418d2ae <_dtoa_r+0x98e>
3418d050:	920b      	str	r2, [sp, #44]	@ 0x2c
3418d052:	e5cb      	b.n	3418cbec <_dtoa_r+0x2cc>
3418d054:	231c      	movs	r3, #28
3418d056:	e5e1      	b.n	3418cc1c <_dtoa_r+0x2fc>
3418d058:	f000 8207 	beq.w	3418d46a <_dtoa_r+0xb4a>
3418d05c:	9b00      	ldr	r3, [sp, #0]
3418d05e:	4914      	ldr	r1, [pc, #80]	@ (3418d0b0 <_dtoa_r+0x790>)
3418d060:	425b      	negs	r3, r3
3418d062:	f003 020f 	and.w	r2, r3, #15
3418d066:	111b      	asrs	r3, r3, #4
3418d068:	eb01 02c2 	add.w	r2, r1, r2, lsl #3
3418d06c:	ed92 5b00 	vldr	d5, [r2]
3418d070:	ee26 5b05 	vmul.f64	d5, d6, d5
3418d074:	f000 8340 	beq.w	3418d6f8 <_dtoa_r+0xdd8>
3418d078:	4a0e      	ldr	r2, [pc, #56]	@ (3418d0b4 <_dtoa_r+0x794>)
3418d07a:	2102      	movs	r1, #2
3418d07c:	e001      	b.n	3418d082 <_dtoa_r+0x762>
3418d07e:	105b      	asrs	r3, r3, #1
3418d080:	3208      	adds	r2, #8
3418d082:	07de      	lsls	r6, r3, #31
3418d084:	d403      	bmi.n	3418d08e <_dtoa_r+0x76e>
3418d086:	105b      	asrs	r3, r3, #1
3418d088:	3208      	adds	r2, #8
3418d08a:	07d8      	lsls	r0, r3, #31
3418d08c:	d5f7      	bpl.n	3418d07e <_dtoa_r+0x75e>
3418d08e:	105b      	asrs	r3, r3, #1
3418d090:	f101 0101 	add.w	r1, r1, #1
3418d094:	ed92 7b00 	vldr	d7, [r2]
3418d098:	ee25 5b07 	vmul.f64	d5, d5, d7
3418d09c:	f43f af1f 	beq.w	3418cede <_dtoa_r+0x5be>
3418d0a0:	3208      	adds	r2, #8
3418d0a2:	e7f2      	b.n	3418d08a <_dtoa_r+0x76a>
3418d0a4:	9b04      	ldr	r3, [sp, #16]
3418d0a6:	46d3      	mov	fp, sl
3418d0a8:	ea6f 0803 	mvn.w	r8, r3
3418d0ac:	e5fb      	b.n	3418cca6 <_dtoa_r+0x386>
3418d0ae:	bf00      	nop
3418d0b0:	34190298 	.word	0x34190298
3418d0b4:	34190270 	.word	0x34190270
3418d0b8:	2301      	movs	r3, #1
3418d0ba:	2100      	movs	r1, #0
3418d0bc:	4699      	mov	r9, r3
3418d0be:	63e1      	str	r1, [r4, #60]	@ 0x3c
3418d0c0:	930e      	str	r3, [sp, #56]	@ 0x38
3418d0c2:	9304      	str	r3, [sp, #16]
3418d0c4:	e65f      	b.n	3418cd86 <_dtoa_r+0x466>
3418d0c6:	4601      	mov	r1, r0
3418d0c8:	461a      	mov	r2, r3
3418d0ca:	4620      	mov	r0, r4
3418d0cc:	f000 fd24 	bl	3418db18 <__pow5mult>
3418d0d0:	f1bb 0f01 	cmp.w	fp, #1
3418d0d4:	4607      	mov	r7, r0
3418d0d6:	f340 821a 	ble.w	3418d50e <_dtoa_r+0xbee>
3418d0da:	2300      	movs	r3, #0
3418d0dc:	9309      	str	r3, [sp, #36]	@ 0x24
3418d0de:	693b      	ldr	r3, [r7, #16]
3418d0e0:	eb07 0383 	add.w	r3, r7, r3, lsl #2
3418d0e4:	6918      	ldr	r0, [r3, #16]
3418d0e6:	f000 fbbb 	bl	3418d860 <__hi0bits>
3418d0ea:	f1c0 0320 	rsb	r3, r0, #32
3418d0ee:	e58b      	b.n	3418cc08 <_dtoa_r+0x2e8>
3418d0f0:	4639      	mov	r1, r7
3418d0f2:	4628      	mov	r0, r5
3418d0f4:	f000 fdde 	bl	3418dcb4 <__mcmp>
3418d0f8:	2800      	cmp	r0, #0
3418d0fa:	f6bf adb3 	bge.w	3418cc64 <_dtoa_r+0x344>
3418d0fe:	4629      	mov	r1, r5
3418d100:	9d00      	ldr	r5, [sp, #0]
3418d102:	2300      	movs	r3, #0
3418d104:	220a      	movs	r2, #10
3418d106:	3d01      	subs	r5, #1
3418d108:	4620      	mov	r0, r4
3418d10a:	9507      	str	r5, [sp, #28]
3418d10c:	f000 fb54 	bl	3418d7b8 <__multadd>
3418d110:	9b0e      	ldr	r3, [sp, #56]	@ 0x38
3418d112:	4605      	mov	r5, r0
3418d114:	2b00      	cmp	r3, #0
3418d116:	bfcc      	ite	gt
3418d118:	f04f 0800 	movgt.w	r8, #0
3418d11c:	f008 0801 	andle.w	r8, r8, #1
3418d120:	9b08      	ldr	r3, [sp, #32]
3418d122:	2b00      	cmp	r3, #0
3418d124:	f040 80ce 	bne.w	3418d2c4 <_dtoa_r+0x9a4>
3418d128:	f1b8 0f00 	cmp.w	r8, #0
3418d12c:	f040 82d7 	bne.w	3418d6de <_dtoa_r+0xdbe>
3418d130:	9b00      	ldr	r3, [sp, #0]
3418d132:	f8dd 9038 	ldr.w	r9, [sp, #56]	@ 0x38
3418d136:	9302      	str	r3, [sp, #8]
3418d138:	9b07      	ldr	r3, [sp, #28]
3418d13a:	9300      	str	r3, [sp, #0]
3418d13c:	e67b      	b.n	3418ce36 <_dtoa_r+0x516>
3418d13e:	eeb0 4b46 	vmov.f64	d4, d6
3418d142:	2102      	movs	r1, #2
3418d144:	e64a      	b.n	3418cddc <_dtoa_r+0x4bc>
3418d146:	f1bb 0f01 	cmp.w	fp, #1
3418d14a:	f77f ad0d 	ble.w	3418cb68 <_dtoa_r+0x248>
3418d14e:	f109 37ff 	add.w	r7, r9, #4294967295	@ 0xffffffff
3418d152:	9b08      	ldr	r3, [sp, #32]
3418d154:	42bb      	cmp	r3, r7
3418d156:	f2c0 81be 	blt.w	3418d4d6 <_dtoa_r+0xbb6>
3418d15a:	f1b9 0f00 	cmp.w	r9, #0
3418d15e:	eba3 0707 	sub.w	r7, r3, r7
3418d162:	f280 82c2 	bge.w	3418d6ea <_dtoa_r+0xdca>
3418d166:	9b07      	ldr	r3, [sp, #28]
3418d168:	eba3 0309 	sub.w	r3, r3, r9
3418d16c:	930b      	str	r3, [sp, #44]	@ 0x2c
3418d16e:	e508      	b.n	3418cb82 <_dtoa_r+0x262>
3418d170:	9b02      	ldr	r3, [sp, #8]
3418d172:	2b00      	cmp	r3, #0
3418d174:	f47f ad47 	bne.w	3418cc06 <_dtoa_r+0x2e6>
3418d178:	9b03      	ldr	r3, [sp, #12]
3418d17a:	f3c3 0313 	ubfx	r3, r3, #0, #20
3418d17e:	2b00      	cmp	r3, #0
3418d180:	f47f ad41 	bne.w	3418cc06 <_dtoa_r+0x2e6>
3418d184:	9b03      	ldr	r3, [sp, #12]
3418d186:	f023 4300 	bic.w	r3, r3, #2147483648	@ 0x80000000
3418d18a:	0d1b      	lsrs	r3, r3, #20
3418d18c:	051b      	lsls	r3, r3, #20
3418d18e:	2b00      	cmp	r3, #0
3418d190:	f43f ad39 	beq.w	3418cc06 <_dtoa_r+0x2e6>
3418d194:	9b07      	ldr	r3, [sp, #28]
3418d196:	f108 0801 	add.w	r8, r8, #1
3418d19a:	3301      	adds	r3, #1
3418d19c:	9307      	str	r3, [sp, #28]
3418d19e:	2301      	movs	r3, #1
3418d1a0:	9309      	str	r3, [sp, #36]	@ 0x24
3418d1a2:	e531      	b.n	3418cc08 <_dtoa_r+0x2e8>
3418d1a4:	2100      	movs	r1, #0
3418d1a6:	4620      	mov	r0, r4
3418d1a8:	46d3      	mov	fp, sl
3418d1aa:	f000 fafb 	bl	3418d7a4 <_Bfree>
3418d1ae:	9b04      	ldr	r3, [sp, #16]
3418d1b0:	425b      	negs	r3, r3
3418d1b2:	9302      	str	r3, [sp, #8]
3418d1b4:	e583      	b.n	3418ccbe <_dtoa_r+0x39e>
3418d1b6:	2e01      	cmp	r6, #1
3418d1b8:	ee24 2b03 	vmul.f64	d2, d4, d3
3418d1bc:	f000 828d 	beq.w	3418d6da <_dtoa_r+0xdba>
3418d1c0:	eeb2 3b04 	vmov.f64	d3, #36	@ 0x41200000  10.0
3418d1c4:	eb0a 0706 	add.w	r7, sl, r6
3418d1c8:	4618      	mov	r0, r3
3418d1ca:	ee27 7b03 	vmul.f64	d7, d7, d3
3418d1ce:	eefd 5bc7 	vcvt.s32.f64	s11, d7
3418d1d2:	ee15 2a90 	vmov	r2, s11
3418d1d6:	eeb8 4be5 	vcvt.f64.s32	d4, s11
3418d1da:	3230      	adds	r2, #48	@ 0x30
3418d1dc:	ee37 7b44 	vsub.f64	d7, d7, d4
3418d1e0:	f800 2b01 	strb.w	r2, [r0], #1
3418d1e4:	4287      	cmp	r7, r0
3418d1e6:	d1f0      	bne.n	3418d1ca <_dtoa_r+0x8aa>
3418d1e8:	1e5a      	subs	r2, r3, #1
3418d1ea:	4432      	add	r2, r6
3418d1ec:	eeb6 5b00 	vmov.f64	d5, #96	@ 0x3f000000  0.5
3418d1f0:	ee32 4b05 	vadd.f64	d4, d2, d5
3418d1f4:	eeb4 4bc7 	vcmpe.f64	d4, d7
3418d1f8:	eef1 fa10 	vmrs	APSR_nzcv, fpscr
3418d1fc:	f100 81bd 	bmi.w	3418d57a <_dtoa_r+0xc5a>
3418d200:	ee35 5b42 	vsub.f64	d5, d5, d2
3418d204:	eeb4 5bc7 	vcmpe.f64	d5, d7
3418d208:	eef1 fa10 	vmrs	APSR_nzcv, fpscr
3418d20c:	dc40      	bgt.n	3418d290 <_dtoa_r+0x970>
3418d20e:	9a11      	ldr	r2, [sp, #68]	@ 0x44
3418d210:	2a00      	cmp	r2, #0
3418d212:	f6ff af08 	blt.w	3418d026 <_dtoa_r+0x706>
3418d216:	9a00      	ldr	r2, [sp, #0]
3418d218:	2a0e      	cmp	r2, #14
3418d21a:	f73f af04 	bgt.w	3418d026 <_dtoa_r+0x706>
3418d21e:	9a00      	ldr	r2, [sp, #0]
3418d220:	eb01 01c2 	add.w	r1, r1, r2, lsl #3
3418d224:	ed91 5b00 	vldr	d5, [r1]
3418d228:	ee86 7b05 	vdiv.f64	d7, d6, d5
3418d22c:	f1b9 0f01 	cmp.w	r9, #1
3418d230:	eebd 7bc7 	vcvt.s32.f64	s14, d7
3418d234:	ee17 2a10 	vmov	r2, s14
3418d238:	eeb8 4bc7 	vcvt.f64.s32	d4, s14
3418d23c:	f102 0230 	add.w	r2, r2, #48	@ 0x30
3418d240:	eea4 6b45 	vfms.f64	d6, d4, d5
3418d244:	f88a 2000 	strb.w	r2, [sl]
3418d248:	f000 81e5 	beq.w	3418d616 <_dtoa_r+0xcf6>
3418d24c:	f1c3 0101 	rsb	r1, r3, #1
3418d250:	eeb2 3b04 	vmov.f64	d3, #36	@ 0x41200000  10.0
3418d254:	e010      	b.n	3418d278 <_dtoa_r+0x958>
3418d256:	ee86 7b05 	vdiv.f64	d7, d6, d5
3418d25a:	eebd 7bc7 	vcvt.s32.f64	s14, d7
3418d25e:	ee17 2a10 	vmov	r2, s14
3418d262:	eeb8 4bc7 	vcvt.f64.s32	d4, s14
3418d266:	3230      	adds	r2, #48	@ 0x30
3418d268:	eea4 6b45 	vfms.f64	d6, d4, d5
3418d26c:	f803 2b01 	strb.w	r2, [r3], #1
3418d270:	185a      	adds	r2, r3, r1
3418d272:	454a      	cmp	r2, r9
3418d274:	f000 81cf 	beq.w	3418d616 <_dtoa_r+0xcf6>
3418d278:	ee26 6b03 	vmul.f64	d6, d6, d3
3418d27c:	eeb5 6b40 	vcmp.f64	d6, #0.0
3418d280:	eef1 fa10 	vmrs	APSR_nzcv, fpscr
3418d284:	d1e7      	bne.n	3418d256 <_dtoa_r+0x936>
3418d286:	9a00      	ldr	r2, [sp, #0]
3418d288:	469b      	mov	fp, r3
3418d28a:	3201      	adds	r2, #1
3418d28c:	9202      	str	r2, [sp, #8]
3418d28e:	e516      	b.n	3418ccbe <_dtoa_r+0x39e>
3418d290:	f812 3c01 	ldrb.w	r3, [r2, #-1]
3418d294:	4693      	mov	fp, r2
3418d296:	3a01      	subs	r2, #1
3418d298:	2b30      	cmp	r3, #48	@ 0x30
3418d29a:	d0f9      	beq.n	3418d290 <_dtoa_r+0x970>
3418d29c:	e692      	b.n	3418cfc4 <_dtoa_r+0x6a4>
3418d29e:	2b1c      	cmp	r3, #28
3418d2a0:	f43f acc3 	beq.w	3418cc2a <_dtoa_r+0x30a>
3418d2a4:	f1c3 033c 	rsb	r3, r3, #60	@ 0x3c
3418d2a8:	e4b8      	b.n	3418cc1c <_dtoa_r+0x2fc>
3418d2aa:	9e08      	ldr	r6, [sp, #32]
3418d2ac:	b13e      	cbz	r6, 3418d2be <_dtoa_r+0x99e>
3418d2ae:	4629      	mov	r1, r5
3418d2b0:	9a08      	ldr	r2, [sp, #32]
3418d2b2:	4620      	mov	r0, r4
3418d2b4:	2600      	movs	r6, #0
3418d2b6:	f000 fc2f 	bl	3418db18 <__pow5mult>
3418d2ba:	4605      	mov	r5, r0
3418d2bc:	9608      	str	r6, [sp, #32]
3418d2be:	9b07      	ldr	r3, [sp, #28]
3418d2c0:	930b      	str	r3, [sp, #44]	@ 0x2c
3418d2c2:	e493      	b.n	3418cbec <_dtoa_r+0x2cc>
3418d2c4:	4631      	mov	r1, r6
3418d2c6:	2300      	movs	r3, #0
3418d2c8:	220a      	movs	r2, #10
3418d2ca:	4620      	mov	r0, r4
3418d2cc:	f000 fa74 	bl	3418d7b8 <__multadd>
3418d2d0:	9b07      	ldr	r3, [sp, #28]
3418d2d2:	4606      	mov	r6, r0
3418d2d4:	f8dd 9038 	ldr.w	r9, [sp, #56]	@ 0x38
3418d2d8:	9300      	str	r3, [sp, #0]
3418d2da:	f1b8 0f00 	cmp.w	r8, #0
3418d2de:	f47f acc9 	bne.w	3418cc74 <_dtoa_r+0x354>
3418d2e2:	9b0b      	ldr	r3, [sp, #44]	@ 0x2c
3418d2e4:	2b00      	cmp	r3, #0
3418d2e6:	dd05      	ble.n	3418d2f4 <_dtoa_r+0x9d4>
3418d2e8:	4631      	mov	r1, r6
3418d2ea:	461a      	mov	r2, r3
3418d2ec:	4620      	mov	r0, r4
3418d2ee:	f000 fc6f 	bl	3418dbd0 <__lshift>
3418d2f2:	4606      	mov	r6, r0
3418d2f4:	9b09      	ldr	r3, [sp, #36]	@ 0x24
3418d2f6:	2b00      	cmp	r3, #0
3418d2f8:	f040 8141 	bne.w	3418d57e <_dtoa_r+0xc5e>
3418d2fc:	9607      	str	r6, [sp, #28]
3418d2fe:	f10a 33ff 	add.w	r3, sl, #4294967295	@ 0xffffffff
3418d302:	f8cd a038 	str.w	sl, [sp, #56]	@ 0x38
3418d306:	f8cd b020 	str.w	fp, [sp, #32]
3418d30a:	444b      	add	r3, r9
3418d30c:	46d1      	mov	r9, sl
3418d30e:	46ba      	mov	sl, r7
3418d310:	9f07      	ldr	r7, [sp, #28]
3418d312:	9309      	str	r3, [sp, #36]	@ 0x24
3418d314:	9b02      	ldr	r3, [sp, #8]
3418d316:	f003 0301 	and.w	r3, r3, #1
3418d31a:	930b      	str	r3, [sp, #44]	@ 0x2c
3418d31c:	4651      	mov	r1, sl
3418d31e:	4628      	mov	r0, r5
3418d320:	f7ff fa60 	bl	3418c7e4 <quorem>
3418d324:	4631      	mov	r1, r6
3418d326:	900a      	str	r0, [sp, #40]	@ 0x28
3418d328:	f100 0b30 	add.w	fp, r0, #48	@ 0x30
3418d32c:	4628      	mov	r0, r5
3418d32e:	f000 fcc1 	bl	3418dcb4 <__mcmp>
3418d332:	4651      	mov	r1, sl
3418d334:	4680      	mov	r8, r0
3418d336:	463a      	mov	r2, r7
3418d338:	4620      	mov	r0, r4
3418d33a:	f000 fcdb 	bl	3418dcf4 <__mdiff>
3418d33e:	68c3      	ldr	r3, [r0, #12]
3418d340:	4601      	mov	r1, r0
3418d342:	2b00      	cmp	r3, #0
3418d344:	d136      	bne.n	3418d3b4 <_dtoa_r+0xa94>
3418d346:	9007      	str	r0, [sp, #28]
3418d348:	4628      	mov	r0, r5
3418d34a:	f000 fcb3 	bl	3418dcb4 <__mcmp>
3418d34e:	9907      	ldr	r1, [sp, #28]
3418d350:	9004      	str	r0, [sp, #16]
3418d352:	4620      	mov	r0, r4
3418d354:	f000 fa26 	bl	3418d7a4 <_Bfree>
3418d358:	9a08      	ldr	r2, [sp, #32]
3418d35a:	9b04      	ldr	r3, [sp, #16]
3418d35c:	431a      	orrs	r2, r3
3418d35e:	d161      	bne.n	3418d424 <_dtoa_r+0xb04>
3418d360:	9b0b      	ldr	r3, [sp, #44]	@ 0x2c
3418d362:	2b00      	cmp	r3, #0
3418d364:	f000 81ad 	beq.w	3418d6c2 <_dtoa_r+0xda2>
3418d368:	f1b8 0f00 	cmp.w	r8, #0
3418d36c:	f2c0 81a3 	blt.w	3418d6b6 <_dtoa_r+0xd96>
3418d370:	9b09      	ldr	r3, [sp, #36]	@ 0x24
3418d372:	46c8      	mov	r8, r9
3418d374:	454b      	cmp	r3, r9
3418d376:	f808 bb01 	strb.w	fp, [r8], #1
3418d37a:	f000 816c 	beq.w	3418d656 <_dtoa_r+0xd36>
3418d37e:	4629      	mov	r1, r5
3418d380:	2300      	movs	r3, #0
3418d382:	220a      	movs	r2, #10
3418d384:	4620      	mov	r0, r4
3418d386:	f000 fa17 	bl	3418d7b8 <__multadd>
3418d38a:	42be      	cmp	r6, r7
3418d38c:	4605      	mov	r5, r0
3418d38e:	4631      	mov	r1, r6
3418d390:	f04f 0300 	mov.w	r3, #0
3418d394:	f04f 020a 	mov.w	r2, #10
3418d398:	4620      	mov	r0, r4
3418d39a:	d03d      	beq.n	3418d418 <_dtoa_r+0xaf8>
3418d39c:	f000 fa0c 	bl	3418d7b8 <__multadd>
3418d3a0:	4639      	mov	r1, r7
3418d3a2:	4606      	mov	r6, r0
3418d3a4:	2300      	movs	r3, #0
3418d3a6:	220a      	movs	r2, #10
3418d3a8:	4620      	mov	r0, r4
3418d3aa:	f000 fa05 	bl	3418d7b8 <__multadd>
3418d3ae:	46c1      	mov	r9, r8
3418d3b0:	4607      	mov	r7, r0
3418d3b2:	e7b3      	b.n	3418d31c <_dtoa_r+0x9fc>
3418d3b4:	4620      	mov	r0, r4
3418d3b6:	f8cd b010 	str.w	fp, [sp, #16]
3418d3ba:	9707      	str	r7, [sp, #28]
3418d3bc:	4657      	mov	r7, sl
3418d3be:	f8dd b020 	ldr.w	fp, [sp, #32]
3418d3c2:	f8dd a038 	ldr.w	sl, [sp, #56]	@ 0x38
3418d3c6:	f000 f9ed 	bl	3418d7a4 <_Bfree>
3418d3ca:	f1b8 0f00 	cmp.w	r8, #0
3418d3ce:	9b04      	ldr	r3, [sp, #16]
3418d3d0:	db06      	blt.n	3418d3e0 <_dtoa_r+0xac0>
3418d3d2:	9a02      	ldr	r2, [sp, #8]
3418d3d4:	f002 0101 	and.w	r1, r2, #1
3418d3d8:	ea48 020b 	orr.w	r2, r8, fp
3418d3dc:	4311      	orrs	r1, r2
3418d3de:	d134      	bne.n	3418d44a <_dtoa_r+0xb2a>
3418d3e0:	4629      	mov	r1, r5
3418d3e2:	2201      	movs	r2, #1
3418d3e4:	4620      	mov	r0, r4
3418d3e6:	9302      	str	r3, [sp, #8]
3418d3e8:	f000 fbf2 	bl	3418dbd0 <__lshift>
3418d3ec:	4639      	mov	r1, r7
3418d3ee:	4605      	mov	r5, r0
3418d3f0:	f000 fc60 	bl	3418dcb4 <__mcmp>
3418d3f4:	2800      	cmp	r0, #0
3418d3f6:	9b02      	ldr	r3, [sp, #8]
3418d3f8:	f340 8181 	ble.w	3418d6fe <_dtoa_r+0xdde>
3418d3fc:	2b39      	cmp	r3, #57	@ 0x39
3418d3fe:	f000 8138 	beq.w	3418d672 <_dtoa_r+0xd52>
3418d402:	9b0a      	ldr	r3, [sp, #40]	@ 0x28
3418d404:	3331      	adds	r3, #49	@ 0x31
3418d406:	46cb      	mov	fp, r9
3418d408:	f80b 3b01 	strb.w	r3, [fp], #1
3418d40c:	9b00      	ldr	r3, [sp, #0]
3418d40e:	9604      	str	r6, [sp, #16]
3418d410:	3301      	adds	r3, #1
3418d412:	9e07      	ldr	r6, [sp, #28]
3418d414:	9302      	str	r3, [sp, #8]
3418d416:	e54b      	b.n	3418ceb0 <_dtoa_r+0x590>
3418d418:	f000 f9ce 	bl	3418d7b8 <__multadd>
3418d41c:	46c1      	mov	r9, r8
3418d41e:	4606      	mov	r6, r0
3418d420:	4607      	mov	r7, r0
3418d422:	e77b      	b.n	3418d31c <_dtoa_r+0x9fc>
3418d424:	f1b8 0f00 	cmp.w	r8, #0
3418d428:	f2c0 812c 	blt.w	3418d684 <_dtoa_r+0xd64>
3418d42c:	9a08      	ldr	r2, [sp, #32]
3418d42e:	ea48 0802 	orr.w	r8, r8, r2
3418d432:	9a0b      	ldr	r2, [sp, #44]	@ 0x2c
3418d434:	ea52 0808 	orrs.w	r8, r2, r8
3418d438:	f000 8124 	beq.w	3418d684 <_dtoa_r+0xd64>
3418d43c:	2b00      	cmp	r3, #0
3418d43e:	dd97      	ble.n	3418d370 <_dtoa_r+0xa50>
3418d440:	9707      	str	r7, [sp, #28]
3418d442:	465b      	mov	r3, fp
3418d444:	4657      	mov	r7, sl
3418d446:	f8dd a038 	ldr.w	sl, [sp, #56]	@ 0x38
3418d44a:	2b39      	cmp	r3, #57	@ 0x39
3418d44c:	f000 8111 	beq.w	3418d672 <_dtoa_r+0xd52>
3418d450:	46cb      	mov	fp, r9
3418d452:	3301      	adds	r3, #1
3418d454:	e7d8      	b.n	3418d408 <_dtoa_r+0xae8>
3418d456:	f1c3 0301 	rsb	r3, r3, #1
3418d45a:	9307      	str	r3, [sp, #28]
3418d45c:	9b00      	ldr	r3, [sp, #0]
3418d45e:	4698      	mov	r8, r3
3418d460:	9309      	str	r3, [sp, #36]	@ 0x24
3418d462:	2300      	movs	r3, #0
3418d464:	930a      	str	r3, [sp, #40]	@ 0x28
3418d466:	f7ff baf9 	b.w	3418ca5c <_dtoa_r+0x13c>
3418d46a:	eeb0 5b46 	vmov.f64	d5, d6
3418d46e:	2102      	movs	r1, #2
3418d470:	e535      	b.n	3418cede <_dtoa_r+0x5be>
3418d472:	f1b9 0f00 	cmp.w	r9, #0
3418d476:	f43f ada9 	beq.w	3418cfcc <_dtoa_r+0x6ac>
3418d47a:	9e0e      	ldr	r6, [sp, #56]	@ 0x38
3418d47c:	2e00      	cmp	r6, #0
3418d47e:	f77f adc7 	ble.w	3418d010 <_dtoa_r+0x6f0>
3418d482:	eeb2 3b04 	vmov.f64	d3, #36	@ 0x41200000  10.0
3418d486:	3101      	adds	r1, #1
3418d488:	eeb1 4b0c 	vmov.f64	d4, #28	@ 0x40e00000  7.0
3418d48c:	9b00      	ldr	r3, [sp, #0]
3418d48e:	ee07 1a90 	vmov	s15, r1
3418d492:	ee25 5b03 	vmul.f64	d5, d5, d3
3418d496:	f103 3cff 	add.w	ip, r3, #4294967295	@ 0xffffffff
3418d49a:	eeb8 7be7 	vcvt.f64.s32	d7, s15
3418d49e:	eea5 4b07 	vfma.f64	d4, d5, d7
3418d4a2:	ee14 1a90 	vmov	r1, s9
3418d4a6:	ec53 2b14 	vmov	r2, r3, d4
3418d4aa:	f1a1 7350 	sub.w	r3, r1, #54525952	@ 0x3400000
3418d4ae:	e534      	b.n	3418cf1a <_dtoa_r+0x5fa>
3418d4b0:	9b08      	ldr	r3, [sp, #32]
3418d4b2:	2b00      	cmp	r3, #0
3418d4b4:	f43f ab98 	beq.w	3418cbe8 <_dtoa_r+0x2c8>
3418d4b8:	f7ff bb7e 	b.w	3418cbb8 <_dtoa_r+0x298>
3418d4bc:	46d3      	mov	fp, sl
3418d4be:	2331      	movs	r3, #49	@ 0x31
3418d4c0:	2100      	movs	r1, #0
3418d4c2:	f80b 3b01 	strb.w	r3, [fp], #1
3418d4c6:	4620      	mov	r0, r4
3418d4c8:	f000 f96c 	bl	3418d7a4 <_Bfree>
3418d4cc:	9b00      	ldr	r3, [sp, #0]
3418d4ce:	3302      	adds	r3, #2
3418d4d0:	9302      	str	r3, [sp, #8]
3418d4d2:	f7ff bbf4 	b.w	3418ccbe <_dtoa_r+0x39e>
3418d4d6:	9b08      	ldr	r3, [sp, #32]
3418d4d8:	2101      	movs	r1, #1
3418d4da:	9a09      	ldr	r2, [sp, #36]	@ 0x24
3418d4dc:	4620      	mov	r0, r4
3418d4de:	1afb      	subs	r3, r7, r3
3418d4e0:	44c8      	add	r8, r9
3418d4e2:	441a      	add	r2, r3
3418d4e4:	9209      	str	r2, [sp, #36]	@ 0x24
3418d4e6:	f000 fa25 	bl	3418d934 <__i2b>
3418d4ea:	9b07      	ldr	r3, [sp, #28]
3418d4ec:	4606      	mov	r6, r0
3418d4ee:	2b00      	cmp	r3, #0
3418d4f0:	f040 8083 	bne.w	3418d5fa <_dtoa_r+0xcda>
3418d4f4:	930b      	str	r3, [sp, #44]	@ 0x2c
3418d4f6:	f8cd 901c 	str.w	r9, [sp, #28]
3418d4fa:	4629      	mov	r1, r5
3418d4fc:	463a      	mov	r2, r7
3418d4fe:	4620      	mov	r0, r4
3418d500:	f000 fb0a 	bl	3418db18 <__pow5mult>
3418d504:	2301      	movs	r3, #1
3418d506:	4605      	mov	r5, r0
3418d508:	9308      	str	r3, [sp, #32]
3418d50a:	f7ff bb6f 	b.w	3418cbec <_dtoa_r+0x2cc>
3418d50e:	9b02      	ldr	r3, [sp, #8]
3418d510:	2b00      	cmp	r3, #0
3418d512:	f47f ade2 	bne.w	3418d0da <_dtoa_r+0x7ba>
3418d516:	e9dd 1202 	ldrd	r1, r2, [sp, #8]
3418d51a:	f3c2 0313 	ubfx	r3, r2, #0, #20
3418d51e:	2b00      	cmp	r3, #0
3418d520:	f000 80b9 	beq.w	3418d696 <_dtoa_r+0xd76>
3418d524:	9109      	str	r1, [sp, #36]	@ 0x24
3418d526:	e5da      	b.n	3418d0de <_dtoa_r+0x7be>
3418d528:	4b7d      	ldr	r3, [pc, #500]	@ (3418d720 <_dtoa_r+0xe00>)
3418d52a:	f04f 39ff 	mov.w	r9, #4294967295	@ 0xffffffff
3418d52e:	9a00      	ldr	r2, [sp, #0]
3418d530:	eb03 03c2 	add.w	r3, r3, r2, lsl #3
3418d534:	ed93 5b00 	vldr	d5, [r3]
3418d538:	f10a 0301 	add.w	r3, sl, #1
3418d53c:	e674      	b.n	3418d228 <_dtoa_r+0x908>
3418d53e:	d103      	bne.n	3418d548 <_dtoa_r+0xc28>
3418d540:	9b07      	ldr	r3, [sp, #28]
3418d542:	07db      	lsls	r3, r3, #31
3418d544:	f53f acaa 	bmi.w	3418ce9c <_dtoa_r+0x57c>
3418d548:	46cb      	mov	fp, r9
3418d54a:	f819 3d01 	ldrb.w	r3, [r9, #-1]!
3418d54e:	2b30      	cmp	r3, #48	@ 0x30
3418d550:	d0fa      	beq.n	3418d548 <_dtoa_r+0xc28>
3418d552:	e4ad      	b.n	3418ceb0 <_dtoa_r+0x590>
3418d554:	9b00      	ldr	r3, [sp, #0]
3418d556:	3302      	adds	r3, #2
3418d558:	9302      	str	r3, [sp, #8]
3418d55a:	2331      	movs	r3, #49	@ 0x31
3418d55c:	f88a 3000 	strb.w	r3, [sl]
3418d560:	e4a6      	b.n	3418ceb0 <_dtoa_r+0x590>
3418d562:	f10c 0c01 	add.w	ip, ip, #1
3418d566:	2231      	movs	r2, #49	@ 0x31
3418d568:	e52b      	b.n	3418cfc2 <_dtoa_r+0x6a2>
3418d56a:	9f08      	ldr	r7, [sp, #32]
3418d56c:	e7c5      	b.n	3418d4fa <_dtoa_r+0xbda>
3418d56e:	f10c 0201 	add.w	r2, ip, #1
3418d572:	469b      	mov	fp, r3
3418d574:	9202      	str	r2, [sp, #8]
3418d576:	f7ff bba2 	b.w	3418ccbe <_dtoa_r+0x39e>
3418d57a:	4613      	mov	r3, r2
3418d57c:	e51b      	b.n	3418cfb6 <_dtoa_r+0x696>
3418d57e:	6871      	ldr	r1, [r6, #4]
3418d580:	4620      	mov	r0, r4
3418d582:	f000 f8e9 	bl	3418d758 <_Balloc>
3418d586:	4680      	mov	r8, r0
3418d588:	2800      	cmp	r0, #0
3418d58a:	f000 80c2 	beq.w	3418d712 <_dtoa_r+0xdf2>
3418d58e:	6933      	ldr	r3, [r6, #16]
3418d590:	f106 010c 	add.w	r1, r6, #12
3418d594:	300c      	adds	r0, #12
3418d596:	3302      	adds	r3, #2
3418d598:	009a      	lsls	r2, r3, #2
3418d59a:	f7f9 ff77 	bl	3418748c <memcpy>
3418d59e:	4641      	mov	r1, r8
3418d5a0:	2201      	movs	r2, #1
3418d5a2:	4620      	mov	r0, r4
3418d5a4:	f000 fb14 	bl	3418dbd0 <__lshift>
3418d5a8:	9007      	str	r0, [sp, #28]
3418d5aa:	e6a8      	b.n	3418d2fe <_dtoa_r+0x9de>
3418d5ac:	9a00      	ldr	r2, [sp, #0]
3418d5ae:	9b11      	ldr	r3, [sp, #68]	@ 0x44
3418d5b0:	2a0e      	cmp	r2, #14
3418d5b2:	f73f adc8 	bgt.w	3418d146 <_dtoa_r+0x826>
3418d5b6:	2b00      	cmp	r3, #0
3418d5b8:	f6ff adc5 	blt.w	3418d146 <_dtoa_r+0x826>
3418d5bc:	9b00      	ldr	r3, [sp, #0]
3418d5be:	eb01 01c3 	add.w	r1, r1, r3, lsl #3
3418d5c2:	9b04      	ldr	r3, [sp, #16]
3418d5c4:	2b00      	cmp	r3, #0
3418d5c6:	ed91 5b00 	vldr	d5, [r1]
3418d5ca:	dab5      	bge.n	3418d538 <_dtoa_r+0xc18>
3418d5cc:	f1b9 0f00 	cmp.w	r9, #0
3418d5d0:	dcb2      	bgt.n	3418d538 <_dtoa_r+0xc18>
3418d5d2:	f1b9 0f00 	cmp.w	r9, #0
3418d5d6:	f47f ade5 	bne.w	3418d1a4 <_dtoa_r+0x884>
3418d5da:	eeb1 7b04 	vmov.f64	d7, #20	@ 0x40a00000  5.0
3418d5de:	4649      	mov	r1, r9
3418d5e0:	ee25 7b07 	vmul.f64	d7, d5, d7
3418d5e4:	eeb4 6bc7 	vcmpe.f64	d6, d7
3418d5e8:	eef1 fa10 	vmrs	APSR_nzcv, fpscr
3418d5ec:	f67f addb 	bls.w	3418d1a6 <_dtoa_r+0x886>
3418d5f0:	46d3      	mov	fp, sl
3418d5f2:	2331      	movs	r3, #49	@ 0x31
3418d5f4:	f80b 3b01 	strb.w	r3, [fp], #1
3418d5f8:	e765      	b.n	3418d4c6 <_dtoa_r+0xba6>
3418d5fa:	9907      	ldr	r1, [sp, #28]
3418d5fc:	4541      	cmp	r1, r8
3418d5fe:	460b      	mov	r3, r1
3418d600:	eb01 0209 	add.w	r2, r1, r9
3418d604:	bfa8      	it	ge
3418d606:	4643      	movge	r3, r8
3418d608:	1ac9      	subs	r1, r1, r3
3418d60a:	eba8 0803 	sub.w	r8, r8, r3
3418d60e:	1ad3      	subs	r3, r2, r3
3418d610:	910b      	str	r1, [sp, #44]	@ 0x2c
3418d612:	9307      	str	r3, [sp, #28]
3418d614:	e771      	b.n	3418d4fa <_dtoa_r+0xbda>
3418d616:	ee36 6b06 	vadd.f64	d6, d6, d6
3418d61a:	9a00      	ldr	r2, [sp, #0]
3418d61c:	3201      	adds	r2, #1
3418d61e:	eeb4 6bc5 	vcmpe.f64	d6, d5
3418d622:	9202      	str	r2, [sp, #8]
3418d624:	eef1 fa10 	vmrs	APSR_nzcv, fpscr
3418d628:	dc08      	bgt.n	3418d63c <_dtoa_r+0xd1c>
3418d62a:	eeb4 6b45 	vcmp.f64	d6, d5
3418d62e:	eef1 fa10 	vmrs	APSR_nzcv, fpscr
3418d632:	d106      	bne.n	3418d642 <_dtoa_r+0xd22>
3418d634:	ee17 2a10 	vmov	r2, s14
3418d638:	07d1      	lsls	r1, r2, #31
3418d63a:	d502      	bpl.n	3418d642 <_dtoa_r+0xd22>
3418d63c:	f8dd c000 	ldr.w	ip, [sp]
3418d640:	e4b9      	b.n	3418cfb6 <_dtoa_r+0x696>
3418d642:	469b      	mov	fp, r3
3418d644:	f7ff bb3b 	b.w	3418ccbe <_dtoa_r+0x39e>
3418d648:	4b36      	ldr	r3, [pc, #216]	@ (3418d724 <_dtoa_r+0xe04>)
3418d64a:	2200      	movs	r2, #0
3418d64c:	f240 11af 	movw	r1, #431	@ 0x1af
3418d650:	4835      	ldr	r0, [pc, #212]	@ (3418d728 <_dtoa_r+0xe08>)
3418d652:	f000 fe15 	bl	3418e280 <__assert_func>
3418d656:	463a      	mov	r2, r7
3418d658:	9604      	str	r6, [sp, #16]
3418d65a:	4657      	mov	r7, sl
3418d65c:	465b      	mov	r3, fp
3418d65e:	4616      	mov	r6, r2
3418d660:	9a00      	ldr	r2, [sp, #0]
3418d662:	f8dd a038 	ldr.w	sl, [sp, #56]	@ 0x38
3418d666:	46c1      	mov	r9, r8
3418d668:	3201      	adds	r2, #1
3418d66a:	9202      	str	r2, [sp, #8]
3418d66c:	e406      	b.n	3418ce7c <_dtoa_r+0x55c>
3418d66e:	492c      	ldr	r1, [pc, #176]	@ (3418d720 <_dtoa_r+0xe00>)
3418d670:	e7a4      	b.n	3418d5bc <_dtoa_r+0xc9c>
3418d672:	2339      	movs	r3, #57	@ 0x39
3418d674:	9604      	str	r6, [sp, #16]
3418d676:	9e07      	ldr	r6, [sp, #28]
3418d678:	f809 3b01 	strb.w	r3, [r9], #1
3418d67c:	9b00      	ldr	r3, [sp, #0]
3418d67e:	3301      	adds	r3, #1
3418d680:	9302      	str	r3, [sp, #8]
3418d682:	e40b      	b.n	3418ce9c <_dtoa_r+0x57c>
3418d684:	2b00      	cmp	r3, #0
3418d686:	9707      	str	r7, [sp, #28]
3418d688:	465b      	mov	r3, fp
3418d68a:	4657      	mov	r7, sl
3418d68c:	f8dd a038 	ldr.w	sl, [sp, #56]	@ 0x38
3418d690:	f73f aea6 	bgt.w	3418d3e0 <_dtoa_r+0xac0>
3418d694:	e6b7      	b.n	3418d406 <_dtoa_r+0xae6>
3418d696:	9b03      	ldr	r3, [sp, #12]
3418d698:	f023 4300 	bic.w	r3, r3, #2147483648	@ 0x80000000
3418d69c:	0d1b      	lsrs	r3, r3, #20
3418d69e:	051b      	lsls	r3, r3, #20
3418d6a0:	2b00      	cmp	r3, #0
3418d6a2:	f43f ad1b 	beq.w	3418d0dc <_dtoa_r+0x7bc>
3418d6a6:	9b07      	ldr	r3, [sp, #28]
3418d6a8:	f108 0801 	add.w	r8, r8, #1
3418d6ac:	3301      	adds	r3, #1
3418d6ae:	9307      	str	r3, [sp, #28]
3418d6b0:	2301      	movs	r3, #1
3418d6b2:	9309      	str	r3, [sp, #36]	@ 0x24
3418d6b4:	e513      	b.n	3418d0de <_dtoa_r+0x7be>
3418d6b6:	9707      	str	r7, [sp, #28]
3418d6b8:	465b      	mov	r3, fp
3418d6ba:	4657      	mov	r7, sl
3418d6bc:	f8dd a038 	ldr.w	sl, [sp, #56]	@ 0x38
3418d6c0:	e6a1      	b.n	3418d406 <_dtoa_r+0xae6>
3418d6c2:	465b      	mov	r3, fp
3418d6c4:	9707      	str	r7, [sp, #28]
3418d6c6:	4657      	mov	r7, sl
3418d6c8:	f8dd a038 	ldr.w	sl, [sp, #56]	@ 0x38
3418d6cc:	2b39      	cmp	r3, #57	@ 0x39
3418d6ce:	d0d0      	beq.n	3418d672 <_dtoa_r+0xd52>
3418d6d0:	f1b8 0f00 	cmp.w	r8, #0
3418d6d4:	f73f ae95 	bgt.w	3418d402 <_dtoa_r+0xae2>
3418d6d8:	e695      	b.n	3418d406 <_dtoa_r+0xae6>
3418d6da:	461a      	mov	r2, r3
3418d6dc:	e586      	b.n	3418d1ec <_dtoa_r+0x8cc>
3418d6de:	9b07      	ldr	r3, [sp, #28]
3418d6e0:	f8dd 9038 	ldr.w	r9, [sp, #56]	@ 0x38
3418d6e4:	9300      	str	r3, [sp, #0]
3418d6e6:	f7ff bac5 	b.w	3418cc74 <_dtoa_r+0x354>
3418d6ea:	9b07      	ldr	r3, [sp, #28]
3418d6ec:	44c8      	add	r8, r9
3418d6ee:	930b      	str	r3, [sp, #44]	@ 0x2c
3418d6f0:	444b      	add	r3, r9
3418d6f2:	9307      	str	r3, [sp, #28]
3418d6f4:	f7ff ba45 	b.w	3418cb82 <_dtoa_r+0x262>
3418d6f8:	2102      	movs	r1, #2
3418d6fa:	f7ff bbf0 	b.w	3418cede <_dtoa_r+0x5be>
3418d6fe:	f47f ae82 	bne.w	3418d406 <_dtoa_r+0xae6>
3418d702:	07da      	lsls	r2, r3, #31
3418d704:	f57f ae7f 	bpl.w	3418d406 <_dtoa_r+0xae6>
3418d708:	e678      	b.n	3418d3fc <_dtoa_r+0xadc>
3418d70a:	2100      	movs	r1, #0
3418d70c:	63e1      	str	r1, [r4, #60]	@ 0x3c
3418d70e:	f7ff bb3a 	b.w	3418cd86 <_dtoa_r+0x466>
3418d712:	4602      	mov	r2, r0
3418d714:	4b03      	ldr	r3, [pc, #12]	@ (3418d724 <_dtoa_r+0xe04>)
3418d716:	f240 21ef 	movw	r1, #751	@ 0x2ef
3418d71a:	4803      	ldr	r0, [pc, #12]	@ (3418d728 <_dtoa_r+0xe08>)
3418d71c:	f000 fdb0 	bl	3418e280 <__assert_func>
3418d720:	34190298 	.word	0x34190298
3418d724:	3418ff10 	.word	0x3418ff10
3418d728:	3418ff24 	.word	0x3418ff24

3418d72c <__ascii_mbtowc>:
3418d72c:	b082      	sub	sp, #8
3418d72e:	b149      	cbz	r1, 3418d744 <__ascii_mbtowc+0x18>
3418d730:	b15a      	cbz	r2, 3418d74a <__ascii_mbtowc+0x1e>
3418d732:	b16b      	cbz	r3, 3418d750 <__ascii_mbtowc+0x24>
3418d734:	7813      	ldrb	r3, [r2, #0]
3418d736:	600b      	str	r3, [r1, #0]
3418d738:	7812      	ldrb	r2, [r2, #0]
3418d73a:	1e10      	subs	r0, r2, #0
3418d73c:	bf18      	it	ne
3418d73e:	2001      	movne	r0, #1
3418d740:	b002      	add	sp, #8
3418d742:	4770      	bx	lr
3418d744:	a901      	add	r1, sp, #4
3418d746:	2a00      	cmp	r2, #0
3418d748:	d1f3      	bne.n	3418d732 <__ascii_mbtowc+0x6>
3418d74a:	4610      	mov	r0, r2
3418d74c:	b002      	add	sp, #8
3418d74e:	4770      	bx	lr
3418d750:	f06f 0001 	mvn.w	r0, #1
3418d754:	e7f4      	b.n	3418d740 <__ascii_mbtowc+0x14>
3418d756:	bf00      	nop

3418d758 <_Balloc>:
3418d758:	b538      	push	{r3, r4, r5, lr}
3418d75a:	6c43      	ldr	r3, [r0, #68]	@ 0x44
3418d75c:	4605      	mov	r5, r0
3418d75e:	460c      	mov	r4, r1
3418d760:	b14b      	cbz	r3, 3418d776 <_Balloc+0x1e>
3418d762:	f853 0024 	ldr.w	r0, [r3, r4, lsl #2]
3418d766:	b180      	cbz	r0, 3418d78a <_Balloc+0x32>
3418d768:	6802      	ldr	r2, [r0, #0]
3418d76a:	f843 2024 	str.w	r2, [r3, r4, lsl #2]
3418d76e:	2300      	movs	r3, #0
3418d770:	e9c0 3303 	strd	r3, r3, [r0, #12]
3418d774:	bd38      	pop	{r3, r4, r5, pc}
3418d776:	2221      	movs	r2, #33	@ 0x21
3418d778:	2104      	movs	r1, #4
3418d77a:	f7f9 f825 	bl	341867c8 <_calloc_r>
3418d77e:	4603      	mov	r3, r0
3418d780:	6468      	str	r0, [r5, #68]	@ 0x44
3418d782:	2800      	cmp	r0, #0
3418d784:	d1ed      	bne.n	3418d762 <_Balloc+0xa>
3418d786:	2000      	movs	r0, #0
3418d788:	bd38      	pop	{r3, r4, r5, pc}
3418d78a:	2101      	movs	r1, #1
3418d78c:	4628      	mov	r0, r5
3418d78e:	fa01 f504 	lsl.w	r5, r1, r4
3418d792:	1d6a      	adds	r2, r5, #5
3418d794:	0092      	lsls	r2, r2, #2
3418d796:	f7f9 f817 	bl	341867c8 <_calloc_r>
3418d79a:	2800      	cmp	r0, #0
3418d79c:	d0f3      	beq.n	3418d786 <_Balloc+0x2e>
3418d79e:	e9c0 4501 	strd	r4, r5, [r0, #4]
3418d7a2:	e7e4      	b.n	3418d76e <_Balloc+0x16>

3418d7a4 <_Bfree>:
3418d7a4:	b131      	cbz	r1, 3418d7b4 <_Bfree+0x10>
3418d7a6:	6c43      	ldr	r3, [r0, #68]	@ 0x44
3418d7a8:	684a      	ldr	r2, [r1, #4]
3418d7aa:	f853 0022 	ldr.w	r0, [r3, r2, lsl #2]
3418d7ae:	6008      	str	r0, [r1, #0]
3418d7b0:	f843 1022 	str.w	r1, [r3, r2, lsl #2]
3418d7b4:	4770      	bx	lr
3418d7b6:	bf00      	nop

3418d7b8 <__multadd>:
3418d7b8:	e92d 41f0 	stmdb	sp!, {r4, r5, r6, r7, r8, lr}
3418d7bc:	4617      	mov	r7, r2
3418d7be:	460e      	mov	r6, r1
3418d7c0:	461c      	mov	r4, r3
3418d7c2:	690d      	ldr	r5, [r1, #16]
3418d7c4:	f101 0214 	add.w	r2, r1, #20
3418d7c8:	f04f 0e00 	mov.w	lr, #0
3418d7cc:	6811      	ldr	r1, [r2, #0]
3418d7ce:	f10e 0e01 	add.w	lr, lr, #1
3418d7d2:	b28b      	uxth	r3, r1
3418d7d4:	4575      	cmp	r5, lr
3418d7d6:	ea4f 4111 	mov.w	r1, r1, lsr #16
3418d7da:	fb07 4303 	mla	r3, r7, r3, r4
3418d7de:	ea4f 4c13 	mov.w	ip, r3, lsr #16
3418d7e2:	b29b      	uxth	r3, r3
3418d7e4:	fb07 cc01 	mla	ip, r7, r1, ip
3418d7e8:	eb03 430c 	add.w	r3, r3, ip, lsl #16
3418d7ec:	ea4f 441c 	mov.w	r4, ip, lsr #16
3418d7f0:	f842 3b04 	str.w	r3, [r2], #4
3418d7f4:	dcea      	bgt.n	3418d7cc <__multadd+0x14>
3418d7f6:	b13c      	cbz	r4, 3418d808 <__multadd+0x50>
3418d7f8:	68b3      	ldr	r3, [r6, #8]
3418d7fa:	42ab      	cmp	r3, r5
3418d7fc:	dd07      	ble.n	3418d80e <__multadd+0x56>
3418d7fe:	eb06 0385 	add.w	r3, r6, r5, lsl #2
3418d802:	3501      	adds	r5, #1
3418d804:	615c      	str	r4, [r3, #20]
3418d806:	6135      	str	r5, [r6, #16]
3418d808:	4630      	mov	r0, r6
3418d80a:	e8bd 81f0 	ldmia.w	sp!, {r4, r5, r6, r7, r8, pc}
3418d80e:	6871      	ldr	r1, [r6, #4]
3418d810:	4680      	mov	r8, r0
3418d812:	3101      	adds	r1, #1
3418d814:	f7ff ffa0 	bl	3418d758 <_Balloc>
3418d818:	4607      	mov	r7, r0
3418d81a:	b1b0      	cbz	r0, 3418d84a <__multadd+0x92>
3418d81c:	6932      	ldr	r2, [r6, #16]
3418d81e:	f106 010c 	add.w	r1, r6, #12
3418d822:	300c      	adds	r0, #12
3418d824:	3202      	adds	r2, #2
3418d826:	0092      	lsls	r2, r2, #2
3418d828:	f7f9 fe30 	bl	3418748c <memcpy>
3418d82c:	f8d8 3044 	ldr.w	r3, [r8, #68]	@ 0x44
3418d830:	6872      	ldr	r2, [r6, #4]
3418d832:	f853 1022 	ldr.w	r1, [r3, r2, lsl #2]
3418d836:	6031      	str	r1, [r6, #0]
3418d838:	f843 6022 	str.w	r6, [r3, r2, lsl #2]
3418d83c:	463e      	mov	r6, r7
3418d83e:	eb06 0385 	add.w	r3, r6, r5, lsl #2
3418d842:	3501      	adds	r5, #1
3418d844:	615c      	str	r4, [r3, #20]
3418d846:	6135      	str	r5, [r6, #16]
3418d848:	e7de      	b.n	3418d808 <__multadd+0x50>
3418d84a:	4602      	mov	r2, r0
3418d84c:	4b02      	ldr	r3, [pc, #8]	@ (3418d858 <__multadd+0xa0>)
3418d84e:	21ba      	movs	r1, #186	@ 0xba
3418d850:	4802      	ldr	r0, [pc, #8]	@ (3418d85c <__multadd+0xa4>)
3418d852:	f000 fd15 	bl	3418e280 <__assert_func>
3418d856:	bf00      	nop
3418d858:	3418ff10 	.word	0x3418ff10
3418d85c:	3418ffd8 	.word	0x3418ffd8

3418d860 <__hi0bits>:
3418d860:	f5b0 3f80 	cmp.w	r0, #65536	@ 0x10000
3418d864:	4603      	mov	r3, r0
3418d866:	d210      	bcs.n	3418d88a <__hi0bits+0x2a>
3418d868:	0403      	lsls	r3, r0, #16
3418d86a:	2010      	movs	r0, #16
3418d86c:	f1b3 7f80 	cmp.w	r3, #16777216	@ 0x1000000
3418d870:	d201      	bcs.n	3418d876 <__hi0bits+0x16>
3418d872:	3008      	adds	r0, #8
3418d874:	021b      	lsls	r3, r3, #8
3418d876:	f1b3 5f80 	cmp.w	r3, #268435456	@ 0x10000000
3418d87a:	d308      	bcc.n	3418d88e <__hi0bits+0x2e>
3418d87c:	f1b3 4f80 	cmp.w	r3, #1073741824	@ 0x40000000
3418d880:	d210      	bcs.n	3418d8a4 <__hi0bits+0x44>
3418d882:	009a      	lsls	r2, r3, #2
3418d884:	d413      	bmi.n	3418d8ae <__hi0bits+0x4e>
3418d886:	3003      	adds	r0, #3
3418d888:	4770      	bx	lr
3418d88a:	2000      	movs	r0, #0
3418d88c:	e7ee      	b.n	3418d86c <__hi0bits+0xc>
3418d88e:	011a      	lsls	r2, r3, #4
3418d890:	3004      	adds	r0, #4
3418d892:	f1b2 4f80 	cmp.w	r2, #1073741824	@ 0x40000000
3418d896:	d206      	bcs.n	3418d8a6 <__hi0bits+0x46>
3418d898:	019b      	lsls	r3, r3, #6
3418d89a:	d408      	bmi.n	3418d8ae <__hi0bits+0x4e>
3418d89c:	005b      	lsls	r3, r3, #1
3418d89e:	d4f2      	bmi.n	3418d886 <__hi0bits+0x26>
3418d8a0:	2020      	movs	r0, #32
3418d8a2:	4770      	bx	lr
3418d8a4:	461a      	mov	r2, r3
3418d8a6:	2a00      	cmp	r2, #0
3418d8a8:	dbfb      	blt.n	3418d8a2 <__hi0bits+0x42>
3418d8aa:	3001      	adds	r0, #1
3418d8ac:	4770      	bx	lr
3418d8ae:	3002      	adds	r0, #2
3418d8b0:	4770      	bx	lr
3418d8b2:	bf00      	nop

3418d8b4 <__lo0bits>:
3418d8b4:	6803      	ldr	r3, [r0, #0]
3418d8b6:	0759      	lsls	r1, r3, #29
3418d8b8:	d008      	beq.n	3418d8cc <__lo0bits+0x18>
3418d8ba:	07da      	lsls	r2, r3, #31
3418d8bc:	d41f      	bmi.n	3418d8fe <__lo0bits+0x4a>
3418d8be:	0799      	lsls	r1, r3, #30
3418d8c0:	d52a      	bpl.n	3418d918 <__lo0bits+0x64>
3418d8c2:	085b      	lsrs	r3, r3, #1
3418d8c4:	2201      	movs	r2, #1
3418d8c6:	6003      	str	r3, [r0, #0]
3418d8c8:	4610      	mov	r0, r2
3418d8ca:	4770      	bx	lr
3418d8cc:	b29a      	uxth	r2, r3
3418d8ce:	b982      	cbnz	r2, 3418d8f2 <__lo0bits+0x3e>
3418d8d0:	0c1b      	lsrs	r3, r3, #16
3418d8d2:	b2da      	uxtb	r2, r3
3418d8d4:	b1b2      	cbz	r2, 3418d904 <__lo0bits+0x50>
3418d8d6:	2210      	movs	r2, #16
3418d8d8:	0719      	lsls	r1, r3, #28
3418d8da:	d101      	bne.n	3418d8e0 <__lo0bits+0x2c>
3418d8dc:	3204      	adds	r2, #4
3418d8de:	091b      	lsrs	r3, r3, #4
3418d8e0:	0799      	lsls	r1, r3, #30
3418d8e2:	d014      	beq.n	3418d90e <__lo0bits+0x5a>
3418d8e4:	07d9      	lsls	r1, r3, #31
3418d8e6:	d401      	bmi.n	3418d8ec <__lo0bits+0x38>
3418d8e8:	3201      	adds	r2, #1
3418d8ea:	085b      	lsrs	r3, r3, #1
3418d8ec:	6003      	str	r3, [r0, #0]
3418d8ee:	4610      	mov	r0, r2
3418d8f0:	4770      	bx	lr
3418d8f2:	b2da      	uxtb	r2, r3
3418d8f4:	b14a      	cbz	r2, 3418d90a <__lo0bits+0x56>
3418d8f6:	071a      	lsls	r2, r3, #28
3418d8f8:	d117      	bne.n	3418d92a <__lo0bits+0x76>
3418d8fa:	2204      	movs	r2, #4
3418d8fc:	e7ef      	b.n	3418d8de <__lo0bits+0x2a>
3418d8fe:	2200      	movs	r2, #0
3418d900:	4610      	mov	r0, r2
3418d902:	4770      	bx	lr
3418d904:	2218      	movs	r2, #24
3418d906:	0a1b      	lsrs	r3, r3, #8
3418d908:	e7e6      	b.n	3418d8d8 <__lo0bits+0x24>
3418d90a:	2208      	movs	r2, #8
3418d90c:	e7fb      	b.n	3418d906 <__lo0bits+0x52>
3418d90e:	0759      	lsls	r1, r3, #29
3418d910:	d507      	bpl.n	3418d922 <__lo0bits+0x6e>
3418d912:	3202      	adds	r2, #2
3418d914:	089b      	lsrs	r3, r3, #2
3418d916:	e7e9      	b.n	3418d8ec <__lo0bits+0x38>
3418d918:	089b      	lsrs	r3, r3, #2
3418d91a:	2202      	movs	r2, #2
3418d91c:	6003      	str	r3, [r0, #0]
3418d91e:	4610      	mov	r0, r2
3418d920:	4770      	bx	lr
3418d922:	08db      	lsrs	r3, r3, #3
3418d924:	d104      	bne.n	3418d930 <__lo0bits+0x7c>
3418d926:	2220      	movs	r2, #32
3418d928:	e7ce      	b.n	3418d8c8 <__lo0bits+0x14>
3418d92a:	08db      	lsrs	r3, r3, #3
3418d92c:	2203      	movs	r2, #3
3418d92e:	e7dd      	b.n	3418d8ec <__lo0bits+0x38>
3418d930:	3203      	adds	r2, #3
3418d932:	e7db      	b.n	3418d8ec <__lo0bits+0x38>

3418d934 <__i2b>:
3418d934:	b538      	push	{r3, r4, r5, lr}
3418d936:	6c43      	ldr	r3, [r0, #68]	@ 0x44
3418d938:	4604      	mov	r4, r0
3418d93a:	460d      	mov	r5, r1
3418d93c:	b14b      	cbz	r3, 3418d952 <__i2b+0x1e>
3418d93e:	6858      	ldr	r0, [r3, #4]
3418d940:	b1b0      	cbz	r0, 3418d970 <__i2b+0x3c>
3418d942:	6802      	ldr	r2, [r0, #0]
3418d944:	605a      	str	r2, [r3, #4]
3418d946:	2200      	movs	r2, #0
3418d948:	2301      	movs	r3, #1
3418d94a:	6145      	str	r5, [r0, #20]
3418d94c:	e9c0 2303 	strd	r2, r3, [r0, #12]
3418d950:	bd38      	pop	{r3, r4, r5, pc}
3418d952:	2221      	movs	r2, #33	@ 0x21
3418d954:	2104      	movs	r1, #4
3418d956:	f7f8 ff37 	bl	341867c8 <_calloc_r>
3418d95a:	4603      	mov	r3, r0
3418d95c:	6460      	str	r0, [r4, #68]	@ 0x44
3418d95e:	2800      	cmp	r0, #0
3418d960:	d1ed      	bne.n	3418d93e <__i2b+0xa>
3418d962:	4b09      	ldr	r3, [pc, #36]	@ (3418d988 <__i2b+0x54>)
3418d964:	2200      	movs	r2, #0
3418d966:	f240 1145 	movw	r1, #325	@ 0x145
3418d96a:	4808      	ldr	r0, [pc, #32]	@ (3418d98c <__i2b+0x58>)
3418d96c:	f000 fc88 	bl	3418e280 <__assert_func>
3418d970:	221c      	movs	r2, #28
3418d972:	2101      	movs	r1, #1
3418d974:	4620      	mov	r0, r4
3418d976:	f7f8 ff27 	bl	341867c8 <_calloc_r>
3418d97a:	2800      	cmp	r0, #0
3418d97c:	d0f1      	beq.n	3418d962 <__i2b+0x2e>
3418d97e:	2201      	movs	r2, #1
3418d980:	2302      	movs	r3, #2
3418d982:	e9c0 2301 	strd	r2, r3, [r0, #4]
3418d986:	e7de      	b.n	3418d946 <__i2b+0x12>
3418d988:	3418ff10 	.word	0x3418ff10
3418d98c:	3418ffd8 	.word	0x3418ffd8

3418d990 <__multiply>:
3418d990:	e92d 4ff0 	stmdb	sp!, {r4, r5, r6, r7, r8, r9, sl, fp, lr}
3418d994:	690f      	ldr	r7, [r1, #16]
3418d996:	b085      	sub	sp, #20
3418d998:	6915      	ldr	r5, [r2, #16]
3418d99a:	460e      	mov	r6, r1
3418d99c:	4690      	mov	r8, r2
3418d99e:	42af      	cmp	r7, r5
3418d9a0:	db05      	blt.n	3418d9ae <__multiply+0x1e>
3418d9a2:	462a      	mov	r2, r5
3418d9a4:	4643      	mov	r3, r8
3418d9a6:	463d      	mov	r5, r7
3418d9a8:	4688      	mov	r8, r1
3418d9aa:	4617      	mov	r7, r2
3418d9ac:	461e      	mov	r6, r3
3418d9ae:	19ec      	adds	r4, r5, r7
3418d9b0:	e9d8 1301 	ldrd	r1, r3, [r8, #4]
3418d9b4:	42a3      	cmp	r3, r4
3418d9b6:	bfb8      	it	lt
3418d9b8:	3101      	addlt	r1, #1
3418d9ba:	f7ff fecd 	bl	3418d758 <_Balloc>
3418d9be:	4684      	mov	ip, r0
3418d9c0:	2800      	cmp	r0, #0
3418d9c2:	f000 809d 	beq.w	3418db00 <__multiply+0x170>
3418d9c6:	3014      	adds	r0, #20
3418d9c8:	eb00 0e84 	add.w	lr, r0, r4, lsl #2
3418d9cc:	4570      	cmp	r0, lr
3418d9ce:	d205      	bcs.n	3418d9dc <__multiply+0x4c>
3418d9d0:	4603      	mov	r3, r0
3418d9d2:	2100      	movs	r1, #0
3418d9d4:	f843 1b04 	str.w	r1, [r3], #4
3418d9d8:	459e      	cmp	lr, r3
3418d9da:	d8fb      	bhi.n	3418d9d4 <__multiply+0x44>
3418d9dc:	3614      	adds	r6, #20
3418d9de:	eb06 0287 	add.w	r2, r6, r7, lsl #2
3418d9e2:	4296      	cmp	r6, r2
3418d9e4:	d27d      	bcs.n	3418dae2 <__multiply+0x152>
3418d9e6:	f108 0714 	add.w	r7, r8, #20
3418d9ea:	f108 0315 	add.w	r3, r8, #21
3418d9ee:	4691      	mov	r9, r2
3418d9f0:	46e3      	mov	fp, ip
3418d9f2:	eb07 0585 	add.w	r5, r7, r5, lsl #2
3418d9f6:	eba5 0808 	sub.w	r8, r5, r8
3418d9fa:	42ab      	cmp	r3, r5
3418d9fc:	f1a8 0815 	sub.w	r8, r8, #21
3418da00:	e9cd e402 	strd	lr, r4, [sp, #8]
3418da04:	ea4f 0a98 	mov.w	sl, r8, lsr #2
3418da08:	bf8c      	ite	hi
3418da0a:	2400      	movhi	r4, #0
3418da0c:	2401      	movls	r4, #1
3418da0e:	e005      	b.n	3418da1c <__multiply+0x8c>
3418da10:	0c09      	lsrs	r1, r1, #16
3418da12:	d135      	bne.n	3418da80 <__multiply+0xf0>
3418da14:	45b1      	cmp	r9, r6
3418da16:	f100 0004 	add.w	r0, r0, #4
3418da1a:	d95f      	bls.n	3418dadc <__multiply+0x14c>
3418da1c:	f856 1b04 	ldr.w	r1, [r6], #4
3418da20:	b28a      	uxth	r2, r1
3418da22:	2a00      	cmp	r2, #0
3418da24:	d0f4      	beq.n	3418da10 <__multiply+0x80>
3418da26:	46b8      	mov	r8, r7
3418da28:	4686      	mov	lr, r0
3418da2a:	2300      	movs	r3, #0
3418da2c:	e9cd 9000 	strd	r9, r0, [sp]
3418da30:	f858 1b04 	ldr.w	r1, [r8], #4
3418da34:	f8de 0000 	ldr.w	r0, [lr]
3418da38:	fa1f f981 	uxth.w	r9, r1
3418da3c:	4545      	cmp	r5, r8
3418da3e:	ea4f 4c11 	mov.w	ip, r1, lsr #16
3418da42:	b281      	uxth	r1, r0
3418da44:	ea4f 4010 	mov.w	r0, r0, lsr #16
3418da48:	fb02 1109 	mla	r1, r2, r9, r1
3418da4c:	fb02 000c 	mla	r0, r2, ip, r0
3418da50:	4419      	add	r1, r3
3418da52:	eb00 4011 	add.w	r0, r0, r1, lsr #16
3418da56:	b289      	uxth	r1, r1
3418da58:	ea4f 4310 	mov.w	r3, r0, lsr #16
3418da5c:	ea41 4100 	orr.w	r1, r1, r0, lsl #16
3418da60:	f84e 1b04 	str.w	r1, [lr], #4
3418da64:	d8e4      	bhi.n	3418da30 <__multiply+0xa0>
3418da66:	2c00      	cmp	r4, #0
3418da68:	ea4f 028a 	mov.w	r2, sl, lsl #2
3418da6c:	e9dd 9000 	ldrd	r9, r0, [sp]
3418da70:	bf08      	it	eq
3418da72:	2200      	moveq	r2, #0
3418da74:	4402      	add	r2, r0
3418da76:	6053      	str	r3, [r2, #4]
3418da78:	f856 1c04 	ldr.w	r1, [r6, #-4]
3418da7c:	0c09      	lsrs	r1, r1, #16
3418da7e:	d0c9      	beq.n	3418da14 <__multiply+0x84>
3418da80:	6803      	ldr	r3, [r0, #0]
3418da82:	468e      	mov	lr, r1
3418da84:	46bc      	mov	ip, r7
3418da86:	4680      	mov	r8, r0
3418da88:	2200      	movs	r2, #0
3418da8a:	4619      	mov	r1, r3
3418da8c:	f8cd 9000 	str.w	r9, [sp]
3418da90:	f8bc 9000 	ldrh.w	r9, [ip]
3418da94:	b29b      	uxth	r3, r3
3418da96:	fb0e 2909 	mla	r9, lr, r9, r2
3418da9a:	eb09 4911 	add.w	r9, r9, r1, lsr #16
3418da9e:	ea43 4309 	orr.w	r3, r3, r9, lsl #16
3418daa2:	f848 3b04 	str.w	r3, [r8], #4
3418daa6:	f85c 3b04 	ldr.w	r3, [ip], #4
3418daaa:	f8d8 1000 	ldr.w	r1, [r8]
3418daae:	0c1b      	lsrs	r3, r3, #16
3418dab0:	4565      	cmp	r5, ip
3418dab2:	b28a      	uxth	r2, r1
3418dab4:	fb0e 2303 	mla	r3, lr, r3, r2
3418dab8:	eb03 4319 	add.w	r3, r3, r9, lsr #16
3418dabc:	ea4f 4213 	mov.w	r2, r3, lsr #16
3418dac0:	d8e6      	bhi.n	3418da90 <__multiply+0x100>
3418dac2:	2c00      	cmp	r4, #0
3418dac4:	ea4f 028a 	mov.w	r2, sl, lsl #2
3418dac8:	f8dd 9000 	ldr.w	r9, [sp]
3418dacc:	bf08      	it	eq
3418dace:	2200      	moveq	r2, #0
3418dad0:	45b1      	cmp	r9, r6
3418dad2:	4402      	add	r2, r0
3418dad4:	f100 0004 	add.w	r0, r0, #4
3418dad8:	6053      	str	r3, [r2, #4]
3418dada:	d89f      	bhi.n	3418da1c <__multiply+0x8c>
3418dadc:	46dc      	mov	ip, fp
3418dade:	e9dd e402 	ldrd	lr, r4, [sp, #8]
3418dae2:	2c00      	cmp	r4, #0
3418dae4:	dc02      	bgt.n	3418daec <__multiply+0x15c>
3418dae6:	e005      	b.n	3418daf4 <__multiply+0x164>
3418dae8:	3c01      	subs	r4, #1
3418daea:	d003      	beq.n	3418daf4 <__multiply+0x164>
3418daec:	f85e 3d04 	ldr.w	r3, [lr, #-4]!
3418daf0:	2b00      	cmp	r3, #0
3418daf2:	d0f9      	beq.n	3418dae8 <__multiply+0x158>
3418daf4:	4660      	mov	r0, ip
3418daf6:	f8cc 4010 	str.w	r4, [ip, #16]
3418dafa:	b005      	add	sp, #20
3418dafc:	e8bd 8ff0 	ldmia.w	sp!, {r4, r5, r6, r7, r8, r9, sl, fp, pc}
3418db00:	4602      	mov	r2, r0
3418db02:	4b03      	ldr	r3, [pc, #12]	@ (3418db10 <__multiply+0x180>)
3418db04:	f44f 71b1 	mov.w	r1, #354	@ 0x162
3418db08:	4802      	ldr	r0, [pc, #8]	@ (3418db14 <__multiply+0x184>)
3418db0a:	f000 fbb9 	bl	3418e280 <__assert_func>
3418db0e:	bf00      	nop
3418db10:	3418ff10 	.word	0x3418ff10
3418db14:	3418ffd8 	.word	0x3418ffd8

3418db18 <__pow5mult>:
3418db18:	b5f8      	push	{r3, r4, r5, r6, r7, lr}
3418db1a:	f012 0303 	ands.w	r3, r2, #3
3418db1e:	4614      	mov	r4, r2
3418db20:	4607      	mov	r7, r0
3418db22:	d12f      	bne.n	3418db84 <__pow5mult+0x6c>
3418db24:	460e      	mov	r6, r1
3418db26:	10a4      	asrs	r4, r4, #2
3418db28:	d02a      	beq.n	3418db80 <__pow5mult+0x68>
3418db2a:	6c3d      	ldr	r5, [r7, #64]	@ 0x40
3418db2c:	2d00      	cmp	r5, #0
3418db2e:	d032      	beq.n	3418db96 <__pow5mult+0x7e>
3418db30:	f004 0301 	and.w	r3, r4, #1
3418db34:	1064      	asrs	r4, r4, #1
3418db36:	b93b      	cbnz	r3, 3418db48 <__pow5mult+0x30>
3418db38:	6828      	ldr	r0, [r5, #0]
3418db3a:	b1b8      	cbz	r0, 3418db6c <__pow5mult+0x54>
3418db3c:	4605      	mov	r5, r0
3418db3e:	f004 0301 	and.w	r3, r4, #1
3418db42:	1064      	asrs	r4, r4, #1
3418db44:	2b00      	cmp	r3, #0
3418db46:	d0f7      	beq.n	3418db38 <__pow5mult+0x20>
3418db48:	462a      	mov	r2, r5
3418db4a:	4631      	mov	r1, r6
3418db4c:	4638      	mov	r0, r7
3418db4e:	f7ff ff1f 	bl	3418d990 <__multiply>
3418db52:	b136      	cbz	r6, 3418db62 <__pow5mult+0x4a>
3418db54:	6c7b      	ldr	r3, [r7, #68]	@ 0x44
3418db56:	6871      	ldr	r1, [r6, #4]
3418db58:	f853 2021 	ldr.w	r2, [r3, r1, lsl #2]
3418db5c:	6032      	str	r2, [r6, #0]
3418db5e:	f843 6021 	str.w	r6, [r3, r1, lsl #2]
3418db62:	b174      	cbz	r4, 3418db82 <__pow5mult+0x6a>
3418db64:	4606      	mov	r6, r0
3418db66:	6828      	ldr	r0, [r5, #0]
3418db68:	2800      	cmp	r0, #0
3418db6a:	d1e7      	bne.n	3418db3c <__pow5mult+0x24>
3418db6c:	462a      	mov	r2, r5
3418db6e:	4629      	mov	r1, r5
3418db70:	4638      	mov	r0, r7
3418db72:	f7ff ff0d 	bl	3418d990 <__multiply>
3418db76:	2300      	movs	r3, #0
3418db78:	6028      	str	r0, [r5, #0]
3418db7a:	4605      	mov	r5, r0
3418db7c:	6003      	str	r3, [r0, #0]
3418db7e:	e7de      	b.n	3418db3e <__pow5mult+0x26>
3418db80:	4630      	mov	r0, r6
3418db82:	bdf8      	pop	{r3, r4, r5, r6, r7, pc}
3418db84:	3b01      	subs	r3, #1
3418db86:	4a0f      	ldr	r2, [pc, #60]	@ (3418dbc4 <__pow5mult+0xac>)
3418db88:	f852 2023 	ldr.w	r2, [r2, r3, lsl #2]
3418db8c:	2300      	movs	r3, #0
3418db8e:	f7ff fe13 	bl	3418d7b8 <__multadd>
3418db92:	4606      	mov	r6, r0
3418db94:	e7c7      	b.n	3418db26 <__pow5mult+0xe>
3418db96:	2101      	movs	r1, #1
3418db98:	4638      	mov	r0, r7
3418db9a:	f7ff fddd 	bl	3418d758 <_Balloc>
3418db9e:	4605      	mov	r5, r0
3418dba0:	b140      	cbz	r0, 3418dbb4 <__pow5mult+0x9c>
3418dba2:	2301      	movs	r3, #1
3418dba4:	f240 2271 	movw	r2, #625	@ 0x271
3418dba8:	e9c0 3204 	strd	r3, r2, [r0, #16]
3418dbac:	2300      	movs	r3, #0
3418dbae:	6438      	str	r0, [r7, #64]	@ 0x40
3418dbb0:	6003      	str	r3, [r0, #0]
3418dbb2:	e7bd      	b.n	3418db30 <__pow5mult+0x18>
3418dbb4:	4602      	mov	r2, r0
3418dbb6:	4b04      	ldr	r3, [pc, #16]	@ (3418dbc8 <__pow5mult+0xb0>)
3418dbb8:	f240 1145 	movw	r1, #325	@ 0x145
3418dbbc:	4803      	ldr	r0, [pc, #12]	@ (3418dbcc <__pow5mult+0xb4>)
3418dbbe:	f000 fb5f 	bl	3418e280 <__assert_func>
3418dbc2:	bf00      	nop
3418dbc4:	34190260 	.word	0x34190260
3418dbc8:	3418ff10 	.word	0x3418ff10
3418dbcc:	3418ffd8 	.word	0x3418ffd8

3418dbd0 <__lshift>:
3418dbd0:	e92d 47f0 	stmdb	sp!, {r4, r5, r6, r7, r8, r9, sl, lr}
3418dbd4:	460d      	mov	r5, r1
3418dbd6:	4691      	mov	r9, r2
3418dbd8:	4607      	mov	r7, r0
3418dbda:	ea4f 1862 	mov.w	r8, r2, asr #5
3418dbde:	692e      	ldr	r6, [r5, #16]
3418dbe0:	68ab      	ldr	r3, [r5, #8]
3418dbe2:	eb06 1662 	add.w	r6, r6, r2, asr #5
3418dbe6:	6849      	ldr	r1, [r1, #4]
3418dbe8:	1c74      	adds	r4, r6, #1
3418dbea:	429c      	cmp	r4, r3
3418dbec:	dd03      	ble.n	3418dbf6 <__lshift+0x26>
3418dbee:	005b      	lsls	r3, r3, #1
3418dbf0:	3101      	adds	r1, #1
3418dbf2:	429c      	cmp	r4, r3
3418dbf4:	dcfb      	bgt.n	3418dbee <__lshift+0x1e>
3418dbf6:	4638      	mov	r0, r7
3418dbf8:	f7ff fdae 	bl	3418d758 <_Balloc>
3418dbfc:	2800      	cmp	r0, #0
3418dbfe:	d04e      	beq.n	3418dc9e <__lshift+0xce>
3418dc00:	f1b8 0f00 	cmp.w	r8, #0
3418dc04:	f100 0c14 	add.w	ip, r0, #20
3418dc08:	dd0b      	ble.n	3418dc22 <__lshift+0x52>
3418dc0a:	f108 0105 	add.w	r1, r8, #5
3418dc0e:	4663      	mov	r3, ip
3418dc10:	2200      	movs	r2, #0
3418dc12:	eb00 0181 	add.w	r1, r0, r1, lsl #2
3418dc16:	f843 2b04 	str.w	r2, [r3], #4
3418dc1a:	428b      	cmp	r3, r1
3418dc1c:	d1fb      	bne.n	3418dc16 <__lshift+0x46>
3418dc1e:	eb0c 0c88 	add.w	ip, ip, r8, lsl #2
3418dc22:	f105 0314 	add.w	r3, r5, #20
3418dc26:	6929      	ldr	r1, [r5, #16]
3418dc28:	f019 081f 	ands.w	r8, r9, #31
3418dc2c:	eb03 0e81 	add.w	lr, r3, r1, lsl #2
3418dc30:	d02c      	beq.n	3418dc8c <__lshift+0xbc>
3418dc32:	f1c8 0920 	rsb	r9, r8, #32
3418dc36:	4662      	mov	r2, ip
3418dc38:	f04f 0a00 	mov.w	sl, #0
3418dc3c:	6819      	ldr	r1, [r3, #0]
3418dc3e:	fa01 f108 	lsl.w	r1, r1, r8
3418dc42:	ea41 010a 	orr.w	r1, r1, sl
3418dc46:	f842 1b04 	str.w	r1, [r2], #4
3418dc4a:	f853 1b04 	ldr.w	r1, [r3], #4
3418dc4e:	459e      	cmp	lr, r3
3418dc50:	fa21 fa09 	lsr.w	sl, r1, r9
3418dc54:	d8f2      	bhi.n	3418dc3c <__lshift+0x6c>
3418dc56:	ebae 0305 	sub.w	r3, lr, r5
3418dc5a:	f105 0215 	add.w	r2, r5, #21
3418dc5e:	3b15      	subs	r3, #21
3418dc60:	f023 0303 	bic.w	r3, r3, #3
3418dc64:	4596      	cmp	lr, r2
3418dc66:	bf38      	it	cc
3418dc68:	2300      	movcc	r3, #0
3418dc6a:	3304      	adds	r3, #4
3418dc6c:	f84c a003 	str.w	sl, [ip, r3]
3418dc70:	f1ba 0f00 	cmp.w	sl, #0
3418dc74:	d100      	bne.n	3418dc78 <__lshift+0xa8>
3418dc76:	4634      	mov	r4, r6
3418dc78:	6c7b      	ldr	r3, [r7, #68]	@ 0x44
3418dc7a:	686a      	ldr	r2, [r5, #4]
3418dc7c:	6104      	str	r4, [r0, #16]
3418dc7e:	f853 1022 	ldr.w	r1, [r3, r2, lsl #2]
3418dc82:	6029      	str	r1, [r5, #0]
3418dc84:	f843 5022 	str.w	r5, [r3, r2, lsl #2]
3418dc88:	e8bd 87f0 	ldmia.w	sp!, {r4, r5, r6, r7, r8, r9, sl, pc}
3418dc8c:	f1ac 0c04 	sub.w	ip, ip, #4
3418dc90:	f853 2b04 	ldr.w	r2, [r3], #4
3418dc94:	459e      	cmp	lr, r3
3418dc96:	f84c 2f04 	str.w	r2, [ip, #4]!
3418dc9a:	d8f9      	bhi.n	3418dc90 <__lshift+0xc0>
3418dc9c:	e7eb      	b.n	3418dc76 <__lshift+0xa6>
3418dc9e:	4602      	mov	r2, r0
3418dca0:	4b02      	ldr	r3, [pc, #8]	@ (3418dcac <__lshift+0xdc>)
3418dca2:	f44f 71ef 	mov.w	r1, #478	@ 0x1de
3418dca6:	4802      	ldr	r0, [pc, #8]	@ (3418dcb0 <__lshift+0xe0>)
3418dca8:	f000 faea 	bl	3418e280 <__assert_func>
3418dcac:	3418ff10 	.word	0x3418ff10
3418dcb0:	3418ffd8 	.word	0x3418ffd8

3418dcb4 <__mcmp>:
3418dcb4:	6903      	ldr	r3, [r0, #16]
3418dcb6:	690a      	ldr	r2, [r1, #16]
3418dcb8:	b500      	push	{lr}
3418dcba:	ebb3 0e02 	subs.w	lr, r3, r2
3418dcbe:	d112      	bne.n	3418dce6 <__mcmp+0x32>
3418dcc0:	f100 0c14 	add.w	ip, r0, #20
3418dcc4:	3114      	adds	r1, #20
3418dcc6:	eb0c 0382 	add.w	r3, ip, r2, lsl #2
3418dcca:	eb01 0182 	add.w	r1, r1, r2, lsl #2
3418dcce:	e001      	b.n	3418dcd4 <__mcmp+0x20>
3418dcd0:	459c      	cmp	ip, r3
3418dcd2:	d208      	bcs.n	3418dce6 <__mcmp+0x32>
3418dcd4:	f853 0d04 	ldr.w	r0, [r3, #-4]!
3418dcd8:	f851 2d04 	ldr.w	r2, [r1, #-4]!
3418dcdc:	4290      	cmp	r0, r2
3418dcde:	d0f7      	beq.n	3418dcd0 <__mcmp+0x1c>
3418dce0:	d203      	bcs.n	3418dcea <__mcmp+0x36>
3418dce2:	f04f 3eff 	mov.w	lr, #4294967295	@ 0xffffffff
3418dce6:	4670      	mov	r0, lr
3418dce8:	bd00      	pop	{pc}
3418dcea:	f04f 0e01 	mov.w	lr, #1
3418dcee:	4670      	mov	r0, lr
3418dcf0:	bd00      	pop	{pc}
3418dcf2:	bf00      	nop

3418dcf4 <__mdiff>:
3418dcf4:	e92d 4ff0 	stmdb	sp!, {r4, r5, r6, r7, r8, r9, sl, fp, lr}
3418dcf8:	4617      	mov	r7, r2
3418dcfa:	690a      	ldr	r2, [r1, #16]
3418dcfc:	b083      	sub	sp, #12
3418dcfe:	460c      	mov	r4, r1
3418dd00:	693b      	ldr	r3, [r7, #16]
3418dd02:	eba2 0803 	sub.w	r8, r2, r3
3418dd06:	f1b8 0f00 	cmp.w	r8, #0
3418dd0a:	d115      	bne.n	3418dd38 <__mdiff+0x44>
3418dd0c:	3114      	adds	r1, #20
3418dd0e:	f107 0514 	add.w	r5, r7, #20
3418dd12:	eb05 0583 	add.w	r5, r5, r3, lsl #2
3418dd16:	eb01 0383 	add.w	r3, r1, r3, lsl #2
3418dd1a:	e002      	b.n	3418dd22 <__mdiff+0x2e>
3418dd1c:	4299      	cmp	r1, r3
3418dd1e:	f080 8087 	bcs.w	3418de30 <__mdiff+0x13c>
3418dd22:	f853 6d04 	ldr.w	r6, [r3, #-4]!
3418dd26:	f855 2d04 	ldr.w	r2, [r5, #-4]!
3418dd2a:	4296      	cmp	r6, r2
3418dd2c:	d0f6      	beq.n	3418dd1c <__mdiff+0x28>
3418dd2e:	f080 808c 	bcs.w	3418de4a <__mdiff+0x156>
3418dd32:	f04f 0801 	mov.w	r8, #1
3418dd36:	e005      	b.n	3418dd44 <__mdiff+0x50>
3418dd38:	dbfb      	blt.n	3418dd32 <__mdiff+0x3e>
3418dd3a:	463b      	mov	r3, r7
3418dd3c:	f04f 0800 	mov.w	r8, #0
3418dd40:	460f      	mov	r7, r1
3418dd42:	461c      	mov	r4, r3
3418dd44:	6879      	ldr	r1, [r7, #4]
3418dd46:	f7ff fd07 	bl	3418d758 <_Balloc>
3418dd4a:	2800      	cmp	r0, #0
3418dd4c:	f000 808a 	beq.w	3418de64 <__mdiff+0x170>
3418dd50:	693a      	ldr	r2, [r7, #16]
3418dd52:	f107 0110 	add.w	r1, r7, #16
3418dd56:	f8c0 800c 	str.w	r8, [r0, #12]
3418dd5a:	4683      	mov	fp, r0
3418dd5c:	f107 0814 	add.w	r8, r7, #20
3418dd60:	6926      	ldr	r6, [r4, #16]
3418dd62:	f100 0714 	add.w	r7, r0, #20
3418dd66:	f104 0014 	add.w	r0, r4, #20
3418dd6a:	eb08 0e82 	add.w	lr, r8, r2, lsl #2
3418dd6e:	4694      	mov	ip, r2
3418dd70:	eb00 0686 	add.w	r6, r0, r6, lsl #2
3418dd74:	2300      	movs	r3, #0
3418dd76:	46b9      	mov	r9, r7
3418dd78:	46c2      	mov	sl, r8
3418dd7a:	460a      	mov	r2, r1
3418dd7c:	9401      	str	r4, [sp, #4]
3418dd7e:	f850 1b04 	ldr.w	r1, [r0], #4
3418dd82:	f852 5f04 	ldr.w	r5, [r2, #4]!
3418dd86:	b28c      	uxth	r4, r1
3418dd88:	4286      	cmp	r6, r0
3418dd8a:	fa1f f885 	uxth.w	r8, r5
3418dd8e:	ea4f 4111 	mov.w	r1, r1, lsr #16
3418dd92:	eba8 0804 	sub.w	r8, r8, r4
3418dd96:	ebc1 4115 	rsb	r1, r1, r5, lsr #16
3418dd9a:	4498      	add	r8, r3
3418dd9c:	eb01 4128 	add.w	r1, r1, r8, asr #16
3418dda0:	fa1f f888 	uxth.w	r8, r8
3418dda4:	ea4f 4321 	mov.w	r3, r1, asr #16
3418dda8:	ea48 4401 	orr.w	r4, r8, r1, lsl #16
3418ddac:	f849 4b04 	str.w	r4, [r9], #4
3418ddb0:	d8e5      	bhi.n	3418dd7e <__mdiff+0x8a>
3418ddb2:	46a1      	mov	r9, r4
3418ddb4:	9c01      	ldr	r4, [sp, #4]
3418ddb6:	4662      	mov	r2, ip
3418ddb8:	46dc      	mov	ip, fp
3418ddba:	1b31      	subs	r1, r6, r4
3418ddbc:	3415      	adds	r4, #21
3418ddbe:	3915      	subs	r1, #21
3418ddc0:	f021 0103 	bic.w	r1, r1, #3
3418ddc4:	42a6      	cmp	r6, r4
3418ddc6:	bf38      	it	cc
3418ddc8:	2100      	movcc	r1, #0
3418ddca:	eb0a 0501 	add.w	r5, sl, r1
3418ddce:	19cc      	adds	r4, r1, r7
3418ddd0:	3504      	adds	r5, #4
3418ddd2:	45ae      	cmp	lr, r5
3418ddd4:	4628      	mov	r0, r5
3418ddd6:	d93c      	bls.n	3418de52 <__mdiff+0x15e>
3418ddd8:	eba7 070a 	sub.w	r7, r7, sl
3418dddc:	3404      	adds	r4, #4
3418ddde:	eb00 0807 	add.w	r8, r0, r7
3418dde2:	f850 1b04 	ldr.w	r1, [r0], #4
3418dde6:	fa1f f981 	uxth.w	r9, r1
3418ddea:	18ce      	adds	r6, r1, r3
3418ddec:	0c09      	lsrs	r1, r1, #16
3418ddee:	4586      	cmp	lr, r0
3418ddf0:	444b      	add	r3, r9
3418ddf2:	b2b6      	uxth	r6, r6
3418ddf4:	eb01 4123 	add.w	r1, r1, r3, asr #16
3418ddf8:	ea46 4601 	orr.w	r6, r6, r1, lsl #16
3418ddfc:	ea4f 4321 	mov.w	r3, r1, asr #16
3418de00:	f8c8 6000 	str.w	r6, [r8]
3418de04:	d8eb      	bhi.n	3418ddde <__mdiff+0xea>
3418de06:	f10e 33ff 	add.w	r3, lr, #4294967295	@ 0xffffffff
3418de0a:	46b1      	mov	r9, r6
3418de0c:	1b5b      	subs	r3, r3, r5
3418de0e:	f023 0303 	bic.w	r3, r3, #3
3418de12:	4423      	add	r3, r4
3418de14:	f1b9 0f00 	cmp.w	r9, #0
3418de18:	d104      	bne.n	3418de24 <__mdiff+0x130>
3418de1a:	f853 1d04 	ldr.w	r1, [r3, #-4]!
3418de1e:	3a01      	subs	r2, #1
3418de20:	2900      	cmp	r1, #0
3418de22:	d0fa      	beq.n	3418de1a <__mdiff+0x126>
3418de24:	4660      	mov	r0, ip
3418de26:	f8cc 2010 	str.w	r2, [ip, #16]
3418de2a:	b003      	add	sp, #12
3418de2c:	e8bd 8ff0 	ldmia.w	sp!, {r4, r5, r6, r7, r8, r9, sl, fp, pc}
3418de30:	2100      	movs	r1, #0
3418de32:	f7ff fc91 	bl	3418d758 <_Balloc>
3418de36:	4684      	mov	ip, r0
3418de38:	b168      	cbz	r0, 3418de56 <__mdiff+0x162>
3418de3a:	2201      	movs	r2, #1
3418de3c:	2300      	movs	r3, #0
3418de3e:	e9c0 2304 	strd	r2, r3, [r0, #16]
3418de42:	4660      	mov	r0, ip
3418de44:	b003      	add	sp, #12
3418de46:	e8bd 8ff0 	ldmia.w	sp!, {r4, r5, r6, r7, r8, r9, sl, fp, pc}
3418de4a:	463b      	mov	r3, r7
3418de4c:	4627      	mov	r7, r4
3418de4e:	461c      	mov	r4, r3
3418de50:	e778      	b.n	3418dd44 <__mdiff+0x50>
3418de52:	4623      	mov	r3, r4
3418de54:	e7de      	b.n	3418de14 <__mdiff+0x120>
3418de56:	4602      	mov	r2, r0
3418de58:	4b06      	ldr	r3, [pc, #24]	@ (3418de74 <__mdiff+0x180>)
3418de5a:	f240 2137 	movw	r1, #567	@ 0x237
3418de5e:	4806      	ldr	r0, [pc, #24]	@ (3418de78 <__mdiff+0x184>)
3418de60:	f000 fa0e 	bl	3418e280 <__assert_func>
3418de64:	4602      	mov	r2, r0
3418de66:	4b03      	ldr	r3, [pc, #12]	@ (3418de74 <__mdiff+0x180>)
3418de68:	f240 2145 	movw	r1, #581	@ 0x245
3418de6c:	4802      	ldr	r0, [pc, #8]	@ (3418de78 <__mdiff+0x184>)
3418de6e:	f000 fa07 	bl	3418e280 <__assert_func>
3418de72:	bf00      	nop
3418de74:	3418ff10 	.word	0x3418ff10
3418de78:	3418ffd8 	.word	0x3418ffd8

3418de7c <__d2b>:
3418de7c:	e92d 43f0 	stmdb	sp!, {r4, r5, r6, r7, r8, r9, lr}
3418de80:	4689      	mov	r9, r1
3418de82:	b083      	sub	sp, #12
3418de84:	2101      	movs	r1, #1
3418de86:	4690      	mov	r8, r2
3418de88:	ec57 6b10 	vmov	r6, r7, d0
3418de8c:	f7ff fc64 	bl	3418d758 <_Balloc>
3418de90:	4604      	mov	r4, r0
3418de92:	2800      	cmp	r0, #0
3418de94:	d046      	beq.n	3418df24 <__d2b+0xa8>
3418de96:	f3c7 550a 	ubfx	r5, r7, #20, #11
3418de9a:	f3c7 0313 	ubfx	r3, r7, #0, #20
3418de9e:	b10d      	cbz	r5, 3418dea4 <__d2b+0x28>
3418dea0:	f443 1380 	orr.w	r3, r3, #1048576	@ 0x100000
3418dea4:	9301      	str	r3, [sp, #4]
3418dea6:	1e33      	subs	r3, r6, #0
3418dea8:	d115      	bne.n	3418ded6 <__d2b+0x5a>
3418deaa:	a801      	add	r0, sp, #4
3418deac:	f7ff fd02 	bl	3418d8b4 <__lo0bits>
3418deb0:	9b01      	ldr	r3, [sp, #4]
3418deb2:	2101      	movs	r1, #1
3418deb4:	3020      	adds	r0, #32
3418deb6:	6163      	str	r3, [r4, #20]
3418deb8:	6121      	str	r1, [r4, #16]
3418deba:	b315      	cbz	r5, 3418df02 <__d2b+0x86>
3418debc:	f2a5 4533 	subw	r5, r5, #1075	@ 0x433
3418dec0:	4405      	add	r5, r0
3418dec2:	f1c0 0035 	rsb	r0, r0, #53	@ 0x35
3418dec6:	f8c9 5000 	str.w	r5, [r9]
3418deca:	f8c8 0000 	str.w	r0, [r8]
3418dece:	4620      	mov	r0, r4
3418ded0:	b003      	add	sp, #12
3418ded2:	e8bd 83f0 	ldmia.w	sp!, {r4, r5, r6, r7, r8, r9, pc}
3418ded6:	4668      	mov	r0, sp
3418ded8:	9300      	str	r3, [sp, #0]
3418deda:	f7ff fceb 	bl	3418d8b4 <__lo0bits>
3418dede:	e9dd 2300 	ldrd	r2, r3, [sp]
3418dee2:	b128      	cbz	r0, 3418def0 <__d2b+0x74>
3418dee4:	f1c0 0120 	rsb	r1, r0, #32
3418dee8:	fa03 f101 	lsl.w	r1, r3, r1
3418deec:	40c3      	lsrs	r3, r0
3418deee:	430a      	orrs	r2, r1
3418def0:	2b00      	cmp	r3, #0
3418def2:	6162      	str	r2, [r4, #20]
3418def4:	61a3      	str	r3, [r4, #24]
3418def6:	bf0c      	ite	eq
3418def8:	2101      	moveq	r1, #1
3418defa:	2102      	movne	r1, #2
3418defc:	6121      	str	r1, [r4, #16]
3418defe:	2d00      	cmp	r5, #0
3418df00:	d1dc      	bne.n	3418debc <__d2b+0x40>
3418df02:	eb04 0381 	add.w	r3, r4, r1, lsl #2
3418df06:	f2a0 4032 	subw	r0, r0, #1074	@ 0x432
3418df0a:	f8c9 0000 	str.w	r0, [r9]
3418df0e:	6918      	ldr	r0, [r3, #16]
3418df10:	f7ff fca6 	bl	3418d860 <__hi0bits>
3418df14:	ebc0 1041 	rsb	r0, r0, r1, lsl #5
3418df18:	f8c8 0000 	str.w	r0, [r8]
3418df1c:	4620      	mov	r0, r4
3418df1e:	b003      	add	sp, #12
3418df20:	e8bd 83f0 	ldmia.w	sp!, {r4, r5, r6, r7, r8, r9, pc}
3418df24:	4602      	mov	r2, r0
3418df26:	4b03      	ldr	r3, [pc, #12]	@ (3418df34 <__d2b+0xb8>)
3418df28:	f240 310f 	movw	r1, #783	@ 0x30f
3418df2c:	4802      	ldr	r0, [pc, #8]	@ (3418df38 <__d2b+0xbc>)
3418df2e:	f000 f9a7 	bl	3418e280 <__assert_func>
3418df32:	bf00      	nop
3418df34:	3418ff10 	.word	0x3418ff10
3418df38:	3418ffd8 	.word	0x3418ffd8

3418df3c <__smakebuf_r>:
3418df3c:	f9b1 200c 	ldrsh.w	r2, [r1, #12]
3418df40:	0793      	lsls	r3, r2, #30
3418df42:	d506      	bpl.n	3418df52 <__smakebuf_r+0x16>
3418df44:	f101 0343 	add.w	r3, r1, #67	@ 0x43
3418df48:	2201      	movs	r2, #1
3418df4a:	600b      	str	r3, [r1, #0]
3418df4c:	e9c1 3204 	strd	r3, r2, [r1, #16]
3418df50:	4770      	bx	lr
3418df52:	460b      	mov	r3, r1
3418df54:	f9b1 100e 	ldrsh.w	r1, [r1, #14]
3418df58:	2900      	cmp	r1, #0
3418df5a:	b530      	push	{r4, r5, lr}
3418df5c:	4604      	mov	r4, r0
3418df5e:	b099      	sub	sp, #100	@ 0x64
3418df60:	db32      	blt.n	3418dfc8 <__smakebuf_r+0x8c>
3418df62:	aa02      	add	r2, sp, #8
3418df64:	9300      	str	r3, [sp, #0]
3418df66:	f000 f8d3 	bl	3418e110 <_fstat_r>
3418df6a:	2800      	cmp	r0, #0
3418df6c:	9b00      	ldr	r3, [sp, #0]
3418df6e:	db29      	blt.n	3418dfc4 <__smakebuf_r+0x88>
3418df70:	f44f 6180 	mov.w	r1, #1024	@ 0x400
3418df74:	4620      	mov	r0, r4
3418df76:	9300      	str	r3, [sp, #0]
3418df78:	9d03      	ldr	r5, [sp, #12]
3418df7a:	f7f8 fc63 	bl	34186844 <_malloc_r>
3418df7e:	9b00      	ldr	r3, [sp, #0]
3418df80:	f9b3 200c 	ldrsh.w	r2, [r3, #12]
3418df84:	2800      	cmp	r0, #0
3418df86:	d03b      	beq.n	3418e000 <__smakebuf_r+0xc4>
3418df88:	f405 4170 	and.w	r1, r5, #61440	@ 0xf000
3418df8c:	f042 0280 	orr.w	r2, r2, #128	@ 0x80
3418df90:	6018      	str	r0, [r3, #0]
3418df92:	6118      	str	r0, [r3, #16]
3418df94:	f5b1 5f00 	cmp.w	r1, #8192	@ 0x2000
3418df98:	f44f 6080 	mov.w	r0, #1024	@ 0x400
3418df9c:	819a      	strh	r2, [r3, #12]
3418df9e:	6158      	str	r0, [r3, #20]
3418dfa0:	d13c      	bne.n	3418e01c <__smakebuf_r+0xe0>
3418dfa2:	f9b3 100e 	ldrsh.w	r1, [r3, #14]
3418dfa6:	4620      	mov	r0, r4
3418dfa8:	9300      	str	r3, [sp, #0]
3418dfaa:	f000 f8c5 	bl	3418e138 <_isatty_r>
3418dfae:	9b00      	ldr	r3, [sp, #0]
3418dfb0:	f9b3 200c 	ldrsh.w	r2, [r3, #12]
3418dfb4:	b390      	cbz	r0, 3418e01c <__smakebuf_r+0xe0>
3418dfb6:	f022 0203 	bic.w	r2, r2, #3
3418dfba:	f44f 6c00 	mov.w	ip, #2048	@ 0x800
3418dfbe:	f042 0201 	orr.w	r2, r2, #1
3418dfc2:	e018      	b.n	3418dff6 <__smakebuf_r+0xba>
3418dfc4:	f9b3 200c 	ldrsh.w	r2, [r3, #12]
3418dfc8:	f012 0f80 	tst.w	r2, #128	@ 0x80
3418dfcc:	4620      	mov	r0, r4
3418dfce:	9301      	str	r3, [sp, #4]
3418dfd0:	bf0c      	ite	eq
3418dfd2:	f44f 6180 	moveq.w	r1, #1024	@ 0x400
3418dfd6:	2140      	movne	r1, #64	@ 0x40
3418dfd8:	9100      	str	r1, [sp, #0]
3418dfda:	f7f8 fc33 	bl	34186844 <_malloc_r>
3418dfde:	9b01      	ldr	r3, [sp, #4]
3418dfe0:	9900      	ldr	r1, [sp, #0]
3418dfe2:	f9b3 200c 	ldrsh.w	r2, [r3, #12]
3418dfe6:	b158      	cbz	r0, 3418e000 <__smakebuf_r+0xc4>
3418dfe8:	f042 0280 	orr.w	r2, r2, #128	@ 0x80
3418dfec:	f04f 0c00 	mov.w	ip, #0
3418dff0:	6018      	str	r0, [r3, #0]
3418dff2:	e9c3 0104 	strd	r0, r1, [r3, #16]
3418dff6:	ea42 020c 	orr.w	r2, r2, ip
3418dffa:	819a      	strh	r2, [r3, #12]
3418dffc:	b019      	add	sp, #100	@ 0x64
3418dffe:	bd30      	pop	{r4, r5, pc}
3418e000:	0591      	lsls	r1, r2, #22
3418e002:	d4fb      	bmi.n	3418dffc <__smakebuf_r+0xc0>
3418e004:	f022 0203 	bic.w	r2, r2, #3
3418e008:	f103 0143 	add.w	r1, r3, #67	@ 0x43
3418e00c:	2001      	movs	r0, #1
3418e00e:	f042 0202 	orr.w	r2, r2, #2
3418e012:	6019      	str	r1, [r3, #0]
3418e014:	e9c3 1004 	strd	r1, r0, [r3, #16]
3418e018:	819a      	strh	r2, [r3, #12]
3418e01a:	e7ef      	b.n	3418dffc <__smakebuf_r+0xc0>
3418e01c:	f44f 6c00 	mov.w	ip, #2048	@ 0x800
3418e020:	e7e9      	b.n	3418dff6 <__smakebuf_r+0xba>
3418e022:	bf00      	nop

3418e024 <__ssputs_r>:
3418e024:	e92d 43f0 	stmdb	sp!, {r4, r5, r6, r7, r8, r9, lr}
3418e028:	688e      	ldr	r6, [r1, #8]
3418e02a:	4680      	mov	r8, r0
3418e02c:	b083      	sub	sp, #12
3418e02e:	460c      	mov	r4, r1
3418e030:	429e      	cmp	r6, r3
3418e032:	4617      	mov	r7, r2
3418e034:	461d      	mov	r5, r3
3418e036:	6808      	ldr	r0, [r1, #0]
3418e038:	d83a      	bhi.n	3418e0b0 <__ssputs_r+0x8c>
3418e03a:	f9b1 c00c 	ldrsh.w	ip, [r1, #12]
3418e03e:	f41c 6f90 	tst.w	ip, #1152	@ 0x480
3418e042:	d10e      	bne.n	3418e062 <__ssputs_r+0x3e>
3418e044:	4635      	mov	r5, r6
3418e046:	462a      	mov	r2, r5
3418e048:	4639      	mov	r1, r7
3418e04a:	f7fe f9e7 	bl	3418c41c <memmove>
3418e04e:	68a2      	ldr	r2, [r4, #8]
3418e050:	6823      	ldr	r3, [r4, #0]
3418e052:	2000      	movs	r0, #0
3418e054:	1b92      	subs	r2, r2, r6
3418e056:	442b      	add	r3, r5
3418e058:	60a2      	str	r2, [r4, #8]
3418e05a:	6023      	str	r3, [r4, #0]
3418e05c:	b003      	add	sp, #12
3418e05e:	e8bd 83f0 	ldmia.w	sp!, {r4, r5, r6, r7, r8, r9, pc}
3418e062:	6963      	ldr	r3, [r4, #20]
3418e064:	6909      	ldr	r1, [r1, #16]
3418e066:	eb13 0343 	adds.w	r3, r3, r3, lsl #1
3418e06a:	eba0 0601 	sub.w	r6, r0, r1
3418e06e:	f105 0001 	add.w	r0, r5, #1
3418e072:	bf48      	it	mi
3418e074:	3301      	addmi	r3, #1
3418e076:	4430      	add	r0, r6
3418e078:	105b      	asrs	r3, r3, #1
3418e07a:	4298      	cmp	r0, r3
3418e07c:	461a      	mov	r2, r3
3418e07e:	d901      	bls.n	3418e084 <__ssputs_r+0x60>
3418e080:	4603      	mov	r3, r0
3418e082:	4602      	mov	r2, r0
3418e084:	f41c 6f80 	tst.w	ip, #1024	@ 0x400
3418e088:	9301      	str	r3, [sp, #4]
3418e08a:	d013      	beq.n	3418e0b4 <__ssputs_r+0x90>
3418e08c:	4611      	mov	r1, r2
3418e08e:	4640      	mov	r0, r8
3418e090:	f7f8 fbd8 	bl	34186844 <_malloc_r>
3418e094:	4681      	mov	r9, r0
3418e096:	b308      	cbz	r0, 3418e0dc <__ssputs_r+0xb8>
3418e098:	4632      	mov	r2, r6
3418e09a:	6921      	ldr	r1, [r4, #16]
3418e09c:	f7f9 f9f6 	bl	3418748c <memcpy>
3418e0a0:	89a2      	ldrh	r2, [r4, #12]
3418e0a2:	9b01      	ldr	r3, [sp, #4]
3418e0a4:	f422 6290 	bic.w	r2, r2, #1152	@ 0x480
3418e0a8:	f042 0280 	orr.w	r2, r2, #128	@ 0x80
3418e0ac:	81a2      	strh	r2, [r4, #12]
3418e0ae:	e007      	b.n	3418e0c0 <__ssputs_r+0x9c>
3418e0b0:	461e      	mov	r6, r3
3418e0b2:	e7c8      	b.n	3418e046 <__ssputs_r+0x22>
3418e0b4:	4640      	mov	r0, r8
3418e0b6:	f7fd fea9 	bl	3418be0c <_realloc_r>
3418e0ba:	9b01      	ldr	r3, [sp, #4]
3418e0bc:	4681      	mov	r9, r0
3418e0be:	b148      	cbz	r0, 3418e0d4 <__ssputs_r+0xb0>
3418e0c0:	eb09 0006 	add.w	r0, r9, r6
3418e0c4:	1b9a      	subs	r2, r3, r6
3418e0c6:	f8c4 9010 	str.w	r9, [r4, #16]
3418e0ca:	462e      	mov	r6, r5
3418e0cc:	6163      	str	r3, [r4, #20]
3418e0ce:	60a2      	str	r2, [r4, #8]
3418e0d0:	6020      	str	r0, [r4, #0]
3418e0d2:	e7b8      	b.n	3418e046 <__ssputs_r+0x22>
3418e0d4:	6921      	ldr	r1, [r4, #16]
3418e0d6:	4640      	mov	r0, r8
3418e0d8:	f7f9 fb1e 	bl	34187718 <_free_r>
3418e0dc:	89a3      	ldrh	r3, [r4, #12]
3418e0de:	220c      	movs	r2, #12
3418e0e0:	f04f 30ff 	mov.w	r0, #4294967295	@ 0xffffffff
3418e0e4:	f043 0340 	orr.w	r3, r3, #64	@ 0x40
3418e0e8:	f8c8 2000 	str.w	r2, [r8]
3418e0ec:	81a3      	strh	r3, [r4, #12]
3418e0ee:	e7b5      	b.n	3418e05c <__ssputs_r+0x38>

3418e0f0 <__ascii_wctomb>:
3418e0f0:	b159      	cbz	r1, 3418e10a <__ascii_wctomb+0x1a>
3418e0f2:	2aff      	cmp	r2, #255	@ 0xff
3418e0f4:	d803      	bhi.n	3418e0fe <__ascii_wctomb+0xe>
3418e0f6:	2301      	movs	r3, #1
3418e0f8:	700a      	strb	r2, [r1, #0]
3418e0fa:	4618      	mov	r0, r3
3418e0fc:	4770      	bx	lr
3418e0fe:	228a      	movs	r2, #138	@ 0x8a
3418e100:	f04f 33ff 	mov.w	r3, #4294967295	@ 0xffffffff
3418e104:	6002      	str	r2, [r0, #0]
3418e106:	4618      	mov	r0, r3
3418e108:	4770      	bx	lr
3418e10a:	460b      	mov	r3, r1
3418e10c:	4618      	mov	r0, r3
3418e10e:	4770      	bx	lr

3418e110 <_fstat_r>:
3418e110:	b538      	push	{r3, r4, r5, lr}
3418e112:	2300      	movs	r3, #0
3418e114:	4c07      	ldr	r4, [pc, #28]	@ (3418e134 <_fstat_r+0x24>)
3418e116:	4605      	mov	r5, r0
3418e118:	4608      	mov	r0, r1
3418e11a:	4611      	mov	r1, r2
3418e11c:	6023      	str	r3, [r4, #0]
3418e11e:	f001 fc3f 	bl	3418f9a0 <_fstat>
3418e122:	1c43      	adds	r3, r0, #1
3418e124:	d000      	beq.n	3418e128 <_fstat_r+0x18>
3418e126:	bd38      	pop	{r3, r4, r5, pc}
3418e128:	6823      	ldr	r3, [r4, #0]
3418e12a:	2b00      	cmp	r3, #0
3418e12c:	d0fb      	beq.n	3418e126 <_fstat_r+0x16>
3418e12e:	602b      	str	r3, [r5, #0]
3418e130:	bd38      	pop	{r3, r4, r5, pc}
3418e132:	bf00      	nop
3418e134:	341c31e0 	.word	0x341c31e0

3418e138 <_isatty_r>:
3418e138:	b538      	push	{r3, r4, r5, lr}
3418e13a:	2300      	movs	r3, #0
3418e13c:	4c06      	ldr	r4, [pc, #24]	@ (3418e158 <_isatty_r+0x20>)
3418e13e:	4605      	mov	r5, r0
3418e140:	4608      	mov	r0, r1
3418e142:	6023      	str	r3, [r4, #0]
3418e144:	f001 fc3c 	bl	3418f9c0 <_isatty>
3418e148:	1c43      	adds	r3, r0, #1
3418e14a:	d000      	beq.n	3418e14e <_isatty_r+0x16>
3418e14c:	bd38      	pop	{r3, r4, r5, pc}
3418e14e:	6823      	ldr	r3, [r4, #0]
3418e150:	2b00      	cmp	r3, #0
3418e152:	d0fb      	beq.n	3418e14c <_isatty_r+0x14>
3418e154:	602b      	str	r3, [r5, #0]
3418e156:	bd38      	pop	{r3, r4, r5, pc}
3418e158:	341c31e0 	.word	0x341c31e0

3418e15c <_wcsnrtombs_l>:
3418e15c:	e92d 4ff0 	stmdb	sp!, {r4, r5, r6, r7, r8, r9, sl, fp, lr}
3418e160:	b08b      	sub	sp, #44	@ 0x2c
3418e162:	461c      	mov	r4, r3
3418e164:	e9dd 7814 	ldrd	r7, r8, [sp, #80]	@ 0x50
3418e168:	f8dd 9058 	ldr.w	r9, [sp, #88]	@ 0x58
3418e16c:	9002      	str	r0, [sp, #8]
3418e16e:	f1b8 0f00 	cmp.w	r8, #0
3418e172:	d058      	beq.n	3418e226 <_wcsnrtombs_l+0xca>
3418e174:	2900      	cmp	r1, #0
3418e176:	6816      	ldr	r6, [r2, #0]
3418e178:	46c3      	mov	fp, r8
3418e17a:	f04f 0500 	mov.w	r5, #0
3418e17e:	bf08      	it	eq
3418e180:	f04f 37ff 	moveq.w	r7, #4294967295	@ 0xffffffff
3418e184:	4688      	mov	r8, r1
3418e186:	4692      	mov	sl, r2
3418e188:	9601      	str	r6, [sp, #4]
3418e18a:	9103      	str	r1, [sp, #12]
3418e18c:	e006      	b.n	3418e19c <_wcsnrtombs_l+0x40>
3418e18e:	9b01      	ldr	r3, [sp, #4]
3418e190:	f853 0b04 	ldr.w	r0, [r3], #4
3418e194:	9301      	str	r3, [sp, #4]
3418e196:	2800      	cmp	r0, #0
3418e198:	d037      	beq.n	3418e20a <_wcsnrtombs_l+0xae>
3418e19a:	4665      	mov	r5, ip
3418e19c:	42af      	cmp	r7, r5
3418e19e:	d93e      	bls.n	3418e21e <_wcsnrtombs_l+0xc2>
3418e1a0:	2c00      	cmp	r4, #0
3418e1a2:	d03c      	beq.n	3418e21e <_wcsnrtombs_l+0xc2>
3418e1a4:	f8db 3000 	ldr.w	r3, [fp]
3418e1a8:	a906      	add	r1, sp, #24
3418e1aa:	9a01      	ldr	r2, [sp, #4]
3418e1ac:	9304      	str	r3, [sp, #16]
3418e1ae:	f8db 3004 	ldr.w	r3, [fp, #4]
3418e1b2:	6812      	ldr	r2, [r2, #0]
3418e1b4:	9305      	str	r3, [sp, #20]
3418e1b6:	465b      	mov	r3, fp
3418e1b8:	9802      	ldr	r0, [sp, #8]
3418e1ba:	f8d9 61c8 	ldr.w	r6, [r9, #456]	@ 0x1c8
3418e1be:	47b0      	blx	r6
3418e1c0:	1c43      	adds	r3, r0, #1
3418e1c2:	d033      	beq.n	3418e22c <_wcsnrtombs_l+0xd0>
3418e1c4:	eb00 0c05 	add.w	ip, r0, r5
3418e1c8:	45bc      	cmp	ip, r7
3418e1ca:	d83a      	bhi.n	3418e242 <_wcsnrtombs_l+0xe6>
3418e1cc:	9b03      	ldr	r3, [sp, #12]
3418e1ce:	3c01      	subs	r4, #1
3418e1d0:	2b00      	cmp	r3, #0
3418e1d2:	d0dc      	beq.n	3418e18e <_wcsnrtombs_l+0x32>
3418e1d4:	2800      	cmp	r0, #0
3418e1d6:	dd0d      	ble.n	3418e1f4 <_wcsnrtombs_l+0x98>
3418e1d8:	f108 32ff 	add.w	r2, r8, #4294967295	@ 0xffffffff
3418e1dc:	a906      	add	r1, sp, #24
3418e1de:	9e01      	ldr	r6, [sp, #4]
3418e1e0:	eb00 0e02 	add.w	lr, r0, r2
3418e1e4:	f811 3b01 	ldrb.w	r3, [r1], #1
3418e1e8:	f802 3f01 	strb.w	r3, [r2, #1]!
3418e1ec:	4572      	cmp	r2, lr
3418e1ee:	d1f9      	bne.n	3418e1e4 <_wcsnrtombs_l+0x88>
3418e1f0:	4480      	add	r8, r0
3418e1f2:	9601      	str	r6, [sp, #4]
3418e1f4:	f8da 2000 	ldr.w	r2, [sl]
3418e1f8:	9b01      	ldr	r3, [sp, #4]
3418e1fa:	3204      	adds	r2, #4
3418e1fc:	f853 0b04 	ldr.w	r0, [r3], #4
3418e200:	f8ca 2000 	str.w	r2, [sl]
3418e204:	9301      	str	r3, [sp, #4]
3418e206:	2800      	cmp	r0, #0
3418e208:	d1c7      	bne.n	3418e19a <_wcsnrtombs_l+0x3e>
3418e20a:	9903      	ldr	r1, [sp, #12]
3418e20c:	46d8      	mov	r8, fp
3418e20e:	b109      	cbz	r1, 3418e214 <_wcsnrtombs_l+0xb8>
3418e210:	f8ca 0000 	str.w	r0, [sl]
3418e214:	2200      	movs	r2, #0
3418e216:	f10c 35ff 	add.w	r5, ip, #4294967295	@ 0xffffffff
3418e21a:	f8c8 2000 	str.w	r2, [r8]
3418e21e:	4628      	mov	r0, r5
3418e220:	b00b      	add	sp, #44	@ 0x2c
3418e222:	e8bd 8ff0 	ldmia.w	sp!, {r4, r5, r6, r7, r8, r9, sl, fp, pc}
3418e226:	f500 7886 	add.w	r8, r0, #268	@ 0x10c
3418e22a:	e7a3      	b.n	3418e174 <_wcsnrtombs_l+0x18>
3418e22c:	4605      	mov	r5, r0
3418e22e:	218a      	movs	r1, #138	@ 0x8a
3418e230:	2200      	movs	r2, #0
3418e232:	9b02      	ldr	r3, [sp, #8]
3418e234:	4628      	mov	r0, r5
3418e236:	6019      	str	r1, [r3, #0]
3418e238:	f8cb 2000 	str.w	r2, [fp]
3418e23c:	b00b      	add	sp, #44	@ 0x2c
3418e23e:	e8bd 8ff0 	ldmia.w	sp!, {r4, r5, r6, r7, r8, r9, sl, fp, pc}
3418e242:	46d8      	mov	r8, fp
3418e244:	f8dd a010 	ldr.w	sl, [sp, #16]
3418e248:	f8dd b014 	ldr.w	fp, [sp, #20]
3418e24c:	4628      	mov	r0, r5
3418e24e:	e9c8 ab00 	strd	sl, fp, [r8]
3418e252:	b00b      	add	sp, #44	@ 0x2c
3418e254:	e8bd 8ff0 	ldmia.w	sp!, {r4, r5, r6, r7, r8, r9, sl, fp, pc}

3418e258 <_wcsnrtombs_r>:
3418e258:	b500      	push	{lr}
3418e25a:	b085      	sub	sp, #20
3418e25c:	f8df c01c 	ldr.w	ip, [pc, #28]	@ 3418e27c <_wcsnrtombs_r+0x24>
3418e260:	9806      	ldr	r0, [sp, #24]
3418e262:	9000      	str	r0, [sp, #0]
3418e264:	9807      	ldr	r0, [sp, #28]
3418e266:	9001      	str	r0, [sp, #4]
3418e268:	4803      	ldr	r0, [pc, #12]	@ (3418e278 <_wcsnrtombs_r+0x20>)
3418e26a:	6800      	ldr	r0, [r0, #0]
3418e26c:	f8cd c008 	str.w	ip, [sp, #8]
3418e270:	f7ff ff74 	bl	3418e15c <_wcsnrtombs_l>
3418e274:	b005      	add	sp, #20
3418e276:	bd00      	pop	{pc}
3418e278:	341c0434 	.word	0x341c0434
3418e27c:	341c063c 	.word	0x341c063c

3418e280 <__assert_func>:
3418e280:	b500      	push	{lr}
3418e282:	f8df e03c 	ldr.w	lr, [pc, #60]	@ 3418e2c0 <__assert_func+0x40>
3418e286:	468c      	mov	ip, r1
3418e288:	4604      	mov	r4, r0
3418e28a:	b085      	sub	sp, #20
3418e28c:	f8de 1000 	ldr.w	r1, [lr]
3418e290:	469e      	mov	lr, r3
3418e292:	68c8      	ldr	r0, [r1, #12]
3418e294:	b15a      	cbz	r2, 3418e2ae <__assert_func+0x2e>
3418e296:	4907      	ldr	r1, [pc, #28]	@ (3418e2b4 <__assert_func+0x34>)
3418e298:	4623      	mov	r3, r4
3418e29a:	9202      	str	r2, [sp, #8]
3418e29c:	9101      	str	r1, [sp, #4]
3418e29e:	4672      	mov	r2, lr
3418e2a0:	4905      	ldr	r1, [pc, #20]	@ (3418e2b8 <__assert_func+0x38>)
3418e2a2:	f8cd c000 	str.w	ip, [sp]
3418e2a6:	f000 f80d 	bl	3418e2c4 <fiprintf>
3418e2aa:	f001 f935 	bl	3418f518 <abort>
3418e2ae:	4903      	ldr	r1, [pc, #12]	@ (3418e2bc <__assert_func+0x3c>)
3418e2b0:	460a      	mov	r2, r1
3418e2b2:	e7f1      	b.n	3418e298 <__assert_func+0x18>
3418e2b4:	3419008c 	.word	0x3419008c
3418e2b8:	3419009c 	.word	0x3419009c
3418e2bc:	34190098 	.word	0x34190098
3418e2c0:	341c0434 	.word	0x341c0434

3418e2c4 <fiprintf>:
3418e2c4:	b40e      	push	{r1, r2, r3}
3418e2c6:	b500      	push	{lr}
3418e2c8:	b082      	sub	sp, #8
3418e2ca:	4601      	mov	r1, r0
3418e2cc:	4806      	ldr	r0, [pc, #24]	@ (3418e2e8 <fiprintf+0x24>)
3418e2ce:	ab03      	add	r3, sp, #12
3418e2d0:	6800      	ldr	r0, [r0, #0]
3418e2d2:	f853 2b04 	ldr.w	r2, [r3], #4
3418e2d6:	9301      	str	r3, [sp, #4]
3418e2d8:	f000 f808 	bl	3418e2ec <_vfiprintf_r>
3418e2dc:	b002      	add	sp, #8
3418e2de:	f85d eb04 	ldr.w	lr, [sp], #4
3418e2e2:	b003      	add	sp, #12
3418e2e4:	4770      	bx	lr
3418e2e6:	bf00      	nop
3418e2e8:	341c0434 	.word	0x341c0434

3418e2ec <_vfiprintf_r>:
3418e2ec:	e92d 4ff0 	stmdb	sp!, {r4, r5, r6, r7, r8, r9, sl, fp, lr}
3418e2f0:	b0c5      	sub	sp, #276	@ 0x114
3418e2f2:	4683      	mov	fp, r0
3418e2f4:	4692      	mov	sl, r2
3418e2f6:	2208      	movs	r2, #8
3418e2f8:	af14      	add	r7, sp, #80	@ 0x50
3418e2fa:	9104      	str	r1, [sp, #16]
3418e2fc:	2100      	movs	r1, #0
3418e2fe:	461c      	mov	r4, r3
3418e300:	4638      	mov	r0, r7
3418e302:	930b      	str	r3, [sp, #44]	@ 0x2c
3418e304:	f7f9 f816 	bl	34187334 <memset>
3418e308:	f1bb 0f00 	cmp.w	fp, #0
3418e30c:	d004      	beq.n	3418e318 <_vfiprintf_r+0x2c>
3418e30e:	f8db 3034 	ldr.w	r3, [fp, #52]	@ 0x34
3418e312:	2b00      	cmp	r3, #0
3418e314:	f000 8752 	beq.w	3418f1bc <_vfiprintf_r+0xed0>
3418e318:	9b04      	ldr	r3, [sp, #16]
3418e31a:	6e5a      	ldr	r2, [r3, #100]	@ 0x64
3418e31c:	f9b3 300c 	ldrsh.w	r3, [r3, #12]
3418e320:	07d0      	lsls	r0, r2, #31
3418e322:	f140 8141 	bpl.w	3418e5a8 <_vfiprintf_r+0x2bc>
3418e326:	0499      	lsls	r1, r3, #18
3418e328:	f100 85d9 	bmi.w	3418eede <_vfiprintf_r+0xbf2>
3418e32c:	9904      	ldr	r1, [sp, #16]
3418e32e:	f443 5300 	orr.w	r3, r3, #8192	@ 0x2000
3418e332:	f422 5200 	bic.w	r2, r2, #8192	@ 0x2000
3418e336:	818b      	strh	r3, [r1, #12]
3418e338:	664a      	str	r2, [r1, #100]	@ 0x64
3418e33a:	0493      	lsls	r3, r2, #18
3418e33c:	f101 806d 	bmi.w	3418f41a <_vfiprintf_r+0x112e>
3418e340:	9b04      	ldr	r3, [sp, #16]
3418e342:	f9b3 300c 	ldrsh.w	r3, [r3, #12]
3418e346:	071d      	lsls	r5, r3, #28
3418e348:	f140 80ba 	bpl.w	3418e4c0 <_vfiprintf_r+0x1d4>
3418e34c:	9a04      	ldr	r2, [sp, #16]
3418e34e:	6912      	ldr	r2, [r2, #16]
3418e350:	2a00      	cmp	r2, #0
3418e352:	f000 80b5 	beq.w	3418e4c0 <_vfiprintf_r+0x1d4>
3418e356:	f003 021a 	and.w	r2, r3, #26
3418e35a:	2a0a      	cmp	r2, #10
3418e35c:	f000 80bf 	beq.w	3418e4de <_vfiprintf_r+0x1f2>
3418e360:	aa1b      	add	r2, sp, #108	@ 0x6c
3418e362:	2300      	movs	r3, #0
3418e364:	4691      	mov	r9, r2
3418e366:	930d      	str	r3, [sp, #52]	@ 0x34
3418e368:	9218      	str	r2, [sp, #96]	@ 0x60
3418e36a:	9307      	str	r3, [sp, #28]
3418e36c:	e9cd 3319 	strd	r3, r3, [sp, #100]	@ 0x64
3418e370:	e9cd 330e 	strd	r3, r3, [sp, #56]	@ 0x38
3418e374:	4655      	mov	r5, sl
3418e376:	4b92      	ldr	r3, [pc, #584]	@ (3418e5c0 <_vfiprintf_r+0x2d4>)
3418e378:	f8d3 41cc 	ldr.w	r4, [r3, #460]	@ 0x1cc
3418e37c:	f7fe f916 	bl	3418c5ac <__locale_mb_cur_max>
3418e380:	462a      	mov	r2, r5
3418e382:	4603      	mov	r3, r0
3418e384:	a912      	add	r1, sp, #72	@ 0x48
3418e386:	4658      	mov	r0, fp
3418e388:	9700      	str	r7, [sp, #0]
3418e38a:	47a0      	blx	r4
3418e38c:	2800      	cmp	r0, #0
3418e38e:	4603      	mov	r3, r0
3418e390:	f000 80c4 	beq.w	3418e51c <_vfiprintf_r+0x230>
3418e394:	f2c0 80ba 	blt.w	3418e50c <_vfiprintf_r+0x220>
3418e398:	9a12      	ldr	r2, [sp, #72]	@ 0x48
3418e39a:	2a25      	cmp	r2, #37	@ 0x25
3418e39c:	d001      	beq.n	3418e3a2 <_vfiprintf_r+0xb6>
3418e39e:	441d      	add	r5, r3
3418e3a0:	e7e9      	b.n	3418e376 <_vfiprintf_r+0x8a>
3418e3a2:	ebb5 060a 	subs.w	r6, r5, sl
3418e3a6:	4604      	mov	r4, r0
3418e3a8:	f040 80bc 	bne.w	3418e524 <_vfiprintf_r+0x238>
3418e3ac:	2300      	movs	r3, #0
3418e3ae:	f04f 32ff 	mov.w	r2, #4294967295	@ 0xffffffff
3418e3b2:	f105 0a01 	add.w	sl, r5, #1
3418e3b6:	4619      	mov	r1, r3
3418e3b8:	f88d 3043 	strb.w	r3, [sp, #67]	@ 0x43
3418e3bc:	9308      	str	r3, [sp, #32]
3418e3be:	786b      	ldrb	r3, [r5, #1]
3418e3c0:	9206      	str	r2, [sp, #24]
3418e3c2:	9103      	str	r1, [sp, #12]
3418e3c4:	f10a 0a01 	add.w	sl, sl, #1
3418e3c8:	4619      	mov	r1, r3
3418e3ca:	f1a1 0320 	sub.w	r3, r1, #32
3418e3ce:	2b5a      	cmp	r3, #90	@ 0x5a
3418e3d0:	f200 80f8 	bhi.w	3418e5c4 <_vfiprintf_r+0x2d8>
3418e3d4:	e8df f013 	tbh	[pc, r3, lsl #1]
3418e3d8:	00f60367 	.word	0x00f60367
3418e3dc:	036000f6 	.word	0x036000f6
3418e3e0:	00f600f6 	.word	0x00f600f6
3418e3e4:	034000f6 	.word	0x034000f6
3418e3e8:	00f600f6 	.word	0x00f600f6
3418e3ec:	02570212 	.word	0x02570212
3418e3f0:	021d00f6 	.word	0x021d00f6
3418e3f4:	00f60379 	.word	0x00f60379
3418e3f8:	005b0372 	.word	0x005b0372
3418e3fc:	005b005b 	.word	0x005b005b
3418e400:	005b005b 	.word	0x005b005b
3418e404:	005b005b 	.word	0x005b005b
3418e408:	005b005b 	.word	0x005b005b
3418e40c:	00f600f6 	.word	0x00f600f6
3418e410:	00f600f6 	.word	0x00f600f6
3418e414:	00f600f6 	.word	0x00f600f6
3418e418:	00f600f6 	.word	0x00f600f6
3418e41c:	01e300f6 	.word	0x01e300f6
3418e420:	00f60394 	.word	0x00f60394
3418e424:	00f600f6 	.word	0x00f600f6
3418e428:	00f600f6 	.word	0x00f600f6
3418e42c:	00f600f6 	.word	0x00f600f6
3418e430:	00f600f6 	.word	0x00f600f6
3418e434:	022400f6 	.word	0x022400f6
3418e438:	00f600f6 	.word	0x00f600f6
3418e43c:	01b300f6 	.word	0x01b300f6
3418e440:	02ea00f6 	.word	0x02ea00f6
3418e444:	00f600f6 	.word	0x00f600f6
3418e448:	00f605ca 	.word	0x00f605ca
3418e44c:	00f600f6 	.word	0x00f600f6
3418e450:	00f600f6 	.word	0x00f600f6
3418e454:	00f600f6 	.word	0x00f600f6
3418e458:	00f600f6 	.word	0x00f600f6
3418e45c:	01e300f6 	.word	0x01e300f6
3418e460:	00f6017b 	.word	0x00f6017b
3418e464:	00f600f6 	.word	0x00f600f6
3418e468:	017b0336 	.word	0x017b0336
3418e46c:	00f6006d 	.word	0x00f6006d
3418e470:	00f602e0 	.word	0x00f602e0
3418e474:	02bf02d2 	.word	0x02bf02d2
3418e478:	006d028e 	.word	0x006d028e
3418e47c:	01b300f6 	.word	0x01b300f6
3418e480:	025d006a 	.word	0x025d006a
3418e484:	00f600f6 	.word	0x00f600f6
3418e488:	00f6060b 	.word	0x00f6060b
3418e48c:	006a      	.short	0x006a
3418e48e:	f1a1 0330 	sub.w	r3, r1, #48	@ 0x30
3418e492:	2200      	movs	r2, #0
3418e494:	eb02 0282 	add.w	r2, r2, r2, lsl #2
3418e498:	f81a 1b01 	ldrb.w	r1, [sl], #1
3418e49c:	eb03 0242 	add.w	r2, r3, r2, lsl #1
3418e4a0:	f1a1 0330 	sub.w	r3, r1, #48	@ 0x30
3418e4a4:	2b09      	cmp	r3, #9
3418e4a6:	d9f5      	bls.n	3418e494 <_vfiprintf_r+0x1a8>
3418e4a8:	9208      	str	r2, [sp, #32]
3418e4aa:	e78e      	b.n	3418e3ca <_vfiprintf_r+0xde>
3418e4ac:	f89a 3000 	ldrb.w	r3, [sl]
3418e4b0:	e788      	b.n	3418e3c4 <_vfiprintf_r+0xd8>
3418e4b2:	9b03      	ldr	r3, [sp, #12]
3418e4b4:	f043 0320 	orr.w	r3, r3, #32
3418e4b8:	9303      	str	r3, [sp, #12]
3418e4ba:	f89a 3000 	ldrb.w	r3, [sl]
3418e4be:	e781      	b.n	3418e3c4 <_vfiprintf_r+0xd8>
3418e4c0:	9d04      	ldr	r5, [sp, #16]
3418e4c2:	4658      	mov	r0, fp
3418e4c4:	4629      	mov	r1, r5
3418e4c6:	f7fd ff3b 	bl	3418c340 <__swsetup_r>
3418e4ca:	2800      	cmp	r0, #0
3418e4cc:	f040 87b4 	bne.w	3418f438 <_vfiprintf_r+0x114c>
3418e4d0:	f9b5 300c 	ldrsh.w	r3, [r5, #12]
3418e4d4:	f003 021a 	and.w	r2, r3, #26
3418e4d8:	2a0a      	cmp	r2, #10
3418e4da:	f47f af41 	bne.w	3418e360 <_vfiprintf_r+0x74>
3418e4de:	9904      	ldr	r1, [sp, #16]
3418e4e0:	f9b1 200e 	ldrsh.w	r2, [r1, #14]
3418e4e4:	2a00      	cmp	r2, #0
3418e4e6:	f6ff af3b 	blt.w	3418e360 <_vfiprintf_r+0x74>
3418e4ea:	6e4a      	ldr	r2, [r1, #100]	@ 0x64
3418e4ec:	07d2      	lsls	r2, r2, #31
3418e4ee:	d402      	bmi.n	3418e4f6 <_vfiprintf_r+0x20a>
3418e4f0:	059f      	lsls	r7, r3, #22
3418e4f2:	f140 86fa 	bpl.w	3418f2ea <_vfiprintf_r+0xffe>
3418e4f6:	4623      	mov	r3, r4
3418e4f8:	4652      	mov	r2, sl
3418e4fa:	9904      	ldr	r1, [sp, #16]
3418e4fc:	4658      	mov	r0, fp
3418e4fe:	f000 ffcb 	bl	3418f498 <__sbprintf>
3418e502:	9007      	str	r0, [sp, #28]
3418e504:	9807      	ldr	r0, [sp, #28]
3418e506:	b045      	add	sp, #276	@ 0x114
3418e508:	e8bd 8ff0 	ldmia.w	sp!, {r4, r5, r6, r7, r8, r9, sl, fp, pc}
3418e50c:	2208      	movs	r2, #8
3418e50e:	2100      	movs	r1, #0
3418e510:	4638      	mov	r0, r7
3418e512:	f7f8 ff0f 	bl	34187334 <memset>
3418e516:	2301      	movs	r3, #1
3418e518:	441d      	add	r5, r3
3418e51a:	e72c      	b.n	3418e376 <_vfiprintf_r+0x8a>
3418e51c:	ebb5 060a 	subs.w	r6, r5, sl
3418e520:	4604      	mov	r4, r0
3418e522:	d011      	beq.n	3418e548 <_vfiprintf_r+0x25c>
3418e524:	9b1a      	ldr	r3, [sp, #104]	@ 0x68
3418e526:	4433      	add	r3, r6
3418e528:	931a      	str	r3, [sp, #104]	@ 0x68
3418e52a:	9b19      	ldr	r3, [sp, #100]	@ 0x64
3418e52c:	3301      	adds	r3, #1
3418e52e:	2b07      	cmp	r3, #7
3418e530:	9319      	str	r3, [sp, #100]	@ 0x64
3418e532:	e9c9 a600 	strd	sl, r6, [r9]
3418e536:	dc11      	bgt.n	3418e55c <_vfiprintf_r+0x270>
3418e538:	f109 0908 	add.w	r9, r9, #8
3418e53c:	9b07      	ldr	r3, [sp, #28]
3418e53e:	4433      	add	r3, r6
3418e540:	9307      	str	r3, [sp, #28]
3418e542:	2c00      	cmp	r4, #0
3418e544:	f47f af32 	bne.w	3418e3ac <_vfiprintf_r+0xc0>
3418e548:	9b1a      	ldr	r3, [sp, #104]	@ 0x68
3418e54a:	2b00      	cmp	r3, #0
3418e54c:	f040 8726 	bne.w	3418f39c <_vfiprintf_r+0x10b0>
3418e550:	2200      	movs	r2, #0
3418e552:	9b04      	ldr	r3, [sp, #16]
3418e554:	9219      	str	r2, [sp, #100]	@ 0x64
3418e556:	f9b3 300c 	ldrsh.w	r3, [r3, #12]
3418e55a:	e019      	b.n	3418e590 <_vfiprintf_r+0x2a4>
3418e55c:	aa18      	add	r2, sp, #96	@ 0x60
3418e55e:	9904      	ldr	r1, [sp, #16]
3418e560:	4658      	mov	r0, fp
3418e562:	f7fd fe05 	bl	3418c170 <__sprint_r>
3418e566:	b980      	cbnz	r0, 3418e58a <_vfiprintf_r+0x29e>
3418e568:	f10d 096c 	add.w	r9, sp, #108	@ 0x6c
3418e56c:	e7e6      	b.n	3418e53c <_vfiprintf_r+0x250>
3418e56e:	aa18      	add	r2, sp, #96	@ 0x60
3418e570:	9904      	ldr	r1, [sp, #16]
3418e572:	4658      	mov	r0, fp
3418e574:	f7fd fdfc 	bl	3418c170 <__sprint_r>
3418e578:	2800      	cmp	r0, #0
3418e57a:	f000 8093 	beq.w	3418e6a4 <_vfiprintf_r+0x3b8>
3418e57e:	9b09      	ldr	r3, [sp, #36]	@ 0x24
3418e580:	b11b      	cbz	r3, 3418e58a <_vfiprintf_r+0x29e>
3418e582:	9909      	ldr	r1, [sp, #36]	@ 0x24
3418e584:	4658      	mov	r0, fp
3418e586:	f7f9 f8c7 	bl	34187718 <_free_r>
3418e58a:	9b04      	ldr	r3, [sp, #16]
3418e58c:	f9b3 300c 	ldrsh.w	r3, [r3, #12]
3418e590:	9a04      	ldr	r2, [sp, #16]
3418e592:	6e52      	ldr	r2, [r2, #100]	@ 0x64
3418e594:	07d0      	lsls	r0, r2, #31
3418e596:	f140 8090 	bpl.w	3418e6ba <_vfiprintf_r+0x3ce>
3418e59a:	065b      	lsls	r3, r3, #25
3418e59c:	f100 871e 	bmi.w	3418f3dc <_vfiprintf_r+0x10f0>
3418e5a0:	9807      	ldr	r0, [sp, #28]
3418e5a2:	b045      	add	sp, #276	@ 0x114
3418e5a4:	e8bd 8ff0 	ldmia.w	sp!, {r4, r5, r6, r7, r8, r9, sl, fp, pc}
3418e5a8:	059e      	lsls	r6, r3, #22
3418e5aa:	f140 811c 	bpl.w	3418e7e6 <_vfiprintf_r+0x4fa>
3418e5ae:	049d      	lsls	r5, r3, #18
3418e5b0:	f57f aebc 	bpl.w	3418e32c <_vfiprintf_r+0x40>
3418e5b4:	0490      	lsls	r0, r2, #18
3418e5b6:	f57f aec6 	bpl.w	3418e346 <_vfiprintf_r+0x5a>
3418e5ba:	f000 bf30 	b.w	3418f41e <_vfiprintf_r+0x1132>
3418e5be:	bf00      	nop
3418e5c0:	341c063c 	.word	0x341c063c
3418e5c4:	2900      	cmp	r1, #0
3418e5c6:	d0bf      	beq.n	3418e548 <_vfiprintf_r+0x25c>
3418e5c8:	2300      	movs	r3, #0
3418e5ca:	2201      	movs	r2, #1
3418e5cc:	ad2b      	add	r5, sp, #172	@ 0xac
3418e5ce:	f88d 10ac 	strb.w	r1, [sp, #172]	@ 0xac
3418e5d2:	f88d 3043 	strb.w	r3, [sp, #67]	@ 0x43
3418e5d6:	9309      	str	r3, [sp, #36]	@ 0x24
3418e5d8:	920a      	str	r2, [sp, #40]	@ 0x28
3418e5da:	e9cd 2305 	strd	r2, r3, [sp, #20]
3418e5de:	9c03      	ldr	r4, [sp, #12]
3418e5e0:	e9dd 3019 	ldrd	r3, r0, [sp, #100]	@ 0x64
3418e5e4:	f014 0884 	ands.w	r8, r4, #132	@ 0x84
3418e5e8:	4601      	mov	r1, r0
3418e5ea:	461a      	mov	r2, r3
3418e5ec:	d12e      	bne.n	3418e64c <_vfiprintf_r+0x360>
3418e5ee:	9c08      	ldr	r4, [sp, #32]
3418e5f0:	9e05      	ldr	r6, [sp, #20]
3418e5f2:	1ba4      	subs	r4, r4, r6
3418e5f4:	2c00      	cmp	r4, #0
3418e5f6:	f300 8412 	bgt.w	3418ee1e <_vfiprintf_r+0xb32>
3418e5fa:	f89d 3043 	ldrb.w	r3, [sp, #67]	@ 0x43
3418e5fe:	b34b      	cbz	r3, 3418e654 <_vfiprintf_r+0x368>
3418e600:	f04f 0800 	mov.w	r8, #0
3418e604:	f8cd 8030 	str.w	r8, [sp, #48]	@ 0x30
3418e608:	3201      	adds	r2, #1
3418e60a:	2301      	movs	r3, #1
3418e60c:	3101      	adds	r1, #1
3418e60e:	f8c9 3004 	str.w	r3, [r9, #4]
3418e612:	2a07      	cmp	r2, #7
3418e614:	f10d 0343 	add.w	r3, sp, #67	@ 0x43
3418e618:	e9cd 2119 	strd	r2, r1, [sp, #100]	@ 0x64
3418e61c:	f8c9 3000 	str.w	r3, [r9]
3418e620:	f300 8394 	bgt.w	3418ed4c <_vfiprintf_r+0xa60>
3418e624:	f109 0908 	add.w	r9, r9, #8
3418e628:	9b0c      	ldr	r3, [sp, #48]	@ 0x30
3418e62a:	b17b      	cbz	r3, 3418e64c <_vfiprintf_r+0x360>
3418e62c:	3201      	adds	r2, #1
3418e62e:	ab11      	add	r3, sp, #68	@ 0x44
3418e630:	3102      	adds	r1, #2
3418e632:	f8c9 3000 	str.w	r3, [r9]
3418e636:	2a07      	cmp	r2, #7
3418e638:	f04f 0302 	mov.w	r3, #2
3418e63c:	e9cd 2119 	strd	r2, r1, [sp, #100]	@ 0x64
3418e640:	f8c9 3004 	str.w	r3, [r9, #4]
3418e644:	f300 8375 	bgt.w	3418ed32 <_vfiprintf_r+0xa46>
3418e648:	f109 0908 	add.w	r9, r9, #8
3418e64c:	f1b8 0f80 	cmp.w	r8, #128	@ 0x80
3418e650:	f000 82f4 	beq.w	3418ec3c <_vfiprintf_r+0x950>
3418e654:	9b06      	ldr	r3, [sp, #24]
3418e656:	980a      	ldr	r0, [sp, #40]	@ 0x28
3418e658:	1a1c      	subs	r4, r3, r0
3418e65a:	2c00      	cmp	r4, #0
3418e65c:	f300 832c 	bgt.w	3418ecb8 <_vfiprintf_r+0x9cc>
3418e660:	9b0a      	ldr	r3, [sp, #40]	@ 0x28
3418e662:	3201      	adds	r2, #1
3418e664:	f8c9 5000 	str.w	r5, [r9]
3418e668:	4419      	add	r1, r3
3418e66a:	2a07      	cmp	r2, #7
3418e66c:	f8c9 3004 	str.w	r3, [r9, #4]
3418e670:	e9cd 2119 	strd	r2, r1, [sp, #100]	@ 0x64
3418e674:	f300 8351 	bgt.w	3418ed1a <_vfiprintf_r+0xa2e>
3418e678:	f109 0908 	add.w	r9, r9, #8
3418e67c:	9b03      	ldr	r3, [sp, #12]
3418e67e:	075c      	lsls	r4, r3, #29
3418e680:	d505      	bpl.n	3418e68e <_vfiprintf_r+0x3a2>
3418e682:	9b08      	ldr	r3, [sp, #32]
3418e684:	9a05      	ldr	r2, [sp, #20]
3418e686:	1a9c      	subs	r4, r3, r2
3418e688:	2c00      	cmp	r4, #0
3418e68a:	f300 836c 	bgt.w	3418ed66 <_vfiprintf_r+0xa7a>
3418e68e:	9805      	ldr	r0, [sp, #20]
3418e690:	e9dd 3207 	ldrd	r3, r2, [sp, #28]
3418e694:	4282      	cmp	r2, r0
3418e696:	bfac      	ite	ge
3418e698:	189b      	addge	r3, r3, r2
3418e69a:	181b      	addlt	r3, r3, r0
3418e69c:	9307      	str	r3, [sp, #28]
3418e69e:	2900      	cmp	r1, #0
3418e6a0:	f47f af65 	bne.w	3418e56e <_vfiprintf_r+0x282>
3418e6a4:	2300      	movs	r3, #0
3418e6a6:	9319      	str	r3, [sp, #100]	@ 0x64
3418e6a8:	9b09      	ldr	r3, [sp, #36]	@ 0x24
3418e6aa:	b11b      	cbz	r3, 3418e6b4 <_vfiprintf_r+0x3c8>
3418e6ac:	9909      	ldr	r1, [sp, #36]	@ 0x24
3418e6ae:	4658      	mov	r0, fp
3418e6b0:	f7f9 f832 	bl	34187718 <_free_r>
3418e6b4:	f10d 096c 	add.w	r9, sp, #108	@ 0x6c
3418e6b8:	e65c      	b.n	3418e374 <_vfiprintf_r+0x88>
3418e6ba:	059a      	lsls	r2, r3, #22
3418e6bc:	f53f af6d 	bmi.w	3418e59a <_vfiprintf_r+0x2ae>
3418e6c0:	9c04      	ldr	r4, [sp, #16]
3418e6c2:	6da0      	ldr	r0, [r4, #88]	@ 0x58
3418e6c4:	f7f8 fee0 	bl	34187488 <__retarget_lock_release_recursive>
3418e6c8:	f9b4 300c 	ldrsh.w	r3, [r4, #12]
3418e6cc:	e765      	b.n	3418e59a <_vfiprintf_r+0x2ae>
3418e6ce:	9b03      	ldr	r3, [sp, #12]
3418e6d0:	069c      	lsls	r4, r3, #26
3418e6d2:	f140 842d 	bpl.w	3418ef30 <_vfiprintf_r+0xc44>
3418e6d6:	9b0b      	ldr	r3, [sp, #44]	@ 0x2c
3418e6d8:	3307      	adds	r3, #7
3418e6da:	f023 0207 	bic.w	r2, r3, #7
3418e6de:	6853      	ldr	r3, [r2, #4]
3418e6e0:	f852 4b08 	ldr.w	r4, [r2], #8
3418e6e4:	4698      	mov	r8, r3
3418e6e6:	920b      	str	r2, [sp, #44]	@ 0x2c
3418e6e8:	2b00      	cmp	r3, #0
3418e6ea:	f2c0 821b 	blt.w	3418eb24 <_vfiprintf_r+0x838>
3418e6ee:	9b06      	ldr	r3, [sp, #24]
3418e6f0:	2b00      	cmp	r3, #0
3418e6f2:	f2c0 816d 	blt.w	3418e9d0 <_vfiprintf_r+0x6e4>
3418e6f6:	9b03      	ldr	r3, [sp, #12]
3418e6f8:	f023 0380 	bic.w	r3, r3, #128	@ 0x80
3418e6fc:	9303      	str	r3, [sp, #12]
3418e6fe:	f040 8167 	bne.w	3418e9d0 <_vfiprintf_r+0x6e4>
3418e702:	ea54 0308 	orrs.w	r3, r4, r8
3418e706:	bf14      	ite	ne
3418e708:	2201      	movne	r2, #1
3418e70a:	2200      	moveq	r2, #0
3418e70c:	f040 8160 	bne.w	3418e9d0 <_vfiprintf_r+0x6e4>
3418e710:	f89d 3043 	ldrb.w	r3, [sp, #67]	@ 0x43
3418e714:	2b00      	cmp	r3, #0
3418e716:	f000 818f 	beq.w	3418ea38 <_vfiprintf_r+0x74c>
3418e71a:	2101      	movs	r1, #1
3418e71c:	ad44      	add	r5, sp, #272	@ 0x110
3418e71e:	9209      	str	r2, [sp, #36]	@ 0x24
3418e720:	9105      	str	r1, [sp, #20]
3418e722:	920a      	str	r2, [sp, #40]	@ 0x28
3418e724:	9206      	str	r2, [sp, #24]
3418e726:	9c03      	ldr	r4, [sp, #12]
3418e728:	e9dd 2119 	ldrd	r2, r1, [sp, #100]	@ 0x64
3418e72c:	f014 0884 	ands.w	r8, r4, #132	@ 0x84
3418e730:	4608      	mov	r0, r1
3418e732:	4613      	mov	r3, r2
3418e734:	f43f af5b 	beq.w	3418e5ee <_vfiprintf_r+0x302>
3418e738:	2300      	movs	r3, #0
3418e73a:	930c      	str	r3, [sp, #48]	@ 0x30
3418e73c:	e764      	b.n	3418e608 <_vfiprintf_r+0x31c>
3418e73e:	2300      	movs	r3, #0
3418e740:	f8dd 802c 	ldr.w	r8, [sp, #44]	@ 0x2c
3418e744:	f88d 3043 	strb.w	r3, [sp, #67]	@ 0x43
3418e748:	f858 3b04 	ldr.w	r3, [r8], #4
3418e74c:	9309      	str	r3, [sp, #36]	@ 0x24
3418e74e:	2b00      	cmp	r3, #0
3418e750:	f000 854d 	beq.w	3418f1ee <_vfiprintf_r+0xf02>
3418e754:	2953      	cmp	r1, #83	@ 0x53
3418e756:	f000 848a 	beq.w	3418f06e <_vfiprintf_r+0xd82>
3418e75a:	9b03      	ldr	r3, [sp, #12]
3418e75c:	f013 0410 	ands.w	r4, r3, #16
3418e760:	f040 8485 	bne.w	3418f06e <_vfiprintf_r+0xd82>
3418e764:	9a06      	ldr	r2, [sp, #24]
3418e766:	2a00      	cmp	r2, #0
3418e768:	f2c0 85a2 	blt.w	3418f2b0 <_vfiprintf_r+0xfc4>
3418e76c:	4621      	mov	r1, r4
3418e76e:	9809      	ldr	r0, [sp, #36]	@ 0x24
3418e770:	f7fd ff74 	bl	3418c65c <memchr>
3418e774:	f89d 3043 	ldrb.w	r3, [sp, #67]	@ 0x43
3418e778:	9d09      	ldr	r5, [sp, #36]	@ 0x24
3418e77a:	2800      	cmp	r0, #0
3418e77c:	f000 8637 	beq.w	3418f3ee <_vfiprintf_r+0x1102>
3418e780:	1b42      	subs	r2, r0, r5
3418e782:	920a      	str	r2, [sp, #40]	@ 0x28
3418e784:	ea22 72e2 	bic.w	r2, r2, r2, asr #31
3418e788:	9205      	str	r2, [sp, #20]
3418e78a:	2b00      	cmp	r3, #0
3418e78c:	f000 859d 	beq.w	3418f2ca <_vfiprintf_r+0xfde>
3418e790:	3201      	adds	r2, #1
3418e792:	9406      	str	r4, [sp, #24]
3418e794:	f8cd 802c 	str.w	r8, [sp, #44]	@ 0x2c
3418e798:	9205      	str	r2, [sp, #20]
3418e79a:	9409      	str	r4, [sp, #36]	@ 0x24
3418e79c:	e7c3      	b.n	3418e726 <_vfiprintf_r+0x43a>
3418e79e:	2943      	cmp	r1, #67	@ 0x43
3418e7a0:	d003      	beq.n	3418e7aa <_vfiprintf_r+0x4be>
3418e7a2:	9b03      	ldr	r3, [sp, #12]
3418e7a4:	06de      	lsls	r6, r3, #27
3418e7a6:	f140 8444 	bpl.w	3418f032 <_vfiprintf_r+0xd46>
3418e7aa:	2208      	movs	r2, #8
3418e7ac:	2100      	movs	r1, #0
3418e7ae:	a816      	add	r0, sp, #88	@ 0x58
3418e7b0:	ad2b      	add	r5, sp, #172	@ 0xac
3418e7b2:	f7f8 fdbf 	bl	34187334 <memset>
3418e7b6:	9a0b      	ldr	r2, [sp, #44]	@ 0x2c
3418e7b8:	ab16      	add	r3, sp, #88	@ 0x58
3418e7ba:	4658      	mov	r0, fp
3418e7bc:	6812      	ldr	r2, [r2, #0]
3418e7be:	4629      	mov	r1, r5
3418e7c0:	f7fd ff96 	bl	3418c6f0 <_wcrtomb_r>
3418e7c4:	900a      	str	r0, [sp, #40]	@ 0x28
3418e7c6:	3001      	adds	r0, #1
3418e7c8:	f000 85ff 	beq.w	3418f3ca <_vfiprintf_r+0x10de>
3418e7cc:	9b0a      	ldr	r3, [sp, #40]	@ 0x28
3418e7ce:	ea23 73e3 	bic.w	r3, r3, r3, asr #31
3418e7d2:	9305      	str	r3, [sp, #20]
3418e7d4:	9b0b      	ldr	r3, [sp, #44]	@ 0x2c
3418e7d6:	3304      	adds	r3, #4
3418e7d8:	930b      	str	r3, [sp, #44]	@ 0x2c
3418e7da:	2300      	movs	r3, #0
3418e7dc:	f88d 3043 	strb.w	r3, [sp, #67]	@ 0x43
3418e7e0:	9309      	str	r3, [sp, #36]	@ 0x24
3418e7e2:	9306      	str	r3, [sp, #24]
3418e7e4:	e6fb      	b.n	3418e5de <_vfiprintf_r+0x2f2>
3418e7e6:	9d04      	ldr	r5, [sp, #16]
3418e7e8:	6da8      	ldr	r0, [r5, #88]	@ 0x58
3418e7ea:	f7f8 fe4b 	bl	34187484 <__retarget_lock_acquire_recursive>
3418e7ee:	f9b5 300c 	ldrsh.w	r3, [r5, #12]
3418e7f2:	6e6a      	ldr	r2, [r5, #100]	@ 0x64
3418e7f4:	0499      	lsls	r1, r3, #18
3418e7f6:	f53f ada0 	bmi.w	3418e33a <_vfiprintf_r+0x4e>
3418e7fa:	e597      	b.n	3418e32c <_vfiprintf_r+0x40>
3418e7fc:	9b0b      	ldr	r3, [sp, #44]	@ 0x2c
3418e7fe:	f853 2b04 	ldr.w	r2, [r3], #4
3418e802:	2a00      	cmp	r2, #0
3418e804:	9208      	str	r2, [sp, #32]
3418e806:	f280 8365 	bge.w	3418eed4 <_vfiprintf_r+0xbe8>
3418e80a:	9a08      	ldr	r2, [sp, #32]
3418e80c:	930b      	str	r3, [sp, #44]	@ 0x2c
3418e80e:	4252      	negs	r2, r2
3418e810:	9208      	str	r2, [sp, #32]
3418e812:	9b03      	ldr	r3, [sp, #12]
3418e814:	f043 0304 	orr.w	r3, r3, #4
3418e818:	9303      	str	r3, [sp, #12]
3418e81a:	f89a 3000 	ldrb.w	r3, [sl]
3418e81e:	e5d1      	b.n	3418e3c4 <_vfiprintf_r+0xd8>
3418e820:	9b03      	ldr	r3, [sp, #12]
3418e822:	069d      	lsls	r5, r3, #26
3418e824:	f043 0010 	orr.w	r0, r3, #16
3418e828:	f140 836a 	bpl.w	3418ef00 <_vfiprintf_r+0xc14>
3418e82c:	9b0b      	ldr	r3, [sp, #44]	@ 0x2c
3418e82e:	3307      	adds	r3, #7
3418e830:	f023 0307 	bic.w	r3, r3, #7
3418e834:	4619      	mov	r1, r3
3418e836:	685a      	ldr	r2, [r3, #4]
3418e838:	f851 3b08 	ldr.w	r3, [r1], #8
3418e83c:	910b      	str	r1, [sp, #44]	@ 0x2c
3418e83e:	2100      	movs	r1, #0
3418e840:	f88d 1043 	strb.w	r1, [sp, #67]	@ 0x43
3418e844:	9906      	ldr	r1, [sp, #24]
3418e846:	2900      	cmp	r1, #0
3418e848:	f2c0 82c6 	blt.w	3418edd8 <_vfiprintf_r+0xaec>
3418e84c:	f420 6190 	bic.w	r1, r0, #1152	@ 0x480
3418e850:	9103      	str	r1, [sp, #12]
3418e852:	ea53 0102 	orrs.w	r1, r3, r2
3418e856:	f040 82c2 	bne.w	3418edde <_vfiprintf_r+0xaf2>
3418e85a:	9906      	ldr	r1, [sp, #24]
3418e85c:	2900      	cmp	r1, #0
3418e85e:	f040 82be 	bne.w	3418edde <_vfiprintf_r+0xaf2>
3418e862:	f010 0201 	ands.w	r2, r0, #1
3418e866:	9205      	str	r2, [sp, #20]
3418e868:	f000 832d 	beq.w	3418eec6 <_vfiprintf_r+0xbda>
3418e86c:	1a49      	subs	r1, r1, r1
3418e86e:	f04f 0330 	mov.w	r3, #48	@ 0x30
3418e872:	f20d 150f 	addw	r5, sp, #271	@ 0x10f
3418e876:	bf18      	it	ne
3418e878:	2101      	movne	r1, #1
3418e87a:	f88d 310f 	strb.w	r3, [sp, #271]	@ 0x10f
3418e87e:	9106      	str	r1, [sp, #24]
3418e880:	e9cd 1209 	strd	r1, r2, [sp, #36]	@ 0x24
3418e884:	e6ab      	b.n	3418e5de <_vfiprintf_r+0x2f2>
3418e886:	232b      	movs	r3, #43	@ 0x2b
3418e888:	f88d 3043 	strb.w	r3, [sp, #67]	@ 0x43
3418e88c:	f89a 3000 	ldrb.w	r3, [sl]
3418e890:	e598      	b.n	3418e3c4 <_vfiprintf_r+0xd8>
3418e892:	9b03      	ldr	r3, [sp, #12]
3418e894:	069a      	lsls	r2, r3, #26
3418e896:	f100 80b3 	bmi.w	3418ea00 <_vfiprintf_r+0x714>
3418e89a:	9b03      	ldr	r3, [sp, #12]
3418e89c:	990b      	ldr	r1, [sp, #44]	@ 0x2c
3418e89e:	f013 0310 	ands.w	r3, r3, #16
3418e8a2:	f851 4b04 	ldr.w	r4, [r1], #4
3418e8a6:	9305      	str	r3, [sp, #20]
3418e8a8:	f040 85eb 	bne.w	3418f482 <_vfiprintf_r+0x1196>
3418e8ac:	9b03      	ldr	r3, [sp, #12]
3418e8ae:	f013 0340 	ands.w	r3, r3, #64	@ 0x40
3418e8b2:	f000 8429 	beq.w	3418f108 <_vfiprintf_r+0xe1c>
3418e8b6:	9b05      	ldr	r3, [sp, #20]
3418e8b8:	f04f 0800 	mov.w	r8, #0
3418e8bc:	b2a4      	uxth	r4, r4
3418e8be:	f88d 3043 	strb.w	r3, [sp, #67]	@ 0x43
3418e8c2:	9b06      	ldr	r3, [sp, #24]
3418e8c4:	4543      	cmp	r3, r8
3418e8c6:	f2c0 842a 	blt.w	3418f11e <_vfiprintf_r+0xe32>
3418e8ca:	9b03      	ldr	r3, [sp, #12]
3418e8cc:	f023 0380 	bic.w	r3, r3, #128	@ 0x80
3418e8d0:	9303      	str	r3, [sp, #12]
3418e8d2:	9b06      	ldr	r3, [sp, #24]
3418e8d4:	2b00      	cmp	r3, #0
3418e8d6:	f040 8422 	bne.w	3418f11e <_vfiprintf_r+0xe32>
3418e8da:	ea54 0308 	orrs.w	r3, r4, r8
3418e8de:	f040 841e 	bne.w	3418f11e <_vfiprintf_r+0xe32>
3418e8e2:	bf14      	ite	ne
3418e8e4:	2301      	movne	r3, #1
3418e8e6:	2300      	moveq	r3, #0
3418e8e8:	ad44      	add	r5, sp, #272	@ 0x110
3418e8ea:	910b      	str	r1, [sp, #44]	@ 0x2c
3418e8ec:	9306      	str	r3, [sp, #24]
3418e8ee:	e9cd 3309 	strd	r3, r3, [sp, #36]	@ 0x24
3418e8f2:	e674      	b.n	3418e5de <_vfiprintf_r+0x2f2>
3418e8f4:	2200      	movs	r2, #0
3418e8f6:	990b      	ldr	r1, [sp, #44]	@ 0x2c
3418e8f8:	9c06      	ldr	r4, [sp, #24]
3418e8fa:	f647 0330 	movw	r3, #30768	@ 0x7830
3418e8fe:	f851 0b04 	ldr.w	r0, [r1], #4
3418e902:	4294      	cmp	r4, r2
3418e904:	f8ad 3044 	strh.w	r3, [sp, #68]	@ 0x44
3418e908:	f88d 2043 	strb.w	r2, [sp, #67]	@ 0x43
3418e90c:	4603      	mov	r3, r0
3418e90e:	f2c0 8370 	blt.w	3418eff2 <_vfiprintf_r+0xd06>
3418e912:	9c03      	ldr	r4, [sp, #12]
3418e914:	f024 0480 	bic.w	r4, r4, #128	@ 0x80
3418e918:	f044 0402 	orr.w	r4, r4, #2
3418e91c:	9403      	str	r4, [sp, #12]
3418e91e:	f040 8587 	bne.w	3418f430 <_vfiprintf_r+0x1144>
3418e922:	2800      	cmp	r0, #0
3418e924:	f040 8584 	bne.w	3418f430 <_vfiprintf_r+0x1144>
3418e928:	1a03      	subs	r3, r0, r0
3418e92a:	ad44      	add	r5, sp, #272	@ 0x110
3418e92c:	910b      	str	r1, [sp, #44]	@ 0x2c
3418e92e:	bf18      	it	ne
3418e930:	2301      	movne	r3, #1
3418e932:	9306      	str	r3, [sp, #24]
3418e934:	9305      	str	r3, [sp, #20]
3418e936:	930a      	str	r3, [sp, #40]	@ 0x28
3418e938:	9b05      	ldr	r3, [sp, #20]
3418e93a:	9c03      	ldr	r4, [sp, #12]
3418e93c:	3302      	adds	r3, #2
3418e93e:	f014 0884 	ands.w	r8, r4, #132	@ 0x84
3418e942:	9305      	str	r3, [sp, #20]
3418e944:	e9dd 2119 	ldrd	r2, r1, [sp, #100]	@ 0x64
3418e948:	4608      	mov	r0, r1
3418e94a:	4613      	mov	r3, r2
3418e94c:	f000 83e9 	beq.w	3418f122 <_vfiprintf_r+0xe36>
3418e950:	2300      	movs	r3, #0
3418e952:	9309      	str	r3, [sp, #36]	@ 0x24
3418e954:	e66a      	b.n	3418e62c <_vfiprintf_r+0x340>
3418e956:	9803      	ldr	r0, [sp, #12]
3418e958:	0684      	lsls	r4, r0, #26
3418e95a:	f53f af67 	bmi.w	3418e82c <_vfiprintf_r+0x540>
3418e95e:	9a03      	ldr	r2, [sp, #12]
3418e960:	990b      	ldr	r1, [sp, #44]	@ 0x2c
3418e962:	06d0      	lsls	r0, r2, #27
3418e964:	f851 3b04 	ldr.w	r3, [r1], #4
3418e968:	f100 858e 	bmi.w	3418f488 <_vfiprintf_r+0x119c>
3418e96c:	9803      	ldr	r0, [sp, #12]
3418e96e:	0642      	lsls	r2, r0, #25
3418e970:	f140 845a 	bpl.w	3418f228 <_vfiprintf_r+0xf3c>
3418e974:	b29b      	uxth	r3, r3
3418e976:	2200      	movs	r2, #0
3418e978:	910b      	str	r1, [sp, #44]	@ 0x2c
3418e97a:	e760      	b.n	3418e83e <_vfiprintf_r+0x552>
3418e97c:	9903      	ldr	r1, [sp, #12]
3418e97e:	9a0b      	ldr	r2, [sp, #44]	@ 0x2c
3418e980:	0688      	lsls	r0, r1, #26
3418e982:	f102 0304 	add.w	r3, r2, #4
3418e986:	f140 82c2 	bpl.w	3418ef0e <_vfiprintf_r+0xc22>
3418e98a:	6812      	ldr	r2, [r2, #0]
3418e98c:	9907      	ldr	r1, [sp, #28]
3418e98e:	6011      	str	r1, [r2, #0]
3418e990:	17c9      	asrs	r1, r1, #31
3418e992:	6051      	str	r1, [r2, #4]
3418e994:	930b      	str	r3, [sp, #44]	@ 0x2c
3418e996:	e4ed      	b.n	3418e374 <_vfiprintf_r+0x88>
3418e998:	f89a 3000 	ldrb.w	r3, [sl]
3418e99c:	2b6c      	cmp	r3, #108	@ 0x6c
3418e99e:	f000 835c 	beq.w	3418f05a <_vfiprintf_r+0xd6e>
3418e9a2:	9a03      	ldr	r2, [sp, #12]
3418e9a4:	f042 0210 	orr.w	r2, r2, #16
3418e9a8:	9203      	str	r2, [sp, #12]
3418e9aa:	e50b      	b.n	3418e3c4 <_vfiprintf_r+0xd8>
3418e9ac:	9b03      	ldr	r3, [sp, #12]
3418e9ae:	0699      	lsls	r1, r3, #26
3418e9b0:	f043 0210 	orr.w	r2, r3, #16
3418e9b4:	d425      	bmi.n	3418ea02 <_vfiprintf_r+0x716>
3418e9b6:	9b0b      	ldr	r3, [sp, #44]	@ 0x2c
3418e9b8:	1d19      	adds	r1, r3, #4
3418e9ba:	9b0b      	ldr	r3, [sp, #44]	@ 0x2c
3418e9bc:	f04f 0800 	mov.w	r8, #0
3418e9c0:	910b      	str	r1, [sp, #44]	@ 0x2c
3418e9c2:	681c      	ldr	r4, [r3, #0]
3418e9c4:	9b06      	ldr	r3, [sp, #24]
3418e9c6:	f88d 8043 	strb.w	r8, [sp, #67]	@ 0x43
3418e9ca:	4543      	cmp	r3, r8
3418e9cc:	da28      	bge.n	3418ea20 <_vfiprintf_r+0x734>
3418e9ce:	9203      	str	r2, [sp, #12]
3418e9d0:	2c0a      	cmp	r4, #10
3418e9d2:	f178 0300 	sbcs.w	r3, r8, #0
3418e9d6:	f080 80b8 	bcs.w	3418eb4a <_vfiprintf_r+0x85e>
3418e9da:	9a06      	ldr	r2, [sp, #24]
3418e9dc:	3430      	adds	r4, #48	@ 0x30
3418e9de:	f89d 3043 	ldrb.w	r3, [sp, #67]	@ 0x43
3418e9e2:	2a01      	cmp	r2, #1
3418e9e4:	f88d 410f 	strb.w	r4, [sp, #271]	@ 0x10f
3418e9e8:	bfb8      	it	lt
3418e9ea:	2201      	movlt	r2, #1
3418e9ec:	9205      	str	r2, [sp, #20]
3418e9ee:	2b00      	cmp	r3, #0
3418e9f0:	f040 8279 	bne.w	3418eee6 <_vfiprintf_r+0xbfa>
3418e9f4:	9309      	str	r3, [sp, #36]	@ 0x24
3418e9f6:	2301      	movs	r3, #1
3418e9f8:	f20d 150f 	addw	r5, sp, #271	@ 0x10f
3418e9fc:	930a      	str	r3, [sp, #40]	@ 0x28
3418e9fe:	e5ee      	b.n	3418e5de <_vfiprintf_r+0x2f2>
3418ea00:	461a      	mov	r2, r3
3418ea02:	9b0b      	ldr	r3, [sp, #44]	@ 0x2c
3418ea04:	2100      	movs	r1, #0
3418ea06:	3307      	adds	r3, #7
3418ea08:	f88d 1043 	strb.w	r1, [sp, #67]	@ 0x43
3418ea0c:	f023 0307 	bic.w	r3, r3, #7
3418ea10:	f8d3 8004 	ldr.w	r8, [r3, #4]
3418ea14:	f853 4b08 	ldr.w	r4, [r3], #8
3418ea18:	930b      	str	r3, [sp, #44]	@ 0x2c
3418ea1a:	9b06      	ldr	r3, [sp, #24]
3418ea1c:	428b      	cmp	r3, r1
3418ea1e:	dbd6      	blt.n	3418e9ce <_vfiprintf_r+0x6e2>
3418ea20:	f022 0380 	bic.w	r3, r2, #128	@ 0x80
3418ea24:	9303      	str	r3, [sp, #12]
3418ea26:	9b06      	ldr	r3, [sp, #24]
3418ea28:	2b00      	cmp	r3, #0
3418ea2a:	d1d1      	bne.n	3418e9d0 <_vfiprintf_r+0x6e4>
3418ea2c:	ea54 0308 	orrs.w	r3, r4, r8
3418ea30:	d1ce      	bne.n	3418e9d0 <_vfiprintf_r+0x6e4>
3418ea32:	bf14      	ite	ne
3418ea34:	2301      	movne	r3, #1
3418ea36:	2300      	moveq	r3, #0
3418ea38:	ad44      	add	r5, sp, #272	@ 0x110
3418ea3a:	9309      	str	r3, [sp, #36]	@ 0x24
3418ea3c:	9306      	str	r3, [sp, #24]
3418ea3e:	930a      	str	r3, [sp, #40]	@ 0x28
3418ea40:	9305      	str	r3, [sp, #20]
3418ea42:	e5cc      	b.n	3418e5de <_vfiprintf_r+0x2f2>
3418ea44:	f89a 3000 	ldrb.w	r3, [sl]
3418ea48:	2b68      	cmp	r3, #104	@ 0x68
3418ea4a:	f000 82fc 	beq.w	3418f046 <_vfiprintf_r+0xd5a>
3418ea4e:	9a03      	ldr	r2, [sp, #12]
3418ea50:	f042 0240 	orr.w	r2, r2, #64	@ 0x40
3418ea54:	9203      	str	r2, [sp, #12]
3418ea56:	e4b5      	b.n	3418e3c4 <_vfiprintf_r+0xd8>
3418ea58:	4658      	mov	r0, fp
3418ea5a:	f7fd fdad 	bl	3418c5b8 <_localeconv_r>
3418ea5e:	6843      	ldr	r3, [r0, #4]
3418ea60:	4618      	mov	r0, r3
3418ea62:	930f      	str	r3, [sp, #60]	@ 0x3c
3418ea64:	f7f8 fd88 	bl	34187578 <strlen>
3418ea68:	900e      	str	r0, [sp, #56]	@ 0x38
3418ea6a:	4604      	mov	r4, r0
3418ea6c:	4658      	mov	r0, fp
3418ea6e:	f7fd fda3 	bl	3418c5b8 <_localeconv_r>
3418ea72:	6882      	ldr	r2, [r0, #8]
3418ea74:	f89a 3000 	ldrb.w	r3, [sl]
3418ea78:	920d      	str	r2, [sp, #52]	@ 0x34
3418ea7a:	2c00      	cmp	r4, #0
3418ea7c:	f43f aca2 	beq.w	3418e3c4 <_vfiprintf_r+0xd8>
3418ea80:	2a00      	cmp	r2, #0
3418ea82:	f43f ac9f 	beq.w	3418e3c4 <_vfiprintf_r+0xd8>
3418ea86:	7812      	ldrb	r2, [r2, #0]
3418ea88:	2a00      	cmp	r2, #0
3418ea8a:	f43f ac9b 	beq.w	3418e3c4 <_vfiprintf_r+0xd8>
3418ea8e:	9a03      	ldr	r2, [sp, #12]
3418ea90:	f442 6280 	orr.w	r2, r2, #1024	@ 0x400
3418ea94:	9203      	str	r2, [sp, #12]
3418ea96:	e495      	b.n	3418e3c4 <_vfiprintf_r+0xd8>
3418ea98:	9b03      	ldr	r3, [sp, #12]
3418ea9a:	f043 0301 	orr.w	r3, r3, #1
3418ea9e:	9303      	str	r3, [sp, #12]
3418eaa0:	f89a 3000 	ldrb.w	r3, [sl]
3418eaa4:	e48e      	b.n	3418e3c4 <_vfiprintf_r+0xd8>
3418eaa6:	f89d 2043 	ldrb.w	r2, [sp, #67]	@ 0x43
3418eaaa:	f89a 3000 	ldrb.w	r3, [sl]
3418eaae:	2a00      	cmp	r2, #0
3418eab0:	f47f ac88 	bne.w	3418e3c4 <_vfiprintf_r+0xd8>
3418eab4:	2220      	movs	r2, #32
3418eab6:	f88d 2043 	strb.w	r2, [sp, #67]	@ 0x43
3418eaba:	e483      	b.n	3418e3c4 <_vfiprintf_r+0xd8>
3418eabc:	9b03      	ldr	r3, [sp, #12]
3418eabe:	f043 0380 	orr.w	r3, r3, #128	@ 0x80
3418eac2:	9303      	str	r3, [sp, #12]
3418eac4:	f89a 3000 	ldrb.w	r3, [sl]
3418eac8:	e47c      	b.n	3418e3c4 <_vfiprintf_r+0xd8>
3418eaca:	4650      	mov	r0, sl
3418eacc:	f810 1b01 	ldrb.w	r1, [r0], #1
3418ead0:	292a      	cmp	r1, #42	@ 0x2a
3418ead2:	f000 84bc 	beq.w	3418f44e <_vfiprintf_r+0x1162>
3418ead6:	f1a1 0330 	sub.w	r3, r1, #48	@ 0x30
3418eada:	2b09      	cmp	r3, #9
3418eadc:	f200 8459 	bhi.w	3418f392 <_vfiprintf_r+0x10a6>
3418eae0:	2200      	movs	r2, #0
3418eae2:	eb02 0282 	add.w	r2, r2, r2, lsl #2
3418eae6:	f810 1b01 	ldrb.w	r1, [r0], #1
3418eaea:	eb03 0242 	add.w	r2, r3, r2, lsl #1
3418eaee:	f1a1 0330 	sub.w	r3, r1, #48	@ 0x30
3418eaf2:	2b09      	cmp	r3, #9
3418eaf4:	d9f5      	bls.n	3418eae2 <_vfiprintf_r+0x7f6>
3418eaf6:	ea42 73e2 	orr.w	r3, r2, r2, asr #31
3418eafa:	4682      	mov	sl, r0
3418eafc:	9306      	str	r3, [sp, #24]
3418eafe:	e464      	b.n	3418e3ca <_vfiprintf_r+0xde>
3418eb00:	9a03      	ldr	r2, [sp, #12]
3418eb02:	0695      	lsls	r5, r2, #26
3418eb04:	f042 0310 	orr.w	r3, r2, #16
3418eb08:	f100 822d 	bmi.w	3418ef66 <_vfiprintf_r+0xc7a>
3418eb0c:	9a0b      	ldr	r2, [sp, #44]	@ 0x2c
3418eb0e:	1d11      	adds	r1, r2, #4
3418eb10:	9a0b      	ldr	r2, [sp, #44]	@ 0x2c
3418eb12:	9303      	str	r3, [sp, #12]
3418eb14:	6814      	ldr	r4, [r2, #0]
3418eb16:	910b      	str	r1, [sp, #44]	@ 0x2c
3418eb18:	ea4f 78e4 	mov.w	r8, r4, asr #31
3418eb1c:	4643      	mov	r3, r8
3418eb1e:	2b00      	cmp	r3, #0
3418eb20:	f6bf ade5 	bge.w	3418e6ee <_vfiprintf_r+0x402>
3418eb24:	232d      	movs	r3, #45	@ 0x2d
3418eb26:	4264      	negs	r4, r4
3418eb28:	f88d 3043 	strb.w	r3, [sp, #67]	@ 0x43
3418eb2c:	eb68 0848 	sbc.w	r8, r8, r8, lsl #1
3418eb30:	9b06      	ldr	r3, [sp, #24]
3418eb32:	2b00      	cmp	r3, #0
3418eb34:	f6ff af4c 	blt.w	3418e9d0 <_vfiprintf_r+0x6e4>
3418eb38:	9b03      	ldr	r3, [sp, #12]
3418eb3a:	2c0a      	cmp	r4, #10
3418eb3c:	f023 0380 	bic.w	r3, r3, #128	@ 0x80
3418eb40:	9303      	str	r3, [sp, #12]
3418eb42:	f178 0300 	sbcs.w	r3, r8, #0
3418eb46:	f4ff af48 	bcc.w	3418e9da <_vfiprintf_r+0x6ee>
3418eb4a:	9b03      	ldr	r3, [sp, #12]
3418eb4c:	f04f 0e00 	mov.w	lr, #0
3418eb50:	a944      	add	r1, sp, #272	@ 0x110
3418eb52:	f403 6680 	and.w	r6, r3, #1024	@ 0x400
3418eb56:	e9cd 9a09 	strd	r9, sl, [sp, #36]	@ 0x24
3418eb5a:	9605      	str	r6, [sp, #20]
3418eb5c:	f8dd a034 	ldr.w	sl, [sp, #52]	@ 0x34
3418eb60:	e026      	b.n	3418ebb0 <_vfiprintf_r+0x8c4>
3418eb62:	9605      	str	r6, [sp, #20]
3418eb64:	eb14 0308 	adds.w	r3, r4, r8
3418eb68:	4eb2      	ldr	r6, [pc, #712]	@ (3418ee34 <_vfiprintf_r+0xb48>)
3418eb6a:	46a1      	mov	r9, r4
3418eb6c:	4640      	mov	r0, r8
3418eb6e:	f143 0300 	adc.w	r3, r3, #0
3418eb72:	4629      	mov	r1, r5
3418eb74:	fba6 2c03 	umull	r2, ip, r6, r3
3418eb78:	f02c 0203 	bic.w	r2, ip, #3
3418eb7c:	eb02 029c 	add.w	r2, r2, ip, lsr #2
3418eb80:	1a9b      	subs	r3, r3, r2
3418eb82:	f04f 32cc 	mov.w	r2, #3435973836	@ 0xcccccccc
3418eb86:	1ae3      	subs	r3, r4, r3
3418eb88:	f168 0800 	sbc.w	r8, r8, #0
3418eb8c:	fb02 f203 	mul.w	r2, r2, r3
3418eb90:	f1b9 0f0a 	cmp.w	r9, #10
3418eb94:	fba3 4306 	umull	r4, r3, r3, r6
3418eb98:	fb06 2208 	mla	r2, r6, r8, r2
3418eb9c:	ea4f 0454 	mov.w	r4, r4, lsr #1
3418eba0:	f170 0000 	sbcs.w	r0, r0, #0
3418eba4:	4413      	add	r3, r2
3418eba6:	ea44 74c3 	orr.w	r4, r4, r3, lsl #31
3418ebaa:	ea4f 0853 	mov.w	r8, r3, lsr #1
3418ebae:	d330      	bcc.n	3418ec12 <_vfiprintf_r+0x926>
3418ebb0:	eb14 0308 	adds.w	r3, r4, r8
3418ebb4:	4a9f      	ldr	r2, [pc, #636]	@ (3418ee34 <_vfiprintf_r+0xb48>)
3418ebb6:	f10e 0e01 	add.w	lr, lr, #1
3418ebba:	f101 35ff 	add.w	r5, r1, #4294967295	@ 0xffffffff
3418ebbe:	f143 0300 	adc.w	r3, r3, #0
3418ebc2:	4616      	mov	r6, r2
3418ebc4:	fba2 2003 	umull	r2, r0, r2, r3
3418ebc8:	f020 0203 	bic.w	r2, r0, #3
3418ebcc:	eb02 0290 	add.w	r2, r2, r0, lsr #2
3418ebd0:	1a9b      	subs	r3, r3, r2
3418ebd2:	1ae3      	subs	r3, r4, r3
3418ebd4:	fba3 3206 	umull	r3, r2, r3, r6
3418ebd8:	f168 0000 	sbc.w	r0, r8, #0
3418ebdc:	085b      	lsrs	r3, r3, #1
3418ebde:	fb06 2200 	mla	r2, r6, r0, r2
3418ebe2:	ea43 73c2 	orr.w	r3, r3, r2, lsl #31
3418ebe6:	eb03 0383 	add.w	r3, r3, r3, lsl #2
3418ebea:	eba4 0343 	sub.w	r3, r4, r3, lsl #1
3418ebee:	3330      	adds	r3, #48	@ 0x30
3418ebf0:	f801 3c01 	strb.w	r3, [r1, #-1]
3418ebf4:	9b05      	ldr	r3, [sp, #20]
3418ebf6:	2b00      	cmp	r3, #0
3418ebf8:	d0b4      	beq.n	3418eb64 <_vfiprintf_r+0x878>
3418ebfa:	461e      	mov	r6, r3
3418ebfc:	f89a 3000 	ldrb.w	r3, [sl]
3418ec00:	4573      	cmp	r3, lr
3418ec02:	d1ae      	bne.n	3418eb62 <_vfiprintf_r+0x876>
3418ec04:	2bff      	cmp	r3, #255	@ 0xff
3418ec06:	d0ac      	beq.n	3418eb62 <_vfiprintf_r+0x876>
3418ec08:	2c0a      	cmp	r4, #10
3418ec0a:	f178 0300 	sbcs.w	r3, r8, #0
3418ec0e:	f080 8371 	bcs.w	3418f2f4 <_vfiprintf_r+0x1008>
3418ec12:	ab44      	add	r3, sp, #272	@ 0x110
3418ec14:	9906      	ldr	r1, [sp, #24]
3418ec16:	f8cd a034 	str.w	sl, [sp, #52]	@ 0x34
3418ec1a:	1b5a      	subs	r2, r3, r5
3418ec1c:	f89d 3043 	ldrb.w	r3, [sp, #67]	@ 0x43
3418ec20:	4291      	cmp	r1, r2
3418ec22:	bfb8      	it	lt
3418ec24:	4611      	movlt	r1, r2
3418ec26:	e9dd 9a09 	ldrd	r9, sl, [sp, #36]	@ 0x24
3418ec2a:	9105      	str	r1, [sp, #20]
3418ec2c:	920a      	str	r2, [sp, #40]	@ 0x28
3418ec2e:	2b00      	cmp	r3, #0
3418ec30:	f000 81ca 	beq.w	3418efc8 <_vfiprintf_r+0xcdc>
3418ec34:	9b05      	ldr	r3, [sp, #20]
3418ec36:	3301      	adds	r3, #1
3418ec38:	9305      	str	r3, [sp, #20]
3418ec3a:	e1c5      	b.n	3418efc8 <_vfiprintf_r+0xcdc>
3418ec3c:	9b08      	ldr	r3, [sp, #32]
3418ec3e:	9805      	ldr	r0, [sp, #20]
3418ec40:	1a1c      	subs	r4, r3, r0
3418ec42:	2c00      	cmp	r4, #0
3418ec44:	f77f ad06 	ble.w	3418e654 <_vfiprintf_r+0x368>
3418ec48:	2c10      	cmp	r4, #16
3418ec4a:	4e7b      	ldr	r6, [pc, #492]	@ (3418ee38 <_vfiprintf_r+0xb4c>)
3418ec4c:	dd21      	ble.n	3418ec92 <_vfiprintf_r+0x9a6>
3418ec4e:	950c      	str	r5, [sp, #48]	@ 0x30
3418ec50:	f04f 0810 	mov.w	r8, #16
3418ec54:	9d04      	ldr	r5, [sp, #16]
3418ec56:	e002      	b.n	3418ec5e <_vfiprintf_r+0x972>
3418ec58:	3c10      	subs	r4, #16
3418ec5a:	2c10      	cmp	r4, #16
3418ec5c:	dd18      	ble.n	3418ec90 <_vfiprintf_r+0x9a4>
3418ec5e:	3201      	adds	r2, #1
3418ec60:	3110      	adds	r1, #16
3418ec62:	2a07      	cmp	r2, #7
3418ec64:	e9c9 6800 	strd	r6, r8, [r9]
3418ec68:	e9cd 2119 	strd	r2, r1, [sp, #100]	@ 0x64
3418ec6c:	f109 0908 	add.w	r9, r9, #8
3418ec70:	ddf2      	ble.n	3418ec58 <_vfiprintf_r+0x96c>
3418ec72:	aa18      	add	r2, sp, #96	@ 0x60
3418ec74:	4629      	mov	r1, r5
3418ec76:	4658      	mov	r0, fp
3418ec78:	f7fd fa7a 	bl	3418c170 <__sprint_r>
3418ec7c:	2800      	cmp	r0, #0
3418ec7e:	f47f ac7e 	bne.w	3418e57e <_vfiprintf_r+0x292>
3418ec82:	3c10      	subs	r4, #16
3418ec84:	f10d 096c 	add.w	r9, sp, #108	@ 0x6c
3418ec88:	2c10      	cmp	r4, #16
3418ec8a:	e9dd 2119 	ldrd	r2, r1, [sp, #100]	@ 0x64
3418ec8e:	dce6      	bgt.n	3418ec5e <_vfiprintf_r+0x972>
3418ec90:	9d0c      	ldr	r5, [sp, #48]	@ 0x30
3418ec92:	3201      	adds	r2, #1
3418ec94:	4421      	add	r1, r4
3418ec96:	f8c9 6000 	str.w	r6, [r9]
3418ec9a:	2a07      	cmp	r2, #7
3418ec9c:	f8c9 4004 	str.w	r4, [r9, #4]
3418eca0:	e9cd 2119 	strd	r2, r1, [sp, #100]	@ 0x64
3418eca4:	f300 828f 	bgt.w	3418f1c6 <_vfiprintf_r+0xeda>
3418eca8:	9b06      	ldr	r3, [sp, #24]
3418ecaa:	f109 0908 	add.w	r9, r9, #8
3418ecae:	980a      	ldr	r0, [sp, #40]	@ 0x28
3418ecb0:	1a1c      	subs	r4, r3, r0
3418ecb2:	2c00      	cmp	r4, #0
3418ecb4:	f77f acd4 	ble.w	3418e660 <_vfiprintf_r+0x374>
3418ecb8:	2c10      	cmp	r4, #16
3418ecba:	4e5f      	ldr	r6, [pc, #380]	@ (3418ee38 <_vfiprintf_r+0xb4c>)
3418ecbc:	dd1f      	ble.n	3418ecfe <_vfiprintf_r+0xa12>
3418ecbe:	f04f 0810 	mov.w	r8, #16
3418ecc2:	e002      	b.n	3418ecca <_vfiprintf_r+0x9de>
3418ecc4:	3c10      	subs	r4, #16
3418ecc6:	2c10      	cmp	r4, #16
3418ecc8:	dd19      	ble.n	3418ecfe <_vfiprintf_r+0xa12>
3418ecca:	3201      	adds	r2, #1
3418eccc:	3110      	adds	r1, #16
3418ecce:	4b5a      	ldr	r3, [pc, #360]	@ (3418ee38 <_vfiprintf_r+0xb4c>)
3418ecd0:	2a07      	cmp	r2, #7
3418ecd2:	e9c9 3800 	strd	r3, r8, [r9]
3418ecd6:	e9cd 2119 	strd	r2, r1, [sp, #100]	@ 0x64
3418ecda:	f109 0908 	add.w	r9, r9, #8
3418ecde:	ddf1      	ble.n	3418ecc4 <_vfiprintf_r+0x9d8>
3418ece0:	aa18      	add	r2, sp, #96	@ 0x60
3418ece2:	9904      	ldr	r1, [sp, #16]
3418ece4:	4658      	mov	r0, fp
3418ece6:	f10d 096c 	add.w	r9, sp, #108	@ 0x6c
3418ecea:	f7fd fa41 	bl	3418c170 <__sprint_r>
3418ecee:	2800      	cmp	r0, #0
3418ecf0:	f47f ac45 	bne.w	3418e57e <_vfiprintf_r+0x292>
3418ecf4:	3c10      	subs	r4, #16
3418ecf6:	2c10      	cmp	r4, #16
3418ecf8:	e9dd 2119 	ldrd	r2, r1, [sp, #100]	@ 0x64
3418ecfc:	dce5      	bgt.n	3418ecca <_vfiprintf_r+0x9de>
3418ecfe:	3201      	adds	r2, #1
3418ed00:	4421      	add	r1, r4
3418ed02:	f8c9 6000 	str.w	r6, [r9]
3418ed06:	2a07      	cmp	r2, #7
3418ed08:	f8c9 4004 	str.w	r4, [r9, #4]
3418ed0c:	e9cd 2119 	strd	r2, r1, [sp, #100]	@ 0x64
3418ed10:	f300 80cb 	bgt.w	3418eeaa <_vfiprintf_r+0xbbe>
3418ed14:	f109 0908 	add.w	r9, r9, #8
3418ed18:	e4a2      	b.n	3418e660 <_vfiprintf_r+0x374>
3418ed1a:	aa18      	add	r2, sp, #96	@ 0x60
3418ed1c:	9904      	ldr	r1, [sp, #16]
3418ed1e:	4658      	mov	r0, fp
3418ed20:	f7fd fa26 	bl	3418c170 <__sprint_r>
3418ed24:	2800      	cmp	r0, #0
3418ed26:	f47f ac2a 	bne.w	3418e57e <_vfiprintf_r+0x292>
3418ed2a:	991a      	ldr	r1, [sp, #104]	@ 0x68
3418ed2c:	f10d 096c 	add.w	r9, sp, #108	@ 0x6c
3418ed30:	e4a4      	b.n	3418e67c <_vfiprintf_r+0x390>
3418ed32:	aa18      	add	r2, sp, #96	@ 0x60
3418ed34:	9904      	ldr	r1, [sp, #16]
3418ed36:	4658      	mov	r0, fp
3418ed38:	f7fd fa1a 	bl	3418c170 <__sprint_r>
3418ed3c:	2800      	cmp	r0, #0
3418ed3e:	f47f ac1e 	bne.w	3418e57e <_vfiprintf_r+0x292>
3418ed42:	f10d 096c 	add.w	r9, sp, #108	@ 0x6c
3418ed46:	e9dd 2119 	ldrd	r2, r1, [sp, #100]	@ 0x64
3418ed4a:	e47f      	b.n	3418e64c <_vfiprintf_r+0x360>
3418ed4c:	aa18      	add	r2, sp, #96	@ 0x60
3418ed4e:	9904      	ldr	r1, [sp, #16]
3418ed50:	4658      	mov	r0, fp
3418ed52:	f7fd fa0d 	bl	3418c170 <__sprint_r>
3418ed56:	2800      	cmp	r0, #0
3418ed58:	f47f ac11 	bne.w	3418e57e <_vfiprintf_r+0x292>
3418ed5c:	f10d 096c 	add.w	r9, sp, #108	@ 0x6c
3418ed60:	e9dd 2119 	ldrd	r2, r1, [sp, #100]	@ 0x64
3418ed64:	e460      	b.n	3418e628 <_vfiprintf_r+0x33c>
3418ed66:	2c10      	cmp	r4, #16
3418ed68:	9b19      	ldr	r3, [sp, #100]	@ 0x64
3418ed6a:	f340 8321 	ble.w	3418f3b0 <_vfiprintf_r+0x10c4>
3418ed6e:	2510      	movs	r5, #16
3418ed70:	4e32      	ldr	r6, [pc, #200]	@ (3418ee3c <_vfiprintf_r+0xb50>)
3418ed72:	f8dd 8010 	ldr.w	r8, [sp, #16]
3418ed76:	e002      	b.n	3418ed7e <_vfiprintf_r+0xa92>
3418ed78:	3c10      	subs	r4, #16
3418ed7a:	2c10      	cmp	r4, #16
3418ed7c:	dd18      	ble.n	3418edb0 <_vfiprintf_r+0xac4>
3418ed7e:	3301      	adds	r3, #1
3418ed80:	3110      	adds	r1, #16
3418ed82:	2b07      	cmp	r3, #7
3418ed84:	e9c9 6500 	strd	r6, r5, [r9]
3418ed88:	e9cd 3119 	strd	r3, r1, [sp, #100]	@ 0x64
3418ed8c:	f109 0908 	add.w	r9, r9, #8
3418ed90:	ddf2      	ble.n	3418ed78 <_vfiprintf_r+0xa8c>
3418ed92:	aa18      	add	r2, sp, #96	@ 0x60
3418ed94:	4641      	mov	r1, r8
3418ed96:	4658      	mov	r0, fp
3418ed98:	f10d 096c 	add.w	r9, sp, #108	@ 0x6c
3418ed9c:	f7fd f9e8 	bl	3418c170 <__sprint_r>
3418eda0:	2800      	cmp	r0, #0
3418eda2:	f47f abec 	bne.w	3418e57e <_vfiprintf_r+0x292>
3418eda6:	3c10      	subs	r4, #16
3418eda8:	2c10      	cmp	r4, #16
3418edaa:	e9dd 3119 	ldrd	r3, r1, [sp, #100]	@ 0x64
3418edae:	dce6      	bgt.n	3418ed7e <_vfiprintf_r+0xa92>
3418edb0:	46b0      	mov	r8, r6
3418edb2:	3301      	adds	r3, #1
3418edb4:	4421      	add	r1, r4
3418edb6:	2b07      	cmp	r3, #7
3418edb8:	e9c9 8400 	strd	r8, r4, [r9]
3418edbc:	e9cd 3119 	strd	r3, r1, [sp, #100]	@ 0x64
3418edc0:	f77f ac65 	ble.w	3418e68e <_vfiprintf_r+0x3a2>
3418edc4:	aa18      	add	r2, sp, #96	@ 0x60
3418edc6:	9904      	ldr	r1, [sp, #16]
3418edc8:	4658      	mov	r0, fp
3418edca:	f7fd f9d1 	bl	3418c170 <__sprint_r>
3418edce:	2800      	cmp	r0, #0
3418edd0:	f47f abd5 	bne.w	3418e57e <_vfiprintf_r+0x292>
3418edd4:	991a      	ldr	r1, [sp, #104]	@ 0x68
3418edd6:	e45a      	b.n	3418e68e <_vfiprintf_r+0x3a2>
3418edd8:	f420 6180 	bic.w	r1, r0, #1024	@ 0x400
3418eddc:	9103      	str	r1, [sp, #12]
3418edde:	ad44      	add	r5, sp, #272	@ 0x110
3418ede0:	f003 0107 	and.w	r1, r3, #7
3418ede4:	08db      	lsrs	r3, r3, #3
3418ede6:	4628      	mov	r0, r5
3418ede8:	ea43 7342 	orr.w	r3, r3, r2, lsl #29
3418edec:	3130      	adds	r1, #48	@ 0x30
3418edee:	08d2      	lsrs	r2, r2, #3
3418edf0:	f805 1d01 	strb.w	r1, [r5, #-1]!
3418edf4:	ea53 0402 	orrs.w	r4, r3, r2
3418edf8:	d1f2      	bne.n	3418ede0 <_vfiprintf_r+0xaf4>
3418edfa:	2930      	cmp	r1, #48	@ 0x30
3418edfc:	d003      	beq.n	3418ee06 <_vfiprintf_r+0xb1a>
3418edfe:	9b03      	ldr	r3, [sp, #12]
3418ee00:	07de      	lsls	r6, r3, #31
3418ee02:	f100 80a7 	bmi.w	3418ef54 <_vfiprintf_r+0xc68>
3418ee06:	ab44      	add	r3, sp, #272	@ 0x110
3418ee08:	1b5b      	subs	r3, r3, r5
3418ee0a:	930a      	str	r3, [sp, #40]	@ 0x28
3418ee0c:	2200      	movs	r2, #0
3418ee0e:	9209      	str	r2, [sp, #36]	@ 0x24
3418ee10:	9a06      	ldr	r2, [sp, #24]
3418ee12:	429a      	cmp	r2, r3
3418ee14:	bfb8      	it	lt
3418ee16:	461a      	movlt	r2, r3
3418ee18:	9205      	str	r2, [sp, #20]
3418ee1a:	f7ff bbe0 	b.w	3418e5de <_vfiprintf_r+0x2f2>
3418ee1e:	2200      	movs	r2, #0
3418ee20:	920c      	str	r2, [sp, #48]	@ 0x30
3418ee22:	2c10      	cmp	r4, #16
3418ee24:	461a      	mov	r2, r3
3418ee26:	f340 82b1 	ble.w	3418f38c <_vfiprintf_r+0x10a0>
3418ee2a:	2310      	movs	r3, #16
3418ee2c:	4e03      	ldr	r6, [pc, #12]	@ (3418ee3c <_vfiprintf_r+0xb50>)
3418ee2e:	f8dd 8010 	ldr.w	r8, [sp, #16]
3418ee32:	e008      	b.n	3418ee46 <_vfiprintf_r+0xb5a>
3418ee34:	cccccccd 	.word	0xcccccccd
3418ee38:	34190360 	.word	0x34190360
3418ee3c:	34190370 	.word	0x34190370
3418ee40:	3c10      	subs	r4, #16
3418ee42:	2c10      	cmp	r4, #16
3418ee44:	dd19      	ble.n	3418ee7a <_vfiprintf_r+0xb8e>
3418ee46:	3201      	adds	r2, #1
3418ee48:	3010      	adds	r0, #16
3418ee4a:	2a07      	cmp	r2, #7
3418ee4c:	e9c9 6300 	strd	r6, r3, [r9]
3418ee50:	e9cd 2019 	strd	r2, r0, [sp, #100]	@ 0x64
3418ee54:	f109 0908 	add.w	r9, r9, #8
3418ee58:	ddf2      	ble.n	3418ee40 <_vfiprintf_r+0xb54>
3418ee5a:	aa18      	add	r2, sp, #96	@ 0x60
3418ee5c:	4641      	mov	r1, r8
3418ee5e:	4658      	mov	r0, fp
3418ee60:	f10d 096c 	add.w	r9, sp, #108	@ 0x6c
3418ee64:	f7fd f984 	bl	3418c170 <__sprint_r>
3418ee68:	2800      	cmp	r0, #0
3418ee6a:	f47f ab88 	bne.w	3418e57e <_vfiprintf_r+0x292>
3418ee6e:	3c10      	subs	r4, #16
3418ee70:	2310      	movs	r3, #16
3418ee72:	2c10      	cmp	r4, #16
3418ee74:	e9dd 2019 	ldrd	r2, r0, [sp, #100]	@ 0x64
3418ee78:	dce5      	bgt.n	3418ee46 <_vfiprintf_r+0xb5a>
3418ee7a:	46b0      	mov	r8, r6
3418ee7c:	3201      	adds	r2, #1
3418ee7e:	1821      	adds	r1, r4, r0
3418ee80:	f8c9 8000 	str.w	r8, [r9]
3418ee84:	2a07      	cmp	r2, #7
3418ee86:	f8c9 4004 	str.w	r4, [r9, #4]
3418ee8a:	e9cd 2119 	strd	r2, r1, [sp, #100]	@ 0x64
3418ee8e:	f300 8169 	bgt.w	3418f164 <_vfiprintf_r+0xe78>
3418ee92:	f89d 3043 	ldrb.w	r3, [sp, #67]	@ 0x43
3418ee96:	f109 0908 	add.w	r9, r9, #8
3418ee9a:	bb6b      	cbnz	r3, 3418eef8 <_vfiprintf_r+0xc0c>
3418ee9c:	980c      	ldr	r0, [sp, #48]	@ 0x30
3418ee9e:	2800      	cmp	r0, #0
3418eea0:	f43f abd8 	beq.w	3418e654 <_vfiprintf_r+0x368>
3418eea4:	4698      	mov	r8, r3
3418eea6:	f7ff bbc1 	b.w	3418e62c <_vfiprintf_r+0x340>
3418eeaa:	aa18      	add	r2, sp, #96	@ 0x60
3418eeac:	9904      	ldr	r1, [sp, #16]
3418eeae:	4658      	mov	r0, fp
3418eeb0:	f7fd f95e 	bl	3418c170 <__sprint_r>
3418eeb4:	2800      	cmp	r0, #0
3418eeb6:	f47f ab62 	bne.w	3418e57e <_vfiprintf_r+0x292>
3418eeba:	f10d 096c 	add.w	r9, sp, #108	@ 0x6c
3418eebe:	e9dd 2119 	ldrd	r2, r1, [sp, #100]	@ 0x64
3418eec2:	f7ff bbcd 	b.w	3418e660 <_vfiprintf_r+0x374>
3418eec6:	9a05      	ldr	r2, [sp, #20]
3418eec8:	ad44      	add	r5, sp, #272	@ 0x110
3418eeca:	9206      	str	r2, [sp, #24]
3418eecc:	920a      	str	r2, [sp, #40]	@ 0x28
3418eece:	9209      	str	r2, [sp, #36]	@ 0x24
3418eed0:	f7ff bb85 	b.w	3418e5de <_vfiprintf_r+0x2f2>
3418eed4:	930b      	str	r3, [sp, #44]	@ 0x2c
3418eed6:	f89a 3000 	ldrb.w	r3, [sl]
3418eeda:	f7ff ba73 	b.w	3418e3c4 <_vfiprintf_r+0xd8>
3418eede:	0492      	lsls	r2, r2, #18
3418eee0:	f57f aa31 	bpl.w	3418e346 <_vfiprintf_r+0x5a>
3418eee4:	e27a      	b.n	3418f3dc <_vfiprintf_r+0x10f0>
3418eee6:	2500      	movs	r5, #0
3418eee8:	3201      	adds	r2, #1
3418eeea:	2301      	movs	r3, #1
3418eeec:	9205      	str	r2, [sp, #20]
3418eeee:	e9cd 5309 	strd	r5, r3, [sp, #36]	@ 0x24
3418eef2:	f20d 150f 	addw	r5, sp, #271	@ 0x10f
3418eef6:	e416      	b.n	3418e726 <_vfiprintf_r+0x43a>
3418eef8:	f04f 0800 	mov.w	r8, #0
3418eefc:	f7ff bb84 	b.w	3418e608 <_vfiprintf_r+0x31c>
3418ef00:	9b0b      	ldr	r3, [sp, #44]	@ 0x2c
3418ef02:	1d19      	adds	r1, r3, #4
3418ef04:	9b0b      	ldr	r3, [sp, #44]	@ 0x2c
3418ef06:	2200      	movs	r2, #0
3418ef08:	910b      	str	r1, [sp, #44]	@ 0x2c
3418ef0a:	681b      	ldr	r3, [r3, #0]
3418ef0c:	e497      	b.n	3418e83e <_vfiprintf_r+0x552>
3418ef0e:	9a03      	ldr	r2, [sp, #12]
3418ef10:	06d1      	lsls	r1, r2, #27
3418ef12:	f100 8166 	bmi.w	3418f1e2 <_vfiprintf_r+0xef6>
3418ef16:	9a03      	ldr	r2, [sp, #12]
3418ef18:	0652      	lsls	r2, r2, #25
3418ef1a:	f100 81b7 	bmi.w	3418f28c <_vfiprintf_r+0xfa0>
3418ef1e:	9a03      	ldr	r2, [sp, #12]
3418ef20:	0596      	lsls	r6, r2, #22
3418ef22:	f140 815e 	bpl.w	3418f1e2 <_vfiprintf_r+0xef6>
3418ef26:	9a0b      	ldr	r2, [sp, #44]	@ 0x2c
3418ef28:	9907      	ldr	r1, [sp, #28]
3418ef2a:	6812      	ldr	r2, [r2, #0]
3418ef2c:	7011      	strb	r1, [r2, #0]
3418ef2e:	e531      	b.n	3418e994 <_vfiprintf_r+0x6a8>
3418ef30:	9b03      	ldr	r3, [sp, #12]
3418ef32:	990b      	ldr	r1, [sp, #44]	@ 0x2c
3418ef34:	06d8      	lsls	r0, r3, #27
3418ef36:	f851 4b04 	ldr.w	r4, [r1], #4
3418ef3a:	f53f ade9 	bmi.w	3418eb10 <_vfiprintf_r+0x824>
3418ef3e:	9b03      	ldr	r3, [sp, #12]
3418ef40:	065e      	lsls	r6, r3, #25
3418ef42:	f140 8161 	bpl.w	3418f208 <_vfiprintf_r+0xf1c>
3418ef46:	f344 38c0 	sbfx	r8, r4, #15, #1
3418ef4a:	910b      	str	r1, [sp, #44]	@ 0x2c
3418ef4c:	b224      	sxth	r4, r4
3418ef4e:	4643      	mov	r3, r8
3418ef50:	f7ff bbca 	b.w	3418e6e8 <_vfiprintf_r+0x3fc>
3418ef54:	2330      	movs	r3, #48	@ 0x30
3418ef56:	3802      	subs	r0, #2
3418ef58:	f805 3c01 	strb.w	r3, [r5, #-1]
3418ef5c:	ab44      	add	r3, sp, #272	@ 0x110
3418ef5e:	4605      	mov	r5, r0
3418ef60:	1a1b      	subs	r3, r3, r0
3418ef62:	930a      	str	r3, [sp, #40]	@ 0x28
3418ef64:	e752      	b.n	3418ee0c <_vfiprintf_r+0xb20>
3418ef66:	9303      	str	r3, [sp, #12]
3418ef68:	f7ff bbb5 	b.w	3418e6d6 <_vfiprintf_r+0x3ea>
3418ef6c:	48ab      	ldr	r0, [pc, #684]	@ (3418f21c <_vfiprintf_r+0xf30>)
3418ef6e:	9b03      	ldr	r3, [sp, #12]
3418ef70:	069e      	lsls	r6, r3, #26
3418ef72:	f140 80e1 	bpl.w	3418f138 <_vfiprintf_r+0xe4c>
3418ef76:	9b0b      	ldr	r3, [sp, #44]	@ 0x2c
3418ef78:	3307      	adds	r3, #7
3418ef7a:	f023 0307 	bic.w	r3, r3, #7
3418ef7e:	461c      	mov	r4, r3
3418ef80:	685a      	ldr	r2, [r3, #4]
3418ef82:	f854 3b08 	ldr.w	r3, [r4], #8
3418ef86:	940b      	str	r4, [sp, #44]	@ 0x2c
3418ef88:	ea53 0402 	orrs.w	r4, r3, r2
3418ef8c:	9c03      	ldr	r4, [sp, #12]
3418ef8e:	bf14      	ite	ne
3418ef90:	2501      	movne	r5, #1
3418ef92:	2500      	moveq	r5, #0
3418ef94:	07e4      	lsls	r4, r4, #31
3418ef96:	d502      	bpl.n	3418ef9e <_vfiprintf_r+0xcb2>
3418ef98:	2d00      	cmp	r5, #0
3418ef9a:	f040 80fa 	bne.w	3418f192 <_vfiprintf_r+0xea6>
3418ef9e:	2400      	movs	r4, #0
3418efa0:	9906      	ldr	r1, [sp, #24]
3418efa2:	42a1      	cmp	r1, r4
3418efa4:	f88d 4043 	strb.w	r4, [sp, #67]	@ 0x43
3418efa8:	9903      	ldr	r1, [sp, #12]
3418efaa:	f2c0 80d7 	blt.w	3418f15c <_vfiprintf_r+0xe70>
3418efae:	f421 6190 	bic.w	r1, r1, #1152	@ 0x480
3418efb2:	9103      	str	r1, [sp, #12]
3418efb4:	f040 8226 	bne.w	3418f404 <_vfiprintf_r+0x1118>
3418efb8:	2d00      	cmp	r5, #0
3418efba:	f040 8223 	bne.w	3418f404 <_vfiprintf_r+0x1118>
3418efbe:	462b      	mov	r3, r5
3418efc0:	9506      	str	r5, [sp, #24]
3418efc2:	ad44      	add	r5, sp, #272	@ 0x110
3418efc4:	930a      	str	r3, [sp, #40]	@ 0x28
3418efc6:	9305      	str	r3, [sp, #20]
3418efc8:	9c03      	ldr	r4, [sp, #12]
3418efca:	e9dd 2119 	ldrd	r2, r1, [sp, #100]	@ 0x64
3418efce:	f014 0884 	ands.w	r8, r4, #132	@ 0x84
3418efd2:	4608      	mov	r0, r1
3418efd4:	4613      	mov	r3, r2
3418efd6:	f000 8246 	beq.w	3418f466 <_vfiprintf_r+0x117a>
3418efda:	f89d 3043 	ldrb.w	r3, [sp, #67]	@ 0x43
3418efde:	2b00      	cmp	r3, #0
3418efe0:	f000 824c 	beq.w	3418f47c <_vfiprintf_r+0x1190>
3418efe4:	2300      	movs	r3, #0
3418efe6:	9309      	str	r3, [sp, #36]	@ 0x24
3418efe8:	930c      	str	r3, [sp, #48]	@ 0x30
3418efea:	f7ff bb0d 	b.w	3418e608 <_vfiprintf_r+0x31c>
3418efee:	488c      	ldr	r0, [pc, #560]	@ (3418f220 <_vfiprintf_r+0xf34>)
3418eff0:	e7bd      	b.n	3418ef6e <_vfiprintf_r+0xc82>
3418eff2:	9803      	ldr	r0, [sp, #12]
3418eff4:	2402      	movs	r4, #2
3418eff6:	910b      	str	r1, [sp, #44]	@ 0x2c
3418eff8:	f040 0002 	orr.w	r0, r0, #2
3418effc:	9003      	str	r0, [sp, #12]
3418effe:	4888      	ldr	r0, [pc, #544]	@ (3418f220 <_vfiprintf_r+0xf34>)
3418f000:	ad44      	add	r5, sp, #272	@ 0x110
3418f002:	f003 010f 	and.w	r1, r3, #15
3418f006:	091b      	lsrs	r3, r3, #4
3418f008:	5c41      	ldrb	r1, [r0, r1]
3418f00a:	ea43 7302 	orr.w	r3, r3, r2, lsl #28
3418f00e:	0912      	lsrs	r2, r2, #4
3418f010:	f805 1d01 	strb.w	r1, [r5, #-1]!
3418f014:	ea53 0102 	orrs.w	r1, r3, r2
3418f018:	d1f3      	bne.n	3418f002 <_vfiprintf_r+0xd16>
3418f01a:	ab44      	add	r3, sp, #272	@ 0x110
3418f01c:	9a06      	ldr	r2, [sp, #24]
3418f01e:	1b5b      	subs	r3, r3, r5
3418f020:	429a      	cmp	r2, r3
3418f022:	930a      	str	r3, [sp, #40]	@ 0x28
3418f024:	bfb8      	it	lt
3418f026:	461a      	movlt	r2, r3
3418f028:	9205      	str	r2, [sp, #20]
3418f02a:	2c00      	cmp	r4, #0
3418f02c:	f47f ac84 	bne.w	3418e938 <_vfiprintf_r+0x64c>
3418f030:	e7ca      	b.n	3418efc8 <_vfiprintf_r+0xcdc>
3418f032:	9b0b      	ldr	r3, [sp, #44]	@ 0x2c
3418f034:	2201      	movs	r2, #1
3418f036:	ad2b      	add	r5, sp, #172	@ 0xac
3418f038:	681b      	ldr	r3, [r3, #0]
3418f03a:	9205      	str	r2, [sp, #20]
3418f03c:	f88d 30ac 	strb.w	r3, [sp, #172]	@ 0xac
3418f040:	920a      	str	r2, [sp, #40]	@ 0x28
3418f042:	f7ff bbc7 	b.w	3418e7d4 <_vfiprintf_r+0x4e8>
3418f046:	9b03      	ldr	r3, [sp, #12]
3418f048:	f10a 0a01 	add.w	sl, sl, #1
3418f04c:	f443 7300 	orr.w	r3, r3, #512	@ 0x200
3418f050:	9303      	str	r3, [sp, #12]
3418f052:	f89a 3000 	ldrb.w	r3, [sl]
3418f056:	f7ff b9b5 	b.w	3418e3c4 <_vfiprintf_r+0xd8>
3418f05a:	9b03      	ldr	r3, [sp, #12]
3418f05c:	f10a 0a01 	add.w	sl, sl, #1
3418f060:	f043 0320 	orr.w	r3, r3, #32
3418f064:	9303      	str	r3, [sp, #12]
3418f066:	f89a 3000 	ldrb.w	r3, [sl]
3418f06a:	f7ff b9ab 	b.w	3418e3c4 <_vfiprintf_r+0xd8>
3418f06e:	9b09      	ldr	r3, [sp, #36]	@ 0x24
3418f070:	2208      	movs	r2, #8
3418f072:	2100      	movs	r1, #0
3418f074:	a816      	add	r0, sp, #88	@ 0x58
3418f076:	9313      	str	r3, [sp, #76]	@ 0x4c
3418f078:	f7f8 f95c 	bl	34187334 <memset>
3418f07c:	9e06      	ldr	r6, [sp, #24]
3418f07e:	2e00      	cmp	r6, #0
3418f080:	f2c0 80df 	blt.w	3418f242 <_vfiprintf_r+0xf56>
3418f084:	2400      	movs	r4, #0
3418f086:	4625      	mov	r5, r4
3418f088:	e00d      	b.n	3418f0a6 <_vfiprintf_r+0xdba>
3418f08a:	a92b      	add	r1, sp, #172	@ 0xac
3418f08c:	4658      	mov	r0, fp
3418f08e:	f7fd fb2f 	bl	3418c6f0 <_wcrtomb_r>
3418f092:	1c43      	adds	r3, r0, #1
3418f094:	f104 0404 	add.w	r4, r4, #4
3418f098:	4428      	add	r0, r5
3418f09a:	f000 8196 	beq.w	3418f3ca <_vfiprintf_r+0x10de>
3418f09e:	42b0      	cmp	r0, r6
3418f0a0:	dc06      	bgt.n	3418f0b0 <_vfiprintf_r+0xdc4>
3418f0a2:	d006      	beq.n	3418f0b2 <_vfiprintf_r+0xdc6>
3418f0a4:	4605      	mov	r5, r0
3418f0a6:	9a13      	ldr	r2, [sp, #76]	@ 0x4c
3418f0a8:	ab16      	add	r3, sp, #88	@ 0x58
3418f0aa:	5912      	ldr	r2, [r2, r4]
3418f0ac:	2a00      	cmp	r2, #0
3418f0ae:	d1ec      	bne.n	3418f08a <_vfiprintf_r+0xd9e>
3418f0b0:	9506      	str	r5, [sp, #24]
3418f0b2:	9b06      	ldr	r3, [sp, #24]
3418f0b4:	2b00      	cmp	r3, #0
3418f0b6:	f000 80d3 	beq.w	3418f260 <_vfiprintf_r+0xf74>
3418f0ba:	2b63      	cmp	r3, #99	@ 0x63
3418f0bc:	f300 810c 	bgt.w	3418f2d8 <_vfiprintf_r+0xfec>
3418f0c0:	2300      	movs	r3, #0
3418f0c2:	ad2b      	add	r5, sp, #172	@ 0xac
3418f0c4:	9309      	str	r3, [sp, #36]	@ 0x24
3418f0c6:	2208      	movs	r2, #8
3418f0c8:	2100      	movs	r1, #0
3418f0ca:	a816      	add	r0, sp, #88	@ 0x58
3418f0cc:	f7f8 f932 	bl	34187334 <memset>
3418f0d0:	9c06      	ldr	r4, [sp, #24]
3418f0d2:	ab16      	add	r3, sp, #88	@ 0x58
3418f0d4:	aa13      	add	r2, sp, #76	@ 0x4c
3418f0d6:	4629      	mov	r1, r5
3418f0d8:	4658      	mov	r0, fp
3418f0da:	9300      	str	r3, [sp, #0]
3418f0dc:	4623      	mov	r3, r4
3418f0de:	f7fd fb2f 	bl	3418c740 <_wcsrtombs_r>
3418f0e2:	4284      	cmp	r4, r0
3418f0e4:	f040 81c3 	bne.w	3418f46e <_vfiprintf_r+0x1182>
3418f0e8:	9906      	ldr	r1, [sp, #24]
3418f0ea:	2300      	movs	r3, #0
3418f0ec:	ea21 70e1 	bic.w	r0, r1, r1, asr #31
3418f0f0:	546b      	strb	r3, [r5, r1]
3418f0f2:	f89d 2043 	ldrb.w	r2, [sp, #67]	@ 0x43
3418f0f6:	9005      	str	r0, [sp, #20]
3418f0f8:	2a00      	cmp	r2, #0
3418f0fa:	f040 815c 	bne.w	3418f3b6 <_vfiprintf_r+0x10ca>
3418f0fe:	9206      	str	r2, [sp, #24]
3418f100:	e9cd 180a 	strd	r1, r8, [sp, #40]	@ 0x28
3418f104:	f7ff ba6b 	b.w	3418e5de <_vfiprintf_r+0x2f2>
3418f108:	9a03      	ldr	r2, [sp, #12]
3418f10a:	f412 7800 	ands.w	r8, r2, #512	@ 0x200
3418f10e:	f040 80b3 	bne.w	3418f278 <_vfiprintf_r+0xf8c>
3418f112:	9b06      	ldr	r3, [sp, #24]
3418f114:	f88d 8043 	strb.w	r8, [sp, #67]	@ 0x43
3418f118:	2b00      	cmp	r3, #0
3418f11a:	f6bf abd6 	bge.w	3418e8ca <_vfiprintf_r+0x5de>
3418f11e:	910b      	str	r1, [sp, #44]	@ 0x2c
3418f120:	e456      	b.n	3418e9d0 <_vfiprintf_r+0x6e4>
3418f122:	9c08      	ldr	r4, [sp, #32]
3418f124:	9e05      	ldr	r6, [sp, #20]
3418f126:	f8cd 8024 	str.w	r8, [sp, #36]	@ 0x24
3418f12a:	1ba4      	subs	r4, r4, r6
3418f12c:	2c00      	cmp	r4, #0
3418f12e:	f77f aa7d 	ble.w	3418e62c <_vfiprintf_r+0x340>
3418f132:	2202      	movs	r2, #2
3418f134:	920c      	str	r2, [sp, #48]	@ 0x30
3418f136:	e674      	b.n	3418ee22 <_vfiprintf_r+0xb36>
3418f138:	9a0b      	ldr	r2, [sp, #44]	@ 0x2c
3418f13a:	f852 3b04 	ldr.w	r3, [r2], #4
3418f13e:	920b      	str	r2, [sp, #44]	@ 0x2c
3418f140:	9a03      	ldr	r2, [sp, #12]
3418f142:	06d4      	lsls	r4, r2, #27
3418f144:	d408      	bmi.n	3418f158 <_vfiprintf_r+0xe6c>
3418f146:	0652      	lsls	r2, r2, #25
3418f148:	d502      	bpl.n	3418f150 <_vfiprintf_r+0xe64>
3418f14a:	b29b      	uxth	r3, r3
3418f14c:	2200      	movs	r2, #0
3418f14e:	e71b      	b.n	3418ef88 <_vfiprintf_r+0xc9c>
3418f150:	9a03      	ldr	r2, [sp, #12]
3418f152:	0596      	lsls	r6, r2, #22
3418f154:	f100 80a0 	bmi.w	3418f298 <_vfiprintf_r+0xfac>
3418f158:	2200      	movs	r2, #0
3418f15a:	e715      	b.n	3418ef88 <_vfiprintf_r+0xc9c>
3418f15c:	f421 6180 	bic.w	r1, r1, #1024	@ 0x400
3418f160:	9103      	str	r1, [sp, #12]
3418f162:	e74d      	b.n	3418f000 <_vfiprintf_r+0xd14>
3418f164:	aa18      	add	r2, sp, #96	@ 0x60
3418f166:	9904      	ldr	r1, [sp, #16]
3418f168:	4658      	mov	r0, fp
3418f16a:	f7fd f801 	bl	3418c170 <__sprint_r>
3418f16e:	4680      	mov	r8, r0
3418f170:	2800      	cmp	r0, #0
3418f172:	f47f aa04 	bne.w	3418e57e <_vfiprintf_r+0x292>
3418f176:	f89d 3043 	ldrb.w	r3, [sp, #67]	@ 0x43
3418f17a:	e9dd 2119 	ldrd	r2, r1, [sp, #100]	@ 0x64
3418f17e:	2b00      	cmp	r3, #0
3418f180:	d15b      	bne.n	3418f23a <_vfiprintf_r+0xf4e>
3418f182:	9b0c      	ldr	r3, [sp, #48]	@ 0x30
3418f184:	f10d 096c 	add.w	r9, sp, #108	@ 0x6c
3418f188:	2b00      	cmp	r3, #0
3418f18a:	f47f aa4f 	bne.w	3418e62c <_vfiprintf_r+0x340>
3418f18e:	f7ff ba61 	b.w	3418e654 <_vfiprintf_r+0x368>
3418f192:	f88d 1045 	strb.w	r1, [sp, #69]	@ 0x45
3418f196:	2130      	movs	r1, #48	@ 0x30
3418f198:	2402      	movs	r4, #2
3418f19a:	f88d 1044 	strb.w	r1, [sp, #68]	@ 0x44
3418f19e:	2100      	movs	r1, #0
3418f1a0:	f88d 1043 	strb.w	r1, [sp, #67]	@ 0x43
3418f1a4:	9906      	ldr	r1, [sp, #24]
3418f1a6:	2900      	cmp	r1, #0
3418f1a8:	9903      	ldr	r1, [sp, #12]
3418f1aa:	bfb4      	ite	lt
3418f1ac:	f421 6180 	biclt.w	r1, r1, #1024	@ 0x400
3418f1b0:	f421 6190 	bicge.w	r1, r1, #1152	@ 0x480
3418f1b4:	f041 0102 	orr.w	r1, r1, #2
3418f1b8:	9103      	str	r1, [sp, #12]
3418f1ba:	e721      	b.n	3418f000 <_vfiprintf_r+0xd14>
3418f1bc:	4658      	mov	r0, fp
3418f1be:	f7f8 f88f 	bl	341872e0 <__sinit>
3418f1c2:	f7ff b8a9 	b.w	3418e318 <_vfiprintf_r+0x2c>
3418f1c6:	aa18      	add	r2, sp, #96	@ 0x60
3418f1c8:	9904      	ldr	r1, [sp, #16]
3418f1ca:	4658      	mov	r0, fp
3418f1cc:	f7fc ffd0 	bl	3418c170 <__sprint_r>
3418f1d0:	2800      	cmp	r0, #0
3418f1d2:	f47f a9d4 	bne.w	3418e57e <_vfiprintf_r+0x292>
3418f1d6:	f10d 096c 	add.w	r9, sp, #108	@ 0x6c
3418f1da:	e9dd 2119 	ldrd	r2, r1, [sp, #100]	@ 0x64
3418f1de:	f7ff ba39 	b.w	3418e654 <_vfiprintf_r+0x368>
3418f1e2:	9a0b      	ldr	r2, [sp, #44]	@ 0x2c
3418f1e4:	9907      	ldr	r1, [sp, #28]
3418f1e6:	6812      	ldr	r2, [r2, #0]
3418f1e8:	6011      	str	r1, [r2, #0]
3418f1ea:	f7ff bbd3 	b.w	3418e994 <_vfiprintf_r+0x6a8>
3418f1ee:	9b06      	ldr	r3, [sp, #24]
3418f1f0:	9a09      	ldr	r2, [sp, #36]	@ 0x24
3418f1f2:	2b06      	cmp	r3, #6
3418f1f4:	4d0b      	ldr	r5, [pc, #44]	@ (3418f224 <_vfiprintf_r+0xf38>)
3418f1f6:	f8cd 802c 	str.w	r8, [sp, #44]	@ 0x2c
3418f1fa:	bf28      	it	cs
3418f1fc:	2306      	movcs	r3, #6
3418f1fe:	9206      	str	r2, [sp, #24]
3418f200:	9305      	str	r3, [sp, #20]
3418f202:	930a      	str	r3, [sp, #40]	@ 0x28
3418f204:	f7ff b9eb 	b.w	3418e5de <_vfiprintf_r+0x2f2>
3418f208:	9b03      	ldr	r3, [sp, #12]
3418f20a:	910b      	str	r1, [sp, #44]	@ 0x2c
3418f20c:	059d      	lsls	r5, r3, #22
3418f20e:	d546      	bpl.n	3418f29e <_vfiprintf_r+0xfb2>
3418f210:	f344 18c0 	sbfx	r8, r4, #7, #1
3418f214:	b264      	sxtb	r4, r4
3418f216:	4643      	mov	r3, r8
3418f218:	f7ff ba66 	b.w	3418e6e8 <_vfiprintf_r+0x3fc>
3418f21c:	3418fe98 	.word	0x3418fe98
3418f220:	3418fe84 	.word	0x3418fe84
3418f224:	3418feac 	.word	0x3418feac
3418f228:	9803      	ldr	r0, [sp, #12]
3418f22a:	f410 7200 	ands.w	r2, r0, #512	@ 0x200
3418f22e:	d03b      	beq.n	3418f2a8 <_vfiprintf_r+0xfbc>
3418f230:	b2db      	uxtb	r3, r3
3418f232:	2200      	movs	r2, #0
3418f234:	910b      	str	r1, [sp, #44]	@ 0x2c
3418f236:	f7ff bb02 	b.w	3418e83e <_vfiprintf_r+0x552>
3418f23a:	f10d 096c 	add.w	r9, sp, #108	@ 0x6c
3418f23e:	f7ff b9e3 	b.w	3418e608 <_vfiprintf_r+0x31c>
3418f242:	ab16      	add	r3, sp, #88	@ 0x58
3418f244:	aa13      	add	r2, sp, #76	@ 0x4c
3418f246:	4658      	mov	r0, fp
3418f248:	9300      	str	r3, [sp, #0]
3418f24a:	2300      	movs	r3, #0
3418f24c:	4619      	mov	r1, r3
3418f24e:	f7fd fa77 	bl	3418c740 <_wcsrtombs_r>
3418f252:	9006      	str	r0, [sp, #24]
3418f254:	3001      	adds	r0, #1
3418f256:	f000 80b8 	beq.w	3418f3ca <_vfiprintf_r+0x10de>
3418f25a:	9b09      	ldr	r3, [sp, #36]	@ 0x24
3418f25c:	9313      	str	r3, [sp, #76]	@ 0x4c
3418f25e:	e728      	b.n	3418f0b2 <_vfiprintf_r+0xdc6>
3418f260:	f89d 3043 	ldrb.w	r3, [sp, #67]	@ 0x43
3418f264:	9d09      	ldr	r5, [sp, #36]	@ 0x24
3418f266:	3b00      	subs	r3, #0
3418f268:	f8cd 802c 	str.w	r8, [sp, #44]	@ 0x2c
3418f26c:	bf18      	it	ne
3418f26e:	2301      	movne	r3, #1
3418f270:	9305      	str	r3, [sp, #20]
3418f272:	9b06      	ldr	r3, [sp, #24]
3418f274:	930a      	str	r3, [sp, #40]	@ 0x28
3418f276:	e6a7      	b.n	3418efc8 <_vfiprintf_r+0xcdc>
3418f278:	f04f 0800 	mov.w	r8, #0
3418f27c:	f88d 3043 	strb.w	r3, [sp, #67]	@ 0x43
3418f280:	9b06      	ldr	r3, [sp, #24]
3418f282:	b2e4      	uxtb	r4, r4
3418f284:	4543      	cmp	r3, r8
3418f286:	f6bf ab20 	bge.w	3418e8ca <_vfiprintf_r+0x5de>
3418f28a:	e748      	b.n	3418f11e <_vfiprintf_r+0xe32>
3418f28c:	9a0b      	ldr	r2, [sp, #44]	@ 0x2c
3418f28e:	9907      	ldr	r1, [sp, #28]
3418f290:	6812      	ldr	r2, [r2, #0]
3418f292:	8011      	strh	r1, [r2, #0]
3418f294:	f7ff bb7e 	b.w	3418e994 <_vfiprintf_r+0x6a8>
3418f298:	b2db      	uxtb	r3, r3
3418f29a:	2200      	movs	r2, #0
3418f29c:	e674      	b.n	3418ef88 <_vfiprintf_r+0xc9c>
3418f29e:	ea4f 78e4 	mov.w	r8, r4, asr #31
3418f2a2:	4643      	mov	r3, r8
3418f2a4:	f7ff ba20 	b.w	3418e6e8 <_vfiprintf_r+0x3fc>
3418f2a8:	9803      	ldr	r0, [sp, #12]
3418f2aa:	910b      	str	r1, [sp, #44]	@ 0x2c
3418f2ac:	f7ff bac7 	b.w	3418e83e <_vfiprintf_r+0x552>
3418f2b0:	9d09      	ldr	r5, [sp, #36]	@ 0x24
3418f2b2:	4628      	mov	r0, r5
3418f2b4:	f7f8 f960 	bl	34187578 <strlen>
3418f2b8:	f89d 3043 	ldrb.w	r3, [sp, #67]	@ 0x43
3418f2bc:	ea20 72e0 	bic.w	r2, r0, r0, asr #31
3418f2c0:	900a      	str	r0, [sp, #40]	@ 0x28
3418f2c2:	9205      	str	r2, [sp, #20]
3418f2c4:	2b00      	cmp	r3, #0
3418f2c6:	f47f aa63 	bne.w	3418e790 <_vfiprintf_r+0x4a4>
3418f2ca:	9d09      	ldr	r5, [sp, #36]	@ 0x24
3418f2cc:	9306      	str	r3, [sp, #24]
3418f2ce:	f8cd 802c 	str.w	r8, [sp, #44]	@ 0x2c
3418f2d2:	9309      	str	r3, [sp, #36]	@ 0x24
3418f2d4:	f7ff b983 	b.w	3418e5de <_vfiprintf_r+0x2f2>
3418f2d8:	1c59      	adds	r1, r3, #1
3418f2da:	4658      	mov	r0, fp
3418f2dc:	f7f7 fab2 	bl	34186844 <_malloc_r>
3418f2e0:	4605      	mov	r5, r0
3418f2e2:	2800      	cmp	r0, #0
3418f2e4:	d071      	beq.n	3418f3ca <_vfiprintf_r+0x10de>
3418f2e6:	9009      	str	r0, [sp, #36]	@ 0x24
3418f2e8:	e6ed      	b.n	3418f0c6 <_vfiprintf_r+0xdda>
3418f2ea:	6d88      	ldr	r0, [r1, #88]	@ 0x58
3418f2ec:	f7f8 f8cc 	bl	34187488 <__retarget_lock_release_recursive>
3418f2f0:	f7ff b901 	b.w	3418e4f6 <_vfiprintf_r+0x20a>
3418f2f4:	9a0e      	ldr	r2, [sp, #56]	@ 0x38
3418f2f6:	990f      	ldr	r1, [sp, #60]	@ 0x3c
3418f2f8:	eba5 0902 	sub.w	r9, r5, r2
3418f2fc:	4648      	mov	r0, r9
3418f2fe:	f7fd f91f 	bl	3418c540 <strncpy>
3418f302:	f89a 3001 	ldrb.w	r3, [sl, #1]
3418f306:	b10b      	cbz	r3, 3418f30c <_vfiprintf_r+0x1020>
3418f308:	f10a 0a01 	add.w	sl, sl, #1
3418f30c:	eb14 0308 	adds.w	r3, r4, r8
3418f310:	4a5e      	ldr	r2, [pc, #376]	@ (3418f48c <_vfiprintf_r+0x11a0>)
3418f312:	f04f 31cc 	mov.w	r1, #3435973836	@ 0xcccccccc
3418f316:	f04f 0e01 	mov.w	lr, #1
3418f31a:	f143 0300 	adc.w	r3, r3, #0
3418f31e:	f109 35ff 	add.w	r5, r9, #4294967295	@ 0xffffffff
3418f322:	fba2 0c03 	umull	r0, ip, r2, r3
3418f326:	f02c 0003 	bic.w	r0, ip, #3
3418f32a:	eb00 009c 	add.w	r0, r0, ip, lsr #2
3418f32e:	1a1b      	subs	r3, r3, r0
3418f330:	1ae3      	subs	r3, r4, r3
3418f332:	f168 0800 	sbc.w	r8, r8, #0
3418f336:	fb03 f101 	mul.w	r1, r3, r1
3418f33a:	fba3 3002 	umull	r3, r0, r3, r2
3418f33e:	fb02 1108 	mla	r1, r2, r8, r1
3418f342:	fa23 f30e 	lsr.w	r3, r3, lr
3418f346:	4401      	add	r1, r0
3418f348:	ea43 74c1 	orr.w	r4, r3, r1, lsl #31
3418f34c:	fa21 f80e 	lsr.w	r8, r1, lr
3418f350:	eb14 0308 	adds.w	r3, r4, r8
3418f354:	f143 0300 	adc.w	r3, r3, #0
3418f358:	fba2 1003 	umull	r1, r0, r2, r3
3418f35c:	f020 0103 	bic.w	r1, r0, #3
3418f360:	eb01 0190 	add.w	r1, r1, r0, lsr #2
3418f364:	1a5b      	subs	r3, r3, r1
3418f366:	1ae3      	subs	r3, r4, r3
3418f368:	fba3 3102 	umull	r3, r1, r3, r2
3418f36c:	f168 0000 	sbc.w	r0, r8, #0
3418f370:	fa23 f30e 	lsr.w	r3, r3, lr
3418f374:	fb02 1200 	mla	r2, r2, r0, r1
3418f378:	ea43 73c2 	orr.w	r3, r3, r2, lsl #31
3418f37c:	eb03 0383 	add.w	r3, r3, r3, lsl #2
3418f380:	eba4 0343 	sub.w	r3, r4, r3, lsl #1
3418f384:	3330      	adds	r3, #48	@ 0x30
3418f386:	f809 3c01 	strb.w	r3, [r9, #-1]
3418f38a:	e437      	b.n	3418ebfc <_vfiprintf_r+0x910>
3418f38c:	f8df 8104 	ldr.w	r8, [pc, #260]	@ 3418f494 <_vfiprintf_r+0x11a8>
3418f390:	e574      	b.n	3418ee7c <_vfiprintf_r+0xb90>
3418f392:	2300      	movs	r3, #0
3418f394:	4682      	mov	sl, r0
3418f396:	9306      	str	r3, [sp, #24]
3418f398:	f7ff b817 	b.w	3418e3ca <_vfiprintf_r+0xde>
3418f39c:	aa18      	add	r2, sp, #96	@ 0x60
3418f39e:	9904      	ldr	r1, [sp, #16]
3418f3a0:	4658      	mov	r0, fp
3418f3a2:	f7fc fee5 	bl	3418c170 <__sprint_r>
3418f3a6:	2800      	cmp	r0, #0
3418f3a8:	f43f a8d2 	beq.w	3418e550 <_vfiprintf_r+0x264>
3418f3ac:	f7ff b8ed 	b.w	3418e58a <_vfiprintf_r+0x29e>
3418f3b0:	f8df 80e0 	ldr.w	r8, [pc, #224]	@ 3418f494 <_vfiprintf_r+0x11a8>
3418f3b4:	e4fd      	b.n	3418edb2 <_vfiprintf_r+0xac6>
3418f3b6:	9a06      	ldr	r2, [sp, #24]
3418f3b8:	f8cd 802c 	str.w	r8, [sp, #44]	@ 0x2c
3418f3bc:	920a      	str	r2, [sp, #40]	@ 0x28
3418f3be:	9a05      	ldr	r2, [sp, #20]
3418f3c0:	9306      	str	r3, [sp, #24]
3418f3c2:	3201      	adds	r2, #1
3418f3c4:	9205      	str	r2, [sp, #20]
3418f3c6:	f7ff b9ae 	b.w	3418e726 <_vfiprintf_r+0x43a>
3418f3ca:	9804      	ldr	r0, [sp, #16]
3418f3cc:	f9b0 300c 	ldrsh.w	r3, [r0, #12]
3418f3d0:	6e42      	ldr	r2, [r0, #100]	@ 0x64
3418f3d2:	f043 0140 	orr.w	r1, r3, #64	@ 0x40
3418f3d6:	8181      	strh	r1, [r0, #12]
3418f3d8:	07d0      	lsls	r0, r2, #31
3418f3da:	d504      	bpl.n	3418f3e6 <_vfiprintf_r+0x10fa>
3418f3dc:	f04f 33ff 	mov.w	r3, #4294967295	@ 0xffffffff
3418f3e0:	9307      	str	r3, [sp, #28]
3418f3e2:	f7ff b8dd 	b.w	3418e5a0 <_vfiprintf_r+0x2b4>
3418f3e6:	0599      	lsls	r1, r3, #22
3418f3e8:	d4f8      	bmi.n	3418f3dc <_vfiprintf_r+0x10f0>
3418f3ea:	f7ff b969 	b.w	3418e6c0 <_vfiprintf_r+0x3d4>
3418f3ee:	b15b      	cbz	r3, 3418f408 <_vfiprintf_r+0x111c>
3418f3f0:	9b06      	ldr	r3, [sp, #24]
3418f3f2:	f8cd 802c 	str.w	r8, [sp, #44]	@ 0x2c
3418f3f6:	1c5a      	adds	r2, r3, #1
3418f3f8:	930a      	str	r3, [sp, #40]	@ 0x28
3418f3fa:	9006      	str	r0, [sp, #24]
3418f3fc:	9205      	str	r2, [sp, #20]
3418f3fe:	9009      	str	r0, [sp, #36]	@ 0x24
3418f400:	f7ff b991 	b.w	3418e726 <_vfiprintf_r+0x43a>
3418f404:	2400      	movs	r4, #0
3418f406:	e5fb      	b.n	3418f000 <_vfiprintf_r+0xd14>
3418f408:	9a06      	ldr	r2, [sp, #24]
3418f40a:	9309      	str	r3, [sp, #36]	@ 0x24
3418f40c:	f8cd 802c 	str.w	r8, [sp, #44]	@ 0x2c
3418f410:	920a      	str	r2, [sp, #40]	@ 0x28
3418f412:	e9cd 2305 	strd	r2, r3, [sp, #20]
3418f416:	f7ff b8e2 	b.w	3418e5de <_vfiprintf_r+0x2f2>
3418f41a:	07d7      	lsls	r7, r2, #31
3418f41c:	d4de      	bmi.n	3418f3dc <_vfiprintf_r+0x10f0>
3418f41e:	9b04      	ldr	r3, [sp, #16]
3418f420:	899b      	ldrh	r3, [r3, #12]
3418f422:	059e      	lsls	r6, r3, #22
3418f424:	d4da      	bmi.n	3418f3dc <_vfiprintf_r+0x10f0>
3418f426:	9b04      	ldr	r3, [sp, #16]
3418f428:	6d98      	ldr	r0, [r3, #88]	@ 0x58
3418f42a:	f7f8 f82d 	bl	34187488 <__retarget_lock_release_recursive>
3418f42e:	e7d5      	b.n	3418f3dc <_vfiprintf_r+0x10f0>
3418f430:	2402      	movs	r4, #2
3418f432:	4817      	ldr	r0, [pc, #92]	@ (3418f490 <_vfiprintf_r+0x11a4>)
3418f434:	910b      	str	r1, [sp, #44]	@ 0x2c
3418f436:	e5e3      	b.n	3418f000 <_vfiprintf_r+0xd14>
3418f438:	9a04      	ldr	r2, [sp, #16]
3418f43a:	6e53      	ldr	r3, [r2, #100]	@ 0x64
3418f43c:	07d8      	lsls	r0, r3, #31
3418f43e:	d4cd      	bmi.n	3418f3dc <_vfiprintf_r+0x10f0>
3418f440:	8993      	ldrh	r3, [r2, #12]
3418f442:	0599      	lsls	r1, r3, #22
3418f444:	d4ca      	bmi.n	3418f3dc <_vfiprintf_r+0x10f0>
3418f446:	6d90      	ldr	r0, [r2, #88]	@ 0x58
3418f448:	f7f8 f81e 	bl	34187488 <__retarget_lock_release_recursive>
3418f44c:	e7c6      	b.n	3418f3dc <_vfiprintf_r+0x10f0>
3418f44e:	9a0b      	ldr	r2, [sp, #44]	@ 0x2c
3418f450:	f89a 3001 	ldrb.w	r3, [sl, #1]
3418f454:	4682      	mov	sl, r0
3418f456:	f852 1b04 	ldr.w	r1, [r2], #4
3418f45a:	ea41 71e1 	orr.w	r1, r1, r1, asr #31
3418f45e:	920b      	str	r2, [sp, #44]	@ 0x2c
3418f460:	9106      	str	r1, [sp, #24]
3418f462:	f7fe bfaf 	b.w	3418e3c4 <_vfiprintf_r+0xd8>
3418f466:	f8cd 8024 	str.w	r8, [sp, #36]	@ 0x24
3418f46a:	f7ff b8c0 	b.w	3418e5ee <_vfiprintf_r+0x302>
3418f46e:	9a04      	ldr	r2, [sp, #16]
3418f470:	8993      	ldrh	r3, [r2, #12]
3418f472:	f043 0340 	orr.w	r3, r3, #64	@ 0x40
3418f476:	8193      	strh	r3, [r2, #12]
3418f478:	f7ff b881 	b.w	3418e57e <_vfiprintf_r+0x292>
3418f47c:	9309      	str	r3, [sp, #36]	@ 0x24
3418f47e:	f7ff b8e5 	b.w	3418e64c <_vfiprintf_r+0x360>
3418f482:	9a03      	ldr	r2, [sp, #12]
3418f484:	f7ff ba99 	b.w	3418e9ba <_vfiprintf_r+0x6ce>
3418f488:	4610      	mov	r0, r2
3418f48a:	e53b      	b.n	3418ef04 <_vfiprintf_r+0xc18>
3418f48c:	cccccccd 	.word	0xcccccccd
3418f490:	3418fe84 	.word	0x3418fe84
3418f494:	34190370 	.word	0x34190370

3418f498 <__sbprintf>:
3418f498:	b5f0      	push	{r4, r5, r6, r7, lr}
3418f49a:	460d      	mov	r5, r1
3418f49c:	f2ad 4d74 	subw	sp, sp, #1140	@ 0x474
3418f4a0:	4616      	mov	r6, r2
3418f4a2:	8989      	ldrh	r1, [r1, #12]
3418f4a4:	6e6a      	ldr	r2, [r5, #100]	@ 0x64
3418f4a6:	4607      	mov	r7, r0
3418f4a8:	f021 0102 	bic.w	r1, r1, #2
3418f4ac:	a818      	add	r0, sp, #96	@ 0x60
3418f4ae:	921b      	str	r2, [sp, #108]	@ 0x6c
3418f4b0:	89ea      	ldrh	r2, [r5, #14]
3418f4b2:	f8ad 1014 	strh.w	r1, [sp, #20]
3418f4b6:	a91c      	add	r1, sp, #112	@ 0x70
3418f4b8:	f8ad 2016 	strh.w	r2, [sp, #22]
3418f4bc:	69ea      	ldr	r2, [r5, #28]
3418f4be:	9102      	str	r1, [sp, #8]
3418f4c0:	9209      	str	r2, [sp, #36]	@ 0x24
3418f4c2:	6a6a      	ldr	r2, [r5, #36]	@ 0x24
3418f4c4:	9106      	str	r1, [sp, #24]
3418f4c6:	f44f 6180 	mov.w	r1, #1024	@ 0x400
3418f4ca:	920b      	str	r2, [sp, #44]	@ 0x2c
3418f4cc:	2200      	movs	r2, #0
3418f4ce:	9301      	str	r3, [sp, #4]
3418f4d0:	9104      	str	r1, [sp, #16]
3418f4d2:	9107      	str	r1, [sp, #28]
3418f4d4:	9208      	str	r2, [sp, #32]
3418f4d6:	f7f7 ffd1 	bl	3418747c <__retarget_lock_init_recursive>
3418f4da:	4632      	mov	r2, r6
3418f4dc:	9b01      	ldr	r3, [sp, #4]
3418f4de:	a902      	add	r1, sp, #8
3418f4e0:	4638      	mov	r0, r7
3418f4e2:	f7fe ff03 	bl	3418e2ec <_vfiprintf_r>
3418f4e6:	1e06      	subs	r6, r0, #0
3418f4e8:	db07      	blt.n	3418f4fa <__sbprintf+0x62>
3418f4ea:	a902      	add	r1, sp, #8
3418f4ec:	4638      	mov	r0, r7
3418f4ee:	f7f7 fd9f 	bl	34187030 <_fflush_r>
3418f4f2:	2800      	cmp	r0, #0
3418f4f4:	bf18      	it	ne
3418f4f6:	f04f 36ff 	movne.w	r6, #4294967295	@ 0xffffffff
3418f4fa:	f8bd 3014 	ldrh.w	r3, [sp, #20]
3418f4fe:	065b      	lsls	r3, r3, #25
3418f500:	d503      	bpl.n	3418f50a <__sbprintf+0x72>
3418f502:	89ab      	ldrh	r3, [r5, #12]
3418f504:	f043 0340 	orr.w	r3, r3, #64	@ 0x40
3418f508:	81ab      	strh	r3, [r5, #12]
3418f50a:	9818      	ldr	r0, [sp, #96]	@ 0x60
3418f50c:	f7f7 ffb8 	bl	34187480 <__retarget_lock_close_recursive>
3418f510:	4630      	mov	r0, r6
3418f512:	f20d 4d74 	addw	sp, sp, #1140	@ 0x474
3418f516:	bdf0      	pop	{r4, r5, r6, r7, pc}

3418f518 <abort>:
3418f518:	2006      	movs	r0, #6
3418f51a:	b508      	push	{r3, lr}
3418f51c:	f000 f804 	bl	3418f528 <raise>
3418f520:	2001      	movs	r0, #1
3418f522:	f000 fa65 	bl	3418f9f0 <_exit>
3418f526:	bf00      	nop

3418f528 <raise>:
3418f528:	4b17      	ldr	r3, [pc, #92]	@ (3418f588 <raise+0x60>)
3418f52a:	281f      	cmp	r0, #31
3418f52c:	b510      	push	{r4, lr}
3418f52e:	681c      	ldr	r4, [r3, #0]
3418f530:	b082      	sub	sp, #8
3418f532:	d823      	bhi.n	3418f57c <raise+0x54>
3418f534:	f8d4 11f8 	ldr.w	r1, [r4, #504]	@ 0x1f8
3418f538:	4602      	mov	r2, r0
3418f53a:	b171      	cbz	r1, 3418f55a <raise+0x32>
3418f53c:	f851 3020 	ldr.w	r3, [r1, r0, lsl #2]
3418f540:	b15b      	cbz	r3, 3418f55a <raise+0x32>
3418f542:	2b01      	cmp	r3, #1
3418f544:	d006      	beq.n	3418f554 <raise+0x2c>
3418f546:	f1b3 3fff 	cmp.w	r3, #4294967295	@ 0xffffffff
3418f54a:	d012      	beq.n	3418f572 <raise+0x4a>
3418f54c:	2400      	movs	r4, #0
3418f54e:	f841 4020 	str.w	r4, [r1, r0, lsl #2]
3418f552:	4798      	blx	r3
3418f554:	2000      	movs	r0, #0
3418f556:	b002      	add	sp, #8
3418f558:	bd10      	pop	{r4, pc}
3418f55a:	4620      	mov	r0, r4
3418f55c:	9201      	str	r2, [sp, #4]
3418f55e:	f000 f829 	bl	3418f5b4 <_getpid_r>
3418f562:	9a01      	ldr	r2, [sp, #4]
3418f564:	4601      	mov	r1, r0
3418f566:	4620      	mov	r0, r4
3418f568:	b002      	add	sp, #8
3418f56a:	e8bd 4010 	ldmia.w	sp!, {r4, lr}
3418f56e:	f000 b80d 	b.w	3418f58c <_kill_r>
3418f572:	2316      	movs	r3, #22
3418f574:	2001      	movs	r0, #1
3418f576:	6023      	str	r3, [r4, #0]
3418f578:	b002      	add	sp, #8
3418f57a:	bd10      	pop	{r4, pc}
3418f57c:	2316      	movs	r3, #22
3418f57e:	f04f 30ff 	mov.w	r0, #4294967295	@ 0xffffffff
3418f582:	6023      	str	r3, [r4, #0]
3418f584:	e7e7      	b.n	3418f556 <raise+0x2e>
3418f586:	bf00      	nop
3418f588:	341c0434 	.word	0x341c0434

3418f58c <_kill_r>:
3418f58c:	b538      	push	{r3, r4, r5, lr}
3418f58e:	2300      	movs	r3, #0
3418f590:	4c07      	ldr	r4, [pc, #28]	@ (3418f5b0 <_kill_r+0x24>)
3418f592:	4605      	mov	r5, r0
3418f594:	4608      	mov	r0, r1
3418f596:	4611      	mov	r1, r2
3418f598:	6023      	str	r3, [r4, #0]
3418f59a:	f000 fa19 	bl	3418f9d0 <_kill>
3418f59e:	1c43      	adds	r3, r0, #1
3418f5a0:	d000      	beq.n	3418f5a4 <_kill_r+0x18>
3418f5a2:	bd38      	pop	{r3, r4, r5, pc}
3418f5a4:	6823      	ldr	r3, [r4, #0]
3418f5a6:	2b00      	cmp	r3, #0
3418f5a8:	d0fb      	beq.n	3418f5a2 <_kill_r+0x16>
3418f5aa:	602b      	str	r3, [r5, #0]
3418f5ac:	bd38      	pop	{r3, r4, r5, pc}
3418f5ae:	bf00      	nop
3418f5b0:	341c31e0 	.word	0x341c31e0

3418f5b4 <_getpid_r>:
3418f5b4:	f000 b9fc 	b.w	3418f9b0 <_getpid>

3418f5b8 <sqrt>:
3418f5b8:	b500      	push	{lr}
3418f5ba:	ed2d 8b02 	vpush	{d8}
3418f5be:	eeb0 8b40 	vmov.f64	d8, d0
3418f5c2:	b083      	sub	sp, #12
3418f5c4:	f000 f824 	bl	3418f610 <__ieee754_sqrt>
3418f5c8:	eeb4 8b48 	vcmp.f64	d8, d8
3418f5cc:	eef1 fa10 	vmrs	APSR_nzcv, fpscr
3418f5d0:	d606      	bvs.n	3418f5e0 <sqrt+0x28>
3418f5d2:	ed9f 7b0d 	vldr	d7, [pc, #52]	@ 3418f608 <sqrt+0x50>
3418f5d6:	eeb4 8bc7 	vcmpe.f64	d8, d7
3418f5da:	eef1 fa10 	vmrs	APSR_nzcv, fpscr
3418f5de:	d403      	bmi.n	3418f5e8 <sqrt+0x30>
3418f5e0:	b003      	add	sp, #12
3418f5e2:	ecbd 8b02 	vpop	{d8}
3418f5e6:	bd00      	pop	{pc}
3418f5e8:	ed8d 7b00 	vstr	d7, [sp]
3418f5ec:	f7f7 fef8 	bl	341873e0 <__errno>
3418f5f0:	2321      	movs	r3, #33	@ 0x21
3418f5f2:	ed9d 7b00 	vldr	d7, [sp]
3418f5f6:	6003      	str	r3, [r0, #0]
3418f5f8:	ee87 0b07 	vdiv.f64	d0, d7, d7
3418f5fc:	b003      	add	sp, #12
3418f5fe:	ecbd 8b02 	vpop	{d8}
3418f602:	bd00      	pop	{pc}
3418f604:	f3af 8000 	nop.w
	...

3418f610 <__ieee754_sqrt>:
3418f610:	eeb1 0bc0 	vsqrt.f64	d0, d0
3418f614:	4770      	bx	lr
3418f616:	bf00      	nop

3418f618 <__aeabi_drsub>:
3418f618:	f081 4100 	eor.w	r1, r1, #2147483648	@ 0x80000000
3418f61c:	e002      	b.n	3418f624 <__adddf3>
3418f61e:	bf00      	nop

3418f620 <__aeabi_dsub>:
3418f620:	f083 4300 	eor.w	r3, r3, #2147483648	@ 0x80000000

3418f624 <__adddf3>:
3418f624:	b530      	push	{r4, r5, lr}
3418f626:	ea4f 0441 	mov.w	r4, r1, lsl #1
3418f62a:	ea4f 0543 	mov.w	r5, r3, lsl #1
3418f62e:	ea94 0f05 	teq	r4, r5
3418f632:	bf08      	it	eq
3418f634:	ea90 0f02 	teqeq	r0, r2
3418f638:	bf1f      	itttt	ne
3418f63a:	ea54 0c00 	orrsne.w	ip, r4, r0
3418f63e:	ea55 0c02 	orrsne.w	ip, r5, r2
3418f642:	ea7f 5c64 	mvnsne.w	ip, r4, asr #21
3418f646:	ea7f 5c65 	mvnsne.w	ip, r5, asr #21
3418f64a:	f000 80e2 	beq.w	3418f812 <__adddf3+0x1ee>
3418f64e:	ea4f 5454 	mov.w	r4, r4, lsr #21
3418f652:	ebd4 5555 	rsbs	r5, r4, r5, lsr #21
3418f656:	bfb8      	it	lt
3418f658:	426d      	neglt	r5, r5
3418f65a:	dd0c      	ble.n	3418f676 <__adddf3+0x52>
3418f65c:	442c      	add	r4, r5
3418f65e:	ea80 0202 	eor.w	r2, r0, r2
3418f662:	ea81 0303 	eor.w	r3, r1, r3
3418f666:	ea82 0000 	eor.w	r0, r2, r0
3418f66a:	ea83 0101 	eor.w	r1, r3, r1
3418f66e:	ea80 0202 	eor.w	r2, r0, r2
3418f672:	ea81 0303 	eor.w	r3, r1, r3
3418f676:	2d36      	cmp	r5, #54	@ 0x36
3418f678:	bf88      	it	hi
3418f67a:	bd30      	pophi	{r4, r5, pc}
3418f67c:	f011 4f00 	tst.w	r1, #2147483648	@ 0x80000000
3418f680:	ea4f 3101 	mov.w	r1, r1, lsl #12
3418f684:	f44f 1c80 	mov.w	ip, #1048576	@ 0x100000
3418f688:	ea4c 3111 	orr.w	r1, ip, r1, lsr #12
3418f68c:	d002      	beq.n	3418f694 <__adddf3+0x70>
3418f68e:	4240      	negs	r0, r0
3418f690:	eb61 0141 	sbc.w	r1, r1, r1, lsl #1
3418f694:	f013 4f00 	tst.w	r3, #2147483648	@ 0x80000000
3418f698:	ea4f 3303 	mov.w	r3, r3, lsl #12
3418f69c:	ea4c 3313 	orr.w	r3, ip, r3, lsr #12
3418f6a0:	d002      	beq.n	3418f6a8 <__adddf3+0x84>
3418f6a2:	4252      	negs	r2, r2
3418f6a4:	eb63 0343 	sbc.w	r3, r3, r3, lsl #1
3418f6a8:	ea94 0f05 	teq	r4, r5
3418f6ac:	f000 80a7 	beq.w	3418f7fe <__adddf3+0x1da>
3418f6b0:	f1a4 0401 	sub.w	r4, r4, #1
3418f6b4:	f1d5 0e20 	rsbs	lr, r5, #32
3418f6b8:	db0d      	blt.n	3418f6d6 <__adddf3+0xb2>
3418f6ba:	fa02 fc0e 	lsl.w	ip, r2, lr
3418f6be:	fa22 f205 	lsr.w	r2, r2, r5
3418f6c2:	1880      	adds	r0, r0, r2
3418f6c4:	f141 0100 	adc.w	r1, r1, #0
3418f6c8:	fa03 f20e 	lsl.w	r2, r3, lr
3418f6cc:	1880      	adds	r0, r0, r2
3418f6ce:	fa43 f305 	asr.w	r3, r3, r5
3418f6d2:	4159      	adcs	r1, r3
3418f6d4:	e00e      	b.n	3418f6f4 <__adddf3+0xd0>
3418f6d6:	f1a5 0520 	sub.w	r5, r5, #32
3418f6da:	f10e 0e20 	add.w	lr, lr, #32
3418f6de:	2a01      	cmp	r2, #1
3418f6e0:	fa03 fc0e 	lsl.w	ip, r3, lr
3418f6e4:	bf28      	it	cs
3418f6e6:	f04c 0c02 	orrcs.w	ip, ip, #2
3418f6ea:	fa43 f305 	asr.w	r3, r3, r5
3418f6ee:	18c0      	adds	r0, r0, r3
3418f6f0:	eb51 71e3 	adcs.w	r1, r1, r3, asr #31
3418f6f4:	f001 4500 	and.w	r5, r1, #2147483648	@ 0x80000000
3418f6f8:	d507      	bpl.n	3418f70a <__adddf3+0xe6>
3418f6fa:	f04f 0e00 	mov.w	lr, #0
3418f6fe:	f1dc 0c00 	rsbs	ip, ip, #0
3418f702:	eb7e 0000 	sbcs.w	r0, lr, r0
3418f706:	eb6e 0101 	sbc.w	r1, lr, r1
3418f70a:	f5b1 1f80 	cmp.w	r1, #1048576	@ 0x100000
3418f70e:	d31b      	bcc.n	3418f748 <__adddf3+0x124>
3418f710:	f5b1 1f00 	cmp.w	r1, #2097152	@ 0x200000
3418f714:	d30c      	bcc.n	3418f730 <__adddf3+0x10c>
3418f716:	0849      	lsrs	r1, r1, #1
3418f718:	ea5f 0030 	movs.w	r0, r0, rrx
3418f71c:	ea4f 0c3c 	mov.w	ip, ip, rrx
3418f720:	f104 0401 	add.w	r4, r4, #1
3418f724:	ea4f 5244 	mov.w	r2, r4, lsl #21
3418f728:	f512 0f80 	cmn.w	r2, #4194304	@ 0x400000
3418f72c:	f080 809a 	bcs.w	3418f864 <__adddf3+0x240>
3418f730:	f1bc 4f00 	cmp.w	ip, #2147483648	@ 0x80000000
3418f734:	bf08      	it	eq
3418f736:	ea5f 0c50 	movseq.w	ip, r0, lsr #1
3418f73a:	f150 0000 	adcs.w	r0, r0, #0
3418f73e:	eb41 5104 	adc.w	r1, r1, r4, lsl #20
3418f742:	ea41 0105 	orr.w	r1, r1, r5
3418f746:	bd30      	pop	{r4, r5, pc}
3418f748:	ea5f 0c4c 	movs.w	ip, ip, lsl #1
3418f74c:	4140      	adcs	r0, r0
3418f74e:	eb41 0101 	adc.w	r1, r1, r1
3418f752:	3c01      	subs	r4, #1
3418f754:	bf28      	it	cs
3418f756:	f5b1 1f80 	cmpcs.w	r1, #1048576	@ 0x100000
3418f75a:	d2e9      	bcs.n	3418f730 <__adddf3+0x10c>
3418f75c:	f091 0f00 	teq	r1, #0
3418f760:	bf04      	itt	eq
3418f762:	4601      	moveq	r1, r0
3418f764:	2000      	moveq	r0, #0
3418f766:	fab1 f381 	clz	r3, r1
3418f76a:	bf08      	it	eq
3418f76c:	3320      	addeq	r3, #32
3418f76e:	f1a3 030b 	sub.w	r3, r3, #11
3418f772:	f1b3 0220 	subs.w	r2, r3, #32
3418f776:	da0c      	bge.n	3418f792 <__adddf3+0x16e>
3418f778:	320c      	adds	r2, #12
3418f77a:	dd08      	ble.n	3418f78e <__adddf3+0x16a>
3418f77c:	f102 0c14 	add.w	ip, r2, #20
3418f780:	f1c2 020c 	rsb	r2, r2, #12
3418f784:	fa01 f00c 	lsl.w	r0, r1, ip
3418f788:	fa21 f102 	lsr.w	r1, r1, r2
3418f78c:	e00c      	b.n	3418f7a8 <__adddf3+0x184>
3418f78e:	f102 0214 	add.w	r2, r2, #20
3418f792:	bfd8      	it	le
3418f794:	f1c2 0c20 	rsble	ip, r2, #32
3418f798:	fa01 f102 	lsl.w	r1, r1, r2
3418f79c:	fa20 fc0c 	lsr.w	ip, r0, ip
3418f7a0:	bfdc      	itt	le
3418f7a2:	ea41 010c 	orrle.w	r1, r1, ip
3418f7a6:	4090      	lslle	r0, r2
3418f7a8:	1ae4      	subs	r4, r4, r3
3418f7aa:	bfa2      	ittt	ge
3418f7ac:	eb01 5104 	addge.w	r1, r1, r4, lsl #20
3418f7b0:	4329      	orrge	r1, r5
3418f7b2:	bd30      	popge	{r4, r5, pc}
3418f7b4:	ea6f 0404 	mvn.w	r4, r4
3418f7b8:	3c1f      	subs	r4, #31
3418f7ba:	da1c      	bge.n	3418f7f6 <__adddf3+0x1d2>
3418f7bc:	340c      	adds	r4, #12
3418f7be:	dc0e      	bgt.n	3418f7de <__adddf3+0x1ba>
3418f7c0:	f104 0414 	add.w	r4, r4, #20
3418f7c4:	f1c4 0220 	rsb	r2, r4, #32
3418f7c8:	fa20 f004 	lsr.w	r0, r0, r4
3418f7cc:	fa01 f302 	lsl.w	r3, r1, r2
3418f7d0:	ea40 0003 	orr.w	r0, r0, r3
3418f7d4:	fa21 f304 	lsr.w	r3, r1, r4
3418f7d8:	ea45 0103 	orr.w	r1, r5, r3
3418f7dc:	bd30      	pop	{r4, r5, pc}
3418f7de:	f1c4 040c 	rsb	r4, r4, #12
3418f7e2:	f1c4 0220 	rsb	r2, r4, #32
3418f7e6:	fa20 f002 	lsr.w	r0, r0, r2
3418f7ea:	fa01 f304 	lsl.w	r3, r1, r4
3418f7ee:	ea40 0003 	orr.w	r0, r0, r3
3418f7f2:	4629      	mov	r1, r5
3418f7f4:	bd30      	pop	{r4, r5, pc}
3418f7f6:	fa21 f004 	lsr.w	r0, r1, r4
3418f7fa:	4629      	mov	r1, r5
3418f7fc:	bd30      	pop	{r4, r5, pc}
3418f7fe:	f094 0f00 	teq	r4, #0
3418f802:	f483 1380 	eor.w	r3, r3, #1048576	@ 0x100000
3418f806:	bf06      	itte	eq
3418f808:	f481 1180 	eoreq.w	r1, r1, #1048576	@ 0x100000
3418f80c:	3401      	addeq	r4, #1
3418f80e:	3d01      	subne	r5, #1
3418f810:	e74e      	b.n	3418f6b0 <__adddf3+0x8c>
3418f812:	ea7f 5c64 	mvns.w	ip, r4, asr #21
3418f816:	bf18      	it	ne
3418f818:	ea7f 5c65 	mvnsne.w	ip, r5, asr #21
3418f81c:	d029      	beq.n	3418f872 <__adddf3+0x24e>
3418f81e:	ea94 0f05 	teq	r4, r5
3418f822:	bf08      	it	eq
3418f824:	ea90 0f02 	teqeq	r0, r2
3418f828:	d005      	beq.n	3418f836 <__adddf3+0x212>
3418f82a:	ea54 0c00 	orrs.w	ip, r4, r0
3418f82e:	bf04      	itt	eq
3418f830:	4619      	moveq	r1, r3
3418f832:	4610      	moveq	r0, r2
3418f834:	bd30      	pop	{r4, r5, pc}
3418f836:	ea91 0f03 	teq	r1, r3
3418f83a:	bf1e      	ittt	ne
3418f83c:	2100      	movne	r1, #0
3418f83e:	2000      	movne	r0, #0
3418f840:	bd30      	popne	{r4, r5, pc}
3418f842:	ea5f 5c54 	movs.w	ip, r4, lsr #21
3418f846:	d105      	bne.n	3418f854 <__adddf3+0x230>
3418f848:	0040      	lsls	r0, r0, #1
3418f84a:	4149      	adcs	r1, r1
3418f84c:	bf28      	it	cs
3418f84e:	f041 4100 	orrcs.w	r1, r1, #2147483648	@ 0x80000000
3418f852:	bd30      	pop	{r4, r5, pc}
3418f854:	f514 0480 	adds.w	r4, r4, #4194304	@ 0x400000
3418f858:	bf3c      	itt	cc
3418f85a:	f501 1180 	addcc.w	r1, r1, #1048576	@ 0x100000
3418f85e:	bd30      	popcc	{r4, r5, pc}
3418f860:	f001 4500 	and.w	r5, r1, #2147483648	@ 0x80000000
3418f864:	f045 41fe 	orr.w	r1, r5, #2130706432	@ 0x7f000000
3418f868:	f441 0170 	orr.w	r1, r1, #15728640	@ 0xf00000
3418f86c:	f04f 0000 	mov.w	r0, #0
3418f870:	bd30      	pop	{r4, r5, pc}
3418f872:	ea7f 5c64 	mvns.w	ip, r4, asr #21
3418f876:	bf1a      	itte	ne
3418f878:	4619      	movne	r1, r3
3418f87a:	4610      	movne	r0, r2
3418f87c:	ea7f 5c65 	mvnseq.w	ip, r5, asr #21
3418f880:	bf1c      	itt	ne
3418f882:	460b      	movne	r3, r1
3418f884:	4602      	movne	r2, r0
3418f886:	ea50 3401 	orrs.w	r4, r0, r1, lsl #12
3418f88a:	bf06      	itte	eq
3418f88c:	ea52 3503 	orrseq.w	r5, r2, r3, lsl #12
3418f890:	ea91 0f03 	teqeq	r1, r3
3418f894:	f441 2100 	orrne.w	r1, r1, #524288	@ 0x80000
3418f898:	bd30      	pop	{r4, r5, pc}
3418f89a:	bf00      	nop

3418f89c <__aeabi_ui2d>:
3418f89c:	f090 0f00 	teq	r0, #0
3418f8a0:	bf04      	itt	eq
3418f8a2:	2100      	moveq	r1, #0
3418f8a4:	4770      	bxeq	lr
3418f8a6:	b530      	push	{r4, r5, lr}
3418f8a8:	f44f 6480 	mov.w	r4, #1024	@ 0x400
3418f8ac:	f104 0432 	add.w	r4, r4, #50	@ 0x32
3418f8b0:	f04f 0500 	mov.w	r5, #0
3418f8b4:	f04f 0100 	mov.w	r1, #0
3418f8b8:	e750      	b.n	3418f75c <__adddf3+0x138>
3418f8ba:	bf00      	nop

3418f8bc <__aeabi_i2d>:
3418f8bc:	f090 0f00 	teq	r0, #0
3418f8c0:	bf04      	itt	eq
3418f8c2:	2100      	moveq	r1, #0
3418f8c4:	4770      	bxeq	lr
3418f8c6:	b530      	push	{r4, r5, lr}
3418f8c8:	f44f 6480 	mov.w	r4, #1024	@ 0x400
3418f8cc:	f104 0432 	add.w	r4, r4, #50	@ 0x32
3418f8d0:	f010 4500 	ands.w	r5, r0, #2147483648	@ 0x80000000
3418f8d4:	bf48      	it	mi
3418f8d6:	4240      	negmi	r0, r0
3418f8d8:	f04f 0100 	mov.w	r1, #0
3418f8dc:	e73e      	b.n	3418f75c <__adddf3+0x138>
3418f8de:	bf00      	nop

3418f8e0 <__aeabi_f2d>:
3418f8e0:	0042      	lsls	r2, r0, #1
3418f8e2:	ea4f 01e2 	mov.w	r1, r2, asr #3
3418f8e6:	ea4f 0131 	mov.w	r1, r1, rrx
3418f8ea:	ea4f 7002 	mov.w	r0, r2, lsl #28
3418f8ee:	bf1f      	itttt	ne
3418f8f0:	f012 437f 	andsne.w	r3, r2, #4278190080	@ 0xff000000
3418f8f4:	f093 4f7f 	teqne	r3, #4278190080	@ 0xff000000
3418f8f8:	f081 5160 	eorne.w	r1, r1, #939524096	@ 0x38000000
3418f8fc:	4770      	bxne	lr
3418f8fe:	f032 427f 	bics.w	r2, r2, #4278190080	@ 0xff000000
3418f902:	bf08      	it	eq
3418f904:	4770      	bxeq	lr
3418f906:	f093 4f7f 	teq	r3, #4278190080	@ 0xff000000
3418f90a:	bf04      	itt	eq
3418f90c:	f441 2100 	orreq.w	r1, r1, #524288	@ 0x80000
3418f910:	4770      	bxeq	lr
3418f912:	b530      	push	{r4, r5, lr}
3418f914:	f44f 7460 	mov.w	r4, #896	@ 0x380
3418f918:	f001 4500 	and.w	r5, r1, #2147483648	@ 0x80000000
3418f91c:	f021 4100 	bic.w	r1, r1, #2147483648	@ 0x80000000
3418f920:	e71c      	b.n	3418f75c <__adddf3+0x138>
3418f922:	bf00      	nop

3418f924 <__aeabi_ul2d>:
3418f924:	ea50 0201 	orrs.w	r2, r0, r1
3418f928:	bf08      	it	eq
3418f92a:	4770      	bxeq	lr
3418f92c:	b530      	push	{r4, r5, lr}
3418f92e:	f04f 0500 	mov.w	r5, #0
3418f932:	e00a      	b.n	3418f94a <__aeabi_l2d+0x16>

3418f934 <__aeabi_l2d>:
3418f934:	ea50 0201 	orrs.w	r2, r0, r1
3418f938:	bf08      	it	eq
3418f93a:	4770      	bxeq	lr
3418f93c:	b530      	push	{r4, r5, lr}
3418f93e:	f011 4500 	ands.w	r5, r1, #2147483648	@ 0x80000000
3418f942:	d502      	bpl.n	3418f94a <__aeabi_l2d+0x16>
3418f944:	4240      	negs	r0, r0
3418f946:	eb61 0141 	sbc.w	r1, r1, r1, lsl #1
3418f94a:	f44f 6480 	mov.w	r4, #1024	@ 0x400
3418f94e:	f104 0432 	add.w	r4, r4, #50	@ 0x32
3418f952:	ea5f 5c91 	movs.w	ip, r1, lsr #22
3418f956:	f43f aed8 	beq.w	3418f70a <__adddf3+0xe6>
3418f95a:	f04f 0203 	mov.w	r2, #3
3418f95e:	ea5f 0cdc 	movs.w	ip, ip, lsr #3
3418f962:	bf18      	it	ne
3418f964:	3203      	addne	r2, #3
3418f966:	ea5f 0cdc 	movs.w	ip, ip, lsr #3
3418f96a:	bf18      	it	ne
3418f96c:	3203      	addne	r2, #3
3418f96e:	eb02 02dc 	add.w	r2, r2, ip, lsr #3
3418f972:	f1c2 0320 	rsb	r3, r2, #32
3418f976:	fa00 fc03 	lsl.w	ip, r0, r3
3418f97a:	fa20 f002 	lsr.w	r0, r0, r2
3418f97e:	fa01 fe03 	lsl.w	lr, r1, r3
3418f982:	ea40 000e 	orr.w	r0, r0, lr
3418f986:	fa21 f102 	lsr.w	r1, r1, r2
3418f98a:	4414      	add	r4, r2
3418f98c:	e6bd      	b.n	3418f70a <__adddf3+0xe6>
3418f98e:	bf00      	nop

3418f990 <_close>:
3418f990:	4b02      	ldr	r3, [pc, #8]	@ (3418f99c <_close+0xc>)
3418f992:	2258      	movs	r2, #88	@ 0x58
3418f994:	f04f 30ff 	mov.w	r0, #4294967295	@ 0xffffffff
3418f998:	601a      	str	r2, [r3, #0]
3418f99a:	4770      	bx	lr
3418f99c:	341c31e0 	.word	0x341c31e0

3418f9a0 <_fstat>:
3418f9a0:	4b02      	ldr	r3, [pc, #8]	@ (3418f9ac <_fstat+0xc>)
3418f9a2:	2258      	movs	r2, #88	@ 0x58
3418f9a4:	f04f 30ff 	mov.w	r0, #4294967295	@ 0xffffffff
3418f9a8:	601a      	str	r2, [r3, #0]
3418f9aa:	4770      	bx	lr
3418f9ac:	341c31e0 	.word	0x341c31e0

3418f9b0 <_getpid>:
3418f9b0:	4b02      	ldr	r3, [pc, #8]	@ (3418f9bc <_getpid+0xc>)
3418f9b2:	2258      	movs	r2, #88	@ 0x58
3418f9b4:	f04f 30ff 	mov.w	r0, #4294967295	@ 0xffffffff
3418f9b8:	601a      	str	r2, [r3, #0]
3418f9ba:	4770      	bx	lr
3418f9bc:	341c31e0 	.word	0x341c31e0

3418f9c0 <_isatty>:
3418f9c0:	4b02      	ldr	r3, [pc, #8]	@ (3418f9cc <_isatty+0xc>)
3418f9c2:	2258      	movs	r2, #88	@ 0x58
3418f9c4:	2000      	movs	r0, #0
3418f9c6:	601a      	str	r2, [r3, #0]
3418f9c8:	4770      	bx	lr
3418f9ca:	bf00      	nop
3418f9cc:	341c31e0 	.word	0x341c31e0

3418f9d0 <_kill>:
3418f9d0:	4b02      	ldr	r3, [pc, #8]	@ (3418f9dc <_kill+0xc>)
3418f9d2:	2258      	movs	r2, #88	@ 0x58
3418f9d4:	f04f 30ff 	mov.w	r0, #4294967295	@ 0xffffffff
3418f9d8:	601a      	str	r2, [r3, #0]
3418f9da:	4770      	bx	lr
3418f9dc:	341c31e0 	.word	0x341c31e0

3418f9e0 <_lseek>:
3418f9e0:	4b02      	ldr	r3, [pc, #8]	@ (3418f9ec <_lseek+0xc>)
3418f9e2:	2258      	movs	r2, #88	@ 0x58
3418f9e4:	f04f 30ff 	mov.w	r0, #4294967295	@ 0xffffffff
3418f9e8:	601a      	str	r2, [r3, #0]
3418f9ea:	4770      	bx	lr
3418f9ec:	341c31e0 	.word	0x341c31e0

3418f9f0 <_exit>:
3418f9f0:	e7fe      	b.n	3418f9f0 <_exit>
3418f9f2:	bf00      	nop

3418f9f4 <_init>:
3418f9f4:	b5f8      	push	{r3, r4, r5, r6, r7, lr}
3418f9f6:	bf00      	nop
3418f9f8:	bcf8      	pop	{r3, r4, r5, r6, r7}
3418f9fa:	bc08      	pop	{r3}
3418f9fc:	469e      	mov	lr, r3
3418f9fe:	4770      	bx	lr

3418fa00 <_fini>:
3418fa00:	b5f8      	push	{r3, r4, r5, r6, r7, lr}
3418fa02:	bf00      	nop
3418fa04:	bcf8      	pop	{r3, r4, r5, r6, r7}
3418fa06:	bc08      	pop	{r3}
3418fa08:	469e      	mov	lr, r3
3418fa0a:	4770      	bx	lr

Disassembly of section .gnu.sgstubs:

341903a0 <SECURE_SystemCoreClockUpdate>:
341903a0:	e97f e97f 	sg
341903a4:	f7f4 bd1a 	b.w	34184ddc <__acle_se_SECURE_SystemCoreClockUpdate>
	...
