PAPER_M55_CONTEXT,result_dir=/Users/seungwon/AIMer3_on_AVX512/m55/benchmarks/results/paper-final-ref-mve-20260906-151313,source_sha256=d5a9217638ee84f7d9f5243875243052c95d5d6c224578e33e0548304ef6457e,command=make -B -C /Users/seungwon/AIMer3_on_AVX512/m55 PARAM=192s BACKEND=ref MATVEC=reference TEST=benchmark MEMORY=full SIGN_SCHEDULE=lowmem STACK_USAGE=1 BENCH_KERNEL_SAMPLES=31 BENCH_KERNEL_INNER=64 BENCH_E2E_SAMPLES=50 BENCH_WARMUP=10 run-board ARM_GCC_DIR=/Users/seungwon/test/.tools/xpack-arm-none-eabi-gcc-15.2.1-1.1/bin CUBE_N6_DIR=/Users/seungwon/STM32CubeN6 CORTEXCTL=/Users/Shared/cortexctl OPENOCD=/Users/seungwon/test/.tools/xpack-openocd-0.12.0-7/bin/openocd OPENOCD_SCRIPTS=/Users/seungwon/test/.tools/xpack-openocd-0.12.0-7/openocd/scripts OPENOCD_TARGET_SCRIPTS=/Users/seungwon/test/.tools/openocd-scripts 
/Users/seungwon/test/.tools/xpack-arm-none-eabi-gcc-15.2.1-1.1/bin/arm-none-eabi-gcc   -DAIMER_BENCHMARK -DPARAMS=192s -DAIMER_BACKEND=ref -DAIMER_MATVEC=reference -DAIMER_CONFIG=ref -DBENCH_KERNEL_SAMPLES=31 -DBENCH_E2E_SAMPLES=50 -DBENCH_KERNEL_INNER=64 -DBENCH_WARMUP=10 -DPROFILE_SAMPLES=31 -DPROFILE_KERNEL_INNER=64 -DPROFILE_COMPLEX_INNER=8 -DUSE_HAL_DRIVER -DSTM32N657xx -Iinclude -I../common/src/sig/aimer/reference/aimer-192s -I../common/src -I/Users/seungwon/STM32CubeN6/Projects/NUCLEO-N657X0-Q/Templates/Template/FSBL/Inc -I/Users/seungwon/STM32CubeN6/Drivers/CMSIS/Include -I/Users/seungwon/STM32CubeN6/Drivers/CMSIS/Device/ST/STM32N6xx/Include -I/Users/seungwon/STM32CubeN6/Drivers/STM32N6xx_HAL_Driver/Inc -I/Users/seungwon/STM32CubeN6/Drivers/STM32N6xx_HAL_Driver/Inc/Legacy -O3 -std=c11 -fno-common -ffunction-sections -fdata-sections -fno-tree-vectorize -fno-tree-slp-vectorize -MMD -MP --specs=nosys.specs -Wall -Wextra -Wshadow -Wconversion -Wstrict-prototypes -mcpu=cortex-m55 -mthumb -mfloat-abi=hard -mcmse -fstack-usage -c benchmarks/benchmark.c -o build/full/192s/ref/benchmark/benchmark.c.o
/Users/seungwon/test/.tools/xpack-arm-none-eabi-gcc-15.2.1-1.1/bin/arm-none-eabi-gcc   -DAIMER_BENCHMARK -DPARAMS=192s -DAIMER_BACKEND=ref -DAIMER_MATVEC=reference -DAIMER_CONFIG=ref -DBENCH_KERNEL_SAMPLES=31 -DBENCH_E2E_SAMPLES=50 -DBENCH_KERNEL_INNER=64 -DBENCH_WARMUP=10 -DPROFILE_SAMPLES=31 -DPROFILE_KERNEL_INNER=64 -DPROFILE_COMPLEX_INNER=8 -DUSE_HAL_DRIVER -DSTM32N657xx -Iinclude -I../common/src/sig/aimer/reference/aimer-192s -I../common/src -I/Users/seungwon/STM32CubeN6/Projects/NUCLEO-N657X0-Q/Templates/Template/FSBL/Inc -I/Users/seungwon/STM32CubeN6/Drivers/CMSIS/Include -I/Users/seungwon/STM32CubeN6/Drivers/CMSIS/Device/ST/STM32N6xx/Include -I/Users/seungwon/STM32CubeN6/Drivers/STM32N6xx_HAL_Driver/Inc -I/Users/seungwon/STM32CubeN6/Drivers/STM32N6xx_HAL_Driver/Inc/Legacy -O3 -std=c11 -fno-common -ffunction-sections -fdata-sections -fno-tree-vectorize -fno-tree-slp-vectorize -MMD -MP --specs=nosys.specs -Wall -Wextra -Wshadow -Wconversion -Wstrict-prototypes -mcpu=cortex-m55 -mthumb -mfloat-abi=hard -mcmse -fstack-usage -c src/lowmem/sign_low_memory.c -o build/full/192s/ref/benchmark/sign_low_memory.c.o
/Users/seungwon/test/.tools/xpack-arm-none-eabi-gcc-15.2.1-1.1/bin/arm-none-eabi-gcc   -DAIMER_BENCHMARK -DPARAMS=192s -DAIMER_BACKEND=ref -DAIMER_MATVEC=reference -DAIMER_CONFIG=ref -DBENCH_KERNEL_SAMPLES=31 -DBENCH_E2E_SAMPLES=50 -DBENCH_KERNEL_INNER=64 -DBENCH_WARMUP=10 -DPROFILE_SAMPLES=31 -DPROFILE_KERNEL_INNER=64 -DPROFILE_COMPLEX_INNER=8 -DUSE_HAL_DRIVER -DSTM32N657xx -Iinclude -I../common/src/sig/aimer/reference/aimer-192s -I../common/src -I/Users/seungwon/STM32CubeN6/Projects/NUCLEO-N657X0-Q/Templates/Template/FSBL/Inc -I/Users/seungwon/STM32CubeN6/Drivers/CMSIS/Include -I/Users/seungwon/STM32CubeN6/Drivers/CMSIS/Device/ST/STM32N6xx/Include -I/Users/seungwon/STM32CubeN6/Drivers/STM32N6xx_HAL_Driver/Inc -I/Users/seungwon/STM32CubeN6/Drivers/STM32N6xx_HAL_Driver/Inc/Legacy -O3 -std=c11 -fno-common -ffunction-sections -fdata-sections -fno-tree-vectorize -fno-tree-slp-vectorize -MMD -MP --specs=nosys.specs -Wall -Wextra -Wshadow -Wconversion -Wstrict-prototypes -mcpu=cortex-m55 -mthumb -mfloat-abi=hard -mcmse -fstack-usage -c src/lowmem/verify_batch.c -o build/full/192s/ref/benchmark/verify_batch.c.o
/Users/seungwon/test/.tools/xpack-arm-none-eabi-gcc-15.2.1-1.1/bin/arm-none-eabi-gcc   -DAIMER_BENCHMARK -DPARAMS=192s -DAIMER_BACKEND=ref -DAIMER_MATVEC=reference -DAIMER_CONFIG=ref -DBENCH_KERNEL_SAMPLES=31 -DBENCH_E2E_SAMPLES=50 -DBENCH_KERNEL_INNER=64 -DBENCH_WARMUP=10 -DPROFILE_SAMPLES=31 -DPROFILE_KERNEL_INNER=64 -DPROFILE_COMPLEX_INNER=8 -DUSE_HAL_DRIVER -DSTM32N657xx -Iinclude -I../common/src/sig/aimer/reference/aimer-192s -I../common/src -I/Users/seungwon/STM32CubeN6/Projects/NUCLEO-N657X0-Q/Templates/Template/FSBL/Inc -I/Users/seungwon/STM32CubeN6/Drivers/CMSIS/Include -I/Users/seungwon/STM32CubeN6/Drivers/CMSIS/Device/ST/STM32N6xx/Include -I/Users/seungwon/STM32CubeN6/Drivers/STM32N6xx_HAL_Driver/Inc -I/Users/seungwon/STM32CubeN6/Drivers/STM32N6xx_HAL_Driver/Inc/Legacy -O3 -std=c11 -fno-common -ffunction-sections -fdata-sections -fno-tree-vectorize -fno-tree-slp-vectorize -MMD -MP --specs=nosys.specs -Wall -Wextra -Wshadow -Wconversion -Wstrict-prototypes -mcpu=cortex-m55 -mthumb -mfloat-abi=hard -mcmse -fstack-usage -c src/mve/field_batch.c -o build/full/192s/ref/benchmark/field_batch.c.o
/Users/seungwon/test/.tools/xpack-arm-none-eabi-gcc-15.2.1-1.1/bin/arm-none-eabi-gcc   -DAIMER_BENCHMARK -DPARAMS=192s -DAIMER_BACKEND=ref -DAIMER_MATVEC=reference -DAIMER_CONFIG=ref -DBENCH_KERNEL_SAMPLES=31 -DBENCH_E2E_SAMPLES=50 -DBENCH_KERNEL_INNER=64 -DBENCH_WARMUP=10 -DPROFILE_SAMPLES=31 -DPROFILE_KERNEL_INNER=64 -DPROFILE_COMPLEX_INNER=8 -DUSE_HAL_DRIVER -DSTM32N657xx -Iinclude -I../common/src/sig/aimer/reference/aimer-192s -I../common/src -I/Users/seungwon/STM32CubeN6/Projects/NUCLEO-N657X0-Q/Templates/Template/FSBL/Inc -I/Users/seungwon/STM32CubeN6/Drivers/CMSIS/Include -I/Users/seungwon/STM32CubeN6/Drivers/CMSIS/Device/ST/STM32N6xx/Include -I/Users/seungwon/STM32CubeN6/Drivers/STM32N6xx_HAL_Driver/Inc -I/Users/seungwon/STM32CubeN6/Drivers/STM32N6xx_HAL_Driver/Inc/Legacy -O3 -std=c11 -fno-common -ffunction-sections -fdata-sections -fno-tree-vectorize -fno-tree-slp-vectorize -MMD -MP --specs=nosys.specs -Wall -Wextra -Wshadow -Wconversion -Wstrict-prototypes -mcpu=cortex-m55 -mthumb -mfloat-abi=hard -mcmse -fstack-usage -c src/mve/mpc_batch.c -o build/full/192s/ref/benchmark/mpc_batch.c.o
/Users/seungwon/test/.tools/xpack-arm-none-eabi-gcc-15.2.1-1.1/bin/arm-none-eabi-gcc   -DAIMER_BENCHMARK -DPARAMS=192s -DAIMER_BACKEND=ref -DAIMER_MATVEC=reference -DAIMER_CONFIG=ref -DBENCH_KERNEL_SAMPLES=31 -DBENCH_E2E_SAMPLES=50 -DBENCH_KERNEL_INNER=64 -DBENCH_WARMUP=10 -DPROFILE_SAMPLES=31 -DPROFILE_KERNEL_INNER=64 -DPROFILE_COMPLEX_INNER=8 -DUSE_HAL_DRIVER -DSTM32N657xx -Iinclude -I../common/src/sig/aimer/reference/aimer-192s -I../common/src -I/Users/seungwon/STM32CubeN6/Projects/NUCLEO-N657X0-Q/Templates/Template/FSBL/Inc -I/Users/seungwon/STM32CubeN6/Drivers/CMSIS/Include -I/Users/seungwon/STM32CubeN6/Drivers/CMSIS/Device/ST/STM32N6xx/Include -I/Users/seungwon/STM32CubeN6/Drivers/STM32N6xx_HAL_Driver/Inc -I/Users/seungwon/STM32CubeN6/Drivers/STM32N6xx_HAL_Driver/Inc/Legacy -O3 -std=c11 -fno-common -ffunction-sections -fdata-sections -fno-tree-vectorize -fno-tree-slp-vectorize -MMD -MP --specs=nosys.specs -Wall -Wextra -Wshadow -Wconversion -Wstrict-prototypes -mcpu=cortex-m55 -mthumb -mfloat-abi=hard -mcmse -fstack-usage -c ../common/src/sig/aimer/reference/aimer-192s/aim3.c -o build/full/192s/ref/benchmark/aim3.c.o
/Users/seungwon/test/.tools/xpack-arm-none-eabi-gcc-15.2.1-1.1/bin/arm-none-eabi-gcc   -DAIMER_BENCHMARK -DPARAMS=192s -DAIMER_BACKEND=ref -DAIMER_MATVEC=reference -DAIMER_CONFIG=ref -DBENCH_KERNEL_SAMPLES=31 -DBENCH_E2E_SAMPLES=50 -DBENCH_KERNEL_INNER=64 -DBENCH_WARMUP=10 -DPROFILE_SAMPLES=31 -DPROFILE_KERNEL_INNER=64 -DPROFILE_COMPLEX_INNER=8 -DUSE_HAL_DRIVER -DSTM32N657xx -Iinclude -I../common/src/sig/aimer/reference/aimer-192s -I../common/src -I/Users/seungwon/STM32CubeN6/Projects/NUCLEO-N657X0-Q/Templates/Template/FSBL/Inc -I/Users/seungwon/STM32CubeN6/Drivers/CMSIS/Include -I/Users/seungwon/STM32CubeN6/Drivers/CMSIS/Device/ST/STM32N6xx/Include -I/Users/seungwon/STM32CubeN6/Drivers/STM32N6xx_HAL_Driver/Inc -I/Users/seungwon/STM32CubeN6/Drivers/STM32N6xx_HAL_Driver/Inc/Legacy -O3 -std=c11 -fno-common -ffunction-sections -fdata-sections -fno-tree-vectorize -fno-tree-slp-vectorize -MMD -MP --specs=nosys.specs -Wall -Wextra -Wshadow -Wconversion -Wstrict-prototypes -mcpu=cortex-m55 -mthumb -mfloat-abi=hard -mcmse -fstack-usage -c ../common/src/sig/aimer/reference/aimer-192s/hash.c -o build/full/192s/ref/benchmark/hash.c.o
/Users/seungwon/test/.tools/xpack-arm-none-eabi-gcc-15.2.1-1.1/bin/arm-none-eabi-gcc   -DAIMER_BENCHMARK -DPARAMS=192s -DAIMER_BACKEND=ref -DAIMER_MATVEC=reference -DAIMER_CONFIG=ref -DBENCH_KERNEL_SAMPLES=31 -DBENCH_E2E_SAMPLES=50 -DBENCH_KERNEL_INNER=64 -DBENCH_WARMUP=10 -DPROFILE_SAMPLES=31 -DPROFILE_KERNEL_INNER=64 -DPROFILE_COMPLEX_INNER=8 -DUSE_HAL_DRIVER -DSTM32N657xx -Iinclude -I../common/src/sig/aimer/reference/aimer-192s -I../common/src -I/Users/seungwon/STM32CubeN6/Projects/NUCLEO-N657X0-Q/Templates/Template/FSBL/Inc -I/Users/seungwon/STM32CubeN6/Drivers/CMSIS/Include -I/Users/seungwon/STM32CubeN6/Drivers/CMSIS/Device/ST/STM32N6xx/Include -I/Users/seungwon/STM32CubeN6/Drivers/STM32N6xx_HAL_Driver/Inc -I/Users/seungwon/STM32CubeN6/Drivers/STM32N6xx_HAL_Driver/Inc/Legacy -O3 -std=c11 -fno-common -ffunction-sections -fdata-sections -fno-tree-vectorize -fno-tree-slp-vectorize -MMD -MP --specs=nosys.specs -Wall -Wextra -Wshadow -Wconversion -Wstrict-prototypes -mcpu=cortex-m55 -mthumb -mfloat-abi=hard -mcmse -fstack-usage -c ../common/src/sig/aimer/reference/aimer-192s/sign.c -o build/full/192s/ref/benchmark/sign.c.o
../common/src/sig/aimer/reference/aimer-192s/sign.c: In function 'samsungsds_aimer_192s_ref_crypto_sign_signature':
../common/src/sig/aimer/reference/aimer-192s/sign.c:409:15: warning: conversion from 'size_t' {aka 'unsigned int'} to 'uint8_t' {aka 'unsigned char'} may change value [-Wconversion]
  409 |   prefix[0] = ctxlen;
      |               ^~~~~~
../common/src/sig/aimer/reference/aimer-192s/sign.c: In function 'samsungsds_aimer_192s_ref_crypto_sign_verify':
../common/src/sig/aimer/reference/aimer-192s/sign.c:675:15: warning: conversion from 'size_t' {aka 'unsigned int'} to 'uint8_t' {aka 'unsigned char'} may change value [-Wconversion]
  675 |   prefix[0] = ctxlen;
      |               ^~~~~~
/Users/seungwon/test/.tools/xpack-arm-none-eabi-gcc-15.2.1-1.1/bin/arm-none-eabi-gcc   -DAIMER_BENCHMARK -DPARAMS=192s -DAIMER_BACKEND=ref -DAIMER_MATVEC=reference -DAIMER_CONFIG=ref -DBENCH_KERNEL_SAMPLES=31 -DBENCH_E2E_SAMPLES=50 -DBENCH_KERNEL_INNER=64 -DBENCH_WARMUP=10 -DPROFILE_SAMPLES=31 -DPROFILE_KERNEL_INNER=64 -DPROFILE_COMPLEX_INNER=8 -DUSE_HAL_DRIVER -DSTM32N657xx -Iinclude -I../common/src/sig/aimer/reference/aimer-192s -I../common/src -I/Users/seungwon/STM32CubeN6/Projects/NUCLEO-N657X0-Q/Templates/Template/FSBL/Inc -I/Users/seungwon/STM32CubeN6/Drivers/CMSIS/Include -I/Users/seungwon/STM32CubeN6/Drivers/CMSIS/Device/ST/STM32N6xx/Include -I/Users/seungwon/STM32CubeN6/Drivers/STM32N6xx_HAL_Driver/Inc -I/Users/seungwon/STM32CubeN6/Drivers/STM32N6xx_HAL_Driver/Inc/Legacy -O3 -std=c11 -fno-common -ffunction-sections -fdata-sections -fno-tree-vectorize -fno-tree-slp-vectorize -MMD -MP --specs=nosys.specs -Wall -Wextra -Wshadow -Wconversion -Wstrict-prototypes -mcpu=cortex-m55 -mthumb -mfloat-abi=hard -mcmse -fstack-usage -c ../common/src/sig/aimer/reference/aimer-192s/tree.c -o build/full/192s/ref/benchmark/tree.c.o
/Users/seungwon/test/.tools/xpack-arm-none-eabi-gcc-15.2.1-1.1/bin/arm-none-eabi-gcc   -DAIMER_BENCHMARK -DPARAMS=192s -DAIMER_BACKEND=ref -DAIMER_MATVEC=reference -DAIMER_CONFIG=ref -DBENCH_KERNEL_SAMPLES=31 -DBENCH_E2E_SAMPLES=50 -DBENCH_KERNEL_INNER=64 -DBENCH_WARMUP=10 -DPROFILE_SAMPLES=31 -DPROFILE_KERNEL_INNER=64 -DPROFILE_COMPLEX_INNER=8 -DUSE_HAL_DRIVER -DSTM32N657xx -Iinclude -I../common/src/sig/aimer/reference/aimer-192s -I../common/src -I/Users/seungwon/STM32CubeN6/Projects/NUCLEO-N657X0-Q/Templates/Template/FSBL/Inc -I/Users/seungwon/STM32CubeN6/Drivers/CMSIS/Include -I/Users/seungwon/STM32CubeN6/Drivers/CMSIS/Device/ST/STM32N6xx/Include -I/Users/seungwon/STM32CubeN6/Drivers/STM32N6xx_HAL_Driver/Inc -I/Users/seungwon/STM32CubeN6/Drivers/STM32N6xx_HAL_Driver/Inc/Legacy -O3 -std=c11 -fno-common -ffunction-sections -fdata-sections -fno-tree-vectorize -fno-tree-slp-vectorize -MMD -MP --specs=nosys.specs -Wall -Wextra -Wshadow -Wconversion -Wstrict-prototypes -mcpu=cortex-m55 -mthumb -mfloat-abi=hard -mcmse -fstack-usage -c ../common/src/sig/aimer/reference/aimer-192s/field_common.c -o build/full/192s/ref/benchmark/field_common.c.o
../common/src/sig/aimer/reference/aimer-192s/field_common.c: In function 'samsungsds_aimer_192s_ref_gf_from_bytes':
../common/src/sig/aimer/reference/aimer-192s/field_common.c:28:31: warning: conversion to 'size_t' {aka 'unsigned int'} from 'int' may change the sign of the result [-Wsign-conversion]
   28 |       u = (u << 8) | in[8 * i + j];
      |                               ^
/Users/seungwon/test/.tools/xpack-arm-none-eabi-gcc-15.2.1-1.1/bin/arm-none-eabi-gcc   -DAIMER_BENCHMARK -DPARAMS=192s -DAIMER_BACKEND=ref -DAIMER_MATVEC=reference -DAIMER_CONFIG=ref -DBENCH_KERNEL_SAMPLES=31 -DBENCH_E2E_SAMPLES=50 -DBENCH_KERNEL_INNER=64 -DBENCH_WARMUP=10 -DPROFILE_SAMPLES=31 -DPROFILE_KERNEL_INNER=64 -DPROFILE_COMPLEX_INNER=8 -DUSE_HAL_DRIVER -DSTM32N657xx -Iinclude -I../common/src/sig/aimer/reference/aimer-192s -I../common/src -I/Users/seungwon/STM32CubeN6/Projects/NUCLEO-N657X0-Q/Templates/Template/FSBL/Inc -I/Users/seungwon/STM32CubeN6/Drivers/CMSIS/Include -I/Users/seungwon/STM32CubeN6/Drivers/CMSIS/Device/ST/STM32N6xx/Include -I/Users/seungwon/STM32CubeN6/Drivers/STM32N6xx_HAL_Driver/Inc -I/Users/seungwon/STM32CubeN6/Drivers/STM32N6xx_HAL_Driver/Inc/Legacy -O3 -std=c11 -fno-common -ffunction-sections -fdata-sections -fno-tree-vectorize -fno-tree-slp-vectorize -MMD -MP --specs=nosys.specs -Wall -Wextra -Wshadow -Wconversion -Wstrict-prototypes -mcpu=cortex-m55 -mthumb -mfloat-abi=hard -mcmse -fstack-usage -c ../common/src/sig/aimer/reference/aimer-192s/field192.c -o build/full/192s/ref/benchmark/field192.c.o
/Users/seungwon/test/.tools/xpack-arm-none-eabi-gcc-15.2.1-1.1/bin/arm-none-eabi-gcc   -DAIMER_BENCHMARK -DPARAMS=192s -DAIMER_BACKEND=ref -DAIMER_MATVEC=reference -DAIMER_CONFIG=ref -DBENCH_KERNEL_SAMPLES=31 -DBENCH_E2E_SAMPLES=50 -DBENCH_KERNEL_INNER=64 -DBENCH_WARMUP=10 -DPROFILE_SAMPLES=31 -DPROFILE_KERNEL_INNER=64 -DPROFILE_COMPLEX_INNER=8 -DUSE_HAL_DRIVER -DSTM32N657xx -Iinclude -I../common/src/sig/aimer/reference/aimer-192s -I../common/src -I/Users/seungwon/STM32CubeN6/Projects/NUCLEO-N657X0-Q/Templates/Template/FSBL/Inc -I/Users/seungwon/STM32CubeN6/Drivers/CMSIS/Include -I/Users/seungwon/STM32CubeN6/Drivers/CMSIS/Device/ST/STM32N6xx/Include -I/Users/seungwon/STM32CubeN6/Drivers/STM32N6xx_HAL_Driver/Inc -I/Users/seungwon/STM32CubeN6/Drivers/STM32N6xx_HAL_Driver/Inc/Legacy -O3 -std=c11 -fno-common -ffunction-sections -fdata-sections -fno-tree-vectorize -fno-tree-slp-vectorize -MMD -MP --specs=nosys.specs -Wall -Wextra -Wshadow -Wconversion -Wstrict-prototypes -mcpu=cortex-m55 -mthumb -mfloat-abi=hard -mcmse -fstack-usage -c ../common/src/common/aes.c -o build/full/192s/ref/benchmark/aes.c.o
/Users/seungwon/test/.tools/xpack-arm-none-eabi-gcc-15.2.1-1.1/bin/arm-none-eabi-gcc   -DAIMER_BENCHMARK -DPARAMS=192s -DAIMER_BACKEND=ref -DAIMER_MATVEC=reference -DAIMER_CONFIG=ref -DBENCH_KERNEL_SAMPLES=31 -DBENCH_E2E_SAMPLES=50 -DBENCH_KERNEL_INNER=64 -DBENCH_WARMUP=10 -DPROFILE_SAMPLES=31 -DPROFILE_KERNEL_INNER=64 -DPROFILE_COMPLEX_INNER=8 -DUSE_HAL_DRIVER -DSTM32N657xx -Iinclude -I../common/src/sig/aimer/reference/aimer-192s -I../common/src -I/Users/seungwon/STM32CubeN6/Projects/NUCLEO-N657X0-Q/Templates/Template/FSBL/Inc -I/Users/seungwon/STM32CubeN6/Drivers/CMSIS/Include -I/Users/seungwon/STM32CubeN6/Drivers/CMSIS/Device/ST/STM32N6xx/Include -I/Users/seungwon/STM32CubeN6/Drivers/STM32N6xx_HAL_Driver/Inc -I/Users/seungwon/STM32CubeN6/Drivers/STM32N6xx_HAL_Driver/Inc/Legacy -O3 -std=c11 -fno-common -ffunction-sections -fdata-sections -fno-tree-vectorize -fno-tree-slp-vectorize -MMD -MP --specs=nosys.specs -Wall -Wextra -Wshadow -Wconversion -Wstrict-prototypes -mcpu=cortex-m55 -mthumb -mfloat-abi=hard -mcmse -fstack-usage -c ../common/src/common/fips202.c -o build/full/192s/ref/benchmark/fips202.c.o
/Users/seungwon/test/.tools/xpack-arm-none-eabi-gcc-15.2.1-1.1/bin/arm-none-eabi-gcc   -DAIMER_BENCHMARK -DPARAMS=192s -DAIMER_BACKEND=ref -DAIMER_MATVEC=reference -DAIMER_CONFIG=ref -DBENCH_KERNEL_SAMPLES=31 -DBENCH_E2E_SAMPLES=50 -DBENCH_KERNEL_INNER=64 -DBENCH_WARMUP=10 -DPROFILE_SAMPLES=31 -DPROFILE_KERNEL_INNER=64 -DPROFILE_COMPLEX_INNER=8 -DUSE_HAL_DRIVER -DSTM32N657xx -Iinclude -I../common/src/sig/aimer/reference/aimer-192s -I../common/src -I/Users/seungwon/STM32CubeN6/Projects/NUCLEO-N657X0-Q/Templates/Template/FSBL/Inc -I/Users/seungwon/STM32CubeN6/Drivers/CMSIS/Include -I/Users/seungwon/STM32CubeN6/Drivers/CMSIS/Device/ST/STM32N6xx/Include -I/Users/seungwon/STM32CubeN6/Drivers/STM32N6xx_HAL_Driver/Inc -I/Users/seungwon/STM32CubeN6/Drivers/STM32N6xx_HAL_Driver/Inc/Legacy -O3 -std=c11 -fno-common -ffunction-sections -fdata-sections -fno-tree-vectorize -fno-tree-slp-vectorize -MMD -MP --specs=nosys.specs -Wall -Wextra -Wshadow -Wconversion -Wstrict-prototypes -mcpu=cortex-m55 -mthumb -mfloat-abi=hard -mcmse -fstack-usage -c ../common/src/common/rng.c -o build/full/192s/ref/benchmark/rng.c.o
../common/src/common/rng.c: In function 'seedexpander_init':
../common/src/common/rng.c:30:17: warning: comparison is always false due to limited range of data type [-Wtype-limits]
   30 |     if ( maxlen >= 0x100000000 )
      |                 ^~
../common/src/common/rng.c: In function 'seedexpander':
../common/src/common/rng.c:73:19: warning: comparison of integer expressions of different signedness: 'long unsigned int' and 'int' [-Wsign-compare]
   73 |         if ( xlen <= (16-ctx->buffer_pos) ) { // buffer has what we need
      |                   ^~
../common/src/common/rng.c:75:29: warning: conversion to 'long unsigned int' from 'int' may change the sign of the result [-Wsign-conversion]
   75 |             ctx->buffer_pos += xlen;
      |                             ^~
../common/src/common/rng.c:75:32: warning: conversion to 'int' from 'long unsigned int' may change the sign of the result [-Wsign-conversion]
   75 |             ctx->buffer_pos += xlen;
      |                                ^~~~
../common/src/common/rng.c:81:57: warning: conversion to 'size_t' {aka 'unsigned int'} from 'int' may change the sign of the result [-Wsign-conversion]
   81 |         memcpy(x+offset, ctx->buffer+ctx->buffer_pos, 16-ctx->buffer_pos);
      |                                                       ~~^~~~~~~~~~~~~~~~
../common/src/common/rng.c:82:14: warning: conversion to 'long unsigned int' from 'int' may change the sign of the result [-Wsign-conversion]
   82 |         xlen -= 16-ctx->buffer_pos;
      |              ^~
../common/src/common/rng.c:83:16: warning: conversion to 'long unsigned int' from 'int' may change the sign of the result [-Wsign-conversion]
   83 |         offset += 16-ctx->buffer_pos;
      |                ^~
../common/src/common/rng.c: In function 'randombytes_init':
../common/src/common/rng.c:127:22: warning: unused parameter 'security_strength' [-Wunused-parameter]
  127 |                  int security_strength)
      |                  ~~~~^~~~~~~~~~~~~~~~~
../common/src/common/rng.c: In function 'randombytes':
../common/src/common/rng.c:164:32: warning: conversion from 'long long unsigned int' to 'size_t' {aka 'unsigned int'} may change value [-Wconversion]
  164 |             memcpy(x+i, block, xlen);
      |                                ^~~~
/Users/seungwon/test/.tools/xpack-arm-none-eabi-gcc-15.2.1-1.1/bin/arm-none-eabi-gcc   -DAIMER_BENCHMARK -DPARAMS=192s -DAIMER_BACKEND=ref -DAIMER_MATVEC=reference -DAIMER_CONFIG=ref -DBENCH_KERNEL_SAMPLES=31 -DBENCH_E2E_SAMPLES=50 -DBENCH_KERNEL_INNER=64 -DBENCH_WARMUP=10 -DPROFILE_SAMPLES=31 -DPROFILE_KERNEL_INNER=64 -DPROFILE_COMPLEX_INNER=8 -DUSE_HAL_DRIVER -DSTM32N657xx -Iinclude -I../common/src/sig/aimer/reference/aimer-192s -I../common/src -I/Users/seungwon/STM32CubeN6/Projects/NUCLEO-N657X0-Q/Templates/Template/FSBL/Inc -I/Users/seungwon/STM32CubeN6/Drivers/CMSIS/Include -I/Users/seungwon/STM32CubeN6/Drivers/CMSIS/Device/ST/STM32N6xx/Include -I/Users/seungwon/STM32CubeN6/Drivers/STM32N6xx_HAL_Driver/Inc -I/Users/seungwon/STM32CubeN6/Drivers/STM32N6xx_HAL_Driver/Inc/Legacy -O3 -std=c11 -fno-common -ffunction-sections -fdata-sections -fno-tree-vectorize -fno-tree-slp-vectorize -MMD -MP --specs=nosys.specs -Wall -Wextra -Wshadow -Wconversion -Wstrict-prototypes -mcpu=cortex-m55 -mthumb -mfloat-abi=hard -mcmse -fstack-usage -c platform/nucleo-n657x0-q/platform.c -o build/full/192s/ref/benchmark/platform.c.o
In file included from /Users/seungwon/STM32CubeN6/Drivers/CMSIS/Include/core_cm55.h:4605,
                 from /Users/seungwon/STM32CubeN6/Drivers/CMSIS/Device/ST/STM32N6xx/Include/stm32n657xx.h:281,
                 from /Users/seungwon/STM32CubeN6/Drivers/CMSIS/Device/ST/STM32N6xx/Include/stm32n6xx.h:87,
                 from /Users/seungwon/STM32CubeN6/Drivers/STM32N6xx_HAL_Driver/Inc/stm32n6xx_hal_def.h:33,
                 from /Users/seungwon/STM32CubeN6/Drivers/STM32N6xx_HAL_Driver/Inc/stm32n6xx_hal_rcc.h:28,
                 from /Users/seungwon/STM32CubeN6/Projects/NUCLEO-N657X0-Q/Templates/Template/FSBL/Inc/stm32n6xx_hal_conf.h:253,
                 from /Users/seungwon/STM32CubeN6/Drivers/STM32N6xx_HAL_Driver/Inc/stm32n6xx_hal.h:29,
                 from platform/nucleo-n657x0-q/platform.c:5:
/Users/seungwon/STM32CubeN6/Drivers/CMSIS/Include/m-profile/armv7m_cachel1.h: In function 'SCB_InvalidateICache_by_Addr':
/Users/seungwon/STM32CubeN6/Drivers/CMSIS/Include/m-profile/armv7m_cachel1.h:117:32: warning: conversion to 'long unsigned int' from 'int32_t' {aka 'long int'} may change the sign of the result [-Wsign-conversion]
  117 |        int32_t op_size = isize + (((uint32_t)addr) & (__SCB_ICACHE_LINE_SIZE - 1U));
      |                                ^
/Users/seungwon/STM32CubeN6/Drivers/CMSIS/Include/m-profile/armv7m_cachel1.h:117:26: warning: conversion to 'int32_t' {aka 'long int'} from 'long unsigned int' may change the sign of the result [-Wsign-conversion]
  117 |        int32_t op_size = isize + (((uint32_t)addr) & (__SCB_ICACHE_LINE_SIZE - 1U));
      |                          ^~~~~
/Users/seungwon/STM32CubeN6/Drivers/CMSIS/Include/m-profile/armv7m_cachel1.h:125:17: warning: conversion to 'long unsigned int' from 'int32_t' {aka 'long int'} may change the sign of the result [-Wsign-conversion]
  125 |         op_size -= __SCB_ICACHE_LINE_SIZE;
      |                 ^~
/Users/seungwon/STM32CubeN6/Drivers/CMSIS/Include/m-profile/armv7m_cachel1.h:48:33: warning: conversion to 'int32_t' {aka 'long int'} from 'long unsigned int' may change the sign of the result [-Wsign-conversion]
   48 | #define __SCB_ICACHE_LINE_SIZE  32U /*!< Cortex-M7 cache line size is fixed to 32 bytes (8 words). See also register SCB_CCSIDR */
      |                                 ^~~
/Users/seungwon/STM32CubeN6/Drivers/CMSIS/Include/m-profile/armv7m_cachel1.h:125:20: note: in expansion of macro '__SCB_ICACHE_LINE_SIZE'
  125 |         op_size -= __SCB_ICACHE_LINE_SIZE;
      |                    ^~~~~~~~~~~~~~~~~~~~~~
/Users/seungwon/STM32CubeN6/Drivers/CMSIS/Include/m-profile/armv7m_cachel1.h: In function 'SCB_InvalidateDCache_by_Addr':
/Users/seungwon/STM32CubeN6/Drivers/CMSIS/Include/m-profile/armv7m_cachel1.h:360:32: warning: conversion to 'long unsigned int' from 'int32_t' {aka 'long int'} may change the sign of the result [-Wsign-conversion]
  360 |        int32_t op_size = dsize + (((uint32_t)addr) & (__SCB_DCACHE_LINE_SIZE - 1U));
      |                                ^
/Users/seungwon/STM32CubeN6/Drivers/CMSIS/Include/m-profile/armv7m_cachel1.h:360:26: warning: conversion to 'int32_t' {aka 'long int'} from 'long unsigned int' may change the sign of the result [-Wsign-conversion]
  360 |        int32_t op_size = dsize + (((uint32_t)addr) & (__SCB_DCACHE_LINE_SIZE - 1U));
      |                          ^~~~~
/Users/seungwon/STM32CubeN6/Drivers/CMSIS/Include/m-profile/armv7m_cachel1.h:368:17: warning: conversion to 'long unsigned int' from 'int32_t' {aka 'long int'} may change the sign of the result [-Wsign-conversion]
  368 |         op_size -= __SCB_DCACHE_LINE_SIZE;
      |                 ^~
/Users/seungwon/STM32CubeN6/Drivers/CMSIS/Include/m-profile/armv7m_cachel1.h:44:33: warning: conversion to 'int32_t' {aka 'long int'} from 'long unsigned int' may change the sign of the result [-Wsign-conversion]
   44 | #define __SCB_DCACHE_LINE_SIZE  32U /*!< Cortex-M7 cache line size is fixed to 32 bytes (8 words). See also register SCB_CCSIDR */
      |                                 ^~~
/Users/seungwon/STM32CubeN6/Drivers/CMSIS/Include/m-profile/armv7m_cachel1.h:368:20: note: in expansion of macro '__SCB_DCACHE_LINE_SIZE'
  368 |         op_size -= __SCB_DCACHE_LINE_SIZE;
      |                    ^~~~~~~~~~~~~~~~~~~~~~
/Users/seungwon/STM32CubeN6/Drivers/CMSIS/Include/m-profile/armv7m_cachel1.h: In function 'SCB_CleanDCache_by_Addr':
/Users/seungwon/STM32CubeN6/Drivers/CMSIS/Include/m-profile/armv7m_cachel1.h:390:32: warning: conversion to 'long unsigned int' from 'int32_t' {aka 'long int'} may change the sign of the result [-Wsign-conversion]
  390 |        int32_t op_size = dsize + (((uint32_t)addr) & (__SCB_DCACHE_LINE_SIZE - 1U));
      |                                ^
/Users/seungwon/STM32CubeN6/Drivers/CMSIS/Include/m-profile/armv7m_cachel1.h:390:26: warning: conversion to 'int32_t' {aka 'long int'} from 'long unsigned int' may change the sign of the result [-Wsign-conversion]
  390 |        int32_t op_size = dsize + (((uint32_t)addr) & (__SCB_DCACHE_LINE_SIZE - 1U));
      |                          ^~~~~
/Users/seungwon/STM32CubeN6/Drivers/CMSIS/Include/m-profile/armv7m_cachel1.h:398:17: warning: conversion to 'long unsigned int' from 'int32_t' {aka 'long int'} may change the sign of the result [-Wsign-conversion]
  398 |         op_size -= __SCB_DCACHE_LINE_SIZE;
      |                 ^~
/Users/seungwon/STM32CubeN6/Drivers/CMSIS/Include/m-profile/armv7m_cachel1.h:44:33: warning: conversion to 'int32_t' {aka 'long int'} from 'long unsigned int' may change the sign of the result [-Wsign-conversion]
   44 | #define __SCB_DCACHE_LINE_SIZE  32U /*!< Cortex-M7 cache line size is fixed to 32 bytes (8 words). See also register SCB_CCSIDR */
      |                                 ^~~
/Users/seungwon/STM32CubeN6/Drivers/CMSIS/Include/m-profile/armv7m_cachel1.h:398:20: note: in expansion of macro '__SCB_DCACHE_LINE_SIZE'
  398 |         op_size -= __SCB_DCACHE_LINE_SIZE;
      |                    ^~~~~~~~~~~~~~~~~~~~~~
/Users/seungwon/STM32CubeN6/Drivers/CMSIS/Include/m-profile/armv7m_cachel1.h: In function 'SCB_CleanInvalidateDCache_by_Addr':
/Users/seungwon/STM32CubeN6/Drivers/CMSIS/Include/m-profile/armv7m_cachel1.h:420:32: warning: conversion to 'long unsigned int' from 'int32_t' {aka 'long int'} may change the sign of the result [-Wsign-conversion]
  420 |        int32_t op_size = dsize + (((uint32_t)addr) & (__SCB_DCACHE_LINE_SIZE - 1U));
      |                                ^
/Users/seungwon/STM32CubeN6/Drivers/CMSIS/Include/m-profile/armv7m_cachel1.h:420:26: warning: conversion to 'int32_t' {aka 'long int'} from 'long unsigned int' may change the sign of the result [-Wsign-conversion]
  420 |        int32_t op_size = dsize + (((uint32_t)addr) & (__SCB_DCACHE_LINE_SIZE - 1U));
      |                          ^~~~~
/Users/seungwon/STM32CubeN6/Drivers/CMSIS/Include/m-profile/armv7m_cachel1.h:428:17: warning: conversion to 'long unsigned int' from 'int32_t' {aka 'long int'} may change the sign of the result [-Wsign-conversion]
  428 |         op_size -=          __SCB_DCACHE_LINE_SIZE;
      |                 ^~
/Users/seungwon/STM32CubeN6/Drivers/CMSIS/Include/m-profile/armv7m_cachel1.h:44:33: warning: conversion to 'int32_t' {aka 'long int'} from 'long unsigned int' may change the sign of the result [-Wsign-conversion]
   44 | #define __SCB_DCACHE_LINE_SIZE  32U /*!< Cortex-M7 cache line size is fixed to 32 bytes (8 words). See also register SCB_CCSIDR */
      |                                 ^~~
/Users/seungwon/STM32CubeN6/Drivers/CMSIS/Include/m-profile/armv7m_cachel1.h:428:29: note: in expansion of macro '__SCB_DCACHE_LINE_SIZE'
  428 |         op_size -=          __SCB_DCACHE_LINE_SIZE;
      |                             ^~~~~~~~~~~~~~~~~~~~~~
/Users/seungwon/test/.tools/xpack-arm-none-eabi-gcc-15.2.1-1.1/bin/arm-none-eabi-gcc   -DAIMER_BENCHMARK -DPARAMS=192s -DAIMER_BACKEND=ref -DAIMER_MATVEC=reference -DAIMER_CONFIG=ref -DBENCH_KERNEL_SAMPLES=31 -DBENCH_E2E_SAMPLES=50 -DBENCH_KERNEL_INNER=64 -DBENCH_WARMUP=10 -DPROFILE_SAMPLES=31 -DPROFILE_KERNEL_INNER=64 -DPROFILE_COMPLEX_INNER=8 -DUSE_HAL_DRIVER -DSTM32N657xx -Iinclude -I../common/src/sig/aimer/reference/aimer-192s -I../common/src -I/Users/seungwon/STM32CubeN6/Projects/NUCLEO-N657X0-Q/Templates/Template/FSBL/Inc -I/Users/seungwon/STM32CubeN6/Drivers/CMSIS/Include -I/Users/seungwon/STM32CubeN6/Drivers/CMSIS/Device/ST/STM32N6xx/Include -I/Users/seungwon/STM32CubeN6/Drivers/STM32N6xx_HAL_Driver/Inc -I/Users/seungwon/STM32CubeN6/Drivers/STM32N6xx_HAL_Driver/Inc/Legacy -O3 -std=c11 -fno-common -ffunction-sections -fdata-sections -fno-tree-vectorize -fno-tree-slp-vectorize -MMD -MP --specs=nosys.specs -Wall -Wextra -Wshadow -Wconversion -Wstrict-prototypes -mcpu=cortex-m55 -mthumb -mfloat-abi=hard -mcmse -fstack-usage -c /Users/seungwon/STM32CubeN6/Projects/NUCLEO-N657X0-Q/Templates/Template/FSBL/Src/system_stm32n6xx_fsbl.c -o build/full/192s/ref/benchmark/system_stm32n6xx_fsbl.c.o
In file included from /Users/seungwon/STM32CubeN6/Drivers/CMSIS/Include/core_cm55.h:4605,
                 from /Users/seungwon/STM32CubeN6/Drivers/CMSIS/Device/ST/STM32N6xx/Include/stm32n657xx.h:281,
                 from /Users/seungwon/STM32CubeN6/Drivers/CMSIS/Device/ST/STM32N6xx/Include/stm32n6xx.h:87,
                 from /Users/seungwon/STM32CubeN6/Projects/NUCLEO-N657X0-Q/Templates/Template/FSBL/Src/system_stm32n6xx_fsbl.c:55:
/Users/seungwon/STM32CubeN6/Drivers/CMSIS/Include/m-profile/armv7m_cachel1.h: In function 'SCB_InvalidateICache_by_Addr':
/Users/seungwon/STM32CubeN6/Drivers/CMSIS/Include/m-profile/armv7m_cachel1.h:117:32: warning: conversion to 'long unsigned int' from 'int32_t' {aka 'long int'} may change the sign of the result [-Wsign-conversion]
  117 |        int32_t op_size = isize + (((uint32_t)addr) & (__SCB_ICACHE_LINE_SIZE - 1U));
      |                                ^
/Users/seungwon/STM32CubeN6/Drivers/CMSIS/Include/m-profile/armv7m_cachel1.h:117:26: warning: conversion to 'int32_t' {aka 'long int'} from 'long unsigned int' may change the sign of the result [-Wsign-conversion]
  117 |        int32_t op_size = isize + (((uint32_t)addr) & (__SCB_ICACHE_LINE_SIZE - 1U));
      |                          ^~~~~
/Users/seungwon/STM32CubeN6/Drivers/CMSIS/Include/m-profile/armv7m_cachel1.h:125:17: warning: conversion to 'long unsigned int' from 'int32_t' {aka 'long int'} may change the sign of the result [-Wsign-conversion]
  125 |         op_size -= __SCB_ICACHE_LINE_SIZE;
      |                 ^~
/Users/seungwon/STM32CubeN6/Drivers/CMSIS/Include/m-profile/armv7m_cachel1.h:48:33: warning: conversion to 'int32_t' {aka 'long int'} from 'long unsigned int' may change the sign of the result [-Wsign-conversion]
   48 | #define __SCB_ICACHE_LINE_SIZE  32U /*!< Cortex-M7 cache line size is fixed to 32 bytes (8 words). See also register SCB_CCSIDR */
      |                                 ^~~
/Users/seungwon/STM32CubeN6/Drivers/CMSIS/Include/m-profile/armv7m_cachel1.h:125:20: note: in expansion of macro '__SCB_ICACHE_LINE_SIZE'
  125 |         op_size -= __SCB_ICACHE_LINE_SIZE;
      |                    ^~~~~~~~~~~~~~~~~~~~~~
/Users/seungwon/STM32CubeN6/Drivers/CMSIS/Include/m-profile/armv7m_cachel1.h: In function 'SCB_InvalidateDCache_by_Addr':
/Users/seungwon/STM32CubeN6/Drivers/CMSIS/Include/m-profile/armv7m_cachel1.h:360:32: warning: conversion to 'long unsigned int' from 'int32_t' {aka 'long int'} may change the sign of the result [-Wsign-conversion]
  360 |        int32_t op_size = dsize + (((uint32_t)addr) & (__SCB_DCACHE_LINE_SIZE - 1U));
      |                                ^
/Users/seungwon/STM32CubeN6/Drivers/CMSIS/Include/m-profile/armv7m_cachel1.h:360:26: warning: conversion to 'int32_t' {aka 'long int'} from 'long unsigned int' may change the sign of the result [-Wsign-conversion]
  360 |        int32_t op_size = dsize + (((uint32_t)addr) & (__SCB_DCACHE_LINE_SIZE - 1U));
      |                          ^~~~~
/Users/seungwon/STM32CubeN6/Drivers/CMSIS/Include/m-profile/armv7m_cachel1.h:368:17: warning: conversion to 'long unsigned int' from 'int32_t' {aka 'long int'} may change the sign of the result [-Wsign-conversion]
  368 |         op_size -= __SCB_DCACHE_LINE_SIZE;
      |                 ^~
/Users/seungwon/STM32CubeN6/Drivers/CMSIS/Include/m-profile/armv7m_cachel1.h:44:33: warning: conversion to 'int32_t' {aka 'long int'} from 'long unsigned int' may change the sign of the result [-Wsign-conversion]
   44 | #define __SCB_DCACHE_LINE_SIZE  32U /*!< Cortex-M7 cache line size is fixed to 32 bytes (8 words). See also register SCB_CCSIDR */
      |                                 ^~~
/Users/seungwon/STM32CubeN6/Drivers/CMSIS/Include/m-profile/armv7m_cachel1.h:368:20: note: in expansion of macro '__SCB_DCACHE_LINE_SIZE'
  368 |         op_size -= __SCB_DCACHE_LINE_SIZE;
      |                    ^~~~~~~~~~~~~~~~~~~~~~
/Users/seungwon/STM32CubeN6/Drivers/CMSIS/Include/m-profile/armv7m_cachel1.h: In function 'SCB_CleanDCache_by_Addr':
/Users/seungwon/STM32CubeN6/Drivers/CMSIS/Include/m-profile/armv7m_cachel1.h:390:32: warning: conversion to 'long unsigned int' from 'int32_t' {aka 'long int'} may change the sign of the result [-Wsign-conversion]
  390 |        int32_t op_size = dsize + (((uint32_t)addr) & (__SCB_DCACHE_LINE_SIZE - 1U));
      |                                ^
/Users/seungwon/STM32CubeN6/Drivers/CMSIS/Include/m-profile/armv7m_cachel1.h:390:26: warning: conversion to 'int32_t' {aka 'long int'} from 'long unsigned int' may change the sign of the result [-Wsign-conversion]
  390 |        int32_t op_size = dsize + (((uint32_t)addr) & (__SCB_DCACHE_LINE_SIZE - 1U));
      |                          ^~~~~
/Users/seungwon/STM32CubeN6/Drivers/CMSIS/Include/m-profile/armv7m_cachel1.h:398:17: warning: conversion to 'long unsigned int' from 'int32_t' {aka 'long int'} may change the sign of the result [-Wsign-conversion]
  398 |         op_size -= __SCB_DCACHE_LINE_SIZE;
      |                 ^~
/Users/seungwon/STM32CubeN6/Drivers/CMSIS/Include/m-profile/armv7m_cachel1.h:44:33: warning: conversion to 'int32_t' {aka 'long int'} from 'long unsigned int' may change the sign of the result [-Wsign-conversion]
   44 | #define __SCB_DCACHE_LINE_SIZE  32U /*!< Cortex-M7 cache line size is fixed to 32 bytes (8 words). See also register SCB_CCSIDR */
      |                                 ^~~
/Users/seungwon/STM32CubeN6/Drivers/CMSIS/Include/m-profile/armv7m_cachel1.h:398:20: note: in expansion of macro '__SCB_DCACHE_LINE_SIZE'
  398 |         op_size -= __SCB_DCACHE_LINE_SIZE;
      |                    ^~~~~~~~~~~~~~~~~~~~~~
/Users/seungwon/STM32CubeN6/Drivers/CMSIS/Include/m-profile/armv7m_cachel1.h: In function 'SCB_CleanInvalidateDCache_by_Addr':
/Users/seungwon/STM32CubeN6/Drivers/CMSIS/Include/m-profile/armv7m_cachel1.h:420:32: warning: conversion to 'long unsigned int' from 'int32_t' {aka 'long int'} may change the sign of the result [-Wsign-conversion]
  420 |        int32_t op_size = dsize + (((uint32_t)addr) & (__SCB_DCACHE_LINE_SIZE - 1U));
      |                                ^
/Users/seungwon/STM32CubeN6/Drivers/CMSIS/Include/m-profile/armv7m_cachel1.h:420:26: warning: conversion to 'int32_t' {aka 'long int'} from 'long unsigned int' may change the sign of the result [-Wsign-conversion]
  420 |        int32_t op_size = dsize + (((uint32_t)addr) & (__SCB_DCACHE_LINE_SIZE - 1U));
      |                          ^~~~~
/Users/seungwon/STM32CubeN6/Drivers/CMSIS/Include/m-profile/armv7m_cachel1.h:428:17: warning: conversion to 'long unsigned int' from 'int32_t' {aka 'long int'} may change the sign of the result [-Wsign-conversion]
  428 |         op_size -=          __SCB_DCACHE_LINE_SIZE;
      |                 ^~
/Users/seungwon/STM32CubeN6/Drivers/CMSIS/Include/m-profile/armv7m_cachel1.h:44:33: warning: conversion to 'int32_t' {aka 'long int'} from 'long unsigned int' may change the sign of the result [-Wsign-conversion]
   44 | #define __SCB_DCACHE_LINE_SIZE  32U /*!< Cortex-M7 cache line size is fixed to 32 bytes (8 words). See also register SCB_CCSIDR */
      |                                 ^~~
/Users/seungwon/STM32CubeN6/Drivers/CMSIS/Include/m-profile/armv7m_cachel1.h:428:29: note: in expansion of macro '__SCB_DCACHE_LINE_SIZE'
  428 |         op_size -=          __SCB_DCACHE_LINE_SIZE;
      |                             ^~~~~~~~~~~~~~~~~~~~~~
/Users/seungwon/test/.tools/xpack-arm-none-eabi-gcc-15.2.1-1.1/bin/arm-none-eabi-gcc   -DAIMER_BENCHMARK -DPARAMS=192s -DAIMER_BACKEND=ref -DAIMER_MATVEC=reference -DAIMER_CONFIG=ref -DBENCH_KERNEL_SAMPLES=31 -DBENCH_E2E_SAMPLES=50 -DBENCH_KERNEL_INNER=64 -DBENCH_WARMUP=10 -DPROFILE_SAMPLES=31 -DPROFILE_KERNEL_INNER=64 -DPROFILE_COMPLEX_INNER=8 -DUSE_HAL_DRIVER -DSTM32N657xx -Iinclude -I../common/src/sig/aimer/reference/aimer-192s -I../common/src -I/Users/seungwon/STM32CubeN6/Projects/NUCLEO-N657X0-Q/Templates/Template/FSBL/Inc -I/Users/seungwon/STM32CubeN6/Drivers/CMSIS/Include -I/Users/seungwon/STM32CubeN6/Drivers/CMSIS/Device/ST/STM32N6xx/Include -I/Users/seungwon/STM32CubeN6/Drivers/STM32N6xx_HAL_Driver/Inc -I/Users/seungwon/STM32CubeN6/Drivers/STM32N6xx_HAL_Driver/Inc/Legacy -O3 -std=c11 -fno-common -ffunction-sections -fdata-sections -fno-tree-vectorize -fno-tree-slp-vectorize -MMD -MP --specs=nosys.specs -Wall -Wextra -Wshadow -Wconversion -Wstrict-prototypes -mcpu=cortex-m55 -mthumb -mfloat-abi=hard -mcmse -fstack-usage -c /Users/seungwon/STM32CubeN6/Drivers/STM32N6xx_HAL_Driver/Src/stm32n6xx_hal.c -o build/full/192s/ref/benchmark/stm32n6xx_hal.c.o
In file included from /Users/seungwon/STM32CubeN6/Drivers/CMSIS/Include/core_cm55.h:4605,
                 from /Users/seungwon/STM32CubeN6/Drivers/CMSIS/Device/ST/STM32N6xx/Include/stm32n657xx.h:281,
                 from /Users/seungwon/STM32CubeN6/Drivers/CMSIS/Device/ST/STM32N6xx/Include/stm32n6xx.h:87,
                 from /Users/seungwon/STM32CubeN6/Drivers/STM32N6xx_HAL_Driver/Inc/stm32n6xx_hal_def.h:33,
                 from /Users/seungwon/STM32CubeN6/Drivers/STM32N6xx_HAL_Driver/Inc/stm32n6xx_hal_rcc.h:28,
                 from /Users/seungwon/STM32CubeN6/Projects/NUCLEO-N657X0-Q/Templates/Template/FSBL/Inc/stm32n6xx_hal_conf.h:253,
                 from /Users/seungwon/STM32CubeN6/Drivers/STM32N6xx_HAL_Driver/Inc/stm32n6xx_hal.h:29,
                 from /Users/seungwon/STM32CubeN6/Drivers/STM32N6xx_HAL_Driver/Src/stm32n6xx_hal.c:45:
/Users/seungwon/STM32CubeN6/Drivers/CMSIS/Include/m-profile/armv7m_cachel1.h: In function 'SCB_InvalidateICache_by_Addr':
/Users/seungwon/STM32CubeN6/Drivers/CMSIS/Include/m-profile/armv7m_cachel1.h:117:32: warning: conversion to 'long unsigned int' from 'int32_t' {aka 'long int'} may change the sign of the result [-Wsign-conversion]
  117 |        int32_t op_size = isize + (((uint32_t)addr) & (__SCB_ICACHE_LINE_SIZE - 1U));
      |                                ^
/Users/seungwon/STM32CubeN6/Drivers/CMSIS/Include/m-profile/armv7m_cachel1.h:117:26: warning: conversion to 'int32_t' {aka 'long int'} from 'long unsigned int' may change the sign of the result [-Wsign-conversion]
  117 |        int32_t op_size = isize + (((uint32_t)addr) & (__SCB_ICACHE_LINE_SIZE - 1U));
      |                          ^~~~~
/Users/seungwon/STM32CubeN6/Drivers/CMSIS/Include/m-profile/armv7m_cachel1.h:125:17: warning: conversion to 'long unsigned int' from 'int32_t' {aka 'long int'} may change the sign of the result [-Wsign-conversion]
  125 |         op_size -= __SCB_ICACHE_LINE_SIZE;
      |                 ^~
/Users/seungwon/STM32CubeN6/Drivers/CMSIS/Include/m-profile/armv7m_cachel1.h:48:33: warning: conversion to 'int32_t' {aka 'long int'} from 'long unsigned int' may change the sign of the result [-Wsign-conversion]
   48 | #define __SCB_ICACHE_LINE_SIZE  32U /*!< Cortex-M7 cache line size is fixed to 32 bytes (8 words). See also register SCB_CCSIDR */
      |                                 ^~~
/Users/seungwon/STM32CubeN6/Drivers/CMSIS/Include/m-profile/armv7m_cachel1.h:125:20: note: in expansion of macro '__SCB_ICACHE_LINE_SIZE'
  125 |         op_size -= __SCB_ICACHE_LINE_SIZE;
      |                    ^~~~~~~~~~~~~~~~~~~~~~
/Users/seungwon/STM32CubeN6/Drivers/CMSIS/Include/m-profile/armv7m_cachel1.h: In function 'SCB_InvalidateDCache_by_Addr':
/Users/seungwon/STM32CubeN6/Drivers/CMSIS/Include/m-profile/armv7m_cachel1.h:360:32: warning: conversion to 'long unsigned int' from 'int32_t' {aka 'long int'} may change the sign of the result [-Wsign-conversion]
  360 |        int32_t op_size = dsize + (((uint32_t)addr) & (__SCB_DCACHE_LINE_SIZE - 1U));
      |                                ^
/Users/seungwon/STM32CubeN6/Drivers/CMSIS/Include/m-profile/armv7m_cachel1.h:360:26: warning: conversion to 'int32_t' {aka 'long int'} from 'long unsigned int' may change the sign of the result [-Wsign-conversion]
  360 |        int32_t op_size = dsize + (((uint32_t)addr) & (__SCB_DCACHE_LINE_SIZE - 1U));
      |                          ^~~~~
/Users/seungwon/STM32CubeN6/Drivers/CMSIS/Include/m-profile/armv7m_cachel1.h:368:17: warning: conversion to 'long unsigned int' from 'int32_t' {aka 'long int'} may change the sign of the result [-Wsign-conversion]
  368 |         op_size -= __SCB_DCACHE_LINE_SIZE;
      |                 ^~
/Users/seungwon/STM32CubeN6/Drivers/CMSIS/Include/m-profile/armv7m_cachel1.h:44:33: warning: conversion to 'int32_t' {aka 'long int'} from 'long unsigned int' may change the sign of the result [-Wsign-conversion]
   44 | #define __SCB_DCACHE_LINE_SIZE  32U /*!< Cortex-M7 cache line size is fixed to 32 bytes (8 words). See also register SCB_CCSIDR */
      |                                 ^~~
/Users/seungwon/STM32CubeN6/Drivers/CMSIS/Include/m-profile/armv7m_cachel1.h:368:20: note: in expansion of macro '__SCB_DCACHE_LINE_SIZE'
  368 |         op_size -= __SCB_DCACHE_LINE_SIZE;
      |                    ^~~~~~~~~~~~~~~~~~~~~~
/Users/seungwon/STM32CubeN6/Drivers/CMSIS/Include/m-profile/armv7m_cachel1.h: In function 'SCB_CleanDCache_by_Addr':
/Users/seungwon/STM32CubeN6/Drivers/CMSIS/Include/m-profile/armv7m_cachel1.h:390:32: warning: conversion to 'long unsigned int' from 'int32_t' {aka 'long int'} may change the sign of the result [-Wsign-conversion]
  390 |        int32_t op_size = dsize + (((uint32_t)addr) & (__SCB_DCACHE_LINE_SIZE - 1U));
      |                                ^
/Users/seungwon/STM32CubeN6/Drivers/CMSIS/Include/m-profile/armv7m_cachel1.h:390:26: warning: conversion to 'int32_t' {aka 'long int'} from 'long unsigned int' may change the sign of the result [-Wsign-conversion]
  390 |        int32_t op_size = dsize + (((uint32_t)addr) & (__SCB_DCACHE_LINE_SIZE - 1U));
      |                          ^~~~~
/Users/seungwon/STM32CubeN6/Drivers/CMSIS/Include/m-profile/armv7m_cachel1.h:398:17: warning: conversion to 'long unsigned int' from 'int32_t' {aka 'long int'} may change the sign of the result [-Wsign-conversion]
  398 |         op_size -= __SCB_DCACHE_LINE_SIZE;
      |                 ^~
/Users/seungwon/STM32CubeN6/Drivers/CMSIS/Include/m-profile/armv7m_cachel1.h:44:33: warning: conversion to 'int32_t' {aka 'long int'} from 'long unsigned int' may change the sign of the result [-Wsign-conversion]
   44 | #define __SCB_DCACHE_LINE_SIZE  32U /*!< Cortex-M7 cache line size is fixed to 32 bytes (8 words). See also register SCB_CCSIDR */
      |                                 ^~~
/Users/seungwon/STM32CubeN6/Drivers/CMSIS/Include/m-profile/armv7m_cachel1.h:398:20: note: in expansion of macro '__SCB_DCACHE_LINE_SIZE'
  398 |         op_size -= __SCB_DCACHE_LINE_SIZE;
      |                    ^~~~~~~~~~~~~~~~~~~~~~
/Users/seungwon/STM32CubeN6/Drivers/CMSIS/Include/m-profile/armv7m_cachel1.h: In function 'SCB_CleanInvalidateDCache_by_Addr':
/Users/seungwon/STM32CubeN6/Drivers/CMSIS/Include/m-profile/armv7m_cachel1.h:420:32: warning: conversion to 'long unsigned int' from 'int32_t' {aka 'long int'} may change the sign of the result [-Wsign-conversion]
  420 |        int32_t op_size = dsize + (((uint32_t)addr) & (__SCB_DCACHE_LINE_SIZE - 1U));
      |                                ^
/Users/seungwon/STM32CubeN6/Drivers/CMSIS/Include/m-profile/armv7m_cachel1.h:420:26: warning: conversion to 'int32_t' {aka 'long int'} from 'long unsigned int' may change the sign of the result [-Wsign-conversion]
  420 |        int32_t op_size = dsize + (((uint32_t)addr) & (__SCB_DCACHE_LINE_SIZE - 1U));
      |                          ^~~~~
/Users/seungwon/STM32CubeN6/Drivers/CMSIS/Include/m-profile/armv7m_cachel1.h:428:17: warning: conversion to 'long unsigned int' from 'int32_t' {aka 'long int'} may change the sign of the result [-Wsign-conversion]
  428 |         op_size -=          __SCB_DCACHE_LINE_SIZE;
      |                 ^~
/Users/seungwon/STM32CubeN6/Drivers/CMSIS/Include/m-profile/armv7m_cachel1.h:44:33: warning: conversion to 'int32_t' {aka 'long int'} from 'long unsigned int' may change the sign of the result [-Wsign-conversion]
   44 | #define __SCB_DCACHE_LINE_SIZE  32U /*!< Cortex-M7 cache line size is fixed to 32 bytes (8 words). See also register SCB_CCSIDR */
      |                                 ^~~
/Users/seungwon/STM32CubeN6/Drivers/CMSIS/Include/m-profile/armv7m_cachel1.h:428:29: note: in expansion of macro '__SCB_DCACHE_LINE_SIZE'
  428 |         op_size -=          __SCB_DCACHE_LINE_SIZE;
      |                             ^~~~~~~~~~~~~~~~~~~~~~
/Users/seungwon/test/.tools/xpack-arm-none-eabi-gcc-15.2.1-1.1/bin/arm-none-eabi-gcc   -DAIMER_BENCHMARK -DPARAMS=192s -DAIMER_BACKEND=ref -DAIMER_MATVEC=reference -DAIMER_CONFIG=ref -DBENCH_KERNEL_SAMPLES=31 -DBENCH_E2E_SAMPLES=50 -DBENCH_KERNEL_INNER=64 -DBENCH_WARMUP=10 -DPROFILE_SAMPLES=31 -DPROFILE_KERNEL_INNER=64 -DPROFILE_COMPLEX_INNER=8 -DUSE_HAL_DRIVER -DSTM32N657xx -Iinclude -I../common/src/sig/aimer/reference/aimer-192s -I../common/src -I/Users/seungwon/STM32CubeN6/Projects/NUCLEO-N657X0-Q/Templates/Template/FSBL/Inc -I/Users/seungwon/STM32CubeN6/Drivers/CMSIS/Include -I/Users/seungwon/STM32CubeN6/Drivers/CMSIS/Device/ST/STM32N6xx/Include -I/Users/seungwon/STM32CubeN6/Drivers/STM32N6xx_HAL_Driver/Inc -I/Users/seungwon/STM32CubeN6/Drivers/STM32N6xx_HAL_Driver/Inc/Legacy -O3 -std=c11 -fno-common -ffunction-sections -fdata-sections -fno-tree-vectorize -fno-tree-slp-vectorize -MMD -MP --specs=nosys.specs -Wall -Wextra -Wshadow -Wconversion -Wstrict-prototypes -mcpu=cortex-m55 -mthumb -mfloat-abi=hard -mcmse -fstack-usage -c /Users/seungwon/STM32CubeN6/Drivers/STM32N6xx_HAL_Driver/Src/stm32n6xx_hal_cortex.c -o build/full/192s/ref/benchmark/stm32n6xx_hal_cortex.c.o
In file included from /Users/seungwon/STM32CubeN6/Drivers/CMSIS/Include/core_cm55.h:4605,
                 from /Users/seungwon/STM32CubeN6/Drivers/CMSIS/Device/ST/STM32N6xx/Include/stm32n657xx.h:281,
                 from /Users/seungwon/STM32CubeN6/Drivers/CMSIS/Device/ST/STM32N6xx/Include/stm32n6xx.h:87,
                 from /Users/seungwon/STM32CubeN6/Drivers/STM32N6xx_HAL_Driver/Inc/stm32n6xx_hal_def.h:33,
                 from /Users/seungwon/STM32CubeN6/Drivers/STM32N6xx_HAL_Driver/Inc/stm32n6xx_hal_rcc.h:28,
                 from /Users/seungwon/STM32CubeN6/Projects/NUCLEO-N657X0-Q/Templates/Template/FSBL/Inc/stm32n6xx_hal_conf.h:253,
                 from /Users/seungwon/STM32CubeN6/Drivers/STM32N6xx_HAL_Driver/Inc/stm32n6xx_hal.h:29,
                 from /Users/seungwon/STM32CubeN6/Drivers/STM32N6xx_HAL_Driver/Src/stm32n6xx_hal_cortex.c:158:
/Users/seungwon/STM32CubeN6/Drivers/CMSIS/Include/m-profile/armv7m_cachel1.h: In function 'SCB_InvalidateICache_by_Addr':
/Users/seungwon/STM32CubeN6/Drivers/CMSIS/Include/m-profile/armv7m_cachel1.h:117:32: warning: conversion to 'long unsigned int' from 'int32_t' {aka 'long int'} may change the sign of the result [-Wsign-conversion]
  117 |        int32_t op_size = isize + (((uint32_t)addr) & (__SCB_ICACHE_LINE_SIZE - 1U));
      |                                ^
/Users/seungwon/STM32CubeN6/Drivers/CMSIS/Include/m-profile/armv7m_cachel1.h:117:26: warning: conversion to 'int32_t' {aka 'long int'} from 'long unsigned int' may change the sign of the result [-Wsign-conversion]
  117 |        int32_t op_size = isize + (((uint32_t)addr) & (__SCB_ICACHE_LINE_SIZE - 1U));
      |                          ^~~~~
/Users/seungwon/STM32CubeN6/Drivers/CMSIS/Include/m-profile/armv7m_cachel1.h:125:17: warning: conversion to 'long unsigned int' from 'int32_t' {aka 'long int'} may change the sign of the result [-Wsign-conversion]
  125 |         op_size -= __SCB_ICACHE_LINE_SIZE;
      |                 ^~
/Users/seungwon/STM32CubeN6/Drivers/CMSIS/Include/m-profile/armv7m_cachel1.h:48:33: warning: conversion to 'int32_t' {aka 'long int'} from 'long unsigned int' may change the sign of the result [-Wsign-conversion]
   48 | #define __SCB_ICACHE_LINE_SIZE  32U /*!< Cortex-M7 cache line size is fixed to 32 bytes (8 words). See also register SCB_CCSIDR */
      |                                 ^~~
/Users/seungwon/STM32CubeN6/Drivers/CMSIS/Include/m-profile/armv7m_cachel1.h:125:20: note: in expansion of macro '__SCB_ICACHE_LINE_SIZE'
  125 |         op_size -= __SCB_ICACHE_LINE_SIZE;
      |                    ^~~~~~~~~~~~~~~~~~~~~~
/Users/seungwon/STM32CubeN6/Drivers/CMSIS/Include/m-profile/armv7m_cachel1.h: In function 'SCB_InvalidateDCache_by_Addr':
/Users/seungwon/STM32CubeN6/Drivers/CMSIS/Include/m-profile/armv7m_cachel1.h:360:32: warning: conversion to 'long unsigned int' from 'int32_t' {aka 'long int'} may change the sign of the result [-Wsign-conversion]
  360 |        int32_t op_size = dsize + (((uint32_t)addr) & (__SCB_DCACHE_LINE_SIZE - 1U));
      |                                ^
/Users/seungwon/STM32CubeN6/Drivers/CMSIS/Include/m-profile/armv7m_cachel1.h:360:26: warning: conversion to 'int32_t' {aka 'long int'} from 'long unsigned int' may change the sign of the result [-Wsign-conversion]
  360 |        int32_t op_size = dsize + (((uint32_t)addr) & (__SCB_DCACHE_LINE_SIZE - 1U));
      |                          ^~~~~
/Users/seungwon/STM32CubeN6/Drivers/CMSIS/Include/m-profile/armv7m_cachel1.h:368:17: warning: conversion to 'long unsigned int' from 'int32_t' {aka 'long int'} may change the sign of the result [-Wsign-conversion]
  368 |         op_size -= __SCB_DCACHE_LINE_SIZE;
      |                 ^~
/Users/seungwon/STM32CubeN6/Drivers/CMSIS/Include/m-profile/armv7m_cachel1.h:44:33: warning: conversion to 'int32_t' {aka 'long int'} from 'long unsigned int' may change the sign of the result [-Wsign-conversion]
   44 | #define __SCB_DCACHE_LINE_SIZE  32U /*!< Cortex-M7 cache line size is fixed to 32 bytes (8 words). See also register SCB_CCSIDR */
      |                                 ^~~
/Users/seungwon/STM32CubeN6/Drivers/CMSIS/Include/m-profile/armv7m_cachel1.h:368:20: note: in expansion of macro '__SCB_DCACHE_LINE_SIZE'
  368 |         op_size -= __SCB_DCACHE_LINE_SIZE;
      |                    ^~~~~~~~~~~~~~~~~~~~~~
/Users/seungwon/STM32CubeN6/Drivers/CMSIS/Include/m-profile/armv7m_cachel1.h: In function 'SCB_CleanDCache_by_Addr':
/Users/seungwon/STM32CubeN6/Drivers/CMSIS/Include/m-profile/armv7m_cachel1.h:390:32: warning: conversion to 'long unsigned int' from 'int32_t' {aka 'long int'} may change the sign of the result [-Wsign-conversion]
  390 |        int32_t op_size = dsize + (((uint32_t)addr) & (__SCB_DCACHE_LINE_SIZE - 1U));
      |                                ^
/Users/seungwon/STM32CubeN6/Drivers/CMSIS/Include/m-profile/armv7m_cachel1.h:390:26: warning: conversion to 'int32_t' {aka 'long int'} from 'long unsigned int' may change the sign of the result [-Wsign-conversion]
  390 |        int32_t op_size = dsize + (((uint32_t)addr) & (__SCB_DCACHE_LINE_SIZE - 1U));
      |                          ^~~~~
/Users/seungwon/STM32CubeN6/Drivers/CMSIS/Include/m-profile/armv7m_cachel1.h:398:17: warning: conversion to 'long unsigned int' from 'int32_t' {aka 'long int'} may change the sign of the result [-Wsign-conversion]
  398 |         op_size -= __SCB_DCACHE_LINE_SIZE;
      |                 ^~
/Users/seungwon/STM32CubeN6/Drivers/CMSIS/Include/m-profile/armv7m_cachel1.h:44:33: warning: conversion to 'int32_t' {aka 'long int'} from 'long unsigned int' may change the sign of the result [-Wsign-conversion]
   44 | #define __SCB_DCACHE_LINE_SIZE  32U /*!< Cortex-M7 cache line size is fixed to 32 bytes (8 words). See also register SCB_CCSIDR */
      |                                 ^~~
/Users/seungwon/STM32CubeN6/Drivers/CMSIS/Include/m-profile/armv7m_cachel1.h:398:20: note: in expansion of macro '__SCB_DCACHE_LINE_SIZE'
  398 |         op_size -= __SCB_DCACHE_LINE_SIZE;
      |                    ^~~~~~~~~~~~~~~~~~~~~~
/Users/seungwon/STM32CubeN6/Drivers/CMSIS/Include/m-profile/armv7m_cachel1.h: In function 'SCB_CleanInvalidateDCache_by_Addr':
/Users/seungwon/STM32CubeN6/Drivers/CMSIS/Include/m-profile/armv7m_cachel1.h:420:32: warning: conversion to 'long unsigned int' from 'int32_t' {aka 'long int'} may change the sign of the result [-Wsign-conversion]
  420 |        int32_t op_size = dsize + (((uint32_t)addr) & (__SCB_DCACHE_LINE_SIZE - 1U));
      |                                ^
/Users/seungwon/STM32CubeN6/Drivers/CMSIS/Include/m-profile/armv7m_cachel1.h:420:26: warning: conversion to 'int32_t' {aka 'long int'} from 'long unsigned int' may change the sign of the result [-Wsign-conversion]
  420 |        int32_t op_size = dsize + (((uint32_t)addr) & (__SCB_DCACHE_LINE_SIZE - 1U));
      |                          ^~~~~
/Users/seungwon/STM32CubeN6/Drivers/CMSIS/Include/m-profile/armv7m_cachel1.h:428:17: warning: conversion to 'long unsigned int' from 'int32_t' {aka 'long int'} may change the sign of the result [-Wsign-conversion]
  428 |         op_size -=          __SCB_DCACHE_LINE_SIZE;
      |                 ^~
/Users/seungwon/STM32CubeN6/Drivers/CMSIS/Include/m-profile/armv7m_cachel1.h:44:33: warning: conversion to 'int32_t' {aka 'long int'} from 'long unsigned int' may change the sign of the result [-Wsign-conversion]
   44 | #define __SCB_DCACHE_LINE_SIZE  32U /*!< Cortex-M7 cache line size is fixed to 32 bytes (8 words). See also register SCB_CCSIDR */
      |                                 ^~~
/Users/seungwon/STM32CubeN6/Drivers/CMSIS/Include/m-profile/armv7m_cachel1.h:428:29: note: in expansion of macro '__SCB_DCACHE_LINE_SIZE'
  428 |         op_size -=          __SCB_DCACHE_LINE_SIZE;
      |                             ^~~~~~~~~~~~~~~~~~~~~~
/Users/seungwon/test/.tools/xpack-arm-none-eabi-gcc-15.2.1-1.1/bin/arm-none-eabi-gcc   -DAIMER_BENCHMARK -DPARAMS=192s -DAIMER_BACKEND=ref -DAIMER_MATVEC=reference -DAIMER_CONFIG=ref -DBENCH_KERNEL_SAMPLES=31 -DBENCH_E2E_SAMPLES=50 -DBENCH_KERNEL_INNER=64 -DBENCH_WARMUP=10 -DPROFILE_SAMPLES=31 -DPROFILE_KERNEL_INNER=64 -DPROFILE_COMPLEX_INNER=8 -DUSE_HAL_DRIVER -DSTM32N657xx -Iinclude -I../common/src/sig/aimer/reference/aimer-192s -I../common/src -I/Users/seungwon/STM32CubeN6/Projects/NUCLEO-N657X0-Q/Templates/Template/FSBL/Inc -I/Users/seungwon/STM32CubeN6/Drivers/CMSIS/Include -I/Users/seungwon/STM32CubeN6/Drivers/CMSIS/Device/ST/STM32N6xx/Include -I/Users/seungwon/STM32CubeN6/Drivers/STM32N6xx_HAL_Driver/Inc -I/Users/seungwon/STM32CubeN6/Drivers/STM32N6xx_HAL_Driver/Inc/Legacy -O3 -std=c11 -fno-common -ffunction-sections -fdata-sections -fno-tree-vectorize -fno-tree-slp-vectorize -MMD -MP --specs=nosys.specs -Wall -Wextra -Wshadow -Wconversion -Wstrict-prototypes -mcpu=cortex-m55 -mthumb -mfloat-abi=hard -mcmse -fstack-usage -c /Users/seungwon/STM32CubeN6/Drivers/STM32N6xx_HAL_Driver/Src/stm32n6xx_hal_pwr.c -o build/full/192s/ref/benchmark/stm32n6xx_hal_pwr.c.o
In file included from /Users/seungwon/STM32CubeN6/Drivers/CMSIS/Include/core_cm55.h:4605,
                 from /Users/seungwon/STM32CubeN6/Drivers/CMSIS/Device/ST/STM32N6xx/Include/stm32n657xx.h:281,
                 from /Users/seungwon/STM32CubeN6/Drivers/CMSIS/Device/ST/STM32N6xx/Include/stm32n6xx.h:87,
                 from /Users/seungwon/STM32CubeN6/Drivers/STM32N6xx_HAL_Driver/Inc/stm32n6xx_hal_def.h:33,
                 from /Users/seungwon/STM32CubeN6/Drivers/STM32N6xx_HAL_Driver/Inc/stm32n6xx_hal_rcc.h:28,
                 from /Users/seungwon/STM32CubeN6/Projects/NUCLEO-N657X0-Q/Templates/Template/FSBL/Inc/stm32n6xx_hal_conf.h:253,
                 from /Users/seungwon/STM32CubeN6/Drivers/STM32N6xx_HAL_Driver/Inc/stm32n6xx_hal.h:29,
                 from /Users/seungwon/STM32CubeN6/Drivers/STM32N6xx_HAL_Driver/Src/stm32n6xx_hal_pwr.c:107:
/Users/seungwon/STM32CubeN6/Drivers/CMSIS/Include/m-profile/armv7m_cachel1.h: In function 'SCB_InvalidateICache_by_Addr':
/Users/seungwon/STM32CubeN6/Drivers/CMSIS/Include/m-profile/armv7m_cachel1.h:117:32: warning: conversion to 'long unsigned int' from 'int32_t' {aka 'long int'} may change the sign of the result [-Wsign-conversion]
  117 |        int32_t op_size = isize + (((uint32_t)addr) & (__SCB_ICACHE_LINE_SIZE - 1U));
      |                                ^
/Users/seungwon/STM32CubeN6/Drivers/CMSIS/Include/m-profile/armv7m_cachel1.h:117:26: warning: conversion to 'int32_t' {aka 'long int'} from 'long unsigned int' may change the sign of the result [-Wsign-conversion]
  117 |        int32_t op_size = isize + (((uint32_t)addr) & (__SCB_ICACHE_LINE_SIZE - 1U));
      |                          ^~~~~
/Users/seungwon/STM32CubeN6/Drivers/CMSIS/Include/m-profile/armv7m_cachel1.h:125:17: warning: conversion to 'long unsigned int' from 'int32_t' {aka 'long int'} may change the sign of the result [-Wsign-conversion]
  125 |         op_size -= __SCB_ICACHE_LINE_SIZE;
      |                 ^~
/Users/seungwon/STM32CubeN6/Drivers/CMSIS/Include/m-profile/armv7m_cachel1.h:48:33: warning: conversion to 'int32_t' {aka 'long int'} from 'long unsigned int' may change the sign of the result [-Wsign-conversion]
   48 | #define __SCB_ICACHE_LINE_SIZE  32U /*!< Cortex-M7 cache line size is fixed to 32 bytes (8 words). See also register SCB_CCSIDR */
      |                                 ^~~
/Users/seungwon/STM32CubeN6/Drivers/CMSIS/Include/m-profile/armv7m_cachel1.h:125:20: note: in expansion of macro '__SCB_ICACHE_LINE_SIZE'
  125 |         op_size -= __SCB_ICACHE_LINE_SIZE;
      |                    ^~~~~~~~~~~~~~~~~~~~~~
/Users/seungwon/STM32CubeN6/Drivers/CMSIS/Include/m-profile/armv7m_cachel1.h: In function 'SCB_InvalidateDCache_by_Addr':
/Users/seungwon/STM32CubeN6/Drivers/CMSIS/Include/m-profile/armv7m_cachel1.h:360:32: warning: conversion to 'long unsigned int' from 'int32_t' {aka 'long int'} may change the sign of the result [-Wsign-conversion]
  360 |        int32_t op_size = dsize + (((uint32_t)addr) & (__SCB_DCACHE_LINE_SIZE - 1U));
      |                                ^
/Users/seungwon/STM32CubeN6/Drivers/CMSIS/Include/m-profile/armv7m_cachel1.h:360:26: warning: conversion to 'int32_t' {aka 'long int'} from 'long unsigned int' may change the sign of the result [-Wsign-conversion]
  360 |        int32_t op_size = dsize + (((uint32_t)addr) & (__SCB_DCACHE_LINE_SIZE - 1U));
      |                          ^~~~~
/Users/seungwon/STM32CubeN6/Drivers/CMSIS/Include/m-profile/armv7m_cachel1.h:368:17: warning: conversion to 'long unsigned int' from 'int32_t' {aka 'long int'} may change the sign of the result [-Wsign-conversion]
  368 |         op_size -= __SCB_DCACHE_LINE_SIZE;
      |                 ^~
/Users/seungwon/STM32CubeN6/Drivers/CMSIS/Include/m-profile/armv7m_cachel1.h:44:33: warning: conversion to 'int32_t' {aka 'long int'} from 'long unsigned int' may change the sign of the result [-Wsign-conversion]
   44 | #define __SCB_DCACHE_LINE_SIZE  32U /*!< Cortex-M7 cache line size is fixed to 32 bytes (8 words). See also register SCB_CCSIDR */
      |                                 ^~~
/Users/seungwon/STM32CubeN6/Drivers/CMSIS/Include/m-profile/armv7m_cachel1.h:368:20: note: in expansion of macro '__SCB_DCACHE_LINE_SIZE'
  368 |         op_size -= __SCB_DCACHE_LINE_SIZE;
      |                    ^~~~~~~~~~~~~~~~~~~~~~
/Users/seungwon/STM32CubeN6/Drivers/CMSIS/Include/m-profile/armv7m_cachel1.h: In function 'SCB_CleanDCache_by_Addr':
/Users/seungwon/STM32CubeN6/Drivers/CMSIS/Include/m-profile/armv7m_cachel1.h:390:32: warning: conversion to 'long unsigned int' from 'int32_t' {aka 'long int'} may change the sign of the result [-Wsign-conversion]
  390 |        int32_t op_size = dsize + (((uint32_t)addr) & (__SCB_DCACHE_LINE_SIZE - 1U));
      |                                ^
/Users/seungwon/STM32CubeN6/Drivers/CMSIS/Include/m-profile/armv7m_cachel1.h:390:26: warning: conversion to 'int32_t' {aka 'long int'} from 'long unsigned int' may change the sign of the result [-Wsign-conversion]
  390 |        int32_t op_size = dsize + (((uint32_t)addr) & (__SCB_DCACHE_LINE_SIZE - 1U));
      |                          ^~~~~
/Users/seungwon/STM32CubeN6/Drivers/CMSIS/Include/m-profile/armv7m_cachel1.h:398:17: warning: conversion to 'long unsigned int' from 'int32_t' {aka 'long int'} may change the sign of the result [-Wsign-conversion]
  398 |         op_size -= __SCB_DCACHE_LINE_SIZE;
      |                 ^~
/Users/seungwon/STM32CubeN6/Drivers/CMSIS/Include/m-profile/armv7m_cachel1.h:44:33: warning: conversion to 'int32_t' {aka 'long int'} from 'long unsigned int' may change the sign of the result [-Wsign-conversion]
   44 | #define __SCB_DCACHE_LINE_SIZE  32U /*!< Cortex-M7 cache line size is fixed to 32 bytes (8 words). See also register SCB_CCSIDR */
      |                                 ^~~
/Users/seungwon/STM32CubeN6/Drivers/CMSIS/Include/m-profile/armv7m_cachel1.h:398:20: note: in expansion of macro '__SCB_DCACHE_LINE_SIZE'
  398 |         op_size -= __SCB_DCACHE_LINE_SIZE;
      |                    ^~~~~~~~~~~~~~~~~~~~~~
/Users/seungwon/STM32CubeN6/Drivers/CMSIS/Include/m-profile/armv7m_cachel1.h: In function 'SCB_CleanInvalidateDCache_by_Addr':
/Users/seungwon/STM32CubeN6/Drivers/CMSIS/Include/m-profile/armv7m_cachel1.h:420:32: warning: conversion to 'long unsigned int' from 'int32_t' {aka 'long int'} may change the sign of the result [-Wsign-conversion]
  420 |        int32_t op_size = dsize + (((uint32_t)addr) & (__SCB_DCACHE_LINE_SIZE - 1U));
      |                                ^
/Users/seungwon/STM32CubeN6/Drivers/CMSIS/Include/m-profile/armv7m_cachel1.h:420:26: warning: conversion to 'int32_t' {aka 'long int'} from 'long unsigned int' may change the sign of the result [-Wsign-conversion]
  420 |        int32_t op_size = dsize + (((uint32_t)addr) & (__SCB_DCACHE_LINE_SIZE - 1U));
      |                          ^~~~~
/Users/seungwon/STM32CubeN6/Drivers/CMSIS/Include/m-profile/armv7m_cachel1.h:428:17: warning: conversion to 'long unsigned int' from 'int32_t' {aka 'long int'} may change the sign of the result [-Wsign-conversion]
  428 |         op_size -=          __SCB_DCACHE_LINE_SIZE;
      |                 ^~
/Users/seungwon/STM32CubeN6/Drivers/CMSIS/Include/m-profile/armv7m_cachel1.h:44:33: warning: conversion to 'int32_t' {aka 'long int'} from 'long unsigned int' may change the sign of the result [-Wsign-conversion]
   44 | #define __SCB_DCACHE_LINE_SIZE  32U /*!< Cortex-M7 cache line size is fixed to 32 bytes (8 words). See also register SCB_CCSIDR */
      |                                 ^~~
/Users/seungwon/STM32CubeN6/Drivers/CMSIS/Include/m-profile/armv7m_cachel1.h:428:29: note: in expansion of macro '__SCB_DCACHE_LINE_SIZE'
  428 |         op_size -=          __SCB_DCACHE_LINE_SIZE;
      |                             ^~~~~~~~~~~~~~~~~~~~~~
/Users/seungwon/test/.tools/xpack-arm-none-eabi-gcc-15.2.1-1.1/bin/arm-none-eabi-gcc   -DAIMER_BENCHMARK -DPARAMS=192s -DAIMER_BACKEND=ref -DAIMER_MATVEC=reference -DAIMER_CONFIG=ref -DBENCH_KERNEL_SAMPLES=31 -DBENCH_E2E_SAMPLES=50 -DBENCH_KERNEL_INNER=64 -DBENCH_WARMUP=10 -DPROFILE_SAMPLES=31 -DPROFILE_KERNEL_INNER=64 -DPROFILE_COMPLEX_INNER=8 -DUSE_HAL_DRIVER -DSTM32N657xx -Iinclude -I../common/src/sig/aimer/reference/aimer-192s -I../common/src -I/Users/seungwon/STM32CubeN6/Projects/NUCLEO-N657X0-Q/Templates/Template/FSBL/Inc -I/Users/seungwon/STM32CubeN6/Drivers/CMSIS/Include -I/Users/seungwon/STM32CubeN6/Drivers/CMSIS/Device/ST/STM32N6xx/Include -I/Users/seungwon/STM32CubeN6/Drivers/STM32N6xx_HAL_Driver/Inc -I/Users/seungwon/STM32CubeN6/Drivers/STM32N6xx_HAL_Driver/Inc/Legacy -O3 -std=c11 -fno-common -ffunction-sections -fdata-sections -fno-tree-vectorize -fno-tree-slp-vectorize -MMD -MP --specs=nosys.specs -Wall -Wextra -Wshadow -Wconversion -Wstrict-prototypes -mcpu=cortex-m55 -mthumb -mfloat-abi=hard -mcmse -fstack-usage -c /Users/seungwon/STM32CubeN6/Drivers/STM32N6xx_HAL_Driver/Src/stm32n6xx_hal_pwr_ex.c -o build/full/192s/ref/benchmark/stm32n6xx_hal_pwr_ex.c.o
In file included from /Users/seungwon/STM32CubeN6/Drivers/CMSIS/Include/core_cm55.h:4605,
                 from /Users/seungwon/STM32CubeN6/Drivers/CMSIS/Device/ST/STM32N6xx/Include/stm32n657xx.h:281,
                 from /Users/seungwon/STM32CubeN6/Drivers/CMSIS/Device/ST/STM32N6xx/Include/stm32n6xx.h:87,
                 from /Users/seungwon/STM32CubeN6/Drivers/STM32N6xx_HAL_Driver/Inc/stm32n6xx_hal_def.h:33,
                 from /Users/seungwon/STM32CubeN6/Drivers/STM32N6xx_HAL_Driver/Inc/stm32n6xx_hal_rcc.h:28,
                 from /Users/seungwon/STM32CubeN6/Projects/NUCLEO-N657X0-Q/Templates/Template/FSBL/Inc/stm32n6xx_hal_conf.h:253,
                 from /Users/seungwon/STM32CubeN6/Drivers/STM32N6xx_HAL_Driver/Inc/stm32n6xx_hal.h:29,
                 from /Users/seungwon/STM32CubeN6/Drivers/STM32N6xx_HAL_Driver/Src/stm32n6xx_hal_pwr_ex.c:159:
/Users/seungwon/STM32CubeN6/Drivers/CMSIS/Include/m-profile/armv7m_cachel1.h: In function 'SCB_InvalidateICache_by_Addr':
/Users/seungwon/STM32CubeN6/Drivers/CMSIS/Include/m-profile/armv7m_cachel1.h:117:32: warning: conversion to 'long unsigned int' from 'int32_t' {aka 'long int'} may change the sign of the result [-Wsign-conversion]
  117 |        int32_t op_size = isize + (((uint32_t)addr) & (__SCB_ICACHE_LINE_SIZE - 1U));
      |                                ^
/Users/seungwon/STM32CubeN6/Drivers/CMSIS/Include/m-profile/armv7m_cachel1.h:117:26: warning: conversion to 'int32_t' {aka 'long int'} from 'long unsigned int' may change the sign of the result [-Wsign-conversion]
  117 |        int32_t op_size = isize + (((uint32_t)addr) & (__SCB_ICACHE_LINE_SIZE - 1U));
      |                          ^~~~~
/Users/seungwon/STM32CubeN6/Drivers/CMSIS/Include/m-profile/armv7m_cachel1.h:125:17: warning: conversion to 'long unsigned int' from 'int32_t' {aka 'long int'} may change the sign of the result [-Wsign-conversion]
  125 |         op_size -= __SCB_ICACHE_LINE_SIZE;
      |                 ^~
/Users/seungwon/STM32CubeN6/Drivers/CMSIS/Include/m-profile/armv7m_cachel1.h:48:33: warning: conversion to 'int32_t' {aka 'long int'} from 'long unsigned int' may change the sign of the result [-Wsign-conversion]
   48 | #define __SCB_ICACHE_LINE_SIZE  32U /*!< Cortex-M7 cache line size is fixed to 32 bytes (8 words). See also register SCB_CCSIDR */
      |                                 ^~~
/Users/seungwon/STM32CubeN6/Drivers/CMSIS/Include/m-profile/armv7m_cachel1.h:125:20: note: in expansion of macro '__SCB_ICACHE_LINE_SIZE'
  125 |         op_size -= __SCB_ICACHE_LINE_SIZE;
      |                    ^~~~~~~~~~~~~~~~~~~~~~
/Users/seungwon/STM32CubeN6/Drivers/CMSIS/Include/m-profile/armv7m_cachel1.h: In function 'SCB_InvalidateDCache_by_Addr':
/Users/seungwon/STM32CubeN6/Drivers/CMSIS/Include/m-profile/armv7m_cachel1.h:360:32: warning: conversion to 'long unsigned int' from 'int32_t' {aka 'long int'} may change the sign of the result [-Wsign-conversion]
  360 |        int32_t op_size = dsize + (((uint32_t)addr) & (__SCB_DCACHE_LINE_SIZE - 1U));
      |                                ^
/Users/seungwon/STM32CubeN6/Drivers/CMSIS/Include/m-profile/armv7m_cachel1.h:360:26: warning: conversion to 'int32_t' {aka 'long int'} from 'long unsigned int' may change the sign of the result [-Wsign-conversion]
  360 |        int32_t op_size = dsize + (((uint32_t)addr) & (__SCB_DCACHE_LINE_SIZE - 1U));
      |                          ^~~~~
/Users/seungwon/STM32CubeN6/Drivers/CMSIS/Include/m-profile/armv7m_cachel1.h:368:17: warning: conversion to 'long unsigned int' from 'int32_t' {aka 'long int'} may change the sign of the result [-Wsign-conversion]
  368 |         op_size -= __SCB_DCACHE_LINE_SIZE;
      |                 ^~
/Users/seungwon/STM32CubeN6/Drivers/CMSIS/Include/m-profile/armv7m_cachel1.h:44:33: warning: conversion to 'int32_t' {aka 'long int'} from 'long unsigned int' may change the sign of the result [-Wsign-conversion]
   44 | #define __SCB_DCACHE_LINE_SIZE  32U /*!< Cortex-M7 cache line size is fixed to 32 bytes (8 words). See also register SCB_CCSIDR */
      |                                 ^~~
/Users/seungwon/STM32CubeN6/Drivers/CMSIS/Include/m-profile/armv7m_cachel1.h:368:20: note: in expansion of macro '__SCB_DCACHE_LINE_SIZE'
  368 |         op_size -= __SCB_DCACHE_LINE_SIZE;
      |                    ^~~~~~~~~~~~~~~~~~~~~~
/Users/seungwon/STM32CubeN6/Drivers/CMSIS/Include/m-profile/armv7m_cachel1.h: In function 'SCB_CleanDCache_by_Addr':
/Users/seungwon/STM32CubeN6/Drivers/CMSIS/Include/m-profile/armv7m_cachel1.h:390:32: warning: conversion to 'long unsigned int' from 'int32_t' {aka 'long int'} may change the sign of the result [-Wsign-conversion]
  390 |        int32_t op_size = dsize + (((uint32_t)addr) & (__SCB_DCACHE_LINE_SIZE - 1U));
      |                                ^
/Users/seungwon/STM32CubeN6/Drivers/CMSIS/Include/m-profile/armv7m_cachel1.h:390:26: warning: conversion to 'int32_t' {aka 'long int'} from 'long unsigned int' may change the sign of the result [-Wsign-conversion]
  390 |        int32_t op_size = dsize + (((uint32_t)addr) & (__SCB_DCACHE_LINE_SIZE - 1U));
      |                          ^~~~~
/Users/seungwon/STM32CubeN6/Drivers/CMSIS/Include/m-profile/armv7m_cachel1.h:398:17: warning: conversion to 'long unsigned int' from 'int32_t' {aka 'long int'} may change the sign of the result [-Wsign-conversion]
  398 |         op_size -= __SCB_DCACHE_LINE_SIZE;
      |                 ^~
/Users/seungwon/STM32CubeN6/Drivers/CMSIS/Include/m-profile/armv7m_cachel1.h:44:33: warning: conversion to 'int32_t' {aka 'long int'} from 'long unsigned int' may change the sign of the result [-Wsign-conversion]
   44 | #define __SCB_DCACHE_LINE_SIZE  32U /*!< Cortex-M7 cache line size is fixed to 32 bytes (8 words). See also register SCB_CCSIDR */
      |                                 ^~~
/Users/seungwon/STM32CubeN6/Drivers/CMSIS/Include/m-profile/armv7m_cachel1.h:398:20: note: in expansion of macro '__SCB_DCACHE_LINE_SIZE'
  398 |         op_size -= __SCB_DCACHE_LINE_SIZE;
      |                    ^~~~~~~~~~~~~~~~~~~~~~
/Users/seungwon/STM32CubeN6/Drivers/CMSIS/Include/m-profile/armv7m_cachel1.h: In function 'SCB_CleanInvalidateDCache_by_Addr':
/Users/seungwon/STM32CubeN6/Drivers/CMSIS/Include/m-profile/armv7m_cachel1.h:420:32: warning: conversion to 'long unsigned int' from 'int32_t' {aka 'long int'} may change the sign of the result [-Wsign-conversion]
  420 |        int32_t op_size = dsize + (((uint32_t)addr) & (__SCB_DCACHE_LINE_SIZE - 1U));
      |                                ^
/Users/seungwon/STM32CubeN6/Drivers/CMSIS/Include/m-profile/armv7m_cachel1.h:420:26: warning: conversion to 'int32_t' {aka 'long int'} from 'long unsigned int' may change the sign of the result [-Wsign-conversion]
  420 |        int32_t op_size = dsize + (((uint32_t)addr) & (__SCB_DCACHE_LINE_SIZE - 1U));
      |                          ^~~~~
/Users/seungwon/STM32CubeN6/Drivers/CMSIS/Include/m-profile/armv7m_cachel1.h:428:17: warning: conversion to 'long unsigned int' from 'int32_t' {aka 'long int'} may change the sign of the result [-Wsign-conversion]
  428 |         op_size -=          __SCB_DCACHE_LINE_SIZE;
      |                 ^~
/Users/seungwon/STM32CubeN6/Drivers/CMSIS/Include/m-profile/armv7m_cachel1.h:44:33: warning: conversion to 'int32_t' {aka 'long int'} from 'long unsigned int' may change the sign of the result [-Wsign-conversion]
   44 | #define __SCB_DCACHE_LINE_SIZE  32U /*!< Cortex-M7 cache line size is fixed to 32 bytes (8 words). See also register SCB_CCSIDR */
      |                                 ^~~
/Users/seungwon/STM32CubeN6/Drivers/CMSIS/Include/m-profile/armv7m_cachel1.h:428:29: note: in expansion of macro '__SCB_DCACHE_LINE_SIZE'
  428 |         op_size -=          __SCB_DCACHE_LINE_SIZE;
      |                             ^~~~~~~~~~~~~~~~~~~~~~
/Users/seungwon/test/.tools/xpack-arm-none-eabi-gcc-15.2.1-1.1/bin/arm-none-eabi-gcc   -DAIMER_BENCHMARK -DPARAMS=192s -DAIMER_BACKEND=ref -DAIMER_MATVEC=reference -DAIMER_CONFIG=ref -DBENCH_KERNEL_SAMPLES=31 -DBENCH_E2E_SAMPLES=50 -DBENCH_KERNEL_INNER=64 -DBENCH_WARMUP=10 -DPROFILE_SAMPLES=31 -DPROFILE_KERNEL_INNER=64 -DPROFILE_COMPLEX_INNER=8 -DUSE_HAL_DRIVER -DSTM32N657xx -Iinclude -I../common/src/sig/aimer/reference/aimer-192s -I../common/src -I/Users/seungwon/STM32CubeN6/Projects/NUCLEO-N657X0-Q/Templates/Template/FSBL/Inc -I/Users/seungwon/STM32CubeN6/Drivers/CMSIS/Include -I/Users/seungwon/STM32CubeN6/Drivers/CMSIS/Device/ST/STM32N6xx/Include -I/Users/seungwon/STM32CubeN6/Drivers/STM32N6xx_HAL_Driver/Inc -I/Users/seungwon/STM32CubeN6/Drivers/STM32N6xx_HAL_Driver/Inc/Legacy -O3 -std=c11 -fno-common -ffunction-sections -fdata-sections -fno-tree-vectorize -fno-tree-slp-vectorize -MMD -MP --specs=nosys.specs -Wall -Wextra -Wshadow -Wconversion -Wstrict-prototypes -mcpu=cortex-m55 -mthumb -mfloat-abi=hard -mcmse -fstack-usage -c /Users/seungwon/STM32CubeN6/Drivers/STM32N6xx_HAL_Driver/Src/stm32n6xx_hal_rcc.c -o build/full/192s/ref/benchmark/stm32n6xx_hal_rcc.c.o
In file included from /Users/seungwon/STM32CubeN6/Drivers/CMSIS/Include/core_cm55.h:4605,
                 from /Users/seungwon/STM32CubeN6/Drivers/CMSIS/Device/ST/STM32N6xx/Include/stm32n657xx.h:281,
                 from /Users/seungwon/STM32CubeN6/Drivers/CMSIS/Device/ST/STM32N6xx/Include/stm32n6xx.h:87,
                 from /Users/seungwon/STM32CubeN6/Drivers/STM32N6xx_HAL_Driver/Inc/stm32n6xx_hal_def.h:33,
                 from /Users/seungwon/STM32CubeN6/Drivers/STM32N6xx_HAL_Driver/Inc/stm32n6xx_hal_rcc.h:28,
                 from /Users/seungwon/STM32CubeN6/Projects/NUCLEO-N657X0-Q/Templates/Template/FSBL/Inc/stm32n6xx_hal_conf.h:253,
                 from /Users/seungwon/STM32CubeN6/Drivers/STM32N6xx_HAL_Driver/Inc/stm32n6xx_hal.h:29,
                 from /Users/seungwon/STM32CubeN6/Drivers/STM32N6xx_HAL_Driver/Src/stm32n6xx_hal_rcc.c:73:
/Users/seungwon/STM32CubeN6/Drivers/CMSIS/Include/m-profile/armv7m_cachel1.h: In function 'SCB_InvalidateICache_by_Addr':
/Users/seungwon/STM32CubeN6/Drivers/CMSIS/Include/m-profile/armv7m_cachel1.h:117:32: warning: conversion to 'long unsigned int' from 'int32_t' {aka 'long int'} may change the sign of the result [-Wsign-conversion]
  117 |        int32_t op_size = isize + (((uint32_t)addr) & (__SCB_ICACHE_LINE_SIZE - 1U));
      |                                ^
/Users/seungwon/STM32CubeN6/Drivers/CMSIS/Include/m-profile/armv7m_cachel1.h:117:26: warning: conversion to 'int32_t' {aka 'long int'} from 'long unsigned int' may change the sign of the result [-Wsign-conversion]
  117 |        int32_t op_size = isize + (((uint32_t)addr) & (__SCB_ICACHE_LINE_SIZE - 1U));
      |                          ^~~~~
/Users/seungwon/STM32CubeN6/Drivers/CMSIS/Include/m-profile/armv7m_cachel1.h:125:17: warning: conversion to 'long unsigned int' from 'int32_t' {aka 'long int'} may change the sign of the result [-Wsign-conversion]
  125 |         op_size -= __SCB_ICACHE_LINE_SIZE;
      |                 ^~
/Users/seungwon/STM32CubeN6/Drivers/CMSIS/Include/m-profile/armv7m_cachel1.h:48:33: warning: conversion to 'int32_t' {aka 'long int'} from 'long unsigned int' may change the sign of the result [-Wsign-conversion]
   48 | #define __SCB_ICACHE_LINE_SIZE  32U /*!< Cortex-M7 cache line size is fixed to 32 bytes (8 words). See also register SCB_CCSIDR */
      |                                 ^~~
/Users/seungwon/STM32CubeN6/Drivers/CMSIS/Include/m-profile/armv7m_cachel1.h:125:20: note: in expansion of macro '__SCB_ICACHE_LINE_SIZE'
  125 |         op_size -= __SCB_ICACHE_LINE_SIZE;
      |                    ^~~~~~~~~~~~~~~~~~~~~~
/Users/seungwon/STM32CubeN6/Drivers/CMSIS/Include/m-profile/armv7m_cachel1.h: In function 'SCB_InvalidateDCache_by_Addr':
/Users/seungwon/STM32CubeN6/Drivers/CMSIS/Include/m-profile/armv7m_cachel1.h:360:32: warning: conversion to 'long unsigned int' from 'int32_t' {aka 'long int'} may change the sign of the result [-Wsign-conversion]
  360 |        int32_t op_size = dsize + (((uint32_t)addr) & (__SCB_DCACHE_LINE_SIZE - 1U));
      |                                ^
/Users/seungwon/STM32CubeN6/Drivers/CMSIS/Include/m-profile/armv7m_cachel1.h:360:26: warning: conversion to 'int32_t' {aka 'long int'} from 'long unsigned int' may change the sign of the result [-Wsign-conversion]
  360 |        int32_t op_size = dsize + (((uint32_t)addr) & (__SCB_DCACHE_LINE_SIZE - 1U));
      |                          ^~~~~
/Users/seungwon/STM32CubeN6/Drivers/CMSIS/Include/m-profile/armv7m_cachel1.h:368:17: warning: conversion to 'long unsigned int' from 'int32_t' {aka 'long int'} may change the sign of the result [-Wsign-conversion]
  368 |         op_size -= __SCB_DCACHE_LINE_SIZE;
      |                 ^~
/Users/seungwon/STM32CubeN6/Drivers/CMSIS/Include/m-profile/armv7m_cachel1.h:44:33: warning: conversion to 'int32_t' {aka 'long int'} from 'long unsigned int' may change the sign of the result [-Wsign-conversion]
   44 | #define __SCB_DCACHE_LINE_SIZE  32U /*!< Cortex-M7 cache line size is fixed to 32 bytes (8 words). See also register SCB_CCSIDR */
      |                                 ^~~
/Users/seungwon/STM32CubeN6/Drivers/CMSIS/Include/m-profile/armv7m_cachel1.h:368:20: note: in expansion of macro '__SCB_DCACHE_LINE_SIZE'
  368 |         op_size -= __SCB_DCACHE_LINE_SIZE;
      |                    ^~~~~~~~~~~~~~~~~~~~~~
/Users/seungwon/STM32CubeN6/Drivers/CMSIS/Include/m-profile/armv7m_cachel1.h: In function 'SCB_CleanDCache_by_Addr':
/Users/seungwon/STM32CubeN6/Drivers/CMSIS/Include/m-profile/armv7m_cachel1.h:390:32: warning: conversion to 'long unsigned int' from 'int32_t' {aka 'long int'} may change the sign of the result [-Wsign-conversion]
  390 |        int32_t op_size = dsize + (((uint32_t)addr) & (__SCB_DCACHE_LINE_SIZE - 1U));
      |                                ^
/Users/seungwon/STM32CubeN6/Drivers/CMSIS/Include/m-profile/armv7m_cachel1.h:390:26: warning: conversion to 'int32_t' {aka 'long int'} from 'long unsigned int' may change the sign of the result [-Wsign-conversion]
  390 |        int32_t op_size = dsize + (((uint32_t)addr) & (__SCB_DCACHE_LINE_SIZE - 1U));
      |                          ^~~~~
/Users/seungwon/STM32CubeN6/Drivers/CMSIS/Include/m-profile/armv7m_cachel1.h:398:17: warning: conversion to 'long unsigned int' from 'int32_t' {aka 'long int'} may change the sign of the result [-Wsign-conversion]
  398 |         op_size -= __SCB_DCACHE_LINE_SIZE;
      |                 ^~
/Users/seungwon/STM32CubeN6/Drivers/CMSIS/Include/m-profile/armv7m_cachel1.h:44:33: warning: conversion to 'int32_t' {aka 'long int'} from 'long unsigned int' may change the sign of the result [-Wsign-conversion]
   44 | #define __SCB_DCACHE_LINE_SIZE  32U /*!< Cortex-M7 cache line size is fixed to 32 bytes (8 words). See also register SCB_CCSIDR */
      |                                 ^~~
/Users/seungwon/STM32CubeN6/Drivers/CMSIS/Include/m-profile/armv7m_cachel1.h:398:20: note: in expansion of macro '__SCB_DCACHE_LINE_SIZE'
  398 |         op_size -= __SCB_DCACHE_LINE_SIZE;
      |                    ^~~~~~~~~~~~~~~~~~~~~~
/Users/seungwon/STM32CubeN6/Drivers/CMSIS/Include/m-profile/armv7m_cachel1.h: In function 'SCB_CleanInvalidateDCache_by_Addr':
/Users/seungwon/STM32CubeN6/Drivers/CMSIS/Include/m-profile/armv7m_cachel1.h:420:32: warning: conversion to 'long unsigned int' from 'int32_t' {aka 'long int'} may change the sign of the result [-Wsign-conversion]
  420 |        int32_t op_size = dsize + (((uint32_t)addr) & (__SCB_DCACHE_LINE_SIZE - 1U));
      |                                ^
/Users/seungwon/STM32CubeN6/Drivers/CMSIS/Include/m-profile/armv7m_cachel1.h:420:26: warning: conversion to 'int32_t' {aka 'long int'} from 'long unsigned int' may change the sign of the result [-Wsign-conversion]
  420 |        int32_t op_size = dsize + (((uint32_t)addr) & (__SCB_DCACHE_LINE_SIZE - 1U));
      |                          ^~~~~
/Users/seungwon/STM32CubeN6/Drivers/CMSIS/Include/m-profile/armv7m_cachel1.h:428:17: warning: conversion to 'long unsigned int' from 'int32_t' {aka 'long int'} may change the sign of the result [-Wsign-conversion]
  428 |         op_size -=          __SCB_DCACHE_LINE_SIZE;
      |                 ^~
/Users/seungwon/STM32CubeN6/Drivers/CMSIS/Include/m-profile/armv7m_cachel1.h:44:33: warning: conversion to 'int32_t' {aka 'long int'} from 'long unsigned int' may change the sign of the result [-Wsign-conversion]
   44 | #define __SCB_DCACHE_LINE_SIZE  32U /*!< Cortex-M7 cache line size is fixed to 32 bytes (8 words). See also register SCB_CCSIDR */
      |                                 ^~~
/Users/seungwon/STM32CubeN6/Drivers/CMSIS/Include/m-profile/armv7m_cachel1.h:428:29: note: in expansion of macro '__SCB_DCACHE_LINE_SIZE'
  428 |         op_size -=          __SCB_DCACHE_LINE_SIZE;
      |                             ^~~~~~~~~~~~~~~~~~~~~~
/Users/seungwon/test/.tools/xpack-arm-none-eabi-gcc-15.2.1-1.1/bin/arm-none-eabi-gcc   -DAIMER_BENCHMARK -DPARAMS=192s -DAIMER_BACKEND=ref -DAIMER_MATVEC=reference -DAIMER_CONFIG=ref -DBENCH_KERNEL_SAMPLES=31 -DBENCH_E2E_SAMPLES=50 -DBENCH_KERNEL_INNER=64 -DBENCH_WARMUP=10 -DPROFILE_SAMPLES=31 -DPROFILE_KERNEL_INNER=64 -DPROFILE_COMPLEX_INNER=8 -DUSE_HAL_DRIVER -DSTM32N657xx -Iinclude -I../common/src/sig/aimer/reference/aimer-192s -I../common/src -I/Users/seungwon/STM32CubeN6/Projects/NUCLEO-N657X0-Q/Templates/Template/FSBL/Inc -I/Users/seungwon/STM32CubeN6/Drivers/CMSIS/Include -I/Users/seungwon/STM32CubeN6/Drivers/CMSIS/Device/ST/STM32N6xx/Include -I/Users/seungwon/STM32CubeN6/Drivers/STM32N6xx_HAL_Driver/Inc -I/Users/seungwon/STM32CubeN6/Drivers/STM32N6xx_HAL_Driver/Inc/Legacy -O3 -std=c11 -fno-common -ffunction-sections -fdata-sections -fno-tree-vectorize -fno-tree-slp-vectorize -MMD -MP --specs=nosys.specs -Wall -Wextra -Wshadow -Wconversion -Wstrict-prototypes -mcpu=cortex-m55 -mthumb -mfloat-abi=hard -mcmse -fstack-usage -c /Users/seungwon/STM32CubeN6/Drivers/STM32N6xx_HAL_Driver/Src/stm32n6xx_hal_rcc_ex.c -o build/full/192s/ref/benchmark/stm32n6xx_hal_rcc_ex.c.o
In file included from /Users/seungwon/STM32CubeN6/Drivers/CMSIS/Include/core_cm55.h:4605,
                 from /Users/seungwon/STM32CubeN6/Drivers/CMSIS/Device/ST/STM32N6xx/Include/stm32n657xx.h:281,
                 from /Users/seungwon/STM32CubeN6/Drivers/CMSIS/Device/ST/STM32N6xx/Include/stm32n6xx.h:87,
                 from /Users/seungwon/STM32CubeN6/Drivers/STM32N6xx_HAL_Driver/Inc/stm32n6xx_hal_def.h:33,
                 from /Users/seungwon/STM32CubeN6/Drivers/STM32N6xx_HAL_Driver/Inc/stm32n6xx_hal_rcc.h:28,
                 from /Users/seungwon/STM32CubeN6/Projects/NUCLEO-N657X0-Q/Templates/Template/FSBL/Inc/stm32n6xx_hal_conf.h:253,
                 from /Users/seungwon/STM32CubeN6/Drivers/STM32N6xx_HAL_Driver/Inc/stm32n6xx_hal.h:29,
                 from /Users/seungwon/STM32CubeN6/Drivers/STM32N6xx_HAL_Driver/Src/stm32n6xx_hal_rcc_ex.c:24:
/Users/seungwon/STM32CubeN6/Drivers/CMSIS/Include/m-profile/armv7m_cachel1.h: In function 'SCB_InvalidateICache_by_Addr':
/Users/seungwon/STM32CubeN6/Drivers/CMSIS/Include/m-profile/armv7m_cachel1.h:117:32: warning: conversion to 'long unsigned int' from 'int32_t' {aka 'long int'} may change the sign of the result [-Wsign-conversion]
  117 |        int32_t op_size = isize + (((uint32_t)addr) & (__SCB_ICACHE_LINE_SIZE - 1U));
      |                                ^
/Users/seungwon/STM32CubeN6/Drivers/CMSIS/Include/m-profile/armv7m_cachel1.h:117:26: warning: conversion to 'int32_t' {aka 'long int'} from 'long unsigned int' may change the sign of the result [-Wsign-conversion]
  117 |        int32_t op_size = isize + (((uint32_t)addr) & (__SCB_ICACHE_LINE_SIZE - 1U));
      |                          ^~~~~
/Users/seungwon/STM32CubeN6/Drivers/CMSIS/Include/m-profile/armv7m_cachel1.h:125:17: warning: conversion to 'long unsigned int' from 'int32_t' {aka 'long int'} may change the sign of the result [-Wsign-conversion]
  125 |         op_size -= __SCB_ICACHE_LINE_SIZE;
      |                 ^~
/Users/seungwon/STM32CubeN6/Drivers/CMSIS/Include/m-profile/armv7m_cachel1.h:48:33: warning: conversion to 'int32_t' {aka 'long int'} from 'long unsigned int' may change the sign of the result [-Wsign-conversion]
   48 | #define __SCB_ICACHE_LINE_SIZE  32U /*!< Cortex-M7 cache line size is fixed to 32 bytes (8 words). See also register SCB_CCSIDR */
      |                                 ^~~
/Users/seungwon/STM32CubeN6/Drivers/CMSIS/Include/m-profile/armv7m_cachel1.h:125:20: note: in expansion of macro '__SCB_ICACHE_LINE_SIZE'
  125 |         op_size -= __SCB_ICACHE_LINE_SIZE;
      |                    ^~~~~~~~~~~~~~~~~~~~~~
/Users/seungwon/STM32CubeN6/Drivers/CMSIS/Include/m-profile/armv7m_cachel1.h: In function 'SCB_InvalidateDCache_by_Addr':
/Users/seungwon/STM32CubeN6/Drivers/CMSIS/Include/m-profile/armv7m_cachel1.h:360:32: warning: conversion to 'long unsigned int' from 'int32_t' {aka 'long int'} may change the sign of the result [-Wsign-conversion]
  360 |        int32_t op_size = dsize + (((uint32_t)addr) & (__SCB_DCACHE_LINE_SIZE - 1U));
      |                                ^
/Users/seungwon/STM32CubeN6/Drivers/CMSIS/Include/m-profile/armv7m_cachel1.h:360:26: warning: conversion to 'int32_t' {aka 'long int'} from 'long unsigned int' may change the sign of the result [-Wsign-conversion]
  360 |        int32_t op_size = dsize + (((uint32_t)addr) & (__SCB_DCACHE_LINE_SIZE - 1U));
      |                          ^~~~~
/Users/seungwon/STM32CubeN6/Drivers/CMSIS/Include/m-profile/armv7m_cachel1.h:368:17: warning: conversion to 'long unsigned int' from 'int32_t' {aka 'long int'} may change the sign of the result [-Wsign-conversion]
  368 |         op_size -= __SCB_DCACHE_LINE_SIZE;
      |                 ^~
/Users/seungwon/STM32CubeN6/Drivers/CMSIS/Include/m-profile/armv7m_cachel1.h:44:33: warning: conversion to 'int32_t' {aka 'long int'} from 'long unsigned int' may change the sign of the result [-Wsign-conversion]
   44 | #define __SCB_DCACHE_LINE_SIZE  32U /*!< Cortex-M7 cache line size is fixed to 32 bytes (8 words). See also register SCB_CCSIDR */
      |                                 ^~~
/Users/seungwon/STM32CubeN6/Drivers/CMSIS/Include/m-profile/armv7m_cachel1.h:368:20: note: in expansion of macro '__SCB_DCACHE_LINE_SIZE'
  368 |         op_size -= __SCB_DCACHE_LINE_SIZE;
      |                    ^~~~~~~~~~~~~~~~~~~~~~
/Users/seungwon/STM32CubeN6/Drivers/CMSIS/Include/m-profile/armv7m_cachel1.h: In function 'SCB_CleanDCache_by_Addr':
/Users/seungwon/STM32CubeN6/Drivers/CMSIS/Include/m-profile/armv7m_cachel1.h:390:32: warning: conversion to 'long unsigned int' from 'int32_t' {aka 'long int'} may change the sign of the result [-Wsign-conversion]
  390 |        int32_t op_size = dsize + (((uint32_t)addr) & (__SCB_DCACHE_LINE_SIZE - 1U));
      |                                ^
/Users/seungwon/STM32CubeN6/Drivers/CMSIS/Include/m-profile/armv7m_cachel1.h:390:26: warning: conversion to 'int32_t' {aka 'long int'} from 'long unsigned int' may change the sign of the result [-Wsign-conversion]
  390 |        int32_t op_size = dsize + (((uint32_t)addr) & (__SCB_DCACHE_LINE_SIZE - 1U));
      |                          ^~~~~
/Users/seungwon/STM32CubeN6/Drivers/CMSIS/Include/m-profile/armv7m_cachel1.h:398:17: warning: conversion to 'long unsigned int' from 'int32_t' {aka 'long int'} may change the sign of the result [-Wsign-conversion]
  398 |         op_size -= __SCB_DCACHE_LINE_SIZE;
      |                 ^~
/Users/seungwon/STM32CubeN6/Drivers/CMSIS/Include/m-profile/armv7m_cachel1.h:44:33: warning: conversion to 'int32_t' {aka 'long int'} from 'long unsigned int' may change the sign of the result [-Wsign-conversion]
   44 | #define __SCB_DCACHE_LINE_SIZE  32U /*!< Cortex-M7 cache line size is fixed to 32 bytes (8 words). See also register SCB_CCSIDR */
      |                                 ^~~
/Users/seungwon/STM32CubeN6/Drivers/CMSIS/Include/m-profile/armv7m_cachel1.h:398:20: note: in expansion of macro '__SCB_DCACHE_LINE_SIZE'
  398 |         op_size -= __SCB_DCACHE_LINE_SIZE;
      |                    ^~~~~~~~~~~~~~~~~~~~~~
/Users/seungwon/STM32CubeN6/Drivers/CMSIS/Include/m-profile/armv7m_cachel1.h: In function 'SCB_CleanInvalidateDCache_by_Addr':
/Users/seungwon/STM32CubeN6/Drivers/CMSIS/Include/m-profile/armv7m_cachel1.h:420:32: warning: conversion to 'long unsigned int' from 'int32_t' {aka 'long int'} may change the sign of the result [-Wsign-conversion]
  420 |        int32_t op_size = dsize + (((uint32_t)addr) & (__SCB_DCACHE_LINE_SIZE - 1U));
      |                                ^
/Users/seungwon/STM32CubeN6/Drivers/CMSIS/Include/m-profile/armv7m_cachel1.h:420:26: warning: conversion to 'int32_t' {aka 'long int'} from 'long unsigned int' may change the sign of the result [-Wsign-conversion]
  420 |        int32_t op_size = dsize + (((uint32_t)addr) & (__SCB_DCACHE_LINE_SIZE - 1U));
      |                          ^~~~~
/Users/seungwon/STM32CubeN6/Drivers/CMSIS/Include/m-profile/armv7m_cachel1.h:428:17: warning: conversion to 'long unsigned int' from 'int32_t' {aka 'long int'} may change the sign of the result [-Wsign-conversion]
  428 |         op_size -=          __SCB_DCACHE_LINE_SIZE;
      |                 ^~
/Users/seungwon/STM32CubeN6/Drivers/CMSIS/Include/m-profile/armv7m_cachel1.h:44:33: warning: conversion to 'int32_t' {aka 'long int'} from 'long unsigned int' may change the sign of the result [-Wsign-conversion]
   44 | #define __SCB_DCACHE_LINE_SIZE  32U /*!< Cortex-M7 cache line size is fixed to 32 bytes (8 words). See also register SCB_CCSIDR */
      |                                 ^~~
/Users/seungwon/STM32CubeN6/Drivers/CMSIS/Include/m-profile/armv7m_cachel1.h:428:29: note: in expansion of macro '__SCB_DCACHE_LINE_SIZE'
  428 |         op_size -=          __SCB_DCACHE_LINE_SIZE;
      |                             ^~~~~~~~~~~~~~~~~~~~~~
/Users/seungwon/test/.tools/xpack-arm-none-eabi-gcc-15.2.1-1.1/bin/arm-none-eabi-gcc   -DAIMER_BENCHMARK -DPARAMS=192s -DAIMER_BACKEND=ref -DAIMER_MATVEC=reference -DAIMER_CONFIG=ref -DBENCH_KERNEL_SAMPLES=31 -DBENCH_E2E_SAMPLES=50 -DBENCH_KERNEL_INNER=64 -DBENCH_WARMUP=10 -DPROFILE_SAMPLES=31 -DPROFILE_KERNEL_INNER=64 -DPROFILE_COMPLEX_INNER=8 -DUSE_HAL_DRIVER -DSTM32N657xx -Iinclude -I../common/src/sig/aimer/reference/aimer-192s -I../common/src -I/Users/seungwon/STM32CubeN6/Projects/NUCLEO-N657X0-Q/Templates/Template/FSBL/Inc -I/Users/seungwon/STM32CubeN6/Drivers/CMSIS/Include -I/Users/seungwon/STM32CubeN6/Drivers/CMSIS/Device/ST/STM32N6xx/Include -I/Users/seungwon/STM32CubeN6/Drivers/STM32N6xx_HAL_Driver/Inc -I/Users/seungwon/STM32CubeN6/Drivers/STM32N6xx_HAL_Driver/Inc/Legacy -O3 -std=c11 -fno-common -ffunction-sections -fdata-sections -fno-tree-vectorize -fno-tree-slp-vectorize -MMD -MP --specs=nosys.specs -Wall -Wextra -Wshadow -Wconversion -Wstrict-prototypes -mcpu=cortex-m55 -mthumb -mfloat-abi=hard -mcmse -fstack-usage -x assembler-with-cpp -c /Users/seungwon/STM32CubeN6/Projects/NUCLEO-N657X0-Q/Templates/Template/STM32CubeIDE/FSBL/Application/Startup/startup_stm32n657x0hxq_fsbl.s -o build/full/192s/ref/benchmark/startup_stm32n657x0hxq_fsbl.s.o
/Users/seungwon/test/.tools/xpack-arm-none-eabi-gcc-15.2.1-1.1/bin/arm-none-eabi-gcc --specs=nosys.specs -Wl,--gc-sections -Wl,--print-memory-usage -Wl,-Map,build/full/192s/ref/benchmark/aimer-m55-192s-ref-benchmark.map -Wl,--wrap=main -Wl,--wrap=_write -Wl,--wrap=_read -Tplatform/nucleo-n657x0-q/stm32n657-axi-sram.ld  -mcpu=cortex-m55 -mthumb -mfloat-abi=hard -mcmse -Wl,--wrap=samsungsds_aimer_192s_ref_crypto_sign_signature -Wl,--wrap=samsungsds_aimer_192s_ref_crypto_sign -Wl,--wrap=samsungsds_aimer_192s_ref_crypto_sign_verify -Wl,--wrap=samsungsds_aimer_192s_ref_crypto_sign_open build/full/192s/ref/benchmark/benchmark.c.o build/full/192s/ref/benchmark/sign_low_memory.c.o build/full/192s/ref/benchmark/verify_batch.c.o build/full/192s/ref/benchmark/field_batch.c.o build/full/192s/ref/benchmark/mpc_batch.c.o build/full/192s/ref/benchmark/aim3.c.o build/full/192s/ref/benchmark/hash.c.o build/full/192s/ref/benchmark/sign.c.o build/full/192s/ref/benchmark/tree.c.o build/full/192s/ref/benchmark/field_common.c.o build/full/192s/ref/benchmark/field192.c.o build/full/192s/ref/benchmark/aes.c.o build/full/192s/ref/benchmark/fips202.c.o build/full/192s/ref/benchmark/rng.c.o build/full/192s/ref/benchmark/platform.c.o build/full/192s/ref/benchmark/system_stm32n6xx_fsbl.c.o build/full/192s/ref/benchmark/stm32n6xx_hal.c.o build/full/192s/ref/benchmark/stm32n6xx_hal_cortex.c.o build/full/192s/ref/benchmark/stm32n6xx_hal_pwr.c.o build/full/192s/ref/benchmark/stm32n6xx_hal_pwr_ex.c.o build/full/192s/ref/benchmark/stm32n6xx_hal_rcc.c.o build/full/192s/ref/benchmark/stm32n6xx_hal_rcc_ex.c.o build/full/192s/ref/benchmark/startup_stm32n657x0hxq_fsbl.s.o -lc -lm -o build/full/192s/ref/benchmark/aimer-m55-192s-ref-benchmark.elf
/Users/seungwon/test/.tools/xpack-arm-none-eabi-gcc-15.2.1-1.1/bin/../lib/gcc/arm-none-eabi/15.2.1/../../../../arm-none-eabi/bin/ld: /Users/seungwon/test/.tools/xpack-arm-none-eabi-gcc-15.2.1-1.1/bin/../lib/gcc/arm-none-eabi/15.2.1/../../../../arm-none-eabi/lib/thumb/v8-m.main+dp/hard/libc.a(libc_a-closer.o): in function `_close_r':
(.text._close_r+0xc): warning: _close is not implemented and will always fail
/Users/seungwon/test/.tools/xpack-arm-none-eabi-gcc-15.2.1-1.1/bin/../lib/gcc/arm-none-eabi/15.2.1/../../../../arm-none-eabi/bin/ld: /Users/seungwon/test/.tools/xpack-arm-none-eabi-gcc-15.2.1-1.1/bin/../lib/gcc/arm-none-eabi/15.2.1/../../../../arm-none-eabi/lib/thumb/v8-m.main+dp/hard/libc.a(libc_a-closer.o): note: the message above does not take linker garbage collection into account
/Users/seungwon/test/.tools/xpack-arm-none-eabi-gcc-15.2.1-1.1/bin/../lib/gcc/arm-none-eabi/15.2.1/../../../../arm-none-eabi/bin/ld: /Users/seungwon/test/.tools/xpack-arm-none-eabi-gcc-15.2.1-1.1/bin/../lib/gcc/arm-none-eabi/15.2.1/../../../../arm-none-eabi/lib/thumb/v8-m.main+dp/hard/libc.a(libc_a-fstatr.o): in function `_fstat_r':
(.text._fstat_r+0xe): warning: _fstat is not implemented and will always fail
/Users/seungwon/test/.tools/xpack-arm-none-eabi-gcc-15.2.1-1.1/bin/../lib/gcc/arm-none-eabi/15.2.1/../../../../arm-none-eabi/bin/ld: /Users/seungwon/test/.tools/xpack-arm-none-eabi-gcc-15.2.1-1.1/bin/../lib/gcc/arm-none-eabi/15.2.1/../../../../arm-none-eabi/lib/thumb/v8-m.main+dp/hard/libc.a(libc_a-fstatr.o): note: the message above does not take linker garbage collection into account
/Users/seungwon/test/.tools/xpack-arm-none-eabi-gcc-15.2.1-1.1/bin/../lib/gcc/arm-none-eabi/15.2.1/../../../../arm-none-eabi/bin/ld: /Users/seungwon/test/.tools/xpack-arm-none-eabi-gcc-15.2.1-1.1/bin/../lib/gcc/arm-none-eabi/15.2.1/../../../../arm-none-eabi/lib/thumb/v8-m.main+dp/hard/libc.a(libc_a-signalr.o): in function `_getpid_r':
(.text._getpid_r+0x0): warning: _getpid is not implemented and will always fail
/Users/seungwon/test/.tools/xpack-arm-none-eabi-gcc-15.2.1-1.1/bin/../lib/gcc/arm-none-eabi/15.2.1/../../../../arm-none-eabi/bin/ld: /Users/seungwon/test/.tools/xpack-arm-none-eabi-gcc-15.2.1-1.1/bin/../lib/gcc/arm-none-eabi/15.2.1/../../../../arm-none-eabi/lib/thumb/v8-m.main+dp/hard/libc.a(libc_a-signalr.o): note: the message above does not take linker garbage collection into account
/Users/seungwon/test/.tools/xpack-arm-none-eabi-gcc-15.2.1-1.1/bin/../lib/gcc/arm-none-eabi/15.2.1/../../../../arm-none-eabi/bin/ld: /Users/seungwon/test/.tools/xpack-arm-none-eabi-gcc-15.2.1-1.1/bin/../lib/gcc/arm-none-eabi/15.2.1/../../../../arm-none-eabi/lib/thumb/v8-m.main+dp/hard/libc.a(libc_a-isattyr.o): in function `_isatty_r':
(.text._isatty_r+0xc): warning: _isatty is not implemented and will always fail
/Users/seungwon/test/.tools/xpack-arm-none-eabi-gcc-15.2.1-1.1/bin/../lib/gcc/arm-none-eabi/15.2.1/../../../../arm-none-eabi/bin/ld: /Users/seungwon/test/.tools/xpack-arm-none-eabi-gcc-15.2.1-1.1/bin/../lib/gcc/arm-none-eabi/15.2.1/../../../../arm-none-eabi/lib/thumb/v8-m.main+dp/hard/libc.a(libc_a-isattyr.o): note: the message above does not take linker garbage collection into account
/Users/seungwon/test/.tools/xpack-arm-none-eabi-gcc-15.2.1-1.1/bin/../lib/gcc/arm-none-eabi/15.2.1/../../../../arm-none-eabi/bin/ld: /Users/seungwon/test/.tools/xpack-arm-none-eabi-gcc-15.2.1-1.1/bin/../lib/gcc/arm-none-eabi/15.2.1/../../../../arm-none-eabi/lib/thumb/v8-m.main+dp/hard/libc.a(libc_a-signalr.o): in function `_kill_r':
(.text._kill_r+0xe): warning: _kill is not implemented and will always fail
/Users/seungwon/test/.tools/xpack-arm-none-eabi-gcc-15.2.1-1.1/bin/../lib/gcc/arm-none-eabi/15.2.1/../../../../arm-none-eabi/bin/ld: /Users/seungwon/test/.tools/xpack-arm-none-eabi-gcc-15.2.1-1.1/bin/../lib/gcc/arm-none-eabi/15.2.1/../../../../arm-none-eabi/lib/thumb/v8-m.main+dp/hard/libc.a(libc_a-signalr.o): note: the message above does not take linker garbage collection into account
/Users/seungwon/test/.tools/xpack-arm-none-eabi-gcc-15.2.1-1.1/bin/../lib/gcc/arm-none-eabi/15.2.1/../../../../arm-none-eabi/bin/ld: /Users/seungwon/test/.tools/xpack-arm-none-eabi-gcc-15.2.1-1.1/bin/../lib/gcc/arm-none-eabi/15.2.1/../../../../arm-none-eabi/lib/thumb/v8-m.main+dp/hard/libc.a(libc_a-lseekr.o): in function `_lseek_r':
(.text._lseek_r+0x10): warning: _lseek is not implemented and will always fail
/Users/seungwon/test/.tools/xpack-arm-none-eabi-gcc-15.2.1-1.1/bin/../lib/gcc/arm-none-eabi/15.2.1/../../../../arm-none-eabi/bin/ld: /Users/seungwon/test/.tools/xpack-arm-none-eabi-gcc-15.2.1-1.1/bin/../lib/gcc/arm-none-eabi/15.2.1/../../../../arm-none-eabi/lib/thumb/v8-m.main+dp/hard/libc.a(libc_a-lseekr.o): note: the message above does not take linker garbage collection into account
Memory region         Used Size  Region Size  %age Used
             ROM:       78064 B       255 KB     29.90%
         BOOTRAM:        256 KB       256 KB    100.00%
         HEAPRAM:          4 KB      1792 KB      0.22%
/Users/seungwon/test/.tools/xpack-arm-none-eabi-gcc-15.2.1-1.1/bin/arm-none-eabi-size build/full/192s/ref/benchmark/aimer-m55-192s-ref-benchmark.elf
   text	   data	    bss	    dec	    hex	filename
  75840	   2192	 146608	 224640	  36d80	build/full/192s/ref/benchmark/aimer-m55-192s-ref-benchmark.elf
/Users/Shared/cortexctl run m55 -- /Users/seungwon/test/.tools/xpack-openocd-0.12.0-7/bin/openocd \
		-s /Users/seungwon/test/.tools/xpack-openocd-0.12.0-7/openocd/scripts -s /Users/seungwon/test/.tools/openocd-scripts \
		-f platform/nucleo-n657x0-q/openocd.cfg \
		-c init -c 'reset halt' \
		-c 'load_image /Users/seungwon/AIMer3_on_AVX512/m55/build/full/192s/ref/benchmark/aimer-m55-192s-ref-benchmark.elf' \
		-c 'verify_image /Users/seungwon/AIMer3_on_AVX512/m55/build/full/192s/ref/benchmark/aimer-m55-192s-ref-benchmark.elf' \
		-c 'set vector_msp [mrw 0x34180400]' \
		-c 'set vector_reset [mrw 0x34180404]' \
		-c 'arm semihosting enable' \
		-c 'arm semihosting_resexit enable' \
		-c 'reg msp $vector_msp' -c 'resume $vector_reset'
xPack Open On-Chip Debugger 0.12.0+dev-02228-ge5888bda3-dirty (2025-10-04-22:45)
Licensed under GNU GPL v2
For bug reports, read
	http://openocd.org/doc/doxygen/bugs.html
adapter speed: 1000 kHz
Info : STLINK V3J15M6 (API v3) VID:PID 0483:3754
Info : Target voltage: 3.279840
Info : clock speed 1000 kHz
Info : SWD DPIDR 0x6ba02477
Info : [stm32n6x.ap0] Examination succeed
Info : [stm32n6x.cpu] Cortex-M55 r1p1 processor detected
Info : [stm32n6x.cpu] target has 8 breakpoints, 8 watchpoints
stm32n6x.cpu in Secure state
Info : [stm32n6x.cpu] Examination succeed
Info : [stm32n6x.ap0] gdb port disabled
Info : [stm32n6x.cpu] starting gdb server on 3333
Info : Listening on port 3333 for gdb connections
[stm32n6x.cpu] halted due to debug-request, current mode: Thread 
xPSR: 0x81000000 pc: 0x18003a1a msp: 0x341037a0
76896 bytes written at address 0x34180000
2192 bytes written at address 0x34192c60
downloaded 79088 bytes in 0.581228s (132.881 KiB/s)
verified 79088 bytes in 0.632786s (122.054 KiB/s)
0x34200000
0x3418ab9d
semihosting is enabled
semihosting resumable exit is enabled
msp (/32): 0x34200000
Info : Listening on port 6666 for tcl connections
Info : Listening on port 4444 for telnet connections
AIMer v3 on NUCLEO-N657X0-Q
Cortex-M55 @ 600000000 Hz, MVE=2, I/D-cache=on
BENCH_CONFIG,param=192s,config=ref,backend=ref,matvec=reference,cpu_hz=600000000,long_timer_hz=600000000,kernel_samples=31,e2e_samples=50,kernel_inner=64,warmup=10
BENCH_TIMER_CHECK,param=192s,config=ref,backend=ref,matvec=reference,pmu_cycles=610643,timer_cycles=610984,error_ppm=558
BENCH_SAMPLE,param=192s,config=ref,backend=ref,matvec=reference,operation=gf_mul,clock=pmu,sample=0,inner=64,items=1,raw_cycles=604102
BENCH_SAMPLE,param=192s,config=ref,backend=ref,matvec=reference,operation=gf_mul,clock=pmu,sample=1,inner=64,items=1,raw_cycles=603971
BENCH_SAMPLE,param=192s,config=ref,backend=ref,matvec=reference,operation=gf_mul,clock=pmu,sample=2,inner=64,items=1,raw_cycles=603971
BENCH_SAMPLE,param=192s,config=ref,backend=ref,matvec=reference,operation=gf_mul,clock=pmu,sample=3,inner=64,items=1,raw_cycles=603971
BENCH_SAMPLE,param=192s,config=ref,backend=ref,matvec=reference,operation=gf_mul,clock=pmu,sample=4,inner=64,items=1,raw_cycles=603974
BENCH_SAMPLE,param=192s,config=ref,backend=ref,matvec=reference,operation=gf_mul,clock=pmu,sample=5,inner=64,items=1,raw_cycles=603971
BENCH_SAMPLE,param=192s,config=ref,backend=ref,matvec=reference,operation=gf_mul,clock=pmu,sample=6,inner=64,items=1,raw_cycles=603972
BENCH_SAMPLE,param=192s,config=ref,backend=ref,matvec=reference,operation=gf_mul,clock=pmu,sample=7,inner=64,items=1,raw_cycles=603971
BENCH_SAMPLE,param=192s,config=ref,backend=ref,matvec=reference,operation=gf_mul,clock=pmu,sample=8,inner=64,items=1,raw_cycles=603970
BENCH_SAMPLE,param=192s,config=ref,backend=ref,matvec=reference,operation=gf_mul,clock=pmu,sample=9,inner=64,items=1,raw_cycles=603972
BENCH_SAMPLE,param=192s,config=ref,backend=ref,matvec=reference,operation=gf_mul,clock=pmu,sample=10,inner=64,items=1,raw_cycles=603980
BENCH_SAMPLE,param=192s,config=ref,backend=ref,matvec=reference,operation=gf_mul,clock=pmu,sample=11,inner=64,items=1,raw_cycles=603971
BENCH_SAMPLE,param=192s,config=ref,backend=ref,matvec=reference,operation=gf_mul,clock=pmu,sample=12,inner=64,items=1,raw_cycles=603971
BENCH_SAMPLE,param=192s,config=ref,backend=ref,matvec=reference,operation=gf_mul,clock=pmu,sample=13,inner=64,items=1,raw_cycles=603974
BENCH_SAMPLE,param=192s,config=ref,backend=ref,matvec=reference,operation=gf_mul,clock=pmu,sample=14,inner=64,items=1,raw_cycles=603971
BENCH_SAMPLE,param=192s,config=ref,backend=ref,matvec=reference,operation=gf_mul,clock=pmu,sample=15,inner=64,items=1,raw_cycles=603971
BENCH_SAMPLE,param=192s,config=ref,backend=ref,matvec=reference,operation=gf_mul,clock=pmu,sample=16,inner=64,items=1,raw_cycles=603971
BENCH_SAMPLE,param=192s,config=ref,backend=ref,matvec=reference,operation=gf_mul,clock=pmu,sample=17,inner=64,items=1,raw_cycles=603970
BENCH_SAMPLE,param=192s,config=ref,backend=ref,matvec=reference,operation=gf_mul,clock=pmu,sample=18,inner=64,items=1,raw_cycles=603972
BENCH_SAMPLE,param=192s,config=ref,backend=ref,matvec=reference,operation=gf_mul,clock=pmu,sample=19,inner=64,items=1,raw_cycles=603980
BENCH_SAMPLE,param=192s,config=ref,backend=ref,matvec=reference,operation=gf_mul,clock=pmu,sample=20,inner=64,items=1,raw_cycles=603971
BENCH_SAMPLE,param=192s,config=ref,backend=ref,matvec=reference,operation=gf_mul,clock=pmu,sample=21,inner=64,items=1,raw_cycles=603971
BENCH_SAMPLE,param=192s,config=ref,backend=ref,matvec=reference,operation=gf_mul,clock=pmu,sample=22,inner=64,items=1,raw_cycles=603974
BENCH_SAMPLE,param=192s,config=ref,backend=ref,matvec=reference,operation=gf_mul,clock=pmu,sample=23,inner=64,items=1,raw_cycles=603971
BENCH_SAMPLE,param=192s,config=ref,backend=ref,matvec=reference,operation=gf_mul,clock=pmu,sample=24,inner=64,items=1,raw_cycles=603971
BENCH_SAMPLE,param=192s,config=ref,backend=ref,matvec=reference,operation=gf_mul,clock=pmu,sample=25,inner=64,items=1,raw_cycles=603971
BENCH_SAMPLE,param=192s,config=ref,backend=ref,matvec=reference,operation=gf_mul,clock=pmu,sample=26,inner=64,items=1,raw_cycles=604112
BENCH_SAMPLE,param=192s,config=ref,backend=ref,matvec=reference,operation=gf_mul,clock=pmu,sample=27,inner=64,items=1,raw_cycles=603970
BENCH_SAMPLE,param=192s,config=ref,backend=ref,matvec=reference,operation=gf_mul,clock=pmu,sample=28,inner=64,items=1,raw_cycles=603978
BENCH_SAMPLE,param=192s,config=ref,backend=ref,matvec=reference,operation=gf_mul,clock=pmu,sample=29,inner=64,items=1,raw_cycles=603974
BENCH_SAMPLE,param=192s,config=ref,backend=ref,matvec=reference,operation=gf_mul,clock=pmu,sample=30,inner=64,items=1,raw_cycles=603971
BENCH_RESULT,param=192s,config=ref,backend=ref,matvec=reference,operation=gf_mul,clock=pmu,samples=31,inner=64,items=1,min=9437.03,median=9437.05,mean=9437.20,stddev=0.52,max=9439.25,cycles_per_item_mean=9437.20
BENCH_SAMPLE,param=192s,config=ref,backend=ref,matvec=reference,operation=gf_sqr,clock=pmu,sample=0,inner=64,items=1,raw_cycles=24611
BENCH_SAMPLE,param=192s,config=ref,backend=ref,matvec=reference,operation=gf_sqr,clock=pmu,sample=1,inner=64,items=1,raw_cycles=23463
BENCH_SAMPLE,param=192s,config=ref,backend=ref,matvec=reference,operation=gf_sqr,clock=pmu,sample=2,inner=64,items=1,raw_cycles=23428
BENCH_SAMPLE,param=192s,config=ref,backend=ref,matvec=reference,operation=gf_sqr,clock=pmu,sample=3,inner=64,items=1,raw_cycles=23429
BENCH_SAMPLE,param=192s,config=ref,backend=ref,matvec=reference,operation=gf_sqr,clock=pmu,sample=4,inner=64,items=1,raw_cycles=23430
BENCH_SAMPLE,param=192s,config=ref,backend=ref,matvec=reference,operation=gf_sqr,clock=pmu,sample=5,inner=64,items=1,raw_cycles=23429
BENCH_SAMPLE,param=192s,config=ref,backend=ref,matvec=reference,operation=gf_sqr,clock=pmu,sample=6,inner=64,items=1,raw_cycles=23429
BENCH_SAMPLE,param=192s,config=ref,backend=ref,matvec=reference,operation=gf_sqr,clock=pmu,sample=7,inner=64,items=1,raw_cycles=23428
BENCH_SAMPLE,param=192s,config=ref,backend=ref,matvec=reference,operation=gf_sqr,clock=pmu,sample=8,inner=64,items=1,raw_cycles=23430
BENCH_SAMPLE,param=192s,config=ref,backend=ref,matvec=reference,operation=gf_sqr,clock=pmu,sample=9,inner=64,items=1,raw_cycles=23429
BENCH_SAMPLE,param=192s,config=ref,backend=ref,matvec=reference,operation=gf_sqr,clock=pmu,sample=10,inner=64,items=1,raw_cycles=23429
BENCH_SAMPLE,param=192s,config=ref,backend=ref,matvec=reference,operation=gf_sqr,clock=pmu,sample=11,inner=64,items=1,raw_cycles=23428
BENCH_SAMPLE,param=192s,config=ref,backend=ref,matvec=reference,operation=gf_sqr,clock=pmu,sample=12,inner=64,items=1,raw_cycles=23430
BENCH_SAMPLE,param=192s,config=ref,backend=ref,matvec=reference,operation=gf_sqr,clock=pmu,sample=13,inner=64,items=1,raw_cycles=23429
BENCH_SAMPLE,param=192s,config=ref,backend=ref,matvec=reference,operation=gf_sqr,clock=pmu,sample=14,inner=64,items=1,raw_cycles=23431
BENCH_SAMPLE,param=192s,config=ref,backend=ref,matvec=reference,operation=gf_sqr,clock=pmu,sample=15,inner=64,items=1,raw_cycles=23428
BENCH_SAMPLE,param=192s,config=ref,backend=ref,matvec=reference,operation=gf_sqr,clock=pmu,sample=16,inner=64,items=1,raw_cycles=23430
BENCH_SAMPLE,param=192s,config=ref,backend=ref,matvec=reference,operation=gf_sqr,clock=pmu,sample=17,inner=64,items=1,raw_cycles=23431
BENCH_SAMPLE,param=192s,config=ref,backend=ref,matvec=reference,operation=gf_sqr,clock=pmu,sample=18,inner=64,items=1,raw_cycles=23429
BENCH_SAMPLE,param=192s,config=ref,backend=ref,matvec=reference,operation=gf_sqr,clock=pmu,sample=19,inner=64,items=1,raw_cycles=23428
BENCH_SAMPLE,param=192s,config=ref,backend=ref,matvec=reference,operation=gf_sqr,clock=pmu,sample=20,inner=64,items=1,raw_cycles=23430
BENCH_SAMPLE,param=192s,config=ref,backend=ref,matvec=reference,operation=gf_sqr,clock=pmu,sample=21,inner=64,items=1,raw_cycles=23429
BENCH_SAMPLE,param=192s,config=ref,backend=ref,matvec=reference,operation=gf_sqr,clock=pmu,sample=22,inner=64,items=1,raw_cycles=23429
BENCH_SAMPLE,param=192s,config=ref,backend=ref,matvec=reference,operation=gf_sqr,clock=pmu,sample=23,inner=64,items=1,raw_cycles=23430
BENCH_SAMPLE,param=192s,config=ref,backend=ref,matvec=reference,operation=gf_sqr,clock=pmu,sample=24,inner=64,items=1,raw_cycles=23429
BENCH_SAMPLE,param=192s,config=ref,backend=ref,matvec=reference,operation=gf_sqr,clock=pmu,sample=25,inner=64,items=1,raw_cycles=23430
BENCH_SAMPLE,param=192s,config=ref,backend=ref,matvec=reference,operation=gf_sqr,clock=pmu,sample=26,inner=64,items=1,raw_cycles=23431
BENCH_SAMPLE,param=192s,config=ref,backend=ref,matvec=reference,operation=gf_sqr,clock=pmu,sample=27,inner=64,items=1,raw_cycles=23429
BENCH_SAMPLE,param=192s,config=ref,backend=ref,matvec=reference,operation=gf_sqr,clock=pmu,sample=28,inner=64,items=1,raw_cycles=23428
BENCH_SAMPLE,param=192s,config=ref,backend=ref,matvec=reference,operation=gf_sqr,clock=pmu,sample=29,inner=64,items=1,raw_cycles=23430
BENCH_SAMPLE,param=192s,config=ref,backend=ref,matvec=reference,operation=gf_sqr,clock=pmu,sample=30,inner=64,items=1,raw_cycles=23429
BENCH_RESULT,param=192s,config=ref,backend=ref,matvec=reference,operation=gf_sqr,clock=pmu,samples=31,inner=64,items=1,min=366.06,median=366.08,mean=366.70,stddev=3.26,max=384.55,cycles_per_item_mean=366.70
BENCH_SAMPLE,param=192s,config=ref,backend=ref,matvec=reference,operation=gf_sqr_batch4,clock=pmu,sample=0,inner=64,items=4,raw_cycles=98878
BENCH_SAMPLE,param=192s,config=ref,backend=ref,matvec=reference,operation=gf_sqr_batch4,clock=pmu,sample=1,inner=64,items=4,raw_cycles=98693
BENCH_SAMPLE,param=192s,config=ref,backend=ref,matvec=reference,operation=gf_sqr_batch4,clock=pmu,sample=2,inner=64,items=4,raw_cycles=98693
BENCH_SAMPLE,param=192s,config=ref,backend=ref,matvec=reference,operation=gf_sqr_batch4,clock=pmu,sample=3,inner=64,items=4,raw_cycles=98693
BENCH_SAMPLE,param=192s,config=ref,backend=ref,matvec=reference,operation=gf_sqr_batch4,clock=pmu,sample=4,inner=64,items=4,raw_cycles=98693
BENCH_SAMPLE,param=192s,config=ref,backend=ref,matvec=reference,operation=gf_sqr_batch4,clock=pmu,sample=5,inner=64,items=4,raw_cycles=98693
BENCH_SAMPLE,param=192s,config=ref,backend=ref,matvec=reference,operation=gf_sqr_batch4,clock=pmu,sample=6,inner=64,items=4,raw_cycles=98693
BENCH_SAMPLE,param=192s,config=ref,backend=ref,matvec=reference,operation=gf_sqr_batch4,clock=pmu,sample=7,inner=64,items=4,raw_cycles=98693
BENCH_SAMPLE,param=192s,config=ref,backend=ref,matvec=reference,operation=gf_sqr_batch4,clock=pmu,sample=8,inner=64,items=4,raw_cycles=98693
BENCH_SAMPLE,param=192s,config=ref,backend=ref,matvec=reference,operation=gf_sqr_batch4,clock=pmu,sample=9,inner=64,items=4,raw_cycles=98693
BENCH_SAMPLE,param=192s,config=ref,backend=ref,matvec=reference,operation=gf_sqr_batch4,clock=pmu,sample=10,inner=64,items=4,raw_cycles=98693
BENCH_SAMPLE,param=192s,config=ref,backend=ref,matvec=reference,operation=gf_sqr_batch4,clock=pmu,sample=11,inner=64,items=4,raw_cycles=98693
BENCH_SAMPLE,param=192s,config=ref,backend=ref,matvec=reference,operation=gf_sqr_batch4,clock=pmu,sample=12,inner=64,items=4,raw_cycles=98693
BENCH_SAMPLE,param=192s,config=ref,backend=ref,matvec=reference,operation=gf_sqr_batch4,clock=pmu,sample=13,inner=64,items=4,raw_cycles=98693
BENCH_SAMPLE,param=192s,config=ref,backend=ref,matvec=reference,operation=gf_sqr_batch4,clock=pmu,sample=14,inner=64,items=4,raw_cycles=98693
BENCH_SAMPLE,param=192s,config=ref,backend=ref,matvec=reference,operation=gf_sqr_batch4,clock=pmu,sample=15,inner=64,items=4,raw_cycles=98693
BENCH_SAMPLE,param=192s,config=ref,backend=ref,matvec=reference,operation=gf_sqr_batch4,clock=pmu,sample=16,inner=64,items=4,raw_cycles=98693
BENCH_SAMPLE,param=192s,config=ref,backend=ref,matvec=reference,operation=gf_sqr_batch4,clock=pmu,sample=17,inner=64,items=4,raw_cycles=98693
BENCH_SAMPLE,param=192s,config=ref,backend=ref,matvec=reference,operation=gf_sqr_batch4,clock=pmu,sample=18,inner=64,items=4,raw_cycles=98693
BENCH_SAMPLE,param=192s,config=ref,backend=ref,matvec=reference,operation=gf_sqr_batch4,clock=pmu,sample=19,inner=64,items=4,raw_cycles=98693
BENCH_SAMPLE,param=192s,config=ref,backend=ref,matvec=reference,operation=gf_sqr_batch4,clock=pmu,sample=20,inner=64,items=4,raw_cycles=98693
BENCH_SAMPLE,param=192s,config=ref,backend=ref,matvec=reference,operation=gf_sqr_batch4,clock=pmu,sample=21,inner=64,items=4,raw_cycles=98693
BENCH_SAMPLE,param=192s,config=ref,backend=ref,matvec=reference,operation=gf_sqr_batch4,clock=pmu,sample=22,inner=64,items=4,raw_cycles=98693
BENCH_SAMPLE,param=192s,config=ref,backend=ref,matvec=reference,operation=gf_sqr_batch4,clock=pmu,sample=23,inner=64,items=4,raw_cycles=98693
BENCH_SAMPLE,param=192s,config=ref,backend=ref,matvec=reference,operation=gf_sqr_batch4,clock=pmu,sample=24,inner=64,items=4,raw_cycles=98693
BENCH_SAMPLE,param=192s,config=ref,backend=ref,matvec=reference,operation=gf_sqr_batch4,clock=pmu,sample=25,inner=64,items=4,raw_cycles=98693
BENCH_SAMPLE,param=192s,config=ref,backend=ref,matvec=reference,operation=gf_sqr_batch4,clock=pmu,sample=26,inner=64,items=4,raw_cycles=98693
BENCH_SAMPLE,param=192s,config=ref,backend=ref,matvec=reference,operation=gf_sqr_batch4,clock=pmu,sample=27,inner=64,items=4,raw_cycles=98693
BENCH_SAMPLE,param=192s,config=ref,backend=ref,matvec=reference,operation=gf_sqr_batch4,clock=pmu,sample=28,inner=64,items=4,raw_cycles=98693
BENCH_SAMPLE,param=192s,config=ref,backend=ref,matvec=reference,operation=gf_sqr_batch4,clock=pmu,sample=29,inner=64,items=4,raw_cycles=98693
BENCH_SAMPLE,param=192s,config=ref,backend=ref,matvec=reference,operation=gf_sqr_batch4,clock=pmu,sample=30,inner=64,items=4,raw_cycles=98693
BENCH_RESULT,param=192s,config=ref,backend=ref,matvec=reference,operation=gf_sqr_batch4,clock=pmu,samples=31,inner=64,items=4,min=1542.08,median=1542.08,mean=1542.17,stddev=0.51,max=1544.97,cycles_per_item_mean=385.54
BENCH_SAMPLE,param=192s,config=ref,backend=ref,matvec=reference,operation=gf_mul_const_batch4,clock=pmu,sample=0,inner=64,items=4,raw_cycles=2423114
BENCH_SAMPLE,param=192s,config=ref,backend=ref,matvec=reference,operation=gf_mul_const_batch4,clock=pmu,sample=1,inner=64,items=4,raw_cycles=2422520
BENCH_SAMPLE,param=192s,config=ref,backend=ref,matvec=reference,operation=gf_mul_const_batch4,clock=pmu,sample=2,inner=64,items=4,raw_cycles=2422492
BENCH_SAMPLE,param=192s,config=ref,backend=ref,matvec=reference,operation=gf_mul_const_batch4,clock=pmu,sample=3,inner=64,items=4,raw_cycles=2422616
BENCH_SAMPLE,param=192s,config=ref,backend=ref,matvec=reference,operation=gf_mul_const_batch4,clock=pmu,sample=4,inner=64,items=4,raw_cycles=2422495
BENCH_SAMPLE,param=192s,config=ref,backend=ref,matvec=reference,operation=gf_mul_const_batch4,clock=pmu,sample=5,inner=64,items=4,raw_cycles=2422492
BENCH_SAMPLE,param=192s,config=ref,backend=ref,matvec=reference,operation=gf_mul_const_batch4,clock=pmu,sample=6,inner=64,items=4,raw_cycles=2422506
BENCH_SAMPLE,param=192s,config=ref,backend=ref,matvec=reference,operation=gf_mul_const_batch4,clock=pmu,sample=7,inner=64,items=4,raw_cycles=2422499
BENCH_SAMPLE,param=192s,config=ref,backend=ref,matvec=reference,operation=gf_mul_const_batch4,clock=pmu,sample=8,inner=64,items=4,raw_cycles=2422474
BENCH_SAMPLE,param=192s,config=ref,backend=ref,matvec=reference,operation=gf_mul_const_batch4,clock=pmu,sample=9,inner=64,items=4,raw_cycles=2422489
BENCH_SAMPLE,param=192s,config=ref,backend=ref,matvec=reference,operation=gf_mul_const_batch4,clock=pmu,sample=10,inner=64,items=4,raw_cycles=2422532
BENCH_SAMPLE,param=192s,config=ref,backend=ref,matvec=reference,operation=gf_mul_const_batch4,clock=pmu,sample=11,inner=64,items=4,raw_cycles=2422506
BENCH_SAMPLE,param=192s,config=ref,backend=ref,matvec=reference,operation=gf_mul_const_batch4,clock=pmu,sample=12,inner=64,items=4,raw_cycles=2422498
BENCH_SAMPLE,param=192s,config=ref,backend=ref,matvec=reference,operation=gf_mul_const_batch4,clock=pmu,sample=13,inner=64,items=4,raw_cycles=2422475
BENCH_SAMPLE,param=192s,config=ref,backend=ref,matvec=reference,operation=gf_mul_const_batch4,clock=pmu,sample=14,inner=64,items=4,raw_cycles=2422489
BENCH_SAMPLE,param=192s,config=ref,backend=ref,matvec=reference,operation=gf_mul_const_batch4,clock=pmu,sample=15,inner=64,items=4,raw_cycles=2422489
BENCH_SAMPLE,param=192s,config=ref,backend=ref,matvec=reference,operation=gf_mul_const_batch4,clock=pmu,sample=16,inner=64,items=4,raw_cycles=2422492
BENCH_SAMPLE,param=192s,config=ref,backend=ref,matvec=reference,operation=gf_mul_const_batch4,clock=pmu,sample=17,inner=64,items=4,raw_cycles=2422523
BENCH_SAMPLE,param=192s,config=ref,backend=ref,matvec=reference,operation=gf_mul_const_batch4,clock=pmu,sample=18,inner=64,items=4,raw_cycles=2422497
BENCH_SAMPLE,param=192s,config=ref,backend=ref,matvec=reference,operation=gf_mul_const_batch4,clock=pmu,sample=19,inner=64,items=4,raw_cycles=2422496
BENCH_SAMPLE,param=192s,config=ref,backend=ref,matvec=reference,operation=gf_mul_const_batch4,clock=pmu,sample=20,inner=64,items=4,raw_cycles=2422493
BENCH_SAMPLE,param=192s,config=ref,backend=ref,matvec=reference,operation=gf_mul_const_batch4,clock=pmu,sample=21,inner=64,items=4,raw_cycles=2422492
BENCH_SAMPLE,param=192s,config=ref,backend=ref,matvec=reference,operation=gf_mul_const_batch4,clock=pmu,sample=22,inner=64,items=4,raw_cycles=2422506
BENCH_SAMPLE,param=192s,config=ref,backend=ref,matvec=reference,operation=gf_mul_const_batch4,clock=pmu,sample=23,inner=64,items=4,raw_cycles=2422498
BENCH_SAMPLE,param=192s,config=ref,backend=ref,matvec=reference,operation=gf_mul_const_batch4,clock=pmu,sample=24,inner=64,items=4,raw_cycles=2422511
BENCH_SAMPLE,param=192s,config=ref,backend=ref,matvec=reference,operation=gf_mul_const_batch4,clock=pmu,sample=25,inner=64,items=4,raw_cycles=2422493
BENCH_SAMPLE,param=192s,config=ref,backend=ref,matvec=reference,operation=gf_mul_const_batch4,clock=pmu,sample=26,inner=64,items=4,raw_cycles=2422492
BENCH_SAMPLE,param=192s,config=ref,backend=ref,matvec=reference,operation=gf_mul_const_batch4,clock=pmu,sample=27,inner=64,items=4,raw_cycles=2422506
BENCH_SAMPLE,param=192s,config=ref,backend=ref,matvec=reference,operation=gf_mul_const_batch4,clock=pmu,sample=28,inner=64,items=4,raw_cycles=2422498
BENCH_SAMPLE,param=192s,config=ref,backend=ref,matvec=reference,operation=gf_mul_const_batch4,clock=pmu,sample=29,inner=64,items=4,raw_cycles=2422475
BENCH_SAMPLE,param=192s,config=ref,backend=ref,matvec=reference,operation=gf_mul_const_batch4,clock=pmu,sample=30,inner=64,items=4,raw_cycles=2422489
BENCH_RESULT,param=192s,config=ref,backend=ref,matvec=reference,operation=gf_mul_const_batch4,clock=pmu,samples=31,inner=64,items=4,min=37851.16,median=37851.50,mean=37851.89,stddev=1.73,max=37861.16,cycles_per_item_mean=9462.97
BENCH_SAMPLE,param=192s,config=ref,backend=ref,matvec=reference,operation=keypair,clock=systick-extended,sample=0,inner=1,items=1,raw_cycles=14739400
BENCH_SAMPLE,param=192s,config=ref,backend=ref,matvec=reference,operation=keypair,clock=systick-extended,sample=1,inner=1,items=1,raw_cycles=14740370
BENCH_SAMPLE,param=192s,config=ref,backend=ref,matvec=reference,operation=keypair,clock=systick-extended,sample=2,inner=1,items=1,raw_cycles=14741031
BENCH_SAMPLE,param=192s,config=ref,backend=ref,matvec=reference,operation=keypair,clock=systick-extended,sample=3,inner=1,items=1,raw_cycles=14742665
BENCH_SAMPLE,param=192s,config=ref,backend=ref,matvec=reference,operation=keypair,clock=systick-extended,sample=4,inner=1,items=1,raw_cycles=14742257
BENCH_SAMPLE,param=192s,config=ref,backend=ref,matvec=reference,operation=keypair,clock=systick-extended,sample=5,inner=1,items=1,raw_cycles=14740076
BENCH_SAMPLE,param=192s,config=ref,backend=ref,matvec=reference,operation=keypair,clock=systick-extended,sample=6,inner=1,items=1,raw_cycles=14741122
BENCH_SAMPLE,param=192s,config=ref,backend=ref,matvec=reference,operation=keypair,clock=systick-extended,sample=7,inner=1,items=1,raw_cycles=14739568
BENCH_SAMPLE,param=192s,config=ref,backend=ref,matvec=reference,operation=keypair,clock=systick-extended,sample=8,inner=1,items=1,raw_cycles=14739100
BENCH_SAMPLE,param=192s,config=ref,backend=ref,matvec=reference,operation=keypair,clock=systick-extended,sample=9,inner=1,items=1,raw_cycles=14739857
BENCH_SAMPLE,param=192s,config=ref,backend=ref,matvec=reference,operation=keypair,clock=systick-extended,sample=10,inner=1,items=1,raw_cycles=14741977
BENCH_SAMPLE,param=192s,config=ref,backend=ref,matvec=reference,operation=keypair,clock=systick-extended,sample=11,inner=1,items=1,raw_cycles=14743001
BENCH_SAMPLE,param=192s,config=ref,backend=ref,matvec=reference,operation=keypair,clock=systick-extended,sample=12,inner=1,items=1,raw_cycles=14742100
BENCH_SAMPLE,param=192s,config=ref,backend=ref,matvec=reference,operation=keypair,clock=systick-extended,sample=13,inner=1,items=1,raw_cycles=14741684
BENCH_SAMPLE,param=192s,config=ref,backend=ref,matvec=reference,operation=keypair,clock=systick-extended,sample=14,inner=1,items=1,raw_cycles=14740267
BENCH_SAMPLE,param=192s,config=ref,backend=ref,matvec=reference,operation=keypair,clock=systick-extended,sample=15,inner=1,items=1,raw_cycles=14743117
BENCH_SAMPLE,param=192s,config=ref,backend=ref,matvec=reference,operation=keypair,clock=systick-extended,sample=16,inner=1,items=1,raw_cycles=14739796
BENCH_SAMPLE,param=192s,config=ref,backend=ref,matvec=reference,operation=keypair,clock=systick-extended,sample=17,inner=1,items=1,raw_cycles=14743544
BENCH_SAMPLE,param=192s,config=ref,backend=ref,matvec=reference,operation=keypair,clock=systick-extended,sample=18,inner=1,items=1,raw_cycles=14739094
BENCH_SAMPLE,param=192s,config=ref,backend=ref,matvec=reference,operation=keypair,clock=systick-extended,sample=19,inner=1,items=1,raw_cycles=14741090
BENCH_SAMPLE,param=192s,config=ref,backend=ref,matvec=reference,operation=keypair,clock=systick-extended,sample=20,inner=1,items=1,raw_cycles=14738266
BENCH_SAMPLE,param=192s,config=ref,backend=ref,matvec=reference,operation=keypair,clock=systick-extended,sample=21,inner=1,items=1,raw_cycles=14738858
BENCH_SAMPLE,param=192s,config=ref,backend=ref,matvec=reference,operation=keypair,clock=systick-extended,sample=22,inner=1,items=1,raw_cycles=14742082
BENCH_SAMPLE,param=192s,config=ref,backend=ref,matvec=reference,operation=keypair,clock=systick-extended,sample=23,inner=1,items=1,raw_cycles=14741930
BENCH_SAMPLE,param=192s,config=ref,backend=ref,matvec=reference,operation=keypair,clock=systick-extended,sample=24,inner=1,items=1,raw_cycles=14740663
BENCH_SAMPLE,param=192s,config=ref,backend=ref,matvec=reference,operation=keypair,clock=systick-extended,sample=25,inner=1,items=1,raw_cycles=14739892
BENCH_SAMPLE,param=192s,config=ref,backend=ref,matvec=reference,operation=keypair,clock=systick-extended,sample=26,inner=1,items=1,raw_cycles=14741904
BENCH_SAMPLE,param=192s,config=ref,backend=ref,matvec=reference,operation=keypair,clock=systick-extended,sample=27,inner=1,items=1,raw_cycles=14732975
BENCH_SAMPLE,param=192s,config=ref,backend=ref,matvec=reference,operation=keypair,clock=systick-extended,sample=28,inner=1,items=1,raw_cycles=14742221
BENCH_SAMPLE,param=192s,config=ref,backend=ref,matvec=reference,operation=keypair,clock=systick-extended,sample=29,inner=1,items=1,raw_cycles=14730646
BENCH_SAMPLE,param=192s,config=ref,backend=ref,matvec=reference,operation=keypair,clock=systick-extended,sample=30,inner=1,items=1,raw_cycles=14737720
BENCH_SAMPLE,param=192s,config=ref,backend=ref,matvec=reference,operation=keypair,clock=systick-extended,sample=31,inner=1,items=1,raw_cycles=14740562
BENCH_SAMPLE,param=192s,config=ref,backend=ref,matvec=reference,operation=keypair,clock=systick-extended,sample=32,inner=1,items=1,raw_cycles=14741554
BENCH_SAMPLE,param=192s,config=ref,backend=ref,matvec=reference,operation=keypair,clock=systick-extended,sample=33,inner=1,items=1,raw_cycles=14739465
BENCH_SAMPLE,param=192s,config=ref,backend=ref,matvec=reference,operation=keypair,clock=systick-extended,sample=34,inner=1,items=1,raw_cycles=14738812
BENCH_SAMPLE,param=192s,config=ref,backend=ref,matvec=reference,operation=keypair,clock=systick-extended,sample=35,inner=1,items=1,raw_cycles=14739814
BENCH_SAMPLE,param=192s,config=ref,backend=ref,matvec=reference,operation=keypair,clock=systick-extended,sample=36,inner=1,items=1,raw_cycles=14745619
BENCH_SAMPLE,param=192s,config=ref,backend=ref,matvec=reference,operation=keypair,clock=systick-extended,sample=37,inner=1,items=1,raw_cycles=14742143
BENCH_SAMPLE,param=192s,config=ref,backend=ref,matvec=reference,operation=keypair,clock=systick-extended,sample=38,inner=1,items=1,raw_cycles=14742768
BENCH_SAMPLE,param=192s,config=ref,backend=ref,matvec=reference,operation=keypair,clock=systick-extended,sample=39,inner=1,items=1,raw_cycles=14741109
BENCH_SAMPLE,param=192s,config=ref,backend=ref,matvec=reference,operation=keypair,clock=systick-extended,sample=40,inner=1,items=1,raw_cycles=14730997
BENCH_SAMPLE,param=192s,config=ref,backend=ref,matvec=reference,operation=keypair,clock=systick-extended,sample=41,inner=1,items=1,raw_cycles=14740717
BENCH_SAMPLE,param=192s,config=ref,backend=ref,matvec=reference,operation=keypair,clock=systick-extended,sample=42,inner=1,items=1,raw_cycles=14739987
BENCH_SAMPLE,param=192s,config=ref,backend=ref,matvec=reference,operation=keypair,clock=systick-extended,sample=43,inner=1,items=1,raw_cycles=14743336
BENCH_SAMPLE,param=192s,config=ref,backend=ref,matvec=reference,operation=keypair,clock=systick-extended,sample=44,inner=1,items=1,raw_cycles=14740703
BENCH_SAMPLE,param=192s,config=ref,backend=ref,matvec=reference,operation=keypair,clock=systick-extended,sample=45,inner=1,items=1,raw_cycles=14742556
BENCH_SAMPLE,param=192s,config=ref,backend=ref,matvec=reference,operation=keypair,clock=systick-extended,sample=46,inner=1,items=1,raw_cycles=14741227
BENCH_SAMPLE,param=192s,config=ref,backend=ref,matvec=reference,operation=keypair,clock=systick-extended,sample=47,inner=1,items=1,raw_cycles=14740904
BENCH_SAMPLE,param=192s,config=ref,backend=ref,matvec=reference,operation=keypair,clock=systick-extended,sample=48,inner=1,items=1,raw_cycles=14737465
BENCH_SAMPLE,param=192s,config=ref,backend=ref,matvec=reference,operation=keypair,clock=systick-extended,sample=49,inner=1,items=1,raw_cycles=14741911
BENCH_RESULT,param=192s,config=ref,backend=ref,matvec=reference,operation=keypair,clock=systick-extended,samples=50,inner=1,items=1,min=14730646.00,median=14740810.50,mean=14740398.44,stddev=2748.56,max=14745619.00,cycles_per_item_mean=14740398.44
BENCH_SAMPLE,param=192s,config=ref,backend=ref,matvec=reference,operation=sign,clock=systick-extended,sample=0,inner=1,items=1,raw_cycles=2458864511
BENCH_SAMPLE,param=192s,config=ref,backend=ref,matvec=reference,operation=sign,clock=systick-extended,sample=1,inner=1,items=1,raw_cycles=2475723279
BENCH_SAMPLE,param=192s,config=ref,backend=ref,matvec=reference,operation=sign,clock=systick-extended,sample=2,inner=1,items=1,raw_cycles=2480984084
BENCH_SAMPLE,param=192s,config=ref,backend=ref,matvec=reference,operation=sign,clock=systick-extended,sample=3,inner=1,items=1,raw_cycles=2472214056
BENCH_SAMPLE,param=192s,config=ref,backend=ref,matvec=reference,operation=sign,clock=systick-extended,sample=4,inner=1,items=1,raw_cycles=2500180775
BENCH_SAMPLE,param=192s,config=ref,backend=ref,matvec=reference,operation=sign,clock=systick-extended,sample=5,inner=1,items=1,raw_cycles=2476557458
BENCH_SAMPLE,param=192s,config=ref,backend=ref,matvec=reference,operation=sign,clock=systick-extended,sample=6,inner=1,items=1,raw_cycles=2474521957
BENCH_SAMPLE,param=192s,config=ref,backend=ref,matvec=reference,operation=sign,clock=systick-extended,sample=7,inner=1,items=1,raw_cycles=2479979254
BENCH_SAMPLE,param=192s,config=ref,backend=ref,matvec=reference,operation=sign,clock=systick-extended,sample=8,inner=1,items=1,raw_cycles=2487189873
BENCH_SAMPLE,param=192s,config=ref,backend=ref,matvec=reference,operation=sign,clock=systick-extended,sample=9,inner=1,items=1,raw_cycles=2501135528
BENCH_SAMPLE,param=192s,config=ref,backend=ref,matvec=reference,operation=sign,clock=systick-extended,sample=10,inner=1,items=1,raw_cycles=2481315515
BENCH_SAMPLE,param=192s,config=ref,backend=ref,matvec=reference,operation=sign,clock=systick-extended,sample=11,inner=1,items=1,raw_cycles=2480403922
BENCH_SAMPLE,param=192s,config=ref,backend=ref,matvec=reference,operation=sign,clock=systick-extended,sample=12,inner=1,items=1,raw_cycles=2470173440
BENCH_SAMPLE,param=192s,config=ref,backend=ref,matvec=reference,operation=sign,clock=systick-extended,sample=13,inner=1,items=1,raw_cycles=2508060464
BENCH_SAMPLE,param=192s,config=ref,backend=ref,matvec=reference,operation=sign,clock=systick-extended,sample=14,inner=1,items=1,raw_cycles=2483592244
BENCH_SAMPLE,param=192s,config=ref,backend=ref,matvec=reference,operation=sign,clock=systick-extended,sample=15,inner=1,items=1,raw_cycles=2478476508
BENCH_SAMPLE,param=192s,config=ref,backend=ref,matvec=reference,operation=sign,clock=systick-extended,sample=16,inner=1,items=1,raw_cycles=2467574987
BENCH_SAMPLE,param=192s,config=ref,backend=ref,matvec=reference,operation=sign,clock=systick-extended,sample=17,inner=1,items=1,raw_cycles=2459186537
BENCH_SAMPLE,param=192s,config=ref,backend=ref,matvec=reference,operation=sign,clock=systick-extended,sample=18,inner=1,items=1,raw_cycles=2499103403
BENCH_SAMPLE,param=192s,config=ref,backend=ref,matvec=reference,operation=sign,clock=systick-extended,sample=19,inner=1,items=1,raw_cycles=2490851921
BENCH_SAMPLE,param=192s,config=ref,backend=ref,matvec=reference,operation=sign,clock=systick-extended,sample=20,inner=1,items=1,raw_cycles=2512017974
BENCH_SAMPLE,param=192s,config=ref,backend=ref,matvec=reference,operation=sign,clock=systick-extended,sample=21,inner=1,items=1,raw_cycles=2509141337
BENCH_SAMPLE,param=192s,config=ref,backend=ref,matvec=reference,operation=sign,clock=systick-extended,sample=22,inner=1,items=1,raw_cycles=2483424483
BENCH_SAMPLE,param=192s,config=ref,backend=ref,matvec=reference,operation=sign,clock=systick-extended,sample=23,inner=1,items=1,raw_cycles=2477177560
BENCH_SAMPLE,param=192s,config=ref,backend=ref,matvec=reference,operation=sign,clock=systick-extended,sample=24,inner=1,items=1,raw_cycles=2486349615
BENCH_SAMPLE,param=192s,config=ref,backend=ref,matvec=reference,operation=sign,clock=systick-extended,sample=25,inner=1,items=1,raw_cycles=2471248426
BENCH_SAMPLE,param=192s,config=ref,backend=ref,matvec=reference,operation=sign,clock=systick-extended,sample=26,inner=1,items=1,raw_cycles=2483054944
BENCH_SAMPLE,param=192s,config=ref,backend=ref,matvec=reference,operation=sign,clock=systick-extended,sample=27,inner=1,items=1,raw_cycles=2489494609
BENCH_SAMPLE,param=192s,config=ref,backend=ref,matvec=reference,operation=sign,clock=systick-extended,sample=28,inner=1,items=1,raw_cycles=2468414141
BENCH_SAMPLE,param=192s,config=ref,backend=ref,matvec=reference,operation=sign,clock=systick-extended,sample=29,inner=1,items=1,raw_cycles=2482198311
BENCH_SAMPLE,param=192s,config=ref,backend=ref,matvec=reference,operation=sign,clock=systick-extended,sample=30,inner=1,items=1,raw_cycles=2484167240
BENCH_SAMPLE,param=192s,config=ref,backend=ref,matvec=reference,operation=sign,clock=systick-extended,sample=31,inner=1,items=1,raw_cycles=2475014404
BENCH_SAMPLE,param=192s,config=ref,backend=ref,matvec=reference,operation=sign,clock=systick-extended,sample=32,inner=1,items=1,raw_cycles=2487652863
BENCH_SAMPLE,param=192s,config=ref,backend=ref,matvec=reference,operation=sign,clock=systick-extended,sample=33,inner=1,items=1,raw_cycles=2495372626
BENCH_SAMPLE,param=192s,config=ref,backend=ref,matvec=reference,operation=sign,clock=systick-extended,sample=34,inner=1,items=1,raw_cycles=2488644582
BENCH_SAMPLE,param=192s,config=ref,backend=ref,matvec=reference,operation=sign,clock=systick-extended,sample=35,inner=1,items=1,raw_cycles=2478146678
BENCH_SAMPLE,param=192s,config=ref,backend=ref,matvec=reference,operation=sign,clock=systick-extended,sample=36,inner=1,items=1,raw_cycles=2488775789
BENCH_SAMPLE,param=192s,config=ref,backend=ref,matvec=reference,operation=sign,clock=systick-extended,sample=37,inner=1,items=1,raw_cycles=2497289280
BENCH_SAMPLE,param=192s,config=ref,backend=ref,matvec=reference,operation=sign,clock=systick-extended,sample=38,inner=1,items=1,raw_cycles=2485857167
BENCH_SAMPLE,param=192s,config=ref,backend=ref,matvec=reference,operation=sign,clock=systick-extended,sample=39,inner=1,items=1,raw_cycles=2492957169
BENCH_SAMPLE,param=192s,config=ref,backend=ref,matvec=reference,operation=sign,clock=systick-extended,sample=40,inner=1,items=1,raw_cycles=2469669250
BENCH_SAMPLE,param=192s,config=ref,backend=ref,matvec=reference,operation=sign,clock=systick-extended,sample=41,inner=1,items=1,raw_cycles=2494412639
BENCH_SAMPLE,param=192s,config=ref,backend=ref,matvec=reference,operation=sign,clock=systick-extended,sample=42,inner=1,items=1,raw_cycles=2478505315
BENCH_SAMPLE,param=192s,config=ref,backend=ref,matvec=reference,operation=sign,clock=systick-extended,sample=43,inner=1,items=1,raw_cycles=2474299783
BENCH_SAMPLE,param=192s,config=ref,backend=ref,matvec=reference,operation=sign,clock=systick-extended,sample=44,inner=1,items=1,raw_cycles=2474981671
BENCH_SAMPLE,param=192s,config=ref,backend=ref,matvec=reference,operation=sign,clock=systick-extended,sample=45,inner=1,items=1,raw_cycles=2465351196
BENCH_SAMPLE,param=192s,config=ref,backend=ref,matvec=reference,operation=sign,clock=systick-extended,sample=46,inner=1,items=1,raw_cycles=2485301710
BENCH_SAMPLE,param=192s,config=ref,backend=ref,matvec=reference,operation=sign,clock=systick-extended,sample=47,inner=1,items=1,raw_cycles=2483422809
BENCH_SAMPLE,param=192s,config=ref,backend=ref,matvec=reference,operation=sign,clock=systick-extended,sample=48,inner=1,items=1,raw_cycles=2501171877
BENCH_SAMPLE,param=192s,config=ref,backend=ref,matvec=reference,operation=sign,clock=systick-extended,sample=49,inner=1,items=1,raw_cycles=2506857499
BENCH_RESULT,param=192s,config=ref,backend=ref,matvec=reference,operation=sign,clock=systick-extended,samples=50,inner=1,items=1,min=2458864511.00,median=2483238876.50,mean=2483929253.26,stddev=12421575.46,max=2512017974.00,cycles_per_item_mean=2483929253.26
BENCH_SAMPLE,param=192s,config=ref,backend=ref,matvec=reference,operation=verify,clock=systick-extended,sample=0,inner=1,items=1,raw_cycles=1499609398
BENCH_SAMPLE,param=192s,config=ref,backend=ref,matvec=reference,operation=verify,clock=systick-extended,sample=1,inner=1,items=1,raw_cycles=1497208497
BENCH_SAMPLE,param=192s,config=ref,backend=ref,matvec=reference,operation=verify,clock=systick-extended,sample=2,inner=1,items=1,raw_cycles=1497691273
BENCH_SAMPLE,param=192s,config=ref,backend=ref,matvec=reference,operation=verify,clock=systick-extended,sample=3,inner=1,items=1,raw_cycles=1499364449
BENCH_SAMPLE,param=192s,config=ref,backend=ref,matvec=reference,operation=verify,clock=systick-extended,sample=4,inner=1,items=1,raw_cycles=1497230901
BENCH_SAMPLE,param=192s,config=ref,backend=ref,matvec=reference,operation=verify,clock=systick-extended,sample=5,inner=1,items=1,raw_cycles=1492773322
BENCH_SAMPLE,param=192s,config=ref,backend=ref,matvec=reference,operation=verify,clock=systick-extended,sample=6,inner=1,items=1,raw_cycles=1496123970
BENCH_SAMPLE,param=192s,config=ref,backend=ref,matvec=reference,operation=verify,clock=systick-extended,sample=7,inner=1,items=1,raw_cycles=1497574939
BENCH_SAMPLE,param=192s,config=ref,backend=ref,matvec=reference,operation=verify,clock=systick-extended,sample=8,inner=1,items=1,raw_cycles=1497176529
BENCH_SAMPLE,param=192s,config=ref,backend=ref,matvec=reference,operation=verify,clock=systick-extended,sample=9,inner=1,items=1,raw_cycles=1499689227
BENCH_SAMPLE,param=192s,config=ref,backend=ref,matvec=reference,operation=verify,clock=systick-extended,sample=10,inner=1,items=1,raw_cycles=1498223963
BENCH_SAMPLE,param=192s,config=ref,backend=ref,matvec=reference,operation=verify,clock=systick-extended,sample=11,inner=1,items=1,raw_cycles=1498003281
BENCH_SAMPLE,param=192s,config=ref,backend=ref,matvec=reference,operation=verify,clock=systick-extended,sample=12,inner=1,items=1,raw_cycles=1498698586
BENCH_SAMPLE,param=192s,config=ref,backend=ref,matvec=reference,operation=verify,clock=systick-extended,sample=13,inner=1,items=1,raw_cycles=1497951607
BENCH_SAMPLE,param=192s,config=ref,backend=ref,matvec=reference,operation=verify,clock=systick-extended,sample=14,inner=1,items=1,raw_cycles=1497473718
BENCH_SAMPLE,param=192s,config=ref,backend=ref,matvec=reference,operation=verify,clock=systick-extended,sample=15,inner=1,items=1,raw_cycles=1498536503
BENCH_SAMPLE,param=192s,config=ref,backend=ref,matvec=reference,operation=verify,clock=systick-extended,sample=16,inner=1,items=1,raw_cycles=1497316284
BENCH_SAMPLE,param=192s,config=ref,backend=ref,matvec=reference,operation=verify,clock=systick-extended,sample=17,inner=1,items=1,raw_cycles=1497053349
BENCH_SAMPLE,param=192s,config=ref,backend=ref,matvec=reference,operation=verify,clock=systick-extended,sample=18,inner=1,items=1,raw_cycles=1498351607
BENCH_SAMPLE,param=192s,config=ref,backend=ref,matvec=reference,operation=verify,clock=systick-extended,sample=19,inner=1,items=1,raw_cycles=1493356726
BENCH_SAMPLE,param=192s,config=ref,backend=ref,matvec=reference,operation=verify,clock=systick-extended,sample=20,inner=1,items=1,raw_cycles=1497161116
BENCH_SAMPLE,param=192s,config=ref,backend=ref,matvec=reference,operation=verify,clock=systick-extended,sample=21,inner=1,items=1,raw_cycles=1497897968
BENCH_SAMPLE,param=192s,config=ref,backend=ref,matvec=reference,operation=verify,clock=systick-extended,sample=22,inner=1,items=1,raw_cycles=1500349857
BENCH_SAMPLE,param=192s,config=ref,backend=ref,matvec=reference,operation=verify,clock=systick-extended,sample=23,inner=1,items=1,raw_cycles=1497612895
BENCH_SAMPLE,param=192s,config=ref,backend=ref,matvec=reference,operation=verify,clock=systick-extended,sample=24,inner=1,items=1,raw_cycles=1498482553
BENCH_SAMPLE,param=192s,config=ref,backend=ref,matvec=reference,operation=verify,clock=systick-extended,sample=25,inner=1,items=1,raw_cycles=1498991331
BENCH_SAMPLE,param=192s,config=ref,backend=ref,matvec=reference,operation=verify,clock=systick-extended,sample=26,inner=1,items=1,raw_cycles=1496816868
BENCH_SAMPLE,param=192s,config=ref,backend=ref,matvec=reference,operation=verify,clock=systick-extended,sample=27,inner=1,items=1,raw_cycles=1497613144
BENCH_SAMPLE,param=192s,config=ref,backend=ref,matvec=reference,operation=verify,clock=systick-extended,sample=28,inner=1,items=1,raw_cycles=1497050996
BENCH_SAMPLE,param=192s,config=ref,backend=ref,matvec=reference,operation=verify,clock=systick-extended,sample=29,inner=1,items=1,raw_cycles=1497797893
BENCH_SAMPLE,param=192s,config=ref,backend=ref,matvec=reference,operation=verify,clock=systick-extended,sample=30,inner=1,items=1,raw_cycles=1498932840
BENCH_SAMPLE,param=192s,config=ref,backend=ref,matvec=reference,operation=verify,clock=systick-extended,sample=31,inner=1,items=1,raw_cycles=1496311815
BENCH_SAMPLE,param=192s,config=ref,backend=ref,matvec=reference,operation=verify,clock=systick-extended,sample=32,inner=1,items=1,raw_cycles=1497258080
BENCH_SAMPLE,param=192s,config=ref,backend=ref,matvec=reference,operation=verify,clock=systick-extended,sample=33,inner=1,items=1,raw_cycles=1497368387
BENCH_SAMPLE,param=192s,config=ref,backend=ref,matvec=reference,operation=verify,clock=systick-extended,sample=34,inner=1,items=1,raw_cycles=1498510635
BENCH_SAMPLE,param=192s,config=ref,backend=ref,matvec=reference,operation=verify,clock=systick-extended,sample=35,inner=1,items=1,raw_cycles=1499229168
BENCH_SAMPLE,param=192s,config=ref,backend=ref,matvec=reference,operation=verify,clock=systick-extended,sample=36,inner=1,items=1,raw_cycles=1496786217
BENCH_SAMPLE,param=192s,config=ref,backend=ref,matvec=reference,operation=verify,clock=systick-extended,sample=37,inner=1,items=1,raw_cycles=1499097380
BENCH_SAMPLE,param=192s,config=ref,backend=ref,matvec=reference,operation=verify,clock=systick-extended,sample=38,inner=1,items=1,raw_cycles=1499027286
BENCH_SAMPLE,param=192s,config=ref,backend=ref,matvec=reference,operation=verify,clock=systick-extended,sample=39,inner=1,items=1,raw_cycles=1498984542
BENCH_SAMPLE,param=192s,config=ref,backend=ref,matvec=reference,operation=verify,clock=systick-extended,sample=40,inner=1,items=1,raw_cycles=1496912602
BENCH_SAMPLE,param=192s,config=ref,backend=ref,matvec=reference,operation=verify,clock=systick-extended,sample=41,inner=1,items=1,raw_cycles=1499896940
BENCH_SAMPLE,param=192s,config=ref,backend=ref,matvec=reference,operation=verify,clock=systick-extended,sample=42,inner=1,items=1,raw_cycles=1497050850
BENCH_SAMPLE,param=192s,config=ref,backend=ref,matvec=reference,operation=verify,clock=systick-extended,sample=43,inner=1,items=1,raw_cycles=1497374557
BENCH_SAMPLE,param=192s,config=ref,backend=ref,matvec=reference,operation=verify,clock=systick-extended,sample=44,inner=1,items=1,raw_cycles=1497955295
BENCH_SAMPLE,param=192s,config=ref,backend=ref,matvec=reference,operation=verify,clock=systick-extended,sample=45,inner=1,items=1,raw_cycles=1497552096
BENCH_SAMPLE,param=192s,config=ref,backend=ref,matvec=reference,operation=verify,clock=systick-extended,sample=46,inner=1,items=1,raw_cycles=1499033979
BENCH_SAMPLE,param=192s,config=ref,backend=ref,matvec=reference,operation=verify,clock=systick-extended,sample=47,inner=1,items=1,raw_cycles=1497935650
BENCH_SAMPLE,param=192s,config=ref,backend=ref,matvec=reference,operation=verify,clock=systick-extended,sample=48,inner=1,items=1,raw_cycles=1497149176
BENCH_SAMPLE,param=192s,config=ref,backend=ref,matvec=reference,operation=verify,clock=systick-extended,sample=49,inner=1,items=1,raw_cycles=1497232176
BENCH_RESULT,param=192s,config=ref,backend=ref,matvec=reference,operation=verify,clock=systick-extended,samples=50,inner=1,items=1,min=1492773322.00,median=1497652208.50,mean=1497775648.42,stddev=1355351.08,max=1500349857.00,cycles_per_item_mean=1497775648.42
BENCH_MEMORY,param=192s,config=ref,backend=ref,matvec=reference,static_ram_bytes=13632,stack_reserved_bytes=131072,stack_peak_bytes=15332,heap_capacity_bytes=1835008,heap_peak_bytes=94208
BENCH_PASS,param=192s,config=ref,backend=ref,matvec=reference,checksum=22df1bbec77a50fd
TEST_EXIT=0
