AFFINE_CONTEXT,result_dir=/Users/seungwon/AIMer3_on_AVX512/AIMer_v3/m55/benchmarks/results/affine-ablation-20260905-131658,source_sha256=2401098821284c320032ca8f57fd0fd1dca293ccde43f9a8af2b8c4e0e6875d8,command=make -B PARAM=256f BACKEND=ref MATVEC=reference TEST=profile MEMORY=full SIGN_SCHEDULE=lowmem STACK_USAGE=1 PROFILE_SAMPLES=31 PROFILE_KERNEL_INNER=64 PROFILE_COMPLEX_INNER=8 run-board 
/Users/seungwon/test/.tools/xpack-arm-none-eabi-gcc-15.2.1-1.1/bin/arm-none-eabi-gcc   -DAIMER_PHASE_PROFILE -DPARAMS=256f -DAIMER_BACKEND=ref -DAIMER_MATVEC=reference -DAIMER_CONFIG=ref -DBENCH_KERNEL_SAMPLES=31 -DBENCH_E2E_SAMPLES=7 -DBENCH_KERNEL_INNER=64 -DBENCH_WARMUP=1 -DPROFILE_SAMPLES=31 -DPROFILE_KERNEL_INNER=64 -DPROFILE_COMPLEX_INNER=8 -DUSE_HAL_DRIVER -DSTM32N657xx -Iinclude -I../src/sig/aimer/reference/aimer-256f -I../src -I/Users/seungwon/STM32CubeN6/Projects/NUCLEO-N657X0-Q/Templates/Template/FSBL/Inc -I/Users/seungwon/STM32CubeN6/Drivers/CMSIS/Include -I/Users/seungwon/STM32CubeN6/Drivers/CMSIS/Device/ST/STM32N6xx/Include -I/Users/seungwon/STM32CubeN6/Drivers/STM32N6xx_HAL_Driver/Inc -I/Users/seungwon/STM32CubeN6/Drivers/STM32N6xx_HAL_Driver/Inc/Legacy -O3 -std=c11 -fno-common -ffunction-sections -fdata-sections -fno-tree-vectorize -fno-tree-slp-vectorize -MMD -MP --specs=nosys.specs -Wall -Wextra -Wshadow -Wconversion -Wstrict-prototypes -mcpu=cortex-m55 -mthumb -mfloat-abi=hard -mcmse -fstack-usage -c benchmarks/profile.c -o build/full/256f/ref/profile/profile.c.o
/Users/seungwon/test/.tools/xpack-arm-none-eabi-gcc-15.2.1-1.1/bin/arm-none-eabi-gcc   -DAIMER_PHASE_PROFILE -DPARAMS=256f -DAIMER_BACKEND=ref -DAIMER_MATVEC=reference -DAIMER_CONFIG=ref -DBENCH_KERNEL_SAMPLES=31 -DBENCH_E2E_SAMPLES=7 -DBENCH_KERNEL_INNER=64 -DBENCH_WARMUP=1 -DPROFILE_SAMPLES=31 -DPROFILE_KERNEL_INNER=64 -DPROFILE_COMPLEX_INNER=8 -DUSE_HAL_DRIVER -DSTM32N657xx -Iinclude -I../src/sig/aimer/reference/aimer-256f -I../src -I/Users/seungwon/STM32CubeN6/Projects/NUCLEO-N657X0-Q/Templates/Template/FSBL/Inc -I/Users/seungwon/STM32CubeN6/Drivers/CMSIS/Include -I/Users/seungwon/STM32CubeN6/Drivers/CMSIS/Device/ST/STM32N6xx/Include -I/Users/seungwon/STM32CubeN6/Drivers/STM32N6xx_HAL_Driver/Inc -I/Users/seungwon/STM32CubeN6/Drivers/STM32N6xx_HAL_Driver/Inc/Legacy -O3 -std=c11 -fno-common -ffunction-sections -fdata-sections -fno-tree-vectorize -fno-tree-slp-vectorize -MMD -MP --specs=nosys.specs -Wall -Wextra -Wshadow -Wconversion -Wstrict-prototypes -mcpu=cortex-m55 -mthumb -mfloat-abi=hard -mcmse -fstack-usage -c src/mve/field_batch.c -o build/full/256f/ref/profile/field_batch.c.o
/Users/seungwon/test/.tools/xpack-arm-none-eabi-gcc-15.2.1-1.1/bin/arm-none-eabi-gcc   -DAIMER_PHASE_PROFILE -DPARAMS=256f -DAIMER_BACKEND=ref -DAIMER_MATVEC=reference -DAIMER_CONFIG=ref -DBENCH_KERNEL_SAMPLES=31 -DBENCH_E2E_SAMPLES=7 -DBENCH_KERNEL_INNER=64 -DBENCH_WARMUP=1 -DPROFILE_SAMPLES=31 -DPROFILE_KERNEL_INNER=64 -DPROFILE_COMPLEX_INNER=8 -DUSE_HAL_DRIVER -DSTM32N657xx -Iinclude -I../src/sig/aimer/reference/aimer-256f -I../src -I/Users/seungwon/STM32CubeN6/Projects/NUCLEO-N657X0-Q/Templates/Template/FSBL/Inc -I/Users/seungwon/STM32CubeN6/Drivers/CMSIS/Include -I/Users/seungwon/STM32CubeN6/Drivers/CMSIS/Device/ST/STM32N6xx/Include -I/Users/seungwon/STM32CubeN6/Drivers/STM32N6xx_HAL_Driver/Inc -I/Users/seungwon/STM32CubeN6/Drivers/STM32N6xx_HAL_Driver/Inc/Legacy -O3 -std=c11 -fno-common -ffunction-sections -fdata-sections -fno-tree-vectorize -fno-tree-slp-vectorize -MMD -MP --specs=nosys.specs -Wall -Wextra -Wshadow -Wconversion -Wstrict-prototypes -mcpu=cortex-m55 -mthumb -mfloat-abi=hard -mcmse -fstack-usage -c src/mve/mpc_batch.c -o build/full/256f/ref/profile/mpc_batch.c.o
/Users/seungwon/test/.tools/xpack-arm-none-eabi-gcc-15.2.1-1.1/bin/arm-none-eabi-gcc   -DAIMER_PHASE_PROFILE -DPARAMS=256f -DAIMER_BACKEND=ref -DAIMER_MATVEC=reference -DAIMER_CONFIG=ref -DBENCH_KERNEL_SAMPLES=31 -DBENCH_E2E_SAMPLES=7 -DBENCH_KERNEL_INNER=64 -DBENCH_WARMUP=1 -DPROFILE_SAMPLES=31 -DPROFILE_KERNEL_INNER=64 -DPROFILE_COMPLEX_INNER=8 -DUSE_HAL_DRIVER -DSTM32N657xx -Iinclude -I../src/sig/aimer/reference/aimer-256f -I../src -I/Users/seungwon/STM32CubeN6/Projects/NUCLEO-N657X0-Q/Templates/Template/FSBL/Inc -I/Users/seungwon/STM32CubeN6/Drivers/CMSIS/Include -I/Users/seungwon/STM32CubeN6/Drivers/CMSIS/Device/ST/STM32N6xx/Include -I/Users/seungwon/STM32CubeN6/Drivers/STM32N6xx_HAL_Driver/Inc -I/Users/seungwon/STM32CubeN6/Drivers/STM32N6xx_HAL_Driver/Inc/Legacy -O3 -std=c11 -fno-common -ffunction-sections -fdata-sections -fno-tree-vectorize -fno-tree-slp-vectorize -MMD -MP --specs=nosys.specs -Wall -Wextra -Wshadow -Wconversion -Wstrict-prototypes -mcpu=cortex-m55 -mthumb -mfloat-abi=hard -mcmse -fstack-usage -c ../src/sig/aimer/reference/aimer-256f/aim3.c -o build/full/256f/ref/profile/aim3.c.o
/Users/seungwon/test/.tools/xpack-arm-none-eabi-gcc-15.2.1-1.1/bin/arm-none-eabi-gcc   -DAIMER_PHASE_PROFILE -DPARAMS=256f -DAIMER_BACKEND=ref -DAIMER_MATVEC=reference -DAIMER_CONFIG=ref -DBENCH_KERNEL_SAMPLES=31 -DBENCH_E2E_SAMPLES=7 -DBENCH_KERNEL_INNER=64 -DBENCH_WARMUP=1 -DPROFILE_SAMPLES=31 -DPROFILE_KERNEL_INNER=64 -DPROFILE_COMPLEX_INNER=8 -DUSE_HAL_DRIVER -DSTM32N657xx -Iinclude -I../src/sig/aimer/reference/aimer-256f -I../src -I/Users/seungwon/STM32CubeN6/Projects/NUCLEO-N657X0-Q/Templates/Template/FSBL/Inc -I/Users/seungwon/STM32CubeN6/Drivers/CMSIS/Include -I/Users/seungwon/STM32CubeN6/Drivers/CMSIS/Device/ST/STM32N6xx/Include -I/Users/seungwon/STM32CubeN6/Drivers/STM32N6xx_HAL_Driver/Inc -I/Users/seungwon/STM32CubeN6/Drivers/STM32N6xx_HAL_Driver/Inc/Legacy -O3 -std=c11 -fno-common -ffunction-sections -fdata-sections -fno-tree-vectorize -fno-tree-slp-vectorize -MMD -MP --specs=nosys.specs -Wall -Wextra -Wshadow -Wconversion -Wstrict-prototypes -mcpu=cortex-m55 -mthumb -mfloat-abi=hard -mcmse -fstack-usage -c ../src/sig/aimer/reference/aimer-256f/hash.c -o build/full/256f/ref/profile/hash.c.o
/Users/seungwon/test/.tools/xpack-arm-none-eabi-gcc-15.2.1-1.1/bin/arm-none-eabi-gcc   -DAIMER_PHASE_PROFILE -DPARAMS=256f -DAIMER_BACKEND=ref -DAIMER_MATVEC=reference -DAIMER_CONFIG=ref -DBENCH_KERNEL_SAMPLES=31 -DBENCH_E2E_SAMPLES=7 -DBENCH_KERNEL_INNER=64 -DBENCH_WARMUP=1 -DPROFILE_SAMPLES=31 -DPROFILE_KERNEL_INNER=64 -DPROFILE_COMPLEX_INNER=8 -DUSE_HAL_DRIVER -DSTM32N657xx -Iinclude -I../src/sig/aimer/reference/aimer-256f -I../src -I/Users/seungwon/STM32CubeN6/Projects/NUCLEO-N657X0-Q/Templates/Template/FSBL/Inc -I/Users/seungwon/STM32CubeN6/Drivers/CMSIS/Include -I/Users/seungwon/STM32CubeN6/Drivers/CMSIS/Device/ST/STM32N6xx/Include -I/Users/seungwon/STM32CubeN6/Drivers/STM32N6xx_HAL_Driver/Inc -I/Users/seungwon/STM32CubeN6/Drivers/STM32N6xx_HAL_Driver/Inc/Legacy -O3 -std=c11 -fno-common -ffunction-sections -fdata-sections -fno-tree-vectorize -fno-tree-slp-vectorize -MMD -MP --specs=nosys.specs -Wall -Wextra -Wshadow -Wconversion -Wstrict-prototypes -mcpu=cortex-m55 -mthumb -mfloat-abi=hard -mcmse -fstack-usage -c ../src/sig/aimer/reference/aimer-256f/field_common.c -o build/full/256f/ref/profile/field_common.c.o
../src/sig/aimer/reference/aimer-256f/field_common.c: In function 'samsungsds_aimer_256f_ref_gf_from_bytes':
../src/sig/aimer/reference/aimer-256f/field_common.c:28:31: warning: conversion to 'size_t' {aka 'unsigned int'} from 'int' may change the sign of the result [-Wsign-conversion]
   28 |       u = (u << 8) | in[8 * i + j];
      |                               ^
/Users/seungwon/test/.tools/xpack-arm-none-eabi-gcc-15.2.1-1.1/bin/arm-none-eabi-gcc   -DAIMER_PHASE_PROFILE -DPARAMS=256f -DAIMER_BACKEND=ref -DAIMER_MATVEC=reference -DAIMER_CONFIG=ref -DBENCH_KERNEL_SAMPLES=31 -DBENCH_E2E_SAMPLES=7 -DBENCH_KERNEL_INNER=64 -DBENCH_WARMUP=1 -DPROFILE_SAMPLES=31 -DPROFILE_KERNEL_INNER=64 -DPROFILE_COMPLEX_INNER=8 -DUSE_HAL_DRIVER -DSTM32N657xx -Iinclude -I../src/sig/aimer/reference/aimer-256f -I../src -I/Users/seungwon/STM32CubeN6/Projects/NUCLEO-N657X0-Q/Templates/Template/FSBL/Inc -I/Users/seungwon/STM32CubeN6/Drivers/CMSIS/Include -I/Users/seungwon/STM32CubeN6/Drivers/CMSIS/Device/ST/STM32N6xx/Include -I/Users/seungwon/STM32CubeN6/Drivers/STM32N6xx_HAL_Driver/Inc -I/Users/seungwon/STM32CubeN6/Drivers/STM32N6xx_HAL_Driver/Inc/Legacy -O3 -std=c11 -fno-common -ffunction-sections -fdata-sections -fno-tree-vectorize -fno-tree-slp-vectorize -MMD -MP --specs=nosys.specs -Wall -Wextra -Wshadow -Wconversion -Wstrict-prototypes -mcpu=cortex-m55 -mthumb -mfloat-abi=hard -mcmse -fstack-usage -c ../src/sig/aimer/reference/aimer-256f/field256.c -o build/full/256f/ref/profile/field256.c.o
/Users/seungwon/test/.tools/xpack-arm-none-eabi-gcc-15.2.1-1.1/bin/arm-none-eabi-gcc   -DAIMER_PHASE_PROFILE -DPARAMS=256f -DAIMER_BACKEND=ref -DAIMER_MATVEC=reference -DAIMER_CONFIG=ref -DBENCH_KERNEL_SAMPLES=31 -DBENCH_E2E_SAMPLES=7 -DBENCH_KERNEL_INNER=64 -DBENCH_WARMUP=1 -DPROFILE_SAMPLES=31 -DPROFILE_KERNEL_INNER=64 -DPROFILE_COMPLEX_INNER=8 -DUSE_HAL_DRIVER -DSTM32N657xx -Iinclude -I../src/sig/aimer/reference/aimer-256f -I../src -I/Users/seungwon/STM32CubeN6/Projects/NUCLEO-N657X0-Q/Templates/Template/FSBL/Inc -I/Users/seungwon/STM32CubeN6/Drivers/CMSIS/Include -I/Users/seungwon/STM32CubeN6/Drivers/CMSIS/Device/ST/STM32N6xx/Include -I/Users/seungwon/STM32CubeN6/Drivers/STM32N6xx_HAL_Driver/Inc -I/Users/seungwon/STM32CubeN6/Drivers/STM32N6xx_HAL_Driver/Inc/Legacy -O3 -std=c11 -fno-common -ffunction-sections -fdata-sections -fno-tree-vectorize -fno-tree-slp-vectorize -MMD -MP --specs=nosys.specs -Wall -Wextra -Wshadow -Wconversion -Wstrict-prototypes -mcpu=cortex-m55 -mthumb -mfloat-abi=hard -mcmse -fstack-usage -c ../src/common/fips202.c -o build/full/256f/ref/profile/fips202.c.o
/Users/seungwon/test/.tools/xpack-arm-none-eabi-gcc-15.2.1-1.1/bin/arm-none-eabi-gcc   -DAIMER_PHASE_PROFILE -DPARAMS=256f -DAIMER_BACKEND=ref -DAIMER_MATVEC=reference -DAIMER_CONFIG=ref -DBENCH_KERNEL_SAMPLES=31 -DBENCH_E2E_SAMPLES=7 -DBENCH_KERNEL_INNER=64 -DBENCH_WARMUP=1 -DPROFILE_SAMPLES=31 -DPROFILE_KERNEL_INNER=64 -DPROFILE_COMPLEX_INNER=8 -DUSE_HAL_DRIVER -DSTM32N657xx -Iinclude -I../src/sig/aimer/reference/aimer-256f -I../src -I/Users/seungwon/STM32CubeN6/Projects/NUCLEO-N657X0-Q/Templates/Template/FSBL/Inc -I/Users/seungwon/STM32CubeN6/Drivers/CMSIS/Include -I/Users/seungwon/STM32CubeN6/Drivers/CMSIS/Device/ST/STM32N6xx/Include -I/Users/seungwon/STM32CubeN6/Drivers/STM32N6xx_HAL_Driver/Inc -I/Users/seungwon/STM32CubeN6/Drivers/STM32N6xx_HAL_Driver/Inc/Legacy -O3 -std=c11 -fno-common -ffunction-sections -fdata-sections -fno-tree-vectorize -fno-tree-slp-vectorize -MMD -MP --specs=nosys.specs -Wall -Wextra -Wshadow -Wconversion -Wstrict-prototypes -mcpu=cortex-m55 -mthumb -mfloat-abi=hard -mcmse -fstack-usage -c toolchain/board/nucleo-n657x0-q/platform.c -o build/full/256f/ref/profile/platform.c.o
In file included from /Users/seungwon/STM32CubeN6/Drivers/CMSIS/Include/core_cm55.h:4605,
                 from /Users/seungwon/STM32CubeN6/Drivers/CMSIS/Device/ST/STM32N6xx/Include/stm32n657xx.h:281,
                 from /Users/seungwon/STM32CubeN6/Drivers/CMSIS/Device/ST/STM32N6xx/Include/stm32n6xx.h:87,
                 from /Users/seungwon/STM32CubeN6/Drivers/STM32N6xx_HAL_Driver/Inc/stm32n6xx_hal_def.h:33,
                 from /Users/seungwon/STM32CubeN6/Drivers/STM32N6xx_HAL_Driver/Inc/stm32n6xx_hal_rcc.h:28,
                 from /Users/seungwon/STM32CubeN6/Projects/NUCLEO-N657X0-Q/Templates/Template/FSBL/Inc/stm32n6xx_hal_conf.h:253,
                 from /Users/seungwon/STM32CubeN6/Drivers/STM32N6xx_HAL_Driver/Inc/stm32n6xx_hal.h:29,
                 from toolchain/board/nucleo-n657x0-q/platform.c:5:
/Users/seungwon/STM32CubeN6/Drivers/CMSIS/Include/m-profile/armv7m_cachel1.h: In function 'SCB_InvalidateICache_by_Addr':
/Users/seungwon/STM32CubeN6/Drivers/CMSIS/Include/m-profile/armv7m_cachel1.h:117:32: warning: conversion to 'long unsigned int' from 'int32_t' {aka 'long int'} may change the sign of the result [-Wsign-conversion]
  117 |        int32_t op_size = isize + (((uint32_t)addr) & (__SCB_ICACHE_LINE_SIZE - 1U));
      |                                ^
/Users/seungwon/STM32CubeN6/Drivers/CMSIS/Include/m-profile/armv7m_cachel1.h:117:26: warning: conversion to 'int32_t' {aka 'long int'} from 'long unsigned int' may change the sign of the result [-Wsign-conversion]
  117 |        int32_t op_size = isize + (((uint32_t)addr) & (__SCB_ICACHE_LINE_SIZE - 1U));
      |                          ^~~~~
/Users/seungwon/STM32CubeN6/Drivers/CMSIS/Include/m-profile/armv7m_cachel1.h:125:17: warning: conversion to 'long unsigned int' from 'int32_t' {aka 'long int'} may change the sign of the result [-Wsign-conversion]
  125 |         op_size -= __SCB_ICACHE_LINE_SIZE;
      |                 ^~
/Users/seungwon/STM32CubeN6/Drivers/CMSIS/Include/m-profile/armv7m_cachel1.h:48:33: warning: conversion to 'int32_t' {aka 'long int'} from 'long unsigned int' may change the sign of the result [-Wsign-conversion]
   48 | #define __SCB_ICACHE_LINE_SIZE  32U /*!< Cortex-M7 cache line size is fixed to 32 bytes (8 words). See also register SCB_CCSIDR */
      |                                 ^~~
/Users/seungwon/STM32CubeN6/Drivers/CMSIS/Include/m-profile/armv7m_cachel1.h:125:20: note: in expansion of macro '__SCB_ICACHE_LINE_SIZE'
  125 |         op_size -= __SCB_ICACHE_LINE_SIZE;
      |                    ^~~~~~~~~~~~~~~~~~~~~~
/Users/seungwon/STM32CubeN6/Drivers/CMSIS/Include/m-profile/armv7m_cachel1.h: In function 'SCB_InvalidateDCache_by_Addr':
/Users/seungwon/STM32CubeN6/Drivers/CMSIS/Include/m-profile/armv7m_cachel1.h:360:32: warning: conversion to 'long unsigned int' from 'int32_t' {aka 'long int'} may change the sign of the result [-Wsign-conversion]
  360 |        int32_t op_size = dsize + (((uint32_t)addr) & (__SCB_DCACHE_LINE_SIZE - 1U));
      |                                ^
/Users/seungwon/STM32CubeN6/Drivers/CMSIS/Include/m-profile/armv7m_cachel1.h:360:26: warning: conversion to 'int32_t' {aka 'long int'} from 'long unsigned int' may change the sign of the result [-Wsign-conversion]
  360 |        int32_t op_size = dsize + (((uint32_t)addr) & (__SCB_DCACHE_LINE_SIZE - 1U));
      |                          ^~~~~
/Users/seungwon/STM32CubeN6/Drivers/CMSIS/Include/m-profile/armv7m_cachel1.h:368:17: warning: conversion to 'long unsigned int' from 'int32_t' {aka 'long int'} may change the sign of the result [-Wsign-conversion]
  368 |         op_size -= __SCB_DCACHE_LINE_SIZE;
      |                 ^~
/Users/seungwon/STM32CubeN6/Drivers/CMSIS/Include/m-profile/armv7m_cachel1.h:44:33: warning: conversion to 'int32_t' {aka 'long int'} from 'long unsigned int' may change the sign of the result [-Wsign-conversion]
   44 | #define __SCB_DCACHE_LINE_SIZE  32U /*!< Cortex-M7 cache line size is fixed to 32 bytes (8 words). See also register SCB_CCSIDR */
      |                                 ^~~
/Users/seungwon/STM32CubeN6/Drivers/CMSIS/Include/m-profile/armv7m_cachel1.h:368:20: note: in expansion of macro '__SCB_DCACHE_LINE_SIZE'
  368 |         op_size -= __SCB_DCACHE_LINE_SIZE;
      |                    ^~~~~~~~~~~~~~~~~~~~~~
/Users/seungwon/STM32CubeN6/Drivers/CMSIS/Include/m-profile/armv7m_cachel1.h: In function 'SCB_CleanDCache_by_Addr':
/Users/seungwon/STM32CubeN6/Drivers/CMSIS/Include/m-profile/armv7m_cachel1.h:390:32: warning: conversion to 'long unsigned int' from 'int32_t' {aka 'long int'} may change the sign of the result [-Wsign-conversion]
  390 |        int32_t op_size = dsize + (((uint32_t)addr) & (__SCB_DCACHE_LINE_SIZE - 1U));
      |                                ^
/Users/seungwon/STM32CubeN6/Drivers/CMSIS/Include/m-profile/armv7m_cachel1.h:390:26: warning: conversion to 'int32_t' {aka 'long int'} from 'long unsigned int' may change the sign of the result [-Wsign-conversion]
  390 |        int32_t op_size = dsize + (((uint32_t)addr) & (__SCB_DCACHE_LINE_SIZE - 1U));
      |                          ^~~~~
/Users/seungwon/STM32CubeN6/Drivers/CMSIS/Include/m-profile/armv7m_cachel1.h:398:17: warning: conversion to 'long unsigned int' from 'int32_t' {aka 'long int'} may change the sign of the result [-Wsign-conversion]
  398 |         op_size -= __SCB_DCACHE_LINE_SIZE;
      |                 ^~
/Users/seungwon/STM32CubeN6/Drivers/CMSIS/Include/m-profile/armv7m_cachel1.h:44:33: warning: conversion to 'int32_t' {aka 'long int'} from 'long unsigned int' may change the sign of the result [-Wsign-conversion]
   44 | #define __SCB_DCACHE_LINE_SIZE  32U /*!< Cortex-M7 cache line size is fixed to 32 bytes (8 words). See also register SCB_CCSIDR */
      |                                 ^~~
/Users/seungwon/STM32CubeN6/Drivers/CMSIS/Include/m-profile/armv7m_cachel1.h:398:20: note: in expansion of macro '__SCB_DCACHE_LINE_SIZE'
  398 |         op_size -= __SCB_DCACHE_LINE_SIZE;
      |                    ^~~~~~~~~~~~~~~~~~~~~~
/Users/seungwon/STM32CubeN6/Drivers/CMSIS/Include/m-profile/armv7m_cachel1.h: In function 'SCB_CleanInvalidateDCache_by_Addr':
/Users/seungwon/STM32CubeN6/Drivers/CMSIS/Include/m-profile/armv7m_cachel1.h:420:32: warning: conversion to 'long unsigned int' from 'int32_t' {aka 'long int'} may change the sign of the result [-Wsign-conversion]
  420 |        int32_t op_size = dsize + (((uint32_t)addr) & (__SCB_DCACHE_LINE_SIZE - 1U));
      |                                ^
/Users/seungwon/STM32CubeN6/Drivers/CMSIS/Include/m-profile/armv7m_cachel1.h:420:26: warning: conversion to 'int32_t' {aka 'long int'} from 'long unsigned int' may change the sign of the result [-Wsign-conversion]
  420 |        int32_t op_size = dsize + (((uint32_t)addr) & (__SCB_DCACHE_LINE_SIZE - 1U));
      |                          ^~~~~
/Users/seungwon/STM32CubeN6/Drivers/CMSIS/Include/m-profile/armv7m_cachel1.h:428:17: warning: conversion to 'long unsigned int' from 'int32_t' {aka 'long int'} may change the sign of the result [-Wsign-conversion]
  428 |         op_size -=          __SCB_DCACHE_LINE_SIZE;
      |                 ^~
/Users/seungwon/STM32CubeN6/Drivers/CMSIS/Include/m-profile/armv7m_cachel1.h:44:33: warning: conversion to 'int32_t' {aka 'long int'} from 'long unsigned int' may change the sign of the result [-Wsign-conversion]
   44 | #define __SCB_DCACHE_LINE_SIZE  32U /*!< Cortex-M7 cache line size is fixed to 32 bytes (8 words). See also register SCB_CCSIDR */
      |                                 ^~~
/Users/seungwon/STM32CubeN6/Drivers/CMSIS/Include/m-profile/armv7m_cachel1.h:428:29: note: in expansion of macro '__SCB_DCACHE_LINE_SIZE'
  428 |         op_size -=          __SCB_DCACHE_LINE_SIZE;
      |                             ^~~~~~~~~~~~~~~~~~~~~~
/Users/seungwon/test/.tools/xpack-arm-none-eabi-gcc-15.2.1-1.1/bin/arm-none-eabi-gcc   -DAIMER_PHASE_PROFILE -DPARAMS=256f -DAIMER_BACKEND=ref -DAIMER_MATVEC=reference -DAIMER_CONFIG=ref -DBENCH_KERNEL_SAMPLES=31 -DBENCH_E2E_SAMPLES=7 -DBENCH_KERNEL_INNER=64 -DBENCH_WARMUP=1 -DPROFILE_SAMPLES=31 -DPROFILE_KERNEL_INNER=64 -DPROFILE_COMPLEX_INNER=8 -DUSE_HAL_DRIVER -DSTM32N657xx -Iinclude -I../src/sig/aimer/reference/aimer-256f -I../src -I/Users/seungwon/STM32CubeN6/Projects/NUCLEO-N657X0-Q/Templates/Template/FSBL/Inc -I/Users/seungwon/STM32CubeN6/Drivers/CMSIS/Include -I/Users/seungwon/STM32CubeN6/Drivers/CMSIS/Device/ST/STM32N6xx/Include -I/Users/seungwon/STM32CubeN6/Drivers/STM32N6xx_HAL_Driver/Inc -I/Users/seungwon/STM32CubeN6/Drivers/STM32N6xx_HAL_Driver/Inc/Legacy -O3 -std=c11 -fno-common -ffunction-sections -fdata-sections -fno-tree-vectorize -fno-tree-slp-vectorize -MMD -MP --specs=nosys.specs -Wall -Wextra -Wshadow -Wconversion -Wstrict-prototypes -mcpu=cortex-m55 -mthumb -mfloat-abi=hard -mcmse -fstack-usage -c /Users/seungwon/STM32CubeN6/Projects/NUCLEO-N657X0-Q/Templates/Template/FSBL/Src/system_stm32n6xx_fsbl.c -o build/full/256f/ref/profile/system_stm32n6xx_fsbl.c.o
In file included from /Users/seungwon/STM32CubeN6/Drivers/CMSIS/Include/core_cm55.h:4605,
                 from /Users/seungwon/STM32CubeN6/Drivers/CMSIS/Device/ST/STM32N6xx/Include/stm32n657xx.h:281,
                 from /Users/seungwon/STM32CubeN6/Drivers/CMSIS/Device/ST/STM32N6xx/Include/stm32n6xx.h:87,
                 from /Users/seungwon/STM32CubeN6/Projects/NUCLEO-N657X0-Q/Templates/Template/FSBL/Src/system_stm32n6xx_fsbl.c:55:
/Users/seungwon/STM32CubeN6/Drivers/CMSIS/Include/m-profile/armv7m_cachel1.h: In function 'SCB_InvalidateICache_by_Addr':
/Users/seungwon/STM32CubeN6/Drivers/CMSIS/Include/m-profile/armv7m_cachel1.h:117:32: warning: conversion to 'long unsigned int' from 'int32_t' {aka 'long int'} may change the sign of the result [-Wsign-conversion]
  117 |        int32_t op_size = isize + (((uint32_t)addr) & (__SCB_ICACHE_LINE_SIZE - 1U));
      |                                ^
/Users/seungwon/STM32CubeN6/Drivers/CMSIS/Include/m-profile/armv7m_cachel1.h:117:26: warning: conversion to 'int32_t' {aka 'long int'} from 'long unsigned int' may change the sign of the result [-Wsign-conversion]
  117 |        int32_t op_size = isize + (((uint32_t)addr) & (__SCB_ICACHE_LINE_SIZE - 1U));
      |                          ^~~~~
/Users/seungwon/STM32CubeN6/Drivers/CMSIS/Include/m-profile/armv7m_cachel1.h:125:17: warning: conversion to 'long unsigned int' from 'int32_t' {aka 'long int'} may change the sign of the result [-Wsign-conversion]
  125 |         op_size -= __SCB_ICACHE_LINE_SIZE;
      |                 ^~
/Users/seungwon/STM32CubeN6/Drivers/CMSIS/Include/m-profile/armv7m_cachel1.h:48:33: warning: conversion to 'int32_t' {aka 'long int'} from 'long unsigned int' may change the sign of the result [-Wsign-conversion]
   48 | #define __SCB_ICACHE_LINE_SIZE  32U /*!< Cortex-M7 cache line size is fixed to 32 bytes (8 words). See also register SCB_CCSIDR */
      |                                 ^~~
/Users/seungwon/STM32CubeN6/Drivers/CMSIS/Include/m-profile/armv7m_cachel1.h:125:20: note: in expansion of macro '__SCB_ICACHE_LINE_SIZE'
  125 |         op_size -= __SCB_ICACHE_LINE_SIZE;
      |                    ^~~~~~~~~~~~~~~~~~~~~~
/Users/seungwon/STM32CubeN6/Drivers/CMSIS/Include/m-profile/armv7m_cachel1.h: In function 'SCB_InvalidateDCache_by_Addr':
/Users/seungwon/STM32CubeN6/Drivers/CMSIS/Include/m-profile/armv7m_cachel1.h:360:32: warning: conversion to 'long unsigned int' from 'int32_t' {aka 'long int'} may change the sign of the result [-Wsign-conversion]
  360 |        int32_t op_size = dsize + (((uint32_t)addr) & (__SCB_DCACHE_LINE_SIZE - 1U));
      |                                ^
/Users/seungwon/STM32CubeN6/Drivers/CMSIS/Include/m-profile/armv7m_cachel1.h:360:26: warning: conversion to 'int32_t' {aka 'long int'} from 'long unsigned int' may change the sign of the result [-Wsign-conversion]
  360 |        int32_t op_size = dsize + (((uint32_t)addr) & (__SCB_DCACHE_LINE_SIZE - 1U));
      |                          ^~~~~
/Users/seungwon/STM32CubeN6/Drivers/CMSIS/Include/m-profile/armv7m_cachel1.h:368:17: warning: conversion to 'long unsigned int' from 'int32_t' {aka 'long int'} may change the sign of the result [-Wsign-conversion]
  368 |         op_size -= __SCB_DCACHE_LINE_SIZE;
      |                 ^~
/Users/seungwon/STM32CubeN6/Drivers/CMSIS/Include/m-profile/armv7m_cachel1.h:44:33: warning: conversion to 'int32_t' {aka 'long int'} from 'long unsigned int' may change the sign of the result [-Wsign-conversion]
   44 | #define __SCB_DCACHE_LINE_SIZE  32U /*!< Cortex-M7 cache line size is fixed to 32 bytes (8 words). See also register SCB_CCSIDR */
      |                                 ^~~
/Users/seungwon/STM32CubeN6/Drivers/CMSIS/Include/m-profile/armv7m_cachel1.h:368:20: note: in expansion of macro '__SCB_DCACHE_LINE_SIZE'
  368 |         op_size -= __SCB_DCACHE_LINE_SIZE;
      |                    ^~~~~~~~~~~~~~~~~~~~~~
/Users/seungwon/STM32CubeN6/Drivers/CMSIS/Include/m-profile/armv7m_cachel1.h: In function 'SCB_CleanDCache_by_Addr':
/Users/seungwon/STM32CubeN6/Drivers/CMSIS/Include/m-profile/armv7m_cachel1.h:390:32: warning: conversion to 'long unsigned int' from 'int32_t' {aka 'long int'} may change the sign of the result [-Wsign-conversion]
  390 |        int32_t op_size = dsize + (((uint32_t)addr) & (__SCB_DCACHE_LINE_SIZE - 1U));
      |                                ^
/Users/seungwon/STM32CubeN6/Drivers/CMSIS/Include/m-profile/armv7m_cachel1.h:390:26: warning: conversion to 'int32_t' {aka 'long int'} from 'long unsigned int' may change the sign of the result [-Wsign-conversion]
  390 |        int32_t op_size = dsize + (((uint32_t)addr) & (__SCB_DCACHE_LINE_SIZE - 1U));
      |                          ^~~~~
/Users/seungwon/STM32CubeN6/Drivers/CMSIS/Include/m-profile/armv7m_cachel1.h:398:17: warning: conversion to 'long unsigned int' from 'int32_t' {aka 'long int'} may change the sign of the result [-Wsign-conversion]
  398 |         op_size -= __SCB_DCACHE_LINE_SIZE;
      |                 ^~
/Users/seungwon/STM32CubeN6/Drivers/CMSIS/Include/m-profile/armv7m_cachel1.h:44:33: warning: conversion to 'int32_t' {aka 'long int'} from 'long unsigned int' may change the sign of the result [-Wsign-conversion]
   44 | #define __SCB_DCACHE_LINE_SIZE  32U /*!< Cortex-M7 cache line size is fixed to 32 bytes (8 words). See also register SCB_CCSIDR */
      |                                 ^~~
/Users/seungwon/STM32CubeN6/Drivers/CMSIS/Include/m-profile/armv7m_cachel1.h:398:20: note: in expansion of macro '__SCB_DCACHE_LINE_SIZE'
  398 |         op_size -= __SCB_DCACHE_LINE_SIZE;
      |                    ^~~~~~~~~~~~~~~~~~~~~~
/Users/seungwon/STM32CubeN6/Drivers/CMSIS/Include/m-profile/armv7m_cachel1.h: In function 'SCB_CleanInvalidateDCache_by_Addr':
/Users/seungwon/STM32CubeN6/Drivers/CMSIS/Include/m-profile/armv7m_cachel1.h:420:32: warning: conversion to 'long unsigned int' from 'int32_t' {aka 'long int'} may change the sign of the result [-Wsign-conversion]
  420 |        int32_t op_size = dsize + (((uint32_t)addr) & (__SCB_DCACHE_LINE_SIZE - 1U));
      |                                ^
/Users/seungwon/STM32CubeN6/Drivers/CMSIS/Include/m-profile/armv7m_cachel1.h:420:26: warning: conversion to 'int32_t' {aka 'long int'} from 'long unsigned int' may change the sign of the result [-Wsign-conversion]
  420 |        int32_t op_size = dsize + (((uint32_t)addr) & (__SCB_DCACHE_LINE_SIZE - 1U));
      |                          ^~~~~
/Users/seungwon/STM32CubeN6/Drivers/CMSIS/Include/m-profile/armv7m_cachel1.h:428:17: warning: conversion to 'long unsigned int' from 'int32_t' {aka 'long int'} may change the sign of the result [-Wsign-conversion]
  428 |         op_size -=          __SCB_DCACHE_LINE_SIZE;
      |                 ^~
/Users/seungwon/STM32CubeN6/Drivers/CMSIS/Include/m-profile/armv7m_cachel1.h:44:33: warning: conversion to 'int32_t' {aka 'long int'} from 'long unsigned int' may change the sign of the result [-Wsign-conversion]
   44 | #define __SCB_DCACHE_LINE_SIZE  32U /*!< Cortex-M7 cache line size is fixed to 32 bytes (8 words). See also register SCB_CCSIDR */
      |                                 ^~~
/Users/seungwon/STM32CubeN6/Drivers/CMSIS/Include/m-profile/armv7m_cachel1.h:428:29: note: in expansion of macro '__SCB_DCACHE_LINE_SIZE'
  428 |         op_size -=          __SCB_DCACHE_LINE_SIZE;
      |                             ^~~~~~~~~~~~~~~~~~~~~~
/Users/seungwon/test/.tools/xpack-arm-none-eabi-gcc-15.2.1-1.1/bin/arm-none-eabi-gcc   -DAIMER_PHASE_PROFILE -DPARAMS=256f -DAIMER_BACKEND=ref -DAIMER_MATVEC=reference -DAIMER_CONFIG=ref -DBENCH_KERNEL_SAMPLES=31 -DBENCH_E2E_SAMPLES=7 -DBENCH_KERNEL_INNER=64 -DBENCH_WARMUP=1 -DPROFILE_SAMPLES=31 -DPROFILE_KERNEL_INNER=64 -DPROFILE_COMPLEX_INNER=8 -DUSE_HAL_DRIVER -DSTM32N657xx -Iinclude -I../src/sig/aimer/reference/aimer-256f -I../src -I/Users/seungwon/STM32CubeN6/Projects/NUCLEO-N657X0-Q/Templates/Template/FSBL/Inc -I/Users/seungwon/STM32CubeN6/Drivers/CMSIS/Include -I/Users/seungwon/STM32CubeN6/Drivers/CMSIS/Device/ST/STM32N6xx/Include -I/Users/seungwon/STM32CubeN6/Drivers/STM32N6xx_HAL_Driver/Inc -I/Users/seungwon/STM32CubeN6/Drivers/STM32N6xx_HAL_Driver/Inc/Legacy -O3 -std=c11 -fno-common -ffunction-sections -fdata-sections -fno-tree-vectorize -fno-tree-slp-vectorize -MMD -MP --specs=nosys.specs -Wall -Wextra -Wshadow -Wconversion -Wstrict-prototypes -mcpu=cortex-m55 -mthumb -mfloat-abi=hard -mcmse -fstack-usage -c /Users/seungwon/STM32CubeN6/Drivers/STM32N6xx_HAL_Driver/Src/stm32n6xx_hal.c -o build/full/256f/ref/profile/stm32n6xx_hal.c.o
In file included from /Users/seungwon/STM32CubeN6/Drivers/CMSIS/Include/core_cm55.h:4605,
                 from /Users/seungwon/STM32CubeN6/Drivers/CMSIS/Device/ST/STM32N6xx/Include/stm32n657xx.h:281,
                 from /Users/seungwon/STM32CubeN6/Drivers/CMSIS/Device/ST/STM32N6xx/Include/stm32n6xx.h:87,
                 from /Users/seungwon/STM32CubeN6/Drivers/STM32N6xx_HAL_Driver/Inc/stm32n6xx_hal_def.h:33,
                 from /Users/seungwon/STM32CubeN6/Drivers/STM32N6xx_HAL_Driver/Inc/stm32n6xx_hal_rcc.h:28,
                 from /Users/seungwon/STM32CubeN6/Projects/NUCLEO-N657X0-Q/Templates/Template/FSBL/Inc/stm32n6xx_hal_conf.h:253,
                 from /Users/seungwon/STM32CubeN6/Drivers/STM32N6xx_HAL_Driver/Inc/stm32n6xx_hal.h:29,
                 from /Users/seungwon/STM32CubeN6/Drivers/STM32N6xx_HAL_Driver/Src/stm32n6xx_hal.c:45:
/Users/seungwon/STM32CubeN6/Drivers/CMSIS/Include/m-profile/armv7m_cachel1.h: In function 'SCB_InvalidateICache_by_Addr':
/Users/seungwon/STM32CubeN6/Drivers/CMSIS/Include/m-profile/armv7m_cachel1.h:117:32: warning: conversion to 'long unsigned int' from 'int32_t' {aka 'long int'} may change the sign of the result [-Wsign-conversion]
  117 |        int32_t op_size = isize + (((uint32_t)addr) & (__SCB_ICACHE_LINE_SIZE - 1U));
      |                                ^
/Users/seungwon/STM32CubeN6/Drivers/CMSIS/Include/m-profile/armv7m_cachel1.h:117:26: warning: conversion to 'int32_t' {aka 'long int'} from 'long unsigned int' may change the sign of the result [-Wsign-conversion]
  117 |        int32_t op_size = isize + (((uint32_t)addr) & (__SCB_ICACHE_LINE_SIZE - 1U));
      |                          ^~~~~
/Users/seungwon/STM32CubeN6/Drivers/CMSIS/Include/m-profile/armv7m_cachel1.h:125:17: warning: conversion to 'long unsigned int' from 'int32_t' {aka 'long int'} may change the sign of the result [-Wsign-conversion]
  125 |         op_size -= __SCB_ICACHE_LINE_SIZE;
      |                 ^~
/Users/seungwon/STM32CubeN6/Drivers/CMSIS/Include/m-profile/armv7m_cachel1.h:48:33: warning: conversion to 'int32_t' {aka 'long int'} from 'long unsigned int' may change the sign of the result [-Wsign-conversion]
   48 | #define __SCB_ICACHE_LINE_SIZE  32U /*!< Cortex-M7 cache line size is fixed to 32 bytes (8 words). See also register SCB_CCSIDR */
      |                                 ^~~
/Users/seungwon/STM32CubeN6/Drivers/CMSIS/Include/m-profile/armv7m_cachel1.h:125:20: note: in expansion of macro '__SCB_ICACHE_LINE_SIZE'
  125 |         op_size -= __SCB_ICACHE_LINE_SIZE;
      |                    ^~~~~~~~~~~~~~~~~~~~~~
/Users/seungwon/STM32CubeN6/Drivers/CMSIS/Include/m-profile/armv7m_cachel1.h: In function 'SCB_InvalidateDCache_by_Addr':
/Users/seungwon/STM32CubeN6/Drivers/CMSIS/Include/m-profile/armv7m_cachel1.h:360:32: warning: conversion to 'long unsigned int' from 'int32_t' {aka 'long int'} may change the sign of the result [-Wsign-conversion]
  360 |        int32_t op_size = dsize + (((uint32_t)addr) & (__SCB_DCACHE_LINE_SIZE - 1U));
      |                                ^
/Users/seungwon/STM32CubeN6/Drivers/CMSIS/Include/m-profile/armv7m_cachel1.h:360:26: warning: conversion to 'int32_t' {aka 'long int'} from 'long unsigned int' may change the sign of the result [-Wsign-conversion]
  360 |        int32_t op_size = dsize + (((uint32_t)addr) & (__SCB_DCACHE_LINE_SIZE - 1U));
      |                          ^~~~~
/Users/seungwon/STM32CubeN6/Drivers/CMSIS/Include/m-profile/armv7m_cachel1.h:368:17: warning: conversion to 'long unsigned int' from 'int32_t' {aka 'long int'} may change the sign of the result [-Wsign-conversion]
  368 |         op_size -= __SCB_DCACHE_LINE_SIZE;
      |                 ^~
/Users/seungwon/STM32CubeN6/Drivers/CMSIS/Include/m-profile/armv7m_cachel1.h:44:33: warning: conversion to 'int32_t' {aka 'long int'} from 'long unsigned int' may change the sign of the result [-Wsign-conversion]
   44 | #define __SCB_DCACHE_LINE_SIZE  32U /*!< Cortex-M7 cache line size is fixed to 32 bytes (8 words). See also register SCB_CCSIDR */
      |                                 ^~~
/Users/seungwon/STM32CubeN6/Drivers/CMSIS/Include/m-profile/armv7m_cachel1.h:368:20: note: in expansion of macro '__SCB_DCACHE_LINE_SIZE'
  368 |         op_size -= __SCB_DCACHE_LINE_SIZE;
      |                    ^~~~~~~~~~~~~~~~~~~~~~
/Users/seungwon/STM32CubeN6/Drivers/CMSIS/Include/m-profile/armv7m_cachel1.h: In function 'SCB_CleanDCache_by_Addr':
/Users/seungwon/STM32CubeN6/Drivers/CMSIS/Include/m-profile/armv7m_cachel1.h:390:32: warning: conversion to 'long unsigned int' from 'int32_t' {aka 'long int'} may change the sign of the result [-Wsign-conversion]
  390 |        int32_t op_size = dsize + (((uint32_t)addr) & (__SCB_DCACHE_LINE_SIZE - 1U));
      |                                ^
/Users/seungwon/STM32CubeN6/Drivers/CMSIS/Include/m-profile/armv7m_cachel1.h:390:26: warning: conversion to 'int32_t' {aka 'long int'} from 'long unsigned int' may change the sign of the result [-Wsign-conversion]
  390 |        int32_t op_size = dsize + (((uint32_t)addr) & (__SCB_DCACHE_LINE_SIZE - 1U));
      |                          ^~~~~
/Users/seungwon/STM32CubeN6/Drivers/CMSIS/Include/m-profile/armv7m_cachel1.h:398:17: warning: conversion to 'long unsigned int' from 'int32_t' {aka 'long int'} may change the sign of the result [-Wsign-conversion]
  398 |         op_size -= __SCB_DCACHE_LINE_SIZE;
      |                 ^~
/Users/seungwon/STM32CubeN6/Drivers/CMSIS/Include/m-profile/armv7m_cachel1.h:44:33: warning: conversion to 'int32_t' {aka 'long int'} from 'long unsigned int' may change the sign of the result [-Wsign-conversion]
   44 | #define __SCB_DCACHE_LINE_SIZE  32U /*!< Cortex-M7 cache line size is fixed to 32 bytes (8 words). See also register SCB_CCSIDR */
      |                                 ^~~
/Users/seungwon/STM32CubeN6/Drivers/CMSIS/Include/m-profile/armv7m_cachel1.h:398:20: note: in expansion of macro '__SCB_DCACHE_LINE_SIZE'
  398 |         op_size -= __SCB_DCACHE_LINE_SIZE;
      |                    ^~~~~~~~~~~~~~~~~~~~~~
/Users/seungwon/STM32CubeN6/Drivers/CMSIS/Include/m-profile/armv7m_cachel1.h: In function 'SCB_CleanInvalidateDCache_by_Addr':
/Users/seungwon/STM32CubeN6/Drivers/CMSIS/Include/m-profile/armv7m_cachel1.h:420:32: warning: conversion to 'long unsigned int' from 'int32_t' {aka 'long int'} may change the sign of the result [-Wsign-conversion]
  420 |        int32_t op_size = dsize + (((uint32_t)addr) & (__SCB_DCACHE_LINE_SIZE - 1U));
      |                                ^
/Users/seungwon/STM32CubeN6/Drivers/CMSIS/Include/m-profile/armv7m_cachel1.h:420:26: warning: conversion to 'int32_t' {aka 'long int'} from 'long unsigned int' may change the sign of the result [-Wsign-conversion]
  420 |        int32_t op_size = dsize + (((uint32_t)addr) & (__SCB_DCACHE_LINE_SIZE - 1U));
      |                          ^~~~~
/Users/seungwon/STM32CubeN6/Drivers/CMSIS/Include/m-profile/armv7m_cachel1.h:428:17: warning: conversion to 'long unsigned int' from 'int32_t' {aka 'long int'} may change the sign of the result [-Wsign-conversion]
  428 |         op_size -=          __SCB_DCACHE_LINE_SIZE;
      |                 ^~
/Users/seungwon/STM32CubeN6/Drivers/CMSIS/Include/m-profile/armv7m_cachel1.h:44:33: warning: conversion to 'int32_t' {aka 'long int'} from 'long unsigned int' may change the sign of the result [-Wsign-conversion]
   44 | #define __SCB_DCACHE_LINE_SIZE  32U /*!< Cortex-M7 cache line size is fixed to 32 bytes (8 words). See also register SCB_CCSIDR */
      |                                 ^~~
/Users/seungwon/STM32CubeN6/Drivers/CMSIS/Include/m-profile/armv7m_cachel1.h:428:29: note: in expansion of macro '__SCB_DCACHE_LINE_SIZE'
  428 |         op_size -=          __SCB_DCACHE_LINE_SIZE;
      |                             ^~~~~~~~~~~~~~~~~~~~~~
/Users/seungwon/test/.tools/xpack-arm-none-eabi-gcc-15.2.1-1.1/bin/arm-none-eabi-gcc   -DAIMER_PHASE_PROFILE -DPARAMS=256f -DAIMER_BACKEND=ref -DAIMER_MATVEC=reference -DAIMER_CONFIG=ref -DBENCH_KERNEL_SAMPLES=31 -DBENCH_E2E_SAMPLES=7 -DBENCH_KERNEL_INNER=64 -DBENCH_WARMUP=1 -DPROFILE_SAMPLES=31 -DPROFILE_KERNEL_INNER=64 -DPROFILE_COMPLEX_INNER=8 -DUSE_HAL_DRIVER -DSTM32N657xx -Iinclude -I../src/sig/aimer/reference/aimer-256f -I../src -I/Users/seungwon/STM32CubeN6/Projects/NUCLEO-N657X0-Q/Templates/Template/FSBL/Inc -I/Users/seungwon/STM32CubeN6/Drivers/CMSIS/Include -I/Users/seungwon/STM32CubeN6/Drivers/CMSIS/Device/ST/STM32N6xx/Include -I/Users/seungwon/STM32CubeN6/Drivers/STM32N6xx_HAL_Driver/Inc -I/Users/seungwon/STM32CubeN6/Drivers/STM32N6xx_HAL_Driver/Inc/Legacy -O3 -std=c11 -fno-common -ffunction-sections -fdata-sections -fno-tree-vectorize -fno-tree-slp-vectorize -MMD -MP --specs=nosys.specs -Wall -Wextra -Wshadow -Wconversion -Wstrict-prototypes -mcpu=cortex-m55 -mthumb -mfloat-abi=hard -mcmse -fstack-usage -c /Users/seungwon/STM32CubeN6/Drivers/STM32N6xx_HAL_Driver/Src/stm32n6xx_hal_cortex.c -o build/full/256f/ref/profile/stm32n6xx_hal_cortex.c.o
In file included from /Users/seungwon/STM32CubeN6/Drivers/CMSIS/Include/core_cm55.h:4605,
                 from /Users/seungwon/STM32CubeN6/Drivers/CMSIS/Device/ST/STM32N6xx/Include/stm32n657xx.h:281,
                 from /Users/seungwon/STM32CubeN6/Drivers/CMSIS/Device/ST/STM32N6xx/Include/stm32n6xx.h:87,
                 from /Users/seungwon/STM32CubeN6/Drivers/STM32N6xx_HAL_Driver/Inc/stm32n6xx_hal_def.h:33,
                 from /Users/seungwon/STM32CubeN6/Drivers/STM32N6xx_HAL_Driver/Inc/stm32n6xx_hal_rcc.h:28,
                 from /Users/seungwon/STM32CubeN6/Projects/NUCLEO-N657X0-Q/Templates/Template/FSBL/Inc/stm32n6xx_hal_conf.h:253,
                 from /Users/seungwon/STM32CubeN6/Drivers/STM32N6xx_HAL_Driver/Inc/stm32n6xx_hal.h:29,
                 from /Users/seungwon/STM32CubeN6/Drivers/STM32N6xx_HAL_Driver/Src/stm32n6xx_hal_cortex.c:158:
/Users/seungwon/STM32CubeN6/Drivers/CMSIS/Include/m-profile/armv7m_cachel1.h: In function 'SCB_InvalidateICache_by_Addr':
/Users/seungwon/STM32CubeN6/Drivers/CMSIS/Include/m-profile/armv7m_cachel1.h:117:32: warning: conversion to 'long unsigned int' from 'int32_t' {aka 'long int'} may change the sign of the result [-Wsign-conversion]
  117 |        int32_t op_size = isize + (((uint32_t)addr) & (__SCB_ICACHE_LINE_SIZE - 1U));
      |                                ^
/Users/seungwon/STM32CubeN6/Drivers/CMSIS/Include/m-profile/armv7m_cachel1.h:117:26: warning: conversion to 'int32_t' {aka 'long int'} from 'long unsigned int' may change the sign of the result [-Wsign-conversion]
  117 |        int32_t op_size = isize + (((uint32_t)addr) & (__SCB_ICACHE_LINE_SIZE - 1U));
      |                          ^~~~~
/Users/seungwon/STM32CubeN6/Drivers/CMSIS/Include/m-profile/armv7m_cachel1.h:125:17: warning: conversion to 'long unsigned int' from 'int32_t' {aka 'long int'} may change the sign of the result [-Wsign-conversion]
  125 |         op_size -= __SCB_ICACHE_LINE_SIZE;
      |                 ^~
/Users/seungwon/STM32CubeN6/Drivers/CMSIS/Include/m-profile/armv7m_cachel1.h:48:33: warning: conversion to 'int32_t' {aka 'long int'} from 'long unsigned int' may change the sign of the result [-Wsign-conversion]
   48 | #define __SCB_ICACHE_LINE_SIZE  32U /*!< Cortex-M7 cache line size is fixed to 32 bytes (8 words). See also register SCB_CCSIDR */
      |                                 ^~~
/Users/seungwon/STM32CubeN6/Drivers/CMSIS/Include/m-profile/armv7m_cachel1.h:125:20: note: in expansion of macro '__SCB_ICACHE_LINE_SIZE'
  125 |         op_size -= __SCB_ICACHE_LINE_SIZE;
      |                    ^~~~~~~~~~~~~~~~~~~~~~
/Users/seungwon/STM32CubeN6/Drivers/CMSIS/Include/m-profile/armv7m_cachel1.h: In function 'SCB_InvalidateDCache_by_Addr':
/Users/seungwon/STM32CubeN6/Drivers/CMSIS/Include/m-profile/armv7m_cachel1.h:360:32: warning: conversion to 'long unsigned int' from 'int32_t' {aka 'long int'} may change the sign of the result [-Wsign-conversion]
  360 |        int32_t op_size = dsize + (((uint32_t)addr) & (__SCB_DCACHE_LINE_SIZE - 1U));
      |                                ^
/Users/seungwon/STM32CubeN6/Drivers/CMSIS/Include/m-profile/armv7m_cachel1.h:360:26: warning: conversion to 'int32_t' {aka 'long int'} from 'long unsigned int' may change the sign of the result [-Wsign-conversion]
  360 |        int32_t op_size = dsize + (((uint32_t)addr) & (__SCB_DCACHE_LINE_SIZE - 1U));
      |                          ^~~~~
/Users/seungwon/STM32CubeN6/Drivers/CMSIS/Include/m-profile/armv7m_cachel1.h:368:17: warning: conversion to 'long unsigned int' from 'int32_t' {aka 'long int'} may change the sign of the result [-Wsign-conversion]
  368 |         op_size -= __SCB_DCACHE_LINE_SIZE;
      |                 ^~
/Users/seungwon/STM32CubeN6/Drivers/CMSIS/Include/m-profile/armv7m_cachel1.h:44:33: warning: conversion to 'int32_t' {aka 'long int'} from 'long unsigned int' may change the sign of the result [-Wsign-conversion]
   44 | #define __SCB_DCACHE_LINE_SIZE  32U /*!< Cortex-M7 cache line size is fixed to 32 bytes (8 words). See also register SCB_CCSIDR */
      |                                 ^~~
/Users/seungwon/STM32CubeN6/Drivers/CMSIS/Include/m-profile/armv7m_cachel1.h:368:20: note: in expansion of macro '__SCB_DCACHE_LINE_SIZE'
  368 |         op_size -= __SCB_DCACHE_LINE_SIZE;
      |                    ^~~~~~~~~~~~~~~~~~~~~~
/Users/seungwon/STM32CubeN6/Drivers/CMSIS/Include/m-profile/armv7m_cachel1.h: In function 'SCB_CleanDCache_by_Addr':
/Users/seungwon/STM32CubeN6/Drivers/CMSIS/Include/m-profile/armv7m_cachel1.h:390:32: warning: conversion to 'long unsigned int' from 'int32_t' {aka 'long int'} may change the sign of the result [-Wsign-conversion]
  390 |        int32_t op_size = dsize + (((uint32_t)addr) & (__SCB_DCACHE_LINE_SIZE - 1U));
      |                                ^
/Users/seungwon/STM32CubeN6/Drivers/CMSIS/Include/m-profile/armv7m_cachel1.h:390:26: warning: conversion to 'int32_t' {aka 'long int'} from 'long unsigned int' may change the sign of the result [-Wsign-conversion]
  390 |        int32_t op_size = dsize + (((uint32_t)addr) & (__SCB_DCACHE_LINE_SIZE - 1U));
      |                          ^~~~~
/Users/seungwon/STM32CubeN6/Drivers/CMSIS/Include/m-profile/armv7m_cachel1.h:398:17: warning: conversion to 'long unsigned int' from 'int32_t' {aka 'long int'} may change the sign of the result [-Wsign-conversion]
  398 |         op_size -= __SCB_DCACHE_LINE_SIZE;
      |                 ^~
/Users/seungwon/STM32CubeN6/Drivers/CMSIS/Include/m-profile/armv7m_cachel1.h:44:33: warning: conversion to 'int32_t' {aka 'long int'} from 'long unsigned int' may change the sign of the result [-Wsign-conversion]
   44 | #define __SCB_DCACHE_LINE_SIZE  32U /*!< Cortex-M7 cache line size is fixed to 32 bytes (8 words). See also register SCB_CCSIDR */
      |                                 ^~~
/Users/seungwon/STM32CubeN6/Drivers/CMSIS/Include/m-profile/armv7m_cachel1.h:398:20: note: in expansion of macro '__SCB_DCACHE_LINE_SIZE'
  398 |         op_size -= __SCB_DCACHE_LINE_SIZE;
      |                    ^~~~~~~~~~~~~~~~~~~~~~
/Users/seungwon/STM32CubeN6/Drivers/CMSIS/Include/m-profile/armv7m_cachel1.h: In function 'SCB_CleanInvalidateDCache_by_Addr':
/Users/seungwon/STM32CubeN6/Drivers/CMSIS/Include/m-profile/armv7m_cachel1.h:420:32: warning: conversion to 'long unsigned int' from 'int32_t' {aka 'long int'} may change the sign of the result [-Wsign-conversion]
  420 |        int32_t op_size = dsize + (((uint32_t)addr) & (__SCB_DCACHE_LINE_SIZE - 1U));
      |                                ^
/Users/seungwon/STM32CubeN6/Drivers/CMSIS/Include/m-profile/armv7m_cachel1.h:420:26: warning: conversion to 'int32_t' {aka 'long int'} from 'long unsigned int' may change the sign of the result [-Wsign-conversion]
  420 |        int32_t op_size = dsize + (((uint32_t)addr) & (__SCB_DCACHE_LINE_SIZE - 1U));
      |                          ^~~~~
/Users/seungwon/STM32CubeN6/Drivers/CMSIS/Include/m-profile/armv7m_cachel1.h:428:17: warning: conversion to 'long unsigned int' from 'int32_t' {aka 'long int'} may change the sign of the result [-Wsign-conversion]
  428 |         op_size -=          __SCB_DCACHE_LINE_SIZE;
      |                 ^~
/Users/seungwon/STM32CubeN6/Drivers/CMSIS/Include/m-profile/armv7m_cachel1.h:44:33: warning: conversion to 'int32_t' {aka 'long int'} from 'long unsigned int' may change the sign of the result [-Wsign-conversion]
   44 | #define __SCB_DCACHE_LINE_SIZE  32U /*!< Cortex-M7 cache line size is fixed to 32 bytes (8 words). See also register SCB_CCSIDR */
      |                                 ^~~
/Users/seungwon/STM32CubeN6/Drivers/CMSIS/Include/m-profile/armv7m_cachel1.h:428:29: note: in expansion of macro '__SCB_DCACHE_LINE_SIZE'
  428 |         op_size -=          __SCB_DCACHE_LINE_SIZE;
      |                             ^~~~~~~~~~~~~~~~~~~~~~
/Users/seungwon/test/.tools/xpack-arm-none-eabi-gcc-15.2.1-1.1/bin/arm-none-eabi-gcc   -DAIMER_PHASE_PROFILE -DPARAMS=256f -DAIMER_BACKEND=ref -DAIMER_MATVEC=reference -DAIMER_CONFIG=ref -DBENCH_KERNEL_SAMPLES=31 -DBENCH_E2E_SAMPLES=7 -DBENCH_KERNEL_INNER=64 -DBENCH_WARMUP=1 -DPROFILE_SAMPLES=31 -DPROFILE_KERNEL_INNER=64 -DPROFILE_COMPLEX_INNER=8 -DUSE_HAL_DRIVER -DSTM32N657xx -Iinclude -I../src/sig/aimer/reference/aimer-256f -I../src -I/Users/seungwon/STM32CubeN6/Projects/NUCLEO-N657X0-Q/Templates/Template/FSBL/Inc -I/Users/seungwon/STM32CubeN6/Drivers/CMSIS/Include -I/Users/seungwon/STM32CubeN6/Drivers/CMSIS/Device/ST/STM32N6xx/Include -I/Users/seungwon/STM32CubeN6/Drivers/STM32N6xx_HAL_Driver/Inc -I/Users/seungwon/STM32CubeN6/Drivers/STM32N6xx_HAL_Driver/Inc/Legacy -O3 -std=c11 -fno-common -ffunction-sections -fdata-sections -fno-tree-vectorize -fno-tree-slp-vectorize -MMD -MP --specs=nosys.specs -Wall -Wextra -Wshadow -Wconversion -Wstrict-prototypes -mcpu=cortex-m55 -mthumb -mfloat-abi=hard -mcmse -fstack-usage -c /Users/seungwon/STM32CubeN6/Drivers/STM32N6xx_HAL_Driver/Src/stm32n6xx_hal_pwr.c -o build/full/256f/ref/profile/stm32n6xx_hal_pwr.c.o
In file included from /Users/seungwon/STM32CubeN6/Drivers/CMSIS/Include/core_cm55.h:4605,
                 from /Users/seungwon/STM32CubeN6/Drivers/CMSIS/Device/ST/STM32N6xx/Include/stm32n657xx.h:281,
                 from /Users/seungwon/STM32CubeN6/Drivers/CMSIS/Device/ST/STM32N6xx/Include/stm32n6xx.h:87,
                 from /Users/seungwon/STM32CubeN6/Drivers/STM32N6xx_HAL_Driver/Inc/stm32n6xx_hal_def.h:33,
                 from /Users/seungwon/STM32CubeN6/Drivers/STM32N6xx_HAL_Driver/Inc/stm32n6xx_hal_rcc.h:28,
                 from /Users/seungwon/STM32CubeN6/Projects/NUCLEO-N657X0-Q/Templates/Template/FSBL/Inc/stm32n6xx_hal_conf.h:253,
                 from /Users/seungwon/STM32CubeN6/Drivers/STM32N6xx_HAL_Driver/Inc/stm32n6xx_hal.h:29,
                 from /Users/seungwon/STM32CubeN6/Drivers/STM32N6xx_HAL_Driver/Src/stm32n6xx_hal_pwr.c:107:
/Users/seungwon/STM32CubeN6/Drivers/CMSIS/Include/m-profile/armv7m_cachel1.h: In function 'SCB_InvalidateICache_by_Addr':
/Users/seungwon/STM32CubeN6/Drivers/CMSIS/Include/m-profile/armv7m_cachel1.h:117:32: warning: conversion to 'long unsigned int' from 'int32_t' {aka 'long int'} may change the sign of the result [-Wsign-conversion]
  117 |        int32_t op_size = isize + (((uint32_t)addr) & (__SCB_ICACHE_LINE_SIZE - 1U));
      |                                ^
/Users/seungwon/STM32CubeN6/Drivers/CMSIS/Include/m-profile/armv7m_cachel1.h:117:26: warning: conversion to 'int32_t' {aka 'long int'} from 'long unsigned int' may change the sign of the result [-Wsign-conversion]
  117 |        int32_t op_size = isize + (((uint32_t)addr) & (__SCB_ICACHE_LINE_SIZE - 1U));
      |                          ^~~~~
/Users/seungwon/STM32CubeN6/Drivers/CMSIS/Include/m-profile/armv7m_cachel1.h:125:17: warning: conversion to 'long unsigned int' from 'int32_t' {aka 'long int'} may change the sign of the result [-Wsign-conversion]
  125 |         op_size -= __SCB_ICACHE_LINE_SIZE;
      |                 ^~
/Users/seungwon/STM32CubeN6/Drivers/CMSIS/Include/m-profile/armv7m_cachel1.h:48:33: warning: conversion to 'int32_t' {aka 'long int'} from 'long unsigned int' may change the sign of the result [-Wsign-conversion]
   48 | #define __SCB_ICACHE_LINE_SIZE  32U /*!< Cortex-M7 cache line size is fixed to 32 bytes (8 words). See also register SCB_CCSIDR */
      |                                 ^~~
/Users/seungwon/STM32CubeN6/Drivers/CMSIS/Include/m-profile/armv7m_cachel1.h:125:20: note: in expansion of macro '__SCB_ICACHE_LINE_SIZE'
  125 |         op_size -= __SCB_ICACHE_LINE_SIZE;
      |                    ^~~~~~~~~~~~~~~~~~~~~~
/Users/seungwon/STM32CubeN6/Drivers/CMSIS/Include/m-profile/armv7m_cachel1.h: In function 'SCB_InvalidateDCache_by_Addr':
/Users/seungwon/STM32CubeN6/Drivers/CMSIS/Include/m-profile/armv7m_cachel1.h:360:32: warning: conversion to 'long unsigned int' from 'int32_t' {aka 'long int'} may change the sign of the result [-Wsign-conversion]
  360 |        int32_t op_size = dsize + (((uint32_t)addr) & (__SCB_DCACHE_LINE_SIZE - 1U));
      |                                ^
/Users/seungwon/STM32CubeN6/Drivers/CMSIS/Include/m-profile/armv7m_cachel1.h:360:26: warning: conversion to 'int32_t' {aka 'long int'} from 'long unsigned int' may change the sign of the result [-Wsign-conversion]
  360 |        int32_t op_size = dsize + (((uint32_t)addr) & (__SCB_DCACHE_LINE_SIZE - 1U));
      |                          ^~~~~
/Users/seungwon/STM32CubeN6/Drivers/CMSIS/Include/m-profile/armv7m_cachel1.h:368:17: warning: conversion to 'long unsigned int' from 'int32_t' {aka 'long int'} may change the sign of the result [-Wsign-conversion]
  368 |         op_size -= __SCB_DCACHE_LINE_SIZE;
      |                 ^~
/Users/seungwon/STM32CubeN6/Drivers/CMSIS/Include/m-profile/armv7m_cachel1.h:44:33: warning: conversion to 'int32_t' {aka 'long int'} from 'long unsigned int' may change the sign of the result [-Wsign-conversion]
   44 | #define __SCB_DCACHE_LINE_SIZE  32U /*!< Cortex-M7 cache line size is fixed to 32 bytes (8 words). See also register SCB_CCSIDR */
      |                                 ^~~
/Users/seungwon/STM32CubeN6/Drivers/CMSIS/Include/m-profile/armv7m_cachel1.h:368:20: note: in expansion of macro '__SCB_DCACHE_LINE_SIZE'
  368 |         op_size -= __SCB_DCACHE_LINE_SIZE;
      |                    ^~~~~~~~~~~~~~~~~~~~~~
/Users/seungwon/STM32CubeN6/Drivers/CMSIS/Include/m-profile/armv7m_cachel1.h: In function 'SCB_CleanDCache_by_Addr':
/Users/seungwon/STM32CubeN6/Drivers/CMSIS/Include/m-profile/armv7m_cachel1.h:390:32: warning: conversion to 'long unsigned int' from 'int32_t' {aka 'long int'} may change the sign of the result [-Wsign-conversion]
  390 |        int32_t op_size = dsize + (((uint32_t)addr) & (__SCB_DCACHE_LINE_SIZE - 1U));
      |                                ^
/Users/seungwon/STM32CubeN6/Drivers/CMSIS/Include/m-profile/armv7m_cachel1.h:390:26: warning: conversion to 'int32_t' {aka 'long int'} from 'long unsigned int' may change the sign of the result [-Wsign-conversion]
  390 |        int32_t op_size = dsize + (((uint32_t)addr) & (__SCB_DCACHE_LINE_SIZE - 1U));
      |                          ^~~~~
/Users/seungwon/STM32CubeN6/Drivers/CMSIS/Include/m-profile/armv7m_cachel1.h:398:17: warning: conversion to 'long unsigned int' from 'int32_t' {aka 'long int'} may change the sign of the result [-Wsign-conversion]
  398 |         op_size -= __SCB_DCACHE_LINE_SIZE;
      |                 ^~
/Users/seungwon/STM32CubeN6/Drivers/CMSIS/Include/m-profile/armv7m_cachel1.h:44:33: warning: conversion to 'int32_t' {aka 'long int'} from 'long unsigned int' may change the sign of the result [-Wsign-conversion]
   44 | #define __SCB_DCACHE_LINE_SIZE  32U /*!< Cortex-M7 cache line size is fixed to 32 bytes (8 words). See also register SCB_CCSIDR */
      |                                 ^~~
/Users/seungwon/STM32CubeN6/Drivers/CMSIS/Include/m-profile/armv7m_cachel1.h:398:20: note: in expansion of macro '__SCB_DCACHE_LINE_SIZE'
  398 |         op_size -= __SCB_DCACHE_LINE_SIZE;
      |                    ^~~~~~~~~~~~~~~~~~~~~~
/Users/seungwon/STM32CubeN6/Drivers/CMSIS/Include/m-profile/armv7m_cachel1.h: In function 'SCB_CleanInvalidateDCache_by_Addr':
/Users/seungwon/STM32CubeN6/Drivers/CMSIS/Include/m-profile/armv7m_cachel1.h:420:32: warning: conversion to 'long unsigned int' from 'int32_t' {aka 'long int'} may change the sign of the result [-Wsign-conversion]
  420 |        int32_t op_size = dsize + (((uint32_t)addr) & (__SCB_DCACHE_LINE_SIZE - 1U));
      |                                ^
/Users/seungwon/STM32CubeN6/Drivers/CMSIS/Include/m-profile/armv7m_cachel1.h:420:26: warning: conversion to 'int32_t' {aka 'long int'} from 'long unsigned int' may change the sign of the result [-Wsign-conversion]
  420 |        int32_t op_size = dsize + (((uint32_t)addr) & (__SCB_DCACHE_LINE_SIZE - 1U));
      |                          ^~~~~
/Users/seungwon/STM32CubeN6/Drivers/CMSIS/Include/m-profile/armv7m_cachel1.h:428:17: warning: conversion to 'long unsigned int' from 'int32_t' {aka 'long int'} may change the sign of the result [-Wsign-conversion]
  428 |         op_size -=          __SCB_DCACHE_LINE_SIZE;
      |                 ^~
/Users/seungwon/STM32CubeN6/Drivers/CMSIS/Include/m-profile/armv7m_cachel1.h:44:33: warning: conversion to 'int32_t' {aka 'long int'} from 'long unsigned int' may change the sign of the result [-Wsign-conversion]
   44 | #define __SCB_DCACHE_LINE_SIZE  32U /*!< Cortex-M7 cache line size is fixed to 32 bytes (8 words). See also register SCB_CCSIDR */
      |                                 ^~~
/Users/seungwon/STM32CubeN6/Drivers/CMSIS/Include/m-profile/armv7m_cachel1.h:428:29: note: in expansion of macro '__SCB_DCACHE_LINE_SIZE'
  428 |         op_size -=          __SCB_DCACHE_LINE_SIZE;
      |                             ^~~~~~~~~~~~~~~~~~~~~~
/Users/seungwon/test/.tools/xpack-arm-none-eabi-gcc-15.2.1-1.1/bin/arm-none-eabi-gcc   -DAIMER_PHASE_PROFILE -DPARAMS=256f -DAIMER_BACKEND=ref -DAIMER_MATVEC=reference -DAIMER_CONFIG=ref -DBENCH_KERNEL_SAMPLES=31 -DBENCH_E2E_SAMPLES=7 -DBENCH_KERNEL_INNER=64 -DBENCH_WARMUP=1 -DPROFILE_SAMPLES=31 -DPROFILE_KERNEL_INNER=64 -DPROFILE_COMPLEX_INNER=8 -DUSE_HAL_DRIVER -DSTM32N657xx -Iinclude -I../src/sig/aimer/reference/aimer-256f -I../src -I/Users/seungwon/STM32CubeN6/Projects/NUCLEO-N657X0-Q/Templates/Template/FSBL/Inc -I/Users/seungwon/STM32CubeN6/Drivers/CMSIS/Include -I/Users/seungwon/STM32CubeN6/Drivers/CMSIS/Device/ST/STM32N6xx/Include -I/Users/seungwon/STM32CubeN6/Drivers/STM32N6xx_HAL_Driver/Inc -I/Users/seungwon/STM32CubeN6/Drivers/STM32N6xx_HAL_Driver/Inc/Legacy -O3 -std=c11 -fno-common -ffunction-sections -fdata-sections -fno-tree-vectorize -fno-tree-slp-vectorize -MMD -MP --specs=nosys.specs -Wall -Wextra -Wshadow -Wconversion -Wstrict-prototypes -mcpu=cortex-m55 -mthumb -mfloat-abi=hard -mcmse -fstack-usage -c /Users/seungwon/STM32CubeN6/Drivers/STM32N6xx_HAL_Driver/Src/stm32n6xx_hal_pwr_ex.c -o build/full/256f/ref/profile/stm32n6xx_hal_pwr_ex.c.o
In file included from /Users/seungwon/STM32CubeN6/Drivers/CMSIS/Include/core_cm55.h:4605,
                 from /Users/seungwon/STM32CubeN6/Drivers/CMSIS/Device/ST/STM32N6xx/Include/stm32n657xx.h:281,
                 from /Users/seungwon/STM32CubeN6/Drivers/CMSIS/Device/ST/STM32N6xx/Include/stm32n6xx.h:87,
                 from /Users/seungwon/STM32CubeN6/Drivers/STM32N6xx_HAL_Driver/Inc/stm32n6xx_hal_def.h:33,
                 from /Users/seungwon/STM32CubeN6/Drivers/STM32N6xx_HAL_Driver/Inc/stm32n6xx_hal_rcc.h:28,
                 from /Users/seungwon/STM32CubeN6/Projects/NUCLEO-N657X0-Q/Templates/Template/FSBL/Inc/stm32n6xx_hal_conf.h:253,
                 from /Users/seungwon/STM32CubeN6/Drivers/STM32N6xx_HAL_Driver/Inc/stm32n6xx_hal.h:29,
                 from /Users/seungwon/STM32CubeN6/Drivers/STM32N6xx_HAL_Driver/Src/stm32n6xx_hal_pwr_ex.c:159:
/Users/seungwon/STM32CubeN6/Drivers/CMSIS/Include/m-profile/armv7m_cachel1.h: In function 'SCB_InvalidateICache_by_Addr':
/Users/seungwon/STM32CubeN6/Drivers/CMSIS/Include/m-profile/armv7m_cachel1.h:117:32: warning: conversion to 'long unsigned int' from 'int32_t' {aka 'long int'} may change the sign of the result [-Wsign-conversion]
  117 |        int32_t op_size = isize + (((uint32_t)addr) & (__SCB_ICACHE_LINE_SIZE - 1U));
      |                                ^
/Users/seungwon/STM32CubeN6/Drivers/CMSIS/Include/m-profile/armv7m_cachel1.h:117:26: warning: conversion to 'int32_t' {aka 'long int'} from 'long unsigned int' may change the sign of the result [-Wsign-conversion]
  117 |        int32_t op_size = isize + (((uint32_t)addr) & (__SCB_ICACHE_LINE_SIZE - 1U));
      |                          ^~~~~
/Users/seungwon/STM32CubeN6/Drivers/CMSIS/Include/m-profile/armv7m_cachel1.h:125:17: warning: conversion to 'long unsigned int' from 'int32_t' {aka 'long int'} may change the sign of the result [-Wsign-conversion]
  125 |         op_size -= __SCB_ICACHE_LINE_SIZE;
      |                 ^~
/Users/seungwon/STM32CubeN6/Drivers/CMSIS/Include/m-profile/armv7m_cachel1.h:48:33: warning: conversion to 'int32_t' {aka 'long int'} from 'long unsigned int' may change the sign of the result [-Wsign-conversion]
   48 | #define __SCB_ICACHE_LINE_SIZE  32U /*!< Cortex-M7 cache line size is fixed to 32 bytes (8 words). See also register SCB_CCSIDR */
      |                                 ^~~
/Users/seungwon/STM32CubeN6/Drivers/CMSIS/Include/m-profile/armv7m_cachel1.h:125:20: note: in expansion of macro '__SCB_ICACHE_LINE_SIZE'
  125 |         op_size -= __SCB_ICACHE_LINE_SIZE;
      |                    ^~~~~~~~~~~~~~~~~~~~~~
/Users/seungwon/STM32CubeN6/Drivers/CMSIS/Include/m-profile/armv7m_cachel1.h: In function 'SCB_InvalidateDCache_by_Addr':
/Users/seungwon/STM32CubeN6/Drivers/CMSIS/Include/m-profile/armv7m_cachel1.h:360:32: warning: conversion to 'long unsigned int' from 'int32_t' {aka 'long int'} may change the sign of the result [-Wsign-conversion]
  360 |        int32_t op_size = dsize + (((uint32_t)addr) & (__SCB_DCACHE_LINE_SIZE - 1U));
      |                                ^
/Users/seungwon/STM32CubeN6/Drivers/CMSIS/Include/m-profile/armv7m_cachel1.h:360:26: warning: conversion to 'int32_t' {aka 'long int'} from 'long unsigned int' may change the sign of the result [-Wsign-conversion]
  360 |        int32_t op_size = dsize + (((uint32_t)addr) & (__SCB_DCACHE_LINE_SIZE - 1U));
      |                          ^~~~~
/Users/seungwon/STM32CubeN6/Drivers/CMSIS/Include/m-profile/armv7m_cachel1.h:368:17: warning: conversion to 'long unsigned int' from 'int32_t' {aka 'long int'} may change the sign of the result [-Wsign-conversion]
  368 |         op_size -= __SCB_DCACHE_LINE_SIZE;
      |                 ^~
/Users/seungwon/STM32CubeN6/Drivers/CMSIS/Include/m-profile/armv7m_cachel1.h:44:33: warning: conversion to 'int32_t' {aka 'long int'} from 'long unsigned int' may change the sign of the result [-Wsign-conversion]
   44 | #define __SCB_DCACHE_LINE_SIZE  32U /*!< Cortex-M7 cache line size is fixed to 32 bytes (8 words). See also register SCB_CCSIDR */
      |                                 ^~~
/Users/seungwon/STM32CubeN6/Drivers/CMSIS/Include/m-profile/armv7m_cachel1.h:368:20: note: in expansion of macro '__SCB_DCACHE_LINE_SIZE'
  368 |         op_size -= __SCB_DCACHE_LINE_SIZE;
      |                    ^~~~~~~~~~~~~~~~~~~~~~
/Users/seungwon/STM32CubeN6/Drivers/CMSIS/Include/m-profile/armv7m_cachel1.h: In function 'SCB_CleanDCache_by_Addr':
/Users/seungwon/STM32CubeN6/Drivers/CMSIS/Include/m-profile/armv7m_cachel1.h:390:32: warning: conversion to 'long unsigned int' from 'int32_t' {aka 'long int'} may change the sign of the result [-Wsign-conversion]
  390 |        int32_t op_size = dsize + (((uint32_t)addr) & (__SCB_DCACHE_LINE_SIZE - 1U));
      |                                ^
/Users/seungwon/STM32CubeN6/Drivers/CMSIS/Include/m-profile/armv7m_cachel1.h:390:26: warning: conversion to 'int32_t' {aka 'long int'} from 'long unsigned int' may change the sign of the result [-Wsign-conversion]
  390 |        int32_t op_size = dsize + (((uint32_t)addr) & (__SCB_DCACHE_LINE_SIZE - 1U));
      |                          ^~~~~
/Users/seungwon/STM32CubeN6/Drivers/CMSIS/Include/m-profile/armv7m_cachel1.h:398:17: warning: conversion to 'long unsigned int' from 'int32_t' {aka 'long int'} may change the sign of the result [-Wsign-conversion]
  398 |         op_size -= __SCB_DCACHE_LINE_SIZE;
      |                 ^~
/Users/seungwon/STM32CubeN6/Drivers/CMSIS/Include/m-profile/armv7m_cachel1.h:44:33: warning: conversion to 'int32_t' {aka 'long int'} from 'long unsigned int' may change the sign of the result [-Wsign-conversion]
   44 | #define __SCB_DCACHE_LINE_SIZE  32U /*!< Cortex-M7 cache line size is fixed to 32 bytes (8 words). See also register SCB_CCSIDR */
      |                                 ^~~
/Users/seungwon/STM32CubeN6/Drivers/CMSIS/Include/m-profile/armv7m_cachel1.h:398:20: note: in expansion of macro '__SCB_DCACHE_LINE_SIZE'
  398 |         op_size -= __SCB_DCACHE_LINE_SIZE;
      |                    ^~~~~~~~~~~~~~~~~~~~~~
/Users/seungwon/STM32CubeN6/Drivers/CMSIS/Include/m-profile/armv7m_cachel1.h: In function 'SCB_CleanInvalidateDCache_by_Addr':
/Users/seungwon/STM32CubeN6/Drivers/CMSIS/Include/m-profile/armv7m_cachel1.h:420:32: warning: conversion to 'long unsigned int' from 'int32_t' {aka 'long int'} may change the sign of the result [-Wsign-conversion]
  420 |        int32_t op_size = dsize + (((uint32_t)addr) & (__SCB_DCACHE_LINE_SIZE - 1U));
      |                                ^
/Users/seungwon/STM32CubeN6/Drivers/CMSIS/Include/m-profile/armv7m_cachel1.h:420:26: warning: conversion to 'int32_t' {aka 'long int'} from 'long unsigned int' may change the sign of the result [-Wsign-conversion]
  420 |        int32_t op_size = dsize + (((uint32_t)addr) & (__SCB_DCACHE_LINE_SIZE - 1U));
      |                          ^~~~~
/Users/seungwon/STM32CubeN6/Drivers/CMSIS/Include/m-profile/armv7m_cachel1.h:428:17: warning: conversion to 'long unsigned int' from 'int32_t' {aka 'long int'} may change the sign of the result [-Wsign-conversion]
  428 |         op_size -=          __SCB_DCACHE_LINE_SIZE;
      |                 ^~
/Users/seungwon/STM32CubeN6/Drivers/CMSIS/Include/m-profile/armv7m_cachel1.h:44:33: warning: conversion to 'int32_t' {aka 'long int'} from 'long unsigned int' may change the sign of the result [-Wsign-conversion]
   44 | #define __SCB_DCACHE_LINE_SIZE  32U /*!< Cortex-M7 cache line size is fixed to 32 bytes (8 words). See also register SCB_CCSIDR */
      |                                 ^~~
/Users/seungwon/STM32CubeN6/Drivers/CMSIS/Include/m-profile/armv7m_cachel1.h:428:29: note: in expansion of macro '__SCB_DCACHE_LINE_SIZE'
  428 |         op_size -=          __SCB_DCACHE_LINE_SIZE;
      |                             ^~~~~~~~~~~~~~~~~~~~~~
/Users/seungwon/test/.tools/xpack-arm-none-eabi-gcc-15.2.1-1.1/bin/arm-none-eabi-gcc   -DAIMER_PHASE_PROFILE -DPARAMS=256f -DAIMER_BACKEND=ref -DAIMER_MATVEC=reference -DAIMER_CONFIG=ref -DBENCH_KERNEL_SAMPLES=31 -DBENCH_E2E_SAMPLES=7 -DBENCH_KERNEL_INNER=64 -DBENCH_WARMUP=1 -DPROFILE_SAMPLES=31 -DPROFILE_KERNEL_INNER=64 -DPROFILE_COMPLEX_INNER=8 -DUSE_HAL_DRIVER -DSTM32N657xx -Iinclude -I../src/sig/aimer/reference/aimer-256f -I../src -I/Users/seungwon/STM32CubeN6/Projects/NUCLEO-N657X0-Q/Templates/Template/FSBL/Inc -I/Users/seungwon/STM32CubeN6/Drivers/CMSIS/Include -I/Users/seungwon/STM32CubeN6/Drivers/CMSIS/Device/ST/STM32N6xx/Include -I/Users/seungwon/STM32CubeN6/Drivers/STM32N6xx_HAL_Driver/Inc -I/Users/seungwon/STM32CubeN6/Drivers/STM32N6xx_HAL_Driver/Inc/Legacy -O3 -std=c11 -fno-common -ffunction-sections -fdata-sections -fno-tree-vectorize -fno-tree-slp-vectorize -MMD -MP --specs=nosys.specs -Wall -Wextra -Wshadow -Wconversion -Wstrict-prototypes -mcpu=cortex-m55 -mthumb -mfloat-abi=hard -mcmse -fstack-usage -c /Users/seungwon/STM32CubeN6/Drivers/STM32N6xx_HAL_Driver/Src/stm32n6xx_hal_rcc.c -o build/full/256f/ref/profile/stm32n6xx_hal_rcc.c.o
In file included from /Users/seungwon/STM32CubeN6/Drivers/CMSIS/Include/core_cm55.h:4605,
                 from /Users/seungwon/STM32CubeN6/Drivers/CMSIS/Device/ST/STM32N6xx/Include/stm32n657xx.h:281,
                 from /Users/seungwon/STM32CubeN6/Drivers/CMSIS/Device/ST/STM32N6xx/Include/stm32n6xx.h:87,
                 from /Users/seungwon/STM32CubeN6/Drivers/STM32N6xx_HAL_Driver/Inc/stm32n6xx_hal_def.h:33,
                 from /Users/seungwon/STM32CubeN6/Drivers/STM32N6xx_HAL_Driver/Inc/stm32n6xx_hal_rcc.h:28,
                 from /Users/seungwon/STM32CubeN6/Projects/NUCLEO-N657X0-Q/Templates/Template/FSBL/Inc/stm32n6xx_hal_conf.h:253,
                 from /Users/seungwon/STM32CubeN6/Drivers/STM32N6xx_HAL_Driver/Inc/stm32n6xx_hal.h:29,
                 from /Users/seungwon/STM32CubeN6/Drivers/STM32N6xx_HAL_Driver/Src/stm32n6xx_hal_rcc.c:73:
/Users/seungwon/STM32CubeN6/Drivers/CMSIS/Include/m-profile/armv7m_cachel1.h: In function 'SCB_InvalidateICache_by_Addr':
/Users/seungwon/STM32CubeN6/Drivers/CMSIS/Include/m-profile/armv7m_cachel1.h:117:32: warning: conversion to 'long unsigned int' from 'int32_t' {aka 'long int'} may change the sign of the result [-Wsign-conversion]
  117 |        int32_t op_size = isize + (((uint32_t)addr) & (__SCB_ICACHE_LINE_SIZE - 1U));
      |                                ^
/Users/seungwon/STM32CubeN6/Drivers/CMSIS/Include/m-profile/armv7m_cachel1.h:117:26: warning: conversion to 'int32_t' {aka 'long int'} from 'long unsigned int' may change the sign of the result [-Wsign-conversion]
  117 |        int32_t op_size = isize + (((uint32_t)addr) & (__SCB_ICACHE_LINE_SIZE - 1U));
      |                          ^~~~~
/Users/seungwon/STM32CubeN6/Drivers/CMSIS/Include/m-profile/armv7m_cachel1.h:125:17: warning: conversion to 'long unsigned int' from 'int32_t' {aka 'long int'} may change the sign of the result [-Wsign-conversion]
  125 |         op_size -= __SCB_ICACHE_LINE_SIZE;
      |                 ^~
/Users/seungwon/STM32CubeN6/Drivers/CMSIS/Include/m-profile/armv7m_cachel1.h:48:33: warning: conversion to 'int32_t' {aka 'long int'} from 'long unsigned int' may change the sign of the result [-Wsign-conversion]
   48 | #define __SCB_ICACHE_LINE_SIZE  32U /*!< Cortex-M7 cache line size is fixed to 32 bytes (8 words). See also register SCB_CCSIDR */
      |                                 ^~~
/Users/seungwon/STM32CubeN6/Drivers/CMSIS/Include/m-profile/armv7m_cachel1.h:125:20: note: in expansion of macro '__SCB_ICACHE_LINE_SIZE'
  125 |         op_size -= __SCB_ICACHE_LINE_SIZE;
      |                    ^~~~~~~~~~~~~~~~~~~~~~
/Users/seungwon/STM32CubeN6/Drivers/CMSIS/Include/m-profile/armv7m_cachel1.h: In function 'SCB_InvalidateDCache_by_Addr':
/Users/seungwon/STM32CubeN6/Drivers/CMSIS/Include/m-profile/armv7m_cachel1.h:360:32: warning: conversion to 'long unsigned int' from 'int32_t' {aka 'long int'} may change the sign of the result [-Wsign-conversion]
  360 |        int32_t op_size = dsize + (((uint32_t)addr) & (__SCB_DCACHE_LINE_SIZE - 1U));
      |                                ^
/Users/seungwon/STM32CubeN6/Drivers/CMSIS/Include/m-profile/armv7m_cachel1.h:360:26: warning: conversion to 'int32_t' {aka 'long int'} from 'long unsigned int' may change the sign of the result [-Wsign-conversion]
  360 |        int32_t op_size = dsize + (((uint32_t)addr) & (__SCB_DCACHE_LINE_SIZE - 1U));
      |                          ^~~~~
/Users/seungwon/STM32CubeN6/Drivers/CMSIS/Include/m-profile/armv7m_cachel1.h:368:17: warning: conversion to 'long unsigned int' from 'int32_t' {aka 'long int'} may change the sign of the result [-Wsign-conversion]
  368 |         op_size -= __SCB_DCACHE_LINE_SIZE;
      |                 ^~
/Users/seungwon/STM32CubeN6/Drivers/CMSIS/Include/m-profile/armv7m_cachel1.h:44:33: warning: conversion to 'int32_t' {aka 'long int'} from 'long unsigned int' may change the sign of the result [-Wsign-conversion]
   44 | #define __SCB_DCACHE_LINE_SIZE  32U /*!< Cortex-M7 cache line size is fixed to 32 bytes (8 words). See also register SCB_CCSIDR */
      |                                 ^~~
/Users/seungwon/STM32CubeN6/Drivers/CMSIS/Include/m-profile/armv7m_cachel1.h:368:20: note: in expansion of macro '__SCB_DCACHE_LINE_SIZE'
  368 |         op_size -= __SCB_DCACHE_LINE_SIZE;
      |                    ^~~~~~~~~~~~~~~~~~~~~~
/Users/seungwon/STM32CubeN6/Drivers/CMSIS/Include/m-profile/armv7m_cachel1.h: In function 'SCB_CleanDCache_by_Addr':
/Users/seungwon/STM32CubeN6/Drivers/CMSIS/Include/m-profile/armv7m_cachel1.h:390:32: warning: conversion to 'long unsigned int' from 'int32_t' {aka 'long int'} may change the sign of the result [-Wsign-conversion]
  390 |        int32_t op_size = dsize + (((uint32_t)addr) & (__SCB_DCACHE_LINE_SIZE - 1U));
      |                                ^
/Users/seungwon/STM32CubeN6/Drivers/CMSIS/Include/m-profile/armv7m_cachel1.h:390:26: warning: conversion to 'int32_t' {aka 'long int'} from 'long unsigned int' may change the sign of the result [-Wsign-conversion]
  390 |        int32_t op_size = dsize + (((uint32_t)addr) & (__SCB_DCACHE_LINE_SIZE - 1U));
      |                          ^~~~~
/Users/seungwon/STM32CubeN6/Drivers/CMSIS/Include/m-profile/armv7m_cachel1.h:398:17: warning: conversion to 'long unsigned int' from 'int32_t' {aka 'long int'} may change the sign of the result [-Wsign-conversion]
  398 |         op_size -= __SCB_DCACHE_LINE_SIZE;
      |                 ^~
/Users/seungwon/STM32CubeN6/Drivers/CMSIS/Include/m-profile/armv7m_cachel1.h:44:33: warning: conversion to 'int32_t' {aka 'long int'} from 'long unsigned int' may change the sign of the result [-Wsign-conversion]
   44 | #define __SCB_DCACHE_LINE_SIZE  32U /*!< Cortex-M7 cache line size is fixed to 32 bytes (8 words). See also register SCB_CCSIDR */
      |                                 ^~~
/Users/seungwon/STM32CubeN6/Drivers/CMSIS/Include/m-profile/armv7m_cachel1.h:398:20: note: in expansion of macro '__SCB_DCACHE_LINE_SIZE'
  398 |         op_size -= __SCB_DCACHE_LINE_SIZE;
      |                    ^~~~~~~~~~~~~~~~~~~~~~
/Users/seungwon/STM32CubeN6/Drivers/CMSIS/Include/m-profile/armv7m_cachel1.h: In function 'SCB_CleanInvalidateDCache_by_Addr':
/Users/seungwon/STM32CubeN6/Drivers/CMSIS/Include/m-profile/armv7m_cachel1.h:420:32: warning: conversion to 'long unsigned int' from 'int32_t' {aka 'long int'} may change the sign of the result [-Wsign-conversion]
  420 |        int32_t op_size = dsize + (((uint32_t)addr) & (__SCB_DCACHE_LINE_SIZE - 1U));
      |                                ^
/Users/seungwon/STM32CubeN6/Drivers/CMSIS/Include/m-profile/armv7m_cachel1.h:420:26: warning: conversion to 'int32_t' {aka 'long int'} from 'long unsigned int' may change the sign of the result [-Wsign-conversion]
  420 |        int32_t op_size = dsize + (((uint32_t)addr) & (__SCB_DCACHE_LINE_SIZE - 1U));
      |                          ^~~~~
/Users/seungwon/STM32CubeN6/Drivers/CMSIS/Include/m-profile/armv7m_cachel1.h:428:17: warning: conversion to 'long unsigned int' from 'int32_t' {aka 'long int'} may change the sign of the result [-Wsign-conversion]
  428 |         op_size -=          __SCB_DCACHE_LINE_SIZE;
      |                 ^~
/Users/seungwon/STM32CubeN6/Drivers/CMSIS/Include/m-profile/armv7m_cachel1.h:44:33: warning: conversion to 'int32_t' {aka 'long int'} from 'long unsigned int' may change the sign of the result [-Wsign-conversion]
   44 | #define __SCB_DCACHE_LINE_SIZE  32U /*!< Cortex-M7 cache line size is fixed to 32 bytes (8 words). See also register SCB_CCSIDR */
      |                                 ^~~
/Users/seungwon/STM32CubeN6/Drivers/CMSIS/Include/m-profile/armv7m_cachel1.h:428:29: note: in expansion of macro '__SCB_DCACHE_LINE_SIZE'
  428 |         op_size -=          __SCB_DCACHE_LINE_SIZE;
      |                             ^~~~~~~~~~~~~~~~~~~~~~
/Users/seungwon/test/.tools/xpack-arm-none-eabi-gcc-15.2.1-1.1/bin/arm-none-eabi-gcc   -DAIMER_PHASE_PROFILE -DPARAMS=256f -DAIMER_BACKEND=ref -DAIMER_MATVEC=reference -DAIMER_CONFIG=ref -DBENCH_KERNEL_SAMPLES=31 -DBENCH_E2E_SAMPLES=7 -DBENCH_KERNEL_INNER=64 -DBENCH_WARMUP=1 -DPROFILE_SAMPLES=31 -DPROFILE_KERNEL_INNER=64 -DPROFILE_COMPLEX_INNER=8 -DUSE_HAL_DRIVER -DSTM32N657xx -Iinclude -I../src/sig/aimer/reference/aimer-256f -I../src -I/Users/seungwon/STM32CubeN6/Projects/NUCLEO-N657X0-Q/Templates/Template/FSBL/Inc -I/Users/seungwon/STM32CubeN6/Drivers/CMSIS/Include -I/Users/seungwon/STM32CubeN6/Drivers/CMSIS/Device/ST/STM32N6xx/Include -I/Users/seungwon/STM32CubeN6/Drivers/STM32N6xx_HAL_Driver/Inc -I/Users/seungwon/STM32CubeN6/Drivers/STM32N6xx_HAL_Driver/Inc/Legacy -O3 -std=c11 -fno-common -ffunction-sections -fdata-sections -fno-tree-vectorize -fno-tree-slp-vectorize -MMD -MP --specs=nosys.specs -Wall -Wextra -Wshadow -Wconversion -Wstrict-prototypes -mcpu=cortex-m55 -mthumb -mfloat-abi=hard -mcmse -fstack-usage -c /Users/seungwon/STM32CubeN6/Drivers/STM32N6xx_HAL_Driver/Src/stm32n6xx_hal_rcc_ex.c -o build/full/256f/ref/profile/stm32n6xx_hal_rcc_ex.c.o
In file included from /Users/seungwon/STM32CubeN6/Drivers/CMSIS/Include/core_cm55.h:4605,
                 from /Users/seungwon/STM32CubeN6/Drivers/CMSIS/Device/ST/STM32N6xx/Include/stm32n657xx.h:281,
                 from /Users/seungwon/STM32CubeN6/Drivers/CMSIS/Device/ST/STM32N6xx/Include/stm32n6xx.h:87,
                 from /Users/seungwon/STM32CubeN6/Drivers/STM32N6xx_HAL_Driver/Inc/stm32n6xx_hal_def.h:33,
                 from /Users/seungwon/STM32CubeN6/Drivers/STM32N6xx_HAL_Driver/Inc/stm32n6xx_hal_rcc.h:28,
                 from /Users/seungwon/STM32CubeN6/Projects/NUCLEO-N657X0-Q/Templates/Template/FSBL/Inc/stm32n6xx_hal_conf.h:253,
                 from /Users/seungwon/STM32CubeN6/Drivers/STM32N6xx_HAL_Driver/Inc/stm32n6xx_hal.h:29,
                 from /Users/seungwon/STM32CubeN6/Drivers/STM32N6xx_HAL_Driver/Src/stm32n6xx_hal_rcc_ex.c:24:
/Users/seungwon/STM32CubeN6/Drivers/CMSIS/Include/m-profile/armv7m_cachel1.h: In function 'SCB_InvalidateICache_by_Addr':
/Users/seungwon/STM32CubeN6/Drivers/CMSIS/Include/m-profile/armv7m_cachel1.h:117:32: warning: conversion to 'long unsigned int' from 'int32_t' {aka 'long int'} may change the sign of the result [-Wsign-conversion]
  117 |        int32_t op_size = isize + (((uint32_t)addr) & (__SCB_ICACHE_LINE_SIZE - 1U));
      |                                ^
/Users/seungwon/STM32CubeN6/Drivers/CMSIS/Include/m-profile/armv7m_cachel1.h:117:26: warning: conversion to 'int32_t' {aka 'long int'} from 'long unsigned int' may change the sign of the result [-Wsign-conversion]
  117 |        int32_t op_size = isize + (((uint32_t)addr) & (__SCB_ICACHE_LINE_SIZE - 1U));
      |                          ^~~~~
/Users/seungwon/STM32CubeN6/Drivers/CMSIS/Include/m-profile/armv7m_cachel1.h:125:17: warning: conversion to 'long unsigned int' from 'int32_t' {aka 'long int'} may change the sign of the result [-Wsign-conversion]
  125 |         op_size -= __SCB_ICACHE_LINE_SIZE;
      |                 ^~
/Users/seungwon/STM32CubeN6/Drivers/CMSIS/Include/m-profile/armv7m_cachel1.h:48:33: warning: conversion to 'int32_t' {aka 'long int'} from 'long unsigned int' may change the sign of the result [-Wsign-conversion]
   48 | #define __SCB_ICACHE_LINE_SIZE  32U /*!< Cortex-M7 cache line size is fixed to 32 bytes (8 words). See also register SCB_CCSIDR */
      |                                 ^~~
/Users/seungwon/STM32CubeN6/Drivers/CMSIS/Include/m-profile/armv7m_cachel1.h:125:20: note: in expansion of macro '__SCB_ICACHE_LINE_SIZE'
  125 |         op_size -= __SCB_ICACHE_LINE_SIZE;
      |                    ^~~~~~~~~~~~~~~~~~~~~~
/Users/seungwon/STM32CubeN6/Drivers/CMSIS/Include/m-profile/armv7m_cachel1.h: In function 'SCB_InvalidateDCache_by_Addr':
/Users/seungwon/STM32CubeN6/Drivers/CMSIS/Include/m-profile/armv7m_cachel1.h:360:32: warning: conversion to 'long unsigned int' from 'int32_t' {aka 'long int'} may change the sign of the result [-Wsign-conversion]
  360 |        int32_t op_size = dsize + (((uint32_t)addr) & (__SCB_DCACHE_LINE_SIZE - 1U));
      |                                ^
/Users/seungwon/STM32CubeN6/Drivers/CMSIS/Include/m-profile/armv7m_cachel1.h:360:26: warning: conversion to 'int32_t' {aka 'long int'} from 'long unsigned int' may change the sign of the result [-Wsign-conversion]
  360 |        int32_t op_size = dsize + (((uint32_t)addr) & (__SCB_DCACHE_LINE_SIZE - 1U));
      |                          ^~~~~
/Users/seungwon/STM32CubeN6/Drivers/CMSIS/Include/m-profile/armv7m_cachel1.h:368:17: warning: conversion to 'long unsigned int' from 'int32_t' {aka 'long int'} may change the sign of the result [-Wsign-conversion]
  368 |         op_size -= __SCB_DCACHE_LINE_SIZE;
      |                 ^~
/Users/seungwon/STM32CubeN6/Drivers/CMSIS/Include/m-profile/armv7m_cachel1.h:44:33: warning: conversion to 'int32_t' {aka 'long int'} from 'long unsigned int' may change the sign of the result [-Wsign-conversion]
   44 | #define __SCB_DCACHE_LINE_SIZE  32U /*!< Cortex-M7 cache line size is fixed to 32 bytes (8 words). See also register SCB_CCSIDR */
      |                                 ^~~
/Users/seungwon/STM32CubeN6/Drivers/CMSIS/Include/m-profile/armv7m_cachel1.h:368:20: note: in expansion of macro '__SCB_DCACHE_LINE_SIZE'
  368 |         op_size -= __SCB_DCACHE_LINE_SIZE;
      |                    ^~~~~~~~~~~~~~~~~~~~~~
/Users/seungwon/STM32CubeN6/Drivers/CMSIS/Include/m-profile/armv7m_cachel1.h: In function 'SCB_CleanDCache_by_Addr':
/Users/seungwon/STM32CubeN6/Drivers/CMSIS/Include/m-profile/armv7m_cachel1.h:390:32: warning: conversion to 'long unsigned int' from 'int32_t' {aka 'long int'} may change the sign of the result [-Wsign-conversion]
  390 |        int32_t op_size = dsize + (((uint32_t)addr) & (__SCB_DCACHE_LINE_SIZE - 1U));
      |                                ^
/Users/seungwon/STM32CubeN6/Drivers/CMSIS/Include/m-profile/armv7m_cachel1.h:390:26: warning: conversion to 'int32_t' {aka 'long int'} from 'long unsigned int' may change the sign of the result [-Wsign-conversion]
  390 |        int32_t op_size = dsize + (((uint32_t)addr) & (__SCB_DCACHE_LINE_SIZE - 1U));
      |                          ^~~~~
/Users/seungwon/STM32CubeN6/Drivers/CMSIS/Include/m-profile/armv7m_cachel1.h:398:17: warning: conversion to 'long unsigned int' from 'int32_t' {aka 'long int'} may change the sign of the result [-Wsign-conversion]
  398 |         op_size -= __SCB_DCACHE_LINE_SIZE;
      |                 ^~
/Users/seungwon/STM32CubeN6/Drivers/CMSIS/Include/m-profile/armv7m_cachel1.h:44:33: warning: conversion to 'int32_t' {aka 'long int'} from 'long unsigned int' may change the sign of the result [-Wsign-conversion]
   44 | #define __SCB_DCACHE_LINE_SIZE  32U /*!< Cortex-M7 cache line size is fixed to 32 bytes (8 words). See also register SCB_CCSIDR */
      |                                 ^~~
/Users/seungwon/STM32CubeN6/Drivers/CMSIS/Include/m-profile/armv7m_cachel1.h:398:20: note: in expansion of macro '__SCB_DCACHE_LINE_SIZE'
  398 |         op_size -= __SCB_DCACHE_LINE_SIZE;
      |                    ^~~~~~~~~~~~~~~~~~~~~~
/Users/seungwon/STM32CubeN6/Drivers/CMSIS/Include/m-profile/armv7m_cachel1.h: In function 'SCB_CleanInvalidateDCache_by_Addr':
/Users/seungwon/STM32CubeN6/Drivers/CMSIS/Include/m-profile/armv7m_cachel1.h:420:32: warning: conversion to 'long unsigned int' from 'int32_t' {aka 'long int'} may change the sign of the result [-Wsign-conversion]
  420 |        int32_t op_size = dsize + (((uint32_t)addr) & (__SCB_DCACHE_LINE_SIZE - 1U));
      |                                ^
/Users/seungwon/STM32CubeN6/Drivers/CMSIS/Include/m-profile/armv7m_cachel1.h:420:26: warning: conversion to 'int32_t' {aka 'long int'} from 'long unsigned int' may change the sign of the result [-Wsign-conversion]
  420 |        int32_t op_size = dsize + (((uint32_t)addr) & (__SCB_DCACHE_LINE_SIZE - 1U));
      |                          ^~~~~
/Users/seungwon/STM32CubeN6/Drivers/CMSIS/Include/m-profile/armv7m_cachel1.h:428:17: warning: conversion to 'long unsigned int' from 'int32_t' {aka 'long int'} may change the sign of the result [-Wsign-conversion]
  428 |         op_size -=          __SCB_DCACHE_LINE_SIZE;
      |                 ^~
/Users/seungwon/STM32CubeN6/Drivers/CMSIS/Include/m-profile/armv7m_cachel1.h:44:33: warning: conversion to 'int32_t' {aka 'long int'} from 'long unsigned int' may change the sign of the result [-Wsign-conversion]
   44 | #define __SCB_DCACHE_LINE_SIZE  32U /*!< Cortex-M7 cache line size is fixed to 32 bytes (8 words). See also register SCB_CCSIDR */
      |                                 ^~~
/Users/seungwon/STM32CubeN6/Drivers/CMSIS/Include/m-profile/armv7m_cachel1.h:428:29: note: in expansion of macro '__SCB_DCACHE_LINE_SIZE'
  428 |         op_size -=          __SCB_DCACHE_LINE_SIZE;
      |                             ^~~~~~~~~~~~~~~~~~~~~~
/Users/seungwon/test/.tools/xpack-arm-none-eabi-gcc-15.2.1-1.1/bin/arm-none-eabi-gcc   -DAIMER_PHASE_PROFILE -DPARAMS=256f -DAIMER_BACKEND=ref -DAIMER_MATVEC=reference -DAIMER_CONFIG=ref -DBENCH_KERNEL_SAMPLES=31 -DBENCH_E2E_SAMPLES=7 -DBENCH_KERNEL_INNER=64 -DBENCH_WARMUP=1 -DPROFILE_SAMPLES=31 -DPROFILE_KERNEL_INNER=64 -DPROFILE_COMPLEX_INNER=8 -DUSE_HAL_DRIVER -DSTM32N657xx -Iinclude -I../src/sig/aimer/reference/aimer-256f -I../src -I/Users/seungwon/STM32CubeN6/Projects/NUCLEO-N657X0-Q/Templates/Template/FSBL/Inc -I/Users/seungwon/STM32CubeN6/Drivers/CMSIS/Include -I/Users/seungwon/STM32CubeN6/Drivers/CMSIS/Device/ST/STM32N6xx/Include -I/Users/seungwon/STM32CubeN6/Drivers/STM32N6xx_HAL_Driver/Inc -I/Users/seungwon/STM32CubeN6/Drivers/STM32N6xx_HAL_Driver/Inc/Legacy -O3 -std=c11 -fno-common -ffunction-sections -fdata-sections -fno-tree-vectorize -fno-tree-slp-vectorize -MMD -MP --specs=nosys.specs -Wall -Wextra -Wshadow -Wconversion -Wstrict-prototypes -mcpu=cortex-m55 -mthumb -mfloat-abi=hard -mcmse -fstack-usage -x assembler-with-cpp -c /Users/seungwon/STM32CubeN6/Projects/NUCLEO-N657X0-Q/Templates/Template/STM32CubeIDE/FSBL/Application/Startup/startup_stm32n657x0hxq_fsbl.s -o build/full/256f/ref/profile/startup_stm32n657x0hxq_fsbl.s.o
/Users/seungwon/test/.tools/xpack-arm-none-eabi-gcc-15.2.1-1.1/bin/arm-none-eabi-gcc --specs=nosys.specs -Wl,--gc-sections -Wl,--print-memory-usage -Wl,-Map,build/full/256f/ref/profile/aimer-m55-256f-ref-profile.map -Wl,--wrap=main -Wl,--wrap=_write -Wl,--wrap=_read -Ttoolchain/board/nucleo-n657x0-q/stm32n657-axi-sram.ld  -mcpu=cortex-m55 -mthumb -mfloat-abi=hard -mcmse build/full/256f/ref/profile/profile.c.o build/full/256f/ref/profile/field_batch.c.o build/full/256f/ref/profile/mpc_batch.c.o build/full/256f/ref/profile/aim3.c.o build/full/256f/ref/profile/hash.c.o build/full/256f/ref/profile/field_common.c.o build/full/256f/ref/profile/field256.c.o build/full/256f/ref/profile/fips202.c.o build/full/256f/ref/profile/platform.c.o build/full/256f/ref/profile/system_stm32n6xx_fsbl.c.o build/full/256f/ref/profile/stm32n6xx_hal.c.o build/full/256f/ref/profile/stm32n6xx_hal_cortex.c.o build/full/256f/ref/profile/stm32n6xx_hal_pwr.c.o build/full/256f/ref/profile/stm32n6xx_hal_pwr_ex.c.o build/full/256f/ref/profile/stm32n6xx_hal_rcc.c.o build/full/256f/ref/profile/stm32n6xx_hal_rcc_ex.c.o build/full/256f/ref/profile/startup_stm32n657x0hxq_fsbl.s.o -lc -lm -o build/full/256f/ref/profile/aimer-m55-256f-ref-profile.elf
/Users/seungwon/test/.tools/xpack-arm-none-eabi-gcc-15.2.1-1.1/bin/../lib/gcc/arm-none-eabi/15.2.1/../../../../arm-none-eabi/bin/ld: /Users/seungwon/test/.tools/xpack-arm-none-eabi-gcc-15.2.1-1.1/bin/../lib/gcc/arm-none-eabi/15.2.1/../../../../arm-none-eabi/lib/thumb/v8-m.main+dp/hard/libc.a(libc_a-closer.o): in function `_close_r':
(.text._close_r+0xc): warning: _close is not implemented and will always fail
/Users/seungwon/test/.tools/xpack-arm-none-eabi-gcc-15.2.1-1.1/bin/../lib/gcc/arm-none-eabi/15.2.1/../../../../arm-none-eabi/bin/ld: /Users/seungwon/test/.tools/xpack-arm-none-eabi-gcc-15.2.1-1.1/bin/../lib/gcc/arm-none-eabi/15.2.1/../../../../arm-none-eabi/lib/thumb/v8-m.main+dp/hard/libc.a(libc_a-closer.o): note: the message above does not take linker garbage collection into account
/Users/seungwon/test/.tools/xpack-arm-none-eabi-gcc-15.2.1-1.1/bin/../lib/gcc/arm-none-eabi/15.2.1/../../../../arm-none-eabi/bin/ld: /Users/seungwon/test/.tools/xpack-arm-none-eabi-gcc-15.2.1-1.1/bin/../lib/gcc/arm-none-eabi/15.2.1/../../../../arm-none-eabi/lib/thumb/v8-m.main+dp/hard/libc.a(libc_a-fstatr.o): in function `_fstat_r':
(.text._fstat_r+0xe): warning: _fstat is not implemented and will always fail
/Users/seungwon/test/.tools/xpack-arm-none-eabi-gcc-15.2.1-1.1/bin/../lib/gcc/arm-none-eabi/15.2.1/../../../../arm-none-eabi/bin/ld: /Users/seungwon/test/.tools/xpack-arm-none-eabi-gcc-15.2.1-1.1/bin/../lib/gcc/arm-none-eabi/15.2.1/../../../../arm-none-eabi/lib/thumb/v8-m.main+dp/hard/libc.a(libc_a-fstatr.o): note: the message above does not take linker garbage collection into account
/Users/seungwon/test/.tools/xpack-arm-none-eabi-gcc-15.2.1-1.1/bin/../lib/gcc/arm-none-eabi/15.2.1/../../../../arm-none-eabi/bin/ld: /Users/seungwon/test/.tools/xpack-arm-none-eabi-gcc-15.2.1-1.1/bin/../lib/gcc/arm-none-eabi/15.2.1/../../../../arm-none-eabi/lib/thumb/v8-m.main+dp/hard/libc.a(libc_a-signalr.o): in function `_getpid_r':
(.text._getpid_r+0x0): warning: _getpid is not implemented and will always fail
/Users/seungwon/test/.tools/xpack-arm-none-eabi-gcc-15.2.1-1.1/bin/../lib/gcc/arm-none-eabi/15.2.1/../../../../arm-none-eabi/bin/ld: /Users/seungwon/test/.tools/xpack-arm-none-eabi-gcc-15.2.1-1.1/bin/../lib/gcc/arm-none-eabi/15.2.1/../../../../arm-none-eabi/lib/thumb/v8-m.main+dp/hard/libc.a(libc_a-signalr.o): note: the message above does not take linker garbage collection into account
/Users/seungwon/test/.tools/xpack-arm-none-eabi-gcc-15.2.1-1.1/bin/../lib/gcc/arm-none-eabi/15.2.1/../../../../arm-none-eabi/bin/ld: /Users/seungwon/test/.tools/xpack-arm-none-eabi-gcc-15.2.1-1.1/bin/../lib/gcc/arm-none-eabi/15.2.1/../../../../arm-none-eabi/lib/thumb/v8-m.main+dp/hard/libc.a(libc_a-isattyr.o): in function `_isatty_r':
(.text._isatty_r+0xc): warning: _isatty is not implemented and will always fail
/Users/seungwon/test/.tools/xpack-arm-none-eabi-gcc-15.2.1-1.1/bin/../lib/gcc/arm-none-eabi/15.2.1/../../../../arm-none-eabi/bin/ld: /Users/seungwon/test/.tools/xpack-arm-none-eabi-gcc-15.2.1-1.1/bin/../lib/gcc/arm-none-eabi/15.2.1/../../../../arm-none-eabi/lib/thumb/v8-m.main+dp/hard/libc.a(libc_a-isattyr.o): note: the message above does not take linker garbage collection into account
/Users/seungwon/test/.tools/xpack-arm-none-eabi-gcc-15.2.1-1.1/bin/../lib/gcc/arm-none-eabi/15.2.1/../../../../arm-none-eabi/bin/ld: /Users/seungwon/test/.tools/xpack-arm-none-eabi-gcc-15.2.1-1.1/bin/../lib/gcc/arm-none-eabi/15.2.1/../../../../arm-none-eabi/lib/thumb/v8-m.main+dp/hard/libc.a(libc_a-signalr.o): in function `_kill_r':
(.text._kill_r+0xe): warning: _kill is not implemented and will always fail
/Users/seungwon/test/.tools/xpack-arm-none-eabi-gcc-15.2.1-1.1/bin/../lib/gcc/arm-none-eabi/15.2.1/../../../../arm-none-eabi/bin/ld: /Users/seungwon/test/.tools/xpack-arm-none-eabi-gcc-15.2.1-1.1/bin/../lib/gcc/arm-none-eabi/15.2.1/../../../../arm-none-eabi/lib/thumb/v8-m.main+dp/hard/libc.a(libc_a-signalr.o): note: the message above does not take linker garbage collection into account
/Users/seungwon/test/.tools/xpack-arm-none-eabi-gcc-15.2.1-1.1/bin/../lib/gcc/arm-none-eabi/15.2.1/../../../../arm-none-eabi/bin/ld: /Users/seungwon/test/.tools/xpack-arm-none-eabi-gcc-15.2.1-1.1/bin/../lib/gcc/arm-none-eabi/15.2.1/../../../../arm-none-eabi/lib/thumb/v8-m.main+dp/hard/libc.a(libc_a-lseekr.o): in function `_lseek_r':
(.text._lseek_r+0x10): warning: _lseek is not implemented and will always fail
/Users/seungwon/test/.tools/xpack-arm-none-eabi-gcc-15.2.1-1.1/bin/../lib/gcc/arm-none-eabi/15.2.1/../../../../arm-none-eabi/bin/ld: /Users/seungwon/test/.tools/xpack-arm-none-eabi-gcc-15.2.1-1.1/bin/../lib/gcc/arm-none-eabi/15.2.1/../../../../arm-none-eabi/lib/thumb/v8-m.main+dp/hard/libc.a(libc_a-lseekr.o): note: the message above does not take linker garbage collection into account
Memory region         Used Size  Region Size  %age Used
             ROM:       81680 B       255 KB     31.28%
         BOOTRAM:        256 KB       256 KB    100.00%
         HEAPRAM:          4 KB      1792 KB      0.22%
/Users/seungwon/test/.tools/xpack-arm-none-eabi-gcc-15.2.1-1.1/bin/arm-none-eabi-size build/full/256f/ref/profile/aimer-m55-256f-ref-profile.elf
   text	   data	    bss	    dec	    hex	filename
  79452	   2192	 189016	 270660	  42144	build/full/256f/ref/profile/aimer-m55-256f-ref-profile.elf
/Users/Shared/cortexctl run m55 -- /Users/seungwon/test/.tools/xpack-openocd-0.12.0-7/bin/openocd \
		-s /Users/seungwon/test/.tools/xpack-openocd-0.12.0-7/openocd/scripts -s /Users/seungwon/test/.tools/openocd-scripts \
		-f toolchain/board/nucleo-n657x0-q/openocd.cfg \
		-c init -c 'reset halt' \
		-c 'load_image /Users/seungwon/AIMer3_on_AVX512/AIMer_v3/m55/build/full/256f/ref/profile/aimer-m55-256f-ref-profile.elf' \
		-c 'verify_image /Users/seungwon/AIMer3_on_AVX512/AIMer_v3/m55/build/full/256f/ref/profile/aimer-m55-256f-ref-profile.elf' \
		-c 'set vector_msp [mrw 0x34180400]' \
		-c 'set vector_reset [mrw 0x34180404]' \
		-c 'arm semihosting enable' \
		-c 'arm semihosting_resexit enable' \
		-c 'reg msp $vector_msp' -c 'resume $vector_reset'
xPack Open On-Chip Debugger 0.12.0+dev-02228-ge5888bda3-dirty (2025-10-04-22:45)
Licensed under GNU GPL v2
For bug reports, read
	http://openocd.org/doc/doxygen/bugs.html
adapter speed: 1000 kHz
Info : STLINK V3J15M6 (API v3) VID:PID 0483:3754
Info : Target voltage: 3.283034
Info : clock speed 1000 kHz
Info : SWD DPIDR 0x6ba02477
Info : [stm32n6x.ap0] Examination succeed
Info : [stm32n6x.cpu] Cortex-M55 r1p1 processor detected
Info : [stm32n6x.cpu] target has 8 breakpoints, 8 watchpoints
stm32n6x.cpu in Secure state
Info : [stm32n6x.cpu] Examination succeed
Info : [stm32n6x.ap0] gdb port disabled
Info : [stm32n6x.cpu] starting gdb server on 3333
Info : Listening on port 3333 for gdb connections
[stm32n6x.cpu] halted due to debug-request, current mode: Thread 
xPSR: 0x81000000 pc: 0x18003a1a msp: 0x341037a0
80512 bytes written at address 0x34180000
2192 bytes written at address 0x34193a80
downloaded 82704 bytes in 0.607979s (132.843 KiB/s)
verified 82704 bytes in 0.657226s (122.889 KiB/s)
0x34200000
0x34189e01
semihosting is enabled
semihosting resumable exit is enabled
msp (/32): 0x34200000
Info : Listening on port 6666 for tcl connections
Info : Listening on port 4444 for telnet connections
AIMer v3 on NUCLEO-N657X0-Q
Cortex-M55 @ 600000000 Hz, MVE=2, I/D-cache=on
PROFILE_CONFIG,param=256f,config=ref,backend=ref,matvec=reference,cpu_hz=600000000,bits=256,limbs16=16,padded_limbs16=16,L=3,N=16,T=65,exponent_sum=40
PROFILE_COUNTS,param=256f,keygen_inv=4,keygen_mul=1024,keygen_sqr=1060,linear_generation_matvec=1536,keygen_total_matvec=1542,sign_batch_mpc=520,sign_scalar_mpc=65,verify_batch_mpc=260,challenge_batch_mul_sign=3120,challenge_batch_mul_verify=3120
PROFILE_SAMPLE,param=256f,config=ref,backend=ref,matvec=reference,operation=gf_mul,sample=0,inner=64,items=1,raw_cycles=914840
PROFILE_SAMPLE,param=256f,config=ref,backend=ref,matvec=reference,operation=gf_mul,sample=1,inner=64,items=1,raw_cycles=909294
PROFILE_SAMPLE,param=256f,config=ref,backend=ref,matvec=reference,operation=gf_mul,sample=2,inner=64,items=1,raw_cycles=909318
PROFILE_SAMPLE,param=256f,config=ref,backend=ref,matvec=reference,operation=gf_mul,sample=3,inner=64,items=1,raw_cycles=909280
PROFILE_SAMPLE,param=256f,config=ref,backend=ref,matvec=reference,operation=gf_mul,sample=4,inner=64,items=1,raw_cycles=909318
PROFILE_SAMPLE,param=256f,config=ref,backend=ref,matvec=reference,operation=gf_mul,sample=5,inner=64,items=1,raw_cycles=909282
PROFILE_SAMPLE,param=256f,config=ref,backend=ref,matvec=reference,operation=gf_mul,sample=6,inner=64,items=1,raw_cycles=909297
PROFILE_SAMPLE,param=256f,config=ref,backend=ref,matvec=reference,operation=gf_mul,sample=7,inner=64,items=1,raw_cycles=909269
PROFILE_SAMPLE,param=256f,config=ref,backend=ref,matvec=reference,operation=gf_mul,sample=8,inner=64,items=1,raw_cycles=909318
PROFILE_SAMPLE,param=256f,config=ref,backend=ref,matvec=reference,operation=gf_mul,sample=9,inner=64,items=1,raw_cycles=909282
PROFILE_SAMPLE,param=256f,config=ref,backend=ref,matvec=reference,operation=gf_mul,sample=10,inner=64,items=1,raw_cycles=909319
PROFILE_SAMPLE,param=256f,config=ref,backend=ref,matvec=reference,operation=gf_mul,sample=11,inner=64,items=1,raw_cycles=909280
PROFILE_SAMPLE,param=256f,config=ref,backend=ref,matvec=reference,operation=gf_mul,sample=12,inner=64,items=1,raw_cycles=909318
PROFILE_SAMPLE,param=256f,config=ref,backend=ref,matvec=reference,operation=gf_mul,sample=13,inner=64,items=1,raw_cycles=909282
PROFILE_SAMPLE,param=256f,config=ref,backend=ref,matvec=reference,operation=gf_mul,sample=14,inner=64,items=1,raw_cycles=909318
PROFILE_SAMPLE,param=256f,config=ref,backend=ref,matvec=reference,operation=gf_mul,sample=15,inner=64,items=1,raw_cycles=909282
PROFILE_SAMPLE,param=256f,config=ref,backend=ref,matvec=reference,operation=gf_mul,sample=16,inner=64,items=1,raw_cycles=909318
PROFILE_SAMPLE,param=256f,config=ref,backend=ref,matvec=reference,operation=gf_mul,sample=17,inner=64,items=1,raw_cycles=909282
PROFILE_SAMPLE,param=256f,config=ref,backend=ref,matvec=reference,operation=gf_mul,sample=18,inner=64,items=1,raw_cycles=909318
PROFILE_SAMPLE,param=256f,config=ref,backend=ref,matvec=reference,operation=gf_mul,sample=19,inner=64,items=1,raw_cycles=909282
PROFILE_SAMPLE,param=256f,config=ref,backend=ref,matvec=reference,operation=gf_mul,sample=20,inner=64,items=1,raw_cycles=909318
PROFILE_SAMPLE,param=256f,config=ref,backend=ref,matvec=reference,operation=gf_mul,sample=21,inner=64,items=1,raw_cycles=909282
PROFILE_SAMPLE,param=256f,config=ref,backend=ref,matvec=reference,operation=gf_mul,sample=22,inner=64,items=1,raw_cycles=909318
PROFILE_SAMPLE,param=256f,config=ref,backend=ref,matvec=reference,operation=gf_mul,sample=23,inner=64,items=1,raw_cycles=909281
PROFILE_SAMPLE,param=256f,config=ref,backend=ref,matvec=reference,operation=gf_mul,sample=24,inner=64,items=1,raw_cycles=909318
PROFILE_SAMPLE,param=256f,config=ref,backend=ref,matvec=reference,operation=gf_mul,sample=25,inner=64,items=1,raw_cycles=909282
PROFILE_SAMPLE,param=256f,config=ref,backend=ref,matvec=reference,operation=gf_mul,sample=26,inner=64,items=1,raw_cycles=909318
PROFILE_SAMPLE,param=256f,config=ref,backend=ref,matvec=reference,operation=gf_mul,sample=27,inner=64,items=1,raw_cycles=909282
PROFILE_SAMPLE,param=256f,config=ref,backend=ref,matvec=reference,operation=gf_mul,sample=28,inner=64,items=1,raw_cycles=909318
PROFILE_SAMPLE,param=256f,config=ref,backend=ref,matvec=reference,operation=gf_mul,sample=29,inner=64,items=1,raw_cycles=909282
PROFILE_SAMPLE,param=256f,config=ref,backend=ref,matvec=reference,operation=gf_mul,sample=30,inner=64,items=1,raw_cycles=909318
PROFILE_RESULT,param=256f,config=ref,backend=ref,matvec=reference,operation=gf_mul,samples=31,inner=64,items=1,min=14207.33,median=14207.77,mean=14210.59,stddev=15.30,max=14294.38,cycles_per_item_mean=14210.59
PROFILE_SAMPLE,param=256f,config=ref,backend=ref,matvec=reference,operation=gf_sqr,sample=0,inner=64,items=1,raw_cycles=38118
PROFILE_SAMPLE,param=256f,config=ref,backend=ref,matvec=reference,operation=gf_sqr,sample=1,inner=64,items=1,raw_cycles=36484
PROFILE_SAMPLE,param=256f,config=ref,backend=ref,matvec=reference,operation=gf_sqr,sample=2,inner=64,items=1,raw_cycles=36484
PROFILE_SAMPLE,param=256f,config=ref,backend=ref,matvec=reference,operation=gf_sqr,sample=3,inner=64,items=1,raw_cycles=36484
PROFILE_SAMPLE,param=256f,config=ref,backend=ref,matvec=reference,operation=gf_sqr,sample=4,inner=64,items=1,raw_cycles=36484
PROFILE_SAMPLE,param=256f,config=ref,backend=ref,matvec=reference,operation=gf_sqr,sample=5,inner=64,items=1,raw_cycles=36484
PROFILE_SAMPLE,param=256f,config=ref,backend=ref,matvec=reference,operation=gf_sqr,sample=6,inner=64,items=1,raw_cycles=36484
PROFILE_SAMPLE,param=256f,config=ref,backend=ref,matvec=reference,operation=gf_sqr,sample=7,inner=64,items=1,raw_cycles=36484
PROFILE_SAMPLE,param=256f,config=ref,backend=ref,matvec=reference,operation=gf_sqr,sample=8,inner=64,items=1,raw_cycles=36484
PROFILE_SAMPLE,param=256f,config=ref,backend=ref,matvec=reference,operation=gf_sqr,sample=9,inner=64,items=1,raw_cycles=36484
PROFILE_SAMPLE,param=256f,config=ref,backend=ref,matvec=reference,operation=gf_sqr,sample=10,inner=64,items=1,raw_cycles=36484
PROFILE_SAMPLE,param=256f,config=ref,backend=ref,matvec=reference,operation=gf_sqr,sample=11,inner=64,items=1,raw_cycles=36484
PROFILE_SAMPLE,param=256f,config=ref,backend=ref,matvec=reference,operation=gf_sqr,sample=12,inner=64,items=1,raw_cycles=36484
PROFILE_SAMPLE,param=256f,config=ref,backend=ref,matvec=reference,operation=gf_sqr,sample=13,inner=64,items=1,raw_cycles=36484
PROFILE_SAMPLE,param=256f,config=ref,backend=ref,matvec=reference,operation=gf_sqr,sample=14,inner=64,items=1,raw_cycles=36484
PROFILE_SAMPLE,param=256f,config=ref,backend=ref,matvec=reference,operation=gf_sqr,sample=15,inner=64,items=1,raw_cycles=36484
PROFILE_SAMPLE,param=256f,config=ref,backend=ref,matvec=reference,operation=gf_sqr,sample=16,inner=64,items=1,raw_cycles=36484
PROFILE_SAMPLE,param=256f,config=ref,backend=ref,matvec=reference,operation=gf_sqr,sample=17,inner=64,items=1,raw_cycles=36484
PROFILE_SAMPLE,param=256f,config=ref,backend=ref,matvec=reference,operation=gf_sqr,sample=18,inner=64,items=1,raw_cycles=36484
PROFILE_SAMPLE,param=256f,config=ref,backend=ref,matvec=reference,operation=gf_sqr,sample=19,inner=64,items=1,raw_cycles=36484
PROFILE_SAMPLE,param=256f,config=ref,backend=ref,matvec=reference,operation=gf_sqr,sample=20,inner=64,items=1,raw_cycles=36484
PROFILE_SAMPLE,param=256f,config=ref,backend=ref,matvec=reference,operation=gf_sqr,sample=21,inner=64,items=1,raw_cycles=36484
PROFILE_SAMPLE,param=256f,config=ref,backend=ref,matvec=reference,operation=gf_sqr,sample=22,inner=64,items=1,raw_cycles=36484
PROFILE_SAMPLE,param=256f,config=ref,backend=ref,matvec=reference,operation=gf_sqr,sample=23,inner=64,items=1,raw_cycles=36484
PROFILE_SAMPLE,param=256f,config=ref,backend=ref,matvec=reference,operation=gf_sqr,sample=24,inner=64,items=1,raw_cycles=36484
PROFILE_SAMPLE,param=256f,config=ref,backend=ref,matvec=reference,operation=gf_sqr,sample=25,inner=64,items=1,raw_cycles=36484
PROFILE_SAMPLE,param=256f,config=ref,backend=ref,matvec=reference,operation=gf_sqr,sample=26,inner=64,items=1,raw_cycles=36484
PROFILE_SAMPLE,param=256f,config=ref,backend=ref,matvec=reference,operation=gf_sqr,sample=27,inner=64,items=1,raw_cycles=36484
PROFILE_SAMPLE,param=256f,config=ref,backend=ref,matvec=reference,operation=gf_sqr,sample=28,inner=64,items=1,raw_cycles=36484
PROFILE_SAMPLE,param=256f,config=ref,backend=ref,matvec=reference,operation=gf_sqr,sample=29,inner=64,items=1,raw_cycles=36484
PROFILE_SAMPLE,param=256f,config=ref,backend=ref,matvec=reference,operation=gf_sqr,sample=30,inner=64,items=1,raw_cycles=36484
PROFILE_RESULT,param=256f,config=ref,backend=ref,matvec=reference,operation=gf_sqr,samples=31,inner=64,items=1,min=570.06,median=570.06,mean=570.89,stddev=4.51,max=595.59,cycles_per_item_mean=570.89
PROFILE_SAMPLE,param=256f,config=ref,backend=ref,matvec=reference,operation=gf_inv,sample=0,inner=8,items=1,raw_cycles=30186571
PROFILE_SAMPLE,param=256f,config=ref,backend=ref,matvec=reference,operation=gf_inv,sample=1,inner=8,items=1,raw_cycles=30185886
PROFILE_SAMPLE,param=256f,config=ref,backend=ref,matvec=reference,operation=gf_inv,sample=2,inner=8,items=1,raw_cycles=30186676
PROFILE_SAMPLE,param=256f,config=ref,backend=ref,matvec=reference,operation=gf_inv,sample=3,inner=8,items=1,raw_cycles=30186668
PROFILE_SAMPLE,param=256f,config=ref,backend=ref,matvec=reference,operation=gf_inv,sample=4,inner=8,items=1,raw_cycles=30185885
PROFILE_SAMPLE,param=256f,config=ref,backend=ref,matvec=reference,operation=gf_inv,sample=5,inner=8,items=1,raw_cycles=30185879
PROFILE_SAMPLE,param=256f,config=ref,backend=ref,matvec=reference,operation=gf_inv,sample=6,inner=8,items=1,raw_cycles=30185902
PROFILE_SAMPLE,param=256f,config=ref,backend=ref,matvec=reference,operation=gf_inv,sample=7,inner=8,items=1,raw_cycles=30185883
PROFILE_SAMPLE,param=256f,config=ref,backend=ref,matvec=reference,operation=gf_inv,sample=8,inner=8,items=1,raw_cycles=30186700
PROFILE_SAMPLE,param=256f,config=ref,backend=ref,matvec=reference,operation=gf_inv,sample=9,inner=8,items=1,raw_cycles=30185879
PROFILE_SAMPLE,param=256f,config=ref,backend=ref,matvec=reference,operation=gf_inv,sample=10,inner=8,items=1,raw_cycles=30185902
PROFILE_SAMPLE,param=256f,config=ref,backend=ref,matvec=reference,operation=gf_inv,sample=11,inner=8,items=1,raw_cycles=30185883
PROFILE_SAMPLE,param=256f,config=ref,backend=ref,matvec=reference,operation=gf_inv,sample=12,inner=8,items=1,raw_cycles=30186700
PROFILE_SAMPLE,param=256f,config=ref,backend=ref,matvec=reference,operation=gf_inv,sample=13,inner=8,items=1,raw_cycles=30185879
PROFILE_SAMPLE,param=256f,config=ref,backend=ref,matvec=reference,operation=gf_inv,sample=14,inner=8,items=1,raw_cycles=30185902
PROFILE_SAMPLE,param=256f,config=ref,backend=ref,matvec=reference,operation=gf_inv,sample=15,inner=8,items=1,raw_cycles=30185883
PROFILE_SAMPLE,param=256f,config=ref,backend=ref,matvec=reference,operation=gf_inv,sample=16,inner=8,items=1,raw_cycles=30186700
PROFILE_SAMPLE,param=256f,config=ref,backend=ref,matvec=reference,operation=gf_inv,sample=17,inner=8,items=1,raw_cycles=30185879
PROFILE_SAMPLE,param=256f,config=ref,backend=ref,matvec=reference,operation=gf_inv,sample=18,inner=8,items=1,raw_cycles=30185902
PROFILE_SAMPLE,param=256f,config=ref,backend=ref,matvec=reference,operation=gf_inv,sample=19,inner=8,items=1,raw_cycles=30185883
PROFILE_SAMPLE,param=256f,config=ref,backend=ref,matvec=reference,operation=gf_inv,sample=20,inner=8,items=1,raw_cycles=30186700
PROFILE_SAMPLE,param=256f,config=ref,backend=ref,matvec=reference,operation=gf_inv,sample=21,inner=8,items=1,raw_cycles=30185879
PROFILE_SAMPLE,param=256f,config=ref,backend=ref,matvec=reference,operation=gf_inv,sample=22,inner=8,items=1,raw_cycles=30185902
PROFILE_SAMPLE,param=256f,config=ref,backend=ref,matvec=reference,operation=gf_inv,sample=23,inner=8,items=1,raw_cycles=30185883
PROFILE_SAMPLE,param=256f,config=ref,backend=ref,matvec=reference,operation=gf_inv,sample=24,inner=8,items=1,raw_cycles=30186700
PROFILE_SAMPLE,param=256f,config=ref,backend=ref,matvec=reference,operation=gf_inv,sample=25,inner=8,items=1,raw_cycles=30185879
PROFILE_SAMPLE,param=256f,config=ref,backend=ref,matvec=reference,operation=gf_inv,sample=26,inner=8,items=1,raw_cycles=30185902
PROFILE_SAMPLE,param=256f,config=ref,backend=ref,matvec=reference,operation=gf_inv,sample=27,inner=8,items=1,raw_cycles=30185883
PROFILE_SAMPLE,param=256f,config=ref,backend=ref,matvec=reference,operation=gf_inv,sample=28,inner=8,items=1,raw_cycles=30186700
PROFILE_SAMPLE,param=256f,config=ref,backend=ref,matvec=reference,operation=gf_inv,sample=29,inner=8,items=1,raw_cycles=30185879
PROFILE_SAMPLE,param=256f,config=ref,backend=ref,matvec=reference,operation=gf_inv,sample=30,inner=8,items=1,raw_cycles=30185902
PROFILE_RESULT,param=256f,config=ref,backend=ref,matvec=reference,operation=gf_inv,samples=31,inner=8,items=1,min=3773234.88,median=3773237.75,mean=3773264.72,stddev=45.00,max=3773337.50,cycles_per_item_mean=3773264.72
PROFILE_SAMPLE,param=256f,config=ref,backend=ref,matvec=reference,operation=gf_mat_vec_mul,sample=0,inner=64,items=1,raw_cycles=856423
PROFILE_SAMPLE,param=256f,config=ref,backend=ref,matvec=reference,operation=gf_mat_vec_mul,sample=1,inner=64,items=1,raw_cycles=850911
PROFILE_SAMPLE,param=256f,config=ref,backend=ref,matvec=reference,operation=gf_mat_vec_mul,sample=2,inner=64,items=1,raw_cycles=850871
PROFILE_SAMPLE,param=256f,config=ref,backend=ref,matvec=reference,operation=gf_mat_vec_mul,sample=3,inner=64,items=1,raw_cycles=850871
PROFILE_SAMPLE,param=256f,config=ref,backend=ref,matvec=reference,operation=gf_mat_vec_mul,sample=4,inner=64,items=1,raw_cycles=850871
PROFILE_SAMPLE,param=256f,config=ref,backend=ref,matvec=reference,operation=gf_mat_vec_mul,sample=5,inner=64,items=1,raw_cycles=850871
PROFILE_SAMPLE,param=256f,config=ref,backend=ref,matvec=reference,operation=gf_mat_vec_mul,sample=6,inner=64,items=1,raw_cycles=850871
PROFILE_SAMPLE,param=256f,config=ref,backend=ref,matvec=reference,operation=gf_mat_vec_mul,sample=7,inner=64,items=1,raw_cycles=850871
PROFILE_SAMPLE,param=256f,config=ref,backend=ref,matvec=reference,operation=gf_mat_vec_mul,sample=8,inner=64,items=1,raw_cycles=850871
PROFILE_SAMPLE,param=256f,config=ref,backend=ref,matvec=reference,operation=gf_mat_vec_mul,sample=9,inner=64,items=1,raw_cycles=850871
PROFILE_SAMPLE,param=256f,config=ref,backend=ref,matvec=reference,operation=gf_mat_vec_mul,sample=10,inner=64,items=1,raw_cycles=850871
PROFILE_SAMPLE,param=256f,config=ref,backend=ref,matvec=reference,operation=gf_mat_vec_mul,sample=11,inner=64,items=1,raw_cycles=850871
PROFILE_SAMPLE,param=256f,config=ref,backend=ref,matvec=reference,operation=gf_mat_vec_mul,sample=12,inner=64,items=1,raw_cycles=850871
PROFILE_SAMPLE,param=256f,config=ref,backend=ref,matvec=reference,operation=gf_mat_vec_mul,sample=13,inner=64,items=1,raw_cycles=850871
PROFILE_SAMPLE,param=256f,config=ref,backend=ref,matvec=reference,operation=gf_mat_vec_mul,sample=14,inner=64,items=1,raw_cycles=850871
PROFILE_SAMPLE,param=256f,config=ref,backend=ref,matvec=reference,operation=gf_mat_vec_mul,sample=15,inner=64,items=1,raw_cycles=850871
PROFILE_SAMPLE,param=256f,config=ref,backend=ref,matvec=reference,operation=gf_mat_vec_mul,sample=16,inner=64,items=1,raw_cycles=850871
PROFILE_SAMPLE,param=256f,config=ref,backend=ref,matvec=reference,operation=gf_mat_vec_mul,sample=17,inner=64,items=1,raw_cycles=850871
PROFILE_SAMPLE,param=256f,config=ref,backend=ref,matvec=reference,operation=gf_mat_vec_mul,sample=18,inner=64,items=1,raw_cycles=850871
PROFILE_SAMPLE,param=256f,config=ref,backend=ref,matvec=reference,operation=gf_mat_vec_mul,sample=19,inner=64,items=1,raw_cycles=850871
PROFILE_SAMPLE,param=256f,config=ref,backend=ref,matvec=reference,operation=gf_mat_vec_mul,sample=20,inner=64,items=1,raw_cycles=850872
PROFILE_SAMPLE,param=256f,config=ref,backend=ref,matvec=reference,operation=gf_mat_vec_mul,sample=21,inner=64,items=1,raw_cycles=850871
PROFILE_SAMPLE,param=256f,config=ref,backend=ref,matvec=reference,operation=gf_mat_vec_mul,sample=22,inner=64,items=1,raw_cycles=850873
PROFILE_SAMPLE,param=256f,config=ref,backend=ref,matvec=reference,operation=gf_mat_vec_mul,sample=23,inner=64,items=1,raw_cycles=850873
PROFILE_SAMPLE,param=256f,config=ref,backend=ref,matvec=reference,operation=gf_mat_vec_mul,sample=24,inner=64,items=1,raw_cycles=850871
PROFILE_SAMPLE,param=256f,config=ref,backend=ref,matvec=reference,operation=gf_mat_vec_mul,sample=25,inner=64,items=1,raw_cycles=850871
PROFILE_SAMPLE,param=256f,config=ref,backend=ref,matvec=reference,operation=gf_mat_vec_mul,sample=26,inner=64,items=1,raw_cycles=850871
PROFILE_SAMPLE,param=256f,config=ref,backend=ref,matvec=reference,operation=gf_mat_vec_mul,sample=27,inner=64,items=1,raw_cycles=850871
PROFILE_SAMPLE,param=256f,config=ref,backend=ref,matvec=reference,operation=gf_mat_vec_mul,sample=28,inner=64,items=1,raw_cycles=850873
PROFILE_SAMPLE,param=256f,config=ref,backend=ref,matvec=reference,operation=gf_mat_vec_mul,sample=29,inner=64,items=1,raw_cycles=850871
PROFILE_SAMPLE,param=256f,config=ref,backend=ref,matvec=reference,operation=gf_mat_vec_mul,sample=30,inner=64,items=1,raw_cycles=850871
PROFILE_RESULT,param=256f,config=ref,backend=ref,matvec=reference,operation=gf_mat_vec_mul,samples=31,inner=64,items=1,min=13294.86,median=13294.86,mean=13297.68,stddev=15.32,max=13381.61,cycles_per_item_mean=13297.68
PROFILE_SAMPLE,param=256f,config=ref,backend=ref,matvec=reference,operation=gf_mat_vec_mul_add,sample=0,inner=64,items=1,raw_cycles=854436
PROFILE_SAMPLE,param=256f,config=ref,backend=ref,matvec=reference,operation=gf_mat_vec_mul_add,sample=1,inner=64,items=1,raw_cycles=853398
PROFILE_SAMPLE,param=256f,config=ref,backend=ref,matvec=reference,operation=gf_mat_vec_mul_add,sample=2,inner=64,items=1,raw_cycles=853398
PROFILE_SAMPLE,param=256f,config=ref,backend=ref,matvec=reference,operation=gf_mat_vec_mul_add,sample=3,inner=64,items=1,raw_cycles=853398
PROFILE_SAMPLE,param=256f,config=ref,backend=ref,matvec=reference,operation=gf_mat_vec_mul_add,sample=4,inner=64,items=1,raw_cycles=853400
PROFILE_SAMPLE,param=256f,config=ref,backend=ref,matvec=reference,operation=gf_mat_vec_mul_add,sample=5,inner=64,items=1,raw_cycles=853397
PROFILE_SAMPLE,param=256f,config=ref,backend=ref,matvec=reference,operation=gf_mat_vec_mul_add,sample=6,inner=64,items=1,raw_cycles=853398
PROFILE_SAMPLE,param=256f,config=ref,backend=ref,matvec=reference,operation=gf_mat_vec_mul_add,sample=7,inner=64,items=1,raw_cycles=853398
PROFILE_SAMPLE,param=256f,config=ref,backend=ref,matvec=reference,operation=gf_mat_vec_mul_add,sample=8,inner=64,items=1,raw_cycles=853401
PROFILE_SAMPLE,param=256f,config=ref,backend=ref,matvec=reference,operation=gf_mat_vec_mul_add,sample=9,inner=64,items=1,raw_cycles=853398
PROFILE_SAMPLE,param=256f,config=ref,backend=ref,matvec=reference,operation=gf_mat_vec_mul_add,sample=10,inner=64,items=1,raw_cycles=853398
PROFILE_SAMPLE,param=256f,config=ref,backend=ref,matvec=reference,operation=gf_mat_vec_mul_add,sample=11,inner=64,items=1,raw_cycles=853398
PROFILE_SAMPLE,param=256f,config=ref,backend=ref,matvec=reference,operation=gf_mat_vec_mul_add,sample=12,inner=64,items=1,raw_cycles=853400
PROFILE_SAMPLE,param=256f,config=ref,backend=ref,matvec=reference,operation=gf_mat_vec_mul_add,sample=13,inner=64,items=1,raw_cycles=853397
PROFILE_SAMPLE,param=256f,config=ref,backend=ref,matvec=reference,operation=gf_mat_vec_mul_add,sample=14,inner=64,items=1,raw_cycles=853398
PROFILE_SAMPLE,param=256f,config=ref,backend=ref,matvec=reference,operation=gf_mat_vec_mul_add,sample=15,inner=64,items=1,raw_cycles=853398
PROFILE_SAMPLE,param=256f,config=ref,backend=ref,matvec=reference,operation=gf_mat_vec_mul_add,sample=16,inner=64,items=1,raw_cycles=853401
PROFILE_SAMPLE,param=256f,config=ref,backend=ref,matvec=reference,operation=gf_mat_vec_mul_add,sample=17,inner=64,items=1,raw_cycles=853398
PROFILE_SAMPLE,param=256f,config=ref,backend=ref,matvec=reference,operation=gf_mat_vec_mul_add,sample=18,inner=64,items=1,raw_cycles=853398
PROFILE_SAMPLE,param=256f,config=ref,backend=ref,matvec=reference,operation=gf_mat_vec_mul_add,sample=19,inner=64,items=1,raw_cycles=853399
PROFILE_SAMPLE,param=256f,config=ref,backend=ref,matvec=reference,operation=gf_mat_vec_mul_add,sample=20,inner=64,items=1,raw_cycles=853397
PROFILE_SAMPLE,param=256f,config=ref,backend=ref,matvec=reference,operation=gf_mat_vec_mul_add,sample=21,inner=64,items=1,raw_cycles=853398
PROFILE_SAMPLE,param=256f,config=ref,backend=ref,matvec=reference,operation=gf_mat_vec_mul_add,sample=22,inner=64,items=1,raw_cycles=853398
PROFILE_SAMPLE,param=256f,config=ref,backend=ref,matvec=reference,operation=gf_mat_vec_mul_add,sample=23,inner=64,items=1,raw_cycles=853398
PROFILE_SAMPLE,param=256f,config=ref,backend=ref,matvec=reference,operation=gf_mat_vec_mul_add,sample=24,inner=64,items=1,raw_cycles=853398
PROFILE_SAMPLE,param=256f,config=ref,backend=ref,matvec=reference,operation=gf_mat_vec_mul_add,sample=25,inner=64,items=1,raw_cycles=853398
PROFILE_SAMPLE,param=256f,config=ref,backend=ref,matvec=reference,operation=gf_mat_vec_mul_add,sample=26,inner=64,items=1,raw_cycles=853398
PROFILE_SAMPLE,param=256f,config=ref,backend=ref,matvec=reference,operation=gf_mat_vec_mul_add,sample=27,inner=64,items=1,raw_cycles=853398
PROFILE_SAMPLE,param=256f,config=ref,backend=ref,matvec=reference,operation=gf_mat_vec_mul_add,sample=28,inner=64,items=1,raw_cycles=853398
PROFILE_SAMPLE,param=256f,config=ref,backend=ref,matvec=reference,operation=gf_mat_vec_mul_add,sample=29,inner=64,items=1,raw_cycles=853398
PROFILE_SAMPLE,param=256f,config=ref,backend=ref,matvec=reference,operation=gf_mat_vec_mul_add,sample=30,inner=64,items=1,raw_cycles=853398
PROFILE_RESULT,param=256f,config=ref,backend=ref,matvec=reference,operation=gf_mat_vec_mul_add,samples=31,inner=64,items=1,min=13334.33,median=13334.34,mean=13334.87,stddev=2.86,max=13350.56,cycles_per_item_mean=13334.87
PROFILE_SAMPLE,param=256f,config=ref,backend=ref,matvec=reference,operation=gf_sqr_batch4,sample=0,inner=64,items=4,raw_cycles=152050
PROFILE_SAMPLE,param=256f,config=ref,backend=ref,matvec=reference,operation=gf_sqr_batch4,sample=1,inner=64,items=4,raw_cycles=151810
PROFILE_SAMPLE,param=256f,config=ref,backend=ref,matvec=reference,operation=gf_sqr_batch4,sample=2,inner=64,items=4,raw_cycles=151810
PROFILE_SAMPLE,param=256f,config=ref,backend=ref,matvec=reference,operation=gf_sqr_batch4,sample=3,inner=64,items=4,raw_cycles=151810
PROFILE_SAMPLE,param=256f,config=ref,backend=ref,matvec=reference,operation=gf_sqr_batch4,sample=4,inner=64,items=4,raw_cycles=151810
PROFILE_SAMPLE,param=256f,config=ref,backend=ref,matvec=reference,operation=gf_sqr_batch4,sample=5,inner=64,items=4,raw_cycles=151810
PROFILE_SAMPLE,param=256f,config=ref,backend=ref,matvec=reference,operation=gf_sqr_batch4,sample=6,inner=64,items=4,raw_cycles=151810
PROFILE_SAMPLE,param=256f,config=ref,backend=ref,matvec=reference,operation=gf_sqr_batch4,sample=7,inner=64,items=4,raw_cycles=151810
PROFILE_SAMPLE,param=256f,config=ref,backend=ref,matvec=reference,operation=gf_sqr_batch4,sample=8,inner=64,items=4,raw_cycles=151810
PROFILE_SAMPLE,param=256f,config=ref,backend=ref,matvec=reference,operation=gf_sqr_batch4,sample=9,inner=64,items=4,raw_cycles=151810
PROFILE_SAMPLE,param=256f,config=ref,backend=ref,matvec=reference,operation=gf_sqr_batch4,sample=10,inner=64,items=4,raw_cycles=151810
PROFILE_SAMPLE,param=256f,config=ref,backend=ref,matvec=reference,operation=gf_sqr_batch4,sample=11,inner=64,items=4,raw_cycles=151810
PROFILE_SAMPLE,param=256f,config=ref,backend=ref,matvec=reference,operation=gf_sqr_batch4,sample=12,inner=64,items=4,raw_cycles=151810
PROFILE_SAMPLE,param=256f,config=ref,backend=ref,matvec=reference,operation=gf_sqr_batch4,sample=13,inner=64,items=4,raw_cycles=151810
PROFILE_SAMPLE,param=256f,config=ref,backend=ref,matvec=reference,operation=gf_sqr_batch4,sample=14,inner=64,items=4,raw_cycles=151810
PROFILE_SAMPLE,param=256f,config=ref,backend=ref,matvec=reference,operation=gf_sqr_batch4,sample=15,inner=64,items=4,raw_cycles=151810
PROFILE_SAMPLE,param=256f,config=ref,backend=ref,matvec=reference,operation=gf_sqr_batch4,sample=16,inner=64,items=4,raw_cycles=151810
PROFILE_SAMPLE,param=256f,config=ref,backend=ref,matvec=reference,operation=gf_sqr_batch4,sample=17,inner=64,items=4,raw_cycles=151810
PROFILE_SAMPLE,param=256f,config=ref,backend=ref,matvec=reference,operation=gf_sqr_batch4,sample=18,inner=64,items=4,raw_cycles=151810
PROFILE_SAMPLE,param=256f,config=ref,backend=ref,matvec=reference,operation=gf_sqr_batch4,sample=19,inner=64,items=4,raw_cycles=151810
PROFILE_SAMPLE,param=256f,config=ref,backend=ref,matvec=reference,operation=gf_sqr_batch4,sample=20,inner=64,items=4,raw_cycles=151810
PROFILE_SAMPLE,param=256f,config=ref,backend=ref,matvec=reference,operation=gf_sqr_batch4,sample=21,inner=64,items=4,raw_cycles=151810
PROFILE_SAMPLE,param=256f,config=ref,backend=ref,matvec=reference,operation=gf_sqr_batch4,sample=22,inner=64,items=4,raw_cycles=151810
PROFILE_SAMPLE,param=256f,config=ref,backend=ref,matvec=reference,operation=gf_sqr_batch4,sample=23,inner=64,items=4,raw_cycles=151810
PROFILE_SAMPLE,param=256f,config=ref,backend=ref,matvec=reference,operation=gf_sqr_batch4,sample=24,inner=64,items=4,raw_cycles=151810
PROFILE_SAMPLE,param=256f,config=ref,backend=ref,matvec=reference,operation=gf_sqr_batch4,sample=25,inner=64,items=4,raw_cycles=151810
PROFILE_SAMPLE,param=256f,config=ref,backend=ref,matvec=reference,operation=gf_sqr_batch4,sample=26,inner=64,items=4,raw_cycles=151810
PROFILE_SAMPLE,param=256f,config=ref,backend=ref,matvec=reference,operation=gf_sqr_batch4,sample=27,inner=64,items=4,raw_cycles=151810
PROFILE_SAMPLE,param=256f,config=ref,backend=ref,matvec=reference,operation=gf_sqr_batch4,sample=28,inner=64,items=4,raw_cycles=151810
PROFILE_SAMPLE,param=256f,config=ref,backend=ref,matvec=reference,operation=gf_sqr_batch4,sample=29,inner=64,items=4,raw_cycles=151810
PROFILE_SAMPLE,param=256f,config=ref,backend=ref,matvec=reference,operation=gf_sqr_batch4,sample=30,inner=64,items=4,raw_cycles=151810
PROFILE_RESULT,param=256f,config=ref,backend=ref,matvec=reference,operation=gf_sqr_batch4,samples=31,inner=64,items=4,min=2372.03,median=2372.03,mean=2372.15,stddev=0.66,max=2375.78,cycles_per_item_mean=593.04
PROFILE_SAMPLE,param=256f,config=ref,backend=ref,matvec=reference,operation=gf_frobenius_batch4_e3,sample=0,inner=8,items=4,raw_cycles=55538
PROFILE_SAMPLE,param=256f,config=ref,backend=ref,matvec=reference,operation=gf_frobenius_batch4_e3,sample=1,inner=8,items=4,raw_cycles=55395
PROFILE_SAMPLE,param=256f,config=ref,backend=ref,matvec=reference,operation=gf_frobenius_batch4_e3,sample=2,inner=8,items=4,raw_cycles=55395
PROFILE_SAMPLE,param=256f,config=ref,backend=ref,matvec=reference,operation=gf_frobenius_batch4_e3,sample=3,inner=8,items=4,raw_cycles=55395
PROFILE_SAMPLE,param=256f,config=ref,backend=ref,matvec=reference,operation=gf_frobenius_batch4_e3,sample=4,inner=8,items=4,raw_cycles=55395
PROFILE_SAMPLE,param=256f,config=ref,backend=ref,matvec=reference,operation=gf_frobenius_batch4_e3,sample=5,inner=8,items=4,raw_cycles=55395
PROFILE_SAMPLE,param=256f,config=ref,backend=ref,matvec=reference,operation=gf_frobenius_batch4_e3,sample=6,inner=8,items=4,raw_cycles=55395
PROFILE_SAMPLE,param=256f,config=ref,backend=ref,matvec=reference,operation=gf_frobenius_batch4_e3,sample=7,inner=8,items=4,raw_cycles=55395
PROFILE_SAMPLE,param=256f,config=ref,backend=ref,matvec=reference,operation=gf_frobenius_batch4_e3,sample=8,inner=8,items=4,raw_cycles=55395
PROFILE_SAMPLE,param=256f,config=ref,backend=ref,matvec=reference,operation=gf_frobenius_batch4_e3,sample=9,inner=8,items=4,raw_cycles=55395
PROFILE_SAMPLE,param=256f,config=ref,backend=ref,matvec=reference,operation=gf_frobenius_batch4_e3,sample=10,inner=8,items=4,raw_cycles=55395
PROFILE_SAMPLE,param=256f,config=ref,backend=ref,matvec=reference,operation=gf_frobenius_batch4_e3,sample=11,inner=8,items=4,raw_cycles=55395
PROFILE_SAMPLE,param=256f,config=ref,backend=ref,matvec=reference,operation=gf_frobenius_batch4_e3,sample=12,inner=8,items=4,raw_cycles=55395
PROFILE_SAMPLE,param=256f,config=ref,backend=ref,matvec=reference,operation=gf_frobenius_batch4_e3,sample=13,inner=8,items=4,raw_cycles=55395
PROFILE_SAMPLE,param=256f,config=ref,backend=ref,matvec=reference,operation=gf_frobenius_batch4_e3,sample=14,inner=8,items=4,raw_cycles=55395
PROFILE_SAMPLE,param=256f,config=ref,backend=ref,matvec=reference,operation=gf_frobenius_batch4_e3,sample=15,inner=8,items=4,raw_cycles=55395
PROFILE_SAMPLE,param=256f,config=ref,backend=ref,matvec=reference,operation=gf_frobenius_batch4_e3,sample=16,inner=8,items=4,raw_cycles=55395
PROFILE_SAMPLE,param=256f,config=ref,backend=ref,matvec=reference,operation=gf_frobenius_batch4_e3,sample=17,inner=8,items=4,raw_cycles=55395
PROFILE_SAMPLE,param=256f,config=ref,backend=ref,matvec=reference,operation=gf_frobenius_batch4_e3,sample=18,inner=8,items=4,raw_cycles=55395
PROFILE_SAMPLE,param=256f,config=ref,backend=ref,matvec=reference,operation=gf_frobenius_batch4_e3,sample=19,inner=8,items=4,raw_cycles=55395
PROFILE_SAMPLE,param=256f,config=ref,backend=ref,matvec=reference,operation=gf_frobenius_batch4_e3,sample=20,inner=8,items=4,raw_cycles=55395
PROFILE_SAMPLE,param=256f,config=ref,backend=ref,matvec=reference,operation=gf_frobenius_batch4_e3,sample=21,inner=8,items=4,raw_cycles=55395
PROFILE_SAMPLE,param=256f,config=ref,backend=ref,matvec=reference,operation=gf_frobenius_batch4_e3,sample=22,inner=8,items=4,raw_cycles=55395
PROFILE_SAMPLE,param=256f,config=ref,backend=ref,matvec=reference,operation=gf_frobenius_batch4_e3,sample=23,inner=8,items=4,raw_cycles=55395
PROFILE_SAMPLE,param=256f,config=ref,backend=ref,matvec=reference,operation=gf_frobenius_batch4_e3,sample=24,inner=8,items=4,raw_cycles=55395
PROFILE_SAMPLE,param=256f,config=ref,backend=ref,matvec=reference,operation=gf_frobenius_batch4_e3,sample=25,inner=8,items=4,raw_cycles=55395
PROFILE_SAMPLE,param=256f,config=ref,backend=ref,matvec=reference,operation=gf_frobenius_batch4_e3,sample=26,inner=8,items=4,raw_cycles=55395
PROFILE_SAMPLE,param=256f,config=ref,backend=ref,matvec=reference,operation=gf_frobenius_batch4_e3,sample=27,inner=8,items=4,raw_cycles=55395
PROFILE_SAMPLE,param=256f,config=ref,backend=ref,matvec=reference,operation=gf_frobenius_batch4_e3,sample=28,inner=8,items=4,raw_cycles=55395
PROFILE_SAMPLE,param=256f,config=ref,backend=ref,matvec=reference,operation=gf_frobenius_batch4_e3,sample=29,inner=8,items=4,raw_cycles=55395
PROFILE_SAMPLE,param=256f,config=ref,backend=ref,matvec=reference,operation=gf_frobenius_batch4_e3,sample=30,inner=8,items=4,raw_cycles=55395
PROFILE_RESULT,param=256f,config=ref,backend=ref,matvec=reference,operation=gf_frobenius_batch4_e3,samples=31,inner=8,items=4,min=6924.38,median=6924.38,mean=6924.95,stddev=3.16,max=6942.25,cycles_per_item_mean=1731.24
PROFILE_SAMPLE,param=256f,config=ref,backend=ref,matvec=reference,operation=gf_frobenius_batch4_e7,sample=0,inner=8,items=4,raw_cycles=128169
PROFILE_SAMPLE,param=256f,config=ref,backend=ref,matvec=reference,operation=gf_frobenius_batch4_e7,sample=1,inner=8,items=4,raw_cycles=128099
PROFILE_SAMPLE,param=256f,config=ref,backend=ref,matvec=reference,operation=gf_frobenius_batch4_e7,sample=2,inner=8,items=4,raw_cycles=128099
PROFILE_SAMPLE,param=256f,config=ref,backend=ref,matvec=reference,operation=gf_frobenius_batch4_e7,sample=3,inner=8,items=4,raw_cycles=128099
PROFILE_SAMPLE,param=256f,config=ref,backend=ref,matvec=reference,operation=gf_frobenius_batch4_e7,sample=4,inner=8,items=4,raw_cycles=128099
PROFILE_SAMPLE,param=256f,config=ref,backend=ref,matvec=reference,operation=gf_frobenius_batch4_e7,sample=5,inner=8,items=4,raw_cycles=128099
PROFILE_SAMPLE,param=256f,config=ref,backend=ref,matvec=reference,operation=gf_frobenius_batch4_e7,sample=6,inner=8,items=4,raw_cycles=128099
PROFILE_SAMPLE,param=256f,config=ref,backend=ref,matvec=reference,operation=gf_frobenius_batch4_e7,sample=7,inner=8,items=4,raw_cycles=128099
PROFILE_SAMPLE,param=256f,config=ref,backend=ref,matvec=reference,operation=gf_frobenius_batch4_e7,sample=8,inner=8,items=4,raw_cycles=128099
PROFILE_SAMPLE,param=256f,config=ref,backend=ref,matvec=reference,operation=gf_frobenius_batch4_e7,sample=9,inner=8,items=4,raw_cycles=128099
PROFILE_SAMPLE,param=256f,config=ref,backend=ref,matvec=reference,operation=gf_frobenius_batch4_e7,sample=10,inner=8,items=4,raw_cycles=128099
PROFILE_SAMPLE,param=256f,config=ref,backend=ref,matvec=reference,operation=gf_frobenius_batch4_e7,sample=11,inner=8,items=4,raw_cycles=128099
PROFILE_SAMPLE,param=256f,config=ref,backend=ref,matvec=reference,operation=gf_frobenius_batch4_e7,sample=12,inner=8,items=4,raw_cycles=128099
PROFILE_SAMPLE,param=256f,config=ref,backend=ref,matvec=reference,operation=gf_frobenius_batch4_e7,sample=13,inner=8,items=4,raw_cycles=128099
PROFILE_SAMPLE,param=256f,config=ref,backend=ref,matvec=reference,operation=gf_frobenius_batch4_e7,sample=14,inner=8,items=4,raw_cycles=128099
PROFILE_SAMPLE,param=256f,config=ref,backend=ref,matvec=reference,operation=gf_frobenius_batch4_e7,sample=15,inner=8,items=4,raw_cycles=128099
PROFILE_SAMPLE,param=256f,config=ref,backend=ref,matvec=reference,operation=gf_frobenius_batch4_e7,sample=16,inner=8,items=4,raw_cycles=128099
PROFILE_SAMPLE,param=256f,config=ref,backend=ref,matvec=reference,operation=gf_frobenius_batch4_e7,sample=17,inner=8,items=4,raw_cycles=128099
PROFILE_SAMPLE,param=256f,config=ref,backend=ref,matvec=reference,operation=gf_frobenius_batch4_e7,sample=18,inner=8,items=4,raw_cycles=128099
PROFILE_SAMPLE,param=256f,config=ref,backend=ref,matvec=reference,operation=gf_frobenius_batch4_e7,sample=19,inner=8,items=4,raw_cycles=128099
PROFILE_SAMPLE,param=256f,config=ref,backend=ref,matvec=reference,operation=gf_frobenius_batch4_e7,sample=20,inner=8,items=4,raw_cycles=128099
PROFILE_SAMPLE,param=256f,config=ref,backend=ref,matvec=reference,operation=gf_frobenius_batch4_e7,sample=21,inner=8,items=4,raw_cycles=128099
PROFILE_SAMPLE,param=256f,config=ref,backend=ref,matvec=reference,operation=gf_frobenius_batch4_e7,sample=22,inner=8,items=4,raw_cycles=128099
PROFILE_SAMPLE,param=256f,config=ref,backend=ref,matvec=reference,operation=gf_frobenius_batch4_e7,sample=23,inner=8,items=4,raw_cycles=128099
PROFILE_SAMPLE,param=256f,config=ref,backend=ref,matvec=reference,operation=gf_frobenius_batch4_e7,sample=24,inner=8,items=4,raw_cycles=128099
PROFILE_SAMPLE,param=256f,config=ref,backend=ref,matvec=reference,operation=gf_frobenius_batch4_e7,sample=25,inner=8,items=4,raw_cycles=128099
PROFILE_SAMPLE,param=256f,config=ref,backend=ref,matvec=reference,operation=gf_frobenius_batch4_e7,sample=26,inner=8,items=4,raw_cycles=128099
PROFILE_SAMPLE,param=256f,config=ref,backend=ref,matvec=reference,operation=gf_frobenius_batch4_e7,sample=27,inner=8,items=4,raw_cycles=128099
PROFILE_SAMPLE,param=256f,config=ref,backend=ref,matvec=reference,operation=gf_frobenius_batch4_e7,sample=28,inner=8,items=4,raw_cycles=128099
PROFILE_SAMPLE,param=256f,config=ref,backend=ref,matvec=reference,operation=gf_frobenius_batch4_e7,sample=29,inner=8,items=4,raw_cycles=128099
PROFILE_SAMPLE,param=256f,config=ref,backend=ref,matvec=reference,operation=gf_frobenius_batch4_e7,sample=30,inner=8,items=4,raw_cycles=128099
PROFILE_RESULT,param=256f,config=ref,backend=ref,matvec=reference,operation=gf_frobenius_batch4_e7,samples=31,inner=8,items=4,min=16012.38,median=16012.38,mean=16012.66,stddev=1.55,max=16021.12,cycles_per_item_mean=4003.16
PROFILE_SAMPLE,param=256f,config=ref,backend=ref,matvec=reference,operation=gf_frobenius_batch4_e11,sample=0,inner=8,items=4,raw_cycles=200839
PROFILE_SAMPLE,param=256f,config=ref,backend=ref,matvec=reference,operation=gf_frobenius_batch4_e11,sample=1,inner=8,items=4,raw_cycles=200803
PROFILE_SAMPLE,param=256f,config=ref,backend=ref,matvec=reference,operation=gf_frobenius_batch4_e11,sample=2,inner=8,items=4,raw_cycles=200803
PROFILE_SAMPLE,param=256f,config=ref,backend=ref,matvec=reference,operation=gf_frobenius_batch4_e11,sample=3,inner=8,items=4,raw_cycles=200803
PROFILE_SAMPLE,param=256f,config=ref,backend=ref,matvec=reference,operation=gf_frobenius_batch4_e11,sample=4,inner=8,items=4,raw_cycles=200803
PROFILE_SAMPLE,param=256f,config=ref,backend=ref,matvec=reference,operation=gf_frobenius_batch4_e11,sample=5,inner=8,items=4,raw_cycles=200803
PROFILE_SAMPLE,param=256f,config=ref,backend=ref,matvec=reference,operation=gf_frobenius_batch4_e11,sample=6,inner=8,items=4,raw_cycles=200803
PROFILE_SAMPLE,param=256f,config=ref,backend=ref,matvec=reference,operation=gf_frobenius_batch4_e11,sample=7,inner=8,items=4,raw_cycles=200803
PROFILE_SAMPLE,param=256f,config=ref,backend=ref,matvec=reference,operation=gf_frobenius_batch4_e11,sample=8,inner=8,items=4,raw_cycles=200803
PROFILE_SAMPLE,param=256f,config=ref,backend=ref,matvec=reference,operation=gf_frobenius_batch4_e11,sample=9,inner=8,items=4,raw_cycles=200803
PROFILE_SAMPLE,param=256f,config=ref,backend=ref,matvec=reference,operation=gf_frobenius_batch4_e11,sample=10,inner=8,items=4,raw_cycles=200803
PROFILE_SAMPLE,param=256f,config=ref,backend=ref,matvec=reference,operation=gf_frobenius_batch4_e11,sample=11,inner=8,items=4,raw_cycles=200803
PROFILE_SAMPLE,param=256f,config=ref,backend=ref,matvec=reference,operation=gf_frobenius_batch4_e11,sample=12,inner=8,items=4,raw_cycles=200803
PROFILE_SAMPLE,param=256f,config=ref,backend=ref,matvec=reference,operation=gf_frobenius_batch4_e11,sample=13,inner=8,items=4,raw_cycles=200803
PROFILE_SAMPLE,param=256f,config=ref,backend=ref,matvec=reference,operation=gf_frobenius_batch4_e11,sample=14,inner=8,items=4,raw_cycles=200803
PROFILE_SAMPLE,param=256f,config=ref,backend=ref,matvec=reference,operation=gf_frobenius_batch4_e11,sample=15,inner=8,items=4,raw_cycles=200803
PROFILE_SAMPLE,param=256f,config=ref,backend=ref,matvec=reference,operation=gf_frobenius_batch4_e11,sample=16,inner=8,items=4,raw_cycles=200803
PROFILE_SAMPLE,param=256f,config=ref,backend=ref,matvec=reference,operation=gf_frobenius_batch4_e11,sample=17,inner=8,items=4,raw_cycles=200803
PROFILE_SAMPLE,param=256f,config=ref,backend=ref,matvec=reference,operation=gf_frobenius_batch4_e11,sample=18,inner=8,items=4,raw_cycles=200803
PROFILE_SAMPLE,param=256f,config=ref,backend=ref,matvec=reference,operation=gf_frobenius_batch4_e11,sample=19,inner=8,items=4,raw_cycles=200803
PROFILE_SAMPLE,param=256f,config=ref,backend=ref,matvec=reference,operation=gf_frobenius_batch4_e11,sample=20,inner=8,items=4,raw_cycles=200803
PROFILE_SAMPLE,param=256f,config=ref,backend=ref,matvec=reference,operation=gf_frobenius_batch4_e11,sample=21,inner=8,items=4,raw_cycles=200803
PROFILE_SAMPLE,param=256f,config=ref,backend=ref,matvec=reference,operation=gf_frobenius_batch4_e11,sample=22,inner=8,items=4,raw_cycles=200803
PROFILE_SAMPLE,param=256f,config=ref,backend=ref,matvec=reference,operation=gf_frobenius_batch4_e11,sample=23,inner=8,items=4,raw_cycles=200803
PROFILE_SAMPLE,param=256f,config=ref,backend=ref,matvec=reference,operation=gf_frobenius_batch4_e11,sample=24,inner=8,items=4,raw_cycles=200803
PROFILE_SAMPLE,param=256f,config=ref,backend=ref,matvec=reference,operation=gf_frobenius_batch4_e11,sample=25,inner=8,items=4,raw_cycles=200803
PROFILE_SAMPLE,param=256f,config=ref,backend=ref,matvec=reference,operation=gf_frobenius_batch4_e11,sample=26,inner=8,items=4,raw_cycles=200803
PROFILE_SAMPLE,param=256f,config=ref,backend=ref,matvec=reference,operation=gf_frobenius_batch4_e11,sample=27,inner=8,items=4,raw_cycles=200803
PROFILE_SAMPLE,param=256f,config=ref,backend=ref,matvec=reference,operation=gf_frobenius_batch4_e11,sample=28,inner=8,items=4,raw_cycles=200803
PROFILE_SAMPLE,param=256f,config=ref,backend=ref,matvec=reference,operation=gf_frobenius_batch4_e11,sample=29,inner=8,items=4,raw_cycles=200803
PROFILE_SAMPLE,param=256f,config=ref,backend=ref,matvec=reference,operation=gf_frobenius_batch4_e11,sample=30,inner=8,items=4,raw_cycles=200803
PROFILE_RESULT,param=256f,config=ref,backend=ref,matvec=reference,operation=gf_frobenius_batch4_e11,samples=31,inner=8,items=4,min=25100.38,median=25100.38,mean=25100.52,stddev=0.80,max=25104.88,cycles_per_item_mean=6275.13
PROFILE_SAMPLE,param=256f,config=ref,backend=ref,matvec=reference,operation=gf_frobenius_batch4_e19,sample=0,inner=8,items=4,raw_cycles=346279
PROFILE_SAMPLE,param=256f,config=ref,backend=ref,matvec=reference,operation=gf_frobenius_batch4_e19,sample=1,inner=8,items=4,raw_cycles=346211
PROFILE_SAMPLE,param=256f,config=ref,backend=ref,matvec=reference,operation=gf_frobenius_batch4_e19,sample=2,inner=8,items=4,raw_cycles=346211
PROFILE_SAMPLE,param=256f,config=ref,backend=ref,matvec=reference,operation=gf_frobenius_batch4_e19,sample=3,inner=8,items=4,raw_cycles=346211
PROFILE_SAMPLE,param=256f,config=ref,backend=ref,matvec=reference,operation=gf_frobenius_batch4_e19,sample=4,inner=8,items=4,raw_cycles=346211
PROFILE_SAMPLE,param=256f,config=ref,backend=ref,matvec=reference,operation=gf_frobenius_batch4_e19,sample=5,inner=8,items=4,raw_cycles=346211
PROFILE_SAMPLE,param=256f,config=ref,backend=ref,matvec=reference,operation=gf_frobenius_batch4_e19,sample=6,inner=8,items=4,raw_cycles=346211
PROFILE_SAMPLE,param=256f,config=ref,backend=ref,matvec=reference,operation=gf_frobenius_batch4_e19,sample=7,inner=8,items=4,raw_cycles=346211
PROFILE_SAMPLE,param=256f,config=ref,backend=ref,matvec=reference,operation=gf_frobenius_batch4_e19,sample=8,inner=8,items=4,raw_cycles=346211
PROFILE_SAMPLE,param=256f,config=ref,backend=ref,matvec=reference,operation=gf_frobenius_batch4_e19,sample=9,inner=8,items=4,raw_cycles=346211
PROFILE_SAMPLE,param=256f,config=ref,backend=ref,matvec=reference,operation=gf_frobenius_batch4_e19,sample=10,inner=8,items=4,raw_cycles=346211
PROFILE_SAMPLE,param=256f,config=ref,backend=ref,matvec=reference,operation=gf_frobenius_batch4_e19,sample=11,inner=8,items=4,raw_cycles=346211
PROFILE_SAMPLE,param=256f,config=ref,backend=ref,matvec=reference,operation=gf_frobenius_batch4_e19,sample=12,inner=8,items=4,raw_cycles=346211
PROFILE_SAMPLE,param=256f,config=ref,backend=ref,matvec=reference,operation=gf_frobenius_batch4_e19,sample=13,inner=8,items=4,raw_cycles=346211
PROFILE_SAMPLE,param=256f,config=ref,backend=ref,matvec=reference,operation=gf_frobenius_batch4_e19,sample=14,inner=8,items=4,raw_cycles=346211
PROFILE_SAMPLE,param=256f,config=ref,backend=ref,matvec=reference,operation=gf_frobenius_batch4_e19,sample=15,inner=8,items=4,raw_cycles=346211
PROFILE_SAMPLE,param=256f,config=ref,backend=ref,matvec=reference,operation=gf_frobenius_batch4_e19,sample=16,inner=8,items=4,raw_cycles=346211
PROFILE_SAMPLE,param=256f,config=ref,backend=ref,matvec=reference,operation=gf_frobenius_batch4_e19,sample=17,inner=8,items=4,raw_cycles=346211
PROFILE_SAMPLE,param=256f,config=ref,backend=ref,matvec=reference,operation=gf_frobenius_batch4_e19,sample=18,inner=8,items=4,raw_cycles=346211
PROFILE_SAMPLE,param=256f,config=ref,backend=ref,matvec=reference,operation=gf_frobenius_batch4_e19,sample=19,inner=8,items=4,raw_cycles=346211
PROFILE_SAMPLE,param=256f,config=ref,backend=ref,matvec=reference,operation=gf_frobenius_batch4_e19,sample=20,inner=8,items=4,raw_cycles=346211
PROFILE_SAMPLE,param=256f,config=ref,backend=ref,matvec=reference,operation=gf_frobenius_batch4_e19,sample=21,inner=8,items=4,raw_cycles=346211
PROFILE_SAMPLE,param=256f,config=ref,backend=ref,matvec=reference,operation=gf_frobenius_batch4_e19,sample=22,inner=8,items=4,raw_cycles=346211
PROFILE_SAMPLE,param=256f,config=ref,backend=ref,matvec=reference,operation=gf_frobenius_batch4_e19,sample=23,inner=8,items=4,raw_cycles=346211
PROFILE_SAMPLE,param=256f,config=ref,backend=ref,matvec=reference,operation=gf_frobenius_batch4_e19,sample=24,inner=8,items=4,raw_cycles=346211
PROFILE_SAMPLE,param=256f,config=ref,backend=ref,matvec=reference,operation=gf_frobenius_batch4_e19,sample=25,inner=8,items=4,raw_cycles=346211
PROFILE_SAMPLE,param=256f,config=ref,backend=ref,matvec=reference,operation=gf_frobenius_batch4_e19,sample=26,inner=8,items=4,raw_cycles=346211
PROFILE_SAMPLE,param=256f,config=ref,backend=ref,matvec=reference,operation=gf_frobenius_batch4_e19,sample=27,inner=8,items=4,raw_cycles=346211
PROFILE_SAMPLE,param=256f,config=ref,backend=ref,matvec=reference,operation=gf_frobenius_batch4_e19,sample=28,inner=8,items=4,raw_cycles=346211
PROFILE_SAMPLE,param=256f,config=ref,backend=ref,matvec=reference,operation=gf_frobenius_batch4_e19,sample=29,inner=8,items=4,raw_cycles=346211
PROFILE_SAMPLE,param=256f,config=ref,backend=ref,matvec=reference,operation=gf_frobenius_batch4_e19,sample=30,inner=8,items=4,raw_cycles=346211
PROFILE_RESULT,param=256f,config=ref,backend=ref,matvec=reference,operation=gf_frobenius_batch4_e19,samples=31,inner=8,items=4,min=43276.38,median=43276.38,mean=43276.65,stddev=1.50,max=43284.88,cycles_per_item_mean=10819.16
PROFILE_SAMPLE,param=256f,config=ref,backend=ref,matvec=reference,operation=gf_mul_const_batch4,sample=0,inner=64,items=4,raw_cycles=3639769
PROFILE_SAMPLE,param=256f,config=ref,backend=ref,matvec=reference,operation=gf_mul_const_batch4,sample=1,inner=64,items=4,raw_cycles=3638899
PROFILE_SAMPLE,param=256f,config=ref,backend=ref,matvec=reference,operation=gf_mul_const_batch4,sample=2,inner=64,items=4,raw_cycles=3638895
PROFILE_SAMPLE,param=256f,config=ref,backend=ref,matvec=reference,operation=gf_mul_const_batch4,sample=3,inner=64,items=4,raw_cycles=3638910
PROFILE_SAMPLE,param=256f,config=ref,backend=ref,matvec=reference,operation=gf_mul_const_batch4,sample=4,inner=64,items=4,raw_cycles=3638893
PROFILE_SAMPLE,param=256f,config=ref,backend=ref,matvec=reference,operation=gf_mul_const_batch4,sample=5,inner=64,items=4,raw_cycles=3638911
PROFILE_SAMPLE,param=256f,config=ref,backend=ref,matvec=reference,operation=gf_mul_const_batch4,sample=6,inner=64,items=4,raw_cycles=3638894
PROFILE_SAMPLE,param=256f,config=ref,backend=ref,matvec=reference,operation=gf_mul_const_batch4,sample=7,inner=64,items=4,raw_cycles=3638913
PROFILE_SAMPLE,param=256f,config=ref,backend=ref,matvec=reference,operation=gf_mul_const_batch4,sample=8,inner=64,items=4,raw_cycles=3638899
PROFILE_SAMPLE,param=256f,config=ref,backend=ref,matvec=reference,operation=gf_mul_const_batch4,sample=9,inner=64,items=4,raw_cycles=3638914
PROFILE_SAMPLE,param=256f,config=ref,backend=ref,matvec=reference,operation=gf_mul_const_batch4,sample=10,inner=64,items=4,raw_cycles=3638890
PROFILE_SAMPLE,param=256f,config=ref,backend=ref,matvec=reference,operation=gf_mul_const_batch4,sample=11,inner=64,items=4,raw_cycles=3638913
PROFILE_SAMPLE,param=256f,config=ref,backend=ref,matvec=reference,operation=gf_mul_const_batch4,sample=12,inner=64,items=4,raw_cycles=3638895
PROFILE_SAMPLE,param=256f,config=ref,backend=ref,matvec=reference,operation=gf_mul_const_batch4,sample=13,inner=64,items=4,raw_cycles=3638910
PROFILE_SAMPLE,param=256f,config=ref,backend=ref,matvec=reference,operation=gf_mul_const_batch4,sample=14,inner=64,items=4,raw_cycles=3638892
PROFILE_SAMPLE,param=256f,config=ref,backend=ref,matvec=reference,operation=gf_mul_const_batch4,sample=15,inner=64,items=4,raw_cycles=3638912
PROFILE_SAMPLE,param=256f,config=ref,backend=ref,matvec=reference,operation=gf_mul_const_batch4,sample=16,inner=64,items=4,raw_cycles=3638894
PROFILE_SAMPLE,param=256f,config=ref,backend=ref,matvec=reference,operation=gf_mul_const_batch4,sample=17,inner=64,items=4,raw_cycles=3638913
PROFILE_SAMPLE,param=256f,config=ref,backend=ref,matvec=reference,operation=gf_mul_const_batch4,sample=18,inner=64,items=4,raw_cycles=3638899
PROFILE_SAMPLE,param=256f,config=ref,backend=ref,matvec=reference,operation=gf_mul_const_batch4,sample=19,inner=64,items=4,raw_cycles=3638914
PROFILE_SAMPLE,param=256f,config=ref,backend=ref,matvec=reference,operation=gf_mul_const_batch4,sample=20,inner=64,items=4,raw_cycles=3638890
PROFILE_SAMPLE,param=256f,config=ref,backend=ref,matvec=reference,operation=gf_mul_const_batch4,sample=21,inner=64,items=4,raw_cycles=3638914
PROFILE_SAMPLE,param=256f,config=ref,backend=ref,matvec=reference,operation=gf_mul_const_batch4,sample=22,inner=64,items=4,raw_cycles=3638894
PROFILE_SAMPLE,param=256f,config=ref,backend=ref,matvec=reference,operation=gf_mul_const_batch4,sample=23,inner=64,items=4,raw_cycles=3638910
PROFILE_SAMPLE,param=256f,config=ref,backend=ref,matvec=reference,operation=gf_mul_const_batch4,sample=24,inner=64,items=4,raw_cycles=3638892
PROFILE_SAMPLE,param=256f,config=ref,backend=ref,matvec=reference,operation=gf_mul_const_batch4,sample=25,inner=64,items=4,raw_cycles=3638912
PROFILE_SAMPLE,param=256f,config=ref,backend=ref,matvec=reference,operation=gf_mul_const_batch4,sample=26,inner=64,items=4,raw_cycles=3638894
PROFILE_SAMPLE,param=256f,config=ref,backend=ref,matvec=reference,operation=gf_mul_const_batch4,sample=27,inner=64,items=4,raw_cycles=3638913
PROFILE_SAMPLE,param=256f,config=ref,backend=ref,matvec=reference,operation=gf_mul_const_batch4,sample=28,inner=64,items=4,raw_cycles=3638899
PROFILE_SAMPLE,param=256f,config=ref,backend=ref,matvec=reference,operation=gf_mul_const_batch4,sample=29,inner=64,items=4,raw_cycles=3638914
PROFILE_SAMPLE,param=256f,config=ref,backend=ref,matvec=reference,operation=gf_mul_const_batch4,sample=30,inner=64,items=4,raw_cycles=3638890
PROFILE_RESULT,param=256f,config=ref,backend=ref,matvec=reference,operation=gf_mul_const_batch4,samples=31,inner=64,items=4,min=56857.66,median=56857.80,mean=56858.29,stddev=2.40,max=56871.39,cycles_per_item_mean=14214.57
PROFILE_SAMPLE,param=256f,config=ref,backend=ref,matvec=reference,operation=gf_mat_vec_mul_batch4,sample=0,inner=64,items=4,raw_cycles=3398786
PROFILE_SAMPLE,param=256f,config=ref,backend=ref,matvec=reference,operation=gf_mat_vec_mul_batch4,sample=1,inner=64,items=4,raw_cycles=3391832
PROFILE_SAMPLE,param=256f,config=ref,backend=ref,matvec=reference,operation=gf_mat_vec_mul_batch4,sample=2,inner=64,items=4,raw_cycles=3391723
PROFILE_SAMPLE,param=256f,config=ref,backend=ref,matvec=reference,operation=gf_mat_vec_mul_batch4,sample=3,inner=64,items=4,raw_cycles=3391723
PROFILE_SAMPLE,param=256f,config=ref,backend=ref,matvec=reference,operation=gf_mat_vec_mul_batch4,sample=4,inner=64,items=4,raw_cycles=3391723
PROFILE_SAMPLE,param=256f,config=ref,backend=ref,matvec=reference,operation=gf_mat_vec_mul_batch4,sample=5,inner=64,items=4,raw_cycles=3391724
PROFILE_SAMPLE,param=256f,config=ref,backend=ref,matvec=reference,operation=gf_mat_vec_mul_batch4,sample=6,inner=64,items=4,raw_cycles=3391723
PROFILE_SAMPLE,param=256f,config=ref,backend=ref,matvec=reference,operation=gf_mat_vec_mul_batch4,sample=7,inner=64,items=4,raw_cycles=3391723
PROFILE_SAMPLE,param=256f,config=ref,backend=ref,matvec=reference,operation=gf_mat_vec_mul_batch4,sample=8,inner=64,items=4,raw_cycles=3391723
PROFILE_SAMPLE,param=256f,config=ref,backend=ref,matvec=reference,operation=gf_mat_vec_mul_batch4,sample=9,inner=64,items=4,raw_cycles=3391723
PROFILE_SAMPLE,param=256f,config=ref,backend=ref,matvec=reference,operation=gf_mat_vec_mul_batch4,sample=10,inner=64,items=4,raw_cycles=3391723
PROFILE_SAMPLE,param=256f,config=ref,backend=ref,matvec=reference,operation=gf_mat_vec_mul_batch4,sample=11,inner=64,items=4,raw_cycles=3391723
PROFILE_SAMPLE,param=256f,config=ref,backend=ref,matvec=reference,operation=gf_mat_vec_mul_batch4,sample=12,inner=64,items=4,raw_cycles=3391723
PROFILE_SAMPLE,param=256f,config=ref,backend=ref,matvec=reference,operation=gf_mat_vec_mul_batch4,sample=13,inner=64,items=4,raw_cycles=3391723
PROFILE_SAMPLE,param=256f,config=ref,backend=ref,matvec=reference,operation=gf_mat_vec_mul_batch4,sample=14,inner=64,items=4,raw_cycles=3391722
PROFILE_SAMPLE,param=256f,config=ref,backend=ref,matvec=reference,operation=gf_mat_vec_mul_batch4,sample=15,inner=64,items=4,raw_cycles=3391723
PROFILE_SAMPLE,param=256f,config=ref,backend=ref,matvec=reference,operation=gf_mat_vec_mul_batch4,sample=16,inner=64,items=4,raw_cycles=3391723
PROFILE_SAMPLE,param=256f,config=ref,backend=ref,matvec=reference,operation=gf_mat_vec_mul_batch4,sample=17,inner=64,items=4,raw_cycles=3391723
PROFILE_SAMPLE,param=256f,config=ref,backend=ref,matvec=reference,operation=gf_mat_vec_mul_batch4,sample=18,inner=64,items=4,raw_cycles=3391723
PROFILE_SAMPLE,param=256f,config=ref,backend=ref,matvec=reference,operation=gf_mat_vec_mul_batch4,sample=19,inner=64,items=4,raw_cycles=3391723
PROFILE_SAMPLE,param=256f,config=ref,backend=ref,matvec=reference,operation=gf_mat_vec_mul_batch4,sample=20,inner=64,items=4,raw_cycles=3391723
PROFILE_SAMPLE,param=256f,config=ref,backend=ref,matvec=reference,operation=gf_mat_vec_mul_batch4,sample=21,inner=64,items=4,raw_cycles=3391723
PROFILE_SAMPLE,param=256f,config=ref,backend=ref,matvec=reference,operation=gf_mat_vec_mul_batch4,sample=22,inner=64,items=4,raw_cycles=3391723
PROFILE_SAMPLE,param=256f,config=ref,backend=ref,matvec=reference,operation=gf_mat_vec_mul_batch4,sample=23,inner=64,items=4,raw_cycles=3391723
PROFILE_SAMPLE,param=256f,config=ref,backend=ref,matvec=reference,operation=gf_mat_vec_mul_batch4,sample=24,inner=64,items=4,raw_cycles=3391723
PROFILE_SAMPLE,param=256f,config=ref,backend=ref,matvec=reference,operation=gf_mat_vec_mul_batch4,sample=25,inner=64,items=4,raw_cycles=3391723
PROFILE_SAMPLE,param=256f,config=ref,backend=ref,matvec=reference,operation=gf_mat_vec_mul_batch4,sample=26,inner=64,items=4,raw_cycles=3391723
PROFILE_SAMPLE,param=256f,config=ref,backend=ref,matvec=reference,operation=gf_mat_vec_mul_batch4,sample=27,inner=64,items=4,raw_cycles=3391723
PROFILE_SAMPLE,param=256f,config=ref,backend=ref,matvec=reference,operation=gf_mat_vec_mul_batch4,sample=28,inner=64,items=4,raw_cycles=3391723
PROFILE_SAMPLE,param=256f,config=ref,backend=ref,matvec=reference,operation=gf_mat_vec_mul_batch4,sample=29,inner=64,items=4,raw_cycles=3391723
PROFILE_SAMPLE,param=256f,config=ref,backend=ref,matvec=reference,operation=gf_mat_vec_mul_batch4,sample=30,inner=64,items=4,raw_cycles=3391723
PROFILE_RESULT,param=256f,config=ref,backend=ref,matvec=reference,operation=gf_mat_vec_mul_batch4,samples=31,inner=64,items=4,min=52995.66,median=52995.67,mean=52999.29,stddev=19.49,max=53106.03,cycles_per_item_mean=13249.82
PROFILE_SAMPLE,param=256f,config=ref,backend=ref,matvec=reference,operation=gf_mat_vec_mul_add_batch4,sample=0,inner=64,items=4,raw_cycles=3407654
PROFILE_SAMPLE,param=256f,config=ref,backend=ref,matvec=reference,operation=gf_mat_vec_mul_add_batch4,sample=1,inner=64,items=4,raw_cycles=3406426
PROFILE_SAMPLE,param=256f,config=ref,backend=ref,matvec=reference,operation=gf_mat_vec_mul_add_batch4,sample=2,inner=64,items=4,raw_cycles=3406390
PROFILE_SAMPLE,param=256f,config=ref,backend=ref,matvec=reference,operation=gf_mat_vec_mul_add_batch4,sample=3,inner=64,items=4,raw_cycles=3406310
PROFILE_SAMPLE,param=256f,config=ref,backend=ref,matvec=reference,operation=gf_mat_vec_mul_add_batch4,sample=4,inner=64,items=4,raw_cycles=3406313
PROFILE_SAMPLE,param=256f,config=ref,backend=ref,matvec=reference,operation=gf_mat_vec_mul_add_batch4,sample=5,inner=64,items=4,raw_cycles=3406314
PROFILE_SAMPLE,param=256f,config=ref,backend=ref,matvec=reference,operation=gf_mat_vec_mul_add_batch4,sample=6,inner=64,items=4,raw_cycles=3406317
PROFILE_SAMPLE,param=256f,config=ref,backend=ref,matvec=reference,operation=gf_mat_vec_mul_add_batch4,sample=7,inner=64,items=4,raw_cycles=3406315
PROFILE_SAMPLE,param=256f,config=ref,backend=ref,matvec=reference,operation=gf_mat_vec_mul_add_batch4,sample=8,inner=64,items=4,raw_cycles=3406310
PROFILE_SAMPLE,param=256f,config=ref,backend=ref,matvec=reference,operation=gf_mat_vec_mul_add_batch4,sample=9,inner=64,items=4,raw_cycles=3406313
PROFILE_SAMPLE,param=256f,config=ref,backend=ref,matvec=reference,operation=gf_mat_vec_mul_add_batch4,sample=10,inner=64,items=4,raw_cycles=3406313
PROFILE_SAMPLE,param=256f,config=ref,backend=ref,matvec=reference,operation=gf_mat_vec_mul_add_batch4,sample=11,inner=64,items=4,raw_cycles=3406319
PROFILE_SAMPLE,param=256f,config=ref,backend=ref,matvec=reference,operation=gf_mat_vec_mul_add_batch4,sample=12,inner=64,items=4,raw_cycles=3406315
PROFILE_SAMPLE,param=256f,config=ref,backend=ref,matvec=reference,operation=gf_mat_vec_mul_add_batch4,sample=13,inner=64,items=4,raw_cycles=3406310
PROFILE_SAMPLE,param=256f,config=ref,backend=ref,matvec=reference,operation=gf_mat_vec_mul_add_batch4,sample=14,inner=64,items=4,raw_cycles=3406313
PROFILE_SAMPLE,param=256f,config=ref,backend=ref,matvec=reference,operation=gf_mat_vec_mul_add_batch4,sample=15,inner=64,items=4,raw_cycles=3406313
PROFILE_SAMPLE,param=256f,config=ref,backend=ref,matvec=reference,operation=gf_mat_vec_mul_add_batch4,sample=16,inner=64,items=4,raw_cycles=3406319
PROFILE_SAMPLE,param=256f,config=ref,backend=ref,matvec=reference,operation=gf_mat_vec_mul_add_batch4,sample=17,inner=64,items=4,raw_cycles=3406315
PROFILE_SAMPLE,param=256f,config=ref,backend=ref,matvec=reference,operation=gf_mat_vec_mul_add_batch4,sample=18,inner=64,items=4,raw_cycles=3406310
PROFILE_SAMPLE,param=256f,config=ref,backend=ref,matvec=reference,operation=gf_mat_vec_mul_add_batch4,sample=19,inner=64,items=4,raw_cycles=3406313
PROFILE_SAMPLE,param=256f,config=ref,backend=ref,matvec=reference,operation=gf_mat_vec_mul_add_batch4,sample=20,inner=64,items=4,raw_cycles=3406313
PROFILE_SAMPLE,param=256f,config=ref,backend=ref,matvec=reference,operation=gf_mat_vec_mul_add_batch4,sample=21,inner=64,items=4,raw_cycles=3406319
PROFILE_SAMPLE,param=256f,config=ref,backend=ref,matvec=reference,operation=gf_mat_vec_mul_add_batch4,sample=22,inner=64,items=4,raw_cycles=3406316
PROFILE_SAMPLE,param=256f,config=ref,backend=ref,matvec=reference,operation=gf_mat_vec_mul_add_batch4,sample=23,inner=64,items=4,raw_cycles=3406310
PROFILE_SAMPLE,param=256f,config=ref,backend=ref,matvec=reference,operation=gf_mat_vec_mul_add_batch4,sample=24,inner=64,items=4,raw_cycles=3406313
PROFILE_SAMPLE,param=256f,config=ref,backend=ref,matvec=reference,operation=gf_mat_vec_mul_add_batch4,sample=25,inner=64,items=4,raw_cycles=3406313
PROFILE_SAMPLE,param=256f,config=ref,backend=ref,matvec=reference,operation=gf_mat_vec_mul_add_batch4,sample=26,inner=64,items=4,raw_cycles=3406319
PROFILE_SAMPLE,param=256f,config=ref,backend=ref,matvec=reference,operation=gf_mat_vec_mul_add_batch4,sample=27,inner=64,items=4,raw_cycles=3406315
PROFILE_SAMPLE,param=256f,config=ref,backend=ref,matvec=reference,operation=gf_mat_vec_mul_add_batch4,sample=28,inner=64,items=4,raw_cycles=3406310
PROFILE_SAMPLE,param=256f,config=ref,backend=ref,matvec=reference,operation=gf_mat_vec_mul_add_batch4,sample=29,inner=64,items=4,raw_cycles=3406313
PROFILE_SAMPLE,param=256f,config=ref,backend=ref,matvec=reference,operation=gf_mat_vec_mul_add_batch4,sample=30,inner=64,items=4,raw_cycles=3406313
PROFILE_RESULT,param=256f,config=ref,backend=ref,matvec=reference,operation=gf_mat_vec_mul_add_batch4,samples=31,inner=64,items=4,min=53223.59,median=53223.64,mean=53224.42,stddev=3.70,max=53244.59,cycles_per_item_mean=13306.11
PROFILE_SAMPLE,param=256f,config=ref,backend=ref,matvec=reference,operation=aim3_mpc_batch4,sample=0,inner=8,items=4,raw_cycles=4135695
PROFILE_SAMPLE,param=256f,config=ref,backend=ref,matvec=reference,operation=aim3_mpc_batch4,sample=1,inner=8,items=4,raw_cycles=4133743
PROFILE_SAMPLE,param=256f,config=ref,backend=ref,matvec=reference,operation=aim3_mpc_batch4,sample=2,inner=8,items=4,raw_cycles=4119793
PROFILE_SAMPLE,param=256f,config=ref,backend=ref,matvec=reference,operation=aim3_mpc_batch4,sample=3,inner=8,items=4,raw_cycles=4122129
PROFILE_SAMPLE,param=256f,config=ref,backend=ref,matvec=reference,operation=aim3_mpc_batch4,sample=4,inner=8,items=4,raw_cycles=4129824
PROFILE_SAMPLE,param=256f,config=ref,backend=ref,matvec=reference,operation=aim3_mpc_batch4,sample=5,inner=8,items=4,raw_cycles=4129831
PROFILE_SAMPLE,param=256f,config=ref,backend=ref,matvec=reference,operation=aim3_mpc_batch4,sample=6,inner=8,items=4,raw_cycles=4129652
PROFILE_SAMPLE,param=256f,config=ref,backend=ref,matvec=reference,operation=aim3_mpc_batch4,sample=7,inner=8,items=4,raw_cycles=4129301
PROFILE_SAMPLE,param=256f,config=ref,backend=ref,matvec=reference,operation=aim3_mpc_batch4,sample=8,inner=8,items=4,raw_cycles=4129005
PROFILE_SAMPLE,param=256f,config=ref,backend=ref,matvec=reference,operation=aim3_mpc_batch4,sample=9,inner=8,items=4,raw_cycles=4129005
PROFILE_SAMPLE,param=256f,config=ref,backend=ref,matvec=reference,operation=aim3_mpc_batch4,sample=10,inner=8,items=4,raw_cycles=4129005
PROFILE_SAMPLE,param=256f,config=ref,backend=ref,matvec=reference,operation=aim3_mpc_batch4,sample=11,inner=8,items=4,raw_cycles=4129005
PROFILE_SAMPLE,param=256f,config=ref,backend=ref,matvec=reference,operation=aim3_mpc_batch4,sample=12,inner=8,items=4,raw_cycles=4129005
PROFILE_SAMPLE,param=256f,config=ref,backend=ref,matvec=reference,operation=aim3_mpc_batch4,sample=13,inner=8,items=4,raw_cycles=4129005
PROFILE_SAMPLE,param=256f,config=ref,backend=ref,matvec=reference,operation=aim3_mpc_batch4,sample=14,inner=8,items=4,raw_cycles=4129005
PROFILE_SAMPLE,param=256f,config=ref,backend=ref,matvec=reference,operation=aim3_mpc_batch4,sample=15,inner=8,items=4,raw_cycles=4129005
PROFILE_SAMPLE,param=256f,config=ref,backend=ref,matvec=reference,operation=aim3_mpc_batch4,sample=16,inner=8,items=4,raw_cycles=4129005
PROFILE_SAMPLE,param=256f,config=ref,backend=ref,matvec=reference,operation=aim3_mpc_batch4,sample=17,inner=8,items=4,raw_cycles=4129005
PROFILE_SAMPLE,param=256f,config=ref,backend=ref,matvec=reference,operation=aim3_mpc_batch4,sample=18,inner=8,items=4,raw_cycles=4129005
PROFILE_SAMPLE,param=256f,config=ref,backend=ref,matvec=reference,operation=aim3_mpc_batch4,sample=19,inner=8,items=4,raw_cycles=4129005
PROFILE_SAMPLE,param=256f,config=ref,backend=ref,matvec=reference,operation=aim3_mpc_batch4,sample=20,inner=8,items=4,raw_cycles=4129005
PROFILE_SAMPLE,param=256f,config=ref,backend=ref,matvec=reference,operation=aim3_mpc_batch4,sample=21,inner=8,items=4,raw_cycles=4129005
PROFILE_SAMPLE,param=256f,config=ref,backend=ref,matvec=reference,operation=aim3_mpc_batch4,sample=22,inner=8,items=4,raw_cycles=4129005
PROFILE_SAMPLE,param=256f,config=ref,backend=ref,matvec=reference,operation=aim3_mpc_batch4,sample=23,inner=8,items=4,raw_cycles=4129005
PROFILE_SAMPLE,param=256f,config=ref,backend=ref,matvec=reference,operation=aim3_mpc_batch4,sample=24,inner=8,items=4,raw_cycles=4129005
PROFILE_SAMPLE,param=256f,config=ref,backend=ref,matvec=reference,operation=aim3_mpc_batch4,sample=25,inner=8,items=4,raw_cycles=4129005
PROFILE_SAMPLE,param=256f,config=ref,backend=ref,matvec=reference,operation=aim3_mpc_batch4,sample=26,inner=8,items=4,raw_cycles=4129005
PROFILE_SAMPLE,param=256f,config=ref,backend=ref,matvec=reference,operation=aim3_mpc_batch4,sample=27,inner=8,items=4,raw_cycles=4129005
PROFILE_SAMPLE,param=256f,config=ref,backend=ref,matvec=reference,operation=aim3_mpc_batch4,sample=28,inner=8,items=4,raw_cycles=4129005
PROFILE_SAMPLE,param=256f,config=ref,backend=ref,matvec=reference,operation=aim3_mpc_batch4,sample=29,inner=8,items=4,raw_cycles=4129005
PROFILE_SAMPLE,param=256f,config=ref,backend=ref,matvec=reference,operation=aim3_mpc_batch4,sample=30,inner=8,items=4,raw_cycles=4129005
PROFILE_RESULT,param=256f,config=ref,backend=ref,matvec=reference,operation=aim3_mpc_batch4,samples=31,inner=8,items=4,min=514974.12,median=516125.62,mean=516117.27,stddev=318.35,max=516961.88,cycles_per_item_mean=129029.32
PROFILE_SAMPLE,param=256f,config=ref,backend=ref,matvec=reference,operation=aim3_mpc_batch4_affine,sample=0,inner=8,items=4,raw_cycles=3394247
PROFILE_SAMPLE,param=256f,config=ref,backend=ref,matvec=reference,operation=aim3_mpc_batch4_affine,sample=1,inner=8,items=4,raw_cycles=3393249
PROFILE_SAMPLE,param=256f,config=ref,backend=ref,matvec=reference,operation=aim3_mpc_batch4_affine,sample=2,inner=8,items=4,raw_cycles=3379531
PROFILE_SAMPLE,param=256f,config=ref,backend=ref,matvec=reference,operation=aim3_mpc_batch4_affine,sample=3,inner=8,items=4,raw_cycles=3381824
PROFILE_SAMPLE,param=256f,config=ref,backend=ref,matvec=reference,operation=aim3_mpc_batch4_affine,sample=4,inner=8,items=4,raw_cycles=3389556
PROFILE_SAMPLE,param=256f,config=ref,backend=ref,matvec=reference,operation=aim3_mpc_batch4_affine,sample=5,inner=8,items=4,raw_cycles=3389595
PROFILE_SAMPLE,param=256f,config=ref,backend=ref,matvec=reference,operation=aim3_mpc_batch4_affine,sample=6,inner=8,items=4,raw_cycles=3389416
PROFILE_SAMPLE,param=256f,config=ref,backend=ref,matvec=reference,operation=aim3_mpc_batch4_affine,sample=7,inner=8,items=4,raw_cycles=3389070
PROFILE_SAMPLE,param=256f,config=ref,backend=ref,matvec=reference,operation=aim3_mpc_batch4_affine,sample=8,inner=8,items=4,raw_cycles=3388776
PROFILE_SAMPLE,param=256f,config=ref,backend=ref,matvec=reference,operation=aim3_mpc_batch4_affine,sample=9,inner=8,items=4,raw_cycles=3388776
PROFILE_SAMPLE,param=256f,config=ref,backend=ref,matvec=reference,operation=aim3_mpc_batch4_affine,sample=10,inner=8,items=4,raw_cycles=3388776
PROFILE_SAMPLE,param=256f,config=ref,backend=ref,matvec=reference,operation=aim3_mpc_batch4_affine,sample=11,inner=8,items=4,raw_cycles=3388776
PROFILE_SAMPLE,param=256f,config=ref,backend=ref,matvec=reference,operation=aim3_mpc_batch4_affine,sample=12,inner=8,items=4,raw_cycles=3388776
PROFILE_SAMPLE,param=256f,config=ref,backend=ref,matvec=reference,operation=aim3_mpc_batch4_affine,sample=13,inner=8,items=4,raw_cycles=3388776
PROFILE_SAMPLE,param=256f,config=ref,backend=ref,matvec=reference,operation=aim3_mpc_batch4_affine,sample=14,inner=8,items=4,raw_cycles=3388776
PROFILE_SAMPLE,param=256f,config=ref,backend=ref,matvec=reference,operation=aim3_mpc_batch4_affine,sample=15,inner=8,items=4,raw_cycles=3388776
PROFILE_SAMPLE,param=256f,config=ref,backend=ref,matvec=reference,operation=aim3_mpc_batch4_affine,sample=16,inner=8,items=4,raw_cycles=3388776
PROFILE_SAMPLE,param=256f,config=ref,backend=ref,matvec=reference,operation=aim3_mpc_batch4_affine,sample=17,inner=8,items=4,raw_cycles=3388776
PROFILE_SAMPLE,param=256f,config=ref,backend=ref,matvec=reference,operation=aim3_mpc_batch4_affine,sample=18,inner=8,items=4,raw_cycles=3388777
PROFILE_SAMPLE,param=256f,config=ref,backend=ref,matvec=reference,operation=aim3_mpc_batch4_affine,sample=19,inner=8,items=4,raw_cycles=3388776
PROFILE_SAMPLE,param=256f,config=ref,backend=ref,matvec=reference,operation=aim3_mpc_batch4_affine,sample=20,inner=8,items=4,raw_cycles=3388776
PROFILE_SAMPLE,param=256f,config=ref,backend=ref,matvec=reference,operation=aim3_mpc_batch4_affine,sample=21,inner=8,items=4,raw_cycles=3388776
PROFILE_SAMPLE,param=256f,config=ref,backend=ref,matvec=reference,operation=aim3_mpc_batch4_affine,sample=22,inner=8,items=4,raw_cycles=3388776
PROFILE_SAMPLE,param=256f,config=ref,backend=ref,matvec=reference,operation=aim3_mpc_batch4_affine,sample=23,inner=8,items=4,raw_cycles=3388776
PROFILE_SAMPLE,param=256f,config=ref,backend=ref,matvec=reference,operation=aim3_mpc_batch4_affine,sample=24,inner=8,items=4,raw_cycles=3388776
PROFILE_SAMPLE,param=256f,config=ref,backend=ref,matvec=reference,operation=aim3_mpc_batch4_affine,sample=25,inner=8,items=4,raw_cycles=3388776
PROFILE_SAMPLE,param=256f,config=ref,backend=ref,matvec=reference,operation=aim3_mpc_batch4_affine,sample=26,inner=8,items=4,raw_cycles=3388776
PROFILE_SAMPLE,param=256f,config=ref,backend=ref,matvec=reference,operation=aim3_mpc_batch4_affine,sample=27,inner=8,items=4,raw_cycles=3388776
PROFILE_SAMPLE,param=256f,config=ref,backend=ref,matvec=reference,operation=aim3_mpc_batch4_affine,sample=28,inner=8,items=4,raw_cycles=3388776
PROFILE_SAMPLE,param=256f,config=ref,backend=ref,matvec=reference,operation=aim3_mpc_batch4_affine,sample=29,inner=8,items=4,raw_cycles=3388776
PROFILE_SAMPLE,param=256f,config=ref,backend=ref,matvec=reference,operation=aim3_mpc_batch4_affine,sample=30,inner=8,items=4,raw_cycles=3388776
PROFILE_RESULT,param=256f,config=ref,backend=ref,matvec=reference,operation=aim3_mpc_batch4_affine,samples=31,inner=8,items=4,min=422441.38,median=423597.00,mean=423582.00,stddev=305.42,max=424280.88,cycles_per_item_mean=105895.50
PROFILE_SAMPLE,param=256f,config=ref,backend=ref,matvec=reference,operation=aim3_mpc_batch4_frobenius,sample=0,inner=8,items=4,raw_cycles=739891
PROFILE_SAMPLE,param=256f,config=ref,backend=ref,matvec=reference,operation=aim3_mpc_batch4_frobenius,sample=1,inner=8,items=4,raw_cycles=739172
PROFILE_SAMPLE,param=256f,config=ref,backend=ref,matvec=reference,operation=aim3_mpc_batch4_frobenius,sample=2,inner=8,items=4,raw_cycles=738944
PROFILE_SAMPLE,param=256f,config=ref,backend=ref,matvec=reference,operation=aim3_mpc_batch4_frobenius,sample=3,inner=8,items=4,raw_cycles=738944
PROFILE_SAMPLE,param=256f,config=ref,backend=ref,matvec=reference,operation=aim3_mpc_batch4_frobenius,sample=4,inner=8,items=4,raw_cycles=738944
PROFILE_SAMPLE,param=256f,config=ref,backend=ref,matvec=reference,operation=aim3_mpc_batch4_frobenius,sample=5,inner=8,items=4,raw_cycles=738912
PROFILE_SAMPLE,param=256f,config=ref,backend=ref,matvec=reference,operation=aim3_mpc_batch4_frobenius,sample=6,inner=8,items=4,raw_cycles=738912
PROFILE_SAMPLE,param=256f,config=ref,backend=ref,matvec=reference,operation=aim3_mpc_batch4_frobenius,sample=7,inner=8,items=4,raw_cycles=738912
PROFILE_SAMPLE,param=256f,config=ref,backend=ref,matvec=reference,operation=aim3_mpc_batch4_frobenius,sample=8,inner=8,items=4,raw_cycles=738912
PROFILE_SAMPLE,param=256f,config=ref,backend=ref,matvec=reference,operation=aim3_mpc_batch4_frobenius,sample=9,inner=8,items=4,raw_cycles=738912
PROFILE_SAMPLE,param=256f,config=ref,backend=ref,matvec=reference,operation=aim3_mpc_batch4_frobenius,sample=10,inner=8,items=4,raw_cycles=738912
PROFILE_SAMPLE,param=256f,config=ref,backend=ref,matvec=reference,operation=aim3_mpc_batch4_frobenius,sample=11,inner=8,items=4,raw_cycles=738912
PROFILE_SAMPLE,param=256f,config=ref,backend=ref,matvec=reference,operation=aim3_mpc_batch4_frobenius,sample=12,inner=8,items=4,raw_cycles=738912
PROFILE_SAMPLE,param=256f,config=ref,backend=ref,matvec=reference,operation=aim3_mpc_batch4_frobenius,sample=13,inner=8,items=4,raw_cycles=738912
PROFILE_SAMPLE,param=256f,config=ref,backend=ref,matvec=reference,operation=aim3_mpc_batch4_frobenius,sample=14,inner=8,items=4,raw_cycles=738912
PROFILE_SAMPLE,param=256f,config=ref,backend=ref,matvec=reference,operation=aim3_mpc_batch4_frobenius,sample=15,inner=8,items=4,raw_cycles=738912
PROFILE_SAMPLE,param=256f,config=ref,backend=ref,matvec=reference,operation=aim3_mpc_batch4_frobenius,sample=16,inner=8,items=4,raw_cycles=738912
PROFILE_SAMPLE,param=256f,config=ref,backend=ref,matvec=reference,operation=aim3_mpc_batch4_frobenius,sample=17,inner=8,items=4,raw_cycles=738912
PROFILE_SAMPLE,param=256f,config=ref,backend=ref,matvec=reference,operation=aim3_mpc_batch4_frobenius,sample=18,inner=8,items=4,raw_cycles=738911
PROFILE_SAMPLE,param=256f,config=ref,backend=ref,matvec=reference,operation=aim3_mpc_batch4_frobenius,sample=19,inner=8,items=4,raw_cycles=738912
PROFILE_SAMPLE,param=256f,config=ref,backend=ref,matvec=reference,operation=aim3_mpc_batch4_frobenius,sample=20,inner=8,items=4,raw_cycles=738912
PROFILE_SAMPLE,param=256f,config=ref,backend=ref,matvec=reference,operation=aim3_mpc_batch4_frobenius,sample=21,inner=8,items=4,raw_cycles=738912
PROFILE_SAMPLE,param=256f,config=ref,backend=ref,matvec=reference,operation=aim3_mpc_batch4_frobenius,sample=22,inner=8,items=4,raw_cycles=738912
PROFILE_SAMPLE,param=256f,config=ref,backend=ref,matvec=reference,operation=aim3_mpc_batch4_frobenius,sample=23,inner=8,items=4,raw_cycles=738912
PROFILE_SAMPLE,param=256f,config=ref,backend=ref,matvec=reference,operation=aim3_mpc_batch4_frobenius,sample=24,inner=8,items=4,raw_cycles=738912
PROFILE_SAMPLE,param=256f,config=ref,backend=ref,matvec=reference,operation=aim3_mpc_batch4_frobenius,sample=25,inner=8,items=4,raw_cycles=738912
PROFILE_SAMPLE,param=256f,config=ref,backend=ref,matvec=reference,operation=aim3_mpc_batch4_frobenius,sample=26,inner=8,items=4,raw_cycles=738912
PROFILE_SAMPLE,param=256f,config=ref,backend=ref,matvec=reference,operation=aim3_mpc_batch4_frobenius,sample=27,inner=8,items=4,raw_cycles=738912
PROFILE_SAMPLE,param=256f,config=ref,backend=ref,matvec=reference,operation=aim3_mpc_batch4_frobenius,sample=28,inner=8,items=4,raw_cycles=738912
PROFILE_SAMPLE,param=256f,config=ref,backend=ref,matvec=reference,operation=aim3_mpc_batch4_frobenius,sample=29,inner=8,items=4,raw_cycles=738912
PROFILE_SAMPLE,param=256f,config=ref,backend=ref,matvec=reference,operation=aim3_mpc_batch4_frobenius,sample=30,inner=8,items=4,raw_cycles=738912
PROFILE_RESULT,param=256f,config=ref,backend=ref,matvec=reference,operation=aim3_mpc_batch4_frobenius,samples=31,inner=8,items=4,min=92363.88,median=92364.00,mean=92369.38,stddev=22.13,max=92486.38,cycles_per_item_mean=23092.34
PROFILE_SAMPLE,param=256f,config=ref,backend=ref,matvec=reference,operation=aim3_mpc_scalar,sample=0,inner=8,items=1,raw_cycles=1031253
PROFILE_SAMPLE,param=256f,config=ref,backend=ref,matvec=reference,operation=aim3_mpc_scalar,sample=1,inner=8,items=1,raw_cycles=1030060
PROFILE_SAMPLE,param=256f,config=ref,backend=ref,matvec=reference,operation=aim3_mpc_scalar,sample=2,inner=8,items=1,raw_cycles=1030123
PROFILE_SAMPLE,param=256f,config=ref,backend=ref,matvec=reference,operation=aim3_mpc_scalar,sample=3,inner=8,items=1,raw_cycles=1030530
PROFILE_SAMPLE,param=256f,config=ref,backend=ref,matvec=reference,operation=aim3_mpc_scalar,sample=4,inner=8,items=1,raw_cycles=1030441
PROFILE_SAMPLE,param=256f,config=ref,backend=ref,matvec=reference,operation=aim3_mpc_scalar,sample=5,inner=8,items=1,raw_cycles=1030507
PROFILE_SAMPLE,param=256f,config=ref,backend=ref,matvec=reference,operation=aim3_mpc_scalar,sample=6,inner=8,items=1,raw_cycles=1030426
PROFILE_SAMPLE,param=256f,config=ref,backend=ref,matvec=reference,operation=aim3_mpc_scalar,sample=7,inner=8,items=1,raw_cycles=1030426
PROFILE_SAMPLE,param=256f,config=ref,backend=ref,matvec=reference,operation=aim3_mpc_scalar,sample=8,inner=8,items=1,raw_cycles=1032229
PROFILE_SAMPLE,param=256f,config=ref,backend=ref,matvec=reference,operation=aim3_mpc_scalar,sample=9,inner=8,items=1,raw_cycles=1032364
PROFILE_SAMPLE,param=256f,config=ref,backend=ref,matvec=reference,operation=aim3_mpc_scalar,sample=10,inner=8,items=1,raw_cycles=1032364
PROFILE_SAMPLE,param=256f,config=ref,backend=ref,matvec=reference,operation=aim3_mpc_scalar,sample=11,inner=8,items=1,raw_cycles=1032364
PROFILE_SAMPLE,param=256f,config=ref,backend=ref,matvec=reference,operation=aim3_mpc_scalar,sample=12,inner=8,items=1,raw_cycles=1032364
PROFILE_SAMPLE,param=256f,config=ref,backend=ref,matvec=reference,operation=aim3_mpc_scalar,sample=13,inner=8,items=1,raw_cycles=1032365
PROFILE_SAMPLE,param=256f,config=ref,backend=ref,matvec=reference,operation=aim3_mpc_scalar,sample=14,inner=8,items=1,raw_cycles=1032363
PROFILE_SAMPLE,param=256f,config=ref,backend=ref,matvec=reference,operation=aim3_mpc_scalar,sample=15,inner=8,items=1,raw_cycles=1032364
PROFILE_SAMPLE,param=256f,config=ref,backend=ref,matvec=reference,operation=aim3_mpc_scalar,sample=16,inner=8,items=1,raw_cycles=1032364
PROFILE_SAMPLE,param=256f,config=ref,backend=ref,matvec=reference,operation=aim3_mpc_scalar,sample=17,inner=8,items=1,raw_cycles=1032364
PROFILE_SAMPLE,param=256f,config=ref,backend=ref,matvec=reference,operation=aim3_mpc_scalar,sample=18,inner=8,items=1,raw_cycles=1032364
PROFILE_SAMPLE,param=256f,config=ref,backend=ref,matvec=reference,operation=aim3_mpc_scalar,sample=19,inner=8,items=1,raw_cycles=1032364
PROFILE_SAMPLE,param=256f,config=ref,backend=ref,matvec=reference,operation=aim3_mpc_scalar,sample=20,inner=8,items=1,raw_cycles=1032364
PROFILE_SAMPLE,param=256f,config=ref,backend=ref,matvec=reference,operation=aim3_mpc_scalar,sample=21,inner=8,items=1,raw_cycles=1032364
PROFILE_SAMPLE,param=256f,config=ref,backend=ref,matvec=reference,operation=aim3_mpc_scalar,sample=22,inner=8,items=1,raw_cycles=1032364
PROFILE_SAMPLE,param=256f,config=ref,backend=ref,matvec=reference,operation=aim3_mpc_scalar,sample=23,inner=8,items=1,raw_cycles=1032364
PROFILE_SAMPLE,param=256f,config=ref,backend=ref,matvec=reference,operation=aim3_mpc_scalar,sample=24,inner=8,items=1,raw_cycles=1032364
PROFILE_SAMPLE,param=256f,config=ref,backend=ref,matvec=reference,operation=aim3_mpc_scalar,sample=25,inner=8,items=1,raw_cycles=1032364
PROFILE_SAMPLE,param=256f,config=ref,backend=ref,matvec=reference,operation=aim3_mpc_scalar,sample=26,inner=8,items=1,raw_cycles=1032364
PROFILE_SAMPLE,param=256f,config=ref,backend=ref,matvec=reference,operation=aim3_mpc_scalar,sample=27,inner=8,items=1,raw_cycles=1032364
PROFILE_SAMPLE,param=256f,config=ref,backend=ref,matvec=reference,operation=aim3_mpc_scalar,sample=28,inner=8,items=1,raw_cycles=1032364
PROFILE_SAMPLE,param=256f,config=ref,backend=ref,matvec=reference,operation=aim3_mpc_scalar,sample=29,inner=8,items=1,raw_cycles=1032364
PROFILE_SAMPLE,param=256f,config=ref,backend=ref,matvec=reference,operation=aim3_mpc_scalar,sample=30,inner=8,items=1,raw_cycles=1032364
PROFILE_RESULT,param=256f,config=ref,backend=ref,matvec=reference,operation=aim3_mpc_scalar,samples=31,inner=8,items=1,min=128757.50,median=129045.50,mean=128983.88,stddev=105.48,max=129045.62,cycles_per_item_mean=128983.88
PROFILE_PASS,param=256f,config=ref,backend=ref,matvec=reference,checksum=38f0405d29053074
TEST_EXIT=0
