ABLATION_CONTEXT,result_dir=/Users/seungwon/AIMer3_on_AVX512/AIMer_v3/m55/benchmarks/results/matvec-ablation-20260903-182926,command=make PARAM=256f BACKEND=mve MATVEC=reference TEST=profile MEMORY=full SIGN_SCHEDULE=lowmem PROFILE_SAMPLES=31 PROFILE_KERNEL_INNER=64 PROFILE_COMPLEX_INNER=8 run-board
/Users/seungwon/test/.tools/xpack-arm-none-eabi-gcc-15.2.1-1.1/bin/arm-none-eabi-gcc -DAIMER_MVE_BATCH -DAIMER_M55_REFERENCE_MATVEC -DAIMER_PHASE_PROFILE -DPARAMS=256f -DAIMER_BACKEND=mve -DAIMER_MATVEC=reference -DAIMER_CONFIG=mve_refmat -DBENCH_KERNEL_SAMPLES=31 -DBENCH_E2E_SAMPLES=7 -DBENCH_KERNEL_INNER=64 -DBENCH_WARMUP=1 -DPROFILE_SAMPLES=31 -DPROFILE_KERNEL_INNER=64 -DPROFILE_COMPLEX_INNER=8 -DUSE_HAL_DRIVER -DSTM32N657xx -Iinclude -I../src/sig/aimer/reference/aimer-256f -I../src -I/Users/seungwon/STM32CubeN6/Projects/NUCLEO-N657X0-Q/Templates/Template/FSBL/Inc -I/Users/seungwon/STM32CubeN6/Drivers/CMSIS/Include -I/Users/seungwon/STM32CubeN6/Drivers/CMSIS/Device/ST/STM32N6xx/Include -I/Users/seungwon/STM32CubeN6/Drivers/STM32N6xx_HAL_Driver/Inc -I/Users/seungwon/STM32CubeN6/Drivers/STM32N6xx_HAL_Driver/Inc/Legacy -O3 -std=c11 -fno-common -ffunction-sections -fdata-sections -fno-tree-vectorize -fno-tree-slp-vectorize -MMD -MP --specs=nosys.specs -Wall -Wextra -Wshadow -Wconversion -Wstrict-prototypes -mcpu=cortex-m55 -mthumb -mfloat-abi=hard -mcmse -c benchmarks/profile.c -o build/full/256f/mve-refmat/profile/profile.c.o
/Users/seungwon/test/.tools/xpack-arm-none-eabi-gcc-15.2.1-1.1/bin/arm-none-eabi-gcc -DAIMER_MVE_BATCH -DAIMER_M55_REFERENCE_MATVEC -DAIMER_PHASE_PROFILE -DPARAMS=256f -DAIMER_BACKEND=mve -DAIMER_MATVEC=reference -DAIMER_CONFIG=mve_refmat -DBENCH_KERNEL_SAMPLES=31 -DBENCH_E2E_SAMPLES=7 -DBENCH_KERNEL_INNER=64 -DBENCH_WARMUP=1 -DPROFILE_SAMPLES=31 -DPROFILE_KERNEL_INNER=64 -DPROFILE_COMPLEX_INNER=8 -DUSE_HAL_DRIVER -DSTM32N657xx -Iinclude -I../src/sig/aimer/reference/aimer-256f -I../src -I/Users/seungwon/STM32CubeN6/Projects/NUCLEO-N657X0-Q/Templates/Template/FSBL/Inc -I/Users/seungwon/STM32CubeN6/Drivers/CMSIS/Include -I/Users/seungwon/STM32CubeN6/Drivers/CMSIS/Device/ST/STM32N6xx/Include -I/Users/seungwon/STM32CubeN6/Drivers/STM32N6xx_HAL_Driver/Inc -I/Users/seungwon/STM32CubeN6/Drivers/STM32N6xx_HAL_Driver/Inc/Legacy -O3 -std=c11 -fno-common -ffunction-sections -fdata-sections -fno-tree-vectorize -fno-tree-slp-vectorize -MMD -MP --specs=nosys.specs -Wall -Wextra -Wshadow -Wconversion -Wstrict-prototypes -mcpu=cortex-m55 -mthumb -mfloat-abi=hard -mcmse -c src/mve/field_batch.c -o build/full/256f/mve-refmat/profile/field_batch.c.o
/Users/seungwon/test/.tools/xpack-arm-none-eabi-gcc-15.2.1-1.1/bin/arm-none-eabi-gcc -DAIMER_MVE_BATCH -DAIMER_M55_REFERENCE_MATVEC -DAIMER_PHASE_PROFILE -DPARAMS=256f -DAIMER_BACKEND=mve -DAIMER_MATVEC=reference -DAIMER_CONFIG=mve_refmat -DBENCH_KERNEL_SAMPLES=31 -DBENCH_E2E_SAMPLES=7 -DBENCH_KERNEL_INNER=64 -DBENCH_WARMUP=1 -DPROFILE_SAMPLES=31 -DPROFILE_KERNEL_INNER=64 -DPROFILE_COMPLEX_INNER=8 -DUSE_HAL_DRIVER -DSTM32N657xx -Iinclude -I../src/sig/aimer/reference/aimer-256f -I../src -I/Users/seungwon/STM32CubeN6/Projects/NUCLEO-N657X0-Q/Templates/Template/FSBL/Inc -I/Users/seungwon/STM32CubeN6/Drivers/CMSIS/Include -I/Users/seungwon/STM32CubeN6/Drivers/CMSIS/Device/ST/STM32N6xx/Include -I/Users/seungwon/STM32CubeN6/Drivers/STM32N6xx_HAL_Driver/Inc -I/Users/seungwon/STM32CubeN6/Drivers/STM32N6xx_HAL_Driver/Inc/Legacy -O3 -std=c11 -fno-common -ffunction-sections -fdata-sections -fno-tree-vectorize -fno-tree-slp-vectorize -MMD -MP --specs=nosys.specs -Wall -Wextra -Wshadow -Wconversion -Wstrict-prototypes -mcpu=cortex-m55 -mthumb -mfloat-abi=hard -mcmse -c src/mve/mpc_batch.c -o build/full/256f/mve-refmat/profile/mpc_batch.c.o
/Users/seungwon/test/.tools/xpack-arm-none-eabi-gcc-15.2.1-1.1/bin/arm-none-eabi-gcc -DAIMER_MVE_BATCH -DAIMER_M55_REFERENCE_MATVEC -DAIMER_PHASE_PROFILE -DPARAMS=256f -DAIMER_BACKEND=mve -DAIMER_MATVEC=reference -DAIMER_CONFIG=mve_refmat -DBENCH_KERNEL_SAMPLES=31 -DBENCH_E2E_SAMPLES=7 -DBENCH_KERNEL_INNER=64 -DBENCH_WARMUP=1 -DPROFILE_SAMPLES=31 -DPROFILE_KERNEL_INNER=64 -DPROFILE_COMPLEX_INNER=8 -DUSE_HAL_DRIVER -DSTM32N657xx -Iinclude -I../src/sig/aimer/reference/aimer-256f -I../src -I/Users/seungwon/STM32CubeN6/Projects/NUCLEO-N657X0-Q/Templates/Template/FSBL/Inc -I/Users/seungwon/STM32CubeN6/Drivers/CMSIS/Include -I/Users/seungwon/STM32CubeN6/Drivers/CMSIS/Device/ST/STM32N6xx/Include -I/Users/seungwon/STM32CubeN6/Drivers/STM32N6xx_HAL_Driver/Inc -I/Users/seungwon/STM32CubeN6/Drivers/STM32N6xx_HAL_Driver/Inc/Legacy -O3 -std=c11 -fno-common -ffunction-sections -fdata-sections -fno-tree-vectorize -fno-tree-slp-vectorize -MMD -MP --specs=nosys.specs -Wall -Wextra -Wshadow -Wconversion -Wstrict-prototypes -mcpu=cortex-m55 -mthumb -mfloat-abi=hard -mcmse -c ../src/sig/aimer/reference/aimer-256f/aim3.c -o build/full/256f/mve-refmat/profile/aim3.c.o
/Users/seungwon/test/.tools/xpack-arm-none-eabi-gcc-15.2.1-1.1/bin/arm-none-eabi-gcc -DAIMER_MVE_BATCH -DAIMER_M55_REFERENCE_MATVEC -DAIMER_PHASE_PROFILE -DPARAMS=256f -DAIMER_BACKEND=mve -DAIMER_MATVEC=reference -DAIMER_CONFIG=mve_refmat -DBENCH_KERNEL_SAMPLES=31 -DBENCH_E2E_SAMPLES=7 -DBENCH_KERNEL_INNER=64 -DBENCH_WARMUP=1 -DPROFILE_SAMPLES=31 -DPROFILE_KERNEL_INNER=64 -DPROFILE_COMPLEX_INNER=8 -DUSE_HAL_DRIVER -DSTM32N657xx -Iinclude -I../src/sig/aimer/reference/aimer-256f -I../src -I/Users/seungwon/STM32CubeN6/Projects/NUCLEO-N657X0-Q/Templates/Template/FSBL/Inc -I/Users/seungwon/STM32CubeN6/Drivers/CMSIS/Include -I/Users/seungwon/STM32CubeN6/Drivers/CMSIS/Device/ST/STM32N6xx/Include -I/Users/seungwon/STM32CubeN6/Drivers/STM32N6xx_HAL_Driver/Inc -I/Users/seungwon/STM32CubeN6/Drivers/STM32N6xx_HAL_Driver/Inc/Legacy -O3 -std=c11 -fno-common -ffunction-sections -fdata-sections -fno-tree-vectorize -fno-tree-slp-vectorize -MMD -MP --specs=nosys.specs -Wall -Wextra -Wshadow -Wconversion -Wstrict-prototypes -mcpu=cortex-m55 -mthumb -mfloat-abi=hard -mcmse -c ../src/sig/aimer/reference/aimer-256f/hash.c -o build/full/256f/mve-refmat/profile/hash.c.o
/Users/seungwon/test/.tools/xpack-arm-none-eabi-gcc-15.2.1-1.1/bin/arm-none-eabi-gcc -DAIMER_MVE_BATCH -DAIMER_M55_REFERENCE_MATVEC -DAIMER_PHASE_PROFILE -DPARAMS=256f -DAIMER_BACKEND=mve -DAIMER_MATVEC=reference -DAIMER_CONFIG=mve_refmat -DBENCH_KERNEL_SAMPLES=31 -DBENCH_E2E_SAMPLES=7 -DBENCH_KERNEL_INNER=64 -DBENCH_WARMUP=1 -DPROFILE_SAMPLES=31 -DPROFILE_KERNEL_INNER=64 -DPROFILE_COMPLEX_INNER=8 -DUSE_HAL_DRIVER -DSTM32N657xx -Iinclude -I../src/sig/aimer/reference/aimer-256f -I../src -I/Users/seungwon/STM32CubeN6/Projects/NUCLEO-N657X0-Q/Templates/Template/FSBL/Inc -I/Users/seungwon/STM32CubeN6/Drivers/CMSIS/Include -I/Users/seungwon/STM32CubeN6/Drivers/CMSIS/Device/ST/STM32N6xx/Include -I/Users/seungwon/STM32CubeN6/Drivers/STM32N6xx_HAL_Driver/Inc -I/Users/seungwon/STM32CubeN6/Drivers/STM32N6xx_HAL_Driver/Inc/Legacy -O3 -std=c11 -fno-common -ffunction-sections -fdata-sections -fno-tree-vectorize -fno-tree-slp-vectorize -MMD -MP --specs=nosys.specs -Wall -Wextra -Wshadow -Wconversion -Wstrict-prototypes -mcpu=cortex-m55 -mthumb -mfloat-abi=hard -mcmse -c ../src/sig/aimer/reference/aimer-256f/field_common.c -o build/full/256f/mve-refmat/profile/field_common.c.o
../src/sig/aimer/reference/aimer-256f/field_common.c: In function 'samsungsds_aimer_256f_ref_gf_from_bytes':
../src/sig/aimer/reference/aimer-256f/field_common.c:28:31: warning: conversion to 'size_t' {aka 'unsigned int'} from 'int' may change the sign of the result [-Wsign-conversion]
   28 |       u = (u << 8) | in[8 * i + j];
      |                               ^
/Users/seungwon/test/.tools/xpack-arm-none-eabi-gcc-15.2.1-1.1/bin/arm-none-eabi-gcc -DAIMER_MVE_BATCH -DAIMER_M55_REFERENCE_MATVEC -DAIMER_PHASE_PROFILE -DPARAMS=256f -DAIMER_BACKEND=mve -DAIMER_MATVEC=reference -DAIMER_CONFIG=mve_refmat -DBENCH_KERNEL_SAMPLES=31 -DBENCH_E2E_SAMPLES=7 -DBENCH_KERNEL_INNER=64 -DBENCH_WARMUP=1 -DPROFILE_SAMPLES=31 -DPROFILE_KERNEL_INNER=64 -DPROFILE_COMPLEX_INNER=8 -DUSE_HAL_DRIVER -DSTM32N657xx -Iinclude -I../src/sig/aimer/reference/aimer-256f -I../src -I/Users/seungwon/STM32CubeN6/Projects/NUCLEO-N657X0-Q/Templates/Template/FSBL/Inc -I/Users/seungwon/STM32CubeN6/Drivers/CMSIS/Include -I/Users/seungwon/STM32CubeN6/Drivers/CMSIS/Device/ST/STM32N6xx/Include -I/Users/seungwon/STM32CubeN6/Drivers/STM32N6xx_HAL_Driver/Inc -I/Users/seungwon/STM32CubeN6/Drivers/STM32N6xx_HAL_Driver/Inc/Legacy -O3 -std=c11 -fno-common -ffunction-sections -fdata-sections -fno-tree-vectorize -fno-tree-slp-vectorize -MMD -MP --specs=nosys.specs -Wall -Wextra -Wshadow -Wconversion -Wstrict-prototypes -mcpu=cortex-m55 -mthumb -mfloat-abi=hard -mcmse -c src/mve/field_mve.c -o build/full/256f/mve-refmat/profile/field_mve.c.o
/Users/seungwon/test/.tools/xpack-arm-none-eabi-gcc-15.2.1-1.1/bin/arm-none-eabi-gcc -DAIMER_MVE_BATCH -DAIMER_M55_REFERENCE_MATVEC -DAIMER_PHASE_PROFILE -DPARAMS=256f -DAIMER_BACKEND=mve -DAIMER_MATVEC=reference -DAIMER_CONFIG=mve_refmat -DBENCH_KERNEL_SAMPLES=31 -DBENCH_E2E_SAMPLES=7 -DBENCH_KERNEL_INNER=64 -DBENCH_WARMUP=1 -DPROFILE_SAMPLES=31 -DPROFILE_KERNEL_INNER=64 -DPROFILE_COMPLEX_INNER=8 -DUSE_HAL_DRIVER -DSTM32N657xx -Iinclude -I../src/sig/aimer/reference/aimer-256f -I../src -I/Users/seungwon/STM32CubeN6/Projects/NUCLEO-N657X0-Q/Templates/Template/FSBL/Inc -I/Users/seungwon/STM32CubeN6/Drivers/CMSIS/Include -I/Users/seungwon/STM32CubeN6/Drivers/CMSIS/Device/ST/STM32N6xx/Include -I/Users/seungwon/STM32CubeN6/Drivers/STM32N6xx_HAL_Driver/Inc -I/Users/seungwon/STM32CubeN6/Drivers/STM32N6xx_HAL_Driver/Inc/Legacy -O3 -std=c11 -fno-common -ffunction-sections -fdata-sections -fno-tree-vectorize -fno-tree-slp-vectorize -MMD -MP --specs=nosys.specs -Wall -Wextra -Wshadow -Wconversion -Wstrict-prototypes -mcpu=cortex-m55 -mthumb -mfloat-abi=hard -mcmse -c src/ref/matvec_reference.c -o build/full/256f/mve-refmat/profile/matvec_reference.c.o
/Users/seungwon/test/.tools/xpack-arm-none-eabi-gcc-15.2.1-1.1/bin/arm-none-eabi-gcc -DAIMER_MVE_BATCH -DAIMER_M55_REFERENCE_MATVEC -DAIMER_PHASE_PROFILE -DPARAMS=256f -DAIMER_BACKEND=mve -DAIMER_MATVEC=reference -DAIMER_CONFIG=mve_refmat -DBENCH_KERNEL_SAMPLES=31 -DBENCH_E2E_SAMPLES=7 -DBENCH_KERNEL_INNER=64 -DBENCH_WARMUP=1 -DPROFILE_SAMPLES=31 -DPROFILE_KERNEL_INNER=64 -DPROFILE_COMPLEX_INNER=8 -DUSE_HAL_DRIVER -DSTM32N657xx -Iinclude -I../src/sig/aimer/reference/aimer-256f -I../src -I/Users/seungwon/STM32CubeN6/Projects/NUCLEO-N657X0-Q/Templates/Template/FSBL/Inc -I/Users/seungwon/STM32CubeN6/Drivers/CMSIS/Include -I/Users/seungwon/STM32CubeN6/Drivers/CMSIS/Device/ST/STM32N6xx/Include -I/Users/seungwon/STM32CubeN6/Drivers/STM32N6xx_HAL_Driver/Inc -I/Users/seungwon/STM32CubeN6/Drivers/STM32N6xx_HAL_Driver/Inc/Legacy -O3 -std=c11 -fno-common -ffunction-sections -fdata-sections -fno-tree-vectorize -fno-tree-slp-vectorize -MMD -MP --specs=nosys.specs -Wall -Wextra -Wshadow -Wconversion -Wstrict-prototypes -mcpu=cortex-m55 -mthumb -mfloat-abi=hard -mcmse -c ../src/common/fips202.c -o build/full/256f/mve-refmat/profile/fips202.c.o
/Users/seungwon/test/.tools/xpack-arm-none-eabi-gcc-15.2.1-1.1/bin/arm-none-eabi-gcc -DAIMER_MVE_BATCH -DAIMER_M55_REFERENCE_MATVEC -DAIMER_PHASE_PROFILE -DPARAMS=256f -DAIMER_BACKEND=mve -DAIMER_MATVEC=reference -DAIMER_CONFIG=mve_refmat -DBENCH_KERNEL_SAMPLES=31 -DBENCH_E2E_SAMPLES=7 -DBENCH_KERNEL_INNER=64 -DBENCH_WARMUP=1 -DPROFILE_SAMPLES=31 -DPROFILE_KERNEL_INNER=64 -DPROFILE_COMPLEX_INNER=8 -DUSE_HAL_DRIVER -DSTM32N657xx -Iinclude -I../src/sig/aimer/reference/aimer-256f -I../src -I/Users/seungwon/STM32CubeN6/Projects/NUCLEO-N657X0-Q/Templates/Template/FSBL/Inc -I/Users/seungwon/STM32CubeN6/Drivers/CMSIS/Include -I/Users/seungwon/STM32CubeN6/Drivers/CMSIS/Device/ST/STM32N6xx/Include -I/Users/seungwon/STM32CubeN6/Drivers/STM32N6xx_HAL_Driver/Inc -I/Users/seungwon/STM32CubeN6/Drivers/STM32N6xx_HAL_Driver/Inc/Legacy -O3 -std=c11 -fno-common -ffunction-sections -fdata-sections -fno-tree-vectorize -fno-tree-slp-vectorize -MMD -MP --specs=nosys.specs -Wall -Wextra -Wshadow -Wconversion -Wstrict-prototypes -mcpu=cortex-m55 -mthumb -mfloat-abi=hard -mcmse -c toolchain/board/nucleo-n657x0-q/platform.c -o build/full/256f/mve-refmat/profile/platform.c.o
In file included from /Users/seungwon/STM32CubeN6/Drivers/CMSIS/Include/core_cm55.h:4605,
                 from /Users/seungwon/STM32CubeN6/Drivers/CMSIS/Device/ST/STM32N6xx/Include/stm32n657xx.h:281,
                 from /Users/seungwon/STM32CubeN6/Drivers/CMSIS/Device/ST/STM32N6xx/Include/stm32n6xx.h:87,
                 from /Users/seungwon/STM32CubeN6/Drivers/STM32N6xx_HAL_Driver/Inc/stm32n6xx_hal_def.h:33,
                 from /Users/seungwon/STM32CubeN6/Drivers/STM32N6xx_HAL_Driver/Inc/stm32n6xx_hal_rcc.h:28,
                 from /Users/seungwon/STM32CubeN6/Projects/NUCLEO-N657X0-Q/Templates/Template/FSBL/Inc/stm32n6xx_hal_conf.h:253,
                 from /Users/seungwon/STM32CubeN6/Drivers/STM32N6xx_HAL_Driver/Inc/stm32n6xx_hal.h:29,
                 from toolchain/board/nucleo-n657x0-q/platform.c:5:
/Users/seungwon/STM32CubeN6/Drivers/CMSIS/Include/m-profile/armv7m_cachel1.h: In function 'SCB_InvalidateICache_by_Addr':
/Users/seungwon/STM32CubeN6/Drivers/CMSIS/Include/m-profile/armv7m_cachel1.h:117:32: warning: conversion to 'long unsigned int' from 'int32_t' {aka 'long int'} may change the sign of the result [-Wsign-conversion]
  117 |        int32_t op_size = isize + (((uint32_t)addr) & (__SCB_ICACHE_LINE_SIZE - 1U));
      |                                ^
/Users/seungwon/STM32CubeN6/Drivers/CMSIS/Include/m-profile/armv7m_cachel1.h:117:26: warning: conversion to 'int32_t' {aka 'long int'} from 'long unsigned int' may change the sign of the result [-Wsign-conversion]
  117 |        int32_t op_size = isize + (((uint32_t)addr) & (__SCB_ICACHE_LINE_SIZE - 1U));
      |                          ^~~~~
/Users/seungwon/STM32CubeN6/Drivers/CMSIS/Include/m-profile/armv7m_cachel1.h:125:17: warning: conversion to 'long unsigned int' from 'int32_t' {aka 'long int'} may change the sign of the result [-Wsign-conversion]
  125 |         op_size -= __SCB_ICACHE_LINE_SIZE;
      |                 ^~
/Users/seungwon/STM32CubeN6/Drivers/CMSIS/Include/m-profile/armv7m_cachel1.h:48:33: warning: conversion to 'int32_t' {aka 'long int'} from 'long unsigned int' may change the sign of the result [-Wsign-conversion]
   48 | #define __SCB_ICACHE_LINE_SIZE  32U /*!< Cortex-M7 cache line size is fixed to 32 bytes (8 words). See also register SCB_CCSIDR */
      |                                 ^~~
/Users/seungwon/STM32CubeN6/Drivers/CMSIS/Include/m-profile/armv7m_cachel1.h:125:20: note: in expansion of macro '__SCB_ICACHE_LINE_SIZE'
  125 |         op_size -= __SCB_ICACHE_LINE_SIZE;
      |                    ^~~~~~~~~~~~~~~~~~~~~~
/Users/seungwon/STM32CubeN6/Drivers/CMSIS/Include/m-profile/armv7m_cachel1.h: In function 'SCB_InvalidateDCache_by_Addr':
/Users/seungwon/STM32CubeN6/Drivers/CMSIS/Include/m-profile/armv7m_cachel1.h:360:32: warning: conversion to 'long unsigned int' from 'int32_t' {aka 'long int'} may change the sign of the result [-Wsign-conversion]
  360 |        int32_t op_size = dsize + (((uint32_t)addr) & (__SCB_DCACHE_LINE_SIZE - 1U));
      |                                ^
/Users/seungwon/STM32CubeN6/Drivers/CMSIS/Include/m-profile/armv7m_cachel1.h:360:26: warning: conversion to 'int32_t' {aka 'long int'} from 'long unsigned int' may change the sign of the result [-Wsign-conversion]
  360 |        int32_t op_size = dsize + (((uint32_t)addr) & (__SCB_DCACHE_LINE_SIZE - 1U));
      |                          ^~~~~
/Users/seungwon/STM32CubeN6/Drivers/CMSIS/Include/m-profile/armv7m_cachel1.h:368:17: warning: conversion to 'long unsigned int' from 'int32_t' {aka 'long int'} may change the sign of the result [-Wsign-conversion]
  368 |         op_size -= __SCB_DCACHE_LINE_SIZE;
      |                 ^~
/Users/seungwon/STM32CubeN6/Drivers/CMSIS/Include/m-profile/armv7m_cachel1.h:44:33: warning: conversion to 'int32_t' {aka 'long int'} from 'long unsigned int' may change the sign of the result [-Wsign-conversion]
   44 | #define __SCB_DCACHE_LINE_SIZE  32U /*!< Cortex-M7 cache line size is fixed to 32 bytes (8 words). See also register SCB_CCSIDR */
      |                                 ^~~
/Users/seungwon/STM32CubeN6/Drivers/CMSIS/Include/m-profile/armv7m_cachel1.h:368:20: note: in expansion of macro '__SCB_DCACHE_LINE_SIZE'
  368 |         op_size -= __SCB_DCACHE_LINE_SIZE;
      |                    ^~~~~~~~~~~~~~~~~~~~~~
/Users/seungwon/STM32CubeN6/Drivers/CMSIS/Include/m-profile/armv7m_cachel1.h: In function 'SCB_CleanDCache_by_Addr':
/Users/seungwon/STM32CubeN6/Drivers/CMSIS/Include/m-profile/armv7m_cachel1.h:390:32: warning: conversion to 'long unsigned int' from 'int32_t' {aka 'long int'} may change the sign of the result [-Wsign-conversion]
  390 |        int32_t op_size = dsize + (((uint32_t)addr) & (__SCB_DCACHE_LINE_SIZE - 1U));
      |                                ^
/Users/seungwon/STM32CubeN6/Drivers/CMSIS/Include/m-profile/armv7m_cachel1.h:390:26: warning: conversion to 'int32_t' {aka 'long int'} from 'long unsigned int' may change the sign of the result [-Wsign-conversion]
  390 |        int32_t op_size = dsize + (((uint32_t)addr) & (__SCB_DCACHE_LINE_SIZE - 1U));
      |                          ^~~~~
/Users/seungwon/STM32CubeN6/Drivers/CMSIS/Include/m-profile/armv7m_cachel1.h:398:17: warning: conversion to 'long unsigned int' from 'int32_t' {aka 'long int'} may change the sign of the result [-Wsign-conversion]
  398 |         op_size -= __SCB_DCACHE_LINE_SIZE;
      |                 ^~
/Users/seungwon/STM32CubeN6/Drivers/CMSIS/Include/m-profile/armv7m_cachel1.h:44:33: warning: conversion to 'int32_t' {aka 'long int'} from 'long unsigned int' may change the sign of the result [-Wsign-conversion]
   44 | #define __SCB_DCACHE_LINE_SIZE  32U /*!< Cortex-M7 cache line size is fixed to 32 bytes (8 words). See also register SCB_CCSIDR */
      |                                 ^~~
/Users/seungwon/STM32CubeN6/Drivers/CMSIS/Include/m-profile/armv7m_cachel1.h:398:20: note: in expansion of macro '__SCB_DCACHE_LINE_SIZE'
  398 |         op_size -= __SCB_DCACHE_LINE_SIZE;
      |                    ^~~~~~~~~~~~~~~~~~~~~~
/Users/seungwon/STM32CubeN6/Drivers/CMSIS/Include/m-profile/armv7m_cachel1.h: In function 'SCB_CleanInvalidateDCache_by_Addr':
/Users/seungwon/STM32CubeN6/Drivers/CMSIS/Include/m-profile/armv7m_cachel1.h:420:32: warning: conversion to 'long unsigned int' from 'int32_t' {aka 'long int'} may change the sign of the result [-Wsign-conversion]
  420 |        int32_t op_size = dsize + (((uint32_t)addr) & (__SCB_DCACHE_LINE_SIZE - 1U));
      |                                ^
/Users/seungwon/STM32CubeN6/Drivers/CMSIS/Include/m-profile/armv7m_cachel1.h:420:26: warning: conversion to 'int32_t' {aka 'long int'} from 'long unsigned int' may change the sign of the result [-Wsign-conversion]
  420 |        int32_t op_size = dsize + (((uint32_t)addr) & (__SCB_DCACHE_LINE_SIZE - 1U));
      |                          ^~~~~
/Users/seungwon/STM32CubeN6/Drivers/CMSIS/Include/m-profile/armv7m_cachel1.h:428:17: warning: conversion to 'long unsigned int' from 'int32_t' {aka 'long int'} may change the sign of the result [-Wsign-conversion]
  428 |         op_size -=          __SCB_DCACHE_LINE_SIZE;
      |                 ^~
/Users/seungwon/STM32CubeN6/Drivers/CMSIS/Include/m-profile/armv7m_cachel1.h:44:33: warning: conversion to 'int32_t' {aka 'long int'} from 'long unsigned int' may change the sign of the result [-Wsign-conversion]
   44 | #define __SCB_DCACHE_LINE_SIZE  32U /*!< Cortex-M7 cache line size is fixed to 32 bytes (8 words). See also register SCB_CCSIDR */
      |                                 ^~~
/Users/seungwon/STM32CubeN6/Drivers/CMSIS/Include/m-profile/armv7m_cachel1.h:428:29: note: in expansion of macro '__SCB_DCACHE_LINE_SIZE'
  428 |         op_size -=          __SCB_DCACHE_LINE_SIZE;
      |                             ^~~~~~~~~~~~~~~~~~~~~~
/Users/seungwon/test/.tools/xpack-arm-none-eabi-gcc-15.2.1-1.1/bin/arm-none-eabi-gcc -DAIMER_MVE_BATCH -DAIMER_M55_REFERENCE_MATVEC -DAIMER_PHASE_PROFILE -DPARAMS=256f -DAIMER_BACKEND=mve -DAIMER_MATVEC=reference -DAIMER_CONFIG=mve_refmat -DBENCH_KERNEL_SAMPLES=31 -DBENCH_E2E_SAMPLES=7 -DBENCH_KERNEL_INNER=64 -DBENCH_WARMUP=1 -DPROFILE_SAMPLES=31 -DPROFILE_KERNEL_INNER=64 -DPROFILE_COMPLEX_INNER=8 -DUSE_HAL_DRIVER -DSTM32N657xx -Iinclude -I../src/sig/aimer/reference/aimer-256f -I../src -I/Users/seungwon/STM32CubeN6/Projects/NUCLEO-N657X0-Q/Templates/Template/FSBL/Inc -I/Users/seungwon/STM32CubeN6/Drivers/CMSIS/Include -I/Users/seungwon/STM32CubeN6/Drivers/CMSIS/Device/ST/STM32N6xx/Include -I/Users/seungwon/STM32CubeN6/Drivers/STM32N6xx_HAL_Driver/Inc -I/Users/seungwon/STM32CubeN6/Drivers/STM32N6xx_HAL_Driver/Inc/Legacy -O3 -std=c11 -fno-common -ffunction-sections -fdata-sections -fno-tree-vectorize -fno-tree-slp-vectorize -MMD -MP --specs=nosys.specs -Wall -Wextra -Wshadow -Wconversion -Wstrict-prototypes -mcpu=cortex-m55 -mthumb -mfloat-abi=hard -mcmse -c /Users/seungwon/STM32CubeN6/Projects/NUCLEO-N657X0-Q/Templates/Template/FSBL/Src/system_stm32n6xx_fsbl.c -o build/full/256f/mve-refmat/profile/system_stm32n6xx_fsbl.c.o
In file included from /Users/seungwon/STM32CubeN6/Drivers/CMSIS/Include/core_cm55.h:4605,
                 from /Users/seungwon/STM32CubeN6/Drivers/CMSIS/Device/ST/STM32N6xx/Include/stm32n657xx.h:281,
                 from /Users/seungwon/STM32CubeN6/Drivers/CMSIS/Device/ST/STM32N6xx/Include/stm32n6xx.h:87,
                 from /Users/seungwon/STM32CubeN6/Projects/NUCLEO-N657X0-Q/Templates/Template/FSBL/Src/system_stm32n6xx_fsbl.c:55:
/Users/seungwon/STM32CubeN6/Drivers/CMSIS/Include/m-profile/armv7m_cachel1.h: In function 'SCB_InvalidateICache_by_Addr':
/Users/seungwon/STM32CubeN6/Drivers/CMSIS/Include/m-profile/armv7m_cachel1.h:117:32: warning: conversion to 'long unsigned int' from 'int32_t' {aka 'long int'} may change the sign of the result [-Wsign-conversion]
  117 |        int32_t op_size = isize + (((uint32_t)addr) & (__SCB_ICACHE_LINE_SIZE - 1U));
      |                                ^
/Users/seungwon/STM32CubeN6/Drivers/CMSIS/Include/m-profile/armv7m_cachel1.h:117:26: warning: conversion to 'int32_t' {aka 'long int'} from 'long unsigned int' may change the sign of the result [-Wsign-conversion]
  117 |        int32_t op_size = isize + (((uint32_t)addr) & (__SCB_ICACHE_LINE_SIZE - 1U));
      |                          ^~~~~
/Users/seungwon/STM32CubeN6/Drivers/CMSIS/Include/m-profile/armv7m_cachel1.h:125:17: warning: conversion to 'long unsigned int' from 'int32_t' {aka 'long int'} may change the sign of the result [-Wsign-conversion]
  125 |         op_size -= __SCB_ICACHE_LINE_SIZE;
      |                 ^~
/Users/seungwon/STM32CubeN6/Drivers/CMSIS/Include/m-profile/armv7m_cachel1.h:48:33: warning: conversion to 'int32_t' {aka 'long int'} from 'long unsigned int' may change the sign of the result [-Wsign-conversion]
   48 | #define __SCB_ICACHE_LINE_SIZE  32U /*!< Cortex-M7 cache line size is fixed to 32 bytes (8 words). See also register SCB_CCSIDR */
      |                                 ^~~
/Users/seungwon/STM32CubeN6/Drivers/CMSIS/Include/m-profile/armv7m_cachel1.h:125:20: note: in expansion of macro '__SCB_ICACHE_LINE_SIZE'
  125 |         op_size -= __SCB_ICACHE_LINE_SIZE;
      |                    ^~~~~~~~~~~~~~~~~~~~~~
/Users/seungwon/STM32CubeN6/Drivers/CMSIS/Include/m-profile/armv7m_cachel1.h: In function 'SCB_InvalidateDCache_by_Addr':
/Users/seungwon/STM32CubeN6/Drivers/CMSIS/Include/m-profile/armv7m_cachel1.h:360:32: warning: conversion to 'long unsigned int' from 'int32_t' {aka 'long int'} may change the sign of the result [-Wsign-conversion]
  360 |        int32_t op_size = dsize + (((uint32_t)addr) & (__SCB_DCACHE_LINE_SIZE - 1U));
      |                                ^
/Users/seungwon/STM32CubeN6/Drivers/CMSIS/Include/m-profile/armv7m_cachel1.h:360:26: warning: conversion to 'int32_t' {aka 'long int'} from 'long unsigned int' may change the sign of the result [-Wsign-conversion]
  360 |        int32_t op_size = dsize + (((uint32_t)addr) & (__SCB_DCACHE_LINE_SIZE - 1U));
      |                          ^~~~~
/Users/seungwon/STM32CubeN6/Drivers/CMSIS/Include/m-profile/armv7m_cachel1.h:368:17: warning: conversion to 'long unsigned int' from 'int32_t' {aka 'long int'} may change the sign of the result [-Wsign-conversion]
  368 |         op_size -= __SCB_DCACHE_LINE_SIZE;
      |                 ^~
/Users/seungwon/STM32CubeN6/Drivers/CMSIS/Include/m-profile/armv7m_cachel1.h:44:33: warning: conversion to 'int32_t' {aka 'long int'} from 'long unsigned int' may change the sign of the result [-Wsign-conversion]
   44 | #define __SCB_DCACHE_LINE_SIZE  32U /*!< Cortex-M7 cache line size is fixed to 32 bytes (8 words). See also register SCB_CCSIDR */
      |                                 ^~~
/Users/seungwon/STM32CubeN6/Drivers/CMSIS/Include/m-profile/armv7m_cachel1.h:368:20: note: in expansion of macro '__SCB_DCACHE_LINE_SIZE'
  368 |         op_size -= __SCB_DCACHE_LINE_SIZE;
      |                    ^~~~~~~~~~~~~~~~~~~~~~
/Users/seungwon/STM32CubeN6/Drivers/CMSIS/Include/m-profile/armv7m_cachel1.h: In function 'SCB_CleanDCache_by_Addr':
/Users/seungwon/STM32CubeN6/Drivers/CMSIS/Include/m-profile/armv7m_cachel1.h:390:32: warning: conversion to 'long unsigned int' from 'int32_t' {aka 'long int'} may change the sign of the result [-Wsign-conversion]
  390 |        int32_t op_size = dsize + (((uint32_t)addr) & (__SCB_DCACHE_LINE_SIZE - 1U));
      |                                ^
/Users/seungwon/STM32CubeN6/Drivers/CMSIS/Include/m-profile/armv7m_cachel1.h:390:26: warning: conversion to 'int32_t' {aka 'long int'} from 'long unsigned int' may change the sign of the result [-Wsign-conversion]
  390 |        int32_t op_size = dsize + (((uint32_t)addr) & (__SCB_DCACHE_LINE_SIZE - 1U));
      |                          ^~~~~
/Users/seungwon/STM32CubeN6/Drivers/CMSIS/Include/m-profile/armv7m_cachel1.h:398:17: warning: conversion to 'long unsigned int' from 'int32_t' {aka 'long int'} may change the sign of the result [-Wsign-conversion]
  398 |         op_size -= __SCB_DCACHE_LINE_SIZE;
      |                 ^~
/Users/seungwon/STM32CubeN6/Drivers/CMSIS/Include/m-profile/armv7m_cachel1.h:44:33: warning: conversion to 'int32_t' {aka 'long int'} from 'long unsigned int' may change the sign of the result [-Wsign-conversion]
   44 | #define __SCB_DCACHE_LINE_SIZE  32U /*!< Cortex-M7 cache line size is fixed to 32 bytes (8 words). See also register SCB_CCSIDR */
      |                                 ^~~
/Users/seungwon/STM32CubeN6/Drivers/CMSIS/Include/m-profile/armv7m_cachel1.h:398:20: note: in expansion of macro '__SCB_DCACHE_LINE_SIZE'
  398 |         op_size -= __SCB_DCACHE_LINE_SIZE;
      |                    ^~~~~~~~~~~~~~~~~~~~~~
/Users/seungwon/STM32CubeN6/Drivers/CMSIS/Include/m-profile/armv7m_cachel1.h: In function 'SCB_CleanInvalidateDCache_by_Addr':
/Users/seungwon/STM32CubeN6/Drivers/CMSIS/Include/m-profile/armv7m_cachel1.h:420:32: warning: conversion to 'long unsigned int' from 'int32_t' {aka 'long int'} may change the sign of the result [-Wsign-conversion]
  420 |        int32_t op_size = dsize + (((uint32_t)addr) & (__SCB_DCACHE_LINE_SIZE - 1U));
      |                                ^
/Users/seungwon/STM32CubeN6/Drivers/CMSIS/Include/m-profile/armv7m_cachel1.h:420:26: warning: conversion to 'int32_t' {aka 'long int'} from 'long unsigned int' may change the sign of the result [-Wsign-conversion]
  420 |        int32_t op_size = dsize + (((uint32_t)addr) & (__SCB_DCACHE_LINE_SIZE - 1U));
      |                          ^~~~~
/Users/seungwon/STM32CubeN6/Drivers/CMSIS/Include/m-profile/armv7m_cachel1.h:428:17: warning: conversion to 'long unsigned int' from 'int32_t' {aka 'long int'} may change the sign of the result [-Wsign-conversion]
  428 |         op_size -=          __SCB_DCACHE_LINE_SIZE;
      |                 ^~
/Users/seungwon/STM32CubeN6/Drivers/CMSIS/Include/m-profile/armv7m_cachel1.h:44:33: warning: conversion to 'int32_t' {aka 'long int'} from 'long unsigned int' may change the sign of the result [-Wsign-conversion]
   44 | #define __SCB_DCACHE_LINE_SIZE  32U /*!< Cortex-M7 cache line size is fixed to 32 bytes (8 words). See also register SCB_CCSIDR */
      |                                 ^~~
/Users/seungwon/STM32CubeN6/Drivers/CMSIS/Include/m-profile/armv7m_cachel1.h:428:29: note: in expansion of macro '__SCB_DCACHE_LINE_SIZE'
  428 |         op_size -=          __SCB_DCACHE_LINE_SIZE;
      |                             ^~~~~~~~~~~~~~~~~~~~~~
/Users/seungwon/test/.tools/xpack-arm-none-eabi-gcc-15.2.1-1.1/bin/arm-none-eabi-gcc -DAIMER_MVE_BATCH -DAIMER_M55_REFERENCE_MATVEC -DAIMER_PHASE_PROFILE -DPARAMS=256f -DAIMER_BACKEND=mve -DAIMER_MATVEC=reference -DAIMER_CONFIG=mve_refmat -DBENCH_KERNEL_SAMPLES=31 -DBENCH_E2E_SAMPLES=7 -DBENCH_KERNEL_INNER=64 -DBENCH_WARMUP=1 -DPROFILE_SAMPLES=31 -DPROFILE_KERNEL_INNER=64 -DPROFILE_COMPLEX_INNER=8 -DUSE_HAL_DRIVER -DSTM32N657xx -Iinclude -I../src/sig/aimer/reference/aimer-256f -I../src -I/Users/seungwon/STM32CubeN6/Projects/NUCLEO-N657X0-Q/Templates/Template/FSBL/Inc -I/Users/seungwon/STM32CubeN6/Drivers/CMSIS/Include -I/Users/seungwon/STM32CubeN6/Drivers/CMSIS/Device/ST/STM32N6xx/Include -I/Users/seungwon/STM32CubeN6/Drivers/STM32N6xx_HAL_Driver/Inc -I/Users/seungwon/STM32CubeN6/Drivers/STM32N6xx_HAL_Driver/Inc/Legacy -O3 -std=c11 -fno-common -ffunction-sections -fdata-sections -fno-tree-vectorize -fno-tree-slp-vectorize -MMD -MP --specs=nosys.specs -Wall -Wextra -Wshadow -Wconversion -Wstrict-prototypes -mcpu=cortex-m55 -mthumb -mfloat-abi=hard -mcmse -c /Users/seungwon/STM32CubeN6/Drivers/STM32N6xx_HAL_Driver/Src/stm32n6xx_hal.c -o build/full/256f/mve-refmat/profile/stm32n6xx_hal.c.o
In file included from /Users/seungwon/STM32CubeN6/Drivers/CMSIS/Include/core_cm55.h:4605,
                 from /Users/seungwon/STM32CubeN6/Drivers/CMSIS/Device/ST/STM32N6xx/Include/stm32n657xx.h:281,
                 from /Users/seungwon/STM32CubeN6/Drivers/CMSIS/Device/ST/STM32N6xx/Include/stm32n6xx.h:87,
                 from /Users/seungwon/STM32CubeN6/Drivers/STM32N6xx_HAL_Driver/Inc/stm32n6xx_hal_def.h:33,
                 from /Users/seungwon/STM32CubeN6/Drivers/STM32N6xx_HAL_Driver/Inc/stm32n6xx_hal_rcc.h:28,
                 from /Users/seungwon/STM32CubeN6/Projects/NUCLEO-N657X0-Q/Templates/Template/FSBL/Inc/stm32n6xx_hal_conf.h:253,
                 from /Users/seungwon/STM32CubeN6/Drivers/STM32N6xx_HAL_Driver/Inc/stm32n6xx_hal.h:29,
                 from /Users/seungwon/STM32CubeN6/Drivers/STM32N6xx_HAL_Driver/Src/stm32n6xx_hal.c:45:
/Users/seungwon/STM32CubeN6/Drivers/CMSIS/Include/m-profile/armv7m_cachel1.h: In function 'SCB_InvalidateICache_by_Addr':
/Users/seungwon/STM32CubeN6/Drivers/CMSIS/Include/m-profile/armv7m_cachel1.h:117:32: warning: conversion to 'long unsigned int' from 'int32_t' {aka 'long int'} may change the sign of the result [-Wsign-conversion]
  117 |        int32_t op_size = isize + (((uint32_t)addr) & (__SCB_ICACHE_LINE_SIZE - 1U));
      |                                ^
/Users/seungwon/STM32CubeN6/Drivers/CMSIS/Include/m-profile/armv7m_cachel1.h:117:26: warning: conversion to 'int32_t' {aka 'long int'} from 'long unsigned int' may change the sign of the result [-Wsign-conversion]
  117 |        int32_t op_size = isize + (((uint32_t)addr) & (__SCB_ICACHE_LINE_SIZE - 1U));
      |                          ^~~~~
/Users/seungwon/STM32CubeN6/Drivers/CMSIS/Include/m-profile/armv7m_cachel1.h:125:17: warning: conversion to 'long unsigned int' from 'int32_t' {aka 'long int'} may change the sign of the result [-Wsign-conversion]
  125 |         op_size -= __SCB_ICACHE_LINE_SIZE;
      |                 ^~
/Users/seungwon/STM32CubeN6/Drivers/CMSIS/Include/m-profile/armv7m_cachel1.h:48:33: warning: conversion to 'int32_t' {aka 'long int'} from 'long unsigned int' may change the sign of the result [-Wsign-conversion]
   48 | #define __SCB_ICACHE_LINE_SIZE  32U /*!< Cortex-M7 cache line size is fixed to 32 bytes (8 words). See also register SCB_CCSIDR */
      |                                 ^~~
/Users/seungwon/STM32CubeN6/Drivers/CMSIS/Include/m-profile/armv7m_cachel1.h:125:20: note: in expansion of macro '__SCB_ICACHE_LINE_SIZE'
  125 |         op_size -= __SCB_ICACHE_LINE_SIZE;
      |                    ^~~~~~~~~~~~~~~~~~~~~~
/Users/seungwon/STM32CubeN6/Drivers/CMSIS/Include/m-profile/armv7m_cachel1.h: In function 'SCB_InvalidateDCache_by_Addr':
/Users/seungwon/STM32CubeN6/Drivers/CMSIS/Include/m-profile/armv7m_cachel1.h:360:32: warning: conversion to 'long unsigned int' from 'int32_t' {aka 'long int'} may change the sign of the result [-Wsign-conversion]
  360 |        int32_t op_size = dsize + (((uint32_t)addr) & (__SCB_DCACHE_LINE_SIZE - 1U));
      |                                ^
/Users/seungwon/STM32CubeN6/Drivers/CMSIS/Include/m-profile/armv7m_cachel1.h:360:26: warning: conversion to 'int32_t' {aka 'long int'} from 'long unsigned int' may change the sign of the result [-Wsign-conversion]
  360 |        int32_t op_size = dsize + (((uint32_t)addr) & (__SCB_DCACHE_LINE_SIZE - 1U));
      |                          ^~~~~
/Users/seungwon/STM32CubeN6/Drivers/CMSIS/Include/m-profile/armv7m_cachel1.h:368:17: warning: conversion to 'long unsigned int' from 'int32_t' {aka 'long int'} may change the sign of the result [-Wsign-conversion]
  368 |         op_size -= __SCB_DCACHE_LINE_SIZE;
      |                 ^~
/Users/seungwon/STM32CubeN6/Drivers/CMSIS/Include/m-profile/armv7m_cachel1.h:44:33: warning: conversion to 'int32_t' {aka 'long int'} from 'long unsigned int' may change the sign of the result [-Wsign-conversion]
   44 | #define __SCB_DCACHE_LINE_SIZE  32U /*!< Cortex-M7 cache line size is fixed to 32 bytes (8 words). See also register SCB_CCSIDR */
      |                                 ^~~
/Users/seungwon/STM32CubeN6/Drivers/CMSIS/Include/m-profile/armv7m_cachel1.h:368:20: note: in expansion of macro '__SCB_DCACHE_LINE_SIZE'
  368 |         op_size -= __SCB_DCACHE_LINE_SIZE;
      |                    ^~~~~~~~~~~~~~~~~~~~~~
/Users/seungwon/STM32CubeN6/Drivers/CMSIS/Include/m-profile/armv7m_cachel1.h: In function 'SCB_CleanDCache_by_Addr':
/Users/seungwon/STM32CubeN6/Drivers/CMSIS/Include/m-profile/armv7m_cachel1.h:390:32: warning: conversion to 'long unsigned int' from 'int32_t' {aka 'long int'} may change the sign of the result [-Wsign-conversion]
  390 |        int32_t op_size = dsize + (((uint32_t)addr) & (__SCB_DCACHE_LINE_SIZE - 1U));
      |                                ^
/Users/seungwon/STM32CubeN6/Drivers/CMSIS/Include/m-profile/armv7m_cachel1.h:390:26: warning: conversion to 'int32_t' {aka 'long int'} from 'long unsigned int' may change the sign of the result [-Wsign-conversion]
  390 |        int32_t op_size = dsize + (((uint32_t)addr) & (__SCB_DCACHE_LINE_SIZE - 1U));
      |                          ^~~~~
/Users/seungwon/STM32CubeN6/Drivers/CMSIS/Include/m-profile/armv7m_cachel1.h:398:17: warning: conversion to 'long unsigned int' from 'int32_t' {aka 'long int'} may change the sign of the result [-Wsign-conversion]
  398 |         op_size -= __SCB_DCACHE_LINE_SIZE;
      |                 ^~
/Users/seungwon/STM32CubeN6/Drivers/CMSIS/Include/m-profile/armv7m_cachel1.h:44:33: warning: conversion to 'int32_t' {aka 'long int'} from 'long unsigned int' may change the sign of the result [-Wsign-conversion]
   44 | #define __SCB_DCACHE_LINE_SIZE  32U /*!< Cortex-M7 cache line size is fixed to 32 bytes (8 words). See also register SCB_CCSIDR */
      |                                 ^~~
/Users/seungwon/STM32CubeN6/Drivers/CMSIS/Include/m-profile/armv7m_cachel1.h:398:20: note: in expansion of macro '__SCB_DCACHE_LINE_SIZE'
  398 |         op_size -= __SCB_DCACHE_LINE_SIZE;
      |                    ^~~~~~~~~~~~~~~~~~~~~~
/Users/seungwon/STM32CubeN6/Drivers/CMSIS/Include/m-profile/armv7m_cachel1.h: In function 'SCB_CleanInvalidateDCache_by_Addr':
/Users/seungwon/STM32CubeN6/Drivers/CMSIS/Include/m-profile/armv7m_cachel1.h:420:32: warning: conversion to 'long unsigned int' from 'int32_t' {aka 'long int'} may change the sign of the result [-Wsign-conversion]
  420 |        int32_t op_size = dsize + (((uint32_t)addr) & (__SCB_DCACHE_LINE_SIZE - 1U));
      |                                ^
/Users/seungwon/STM32CubeN6/Drivers/CMSIS/Include/m-profile/armv7m_cachel1.h:420:26: warning: conversion to 'int32_t' {aka 'long int'} from 'long unsigned int' may change the sign of the result [-Wsign-conversion]
  420 |        int32_t op_size = dsize + (((uint32_t)addr) & (__SCB_DCACHE_LINE_SIZE - 1U));
      |                          ^~~~~
/Users/seungwon/STM32CubeN6/Drivers/CMSIS/Include/m-profile/armv7m_cachel1.h:428:17: warning: conversion to 'long unsigned int' from 'int32_t' {aka 'long int'} may change the sign of the result [-Wsign-conversion]
  428 |         op_size -=          __SCB_DCACHE_LINE_SIZE;
      |                 ^~
/Users/seungwon/STM32CubeN6/Drivers/CMSIS/Include/m-profile/armv7m_cachel1.h:44:33: warning: conversion to 'int32_t' {aka 'long int'} from 'long unsigned int' may change the sign of the result [-Wsign-conversion]
   44 | #define __SCB_DCACHE_LINE_SIZE  32U /*!< Cortex-M7 cache line size is fixed to 32 bytes (8 words). See also register SCB_CCSIDR */
      |                                 ^~~
/Users/seungwon/STM32CubeN6/Drivers/CMSIS/Include/m-profile/armv7m_cachel1.h:428:29: note: in expansion of macro '__SCB_DCACHE_LINE_SIZE'
  428 |         op_size -=          __SCB_DCACHE_LINE_SIZE;
      |                             ^~~~~~~~~~~~~~~~~~~~~~
/Users/seungwon/test/.tools/xpack-arm-none-eabi-gcc-15.2.1-1.1/bin/arm-none-eabi-gcc -DAIMER_MVE_BATCH -DAIMER_M55_REFERENCE_MATVEC -DAIMER_PHASE_PROFILE -DPARAMS=256f -DAIMER_BACKEND=mve -DAIMER_MATVEC=reference -DAIMER_CONFIG=mve_refmat -DBENCH_KERNEL_SAMPLES=31 -DBENCH_E2E_SAMPLES=7 -DBENCH_KERNEL_INNER=64 -DBENCH_WARMUP=1 -DPROFILE_SAMPLES=31 -DPROFILE_KERNEL_INNER=64 -DPROFILE_COMPLEX_INNER=8 -DUSE_HAL_DRIVER -DSTM32N657xx -Iinclude -I../src/sig/aimer/reference/aimer-256f -I../src -I/Users/seungwon/STM32CubeN6/Projects/NUCLEO-N657X0-Q/Templates/Template/FSBL/Inc -I/Users/seungwon/STM32CubeN6/Drivers/CMSIS/Include -I/Users/seungwon/STM32CubeN6/Drivers/CMSIS/Device/ST/STM32N6xx/Include -I/Users/seungwon/STM32CubeN6/Drivers/STM32N6xx_HAL_Driver/Inc -I/Users/seungwon/STM32CubeN6/Drivers/STM32N6xx_HAL_Driver/Inc/Legacy -O3 -std=c11 -fno-common -ffunction-sections -fdata-sections -fno-tree-vectorize -fno-tree-slp-vectorize -MMD -MP --specs=nosys.specs -Wall -Wextra -Wshadow -Wconversion -Wstrict-prototypes -mcpu=cortex-m55 -mthumb -mfloat-abi=hard -mcmse -c /Users/seungwon/STM32CubeN6/Drivers/STM32N6xx_HAL_Driver/Src/stm32n6xx_hal_cortex.c -o build/full/256f/mve-refmat/profile/stm32n6xx_hal_cortex.c.o
In file included from /Users/seungwon/STM32CubeN6/Drivers/CMSIS/Include/core_cm55.h:4605,
                 from /Users/seungwon/STM32CubeN6/Drivers/CMSIS/Device/ST/STM32N6xx/Include/stm32n657xx.h:281,
                 from /Users/seungwon/STM32CubeN6/Drivers/CMSIS/Device/ST/STM32N6xx/Include/stm32n6xx.h:87,
                 from /Users/seungwon/STM32CubeN6/Drivers/STM32N6xx_HAL_Driver/Inc/stm32n6xx_hal_def.h:33,
                 from /Users/seungwon/STM32CubeN6/Drivers/STM32N6xx_HAL_Driver/Inc/stm32n6xx_hal_rcc.h:28,
                 from /Users/seungwon/STM32CubeN6/Projects/NUCLEO-N657X0-Q/Templates/Template/FSBL/Inc/stm32n6xx_hal_conf.h:253,
                 from /Users/seungwon/STM32CubeN6/Drivers/STM32N6xx_HAL_Driver/Inc/stm32n6xx_hal.h:29,
                 from /Users/seungwon/STM32CubeN6/Drivers/STM32N6xx_HAL_Driver/Src/stm32n6xx_hal_cortex.c:158:
/Users/seungwon/STM32CubeN6/Drivers/CMSIS/Include/m-profile/armv7m_cachel1.h: In function 'SCB_InvalidateICache_by_Addr':
/Users/seungwon/STM32CubeN6/Drivers/CMSIS/Include/m-profile/armv7m_cachel1.h:117:32: warning: conversion to 'long unsigned int' from 'int32_t' {aka 'long int'} may change the sign of the result [-Wsign-conversion]
  117 |        int32_t op_size = isize + (((uint32_t)addr) & (__SCB_ICACHE_LINE_SIZE - 1U));
      |                                ^
/Users/seungwon/STM32CubeN6/Drivers/CMSIS/Include/m-profile/armv7m_cachel1.h:117:26: warning: conversion to 'int32_t' {aka 'long int'} from 'long unsigned int' may change the sign of the result [-Wsign-conversion]
  117 |        int32_t op_size = isize + (((uint32_t)addr) & (__SCB_ICACHE_LINE_SIZE - 1U));
      |                          ^~~~~
/Users/seungwon/STM32CubeN6/Drivers/CMSIS/Include/m-profile/armv7m_cachel1.h:125:17: warning: conversion to 'long unsigned int' from 'int32_t' {aka 'long int'} may change the sign of the result [-Wsign-conversion]
  125 |         op_size -= __SCB_ICACHE_LINE_SIZE;
      |                 ^~
/Users/seungwon/STM32CubeN6/Drivers/CMSIS/Include/m-profile/armv7m_cachel1.h:48:33: warning: conversion to 'int32_t' {aka 'long int'} from 'long unsigned int' may change the sign of the result [-Wsign-conversion]
   48 | #define __SCB_ICACHE_LINE_SIZE  32U /*!< Cortex-M7 cache line size is fixed to 32 bytes (8 words). See also register SCB_CCSIDR */
      |                                 ^~~
/Users/seungwon/STM32CubeN6/Drivers/CMSIS/Include/m-profile/armv7m_cachel1.h:125:20: note: in expansion of macro '__SCB_ICACHE_LINE_SIZE'
  125 |         op_size -= __SCB_ICACHE_LINE_SIZE;
      |                    ^~~~~~~~~~~~~~~~~~~~~~
/Users/seungwon/STM32CubeN6/Drivers/CMSIS/Include/m-profile/armv7m_cachel1.h: In function 'SCB_InvalidateDCache_by_Addr':
/Users/seungwon/STM32CubeN6/Drivers/CMSIS/Include/m-profile/armv7m_cachel1.h:360:32: warning: conversion to 'long unsigned int' from 'int32_t' {aka 'long int'} may change the sign of the result [-Wsign-conversion]
  360 |        int32_t op_size = dsize + (((uint32_t)addr) & (__SCB_DCACHE_LINE_SIZE - 1U));
      |                                ^
/Users/seungwon/STM32CubeN6/Drivers/CMSIS/Include/m-profile/armv7m_cachel1.h:360:26: warning: conversion to 'int32_t' {aka 'long int'} from 'long unsigned int' may change the sign of the result [-Wsign-conversion]
  360 |        int32_t op_size = dsize + (((uint32_t)addr) & (__SCB_DCACHE_LINE_SIZE - 1U));
      |                          ^~~~~
/Users/seungwon/STM32CubeN6/Drivers/CMSIS/Include/m-profile/armv7m_cachel1.h:368:17: warning: conversion to 'long unsigned int' from 'int32_t' {aka 'long int'} may change the sign of the result [-Wsign-conversion]
  368 |         op_size -= __SCB_DCACHE_LINE_SIZE;
      |                 ^~
/Users/seungwon/STM32CubeN6/Drivers/CMSIS/Include/m-profile/armv7m_cachel1.h:44:33: warning: conversion to 'int32_t' {aka 'long int'} from 'long unsigned int' may change the sign of the result [-Wsign-conversion]
   44 | #define __SCB_DCACHE_LINE_SIZE  32U /*!< Cortex-M7 cache line size is fixed to 32 bytes (8 words). See also register SCB_CCSIDR */
      |                                 ^~~
/Users/seungwon/STM32CubeN6/Drivers/CMSIS/Include/m-profile/armv7m_cachel1.h:368:20: note: in expansion of macro '__SCB_DCACHE_LINE_SIZE'
  368 |         op_size -= __SCB_DCACHE_LINE_SIZE;
      |                    ^~~~~~~~~~~~~~~~~~~~~~
/Users/seungwon/STM32CubeN6/Drivers/CMSIS/Include/m-profile/armv7m_cachel1.h: In function 'SCB_CleanDCache_by_Addr':
/Users/seungwon/STM32CubeN6/Drivers/CMSIS/Include/m-profile/armv7m_cachel1.h:390:32: warning: conversion to 'long unsigned int' from 'int32_t' {aka 'long int'} may change the sign of the result [-Wsign-conversion]
  390 |        int32_t op_size = dsize + (((uint32_t)addr) & (__SCB_DCACHE_LINE_SIZE - 1U));
      |                                ^
/Users/seungwon/STM32CubeN6/Drivers/CMSIS/Include/m-profile/armv7m_cachel1.h:390:26: warning: conversion to 'int32_t' {aka 'long int'} from 'long unsigned int' may change the sign of the result [-Wsign-conversion]
  390 |        int32_t op_size = dsize + (((uint32_t)addr) & (__SCB_DCACHE_LINE_SIZE - 1U));
      |                          ^~~~~
/Users/seungwon/STM32CubeN6/Drivers/CMSIS/Include/m-profile/armv7m_cachel1.h:398:17: warning: conversion to 'long unsigned int' from 'int32_t' {aka 'long int'} may change the sign of the result [-Wsign-conversion]
  398 |         op_size -= __SCB_DCACHE_LINE_SIZE;
      |                 ^~
/Users/seungwon/STM32CubeN6/Drivers/CMSIS/Include/m-profile/armv7m_cachel1.h:44:33: warning: conversion to 'int32_t' {aka 'long int'} from 'long unsigned int' may change the sign of the result [-Wsign-conversion]
   44 | #define __SCB_DCACHE_LINE_SIZE  32U /*!< Cortex-M7 cache line size is fixed to 32 bytes (8 words). See also register SCB_CCSIDR */
      |                                 ^~~
/Users/seungwon/STM32CubeN6/Drivers/CMSIS/Include/m-profile/armv7m_cachel1.h:398:20: note: in expansion of macro '__SCB_DCACHE_LINE_SIZE'
  398 |         op_size -= __SCB_DCACHE_LINE_SIZE;
      |                    ^~~~~~~~~~~~~~~~~~~~~~
/Users/seungwon/STM32CubeN6/Drivers/CMSIS/Include/m-profile/armv7m_cachel1.h: In function 'SCB_CleanInvalidateDCache_by_Addr':
/Users/seungwon/STM32CubeN6/Drivers/CMSIS/Include/m-profile/armv7m_cachel1.h:420:32: warning: conversion to 'long unsigned int' from 'int32_t' {aka 'long int'} may change the sign of the result [-Wsign-conversion]
  420 |        int32_t op_size = dsize + (((uint32_t)addr) & (__SCB_DCACHE_LINE_SIZE - 1U));
      |                                ^
/Users/seungwon/STM32CubeN6/Drivers/CMSIS/Include/m-profile/armv7m_cachel1.h:420:26: warning: conversion to 'int32_t' {aka 'long int'} from 'long unsigned int' may change the sign of the result [-Wsign-conversion]
  420 |        int32_t op_size = dsize + (((uint32_t)addr) & (__SCB_DCACHE_LINE_SIZE - 1U));
      |                          ^~~~~
/Users/seungwon/STM32CubeN6/Drivers/CMSIS/Include/m-profile/armv7m_cachel1.h:428:17: warning: conversion to 'long unsigned int' from 'int32_t' {aka 'long int'} may change the sign of the result [-Wsign-conversion]
  428 |         op_size -=          __SCB_DCACHE_LINE_SIZE;
      |                 ^~
/Users/seungwon/STM32CubeN6/Drivers/CMSIS/Include/m-profile/armv7m_cachel1.h:44:33: warning: conversion to 'int32_t' {aka 'long int'} from 'long unsigned int' may change the sign of the result [-Wsign-conversion]
   44 | #define __SCB_DCACHE_LINE_SIZE  32U /*!< Cortex-M7 cache line size is fixed to 32 bytes (8 words). See also register SCB_CCSIDR */
      |                                 ^~~
/Users/seungwon/STM32CubeN6/Drivers/CMSIS/Include/m-profile/armv7m_cachel1.h:428:29: note: in expansion of macro '__SCB_DCACHE_LINE_SIZE'
  428 |         op_size -=          __SCB_DCACHE_LINE_SIZE;
      |                             ^~~~~~~~~~~~~~~~~~~~~~
/Users/seungwon/test/.tools/xpack-arm-none-eabi-gcc-15.2.1-1.1/bin/arm-none-eabi-gcc -DAIMER_MVE_BATCH -DAIMER_M55_REFERENCE_MATVEC -DAIMER_PHASE_PROFILE -DPARAMS=256f -DAIMER_BACKEND=mve -DAIMER_MATVEC=reference -DAIMER_CONFIG=mve_refmat -DBENCH_KERNEL_SAMPLES=31 -DBENCH_E2E_SAMPLES=7 -DBENCH_KERNEL_INNER=64 -DBENCH_WARMUP=1 -DPROFILE_SAMPLES=31 -DPROFILE_KERNEL_INNER=64 -DPROFILE_COMPLEX_INNER=8 -DUSE_HAL_DRIVER -DSTM32N657xx -Iinclude -I../src/sig/aimer/reference/aimer-256f -I../src -I/Users/seungwon/STM32CubeN6/Projects/NUCLEO-N657X0-Q/Templates/Template/FSBL/Inc -I/Users/seungwon/STM32CubeN6/Drivers/CMSIS/Include -I/Users/seungwon/STM32CubeN6/Drivers/CMSIS/Device/ST/STM32N6xx/Include -I/Users/seungwon/STM32CubeN6/Drivers/STM32N6xx_HAL_Driver/Inc -I/Users/seungwon/STM32CubeN6/Drivers/STM32N6xx_HAL_Driver/Inc/Legacy -O3 -std=c11 -fno-common -ffunction-sections -fdata-sections -fno-tree-vectorize -fno-tree-slp-vectorize -MMD -MP --specs=nosys.specs -Wall -Wextra -Wshadow -Wconversion -Wstrict-prototypes -mcpu=cortex-m55 -mthumb -mfloat-abi=hard -mcmse -c /Users/seungwon/STM32CubeN6/Drivers/STM32N6xx_HAL_Driver/Src/stm32n6xx_hal_pwr.c -o build/full/256f/mve-refmat/profile/stm32n6xx_hal_pwr.c.o
In file included from /Users/seungwon/STM32CubeN6/Drivers/CMSIS/Include/core_cm55.h:4605,
                 from /Users/seungwon/STM32CubeN6/Drivers/CMSIS/Device/ST/STM32N6xx/Include/stm32n657xx.h:281,
                 from /Users/seungwon/STM32CubeN6/Drivers/CMSIS/Device/ST/STM32N6xx/Include/stm32n6xx.h:87,
                 from /Users/seungwon/STM32CubeN6/Drivers/STM32N6xx_HAL_Driver/Inc/stm32n6xx_hal_def.h:33,
                 from /Users/seungwon/STM32CubeN6/Drivers/STM32N6xx_HAL_Driver/Inc/stm32n6xx_hal_rcc.h:28,
                 from /Users/seungwon/STM32CubeN6/Projects/NUCLEO-N657X0-Q/Templates/Template/FSBL/Inc/stm32n6xx_hal_conf.h:253,
                 from /Users/seungwon/STM32CubeN6/Drivers/STM32N6xx_HAL_Driver/Inc/stm32n6xx_hal.h:29,
                 from /Users/seungwon/STM32CubeN6/Drivers/STM32N6xx_HAL_Driver/Src/stm32n6xx_hal_pwr.c:107:
/Users/seungwon/STM32CubeN6/Drivers/CMSIS/Include/m-profile/armv7m_cachel1.h: In function 'SCB_InvalidateICache_by_Addr':
/Users/seungwon/STM32CubeN6/Drivers/CMSIS/Include/m-profile/armv7m_cachel1.h:117:32: warning: conversion to 'long unsigned int' from 'int32_t' {aka 'long int'} may change the sign of the result [-Wsign-conversion]
  117 |        int32_t op_size = isize + (((uint32_t)addr) & (__SCB_ICACHE_LINE_SIZE - 1U));
      |                                ^
/Users/seungwon/STM32CubeN6/Drivers/CMSIS/Include/m-profile/armv7m_cachel1.h:117:26: warning: conversion to 'int32_t' {aka 'long int'} from 'long unsigned int' may change the sign of the result [-Wsign-conversion]
  117 |        int32_t op_size = isize + (((uint32_t)addr) & (__SCB_ICACHE_LINE_SIZE - 1U));
      |                          ^~~~~
/Users/seungwon/STM32CubeN6/Drivers/CMSIS/Include/m-profile/armv7m_cachel1.h:125:17: warning: conversion to 'long unsigned int' from 'int32_t' {aka 'long int'} may change the sign of the result [-Wsign-conversion]
  125 |         op_size -= __SCB_ICACHE_LINE_SIZE;
      |                 ^~
/Users/seungwon/STM32CubeN6/Drivers/CMSIS/Include/m-profile/armv7m_cachel1.h:48:33: warning: conversion to 'int32_t' {aka 'long int'} from 'long unsigned int' may change the sign of the result [-Wsign-conversion]
   48 | #define __SCB_ICACHE_LINE_SIZE  32U /*!< Cortex-M7 cache line size is fixed to 32 bytes (8 words). See also register SCB_CCSIDR */
      |                                 ^~~
/Users/seungwon/STM32CubeN6/Drivers/CMSIS/Include/m-profile/armv7m_cachel1.h:125:20: note: in expansion of macro '__SCB_ICACHE_LINE_SIZE'
  125 |         op_size -= __SCB_ICACHE_LINE_SIZE;
      |                    ^~~~~~~~~~~~~~~~~~~~~~
/Users/seungwon/STM32CubeN6/Drivers/CMSIS/Include/m-profile/armv7m_cachel1.h: In function 'SCB_InvalidateDCache_by_Addr':
/Users/seungwon/STM32CubeN6/Drivers/CMSIS/Include/m-profile/armv7m_cachel1.h:360:32: warning: conversion to 'long unsigned int' from 'int32_t' {aka 'long int'} may change the sign of the result [-Wsign-conversion]
  360 |        int32_t op_size = dsize + (((uint32_t)addr) & (__SCB_DCACHE_LINE_SIZE - 1U));
      |                                ^
/Users/seungwon/STM32CubeN6/Drivers/CMSIS/Include/m-profile/armv7m_cachel1.h:360:26: warning: conversion to 'int32_t' {aka 'long int'} from 'long unsigned int' may change the sign of the result [-Wsign-conversion]
  360 |        int32_t op_size = dsize + (((uint32_t)addr) & (__SCB_DCACHE_LINE_SIZE - 1U));
      |                          ^~~~~
/Users/seungwon/STM32CubeN6/Drivers/CMSIS/Include/m-profile/armv7m_cachel1.h:368:17: warning: conversion to 'long unsigned int' from 'int32_t' {aka 'long int'} may change the sign of the result [-Wsign-conversion]
  368 |         op_size -= __SCB_DCACHE_LINE_SIZE;
      |                 ^~
/Users/seungwon/STM32CubeN6/Drivers/CMSIS/Include/m-profile/armv7m_cachel1.h:44:33: warning: conversion to 'int32_t' {aka 'long int'} from 'long unsigned int' may change the sign of the result [-Wsign-conversion]
   44 | #define __SCB_DCACHE_LINE_SIZE  32U /*!< Cortex-M7 cache line size is fixed to 32 bytes (8 words). See also register SCB_CCSIDR */
      |                                 ^~~
/Users/seungwon/STM32CubeN6/Drivers/CMSIS/Include/m-profile/armv7m_cachel1.h:368:20: note: in expansion of macro '__SCB_DCACHE_LINE_SIZE'
  368 |         op_size -= __SCB_DCACHE_LINE_SIZE;
      |                    ^~~~~~~~~~~~~~~~~~~~~~
/Users/seungwon/STM32CubeN6/Drivers/CMSIS/Include/m-profile/armv7m_cachel1.h: In function 'SCB_CleanDCache_by_Addr':
/Users/seungwon/STM32CubeN6/Drivers/CMSIS/Include/m-profile/armv7m_cachel1.h:390:32: warning: conversion to 'long unsigned int' from 'int32_t' {aka 'long int'} may change the sign of the result [-Wsign-conversion]
  390 |        int32_t op_size = dsize + (((uint32_t)addr) & (__SCB_DCACHE_LINE_SIZE - 1U));
      |                                ^
/Users/seungwon/STM32CubeN6/Drivers/CMSIS/Include/m-profile/armv7m_cachel1.h:390:26: warning: conversion to 'int32_t' {aka 'long int'} from 'long unsigned int' may change the sign of the result [-Wsign-conversion]
  390 |        int32_t op_size = dsize + (((uint32_t)addr) & (__SCB_DCACHE_LINE_SIZE - 1U));
      |                          ^~~~~
/Users/seungwon/STM32CubeN6/Drivers/CMSIS/Include/m-profile/armv7m_cachel1.h:398:17: warning: conversion to 'long unsigned int' from 'int32_t' {aka 'long int'} may change the sign of the result [-Wsign-conversion]
  398 |         op_size -= __SCB_DCACHE_LINE_SIZE;
      |                 ^~
/Users/seungwon/STM32CubeN6/Drivers/CMSIS/Include/m-profile/armv7m_cachel1.h:44:33: warning: conversion to 'int32_t' {aka 'long int'} from 'long unsigned int' may change the sign of the result [-Wsign-conversion]
   44 | #define __SCB_DCACHE_LINE_SIZE  32U /*!< Cortex-M7 cache line size is fixed to 32 bytes (8 words). See also register SCB_CCSIDR */
      |                                 ^~~
/Users/seungwon/STM32CubeN6/Drivers/CMSIS/Include/m-profile/armv7m_cachel1.h:398:20: note: in expansion of macro '__SCB_DCACHE_LINE_SIZE'
  398 |         op_size -= __SCB_DCACHE_LINE_SIZE;
      |                    ^~~~~~~~~~~~~~~~~~~~~~
/Users/seungwon/STM32CubeN6/Drivers/CMSIS/Include/m-profile/armv7m_cachel1.h: In function 'SCB_CleanInvalidateDCache_by_Addr':
/Users/seungwon/STM32CubeN6/Drivers/CMSIS/Include/m-profile/armv7m_cachel1.h:420:32: warning: conversion to 'long unsigned int' from 'int32_t' {aka 'long int'} may change the sign of the result [-Wsign-conversion]
  420 |        int32_t op_size = dsize + (((uint32_t)addr) & (__SCB_DCACHE_LINE_SIZE - 1U));
      |                                ^
/Users/seungwon/STM32CubeN6/Drivers/CMSIS/Include/m-profile/armv7m_cachel1.h:420:26: warning: conversion to 'int32_t' {aka 'long int'} from 'long unsigned int' may change the sign of the result [-Wsign-conversion]
  420 |        int32_t op_size = dsize + (((uint32_t)addr) & (__SCB_DCACHE_LINE_SIZE - 1U));
      |                          ^~~~~
/Users/seungwon/STM32CubeN6/Drivers/CMSIS/Include/m-profile/armv7m_cachel1.h:428:17: warning: conversion to 'long unsigned int' from 'int32_t' {aka 'long int'} may change the sign of the result [-Wsign-conversion]
  428 |         op_size -=          __SCB_DCACHE_LINE_SIZE;
      |                 ^~
/Users/seungwon/STM32CubeN6/Drivers/CMSIS/Include/m-profile/armv7m_cachel1.h:44:33: warning: conversion to 'int32_t' {aka 'long int'} from 'long unsigned int' may change the sign of the result [-Wsign-conversion]
   44 | #define __SCB_DCACHE_LINE_SIZE  32U /*!< Cortex-M7 cache line size is fixed to 32 bytes (8 words). See also register SCB_CCSIDR */
      |                                 ^~~
/Users/seungwon/STM32CubeN6/Drivers/CMSIS/Include/m-profile/armv7m_cachel1.h:428:29: note: in expansion of macro '__SCB_DCACHE_LINE_SIZE'
  428 |         op_size -=          __SCB_DCACHE_LINE_SIZE;
      |                             ^~~~~~~~~~~~~~~~~~~~~~
/Users/seungwon/test/.tools/xpack-arm-none-eabi-gcc-15.2.1-1.1/bin/arm-none-eabi-gcc -DAIMER_MVE_BATCH -DAIMER_M55_REFERENCE_MATVEC -DAIMER_PHASE_PROFILE -DPARAMS=256f -DAIMER_BACKEND=mve -DAIMER_MATVEC=reference -DAIMER_CONFIG=mve_refmat -DBENCH_KERNEL_SAMPLES=31 -DBENCH_E2E_SAMPLES=7 -DBENCH_KERNEL_INNER=64 -DBENCH_WARMUP=1 -DPROFILE_SAMPLES=31 -DPROFILE_KERNEL_INNER=64 -DPROFILE_COMPLEX_INNER=8 -DUSE_HAL_DRIVER -DSTM32N657xx -Iinclude -I../src/sig/aimer/reference/aimer-256f -I../src -I/Users/seungwon/STM32CubeN6/Projects/NUCLEO-N657X0-Q/Templates/Template/FSBL/Inc -I/Users/seungwon/STM32CubeN6/Drivers/CMSIS/Include -I/Users/seungwon/STM32CubeN6/Drivers/CMSIS/Device/ST/STM32N6xx/Include -I/Users/seungwon/STM32CubeN6/Drivers/STM32N6xx_HAL_Driver/Inc -I/Users/seungwon/STM32CubeN6/Drivers/STM32N6xx_HAL_Driver/Inc/Legacy -O3 -std=c11 -fno-common -ffunction-sections -fdata-sections -fno-tree-vectorize -fno-tree-slp-vectorize -MMD -MP --specs=nosys.specs -Wall -Wextra -Wshadow -Wconversion -Wstrict-prototypes -mcpu=cortex-m55 -mthumb -mfloat-abi=hard -mcmse -c /Users/seungwon/STM32CubeN6/Drivers/STM32N6xx_HAL_Driver/Src/stm32n6xx_hal_pwr_ex.c -o build/full/256f/mve-refmat/profile/stm32n6xx_hal_pwr_ex.c.o
In file included from /Users/seungwon/STM32CubeN6/Drivers/CMSIS/Include/core_cm55.h:4605,
                 from /Users/seungwon/STM32CubeN6/Drivers/CMSIS/Device/ST/STM32N6xx/Include/stm32n657xx.h:281,
                 from /Users/seungwon/STM32CubeN6/Drivers/CMSIS/Device/ST/STM32N6xx/Include/stm32n6xx.h:87,
                 from /Users/seungwon/STM32CubeN6/Drivers/STM32N6xx_HAL_Driver/Inc/stm32n6xx_hal_def.h:33,
                 from /Users/seungwon/STM32CubeN6/Drivers/STM32N6xx_HAL_Driver/Inc/stm32n6xx_hal_rcc.h:28,
                 from /Users/seungwon/STM32CubeN6/Projects/NUCLEO-N657X0-Q/Templates/Template/FSBL/Inc/stm32n6xx_hal_conf.h:253,
                 from /Users/seungwon/STM32CubeN6/Drivers/STM32N6xx_HAL_Driver/Inc/stm32n6xx_hal.h:29,
                 from /Users/seungwon/STM32CubeN6/Drivers/STM32N6xx_HAL_Driver/Src/stm32n6xx_hal_pwr_ex.c:159:
/Users/seungwon/STM32CubeN6/Drivers/CMSIS/Include/m-profile/armv7m_cachel1.h: In function 'SCB_InvalidateICache_by_Addr':
/Users/seungwon/STM32CubeN6/Drivers/CMSIS/Include/m-profile/armv7m_cachel1.h:117:32: warning: conversion to 'long unsigned int' from 'int32_t' {aka 'long int'} may change the sign of the result [-Wsign-conversion]
  117 |        int32_t op_size = isize + (((uint32_t)addr) & (__SCB_ICACHE_LINE_SIZE - 1U));
      |                                ^
/Users/seungwon/STM32CubeN6/Drivers/CMSIS/Include/m-profile/armv7m_cachel1.h:117:26: warning: conversion to 'int32_t' {aka 'long int'} from 'long unsigned int' may change the sign of the result [-Wsign-conversion]
  117 |        int32_t op_size = isize + (((uint32_t)addr) & (__SCB_ICACHE_LINE_SIZE - 1U));
      |                          ^~~~~
/Users/seungwon/STM32CubeN6/Drivers/CMSIS/Include/m-profile/armv7m_cachel1.h:125:17: warning: conversion to 'long unsigned int' from 'int32_t' {aka 'long int'} may change the sign of the result [-Wsign-conversion]
  125 |         op_size -= __SCB_ICACHE_LINE_SIZE;
      |                 ^~
/Users/seungwon/STM32CubeN6/Drivers/CMSIS/Include/m-profile/armv7m_cachel1.h:48:33: warning: conversion to 'int32_t' {aka 'long int'} from 'long unsigned int' may change the sign of the result [-Wsign-conversion]
   48 | #define __SCB_ICACHE_LINE_SIZE  32U /*!< Cortex-M7 cache line size is fixed to 32 bytes (8 words). See also register SCB_CCSIDR */
      |                                 ^~~
/Users/seungwon/STM32CubeN6/Drivers/CMSIS/Include/m-profile/armv7m_cachel1.h:125:20: note: in expansion of macro '__SCB_ICACHE_LINE_SIZE'
  125 |         op_size -= __SCB_ICACHE_LINE_SIZE;
      |                    ^~~~~~~~~~~~~~~~~~~~~~
/Users/seungwon/STM32CubeN6/Drivers/CMSIS/Include/m-profile/armv7m_cachel1.h: In function 'SCB_InvalidateDCache_by_Addr':
/Users/seungwon/STM32CubeN6/Drivers/CMSIS/Include/m-profile/armv7m_cachel1.h:360:32: warning: conversion to 'long unsigned int' from 'int32_t' {aka 'long int'} may change the sign of the result [-Wsign-conversion]
  360 |        int32_t op_size = dsize + (((uint32_t)addr) & (__SCB_DCACHE_LINE_SIZE - 1U));
      |                                ^
/Users/seungwon/STM32CubeN6/Drivers/CMSIS/Include/m-profile/armv7m_cachel1.h:360:26: warning: conversion to 'int32_t' {aka 'long int'} from 'long unsigned int' may change the sign of the result [-Wsign-conversion]
  360 |        int32_t op_size = dsize + (((uint32_t)addr) & (__SCB_DCACHE_LINE_SIZE - 1U));
      |                          ^~~~~
/Users/seungwon/STM32CubeN6/Drivers/CMSIS/Include/m-profile/armv7m_cachel1.h:368:17: warning: conversion to 'long unsigned int' from 'int32_t' {aka 'long int'} may change the sign of the result [-Wsign-conversion]
  368 |         op_size -= __SCB_DCACHE_LINE_SIZE;
      |                 ^~
/Users/seungwon/STM32CubeN6/Drivers/CMSIS/Include/m-profile/armv7m_cachel1.h:44:33: warning: conversion to 'int32_t' {aka 'long int'} from 'long unsigned int' may change the sign of the result [-Wsign-conversion]
   44 | #define __SCB_DCACHE_LINE_SIZE  32U /*!< Cortex-M7 cache line size is fixed to 32 bytes (8 words). See also register SCB_CCSIDR */
      |                                 ^~~
/Users/seungwon/STM32CubeN6/Drivers/CMSIS/Include/m-profile/armv7m_cachel1.h:368:20: note: in expansion of macro '__SCB_DCACHE_LINE_SIZE'
  368 |         op_size -= __SCB_DCACHE_LINE_SIZE;
      |                    ^~~~~~~~~~~~~~~~~~~~~~
/Users/seungwon/STM32CubeN6/Drivers/CMSIS/Include/m-profile/armv7m_cachel1.h: In function 'SCB_CleanDCache_by_Addr':
/Users/seungwon/STM32CubeN6/Drivers/CMSIS/Include/m-profile/armv7m_cachel1.h:390:32: warning: conversion to 'long unsigned int' from 'int32_t' {aka 'long int'} may change the sign of the result [-Wsign-conversion]
  390 |        int32_t op_size = dsize + (((uint32_t)addr) & (__SCB_DCACHE_LINE_SIZE - 1U));
      |                                ^
/Users/seungwon/STM32CubeN6/Drivers/CMSIS/Include/m-profile/armv7m_cachel1.h:390:26: warning: conversion to 'int32_t' {aka 'long int'} from 'long unsigned int' may change the sign of the result [-Wsign-conversion]
  390 |        int32_t op_size = dsize + (((uint32_t)addr) & (__SCB_DCACHE_LINE_SIZE - 1U));
      |                          ^~~~~
/Users/seungwon/STM32CubeN6/Drivers/CMSIS/Include/m-profile/armv7m_cachel1.h:398:17: warning: conversion to 'long unsigned int' from 'int32_t' {aka 'long int'} may change the sign of the result [-Wsign-conversion]
  398 |         op_size -= __SCB_DCACHE_LINE_SIZE;
      |                 ^~
/Users/seungwon/STM32CubeN6/Drivers/CMSIS/Include/m-profile/armv7m_cachel1.h:44:33: warning: conversion to 'int32_t' {aka 'long int'} from 'long unsigned int' may change the sign of the result [-Wsign-conversion]
   44 | #define __SCB_DCACHE_LINE_SIZE  32U /*!< Cortex-M7 cache line size is fixed to 32 bytes (8 words). See also register SCB_CCSIDR */
      |                                 ^~~
/Users/seungwon/STM32CubeN6/Drivers/CMSIS/Include/m-profile/armv7m_cachel1.h:398:20: note: in expansion of macro '__SCB_DCACHE_LINE_SIZE'
  398 |         op_size -= __SCB_DCACHE_LINE_SIZE;
      |                    ^~~~~~~~~~~~~~~~~~~~~~
/Users/seungwon/STM32CubeN6/Drivers/CMSIS/Include/m-profile/armv7m_cachel1.h: In function 'SCB_CleanInvalidateDCache_by_Addr':
/Users/seungwon/STM32CubeN6/Drivers/CMSIS/Include/m-profile/armv7m_cachel1.h:420:32: warning: conversion to 'long unsigned int' from 'int32_t' {aka 'long int'} may change the sign of the result [-Wsign-conversion]
  420 |        int32_t op_size = dsize + (((uint32_t)addr) & (__SCB_DCACHE_LINE_SIZE - 1U));
      |                                ^
/Users/seungwon/STM32CubeN6/Drivers/CMSIS/Include/m-profile/armv7m_cachel1.h:420:26: warning: conversion to 'int32_t' {aka 'long int'} from 'long unsigned int' may change the sign of the result [-Wsign-conversion]
  420 |        int32_t op_size = dsize + (((uint32_t)addr) & (__SCB_DCACHE_LINE_SIZE - 1U));
      |                          ^~~~~
/Users/seungwon/STM32CubeN6/Drivers/CMSIS/Include/m-profile/armv7m_cachel1.h:428:17: warning: conversion to 'long unsigned int' from 'int32_t' {aka 'long int'} may change the sign of the result [-Wsign-conversion]
  428 |         op_size -=          __SCB_DCACHE_LINE_SIZE;
      |                 ^~
/Users/seungwon/STM32CubeN6/Drivers/CMSIS/Include/m-profile/armv7m_cachel1.h:44:33: warning: conversion to 'int32_t' {aka 'long int'} from 'long unsigned int' may change the sign of the result [-Wsign-conversion]
   44 | #define __SCB_DCACHE_LINE_SIZE  32U /*!< Cortex-M7 cache line size is fixed to 32 bytes (8 words). See also register SCB_CCSIDR */
      |                                 ^~~
/Users/seungwon/STM32CubeN6/Drivers/CMSIS/Include/m-profile/armv7m_cachel1.h:428:29: note: in expansion of macro '__SCB_DCACHE_LINE_SIZE'
  428 |         op_size -=          __SCB_DCACHE_LINE_SIZE;
      |                             ^~~~~~~~~~~~~~~~~~~~~~
/Users/seungwon/test/.tools/xpack-arm-none-eabi-gcc-15.2.1-1.1/bin/arm-none-eabi-gcc -DAIMER_MVE_BATCH -DAIMER_M55_REFERENCE_MATVEC -DAIMER_PHASE_PROFILE -DPARAMS=256f -DAIMER_BACKEND=mve -DAIMER_MATVEC=reference -DAIMER_CONFIG=mve_refmat -DBENCH_KERNEL_SAMPLES=31 -DBENCH_E2E_SAMPLES=7 -DBENCH_KERNEL_INNER=64 -DBENCH_WARMUP=1 -DPROFILE_SAMPLES=31 -DPROFILE_KERNEL_INNER=64 -DPROFILE_COMPLEX_INNER=8 -DUSE_HAL_DRIVER -DSTM32N657xx -Iinclude -I../src/sig/aimer/reference/aimer-256f -I../src -I/Users/seungwon/STM32CubeN6/Projects/NUCLEO-N657X0-Q/Templates/Template/FSBL/Inc -I/Users/seungwon/STM32CubeN6/Drivers/CMSIS/Include -I/Users/seungwon/STM32CubeN6/Drivers/CMSIS/Device/ST/STM32N6xx/Include -I/Users/seungwon/STM32CubeN6/Drivers/STM32N6xx_HAL_Driver/Inc -I/Users/seungwon/STM32CubeN6/Drivers/STM32N6xx_HAL_Driver/Inc/Legacy -O3 -std=c11 -fno-common -ffunction-sections -fdata-sections -fno-tree-vectorize -fno-tree-slp-vectorize -MMD -MP --specs=nosys.specs -Wall -Wextra -Wshadow -Wconversion -Wstrict-prototypes -mcpu=cortex-m55 -mthumb -mfloat-abi=hard -mcmse -c /Users/seungwon/STM32CubeN6/Drivers/STM32N6xx_HAL_Driver/Src/stm32n6xx_hal_rcc.c -o build/full/256f/mve-refmat/profile/stm32n6xx_hal_rcc.c.o
In file included from /Users/seungwon/STM32CubeN6/Drivers/CMSIS/Include/core_cm55.h:4605,
                 from /Users/seungwon/STM32CubeN6/Drivers/CMSIS/Device/ST/STM32N6xx/Include/stm32n657xx.h:281,
                 from /Users/seungwon/STM32CubeN6/Drivers/CMSIS/Device/ST/STM32N6xx/Include/stm32n6xx.h:87,
                 from /Users/seungwon/STM32CubeN6/Drivers/STM32N6xx_HAL_Driver/Inc/stm32n6xx_hal_def.h:33,
                 from /Users/seungwon/STM32CubeN6/Drivers/STM32N6xx_HAL_Driver/Inc/stm32n6xx_hal_rcc.h:28,
                 from /Users/seungwon/STM32CubeN6/Projects/NUCLEO-N657X0-Q/Templates/Template/FSBL/Inc/stm32n6xx_hal_conf.h:253,
                 from /Users/seungwon/STM32CubeN6/Drivers/STM32N6xx_HAL_Driver/Inc/stm32n6xx_hal.h:29,
                 from /Users/seungwon/STM32CubeN6/Drivers/STM32N6xx_HAL_Driver/Src/stm32n6xx_hal_rcc.c:73:
/Users/seungwon/STM32CubeN6/Drivers/CMSIS/Include/m-profile/armv7m_cachel1.h: In function 'SCB_InvalidateICache_by_Addr':
/Users/seungwon/STM32CubeN6/Drivers/CMSIS/Include/m-profile/armv7m_cachel1.h:117:32: warning: conversion to 'long unsigned int' from 'int32_t' {aka 'long int'} may change the sign of the result [-Wsign-conversion]
  117 |        int32_t op_size = isize + (((uint32_t)addr) & (__SCB_ICACHE_LINE_SIZE - 1U));
      |                                ^
/Users/seungwon/STM32CubeN6/Drivers/CMSIS/Include/m-profile/armv7m_cachel1.h:117:26: warning: conversion to 'int32_t' {aka 'long int'} from 'long unsigned int' may change the sign of the result [-Wsign-conversion]
  117 |        int32_t op_size = isize + (((uint32_t)addr) & (__SCB_ICACHE_LINE_SIZE - 1U));
      |                          ^~~~~
/Users/seungwon/STM32CubeN6/Drivers/CMSIS/Include/m-profile/armv7m_cachel1.h:125:17: warning: conversion to 'long unsigned int' from 'int32_t' {aka 'long int'} may change the sign of the result [-Wsign-conversion]
  125 |         op_size -= __SCB_ICACHE_LINE_SIZE;
      |                 ^~
/Users/seungwon/STM32CubeN6/Drivers/CMSIS/Include/m-profile/armv7m_cachel1.h:48:33: warning: conversion to 'int32_t' {aka 'long int'} from 'long unsigned int' may change the sign of the result [-Wsign-conversion]
   48 | #define __SCB_ICACHE_LINE_SIZE  32U /*!< Cortex-M7 cache line size is fixed to 32 bytes (8 words). See also register SCB_CCSIDR */
      |                                 ^~~
/Users/seungwon/STM32CubeN6/Drivers/CMSIS/Include/m-profile/armv7m_cachel1.h:125:20: note: in expansion of macro '__SCB_ICACHE_LINE_SIZE'
  125 |         op_size -= __SCB_ICACHE_LINE_SIZE;
      |                    ^~~~~~~~~~~~~~~~~~~~~~
/Users/seungwon/STM32CubeN6/Drivers/CMSIS/Include/m-profile/armv7m_cachel1.h: In function 'SCB_InvalidateDCache_by_Addr':
/Users/seungwon/STM32CubeN6/Drivers/CMSIS/Include/m-profile/armv7m_cachel1.h:360:32: warning: conversion to 'long unsigned int' from 'int32_t' {aka 'long int'} may change the sign of the result [-Wsign-conversion]
  360 |        int32_t op_size = dsize + (((uint32_t)addr) & (__SCB_DCACHE_LINE_SIZE - 1U));
      |                                ^
/Users/seungwon/STM32CubeN6/Drivers/CMSIS/Include/m-profile/armv7m_cachel1.h:360:26: warning: conversion to 'int32_t' {aka 'long int'} from 'long unsigned int' may change the sign of the result [-Wsign-conversion]
  360 |        int32_t op_size = dsize + (((uint32_t)addr) & (__SCB_DCACHE_LINE_SIZE - 1U));
      |                          ^~~~~
/Users/seungwon/STM32CubeN6/Drivers/CMSIS/Include/m-profile/armv7m_cachel1.h:368:17: warning: conversion to 'long unsigned int' from 'int32_t' {aka 'long int'} may change the sign of the result [-Wsign-conversion]
  368 |         op_size -= __SCB_DCACHE_LINE_SIZE;
      |                 ^~
/Users/seungwon/STM32CubeN6/Drivers/CMSIS/Include/m-profile/armv7m_cachel1.h:44:33: warning: conversion to 'int32_t' {aka 'long int'} from 'long unsigned int' may change the sign of the result [-Wsign-conversion]
   44 | #define __SCB_DCACHE_LINE_SIZE  32U /*!< Cortex-M7 cache line size is fixed to 32 bytes (8 words). See also register SCB_CCSIDR */
      |                                 ^~~
/Users/seungwon/STM32CubeN6/Drivers/CMSIS/Include/m-profile/armv7m_cachel1.h:368:20: note: in expansion of macro '__SCB_DCACHE_LINE_SIZE'
  368 |         op_size -= __SCB_DCACHE_LINE_SIZE;
      |                    ^~~~~~~~~~~~~~~~~~~~~~
/Users/seungwon/STM32CubeN6/Drivers/CMSIS/Include/m-profile/armv7m_cachel1.h: In function 'SCB_CleanDCache_by_Addr':
/Users/seungwon/STM32CubeN6/Drivers/CMSIS/Include/m-profile/armv7m_cachel1.h:390:32: warning: conversion to 'long unsigned int' from 'int32_t' {aka 'long int'} may change the sign of the result [-Wsign-conversion]
  390 |        int32_t op_size = dsize + (((uint32_t)addr) & (__SCB_DCACHE_LINE_SIZE - 1U));
      |                                ^
/Users/seungwon/STM32CubeN6/Drivers/CMSIS/Include/m-profile/armv7m_cachel1.h:390:26: warning: conversion to 'int32_t' {aka 'long int'} from 'long unsigned int' may change the sign of the result [-Wsign-conversion]
  390 |        int32_t op_size = dsize + (((uint32_t)addr) & (__SCB_DCACHE_LINE_SIZE - 1U));
      |                          ^~~~~
/Users/seungwon/STM32CubeN6/Drivers/CMSIS/Include/m-profile/armv7m_cachel1.h:398:17: warning: conversion to 'long unsigned int' from 'int32_t' {aka 'long int'} may change the sign of the result [-Wsign-conversion]
  398 |         op_size -= __SCB_DCACHE_LINE_SIZE;
      |                 ^~
/Users/seungwon/STM32CubeN6/Drivers/CMSIS/Include/m-profile/armv7m_cachel1.h:44:33: warning: conversion to 'int32_t' {aka 'long int'} from 'long unsigned int' may change the sign of the result [-Wsign-conversion]
   44 | #define __SCB_DCACHE_LINE_SIZE  32U /*!< Cortex-M7 cache line size is fixed to 32 bytes (8 words). See also register SCB_CCSIDR */
      |                                 ^~~
/Users/seungwon/STM32CubeN6/Drivers/CMSIS/Include/m-profile/armv7m_cachel1.h:398:20: note: in expansion of macro '__SCB_DCACHE_LINE_SIZE'
  398 |         op_size -= __SCB_DCACHE_LINE_SIZE;
      |                    ^~~~~~~~~~~~~~~~~~~~~~
/Users/seungwon/STM32CubeN6/Drivers/CMSIS/Include/m-profile/armv7m_cachel1.h: In function 'SCB_CleanInvalidateDCache_by_Addr':
/Users/seungwon/STM32CubeN6/Drivers/CMSIS/Include/m-profile/armv7m_cachel1.h:420:32: warning: conversion to 'long unsigned int' from 'int32_t' {aka 'long int'} may change the sign of the result [-Wsign-conversion]
  420 |        int32_t op_size = dsize + (((uint32_t)addr) & (__SCB_DCACHE_LINE_SIZE - 1U));
      |                                ^
/Users/seungwon/STM32CubeN6/Drivers/CMSIS/Include/m-profile/armv7m_cachel1.h:420:26: warning: conversion to 'int32_t' {aka 'long int'} from 'long unsigned int' may change the sign of the result [-Wsign-conversion]
  420 |        int32_t op_size = dsize + (((uint32_t)addr) & (__SCB_DCACHE_LINE_SIZE - 1U));
      |                          ^~~~~
/Users/seungwon/STM32CubeN6/Drivers/CMSIS/Include/m-profile/armv7m_cachel1.h:428:17: warning: conversion to 'long unsigned int' from 'int32_t' {aka 'long int'} may change the sign of the result [-Wsign-conversion]
  428 |         op_size -=          __SCB_DCACHE_LINE_SIZE;
      |                 ^~
/Users/seungwon/STM32CubeN6/Drivers/CMSIS/Include/m-profile/armv7m_cachel1.h:44:33: warning: conversion to 'int32_t' {aka 'long int'} from 'long unsigned int' may change the sign of the result [-Wsign-conversion]
   44 | #define __SCB_DCACHE_LINE_SIZE  32U /*!< Cortex-M7 cache line size is fixed to 32 bytes (8 words). See also register SCB_CCSIDR */
      |                                 ^~~
/Users/seungwon/STM32CubeN6/Drivers/CMSIS/Include/m-profile/armv7m_cachel1.h:428:29: note: in expansion of macro '__SCB_DCACHE_LINE_SIZE'
  428 |         op_size -=          __SCB_DCACHE_LINE_SIZE;
      |                             ^~~~~~~~~~~~~~~~~~~~~~
/Users/seungwon/test/.tools/xpack-arm-none-eabi-gcc-15.2.1-1.1/bin/arm-none-eabi-gcc -DAIMER_MVE_BATCH -DAIMER_M55_REFERENCE_MATVEC -DAIMER_PHASE_PROFILE -DPARAMS=256f -DAIMER_BACKEND=mve -DAIMER_MATVEC=reference -DAIMER_CONFIG=mve_refmat -DBENCH_KERNEL_SAMPLES=31 -DBENCH_E2E_SAMPLES=7 -DBENCH_KERNEL_INNER=64 -DBENCH_WARMUP=1 -DPROFILE_SAMPLES=31 -DPROFILE_KERNEL_INNER=64 -DPROFILE_COMPLEX_INNER=8 -DUSE_HAL_DRIVER -DSTM32N657xx -Iinclude -I../src/sig/aimer/reference/aimer-256f -I../src -I/Users/seungwon/STM32CubeN6/Projects/NUCLEO-N657X0-Q/Templates/Template/FSBL/Inc -I/Users/seungwon/STM32CubeN6/Drivers/CMSIS/Include -I/Users/seungwon/STM32CubeN6/Drivers/CMSIS/Device/ST/STM32N6xx/Include -I/Users/seungwon/STM32CubeN6/Drivers/STM32N6xx_HAL_Driver/Inc -I/Users/seungwon/STM32CubeN6/Drivers/STM32N6xx_HAL_Driver/Inc/Legacy -O3 -std=c11 -fno-common -ffunction-sections -fdata-sections -fno-tree-vectorize -fno-tree-slp-vectorize -MMD -MP --specs=nosys.specs -Wall -Wextra -Wshadow -Wconversion -Wstrict-prototypes -mcpu=cortex-m55 -mthumb -mfloat-abi=hard -mcmse -c /Users/seungwon/STM32CubeN6/Drivers/STM32N6xx_HAL_Driver/Src/stm32n6xx_hal_rcc_ex.c -o build/full/256f/mve-refmat/profile/stm32n6xx_hal_rcc_ex.c.o
In file included from /Users/seungwon/STM32CubeN6/Drivers/CMSIS/Include/core_cm55.h:4605,
                 from /Users/seungwon/STM32CubeN6/Drivers/CMSIS/Device/ST/STM32N6xx/Include/stm32n657xx.h:281,
                 from /Users/seungwon/STM32CubeN6/Drivers/CMSIS/Device/ST/STM32N6xx/Include/stm32n6xx.h:87,
                 from /Users/seungwon/STM32CubeN6/Drivers/STM32N6xx_HAL_Driver/Inc/stm32n6xx_hal_def.h:33,
                 from /Users/seungwon/STM32CubeN6/Drivers/STM32N6xx_HAL_Driver/Inc/stm32n6xx_hal_rcc.h:28,
                 from /Users/seungwon/STM32CubeN6/Projects/NUCLEO-N657X0-Q/Templates/Template/FSBL/Inc/stm32n6xx_hal_conf.h:253,
                 from /Users/seungwon/STM32CubeN6/Drivers/STM32N6xx_HAL_Driver/Inc/stm32n6xx_hal.h:29,
                 from /Users/seungwon/STM32CubeN6/Drivers/STM32N6xx_HAL_Driver/Src/stm32n6xx_hal_rcc_ex.c:24:
/Users/seungwon/STM32CubeN6/Drivers/CMSIS/Include/m-profile/armv7m_cachel1.h: In function 'SCB_InvalidateICache_by_Addr':
/Users/seungwon/STM32CubeN6/Drivers/CMSIS/Include/m-profile/armv7m_cachel1.h:117:32: warning: conversion to 'long unsigned int' from 'int32_t' {aka 'long int'} may change the sign of the result [-Wsign-conversion]
  117 |        int32_t op_size = isize + (((uint32_t)addr) & (__SCB_ICACHE_LINE_SIZE - 1U));
      |                                ^
/Users/seungwon/STM32CubeN6/Drivers/CMSIS/Include/m-profile/armv7m_cachel1.h:117:26: warning: conversion to 'int32_t' {aka 'long int'} from 'long unsigned int' may change the sign of the result [-Wsign-conversion]
  117 |        int32_t op_size = isize + (((uint32_t)addr) & (__SCB_ICACHE_LINE_SIZE - 1U));
      |                          ^~~~~
/Users/seungwon/STM32CubeN6/Drivers/CMSIS/Include/m-profile/armv7m_cachel1.h:125:17: warning: conversion to 'long unsigned int' from 'int32_t' {aka 'long int'} may change the sign of the result [-Wsign-conversion]
  125 |         op_size -= __SCB_ICACHE_LINE_SIZE;
      |                 ^~
/Users/seungwon/STM32CubeN6/Drivers/CMSIS/Include/m-profile/armv7m_cachel1.h:48:33: warning: conversion to 'int32_t' {aka 'long int'} from 'long unsigned int' may change the sign of the result [-Wsign-conversion]
   48 | #define __SCB_ICACHE_LINE_SIZE  32U /*!< Cortex-M7 cache line size is fixed to 32 bytes (8 words). See also register SCB_CCSIDR */
      |                                 ^~~
/Users/seungwon/STM32CubeN6/Drivers/CMSIS/Include/m-profile/armv7m_cachel1.h:125:20: note: in expansion of macro '__SCB_ICACHE_LINE_SIZE'
  125 |         op_size -= __SCB_ICACHE_LINE_SIZE;
      |                    ^~~~~~~~~~~~~~~~~~~~~~
/Users/seungwon/STM32CubeN6/Drivers/CMSIS/Include/m-profile/armv7m_cachel1.h: In function 'SCB_InvalidateDCache_by_Addr':
/Users/seungwon/STM32CubeN6/Drivers/CMSIS/Include/m-profile/armv7m_cachel1.h:360:32: warning: conversion to 'long unsigned int' from 'int32_t' {aka 'long int'} may change the sign of the result [-Wsign-conversion]
  360 |        int32_t op_size = dsize + (((uint32_t)addr) & (__SCB_DCACHE_LINE_SIZE - 1U));
      |                                ^
/Users/seungwon/STM32CubeN6/Drivers/CMSIS/Include/m-profile/armv7m_cachel1.h:360:26: warning: conversion to 'int32_t' {aka 'long int'} from 'long unsigned int' may change the sign of the result [-Wsign-conversion]
  360 |        int32_t op_size = dsize + (((uint32_t)addr) & (__SCB_DCACHE_LINE_SIZE - 1U));
      |                          ^~~~~
/Users/seungwon/STM32CubeN6/Drivers/CMSIS/Include/m-profile/armv7m_cachel1.h:368:17: warning: conversion to 'long unsigned int' from 'int32_t' {aka 'long int'} may change the sign of the result [-Wsign-conversion]
  368 |         op_size -= __SCB_DCACHE_LINE_SIZE;
      |                 ^~
/Users/seungwon/STM32CubeN6/Drivers/CMSIS/Include/m-profile/armv7m_cachel1.h:44:33: warning: conversion to 'int32_t' {aka 'long int'} from 'long unsigned int' may change the sign of the result [-Wsign-conversion]
   44 | #define __SCB_DCACHE_LINE_SIZE  32U /*!< Cortex-M7 cache line size is fixed to 32 bytes (8 words). See also register SCB_CCSIDR */
      |                                 ^~~
/Users/seungwon/STM32CubeN6/Drivers/CMSIS/Include/m-profile/armv7m_cachel1.h:368:20: note: in expansion of macro '__SCB_DCACHE_LINE_SIZE'
  368 |         op_size -= __SCB_DCACHE_LINE_SIZE;
      |                    ^~~~~~~~~~~~~~~~~~~~~~
/Users/seungwon/STM32CubeN6/Drivers/CMSIS/Include/m-profile/armv7m_cachel1.h: In function 'SCB_CleanDCache_by_Addr':
/Users/seungwon/STM32CubeN6/Drivers/CMSIS/Include/m-profile/armv7m_cachel1.h:390:32: warning: conversion to 'long unsigned int' from 'int32_t' {aka 'long int'} may change the sign of the result [-Wsign-conversion]
  390 |        int32_t op_size = dsize + (((uint32_t)addr) & (__SCB_DCACHE_LINE_SIZE - 1U));
      |                                ^
/Users/seungwon/STM32CubeN6/Drivers/CMSIS/Include/m-profile/armv7m_cachel1.h:390:26: warning: conversion to 'int32_t' {aka 'long int'} from 'long unsigned int' may change the sign of the result [-Wsign-conversion]
  390 |        int32_t op_size = dsize + (((uint32_t)addr) & (__SCB_DCACHE_LINE_SIZE - 1U));
      |                          ^~~~~
/Users/seungwon/STM32CubeN6/Drivers/CMSIS/Include/m-profile/armv7m_cachel1.h:398:17: warning: conversion to 'long unsigned int' from 'int32_t' {aka 'long int'} may change the sign of the result [-Wsign-conversion]
  398 |         op_size -= __SCB_DCACHE_LINE_SIZE;
      |                 ^~
/Users/seungwon/STM32CubeN6/Drivers/CMSIS/Include/m-profile/armv7m_cachel1.h:44:33: warning: conversion to 'int32_t' {aka 'long int'} from 'long unsigned int' may change the sign of the result [-Wsign-conversion]
   44 | #define __SCB_DCACHE_LINE_SIZE  32U /*!< Cortex-M7 cache line size is fixed to 32 bytes (8 words). See also register SCB_CCSIDR */
      |                                 ^~~
/Users/seungwon/STM32CubeN6/Drivers/CMSIS/Include/m-profile/armv7m_cachel1.h:398:20: note: in expansion of macro '__SCB_DCACHE_LINE_SIZE'
  398 |         op_size -= __SCB_DCACHE_LINE_SIZE;
      |                    ^~~~~~~~~~~~~~~~~~~~~~
/Users/seungwon/STM32CubeN6/Drivers/CMSIS/Include/m-profile/armv7m_cachel1.h: In function 'SCB_CleanInvalidateDCache_by_Addr':
/Users/seungwon/STM32CubeN6/Drivers/CMSIS/Include/m-profile/armv7m_cachel1.h:420:32: warning: conversion to 'long unsigned int' from 'int32_t' {aka 'long int'} may change the sign of the result [-Wsign-conversion]
  420 |        int32_t op_size = dsize + (((uint32_t)addr) & (__SCB_DCACHE_LINE_SIZE - 1U));
      |                                ^
/Users/seungwon/STM32CubeN6/Drivers/CMSIS/Include/m-profile/armv7m_cachel1.h:420:26: warning: conversion to 'int32_t' {aka 'long int'} from 'long unsigned int' may change the sign of the result [-Wsign-conversion]
  420 |        int32_t op_size = dsize + (((uint32_t)addr) & (__SCB_DCACHE_LINE_SIZE - 1U));
      |                          ^~~~~
/Users/seungwon/STM32CubeN6/Drivers/CMSIS/Include/m-profile/armv7m_cachel1.h:428:17: warning: conversion to 'long unsigned int' from 'int32_t' {aka 'long int'} may change the sign of the result [-Wsign-conversion]
  428 |         op_size -=          __SCB_DCACHE_LINE_SIZE;
      |                 ^~
/Users/seungwon/STM32CubeN6/Drivers/CMSIS/Include/m-profile/armv7m_cachel1.h:44:33: warning: conversion to 'int32_t' {aka 'long int'} from 'long unsigned int' may change the sign of the result [-Wsign-conversion]
   44 | #define __SCB_DCACHE_LINE_SIZE  32U /*!< Cortex-M7 cache line size is fixed to 32 bytes (8 words). See also register SCB_CCSIDR */
      |                                 ^~~
/Users/seungwon/STM32CubeN6/Drivers/CMSIS/Include/m-profile/armv7m_cachel1.h:428:29: note: in expansion of macro '__SCB_DCACHE_LINE_SIZE'
  428 |         op_size -=          __SCB_DCACHE_LINE_SIZE;
      |                             ^~~~~~~~~~~~~~~~~~~~~~
/Users/seungwon/test/.tools/xpack-arm-none-eabi-gcc-15.2.1-1.1/bin/arm-none-eabi-gcc -DAIMER_MVE_BATCH -DAIMER_M55_REFERENCE_MATVEC -DAIMER_PHASE_PROFILE -DPARAMS=256f -DAIMER_BACKEND=mve -DAIMER_MATVEC=reference -DAIMER_CONFIG=mve_refmat -DBENCH_KERNEL_SAMPLES=31 -DBENCH_E2E_SAMPLES=7 -DBENCH_KERNEL_INNER=64 -DBENCH_WARMUP=1 -DPROFILE_SAMPLES=31 -DPROFILE_KERNEL_INNER=64 -DPROFILE_COMPLEX_INNER=8 -DUSE_HAL_DRIVER -DSTM32N657xx -Iinclude -I../src/sig/aimer/reference/aimer-256f -I../src -I/Users/seungwon/STM32CubeN6/Projects/NUCLEO-N657X0-Q/Templates/Template/FSBL/Inc -I/Users/seungwon/STM32CubeN6/Drivers/CMSIS/Include -I/Users/seungwon/STM32CubeN6/Drivers/CMSIS/Device/ST/STM32N6xx/Include -I/Users/seungwon/STM32CubeN6/Drivers/STM32N6xx_HAL_Driver/Inc -I/Users/seungwon/STM32CubeN6/Drivers/STM32N6xx_HAL_Driver/Inc/Legacy -O3 -std=c11 -fno-common -ffunction-sections -fdata-sections -fno-tree-vectorize -fno-tree-slp-vectorize -MMD -MP --specs=nosys.specs -Wall -Wextra -Wshadow -Wconversion -Wstrict-prototypes -mcpu=cortex-m55 -mthumb -mfloat-abi=hard -mcmse -x assembler-with-cpp -c /Users/seungwon/STM32CubeN6/Projects/NUCLEO-N657X0-Q/Templates/Template/STM32CubeIDE/FSBL/Application/Startup/startup_stm32n657x0hxq_fsbl.s -o build/full/256f/mve-refmat/profile/startup_stm32n657x0hxq_fsbl.s.o
/Users/seungwon/test/.tools/xpack-arm-none-eabi-gcc-15.2.1-1.1/bin/arm-none-eabi-gcc --specs=nosys.specs -Wl,--gc-sections -Wl,--print-memory-usage -Wl,-Map,build/full/256f/mve-refmat/profile/aimer-m55-256f-mve-refmat-profile.map -Wl,--wrap=main -Wl,--wrap=_write -Wl,--wrap=_read -Ttoolchain/board/nucleo-n657x0-q/stm32n657-axi-sram.ld -mcpu=cortex-m55 -mthumb -mfloat-abi=hard -mcmse build/full/256f/mve-refmat/profile/profile.c.o build/full/256f/mve-refmat/profile/field_batch.c.o build/full/256f/mve-refmat/profile/mpc_batch.c.o build/full/256f/mve-refmat/profile/aim3.c.o build/full/256f/mve-refmat/profile/hash.c.o build/full/256f/mve-refmat/profile/field_common.c.o build/full/256f/mve-refmat/profile/field_mve.c.o build/full/256f/mve-refmat/profile/matvec_reference.c.o build/full/256f/mve-refmat/profile/fips202.c.o build/full/256f/mve-refmat/profile/platform.c.o build/full/256f/mve-refmat/profile/system_stm32n6xx_fsbl.c.o build/full/256f/mve-refmat/profile/stm32n6xx_hal.c.o build/full/256f/mve-refmat/profile/stm32n6xx_hal_cortex.c.o build/full/256f/mve-refmat/profile/stm32n6xx_hal_pwr.c.o build/full/256f/mve-refmat/profile/stm32n6xx_hal_pwr_ex.c.o build/full/256f/mve-refmat/profile/stm32n6xx_hal_rcc.c.o build/full/256f/mve-refmat/profile/stm32n6xx_hal_rcc_ex.c.o build/full/256f/mve-refmat/profile/startup_stm32n657x0hxq_fsbl.s.o -lc -lm -o build/full/256f/mve-refmat/profile/aimer-m55-256f-mve-refmat-profile.elf
/Users/seungwon/test/.tools/xpack-arm-none-eabi-gcc-15.2.1-1.1/bin/../lib/gcc/arm-none-eabi/15.2.1/../../../../arm-none-eabi/bin/ld: /Users/seungwon/test/.tools/xpack-arm-none-eabi-gcc-15.2.1-1.1/bin/../lib/gcc/arm-none-eabi/15.2.1/../../../../arm-none-eabi/lib/thumb/v8-m.main+dp/hard/libc.a(libc_a-closer.o): in function `_close_r':
(.text._close_r+0xc): warning: _close is not implemented and will always fail
/Users/seungwon/test/.tools/xpack-arm-none-eabi-gcc-15.2.1-1.1/bin/../lib/gcc/arm-none-eabi/15.2.1/../../../../arm-none-eabi/bin/ld: /Users/seungwon/test/.tools/xpack-arm-none-eabi-gcc-15.2.1-1.1/bin/../lib/gcc/arm-none-eabi/15.2.1/../../../../arm-none-eabi/lib/thumb/v8-m.main+dp/hard/libc.a(libc_a-closer.o): note: the message above does not take linker garbage collection into account
/Users/seungwon/test/.tools/xpack-arm-none-eabi-gcc-15.2.1-1.1/bin/../lib/gcc/arm-none-eabi/15.2.1/../../../../arm-none-eabi/bin/ld: /Users/seungwon/test/.tools/xpack-arm-none-eabi-gcc-15.2.1-1.1/bin/../lib/gcc/arm-none-eabi/15.2.1/../../../../arm-none-eabi/lib/thumb/v8-m.main+dp/hard/libc.a(libc_a-fstatr.o): in function `_fstat_r':
(.text._fstat_r+0xe): warning: _fstat is not implemented and will always fail
/Users/seungwon/test/.tools/xpack-arm-none-eabi-gcc-15.2.1-1.1/bin/../lib/gcc/arm-none-eabi/15.2.1/../../../../arm-none-eabi/bin/ld: /Users/seungwon/test/.tools/xpack-arm-none-eabi-gcc-15.2.1-1.1/bin/../lib/gcc/arm-none-eabi/15.2.1/../../../../arm-none-eabi/lib/thumb/v8-m.main+dp/hard/libc.a(libc_a-fstatr.o): note: the message above does not take linker garbage collection into account
/Users/seungwon/test/.tools/xpack-arm-none-eabi-gcc-15.2.1-1.1/bin/../lib/gcc/arm-none-eabi/15.2.1/../../../../arm-none-eabi/bin/ld: /Users/seungwon/test/.tools/xpack-arm-none-eabi-gcc-15.2.1-1.1/bin/../lib/gcc/arm-none-eabi/15.2.1/../../../../arm-none-eabi/lib/thumb/v8-m.main+dp/hard/libc.a(libc_a-signalr.o): in function `_getpid_r':
(.text._getpid_r+0x0): warning: _getpid is not implemented and will always fail
/Users/seungwon/test/.tools/xpack-arm-none-eabi-gcc-15.2.1-1.1/bin/../lib/gcc/arm-none-eabi/15.2.1/../../../../arm-none-eabi/bin/ld: /Users/seungwon/test/.tools/xpack-arm-none-eabi-gcc-15.2.1-1.1/bin/../lib/gcc/arm-none-eabi/15.2.1/../../../../arm-none-eabi/lib/thumb/v8-m.main+dp/hard/libc.a(libc_a-signalr.o): note: the message above does not take linker garbage collection into account
/Users/seungwon/test/.tools/xpack-arm-none-eabi-gcc-15.2.1-1.1/bin/../lib/gcc/arm-none-eabi/15.2.1/../../../../arm-none-eabi/bin/ld: /Users/seungwon/test/.tools/xpack-arm-none-eabi-gcc-15.2.1-1.1/bin/../lib/gcc/arm-none-eabi/15.2.1/../../../../arm-none-eabi/lib/thumb/v8-m.main+dp/hard/libc.a(libc_a-isattyr.o): in function `_isatty_r':
(.text._isatty_r+0xc): warning: _isatty is not implemented and will always fail
/Users/seungwon/test/.tools/xpack-arm-none-eabi-gcc-15.2.1-1.1/bin/../lib/gcc/arm-none-eabi/15.2.1/../../../../arm-none-eabi/bin/ld: /Users/seungwon/test/.tools/xpack-arm-none-eabi-gcc-15.2.1-1.1/bin/../lib/gcc/arm-none-eabi/15.2.1/../../../../arm-none-eabi/lib/thumb/v8-m.main+dp/hard/libc.a(libc_a-isattyr.o): note: the message above does not take linker garbage collection into account
/Users/seungwon/test/.tools/xpack-arm-none-eabi-gcc-15.2.1-1.1/bin/../lib/gcc/arm-none-eabi/15.2.1/../../../../arm-none-eabi/bin/ld: /Users/seungwon/test/.tools/xpack-arm-none-eabi-gcc-15.2.1-1.1/bin/../lib/gcc/arm-none-eabi/15.2.1/../../../../arm-none-eabi/lib/thumb/v8-m.main+dp/hard/libc.a(libc_a-signalr.o): in function `_kill_r':
(.text._kill_r+0xe): warning: _kill is not implemented and will always fail
/Users/seungwon/test/.tools/xpack-arm-none-eabi-gcc-15.2.1-1.1/bin/../lib/gcc/arm-none-eabi/15.2.1/../../../../arm-none-eabi/bin/ld: /Users/seungwon/test/.tools/xpack-arm-none-eabi-gcc-15.2.1-1.1/bin/../lib/gcc/arm-none-eabi/15.2.1/../../../../arm-none-eabi/lib/thumb/v8-m.main+dp/hard/libc.a(libc_a-signalr.o): note: the message above does not take linker garbage collection into account
/Users/seungwon/test/.tools/xpack-arm-none-eabi-gcc-15.2.1-1.1/bin/../lib/gcc/arm-none-eabi/15.2.1/../../../../arm-none-eabi/bin/ld: /Users/seungwon/test/.tools/xpack-arm-none-eabi-gcc-15.2.1-1.1/bin/../lib/gcc/arm-none-eabi/15.2.1/../../../../arm-none-eabi/lib/thumb/v8-m.main+dp/hard/libc.a(libc_a-lseekr.o): in function `_lseek_r':
(.text._lseek_r+0x10): warning: _lseek is not implemented and will always fail
/Users/seungwon/test/.tools/xpack-arm-none-eabi-gcc-15.2.1-1.1/bin/../lib/gcc/arm-none-eabi/15.2.1/../../../../arm-none-eabi/bin/ld: /Users/seungwon/test/.tools/xpack-arm-none-eabi-gcc-15.2.1-1.1/bin/../lib/gcc/arm-none-eabi/15.2.1/../../../../arm-none-eabi/lib/thumb/v8-m.main+dp/hard/libc.a(libc_a-lseekr.o): note: the message above does not take linker garbage collection into account
Memory region         Used Size  Region Size  %age Used
             ROM:       76016 B       255 KB     29.11%
         BOOTRAM:        256 KB       256 KB    100.00%
         HEAPRAM:          4 KB      1792 KB      0.22%
/Users/seungwon/test/.tools/xpack-arm-none-eabi-gcc-15.2.1-1.1/bin/arm-none-eabi-size build/full/256f/mve-refmat/profile/aimer-m55-256f-mve-refmat-profile.elf
   text	   data	    bss	    dec	    hex	filename
  73788	   2192	 189016	 264996	  40b24	build/full/256f/mve-refmat/profile/aimer-m55-256f-mve-refmat-profile.elf
/Users/Shared/cortexctl run m55 -- /Users/seungwon/test/.tools/xpack-openocd-0.12.0-7/bin/openocd \
		-s /Users/seungwon/test/.tools/xpack-openocd-0.12.0-7/openocd/scripts -s /Users/seungwon/test/.tools/openocd-scripts \
		-f toolchain/board/nucleo-n657x0-q/openocd.cfg \
		-c init -c 'reset halt' \
		-c 'load_image /Users/seungwon/AIMer3_on_AVX512/AIMer_v3/m55/build/full/256f/mve-refmat/profile/aimer-m55-256f-mve-refmat-profile.elf' \
		-c 'verify_image /Users/seungwon/AIMer3_on_AVX512/AIMer_v3/m55/build/full/256f/mve-refmat/profile/aimer-m55-256f-mve-refmat-profile.elf' \
		-c 'set vector_msp [mrw 0x34180400]' \
		-c 'set vector_reset [mrw 0x34180404]' \
		-c 'arm semihosting enable' \
		-c 'arm semihosting_resexit enable' \
		-c 'reg msp $vector_msp' -c 'resume $vector_reset'
xPack Open On-Chip Debugger 0.12.0+dev-02228-ge5888bda3-dirty (2025-10-04-22:45)
Licensed under GNU GPL v2
For bug reports, read
	http://openocd.org/doc/doxygen/bugs.html
adapter speed: 1000 kHz
Info : STLINK V3J15M6 (API v3) VID:PID 0483:3754
Info : Target voltage: 3.279840
Info : clock speed 1000 kHz
Info : SWD DPIDR 0x6ba02477
Info : [stm32n6x.ap0] Examination succeed
Info : [stm32n6x.cpu] Cortex-M55 r1p1 processor detected
Info : [stm32n6x.cpu] target has 8 breakpoints, 8 watchpoints
stm32n6x.cpu in Secure state
Info : [stm32n6x.cpu] Examination succeed
Info : [stm32n6x.ap0] gdb port disabled
Info : [stm32n6x.cpu] starting gdb server on 3333
Info : Listening on port 3333 for gdb connections
[stm32n6x.cpu] halted due to debug-request, current mode: Thread 
xPSR: 0x81000000 pc: 0x18003a1a msp: 0x341037a0
74848 bytes written at address 0x34180000
2192 bytes written at address 0x34192460
downloaded 77040 bytes in 0.565900s (132.946 KiB/s)
verified 77040 bytes in 0.617242s (121.888 KiB/s)
0x34200000
0x34188809
semihosting is enabled
semihosting resumable exit is enabled
msp (/32): 0x34200000
Info : Listening on port 6666 for tcl connections
Info : Listening on port 4444 for telnet connections
AIMer v3 on NUCLEO-N657X0-Q
Cortex-M55 @ 600000000 Hz, MVE=2, I/D-cache=on
PROFILE_CONFIG,param=256f,config=mve_refmat,backend=mve,matvec=reference,cpu_hz=600000000,bits=256,limbs16=16,padded_limbs16=16,L=3,N=16,T=65,exponent_sum=40
PROFILE_COUNTS,param=256f,keygen_inv=4,keygen_mul=1024,keygen_sqr=1060,linear_generation_matvec=1536,keygen_total_matvec=1542,sign_batch_mpc=520,sign_scalar_mpc=65,verify_batch_mpc=260,challenge_batch_mul_sign=3120,challenge_batch_mul_verify=3120
PROFILE_SAMPLE,param=256f,config=mve_refmat,backend=mve,matvec=reference,operation=gf_mul,sample=0,inner=64,items=1,raw_cycles=147749
PROFILE_SAMPLE,param=256f,config=mve_refmat,backend=mve,matvec=reference,operation=gf_mul,sample=1,inner=64,items=1,raw_cycles=146438
PROFILE_SAMPLE,param=256f,config=mve_refmat,backend=mve,matvec=reference,operation=gf_mul,sample=2,inner=64,items=1,raw_cycles=146438
PROFILE_SAMPLE,param=256f,config=mve_refmat,backend=mve,matvec=reference,operation=gf_mul,sample=3,inner=64,items=1,raw_cycles=146438
PROFILE_SAMPLE,param=256f,config=mve_refmat,backend=mve,matvec=reference,operation=gf_mul,sample=4,inner=64,items=1,raw_cycles=146438
PROFILE_SAMPLE,param=256f,config=mve_refmat,backend=mve,matvec=reference,operation=gf_mul,sample=5,inner=64,items=1,raw_cycles=146438
PROFILE_SAMPLE,param=256f,config=mve_refmat,backend=mve,matvec=reference,operation=gf_mul,sample=6,inner=64,items=1,raw_cycles=146438
PROFILE_SAMPLE,param=256f,config=mve_refmat,backend=mve,matvec=reference,operation=gf_mul,sample=7,inner=64,items=1,raw_cycles=146438
PROFILE_SAMPLE,param=256f,config=mve_refmat,backend=mve,matvec=reference,operation=gf_mul,sample=8,inner=64,items=1,raw_cycles=146438
PROFILE_SAMPLE,param=256f,config=mve_refmat,backend=mve,matvec=reference,operation=gf_mul,sample=9,inner=64,items=1,raw_cycles=146438
PROFILE_SAMPLE,param=256f,config=mve_refmat,backend=mve,matvec=reference,operation=gf_mul,sample=10,inner=64,items=1,raw_cycles=146438
PROFILE_SAMPLE,param=256f,config=mve_refmat,backend=mve,matvec=reference,operation=gf_mul,sample=11,inner=64,items=1,raw_cycles=146438
PROFILE_SAMPLE,param=256f,config=mve_refmat,backend=mve,matvec=reference,operation=gf_mul,sample=12,inner=64,items=1,raw_cycles=146438
PROFILE_SAMPLE,param=256f,config=mve_refmat,backend=mve,matvec=reference,operation=gf_mul,sample=13,inner=64,items=1,raw_cycles=146438
PROFILE_SAMPLE,param=256f,config=mve_refmat,backend=mve,matvec=reference,operation=gf_mul,sample=14,inner=64,items=1,raw_cycles=146438
PROFILE_SAMPLE,param=256f,config=mve_refmat,backend=mve,matvec=reference,operation=gf_mul,sample=15,inner=64,items=1,raw_cycles=146438
PROFILE_SAMPLE,param=256f,config=mve_refmat,backend=mve,matvec=reference,operation=gf_mul,sample=16,inner=64,items=1,raw_cycles=146438
PROFILE_SAMPLE,param=256f,config=mve_refmat,backend=mve,matvec=reference,operation=gf_mul,sample=17,inner=64,items=1,raw_cycles=146438
PROFILE_SAMPLE,param=256f,config=mve_refmat,backend=mve,matvec=reference,operation=gf_mul,sample=18,inner=64,items=1,raw_cycles=146438
PROFILE_SAMPLE,param=256f,config=mve_refmat,backend=mve,matvec=reference,operation=gf_mul,sample=19,inner=64,items=1,raw_cycles=146438
PROFILE_SAMPLE,param=256f,config=mve_refmat,backend=mve,matvec=reference,operation=gf_mul,sample=20,inner=64,items=1,raw_cycles=146438
PROFILE_SAMPLE,param=256f,config=mve_refmat,backend=mve,matvec=reference,operation=gf_mul,sample=21,inner=64,items=1,raw_cycles=146438
PROFILE_SAMPLE,param=256f,config=mve_refmat,backend=mve,matvec=reference,operation=gf_mul,sample=22,inner=64,items=1,raw_cycles=146438
PROFILE_SAMPLE,param=256f,config=mve_refmat,backend=mve,matvec=reference,operation=gf_mul,sample=23,inner=64,items=1,raw_cycles=146438
PROFILE_SAMPLE,param=256f,config=mve_refmat,backend=mve,matvec=reference,operation=gf_mul,sample=24,inner=64,items=1,raw_cycles=146438
PROFILE_SAMPLE,param=256f,config=mve_refmat,backend=mve,matvec=reference,operation=gf_mul,sample=25,inner=64,items=1,raw_cycles=146438
PROFILE_SAMPLE,param=256f,config=mve_refmat,backend=mve,matvec=reference,operation=gf_mul,sample=26,inner=64,items=1,raw_cycles=146438
PROFILE_SAMPLE,param=256f,config=mve_refmat,backend=mve,matvec=reference,operation=gf_mul,sample=27,inner=64,items=1,raw_cycles=146438
PROFILE_SAMPLE,param=256f,config=mve_refmat,backend=mve,matvec=reference,operation=gf_mul,sample=28,inner=64,items=1,raw_cycles=146438
PROFILE_SAMPLE,param=256f,config=mve_refmat,backend=mve,matvec=reference,operation=gf_mul,sample=29,inner=64,items=1,raw_cycles=146438
PROFILE_SAMPLE,param=256f,config=mve_refmat,backend=mve,matvec=reference,operation=gf_mul,sample=30,inner=64,items=1,raw_cycles=146438
PROFILE_RESULT,param=256f,config=mve_refmat,backend=mve,matvec=reference,operation=gf_mul,samples=31,inner=64,items=1,min=2288.09,median=2288.09,mean=2288.75,stddev=3.62,max=2308.58,cycles_per_item_mean=2288.75
PROFILE_SAMPLE,param=256f,config=mve_refmat,backend=mve,matvec=reference,operation=gf_sqr,sample=0,inner=64,items=1,raw_cycles=37924
PROFILE_SAMPLE,param=256f,config=mve_refmat,backend=mve,matvec=reference,operation=gf_sqr,sample=1,inner=64,items=1,raw_cycles=36228
PROFILE_SAMPLE,param=256f,config=mve_refmat,backend=mve,matvec=reference,operation=gf_sqr,sample=2,inner=64,items=1,raw_cycles=36228
PROFILE_SAMPLE,param=256f,config=mve_refmat,backend=mve,matvec=reference,operation=gf_sqr,sample=3,inner=64,items=1,raw_cycles=36228
PROFILE_SAMPLE,param=256f,config=mve_refmat,backend=mve,matvec=reference,operation=gf_sqr,sample=4,inner=64,items=1,raw_cycles=36228
PROFILE_SAMPLE,param=256f,config=mve_refmat,backend=mve,matvec=reference,operation=gf_sqr,sample=5,inner=64,items=1,raw_cycles=36228
PROFILE_SAMPLE,param=256f,config=mve_refmat,backend=mve,matvec=reference,operation=gf_sqr,sample=6,inner=64,items=1,raw_cycles=36228
PROFILE_SAMPLE,param=256f,config=mve_refmat,backend=mve,matvec=reference,operation=gf_sqr,sample=7,inner=64,items=1,raw_cycles=36228
PROFILE_SAMPLE,param=256f,config=mve_refmat,backend=mve,matvec=reference,operation=gf_sqr,sample=8,inner=64,items=1,raw_cycles=36228
PROFILE_SAMPLE,param=256f,config=mve_refmat,backend=mve,matvec=reference,operation=gf_sqr,sample=9,inner=64,items=1,raw_cycles=36228
PROFILE_SAMPLE,param=256f,config=mve_refmat,backend=mve,matvec=reference,operation=gf_sqr,sample=10,inner=64,items=1,raw_cycles=36228
PROFILE_SAMPLE,param=256f,config=mve_refmat,backend=mve,matvec=reference,operation=gf_sqr,sample=11,inner=64,items=1,raw_cycles=36228
PROFILE_SAMPLE,param=256f,config=mve_refmat,backend=mve,matvec=reference,operation=gf_sqr,sample=12,inner=64,items=1,raw_cycles=36228
PROFILE_SAMPLE,param=256f,config=mve_refmat,backend=mve,matvec=reference,operation=gf_sqr,sample=13,inner=64,items=1,raw_cycles=36228
PROFILE_SAMPLE,param=256f,config=mve_refmat,backend=mve,matvec=reference,operation=gf_sqr,sample=14,inner=64,items=1,raw_cycles=36228
PROFILE_SAMPLE,param=256f,config=mve_refmat,backend=mve,matvec=reference,operation=gf_sqr,sample=15,inner=64,items=1,raw_cycles=36228
PROFILE_SAMPLE,param=256f,config=mve_refmat,backend=mve,matvec=reference,operation=gf_sqr,sample=16,inner=64,items=1,raw_cycles=36228
PROFILE_SAMPLE,param=256f,config=mve_refmat,backend=mve,matvec=reference,operation=gf_sqr,sample=17,inner=64,items=1,raw_cycles=36228
PROFILE_SAMPLE,param=256f,config=mve_refmat,backend=mve,matvec=reference,operation=gf_sqr,sample=18,inner=64,items=1,raw_cycles=36228
PROFILE_SAMPLE,param=256f,config=mve_refmat,backend=mve,matvec=reference,operation=gf_sqr,sample=19,inner=64,items=1,raw_cycles=36228
PROFILE_SAMPLE,param=256f,config=mve_refmat,backend=mve,matvec=reference,operation=gf_sqr,sample=20,inner=64,items=1,raw_cycles=36228
PROFILE_SAMPLE,param=256f,config=mve_refmat,backend=mve,matvec=reference,operation=gf_sqr,sample=21,inner=64,items=1,raw_cycles=36228
PROFILE_SAMPLE,param=256f,config=mve_refmat,backend=mve,matvec=reference,operation=gf_sqr,sample=22,inner=64,items=1,raw_cycles=36228
PROFILE_SAMPLE,param=256f,config=mve_refmat,backend=mve,matvec=reference,operation=gf_sqr,sample=23,inner=64,items=1,raw_cycles=36228
PROFILE_SAMPLE,param=256f,config=mve_refmat,backend=mve,matvec=reference,operation=gf_sqr,sample=24,inner=64,items=1,raw_cycles=36228
PROFILE_SAMPLE,param=256f,config=mve_refmat,backend=mve,matvec=reference,operation=gf_sqr,sample=25,inner=64,items=1,raw_cycles=36228
PROFILE_SAMPLE,param=256f,config=mve_refmat,backend=mve,matvec=reference,operation=gf_sqr,sample=26,inner=64,items=1,raw_cycles=36228
PROFILE_SAMPLE,param=256f,config=mve_refmat,backend=mve,matvec=reference,operation=gf_sqr,sample=27,inner=64,items=1,raw_cycles=36228
PROFILE_SAMPLE,param=256f,config=mve_refmat,backend=mve,matvec=reference,operation=gf_sqr,sample=28,inner=64,items=1,raw_cycles=36228
PROFILE_SAMPLE,param=256f,config=mve_refmat,backend=mve,matvec=reference,operation=gf_sqr,sample=29,inner=64,items=1,raw_cycles=36228
PROFILE_SAMPLE,param=256f,config=mve_refmat,backend=mve,matvec=reference,operation=gf_sqr,sample=30,inner=64,items=1,raw_cycles=36228
PROFILE_RESULT,param=256f,config=mve_refmat,backend=mve,matvec=reference,operation=gf_sqr,samples=31,inner=64,items=1,min=566.06,median=566.06,mean=566.92,stddev=4.68,max=592.56,cycles_per_item_mean=566.92
PROFILE_SAMPLE,param=256f,config=mve_refmat,backend=mve,matvec=reference,operation=gf_inv,sample=0,inner=8,items=1,raw_cycles=5798174
PROFILE_SAMPLE,param=256f,config=mve_refmat,backend=mve,matvec=reference,operation=gf_inv,sample=1,inner=8,items=1,raw_cycles=5797989
PROFILE_SAMPLE,param=256f,config=mve_refmat,backend=mve,matvec=reference,operation=gf_inv,sample=2,inner=8,items=1,raw_cycles=5797989
PROFILE_SAMPLE,param=256f,config=mve_refmat,backend=mve,matvec=reference,operation=gf_inv,sample=3,inner=8,items=1,raw_cycles=5797990
PROFILE_SAMPLE,param=256f,config=mve_refmat,backend=mve,matvec=reference,operation=gf_inv,sample=4,inner=8,items=1,raw_cycles=5797989
PROFILE_SAMPLE,param=256f,config=mve_refmat,backend=mve,matvec=reference,operation=gf_inv,sample=5,inner=8,items=1,raw_cycles=5797989
PROFILE_SAMPLE,param=256f,config=mve_refmat,backend=mve,matvec=reference,operation=gf_inv,sample=6,inner=8,items=1,raw_cycles=5797989
PROFILE_SAMPLE,param=256f,config=mve_refmat,backend=mve,matvec=reference,operation=gf_inv,sample=7,inner=8,items=1,raw_cycles=5797989
PROFILE_SAMPLE,param=256f,config=mve_refmat,backend=mve,matvec=reference,operation=gf_inv,sample=8,inner=8,items=1,raw_cycles=5797989
PROFILE_SAMPLE,param=256f,config=mve_refmat,backend=mve,matvec=reference,operation=gf_inv,sample=9,inner=8,items=1,raw_cycles=5797989
PROFILE_SAMPLE,param=256f,config=mve_refmat,backend=mve,matvec=reference,operation=gf_inv,sample=10,inner=8,items=1,raw_cycles=5797989
PROFILE_SAMPLE,param=256f,config=mve_refmat,backend=mve,matvec=reference,operation=gf_inv,sample=11,inner=8,items=1,raw_cycles=5797989
PROFILE_SAMPLE,param=256f,config=mve_refmat,backend=mve,matvec=reference,operation=gf_inv,sample=12,inner=8,items=1,raw_cycles=5797989
PROFILE_SAMPLE,param=256f,config=mve_refmat,backend=mve,matvec=reference,operation=gf_inv,sample=13,inner=8,items=1,raw_cycles=5797989
PROFILE_SAMPLE,param=256f,config=mve_refmat,backend=mve,matvec=reference,operation=gf_inv,sample=14,inner=8,items=1,raw_cycles=5797990
PROFILE_SAMPLE,param=256f,config=mve_refmat,backend=mve,matvec=reference,operation=gf_inv,sample=15,inner=8,items=1,raw_cycles=5797989
PROFILE_SAMPLE,param=256f,config=mve_refmat,backend=mve,matvec=reference,operation=gf_inv,sample=16,inner=8,items=1,raw_cycles=5797989
PROFILE_SAMPLE,param=256f,config=mve_refmat,backend=mve,matvec=reference,operation=gf_inv,sample=17,inner=8,items=1,raw_cycles=5797989
PROFILE_SAMPLE,param=256f,config=mve_refmat,backend=mve,matvec=reference,operation=gf_inv,sample=18,inner=8,items=1,raw_cycles=5797989
PROFILE_SAMPLE,param=256f,config=mve_refmat,backend=mve,matvec=reference,operation=gf_inv,sample=19,inner=8,items=1,raw_cycles=5797989
PROFILE_SAMPLE,param=256f,config=mve_refmat,backend=mve,matvec=reference,operation=gf_inv,sample=20,inner=8,items=1,raw_cycles=5797989
PROFILE_SAMPLE,param=256f,config=mve_refmat,backend=mve,matvec=reference,operation=gf_inv,sample=21,inner=8,items=1,raw_cycles=5797989
PROFILE_SAMPLE,param=256f,config=mve_refmat,backend=mve,matvec=reference,operation=gf_inv,sample=22,inner=8,items=1,raw_cycles=5797989
PROFILE_SAMPLE,param=256f,config=mve_refmat,backend=mve,matvec=reference,operation=gf_inv,sample=23,inner=8,items=1,raw_cycles=5797989
PROFILE_SAMPLE,param=256f,config=mve_refmat,backend=mve,matvec=reference,operation=gf_inv,sample=24,inner=8,items=1,raw_cycles=5797990
PROFILE_SAMPLE,param=256f,config=mve_refmat,backend=mve,matvec=reference,operation=gf_inv,sample=25,inner=8,items=1,raw_cycles=5797989
PROFILE_SAMPLE,param=256f,config=mve_refmat,backend=mve,matvec=reference,operation=gf_inv,sample=26,inner=8,items=1,raw_cycles=5797989
PROFILE_SAMPLE,param=256f,config=mve_refmat,backend=mve,matvec=reference,operation=gf_inv,sample=27,inner=8,items=1,raw_cycles=5797989
PROFILE_SAMPLE,param=256f,config=mve_refmat,backend=mve,matvec=reference,operation=gf_inv,sample=28,inner=8,items=1,raw_cycles=5797989
PROFILE_SAMPLE,param=256f,config=mve_refmat,backend=mve,matvec=reference,operation=gf_inv,sample=29,inner=8,items=1,raw_cycles=5797989
PROFILE_SAMPLE,param=256f,config=mve_refmat,backend=mve,matvec=reference,operation=gf_inv,sample=30,inner=8,items=1,raw_cycles=5797989
PROFILE_RESULT,param=256f,config=mve_refmat,backend=mve,matvec=reference,operation=gf_inv,samples=31,inner=8,items=1,min=724748.62,median=724748.62,mean=724749.38,stddev=4.08,max=724771.75,cycles_per_item_mean=724749.38
PROFILE_SAMPLE,param=256f,config=mve_refmat,backend=mve,matvec=reference,operation=gf_mat_vec_mul,sample=0,inner=64,items=1,raw_cycles=850964
PROFILE_SAMPLE,param=256f,config=mve_refmat,backend=mve,matvec=reference,operation=gf_mat_vec_mul,sample=1,inner=64,items=1,raw_cycles=846478
PROFILE_SAMPLE,param=256f,config=mve_refmat,backend=mve,matvec=reference,operation=gf_mat_vec_mul,sample=2,inner=64,items=1,raw_cycles=846443
PROFILE_SAMPLE,param=256f,config=mve_refmat,backend=mve,matvec=reference,operation=gf_mat_vec_mul,sample=3,inner=64,items=1,raw_cycles=846443
PROFILE_SAMPLE,param=256f,config=mve_refmat,backend=mve,matvec=reference,operation=gf_mat_vec_mul,sample=4,inner=64,items=1,raw_cycles=846442
PROFILE_SAMPLE,param=256f,config=mve_refmat,backend=mve,matvec=reference,operation=gf_mat_vec_mul,sample=5,inner=64,items=1,raw_cycles=846443
PROFILE_SAMPLE,param=256f,config=mve_refmat,backend=mve,matvec=reference,operation=gf_mat_vec_mul,sample=6,inner=64,items=1,raw_cycles=846443
PROFILE_SAMPLE,param=256f,config=mve_refmat,backend=mve,matvec=reference,operation=gf_mat_vec_mul,sample=7,inner=64,items=1,raw_cycles=846443
PROFILE_SAMPLE,param=256f,config=mve_refmat,backend=mve,matvec=reference,operation=gf_mat_vec_mul,sample=8,inner=64,items=1,raw_cycles=846443
PROFILE_SAMPLE,param=256f,config=mve_refmat,backend=mve,matvec=reference,operation=gf_mat_vec_mul,sample=9,inner=64,items=1,raw_cycles=846443
PROFILE_SAMPLE,param=256f,config=mve_refmat,backend=mve,matvec=reference,operation=gf_mat_vec_mul,sample=10,inner=64,items=1,raw_cycles=846443
PROFILE_SAMPLE,param=256f,config=mve_refmat,backend=mve,matvec=reference,operation=gf_mat_vec_mul,sample=11,inner=64,items=1,raw_cycles=846443
PROFILE_SAMPLE,param=256f,config=mve_refmat,backend=mve,matvec=reference,operation=gf_mat_vec_mul,sample=12,inner=64,items=1,raw_cycles=846443
PROFILE_SAMPLE,param=256f,config=mve_refmat,backend=mve,matvec=reference,operation=gf_mat_vec_mul,sample=13,inner=64,items=1,raw_cycles=846443
PROFILE_SAMPLE,param=256f,config=mve_refmat,backend=mve,matvec=reference,operation=gf_mat_vec_mul,sample=14,inner=64,items=1,raw_cycles=846479
PROFILE_SAMPLE,param=256f,config=mve_refmat,backend=mve,matvec=reference,operation=gf_mat_vec_mul,sample=15,inner=64,items=1,raw_cycles=846443
PROFILE_SAMPLE,param=256f,config=mve_refmat,backend=mve,matvec=reference,operation=gf_mat_vec_mul,sample=16,inner=64,items=1,raw_cycles=846442
PROFILE_SAMPLE,param=256f,config=mve_refmat,backend=mve,matvec=reference,operation=gf_mat_vec_mul,sample=17,inner=64,items=1,raw_cycles=846442
PROFILE_SAMPLE,param=256f,config=mve_refmat,backend=mve,matvec=reference,operation=gf_mat_vec_mul,sample=18,inner=64,items=1,raw_cycles=846478
PROFILE_SAMPLE,param=256f,config=mve_refmat,backend=mve,matvec=reference,operation=gf_mat_vec_mul,sample=19,inner=64,items=1,raw_cycles=846480
PROFILE_SAMPLE,param=256f,config=mve_refmat,backend=mve,matvec=reference,operation=gf_mat_vec_mul,sample=20,inner=64,items=1,raw_cycles=846444
PROFILE_SAMPLE,param=256f,config=mve_refmat,backend=mve,matvec=reference,operation=gf_mat_vec_mul,sample=21,inner=64,items=1,raw_cycles=846443
PROFILE_SAMPLE,param=256f,config=mve_refmat,backend=mve,matvec=reference,operation=gf_mat_vec_mul,sample=22,inner=64,items=1,raw_cycles=846442
PROFILE_SAMPLE,param=256f,config=mve_refmat,backend=mve,matvec=reference,operation=gf_mat_vec_mul,sample=23,inner=64,items=1,raw_cycles=846443
PROFILE_SAMPLE,param=256f,config=mve_refmat,backend=mve,matvec=reference,operation=gf_mat_vec_mul,sample=24,inner=64,items=1,raw_cycles=846443
PROFILE_SAMPLE,param=256f,config=mve_refmat,backend=mve,matvec=reference,operation=gf_mat_vec_mul,sample=25,inner=64,items=1,raw_cycles=846443
PROFILE_SAMPLE,param=256f,config=mve_refmat,backend=mve,matvec=reference,operation=gf_mat_vec_mul,sample=26,inner=64,items=1,raw_cycles=846443
PROFILE_SAMPLE,param=256f,config=mve_refmat,backend=mve,matvec=reference,operation=gf_mat_vec_mul,sample=27,inner=64,items=1,raw_cycles=846443
PROFILE_SAMPLE,param=256f,config=mve_refmat,backend=mve,matvec=reference,operation=gf_mat_vec_mul,sample=28,inner=64,items=1,raw_cycles=846443
PROFILE_SAMPLE,param=256f,config=mve_refmat,backend=mve,matvec=reference,operation=gf_mat_vec_mul,sample=29,inner=64,items=1,raw_cycles=846443
PROFILE_SAMPLE,param=256f,config=mve_refmat,backend=mve,matvec=reference,operation=gf_mat_vec_mul,sample=30,inner=64,items=1,raw_cycles=846443
PROFILE_RESULT,param=256f,config=mve_refmat,backend=mve,matvec=reference,operation=gf_mat_vec_mul,samples=31,inner=64,items=1,min=13225.66,median=13225.67,mean=13228.02,stddev=12.47,max=13296.31,cycles_per_item_mean=13228.02
PROFILE_SAMPLE,param=256f,config=mve_refmat,backend=mve,matvec=reference,operation=gf_mat_vec_mul_add,sample=0,inner=64,items=1,raw_cycles=850340
PROFILE_SAMPLE,param=256f,config=mve_refmat,backend=mve,matvec=reference,operation=gf_mat_vec_mul_add,sample=1,inner=64,items=1,raw_cycles=848970
PROFILE_SAMPLE,param=256f,config=mve_refmat,backend=mve,matvec=reference,operation=gf_mat_vec_mul_add,sample=2,inner=64,items=1,raw_cycles=848968
PROFILE_SAMPLE,param=256f,config=mve_refmat,backend=mve,matvec=reference,operation=gf_mat_vec_mul_add,sample=3,inner=64,items=1,raw_cycles=848968
PROFILE_SAMPLE,param=256f,config=mve_refmat,backend=mve,matvec=reference,operation=gf_mat_vec_mul_add,sample=4,inner=64,items=1,raw_cycles=848968
PROFILE_SAMPLE,param=256f,config=mve_refmat,backend=mve,matvec=reference,operation=gf_mat_vec_mul_add,sample=5,inner=64,items=1,raw_cycles=848968
PROFILE_SAMPLE,param=256f,config=mve_refmat,backend=mve,matvec=reference,operation=gf_mat_vec_mul_add,sample=6,inner=64,items=1,raw_cycles=848968
PROFILE_SAMPLE,param=256f,config=mve_refmat,backend=mve,matvec=reference,operation=gf_mat_vec_mul_add,sample=7,inner=64,items=1,raw_cycles=848971
PROFILE_SAMPLE,param=256f,config=mve_refmat,backend=mve,matvec=reference,operation=gf_mat_vec_mul_add,sample=8,inner=64,items=1,raw_cycles=848968
PROFILE_SAMPLE,param=256f,config=mve_refmat,backend=mve,matvec=reference,operation=gf_mat_vec_mul_add,sample=9,inner=64,items=1,raw_cycles=848968
PROFILE_SAMPLE,param=256f,config=mve_refmat,backend=mve,matvec=reference,operation=gf_mat_vec_mul_add,sample=10,inner=64,items=1,raw_cycles=848968
PROFILE_SAMPLE,param=256f,config=mve_refmat,backend=mve,matvec=reference,operation=gf_mat_vec_mul_add,sample=11,inner=64,items=1,raw_cycles=848968
PROFILE_SAMPLE,param=256f,config=mve_refmat,backend=mve,matvec=reference,operation=gf_mat_vec_mul_add,sample=12,inner=64,items=1,raw_cycles=848968
PROFILE_SAMPLE,param=256f,config=mve_refmat,backend=mve,matvec=reference,operation=gf_mat_vec_mul_add,sample=13,inner=64,items=1,raw_cycles=848968
PROFILE_SAMPLE,param=256f,config=mve_refmat,backend=mve,matvec=reference,operation=gf_mat_vec_mul_add,sample=14,inner=64,items=1,raw_cycles=848971
PROFILE_SAMPLE,param=256f,config=mve_refmat,backend=mve,matvec=reference,operation=gf_mat_vec_mul_add,sample=15,inner=64,items=1,raw_cycles=848968
PROFILE_SAMPLE,param=256f,config=mve_refmat,backend=mve,matvec=reference,operation=gf_mat_vec_mul_add,sample=16,inner=64,items=1,raw_cycles=848969
PROFILE_SAMPLE,param=256f,config=mve_refmat,backend=mve,matvec=reference,operation=gf_mat_vec_mul_add,sample=17,inner=64,items=1,raw_cycles=848972
PROFILE_SAMPLE,param=256f,config=mve_refmat,backend=mve,matvec=reference,operation=gf_mat_vec_mul_add,sample=18,inner=64,items=1,raw_cycles=848969
PROFILE_SAMPLE,param=256f,config=mve_refmat,backend=mve,matvec=reference,operation=gf_mat_vec_mul_add,sample=19,inner=64,items=1,raw_cycles=848971
PROFILE_SAMPLE,param=256f,config=mve_refmat,backend=mve,matvec=reference,operation=gf_mat_vec_mul_add,sample=20,inner=64,items=1,raw_cycles=848968
PROFILE_SAMPLE,param=256f,config=mve_refmat,backend=mve,matvec=reference,operation=gf_mat_vec_mul_add,sample=21,inner=64,items=1,raw_cycles=848968
PROFILE_SAMPLE,param=256f,config=mve_refmat,backend=mve,matvec=reference,operation=gf_mat_vec_mul_add,sample=22,inner=64,items=1,raw_cycles=848968
PROFILE_SAMPLE,param=256f,config=mve_refmat,backend=mve,matvec=reference,operation=gf_mat_vec_mul_add,sample=23,inner=64,items=1,raw_cycles=848968
PROFILE_SAMPLE,param=256f,config=mve_refmat,backend=mve,matvec=reference,operation=gf_mat_vec_mul_add,sample=24,inner=64,items=1,raw_cycles=848968
PROFILE_SAMPLE,param=256f,config=mve_refmat,backend=mve,matvec=reference,operation=gf_mat_vec_mul_add,sample=25,inner=64,items=1,raw_cycles=848968
PROFILE_SAMPLE,param=256f,config=mve_refmat,backend=mve,matvec=reference,operation=gf_mat_vec_mul_add,sample=26,inner=64,items=1,raw_cycles=848971
PROFILE_SAMPLE,param=256f,config=mve_refmat,backend=mve,matvec=reference,operation=gf_mat_vec_mul_add,sample=27,inner=64,items=1,raw_cycles=848968
PROFILE_SAMPLE,param=256f,config=mve_refmat,backend=mve,matvec=reference,operation=gf_mat_vec_mul_add,sample=28,inner=64,items=1,raw_cycles=848968
PROFILE_SAMPLE,param=256f,config=mve_refmat,backend=mve,matvec=reference,operation=gf_mat_vec_mul_add,sample=29,inner=64,items=1,raw_cycles=848968
PROFILE_SAMPLE,param=256f,config=mve_refmat,backend=mve,matvec=reference,operation=gf_mat_vec_mul_add,sample=30,inner=64,items=1,raw_cycles=848968
PROFILE_RESULT,param=256f,config=mve_refmat,backend=mve,matvec=reference,operation=gf_mat_vec_mul_add,samples=31,inner=64,items=1,min=13265.12,median=13265.12,mean=13265.83,stddev=3.79,max=13286.56,cycles_per_item_mean=13265.83
PROFILE_SAMPLE,param=256f,config=mve_refmat,backend=mve,matvec=reference,operation=gf_sqr_batch4,sample=0,inner=64,items=4,raw_cycles=98464
PROFILE_SAMPLE,param=256f,config=mve_refmat,backend=mve,matvec=reference,operation=gf_sqr_batch4,sample=1,inner=64,items=4,raw_cycles=96749
PROFILE_SAMPLE,param=256f,config=mve_refmat,backend=mve,matvec=reference,operation=gf_sqr_batch4,sample=2,inner=64,items=4,raw_cycles=96745
PROFILE_SAMPLE,param=256f,config=mve_refmat,backend=mve,matvec=reference,operation=gf_sqr_batch4,sample=3,inner=64,items=4,raw_cycles=96747
PROFILE_SAMPLE,param=256f,config=mve_refmat,backend=mve,matvec=reference,operation=gf_sqr_batch4,sample=4,inner=64,items=4,raw_cycles=96750
PROFILE_SAMPLE,param=256f,config=mve_refmat,backend=mve,matvec=reference,operation=gf_sqr_batch4,sample=5,inner=64,items=4,raw_cycles=96745
PROFILE_SAMPLE,param=256f,config=mve_refmat,backend=mve,matvec=reference,operation=gf_sqr_batch4,sample=6,inner=64,items=4,raw_cycles=96747
PROFILE_SAMPLE,param=256f,config=mve_refmat,backend=mve,matvec=reference,operation=gf_sqr_batch4,sample=7,inner=64,items=4,raw_cycles=96750
PROFILE_SAMPLE,param=256f,config=mve_refmat,backend=mve,matvec=reference,operation=gf_sqr_batch4,sample=8,inner=64,items=4,raw_cycles=96745
PROFILE_SAMPLE,param=256f,config=mve_refmat,backend=mve,matvec=reference,operation=gf_sqr_batch4,sample=9,inner=64,items=4,raw_cycles=96747
PROFILE_SAMPLE,param=256f,config=mve_refmat,backend=mve,matvec=reference,operation=gf_sqr_batch4,sample=10,inner=64,items=4,raw_cycles=96750
PROFILE_SAMPLE,param=256f,config=mve_refmat,backend=mve,matvec=reference,operation=gf_sqr_batch4,sample=11,inner=64,items=4,raw_cycles=96745
PROFILE_SAMPLE,param=256f,config=mve_refmat,backend=mve,matvec=reference,operation=gf_sqr_batch4,sample=12,inner=64,items=4,raw_cycles=96747
PROFILE_SAMPLE,param=256f,config=mve_refmat,backend=mve,matvec=reference,operation=gf_sqr_batch4,sample=13,inner=64,items=4,raw_cycles=96750
PROFILE_SAMPLE,param=256f,config=mve_refmat,backend=mve,matvec=reference,operation=gf_sqr_batch4,sample=14,inner=64,items=4,raw_cycles=96745
PROFILE_SAMPLE,param=256f,config=mve_refmat,backend=mve,matvec=reference,operation=gf_sqr_batch4,sample=15,inner=64,items=4,raw_cycles=96747
PROFILE_SAMPLE,param=256f,config=mve_refmat,backend=mve,matvec=reference,operation=gf_sqr_batch4,sample=16,inner=64,items=4,raw_cycles=96750
PROFILE_SAMPLE,param=256f,config=mve_refmat,backend=mve,matvec=reference,operation=gf_sqr_batch4,sample=17,inner=64,items=4,raw_cycles=96745
PROFILE_SAMPLE,param=256f,config=mve_refmat,backend=mve,matvec=reference,operation=gf_sqr_batch4,sample=18,inner=64,items=4,raw_cycles=96747
PROFILE_SAMPLE,param=256f,config=mve_refmat,backend=mve,matvec=reference,operation=gf_sqr_batch4,sample=19,inner=64,items=4,raw_cycles=96750
PROFILE_SAMPLE,param=256f,config=mve_refmat,backend=mve,matvec=reference,operation=gf_sqr_batch4,sample=20,inner=64,items=4,raw_cycles=96745
PROFILE_SAMPLE,param=256f,config=mve_refmat,backend=mve,matvec=reference,operation=gf_sqr_batch4,sample=21,inner=64,items=4,raw_cycles=96747
PROFILE_SAMPLE,param=256f,config=mve_refmat,backend=mve,matvec=reference,operation=gf_sqr_batch4,sample=22,inner=64,items=4,raw_cycles=96750
PROFILE_SAMPLE,param=256f,config=mve_refmat,backend=mve,matvec=reference,operation=gf_sqr_batch4,sample=23,inner=64,items=4,raw_cycles=96745
PROFILE_SAMPLE,param=256f,config=mve_refmat,backend=mve,matvec=reference,operation=gf_sqr_batch4,sample=24,inner=64,items=4,raw_cycles=96747
PROFILE_SAMPLE,param=256f,config=mve_refmat,backend=mve,matvec=reference,operation=gf_sqr_batch4,sample=25,inner=64,items=4,raw_cycles=96750
PROFILE_SAMPLE,param=256f,config=mve_refmat,backend=mve,matvec=reference,operation=gf_sqr_batch4,sample=26,inner=64,items=4,raw_cycles=96745
PROFILE_SAMPLE,param=256f,config=mve_refmat,backend=mve,matvec=reference,operation=gf_sqr_batch4,sample=27,inner=64,items=4,raw_cycles=96747
PROFILE_SAMPLE,param=256f,config=mve_refmat,backend=mve,matvec=reference,operation=gf_sqr_batch4,sample=28,inner=64,items=4,raw_cycles=96750
PROFILE_SAMPLE,param=256f,config=mve_refmat,backend=mve,matvec=reference,operation=gf_sqr_batch4,sample=29,inner=64,items=4,raw_cycles=96745
PROFILE_SAMPLE,param=256f,config=mve_refmat,backend=mve,matvec=reference,operation=gf_sqr_batch4,sample=30,inner=64,items=4,raw_cycles=96747
PROFILE_RESULT,param=256f,config=mve_refmat,backend=mve,matvec=reference,operation=gf_sqr_batch4,samples=31,inner=64,items=4,min=1511.64,median=1511.67,mean=1512.54,stddev=4.74,max=1538.50,cycles_per_item_mean=378.14
PROFILE_SAMPLE,param=256f,config=mve_refmat,backend=mve,matvec=reference,operation=gf_frobenius_batch4_e3,sample=0,inner=8,items=4,raw_cycles=19485
PROFILE_SAMPLE,param=256f,config=mve_refmat,backend=mve,matvec=reference,operation=gf_frobenius_batch4_e3,sample=1,inner=8,items=4,raw_cycles=18368
PROFILE_SAMPLE,param=256f,config=mve_refmat,backend=mve,matvec=reference,operation=gf_frobenius_batch4_e3,sample=2,inner=8,items=4,raw_cycles=18366
PROFILE_SAMPLE,param=256f,config=mve_refmat,backend=mve,matvec=reference,operation=gf_frobenius_batch4_e3,sample=3,inner=8,items=4,raw_cycles=18346
PROFILE_SAMPLE,param=256f,config=mve_refmat,backend=mve,matvec=reference,operation=gf_frobenius_batch4_e3,sample=4,inner=8,items=4,raw_cycles=18347
PROFILE_SAMPLE,param=256f,config=mve_refmat,backend=mve,matvec=reference,operation=gf_frobenius_batch4_e3,sample=5,inner=8,items=4,raw_cycles=18345
PROFILE_SAMPLE,param=256f,config=mve_refmat,backend=mve,matvec=reference,operation=gf_frobenius_batch4_e3,sample=6,inner=8,items=4,raw_cycles=18344
PROFILE_SAMPLE,param=256f,config=mve_refmat,backend=mve,matvec=reference,operation=gf_frobenius_batch4_e3,sample=7,inner=8,items=4,raw_cycles=18344
PROFILE_SAMPLE,param=256f,config=mve_refmat,backend=mve,matvec=reference,operation=gf_frobenius_batch4_e3,sample=8,inner=8,items=4,raw_cycles=18345
PROFILE_SAMPLE,param=256f,config=mve_refmat,backend=mve,matvec=reference,operation=gf_frobenius_batch4_e3,sample=9,inner=8,items=4,raw_cycles=18343
PROFILE_SAMPLE,param=256f,config=mve_refmat,backend=mve,matvec=reference,operation=gf_frobenius_batch4_e3,sample=10,inner=8,items=4,raw_cycles=18346
PROFILE_SAMPLE,param=256f,config=mve_refmat,backend=mve,matvec=reference,operation=gf_frobenius_batch4_e3,sample=11,inner=8,items=4,raw_cycles=18346
PROFILE_SAMPLE,param=256f,config=mve_refmat,backend=mve,matvec=reference,operation=gf_frobenius_batch4_e3,sample=12,inner=8,items=4,raw_cycles=18347
PROFILE_SAMPLE,param=256f,config=mve_refmat,backend=mve,matvec=reference,operation=gf_frobenius_batch4_e3,sample=13,inner=8,items=4,raw_cycles=18344
PROFILE_SAMPLE,param=256f,config=mve_refmat,backend=mve,matvec=reference,operation=gf_frobenius_batch4_e3,sample=14,inner=8,items=4,raw_cycles=18346
PROFILE_SAMPLE,param=256f,config=mve_refmat,backend=mve,matvec=reference,operation=gf_frobenius_batch4_e3,sample=15,inner=8,items=4,raw_cycles=18345
PROFILE_SAMPLE,param=256f,config=mve_refmat,backend=mve,matvec=reference,operation=gf_frobenius_batch4_e3,sample=16,inner=8,items=4,raw_cycles=18343
PROFILE_SAMPLE,param=256f,config=mve_refmat,backend=mve,matvec=reference,operation=gf_frobenius_batch4_e3,sample=17,inner=8,items=4,raw_cycles=18346
PROFILE_SAMPLE,param=256f,config=mve_refmat,backend=mve,matvec=reference,operation=gf_frobenius_batch4_e3,sample=18,inner=8,items=4,raw_cycles=18346
PROFILE_SAMPLE,param=256f,config=mve_refmat,backend=mve,matvec=reference,operation=gf_frobenius_batch4_e3,sample=19,inner=8,items=4,raw_cycles=18347
PROFILE_SAMPLE,param=256f,config=mve_refmat,backend=mve,matvec=reference,operation=gf_frobenius_batch4_e3,sample=20,inner=8,items=4,raw_cycles=18344
PROFILE_SAMPLE,param=256f,config=mve_refmat,backend=mve,matvec=reference,operation=gf_frobenius_batch4_e3,sample=21,inner=8,items=4,raw_cycles=18346
PROFILE_SAMPLE,param=256f,config=mve_refmat,backend=mve,matvec=reference,operation=gf_frobenius_batch4_e3,sample=22,inner=8,items=4,raw_cycles=18345
PROFILE_SAMPLE,param=256f,config=mve_refmat,backend=mve,matvec=reference,operation=gf_frobenius_batch4_e3,sample=23,inner=8,items=4,raw_cycles=18343
PROFILE_SAMPLE,param=256f,config=mve_refmat,backend=mve,matvec=reference,operation=gf_frobenius_batch4_e3,sample=24,inner=8,items=4,raw_cycles=18346
PROFILE_SAMPLE,param=256f,config=mve_refmat,backend=mve,matvec=reference,operation=gf_frobenius_batch4_e3,sample=25,inner=8,items=4,raw_cycles=18346
PROFILE_SAMPLE,param=256f,config=mve_refmat,backend=mve,matvec=reference,operation=gf_frobenius_batch4_e3,sample=26,inner=8,items=4,raw_cycles=18347
PROFILE_SAMPLE,param=256f,config=mve_refmat,backend=mve,matvec=reference,operation=gf_frobenius_batch4_e3,sample=27,inner=8,items=4,raw_cycles=18344
PROFILE_SAMPLE,param=256f,config=mve_refmat,backend=mve,matvec=reference,operation=gf_frobenius_batch4_e3,sample=28,inner=8,items=4,raw_cycles=18346
PROFILE_SAMPLE,param=256f,config=mve_refmat,backend=mve,matvec=reference,operation=gf_frobenius_batch4_e3,sample=29,inner=8,items=4,raw_cycles=18345
PROFILE_SAMPLE,param=256f,config=mve_refmat,backend=mve,matvec=reference,operation=gf_frobenius_batch4_e3,sample=30,inner=8,items=4,raw_cycles=18343
PROFILE_RESULT,param=256f,config=mve_refmat,backend=mve,matvec=reference,operation=gf_frobenius_batch4_e3,samples=31,inner=8,items=4,min=2292.88,median=2293.25,mean=2297.92,stddev=25.15,max=2435.62,cycles_per_item_mean=574.48
PROFILE_SAMPLE,param=256f,config=mve_refmat,backend=mve,matvec=reference,operation=gf_frobenius_batch4_e7,sample=0,inner=8,items=4,raw_cycles=31193
PROFILE_SAMPLE,param=256f,config=mve_refmat,backend=mve,matvec=reference,operation=gf_frobenius_batch4_e7,sample=1,inner=8,items=4,raw_cycles=30759
PROFILE_SAMPLE,param=256f,config=mve_refmat,backend=mve,matvec=reference,operation=gf_frobenius_batch4_e7,sample=2,inner=8,items=4,raw_cycles=30756
PROFILE_SAMPLE,param=256f,config=mve_refmat,backend=mve,matvec=reference,operation=gf_frobenius_batch4_e7,sample=3,inner=8,items=4,raw_cycles=30764
PROFILE_SAMPLE,param=256f,config=mve_refmat,backend=mve,matvec=reference,operation=gf_frobenius_batch4_e7,sample=4,inner=8,items=4,raw_cycles=30732
PROFILE_SAMPLE,param=256f,config=mve_refmat,backend=mve,matvec=reference,operation=gf_frobenius_batch4_e7,sample=5,inner=8,items=4,raw_cycles=30732
PROFILE_SAMPLE,param=256f,config=mve_refmat,backend=mve,matvec=reference,operation=gf_frobenius_batch4_e7,sample=6,inner=8,items=4,raw_cycles=30732
PROFILE_SAMPLE,param=256f,config=mve_refmat,backend=mve,matvec=reference,operation=gf_frobenius_batch4_e7,sample=7,inner=8,items=4,raw_cycles=30724
PROFILE_SAMPLE,param=256f,config=mve_refmat,backend=mve,matvec=reference,operation=gf_frobenius_batch4_e7,sample=8,inner=8,items=4,raw_cycles=30724
PROFILE_SAMPLE,param=256f,config=mve_refmat,backend=mve,matvec=reference,operation=gf_frobenius_batch4_e7,sample=9,inner=8,items=4,raw_cycles=30724
PROFILE_SAMPLE,param=256f,config=mve_refmat,backend=mve,matvec=reference,operation=gf_frobenius_batch4_e7,sample=10,inner=8,items=4,raw_cycles=30732
PROFILE_SAMPLE,param=256f,config=mve_refmat,backend=mve,matvec=reference,operation=gf_frobenius_batch4_e7,sample=11,inner=8,items=4,raw_cycles=30732
PROFILE_SAMPLE,param=256f,config=mve_refmat,backend=mve,matvec=reference,operation=gf_frobenius_batch4_e7,sample=12,inner=8,items=4,raw_cycles=30732
PROFILE_SAMPLE,param=256f,config=mve_refmat,backend=mve,matvec=reference,operation=gf_frobenius_batch4_e7,sample=13,inner=8,items=4,raw_cycles=30732
PROFILE_SAMPLE,param=256f,config=mve_refmat,backend=mve,matvec=reference,operation=gf_frobenius_batch4_e7,sample=14,inner=8,items=4,raw_cycles=30732
PROFILE_SAMPLE,param=256f,config=mve_refmat,backend=mve,matvec=reference,operation=gf_frobenius_batch4_e7,sample=15,inner=8,items=4,raw_cycles=30732
PROFILE_SAMPLE,param=256f,config=mve_refmat,backend=mve,matvec=reference,operation=gf_frobenius_batch4_e7,sample=16,inner=8,items=4,raw_cycles=30724
PROFILE_SAMPLE,param=256f,config=mve_refmat,backend=mve,matvec=reference,operation=gf_frobenius_batch4_e7,sample=17,inner=8,items=4,raw_cycles=30724
PROFILE_SAMPLE,param=256f,config=mve_refmat,backend=mve,matvec=reference,operation=gf_frobenius_batch4_e7,sample=18,inner=8,items=4,raw_cycles=30724
PROFILE_SAMPLE,param=256f,config=mve_refmat,backend=mve,matvec=reference,operation=gf_frobenius_batch4_e7,sample=19,inner=8,items=4,raw_cycles=30732
PROFILE_SAMPLE,param=256f,config=mve_refmat,backend=mve,matvec=reference,operation=gf_frobenius_batch4_e7,sample=20,inner=8,items=4,raw_cycles=30732
PROFILE_SAMPLE,param=256f,config=mve_refmat,backend=mve,matvec=reference,operation=gf_frobenius_batch4_e7,sample=21,inner=8,items=4,raw_cycles=30732
PROFILE_SAMPLE,param=256f,config=mve_refmat,backend=mve,matvec=reference,operation=gf_frobenius_batch4_e7,sample=22,inner=8,items=4,raw_cycles=30732
PROFILE_SAMPLE,param=256f,config=mve_refmat,backend=mve,matvec=reference,operation=gf_frobenius_batch4_e7,sample=23,inner=8,items=4,raw_cycles=30732
PROFILE_SAMPLE,param=256f,config=mve_refmat,backend=mve,matvec=reference,operation=gf_frobenius_batch4_e7,sample=24,inner=8,items=4,raw_cycles=30732
PROFILE_SAMPLE,param=256f,config=mve_refmat,backend=mve,matvec=reference,operation=gf_frobenius_batch4_e7,sample=25,inner=8,items=4,raw_cycles=30724
PROFILE_SAMPLE,param=256f,config=mve_refmat,backend=mve,matvec=reference,operation=gf_frobenius_batch4_e7,sample=26,inner=8,items=4,raw_cycles=30724
PROFILE_SAMPLE,param=256f,config=mve_refmat,backend=mve,matvec=reference,operation=gf_frobenius_batch4_e7,sample=27,inner=8,items=4,raw_cycles=30724
PROFILE_SAMPLE,param=256f,config=mve_refmat,backend=mve,matvec=reference,operation=gf_frobenius_batch4_e7,sample=28,inner=8,items=4,raw_cycles=30732
PROFILE_SAMPLE,param=256f,config=mve_refmat,backend=mve,matvec=reference,operation=gf_frobenius_batch4_e7,sample=29,inner=8,items=4,raw_cycles=30732
PROFILE_SAMPLE,param=256f,config=mve_refmat,backend=mve,matvec=reference,operation=gf_frobenius_batch4_e7,sample=30,inner=8,items=4,raw_cycles=30732
PROFILE_RESULT,param=256f,config=mve_refmat,backend=mve,matvec=reference,operation=gf_frobenius_batch4_e7,samples=31,inner=8,items=4,min=3840.50,median=3841.50,mean=3843.40,stddev=10.24,max=3899.12,cycles_per_item_mean=960.85
PROFILE_SAMPLE,param=256f,config=mve_refmat,backend=mve,matvec=reference,operation=gf_frobenius_batch4_e11,sample=0,inner=8,items=4,raw_cycles=43485
PROFILE_SAMPLE,param=256f,config=mve_refmat,backend=mve,matvec=reference,operation=gf_frobenius_batch4_e11,sample=1,inner=8,items=4,raw_cycles=43176
PROFILE_SAMPLE,param=256f,config=mve_refmat,backend=mve,matvec=reference,operation=gf_frobenius_batch4_e11,sample=2,inner=8,items=4,raw_cycles=43112
PROFILE_SAMPLE,param=256f,config=mve_refmat,backend=mve,matvec=reference,operation=gf_frobenius_batch4_e11,sample=3,inner=8,items=4,raw_cycles=43115
PROFILE_SAMPLE,param=256f,config=mve_refmat,backend=mve,matvec=reference,operation=gf_frobenius_batch4_e11,sample=4,inner=8,items=4,raw_cycles=43112
PROFILE_SAMPLE,param=256f,config=mve_refmat,backend=mve,matvec=reference,operation=gf_frobenius_batch4_e11,sample=5,inner=8,items=4,raw_cycles=43112
PROFILE_SAMPLE,param=256f,config=mve_refmat,backend=mve,matvec=reference,operation=gf_frobenius_batch4_e11,sample=6,inner=8,items=4,raw_cycles=43115
PROFILE_SAMPLE,param=256f,config=mve_refmat,backend=mve,matvec=reference,operation=gf_frobenius_batch4_e11,sample=7,inner=8,items=4,raw_cycles=43112
PROFILE_SAMPLE,param=256f,config=mve_refmat,backend=mve,matvec=reference,operation=gf_frobenius_batch4_e11,sample=8,inner=8,items=4,raw_cycles=43113
PROFILE_SAMPLE,param=256f,config=mve_refmat,backend=mve,matvec=reference,operation=gf_frobenius_batch4_e11,sample=9,inner=8,items=4,raw_cycles=43114
PROFILE_SAMPLE,param=256f,config=mve_refmat,backend=mve,matvec=reference,operation=gf_frobenius_batch4_e11,sample=10,inner=8,items=4,raw_cycles=43112
PROFILE_SAMPLE,param=256f,config=mve_refmat,backend=mve,matvec=reference,operation=gf_frobenius_batch4_e11,sample=11,inner=8,items=4,raw_cycles=43114
PROFILE_SAMPLE,param=256f,config=mve_refmat,backend=mve,matvec=reference,operation=gf_frobenius_batch4_e11,sample=12,inner=8,items=4,raw_cycles=43113
PROFILE_SAMPLE,param=256f,config=mve_refmat,backend=mve,matvec=reference,operation=gf_frobenius_batch4_e11,sample=13,inner=8,items=4,raw_cycles=43112
PROFILE_SAMPLE,param=256f,config=mve_refmat,backend=mve,matvec=reference,operation=gf_frobenius_batch4_e11,sample=14,inner=8,items=4,raw_cycles=43114
PROFILE_SAMPLE,param=256f,config=mve_refmat,backend=mve,matvec=reference,operation=gf_frobenius_batch4_e11,sample=15,inner=8,items=4,raw_cycles=43113
PROFILE_SAMPLE,param=256f,config=mve_refmat,backend=mve,matvec=reference,operation=gf_frobenius_batch4_e11,sample=16,inner=8,items=4,raw_cycles=43112
PROFILE_SAMPLE,param=256f,config=mve_refmat,backend=mve,matvec=reference,operation=gf_frobenius_batch4_e11,sample=17,inner=8,items=4,raw_cycles=43114
PROFILE_SAMPLE,param=256f,config=mve_refmat,backend=mve,matvec=reference,operation=gf_frobenius_batch4_e11,sample=18,inner=8,items=4,raw_cycles=43112
PROFILE_SAMPLE,param=256f,config=mve_refmat,backend=mve,matvec=reference,operation=gf_frobenius_batch4_e11,sample=19,inner=8,items=4,raw_cycles=43113
PROFILE_SAMPLE,param=256f,config=mve_refmat,backend=mve,matvec=reference,operation=gf_frobenius_batch4_e11,sample=20,inner=8,items=4,raw_cycles=43113
PROFILE_SAMPLE,param=256f,config=mve_refmat,backend=mve,matvec=reference,operation=gf_frobenius_batch4_e11,sample=21,inner=8,items=4,raw_cycles=43113
PROFILE_SAMPLE,param=256f,config=mve_refmat,backend=mve,matvec=reference,operation=gf_frobenius_batch4_e11,sample=22,inner=8,items=4,raw_cycles=43114
PROFILE_SAMPLE,param=256f,config=mve_refmat,backend=mve,matvec=reference,operation=gf_frobenius_batch4_e11,sample=23,inner=8,items=4,raw_cycles=43114
PROFILE_SAMPLE,param=256f,config=mve_refmat,backend=mve,matvec=reference,operation=gf_frobenius_batch4_e11,sample=24,inner=8,items=4,raw_cycles=43112
PROFILE_SAMPLE,param=256f,config=mve_refmat,backend=mve,matvec=reference,operation=gf_frobenius_batch4_e11,sample=25,inner=8,items=4,raw_cycles=43114
PROFILE_SAMPLE,param=256f,config=mve_refmat,backend=mve,matvec=reference,operation=gf_frobenius_batch4_e11,sample=26,inner=8,items=4,raw_cycles=43113
PROFILE_SAMPLE,param=256f,config=mve_refmat,backend=mve,matvec=reference,operation=gf_frobenius_batch4_e11,sample=27,inner=8,items=4,raw_cycles=43112
PROFILE_SAMPLE,param=256f,config=mve_refmat,backend=mve,matvec=reference,operation=gf_frobenius_batch4_e11,sample=28,inner=8,items=4,raw_cycles=43114
PROFILE_SAMPLE,param=256f,config=mve_refmat,backend=mve,matvec=reference,operation=gf_frobenius_batch4_e11,sample=29,inner=8,items=4,raw_cycles=43112
PROFILE_SAMPLE,param=256f,config=mve_refmat,backend=mve,matvec=reference,operation=gf_frobenius_batch4_e11,sample=30,inner=8,items=4,raw_cycles=43113
PROFILE_RESULT,param=256f,config=mve_refmat,backend=mve,matvec=reference,operation=gf_frobenius_batch4_e11,samples=31,inner=8,items=4,min=5389.00,median=5389.12,mean=5390.88,stddev=8.29,max=5435.62,cycles_per_item_mean=1347.72
PROFILE_SAMPLE,param=256f,config=mve_refmat,backend=mve,matvec=reference,operation=gf_frobenius_batch4_e19,sample=0,inner=8,items=4,raw_cycles=68186
PROFILE_SAMPLE,param=256f,config=mve_refmat,backend=mve,matvec=reference,operation=gf_frobenius_batch4_e19,sample=1,inner=8,items=4,raw_cycles=67880
PROFILE_SAMPLE,param=256f,config=mve_refmat,backend=mve,matvec=reference,operation=gf_frobenius_batch4_e19,sample=2,inner=8,items=4,raw_cycles=67881
PROFILE_SAMPLE,param=256f,config=mve_refmat,backend=mve,matvec=reference,operation=gf_frobenius_batch4_e19,sample=3,inner=8,items=4,raw_cycles=67882
PROFILE_SAMPLE,param=256f,config=mve_refmat,backend=mve,matvec=reference,operation=gf_frobenius_batch4_e19,sample=4,inner=8,items=4,raw_cycles=67881
PROFILE_SAMPLE,param=256f,config=mve_refmat,backend=mve,matvec=reference,operation=gf_frobenius_batch4_e19,sample=5,inner=8,items=4,raw_cycles=67881
PROFILE_SAMPLE,param=256f,config=mve_refmat,backend=mve,matvec=reference,operation=gf_frobenius_batch4_e19,sample=6,inner=8,items=4,raw_cycles=67881
PROFILE_SAMPLE,param=256f,config=mve_refmat,backend=mve,matvec=reference,operation=gf_frobenius_batch4_e19,sample=7,inner=8,items=4,raw_cycles=67880
PROFILE_SAMPLE,param=256f,config=mve_refmat,backend=mve,matvec=reference,operation=gf_frobenius_batch4_e19,sample=8,inner=8,items=4,raw_cycles=67881
PROFILE_SAMPLE,param=256f,config=mve_refmat,backend=mve,matvec=reference,operation=gf_frobenius_batch4_e19,sample=9,inner=8,items=4,raw_cycles=67880
PROFILE_SAMPLE,param=256f,config=mve_refmat,backend=mve,matvec=reference,operation=gf_frobenius_batch4_e19,sample=10,inner=8,items=4,raw_cycles=67883
PROFILE_SAMPLE,param=256f,config=mve_refmat,backend=mve,matvec=reference,operation=gf_frobenius_batch4_e19,sample=11,inner=8,items=4,raw_cycles=67882
PROFILE_SAMPLE,param=256f,config=mve_refmat,backend=mve,matvec=reference,operation=gf_frobenius_batch4_e19,sample=12,inner=8,items=4,raw_cycles=67883
PROFILE_SAMPLE,param=256f,config=mve_refmat,backend=mve,matvec=reference,operation=gf_frobenius_batch4_e19,sample=13,inner=8,items=4,raw_cycles=67882
PROFILE_SAMPLE,param=256f,config=mve_refmat,backend=mve,matvec=reference,operation=gf_frobenius_batch4_e19,sample=14,inner=8,items=4,raw_cycles=67882
PROFILE_SAMPLE,param=256f,config=mve_refmat,backend=mve,matvec=reference,operation=gf_frobenius_batch4_e19,sample=15,inner=8,items=4,raw_cycles=67882
PROFILE_SAMPLE,param=256f,config=mve_refmat,backend=mve,matvec=reference,operation=gf_frobenius_batch4_e19,sample=16,inner=8,items=4,raw_cycles=67882
PROFILE_SAMPLE,param=256f,config=mve_refmat,backend=mve,matvec=reference,operation=gf_frobenius_batch4_e19,sample=17,inner=8,items=4,raw_cycles=67883
PROFILE_SAMPLE,param=256f,config=mve_refmat,backend=mve,matvec=reference,operation=gf_frobenius_batch4_e19,sample=18,inner=8,items=4,raw_cycles=67882
PROFILE_SAMPLE,param=256f,config=mve_refmat,backend=mve,matvec=reference,operation=gf_frobenius_batch4_e19,sample=19,inner=8,items=4,raw_cycles=67883
PROFILE_SAMPLE,param=256f,config=mve_refmat,backend=mve,matvec=reference,operation=gf_frobenius_batch4_e19,sample=20,inner=8,items=4,raw_cycles=67882
PROFILE_SAMPLE,param=256f,config=mve_refmat,backend=mve,matvec=reference,operation=gf_frobenius_batch4_e19,sample=21,inner=8,items=4,raw_cycles=67882
PROFILE_SAMPLE,param=256f,config=mve_refmat,backend=mve,matvec=reference,operation=gf_frobenius_batch4_e19,sample=22,inner=8,items=4,raw_cycles=67882
PROFILE_SAMPLE,param=256f,config=mve_refmat,backend=mve,matvec=reference,operation=gf_frobenius_batch4_e19,sample=23,inner=8,items=4,raw_cycles=67882
PROFILE_SAMPLE,param=256f,config=mve_refmat,backend=mve,matvec=reference,operation=gf_frobenius_batch4_e19,sample=24,inner=8,items=4,raw_cycles=67883
PROFILE_SAMPLE,param=256f,config=mve_refmat,backend=mve,matvec=reference,operation=gf_frobenius_batch4_e19,sample=25,inner=8,items=4,raw_cycles=67882
PROFILE_SAMPLE,param=256f,config=mve_refmat,backend=mve,matvec=reference,operation=gf_frobenius_batch4_e19,sample=26,inner=8,items=4,raw_cycles=67883
PROFILE_SAMPLE,param=256f,config=mve_refmat,backend=mve,matvec=reference,operation=gf_frobenius_batch4_e19,sample=27,inner=8,items=4,raw_cycles=67882
PROFILE_SAMPLE,param=256f,config=mve_refmat,backend=mve,matvec=reference,operation=gf_frobenius_batch4_e19,sample=28,inner=8,items=4,raw_cycles=67882
PROFILE_SAMPLE,param=256f,config=mve_refmat,backend=mve,matvec=reference,operation=gf_frobenius_batch4_e19,sample=29,inner=8,items=4,raw_cycles=67882
PROFILE_SAMPLE,param=256f,config=mve_refmat,backend=mve,matvec=reference,operation=gf_frobenius_batch4_e19,sample=30,inner=8,items=4,raw_cycles=67882
PROFILE_RESULT,param=256f,config=mve_refmat,backend=mve,matvec=reference,operation=gf_frobenius_batch4_e19,samples=31,inner=8,items=4,min=8485.00,median=8485.25,mean=8486.46,stddev=6.72,max=8523.25,cycles_per_item_mean=2121.61
PROFILE_SAMPLE,param=256f,config=mve_refmat,backend=mve,matvec=reference,operation=gf_mul_const_batch4,sample=0,inner=64,items=4,raw_cycles=2392480
PROFILE_SAMPLE,param=256f,config=mve_refmat,backend=mve,matvec=reference,operation=gf_mul_const_batch4,sample=1,inner=64,items=4,raw_cycles=2391237
PROFILE_SAMPLE,param=256f,config=mve_refmat,backend=mve,matvec=reference,operation=gf_mul_const_batch4,sample=2,inner=64,items=4,raw_cycles=2391237
PROFILE_SAMPLE,param=256f,config=mve_refmat,backend=mve,matvec=reference,operation=gf_mul_const_batch4,sample=3,inner=64,items=4,raw_cycles=2391237
PROFILE_SAMPLE,param=256f,config=mve_refmat,backend=mve,matvec=reference,operation=gf_mul_const_batch4,sample=4,inner=64,items=4,raw_cycles=2391237
PROFILE_SAMPLE,param=256f,config=mve_refmat,backend=mve,matvec=reference,operation=gf_mul_const_batch4,sample=5,inner=64,items=4,raw_cycles=2391237
PROFILE_SAMPLE,param=256f,config=mve_refmat,backend=mve,matvec=reference,operation=gf_mul_const_batch4,sample=6,inner=64,items=4,raw_cycles=2391238
PROFILE_SAMPLE,param=256f,config=mve_refmat,backend=mve,matvec=reference,operation=gf_mul_const_batch4,sample=7,inner=64,items=4,raw_cycles=2391237
PROFILE_SAMPLE,param=256f,config=mve_refmat,backend=mve,matvec=reference,operation=gf_mul_const_batch4,sample=8,inner=64,items=4,raw_cycles=2391237
PROFILE_SAMPLE,param=256f,config=mve_refmat,backend=mve,matvec=reference,operation=gf_mul_const_batch4,sample=9,inner=64,items=4,raw_cycles=2391237
PROFILE_SAMPLE,param=256f,config=mve_refmat,backend=mve,matvec=reference,operation=gf_mul_const_batch4,sample=10,inner=64,items=4,raw_cycles=2391237
PROFILE_SAMPLE,param=256f,config=mve_refmat,backend=mve,matvec=reference,operation=gf_mul_const_batch4,sample=11,inner=64,items=4,raw_cycles=2391237
PROFILE_SAMPLE,param=256f,config=mve_refmat,backend=mve,matvec=reference,operation=gf_mul_const_batch4,sample=12,inner=64,items=4,raw_cycles=2391237
PROFILE_SAMPLE,param=256f,config=mve_refmat,backend=mve,matvec=reference,operation=gf_mul_const_batch4,sample=13,inner=64,items=4,raw_cycles=2391237
PROFILE_SAMPLE,param=256f,config=mve_refmat,backend=mve,matvec=reference,operation=gf_mul_const_batch4,sample=14,inner=64,items=4,raw_cycles=2391237
PROFILE_SAMPLE,param=256f,config=mve_refmat,backend=mve,matvec=reference,operation=gf_mul_const_batch4,sample=15,inner=64,items=4,raw_cycles=2391237
PROFILE_SAMPLE,param=256f,config=mve_refmat,backend=mve,matvec=reference,operation=gf_mul_const_batch4,sample=16,inner=64,items=4,raw_cycles=2391237
PROFILE_SAMPLE,param=256f,config=mve_refmat,backend=mve,matvec=reference,operation=gf_mul_const_batch4,sample=17,inner=64,items=4,raw_cycles=2391237
PROFILE_SAMPLE,param=256f,config=mve_refmat,backend=mve,matvec=reference,operation=gf_mul_const_batch4,sample=18,inner=64,items=4,raw_cycles=2391237
PROFILE_SAMPLE,param=256f,config=mve_refmat,backend=mve,matvec=reference,operation=gf_mul_const_batch4,sample=19,inner=64,items=4,raw_cycles=2391237
PROFILE_SAMPLE,param=256f,config=mve_refmat,backend=mve,matvec=reference,operation=gf_mul_const_batch4,sample=20,inner=64,items=4,raw_cycles=2391237
PROFILE_SAMPLE,param=256f,config=mve_refmat,backend=mve,matvec=reference,operation=gf_mul_const_batch4,sample=21,inner=64,items=4,raw_cycles=2391237
PROFILE_SAMPLE,param=256f,config=mve_refmat,backend=mve,matvec=reference,operation=gf_mul_const_batch4,sample=22,inner=64,items=4,raw_cycles=2391237
PROFILE_SAMPLE,param=256f,config=mve_refmat,backend=mve,matvec=reference,operation=gf_mul_const_batch4,sample=23,inner=64,items=4,raw_cycles=2391237
PROFILE_SAMPLE,param=256f,config=mve_refmat,backend=mve,matvec=reference,operation=gf_mul_const_batch4,sample=24,inner=64,items=4,raw_cycles=2391237
PROFILE_SAMPLE,param=256f,config=mve_refmat,backend=mve,matvec=reference,operation=gf_mul_const_batch4,sample=25,inner=64,items=4,raw_cycles=2391237
PROFILE_SAMPLE,param=256f,config=mve_refmat,backend=mve,matvec=reference,operation=gf_mul_const_batch4,sample=26,inner=64,items=4,raw_cycles=2391237
PROFILE_SAMPLE,param=256f,config=mve_refmat,backend=mve,matvec=reference,operation=gf_mul_const_batch4,sample=27,inner=64,items=4,raw_cycles=2391237
PROFILE_SAMPLE,param=256f,config=mve_refmat,backend=mve,matvec=reference,operation=gf_mul_const_batch4,sample=28,inner=64,items=4,raw_cycles=2391237
PROFILE_SAMPLE,param=256f,config=mve_refmat,backend=mve,matvec=reference,operation=gf_mul_const_batch4,sample=29,inner=64,items=4,raw_cycles=2391237
PROFILE_SAMPLE,param=256f,config=mve_refmat,backend=mve,matvec=reference,operation=gf_mul_const_batch4,sample=30,inner=64,items=4,raw_cycles=2391237
PROFILE_RESULT,param=256f,config=mve_refmat,backend=mve,matvec=reference,operation=gf_mul_const_batch4,samples=31,inner=64,items=4,min=37363.08,median=37363.08,mean=37363.71,stddev=3.43,max=37382.50,cycles_per_item_mean=9340.93
PROFILE_SAMPLE,param=256f,config=mve_refmat,backend=mve,matvec=reference,operation=aim3_mpc_batch4,sample=0,inner=8,items=4,raw_cycles=3573844
PROFILE_SAMPLE,param=256f,config=mve_refmat,backend=mve,matvec=reference,operation=aim3_mpc_batch4,sample=1,inner=8,items=4,raw_cycles=3555311
PROFILE_SAMPLE,param=256f,config=mve_refmat,backend=mve,matvec=reference,operation=aim3_mpc_batch4,sample=2,inner=8,items=4,raw_cycles=3556400
PROFILE_SAMPLE,param=256f,config=mve_refmat,backend=mve,matvec=reference,operation=aim3_mpc_batch4,sample=3,inner=8,items=4,raw_cycles=3548143
PROFILE_SAMPLE,param=256f,config=mve_refmat,backend=mve,matvec=reference,operation=aim3_mpc_batch4,sample=4,inner=8,items=4,raw_cycles=3548136
PROFILE_SAMPLE,param=256f,config=mve_refmat,backend=mve,matvec=reference,operation=aim3_mpc_batch4,sample=5,inner=8,items=4,raw_cycles=3545519
PROFILE_SAMPLE,param=256f,config=mve_refmat,backend=mve,matvec=reference,operation=aim3_mpc_batch4,sample=6,inner=8,items=4,raw_cycles=3545580
PROFILE_SAMPLE,param=256f,config=mve_refmat,backend=mve,matvec=reference,operation=aim3_mpc_batch4,sample=7,inner=8,items=4,raw_cycles=3548566
PROFILE_SAMPLE,param=256f,config=mve_refmat,backend=mve,matvec=reference,operation=aim3_mpc_batch4,sample=8,inner=8,items=4,raw_cycles=3545529
PROFILE_SAMPLE,param=256f,config=mve_refmat,backend=mve,matvec=reference,operation=aim3_mpc_batch4,sample=9,inner=8,items=4,raw_cycles=3542077
PROFILE_SAMPLE,param=256f,config=mve_refmat,backend=mve,matvec=reference,operation=aim3_mpc_batch4,sample=10,inner=8,items=4,raw_cycles=3542053
PROFILE_SAMPLE,param=256f,config=mve_refmat,backend=mve,matvec=reference,operation=aim3_mpc_batch4,sample=11,inner=8,items=4,raw_cycles=3543322
PROFILE_SAMPLE,param=256f,config=mve_refmat,backend=mve,matvec=reference,operation=aim3_mpc_batch4,sample=12,inner=8,items=4,raw_cycles=3543289
PROFILE_SAMPLE,param=256f,config=mve_refmat,backend=mve,matvec=reference,operation=aim3_mpc_batch4,sample=13,inner=8,items=4,raw_cycles=3543307
PROFILE_SAMPLE,param=256f,config=mve_refmat,backend=mve,matvec=reference,operation=aim3_mpc_batch4,sample=14,inner=8,items=4,raw_cycles=3542554
PROFILE_SAMPLE,param=256f,config=mve_refmat,backend=mve,matvec=reference,operation=aim3_mpc_batch4,sample=15,inner=8,items=4,raw_cycles=3542668
PROFILE_SAMPLE,param=256f,config=mve_refmat,backend=mve,matvec=reference,operation=aim3_mpc_batch4,sample=16,inner=8,items=4,raw_cycles=3542668
PROFILE_SAMPLE,param=256f,config=mve_refmat,backend=mve,matvec=reference,operation=aim3_mpc_batch4,sample=17,inner=8,items=4,raw_cycles=3542668
PROFILE_SAMPLE,param=256f,config=mve_refmat,backend=mve,matvec=reference,operation=aim3_mpc_batch4,sample=18,inner=8,items=4,raw_cycles=3542668
PROFILE_SAMPLE,param=256f,config=mve_refmat,backend=mve,matvec=reference,operation=aim3_mpc_batch4,sample=19,inner=8,items=4,raw_cycles=3542668
PROFILE_SAMPLE,param=256f,config=mve_refmat,backend=mve,matvec=reference,operation=aim3_mpc_batch4,sample=20,inner=8,items=4,raw_cycles=3542668
PROFILE_SAMPLE,param=256f,config=mve_refmat,backend=mve,matvec=reference,operation=aim3_mpc_batch4,sample=21,inner=8,items=4,raw_cycles=3542668
PROFILE_SAMPLE,param=256f,config=mve_refmat,backend=mve,matvec=reference,operation=aim3_mpc_batch4,sample=22,inner=8,items=4,raw_cycles=3542668
PROFILE_SAMPLE,param=256f,config=mve_refmat,backend=mve,matvec=reference,operation=aim3_mpc_batch4,sample=23,inner=8,items=4,raw_cycles=3542668
PROFILE_SAMPLE,param=256f,config=mve_refmat,backend=mve,matvec=reference,operation=aim3_mpc_batch4,sample=24,inner=8,items=4,raw_cycles=3542668
PROFILE_SAMPLE,param=256f,config=mve_refmat,backend=mve,matvec=reference,operation=aim3_mpc_batch4,sample=25,inner=8,items=4,raw_cycles=3542668
PROFILE_SAMPLE,param=256f,config=mve_refmat,backend=mve,matvec=reference,operation=aim3_mpc_batch4,sample=26,inner=8,items=4,raw_cycles=3542668
PROFILE_SAMPLE,param=256f,config=mve_refmat,backend=mve,matvec=reference,operation=aim3_mpc_batch4,sample=27,inner=8,items=4,raw_cycles=3543619
PROFILE_SAMPLE,param=256f,config=mve_refmat,backend=mve,matvec=reference,operation=aim3_mpc_batch4,sample=28,inner=8,items=4,raw_cycles=3543629
PROFILE_SAMPLE,param=256f,config=mve_refmat,backend=mve,matvec=reference,operation=aim3_mpc_batch4,sample=29,inner=8,items=4,raw_cycles=3543628
PROFILE_SAMPLE,param=256f,config=mve_refmat,backend=mve,matvec=reference,operation=aim3_mpc_batch4,sample=30,inner=8,items=4,raw_cycles=3543629
PROFILE_RESULT,param=256f,config=mve_refmat,backend=mve,matvec=reference,operation=aim3_mpc_batch4,samples=31,inner=8,items=4,min=442756.62,median=442911.12,mean=443186.09,stddev=777.32,max=446730.50,cycles_per_item_mean=110796.52
PROFILE_SAMPLE,param=256f,config=mve_refmat,backend=mve,matvec=reference,operation=aim3_mpc_batch4_affine,sample=0,inner=8,items=4,raw_cycles=3404939
PROFILE_SAMPLE,param=256f,config=mve_refmat,backend=mve,matvec=reference,operation=aim3_mpc_batch4_affine,sample=1,inner=8,items=4,raw_cycles=3388182
PROFILE_SAMPLE,param=256f,config=mve_refmat,backend=mve,matvec=reference,operation=aim3_mpc_batch4_affine,sample=2,inner=8,items=4,raw_cycles=3389306
PROFILE_SAMPLE,param=256f,config=mve_refmat,backend=mve,matvec=reference,operation=aim3_mpc_batch4_affine,sample=3,inner=8,items=4,raw_cycles=3381056
PROFILE_SAMPLE,param=256f,config=mve_refmat,backend=mve,matvec=reference,operation=aim3_mpc_batch4_affine,sample=4,inner=8,items=4,raw_cycles=3381048
PROFILE_SAMPLE,param=256f,config=mve_refmat,backend=mve,matvec=reference,operation=aim3_mpc_batch4_affine,sample=5,inner=8,items=4,raw_cycles=3378425
PROFILE_SAMPLE,param=256f,config=mve_refmat,backend=mve,matvec=reference,operation=aim3_mpc_batch4_affine,sample=6,inner=8,items=4,raw_cycles=3378491
PROFILE_SAMPLE,param=256f,config=mve_refmat,backend=mve,matvec=reference,operation=aim3_mpc_batch4_affine,sample=7,inner=8,items=4,raw_cycles=3381469
PROFILE_SAMPLE,param=256f,config=mve_refmat,backend=mve,matvec=reference,operation=aim3_mpc_batch4_affine,sample=8,inner=8,items=4,raw_cycles=3378438
PROFILE_SAMPLE,param=256f,config=mve_refmat,backend=mve,matvec=reference,operation=aim3_mpc_batch4_affine,sample=9,inner=8,items=4,raw_cycles=3374990
PROFILE_SAMPLE,param=256f,config=mve_refmat,backend=mve,matvec=reference,operation=aim3_mpc_batch4_affine,sample=10,inner=8,items=4,raw_cycles=3374966
PROFILE_SAMPLE,param=256f,config=mve_refmat,backend=mve,matvec=reference,operation=aim3_mpc_batch4_affine,sample=11,inner=8,items=4,raw_cycles=3376228
PROFILE_SAMPLE,param=256f,config=mve_refmat,backend=mve,matvec=reference,operation=aim3_mpc_batch4_affine,sample=12,inner=8,items=4,raw_cycles=3376203
PROFILE_SAMPLE,param=256f,config=mve_refmat,backend=mve,matvec=reference,operation=aim3_mpc_batch4_affine,sample=13,inner=8,items=4,raw_cycles=3376218
PROFILE_SAMPLE,param=256f,config=mve_refmat,backend=mve,matvec=reference,operation=aim3_mpc_batch4_affine,sample=14,inner=8,items=4,raw_cycles=3375456
PROFILE_SAMPLE,param=256f,config=mve_refmat,backend=mve,matvec=reference,operation=aim3_mpc_batch4_affine,sample=15,inner=8,items=4,raw_cycles=3375570
PROFILE_SAMPLE,param=256f,config=mve_refmat,backend=mve,matvec=reference,operation=aim3_mpc_batch4_affine,sample=16,inner=8,items=4,raw_cycles=3375570
PROFILE_SAMPLE,param=256f,config=mve_refmat,backend=mve,matvec=reference,operation=aim3_mpc_batch4_affine,sample=17,inner=8,items=4,raw_cycles=3375570
PROFILE_SAMPLE,param=256f,config=mve_refmat,backend=mve,matvec=reference,operation=aim3_mpc_batch4_affine,sample=18,inner=8,items=4,raw_cycles=3375570
PROFILE_SAMPLE,param=256f,config=mve_refmat,backend=mve,matvec=reference,operation=aim3_mpc_batch4_affine,sample=19,inner=8,items=4,raw_cycles=3375570
PROFILE_SAMPLE,param=256f,config=mve_refmat,backend=mve,matvec=reference,operation=aim3_mpc_batch4_affine,sample=20,inner=8,items=4,raw_cycles=3375570
PROFILE_SAMPLE,param=256f,config=mve_refmat,backend=mve,matvec=reference,operation=aim3_mpc_batch4_affine,sample=21,inner=8,items=4,raw_cycles=3375568
PROFILE_SAMPLE,param=256f,config=mve_refmat,backend=mve,matvec=reference,operation=aim3_mpc_batch4_affine,sample=22,inner=8,items=4,raw_cycles=3375570
PROFILE_SAMPLE,param=256f,config=mve_refmat,backend=mve,matvec=reference,operation=aim3_mpc_batch4_affine,sample=23,inner=8,items=4,raw_cycles=3375570
PROFILE_SAMPLE,param=256f,config=mve_refmat,backend=mve,matvec=reference,operation=aim3_mpc_batch4_affine,sample=24,inner=8,items=4,raw_cycles=3375570
PROFILE_SAMPLE,param=256f,config=mve_refmat,backend=mve,matvec=reference,operation=aim3_mpc_batch4_affine,sample=25,inner=8,items=4,raw_cycles=3375570
PROFILE_SAMPLE,param=256f,config=mve_refmat,backend=mve,matvec=reference,operation=aim3_mpc_batch4_affine,sample=26,inner=8,items=4,raw_cycles=3375570
PROFILE_SAMPLE,param=256f,config=mve_refmat,backend=mve,matvec=reference,operation=aim3_mpc_batch4_affine,sample=27,inner=8,items=4,raw_cycles=3376532
PROFILE_SAMPLE,param=256f,config=mve_refmat,backend=mve,matvec=reference,operation=aim3_mpc_batch4_affine,sample=28,inner=8,items=4,raw_cycles=3376539
PROFILE_SAMPLE,param=256f,config=mve_refmat,backend=mve,matvec=reference,operation=aim3_mpc_batch4_affine,sample=29,inner=8,items=4,raw_cycles=3376541
PROFILE_SAMPLE,param=256f,config=mve_refmat,backend=mve,matvec=reference,operation=aim3_mpc_batch4_affine,sample=30,inner=8,items=4,raw_cycles=3376539
PROFILE_RESULT,param=256f,config=mve_refmat,backend=mve,matvec=reference,operation=aim3_mpc_batch4_affine,samples=31,inner=8,items=4,min=421870.75,median=422025.38,mean=422291.95,stddev=744.16,max=425617.38,cycles_per_item_mean=105572.99
PROFILE_SAMPLE,param=256f,config=mve_refmat,backend=mve,matvec=reference,operation=aim3_mpc_batch4_frobenius,sample=0,inner=8,items=4,raw_cycles=167661
PROFILE_SAMPLE,param=256f,config=mve_refmat,backend=mve,matvec=reference,operation=aim3_mpc_batch4_frobenius,sample=1,inner=8,items=4,raw_cycles=166037
PROFILE_SAMPLE,param=256f,config=mve_refmat,backend=mve,matvec=reference,operation=aim3_mpc_batch4_frobenius,sample=2,inner=8,items=4,raw_cycles=166029
PROFILE_SAMPLE,param=256f,config=mve_refmat,backend=mve,matvec=reference,operation=aim3_mpc_batch4_frobenius,sample=3,inner=8,items=4,raw_cycles=166024
PROFILE_SAMPLE,param=256f,config=mve_refmat,backend=mve,matvec=reference,operation=aim3_mpc_batch4_frobenius,sample=4,inner=8,items=4,raw_cycles=166024
PROFILE_SAMPLE,param=256f,config=mve_refmat,backend=mve,matvec=reference,operation=aim3_mpc_batch4_frobenius,sample=5,inner=8,items=4,raw_cycles=166035
PROFILE_SAMPLE,param=256f,config=mve_refmat,backend=mve,matvec=reference,operation=aim3_mpc_batch4_frobenius,sample=6,inner=8,items=4,raw_cycles=166031
PROFILE_SAMPLE,param=256f,config=mve_refmat,backend=mve,matvec=reference,operation=aim3_mpc_batch4_frobenius,sample=7,inner=8,items=4,raw_cycles=166032
PROFILE_SAMPLE,param=256f,config=mve_refmat,backend=mve,matvec=reference,operation=aim3_mpc_batch4_frobenius,sample=8,inner=8,items=4,raw_cycles=166034
PROFILE_SAMPLE,param=256f,config=mve_refmat,backend=mve,matvec=reference,operation=aim3_mpc_batch4_frobenius,sample=9,inner=8,items=4,raw_cycles=166024
PROFILE_SAMPLE,param=256f,config=mve_refmat,backend=mve,matvec=reference,operation=aim3_mpc_batch4_frobenius,sample=10,inner=8,items=4,raw_cycles=166032
PROFILE_SAMPLE,param=256f,config=mve_refmat,backend=mve,matvec=reference,operation=aim3_mpc_batch4_frobenius,sample=11,inner=8,items=4,raw_cycles=166035
PROFILE_SAMPLE,param=256f,config=mve_refmat,backend=mve,matvec=reference,operation=aim3_mpc_batch4_frobenius,sample=12,inner=8,items=4,raw_cycles=166028
PROFILE_SAMPLE,param=256f,config=mve_refmat,backend=mve,matvec=reference,operation=aim3_mpc_batch4_frobenius,sample=13,inner=8,items=4,raw_cycles=166029
PROFILE_SAMPLE,param=256f,config=mve_refmat,backend=mve,matvec=reference,operation=aim3_mpc_batch4_frobenius,sample=14,inner=8,items=4,raw_cycles=166032
PROFILE_SAMPLE,param=256f,config=mve_refmat,backend=mve,matvec=reference,operation=aim3_mpc_batch4_frobenius,sample=15,inner=8,items=4,raw_cycles=166035
PROFILE_SAMPLE,param=256f,config=mve_refmat,backend=mve,matvec=reference,operation=aim3_mpc_batch4_frobenius,sample=16,inner=8,items=4,raw_cycles=166035
PROFILE_SAMPLE,param=256f,config=mve_refmat,backend=mve,matvec=reference,operation=aim3_mpc_batch4_frobenius,sample=17,inner=8,items=4,raw_cycles=166035
PROFILE_SAMPLE,param=256f,config=mve_refmat,backend=mve,matvec=reference,operation=aim3_mpc_batch4_frobenius,sample=18,inner=8,items=4,raw_cycles=166035
PROFILE_SAMPLE,param=256f,config=mve_refmat,backend=mve,matvec=reference,operation=aim3_mpc_batch4_frobenius,sample=19,inner=8,items=4,raw_cycles=166035
PROFILE_SAMPLE,param=256f,config=mve_refmat,backend=mve,matvec=reference,operation=aim3_mpc_batch4_frobenius,sample=20,inner=8,items=4,raw_cycles=166035
PROFILE_SAMPLE,param=256f,config=mve_refmat,backend=mve,matvec=reference,operation=aim3_mpc_batch4_frobenius,sample=21,inner=8,items=4,raw_cycles=166034
PROFILE_SAMPLE,param=256f,config=mve_refmat,backend=mve,matvec=reference,operation=aim3_mpc_batch4_frobenius,sample=22,inner=8,items=4,raw_cycles=166035
PROFILE_SAMPLE,param=256f,config=mve_refmat,backend=mve,matvec=reference,operation=aim3_mpc_batch4_frobenius,sample=23,inner=8,items=4,raw_cycles=166035
PROFILE_SAMPLE,param=256f,config=mve_refmat,backend=mve,matvec=reference,operation=aim3_mpc_batch4_frobenius,sample=24,inner=8,items=4,raw_cycles=166035
PROFILE_SAMPLE,param=256f,config=mve_refmat,backend=mve,matvec=reference,operation=aim3_mpc_batch4_frobenius,sample=25,inner=8,items=4,raw_cycles=166035
PROFILE_SAMPLE,param=256f,config=mve_refmat,backend=mve,matvec=reference,operation=aim3_mpc_batch4_frobenius,sample=26,inner=8,items=4,raw_cycles=166035
PROFILE_SAMPLE,param=256f,config=mve_refmat,backend=mve,matvec=reference,operation=aim3_mpc_batch4_frobenius,sample=27,inner=8,items=4,raw_cycles=166030
PROFILE_SAMPLE,param=256f,config=mve_refmat,backend=mve,matvec=reference,operation=aim3_mpc_batch4_frobenius,sample=28,inner=8,items=4,raw_cycles=166031
PROFILE_SAMPLE,param=256f,config=mve_refmat,backend=mve,matvec=reference,operation=aim3_mpc_batch4_frobenius,sample=29,inner=8,items=4,raw_cycles=166030
PROFILE_SAMPLE,param=256f,config=mve_refmat,backend=mve,matvec=reference,operation=aim3_mpc_batch4_frobenius,sample=30,inner=8,items=4,raw_cycles=166031
PROFILE_RESULT,param=256f,config=mve_refmat,backend=mve,matvec=reference,operation=aim3_mpc_batch4_frobenius,samples=31,inner=8,items=4,min=20753.00,median=20754.25,mean=20760.60,stddev=35.97,max=20957.62,cycles_per_item_mean=5190.15
PROFILE_SAMPLE,param=256f,config=mve_refmat,backend=mve,matvec=reference,operation=aim3_mpc_scalar,sample=0,inner=8,items=1,raw_cycles=1020661
PROFILE_SAMPLE,param=256f,config=mve_refmat,backend=mve,matvec=reference,operation=aim3_mpc_scalar,sample=1,inner=8,items=1,raw_cycles=1019870
PROFILE_SAMPLE,param=256f,config=mve_refmat,backend=mve,matvec=reference,operation=aim3_mpc_scalar,sample=2,inner=8,items=1,raw_cycles=1019927
PROFILE_SAMPLE,param=256f,config=mve_refmat,backend=mve,matvec=reference,operation=aim3_mpc_scalar,sample=3,inner=8,items=1,raw_cycles=1018651
PROFILE_SAMPLE,param=256f,config=mve_refmat,backend=mve,matvec=reference,operation=aim3_mpc_scalar,sample=4,inner=8,items=1,raw_cycles=1018796
PROFILE_SAMPLE,param=256f,config=mve_refmat,backend=mve,matvec=reference,operation=aim3_mpc_scalar,sample=5,inner=8,items=1,raw_cycles=1018664
PROFILE_SAMPLE,param=256f,config=mve_refmat,backend=mve,matvec=reference,operation=aim3_mpc_scalar,sample=6,inner=8,items=1,raw_cycles=1018796
PROFILE_SAMPLE,param=256f,config=mve_refmat,backend=mve,matvec=reference,operation=aim3_mpc_scalar,sample=7,inner=8,items=1,raw_cycles=1018664
PROFILE_SAMPLE,param=256f,config=mve_refmat,backend=mve,matvec=reference,operation=aim3_mpc_scalar,sample=8,inner=8,items=1,raw_cycles=1018796
PROFILE_SAMPLE,param=256f,config=mve_refmat,backend=mve,matvec=reference,operation=aim3_mpc_scalar,sample=9,inner=8,items=1,raw_cycles=1018664
PROFILE_SAMPLE,param=256f,config=mve_refmat,backend=mve,matvec=reference,operation=aim3_mpc_scalar,sample=10,inner=8,items=1,raw_cycles=1018796
PROFILE_SAMPLE,param=256f,config=mve_refmat,backend=mve,matvec=reference,operation=aim3_mpc_scalar,sample=11,inner=8,items=1,raw_cycles=1018664
PROFILE_SAMPLE,param=256f,config=mve_refmat,backend=mve,matvec=reference,operation=aim3_mpc_scalar,sample=12,inner=8,items=1,raw_cycles=1018796
PROFILE_SAMPLE,param=256f,config=mve_refmat,backend=mve,matvec=reference,operation=aim3_mpc_scalar,sample=13,inner=8,items=1,raw_cycles=1018665
PROFILE_SAMPLE,param=256f,config=mve_refmat,backend=mve,matvec=reference,operation=aim3_mpc_scalar,sample=14,inner=8,items=1,raw_cycles=1018796
PROFILE_SAMPLE,param=256f,config=mve_refmat,backend=mve,matvec=reference,operation=aim3_mpc_scalar,sample=15,inner=8,items=1,raw_cycles=1018664
PROFILE_SAMPLE,param=256f,config=mve_refmat,backend=mve,matvec=reference,operation=aim3_mpc_scalar,sample=16,inner=8,items=1,raw_cycles=1018796
PROFILE_SAMPLE,param=256f,config=mve_refmat,backend=mve,matvec=reference,operation=aim3_mpc_scalar,sample=17,inner=8,items=1,raw_cycles=1018664
PROFILE_SAMPLE,param=256f,config=mve_refmat,backend=mve,matvec=reference,operation=aim3_mpc_scalar,sample=18,inner=8,items=1,raw_cycles=1018796
PROFILE_SAMPLE,param=256f,config=mve_refmat,backend=mve,matvec=reference,operation=aim3_mpc_scalar,sample=19,inner=8,items=1,raw_cycles=1018664
PROFILE_SAMPLE,param=256f,config=mve_refmat,backend=mve,matvec=reference,operation=aim3_mpc_scalar,sample=20,inner=8,items=1,raw_cycles=1018796
PROFILE_SAMPLE,param=256f,config=mve_refmat,backend=mve,matvec=reference,operation=aim3_mpc_scalar,sample=21,inner=8,items=1,raw_cycles=1018664
PROFILE_SAMPLE,param=256f,config=mve_refmat,backend=mve,matvec=reference,operation=aim3_mpc_scalar,sample=22,inner=8,items=1,raw_cycles=1018796
PROFILE_SAMPLE,param=256f,config=mve_refmat,backend=mve,matvec=reference,operation=aim3_mpc_scalar,sample=23,inner=8,items=1,raw_cycles=1018664
PROFILE_SAMPLE,param=256f,config=mve_refmat,backend=mve,matvec=reference,operation=aim3_mpc_scalar,sample=24,inner=8,items=1,raw_cycles=1018796
PROFILE_SAMPLE,param=256f,config=mve_refmat,backend=mve,matvec=reference,operation=aim3_mpc_scalar,sample=25,inner=8,items=1,raw_cycles=1018664
PROFILE_SAMPLE,param=256f,config=mve_refmat,backend=mve,matvec=reference,operation=aim3_mpc_scalar,sample=26,inner=8,items=1,raw_cycles=1018796
PROFILE_SAMPLE,param=256f,config=mve_refmat,backend=mve,matvec=reference,operation=aim3_mpc_scalar,sample=27,inner=8,items=1,raw_cycles=1018664
PROFILE_SAMPLE,param=256f,config=mve_refmat,backend=mve,matvec=reference,operation=aim3_mpc_scalar,sample=28,inner=8,items=1,raw_cycles=1018796
PROFILE_SAMPLE,param=256f,config=mve_refmat,backend=mve,matvec=reference,operation=aim3_mpc_scalar,sample=29,inner=8,items=1,raw_cycles=1018664
PROFILE_SAMPLE,param=256f,config=mve_refmat,backend=mve,matvec=reference,operation=aim3_mpc_scalar,sample=30,inner=8,items=1,raw_cycles=1018796
PROFILE_RESULT,param=256f,config=mve_refmat,backend=mve,matvec=reference,operation=aim3_mpc_scalar,samples=31,inner=8,items=1,min=127331.38,median=127349.50,mean=127358.41,stddev=55.00,max=127582.62,cycles_per_item_mean=127358.41
PROFILE_PASS,param=256f,config=mve_refmat,backend=mve,matvec=reference,checksum=3ff68ceca94a8911
TEST_EXIT=0
