PAPER_M55_CONTEXT,result_dir=/Users/seungwon/AIMer3_on_AVX512/m55/benchmarks/results/paper-final-ref-mve-20260906-151313,source_sha256=d5a9217638ee84f7d9f5243875243052c95d5d6c224578e33e0548304ef6457e,command=make -B -C /Users/seungwon/AIMer3_on_AVX512/m55 PARAM=128s BACKEND=ref MATVEC=reference TEST=benchmark MEMORY=full SIGN_SCHEDULE=lowmem STACK_USAGE=1 BENCH_KERNEL_SAMPLES=31 BENCH_KERNEL_INNER=64 BENCH_E2E_SAMPLES=50 BENCH_WARMUP=10 run-board ARM_GCC_DIR=/Users/seungwon/test/.tools/xpack-arm-none-eabi-gcc-15.2.1-1.1/bin CUBE_N6_DIR=/Users/seungwon/STM32CubeN6 CORTEXCTL=/Users/Shared/cortexctl OPENOCD=/Users/seungwon/test/.tools/xpack-openocd-0.12.0-7/bin/openocd OPENOCD_SCRIPTS=/Users/seungwon/test/.tools/xpack-openocd-0.12.0-7/openocd/scripts OPENOCD_TARGET_SCRIPTS=/Users/seungwon/test/.tools/openocd-scripts 
/Users/seungwon/test/.tools/xpack-arm-none-eabi-gcc-15.2.1-1.1/bin/arm-none-eabi-gcc   -DAIMER_BENCHMARK -DPARAMS=128s -DAIMER_BACKEND=ref -DAIMER_MATVEC=reference -DAIMER_CONFIG=ref -DBENCH_KERNEL_SAMPLES=31 -DBENCH_E2E_SAMPLES=50 -DBENCH_KERNEL_INNER=64 -DBENCH_WARMUP=10 -DPROFILE_SAMPLES=31 -DPROFILE_KERNEL_INNER=64 -DPROFILE_COMPLEX_INNER=8 -DUSE_HAL_DRIVER -DSTM32N657xx -Iinclude -I../common/src/sig/aimer/reference/aimer-128s -I../common/src -I/Users/seungwon/STM32CubeN6/Projects/NUCLEO-N657X0-Q/Templates/Template/FSBL/Inc -I/Users/seungwon/STM32CubeN6/Drivers/CMSIS/Include -I/Users/seungwon/STM32CubeN6/Drivers/CMSIS/Device/ST/STM32N6xx/Include -I/Users/seungwon/STM32CubeN6/Drivers/STM32N6xx_HAL_Driver/Inc -I/Users/seungwon/STM32CubeN6/Drivers/STM32N6xx_HAL_Driver/Inc/Legacy -O3 -std=c11 -fno-common -ffunction-sections -fdata-sections -fno-tree-vectorize -fno-tree-slp-vectorize -MMD -MP --specs=nosys.specs -Wall -Wextra -Wshadow -Wconversion -Wstrict-prototypes -mcpu=cortex-m55 -mthumb -mfloat-abi=hard -mcmse -fstack-usage -c benchmarks/benchmark.c -o build/full/128s/ref/benchmark/benchmark.c.o
/Users/seungwon/test/.tools/xpack-arm-none-eabi-gcc-15.2.1-1.1/bin/arm-none-eabi-gcc   -DAIMER_BENCHMARK -DPARAMS=128s -DAIMER_BACKEND=ref -DAIMER_MATVEC=reference -DAIMER_CONFIG=ref -DBENCH_KERNEL_SAMPLES=31 -DBENCH_E2E_SAMPLES=50 -DBENCH_KERNEL_INNER=64 -DBENCH_WARMUP=10 -DPROFILE_SAMPLES=31 -DPROFILE_KERNEL_INNER=64 -DPROFILE_COMPLEX_INNER=8 -DUSE_HAL_DRIVER -DSTM32N657xx -Iinclude -I../common/src/sig/aimer/reference/aimer-128s -I../common/src -I/Users/seungwon/STM32CubeN6/Projects/NUCLEO-N657X0-Q/Templates/Template/FSBL/Inc -I/Users/seungwon/STM32CubeN6/Drivers/CMSIS/Include -I/Users/seungwon/STM32CubeN6/Drivers/CMSIS/Device/ST/STM32N6xx/Include -I/Users/seungwon/STM32CubeN6/Drivers/STM32N6xx_HAL_Driver/Inc -I/Users/seungwon/STM32CubeN6/Drivers/STM32N6xx_HAL_Driver/Inc/Legacy -O3 -std=c11 -fno-common -ffunction-sections -fdata-sections -fno-tree-vectorize -fno-tree-slp-vectorize -MMD -MP --specs=nosys.specs -Wall -Wextra -Wshadow -Wconversion -Wstrict-prototypes -mcpu=cortex-m55 -mthumb -mfloat-abi=hard -mcmse -fstack-usage -c src/lowmem/sign_low_memory.c -o build/full/128s/ref/benchmark/sign_low_memory.c.o
/Users/seungwon/test/.tools/xpack-arm-none-eabi-gcc-15.2.1-1.1/bin/arm-none-eabi-gcc   -DAIMER_BENCHMARK -DPARAMS=128s -DAIMER_BACKEND=ref -DAIMER_MATVEC=reference -DAIMER_CONFIG=ref -DBENCH_KERNEL_SAMPLES=31 -DBENCH_E2E_SAMPLES=50 -DBENCH_KERNEL_INNER=64 -DBENCH_WARMUP=10 -DPROFILE_SAMPLES=31 -DPROFILE_KERNEL_INNER=64 -DPROFILE_COMPLEX_INNER=8 -DUSE_HAL_DRIVER -DSTM32N657xx -Iinclude -I../common/src/sig/aimer/reference/aimer-128s -I../common/src -I/Users/seungwon/STM32CubeN6/Projects/NUCLEO-N657X0-Q/Templates/Template/FSBL/Inc -I/Users/seungwon/STM32CubeN6/Drivers/CMSIS/Include -I/Users/seungwon/STM32CubeN6/Drivers/CMSIS/Device/ST/STM32N6xx/Include -I/Users/seungwon/STM32CubeN6/Drivers/STM32N6xx_HAL_Driver/Inc -I/Users/seungwon/STM32CubeN6/Drivers/STM32N6xx_HAL_Driver/Inc/Legacy -O3 -std=c11 -fno-common -ffunction-sections -fdata-sections -fno-tree-vectorize -fno-tree-slp-vectorize -MMD -MP --specs=nosys.specs -Wall -Wextra -Wshadow -Wconversion -Wstrict-prototypes -mcpu=cortex-m55 -mthumb -mfloat-abi=hard -mcmse -fstack-usage -c src/lowmem/verify_batch.c -o build/full/128s/ref/benchmark/verify_batch.c.o
/Users/seungwon/test/.tools/xpack-arm-none-eabi-gcc-15.2.1-1.1/bin/arm-none-eabi-gcc   -DAIMER_BENCHMARK -DPARAMS=128s -DAIMER_BACKEND=ref -DAIMER_MATVEC=reference -DAIMER_CONFIG=ref -DBENCH_KERNEL_SAMPLES=31 -DBENCH_E2E_SAMPLES=50 -DBENCH_KERNEL_INNER=64 -DBENCH_WARMUP=10 -DPROFILE_SAMPLES=31 -DPROFILE_KERNEL_INNER=64 -DPROFILE_COMPLEX_INNER=8 -DUSE_HAL_DRIVER -DSTM32N657xx -Iinclude -I../common/src/sig/aimer/reference/aimer-128s -I../common/src -I/Users/seungwon/STM32CubeN6/Projects/NUCLEO-N657X0-Q/Templates/Template/FSBL/Inc -I/Users/seungwon/STM32CubeN6/Drivers/CMSIS/Include -I/Users/seungwon/STM32CubeN6/Drivers/CMSIS/Device/ST/STM32N6xx/Include -I/Users/seungwon/STM32CubeN6/Drivers/STM32N6xx_HAL_Driver/Inc -I/Users/seungwon/STM32CubeN6/Drivers/STM32N6xx_HAL_Driver/Inc/Legacy -O3 -std=c11 -fno-common -ffunction-sections -fdata-sections -fno-tree-vectorize -fno-tree-slp-vectorize -MMD -MP --specs=nosys.specs -Wall -Wextra -Wshadow -Wconversion -Wstrict-prototypes -mcpu=cortex-m55 -mthumb -mfloat-abi=hard -mcmse -fstack-usage -c src/mve/field_batch.c -o build/full/128s/ref/benchmark/field_batch.c.o
/Users/seungwon/test/.tools/xpack-arm-none-eabi-gcc-15.2.1-1.1/bin/arm-none-eabi-gcc   -DAIMER_BENCHMARK -DPARAMS=128s -DAIMER_BACKEND=ref -DAIMER_MATVEC=reference -DAIMER_CONFIG=ref -DBENCH_KERNEL_SAMPLES=31 -DBENCH_E2E_SAMPLES=50 -DBENCH_KERNEL_INNER=64 -DBENCH_WARMUP=10 -DPROFILE_SAMPLES=31 -DPROFILE_KERNEL_INNER=64 -DPROFILE_COMPLEX_INNER=8 -DUSE_HAL_DRIVER -DSTM32N657xx -Iinclude -I../common/src/sig/aimer/reference/aimer-128s -I../common/src -I/Users/seungwon/STM32CubeN6/Projects/NUCLEO-N657X0-Q/Templates/Template/FSBL/Inc -I/Users/seungwon/STM32CubeN6/Drivers/CMSIS/Include -I/Users/seungwon/STM32CubeN6/Drivers/CMSIS/Device/ST/STM32N6xx/Include -I/Users/seungwon/STM32CubeN6/Drivers/STM32N6xx_HAL_Driver/Inc -I/Users/seungwon/STM32CubeN6/Drivers/STM32N6xx_HAL_Driver/Inc/Legacy -O3 -std=c11 -fno-common -ffunction-sections -fdata-sections -fno-tree-vectorize -fno-tree-slp-vectorize -MMD -MP --specs=nosys.specs -Wall -Wextra -Wshadow -Wconversion -Wstrict-prototypes -mcpu=cortex-m55 -mthumb -mfloat-abi=hard -mcmse -fstack-usage -c src/mve/mpc_batch.c -o build/full/128s/ref/benchmark/mpc_batch.c.o
/Users/seungwon/test/.tools/xpack-arm-none-eabi-gcc-15.2.1-1.1/bin/arm-none-eabi-gcc   -DAIMER_BENCHMARK -DPARAMS=128s -DAIMER_BACKEND=ref -DAIMER_MATVEC=reference -DAIMER_CONFIG=ref -DBENCH_KERNEL_SAMPLES=31 -DBENCH_E2E_SAMPLES=50 -DBENCH_KERNEL_INNER=64 -DBENCH_WARMUP=10 -DPROFILE_SAMPLES=31 -DPROFILE_KERNEL_INNER=64 -DPROFILE_COMPLEX_INNER=8 -DUSE_HAL_DRIVER -DSTM32N657xx -Iinclude -I../common/src/sig/aimer/reference/aimer-128s -I../common/src -I/Users/seungwon/STM32CubeN6/Projects/NUCLEO-N657X0-Q/Templates/Template/FSBL/Inc -I/Users/seungwon/STM32CubeN6/Drivers/CMSIS/Include -I/Users/seungwon/STM32CubeN6/Drivers/CMSIS/Device/ST/STM32N6xx/Include -I/Users/seungwon/STM32CubeN6/Drivers/STM32N6xx_HAL_Driver/Inc -I/Users/seungwon/STM32CubeN6/Drivers/STM32N6xx_HAL_Driver/Inc/Legacy -O3 -std=c11 -fno-common -ffunction-sections -fdata-sections -fno-tree-vectorize -fno-tree-slp-vectorize -MMD -MP --specs=nosys.specs -Wall -Wextra -Wshadow -Wconversion -Wstrict-prototypes -mcpu=cortex-m55 -mthumb -mfloat-abi=hard -mcmse -fstack-usage -c ../common/src/sig/aimer/reference/aimer-128s/aim3.c -o build/full/128s/ref/benchmark/aim3.c.o
/Users/seungwon/test/.tools/xpack-arm-none-eabi-gcc-15.2.1-1.1/bin/arm-none-eabi-gcc   -DAIMER_BENCHMARK -DPARAMS=128s -DAIMER_BACKEND=ref -DAIMER_MATVEC=reference -DAIMER_CONFIG=ref -DBENCH_KERNEL_SAMPLES=31 -DBENCH_E2E_SAMPLES=50 -DBENCH_KERNEL_INNER=64 -DBENCH_WARMUP=10 -DPROFILE_SAMPLES=31 -DPROFILE_KERNEL_INNER=64 -DPROFILE_COMPLEX_INNER=8 -DUSE_HAL_DRIVER -DSTM32N657xx -Iinclude -I../common/src/sig/aimer/reference/aimer-128s -I../common/src -I/Users/seungwon/STM32CubeN6/Projects/NUCLEO-N657X0-Q/Templates/Template/FSBL/Inc -I/Users/seungwon/STM32CubeN6/Drivers/CMSIS/Include -I/Users/seungwon/STM32CubeN6/Drivers/CMSIS/Device/ST/STM32N6xx/Include -I/Users/seungwon/STM32CubeN6/Drivers/STM32N6xx_HAL_Driver/Inc -I/Users/seungwon/STM32CubeN6/Drivers/STM32N6xx_HAL_Driver/Inc/Legacy -O3 -std=c11 -fno-common -ffunction-sections -fdata-sections -fno-tree-vectorize -fno-tree-slp-vectorize -MMD -MP --specs=nosys.specs -Wall -Wextra -Wshadow -Wconversion -Wstrict-prototypes -mcpu=cortex-m55 -mthumb -mfloat-abi=hard -mcmse -fstack-usage -c ../common/src/sig/aimer/reference/aimer-128s/hash.c -o build/full/128s/ref/benchmark/hash.c.o
/Users/seungwon/test/.tools/xpack-arm-none-eabi-gcc-15.2.1-1.1/bin/arm-none-eabi-gcc   -DAIMER_BENCHMARK -DPARAMS=128s -DAIMER_BACKEND=ref -DAIMER_MATVEC=reference -DAIMER_CONFIG=ref -DBENCH_KERNEL_SAMPLES=31 -DBENCH_E2E_SAMPLES=50 -DBENCH_KERNEL_INNER=64 -DBENCH_WARMUP=10 -DPROFILE_SAMPLES=31 -DPROFILE_KERNEL_INNER=64 -DPROFILE_COMPLEX_INNER=8 -DUSE_HAL_DRIVER -DSTM32N657xx -Iinclude -I../common/src/sig/aimer/reference/aimer-128s -I../common/src -I/Users/seungwon/STM32CubeN6/Projects/NUCLEO-N657X0-Q/Templates/Template/FSBL/Inc -I/Users/seungwon/STM32CubeN6/Drivers/CMSIS/Include -I/Users/seungwon/STM32CubeN6/Drivers/CMSIS/Device/ST/STM32N6xx/Include -I/Users/seungwon/STM32CubeN6/Drivers/STM32N6xx_HAL_Driver/Inc -I/Users/seungwon/STM32CubeN6/Drivers/STM32N6xx_HAL_Driver/Inc/Legacy -O3 -std=c11 -fno-common -ffunction-sections -fdata-sections -fno-tree-vectorize -fno-tree-slp-vectorize -MMD -MP --specs=nosys.specs -Wall -Wextra -Wshadow -Wconversion -Wstrict-prototypes -mcpu=cortex-m55 -mthumb -mfloat-abi=hard -mcmse -fstack-usage -c ../common/src/sig/aimer/reference/aimer-128s/sign.c -o build/full/128s/ref/benchmark/sign.c.o
../common/src/sig/aimer/reference/aimer-128s/sign.c: In function 'samsungsds_aimer_128s_ref_crypto_sign_signature':
../common/src/sig/aimer/reference/aimer-128s/sign.c:409:15: warning: conversion from 'size_t' {aka 'unsigned int'} to 'uint8_t' {aka 'unsigned char'} may change value [-Wconversion]
  409 |   prefix[0] = ctxlen;
      |               ^~~~~~
../common/src/sig/aimer/reference/aimer-128s/sign.c: In function 'samsungsds_aimer_128s_ref_crypto_sign_verify':
../common/src/sig/aimer/reference/aimer-128s/sign.c:675:15: warning: conversion from 'size_t' {aka 'unsigned int'} to 'uint8_t' {aka 'unsigned char'} may change value [-Wconversion]
  675 |   prefix[0] = ctxlen;
      |               ^~~~~~
/Users/seungwon/test/.tools/xpack-arm-none-eabi-gcc-15.2.1-1.1/bin/arm-none-eabi-gcc   -DAIMER_BENCHMARK -DPARAMS=128s -DAIMER_BACKEND=ref -DAIMER_MATVEC=reference -DAIMER_CONFIG=ref -DBENCH_KERNEL_SAMPLES=31 -DBENCH_E2E_SAMPLES=50 -DBENCH_KERNEL_INNER=64 -DBENCH_WARMUP=10 -DPROFILE_SAMPLES=31 -DPROFILE_KERNEL_INNER=64 -DPROFILE_COMPLEX_INNER=8 -DUSE_HAL_DRIVER -DSTM32N657xx -Iinclude -I../common/src/sig/aimer/reference/aimer-128s -I../common/src -I/Users/seungwon/STM32CubeN6/Projects/NUCLEO-N657X0-Q/Templates/Template/FSBL/Inc -I/Users/seungwon/STM32CubeN6/Drivers/CMSIS/Include -I/Users/seungwon/STM32CubeN6/Drivers/CMSIS/Device/ST/STM32N6xx/Include -I/Users/seungwon/STM32CubeN6/Drivers/STM32N6xx_HAL_Driver/Inc -I/Users/seungwon/STM32CubeN6/Drivers/STM32N6xx_HAL_Driver/Inc/Legacy -O3 -std=c11 -fno-common -ffunction-sections -fdata-sections -fno-tree-vectorize -fno-tree-slp-vectorize -MMD -MP --specs=nosys.specs -Wall -Wextra -Wshadow -Wconversion -Wstrict-prototypes -mcpu=cortex-m55 -mthumb -mfloat-abi=hard -mcmse -fstack-usage -c ../common/src/sig/aimer/reference/aimer-128s/tree.c -o build/full/128s/ref/benchmark/tree.c.o
/Users/seungwon/test/.tools/xpack-arm-none-eabi-gcc-15.2.1-1.1/bin/arm-none-eabi-gcc   -DAIMER_BENCHMARK -DPARAMS=128s -DAIMER_BACKEND=ref -DAIMER_MATVEC=reference -DAIMER_CONFIG=ref -DBENCH_KERNEL_SAMPLES=31 -DBENCH_E2E_SAMPLES=50 -DBENCH_KERNEL_INNER=64 -DBENCH_WARMUP=10 -DPROFILE_SAMPLES=31 -DPROFILE_KERNEL_INNER=64 -DPROFILE_COMPLEX_INNER=8 -DUSE_HAL_DRIVER -DSTM32N657xx -Iinclude -I../common/src/sig/aimer/reference/aimer-128s -I../common/src -I/Users/seungwon/STM32CubeN6/Projects/NUCLEO-N657X0-Q/Templates/Template/FSBL/Inc -I/Users/seungwon/STM32CubeN6/Drivers/CMSIS/Include -I/Users/seungwon/STM32CubeN6/Drivers/CMSIS/Device/ST/STM32N6xx/Include -I/Users/seungwon/STM32CubeN6/Drivers/STM32N6xx_HAL_Driver/Inc -I/Users/seungwon/STM32CubeN6/Drivers/STM32N6xx_HAL_Driver/Inc/Legacy -O3 -std=c11 -fno-common -ffunction-sections -fdata-sections -fno-tree-vectorize -fno-tree-slp-vectorize -MMD -MP --specs=nosys.specs -Wall -Wextra -Wshadow -Wconversion -Wstrict-prototypes -mcpu=cortex-m55 -mthumb -mfloat-abi=hard -mcmse -fstack-usage -c ../common/src/sig/aimer/reference/aimer-128s/field_common.c -o build/full/128s/ref/benchmark/field_common.c.o
../common/src/sig/aimer/reference/aimer-128s/field_common.c: In function 'samsungsds_aimer_128s_ref_gf_from_bytes':
../common/src/sig/aimer/reference/aimer-128s/field_common.c:28:31: warning: conversion to 'size_t' {aka 'unsigned int'} from 'int' may change the sign of the result [-Wsign-conversion]
   28 |       u = (u << 8) | in[8 * i + j];
      |                               ^
/Users/seungwon/test/.tools/xpack-arm-none-eabi-gcc-15.2.1-1.1/bin/arm-none-eabi-gcc   -DAIMER_BENCHMARK -DPARAMS=128s -DAIMER_BACKEND=ref -DAIMER_MATVEC=reference -DAIMER_CONFIG=ref -DBENCH_KERNEL_SAMPLES=31 -DBENCH_E2E_SAMPLES=50 -DBENCH_KERNEL_INNER=64 -DBENCH_WARMUP=10 -DPROFILE_SAMPLES=31 -DPROFILE_KERNEL_INNER=64 -DPROFILE_COMPLEX_INNER=8 -DUSE_HAL_DRIVER -DSTM32N657xx -Iinclude -I../common/src/sig/aimer/reference/aimer-128s -I../common/src -I/Users/seungwon/STM32CubeN6/Projects/NUCLEO-N657X0-Q/Templates/Template/FSBL/Inc -I/Users/seungwon/STM32CubeN6/Drivers/CMSIS/Include -I/Users/seungwon/STM32CubeN6/Drivers/CMSIS/Device/ST/STM32N6xx/Include -I/Users/seungwon/STM32CubeN6/Drivers/STM32N6xx_HAL_Driver/Inc -I/Users/seungwon/STM32CubeN6/Drivers/STM32N6xx_HAL_Driver/Inc/Legacy -O3 -std=c11 -fno-common -ffunction-sections -fdata-sections -fno-tree-vectorize -fno-tree-slp-vectorize -MMD -MP --specs=nosys.specs -Wall -Wextra -Wshadow -Wconversion -Wstrict-prototypes -mcpu=cortex-m55 -mthumb -mfloat-abi=hard -mcmse -fstack-usage -c ../common/src/sig/aimer/reference/aimer-128s/field128.c -o build/full/128s/ref/benchmark/field128.c.o
/Users/seungwon/test/.tools/xpack-arm-none-eabi-gcc-15.2.1-1.1/bin/arm-none-eabi-gcc   -DAIMER_BENCHMARK -DPARAMS=128s -DAIMER_BACKEND=ref -DAIMER_MATVEC=reference -DAIMER_CONFIG=ref -DBENCH_KERNEL_SAMPLES=31 -DBENCH_E2E_SAMPLES=50 -DBENCH_KERNEL_INNER=64 -DBENCH_WARMUP=10 -DPROFILE_SAMPLES=31 -DPROFILE_KERNEL_INNER=64 -DPROFILE_COMPLEX_INNER=8 -DUSE_HAL_DRIVER -DSTM32N657xx -Iinclude -I../common/src/sig/aimer/reference/aimer-128s -I../common/src -I/Users/seungwon/STM32CubeN6/Projects/NUCLEO-N657X0-Q/Templates/Template/FSBL/Inc -I/Users/seungwon/STM32CubeN6/Drivers/CMSIS/Include -I/Users/seungwon/STM32CubeN6/Drivers/CMSIS/Device/ST/STM32N6xx/Include -I/Users/seungwon/STM32CubeN6/Drivers/STM32N6xx_HAL_Driver/Inc -I/Users/seungwon/STM32CubeN6/Drivers/STM32N6xx_HAL_Driver/Inc/Legacy -O3 -std=c11 -fno-common -ffunction-sections -fdata-sections -fno-tree-vectorize -fno-tree-slp-vectorize -MMD -MP --specs=nosys.specs -Wall -Wextra -Wshadow -Wconversion -Wstrict-prototypes -mcpu=cortex-m55 -mthumb -mfloat-abi=hard -mcmse -fstack-usage -c ../common/src/common/aes.c -o build/full/128s/ref/benchmark/aes.c.o
/Users/seungwon/test/.tools/xpack-arm-none-eabi-gcc-15.2.1-1.1/bin/arm-none-eabi-gcc   -DAIMER_BENCHMARK -DPARAMS=128s -DAIMER_BACKEND=ref -DAIMER_MATVEC=reference -DAIMER_CONFIG=ref -DBENCH_KERNEL_SAMPLES=31 -DBENCH_E2E_SAMPLES=50 -DBENCH_KERNEL_INNER=64 -DBENCH_WARMUP=10 -DPROFILE_SAMPLES=31 -DPROFILE_KERNEL_INNER=64 -DPROFILE_COMPLEX_INNER=8 -DUSE_HAL_DRIVER -DSTM32N657xx -Iinclude -I../common/src/sig/aimer/reference/aimer-128s -I../common/src -I/Users/seungwon/STM32CubeN6/Projects/NUCLEO-N657X0-Q/Templates/Template/FSBL/Inc -I/Users/seungwon/STM32CubeN6/Drivers/CMSIS/Include -I/Users/seungwon/STM32CubeN6/Drivers/CMSIS/Device/ST/STM32N6xx/Include -I/Users/seungwon/STM32CubeN6/Drivers/STM32N6xx_HAL_Driver/Inc -I/Users/seungwon/STM32CubeN6/Drivers/STM32N6xx_HAL_Driver/Inc/Legacy -O3 -std=c11 -fno-common -ffunction-sections -fdata-sections -fno-tree-vectorize -fno-tree-slp-vectorize -MMD -MP --specs=nosys.specs -Wall -Wextra -Wshadow -Wconversion -Wstrict-prototypes -mcpu=cortex-m55 -mthumb -mfloat-abi=hard -mcmse -fstack-usage -c ../common/src/common/fips202.c -o build/full/128s/ref/benchmark/fips202.c.o
/Users/seungwon/test/.tools/xpack-arm-none-eabi-gcc-15.2.1-1.1/bin/arm-none-eabi-gcc   -DAIMER_BENCHMARK -DPARAMS=128s -DAIMER_BACKEND=ref -DAIMER_MATVEC=reference -DAIMER_CONFIG=ref -DBENCH_KERNEL_SAMPLES=31 -DBENCH_E2E_SAMPLES=50 -DBENCH_KERNEL_INNER=64 -DBENCH_WARMUP=10 -DPROFILE_SAMPLES=31 -DPROFILE_KERNEL_INNER=64 -DPROFILE_COMPLEX_INNER=8 -DUSE_HAL_DRIVER -DSTM32N657xx -Iinclude -I../common/src/sig/aimer/reference/aimer-128s -I../common/src -I/Users/seungwon/STM32CubeN6/Projects/NUCLEO-N657X0-Q/Templates/Template/FSBL/Inc -I/Users/seungwon/STM32CubeN6/Drivers/CMSIS/Include -I/Users/seungwon/STM32CubeN6/Drivers/CMSIS/Device/ST/STM32N6xx/Include -I/Users/seungwon/STM32CubeN6/Drivers/STM32N6xx_HAL_Driver/Inc -I/Users/seungwon/STM32CubeN6/Drivers/STM32N6xx_HAL_Driver/Inc/Legacy -O3 -std=c11 -fno-common -ffunction-sections -fdata-sections -fno-tree-vectorize -fno-tree-slp-vectorize -MMD -MP --specs=nosys.specs -Wall -Wextra -Wshadow -Wconversion -Wstrict-prototypes -mcpu=cortex-m55 -mthumb -mfloat-abi=hard -mcmse -fstack-usage -c ../common/src/common/rng.c -o build/full/128s/ref/benchmark/rng.c.o
../common/src/common/rng.c: In function 'seedexpander_init':
../common/src/common/rng.c:30:17: warning: comparison is always false due to limited range of data type [-Wtype-limits]
   30 |     if ( maxlen >= 0x100000000 )
      |                 ^~
../common/src/common/rng.c: In function 'seedexpander':
../common/src/common/rng.c:73:19: warning: comparison of integer expressions of different signedness: 'long unsigned int' and 'int' [-Wsign-compare]
   73 |         if ( xlen <= (16-ctx->buffer_pos) ) { // buffer has what we need
      |                   ^~
../common/src/common/rng.c:75:29: warning: conversion to 'long unsigned int' from 'int' may change the sign of the result [-Wsign-conversion]
   75 |             ctx->buffer_pos += xlen;
      |                             ^~
../common/src/common/rng.c:75:32: warning: conversion to 'int' from 'long unsigned int' may change the sign of the result [-Wsign-conversion]
   75 |             ctx->buffer_pos += xlen;
      |                                ^~~~
../common/src/common/rng.c:81:57: warning: conversion to 'size_t' {aka 'unsigned int'} from 'int' may change the sign of the result [-Wsign-conversion]
   81 |         memcpy(x+offset, ctx->buffer+ctx->buffer_pos, 16-ctx->buffer_pos);
      |                                                       ~~^~~~~~~~~~~~~~~~
../common/src/common/rng.c:82:14: warning: conversion to 'long unsigned int' from 'int' may change the sign of the result [-Wsign-conversion]
   82 |         xlen -= 16-ctx->buffer_pos;
      |              ^~
../common/src/common/rng.c:83:16: warning: conversion to 'long unsigned int' from 'int' may change the sign of the result [-Wsign-conversion]
   83 |         offset += 16-ctx->buffer_pos;
      |                ^~
../common/src/common/rng.c: In function 'randombytes_init':
../common/src/common/rng.c:127:22: warning: unused parameter 'security_strength' [-Wunused-parameter]
  127 |                  int security_strength)
      |                  ~~~~^~~~~~~~~~~~~~~~~
../common/src/common/rng.c: In function 'randombytes':
../common/src/common/rng.c:164:32: warning: conversion from 'long long unsigned int' to 'size_t' {aka 'unsigned int'} may change value [-Wconversion]
  164 |             memcpy(x+i, block, xlen);
      |                                ^~~~
/Users/seungwon/test/.tools/xpack-arm-none-eabi-gcc-15.2.1-1.1/bin/arm-none-eabi-gcc   -DAIMER_BENCHMARK -DPARAMS=128s -DAIMER_BACKEND=ref -DAIMER_MATVEC=reference -DAIMER_CONFIG=ref -DBENCH_KERNEL_SAMPLES=31 -DBENCH_E2E_SAMPLES=50 -DBENCH_KERNEL_INNER=64 -DBENCH_WARMUP=10 -DPROFILE_SAMPLES=31 -DPROFILE_KERNEL_INNER=64 -DPROFILE_COMPLEX_INNER=8 -DUSE_HAL_DRIVER -DSTM32N657xx -Iinclude -I../common/src/sig/aimer/reference/aimer-128s -I../common/src -I/Users/seungwon/STM32CubeN6/Projects/NUCLEO-N657X0-Q/Templates/Template/FSBL/Inc -I/Users/seungwon/STM32CubeN6/Drivers/CMSIS/Include -I/Users/seungwon/STM32CubeN6/Drivers/CMSIS/Device/ST/STM32N6xx/Include -I/Users/seungwon/STM32CubeN6/Drivers/STM32N6xx_HAL_Driver/Inc -I/Users/seungwon/STM32CubeN6/Drivers/STM32N6xx_HAL_Driver/Inc/Legacy -O3 -std=c11 -fno-common -ffunction-sections -fdata-sections -fno-tree-vectorize -fno-tree-slp-vectorize -MMD -MP --specs=nosys.specs -Wall -Wextra -Wshadow -Wconversion -Wstrict-prototypes -mcpu=cortex-m55 -mthumb -mfloat-abi=hard -mcmse -fstack-usage -c platform/nucleo-n657x0-q/platform.c -o build/full/128s/ref/benchmark/platform.c.o
In file included from /Users/seungwon/STM32CubeN6/Drivers/CMSIS/Include/core_cm55.h:4605,
                 from /Users/seungwon/STM32CubeN6/Drivers/CMSIS/Device/ST/STM32N6xx/Include/stm32n657xx.h:281,
                 from /Users/seungwon/STM32CubeN6/Drivers/CMSIS/Device/ST/STM32N6xx/Include/stm32n6xx.h:87,
                 from /Users/seungwon/STM32CubeN6/Drivers/STM32N6xx_HAL_Driver/Inc/stm32n6xx_hal_def.h:33,
                 from /Users/seungwon/STM32CubeN6/Drivers/STM32N6xx_HAL_Driver/Inc/stm32n6xx_hal_rcc.h:28,
                 from /Users/seungwon/STM32CubeN6/Projects/NUCLEO-N657X0-Q/Templates/Template/FSBL/Inc/stm32n6xx_hal_conf.h:253,
                 from /Users/seungwon/STM32CubeN6/Drivers/STM32N6xx_HAL_Driver/Inc/stm32n6xx_hal.h:29,
                 from platform/nucleo-n657x0-q/platform.c:5:
/Users/seungwon/STM32CubeN6/Drivers/CMSIS/Include/m-profile/armv7m_cachel1.h: In function 'SCB_InvalidateICache_by_Addr':
/Users/seungwon/STM32CubeN6/Drivers/CMSIS/Include/m-profile/armv7m_cachel1.h:117:32: warning: conversion to 'long unsigned int' from 'int32_t' {aka 'long int'} may change the sign of the result [-Wsign-conversion]
  117 |        int32_t op_size = isize + (((uint32_t)addr) & (__SCB_ICACHE_LINE_SIZE - 1U));
      |                                ^
/Users/seungwon/STM32CubeN6/Drivers/CMSIS/Include/m-profile/armv7m_cachel1.h:117:26: warning: conversion to 'int32_t' {aka 'long int'} from 'long unsigned int' may change the sign of the result [-Wsign-conversion]
  117 |        int32_t op_size = isize + (((uint32_t)addr) & (__SCB_ICACHE_LINE_SIZE - 1U));
      |                          ^~~~~
/Users/seungwon/STM32CubeN6/Drivers/CMSIS/Include/m-profile/armv7m_cachel1.h:125:17: warning: conversion to 'long unsigned int' from 'int32_t' {aka 'long int'} may change the sign of the result [-Wsign-conversion]
  125 |         op_size -= __SCB_ICACHE_LINE_SIZE;
      |                 ^~
/Users/seungwon/STM32CubeN6/Drivers/CMSIS/Include/m-profile/armv7m_cachel1.h:48:33: warning: conversion to 'int32_t' {aka 'long int'} from 'long unsigned int' may change the sign of the result [-Wsign-conversion]
   48 | #define __SCB_ICACHE_LINE_SIZE  32U /*!< Cortex-M7 cache line size is fixed to 32 bytes (8 words). See also register SCB_CCSIDR */
      |                                 ^~~
/Users/seungwon/STM32CubeN6/Drivers/CMSIS/Include/m-profile/armv7m_cachel1.h:125:20: note: in expansion of macro '__SCB_ICACHE_LINE_SIZE'
  125 |         op_size -= __SCB_ICACHE_LINE_SIZE;
      |                    ^~~~~~~~~~~~~~~~~~~~~~
/Users/seungwon/STM32CubeN6/Drivers/CMSIS/Include/m-profile/armv7m_cachel1.h: In function 'SCB_InvalidateDCache_by_Addr':
/Users/seungwon/STM32CubeN6/Drivers/CMSIS/Include/m-profile/armv7m_cachel1.h:360:32: warning: conversion to 'long unsigned int' from 'int32_t' {aka 'long int'} may change the sign of the result [-Wsign-conversion]
  360 |        int32_t op_size = dsize + (((uint32_t)addr) & (__SCB_DCACHE_LINE_SIZE - 1U));
      |                                ^
/Users/seungwon/STM32CubeN6/Drivers/CMSIS/Include/m-profile/armv7m_cachel1.h:360:26: warning: conversion to 'int32_t' {aka 'long int'} from 'long unsigned int' may change the sign of the result [-Wsign-conversion]
  360 |        int32_t op_size = dsize + (((uint32_t)addr) & (__SCB_DCACHE_LINE_SIZE - 1U));
      |                          ^~~~~
/Users/seungwon/STM32CubeN6/Drivers/CMSIS/Include/m-profile/armv7m_cachel1.h:368:17: warning: conversion to 'long unsigned int' from 'int32_t' {aka 'long int'} may change the sign of the result [-Wsign-conversion]
  368 |         op_size -= __SCB_DCACHE_LINE_SIZE;
      |                 ^~
/Users/seungwon/STM32CubeN6/Drivers/CMSIS/Include/m-profile/armv7m_cachel1.h:44:33: warning: conversion to 'int32_t' {aka 'long int'} from 'long unsigned int' may change the sign of the result [-Wsign-conversion]
   44 | #define __SCB_DCACHE_LINE_SIZE  32U /*!< Cortex-M7 cache line size is fixed to 32 bytes (8 words). See also register SCB_CCSIDR */
      |                                 ^~~
/Users/seungwon/STM32CubeN6/Drivers/CMSIS/Include/m-profile/armv7m_cachel1.h:368:20: note: in expansion of macro '__SCB_DCACHE_LINE_SIZE'
  368 |         op_size -= __SCB_DCACHE_LINE_SIZE;
      |                    ^~~~~~~~~~~~~~~~~~~~~~
/Users/seungwon/STM32CubeN6/Drivers/CMSIS/Include/m-profile/armv7m_cachel1.h: In function 'SCB_CleanDCache_by_Addr':
/Users/seungwon/STM32CubeN6/Drivers/CMSIS/Include/m-profile/armv7m_cachel1.h:390:32: warning: conversion to 'long unsigned int' from 'int32_t' {aka 'long int'} may change the sign of the result [-Wsign-conversion]
  390 |        int32_t op_size = dsize + (((uint32_t)addr) & (__SCB_DCACHE_LINE_SIZE - 1U));
      |                                ^
/Users/seungwon/STM32CubeN6/Drivers/CMSIS/Include/m-profile/armv7m_cachel1.h:390:26: warning: conversion to 'int32_t' {aka 'long int'} from 'long unsigned int' may change the sign of the result [-Wsign-conversion]
  390 |        int32_t op_size = dsize + (((uint32_t)addr) & (__SCB_DCACHE_LINE_SIZE - 1U));
      |                          ^~~~~
/Users/seungwon/STM32CubeN6/Drivers/CMSIS/Include/m-profile/armv7m_cachel1.h:398:17: warning: conversion to 'long unsigned int' from 'int32_t' {aka 'long int'} may change the sign of the result [-Wsign-conversion]
  398 |         op_size -= __SCB_DCACHE_LINE_SIZE;
      |                 ^~
/Users/seungwon/STM32CubeN6/Drivers/CMSIS/Include/m-profile/armv7m_cachel1.h:44:33: warning: conversion to 'int32_t' {aka 'long int'} from 'long unsigned int' may change the sign of the result [-Wsign-conversion]
   44 | #define __SCB_DCACHE_LINE_SIZE  32U /*!< Cortex-M7 cache line size is fixed to 32 bytes (8 words). See also register SCB_CCSIDR */
      |                                 ^~~
/Users/seungwon/STM32CubeN6/Drivers/CMSIS/Include/m-profile/armv7m_cachel1.h:398:20: note: in expansion of macro '__SCB_DCACHE_LINE_SIZE'
  398 |         op_size -= __SCB_DCACHE_LINE_SIZE;
      |                    ^~~~~~~~~~~~~~~~~~~~~~
/Users/seungwon/STM32CubeN6/Drivers/CMSIS/Include/m-profile/armv7m_cachel1.h: In function 'SCB_CleanInvalidateDCache_by_Addr':
/Users/seungwon/STM32CubeN6/Drivers/CMSIS/Include/m-profile/armv7m_cachel1.h:420:32: warning: conversion to 'long unsigned int' from 'int32_t' {aka 'long int'} may change the sign of the result [-Wsign-conversion]
  420 |        int32_t op_size = dsize + (((uint32_t)addr) & (__SCB_DCACHE_LINE_SIZE - 1U));
      |                                ^
/Users/seungwon/STM32CubeN6/Drivers/CMSIS/Include/m-profile/armv7m_cachel1.h:420:26: warning: conversion to 'int32_t' {aka 'long int'} from 'long unsigned int' may change the sign of the result [-Wsign-conversion]
  420 |        int32_t op_size = dsize + (((uint32_t)addr) & (__SCB_DCACHE_LINE_SIZE - 1U));
      |                          ^~~~~
/Users/seungwon/STM32CubeN6/Drivers/CMSIS/Include/m-profile/armv7m_cachel1.h:428:17: warning: conversion to 'long unsigned int' from 'int32_t' {aka 'long int'} may change the sign of the result [-Wsign-conversion]
  428 |         op_size -=          __SCB_DCACHE_LINE_SIZE;
      |                 ^~
/Users/seungwon/STM32CubeN6/Drivers/CMSIS/Include/m-profile/armv7m_cachel1.h:44:33: warning: conversion to 'int32_t' {aka 'long int'} from 'long unsigned int' may change the sign of the result [-Wsign-conversion]
   44 | #define __SCB_DCACHE_LINE_SIZE  32U /*!< Cortex-M7 cache line size is fixed to 32 bytes (8 words). See also register SCB_CCSIDR */
      |                                 ^~~
/Users/seungwon/STM32CubeN6/Drivers/CMSIS/Include/m-profile/armv7m_cachel1.h:428:29: note: in expansion of macro '__SCB_DCACHE_LINE_SIZE'
  428 |         op_size -=          __SCB_DCACHE_LINE_SIZE;
      |                             ^~~~~~~~~~~~~~~~~~~~~~
/Users/seungwon/test/.tools/xpack-arm-none-eabi-gcc-15.2.1-1.1/bin/arm-none-eabi-gcc   -DAIMER_BENCHMARK -DPARAMS=128s -DAIMER_BACKEND=ref -DAIMER_MATVEC=reference -DAIMER_CONFIG=ref -DBENCH_KERNEL_SAMPLES=31 -DBENCH_E2E_SAMPLES=50 -DBENCH_KERNEL_INNER=64 -DBENCH_WARMUP=10 -DPROFILE_SAMPLES=31 -DPROFILE_KERNEL_INNER=64 -DPROFILE_COMPLEX_INNER=8 -DUSE_HAL_DRIVER -DSTM32N657xx -Iinclude -I../common/src/sig/aimer/reference/aimer-128s -I../common/src -I/Users/seungwon/STM32CubeN6/Projects/NUCLEO-N657X0-Q/Templates/Template/FSBL/Inc -I/Users/seungwon/STM32CubeN6/Drivers/CMSIS/Include -I/Users/seungwon/STM32CubeN6/Drivers/CMSIS/Device/ST/STM32N6xx/Include -I/Users/seungwon/STM32CubeN6/Drivers/STM32N6xx_HAL_Driver/Inc -I/Users/seungwon/STM32CubeN6/Drivers/STM32N6xx_HAL_Driver/Inc/Legacy -O3 -std=c11 -fno-common -ffunction-sections -fdata-sections -fno-tree-vectorize -fno-tree-slp-vectorize -MMD -MP --specs=nosys.specs -Wall -Wextra -Wshadow -Wconversion -Wstrict-prototypes -mcpu=cortex-m55 -mthumb -mfloat-abi=hard -mcmse -fstack-usage -c /Users/seungwon/STM32CubeN6/Projects/NUCLEO-N657X0-Q/Templates/Template/FSBL/Src/system_stm32n6xx_fsbl.c -o build/full/128s/ref/benchmark/system_stm32n6xx_fsbl.c.o
In file included from /Users/seungwon/STM32CubeN6/Drivers/CMSIS/Include/core_cm55.h:4605,
                 from /Users/seungwon/STM32CubeN6/Drivers/CMSIS/Device/ST/STM32N6xx/Include/stm32n657xx.h:281,
                 from /Users/seungwon/STM32CubeN6/Drivers/CMSIS/Device/ST/STM32N6xx/Include/stm32n6xx.h:87,
                 from /Users/seungwon/STM32CubeN6/Projects/NUCLEO-N657X0-Q/Templates/Template/FSBL/Src/system_stm32n6xx_fsbl.c:55:
/Users/seungwon/STM32CubeN6/Drivers/CMSIS/Include/m-profile/armv7m_cachel1.h: In function 'SCB_InvalidateICache_by_Addr':
/Users/seungwon/STM32CubeN6/Drivers/CMSIS/Include/m-profile/armv7m_cachel1.h:117:32: warning: conversion to 'long unsigned int' from 'int32_t' {aka 'long int'} may change the sign of the result [-Wsign-conversion]
  117 |        int32_t op_size = isize + (((uint32_t)addr) & (__SCB_ICACHE_LINE_SIZE - 1U));
      |                                ^
/Users/seungwon/STM32CubeN6/Drivers/CMSIS/Include/m-profile/armv7m_cachel1.h:117:26: warning: conversion to 'int32_t' {aka 'long int'} from 'long unsigned int' may change the sign of the result [-Wsign-conversion]
  117 |        int32_t op_size = isize + (((uint32_t)addr) & (__SCB_ICACHE_LINE_SIZE - 1U));
      |                          ^~~~~
/Users/seungwon/STM32CubeN6/Drivers/CMSIS/Include/m-profile/armv7m_cachel1.h:125:17: warning: conversion to 'long unsigned int' from 'int32_t' {aka 'long int'} may change the sign of the result [-Wsign-conversion]
  125 |         op_size -= __SCB_ICACHE_LINE_SIZE;
      |                 ^~
/Users/seungwon/STM32CubeN6/Drivers/CMSIS/Include/m-profile/armv7m_cachel1.h:48:33: warning: conversion to 'int32_t' {aka 'long int'} from 'long unsigned int' may change the sign of the result [-Wsign-conversion]
   48 | #define __SCB_ICACHE_LINE_SIZE  32U /*!< Cortex-M7 cache line size is fixed to 32 bytes (8 words). See also register SCB_CCSIDR */
      |                                 ^~~
/Users/seungwon/STM32CubeN6/Drivers/CMSIS/Include/m-profile/armv7m_cachel1.h:125:20: note: in expansion of macro '__SCB_ICACHE_LINE_SIZE'
  125 |         op_size -= __SCB_ICACHE_LINE_SIZE;
      |                    ^~~~~~~~~~~~~~~~~~~~~~
/Users/seungwon/STM32CubeN6/Drivers/CMSIS/Include/m-profile/armv7m_cachel1.h: In function 'SCB_InvalidateDCache_by_Addr':
/Users/seungwon/STM32CubeN6/Drivers/CMSIS/Include/m-profile/armv7m_cachel1.h:360:32: warning: conversion to 'long unsigned int' from 'int32_t' {aka 'long int'} may change the sign of the result [-Wsign-conversion]
  360 |        int32_t op_size = dsize + (((uint32_t)addr) & (__SCB_DCACHE_LINE_SIZE - 1U));
      |                                ^
/Users/seungwon/STM32CubeN6/Drivers/CMSIS/Include/m-profile/armv7m_cachel1.h:360:26: warning: conversion to 'int32_t' {aka 'long int'} from 'long unsigned int' may change the sign of the result [-Wsign-conversion]
  360 |        int32_t op_size = dsize + (((uint32_t)addr) & (__SCB_DCACHE_LINE_SIZE - 1U));
      |                          ^~~~~
/Users/seungwon/STM32CubeN6/Drivers/CMSIS/Include/m-profile/armv7m_cachel1.h:368:17: warning: conversion to 'long unsigned int' from 'int32_t' {aka 'long int'} may change the sign of the result [-Wsign-conversion]
  368 |         op_size -= __SCB_DCACHE_LINE_SIZE;
      |                 ^~
/Users/seungwon/STM32CubeN6/Drivers/CMSIS/Include/m-profile/armv7m_cachel1.h:44:33: warning: conversion to 'int32_t' {aka 'long int'} from 'long unsigned int' may change the sign of the result [-Wsign-conversion]
   44 | #define __SCB_DCACHE_LINE_SIZE  32U /*!< Cortex-M7 cache line size is fixed to 32 bytes (8 words). See also register SCB_CCSIDR */
      |                                 ^~~
/Users/seungwon/STM32CubeN6/Drivers/CMSIS/Include/m-profile/armv7m_cachel1.h:368:20: note: in expansion of macro '__SCB_DCACHE_LINE_SIZE'
  368 |         op_size -= __SCB_DCACHE_LINE_SIZE;
      |                    ^~~~~~~~~~~~~~~~~~~~~~
/Users/seungwon/STM32CubeN6/Drivers/CMSIS/Include/m-profile/armv7m_cachel1.h: In function 'SCB_CleanDCache_by_Addr':
/Users/seungwon/STM32CubeN6/Drivers/CMSIS/Include/m-profile/armv7m_cachel1.h:390:32: warning: conversion to 'long unsigned int' from 'int32_t' {aka 'long int'} may change the sign of the result [-Wsign-conversion]
  390 |        int32_t op_size = dsize + (((uint32_t)addr) & (__SCB_DCACHE_LINE_SIZE - 1U));
      |                                ^
/Users/seungwon/STM32CubeN6/Drivers/CMSIS/Include/m-profile/armv7m_cachel1.h:390:26: warning: conversion to 'int32_t' {aka 'long int'} from 'long unsigned int' may change the sign of the result [-Wsign-conversion]
  390 |        int32_t op_size = dsize + (((uint32_t)addr) & (__SCB_DCACHE_LINE_SIZE - 1U));
      |                          ^~~~~
/Users/seungwon/STM32CubeN6/Drivers/CMSIS/Include/m-profile/armv7m_cachel1.h:398:17: warning: conversion to 'long unsigned int' from 'int32_t' {aka 'long int'} may change the sign of the result [-Wsign-conversion]
  398 |         op_size -= __SCB_DCACHE_LINE_SIZE;
      |                 ^~
/Users/seungwon/STM32CubeN6/Drivers/CMSIS/Include/m-profile/armv7m_cachel1.h:44:33: warning: conversion to 'int32_t' {aka 'long int'} from 'long unsigned int' may change the sign of the result [-Wsign-conversion]
   44 | #define __SCB_DCACHE_LINE_SIZE  32U /*!< Cortex-M7 cache line size is fixed to 32 bytes (8 words). See also register SCB_CCSIDR */
      |                                 ^~~
/Users/seungwon/STM32CubeN6/Drivers/CMSIS/Include/m-profile/armv7m_cachel1.h:398:20: note: in expansion of macro '__SCB_DCACHE_LINE_SIZE'
  398 |         op_size -= __SCB_DCACHE_LINE_SIZE;
      |                    ^~~~~~~~~~~~~~~~~~~~~~
/Users/seungwon/STM32CubeN6/Drivers/CMSIS/Include/m-profile/armv7m_cachel1.h: In function 'SCB_CleanInvalidateDCache_by_Addr':
/Users/seungwon/STM32CubeN6/Drivers/CMSIS/Include/m-profile/armv7m_cachel1.h:420:32: warning: conversion to 'long unsigned int' from 'int32_t' {aka 'long int'} may change the sign of the result [-Wsign-conversion]
  420 |        int32_t op_size = dsize + (((uint32_t)addr) & (__SCB_DCACHE_LINE_SIZE - 1U));
      |                                ^
/Users/seungwon/STM32CubeN6/Drivers/CMSIS/Include/m-profile/armv7m_cachel1.h:420:26: warning: conversion to 'int32_t' {aka 'long int'} from 'long unsigned int' may change the sign of the result [-Wsign-conversion]
  420 |        int32_t op_size = dsize + (((uint32_t)addr) & (__SCB_DCACHE_LINE_SIZE - 1U));
      |                          ^~~~~
/Users/seungwon/STM32CubeN6/Drivers/CMSIS/Include/m-profile/armv7m_cachel1.h:428:17: warning: conversion to 'long unsigned int' from 'int32_t' {aka 'long int'} may change the sign of the result [-Wsign-conversion]
  428 |         op_size -=          __SCB_DCACHE_LINE_SIZE;
      |                 ^~
/Users/seungwon/STM32CubeN6/Drivers/CMSIS/Include/m-profile/armv7m_cachel1.h:44:33: warning: conversion to 'int32_t' {aka 'long int'} from 'long unsigned int' may change the sign of the result [-Wsign-conversion]
   44 | #define __SCB_DCACHE_LINE_SIZE  32U /*!< Cortex-M7 cache line size is fixed to 32 bytes (8 words). See also register SCB_CCSIDR */
      |                                 ^~~
/Users/seungwon/STM32CubeN6/Drivers/CMSIS/Include/m-profile/armv7m_cachel1.h:428:29: note: in expansion of macro '__SCB_DCACHE_LINE_SIZE'
  428 |         op_size -=          __SCB_DCACHE_LINE_SIZE;
      |                             ^~~~~~~~~~~~~~~~~~~~~~
/Users/seungwon/test/.tools/xpack-arm-none-eabi-gcc-15.2.1-1.1/bin/arm-none-eabi-gcc   -DAIMER_BENCHMARK -DPARAMS=128s -DAIMER_BACKEND=ref -DAIMER_MATVEC=reference -DAIMER_CONFIG=ref -DBENCH_KERNEL_SAMPLES=31 -DBENCH_E2E_SAMPLES=50 -DBENCH_KERNEL_INNER=64 -DBENCH_WARMUP=10 -DPROFILE_SAMPLES=31 -DPROFILE_KERNEL_INNER=64 -DPROFILE_COMPLEX_INNER=8 -DUSE_HAL_DRIVER -DSTM32N657xx -Iinclude -I../common/src/sig/aimer/reference/aimer-128s -I../common/src -I/Users/seungwon/STM32CubeN6/Projects/NUCLEO-N657X0-Q/Templates/Template/FSBL/Inc -I/Users/seungwon/STM32CubeN6/Drivers/CMSIS/Include -I/Users/seungwon/STM32CubeN6/Drivers/CMSIS/Device/ST/STM32N6xx/Include -I/Users/seungwon/STM32CubeN6/Drivers/STM32N6xx_HAL_Driver/Inc -I/Users/seungwon/STM32CubeN6/Drivers/STM32N6xx_HAL_Driver/Inc/Legacy -O3 -std=c11 -fno-common -ffunction-sections -fdata-sections -fno-tree-vectorize -fno-tree-slp-vectorize -MMD -MP --specs=nosys.specs -Wall -Wextra -Wshadow -Wconversion -Wstrict-prototypes -mcpu=cortex-m55 -mthumb -mfloat-abi=hard -mcmse -fstack-usage -c /Users/seungwon/STM32CubeN6/Drivers/STM32N6xx_HAL_Driver/Src/stm32n6xx_hal.c -o build/full/128s/ref/benchmark/stm32n6xx_hal.c.o
In file included from /Users/seungwon/STM32CubeN6/Drivers/CMSIS/Include/core_cm55.h:4605,
                 from /Users/seungwon/STM32CubeN6/Drivers/CMSIS/Device/ST/STM32N6xx/Include/stm32n657xx.h:281,
                 from /Users/seungwon/STM32CubeN6/Drivers/CMSIS/Device/ST/STM32N6xx/Include/stm32n6xx.h:87,
                 from /Users/seungwon/STM32CubeN6/Drivers/STM32N6xx_HAL_Driver/Inc/stm32n6xx_hal_def.h:33,
                 from /Users/seungwon/STM32CubeN6/Drivers/STM32N6xx_HAL_Driver/Inc/stm32n6xx_hal_rcc.h:28,
                 from /Users/seungwon/STM32CubeN6/Projects/NUCLEO-N657X0-Q/Templates/Template/FSBL/Inc/stm32n6xx_hal_conf.h:253,
                 from /Users/seungwon/STM32CubeN6/Drivers/STM32N6xx_HAL_Driver/Inc/stm32n6xx_hal.h:29,
                 from /Users/seungwon/STM32CubeN6/Drivers/STM32N6xx_HAL_Driver/Src/stm32n6xx_hal.c:45:
/Users/seungwon/STM32CubeN6/Drivers/CMSIS/Include/m-profile/armv7m_cachel1.h: In function 'SCB_InvalidateICache_by_Addr':
/Users/seungwon/STM32CubeN6/Drivers/CMSIS/Include/m-profile/armv7m_cachel1.h:117:32: warning: conversion to 'long unsigned int' from 'int32_t' {aka 'long int'} may change the sign of the result [-Wsign-conversion]
  117 |        int32_t op_size = isize + (((uint32_t)addr) & (__SCB_ICACHE_LINE_SIZE - 1U));
      |                                ^
/Users/seungwon/STM32CubeN6/Drivers/CMSIS/Include/m-profile/armv7m_cachel1.h:117:26: warning: conversion to 'int32_t' {aka 'long int'} from 'long unsigned int' may change the sign of the result [-Wsign-conversion]
  117 |        int32_t op_size = isize + (((uint32_t)addr) & (__SCB_ICACHE_LINE_SIZE - 1U));
      |                          ^~~~~
/Users/seungwon/STM32CubeN6/Drivers/CMSIS/Include/m-profile/armv7m_cachel1.h:125:17: warning: conversion to 'long unsigned int' from 'int32_t' {aka 'long int'} may change the sign of the result [-Wsign-conversion]
  125 |         op_size -= __SCB_ICACHE_LINE_SIZE;
      |                 ^~
/Users/seungwon/STM32CubeN6/Drivers/CMSIS/Include/m-profile/armv7m_cachel1.h:48:33: warning: conversion to 'int32_t' {aka 'long int'} from 'long unsigned int' may change the sign of the result [-Wsign-conversion]
   48 | #define __SCB_ICACHE_LINE_SIZE  32U /*!< Cortex-M7 cache line size is fixed to 32 bytes (8 words). See also register SCB_CCSIDR */
      |                                 ^~~
/Users/seungwon/STM32CubeN6/Drivers/CMSIS/Include/m-profile/armv7m_cachel1.h:125:20: note: in expansion of macro '__SCB_ICACHE_LINE_SIZE'
  125 |         op_size -= __SCB_ICACHE_LINE_SIZE;
      |                    ^~~~~~~~~~~~~~~~~~~~~~
/Users/seungwon/STM32CubeN6/Drivers/CMSIS/Include/m-profile/armv7m_cachel1.h: In function 'SCB_InvalidateDCache_by_Addr':
/Users/seungwon/STM32CubeN6/Drivers/CMSIS/Include/m-profile/armv7m_cachel1.h:360:32: warning: conversion to 'long unsigned int' from 'int32_t' {aka 'long int'} may change the sign of the result [-Wsign-conversion]
  360 |        int32_t op_size = dsize + (((uint32_t)addr) & (__SCB_DCACHE_LINE_SIZE - 1U));
      |                                ^
/Users/seungwon/STM32CubeN6/Drivers/CMSIS/Include/m-profile/armv7m_cachel1.h:360:26: warning: conversion to 'int32_t' {aka 'long int'} from 'long unsigned int' may change the sign of the result [-Wsign-conversion]
  360 |        int32_t op_size = dsize + (((uint32_t)addr) & (__SCB_DCACHE_LINE_SIZE - 1U));
      |                          ^~~~~
/Users/seungwon/STM32CubeN6/Drivers/CMSIS/Include/m-profile/armv7m_cachel1.h:368:17: warning: conversion to 'long unsigned int' from 'int32_t' {aka 'long int'} may change the sign of the result [-Wsign-conversion]
  368 |         op_size -= __SCB_DCACHE_LINE_SIZE;
      |                 ^~
/Users/seungwon/STM32CubeN6/Drivers/CMSIS/Include/m-profile/armv7m_cachel1.h:44:33: warning: conversion to 'int32_t' {aka 'long int'} from 'long unsigned int' may change the sign of the result [-Wsign-conversion]
   44 | #define __SCB_DCACHE_LINE_SIZE  32U /*!< Cortex-M7 cache line size is fixed to 32 bytes (8 words). See also register SCB_CCSIDR */
      |                                 ^~~
/Users/seungwon/STM32CubeN6/Drivers/CMSIS/Include/m-profile/armv7m_cachel1.h:368:20: note: in expansion of macro '__SCB_DCACHE_LINE_SIZE'
  368 |         op_size -= __SCB_DCACHE_LINE_SIZE;
      |                    ^~~~~~~~~~~~~~~~~~~~~~
/Users/seungwon/STM32CubeN6/Drivers/CMSIS/Include/m-profile/armv7m_cachel1.h: In function 'SCB_CleanDCache_by_Addr':
/Users/seungwon/STM32CubeN6/Drivers/CMSIS/Include/m-profile/armv7m_cachel1.h:390:32: warning: conversion to 'long unsigned int' from 'int32_t' {aka 'long int'} may change the sign of the result [-Wsign-conversion]
  390 |        int32_t op_size = dsize + (((uint32_t)addr) & (__SCB_DCACHE_LINE_SIZE - 1U));
      |                                ^
/Users/seungwon/STM32CubeN6/Drivers/CMSIS/Include/m-profile/armv7m_cachel1.h:390:26: warning: conversion to 'int32_t' {aka 'long int'} from 'long unsigned int' may change the sign of the result [-Wsign-conversion]
  390 |        int32_t op_size = dsize + (((uint32_t)addr) & (__SCB_DCACHE_LINE_SIZE - 1U));
      |                          ^~~~~
/Users/seungwon/STM32CubeN6/Drivers/CMSIS/Include/m-profile/armv7m_cachel1.h:398:17: warning: conversion to 'long unsigned int' from 'int32_t' {aka 'long int'} may change the sign of the result [-Wsign-conversion]
  398 |         op_size -= __SCB_DCACHE_LINE_SIZE;
      |                 ^~
/Users/seungwon/STM32CubeN6/Drivers/CMSIS/Include/m-profile/armv7m_cachel1.h:44:33: warning: conversion to 'int32_t' {aka 'long int'} from 'long unsigned int' may change the sign of the result [-Wsign-conversion]
   44 | #define __SCB_DCACHE_LINE_SIZE  32U /*!< Cortex-M7 cache line size is fixed to 32 bytes (8 words). See also register SCB_CCSIDR */
      |                                 ^~~
/Users/seungwon/STM32CubeN6/Drivers/CMSIS/Include/m-profile/armv7m_cachel1.h:398:20: note: in expansion of macro '__SCB_DCACHE_LINE_SIZE'
  398 |         op_size -= __SCB_DCACHE_LINE_SIZE;
      |                    ^~~~~~~~~~~~~~~~~~~~~~
/Users/seungwon/STM32CubeN6/Drivers/CMSIS/Include/m-profile/armv7m_cachel1.h: In function 'SCB_CleanInvalidateDCache_by_Addr':
/Users/seungwon/STM32CubeN6/Drivers/CMSIS/Include/m-profile/armv7m_cachel1.h:420:32: warning: conversion to 'long unsigned int' from 'int32_t' {aka 'long int'} may change the sign of the result [-Wsign-conversion]
  420 |        int32_t op_size = dsize + (((uint32_t)addr) & (__SCB_DCACHE_LINE_SIZE - 1U));
      |                                ^
/Users/seungwon/STM32CubeN6/Drivers/CMSIS/Include/m-profile/armv7m_cachel1.h:420:26: warning: conversion to 'int32_t' {aka 'long int'} from 'long unsigned int' may change the sign of the result [-Wsign-conversion]
  420 |        int32_t op_size = dsize + (((uint32_t)addr) & (__SCB_DCACHE_LINE_SIZE - 1U));
      |                          ^~~~~
/Users/seungwon/STM32CubeN6/Drivers/CMSIS/Include/m-profile/armv7m_cachel1.h:428:17: warning: conversion to 'long unsigned int' from 'int32_t' {aka 'long int'} may change the sign of the result [-Wsign-conversion]
  428 |         op_size -=          __SCB_DCACHE_LINE_SIZE;
      |                 ^~
/Users/seungwon/STM32CubeN6/Drivers/CMSIS/Include/m-profile/armv7m_cachel1.h:44:33: warning: conversion to 'int32_t' {aka 'long int'} from 'long unsigned int' may change the sign of the result [-Wsign-conversion]
   44 | #define __SCB_DCACHE_LINE_SIZE  32U /*!< Cortex-M7 cache line size is fixed to 32 bytes (8 words). See also register SCB_CCSIDR */
      |                                 ^~~
/Users/seungwon/STM32CubeN6/Drivers/CMSIS/Include/m-profile/armv7m_cachel1.h:428:29: note: in expansion of macro '__SCB_DCACHE_LINE_SIZE'
  428 |         op_size -=          __SCB_DCACHE_LINE_SIZE;
      |                             ^~~~~~~~~~~~~~~~~~~~~~
/Users/seungwon/test/.tools/xpack-arm-none-eabi-gcc-15.2.1-1.1/bin/arm-none-eabi-gcc   -DAIMER_BENCHMARK -DPARAMS=128s -DAIMER_BACKEND=ref -DAIMER_MATVEC=reference -DAIMER_CONFIG=ref -DBENCH_KERNEL_SAMPLES=31 -DBENCH_E2E_SAMPLES=50 -DBENCH_KERNEL_INNER=64 -DBENCH_WARMUP=10 -DPROFILE_SAMPLES=31 -DPROFILE_KERNEL_INNER=64 -DPROFILE_COMPLEX_INNER=8 -DUSE_HAL_DRIVER -DSTM32N657xx -Iinclude -I../common/src/sig/aimer/reference/aimer-128s -I../common/src -I/Users/seungwon/STM32CubeN6/Projects/NUCLEO-N657X0-Q/Templates/Template/FSBL/Inc -I/Users/seungwon/STM32CubeN6/Drivers/CMSIS/Include -I/Users/seungwon/STM32CubeN6/Drivers/CMSIS/Device/ST/STM32N6xx/Include -I/Users/seungwon/STM32CubeN6/Drivers/STM32N6xx_HAL_Driver/Inc -I/Users/seungwon/STM32CubeN6/Drivers/STM32N6xx_HAL_Driver/Inc/Legacy -O3 -std=c11 -fno-common -ffunction-sections -fdata-sections -fno-tree-vectorize -fno-tree-slp-vectorize -MMD -MP --specs=nosys.specs -Wall -Wextra -Wshadow -Wconversion -Wstrict-prototypes -mcpu=cortex-m55 -mthumb -mfloat-abi=hard -mcmse -fstack-usage -c /Users/seungwon/STM32CubeN6/Drivers/STM32N6xx_HAL_Driver/Src/stm32n6xx_hal_cortex.c -o build/full/128s/ref/benchmark/stm32n6xx_hal_cortex.c.o
In file included from /Users/seungwon/STM32CubeN6/Drivers/CMSIS/Include/core_cm55.h:4605,
                 from /Users/seungwon/STM32CubeN6/Drivers/CMSIS/Device/ST/STM32N6xx/Include/stm32n657xx.h:281,
                 from /Users/seungwon/STM32CubeN6/Drivers/CMSIS/Device/ST/STM32N6xx/Include/stm32n6xx.h:87,
                 from /Users/seungwon/STM32CubeN6/Drivers/STM32N6xx_HAL_Driver/Inc/stm32n6xx_hal_def.h:33,
                 from /Users/seungwon/STM32CubeN6/Drivers/STM32N6xx_HAL_Driver/Inc/stm32n6xx_hal_rcc.h:28,
                 from /Users/seungwon/STM32CubeN6/Projects/NUCLEO-N657X0-Q/Templates/Template/FSBL/Inc/stm32n6xx_hal_conf.h:253,
                 from /Users/seungwon/STM32CubeN6/Drivers/STM32N6xx_HAL_Driver/Inc/stm32n6xx_hal.h:29,
                 from /Users/seungwon/STM32CubeN6/Drivers/STM32N6xx_HAL_Driver/Src/stm32n6xx_hal_cortex.c:158:
/Users/seungwon/STM32CubeN6/Drivers/CMSIS/Include/m-profile/armv7m_cachel1.h: In function 'SCB_InvalidateICache_by_Addr':
/Users/seungwon/STM32CubeN6/Drivers/CMSIS/Include/m-profile/armv7m_cachel1.h:117:32: warning: conversion to 'long unsigned int' from 'int32_t' {aka 'long int'} may change the sign of the result [-Wsign-conversion]
  117 |        int32_t op_size = isize + (((uint32_t)addr) & (__SCB_ICACHE_LINE_SIZE - 1U));
      |                                ^
/Users/seungwon/STM32CubeN6/Drivers/CMSIS/Include/m-profile/armv7m_cachel1.h:117:26: warning: conversion to 'int32_t' {aka 'long int'} from 'long unsigned int' may change the sign of the result [-Wsign-conversion]
  117 |        int32_t op_size = isize + (((uint32_t)addr) & (__SCB_ICACHE_LINE_SIZE - 1U));
      |                          ^~~~~
/Users/seungwon/STM32CubeN6/Drivers/CMSIS/Include/m-profile/armv7m_cachel1.h:125:17: warning: conversion to 'long unsigned int' from 'int32_t' {aka 'long int'} may change the sign of the result [-Wsign-conversion]
  125 |         op_size -= __SCB_ICACHE_LINE_SIZE;
      |                 ^~
/Users/seungwon/STM32CubeN6/Drivers/CMSIS/Include/m-profile/armv7m_cachel1.h:48:33: warning: conversion to 'int32_t' {aka 'long int'} from 'long unsigned int' may change the sign of the result [-Wsign-conversion]
   48 | #define __SCB_ICACHE_LINE_SIZE  32U /*!< Cortex-M7 cache line size is fixed to 32 bytes (8 words). See also register SCB_CCSIDR */
      |                                 ^~~
/Users/seungwon/STM32CubeN6/Drivers/CMSIS/Include/m-profile/armv7m_cachel1.h:125:20: note: in expansion of macro '__SCB_ICACHE_LINE_SIZE'
  125 |         op_size -= __SCB_ICACHE_LINE_SIZE;
      |                    ^~~~~~~~~~~~~~~~~~~~~~
/Users/seungwon/STM32CubeN6/Drivers/CMSIS/Include/m-profile/armv7m_cachel1.h: In function 'SCB_InvalidateDCache_by_Addr':
/Users/seungwon/STM32CubeN6/Drivers/CMSIS/Include/m-profile/armv7m_cachel1.h:360:32: warning: conversion to 'long unsigned int' from 'int32_t' {aka 'long int'} may change the sign of the result [-Wsign-conversion]
  360 |        int32_t op_size = dsize + (((uint32_t)addr) & (__SCB_DCACHE_LINE_SIZE - 1U));
      |                                ^
/Users/seungwon/STM32CubeN6/Drivers/CMSIS/Include/m-profile/armv7m_cachel1.h:360:26: warning: conversion to 'int32_t' {aka 'long int'} from 'long unsigned int' may change the sign of the result [-Wsign-conversion]
  360 |        int32_t op_size = dsize + (((uint32_t)addr) & (__SCB_DCACHE_LINE_SIZE - 1U));
      |                          ^~~~~
/Users/seungwon/STM32CubeN6/Drivers/CMSIS/Include/m-profile/armv7m_cachel1.h:368:17: warning: conversion to 'long unsigned int' from 'int32_t' {aka 'long int'} may change the sign of the result [-Wsign-conversion]
  368 |         op_size -= __SCB_DCACHE_LINE_SIZE;
      |                 ^~
/Users/seungwon/STM32CubeN6/Drivers/CMSIS/Include/m-profile/armv7m_cachel1.h:44:33: warning: conversion to 'int32_t' {aka 'long int'} from 'long unsigned int' may change the sign of the result [-Wsign-conversion]
   44 | #define __SCB_DCACHE_LINE_SIZE  32U /*!< Cortex-M7 cache line size is fixed to 32 bytes (8 words). See also register SCB_CCSIDR */
      |                                 ^~~
/Users/seungwon/STM32CubeN6/Drivers/CMSIS/Include/m-profile/armv7m_cachel1.h:368:20: note: in expansion of macro '__SCB_DCACHE_LINE_SIZE'
  368 |         op_size -= __SCB_DCACHE_LINE_SIZE;
      |                    ^~~~~~~~~~~~~~~~~~~~~~
/Users/seungwon/STM32CubeN6/Drivers/CMSIS/Include/m-profile/armv7m_cachel1.h: In function 'SCB_CleanDCache_by_Addr':
/Users/seungwon/STM32CubeN6/Drivers/CMSIS/Include/m-profile/armv7m_cachel1.h:390:32: warning: conversion to 'long unsigned int' from 'int32_t' {aka 'long int'} may change the sign of the result [-Wsign-conversion]
  390 |        int32_t op_size = dsize + (((uint32_t)addr) & (__SCB_DCACHE_LINE_SIZE - 1U));
      |                                ^
/Users/seungwon/STM32CubeN6/Drivers/CMSIS/Include/m-profile/armv7m_cachel1.h:390:26: warning: conversion to 'int32_t' {aka 'long int'} from 'long unsigned int' may change the sign of the result [-Wsign-conversion]
  390 |        int32_t op_size = dsize + (((uint32_t)addr) & (__SCB_DCACHE_LINE_SIZE - 1U));
      |                          ^~~~~
/Users/seungwon/STM32CubeN6/Drivers/CMSIS/Include/m-profile/armv7m_cachel1.h:398:17: warning: conversion to 'long unsigned int' from 'int32_t' {aka 'long int'} may change the sign of the result [-Wsign-conversion]
  398 |         op_size -= __SCB_DCACHE_LINE_SIZE;
      |                 ^~
/Users/seungwon/STM32CubeN6/Drivers/CMSIS/Include/m-profile/armv7m_cachel1.h:44:33: warning: conversion to 'int32_t' {aka 'long int'} from 'long unsigned int' may change the sign of the result [-Wsign-conversion]
   44 | #define __SCB_DCACHE_LINE_SIZE  32U /*!< Cortex-M7 cache line size is fixed to 32 bytes (8 words). See also register SCB_CCSIDR */
      |                                 ^~~
/Users/seungwon/STM32CubeN6/Drivers/CMSIS/Include/m-profile/armv7m_cachel1.h:398:20: note: in expansion of macro '__SCB_DCACHE_LINE_SIZE'
  398 |         op_size -= __SCB_DCACHE_LINE_SIZE;
      |                    ^~~~~~~~~~~~~~~~~~~~~~
/Users/seungwon/STM32CubeN6/Drivers/CMSIS/Include/m-profile/armv7m_cachel1.h: In function 'SCB_CleanInvalidateDCache_by_Addr':
/Users/seungwon/STM32CubeN6/Drivers/CMSIS/Include/m-profile/armv7m_cachel1.h:420:32: warning: conversion to 'long unsigned int' from 'int32_t' {aka 'long int'} may change the sign of the result [-Wsign-conversion]
  420 |        int32_t op_size = dsize + (((uint32_t)addr) & (__SCB_DCACHE_LINE_SIZE - 1U));
      |                                ^
/Users/seungwon/STM32CubeN6/Drivers/CMSIS/Include/m-profile/armv7m_cachel1.h:420:26: warning: conversion to 'int32_t' {aka 'long int'} from 'long unsigned int' may change the sign of the result [-Wsign-conversion]
  420 |        int32_t op_size = dsize + (((uint32_t)addr) & (__SCB_DCACHE_LINE_SIZE - 1U));
      |                          ^~~~~
/Users/seungwon/STM32CubeN6/Drivers/CMSIS/Include/m-profile/armv7m_cachel1.h:428:17: warning: conversion to 'long unsigned int' from 'int32_t' {aka 'long int'} may change the sign of the result [-Wsign-conversion]
  428 |         op_size -=          __SCB_DCACHE_LINE_SIZE;
      |                 ^~
/Users/seungwon/STM32CubeN6/Drivers/CMSIS/Include/m-profile/armv7m_cachel1.h:44:33: warning: conversion to 'int32_t' {aka 'long int'} from 'long unsigned int' may change the sign of the result [-Wsign-conversion]
   44 | #define __SCB_DCACHE_LINE_SIZE  32U /*!< Cortex-M7 cache line size is fixed to 32 bytes (8 words). See also register SCB_CCSIDR */
      |                                 ^~~
/Users/seungwon/STM32CubeN6/Drivers/CMSIS/Include/m-profile/armv7m_cachel1.h:428:29: note: in expansion of macro '__SCB_DCACHE_LINE_SIZE'
  428 |         op_size -=          __SCB_DCACHE_LINE_SIZE;
      |                             ^~~~~~~~~~~~~~~~~~~~~~
/Users/seungwon/test/.tools/xpack-arm-none-eabi-gcc-15.2.1-1.1/bin/arm-none-eabi-gcc   -DAIMER_BENCHMARK -DPARAMS=128s -DAIMER_BACKEND=ref -DAIMER_MATVEC=reference -DAIMER_CONFIG=ref -DBENCH_KERNEL_SAMPLES=31 -DBENCH_E2E_SAMPLES=50 -DBENCH_KERNEL_INNER=64 -DBENCH_WARMUP=10 -DPROFILE_SAMPLES=31 -DPROFILE_KERNEL_INNER=64 -DPROFILE_COMPLEX_INNER=8 -DUSE_HAL_DRIVER -DSTM32N657xx -Iinclude -I../common/src/sig/aimer/reference/aimer-128s -I../common/src -I/Users/seungwon/STM32CubeN6/Projects/NUCLEO-N657X0-Q/Templates/Template/FSBL/Inc -I/Users/seungwon/STM32CubeN6/Drivers/CMSIS/Include -I/Users/seungwon/STM32CubeN6/Drivers/CMSIS/Device/ST/STM32N6xx/Include -I/Users/seungwon/STM32CubeN6/Drivers/STM32N6xx_HAL_Driver/Inc -I/Users/seungwon/STM32CubeN6/Drivers/STM32N6xx_HAL_Driver/Inc/Legacy -O3 -std=c11 -fno-common -ffunction-sections -fdata-sections -fno-tree-vectorize -fno-tree-slp-vectorize -MMD -MP --specs=nosys.specs -Wall -Wextra -Wshadow -Wconversion -Wstrict-prototypes -mcpu=cortex-m55 -mthumb -mfloat-abi=hard -mcmse -fstack-usage -c /Users/seungwon/STM32CubeN6/Drivers/STM32N6xx_HAL_Driver/Src/stm32n6xx_hal_pwr.c -o build/full/128s/ref/benchmark/stm32n6xx_hal_pwr.c.o
In file included from /Users/seungwon/STM32CubeN6/Drivers/CMSIS/Include/core_cm55.h:4605,
                 from /Users/seungwon/STM32CubeN6/Drivers/CMSIS/Device/ST/STM32N6xx/Include/stm32n657xx.h:281,
                 from /Users/seungwon/STM32CubeN6/Drivers/CMSIS/Device/ST/STM32N6xx/Include/stm32n6xx.h:87,
                 from /Users/seungwon/STM32CubeN6/Drivers/STM32N6xx_HAL_Driver/Inc/stm32n6xx_hal_def.h:33,
                 from /Users/seungwon/STM32CubeN6/Drivers/STM32N6xx_HAL_Driver/Inc/stm32n6xx_hal_rcc.h:28,
                 from /Users/seungwon/STM32CubeN6/Projects/NUCLEO-N657X0-Q/Templates/Template/FSBL/Inc/stm32n6xx_hal_conf.h:253,
                 from /Users/seungwon/STM32CubeN6/Drivers/STM32N6xx_HAL_Driver/Inc/stm32n6xx_hal.h:29,
                 from /Users/seungwon/STM32CubeN6/Drivers/STM32N6xx_HAL_Driver/Src/stm32n6xx_hal_pwr.c:107:
/Users/seungwon/STM32CubeN6/Drivers/CMSIS/Include/m-profile/armv7m_cachel1.h: In function 'SCB_InvalidateICache_by_Addr':
/Users/seungwon/STM32CubeN6/Drivers/CMSIS/Include/m-profile/armv7m_cachel1.h:117:32: warning: conversion to 'long unsigned int' from 'int32_t' {aka 'long int'} may change the sign of the result [-Wsign-conversion]
  117 |        int32_t op_size = isize + (((uint32_t)addr) & (__SCB_ICACHE_LINE_SIZE - 1U));
      |                                ^
/Users/seungwon/STM32CubeN6/Drivers/CMSIS/Include/m-profile/armv7m_cachel1.h:117:26: warning: conversion to 'int32_t' {aka 'long int'} from 'long unsigned int' may change the sign of the result [-Wsign-conversion]
  117 |        int32_t op_size = isize + (((uint32_t)addr) & (__SCB_ICACHE_LINE_SIZE - 1U));
      |                          ^~~~~
/Users/seungwon/STM32CubeN6/Drivers/CMSIS/Include/m-profile/armv7m_cachel1.h:125:17: warning: conversion to 'long unsigned int' from 'int32_t' {aka 'long int'} may change the sign of the result [-Wsign-conversion]
  125 |         op_size -= __SCB_ICACHE_LINE_SIZE;
      |                 ^~
/Users/seungwon/STM32CubeN6/Drivers/CMSIS/Include/m-profile/armv7m_cachel1.h:48:33: warning: conversion to 'int32_t' {aka 'long int'} from 'long unsigned int' may change the sign of the result [-Wsign-conversion]
   48 | #define __SCB_ICACHE_LINE_SIZE  32U /*!< Cortex-M7 cache line size is fixed to 32 bytes (8 words). See also register SCB_CCSIDR */
      |                                 ^~~
/Users/seungwon/STM32CubeN6/Drivers/CMSIS/Include/m-profile/armv7m_cachel1.h:125:20: note: in expansion of macro '__SCB_ICACHE_LINE_SIZE'
  125 |         op_size -= __SCB_ICACHE_LINE_SIZE;
      |                    ^~~~~~~~~~~~~~~~~~~~~~
/Users/seungwon/STM32CubeN6/Drivers/CMSIS/Include/m-profile/armv7m_cachel1.h: In function 'SCB_InvalidateDCache_by_Addr':
/Users/seungwon/STM32CubeN6/Drivers/CMSIS/Include/m-profile/armv7m_cachel1.h:360:32: warning: conversion to 'long unsigned int' from 'int32_t' {aka 'long int'} may change the sign of the result [-Wsign-conversion]
  360 |        int32_t op_size = dsize + (((uint32_t)addr) & (__SCB_DCACHE_LINE_SIZE - 1U));
      |                                ^
/Users/seungwon/STM32CubeN6/Drivers/CMSIS/Include/m-profile/armv7m_cachel1.h:360:26: warning: conversion to 'int32_t' {aka 'long int'} from 'long unsigned int' may change the sign of the result [-Wsign-conversion]
  360 |        int32_t op_size = dsize + (((uint32_t)addr) & (__SCB_DCACHE_LINE_SIZE - 1U));
      |                          ^~~~~
/Users/seungwon/STM32CubeN6/Drivers/CMSIS/Include/m-profile/armv7m_cachel1.h:368:17: warning: conversion to 'long unsigned int' from 'int32_t' {aka 'long int'} may change the sign of the result [-Wsign-conversion]
  368 |         op_size -= __SCB_DCACHE_LINE_SIZE;
      |                 ^~
/Users/seungwon/STM32CubeN6/Drivers/CMSIS/Include/m-profile/armv7m_cachel1.h:44:33: warning: conversion to 'int32_t' {aka 'long int'} from 'long unsigned int' may change the sign of the result [-Wsign-conversion]
   44 | #define __SCB_DCACHE_LINE_SIZE  32U /*!< Cortex-M7 cache line size is fixed to 32 bytes (8 words). See also register SCB_CCSIDR */
      |                                 ^~~
/Users/seungwon/STM32CubeN6/Drivers/CMSIS/Include/m-profile/armv7m_cachel1.h:368:20: note: in expansion of macro '__SCB_DCACHE_LINE_SIZE'
  368 |         op_size -= __SCB_DCACHE_LINE_SIZE;
      |                    ^~~~~~~~~~~~~~~~~~~~~~
/Users/seungwon/STM32CubeN6/Drivers/CMSIS/Include/m-profile/armv7m_cachel1.h: In function 'SCB_CleanDCache_by_Addr':
/Users/seungwon/STM32CubeN6/Drivers/CMSIS/Include/m-profile/armv7m_cachel1.h:390:32: warning: conversion to 'long unsigned int' from 'int32_t' {aka 'long int'} may change the sign of the result [-Wsign-conversion]
  390 |        int32_t op_size = dsize + (((uint32_t)addr) & (__SCB_DCACHE_LINE_SIZE - 1U));
      |                                ^
/Users/seungwon/STM32CubeN6/Drivers/CMSIS/Include/m-profile/armv7m_cachel1.h:390:26: warning: conversion to 'int32_t' {aka 'long int'} from 'long unsigned int' may change the sign of the result [-Wsign-conversion]
  390 |        int32_t op_size = dsize + (((uint32_t)addr) & (__SCB_DCACHE_LINE_SIZE - 1U));
      |                          ^~~~~
/Users/seungwon/STM32CubeN6/Drivers/CMSIS/Include/m-profile/armv7m_cachel1.h:398:17: warning: conversion to 'long unsigned int' from 'int32_t' {aka 'long int'} may change the sign of the result [-Wsign-conversion]
  398 |         op_size -= __SCB_DCACHE_LINE_SIZE;
      |                 ^~
/Users/seungwon/STM32CubeN6/Drivers/CMSIS/Include/m-profile/armv7m_cachel1.h:44:33: warning: conversion to 'int32_t' {aka 'long int'} from 'long unsigned int' may change the sign of the result [-Wsign-conversion]
   44 | #define __SCB_DCACHE_LINE_SIZE  32U /*!< Cortex-M7 cache line size is fixed to 32 bytes (8 words). See also register SCB_CCSIDR */
      |                                 ^~~
/Users/seungwon/STM32CubeN6/Drivers/CMSIS/Include/m-profile/armv7m_cachel1.h:398:20: note: in expansion of macro '__SCB_DCACHE_LINE_SIZE'
  398 |         op_size -= __SCB_DCACHE_LINE_SIZE;
      |                    ^~~~~~~~~~~~~~~~~~~~~~
/Users/seungwon/STM32CubeN6/Drivers/CMSIS/Include/m-profile/armv7m_cachel1.h: In function 'SCB_CleanInvalidateDCache_by_Addr':
/Users/seungwon/STM32CubeN6/Drivers/CMSIS/Include/m-profile/armv7m_cachel1.h:420:32: warning: conversion to 'long unsigned int' from 'int32_t' {aka 'long int'} may change the sign of the result [-Wsign-conversion]
  420 |        int32_t op_size = dsize + (((uint32_t)addr) & (__SCB_DCACHE_LINE_SIZE - 1U));
      |                                ^
/Users/seungwon/STM32CubeN6/Drivers/CMSIS/Include/m-profile/armv7m_cachel1.h:420:26: warning: conversion to 'int32_t' {aka 'long int'} from 'long unsigned int' may change the sign of the result [-Wsign-conversion]
  420 |        int32_t op_size = dsize + (((uint32_t)addr) & (__SCB_DCACHE_LINE_SIZE - 1U));
      |                          ^~~~~
/Users/seungwon/STM32CubeN6/Drivers/CMSIS/Include/m-profile/armv7m_cachel1.h:428:17: warning: conversion to 'long unsigned int' from 'int32_t' {aka 'long int'} may change the sign of the result [-Wsign-conversion]
  428 |         op_size -=          __SCB_DCACHE_LINE_SIZE;
      |                 ^~
/Users/seungwon/STM32CubeN6/Drivers/CMSIS/Include/m-profile/armv7m_cachel1.h:44:33: warning: conversion to 'int32_t' {aka 'long int'} from 'long unsigned int' may change the sign of the result [-Wsign-conversion]
   44 | #define __SCB_DCACHE_LINE_SIZE  32U /*!< Cortex-M7 cache line size is fixed to 32 bytes (8 words). See also register SCB_CCSIDR */
      |                                 ^~~
/Users/seungwon/STM32CubeN6/Drivers/CMSIS/Include/m-profile/armv7m_cachel1.h:428:29: note: in expansion of macro '__SCB_DCACHE_LINE_SIZE'
  428 |         op_size -=          __SCB_DCACHE_LINE_SIZE;
      |                             ^~~~~~~~~~~~~~~~~~~~~~
/Users/seungwon/test/.tools/xpack-arm-none-eabi-gcc-15.2.1-1.1/bin/arm-none-eabi-gcc   -DAIMER_BENCHMARK -DPARAMS=128s -DAIMER_BACKEND=ref -DAIMER_MATVEC=reference -DAIMER_CONFIG=ref -DBENCH_KERNEL_SAMPLES=31 -DBENCH_E2E_SAMPLES=50 -DBENCH_KERNEL_INNER=64 -DBENCH_WARMUP=10 -DPROFILE_SAMPLES=31 -DPROFILE_KERNEL_INNER=64 -DPROFILE_COMPLEX_INNER=8 -DUSE_HAL_DRIVER -DSTM32N657xx -Iinclude -I../common/src/sig/aimer/reference/aimer-128s -I../common/src -I/Users/seungwon/STM32CubeN6/Projects/NUCLEO-N657X0-Q/Templates/Template/FSBL/Inc -I/Users/seungwon/STM32CubeN6/Drivers/CMSIS/Include -I/Users/seungwon/STM32CubeN6/Drivers/CMSIS/Device/ST/STM32N6xx/Include -I/Users/seungwon/STM32CubeN6/Drivers/STM32N6xx_HAL_Driver/Inc -I/Users/seungwon/STM32CubeN6/Drivers/STM32N6xx_HAL_Driver/Inc/Legacy -O3 -std=c11 -fno-common -ffunction-sections -fdata-sections -fno-tree-vectorize -fno-tree-slp-vectorize -MMD -MP --specs=nosys.specs -Wall -Wextra -Wshadow -Wconversion -Wstrict-prototypes -mcpu=cortex-m55 -mthumb -mfloat-abi=hard -mcmse -fstack-usage -c /Users/seungwon/STM32CubeN6/Drivers/STM32N6xx_HAL_Driver/Src/stm32n6xx_hal_pwr_ex.c -o build/full/128s/ref/benchmark/stm32n6xx_hal_pwr_ex.c.o
In file included from /Users/seungwon/STM32CubeN6/Drivers/CMSIS/Include/core_cm55.h:4605,
                 from /Users/seungwon/STM32CubeN6/Drivers/CMSIS/Device/ST/STM32N6xx/Include/stm32n657xx.h:281,
                 from /Users/seungwon/STM32CubeN6/Drivers/CMSIS/Device/ST/STM32N6xx/Include/stm32n6xx.h:87,
                 from /Users/seungwon/STM32CubeN6/Drivers/STM32N6xx_HAL_Driver/Inc/stm32n6xx_hal_def.h:33,
                 from /Users/seungwon/STM32CubeN6/Drivers/STM32N6xx_HAL_Driver/Inc/stm32n6xx_hal_rcc.h:28,
                 from /Users/seungwon/STM32CubeN6/Projects/NUCLEO-N657X0-Q/Templates/Template/FSBL/Inc/stm32n6xx_hal_conf.h:253,
                 from /Users/seungwon/STM32CubeN6/Drivers/STM32N6xx_HAL_Driver/Inc/stm32n6xx_hal.h:29,
                 from /Users/seungwon/STM32CubeN6/Drivers/STM32N6xx_HAL_Driver/Src/stm32n6xx_hal_pwr_ex.c:159:
/Users/seungwon/STM32CubeN6/Drivers/CMSIS/Include/m-profile/armv7m_cachel1.h: In function 'SCB_InvalidateICache_by_Addr':
/Users/seungwon/STM32CubeN6/Drivers/CMSIS/Include/m-profile/armv7m_cachel1.h:117:32: warning: conversion to 'long unsigned int' from 'int32_t' {aka 'long int'} may change the sign of the result [-Wsign-conversion]
  117 |        int32_t op_size = isize + (((uint32_t)addr) & (__SCB_ICACHE_LINE_SIZE - 1U));
      |                                ^
/Users/seungwon/STM32CubeN6/Drivers/CMSIS/Include/m-profile/armv7m_cachel1.h:117:26: warning: conversion to 'int32_t' {aka 'long int'} from 'long unsigned int' may change the sign of the result [-Wsign-conversion]
  117 |        int32_t op_size = isize + (((uint32_t)addr) & (__SCB_ICACHE_LINE_SIZE - 1U));
      |                          ^~~~~
/Users/seungwon/STM32CubeN6/Drivers/CMSIS/Include/m-profile/armv7m_cachel1.h:125:17: warning: conversion to 'long unsigned int' from 'int32_t' {aka 'long int'} may change the sign of the result [-Wsign-conversion]
  125 |         op_size -= __SCB_ICACHE_LINE_SIZE;
      |                 ^~
/Users/seungwon/STM32CubeN6/Drivers/CMSIS/Include/m-profile/armv7m_cachel1.h:48:33: warning: conversion to 'int32_t' {aka 'long int'} from 'long unsigned int' may change the sign of the result [-Wsign-conversion]
   48 | #define __SCB_ICACHE_LINE_SIZE  32U /*!< Cortex-M7 cache line size is fixed to 32 bytes (8 words). See also register SCB_CCSIDR */
      |                                 ^~~
/Users/seungwon/STM32CubeN6/Drivers/CMSIS/Include/m-profile/armv7m_cachel1.h:125:20: note: in expansion of macro '__SCB_ICACHE_LINE_SIZE'
  125 |         op_size -= __SCB_ICACHE_LINE_SIZE;
      |                    ^~~~~~~~~~~~~~~~~~~~~~
/Users/seungwon/STM32CubeN6/Drivers/CMSIS/Include/m-profile/armv7m_cachel1.h: In function 'SCB_InvalidateDCache_by_Addr':
/Users/seungwon/STM32CubeN6/Drivers/CMSIS/Include/m-profile/armv7m_cachel1.h:360:32: warning: conversion to 'long unsigned int' from 'int32_t' {aka 'long int'} may change the sign of the result [-Wsign-conversion]
  360 |        int32_t op_size = dsize + (((uint32_t)addr) & (__SCB_DCACHE_LINE_SIZE - 1U));
      |                                ^
/Users/seungwon/STM32CubeN6/Drivers/CMSIS/Include/m-profile/armv7m_cachel1.h:360:26: warning: conversion to 'int32_t' {aka 'long int'} from 'long unsigned int' may change the sign of the result [-Wsign-conversion]
  360 |        int32_t op_size = dsize + (((uint32_t)addr) & (__SCB_DCACHE_LINE_SIZE - 1U));
      |                          ^~~~~
/Users/seungwon/STM32CubeN6/Drivers/CMSIS/Include/m-profile/armv7m_cachel1.h:368:17: warning: conversion to 'long unsigned int' from 'int32_t' {aka 'long int'} may change the sign of the result [-Wsign-conversion]
  368 |         op_size -= __SCB_DCACHE_LINE_SIZE;
      |                 ^~
/Users/seungwon/STM32CubeN6/Drivers/CMSIS/Include/m-profile/armv7m_cachel1.h:44:33: warning: conversion to 'int32_t' {aka 'long int'} from 'long unsigned int' may change the sign of the result [-Wsign-conversion]
   44 | #define __SCB_DCACHE_LINE_SIZE  32U /*!< Cortex-M7 cache line size is fixed to 32 bytes (8 words). See also register SCB_CCSIDR */
      |                                 ^~~
/Users/seungwon/STM32CubeN6/Drivers/CMSIS/Include/m-profile/armv7m_cachel1.h:368:20: note: in expansion of macro '__SCB_DCACHE_LINE_SIZE'
  368 |         op_size -= __SCB_DCACHE_LINE_SIZE;
      |                    ^~~~~~~~~~~~~~~~~~~~~~
/Users/seungwon/STM32CubeN6/Drivers/CMSIS/Include/m-profile/armv7m_cachel1.h: In function 'SCB_CleanDCache_by_Addr':
/Users/seungwon/STM32CubeN6/Drivers/CMSIS/Include/m-profile/armv7m_cachel1.h:390:32: warning: conversion to 'long unsigned int' from 'int32_t' {aka 'long int'} may change the sign of the result [-Wsign-conversion]
  390 |        int32_t op_size = dsize + (((uint32_t)addr) & (__SCB_DCACHE_LINE_SIZE - 1U));
      |                                ^
/Users/seungwon/STM32CubeN6/Drivers/CMSIS/Include/m-profile/armv7m_cachel1.h:390:26: warning: conversion to 'int32_t' {aka 'long int'} from 'long unsigned int' may change the sign of the result [-Wsign-conversion]
  390 |        int32_t op_size = dsize + (((uint32_t)addr) & (__SCB_DCACHE_LINE_SIZE - 1U));
      |                          ^~~~~
/Users/seungwon/STM32CubeN6/Drivers/CMSIS/Include/m-profile/armv7m_cachel1.h:398:17: warning: conversion to 'long unsigned int' from 'int32_t' {aka 'long int'} may change the sign of the result [-Wsign-conversion]
  398 |         op_size -= __SCB_DCACHE_LINE_SIZE;
      |                 ^~
/Users/seungwon/STM32CubeN6/Drivers/CMSIS/Include/m-profile/armv7m_cachel1.h:44:33: warning: conversion to 'int32_t' {aka 'long int'} from 'long unsigned int' may change the sign of the result [-Wsign-conversion]
   44 | #define __SCB_DCACHE_LINE_SIZE  32U /*!< Cortex-M7 cache line size is fixed to 32 bytes (8 words). See also register SCB_CCSIDR */
      |                                 ^~~
/Users/seungwon/STM32CubeN6/Drivers/CMSIS/Include/m-profile/armv7m_cachel1.h:398:20: note: in expansion of macro '__SCB_DCACHE_LINE_SIZE'
  398 |         op_size -= __SCB_DCACHE_LINE_SIZE;
      |                    ^~~~~~~~~~~~~~~~~~~~~~
/Users/seungwon/STM32CubeN6/Drivers/CMSIS/Include/m-profile/armv7m_cachel1.h: In function 'SCB_CleanInvalidateDCache_by_Addr':
/Users/seungwon/STM32CubeN6/Drivers/CMSIS/Include/m-profile/armv7m_cachel1.h:420:32: warning: conversion to 'long unsigned int' from 'int32_t' {aka 'long int'} may change the sign of the result [-Wsign-conversion]
  420 |        int32_t op_size = dsize + (((uint32_t)addr) & (__SCB_DCACHE_LINE_SIZE - 1U));
      |                                ^
/Users/seungwon/STM32CubeN6/Drivers/CMSIS/Include/m-profile/armv7m_cachel1.h:420:26: warning: conversion to 'int32_t' {aka 'long int'} from 'long unsigned int' may change the sign of the result [-Wsign-conversion]
  420 |        int32_t op_size = dsize + (((uint32_t)addr) & (__SCB_DCACHE_LINE_SIZE - 1U));
      |                          ^~~~~
/Users/seungwon/STM32CubeN6/Drivers/CMSIS/Include/m-profile/armv7m_cachel1.h:428:17: warning: conversion to 'long unsigned int' from 'int32_t' {aka 'long int'} may change the sign of the result [-Wsign-conversion]
  428 |         op_size -=          __SCB_DCACHE_LINE_SIZE;
      |                 ^~
/Users/seungwon/STM32CubeN6/Drivers/CMSIS/Include/m-profile/armv7m_cachel1.h:44:33: warning: conversion to 'int32_t' {aka 'long int'} from 'long unsigned int' may change the sign of the result [-Wsign-conversion]
   44 | #define __SCB_DCACHE_LINE_SIZE  32U /*!< Cortex-M7 cache line size is fixed to 32 bytes (8 words). See also register SCB_CCSIDR */
      |                                 ^~~
/Users/seungwon/STM32CubeN6/Drivers/CMSIS/Include/m-profile/armv7m_cachel1.h:428:29: note: in expansion of macro '__SCB_DCACHE_LINE_SIZE'
  428 |         op_size -=          __SCB_DCACHE_LINE_SIZE;
      |                             ^~~~~~~~~~~~~~~~~~~~~~
/Users/seungwon/test/.tools/xpack-arm-none-eabi-gcc-15.2.1-1.1/bin/arm-none-eabi-gcc   -DAIMER_BENCHMARK -DPARAMS=128s -DAIMER_BACKEND=ref -DAIMER_MATVEC=reference -DAIMER_CONFIG=ref -DBENCH_KERNEL_SAMPLES=31 -DBENCH_E2E_SAMPLES=50 -DBENCH_KERNEL_INNER=64 -DBENCH_WARMUP=10 -DPROFILE_SAMPLES=31 -DPROFILE_KERNEL_INNER=64 -DPROFILE_COMPLEX_INNER=8 -DUSE_HAL_DRIVER -DSTM32N657xx -Iinclude -I../common/src/sig/aimer/reference/aimer-128s -I../common/src -I/Users/seungwon/STM32CubeN6/Projects/NUCLEO-N657X0-Q/Templates/Template/FSBL/Inc -I/Users/seungwon/STM32CubeN6/Drivers/CMSIS/Include -I/Users/seungwon/STM32CubeN6/Drivers/CMSIS/Device/ST/STM32N6xx/Include -I/Users/seungwon/STM32CubeN6/Drivers/STM32N6xx_HAL_Driver/Inc -I/Users/seungwon/STM32CubeN6/Drivers/STM32N6xx_HAL_Driver/Inc/Legacy -O3 -std=c11 -fno-common -ffunction-sections -fdata-sections -fno-tree-vectorize -fno-tree-slp-vectorize -MMD -MP --specs=nosys.specs -Wall -Wextra -Wshadow -Wconversion -Wstrict-prototypes -mcpu=cortex-m55 -mthumb -mfloat-abi=hard -mcmse -fstack-usage -c /Users/seungwon/STM32CubeN6/Drivers/STM32N6xx_HAL_Driver/Src/stm32n6xx_hal_rcc.c -o build/full/128s/ref/benchmark/stm32n6xx_hal_rcc.c.o
In file included from /Users/seungwon/STM32CubeN6/Drivers/CMSIS/Include/core_cm55.h:4605,
                 from /Users/seungwon/STM32CubeN6/Drivers/CMSIS/Device/ST/STM32N6xx/Include/stm32n657xx.h:281,
                 from /Users/seungwon/STM32CubeN6/Drivers/CMSIS/Device/ST/STM32N6xx/Include/stm32n6xx.h:87,
                 from /Users/seungwon/STM32CubeN6/Drivers/STM32N6xx_HAL_Driver/Inc/stm32n6xx_hal_def.h:33,
                 from /Users/seungwon/STM32CubeN6/Drivers/STM32N6xx_HAL_Driver/Inc/stm32n6xx_hal_rcc.h:28,
                 from /Users/seungwon/STM32CubeN6/Projects/NUCLEO-N657X0-Q/Templates/Template/FSBL/Inc/stm32n6xx_hal_conf.h:253,
                 from /Users/seungwon/STM32CubeN6/Drivers/STM32N6xx_HAL_Driver/Inc/stm32n6xx_hal.h:29,
                 from /Users/seungwon/STM32CubeN6/Drivers/STM32N6xx_HAL_Driver/Src/stm32n6xx_hal_rcc.c:73:
/Users/seungwon/STM32CubeN6/Drivers/CMSIS/Include/m-profile/armv7m_cachel1.h: In function 'SCB_InvalidateICache_by_Addr':
/Users/seungwon/STM32CubeN6/Drivers/CMSIS/Include/m-profile/armv7m_cachel1.h:117:32: warning: conversion to 'long unsigned int' from 'int32_t' {aka 'long int'} may change the sign of the result [-Wsign-conversion]
  117 |        int32_t op_size = isize + (((uint32_t)addr) & (__SCB_ICACHE_LINE_SIZE - 1U));
      |                                ^
/Users/seungwon/STM32CubeN6/Drivers/CMSIS/Include/m-profile/armv7m_cachel1.h:117:26: warning: conversion to 'int32_t' {aka 'long int'} from 'long unsigned int' may change the sign of the result [-Wsign-conversion]
  117 |        int32_t op_size = isize + (((uint32_t)addr) & (__SCB_ICACHE_LINE_SIZE - 1U));
      |                          ^~~~~
/Users/seungwon/STM32CubeN6/Drivers/CMSIS/Include/m-profile/armv7m_cachel1.h:125:17: warning: conversion to 'long unsigned int' from 'int32_t' {aka 'long int'} may change the sign of the result [-Wsign-conversion]
  125 |         op_size -= __SCB_ICACHE_LINE_SIZE;
      |                 ^~
/Users/seungwon/STM32CubeN6/Drivers/CMSIS/Include/m-profile/armv7m_cachel1.h:48:33: warning: conversion to 'int32_t' {aka 'long int'} from 'long unsigned int' may change the sign of the result [-Wsign-conversion]
   48 | #define __SCB_ICACHE_LINE_SIZE  32U /*!< Cortex-M7 cache line size is fixed to 32 bytes (8 words). See also register SCB_CCSIDR */
      |                                 ^~~
/Users/seungwon/STM32CubeN6/Drivers/CMSIS/Include/m-profile/armv7m_cachel1.h:125:20: note: in expansion of macro '__SCB_ICACHE_LINE_SIZE'
  125 |         op_size -= __SCB_ICACHE_LINE_SIZE;
      |                    ^~~~~~~~~~~~~~~~~~~~~~
/Users/seungwon/STM32CubeN6/Drivers/CMSIS/Include/m-profile/armv7m_cachel1.h: In function 'SCB_InvalidateDCache_by_Addr':
/Users/seungwon/STM32CubeN6/Drivers/CMSIS/Include/m-profile/armv7m_cachel1.h:360:32: warning: conversion to 'long unsigned int' from 'int32_t' {aka 'long int'} may change the sign of the result [-Wsign-conversion]
  360 |        int32_t op_size = dsize + (((uint32_t)addr) & (__SCB_DCACHE_LINE_SIZE - 1U));
      |                                ^
/Users/seungwon/STM32CubeN6/Drivers/CMSIS/Include/m-profile/armv7m_cachel1.h:360:26: warning: conversion to 'int32_t' {aka 'long int'} from 'long unsigned int' may change the sign of the result [-Wsign-conversion]
  360 |        int32_t op_size = dsize + (((uint32_t)addr) & (__SCB_DCACHE_LINE_SIZE - 1U));
      |                          ^~~~~
/Users/seungwon/STM32CubeN6/Drivers/CMSIS/Include/m-profile/armv7m_cachel1.h:368:17: warning: conversion to 'long unsigned int' from 'int32_t' {aka 'long int'} may change the sign of the result [-Wsign-conversion]
  368 |         op_size -= __SCB_DCACHE_LINE_SIZE;
      |                 ^~
/Users/seungwon/STM32CubeN6/Drivers/CMSIS/Include/m-profile/armv7m_cachel1.h:44:33: warning: conversion to 'int32_t' {aka 'long int'} from 'long unsigned int' may change the sign of the result [-Wsign-conversion]
   44 | #define __SCB_DCACHE_LINE_SIZE  32U /*!< Cortex-M7 cache line size is fixed to 32 bytes (8 words). See also register SCB_CCSIDR */
      |                                 ^~~
/Users/seungwon/STM32CubeN6/Drivers/CMSIS/Include/m-profile/armv7m_cachel1.h:368:20: note: in expansion of macro '__SCB_DCACHE_LINE_SIZE'
  368 |         op_size -= __SCB_DCACHE_LINE_SIZE;
      |                    ^~~~~~~~~~~~~~~~~~~~~~
/Users/seungwon/STM32CubeN6/Drivers/CMSIS/Include/m-profile/armv7m_cachel1.h: In function 'SCB_CleanDCache_by_Addr':
/Users/seungwon/STM32CubeN6/Drivers/CMSIS/Include/m-profile/armv7m_cachel1.h:390:32: warning: conversion to 'long unsigned int' from 'int32_t' {aka 'long int'} may change the sign of the result [-Wsign-conversion]
  390 |        int32_t op_size = dsize + (((uint32_t)addr) & (__SCB_DCACHE_LINE_SIZE - 1U));
      |                                ^
/Users/seungwon/STM32CubeN6/Drivers/CMSIS/Include/m-profile/armv7m_cachel1.h:390:26: warning: conversion to 'int32_t' {aka 'long int'} from 'long unsigned int' may change the sign of the result [-Wsign-conversion]
  390 |        int32_t op_size = dsize + (((uint32_t)addr) & (__SCB_DCACHE_LINE_SIZE - 1U));
      |                          ^~~~~
/Users/seungwon/STM32CubeN6/Drivers/CMSIS/Include/m-profile/armv7m_cachel1.h:398:17: warning: conversion to 'long unsigned int' from 'int32_t' {aka 'long int'} may change the sign of the result [-Wsign-conversion]
  398 |         op_size -= __SCB_DCACHE_LINE_SIZE;
      |                 ^~
/Users/seungwon/STM32CubeN6/Drivers/CMSIS/Include/m-profile/armv7m_cachel1.h:44:33: warning: conversion to 'int32_t' {aka 'long int'} from 'long unsigned int' may change the sign of the result [-Wsign-conversion]
   44 | #define __SCB_DCACHE_LINE_SIZE  32U /*!< Cortex-M7 cache line size is fixed to 32 bytes (8 words). See also register SCB_CCSIDR */
      |                                 ^~~
/Users/seungwon/STM32CubeN6/Drivers/CMSIS/Include/m-profile/armv7m_cachel1.h:398:20: note: in expansion of macro '__SCB_DCACHE_LINE_SIZE'
  398 |         op_size -= __SCB_DCACHE_LINE_SIZE;
      |                    ^~~~~~~~~~~~~~~~~~~~~~
/Users/seungwon/STM32CubeN6/Drivers/CMSIS/Include/m-profile/armv7m_cachel1.h: In function 'SCB_CleanInvalidateDCache_by_Addr':
/Users/seungwon/STM32CubeN6/Drivers/CMSIS/Include/m-profile/armv7m_cachel1.h:420:32: warning: conversion to 'long unsigned int' from 'int32_t' {aka 'long int'} may change the sign of the result [-Wsign-conversion]
  420 |        int32_t op_size = dsize + (((uint32_t)addr) & (__SCB_DCACHE_LINE_SIZE - 1U));
      |                                ^
/Users/seungwon/STM32CubeN6/Drivers/CMSIS/Include/m-profile/armv7m_cachel1.h:420:26: warning: conversion to 'int32_t' {aka 'long int'} from 'long unsigned int' may change the sign of the result [-Wsign-conversion]
  420 |        int32_t op_size = dsize + (((uint32_t)addr) & (__SCB_DCACHE_LINE_SIZE - 1U));
      |                          ^~~~~
/Users/seungwon/STM32CubeN6/Drivers/CMSIS/Include/m-profile/armv7m_cachel1.h:428:17: warning: conversion to 'long unsigned int' from 'int32_t' {aka 'long int'} may change the sign of the result [-Wsign-conversion]
  428 |         op_size -=          __SCB_DCACHE_LINE_SIZE;
      |                 ^~
/Users/seungwon/STM32CubeN6/Drivers/CMSIS/Include/m-profile/armv7m_cachel1.h:44:33: warning: conversion to 'int32_t' {aka 'long int'} from 'long unsigned int' may change the sign of the result [-Wsign-conversion]
   44 | #define __SCB_DCACHE_LINE_SIZE  32U /*!< Cortex-M7 cache line size is fixed to 32 bytes (8 words). See also register SCB_CCSIDR */
      |                                 ^~~
/Users/seungwon/STM32CubeN6/Drivers/CMSIS/Include/m-profile/armv7m_cachel1.h:428:29: note: in expansion of macro '__SCB_DCACHE_LINE_SIZE'
  428 |         op_size -=          __SCB_DCACHE_LINE_SIZE;
      |                             ^~~~~~~~~~~~~~~~~~~~~~
/Users/seungwon/test/.tools/xpack-arm-none-eabi-gcc-15.2.1-1.1/bin/arm-none-eabi-gcc   -DAIMER_BENCHMARK -DPARAMS=128s -DAIMER_BACKEND=ref -DAIMER_MATVEC=reference -DAIMER_CONFIG=ref -DBENCH_KERNEL_SAMPLES=31 -DBENCH_E2E_SAMPLES=50 -DBENCH_KERNEL_INNER=64 -DBENCH_WARMUP=10 -DPROFILE_SAMPLES=31 -DPROFILE_KERNEL_INNER=64 -DPROFILE_COMPLEX_INNER=8 -DUSE_HAL_DRIVER -DSTM32N657xx -Iinclude -I../common/src/sig/aimer/reference/aimer-128s -I../common/src -I/Users/seungwon/STM32CubeN6/Projects/NUCLEO-N657X0-Q/Templates/Template/FSBL/Inc -I/Users/seungwon/STM32CubeN6/Drivers/CMSIS/Include -I/Users/seungwon/STM32CubeN6/Drivers/CMSIS/Device/ST/STM32N6xx/Include -I/Users/seungwon/STM32CubeN6/Drivers/STM32N6xx_HAL_Driver/Inc -I/Users/seungwon/STM32CubeN6/Drivers/STM32N6xx_HAL_Driver/Inc/Legacy -O3 -std=c11 -fno-common -ffunction-sections -fdata-sections -fno-tree-vectorize -fno-tree-slp-vectorize -MMD -MP --specs=nosys.specs -Wall -Wextra -Wshadow -Wconversion -Wstrict-prototypes -mcpu=cortex-m55 -mthumb -mfloat-abi=hard -mcmse -fstack-usage -c /Users/seungwon/STM32CubeN6/Drivers/STM32N6xx_HAL_Driver/Src/stm32n6xx_hal_rcc_ex.c -o build/full/128s/ref/benchmark/stm32n6xx_hal_rcc_ex.c.o
In file included from /Users/seungwon/STM32CubeN6/Drivers/CMSIS/Include/core_cm55.h:4605,
                 from /Users/seungwon/STM32CubeN6/Drivers/CMSIS/Device/ST/STM32N6xx/Include/stm32n657xx.h:281,
                 from /Users/seungwon/STM32CubeN6/Drivers/CMSIS/Device/ST/STM32N6xx/Include/stm32n6xx.h:87,
                 from /Users/seungwon/STM32CubeN6/Drivers/STM32N6xx_HAL_Driver/Inc/stm32n6xx_hal_def.h:33,
                 from /Users/seungwon/STM32CubeN6/Drivers/STM32N6xx_HAL_Driver/Inc/stm32n6xx_hal_rcc.h:28,
                 from /Users/seungwon/STM32CubeN6/Projects/NUCLEO-N657X0-Q/Templates/Template/FSBL/Inc/stm32n6xx_hal_conf.h:253,
                 from /Users/seungwon/STM32CubeN6/Drivers/STM32N6xx_HAL_Driver/Inc/stm32n6xx_hal.h:29,
                 from /Users/seungwon/STM32CubeN6/Drivers/STM32N6xx_HAL_Driver/Src/stm32n6xx_hal_rcc_ex.c:24:
/Users/seungwon/STM32CubeN6/Drivers/CMSIS/Include/m-profile/armv7m_cachel1.h: In function 'SCB_InvalidateICache_by_Addr':
/Users/seungwon/STM32CubeN6/Drivers/CMSIS/Include/m-profile/armv7m_cachel1.h:117:32: warning: conversion to 'long unsigned int' from 'int32_t' {aka 'long int'} may change the sign of the result [-Wsign-conversion]
  117 |        int32_t op_size = isize + (((uint32_t)addr) & (__SCB_ICACHE_LINE_SIZE - 1U));
      |                                ^
/Users/seungwon/STM32CubeN6/Drivers/CMSIS/Include/m-profile/armv7m_cachel1.h:117:26: warning: conversion to 'int32_t' {aka 'long int'} from 'long unsigned int' may change the sign of the result [-Wsign-conversion]
  117 |        int32_t op_size = isize + (((uint32_t)addr) & (__SCB_ICACHE_LINE_SIZE - 1U));
      |                          ^~~~~
/Users/seungwon/STM32CubeN6/Drivers/CMSIS/Include/m-profile/armv7m_cachel1.h:125:17: warning: conversion to 'long unsigned int' from 'int32_t' {aka 'long int'} may change the sign of the result [-Wsign-conversion]
  125 |         op_size -= __SCB_ICACHE_LINE_SIZE;
      |                 ^~
/Users/seungwon/STM32CubeN6/Drivers/CMSIS/Include/m-profile/armv7m_cachel1.h:48:33: warning: conversion to 'int32_t' {aka 'long int'} from 'long unsigned int' may change the sign of the result [-Wsign-conversion]
   48 | #define __SCB_ICACHE_LINE_SIZE  32U /*!< Cortex-M7 cache line size is fixed to 32 bytes (8 words). See also register SCB_CCSIDR */
      |                                 ^~~
/Users/seungwon/STM32CubeN6/Drivers/CMSIS/Include/m-profile/armv7m_cachel1.h:125:20: note: in expansion of macro '__SCB_ICACHE_LINE_SIZE'
  125 |         op_size -= __SCB_ICACHE_LINE_SIZE;
      |                    ^~~~~~~~~~~~~~~~~~~~~~
/Users/seungwon/STM32CubeN6/Drivers/CMSIS/Include/m-profile/armv7m_cachel1.h: In function 'SCB_InvalidateDCache_by_Addr':
/Users/seungwon/STM32CubeN6/Drivers/CMSIS/Include/m-profile/armv7m_cachel1.h:360:32: warning: conversion to 'long unsigned int' from 'int32_t' {aka 'long int'} may change the sign of the result [-Wsign-conversion]
  360 |        int32_t op_size = dsize + (((uint32_t)addr) & (__SCB_DCACHE_LINE_SIZE - 1U));
      |                                ^
/Users/seungwon/STM32CubeN6/Drivers/CMSIS/Include/m-profile/armv7m_cachel1.h:360:26: warning: conversion to 'int32_t' {aka 'long int'} from 'long unsigned int' may change the sign of the result [-Wsign-conversion]
  360 |        int32_t op_size = dsize + (((uint32_t)addr) & (__SCB_DCACHE_LINE_SIZE - 1U));
      |                          ^~~~~
/Users/seungwon/STM32CubeN6/Drivers/CMSIS/Include/m-profile/armv7m_cachel1.h:368:17: warning: conversion to 'long unsigned int' from 'int32_t' {aka 'long int'} may change the sign of the result [-Wsign-conversion]
  368 |         op_size -= __SCB_DCACHE_LINE_SIZE;
      |                 ^~
/Users/seungwon/STM32CubeN6/Drivers/CMSIS/Include/m-profile/armv7m_cachel1.h:44:33: warning: conversion to 'int32_t' {aka 'long int'} from 'long unsigned int' may change the sign of the result [-Wsign-conversion]
   44 | #define __SCB_DCACHE_LINE_SIZE  32U /*!< Cortex-M7 cache line size is fixed to 32 bytes (8 words). See also register SCB_CCSIDR */
      |                                 ^~~
/Users/seungwon/STM32CubeN6/Drivers/CMSIS/Include/m-profile/armv7m_cachel1.h:368:20: note: in expansion of macro '__SCB_DCACHE_LINE_SIZE'
  368 |         op_size -= __SCB_DCACHE_LINE_SIZE;
      |                    ^~~~~~~~~~~~~~~~~~~~~~
/Users/seungwon/STM32CubeN6/Drivers/CMSIS/Include/m-profile/armv7m_cachel1.h: In function 'SCB_CleanDCache_by_Addr':
/Users/seungwon/STM32CubeN6/Drivers/CMSIS/Include/m-profile/armv7m_cachel1.h:390:32: warning: conversion to 'long unsigned int' from 'int32_t' {aka 'long int'} may change the sign of the result [-Wsign-conversion]
  390 |        int32_t op_size = dsize + (((uint32_t)addr) & (__SCB_DCACHE_LINE_SIZE - 1U));
      |                                ^
/Users/seungwon/STM32CubeN6/Drivers/CMSIS/Include/m-profile/armv7m_cachel1.h:390:26: warning: conversion to 'int32_t' {aka 'long int'} from 'long unsigned int' may change the sign of the result [-Wsign-conversion]
  390 |        int32_t op_size = dsize + (((uint32_t)addr) & (__SCB_DCACHE_LINE_SIZE - 1U));
      |                          ^~~~~
/Users/seungwon/STM32CubeN6/Drivers/CMSIS/Include/m-profile/armv7m_cachel1.h:398:17: warning: conversion to 'long unsigned int' from 'int32_t' {aka 'long int'} may change the sign of the result [-Wsign-conversion]
  398 |         op_size -= __SCB_DCACHE_LINE_SIZE;
      |                 ^~
/Users/seungwon/STM32CubeN6/Drivers/CMSIS/Include/m-profile/armv7m_cachel1.h:44:33: warning: conversion to 'int32_t' {aka 'long int'} from 'long unsigned int' may change the sign of the result [-Wsign-conversion]
   44 | #define __SCB_DCACHE_LINE_SIZE  32U /*!< Cortex-M7 cache line size is fixed to 32 bytes (8 words). See also register SCB_CCSIDR */
      |                                 ^~~
/Users/seungwon/STM32CubeN6/Drivers/CMSIS/Include/m-profile/armv7m_cachel1.h:398:20: note: in expansion of macro '__SCB_DCACHE_LINE_SIZE'
  398 |         op_size -= __SCB_DCACHE_LINE_SIZE;
      |                    ^~~~~~~~~~~~~~~~~~~~~~
/Users/seungwon/STM32CubeN6/Drivers/CMSIS/Include/m-profile/armv7m_cachel1.h: In function 'SCB_CleanInvalidateDCache_by_Addr':
/Users/seungwon/STM32CubeN6/Drivers/CMSIS/Include/m-profile/armv7m_cachel1.h:420:32: warning: conversion to 'long unsigned int' from 'int32_t' {aka 'long int'} may change the sign of the result [-Wsign-conversion]
  420 |        int32_t op_size = dsize + (((uint32_t)addr) & (__SCB_DCACHE_LINE_SIZE - 1U));
      |                                ^
/Users/seungwon/STM32CubeN6/Drivers/CMSIS/Include/m-profile/armv7m_cachel1.h:420:26: warning: conversion to 'int32_t' {aka 'long int'} from 'long unsigned int' may change the sign of the result [-Wsign-conversion]
  420 |        int32_t op_size = dsize + (((uint32_t)addr) & (__SCB_DCACHE_LINE_SIZE - 1U));
      |                          ^~~~~
/Users/seungwon/STM32CubeN6/Drivers/CMSIS/Include/m-profile/armv7m_cachel1.h:428:17: warning: conversion to 'long unsigned int' from 'int32_t' {aka 'long int'} may change the sign of the result [-Wsign-conversion]
  428 |         op_size -=          __SCB_DCACHE_LINE_SIZE;
      |                 ^~
/Users/seungwon/STM32CubeN6/Drivers/CMSIS/Include/m-profile/armv7m_cachel1.h:44:33: warning: conversion to 'int32_t' {aka 'long int'} from 'long unsigned int' may change the sign of the result [-Wsign-conversion]
   44 | #define __SCB_DCACHE_LINE_SIZE  32U /*!< Cortex-M7 cache line size is fixed to 32 bytes (8 words). See also register SCB_CCSIDR */
      |                                 ^~~
/Users/seungwon/STM32CubeN6/Drivers/CMSIS/Include/m-profile/armv7m_cachel1.h:428:29: note: in expansion of macro '__SCB_DCACHE_LINE_SIZE'
  428 |         op_size -=          __SCB_DCACHE_LINE_SIZE;
      |                             ^~~~~~~~~~~~~~~~~~~~~~
/Users/seungwon/test/.tools/xpack-arm-none-eabi-gcc-15.2.1-1.1/bin/arm-none-eabi-gcc   -DAIMER_BENCHMARK -DPARAMS=128s -DAIMER_BACKEND=ref -DAIMER_MATVEC=reference -DAIMER_CONFIG=ref -DBENCH_KERNEL_SAMPLES=31 -DBENCH_E2E_SAMPLES=50 -DBENCH_KERNEL_INNER=64 -DBENCH_WARMUP=10 -DPROFILE_SAMPLES=31 -DPROFILE_KERNEL_INNER=64 -DPROFILE_COMPLEX_INNER=8 -DUSE_HAL_DRIVER -DSTM32N657xx -Iinclude -I../common/src/sig/aimer/reference/aimer-128s -I../common/src -I/Users/seungwon/STM32CubeN6/Projects/NUCLEO-N657X0-Q/Templates/Template/FSBL/Inc -I/Users/seungwon/STM32CubeN6/Drivers/CMSIS/Include -I/Users/seungwon/STM32CubeN6/Drivers/CMSIS/Device/ST/STM32N6xx/Include -I/Users/seungwon/STM32CubeN6/Drivers/STM32N6xx_HAL_Driver/Inc -I/Users/seungwon/STM32CubeN6/Drivers/STM32N6xx_HAL_Driver/Inc/Legacy -O3 -std=c11 -fno-common -ffunction-sections -fdata-sections -fno-tree-vectorize -fno-tree-slp-vectorize -MMD -MP --specs=nosys.specs -Wall -Wextra -Wshadow -Wconversion -Wstrict-prototypes -mcpu=cortex-m55 -mthumb -mfloat-abi=hard -mcmse -fstack-usage -x assembler-with-cpp -c /Users/seungwon/STM32CubeN6/Projects/NUCLEO-N657X0-Q/Templates/Template/STM32CubeIDE/FSBL/Application/Startup/startup_stm32n657x0hxq_fsbl.s -o build/full/128s/ref/benchmark/startup_stm32n657x0hxq_fsbl.s.o
/Users/seungwon/test/.tools/xpack-arm-none-eabi-gcc-15.2.1-1.1/bin/arm-none-eabi-gcc --specs=nosys.specs -Wl,--gc-sections -Wl,--print-memory-usage -Wl,-Map,build/full/128s/ref/benchmark/aimer-m55-128s-ref-benchmark.map -Wl,--wrap=main -Wl,--wrap=_write -Wl,--wrap=_read -Tplatform/nucleo-n657x0-q/stm32n657-axi-sram.ld  -mcpu=cortex-m55 -mthumb -mfloat-abi=hard -mcmse -Wl,--wrap=samsungsds_aimer_128s_ref_crypto_sign_signature -Wl,--wrap=samsungsds_aimer_128s_ref_crypto_sign -Wl,--wrap=samsungsds_aimer_128s_ref_crypto_sign_verify -Wl,--wrap=samsungsds_aimer_128s_ref_crypto_sign_open build/full/128s/ref/benchmark/benchmark.c.o build/full/128s/ref/benchmark/sign_low_memory.c.o build/full/128s/ref/benchmark/verify_batch.c.o build/full/128s/ref/benchmark/field_batch.c.o build/full/128s/ref/benchmark/mpc_batch.c.o build/full/128s/ref/benchmark/aim3.c.o build/full/128s/ref/benchmark/hash.c.o build/full/128s/ref/benchmark/sign.c.o build/full/128s/ref/benchmark/tree.c.o build/full/128s/ref/benchmark/field_common.c.o build/full/128s/ref/benchmark/field128.c.o build/full/128s/ref/benchmark/aes.c.o build/full/128s/ref/benchmark/fips202.c.o build/full/128s/ref/benchmark/rng.c.o build/full/128s/ref/benchmark/platform.c.o build/full/128s/ref/benchmark/system_stm32n6xx_fsbl.c.o build/full/128s/ref/benchmark/stm32n6xx_hal.c.o build/full/128s/ref/benchmark/stm32n6xx_hal_cortex.c.o build/full/128s/ref/benchmark/stm32n6xx_hal_pwr.c.o build/full/128s/ref/benchmark/stm32n6xx_hal_pwr_ex.c.o build/full/128s/ref/benchmark/stm32n6xx_hal_rcc.c.o build/full/128s/ref/benchmark/stm32n6xx_hal_rcc_ex.c.o build/full/128s/ref/benchmark/startup_stm32n657x0hxq_fsbl.s.o -lc -lm -o build/full/128s/ref/benchmark/aimer-m55-128s-ref-benchmark.elf
/Users/seungwon/test/.tools/xpack-arm-none-eabi-gcc-15.2.1-1.1/bin/../lib/gcc/arm-none-eabi/15.2.1/../../../../arm-none-eabi/bin/ld: /Users/seungwon/test/.tools/xpack-arm-none-eabi-gcc-15.2.1-1.1/bin/../lib/gcc/arm-none-eabi/15.2.1/../../../../arm-none-eabi/lib/thumb/v8-m.main+dp/hard/libc.a(libc_a-closer.o): in function `_close_r':
(.text._close_r+0xc): warning: _close is not implemented and will always fail
/Users/seungwon/test/.tools/xpack-arm-none-eabi-gcc-15.2.1-1.1/bin/../lib/gcc/arm-none-eabi/15.2.1/../../../../arm-none-eabi/bin/ld: /Users/seungwon/test/.tools/xpack-arm-none-eabi-gcc-15.2.1-1.1/bin/../lib/gcc/arm-none-eabi/15.2.1/../../../../arm-none-eabi/lib/thumb/v8-m.main+dp/hard/libc.a(libc_a-closer.o): note: the message above does not take linker garbage collection into account
/Users/seungwon/test/.tools/xpack-arm-none-eabi-gcc-15.2.1-1.1/bin/../lib/gcc/arm-none-eabi/15.2.1/../../../../arm-none-eabi/bin/ld: /Users/seungwon/test/.tools/xpack-arm-none-eabi-gcc-15.2.1-1.1/bin/../lib/gcc/arm-none-eabi/15.2.1/../../../../arm-none-eabi/lib/thumb/v8-m.main+dp/hard/libc.a(libc_a-fstatr.o): in function `_fstat_r':
(.text._fstat_r+0xe): warning: _fstat is not implemented and will always fail
/Users/seungwon/test/.tools/xpack-arm-none-eabi-gcc-15.2.1-1.1/bin/../lib/gcc/arm-none-eabi/15.2.1/../../../../arm-none-eabi/bin/ld: /Users/seungwon/test/.tools/xpack-arm-none-eabi-gcc-15.2.1-1.1/bin/../lib/gcc/arm-none-eabi/15.2.1/../../../../arm-none-eabi/lib/thumb/v8-m.main+dp/hard/libc.a(libc_a-fstatr.o): note: the message above does not take linker garbage collection into account
/Users/seungwon/test/.tools/xpack-arm-none-eabi-gcc-15.2.1-1.1/bin/../lib/gcc/arm-none-eabi/15.2.1/../../../../arm-none-eabi/bin/ld: /Users/seungwon/test/.tools/xpack-arm-none-eabi-gcc-15.2.1-1.1/bin/../lib/gcc/arm-none-eabi/15.2.1/../../../../arm-none-eabi/lib/thumb/v8-m.main+dp/hard/libc.a(libc_a-signalr.o): in function `_getpid_r':
(.text._getpid_r+0x0): warning: _getpid is not implemented and will always fail
/Users/seungwon/test/.tools/xpack-arm-none-eabi-gcc-15.2.1-1.1/bin/../lib/gcc/arm-none-eabi/15.2.1/../../../../arm-none-eabi/bin/ld: /Users/seungwon/test/.tools/xpack-arm-none-eabi-gcc-15.2.1-1.1/bin/../lib/gcc/arm-none-eabi/15.2.1/../../../../arm-none-eabi/lib/thumb/v8-m.main+dp/hard/libc.a(libc_a-signalr.o): note: the message above does not take linker garbage collection into account
/Users/seungwon/test/.tools/xpack-arm-none-eabi-gcc-15.2.1-1.1/bin/../lib/gcc/arm-none-eabi/15.2.1/../../../../arm-none-eabi/bin/ld: /Users/seungwon/test/.tools/xpack-arm-none-eabi-gcc-15.2.1-1.1/bin/../lib/gcc/arm-none-eabi/15.2.1/../../../../arm-none-eabi/lib/thumb/v8-m.main+dp/hard/libc.a(libc_a-isattyr.o): in function `_isatty_r':
(.text._isatty_r+0xc): warning: _isatty is not implemented and will always fail
/Users/seungwon/test/.tools/xpack-arm-none-eabi-gcc-15.2.1-1.1/bin/../lib/gcc/arm-none-eabi/15.2.1/../../../../arm-none-eabi/bin/ld: /Users/seungwon/test/.tools/xpack-arm-none-eabi-gcc-15.2.1-1.1/bin/../lib/gcc/arm-none-eabi/15.2.1/../../../../arm-none-eabi/lib/thumb/v8-m.main+dp/hard/libc.a(libc_a-isattyr.o): note: the message above does not take linker garbage collection into account
/Users/seungwon/test/.tools/xpack-arm-none-eabi-gcc-15.2.1-1.1/bin/../lib/gcc/arm-none-eabi/15.2.1/../../../../arm-none-eabi/bin/ld: /Users/seungwon/test/.tools/xpack-arm-none-eabi-gcc-15.2.1-1.1/bin/../lib/gcc/arm-none-eabi/15.2.1/../../../../arm-none-eabi/lib/thumb/v8-m.main+dp/hard/libc.a(libc_a-signalr.o): in function `_kill_r':
(.text._kill_r+0xe): warning: _kill is not implemented and will always fail
/Users/seungwon/test/.tools/xpack-arm-none-eabi-gcc-15.2.1-1.1/bin/../lib/gcc/arm-none-eabi/15.2.1/../../../../arm-none-eabi/bin/ld: /Users/seungwon/test/.tools/xpack-arm-none-eabi-gcc-15.2.1-1.1/bin/../lib/gcc/arm-none-eabi/15.2.1/../../../../arm-none-eabi/lib/thumb/v8-m.main+dp/hard/libc.a(libc_a-signalr.o): note: the message above does not take linker garbage collection into account
/Users/seungwon/test/.tools/xpack-arm-none-eabi-gcc-15.2.1-1.1/bin/../lib/gcc/arm-none-eabi/15.2.1/../../../../arm-none-eabi/bin/ld: /Users/seungwon/test/.tools/xpack-arm-none-eabi-gcc-15.2.1-1.1/bin/../lib/gcc/arm-none-eabi/15.2.1/../../../../arm-none-eabi/lib/thumb/v8-m.main+dp/hard/libc.a(libc_a-lseekr.o): in function `_lseek_r':
(.text._lseek_r+0x10): warning: _lseek is not implemented and will always fail
/Users/seungwon/test/.tools/xpack-arm-none-eabi-gcc-15.2.1-1.1/bin/../lib/gcc/arm-none-eabi/15.2.1/../../../../arm-none-eabi/bin/ld: /Users/seungwon/test/.tools/xpack-arm-none-eabi-gcc-15.2.1-1.1/bin/../lib/gcc/arm-none-eabi/15.2.1/../../../../arm-none-eabi/lib/thumb/v8-m.main+dp/hard/libc.a(libc_a-lseekr.o): note: the message above does not take linker garbage collection into account
Memory region         Used Size  Region Size  %age Used
             ROM:       75504 B       255 KB     28.92%
         BOOTRAM:        256 KB       256 KB    100.00%
         HEAPRAM:          4 KB      1792 KB      0.22%
/Users/seungwon/test/.tools/xpack-arm-none-eabi-gcc-15.2.1-1.1/bin/arm-none-eabi-size build/full/128s/ref/benchmark/aimer-m55-128s-ref-benchmark.elf
   text	   data	    bss	    dec	    hex	filename
  73304	   2192	 140952	 216448	  34d80	build/full/128s/ref/benchmark/aimer-m55-128s-ref-benchmark.elf
/Users/Shared/cortexctl run m55 -- /Users/seungwon/test/.tools/xpack-openocd-0.12.0-7/bin/openocd \
		-s /Users/seungwon/test/.tools/xpack-openocd-0.12.0-7/openocd/scripts -s /Users/seungwon/test/.tools/openocd-scripts \
		-f platform/nucleo-n657x0-q/openocd.cfg \
		-c init -c 'reset halt' \
		-c 'load_image /Users/seungwon/AIMer3_on_AVX512/m55/build/full/128s/ref/benchmark/aimer-m55-128s-ref-benchmark.elf' \
		-c 'verify_image /Users/seungwon/AIMer3_on_AVX512/m55/build/full/128s/ref/benchmark/aimer-m55-128s-ref-benchmark.elf' \
		-c 'set vector_msp [mrw 0x34180400]' \
		-c 'set vector_reset [mrw 0x34180404]' \
		-c 'arm semihosting enable' \
		-c 'arm semihosting_resexit enable' \
		-c 'reg msp $vector_msp' -c 'resume $vector_reset'
xPack Open On-Chip Debugger 0.12.0+dev-02228-ge5888bda3-dirty (2025-10-04-22:45)
Licensed under GNU GPL v2
For bug reports, read
	http://openocd.org/doc/doxygen/bugs.html
adapter speed: 1000 kHz
Info : STLINK V3J15M6 (API v3) VID:PID 0483:3754
Info : Target voltage: 3.279840
Info : clock speed 1000 kHz
Info : SWD DPIDR 0x6ba02477
Info : [stm32n6x.ap0] Examination succeed
Info : [stm32n6x.cpu] Cortex-M55 r1p1 processor detected
Info : [stm32n6x.cpu] target has 8 breakpoints, 8 watchpoints
stm32n6x.cpu in Secure state
Info : [stm32n6x.cpu] Examination succeed
Info : [stm32n6x.ap0] gdb port disabled
Info : [stm32n6x.cpu] starting gdb server on 3333
Info : Listening on port 3333 for gdb connections
[stm32n6x.cpu] halted due to debug-request, current mode: Thread 
xPSR: 0x81000000 pc: 0x18003a1a msp: 0x341037a0
74336 bytes written at address 0x34180000
2192 bytes written at address 0x34192260
downloaded 76528 bytes in 0.562619s (132.833 KiB/s)
verified 76528 bytes in 0.613534s (121.810 KiB/s)
0x34200000
0x3418a1b5
semihosting is enabled
semihosting resumable exit is enabled
msp (/32): 0x34200000
Info : Listening on port 6666 for tcl connections
Info : Listening on port 4444 for telnet connections
AIMer v3 on NUCLEO-N657X0-Q
Cortex-M55 @ 600000000 Hz, MVE=2, I/D-cache=on
BENCH_CONFIG,param=128s,config=ref,backend=ref,matvec=reference,cpu_hz=600000000,long_timer_hz=600000000,kernel_samples=31,e2e_samples=50,kernel_inner=64,warmup=10
BENCH_TIMER_CHECK,param=128s,config=ref,backend=ref,matvec=reference,pmu_cycles=307248,timer_cycles=307688,error_ppm=1432
BENCH_SAMPLE,param=128s,config=ref,backend=ref,matvec=reference,operation=gf_mul,clock=pmu,sample=0,inner=64,items=1,raw_cycles=302408
BENCH_SAMPLE,param=128s,config=ref,backend=ref,matvec=reference,operation=gf_mul,clock=pmu,sample=1,inner=64,items=1,raw_cycles=302305
BENCH_SAMPLE,param=128s,config=ref,backend=ref,matvec=reference,operation=gf_mul,clock=pmu,sample=2,inner=64,items=1,raw_cycles=302304
BENCH_SAMPLE,param=128s,config=ref,backend=ref,matvec=reference,operation=gf_mul,clock=pmu,sample=3,inner=64,items=1,raw_cycles=302302
BENCH_SAMPLE,param=128s,config=ref,backend=ref,matvec=reference,operation=gf_mul,clock=pmu,sample=4,inner=64,items=1,raw_cycles=302306
BENCH_SAMPLE,param=128s,config=ref,backend=ref,matvec=reference,operation=gf_mul,clock=pmu,sample=5,inner=64,items=1,raw_cycles=302305
BENCH_SAMPLE,param=128s,config=ref,backend=ref,matvec=reference,operation=gf_mul,clock=pmu,sample=6,inner=64,items=1,raw_cycles=302305
BENCH_SAMPLE,param=128s,config=ref,backend=ref,matvec=reference,operation=gf_mul,clock=pmu,sample=7,inner=64,items=1,raw_cycles=302304
BENCH_SAMPLE,param=128s,config=ref,backend=ref,matvec=reference,operation=gf_mul,clock=pmu,sample=8,inner=64,items=1,raw_cycles=302304
BENCH_SAMPLE,param=128s,config=ref,backend=ref,matvec=reference,operation=gf_mul,clock=pmu,sample=9,inner=64,items=1,raw_cycles=302302
BENCH_SAMPLE,param=128s,config=ref,backend=ref,matvec=reference,operation=gf_mul,clock=pmu,sample=10,inner=64,items=1,raw_cycles=302306
BENCH_SAMPLE,param=128s,config=ref,backend=ref,matvec=reference,operation=gf_mul,clock=pmu,sample=11,inner=64,items=1,raw_cycles=302305
BENCH_SAMPLE,param=128s,config=ref,backend=ref,matvec=reference,operation=gf_mul,clock=pmu,sample=12,inner=64,items=1,raw_cycles=302306
BENCH_SAMPLE,param=128s,config=ref,backend=ref,matvec=reference,operation=gf_mul,clock=pmu,sample=13,inner=64,items=1,raw_cycles=302304
BENCH_SAMPLE,param=128s,config=ref,backend=ref,matvec=reference,operation=gf_mul,clock=pmu,sample=14,inner=64,items=1,raw_cycles=302302
BENCH_SAMPLE,param=128s,config=ref,backend=ref,matvec=reference,operation=gf_mul,clock=pmu,sample=15,inner=64,items=1,raw_cycles=302301
BENCH_SAMPLE,param=128s,config=ref,backend=ref,matvec=reference,operation=gf_mul,clock=pmu,sample=16,inner=64,items=1,raw_cycles=302306
BENCH_SAMPLE,param=128s,config=ref,backend=ref,matvec=reference,operation=gf_mul,clock=pmu,sample=17,inner=64,items=1,raw_cycles=302306
BENCH_SAMPLE,param=128s,config=ref,backend=ref,matvec=reference,operation=gf_mul,clock=pmu,sample=18,inner=64,items=1,raw_cycles=302304
BENCH_SAMPLE,param=128s,config=ref,backend=ref,matvec=reference,operation=gf_mul,clock=pmu,sample=19,inner=64,items=1,raw_cycles=302305
BENCH_SAMPLE,param=128s,config=ref,backend=ref,matvec=reference,operation=gf_mul,clock=pmu,sample=20,inner=64,items=1,raw_cycles=302305
BENCH_SAMPLE,param=128s,config=ref,backend=ref,matvec=reference,operation=gf_mul,clock=pmu,sample=21,inner=64,items=1,raw_cycles=302302
BENCH_SAMPLE,param=128s,config=ref,backend=ref,matvec=reference,operation=gf_mul,clock=pmu,sample=22,inner=64,items=1,raw_cycles=302306
BENCH_SAMPLE,param=128s,config=ref,backend=ref,matvec=reference,operation=gf_mul,clock=pmu,sample=23,inner=64,items=1,raw_cycles=302305
BENCH_SAMPLE,param=128s,config=ref,backend=ref,matvec=reference,operation=gf_mul,clock=pmu,sample=24,inner=64,items=1,raw_cycles=302305
BENCH_SAMPLE,param=128s,config=ref,backend=ref,matvec=reference,operation=gf_mul,clock=pmu,sample=25,inner=64,items=1,raw_cycles=302304
BENCH_SAMPLE,param=128s,config=ref,backend=ref,matvec=reference,operation=gf_mul,clock=pmu,sample=26,inner=64,items=1,raw_cycles=302304
BENCH_SAMPLE,param=128s,config=ref,backend=ref,matvec=reference,operation=gf_mul,clock=pmu,sample=27,inner=64,items=1,raw_cycles=302302
BENCH_SAMPLE,param=128s,config=ref,backend=ref,matvec=reference,operation=gf_mul,clock=pmu,sample=28,inner=64,items=1,raw_cycles=302306
BENCH_SAMPLE,param=128s,config=ref,backend=ref,matvec=reference,operation=gf_mul,clock=pmu,sample=29,inner=64,items=1,raw_cycles=302305
BENCH_SAMPLE,param=128s,config=ref,backend=ref,matvec=reference,operation=gf_mul,clock=pmu,sample=30,inner=64,items=1,raw_cycles=302305
BENCH_RESULT,param=128s,config=ref,backend=ref,matvec=reference,operation=gf_mul,clock=pmu,samples=31,inner=64,items=1,min=4723.45,median=4723.52,mean=4723.56,stddev=0.29,max=4725.12,cycles_per_item_mean=4723.56
BENCH_SAMPLE,param=128s,config=ref,backend=ref,matvec=reference,operation=gf_sqr,clock=pmu,sample=0,inner=64,items=1,raw_cycles=14582
BENCH_SAMPLE,param=128s,config=ref,backend=ref,matvec=reference,operation=gf_sqr,clock=pmu,sample=1,inner=64,items=1,raw_cycles=13829
BENCH_SAMPLE,param=128s,config=ref,backend=ref,matvec=reference,operation=gf_sqr,clock=pmu,sample=2,inner=64,items=1,raw_cycles=13829
BENCH_SAMPLE,param=128s,config=ref,backend=ref,matvec=reference,operation=gf_sqr,clock=pmu,sample=3,inner=64,items=1,raw_cycles=13829
BENCH_SAMPLE,param=128s,config=ref,backend=ref,matvec=reference,operation=gf_sqr,clock=pmu,sample=4,inner=64,items=1,raw_cycles=13829
BENCH_SAMPLE,param=128s,config=ref,backend=ref,matvec=reference,operation=gf_sqr,clock=pmu,sample=5,inner=64,items=1,raw_cycles=13829
BENCH_SAMPLE,param=128s,config=ref,backend=ref,matvec=reference,operation=gf_sqr,clock=pmu,sample=6,inner=64,items=1,raw_cycles=13829
BENCH_SAMPLE,param=128s,config=ref,backend=ref,matvec=reference,operation=gf_sqr,clock=pmu,sample=7,inner=64,items=1,raw_cycles=13829
BENCH_SAMPLE,param=128s,config=ref,backend=ref,matvec=reference,operation=gf_sqr,clock=pmu,sample=8,inner=64,items=1,raw_cycles=13829
BENCH_SAMPLE,param=128s,config=ref,backend=ref,matvec=reference,operation=gf_sqr,clock=pmu,sample=9,inner=64,items=1,raw_cycles=13829
BENCH_SAMPLE,param=128s,config=ref,backend=ref,matvec=reference,operation=gf_sqr,clock=pmu,sample=10,inner=64,items=1,raw_cycles=13829
BENCH_SAMPLE,param=128s,config=ref,backend=ref,matvec=reference,operation=gf_sqr,clock=pmu,sample=11,inner=64,items=1,raw_cycles=13829
BENCH_SAMPLE,param=128s,config=ref,backend=ref,matvec=reference,operation=gf_sqr,clock=pmu,sample=12,inner=64,items=1,raw_cycles=13829
BENCH_SAMPLE,param=128s,config=ref,backend=ref,matvec=reference,operation=gf_sqr,clock=pmu,sample=13,inner=64,items=1,raw_cycles=13829
BENCH_SAMPLE,param=128s,config=ref,backend=ref,matvec=reference,operation=gf_sqr,clock=pmu,sample=14,inner=64,items=1,raw_cycles=13829
BENCH_SAMPLE,param=128s,config=ref,backend=ref,matvec=reference,operation=gf_sqr,clock=pmu,sample=15,inner=64,items=1,raw_cycles=13829
BENCH_SAMPLE,param=128s,config=ref,backend=ref,matvec=reference,operation=gf_sqr,clock=pmu,sample=16,inner=64,items=1,raw_cycles=13829
BENCH_SAMPLE,param=128s,config=ref,backend=ref,matvec=reference,operation=gf_sqr,clock=pmu,sample=17,inner=64,items=1,raw_cycles=13829
BENCH_SAMPLE,param=128s,config=ref,backend=ref,matvec=reference,operation=gf_sqr,clock=pmu,sample=18,inner=64,items=1,raw_cycles=13829
BENCH_SAMPLE,param=128s,config=ref,backend=ref,matvec=reference,operation=gf_sqr,clock=pmu,sample=19,inner=64,items=1,raw_cycles=13829
BENCH_SAMPLE,param=128s,config=ref,backend=ref,matvec=reference,operation=gf_sqr,clock=pmu,sample=20,inner=64,items=1,raw_cycles=13829
BENCH_SAMPLE,param=128s,config=ref,backend=ref,matvec=reference,operation=gf_sqr,clock=pmu,sample=21,inner=64,items=1,raw_cycles=13829
BENCH_SAMPLE,param=128s,config=ref,backend=ref,matvec=reference,operation=gf_sqr,clock=pmu,sample=22,inner=64,items=1,raw_cycles=13829
BENCH_SAMPLE,param=128s,config=ref,backend=ref,matvec=reference,operation=gf_sqr,clock=pmu,sample=23,inner=64,items=1,raw_cycles=13829
BENCH_SAMPLE,param=128s,config=ref,backend=ref,matvec=reference,operation=gf_sqr,clock=pmu,sample=24,inner=64,items=1,raw_cycles=13829
BENCH_SAMPLE,param=128s,config=ref,backend=ref,matvec=reference,operation=gf_sqr,clock=pmu,sample=25,inner=64,items=1,raw_cycles=13829
BENCH_SAMPLE,param=128s,config=ref,backend=ref,matvec=reference,operation=gf_sqr,clock=pmu,sample=26,inner=64,items=1,raw_cycles=13829
BENCH_SAMPLE,param=128s,config=ref,backend=ref,matvec=reference,operation=gf_sqr,clock=pmu,sample=27,inner=64,items=1,raw_cycles=13829
BENCH_SAMPLE,param=128s,config=ref,backend=ref,matvec=reference,operation=gf_sqr,clock=pmu,sample=28,inner=64,items=1,raw_cycles=13829
BENCH_SAMPLE,param=128s,config=ref,backend=ref,matvec=reference,operation=gf_sqr,clock=pmu,sample=29,inner=64,items=1,raw_cycles=13829
BENCH_SAMPLE,param=128s,config=ref,backend=ref,matvec=reference,operation=gf_sqr,clock=pmu,sample=30,inner=64,items=1,raw_cycles=13829
BENCH_RESULT,param=128s,config=ref,backend=ref,matvec=reference,operation=gf_sqr,clock=pmu,samples=31,inner=64,items=1,min=216.08,median=216.08,mean=216.46,stddev=2.08,max=227.84,cycles_per_item_mean=216.46
BENCH_SAMPLE,param=128s,config=ref,backend=ref,matvec=reference,operation=gf_sqr_batch4,clock=pmu,sample=0,inner=64,items=4,raw_cycles=60472
BENCH_SAMPLE,param=128s,config=ref,backend=ref,matvec=reference,operation=gf_sqr_batch4,clock=pmu,sample=1,inner=64,items=4,raw_cycles=60293
BENCH_SAMPLE,param=128s,config=ref,backend=ref,matvec=reference,operation=gf_sqr_batch4,clock=pmu,sample=2,inner=64,items=4,raw_cycles=60293
BENCH_SAMPLE,param=128s,config=ref,backend=ref,matvec=reference,operation=gf_sqr_batch4,clock=pmu,sample=3,inner=64,items=4,raw_cycles=60293
BENCH_SAMPLE,param=128s,config=ref,backend=ref,matvec=reference,operation=gf_sqr_batch4,clock=pmu,sample=4,inner=64,items=4,raw_cycles=60293
BENCH_SAMPLE,param=128s,config=ref,backend=ref,matvec=reference,operation=gf_sqr_batch4,clock=pmu,sample=5,inner=64,items=4,raw_cycles=60293
BENCH_SAMPLE,param=128s,config=ref,backend=ref,matvec=reference,operation=gf_sqr_batch4,clock=pmu,sample=6,inner=64,items=4,raw_cycles=60293
BENCH_SAMPLE,param=128s,config=ref,backend=ref,matvec=reference,operation=gf_sqr_batch4,clock=pmu,sample=7,inner=64,items=4,raw_cycles=60293
BENCH_SAMPLE,param=128s,config=ref,backend=ref,matvec=reference,operation=gf_sqr_batch4,clock=pmu,sample=8,inner=64,items=4,raw_cycles=60293
BENCH_SAMPLE,param=128s,config=ref,backend=ref,matvec=reference,operation=gf_sqr_batch4,clock=pmu,sample=9,inner=64,items=4,raw_cycles=60293
BENCH_SAMPLE,param=128s,config=ref,backend=ref,matvec=reference,operation=gf_sqr_batch4,clock=pmu,sample=10,inner=64,items=4,raw_cycles=60293
BENCH_SAMPLE,param=128s,config=ref,backend=ref,matvec=reference,operation=gf_sqr_batch4,clock=pmu,sample=11,inner=64,items=4,raw_cycles=60293
BENCH_SAMPLE,param=128s,config=ref,backend=ref,matvec=reference,operation=gf_sqr_batch4,clock=pmu,sample=12,inner=64,items=4,raw_cycles=60293
BENCH_SAMPLE,param=128s,config=ref,backend=ref,matvec=reference,operation=gf_sqr_batch4,clock=pmu,sample=13,inner=64,items=4,raw_cycles=60293
BENCH_SAMPLE,param=128s,config=ref,backend=ref,matvec=reference,operation=gf_sqr_batch4,clock=pmu,sample=14,inner=64,items=4,raw_cycles=60293
BENCH_SAMPLE,param=128s,config=ref,backend=ref,matvec=reference,operation=gf_sqr_batch4,clock=pmu,sample=15,inner=64,items=4,raw_cycles=60293
BENCH_SAMPLE,param=128s,config=ref,backend=ref,matvec=reference,operation=gf_sqr_batch4,clock=pmu,sample=16,inner=64,items=4,raw_cycles=60293
BENCH_SAMPLE,param=128s,config=ref,backend=ref,matvec=reference,operation=gf_sqr_batch4,clock=pmu,sample=17,inner=64,items=4,raw_cycles=60293
BENCH_SAMPLE,param=128s,config=ref,backend=ref,matvec=reference,operation=gf_sqr_batch4,clock=pmu,sample=18,inner=64,items=4,raw_cycles=60293
BENCH_SAMPLE,param=128s,config=ref,backend=ref,matvec=reference,operation=gf_sqr_batch4,clock=pmu,sample=19,inner=64,items=4,raw_cycles=60293
BENCH_SAMPLE,param=128s,config=ref,backend=ref,matvec=reference,operation=gf_sqr_batch4,clock=pmu,sample=20,inner=64,items=4,raw_cycles=60293
BENCH_SAMPLE,param=128s,config=ref,backend=ref,matvec=reference,operation=gf_sqr_batch4,clock=pmu,sample=21,inner=64,items=4,raw_cycles=60293
BENCH_SAMPLE,param=128s,config=ref,backend=ref,matvec=reference,operation=gf_sqr_batch4,clock=pmu,sample=22,inner=64,items=4,raw_cycles=60293
BENCH_SAMPLE,param=128s,config=ref,backend=ref,matvec=reference,operation=gf_sqr_batch4,clock=pmu,sample=23,inner=64,items=4,raw_cycles=60293
BENCH_SAMPLE,param=128s,config=ref,backend=ref,matvec=reference,operation=gf_sqr_batch4,clock=pmu,sample=24,inner=64,items=4,raw_cycles=60293
BENCH_SAMPLE,param=128s,config=ref,backend=ref,matvec=reference,operation=gf_sqr_batch4,clock=pmu,sample=25,inner=64,items=4,raw_cycles=60293
BENCH_SAMPLE,param=128s,config=ref,backend=ref,matvec=reference,operation=gf_sqr_batch4,clock=pmu,sample=26,inner=64,items=4,raw_cycles=60293
BENCH_SAMPLE,param=128s,config=ref,backend=ref,matvec=reference,operation=gf_sqr_batch4,clock=pmu,sample=27,inner=64,items=4,raw_cycles=60293
BENCH_SAMPLE,param=128s,config=ref,backend=ref,matvec=reference,operation=gf_sqr_batch4,clock=pmu,sample=28,inner=64,items=4,raw_cycles=60293
BENCH_SAMPLE,param=128s,config=ref,backend=ref,matvec=reference,operation=gf_sqr_batch4,clock=pmu,sample=29,inner=64,items=4,raw_cycles=60293
BENCH_SAMPLE,param=128s,config=ref,backend=ref,matvec=reference,operation=gf_sqr_batch4,clock=pmu,sample=30,inner=64,items=4,raw_cycles=60293
BENCH_RESULT,param=128s,config=ref,backend=ref,matvec=reference,operation=gf_sqr_batch4,clock=pmu,samples=31,inner=64,items=4,min=942.08,median=942.08,mean=942.17,stddev=0.49,max=944.88,cycles_per_item_mean=235.54
BENCH_SAMPLE,param=128s,config=ref,backend=ref,matvec=reference,operation=gf_mul_const_batch4,clock=pmu,sample=0,inner=64,items=4,raw_cycles=1210982
BENCH_SAMPLE,param=128s,config=ref,backend=ref,matvec=reference,operation=gf_mul_const_batch4,clock=pmu,sample=1,inner=64,items=4,raw_cycles=1210298
BENCH_SAMPLE,param=128s,config=ref,backend=ref,matvec=reference,operation=gf_mul_const_batch4,clock=pmu,sample=2,inner=64,items=4,raw_cycles=1210435
BENCH_SAMPLE,param=128s,config=ref,backend=ref,matvec=reference,operation=gf_mul_const_batch4,clock=pmu,sample=3,inner=64,items=4,raw_cycles=1210296
BENCH_SAMPLE,param=128s,config=ref,backend=ref,matvec=reference,operation=gf_mul_const_batch4,clock=pmu,sample=4,inner=64,items=4,raw_cycles=1210294
BENCH_SAMPLE,param=128s,config=ref,backend=ref,matvec=reference,operation=gf_mul_const_batch4,clock=pmu,sample=5,inner=64,items=4,raw_cycles=1210296
BENCH_SAMPLE,param=128s,config=ref,backend=ref,matvec=reference,operation=gf_mul_const_batch4,clock=pmu,sample=6,inner=64,items=4,raw_cycles=1210296
BENCH_SAMPLE,param=128s,config=ref,backend=ref,matvec=reference,operation=gf_mul_const_batch4,clock=pmu,sample=7,inner=64,items=4,raw_cycles=1210302
BENCH_SAMPLE,param=128s,config=ref,backend=ref,matvec=reference,operation=gf_mul_const_batch4,clock=pmu,sample=8,inner=64,items=4,raw_cycles=1210296
BENCH_SAMPLE,param=128s,config=ref,backend=ref,matvec=reference,operation=gf_mul_const_batch4,clock=pmu,sample=9,inner=64,items=4,raw_cycles=1210297
BENCH_SAMPLE,param=128s,config=ref,backend=ref,matvec=reference,operation=gf_mul_const_batch4,clock=pmu,sample=10,inner=64,items=4,raw_cycles=1210292
BENCH_SAMPLE,param=128s,config=ref,backend=ref,matvec=reference,operation=gf_mul_const_batch4,clock=pmu,sample=11,inner=64,items=4,raw_cycles=1210296
BENCH_SAMPLE,param=128s,config=ref,backend=ref,matvec=reference,operation=gf_mul_const_batch4,clock=pmu,sample=12,inner=64,items=4,raw_cycles=1210292
BENCH_SAMPLE,param=128s,config=ref,backend=ref,matvec=reference,operation=gf_mul_const_batch4,clock=pmu,sample=13,inner=64,items=4,raw_cycles=1210300
BENCH_SAMPLE,param=128s,config=ref,backend=ref,matvec=reference,operation=gf_mul_const_batch4,clock=pmu,sample=14,inner=64,items=4,raw_cycles=1210297
BENCH_SAMPLE,param=128s,config=ref,backend=ref,matvec=reference,operation=gf_mul_const_batch4,clock=pmu,sample=15,inner=64,items=4,raw_cycles=1210299
BENCH_SAMPLE,param=128s,config=ref,backend=ref,matvec=reference,operation=gf_mul_const_batch4,clock=pmu,sample=16,inner=64,items=4,raw_cycles=1210332
BENCH_SAMPLE,param=128s,config=ref,backend=ref,matvec=reference,operation=gf_mul_const_batch4,clock=pmu,sample=17,inner=64,items=4,raw_cycles=1210292
BENCH_SAMPLE,param=128s,config=ref,backend=ref,matvec=reference,operation=gf_mul_const_batch4,clock=pmu,sample=18,inner=64,items=4,raw_cycles=1210296
BENCH_SAMPLE,param=128s,config=ref,backend=ref,matvec=reference,operation=gf_mul_const_batch4,clock=pmu,sample=19,inner=64,items=4,raw_cycles=1210292
BENCH_SAMPLE,param=128s,config=ref,backend=ref,matvec=reference,operation=gf_mul_const_batch4,clock=pmu,sample=20,inner=64,items=4,raw_cycles=1210300
BENCH_SAMPLE,param=128s,config=ref,backend=ref,matvec=reference,operation=gf_mul_const_batch4,clock=pmu,sample=21,inner=64,items=4,raw_cycles=1210296
BENCH_SAMPLE,param=128s,config=ref,backend=ref,matvec=reference,operation=gf_mul_const_batch4,clock=pmu,sample=22,inner=64,items=4,raw_cycles=1210300
BENCH_SAMPLE,param=128s,config=ref,backend=ref,matvec=reference,operation=gf_mul_const_batch4,clock=pmu,sample=23,inner=64,items=4,raw_cycles=1210296
BENCH_SAMPLE,param=128s,config=ref,backend=ref,matvec=reference,operation=gf_mul_const_batch4,clock=pmu,sample=24,inner=64,items=4,raw_cycles=1210296
BENCH_SAMPLE,param=128s,config=ref,backend=ref,matvec=reference,operation=gf_mul_const_batch4,clock=pmu,sample=25,inner=64,items=4,raw_cycles=1210294
BENCH_SAMPLE,param=128s,config=ref,backend=ref,matvec=reference,operation=gf_mul_const_batch4,clock=pmu,sample=26,inner=64,items=4,raw_cycles=1210294
BENCH_SAMPLE,param=128s,config=ref,backend=ref,matvec=reference,operation=gf_mul_const_batch4,clock=pmu,sample=27,inner=64,items=4,raw_cycles=1210296
BENCH_SAMPLE,param=128s,config=ref,backend=ref,matvec=reference,operation=gf_mul_const_batch4,clock=pmu,sample=28,inner=64,items=4,raw_cycles=1210296
BENCH_SAMPLE,param=128s,config=ref,backend=ref,matvec=reference,operation=gf_mul_const_batch4,clock=pmu,sample=29,inner=64,items=4,raw_cycles=1210302
BENCH_SAMPLE,param=128s,config=ref,backend=ref,matvec=reference,operation=gf_mul_const_batch4,clock=pmu,sample=30,inner=64,items=4,raw_cycles=1210329
BENCH_RESULT,param=128s,config=ref,backend=ref,matvec=reference,operation=gf_mul_const_batch4,clock=pmu,samples=31,inner=64,items=4,min=18910.81,median=18910.88,mean=18911.33,stddev=1.92,max=18921.59,cycles_per_item_mean=4727.83
BENCH_SAMPLE,param=128s,config=ref,backend=ref,matvec=reference,operation=keypair,clock=systick-extended,sample=0,inner=1,items=1,raw_cycles=5111783
BENCH_SAMPLE,param=128s,config=ref,backend=ref,matvec=reference,operation=keypair,clock=systick-extended,sample=1,inner=1,items=1,raw_cycles=5113854
BENCH_SAMPLE,param=128s,config=ref,backend=ref,matvec=reference,operation=keypair,clock=systick-extended,sample=2,inner=1,items=1,raw_cycles=5113573
BENCH_SAMPLE,param=128s,config=ref,backend=ref,matvec=reference,operation=keypair,clock=systick-extended,sample=3,inner=1,items=1,raw_cycles=5113389
BENCH_SAMPLE,param=128s,config=ref,backend=ref,matvec=reference,operation=keypair,clock=systick-extended,sample=4,inner=1,items=1,raw_cycles=5114439
BENCH_SAMPLE,param=128s,config=ref,backend=ref,matvec=reference,operation=keypair,clock=systick-extended,sample=5,inner=1,items=1,raw_cycles=5113785
BENCH_SAMPLE,param=128s,config=ref,backend=ref,matvec=reference,operation=keypair,clock=systick-extended,sample=6,inner=1,items=1,raw_cycles=5113545
BENCH_SAMPLE,param=128s,config=ref,backend=ref,matvec=reference,operation=keypair,clock=systick-extended,sample=7,inner=1,items=1,raw_cycles=5113543
BENCH_SAMPLE,param=128s,config=ref,backend=ref,matvec=reference,operation=keypair,clock=systick-extended,sample=8,inner=1,items=1,raw_cycles=5113516
BENCH_SAMPLE,param=128s,config=ref,backend=ref,matvec=reference,operation=keypair,clock=systick-extended,sample=9,inner=1,items=1,raw_cycles=5113129
BENCH_SAMPLE,param=128s,config=ref,backend=ref,matvec=reference,operation=keypair,clock=systick-extended,sample=10,inner=1,items=1,raw_cycles=5113710
BENCH_SAMPLE,param=128s,config=ref,backend=ref,matvec=reference,operation=keypair,clock=systick-extended,sample=11,inner=1,items=1,raw_cycles=5114040
BENCH_SAMPLE,param=128s,config=ref,backend=ref,matvec=reference,operation=keypair,clock=systick-extended,sample=12,inner=1,items=1,raw_cycles=5113611
BENCH_SAMPLE,param=128s,config=ref,backend=ref,matvec=reference,operation=keypair,clock=systick-extended,sample=13,inner=1,items=1,raw_cycles=5114040
BENCH_SAMPLE,param=128s,config=ref,backend=ref,matvec=reference,operation=keypair,clock=systick-extended,sample=14,inner=1,items=1,raw_cycles=5113640
BENCH_SAMPLE,param=128s,config=ref,backend=ref,matvec=reference,operation=keypair,clock=systick-extended,sample=15,inner=1,items=1,raw_cycles=5114391
BENCH_SAMPLE,param=128s,config=ref,backend=ref,matvec=reference,operation=keypair,clock=systick-extended,sample=16,inner=1,items=1,raw_cycles=5114421
BENCH_SAMPLE,param=128s,config=ref,backend=ref,matvec=reference,operation=keypair,clock=systick-extended,sample=17,inner=1,items=1,raw_cycles=5114131
BENCH_SAMPLE,param=128s,config=ref,backend=ref,matvec=reference,operation=keypair,clock=systick-extended,sample=18,inner=1,items=1,raw_cycles=5114467
BENCH_SAMPLE,param=128s,config=ref,backend=ref,matvec=reference,operation=keypair,clock=systick-extended,sample=19,inner=1,items=1,raw_cycles=5113763
BENCH_SAMPLE,param=128s,config=ref,backend=ref,matvec=reference,operation=keypair,clock=systick-extended,sample=20,inner=1,items=1,raw_cycles=5113440
BENCH_SAMPLE,param=128s,config=ref,backend=ref,matvec=reference,operation=keypair,clock=systick-extended,sample=21,inner=1,items=1,raw_cycles=5114642
BENCH_SAMPLE,param=128s,config=ref,backend=ref,matvec=reference,operation=keypair,clock=systick-extended,sample=22,inner=1,items=1,raw_cycles=5114020
BENCH_SAMPLE,param=128s,config=ref,backend=ref,matvec=reference,operation=keypair,clock=systick-extended,sample=23,inner=1,items=1,raw_cycles=5113803
BENCH_SAMPLE,param=128s,config=ref,backend=ref,matvec=reference,operation=keypair,clock=systick-extended,sample=24,inner=1,items=1,raw_cycles=5113833
BENCH_SAMPLE,param=128s,config=ref,backend=ref,matvec=reference,operation=keypair,clock=systick-extended,sample=25,inner=1,items=1,raw_cycles=5113601
BENCH_SAMPLE,param=128s,config=ref,backend=ref,matvec=reference,operation=keypair,clock=systick-extended,sample=26,inner=1,items=1,raw_cycles=5114367
BENCH_SAMPLE,param=128s,config=ref,backend=ref,matvec=reference,operation=keypair,clock=systick-extended,sample=27,inner=1,items=1,raw_cycles=5114289
BENCH_SAMPLE,param=128s,config=ref,backend=ref,matvec=reference,operation=keypair,clock=systick-extended,sample=28,inner=1,items=1,raw_cycles=5114514
BENCH_SAMPLE,param=128s,config=ref,backend=ref,matvec=reference,operation=keypair,clock=systick-extended,sample=29,inner=1,items=1,raw_cycles=5113169
BENCH_SAMPLE,param=128s,config=ref,backend=ref,matvec=reference,operation=keypair,clock=systick-extended,sample=30,inner=1,items=1,raw_cycles=5114121
BENCH_SAMPLE,param=128s,config=ref,backend=ref,matvec=reference,operation=keypair,clock=systick-extended,sample=31,inner=1,items=1,raw_cycles=5114562
BENCH_SAMPLE,param=128s,config=ref,backend=ref,matvec=reference,operation=keypair,clock=systick-extended,sample=32,inner=1,items=1,raw_cycles=5113443
BENCH_SAMPLE,param=128s,config=ref,backend=ref,matvec=reference,operation=keypair,clock=systick-extended,sample=33,inner=1,items=1,raw_cycles=5113686
BENCH_SAMPLE,param=128s,config=ref,backend=ref,matvec=reference,operation=keypair,clock=systick-extended,sample=34,inner=1,items=1,raw_cycles=5113717
BENCH_SAMPLE,param=128s,config=ref,backend=ref,matvec=reference,operation=keypair,clock=systick-extended,sample=35,inner=1,items=1,raw_cycles=5113897
BENCH_SAMPLE,param=128s,config=ref,backend=ref,matvec=reference,operation=keypair,clock=systick-extended,sample=36,inner=1,items=1,raw_cycles=5113639
BENCH_SAMPLE,param=128s,config=ref,backend=ref,matvec=reference,operation=keypair,clock=systick-extended,sample=37,inner=1,items=1,raw_cycles=5114208
BENCH_SAMPLE,param=128s,config=ref,backend=ref,matvec=reference,operation=keypair,clock=systick-extended,sample=38,inner=1,items=1,raw_cycles=5114031
BENCH_SAMPLE,param=128s,config=ref,backend=ref,matvec=reference,operation=keypair,clock=systick-extended,sample=39,inner=1,items=1,raw_cycles=5113858
BENCH_SAMPLE,param=128s,config=ref,backend=ref,matvec=reference,operation=keypair,clock=systick-extended,sample=40,inner=1,items=1,raw_cycles=5114271
BENCH_SAMPLE,param=128s,config=ref,backend=ref,matvec=reference,operation=keypair,clock=systick-extended,sample=41,inner=1,items=1,raw_cycles=5113938
BENCH_SAMPLE,param=128s,config=ref,backend=ref,matvec=reference,operation=keypair,clock=systick-extended,sample=42,inner=1,items=1,raw_cycles=5114289
BENCH_SAMPLE,param=128s,config=ref,backend=ref,matvec=reference,operation=keypair,clock=systick-extended,sample=43,inner=1,items=1,raw_cycles=5113872
BENCH_SAMPLE,param=128s,config=ref,backend=ref,matvec=reference,operation=keypair,clock=systick-extended,sample=44,inner=1,items=1,raw_cycles=5114520
BENCH_SAMPLE,param=128s,config=ref,backend=ref,matvec=reference,operation=keypair,clock=systick-extended,sample=45,inner=1,items=1,raw_cycles=5113743
BENCH_SAMPLE,param=128s,config=ref,backend=ref,matvec=reference,operation=keypair,clock=systick-extended,sample=46,inner=1,items=1,raw_cycles=5114063
BENCH_SAMPLE,param=128s,config=ref,backend=ref,matvec=reference,operation=keypair,clock=systick-extended,sample=47,inner=1,items=1,raw_cycles=5114143
BENCH_SAMPLE,param=128s,config=ref,backend=ref,matvec=reference,operation=keypair,clock=systick-extended,sample=48,inner=1,items=1,raw_cycles=5113527
BENCH_SAMPLE,param=128s,config=ref,backend=ref,matvec=reference,operation=keypair,clock=systick-extended,sample=49,inner=1,items=1,raw_cycles=5114130
BENCH_RESULT,param=128s,config=ref,backend=ref,matvec=reference,operation=keypair,clock=systick-extended,samples=50,inner=1,items=1,min=5111783.00,median=5113865.00,mean=5113882.12,stddev=476.72,max=5114642.00,cycles_per_item_mean=5113882.12
BENCH_SAMPLE,param=128s,config=ref,backend=ref,matvec=reference,operation=sign,clock=systick-extended,sample=0,inner=1,items=1,raw_cycles=865128862
BENCH_SAMPLE,param=128s,config=ref,backend=ref,matvec=reference,operation=sign,clock=systick-extended,sample=1,inner=1,items=1,raw_cycles=865549030
BENCH_SAMPLE,param=128s,config=ref,backend=ref,matvec=reference,operation=sign,clock=systick-extended,sample=2,inner=1,items=1,raw_cycles=865373421
BENCH_SAMPLE,param=128s,config=ref,backend=ref,matvec=reference,operation=sign,clock=systick-extended,sample=3,inner=1,items=1,raw_cycles=866625879
BENCH_SAMPLE,param=128s,config=ref,backend=ref,matvec=reference,operation=sign,clock=systick-extended,sample=4,inner=1,items=1,raw_cycles=865458641
BENCH_SAMPLE,param=128s,config=ref,backend=ref,matvec=reference,operation=sign,clock=systick-extended,sample=5,inner=1,items=1,raw_cycles=866404827
BENCH_SAMPLE,param=128s,config=ref,backend=ref,matvec=reference,operation=sign,clock=systick-extended,sample=6,inner=1,items=1,raw_cycles=865949076
BENCH_SAMPLE,param=128s,config=ref,backend=ref,matvec=reference,operation=sign,clock=systick-extended,sample=7,inner=1,items=1,raw_cycles=865815106
BENCH_SAMPLE,param=128s,config=ref,backend=ref,matvec=reference,operation=sign,clock=systick-extended,sample=8,inner=1,items=1,raw_cycles=865246880
BENCH_SAMPLE,param=128s,config=ref,backend=ref,matvec=reference,operation=sign,clock=systick-extended,sample=9,inner=1,items=1,raw_cycles=865679628
BENCH_SAMPLE,param=128s,config=ref,backend=ref,matvec=reference,operation=sign,clock=systick-extended,sample=10,inner=1,items=1,raw_cycles=865807275
BENCH_SAMPLE,param=128s,config=ref,backend=ref,matvec=reference,operation=sign,clock=systick-extended,sample=11,inner=1,items=1,raw_cycles=866241711
BENCH_SAMPLE,param=128s,config=ref,backend=ref,matvec=reference,operation=sign,clock=systick-extended,sample=12,inner=1,items=1,raw_cycles=866240367
BENCH_SAMPLE,param=128s,config=ref,backend=ref,matvec=reference,operation=sign,clock=systick-extended,sample=13,inner=1,items=1,raw_cycles=865747800
BENCH_SAMPLE,param=128s,config=ref,backend=ref,matvec=reference,operation=sign,clock=systick-extended,sample=14,inner=1,items=1,raw_cycles=865857410
BENCH_SAMPLE,param=128s,config=ref,backend=ref,matvec=reference,operation=sign,clock=systick-extended,sample=15,inner=1,items=1,raw_cycles=866724048
BENCH_SAMPLE,param=128s,config=ref,backend=ref,matvec=reference,operation=sign,clock=systick-extended,sample=16,inner=1,items=1,raw_cycles=866152850
BENCH_SAMPLE,param=128s,config=ref,backend=ref,matvec=reference,operation=sign,clock=systick-extended,sample=17,inner=1,items=1,raw_cycles=865561885
BENCH_SAMPLE,param=128s,config=ref,backend=ref,matvec=reference,operation=sign,clock=systick-extended,sample=18,inner=1,items=1,raw_cycles=866883870
BENCH_SAMPLE,param=128s,config=ref,backend=ref,matvec=reference,operation=sign,clock=systick-extended,sample=19,inner=1,items=1,raw_cycles=865282845
BENCH_SAMPLE,param=128s,config=ref,backend=ref,matvec=reference,operation=sign,clock=systick-extended,sample=20,inner=1,items=1,raw_cycles=866247153
BENCH_SAMPLE,param=128s,config=ref,backend=ref,matvec=reference,operation=sign,clock=systick-extended,sample=21,inner=1,items=1,raw_cycles=865604994
BENCH_SAMPLE,param=128s,config=ref,backend=ref,matvec=reference,operation=sign,clock=systick-extended,sample=22,inner=1,items=1,raw_cycles=866622490
BENCH_SAMPLE,param=128s,config=ref,backend=ref,matvec=reference,operation=sign,clock=systick-extended,sample=23,inner=1,items=1,raw_cycles=865918315
BENCH_SAMPLE,param=128s,config=ref,backend=ref,matvec=reference,operation=sign,clock=systick-extended,sample=24,inner=1,items=1,raw_cycles=865577139
BENCH_SAMPLE,param=128s,config=ref,backend=ref,matvec=reference,operation=sign,clock=systick-extended,sample=25,inner=1,items=1,raw_cycles=865614391
BENCH_SAMPLE,param=128s,config=ref,backend=ref,matvec=reference,operation=sign,clock=systick-extended,sample=26,inner=1,items=1,raw_cycles=866612614
BENCH_SAMPLE,param=128s,config=ref,backend=ref,matvec=reference,operation=sign,clock=systick-extended,sample=27,inner=1,items=1,raw_cycles=865889476
BENCH_SAMPLE,param=128s,config=ref,backend=ref,matvec=reference,operation=sign,clock=systick-extended,sample=28,inner=1,items=1,raw_cycles=864990633
BENCH_SAMPLE,param=128s,config=ref,backend=ref,matvec=reference,operation=sign,clock=systick-extended,sample=29,inner=1,items=1,raw_cycles=865621909
BENCH_SAMPLE,param=128s,config=ref,backend=ref,matvec=reference,operation=sign,clock=systick-extended,sample=30,inner=1,items=1,raw_cycles=865571084
BENCH_SAMPLE,param=128s,config=ref,backend=ref,matvec=reference,operation=sign,clock=systick-extended,sample=31,inner=1,items=1,raw_cycles=865644791
BENCH_SAMPLE,param=128s,config=ref,backend=ref,matvec=reference,operation=sign,clock=systick-extended,sample=32,inner=1,items=1,raw_cycles=865557099
BENCH_SAMPLE,param=128s,config=ref,backend=ref,matvec=reference,operation=sign,clock=systick-extended,sample=33,inner=1,items=1,raw_cycles=865696083
BENCH_SAMPLE,param=128s,config=ref,backend=ref,matvec=reference,operation=sign,clock=systick-extended,sample=34,inner=1,items=1,raw_cycles=865900829
BENCH_SAMPLE,param=128s,config=ref,backend=ref,matvec=reference,operation=sign,clock=systick-extended,sample=35,inner=1,items=1,raw_cycles=866991172
BENCH_SAMPLE,param=128s,config=ref,backend=ref,matvec=reference,operation=sign,clock=systick-extended,sample=36,inner=1,items=1,raw_cycles=866089959
BENCH_SAMPLE,param=128s,config=ref,backend=ref,matvec=reference,operation=sign,clock=systick-extended,sample=37,inner=1,items=1,raw_cycles=866342613
BENCH_SAMPLE,param=128s,config=ref,backend=ref,matvec=reference,operation=sign,clock=systick-extended,sample=38,inner=1,items=1,raw_cycles=865389725
BENCH_SAMPLE,param=128s,config=ref,backend=ref,matvec=reference,operation=sign,clock=systick-extended,sample=39,inner=1,items=1,raw_cycles=865722981
BENCH_SAMPLE,param=128s,config=ref,backend=ref,matvec=reference,operation=sign,clock=systick-extended,sample=40,inner=1,items=1,raw_cycles=864858399
BENCH_SAMPLE,param=128s,config=ref,backend=ref,matvec=reference,operation=sign,clock=systick-extended,sample=41,inner=1,items=1,raw_cycles=866327835
BENCH_SAMPLE,param=128s,config=ref,backend=ref,matvec=reference,operation=sign,clock=systick-extended,sample=42,inner=1,items=1,raw_cycles=866017483
BENCH_SAMPLE,param=128s,config=ref,backend=ref,matvec=reference,operation=sign,clock=systick-extended,sample=43,inner=1,items=1,raw_cycles=866082681
BENCH_SAMPLE,param=128s,config=ref,backend=ref,matvec=reference,operation=sign,clock=systick-extended,sample=44,inner=1,items=1,raw_cycles=865494027
BENCH_SAMPLE,param=128s,config=ref,backend=ref,matvec=reference,operation=sign,clock=systick-extended,sample=45,inner=1,items=1,raw_cycles=865686643
BENCH_SAMPLE,param=128s,config=ref,backend=ref,matvec=reference,operation=sign,clock=systick-extended,sample=46,inner=1,items=1,raw_cycles=866492688
BENCH_SAMPLE,param=128s,config=ref,backend=ref,matvec=reference,operation=sign,clock=systick-extended,sample=47,inner=1,items=1,raw_cycles=865263673
BENCH_SAMPLE,param=128s,config=ref,backend=ref,matvec=reference,operation=sign,clock=systick-extended,sample=48,inner=1,items=1,raw_cycles=865655602
BENCH_SAMPLE,param=128s,config=ref,backend=ref,matvec=reference,operation=sign,clock=systick-extended,sample=49,inner=1,items=1,raw_cycles=866777536
BENCH_RESULT,param=128s,config=ref,backend=ref,matvec=reference,operation=sign,clock=systick-extended,samples=50,inner=1,items=1,min=864858399.00,median=865777537.50,mean=865879868.56,stddev=497890.51,max=866991172.00,cycles_per_item_mean=865879868.56
BENCH_SAMPLE,param=128s,config=ref,backend=ref,matvec=reference,operation=verify,clock=systick-extended,sample=0,inner=1,items=1,raw_cycles=511936645
BENCH_SAMPLE,param=128s,config=ref,backend=ref,matvec=reference,operation=verify,clock=systick-extended,sample=1,inner=1,items=1,raw_cycles=511795282
BENCH_SAMPLE,param=128s,config=ref,backend=ref,matvec=reference,operation=verify,clock=systick-extended,sample=2,inner=1,items=1,raw_cycles=511853493
BENCH_SAMPLE,param=128s,config=ref,backend=ref,matvec=reference,operation=verify,clock=systick-extended,sample=3,inner=1,items=1,raw_cycles=511736737
BENCH_SAMPLE,param=128s,config=ref,backend=ref,matvec=reference,operation=verify,clock=systick-extended,sample=4,inner=1,items=1,raw_cycles=511822551
BENCH_SAMPLE,param=128s,config=ref,backend=ref,matvec=reference,operation=verify,clock=systick-extended,sample=5,inner=1,items=1,raw_cycles=511885690
BENCH_SAMPLE,param=128s,config=ref,backend=ref,matvec=reference,operation=verify,clock=systick-extended,sample=6,inner=1,items=1,raw_cycles=511798902
BENCH_SAMPLE,param=128s,config=ref,backend=ref,matvec=reference,operation=verify,clock=systick-extended,sample=7,inner=1,items=1,raw_cycles=511932321
BENCH_SAMPLE,param=128s,config=ref,backend=ref,matvec=reference,operation=verify,clock=systick-extended,sample=8,inner=1,items=1,raw_cycles=511884994
BENCH_SAMPLE,param=128s,config=ref,backend=ref,matvec=reference,operation=verify,clock=systick-extended,sample=9,inner=1,items=1,raw_cycles=511712856
BENCH_SAMPLE,param=128s,config=ref,backend=ref,matvec=reference,operation=verify,clock=systick-extended,sample=10,inner=1,items=1,raw_cycles=511576542
BENCH_SAMPLE,param=128s,config=ref,backend=ref,matvec=reference,operation=verify,clock=systick-extended,sample=11,inner=1,items=1,raw_cycles=511840749
BENCH_SAMPLE,param=128s,config=ref,backend=ref,matvec=reference,operation=verify,clock=systick-extended,sample=12,inner=1,items=1,raw_cycles=511677264
BENCH_SAMPLE,param=128s,config=ref,backend=ref,matvec=reference,operation=verify,clock=systick-extended,sample=13,inner=1,items=1,raw_cycles=511799446
BENCH_SAMPLE,param=128s,config=ref,backend=ref,matvec=reference,operation=verify,clock=systick-extended,sample=14,inner=1,items=1,raw_cycles=511919595
BENCH_SAMPLE,param=128s,config=ref,backend=ref,matvec=reference,operation=verify,clock=systick-extended,sample=15,inner=1,items=1,raw_cycles=511969954
BENCH_SAMPLE,param=128s,config=ref,backend=ref,matvec=reference,operation=verify,clock=systick-extended,sample=16,inner=1,items=1,raw_cycles=511907352
BENCH_SAMPLE,param=128s,config=ref,backend=ref,matvec=reference,operation=verify,clock=systick-extended,sample=17,inner=1,items=1,raw_cycles=511870606
BENCH_SAMPLE,param=128s,config=ref,backend=ref,matvec=reference,operation=verify,clock=systick-extended,sample=18,inner=1,items=1,raw_cycles=511867797
BENCH_SAMPLE,param=128s,config=ref,backend=ref,matvec=reference,operation=verify,clock=systick-extended,sample=19,inner=1,items=1,raw_cycles=511842543
BENCH_SAMPLE,param=128s,config=ref,backend=ref,matvec=reference,operation=verify,clock=systick-extended,sample=20,inner=1,items=1,raw_cycles=511735491
BENCH_SAMPLE,param=128s,config=ref,backend=ref,matvec=reference,operation=verify,clock=systick-extended,sample=21,inner=1,items=1,raw_cycles=511966032
BENCH_SAMPLE,param=128s,config=ref,backend=ref,matvec=reference,operation=verify,clock=systick-extended,sample=22,inner=1,items=1,raw_cycles=511774729
BENCH_SAMPLE,param=128s,config=ref,backend=ref,matvec=reference,operation=verify,clock=systick-extended,sample=23,inner=1,items=1,raw_cycles=511964949
BENCH_SAMPLE,param=128s,config=ref,backend=ref,matvec=reference,operation=verify,clock=systick-extended,sample=24,inner=1,items=1,raw_cycles=511774602
BENCH_SAMPLE,param=128s,config=ref,backend=ref,matvec=reference,operation=verify,clock=systick-extended,sample=25,inner=1,items=1,raw_cycles=511848270
BENCH_SAMPLE,param=128s,config=ref,backend=ref,matvec=reference,operation=verify,clock=systick-extended,sample=26,inner=1,items=1,raw_cycles=511911813
BENCH_SAMPLE,param=128s,config=ref,backend=ref,matvec=reference,operation=verify,clock=systick-extended,sample=27,inner=1,items=1,raw_cycles=511882383
BENCH_SAMPLE,param=128s,config=ref,backend=ref,matvec=reference,operation=verify,clock=systick-extended,sample=28,inner=1,items=1,raw_cycles=511803870
BENCH_SAMPLE,param=128s,config=ref,backend=ref,matvec=reference,operation=verify,clock=systick-extended,sample=29,inner=1,items=1,raw_cycles=511756114
BENCH_SAMPLE,param=128s,config=ref,backend=ref,matvec=reference,operation=verify,clock=systick-extended,sample=30,inner=1,items=1,raw_cycles=511789140
BENCH_SAMPLE,param=128s,config=ref,backend=ref,matvec=reference,operation=verify,clock=systick-extended,sample=31,inner=1,items=1,raw_cycles=511962145
BENCH_SAMPLE,param=128s,config=ref,backend=ref,matvec=reference,operation=verify,clock=systick-extended,sample=32,inner=1,items=1,raw_cycles=511859718
BENCH_SAMPLE,param=128s,config=ref,backend=ref,matvec=reference,operation=verify,clock=systick-extended,sample=33,inner=1,items=1,raw_cycles=511767394
BENCH_SAMPLE,param=128s,config=ref,backend=ref,matvec=reference,operation=verify,clock=systick-extended,sample=34,inner=1,items=1,raw_cycles=511923826
BENCH_SAMPLE,param=128s,config=ref,backend=ref,matvec=reference,operation=verify,clock=systick-extended,sample=35,inner=1,items=1,raw_cycles=511689151
BENCH_SAMPLE,param=128s,config=ref,backend=ref,matvec=reference,operation=verify,clock=systick-extended,sample=36,inner=1,items=1,raw_cycles=511770324
BENCH_SAMPLE,param=128s,config=ref,backend=ref,matvec=reference,operation=verify,clock=systick-extended,sample=37,inner=1,items=1,raw_cycles=511794052
BENCH_SAMPLE,param=128s,config=ref,backend=ref,matvec=reference,operation=verify,clock=systick-extended,sample=38,inner=1,items=1,raw_cycles=511718160
BENCH_SAMPLE,param=128s,config=ref,backend=ref,matvec=reference,operation=verify,clock=systick-extended,sample=39,inner=1,items=1,raw_cycles=511789512
BENCH_SAMPLE,param=128s,config=ref,backend=ref,matvec=reference,operation=verify,clock=systick-extended,sample=40,inner=1,items=1,raw_cycles=511857609
BENCH_SAMPLE,param=128s,config=ref,backend=ref,matvec=reference,operation=verify,clock=systick-extended,sample=41,inner=1,items=1,raw_cycles=511755151
BENCH_SAMPLE,param=128s,config=ref,backend=ref,matvec=reference,operation=verify,clock=systick-extended,sample=42,inner=1,items=1,raw_cycles=511853382
BENCH_SAMPLE,param=128s,config=ref,backend=ref,matvec=reference,operation=verify,clock=systick-extended,sample=43,inner=1,items=1,raw_cycles=511732302
BENCH_SAMPLE,param=128s,config=ref,backend=ref,matvec=reference,operation=verify,clock=systick-extended,sample=44,inner=1,items=1,raw_cycles=511742543
BENCH_SAMPLE,param=128s,config=ref,backend=ref,matvec=reference,operation=verify,clock=systick-extended,sample=45,inner=1,items=1,raw_cycles=511806165
BENCH_SAMPLE,param=128s,config=ref,backend=ref,matvec=reference,operation=verify,clock=systick-extended,sample=46,inner=1,items=1,raw_cycles=511924198
BENCH_SAMPLE,param=128s,config=ref,backend=ref,matvec=reference,operation=verify,clock=systick-extended,sample=47,inner=1,items=1,raw_cycles=511829796
BENCH_SAMPLE,param=128s,config=ref,backend=ref,matvec=reference,operation=verify,clock=systick-extended,sample=48,inner=1,items=1,raw_cycles=511747167
BENCH_SAMPLE,param=128s,config=ref,backend=ref,matvec=reference,operation=verify,clock=systick-extended,sample=49,inner=1,items=1,raw_cycles=511855134
BENCH_RESULT,param=128s,config=ref,backend=ref,matvec=reference,operation=verify,clock=systick-extended,samples=50,inner=1,items=1,min=511576542.00,median=511826173.50,mean=511824328.82,stddev=84535.57,max=511969954.00,cycles_per_item_mean=511824328.82
BENCH_MEMORY,param=128s,config=ref,backend=ref,matvec=reference,static_ram_bytes=7976,stack_reserved_bytes=131072,stack_peak_bytes=8948,heap_capacity_bytes=1835008,heap_peak_bytes=61440
BENCH_PASS,param=128s,config=ref,backend=ref,matvec=reference,checksum=6cce97b4ae262a82
TEST_EXIT=0
