param,config,operation,sample,inner,items,raw_cycles,cycles_per_call,cycles_per_item,source_log
128f,mve_compact,gf_mul,0,64,1,48495,757.734375,757.734375,profile/mve_compact/128f.log
128f,mve_compact,gf_mul,1,64,1,47750,746.09375,746.09375,profile/mve_compact/128f.log
128f,mve_compact,gf_mul,2,64,1,47750,746.09375,746.09375,profile/mve_compact/128f.log
128f,mve_compact,gf_mul,3,64,1,47750,746.09375,746.09375,profile/mve_compact/128f.log
128f,mve_compact,gf_mul,4,64,1,47750,746.09375,746.09375,profile/mve_compact/128f.log
128f,mve_compact,gf_mul,5,64,1,47750,746.09375,746.09375,profile/mve_compact/128f.log
128f,mve_compact,gf_mul,6,64,1,47750,746.09375,746.09375,profile/mve_compact/128f.log
128f,mve_compact,gf_mul,7,64,1,47750,746.09375,746.09375,profile/mve_compact/128f.log
128f,mve_compact,gf_mul,8,64,1,47750,746.09375,746.09375,profile/mve_compact/128f.log
128f,mve_compact,gf_mul,9,64,1,47750,746.09375,746.09375,profile/mve_compact/128f.log
128f,mve_compact,gf_mul,10,64,1,47750,746.09375,746.09375,profile/mve_compact/128f.log
128f,mve_compact,gf_mul,11,64,1,47750,746.09375,746.09375,profile/mve_compact/128f.log
128f,mve_compact,gf_mul,12,64,1,47750,746.09375,746.09375,profile/mve_compact/128f.log
128f,mve_compact,gf_mul,13,64,1,47750,746.09375,746.09375,profile/mve_compact/128f.log
128f,mve_compact,gf_mul,14,64,1,47750,746.09375,746.09375,profile/mve_compact/128f.log
128f,mve_compact,gf_mul,15,64,1,47750,746.09375,746.09375,profile/mve_compact/128f.log
128f,mve_compact,gf_mul,16,64,1,47750,746.09375,746.09375,profile/mve_compact/128f.log
128f,mve_compact,gf_mul,17,64,1,47750,746.09375,746.09375,profile/mve_compact/128f.log
128f,mve_compact,gf_mul,18,64,1,47750,746.09375,746.09375,profile/mve_compact/128f.log
128f,mve_compact,gf_mul,19,64,1,47750,746.09375,746.09375,profile/mve_compact/128f.log
128f,mve_compact,gf_mul,20,64,1,47750,746.09375,746.09375,profile/mve_compact/128f.log
128f,mve_compact,gf_mul,21,64,1,47750,746.09375,746.09375,profile/mve_compact/128f.log
128f,mve_compact,gf_mul,22,64,1,47750,746.09375,746.09375,profile/mve_compact/128f.log
128f,mve_compact,gf_mul,23,64,1,47750,746.09375,746.09375,profile/mve_compact/128f.log
128f,mve_compact,gf_mul,24,64,1,47750,746.09375,746.09375,profile/mve_compact/128f.log
128f,mve_compact,gf_mul,25,64,1,47750,746.09375,746.09375,profile/mve_compact/128f.log
128f,mve_compact,gf_mul,26,64,1,47750,746.09375,746.09375,profile/mve_compact/128f.log
128f,mve_compact,gf_mul,27,64,1,47750,746.09375,746.09375,profile/mve_compact/128f.log
128f,mve_compact,gf_mul,28,64,1,47750,746.09375,746.09375,profile/mve_compact/128f.log
128f,mve_compact,gf_mul,29,64,1,47750,746.09375,746.09375,profile/mve_compact/128f.log
128f,mve_compact,gf_mul,30,64,1,47750,746.09375,746.09375,profile/mve_compact/128f.log
128f,mve_compact,gf_sqr,0,64,1,16582,259.09375,259.09375,profile/mve_compact/128f.log
128f,mve_compact,gf_sqr,1,64,1,16006,250.09375,250.09375,profile/mve_compact/128f.log
128f,mve_compact,gf_sqr,2,64,1,16006,250.09375,250.09375,profile/mve_compact/128f.log
128f,mve_compact,gf_sqr,3,64,1,16006,250.09375,250.09375,profile/mve_compact/128f.log
128f,mve_compact,gf_sqr,4,64,1,16006,250.09375,250.09375,profile/mve_compact/128f.log
128f,mve_compact,gf_sqr,5,64,1,16006,250.09375,250.09375,profile/mve_compact/128f.log
128f,mve_compact,gf_sqr,6,64,1,16006,250.09375,250.09375,profile/mve_compact/128f.log
128f,mve_compact,gf_sqr,7,64,1,16006,250.09375,250.09375,profile/mve_compact/128f.log
128f,mve_compact,gf_sqr,8,64,1,16006,250.09375,250.09375,profile/mve_compact/128f.log
128f,mve_compact,gf_sqr,9,64,1,16006,250.09375,250.09375,profile/mve_compact/128f.log
128f,mve_compact,gf_sqr,10,64,1,16006,250.09375,250.09375,profile/mve_compact/128f.log
128f,mve_compact,gf_sqr,11,64,1,16006,250.09375,250.09375,profile/mve_compact/128f.log
128f,mve_compact,gf_sqr,12,64,1,16006,250.09375,250.09375,profile/mve_compact/128f.log
128f,mve_compact,gf_sqr,13,64,1,16006,250.09375,250.09375,profile/mve_compact/128f.log
128f,mve_compact,gf_sqr,14,64,1,16006,250.09375,250.09375,profile/mve_compact/128f.log
128f,mve_compact,gf_sqr,15,64,1,16006,250.09375,250.09375,profile/mve_compact/128f.log
128f,mve_compact,gf_sqr,16,64,1,16006,250.09375,250.09375,profile/mve_compact/128f.log
128f,mve_compact,gf_sqr,17,64,1,16006,250.09375,250.09375,profile/mve_compact/128f.log
128f,mve_compact,gf_sqr,18,64,1,16006,250.09375,250.09375,profile/mve_compact/128f.log
128f,mve_compact,gf_sqr,19,64,1,16006,250.09375,250.09375,profile/mve_compact/128f.log
128f,mve_compact,gf_sqr,20,64,1,16006,250.09375,250.09375,profile/mve_compact/128f.log
128f,mve_compact,gf_sqr,21,64,1,16006,250.09375,250.09375,profile/mve_compact/128f.log
128f,mve_compact,gf_sqr,22,64,1,16006,250.09375,250.09375,profile/mve_compact/128f.log
128f,mve_compact,gf_sqr,23,64,1,16006,250.09375,250.09375,profile/mve_compact/128f.log
128f,mve_compact,gf_sqr,24,64,1,16006,250.09375,250.09375,profile/mve_compact/128f.log
128f,mve_compact,gf_sqr,25,64,1,16006,250.09375,250.09375,profile/mve_compact/128f.log
128f,mve_compact,gf_sqr,26,64,1,16006,250.09375,250.09375,profile/mve_compact/128f.log
128f,mve_compact,gf_sqr,27,64,1,16006,250.09375,250.09375,profile/mve_compact/128f.log
128f,mve_compact,gf_sqr,28,64,1,16006,250.09375,250.09375,profile/mve_compact/128f.log
128f,mve_compact,gf_sqr,29,64,1,16006,250.09375,250.09375,profile/mve_compact/128f.log
128f,mve_compact,gf_sqr,30,64,1,16006,250.09375,250.09375,profile/mve_compact/128f.log
128f,mve_compact,gf_inv,0,8,1,1006159,125769.875,125769.875,profile/mve_compact/128f.log
128f,mve_compact,gf_inv,1,8,1,1006054,125756.75,125756.75,profile/mve_compact/128f.log
128f,mve_compact,gf_inv,2,8,1,1006054,125756.75,125756.75,profile/mve_compact/128f.log
128f,mve_compact,gf_inv,3,8,1,1006054,125756.75,125756.75,profile/mve_compact/128f.log
128f,mve_compact,gf_inv,4,8,1,1006054,125756.75,125756.75,profile/mve_compact/128f.log
128f,mve_compact,gf_inv,5,8,1,1006054,125756.75,125756.75,profile/mve_compact/128f.log
128f,mve_compact,gf_inv,6,8,1,1006054,125756.75,125756.75,profile/mve_compact/128f.log
128f,mve_compact,gf_inv,7,8,1,1006054,125756.75,125756.75,profile/mve_compact/128f.log
128f,mve_compact,gf_inv,8,8,1,1006054,125756.75,125756.75,profile/mve_compact/128f.log
128f,mve_compact,gf_inv,9,8,1,1006054,125756.75,125756.75,profile/mve_compact/128f.log
128f,mve_compact,gf_inv,10,8,1,1006054,125756.75,125756.75,profile/mve_compact/128f.log
128f,mve_compact,gf_inv,11,8,1,1006054,125756.75,125756.75,profile/mve_compact/128f.log
128f,mve_compact,gf_inv,12,8,1,1006054,125756.75,125756.75,profile/mve_compact/128f.log
128f,mve_compact,gf_inv,13,8,1,1006054,125756.75,125756.75,profile/mve_compact/128f.log
128f,mve_compact,gf_inv,14,8,1,1006054,125756.75,125756.75,profile/mve_compact/128f.log
128f,mve_compact,gf_inv,15,8,1,1006054,125756.75,125756.75,profile/mve_compact/128f.log
128f,mve_compact,gf_inv,16,8,1,1006054,125756.75,125756.75,profile/mve_compact/128f.log
128f,mve_compact,gf_inv,17,8,1,1006054,125756.75,125756.75,profile/mve_compact/128f.log
128f,mve_compact,gf_inv,18,8,1,1006054,125756.75,125756.75,profile/mve_compact/128f.log
128f,mve_compact,gf_inv,19,8,1,1006054,125756.75,125756.75,profile/mve_compact/128f.log
128f,mve_compact,gf_inv,20,8,1,1006054,125756.75,125756.75,profile/mve_compact/128f.log
128f,mve_compact,gf_inv,21,8,1,1006055,125756.875,125756.875,profile/mve_compact/128f.log
128f,mve_compact,gf_inv,22,8,1,1006054,125756.75,125756.75,profile/mve_compact/128f.log
128f,mve_compact,gf_inv,23,8,1,1006054,125756.75,125756.75,profile/mve_compact/128f.log
128f,mve_compact,gf_inv,24,8,1,1006054,125756.75,125756.75,profile/mve_compact/128f.log
128f,mve_compact,gf_inv,25,8,1,1006054,125756.75,125756.75,profile/mve_compact/128f.log
128f,mve_compact,gf_inv,26,8,1,1006054,125756.75,125756.75,profile/mve_compact/128f.log
128f,mve_compact,gf_inv,27,8,1,1006054,125756.75,125756.75,profile/mve_compact/128f.log
128f,mve_compact,gf_inv,28,8,1,1006054,125756.75,125756.75,profile/mve_compact/128f.log
128f,mve_compact,gf_inv,29,8,1,1006054,125756.75,125756.75,profile/mve_compact/128f.log
128f,mve_compact,gf_inv,30,8,1,1006054,125756.75,125756.75,profile/mve_compact/128f.log
128f,mve_compact,gf_mat_vec_mul,0,64,1,256029,4000.453125,4000.453125,profile/mve_compact/128f.log
128f,mve_compact,gf_mat_vec_mul,1,64,1,255814,3997.09375,3997.09375,profile/mve_compact/128f.log
128f,mve_compact,gf_mat_vec_mul,2,64,1,255814,3997.09375,3997.09375,profile/mve_compact/128f.log
128f,mve_compact,gf_mat_vec_mul,3,64,1,255814,3997.09375,3997.09375,profile/mve_compact/128f.log
128f,mve_compact,gf_mat_vec_mul,4,64,1,255814,3997.09375,3997.09375,profile/mve_compact/128f.log
128f,mve_compact,gf_mat_vec_mul,5,64,1,255814,3997.09375,3997.09375,profile/mve_compact/128f.log
128f,mve_compact,gf_mat_vec_mul,6,64,1,255814,3997.09375,3997.09375,profile/mve_compact/128f.log
128f,mve_compact,gf_mat_vec_mul,7,64,1,255814,3997.09375,3997.09375,profile/mve_compact/128f.log
128f,mve_compact,gf_mat_vec_mul,8,64,1,255814,3997.09375,3997.09375,profile/mve_compact/128f.log
128f,mve_compact,gf_mat_vec_mul,9,64,1,255814,3997.09375,3997.09375,profile/mve_compact/128f.log
128f,mve_compact,gf_mat_vec_mul,10,64,1,255814,3997.09375,3997.09375,profile/mve_compact/128f.log
128f,mve_compact,gf_mat_vec_mul,11,64,1,255814,3997.09375,3997.09375,profile/mve_compact/128f.log
128f,mve_compact,gf_mat_vec_mul,12,64,1,255814,3997.09375,3997.09375,profile/mve_compact/128f.log
128f,mve_compact,gf_mat_vec_mul,13,64,1,255814,3997.09375,3997.09375,profile/mve_compact/128f.log
128f,mve_compact,gf_mat_vec_mul,14,64,1,255814,3997.09375,3997.09375,profile/mve_compact/128f.log
128f,mve_compact,gf_mat_vec_mul,15,64,1,255814,3997.09375,3997.09375,profile/mve_compact/128f.log
128f,mve_compact,gf_mat_vec_mul,16,64,1,255814,3997.09375,3997.09375,profile/mve_compact/128f.log
128f,mve_compact,gf_mat_vec_mul,17,64,1,255814,3997.09375,3997.09375,profile/mve_compact/128f.log
128f,mve_compact,gf_mat_vec_mul,18,64,1,255814,3997.09375,3997.09375,profile/mve_compact/128f.log
128f,mve_compact,gf_mat_vec_mul,19,64,1,255814,3997.09375,3997.09375,profile/mve_compact/128f.log
128f,mve_compact,gf_mat_vec_mul,20,64,1,255814,3997.09375,3997.09375,profile/mve_compact/128f.log
128f,mve_compact,gf_mat_vec_mul,21,64,1,255814,3997.09375,3997.09375,profile/mve_compact/128f.log
128f,mve_compact,gf_mat_vec_mul,22,64,1,255814,3997.09375,3997.09375,profile/mve_compact/128f.log
128f,mve_compact,gf_mat_vec_mul,23,64,1,255814,3997.09375,3997.09375,profile/mve_compact/128f.log
128f,mve_compact,gf_mat_vec_mul,24,64,1,255814,3997.09375,3997.09375,profile/mve_compact/128f.log
128f,mve_compact,gf_mat_vec_mul,25,64,1,255814,3997.09375,3997.09375,profile/mve_compact/128f.log
128f,mve_compact,gf_mat_vec_mul,26,64,1,255814,3997.09375,3997.09375,profile/mve_compact/128f.log
128f,mve_compact,gf_mat_vec_mul,27,64,1,255814,3997.09375,3997.09375,profile/mve_compact/128f.log
128f,mve_compact,gf_mat_vec_mul,28,64,1,255814,3997.09375,3997.09375,profile/mve_compact/128f.log
128f,mve_compact,gf_mat_vec_mul,29,64,1,255814,3997.09375,3997.09375,profile/mve_compact/128f.log
128f,mve_compact,gf_mat_vec_mul,30,64,1,255814,3997.09375,3997.09375,profile/mve_compact/128f.log
128f,mve_compact,gf_mat_vec_mul_add,0,64,1,257831,4028.609375,4028.609375,profile/mve_compact/128f.log
128f,mve_compact,gf_mat_vec_mul_add,1,64,1,257735,4027.109375,4027.109375,profile/mve_compact/128f.log
128f,mve_compact,gf_mat_vec_mul_add,2,64,1,257735,4027.109375,4027.109375,profile/mve_compact/128f.log
128f,mve_compact,gf_mat_vec_mul_add,3,64,1,257735,4027.109375,4027.109375,profile/mve_compact/128f.log
128f,mve_compact,gf_mat_vec_mul_add,4,64,1,257735,4027.109375,4027.109375,profile/mve_compact/128f.log
128f,mve_compact,gf_mat_vec_mul_add,5,64,1,257735,4027.109375,4027.109375,profile/mve_compact/128f.log
128f,mve_compact,gf_mat_vec_mul_add,6,64,1,257735,4027.109375,4027.109375,profile/mve_compact/128f.log
128f,mve_compact,gf_mat_vec_mul_add,7,64,1,257735,4027.109375,4027.109375,profile/mve_compact/128f.log
128f,mve_compact,gf_mat_vec_mul_add,8,64,1,257735,4027.109375,4027.109375,profile/mve_compact/128f.log
128f,mve_compact,gf_mat_vec_mul_add,9,64,1,257735,4027.109375,4027.109375,profile/mve_compact/128f.log
128f,mve_compact,gf_mat_vec_mul_add,10,64,1,257735,4027.109375,4027.109375,profile/mve_compact/128f.log
128f,mve_compact,gf_mat_vec_mul_add,11,64,1,257735,4027.109375,4027.109375,profile/mve_compact/128f.log
128f,mve_compact,gf_mat_vec_mul_add,12,64,1,257735,4027.109375,4027.109375,profile/mve_compact/128f.log
128f,mve_compact,gf_mat_vec_mul_add,13,64,1,257735,4027.109375,4027.109375,profile/mve_compact/128f.log
128f,mve_compact,gf_mat_vec_mul_add,14,64,1,257735,4027.109375,4027.109375,profile/mve_compact/128f.log
128f,mve_compact,gf_mat_vec_mul_add,15,64,1,257735,4027.109375,4027.109375,profile/mve_compact/128f.log
128f,mve_compact,gf_mat_vec_mul_add,16,64,1,257735,4027.109375,4027.109375,profile/mve_compact/128f.log
128f,mve_compact,gf_mat_vec_mul_add,17,64,1,257735,4027.109375,4027.109375,profile/mve_compact/128f.log
128f,mve_compact,gf_mat_vec_mul_add,18,64,1,257735,4027.109375,4027.109375,profile/mve_compact/128f.log
128f,mve_compact,gf_mat_vec_mul_add,19,64,1,257735,4027.109375,4027.109375,profile/mve_compact/128f.log
128f,mve_compact,gf_mat_vec_mul_add,20,64,1,257735,4027.109375,4027.109375,profile/mve_compact/128f.log
128f,mve_compact,gf_mat_vec_mul_add,21,64,1,257735,4027.109375,4027.109375,profile/mve_compact/128f.log
128f,mve_compact,gf_mat_vec_mul_add,22,64,1,257735,4027.109375,4027.109375,profile/mve_compact/128f.log
128f,mve_compact,gf_mat_vec_mul_add,23,64,1,257735,4027.109375,4027.109375,profile/mve_compact/128f.log
128f,mve_compact,gf_mat_vec_mul_add,24,64,1,257735,4027.109375,4027.109375,profile/mve_compact/128f.log
128f,mve_compact,gf_mat_vec_mul_add,25,64,1,257735,4027.109375,4027.109375,profile/mve_compact/128f.log
128f,mve_compact,gf_mat_vec_mul_add,26,64,1,257735,4027.109375,4027.109375,profile/mve_compact/128f.log
128f,mve_compact,gf_mat_vec_mul_add,27,64,1,257735,4027.109375,4027.109375,profile/mve_compact/128f.log
128f,mve_compact,gf_mat_vec_mul_add,28,64,1,257735,4027.109375,4027.109375,profile/mve_compact/128f.log
128f,mve_compact,gf_mat_vec_mul_add,29,64,1,257735,4027.109375,4027.109375,profile/mve_compact/128f.log
128f,mve_compact,gf_mat_vec_mul_add,30,64,1,257735,4027.109375,4027.109375,profile/mve_compact/128f.log
128f,mve_compact,gf_sqr_batch4,0,64,4,31234,488.03125,122.0078125,profile/mve_compact/128f.log
128f,mve_compact,gf_sqr_batch4,1,64,4,30147,471.046875,117.76171875,profile/mve_compact/128f.log
128f,mve_compact,gf_sqr_batch4,2,64,4,30147,471.046875,117.76171875,profile/mve_compact/128f.log
128f,mve_compact,gf_sqr_batch4,3,64,4,30147,471.046875,117.76171875,profile/mve_compact/128f.log
128f,mve_compact,gf_sqr_batch4,4,64,4,30147,471.046875,117.76171875,profile/mve_compact/128f.log
128f,mve_compact,gf_sqr_batch4,5,64,4,30147,471.046875,117.76171875,profile/mve_compact/128f.log
128f,mve_compact,gf_sqr_batch4,6,64,4,30147,471.046875,117.76171875,profile/mve_compact/128f.log
128f,mve_compact,gf_sqr_batch4,7,64,4,30147,471.046875,117.76171875,profile/mve_compact/128f.log
128f,mve_compact,gf_sqr_batch4,8,64,4,30147,471.046875,117.76171875,profile/mve_compact/128f.log
128f,mve_compact,gf_sqr_batch4,9,64,4,30147,471.046875,117.76171875,profile/mve_compact/128f.log
128f,mve_compact,gf_sqr_batch4,10,64,4,30147,471.046875,117.76171875,profile/mve_compact/128f.log
128f,mve_compact,gf_sqr_batch4,11,64,4,30147,471.046875,117.76171875,profile/mve_compact/128f.log
128f,mve_compact,gf_sqr_batch4,12,64,4,30147,471.046875,117.76171875,profile/mve_compact/128f.log
128f,mve_compact,gf_sqr_batch4,13,64,4,30147,471.046875,117.76171875,profile/mve_compact/128f.log
128f,mve_compact,gf_sqr_batch4,14,64,4,30147,471.046875,117.76171875,profile/mve_compact/128f.log
128f,mve_compact,gf_sqr_batch4,15,64,4,30147,471.046875,117.76171875,profile/mve_compact/128f.log
128f,mve_compact,gf_sqr_batch4,16,64,4,30147,471.046875,117.76171875,profile/mve_compact/128f.log
128f,mve_compact,gf_sqr_batch4,17,64,4,30147,471.046875,117.76171875,profile/mve_compact/128f.log
128f,mve_compact,gf_sqr_batch4,18,64,4,30147,471.046875,117.76171875,profile/mve_compact/128f.log
128f,mve_compact,gf_sqr_batch4,19,64,4,30147,471.046875,117.76171875,profile/mve_compact/128f.log
128f,mve_compact,gf_sqr_batch4,20,64,4,30147,471.046875,117.76171875,profile/mve_compact/128f.log
128f,mve_compact,gf_sqr_batch4,21,64,4,30147,471.046875,117.76171875,profile/mve_compact/128f.log
128f,mve_compact,gf_sqr_batch4,22,64,4,30147,471.046875,117.76171875,profile/mve_compact/128f.log
128f,mve_compact,gf_sqr_batch4,23,64,4,30147,471.046875,117.76171875,profile/mve_compact/128f.log
128f,mve_compact,gf_sqr_batch4,24,64,4,30147,471.046875,117.76171875,profile/mve_compact/128f.log
128f,mve_compact,gf_sqr_batch4,25,64,4,30147,471.046875,117.76171875,profile/mve_compact/128f.log
128f,mve_compact,gf_sqr_batch4,26,64,4,30147,471.046875,117.76171875,profile/mve_compact/128f.log
128f,mve_compact,gf_sqr_batch4,27,64,4,30147,471.046875,117.76171875,profile/mve_compact/128f.log
128f,mve_compact,gf_sqr_batch4,28,64,4,30147,471.046875,117.76171875,profile/mve_compact/128f.log
128f,mve_compact,gf_sqr_batch4,29,64,4,30147,471.046875,117.76171875,profile/mve_compact/128f.log
128f,mve_compact,gf_sqr_batch4,30,64,4,30147,471.046875,117.76171875,profile/mve_compact/128f.log
128f,mve_compact,gf_frobenius_batch4_e3,0,8,4,7356,919.5,229.875,profile/mve_compact/128f.log
128f,mve_compact,gf_frobenius_batch4_e3,1,8,4,6756,844.5,211.125,profile/mve_compact/128f.log
128f,mve_compact,gf_frobenius_batch4_e3,2,8,4,6756,844.5,211.125,profile/mve_compact/128f.log
128f,mve_compact,gf_frobenius_batch4_e3,3,8,4,6756,844.5,211.125,profile/mve_compact/128f.log
128f,mve_compact,gf_frobenius_batch4_e3,4,8,4,6756,844.5,211.125,profile/mve_compact/128f.log
128f,mve_compact,gf_frobenius_batch4_e3,5,8,4,6756,844.5,211.125,profile/mve_compact/128f.log
128f,mve_compact,gf_frobenius_batch4_e3,6,8,4,6756,844.5,211.125,profile/mve_compact/128f.log
128f,mve_compact,gf_frobenius_batch4_e3,7,8,4,6756,844.5,211.125,profile/mve_compact/128f.log
128f,mve_compact,gf_frobenius_batch4_e3,8,8,4,6756,844.5,211.125,profile/mve_compact/128f.log
128f,mve_compact,gf_frobenius_batch4_e3,9,8,4,6756,844.5,211.125,profile/mve_compact/128f.log
128f,mve_compact,gf_frobenius_batch4_e3,10,8,4,6756,844.5,211.125,profile/mve_compact/128f.log
128f,mve_compact,gf_frobenius_batch4_e3,11,8,4,6756,844.5,211.125,profile/mve_compact/128f.log
128f,mve_compact,gf_frobenius_batch4_e3,12,8,4,6756,844.5,211.125,profile/mve_compact/128f.log
128f,mve_compact,gf_frobenius_batch4_e3,13,8,4,6756,844.5,211.125,profile/mve_compact/128f.log
128f,mve_compact,gf_frobenius_batch4_e3,14,8,4,6756,844.5,211.125,profile/mve_compact/128f.log
128f,mve_compact,gf_frobenius_batch4_e3,15,8,4,6756,844.5,211.125,profile/mve_compact/128f.log
128f,mve_compact,gf_frobenius_batch4_e3,16,8,4,6756,844.5,211.125,profile/mve_compact/128f.log
128f,mve_compact,gf_frobenius_batch4_e3,17,8,4,6756,844.5,211.125,profile/mve_compact/128f.log
128f,mve_compact,gf_frobenius_batch4_e3,18,8,4,6756,844.5,211.125,profile/mve_compact/128f.log
128f,mve_compact,gf_frobenius_batch4_e3,19,8,4,6756,844.5,211.125,profile/mve_compact/128f.log
128f,mve_compact,gf_frobenius_batch4_e3,20,8,4,6756,844.5,211.125,profile/mve_compact/128f.log
128f,mve_compact,gf_frobenius_batch4_e3,21,8,4,6756,844.5,211.125,profile/mve_compact/128f.log
128f,mve_compact,gf_frobenius_batch4_e3,22,8,4,6756,844.5,211.125,profile/mve_compact/128f.log
128f,mve_compact,gf_frobenius_batch4_e3,23,8,4,6756,844.5,211.125,profile/mve_compact/128f.log
128f,mve_compact,gf_frobenius_batch4_e3,24,8,4,6756,844.5,211.125,profile/mve_compact/128f.log
128f,mve_compact,gf_frobenius_batch4_e3,25,8,4,6756,844.5,211.125,profile/mve_compact/128f.log
128f,mve_compact,gf_frobenius_batch4_e3,26,8,4,6756,844.5,211.125,profile/mve_compact/128f.log
128f,mve_compact,gf_frobenius_batch4_e3,27,8,4,6756,844.5,211.125,profile/mve_compact/128f.log
128f,mve_compact,gf_frobenius_batch4_e3,28,8,4,6756,844.5,211.125,profile/mve_compact/128f.log
128f,mve_compact,gf_frobenius_batch4_e3,29,8,4,6756,844.5,211.125,profile/mve_compact/128f.log
128f,mve_compact,gf_frobenius_batch4_e3,30,8,4,6756,844.5,211.125,profile/mve_compact/128f.log
128f,mve_compact,gf_frobenius_batch4_e7,0,8,4,12816,1602.0,400.5,profile/mve_compact/128f.log
128f,mve_compact,gf_frobenius_batch4_e7,1,8,4,12740,1592.5,398.125,profile/mve_compact/128f.log
128f,mve_compact,gf_frobenius_batch4_e7,2,8,4,12740,1592.5,398.125,profile/mve_compact/128f.log
128f,mve_compact,gf_frobenius_batch4_e7,3,8,4,12740,1592.5,398.125,profile/mve_compact/128f.log
128f,mve_compact,gf_frobenius_batch4_e7,4,8,4,12740,1592.5,398.125,profile/mve_compact/128f.log
128f,mve_compact,gf_frobenius_batch4_e7,5,8,4,12740,1592.5,398.125,profile/mve_compact/128f.log
128f,mve_compact,gf_frobenius_batch4_e7,6,8,4,12740,1592.5,398.125,profile/mve_compact/128f.log
128f,mve_compact,gf_frobenius_batch4_e7,7,8,4,12740,1592.5,398.125,profile/mve_compact/128f.log
128f,mve_compact,gf_frobenius_batch4_e7,8,8,4,12740,1592.5,398.125,profile/mve_compact/128f.log
128f,mve_compact,gf_frobenius_batch4_e7,9,8,4,12740,1592.5,398.125,profile/mve_compact/128f.log
128f,mve_compact,gf_frobenius_batch4_e7,10,8,4,12740,1592.5,398.125,profile/mve_compact/128f.log
128f,mve_compact,gf_frobenius_batch4_e7,11,8,4,12740,1592.5,398.125,profile/mve_compact/128f.log
128f,mve_compact,gf_frobenius_batch4_e7,12,8,4,12740,1592.5,398.125,profile/mve_compact/128f.log
128f,mve_compact,gf_frobenius_batch4_e7,13,8,4,12740,1592.5,398.125,profile/mve_compact/128f.log
128f,mve_compact,gf_frobenius_batch4_e7,14,8,4,12740,1592.5,398.125,profile/mve_compact/128f.log
128f,mve_compact,gf_frobenius_batch4_e7,15,8,4,12740,1592.5,398.125,profile/mve_compact/128f.log
128f,mve_compact,gf_frobenius_batch4_e7,16,8,4,12740,1592.5,398.125,profile/mve_compact/128f.log
128f,mve_compact,gf_frobenius_batch4_e7,17,8,4,12740,1592.5,398.125,profile/mve_compact/128f.log
128f,mve_compact,gf_frobenius_batch4_e7,18,8,4,12740,1592.5,398.125,profile/mve_compact/128f.log
128f,mve_compact,gf_frobenius_batch4_e7,19,8,4,12740,1592.5,398.125,profile/mve_compact/128f.log
128f,mve_compact,gf_frobenius_batch4_e7,20,8,4,12740,1592.5,398.125,profile/mve_compact/128f.log
128f,mve_compact,gf_frobenius_batch4_e7,21,8,4,12740,1592.5,398.125,profile/mve_compact/128f.log
128f,mve_compact,gf_frobenius_batch4_e7,22,8,4,12740,1592.5,398.125,profile/mve_compact/128f.log
128f,mve_compact,gf_frobenius_batch4_e7,23,8,4,12740,1592.5,398.125,profile/mve_compact/128f.log
128f,mve_compact,gf_frobenius_batch4_e7,24,8,4,12740,1592.5,398.125,profile/mve_compact/128f.log
128f,mve_compact,gf_frobenius_batch4_e7,25,8,4,12740,1592.5,398.125,profile/mve_compact/128f.log
128f,mve_compact,gf_frobenius_batch4_e7,26,8,4,12740,1592.5,398.125,profile/mve_compact/128f.log
128f,mve_compact,gf_frobenius_batch4_e7,27,8,4,12740,1592.5,398.125,profile/mve_compact/128f.log
128f,mve_compact,gf_frobenius_batch4_e7,28,8,4,12740,1592.5,398.125,profile/mve_compact/128f.log
128f,mve_compact,gf_frobenius_batch4_e7,29,8,4,12740,1592.5,398.125,profile/mve_compact/128f.log
128f,mve_compact,gf_frobenius_batch4_e7,30,8,4,12740,1592.5,398.125,profile/mve_compact/128f.log
128f,mve_compact,gf_frobenius_batch4_e11,0,8,4,18804,2350.5,587.625,profile/mve_compact/128f.log
128f,mve_compact,gf_frobenius_batch4_e11,1,8,4,18724,2340.5,585.125,profile/mve_compact/128f.log
128f,mve_compact,gf_frobenius_batch4_e11,2,8,4,18724,2340.5,585.125,profile/mve_compact/128f.log
128f,mve_compact,gf_frobenius_batch4_e11,3,8,4,18724,2340.5,585.125,profile/mve_compact/128f.log
128f,mve_compact,gf_frobenius_batch4_e11,4,8,4,18724,2340.5,585.125,profile/mve_compact/128f.log
128f,mve_compact,gf_frobenius_batch4_e11,5,8,4,18724,2340.5,585.125,profile/mve_compact/128f.log
128f,mve_compact,gf_frobenius_batch4_e11,6,8,4,18724,2340.5,585.125,profile/mve_compact/128f.log
128f,mve_compact,gf_frobenius_batch4_e11,7,8,4,18724,2340.5,585.125,profile/mve_compact/128f.log
128f,mve_compact,gf_frobenius_batch4_e11,8,8,4,18724,2340.5,585.125,profile/mve_compact/128f.log
128f,mve_compact,gf_frobenius_batch4_e11,9,8,4,18724,2340.5,585.125,profile/mve_compact/128f.log
128f,mve_compact,gf_frobenius_batch4_e11,10,8,4,18724,2340.5,585.125,profile/mve_compact/128f.log
128f,mve_compact,gf_frobenius_batch4_e11,11,8,4,18724,2340.5,585.125,profile/mve_compact/128f.log
128f,mve_compact,gf_frobenius_batch4_e11,12,8,4,18724,2340.5,585.125,profile/mve_compact/128f.log
128f,mve_compact,gf_frobenius_batch4_e11,13,8,4,18724,2340.5,585.125,profile/mve_compact/128f.log
128f,mve_compact,gf_frobenius_batch4_e11,14,8,4,18724,2340.5,585.125,profile/mve_compact/128f.log
128f,mve_compact,gf_frobenius_batch4_e11,15,8,4,18724,2340.5,585.125,profile/mve_compact/128f.log
128f,mve_compact,gf_frobenius_batch4_e11,16,8,4,18724,2340.5,585.125,profile/mve_compact/128f.log
128f,mve_compact,gf_frobenius_batch4_e11,17,8,4,18724,2340.5,585.125,profile/mve_compact/128f.log
128f,mve_compact,gf_frobenius_batch4_e11,18,8,4,18724,2340.5,585.125,profile/mve_compact/128f.log
128f,mve_compact,gf_frobenius_batch4_e11,19,8,4,18724,2340.5,585.125,profile/mve_compact/128f.log
128f,mve_compact,gf_frobenius_batch4_e11,20,8,4,18724,2340.5,585.125,profile/mve_compact/128f.log
128f,mve_compact,gf_frobenius_batch4_e11,21,8,4,18724,2340.5,585.125,profile/mve_compact/128f.log
128f,mve_compact,gf_frobenius_batch4_e11,22,8,4,18724,2340.5,585.125,profile/mve_compact/128f.log
128f,mve_compact,gf_frobenius_batch4_e11,23,8,4,18724,2340.5,585.125,profile/mve_compact/128f.log
128f,mve_compact,gf_frobenius_batch4_e11,24,8,4,18724,2340.5,585.125,profile/mve_compact/128f.log
128f,mve_compact,gf_frobenius_batch4_e11,25,8,4,18724,2340.5,585.125,profile/mve_compact/128f.log
128f,mve_compact,gf_frobenius_batch4_e11,26,8,4,18724,2340.5,585.125,profile/mve_compact/128f.log
128f,mve_compact,gf_frobenius_batch4_e11,27,8,4,18724,2340.5,585.125,profile/mve_compact/128f.log
128f,mve_compact,gf_frobenius_batch4_e11,28,8,4,18724,2340.5,585.125,profile/mve_compact/128f.log
128f,mve_compact,gf_frobenius_batch4_e11,29,8,4,18724,2340.5,585.125,profile/mve_compact/128f.log
128f,mve_compact,gf_frobenius_batch4_e11,30,8,4,18724,2340.5,585.125,profile/mve_compact/128f.log
128f,mve_compact,gf_mul_const_batch4,0,64,4,578793,9043.640625,2260.91015625,profile/mve_compact/128f.log
128f,mve_compact,gf_mul_const_batch4,1,64,4,577989,9031.078125,2257.76953125,profile/mve_compact/128f.log
128f,mve_compact,gf_mul_const_batch4,2,64,4,577989,9031.078125,2257.76953125,profile/mve_compact/128f.log
128f,mve_compact,gf_mul_const_batch4,3,64,4,577989,9031.078125,2257.76953125,profile/mve_compact/128f.log
128f,mve_compact,gf_mul_const_batch4,4,64,4,577989,9031.078125,2257.76953125,profile/mve_compact/128f.log
128f,mve_compact,gf_mul_const_batch4,5,64,4,577989,9031.078125,2257.76953125,profile/mve_compact/128f.log
128f,mve_compact,gf_mul_const_batch4,6,64,4,577989,9031.078125,2257.76953125,profile/mve_compact/128f.log
128f,mve_compact,gf_mul_const_batch4,7,64,4,577989,9031.078125,2257.76953125,profile/mve_compact/128f.log
128f,mve_compact,gf_mul_const_batch4,8,64,4,577989,9031.078125,2257.76953125,profile/mve_compact/128f.log
128f,mve_compact,gf_mul_const_batch4,9,64,4,577989,9031.078125,2257.76953125,profile/mve_compact/128f.log
128f,mve_compact,gf_mul_const_batch4,10,64,4,577989,9031.078125,2257.76953125,profile/mve_compact/128f.log
128f,mve_compact,gf_mul_const_batch4,11,64,4,577989,9031.078125,2257.76953125,profile/mve_compact/128f.log
128f,mve_compact,gf_mul_const_batch4,12,64,4,577989,9031.078125,2257.76953125,profile/mve_compact/128f.log
128f,mve_compact,gf_mul_const_batch4,13,64,4,577989,9031.078125,2257.76953125,profile/mve_compact/128f.log
128f,mve_compact,gf_mul_const_batch4,14,64,4,577989,9031.078125,2257.76953125,profile/mve_compact/128f.log
128f,mve_compact,gf_mul_const_batch4,15,64,4,577989,9031.078125,2257.76953125,profile/mve_compact/128f.log
128f,mve_compact,gf_mul_const_batch4,16,64,4,577989,9031.078125,2257.76953125,profile/mve_compact/128f.log
128f,mve_compact,gf_mul_const_batch4,17,64,4,577989,9031.078125,2257.76953125,profile/mve_compact/128f.log
128f,mve_compact,gf_mul_const_batch4,18,64,4,577989,9031.078125,2257.76953125,profile/mve_compact/128f.log
128f,mve_compact,gf_mul_const_batch4,19,64,4,577989,9031.078125,2257.76953125,profile/mve_compact/128f.log
128f,mve_compact,gf_mul_const_batch4,20,64,4,577989,9031.078125,2257.76953125,profile/mve_compact/128f.log
128f,mve_compact,gf_mul_const_batch4,21,64,4,577989,9031.078125,2257.76953125,profile/mve_compact/128f.log
128f,mve_compact,gf_mul_const_batch4,22,64,4,577989,9031.078125,2257.76953125,profile/mve_compact/128f.log
128f,mve_compact,gf_mul_const_batch4,23,64,4,577989,9031.078125,2257.76953125,profile/mve_compact/128f.log
128f,mve_compact,gf_mul_const_batch4,24,64,4,577989,9031.078125,2257.76953125,profile/mve_compact/128f.log
128f,mve_compact,gf_mul_const_batch4,25,64,4,577989,9031.078125,2257.76953125,profile/mve_compact/128f.log
128f,mve_compact,gf_mul_const_batch4,26,64,4,577989,9031.078125,2257.76953125,profile/mve_compact/128f.log
128f,mve_compact,gf_mul_const_batch4,27,64,4,577990,9031.09375,2257.7734375,profile/mve_compact/128f.log
128f,mve_compact,gf_mul_const_batch4,28,64,4,577989,9031.078125,2257.76953125,profile/mve_compact/128f.log
128f,mve_compact,gf_mul_const_batch4,29,64,4,577989,9031.078125,2257.76953125,profile/mve_compact/128f.log
128f,mve_compact,gf_mul_const_batch4,30,64,4,577989,9031.078125,2257.76953125,profile/mve_compact/128f.log
128f,mve_compact,aim3_mpc_batch4,0,8,4,564120,70515.0,17628.75,profile/mve_compact/128f.log
128f,mve_compact,aim3_mpc_batch4,1,8,4,563007,70375.875,17593.96875,profile/mve_compact/128f.log
128f,mve_compact,aim3_mpc_batch4,2,8,4,563007,70375.875,17593.96875,profile/mve_compact/128f.log
128f,mve_compact,aim3_mpc_batch4,3,8,4,563007,70375.875,17593.96875,profile/mve_compact/128f.log
128f,mve_compact,aim3_mpc_batch4,4,8,4,563007,70375.875,17593.96875,profile/mve_compact/128f.log
128f,mve_compact,aim3_mpc_batch4,5,8,4,563007,70375.875,17593.96875,profile/mve_compact/128f.log
128f,mve_compact,aim3_mpc_batch4,6,8,4,563007,70375.875,17593.96875,profile/mve_compact/128f.log
128f,mve_compact,aim3_mpc_batch4,7,8,4,563007,70375.875,17593.96875,profile/mve_compact/128f.log
128f,mve_compact,aim3_mpc_batch4,8,8,4,563007,70375.875,17593.96875,profile/mve_compact/128f.log
128f,mve_compact,aim3_mpc_batch4,9,8,4,563007,70375.875,17593.96875,profile/mve_compact/128f.log
128f,mve_compact,aim3_mpc_batch4,10,8,4,563007,70375.875,17593.96875,profile/mve_compact/128f.log
128f,mve_compact,aim3_mpc_batch4,11,8,4,563007,70375.875,17593.96875,profile/mve_compact/128f.log
128f,mve_compact,aim3_mpc_batch4,12,8,4,563007,70375.875,17593.96875,profile/mve_compact/128f.log
128f,mve_compact,aim3_mpc_batch4,13,8,4,563007,70375.875,17593.96875,profile/mve_compact/128f.log
128f,mve_compact,aim3_mpc_batch4,14,8,4,563007,70375.875,17593.96875,profile/mve_compact/128f.log
128f,mve_compact,aim3_mpc_batch4,15,8,4,563007,70375.875,17593.96875,profile/mve_compact/128f.log
128f,mve_compact,aim3_mpc_batch4,16,8,4,563007,70375.875,17593.96875,profile/mve_compact/128f.log
128f,mve_compact,aim3_mpc_batch4,17,8,4,563007,70375.875,17593.96875,profile/mve_compact/128f.log
128f,mve_compact,aim3_mpc_batch4,18,8,4,563007,70375.875,17593.96875,profile/mve_compact/128f.log
128f,mve_compact,aim3_mpc_batch4,19,8,4,563007,70375.875,17593.96875,profile/mve_compact/128f.log
128f,mve_compact,aim3_mpc_batch4,20,8,4,563007,70375.875,17593.96875,profile/mve_compact/128f.log
128f,mve_compact,aim3_mpc_batch4,21,8,4,563007,70375.875,17593.96875,profile/mve_compact/128f.log
128f,mve_compact,aim3_mpc_batch4,22,8,4,563007,70375.875,17593.96875,profile/mve_compact/128f.log
128f,mve_compact,aim3_mpc_batch4,23,8,4,563007,70375.875,17593.96875,profile/mve_compact/128f.log
128f,mve_compact,aim3_mpc_batch4,24,8,4,563007,70375.875,17593.96875,profile/mve_compact/128f.log
128f,mve_compact,aim3_mpc_batch4,25,8,4,563007,70375.875,17593.96875,profile/mve_compact/128f.log
128f,mve_compact,aim3_mpc_batch4,26,8,4,563007,70375.875,17593.96875,profile/mve_compact/128f.log
128f,mve_compact,aim3_mpc_batch4,27,8,4,563007,70375.875,17593.96875,profile/mve_compact/128f.log
128f,mve_compact,aim3_mpc_batch4,28,8,4,563007,70375.875,17593.96875,profile/mve_compact/128f.log
128f,mve_compact,aim3_mpc_batch4,29,8,4,563007,70375.875,17593.96875,profile/mve_compact/128f.log
128f,mve_compact,aim3_mpc_batch4,30,8,4,563007,70375.875,17593.96875,profile/mve_compact/128f.log
128f,mve_compact,aim3_mpc_batch4_affine,0,8,4,521458,65182.25,16295.5625,profile/mve_compact/128f.log
128f,mve_compact,aim3_mpc_batch4_affine,1,8,4,520865,65108.125,16277.03125,profile/mve_compact/128f.log
128f,mve_compact,aim3_mpc_batch4_affine,2,8,4,520865,65108.125,16277.03125,profile/mve_compact/128f.log
128f,mve_compact,aim3_mpc_batch4_affine,3,8,4,520865,65108.125,16277.03125,profile/mve_compact/128f.log
128f,mve_compact,aim3_mpc_batch4_affine,4,8,4,520865,65108.125,16277.03125,profile/mve_compact/128f.log
128f,mve_compact,aim3_mpc_batch4_affine,5,8,4,520865,65108.125,16277.03125,profile/mve_compact/128f.log
128f,mve_compact,aim3_mpc_batch4_affine,6,8,4,520865,65108.125,16277.03125,profile/mve_compact/128f.log
128f,mve_compact,aim3_mpc_batch4_affine,7,8,4,520865,65108.125,16277.03125,profile/mve_compact/128f.log
128f,mve_compact,aim3_mpc_batch4_affine,8,8,4,520865,65108.125,16277.03125,profile/mve_compact/128f.log
128f,mve_compact,aim3_mpc_batch4_affine,9,8,4,520865,65108.125,16277.03125,profile/mve_compact/128f.log
128f,mve_compact,aim3_mpc_batch4_affine,10,8,4,520865,65108.125,16277.03125,profile/mve_compact/128f.log
128f,mve_compact,aim3_mpc_batch4_affine,11,8,4,520865,65108.125,16277.03125,profile/mve_compact/128f.log
128f,mve_compact,aim3_mpc_batch4_affine,12,8,4,520865,65108.125,16277.03125,profile/mve_compact/128f.log
128f,mve_compact,aim3_mpc_batch4_affine,13,8,4,520865,65108.125,16277.03125,profile/mve_compact/128f.log
128f,mve_compact,aim3_mpc_batch4_affine,14,8,4,520865,65108.125,16277.03125,profile/mve_compact/128f.log
128f,mve_compact,aim3_mpc_batch4_affine,15,8,4,520865,65108.125,16277.03125,profile/mve_compact/128f.log
128f,mve_compact,aim3_mpc_batch4_affine,16,8,4,520865,65108.125,16277.03125,profile/mve_compact/128f.log
128f,mve_compact,aim3_mpc_batch4_affine,17,8,4,520865,65108.125,16277.03125,profile/mve_compact/128f.log
128f,mve_compact,aim3_mpc_batch4_affine,18,8,4,520865,65108.125,16277.03125,profile/mve_compact/128f.log
128f,mve_compact,aim3_mpc_batch4_affine,19,8,4,520865,65108.125,16277.03125,profile/mve_compact/128f.log
128f,mve_compact,aim3_mpc_batch4_affine,20,8,4,520865,65108.125,16277.03125,profile/mve_compact/128f.log
128f,mve_compact,aim3_mpc_batch4_affine,21,8,4,520865,65108.125,16277.03125,profile/mve_compact/128f.log
128f,mve_compact,aim3_mpc_batch4_affine,22,8,4,520865,65108.125,16277.03125,profile/mve_compact/128f.log
128f,mve_compact,aim3_mpc_batch4_affine,23,8,4,520865,65108.125,16277.03125,profile/mve_compact/128f.log
128f,mve_compact,aim3_mpc_batch4_affine,24,8,4,520865,65108.125,16277.03125,profile/mve_compact/128f.log
128f,mve_compact,aim3_mpc_batch4_affine,25,8,4,520865,65108.125,16277.03125,profile/mve_compact/128f.log
128f,mve_compact,aim3_mpc_batch4_affine,26,8,4,520865,65108.125,16277.03125,profile/mve_compact/128f.log
128f,mve_compact,aim3_mpc_batch4_affine,27,8,4,520865,65108.125,16277.03125,profile/mve_compact/128f.log
128f,mve_compact,aim3_mpc_batch4_affine,28,8,4,520865,65108.125,16277.03125,profile/mve_compact/128f.log
128f,mve_compact,aim3_mpc_batch4_affine,29,8,4,520865,65108.125,16277.03125,profile/mve_compact/128f.log
128f,mve_compact,aim3_mpc_batch4_affine,30,8,4,520865,65108.125,16277.03125,profile/mve_compact/128f.log
128f,mve_compact,aim3_mpc_batch4_frobenius,0,8,4,41856,5232.0,1308.0,profile/mve_compact/128f.log
128f,mve_compact,aim3_mpc_batch4_frobenius,1,8,4,41608,5201.0,1300.25,profile/mve_compact/128f.log
128f,mve_compact,aim3_mpc_batch4_frobenius,2,8,4,41608,5201.0,1300.25,profile/mve_compact/128f.log
128f,mve_compact,aim3_mpc_batch4_frobenius,3,8,4,41608,5201.0,1300.25,profile/mve_compact/128f.log
128f,mve_compact,aim3_mpc_batch4_frobenius,4,8,4,41608,5201.0,1300.25,profile/mve_compact/128f.log
128f,mve_compact,aim3_mpc_batch4_frobenius,5,8,4,41608,5201.0,1300.25,profile/mve_compact/128f.log
128f,mve_compact,aim3_mpc_batch4_frobenius,6,8,4,41608,5201.0,1300.25,profile/mve_compact/128f.log
128f,mve_compact,aim3_mpc_batch4_frobenius,7,8,4,41608,5201.0,1300.25,profile/mve_compact/128f.log
128f,mve_compact,aim3_mpc_batch4_frobenius,8,8,4,41608,5201.0,1300.25,profile/mve_compact/128f.log
128f,mve_compact,aim3_mpc_batch4_frobenius,9,8,4,41608,5201.0,1300.25,profile/mve_compact/128f.log
128f,mve_compact,aim3_mpc_batch4_frobenius,10,8,4,41608,5201.0,1300.25,profile/mve_compact/128f.log
128f,mve_compact,aim3_mpc_batch4_frobenius,11,8,4,41608,5201.0,1300.25,profile/mve_compact/128f.log
128f,mve_compact,aim3_mpc_batch4_frobenius,12,8,4,41608,5201.0,1300.25,profile/mve_compact/128f.log
128f,mve_compact,aim3_mpc_batch4_frobenius,13,8,4,41608,5201.0,1300.25,profile/mve_compact/128f.log
128f,mve_compact,aim3_mpc_batch4_frobenius,14,8,4,41608,5201.0,1300.25,profile/mve_compact/128f.log
128f,mve_compact,aim3_mpc_batch4_frobenius,15,8,4,41608,5201.0,1300.25,profile/mve_compact/128f.log
128f,mve_compact,aim3_mpc_batch4_frobenius,16,8,4,41608,5201.0,1300.25,profile/mve_compact/128f.log
128f,mve_compact,aim3_mpc_batch4_frobenius,17,8,4,41608,5201.0,1300.25,profile/mve_compact/128f.log
128f,mve_compact,aim3_mpc_batch4_frobenius,18,8,4,41608,5201.0,1300.25,profile/mve_compact/128f.log
128f,mve_compact,aim3_mpc_batch4_frobenius,19,8,4,41608,5201.0,1300.25,profile/mve_compact/128f.log
128f,mve_compact,aim3_mpc_batch4_frobenius,20,8,4,41608,5201.0,1300.25,profile/mve_compact/128f.log
128f,mve_compact,aim3_mpc_batch4_frobenius,21,8,4,41608,5201.0,1300.25,profile/mve_compact/128f.log
128f,mve_compact,aim3_mpc_batch4_frobenius,22,8,4,41608,5201.0,1300.25,profile/mve_compact/128f.log
128f,mve_compact,aim3_mpc_batch4_frobenius,23,8,4,41608,5201.0,1300.25,profile/mve_compact/128f.log
128f,mve_compact,aim3_mpc_batch4_frobenius,24,8,4,41608,5201.0,1300.25,profile/mve_compact/128f.log
128f,mve_compact,aim3_mpc_batch4_frobenius,25,8,4,41608,5201.0,1300.25,profile/mve_compact/128f.log
128f,mve_compact,aim3_mpc_batch4_frobenius,26,8,4,41608,5201.0,1300.25,profile/mve_compact/128f.log
128f,mve_compact,aim3_mpc_batch4_frobenius,27,8,4,41608,5201.0,1300.25,profile/mve_compact/128f.log
128f,mve_compact,aim3_mpc_batch4_frobenius,28,8,4,41608,5201.0,1300.25,profile/mve_compact/128f.log
128f,mve_compact,aim3_mpc_batch4_frobenius,29,8,4,41608,5201.0,1300.25,profile/mve_compact/128f.log
128f,mve_compact,aim3_mpc_batch4_frobenius,30,8,4,41608,5201.0,1300.25,profile/mve_compact/128f.log
128f,mve_compact,aim3_mpc_scalar,0,8,1,171790,21473.75,21473.75,profile/mve_compact/128f.log
128f,mve_compact,aim3_mpc_scalar,1,8,1,171423,21427.875,21427.875,profile/mve_compact/128f.log
128f,mve_compact,aim3_mpc_scalar,2,8,1,171423,21427.875,21427.875,profile/mve_compact/128f.log
128f,mve_compact,aim3_mpc_scalar,3,8,1,171423,21427.875,21427.875,profile/mve_compact/128f.log
128f,mve_compact,aim3_mpc_scalar,4,8,1,171423,21427.875,21427.875,profile/mve_compact/128f.log
128f,mve_compact,aim3_mpc_scalar,5,8,1,171423,21427.875,21427.875,profile/mve_compact/128f.log
128f,mve_compact,aim3_mpc_scalar,6,8,1,171423,21427.875,21427.875,profile/mve_compact/128f.log
128f,mve_compact,aim3_mpc_scalar,7,8,1,171423,21427.875,21427.875,profile/mve_compact/128f.log
128f,mve_compact,aim3_mpc_scalar,8,8,1,171423,21427.875,21427.875,profile/mve_compact/128f.log
128f,mve_compact,aim3_mpc_scalar,9,8,1,171423,21427.875,21427.875,profile/mve_compact/128f.log
128f,mve_compact,aim3_mpc_scalar,10,8,1,171423,21427.875,21427.875,profile/mve_compact/128f.log
128f,mve_compact,aim3_mpc_scalar,11,8,1,171423,21427.875,21427.875,profile/mve_compact/128f.log
128f,mve_compact,aim3_mpc_scalar,12,8,1,171423,21427.875,21427.875,profile/mve_compact/128f.log
128f,mve_compact,aim3_mpc_scalar,13,8,1,171423,21427.875,21427.875,profile/mve_compact/128f.log
128f,mve_compact,aim3_mpc_scalar,14,8,1,171423,21427.875,21427.875,profile/mve_compact/128f.log
128f,mve_compact,aim3_mpc_scalar,15,8,1,171423,21427.875,21427.875,profile/mve_compact/128f.log
128f,mve_compact,aim3_mpc_scalar,16,8,1,171423,21427.875,21427.875,profile/mve_compact/128f.log
128f,mve_compact,aim3_mpc_scalar,17,8,1,171423,21427.875,21427.875,profile/mve_compact/128f.log
128f,mve_compact,aim3_mpc_scalar,18,8,1,171423,21427.875,21427.875,profile/mve_compact/128f.log
128f,mve_compact,aim3_mpc_scalar,19,8,1,171423,21427.875,21427.875,profile/mve_compact/128f.log
128f,mve_compact,aim3_mpc_scalar,20,8,1,171423,21427.875,21427.875,profile/mve_compact/128f.log
128f,mve_compact,aim3_mpc_scalar,21,8,1,171423,21427.875,21427.875,profile/mve_compact/128f.log
128f,mve_compact,aim3_mpc_scalar,22,8,1,171423,21427.875,21427.875,profile/mve_compact/128f.log
128f,mve_compact,aim3_mpc_scalar,23,8,1,171423,21427.875,21427.875,profile/mve_compact/128f.log
128f,mve_compact,aim3_mpc_scalar,24,8,1,171423,21427.875,21427.875,profile/mve_compact/128f.log
128f,mve_compact,aim3_mpc_scalar,25,8,1,171423,21427.875,21427.875,profile/mve_compact/128f.log
128f,mve_compact,aim3_mpc_scalar,26,8,1,171423,21427.875,21427.875,profile/mve_compact/128f.log
128f,mve_compact,aim3_mpc_scalar,27,8,1,171423,21427.875,21427.875,profile/mve_compact/128f.log
128f,mve_compact,aim3_mpc_scalar,28,8,1,171423,21427.875,21427.875,profile/mve_compact/128f.log
128f,mve_compact,aim3_mpc_scalar,29,8,1,171423,21427.875,21427.875,profile/mve_compact/128f.log
128f,mve_compact,aim3_mpc_scalar,30,8,1,171423,21427.875,21427.875,profile/mve_compact/128f.log
128s,mve_compact,gf_mul,0,64,1,48492,757.6875,757.6875,profile/mve_compact/128s.log
128s,mve_compact,gf_mul,1,64,1,47750,746.09375,746.09375,profile/mve_compact/128s.log
128s,mve_compact,gf_mul,2,64,1,47750,746.09375,746.09375,profile/mve_compact/128s.log
128s,mve_compact,gf_mul,3,64,1,47750,746.09375,746.09375,profile/mve_compact/128s.log
128s,mve_compact,gf_mul,4,64,1,47750,746.09375,746.09375,profile/mve_compact/128s.log
128s,mve_compact,gf_mul,5,64,1,47750,746.09375,746.09375,profile/mve_compact/128s.log
128s,mve_compact,gf_mul,6,64,1,47750,746.09375,746.09375,profile/mve_compact/128s.log
128s,mve_compact,gf_mul,7,64,1,47750,746.09375,746.09375,profile/mve_compact/128s.log
128s,mve_compact,gf_mul,8,64,1,47750,746.09375,746.09375,profile/mve_compact/128s.log
128s,mve_compact,gf_mul,9,64,1,47750,746.09375,746.09375,profile/mve_compact/128s.log
128s,mve_compact,gf_mul,10,64,1,47750,746.09375,746.09375,profile/mve_compact/128s.log
128s,mve_compact,gf_mul,11,64,1,47750,746.09375,746.09375,profile/mve_compact/128s.log
128s,mve_compact,gf_mul,12,64,1,47750,746.09375,746.09375,profile/mve_compact/128s.log
128s,mve_compact,gf_mul,13,64,1,47750,746.09375,746.09375,profile/mve_compact/128s.log
128s,mve_compact,gf_mul,14,64,1,47750,746.09375,746.09375,profile/mve_compact/128s.log
128s,mve_compact,gf_mul,15,64,1,47750,746.09375,746.09375,profile/mve_compact/128s.log
128s,mve_compact,gf_mul,16,64,1,47750,746.09375,746.09375,profile/mve_compact/128s.log
128s,mve_compact,gf_mul,17,64,1,47750,746.09375,746.09375,profile/mve_compact/128s.log
128s,mve_compact,gf_mul,18,64,1,47750,746.09375,746.09375,profile/mve_compact/128s.log
128s,mve_compact,gf_mul,19,64,1,47750,746.09375,746.09375,profile/mve_compact/128s.log
128s,mve_compact,gf_mul,20,64,1,47750,746.09375,746.09375,profile/mve_compact/128s.log
128s,mve_compact,gf_mul,21,64,1,47750,746.09375,746.09375,profile/mve_compact/128s.log
128s,mve_compact,gf_mul,22,64,1,47750,746.09375,746.09375,profile/mve_compact/128s.log
128s,mve_compact,gf_mul,23,64,1,47750,746.09375,746.09375,profile/mve_compact/128s.log
128s,mve_compact,gf_mul,24,64,1,47750,746.09375,746.09375,profile/mve_compact/128s.log
128s,mve_compact,gf_mul,25,64,1,47750,746.09375,746.09375,profile/mve_compact/128s.log
128s,mve_compact,gf_mul,26,64,1,47750,746.09375,746.09375,profile/mve_compact/128s.log
128s,mve_compact,gf_mul,27,64,1,47750,746.09375,746.09375,profile/mve_compact/128s.log
128s,mve_compact,gf_mul,28,64,1,47750,746.09375,746.09375,profile/mve_compact/128s.log
128s,mve_compact,gf_mul,29,64,1,47750,746.09375,746.09375,profile/mve_compact/128s.log
128s,mve_compact,gf_mul,30,64,1,47750,746.09375,746.09375,profile/mve_compact/128s.log
128s,mve_compact,gf_sqr,0,64,1,16608,259.5,259.5,profile/mve_compact/128s.log
128s,mve_compact,gf_sqr,1,64,1,16006,250.09375,250.09375,profile/mve_compact/128s.log
128s,mve_compact,gf_sqr,2,64,1,16006,250.09375,250.09375,profile/mve_compact/128s.log
128s,mve_compact,gf_sqr,3,64,1,16006,250.09375,250.09375,profile/mve_compact/128s.log
128s,mve_compact,gf_sqr,4,64,1,16006,250.09375,250.09375,profile/mve_compact/128s.log
128s,mve_compact,gf_sqr,5,64,1,16006,250.09375,250.09375,profile/mve_compact/128s.log
128s,mve_compact,gf_sqr,6,64,1,16006,250.09375,250.09375,profile/mve_compact/128s.log
128s,mve_compact,gf_sqr,7,64,1,16006,250.09375,250.09375,profile/mve_compact/128s.log
128s,mve_compact,gf_sqr,8,64,1,16006,250.09375,250.09375,profile/mve_compact/128s.log
128s,mve_compact,gf_sqr,9,64,1,16006,250.09375,250.09375,profile/mve_compact/128s.log
128s,mve_compact,gf_sqr,10,64,1,16006,250.09375,250.09375,profile/mve_compact/128s.log
128s,mve_compact,gf_sqr,11,64,1,16006,250.09375,250.09375,profile/mve_compact/128s.log
128s,mve_compact,gf_sqr,12,64,1,16006,250.09375,250.09375,profile/mve_compact/128s.log
128s,mve_compact,gf_sqr,13,64,1,16006,250.09375,250.09375,profile/mve_compact/128s.log
128s,mve_compact,gf_sqr,14,64,1,16006,250.09375,250.09375,profile/mve_compact/128s.log
128s,mve_compact,gf_sqr,15,64,1,16006,250.09375,250.09375,profile/mve_compact/128s.log
128s,mve_compact,gf_sqr,16,64,1,16006,250.09375,250.09375,profile/mve_compact/128s.log
128s,mve_compact,gf_sqr,17,64,1,16006,250.09375,250.09375,profile/mve_compact/128s.log
128s,mve_compact,gf_sqr,18,64,1,16006,250.09375,250.09375,profile/mve_compact/128s.log
128s,mve_compact,gf_sqr,19,64,1,16006,250.09375,250.09375,profile/mve_compact/128s.log
128s,mve_compact,gf_sqr,20,64,1,16006,250.09375,250.09375,profile/mve_compact/128s.log
128s,mve_compact,gf_sqr,21,64,1,16006,250.09375,250.09375,profile/mve_compact/128s.log
128s,mve_compact,gf_sqr,22,64,1,16006,250.09375,250.09375,profile/mve_compact/128s.log
128s,mve_compact,gf_sqr,23,64,1,16006,250.09375,250.09375,profile/mve_compact/128s.log
128s,mve_compact,gf_sqr,24,64,1,16006,250.09375,250.09375,profile/mve_compact/128s.log
128s,mve_compact,gf_sqr,25,64,1,16006,250.09375,250.09375,profile/mve_compact/128s.log
128s,mve_compact,gf_sqr,26,64,1,16006,250.09375,250.09375,profile/mve_compact/128s.log
128s,mve_compact,gf_sqr,27,64,1,16006,250.09375,250.09375,profile/mve_compact/128s.log
128s,mve_compact,gf_sqr,28,64,1,16006,250.09375,250.09375,profile/mve_compact/128s.log
128s,mve_compact,gf_sqr,29,64,1,16006,250.09375,250.09375,profile/mve_compact/128s.log
128s,mve_compact,gf_sqr,30,64,1,16006,250.09375,250.09375,profile/mve_compact/128s.log
128s,mve_compact,gf_inv,0,8,1,1006162,125770.25,125770.25,profile/mve_compact/128s.log
128s,mve_compact,gf_inv,1,8,1,1006054,125756.75,125756.75,profile/mve_compact/128s.log
128s,mve_compact,gf_inv,2,8,1,1006054,125756.75,125756.75,profile/mve_compact/128s.log
128s,mve_compact,gf_inv,3,8,1,1006054,125756.75,125756.75,profile/mve_compact/128s.log
128s,mve_compact,gf_inv,4,8,1,1006054,125756.75,125756.75,profile/mve_compact/128s.log
128s,mve_compact,gf_inv,5,8,1,1006054,125756.75,125756.75,profile/mve_compact/128s.log
128s,mve_compact,gf_inv,6,8,1,1006054,125756.75,125756.75,profile/mve_compact/128s.log
128s,mve_compact,gf_inv,7,8,1,1006054,125756.75,125756.75,profile/mve_compact/128s.log
128s,mve_compact,gf_inv,8,8,1,1006054,125756.75,125756.75,profile/mve_compact/128s.log
128s,mve_compact,gf_inv,9,8,1,1006054,125756.75,125756.75,profile/mve_compact/128s.log
128s,mve_compact,gf_inv,10,8,1,1006054,125756.75,125756.75,profile/mve_compact/128s.log
128s,mve_compact,gf_inv,11,8,1,1006054,125756.75,125756.75,profile/mve_compact/128s.log
128s,mve_compact,gf_inv,12,8,1,1006054,125756.75,125756.75,profile/mve_compact/128s.log
128s,mve_compact,gf_inv,13,8,1,1006054,125756.75,125756.75,profile/mve_compact/128s.log
128s,mve_compact,gf_inv,14,8,1,1006054,125756.75,125756.75,profile/mve_compact/128s.log
128s,mve_compact,gf_inv,15,8,1,1006054,125756.75,125756.75,profile/mve_compact/128s.log
128s,mve_compact,gf_inv,16,8,1,1006054,125756.75,125756.75,profile/mve_compact/128s.log
128s,mve_compact,gf_inv,17,8,1,1006054,125756.75,125756.75,profile/mve_compact/128s.log
128s,mve_compact,gf_inv,18,8,1,1006054,125756.75,125756.75,profile/mve_compact/128s.log
128s,mve_compact,gf_inv,19,8,1,1006055,125756.875,125756.875,profile/mve_compact/128s.log
128s,mve_compact,gf_inv,20,8,1,1006054,125756.75,125756.75,profile/mve_compact/128s.log
128s,mve_compact,gf_inv,21,8,1,1006054,125756.75,125756.75,profile/mve_compact/128s.log
128s,mve_compact,gf_inv,22,8,1,1006054,125756.75,125756.75,profile/mve_compact/128s.log
128s,mve_compact,gf_inv,23,8,1,1006054,125756.75,125756.75,profile/mve_compact/128s.log
128s,mve_compact,gf_inv,24,8,1,1006054,125756.75,125756.75,profile/mve_compact/128s.log
128s,mve_compact,gf_inv,25,8,1,1006054,125756.75,125756.75,profile/mve_compact/128s.log
128s,mve_compact,gf_inv,26,8,1,1006054,125756.75,125756.75,profile/mve_compact/128s.log
128s,mve_compact,gf_inv,27,8,1,1006054,125756.75,125756.75,profile/mve_compact/128s.log
128s,mve_compact,gf_inv,28,8,1,1006054,125756.75,125756.75,profile/mve_compact/128s.log
128s,mve_compact,gf_inv,29,8,1,1006054,125756.75,125756.75,profile/mve_compact/128s.log
128s,mve_compact,gf_inv,30,8,1,1006054,125756.75,125756.75,profile/mve_compact/128s.log
128s,mve_compact,gf_mat_vec_mul,0,64,1,256047,4000.734375,4000.734375,profile/mve_compact/128s.log
128s,mve_compact,gf_mat_vec_mul,1,64,1,255814,3997.09375,3997.09375,profile/mve_compact/128s.log
128s,mve_compact,gf_mat_vec_mul,2,64,1,255814,3997.09375,3997.09375,profile/mve_compact/128s.log
128s,mve_compact,gf_mat_vec_mul,3,64,1,255814,3997.09375,3997.09375,profile/mve_compact/128s.log
128s,mve_compact,gf_mat_vec_mul,4,64,1,255814,3997.09375,3997.09375,profile/mve_compact/128s.log
128s,mve_compact,gf_mat_vec_mul,5,64,1,255814,3997.09375,3997.09375,profile/mve_compact/128s.log
128s,mve_compact,gf_mat_vec_mul,6,64,1,255814,3997.09375,3997.09375,profile/mve_compact/128s.log
128s,mve_compact,gf_mat_vec_mul,7,64,1,255814,3997.09375,3997.09375,profile/mve_compact/128s.log
128s,mve_compact,gf_mat_vec_mul,8,64,1,255814,3997.09375,3997.09375,profile/mve_compact/128s.log
128s,mve_compact,gf_mat_vec_mul,9,64,1,255814,3997.09375,3997.09375,profile/mve_compact/128s.log
128s,mve_compact,gf_mat_vec_mul,10,64,1,255814,3997.09375,3997.09375,profile/mve_compact/128s.log
128s,mve_compact,gf_mat_vec_mul,11,64,1,255814,3997.09375,3997.09375,profile/mve_compact/128s.log
128s,mve_compact,gf_mat_vec_mul,12,64,1,255814,3997.09375,3997.09375,profile/mve_compact/128s.log
128s,mve_compact,gf_mat_vec_mul,13,64,1,255814,3997.09375,3997.09375,profile/mve_compact/128s.log
128s,mve_compact,gf_mat_vec_mul,14,64,1,255814,3997.09375,3997.09375,profile/mve_compact/128s.log
128s,mve_compact,gf_mat_vec_mul,15,64,1,255814,3997.09375,3997.09375,profile/mve_compact/128s.log
128s,mve_compact,gf_mat_vec_mul,16,64,1,255814,3997.09375,3997.09375,profile/mve_compact/128s.log
128s,mve_compact,gf_mat_vec_mul,17,64,1,255814,3997.09375,3997.09375,profile/mve_compact/128s.log
128s,mve_compact,gf_mat_vec_mul,18,64,1,255814,3997.09375,3997.09375,profile/mve_compact/128s.log
128s,mve_compact,gf_mat_vec_mul,19,64,1,255814,3997.09375,3997.09375,profile/mve_compact/128s.log
128s,mve_compact,gf_mat_vec_mul,20,64,1,255814,3997.09375,3997.09375,profile/mve_compact/128s.log
128s,mve_compact,gf_mat_vec_mul,21,64,1,255814,3997.09375,3997.09375,profile/mve_compact/128s.log
128s,mve_compact,gf_mat_vec_mul,22,64,1,255814,3997.09375,3997.09375,profile/mve_compact/128s.log
128s,mve_compact,gf_mat_vec_mul,23,64,1,255814,3997.09375,3997.09375,profile/mve_compact/128s.log
128s,mve_compact,gf_mat_vec_mul,24,64,1,255814,3997.09375,3997.09375,profile/mve_compact/128s.log
128s,mve_compact,gf_mat_vec_mul,25,64,1,255814,3997.09375,3997.09375,profile/mve_compact/128s.log
128s,mve_compact,gf_mat_vec_mul,26,64,1,255814,3997.09375,3997.09375,profile/mve_compact/128s.log
128s,mve_compact,gf_mat_vec_mul,27,64,1,255814,3997.09375,3997.09375,profile/mve_compact/128s.log
128s,mve_compact,gf_mat_vec_mul,28,64,1,255814,3997.09375,3997.09375,profile/mve_compact/128s.log
128s,mve_compact,gf_mat_vec_mul,29,64,1,255814,3997.09375,3997.09375,profile/mve_compact/128s.log
128s,mve_compact,gf_mat_vec_mul,30,64,1,255814,3997.09375,3997.09375,profile/mve_compact/128s.log
128s,mve_compact,gf_mat_vec_mul_add,0,64,1,257765,4027.578125,4027.578125,profile/mve_compact/128s.log
128s,mve_compact,gf_mat_vec_mul_add,1,64,1,257735,4027.109375,4027.109375,profile/mve_compact/128s.log
128s,mve_compact,gf_mat_vec_mul_add,2,64,1,257735,4027.109375,4027.109375,profile/mve_compact/128s.log
128s,mve_compact,gf_mat_vec_mul_add,3,64,1,257735,4027.109375,4027.109375,profile/mve_compact/128s.log
128s,mve_compact,gf_mat_vec_mul_add,4,64,1,257735,4027.109375,4027.109375,profile/mve_compact/128s.log
128s,mve_compact,gf_mat_vec_mul_add,5,64,1,257735,4027.109375,4027.109375,profile/mve_compact/128s.log
128s,mve_compact,gf_mat_vec_mul_add,6,64,1,257735,4027.109375,4027.109375,profile/mve_compact/128s.log
128s,mve_compact,gf_mat_vec_mul_add,7,64,1,257735,4027.109375,4027.109375,profile/mve_compact/128s.log
128s,mve_compact,gf_mat_vec_mul_add,8,64,1,257735,4027.109375,4027.109375,profile/mve_compact/128s.log
128s,mve_compact,gf_mat_vec_mul_add,9,64,1,257735,4027.109375,4027.109375,profile/mve_compact/128s.log
128s,mve_compact,gf_mat_vec_mul_add,10,64,1,257735,4027.109375,4027.109375,profile/mve_compact/128s.log
128s,mve_compact,gf_mat_vec_mul_add,11,64,1,257735,4027.109375,4027.109375,profile/mve_compact/128s.log
128s,mve_compact,gf_mat_vec_mul_add,12,64,1,257735,4027.109375,4027.109375,profile/mve_compact/128s.log
128s,mve_compact,gf_mat_vec_mul_add,13,64,1,257735,4027.109375,4027.109375,profile/mve_compact/128s.log
128s,mve_compact,gf_mat_vec_mul_add,14,64,1,257735,4027.109375,4027.109375,profile/mve_compact/128s.log
128s,mve_compact,gf_mat_vec_mul_add,15,64,1,257735,4027.109375,4027.109375,profile/mve_compact/128s.log
128s,mve_compact,gf_mat_vec_mul_add,16,64,1,257735,4027.109375,4027.109375,profile/mve_compact/128s.log
128s,mve_compact,gf_mat_vec_mul_add,17,64,1,257735,4027.109375,4027.109375,profile/mve_compact/128s.log
128s,mve_compact,gf_mat_vec_mul_add,18,64,1,257735,4027.109375,4027.109375,profile/mve_compact/128s.log
128s,mve_compact,gf_mat_vec_mul_add,19,64,1,257735,4027.109375,4027.109375,profile/mve_compact/128s.log
128s,mve_compact,gf_mat_vec_mul_add,20,64,1,257735,4027.109375,4027.109375,profile/mve_compact/128s.log
128s,mve_compact,gf_mat_vec_mul_add,21,64,1,257735,4027.109375,4027.109375,profile/mve_compact/128s.log
128s,mve_compact,gf_mat_vec_mul_add,22,64,1,257735,4027.109375,4027.109375,profile/mve_compact/128s.log
128s,mve_compact,gf_mat_vec_mul_add,23,64,1,257735,4027.109375,4027.109375,profile/mve_compact/128s.log
128s,mve_compact,gf_mat_vec_mul_add,24,64,1,257735,4027.109375,4027.109375,profile/mve_compact/128s.log
128s,mve_compact,gf_mat_vec_mul_add,25,64,1,257735,4027.109375,4027.109375,profile/mve_compact/128s.log
128s,mve_compact,gf_mat_vec_mul_add,26,64,1,257735,4027.109375,4027.109375,profile/mve_compact/128s.log
128s,mve_compact,gf_mat_vec_mul_add,27,64,1,257735,4027.109375,4027.109375,profile/mve_compact/128s.log
128s,mve_compact,gf_mat_vec_mul_add,28,64,1,257735,4027.109375,4027.109375,profile/mve_compact/128s.log
128s,mve_compact,gf_mat_vec_mul_add,29,64,1,257735,4027.109375,4027.109375,profile/mve_compact/128s.log
128s,mve_compact,gf_mat_vec_mul_add,30,64,1,257735,4027.109375,4027.109375,profile/mve_compact/128s.log
128s,mve_compact,gf_sqr_batch4,0,64,4,30970,483.90625,120.9765625,profile/mve_compact/128s.log
128s,mve_compact,gf_sqr_batch4,1,64,4,29891,467.046875,116.76171875,profile/mve_compact/128s.log
128s,mve_compact,gf_sqr_batch4,2,64,4,29891,467.046875,116.76171875,profile/mve_compact/128s.log
128s,mve_compact,gf_sqr_batch4,3,64,4,29891,467.046875,116.76171875,profile/mve_compact/128s.log
128s,mve_compact,gf_sqr_batch4,4,64,4,29891,467.046875,116.76171875,profile/mve_compact/128s.log
128s,mve_compact,gf_sqr_batch4,5,64,4,29891,467.046875,116.76171875,profile/mve_compact/128s.log
128s,mve_compact,gf_sqr_batch4,6,64,4,29891,467.046875,116.76171875,profile/mve_compact/128s.log
128s,mve_compact,gf_sqr_batch4,7,64,4,29891,467.046875,116.76171875,profile/mve_compact/128s.log
128s,mve_compact,gf_sqr_batch4,8,64,4,29891,467.046875,116.76171875,profile/mve_compact/128s.log
128s,mve_compact,gf_sqr_batch4,9,64,4,29891,467.046875,116.76171875,profile/mve_compact/128s.log
128s,mve_compact,gf_sqr_batch4,10,64,4,29891,467.046875,116.76171875,profile/mve_compact/128s.log
128s,mve_compact,gf_sqr_batch4,11,64,4,29891,467.046875,116.76171875,profile/mve_compact/128s.log
128s,mve_compact,gf_sqr_batch4,12,64,4,29891,467.046875,116.76171875,profile/mve_compact/128s.log
128s,mve_compact,gf_sqr_batch4,13,64,4,29891,467.046875,116.76171875,profile/mve_compact/128s.log
128s,mve_compact,gf_sqr_batch4,14,64,4,29891,467.046875,116.76171875,profile/mve_compact/128s.log
128s,mve_compact,gf_sqr_batch4,15,64,4,29891,467.046875,116.76171875,profile/mve_compact/128s.log
128s,mve_compact,gf_sqr_batch4,16,64,4,29891,467.046875,116.76171875,profile/mve_compact/128s.log
128s,mve_compact,gf_sqr_batch4,17,64,4,29891,467.046875,116.76171875,profile/mve_compact/128s.log
128s,mve_compact,gf_sqr_batch4,18,64,4,29891,467.046875,116.76171875,profile/mve_compact/128s.log
128s,mve_compact,gf_sqr_batch4,19,64,4,29891,467.046875,116.76171875,profile/mve_compact/128s.log
128s,mve_compact,gf_sqr_batch4,20,64,4,29891,467.046875,116.76171875,profile/mve_compact/128s.log
128s,mve_compact,gf_sqr_batch4,21,64,4,29891,467.046875,116.76171875,profile/mve_compact/128s.log
128s,mve_compact,gf_sqr_batch4,22,64,4,29891,467.046875,116.76171875,profile/mve_compact/128s.log
128s,mve_compact,gf_sqr_batch4,23,64,4,29891,467.046875,116.76171875,profile/mve_compact/128s.log
128s,mve_compact,gf_sqr_batch4,24,64,4,29891,467.046875,116.76171875,profile/mve_compact/128s.log
128s,mve_compact,gf_sqr_batch4,25,64,4,29891,467.046875,116.76171875,profile/mve_compact/128s.log
128s,mve_compact,gf_sqr_batch4,26,64,4,29891,467.046875,116.76171875,profile/mve_compact/128s.log
128s,mve_compact,gf_sqr_batch4,27,64,4,29891,467.046875,116.76171875,profile/mve_compact/128s.log
128s,mve_compact,gf_sqr_batch4,28,64,4,29891,467.046875,116.76171875,profile/mve_compact/128s.log
128s,mve_compact,gf_sqr_batch4,29,64,4,29891,467.046875,116.76171875,profile/mve_compact/128s.log
128s,mve_compact,gf_sqr_batch4,30,64,4,29891,467.046875,116.76171875,profile/mve_compact/128s.log
128s,mve_compact,gf_frobenius_batch4_e3,0,8,4,7358,919.75,229.9375,profile/mve_compact/128s.log
128s,mve_compact,gf_frobenius_batch4_e3,1,8,4,6724,840.5,210.125,profile/mve_compact/128s.log
128s,mve_compact,gf_frobenius_batch4_e3,2,8,4,6724,840.5,210.125,profile/mve_compact/128s.log
128s,mve_compact,gf_frobenius_batch4_e3,3,8,4,6724,840.5,210.125,profile/mve_compact/128s.log
128s,mve_compact,gf_frobenius_batch4_e3,4,8,4,6724,840.5,210.125,profile/mve_compact/128s.log
128s,mve_compact,gf_frobenius_batch4_e3,5,8,4,6724,840.5,210.125,profile/mve_compact/128s.log
128s,mve_compact,gf_frobenius_batch4_e3,6,8,4,6724,840.5,210.125,profile/mve_compact/128s.log
128s,mve_compact,gf_frobenius_batch4_e3,7,8,4,6724,840.5,210.125,profile/mve_compact/128s.log
128s,mve_compact,gf_frobenius_batch4_e3,8,8,4,6724,840.5,210.125,profile/mve_compact/128s.log
128s,mve_compact,gf_frobenius_batch4_e3,9,8,4,6724,840.5,210.125,profile/mve_compact/128s.log
128s,mve_compact,gf_frobenius_batch4_e3,10,8,4,6724,840.5,210.125,profile/mve_compact/128s.log
128s,mve_compact,gf_frobenius_batch4_e3,11,8,4,6724,840.5,210.125,profile/mve_compact/128s.log
128s,mve_compact,gf_frobenius_batch4_e3,12,8,4,6724,840.5,210.125,profile/mve_compact/128s.log
128s,mve_compact,gf_frobenius_batch4_e3,13,8,4,6724,840.5,210.125,profile/mve_compact/128s.log
128s,mve_compact,gf_frobenius_batch4_e3,14,8,4,6724,840.5,210.125,profile/mve_compact/128s.log
128s,mve_compact,gf_frobenius_batch4_e3,15,8,4,6724,840.5,210.125,profile/mve_compact/128s.log
128s,mve_compact,gf_frobenius_batch4_e3,16,8,4,6724,840.5,210.125,profile/mve_compact/128s.log
128s,mve_compact,gf_frobenius_batch4_e3,17,8,4,6724,840.5,210.125,profile/mve_compact/128s.log
128s,mve_compact,gf_frobenius_batch4_e3,18,8,4,6724,840.5,210.125,profile/mve_compact/128s.log
128s,mve_compact,gf_frobenius_batch4_e3,19,8,4,6724,840.5,210.125,profile/mve_compact/128s.log
128s,mve_compact,gf_frobenius_batch4_e3,20,8,4,6724,840.5,210.125,profile/mve_compact/128s.log
128s,mve_compact,gf_frobenius_batch4_e3,21,8,4,6724,840.5,210.125,profile/mve_compact/128s.log
128s,mve_compact,gf_frobenius_batch4_e3,22,8,4,6724,840.5,210.125,profile/mve_compact/128s.log
128s,mve_compact,gf_frobenius_batch4_e3,23,8,4,6724,840.5,210.125,profile/mve_compact/128s.log
128s,mve_compact,gf_frobenius_batch4_e3,24,8,4,6724,840.5,210.125,profile/mve_compact/128s.log
128s,mve_compact,gf_frobenius_batch4_e3,25,8,4,6724,840.5,210.125,profile/mve_compact/128s.log
128s,mve_compact,gf_frobenius_batch4_e3,26,8,4,6724,840.5,210.125,profile/mve_compact/128s.log
128s,mve_compact,gf_frobenius_batch4_e3,27,8,4,6724,840.5,210.125,profile/mve_compact/128s.log
128s,mve_compact,gf_frobenius_batch4_e3,28,8,4,6724,840.5,210.125,profile/mve_compact/128s.log
128s,mve_compact,gf_frobenius_batch4_e3,29,8,4,6724,840.5,210.125,profile/mve_compact/128s.log
128s,mve_compact,gf_frobenius_batch4_e3,30,8,4,6724,840.5,210.125,profile/mve_compact/128s.log
128s,mve_compact,gf_frobenius_batch4_e7,0,8,4,12803,1600.375,400.09375,profile/mve_compact/128s.log
128s,mve_compact,gf_frobenius_batch4_e7,1,8,4,12708,1588.5,397.125,profile/mve_compact/128s.log
128s,mve_compact,gf_frobenius_batch4_e7,2,8,4,12708,1588.5,397.125,profile/mve_compact/128s.log
128s,mve_compact,gf_frobenius_batch4_e7,3,8,4,12708,1588.5,397.125,profile/mve_compact/128s.log
128s,mve_compact,gf_frobenius_batch4_e7,4,8,4,12708,1588.5,397.125,profile/mve_compact/128s.log
128s,mve_compact,gf_frobenius_batch4_e7,5,8,4,12708,1588.5,397.125,profile/mve_compact/128s.log
128s,mve_compact,gf_frobenius_batch4_e7,6,8,4,12708,1588.5,397.125,profile/mve_compact/128s.log
128s,mve_compact,gf_frobenius_batch4_e7,7,8,4,12708,1588.5,397.125,profile/mve_compact/128s.log
128s,mve_compact,gf_frobenius_batch4_e7,8,8,4,12708,1588.5,397.125,profile/mve_compact/128s.log
128s,mve_compact,gf_frobenius_batch4_e7,9,8,4,12708,1588.5,397.125,profile/mve_compact/128s.log
128s,mve_compact,gf_frobenius_batch4_e7,10,8,4,12708,1588.5,397.125,profile/mve_compact/128s.log
128s,mve_compact,gf_frobenius_batch4_e7,11,8,4,12708,1588.5,397.125,profile/mve_compact/128s.log
128s,mve_compact,gf_frobenius_batch4_e7,12,8,4,12708,1588.5,397.125,profile/mve_compact/128s.log
128s,mve_compact,gf_frobenius_batch4_e7,13,8,4,12708,1588.5,397.125,profile/mve_compact/128s.log
128s,mve_compact,gf_frobenius_batch4_e7,14,8,4,12708,1588.5,397.125,profile/mve_compact/128s.log
128s,mve_compact,gf_frobenius_batch4_e7,15,8,4,12708,1588.5,397.125,profile/mve_compact/128s.log
128s,mve_compact,gf_frobenius_batch4_e7,16,8,4,12708,1588.5,397.125,profile/mve_compact/128s.log
128s,mve_compact,gf_frobenius_batch4_e7,17,8,4,12708,1588.5,397.125,profile/mve_compact/128s.log
128s,mve_compact,gf_frobenius_batch4_e7,18,8,4,12708,1588.5,397.125,profile/mve_compact/128s.log
128s,mve_compact,gf_frobenius_batch4_e7,19,8,4,12708,1588.5,397.125,profile/mve_compact/128s.log
128s,mve_compact,gf_frobenius_batch4_e7,20,8,4,12708,1588.5,397.125,profile/mve_compact/128s.log
128s,mve_compact,gf_frobenius_batch4_e7,21,8,4,12708,1588.5,397.125,profile/mve_compact/128s.log
128s,mve_compact,gf_frobenius_batch4_e7,22,8,4,12708,1588.5,397.125,profile/mve_compact/128s.log
128s,mve_compact,gf_frobenius_batch4_e7,23,8,4,12708,1588.5,397.125,profile/mve_compact/128s.log
128s,mve_compact,gf_frobenius_batch4_e7,24,8,4,12708,1588.5,397.125,profile/mve_compact/128s.log
128s,mve_compact,gf_frobenius_batch4_e7,25,8,4,12708,1588.5,397.125,profile/mve_compact/128s.log
128s,mve_compact,gf_frobenius_batch4_e7,26,8,4,12708,1588.5,397.125,profile/mve_compact/128s.log
128s,mve_compact,gf_frobenius_batch4_e7,27,8,4,12708,1588.5,397.125,profile/mve_compact/128s.log
128s,mve_compact,gf_frobenius_batch4_e7,28,8,4,12708,1588.5,397.125,profile/mve_compact/128s.log
128s,mve_compact,gf_frobenius_batch4_e7,29,8,4,12708,1588.5,397.125,profile/mve_compact/128s.log
128s,mve_compact,gf_frobenius_batch4_e7,30,8,4,12708,1588.5,397.125,profile/mve_compact/128s.log
128s,mve_compact,gf_frobenius_batch4_e11,0,8,4,18819,2352.375,588.09375,profile/mve_compact/128s.log
128s,mve_compact,gf_frobenius_batch4_e11,1,8,4,18692,2336.5,584.125,profile/mve_compact/128s.log
128s,mve_compact,gf_frobenius_batch4_e11,2,8,4,18692,2336.5,584.125,profile/mve_compact/128s.log
128s,mve_compact,gf_frobenius_batch4_e11,3,8,4,18692,2336.5,584.125,profile/mve_compact/128s.log
128s,mve_compact,gf_frobenius_batch4_e11,4,8,4,18692,2336.5,584.125,profile/mve_compact/128s.log
128s,mve_compact,gf_frobenius_batch4_e11,5,8,4,18692,2336.5,584.125,profile/mve_compact/128s.log
128s,mve_compact,gf_frobenius_batch4_e11,6,8,4,18692,2336.5,584.125,profile/mve_compact/128s.log
128s,mve_compact,gf_frobenius_batch4_e11,7,8,4,18692,2336.5,584.125,profile/mve_compact/128s.log
128s,mve_compact,gf_frobenius_batch4_e11,8,8,4,18692,2336.5,584.125,profile/mve_compact/128s.log
128s,mve_compact,gf_frobenius_batch4_e11,9,8,4,18692,2336.5,584.125,profile/mve_compact/128s.log
128s,mve_compact,gf_frobenius_batch4_e11,10,8,4,18692,2336.5,584.125,profile/mve_compact/128s.log
128s,mve_compact,gf_frobenius_batch4_e11,11,8,4,18692,2336.5,584.125,profile/mve_compact/128s.log
128s,mve_compact,gf_frobenius_batch4_e11,12,8,4,18692,2336.5,584.125,profile/mve_compact/128s.log
128s,mve_compact,gf_frobenius_batch4_e11,13,8,4,18692,2336.5,584.125,profile/mve_compact/128s.log
128s,mve_compact,gf_frobenius_batch4_e11,14,8,4,18692,2336.5,584.125,profile/mve_compact/128s.log
128s,mve_compact,gf_frobenius_batch4_e11,15,8,4,18692,2336.5,584.125,profile/mve_compact/128s.log
128s,mve_compact,gf_frobenius_batch4_e11,16,8,4,18692,2336.5,584.125,profile/mve_compact/128s.log
128s,mve_compact,gf_frobenius_batch4_e11,17,8,4,18692,2336.5,584.125,profile/mve_compact/128s.log
128s,mve_compact,gf_frobenius_batch4_e11,18,8,4,18692,2336.5,584.125,profile/mve_compact/128s.log
128s,mve_compact,gf_frobenius_batch4_e11,19,8,4,18692,2336.5,584.125,profile/mve_compact/128s.log
128s,mve_compact,gf_frobenius_batch4_e11,20,8,4,18692,2336.5,584.125,profile/mve_compact/128s.log
128s,mve_compact,gf_frobenius_batch4_e11,21,8,4,18692,2336.5,584.125,profile/mve_compact/128s.log
128s,mve_compact,gf_frobenius_batch4_e11,22,8,4,18692,2336.5,584.125,profile/mve_compact/128s.log
128s,mve_compact,gf_frobenius_batch4_e11,23,8,4,18692,2336.5,584.125,profile/mve_compact/128s.log
128s,mve_compact,gf_frobenius_batch4_e11,24,8,4,18692,2336.5,584.125,profile/mve_compact/128s.log
128s,mve_compact,gf_frobenius_batch4_e11,25,8,4,18692,2336.5,584.125,profile/mve_compact/128s.log
128s,mve_compact,gf_frobenius_batch4_e11,26,8,4,18692,2336.5,584.125,profile/mve_compact/128s.log
128s,mve_compact,gf_frobenius_batch4_e11,27,8,4,18692,2336.5,584.125,profile/mve_compact/128s.log
128s,mve_compact,gf_frobenius_batch4_e11,28,8,4,18692,2336.5,584.125,profile/mve_compact/128s.log
128s,mve_compact,gf_frobenius_batch4_e11,29,8,4,18692,2336.5,584.125,profile/mve_compact/128s.log
128s,mve_compact,gf_frobenius_batch4_e11,30,8,4,18692,2336.5,584.125,profile/mve_compact/128s.log
128s,mve_compact,gf_mul_const_batch4,0,64,4,578791,9043.609375,2260.90234375,profile/mve_compact/128s.log
128s,mve_compact,gf_mul_const_batch4,1,64,4,577989,9031.078125,2257.76953125,profile/mve_compact/128s.log
128s,mve_compact,gf_mul_const_batch4,2,64,4,577989,9031.078125,2257.76953125,profile/mve_compact/128s.log
128s,mve_compact,gf_mul_const_batch4,3,64,4,577989,9031.078125,2257.76953125,profile/mve_compact/128s.log
128s,mve_compact,gf_mul_const_batch4,4,64,4,577989,9031.078125,2257.76953125,profile/mve_compact/128s.log
128s,mve_compact,gf_mul_const_batch4,5,64,4,577989,9031.078125,2257.76953125,profile/mve_compact/128s.log
128s,mve_compact,gf_mul_const_batch4,6,64,4,577989,9031.078125,2257.76953125,profile/mve_compact/128s.log
128s,mve_compact,gf_mul_const_batch4,7,64,4,577989,9031.078125,2257.76953125,profile/mve_compact/128s.log
128s,mve_compact,gf_mul_const_batch4,8,64,4,577989,9031.078125,2257.76953125,profile/mve_compact/128s.log
128s,mve_compact,gf_mul_const_batch4,9,64,4,577989,9031.078125,2257.76953125,profile/mve_compact/128s.log
128s,mve_compact,gf_mul_const_batch4,10,64,4,577989,9031.078125,2257.76953125,profile/mve_compact/128s.log
128s,mve_compact,gf_mul_const_batch4,11,64,4,577989,9031.078125,2257.76953125,profile/mve_compact/128s.log
128s,mve_compact,gf_mul_const_batch4,12,64,4,577989,9031.078125,2257.76953125,profile/mve_compact/128s.log
128s,mve_compact,gf_mul_const_batch4,13,64,4,577989,9031.078125,2257.76953125,profile/mve_compact/128s.log
128s,mve_compact,gf_mul_const_batch4,14,64,4,577989,9031.078125,2257.76953125,profile/mve_compact/128s.log
128s,mve_compact,gf_mul_const_batch4,15,64,4,577989,9031.078125,2257.76953125,profile/mve_compact/128s.log
128s,mve_compact,gf_mul_const_batch4,16,64,4,577989,9031.078125,2257.76953125,profile/mve_compact/128s.log
128s,mve_compact,gf_mul_const_batch4,17,64,4,577989,9031.078125,2257.76953125,profile/mve_compact/128s.log
128s,mve_compact,gf_mul_const_batch4,18,64,4,577989,9031.078125,2257.76953125,profile/mve_compact/128s.log
128s,mve_compact,gf_mul_const_batch4,19,64,4,577989,9031.078125,2257.76953125,profile/mve_compact/128s.log
128s,mve_compact,gf_mul_const_batch4,20,64,4,577989,9031.078125,2257.76953125,profile/mve_compact/128s.log
128s,mve_compact,gf_mul_const_batch4,21,64,4,577989,9031.078125,2257.76953125,profile/mve_compact/128s.log
128s,mve_compact,gf_mul_const_batch4,22,64,4,577989,9031.078125,2257.76953125,profile/mve_compact/128s.log
128s,mve_compact,gf_mul_const_batch4,23,64,4,577989,9031.078125,2257.76953125,profile/mve_compact/128s.log
128s,mve_compact,gf_mul_const_batch4,24,64,4,577989,9031.078125,2257.76953125,profile/mve_compact/128s.log
128s,mve_compact,gf_mul_const_batch4,25,64,4,577989,9031.078125,2257.76953125,profile/mve_compact/128s.log
128s,mve_compact,gf_mul_const_batch4,26,64,4,577989,9031.078125,2257.76953125,profile/mve_compact/128s.log
128s,mve_compact,gf_mul_const_batch4,27,64,4,577989,9031.078125,2257.76953125,profile/mve_compact/128s.log
128s,mve_compact,gf_mul_const_batch4,28,64,4,577990,9031.09375,2257.7734375,profile/mve_compact/128s.log
128s,mve_compact,gf_mul_const_batch4,29,64,4,577989,9031.078125,2257.76953125,profile/mve_compact/128s.log
128s,mve_compact,gf_mul_const_batch4,30,64,4,577989,9031.078125,2257.76953125,profile/mve_compact/128s.log
128s,mve_compact,aim3_mpc_batch4,0,8,4,564046,70505.75,17626.4375,profile/mve_compact/128s.log
128s,mve_compact,aim3_mpc_batch4,1,8,4,563004,70375.5,17593.875,profile/mve_compact/128s.log
128s,mve_compact,aim3_mpc_batch4,2,8,4,563004,70375.5,17593.875,profile/mve_compact/128s.log
128s,mve_compact,aim3_mpc_batch4,3,8,4,563005,70375.625,17593.90625,profile/mve_compact/128s.log
128s,mve_compact,aim3_mpc_batch4,4,8,4,563004,70375.5,17593.875,profile/mve_compact/128s.log
128s,mve_compact,aim3_mpc_batch4,5,8,4,563005,70375.625,17593.90625,profile/mve_compact/128s.log
128s,mve_compact,aim3_mpc_batch4,6,8,4,563005,70375.625,17593.90625,profile/mve_compact/128s.log
128s,mve_compact,aim3_mpc_batch4,7,8,4,563006,70375.75,17593.9375,profile/mve_compact/128s.log
128s,mve_compact,aim3_mpc_batch4,8,8,4,563006,70375.75,17593.9375,profile/mve_compact/128s.log
128s,mve_compact,aim3_mpc_batch4,9,8,4,563007,70375.875,17593.96875,profile/mve_compact/128s.log
128s,mve_compact,aim3_mpc_batch4,10,8,4,563007,70375.875,17593.96875,profile/mve_compact/128s.log
128s,mve_compact,aim3_mpc_batch4,11,8,4,563007,70375.875,17593.96875,profile/mve_compact/128s.log
128s,mve_compact,aim3_mpc_batch4,12,8,4,563007,70375.875,17593.96875,profile/mve_compact/128s.log
128s,mve_compact,aim3_mpc_batch4,13,8,4,563007,70375.875,17593.96875,profile/mve_compact/128s.log
128s,mve_compact,aim3_mpc_batch4,14,8,4,563007,70375.875,17593.96875,profile/mve_compact/128s.log
128s,mve_compact,aim3_mpc_batch4,15,8,4,563007,70375.875,17593.96875,profile/mve_compact/128s.log
128s,mve_compact,aim3_mpc_batch4,16,8,4,563007,70375.875,17593.96875,profile/mve_compact/128s.log
128s,mve_compact,aim3_mpc_batch4,17,8,4,563007,70375.875,17593.96875,profile/mve_compact/128s.log
128s,mve_compact,aim3_mpc_batch4,18,8,4,563007,70375.875,17593.96875,profile/mve_compact/128s.log
128s,mve_compact,aim3_mpc_batch4,19,8,4,563007,70375.875,17593.96875,profile/mve_compact/128s.log
128s,mve_compact,aim3_mpc_batch4,20,8,4,563007,70375.875,17593.96875,profile/mve_compact/128s.log
128s,mve_compact,aim3_mpc_batch4,21,8,4,563007,70375.875,17593.96875,profile/mve_compact/128s.log
128s,mve_compact,aim3_mpc_batch4,22,8,4,563007,70375.875,17593.96875,profile/mve_compact/128s.log
128s,mve_compact,aim3_mpc_batch4,23,8,4,563007,70375.875,17593.96875,profile/mve_compact/128s.log
128s,mve_compact,aim3_mpc_batch4,24,8,4,563007,70375.875,17593.96875,profile/mve_compact/128s.log
128s,mve_compact,aim3_mpc_batch4,25,8,4,563007,70375.875,17593.96875,profile/mve_compact/128s.log
128s,mve_compact,aim3_mpc_batch4,26,8,4,563007,70375.875,17593.96875,profile/mve_compact/128s.log
128s,mve_compact,aim3_mpc_batch4,27,8,4,563008,70376.0,17594.0,profile/mve_compact/128s.log
128s,mve_compact,aim3_mpc_batch4,28,8,4,563006,70375.75,17593.9375,profile/mve_compact/128s.log
128s,mve_compact,aim3_mpc_batch4,29,8,4,563007,70375.875,17593.96875,profile/mve_compact/128s.log
128s,mve_compact,aim3_mpc_batch4,30,8,4,563007,70375.875,17593.96875,profile/mve_compact/128s.log
128s,mve_compact,aim3_mpc_batch4_affine,0,8,4,521350,65168.75,16292.1875,profile/mve_compact/128s.log
128s,mve_compact,aim3_mpc_batch4_affine,1,8,4,520798,65099.75,16274.9375,profile/mve_compact/128s.log
128s,mve_compact,aim3_mpc_batch4_affine,2,8,4,520798,65099.75,16274.9375,profile/mve_compact/128s.log
128s,mve_compact,aim3_mpc_batch4_affine,3,8,4,520799,65099.875,16274.96875,profile/mve_compact/128s.log
128s,mve_compact,aim3_mpc_batch4_affine,4,8,4,520798,65099.75,16274.9375,profile/mve_compact/128s.log
128s,mve_compact,aim3_mpc_batch4_affine,5,8,4,520799,65099.875,16274.96875,profile/mve_compact/128s.log
128s,mve_compact,aim3_mpc_batch4_affine,6,8,4,520799,65099.875,16274.96875,profile/mve_compact/128s.log
128s,mve_compact,aim3_mpc_batch4_affine,7,8,4,520800,65100.0,16275.0,profile/mve_compact/128s.log
128s,mve_compact,aim3_mpc_batch4_affine,8,8,4,520800,65100.0,16275.0,profile/mve_compact/128s.log
128s,mve_compact,aim3_mpc_batch4_affine,9,8,4,520801,65100.125,16275.03125,profile/mve_compact/128s.log
128s,mve_compact,aim3_mpc_batch4_affine,10,8,4,520801,65100.125,16275.03125,profile/mve_compact/128s.log
128s,mve_compact,aim3_mpc_batch4_affine,11,8,4,520801,65100.125,16275.03125,profile/mve_compact/128s.log
128s,mve_compact,aim3_mpc_batch4_affine,12,8,4,520801,65100.125,16275.03125,profile/mve_compact/128s.log
128s,mve_compact,aim3_mpc_batch4_affine,13,8,4,520801,65100.125,16275.03125,profile/mve_compact/128s.log
128s,mve_compact,aim3_mpc_batch4_affine,14,8,4,520801,65100.125,16275.03125,profile/mve_compact/128s.log
128s,mve_compact,aim3_mpc_batch4_affine,15,8,4,520801,65100.125,16275.03125,profile/mve_compact/128s.log
128s,mve_compact,aim3_mpc_batch4_affine,16,8,4,520801,65100.125,16275.03125,profile/mve_compact/128s.log
128s,mve_compact,aim3_mpc_batch4_affine,17,8,4,520801,65100.125,16275.03125,profile/mve_compact/128s.log
128s,mve_compact,aim3_mpc_batch4_affine,18,8,4,520801,65100.125,16275.03125,profile/mve_compact/128s.log
128s,mve_compact,aim3_mpc_batch4_affine,19,8,4,520801,65100.125,16275.03125,profile/mve_compact/128s.log
128s,mve_compact,aim3_mpc_batch4_affine,20,8,4,520801,65100.125,16275.03125,profile/mve_compact/128s.log
128s,mve_compact,aim3_mpc_batch4_affine,21,8,4,520801,65100.125,16275.03125,profile/mve_compact/128s.log
128s,mve_compact,aim3_mpc_batch4_affine,22,8,4,520801,65100.125,16275.03125,profile/mve_compact/128s.log
128s,mve_compact,aim3_mpc_batch4_affine,23,8,4,520801,65100.125,16275.03125,profile/mve_compact/128s.log
128s,mve_compact,aim3_mpc_batch4_affine,24,8,4,520801,65100.125,16275.03125,profile/mve_compact/128s.log
128s,mve_compact,aim3_mpc_batch4_affine,25,8,4,520801,65100.125,16275.03125,profile/mve_compact/128s.log
128s,mve_compact,aim3_mpc_batch4_affine,26,8,4,520801,65100.125,16275.03125,profile/mve_compact/128s.log
128s,mve_compact,aim3_mpc_batch4_affine,27,8,4,520802,65100.25,16275.0625,profile/mve_compact/128s.log
128s,mve_compact,aim3_mpc_batch4_affine,28,8,4,520800,65100.0,16275.0,profile/mve_compact/128s.log
128s,mve_compact,aim3_mpc_batch4_affine,29,8,4,520801,65100.125,16275.03125,profile/mve_compact/128s.log
128s,mve_compact,aim3_mpc_batch4_affine,30,8,4,520801,65100.125,16275.03125,profile/mve_compact/128s.log
128s,mve_compact,aim3_mpc_batch4_frobenius,0,8,4,41954,5244.25,1311.0625,profile/mve_compact/128s.log
128s,mve_compact,aim3_mpc_batch4_frobenius,1,8,4,41672,5209.0,1302.25,profile/mve_compact/128s.log
128s,mve_compact,aim3_mpc_batch4_frobenius,2,8,4,41672,5209.0,1302.25,profile/mve_compact/128s.log
128s,mve_compact,aim3_mpc_batch4_frobenius,3,8,4,41672,5209.0,1302.25,profile/mve_compact/128s.log
128s,mve_compact,aim3_mpc_batch4_frobenius,4,8,4,41672,5209.0,1302.25,profile/mve_compact/128s.log
128s,mve_compact,aim3_mpc_batch4_frobenius,5,8,4,41672,5209.0,1302.25,profile/mve_compact/128s.log
128s,mve_compact,aim3_mpc_batch4_frobenius,6,8,4,41672,5209.0,1302.25,profile/mve_compact/128s.log
128s,mve_compact,aim3_mpc_batch4_frobenius,7,8,4,41672,5209.0,1302.25,profile/mve_compact/128s.log
128s,mve_compact,aim3_mpc_batch4_frobenius,8,8,4,41672,5209.0,1302.25,profile/mve_compact/128s.log
128s,mve_compact,aim3_mpc_batch4_frobenius,9,8,4,41672,5209.0,1302.25,profile/mve_compact/128s.log
128s,mve_compact,aim3_mpc_batch4_frobenius,10,8,4,41672,5209.0,1302.25,profile/mve_compact/128s.log
128s,mve_compact,aim3_mpc_batch4_frobenius,11,8,4,41672,5209.0,1302.25,profile/mve_compact/128s.log
128s,mve_compact,aim3_mpc_batch4_frobenius,12,8,4,41672,5209.0,1302.25,profile/mve_compact/128s.log
128s,mve_compact,aim3_mpc_batch4_frobenius,13,8,4,41672,5209.0,1302.25,profile/mve_compact/128s.log
128s,mve_compact,aim3_mpc_batch4_frobenius,14,8,4,41672,5209.0,1302.25,profile/mve_compact/128s.log
128s,mve_compact,aim3_mpc_batch4_frobenius,15,8,4,41672,5209.0,1302.25,profile/mve_compact/128s.log
128s,mve_compact,aim3_mpc_batch4_frobenius,16,8,4,41672,5209.0,1302.25,profile/mve_compact/128s.log
128s,mve_compact,aim3_mpc_batch4_frobenius,17,8,4,41672,5209.0,1302.25,profile/mve_compact/128s.log
128s,mve_compact,aim3_mpc_batch4_frobenius,18,8,4,41672,5209.0,1302.25,profile/mve_compact/128s.log
128s,mve_compact,aim3_mpc_batch4_frobenius,19,8,4,41672,5209.0,1302.25,profile/mve_compact/128s.log
128s,mve_compact,aim3_mpc_batch4_frobenius,20,8,4,41672,5209.0,1302.25,profile/mve_compact/128s.log
128s,mve_compact,aim3_mpc_batch4_frobenius,21,8,4,41672,5209.0,1302.25,profile/mve_compact/128s.log
128s,mve_compact,aim3_mpc_batch4_frobenius,22,8,4,41672,5209.0,1302.25,profile/mve_compact/128s.log
128s,mve_compact,aim3_mpc_batch4_frobenius,23,8,4,41672,5209.0,1302.25,profile/mve_compact/128s.log
128s,mve_compact,aim3_mpc_batch4_frobenius,24,8,4,41672,5209.0,1302.25,profile/mve_compact/128s.log
128s,mve_compact,aim3_mpc_batch4_frobenius,25,8,4,41672,5209.0,1302.25,profile/mve_compact/128s.log
128s,mve_compact,aim3_mpc_batch4_frobenius,26,8,4,41672,5209.0,1302.25,profile/mve_compact/128s.log
128s,mve_compact,aim3_mpc_batch4_frobenius,27,8,4,41672,5209.0,1302.25,profile/mve_compact/128s.log
128s,mve_compact,aim3_mpc_batch4_frobenius,28,8,4,41672,5209.0,1302.25,profile/mve_compact/128s.log
128s,mve_compact,aim3_mpc_batch4_frobenius,29,8,4,41672,5209.0,1302.25,profile/mve_compact/128s.log
128s,mve_compact,aim3_mpc_batch4_frobenius,30,8,4,41672,5209.0,1302.25,profile/mve_compact/128s.log
128s,mve_compact,aim3_mpc_scalar,0,8,1,171878,21484.75,21484.75,profile/mve_compact/128s.log
128s,mve_compact,aim3_mpc_scalar,1,8,1,171423,21427.875,21427.875,profile/mve_compact/128s.log
128s,mve_compact,aim3_mpc_scalar,2,8,1,171423,21427.875,21427.875,profile/mve_compact/128s.log
128s,mve_compact,aim3_mpc_scalar,3,8,1,171423,21427.875,21427.875,profile/mve_compact/128s.log
128s,mve_compact,aim3_mpc_scalar,4,8,1,171423,21427.875,21427.875,profile/mve_compact/128s.log
128s,mve_compact,aim3_mpc_scalar,5,8,1,171423,21427.875,21427.875,profile/mve_compact/128s.log
128s,mve_compact,aim3_mpc_scalar,6,8,1,171423,21427.875,21427.875,profile/mve_compact/128s.log
128s,mve_compact,aim3_mpc_scalar,7,8,1,171423,21427.875,21427.875,profile/mve_compact/128s.log
128s,mve_compact,aim3_mpc_scalar,8,8,1,171423,21427.875,21427.875,profile/mve_compact/128s.log
128s,mve_compact,aim3_mpc_scalar,9,8,1,171423,21427.875,21427.875,profile/mve_compact/128s.log
128s,mve_compact,aim3_mpc_scalar,10,8,1,171423,21427.875,21427.875,profile/mve_compact/128s.log
128s,mve_compact,aim3_mpc_scalar,11,8,1,171423,21427.875,21427.875,profile/mve_compact/128s.log
128s,mve_compact,aim3_mpc_scalar,12,8,1,171423,21427.875,21427.875,profile/mve_compact/128s.log
128s,mve_compact,aim3_mpc_scalar,13,8,1,171423,21427.875,21427.875,profile/mve_compact/128s.log
128s,mve_compact,aim3_mpc_scalar,14,8,1,171423,21427.875,21427.875,profile/mve_compact/128s.log
128s,mve_compact,aim3_mpc_scalar,15,8,1,171423,21427.875,21427.875,profile/mve_compact/128s.log
128s,mve_compact,aim3_mpc_scalar,16,8,1,171423,21427.875,21427.875,profile/mve_compact/128s.log
128s,mve_compact,aim3_mpc_scalar,17,8,1,171423,21427.875,21427.875,profile/mve_compact/128s.log
128s,mve_compact,aim3_mpc_scalar,18,8,1,171423,21427.875,21427.875,profile/mve_compact/128s.log
128s,mve_compact,aim3_mpc_scalar,19,8,1,171423,21427.875,21427.875,profile/mve_compact/128s.log
128s,mve_compact,aim3_mpc_scalar,20,8,1,171423,21427.875,21427.875,profile/mve_compact/128s.log
128s,mve_compact,aim3_mpc_scalar,21,8,1,171423,21427.875,21427.875,profile/mve_compact/128s.log
128s,mve_compact,aim3_mpc_scalar,22,8,1,171423,21427.875,21427.875,profile/mve_compact/128s.log
128s,mve_compact,aim3_mpc_scalar,23,8,1,171423,21427.875,21427.875,profile/mve_compact/128s.log
128s,mve_compact,aim3_mpc_scalar,24,8,1,171423,21427.875,21427.875,profile/mve_compact/128s.log
128s,mve_compact,aim3_mpc_scalar,25,8,1,171423,21427.875,21427.875,profile/mve_compact/128s.log
128s,mve_compact,aim3_mpc_scalar,26,8,1,171423,21427.875,21427.875,profile/mve_compact/128s.log
128s,mve_compact,aim3_mpc_scalar,27,8,1,171423,21427.875,21427.875,profile/mve_compact/128s.log
128s,mve_compact,aim3_mpc_scalar,28,8,1,171423,21427.875,21427.875,profile/mve_compact/128s.log
128s,mve_compact,aim3_mpc_scalar,29,8,1,171423,21427.875,21427.875,profile/mve_compact/128s.log
128s,mve_compact,aim3_mpc_scalar,30,8,1,171423,21427.875,21427.875,profile/mve_compact/128s.log
192f,mve_compact,gf_mul,0,64,1,91992,1437.375,1437.375,profile/mve_compact/192f.log
192f,mve_compact,gf_mul,1,64,1,91014,1422.09375,1422.09375,profile/mve_compact/192f.log
192f,mve_compact,gf_mul,2,64,1,91014,1422.09375,1422.09375,profile/mve_compact/192f.log
192f,mve_compact,gf_mul,3,64,1,91014,1422.09375,1422.09375,profile/mve_compact/192f.log
192f,mve_compact,gf_mul,4,64,1,91014,1422.09375,1422.09375,profile/mve_compact/192f.log
192f,mve_compact,gf_mul,5,64,1,91014,1422.09375,1422.09375,profile/mve_compact/192f.log
192f,mve_compact,gf_mul,6,64,1,91014,1422.09375,1422.09375,profile/mve_compact/192f.log
192f,mve_compact,gf_mul,7,64,1,91014,1422.09375,1422.09375,profile/mve_compact/192f.log
192f,mve_compact,gf_mul,8,64,1,91014,1422.09375,1422.09375,profile/mve_compact/192f.log
192f,mve_compact,gf_mul,9,64,1,91014,1422.09375,1422.09375,profile/mve_compact/192f.log
192f,mve_compact,gf_mul,10,64,1,91014,1422.09375,1422.09375,profile/mve_compact/192f.log
192f,mve_compact,gf_mul,11,64,1,91014,1422.09375,1422.09375,profile/mve_compact/192f.log
192f,mve_compact,gf_mul,12,64,1,91014,1422.09375,1422.09375,profile/mve_compact/192f.log
192f,mve_compact,gf_mul,13,64,1,91014,1422.09375,1422.09375,profile/mve_compact/192f.log
192f,mve_compact,gf_mul,14,64,1,91014,1422.09375,1422.09375,profile/mve_compact/192f.log
192f,mve_compact,gf_mul,15,64,1,91014,1422.09375,1422.09375,profile/mve_compact/192f.log
192f,mve_compact,gf_mul,16,64,1,91014,1422.09375,1422.09375,profile/mve_compact/192f.log
192f,mve_compact,gf_mul,17,64,1,91014,1422.09375,1422.09375,profile/mve_compact/192f.log
192f,mve_compact,gf_mul,18,64,1,91014,1422.09375,1422.09375,profile/mve_compact/192f.log
192f,mve_compact,gf_mul,19,64,1,91014,1422.09375,1422.09375,profile/mve_compact/192f.log
192f,mve_compact,gf_mul,20,64,1,91014,1422.09375,1422.09375,profile/mve_compact/192f.log
192f,mve_compact,gf_mul,21,64,1,91014,1422.09375,1422.09375,profile/mve_compact/192f.log
192f,mve_compact,gf_mul,22,64,1,91014,1422.09375,1422.09375,profile/mve_compact/192f.log
192f,mve_compact,gf_mul,23,64,1,91014,1422.09375,1422.09375,profile/mve_compact/192f.log
192f,mve_compact,gf_mul,24,64,1,91014,1422.09375,1422.09375,profile/mve_compact/192f.log
192f,mve_compact,gf_mul,25,64,1,91014,1422.09375,1422.09375,profile/mve_compact/192f.log
192f,mve_compact,gf_mul,26,64,1,91014,1422.09375,1422.09375,profile/mve_compact/192f.log
192f,mve_compact,gf_mul,27,64,1,91014,1422.09375,1422.09375,profile/mve_compact/192f.log
192f,mve_compact,gf_mul,28,64,1,91014,1422.09375,1422.09375,profile/mve_compact/192f.log
192f,mve_compact,gf_mul,29,64,1,91014,1422.09375,1422.09375,profile/mve_compact/192f.log
192f,mve_compact,gf_mul,30,64,1,91014,1422.09375,1422.09375,profile/mve_compact/192f.log
192f,mve_compact,gf_sqr,0,64,1,26828,419.1875,419.1875,profile/mve_compact/192f.log
192f,mve_compact,gf_sqr,1,64,1,25860,404.0625,404.0625,profile/mve_compact/192f.log
192f,mve_compact,gf_sqr,2,64,1,25860,404.0625,404.0625,profile/mve_compact/192f.log
192f,mve_compact,gf_sqr,3,64,1,25861,404.078125,404.078125,profile/mve_compact/192f.log
192f,mve_compact,gf_sqr,4,64,1,25861,404.078125,404.078125,profile/mve_compact/192f.log
192f,mve_compact,gf_sqr,5,64,1,25861,404.078125,404.078125,profile/mve_compact/192f.log
192f,mve_compact,gf_sqr,6,64,1,25861,404.078125,404.078125,profile/mve_compact/192f.log
192f,mve_compact,gf_sqr,7,64,1,25861,404.078125,404.078125,profile/mve_compact/192f.log
192f,mve_compact,gf_sqr,8,64,1,25861,404.078125,404.078125,profile/mve_compact/192f.log
192f,mve_compact,gf_sqr,9,64,1,25861,404.078125,404.078125,profile/mve_compact/192f.log
192f,mve_compact,gf_sqr,10,64,1,25861,404.078125,404.078125,profile/mve_compact/192f.log
192f,mve_compact,gf_sqr,11,64,1,25861,404.078125,404.078125,profile/mve_compact/192f.log
192f,mve_compact,gf_sqr,12,64,1,25861,404.078125,404.078125,profile/mve_compact/192f.log
192f,mve_compact,gf_sqr,13,64,1,25861,404.078125,404.078125,profile/mve_compact/192f.log
192f,mve_compact,gf_sqr,14,64,1,25861,404.078125,404.078125,profile/mve_compact/192f.log
192f,mve_compact,gf_sqr,15,64,1,25861,404.078125,404.078125,profile/mve_compact/192f.log
192f,mve_compact,gf_sqr,16,64,1,25861,404.078125,404.078125,profile/mve_compact/192f.log
192f,mve_compact,gf_sqr,17,64,1,25861,404.078125,404.078125,profile/mve_compact/192f.log
192f,mve_compact,gf_sqr,18,64,1,25861,404.078125,404.078125,profile/mve_compact/192f.log
192f,mve_compact,gf_sqr,19,64,1,25861,404.078125,404.078125,profile/mve_compact/192f.log
192f,mve_compact,gf_sqr,20,64,1,25861,404.078125,404.078125,profile/mve_compact/192f.log
192f,mve_compact,gf_sqr,21,64,1,25861,404.078125,404.078125,profile/mve_compact/192f.log
192f,mve_compact,gf_sqr,22,64,1,25861,404.078125,404.078125,profile/mve_compact/192f.log
192f,mve_compact,gf_sqr,23,64,1,25861,404.078125,404.078125,profile/mve_compact/192f.log
192f,mve_compact,gf_sqr,24,64,1,25861,404.078125,404.078125,profile/mve_compact/192f.log
192f,mve_compact,gf_sqr,25,64,1,25861,404.078125,404.078125,profile/mve_compact/192f.log
192f,mve_compact,gf_sqr,26,64,1,25861,404.078125,404.078125,profile/mve_compact/192f.log
192f,mve_compact,gf_sqr,27,64,1,25861,404.078125,404.078125,profile/mve_compact/192f.log
192f,mve_compact,gf_sqr,28,64,1,25861,404.078125,404.078125,profile/mve_compact/192f.log
192f,mve_compact,gf_sqr,29,64,1,25861,404.078125,404.078125,profile/mve_compact/192f.log
192f,mve_compact,gf_sqr,30,64,1,25861,404.078125,404.078125,profile/mve_compact/192f.log
192f,mve_compact,gf_inv,0,8,1,2786053,348256.625,348256.625,profile/mve_compact/192f.log
192f,mve_compact,gf_inv,1,8,1,2785814,348226.75,348226.75,profile/mve_compact/192f.log
192f,mve_compact,gf_inv,2,8,1,2785814,348226.75,348226.75,profile/mve_compact/192f.log
192f,mve_compact,gf_inv,3,8,1,2785814,348226.75,348226.75,profile/mve_compact/192f.log
192f,mve_compact,gf_inv,4,8,1,2785814,348226.75,348226.75,profile/mve_compact/192f.log
192f,mve_compact,gf_inv,5,8,1,2785814,348226.75,348226.75,profile/mve_compact/192f.log
192f,mve_compact,gf_inv,6,8,1,2785814,348226.75,348226.75,profile/mve_compact/192f.log
192f,mve_compact,gf_inv,7,8,1,2785815,348226.875,348226.875,profile/mve_compact/192f.log
192f,mve_compact,gf_inv,8,8,1,2785814,348226.75,348226.75,profile/mve_compact/192f.log
192f,mve_compact,gf_inv,9,8,1,2785814,348226.75,348226.75,profile/mve_compact/192f.log
192f,mve_compact,gf_inv,10,8,1,2785814,348226.75,348226.75,profile/mve_compact/192f.log
192f,mve_compact,gf_inv,11,8,1,2785814,348226.75,348226.75,profile/mve_compact/192f.log
192f,mve_compact,gf_inv,12,8,1,2785814,348226.75,348226.75,profile/mve_compact/192f.log
192f,mve_compact,gf_inv,13,8,1,2785814,348226.75,348226.75,profile/mve_compact/192f.log
192f,mve_compact,gf_inv,14,8,1,2785814,348226.75,348226.75,profile/mve_compact/192f.log
192f,mve_compact,gf_inv,15,8,1,2785814,348226.75,348226.75,profile/mve_compact/192f.log
192f,mve_compact,gf_inv,16,8,1,2785814,348226.75,348226.75,profile/mve_compact/192f.log
192f,mve_compact,gf_inv,17,8,1,2785814,348226.75,348226.75,profile/mve_compact/192f.log
192f,mve_compact,gf_inv,18,8,1,2785814,348226.75,348226.75,profile/mve_compact/192f.log
192f,mve_compact,gf_inv,19,8,1,2785814,348226.75,348226.75,profile/mve_compact/192f.log
192f,mve_compact,gf_inv,20,8,1,2785814,348226.75,348226.75,profile/mve_compact/192f.log
192f,mve_compact,gf_inv,21,8,1,2785814,348226.75,348226.75,profile/mve_compact/192f.log
192f,mve_compact,gf_inv,22,8,1,2785814,348226.75,348226.75,profile/mve_compact/192f.log
192f,mve_compact,gf_inv,23,8,1,2785814,348226.75,348226.75,profile/mve_compact/192f.log
192f,mve_compact,gf_inv,24,8,1,2785814,348226.75,348226.75,profile/mve_compact/192f.log
192f,mve_compact,gf_inv,25,8,1,2785814,348226.75,348226.75,profile/mve_compact/192f.log
192f,mve_compact,gf_inv,26,8,1,2785814,348226.75,348226.75,profile/mve_compact/192f.log
192f,mve_compact,gf_inv,27,8,1,2785814,348226.75,348226.75,profile/mve_compact/192f.log
192f,mve_compact,gf_inv,28,8,1,2785814,348226.75,348226.75,profile/mve_compact/192f.log
192f,mve_compact,gf_inv,29,8,1,2785815,348226.875,348226.875,profile/mve_compact/192f.log
192f,mve_compact,gf_inv,30,8,1,2785814,348226.75,348226.75,profile/mve_compact/192f.log
192f,mve_compact,gf_mat_vec_mul,0,64,1,469626,7337.90625,7337.90625,profile/mve_compact/192f.log
192f,mve_compact,gf_mat_vec_mul,1,64,1,469382,7334.09375,7334.09375,profile/mve_compact/192f.log
192f,mve_compact,gf_mat_vec_mul,2,64,1,469382,7334.09375,7334.09375,profile/mve_compact/192f.log
192f,mve_compact,gf_mat_vec_mul,3,64,1,469381,7334.078125,7334.078125,profile/mve_compact/192f.log
192f,mve_compact,gf_mat_vec_mul,4,64,1,469381,7334.078125,7334.078125,profile/mve_compact/192f.log
192f,mve_compact,gf_mat_vec_mul,5,64,1,469382,7334.09375,7334.09375,profile/mve_compact/192f.log
192f,mve_compact,gf_mat_vec_mul,6,64,1,469382,7334.09375,7334.09375,profile/mve_compact/192f.log
192f,mve_compact,gf_mat_vec_mul,7,64,1,469381,7334.078125,7334.078125,profile/mve_compact/192f.log
192f,mve_compact,gf_mat_vec_mul,8,64,1,469381,7334.078125,7334.078125,profile/mve_compact/192f.log
192f,mve_compact,gf_mat_vec_mul,9,64,1,469381,7334.078125,7334.078125,profile/mve_compact/192f.log
192f,mve_compact,gf_mat_vec_mul,10,64,1,469382,7334.09375,7334.09375,profile/mve_compact/192f.log
192f,mve_compact,gf_mat_vec_mul,11,64,1,469382,7334.09375,7334.09375,profile/mve_compact/192f.log
192f,mve_compact,gf_mat_vec_mul,12,64,1,469381,7334.078125,7334.078125,profile/mve_compact/192f.log
192f,mve_compact,gf_mat_vec_mul,13,64,1,469381,7334.078125,7334.078125,profile/mve_compact/192f.log
192f,mve_compact,gf_mat_vec_mul,14,64,1,469382,7334.09375,7334.09375,profile/mve_compact/192f.log
192f,mve_compact,gf_mat_vec_mul,15,64,1,469382,7334.09375,7334.09375,profile/mve_compact/192f.log
192f,mve_compact,gf_mat_vec_mul,16,64,1,469381,7334.078125,7334.078125,profile/mve_compact/192f.log
192f,mve_compact,gf_mat_vec_mul,17,64,1,469381,7334.078125,7334.078125,profile/mve_compact/192f.log
192f,mve_compact,gf_mat_vec_mul,18,64,1,469381,7334.078125,7334.078125,profile/mve_compact/192f.log
192f,mve_compact,gf_mat_vec_mul,19,64,1,469382,7334.09375,7334.09375,profile/mve_compact/192f.log
192f,mve_compact,gf_mat_vec_mul,20,64,1,469382,7334.09375,7334.09375,profile/mve_compact/192f.log
192f,mve_compact,gf_mat_vec_mul,21,64,1,469381,7334.078125,7334.078125,profile/mve_compact/192f.log
192f,mve_compact,gf_mat_vec_mul,22,64,1,469381,7334.078125,7334.078125,profile/mve_compact/192f.log
192f,mve_compact,gf_mat_vec_mul,23,64,1,469382,7334.09375,7334.09375,profile/mve_compact/192f.log
192f,mve_compact,gf_mat_vec_mul,24,64,1,469382,7334.09375,7334.09375,profile/mve_compact/192f.log
192f,mve_compact,gf_mat_vec_mul,25,64,1,469381,7334.078125,7334.078125,profile/mve_compact/192f.log
192f,mve_compact,gf_mat_vec_mul,26,64,1,469381,7334.078125,7334.078125,profile/mve_compact/192f.log
192f,mve_compact,gf_mat_vec_mul,27,64,1,469381,7334.078125,7334.078125,profile/mve_compact/192f.log
192f,mve_compact,gf_mat_vec_mul,28,64,1,469382,7334.09375,7334.09375,profile/mve_compact/192f.log
192f,mve_compact,gf_mat_vec_mul,29,64,1,469382,7334.09375,7334.09375,profile/mve_compact/192f.log
192f,mve_compact,gf_mat_vec_mul,30,64,1,469381,7334.078125,7334.078125,profile/mve_compact/192f.log
192f,mve_compact,gf_mat_vec_mul_add,0,64,1,472247,7378.859375,7378.859375,profile/mve_compact/192f.log
192f,mve_compact,gf_mat_vec_mul_add,1,64,1,472164,7377.5625,7377.5625,profile/mve_compact/192f.log
192f,mve_compact,gf_mat_vec_mul_add,2,64,1,472161,7377.515625,7377.515625,profile/mve_compact/192f.log
192f,mve_compact,gf_mat_vec_mul_add,3,64,1,472163,7377.546875,7377.546875,profile/mve_compact/192f.log
192f,mve_compact,gf_mat_vec_mul_add,4,64,1,472161,7377.515625,7377.515625,profile/mve_compact/192f.log
192f,mve_compact,gf_mat_vec_mul_add,5,64,1,472161,7377.515625,7377.515625,profile/mve_compact/192f.log
192f,mve_compact,gf_mat_vec_mul_add,6,64,1,472163,7377.546875,7377.546875,profile/mve_compact/192f.log
192f,mve_compact,gf_mat_vec_mul_add,7,64,1,472163,7377.546875,7377.546875,profile/mve_compact/192f.log
192f,mve_compact,gf_mat_vec_mul_add,8,64,1,472161,7377.515625,7377.515625,profile/mve_compact/192f.log
192f,mve_compact,gf_mat_vec_mul_add,9,64,1,472163,7377.546875,7377.546875,profile/mve_compact/192f.log
192f,mve_compact,gf_mat_vec_mul_add,10,64,1,472161,7377.515625,7377.515625,profile/mve_compact/192f.log
192f,mve_compact,gf_mat_vec_mul_add,11,64,1,472161,7377.515625,7377.515625,profile/mve_compact/192f.log
192f,mve_compact,gf_mat_vec_mul_add,12,64,1,472163,7377.546875,7377.546875,profile/mve_compact/192f.log
192f,mve_compact,gf_mat_vec_mul_add,13,64,1,472163,7377.546875,7377.546875,profile/mve_compact/192f.log
192f,mve_compact,gf_mat_vec_mul_add,14,64,1,472161,7377.515625,7377.515625,profile/mve_compact/192f.log
192f,mve_compact,gf_mat_vec_mul_add,15,64,1,472163,7377.546875,7377.546875,profile/mve_compact/192f.log
192f,mve_compact,gf_mat_vec_mul_add,16,64,1,472161,7377.515625,7377.515625,profile/mve_compact/192f.log
192f,mve_compact,gf_mat_vec_mul_add,17,64,1,472163,7377.546875,7377.546875,profile/mve_compact/192f.log
192f,mve_compact,gf_mat_vec_mul_add,18,64,1,472159,7377.484375,7377.484375,profile/mve_compact/192f.log
192f,mve_compact,gf_mat_vec_mul_add,19,64,1,472163,7377.546875,7377.546875,profile/mve_compact/192f.log
192f,mve_compact,gf_mat_vec_mul_add,20,64,1,472163,7377.546875,7377.546875,profile/mve_compact/192f.log
192f,mve_compact,gf_mat_vec_mul_add,21,64,1,472163,7377.546875,7377.546875,profile/mve_compact/192f.log
192f,mve_compact,gf_mat_vec_mul_add,22,64,1,472159,7377.484375,7377.484375,profile/mve_compact/192f.log
192f,mve_compact,gf_mat_vec_mul_add,23,64,1,472163,7377.546875,7377.546875,profile/mve_compact/192f.log
192f,mve_compact,gf_mat_vec_mul_add,24,64,1,472161,7377.515625,7377.515625,profile/mve_compact/192f.log
192f,mve_compact,gf_mat_vec_mul_add,25,64,1,472163,7377.546875,7377.546875,profile/mve_compact/192f.log
192f,mve_compact,gf_mat_vec_mul_add,26,64,1,472161,7377.515625,7377.515625,profile/mve_compact/192f.log
192f,mve_compact,gf_mat_vec_mul_add,27,64,1,472161,7377.515625,7377.515625,profile/mve_compact/192f.log
192f,mve_compact,gf_mat_vec_mul_add,28,64,1,472163,7377.546875,7377.546875,profile/mve_compact/192f.log
192f,mve_compact,gf_mat_vec_mul_add,29,64,1,472163,7377.546875,7377.546875,profile/mve_compact/192f.log
192f,mve_compact,gf_mat_vec_mul_add,30,64,1,472161,7377.515625,7377.515625,profile/mve_compact/192f.log
192f,mve_compact,gf_sqr_batch4,0,64,4,43459,679.046875,169.76171875,profile/mve_compact/192f.log
192f,mve_compact,gf_sqr_batch4,1,64,4,41859,654.046875,163.51171875,profile/mve_compact/192f.log
192f,mve_compact,gf_sqr_batch4,2,64,4,41859,654.046875,163.51171875,profile/mve_compact/192f.log
192f,mve_compact,gf_sqr_batch4,3,64,4,41859,654.046875,163.51171875,profile/mve_compact/192f.log
192f,mve_compact,gf_sqr_batch4,4,64,4,41859,654.046875,163.51171875,profile/mve_compact/192f.log
192f,mve_compact,gf_sqr_batch4,5,64,4,41859,654.046875,163.51171875,profile/mve_compact/192f.log
192f,mve_compact,gf_sqr_batch4,6,64,4,41859,654.046875,163.51171875,profile/mve_compact/192f.log
192f,mve_compact,gf_sqr_batch4,7,64,4,41859,654.046875,163.51171875,profile/mve_compact/192f.log
192f,mve_compact,gf_sqr_batch4,8,64,4,41859,654.046875,163.51171875,profile/mve_compact/192f.log
192f,mve_compact,gf_sqr_batch4,9,64,4,41859,654.046875,163.51171875,profile/mve_compact/192f.log
192f,mve_compact,gf_sqr_batch4,10,64,4,41859,654.046875,163.51171875,profile/mve_compact/192f.log
192f,mve_compact,gf_sqr_batch4,11,64,4,41859,654.046875,163.51171875,profile/mve_compact/192f.log
192f,mve_compact,gf_sqr_batch4,12,64,4,41859,654.046875,163.51171875,profile/mve_compact/192f.log
192f,mve_compact,gf_sqr_batch4,13,64,4,41859,654.046875,163.51171875,profile/mve_compact/192f.log
192f,mve_compact,gf_sqr_batch4,14,64,4,41859,654.046875,163.51171875,profile/mve_compact/192f.log
192f,mve_compact,gf_sqr_batch4,15,64,4,41859,654.046875,163.51171875,profile/mve_compact/192f.log
192f,mve_compact,gf_sqr_batch4,16,64,4,41859,654.046875,163.51171875,profile/mve_compact/192f.log
192f,mve_compact,gf_sqr_batch4,17,64,4,41859,654.046875,163.51171875,profile/mve_compact/192f.log
192f,mve_compact,gf_sqr_batch4,18,64,4,41859,654.046875,163.51171875,profile/mve_compact/192f.log
192f,mve_compact,gf_sqr_batch4,19,64,4,41859,654.046875,163.51171875,profile/mve_compact/192f.log
192f,mve_compact,gf_sqr_batch4,20,64,4,41859,654.046875,163.51171875,profile/mve_compact/192f.log
192f,mve_compact,gf_sqr_batch4,21,64,4,41859,654.046875,163.51171875,profile/mve_compact/192f.log
192f,mve_compact,gf_sqr_batch4,22,64,4,41859,654.046875,163.51171875,profile/mve_compact/192f.log
192f,mve_compact,gf_sqr_batch4,23,64,4,41859,654.046875,163.51171875,profile/mve_compact/192f.log
192f,mve_compact,gf_sqr_batch4,24,64,4,41859,654.046875,163.51171875,profile/mve_compact/192f.log
192f,mve_compact,gf_sqr_batch4,25,64,4,41859,654.046875,163.51171875,profile/mve_compact/192f.log
192f,mve_compact,gf_sqr_batch4,26,64,4,41859,654.046875,163.51171875,profile/mve_compact/192f.log
192f,mve_compact,gf_sqr_batch4,27,64,4,41859,654.046875,163.51171875,profile/mve_compact/192f.log
192f,mve_compact,gf_sqr_batch4,28,64,4,41859,654.046875,163.51171875,profile/mve_compact/192f.log
192f,mve_compact,gf_sqr_batch4,29,64,4,41859,654.046875,163.51171875,profile/mve_compact/192f.log
192f,mve_compact,gf_sqr_batch4,30,64,4,41859,654.046875,163.51171875,profile/mve_compact/192f.log
192f,mve_compact,gf_frobenius_batch4_e11,0,8,4,28352,3544.0,886.0,profile/mve_compact/192f.log
192f,mve_compact,gf_frobenius_batch4_e11,1,8,4,27452,3431.5,857.875,profile/mve_compact/192f.log
192f,mve_compact,gf_frobenius_batch4_e11,2,8,4,27452,3431.5,857.875,profile/mve_compact/192f.log
192f,mve_compact,gf_frobenius_batch4_e11,3,8,4,27452,3431.5,857.875,profile/mve_compact/192f.log
192f,mve_compact,gf_frobenius_batch4_e11,4,8,4,27452,3431.5,857.875,profile/mve_compact/192f.log
192f,mve_compact,gf_frobenius_batch4_e11,5,8,4,27452,3431.5,857.875,profile/mve_compact/192f.log
192f,mve_compact,gf_frobenius_batch4_e11,6,8,4,27452,3431.5,857.875,profile/mve_compact/192f.log
192f,mve_compact,gf_frobenius_batch4_e11,7,8,4,27452,3431.5,857.875,profile/mve_compact/192f.log
192f,mve_compact,gf_frobenius_batch4_e11,8,8,4,27452,3431.5,857.875,profile/mve_compact/192f.log
192f,mve_compact,gf_frobenius_batch4_e11,9,8,4,27452,3431.5,857.875,profile/mve_compact/192f.log
192f,mve_compact,gf_frobenius_batch4_e11,10,8,4,27452,3431.5,857.875,profile/mve_compact/192f.log
192f,mve_compact,gf_frobenius_batch4_e11,11,8,4,27452,3431.5,857.875,profile/mve_compact/192f.log
192f,mve_compact,gf_frobenius_batch4_e11,12,8,4,27452,3431.5,857.875,profile/mve_compact/192f.log
192f,mve_compact,gf_frobenius_batch4_e11,13,8,4,27452,3431.5,857.875,profile/mve_compact/192f.log
192f,mve_compact,gf_frobenius_batch4_e11,14,8,4,27452,3431.5,857.875,profile/mve_compact/192f.log
192f,mve_compact,gf_frobenius_batch4_e11,15,8,4,27452,3431.5,857.875,profile/mve_compact/192f.log
192f,mve_compact,gf_frobenius_batch4_e11,16,8,4,27452,3431.5,857.875,profile/mve_compact/192f.log
192f,mve_compact,gf_frobenius_batch4_e11,17,8,4,27452,3431.5,857.875,profile/mve_compact/192f.log
192f,mve_compact,gf_frobenius_batch4_e11,18,8,4,27452,3431.5,857.875,profile/mve_compact/192f.log
192f,mve_compact,gf_frobenius_batch4_e11,19,8,4,27452,3431.5,857.875,profile/mve_compact/192f.log
192f,mve_compact,gf_frobenius_batch4_e11,20,8,4,27452,3431.5,857.875,profile/mve_compact/192f.log
192f,mve_compact,gf_frobenius_batch4_e11,21,8,4,27452,3431.5,857.875,profile/mve_compact/192f.log
192f,mve_compact,gf_frobenius_batch4_e11,22,8,4,27452,3431.5,857.875,profile/mve_compact/192f.log
192f,mve_compact,gf_frobenius_batch4_e11,23,8,4,27452,3431.5,857.875,profile/mve_compact/192f.log
192f,mve_compact,gf_frobenius_batch4_e11,24,8,4,27452,3431.5,857.875,profile/mve_compact/192f.log
192f,mve_compact,gf_frobenius_batch4_e11,25,8,4,27452,3431.5,857.875,profile/mve_compact/192f.log
192f,mve_compact,gf_frobenius_batch4_e11,26,8,4,27452,3431.5,857.875,profile/mve_compact/192f.log
192f,mve_compact,gf_frobenius_batch4_e11,27,8,4,27452,3431.5,857.875,profile/mve_compact/192f.log
192f,mve_compact,gf_frobenius_batch4_e11,28,8,4,27452,3431.5,857.875,profile/mve_compact/192f.log
192f,mve_compact,gf_frobenius_batch4_e11,29,8,4,27452,3431.5,857.875,profile/mve_compact/192f.log
192f,mve_compact,gf_frobenius_batch4_e11,30,8,4,27452,3431.5,857.875,profile/mve_compact/192f.log
192f,mve_compact,gf_frobenius_batch4_e23,0,8,4,54140,6767.5,1691.875,profile/mve_compact/192f.log
192f,mve_compact,gf_frobenius_batch4_e23,1,8,4,54044,6755.5,1688.875,profile/mve_compact/192f.log
192f,mve_compact,gf_frobenius_batch4_e23,2,8,4,54044,6755.5,1688.875,profile/mve_compact/192f.log
192f,mve_compact,gf_frobenius_batch4_e23,3,8,4,54044,6755.5,1688.875,profile/mve_compact/192f.log
192f,mve_compact,gf_frobenius_batch4_e23,4,8,4,54044,6755.5,1688.875,profile/mve_compact/192f.log
192f,mve_compact,gf_frobenius_batch4_e23,5,8,4,54044,6755.5,1688.875,profile/mve_compact/192f.log
192f,mve_compact,gf_frobenius_batch4_e23,6,8,4,54044,6755.5,1688.875,profile/mve_compact/192f.log
192f,mve_compact,gf_frobenius_batch4_e23,7,8,4,54044,6755.5,1688.875,profile/mve_compact/192f.log
192f,mve_compact,gf_frobenius_batch4_e23,8,8,4,54044,6755.5,1688.875,profile/mve_compact/192f.log
192f,mve_compact,gf_frobenius_batch4_e23,9,8,4,54044,6755.5,1688.875,profile/mve_compact/192f.log
192f,mve_compact,gf_frobenius_batch4_e23,10,8,4,54044,6755.5,1688.875,profile/mve_compact/192f.log
192f,mve_compact,gf_frobenius_batch4_e23,11,8,4,54044,6755.5,1688.875,profile/mve_compact/192f.log
192f,mve_compact,gf_frobenius_batch4_e23,12,8,4,54044,6755.5,1688.875,profile/mve_compact/192f.log
192f,mve_compact,gf_frobenius_batch4_e23,13,8,4,54044,6755.5,1688.875,profile/mve_compact/192f.log
192f,mve_compact,gf_frobenius_batch4_e23,14,8,4,54044,6755.5,1688.875,profile/mve_compact/192f.log
192f,mve_compact,gf_frobenius_batch4_e23,15,8,4,54044,6755.5,1688.875,profile/mve_compact/192f.log
192f,mve_compact,gf_frobenius_batch4_e23,16,8,4,54044,6755.5,1688.875,profile/mve_compact/192f.log
192f,mve_compact,gf_frobenius_batch4_e23,17,8,4,54044,6755.5,1688.875,profile/mve_compact/192f.log
192f,mve_compact,gf_frobenius_batch4_e23,18,8,4,54044,6755.5,1688.875,profile/mve_compact/192f.log
192f,mve_compact,gf_frobenius_batch4_e23,19,8,4,54044,6755.5,1688.875,profile/mve_compact/192f.log
192f,mve_compact,gf_frobenius_batch4_e23,20,8,4,54044,6755.5,1688.875,profile/mve_compact/192f.log
192f,mve_compact,gf_frobenius_batch4_e23,21,8,4,54044,6755.5,1688.875,profile/mve_compact/192f.log
192f,mve_compact,gf_frobenius_batch4_e23,22,8,4,54044,6755.5,1688.875,profile/mve_compact/192f.log
192f,mve_compact,gf_frobenius_batch4_e23,23,8,4,54044,6755.5,1688.875,profile/mve_compact/192f.log
192f,mve_compact,gf_frobenius_batch4_e23,24,8,4,54044,6755.5,1688.875,profile/mve_compact/192f.log
192f,mve_compact,gf_frobenius_batch4_e23,25,8,4,54044,6755.5,1688.875,profile/mve_compact/192f.log
192f,mve_compact,gf_frobenius_batch4_e23,26,8,4,54044,6755.5,1688.875,profile/mve_compact/192f.log
192f,mve_compact,gf_frobenius_batch4_e23,27,8,4,54044,6755.5,1688.875,profile/mve_compact/192f.log
192f,mve_compact,gf_frobenius_batch4_e23,28,8,4,54044,6755.5,1688.875,profile/mve_compact/192f.log
192f,mve_compact,gf_frobenius_batch4_e23,29,8,4,54044,6755.5,1688.875,profile/mve_compact/192f.log
192f,mve_compact,gf_frobenius_batch4_e23,30,8,4,54044,6755.5,1688.875,profile/mve_compact/192f.log
192f,mve_compact,gf_frobenius_batch4_e47,0,8,4,107354,13419.25,3354.8125,profile/mve_compact/192f.log
192f,mve_compact,gf_frobenius_batch4_e47,1,8,4,107228,13403.5,3350.875,profile/mve_compact/192f.log
192f,mve_compact,gf_frobenius_batch4_e47,2,8,4,107228,13403.5,3350.875,profile/mve_compact/192f.log
192f,mve_compact,gf_frobenius_batch4_e47,3,8,4,107228,13403.5,3350.875,profile/mve_compact/192f.log
192f,mve_compact,gf_frobenius_batch4_e47,4,8,4,107228,13403.5,3350.875,profile/mve_compact/192f.log
192f,mve_compact,gf_frobenius_batch4_e47,5,8,4,107228,13403.5,3350.875,profile/mve_compact/192f.log
192f,mve_compact,gf_frobenius_batch4_e47,6,8,4,107228,13403.5,3350.875,profile/mve_compact/192f.log
192f,mve_compact,gf_frobenius_batch4_e47,7,8,4,107228,13403.5,3350.875,profile/mve_compact/192f.log
192f,mve_compact,gf_frobenius_batch4_e47,8,8,4,107228,13403.5,3350.875,profile/mve_compact/192f.log
192f,mve_compact,gf_frobenius_batch4_e47,9,8,4,107228,13403.5,3350.875,profile/mve_compact/192f.log
192f,mve_compact,gf_frobenius_batch4_e47,10,8,4,107228,13403.5,3350.875,profile/mve_compact/192f.log
192f,mve_compact,gf_frobenius_batch4_e47,11,8,4,107228,13403.5,3350.875,profile/mve_compact/192f.log
192f,mve_compact,gf_frobenius_batch4_e47,12,8,4,107228,13403.5,3350.875,profile/mve_compact/192f.log
192f,mve_compact,gf_frobenius_batch4_e47,13,8,4,107228,13403.5,3350.875,profile/mve_compact/192f.log
192f,mve_compact,gf_frobenius_batch4_e47,14,8,4,107228,13403.5,3350.875,profile/mve_compact/192f.log
192f,mve_compact,gf_frobenius_batch4_e47,15,8,4,107228,13403.5,3350.875,profile/mve_compact/192f.log
192f,mve_compact,gf_frobenius_batch4_e47,16,8,4,107228,13403.5,3350.875,profile/mve_compact/192f.log
192f,mve_compact,gf_frobenius_batch4_e47,17,8,4,107228,13403.5,3350.875,profile/mve_compact/192f.log
192f,mve_compact,gf_frobenius_batch4_e47,18,8,4,107228,13403.5,3350.875,profile/mve_compact/192f.log
192f,mve_compact,gf_frobenius_batch4_e47,19,8,4,107228,13403.5,3350.875,profile/mve_compact/192f.log
192f,mve_compact,gf_frobenius_batch4_e47,20,8,4,107228,13403.5,3350.875,profile/mve_compact/192f.log
192f,mve_compact,gf_frobenius_batch4_e47,21,8,4,107228,13403.5,3350.875,profile/mve_compact/192f.log
192f,mve_compact,gf_frobenius_batch4_e47,22,8,4,107228,13403.5,3350.875,profile/mve_compact/192f.log
192f,mve_compact,gf_frobenius_batch4_e47,23,8,4,107228,13403.5,3350.875,profile/mve_compact/192f.log
192f,mve_compact,gf_frobenius_batch4_e47,24,8,4,107228,13403.5,3350.875,profile/mve_compact/192f.log
192f,mve_compact,gf_frobenius_batch4_e47,25,8,4,107228,13403.5,3350.875,profile/mve_compact/192f.log
192f,mve_compact,gf_frobenius_batch4_e47,26,8,4,107228,13403.5,3350.875,profile/mve_compact/192f.log
192f,mve_compact,gf_frobenius_batch4_e47,27,8,4,107228,13403.5,3350.875,profile/mve_compact/192f.log
192f,mve_compact,gf_frobenius_batch4_e47,28,8,4,107228,13403.5,3350.875,profile/mve_compact/192f.log
192f,mve_compact,gf_frobenius_batch4_e47,29,8,4,107228,13403.5,3350.875,profile/mve_compact/192f.log
192f,mve_compact,gf_frobenius_batch4_e47,30,8,4,107228,13403.5,3350.875,profile/mve_compact/192f.log
192f,mve_compact,gf_mul_const_batch4,0,64,4,1267189,19799.828125,4949.95703125,profile/mve_compact/192f.log
192f,mve_compact,gf_mul_const_batch4,1,64,4,1265989,19781.078125,4945.26953125,profile/mve_compact/192f.log
192f,mve_compact,gf_mul_const_batch4,2,64,4,1265989,19781.078125,4945.26953125,profile/mve_compact/192f.log
192f,mve_compact,gf_mul_const_batch4,3,64,4,1265989,19781.078125,4945.26953125,profile/mve_compact/192f.log
192f,mve_compact,gf_mul_const_batch4,4,64,4,1265989,19781.078125,4945.26953125,profile/mve_compact/192f.log
192f,mve_compact,gf_mul_const_batch4,5,64,4,1265989,19781.078125,4945.26953125,profile/mve_compact/192f.log
192f,mve_compact,gf_mul_const_batch4,6,64,4,1265989,19781.078125,4945.26953125,profile/mve_compact/192f.log
192f,mve_compact,gf_mul_const_batch4,7,64,4,1265989,19781.078125,4945.26953125,profile/mve_compact/192f.log
192f,mve_compact,gf_mul_const_batch4,8,64,4,1265989,19781.078125,4945.26953125,profile/mve_compact/192f.log
192f,mve_compact,gf_mul_const_batch4,9,64,4,1265989,19781.078125,4945.26953125,profile/mve_compact/192f.log
192f,mve_compact,gf_mul_const_batch4,10,64,4,1265989,19781.078125,4945.26953125,profile/mve_compact/192f.log
192f,mve_compact,gf_mul_const_batch4,11,64,4,1265989,19781.078125,4945.26953125,profile/mve_compact/192f.log
192f,mve_compact,gf_mul_const_batch4,12,64,4,1265990,19781.09375,4945.2734375,profile/mve_compact/192f.log
192f,mve_compact,gf_mul_const_batch4,13,64,4,1265989,19781.078125,4945.26953125,profile/mve_compact/192f.log
192f,mve_compact,gf_mul_const_batch4,14,64,4,1265989,19781.078125,4945.26953125,profile/mve_compact/192f.log
192f,mve_compact,gf_mul_const_batch4,15,64,4,1265989,19781.078125,4945.26953125,profile/mve_compact/192f.log
192f,mve_compact,gf_mul_const_batch4,16,64,4,1265989,19781.078125,4945.26953125,profile/mve_compact/192f.log
192f,mve_compact,gf_mul_const_batch4,17,64,4,1265989,19781.078125,4945.26953125,profile/mve_compact/192f.log
192f,mve_compact,gf_mul_const_batch4,18,64,4,1265989,19781.078125,4945.26953125,profile/mve_compact/192f.log
192f,mve_compact,gf_mul_const_batch4,19,64,4,1265989,19781.078125,4945.26953125,profile/mve_compact/192f.log
192f,mve_compact,gf_mul_const_batch4,20,64,4,1265989,19781.078125,4945.26953125,profile/mve_compact/192f.log
192f,mve_compact,gf_mul_const_batch4,21,64,4,1265989,19781.078125,4945.26953125,profile/mve_compact/192f.log
192f,mve_compact,gf_mul_const_batch4,22,64,4,1265989,19781.078125,4945.26953125,profile/mve_compact/192f.log
192f,mve_compact,gf_mul_const_batch4,23,64,4,1265989,19781.078125,4945.26953125,profile/mve_compact/192f.log
192f,mve_compact,gf_mul_const_batch4,24,64,4,1265989,19781.078125,4945.26953125,profile/mve_compact/192f.log
192f,mve_compact,gf_mul_const_batch4,25,64,4,1265989,19781.078125,4945.26953125,profile/mve_compact/192f.log
192f,mve_compact,gf_mul_const_batch4,26,64,4,1265989,19781.078125,4945.26953125,profile/mve_compact/192f.log
192f,mve_compact,gf_mul_const_batch4,27,64,4,1265989,19781.078125,4945.26953125,profile/mve_compact/192f.log
192f,mve_compact,gf_mul_const_batch4,28,64,4,1265989,19781.078125,4945.26953125,profile/mve_compact/192f.log
192f,mve_compact,gf_mul_const_batch4,29,64,4,1265989,19781.078125,4945.26953125,profile/mve_compact/192f.log
192f,mve_compact,gf_mul_const_batch4,30,64,4,1265989,19781.078125,4945.26953125,profile/mve_compact/192f.log
192f,mve_compact,aim3_mpc_batch4,0,8,4,1146559,143319.875,35829.96875,profile/mve_compact/192f.log
192f,mve_compact,aim3_mpc_batch4,1,8,4,1145122,143140.25,35785.0625,profile/mve_compact/192f.log
192f,mve_compact,aim3_mpc_batch4,2,8,4,1145120,143140.0,35785.0,profile/mve_compact/192f.log
192f,mve_compact,aim3_mpc_batch4,3,8,4,1145118,143139.75,35784.9375,profile/mve_compact/192f.log
192f,mve_compact,aim3_mpc_batch4,4,8,4,1145116,143139.5,35784.875,profile/mve_compact/192f.log
192f,mve_compact,aim3_mpc_batch4,5,8,4,1145122,143140.25,35785.0625,profile/mve_compact/192f.log
192f,mve_compact,aim3_mpc_batch4,6,8,4,1145154,143144.25,35786.0625,profile/mve_compact/192f.log
192f,mve_compact,aim3_mpc_batch4,7,8,4,1145156,143144.5,35786.125,profile/mve_compact/192f.log
192f,mve_compact,aim3_mpc_batch4,8,8,4,1145151,143143.875,35785.96875,profile/mve_compact/192f.log
192f,mve_compact,aim3_mpc_batch4,9,8,4,1145154,143144.25,35786.0625,profile/mve_compact/192f.log
192f,mve_compact,aim3_mpc_batch4,10,8,4,1145152,143144.0,35786.0,profile/mve_compact/192f.log
192f,mve_compact,aim3_mpc_batch4,11,8,4,1145149,143143.625,35785.90625,profile/mve_compact/192f.log
192f,mve_compact,aim3_mpc_batch4,12,8,4,1145156,143144.5,35786.125,profile/mve_compact/192f.log
192f,mve_compact,aim3_mpc_batch4,13,8,4,1145155,143144.375,35786.09375,profile/mve_compact/192f.log
192f,mve_compact,aim3_mpc_batch4,14,8,4,1145154,143144.25,35786.0625,profile/mve_compact/192f.log
192f,mve_compact,aim3_mpc_batch4,15,8,4,1145156,143144.5,35786.125,profile/mve_compact/192f.log
192f,mve_compact,aim3_mpc_batch4,16,8,4,1145151,143143.875,35785.96875,profile/mve_compact/192f.log
192f,mve_compact,aim3_mpc_batch4,17,8,4,1145154,143144.25,35786.0625,profile/mve_compact/192f.log
192f,mve_compact,aim3_mpc_batch4,18,8,4,1145152,143144.0,35786.0,profile/mve_compact/192f.log
192f,mve_compact,aim3_mpc_batch4,19,8,4,1145149,143143.625,35785.90625,profile/mve_compact/192f.log
192f,mve_compact,aim3_mpc_batch4,20,8,4,1145156,143144.5,35786.125,profile/mve_compact/192f.log
192f,mve_compact,aim3_mpc_batch4,21,8,4,1145155,143144.375,35786.09375,profile/mve_compact/192f.log
192f,mve_compact,aim3_mpc_batch4,22,8,4,1145154,143144.25,35786.0625,profile/mve_compact/192f.log
192f,mve_compact,aim3_mpc_batch4,23,8,4,1145156,143144.5,35786.125,profile/mve_compact/192f.log
192f,mve_compact,aim3_mpc_batch4,24,8,4,1145151,143143.875,35785.96875,profile/mve_compact/192f.log
192f,mve_compact,aim3_mpc_batch4,25,8,4,1145154,143144.25,35786.0625,profile/mve_compact/192f.log
192f,mve_compact,aim3_mpc_batch4,26,8,4,1145152,143144.0,35786.0,profile/mve_compact/192f.log
192f,mve_compact,aim3_mpc_batch4,27,8,4,1145149,143143.625,35785.90625,profile/mve_compact/192f.log
192f,mve_compact,aim3_mpc_batch4,28,8,4,1145156,143144.5,35786.125,profile/mve_compact/192f.log
192f,mve_compact,aim3_mpc_batch4,29,8,4,1145155,143144.375,35786.09375,profile/mve_compact/192f.log
192f,mve_compact,aim3_mpc_batch4,30,8,4,1145154,143144.25,35786.0625,profile/mve_compact/192f.log
192f,mve_compact,aim3_mpc_batch4_affine,0,8,4,952626,119078.25,29769.5625,profile/mve_compact/192f.log
192f,mve_compact,aim3_mpc_batch4_affine,1,8,4,951828,118978.5,29744.625,profile/mve_compact/192f.log
192f,mve_compact,aim3_mpc_batch4_affine,2,8,4,951826,118978.25,29744.5625,profile/mve_compact/192f.log
192f,mve_compact,aim3_mpc_batch4_affine,3,8,4,951823,118977.875,29744.46875,profile/mve_compact/192f.log
192f,mve_compact,aim3_mpc_batch4_affine,4,8,4,951821,118977.625,29744.40625,profile/mve_compact/192f.log
192f,mve_compact,aim3_mpc_batch4_affine,5,8,4,951828,118978.5,29744.625,profile/mve_compact/192f.log
192f,mve_compact,aim3_mpc_batch4_affine,6,8,4,951859,118982.375,29745.59375,profile/mve_compact/192f.log
192f,mve_compact,aim3_mpc_batch4_affine,7,8,4,951862,118982.75,29745.6875,profile/mve_compact/192f.log
192f,mve_compact,aim3_mpc_batch4_affine,8,8,4,951856,118982.0,29745.5,profile/mve_compact/192f.log
192f,mve_compact,aim3_mpc_batch4_affine,9,8,4,951859,118982.375,29745.59375,profile/mve_compact/192f.log
192f,mve_compact,aim3_mpc_batch4_affine,10,8,4,951858,118982.25,29745.5625,profile/mve_compact/192f.log
192f,mve_compact,aim3_mpc_batch4_affine,11,8,4,951855,118981.875,29745.46875,profile/mve_compact/192f.log
192f,mve_compact,aim3_mpc_batch4_affine,12,8,4,951862,118982.75,29745.6875,profile/mve_compact/192f.log
192f,mve_compact,aim3_mpc_batch4_affine,13,8,4,951861,118982.625,29745.65625,profile/mve_compact/192f.log
192f,mve_compact,aim3_mpc_batch4_affine,14,8,4,951859,118982.375,29745.59375,profile/mve_compact/192f.log
192f,mve_compact,aim3_mpc_batch4_affine,15,8,4,951862,118982.75,29745.6875,profile/mve_compact/192f.log
192f,mve_compact,aim3_mpc_batch4_affine,16,8,4,951856,118982.0,29745.5,profile/mve_compact/192f.log
192f,mve_compact,aim3_mpc_batch4_affine,17,8,4,951859,118982.375,29745.59375,profile/mve_compact/192f.log
192f,mve_compact,aim3_mpc_batch4_affine,18,8,4,951858,118982.25,29745.5625,profile/mve_compact/192f.log
192f,mve_compact,aim3_mpc_batch4_affine,19,8,4,951855,118981.875,29745.46875,profile/mve_compact/192f.log
192f,mve_compact,aim3_mpc_batch4_affine,20,8,4,951862,118982.75,29745.6875,profile/mve_compact/192f.log
192f,mve_compact,aim3_mpc_batch4_affine,21,8,4,951861,118982.625,29745.65625,profile/mve_compact/192f.log
192f,mve_compact,aim3_mpc_batch4_affine,22,8,4,951859,118982.375,29745.59375,profile/mve_compact/192f.log
192f,mve_compact,aim3_mpc_batch4_affine,23,8,4,951862,118982.75,29745.6875,profile/mve_compact/192f.log
192f,mve_compact,aim3_mpc_batch4_affine,24,8,4,951856,118982.0,29745.5,profile/mve_compact/192f.log
192f,mve_compact,aim3_mpc_batch4_affine,25,8,4,951859,118982.375,29745.59375,profile/mve_compact/192f.log
192f,mve_compact,aim3_mpc_batch4_affine,26,8,4,951858,118982.25,29745.5625,profile/mve_compact/192f.log
192f,mve_compact,aim3_mpc_batch4_affine,27,8,4,951855,118981.875,29745.46875,profile/mve_compact/192f.log
192f,mve_compact,aim3_mpc_batch4_affine,28,8,4,951862,118982.75,29745.6875,profile/mve_compact/192f.log
192f,mve_compact,aim3_mpc_batch4_affine,29,8,4,951861,118982.625,29745.65625,profile/mve_compact/192f.log
192f,mve_compact,aim3_mpc_batch4_affine,30,8,4,951859,118982.375,29745.59375,profile/mve_compact/192f.log
192f,mve_compact,aim3_mpc_batch4_frobenius,0,8,4,193197,24149.625,6037.40625,profile/mve_compact/192f.log
192f,mve_compact,aim3_mpc_batch4_frobenius,1,8,4,192752,24094.0,6023.5,profile/mve_compact/192f.log
192f,mve_compact,aim3_mpc_batch4_frobenius,2,8,4,192752,24094.0,6023.5,profile/mve_compact/192f.log
192f,mve_compact,aim3_mpc_batch4_frobenius,3,8,4,192752,24094.0,6023.5,profile/mve_compact/192f.log
192f,mve_compact,aim3_mpc_batch4_frobenius,4,8,4,192752,24094.0,6023.5,profile/mve_compact/192f.log
192f,mve_compact,aim3_mpc_batch4_frobenius,5,8,4,192752,24094.0,6023.5,profile/mve_compact/192f.log
192f,mve_compact,aim3_mpc_batch4_frobenius,6,8,4,192752,24094.0,6023.5,profile/mve_compact/192f.log
192f,mve_compact,aim3_mpc_batch4_frobenius,7,8,4,192752,24094.0,6023.5,profile/mve_compact/192f.log
192f,mve_compact,aim3_mpc_batch4_frobenius,8,8,4,192752,24094.0,6023.5,profile/mve_compact/192f.log
192f,mve_compact,aim3_mpc_batch4_frobenius,9,8,4,192752,24094.0,6023.5,profile/mve_compact/192f.log
192f,mve_compact,aim3_mpc_batch4_frobenius,10,8,4,192752,24094.0,6023.5,profile/mve_compact/192f.log
192f,mve_compact,aim3_mpc_batch4_frobenius,11,8,4,192752,24094.0,6023.5,profile/mve_compact/192f.log
192f,mve_compact,aim3_mpc_batch4_frobenius,12,8,4,192752,24094.0,6023.5,profile/mve_compact/192f.log
192f,mve_compact,aim3_mpc_batch4_frobenius,13,8,4,192752,24094.0,6023.5,profile/mve_compact/192f.log
192f,mve_compact,aim3_mpc_batch4_frobenius,14,8,4,192752,24094.0,6023.5,profile/mve_compact/192f.log
192f,mve_compact,aim3_mpc_batch4_frobenius,15,8,4,192752,24094.0,6023.5,profile/mve_compact/192f.log
192f,mve_compact,aim3_mpc_batch4_frobenius,16,8,4,192752,24094.0,6023.5,profile/mve_compact/192f.log
192f,mve_compact,aim3_mpc_batch4_frobenius,17,8,4,192752,24094.0,6023.5,profile/mve_compact/192f.log
192f,mve_compact,aim3_mpc_batch4_frobenius,18,8,4,192752,24094.0,6023.5,profile/mve_compact/192f.log
192f,mve_compact,aim3_mpc_batch4_frobenius,19,8,4,192752,24094.0,6023.5,profile/mve_compact/192f.log
192f,mve_compact,aim3_mpc_batch4_frobenius,20,8,4,192752,24094.0,6023.5,profile/mve_compact/192f.log
192f,mve_compact,aim3_mpc_batch4_frobenius,21,8,4,192752,24094.0,6023.5,profile/mve_compact/192f.log
192f,mve_compact,aim3_mpc_batch4_frobenius,22,8,4,192752,24094.0,6023.5,profile/mve_compact/192f.log
192f,mve_compact,aim3_mpc_batch4_frobenius,23,8,4,192752,24094.0,6023.5,profile/mve_compact/192f.log
192f,mve_compact,aim3_mpc_batch4_frobenius,24,8,4,192752,24094.0,6023.5,profile/mve_compact/192f.log
192f,mve_compact,aim3_mpc_batch4_frobenius,25,8,4,192752,24094.0,6023.5,profile/mve_compact/192f.log
192f,mve_compact,aim3_mpc_batch4_frobenius,26,8,4,192752,24094.0,6023.5,profile/mve_compact/192f.log
192f,mve_compact,aim3_mpc_batch4_frobenius,27,8,4,192752,24094.0,6023.5,profile/mve_compact/192f.log
192f,mve_compact,aim3_mpc_batch4_frobenius,28,8,4,192752,24094.0,6023.5,profile/mve_compact/192f.log
192f,mve_compact,aim3_mpc_batch4_frobenius,29,8,4,192752,24094.0,6023.5,profile/mve_compact/192f.log
192f,mve_compact,aim3_mpc_batch4_frobenius,30,8,4,192752,24094.0,6023.5,profile/mve_compact/192f.log
192f,mve_compact,aim3_mpc_scalar,0,8,1,499530,62441.25,62441.25,profile/mve_compact/192f.log
192f,mve_compact,aim3_mpc_scalar,1,8,1,498525,62315.625,62315.625,profile/mve_compact/192f.log
192f,mve_compact,aim3_mpc_scalar,2,8,1,498520,62315.0,62315.0,profile/mve_compact/192f.log
192f,mve_compact,aim3_mpc_scalar,3,8,1,498521,62315.125,62315.125,profile/mve_compact/192f.log
192f,mve_compact,aim3_mpc_scalar,4,8,1,498520,62315.0,62315.0,profile/mve_compact/192f.log
192f,mve_compact,aim3_mpc_scalar,5,8,1,498520,62315.0,62315.0,profile/mve_compact/192f.log
192f,mve_compact,aim3_mpc_scalar,6,8,1,498521,62315.125,62315.125,profile/mve_compact/192f.log
192f,mve_compact,aim3_mpc_scalar,7,8,1,498520,62315.0,62315.0,profile/mve_compact/192f.log
192f,mve_compact,aim3_mpc_scalar,8,8,1,498520,62315.0,62315.0,profile/mve_compact/192f.log
192f,mve_compact,aim3_mpc_scalar,9,8,1,498521,62315.125,62315.125,profile/mve_compact/192f.log
192f,mve_compact,aim3_mpc_scalar,10,8,1,498520,62315.0,62315.0,profile/mve_compact/192f.log
192f,mve_compact,aim3_mpc_scalar,11,8,1,498520,62315.0,62315.0,profile/mve_compact/192f.log
192f,mve_compact,aim3_mpc_scalar,12,8,1,498521,62315.125,62315.125,profile/mve_compact/192f.log
192f,mve_compact,aim3_mpc_scalar,13,8,1,498520,62315.0,62315.0,profile/mve_compact/192f.log
192f,mve_compact,aim3_mpc_scalar,14,8,1,498520,62315.0,62315.0,profile/mve_compact/192f.log
192f,mve_compact,aim3_mpc_scalar,15,8,1,498521,62315.125,62315.125,profile/mve_compact/192f.log
192f,mve_compact,aim3_mpc_scalar,16,8,1,498520,62315.0,62315.0,profile/mve_compact/192f.log
192f,mve_compact,aim3_mpc_scalar,17,8,1,498520,62315.0,62315.0,profile/mve_compact/192f.log
192f,mve_compact,aim3_mpc_scalar,18,8,1,498521,62315.125,62315.125,profile/mve_compact/192f.log
192f,mve_compact,aim3_mpc_scalar,19,8,1,498520,62315.0,62315.0,profile/mve_compact/192f.log
192f,mve_compact,aim3_mpc_scalar,20,8,1,498520,62315.0,62315.0,profile/mve_compact/192f.log
192f,mve_compact,aim3_mpc_scalar,21,8,1,498521,62315.125,62315.125,profile/mve_compact/192f.log
192f,mve_compact,aim3_mpc_scalar,22,8,1,498520,62315.0,62315.0,profile/mve_compact/192f.log
192f,mve_compact,aim3_mpc_scalar,23,8,1,498520,62315.0,62315.0,profile/mve_compact/192f.log
192f,mve_compact,aim3_mpc_scalar,24,8,1,498521,62315.125,62315.125,profile/mve_compact/192f.log
192f,mve_compact,aim3_mpc_scalar,25,8,1,498521,62315.125,62315.125,profile/mve_compact/192f.log
192f,mve_compact,aim3_mpc_scalar,26,8,1,498519,62314.875,62314.875,profile/mve_compact/192f.log
192f,mve_compact,aim3_mpc_scalar,27,8,1,498521,62315.125,62315.125,profile/mve_compact/192f.log
192f,mve_compact,aim3_mpc_scalar,28,8,1,498520,62315.0,62315.0,profile/mve_compact/192f.log
192f,mve_compact,aim3_mpc_scalar,29,8,1,498520,62315.0,62315.0,profile/mve_compact/192f.log
192f,mve_compact,aim3_mpc_scalar,30,8,1,498521,62315.125,62315.125,profile/mve_compact/192f.log
192s,mve_compact,gf_mul,0,64,1,91994,1437.40625,1437.40625,profile/mve_compact/192s.log
192s,mve_compact,gf_mul,1,64,1,91014,1422.09375,1422.09375,profile/mve_compact/192s.log
192s,mve_compact,gf_mul,2,64,1,91014,1422.09375,1422.09375,profile/mve_compact/192s.log
192s,mve_compact,gf_mul,3,64,1,91014,1422.09375,1422.09375,profile/mve_compact/192s.log
192s,mve_compact,gf_mul,4,64,1,91014,1422.09375,1422.09375,profile/mve_compact/192s.log
192s,mve_compact,gf_mul,5,64,1,91014,1422.09375,1422.09375,profile/mve_compact/192s.log
192s,mve_compact,gf_mul,6,64,1,91014,1422.09375,1422.09375,profile/mve_compact/192s.log
192s,mve_compact,gf_mul,7,64,1,91014,1422.09375,1422.09375,profile/mve_compact/192s.log
192s,mve_compact,gf_mul,8,64,1,91014,1422.09375,1422.09375,profile/mve_compact/192s.log
192s,mve_compact,gf_mul,9,64,1,91014,1422.09375,1422.09375,profile/mve_compact/192s.log
192s,mve_compact,gf_mul,10,64,1,91014,1422.09375,1422.09375,profile/mve_compact/192s.log
192s,mve_compact,gf_mul,11,64,1,91014,1422.09375,1422.09375,profile/mve_compact/192s.log
192s,mve_compact,gf_mul,12,64,1,91014,1422.09375,1422.09375,profile/mve_compact/192s.log
192s,mve_compact,gf_mul,13,64,1,91014,1422.09375,1422.09375,profile/mve_compact/192s.log
192s,mve_compact,gf_mul,14,64,1,91014,1422.09375,1422.09375,profile/mve_compact/192s.log
192s,mve_compact,gf_mul,15,64,1,91014,1422.09375,1422.09375,profile/mve_compact/192s.log
192s,mve_compact,gf_mul,16,64,1,91014,1422.09375,1422.09375,profile/mve_compact/192s.log
192s,mve_compact,gf_mul,17,64,1,91014,1422.09375,1422.09375,profile/mve_compact/192s.log
192s,mve_compact,gf_mul,18,64,1,91014,1422.09375,1422.09375,profile/mve_compact/192s.log
192s,mve_compact,gf_mul,19,64,1,91014,1422.09375,1422.09375,profile/mve_compact/192s.log
192s,mve_compact,gf_mul,20,64,1,91014,1422.09375,1422.09375,profile/mve_compact/192s.log
192s,mve_compact,gf_mul,21,64,1,91014,1422.09375,1422.09375,profile/mve_compact/192s.log
192s,mve_compact,gf_mul,22,64,1,91014,1422.09375,1422.09375,profile/mve_compact/192s.log
192s,mve_compact,gf_mul,23,64,1,91014,1422.09375,1422.09375,profile/mve_compact/192s.log
192s,mve_compact,gf_mul,24,64,1,91014,1422.09375,1422.09375,profile/mve_compact/192s.log
192s,mve_compact,gf_mul,25,64,1,91014,1422.09375,1422.09375,profile/mve_compact/192s.log
192s,mve_compact,gf_mul,26,64,1,91014,1422.09375,1422.09375,profile/mve_compact/192s.log
192s,mve_compact,gf_mul,27,64,1,91014,1422.09375,1422.09375,profile/mve_compact/192s.log
192s,mve_compact,gf_mul,28,64,1,91014,1422.09375,1422.09375,profile/mve_compact/192s.log
192s,mve_compact,gf_mul,29,64,1,91014,1422.09375,1422.09375,profile/mve_compact/192s.log
192s,mve_compact,gf_mul,30,64,1,91014,1422.09375,1422.09375,profile/mve_compact/192s.log
192s,mve_compact,gf_sqr,0,64,1,26822,419.09375,419.09375,profile/mve_compact/192s.log
192s,mve_compact,gf_sqr,1,64,1,25861,404.078125,404.078125,profile/mve_compact/192s.log
192s,mve_compact,gf_sqr,2,64,1,25860,404.0625,404.0625,profile/mve_compact/192s.log
192s,mve_compact,gf_sqr,3,64,1,25860,404.0625,404.0625,profile/mve_compact/192s.log
192s,mve_compact,gf_sqr,4,64,1,25860,404.0625,404.0625,profile/mve_compact/192s.log
192s,mve_compact,gf_sqr,5,64,1,25860,404.0625,404.0625,profile/mve_compact/192s.log
192s,mve_compact,gf_sqr,6,64,1,25860,404.0625,404.0625,profile/mve_compact/192s.log
192s,mve_compact,gf_sqr,7,64,1,25860,404.0625,404.0625,profile/mve_compact/192s.log
192s,mve_compact,gf_sqr,8,64,1,25860,404.0625,404.0625,profile/mve_compact/192s.log
192s,mve_compact,gf_sqr,9,64,1,25860,404.0625,404.0625,profile/mve_compact/192s.log
192s,mve_compact,gf_sqr,10,64,1,25860,404.0625,404.0625,profile/mve_compact/192s.log
192s,mve_compact,gf_sqr,11,64,1,25860,404.0625,404.0625,profile/mve_compact/192s.log
192s,mve_compact,gf_sqr,12,64,1,25860,404.0625,404.0625,profile/mve_compact/192s.log
192s,mve_compact,gf_sqr,13,64,1,25860,404.0625,404.0625,profile/mve_compact/192s.log
192s,mve_compact,gf_sqr,14,64,1,25860,404.0625,404.0625,profile/mve_compact/192s.log
192s,mve_compact,gf_sqr,15,64,1,25860,404.0625,404.0625,profile/mve_compact/192s.log
192s,mve_compact,gf_sqr,16,64,1,25860,404.0625,404.0625,profile/mve_compact/192s.log
192s,mve_compact,gf_sqr,17,64,1,25860,404.0625,404.0625,profile/mve_compact/192s.log
192s,mve_compact,gf_sqr,18,64,1,25860,404.0625,404.0625,profile/mve_compact/192s.log
192s,mve_compact,gf_sqr,19,64,1,25860,404.0625,404.0625,profile/mve_compact/192s.log
192s,mve_compact,gf_sqr,20,64,1,25860,404.0625,404.0625,profile/mve_compact/192s.log
192s,mve_compact,gf_sqr,21,64,1,25860,404.0625,404.0625,profile/mve_compact/192s.log
192s,mve_compact,gf_sqr,22,64,1,25860,404.0625,404.0625,profile/mve_compact/192s.log
192s,mve_compact,gf_sqr,23,64,1,25860,404.0625,404.0625,profile/mve_compact/192s.log
192s,mve_compact,gf_sqr,24,64,1,25860,404.0625,404.0625,profile/mve_compact/192s.log
192s,mve_compact,gf_sqr,25,64,1,25860,404.0625,404.0625,profile/mve_compact/192s.log
192s,mve_compact,gf_sqr,26,64,1,25860,404.0625,404.0625,profile/mve_compact/192s.log
192s,mve_compact,gf_sqr,27,64,1,25860,404.0625,404.0625,profile/mve_compact/192s.log
192s,mve_compact,gf_sqr,28,64,1,25860,404.0625,404.0625,profile/mve_compact/192s.log
192s,mve_compact,gf_sqr,29,64,1,25860,404.0625,404.0625,profile/mve_compact/192s.log
192s,mve_compact,gf_sqr,30,64,1,25860,404.0625,404.0625,profile/mve_compact/192s.log
192s,mve_compact,gf_inv,0,8,1,2786030,348253.75,348253.75,profile/mve_compact/192s.log
192s,mve_compact,gf_inv,1,8,1,2785814,348226.75,348226.75,profile/mve_compact/192s.log
192s,mve_compact,gf_inv,2,8,1,2785814,348226.75,348226.75,profile/mve_compact/192s.log
192s,mve_compact,gf_inv,3,8,1,2785814,348226.75,348226.75,profile/mve_compact/192s.log
192s,mve_compact,gf_inv,4,8,1,2785814,348226.75,348226.75,profile/mve_compact/192s.log
192s,mve_compact,gf_inv,5,8,1,2785814,348226.75,348226.75,profile/mve_compact/192s.log
192s,mve_compact,gf_inv,6,8,1,2785814,348226.75,348226.75,profile/mve_compact/192s.log
192s,mve_compact,gf_inv,7,8,1,2785815,348226.875,348226.875,profile/mve_compact/192s.log
192s,mve_compact,gf_inv,8,8,1,2785814,348226.75,348226.75,profile/mve_compact/192s.log
192s,mve_compact,gf_inv,9,8,1,2785814,348226.75,348226.75,profile/mve_compact/192s.log
192s,mve_compact,gf_inv,10,8,1,2785814,348226.75,348226.75,profile/mve_compact/192s.log
192s,mve_compact,gf_inv,11,8,1,2785814,348226.75,348226.75,profile/mve_compact/192s.log
192s,mve_compact,gf_inv,12,8,1,2785814,348226.75,348226.75,profile/mve_compact/192s.log
192s,mve_compact,gf_inv,13,8,1,2785814,348226.75,348226.75,profile/mve_compact/192s.log
192s,mve_compact,gf_inv,14,8,1,2785814,348226.75,348226.75,profile/mve_compact/192s.log
192s,mve_compact,gf_inv,15,8,1,2785814,348226.75,348226.75,profile/mve_compact/192s.log
192s,mve_compact,gf_inv,16,8,1,2785814,348226.75,348226.75,profile/mve_compact/192s.log
192s,mve_compact,gf_inv,17,8,1,2785814,348226.75,348226.75,profile/mve_compact/192s.log
192s,mve_compact,gf_inv,18,8,1,2785814,348226.75,348226.75,profile/mve_compact/192s.log
192s,mve_compact,gf_inv,19,8,1,2785814,348226.75,348226.75,profile/mve_compact/192s.log
192s,mve_compact,gf_inv,20,8,1,2785814,348226.75,348226.75,profile/mve_compact/192s.log
192s,mve_compact,gf_inv,21,8,1,2785814,348226.75,348226.75,profile/mve_compact/192s.log
192s,mve_compact,gf_inv,22,8,1,2785814,348226.75,348226.75,profile/mve_compact/192s.log
192s,mve_compact,gf_inv,23,8,1,2785814,348226.75,348226.75,profile/mve_compact/192s.log
192s,mve_compact,gf_inv,24,8,1,2785814,348226.75,348226.75,profile/mve_compact/192s.log
192s,mve_compact,gf_inv,25,8,1,2785814,348226.75,348226.75,profile/mve_compact/192s.log
192s,mve_compact,gf_inv,26,8,1,2785814,348226.75,348226.75,profile/mve_compact/192s.log
192s,mve_compact,gf_inv,27,8,1,2785814,348226.75,348226.75,profile/mve_compact/192s.log
192s,mve_compact,gf_inv,28,8,1,2785814,348226.75,348226.75,profile/mve_compact/192s.log
192s,mve_compact,gf_inv,29,8,1,2785815,348226.875,348226.875,profile/mve_compact/192s.log
192s,mve_compact,gf_inv,30,8,1,2785814,348226.75,348226.75,profile/mve_compact/192s.log
192s,mve_compact,gf_mat_vec_mul,0,64,1,469608,7337.625,7337.625,profile/mve_compact/192s.log
192s,mve_compact,gf_mat_vec_mul,1,64,1,469381,7334.078125,7334.078125,profile/mve_compact/192s.log
192s,mve_compact,gf_mat_vec_mul,2,64,1,469381,7334.078125,7334.078125,profile/mve_compact/192s.log
192s,mve_compact,gf_mat_vec_mul,3,64,1,469381,7334.078125,7334.078125,profile/mve_compact/192s.log
192s,mve_compact,gf_mat_vec_mul,4,64,1,469381,7334.078125,7334.078125,profile/mve_compact/192s.log
192s,mve_compact,gf_mat_vec_mul,5,64,1,469382,7334.09375,7334.09375,profile/mve_compact/192s.log
192s,mve_compact,gf_mat_vec_mul,6,64,1,469382,7334.09375,7334.09375,profile/mve_compact/192s.log
192s,mve_compact,gf_mat_vec_mul,7,64,1,469381,7334.078125,7334.078125,profile/mve_compact/192s.log
192s,mve_compact,gf_mat_vec_mul,8,64,1,469381,7334.078125,7334.078125,profile/mve_compact/192s.log
192s,mve_compact,gf_mat_vec_mul,9,64,1,469382,7334.09375,7334.09375,profile/mve_compact/192s.log
192s,mve_compact,gf_mat_vec_mul,10,64,1,469382,7334.09375,7334.09375,profile/mve_compact/192s.log
192s,mve_compact,gf_mat_vec_mul,11,64,1,469381,7334.078125,7334.078125,profile/mve_compact/192s.log
192s,mve_compact,gf_mat_vec_mul,12,64,1,469381,7334.078125,7334.078125,profile/mve_compact/192s.log
192s,mve_compact,gf_mat_vec_mul,13,64,1,469381,7334.078125,7334.078125,profile/mve_compact/192s.log
192s,mve_compact,gf_mat_vec_mul,14,64,1,469382,7334.09375,7334.09375,profile/mve_compact/192s.log
192s,mve_compact,gf_mat_vec_mul,15,64,1,469382,7334.09375,7334.09375,profile/mve_compact/192s.log
192s,mve_compact,gf_mat_vec_mul,16,64,1,469381,7334.078125,7334.078125,profile/mve_compact/192s.log
192s,mve_compact,gf_mat_vec_mul,17,64,1,469381,7334.078125,7334.078125,profile/mve_compact/192s.log
192s,mve_compact,gf_mat_vec_mul,18,64,1,469382,7334.09375,7334.09375,profile/mve_compact/192s.log
192s,mve_compact,gf_mat_vec_mul,19,64,1,469382,7334.09375,7334.09375,profile/mve_compact/192s.log
192s,mve_compact,gf_mat_vec_mul,20,64,1,469381,7334.078125,7334.078125,profile/mve_compact/192s.log
192s,mve_compact,gf_mat_vec_mul,21,64,1,469381,7334.078125,7334.078125,profile/mve_compact/192s.log
192s,mve_compact,gf_mat_vec_mul,22,64,1,469381,7334.078125,7334.078125,profile/mve_compact/192s.log
192s,mve_compact,gf_mat_vec_mul,23,64,1,469382,7334.09375,7334.09375,profile/mve_compact/192s.log
192s,mve_compact,gf_mat_vec_mul,24,64,1,469382,7334.09375,7334.09375,profile/mve_compact/192s.log
192s,mve_compact,gf_mat_vec_mul,25,64,1,469381,7334.078125,7334.078125,profile/mve_compact/192s.log
192s,mve_compact,gf_mat_vec_mul,26,64,1,469381,7334.078125,7334.078125,profile/mve_compact/192s.log
192s,mve_compact,gf_mat_vec_mul,27,64,1,469382,7334.09375,7334.09375,profile/mve_compact/192s.log
192s,mve_compact,gf_mat_vec_mul,28,64,1,469382,7334.09375,7334.09375,profile/mve_compact/192s.log
192s,mve_compact,gf_mat_vec_mul,29,64,1,469381,7334.078125,7334.078125,profile/mve_compact/192s.log
192s,mve_compact,gf_mat_vec_mul,30,64,1,469381,7334.078125,7334.078125,profile/mve_compact/192s.log
192s,mve_compact,gf_mat_vec_mul_add,0,64,1,472261,7379.078125,7379.078125,profile/mve_compact/192s.log
192s,mve_compact,gf_mat_vec_mul_add,1,64,1,472163,7377.546875,7377.546875,profile/mve_compact/192s.log
192s,mve_compact,gf_mat_vec_mul_add,2,64,1,472164,7377.5625,7377.5625,profile/mve_compact/192s.log
192s,mve_compact,gf_mat_vec_mul_add,3,64,1,472159,7377.484375,7377.484375,profile/mve_compact/192s.log
192s,mve_compact,gf_mat_vec_mul_add,4,64,1,472161,7377.515625,7377.515625,profile/mve_compact/192s.log
192s,mve_compact,gf_mat_vec_mul_add,5,64,1,472163,7377.546875,7377.546875,profile/mve_compact/192s.log
192s,mve_compact,gf_mat_vec_mul_add,6,64,1,472163,7377.546875,7377.546875,profile/mve_compact/192s.log
192s,mve_compact,gf_mat_vec_mul_add,7,64,1,472161,7377.515625,7377.515625,profile/mve_compact/192s.log
192s,mve_compact,gf_mat_vec_mul_add,8,64,1,472163,7377.546875,7377.546875,profile/mve_compact/192s.log
192s,mve_compact,gf_mat_vec_mul_add,9,64,1,472161,7377.515625,7377.515625,profile/mve_compact/192s.log
192s,mve_compact,gf_mat_vec_mul_add,10,64,1,472163,7377.546875,7377.546875,profile/mve_compact/192s.log
192s,mve_compact,gf_mat_vec_mul_add,11,64,1,472159,7377.484375,7377.484375,profile/mve_compact/192s.log
192s,mve_compact,gf_mat_vec_mul_add,12,64,1,472163,7377.546875,7377.546875,profile/mve_compact/192s.log
192s,mve_compact,gf_mat_vec_mul_add,13,64,1,472163,7377.546875,7377.546875,profile/mve_compact/192s.log
192s,mve_compact,gf_mat_vec_mul_add,14,64,1,472163,7377.546875,7377.546875,profile/mve_compact/192s.log
192s,mve_compact,gf_mat_vec_mul_add,15,64,1,472159,7377.484375,7377.484375,profile/mve_compact/192s.log
192s,mve_compact,gf_mat_vec_mul_add,16,64,1,472163,7377.546875,7377.546875,profile/mve_compact/192s.log
192s,mve_compact,gf_mat_vec_mul_add,17,64,1,472161,7377.515625,7377.515625,profile/mve_compact/192s.log
192s,mve_compact,gf_mat_vec_mul_add,18,64,1,472163,7377.546875,7377.546875,profile/mve_compact/192s.log
192s,mve_compact,gf_mat_vec_mul_add,19,64,1,472161,7377.515625,7377.515625,profile/mve_compact/192s.log
192s,mve_compact,gf_mat_vec_mul_add,20,64,1,472161,7377.515625,7377.515625,profile/mve_compact/192s.log
192s,mve_compact,gf_mat_vec_mul_add,21,64,1,472163,7377.546875,7377.546875,profile/mve_compact/192s.log
192s,mve_compact,gf_mat_vec_mul_add,22,64,1,472163,7377.546875,7377.546875,profile/mve_compact/192s.log
192s,mve_compact,gf_mat_vec_mul_add,23,64,1,472161,7377.515625,7377.515625,profile/mve_compact/192s.log
192s,mve_compact,gf_mat_vec_mul_add,24,64,1,472163,7377.546875,7377.546875,profile/mve_compact/192s.log
192s,mve_compact,gf_mat_vec_mul_add,25,64,1,472161,7377.515625,7377.515625,profile/mve_compact/192s.log
192s,mve_compact,gf_mat_vec_mul_add,26,64,1,472161,7377.515625,7377.515625,profile/mve_compact/192s.log
192s,mve_compact,gf_mat_vec_mul_add,27,64,1,472163,7377.546875,7377.546875,profile/mve_compact/192s.log
192s,mve_compact,gf_mat_vec_mul_add,28,64,1,472163,7377.546875,7377.546875,profile/mve_compact/192s.log
192s,mve_compact,gf_mat_vec_mul_add,29,64,1,472161,7377.515625,7377.515625,profile/mve_compact/192s.log
192s,mve_compact,gf_mat_vec_mul_add,30,64,1,472163,7377.546875,7377.546875,profile/mve_compact/192s.log
192s,mve_compact,gf_sqr_batch4,0,64,4,43436,678.6875,169.671875,profile/mve_compact/192s.log
192s,mve_compact,gf_sqr_batch4,1,64,4,41859,654.046875,163.51171875,profile/mve_compact/192s.log
192s,mve_compact,gf_sqr_batch4,2,64,4,41859,654.046875,163.51171875,profile/mve_compact/192s.log
192s,mve_compact,gf_sqr_batch4,3,64,4,41859,654.046875,163.51171875,profile/mve_compact/192s.log
192s,mve_compact,gf_sqr_batch4,4,64,4,41859,654.046875,163.51171875,profile/mve_compact/192s.log
192s,mve_compact,gf_sqr_batch4,5,64,4,41859,654.046875,163.51171875,profile/mve_compact/192s.log
192s,mve_compact,gf_sqr_batch4,6,64,4,41859,654.046875,163.51171875,profile/mve_compact/192s.log
192s,mve_compact,gf_sqr_batch4,7,64,4,41859,654.046875,163.51171875,profile/mve_compact/192s.log
192s,mve_compact,gf_sqr_batch4,8,64,4,41859,654.046875,163.51171875,profile/mve_compact/192s.log
192s,mve_compact,gf_sqr_batch4,9,64,4,41859,654.046875,163.51171875,profile/mve_compact/192s.log
192s,mve_compact,gf_sqr_batch4,10,64,4,41859,654.046875,163.51171875,profile/mve_compact/192s.log
192s,mve_compact,gf_sqr_batch4,11,64,4,41859,654.046875,163.51171875,profile/mve_compact/192s.log
192s,mve_compact,gf_sqr_batch4,12,64,4,41859,654.046875,163.51171875,profile/mve_compact/192s.log
192s,mve_compact,gf_sqr_batch4,13,64,4,41859,654.046875,163.51171875,profile/mve_compact/192s.log
192s,mve_compact,gf_sqr_batch4,14,64,4,41859,654.046875,163.51171875,profile/mve_compact/192s.log
192s,mve_compact,gf_sqr_batch4,15,64,4,41859,654.046875,163.51171875,profile/mve_compact/192s.log
192s,mve_compact,gf_sqr_batch4,16,64,4,41859,654.046875,163.51171875,profile/mve_compact/192s.log
192s,mve_compact,gf_sqr_batch4,17,64,4,41859,654.046875,163.51171875,profile/mve_compact/192s.log
192s,mve_compact,gf_sqr_batch4,18,64,4,41859,654.046875,163.51171875,profile/mve_compact/192s.log
192s,mve_compact,gf_sqr_batch4,19,64,4,41859,654.046875,163.51171875,profile/mve_compact/192s.log
192s,mve_compact,gf_sqr_batch4,20,64,4,41859,654.046875,163.51171875,profile/mve_compact/192s.log
192s,mve_compact,gf_sqr_batch4,21,64,4,41859,654.046875,163.51171875,profile/mve_compact/192s.log
192s,mve_compact,gf_sqr_batch4,22,64,4,41859,654.046875,163.51171875,profile/mve_compact/192s.log
192s,mve_compact,gf_sqr_batch4,23,64,4,41859,654.046875,163.51171875,profile/mve_compact/192s.log
192s,mve_compact,gf_sqr_batch4,24,64,4,41859,654.046875,163.51171875,profile/mve_compact/192s.log
192s,mve_compact,gf_sqr_batch4,25,64,4,41859,654.046875,163.51171875,profile/mve_compact/192s.log
192s,mve_compact,gf_sqr_batch4,26,64,4,41859,654.046875,163.51171875,profile/mve_compact/192s.log
192s,mve_compact,gf_sqr_batch4,27,64,4,41859,654.046875,163.51171875,profile/mve_compact/192s.log
192s,mve_compact,gf_sqr_batch4,28,64,4,41859,654.046875,163.51171875,profile/mve_compact/192s.log
192s,mve_compact,gf_sqr_batch4,29,64,4,41859,654.046875,163.51171875,profile/mve_compact/192s.log
192s,mve_compact,gf_sqr_batch4,30,64,4,41859,654.046875,163.51171875,profile/mve_compact/192s.log
192s,mve_compact,gf_frobenius_batch4_e11,0,8,4,28481,3560.125,890.03125,profile/mve_compact/192s.log
192s,mve_compact,gf_frobenius_batch4_e11,1,8,4,27452,3431.5,857.875,profile/mve_compact/192s.log
192s,mve_compact,gf_frobenius_batch4_e11,2,8,4,27452,3431.5,857.875,profile/mve_compact/192s.log
192s,mve_compact,gf_frobenius_batch4_e11,3,8,4,27452,3431.5,857.875,profile/mve_compact/192s.log
192s,mve_compact,gf_frobenius_batch4_e11,4,8,4,27452,3431.5,857.875,profile/mve_compact/192s.log
192s,mve_compact,gf_frobenius_batch4_e11,5,8,4,27452,3431.5,857.875,profile/mve_compact/192s.log
192s,mve_compact,gf_frobenius_batch4_e11,6,8,4,27452,3431.5,857.875,profile/mve_compact/192s.log
192s,mve_compact,gf_frobenius_batch4_e11,7,8,4,27452,3431.5,857.875,profile/mve_compact/192s.log
192s,mve_compact,gf_frobenius_batch4_e11,8,8,4,27452,3431.5,857.875,profile/mve_compact/192s.log
192s,mve_compact,gf_frobenius_batch4_e11,9,8,4,27452,3431.5,857.875,profile/mve_compact/192s.log
192s,mve_compact,gf_frobenius_batch4_e11,10,8,4,27452,3431.5,857.875,profile/mve_compact/192s.log
192s,mve_compact,gf_frobenius_batch4_e11,11,8,4,27452,3431.5,857.875,profile/mve_compact/192s.log
192s,mve_compact,gf_frobenius_batch4_e11,12,8,4,27452,3431.5,857.875,profile/mve_compact/192s.log
192s,mve_compact,gf_frobenius_batch4_e11,13,8,4,27452,3431.5,857.875,profile/mve_compact/192s.log
192s,mve_compact,gf_frobenius_batch4_e11,14,8,4,27452,3431.5,857.875,profile/mve_compact/192s.log
192s,mve_compact,gf_frobenius_batch4_e11,15,8,4,27452,3431.5,857.875,profile/mve_compact/192s.log
192s,mve_compact,gf_frobenius_batch4_e11,16,8,4,27452,3431.5,857.875,profile/mve_compact/192s.log
192s,mve_compact,gf_frobenius_batch4_e11,17,8,4,27452,3431.5,857.875,profile/mve_compact/192s.log
192s,mve_compact,gf_frobenius_batch4_e11,18,8,4,27452,3431.5,857.875,profile/mve_compact/192s.log
192s,mve_compact,gf_frobenius_batch4_e11,19,8,4,27452,3431.5,857.875,profile/mve_compact/192s.log
192s,mve_compact,gf_frobenius_batch4_e11,20,8,4,27452,3431.5,857.875,profile/mve_compact/192s.log
192s,mve_compact,gf_frobenius_batch4_e11,21,8,4,27452,3431.5,857.875,profile/mve_compact/192s.log
192s,mve_compact,gf_frobenius_batch4_e11,22,8,4,27452,3431.5,857.875,profile/mve_compact/192s.log
192s,mve_compact,gf_frobenius_batch4_e11,23,8,4,27452,3431.5,857.875,profile/mve_compact/192s.log
192s,mve_compact,gf_frobenius_batch4_e11,24,8,4,27452,3431.5,857.875,profile/mve_compact/192s.log
192s,mve_compact,gf_frobenius_batch4_e11,25,8,4,27452,3431.5,857.875,profile/mve_compact/192s.log
192s,mve_compact,gf_frobenius_batch4_e11,26,8,4,27452,3431.5,857.875,profile/mve_compact/192s.log
192s,mve_compact,gf_frobenius_batch4_e11,27,8,4,27452,3431.5,857.875,profile/mve_compact/192s.log
192s,mve_compact,gf_frobenius_batch4_e11,28,8,4,27452,3431.5,857.875,profile/mve_compact/192s.log
192s,mve_compact,gf_frobenius_batch4_e11,29,8,4,27452,3431.5,857.875,profile/mve_compact/192s.log
192s,mve_compact,gf_frobenius_batch4_e11,30,8,4,27452,3431.5,857.875,profile/mve_compact/192s.log
192s,mve_compact,gf_frobenius_batch4_e23,0,8,4,54225,6778.125,1694.53125,profile/mve_compact/192s.log
192s,mve_compact,gf_frobenius_batch4_e23,1,8,4,54044,6755.5,1688.875,profile/mve_compact/192s.log
192s,mve_compact,gf_frobenius_batch4_e23,2,8,4,54044,6755.5,1688.875,profile/mve_compact/192s.log
192s,mve_compact,gf_frobenius_batch4_e23,3,8,4,54044,6755.5,1688.875,profile/mve_compact/192s.log
192s,mve_compact,gf_frobenius_batch4_e23,4,8,4,54044,6755.5,1688.875,profile/mve_compact/192s.log
192s,mve_compact,gf_frobenius_batch4_e23,5,8,4,54044,6755.5,1688.875,profile/mve_compact/192s.log
192s,mve_compact,gf_frobenius_batch4_e23,6,8,4,54044,6755.5,1688.875,profile/mve_compact/192s.log
192s,mve_compact,gf_frobenius_batch4_e23,7,8,4,54044,6755.5,1688.875,profile/mve_compact/192s.log
192s,mve_compact,gf_frobenius_batch4_e23,8,8,4,54044,6755.5,1688.875,profile/mve_compact/192s.log
192s,mve_compact,gf_frobenius_batch4_e23,9,8,4,54044,6755.5,1688.875,profile/mve_compact/192s.log
192s,mve_compact,gf_frobenius_batch4_e23,10,8,4,54044,6755.5,1688.875,profile/mve_compact/192s.log
192s,mve_compact,gf_frobenius_batch4_e23,11,8,4,54044,6755.5,1688.875,profile/mve_compact/192s.log
192s,mve_compact,gf_frobenius_batch4_e23,12,8,4,54044,6755.5,1688.875,profile/mve_compact/192s.log
192s,mve_compact,gf_frobenius_batch4_e23,13,8,4,54044,6755.5,1688.875,profile/mve_compact/192s.log
192s,mve_compact,gf_frobenius_batch4_e23,14,8,4,54044,6755.5,1688.875,profile/mve_compact/192s.log
192s,mve_compact,gf_frobenius_batch4_e23,15,8,4,54044,6755.5,1688.875,profile/mve_compact/192s.log
192s,mve_compact,gf_frobenius_batch4_e23,16,8,4,54044,6755.5,1688.875,profile/mve_compact/192s.log
192s,mve_compact,gf_frobenius_batch4_e23,17,8,4,54044,6755.5,1688.875,profile/mve_compact/192s.log
192s,mve_compact,gf_frobenius_batch4_e23,18,8,4,54044,6755.5,1688.875,profile/mve_compact/192s.log
192s,mve_compact,gf_frobenius_batch4_e23,19,8,4,54044,6755.5,1688.875,profile/mve_compact/192s.log
192s,mve_compact,gf_frobenius_batch4_e23,20,8,4,54044,6755.5,1688.875,profile/mve_compact/192s.log
192s,mve_compact,gf_frobenius_batch4_e23,21,8,4,54044,6755.5,1688.875,profile/mve_compact/192s.log
192s,mve_compact,gf_frobenius_batch4_e23,22,8,4,54044,6755.5,1688.875,profile/mve_compact/192s.log
192s,mve_compact,gf_frobenius_batch4_e23,23,8,4,54044,6755.5,1688.875,profile/mve_compact/192s.log
192s,mve_compact,gf_frobenius_batch4_e23,24,8,4,54044,6755.5,1688.875,profile/mve_compact/192s.log
192s,mve_compact,gf_frobenius_batch4_e23,25,8,4,54044,6755.5,1688.875,profile/mve_compact/192s.log
192s,mve_compact,gf_frobenius_batch4_e23,26,8,4,54044,6755.5,1688.875,profile/mve_compact/192s.log
192s,mve_compact,gf_frobenius_batch4_e23,27,8,4,54044,6755.5,1688.875,profile/mve_compact/192s.log
192s,mve_compact,gf_frobenius_batch4_e23,28,8,4,54044,6755.5,1688.875,profile/mve_compact/192s.log
192s,mve_compact,gf_frobenius_batch4_e23,29,8,4,54044,6755.5,1688.875,profile/mve_compact/192s.log
192s,mve_compact,gf_frobenius_batch4_e23,30,8,4,54044,6755.5,1688.875,profile/mve_compact/192s.log
192s,mve_compact,gf_frobenius_batch4_e47,0,8,4,107287,13410.875,3352.71875,profile/mve_compact/192s.log
192s,mve_compact,gf_frobenius_batch4_e47,1,8,4,107228,13403.5,3350.875,profile/mve_compact/192s.log
192s,mve_compact,gf_frobenius_batch4_e47,2,8,4,107228,13403.5,3350.875,profile/mve_compact/192s.log
192s,mve_compact,gf_frobenius_batch4_e47,3,8,4,107228,13403.5,3350.875,profile/mve_compact/192s.log
192s,mve_compact,gf_frobenius_batch4_e47,4,8,4,107228,13403.5,3350.875,profile/mve_compact/192s.log
192s,mve_compact,gf_frobenius_batch4_e47,5,8,4,107228,13403.5,3350.875,profile/mve_compact/192s.log
192s,mve_compact,gf_frobenius_batch4_e47,6,8,4,107228,13403.5,3350.875,profile/mve_compact/192s.log
192s,mve_compact,gf_frobenius_batch4_e47,7,8,4,107228,13403.5,3350.875,profile/mve_compact/192s.log
192s,mve_compact,gf_frobenius_batch4_e47,8,8,4,107228,13403.5,3350.875,profile/mve_compact/192s.log
192s,mve_compact,gf_frobenius_batch4_e47,9,8,4,107228,13403.5,3350.875,profile/mve_compact/192s.log
192s,mve_compact,gf_frobenius_batch4_e47,10,8,4,107228,13403.5,3350.875,profile/mve_compact/192s.log
192s,mve_compact,gf_frobenius_batch4_e47,11,8,4,107228,13403.5,3350.875,profile/mve_compact/192s.log
192s,mve_compact,gf_frobenius_batch4_e47,12,8,4,107228,13403.5,3350.875,profile/mve_compact/192s.log
192s,mve_compact,gf_frobenius_batch4_e47,13,8,4,107228,13403.5,3350.875,profile/mve_compact/192s.log
192s,mve_compact,gf_frobenius_batch4_e47,14,8,4,107228,13403.5,3350.875,profile/mve_compact/192s.log
192s,mve_compact,gf_frobenius_batch4_e47,15,8,4,107228,13403.5,3350.875,profile/mve_compact/192s.log
192s,mve_compact,gf_frobenius_batch4_e47,16,8,4,107228,13403.5,3350.875,profile/mve_compact/192s.log
192s,mve_compact,gf_frobenius_batch4_e47,17,8,4,107228,13403.5,3350.875,profile/mve_compact/192s.log
192s,mve_compact,gf_frobenius_batch4_e47,18,8,4,107228,13403.5,3350.875,profile/mve_compact/192s.log
192s,mve_compact,gf_frobenius_batch4_e47,19,8,4,107228,13403.5,3350.875,profile/mve_compact/192s.log
192s,mve_compact,gf_frobenius_batch4_e47,20,8,4,107228,13403.5,3350.875,profile/mve_compact/192s.log
192s,mve_compact,gf_frobenius_batch4_e47,21,8,4,107228,13403.5,3350.875,profile/mve_compact/192s.log
192s,mve_compact,gf_frobenius_batch4_e47,22,8,4,107228,13403.5,3350.875,profile/mve_compact/192s.log
192s,mve_compact,gf_frobenius_batch4_e47,23,8,4,107228,13403.5,3350.875,profile/mve_compact/192s.log
192s,mve_compact,gf_frobenius_batch4_e47,24,8,4,107228,13403.5,3350.875,profile/mve_compact/192s.log
192s,mve_compact,gf_frobenius_batch4_e47,25,8,4,107228,13403.5,3350.875,profile/mve_compact/192s.log
192s,mve_compact,gf_frobenius_batch4_e47,26,8,4,107228,13403.5,3350.875,profile/mve_compact/192s.log
192s,mve_compact,gf_frobenius_batch4_e47,27,8,4,107228,13403.5,3350.875,profile/mve_compact/192s.log
192s,mve_compact,gf_frobenius_batch4_e47,28,8,4,107228,13403.5,3350.875,profile/mve_compact/192s.log
192s,mve_compact,gf_frobenius_batch4_e47,29,8,4,107228,13403.5,3350.875,profile/mve_compact/192s.log
192s,mve_compact,gf_frobenius_batch4_e47,30,8,4,107228,13403.5,3350.875,profile/mve_compact/192s.log
192s,mve_compact,gf_mul_const_batch4,0,64,4,1267048,19797.625,4949.40625,profile/mve_compact/192s.log
192s,mve_compact,gf_mul_const_batch4,1,64,4,1265989,19781.078125,4945.26953125,profile/mve_compact/192s.log
192s,mve_compact,gf_mul_const_batch4,2,64,4,1265989,19781.078125,4945.26953125,profile/mve_compact/192s.log
192s,mve_compact,gf_mul_const_batch4,3,64,4,1265989,19781.078125,4945.26953125,profile/mve_compact/192s.log
192s,mve_compact,gf_mul_const_batch4,4,64,4,1265989,19781.078125,4945.26953125,profile/mve_compact/192s.log
192s,mve_compact,gf_mul_const_batch4,5,64,4,1265989,19781.078125,4945.26953125,profile/mve_compact/192s.log
192s,mve_compact,gf_mul_const_batch4,6,64,4,1265989,19781.078125,4945.26953125,profile/mve_compact/192s.log
192s,mve_compact,gf_mul_const_batch4,7,64,4,1265989,19781.078125,4945.26953125,profile/mve_compact/192s.log
192s,mve_compact,gf_mul_const_batch4,8,64,4,1265989,19781.078125,4945.26953125,profile/mve_compact/192s.log
192s,mve_compact,gf_mul_const_batch4,9,64,4,1265989,19781.078125,4945.26953125,profile/mve_compact/192s.log
192s,mve_compact,gf_mul_const_batch4,10,64,4,1265989,19781.078125,4945.26953125,profile/mve_compact/192s.log
192s,mve_compact,gf_mul_const_batch4,11,64,4,1265989,19781.078125,4945.26953125,profile/mve_compact/192s.log
192s,mve_compact,gf_mul_const_batch4,12,64,4,1265990,19781.09375,4945.2734375,profile/mve_compact/192s.log
192s,mve_compact,gf_mul_const_batch4,13,64,4,1265989,19781.078125,4945.26953125,profile/mve_compact/192s.log
192s,mve_compact,gf_mul_const_batch4,14,64,4,1265989,19781.078125,4945.26953125,profile/mve_compact/192s.log
192s,mve_compact,gf_mul_const_batch4,15,64,4,1265989,19781.078125,4945.26953125,profile/mve_compact/192s.log
192s,mve_compact,gf_mul_const_batch4,16,64,4,1265989,19781.078125,4945.26953125,profile/mve_compact/192s.log
192s,mve_compact,gf_mul_const_batch4,17,64,4,1265989,19781.078125,4945.26953125,profile/mve_compact/192s.log
192s,mve_compact,gf_mul_const_batch4,18,64,4,1265989,19781.078125,4945.26953125,profile/mve_compact/192s.log
192s,mve_compact,gf_mul_const_batch4,19,64,4,1265989,19781.078125,4945.26953125,profile/mve_compact/192s.log
192s,mve_compact,gf_mul_const_batch4,20,64,4,1265989,19781.078125,4945.26953125,profile/mve_compact/192s.log
192s,mve_compact,gf_mul_const_batch4,21,64,4,1265989,19781.078125,4945.26953125,profile/mve_compact/192s.log
192s,mve_compact,gf_mul_const_batch4,22,64,4,1265989,19781.078125,4945.26953125,profile/mve_compact/192s.log
192s,mve_compact,gf_mul_const_batch4,23,64,4,1265989,19781.078125,4945.26953125,profile/mve_compact/192s.log
192s,mve_compact,gf_mul_const_batch4,24,64,4,1265989,19781.078125,4945.26953125,profile/mve_compact/192s.log
192s,mve_compact,gf_mul_const_batch4,25,64,4,1265989,19781.078125,4945.26953125,profile/mve_compact/192s.log
192s,mve_compact,gf_mul_const_batch4,26,64,4,1265989,19781.078125,4945.26953125,profile/mve_compact/192s.log
192s,mve_compact,gf_mul_const_batch4,27,64,4,1265989,19781.078125,4945.26953125,profile/mve_compact/192s.log
192s,mve_compact,gf_mul_const_batch4,28,64,4,1265989,19781.078125,4945.26953125,profile/mve_compact/192s.log
192s,mve_compact,gf_mul_const_batch4,29,64,4,1265989,19781.078125,4945.26953125,profile/mve_compact/192s.log
192s,mve_compact,gf_mul_const_batch4,30,64,4,1265989,19781.078125,4945.26953125,profile/mve_compact/192s.log
192s,mve_compact,aim3_mpc_batch4,0,8,4,1146770,143346.25,35836.5625,profile/mve_compact/192s.log
192s,mve_compact,aim3_mpc_batch4,1,8,4,1145151,143143.875,35785.96875,profile/mve_compact/192s.log
192s,mve_compact,aim3_mpc_batch4,2,8,4,1145152,143144.0,35786.0,profile/mve_compact/192s.log
192s,mve_compact,aim3_mpc_batch4,3,8,4,1145155,143144.375,35786.09375,profile/mve_compact/192s.log
192s,mve_compact,aim3_mpc_batch4,4,8,4,1145150,143143.75,35785.9375,profile/mve_compact/192s.log
192s,mve_compact,aim3_mpc_batch4,5,8,4,1145155,143144.375,35786.09375,profile/mve_compact/192s.log
192s,mve_compact,aim3_mpc_batch4,6,8,4,1145151,143143.875,35785.96875,profile/mve_compact/192s.log
192s,mve_compact,aim3_mpc_batch4,7,8,4,1145151,143143.875,35785.96875,profile/mve_compact/192s.log
192s,mve_compact,aim3_mpc_batch4,8,8,4,1145152,143144.0,35786.0,profile/mve_compact/192s.log
192s,mve_compact,aim3_mpc_batch4,9,8,4,1145151,143143.875,35785.96875,profile/mve_compact/192s.log
192s,mve_compact,aim3_mpc_batch4,10,8,4,1145154,143144.25,35786.0625,profile/mve_compact/192s.log
192s,mve_compact,aim3_mpc_batch4,11,8,4,1145155,143144.375,35786.09375,profile/mve_compact/192s.log
192s,mve_compact,aim3_mpc_batch4,12,8,4,1145151,143143.875,35785.96875,profile/mve_compact/192s.log
192s,mve_compact,aim3_mpc_batch4,13,8,4,1145153,143144.125,35786.03125,profile/mve_compact/192s.log
192s,mve_compact,aim3_mpc_batch4,14,8,4,1145154,143144.25,35786.0625,profile/mve_compact/192s.log
192s,mve_compact,aim3_mpc_batch4,15,8,4,1145149,143143.625,35785.90625,profile/mve_compact/192s.log
192s,mve_compact,aim3_mpc_batch4,16,8,4,1145155,143144.375,35786.09375,profile/mve_compact/192s.log
192s,mve_compact,aim3_mpc_batch4,17,8,4,1145154,143144.25,35786.0625,profile/mve_compact/192s.log
192s,mve_compact,aim3_mpc_batch4,18,8,4,1145150,143143.75,35785.9375,profile/mve_compact/192s.log
192s,mve_compact,aim3_mpc_batch4,19,8,4,1145153,143144.125,35786.03125,profile/mve_compact/192s.log
192s,mve_compact,aim3_mpc_batch4,20,8,4,1145153,143144.125,35786.03125,profile/mve_compact/192s.log
192s,mve_compact,aim3_mpc_batch4,21,8,4,1145149,143143.625,35785.90625,profile/mve_compact/192s.log
192s,mve_compact,aim3_mpc_batch4,22,8,4,1145155,143144.375,35786.09375,profile/mve_compact/192s.log
192s,mve_compact,aim3_mpc_batch4,23,8,4,1145150,143143.75,35785.9375,profile/mve_compact/192s.log
192s,mve_compact,aim3_mpc_batch4,24,8,4,1145151,143143.875,35785.96875,profile/mve_compact/192s.log
192s,mve_compact,aim3_mpc_batch4,25,8,4,1145154,143144.25,35786.0625,profile/mve_compact/192s.log
192s,mve_compact,aim3_mpc_batch4,26,8,4,1145154,143144.25,35786.0625,profile/mve_compact/192s.log
192s,mve_compact,aim3_mpc_batch4,27,8,4,1145153,143144.125,35786.03125,profile/mve_compact/192s.log
192s,mve_compact,aim3_mpc_batch4,28,8,4,1145156,143144.5,35786.125,profile/mve_compact/192s.log
192s,mve_compact,aim3_mpc_batch4,29,8,4,1145151,143143.875,35785.96875,profile/mve_compact/192s.log
192s,mve_compact,aim3_mpc_batch4,30,8,4,1145152,143144.0,35786.0,profile/mve_compact/192s.log
192s,mve_compact,aim3_mpc_batch4_affine,0,8,4,952681,119085.125,29771.28125,profile/mve_compact/192s.log
192s,mve_compact,aim3_mpc_batch4_affine,1,8,4,951857,118982.125,29745.53125,profile/mve_compact/192s.log
192s,mve_compact,aim3_mpc_batch4_affine,2,8,4,951858,118982.25,29745.5625,profile/mve_compact/192s.log
192s,mve_compact,aim3_mpc_batch4_affine,3,8,4,951861,118982.625,29745.65625,profile/mve_compact/192s.log
192s,mve_compact,aim3_mpc_batch4_affine,4,8,4,951856,118982.0,29745.5,profile/mve_compact/192s.log
192s,mve_compact,aim3_mpc_batch4_affine,5,8,4,951861,118982.625,29745.65625,profile/mve_compact/192s.log
192s,mve_compact,aim3_mpc_batch4_affine,6,8,4,951856,118982.0,29745.5,profile/mve_compact/192s.log
192s,mve_compact,aim3_mpc_batch4_affine,7,8,4,951856,118982.0,29745.5,profile/mve_compact/192s.log
192s,mve_compact,aim3_mpc_batch4_affine,8,8,4,951858,118982.25,29745.5625,profile/mve_compact/192s.log
192s,mve_compact,aim3_mpc_batch4_affine,9,8,4,951857,118982.125,29745.53125,profile/mve_compact/192s.log
192s,mve_compact,aim3_mpc_batch4_affine,10,8,4,951859,118982.375,29745.59375,profile/mve_compact/192s.log
192s,mve_compact,aim3_mpc_batch4_affine,11,8,4,951861,118982.625,29745.65625,profile/mve_compact/192s.log
192s,mve_compact,aim3_mpc_batch4_affine,12,8,4,951856,118982.0,29745.5,profile/mve_compact/192s.log
192s,mve_compact,aim3_mpc_batch4_affine,13,8,4,951858,118982.25,29745.5625,profile/mve_compact/192s.log
192s,mve_compact,aim3_mpc_batch4_affine,14,8,4,951860,118982.5,29745.625,profile/mve_compact/192s.log
192s,mve_compact,aim3_mpc_batch4_affine,15,8,4,951855,118981.875,29745.46875,profile/mve_compact/192s.log
192s,mve_compact,aim3_mpc_batch4_affine,16,8,4,951861,118982.625,29745.65625,profile/mve_compact/192s.log
192s,mve_compact,aim3_mpc_batch4_affine,17,8,4,951860,118982.5,29745.625,profile/mve_compact/192s.log
192s,mve_compact,aim3_mpc_batch4_affine,18,8,4,951856,118982.0,29745.5,profile/mve_compact/192s.log
192s,mve_compact,aim3_mpc_batch4_affine,19,8,4,951858,118982.25,29745.5625,profile/mve_compact/192s.log
192s,mve_compact,aim3_mpc_batch4_affine,20,8,4,951859,118982.375,29745.59375,profile/mve_compact/192s.log
192s,mve_compact,aim3_mpc_batch4_affine,21,8,4,951855,118981.875,29745.46875,profile/mve_compact/192s.log
192s,mve_compact,aim3_mpc_batch4_affine,22,8,4,951861,118982.625,29745.65625,profile/mve_compact/192s.log
192s,mve_compact,aim3_mpc_batch4_affine,23,8,4,951855,118981.875,29745.46875,profile/mve_compact/192s.log
192s,mve_compact,aim3_mpc_batch4_affine,24,8,4,951856,118982.0,29745.5,profile/mve_compact/192s.log
192s,mve_compact,aim3_mpc_batch4_affine,25,8,4,951860,118982.5,29745.625,profile/mve_compact/192s.log
192s,mve_compact,aim3_mpc_batch4_affine,26,8,4,951860,118982.5,29745.625,profile/mve_compact/192s.log
192s,mve_compact,aim3_mpc_batch4_affine,27,8,4,951858,118982.25,29745.5625,profile/mve_compact/192s.log
192s,mve_compact,aim3_mpc_batch4_affine,28,8,4,951862,118982.75,29745.6875,profile/mve_compact/192s.log
192s,mve_compact,aim3_mpc_batch4_affine,29,8,4,951856,118982.0,29745.5,profile/mve_compact/192s.log
192s,mve_compact,aim3_mpc_batch4_affine,30,8,4,951857,118982.125,29745.53125,profile/mve_compact/192s.log
192s,mve_compact,aim3_mpc_batch4_frobenius,0,8,4,193296,24162.0,6040.5,profile/mve_compact/192s.log
192s,mve_compact,aim3_mpc_batch4_frobenius,1,8,4,192752,24094.0,6023.5,profile/mve_compact/192s.log
192s,mve_compact,aim3_mpc_batch4_frobenius,2,8,4,192752,24094.0,6023.5,profile/mve_compact/192s.log
192s,mve_compact,aim3_mpc_batch4_frobenius,3,8,4,192752,24094.0,6023.5,profile/mve_compact/192s.log
192s,mve_compact,aim3_mpc_batch4_frobenius,4,8,4,192752,24094.0,6023.5,profile/mve_compact/192s.log
192s,mve_compact,aim3_mpc_batch4_frobenius,5,8,4,192752,24094.0,6023.5,profile/mve_compact/192s.log
192s,mve_compact,aim3_mpc_batch4_frobenius,6,8,4,192752,24094.0,6023.5,profile/mve_compact/192s.log
192s,mve_compact,aim3_mpc_batch4_frobenius,7,8,4,192752,24094.0,6023.5,profile/mve_compact/192s.log
192s,mve_compact,aim3_mpc_batch4_frobenius,8,8,4,192752,24094.0,6023.5,profile/mve_compact/192s.log
192s,mve_compact,aim3_mpc_batch4_frobenius,9,8,4,192752,24094.0,6023.5,profile/mve_compact/192s.log
192s,mve_compact,aim3_mpc_batch4_frobenius,10,8,4,192752,24094.0,6023.5,profile/mve_compact/192s.log
192s,mve_compact,aim3_mpc_batch4_frobenius,11,8,4,192752,24094.0,6023.5,profile/mve_compact/192s.log
192s,mve_compact,aim3_mpc_batch4_frobenius,12,8,4,192752,24094.0,6023.5,profile/mve_compact/192s.log
192s,mve_compact,aim3_mpc_batch4_frobenius,13,8,4,192752,24094.0,6023.5,profile/mve_compact/192s.log
192s,mve_compact,aim3_mpc_batch4_frobenius,14,8,4,192752,24094.0,6023.5,profile/mve_compact/192s.log
192s,mve_compact,aim3_mpc_batch4_frobenius,15,8,4,192752,24094.0,6023.5,profile/mve_compact/192s.log
192s,mve_compact,aim3_mpc_batch4_frobenius,16,8,4,192752,24094.0,6023.5,profile/mve_compact/192s.log
192s,mve_compact,aim3_mpc_batch4_frobenius,17,8,4,192752,24094.0,6023.5,profile/mve_compact/192s.log
192s,mve_compact,aim3_mpc_batch4_frobenius,18,8,4,192752,24094.0,6023.5,profile/mve_compact/192s.log
192s,mve_compact,aim3_mpc_batch4_frobenius,19,8,4,192752,24094.0,6023.5,profile/mve_compact/192s.log
192s,mve_compact,aim3_mpc_batch4_frobenius,20,8,4,192752,24094.0,6023.5,profile/mve_compact/192s.log
192s,mve_compact,aim3_mpc_batch4_frobenius,21,8,4,192752,24094.0,6023.5,profile/mve_compact/192s.log
192s,mve_compact,aim3_mpc_batch4_frobenius,22,8,4,192752,24094.0,6023.5,profile/mve_compact/192s.log
192s,mve_compact,aim3_mpc_batch4_frobenius,23,8,4,192752,24094.0,6023.5,profile/mve_compact/192s.log
192s,mve_compact,aim3_mpc_batch4_frobenius,24,8,4,192752,24094.0,6023.5,profile/mve_compact/192s.log
192s,mve_compact,aim3_mpc_batch4_frobenius,25,8,4,192752,24094.0,6023.5,profile/mve_compact/192s.log
192s,mve_compact,aim3_mpc_batch4_frobenius,26,8,4,192752,24094.0,6023.5,profile/mve_compact/192s.log
192s,mve_compact,aim3_mpc_batch4_frobenius,27,8,4,192752,24094.0,6023.5,profile/mve_compact/192s.log
192s,mve_compact,aim3_mpc_batch4_frobenius,28,8,4,192752,24094.0,6023.5,profile/mve_compact/192s.log
192s,mve_compact,aim3_mpc_batch4_frobenius,29,8,4,192752,24094.0,6023.5,profile/mve_compact/192s.log
192s,mve_compact,aim3_mpc_batch4_frobenius,30,8,4,192752,24094.0,6023.5,profile/mve_compact/192s.log
192s,mve_compact,aim3_mpc_scalar,0,8,1,499651,62456.375,62456.375,profile/mve_compact/192s.log
192s,mve_compact,aim3_mpc_scalar,1,8,1,498525,62315.625,62315.625,profile/mve_compact/192s.log
192s,mve_compact,aim3_mpc_scalar,2,8,1,498524,62315.5,62315.5,profile/mve_compact/192s.log
192s,mve_compact,aim3_mpc_scalar,3,8,1,498529,62316.125,62316.125,profile/mve_compact/192s.log
192s,mve_compact,aim3_mpc_scalar,4,8,1,498524,62315.5,62315.5,profile/mve_compact/192s.log
192s,mve_compact,aim3_mpc_scalar,5,8,1,498525,62315.625,62315.625,profile/mve_compact/192s.log
192s,mve_compact,aim3_mpc_scalar,6,8,1,498525,62315.625,62315.625,profile/mve_compact/192s.log
192s,mve_compact,aim3_mpc_scalar,7,8,1,498524,62315.5,62315.5,profile/mve_compact/192s.log
192s,mve_compact,aim3_mpc_scalar,8,8,1,498525,62315.625,62315.625,profile/mve_compact/192s.log
192s,mve_compact,aim3_mpc_scalar,9,8,1,498519,62314.875,62314.875,profile/mve_compact/192s.log
192s,mve_compact,aim3_mpc_scalar,10,8,1,498520,62315.0,62315.0,profile/mve_compact/192s.log
192s,mve_compact,aim3_mpc_scalar,11,8,1,498519,62314.875,62314.875,profile/mve_compact/192s.log
192s,mve_compact,aim3_mpc_scalar,12,8,1,498519,62314.875,62314.875,profile/mve_compact/192s.log
192s,mve_compact,aim3_mpc_scalar,13,8,1,498520,62315.0,62315.0,profile/mve_compact/192s.log
192s,mve_compact,aim3_mpc_scalar,14,8,1,498519,62314.875,62314.875,profile/mve_compact/192s.log
192s,mve_compact,aim3_mpc_scalar,15,8,1,498519,62314.875,62314.875,profile/mve_compact/192s.log
192s,mve_compact,aim3_mpc_scalar,16,8,1,498520,62315.0,62315.0,profile/mve_compact/192s.log
192s,mve_compact,aim3_mpc_scalar,17,8,1,498519,62314.875,62314.875,profile/mve_compact/192s.log
192s,mve_compact,aim3_mpc_scalar,18,8,1,498519,62314.875,62314.875,profile/mve_compact/192s.log
192s,mve_compact,aim3_mpc_scalar,19,8,1,498520,62315.0,62315.0,profile/mve_compact/192s.log
192s,mve_compact,aim3_mpc_scalar,20,8,1,498519,62314.875,62314.875,profile/mve_compact/192s.log
192s,mve_compact,aim3_mpc_scalar,21,8,1,498519,62314.875,62314.875,profile/mve_compact/192s.log
192s,mve_compact,aim3_mpc_scalar,22,8,1,498520,62315.0,62315.0,profile/mve_compact/192s.log
192s,mve_compact,aim3_mpc_scalar,23,8,1,498519,62314.875,62314.875,profile/mve_compact/192s.log
192s,mve_compact,aim3_mpc_scalar,24,8,1,498519,62314.875,62314.875,profile/mve_compact/192s.log
192s,mve_compact,aim3_mpc_scalar,25,8,1,498521,62315.125,62315.125,profile/mve_compact/192s.log
192s,mve_compact,aim3_mpc_scalar,26,8,1,498519,62314.875,62314.875,profile/mve_compact/192s.log
192s,mve_compact,aim3_mpc_scalar,27,8,1,498519,62314.875,62314.875,profile/mve_compact/192s.log
192s,mve_compact,aim3_mpc_scalar,28,8,1,498520,62315.0,62315.0,profile/mve_compact/192s.log
192s,mve_compact,aim3_mpc_scalar,29,8,1,498519,62314.875,62314.875,profile/mve_compact/192s.log
192s,mve_compact,aim3_mpc_scalar,30,8,1,498519,62314.875,62314.875,profile/mve_compact/192s.log
256f,mve_compact,gf_mul,0,64,1,147747,2308.546875,2308.546875,profile/mve_compact/256f.log
256f,mve_compact,gf_mul,1,64,1,146438,2288.09375,2288.09375,profile/mve_compact/256f.log
256f,mve_compact,gf_mul,2,64,1,146438,2288.09375,2288.09375,profile/mve_compact/256f.log
256f,mve_compact,gf_mul,3,64,1,146438,2288.09375,2288.09375,profile/mve_compact/256f.log
256f,mve_compact,gf_mul,4,64,1,146438,2288.09375,2288.09375,profile/mve_compact/256f.log
256f,mve_compact,gf_mul,5,64,1,146438,2288.09375,2288.09375,profile/mve_compact/256f.log
256f,mve_compact,gf_mul,6,64,1,146438,2288.09375,2288.09375,profile/mve_compact/256f.log
256f,mve_compact,gf_mul,7,64,1,146438,2288.09375,2288.09375,profile/mve_compact/256f.log
256f,mve_compact,gf_mul,8,64,1,146438,2288.09375,2288.09375,profile/mve_compact/256f.log
256f,mve_compact,gf_mul,9,64,1,146438,2288.09375,2288.09375,profile/mve_compact/256f.log
256f,mve_compact,gf_mul,10,64,1,146438,2288.09375,2288.09375,profile/mve_compact/256f.log
256f,mve_compact,gf_mul,11,64,1,146438,2288.09375,2288.09375,profile/mve_compact/256f.log
256f,mve_compact,gf_mul,12,64,1,146438,2288.09375,2288.09375,profile/mve_compact/256f.log
256f,mve_compact,gf_mul,13,64,1,146438,2288.09375,2288.09375,profile/mve_compact/256f.log
256f,mve_compact,gf_mul,14,64,1,146438,2288.09375,2288.09375,profile/mve_compact/256f.log
256f,mve_compact,gf_mul,15,64,1,146438,2288.09375,2288.09375,profile/mve_compact/256f.log
256f,mve_compact,gf_mul,16,64,1,146438,2288.09375,2288.09375,profile/mve_compact/256f.log
256f,mve_compact,gf_mul,17,64,1,146438,2288.09375,2288.09375,profile/mve_compact/256f.log
256f,mve_compact,gf_mul,18,64,1,146438,2288.09375,2288.09375,profile/mve_compact/256f.log
256f,mve_compact,gf_mul,19,64,1,146438,2288.09375,2288.09375,profile/mve_compact/256f.log
256f,mve_compact,gf_mul,20,64,1,146438,2288.09375,2288.09375,profile/mve_compact/256f.log
256f,mve_compact,gf_mul,21,64,1,146438,2288.09375,2288.09375,profile/mve_compact/256f.log
256f,mve_compact,gf_mul,22,64,1,146438,2288.09375,2288.09375,profile/mve_compact/256f.log
256f,mve_compact,gf_mul,23,64,1,146438,2288.09375,2288.09375,profile/mve_compact/256f.log
256f,mve_compact,gf_mul,24,64,1,146438,2288.09375,2288.09375,profile/mve_compact/256f.log
256f,mve_compact,gf_mul,25,64,1,146438,2288.09375,2288.09375,profile/mve_compact/256f.log
256f,mve_compact,gf_mul,26,64,1,146438,2288.09375,2288.09375,profile/mve_compact/256f.log
256f,mve_compact,gf_mul,27,64,1,146438,2288.09375,2288.09375,profile/mve_compact/256f.log
256f,mve_compact,gf_mul,28,64,1,146438,2288.09375,2288.09375,profile/mve_compact/256f.log
256f,mve_compact,gf_mul,29,64,1,146438,2288.09375,2288.09375,profile/mve_compact/256f.log
256f,mve_compact,gf_mul,30,64,1,146438,2288.09375,2288.09375,profile/mve_compact/256f.log
256f,mve_compact,gf_sqr,0,64,1,37925,592.578125,592.578125,profile/mve_compact/256f.log
256f,mve_compact,gf_sqr,1,64,1,36228,566.0625,566.0625,profile/mve_compact/256f.log
256f,mve_compact,gf_sqr,2,64,1,36228,566.0625,566.0625,profile/mve_compact/256f.log
256f,mve_compact,gf_sqr,3,64,1,36228,566.0625,566.0625,profile/mve_compact/256f.log
256f,mve_compact,gf_sqr,4,64,1,36228,566.0625,566.0625,profile/mve_compact/256f.log
256f,mve_compact,gf_sqr,5,64,1,36228,566.0625,566.0625,profile/mve_compact/256f.log
256f,mve_compact,gf_sqr,6,64,1,36228,566.0625,566.0625,profile/mve_compact/256f.log
256f,mve_compact,gf_sqr,7,64,1,36228,566.0625,566.0625,profile/mve_compact/256f.log
256f,mve_compact,gf_sqr,8,64,1,36228,566.0625,566.0625,profile/mve_compact/256f.log
256f,mve_compact,gf_sqr,9,64,1,36228,566.0625,566.0625,profile/mve_compact/256f.log
256f,mve_compact,gf_sqr,10,64,1,36228,566.0625,566.0625,profile/mve_compact/256f.log
256f,mve_compact,gf_sqr,11,64,1,36228,566.0625,566.0625,profile/mve_compact/256f.log
256f,mve_compact,gf_sqr,12,64,1,36228,566.0625,566.0625,profile/mve_compact/256f.log
256f,mve_compact,gf_sqr,13,64,1,36228,566.0625,566.0625,profile/mve_compact/256f.log
256f,mve_compact,gf_sqr,14,64,1,36228,566.0625,566.0625,profile/mve_compact/256f.log
256f,mve_compact,gf_sqr,15,64,1,36228,566.0625,566.0625,profile/mve_compact/256f.log
256f,mve_compact,gf_sqr,16,64,1,36228,566.0625,566.0625,profile/mve_compact/256f.log
256f,mve_compact,gf_sqr,17,64,1,36228,566.0625,566.0625,profile/mve_compact/256f.log
256f,mve_compact,gf_sqr,18,64,1,36228,566.0625,566.0625,profile/mve_compact/256f.log
256f,mve_compact,gf_sqr,19,64,1,36228,566.0625,566.0625,profile/mve_compact/256f.log
256f,mve_compact,gf_sqr,20,64,1,36228,566.0625,566.0625,profile/mve_compact/256f.log
256f,mve_compact,gf_sqr,21,64,1,36228,566.0625,566.0625,profile/mve_compact/256f.log
256f,mve_compact,gf_sqr,22,64,1,36228,566.0625,566.0625,profile/mve_compact/256f.log
256f,mve_compact,gf_sqr,23,64,1,36228,566.0625,566.0625,profile/mve_compact/256f.log
256f,mve_compact,gf_sqr,24,64,1,36228,566.0625,566.0625,profile/mve_compact/256f.log
256f,mve_compact,gf_sqr,25,64,1,36228,566.0625,566.0625,profile/mve_compact/256f.log
256f,mve_compact,gf_sqr,26,64,1,36228,566.0625,566.0625,profile/mve_compact/256f.log
256f,mve_compact,gf_sqr,27,64,1,36228,566.0625,566.0625,profile/mve_compact/256f.log
256f,mve_compact,gf_sqr,28,64,1,36228,566.0625,566.0625,profile/mve_compact/256f.log
256f,mve_compact,gf_sqr,29,64,1,36228,566.0625,566.0625,profile/mve_compact/256f.log
256f,mve_compact,gf_sqr,30,64,1,36228,566.0625,566.0625,profile/mve_compact/256f.log
256f,mve_compact,gf_inv,0,8,1,5798175,724771.875,724771.875,profile/mve_compact/256f.log
256f,mve_compact,gf_inv,1,8,1,5797989,724748.625,724748.625,profile/mve_compact/256f.log
256f,mve_compact,gf_inv,2,8,1,5797989,724748.625,724748.625,profile/mve_compact/256f.log
256f,mve_compact,gf_inv,3,8,1,5797990,724748.75,724748.75,profile/mve_compact/256f.log
256f,mve_compact,gf_inv,4,8,1,5797989,724748.625,724748.625,profile/mve_compact/256f.log
256f,mve_compact,gf_inv,5,8,1,5797989,724748.625,724748.625,profile/mve_compact/256f.log
256f,mve_compact,gf_inv,6,8,1,5797989,724748.625,724748.625,profile/mve_compact/256f.log
256f,mve_compact,gf_inv,7,8,1,5797989,724748.625,724748.625,profile/mve_compact/256f.log
256f,mve_compact,gf_inv,8,8,1,5797989,724748.625,724748.625,profile/mve_compact/256f.log
256f,mve_compact,gf_inv,9,8,1,5797989,724748.625,724748.625,profile/mve_compact/256f.log
256f,mve_compact,gf_inv,10,8,1,5797989,724748.625,724748.625,profile/mve_compact/256f.log
256f,mve_compact,gf_inv,11,8,1,5797989,724748.625,724748.625,profile/mve_compact/256f.log
256f,mve_compact,gf_inv,12,8,1,5797989,724748.625,724748.625,profile/mve_compact/256f.log
256f,mve_compact,gf_inv,13,8,1,5797990,724748.75,724748.75,profile/mve_compact/256f.log
256f,mve_compact,gf_inv,14,8,1,5797989,724748.625,724748.625,profile/mve_compact/256f.log
256f,mve_compact,gf_inv,15,8,1,5797989,724748.625,724748.625,profile/mve_compact/256f.log
256f,mve_compact,gf_inv,16,8,1,5797989,724748.625,724748.625,profile/mve_compact/256f.log
256f,mve_compact,gf_inv,17,8,1,5797989,724748.625,724748.625,profile/mve_compact/256f.log
256f,mve_compact,gf_inv,18,8,1,5797989,724748.625,724748.625,profile/mve_compact/256f.log
256f,mve_compact,gf_inv,19,8,1,5797989,724748.625,724748.625,profile/mve_compact/256f.log
256f,mve_compact,gf_inv,20,8,1,5797989,724748.625,724748.625,profile/mve_compact/256f.log
256f,mve_compact,gf_inv,21,8,1,5797989,724748.625,724748.625,profile/mve_compact/256f.log
256f,mve_compact,gf_inv,22,8,1,5797989,724748.625,724748.625,profile/mve_compact/256f.log
256f,mve_compact,gf_inv,23,8,1,5797989,724748.625,724748.625,profile/mve_compact/256f.log
256f,mve_compact,gf_inv,24,8,1,5797990,724748.75,724748.75,profile/mve_compact/256f.log
256f,mve_compact,gf_inv,25,8,1,5797989,724748.625,724748.625,profile/mve_compact/256f.log
256f,mve_compact,gf_inv,26,8,1,5797989,724748.625,724748.625,profile/mve_compact/256f.log
256f,mve_compact,gf_inv,27,8,1,5797989,724748.625,724748.625,profile/mve_compact/256f.log
256f,mve_compact,gf_inv,28,8,1,5797989,724748.625,724748.625,profile/mve_compact/256f.log
256f,mve_compact,gf_inv,29,8,1,5797989,724748.625,724748.625,profile/mve_compact/256f.log
256f,mve_compact,gf_inv,30,8,1,5797989,724748.625,724748.625,profile/mve_compact/256f.log
256f,mve_compact,gf_mat_vec_mul,0,64,1,974643,15228.796875,15228.796875,profile/mve_compact/256f.log
256f,mve_compact,gf_mat_vec_mul,1,64,1,969835,15153.671875,15153.671875,profile/mve_compact/256f.log
256f,mve_compact,gf_mat_vec_mul,2,64,1,969800,15153.125,15153.125,profile/mve_compact/256f.log
256f,mve_compact,gf_mat_vec_mul,3,64,1,969802,15153.15625,15153.15625,profile/mve_compact/256f.log
256f,mve_compact,gf_mat_vec_mul,4,64,1,969767,15152.609375,15152.609375,profile/mve_compact/256f.log
256f,mve_compact,gf_mat_vec_mul,5,64,1,969767,15152.609375,15152.609375,profile/mve_compact/256f.log
256f,mve_compact,gf_mat_vec_mul,6,64,1,969767,15152.609375,15152.609375,profile/mve_compact/256f.log
256f,mve_compact,gf_mat_vec_mul,7,64,1,969768,15152.625,15152.625,profile/mve_compact/256f.log
256f,mve_compact,gf_mat_vec_mul,8,64,1,969768,15152.625,15152.625,profile/mve_compact/256f.log
256f,mve_compact,gf_mat_vec_mul,9,64,1,969768,15152.625,15152.625,profile/mve_compact/256f.log
256f,mve_compact,gf_mat_vec_mul,10,64,1,969768,15152.625,15152.625,profile/mve_compact/256f.log
256f,mve_compact,gf_mat_vec_mul,11,64,1,969768,15152.625,15152.625,profile/mve_compact/256f.log
256f,mve_compact,gf_mat_vec_mul,12,64,1,969768,15152.625,15152.625,profile/mve_compact/256f.log
256f,mve_compact,gf_mat_vec_mul,13,64,1,969768,15152.625,15152.625,profile/mve_compact/256f.log
256f,mve_compact,gf_mat_vec_mul,14,64,1,969768,15152.625,15152.625,profile/mve_compact/256f.log
256f,mve_compact,gf_mat_vec_mul,15,64,1,969768,15152.625,15152.625,profile/mve_compact/256f.log
256f,mve_compact,gf_mat_vec_mul,16,64,1,969768,15152.625,15152.625,profile/mve_compact/256f.log
256f,mve_compact,gf_mat_vec_mul,17,64,1,969768,15152.625,15152.625,profile/mve_compact/256f.log
256f,mve_compact,gf_mat_vec_mul,18,64,1,969769,15152.640625,15152.640625,profile/mve_compact/256f.log
256f,mve_compact,gf_mat_vec_mul,19,64,1,969768,15152.625,15152.625,profile/mve_compact/256f.log
256f,mve_compact,gf_mat_vec_mul,20,64,1,969768,15152.625,15152.625,profile/mve_compact/256f.log
256f,mve_compact,gf_mat_vec_mul,21,64,1,969768,15152.625,15152.625,profile/mve_compact/256f.log
256f,mve_compact,gf_mat_vec_mul,22,64,1,969768,15152.625,15152.625,profile/mve_compact/256f.log
256f,mve_compact,gf_mat_vec_mul,23,64,1,969768,15152.625,15152.625,profile/mve_compact/256f.log
256f,mve_compact,gf_mat_vec_mul,24,64,1,969768,15152.625,15152.625,profile/mve_compact/256f.log
256f,mve_compact,gf_mat_vec_mul,25,64,1,969768,15152.625,15152.625,profile/mve_compact/256f.log
256f,mve_compact,gf_mat_vec_mul,26,64,1,969801,15153.140625,15153.140625,profile/mve_compact/256f.log
256f,mve_compact,gf_mat_vec_mul,27,64,1,969768,15152.625,15152.625,profile/mve_compact/256f.log
256f,mve_compact,gf_mat_vec_mul,28,64,1,969768,15152.625,15152.625,profile/mve_compact/256f.log
256f,mve_compact,gf_mat_vec_mul,29,64,1,969768,15152.625,15152.625,profile/mve_compact/256f.log
256f,mve_compact,gf_mat_vec_mul,30,64,1,969768,15152.625,15152.625,profile/mve_compact/256f.log
256f,mve_compact,gf_mat_vec_mul_add,0,64,1,973610,15212.65625,15212.65625,profile/mve_compact/256f.log
256f,mve_compact,gf_mat_vec_mul_add,1,64,1,972486,15195.09375,15195.09375,profile/mve_compact/256f.log
256f,mve_compact,gf_mat_vec_mul_add,2,64,1,972486,15195.09375,15195.09375,profile/mve_compact/256f.log
256f,mve_compact,gf_mat_vec_mul_add,3,64,1,972486,15195.09375,15195.09375,profile/mve_compact/256f.log
256f,mve_compact,gf_mat_vec_mul_add,4,64,1,972486,15195.09375,15195.09375,profile/mve_compact/256f.log
256f,mve_compact,gf_mat_vec_mul_add,5,64,1,972486,15195.09375,15195.09375,profile/mve_compact/256f.log
256f,mve_compact,gf_mat_vec_mul_add,6,64,1,972486,15195.09375,15195.09375,profile/mve_compact/256f.log
256f,mve_compact,gf_mat_vec_mul_add,7,64,1,972486,15195.09375,15195.09375,profile/mve_compact/256f.log
256f,mve_compact,gf_mat_vec_mul_add,8,64,1,972486,15195.09375,15195.09375,profile/mve_compact/256f.log
256f,mve_compact,gf_mat_vec_mul_add,9,64,1,972486,15195.09375,15195.09375,profile/mve_compact/256f.log
256f,mve_compact,gf_mat_vec_mul_add,10,64,1,972486,15195.09375,15195.09375,profile/mve_compact/256f.log
256f,mve_compact,gf_mat_vec_mul_add,11,64,1,972486,15195.09375,15195.09375,profile/mve_compact/256f.log
256f,mve_compact,gf_mat_vec_mul_add,12,64,1,972486,15195.09375,15195.09375,profile/mve_compact/256f.log
256f,mve_compact,gf_mat_vec_mul_add,13,64,1,972486,15195.09375,15195.09375,profile/mve_compact/256f.log
256f,mve_compact,gf_mat_vec_mul_add,14,64,1,972487,15195.109375,15195.109375,profile/mve_compact/256f.log
256f,mve_compact,gf_mat_vec_mul_add,15,64,1,972486,15195.09375,15195.09375,profile/mve_compact/256f.log
256f,mve_compact,gf_mat_vec_mul_add,16,64,1,972486,15195.09375,15195.09375,profile/mve_compact/256f.log
256f,mve_compact,gf_mat_vec_mul_add,17,64,1,972486,15195.09375,15195.09375,profile/mve_compact/256f.log
256f,mve_compact,gf_mat_vec_mul_add,18,64,1,972486,15195.09375,15195.09375,profile/mve_compact/256f.log
256f,mve_compact,gf_mat_vec_mul_add,19,64,1,972486,15195.09375,15195.09375,profile/mve_compact/256f.log
256f,mve_compact,gf_mat_vec_mul_add,20,64,1,972486,15195.09375,15195.09375,profile/mve_compact/256f.log
256f,mve_compact,gf_mat_vec_mul_add,21,64,1,972486,15195.09375,15195.09375,profile/mve_compact/256f.log
256f,mve_compact,gf_mat_vec_mul_add,22,64,1,972486,15195.09375,15195.09375,profile/mve_compact/256f.log
256f,mve_compact,gf_mat_vec_mul_add,23,64,1,972486,15195.09375,15195.09375,profile/mve_compact/256f.log
256f,mve_compact,gf_mat_vec_mul_add,24,64,1,972486,15195.09375,15195.09375,profile/mve_compact/256f.log
256f,mve_compact,gf_mat_vec_mul_add,25,64,1,972486,15195.09375,15195.09375,profile/mve_compact/256f.log
256f,mve_compact,gf_mat_vec_mul_add,26,64,1,972486,15195.09375,15195.09375,profile/mve_compact/256f.log
256f,mve_compact,gf_mat_vec_mul_add,27,64,1,972486,15195.09375,15195.09375,profile/mve_compact/256f.log
256f,mve_compact,gf_mat_vec_mul_add,28,64,1,972486,15195.09375,15195.09375,profile/mve_compact/256f.log
256f,mve_compact,gf_mat_vec_mul_add,29,64,1,972486,15195.09375,15195.09375,profile/mve_compact/256f.log
256f,mve_compact,gf_mat_vec_mul_add,30,64,1,972486,15195.09375,15195.09375,profile/mve_compact/256f.log
256f,mve_compact,gf_sqr_batch4,0,64,4,98500,1539.0625,384.765625,profile/mve_compact/256f.log
256f,mve_compact,gf_sqr_batch4,1,64,4,96748,1511.6875,377.921875,profile/mve_compact/256f.log
256f,mve_compact,gf_sqr_batch4,2,64,4,96748,1511.6875,377.921875,profile/mve_compact/256f.log
256f,mve_compact,gf_sqr_batch4,3,64,4,96749,1511.703125,377.92578125,profile/mve_compact/256f.log
256f,mve_compact,gf_sqr_batch4,4,64,4,96745,1511.640625,377.91015625,profile/mve_compact/256f.log
256f,mve_compact,gf_sqr_batch4,5,64,4,96748,1511.6875,377.921875,profile/mve_compact/256f.log
256f,mve_compact,gf_sqr_batch4,6,64,4,96749,1511.703125,377.92578125,profile/mve_compact/256f.log
256f,mve_compact,gf_sqr_batch4,7,64,4,96745,1511.640625,377.91015625,profile/mve_compact/256f.log
256f,mve_compact,gf_sqr_batch4,8,64,4,96748,1511.6875,377.921875,profile/mve_compact/256f.log
256f,mve_compact,gf_sqr_batch4,9,64,4,96749,1511.703125,377.92578125,profile/mve_compact/256f.log
256f,mve_compact,gf_sqr_batch4,10,64,4,96745,1511.640625,377.91015625,profile/mve_compact/256f.log
256f,mve_compact,gf_sqr_batch4,11,64,4,96748,1511.6875,377.921875,profile/mve_compact/256f.log
256f,mve_compact,gf_sqr_batch4,12,64,4,96749,1511.703125,377.92578125,profile/mve_compact/256f.log
256f,mve_compact,gf_sqr_batch4,13,64,4,96745,1511.640625,377.91015625,profile/mve_compact/256f.log
256f,mve_compact,gf_sqr_batch4,14,64,4,96748,1511.6875,377.921875,profile/mve_compact/256f.log
256f,mve_compact,gf_sqr_batch4,15,64,4,96749,1511.703125,377.92578125,profile/mve_compact/256f.log
256f,mve_compact,gf_sqr_batch4,16,64,4,96745,1511.640625,377.91015625,profile/mve_compact/256f.log
256f,mve_compact,gf_sqr_batch4,17,64,4,96748,1511.6875,377.921875,profile/mve_compact/256f.log
256f,mve_compact,gf_sqr_batch4,18,64,4,96749,1511.703125,377.92578125,profile/mve_compact/256f.log
256f,mve_compact,gf_sqr_batch4,19,64,4,96745,1511.640625,377.91015625,profile/mve_compact/256f.log
256f,mve_compact,gf_sqr_batch4,20,64,4,96748,1511.6875,377.921875,profile/mve_compact/256f.log
256f,mve_compact,gf_sqr_batch4,21,64,4,96749,1511.703125,377.92578125,profile/mve_compact/256f.log
256f,mve_compact,gf_sqr_batch4,22,64,4,96745,1511.640625,377.91015625,profile/mve_compact/256f.log
256f,mve_compact,gf_sqr_batch4,23,64,4,96748,1511.6875,377.921875,profile/mve_compact/256f.log
256f,mve_compact,gf_sqr_batch4,24,64,4,96749,1511.703125,377.92578125,profile/mve_compact/256f.log
256f,mve_compact,gf_sqr_batch4,25,64,4,96745,1511.640625,377.91015625,profile/mve_compact/256f.log
256f,mve_compact,gf_sqr_batch4,26,64,4,96748,1511.6875,377.921875,profile/mve_compact/256f.log
256f,mve_compact,gf_sqr_batch4,27,64,4,96749,1511.703125,377.92578125,profile/mve_compact/256f.log
256f,mve_compact,gf_sqr_batch4,28,64,4,96745,1511.640625,377.91015625,profile/mve_compact/256f.log
256f,mve_compact,gf_sqr_batch4,29,64,4,96748,1511.6875,377.921875,profile/mve_compact/256f.log
256f,mve_compact,gf_sqr_batch4,30,64,4,96749,1511.703125,377.92578125,profile/mve_compact/256f.log
256f,mve_compact,gf_frobenius_batch4_e3,0,8,4,19576,2447.0,611.75,profile/mve_compact/256f.log
256f,mve_compact,gf_frobenius_batch4_e3,1,8,4,18345,2293.125,573.28125,profile/mve_compact/256f.log
256f,mve_compact,gf_frobenius_batch4_e3,2,8,4,18347,2293.375,573.34375,profile/mve_compact/256f.log
256f,mve_compact,gf_frobenius_batch4_e3,3,8,4,18346,2293.25,573.3125,profile/mve_compact/256f.log
256f,mve_compact,gf_frobenius_batch4_e3,4,8,4,18345,2293.125,573.28125,profile/mve_compact/256f.log
256f,mve_compact,gf_frobenius_batch4_e3,5,8,4,18345,2293.125,573.28125,profile/mve_compact/256f.log
256f,mve_compact,gf_frobenius_batch4_e3,6,8,4,18344,2293.0,573.25,profile/mve_compact/256f.log
256f,mve_compact,gf_frobenius_batch4_e3,7,8,4,18344,2293.0,573.25,profile/mve_compact/256f.log
256f,mve_compact,gf_frobenius_batch4_e3,8,8,4,18347,2293.375,573.34375,profile/mve_compact/256f.log
256f,mve_compact,gf_frobenius_batch4_e3,9,8,4,18346,2293.25,573.3125,profile/mve_compact/256f.log
256f,mve_compact,gf_frobenius_batch4_e3,10,8,4,18347,2293.375,573.34375,profile/mve_compact/256f.log
256f,mve_compact,gf_frobenius_batch4_e3,11,8,4,18344,2293.0,573.25,profile/mve_compact/256f.log
256f,mve_compact,gf_frobenius_batch4_e3,12,8,4,18346,2293.25,573.3125,profile/mve_compact/256f.log
256f,mve_compact,gf_frobenius_batch4_e3,13,8,4,18345,2293.125,573.28125,profile/mve_compact/256f.log
256f,mve_compact,gf_frobenius_batch4_e3,14,8,4,18343,2292.875,573.21875,profile/mve_compact/256f.log
256f,mve_compact,gf_frobenius_batch4_e3,15,8,4,18346,2293.25,573.3125,profile/mve_compact/256f.log
256f,mve_compact,gf_frobenius_batch4_e3,16,8,4,18346,2293.25,573.3125,profile/mve_compact/256f.log
256f,mve_compact,gf_frobenius_batch4_e3,17,8,4,18347,2293.375,573.34375,profile/mve_compact/256f.log
256f,mve_compact,gf_frobenius_batch4_e3,18,8,4,18344,2293.0,573.25,profile/mve_compact/256f.log
256f,mve_compact,gf_frobenius_batch4_e3,19,8,4,18346,2293.25,573.3125,profile/mve_compact/256f.log
256f,mve_compact,gf_frobenius_batch4_e3,20,8,4,18345,2293.125,573.28125,profile/mve_compact/256f.log
256f,mve_compact,gf_frobenius_batch4_e3,21,8,4,18343,2292.875,573.21875,profile/mve_compact/256f.log
256f,mve_compact,gf_frobenius_batch4_e3,22,8,4,18346,2293.25,573.3125,profile/mve_compact/256f.log
256f,mve_compact,gf_frobenius_batch4_e3,23,8,4,18346,2293.25,573.3125,profile/mve_compact/256f.log
256f,mve_compact,gf_frobenius_batch4_e3,24,8,4,18347,2293.375,573.34375,profile/mve_compact/256f.log
256f,mve_compact,gf_frobenius_batch4_e3,25,8,4,18344,2293.0,573.25,profile/mve_compact/256f.log
256f,mve_compact,gf_frobenius_batch4_e3,26,8,4,18346,2293.25,573.3125,profile/mve_compact/256f.log
256f,mve_compact,gf_frobenius_batch4_e3,27,8,4,18345,2293.125,573.28125,profile/mve_compact/256f.log
256f,mve_compact,gf_frobenius_batch4_e3,28,8,4,18343,2292.875,573.21875,profile/mve_compact/256f.log
256f,mve_compact,gf_frobenius_batch4_e3,29,8,4,18346,2293.25,573.3125,profile/mve_compact/256f.log
256f,mve_compact,gf_frobenius_batch4_e3,30,8,4,18346,2293.25,573.3125,profile/mve_compact/256f.log
256f,mve_compact,gf_frobenius_batch4_e7,0,8,4,30967,3870.875,967.71875,profile/mve_compact/256f.log
256f,mve_compact,gf_frobenius_batch4_e7,1,8,4,30732,3841.5,960.375,profile/mve_compact/256f.log
256f,mve_compact,gf_frobenius_batch4_e7,2,8,4,30732,3841.5,960.375,profile/mve_compact/256f.log
256f,mve_compact,gf_frobenius_batch4_e7,3,8,4,30732,3841.5,960.375,profile/mve_compact/256f.log
256f,mve_compact,gf_frobenius_batch4_e7,4,8,4,30733,3841.625,960.40625,profile/mve_compact/256f.log
256f,mve_compact,gf_frobenius_batch4_e7,5,8,4,30724,3840.5,960.125,profile/mve_compact/256f.log
256f,mve_compact,gf_frobenius_batch4_e7,6,8,4,30724,3840.5,960.125,profile/mve_compact/256f.log
256f,mve_compact,gf_frobenius_batch4_e7,7,8,4,30724,3840.5,960.125,profile/mve_compact/256f.log
256f,mve_compact,gf_frobenius_batch4_e7,8,8,4,30732,3841.5,960.375,profile/mve_compact/256f.log
256f,mve_compact,gf_frobenius_batch4_e7,9,8,4,30732,3841.5,960.375,profile/mve_compact/256f.log
256f,mve_compact,gf_frobenius_batch4_e7,10,8,4,30732,3841.5,960.375,profile/mve_compact/256f.log
256f,mve_compact,gf_frobenius_batch4_e7,11,8,4,30732,3841.5,960.375,profile/mve_compact/256f.log
256f,mve_compact,gf_frobenius_batch4_e7,12,8,4,30732,3841.5,960.375,profile/mve_compact/256f.log
256f,mve_compact,gf_frobenius_batch4_e7,13,8,4,30732,3841.5,960.375,profile/mve_compact/256f.log
256f,mve_compact,gf_frobenius_batch4_e7,14,8,4,30724,3840.5,960.125,profile/mve_compact/256f.log
256f,mve_compact,gf_frobenius_batch4_e7,15,8,4,30724,3840.5,960.125,profile/mve_compact/256f.log
256f,mve_compact,gf_frobenius_batch4_e7,16,8,4,30724,3840.5,960.125,profile/mve_compact/256f.log
256f,mve_compact,gf_frobenius_batch4_e7,17,8,4,30732,3841.5,960.375,profile/mve_compact/256f.log
256f,mve_compact,gf_frobenius_batch4_e7,18,8,4,30732,3841.5,960.375,profile/mve_compact/256f.log
256f,mve_compact,gf_frobenius_batch4_e7,19,8,4,30732,3841.5,960.375,profile/mve_compact/256f.log
256f,mve_compact,gf_frobenius_batch4_e7,20,8,4,30732,3841.5,960.375,profile/mve_compact/256f.log
256f,mve_compact,gf_frobenius_batch4_e7,21,8,4,30732,3841.5,960.375,profile/mve_compact/256f.log
256f,mve_compact,gf_frobenius_batch4_e7,22,8,4,30732,3841.5,960.375,profile/mve_compact/256f.log
256f,mve_compact,gf_frobenius_batch4_e7,23,8,4,30724,3840.5,960.125,profile/mve_compact/256f.log
256f,mve_compact,gf_frobenius_batch4_e7,24,8,4,30724,3840.5,960.125,profile/mve_compact/256f.log
256f,mve_compact,gf_frobenius_batch4_e7,25,8,4,30724,3840.5,960.125,profile/mve_compact/256f.log
256f,mve_compact,gf_frobenius_batch4_e7,26,8,4,30732,3841.5,960.375,profile/mve_compact/256f.log
256f,mve_compact,gf_frobenius_batch4_e7,27,8,4,30732,3841.5,960.375,profile/mve_compact/256f.log
256f,mve_compact,gf_frobenius_batch4_e7,28,8,4,30732,3841.5,960.375,profile/mve_compact/256f.log
256f,mve_compact,gf_frobenius_batch4_e7,29,8,4,30732,3841.5,960.375,profile/mve_compact/256f.log
256f,mve_compact,gf_frobenius_batch4_e7,30,8,4,30732,3841.5,960.375,profile/mve_compact/256f.log
256f,mve_compact,gf_frobenius_batch4_e11,0,8,4,43280,5410.0,1352.5,profile/mve_compact/256f.log
256f,mve_compact,gf_frobenius_batch4_e11,1,8,4,43144,5393.0,1348.25,profile/mve_compact/256f.log
256f,mve_compact,gf_frobenius_batch4_e11,2,8,4,43113,5389.125,1347.28125,profile/mve_compact/256f.log
256f,mve_compact,gf_frobenius_batch4_e11,3,8,4,43112,5389.0,1347.25,profile/mve_compact/256f.log
256f,mve_compact,gf_frobenius_batch4_e11,4,8,4,43113,5389.125,1347.28125,profile/mve_compact/256f.log
256f,mve_compact,gf_frobenius_batch4_e11,5,8,4,43113,5389.125,1347.28125,profile/mve_compact/256f.log
256f,mve_compact,gf_frobenius_batch4_e11,6,8,4,43112,5389.0,1347.25,profile/mve_compact/256f.log
256f,mve_compact,gf_frobenius_batch4_e11,7,8,4,43112,5389.0,1347.25,profile/mve_compact/256f.log
256f,mve_compact,gf_frobenius_batch4_e11,8,8,4,43115,5389.375,1347.34375,profile/mve_compact/256f.log
256f,mve_compact,gf_frobenius_batch4_e11,9,8,4,43112,5389.0,1347.25,profile/mve_compact/256f.log
256f,mve_compact,gf_frobenius_batch4_e11,10,8,4,43113,5389.125,1347.28125,profile/mve_compact/256f.log
256f,mve_compact,gf_frobenius_batch4_e11,11,8,4,43114,5389.25,1347.3125,profile/mve_compact/256f.log
256f,mve_compact,gf_frobenius_batch4_e11,12,8,4,43112,5389.0,1347.25,profile/mve_compact/256f.log
256f,mve_compact,gf_frobenius_batch4_e11,13,8,4,43114,5389.25,1347.3125,profile/mve_compact/256f.log
256f,mve_compact,gf_frobenius_batch4_e11,14,8,4,43113,5389.125,1347.28125,profile/mve_compact/256f.log
256f,mve_compact,gf_frobenius_batch4_e11,15,8,4,43112,5389.0,1347.25,profile/mve_compact/256f.log
256f,mve_compact,gf_frobenius_batch4_e11,16,8,4,43114,5389.25,1347.3125,profile/mve_compact/256f.log
256f,mve_compact,gf_frobenius_batch4_e11,17,8,4,43113,5389.125,1347.28125,profile/mve_compact/256f.log
256f,mve_compact,gf_frobenius_batch4_e11,18,8,4,43112,5389.0,1347.25,profile/mve_compact/256f.log
256f,mve_compact,gf_frobenius_batch4_e11,19,8,4,43114,5389.25,1347.3125,profile/mve_compact/256f.log
256f,mve_compact,gf_frobenius_batch4_e11,20,8,4,43112,5389.0,1347.25,profile/mve_compact/256f.log
256f,mve_compact,gf_frobenius_batch4_e11,21,8,4,43113,5389.125,1347.28125,profile/mve_compact/256f.log
256f,mve_compact,gf_frobenius_batch4_e11,22,8,4,43113,5389.125,1347.28125,profile/mve_compact/256f.log
256f,mve_compact,gf_frobenius_batch4_e11,23,8,4,43113,5389.125,1347.28125,profile/mve_compact/256f.log
256f,mve_compact,gf_frobenius_batch4_e11,24,8,4,43114,5389.25,1347.3125,profile/mve_compact/256f.log
256f,mve_compact,gf_frobenius_batch4_e11,25,8,4,43114,5389.25,1347.3125,profile/mve_compact/256f.log
256f,mve_compact,gf_frobenius_batch4_e11,26,8,4,43112,5389.0,1347.25,profile/mve_compact/256f.log
256f,mve_compact,gf_frobenius_batch4_e11,27,8,4,43114,5389.25,1347.3125,profile/mve_compact/256f.log
256f,mve_compact,gf_frobenius_batch4_e11,28,8,4,43113,5389.125,1347.28125,profile/mve_compact/256f.log
256f,mve_compact,gf_frobenius_batch4_e11,29,8,4,43112,5389.0,1347.25,profile/mve_compact/256f.log
256f,mve_compact,gf_frobenius_batch4_e11,30,8,4,43114,5389.25,1347.3125,profile/mve_compact/256f.log
256f,mve_compact,gf_frobenius_batch4_e19,0,8,4,68048,8506.0,2126.5,profile/mve_compact/256f.log
256f,mve_compact,gf_frobenius_batch4_e19,1,8,4,67880,8485.0,2121.25,profile/mve_compact/256f.log
256f,mve_compact,gf_frobenius_batch4_e19,2,8,4,67882,8485.25,2121.3125,profile/mve_compact/256f.log
256f,mve_compact,gf_frobenius_batch4_e19,3,8,4,67882,8485.25,2121.3125,profile/mve_compact/256f.log
256f,mve_compact,gf_frobenius_batch4_e19,4,8,4,67883,8485.375,2121.34375,profile/mve_compact/256f.log
256f,mve_compact,gf_frobenius_batch4_e19,5,8,4,67882,8485.25,2121.3125,profile/mve_compact/256f.log
256f,mve_compact,gf_frobenius_batch4_e19,6,8,4,67883,8485.375,2121.34375,profile/mve_compact/256f.log
256f,mve_compact,gf_frobenius_batch4_e19,7,8,4,67882,8485.25,2121.3125,profile/mve_compact/256f.log
256f,mve_compact,gf_frobenius_batch4_e19,8,8,4,67882,8485.25,2121.3125,profile/mve_compact/256f.log
256f,mve_compact,gf_frobenius_batch4_e19,9,8,4,67882,8485.25,2121.3125,profile/mve_compact/256f.log
256f,mve_compact,gf_frobenius_batch4_e19,10,8,4,67882,8485.25,2121.3125,profile/mve_compact/256f.log
256f,mve_compact,gf_frobenius_batch4_e19,11,8,4,67883,8485.375,2121.34375,profile/mve_compact/256f.log
256f,mve_compact,gf_frobenius_batch4_e19,12,8,4,67882,8485.25,2121.3125,profile/mve_compact/256f.log
256f,mve_compact,gf_frobenius_batch4_e19,13,8,4,67883,8485.375,2121.34375,profile/mve_compact/256f.log
256f,mve_compact,gf_frobenius_batch4_e19,14,8,4,67882,8485.25,2121.3125,profile/mve_compact/256f.log
256f,mve_compact,gf_frobenius_batch4_e19,15,8,4,67882,8485.25,2121.3125,profile/mve_compact/256f.log
256f,mve_compact,gf_frobenius_batch4_e19,16,8,4,67882,8485.25,2121.3125,profile/mve_compact/256f.log
256f,mve_compact,gf_frobenius_batch4_e19,17,8,4,67882,8485.25,2121.3125,profile/mve_compact/256f.log
256f,mve_compact,gf_frobenius_batch4_e19,18,8,4,67883,8485.375,2121.34375,profile/mve_compact/256f.log
256f,mve_compact,gf_frobenius_batch4_e19,19,8,4,67882,8485.25,2121.3125,profile/mve_compact/256f.log
256f,mve_compact,gf_frobenius_batch4_e19,20,8,4,67883,8485.375,2121.34375,profile/mve_compact/256f.log
256f,mve_compact,gf_frobenius_batch4_e19,21,8,4,67882,8485.25,2121.3125,profile/mve_compact/256f.log
256f,mve_compact,gf_frobenius_batch4_e19,22,8,4,67882,8485.25,2121.3125,profile/mve_compact/256f.log
256f,mve_compact,gf_frobenius_batch4_e19,23,8,4,67882,8485.25,2121.3125,profile/mve_compact/256f.log
256f,mve_compact,gf_frobenius_batch4_e19,24,8,4,67882,8485.25,2121.3125,profile/mve_compact/256f.log
256f,mve_compact,gf_frobenius_batch4_e19,25,8,4,67883,8485.375,2121.34375,profile/mve_compact/256f.log
256f,mve_compact,gf_frobenius_batch4_e19,26,8,4,67882,8485.25,2121.3125,profile/mve_compact/256f.log
256f,mve_compact,gf_frobenius_batch4_e19,27,8,4,67883,8485.375,2121.34375,profile/mve_compact/256f.log
256f,mve_compact,gf_frobenius_batch4_e19,28,8,4,67882,8485.25,2121.3125,profile/mve_compact/256f.log
256f,mve_compact,gf_frobenius_batch4_e19,29,8,4,67882,8485.25,2121.3125,profile/mve_compact/256f.log
256f,mve_compact,gf_frobenius_batch4_e19,30,8,4,67882,8485.25,2121.3125,profile/mve_compact/256f.log
256f,mve_compact,gf_mul_const_batch4,0,64,4,2392481,37382.515625,9345.62890625,profile/mve_compact/256f.log
256f,mve_compact,gf_mul_const_batch4,1,64,4,2391237,37363.078125,9340.76953125,profile/mve_compact/256f.log
256f,mve_compact,gf_mul_const_batch4,2,64,4,2391237,37363.078125,9340.76953125,profile/mve_compact/256f.log
256f,mve_compact,gf_mul_const_batch4,3,64,4,2391237,37363.078125,9340.76953125,profile/mve_compact/256f.log
256f,mve_compact,gf_mul_const_batch4,4,64,4,2391237,37363.078125,9340.76953125,profile/mve_compact/256f.log
256f,mve_compact,gf_mul_const_batch4,5,64,4,2391237,37363.078125,9340.76953125,profile/mve_compact/256f.log
256f,mve_compact,gf_mul_const_batch4,6,64,4,2391238,37363.09375,9340.7734375,profile/mve_compact/256f.log
256f,mve_compact,gf_mul_const_batch4,7,64,4,2391237,37363.078125,9340.76953125,profile/mve_compact/256f.log
256f,mve_compact,gf_mul_const_batch4,8,64,4,2391237,37363.078125,9340.76953125,profile/mve_compact/256f.log
256f,mve_compact,gf_mul_const_batch4,9,64,4,2391237,37363.078125,9340.76953125,profile/mve_compact/256f.log
256f,mve_compact,gf_mul_const_batch4,10,64,4,2391237,37363.078125,9340.76953125,profile/mve_compact/256f.log
256f,mve_compact,gf_mul_const_batch4,11,64,4,2391237,37363.078125,9340.76953125,profile/mve_compact/256f.log
256f,mve_compact,gf_mul_const_batch4,12,64,4,2391237,37363.078125,9340.76953125,profile/mve_compact/256f.log
256f,mve_compact,gf_mul_const_batch4,13,64,4,2391237,37363.078125,9340.76953125,profile/mve_compact/256f.log
256f,mve_compact,gf_mul_const_batch4,14,64,4,2391237,37363.078125,9340.76953125,profile/mve_compact/256f.log
256f,mve_compact,gf_mul_const_batch4,15,64,4,2391237,37363.078125,9340.76953125,profile/mve_compact/256f.log
256f,mve_compact,gf_mul_const_batch4,16,64,4,2391237,37363.078125,9340.76953125,profile/mve_compact/256f.log
256f,mve_compact,gf_mul_const_batch4,17,64,4,2391237,37363.078125,9340.76953125,profile/mve_compact/256f.log
256f,mve_compact,gf_mul_const_batch4,18,64,4,2391237,37363.078125,9340.76953125,profile/mve_compact/256f.log
256f,mve_compact,gf_mul_const_batch4,19,64,4,2391237,37363.078125,9340.76953125,profile/mve_compact/256f.log
256f,mve_compact,gf_mul_const_batch4,20,64,4,2391237,37363.078125,9340.76953125,profile/mve_compact/256f.log
256f,mve_compact,gf_mul_const_batch4,21,64,4,2391237,37363.078125,9340.76953125,profile/mve_compact/256f.log
256f,mve_compact,gf_mul_const_batch4,22,64,4,2391237,37363.078125,9340.76953125,profile/mve_compact/256f.log
256f,mve_compact,gf_mul_const_batch4,23,64,4,2391237,37363.078125,9340.76953125,profile/mve_compact/256f.log
256f,mve_compact,gf_mul_const_batch4,24,64,4,2391237,37363.078125,9340.76953125,profile/mve_compact/256f.log
256f,mve_compact,gf_mul_const_batch4,25,64,4,2391237,37363.078125,9340.76953125,profile/mve_compact/256f.log
256f,mve_compact,gf_mul_const_batch4,26,64,4,2391237,37363.078125,9340.76953125,profile/mve_compact/256f.log
256f,mve_compact,gf_mul_const_batch4,27,64,4,2391237,37363.078125,9340.76953125,profile/mve_compact/256f.log
256f,mve_compact,gf_mul_const_batch4,28,64,4,2391237,37363.078125,9340.76953125,profile/mve_compact/256f.log
256f,mve_compact,gf_mul_const_batch4,29,64,4,2391237,37363.078125,9340.76953125,profile/mve_compact/256f.log
256f,mve_compact,gf_mul_const_batch4,30,64,4,2391237,37363.078125,9340.76953125,profile/mve_compact/256f.log
256f,mve_compact,aim3_mpc_batch4,0,8,4,3903654,487956.75,121989.1875,profile/mve_compact/256f.log
256f,mve_compact,aim3_mpc_batch4,1,8,4,3894446,486805.75,121701.4375,profile/mve_compact/256f.log
256f,mve_compact,aim3_mpc_batch4,2,8,4,3901371,487671.375,121917.84375,profile/mve_compact/256f.log
256f,mve_compact,aim3_mpc_batch4,3,8,4,3902299,487787.375,121946.84375,profile/mve_compact/256f.log
256f,mve_compact,aim3_mpc_batch4,4,8,4,3902280,487785.0,121946.25,profile/mve_compact/256f.log
256f,mve_compact,aim3_mpc_batch4,5,8,4,3902291,487786.375,121946.59375,profile/mve_compact/256f.log
256f,mve_compact,aim3_mpc_batch4,6,8,4,3902300,487787.5,121946.875,profile/mve_compact/256f.log
256f,mve_compact,aim3_mpc_batch4,7,8,4,3902285,487785.625,121946.40625,profile/mve_compact/256f.log
256f,mve_compact,aim3_mpc_batch4,8,8,4,3902289,487786.125,121946.53125,profile/mve_compact/256f.log
256f,mve_compact,aim3_mpc_batch4,9,8,4,3902297,487787.125,121946.78125,profile/mve_compact/256f.log
256f,mve_compact,aim3_mpc_batch4,10,8,4,3902299,487787.375,121946.84375,profile/mve_compact/256f.log
256f,mve_compact,aim3_mpc_batch4,11,8,4,3902280,487785.0,121946.25,profile/mve_compact/256f.log
256f,mve_compact,aim3_mpc_batch4,12,8,4,3902291,487786.375,121946.59375,profile/mve_compact/256f.log
256f,mve_compact,aim3_mpc_batch4,13,8,4,3902300,487787.5,121946.875,profile/mve_compact/256f.log
256f,mve_compact,aim3_mpc_batch4,14,8,4,3902285,487785.625,121946.40625,profile/mve_compact/256f.log
256f,mve_compact,aim3_mpc_batch4,15,8,4,3902289,487786.125,121946.53125,profile/mve_compact/256f.log
256f,mve_compact,aim3_mpc_batch4,16,8,4,3902297,487787.125,121946.78125,profile/mve_compact/256f.log
256f,mve_compact,aim3_mpc_batch4,17,8,4,3902299,487787.375,121946.84375,profile/mve_compact/256f.log
256f,mve_compact,aim3_mpc_batch4,18,8,4,3902280,487785.0,121946.25,profile/mve_compact/256f.log
256f,mve_compact,aim3_mpc_batch4,19,8,4,3902291,487786.375,121946.59375,profile/mve_compact/256f.log
256f,mve_compact,aim3_mpc_batch4,20,8,4,3902300,487787.5,121946.875,profile/mve_compact/256f.log
256f,mve_compact,aim3_mpc_batch4,21,8,4,3902285,487785.625,121946.40625,profile/mve_compact/256f.log
256f,mve_compact,aim3_mpc_batch4,22,8,4,3902289,487786.125,121946.53125,profile/mve_compact/256f.log
256f,mve_compact,aim3_mpc_batch4,23,8,4,3902297,487787.125,121946.78125,profile/mve_compact/256f.log
256f,mve_compact,aim3_mpc_batch4,24,8,4,3902299,487787.375,121946.84375,profile/mve_compact/256f.log
256f,mve_compact,aim3_mpc_batch4,25,8,4,3902280,487785.0,121946.25,profile/mve_compact/256f.log
256f,mve_compact,aim3_mpc_batch4,26,8,4,3902291,487786.375,121946.59375,profile/mve_compact/256f.log
256f,mve_compact,aim3_mpc_batch4,27,8,4,3902300,487787.5,121946.875,profile/mve_compact/256f.log
256f,mve_compact,aim3_mpc_batch4,28,8,4,3902285,487785.625,121946.40625,profile/mve_compact/256f.log
256f,mve_compact,aim3_mpc_batch4,29,8,4,3902289,487786.125,121946.53125,profile/mve_compact/256f.log
256f,mve_compact,aim3_mpc_batch4,30,8,4,3902297,487787.125,121946.78125,profile/mve_compact/256f.log
256f,mve_compact,aim3_mpc_batch4_affine,0,8,4,3734981,466872.625,116718.15625,profile/mve_compact/256f.log
256f,mve_compact,aim3_mpc_batch4_affine,1,8,4,3726799,465849.875,116462.46875,profile/mve_compact/256f.log
256f,mve_compact,aim3_mpc_batch4_affine,2,8,4,3733534,466691.75,116672.9375,profile/mve_compact/256f.log
256f,mve_compact,aim3_mpc_batch4_affine,3,8,4,3734653,466831.625,116707.90625,profile/mve_compact/256f.log
256f,mve_compact,aim3_mpc_batch4_affine,4,8,4,3734634,466829.25,116707.3125,profile/mve_compact/256f.log
256f,mve_compact,aim3_mpc_batch4_affine,5,8,4,3734646,466830.75,116707.6875,profile/mve_compact/256f.log
256f,mve_compact,aim3_mpc_batch4_affine,6,8,4,3734655,466831.875,116707.96875,profile/mve_compact/256f.log
256f,mve_compact,aim3_mpc_batch4_affine,7,8,4,3734639,466829.875,116707.46875,profile/mve_compact/256f.log
256f,mve_compact,aim3_mpc_batch4_affine,8,8,4,3734644,466830.5,116707.625,profile/mve_compact/256f.log
256f,mve_compact,aim3_mpc_batch4_affine,9,8,4,3734653,466831.625,116707.90625,profile/mve_compact/256f.log
256f,mve_compact,aim3_mpc_batch4_affine,10,8,4,3734652,466831.5,116707.875,profile/mve_compact/256f.log
256f,mve_compact,aim3_mpc_batch4_affine,11,8,4,3734634,466829.25,116707.3125,profile/mve_compact/256f.log
256f,mve_compact,aim3_mpc_batch4_affine,12,8,4,3734646,466830.75,116707.6875,profile/mve_compact/256f.log
256f,mve_compact,aim3_mpc_batch4_affine,13,8,4,3734655,466831.875,116707.96875,profile/mve_compact/256f.log
256f,mve_compact,aim3_mpc_batch4_affine,14,8,4,3734639,466829.875,116707.46875,profile/mve_compact/256f.log
256f,mve_compact,aim3_mpc_batch4_affine,15,8,4,3734644,466830.5,116707.625,profile/mve_compact/256f.log
256f,mve_compact,aim3_mpc_batch4_affine,16,8,4,3734653,466831.625,116707.90625,profile/mve_compact/256f.log
256f,mve_compact,aim3_mpc_batch4_affine,17,8,4,3734652,466831.5,116707.875,profile/mve_compact/256f.log
256f,mve_compact,aim3_mpc_batch4_affine,18,8,4,3734635,466829.375,116707.34375,profile/mve_compact/256f.log
256f,mve_compact,aim3_mpc_batch4_affine,19,8,4,3734646,466830.75,116707.6875,profile/mve_compact/256f.log
256f,mve_compact,aim3_mpc_batch4_affine,20,8,4,3734655,466831.875,116707.96875,profile/mve_compact/256f.log
256f,mve_compact,aim3_mpc_batch4_affine,21,8,4,3734639,466829.875,116707.46875,profile/mve_compact/256f.log
256f,mve_compact,aim3_mpc_batch4_affine,22,8,4,3734644,466830.5,116707.625,profile/mve_compact/256f.log
256f,mve_compact,aim3_mpc_batch4_affine,23,8,4,3734653,466831.625,116707.90625,profile/mve_compact/256f.log
256f,mve_compact,aim3_mpc_batch4_affine,24,8,4,3734652,466831.5,116707.875,profile/mve_compact/256f.log
256f,mve_compact,aim3_mpc_batch4_affine,25,8,4,3734634,466829.25,116707.3125,profile/mve_compact/256f.log
256f,mve_compact,aim3_mpc_batch4_affine,26,8,4,3734646,466830.75,116707.6875,profile/mve_compact/256f.log
256f,mve_compact,aim3_mpc_batch4_affine,27,8,4,3734655,466831.875,116707.96875,profile/mve_compact/256f.log
256f,mve_compact,aim3_mpc_batch4_affine,28,8,4,3734639,466829.875,116707.46875,profile/mve_compact/256f.log
256f,mve_compact,aim3_mpc_batch4_affine,29,8,4,3734644,466830.5,116707.625,profile/mve_compact/256f.log
256f,mve_compact,aim3_mpc_batch4_affine,30,8,4,3734653,466831.625,116707.90625,profile/mve_compact/256f.log
256f,mve_compact,aim3_mpc_batch4_frobenius,0,8,4,167461,20932.625,5233.15625,profile/mve_compact/256f.log
256f,mve_compact,aim3_mpc_batch4_frobenius,1,8,4,166584,20823.0,5205.75,profile/mve_compact/256f.log
256f,mve_compact,aim3_mpc_batch4_frobenius,2,8,4,166767,20845.875,5211.46875,profile/mve_compact/256f.log
256f,mve_compact,aim3_mpc_batch4_frobenius,3,8,4,166577,20822.125,5205.53125,profile/mve_compact/256f.log
256f,mve_compact,aim3_mpc_batch4_frobenius,4,8,4,166576,20822.0,5205.5,profile/mve_compact/256f.log
256f,mve_compact,aim3_mpc_batch4_frobenius,5,8,4,166576,20822.0,5205.5,profile/mve_compact/256f.log
256f,mve_compact,aim3_mpc_batch4_frobenius,6,8,4,166578,20822.25,5205.5625,profile/mve_compact/256f.log
256f,mve_compact,aim3_mpc_batch4_frobenius,7,8,4,166577,20822.125,5205.53125,profile/mve_compact/256f.log
256f,mve_compact,aim3_mpc_batch4_frobenius,8,8,4,166575,20821.875,5205.46875,profile/mve_compact/256f.log
256f,mve_compact,aim3_mpc_batch4_frobenius,9,8,4,166571,20821.375,5205.34375,profile/mve_compact/256f.log
256f,mve_compact,aim3_mpc_batch4_frobenius,10,8,4,166577,20822.125,5205.53125,profile/mve_compact/256f.log
256f,mve_compact,aim3_mpc_batch4_frobenius,11,8,4,166576,20822.0,5205.5,profile/mve_compact/256f.log
256f,mve_compact,aim3_mpc_batch4_frobenius,12,8,4,166576,20822.0,5205.5,profile/mve_compact/256f.log
256f,mve_compact,aim3_mpc_batch4_frobenius,13,8,4,166578,20822.25,5205.5625,profile/mve_compact/256f.log
256f,mve_compact,aim3_mpc_batch4_frobenius,14,8,4,166577,20822.125,5205.53125,profile/mve_compact/256f.log
256f,mve_compact,aim3_mpc_batch4_frobenius,15,8,4,166575,20821.875,5205.46875,profile/mve_compact/256f.log
256f,mve_compact,aim3_mpc_batch4_frobenius,16,8,4,166571,20821.375,5205.34375,profile/mve_compact/256f.log
256f,mve_compact,aim3_mpc_batch4_frobenius,17,8,4,166577,20822.125,5205.53125,profile/mve_compact/256f.log
256f,mve_compact,aim3_mpc_batch4_frobenius,18,8,4,166576,20822.0,5205.5,profile/mve_compact/256f.log
256f,mve_compact,aim3_mpc_batch4_frobenius,19,8,4,166576,20822.0,5205.5,profile/mve_compact/256f.log
256f,mve_compact,aim3_mpc_batch4_frobenius,20,8,4,166578,20822.25,5205.5625,profile/mve_compact/256f.log
256f,mve_compact,aim3_mpc_batch4_frobenius,21,8,4,166577,20822.125,5205.53125,profile/mve_compact/256f.log
256f,mve_compact,aim3_mpc_batch4_frobenius,22,8,4,166575,20821.875,5205.46875,profile/mve_compact/256f.log
256f,mve_compact,aim3_mpc_batch4_frobenius,23,8,4,166571,20821.375,5205.34375,profile/mve_compact/256f.log
256f,mve_compact,aim3_mpc_batch4_frobenius,24,8,4,166577,20822.125,5205.53125,profile/mve_compact/256f.log
256f,mve_compact,aim3_mpc_batch4_frobenius,25,8,4,166576,20822.0,5205.5,profile/mve_compact/256f.log
256f,mve_compact,aim3_mpc_batch4_frobenius,26,8,4,166576,20822.0,5205.5,profile/mve_compact/256f.log
256f,mve_compact,aim3_mpc_batch4_frobenius,27,8,4,166578,20822.25,5205.5625,profile/mve_compact/256f.log
256f,mve_compact,aim3_mpc_batch4_frobenius,28,8,4,166577,20822.125,5205.53125,profile/mve_compact/256f.log
256f,mve_compact,aim3_mpc_batch4_frobenius,29,8,4,166575,20821.875,5205.46875,profile/mve_compact/256f.log
256f,mve_compact,aim3_mpc_batch4_frobenius,30,8,4,166571,20821.375,5205.34375,profile/mve_compact/256f.log
256f,mve_compact,aim3_mpc_scalar,0,8,1,1114120,139265.0,139265.0,profile/mve_compact/256f.log
256f,mve_compact,aim3_mpc_scalar,1,8,1,1112802,139100.25,139100.25,profile/mve_compact/256f.log
256f,mve_compact,aim3_mpc_scalar,2,8,1,1110187,138773.375,138773.375,profile/mve_compact/256f.log
256f,mve_compact,aim3_mpc_scalar,3,8,1,1110187,138773.375,138773.375,profile/mve_compact/256f.log
256f,mve_compact,aim3_mpc_scalar,4,8,1,1110187,138773.375,138773.375,profile/mve_compact/256f.log
256f,mve_compact,aim3_mpc_scalar,5,8,1,1110187,138773.375,138773.375,profile/mve_compact/256f.log
256f,mve_compact,aim3_mpc_scalar,6,8,1,1110187,138773.375,138773.375,profile/mve_compact/256f.log
256f,mve_compact,aim3_mpc_scalar,7,8,1,1110187,138773.375,138773.375,profile/mve_compact/256f.log
256f,mve_compact,aim3_mpc_scalar,8,8,1,1110187,138773.375,138773.375,profile/mve_compact/256f.log
256f,mve_compact,aim3_mpc_scalar,9,8,1,1110187,138773.375,138773.375,profile/mve_compact/256f.log
256f,mve_compact,aim3_mpc_scalar,10,8,1,1110187,138773.375,138773.375,profile/mve_compact/256f.log
256f,mve_compact,aim3_mpc_scalar,11,8,1,1110187,138773.375,138773.375,profile/mve_compact/256f.log
256f,mve_compact,aim3_mpc_scalar,12,8,1,1110188,138773.5,138773.5,profile/mve_compact/256f.log
256f,mve_compact,aim3_mpc_scalar,13,8,1,1110186,138773.25,138773.25,profile/mve_compact/256f.log
256f,mve_compact,aim3_mpc_scalar,14,8,1,1110187,138773.375,138773.375,profile/mve_compact/256f.log
256f,mve_compact,aim3_mpc_scalar,15,8,1,1110187,138773.375,138773.375,profile/mve_compact/256f.log
256f,mve_compact,aim3_mpc_scalar,16,8,1,1110187,138773.375,138773.375,profile/mve_compact/256f.log
256f,mve_compact,aim3_mpc_scalar,17,8,1,1110187,138773.375,138773.375,profile/mve_compact/256f.log
256f,mve_compact,aim3_mpc_scalar,18,8,1,1110187,138773.375,138773.375,profile/mve_compact/256f.log
256f,mve_compact,aim3_mpc_scalar,19,8,1,1110187,138773.375,138773.375,profile/mve_compact/256f.log
256f,mve_compact,aim3_mpc_scalar,20,8,1,1110187,138773.375,138773.375,profile/mve_compact/256f.log
256f,mve_compact,aim3_mpc_scalar,21,8,1,1110187,138773.375,138773.375,profile/mve_compact/256f.log
256f,mve_compact,aim3_mpc_scalar,22,8,1,1110187,138773.375,138773.375,profile/mve_compact/256f.log
256f,mve_compact,aim3_mpc_scalar,23,8,1,1110187,138773.375,138773.375,profile/mve_compact/256f.log
256f,mve_compact,aim3_mpc_scalar,24,8,1,1110187,138773.375,138773.375,profile/mve_compact/256f.log
256f,mve_compact,aim3_mpc_scalar,25,8,1,1110187,138773.375,138773.375,profile/mve_compact/256f.log
256f,mve_compact,aim3_mpc_scalar,26,8,1,1110187,138773.375,138773.375,profile/mve_compact/256f.log
256f,mve_compact,aim3_mpc_scalar,27,8,1,1110187,138773.375,138773.375,profile/mve_compact/256f.log
256f,mve_compact,aim3_mpc_scalar,28,8,1,1110187,138773.375,138773.375,profile/mve_compact/256f.log
256f,mve_compact,aim3_mpc_scalar,29,8,1,1110187,138773.375,138773.375,profile/mve_compact/256f.log
256f,mve_compact,aim3_mpc_scalar,30,8,1,1110187,138773.375,138773.375,profile/mve_compact/256f.log
256s,mve_compact,gf_mul,0,64,1,147756,2308.6875,2308.6875,profile/mve_compact/256s.log
256s,mve_compact,gf_mul,1,64,1,146438,2288.09375,2288.09375,profile/mve_compact/256s.log
256s,mve_compact,gf_mul,2,64,1,146438,2288.09375,2288.09375,profile/mve_compact/256s.log
256s,mve_compact,gf_mul,3,64,1,146438,2288.09375,2288.09375,profile/mve_compact/256s.log
256s,mve_compact,gf_mul,4,64,1,146438,2288.09375,2288.09375,profile/mve_compact/256s.log
256s,mve_compact,gf_mul,5,64,1,146438,2288.09375,2288.09375,profile/mve_compact/256s.log
256s,mve_compact,gf_mul,6,64,1,146438,2288.09375,2288.09375,profile/mve_compact/256s.log
256s,mve_compact,gf_mul,7,64,1,146438,2288.09375,2288.09375,profile/mve_compact/256s.log
256s,mve_compact,gf_mul,8,64,1,146438,2288.09375,2288.09375,profile/mve_compact/256s.log
256s,mve_compact,gf_mul,9,64,1,146438,2288.09375,2288.09375,profile/mve_compact/256s.log
256s,mve_compact,gf_mul,10,64,1,146438,2288.09375,2288.09375,profile/mve_compact/256s.log
256s,mve_compact,gf_mul,11,64,1,146438,2288.09375,2288.09375,profile/mve_compact/256s.log
256s,mve_compact,gf_mul,12,64,1,146438,2288.09375,2288.09375,profile/mve_compact/256s.log
256s,mve_compact,gf_mul,13,64,1,146438,2288.09375,2288.09375,profile/mve_compact/256s.log
256s,mve_compact,gf_mul,14,64,1,146438,2288.09375,2288.09375,profile/mve_compact/256s.log
256s,mve_compact,gf_mul,15,64,1,146438,2288.09375,2288.09375,profile/mve_compact/256s.log
256s,mve_compact,gf_mul,16,64,1,146438,2288.09375,2288.09375,profile/mve_compact/256s.log
256s,mve_compact,gf_mul,17,64,1,146438,2288.09375,2288.09375,profile/mve_compact/256s.log
256s,mve_compact,gf_mul,18,64,1,146438,2288.09375,2288.09375,profile/mve_compact/256s.log
256s,mve_compact,gf_mul,19,64,1,146438,2288.09375,2288.09375,profile/mve_compact/256s.log
256s,mve_compact,gf_mul,20,64,1,146438,2288.09375,2288.09375,profile/mve_compact/256s.log
256s,mve_compact,gf_mul,21,64,1,146438,2288.09375,2288.09375,profile/mve_compact/256s.log
256s,mve_compact,gf_mul,22,64,1,146438,2288.09375,2288.09375,profile/mve_compact/256s.log
256s,mve_compact,gf_mul,23,64,1,146438,2288.09375,2288.09375,profile/mve_compact/256s.log
256s,mve_compact,gf_mul,24,64,1,146438,2288.09375,2288.09375,profile/mve_compact/256s.log
256s,mve_compact,gf_mul,25,64,1,146438,2288.09375,2288.09375,profile/mve_compact/256s.log
256s,mve_compact,gf_mul,26,64,1,146438,2288.09375,2288.09375,profile/mve_compact/256s.log
256s,mve_compact,gf_mul,27,64,1,146438,2288.09375,2288.09375,profile/mve_compact/256s.log
256s,mve_compact,gf_mul,28,64,1,146438,2288.09375,2288.09375,profile/mve_compact/256s.log
256s,mve_compact,gf_mul,29,64,1,146438,2288.09375,2288.09375,profile/mve_compact/256s.log
256s,mve_compact,gf_mul,30,64,1,146438,2288.09375,2288.09375,profile/mve_compact/256s.log
256s,mve_compact,gf_sqr,0,64,1,37914,592.40625,592.40625,profile/mve_compact/256s.log
256s,mve_compact,gf_sqr,1,64,1,36228,566.0625,566.0625,profile/mve_compact/256s.log
256s,mve_compact,gf_sqr,2,64,1,36228,566.0625,566.0625,profile/mve_compact/256s.log
256s,mve_compact,gf_sqr,3,64,1,36228,566.0625,566.0625,profile/mve_compact/256s.log
256s,mve_compact,gf_sqr,4,64,1,36228,566.0625,566.0625,profile/mve_compact/256s.log
256s,mve_compact,gf_sqr,5,64,1,36228,566.0625,566.0625,profile/mve_compact/256s.log
256s,mve_compact,gf_sqr,6,64,1,36228,566.0625,566.0625,profile/mve_compact/256s.log
256s,mve_compact,gf_sqr,7,64,1,36228,566.0625,566.0625,profile/mve_compact/256s.log
256s,mve_compact,gf_sqr,8,64,1,36228,566.0625,566.0625,profile/mve_compact/256s.log
256s,mve_compact,gf_sqr,9,64,1,36228,566.0625,566.0625,profile/mve_compact/256s.log
256s,mve_compact,gf_sqr,10,64,1,36228,566.0625,566.0625,profile/mve_compact/256s.log
256s,mve_compact,gf_sqr,11,64,1,36228,566.0625,566.0625,profile/mve_compact/256s.log
256s,mve_compact,gf_sqr,12,64,1,36228,566.0625,566.0625,profile/mve_compact/256s.log
256s,mve_compact,gf_sqr,13,64,1,36228,566.0625,566.0625,profile/mve_compact/256s.log
256s,mve_compact,gf_sqr,14,64,1,36228,566.0625,566.0625,profile/mve_compact/256s.log
256s,mve_compact,gf_sqr,15,64,1,36228,566.0625,566.0625,profile/mve_compact/256s.log
256s,mve_compact,gf_sqr,16,64,1,36228,566.0625,566.0625,profile/mve_compact/256s.log
256s,mve_compact,gf_sqr,17,64,1,36228,566.0625,566.0625,profile/mve_compact/256s.log
256s,mve_compact,gf_sqr,18,64,1,36228,566.0625,566.0625,profile/mve_compact/256s.log
256s,mve_compact,gf_sqr,19,64,1,36228,566.0625,566.0625,profile/mve_compact/256s.log
256s,mve_compact,gf_sqr,20,64,1,36228,566.0625,566.0625,profile/mve_compact/256s.log
256s,mve_compact,gf_sqr,21,64,1,36228,566.0625,566.0625,profile/mve_compact/256s.log
256s,mve_compact,gf_sqr,22,64,1,36228,566.0625,566.0625,profile/mve_compact/256s.log
256s,mve_compact,gf_sqr,23,64,1,36228,566.0625,566.0625,profile/mve_compact/256s.log
256s,mve_compact,gf_sqr,24,64,1,36228,566.0625,566.0625,profile/mve_compact/256s.log
256s,mve_compact,gf_sqr,25,64,1,36228,566.0625,566.0625,profile/mve_compact/256s.log
256s,mve_compact,gf_sqr,26,64,1,36228,566.0625,566.0625,profile/mve_compact/256s.log
256s,mve_compact,gf_sqr,27,64,1,36228,566.0625,566.0625,profile/mve_compact/256s.log
256s,mve_compact,gf_sqr,28,64,1,36228,566.0625,566.0625,profile/mve_compact/256s.log
256s,mve_compact,gf_sqr,29,64,1,36228,566.0625,566.0625,profile/mve_compact/256s.log
256s,mve_compact,gf_sqr,30,64,1,36228,566.0625,566.0625,profile/mve_compact/256s.log
256s,mve_compact,gf_inv,0,8,1,5798193,724774.125,724774.125,profile/mve_compact/256s.log
256s,mve_compact,gf_inv,1,8,1,5797989,724748.625,724748.625,profile/mve_compact/256s.log
256s,mve_compact,gf_inv,2,8,1,5797989,724748.625,724748.625,profile/mve_compact/256s.log
256s,mve_compact,gf_inv,3,8,1,5797990,724748.75,724748.75,profile/mve_compact/256s.log
256s,mve_compact,gf_inv,4,8,1,5797989,724748.625,724748.625,profile/mve_compact/256s.log
256s,mve_compact,gf_inv,5,8,1,5797989,724748.625,724748.625,profile/mve_compact/256s.log
256s,mve_compact,gf_inv,6,8,1,5797989,724748.625,724748.625,profile/mve_compact/256s.log
256s,mve_compact,gf_inv,7,8,1,5797989,724748.625,724748.625,profile/mve_compact/256s.log
256s,mve_compact,gf_inv,8,8,1,5797989,724748.625,724748.625,profile/mve_compact/256s.log
256s,mve_compact,gf_inv,9,8,1,5797989,724748.625,724748.625,profile/mve_compact/256s.log
256s,mve_compact,gf_inv,10,8,1,5797989,724748.625,724748.625,profile/mve_compact/256s.log
256s,mve_compact,gf_inv,11,8,1,5797989,724748.625,724748.625,profile/mve_compact/256s.log
256s,mve_compact,gf_inv,12,8,1,5797989,724748.625,724748.625,profile/mve_compact/256s.log
256s,mve_compact,gf_inv,13,8,1,5797989,724748.625,724748.625,profile/mve_compact/256s.log
256s,mve_compact,gf_inv,14,8,1,5797990,724748.75,724748.75,profile/mve_compact/256s.log
256s,mve_compact,gf_inv,15,8,1,5797989,724748.625,724748.625,profile/mve_compact/256s.log
256s,mve_compact,gf_inv,16,8,1,5797989,724748.625,724748.625,profile/mve_compact/256s.log
256s,mve_compact,gf_inv,17,8,1,5797989,724748.625,724748.625,profile/mve_compact/256s.log
256s,mve_compact,gf_inv,18,8,1,5797989,724748.625,724748.625,profile/mve_compact/256s.log
256s,mve_compact,gf_inv,19,8,1,5797989,724748.625,724748.625,profile/mve_compact/256s.log
256s,mve_compact,gf_inv,20,8,1,5797989,724748.625,724748.625,profile/mve_compact/256s.log
256s,mve_compact,gf_inv,21,8,1,5797989,724748.625,724748.625,profile/mve_compact/256s.log
256s,mve_compact,gf_inv,22,8,1,5797989,724748.625,724748.625,profile/mve_compact/256s.log
256s,mve_compact,gf_inv,23,8,1,5797989,724748.625,724748.625,profile/mve_compact/256s.log
256s,mve_compact,gf_inv,24,8,1,5797990,724748.75,724748.75,profile/mve_compact/256s.log
256s,mve_compact,gf_inv,25,8,1,5797989,724748.625,724748.625,profile/mve_compact/256s.log
256s,mve_compact,gf_inv,26,8,1,5797989,724748.625,724748.625,profile/mve_compact/256s.log
256s,mve_compact,gf_inv,27,8,1,5797989,724748.625,724748.625,profile/mve_compact/256s.log
256s,mve_compact,gf_inv,28,8,1,5797989,724748.625,724748.625,profile/mve_compact/256s.log
256s,mve_compact,gf_inv,29,8,1,5797989,724748.625,724748.625,profile/mve_compact/256s.log
256s,mve_compact,gf_inv,30,8,1,5797989,724748.625,724748.625,profile/mve_compact/256s.log
256s,mve_compact,gf_mat_vec_mul,0,64,1,977549,15274.203125,15274.203125,profile/mve_compact/256s.log
256s,mve_compact,gf_mat_vec_mul,1,64,1,974257,15222.765625,15222.765625,profile/mve_compact/256s.log
256s,mve_compact,gf_mat_vec_mul,2,64,1,974190,15221.71875,15221.71875,profile/mve_compact/256s.log
256s,mve_compact,gf_mat_vec_mul,3,64,1,974190,15221.71875,15221.71875,profile/mve_compact/256s.log
256s,mve_compact,gf_mat_vec_mul,4,64,1,974190,15221.71875,15221.71875,profile/mve_compact/256s.log
256s,mve_compact,gf_mat_vec_mul,5,64,1,974189,15221.703125,15221.703125,profile/mve_compact/256s.log
256s,mve_compact,gf_mat_vec_mul,6,64,1,974189,15221.703125,15221.703125,profile/mve_compact/256s.log
256s,mve_compact,gf_mat_vec_mul,7,64,1,974190,15221.71875,15221.71875,profile/mve_compact/256s.log
256s,mve_compact,gf_mat_vec_mul,8,64,1,974190,15221.71875,15221.71875,profile/mve_compact/256s.log
256s,mve_compact,gf_mat_vec_mul,9,64,1,974189,15221.703125,15221.703125,profile/mve_compact/256s.log
256s,mve_compact,gf_mat_vec_mul,10,64,1,974190,15221.71875,15221.71875,profile/mve_compact/256s.log
256s,mve_compact,gf_mat_vec_mul,11,64,1,974190,15221.71875,15221.71875,profile/mve_compact/256s.log
256s,mve_compact,gf_mat_vec_mul,12,64,1,974190,15221.71875,15221.71875,profile/mve_compact/256s.log
256s,mve_compact,gf_mat_vec_mul,13,64,1,974190,15221.71875,15221.71875,profile/mve_compact/256s.log
256s,mve_compact,gf_mat_vec_mul,14,64,1,974189,15221.703125,15221.703125,profile/mve_compact/256s.log
256s,mve_compact,gf_mat_vec_mul,15,64,1,974190,15221.71875,15221.71875,profile/mve_compact/256s.log
256s,mve_compact,gf_mat_vec_mul,16,64,1,974190,15221.71875,15221.71875,profile/mve_compact/256s.log
256s,mve_compact,gf_mat_vec_mul,17,64,1,974190,15221.71875,15221.71875,profile/mve_compact/256s.log
256s,mve_compact,gf_mat_vec_mul,18,64,1,974189,15221.703125,15221.703125,profile/mve_compact/256s.log
256s,mve_compact,gf_mat_vec_mul,19,64,1,974190,15221.71875,15221.71875,profile/mve_compact/256s.log
256s,mve_compact,gf_mat_vec_mul,20,64,1,974190,15221.71875,15221.71875,profile/mve_compact/256s.log
256s,mve_compact,gf_mat_vec_mul,21,64,1,974190,15221.71875,15221.71875,profile/mve_compact/256s.log
256s,mve_compact,gf_mat_vec_mul,22,64,1,974190,15221.71875,15221.71875,profile/mve_compact/256s.log
256s,mve_compact,gf_mat_vec_mul,23,64,1,974190,15221.71875,15221.71875,profile/mve_compact/256s.log
256s,mve_compact,gf_mat_vec_mul,24,64,1,974190,15221.71875,15221.71875,profile/mve_compact/256s.log
256s,mve_compact,gf_mat_vec_mul,25,64,1,974190,15221.71875,15221.71875,profile/mve_compact/256s.log
256s,mve_compact,gf_mat_vec_mul,26,64,1,974189,15221.703125,15221.703125,profile/mve_compact/256s.log
256s,mve_compact,gf_mat_vec_mul,27,64,1,974189,15221.703125,15221.703125,profile/mve_compact/256s.log
256s,mve_compact,gf_mat_vec_mul,28,64,1,974190,15221.71875,15221.71875,profile/mve_compact/256s.log
256s,mve_compact,gf_mat_vec_mul,29,64,1,974190,15221.71875,15221.71875,profile/mve_compact/256s.log
256s,mve_compact,gf_mat_vec_mul,30,64,1,974189,15221.703125,15221.703125,profile/mve_compact/256s.log
256s,mve_compact,gf_mat_vec_mul_add,0,64,1,977748,15277.3125,15277.3125,profile/mve_compact/256s.log
256s,mve_compact,gf_mat_vec_mul_add,1,64,1,976976,15265.25,15265.25,profile/mve_compact/256s.log
256s,mve_compact,gf_mat_vec_mul_add,2,64,1,976906,15264.15625,15264.15625,profile/mve_compact/256s.log
256s,mve_compact,gf_mat_vec_mul_add,3,64,1,976906,15264.15625,15264.15625,profile/mve_compact/256s.log
256s,mve_compact,gf_mat_vec_mul_add,4,64,1,976906,15264.15625,15264.15625,profile/mve_compact/256s.log
256s,mve_compact,gf_mat_vec_mul_add,5,64,1,976906,15264.15625,15264.15625,profile/mve_compact/256s.log
256s,mve_compact,gf_mat_vec_mul_add,6,64,1,976906,15264.15625,15264.15625,profile/mve_compact/256s.log
256s,mve_compact,gf_mat_vec_mul_add,7,64,1,976906,15264.15625,15264.15625,profile/mve_compact/256s.log
256s,mve_compact,gf_mat_vec_mul_add,8,64,1,976906,15264.15625,15264.15625,profile/mve_compact/256s.log
256s,mve_compact,gf_mat_vec_mul_add,9,64,1,976906,15264.15625,15264.15625,profile/mve_compact/256s.log
256s,mve_compact,gf_mat_vec_mul_add,10,64,1,976906,15264.15625,15264.15625,profile/mve_compact/256s.log
256s,mve_compact,gf_mat_vec_mul_add,11,64,1,976906,15264.15625,15264.15625,profile/mve_compact/256s.log
256s,mve_compact,gf_mat_vec_mul_add,12,64,1,976906,15264.15625,15264.15625,profile/mve_compact/256s.log
256s,mve_compact,gf_mat_vec_mul_add,13,64,1,976906,15264.15625,15264.15625,profile/mve_compact/256s.log
256s,mve_compact,gf_mat_vec_mul_add,14,64,1,976906,15264.15625,15264.15625,profile/mve_compact/256s.log
256s,mve_compact,gf_mat_vec_mul_add,15,64,1,976906,15264.15625,15264.15625,profile/mve_compact/256s.log
256s,mve_compact,gf_mat_vec_mul_add,16,64,1,976906,15264.15625,15264.15625,profile/mve_compact/256s.log
256s,mve_compact,gf_mat_vec_mul_add,17,64,1,976906,15264.15625,15264.15625,profile/mve_compact/256s.log
256s,mve_compact,gf_mat_vec_mul_add,18,64,1,976906,15264.15625,15264.15625,profile/mve_compact/256s.log
256s,mve_compact,gf_mat_vec_mul_add,19,64,1,976906,15264.15625,15264.15625,profile/mve_compact/256s.log
256s,mve_compact,gf_mat_vec_mul_add,20,64,1,976906,15264.15625,15264.15625,profile/mve_compact/256s.log
256s,mve_compact,gf_mat_vec_mul_add,21,64,1,976906,15264.15625,15264.15625,profile/mve_compact/256s.log
256s,mve_compact,gf_mat_vec_mul_add,22,64,1,976906,15264.15625,15264.15625,profile/mve_compact/256s.log
256s,mve_compact,gf_mat_vec_mul_add,23,64,1,976906,15264.15625,15264.15625,profile/mve_compact/256s.log
256s,mve_compact,gf_mat_vec_mul_add,24,64,1,976906,15264.15625,15264.15625,profile/mve_compact/256s.log
256s,mve_compact,gf_mat_vec_mul_add,25,64,1,976906,15264.15625,15264.15625,profile/mve_compact/256s.log
256s,mve_compact,gf_mat_vec_mul_add,26,64,1,976906,15264.15625,15264.15625,profile/mve_compact/256s.log
256s,mve_compact,gf_mat_vec_mul_add,27,64,1,976906,15264.15625,15264.15625,profile/mve_compact/256s.log
256s,mve_compact,gf_mat_vec_mul_add,28,64,1,976906,15264.15625,15264.15625,profile/mve_compact/256s.log
256s,mve_compact,gf_mat_vec_mul_add,29,64,1,976906,15264.15625,15264.15625,profile/mve_compact/256s.log
256s,mve_compact,gf_mat_vec_mul_add,30,64,1,976906,15264.15625,15264.15625,profile/mve_compact/256s.log
256s,mve_compact,gf_sqr_batch4,0,64,4,98517,1539.328125,384.83203125,profile/mve_compact/256s.log
256s,mve_compact,gf_sqr_batch4,1,64,4,96750,1511.71875,377.9296875,profile/mve_compact/256s.log
256s,mve_compact,gf_sqr_batch4,2,64,4,96745,1511.640625,377.91015625,profile/mve_compact/256s.log
256s,mve_compact,gf_sqr_batch4,3,64,4,96747,1511.671875,377.91796875,profile/mve_compact/256s.log
256s,mve_compact,gf_sqr_batch4,4,64,4,96750,1511.71875,377.9296875,profile/mve_compact/256s.log
256s,mve_compact,gf_sqr_batch4,5,64,4,96745,1511.640625,377.91015625,profile/mve_compact/256s.log
256s,mve_compact,gf_sqr_batch4,6,64,4,96747,1511.671875,377.91796875,profile/mve_compact/256s.log
256s,mve_compact,gf_sqr_batch4,7,64,4,96750,1511.71875,377.9296875,profile/mve_compact/256s.log
256s,mve_compact,gf_sqr_batch4,8,64,4,96745,1511.640625,377.91015625,profile/mve_compact/256s.log
256s,mve_compact,gf_sqr_batch4,9,64,4,96747,1511.671875,377.91796875,profile/mve_compact/256s.log
256s,mve_compact,gf_sqr_batch4,10,64,4,96750,1511.71875,377.9296875,profile/mve_compact/256s.log
256s,mve_compact,gf_sqr_batch4,11,64,4,96745,1511.640625,377.91015625,profile/mve_compact/256s.log
256s,mve_compact,gf_sqr_batch4,12,64,4,96747,1511.671875,377.91796875,profile/mve_compact/256s.log
256s,mve_compact,gf_sqr_batch4,13,64,4,96750,1511.71875,377.9296875,profile/mve_compact/256s.log
256s,mve_compact,gf_sqr_batch4,14,64,4,96745,1511.640625,377.91015625,profile/mve_compact/256s.log
256s,mve_compact,gf_sqr_batch4,15,64,4,96747,1511.671875,377.91796875,profile/mve_compact/256s.log
256s,mve_compact,gf_sqr_batch4,16,64,4,96750,1511.71875,377.9296875,profile/mve_compact/256s.log
256s,mve_compact,gf_sqr_batch4,17,64,4,96745,1511.640625,377.91015625,profile/mve_compact/256s.log
256s,mve_compact,gf_sqr_batch4,18,64,4,96747,1511.671875,377.91796875,profile/mve_compact/256s.log
256s,mve_compact,gf_sqr_batch4,19,64,4,96750,1511.71875,377.9296875,profile/mve_compact/256s.log
256s,mve_compact,gf_sqr_batch4,20,64,4,96745,1511.640625,377.91015625,profile/mve_compact/256s.log
256s,mve_compact,gf_sqr_batch4,21,64,4,96747,1511.671875,377.91796875,profile/mve_compact/256s.log
256s,mve_compact,gf_sqr_batch4,22,64,4,96750,1511.71875,377.9296875,profile/mve_compact/256s.log
256s,mve_compact,gf_sqr_batch4,23,64,4,96745,1511.640625,377.91015625,profile/mve_compact/256s.log
256s,mve_compact,gf_sqr_batch4,24,64,4,96747,1511.671875,377.91796875,profile/mve_compact/256s.log
256s,mve_compact,gf_sqr_batch4,25,64,4,96750,1511.71875,377.9296875,profile/mve_compact/256s.log
256s,mve_compact,gf_sqr_batch4,26,64,4,96745,1511.640625,377.91015625,profile/mve_compact/256s.log
256s,mve_compact,gf_sqr_batch4,27,64,4,96747,1511.671875,377.91796875,profile/mve_compact/256s.log
256s,mve_compact,gf_sqr_batch4,28,64,4,96750,1511.71875,377.9296875,profile/mve_compact/256s.log
256s,mve_compact,gf_sqr_batch4,29,64,4,96745,1511.640625,377.91015625,profile/mve_compact/256s.log
256s,mve_compact,gf_sqr_batch4,30,64,4,96747,1511.671875,377.91796875,profile/mve_compact/256s.log
256s,mve_compact,gf_frobenius_batch4_e3,0,8,4,19621,2452.625,613.15625,profile/mve_compact/256s.log
256s,mve_compact,gf_frobenius_batch4_e3,1,8,4,18476,2309.5,577.375,profile/mve_compact/256s.log
256s,mve_compact,gf_frobenius_batch4_e3,2,8,4,18375,2296.875,574.21875,profile/mve_compact/256s.log
256s,mve_compact,gf_frobenius_batch4_e3,3,8,4,18345,2293.125,573.28125,profile/mve_compact/256s.log
256s,mve_compact,gf_frobenius_batch4_e3,4,8,4,18346,2293.25,573.3125,profile/mve_compact/256s.log
256s,mve_compact,gf_frobenius_batch4_e3,5,8,4,18348,2293.5,573.375,profile/mve_compact/256s.log
256s,mve_compact,gf_frobenius_batch4_e3,6,8,4,18345,2293.125,573.28125,profile/mve_compact/256s.log
256s,mve_compact,gf_frobenius_batch4_e3,7,8,4,18344,2293.0,573.25,profile/mve_compact/256s.log
256s,mve_compact,gf_frobenius_batch4_e3,8,8,4,18345,2293.125,573.28125,profile/mve_compact/256s.log
256s,mve_compact,gf_frobenius_batch4_e3,9,8,4,18344,2293.0,573.25,profile/mve_compact/256s.log
256s,mve_compact,gf_frobenius_batch4_e3,10,8,4,18345,2293.125,573.28125,profile/mve_compact/256s.log
256s,mve_compact,gf_frobenius_batch4_e3,11,8,4,18347,2293.375,573.34375,profile/mve_compact/256s.log
256s,mve_compact,gf_frobenius_batch4_e3,12,8,4,18346,2293.25,573.3125,profile/mve_compact/256s.log
256s,mve_compact,gf_frobenius_batch4_e3,13,8,4,18346,2293.25,573.3125,profile/mve_compact/256s.log
256s,mve_compact,gf_frobenius_batch4_e3,14,8,4,18343,2292.875,573.21875,profile/mve_compact/256s.log
256s,mve_compact,gf_frobenius_batch4_e3,15,8,4,18346,2293.25,573.3125,profile/mve_compact/256s.log
256s,mve_compact,gf_frobenius_batch4_e3,16,8,4,18345,2293.125,573.28125,profile/mve_compact/256s.log
256s,mve_compact,gf_frobenius_batch4_e3,17,8,4,18345,2293.125,573.28125,profile/mve_compact/256s.log
256s,mve_compact,gf_frobenius_batch4_e3,18,8,4,18347,2293.375,573.34375,profile/mve_compact/256s.log
256s,mve_compact,gf_frobenius_batch4_e3,19,8,4,18346,2293.25,573.3125,profile/mve_compact/256s.log
256s,mve_compact,gf_frobenius_batch4_e3,20,8,4,18345,2293.125,573.28125,profile/mve_compact/256s.log
256s,mve_compact,gf_frobenius_batch4_e3,21,8,4,18345,2293.125,573.28125,profile/mve_compact/256s.log
256s,mve_compact,gf_frobenius_batch4_e3,22,8,4,18344,2293.0,573.25,profile/mve_compact/256s.log
256s,mve_compact,gf_frobenius_batch4_e3,23,8,4,18344,2293.0,573.25,profile/mve_compact/256s.log
256s,mve_compact,gf_frobenius_batch4_e3,24,8,4,18347,2293.375,573.34375,profile/mve_compact/256s.log
256s,mve_compact,gf_frobenius_batch4_e3,25,8,4,18346,2293.25,573.3125,profile/mve_compact/256s.log
256s,mve_compact,gf_frobenius_batch4_e3,26,8,4,18347,2293.375,573.34375,profile/mve_compact/256s.log
256s,mve_compact,gf_frobenius_batch4_e3,27,8,4,18344,2293.0,573.25,profile/mve_compact/256s.log
256s,mve_compact,gf_frobenius_batch4_e3,28,8,4,18346,2293.25,573.3125,profile/mve_compact/256s.log
256s,mve_compact,gf_frobenius_batch4_e3,29,8,4,18345,2293.125,573.28125,profile/mve_compact/256s.log
256s,mve_compact,gf_frobenius_batch4_e3,30,8,4,18343,2292.875,573.21875,profile/mve_compact/256s.log
256s,mve_compact,gf_frobenius_batch4_e7,0,8,4,31026,3878.25,969.5625,profile/mve_compact/256s.log
256s,mve_compact,gf_frobenius_batch4_e7,1,8,4,30724,3840.5,960.125,profile/mve_compact/256s.log
256s,mve_compact,gf_frobenius_batch4_e7,2,8,4,30726,3840.75,960.1875,profile/mve_compact/256s.log
256s,mve_compact,gf_frobenius_batch4_e7,3,8,4,30732,3841.5,960.375,profile/mve_compact/256s.log
256s,mve_compact,gf_frobenius_batch4_e7,4,8,4,30732,3841.5,960.375,profile/mve_compact/256s.log
256s,mve_compact,gf_frobenius_batch4_e7,5,8,4,30732,3841.5,960.375,profile/mve_compact/256s.log
256s,mve_compact,gf_frobenius_batch4_e7,6,8,4,30732,3841.5,960.375,profile/mve_compact/256s.log
256s,mve_compact,gf_frobenius_batch4_e7,7,8,4,30732,3841.5,960.375,profile/mve_compact/256s.log
256s,mve_compact,gf_frobenius_batch4_e7,8,8,4,30732,3841.5,960.375,profile/mve_compact/256s.log
256s,mve_compact,gf_frobenius_batch4_e7,9,8,4,30724,3840.5,960.125,profile/mve_compact/256s.log
256s,mve_compact,gf_frobenius_batch4_e7,10,8,4,30723,3840.375,960.09375,profile/mve_compact/256s.log
256s,mve_compact,gf_frobenius_batch4_e7,11,8,4,30724,3840.5,960.125,profile/mve_compact/256s.log
256s,mve_compact,gf_frobenius_batch4_e7,12,8,4,30732,3841.5,960.375,profile/mve_compact/256s.log
256s,mve_compact,gf_frobenius_batch4_e7,13,8,4,30732,3841.5,960.375,profile/mve_compact/256s.log
256s,mve_compact,gf_frobenius_batch4_e7,14,8,4,30732,3841.5,960.375,profile/mve_compact/256s.log
256s,mve_compact,gf_frobenius_batch4_e7,15,8,4,30732,3841.5,960.375,profile/mve_compact/256s.log
256s,mve_compact,gf_frobenius_batch4_e7,16,8,4,30732,3841.5,960.375,profile/mve_compact/256s.log
256s,mve_compact,gf_frobenius_batch4_e7,17,8,4,30732,3841.5,960.375,profile/mve_compact/256s.log
256s,mve_compact,gf_frobenius_batch4_e7,18,8,4,30724,3840.5,960.125,profile/mve_compact/256s.log
256s,mve_compact,gf_frobenius_batch4_e7,19,8,4,30724,3840.5,960.125,profile/mve_compact/256s.log
256s,mve_compact,gf_frobenius_batch4_e7,20,8,4,30724,3840.5,960.125,profile/mve_compact/256s.log
256s,mve_compact,gf_frobenius_batch4_e7,21,8,4,30732,3841.5,960.375,profile/mve_compact/256s.log
256s,mve_compact,gf_frobenius_batch4_e7,22,8,4,30732,3841.5,960.375,profile/mve_compact/256s.log
256s,mve_compact,gf_frobenius_batch4_e7,23,8,4,30732,3841.5,960.375,profile/mve_compact/256s.log
256s,mve_compact,gf_frobenius_batch4_e7,24,8,4,30732,3841.5,960.375,profile/mve_compact/256s.log
256s,mve_compact,gf_frobenius_batch4_e7,25,8,4,30732,3841.5,960.375,profile/mve_compact/256s.log
256s,mve_compact,gf_frobenius_batch4_e7,26,8,4,30732,3841.5,960.375,profile/mve_compact/256s.log
256s,mve_compact,gf_frobenius_batch4_e7,27,8,4,30724,3840.5,960.125,profile/mve_compact/256s.log
256s,mve_compact,gf_frobenius_batch4_e7,28,8,4,30724,3840.5,960.125,profile/mve_compact/256s.log
256s,mve_compact,gf_frobenius_batch4_e7,29,8,4,30724,3840.5,960.125,profile/mve_compact/256s.log
256s,mve_compact,gf_frobenius_batch4_e7,30,8,4,30732,3841.5,960.375,profile/mve_compact/256s.log
256s,mve_compact,gf_frobenius_batch4_e11,0,8,4,43345,5418.125,1354.53125,profile/mve_compact/256s.log
256s,mve_compact,gf_frobenius_batch4_e11,1,8,4,43114,5389.25,1347.3125,profile/mve_compact/256s.log
256s,mve_compact,gf_frobenius_batch4_e11,2,8,4,43113,5389.125,1347.28125,profile/mve_compact/256s.log
256s,mve_compact,gf_frobenius_batch4_e11,3,8,4,43112,5389.0,1347.25,profile/mve_compact/256s.log
256s,mve_compact,gf_frobenius_batch4_e11,4,8,4,43114,5389.25,1347.3125,profile/mve_compact/256s.log
256s,mve_compact,gf_frobenius_batch4_e11,5,8,4,43112,5389.0,1347.25,profile/mve_compact/256s.log
256s,mve_compact,gf_frobenius_batch4_e11,6,8,4,43112,5389.0,1347.25,profile/mve_compact/256s.log
256s,mve_compact,gf_frobenius_batch4_e11,7,8,4,43115,5389.375,1347.34375,profile/mve_compact/256s.log
256s,mve_compact,gf_frobenius_batch4_e11,8,8,4,43112,5389.0,1347.25,profile/mve_compact/256s.log
256s,mve_compact,gf_frobenius_batch4_e11,9,8,4,43112,5389.0,1347.25,profile/mve_compact/256s.log
256s,mve_compact,gf_frobenius_batch4_e11,10,8,4,43115,5389.375,1347.34375,profile/mve_compact/256s.log
256s,mve_compact,gf_frobenius_batch4_e11,11,8,4,43112,5389.0,1347.25,profile/mve_compact/256s.log
256s,mve_compact,gf_frobenius_batch4_e11,12,8,4,43113,5389.125,1347.28125,profile/mve_compact/256s.log
256s,mve_compact,gf_frobenius_batch4_e11,13,8,4,43114,5389.25,1347.3125,profile/mve_compact/256s.log
256s,mve_compact,gf_frobenius_batch4_e11,14,8,4,43112,5389.0,1347.25,profile/mve_compact/256s.log
256s,mve_compact,gf_frobenius_batch4_e11,15,8,4,43114,5389.25,1347.3125,profile/mve_compact/256s.log
256s,mve_compact,gf_frobenius_batch4_e11,16,8,4,43113,5389.125,1347.28125,profile/mve_compact/256s.log
256s,mve_compact,gf_frobenius_batch4_e11,17,8,4,43112,5389.0,1347.25,profile/mve_compact/256s.log
256s,mve_compact,gf_frobenius_batch4_e11,18,8,4,43114,5389.25,1347.3125,profile/mve_compact/256s.log
256s,mve_compact,gf_frobenius_batch4_e11,19,8,4,43113,5389.125,1347.28125,profile/mve_compact/256s.log
256s,mve_compact,gf_frobenius_batch4_e11,20,8,4,43112,5389.0,1347.25,profile/mve_compact/256s.log
256s,mve_compact,gf_frobenius_batch4_e11,21,8,4,43114,5389.25,1347.3125,profile/mve_compact/256s.log
256s,mve_compact,gf_frobenius_batch4_e11,22,8,4,43112,5389.0,1347.25,profile/mve_compact/256s.log
256s,mve_compact,gf_frobenius_batch4_e11,23,8,4,43113,5389.125,1347.28125,profile/mve_compact/256s.log
256s,mve_compact,gf_frobenius_batch4_e11,24,8,4,43113,5389.125,1347.28125,profile/mve_compact/256s.log
256s,mve_compact,gf_frobenius_batch4_e11,25,8,4,43113,5389.125,1347.28125,profile/mve_compact/256s.log
256s,mve_compact,gf_frobenius_batch4_e11,26,8,4,43114,5389.25,1347.3125,profile/mve_compact/256s.log
256s,mve_compact,gf_frobenius_batch4_e11,27,8,4,43114,5389.25,1347.3125,profile/mve_compact/256s.log
256s,mve_compact,gf_frobenius_batch4_e11,28,8,4,43112,5389.0,1347.25,profile/mve_compact/256s.log
256s,mve_compact,gf_frobenius_batch4_e11,29,8,4,43114,5389.25,1347.3125,profile/mve_compact/256s.log
256s,mve_compact,gf_frobenius_batch4_e11,30,8,4,43113,5389.125,1347.28125,profile/mve_compact/256s.log
256s,mve_compact,gf_frobenius_batch4_e19,0,8,4,68051,8506.375,2126.59375,profile/mve_compact/256s.log
256s,mve_compact,gf_frobenius_batch4_e19,1,8,4,67882,8485.25,2121.3125,profile/mve_compact/256s.log
256s,mve_compact,gf_frobenius_batch4_e19,2,8,4,67882,8485.25,2121.3125,profile/mve_compact/256s.log
256s,mve_compact,gf_frobenius_batch4_e19,3,8,4,67882,8485.25,2121.3125,profile/mve_compact/256s.log
256s,mve_compact,gf_frobenius_batch4_e19,4,8,4,67881,8485.125,2121.28125,profile/mve_compact/256s.log
256s,mve_compact,gf_frobenius_batch4_e19,5,8,4,67880,8485.0,2121.25,profile/mve_compact/256s.log
256s,mve_compact,gf_frobenius_batch4_e19,6,8,4,67883,8485.375,2121.34375,profile/mve_compact/256s.log
256s,mve_compact,gf_frobenius_batch4_e19,7,8,4,67882,8485.25,2121.3125,profile/mve_compact/256s.log
256s,mve_compact,gf_frobenius_batch4_e19,8,8,4,67883,8485.375,2121.34375,profile/mve_compact/256s.log
256s,mve_compact,gf_frobenius_batch4_e19,9,8,4,67882,8485.25,2121.3125,profile/mve_compact/256s.log
256s,mve_compact,gf_frobenius_batch4_e19,10,8,4,67882,8485.25,2121.3125,profile/mve_compact/256s.log
256s,mve_compact,gf_frobenius_batch4_e19,11,8,4,67882,8485.25,2121.3125,profile/mve_compact/256s.log
256s,mve_compact,gf_frobenius_batch4_e19,12,8,4,67882,8485.25,2121.3125,profile/mve_compact/256s.log
256s,mve_compact,gf_frobenius_batch4_e19,13,8,4,67883,8485.375,2121.34375,profile/mve_compact/256s.log
256s,mve_compact,gf_frobenius_batch4_e19,14,8,4,67882,8485.25,2121.3125,profile/mve_compact/256s.log
256s,mve_compact,gf_frobenius_batch4_e19,15,8,4,67883,8485.375,2121.34375,profile/mve_compact/256s.log
256s,mve_compact,gf_frobenius_batch4_e19,16,8,4,67882,8485.25,2121.3125,profile/mve_compact/256s.log
256s,mve_compact,gf_frobenius_batch4_e19,17,8,4,67882,8485.25,2121.3125,profile/mve_compact/256s.log
256s,mve_compact,gf_frobenius_batch4_e19,18,8,4,67882,8485.25,2121.3125,profile/mve_compact/256s.log
256s,mve_compact,gf_frobenius_batch4_e19,19,8,4,67882,8485.25,2121.3125,profile/mve_compact/256s.log
256s,mve_compact,gf_frobenius_batch4_e19,20,8,4,67883,8485.375,2121.34375,profile/mve_compact/256s.log
256s,mve_compact,gf_frobenius_batch4_e19,21,8,4,67882,8485.25,2121.3125,profile/mve_compact/256s.log
256s,mve_compact,gf_frobenius_batch4_e19,22,8,4,67883,8485.375,2121.34375,profile/mve_compact/256s.log
256s,mve_compact,gf_frobenius_batch4_e19,23,8,4,67882,8485.25,2121.3125,profile/mve_compact/256s.log
256s,mve_compact,gf_frobenius_batch4_e19,24,8,4,67882,8485.25,2121.3125,profile/mve_compact/256s.log
256s,mve_compact,gf_frobenius_batch4_e19,25,8,4,67882,8485.25,2121.3125,profile/mve_compact/256s.log
256s,mve_compact,gf_frobenius_batch4_e19,26,8,4,67882,8485.25,2121.3125,profile/mve_compact/256s.log
256s,mve_compact,gf_frobenius_batch4_e19,27,8,4,67883,8485.375,2121.34375,profile/mve_compact/256s.log
256s,mve_compact,gf_frobenius_batch4_e19,28,8,4,67882,8485.25,2121.3125,profile/mve_compact/256s.log
256s,mve_compact,gf_frobenius_batch4_e19,29,8,4,67883,8485.375,2121.34375,profile/mve_compact/256s.log
256s,mve_compact,gf_frobenius_batch4_e19,30,8,4,67882,8485.25,2121.3125,profile/mve_compact/256s.log
256s,mve_compact,gf_mul_const_batch4,0,64,4,2392492,37382.6875,9345.671875,profile/mve_compact/256s.log
256s,mve_compact,gf_mul_const_batch4,1,64,4,2391237,37363.078125,9340.76953125,profile/mve_compact/256s.log
256s,mve_compact,gf_mul_const_batch4,2,64,4,2391237,37363.078125,9340.76953125,profile/mve_compact/256s.log
256s,mve_compact,gf_mul_const_batch4,3,64,4,2391237,37363.078125,9340.76953125,profile/mve_compact/256s.log
256s,mve_compact,gf_mul_const_batch4,4,64,4,2391237,37363.078125,9340.76953125,profile/mve_compact/256s.log
256s,mve_compact,gf_mul_const_batch4,5,64,4,2391237,37363.078125,9340.76953125,profile/mve_compact/256s.log
256s,mve_compact,gf_mul_const_batch4,6,64,4,2391238,37363.09375,9340.7734375,profile/mve_compact/256s.log
256s,mve_compact,gf_mul_const_batch4,7,64,4,2391237,37363.078125,9340.76953125,profile/mve_compact/256s.log
256s,mve_compact,gf_mul_const_batch4,8,64,4,2391237,37363.078125,9340.76953125,profile/mve_compact/256s.log
256s,mve_compact,gf_mul_const_batch4,9,64,4,2391237,37363.078125,9340.76953125,profile/mve_compact/256s.log
256s,mve_compact,gf_mul_const_batch4,10,64,4,2391237,37363.078125,9340.76953125,profile/mve_compact/256s.log
256s,mve_compact,gf_mul_const_batch4,11,64,4,2391237,37363.078125,9340.76953125,profile/mve_compact/256s.log
256s,mve_compact,gf_mul_const_batch4,12,64,4,2391237,37363.078125,9340.76953125,profile/mve_compact/256s.log
256s,mve_compact,gf_mul_const_batch4,13,64,4,2391237,37363.078125,9340.76953125,profile/mve_compact/256s.log
256s,mve_compact,gf_mul_const_batch4,14,64,4,2391237,37363.078125,9340.76953125,profile/mve_compact/256s.log
256s,mve_compact,gf_mul_const_batch4,15,64,4,2391237,37363.078125,9340.76953125,profile/mve_compact/256s.log
256s,mve_compact,gf_mul_const_batch4,16,64,4,2391237,37363.078125,9340.76953125,profile/mve_compact/256s.log
256s,mve_compact,gf_mul_const_batch4,17,64,4,2391237,37363.078125,9340.76953125,profile/mve_compact/256s.log
256s,mve_compact,gf_mul_const_batch4,18,64,4,2391237,37363.078125,9340.76953125,profile/mve_compact/256s.log
256s,mve_compact,gf_mul_const_batch4,19,64,4,2391237,37363.078125,9340.76953125,profile/mve_compact/256s.log
256s,mve_compact,gf_mul_const_batch4,20,64,4,2391237,37363.078125,9340.76953125,profile/mve_compact/256s.log
256s,mve_compact,gf_mul_const_batch4,21,64,4,2391237,37363.078125,9340.76953125,profile/mve_compact/256s.log
256s,mve_compact,gf_mul_const_batch4,22,64,4,2391237,37363.078125,9340.76953125,profile/mve_compact/256s.log
256s,mve_compact,gf_mul_const_batch4,23,64,4,2391237,37363.078125,9340.76953125,profile/mve_compact/256s.log
256s,mve_compact,gf_mul_const_batch4,24,64,4,2391237,37363.078125,9340.76953125,profile/mve_compact/256s.log
256s,mve_compact,gf_mul_const_batch4,25,64,4,2391237,37363.078125,9340.76953125,profile/mve_compact/256s.log
256s,mve_compact,gf_mul_const_batch4,26,64,4,2391237,37363.078125,9340.76953125,profile/mve_compact/256s.log
256s,mve_compact,gf_mul_const_batch4,27,64,4,2391237,37363.078125,9340.76953125,profile/mve_compact/256s.log
256s,mve_compact,gf_mul_const_batch4,28,64,4,2391237,37363.078125,9340.76953125,profile/mve_compact/256s.log
256s,mve_compact,gf_mul_const_batch4,29,64,4,2391237,37363.078125,9340.76953125,profile/mve_compact/256s.log
256s,mve_compact,gf_mul_const_batch4,30,64,4,2391237,37363.078125,9340.76953125,profile/mve_compact/256s.log
256s,mve_compact,aim3_mpc_batch4,0,8,4,3779865,472483.125,118120.78125,profile/mve_compact/256s.log
256s,mve_compact,aim3_mpc_batch4,1,8,4,3770229,471278.625,117819.65625,profile/mve_compact/256s.log
256s,mve_compact,aim3_mpc_batch4,2,8,4,3755013,469376.625,117344.15625,profile/mve_compact/256s.log
256s,mve_compact,aim3_mpc_batch4,3,8,4,3749624,468703.0,117175.75,profile/mve_compact/256s.log
256s,mve_compact,aim3_mpc_batch4,4,8,4,3751947,468993.375,117248.34375,profile/mve_compact/256s.log
256s,mve_compact,aim3_mpc_batch4,5,8,4,3750677,468834.625,117208.65625,profile/mve_compact/256s.log
256s,mve_compact,aim3_mpc_batch4,6,8,4,3750691,468836.375,117209.09375,profile/mve_compact/256s.log
256s,mve_compact,aim3_mpc_batch4,7,8,4,3751970,468996.25,117249.0625,profile/mve_compact/256s.log
256s,mve_compact,aim3_mpc_batch4,8,8,4,3750682,468835.25,117208.8125,profile/mve_compact/256s.log
256s,mve_compact,aim3_mpc_batch4,9,8,4,3750682,468835.25,117208.8125,profile/mve_compact/256s.log
256s,mve_compact,aim3_mpc_batch4,10,8,4,3750688,468836.0,117209.0,profile/mve_compact/256s.log
256s,mve_compact,aim3_mpc_batch4,11,8,4,3751943,468992.875,117248.21875,profile/mve_compact/256s.log
256s,mve_compact,aim3_mpc_batch4,12,8,4,3751759,468969.875,117242.46875,profile/mve_compact/256s.log
256s,mve_compact,aim3_mpc_batch4,13,8,4,3751764,468970.5,117242.625,profile/mve_compact/256s.log
256s,mve_compact,aim3_mpc_batch4,14,8,4,3751760,468970.0,117242.5,profile/mve_compact/256s.log
256s,mve_compact,aim3_mpc_batch4,15,8,4,3751760,468970.0,117242.5,profile/mve_compact/256s.log
256s,mve_compact,aim3_mpc_batch4,16,8,4,3751759,468969.875,117242.46875,profile/mve_compact/256s.log
256s,mve_compact,aim3_mpc_batch4,17,8,4,3751764,468970.5,117242.625,profile/mve_compact/256s.log
256s,mve_compact,aim3_mpc_batch4,18,8,4,3751759,468969.875,117242.46875,profile/mve_compact/256s.log
256s,mve_compact,aim3_mpc_batch4,19,8,4,3751760,468970.0,117242.5,profile/mve_compact/256s.log
256s,mve_compact,aim3_mpc_batch4,20,8,4,3751766,468970.75,117242.6875,profile/mve_compact/256s.log
256s,mve_compact,aim3_mpc_batch4,21,8,4,3751765,468970.625,117242.65625,profile/mve_compact/256s.log
256s,mve_compact,aim3_mpc_batch4,22,8,4,3751762,468970.25,117242.5625,profile/mve_compact/256s.log
256s,mve_compact,aim3_mpc_batch4,23,8,4,3751756,468969.5,117242.375,profile/mve_compact/256s.log
256s,mve_compact,aim3_mpc_batch4,24,8,4,3751757,468969.625,117242.40625,profile/mve_compact/256s.log
256s,mve_compact,aim3_mpc_batch4,25,8,4,3751756,468969.5,117242.375,profile/mve_compact/256s.log
256s,mve_compact,aim3_mpc_batch4,26,8,4,3751757,468969.625,117242.40625,profile/mve_compact/256s.log
256s,mve_compact,aim3_mpc_batch4,27,8,4,3751755,468969.375,117242.34375,profile/mve_compact/256s.log
256s,mve_compact,aim3_mpc_batch4,28,8,4,3746551,468318.875,117079.71875,profile/mve_compact/256s.log
256s,mve_compact,aim3_mpc_batch4,29,8,4,3746382,468297.75,117074.4375,profile/mve_compact/256s.log
256s,mve_compact,aim3_mpc_batch4,30,8,4,3746383,468297.875,117074.46875,profile/mve_compact/256s.log
256s,mve_compact,aim3_mpc_batch4_affine,0,8,4,3610996,451374.5,112843.625,profile/mve_compact/256s.log
256s,mve_compact,aim3_mpc_batch4_affine,1,8,4,3603095,450386.875,112596.71875,profile/mve_compact/256s.log
256s,mve_compact,aim3_mpc_batch4_affine,2,8,4,3587873,448484.125,112121.03125,profile/mve_compact/256s.log
256s,mve_compact,aim3_mpc_batch4_affine,3,8,4,3582480,447810.0,111952.5,profile/mve_compact/256s.log
256s,mve_compact,aim3_mpc_batch4_affine,4,8,4,3584808,448101.0,112025.25,profile/mve_compact/256s.log
256s,mve_compact,aim3_mpc_batch4_affine,5,8,4,3583537,447942.125,111985.53125,profile/mve_compact/256s.log
256s,mve_compact,aim3_mpc_batch4_affine,6,8,4,3583543,447942.875,111985.71875,profile/mve_compact/256s.log
256s,mve_compact,aim3_mpc_batch4_affine,7,8,4,3584811,448101.375,112025.34375,profile/mve_compact/256s.log
256s,mve_compact,aim3_mpc_batch4_affine,8,8,4,3583541,447942.625,111985.65625,profile/mve_compact/256s.log
256s,mve_compact,aim3_mpc_batch4_affine,9,8,4,3583533,447941.625,111985.40625,profile/mve_compact/256s.log
256s,mve_compact,aim3_mpc_batch4_affine,10,8,4,3583541,447942.625,111985.65625,profile/mve_compact/256s.log
256s,mve_compact,aim3_mpc_batch4_affine,11,8,4,3584809,448101.125,112025.28125,profile/mve_compact/256s.log
256s,mve_compact,aim3_mpc_batch4_affine,12,8,4,3584613,448076.625,112019.15625,profile/mve_compact/256s.log
256s,mve_compact,aim3_mpc_batch4_affine,13,8,4,3584608,448076.0,112019.0,profile/mve_compact/256s.log
256s,mve_compact,aim3_mpc_batch4_affine,14,8,4,3584612,448076.5,112019.125,profile/mve_compact/256s.log
256s,mve_compact,aim3_mpc_batch4_affine,15,8,4,3584614,448076.75,112019.1875,profile/mve_compact/256s.log
256s,mve_compact,aim3_mpc_batch4_affine,16,8,4,3584611,448076.375,112019.09375,profile/mve_compact/256s.log
256s,mve_compact,aim3_mpc_batch4_affine,17,8,4,3584612,448076.5,112019.125,profile/mve_compact/256s.log
256s,mve_compact,aim3_mpc_batch4_affine,18,8,4,3584611,448076.375,112019.09375,profile/mve_compact/256s.log
256s,mve_compact,aim3_mpc_batch4_affine,19,8,4,3584611,448076.375,112019.09375,profile/mve_compact/256s.log
256s,mve_compact,aim3_mpc_batch4_affine,20,8,4,3584612,448076.5,112019.125,profile/mve_compact/256s.log
256s,mve_compact,aim3_mpc_batch4_affine,21,8,4,3584615,448076.875,112019.21875,profile/mve_compact/256s.log
256s,mve_compact,aim3_mpc_batch4_affine,22,8,4,3584613,448076.625,112019.15625,profile/mve_compact/256s.log
256s,mve_compact,aim3_mpc_batch4_affine,23,8,4,3584613,448076.625,112019.15625,profile/mve_compact/256s.log
256s,mve_compact,aim3_mpc_batch4_affine,24,8,4,3584612,448076.5,112019.125,profile/mve_compact/256s.log
256s,mve_compact,aim3_mpc_batch4_affine,25,8,4,3584613,448076.625,112019.15625,profile/mve_compact/256s.log
256s,mve_compact,aim3_mpc_batch4_affine,26,8,4,3584612,448076.5,112019.125,profile/mve_compact/256s.log
256s,mve_compact,aim3_mpc_batch4_affine,27,8,4,3584610,448076.25,112019.0625,profile/mve_compact/256s.log
256s,mve_compact,aim3_mpc_batch4_affine,28,8,4,3579401,447425.125,111856.28125,profile/mve_compact/256s.log
256s,mve_compact,aim3_mpc_batch4_affine,29,8,4,3579236,447404.5,111851.125,profile/mve_compact/256s.log
256s,mve_compact,aim3_mpc_batch4_affine,30,8,4,3579237,447404.625,111851.15625,profile/mve_compact/256s.log
256s,mve_compact,aim3_mpc_batch4_frobenius,0,8,4,167556,20944.5,5236.125,profile/mve_compact/256s.log
256s,mve_compact,aim3_mpc_batch4_frobenius,1,8,4,166040,20755.0,5188.75,profile/mve_compact/256s.log
256s,mve_compact,aim3_mpc_batch4_frobenius,2,8,4,166044,20755.5,5188.875,profile/mve_compact/256s.log
256s,mve_compact,aim3_mpc_batch4_frobenius,3,8,4,166047,20755.875,5188.96875,profile/mve_compact/256s.log
256s,mve_compact,aim3_mpc_batch4_frobenius,4,8,4,166047,20755.875,5188.96875,profile/mve_compact/256s.log
256s,mve_compact,aim3_mpc_batch4_frobenius,5,8,4,166046,20755.75,5188.9375,profile/mve_compact/256s.log
256s,mve_compact,aim3_mpc_batch4_frobenius,6,8,4,166054,20756.75,5189.1875,profile/mve_compact/256s.log
256s,mve_compact,aim3_mpc_batch4_frobenius,7,8,4,166064,20758.0,5189.5,profile/mve_compact/256s.log
256s,mve_compact,aim3_mpc_batch4_frobenius,8,8,4,166049,20756.125,5189.03125,profile/mve_compact/256s.log
256s,mve_compact,aim3_mpc_batch4_frobenius,9,8,4,166053,20756.625,5189.15625,profile/mve_compact/256s.log
256s,mve_compact,aim3_mpc_batch4_frobenius,10,8,4,166051,20756.375,5189.09375,profile/mve_compact/256s.log
256s,mve_compact,aim3_mpc_batch4_frobenius,11,8,4,166021,20752.625,5188.15625,profile/mve_compact/256s.log
256s,mve_compact,aim3_mpc_batch4_frobenius,12,8,4,166043,20755.375,5188.84375,profile/mve_compact/256s.log
256s,mve_compact,aim3_mpc_batch4_frobenius,13,8,4,166055,20756.875,5189.21875,profile/mve_compact/256s.log
256s,mve_compact,aim3_mpc_batch4_frobenius,14,8,4,166045,20755.625,5188.90625,profile/mve_compact/256s.log
256s,mve_compact,aim3_mpc_batch4_frobenius,15,8,4,166045,20755.625,5188.90625,profile/mve_compact/256s.log
256s,mve_compact,aim3_mpc_batch4_frobenius,16,8,4,166047,20755.875,5188.96875,profile/mve_compact/256s.log
256s,mve_compact,aim3_mpc_batch4_frobenius,17,8,4,166050,20756.25,5189.0625,profile/mve_compact/256s.log
256s,mve_compact,aim3_mpc_batch4_frobenius,18,8,4,166046,20755.75,5188.9375,profile/mve_compact/256s.log
256s,mve_compact,aim3_mpc_batch4_frobenius,19,8,4,166049,20756.125,5189.03125,profile/mve_compact/256s.log
256s,mve_compact,aim3_mpc_batch4_frobenius,20,8,4,166052,20756.5,5189.125,profile/mve_compact/256s.log
256s,mve_compact,aim3_mpc_batch4_frobenius,21,8,4,166046,20755.75,5188.9375,profile/mve_compact/256s.log
256s,mve_compact,aim3_mpc_batch4_frobenius,22,8,4,166049,20756.125,5189.03125,profile/mve_compact/256s.log
256s,mve_compact,aim3_mpc_batch4_frobenius,23,8,4,166042,20755.25,5188.8125,profile/mve_compact/256s.log
256s,mve_compact,aim3_mpc_batch4_frobenius,24,8,4,166046,20755.75,5188.9375,profile/mve_compact/256s.log
256s,mve_compact,aim3_mpc_batch4_frobenius,25,8,4,166042,20755.25,5188.8125,profile/mve_compact/256s.log
256s,mve_compact,aim3_mpc_batch4_frobenius,26,8,4,166046,20755.75,5188.9375,profile/mve_compact/256s.log
256s,mve_compact,aim3_mpc_batch4_frobenius,27,8,4,166044,20755.5,5188.875,profile/mve_compact/256s.log
256s,mve_compact,aim3_mpc_batch4_frobenius,28,8,4,166048,20756.0,5189.0,profile/mve_compact/256s.log
256s,mve_compact,aim3_mpc_batch4_frobenius,29,8,4,166046,20755.75,5188.9375,profile/mve_compact/256s.log
256s,mve_compact,aim3_mpc_batch4_frobenius,30,8,4,166043,20755.375,5188.84375,profile/mve_compact/256s.log
256s,mve_compact,aim3_mpc_scalar,0,8,1,1078102,134762.75,134762.75,profile/mve_compact/256s.log
256s,mve_compact,aim3_mpc_scalar,1,8,1,1077420,134677.5,134677.5,profile/mve_compact/256s.log
256s,mve_compact,aim3_mpc_scalar,2,8,1,1076630,134578.75,134578.75,profile/mve_compact/256s.log
256s,mve_compact,aim3_mpc_scalar,3,8,1,1076630,134578.75,134578.75,profile/mve_compact/256s.log
256s,mve_compact,aim3_mpc_scalar,4,8,1,1076630,134578.75,134578.75,profile/mve_compact/256s.log
256s,mve_compact,aim3_mpc_scalar,5,8,1,1076630,134578.75,134578.75,profile/mve_compact/256s.log
256s,mve_compact,aim3_mpc_scalar,6,8,1,1076630,134578.75,134578.75,profile/mve_compact/256s.log
256s,mve_compact,aim3_mpc_scalar,7,8,1,1076630,134578.75,134578.75,profile/mve_compact/256s.log
256s,mve_compact,aim3_mpc_scalar,8,8,1,1076630,134578.75,134578.75,profile/mve_compact/256s.log
256s,mve_compact,aim3_mpc_scalar,9,8,1,1076630,134578.75,134578.75,profile/mve_compact/256s.log
256s,mve_compact,aim3_mpc_scalar,10,8,1,1076630,134578.75,134578.75,profile/mve_compact/256s.log
256s,mve_compact,aim3_mpc_scalar,11,8,1,1076630,134578.75,134578.75,profile/mve_compact/256s.log
256s,mve_compact,aim3_mpc_scalar,12,8,1,1076630,134578.75,134578.75,profile/mve_compact/256s.log
256s,mve_compact,aim3_mpc_scalar,13,8,1,1076630,134578.75,134578.75,profile/mve_compact/256s.log
256s,mve_compact,aim3_mpc_scalar,14,8,1,1076630,134578.75,134578.75,profile/mve_compact/256s.log
256s,mve_compact,aim3_mpc_scalar,15,8,1,1076630,134578.75,134578.75,profile/mve_compact/256s.log
256s,mve_compact,aim3_mpc_scalar,16,8,1,1076630,134578.75,134578.75,profile/mve_compact/256s.log
256s,mve_compact,aim3_mpc_scalar,17,8,1,1076630,134578.75,134578.75,profile/mve_compact/256s.log
256s,mve_compact,aim3_mpc_scalar,18,8,1,1076630,134578.75,134578.75,profile/mve_compact/256s.log
256s,mve_compact,aim3_mpc_scalar,19,8,1,1076630,134578.75,134578.75,profile/mve_compact/256s.log
256s,mve_compact,aim3_mpc_scalar,20,8,1,1076630,134578.75,134578.75,profile/mve_compact/256s.log
256s,mve_compact,aim3_mpc_scalar,21,8,1,1076630,134578.75,134578.75,profile/mve_compact/256s.log
256s,mve_compact,aim3_mpc_scalar,22,8,1,1076630,134578.75,134578.75,profile/mve_compact/256s.log
256s,mve_compact,aim3_mpc_scalar,23,8,1,1076630,134578.75,134578.75,profile/mve_compact/256s.log
256s,mve_compact,aim3_mpc_scalar,24,8,1,1076630,134578.75,134578.75,profile/mve_compact/256s.log
256s,mve_compact,aim3_mpc_scalar,25,8,1,1076630,134578.75,134578.75,profile/mve_compact/256s.log
256s,mve_compact,aim3_mpc_scalar,26,8,1,1076630,134578.75,134578.75,profile/mve_compact/256s.log
256s,mve_compact,aim3_mpc_scalar,27,8,1,1076630,134578.75,134578.75,profile/mve_compact/256s.log
256s,mve_compact,aim3_mpc_scalar,28,8,1,1076630,134578.75,134578.75,profile/mve_compact/256s.log
256s,mve_compact,aim3_mpc_scalar,29,8,1,1076630,134578.75,134578.75,profile/mve_compact/256s.log
256s,mve_compact,aim3_mpc_scalar,30,8,1,1076630,134578.75,134578.75,profile/mve_compact/256s.log
128f,mve_refmat,gf_mul,0,64,1,48495,757.734375,757.734375,profile/mve_refmat/128f.log
128f,mve_refmat,gf_mul,1,64,1,47750,746.09375,746.09375,profile/mve_refmat/128f.log
128f,mve_refmat,gf_mul,2,64,1,47750,746.09375,746.09375,profile/mve_refmat/128f.log
128f,mve_refmat,gf_mul,3,64,1,47750,746.09375,746.09375,profile/mve_refmat/128f.log
128f,mve_refmat,gf_mul,4,64,1,47750,746.09375,746.09375,profile/mve_refmat/128f.log
128f,mve_refmat,gf_mul,5,64,1,47750,746.09375,746.09375,profile/mve_refmat/128f.log
128f,mve_refmat,gf_mul,6,64,1,47750,746.09375,746.09375,profile/mve_refmat/128f.log
128f,mve_refmat,gf_mul,7,64,1,47750,746.09375,746.09375,profile/mve_refmat/128f.log
128f,mve_refmat,gf_mul,8,64,1,47750,746.09375,746.09375,profile/mve_refmat/128f.log
128f,mve_refmat,gf_mul,9,64,1,47750,746.09375,746.09375,profile/mve_refmat/128f.log
128f,mve_refmat,gf_mul,10,64,1,47750,746.09375,746.09375,profile/mve_refmat/128f.log
128f,mve_refmat,gf_mul,11,64,1,47750,746.09375,746.09375,profile/mve_refmat/128f.log
128f,mve_refmat,gf_mul,12,64,1,47750,746.09375,746.09375,profile/mve_refmat/128f.log
128f,mve_refmat,gf_mul,13,64,1,47750,746.09375,746.09375,profile/mve_refmat/128f.log
128f,mve_refmat,gf_mul,14,64,1,47750,746.09375,746.09375,profile/mve_refmat/128f.log
128f,mve_refmat,gf_mul,15,64,1,47750,746.09375,746.09375,profile/mve_refmat/128f.log
128f,mve_refmat,gf_mul,16,64,1,47750,746.09375,746.09375,profile/mve_refmat/128f.log
128f,mve_refmat,gf_mul,17,64,1,47750,746.09375,746.09375,profile/mve_refmat/128f.log
128f,mve_refmat,gf_mul,18,64,1,47750,746.09375,746.09375,profile/mve_refmat/128f.log
128f,mve_refmat,gf_mul,19,64,1,47750,746.09375,746.09375,profile/mve_refmat/128f.log
128f,mve_refmat,gf_mul,20,64,1,47750,746.09375,746.09375,profile/mve_refmat/128f.log
128f,mve_refmat,gf_mul,21,64,1,47750,746.09375,746.09375,profile/mve_refmat/128f.log
128f,mve_refmat,gf_mul,22,64,1,47750,746.09375,746.09375,profile/mve_refmat/128f.log
128f,mve_refmat,gf_mul,23,64,1,47750,746.09375,746.09375,profile/mve_refmat/128f.log
128f,mve_refmat,gf_mul,24,64,1,47750,746.09375,746.09375,profile/mve_refmat/128f.log
128f,mve_refmat,gf_mul,25,64,1,47750,746.09375,746.09375,profile/mve_refmat/128f.log
128f,mve_refmat,gf_mul,26,64,1,47750,746.09375,746.09375,profile/mve_refmat/128f.log
128f,mve_refmat,gf_mul,27,64,1,47750,746.09375,746.09375,profile/mve_refmat/128f.log
128f,mve_refmat,gf_mul,28,64,1,47750,746.09375,746.09375,profile/mve_refmat/128f.log
128f,mve_refmat,gf_mul,29,64,1,47750,746.09375,746.09375,profile/mve_refmat/128f.log
128f,mve_refmat,gf_mul,30,64,1,47750,746.09375,746.09375,profile/mve_refmat/128f.log
128f,mve_refmat,gf_sqr,0,64,1,16580,259.0625,259.0625,profile/mve_refmat/128f.log
128f,mve_refmat,gf_sqr,1,64,1,16006,250.09375,250.09375,profile/mve_refmat/128f.log
128f,mve_refmat,gf_sqr,2,64,1,16006,250.09375,250.09375,profile/mve_refmat/128f.log
128f,mve_refmat,gf_sqr,3,64,1,16006,250.09375,250.09375,profile/mve_refmat/128f.log
128f,mve_refmat,gf_sqr,4,64,1,16006,250.09375,250.09375,profile/mve_refmat/128f.log
128f,mve_refmat,gf_sqr,5,64,1,16006,250.09375,250.09375,profile/mve_refmat/128f.log
128f,mve_refmat,gf_sqr,6,64,1,16006,250.09375,250.09375,profile/mve_refmat/128f.log
128f,mve_refmat,gf_sqr,7,64,1,16006,250.09375,250.09375,profile/mve_refmat/128f.log
128f,mve_refmat,gf_sqr,8,64,1,16006,250.09375,250.09375,profile/mve_refmat/128f.log
128f,mve_refmat,gf_sqr,9,64,1,16006,250.09375,250.09375,profile/mve_refmat/128f.log
128f,mve_refmat,gf_sqr,10,64,1,16006,250.09375,250.09375,profile/mve_refmat/128f.log
128f,mve_refmat,gf_sqr,11,64,1,16006,250.09375,250.09375,profile/mve_refmat/128f.log
128f,mve_refmat,gf_sqr,12,64,1,16006,250.09375,250.09375,profile/mve_refmat/128f.log
128f,mve_refmat,gf_sqr,13,64,1,16006,250.09375,250.09375,profile/mve_refmat/128f.log
128f,mve_refmat,gf_sqr,14,64,1,16006,250.09375,250.09375,profile/mve_refmat/128f.log
128f,mve_refmat,gf_sqr,15,64,1,16006,250.09375,250.09375,profile/mve_refmat/128f.log
128f,mve_refmat,gf_sqr,16,64,1,16006,250.09375,250.09375,profile/mve_refmat/128f.log
128f,mve_refmat,gf_sqr,17,64,1,16006,250.09375,250.09375,profile/mve_refmat/128f.log
128f,mve_refmat,gf_sqr,18,64,1,16006,250.09375,250.09375,profile/mve_refmat/128f.log
128f,mve_refmat,gf_sqr,19,64,1,16006,250.09375,250.09375,profile/mve_refmat/128f.log
128f,mve_refmat,gf_sqr,20,64,1,16006,250.09375,250.09375,profile/mve_refmat/128f.log
128f,mve_refmat,gf_sqr,21,64,1,16006,250.09375,250.09375,profile/mve_refmat/128f.log
128f,mve_refmat,gf_sqr,22,64,1,16006,250.09375,250.09375,profile/mve_refmat/128f.log
128f,mve_refmat,gf_sqr,23,64,1,16006,250.09375,250.09375,profile/mve_refmat/128f.log
128f,mve_refmat,gf_sqr,24,64,1,16006,250.09375,250.09375,profile/mve_refmat/128f.log
128f,mve_refmat,gf_sqr,25,64,1,16006,250.09375,250.09375,profile/mve_refmat/128f.log
128f,mve_refmat,gf_sqr,26,64,1,16006,250.09375,250.09375,profile/mve_refmat/128f.log
128f,mve_refmat,gf_sqr,27,64,1,16006,250.09375,250.09375,profile/mve_refmat/128f.log
128f,mve_refmat,gf_sqr,28,64,1,16006,250.09375,250.09375,profile/mve_refmat/128f.log
128f,mve_refmat,gf_sqr,29,64,1,16006,250.09375,250.09375,profile/mve_refmat/128f.log
128f,mve_refmat,gf_sqr,30,64,1,16006,250.09375,250.09375,profile/mve_refmat/128f.log
128f,mve_refmat,gf_inv,0,8,1,1006159,125769.875,125769.875,profile/mve_refmat/128f.log
128f,mve_refmat,gf_inv,1,8,1,1006054,125756.75,125756.75,profile/mve_refmat/128f.log
128f,mve_refmat,gf_inv,2,8,1,1006054,125756.75,125756.75,profile/mve_refmat/128f.log
128f,mve_refmat,gf_inv,3,8,1,1006054,125756.75,125756.75,profile/mve_refmat/128f.log
128f,mve_refmat,gf_inv,4,8,1,1006054,125756.75,125756.75,profile/mve_refmat/128f.log
128f,mve_refmat,gf_inv,5,8,1,1006054,125756.75,125756.75,profile/mve_refmat/128f.log
128f,mve_refmat,gf_inv,6,8,1,1006054,125756.75,125756.75,profile/mve_refmat/128f.log
128f,mve_refmat,gf_inv,7,8,1,1006054,125756.75,125756.75,profile/mve_refmat/128f.log
128f,mve_refmat,gf_inv,8,8,1,1006054,125756.75,125756.75,profile/mve_refmat/128f.log
128f,mve_refmat,gf_inv,9,8,1,1006054,125756.75,125756.75,profile/mve_refmat/128f.log
128f,mve_refmat,gf_inv,10,8,1,1006054,125756.75,125756.75,profile/mve_refmat/128f.log
128f,mve_refmat,gf_inv,11,8,1,1006054,125756.75,125756.75,profile/mve_refmat/128f.log
128f,mve_refmat,gf_inv,12,8,1,1006054,125756.75,125756.75,profile/mve_refmat/128f.log
128f,mve_refmat,gf_inv,13,8,1,1006054,125756.75,125756.75,profile/mve_refmat/128f.log
128f,mve_refmat,gf_inv,14,8,1,1006054,125756.75,125756.75,profile/mve_refmat/128f.log
128f,mve_refmat,gf_inv,15,8,1,1006054,125756.75,125756.75,profile/mve_refmat/128f.log
128f,mve_refmat,gf_inv,16,8,1,1006054,125756.75,125756.75,profile/mve_refmat/128f.log
128f,mve_refmat,gf_inv,17,8,1,1006054,125756.75,125756.75,profile/mve_refmat/128f.log
128f,mve_refmat,gf_inv,18,8,1,1006054,125756.75,125756.75,profile/mve_refmat/128f.log
128f,mve_refmat,gf_inv,19,8,1,1006054,125756.75,125756.75,profile/mve_refmat/128f.log
128f,mve_refmat,gf_inv,20,8,1,1006055,125756.875,125756.875,profile/mve_refmat/128f.log
128f,mve_refmat,gf_inv,21,8,1,1006054,125756.75,125756.75,profile/mve_refmat/128f.log
128f,mve_refmat,gf_inv,22,8,1,1006054,125756.75,125756.75,profile/mve_refmat/128f.log
128f,mve_refmat,gf_inv,23,8,1,1006054,125756.75,125756.75,profile/mve_refmat/128f.log
128f,mve_refmat,gf_inv,24,8,1,1006054,125756.75,125756.75,profile/mve_refmat/128f.log
128f,mve_refmat,gf_inv,25,8,1,1006054,125756.75,125756.75,profile/mve_refmat/128f.log
128f,mve_refmat,gf_inv,26,8,1,1006054,125756.75,125756.75,profile/mve_refmat/128f.log
128f,mve_refmat,gf_inv,27,8,1,1006054,125756.75,125756.75,profile/mve_refmat/128f.log
128f,mve_refmat,gf_inv,28,8,1,1006054,125756.75,125756.75,profile/mve_refmat/128f.log
128f,mve_refmat,gf_inv,29,8,1,1006054,125756.75,125756.75,profile/mve_refmat/128f.log
128f,mve_refmat,gf_inv,30,8,1,1006054,125756.75,125756.75,profile/mve_refmat/128f.log
128f,mve_refmat,gf_mat_vec_mul,0,64,1,209692,3276.4375,3276.4375,profile/mve_refmat/128f.log
128f,mve_refmat,gf_mat_vec_mul,1,64,1,208902,3264.09375,3264.09375,profile/mve_refmat/128f.log
128f,mve_refmat,gf_mat_vec_mul,2,64,1,208902,3264.09375,3264.09375,profile/mve_refmat/128f.log
128f,mve_refmat,gf_mat_vec_mul,3,64,1,208902,3264.09375,3264.09375,profile/mve_refmat/128f.log
128f,mve_refmat,gf_mat_vec_mul,4,64,1,208902,3264.09375,3264.09375,profile/mve_refmat/128f.log
128f,mve_refmat,gf_mat_vec_mul,5,64,1,208902,3264.09375,3264.09375,profile/mve_refmat/128f.log
128f,mve_refmat,gf_mat_vec_mul,6,64,1,208902,3264.09375,3264.09375,profile/mve_refmat/128f.log
128f,mve_refmat,gf_mat_vec_mul,7,64,1,208902,3264.09375,3264.09375,profile/mve_refmat/128f.log
128f,mve_refmat,gf_mat_vec_mul,8,64,1,208902,3264.09375,3264.09375,profile/mve_refmat/128f.log
128f,mve_refmat,gf_mat_vec_mul,9,64,1,208902,3264.09375,3264.09375,profile/mve_refmat/128f.log
128f,mve_refmat,gf_mat_vec_mul,10,64,1,208902,3264.09375,3264.09375,profile/mve_refmat/128f.log
128f,mve_refmat,gf_mat_vec_mul,11,64,1,208902,3264.09375,3264.09375,profile/mve_refmat/128f.log
128f,mve_refmat,gf_mat_vec_mul,12,64,1,208902,3264.09375,3264.09375,profile/mve_refmat/128f.log
128f,mve_refmat,gf_mat_vec_mul,13,64,1,208902,3264.09375,3264.09375,profile/mve_refmat/128f.log
128f,mve_refmat,gf_mat_vec_mul,14,64,1,208902,3264.09375,3264.09375,profile/mve_refmat/128f.log
128f,mve_refmat,gf_mat_vec_mul,15,64,1,208902,3264.09375,3264.09375,profile/mve_refmat/128f.log
128f,mve_refmat,gf_mat_vec_mul,16,64,1,208902,3264.09375,3264.09375,profile/mve_refmat/128f.log
128f,mve_refmat,gf_mat_vec_mul,17,64,1,208902,3264.09375,3264.09375,profile/mve_refmat/128f.log
128f,mve_refmat,gf_mat_vec_mul,18,64,1,208902,3264.09375,3264.09375,profile/mve_refmat/128f.log
128f,mve_refmat,gf_mat_vec_mul,19,64,1,208902,3264.09375,3264.09375,profile/mve_refmat/128f.log
128f,mve_refmat,gf_mat_vec_mul,20,64,1,208902,3264.09375,3264.09375,profile/mve_refmat/128f.log
128f,mve_refmat,gf_mat_vec_mul,21,64,1,208902,3264.09375,3264.09375,profile/mve_refmat/128f.log
128f,mve_refmat,gf_mat_vec_mul,22,64,1,208902,3264.09375,3264.09375,profile/mve_refmat/128f.log
128f,mve_refmat,gf_mat_vec_mul,23,64,1,208902,3264.09375,3264.09375,profile/mve_refmat/128f.log
128f,mve_refmat,gf_mat_vec_mul,24,64,1,208902,3264.09375,3264.09375,profile/mve_refmat/128f.log
128f,mve_refmat,gf_mat_vec_mul,25,64,1,208902,3264.09375,3264.09375,profile/mve_refmat/128f.log
128f,mve_refmat,gf_mat_vec_mul,26,64,1,208902,3264.09375,3264.09375,profile/mve_refmat/128f.log
128f,mve_refmat,gf_mat_vec_mul,27,64,1,208902,3264.09375,3264.09375,profile/mve_refmat/128f.log
128f,mve_refmat,gf_mat_vec_mul,28,64,1,208902,3264.09375,3264.09375,profile/mve_refmat/128f.log
128f,mve_refmat,gf_mat_vec_mul,29,64,1,208902,3264.09375,3264.09375,profile/mve_refmat/128f.log
128f,mve_refmat,gf_mat_vec_mul,30,64,1,208902,3264.09375,3264.09375,profile/mve_refmat/128f.log
128f,mve_refmat,gf_mat_vec_mul_add,0,64,1,210919,3295.609375,3295.609375,profile/mve_refmat/128f.log
128f,mve_refmat,gf_mat_vec_mul_add,1,64,1,210823,3294.109375,3294.109375,profile/mve_refmat/128f.log
128f,mve_refmat,gf_mat_vec_mul_add,2,64,1,210823,3294.109375,3294.109375,profile/mve_refmat/128f.log
128f,mve_refmat,gf_mat_vec_mul_add,3,64,1,210823,3294.109375,3294.109375,profile/mve_refmat/128f.log
128f,mve_refmat,gf_mat_vec_mul_add,4,64,1,210823,3294.109375,3294.109375,profile/mve_refmat/128f.log
128f,mve_refmat,gf_mat_vec_mul_add,5,64,1,210823,3294.109375,3294.109375,profile/mve_refmat/128f.log
128f,mve_refmat,gf_mat_vec_mul_add,6,64,1,210823,3294.109375,3294.109375,profile/mve_refmat/128f.log
128f,mve_refmat,gf_mat_vec_mul_add,7,64,1,210823,3294.109375,3294.109375,profile/mve_refmat/128f.log
128f,mve_refmat,gf_mat_vec_mul_add,8,64,1,210823,3294.109375,3294.109375,profile/mve_refmat/128f.log
128f,mve_refmat,gf_mat_vec_mul_add,9,64,1,210823,3294.109375,3294.109375,profile/mve_refmat/128f.log
128f,mve_refmat,gf_mat_vec_mul_add,10,64,1,210823,3294.109375,3294.109375,profile/mve_refmat/128f.log
128f,mve_refmat,gf_mat_vec_mul_add,11,64,1,210823,3294.109375,3294.109375,profile/mve_refmat/128f.log
128f,mve_refmat,gf_mat_vec_mul_add,12,64,1,210823,3294.109375,3294.109375,profile/mve_refmat/128f.log
128f,mve_refmat,gf_mat_vec_mul_add,13,64,1,210823,3294.109375,3294.109375,profile/mve_refmat/128f.log
128f,mve_refmat,gf_mat_vec_mul_add,14,64,1,210823,3294.109375,3294.109375,profile/mve_refmat/128f.log
128f,mve_refmat,gf_mat_vec_mul_add,15,64,1,210823,3294.109375,3294.109375,profile/mve_refmat/128f.log
128f,mve_refmat,gf_mat_vec_mul_add,16,64,1,210823,3294.109375,3294.109375,profile/mve_refmat/128f.log
128f,mve_refmat,gf_mat_vec_mul_add,17,64,1,210823,3294.109375,3294.109375,profile/mve_refmat/128f.log
128f,mve_refmat,gf_mat_vec_mul_add,18,64,1,210823,3294.109375,3294.109375,profile/mve_refmat/128f.log
128f,mve_refmat,gf_mat_vec_mul_add,19,64,1,210823,3294.109375,3294.109375,profile/mve_refmat/128f.log
128f,mve_refmat,gf_mat_vec_mul_add,20,64,1,210823,3294.109375,3294.109375,profile/mve_refmat/128f.log
128f,mve_refmat,gf_mat_vec_mul_add,21,64,1,210823,3294.109375,3294.109375,profile/mve_refmat/128f.log
128f,mve_refmat,gf_mat_vec_mul_add,22,64,1,210823,3294.109375,3294.109375,profile/mve_refmat/128f.log
128f,mve_refmat,gf_mat_vec_mul_add,23,64,1,210823,3294.109375,3294.109375,profile/mve_refmat/128f.log
128f,mve_refmat,gf_mat_vec_mul_add,24,64,1,210823,3294.109375,3294.109375,profile/mve_refmat/128f.log
128f,mve_refmat,gf_mat_vec_mul_add,25,64,1,210823,3294.109375,3294.109375,profile/mve_refmat/128f.log
128f,mve_refmat,gf_mat_vec_mul_add,26,64,1,210823,3294.109375,3294.109375,profile/mve_refmat/128f.log
128f,mve_refmat,gf_mat_vec_mul_add,27,64,1,210823,3294.109375,3294.109375,profile/mve_refmat/128f.log
128f,mve_refmat,gf_mat_vec_mul_add,28,64,1,210823,3294.109375,3294.109375,profile/mve_refmat/128f.log
128f,mve_refmat,gf_mat_vec_mul_add,29,64,1,210823,3294.109375,3294.109375,profile/mve_refmat/128f.log
128f,mve_refmat,gf_mat_vec_mul_add,30,64,1,210823,3294.109375,3294.109375,profile/mve_refmat/128f.log
128f,mve_refmat,gf_sqr_batch4,0,64,4,31232,488.0,122.0,profile/mve_refmat/128f.log
128f,mve_refmat,gf_sqr_batch4,1,64,4,30147,471.046875,117.76171875,profile/mve_refmat/128f.log
128f,mve_refmat,gf_sqr_batch4,2,64,4,30147,471.046875,117.76171875,profile/mve_refmat/128f.log
128f,mve_refmat,gf_sqr_batch4,3,64,4,30147,471.046875,117.76171875,profile/mve_refmat/128f.log
128f,mve_refmat,gf_sqr_batch4,4,64,4,30147,471.046875,117.76171875,profile/mve_refmat/128f.log
128f,mve_refmat,gf_sqr_batch4,5,64,4,30147,471.046875,117.76171875,profile/mve_refmat/128f.log
128f,mve_refmat,gf_sqr_batch4,6,64,4,30147,471.046875,117.76171875,profile/mve_refmat/128f.log
128f,mve_refmat,gf_sqr_batch4,7,64,4,30147,471.046875,117.76171875,profile/mve_refmat/128f.log
128f,mve_refmat,gf_sqr_batch4,8,64,4,30147,471.046875,117.76171875,profile/mve_refmat/128f.log
128f,mve_refmat,gf_sqr_batch4,9,64,4,30147,471.046875,117.76171875,profile/mve_refmat/128f.log
128f,mve_refmat,gf_sqr_batch4,10,64,4,30147,471.046875,117.76171875,profile/mve_refmat/128f.log
128f,mve_refmat,gf_sqr_batch4,11,64,4,30147,471.046875,117.76171875,profile/mve_refmat/128f.log
128f,mve_refmat,gf_sqr_batch4,12,64,4,30147,471.046875,117.76171875,profile/mve_refmat/128f.log
128f,mve_refmat,gf_sqr_batch4,13,64,4,30147,471.046875,117.76171875,profile/mve_refmat/128f.log
128f,mve_refmat,gf_sqr_batch4,14,64,4,30147,471.046875,117.76171875,profile/mve_refmat/128f.log
128f,mve_refmat,gf_sqr_batch4,15,64,4,30147,471.046875,117.76171875,profile/mve_refmat/128f.log
128f,mve_refmat,gf_sqr_batch4,16,64,4,30147,471.046875,117.76171875,profile/mve_refmat/128f.log
128f,mve_refmat,gf_sqr_batch4,17,64,4,30147,471.046875,117.76171875,profile/mve_refmat/128f.log
128f,mve_refmat,gf_sqr_batch4,18,64,4,30147,471.046875,117.76171875,profile/mve_refmat/128f.log
128f,mve_refmat,gf_sqr_batch4,19,64,4,30147,471.046875,117.76171875,profile/mve_refmat/128f.log
128f,mve_refmat,gf_sqr_batch4,20,64,4,30147,471.046875,117.76171875,profile/mve_refmat/128f.log
128f,mve_refmat,gf_sqr_batch4,21,64,4,30147,471.046875,117.76171875,profile/mve_refmat/128f.log
128f,mve_refmat,gf_sqr_batch4,22,64,4,30147,471.046875,117.76171875,profile/mve_refmat/128f.log
128f,mve_refmat,gf_sqr_batch4,23,64,4,30147,471.046875,117.76171875,profile/mve_refmat/128f.log
128f,mve_refmat,gf_sqr_batch4,24,64,4,30147,471.046875,117.76171875,profile/mve_refmat/128f.log
128f,mve_refmat,gf_sqr_batch4,25,64,4,30147,471.046875,117.76171875,profile/mve_refmat/128f.log
128f,mve_refmat,gf_sqr_batch4,26,64,4,30147,471.046875,117.76171875,profile/mve_refmat/128f.log
128f,mve_refmat,gf_sqr_batch4,27,64,4,30147,471.046875,117.76171875,profile/mve_refmat/128f.log
128f,mve_refmat,gf_sqr_batch4,28,64,4,30147,471.046875,117.76171875,profile/mve_refmat/128f.log
128f,mve_refmat,gf_sqr_batch4,29,64,4,30147,471.046875,117.76171875,profile/mve_refmat/128f.log
128f,mve_refmat,gf_sqr_batch4,30,64,4,30147,471.046875,117.76171875,profile/mve_refmat/128f.log
128f,mve_refmat,gf_frobenius_batch4_e3,0,8,4,7386,923.25,230.8125,profile/mve_refmat/128f.log
128f,mve_refmat,gf_frobenius_batch4_e3,1,8,4,6756,844.5,211.125,profile/mve_refmat/128f.log
128f,mve_refmat,gf_frobenius_batch4_e3,2,8,4,6756,844.5,211.125,profile/mve_refmat/128f.log
128f,mve_refmat,gf_frobenius_batch4_e3,3,8,4,6756,844.5,211.125,profile/mve_refmat/128f.log
128f,mve_refmat,gf_frobenius_batch4_e3,4,8,4,6756,844.5,211.125,profile/mve_refmat/128f.log
128f,mve_refmat,gf_frobenius_batch4_e3,5,8,4,6756,844.5,211.125,profile/mve_refmat/128f.log
128f,mve_refmat,gf_frobenius_batch4_e3,6,8,4,6756,844.5,211.125,profile/mve_refmat/128f.log
128f,mve_refmat,gf_frobenius_batch4_e3,7,8,4,6756,844.5,211.125,profile/mve_refmat/128f.log
128f,mve_refmat,gf_frobenius_batch4_e3,8,8,4,6756,844.5,211.125,profile/mve_refmat/128f.log
128f,mve_refmat,gf_frobenius_batch4_e3,9,8,4,6756,844.5,211.125,profile/mve_refmat/128f.log
128f,mve_refmat,gf_frobenius_batch4_e3,10,8,4,6756,844.5,211.125,profile/mve_refmat/128f.log
128f,mve_refmat,gf_frobenius_batch4_e3,11,8,4,6756,844.5,211.125,profile/mve_refmat/128f.log
128f,mve_refmat,gf_frobenius_batch4_e3,12,8,4,6756,844.5,211.125,profile/mve_refmat/128f.log
128f,mve_refmat,gf_frobenius_batch4_e3,13,8,4,6756,844.5,211.125,profile/mve_refmat/128f.log
128f,mve_refmat,gf_frobenius_batch4_e3,14,8,4,6756,844.5,211.125,profile/mve_refmat/128f.log
128f,mve_refmat,gf_frobenius_batch4_e3,15,8,4,6756,844.5,211.125,profile/mve_refmat/128f.log
128f,mve_refmat,gf_frobenius_batch4_e3,16,8,4,6756,844.5,211.125,profile/mve_refmat/128f.log
128f,mve_refmat,gf_frobenius_batch4_e3,17,8,4,6756,844.5,211.125,profile/mve_refmat/128f.log
128f,mve_refmat,gf_frobenius_batch4_e3,18,8,4,6756,844.5,211.125,profile/mve_refmat/128f.log
128f,mve_refmat,gf_frobenius_batch4_e3,19,8,4,6756,844.5,211.125,profile/mve_refmat/128f.log
128f,mve_refmat,gf_frobenius_batch4_e3,20,8,4,6756,844.5,211.125,profile/mve_refmat/128f.log
128f,mve_refmat,gf_frobenius_batch4_e3,21,8,4,6756,844.5,211.125,profile/mve_refmat/128f.log
128f,mve_refmat,gf_frobenius_batch4_e3,22,8,4,6756,844.5,211.125,profile/mve_refmat/128f.log
128f,mve_refmat,gf_frobenius_batch4_e3,23,8,4,6756,844.5,211.125,profile/mve_refmat/128f.log
128f,mve_refmat,gf_frobenius_batch4_e3,24,8,4,6756,844.5,211.125,profile/mve_refmat/128f.log
128f,mve_refmat,gf_frobenius_batch4_e3,25,8,4,6756,844.5,211.125,profile/mve_refmat/128f.log
128f,mve_refmat,gf_frobenius_batch4_e3,26,8,4,6756,844.5,211.125,profile/mve_refmat/128f.log
128f,mve_refmat,gf_frobenius_batch4_e3,27,8,4,6756,844.5,211.125,profile/mve_refmat/128f.log
128f,mve_refmat,gf_frobenius_batch4_e3,28,8,4,6756,844.5,211.125,profile/mve_refmat/128f.log
128f,mve_refmat,gf_frobenius_batch4_e3,29,8,4,6756,844.5,211.125,profile/mve_refmat/128f.log
128f,mve_refmat,gf_frobenius_batch4_e3,30,8,4,6756,844.5,211.125,profile/mve_refmat/128f.log
128f,mve_refmat,gf_frobenius_batch4_e7,0,8,4,12739,1592.375,398.09375,profile/mve_refmat/128f.log
128f,mve_refmat,gf_frobenius_batch4_e7,1,8,4,12740,1592.5,398.125,profile/mve_refmat/128f.log
128f,mve_refmat,gf_frobenius_batch4_e7,2,8,4,12740,1592.5,398.125,profile/mve_refmat/128f.log
128f,mve_refmat,gf_frobenius_batch4_e7,3,8,4,12740,1592.5,398.125,profile/mve_refmat/128f.log
128f,mve_refmat,gf_frobenius_batch4_e7,4,8,4,12740,1592.5,398.125,profile/mve_refmat/128f.log
128f,mve_refmat,gf_frobenius_batch4_e7,5,8,4,12740,1592.5,398.125,profile/mve_refmat/128f.log
128f,mve_refmat,gf_frobenius_batch4_e7,6,8,4,12740,1592.5,398.125,profile/mve_refmat/128f.log
128f,mve_refmat,gf_frobenius_batch4_e7,7,8,4,12740,1592.5,398.125,profile/mve_refmat/128f.log
128f,mve_refmat,gf_frobenius_batch4_e7,8,8,4,12740,1592.5,398.125,profile/mve_refmat/128f.log
128f,mve_refmat,gf_frobenius_batch4_e7,9,8,4,12740,1592.5,398.125,profile/mve_refmat/128f.log
128f,mve_refmat,gf_frobenius_batch4_e7,10,8,4,12740,1592.5,398.125,profile/mve_refmat/128f.log
128f,mve_refmat,gf_frobenius_batch4_e7,11,8,4,12740,1592.5,398.125,profile/mve_refmat/128f.log
128f,mve_refmat,gf_frobenius_batch4_e7,12,8,4,12740,1592.5,398.125,profile/mve_refmat/128f.log
128f,mve_refmat,gf_frobenius_batch4_e7,13,8,4,12740,1592.5,398.125,profile/mve_refmat/128f.log
128f,mve_refmat,gf_frobenius_batch4_e7,14,8,4,12740,1592.5,398.125,profile/mve_refmat/128f.log
128f,mve_refmat,gf_frobenius_batch4_e7,15,8,4,12740,1592.5,398.125,profile/mve_refmat/128f.log
128f,mve_refmat,gf_frobenius_batch4_e7,16,8,4,12740,1592.5,398.125,profile/mve_refmat/128f.log
128f,mve_refmat,gf_frobenius_batch4_e7,17,8,4,12740,1592.5,398.125,profile/mve_refmat/128f.log
128f,mve_refmat,gf_frobenius_batch4_e7,18,8,4,12740,1592.5,398.125,profile/mve_refmat/128f.log
128f,mve_refmat,gf_frobenius_batch4_e7,19,8,4,12740,1592.5,398.125,profile/mve_refmat/128f.log
128f,mve_refmat,gf_frobenius_batch4_e7,20,8,4,12740,1592.5,398.125,profile/mve_refmat/128f.log
128f,mve_refmat,gf_frobenius_batch4_e7,21,8,4,12740,1592.5,398.125,profile/mve_refmat/128f.log
128f,mve_refmat,gf_frobenius_batch4_e7,22,8,4,12740,1592.5,398.125,profile/mve_refmat/128f.log
128f,mve_refmat,gf_frobenius_batch4_e7,23,8,4,12740,1592.5,398.125,profile/mve_refmat/128f.log
128f,mve_refmat,gf_frobenius_batch4_e7,24,8,4,12740,1592.5,398.125,profile/mve_refmat/128f.log
128f,mve_refmat,gf_frobenius_batch4_e7,25,8,4,12740,1592.5,398.125,profile/mve_refmat/128f.log
128f,mve_refmat,gf_frobenius_batch4_e7,26,8,4,12740,1592.5,398.125,profile/mve_refmat/128f.log
128f,mve_refmat,gf_frobenius_batch4_e7,27,8,4,12740,1592.5,398.125,profile/mve_refmat/128f.log
128f,mve_refmat,gf_frobenius_batch4_e7,28,8,4,12740,1592.5,398.125,profile/mve_refmat/128f.log
128f,mve_refmat,gf_frobenius_batch4_e7,29,8,4,12740,1592.5,398.125,profile/mve_refmat/128f.log
128f,mve_refmat,gf_frobenius_batch4_e7,30,8,4,12740,1592.5,398.125,profile/mve_refmat/128f.log
128f,mve_refmat,gf_frobenius_batch4_e11,0,8,4,18782,2347.75,586.9375,profile/mve_refmat/128f.log
128f,mve_refmat,gf_frobenius_batch4_e11,1,8,4,18724,2340.5,585.125,profile/mve_refmat/128f.log
128f,mve_refmat,gf_frobenius_batch4_e11,2,8,4,18724,2340.5,585.125,profile/mve_refmat/128f.log
128f,mve_refmat,gf_frobenius_batch4_e11,3,8,4,18724,2340.5,585.125,profile/mve_refmat/128f.log
128f,mve_refmat,gf_frobenius_batch4_e11,4,8,4,18724,2340.5,585.125,profile/mve_refmat/128f.log
128f,mve_refmat,gf_frobenius_batch4_e11,5,8,4,18724,2340.5,585.125,profile/mve_refmat/128f.log
128f,mve_refmat,gf_frobenius_batch4_e11,6,8,4,18724,2340.5,585.125,profile/mve_refmat/128f.log
128f,mve_refmat,gf_frobenius_batch4_e11,7,8,4,18724,2340.5,585.125,profile/mve_refmat/128f.log
128f,mve_refmat,gf_frobenius_batch4_e11,8,8,4,18724,2340.5,585.125,profile/mve_refmat/128f.log
128f,mve_refmat,gf_frobenius_batch4_e11,9,8,4,18724,2340.5,585.125,profile/mve_refmat/128f.log
128f,mve_refmat,gf_frobenius_batch4_e11,10,8,4,18724,2340.5,585.125,profile/mve_refmat/128f.log
128f,mve_refmat,gf_frobenius_batch4_e11,11,8,4,18724,2340.5,585.125,profile/mve_refmat/128f.log
128f,mve_refmat,gf_frobenius_batch4_e11,12,8,4,18724,2340.5,585.125,profile/mve_refmat/128f.log
128f,mve_refmat,gf_frobenius_batch4_e11,13,8,4,18724,2340.5,585.125,profile/mve_refmat/128f.log
128f,mve_refmat,gf_frobenius_batch4_e11,14,8,4,18724,2340.5,585.125,profile/mve_refmat/128f.log
128f,mve_refmat,gf_frobenius_batch4_e11,15,8,4,18724,2340.5,585.125,profile/mve_refmat/128f.log
128f,mve_refmat,gf_frobenius_batch4_e11,16,8,4,18724,2340.5,585.125,profile/mve_refmat/128f.log
128f,mve_refmat,gf_frobenius_batch4_e11,17,8,4,18724,2340.5,585.125,profile/mve_refmat/128f.log
128f,mve_refmat,gf_frobenius_batch4_e11,18,8,4,18724,2340.5,585.125,profile/mve_refmat/128f.log
128f,mve_refmat,gf_frobenius_batch4_e11,19,8,4,18724,2340.5,585.125,profile/mve_refmat/128f.log
128f,mve_refmat,gf_frobenius_batch4_e11,20,8,4,18724,2340.5,585.125,profile/mve_refmat/128f.log
128f,mve_refmat,gf_frobenius_batch4_e11,21,8,4,18724,2340.5,585.125,profile/mve_refmat/128f.log
128f,mve_refmat,gf_frobenius_batch4_e11,22,8,4,18724,2340.5,585.125,profile/mve_refmat/128f.log
128f,mve_refmat,gf_frobenius_batch4_e11,23,8,4,18724,2340.5,585.125,profile/mve_refmat/128f.log
128f,mve_refmat,gf_frobenius_batch4_e11,24,8,4,18724,2340.5,585.125,profile/mve_refmat/128f.log
128f,mve_refmat,gf_frobenius_batch4_e11,25,8,4,18724,2340.5,585.125,profile/mve_refmat/128f.log
128f,mve_refmat,gf_frobenius_batch4_e11,26,8,4,18724,2340.5,585.125,profile/mve_refmat/128f.log
128f,mve_refmat,gf_frobenius_batch4_e11,27,8,4,18724,2340.5,585.125,profile/mve_refmat/128f.log
128f,mve_refmat,gf_frobenius_batch4_e11,28,8,4,18724,2340.5,585.125,profile/mve_refmat/128f.log
128f,mve_refmat,gf_frobenius_batch4_e11,29,8,4,18724,2340.5,585.125,profile/mve_refmat/128f.log
128f,mve_refmat,gf_frobenius_batch4_e11,30,8,4,18724,2340.5,585.125,profile/mve_refmat/128f.log
128f,mve_refmat,gf_mul_const_batch4,0,64,4,578790,9043.59375,2260.8984375,profile/mve_refmat/128f.log
128f,mve_refmat,gf_mul_const_batch4,1,64,4,577989,9031.078125,2257.76953125,profile/mve_refmat/128f.log
128f,mve_refmat,gf_mul_const_batch4,2,64,4,577989,9031.078125,2257.76953125,profile/mve_refmat/128f.log
128f,mve_refmat,gf_mul_const_batch4,3,64,4,577989,9031.078125,2257.76953125,profile/mve_refmat/128f.log
128f,mve_refmat,gf_mul_const_batch4,4,64,4,577989,9031.078125,2257.76953125,profile/mve_refmat/128f.log
128f,mve_refmat,gf_mul_const_batch4,5,64,4,577989,9031.078125,2257.76953125,profile/mve_refmat/128f.log
128f,mve_refmat,gf_mul_const_batch4,6,64,4,577989,9031.078125,2257.76953125,profile/mve_refmat/128f.log
128f,mve_refmat,gf_mul_const_batch4,7,64,4,577989,9031.078125,2257.76953125,profile/mve_refmat/128f.log
128f,mve_refmat,gf_mul_const_batch4,8,64,4,577989,9031.078125,2257.76953125,profile/mve_refmat/128f.log
128f,mve_refmat,gf_mul_const_batch4,9,64,4,577989,9031.078125,2257.76953125,profile/mve_refmat/128f.log
128f,mve_refmat,gf_mul_const_batch4,10,64,4,577989,9031.078125,2257.76953125,profile/mve_refmat/128f.log
128f,mve_refmat,gf_mul_const_batch4,11,64,4,577989,9031.078125,2257.76953125,profile/mve_refmat/128f.log
128f,mve_refmat,gf_mul_const_batch4,12,64,4,577989,9031.078125,2257.76953125,profile/mve_refmat/128f.log
128f,mve_refmat,gf_mul_const_batch4,13,64,4,577989,9031.078125,2257.76953125,profile/mve_refmat/128f.log
128f,mve_refmat,gf_mul_const_batch4,14,64,4,577989,9031.078125,2257.76953125,profile/mve_refmat/128f.log
128f,mve_refmat,gf_mul_const_batch4,15,64,4,577989,9031.078125,2257.76953125,profile/mve_refmat/128f.log
128f,mve_refmat,gf_mul_const_batch4,16,64,4,577989,9031.078125,2257.76953125,profile/mve_refmat/128f.log
128f,mve_refmat,gf_mul_const_batch4,17,64,4,577989,9031.078125,2257.76953125,profile/mve_refmat/128f.log
128f,mve_refmat,gf_mul_const_batch4,18,64,4,577989,9031.078125,2257.76953125,profile/mve_refmat/128f.log
128f,mve_refmat,gf_mul_const_batch4,19,64,4,577989,9031.078125,2257.76953125,profile/mve_refmat/128f.log
128f,mve_refmat,gf_mul_const_batch4,20,64,4,577989,9031.078125,2257.76953125,profile/mve_refmat/128f.log
128f,mve_refmat,gf_mul_const_batch4,21,64,4,577989,9031.078125,2257.76953125,profile/mve_refmat/128f.log
128f,mve_refmat,gf_mul_const_batch4,22,64,4,577989,9031.078125,2257.76953125,profile/mve_refmat/128f.log
128f,mve_refmat,gf_mul_const_batch4,23,64,4,577989,9031.078125,2257.76953125,profile/mve_refmat/128f.log
128f,mve_refmat,gf_mul_const_batch4,24,64,4,577989,9031.078125,2257.76953125,profile/mve_refmat/128f.log
128f,mve_refmat,gf_mul_const_batch4,25,64,4,577989,9031.078125,2257.76953125,profile/mve_refmat/128f.log
128f,mve_refmat,gf_mul_const_batch4,26,64,4,577989,9031.078125,2257.76953125,profile/mve_refmat/128f.log
128f,mve_refmat,gf_mul_const_batch4,27,64,4,577990,9031.09375,2257.7734375,profile/mve_refmat/128f.log
128f,mve_refmat,gf_mul_const_batch4,28,64,4,577989,9031.078125,2257.76953125,profile/mve_refmat/128f.log
128f,mve_refmat,gf_mul_const_batch4,29,64,4,577989,9031.078125,2257.76953125,profile/mve_refmat/128f.log
128f,mve_refmat,gf_mul_const_batch4,30,64,4,577989,9031.078125,2257.76953125,profile/mve_refmat/128f.log
128f,mve_refmat,aim3_mpc_batch4,0,8,4,470269,58783.625,14695.90625,profile/mve_refmat/128f.log
128f,mve_refmat,aim3_mpc_batch4,1,8,4,469058,58632.25,14658.0625,profile/mve_refmat/128f.log
128f,mve_refmat,aim3_mpc_batch4,2,8,4,469058,58632.25,14658.0625,profile/mve_refmat/128f.log
128f,mve_refmat,aim3_mpc_batch4,3,8,4,469057,58632.125,14658.03125,profile/mve_refmat/128f.log
128f,mve_refmat,aim3_mpc_batch4,4,8,4,469056,58632.0,14658.0,profile/mve_refmat/128f.log
128f,mve_refmat,aim3_mpc_batch4,5,8,4,469056,58632.0,14658.0,profile/mve_refmat/128f.log
128f,mve_refmat,aim3_mpc_batch4,6,8,4,469055,58631.875,14657.96875,profile/mve_refmat/128f.log
128f,mve_refmat,aim3_mpc_batch4,7,8,4,469055,58631.875,14657.96875,profile/mve_refmat/128f.log
128f,mve_refmat,aim3_mpc_batch4,8,8,4,469055,58631.875,14657.96875,profile/mve_refmat/128f.log
128f,mve_refmat,aim3_mpc_batch4,9,8,4,469055,58631.875,14657.96875,profile/mve_refmat/128f.log
128f,mve_refmat,aim3_mpc_batch4,10,8,4,469055,58631.875,14657.96875,profile/mve_refmat/128f.log
128f,mve_refmat,aim3_mpc_batch4,11,8,4,469055,58631.875,14657.96875,profile/mve_refmat/128f.log
128f,mve_refmat,aim3_mpc_batch4,12,8,4,469055,58631.875,14657.96875,profile/mve_refmat/128f.log
128f,mve_refmat,aim3_mpc_batch4,13,8,4,469055,58631.875,14657.96875,profile/mve_refmat/128f.log
128f,mve_refmat,aim3_mpc_batch4,14,8,4,469055,58631.875,14657.96875,profile/mve_refmat/128f.log
128f,mve_refmat,aim3_mpc_batch4,15,8,4,469055,58631.875,14657.96875,profile/mve_refmat/128f.log
128f,mve_refmat,aim3_mpc_batch4,16,8,4,469055,58631.875,14657.96875,profile/mve_refmat/128f.log
128f,mve_refmat,aim3_mpc_batch4,17,8,4,469055,58631.875,14657.96875,profile/mve_refmat/128f.log
128f,mve_refmat,aim3_mpc_batch4,18,8,4,469055,58631.875,14657.96875,profile/mve_refmat/128f.log
128f,mve_refmat,aim3_mpc_batch4,19,8,4,469055,58631.875,14657.96875,profile/mve_refmat/128f.log
128f,mve_refmat,aim3_mpc_batch4,20,8,4,469055,58631.875,14657.96875,profile/mve_refmat/128f.log
128f,mve_refmat,aim3_mpc_batch4,21,8,4,469055,58631.875,14657.96875,profile/mve_refmat/128f.log
128f,mve_refmat,aim3_mpc_batch4,22,8,4,469055,58631.875,14657.96875,profile/mve_refmat/128f.log
128f,mve_refmat,aim3_mpc_batch4,23,8,4,469055,58631.875,14657.96875,profile/mve_refmat/128f.log
128f,mve_refmat,aim3_mpc_batch4,24,8,4,469055,58631.875,14657.96875,profile/mve_refmat/128f.log
128f,mve_refmat,aim3_mpc_batch4,25,8,4,469055,58631.875,14657.96875,profile/mve_refmat/128f.log
128f,mve_refmat,aim3_mpc_batch4,26,8,4,469055,58631.875,14657.96875,profile/mve_refmat/128f.log
128f,mve_refmat,aim3_mpc_batch4,27,8,4,469055,58631.875,14657.96875,profile/mve_refmat/128f.log
128f,mve_refmat,aim3_mpc_batch4,28,8,4,469055,58631.875,14657.96875,profile/mve_refmat/128f.log
128f,mve_refmat,aim3_mpc_batch4,29,8,4,469055,58631.875,14657.96875,profile/mve_refmat/128f.log
128f,mve_refmat,aim3_mpc_batch4,30,8,4,469055,58631.875,14657.96875,profile/mve_refmat/128f.log
128f,mve_refmat,aim3_mpc_batch4_affine,0,8,4,427652,53456.5,13364.125,profile/mve_refmat/128f.log
128f,mve_refmat,aim3_mpc_batch4_affine,1,8,4,426916,53364.5,13341.125,profile/mve_refmat/128f.log
128f,mve_refmat,aim3_mpc_batch4_affine,2,8,4,426916,53364.5,13341.125,profile/mve_refmat/128f.log
128f,mve_refmat,aim3_mpc_batch4_affine,3,8,4,426915,53364.375,13341.09375,profile/mve_refmat/128f.log
128f,mve_refmat,aim3_mpc_batch4_affine,4,8,4,426914,53364.25,13341.0625,profile/mve_refmat/128f.log
128f,mve_refmat,aim3_mpc_batch4_affine,5,8,4,426914,53364.25,13341.0625,profile/mve_refmat/128f.log
128f,mve_refmat,aim3_mpc_batch4_affine,6,8,4,426913,53364.125,13341.03125,profile/mve_refmat/128f.log
128f,mve_refmat,aim3_mpc_batch4_affine,7,8,4,426913,53364.125,13341.03125,profile/mve_refmat/128f.log
128f,mve_refmat,aim3_mpc_batch4_affine,8,8,4,426913,53364.125,13341.03125,profile/mve_refmat/128f.log
128f,mve_refmat,aim3_mpc_batch4_affine,9,8,4,426913,53364.125,13341.03125,profile/mve_refmat/128f.log
128f,mve_refmat,aim3_mpc_batch4_affine,10,8,4,426913,53364.125,13341.03125,profile/mve_refmat/128f.log
128f,mve_refmat,aim3_mpc_batch4_affine,11,8,4,426913,53364.125,13341.03125,profile/mve_refmat/128f.log
128f,mve_refmat,aim3_mpc_batch4_affine,12,8,4,426913,53364.125,13341.03125,profile/mve_refmat/128f.log
128f,mve_refmat,aim3_mpc_batch4_affine,13,8,4,426913,53364.125,13341.03125,profile/mve_refmat/128f.log
128f,mve_refmat,aim3_mpc_batch4_affine,14,8,4,426913,53364.125,13341.03125,profile/mve_refmat/128f.log
128f,mve_refmat,aim3_mpc_batch4_affine,15,8,4,426913,53364.125,13341.03125,profile/mve_refmat/128f.log
128f,mve_refmat,aim3_mpc_batch4_affine,16,8,4,426913,53364.125,13341.03125,profile/mve_refmat/128f.log
128f,mve_refmat,aim3_mpc_batch4_affine,17,8,4,426913,53364.125,13341.03125,profile/mve_refmat/128f.log
128f,mve_refmat,aim3_mpc_batch4_affine,18,8,4,426913,53364.125,13341.03125,profile/mve_refmat/128f.log
128f,mve_refmat,aim3_mpc_batch4_affine,19,8,4,426913,53364.125,13341.03125,profile/mve_refmat/128f.log
128f,mve_refmat,aim3_mpc_batch4_affine,20,8,4,426913,53364.125,13341.03125,profile/mve_refmat/128f.log
128f,mve_refmat,aim3_mpc_batch4_affine,21,8,4,426913,53364.125,13341.03125,profile/mve_refmat/128f.log
128f,mve_refmat,aim3_mpc_batch4_affine,22,8,4,426913,53364.125,13341.03125,profile/mve_refmat/128f.log
128f,mve_refmat,aim3_mpc_batch4_affine,23,8,4,426913,53364.125,13341.03125,profile/mve_refmat/128f.log
128f,mve_refmat,aim3_mpc_batch4_affine,24,8,4,426913,53364.125,13341.03125,profile/mve_refmat/128f.log
128f,mve_refmat,aim3_mpc_batch4_affine,25,8,4,426913,53364.125,13341.03125,profile/mve_refmat/128f.log
128f,mve_refmat,aim3_mpc_batch4_affine,26,8,4,426913,53364.125,13341.03125,profile/mve_refmat/128f.log
128f,mve_refmat,aim3_mpc_batch4_affine,27,8,4,426913,53364.125,13341.03125,profile/mve_refmat/128f.log
128f,mve_refmat,aim3_mpc_batch4_affine,28,8,4,426913,53364.125,13341.03125,profile/mve_refmat/128f.log
128f,mve_refmat,aim3_mpc_batch4_affine,29,8,4,426913,53364.125,13341.03125,profile/mve_refmat/128f.log
128f,mve_refmat,aim3_mpc_batch4_affine,30,8,4,426913,53364.125,13341.03125,profile/mve_refmat/128f.log
128f,mve_refmat,aim3_mpc_batch4_frobenius,0,8,4,41850,5231.25,1307.8125,profile/mve_refmat/128f.log
128f,mve_refmat,aim3_mpc_batch4_frobenius,1,8,4,41608,5201.0,1300.25,profile/mve_refmat/128f.log
128f,mve_refmat,aim3_mpc_batch4_frobenius,2,8,4,41608,5201.0,1300.25,profile/mve_refmat/128f.log
128f,mve_refmat,aim3_mpc_batch4_frobenius,3,8,4,41608,5201.0,1300.25,profile/mve_refmat/128f.log
128f,mve_refmat,aim3_mpc_batch4_frobenius,4,8,4,41608,5201.0,1300.25,profile/mve_refmat/128f.log
128f,mve_refmat,aim3_mpc_batch4_frobenius,5,8,4,41608,5201.0,1300.25,profile/mve_refmat/128f.log
128f,mve_refmat,aim3_mpc_batch4_frobenius,6,8,4,41608,5201.0,1300.25,profile/mve_refmat/128f.log
128f,mve_refmat,aim3_mpc_batch4_frobenius,7,8,4,41608,5201.0,1300.25,profile/mve_refmat/128f.log
128f,mve_refmat,aim3_mpc_batch4_frobenius,8,8,4,41608,5201.0,1300.25,profile/mve_refmat/128f.log
128f,mve_refmat,aim3_mpc_batch4_frobenius,9,8,4,41608,5201.0,1300.25,profile/mve_refmat/128f.log
128f,mve_refmat,aim3_mpc_batch4_frobenius,10,8,4,41608,5201.0,1300.25,profile/mve_refmat/128f.log
128f,mve_refmat,aim3_mpc_batch4_frobenius,11,8,4,41608,5201.0,1300.25,profile/mve_refmat/128f.log
128f,mve_refmat,aim3_mpc_batch4_frobenius,12,8,4,41608,5201.0,1300.25,profile/mve_refmat/128f.log
128f,mve_refmat,aim3_mpc_batch4_frobenius,13,8,4,41608,5201.0,1300.25,profile/mve_refmat/128f.log
128f,mve_refmat,aim3_mpc_batch4_frobenius,14,8,4,41608,5201.0,1300.25,profile/mve_refmat/128f.log
128f,mve_refmat,aim3_mpc_batch4_frobenius,15,8,4,41608,5201.0,1300.25,profile/mve_refmat/128f.log
128f,mve_refmat,aim3_mpc_batch4_frobenius,16,8,4,41608,5201.0,1300.25,profile/mve_refmat/128f.log
128f,mve_refmat,aim3_mpc_batch4_frobenius,17,8,4,41608,5201.0,1300.25,profile/mve_refmat/128f.log
128f,mve_refmat,aim3_mpc_batch4_frobenius,18,8,4,41608,5201.0,1300.25,profile/mve_refmat/128f.log
128f,mve_refmat,aim3_mpc_batch4_frobenius,19,8,4,41608,5201.0,1300.25,profile/mve_refmat/128f.log
128f,mve_refmat,aim3_mpc_batch4_frobenius,20,8,4,41608,5201.0,1300.25,profile/mve_refmat/128f.log
128f,mve_refmat,aim3_mpc_batch4_frobenius,21,8,4,41608,5201.0,1300.25,profile/mve_refmat/128f.log
128f,mve_refmat,aim3_mpc_batch4_frobenius,22,8,4,41608,5201.0,1300.25,profile/mve_refmat/128f.log
128f,mve_refmat,aim3_mpc_batch4_frobenius,23,8,4,41608,5201.0,1300.25,profile/mve_refmat/128f.log
128f,mve_refmat,aim3_mpc_batch4_frobenius,24,8,4,41608,5201.0,1300.25,profile/mve_refmat/128f.log
128f,mve_refmat,aim3_mpc_batch4_frobenius,25,8,4,41608,5201.0,1300.25,profile/mve_refmat/128f.log
128f,mve_refmat,aim3_mpc_batch4_frobenius,26,8,4,41608,5201.0,1300.25,profile/mve_refmat/128f.log
128f,mve_refmat,aim3_mpc_batch4_frobenius,27,8,4,41608,5201.0,1300.25,profile/mve_refmat/128f.log
128f,mve_refmat,aim3_mpc_batch4_frobenius,28,8,4,41608,5201.0,1300.25,profile/mve_refmat/128f.log
128f,mve_refmat,aim3_mpc_batch4_frobenius,29,8,4,41608,5201.0,1300.25,profile/mve_refmat/128f.log
128f,mve_refmat,aim3_mpc_batch4_frobenius,30,8,4,41608,5201.0,1300.25,profile/mve_refmat/128f.log
128f,mve_refmat,aim3_mpc_scalar,0,8,1,148294,18536.75,18536.75,profile/mve_refmat/128f.log
128f,mve_refmat,aim3_mpc_scalar,1,8,1,147959,18494.875,18494.875,profile/mve_refmat/128f.log
128f,mve_refmat,aim3_mpc_scalar,2,8,1,147959,18494.875,18494.875,profile/mve_refmat/128f.log
128f,mve_refmat,aim3_mpc_scalar,3,8,1,147959,18494.875,18494.875,profile/mve_refmat/128f.log
128f,mve_refmat,aim3_mpc_scalar,4,8,1,147959,18494.875,18494.875,profile/mve_refmat/128f.log
128f,mve_refmat,aim3_mpc_scalar,5,8,1,147959,18494.875,18494.875,profile/mve_refmat/128f.log
128f,mve_refmat,aim3_mpc_scalar,6,8,1,147959,18494.875,18494.875,profile/mve_refmat/128f.log
128f,mve_refmat,aim3_mpc_scalar,7,8,1,147959,18494.875,18494.875,profile/mve_refmat/128f.log
128f,mve_refmat,aim3_mpc_scalar,8,8,1,147959,18494.875,18494.875,profile/mve_refmat/128f.log
128f,mve_refmat,aim3_mpc_scalar,9,8,1,147959,18494.875,18494.875,profile/mve_refmat/128f.log
128f,mve_refmat,aim3_mpc_scalar,10,8,1,147959,18494.875,18494.875,profile/mve_refmat/128f.log
128f,mve_refmat,aim3_mpc_scalar,11,8,1,147959,18494.875,18494.875,profile/mve_refmat/128f.log
128f,mve_refmat,aim3_mpc_scalar,12,8,1,147959,18494.875,18494.875,profile/mve_refmat/128f.log
128f,mve_refmat,aim3_mpc_scalar,13,8,1,147959,18494.875,18494.875,profile/mve_refmat/128f.log
128f,mve_refmat,aim3_mpc_scalar,14,8,1,147959,18494.875,18494.875,profile/mve_refmat/128f.log
128f,mve_refmat,aim3_mpc_scalar,15,8,1,147959,18494.875,18494.875,profile/mve_refmat/128f.log
128f,mve_refmat,aim3_mpc_scalar,16,8,1,147959,18494.875,18494.875,profile/mve_refmat/128f.log
128f,mve_refmat,aim3_mpc_scalar,17,8,1,147959,18494.875,18494.875,profile/mve_refmat/128f.log
128f,mve_refmat,aim3_mpc_scalar,18,8,1,147959,18494.875,18494.875,profile/mve_refmat/128f.log
128f,mve_refmat,aim3_mpc_scalar,19,8,1,147959,18494.875,18494.875,profile/mve_refmat/128f.log
128f,mve_refmat,aim3_mpc_scalar,20,8,1,147959,18494.875,18494.875,profile/mve_refmat/128f.log
128f,mve_refmat,aim3_mpc_scalar,21,8,1,147959,18494.875,18494.875,profile/mve_refmat/128f.log
128f,mve_refmat,aim3_mpc_scalar,22,8,1,147959,18494.875,18494.875,profile/mve_refmat/128f.log
128f,mve_refmat,aim3_mpc_scalar,23,8,1,147959,18494.875,18494.875,profile/mve_refmat/128f.log
128f,mve_refmat,aim3_mpc_scalar,24,8,1,147959,18494.875,18494.875,profile/mve_refmat/128f.log
128f,mve_refmat,aim3_mpc_scalar,25,8,1,147959,18494.875,18494.875,profile/mve_refmat/128f.log
128f,mve_refmat,aim3_mpc_scalar,26,8,1,147959,18494.875,18494.875,profile/mve_refmat/128f.log
128f,mve_refmat,aim3_mpc_scalar,27,8,1,147959,18494.875,18494.875,profile/mve_refmat/128f.log
128f,mve_refmat,aim3_mpc_scalar,28,8,1,147959,18494.875,18494.875,profile/mve_refmat/128f.log
128f,mve_refmat,aim3_mpc_scalar,29,8,1,147959,18494.875,18494.875,profile/mve_refmat/128f.log
128f,mve_refmat,aim3_mpc_scalar,30,8,1,147959,18494.875,18494.875,profile/mve_refmat/128f.log
128s,mve_refmat,gf_mul,0,64,1,48555,758.671875,758.671875,profile/mve_refmat/128s.log
128s,mve_refmat,gf_mul,1,64,1,47750,746.09375,746.09375,profile/mve_refmat/128s.log
128s,mve_refmat,gf_mul,2,64,1,47750,746.09375,746.09375,profile/mve_refmat/128s.log
128s,mve_refmat,gf_mul,3,64,1,47750,746.09375,746.09375,profile/mve_refmat/128s.log
128s,mve_refmat,gf_mul,4,64,1,47750,746.09375,746.09375,profile/mve_refmat/128s.log
128s,mve_refmat,gf_mul,5,64,1,47750,746.09375,746.09375,profile/mve_refmat/128s.log
128s,mve_refmat,gf_mul,6,64,1,47750,746.09375,746.09375,profile/mve_refmat/128s.log
128s,mve_refmat,gf_mul,7,64,1,47750,746.09375,746.09375,profile/mve_refmat/128s.log
128s,mve_refmat,gf_mul,8,64,1,47750,746.09375,746.09375,profile/mve_refmat/128s.log
128s,mve_refmat,gf_mul,9,64,1,47750,746.09375,746.09375,profile/mve_refmat/128s.log
128s,mve_refmat,gf_mul,10,64,1,47750,746.09375,746.09375,profile/mve_refmat/128s.log
128s,mve_refmat,gf_mul,11,64,1,47750,746.09375,746.09375,profile/mve_refmat/128s.log
128s,mve_refmat,gf_mul,12,64,1,47750,746.09375,746.09375,profile/mve_refmat/128s.log
128s,mve_refmat,gf_mul,13,64,1,47750,746.09375,746.09375,profile/mve_refmat/128s.log
128s,mve_refmat,gf_mul,14,64,1,47750,746.09375,746.09375,profile/mve_refmat/128s.log
128s,mve_refmat,gf_mul,15,64,1,47750,746.09375,746.09375,profile/mve_refmat/128s.log
128s,mve_refmat,gf_mul,16,64,1,47750,746.09375,746.09375,profile/mve_refmat/128s.log
128s,mve_refmat,gf_mul,17,64,1,47750,746.09375,746.09375,profile/mve_refmat/128s.log
128s,mve_refmat,gf_mul,18,64,1,47750,746.09375,746.09375,profile/mve_refmat/128s.log
128s,mve_refmat,gf_mul,19,64,1,47750,746.09375,746.09375,profile/mve_refmat/128s.log
128s,mve_refmat,gf_mul,20,64,1,47750,746.09375,746.09375,profile/mve_refmat/128s.log
128s,mve_refmat,gf_mul,21,64,1,47750,746.09375,746.09375,profile/mve_refmat/128s.log
128s,mve_refmat,gf_mul,22,64,1,47750,746.09375,746.09375,profile/mve_refmat/128s.log
128s,mve_refmat,gf_mul,23,64,1,47750,746.09375,746.09375,profile/mve_refmat/128s.log
128s,mve_refmat,gf_mul,24,64,1,47750,746.09375,746.09375,profile/mve_refmat/128s.log
128s,mve_refmat,gf_mul,25,64,1,47750,746.09375,746.09375,profile/mve_refmat/128s.log
128s,mve_refmat,gf_mul,26,64,1,47750,746.09375,746.09375,profile/mve_refmat/128s.log
128s,mve_refmat,gf_mul,27,64,1,47750,746.09375,746.09375,profile/mve_refmat/128s.log
128s,mve_refmat,gf_mul,28,64,1,47750,746.09375,746.09375,profile/mve_refmat/128s.log
128s,mve_refmat,gf_mul,29,64,1,47750,746.09375,746.09375,profile/mve_refmat/128s.log
128s,mve_refmat,gf_mul,30,64,1,47750,746.09375,746.09375,profile/mve_refmat/128s.log
128s,mve_refmat,gf_sqr,0,64,1,16608,259.5,259.5,profile/mve_refmat/128s.log
128s,mve_refmat,gf_sqr,1,64,1,16006,250.09375,250.09375,profile/mve_refmat/128s.log
128s,mve_refmat,gf_sqr,2,64,1,16006,250.09375,250.09375,profile/mve_refmat/128s.log
128s,mve_refmat,gf_sqr,3,64,1,16006,250.09375,250.09375,profile/mve_refmat/128s.log
128s,mve_refmat,gf_sqr,4,64,1,16006,250.09375,250.09375,profile/mve_refmat/128s.log
128s,mve_refmat,gf_sqr,5,64,1,16006,250.09375,250.09375,profile/mve_refmat/128s.log
128s,mve_refmat,gf_sqr,6,64,1,16006,250.09375,250.09375,profile/mve_refmat/128s.log
128s,mve_refmat,gf_sqr,7,64,1,16006,250.09375,250.09375,profile/mve_refmat/128s.log
128s,mve_refmat,gf_sqr,8,64,1,16006,250.09375,250.09375,profile/mve_refmat/128s.log
128s,mve_refmat,gf_sqr,9,64,1,16006,250.09375,250.09375,profile/mve_refmat/128s.log
128s,mve_refmat,gf_sqr,10,64,1,16006,250.09375,250.09375,profile/mve_refmat/128s.log
128s,mve_refmat,gf_sqr,11,64,1,16006,250.09375,250.09375,profile/mve_refmat/128s.log
128s,mve_refmat,gf_sqr,12,64,1,16006,250.09375,250.09375,profile/mve_refmat/128s.log
128s,mve_refmat,gf_sqr,13,64,1,16006,250.09375,250.09375,profile/mve_refmat/128s.log
128s,mve_refmat,gf_sqr,14,64,1,16006,250.09375,250.09375,profile/mve_refmat/128s.log
128s,mve_refmat,gf_sqr,15,64,1,16006,250.09375,250.09375,profile/mve_refmat/128s.log
128s,mve_refmat,gf_sqr,16,64,1,16006,250.09375,250.09375,profile/mve_refmat/128s.log
128s,mve_refmat,gf_sqr,17,64,1,16006,250.09375,250.09375,profile/mve_refmat/128s.log
128s,mve_refmat,gf_sqr,18,64,1,16006,250.09375,250.09375,profile/mve_refmat/128s.log
128s,mve_refmat,gf_sqr,19,64,1,16006,250.09375,250.09375,profile/mve_refmat/128s.log
128s,mve_refmat,gf_sqr,20,64,1,16006,250.09375,250.09375,profile/mve_refmat/128s.log
128s,mve_refmat,gf_sqr,21,64,1,16006,250.09375,250.09375,profile/mve_refmat/128s.log
128s,mve_refmat,gf_sqr,22,64,1,16006,250.09375,250.09375,profile/mve_refmat/128s.log
128s,mve_refmat,gf_sqr,23,64,1,16006,250.09375,250.09375,profile/mve_refmat/128s.log
128s,mve_refmat,gf_sqr,24,64,1,16006,250.09375,250.09375,profile/mve_refmat/128s.log
128s,mve_refmat,gf_sqr,25,64,1,16006,250.09375,250.09375,profile/mve_refmat/128s.log
128s,mve_refmat,gf_sqr,26,64,1,16006,250.09375,250.09375,profile/mve_refmat/128s.log
128s,mve_refmat,gf_sqr,27,64,1,16006,250.09375,250.09375,profile/mve_refmat/128s.log
128s,mve_refmat,gf_sqr,28,64,1,16006,250.09375,250.09375,profile/mve_refmat/128s.log
128s,mve_refmat,gf_sqr,29,64,1,16006,250.09375,250.09375,profile/mve_refmat/128s.log
128s,mve_refmat,gf_sqr,30,64,1,16006,250.09375,250.09375,profile/mve_refmat/128s.log
128s,mve_refmat,gf_inv,0,8,1,1006162,125770.25,125770.25,profile/mve_refmat/128s.log
128s,mve_refmat,gf_inv,1,8,1,1006054,125756.75,125756.75,profile/mve_refmat/128s.log
128s,mve_refmat,gf_inv,2,8,1,1006054,125756.75,125756.75,profile/mve_refmat/128s.log
128s,mve_refmat,gf_inv,3,8,1,1006054,125756.75,125756.75,profile/mve_refmat/128s.log
128s,mve_refmat,gf_inv,4,8,1,1006054,125756.75,125756.75,profile/mve_refmat/128s.log
128s,mve_refmat,gf_inv,5,8,1,1006054,125756.75,125756.75,profile/mve_refmat/128s.log
128s,mve_refmat,gf_inv,6,8,1,1006054,125756.75,125756.75,profile/mve_refmat/128s.log
128s,mve_refmat,gf_inv,7,8,1,1006054,125756.75,125756.75,profile/mve_refmat/128s.log
128s,mve_refmat,gf_inv,8,8,1,1006054,125756.75,125756.75,profile/mve_refmat/128s.log
128s,mve_refmat,gf_inv,9,8,1,1006054,125756.75,125756.75,profile/mve_refmat/128s.log
128s,mve_refmat,gf_inv,10,8,1,1006054,125756.75,125756.75,profile/mve_refmat/128s.log
128s,mve_refmat,gf_inv,11,8,1,1006054,125756.75,125756.75,profile/mve_refmat/128s.log
128s,mve_refmat,gf_inv,12,8,1,1006054,125756.75,125756.75,profile/mve_refmat/128s.log
128s,mve_refmat,gf_inv,13,8,1,1006054,125756.75,125756.75,profile/mve_refmat/128s.log
128s,mve_refmat,gf_inv,14,8,1,1006054,125756.75,125756.75,profile/mve_refmat/128s.log
128s,mve_refmat,gf_inv,15,8,1,1006054,125756.75,125756.75,profile/mve_refmat/128s.log
128s,mve_refmat,gf_inv,16,8,1,1006054,125756.75,125756.75,profile/mve_refmat/128s.log
128s,mve_refmat,gf_inv,17,8,1,1006054,125756.75,125756.75,profile/mve_refmat/128s.log
128s,mve_refmat,gf_inv,18,8,1,1006054,125756.75,125756.75,profile/mve_refmat/128s.log
128s,mve_refmat,gf_inv,19,8,1,1006055,125756.875,125756.875,profile/mve_refmat/128s.log
128s,mve_refmat,gf_inv,20,8,1,1006054,125756.75,125756.75,profile/mve_refmat/128s.log
128s,mve_refmat,gf_inv,21,8,1,1006054,125756.75,125756.75,profile/mve_refmat/128s.log
128s,mve_refmat,gf_inv,22,8,1,1006054,125756.75,125756.75,profile/mve_refmat/128s.log
128s,mve_refmat,gf_inv,23,8,1,1006054,125756.75,125756.75,profile/mve_refmat/128s.log
128s,mve_refmat,gf_inv,24,8,1,1006054,125756.75,125756.75,profile/mve_refmat/128s.log
128s,mve_refmat,gf_inv,25,8,1,1006054,125756.75,125756.75,profile/mve_refmat/128s.log
128s,mve_refmat,gf_inv,26,8,1,1006054,125756.75,125756.75,profile/mve_refmat/128s.log
128s,mve_refmat,gf_inv,27,8,1,1006054,125756.75,125756.75,profile/mve_refmat/128s.log
128s,mve_refmat,gf_inv,28,8,1,1006054,125756.75,125756.75,profile/mve_refmat/128s.log
128s,mve_refmat,gf_inv,29,8,1,1006054,125756.75,125756.75,profile/mve_refmat/128s.log
128s,mve_refmat,gf_inv,30,8,1,1006054,125756.75,125756.75,profile/mve_refmat/128s.log
128s,mve_refmat,gf_mat_vec_mul,0,64,1,209678,3276.21875,3276.21875,profile/mve_refmat/128s.log
128s,mve_refmat,gf_mat_vec_mul,1,64,1,208902,3264.09375,3264.09375,profile/mve_refmat/128s.log
128s,mve_refmat,gf_mat_vec_mul,2,64,1,208902,3264.09375,3264.09375,profile/mve_refmat/128s.log
128s,mve_refmat,gf_mat_vec_mul,3,64,1,208902,3264.09375,3264.09375,profile/mve_refmat/128s.log
128s,mve_refmat,gf_mat_vec_mul,4,64,1,208902,3264.09375,3264.09375,profile/mve_refmat/128s.log
128s,mve_refmat,gf_mat_vec_mul,5,64,1,208902,3264.09375,3264.09375,profile/mve_refmat/128s.log
128s,mve_refmat,gf_mat_vec_mul,6,64,1,208902,3264.09375,3264.09375,profile/mve_refmat/128s.log
128s,mve_refmat,gf_mat_vec_mul,7,64,1,208902,3264.09375,3264.09375,profile/mve_refmat/128s.log
128s,mve_refmat,gf_mat_vec_mul,8,64,1,208902,3264.09375,3264.09375,profile/mve_refmat/128s.log
128s,mve_refmat,gf_mat_vec_mul,9,64,1,208902,3264.09375,3264.09375,profile/mve_refmat/128s.log
128s,mve_refmat,gf_mat_vec_mul,10,64,1,208902,3264.09375,3264.09375,profile/mve_refmat/128s.log
128s,mve_refmat,gf_mat_vec_mul,11,64,1,208902,3264.09375,3264.09375,profile/mve_refmat/128s.log
128s,mve_refmat,gf_mat_vec_mul,12,64,1,208902,3264.09375,3264.09375,profile/mve_refmat/128s.log
128s,mve_refmat,gf_mat_vec_mul,13,64,1,208902,3264.09375,3264.09375,profile/mve_refmat/128s.log
128s,mve_refmat,gf_mat_vec_mul,14,64,1,208902,3264.09375,3264.09375,profile/mve_refmat/128s.log
128s,mve_refmat,gf_mat_vec_mul,15,64,1,208902,3264.09375,3264.09375,profile/mve_refmat/128s.log
128s,mve_refmat,gf_mat_vec_mul,16,64,1,208902,3264.09375,3264.09375,profile/mve_refmat/128s.log
128s,mve_refmat,gf_mat_vec_mul,17,64,1,208902,3264.09375,3264.09375,profile/mve_refmat/128s.log
128s,mve_refmat,gf_mat_vec_mul,18,64,1,208902,3264.09375,3264.09375,profile/mve_refmat/128s.log
128s,mve_refmat,gf_mat_vec_mul,19,64,1,208902,3264.09375,3264.09375,profile/mve_refmat/128s.log
128s,mve_refmat,gf_mat_vec_mul,20,64,1,208902,3264.09375,3264.09375,profile/mve_refmat/128s.log
128s,mve_refmat,gf_mat_vec_mul,21,64,1,208902,3264.09375,3264.09375,profile/mve_refmat/128s.log
128s,mve_refmat,gf_mat_vec_mul,22,64,1,208902,3264.09375,3264.09375,profile/mve_refmat/128s.log
128s,mve_refmat,gf_mat_vec_mul,23,64,1,208902,3264.09375,3264.09375,profile/mve_refmat/128s.log
128s,mve_refmat,gf_mat_vec_mul,24,64,1,208902,3264.09375,3264.09375,profile/mve_refmat/128s.log
128s,mve_refmat,gf_mat_vec_mul,25,64,1,208902,3264.09375,3264.09375,profile/mve_refmat/128s.log
128s,mve_refmat,gf_mat_vec_mul,26,64,1,208902,3264.09375,3264.09375,profile/mve_refmat/128s.log
128s,mve_refmat,gf_mat_vec_mul,27,64,1,208902,3264.09375,3264.09375,profile/mve_refmat/128s.log
128s,mve_refmat,gf_mat_vec_mul,28,64,1,208902,3264.09375,3264.09375,profile/mve_refmat/128s.log
128s,mve_refmat,gf_mat_vec_mul,29,64,1,208902,3264.09375,3264.09375,profile/mve_refmat/128s.log
128s,mve_refmat,gf_mat_vec_mul,30,64,1,208902,3264.09375,3264.09375,profile/mve_refmat/128s.log
128s,mve_refmat,gf_mat_vec_mul_add,0,64,1,210853,3294.578125,3294.578125,profile/mve_refmat/128s.log
128s,mve_refmat,gf_mat_vec_mul_add,1,64,1,210823,3294.109375,3294.109375,profile/mve_refmat/128s.log
128s,mve_refmat,gf_mat_vec_mul_add,2,64,1,210823,3294.109375,3294.109375,profile/mve_refmat/128s.log
128s,mve_refmat,gf_mat_vec_mul_add,3,64,1,210823,3294.109375,3294.109375,profile/mve_refmat/128s.log
128s,mve_refmat,gf_mat_vec_mul_add,4,64,1,210823,3294.109375,3294.109375,profile/mve_refmat/128s.log
128s,mve_refmat,gf_mat_vec_mul_add,5,64,1,210823,3294.109375,3294.109375,profile/mve_refmat/128s.log
128s,mve_refmat,gf_mat_vec_mul_add,6,64,1,210823,3294.109375,3294.109375,profile/mve_refmat/128s.log
128s,mve_refmat,gf_mat_vec_mul_add,7,64,1,210823,3294.109375,3294.109375,profile/mve_refmat/128s.log
128s,mve_refmat,gf_mat_vec_mul_add,8,64,1,210823,3294.109375,3294.109375,profile/mve_refmat/128s.log
128s,mve_refmat,gf_mat_vec_mul_add,9,64,1,210823,3294.109375,3294.109375,profile/mve_refmat/128s.log
128s,mve_refmat,gf_mat_vec_mul_add,10,64,1,210823,3294.109375,3294.109375,profile/mve_refmat/128s.log
128s,mve_refmat,gf_mat_vec_mul_add,11,64,1,210823,3294.109375,3294.109375,profile/mve_refmat/128s.log
128s,mve_refmat,gf_mat_vec_mul_add,12,64,1,210823,3294.109375,3294.109375,profile/mve_refmat/128s.log
128s,mve_refmat,gf_mat_vec_mul_add,13,64,1,210823,3294.109375,3294.109375,profile/mve_refmat/128s.log
128s,mve_refmat,gf_mat_vec_mul_add,14,64,1,210823,3294.109375,3294.109375,profile/mve_refmat/128s.log
128s,mve_refmat,gf_mat_vec_mul_add,15,64,1,210823,3294.109375,3294.109375,profile/mve_refmat/128s.log
128s,mve_refmat,gf_mat_vec_mul_add,16,64,1,210823,3294.109375,3294.109375,profile/mve_refmat/128s.log
128s,mve_refmat,gf_mat_vec_mul_add,17,64,1,210823,3294.109375,3294.109375,profile/mve_refmat/128s.log
128s,mve_refmat,gf_mat_vec_mul_add,18,64,1,210823,3294.109375,3294.109375,profile/mve_refmat/128s.log
128s,mve_refmat,gf_mat_vec_mul_add,19,64,1,210823,3294.109375,3294.109375,profile/mve_refmat/128s.log
128s,mve_refmat,gf_mat_vec_mul_add,20,64,1,210823,3294.109375,3294.109375,profile/mve_refmat/128s.log
128s,mve_refmat,gf_mat_vec_mul_add,21,64,1,210823,3294.109375,3294.109375,profile/mve_refmat/128s.log
128s,mve_refmat,gf_mat_vec_mul_add,22,64,1,210823,3294.109375,3294.109375,profile/mve_refmat/128s.log
128s,mve_refmat,gf_mat_vec_mul_add,23,64,1,210823,3294.109375,3294.109375,profile/mve_refmat/128s.log
128s,mve_refmat,gf_mat_vec_mul_add,24,64,1,210823,3294.109375,3294.109375,profile/mve_refmat/128s.log
128s,mve_refmat,gf_mat_vec_mul_add,25,64,1,210823,3294.109375,3294.109375,profile/mve_refmat/128s.log
128s,mve_refmat,gf_mat_vec_mul_add,26,64,1,210823,3294.109375,3294.109375,profile/mve_refmat/128s.log
128s,mve_refmat,gf_mat_vec_mul_add,27,64,1,210823,3294.109375,3294.109375,profile/mve_refmat/128s.log
128s,mve_refmat,gf_mat_vec_mul_add,28,64,1,210823,3294.109375,3294.109375,profile/mve_refmat/128s.log
128s,mve_refmat,gf_mat_vec_mul_add,29,64,1,210823,3294.109375,3294.109375,profile/mve_refmat/128s.log
128s,mve_refmat,gf_mat_vec_mul_add,30,64,1,210823,3294.109375,3294.109375,profile/mve_refmat/128s.log
128s,mve_refmat,gf_sqr_batch4,0,64,4,30970,483.90625,120.9765625,profile/mve_refmat/128s.log
128s,mve_refmat,gf_sqr_batch4,1,64,4,29891,467.046875,116.76171875,profile/mve_refmat/128s.log
128s,mve_refmat,gf_sqr_batch4,2,64,4,29891,467.046875,116.76171875,profile/mve_refmat/128s.log
128s,mve_refmat,gf_sqr_batch4,3,64,4,29891,467.046875,116.76171875,profile/mve_refmat/128s.log
128s,mve_refmat,gf_sqr_batch4,4,64,4,29891,467.046875,116.76171875,profile/mve_refmat/128s.log
128s,mve_refmat,gf_sqr_batch4,5,64,4,29891,467.046875,116.76171875,profile/mve_refmat/128s.log
128s,mve_refmat,gf_sqr_batch4,6,64,4,29891,467.046875,116.76171875,profile/mve_refmat/128s.log
128s,mve_refmat,gf_sqr_batch4,7,64,4,29891,467.046875,116.76171875,profile/mve_refmat/128s.log
128s,mve_refmat,gf_sqr_batch4,8,64,4,29891,467.046875,116.76171875,profile/mve_refmat/128s.log
128s,mve_refmat,gf_sqr_batch4,9,64,4,29891,467.046875,116.76171875,profile/mve_refmat/128s.log
128s,mve_refmat,gf_sqr_batch4,10,64,4,29891,467.046875,116.76171875,profile/mve_refmat/128s.log
128s,mve_refmat,gf_sqr_batch4,11,64,4,29891,467.046875,116.76171875,profile/mve_refmat/128s.log
128s,mve_refmat,gf_sqr_batch4,12,64,4,29891,467.046875,116.76171875,profile/mve_refmat/128s.log
128s,mve_refmat,gf_sqr_batch4,13,64,4,29891,467.046875,116.76171875,profile/mve_refmat/128s.log
128s,mve_refmat,gf_sqr_batch4,14,64,4,29891,467.046875,116.76171875,profile/mve_refmat/128s.log
128s,mve_refmat,gf_sqr_batch4,15,64,4,29891,467.046875,116.76171875,profile/mve_refmat/128s.log
128s,mve_refmat,gf_sqr_batch4,16,64,4,29891,467.046875,116.76171875,profile/mve_refmat/128s.log
128s,mve_refmat,gf_sqr_batch4,17,64,4,29891,467.046875,116.76171875,profile/mve_refmat/128s.log
128s,mve_refmat,gf_sqr_batch4,18,64,4,29891,467.046875,116.76171875,profile/mve_refmat/128s.log
128s,mve_refmat,gf_sqr_batch4,19,64,4,29891,467.046875,116.76171875,profile/mve_refmat/128s.log
128s,mve_refmat,gf_sqr_batch4,20,64,4,29891,467.046875,116.76171875,profile/mve_refmat/128s.log
128s,mve_refmat,gf_sqr_batch4,21,64,4,29891,467.046875,116.76171875,profile/mve_refmat/128s.log
128s,mve_refmat,gf_sqr_batch4,22,64,4,29891,467.046875,116.76171875,profile/mve_refmat/128s.log
128s,mve_refmat,gf_sqr_batch4,23,64,4,29891,467.046875,116.76171875,profile/mve_refmat/128s.log
128s,mve_refmat,gf_sqr_batch4,24,64,4,29891,467.046875,116.76171875,profile/mve_refmat/128s.log
128s,mve_refmat,gf_sqr_batch4,25,64,4,29891,467.046875,116.76171875,profile/mve_refmat/128s.log
128s,mve_refmat,gf_sqr_batch4,26,64,4,29891,467.046875,116.76171875,profile/mve_refmat/128s.log
128s,mve_refmat,gf_sqr_batch4,27,64,4,29891,467.046875,116.76171875,profile/mve_refmat/128s.log
128s,mve_refmat,gf_sqr_batch4,28,64,4,29891,467.046875,116.76171875,profile/mve_refmat/128s.log
128s,mve_refmat,gf_sqr_batch4,29,64,4,29891,467.046875,116.76171875,profile/mve_refmat/128s.log
128s,mve_refmat,gf_sqr_batch4,30,64,4,29891,467.046875,116.76171875,profile/mve_refmat/128s.log
128s,mve_refmat,gf_frobenius_batch4_e3,0,8,4,7415,926.875,231.71875,profile/mve_refmat/128s.log
128s,mve_refmat,gf_frobenius_batch4_e3,1,8,4,6724,840.5,210.125,profile/mve_refmat/128s.log
128s,mve_refmat,gf_frobenius_batch4_e3,2,8,4,6724,840.5,210.125,profile/mve_refmat/128s.log
128s,mve_refmat,gf_frobenius_batch4_e3,3,8,4,6724,840.5,210.125,profile/mve_refmat/128s.log
128s,mve_refmat,gf_frobenius_batch4_e3,4,8,4,6724,840.5,210.125,profile/mve_refmat/128s.log
128s,mve_refmat,gf_frobenius_batch4_e3,5,8,4,6724,840.5,210.125,profile/mve_refmat/128s.log
128s,mve_refmat,gf_frobenius_batch4_e3,6,8,4,6724,840.5,210.125,profile/mve_refmat/128s.log
128s,mve_refmat,gf_frobenius_batch4_e3,7,8,4,6724,840.5,210.125,profile/mve_refmat/128s.log
128s,mve_refmat,gf_frobenius_batch4_e3,8,8,4,6724,840.5,210.125,profile/mve_refmat/128s.log
128s,mve_refmat,gf_frobenius_batch4_e3,9,8,4,6724,840.5,210.125,profile/mve_refmat/128s.log
128s,mve_refmat,gf_frobenius_batch4_e3,10,8,4,6724,840.5,210.125,profile/mve_refmat/128s.log
128s,mve_refmat,gf_frobenius_batch4_e3,11,8,4,6724,840.5,210.125,profile/mve_refmat/128s.log
128s,mve_refmat,gf_frobenius_batch4_e3,12,8,4,6724,840.5,210.125,profile/mve_refmat/128s.log
128s,mve_refmat,gf_frobenius_batch4_e3,13,8,4,6724,840.5,210.125,profile/mve_refmat/128s.log
128s,mve_refmat,gf_frobenius_batch4_e3,14,8,4,6724,840.5,210.125,profile/mve_refmat/128s.log
128s,mve_refmat,gf_frobenius_batch4_e3,15,8,4,6724,840.5,210.125,profile/mve_refmat/128s.log
128s,mve_refmat,gf_frobenius_batch4_e3,16,8,4,6724,840.5,210.125,profile/mve_refmat/128s.log
128s,mve_refmat,gf_frobenius_batch4_e3,17,8,4,6724,840.5,210.125,profile/mve_refmat/128s.log
128s,mve_refmat,gf_frobenius_batch4_e3,18,8,4,6724,840.5,210.125,profile/mve_refmat/128s.log
128s,mve_refmat,gf_frobenius_batch4_e3,19,8,4,6724,840.5,210.125,profile/mve_refmat/128s.log
128s,mve_refmat,gf_frobenius_batch4_e3,20,8,4,6724,840.5,210.125,profile/mve_refmat/128s.log
128s,mve_refmat,gf_frobenius_batch4_e3,21,8,4,6724,840.5,210.125,profile/mve_refmat/128s.log
128s,mve_refmat,gf_frobenius_batch4_e3,22,8,4,6724,840.5,210.125,profile/mve_refmat/128s.log
128s,mve_refmat,gf_frobenius_batch4_e3,23,8,4,6724,840.5,210.125,profile/mve_refmat/128s.log
128s,mve_refmat,gf_frobenius_batch4_e3,24,8,4,6724,840.5,210.125,profile/mve_refmat/128s.log
128s,mve_refmat,gf_frobenius_batch4_e3,25,8,4,6724,840.5,210.125,profile/mve_refmat/128s.log
128s,mve_refmat,gf_frobenius_batch4_e3,26,8,4,6724,840.5,210.125,profile/mve_refmat/128s.log
128s,mve_refmat,gf_frobenius_batch4_e3,27,8,4,6724,840.5,210.125,profile/mve_refmat/128s.log
128s,mve_refmat,gf_frobenius_batch4_e3,28,8,4,6724,840.5,210.125,profile/mve_refmat/128s.log
128s,mve_refmat,gf_frobenius_batch4_e3,29,8,4,6724,840.5,210.125,profile/mve_refmat/128s.log
128s,mve_refmat,gf_frobenius_batch4_e3,30,8,4,6724,840.5,210.125,profile/mve_refmat/128s.log
128s,mve_refmat,gf_frobenius_batch4_e7,0,8,4,12737,1592.125,398.03125,profile/mve_refmat/128s.log
128s,mve_refmat,gf_frobenius_batch4_e7,1,8,4,12708,1588.5,397.125,profile/mve_refmat/128s.log
128s,mve_refmat,gf_frobenius_batch4_e7,2,8,4,12708,1588.5,397.125,profile/mve_refmat/128s.log
128s,mve_refmat,gf_frobenius_batch4_e7,3,8,4,12708,1588.5,397.125,profile/mve_refmat/128s.log
128s,mve_refmat,gf_frobenius_batch4_e7,4,8,4,12708,1588.5,397.125,profile/mve_refmat/128s.log
128s,mve_refmat,gf_frobenius_batch4_e7,5,8,4,12708,1588.5,397.125,profile/mve_refmat/128s.log
128s,mve_refmat,gf_frobenius_batch4_e7,6,8,4,12708,1588.5,397.125,profile/mve_refmat/128s.log
128s,mve_refmat,gf_frobenius_batch4_e7,7,8,4,12708,1588.5,397.125,profile/mve_refmat/128s.log
128s,mve_refmat,gf_frobenius_batch4_e7,8,8,4,12708,1588.5,397.125,profile/mve_refmat/128s.log
128s,mve_refmat,gf_frobenius_batch4_e7,9,8,4,12708,1588.5,397.125,profile/mve_refmat/128s.log
128s,mve_refmat,gf_frobenius_batch4_e7,10,8,4,12708,1588.5,397.125,profile/mve_refmat/128s.log
128s,mve_refmat,gf_frobenius_batch4_e7,11,8,4,12708,1588.5,397.125,profile/mve_refmat/128s.log
128s,mve_refmat,gf_frobenius_batch4_e7,12,8,4,12708,1588.5,397.125,profile/mve_refmat/128s.log
128s,mve_refmat,gf_frobenius_batch4_e7,13,8,4,12708,1588.5,397.125,profile/mve_refmat/128s.log
128s,mve_refmat,gf_frobenius_batch4_e7,14,8,4,12708,1588.5,397.125,profile/mve_refmat/128s.log
128s,mve_refmat,gf_frobenius_batch4_e7,15,8,4,12708,1588.5,397.125,profile/mve_refmat/128s.log
128s,mve_refmat,gf_frobenius_batch4_e7,16,8,4,12708,1588.5,397.125,profile/mve_refmat/128s.log
128s,mve_refmat,gf_frobenius_batch4_e7,17,8,4,12708,1588.5,397.125,profile/mve_refmat/128s.log
128s,mve_refmat,gf_frobenius_batch4_e7,18,8,4,12708,1588.5,397.125,profile/mve_refmat/128s.log
128s,mve_refmat,gf_frobenius_batch4_e7,19,8,4,12708,1588.5,397.125,profile/mve_refmat/128s.log
128s,mve_refmat,gf_frobenius_batch4_e7,20,8,4,12708,1588.5,397.125,profile/mve_refmat/128s.log
128s,mve_refmat,gf_frobenius_batch4_e7,21,8,4,12708,1588.5,397.125,profile/mve_refmat/128s.log
128s,mve_refmat,gf_frobenius_batch4_e7,22,8,4,12708,1588.5,397.125,profile/mve_refmat/128s.log
128s,mve_refmat,gf_frobenius_batch4_e7,23,8,4,12708,1588.5,397.125,profile/mve_refmat/128s.log
128s,mve_refmat,gf_frobenius_batch4_e7,24,8,4,12708,1588.5,397.125,profile/mve_refmat/128s.log
128s,mve_refmat,gf_frobenius_batch4_e7,25,8,4,12708,1588.5,397.125,profile/mve_refmat/128s.log
128s,mve_refmat,gf_frobenius_batch4_e7,26,8,4,12708,1588.5,397.125,profile/mve_refmat/128s.log
128s,mve_refmat,gf_frobenius_batch4_e7,27,8,4,12708,1588.5,397.125,profile/mve_refmat/128s.log
128s,mve_refmat,gf_frobenius_batch4_e7,28,8,4,12708,1588.5,397.125,profile/mve_refmat/128s.log
128s,mve_refmat,gf_frobenius_batch4_e7,29,8,4,12708,1588.5,397.125,profile/mve_refmat/128s.log
128s,mve_refmat,gf_frobenius_batch4_e7,30,8,4,12708,1588.5,397.125,profile/mve_refmat/128s.log
128s,mve_refmat,gf_frobenius_batch4_e11,0,8,4,18721,2340.125,585.03125,profile/mve_refmat/128s.log
128s,mve_refmat,gf_frobenius_batch4_e11,1,8,4,18692,2336.5,584.125,profile/mve_refmat/128s.log
128s,mve_refmat,gf_frobenius_batch4_e11,2,8,4,18692,2336.5,584.125,profile/mve_refmat/128s.log
128s,mve_refmat,gf_frobenius_batch4_e11,3,8,4,18692,2336.5,584.125,profile/mve_refmat/128s.log
128s,mve_refmat,gf_frobenius_batch4_e11,4,8,4,18692,2336.5,584.125,profile/mve_refmat/128s.log
128s,mve_refmat,gf_frobenius_batch4_e11,5,8,4,18692,2336.5,584.125,profile/mve_refmat/128s.log
128s,mve_refmat,gf_frobenius_batch4_e11,6,8,4,18692,2336.5,584.125,profile/mve_refmat/128s.log
128s,mve_refmat,gf_frobenius_batch4_e11,7,8,4,18692,2336.5,584.125,profile/mve_refmat/128s.log
128s,mve_refmat,gf_frobenius_batch4_e11,8,8,4,18692,2336.5,584.125,profile/mve_refmat/128s.log
128s,mve_refmat,gf_frobenius_batch4_e11,9,8,4,18692,2336.5,584.125,profile/mve_refmat/128s.log
128s,mve_refmat,gf_frobenius_batch4_e11,10,8,4,18692,2336.5,584.125,profile/mve_refmat/128s.log
128s,mve_refmat,gf_frobenius_batch4_e11,11,8,4,18692,2336.5,584.125,profile/mve_refmat/128s.log
128s,mve_refmat,gf_frobenius_batch4_e11,12,8,4,18692,2336.5,584.125,profile/mve_refmat/128s.log
128s,mve_refmat,gf_frobenius_batch4_e11,13,8,4,18692,2336.5,584.125,profile/mve_refmat/128s.log
128s,mve_refmat,gf_frobenius_batch4_e11,14,8,4,18692,2336.5,584.125,profile/mve_refmat/128s.log
128s,mve_refmat,gf_frobenius_batch4_e11,15,8,4,18692,2336.5,584.125,profile/mve_refmat/128s.log
128s,mve_refmat,gf_frobenius_batch4_e11,16,8,4,18692,2336.5,584.125,profile/mve_refmat/128s.log
128s,mve_refmat,gf_frobenius_batch4_e11,17,8,4,18692,2336.5,584.125,profile/mve_refmat/128s.log
128s,mve_refmat,gf_frobenius_batch4_e11,18,8,4,18692,2336.5,584.125,profile/mve_refmat/128s.log
128s,mve_refmat,gf_frobenius_batch4_e11,19,8,4,18692,2336.5,584.125,profile/mve_refmat/128s.log
128s,mve_refmat,gf_frobenius_batch4_e11,20,8,4,18692,2336.5,584.125,profile/mve_refmat/128s.log
128s,mve_refmat,gf_frobenius_batch4_e11,21,8,4,18692,2336.5,584.125,profile/mve_refmat/128s.log
128s,mve_refmat,gf_frobenius_batch4_e11,22,8,4,18692,2336.5,584.125,profile/mve_refmat/128s.log
128s,mve_refmat,gf_frobenius_batch4_e11,23,8,4,18692,2336.5,584.125,profile/mve_refmat/128s.log
128s,mve_refmat,gf_frobenius_batch4_e11,24,8,4,18692,2336.5,584.125,profile/mve_refmat/128s.log
128s,mve_refmat,gf_frobenius_batch4_e11,25,8,4,18692,2336.5,584.125,profile/mve_refmat/128s.log
128s,mve_refmat,gf_frobenius_batch4_e11,26,8,4,18692,2336.5,584.125,profile/mve_refmat/128s.log
128s,mve_refmat,gf_frobenius_batch4_e11,27,8,4,18692,2336.5,584.125,profile/mve_refmat/128s.log
128s,mve_refmat,gf_frobenius_batch4_e11,28,8,4,18692,2336.5,584.125,profile/mve_refmat/128s.log
128s,mve_refmat,gf_frobenius_batch4_e11,29,8,4,18692,2336.5,584.125,profile/mve_refmat/128s.log
128s,mve_refmat,gf_frobenius_batch4_e11,30,8,4,18692,2336.5,584.125,profile/mve_refmat/128s.log
128s,mve_refmat,gf_mul_const_batch4,0,64,4,578786,9043.53125,2260.8828125,profile/mve_refmat/128s.log
128s,mve_refmat,gf_mul_const_batch4,1,64,4,577989,9031.078125,2257.76953125,profile/mve_refmat/128s.log
128s,mve_refmat,gf_mul_const_batch4,2,64,4,577989,9031.078125,2257.76953125,profile/mve_refmat/128s.log
128s,mve_refmat,gf_mul_const_batch4,3,64,4,577989,9031.078125,2257.76953125,profile/mve_refmat/128s.log
128s,mve_refmat,gf_mul_const_batch4,4,64,4,577989,9031.078125,2257.76953125,profile/mve_refmat/128s.log
128s,mve_refmat,gf_mul_const_batch4,5,64,4,577989,9031.078125,2257.76953125,profile/mve_refmat/128s.log
128s,mve_refmat,gf_mul_const_batch4,6,64,4,577989,9031.078125,2257.76953125,profile/mve_refmat/128s.log
128s,mve_refmat,gf_mul_const_batch4,7,64,4,577989,9031.078125,2257.76953125,profile/mve_refmat/128s.log
128s,mve_refmat,gf_mul_const_batch4,8,64,4,577989,9031.078125,2257.76953125,profile/mve_refmat/128s.log
128s,mve_refmat,gf_mul_const_batch4,9,64,4,577989,9031.078125,2257.76953125,profile/mve_refmat/128s.log
128s,mve_refmat,gf_mul_const_batch4,10,64,4,577989,9031.078125,2257.76953125,profile/mve_refmat/128s.log
128s,mve_refmat,gf_mul_const_batch4,11,64,4,577989,9031.078125,2257.76953125,profile/mve_refmat/128s.log
128s,mve_refmat,gf_mul_const_batch4,12,64,4,577989,9031.078125,2257.76953125,profile/mve_refmat/128s.log
128s,mve_refmat,gf_mul_const_batch4,13,64,4,577989,9031.078125,2257.76953125,profile/mve_refmat/128s.log
128s,mve_refmat,gf_mul_const_batch4,14,64,4,577989,9031.078125,2257.76953125,profile/mve_refmat/128s.log
128s,mve_refmat,gf_mul_const_batch4,15,64,4,577989,9031.078125,2257.76953125,profile/mve_refmat/128s.log
128s,mve_refmat,gf_mul_const_batch4,16,64,4,577989,9031.078125,2257.76953125,profile/mve_refmat/128s.log
128s,mve_refmat,gf_mul_const_batch4,17,64,4,577989,9031.078125,2257.76953125,profile/mve_refmat/128s.log
128s,mve_refmat,gf_mul_const_batch4,18,64,4,577989,9031.078125,2257.76953125,profile/mve_refmat/128s.log
128s,mve_refmat,gf_mul_const_batch4,19,64,4,577989,9031.078125,2257.76953125,profile/mve_refmat/128s.log
128s,mve_refmat,gf_mul_const_batch4,20,64,4,577989,9031.078125,2257.76953125,profile/mve_refmat/128s.log
128s,mve_refmat,gf_mul_const_batch4,21,64,4,577989,9031.078125,2257.76953125,profile/mve_refmat/128s.log
128s,mve_refmat,gf_mul_const_batch4,22,64,4,577989,9031.078125,2257.76953125,profile/mve_refmat/128s.log
128s,mve_refmat,gf_mul_const_batch4,23,64,4,577989,9031.078125,2257.76953125,profile/mve_refmat/128s.log
128s,mve_refmat,gf_mul_const_batch4,24,64,4,577989,9031.078125,2257.76953125,profile/mve_refmat/128s.log
128s,mve_refmat,gf_mul_const_batch4,25,64,4,577990,9031.09375,2257.7734375,profile/mve_refmat/128s.log
128s,mve_refmat,gf_mul_const_batch4,26,64,4,577989,9031.078125,2257.76953125,profile/mve_refmat/128s.log
128s,mve_refmat,gf_mul_const_batch4,27,64,4,577989,9031.078125,2257.76953125,profile/mve_refmat/128s.log
128s,mve_refmat,gf_mul_const_batch4,28,64,4,577989,9031.078125,2257.76953125,profile/mve_refmat/128s.log
128s,mve_refmat,gf_mul_const_batch4,29,64,4,577989,9031.078125,2257.76953125,profile/mve_refmat/128s.log
128s,mve_refmat,gf_mul_const_batch4,30,64,4,577989,9031.078125,2257.76953125,profile/mve_refmat/128s.log
128s,mve_refmat,aim3_mpc_batch4,0,8,4,470166,58770.75,14692.6875,profile/mve_refmat/128s.log
128s,mve_refmat,aim3_mpc_batch4,1,8,4,469060,58632.5,14658.125,profile/mve_refmat/128s.log
128s,mve_refmat,aim3_mpc_batch4,2,8,4,469060,58632.5,14658.125,profile/mve_refmat/128s.log
128s,mve_refmat,aim3_mpc_batch4,3,8,4,469057,58632.125,14658.03125,profile/mve_refmat/128s.log
128s,mve_refmat,aim3_mpc_batch4,4,8,4,469057,58632.125,14658.03125,profile/mve_refmat/128s.log
128s,mve_refmat,aim3_mpc_batch4,5,8,4,469058,58632.25,14658.0625,profile/mve_refmat/128s.log
128s,mve_refmat,aim3_mpc_batch4,6,8,4,469055,58631.875,14657.96875,profile/mve_refmat/128s.log
128s,mve_refmat,aim3_mpc_batch4,7,8,4,469055,58631.875,14657.96875,profile/mve_refmat/128s.log
128s,mve_refmat,aim3_mpc_batch4,8,8,4,469055,58631.875,14657.96875,profile/mve_refmat/128s.log
128s,mve_refmat,aim3_mpc_batch4,9,8,4,469055,58631.875,14657.96875,profile/mve_refmat/128s.log
128s,mve_refmat,aim3_mpc_batch4,10,8,4,469055,58631.875,14657.96875,profile/mve_refmat/128s.log
128s,mve_refmat,aim3_mpc_batch4,11,8,4,469055,58631.875,14657.96875,profile/mve_refmat/128s.log
128s,mve_refmat,aim3_mpc_batch4,12,8,4,469055,58631.875,14657.96875,profile/mve_refmat/128s.log
128s,mve_refmat,aim3_mpc_batch4,13,8,4,469055,58631.875,14657.96875,profile/mve_refmat/128s.log
128s,mve_refmat,aim3_mpc_batch4,14,8,4,469055,58631.875,14657.96875,profile/mve_refmat/128s.log
128s,mve_refmat,aim3_mpc_batch4,15,8,4,469055,58631.875,14657.96875,profile/mve_refmat/128s.log
128s,mve_refmat,aim3_mpc_batch4,16,8,4,469055,58631.875,14657.96875,profile/mve_refmat/128s.log
128s,mve_refmat,aim3_mpc_batch4,17,8,4,469055,58631.875,14657.96875,profile/mve_refmat/128s.log
128s,mve_refmat,aim3_mpc_batch4,18,8,4,469055,58631.875,14657.96875,profile/mve_refmat/128s.log
128s,mve_refmat,aim3_mpc_batch4,19,8,4,469055,58631.875,14657.96875,profile/mve_refmat/128s.log
128s,mve_refmat,aim3_mpc_batch4,20,8,4,469055,58631.875,14657.96875,profile/mve_refmat/128s.log
128s,mve_refmat,aim3_mpc_batch4,21,8,4,469055,58631.875,14657.96875,profile/mve_refmat/128s.log
128s,mve_refmat,aim3_mpc_batch4,22,8,4,469055,58631.875,14657.96875,profile/mve_refmat/128s.log
128s,mve_refmat,aim3_mpc_batch4,23,8,4,469055,58631.875,14657.96875,profile/mve_refmat/128s.log
128s,mve_refmat,aim3_mpc_batch4,24,8,4,469055,58631.875,14657.96875,profile/mve_refmat/128s.log
128s,mve_refmat,aim3_mpc_batch4,25,8,4,469055,58631.875,14657.96875,profile/mve_refmat/128s.log
128s,mve_refmat,aim3_mpc_batch4,26,8,4,469055,58631.875,14657.96875,profile/mve_refmat/128s.log
128s,mve_refmat,aim3_mpc_batch4,27,8,4,469055,58631.875,14657.96875,profile/mve_refmat/128s.log
128s,mve_refmat,aim3_mpc_batch4,28,8,4,469055,58631.875,14657.96875,profile/mve_refmat/128s.log
128s,mve_refmat,aim3_mpc_batch4,29,8,4,469055,58631.875,14657.96875,profile/mve_refmat/128s.log
128s,mve_refmat,aim3_mpc_batch4,30,8,4,469055,58631.875,14657.96875,profile/mve_refmat/128s.log
128s,mve_refmat,aim3_mpc_batch4_affine,0,8,4,427531,53441.375,13360.34375,profile/mve_refmat/128s.log
128s,mve_refmat,aim3_mpc_batch4_affine,1,8,4,426854,53356.75,13339.1875,profile/mve_refmat/128s.log
128s,mve_refmat,aim3_mpc_batch4_affine,2,8,4,426854,53356.75,13339.1875,profile/mve_refmat/128s.log
128s,mve_refmat,aim3_mpc_batch4_affine,3,8,4,426851,53356.375,13339.09375,profile/mve_refmat/128s.log
128s,mve_refmat,aim3_mpc_batch4_affine,4,8,4,426851,53356.375,13339.09375,profile/mve_refmat/128s.log
128s,mve_refmat,aim3_mpc_batch4_affine,5,8,4,426852,53356.5,13339.125,profile/mve_refmat/128s.log
128s,mve_refmat,aim3_mpc_batch4_affine,6,8,4,426849,53356.125,13339.03125,profile/mve_refmat/128s.log
128s,mve_refmat,aim3_mpc_batch4_affine,7,8,4,426849,53356.125,13339.03125,profile/mve_refmat/128s.log
128s,mve_refmat,aim3_mpc_batch4_affine,8,8,4,426849,53356.125,13339.03125,profile/mve_refmat/128s.log
128s,mve_refmat,aim3_mpc_batch4_affine,9,8,4,426849,53356.125,13339.03125,profile/mve_refmat/128s.log
128s,mve_refmat,aim3_mpc_batch4_affine,10,8,4,426849,53356.125,13339.03125,profile/mve_refmat/128s.log
128s,mve_refmat,aim3_mpc_batch4_affine,11,8,4,426849,53356.125,13339.03125,profile/mve_refmat/128s.log
128s,mve_refmat,aim3_mpc_batch4_affine,12,8,4,426849,53356.125,13339.03125,profile/mve_refmat/128s.log
128s,mve_refmat,aim3_mpc_batch4_affine,13,8,4,426849,53356.125,13339.03125,profile/mve_refmat/128s.log
128s,mve_refmat,aim3_mpc_batch4_affine,14,8,4,426849,53356.125,13339.03125,profile/mve_refmat/128s.log
128s,mve_refmat,aim3_mpc_batch4_affine,15,8,4,426849,53356.125,13339.03125,profile/mve_refmat/128s.log
128s,mve_refmat,aim3_mpc_batch4_affine,16,8,4,426849,53356.125,13339.03125,profile/mve_refmat/128s.log
128s,mve_refmat,aim3_mpc_batch4_affine,17,8,4,426849,53356.125,13339.03125,profile/mve_refmat/128s.log
128s,mve_refmat,aim3_mpc_batch4_affine,18,8,4,426849,53356.125,13339.03125,profile/mve_refmat/128s.log
128s,mve_refmat,aim3_mpc_batch4_affine,19,8,4,426849,53356.125,13339.03125,profile/mve_refmat/128s.log
128s,mve_refmat,aim3_mpc_batch4_affine,20,8,4,426849,53356.125,13339.03125,profile/mve_refmat/128s.log
128s,mve_refmat,aim3_mpc_batch4_affine,21,8,4,426849,53356.125,13339.03125,profile/mve_refmat/128s.log
128s,mve_refmat,aim3_mpc_batch4_affine,22,8,4,426849,53356.125,13339.03125,profile/mve_refmat/128s.log
128s,mve_refmat,aim3_mpc_batch4_affine,23,8,4,426849,53356.125,13339.03125,profile/mve_refmat/128s.log
128s,mve_refmat,aim3_mpc_batch4_affine,24,8,4,426849,53356.125,13339.03125,profile/mve_refmat/128s.log
128s,mve_refmat,aim3_mpc_batch4_affine,25,8,4,426849,53356.125,13339.03125,profile/mve_refmat/128s.log
128s,mve_refmat,aim3_mpc_batch4_affine,26,8,4,426849,53356.125,13339.03125,profile/mve_refmat/128s.log
128s,mve_refmat,aim3_mpc_batch4_affine,27,8,4,426849,53356.125,13339.03125,profile/mve_refmat/128s.log
128s,mve_refmat,aim3_mpc_batch4_affine,28,8,4,426849,53356.125,13339.03125,profile/mve_refmat/128s.log
128s,mve_refmat,aim3_mpc_batch4_affine,29,8,4,426849,53356.125,13339.03125,profile/mve_refmat/128s.log
128s,mve_refmat,aim3_mpc_batch4_affine,30,8,4,426849,53356.125,13339.03125,profile/mve_refmat/128s.log
128s,mve_refmat,aim3_mpc_batch4_frobenius,0,8,4,41856,5232.0,1308.0,profile/mve_refmat/128s.log
128s,mve_refmat,aim3_mpc_batch4_frobenius,1,8,4,41672,5209.0,1302.25,profile/mve_refmat/128s.log
128s,mve_refmat,aim3_mpc_batch4_frobenius,2,8,4,41672,5209.0,1302.25,profile/mve_refmat/128s.log
128s,mve_refmat,aim3_mpc_batch4_frobenius,3,8,4,41672,5209.0,1302.25,profile/mve_refmat/128s.log
128s,mve_refmat,aim3_mpc_batch4_frobenius,4,8,4,41672,5209.0,1302.25,profile/mve_refmat/128s.log
128s,mve_refmat,aim3_mpc_batch4_frobenius,5,8,4,41672,5209.0,1302.25,profile/mve_refmat/128s.log
128s,mve_refmat,aim3_mpc_batch4_frobenius,6,8,4,41672,5209.0,1302.25,profile/mve_refmat/128s.log
128s,mve_refmat,aim3_mpc_batch4_frobenius,7,8,4,41672,5209.0,1302.25,profile/mve_refmat/128s.log
128s,mve_refmat,aim3_mpc_batch4_frobenius,8,8,4,41672,5209.0,1302.25,profile/mve_refmat/128s.log
128s,mve_refmat,aim3_mpc_batch4_frobenius,9,8,4,41672,5209.0,1302.25,profile/mve_refmat/128s.log
128s,mve_refmat,aim3_mpc_batch4_frobenius,10,8,4,41672,5209.0,1302.25,profile/mve_refmat/128s.log
128s,mve_refmat,aim3_mpc_batch4_frobenius,11,8,4,41672,5209.0,1302.25,profile/mve_refmat/128s.log
128s,mve_refmat,aim3_mpc_batch4_frobenius,12,8,4,41672,5209.0,1302.25,profile/mve_refmat/128s.log
128s,mve_refmat,aim3_mpc_batch4_frobenius,13,8,4,41672,5209.0,1302.25,profile/mve_refmat/128s.log
128s,mve_refmat,aim3_mpc_batch4_frobenius,14,8,4,41672,5209.0,1302.25,profile/mve_refmat/128s.log
128s,mve_refmat,aim3_mpc_batch4_frobenius,15,8,4,41672,5209.0,1302.25,profile/mve_refmat/128s.log
128s,mve_refmat,aim3_mpc_batch4_frobenius,16,8,4,41672,5209.0,1302.25,profile/mve_refmat/128s.log
128s,mve_refmat,aim3_mpc_batch4_frobenius,17,8,4,41672,5209.0,1302.25,profile/mve_refmat/128s.log
128s,mve_refmat,aim3_mpc_batch4_frobenius,18,8,4,41672,5209.0,1302.25,profile/mve_refmat/128s.log
128s,mve_refmat,aim3_mpc_batch4_frobenius,19,8,4,41672,5209.0,1302.25,profile/mve_refmat/128s.log
128s,mve_refmat,aim3_mpc_batch4_frobenius,20,8,4,41672,5209.0,1302.25,profile/mve_refmat/128s.log
128s,mve_refmat,aim3_mpc_batch4_frobenius,21,8,4,41672,5209.0,1302.25,profile/mve_refmat/128s.log
128s,mve_refmat,aim3_mpc_batch4_frobenius,22,8,4,41672,5209.0,1302.25,profile/mve_refmat/128s.log
128s,mve_refmat,aim3_mpc_batch4_frobenius,23,8,4,41672,5209.0,1302.25,profile/mve_refmat/128s.log
128s,mve_refmat,aim3_mpc_batch4_frobenius,24,8,4,41672,5209.0,1302.25,profile/mve_refmat/128s.log
128s,mve_refmat,aim3_mpc_batch4_frobenius,25,8,4,41672,5209.0,1302.25,profile/mve_refmat/128s.log
128s,mve_refmat,aim3_mpc_batch4_frobenius,26,8,4,41672,5209.0,1302.25,profile/mve_refmat/128s.log
128s,mve_refmat,aim3_mpc_batch4_frobenius,27,8,4,41672,5209.0,1302.25,profile/mve_refmat/128s.log
128s,mve_refmat,aim3_mpc_batch4_frobenius,28,8,4,41672,5209.0,1302.25,profile/mve_refmat/128s.log
128s,mve_refmat,aim3_mpc_batch4_frobenius,29,8,4,41672,5209.0,1302.25,profile/mve_refmat/128s.log
128s,mve_refmat,aim3_mpc_batch4_frobenius,30,8,4,41672,5209.0,1302.25,profile/mve_refmat/128s.log
128s,mve_refmat,aim3_mpc_scalar,0,8,1,148381,18547.625,18547.625,profile/mve_refmat/128s.log
128s,mve_refmat,aim3_mpc_scalar,1,8,1,147959,18494.875,18494.875,profile/mve_refmat/128s.log
128s,mve_refmat,aim3_mpc_scalar,2,8,1,147959,18494.875,18494.875,profile/mve_refmat/128s.log
128s,mve_refmat,aim3_mpc_scalar,3,8,1,147959,18494.875,18494.875,profile/mve_refmat/128s.log
128s,mve_refmat,aim3_mpc_scalar,4,8,1,147959,18494.875,18494.875,profile/mve_refmat/128s.log
128s,mve_refmat,aim3_mpc_scalar,5,8,1,147959,18494.875,18494.875,profile/mve_refmat/128s.log
128s,mve_refmat,aim3_mpc_scalar,6,8,1,147959,18494.875,18494.875,profile/mve_refmat/128s.log
128s,mve_refmat,aim3_mpc_scalar,7,8,1,147959,18494.875,18494.875,profile/mve_refmat/128s.log
128s,mve_refmat,aim3_mpc_scalar,8,8,1,147959,18494.875,18494.875,profile/mve_refmat/128s.log
128s,mve_refmat,aim3_mpc_scalar,9,8,1,147959,18494.875,18494.875,profile/mve_refmat/128s.log
128s,mve_refmat,aim3_mpc_scalar,10,8,1,147959,18494.875,18494.875,profile/mve_refmat/128s.log
128s,mve_refmat,aim3_mpc_scalar,11,8,1,147959,18494.875,18494.875,profile/mve_refmat/128s.log
128s,mve_refmat,aim3_mpc_scalar,12,8,1,147959,18494.875,18494.875,profile/mve_refmat/128s.log
128s,mve_refmat,aim3_mpc_scalar,13,8,1,147959,18494.875,18494.875,profile/mve_refmat/128s.log
128s,mve_refmat,aim3_mpc_scalar,14,8,1,147959,18494.875,18494.875,profile/mve_refmat/128s.log
128s,mve_refmat,aim3_mpc_scalar,15,8,1,147959,18494.875,18494.875,profile/mve_refmat/128s.log
128s,mve_refmat,aim3_mpc_scalar,16,8,1,147959,18494.875,18494.875,profile/mve_refmat/128s.log
128s,mve_refmat,aim3_mpc_scalar,17,8,1,147959,18494.875,18494.875,profile/mve_refmat/128s.log
128s,mve_refmat,aim3_mpc_scalar,18,8,1,147959,18494.875,18494.875,profile/mve_refmat/128s.log
128s,mve_refmat,aim3_mpc_scalar,19,8,1,147959,18494.875,18494.875,profile/mve_refmat/128s.log
128s,mve_refmat,aim3_mpc_scalar,20,8,1,147959,18494.875,18494.875,profile/mve_refmat/128s.log
128s,mve_refmat,aim3_mpc_scalar,21,8,1,147959,18494.875,18494.875,profile/mve_refmat/128s.log
128s,mve_refmat,aim3_mpc_scalar,22,8,1,147959,18494.875,18494.875,profile/mve_refmat/128s.log
128s,mve_refmat,aim3_mpc_scalar,23,8,1,147959,18494.875,18494.875,profile/mve_refmat/128s.log
128s,mve_refmat,aim3_mpc_scalar,24,8,1,147959,18494.875,18494.875,profile/mve_refmat/128s.log
128s,mve_refmat,aim3_mpc_scalar,25,8,1,147959,18494.875,18494.875,profile/mve_refmat/128s.log
128s,mve_refmat,aim3_mpc_scalar,26,8,1,147959,18494.875,18494.875,profile/mve_refmat/128s.log
128s,mve_refmat,aim3_mpc_scalar,27,8,1,147959,18494.875,18494.875,profile/mve_refmat/128s.log
128s,mve_refmat,aim3_mpc_scalar,28,8,1,147959,18494.875,18494.875,profile/mve_refmat/128s.log
128s,mve_refmat,aim3_mpc_scalar,29,8,1,147959,18494.875,18494.875,profile/mve_refmat/128s.log
128s,mve_refmat,aim3_mpc_scalar,30,8,1,147959,18494.875,18494.875,profile/mve_refmat/128s.log
192f,mve_refmat,gf_mul,0,64,1,91992,1437.375,1437.375,profile/mve_refmat/192f.log
192f,mve_refmat,gf_mul,1,64,1,91014,1422.09375,1422.09375,profile/mve_refmat/192f.log
192f,mve_refmat,gf_mul,2,64,1,91014,1422.09375,1422.09375,profile/mve_refmat/192f.log
192f,mve_refmat,gf_mul,3,64,1,91014,1422.09375,1422.09375,profile/mve_refmat/192f.log
192f,mve_refmat,gf_mul,4,64,1,91014,1422.09375,1422.09375,profile/mve_refmat/192f.log
192f,mve_refmat,gf_mul,5,64,1,91014,1422.09375,1422.09375,profile/mve_refmat/192f.log
192f,mve_refmat,gf_mul,6,64,1,91014,1422.09375,1422.09375,profile/mve_refmat/192f.log
192f,mve_refmat,gf_mul,7,64,1,91014,1422.09375,1422.09375,profile/mve_refmat/192f.log
192f,mve_refmat,gf_mul,8,64,1,91014,1422.09375,1422.09375,profile/mve_refmat/192f.log
192f,mve_refmat,gf_mul,9,64,1,91014,1422.09375,1422.09375,profile/mve_refmat/192f.log
192f,mve_refmat,gf_mul,10,64,1,91014,1422.09375,1422.09375,profile/mve_refmat/192f.log
192f,mve_refmat,gf_mul,11,64,1,91014,1422.09375,1422.09375,profile/mve_refmat/192f.log
192f,mve_refmat,gf_mul,12,64,1,91014,1422.09375,1422.09375,profile/mve_refmat/192f.log
192f,mve_refmat,gf_mul,13,64,1,91014,1422.09375,1422.09375,profile/mve_refmat/192f.log
192f,mve_refmat,gf_mul,14,64,1,91014,1422.09375,1422.09375,profile/mve_refmat/192f.log
192f,mve_refmat,gf_mul,15,64,1,91014,1422.09375,1422.09375,profile/mve_refmat/192f.log
192f,mve_refmat,gf_mul,16,64,1,91014,1422.09375,1422.09375,profile/mve_refmat/192f.log
192f,mve_refmat,gf_mul,17,64,1,91014,1422.09375,1422.09375,profile/mve_refmat/192f.log
192f,mve_refmat,gf_mul,18,64,1,91014,1422.09375,1422.09375,profile/mve_refmat/192f.log
192f,mve_refmat,gf_mul,19,64,1,91014,1422.09375,1422.09375,profile/mve_refmat/192f.log
192f,mve_refmat,gf_mul,20,64,1,91014,1422.09375,1422.09375,profile/mve_refmat/192f.log
192f,mve_refmat,gf_mul,21,64,1,91014,1422.09375,1422.09375,profile/mve_refmat/192f.log
192f,mve_refmat,gf_mul,22,64,1,91014,1422.09375,1422.09375,profile/mve_refmat/192f.log
192f,mve_refmat,gf_mul,23,64,1,91014,1422.09375,1422.09375,profile/mve_refmat/192f.log
192f,mve_refmat,gf_mul,24,64,1,91014,1422.09375,1422.09375,profile/mve_refmat/192f.log
192f,mve_refmat,gf_mul,25,64,1,91014,1422.09375,1422.09375,profile/mve_refmat/192f.log
192f,mve_refmat,gf_mul,26,64,1,91014,1422.09375,1422.09375,profile/mve_refmat/192f.log
192f,mve_refmat,gf_mul,27,64,1,91014,1422.09375,1422.09375,profile/mve_refmat/192f.log
192f,mve_refmat,gf_mul,28,64,1,91014,1422.09375,1422.09375,profile/mve_refmat/192f.log
192f,mve_refmat,gf_mul,29,64,1,91014,1422.09375,1422.09375,profile/mve_refmat/192f.log
192f,mve_refmat,gf_mul,30,64,1,91014,1422.09375,1422.09375,profile/mve_refmat/192f.log
192f,mve_refmat,gf_sqr,0,64,1,26828,419.1875,419.1875,profile/mve_refmat/192f.log
192f,mve_refmat,gf_sqr,1,64,1,25861,404.078125,404.078125,profile/mve_refmat/192f.log
192f,mve_refmat,gf_sqr,2,64,1,25861,404.078125,404.078125,profile/mve_refmat/192f.log
192f,mve_refmat,gf_sqr,3,64,1,25861,404.078125,404.078125,profile/mve_refmat/192f.log
192f,mve_refmat,gf_sqr,4,64,1,25861,404.078125,404.078125,profile/mve_refmat/192f.log
192f,mve_refmat,gf_sqr,5,64,1,25861,404.078125,404.078125,profile/mve_refmat/192f.log
192f,mve_refmat,gf_sqr,6,64,1,25861,404.078125,404.078125,profile/mve_refmat/192f.log
192f,mve_refmat,gf_sqr,7,64,1,25861,404.078125,404.078125,profile/mve_refmat/192f.log
192f,mve_refmat,gf_sqr,8,64,1,25861,404.078125,404.078125,profile/mve_refmat/192f.log
192f,mve_refmat,gf_sqr,9,64,1,25861,404.078125,404.078125,profile/mve_refmat/192f.log
192f,mve_refmat,gf_sqr,10,64,1,25861,404.078125,404.078125,profile/mve_refmat/192f.log
192f,mve_refmat,gf_sqr,11,64,1,25861,404.078125,404.078125,profile/mve_refmat/192f.log
192f,mve_refmat,gf_sqr,12,64,1,25861,404.078125,404.078125,profile/mve_refmat/192f.log
192f,mve_refmat,gf_sqr,13,64,1,25861,404.078125,404.078125,profile/mve_refmat/192f.log
192f,mve_refmat,gf_sqr,14,64,1,25861,404.078125,404.078125,profile/mve_refmat/192f.log
192f,mve_refmat,gf_sqr,15,64,1,25861,404.078125,404.078125,profile/mve_refmat/192f.log
192f,mve_refmat,gf_sqr,16,64,1,25861,404.078125,404.078125,profile/mve_refmat/192f.log
192f,mve_refmat,gf_sqr,17,64,1,25861,404.078125,404.078125,profile/mve_refmat/192f.log
192f,mve_refmat,gf_sqr,18,64,1,25861,404.078125,404.078125,profile/mve_refmat/192f.log
192f,mve_refmat,gf_sqr,19,64,1,25861,404.078125,404.078125,profile/mve_refmat/192f.log
192f,mve_refmat,gf_sqr,20,64,1,25861,404.078125,404.078125,profile/mve_refmat/192f.log
192f,mve_refmat,gf_sqr,21,64,1,25861,404.078125,404.078125,profile/mve_refmat/192f.log
192f,mve_refmat,gf_sqr,22,64,1,25861,404.078125,404.078125,profile/mve_refmat/192f.log
192f,mve_refmat,gf_sqr,23,64,1,25861,404.078125,404.078125,profile/mve_refmat/192f.log
192f,mve_refmat,gf_sqr,24,64,1,25861,404.078125,404.078125,profile/mve_refmat/192f.log
192f,mve_refmat,gf_sqr,25,64,1,25861,404.078125,404.078125,profile/mve_refmat/192f.log
192f,mve_refmat,gf_sqr,26,64,1,25861,404.078125,404.078125,profile/mve_refmat/192f.log
192f,mve_refmat,gf_sqr,27,64,1,25861,404.078125,404.078125,profile/mve_refmat/192f.log
192f,mve_refmat,gf_sqr,28,64,1,25861,404.078125,404.078125,profile/mve_refmat/192f.log
192f,mve_refmat,gf_sqr,29,64,1,25861,404.078125,404.078125,profile/mve_refmat/192f.log
192f,mve_refmat,gf_sqr,30,64,1,25861,404.078125,404.078125,profile/mve_refmat/192f.log
192f,mve_refmat,gf_inv,0,8,1,2785982,348247.75,348247.75,profile/mve_refmat/192f.log
192f,mve_refmat,gf_inv,1,8,1,2785814,348226.75,348226.75,profile/mve_refmat/192f.log
192f,mve_refmat,gf_inv,2,8,1,2785814,348226.75,348226.75,profile/mve_refmat/192f.log
192f,mve_refmat,gf_inv,3,8,1,2785814,348226.75,348226.75,profile/mve_refmat/192f.log
192f,mve_refmat,gf_inv,4,8,1,2785814,348226.75,348226.75,profile/mve_refmat/192f.log
192f,mve_refmat,gf_inv,5,8,1,2785814,348226.75,348226.75,profile/mve_refmat/192f.log
192f,mve_refmat,gf_inv,6,8,1,2785814,348226.75,348226.75,profile/mve_refmat/192f.log
192f,mve_refmat,gf_inv,7,8,1,2785815,348226.875,348226.875,profile/mve_refmat/192f.log
192f,mve_refmat,gf_inv,8,8,1,2785814,348226.75,348226.75,profile/mve_refmat/192f.log
192f,mve_refmat,gf_inv,9,8,1,2785814,348226.75,348226.75,profile/mve_refmat/192f.log
192f,mve_refmat,gf_inv,10,8,1,2785814,348226.75,348226.75,profile/mve_refmat/192f.log
192f,mve_refmat,gf_inv,11,8,1,2785814,348226.75,348226.75,profile/mve_refmat/192f.log
192f,mve_refmat,gf_inv,12,8,1,2785814,348226.75,348226.75,profile/mve_refmat/192f.log
192f,mve_refmat,gf_inv,13,8,1,2785814,348226.75,348226.75,profile/mve_refmat/192f.log
192f,mve_refmat,gf_inv,14,8,1,2785814,348226.75,348226.75,profile/mve_refmat/192f.log
192f,mve_refmat,gf_inv,15,8,1,2785814,348226.75,348226.75,profile/mve_refmat/192f.log
192f,mve_refmat,gf_inv,16,8,1,2785814,348226.75,348226.75,profile/mve_refmat/192f.log
192f,mve_refmat,gf_inv,17,8,1,2785814,348226.75,348226.75,profile/mve_refmat/192f.log
192f,mve_refmat,gf_inv,18,8,1,2785814,348226.75,348226.75,profile/mve_refmat/192f.log
192f,mve_refmat,gf_inv,19,8,1,2785814,348226.75,348226.75,profile/mve_refmat/192f.log
192f,mve_refmat,gf_inv,20,8,1,2785814,348226.75,348226.75,profile/mve_refmat/192f.log
192f,mve_refmat,gf_inv,21,8,1,2785814,348226.75,348226.75,profile/mve_refmat/192f.log
192f,mve_refmat,gf_inv,22,8,1,2785814,348226.75,348226.75,profile/mve_refmat/192f.log
192f,mve_refmat,gf_inv,23,8,1,2785814,348226.75,348226.75,profile/mve_refmat/192f.log
192f,mve_refmat,gf_inv,24,8,1,2785814,348226.75,348226.75,profile/mve_refmat/192f.log
192f,mve_refmat,gf_inv,25,8,1,2785814,348226.75,348226.75,profile/mve_refmat/192f.log
192f,mve_refmat,gf_inv,26,8,1,2785814,348226.75,348226.75,profile/mve_refmat/192f.log
192f,mve_refmat,gf_inv,27,8,1,2785814,348226.75,348226.75,profile/mve_refmat/192f.log
192f,mve_refmat,gf_inv,28,8,1,2785814,348226.75,348226.75,profile/mve_refmat/192f.log
192f,mve_refmat,gf_inv,29,8,1,2785815,348226.875,348226.875,profile/mve_refmat/192f.log
192f,mve_refmat,gf_inv,30,8,1,2785814,348226.75,348226.75,profile/mve_refmat/192f.log
192f,mve_refmat,gf_mat_vec_mul,0,64,1,447435,6991.171875,6991.171875,profile/mve_refmat/192f.log
192f,mve_refmat,gf_mat_vec_mul,1,64,1,446920,6983.125,6983.125,profile/mve_refmat/192f.log
192f,mve_refmat,gf_mat_vec_mul,2,64,1,446920,6983.125,6983.125,profile/mve_refmat/192f.log
192f,mve_refmat,gf_mat_vec_mul,3,64,1,446920,6983.125,6983.125,profile/mve_refmat/192f.log
192f,mve_refmat,gf_mat_vec_mul,4,64,1,446920,6983.125,6983.125,profile/mve_refmat/192f.log
192f,mve_refmat,gf_mat_vec_mul,5,64,1,446920,6983.125,6983.125,profile/mve_refmat/192f.log
192f,mve_refmat,gf_mat_vec_mul,6,64,1,446920,6983.125,6983.125,profile/mve_refmat/192f.log
192f,mve_refmat,gf_mat_vec_mul,7,64,1,446920,6983.125,6983.125,profile/mve_refmat/192f.log
192f,mve_refmat,gf_mat_vec_mul,8,64,1,446920,6983.125,6983.125,profile/mve_refmat/192f.log
192f,mve_refmat,gf_mat_vec_mul,9,64,1,446920,6983.125,6983.125,profile/mve_refmat/192f.log
192f,mve_refmat,gf_mat_vec_mul,10,64,1,446920,6983.125,6983.125,profile/mve_refmat/192f.log
192f,mve_refmat,gf_mat_vec_mul,11,64,1,446920,6983.125,6983.125,profile/mve_refmat/192f.log
192f,mve_refmat,gf_mat_vec_mul,12,64,1,446920,6983.125,6983.125,profile/mve_refmat/192f.log
192f,mve_refmat,gf_mat_vec_mul,13,64,1,446920,6983.125,6983.125,profile/mve_refmat/192f.log
192f,mve_refmat,gf_mat_vec_mul,14,64,1,446920,6983.125,6983.125,profile/mve_refmat/192f.log
192f,mve_refmat,gf_mat_vec_mul,15,64,1,446920,6983.125,6983.125,profile/mve_refmat/192f.log
192f,mve_refmat,gf_mat_vec_mul,16,64,1,446920,6983.125,6983.125,profile/mve_refmat/192f.log
192f,mve_refmat,gf_mat_vec_mul,17,64,1,446920,6983.125,6983.125,profile/mve_refmat/192f.log
192f,mve_refmat,gf_mat_vec_mul,18,64,1,446920,6983.125,6983.125,profile/mve_refmat/192f.log
192f,mve_refmat,gf_mat_vec_mul,19,64,1,446920,6983.125,6983.125,profile/mve_refmat/192f.log
192f,mve_refmat,gf_mat_vec_mul,20,64,1,446920,6983.125,6983.125,profile/mve_refmat/192f.log
192f,mve_refmat,gf_mat_vec_mul,21,64,1,446920,6983.125,6983.125,profile/mve_refmat/192f.log
192f,mve_refmat,gf_mat_vec_mul,22,64,1,446920,6983.125,6983.125,profile/mve_refmat/192f.log
192f,mve_refmat,gf_mat_vec_mul,23,64,1,446920,6983.125,6983.125,profile/mve_refmat/192f.log
192f,mve_refmat,gf_mat_vec_mul,24,64,1,446920,6983.125,6983.125,profile/mve_refmat/192f.log
192f,mve_refmat,gf_mat_vec_mul,25,64,1,446920,6983.125,6983.125,profile/mve_refmat/192f.log
192f,mve_refmat,gf_mat_vec_mul,26,64,1,446920,6983.125,6983.125,profile/mve_refmat/192f.log
192f,mve_refmat,gf_mat_vec_mul,27,64,1,446920,6983.125,6983.125,profile/mve_refmat/192f.log
192f,mve_refmat,gf_mat_vec_mul,28,64,1,446920,6983.125,6983.125,profile/mve_refmat/192f.log
192f,mve_refmat,gf_mat_vec_mul,29,64,1,446920,6983.125,6983.125,profile/mve_refmat/192f.log
192f,mve_refmat,gf_mat_vec_mul,30,64,1,446920,6983.125,6983.125,profile/mve_refmat/192f.log
192f,mve_refmat,gf_mat_vec_mul_add,0,64,1,448809,7012.640625,7012.640625,profile/mve_refmat/192f.log
192f,mve_refmat,gf_mat_vec_mul_add,1,64,1,448790,7012.34375,7012.34375,profile/mve_refmat/192f.log
192f,mve_refmat,gf_mat_vec_mul_add,2,64,1,448806,7012.59375,7012.59375,profile/mve_refmat/192f.log
192f,mve_refmat,gf_mat_vec_mul_add,3,64,1,448790,7012.34375,7012.34375,profile/mve_refmat/192f.log
192f,mve_refmat,gf_mat_vec_mul_add,4,64,1,448790,7012.34375,7012.34375,profile/mve_refmat/192f.log
192f,mve_refmat,gf_mat_vec_mul_add,5,64,1,448806,7012.59375,7012.59375,profile/mve_refmat/192f.log
192f,mve_refmat,gf_mat_vec_mul_add,6,64,1,448806,7012.59375,7012.59375,profile/mve_refmat/192f.log
192f,mve_refmat,gf_mat_vec_mul_add,7,64,1,448790,7012.34375,7012.34375,profile/mve_refmat/192f.log
192f,mve_refmat,gf_mat_vec_mul_add,8,64,1,448790,7012.34375,7012.34375,profile/mve_refmat/192f.log
192f,mve_refmat,gf_mat_vec_mul_add,9,64,1,448790,7012.34375,7012.34375,profile/mve_refmat/192f.log
192f,mve_refmat,gf_mat_vec_mul_add,10,64,1,448790,7012.34375,7012.34375,profile/mve_refmat/192f.log
192f,mve_refmat,gf_mat_vec_mul_add,11,64,1,448806,7012.59375,7012.59375,profile/mve_refmat/192f.log
192f,mve_refmat,gf_mat_vec_mul_add,12,64,1,448790,7012.34375,7012.34375,profile/mve_refmat/192f.log
192f,mve_refmat,gf_mat_vec_mul_add,13,64,1,448790,7012.34375,7012.34375,profile/mve_refmat/192f.log
192f,mve_refmat,gf_mat_vec_mul_add,14,64,1,448806,7012.59375,7012.59375,profile/mve_refmat/192f.log
192f,mve_refmat,gf_mat_vec_mul_add,15,64,1,448806,7012.59375,7012.59375,profile/mve_refmat/192f.log
192f,mve_refmat,gf_mat_vec_mul_add,16,64,1,448790,7012.34375,7012.34375,profile/mve_refmat/192f.log
192f,mve_refmat,gf_mat_vec_mul_add,17,64,1,448790,7012.34375,7012.34375,profile/mve_refmat/192f.log
192f,mve_refmat,gf_mat_vec_mul_add,18,64,1,448790,7012.34375,7012.34375,profile/mve_refmat/192f.log
192f,mve_refmat,gf_mat_vec_mul_add,19,64,1,448790,7012.34375,7012.34375,profile/mve_refmat/192f.log
192f,mve_refmat,gf_mat_vec_mul_add,20,64,1,448806,7012.59375,7012.59375,profile/mve_refmat/192f.log
192f,mve_refmat,gf_mat_vec_mul_add,21,64,1,448790,7012.34375,7012.34375,profile/mve_refmat/192f.log
192f,mve_refmat,gf_mat_vec_mul_add,22,64,1,448790,7012.34375,7012.34375,profile/mve_refmat/192f.log
192f,mve_refmat,gf_mat_vec_mul_add,23,64,1,448806,7012.59375,7012.59375,profile/mve_refmat/192f.log
192f,mve_refmat,gf_mat_vec_mul_add,24,64,1,448806,7012.59375,7012.59375,profile/mve_refmat/192f.log
192f,mve_refmat,gf_mat_vec_mul_add,25,64,1,448790,7012.34375,7012.34375,profile/mve_refmat/192f.log
192f,mve_refmat,gf_mat_vec_mul_add,26,64,1,448790,7012.34375,7012.34375,profile/mve_refmat/192f.log
192f,mve_refmat,gf_mat_vec_mul_add,27,64,1,448790,7012.34375,7012.34375,profile/mve_refmat/192f.log
192f,mve_refmat,gf_mat_vec_mul_add,28,64,1,448790,7012.34375,7012.34375,profile/mve_refmat/192f.log
192f,mve_refmat,gf_mat_vec_mul_add,29,64,1,448806,7012.59375,7012.59375,profile/mve_refmat/192f.log
192f,mve_refmat,gf_mat_vec_mul_add,30,64,1,448790,7012.34375,7012.34375,profile/mve_refmat/192f.log
192f,mve_refmat,gf_sqr_batch4,0,64,4,43459,679.046875,169.76171875,profile/mve_refmat/192f.log
192f,mve_refmat,gf_sqr_batch4,1,64,4,41859,654.046875,163.51171875,profile/mve_refmat/192f.log
192f,mve_refmat,gf_sqr_batch4,2,64,4,41859,654.046875,163.51171875,profile/mve_refmat/192f.log
192f,mve_refmat,gf_sqr_batch4,3,64,4,41859,654.046875,163.51171875,profile/mve_refmat/192f.log
192f,mve_refmat,gf_sqr_batch4,4,64,4,41859,654.046875,163.51171875,profile/mve_refmat/192f.log
192f,mve_refmat,gf_sqr_batch4,5,64,4,41859,654.046875,163.51171875,profile/mve_refmat/192f.log
192f,mve_refmat,gf_sqr_batch4,6,64,4,41859,654.046875,163.51171875,profile/mve_refmat/192f.log
192f,mve_refmat,gf_sqr_batch4,7,64,4,41859,654.046875,163.51171875,profile/mve_refmat/192f.log
192f,mve_refmat,gf_sqr_batch4,8,64,4,41859,654.046875,163.51171875,profile/mve_refmat/192f.log
192f,mve_refmat,gf_sqr_batch4,9,64,4,41859,654.046875,163.51171875,profile/mve_refmat/192f.log
192f,mve_refmat,gf_sqr_batch4,10,64,4,41859,654.046875,163.51171875,profile/mve_refmat/192f.log
192f,mve_refmat,gf_sqr_batch4,11,64,4,41859,654.046875,163.51171875,profile/mve_refmat/192f.log
192f,mve_refmat,gf_sqr_batch4,12,64,4,41859,654.046875,163.51171875,profile/mve_refmat/192f.log
192f,mve_refmat,gf_sqr_batch4,13,64,4,41859,654.046875,163.51171875,profile/mve_refmat/192f.log
192f,mve_refmat,gf_sqr_batch4,14,64,4,41859,654.046875,163.51171875,profile/mve_refmat/192f.log
192f,mve_refmat,gf_sqr_batch4,15,64,4,41859,654.046875,163.51171875,profile/mve_refmat/192f.log
192f,mve_refmat,gf_sqr_batch4,16,64,4,41859,654.046875,163.51171875,profile/mve_refmat/192f.log
192f,mve_refmat,gf_sqr_batch4,17,64,4,41859,654.046875,163.51171875,profile/mve_refmat/192f.log
192f,mve_refmat,gf_sqr_batch4,18,64,4,41859,654.046875,163.51171875,profile/mve_refmat/192f.log
192f,mve_refmat,gf_sqr_batch4,19,64,4,41859,654.046875,163.51171875,profile/mve_refmat/192f.log
192f,mve_refmat,gf_sqr_batch4,20,64,4,41859,654.046875,163.51171875,profile/mve_refmat/192f.log
192f,mve_refmat,gf_sqr_batch4,21,64,4,41859,654.046875,163.51171875,profile/mve_refmat/192f.log
192f,mve_refmat,gf_sqr_batch4,22,64,4,41859,654.046875,163.51171875,profile/mve_refmat/192f.log
192f,mve_refmat,gf_sqr_batch4,23,64,4,41859,654.046875,163.51171875,profile/mve_refmat/192f.log
192f,mve_refmat,gf_sqr_batch4,24,64,4,41859,654.046875,163.51171875,profile/mve_refmat/192f.log
192f,mve_refmat,gf_sqr_batch4,25,64,4,41859,654.046875,163.51171875,profile/mve_refmat/192f.log
192f,mve_refmat,gf_sqr_batch4,26,64,4,41859,654.046875,163.51171875,profile/mve_refmat/192f.log
192f,mve_refmat,gf_sqr_batch4,27,64,4,41859,654.046875,163.51171875,profile/mve_refmat/192f.log
192f,mve_refmat,gf_sqr_batch4,28,64,4,41859,654.046875,163.51171875,profile/mve_refmat/192f.log
192f,mve_refmat,gf_sqr_batch4,29,64,4,41859,654.046875,163.51171875,profile/mve_refmat/192f.log
192f,mve_refmat,gf_sqr_batch4,30,64,4,41859,654.046875,163.51171875,profile/mve_refmat/192f.log
192f,mve_refmat,gf_frobenius_batch4_e11,0,8,4,28319,3539.875,884.96875,profile/mve_refmat/192f.log
192f,mve_refmat,gf_frobenius_batch4_e11,1,8,4,27452,3431.5,857.875,profile/mve_refmat/192f.log
192f,mve_refmat,gf_frobenius_batch4_e11,2,8,4,27452,3431.5,857.875,profile/mve_refmat/192f.log
192f,mve_refmat,gf_frobenius_batch4_e11,3,8,4,27452,3431.5,857.875,profile/mve_refmat/192f.log
192f,mve_refmat,gf_frobenius_batch4_e11,4,8,4,27452,3431.5,857.875,profile/mve_refmat/192f.log
192f,mve_refmat,gf_frobenius_batch4_e11,5,8,4,27452,3431.5,857.875,profile/mve_refmat/192f.log
192f,mve_refmat,gf_frobenius_batch4_e11,6,8,4,27452,3431.5,857.875,profile/mve_refmat/192f.log
192f,mve_refmat,gf_frobenius_batch4_e11,7,8,4,27452,3431.5,857.875,profile/mve_refmat/192f.log
192f,mve_refmat,gf_frobenius_batch4_e11,8,8,4,27452,3431.5,857.875,profile/mve_refmat/192f.log
192f,mve_refmat,gf_frobenius_batch4_e11,9,8,4,27452,3431.5,857.875,profile/mve_refmat/192f.log
192f,mve_refmat,gf_frobenius_batch4_e11,10,8,4,27452,3431.5,857.875,profile/mve_refmat/192f.log
192f,mve_refmat,gf_frobenius_batch4_e11,11,8,4,27452,3431.5,857.875,profile/mve_refmat/192f.log
192f,mve_refmat,gf_frobenius_batch4_e11,12,8,4,27452,3431.5,857.875,profile/mve_refmat/192f.log
192f,mve_refmat,gf_frobenius_batch4_e11,13,8,4,27452,3431.5,857.875,profile/mve_refmat/192f.log
192f,mve_refmat,gf_frobenius_batch4_e11,14,8,4,27452,3431.5,857.875,profile/mve_refmat/192f.log
192f,mve_refmat,gf_frobenius_batch4_e11,15,8,4,27452,3431.5,857.875,profile/mve_refmat/192f.log
192f,mve_refmat,gf_frobenius_batch4_e11,16,8,4,27452,3431.5,857.875,profile/mve_refmat/192f.log
192f,mve_refmat,gf_frobenius_batch4_e11,17,8,4,27452,3431.5,857.875,profile/mve_refmat/192f.log
192f,mve_refmat,gf_frobenius_batch4_e11,18,8,4,27452,3431.5,857.875,profile/mve_refmat/192f.log
192f,mve_refmat,gf_frobenius_batch4_e11,19,8,4,27452,3431.5,857.875,profile/mve_refmat/192f.log
192f,mve_refmat,gf_frobenius_batch4_e11,20,8,4,27452,3431.5,857.875,profile/mve_refmat/192f.log
192f,mve_refmat,gf_frobenius_batch4_e11,21,8,4,27452,3431.5,857.875,profile/mve_refmat/192f.log
192f,mve_refmat,gf_frobenius_batch4_e11,22,8,4,27452,3431.5,857.875,profile/mve_refmat/192f.log
192f,mve_refmat,gf_frobenius_batch4_e11,23,8,4,27452,3431.5,857.875,profile/mve_refmat/192f.log
192f,mve_refmat,gf_frobenius_batch4_e11,24,8,4,27452,3431.5,857.875,profile/mve_refmat/192f.log
192f,mve_refmat,gf_frobenius_batch4_e11,25,8,4,27452,3431.5,857.875,profile/mve_refmat/192f.log
192f,mve_refmat,gf_frobenius_batch4_e11,26,8,4,27452,3431.5,857.875,profile/mve_refmat/192f.log
192f,mve_refmat,gf_frobenius_batch4_e11,27,8,4,27452,3431.5,857.875,profile/mve_refmat/192f.log
192f,mve_refmat,gf_frobenius_batch4_e11,28,8,4,27452,3431.5,857.875,profile/mve_refmat/192f.log
192f,mve_refmat,gf_frobenius_batch4_e11,29,8,4,27452,3431.5,857.875,profile/mve_refmat/192f.log
192f,mve_refmat,gf_frobenius_batch4_e11,30,8,4,27452,3431.5,857.875,profile/mve_refmat/192f.log
192f,mve_refmat,gf_frobenius_batch4_e23,0,8,4,54136,6767.0,1691.75,profile/mve_refmat/192f.log
192f,mve_refmat,gf_frobenius_batch4_e23,1,8,4,54044,6755.5,1688.875,profile/mve_refmat/192f.log
192f,mve_refmat,gf_frobenius_batch4_e23,2,8,4,54044,6755.5,1688.875,profile/mve_refmat/192f.log
192f,mve_refmat,gf_frobenius_batch4_e23,3,8,4,54044,6755.5,1688.875,profile/mve_refmat/192f.log
192f,mve_refmat,gf_frobenius_batch4_e23,4,8,4,54044,6755.5,1688.875,profile/mve_refmat/192f.log
192f,mve_refmat,gf_frobenius_batch4_e23,5,8,4,54044,6755.5,1688.875,profile/mve_refmat/192f.log
192f,mve_refmat,gf_frobenius_batch4_e23,6,8,4,54044,6755.5,1688.875,profile/mve_refmat/192f.log
192f,mve_refmat,gf_frobenius_batch4_e23,7,8,4,54044,6755.5,1688.875,profile/mve_refmat/192f.log
192f,mve_refmat,gf_frobenius_batch4_e23,8,8,4,54044,6755.5,1688.875,profile/mve_refmat/192f.log
192f,mve_refmat,gf_frobenius_batch4_e23,9,8,4,54044,6755.5,1688.875,profile/mve_refmat/192f.log
192f,mve_refmat,gf_frobenius_batch4_e23,10,8,4,54044,6755.5,1688.875,profile/mve_refmat/192f.log
192f,mve_refmat,gf_frobenius_batch4_e23,11,8,4,54044,6755.5,1688.875,profile/mve_refmat/192f.log
192f,mve_refmat,gf_frobenius_batch4_e23,12,8,4,54044,6755.5,1688.875,profile/mve_refmat/192f.log
192f,mve_refmat,gf_frobenius_batch4_e23,13,8,4,54044,6755.5,1688.875,profile/mve_refmat/192f.log
192f,mve_refmat,gf_frobenius_batch4_e23,14,8,4,54044,6755.5,1688.875,profile/mve_refmat/192f.log
192f,mve_refmat,gf_frobenius_batch4_e23,15,8,4,54044,6755.5,1688.875,profile/mve_refmat/192f.log
192f,mve_refmat,gf_frobenius_batch4_e23,16,8,4,54044,6755.5,1688.875,profile/mve_refmat/192f.log
192f,mve_refmat,gf_frobenius_batch4_e23,17,8,4,54044,6755.5,1688.875,profile/mve_refmat/192f.log
192f,mve_refmat,gf_frobenius_batch4_e23,18,8,4,54044,6755.5,1688.875,profile/mve_refmat/192f.log
192f,mve_refmat,gf_frobenius_batch4_e23,19,8,4,54044,6755.5,1688.875,profile/mve_refmat/192f.log
192f,mve_refmat,gf_frobenius_batch4_e23,20,8,4,54044,6755.5,1688.875,profile/mve_refmat/192f.log
192f,mve_refmat,gf_frobenius_batch4_e23,21,8,4,54044,6755.5,1688.875,profile/mve_refmat/192f.log
192f,mve_refmat,gf_frobenius_batch4_e23,22,8,4,54044,6755.5,1688.875,profile/mve_refmat/192f.log
192f,mve_refmat,gf_frobenius_batch4_e23,23,8,4,54044,6755.5,1688.875,profile/mve_refmat/192f.log
192f,mve_refmat,gf_frobenius_batch4_e23,24,8,4,54044,6755.5,1688.875,profile/mve_refmat/192f.log
192f,mve_refmat,gf_frobenius_batch4_e23,25,8,4,54044,6755.5,1688.875,profile/mve_refmat/192f.log
192f,mve_refmat,gf_frobenius_batch4_e23,26,8,4,54044,6755.5,1688.875,profile/mve_refmat/192f.log
192f,mve_refmat,gf_frobenius_batch4_e23,27,8,4,54044,6755.5,1688.875,profile/mve_refmat/192f.log
192f,mve_refmat,gf_frobenius_batch4_e23,28,8,4,54044,6755.5,1688.875,profile/mve_refmat/192f.log
192f,mve_refmat,gf_frobenius_batch4_e23,29,8,4,54044,6755.5,1688.875,profile/mve_refmat/192f.log
192f,mve_refmat,gf_frobenius_batch4_e23,30,8,4,54044,6755.5,1688.875,profile/mve_refmat/192f.log
192f,mve_refmat,gf_frobenius_batch4_e47,0,8,4,107258,13407.25,3351.8125,profile/mve_refmat/192f.log
192f,mve_refmat,gf_frobenius_batch4_e47,1,8,4,107228,13403.5,3350.875,profile/mve_refmat/192f.log
192f,mve_refmat,gf_frobenius_batch4_e47,2,8,4,107228,13403.5,3350.875,profile/mve_refmat/192f.log
192f,mve_refmat,gf_frobenius_batch4_e47,3,8,4,107228,13403.5,3350.875,profile/mve_refmat/192f.log
192f,mve_refmat,gf_frobenius_batch4_e47,4,8,4,107228,13403.5,3350.875,profile/mve_refmat/192f.log
192f,mve_refmat,gf_frobenius_batch4_e47,5,8,4,107228,13403.5,3350.875,profile/mve_refmat/192f.log
192f,mve_refmat,gf_frobenius_batch4_e47,6,8,4,107228,13403.5,3350.875,profile/mve_refmat/192f.log
192f,mve_refmat,gf_frobenius_batch4_e47,7,8,4,107228,13403.5,3350.875,profile/mve_refmat/192f.log
192f,mve_refmat,gf_frobenius_batch4_e47,8,8,4,107228,13403.5,3350.875,profile/mve_refmat/192f.log
192f,mve_refmat,gf_frobenius_batch4_e47,9,8,4,107228,13403.5,3350.875,profile/mve_refmat/192f.log
192f,mve_refmat,gf_frobenius_batch4_e47,10,8,4,107228,13403.5,3350.875,profile/mve_refmat/192f.log
192f,mve_refmat,gf_frobenius_batch4_e47,11,8,4,107228,13403.5,3350.875,profile/mve_refmat/192f.log
192f,mve_refmat,gf_frobenius_batch4_e47,12,8,4,107228,13403.5,3350.875,profile/mve_refmat/192f.log
192f,mve_refmat,gf_frobenius_batch4_e47,13,8,4,107228,13403.5,3350.875,profile/mve_refmat/192f.log
192f,mve_refmat,gf_frobenius_batch4_e47,14,8,4,107228,13403.5,3350.875,profile/mve_refmat/192f.log
192f,mve_refmat,gf_frobenius_batch4_e47,15,8,4,107228,13403.5,3350.875,profile/mve_refmat/192f.log
192f,mve_refmat,gf_frobenius_batch4_e47,16,8,4,107228,13403.5,3350.875,profile/mve_refmat/192f.log
192f,mve_refmat,gf_frobenius_batch4_e47,17,8,4,107228,13403.5,3350.875,profile/mve_refmat/192f.log
192f,mve_refmat,gf_frobenius_batch4_e47,18,8,4,107228,13403.5,3350.875,profile/mve_refmat/192f.log
192f,mve_refmat,gf_frobenius_batch4_e47,19,8,4,107228,13403.5,3350.875,profile/mve_refmat/192f.log
192f,mve_refmat,gf_frobenius_batch4_e47,20,8,4,107228,13403.5,3350.875,profile/mve_refmat/192f.log
192f,mve_refmat,gf_frobenius_batch4_e47,21,8,4,107228,13403.5,3350.875,profile/mve_refmat/192f.log
192f,mve_refmat,gf_frobenius_batch4_e47,22,8,4,107228,13403.5,3350.875,profile/mve_refmat/192f.log
192f,mve_refmat,gf_frobenius_batch4_e47,23,8,4,107228,13403.5,3350.875,profile/mve_refmat/192f.log
192f,mve_refmat,gf_frobenius_batch4_e47,24,8,4,107228,13403.5,3350.875,profile/mve_refmat/192f.log
192f,mve_refmat,gf_frobenius_batch4_e47,25,8,4,107228,13403.5,3350.875,profile/mve_refmat/192f.log
192f,mve_refmat,gf_frobenius_batch4_e47,26,8,4,107228,13403.5,3350.875,profile/mve_refmat/192f.log
192f,mve_refmat,gf_frobenius_batch4_e47,27,8,4,107228,13403.5,3350.875,profile/mve_refmat/192f.log
192f,mve_refmat,gf_frobenius_batch4_e47,28,8,4,107228,13403.5,3350.875,profile/mve_refmat/192f.log
192f,mve_refmat,gf_frobenius_batch4_e47,29,8,4,107228,13403.5,3350.875,profile/mve_refmat/192f.log
192f,mve_refmat,gf_frobenius_batch4_e47,30,8,4,107228,13403.5,3350.875,profile/mve_refmat/192f.log
192f,mve_refmat,gf_mul_const_batch4,0,64,4,1267189,19799.828125,4949.95703125,profile/mve_refmat/192f.log
192f,mve_refmat,gf_mul_const_batch4,1,64,4,1265989,19781.078125,4945.26953125,profile/mve_refmat/192f.log
192f,mve_refmat,gf_mul_const_batch4,2,64,4,1265989,19781.078125,4945.26953125,profile/mve_refmat/192f.log
192f,mve_refmat,gf_mul_const_batch4,3,64,4,1265989,19781.078125,4945.26953125,profile/mve_refmat/192f.log
192f,mve_refmat,gf_mul_const_batch4,4,64,4,1265989,19781.078125,4945.26953125,profile/mve_refmat/192f.log
192f,mve_refmat,gf_mul_const_batch4,5,64,4,1265989,19781.078125,4945.26953125,profile/mve_refmat/192f.log
192f,mve_refmat,gf_mul_const_batch4,6,64,4,1265989,19781.078125,4945.26953125,profile/mve_refmat/192f.log
192f,mve_refmat,gf_mul_const_batch4,7,64,4,1265989,19781.078125,4945.26953125,profile/mve_refmat/192f.log
192f,mve_refmat,gf_mul_const_batch4,8,64,4,1265989,19781.078125,4945.26953125,profile/mve_refmat/192f.log
192f,mve_refmat,gf_mul_const_batch4,9,64,4,1265990,19781.09375,4945.2734375,profile/mve_refmat/192f.log
192f,mve_refmat,gf_mul_const_batch4,10,64,4,1265989,19781.078125,4945.26953125,profile/mve_refmat/192f.log
192f,mve_refmat,gf_mul_const_batch4,11,64,4,1265989,19781.078125,4945.26953125,profile/mve_refmat/192f.log
192f,mve_refmat,gf_mul_const_batch4,12,64,4,1265989,19781.078125,4945.26953125,profile/mve_refmat/192f.log
192f,mve_refmat,gf_mul_const_batch4,13,64,4,1265989,19781.078125,4945.26953125,profile/mve_refmat/192f.log
192f,mve_refmat,gf_mul_const_batch4,14,64,4,1265989,19781.078125,4945.26953125,profile/mve_refmat/192f.log
192f,mve_refmat,gf_mul_const_batch4,15,64,4,1265989,19781.078125,4945.26953125,profile/mve_refmat/192f.log
192f,mve_refmat,gf_mul_const_batch4,16,64,4,1265989,19781.078125,4945.26953125,profile/mve_refmat/192f.log
192f,mve_refmat,gf_mul_const_batch4,17,64,4,1265989,19781.078125,4945.26953125,profile/mve_refmat/192f.log
192f,mve_refmat,gf_mul_const_batch4,18,64,4,1265989,19781.078125,4945.26953125,profile/mve_refmat/192f.log
192f,mve_refmat,gf_mul_const_batch4,19,64,4,1265989,19781.078125,4945.26953125,profile/mve_refmat/192f.log
192f,mve_refmat,gf_mul_const_batch4,20,64,4,1265989,19781.078125,4945.26953125,profile/mve_refmat/192f.log
192f,mve_refmat,gf_mul_const_batch4,21,64,4,1265989,19781.078125,4945.26953125,profile/mve_refmat/192f.log
192f,mve_refmat,gf_mul_const_batch4,22,64,4,1265989,19781.078125,4945.26953125,profile/mve_refmat/192f.log
192f,mve_refmat,gf_mul_const_batch4,23,64,4,1265989,19781.078125,4945.26953125,profile/mve_refmat/192f.log
192f,mve_refmat,gf_mul_const_batch4,24,64,4,1265989,19781.078125,4945.26953125,profile/mve_refmat/192f.log
192f,mve_refmat,gf_mul_const_batch4,25,64,4,1265989,19781.078125,4945.26953125,profile/mve_refmat/192f.log
192f,mve_refmat,gf_mul_const_batch4,26,64,4,1265989,19781.078125,4945.26953125,profile/mve_refmat/192f.log
192f,mve_refmat,gf_mul_const_batch4,27,64,4,1265989,19781.078125,4945.26953125,profile/mve_refmat/192f.log
192f,mve_refmat,gf_mul_const_batch4,28,64,4,1265989,19781.078125,4945.26953125,profile/mve_refmat/192f.log
192f,mve_refmat,gf_mul_const_batch4,29,64,4,1265989,19781.078125,4945.26953125,profile/mve_refmat/192f.log
192f,mve_refmat,gf_mul_const_batch4,30,64,4,1265989,19781.078125,4945.26953125,profile/mve_refmat/192f.log
192f,mve_refmat,aim3_mpc_batch4,0,8,4,1098541,137317.625,34329.40625,profile/mve_refmat/192f.log
192f,mve_refmat,aim3_mpc_batch4,1,8,4,1096912,137114.0,34278.5,profile/mve_refmat/192f.log
192f,mve_refmat,aim3_mpc_batch4,2,8,4,1096911,137113.875,34278.46875,profile/mve_refmat/192f.log
192f,mve_refmat,aim3_mpc_batch4,3,8,4,1096911,137113.875,34278.46875,profile/mve_refmat/192f.log
192f,mve_refmat,aim3_mpc_batch4,4,8,4,1096911,137113.875,34278.46875,profile/mve_refmat/192f.log
192f,mve_refmat,aim3_mpc_batch4,5,8,4,1096911,137113.875,34278.46875,profile/mve_refmat/192f.log
192f,mve_refmat,aim3_mpc_batch4,6,8,4,1096911,137113.875,34278.46875,profile/mve_refmat/192f.log
192f,mve_refmat,aim3_mpc_batch4,7,8,4,1096911,137113.875,34278.46875,profile/mve_refmat/192f.log
192f,mve_refmat,aim3_mpc_batch4,8,8,4,1096911,137113.875,34278.46875,profile/mve_refmat/192f.log
192f,mve_refmat,aim3_mpc_batch4,9,8,4,1096911,137113.875,34278.46875,profile/mve_refmat/192f.log
192f,mve_refmat,aim3_mpc_batch4,10,8,4,1096911,137113.875,34278.46875,profile/mve_refmat/192f.log
192f,mve_refmat,aim3_mpc_batch4,11,8,4,1096911,137113.875,34278.46875,profile/mve_refmat/192f.log
192f,mve_refmat,aim3_mpc_batch4,12,8,4,1096911,137113.875,34278.46875,profile/mve_refmat/192f.log
192f,mve_refmat,aim3_mpc_batch4,13,8,4,1096911,137113.875,34278.46875,profile/mve_refmat/192f.log
192f,mve_refmat,aim3_mpc_batch4,14,8,4,1096912,137114.0,34278.5,profile/mve_refmat/192f.log
192f,mve_refmat,aim3_mpc_batch4,15,8,4,1096912,137114.0,34278.5,profile/mve_refmat/192f.log
192f,mve_refmat,aim3_mpc_batch4,16,8,4,1096911,137113.875,34278.46875,profile/mve_refmat/192f.log
192f,mve_refmat,aim3_mpc_batch4,17,8,4,1096911,137113.875,34278.46875,profile/mve_refmat/192f.log
192f,mve_refmat,aim3_mpc_batch4,18,8,4,1096911,137113.875,34278.46875,profile/mve_refmat/192f.log
192f,mve_refmat,aim3_mpc_batch4,19,8,4,1096911,137113.875,34278.46875,profile/mve_refmat/192f.log
192f,mve_refmat,aim3_mpc_batch4,20,8,4,1096911,137113.875,34278.46875,profile/mve_refmat/192f.log
192f,mve_refmat,aim3_mpc_batch4,21,8,4,1096911,137113.875,34278.46875,profile/mve_refmat/192f.log
192f,mve_refmat,aim3_mpc_batch4,22,8,4,1096911,137113.875,34278.46875,profile/mve_refmat/192f.log
192f,mve_refmat,aim3_mpc_batch4,23,8,4,1096911,137113.875,34278.46875,profile/mve_refmat/192f.log
192f,mve_refmat,aim3_mpc_batch4,24,8,4,1096911,137113.875,34278.46875,profile/mve_refmat/192f.log
192f,mve_refmat,aim3_mpc_batch4,25,8,4,1096911,137113.875,34278.46875,profile/mve_refmat/192f.log
192f,mve_refmat,aim3_mpc_batch4,26,8,4,1096911,137113.875,34278.46875,profile/mve_refmat/192f.log
192f,mve_refmat,aim3_mpc_batch4,27,8,4,1096911,137113.875,34278.46875,profile/mve_refmat/192f.log
192f,mve_refmat,aim3_mpc_batch4,28,8,4,1096911,137113.875,34278.46875,profile/mve_refmat/192f.log
192f,mve_refmat,aim3_mpc_batch4,29,8,4,1096911,137113.875,34278.46875,profile/mve_refmat/192f.log
192f,mve_refmat,aim3_mpc_batch4,30,8,4,1096911,137113.875,34278.46875,profile/mve_refmat/192f.log
192f,mve_refmat,aim3_mpc_batch4_affine,0,8,4,904634,113079.25,28269.8125,profile/mve_refmat/192f.log
192f,mve_refmat,aim3_mpc_batch4_affine,1,8,4,903618,112952.25,28238.0625,profile/mve_refmat/192f.log
192f,mve_refmat,aim3_mpc_batch4_affine,2,8,4,903617,112952.125,28238.03125,profile/mve_refmat/192f.log
192f,mve_refmat,aim3_mpc_batch4_affine,3,8,4,903617,112952.125,28238.03125,profile/mve_refmat/192f.log
192f,mve_refmat,aim3_mpc_batch4_affine,4,8,4,903617,112952.125,28238.03125,profile/mve_refmat/192f.log
192f,mve_refmat,aim3_mpc_batch4_affine,5,8,4,903617,112952.125,28238.03125,profile/mve_refmat/192f.log
192f,mve_refmat,aim3_mpc_batch4_affine,6,8,4,903617,112952.125,28238.03125,profile/mve_refmat/192f.log
192f,mve_refmat,aim3_mpc_batch4_affine,7,8,4,903617,112952.125,28238.03125,profile/mve_refmat/192f.log
192f,mve_refmat,aim3_mpc_batch4_affine,8,8,4,903617,112952.125,28238.03125,profile/mve_refmat/192f.log
192f,mve_refmat,aim3_mpc_batch4_affine,9,8,4,903617,112952.125,28238.03125,profile/mve_refmat/192f.log
192f,mve_refmat,aim3_mpc_batch4_affine,10,8,4,903617,112952.125,28238.03125,profile/mve_refmat/192f.log
192f,mve_refmat,aim3_mpc_batch4_affine,11,8,4,903617,112952.125,28238.03125,profile/mve_refmat/192f.log
192f,mve_refmat,aim3_mpc_batch4_affine,12,8,4,903617,112952.125,28238.03125,profile/mve_refmat/192f.log
192f,mve_refmat,aim3_mpc_batch4_affine,13,8,4,903617,112952.125,28238.03125,profile/mve_refmat/192f.log
192f,mve_refmat,aim3_mpc_batch4_affine,14,8,4,903618,112952.25,28238.0625,profile/mve_refmat/192f.log
192f,mve_refmat,aim3_mpc_batch4_affine,15,8,4,903618,112952.25,28238.0625,profile/mve_refmat/192f.log
192f,mve_refmat,aim3_mpc_batch4_affine,16,8,4,903617,112952.125,28238.03125,profile/mve_refmat/192f.log
192f,mve_refmat,aim3_mpc_batch4_affine,17,8,4,903617,112952.125,28238.03125,profile/mve_refmat/192f.log
192f,mve_refmat,aim3_mpc_batch4_affine,18,8,4,903617,112952.125,28238.03125,profile/mve_refmat/192f.log
192f,mve_refmat,aim3_mpc_batch4_affine,19,8,4,903617,112952.125,28238.03125,profile/mve_refmat/192f.log
192f,mve_refmat,aim3_mpc_batch4_affine,20,8,4,903617,112952.125,28238.03125,profile/mve_refmat/192f.log
192f,mve_refmat,aim3_mpc_batch4_affine,21,8,4,903617,112952.125,28238.03125,profile/mve_refmat/192f.log
192f,mve_refmat,aim3_mpc_batch4_affine,22,8,4,903617,112952.125,28238.03125,profile/mve_refmat/192f.log
192f,mve_refmat,aim3_mpc_batch4_affine,23,8,4,903617,112952.125,28238.03125,profile/mve_refmat/192f.log
192f,mve_refmat,aim3_mpc_batch4_affine,24,8,4,903617,112952.125,28238.03125,profile/mve_refmat/192f.log
192f,mve_refmat,aim3_mpc_batch4_affine,25,8,4,903617,112952.125,28238.03125,profile/mve_refmat/192f.log
192f,mve_refmat,aim3_mpc_batch4_affine,26,8,4,903617,112952.125,28238.03125,profile/mve_refmat/192f.log
192f,mve_refmat,aim3_mpc_batch4_affine,27,8,4,903617,112952.125,28238.03125,profile/mve_refmat/192f.log
192f,mve_refmat,aim3_mpc_batch4_affine,28,8,4,903617,112952.125,28238.03125,profile/mve_refmat/192f.log
192f,mve_refmat,aim3_mpc_batch4_affine,29,8,4,903617,112952.125,28238.03125,profile/mve_refmat/192f.log
192f,mve_refmat,aim3_mpc_batch4_affine,30,8,4,903617,112952.125,28238.03125,profile/mve_refmat/192f.log
192f,mve_refmat,aim3_mpc_batch4_frobenius,0,8,4,193133,24141.625,6035.40625,profile/mve_refmat/192f.log
192f,mve_refmat,aim3_mpc_batch4_frobenius,1,8,4,192752,24094.0,6023.5,profile/mve_refmat/192f.log
192f,mve_refmat,aim3_mpc_batch4_frobenius,2,8,4,192752,24094.0,6023.5,profile/mve_refmat/192f.log
192f,mve_refmat,aim3_mpc_batch4_frobenius,3,8,4,192752,24094.0,6023.5,profile/mve_refmat/192f.log
192f,mve_refmat,aim3_mpc_batch4_frobenius,4,8,4,192752,24094.0,6023.5,profile/mve_refmat/192f.log
192f,mve_refmat,aim3_mpc_batch4_frobenius,5,8,4,192752,24094.0,6023.5,profile/mve_refmat/192f.log
192f,mve_refmat,aim3_mpc_batch4_frobenius,6,8,4,192752,24094.0,6023.5,profile/mve_refmat/192f.log
192f,mve_refmat,aim3_mpc_batch4_frobenius,7,8,4,192752,24094.0,6023.5,profile/mve_refmat/192f.log
192f,mve_refmat,aim3_mpc_batch4_frobenius,8,8,4,192752,24094.0,6023.5,profile/mve_refmat/192f.log
192f,mve_refmat,aim3_mpc_batch4_frobenius,9,8,4,192752,24094.0,6023.5,profile/mve_refmat/192f.log
192f,mve_refmat,aim3_mpc_batch4_frobenius,10,8,4,192752,24094.0,6023.5,profile/mve_refmat/192f.log
192f,mve_refmat,aim3_mpc_batch4_frobenius,11,8,4,192752,24094.0,6023.5,profile/mve_refmat/192f.log
192f,mve_refmat,aim3_mpc_batch4_frobenius,12,8,4,192752,24094.0,6023.5,profile/mve_refmat/192f.log
192f,mve_refmat,aim3_mpc_batch4_frobenius,13,8,4,192752,24094.0,6023.5,profile/mve_refmat/192f.log
192f,mve_refmat,aim3_mpc_batch4_frobenius,14,8,4,192752,24094.0,6023.5,profile/mve_refmat/192f.log
192f,mve_refmat,aim3_mpc_batch4_frobenius,15,8,4,192752,24094.0,6023.5,profile/mve_refmat/192f.log
192f,mve_refmat,aim3_mpc_batch4_frobenius,16,8,4,192752,24094.0,6023.5,profile/mve_refmat/192f.log
192f,mve_refmat,aim3_mpc_batch4_frobenius,17,8,4,192752,24094.0,6023.5,profile/mve_refmat/192f.log
192f,mve_refmat,aim3_mpc_batch4_frobenius,18,8,4,192752,24094.0,6023.5,profile/mve_refmat/192f.log
192f,mve_refmat,aim3_mpc_batch4_frobenius,19,8,4,192752,24094.0,6023.5,profile/mve_refmat/192f.log
192f,mve_refmat,aim3_mpc_batch4_frobenius,20,8,4,192752,24094.0,6023.5,profile/mve_refmat/192f.log
192f,mve_refmat,aim3_mpc_batch4_frobenius,21,8,4,192752,24094.0,6023.5,profile/mve_refmat/192f.log
192f,mve_refmat,aim3_mpc_batch4_frobenius,22,8,4,192752,24094.0,6023.5,profile/mve_refmat/192f.log
192f,mve_refmat,aim3_mpc_batch4_frobenius,23,8,4,192752,24094.0,6023.5,profile/mve_refmat/192f.log
192f,mve_refmat,aim3_mpc_batch4_frobenius,24,8,4,192752,24094.0,6023.5,profile/mve_refmat/192f.log
192f,mve_refmat,aim3_mpc_batch4_frobenius,25,8,4,192752,24094.0,6023.5,profile/mve_refmat/192f.log
192f,mve_refmat,aim3_mpc_batch4_frobenius,26,8,4,192752,24094.0,6023.5,profile/mve_refmat/192f.log
192f,mve_refmat,aim3_mpc_batch4_frobenius,27,8,4,192752,24094.0,6023.5,profile/mve_refmat/192f.log
192f,mve_refmat,aim3_mpc_batch4_frobenius,28,8,4,192752,24094.0,6023.5,profile/mve_refmat/192f.log
192f,mve_refmat,aim3_mpc_batch4_frobenius,29,8,4,192752,24094.0,6023.5,profile/mve_refmat/192f.log
192f,mve_refmat,aim3_mpc_batch4_frobenius,30,8,4,192752,24094.0,6023.5,profile/mve_refmat/192f.log
192f,mve_refmat,aim3_mpc_scalar,0,8,1,488085,61010.625,61010.625,profile/mve_refmat/192f.log
192f,mve_refmat,aim3_mpc_scalar,1,8,1,486997,60874.625,60874.625,profile/mve_refmat/192f.log
192f,mve_refmat,aim3_mpc_scalar,2,8,1,487000,60875.0,60875.0,profile/mve_refmat/192f.log
192f,mve_refmat,aim3_mpc_scalar,3,8,1,486999,60874.875,60874.875,profile/mve_refmat/192f.log
192f,mve_refmat,aim3_mpc_scalar,4,8,1,486999,60874.875,60874.875,profile/mve_refmat/192f.log
192f,mve_refmat,aim3_mpc_scalar,5,8,1,487000,60875.0,60875.0,profile/mve_refmat/192f.log
192f,mve_refmat,aim3_mpc_scalar,6,8,1,486999,60874.875,60874.875,profile/mve_refmat/192f.log
192f,mve_refmat,aim3_mpc_scalar,7,8,1,486999,60874.875,60874.875,profile/mve_refmat/192f.log
192f,mve_refmat,aim3_mpc_scalar,8,8,1,487000,60875.0,60875.0,profile/mve_refmat/192f.log
192f,mve_refmat,aim3_mpc_scalar,9,8,1,486999,60874.875,60874.875,profile/mve_refmat/192f.log
192f,mve_refmat,aim3_mpc_scalar,10,8,1,486999,60874.875,60874.875,profile/mve_refmat/192f.log
192f,mve_refmat,aim3_mpc_scalar,11,8,1,487000,60875.0,60875.0,profile/mve_refmat/192f.log
192f,mve_refmat,aim3_mpc_scalar,12,8,1,486999,60874.875,60874.875,profile/mve_refmat/192f.log
192f,mve_refmat,aim3_mpc_scalar,13,8,1,486999,60874.875,60874.875,profile/mve_refmat/192f.log
192f,mve_refmat,aim3_mpc_scalar,14,8,1,487000,60875.0,60875.0,profile/mve_refmat/192f.log
192f,mve_refmat,aim3_mpc_scalar,15,8,1,486999,60874.875,60874.875,profile/mve_refmat/192f.log
192f,mve_refmat,aim3_mpc_scalar,16,8,1,486999,60874.875,60874.875,profile/mve_refmat/192f.log
192f,mve_refmat,aim3_mpc_scalar,17,8,1,487000,60875.0,60875.0,profile/mve_refmat/192f.log
192f,mve_refmat,aim3_mpc_scalar,18,8,1,486999,60874.875,60874.875,profile/mve_refmat/192f.log
192f,mve_refmat,aim3_mpc_scalar,19,8,1,486999,60874.875,60874.875,profile/mve_refmat/192f.log
192f,mve_refmat,aim3_mpc_scalar,20,8,1,487000,60875.0,60875.0,profile/mve_refmat/192f.log
192f,mve_refmat,aim3_mpc_scalar,21,8,1,486999,60874.875,60874.875,profile/mve_refmat/192f.log
192f,mve_refmat,aim3_mpc_scalar,22,8,1,486999,60874.875,60874.875,profile/mve_refmat/192f.log
192f,mve_refmat,aim3_mpc_scalar,23,8,1,487000,60875.0,60875.0,profile/mve_refmat/192f.log
192f,mve_refmat,aim3_mpc_scalar,24,8,1,486999,60874.875,60874.875,profile/mve_refmat/192f.log
192f,mve_refmat,aim3_mpc_scalar,25,8,1,486999,60874.875,60874.875,profile/mve_refmat/192f.log
192f,mve_refmat,aim3_mpc_scalar,26,8,1,487000,60875.0,60875.0,profile/mve_refmat/192f.log
192f,mve_refmat,aim3_mpc_scalar,27,8,1,486999,60874.875,60874.875,profile/mve_refmat/192f.log
192f,mve_refmat,aim3_mpc_scalar,28,8,1,487000,60875.0,60875.0,profile/mve_refmat/192f.log
192f,mve_refmat,aim3_mpc_scalar,29,8,1,486998,60874.75,60874.75,profile/mve_refmat/192f.log
192f,mve_refmat,aim3_mpc_scalar,30,8,1,486999,60874.875,60874.875,profile/mve_refmat/192f.log
192s,mve_refmat,gf_mul,0,64,1,91995,1437.421875,1437.421875,profile/mve_refmat/192s.log
192s,mve_refmat,gf_mul,1,64,1,91014,1422.09375,1422.09375,profile/mve_refmat/192s.log
192s,mve_refmat,gf_mul,2,64,1,91014,1422.09375,1422.09375,profile/mve_refmat/192s.log
192s,mve_refmat,gf_mul,3,64,1,91014,1422.09375,1422.09375,profile/mve_refmat/192s.log
192s,mve_refmat,gf_mul,4,64,1,91014,1422.09375,1422.09375,profile/mve_refmat/192s.log
192s,mve_refmat,gf_mul,5,64,1,91014,1422.09375,1422.09375,profile/mve_refmat/192s.log
192s,mve_refmat,gf_mul,6,64,1,91014,1422.09375,1422.09375,profile/mve_refmat/192s.log
192s,mve_refmat,gf_mul,7,64,1,91014,1422.09375,1422.09375,profile/mve_refmat/192s.log
192s,mve_refmat,gf_mul,8,64,1,91014,1422.09375,1422.09375,profile/mve_refmat/192s.log
192s,mve_refmat,gf_mul,9,64,1,91014,1422.09375,1422.09375,profile/mve_refmat/192s.log
192s,mve_refmat,gf_mul,10,64,1,91014,1422.09375,1422.09375,profile/mve_refmat/192s.log
192s,mve_refmat,gf_mul,11,64,1,91014,1422.09375,1422.09375,profile/mve_refmat/192s.log
192s,mve_refmat,gf_mul,12,64,1,91014,1422.09375,1422.09375,profile/mve_refmat/192s.log
192s,mve_refmat,gf_mul,13,64,1,91014,1422.09375,1422.09375,profile/mve_refmat/192s.log
192s,mve_refmat,gf_mul,14,64,1,91014,1422.09375,1422.09375,profile/mve_refmat/192s.log
192s,mve_refmat,gf_mul,15,64,1,91014,1422.09375,1422.09375,profile/mve_refmat/192s.log
192s,mve_refmat,gf_mul,16,64,1,91014,1422.09375,1422.09375,profile/mve_refmat/192s.log
192s,mve_refmat,gf_mul,17,64,1,91014,1422.09375,1422.09375,profile/mve_refmat/192s.log
192s,mve_refmat,gf_mul,18,64,1,91014,1422.09375,1422.09375,profile/mve_refmat/192s.log
192s,mve_refmat,gf_mul,19,64,1,91014,1422.09375,1422.09375,profile/mve_refmat/192s.log
192s,mve_refmat,gf_mul,20,64,1,91014,1422.09375,1422.09375,profile/mve_refmat/192s.log
192s,mve_refmat,gf_mul,21,64,1,91014,1422.09375,1422.09375,profile/mve_refmat/192s.log
192s,mve_refmat,gf_mul,22,64,1,91014,1422.09375,1422.09375,profile/mve_refmat/192s.log
192s,mve_refmat,gf_mul,23,64,1,91014,1422.09375,1422.09375,profile/mve_refmat/192s.log
192s,mve_refmat,gf_mul,24,64,1,91014,1422.09375,1422.09375,profile/mve_refmat/192s.log
192s,mve_refmat,gf_mul,25,64,1,91014,1422.09375,1422.09375,profile/mve_refmat/192s.log
192s,mve_refmat,gf_mul,26,64,1,91014,1422.09375,1422.09375,profile/mve_refmat/192s.log
192s,mve_refmat,gf_mul,27,64,1,91014,1422.09375,1422.09375,profile/mve_refmat/192s.log
192s,mve_refmat,gf_mul,28,64,1,91014,1422.09375,1422.09375,profile/mve_refmat/192s.log
192s,mve_refmat,gf_mul,29,64,1,91014,1422.09375,1422.09375,profile/mve_refmat/192s.log
192s,mve_refmat,gf_mul,30,64,1,91014,1422.09375,1422.09375,profile/mve_refmat/192s.log
192s,mve_refmat,gf_sqr,0,64,1,26820,419.0625,419.0625,profile/mve_refmat/192s.log
192s,mve_refmat,gf_sqr,1,64,1,25860,404.0625,404.0625,profile/mve_refmat/192s.log
192s,mve_refmat,gf_sqr,2,64,1,25860,404.0625,404.0625,profile/mve_refmat/192s.log
192s,mve_refmat,gf_sqr,3,64,1,25860,404.0625,404.0625,profile/mve_refmat/192s.log
192s,mve_refmat,gf_sqr,4,64,1,25860,404.0625,404.0625,profile/mve_refmat/192s.log
192s,mve_refmat,gf_sqr,5,64,1,25860,404.0625,404.0625,profile/mve_refmat/192s.log
192s,mve_refmat,gf_sqr,6,64,1,25860,404.0625,404.0625,profile/mve_refmat/192s.log
192s,mve_refmat,gf_sqr,7,64,1,25860,404.0625,404.0625,profile/mve_refmat/192s.log
192s,mve_refmat,gf_sqr,8,64,1,25860,404.0625,404.0625,profile/mve_refmat/192s.log
192s,mve_refmat,gf_sqr,9,64,1,25860,404.0625,404.0625,profile/mve_refmat/192s.log
192s,mve_refmat,gf_sqr,10,64,1,25860,404.0625,404.0625,profile/mve_refmat/192s.log
192s,mve_refmat,gf_sqr,11,64,1,25860,404.0625,404.0625,profile/mve_refmat/192s.log
192s,mve_refmat,gf_sqr,12,64,1,25860,404.0625,404.0625,profile/mve_refmat/192s.log
192s,mve_refmat,gf_sqr,13,64,1,25860,404.0625,404.0625,profile/mve_refmat/192s.log
192s,mve_refmat,gf_sqr,14,64,1,25860,404.0625,404.0625,profile/mve_refmat/192s.log
192s,mve_refmat,gf_sqr,15,64,1,25860,404.0625,404.0625,profile/mve_refmat/192s.log
192s,mve_refmat,gf_sqr,16,64,1,25860,404.0625,404.0625,profile/mve_refmat/192s.log
192s,mve_refmat,gf_sqr,17,64,1,25860,404.0625,404.0625,profile/mve_refmat/192s.log
192s,mve_refmat,gf_sqr,18,64,1,25860,404.0625,404.0625,profile/mve_refmat/192s.log
192s,mve_refmat,gf_sqr,19,64,1,25860,404.0625,404.0625,profile/mve_refmat/192s.log
192s,mve_refmat,gf_sqr,20,64,1,25860,404.0625,404.0625,profile/mve_refmat/192s.log
192s,mve_refmat,gf_sqr,21,64,1,25860,404.0625,404.0625,profile/mve_refmat/192s.log
192s,mve_refmat,gf_sqr,22,64,1,25860,404.0625,404.0625,profile/mve_refmat/192s.log
192s,mve_refmat,gf_sqr,23,64,1,25860,404.0625,404.0625,profile/mve_refmat/192s.log
192s,mve_refmat,gf_sqr,24,64,1,25860,404.0625,404.0625,profile/mve_refmat/192s.log
192s,mve_refmat,gf_sqr,25,64,1,25860,404.0625,404.0625,profile/mve_refmat/192s.log
192s,mve_refmat,gf_sqr,26,64,1,25860,404.0625,404.0625,profile/mve_refmat/192s.log
192s,mve_refmat,gf_sqr,27,64,1,25860,404.0625,404.0625,profile/mve_refmat/192s.log
192s,mve_refmat,gf_sqr,28,64,1,25860,404.0625,404.0625,profile/mve_refmat/192s.log
192s,mve_refmat,gf_sqr,29,64,1,25860,404.0625,404.0625,profile/mve_refmat/192s.log
192s,mve_refmat,gf_sqr,30,64,1,25860,404.0625,404.0625,profile/mve_refmat/192s.log
192s,mve_refmat,gf_inv,0,8,1,2785999,348249.875,348249.875,profile/mve_refmat/192s.log
192s,mve_refmat,gf_inv,1,8,1,2785814,348226.75,348226.75,profile/mve_refmat/192s.log
192s,mve_refmat,gf_inv,2,8,1,2785814,348226.75,348226.75,profile/mve_refmat/192s.log
192s,mve_refmat,gf_inv,3,8,1,2785814,348226.75,348226.75,profile/mve_refmat/192s.log
192s,mve_refmat,gf_inv,4,8,1,2785814,348226.75,348226.75,profile/mve_refmat/192s.log
192s,mve_refmat,gf_inv,5,8,1,2785814,348226.75,348226.75,profile/mve_refmat/192s.log
192s,mve_refmat,gf_inv,6,8,1,2785814,348226.75,348226.75,profile/mve_refmat/192s.log
192s,mve_refmat,gf_inv,7,8,1,2785815,348226.875,348226.875,profile/mve_refmat/192s.log
192s,mve_refmat,gf_inv,8,8,1,2785814,348226.75,348226.75,profile/mve_refmat/192s.log
192s,mve_refmat,gf_inv,9,8,1,2785814,348226.75,348226.75,profile/mve_refmat/192s.log
192s,mve_refmat,gf_inv,10,8,1,2785814,348226.75,348226.75,profile/mve_refmat/192s.log
192s,mve_refmat,gf_inv,11,8,1,2785814,348226.75,348226.75,profile/mve_refmat/192s.log
192s,mve_refmat,gf_inv,12,8,1,2785814,348226.75,348226.75,profile/mve_refmat/192s.log
192s,mve_refmat,gf_inv,13,8,1,2785814,348226.75,348226.75,profile/mve_refmat/192s.log
192s,mve_refmat,gf_inv,14,8,1,2785814,348226.75,348226.75,profile/mve_refmat/192s.log
192s,mve_refmat,gf_inv,15,8,1,2785814,348226.75,348226.75,profile/mve_refmat/192s.log
192s,mve_refmat,gf_inv,16,8,1,2785814,348226.75,348226.75,profile/mve_refmat/192s.log
192s,mve_refmat,gf_inv,17,8,1,2785814,348226.75,348226.75,profile/mve_refmat/192s.log
192s,mve_refmat,gf_inv,18,8,1,2785814,348226.75,348226.75,profile/mve_refmat/192s.log
192s,mve_refmat,gf_inv,19,8,1,2785814,348226.75,348226.75,profile/mve_refmat/192s.log
192s,mve_refmat,gf_inv,20,8,1,2785814,348226.75,348226.75,profile/mve_refmat/192s.log
192s,mve_refmat,gf_inv,21,8,1,2785814,348226.75,348226.75,profile/mve_refmat/192s.log
192s,mve_refmat,gf_inv,22,8,1,2785814,348226.75,348226.75,profile/mve_refmat/192s.log
192s,mve_refmat,gf_inv,23,8,1,2785814,348226.75,348226.75,profile/mve_refmat/192s.log
192s,mve_refmat,gf_inv,24,8,1,2785814,348226.75,348226.75,profile/mve_refmat/192s.log
192s,mve_refmat,gf_inv,25,8,1,2785814,348226.75,348226.75,profile/mve_refmat/192s.log
192s,mve_refmat,gf_inv,26,8,1,2785814,348226.75,348226.75,profile/mve_refmat/192s.log
192s,mve_refmat,gf_inv,27,8,1,2785814,348226.75,348226.75,profile/mve_refmat/192s.log
192s,mve_refmat,gf_inv,28,8,1,2785814,348226.75,348226.75,profile/mve_refmat/192s.log
192s,mve_refmat,gf_inv,29,8,1,2785815,348226.875,348226.875,profile/mve_refmat/192s.log
192s,mve_refmat,gf_inv,30,8,1,2785814,348226.75,348226.75,profile/mve_refmat/192s.log
192s,mve_refmat,gf_mat_vec_mul,0,64,1,447451,6991.421875,6991.421875,profile/mve_refmat/192s.log
192s,mve_refmat,gf_mat_vec_mul,1,64,1,446920,6983.125,6983.125,profile/mve_refmat/192s.log
192s,mve_refmat,gf_mat_vec_mul,2,64,1,446920,6983.125,6983.125,profile/mve_refmat/192s.log
192s,mve_refmat,gf_mat_vec_mul,3,64,1,446920,6983.125,6983.125,profile/mve_refmat/192s.log
192s,mve_refmat,gf_mat_vec_mul,4,64,1,446920,6983.125,6983.125,profile/mve_refmat/192s.log
192s,mve_refmat,gf_mat_vec_mul,5,64,1,446920,6983.125,6983.125,profile/mve_refmat/192s.log
192s,mve_refmat,gf_mat_vec_mul,6,64,1,446920,6983.125,6983.125,profile/mve_refmat/192s.log
192s,mve_refmat,gf_mat_vec_mul,7,64,1,446920,6983.125,6983.125,profile/mve_refmat/192s.log
192s,mve_refmat,gf_mat_vec_mul,8,64,1,446920,6983.125,6983.125,profile/mve_refmat/192s.log
192s,mve_refmat,gf_mat_vec_mul,9,64,1,446920,6983.125,6983.125,profile/mve_refmat/192s.log
192s,mve_refmat,gf_mat_vec_mul,10,64,1,446920,6983.125,6983.125,profile/mve_refmat/192s.log
192s,mve_refmat,gf_mat_vec_mul,11,64,1,446920,6983.125,6983.125,profile/mve_refmat/192s.log
192s,mve_refmat,gf_mat_vec_mul,12,64,1,446920,6983.125,6983.125,profile/mve_refmat/192s.log
192s,mve_refmat,gf_mat_vec_mul,13,64,1,446920,6983.125,6983.125,profile/mve_refmat/192s.log
192s,mve_refmat,gf_mat_vec_mul,14,64,1,446920,6983.125,6983.125,profile/mve_refmat/192s.log
192s,mve_refmat,gf_mat_vec_mul,15,64,1,446920,6983.125,6983.125,profile/mve_refmat/192s.log
192s,mve_refmat,gf_mat_vec_mul,16,64,1,446920,6983.125,6983.125,profile/mve_refmat/192s.log
192s,mve_refmat,gf_mat_vec_mul,17,64,1,446920,6983.125,6983.125,profile/mve_refmat/192s.log
192s,mve_refmat,gf_mat_vec_mul,18,64,1,446920,6983.125,6983.125,profile/mve_refmat/192s.log
192s,mve_refmat,gf_mat_vec_mul,19,64,1,446920,6983.125,6983.125,profile/mve_refmat/192s.log
192s,mve_refmat,gf_mat_vec_mul,20,64,1,446920,6983.125,6983.125,profile/mve_refmat/192s.log
192s,mve_refmat,gf_mat_vec_mul,21,64,1,446920,6983.125,6983.125,profile/mve_refmat/192s.log
192s,mve_refmat,gf_mat_vec_mul,22,64,1,446920,6983.125,6983.125,profile/mve_refmat/192s.log
192s,mve_refmat,gf_mat_vec_mul,23,64,1,446920,6983.125,6983.125,profile/mve_refmat/192s.log
192s,mve_refmat,gf_mat_vec_mul,24,64,1,446920,6983.125,6983.125,profile/mve_refmat/192s.log
192s,mve_refmat,gf_mat_vec_mul,25,64,1,446920,6983.125,6983.125,profile/mve_refmat/192s.log
192s,mve_refmat,gf_mat_vec_mul,26,64,1,446920,6983.125,6983.125,profile/mve_refmat/192s.log
192s,mve_refmat,gf_mat_vec_mul,27,64,1,446920,6983.125,6983.125,profile/mve_refmat/192s.log
192s,mve_refmat,gf_mat_vec_mul,28,64,1,446920,6983.125,6983.125,profile/mve_refmat/192s.log
192s,mve_refmat,gf_mat_vec_mul,29,64,1,446920,6983.125,6983.125,profile/mve_refmat/192s.log
192s,mve_refmat,gf_mat_vec_mul,30,64,1,446920,6983.125,6983.125,profile/mve_refmat/192s.log
192s,mve_refmat,gf_mat_vec_mul_add,0,64,1,448900,7014.0625,7014.0625,profile/mve_refmat/192s.log
192s,mve_refmat,gf_mat_vec_mul_add,1,64,1,448790,7012.34375,7012.34375,profile/mve_refmat/192s.log
192s,mve_refmat,gf_mat_vec_mul_add,2,64,1,448790,7012.34375,7012.34375,profile/mve_refmat/192s.log
192s,mve_refmat,gf_mat_vec_mul_add,3,64,1,448790,7012.34375,7012.34375,profile/mve_refmat/192s.log
192s,mve_refmat,gf_mat_vec_mul_add,4,64,1,448806,7012.59375,7012.59375,profile/mve_refmat/192s.log
192s,mve_refmat,gf_mat_vec_mul_add,5,64,1,448806,7012.59375,7012.59375,profile/mve_refmat/192s.log
192s,mve_refmat,gf_mat_vec_mul_add,6,64,1,448790,7012.34375,7012.34375,profile/mve_refmat/192s.log
192s,mve_refmat,gf_mat_vec_mul_add,7,64,1,448790,7012.34375,7012.34375,profile/mve_refmat/192s.log
192s,mve_refmat,gf_mat_vec_mul_add,8,64,1,448790,7012.34375,7012.34375,profile/mve_refmat/192s.log
192s,mve_refmat,gf_mat_vec_mul_add,9,64,1,448790,7012.34375,7012.34375,profile/mve_refmat/192s.log
192s,mve_refmat,gf_mat_vec_mul_add,10,64,1,448806,7012.59375,7012.59375,profile/mve_refmat/192s.log
192s,mve_refmat,gf_mat_vec_mul_add,11,64,1,448790,7012.34375,7012.34375,profile/mve_refmat/192s.log
192s,mve_refmat,gf_mat_vec_mul_add,12,64,1,448790,7012.34375,7012.34375,profile/mve_refmat/192s.log
192s,mve_refmat,gf_mat_vec_mul_add,13,64,1,448806,7012.59375,7012.59375,profile/mve_refmat/192s.log
192s,mve_refmat,gf_mat_vec_mul_add,14,64,1,448806,7012.59375,7012.59375,profile/mve_refmat/192s.log
192s,mve_refmat,gf_mat_vec_mul_add,15,64,1,448790,7012.34375,7012.34375,profile/mve_refmat/192s.log
192s,mve_refmat,gf_mat_vec_mul_add,16,64,1,448790,7012.34375,7012.34375,profile/mve_refmat/192s.log
192s,mve_refmat,gf_mat_vec_mul_add,17,64,1,448790,7012.34375,7012.34375,profile/mve_refmat/192s.log
192s,mve_refmat,gf_mat_vec_mul_add,18,64,1,448790,7012.34375,7012.34375,profile/mve_refmat/192s.log
192s,mve_refmat,gf_mat_vec_mul_add,19,64,1,448806,7012.59375,7012.59375,profile/mve_refmat/192s.log
192s,mve_refmat,gf_mat_vec_mul_add,20,64,1,448790,7012.34375,7012.34375,profile/mve_refmat/192s.log
192s,mve_refmat,gf_mat_vec_mul_add,21,64,1,448790,7012.34375,7012.34375,profile/mve_refmat/192s.log
192s,mve_refmat,gf_mat_vec_mul_add,22,64,1,448806,7012.59375,7012.59375,profile/mve_refmat/192s.log
192s,mve_refmat,gf_mat_vec_mul_add,23,64,1,448806,7012.59375,7012.59375,profile/mve_refmat/192s.log
192s,mve_refmat,gf_mat_vec_mul_add,24,64,1,448790,7012.34375,7012.34375,profile/mve_refmat/192s.log
192s,mve_refmat,gf_mat_vec_mul_add,25,64,1,448790,7012.34375,7012.34375,profile/mve_refmat/192s.log
192s,mve_refmat,gf_mat_vec_mul_add,26,64,1,448790,7012.34375,7012.34375,profile/mve_refmat/192s.log
192s,mve_refmat,gf_mat_vec_mul_add,27,64,1,448790,7012.34375,7012.34375,profile/mve_refmat/192s.log
192s,mve_refmat,gf_mat_vec_mul_add,28,64,1,448806,7012.59375,7012.59375,profile/mve_refmat/192s.log
192s,mve_refmat,gf_mat_vec_mul_add,29,64,1,448790,7012.34375,7012.34375,profile/mve_refmat/192s.log
192s,mve_refmat,gf_mat_vec_mul_add,30,64,1,448790,7012.34375,7012.34375,profile/mve_refmat/192s.log
192s,mve_refmat,gf_sqr_batch4,0,64,4,43436,678.6875,169.671875,profile/mve_refmat/192s.log
192s,mve_refmat,gf_sqr_batch4,1,64,4,41859,654.046875,163.51171875,profile/mve_refmat/192s.log
192s,mve_refmat,gf_sqr_batch4,2,64,4,41859,654.046875,163.51171875,profile/mve_refmat/192s.log
192s,mve_refmat,gf_sqr_batch4,3,64,4,41859,654.046875,163.51171875,profile/mve_refmat/192s.log
192s,mve_refmat,gf_sqr_batch4,4,64,4,41859,654.046875,163.51171875,profile/mve_refmat/192s.log
192s,mve_refmat,gf_sqr_batch4,5,64,4,41859,654.046875,163.51171875,profile/mve_refmat/192s.log
192s,mve_refmat,gf_sqr_batch4,6,64,4,41859,654.046875,163.51171875,profile/mve_refmat/192s.log
192s,mve_refmat,gf_sqr_batch4,7,64,4,41859,654.046875,163.51171875,profile/mve_refmat/192s.log
192s,mve_refmat,gf_sqr_batch4,8,64,4,41859,654.046875,163.51171875,profile/mve_refmat/192s.log
192s,mve_refmat,gf_sqr_batch4,9,64,4,41859,654.046875,163.51171875,profile/mve_refmat/192s.log
192s,mve_refmat,gf_sqr_batch4,10,64,4,41859,654.046875,163.51171875,profile/mve_refmat/192s.log
192s,mve_refmat,gf_sqr_batch4,11,64,4,41859,654.046875,163.51171875,profile/mve_refmat/192s.log
192s,mve_refmat,gf_sqr_batch4,12,64,4,41859,654.046875,163.51171875,profile/mve_refmat/192s.log
192s,mve_refmat,gf_sqr_batch4,13,64,4,41859,654.046875,163.51171875,profile/mve_refmat/192s.log
192s,mve_refmat,gf_sqr_batch4,14,64,4,41859,654.046875,163.51171875,profile/mve_refmat/192s.log
192s,mve_refmat,gf_sqr_batch4,15,64,4,41859,654.046875,163.51171875,profile/mve_refmat/192s.log
192s,mve_refmat,gf_sqr_batch4,16,64,4,41859,654.046875,163.51171875,profile/mve_refmat/192s.log
192s,mve_refmat,gf_sqr_batch4,17,64,4,41859,654.046875,163.51171875,profile/mve_refmat/192s.log
192s,mve_refmat,gf_sqr_batch4,18,64,4,41859,654.046875,163.51171875,profile/mve_refmat/192s.log
192s,mve_refmat,gf_sqr_batch4,19,64,4,41859,654.046875,163.51171875,profile/mve_refmat/192s.log
192s,mve_refmat,gf_sqr_batch4,20,64,4,41859,654.046875,163.51171875,profile/mve_refmat/192s.log
192s,mve_refmat,gf_sqr_batch4,21,64,4,41859,654.046875,163.51171875,profile/mve_refmat/192s.log
192s,mve_refmat,gf_sqr_batch4,22,64,4,41859,654.046875,163.51171875,profile/mve_refmat/192s.log
192s,mve_refmat,gf_sqr_batch4,23,64,4,41859,654.046875,163.51171875,profile/mve_refmat/192s.log
192s,mve_refmat,gf_sqr_batch4,24,64,4,41859,654.046875,163.51171875,profile/mve_refmat/192s.log
192s,mve_refmat,gf_sqr_batch4,25,64,4,41859,654.046875,163.51171875,profile/mve_refmat/192s.log
192s,mve_refmat,gf_sqr_batch4,26,64,4,41859,654.046875,163.51171875,profile/mve_refmat/192s.log
192s,mve_refmat,gf_sqr_batch4,27,64,4,41859,654.046875,163.51171875,profile/mve_refmat/192s.log
192s,mve_refmat,gf_sqr_batch4,28,64,4,41859,654.046875,163.51171875,profile/mve_refmat/192s.log
192s,mve_refmat,gf_sqr_batch4,29,64,4,41859,654.046875,163.51171875,profile/mve_refmat/192s.log
192s,mve_refmat,gf_sqr_batch4,30,64,4,41859,654.046875,163.51171875,profile/mve_refmat/192s.log
192s,mve_refmat,gf_frobenius_batch4_e11,0,8,4,28289,3536.125,884.03125,profile/mve_refmat/192s.log
192s,mve_refmat,gf_frobenius_batch4_e11,1,8,4,27452,3431.5,857.875,profile/mve_refmat/192s.log
192s,mve_refmat,gf_frobenius_batch4_e11,2,8,4,27452,3431.5,857.875,profile/mve_refmat/192s.log
192s,mve_refmat,gf_frobenius_batch4_e11,3,8,4,27452,3431.5,857.875,profile/mve_refmat/192s.log
192s,mve_refmat,gf_frobenius_batch4_e11,4,8,4,27452,3431.5,857.875,profile/mve_refmat/192s.log
192s,mve_refmat,gf_frobenius_batch4_e11,5,8,4,27452,3431.5,857.875,profile/mve_refmat/192s.log
192s,mve_refmat,gf_frobenius_batch4_e11,6,8,4,27452,3431.5,857.875,profile/mve_refmat/192s.log
192s,mve_refmat,gf_frobenius_batch4_e11,7,8,4,27452,3431.5,857.875,profile/mve_refmat/192s.log
192s,mve_refmat,gf_frobenius_batch4_e11,8,8,4,27452,3431.5,857.875,profile/mve_refmat/192s.log
192s,mve_refmat,gf_frobenius_batch4_e11,9,8,4,27452,3431.5,857.875,profile/mve_refmat/192s.log
192s,mve_refmat,gf_frobenius_batch4_e11,10,8,4,27452,3431.5,857.875,profile/mve_refmat/192s.log
192s,mve_refmat,gf_frobenius_batch4_e11,11,8,4,27452,3431.5,857.875,profile/mve_refmat/192s.log
192s,mve_refmat,gf_frobenius_batch4_e11,12,8,4,27452,3431.5,857.875,profile/mve_refmat/192s.log
192s,mve_refmat,gf_frobenius_batch4_e11,13,8,4,27452,3431.5,857.875,profile/mve_refmat/192s.log
192s,mve_refmat,gf_frobenius_batch4_e11,14,8,4,27452,3431.5,857.875,profile/mve_refmat/192s.log
192s,mve_refmat,gf_frobenius_batch4_e11,15,8,4,27452,3431.5,857.875,profile/mve_refmat/192s.log
192s,mve_refmat,gf_frobenius_batch4_e11,16,8,4,27452,3431.5,857.875,profile/mve_refmat/192s.log
192s,mve_refmat,gf_frobenius_batch4_e11,17,8,4,27452,3431.5,857.875,profile/mve_refmat/192s.log
192s,mve_refmat,gf_frobenius_batch4_e11,18,8,4,27452,3431.5,857.875,profile/mve_refmat/192s.log
192s,mve_refmat,gf_frobenius_batch4_e11,19,8,4,27452,3431.5,857.875,profile/mve_refmat/192s.log
192s,mve_refmat,gf_frobenius_batch4_e11,20,8,4,27452,3431.5,857.875,profile/mve_refmat/192s.log
192s,mve_refmat,gf_frobenius_batch4_e11,21,8,4,27452,3431.5,857.875,profile/mve_refmat/192s.log
192s,mve_refmat,gf_frobenius_batch4_e11,22,8,4,27452,3431.5,857.875,profile/mve_refmat/192s.log
192s,mve_refmat,gf_frobenius_batch4_e11,23,8,4,27452,3431.5,857.875,profile/mve_refmat/192s.log
192s,mve_refmat,gf_frobenius_batch4_e11,24,8,4,27452,3431.5,857.875,profile/mve_refmat/192s.log
192s,mve_refmat,gf_frobenius_batch4_e11,25,8,4,27452,3431.5,857.875,profile/mve_refmat/192s.log
192s,mve_refmat,gf_frobenius_batch4_e11,26,8,4,27452,3431.5,857.875,profile/mve_refmat/192s.log
192s,mve_refmat,gf_frobenius_batch4_e11,27,8,4,27452,3431.5,857.875,profile/mve_refmat/192s.log
192s,mve_refmat,gf_frobenius_batch4_e11,28,8,4,27452,3431.5,857.875,profile/mve_refmat/192s.log
192s,mve_refmat,gf_frobenius_batch4_e11,29,8,4,27452,3431.5,857.875,profile/mve_refmat/192s.log
192s,mve_refmat,gf_frobenius_batch4_e11,30,8,4,27452,3431.5,857.875,profile/mve_refmat/192s.log
192s,mve_refmat,gf_frobenius_batch4_e23,0,8,4,54043,6755.375,1688.84375,profile/mve_refmat/192s.log
192s,mve_refmat,gf_frobenius_batch4_e23,1,8,4,54044,6755.5,1688.875,profile/mve_refmat/192s.log
192s,mve_refmat,gf_frobenius_batch4_e23,2,8,4,54044,6755.5,1688.875,profile/mve_refmat/192s.log
192s,mve_refmat,gf_frobenius_batch4_e23,3,8,4,54044,6755.5,1688.875,profile/mve_refmat/192s.log
192s,mve_refmat,gf_frobenius_batch4_e23,4,8,4,54044,6755.5,1688.875,profile/mve_refmat/192s.log
192s,mve_refmat,gf_frobenius_batch4_e23,5,8,4,54044,6755.5,1688.875,profile/mve_refmat/192s.log
192s,mve_refmat,gf_frobenius_batch4_e23,6,8,4,54044,6755.5,1688.875,profile/mve_refmat/192s.log
192s,mve_refmat,gf_frobenius_batch4_e23,7,8,4,54044,6755.5,1688.875,profile/mve_refmat/192s.log
192s,mve_refmat,gf_frobenius_batch4_e23,8,8,4,54044,6755.5,1688.875,profile/mve_refmat/192s.log
192s,mve_refmat,gf_frobenius_batch4_e23,9,8,4,54044,6755.5,1688.875,profile/mve_refmat/192s.log
192s,mve_refmat,gf_frobenius_batch4_e23,10,8,4,54044,6755.5,1688.875,profile/mve_refmat/192s.log
192s,mve_refmat,gf_frobenius_batch4_e23,11,8,4,54044,6755.5,1688.875,profile/mve_refmat/192s.log
192s,mve_refmat,gf_frobenius_batch4_e23,12,8,4,54044,6755.5,1688.875,profile/mve_refmat/192s.log
192s,mve_refmat,gf_frobenius_batch4_e23,13,8,4,54044,6755.5,1688.875,profile/mve_refmat/192s.log
192s,mve_refmat,gf_frobenius_batch4_e23,14,8,4,54044,6755.5,1688.875,profile/mve_refmat/192s.log
192s,mve_refmat,gf_frobenius_batch4_e23,15,8,4,54044,6755.5,1688.875,profile/mve_refmat/192s.log
192s,mve_refmat,gf_frobenius_batch4_e23,16,8,4,54044,6755.5,1688.875,profile/mve_refmat/192s.log
192s,mve_refmat,gf_frobenius_batch4_e23,17,8,4,54044,6755.5,1688.875,profile/mve_refmat/192s.log
192s,mve_refmat,gf_frobenius_batch4_e23,18,8,4,54044,6755.5,1688.875,profile/mve_refmat/192s.log
192s,mve_refmat,gf_frobenius_batch4_e23,19,8,4,54044,6755.5,1688.875,profile/mve_refmat/192s.log
192s,mve_refmat,gf_frobenius_batch4_e23,20,8,4,54044,6755.5,1688.875,profile/mve_refmat/192s.log
192s,mve_refmat,gf_frobenius_batch4_e23,21,8,4,54044,6755.5,1688.875,profile/mve_refmat/192s.log
192s,mve_refmat,gf_frobenius_batch4_e23,22,8,4,54044,6755.5,1688.875,profile/mve_refmat/192s.log
192s,mve_refmat,gf_frobenius_batch4_e23,23,8,4,54044,6755.5,1688.875,profile/mve_refmat/192s.log
192s,mve_refmat,gf_frobenius_batch4_e23,24,8,4,54044,6755.5,1688.875,profile/mve_refmat/192s.log
192s,mve_refmat,gf_frobenius_batch4_e23,25,8,4,54044,6755.5,1688.875,profile/mve_refmat/192s.log
192s,mve_refmat,gf_frobenius_batch4_e23,26,8,4,54044,6755.5,1688.875,profile/mve_refmat/192s.log
192s,mve_refmat,gf_frobenius_batch4_e23,27,8,4,54044,6755.5,1688.875,profile/mve_refmat/192s.log
192s,mve_refmat,gf_frobenius_batch4_e23,28,8,4,54044,6755.5,1688.875,profile/mve_refmat/192s.log
192s,mve_refmat,gf_frobenius_batch4_e23,29,8,4,54044,6755.5,1688.875,profile/mve_refmat/192s.log
192s,mve_refmat,gf_frobenius_batch4_e23,30,8,4,54044,6755.5,1688.875,profile/mve_refmat/192s.log
192s,mve_refmat,gf_frobenius_batch4_e47,0,8,4,107260,13407.5,3351.875,profile/mve_refmat/192s.log
192s,mve_refmat,gf_frobenius_batch4_e47,1,8,4,107228,13403.5,3350.875,profile/mve_refmat/192s.log
192s,mve_refmat,gf_frobenius_batch4_e47,2,8,4,107228,13403.5,3350.875,profile/mve_refmat/192s.log
192s,mve_refmat,gf_frobenius_batch4_e47,3,8,4,107228,13403.5,3350.875,profile/mve_refmat/192s.log
192s,mve_refmat,gf_frobenius_batch4_e47,4,8,4,107228,13403.5,3350.875,profile/mve_refmat/192s.log
192s,mve_refmat,gf_frobenius_batch4_e47,5,8,4,107228,13403.5,3350.875,profile/mve_refmat/192s.log
192s,mve_refmat,gf_frobenius_batch4_e47,6,8,4,107228,13403.5,3350.875,profile/mve_refmat/192s.log
192s,mve_refmat,gf_frobenius_batch4_e47,7,8,4,107228,13403.5,3350.875,profile/mve_refmat/192s.log
192s,mve_refmat,gf_frobenius_batch4_e47,8,8,4,107228,13403.5,3350.875,profile/mve_refmat/192s.log
192s,mve_refmat,gf_frobenius_batch4_e47,9,8,4,107228,13403.5,3350.875,profile/mve_refmat/192s.log
192s,mve_refmat,gf_frobenius_batch4_e47,10,8,4,107228,13403.5,3350.875,profile/mve_refmat/192s.log
192s,mve_refmat,gf_frobenius_batch4_e47,11,8,4,107228,13403.5,3350.875,profile/mve_refmat/192s.log
192s,mve_refmat,gf_frobenius_batch4_e47,12,8,4,107228,13403.5,3350.875,profile/mve_refmat/192s.log
192s,mve_refmat,gf_frobenius_batch4_e47,13,8,4,107228,13403.5,3350.875,profile/mve_refmat/192s.log
192s,mve_refmat,gf_frobenius_batch4_e47,14,8,4,107228,13403.5,3350.875,profile/mve_refmat/192s.log
192s,mve_refmat,gf_frobenius_batch4_e47,15,8,4,107228,13403.5,3350.875,profile/mve_refmat/192s.log
192s,mve_refmat,gf_frobenius_batch4_e47,16,8,4,107228,13403.5,3350.875,profile/mve_refmat/192s.log
192s,mve_refmat,gf_frobenius_batch4_e47,17,8,4,107228,13403.5,3350.875,profile/mve_refmat/192s.log
192s,mve_refmat,gf_frobenius_batch4_e47,18,8,4,107228,13403.5,3350.875,profile/mve_refmat/192s.log
192s,mve_refmat,gf_frobenius_batch4_e47,19,8,4,107228,13403.5,3350.875,profile/mve_refmat/192s.log
192s,mve_refmat,gf_frobenius_batch4_e47,20,8,4,107228,13403.5,3350.875,profile/mve_refmat/192s.log
192s,mve_refmat,gf_frobenius_batch4_e47,21,8,4,107228,13403.5,3350.875,profile/mve_refmat/192s.log
192s,mve_refmat,gf_frobenius_batch4_e47,22,8,4,107228,13403.5,3350.875,profile/mve_refmat/192s.log
192s,mve_refmat,gf_frobenius_batch4_e47,23,8,4,107228,13403.5,3350.875,profile/mve_refmat/192s.log
192s,mve_refmat,gf_frobenius_batch4_e47,24,8,4,107228,13403.5,3350.875,profile/mve_refmat/192s.log
192s,mve_refmat,gf_frobenius_batch4_e47,25,8,4,107228,13403.5,3350.875,profile/mve_refmat/192s.log
192s,mve_refmat,gf_frobenius_batch4_e47,26,8,4,107228,13403.5,3350.875,profile/mve_refmat/192s.log
192s,mve_refmat,gf_frobenius_batch4_e47,27,8,4,107228,13403.5,3350.875,profile/mve_refmat/192s.log
192s,mve_refmat,gf_frobenius_batch4_e47,28,8,4,107228,13403.5,3350.875,profile/mve_refmat/192s.log
192s,mve_refmat,gf_frobenius_batch4_e47,29,8,4,107228,13403.5,3350.875,profile/mve_refmat/192s.log
192s,mve_refmat,gf_frobenius_batch4_e47,30,8,4,107228,13403.5,3350.875,profile/mve_refmat/192s.log
192s,mve_refmat,gf_mul_const_batch4,0,64,4,1267047,19797.609375,4949.40234375,profile/mve_refmat/192s.log
192s,mve_refmat,gf_mul_const_batch4,1,64,4,1265989,19781.078125,4945.26953125,profile/mve_refmat/192s.log
192s,mve_refmat,gf_mul_const_batch4,2,64,4,1265989,19781.078125,4945.26953125,profile/mve_refmat/192s.log
192s,mve_refmat,gf_mul_const_batch4,3,64,4,1265989,19781.078125,4945.26953125,profile/mve_refmat/192s.log
192s,mve_refmat,gf_mul_const_batch4,4,64,4,1265989,19781.078125,4945.26953125,profile/mve_refmat/192s.log
192s,mve_refmat,gf_mul_const_batch4,5,64,4,1265989,19781.078125,4945.26953125,profile/mve_refmat/192s.log
192s,mve_refmat,gf_mul_const_batch4,6,64,4,1265989,19781.078125,4945.26953125,profile/mve_refmat/192s.log
192s,mve_refmat,gf_mul_const_batch4,7,64,4,1265989,19781.078125,4945.26953125,profile/mve_refmat/192s.log
192s,mve_refmat,gf_mul_const_batch4,8,64,4,1265989,19781.078125,4945.26953125,profile/mve_refmat/192s.log
192s,mve_refmat,gf_mul_const_batch4,9,64,4,1265989,19781.078125,4945.26953125,profile/mve_refmat/192s.log
192s,mve_refmat,gf_mul_const_batch4,10,64,4,1265990,19781.09375,4945.2734375,profile/mve_refmat/192s.log
192s,mve_refmat,gf_mul_const_batch4,11,64,4,1265989,19781.078125,4945.26953125,profile/mve_refmat/192s.log
192s,mve_refmat,gf_mul_const_batch4,12,64,4,1265989,19781.078125,4945.26953125,profile/mve_refmat/192s.log
192s,mve_refmat,gf_mul_const_batch4,13,64,4,1265989,19781.078125,4945.26953125,profile/mve_refmat/192s.log
192s,mve_refmat,gf_mul_const_batch4,14,64,4,1265989,19781.078125,4945.26953125,profile/mve_refmat/192s.log
192s,mve_refmat,gf_mul_const_batch4,15,64,4,1265989,19781.078125,4945.26953125,profile/mve_refmat/192s.log
192s,mve_refmat,gf_mul_const_batch4,16,64,4,1265989,19781.078125,4945.26953125,profile/mve_refmat/192s.log
192s,mve_refmat,gf_mul_const_batch4,17,64,4,1265989,19781.078125,4945.26953125,profile/mve_refmat/192s.log
192s,mve_refmat,gf_mul_const_batch4,18,64,4,1265989,19781.078125,4945.26953125,profile/mve_refmat/192s.log
192s,mve_refmat,gf_mul_const_batch4,19,64,4,1265989,19781.078125,4945.26953125,profile/mve_refmat/192s.log
192s,mve_refmat,gf_mul_const_batch4,20,64,4,1265989,19781.078125,4945.26953125,profile/mve_refmat/192s.log
192s,mve_refmat,gf_mul_const_batch4,21,64,4,1265989,19781.078125,4945.26953125,profile/mve_refmat/192s.log
192s,mve_refmat,gf_mul_const_batch4,22,64,4,1265989,19781.078125,4945.26953125,profile/mve_refmat/192s.log
192s,mve_refmat,gf_mul_const_batch4,23,64,4,1265989,19781.078125,4945.26953125,profile/mve_refmat/192s.log
192s,mve_refmat,gf_mul_const_batch4,24,64,4,1265989,19781.078125,4945.26953125,profile/mve_refmat/192s.log
192s,mve_refmat,gf_mul_const_batch4,25,64,4,1265989,19781.078125,4945.26953125,profile/mve_refmat/192s.log
192s,mve_refmat,gf_mul_const_batch4,26,64,4,1265989,19781.078125,4945.26953125,profile/mve_refmat/192s.log
192s,mve_refmat,gf_mul_const_batch4,27,64,4,1265989,19781.078125,4945.26953125,profile/mve_refmat/192s.log
192s,mve_refmat,gf_mul_const_batch4,28,64,4,1265989,19781.078125,4945.26953125,profile/mve_refmat/192s.log
192s,mve_refmat,gf_mul_const_batch4,29,64,4,1265989,19781.078125,4945.26953125,profile/mve_refmat/192s.log
192s,mve_refmat,gf_mul_const_batch4,30,64,4,1265989,19781.078125,4945.26953125,profile/mve_refmat/192s.log
192s,mve_refmat,aim3_mpc_batch4,0,8,4,1098624,137328.0,34332.0,profile/mve_refmat/192s.log
192s,mve_refmat,aim3_mpc_batch4,1,8,4,1096913,137114.125,34278.53125,profile/mve_refmat/192s.log
192s,mve_refmat,aim3_mpc_batch4,2,8,4,1096913,137114.125,34278.53125,profile/mve_refmat/192s.log
192s,mve_refmat,aim3_mpc_batch4,3,8,4,1096913,137114.125,34278.53125,profile/mve_refmat/192s.log
192s,mve_refmat,aim3_mpc_batch4,4,8,4,1096913,137114.125,34278.53125,profile/mve_refmat/192s.log
192s,mve_refmat,aim3_mpc_batch4,5,8,4,1096913,137114.125,34278.53125,profile/mve_refmat/192s.log
192s,mve_refmat,aim3_mpc_batch4,6,8,4,1096913,137114.125,34278.53125,profile/mve_refmat/192s.log
192s,mve_refmat,aim3_mpc_batch4,7,8,4,1096913,137114.125,34278.53125,profile/mve_refmat/192s.log
192s,mve_refmat,aim3_mpc_batch4,8,8,4,1096913,137114.125,34278.53125,profile/mve_refmat/192s.log
192s,mve_refmat,aim3_mpc_batch4,9,8,4,1096913,137114.125,34278.53125,profile/mve_refmat/192s.log
192s,mve_refmat,aim3_mpc_batch4,10,8,4,1096913,137114.125,34278.53125,profile/mve_refmat/192s.log
192s,mve_refmat,aim3_mpc_batch4,11,8,4,1096913,137114.125,34278.53125,profile/mve_refmat/192s.log
192s,mve_refmat,aim3_mpc_batch4,12,8,4,1096914,137114.25,34278.5625,profile/mve_refmat/192s.log
192s,mve_refmat,aim3_mpc_batch4,13,8,4,1096912,137114.0,34278.5,profile/mve_refmat/192s.log
192s,mve_refmat,aim3_mpc_batch4,14,8,4,1096913,137114.125,34278.53125,profile/mve_refmat/192s.log
192s,mve_refmat,aim3_mpc_batch4,15,8,4,1096913,137114.125,34278.53125,profile/mve_refmat/192s.log
192s,mve_refmat,aim3_mpc_batch4,16,8,4,1096913,137114.125,34278.53125,profile/mve_refmat/192s.log
192s,mve_refmat,aim3_mpc_batch4,17,8,4,1096913,137114.125,34278.53125,profile/mve_refmat/192s.log
192s,mve_refmat,aim3_mpc_batch4,18,8,4,1096913,137114.125,34278.53125,profile/mve_refmat/192s.log
192s,mve_refmat,aim3_mpc_batch4,19,8,4,1096913,137114.125,34278.53125,profile/mve_refmat/192s.log
192s,mve_refmat,aim3_mpc_batch4,20,8,4,1096913,137114.125,34278.53125,profile/mve_refmat/192s.log
192s,mve_refmat,aim3_mpc_batch4,21,8,4,1096913,137114.125,34278.53125,profile/mve_refmat/192s.log
192s,mve_refmat,aim3_mpc_batch4,22,8,4,1096913,137114.125,34278.53125,profile/mve_refmat/192s.log
192s,mve_refmat,aim3_mpc_batch4,23,8,4,1096913,137114.125,34278.53125,profile/mve_refmat/192s.log
192s,mve_refmat,aim3_mpc_batch4,24,8,4,1096913,137114.125,34278.53125,profile/mve_refmat/192s.log
192s,mve_refmat,aim3_mpc_batch4,25,8,4,1096913,137114.125,34278.53125,profile/mve_refmat/192s.log
192s,mve_refmat,aim3_mpc_batch4,26,8,4,1096913,137114.125,34278.53125,profile/mve_refmat/192s.log
192s,mve_refmat,aim3_mpc_batch4,27,8,4,1096913,137114.125,34278.53125,profile/mve_refmat/192s.log
192s,mve_refmat,aim3_mpc_batch4,28,8,4,1096913,137114.125,34278.53125,profile/mve_refmat/192s.log
192s,mve_refmat,aim3_mpc_batch4,29,8,4,1096913,137114.125,34278.53125,profile/mve_refmat/192s.log
192s,mve_refmat,aim3_mpc_batch4,30,8,4,1096913,137114.125,34278.53125,profile/mve_refmat/192s.log
192s,mve_refmat,aim3_mpc_batch4_affine,0,8,4,904697,113087.125,28271.78125,profile/mve_refmat/192s.log
192s,mve_refmat,aim3_mpc_batch4_affine,1,8,4,903619,112952.375,28238.09375,profile/mve_refmat/192s.log
192s,mve_refmat,aim3_mpc_batch4_affine,2,8,4,903619,112952.375,28238.09375,profile/mve_refmat/192s.log
192s,mve_refmat,aim3_mpc_batch4_affine,3,8,4,903619,112952.375,28238.09375,profile/mve_refmat/192s.log
192s,mve_refmat,aim3_mpc_batch4_affine,4,8,4,903619,112952.375,28238.09375,profile/mve_refmat/192s.log
192s,mve_refmat,aim3_mpc_batch4_affine,5,8,4,903619,112952.375,28238.09375,profile/mve_refmat/192s.log
192s,mve_refmat,aim3_mpc_batch4_affine,6,8,4,903619,112952.375,28238.09375,profile/mve_refmat/192s.log
192s,mve_refmat,aim3_mpc_batch4_affine,7,8,4,903619,112952.375,28238.09375,profile/mve_refmat/192s.log
192s,mve_refmat,aim3_mpc_batch4_affine,8,8,4,903619,112952.375,28238.09375,profile/mve_refmat/192s.log
192s,mve_refmat,aim3_mpc_batch4_affine,9,8,4,903619,112952.375,28238.09375,profile/mve_refmat/192s.log
192s,mve_refmat,aim3_mpc_batch4_affine,10,8,4,903619,112952.375,28238.09375,profile/mve_refmat/192s.log
192s,mve_refmat,aim3_mpc_batch4_affine,11,8,4,903619,112952.375,28238.09375,profile/mve_refmat/192s.log
192s,mve_refmat,aim3_mpc_batch4_affine,12,8,4,903620,112952.5,28238.125,profile/mve_refmat/192s.log
192s,mve_refmat,aim3_mpc_batch4_affine,13,8,4,903618,112952.25,28238.0625,profile/mve_refmat/192s.log
192s,mve_refmat,aim3_mpc_batch4_affine,14,8,4,903619,112952.375,28238.09375,profile/mve_refmat/192s.log
192s,mve_refmat,aim3_mpc_batch4_affine,15,8,4,903619,112952.375,28238.09375,profile/mve_refmat/192s.log
192s,mve_refmat,aim3_mpc_batch4_affine,16,8,4,903619,112952.375,28238.09375,profile/mve_refmat/192s.log
192s,mve_refmat,aim3_mpc_batch4_affine,17,8,4,903619,112952.375,28238.09375,profile/mve_refmat/192s.log
192s,mve_refmat,aim3_mpc_batch4_affine,18,8,4,903619,112952.375,28238.09375,profile/mve_refmat/192s.log
192s,mve_refmat,aim3_mpc_batch4_affine,19,8,4,903619,112952.375,28238.09375,profile/mve_refmat/192s.log
192s,mve_refmat,aim3_mpc_batch4_affine,20,8,4,903619,112952.375,28238.09375,profile/mve_refmat/192s.log
192s,mve_refmat,aim3_mpc_batch4_affine,21,8,4,903619,112952.375,28238.09375,profile/mve_refmat/192s.log
192s,mve_refmat,aim3_mpc_batch4_affine,22,8,4,903619,112952.375,28238.09375,profile/mve_refmat/192s.log
192s,mve_refmat,aim3_mpc_batch4_affine,23,8,4,903619,112952.375,28238.09375,profile/mve_refmat/192s.log
192s,mve_refmat,aim3_mpc_batch4_affine,24,8,4,903619,112952.375,28238.09375,profile/mve_refmat/192s.log
192s,mve_refmat,aim3_mpc_batch4_affine,25,8,4,903619,112952.375,28238.09375,profile/mve_refmat/192s.log
192s,mve_refmat,aim3_mpc_batch4_affine,26,8,4,903619,112952.375,28238.09375,profile/mve_refmat/192s.log
192s,mve_refmat,aim3_mpc_batch4_affine,27,8,4,903619,112952.375,28238.09375,profile/mve_refmat/192s.log
192s,mve_refmat,aim3_mpc_batch4_affine,28,8,4,903619,112952.375,28238.09375,profile/mve_refmat/192s.log
192s,mve_refmat,aim3_mpc_batch4_affine,29,8,4,903619,112952.375,28238.09375,profile/mve_refmat/192s.log
192s,mve_refmat,aim3_mpc_batch4_affine,30,8,4,903619,112952.375,28238.09375,profile/mve_refmat/192s.log
192s,mve_refmat,aim3_mpc_batch4_frobenius,0,8,4,193136,24142.0,6035.5,profile/mve_refmat/192s.log
192s,mve_refmat,aim3_mpc_batch4_frobenius,1,8,4,192752,24094.0,6023.5,profile/mve_refmat/192s.log
192s,mve_refmat,aim3_mpc_batch4_frobenius,2,8,4,192752,24094.0,6023.5,profile/mve_refmat/192s.log
192s,mve_refmat,aim3_mpc_batch4_frobenius,3,8,4,192752,24094.0,6023.5,profile/mve_refmat/192s.log
192s,mve_refmat,aim3_mpc_batch4_frobenius,4,8,4,192752,24094.0,6023.5,profile/mve_refmat/192s.log
192s,mve_refmat,aim3_mpc_batch4_frobenius,5,8,4,192752,24094.0,6023.5,profile/mve_refmat/192s.log
192s,mve_refmat,aim3_mpc_batch4_frobenius,6,8,4,192752,24094.0,6023.5,profile/mve_refmat/192s.log
192s,mve_refmat,aim3_mpc_batch4_frobenius,7,8,4,192752,24094.0,6023.5,profile/mve_refmat/192s.log
192s,mve_refmat,aim3_mpc_batch4_frobenius,8,8,4,192752,24094.0,6023.5,profile/mve_refmat/192s.log
192s,mve_refmat,aim3_mpc_batch4_frobenius,9,8,4,192752,24094.0,6023.5,profile/mve_refmat/192s.log
192s,mve_refmat,aim3_mpc_batch4_frobenius,10,8,4,192752,24094.0,6023.5,profile/mve_refmat/192s.log
192s,mve_refmat,aim3_mpc_batch4_frobenius,11,8,4,192752,24094.0,6023.5,profile/mve_refmat/192s.log
192s,mve_refmat,aim3_mpc_batch4_frobenius,12,8,4,192752,24094.0,6023.5,profile/mve_refmat/192s.log
192s,mve_refmat,aim3_mpc_batch4_frobenius,13,8,4,192752,24094.0,6023.5,profile/mve_refmat/192s.log
192s,mve_refmat,aim3_mpc_batch4_frobenius,14,8,4,192752,24094.0,6023.5,profile/mve_refmat/192s.log
192s,mve_refmat,aim3_mpc_batch4_frobenius,15,8,4,192752,24094.0,6023.5,profile/mve_refmat/192s.log
192s,mve_refmat,aim3_mpc_batch4_frobenius,16,8,4,192752,24094.0,6023.5,profile/mve_refmat/192s.log
192s,mve_refmat,aim3_mpc_batch4_frobenius,17,8,4,192752,24094.0,6023.5,profile/mve_refmat/192s.log
192s,mve_refmat,aim3_mpc_batch4_frobenius,18,8,4,192752,24094.0,6023.5,profile/mve_refmat/192s.log
192s,mve_refmat,aim3_mpc_batch4_frobenius,19,8,4,192752,24094.0,6023.5,profile/mve_refmat/192s.log
192s,mve_refmat,aim3_mpc_batch4_frobenius,20,8,4,192752,24094.0,6023.5,profile/mve_refmat/192s.log
192s,mve_refmat,aim3_mpc_batch4_frobenius,21,8,4,192752,24094.0,6023.5,profile/mve_refmat/192s.log
192s,mve_refmat,aim3_mpc_batch4_frobenius,22,8,4,192752,24094.0,6023.5,profile/mve_refmat/192s.log
192s,mve_refmat,aim3_mpc_batch4_frobenius,23,8,4,192752,24094.0,6023.5,profile/mve_refmat/192s.log
192s,mve_refmat,aim3_mpc_batch4_frobenius,24,8,4,192752,24094.0,6023.5,profile/mve_refmat/192s.log
192s,mve_refmat,aim3_mpc_batch4_frobenius,25,8,4,192752,24094.0,6023.5,profile/mve_refmat/192s.log
192s,mve_refmat,aim3_mpc_batch4_frobenius,26,8,4,192752,24094.0,6023.5,profile/mve_refmat/192s.log
192s,mve_refmat,aim3_mpc_batch4_frobenius,27,8,4,192752,24094.0,6023.5,profile/mve_refmat/192s.log
192s,mve_refmat,aim3_mpc_batch4_frobenius,28,8,4,192752,24094.0,6023.5,profile/mve_refmat/192s.log
192s,mve_refmat,aim3_mpc_batch4_frobenius,29,8,4,192752,24094.0,6023.5,profile/mve_refmat/192s.log
192s,mve_refmat,aim3_mpc_batch4_frobenius,30,8,4,192752,24094.0,6023.5,profile/mve_refmat/192s.log
192s,mve_refmat,aim3_mpc_scalar,0,8,1,487923,60990.375,60990.375,profile/mve_refmat/192s.log
192s,mve_refmat,aim3_mpc_scalar,1,8,1,486949,60868.625,60868.625,profile/mve_refmat/192s.log
192s,mve_refmat,aim3_mpc_scalar,2,8,1,486956,60869.5,60869.5,profile/mve_refmat/192s.log
192s,mve_refmat,aim3_mpc_scalar,3,8,1,486935,60866.875,60866.875,profile/mve_refmat/192s.log
192s,mve_refmat,aim3_mpc_scalar,4,8,1,486952,60869.0,60869.0,profile/mve_refmat/192s.log
192s,mve_refmat,aim3_mpc_scalar,5,8,1,486956,60869.5,60869.5,profile/mve_refmat/192s.log
192s,mve_refmat,aim3_mpc_scalar,6,8,1,486935,60866.875,60866.875,profile/mve_refmat/192s.log
192s,mve_refmat,aim3_mpc_scalar,7,8,1,486952,60869.0,60869.0,profile/mve_refmat/192s.log
192s,mve_refmat,aim3_mpc_scalar,8,8,1,486956,60869.5,60869.5,profile/mve_refmat/192s.log
192s,mve_refmat,aim3_mpc_scalar,9,8,1,486935,60866.875,60866.875,profile/mve_refmat/192s.log
192s,mve_refmat,aim3_mpc_scalar,10,8,1,486952,60869.0,60869.0,profile/mve_refmat/192s.log
192s,mve_refmat,aim3_mpc_scalar,11,8,1,486956,60869.5,60869.5,profile/mve_refmat/192s.log
192s,mve_refmat,aim3_mpc_scalar,12,8,1,486935,60866.875,60866.875,profile/mve_refmat/192s.log
192s,mve_refmat,aim3_mpc_scalar,13,8,1,486952,60869.0,60869.0,profile/mve_refmat/192s.log
192s,mve_refmat,aim3_mpc_scalar,14,8,1,486956,60869.5,60869.5,profile/mve_refmat/192s.log
192s,mve_refmat,aim3_mpc_scalar,15,8,1,486935,60866.875,60866.875,profile/mve_refmat/192s.log
192s,mve_refmat,aim3_mpc_scalar,16,8,1,486952,60869.0,60869.0,profile/mve_refmat/192s.log
192s,mve_refmat,aim3_mpc_scalar,17,8,1,486956,60869.5,60869.5,profile/mve_refmat/192s.log
192s,mve_refmat,aim3_mpc_scalar,18,8,1,486935,60866.875,60866.875,profile/mve_refmat/192s.log
192s,mve_refmat,aim3_mpc_scalar,19,8,1,486952,60869.0,60869.0,profile/mve_refmat/192s.log
192s,mve_refmat,aim3_mpc_scalar,20,8,1,486956,60869.5,60869.5,profile/mve_refmat/192s.log
192s,mve_refmat,aim3_mpc_scalar,21,8,1,486935,60866.875,60866.875,profile/mve_refmat/192s.log
192s,mve_refmat,aim3_mpc_scalar,22,8,1,486952,60869.0,60869.0,profile/mve_refmat/192s.log
192s,mve_refmat,aim3_mpc_scalar,23,8,1,486956,60869.5,60869.5,profile/mve_refmat/192s.log
192s,mve_refmat,aim3_mpc_scalar,24,8,1,486935,60866.875,60866.875,profile/mve_refmat/192s.log
192s,mve_refmat,aim3_mpc_scalar,25,8,1,486952,60869.0,60869.0,profile/mve_refmat/192s.log
192s,mve_refmat,aim3_mpc_scalar,26,8,1,486956,60869.5,60869.5,profile/mve_refmat/192s.log
192s,mve_refmat,aim3_mpc_scalar,27,8,1,486935,60866.875,60866.875,profile/mve_refmat/192s.log
192s,mve_refmat,aim3_mpc_scalar,28,8,1,486953,60869.125,60869.125,profile/mve_refmat/192s.log
192s,mve_refmat,aim3_mpc_scalar,29,8,1,486955,60869.375,60869.375,profile/mve_refmat/192s.log
192s,mve_refmat,aim3_mpc_scalar,30,8,1,486935,60866.875,60866.875,profile/mve_refmat/192s.log
256f,mve_refmat,gf_mul,0,64,1,147749,2308.578125,2308.578125,profile/mve_refmat/256f.log
256f,mve_refmat,gf_mul,1,64,1,146438,2288.09375,2288.09375,profile/mve_refmat/256f.log
256f,mve_refmat,gf_mul,2,64,1,146438,2288.09375,2288.09375,profile/mve_refmat/256f.log
256f,mve_refmat,gf_mul,3,64,1,146438,2288.09375,2288.09375,profile/mve_refmat/256f.log
256f,mve_refmat,gf_mul,4,64,1,146438,2288.09375,2288.09375,profile/mve_refmat/256f.log
256f,mve_refmat,gf_mul,5,64,1,146438,2288.09375,2288.09375,profile/mve_refmat/256f.log
256f,mve_refmat,gf_mul,6,64,1,146438,2288.09375,2288.09375,profile/mve_refmat/256f.log
256f,mve_refmat,gf_mul,7,64,1,146438,2288.09375,2288.09375,profile/mve_refmat/256f.log
256f,mve_refmat,gf_mul,8,64,1,146438,2288.09375,2288.09375,profile/mve_refmat/256f.log
256f,mve_refmat,gf_mul,9,64,1,146438,2288.09375,2288.09375,profile/mve_refmat/256f.log
256f,mve_refmat,gf_mul,10,64,1,146438,2288.09375,2288.09375,profile/mve_refmat/256f.log
256f,mve_refmat,gf_mul,11,64,1,146438,2288.09375,2288.09375,profile/mve_refmat/256f.log
256f,mve_refmat,gf_mul,12,64,1,146438,2288.09375,2288.09375,profile/mve_refmat/256f.log
256f,mve_refmat,gf_mul,13,64,1,146438,2288.09375,2288.09375,profile/mve_refmat/256f.log
256f,mve_refmat,gf_mul,14,64,1,146438,2288.09375,2288.09375,profile/mve_refmat/256f.log
256f,mve_refmat,gf_mul,15,64,1,146438,2288.09375,2288.09375,profile/mve_refmat/256f.log
256f,mve_refmat,gf_mul,16,64,1,146438,2288.09375,2288.09375,profile/mve_refmat/256f.log
256f,mve_refmat,gf_mul,17,64,1,146438,2288.09375,2288.09375,profile/mve_refmat/256f.log
256f,mve_refmat,gf_mul,18,64,1,146438,2288.09375,2288.09375,profile/mve_refmat/256f.log
256f,mve_refmat,gf_mul,19,64,1,146438,2288.09375,2288.09375,profile/mve_refmat/256f.log
256f,mve_refmat,gf_mul,20,64,1,146438,2288.09375,2288.09375,profile/mve_refmat/256f.log
256f,mve_refmat,gf_mul,21,64,1,146438,2288.09375,2288.09375,profile/mve_refmat/256f.log
256f,mve_refmat,gf_mul,22,64,1,146438,2288.09375,2288.09375,profile/mve_refmat/256f.log
256f,mve_refmat,gf_mul,23,64,1,146438,2288.09375,2288.09375,profile/mve_refmat/256f.log
256f,mve_refmat,gf_mul,24,64,1,146438,2288.09375,2288.09375,profile/mve_refmat/256f.log
256f,mve_refmat,gf_mul,25,64,1,146438,2288.09375,2288.09375,profile/mve_refmat/256f.log
256f,mve_refmat,gf_mul,26,64,1,146438,2288.09375,2288.09375,profile/mve_refmat/256f.log
256f,mve_refmat,gf_mul,27,64,1,146438,2288.09375,2288.09375,profile/mve_refmat/256f.log
256f,mve_refmat,gf_mul,28,64,1,146438,2288.09375,2288.09375,profile/mve_refmat/256f.log
256f,mve_refmat,gf_mul,29,64,1,146438,2288.09375,2288.09375,profile/mve_refmat/256f.log
256f,mve_refmat,gf_mul,30,64,1,146438,2288.09375,2288.09375,profile/mve_refmat/256f.log
256f,mve_refmat,gf_sqr,0,64,1,37924,592.5625,592.5625,profile/mve_refmat/256f.log
256f,mve_refmat,gf_sqr,1,64,1,36228,566.0625,566.0625,profile/mve_refmat/256f.log
256f,mve_refmat,gf_sqr,2,64,1,36228,566.0625,566.0625,profile/mve_refmat/256f.log
256f,mve_refmat,gf_sqr,3,64,1,36228,566.0625,566.0625,profile/mve_refmat/256f.log
256f,mve_refmat,gf_sqr,4,64,1,36228,566.0625,566.0625,profile/mve_refmat/256f.log
256f,mve_refmat,gf_sqr,5,64,1,36228,566.0625,566.0625,profile/mve_refmat/256f.log
256f,mve_refmat,gf_sqr,6,64,1,36228,566.0625,566.0625,profile/mve_refmat/256f.log
256f,mve_refmat,gf_sqr,7,64,1,36228,566.0625,566.0625,profile/mve_refmat/256f.log
256f,mve_refmat,gf_sqr,8,64,1,36228,566.0625,566.0625,profile/mve_refmat/256f.log
256f,mve_refmat,gf_sqr,9,64,1,36228,566.0625,566.0625,profile/mve_refmat/256f.log
256f,mve_refmat,gf_sqr,10,64,1,36228,566.0625,566.0625,profile/mve_refmat/256f.log
256f,mve_refmat,gf_sqr,11,64,1,36228,566.0625,566.0625,profile/mve_refmat/256f.log
256f,mve_refmat,gf_sqr,12,64,1,36228,566.0625,566.0625,profile/mve_refmat/256f.log
256f,mve_refmat,gf_sqr,13,64,1,36228,566.0625,566.0625,profile/mve_refmat/256f.log
256f,mve_refmat,gf_sqr,14,64,1,36228,566.0625,566.0625,profile/mve_refmat/256f.log
256f,mve_refmat,gf_sqr,15,64,1,36228,566.0625,566.0625,profile/mve_refmat/256f.log
256f,mve_refmat,gf_sqr,16,64,1,36228,566.0625,566.0625,profile/mve_refmat/256f.log
256f,mve_refmat,gf_sqr,17,64,1,36228,566.0625,566.0625,profile/mve_refmat/256f.log
256f,mve_refmat,gf_sqr,18,64,1,36228,566.0625,566.0625,profile/mve_refmat/256f.log
256f,mve_refmat,gf_sqr,19,64,1,36228,566.0625,566.0625,profile/mve_refmat/256f.log
256f,mve_refmat,gf_sqr,20,64,1,36228,566.0625,566.0625,profile/mve_refmat/256f.log
256f,mve_refmat,gf_sqr,21,64,1,36228,566.0625,566.0625,profile/mve_refmat/256f.log
256f,mve_refmat,gf_sqr,22,64,1,36228,566.0625,566.0625,profile/mve_refmat/256f.log
256f,mve_refmat,gf_sqr,23,64,1,36228,566.0625,566.0625,profile/mve_refmat/256f.log
256f,mve_refmat,gf_sqr,24,64,1,36228,566.0625,566.0625,profile/mve_refmat/256f.log
256f,mve_refmat,gf_sqr,25,64,1,36228,566.0625,566.0625,profile/mve_refmat/256f.log
256f,mve_refmat,gf_sqr,26,64,1,36228,566.0625,566.0625,profile/mve_refmat/256f.log
256f,mve_refmat,gf_sqr,27,64,1,36228,566.0625,566.0625,profile/mve_refmat/256f.log
256f,mve_refmat,gf_sqr,28,64,1,36228,566.0625,566.0625,profile/mve_refmat/256f.log
256f,mve_refmat,gf_sqr,29,64,1,36228,566.0625,566.0625,profile/mve_refmat/256f.log
256f,mve_refmat,gf_sqr,30,64,1,36228,566.0625,566.0625,profile/mve_refmat/256f.log
256f,mve_refmat,gf_inv,0,8,1,5798174,724771.75,724771.75,profile/mve_refmat/256f.log
256f,mve_refmat,gf_inv,1,8,1,5797989,724748.625,724748.625,profile/mve_refmat/256f.log
256f,mve_refmat,gf_inv,2,8,1,5797989,724748.625,724748.625,profile/mve_refmat/256f.log
256f,mve_refmat,gf_inv,3,8,1,5797990,724748.75,724748.75,profile/mve_refmat/256f.log
256f,mve_refmat,gf_inv,4,8,1,5797989,724748.625,724748.625,profile/mve_refmat/256f.log
256f,mve_refmat,gf_inv,5,8,1,5797989,724748.625,724748.625,profile/mve_refmat/256f.log
256f,mve_refmat,gf_inv,6,8,1,5797989,724748.625,724748.625,profile/mve_refmat/256f.log
256f,mve_refmat,gf_inv,7,8,1,5797989,724748.625,724748.625,profile/mve_refmat/256f.log
256f,mve_refmat,gf_inv,8,8,1,5797989,724748.625,724748.625,profile/mve_refmat/256f.log
256f,mve_refmat,gf_inv,9,8,1,5797989,724748.625,724748.625,profile/mve_refmat/256f.log
256f,mve_refmat,gf_inv,10,8,1,5797989,724748.625,724748.625,profile/mve_refmat/256f.log
256f,mve_refmat,gf_inv,11,8,1,5797989,724748.625,724748.625,profile/mve_refmat/256f.log
256f,mve_refmat,gf_inv,12,8,1,5797989,724748.625,724748.625,profile/mve_refmat/256f.log
256f,mve_refmat,gf_inv,13,8,1,5797989,724748.625,724748.625,profile/mve_refmat/256f.log
256f,mve_refmat,gf_inv,14,8,1,5797990,724748.75,724748.75,profile/mve_refmat/256f.log
256f,mve_refmat,gf_inv,15,8,1,5797989,724748.625,724748.625,profile/mve_refmat/256f.log
256f,mve_refmat,gf_inv,16,8,1,5797989,724748.625,724748.625,profile/mve_refmat/256f.log
256f,mve_refmat,gf_inv,17,8,1,5797989,724748.625,724748.625,profile/mve_refmat/256f.log
256f,mve_refmat,gf_inv,18,8,1,5797989,724748.625,724748.625,profile/mve_refmat/256f.log
256f,mve_refmat,gf_inv,19,8,1,5797989,724748.625,724748.625,profile/mve_refmat/256f.log
256f,mve_refmat,gf_inv,20,8,1,5797989,724748.625,724748.625,profile/mve_refmat/256f.log
256f,mve_refmat,gf_inv,21,8,1,5797989,724748.625,724748.625,profile/mve_refmat/256f.log
256f,mve_refmat,gf_inv,22,8,1,5797989,724748.625,724748.625,profile/mve_refmat/256f.log
256f,mve_refmat,gf_inv,23,8,1,5797989,724748.625,724748.625,profile/mve_refmat/256f.log
256f,mve_refmat,gf_inv,24,8,1,5797990,724748.75,724748.75,profile/mve_refmat/256f.log
256f,mve_refmat,gf_inv,25,8,1,5797989,724748.625,724748.625,profile/mve_refmat/256f.log
256f,mve_refmat,gf_inv,26,8,1,5797989,724748.625,724748.625,profile/mve_refmat/256f.log
256f,mve_refmat,gf_inv,27,8,1,5797989,724748.625,724748.625,profile/mve_refmat/256f.log
256f,mve_refmat,gf_inv,28,8,1,5797989,724748.625,724748.625,profile/mve_refmat/256f.log
256f,mve_refmat,gf_inv,29,8,1,5797989,724748.625,724748.625,profile/mve_refmat/256f.log
256f,mve_refmat,gf_inv,30,8,1,5797989,724748.625,724748.625,profile/mve_refmat/256f.log
256f,mve_refmat,gf_mat_vec_mul,0,64,1,850964,13296.3125,13296.3125,profile/mve_refmat/256f.log
256f,mve_refmat,gf_mat_vec_mul,1,64,1,846478,13226.21875,13226.21875,profile/mve_refmat/256f.log
256f,mve_refmat,gf_mat_vec_mul,2,64,1,846443,13225.671875,13225.671875,profile/mve_refmat/256f.log
256f,mve_refmat,gf_mat_vec_mul,3,64,1,846443,13225.671875,13225.671875,profile/mve_refmat/256f.log
256f,mve_refmat,gf_mat_vec_mul,4,64,1,846442,13225.65625,13225.65625,profile/mve_refmat/256f.log
256f,mve_refmat,gf_mat_vec_mul,5,64,1,846443,13225.671875,13225.671875,profile/mve_refmat/256f.log
256f,mve_refmat,gf_mat_vec_mul,6,64,1,846443,13225.671875,13225.671875,profile/mve_refmat/256f.log
256f,mve_refmat,gf_mat_vec_mul,7,64,1,846443,13225.671875,13225.671875,profile/mve_refmat/256f.log
256f,mve_refmat,gf_mat_vec_mul,8,64,1,846443,13225.671875,13225.671875,profile/mve_refmat/256f.log
256f,mve_refmat,gf_mat_vec_mul,9,64,1,846443,13225.671875,13225.671875,profile/mve_refmat/256f.log
256f,mve_refmat,gf_mat_vec_mul,10,64,1,846443,13225.671875,13225.671875,profile/mve_refmat/256f.log
256f,mve_refmat,gf_mat_vec_mul,11,64,1,846443,13225.671875,13225.671875,profile/mve_refmat/256f.log
256f,mve_refmat,gf_mat_vec_mul,12,64,1,846443,13225.671875,13225.671875,profile/mve_refmat/256f.log
256f,mve_refmat,gf_mat_vec_mul,13,64,1,846443,13225.671875,13225.671875,profile/mve_refmat/256f.log
256f,mve_refmat,gf_mat_vec_mul,14,64,1,846479,13226.234375,13226.234375,profile/mve_refmat/256f.log
256f,mve_refmat,gf_mat_vec_mul,15,64,1,846443,13225.671875,13225.671875,profile/mve_refmat/256f.log
256f,mve_refmat,gf_mat_vec_mul,16,64,1,846442,13225.65625,13225.65625,profile/mve_refmat/256f.log
256f,mve_refmat,gf_mat_vec_mul,17,64,1,846442,13225.65625,13225.65625,profile/mve_refmat/256f.log
256f,mve_refmat,gf_mat_vec_mul,18,64,1,846478,13226.21875,13226.21875,profile/mve_refmat/256f.log
256f,mve_refmat,gf_mat_vec_mul,19,64,1,846480,13226.25,13226.25,profile/mve_refmat/256f.log
256f,mve_refmat,gf_mat_vec_mul,20,64,1,846444,13225.6875,13225.6875,profile/mve_refmat/256f.log
256f,mve_refmat,gf_mat_vec_mul,21,64,1,846443,13225.671875,13225.671875,profile/mve_refmat/256f.log
256f,mve_refmat,gf_mat_vec_mul,22,64,1,846442,13225.65625,13225.65625,profile/mve_refmat/256f.log
256f,mve_refmat,gf_mat_vec_mul,23,64,1,846443,13225.671875,13225.671875,profile/mve_refmat/256f.log
256f,mve_refmat,gf_mat_vec_mul,24,64,1,846443,13225.671875,13225.671875,profile/mve_refmat/256f.log
256f,mve_refmat,gf_mat_vec_mul,25,64,1,846443,13225.671875,13225.671875,profile/mve_refmat/256f.log
256f,mve_refmat,gf_mat_vec_mul,26,64,1,846443,13225.671875,13225.671875,profile/mve_refmat/256f.log
256f,mve_refmat,gf_mat_vec_mul,27,64,1,846443,13225.671875,13225.671875,profile/mve_refmat/256f.log
256f,mve_refmat,gf_mat_vec_mul,28,64,1,846443,13225.671875,13225.671875,profile/mve_refmat/256f.log
256f,mve_refmat,gf_mat_vec_mul,29,64,1,846443,13225.671875,13225.671875,profile/mve_refmat/256f.log
256f,mve_refmat,gf_mat_vec_mul,30,64,1,846443,13225.671875,13225.671875,profile/mve_refmat/256f.log
256f,mve_refmat,gf_mat_vec_mul_add,0,64,1,850340,13286.5625,13286.5625,profile/mve_refmat/256f.log
256f,mve_refmat,gf_mat_vec_mul_add,1,64,1,848970,13265.15625,13265.15625,profile/mve_refmat/256f.log
256f,mve_refmat,gf_mat_vec_mul_add,2,64,1,848968,13265.125,13265.125,profile/mve_refmat/256f.log
256f,mve_refmat,gf_mat_vec_mul_add,3,64,1,848968,13265.125,13265.125,profile/mve_refmat/256f.log
256f,mve_refmat,gf_mat_vec_mul_add,4,64,1,848968,13265.125,13265.125,profile/mve_refmat/256f.log
256f,mve_refmat,gf_mat_vec_mul_add,5,64,1,848968,13265.125,13265.125,profile/mve_refmat/256f.log
256f,mve_refmat,gf_mat_vec_mul_add,6,64,1,848968,13265.125,13265.125,profile/mve_refmat/256f.log
256f,mve_refmat,gf_mat_vec_mul_add,7,64,1,848971,13265.171875,13265.171875,profile/mve_refmat/256f.log
256f,mve_refmat,gf_mat_vec_mul_add,8,64,1,848968,13265.125,13265.125,profile/mve_refmat/256f.log
256f,mve_refmat,gf_mat_vec_mul_add,9,64,1,848968,13265.125,13265.125,profile/mve_refmat/256f.log
256f,mve_refmat,gf_mat_vec_mul_add,10,64,1,848968,13265.125,13265.125,profile/mve_refmat/256f.log
256f,mve_refmat,gf_mat_vec_mul_add,11,64,1,848968,13265.125,13265.125,profile/mve_refmat/256f.log
256f,mve_refmat,gf_mat_vec_mul_add,12,64,1,848968,13265.125,13265.125,profile/mve_refmat/256f.log
256f,mve_refmat,gf_mat_vec_mul_add,13,64,1,848968,13265.125,13265.125,profile/mve_refmat/256f.log
256f,mve_refmat,gf_mat_vec_mul_add,14,64,1,848971,13265.171875,13265.171875,profile/mve_refmat/256f.log
256f,mve_refmat,gf_mat_vec_mul_add,15,64,1,848968,13265.125,13265.125,profile/mve_refmat/256f.log
256f,mve_refmat,gf_mat_vec_mul_add,16,64,1,848969,13265.140625,13265.140625,profile/mve_refmat/256f.log
256f,mve_refmat,gf_mat_vec_mul_add,17,64,1,848972,13265.1875,13265.1875,profile/mve_refmat/256f.log
256f,mve_refmat,gf_mat_vec_mul_add,18,64,1,848969,13265.140625,13265.140625,profile/mve_refmat/256f.log
256f,mve_refmat,gf_mat_vec_mul_add,19,64,1,848971,13265.171875,13265.171875,profile/mve_refmat/256f.log
256f,mve_refmat,gf_mat_vec_mul_add,20,64,1,848968,13265.125,13265.125,profile/mve_refmat/256f.log
256f,mve_refmat,gf_mat_vec_mul_add,21,64,1,848968,13265.125,13265.125,profile/mve_refmat/256f.log
256f,mve_refmat,gf_mat_vec_mul_add,22,64,1,848968,13265.125,13265.125,profile/mve_refmat/256f.log
256f,mve_refmat,gf_mat_vec_mul_add,23,64,1,848968,13265.125,13265.125,profile/mve_refmat/256f.log
256f,mve_refmat,gf_mat_vec_mul_add,24,64,1,848968,13265.125,13265.125,profile/mve_refmat/256f.log
256f,mve_refmat,gf_mat_vec_mul_add,25,64,1,848968,13265.125,13265.125,profile/mve_refmat/256f.log
256f,mve_refmat,gf_mat_vec_mul_add,26,64,1,848971,13265.171875,13265.171875,profile/mve_refmat/256f.log
256f,mve_refmat,gf_mat_vec_mul_add,27,64,1,848968,13265.125,13265.125,profile/mve_refmat/256f.log
256f,mve_refmat,gf_mat_vec_mul_add,28,64,1,848968,13265.125,13265.125,profile/mve_refmat/256f.log
256f,mve_refmat,gf_mat_vec_mul_add,29,64,1,848968,13265.125,13265.125,profile/mve_refmat/256f.log
256f,mve_refmat,gf_mat_vec_mul_add,30,64,1,848968,13265.125,13265.125,profile/mve_refmat/256f.log
256f,mve_refmat,gf_sqr_batch4,0,64,4,98464,1538.5,384.625,profile/mve_refmat/256f.log
256f,mve_refmat,gf_sqr_batch4,1,64,4,96749,1511.703125,377.92578125,profile/mve_refmat/256f.log
256f,mve_refmat,gf_sqr_batch4,2,64,4,96745,1511.640625,377.91015625,profile/mve_refmat/256f.log
256f,mve_refmat,gf_sqr_batch4,3,64,4,96747,1511.671875,377.91796875,profile/mve_refmat/256f.log
256f,mve_refmat,gf_sqr_batch4,4,64,4,96750,1511.71875,377.9296875,profile/mve_refmat/256f.log
256f,mve_refmat,gf_sqr_batch4,5,64,4,96745,1511.640625,377.91015625,profile/mve_refmat/256f.log
256f,mve_refmat,gf_sqr_batch4,6,64,4,96747,1511.671875,377.91796875,profile/mve_refmat/256f.log
256f,mve_refmat,gf_sqr_batch4,7,64,4,96750,1511.71875,377.9296875,profile/mve_refmat/256f.log
256f,mve_refmat,gf_sqr_batch4,8,64,4,96745,1511.640625,377.91015625,profile/mve_refmat/256f.log
256f,mve_refmat,gf_sqr_batch4,9,64,4,96747,1511.671875,377.91796875,profile/mve_refmat/256f.log
256f,mve_refmat,gf_sqr_batch4,10,64,4,96750,1511.71875,377.9296875,profile/mve_refmat/256f.log
256f,mve_refmat,gf_sqr_batch4,11,64,4,96745,1511.640625,377.91015625,profile/mve_refmat/256f.log
256f,mve_refmat,gf_sqr_batch4,12,64,4,96747,1511.671875,377.91796875,profile/mve_refmat/256f.log
256f,mve_refmat,gf_sqr_batch4,13,64,4,96750,1511.71875,377.9296875,profile/mve_refmat/256f.log
256f,mve_refmat,gf_sqr_batch4,14,64,4,96745,1511.640625,377.91015625,profile/mve_refmat/256f.log
256f,mve_refmat,gf_sqr_batch4,15,64,4,96747,1511.671875,377.91796875,profile/mve_refmat/256f.log
256f,mve_refmat,gf_sqr_batch4,16,64,4,96750,1511.71875,377.9296875,profile/mve_refmat/256f.log
256f,mve_refmat,gf_sqr_batch4,17,64,4,96745,1511.640625,377.91015625,profile/mve_refmat/256f.log
256f,mve_refmat,gf_sqr_batch4,18,64,4,96747,1511.671875,377.91796875,profile/mve_refmat/256f.log
256f,mve_refmat,gf_sqr_batch4,19,64,4,96750,1511.71875,377.9296875,profile/mve_refmat/256f.log
256f,mve_refmat,gf_sqr_batch4,20,64,4,96745,1511.640625,377.91015625,profile/mve_refmat/256f.log
256f,mve_refmat,gf_sqr_batch4,21,64,4,96747,1511.671875,377.91796875,profile/mve_refmat/256f.log
256f,mve_refmat,gf_sqr_batch4,22,64,4,96750,1511.71875,377.9296875,profile/mve_refmat/256f.log
256f,mve_refmat,gf_sqr_batch4,23,64,4,96745,1511.640625,377.91015625,profile/mve_refmat/256f.log
256f,mve_refmat,gf_sqr_batch4,24,64,4,96747,1511.671875,377.91796875,profile/mve_refmat/256f.log
256f,mve_refmat,gf_sqr_batch4,25,64,4,96750,1511.71875,377.9296875,profile/mve_refmat/256f.log
256f,mve_refmat,gf_sqr_batch4,26,64,4,96745,1511.640625,377.91015625,profile/mve_refmat/256f.log
256f,mve_refmat,gf_sqr_batch4,27,64,4,96747,1511.671875,377.91796875,profile/mve_refmat/256f.log
256f,mve_refmat,gf_sqr_batch4,28,64,4,96750,1511.71875,377.9296875,profile/mve_refmat/256f.log
256f,mve_refmat,gf_sqr_batch4,29,64,4,96745,1511.640625,377.91015625,profile/mve_refmat/256f.log
256f,mve_refmat,gf_sqr_batch4,30,64,4,96747,1511.671875,377.91796875,profile/mve_refmat/256f.log
256f,mve_refmat,gf_frobenius_batch4_e3,0,8,4,19485,2435.625,608.90625,profile/mve_refmat/256f.log
256f,mve_refmat,gf_frobenius_batch4_e3,1,8,4,18368,2296.0,574.0,profile/mve_refmat/256f.log
256f,mve_refmat,gf_frobenius_batch4_e3,2,8,4,18366,2295.75,573.9375,profile/mve_refmat/256f.log
256f,mve_refmat,gf_frobenius_batch4_e3,3,8,4,18346,2293.25,573.3125,profile/mve_refmat/256f.log
256f,mve_refmat,gf_frobenius_batch4_e3,4,8,4,18347,2293.375,573.34375,profile/mve_refmat/256f.log
256f,mve_refmat,gf_frobenius_batch4_e3,5,8,4,18345,2293.125,573.28125,profile/mve_refmat/256f.log
256f,mve_refmat,gf_frobenius_batch4_e3,6,8,4,18344,2293.0,573.25,profile/mve_refmat/256f.log
256f,mve_refmat,gf_frobenius_batch4_e3,7,8,4,18344,2293.0,573.25,profile/mve_refmat/256f.log
256f,mve_refmat,gf_frobenius_batch4_e3,8,8,4,18345,2293.125,573.28125,profile/mve_refmat/256f.log
256f,mve_refmat,gf_frobenius_batch4_e3,9,8,4,18343,2292.875,573.21875,profile/mve_refmat/256f.log
256f,mve_refmat,gf_frobenius_batch4_e3,10,8,4,18346,2293.25,573.3125,profile/mve_refmat/256f.log
256f,mve_refmat,gf_frobenius_batch4_e3,11,8,4,18346,2293.25,573.3125,profile/mve_refmat/256f.log
256f,mve_refmat,gf_frobenius_batch4_e3,12,8,4,18347,2293.375,573.34375,profile/mve_refmat/256f.log
256f,mve_refmat,gf_frobenius_batch4_e3,13,8,4,18344,2293.0,573.25,profile/mve_refmat/256f.log
256f,mve_refmat,gf_frobenius_batch4_e3,14,8,4,18346,2293.25,573.3125,profile/mve_refmat/256f.log
256f,mve_refmat,gf_frobenius_batch4_e3,15,8,4,18345,2293.125,573.28125,profile/mve_refmat/256f.log
256f,mve_refmat,gf_frobenius_batch4_e3,16,8,4,18343,2292.875,573.21875,profile/mve_refmat/256f.log
256f,mve_refmat,gf_frobenius_batch4_e3,17,8,4,18346,2293.25,573.3125,profile/mve_refmat/256f.log
256f,mve_refmat,gf_frobenius_batch4_e3,18,8,4,18346,2293.25,573.3125,profile/mve_refmat/256f.log
256f,mve_refmat,gf_frobenius_batch4_e3,19,8,4,18347,2293.375,573.34375,profile/mve_refmat/256f.log
256f,mve_refmat,gf_frobenius_batch4_e3,20,8,4,18344,2293.0,573.25,profile/mve_refmat/256f.log
256f,mve_refmat,gf_frobenius_batch4_e3,21,8,4,18346,2293.25,573.3125,profile/mve_refmat/256f.log
256f,mve_refmat,gf_frobenius_batch4_e3,22,8,4,18345,2293.125,573.28125,profile/mve_refmat/256f.log
256f,mve_refmat,gf_frobenius_batch4_e3,23,8,4,18343,2292.875,573.21875,profile/mve_refmat/256f.log
256f,mve_refmat,gf_frobenius_batch4_e3,24,8,4,18346,2293.25,573.3125,profile/mve_refmat/256f.log
256f,mve_refmat,gf_frobenius_batch4_e3,25,8,4,18346,2293.25,573.3125,profile/mve_refmat/256f.log
256f,mve_refmat,gf_frobenius_batch4_e3,26,8,4,18347,2293.375,573.34375,profile/mve_refmat/256f.log
256f,mve_refmat,gf_frobenius_batch4_e3,27,8,4,18344,2293.0,573.25,profile/mve_refmat/256f.log
256f,mve_refmat,gf_frobenius_batch4_e3,28,8,4,18346,2293.25,573.3125,profile/mve_refmat/256f.log
256f,mve_refmat,gf_frobenius_batch4_e3,29,8,4,18345,2293.125,573.28125,profile/mve_refmat/256f.log
256f,mve_refmat,gf_frobenius_batch4_e3,30,8,4,18343,2292.875,573.21875,profile/mve_refmat/256f.log
256f,mve_refmat,gf_frobenius_batch4_e7,0,8,4,31193,3899.125,974.78125,profile/mve_refmat/256f.log
256f,mve_refmat,gf_frobenius_batch4_e7,1,8,4,30759,3844.875,961.21875,profile/mve_refmat/256f.log
256f,mve_refmat,gf_frobenius_batch4_e7,2,8,4,30756,3844.5,961.125,profile/mve_refmat/256f.log
256f,mve_refmat,gf_frobenius_batch4_e7,3,8,4,30764,3845.5,961.375,profile/mve_refmat/256f.log
256f,mve_refmat,gf_frobenius_batch4_e7,4,8,4,30732,3841.5,960.375,profile/mve_refmat/256f.log
256f,mve_refmat,gf_frobenius_batch4_e7,5,8,4,30732,3841.5,960.375,profile/mve_refmat/256f.log
256f,mve_refmat,gf_frobenius_batch4_e7,6,8,4,30732,3841.5,960.375,profile/mve_refmat/256f.log
256f,mve_refmat,gf_frobenius_batch4_e7,7,8,4,30724,3840.5,960.125,profile/mve_refmat/256f.log
256f,mve_refmat,gf_frobenius_batch4_e7,8,8,4,30724,3840.5,960.125,profile/mve_refmat/256f.log
256f,mve_refmat,gf_frobenius_batch4_e7,9,8,4,30724,3840.5,960.125,profile/mve_refmat/256f.log
256f,mve_refmat,gf_frobenius_batch4_e7,10,8,4,30732,3841.5,960.375,profile/mve_refmat/256f.log
256f,mve_refmat,gf_frobenius_batch4_e7,11,8,4,30732,3841.5,960.375,profile/mve_refmat/256f.log
256f,mve_refmat,gf_frobenius_batch4_e7,12,8,4,30732,3841.5,960.375,profile/mve_refmat/256f.log
256f,mve_refmat,gf_frobenius_batch4_e7,13,8,4,30732,3841.5,960.375,profile/mve_refmat/256f.log
256f,mve_refmat,gf_frobenius_batch4_e7,14,8,4,30732,3841.5,960.375,profile/mve_refmat/256f.log
256f,mve_refmat,gf_frobenius_batch4_e7,15,8,4,30732,3841.5,960.375,profile/mve_refmat/256f.log
256f,mve_refmat,gf_frobenius_batch4_e7,16,8,4,30724,3840.5,960.125,profile/mve_refmat/256f.log
256f,mve_refmat,gf_frobenius_batch4_e7,17,8,4,30724,3840.5,960.125,profile/mve_refmat/256f.log
256f,mve_refmat,gf_frobenius_batch4_e7,18,8,4,30724,3840.5,960.125,profile/mve_refmat/256f.log
256f,mve_refmat,gf_frobenius_batch4_e7,19,8,4,30732,3841.5,960.375,profile/mve_refmat/256f.log
256f,mve_refmat,gf_frobenius_batch4_e7,20,8,4,30732,3841.5,960.375,profile/mve_refmat/256f.log
256f,mve_refmat,gf_frobenius_batch4_e7,21,8,4,30732,3841.5,960.375,profile/mve_refmat/256f.log
256f,mve_refmat,gf_frobenius_batch4_e7,22,8,4,30732,3841.5,960.375,profile/mve_refmat/256f.log
256f,mve_refmat,gf_frobenius_batch4_e7,23,8,4,30732,3841.5,960.375,profile/mve_refmat/256f.log
256f,mve_refmat,gf_frobenius_batch4_e7,24,8,4,30732,3841.5,960.375,profile/mve_refmat/256f.log
256f,mve_refmat,gf_frobenius_batch4_e7,25,8,4,30724,3840.5,960.125,profile/mve_refmat/256f.log
256f,mve_refmat,gf_frobenius_batch4_e7,26,8,4,30724,3840.5,960.125,profile/mve_refmat/256f.log
256f,mve_refmat,gf_frobenius_batch4_e7,27,8,4,30724,3840.5,960.125,profile/mve_refmat/256f.log
256f,mve_refmat,gf_frobenius_batch4_e7,28,8,4,30732,3841.5,960.375,profile/mve_refmat/256f.log
256f,mve_refmat,gf_frobenius_batch4_e7,29,8,4,30732,3841.5,960.375,profile/mve_refmat/256f.log
256f,mve_refmat,gf_frobenius_batch4_e7,30,8,4,30732,3841.5,960.375,profile/mve_refmat/256f.log
256f,mve_refmat,gf_frobenius_batch4_e11,0,8,4,43485,5435.625,1358.90625,profile/mve_refmat/256f.log
256f,mve_refmat,gf_frobenius_batch4_e11,1,8,4,43176,5397.0,1349.25,profile/mve_refmat/256f.log
256f,mve_refmat,gf_frobenius_batch4_e11,2,8,4,43112,5389.0,1347.25,profile/mve_refmat/256f.log
256f,mve_refmat,gf_frobenius_batch4_e11,3,8,4,43115,5389.375,1347.34375,profile/mve_refmat/256f.log
256f,mve_refmat,gf_frobenius_batch4_e11,4,8,4,43112,5389.0,1347.25,profile/mve_refmat/256f.log
256f,mve_refmat,gf_frobenius_batch4_e11,5,8,4,43112,5389.0,1347.25,profile/mve_refmat/256f.log
256f,mve_refmat,gf_frobenius_batch4_e11,6,8,4,43115,5389.375,1347.34375,profile/mve_refmat/256f.log
256f,mve_refmat,gf_frobenius_batch4_e11,7,8,4,43112,5389.0,1347.25,profile/mve_refmat/256f.log
256f,mve_refmat,gf_frobenius_batch4_e11,8,8,4,43113,5389.125,1347.28125,profile/mve_refmat/256f.log
256f,mve_refmat,gf_frobenius_batch4_e11,9,8,4,43114,5389.25,1347.3125,profile/mve_refmat/256f.log
256f,mve_refmat,gf_frobenius_batch4_e11,10,8,4,43112,5389.0,1347.25,profile/mve_refmat/256f.log
256f,mve_refmat,gf_frobenius_batch4_e11,11,8,4,43114,5389.25,1347.3125,profile/mve_refmat/256f.log
256f,mve_refmat,gf_frobenius_batch4_e11,12,8,4,43113,5389.125,1347.28125,profile/mve_refmat/256f.log
256f,mve_refmat,gf_frobenius_batch4_e11,13,8,4,43112,5389.0,1347.25,profile/mve_refmat/256f.log
256f,mve_refmat,gf_frobenius_batch4_e11,14,8,4,43114,5389.25,1347.3125,profile/mve_refmat/256f.log
256f,mve_refmat,gf_frobenius_batch4_e11,15,8,4,43113,5389.125,1347.28125,profile/mve_refmat/256f.log
256f,mve_refmat,gf_frobenius_batch4_e11,16,8,4,43112,5389.0,1347.25,profile/mve_refmat/256f.log
256f,mve_refmat,gf_frobenius_batch4_e11,17,8,4,43114,5389.25,1347.3125,profile/mve_refmat/256f.log
256f,mve_refmat,gf_frobenius_batch4_e11,18,8,4,43112,5389.0,1347.25,profile/mve_refmat/256f.log
256f,mve_refmat,gf_frobenius_batch4_e11,19,8,4,43113,5389.125,1347.28125,profile/mve_refmat/256f.log
256f,mve_refmat,gf_frobenius_batch4_e11,20,8,4,43113,5389.125,1347.28125,profile/mve_refmat/256f.log
256f,mve_refmat,gf_frobenius_batch4_e11,21,8,4,43113,5389.125,1347.28125,profile/mve_refmat/256f.log
256f,mve_refmat,gf_frobenius_batch4_e11,22,8,4,43114,5389.25,1347.3125,profile/mve_refmat/256f.log
256f,mve_refmat,gf_frobenius_batch4_e11,23,8,4,43114,5389.25,1347.3125,profile/mve_refmat/256f.log
256f,mve_refmat,gf_frobenius_batch4_e11,24,8,4,43112,5389.0,1347.25,profile/mve_refmat/256f.log
256f,mve_refmat,gf_frobenius_batch4_e11,25,8,4,43114,5389.25,1347.3125,profile/mve_refmat/256f.log
256f,mve_refmat,gf_frobenius_batch4_e11,26,8,4,43113,5389.125,1347.28125,profile/mve_refmat/256f.log
256f,mve_refmat,gf_frobenius_batch4_e11,27,8,4,43112,5389.0,1347.25,profile/mve_refmat/256f.log
256f,mve_refmat,gf_frobenius_batch4_e11,28,8,4,43114,5389.25,1347.3125,profile/mve_refmat/256f.log
256f,mve_refmat,gf_frobenius_batch4_e11,29,8,4,43112,5389.0,1347.25,profile/mve_refmat/256f.log
256f,mve_refmat,gf_frobenius_batch4_e11,30,8,4,43113,5389.125,1347.28125,profile/mve_refmat/256f.log
256f,mve_refmat,gf_frobenius_batch4_e19,0,8,4,68186,8523.25,2130.8125,profile/mve_refmat/256f.log
256f,mve_refmat,gf_frobenius_batch4_e19,1,8,4,67880,8485.0,2121.25,profile/mve_refmat/256f.log
256f,mve_refmat,gf_frobenius_batch4_e19,2,8,4,67881,8485.125,2121.28125,profile/mve_refmat/256f.log
256f,mve_refmat,gf_frobenius_batch4_e19,3,8,4,67882,8485.25,2121.3125,profile/mve_refmat/256f.log
256f,mve_refmat,gf_frobenius_batch4_e19,4,8,4,67881,8485.125,2121.28125,profile/mve_refmat/256f.log
256f,mve_refmat,gf_frobenius_batch4_e19,5,8,4,67881,8485.125,2121.28125,profile/mve_refmat/256f.log
256f,mve_refmat,gf_frobenius_batch4_e19,6,8,4,67881,8485.125,2121.28125,profile/mve_refmat/256f.log
256f,mve_refmat,gf_frobenius_batch4_e19,7,8,4,67880,8485.0,2121.25,profile/mve_refmat/256f.log
256f,mve_refmat,gf_frobenius_batch4_e19,8,8,4,67881,8485.125,2121.28125,profile/mve_refmat/256f.log
256f,mve_refmat,gf_frobenius_batch4_e19,9,8,4,67880,8485.0,2121.25,profile/mve_refmat/256f.log
256f,mve_refmat,gf_frobenius_batch4_e19,10,8,4,67883,8485.375,2121.34375,profile/mve_refmat/256f.log
256f,mve_refmat,gf_frobenius_batch4_e19,11,8,4,67882,8485.25,2121.3125,profile/mve_refmat/256f.log
256f,mve_refmat,gf_frobenius_batch4_e19,12,8,4,67883,8485.375,2121.34375,profile/mve_refmat/256f.log
256f,mve_refmat,gf_frobenius_batch4_e19,13,8,4,67882,8485.25,2121.3125,profile/mve_refmat/256f.log
256f,mve_refmat,gf_frobenius_batch4_e19,14,8,4,67882,8485.25,2121.3125,profile/mve_refmat/256f.log
256f,mve_refmat,gf_frobenius_batch4_e19,15,8,4,67882,8485.25,2121.3125,profile/mve_refmat/256f.log
256f,mve_refmat,gf_frobenius_batch4_e19,16,8,4,67882,8485.25,2121.3125,profile/mve_refmat/256f.log
256f,mve_refmat,gf_frobenius_batch4_e19,17,8,4,67883,8485.375,2121.34375,profile/mve_refmat/256f.log
256f,mve_refmat,gf_frobenius_batch4_e19,18,8,4,67882,8485.25,2121.3125,profile/mve_refmat/256f.log
256f,mve_refmat,gf_frobenius_batch4_e19,19,8,4,67883,8485.375,2121.34375,profile/mve_refmat/256f.log
256f,mve_refmat,gf_frobenius_batch4_e19,20,8,4,67882,8485.25,2121.3125,profile/mve_refmat/256f.log
256f,mve_refmat,gf_frobenius_batch4_e19,21,8,4,67882,8485.25,2121.3125,profile/mve_refmat/256f.log
256f,mve_refmat,gf_frobenius_batch4_e19,22,8,4,67882,8485.25,2121.3125,profile/mve_refmat/256f.log
256f,mve_refmat,gf_frobenius_batch4_e19,23,8,4,67882,8485.25,2121.3125,profile/mve_refmat/256f.log
256f,mve_refmat,gf_frobenius_batch4_e19,24,8,4,67883,8485.375,2121.34375,profile/mve_refmat/256f.log
256f,mve_refmat,gf_frobenius_batch4_e19,25,8,4,67882,8485.25,2121.3125,profile/mve_refmat/256f.log
256f,mve_refmat,gf_frobenius_batch4_e19,26,8,4,67883,8485.375,2121.34375,profile/mve_refmat/256f.log
256f,mve_refmat,gf_frobenius_batch4_e19,27,8,4,67882,8485.25,2121.3125,profile/mve_refmat/256f.log
256f,mve_refmat,gf_frobenius_batch4_e19,28,8,4,67882,8485.25,2121.3125,profile/mve_refmat/256f.log
256f,mve_refmat,gf_frobenius_batch4_e19,29,8,4,67882,8485.25,2121.3125,profile/mve_refmat/256f.log
256f,mve_refmat,gf_frobenius_batch4_e19,30,8,4,67882,8485.25,2121.3125,profile/mve_refmat/256f.log
256f,mve_refmat,gf_mul_const_batch4,0,64,4,2392480,37382.5,9345.625,profile/mve_refmat/256f.log
256f,mve_refmat,gf_mul_const_batch4,1,64,4,2391237,37363.078125,9340.76953125,profile/mve_refmat/256f.log
256f,mve_refmat,gf_mul_const_batch4,2,64,4,2391237,37363.078125,9340.76953125,profile/mve_refmat/256f.log
256f,mve_refmat,gf_mul_const_batch4,3,64,4,2391237,37363.078125,9340.76953125,profile/mve_refmat/256f.log
256f,mve_refmat,gf_mul_const_batch4,4,64,4,2391237,37363.078125,9340.76953125,profile/mve_refmat/256f.log
256f,mve_refmat,gf_mul_const_batch4,5,64,4,2391237,37363.078125,9340.76953125,profile/mve_refmat/256f.log
256f,mve_refmat,gf_mul_const_batch4,6,64,4,2391238,37363.09375,9340.7734375,profile/mve_refmat/256f.log
256f,mve_refmat,gf_mul_const_batch4,7,64,4,2391237,37363.078125,9340.76953125,profile/mve_refmat/256f.log
256f,mve_refmat,gf_mul_const_batch4,8,64,4,2391237,37363.078125,9340.76953125,profile/mve_refmat/256f.log
256f,mve_refmat,gf_mul_const_batch4,9,64,4,2391237,37363.078125,9340.76953125,profile/mve_refmat/256f.log
256f,mve_refmat,gf_mul_const_batch4,10,64,4,2391237,37363.078125,9340.76953125,profile/mve_refmat/256f.log
256f,mve_refmat,gf_mul_const_batch4,11,64,4,2391237,37363.078125,9340.76953125,profile/mve_refmat/256f.log
256f,mve_refmat,gf_mul_const_batch4,12,64,4,2391237,37363.078125,9340.76953125,profile/mve_refmat/256f.log
256f,mve_refmat,gf_mul_const_batch4,13,64,4,2391237,37363.078125,9340.76953125,profile/mve_refmat/256f.log
256f,mve_refmat,gf_mul_const_batch4,14,64,4,2391237,37363.078125,9340.76953125,profile/mve_refmat/256f.log
256f,mve_refmat,gf_mul_const_batch4,15,64,4,2391237,37363.078125,9340.76953125,profile/mve_refmat/256f.log
256f,mve_refmat,gf_mul_const_batch4,16,64,4,2391237,37363.078125,9340.76953125,profile/mve_refmat/256f.log
256f,mve_refmat,gf_mul_const_batch4,17,64,4,2391237,37363.078125,9340.76953125,profile/mve_refmat/256f.log
256f,mve_refmat,gf_mul_const_batch4,18,64,4,2391237,37363.078125,9340.76953125,profile/mve_refmat/256f.log
256f,mve_refmat,gf_mul_const_batch4,19,64,4,2391237,37363.078125,9340.76953125,profile/mve_refmat/256f.log
256f,mve_refmat,gf_mul_const_batch4,20,64,4,2391237,37363.078125,9340.76953125,profile/mve_refmat/256f.log
256f,mve_refmat,gf_mul_const_batch4,21,64,4,2391237,37363.078125,9340.76953125,profile/mve_refmat/256f.log
256f,mve_refmat,gf_mul_const_batch4,22,64,4,2391237,37363.078125,9340.76953125,profile/mve_refmat/256f.log
256f,mve_refmat,gf_mul_const_batch4,23,64,4,2391237,37363.078125,9340.76953125,profile/mve_refmat/256f.log
256f,mve_refmat,gf_mul_const_batch4,24,64,4,2391237,37363.078125,9340.76953125,profile/mve_refmat/256f.log
256f,mve_refmat,gf_mul_const_batch4,25,64,4,2391237,37363.078125,9340.76953125,profile/mve_refmat/256f.log
256f,mve_refmat,gf_mul_const_batch4,26,64,4,2391237,37363.078125,9340.76953125,profile/mve_refmat/256f.log
256f,mve_refmat,gf_mul_const_batch4,27,64,4,2391237,37363.078125,9340.76953125,profile/mve_refmat/256f.log
256f,mve_refmat,gf_mul_const_batch4,28,64,4,2391237,37363.078125,9340.76953125,profile/mve_refmat/256f.log
256f,mve_refmat,gf_mul_const_batch4,29,64,4,2391237,37363.078125,9340.76953125,profile/mve_refmat/256f.log
256f,mve_refmat,gf_mul_const_batch4,30,64,4,2391237,37363.078125,9340.76953125,profile/mve_refmat/256f.log
256f,mve_refmat,aim3_mpc_batch4,0,8,4,3573844,446730.5,111682.625,profile/mve_refmat/256f.log
256f,mve_refmat,aim3_mpc_batch4,1,8,4,3555311,444413.875,111103.46875,profile/mve_refmat/256f.log
256f,mve_refmat,aim3_mpc_batch4,2,8,4,3556400,444550.0,111137.5,profile/mve_refmat/256f.log
256f,mve_refmat,aim3_mpc_batch4,3,8,4,3548143,443517.875,110879.46875,profile/mve_refmat/256f.log
256f,mve_refmat,aim3_mpc_batch4,4,8,4,3548136,443517.0,110879.25,profile/mve_refmat/256f.log
256f,mve_refmat,aim3_mpc_batch4,5,8,4,3545519,443189.875,110797.46875,profile/mve_refmat/256f.log
256f,mve_refmat,aim3_mpc_batch4,6,8,4,3545580,443197.5,110799.375,profile/mve_refmat/256f.log
256f,mve_refmat,aim3_mpc_batch4,7,8,4,3548566,443570.75,110892.6875,profile/mve_refmat/256f.log
256f,mve_refmat,aim3_mpc_batch4,8,8,4,3545529,443191.125,110797.78125,profile/mve_refmat/256f.log
256f,mve_refmat,aim3_mpc_batch4,9,8,4,3542077,442759.625,110689.90625,profile/mve_refmat/256f.log
256f,mve_refmat,aim3_mpc_batch4,10,8,4,3542053,442756.625,110689.15625,profile/mve_refmat/256f.log
256f,mve_refmat,aim3_mpc_batch4,11,8,4,3543322,442915.25,110728.8125,profile/mve_refmat/256f.log
256f,mve_refmat,aim3_mpc_batch4,12,8,4,3543289,442911.125,110727.78125,profile/mve_refmat/256f.log
256f,mve_refmat,aim3_mpc_batch4,13,8,4,3543307,442913.375,110728.34375,profile/mve_refmat/256f.log
256f,mve_refmat,aim3_mpc_batch4,14,8,4,3542554,442819.25,110704.8125,profile/mve_refmat/256f.log
256f,mve_refmat,aim3_mpc_batch4,15,8,4,3542668,442833.5,110708.375,profile/mve_refmat/256f.log
256f,mve_refmat,aim3_mpc_batch4,16,8,4,3542668,442833.5,110708.375,profile/mve_refmat/256f.log
256f,mve_refmat,aim3_mpc_batch4,17,8,4,3542668,442833.5,110708.375,profile/mve_refmat/256f.log
256f,mve_refmat,aim3_mpc_batch4,18,8,4,3542668,442833.5,110708.375,profile/mve_refmat/256f.log
256f,mve_refmat,aim3_mpc_batch4,19,8,4,3542668,442833.5,110708.375,profile/mve_refmat/256f.log
256f,mve_refmat,aim3_mpc_batch4,20,8,4,3542668,442833.5,110708.375,profile/mve_refmat/256f.log
256f,mve_refmat,aim3_mpc_batch4,21,8,4,3542668,442833.5,110708.375,profile/mve_refmat/256f.log
256f,mve_refmat,aim3_mpc_batch4,22,8,4,3542668,442833.5,110708.375,profile/mve_refmat/256f.log
256f,mve_refmat,aim3_mpc_batch4,23,8,4,3542668,442833.5,110708.375,profile/mve_refmat/256f.log
256f,mve_refmat,aim3_mpc_batch4,24,8,4,3542668,442833.5,110708.375,profile/mve_refmat/256f.log
256f,mve_refmat,aim3_mpc_batch4,25,8,4,3542668,442833.5,110708.375,profile/mve_refmat/256f.log
256f,mve_refmat,aim3_mpc_batch4,26,8,4,3542668,442833.5,110708.375,profile/mve_refmat/256f.log
256f,mve_refmat,aim3_mpc_batch4,27,8,4,3543619,442952.375,110738.09375,profile/mve_refmat/256f.log
256f,mve_refmat,aim3_mpc_batch4,28,8,4,3543629,442953.625,110738.40625,profile/mve_refmat/256f.log
256f,mve_refmat,aim3_mpc_batch4,29,8,4,3543628,442953.5,110738.375,profile/mve_refmat/256f.log
256f,mve_refmat,aim3_mpc_batch4,30,8,4,3543629,442953.625,110738.40625,profile/mve_refmat/256f.log
256f,mve_refmat,aim3_mpc_batch4_affine,0,8,4,3404939,425617.375,106404.34375,profile/mve_refmat/256f.log
256f,mve_refmat,aim3_mpc_batch4_affine,1,8,4,3388182,423522.75,105880.6875,profile/mve_refmat/256f.log
256f,mve_refmat,aim3_mpc_batch4_affine,2,8,4,3389306,423663.25,105915.8125,profile/mve_refmat/256f.log
256f,mve_refmat,aim3_mpc_batch4_affine,3,8,4,3381056,422632.0,105658.0,profile/mve_refmat/256f.log
256f,mve_refmat,aim3_mpc_batch4_affine,4,8,4,3381048,422631.0,105657.75,profile/mve_refmat/256f.log
256f,mve_refmat,aim3_mpc_batch4_affine,5,8,4,3378425,422303.125,105575.78125,profile/mve_refmat/256f.log
256f,mve_refmat,aim3_mpc_batch4_affine,6,8,4,3378491,422311.375,105577.84375,profile/mve_refmat/256f.log
256f,mve_refmat,aim3_mpc_batch4_affine,7,8,4,3381469,422683.625,105670.90625,profile/mve_refmat/256f.log
256f,mve_refmat,aim3_mpc_batch4_affine,8,8,4,3378438,422304.75,105576.1875,profile/mve_refmat/256f.log
256f,mve_refmat,aim3_mpc_batch4_affine,9,8,4,3374990,421873.75,105468.4375,profile/mve_refmat/256f.log
256f,mve_refmat,aim3_mpc_batch4_affine,10,8,4,3374966,421870.75,105467.6875,profile/mve_refmat/256f.log
256f,mve_refmat,aim3_mpc_batch4_affine,11,8,4,3376228,422028.5,105507.125,profile/mve_refmat/256f.log
256f,mve_refmat,aim3_mpc_batch4_affine,12,8,4,3376203,422025.375,105506.34375,profile/mve_refmat/256f.log
256f,mve_refmat,aim3_mpc_batch4_affine,13,8,4,3376218,422027.25,105506.8125,profile/mve_refmat/256f.log
256f,mve_refmat,aim3_mpc_batch4_affine,14,8,4,3375456,421932.0,105483.0,profile/mve_refmat/256f.log
256f,mve_refmat,aim3_mpc_batch4_affine,15,8,4,3375570,421946.25,105486.5625,profile/mve_refmat/256f.log
256f,mve_refmat,aim3_mpc_batch4_affine,16,8,4,3375570,421946.25,105486.5625,profile/mve_refmat/256f.log
256f,mve_refmat,aim3_mpc_batch4_affine,17,8,4,3375570,421946.25,105486.5625,profile/mve_refmat/256f.log
256f,mve_refmat,aim3_mpc_batch4_affine,18,8,4,3375570,421946.25,105486.5625,profile/mve_refmat/256f.log
256f,mve_refmat,aim3_mpc_batch4_affine,19,8,4,3375570,421946.25,105486.5625,profile/mve_refmat/256f.log
256f,mve_refmat,aim3_mpc_batch4_affine,20,8,4,3375570,421946.25,105486.5625,profile/mve_refmat/256f.log
256f,mve_refmat,aim3_mpc_batch4_affine,21,8,4,3375568,421946.0,105486.5,profile/mve_refmat/256f.log
256f,mve_refmat,aim3_mpc_batch4_affine,22,8,4,3375570,421946.25,105486.5625,profile/mve_refmat/256f.log
256f,mve_refmat,aim3_mpc_batch4_affine,23,8,4,3375570,421946.25,105486.5625,profile/mve_refmat/256f.log
256f,mve_refmat,aim3_mpc_batch4_affine,24,8,4,3375570,421946.25,105486.5625,profile/mve_refmat/256f.log
256f,mve_refmat,aim3_mpc_batch4_affine,25,8,4,3375570,421946.25,105486.5625,profile/mve_refmat/256f.log
256f,mve_refmat,aim3_mpc_batch4_affine,26,8,4,3375570,421946.25,105486.5625,profile/mve_refmat/256f.log
256f,mve_refmat,aim3_mpc_batch4_affine,27,8,4,3376532,422066.5,105516.625,profile/mve_refmat/256f.log
256f,mve_refmat,aim3_mpc_batch4_affine,28,8,4,3376539,422067.375,105516.84375,profile/mve_refmat/256f.log
256f,mve_refmat,aim3_mpc_batch4_affine,29,8,4,3376541,422067.625,105516.90625,profile/mve_refmat/256f.log
256f,mve_refmat,aim3_mpc_batch4_affine,30,8,4,3376539,422067.375,105516.84375,profile/mve_refmat/256f.log
256f,mve_refmat,aim3_mpc_batch4_frobenius,0,8,4,167661,20957.625,5239.40625,profile/mve_refmat/256f.log
256f,mve_refmat,aim3_mpc_batch4_frobenius,1,8,4,166037,20754.625,5188.65625,profile/mve_refmat/256f.log
256f,mve_refmat,aim3_mpc_batch4_frobenius,2,8,4,166029,20753.625,5188.40625,profile/mve_refmat/256f.log
256f,mve_refmat,aim3_mpc_batch4_frobenius,3,8,4,166024,20753.0,5188.25,profile/mve_refmat/256f.log
256f,mve_refmat,aim3_mpc_batch4_frobenius,4,8,4,166024,20753.0,5188.25,profile/mve_refmat/256f.log
256f,mve_refmat,aim3_mpc_batch4_frobenius,5,8,4,166035,20754.375,5188.59375,profile/mve_refmat/256f.log
256f,mve_refmat,aim3_mpc_batch4_frobenius,6,8,4,166031,20753.875,5188.46875,profile/mve_refmat/256f.log
256f,mve_refmat,aim3_mpc_batch4_frobenius,7,8,4,166032,20754.0,5188.5,profile/mve_refmat/256f.log
256f,mve_refmat,aim3_mpc_batch4_frobenius,8,8,4,166034,20754.25,5188.5625,profile/mve_refmat/256f.log
256f,mve_refmat,aim3_mpc_batch4_frobenius,9,8,4,166024,20753.0,5188.25,profile/mve_refmat/256f.log
256f,mve_refmat,aim3_mpc_batch4_frobenius,10,8,4,166032,20754.0,5188.5,profile/mve_refmat/256f.log
256f,mve_refmat,aim3_mpc_batch4_frobenius,11,8,4,166035,20754.375,5188.59375,profile/mve_refmat/256f.log
256f,mve_refmat,aim3_mpc_batch4_frobenius,12,8,4,166028,20753.5,5188.375,profile/mve_refmat/256f.log
256f,mve_refmat,aim3_mpc_batch4_frobenius,13,8,4,166029,20753.625,5188.40625,profile/mve_refmat/256f.log
256f,mve_refmat,aim3_mpc_batch4_frobenius,14,8,4,166032,20754.0,5188.5,profile/mve_refmat/256f.log
256f,mve_refmat,aim3_mpc_batch4_frobenius,15,8,4,166035,20754.375,5188.59375,profile/mve_refmat/256f.log
256f,mve_refmat,aim3_mpc_batch4_frobenius,16,8,4,166035,20754.375,5188.59375,profile/mve_refmat/256f.log
256f,mve_refmat,aim3_mpc_batch4_frobenius,17,8,4,166035,20754.375,5188.59375,profile/mve_refmat/256f.log
256f,mve_refmat,aim3_mpc_batch4_frobenius,18,8,4,166035,20754.375,5188.59375,profile/mve_refmat/256f.log
256f,mve_refmat,aim3_mpc_batch4_frobenius,19,8,4,166035,20754.375,5188.59375,profile/mve_refmat/256f.log
256f,mve_refmat,aim3_mpc_batch4_frobenius,20,8,4,166035,20754.375,5188.59375,profile/mve_refmat/256f.log
256f,mve_refmat,aim3_mpc_batch4_frobenius,21,8,4,166034,20754.25,5188.5625,profile/mve_refmat/256f.log
256f,mve_refmat,aim3_mpc_batch4_frobenius,22,8,4,166035,20754.375,5188.59375,profile/mve_refmat/256f.log
256f,mve_refmat,aim3_mpc_batch4_frobenius,23,8,4,166035,20754.375,5188.59375,profile/mve_refmat/256f.log
256f,mve_refmat,aim3_mpc_batch4_frobenius,24,8,4,166035,20754.375,5188.59375,profile/mve_refmat/256f.log
256f,mve_refmat,aim3_mpc_batch4_frobenius,25,8,4,166035,20754.375,5188.59375,profile/mve_refmat/256f.log
256f,mve_refmat,aim3_mpc_batch4_frobenius,26,8,4,166035,20754.375,5188.59375,profile/mve_refmat/256f.log
256f,mve_refmat,aim3_mpc_batch4_frobenius,27,8,4,166030,20753.75,5188.4375,profile/mve_refmat/256f.log
256f,mve_refmat,aim3_mpc_batch4_frobenius,28,8,4,166031,20753.875,5188.46875,profile/mve_refmat/256f.log
256f,mve_refmat,aim3_mpc_batch4_frobenius,29,8,4,166030,20753.75,5188.4375,profile/mve_refmat/256f.log
256f,mve_refmat,aim3_mpc_batch4_frobenius,30,8,4,166031,20753.875,5188.46875,profile/mve_refmat/256f.log
256f,mve_refmat,aim3_mpc_scalar,0,8,1,1020661,127582.625,127582.625,profile/mve_refmat/256f.log
256f,mve_refmat,aim3_mpc_scalar,1,8,1,1019870,127483.75,127483.75,profile/mve_refmat/256f.log
256f,mve_refmat,aim3_mpc_scalar,2,8,1,1019927,127490.875,127490.875,profile/mve_refmat/256f.log
256f,mve_refmat,aim3_mpc_scalar,3,8,1,1018651,127331.375,127331.375,profile/mve_refmat/256f.log
256f,mve_refmat,aim3_mpc_scalar,4,8,1,1018796,127349.5,127349.5,profile/mve_refmat/256f.log
256f,mve_refmat,aim3_mpc_scalar,5,8,1,1018664,127333.0,127333.0,profile/mve_refmat/256f.log
256f,mve_refmat,aim3_mpc_scalar,6,8,1,1018796,127349.5,127349.5,profile/mve_refmat/256f.log
256f,mve_refmat,aim3_mpc_scalar,7,8,1,1018664,127333.0,127333.0,profile/mve_refmat/256f.log
256f,mve_refmat,aim3_mpc_scalar,8,8,1,1018796,127349.5,127349.5,profile/mve_refmat/256f.log
256f,mve_refmat,aim3_mpc_scalar,9,8,1,1018664,127333.0,127333.0,profile/mve_refmat/256f.log
256f,mve_refmat,aim3_mpc_scalar,10,8,1,1018796,127349.5,127349.5,profile/mve_refmat/256f.log
256f,mve_refmat,aim3_mpc_scalar,11,8,1,1018664,127333.0,127333.0,profile/mve_refmat/256f.log
256f,mve_refmat,aim3_mpc_scalar,12,8,1,1018796,127349.5,127349.5,profile/mve_refmat/256f.log
256f,mve_refmat,aim3_mpc_scalar,13,8,1,1018665,127333.125,127333.125,profile/mve_refmat/256f.log
256f,mve_refmat,aim3_mpc_scalar,14,8,1,1018796,127349.5,127349.5,profile/mve_refmat/256f.log
256f,mve_refmat,aim3_mpc_scalar,15,8,1,1018664,127333.0,127333.0,profile/mve_refmat/256f.log
256f,mve_refmat,aim3_mpc_scalar,16,8,1,1018796,127349.5,127349.5,profile/mve_refmat/256f.log
256f,mve_refmat,aim3_mpc_scalar,17,8,1,1018664,127333.0,127333.0,profile/mve_refmat/256f.log
256f,mve_refmat,aim3_mpc_scalar,18,8,1,1018796,127349.5,127349.5,profile/mve_refmat/256f.log
256f,mve_refmat,aim3_mpc_scalar,19,8,1,1018664,127333.0,127333.0,profile/mve_refmat/256f.log
256f,mve_refmat,aim3_mpc_scalar,20,8,1,1018796,127349.5,127349.5,profile/mve_refmat/256f.log
256f,mve_refmat,aim3_mpc_scalar,21,8,1,1018664,127333.0,127333.0,profile/mve_refmat/256f.log
256f,mve_refmat,aim3_mpc_scalar,22,8,1,1018796,127349.5,127349.5,profile/mve_refmat/256f.log
256f,mve_refmat,aim3_mpc_scalar,23,8,1,1018664,127333.0,127333.0,profile/mve_refmat/256f.log
256f,mve_refmat,aim3_mpc_scalar,24,8,1,1018796,127349.5,127349.5,profile/mve_refmat/256f.log
256f,mve_refmat,aim3_mpc_scalar,25,8,1,1018664,127333.0,127333.0,profile/mve_refmat/256f.log
256f,mve_refmat,aim3_mpc_scalar,26,8,1,1018796,127349.5,127349.5,profile/mve_refmat/256f.log
256f,mve_refmat,aim3_mpc_scalar,27,8,1,1018664,127333.0,127333.0,profile/mve_refmat/256f.log
256f,mve_refmat,aim3_mpc_scalar,28,8,1,1018796,127349.5,127349.5,profile/mve_refmat/256f.log
256f,mve_refmat,aim3_mpc_scalar,29,8,1,1018664,127333.0,127333.0,profile/mve_refmat/256f.log
256f,mve_refmat,aim3_mpc_scalar,30,8,1,1018796,127349.5,127349.5,profile/mve_refmat/256f.log
256s,mve_refmat,gf_mul,0,64,1,147760,2308.75,2308.75,profile/mve_refmat/256s.log
256s,mve_refmat,gf_mul,1,64,1,146438,2288.09375,2288.09375,profile/mve_refmat/256s.log
256s,mve_refmat,gf_mul,2,64,1,146438,2288.09375,2288.09375,profile/mve_refmat/256s.log
256s,mve_refmat,gf_mul,3,64,1,146438,2288.09375,2288.09375,profile/mve_refmat/256s.log
256s,mve_refmat,gf_mul,4,64,1,146438,2288.09375,2288.09375,profile/mve_refmat/256s.log
256s,mve_refmat,gf_mul,5,64,1,146438,2288.09375,2288.09375,profile/mve_refmat/256s.log
256s,mve_refmat,gf_mul,6,64,1,146438,2288.09375,2288.09375,profile/mve_refmat/256s.log
256s,mve_refmat,gf_mul,7,64,1,146438,2288.09375,2288.09375,profile/mve_refmat/256s.log
256s,mve_refmat,gf_mul,8,64,1,146438,2288.09375,2288.09375,profile/mve_refmat/256s.log
256s,mve_refmat,gf_mul,9,64,1,146438,2288.09375,2288.09375,profile/mve_refmat/256s.log
256s,mve_refmat,gf_mul,10,64,1,146438,2288.09375,2288.09375,profile/mve_refmat/256s.log
256s,mve_refmat,gf_mul,11,64,1,146438,2288.09375,2288.09375,profile/mve_refmat/256s.log
256s,mve_refmat,gf_mul,12,64,1,146438,2288.09375,2288.09375,profile/mve_refmat/256s.log
256s,mve_refmat,gf_mul,13,64,1,146438,2288.09375,2288.09375,profile/mve_refmat/256s.log
256s,mve_refmat,gf_mul,14,64,1,146438,2288.09375,2288.09375,profile/mve_refmat/256s.log
256s,mve_refmat,gf_mul,15,64,1,146438,2288.09375,2288.09375,profile/mve_refmat/256s.log
256s,mve_refmat,gf_mul,16,64,1,146438,2288.09375,2288.09375,profile/mve_refmat/256s.log
256s,mve_refmat,gf_mul,17,64,1,146438,2288.09375,2288.09375,profile/mve_refmat/256s.log
256s,mve_refmat,gf_mul,18,64,1,146438,2288.09375,2288.09375,profile/mve_refmat/256s.log
256s,mve_refmat,gf_mul,19,64,1,146438,2288.09375,2288.09375,profile/mve_refmat/256s.log
256s,mve_refmat,gf_mul,20,64,1,146438,2288.09375,2288.09375,profile/mve_refmat/256s.log
256s,mve_refmat,gf_mul,21,64,1,146438,2288.09375,2288.09375,profile/mve_refmat/256s.log
256s,mve_refmat,gf_mul,22,64,1,146438,2288.09375,2288.09375,profile/mve_refmat/256s.log
256s,mve_refmat,gf_mul,23,64,1,146438,2288.09375,2288.09375,profile/mve_refmat/256s.log
256s,mve_refmat,gf_mul,24,64,1,146438,2288.09375,2288.09375,profile/mve_refmat/256s.log
256s,mve_refmat,gf_mul,25,64,1,146438,2288.09375,2288.09375,profile/mve_refmat/256s.log
256s,mve_refmat,gf_mul,26,64,1,146438,2288.09375,2288.09375,profile/mve_refmat/256s.log
256s,mve_refmat,gf_mul,27,64,1,146438,2288.09375,2288.09375,profile/mve_refmat/256s.log
256s,mve_refmat,gf_mul,28,64,1,146438,2288.09375,2288.09375,profile/mve_refmat/256s.log
256s,mve_refmat,gf_mul,29,64,1,146438,2288.09375,2288.09375,profile/mve_refmat/256s.log
256s,mve_refmat,gf_mul,30,64,1,146438,2288.09375,2288.09375,profile/mve_refmat/256s.log
256s,mve_refmat,gf_sqr,0,64,1,37912,592.375,592.375,profile/mve_refmat/256s.log
256s,mve_refmat,gf_sqr,1,64,1,36228,566.0625,566.0625,profile/mve_refmat/256s.log
256s,mve_refmat,gf_sqr,2,64,1,36228,566.0625,566.0625,profile/mve_refmat/256s.log
256s,mve_refmat,gf_sqr,3,64,1,36228,566.0625,566.0625,profile/mve_refmat/256s.log
256s,mve_refmat,gf_sqr,4,64,1,36228,566.0625,566.0625,profile/mve_refmat/256s.log
256s,mve_refmat,gf_sqr,5,64,1,36228,566.0625,566.0625,profile/mve_refmat/256s.log
256s,mve_refmat,gf_sqr,6,64,1,36228,566.0625,566.0625,profile/mve_refmat/256s.log
256s,mve_refmat,gf_sqr,7,64,1,36228,566.0625,566.0625,profile/mve_refmat/256s.log
256s,mve_refmat,gf_sqr,8,64,1,36228,566.0625,566.0625,profile/mve_refmat/256s.log
256s,mve_refmat,gf_sqr,9,64,1,36228,566.0625,566.0625,profile/mve_refmat/256s.log
256s,mve_refmat,gf_sqr,10,64,1,36228,566.0625,566.0625,profile/mve_refmat/256s.log
256s,mve_refmat,gf_sqr,11,64,1,36228,566.0625,566.0625,profile/mve_refmat/256s.log
256s,mve_refmat,gf_sqr,12,64,1,36228,566.0625,566.0625,profile/mve_refmat/256s.log
256s,mve_refmat,gf_sqr,13,64,1,36228,566.0625,566.0625,profile/mve_refmat/256s.log
256s,mve_refmat,gf_sqr,14,64,1,36228,566.0625,566.0625,profile/mve_refmat/256s.log
256s,mve_refmat,gf_sqr,15,64,1,36228,566.0625,566.0625,profile/mve_refmat/256s.log
256s,mve_refmat,gf_sqr,16,64,1,36228,566.0625,566.0625,profile/mve_refmat/256s.log
256s,mve_refmat,gf_sqr,17,64,1,36228,566.0625,566.0625,profile/mve_refmat/256s.log
256s,mve_refmat,gf_sqr,18,64,1,36228,566.0625,566.0625,profile/mve_refmat/256s.log
256s,mve_refmat,gf_sqr,19,64,1,36228,566.0625,566.0625,profile/mve_refmat/256s.log
256s,mve_refmat,gf_sqr,20,64,1,36228,566.0625,566.0625,profile/mve_refmat/256s.log
256s,mve_refmat,gf_sqr,21,64,1,36228,566.0625,566.0625,profile/mve_refmat/256s.log
256s,mve_refmat,gf_sqr,22,64,1,36228,566.0625,566.0625,profile/mve_refmat/256s.log
256s,mve_refmat,gf_sqr,23,64,1,36228,566.0625,566.0625,profile/mve_refmat/256s.log
256s,mve_refmat,gf_sqr,24,64,1,36228,566.0625,566.0625,profile/mve_refmat/256s.log
256s,mve_refmat,gf_sqr,25,64,1,36228,566.0625,566.0625,profile/mve_refmat/256s.log
256s,mve_refmat,gf_sqr,26,64,1,36228,566.0625,566.0625,profile/mve_refmat/256s.log
256s,mve_refmat,gf_sqr,27,64,1,36228,566.0625,566.0625,profile/mve_refmat/256s.log
256s,mve_refmat,gf_sqr,28,64,1,36228,566.0625,566.0625,profile/mve_refmat/256s.log
256s,mve_refmat,gf_sqr,29,64,1,36228,566.0625,566.0625,profile/mve_refmat/256s.log
256s,mve_refmat,gf_sqr,30,64,1,36228,566.0625,566.0625,profile/mve_refmat/256s.log
256s,mve_refmat,gf_inv,0,8,1,5798168,724771.0,724771.0,profile/mve_refmat/256s.log
256s,mve_refmat,gf_inv,1,8,1,5797989,724748.625,724748.625,profile/mve_refmat/256s.log
256s,mve_refmat,gf_inv,2,8,1,5797989,724748.625,724748.625,profile/mve_refmat/256s.log
256s,mve_refmat,gf_inv,3,8,1,5797990,724748.75,724748.75,profile/mve_refmat/256s.log
256s,mve_refmat,gf_inv,4,8,1,5797989,724748.625,724748.625,profile/mve_refmat/256s.log
256s,mve_refmat,gf_inv,5,8,1,5797989,724748.625,724748.625,profile/mve_refmat/256s.log
256s,mve_refmat,gf_inv,6,8,1,5797989,724748.625,724748.625,profile/mve_refmat/256s.log
256s,mve_refmat,gf_inv,7,8,1,5797989,724748.625,724748.625,profile/mve_refmat/256s.log
256s,mve_refmat,gf_inv,8,8,1,5797989,724748.625,724748.625,profile/mve_refmat/256s.log
256s,mve_refmat,gf_inv,9,8,1,5797989,724748.625,724748.625,profile/mve_refmat/256s.log
256s,mve_refmat,gf_inv,10,8,1,5797989,724748.625,724748.625,profile/mve_refmat/256s.log
256s,mve_refmat,gf_inv,11,8,1,5797989,724748.625,724748.625,profile/mve_refmat/256s.log
256s,mve_refmat,gf_inv,12,8,1,5797989,724748.625,724748.625,profile/mve_refmat/256s.log
256s,mve_refmat,gf_inv,13,8,1,5797989,724748.625,724748.625,profile/mve_refmat/256s.log
256s,mve_refmat,gf_inv,14,8,1,5797990,724748.75,724748.75,profile/mve_refmat/256s.log
256s,mve_refmat,gf_inv,15,8,1,5797989,724748.625,724748.625,profile/mve_refmat/256s.log
256s,mve_refmat,gf_inv,16,8,1,5797989,724748.625,724748.625,profile/mve_refmat/256s.log
256s,mve_refmat,gf_inv,17,8,1,5797989,724748.625,724748.625,profile/mve_refmat/256s.log
256s,mve_refmat,gf_inv,18,8,1,5797989,724748.625,724748.625,profile/mve_refmat/256s.log
256s,mve_refmat,gf_inv,19,8,1,5797989,724748.625,724748.625,profile/mve_refmat/256s.log
256s,mve_refmat,gf_inv,20,8,1,5797989,724748.625,724748.625,profile/mve_refmat/256s.log
256s,mve_refmat,gf_inv,21,8,1,5797989,724748.625,724748.625,profile/mve_refmat/256s.log
256s,mve_refmat,gf_inv,22,8,1,5797989,724748.625,724748.625,profile/mve_refmat/256s.log
256s,mve_refmat,gf_inv,23,8,1,5797989,724748.625,724748.625,profile/mve_refmat/256s.log
256s,mve_refmat,gf_inv,24,8,1,5797990,724748.75,724748.75,profile/mve_refmat/256s.log
256s,mve_refmat,gf_inv,25,8,1,5797989,724748.625,724748.625,profile/mve_refmat/256s.log
256s,mve_refmat,gf_inv,26,8,1,5797989,724748.625,724748.625,profile/mve_refmat/256s.log
256s,mve_refmat,gf_inv,27,8,1,5797989,724748.625,724748.625,profile/mve_refmat/256s.log
256s,mve_refmat,gf_inv,28,8,1,5797989,724748.625,724748.625,profile/mve_refmat/256s.log
256s,mve_refmat,gf_inv,29,8,1,5797989,724748.625,724748.625,profile/mve_refmat/256s.log
256s,mve_refmat,gf_inv,30,8,1,5797989,724748.625,724748.625,profile/mve_refmat/256s.log
256s,mve_refmat,gf_mat_vec_mul,0,64,1,854867,13357.296875,13357.296875,profile/mve_refmat/256s.log
256s,mve_refmat,gf_mat_vec_mul,1,64,1,850798,13293.71875,13293.71875,profile/mve_refmat/256s.log
256s,mve_refmat,gf_mat_vec_mul,2,64,1,850798,13293.71875,13293.71875,profile/mve_refmat/256s.log
256s,mve_refmat,gf_mat_vec_mul,3,64,1,850799,13293.734375,13293.734375,profile/mve_refmat/256s.log
256s,mve_refmat,gf_mat_vec_mul,4,64,1,850799,13293.734375,13293.734375,profile/mve_refmat/256s.log
256s,mve_refmat,gf_mat_vec_mul,5,64,1,850799,13293.734375,13293.734375,profile/mve_refmat/256s.log
256s,mve_refmat,gf_mat_vec_mul,6,64,1,850799,13293.734375,13293.734375,profile/mve_refmat/256s.log
256s,mve_refmat,gf_mat_vec_mul,7,64,1,850799,13293.734375,13293.734375,profile/mve_refmat/256s.log
256s,mve_refmat,gf_mat_vec_mul,8,64,1,850799,13293.734375,13293.734375,profile/mve_refmat/256s.log
256s,mve_refmat,gf_mat_vec_mul,9,64,1,850799,13293.734375,13293.734375,profile/mve_refmat/256s.log
256s,mve_refmat,gf_mat_vec_mul,10,64,1,850798,13293.71875,13293.71875,profile/mve_refmat/256s.log
256s,mve_refmat,gf_mat_vec_mul,11,64,1,850799,13293.734375,13293.734375,profile/mve_refmat/256s.log
256s,mve_refmat,gf_mat_vec_mul,12,64,1,850798,13293.71875,13293.71875,profile/mve_refmat/256s.log
256s,mve_refmat,gf_mat_vec_mul,13,64,1,850799,13293.734375,13293.734375,profile/mve_refmat/256s.log
256s,mve_refmat,gf_mat_vec_mul,14,64,1,850798,13293.71875,13293.71875,profile/mve_refmat/256s.log
256s,mve_refmat,gf_mat_vec_mul,15,64,1,850798,13293.71875,13293.71875,profile/mve_refmat/256s.log
256s,mve_refmat,gf_mat_vec_mul,16,64,1,850799,13293.734375,13293.734375,profile/mve_refmat/256s.log
256s,mve_refmat,gf_mat_vec_mul,17,64,1,850798,13293.71875,13293.71875,profile/mve_refmat/256s.log
256s,mve_refmat,gf_mat_vec_mul,18,64,1,850799,13293.734375,13293.734375,profile/mve_refmat/256s.log
256s,mve_refmat,gf_mat_vec_mul,19,64,1,850799,13293.734375,13293.734375,profile/mve_refmat/256s.log
256s,mve_refmat,gf_mat_vec_mul,20,64,1,850799,13293.734375,13293.734375,profile/mve_refmat/256s.log
256s,mve_refmat,gf_mat_vec_mul,21,64,1,850798,13293.71875,13293.71875,profile/mve_refmat/256s.log
256s,mve_refmat,gf_mat_vec_mul,22,64,1,850799,13293.734375,13293.734375,profile/mve_refmat/256s.log
256s,mve_refmat,gf_mat_vec_mul,23,64,1,850799,13293.734375,13293.734375,profile/mve_refmat/256s.log
256s,mve_refmat,gf_mat_vec_mul,24,64,1,850799,13293.734375,13293.734375,profile/mve_refmat/256s.log
256s,mve_refmat,gf_mat_vec_mul,25,64,1,850798,13293.71875,13293.71875,profile/mve_refmat/256s.log
256s,mve_refmat,gf_mat_vec_mul,26,64,1,850799,13293.734375,13293.734375,profile/mve_refmat/256s.log
256s,mve_refmat,gf_mat_vec_mul,27,64,1,850798,13293.71875,13293.71875,profile/mve_refmat/256s.log
256s,mve_refmat,gf_mat_vec_mul,28,64,1,850799,13293.734375,13293.734375,profile/mve_refmat/256s.log
256s,mve_refmat,gf_mat_vec_mul,29,64,1,850799,13293.734375,13293.734375,profile/mve_refmat/256s.log
256s,mve_refmat,gf_mat_vec_mul,30,64,1,850798,13293.71875,13293.71875,profile/mve_refmat/256s.log
256s,mve_refmat,gf_mat_vec_mul_add,0,64,1,858428,13412.9375,13412.9375,profile/mve_refmat/256s.log
256s,mve_refmat,gf_mat_vec_mul_add,1,64,1,857773,13402.703125,13402.703125,profile/mve_refmat/256s.log
256s,mve_refmat,gf_mat_vec_mul_add,2,64,1,857676,13401.1875,13401.1875,profile/mve_refmat/256s.log
256s,mve_refmat,gf_mat_vec_mul_add,3,64,1,857673,13401.140625,13401.140625,profile/mve_refmat/256s.log
256s,mve_refmat,gf_mat_vec_mul_add,4,64,1,857677,13401.203125,13401.203125,profile/mve_refmat/256s.log
256s,mve_refmat,gf_mat_vec_mul_add,5,64,1,857672,13401.125,13401.125,profile/mve_refmat/256s.log
256s,mve_refmat,gf_mat_vec_mul_add,6,64,1,857674,13401.15625,13401.15625,profile/mve_refmat/256s.log
256s,mve_refmat,gf_mat_vec_mul_add,7,64,1,857674,13401.15625,13401.15625,profile/mve_refmat/256s.log
256s,mve_refmat,gf_mat_vec_mul_add,8,64,1,857671,13401.109375,13401.109375,profile/mve_refmat/256s.log
256s,mve_refmat,gf_mat_vec_mul_add,9,64,1,857676,13401.1875,13401.1875,profile/mve_refmat/256s.log
256s,mve_refmat,gf_mat_vec_mul_add,10,64,1,857674,13401.15625,13401.15625,profile/mve_refmat/256s.log
256s,mve_refmat,gf_mat_vec_mul_add,11,64,1,857674,13401.15625,13401.15625,profile/mve_refmat/256s.log
256s,mve_refmat,gf_mat_vec_mul_add,12,64,1,857674,13401.15625,13401.15625,profile/mve_refmat/256s.log
256s,mve_refmat,gf_mat_vec_mul_add,13,64,1,857672,13401.125,13401.125,profile/mve_refmat/256s.log
256s,mve_refmat,gf_mat_vec_mul_add,14,64,1,857674,13401.15625,13401.15625,profile/mve_refmat/256s.log
256s,mve_refmat,gf_mat_vec_mul_add,15,64,1,857674,13401.15625,13401.15625,profile/mve_refmat/256s.log
256s,mve_refmat,gf_mat_vec_mul_add,16,64,1,857675,13401.171875,13401.171875,profile/mve_refmat/256s.log
256s,mve_refmat,gf_mat_vec_mul_add,17,64,1,857674,13401.15625,13401.15625,profile/mve_refmat/256s.log
256s,mve_refmat,gf_mat_vec_mul_add,18,64,1,857674,13401.15625,13401.15625,profile/mve_refmat/256s.log
256s,mve_refmat,gf_mat_vec_mul_add,19,64,1,857671,13401.109375,13401.109375,profile/mve_refmat/256s.log
256s,mve_refmat,gf_mat_vec_mul_add,20,64,1,857674,13401.15625,13401.15625,profile/mve_refmat/256s.log
256s,mve_refmat,gf_mat_vec_mul_add,21,64,1,857674,13401.15625,13401.15625,profile/mve_refmat/256s.log
256s,mve_refmat,gf_mat_vec_mul_add,22,64,1,857673,13401.140625,13401.140625,profile/mve_refmat/256s.log
256s,mve_refmat,gf_mat_vec_mul_add,23,64,1,857677,13401.203125,13401.203125,profile/mve_refmat/256s.log
256s,mve_refmat,gf_mat_vec_mul_add,24,64,1,857674,13401.15625,13401.15625,profile/mve_refmat/256s.log
256s,mve_refmat,gf_mat_vec_mul_add,25,64,1,857673,13401.140625,13401.140625,profile/mve_refmat/256s.log
256s,mve_refmat,gf_mat_vec_mul_add,26,64,1,857674,13401.15625,13401.15625,profile/mve_refmat/256s.log
256s,mve_refmat,gf_mat_vec_mul_add,27,64,1,857671,13401.109375,13401.109375,profile/mve_refmat/256s.log
256s,mve_refmat,gf_mat_vec_mul_add,28,64,1,857677,13401.203125,13401.203125,profile/mve_refmat/256s.log
256s,mve_refmat,gf_mat_vec_mul_add,29,64,1,857671,13401.109375,13401.109375,profile/mve_refmat/256s.log
256s,mve_refmat,gf_mat_vec_mul_add,30,64,1,857676,13401.1875,13401.1875,profile/mve_refmat/256s.log
256s,mve_refmat,gf_sqr_batch4,0,64,4,98487,1538.859375,384.71484375,profile/mve_refmat/256s.log
256s,mve_refmat,gf_sqr_batch4,1,64,4,96751,1511.734375,377.93359375,profile/mve_refmat/256s.log
256s,mve_refmat,gf_sqr_batch4,2,64,4,96745,1511.640625,377.91015625,profile/mve_refmat/256s.log
256s,mve_refmat,gf_sqr_batch4,3,64,4,96750,1511.71875,377.9296875,profile/mve_refmat/256s.log
256s,mve_refmat,gf_sqr_batch4,4,64,4,96745,1511.640625,377.91015625,profile/mve_refmat/256s.log
256s,mve_refmat,gf_sqr_batch4,5,64,4,96747,1511.671875,377.91796875,profile/mve_refmat/256s.log
256s,mve_refmat,gf_sqr_batch4,6,64,4,96750,1511.71875,377.9296875,profile/mve_refmat/256s.log
256s,mve_refmat,gf_sqr_batch4,7,64,4,96745,1511.640625,377.91015625,profile/mve_refmat/256s.log
256s,mve_refmat,gf_sqr_batch4,8,64,4,96747,1511.671875,377.91796875,profile/mve_refmat/256s.log
256s,mve_refmat,gf_sqr_batch4,9,64,4,96750,1511.71875,377.9296875,profile/mve_refmat/256s.log
256s,mve_refmat,gf_sqr_batch4,10,64,4,96745,1511.640625,377.91015625,profile/mve_refmat/256s.log
256s,mve_refmat,gf_sqr_batch4,11,64,4,96747,1511.671875,377.91796875,profile/mve_refmat/256s.log
256s,mve_refmat,gf_sqr_batch4,12,64,4,96750,1511.71875,377.9296875,profile/mve_refmat/256s.log
256s,mve_refmat,gf_sqr_batch4,13,64,4,96745,1511.640625,377.91015625,profile/mve_refmat/256s.log
256s,mve_refmat,gf_sqr_batch4,14,64,4,96747,1511.671875,377.91796875,profile/mve_refmat/256s.log
256s,mve_refmat,gf_sqr_batch4,15,64,4,96750,1511.71875,377.9296875,profile/mve_refmat/256s.log
256s,mve_refmat,gf_sqr_batch4,16,64,4,96745,1511.640625,377.91015625,profile/mve_refmat/256s.log
256s,mve_refmat,gf_sqr_batch4,17,64,4,96747,1511.671875,377.91796875,profile/mve_refmat/256s.log
256s,mve_refmat,gf_sqr_batch4,18,64,4,96750,1511.71875,377.9296875,profile/mve_refmat/256s.log
256s,mve_refmat,gf_sqr_batch4,19,64,4,96745,1511.640625,377.91015625,profile/mve_refmat/256s.log
256s,mve_refmat,gf_sqr_batch4,20,64,4,96747,1511.671875,377.91796875,profile/mve_refmat/256s.log
256s,mve_refmat,gf_sqr_batch4,21,64,4,96750,1511.71875,377.9296875,profile/mve_refmat/256s.log
256s,mve_refmat,gf_sqr_batch4,22,64,4,96745,1511.640625,377.91015625,profile/mve_refmat/256s.log
256s,mve_refmat,gf_sqr_batch4,23,64,4,96747,1511.671875,377.91796875,profile/mve_refmat/256s.log
256s,mve_refmat,gf_sqr_batch4,24,64,4,96750,1511.71875,377.9296875,profile/mve_refmat/256s.log
256s,mve_refmat,gf_sqr_batch4,25,64,4,96745,1511.640625,377.91015625,profile/mve_refmat/256s.log
256s,mve_refmat,gf_sqr_batch4,26,64,4,96747,1511.671875,377.91796875,profile/mve_refmat/256s.log
256s,mve_refmat,gf_sqr_batch4,27,64,4,96750,1511.71875,377.9296875,profile/mve_refmat/256s.log
256s,mve_refmat,gf_sqr_batch4,28,64,4,96745,1511.640625,377.91015625,profile/mve_refmat/256s.log
256s,mve_refmat,gf_sqr_batch4,29,64,4,96747,1511.671875,377.91796875,profile/mve_refmat/256s.log
256s,mve_refmat,gf_sqr_batch4,30,64,4,96750,1511.71875,377.9296875,profile/mve_refmat/256s.log
256s,mve_refmat,gf_frobenius_batch4_e3,0,8,4,19493,2436.625,609.15625,profile/mve_refmat/256s.log
256s,mve_refmat,gf_frobenius_batch4_e3,1,8,4,18376,2297.0,574.25,profile/mve_refmat/256s.log
256s,mve_refmat,gf_frobenius_batch4_e3,2,8,4,18377,2297.125,574.28125,profile/mve_refmat/256s.log
256s,mve_refmat,gf_frobenius_batch4_e3,3,8,4,18345,2293.125,573.28125,profile/mve_refmat/256s.log
256s,mve_refmat,gf_frobenius_batch4_e3,4,8,4,18345,2293.125,573.28125,profile/mve_refmat/256s.log
256s,mve_refmat,gf_frobenius_batch4_e3,5,8,4,18344,2293.0,573.25,profile/mve_refmat/256s.log
256s,mve_refmat,gf_frobenius_batch4_e3,6,8,4,18345,2293.125,573.28125,profile/mve_refmat/256s.log
256s,mve_refmat,gf_frobenius_batch4_e3,7,8,4,18347,2293.375,573.34375,profile/mve_refmat/256s.log
256s,mve_refmat,gf_frobenius_batch4_e3,8,8,4,18346,2293.25,573.3125,profile/mve_refmat/256s.log
256s,mve_refmat,gf_frobenius_batch4_e3,9,8,4,18346,2293.25,573.3125,profile/mve_refmat/256s.log
256s,mve_refmat,gf_frobenius_batch4_e3,10,8,4,18343,2292.875,573.21875,profile/mve_refmat/256s.log
256s,mve_refmat,gf_frobenius_batch4_e3,11,8,4,18346,2293.25,573.3125,profile/mve_refmat/256s.log
256s,mve_refmat,gf_frobenius_batch4_e3,12,8,4,18345,2293.125,573.28125,profile/mve_refmat/256s.log
256s,mve_refmat,gf_frobenius_batch4_e3,13,8,4,18345,2293.125,573.28125,profile/mve_refmat/256s.log
256s,mve_refmat,gf_frobenius_batch4_e3,14,8,4,18347,2293.375,573.34375,profile/mve_refmat/256s.log
256s,mve_refmat,gf_frobenius_batch4_e3,15,8,4,18346,2293.25,573.3125,profile/mve_refmat/256s.log
256s,mve_refmat,gf_frobenius_batch4_e3,16,8,4,18345,2293.125,573.28125,profile/mve_refmat/256s.log
256s,mve_refmat,gf_frobenius_batch4_e3,17,8,4,18345,2293.125,573.28125,profile/mve_refmat/256s.log
256s,mve_refmat,gf_frobenius_batch4_e3,18,8,4,18344,2293.0,573.25,profile/mve_refmat/256s.log
256s,mve_refmat,gf_frobenius_batch4_e3,19,8,4,18344,2293.0,573.25,profile/mve_refmat/256s.log
256s,mve_refmat,gf_frobenius_batch4_e3,20,8,4,18347,2293.375,573.34375,profile/mve_refmat/256s.log
256s,mve_refmat,gf_frobenius_batch4_e3,21,8,4,18346,2293.25,573.3125,profile/mve_refmat/256s.log
256s,mve_refmat,gf_frobenius_batch4_e3,22,8,4,18347,2293.375,573.34375,profile/mve_refmat/256s.log
256s,mve_refmat,gf_frobenius_batch4_e3,23,8,4,18344,2293.0,573.25,profile/mve_refmat/256s.log
256s,mve_refmat,gf_frobenius_batch4_e3,24,8,4,18346,2293.25,573.3125,profile/mve_refmat/256s.log
256s,mve_refmat,gf_frobenius_batch4_e3,25,8,4,18345,2293.125,573.28125,profile/mve_refmat/256s.log
256s,mve_refmat,gf_frobenius_batch4_e3,26,8,4,18343,2292.875,573.21875,profile/mve_refmat/256s.log
256s,mve_refmat,gf_frobenius_batch4_e3,27,8,4,18346,2293.25,573.3125,profile/mve_refmat/256s.log
256s,mve_refmat,gf_frobenius_batch4_e3,28,8,4,18346,2293.25,573.3125,profile/mve_refmat/256s.log
256s,mve_refmat,gf_frobenius_batch4_e3,29,8,4,18347,2293.375,573.34375,profile/mve_refmat/256s.log
256s,mve_refmat,gf_frobenius_batch4_e3,30,8,4,18344,2293.0,573.25,profile/mve_refmat/256s.log
256s,mve_refmat,gf_frobenius_batch4_e7,0,8,4,31153,3894.125,973.53125,profile/mve_refmat/256s.log
256s,mve_refmat,gf_frobenius_batch4_e7,1,8,4,30726,3840.75,960.1875,profile/mve_refmat/256s.log
256s,mve_refmat,gf_frobenius_batch4_e7,2,8,4,30732,3841.5,960.375,profile/mve_refmat/256s.log
256s,mve_refmat,gf_frobenius_batch4_e7,3,8,4,30732,3841.5,960.375,profile/mve_refmat/256s.log
256s,mve_refmat,gf_frobenius_batch4_e7,4,8,4,30732,3841.5,960.375,profile/mve_refmat/256s.log
256s,mve_refmat,gf_frobenius_batch4_e7,5,8,4,30732,3841.5,960.375,profile/mve_refmat/256s.log
256s,mve_refmat,gf_frobenius_batch4_e7,6,8,4,30732,3841.5,960.375,profile/mve_refmat/256s.log
256s,mve_refmat,gf_frobenius_batch4_e7,7,8,4,30732,3841.5,960.375,profile/mve_refmat/256s.log
256s,mve_refmat,gf_frobenius_batch4_e7,8,8,4,30724,3840.5,960.125,profile/mve_refmat/256s.log
256s,mve_refmat,gf_frobenius_batch4_e7,9,8,4,30723,3840.375,960.09375,profile/mve_refmat/256s.log
256s,mve_refmat,gf_frobenius_batch4_e7,10,8,4,30724,3840.5,960.125,profile/mve_refmat/256s.log
256s,mve_refmat,gf_frobenius_batch4_e7,11,8,4,30732,3841.5,960.375,profile/mve_refmat/256s.log
256s,mve_refmat,gf_frobenius_batch4_e7,12,8,4,30732,3841.5,960.375,profile/mve_refmat/256s.log
256s,mve_refmat,gf_frobenius_batch4_e7,13,8,4,30732,3841.5,960.375,profile/mve_refmat/256s.log
256s,mve_refmat,gf_frobenius_batch4_e7,14,8,4,30732,3841.5,960.375,profile/mve_refmat/256s.log
256s,mve_refmat,gf_frobenius_batch4_e7,15,8,4,30732,3841.5,960.375,profile/mve_refmat/256s.log
256s,mve_refmat,gf_frobenius_batch4_e7,16,8,4,30732,3841.5,960.375,profile/mve_refmat/256s.log
256s,mve_refmat,gf_frobenius_batch4_e7,17,8,4,30724,3840.5,960.125,profile/mve_refmat/256s.log
256s,mve_refmat,gf_frobenius_batch4_e7,18,8,4,30724,3840.5,960.125,profile/mve_refmat/256s.log
256s,mve_refmat,gf_frobenius_batch4_e7,19,8,4,30724,3840.5,960.125,profile/mve_refmat/256s.log
256s,mve_refmat,gf_frobenius_batch4_e7,20,8,4,30732,3841.5,960.375,profile/mve_refmat/256s.log
256s,mve_refmat,gf_frobenius_batch4_e7,21,8,4,30732,3841.5,960.375,profile/mve_refmat/256s.log
256s,mve_refmat,gf_frobenius_batch4_e7,22,8,4,30732,3841.5,960.375,profile/mve_refmat/256s.log
256s,mve_refmat,gf_frobenius_batch4_e7,23,8,4,30732,3841.5,960.375,profile/mve_refmat/256s.log
256s,mve_refmat,gf_frobenius_batch4_e7,24,8,4,30732,3841.5,960.375,profile/mve_refmat/256s.log
256s,mve_refmat,gf_frobenius_batch4_e7,25,8,4,30732,3841.5,960.375,profile/mve_refmat/256s.log
256s,mve_refmat,gf_frobenius_batch4_e7,26,8,4,30724,3840.5,960.125,profile/mve_refmat/256s.log
256s,mve_refmat,gf_frobenius_batch4_e7,27,8,4,30724,3840.5,960.125,profile/mve_refmat/256s.log
256s,mve_refmat,gf_frobenius_batch4_e7,28,8,4,30724,3840.5,960.125,profile/mve_refmat/256s.log
256s,mve_refmat,gf_frobenius_batch4_e7,29,8,4,30732,3841.5,960.375,profile/mve_refmat/256s.log
256s,mve_refmat,gf_frobenius_batch4_e7,30,8,4,30732,3841.5,960.375,profile/mve_refmat/256s.log
256s,mve_refmat,gf_frobenius_batch4_e11,0,8,4,43450,5431.25,1357.8125,profile/mve_refmat/256s.log
256s,mve_refmat,gf_frobenius_batch4_e11,1,8,4,43114,5389.25,1347.3125,profile/mve_refmat/256s.log
256s,mve_refmat,gf_frobenius_batch4_e11,2,8,4,43113,5389.125,1347.28125,profile/mve_refmat/256s.log
256s,mve_refmat,gf_frobenius_batch4_e11,3,8,4,43113,5389.125,1347.28125,profile/mve_refmat/256s.log
256s,mve_refmat,gf_frobenius_batch4_e11,4,8,4,43114,5389.25,1347.3125,profile/mve_refmat/256s.log
256s,mve_refmat,gf_frobenius_batch4_e11,5,8,4,43114,5389.25,1347.3125,profile/mve_refmat/256s.log
256s,mve_refmat,gf_frobenius_batch4_e11,6,8,4,43112,5389.0,1347.25,profile/mve_refmat/256s.log
256s,mve_refmat,gf_frobenius_batch4_e11,7,8,4,43114,5389.25,1347.3125,profile/mve_refmat/256s.log
256s,mve_refmat,gf_frobenius_batch4_e11,8,8,4,43113,5389.125,1347.28125,profile/mve_refmat/256s.log
256s,mve_refmat,gf_frobenius_batch4_e11,9,8,4,43112,5389.0,1347.25,profile/mve_refmat/256s.log
256s,mve_refmat,gf_frobenius_batch4_e11,10,8,4,43114,5389.25,1347.3125,profile/mve_refmat/256s.log
256s,mve_refmat,gf_frobenius_batch4_e11,11,8,4,43112,5389.0,1347.25,profile/mve_refmat/256s.log
256s,mve_refmat,gf_frobenius_batch4_e11,12,8,4,43113,5389.125,1347.28125,profile/mve_refmat/256s.log
256s,mve_refmat,gf_frobenius_batch4_e11,13,8,4,43113,5389.125,1347.28125,profile/mve_refmat/256s.log
256s,mve_refmat,gf_frobenius_batch4_e11,14,8,4,43113,5389.125,1347.28125,profile/mve_refmat/256s.log
256s,mve_refmat,gf_frobenius_batch4_e11,15,8,4,43114,5389.25,1347.3125,profile/mve_refmat/256s.log
256s,mve_refmat,gf_frobenius_batch4_e11,16,8,4,43114,5389.25,1347.3125,profile/mve_refmat/256s.log
256s,mve_refmat,gf_frobenius_batch4_e11,17,8,4,43112,5389.0,1347.25,profile/mve_refmat/256s.log
256s,mve_refmat,gf_frobenius_batch4_e11,18,8,4,43114,5389.25,1347.3125,profile/mve_refmat/256s.log
256s,mve_refmat,gf_frobenius_batch4_e11,19,8,4,43113,5389.125,1347.28125,profile/mve_refmat/256s.log
256s,mve_refmat,gf_frobenius_batch4_e11,20,8,4,43112,5389.0,1347.25,profile/mve_refmat/256s.log
256s,mve_refmat,gf_frobenius_batch4_e11,21,8,4,43114,5389.25,1347.3125,profile/mve_refmat/256s.log
256s,mve_refmat,gf_frobenius_batch4_e11,22,8,4,43112,5389.0,1347.25,profile/mve_refmat/256s.log
256s,mve_refmat,gf_frobenius_batch4_e11,23,8,4,43113,5389.125,1347.28125,profile/mve_refmat/256s.log
256s,mve_refmat,gf_frobenius_batch4_e11,24,8,4,43113,5389.125,1347.28125,profile/mve_refmat/256s.log
256s,mve_refmat,gf_frobenius_batch4_e11,25,8,4,43113,5389.125,1347.28125,profile/mve_refmat/256s.log
256s,mve_refmat,gf_frobenius_batch4_e11,26,8,4,43114,5389.25,1347.3125,profile/mve_refmat/256s.log
256s,mve_refmat,gf_frobenius_batch4_e11,27,8,4,43114,5389.25,1347.3125,profile/mve_refmat/256s.log
256s,mve_refmat,gf_frobenius_batch4_e11,28,8,4,43112,5389.0,1347.25,profile/mve_refmat/256s.log
256s,mve_refmat,gf_frobenius_batch4_e11,29,8,4,43114,5389.25,1347.3125,profile/mve_refmat/256s.log
256s,mve_refmat,gf_frobenius_batch4_e11,30,8,4,43113,5389.125,1347.28125,profile/mve_refmat/256s.log
256s,mve_refmat,gf_frobenius_batch4_e19,0,8,4,68151,8518.875,2129.71875,profile/mve_refmat/256s.log
256s,mve_refmat,gf_frobenius_batch4_e19,1,8,4,67880,8485.0,2121.25,profile/mve_refmat/256s.log
256s,mve_refmat,gf_frobenius_batch4_e19,2,8,4,67881,8485.125,2121.28125,profile/mve_refmat/256s.log
256s,mve_refmat,gf_frobenius_batch4_e19,3,8,4,67880,8485.0,2121.25,profile/mve_refmat/256s.log
256s,mve_refmat,gf_frobenius_batch4_e19,4,8,4,67883,8485.375,2121.34375,profile/mve_refmat/256s.log
256s,mve_refmat,gf_frobenius_batch4_e19,5,8,4,67882,8485.25,2121.3125,profile/mve_refmat/256s.log
256s,mve_refmat,gf_frobenius_batch4_e19,6,8,4,67883,8485.375,2121.34375,profile/mve_refmat/256s.log
256s,mve_refmat,gf_frobenius_batch4_e19,7,8,4,67882,8485.25,2121.3125,profile/mve_refmat/256s.log
256s,mve_refmat,gf_frobenius_batch4_e19,8,8,4,67882,8485.25,2121.3125,profile/mve_refmat/256s.log
256s,mve_refmat,gf_frobenius_batch4_e19,9,8,4,67882,8485.25,2121.3125,profile/mve_refmat/256s.log
256s,mve_refmat,gf_frobenius_batch4_e19,10,8,4,67882,8485.25,2121.3125,profile/mve_refmat/256s.log
256s,mve_refmat,gf_frobenius_batch4_e19,11,8,4,67883,8485.375,2121.34375,profile/mve_refmat/256s.log
256s,mve_refmat,gf_frobenius_batch4_e19,12,8,4,67882,8485.25,2121.3125,profile/mve_refmat/256s.log
256s,mve_refmat,gf_frobenius_batch4_e19,13,8,4,67883,8485.375,2121.34375,profile/mve_refmat/256s.log
256s,mve_refmat,gf_frobenius_batch4_e19,14,8,4,67882,8485.25,2121.3125,profile/mve_refmat/256s.log
256s,mve_refmat,gf_frobenius_batch4_e19,15,8,4,67882,8485.25,2121.3125,profile/mve_refmat/256s.log
256s,mve_refmat,gf_frobenius_batch4_e19,16,8,4,67882,8485.25,2121.3125,profile/mve_refmat/256s.log
256s,mve_refmat,gf_frobenius_batch4_e19,17,8,4,67882,8485.25,2121.3125,profile/mve_refmat/256s.log
256s,mve_refmat,gf_frobenius_batch4_e19,18,8,4,67883,8485.375,2121.34375,profile/mve_refmat/256s.log
256s,mve_refmat,gf_frobenius_batch4_e19,19,8,4,67882,8485.25,2121.3125,profile/mve_refmat/256s.log
256s,mve_refmat,gf_frobenius_batch4_e19,20,8,4,67883,8485.375,2121.34375,profile/mve_refmat/256s.log
256s,mve_refmat,gf_frobenius_batch4_e19,21,8,4,67882,8485.25,2121.3125,profile/mve_refmat/256s.log
256s,mve_refmat,gf_frobenius_batch4_e19,22,8,4,67882,8485.25,2121.3125,profile/mve_refmat/256s.log
256s,mve_refmat,gf_frobenius_batch4_e19,23,8,4,67882,8485.25,2121.3125,profile/mve_refmat/256s.log
256s,mve_refmat,gf_frobenius_batch4_e19,24,8,4,67882,8485.25,2121.3125,profile/mve_refmat/256s.log
256s,mve_refmat,gf_frobenius_batch4_e19,25,8,4,67883,8485.375,2121.34375,profile/mve_refmat/256s.log
256s,mve_refmat,gf_frobenius_batch4_e19,26,8,4,67882,8485.25,2121.3125,profile/mve_refmat/256s.log
256s,mve_refmat,gf_frobenius_batch4_e19,27,8,4,67883,8485.375,2121.34375,profile/mve_refmat/256s.log
256s,mve_refmat,gf_frobenius_batch4_e19,28,8,4,67882,8485.25,2121.3125,profile/mve_refmat/256s.log
256s,mve_refmat,gf_frobenius_batch4_e19,29,8,4,67882,8485.25,2121.3125,profile/mve_refmat/256s.log
256s,mve_refmat,gf_frobenius_batch4_e19,30,8,4,67882,8485.25,2121.3125,profile/mve_refmat/256s.log
256s,mve_refmat,gf_mul_const_batch4,0,64,4,2392491,37382.671875,9345.66796875,profile/mve_refmat/256s.log
256s,mve_refmat,gf_mul_const_batch4,1,64,4,2391237,37363.078125,9340.76953125,profile/mve_refmat/256s.log
256s,mve_refmat,gf_mul_const_batch4,2,64,4,2391237,37363.078125,9340.76953125,profile/mve_refmat/256s.log
256s,mve_refmat,gf_mul_const_batch4,3,64,4,2391237,37363.078125,9340.76953125,profile/mve_refmat/256s.log
256s,mve_refmat,gf_mul_const_batch4,4,64,4,2391237,37363.078125,9340.76953125,profile/mve_refmat/256s.log
256s,mve_refmat,gf_mul_const_batch4,5,64,4,2391237,37363.078125,9340.76953125,profile/mve_refmat/256s.log
256s,mve_refmat,gf_mul_const_batch4,6,64,4,2391238,37363.09375,9340.7734375,profile/mve_refmat/256s.log
256s,mve_refmat,gf_mul_const_batch4,7,64,4,2391237,37363.078125,9340.76953125,profile/mve_refmat/256s.log
256s,mve_refmat,gf_mul_const_batch4,8,64,4,2391237,37363.078125,9340.76953125,profile/mve_refmat/256s.log
256s,mve_refmat,gf_mul_const_batch4,9,64,4,2391237,37363.078125,9340.76953125,profile/mve_refmat/256s.log
256s,mve_refmat,gf_mul_const_batch4,10,64,4,2391237,37363.078125,9340.76953125,profile/mve_refmat/256s.log
256s,mve_refmat,gf_mul_const_batch4,11,64,4,2391237,37363.078125,9340.76953125,profile/mve_refmat/256s.log
256s,mve_refmat,gf_mul_const_batch4,12,64,4,2391237,37363.078125,9340.76953125,profile/mve_refmat/256s.log
256s,mve_refmat,gf_mul_const_batch4,13,64,4,2391237,37363.078125,9340.76953125,profile/mve_refmat/256s.log
256s,mve_refmat,gf_mul_const_batch4,14,64,4,2391237,37363.078125,9340.76953125,profile/mve_refmat/256s.log
256s,mve_refmat,gf_mul_const_batch4,15,64,4,2391237,37363.078125,9340.76953125,profile/mve_refmat/256s.log
256s,mve_refmat,gf_mul_const_batch4,16,64,4,2391237,37363.078125,9340.76953125,profile/mve_refmat/256s.log
256s,mve_refmat,gf_mul_const_batch4,17,64,4,2391237,37363.078125,9340.76953125,profile/mve_refmat/256s.log
256s,mve_refmat,gf_mul_const_batch4,18,64,4,2391237,37363.078125,9340.76953125,profile/mve_refmat/256s.log
256s,mve_refmat,gf_mul_const_batch4,19,64,4,2391237,37363.078125,9340.76953125,profile/mve_refmat/256s.log
256s,mve_refmat,gf_mul_const_batch4,20,64,4,2391237,37363.078125,9340.76953125,profile/mve_refmat/256s.log
256s,mve_refmat,gf_mul_const_batch4,21,64,4,2391237,37363.078125,9340.76953125,profile/mve_refmat/256s.log
256s,mve_refmat,gf_mul_const_batch4,22,64,4,2391237,37363.078125,9340.76953125,profile/mve_refmat/256s.log
256s,mve_refmat,gf_mul_const_batch4,23,64,4,2391237,37363.078125,9340.76953125,profile/mve_refmat/256s.log
256s,mve_refmat,gf_mul_const_batch4,24,64,4,2391237,37363.078125,9340.76953125,profile/mve_refmat/256s.log
256s,mve_refmat,gf_mul_const_batch4,25,64,4,2391237,37363.078125,9340.76953125,profile/mve_refmat/256s.log
256s,mve_refmat,gf_mul_const_batch4,26,64,4,2391237,37363.078125,9340.76953125,profile/mve_refmat/256s.log
256s,mve_refmat,gf_mul_const_batch4,27,64,4,2391237,37363.078125,9340.76953125,profile/mve_refmat/256s.log
256s,mve_refmat,gf_mul_const_batch4,28,64,4,2391237,37363.078125,9340.76953125,profile/mve_refmat/256s.log
256s,mve_refmat,gf_mul_const_batch4,29,64,4,2391237,37363.078125,9340.76953125,profile/mve_refmat/256s.log
256s,mve_refmat,gf_mul_const_batch4,30,64,4,2391237,37363.078125,9340.76953125,profile/mve_refmat/256s.log
256s,mve_refmat,aim3_mpc_batch4,0,8,4,3445315,430664.375,107666.09375,profile/mve_refmat/256s.log
256s,mve_refmat,aim3_mpc_batch4,1,8,4,3446901,430862.625,107715.65625,profile/mve_refmat/256s.log
256s,mve_refmat,aim3_mpc_batch4,2,8,4,3450131,431266.375,107816.59375,profile/mve_refmat/256s.log
256s,mve_refmat,aim3_mpc_batch4,3,8,4,3439100,429887.5,107471.875,profile/mve_refmat/256s.log
256s,mve_refmat,aim3_mpc_batch4,4,8,4,3439339,429917.375,107479.34375,profile/mve_refmat/256s.log
256s,mve_refmat,aim3_mpc_batch4,5,8,4,3439339,429917.375,107479.34375,profile/mve_refmat/256s.log
256s,mve_refmat,aim3_mpc_batch4,6,8,4,3439339,429917.375,107479.34375,profile/mve_refmat/256s.log
256s,mve_refmat,aim3_mpc_batch4,7,8,4,3440240,430030.0,107507.5,profile/mve_refmat/256s.log
256s,mve_refmat,aim3_mpc_batch4,8,8,4,3440182,430022.75,107505.6875,profile/mve_refmat/256s.log
256s,mve_refmat,aim3_mpc_batch4,9,8,4,3440288,430036.0,107509.0,profile/mve_refmat/256s.log
256s,mve_refmat,aim3_mpc_batch4,10,8,4,3440180,430022.5,107505.625,profile/mve_refmat/256s.log
256s,mve_refmat,aim3_mpc_batch4,11,8,4,3440162,430020.25,107505.0625,profile/mve_refmat/256s.log
256s,mve_refmat,aim3_mpc_batch4,12,8,4,3440182,430022.75,107505.6875,profile/mve_refmat/256s.log
256s,mve_refmat,aim3_mpc_batch4,13,8,4,3440288,430036.0,107509.0,profile/mve_refmat/256s.log
256s,mve_refmat,aim3_mpc_batch4,14,8,4,3440180,430022.5,107505.625,profile/mve_refmat/256s.log
256s,mve_refmat,aim3_mpc_batch4,15,8,4,3440162,430020.25,107505.0625,profile/mve_refmat/256s.log
256s,mve_refmat,aim3_mpc_batch4,16,8,4,3440182,430022.75,107505.6875,profile/mve_refmat/256s.log
256s,mve_refmat,aim3_mpc_batch4,17,8,4,3440288,430036.0,107509.0,profile/mve_refmat/256s.log
256s,mve_refmat,aim3_mpc_batch4,18,8,4,3440180,430022.5,107505.625,profile/mve_refmat/256s.log
256s,mve_refmat,aim3_mpc_batch4,19,8,4,3440162,430020.25,107505.0625,profile/mve_refmat/256s.log
256s,mve_refmat,aim3_mpc_batch4,20,8,4,3440182,430022.75,107505.6875,profile/mve_refmat/256s.log
256s,mve_refmat,aim3_mpc_batch4,21,8,4,3440288,430036.0,107509.0,profile/mve_refmat/256s.log
256s,mve_refmat,aim3_mpc_batch4,22,8,4,3440180,430022.5,107505.625,profile/mve_refmat/256s.log
256s,mve_refmat,aim3_mpc_batch4,23,8,4,3440162,430020.25,107505.0625,profile/mve_refmat/256s.log
256s,mve_refmat,aim3_mpc_batch4,24,8,4,3440182,430022.75,107505.6875,profile/mve_refmat/256s.log
256s,mve_refmat,aim3_mpc_batch4,25,8,4,3440288,430036.0,107509.0,profile/mve_refmat/256s.log
256s,mve_refmat,aim3_mpc_batch4,26,8,4,3440102,430012.75,107503.1875,profile/mve_refmat/256s.log
256s,mve_refmat,aim3_mpc_batch4,27,8,4,3440108,430013.5,107503.375,profile/mve_refmat/256s.log
256s,mve_refmat,aim3_mpc_batch4,28,8,4,3440108,430013.5,107503.375,profile/mve_refmat/256s.log
256s,mve_refmat,aim3_mpc_batch4,29,8,4,3440108,430013.5,107503.375,profile/mve_refmat/256s.log
256s,mve_refmat,aim3_mpc_batch4,30,8,4,3440108,430013.5,107503.375,profile/mve_refmat/256s.log
256s,mve_refmat,aim3_mpc_batch4_affine,0,8,4,3275957,409494.625,102373.65625,profile/mve_refmat/256s.log
256s,mve_refmat,aim3_mpc_batch4_affine,1,8,4,3279732,409966.5,102491.625,profile/mve_refmat/256s.log
256s,mve_refmat,aim3_mpc_batch4_affine,2,8,4,3283032,410379.0,102594.75,profile/mve_refmat/256s.log
256s,mve_refmat,aim3_mpc_batch4_affine,3,8,4,3272004,409000.5,102250.125,profile/mve_refmat/256s.log
256s,mve_refmat,aim3_mpc_batch4_affine,4,8,4,3272244,409030.5,102257.625,profile/mve_refmat/256s.log
256s,mve_refmat,aim3_mpc_batch4_affine,5,8,4,3272243,409030.375,102257.59375,profile/mve_refmat/256s.log
256s,mve_refmat,aim3_mpc_batch4_affine,6,8,4,3272243,409030.375,102257.59375,profile/mve_refmat/256s.log
256s,mve_refmat,aim3_mpc_batch4_affine,7,8,4,3273147,409143.375,102285.84375,profile/mve_refmat/256s.log
256s,mve_refmat,aim3_mpc_batch4_affine,8,8,4,3273090,409136.25,102284.0625,profile/mve_refmat/256s.log
256s,mve_refmat,aim3_mpc_batch4_affine,9,8,4,3273193,409149.125,102287.28125,profile/mve_refmat/256s.log
256s,mve_refmat,aim3_mpc_batch4_affine,10,8,4,3273087,409135.875,102283.96875,profile/mve_refmat/256s.log
256s,mve_refmat,aim3_mpc_batch4_affine,11,8,4,3273070,409133.75,102283.4375,profile/mve_refmat/256s.log
256s,mve_refmat,aim3_mpc_batch4_affine,12,8,4,3273090,409136.25,102284.0625,profile/mve_refmat/256s.log
256s,mve_refmat,aim3_mpc_batch4_affine,13,8,4,3273193,409149.125,102287.28125,profile/mve_refmat/256s.log
256s,mve_refmat,aim3_mpc_batch4_affine,14,8,4,3273087,409135.875,102283.96875,profile/mve_refmat/256s.log
256s,mve_refmat,aim3_mpc_batch4_affine,15,8,4,3273070,409133.75,102283.4375,profile/mve_refmat/256s.log
256s,mve_refmat,aim3_mpc_batch4_affine,16,8,4,3273090,409136.25,102284.0625,profile/mve_refmat/256s.log
256s,mve_refmat,aim3_mpc_batch4_affine,17,8,4,3273193,409149.125,102287.28125,profile/mve_refmat/256s.log
256s,mve_refmat,aim3_mpc_batch4_affine,18,8,4,3273087,409135.875,102283.96875,profile/mve_refmat/256s.log
256s,mve_refmat,aim3_mpc_batch4_affine,19,8,4,3273070,409133.75,102283.4375,profile/mve_refmat/256s.log
256s,mve_refmat,aim3_mpc_batch4_affine,20,8,4,3273090,409136.25,102284.0625,profile/mve_refmat/256s.log
256s,mve_refmat,aim3_mpc_batch4_affine,21,8,4,3273193,409149.125,102287.28125,profile/mve_refmat/256s.log
256s,mve_refmat,aim3_mpc_batch4_affine,22,8,4,3273088,409136.0,102284.0,profile/mve_refmat/256s.log
256s,mve_refmat,aim3_mpc_batch4_affine,23,8,4,3273070,409133.75,102283.4375,profile/mve_refmat/256s.log
256s,mve_refmat,aim3_mpc_batch4_affine,24,8,4,3273090,409136.25,102284.0625,profile/mve_refmat/256s.log
256s,mve_refmat,aim3_mpc_batch4_affine,25,8,4,3273193,409149.125,102287.28125,profile/mve_refmat/256s.log
256s,mve_refmat,aim3_mpc_batch4_affine,26,8,4,3273006,409125.75,102281.4375,profile/mve_refmat/256s.log
256s,mve_refmat,aim3_mpc_batch4_affine,27,8,4,3273012,409126.5,102281.625,profile/mve_refmat/256s.log
256s,mve_refmat,aim3_mpc_batch4_affine,28,8,4,3273012,409126.5,102281.625,profile/mve_refmat/256s.log
256s,mve_refmat,aim3_mpc_batch4_affine,29,8,4,3273012,409126.5,102281.625,profile/mve_refmat/256s.log
256s,mve_refmat,aim3_mpc_batch4_affine,30,8,4,3273012,409126.5,102281.625,profile/mve_refmat/256s.log
256s,mve_refmat,aim3_mpc_batch4_frobenius,0,8,4,168113,21014.125,5253.53125,profile/mve_refmat/256s.log
256s,mve_refmat,aim3_mpc_batch4_frobenius,1,8,4,166099,20762.375,5190.59375,profile/mve_refmat/256s.log
256s,mve_refmat,aim3_mpc_batch4_frobenius,2,8,4,166031,20753.875,5188.46875,profile/mve_refmat/256s.log
256s,mve_refmat,aim3_mpc_batch4_frobenius,3,8,4,166029,20753.625,5188.40625,profile/mve_refmat/256s.log
256s,mve_refmat,aim3_mpc_batch4_frobenius,4,8,4,166029,20753.625,5188.40625,profile/mve_refmat/256s.log
256s,mve_refmat,aim3_mpc_batch4_frobenius,5,8,4,166029,20753.625,5188.40625,profile/mve_refmat/256s.log
256s,mve_refmat,aim3_mpc_batch4_frobenius,6,8,4,166029,20753.625,5188.40625,profile/mve_refmat/256s.log
256s,mve_refmat,aim3_mpc_batch4_frobenius,7,8,4,166027,20753.375,5188.34375,profile/mve_refmat/256s.log
256s,mve_refmat,aim3_mpc_batch4_frobenius,8,8,4,166026,20753.25,5188.3125,profile/mve_refmat/256s.log
256s,mve_refmat,aim3_mpc_batch4_frobenius,9,8,4,166028,20753.5,5188.375,profile/mve_refmat/256s.log
256s,mve_refmat,aim3_mpc_batch4_frobenius,10,8,4,166026,20753.25,5188.3125,profile/mve_refmat/256s.log
256s,mve_refmat,aim3_mpc_batch4_frobenius,11,8,4,166025,20753.125,5188.28125,profile/mve_refmat/256s.log
256s,mve_refmat,aim3_mpc_batch4_frobenius,12,8,4,166026,20753.25,5188.3125,profile/mve_refmat/256s.log
256s,mve_refmat,aim3_mpc_batch4_frobenius,13,8,4,166028,20753.5,5188.375,profile/mve_refmat/256s.log
256s,mve_refmat,aim3_mpc_batch4_frobenius,14,8,4,166026,20753.25,5188.3125,profile/mve_refmat/256s.log
256s,mve_refmat,aim3_mpc_batch4_frobenius,15,8,4,166025,20753.125,5188.28125,profile/mve_refmat/256s.log
256s,mve_refmat,aim3_mpc_batch4_frobenius,16,8,4,166026,20753.25,5188.3125,profile/mve_refmat/256s.log
256s,mve_refmat,aim3_mpc_batch4_frobenius,17,8,4,166028,20753.5,5188.375,profile/mve_refmat/256s.log
256s,mve_refmat,aim3_mpc_batch4_frobenius,18,8,4,166026,20753.25,5188.3125,profile/mve_refmat/256s.log
256s,mve_refmat,aim3_mpc_batch4_frobenius,19,8,4,166025,20753.125,5188.28125,profile/mve_refmat/256s.log
256s,mve_refmat,aim3_mpc_batch4_frobenius,20,8,4,166026,20753.25,5188.3125,profile/mve_refmat/256s.log
256s,mve_refmat,aim3_mpc_batch4_frobenius,21,8,4,166028,20753.5,5188.375,profile/mve_refmat/256s.log
256s,mve_refmat,aim3_mpc_batch4_frobenius,22,8,4,166026,20753.25,5188.3125,profile/mve_refmat/256s.log
256s,mve_refmat,aim3_mpc_batch4_frobenius,23,8,4,166025,20753.125,5188.28125,profile/mve_refmat/256s.log
256s,mve_refmat,aim3_mpc_batch4_frobenius,24,8,4,166026,20753.25,5188.3125,profile/mve_refmat/256s.log
256s,mve_refmat,aim3_mpc_batch4_frobenius,25,8,4,166028,20753.5,5188.375,profile/mve_refmat/256s.log
256s,mve_refmat,aim3_mpc_batch4_frobenius,26,8,4,166027,20753.375,5188.34375,profile/mve_refmat/256s.log
256s,mve_refmat,aim3_mpc_batch4_frobenius,27,8,4,166027,20753.375,5188.34375,profile/mve_refmat/256s.log
256s,mve_refmat,aim3_mpc_batch4_frobenius,28,8,4,166027,20753.375,5188.34375,profile/mve_refmat/256s.log
256s,mve_refmat,aim3_mpc_batch4_frobenius,29,8,4,166027,20753.375,5188.34375,profile/mve_refmat/256s.log
256s,mve_refmat,aim3_mpc_batch4_frobenius,30,8,4,166027,20753.375,5188.34375,profile/mve_refmat/256s.log
256s,mve_refmat,aim3_mpc_scalar,0,8,1,999790,124973.75,124973.75,profile/mve_refmat/256s.log
256s,mve_refmat,aim3_mpc_scalar,1,8,1,998464,124808.0,124808.0,profile/mve_refmat/256s.log
256s,mve_refmat,aim3_mpc_scalar,2,8,1,997597,124699.625,124699.625,profile/mve_refmat/256s.log
256s,mve_refmat,aim3_mpc_scalar,3,8,1,997681,124710.125,124710.125,profile/mve_refmat/256s.log
256s,mve_refmat,aim3_mpc_scalar,4,8,1,997702,124712.75,124712.75,profile/mve_refmat/256s.log
256s,mve_refmat,aim3_mpc_scalar,5,8,1,997699,124712.375,124712.375,profile/mve_refmat/256s.log
256s,mve_refmat,aim3_mpc_scalar,6,8,1,997714,124714.25,124714.25,profile/mve_refmat/256s.log
256s,mve_refmat,aim3_mpc_scalar,7,8,1,997717,124714.625,124714.625,profile/mve_refmat/256s.log
256s,mve_refmat,aim3_mpc_scalar,8,8,1,997702,124712.75,124712.75,profile/mve_refmat/256s.log
256s,mve_refmat,aim3_mpc_scalar,9,8,1,997699,124712.375,124712.375,profile/mve_refmat/256s.log
256s,mve_refmat,aim3_mpc_scalar,10,8,1,997714,124714.25,124714.25,profile/mve_refmat/256s.log
256s,mve_refmat,aim3_mpc_scalar,11,8,1,997717,124714.625,124714.625,profile/mve_refmat/256s.log
256s,mve_refmat,aim3_mpc_scalar,12,8,1,997702,124712.75,124712.75,profile/mve_refmat/256s.log
256s,mve_refmat,aim3_mpc_scalar,13,8,1,997699,124712.375,124712.375,profile/mve_refmat/256s.log
256s,mve_refmat,aim3_mpc_scalar,14,8,1,997714,124714.25,124714.25,profile/mve_refmat/256s.log
256s,mve_refmat,aim3_mpc_scalar,15,8,1,997717,124714.625,124714.625,profile/mve_refmat/256s.log
256s,mve_refmat,aim3_mpc_scalar,16,8,1,997702,124712.75,124712.75,profile/mve_refmat/256s.log
256s,mve_refmat,aim3_mpc_scalar,17,8,1,997699,124712.375,124712.375,profile/mve_refmat/256s.log
256s,mve_refmat,aim3_mpc_scalar,18,8,1,997714,124714.25,124714.25,profile/mve_refmat/256s.log
256s,mve_refmat,aim3_mpc_scalar,19,8,1,997717,124714.625,124714.625,profile/mve_refmat/256s.log
256s,mve_refmat,aim3_mpc_scalar,20,8,1,997702,124712.75,124712.75,profile/mve_refmat/256s.log
256s,mve_refmat,aim3_mpc_scalar,21,8,1,997699,124712.375,124712.375,profile/mve_refmat/256s.log
256s,mve_refmat,aim3_mpc_scalar,22,8,1,997714,124714.25,124714.25,profile/mve_refmat/256s.log
256s,mve_refmat,aim3_mpc_scalar,23,8,1,997717,124714.625,124714.625,profile/mve_refmat/256s.log
256s,mve_refmat,aim3_mpc_scalar,24,8,1,997702,124712.75,124712.75,profile/mve_refmat/256s.log
256s,mve_refmat,aim3_mpc_scalar,25,8,1,997699,124712.375,124712.375,profile/mve_refmat/256s.log
256s,mve_refmat,aim3_mpc_scalar,26,8,1,997714,124714.25,124714.25,profile/mve_refmat/256s.log
256s,mve_refmat,aim3_mpc_scalar,27,8,1,997717,124714.625,124714.625,profile/mve_refmat/256s.log
256s,mve_refmat,aim3_mpc_scalar,28,8,1,997702,124712.75,124712.75,profile/mve_refmat/256s.log
256s,mve_refmat,aim3_mpc_scalar,29,8,1,997699,124712.375,124712.375,profile/mve_refmat/256s.log
256s,mve_refmat,aim3_mpc_scalar,30,8,1,997714,124714.25,124714.25,profile/mve_refmat/256s.log
128f,ref,gf_mul,0,64,1,306229,4784.828125,4784.828125,profile/ref/128f.log
128f,ref,gf_mul,1,64,1,301290,4707.65625,4707.65625,profile/ref/128f.log
128f,ref,gf_mul,2,64,1,301290,4707.65625,4707.65625,profile/ref/128f.log
128f,ref,gf_mul,3,64,1,301290,4707.65625,4707.65625,profile/ref/128f.log
128f,ref,gf_mul,4,64,1,301291,4707.671875,4707.671875,profile/ref/128f.log
128f,ref,gf_mul,5,64,1,301289,4707.640625,4707.640625,profile/ref/128f.log
128f,ref,gf_mul,6,64,1,301290,4707.65625,4707.65625,profile/ref/128f.log
128f,ref,gf_mul,7,64,1,301290,4707.65625,4707.65625,profile/ref/128f.log
128f,ref,gf_mul,8,64,1,301288,4707.625,4707.625,profile/ref/128f.log
128f,ref,gf_mul,9,64,1,301290,4707.65625,4707.65625,profile/ref/128f.log
128f,ref,gf_mul,10,64,1,301290,4707.65625,4707.65625,profile/ref/128f.log
128f,ref,gf_mul,11,64,1,301290,4707.65625,4707.65625,profile/ref/128f.log
128f,ref,gf_mul,12,64,1,301292,4707.6875,4707.6875,profile/ref/128f.log
128f,ref,gf_mul,13,64,1,301290,4707.65625,4707.65625,profile/ref/128f.log
128f,ref,gf_mul,14,64,1,301292,4707.6875,4707.6875,profile/ref/128f.log
128f,ref,gf_mul,15,64,1,301288,4707.625,4707.625,profile/ref/128f.log
128f,ref,gf_mul,16,64,1,301290,4707.65625,4707.65625,profile/ref/128f.log
128f,ref,gf_mul,17,64,1,301290,4707.65625,4707.65625,profile/ref/128f.log
128f,ref,gf_mul,18,64,1,301290,4707.65625,4707.65625,profile/ref/128f.log
128f,ref,gf_mul,19,64,1,301291,4707.671875,4707.671875,profile/ref/128f.log
128f,ref,gf_mul,20,64,1,301289,4707.640625,4707.640625,profile/ref/128f.log
128f,ref,gf_mul,21,64,1,301290,4707.65625,4707.65625,profile/ref/128f.log
128f,ref,gf_mul,22,64,1,301290,4707.65625,4707.65625,profile/ref/128f.log
128f,ref,gf_mul,23,64,1,301288,4707.625,4707.625,profile/ref/128f.log
128f,ref,gf_mul,24,64,1,301290,4707.65625,4707.65625,profile/ref/128f.log
128f,ref,gf_mul,25,64,1,301290,4707.65625,4707.65625,profile/ref/128f.log
128f,ref,gf_mul,26,64,1,301289,4707.640625,4707.640625,profile/ref/128f.log
128f,ref,gf_mul,27,64,1,301294,4707.71875,4707.71875,profile/ref/128f.log
128f,ref,gf_mul,28,64,1,301290,4707.65625,4707.65625,profile/ref/128f.log
128f,ref,gf_mul,29,64,1,301292,4707.6875,4707.6875,profile/ref/128f.log
128f,ref,gf_mul,30,64,1,301288,4707.625,4707.625,profile/ref/128f.log
128f,ref,gf_sqr,0,64,1,14586,227.90625,227.90625,profile/ref/128f.log
128f,ref,gf_sqr,1,64,1,13894,217.09375,217.09375,profile/ref/128f.log
128f,ref,gf_sqr,2,64,1,13894,217.09375,217.09375,profile/ref/128f.log
128f,ref,gf_sqr,3,64,1,13894,217.09375,217.09375,profile/ref/128f.log
128f,ref,gf_sqr,4,64,1,13894,217.09375,217.09375,profile/ref/128f.log
128f,ref,gf_sqr,5,64,1,13894,217.09375,217.09375,profile/ref/128f.log
128f,ref,gf_sqr,6,64,1,13894,217.09375,217.09375,profile/ref/128f.log
128f,ref,gf_sqr,7,64,1,13894,217.09375,217.09375,profile/ref/128f.log
128f,ref,gf_sqr,8,64,1,13894,217.09375,217.09375,profile/ref/128f.log
128f,ref,gf_sqr,9,64,1,13894,217.09375,217.09375,profile/ref/128f.log
128f,ref,gf_sqr,10,64,1,13894,217.09375,217.09375,profile/ref/128f.log
128f,ref,gf_sqr,11,64,1,13894,217.09375,217.09375,profile/ref/128f.log
128f,ref,gf_sqr,12,64,1,13894,217.09375,217.09375,profile/ref/128f.log
128f,ref,gf_sqr,13,64,1,13894,217.09375,217.09375,profile/ref/128f.log
128f,ref,gf_sqr,14,64,1,13894,217.09375,217.09375,profile/ref/128f.log
128f,ref,gf_sqr,15,64,1,13894,217.09375,217.09375,profile/ref/128f.log
128f,ref,gf_sqr,16,64,1,13894,217.09375,217.09375,profile/ref/128f.log
128f,ref,gf_sqr,17,64,1,13894,217.09375,217.09375,profile/ref/128f.log
128f,ref,gf_sqr,18,64,1,13894,217.09375,217.09375,profile/ref/128f.log
128f,ref,gf_sqr,19,64,1,13894,217.09375,217.09375,profile/ref/128f.log
128f,ref,gf_sqr,20,64,1,13894,217.09375,217.09375,profile/ref/128f.log
128f,ref,gf_sqr,21,64,1,13894,217.09375,217.09375,profile/ref/128f.log
128f,ref,gf_sqr,22,64,1,13894,217.09375,217.09375,profile/ref/128f.log
128f,ref,gf_sqr,23,64,1,13894,217.09375,217.09375,profile/ref/128f.log
128f,ref,gf_sqr,24,64,1,13894,217.09375,217.09375,profile/ref/128f.log
128f,ref,gf_sqr,25,64,1,13894,217.09375,217.09375,profile/ref/128f.log
128f,ref,gf_sqr,26,64,1,13894,217.09375,217.09375,profile/ref/128f.log
128f,ref,gf_sqr,27,64,1,13894,217.09375,217.09375,profile/ref/128f.log
128f,ref,gf_sqr,28,64,1,13894,217.09375,217.09375,profile/ref/128f.log
128f,ref,gf_sqr,29,64,1,13894,217.09375,217.09375,profile/ref/128f.log
128f,ref,gf_sqr,30,64,1,13894,217.09375,217.09375,profile/ref/128f.log
128f,ref,gf_inv,0,8,1,5015100,626887.5,626887.5,profile/ref/128f.log
128f,ref,gf_inv,1,8,1,5014781,626847.625,626847.625,profile/ref/128f.log
128f,ref,gf_inv,2,8,1,5014780,626847.5,626847.5,profile/ref/128f.log
128f,ref,gf_inv,3,8,1,5014781,626847.625,626847.625,profile/ref/128f.log
128f,ref,gf_inv,4,8,1,5014780,626847.5,626847.5,profile/ref/128f.log
128f,ref,gf_inv,5,8,1,5014781,626847.625,626847.625,profile/ref/128f.log
128f,ref,gf_inv,6,8,1,5014782,626847.75,626847.75,profile/ref/128f.log
128f,ref,gf_inv,7,8,1,5014777,626847.125,626847.125,profile/ref/128f.log
128f,ref,gf_inv,8,8,1,5014782,626847.75,626847.75,profile/ref/128f.log
128f,ref,gf_inv,9,8,1,5014776,626847.0,626847.0,profile/ref/128f.log
128f,ref,gf_inv,10,8,1,5014779,626847.375,626847.375,profile/ref/128f.log
128f,ref,gf_inv,11,8,1,5014782,626847.75,626847.75,profile/ref/128f.log
128f,ref,gf_inv,12,8,1,5014782,626847.75,626847.75,profile/ref/128f.log
128f,ref,gf_inv,13,8,1,5014777,626847.125,626847.125,profile/ref/128f.log
128f,ref,gf_inv,14,8,1,5014782,626847.75,626847.75,profile/ref/128f.log
128f,ref,gf_inv,15,8,1,5014776,626847.0,626847.0,profile/ref/128f.log
128f,ref,gf_inv,16,8,1,5014780,626847.5,626847.5,profile/ref/128f.log
128f,ref,gf_inv,17,8,1,5014781,626847.625,626847.625,profile/ref/128f.log
128f,ref,gf_inv,18,8,1,5014782,626847.75,626847.75,profile/ref/128f.log
128f,ref,gf_inv,19,8,1,5014777,626847.125,626847.125,profile/ref/128f.log
128f,ref,gf_inv,20,8,1,5014782,626847.75,626847.75,profile/ref/128f.log
128f,ref,gf_inv,21,8,1,5014776,626847.0,626847.0,profile/ref/128f.log
128f,ref,gf_inv,22,8,1,5014779,626847.375,626847.375,profile/ref/128f.log
128f,ref,gf_inv,23,8,1,5014782,626847.75,626847.75,profile/ref/128f.log
128f,ref,gf_inv,24,8,1,5014782,626847.75,626847.75,profile/ref/128f.log
128f,ref,gf_inv,25,8,1,5014777,626847.125,626847.125,profile/ref/128f.log
128f,ref,gf_inv,26,8,1,5014782,626847.75,626847.75,profile/ref/128f.log
128f,ref,gf_inv,27,8,1,5014776,626847.0,626847.0,profile/ref/128f.log
128f,ref,gf_inv,28,8,1,5014780,626847.5,626847.5,profile/ref/128f.log
128f,ref,gf_inv,29,8,1,5014781,626847.625,626847.625,profile/ref/128f.log
128f,ref,gf_inv,30,8,1,5014782,626847.75,626847.75,profile/ref/128f.log
128f,ref,gf_mat_vec_mul,0,64,1,209435,3272.421875,3272.421875,profile/ref/128f.log
128f,ref,gf_mat_vec_mul,1,64,1,208774,3262.09375,3262.09375,profile/ref/128f.log
128f,ref,gf_mat_vec_mul,2,64,1,208774,3262.09375,3262.09375,profile/ref/128f.log
128f,ref,gf_mat_vec_mul,3,64,1,208774,3262.09375,3262.09375,profile/ref/128f.log
128f,ref,gf_mat_vec_mul,4,64,1,208774,3262.09375,3262.09375,profile/ref/128f.log
128f,ref,gf_mat_vec_mul,5,64,1,208774,3262.09375,3262.09375,profile/ref/128f.log
128f,ref,gf_mat_vec_mul,6,64,1,208774,3262.09375,3262.09375,profile/ref/128f.log
128f,ref,gf_mat_vec_mul,7,64,1,208774,3262.09375,3262.09375,profile/ref/128f.log
128f,ref,gf_mat_vec_mul,8,64,1,208774,3262.09375,3262.09375,profile/ref/128f.log
128f,ref,gf_mat_vec_mul,9,64,1,208774,3262.09375,3262.09375,profile/ref/128f.log
128f,ref,gf_mat_vec_mul,10,64,1,208774,3262.09375,3262.09375,profile/ref/128f.log
128f,ref,gf_mat_vec_mul,11,64,1,208774,3262.09375,3262.09375,profile/ref/128f.log
128f,ref,gf_mat_vec_mul,12,64,1,208774,3262.09375,3262.09375,profile/ref/128f.log
128f,ref,gf_mat_vec_mul,13,64,1,208774,3262.09375,3262.09375,profile/ref/128f.log
128f,ref,gf_mat_vec_mul,14,64,1,208774,3262.09375,3262.09375,profile/ref/128f.log
128f,ref,gf_mat_vec_mul,15,64,1,208774,3262.09375,3262.09375,profile/ref/128f.log
128f,ref,gf_mat_vec_mul,16,64,1,208774,3262.09375,3262.09375,profile/ref/128f.log
128f,ref,gf_mat_vec_mul,17,64,1,208774,3262.09375,3262.09375,profile/ref/128f.log
128f,ref,gf_mat_vec_mul,18,64,1,208774,3262.09375,3262.09375,profile/ref/128f.log
128f,ref,gf_mat_vec_mul,19,64,1,208774,3262.09375,3262.09375,profile/ref/128f.log
128f,ref,gf_mat_vec_mul,20,64,1,208774,3262.09375,3262.09375,profile/ref/128f.log
128f,ref,gf_mat_vec_mul,21,64,1,208774,3262.09375,3262.09375,profile/ref/128f.log
128f,ref,gf_mat_vec_mul,22,64,1,208774,3262.09375,3262.09375,profile/ref/128f.log
128f,ref,gf_mat_vec_mul,23,64,1,208774,3262.09375,3262.09375,profile/ref/128f.log
128f,ref,gf_mat_vec_mul,24,64,1,208774,3262.09375,3262.09375,profile/ref/128f.log
128f,ref,gf_mat_vec_mul,25,64,1,208774,3262.09375,3262.09375,profile/ref/128f.log
128f,ref,gf_mat_vec_mul,26,64,1,208774,3262.09375,3262.09375,profile/ref/128f.log
128f,ref,gf_mat_vec_mul,27,64,1,208774,3262.09375,3262.09375,profile/ref/128f.log
128f,ref,gf_mat_vec_mul,28,64,1,208774,3262.09375,3262.09375,profile/ref/128f.log
128f,ref,gf_mat_vec_mul,29,64,1,208774,3262.09375,3262.09375,profile/ref/128f.log
128f,ref,gf_mat_vec_mul,30,64,1,208774,3262.09375,3262.09375,profile/ref/128f.log
128f,ref,gf_mat_vec_mul_add,0,64,1,210662,3291.59375,3291.59375,profile/ref/128f.log
128f,ref,gf_mat_vec_mul_add,1,64,1,210631,3291.109375,3291.109375,profile/ref/128f.log
128f,ref,gf_mat_vec_mul_add,2,64,1,210631,3291.109375,3291.109375,profile/ref/128f.log
128f,ref,gf_mat_vec_mul_add,3,64,1,210631,3291.109375,3291.109375,profile/ref/128f.log
128f,ref,gf_mat_vec_mul_add,4,64,1,210631,3291.109375,3291.109375,profile/ref/128f.log
128f,ref,gf_mat_vec_mul_add,5,64,1,210631,3291.109375,3291.109375,profile/ref/128f.log
128f,ref,gf_mat_vec_mul_add,6,64,1,210631,3291.109375,3291.109375,profile/ref/128f.log
128f,ref,gf_mat_vec_mul_add,7,64,1,210631,3291.109375,3291.109375,profile/ref/128f.log
128f,ref,gf_mat_vec_mul_add,8,64,1,210631,3291.109375,3291.109375,profile/ref/128f.log
128f,ref,gf_mat_vec_mul_add,9,64,1,210631,3291.109375,3291.109375,profile/ref/128f.log
128f,ref,gf_mat_vec_mul_add,10,64,1,210631,3291.109375,3291.109375,profile/ref/128f.log
128f,ref,gf_mat_vec_mul_add,11,64,1,210631,3291.109375,3291.109375,profile/ref/128f.log
128f,ref,gf_mat_vec_mul_add,12,64,1,210631,3291.109375,3291.109375,profile/ref/128f.log
128f,ref,gf_mat_vec_mul_add,13,64,1,210631,3291.109375,3291.109375,profile/ref/128f.log
128f,ref,gf_mat_vec_mul_add,14,64,1,210631,3291.109375,3291.109375,profile/ref/128f.log
128f,ref,gf_mat_vec_mul_add,15,64,1,210631,3291.109375,3291.109375,profile/ref/128f.log
128f,ref,gf_mat_vec_mul_add,16,64,1,210631,3291.109375,3291.109375,profile/ref/128f.log
128f,ref,gf_mat_vec_mul_add,17,64,1,210631,3291.109375,3291.109375,profile/ref/128f.log
128f,ref,gf_mat_vec_mul_add,18,64,1,210631,3291.109375,3291.109375,profile/ref/128f.log
128f,ref,gf_mat_vec_mul_add,19,64,1,210631,3291.109375,3291.109375,profile/ref/128f.log
128f,ref,gf_mat_vec_mul_add,20,64,1,210631,3291.109375,3291.109375,profile/ref/128f.log
128f,ref,gf_mat_vec_mul_add,21,64,1,210631,3291.109375,3291.109375,profile/ref/128f.log
128f,ref,gf_mat_vec_mul_add,22,64,1,210631,3291.109375,3291.109375,profile/ref/128f.log
128f,ref,gf_mat_vec_mul_add,23,64,1,210631,3291.109375,3291.109375,profile/ref/128f.log
128f,ref,gf_mat_vec_mul_add,24,64,1,210631,3291.109375,3291.109375,profile/ref/128f.log
128f,ref,gf_mat_vec_mul_add,25,64,1,210631,3291.109375,3291.109375,profile/ref/128f.log
128f,ref,gf_mat_vec_mul_add,26,64,1,210631,3291.109375,3291.109375,profile/ref/128f.log
128f,ref,gf_mat_vec_mul_add,27,64,1,210631,3291.109375,3291.109375,profile/ref/128f.log
128f,ref,gf_mat_vec_mul_add,28,64,1,210631,3291.109375,3291.109375,profile/ref/128f.log
128f,ref,gf_mat_vec_mul_add,29,64,1,210631,3291.109375,3291.109375,profile/ref/128f.log
128f,ref,gf_mat_vec_mul_add,30,64,1,210631,3291.109375,3291.109375,profile/ref/128f.log
128f,ref,gf_sqr_batch4,0,64,4,60029,937.953125,234.48828125,profile/ref/128f.log
128f,ref,gf_sqr_batch4,1,64,4,59846,935.09375,233.7734375,profile/ref/128f.log
128f,ref,gf_sqr_batch4,2,64,4,59846,935.09375,233.7734375,profile/ref/128f.log
128f,ref,gf_sqr_batch4,3,64,4,59846,935.09375,233.7734375,profile/ref/128f.log
128f,ref,gf_sqr_batch4,4,64,4,59846,935.09375,233.7734375,profile/ref/128f.log
128f,ref,gf_sqr_batch4,5,64,4,59846,935.09375,233.7734375,profile/ref/128f.log
128f,ref,gf_sqr_batch4,6,64,4,59846,935.09375,233.7734375,profile/ref/128f.log
128f,ref,gf_sqr_batch4,7,64,4,59846,935.09375,233.7734375,profile/ref/128f.log
128f,ref,gf_sqr_batch4,8,64,4,59846,935.09375,233.7734375,profile/ref/128f.log
128f,ref,gf_sqr_batch4,9,64,4,59846,935.09375,233.7734375,profile/ref/128f.log
128f,ref,gf_sqr_batch4,10,64,4,59846,935.09375,233.7734375,profile/ref/128f.log
128f,ref,gf_sqr_batch4,11,64,4,59846,935.09375,233.7734375,profile/ref/128f.log
128f,ref,gf_sqr_batch4,12,64,4,59846,935.09375,233.7734375,profile/ref/128f.log
128f,ref,gf_sqr_batch4,13,64,4,59846,935.09375,233.7734375,profile/ref/128f.log
128f,ref,gf_sqr_batch4,14,64,4,59846,935.09375,233.7734375,profile/ref/128f.log
128f,ref,gf_sqr_batch4,15,64,4,59846,935.09375,233.7734375,profile/ref/128f.log
128f,ref,gf_sqr_batch4,16,64,4,59846,935.09375,233.7734375,profile/ref/128f.log
128f,ref,gf_sqr_batch4,17,64,4,59846,935.09375,233.7734375,profile/ref/128f.log
128f,ref,gf_sqr_batch4,18,64,4,59846,935.09375,233.7734375,profile/ref/128f.log
128f,ref,gf_sqr_batch4,19,64,4,59846,935.09375,233.7734375,profile/ref/128f.log
128f,ref,gf_sqr_batch4,20,64,4,59846,935.09375,233.7734375,profile/ref/128f.log
128f,ref,gf_sqr_batch4,21,64,4,59846,935.09375,233.7734375,profile/ref/128f.log
128f,ref,gf_sqr_batch4,22,64,4,59846,935.09375,233.7734375,profile/ref/128f.log
128f,ref,gf_sqr_batch4,23,64,4,59846,935.09375,233.7734375,profile/ref/128f.log
128f,ref,gf_sqr_batch4,24,64,4,59846,935.09375,233.7734375,profile/ref/128f.log
128f,ref,gf_sqr_batch4,25,64,4,59846,935.09375,233.7734375,profile/ref/128f.log
128f,ref,gf_sqr_batch4,26,64,4,59846,935.09375,233.7734375,profile/ref/128f.log
128f,ref,gf_sqr_batch4,27,64,4,59846,935.09375,233.7734375,profile/ref/128f.log
128f,ref,gf_sqr_batch4,28,64,4,59846,935.09375,233.7734375,profile/ref/128f.log
128f,ref,gf_sqr_batch4,29,64,4,59846,935.09375,233.7734375,profile/ref/128f.log
128f,ref,gf_sqr_batch4,30,64,4,59846,935.09375,233.7734375,profile/ref/128f.log
128f,ref,gf_frobenius_batch4_e3,0,8,4,21641,2705.125,676.28125,profile/ref/128f.log
128f,ref,gf_frobenius_batch4_e3,1,8,4,21494,2686.75,671.6875,profile/ref/128f.log
128f,ref,gf_frobenius_batch4_e3,2,8,4,21494,2686.75,671.6875,profile/ref/128f.log
128f,ref,gf_frobenius_batch4_e3,3,8,4,21494,2686.75,671.6875,profile/ref/128f.log
128f,ref,gf_frobenius_batch4_e3,4,8,4,21494,2686.75,671.6875,profile/ref/128f.log
128f,ref,gf_frobenius_batch4_e3,5,8,4,21494,2686.75,671.6875,profile/ref/128f.log
128f,ref,gf_frobenius_batch4_e3,6,8,4,21494,2686.75,671.6875,profile/ref/128f.log
128f,ref,gf_frobenius_batch4_e3,7,8,4,21494,2686.75,671.6875,profile/ref/128f.log
128f,ref,gf_frobenius_batch4_e3,8,8,4,21494,2686.75,671.6875,profile/ref/128f.log
128f,ref,gf_frobenius_batch4_e3,9,8,4,21494,2686.75,671.6875,profile/ref/128f.log
128f,ref,gf_frobenius_batch4_e3,10,8,4,21494,2686.75,671.6875,profile/ref/128f.log
128f,ref,gf_frobenius_batch4_e3,11,8,4,21494,2686.75,671.6875,profile/ref/128f.log
128f,ref,gf_frobenius_batch4_e3,12,8,4,21494,2686.75,671.6875,profile/ref/128f.log
128f,ref,gf_frobenius_batch4_e3,13,8,4,21494,2686.75,671.6875,profile/ref/128f.log
128f,ref,gf_frobenius_batch4_e3,14,8,4,21494,2686.75,671.6875,profile/ref/128f.log
128f,ref,gf_frobenius_batch4_e3,15,8,4,21494,2686.75,671.6875,profile/ref/128f.log
128f,ref,gf_frobenius_batch4_e3,16,8,4,21494,2686.75,671.6875,profile/ref/128f.log
128f,ref,gf_frobenius_batch4_e3,17,8,4,21494,2686.75,671.6875,profile/ref/128f.log
128f,ref,gf_frobenius_batch4_e3,18,8,4,21494,2686.75,671.6875,profile/ref/128f.log
128f,ref,gf_frobenius_batch4_e3,19,8,4,21494,2686.75,671.6875,profile/ref/128f.log
128f,ref,gf_frobenius_batch4_e3,20,8,4,21494,2686.75,671.6875,profile/ref/128f.log
128f,ref,gf_frobenius_batch4_e3,21,8,4,21494,2686.75,671.6875,profile/ref/128f.log
128f,ref,gf_frobenius_batch4_e3,22,8,4,21494,2686.75,671.6875,profile/ref/128f.log
128f,ref,gf_frobenius_batch4_e3,23,8,4,21494,2686.75,671.6875,profile/ref/128f.log
128f,ref,gf_frobenius_batch4_e3,24,8,4,21494,2686.75,671.6875,profile/ref/128f.log
128f,ref,gf_frobenius_batch4_e3,25,8,4,21494,2686.75,671.6875,profile/ref/128f.log
128f,ref,gf_frobenius_batch4_e3,26,8,4,21494,2686.75,671.6875,profile/ref/128f.log
128f,ref,gf_frobenius_batch4_e3,27,8,4,21494,2686.75,671.6875,profile/ref/128f.log
128f,ref,gf_frobenius_batch4_e3,28,8,4,21494,2686.75,671.6875,profile/ref/128f.log
128f,ref,gf_frobenius_batch4_e3,29,8,4,21494,2686.75,671.6875,profile/ref/128f.log
128f,ref,gf_frobenius_batch4_e3,30,8,4,21494,2686.75,671.6875,profile/ref/128f.log
128f,ref,gf_frobenius_batch4_e7,0,8,4,49269,6158.625,1539.65625,profile/ref/128f.log
128f,ref,gf_frobenius_batch4_e7,1,8,4,49270,6158.75,1539.6875,profile/ref/128f.log
128f,ref,gf_frobenius_batch4_e7,2,8,4,49270,6158.75,1539.6875,profile/ref/128f.log
128f,ref,gf_frobenius_batch4_e7,3,8,4,49270,6158.75,1539.6875,profile/ref/128f.log
128f,ref,gf_frobenius_batch4_e7,4,8,4,49270,6158.75,1539.6875,profile/ref/128f.log
128f,ref,gf_frobenius_batch4_e7,5,8,4,49270,6158.75,1539.6875,profile/ref/128f.log
128f,ref,gf_frobenius_batch4_e7,6,8,4,49270,6158.75,1539.6875,profile/ref/128f.log
128f,ref,gf_frobenius_batch4_e7,7,8,4,49270,6158.75,1539.6875,profile/ref/128f.log
128f,ref,gf_frobenius_batch4_e7,8,8,4,49270,6158.75,1539.6875,profile/ref/128f.log
128f,ref,gf_frobenius_batch4_e7,9,8,4,49270,6158.75,1539.6875,profile/ref/128f.log
128f,ref,gf_frobenius_batch4_e7,10,8,4,49270,6158.75,1539.6875,profile/ref/128f.log
128f,ref,gf_frobenius_batch4_e7,11,8,4,49270,6158.75,1539.6875,profile/ref/128f.log
128f,ref,gf_frobenius_batch4_e7,12,8,4,49270,6158.75,1539.6875,profile/ref/128f.log
128f,ref,gf_frobenius_batch4_e7,13,8,4,49270,6158.75,1539.6875,profile/ref/128f.log
128f,ref,gf_frobenius_batch4_e7,14,8,4,49270,6158.75,1539.6875,profile/ref/128f.log
128f,ref,gf_frobenius_batch4_e7,15,8,4,49270,6158.75,1539.6875,profile/ref/128f.log
128f,ref,gf_frobenius_batch4_e7,16,8,4,49270,6158.75,1539.6875,profile/ref/128f.log
128f,ref,gf_frobenius_batch4_e7,17,8,4,49270,6158.75,1539.6875,profile/ref/128f.log
128f,ref,gf_frobenius_batch4_e7,18,8,4,49270,6158.75,1539.6875,profile/ref/128f.log
128f,ref,gf_frobenius_batch4_e7,19,8,4,49270,6158.75,1539.6875,profile/ref/128f.log
128f,ref,gf_frobenius_batch4_e7,20,8,4,49270,6158.75,1539.6875,profile/ref/128f.log
128f,ref,gf_frobenius_batch4_e7,21,8,4,49270,6158.75,1539.6875,profile/ref/128f.log
128f,ref,gf_frobenius_batch4_e7,22,8,4,49270,6158.75,1539.6875,profile/ref/128f.log
128f,ref,gf_frobenius_batch4_e7,23,8,4,49270,6158.75,1539.6875,profile/ref/128f.log
128f,ref,gf_frobenius_batch4_e7,24,8,4,49270,6158.75,1539.6875,profile/ref/128f.log
128f,ref,gf_frobenius_batch4_e7,25,8,4,49270,6158.75,1539.6875,profile/ref/128f.log
128f,ref,gf_frobenius_batch4_e7,26,8,4,49270,6158.75,1539.6875,profile/ref/128f.log
128f,ref,gf_frobenius_batch4_e7,27,8,4,49270,6158.75,1539.6875,profile/ref/128f.log
128f,ref,gf_frobenius_batch4_e7,28,8,4,49270,6158.75,1539.6875,profile/ref/128f.log
128f,ref,gf_frobenius_batch4_e7,29,8,4,49270,6158.75,1539.6875,profile/ref/128f.log
128f,ref,gf_frobenius_batch4_e7,30,8,4,49270,6158.75,1539.6875,profile/ref/128f.log
128f,ref,gf_frobenius_batch4_e11,0,8,4,77077,9634.625,2408.65625,profile/ref/128f.log
128f,ref,gf_frobenius_batch4_e11,1,8,4,77046,9630.75,2407.6875,profile/ref/128f.log
128f,ref,gf_frobenius_batch4_e11,2,8,4,77046,9630.75,2407.6875,profile/ref/128f.log
128f,ref,gf_frobenius_batch4_e11,3,8,4,77046,9630.75,2407.6875,profile/ref/128f.log
128f,ref,gf_frobenius_batch4_e11,4,8,4,77046,9630.75,2407.6875,profile/ref/128f.log
128f,ref,gf_frobenius_batch4_e11,5,8,4,77046,9630.75,2407.6875,profile/ref/128f.log
128f,ref,gf_frobenius_batch4_e11,6,8,4,77046,9630.75,2407.6875,profile/ref/128f.log
128f,ref,gf_frobenius_batch4_e11,7,8,4,77046,9630.75,2407.6875,profile/ref/128f.log
128f,ref,gf_frobenius_batch4_e11,8,8,4,77046,9630.75,2407.6875,profile/ref/128f.log
128f,ref,gf_frobenius_batch4_e11,9,8,4,77046,9630.75,2407.6875,profile/ref/128f.log
128f,ref,gf_frobenius_batch4_e11,10,8,4,77046,9630.75,2407.6875,profile/ref/128f.log
128f,ref,gf_frobenius_batch4_e11,11,8,4,77046,9630.75,2407.6875,profile/ref/128f.log
128f,ref,gf_frobenius_batch4_e11,12,8,4,77046,9630.75,2407.6875,profile/ref/128f.log
128f,ref,gf_frobenius_batch4_e11,13,8,4,77046,9630.75,2407.6875,profile/ref/128f.log
128f,ref,gf_frobenius_batch4_e11,14,8,4,77046,9630.75,2407.6875,profile/ref/128f.log
128f,ref,gf_frobenius_batch4_e11,15,8,4,77046,9630.75,2407.6875,profile/ref/128f.log
128f,ref,gf_frobenius_batch4_e11,16,8,4,77046,9630.75,2407.6875,profile/ref/128f.log
128f,ref,gf_frobenius_batch4_e11,17,8,4,77046,9630.75,2407.6875,profile/ref/128f.log
128f,ref,gf_frobenius_batch4_e11,18,8,4,77046,9630.75,2407.6875,profile/ref/128f.log
128f,ref,gf_frobenius_batch4_e11,19,8,4,77046,9630.75,2407.6875,profile/ref/128f.log
128f,ref,gf_frobenius_batch4_e11,20,8,4,77046,9630.75,2407.6875,profile/ref/128f.log
128f,ref,gf_frobenius_batch4_e11,21,8,4,77046,9630.75,2407.6875,profile/ref/128f.log
128f,ref,gf_frobenius_batch4_e11,22,8,4,77046,9630.75,2407.6875,profile/ref/128f.log
128f,ref,gf_frobenius_batch4_e11,23,8,4,77046,9630.75,2407.6875,profile/ref/128f.log
128f,ref,gf_frobenius_batch4_e11,24,8,4,77046,9630.75,2407.6875,profile/ref/128f.log
128f,ref,gf_frobenius_batch4_e11,25,8,4,77046,9630.75,2407.6875,profile/ref/128f.log
128f,ref,gf_frobenius_batch4_e11,26,8,4,77046,9630.75,2407.6875,profile/ref/128f.log
128f,ref,gf_frobenius_batch4_e11,27,8,4,77046,9630.75,2407.6875,profile/ref/128f.log
128f,ref,gf_frobenius_batch4_e11,28,8,4,77046,9630.75,2407.6875,profile/ref/128f.log
128f,ref,gf_frobenius_batch4_e11,29,8,4,77046,9630.75,2407.6875,profile/ref/128f.log
128f,ref,gf_frobenius_batch4_e11,30,8,4,77046,9630.75,2407.6875,profile/ref/128f.log
128f,ref,gf_mul_const_batch4,0,64,4,1212151,18939.859375,4734.96484375,profile/ref/128f.log
128f,ref,gf_mul_const_batch4,1,64,4,1211254,18925.84375,4731.4609375,profile/ref/128f.log
128f,ref,gf_mul_const_batch4,2,64,4,1211257,18925.890625,4731.47265625,profile/ref/128f.log
128f,ref,gf_mul_const_batch4,3,64,4,1211258,18925.90625,4731.4765625,profile/ref/128f.log
128f,ref,gf_mul_const_batch4,4,64,4,1211254,18925.84375,4731.4609375,profile/ref/128f.log
128f,ref,gf_mul_const_batch4,5,64,4,1211258,18925.90625,4731.4765625,profile/ref/128f.log
128f,ref,gf_mul_const_batch4,6,64,4,1211257,18925.890625,4731.47265625,profile/ref/128f.log
128f,ref,gf_mul_const_batch4,7,64,4,1211257,18925.890625,4731.47265625,profile/ref/128f.log
128f,ref,gf_mul_const_batch4,8,64,4,1211257,18925.890625,4731.47265625,profile/ref/128f.log
128f,ref,gf_mul_const_batch4,9,64,4,1211254,18925.84375,4731.4609375,profile/ref/128f.log
128f,ref,gf_mul_const_batch4,10,64,4,1211257,18925.890625,4731.47265625,profile/ref/128f.log
128f,ref,gf_mul_const_batch4,11,64,4,1211254,18925.84375,4731.4609375,profile/ref/128f.log
128f,ref,gf_mul_const_batch4,12,64,4,1211250,18925.78125,4731.4453125,profile/ref/128f.log
128f,ref,gf_mul_const_batch4,13,64,4,1211259,18925.921875,4731.48046875,profile/ref/128f.log
128f,ref,gf_mul_const_batch4,14,64,4,1211254,18925.84375,4731.4609375,profile/ref/128f.log
128f,ref,gf_mul_const_batch4,15,64,4,1211249,18925.765625,4731.44140625,profile/ref/128f.log
128f,ref,gf_mul_const_batch4,16,64,4,1211248,18925.75,4731.4375,profile/ref/128f.log
128f,ref,gf_mul_const_batch4,17,64,4,1211248,18925.75,4731.4375,profile/ref/128f.log
128f,ref,gf_mul_const_batch4,18,64,4,1211248,18925.75,4731.4375,profile/ref/128f.log
128f,ref,gf_mul_const_batch4,19,64,4,1211248,18925.75,4731.4375,profile/ref/128f.log
128f,ref,gf_mul_const_batch4,20,64,4,1211248,18925.75,4731.4375,profile/ref/128f.log
128f,ref,gf_mul_const_batch4,21,64,4,1211248,18925.75,4731.4375,profile/ref/128f.log
128f,ref,gf_mul_const_batch4,22,64,4,1211248,18925.75,4731.4375,profile/ref/128f.log
128f,ref,gf_mul_const_batch4,23,64,4,1211248,18925.75,4731.4375,profile/ref/128f.log
128f,ref,gf_mul_const_batch4,24,64,4,1211248,18925.75,4731.4375,profile/ref/128f.log
128f,ref,gf_mul_const_batch4,25,64,4,1211248,18925.75,4731.4375,profile/ref/128f.log
128f,ref,gf_mul_const_batch4,26,64,4,1211248,18925.75,4731.4375,profile/ref/128f.log
128f,ref,gf_mul_const_batch4,27,64,4,1211248,18925.75,4731.4375,profile/ref/128f.log
128f,ref,gf_mul_const_batch4,28,64,4,1211248,18925.75,4731.4375,profile/ref/128f.log
128f,ref,gf_mul_const_batch4,29,64,4,1211248,18925.75,4731.4375,profile/ref/128f.log
128f,ref,gf_mul_const_batch4,30,64,4,1211248,18925.75,4731.4375,profile/ref/128f.log
128f,ref,aim3_mpc_batch4,0,8,4,580244,72530.5,18132.625,profile/ref/128f.log
128f,ref,aim3_mpc_batch4,1,8,4,579648,72456.0,18114.0,profile/ref/128f.log
128f,ref,aim3_mpc_batch4,2,8,4,579647,72455.875,18113.96875,profile/ref/128f.log
128f,ref,aim3_mpc_batch4,3,8,4,579647,72455.875,18113.96875,profile/ref/128f.log
128f,ref,aim3_mpc_batch4,4,8,4,579647,72455.875,18113.96875,profile/ref/128f.log
128f,ref,aim3_mpc_batch4,5,8,4,579647,72455.875,18113.96875,profile/ref/128f.log
128f,ref,aim3_mpc_batch4,6,8,4,579647,72455.875,18113.96875,profile/ref/128f.log
128f,ref,aim3_mpc_batch4,7,8,4,579647,72455.875,18113.96875,profile/ref/128f.log
128f,ref,aim3_mpc_batch4,8,8,4,579647,72455.875,18113.96875,profile/ref/128f.log
128f,ref,aim3_mpc_batch4,9,8,4,579647,72455.875,18113.96875,profile/ref/128f.log
128f,ref,aim3_mpc_batch4,10,8,4,579647,72455.875,18113.96875,profile/ref/128f.log
128f,ref,aim3_mpc_batch4,11,8,4,579647,72455.875,18113.96875,profile/ref/128f.log
128f,ref,aim3_mpc_batch4,12,8,4,579647,72455.875,18113.96875,profile/ref/128f.log
128f,ref,aim3_mpc_batch4,13,8,4,579647,72455.875,18113.96875,profile/ref/128f.log
128f,ref,aim3_mpc_batch4,14,8,4,579647,72455.875,18113.96875,profile/ref/128f.log
128f,ref,aim3_mpc_batch4,15,8,4,579647,72455.875,18113.96875,profile/ref/128f.log
128f,ref,aim3_mpc_batch4,16,8,4,579647,72455.875,18113.96875,profile/ref/128f.log
128f,ref,aim3_mpc_batch4,17,8,4,579647,72455.875,18113.96875,profile/ref/128f.log
128f,ref,aim3_mpc_batch4,18,8,4,579647,72455.875,18113.96875,profile/ref/128f.log
128f,ref,aim3_mpc_batch4,19,8,4,579647,72455.875,18113.96875,profile/ref/128f.log
128f,ref,aim3_mpc_batch4,20,8,4,579647,72455.875,18113.96875,profile/ref/128f.log
128f,ref,aim3_mpc_batch4,21,8,4,579647,72455.875,18113.96875,profile/ref/128f.log
128f,ref,aim3_mpc_batch4,22,8,4,579647,72455.875,18113.96875,profile/ref/128f.log
128f,ref,aim3_mpc_batch4,23,8,4,579647,72455.875,18113.96875,profile/ref/128f.log
128f,ref,aim3_mpc_batch4,24,8,4,579647,72455.875,18113.96875,profile/ref/128f.log
128f,ref,aim3_mpc_batch4,25,8,4,579647,72455.875,18113.96875,profile/ref/128f.log
128f,ref,aim3_mpc_batch4,26,8,4,579647,72455.875,18113.96875,profile/ref/128f.log
128f,ref,aim3_mpc_batch4,27,8,4,579647,72455.875,18113.96875,profile/ref/128f.log
128f,ref,aim3_mpc_batch4,28,8,4,579647,72455.875,18113.96875,profile/ref/128f.log
128f,ref,aim3_mpc_batch4,29,8,4,579647,72455.875,18113.96875,profile/ref/128f.log
128f,ref,aim3_mpc_batch4,30,8,4,579647,72455.875,18113.96875,profile/ref/128f.log
128f,ref,aim3_mpc_batch4_affine,0,8,4,428089,53511.125,13377.78125,profile/ref/128f.log
128f,ref,aim3_mpc_batch4_affine,1,8,4,427778,53472.25,13368.0625,profile/ref/128f.log
128f,ref,aim3_mpc_batch4_affine,2,8,4,427777,53472.125,13368.03125,profile/ref/128f.log
128f,ref,aim3_mpc_batch4_affine,3,8,4,427777,53472.125,13368.03125,profile/ref/128f.log
128f,ref,aim3_mpc_batch4_affine,4,8,4,427777,53472.125,13368.03125,profile/ref/128f.log
128f,ref,aim3_mpc_batch4_affine,5,8,4,427777,53472.125,13368.03125,profile/ref/128f.log
128f,ref,aim3_mpc_batch4_affine,6,8,4,427777,53472.125,13368.03125,profile/ref/128f.log
128f,ref,aim3_mpc_batch4_affine,7,8,4,427777,53472.125,13368.03125,profile/ref/128f.log
128f,ref,aim3_mpc_batch4_affine,8,8,4,427777,53472.125,13368.03125,profile/ref/128f.log
128f,ref,aim3_mpc_batch4_affine,9,8,4,427777,53472.125,13368.03125,profile/ref/128f.log
128f,ref,aim3_mpc_batch4_affine,10,8,4,427777,53472.125,13368.03125,profile/ref/128f.log
128f,ref,aim3_mpc_batch4_affine,11,8,4,427777,53472.125,13368.03125,profile/ref/128f.log
128f,ref,aim3_mpc_batch4_affine,12,8,4,427777,53472.125,13368.03125,profile/ref/128f.log
128f,ref,aim3_mpc_batch4_affine,13,8,4,427777,53472.125,13368.03125,profile/ref/128f.log
128f,ref,aim3_mpc_batch4_affine,14,8,4,427777,53472.125,13368.03125,profile/ref/128f.log
128f,ref,aim3_mpc_batch4_affine,15,8,4,427777,53472.125,13368.03125,profile/ref/128f.log
128f,ref,aim3_mpc_batch4_affine,16,8,4,427777,53472.125,13368.03125,profile/ref/128f.log
128f,ref,aim3_mpc_batch4_affine,17,8,4,427777,53472.125,13368.03125,profile/ref/128f.log
128f,ref,aim3_mpc_batch4_affine,18,8,4,427777,53472.125,13368.03125,profile/ref/128f.log
128f,ref,aim3_mpc_batch4_affine,19,8,4,427777,53472.125,13368.03125,profile/ref/128f.log
128f,ref,aim3_mpc_batch4_affine,20,8,4,427777,53472.125,13368.03125,profile/ref/128f.log
128f,ref,aim3_mpc_batch4_affine,21,8,4,427777,53472.125,13368.03125,profile/ref/128f.log
128f,ref,aim3_mpc_batch4_affine,22,8,4,427777,53472.125,13368.03125,profile/ref/128f.log
128f,ref,aim3_mpc_batch4_affine,23,8,4,427777,53472.125,13368.03125,profile/ref/128f.log
128f,ref,aim3_mpc_batch4_affine,24,8,4,427777,53472.125,13368.03125,profile/ref/128f.log
128f,ref,aim3_mpc_batch4_affine,25,8,4,427777,53472.125,13368.03125,profile/ref/128f.log
128f,ref,aim3_mpc_batch4_affine,26,8,4,427777,53472.125,13368.03125,profile/ref/128f.log
128f,ref,aim3_mpc_batch4_affine,27,8,4,427776,53472.0,13368.0,profile/ref/128f.log
128f,ref,aim3_mpc_batch4_affine,28,8,4,427777,53472.125,13368.03125,profile/ref/128f.log
128f,ref,aim3_mpc_batch4_affine,29,8,4,427777,53472.125,13368.03125,profile/ref/128f.log
128f,ref,aim3_mpc_batch4_affine,30,8,4,427777,53472.125,13368.03125,profile/ref/128f.log
128f,ref,aim3_mpc_batch4_frobenius,0,8,4,151438,18929.75,4732.4375,profile/ref/128f.log
128f,ref,aim3_mpc_batch4_frobenius,1,8,4,151336,18917.0,4729.25,profile/ref/128f.log
128f,ref,aim3_mpc_batch4_frobenius,2,8,4,151336,18917.0,4729.25,profile/ref/128f.log
128f,ref,aim3_mpc_batch4_frobenius,3,8,4,151336,18917.0,4729.25,profile/ref/128f.log
128f,ref,aim3_mpc_batch4_frobenius,4,8,4,151336,18917.0,4729.25,profile/ref/128f.log
128f,ref,aim3_mpc_batch4_frobenius,5,8,4,151336,18917.0,4729.25,profile/ref/128f.log
128f,ref,aim3_mpc_batch4_frobenius,6,8,4,151336,18917.0,4729.25,profile/ref/128f.log
128f,ref,aim3_mpc_batch4_frobenius,7,8,4,151336,18917.0,4729.25,profile/ref/128f.log
128f,ref,aim3_mpc_batch4_frobenius,8,8,4,151336,18917.0,4729.25,profile/ref/128f.log
128f,ref,aim3_mpc_batch4_frobenius,9,8,4,151336,18917.0,4729.25,profile/ref/128f.log
128f,ref,aim3_mpc_batch4_frobenius,10,8,4,151336,18917.0,4729.25,profile/ref/128f.log
128f,ref,aim3_mpc_batch4_frobenius,11,8,4,151336,18917.0,4729.25,profile/ref/128f.log
128f,ref,aim3_mpc_batch4_frobenius,12,8,4,151336,18917.0,4729.25,profile/ref/128f.log
128f,ref,aim3_mpc_batch4_frobenius,13,8,4,151336,18917.0,4729.25,profile/ref/128f.log
128f,ref,aim3_mpc_batch4_frobenius,14,8,4,151336,18917.0,4729.25,profile/ref/128f.log
128f,ref,aim3_mpc_batch4_frobenius,15,8,4,151336,18917.0,4729.25,profile/ref/128f.log
128f,ref,aim3_mpc_batch4_frobenius,16,8,4,151336,18917.0,4729.25,profile/ref/128f.log
128f,ref,aim3_mpc_batch4_frobenius,17,8,4,151336,18917.0,4729.25,profile/ref/128f.log
128f,ref,aim3_mpc_batch4_frobenius,18,8,4,151336,18917.0,4729.25,profile/ref/128f.log
128f,ref,aim3_mpc_batch4_frobenius,19,8,4,151336,18917.0,4729.25,profile/ref/128f.log
128f,ref,aim3_mpc_batch4_frobenius,20,8,4,151336,18917.0,4729.25,profile/ref/128f.log
128f,ref,aim3_mpc_batch4_frobenius,21,8,4,151336,18917.0,4729.25,profile/ref/128f.log
128f,ref,aim3_mpc_batch4_frobenius,22,8,4,151336,18917.0,4729.25,profile/ref/128f.log
128f,ref,aim3_mpc_batch4_frobenius,23,8,4,151336,18917.0,4729.25,profile/ref/128f.log
128f,ref,aim3_mpc_batch4_frobenius,24,8,4,151336,18917.0,4729.25,profile/ref/128f.log
128f,ref,aim3_mpc_batch4_frobenius,25,8,4,151336,18917.0,4729.25,profile/ref/128f.log
128f,ref,aim3_mpc_batch4_frobenius,26,8,4,151336,18917.0,4729.25,profile/ref/128f.log
128f,ref,aim3_mpc_batch4_frobenius,27,8,4,151337,18917.125,4729.28125,profile/ref/128f.log
128f,ref,aim3_mpc_batch4_frobenius,28,8,4,151336,18917.0,4729.25,profile/ref/128f.log
128f,ref,aim3_mpc_batch4_frobenius,29,8,4,151336,18917.0,4729.25,profile/ref/128f.log
128f,ref,aim3_mpc_batch4_frobenius,30,8,4,151336,18917.0,4729.25,profile/ref/128f.log
128f,ref,aim3_mpc_scalar,0,8,1,142675,17834.375,17834.375,profile/ref/128f.log
128f,ref,aim3_mpc_scalar,1,8,1,142326,17790.75,17790.75,profile/ref/128f.log
128f,ref,aim3_mpc_scalar,2,8,1,142326,17790.75,17790.75,profile/ref/128f.log
128f,ref,aim3_mpc_scalar,3,8,1,142324,17790.5,17790.5,profile/ref/128f.log
128f,ref,aim3_mpc_scalar,4,8,1,142325,17790.625,17790.625,profile/ref/128f.log
128f,ref,aim3_mpc_scalar,5,8,1,142326,17790.75,17790.75,profile/ref/128f.log
128f,ref,aim3_mpc_scalar,6,8,1,142326,17790.75,17790.75,profile/ref/128f.log
128f,ref,aim3_mpc_scalar,7,8,1,142326,17790.75,17790.75,profile/ref/128f.log
128f,ref,aim3_mpc_scalar,8,8,1,142326,17790.75,17790.75,profile/ref/128f.log
128f,ref,aim3_mpc_scalar,9,8,1,142326,17790.75,17790.75,profile/ref/128f.log
128f,ref,aim3_mpc_scalar,10,8,1,142323,17790.375,17790.375,profile/ref/128f.log
128f,ref,aim3_mpc_scalar,11,8,1,142326,17790.75,17790.75,profile/ref/128f.log
128f,ref,aim3_mpc_scalar,12,8,1,142326,17790.75,17790.75,profile/ref/128f.log
128f,ref,aim3_mpc_scalar,13,8,1,142326,17790.75,17790.75,profile/ref/128f.log
128f,ref,aim3_mpc_scalar,14,8,1,142326,17790.75,17790.75,profile/ref/128f.log
128f,ref,aim3_mpc_scalar,15,8,1,142326,17790.75,17790.75,profile/ref/128f.log
128f,ref,aim3_mpc_scalar,16,8,1,142325,17790.625,17790.625,profile/ref/128f.log
128f,ref,aim3_mpc_scalar,17,8,1,142325,17790.625,17790.625,profile/ref/128f.log
128f,ref,aim3_mpc_scalar,18,8,1,142326,17790.75,17790.75,profile/ref/128f.log
128f,ref,aim3_mpc_scalar,19,8,1,142326,17790.75,17790.75,profile/ref/128f.log
128f,ref,aim3_mpc_scalar,20,8,1,142326,17790.75,17790.75,profile/ref/128f.log
128f,ref,aim3_mpc_scalar,21,8,1,142326,17790.75,17790.75,profile/ref/128f.log
128f,ref,aim3_mpc_scalar,22,8,1,142326,17790.75,17790.75,profile/ref/128f.log
128f,ref,aim3_mpc_scalar,23,8,1,142322,17790.25,17790.25,profile/ref/128f.log
128f,ref,aim3_mpc_scalar,24,8,1,142326,17790.75,17790.75,profile/ref/128f.log
128f,ref,aim3_mpc_scalar,25,8,1,142326,17790.75,17790.75,profile/ref/128f.log
128f,ref,aim3_mpc_scalar,26,8,1,142326,17790.75,17790.75,profile/ref/128f.log
128f,ref,aim3_mpc_scalar,27,8,1,142326,17790.75,17790.75,profile/ref/128f.log
128f,ref,aim3_mpc_scalar,28,8,1,142326,17790.75,17790.75,profile/ref/128f.log
128f,ref,aim3_mpc_scalar,29,8,1,142326,17790.75,17790.75,profile/ref/128f.log
128f,ref,aim3_mpc_scalar,30,8,1,142324,17790.5,17790.5,profile/ref/128f.log
128s,ref,gf_mul,0,64,1,306207,4784.484375,4784.484375,profile/ref/128s.log
128s,ref,gf_mul,1,64,1,301290,4707.65625,4707.65625,profile/ref/128s.log
128s,ref,gf_mul,2,64,1,301292,4707.6875,4707.6875,profile/ref/128s.log
128s,ref,gf_mul,3,64,1,301288,4707.625,4707.625,profile/ref/128s.log
128s,ref,gf_mul,4,64,1,301294,4707.71875,4707.71875,profile/ref/128s.log
128s,ref,gf_mul,5,64,1,301289,4707.640625,4707.640625,profile/ref/128s.log
128s,ref,gf_mul,6,64,1,301291,4707.671875,4707.671875,profile/ref/128s.log
128s,ref,gf_mul,7,64,1,301290,4707.65625,4707.65625,profile/ref/128s.log
128s,ref,gf_mul,8,64,1,301292,4707.6875,4707.6875,profile/ref/128s.log
128s,ref,gf_mul,9,64,1,301290,4707.65625,4707.65625,profile/ref/128s.log
128s,ref,gf_mul,10,64,1,301288,4707.625,4707.625,profile/ref/128s.log
128s,ref,gf_mul,11,64,1,301290,4707.65625,4707.65625,profile/ref/128s.log
128s,ref,gf_mul,12,64,1,301292,4707.6875,4707.6875,profile/ref/128s.log
128s,ref,gf_mul,13,64,1,301289,4707.640625,4707.640625,profile/ref/128s.log
128s,ref,gf_mul,14,64,1,301293,4707.703125,4707.703125,profile/ref/128s.log
128s,ref,gf_mul,15,64,1,301289,4707.640625,4707.640625,profile/ref/128s.log
128s,ref,gf_mul,16,64,1,301291,4707.671875,4707.671875,profile/ref/128s.log
128s,ref,gf_mul,17,64,1,301288,4707.625,4707.625,profile/ref/128s.log
128s,ref,gf_mul,18,64,1,301294,4707.71875,4707.71875,profile/ref/128s.log
128s,ref,gf_mul,19,64,1,301290,4707.65625,4707.65625,profile/ref/128s.log
128s,ref,gf_mul,20,64,1,301290,4707.65625,4707.65625,profile/ref/128s.log
128s,ref,gf_mul,21,64,1,301289,4707.640625,4707.640625,profile/ref/128s.log
128s,ref,gf_mul,22,64,1,301291,4707.671875,4707.671875,profile/ref/128s.log
128s,ref,gf_mul,23,64,1,301289,4707.640625,4707.640625,profile/ref/128s.log
128s,ref,gf_mul,24,64,1,301291,4707.671875,4707.671875,profile/ref/128s.log
128s,ref,gf_mul,25,64,1,301290,4707.65625,4707.65625,profile/ref/128s.log
128s,ref,gf_mul,26,64,1,301292,4707.6875,4707.6875,profile/ref/128s.log
128s,ref,gf_mul,27,64,1,301290,4707.65625,4707.65625,profile/ref/128s.log
128s,ref,gf_mul,28,64,1,301289,4707.640625,4707.640625,profile/ref/128s.log
128s,ref,gf_mul,29,64,1,301290,4707.65625,4707.65625,profile/ref/128s.log
128s,ref,gf_mul,30,64,1,301292,4707.6875,4707.6875,profile/ref/128s.log
128s,ref,gf_sqr,0,64,1,14573,227.703125,227.703125,profile/ref/128s.log
128s,ref,gf_sqr,1,64,1,13894,217.09375,217.09375,profile/ref/128s.log
128s,ref,gf_sqr,2,64,1,13894,217.09375,217.09375,profile/ref/128s.log
128s,ref,gf_sqr,3,64,1,13894,217.09375,217.09375,profile/ref/128s.log
128s,ref,gf_sqr,4,64,1,13894,217.09375,217.09375,profile/ref/128s.log
128s,ref,gf_sqr,5,64,1,13894,217.09375,217.09375,profile/ref/128s.log
128s,ref,gf_sqr,6,64,1,13894,217.09375,217.09375,profile/ref/128s.log
128s,ref,gf_sqr,7,64,1,13894,217.09375,217.09375,profile/ref/128s.log
128s,ref,gf_sqr,8,64,1,13894,217.09375,217.09375,profile/ref/128s.log
128s,ref,gf_sqr,9,64,1,13894,217.09375,217.09375,profile/ref/128s.log
128s,ref,gf_sqr,10,64,1,13894,217.09375,217.09375,profile/ref/128s.log
128s,ref,gf_sqr,11,64,1,13894,217.09375,217.09375,profile/ref/128s.log
128s,ref,gf_sqr,12,64,1,13894,217.09375,217.09375,profile/ref/128s.log
128s,ref,gf_sqr,13,64,1,13894,217.09375,217.09375,profile/ref/128s.log
128s,ref,gf_sqr,14,64,1,13894,217.09375,217.09375,profile/ref/128s.log
128s,ref,gf_sqr,15,64,1,13894,217.09375,217.09375,profile/ref/128s.log
128s,ref,gf_sqr,16,64,1,13894,217.09375,217.09375,profile/ref/128s.log
128s,ref,gf_sqr,17,64,1,13894,217.09375,217.09375,profile/ref/128s.log
128s,ref,gf_sqr,18,64,1,13894,217.09375,217.09375,profile/ref/128s.log
128s,ref,gf_sqr,19,64,1,13894,217.09375,217.09375,profile/ref/128s.log
128s,ref,gf_sqr,20,64,1,13894,217.09375,217.09375,profile/ref/128s.log
128s,ref,gf_sqr,21,64,1,13894,217.09375,217.09375,profile/ref/128s.log
128s,ref,gf_sqr,22,64,1,13894,217.09375,217.09375,profile/ref/128s.log
128s,ref,gf_sqr,23,64,1,13894,217.09375,217.09375,profile/ref/128s.log
128s,ref,gf_sqr,24,64,1,13894,217.09375,217.09375,profile/ref/128s.log
128s,ref,gf_sqr,25,64,1,13894,217.09375,217.09375,profile/ref/128s.log
128s,ref,gf_sqr,26,64,1,13894,217.09375,217.09375,profile/ref/128s.log
128s,ref,gf_sqr,27,64,1,13894,217.09375,217.09375,profile/ref/128s.log
128s,ref,gf_sqr,28,64,1,13894,217.09375,217.09375,profile/ref/128s.log
128s,ref,gf_sqr,29,64,1,13894,217.09375,217.09375,profile/ref/128s.log
128s,ref,gf_sqr,30,64,1,13894,217.09375,217.09375,profile/ref/128s.log
128s,ref,gf_inv,0,8,1,5015135,626891.875,626891.875,profile/ref/128s.log
128s,ref,gf_inv,1,8,1,5014778,626847.25,626847.25,profile/ref/128s.log
128s,ref,gf_inv,2,8,1,5014777,626847.125,626847.125,profile/ref/128s.log
128s,ref,gf_inv,3,8,1,5014782,626847.75,626847.75,profile/ref/128s.log
128s,ref,gf_inv,4,8,1,5014777,626847.125,626847.125,profile/ref/128s.log
128s,ref,gf_inv,5,8,1,5014778,626847.25,626847.25,profile/ref/128s.log
128s,ref,gf_inv,6,8,1,5014782,626847.75,626847.75,profile/ref/128s.log
128s,ref,gf_inv,7,8,1,5014782,626847.75,626847.75,profile/ref/128s.log
128s,ref,gf_inv,8,8,1,5014777,626847.125,626847.125,profile/ref/128s.log
128s,ref,gf_inv,9,8,1,5014782,626847.75,626847.75,profile/ref/128s.log
128s,ref,gf_inv,10,8,1,5014776,626847.0,626847.0,profile/ref/128s.log
128s,ref,gf_inv,11,8,1,5014779,626847.375,626847.375,profile/ref/128s.log
128s,ref,gf_inv,12,8,1,5014782,626847.75,626847.75,profile/ref/128s.log
128s,ref,gf_inv,13,8,1,5014782,626847.75,626847.75,profile/ref/128s.log
128s,ref,gf_inv,14,8,1,5014777,626847.125,626847.125,profile/ref/128s.log
128s,ref,gf_inv,15,8,1,5014782,626847.75,626847.75,profile/ref/128s.log
128s,ref,gf_inv,16,8,1,5014777,626847.125,626847.125,profile/ref/128s.log
128s,ref,gf_inv,17,8,1,5014778,626847.25,626847.25,profile/ref/128s.log
128s,ref,gf_inv,18,8,1,5014782,626847.75,626847.75,profile/ref/128s.log
128s,ref,gf_inv,19,8,1,5014782,626847.75,626847.75,profile/ref/128s.log
128s,ref,gf_inv,20,8,1,5014777,626847.125,626847.125,profile/ref/128s.log
128s,ref,gf_inv,21,8,1,5014782,626847.75,626847.75,profile/ref/128s.log
128s,ref,gf_inv,22,8,1,5014776,626847.0,626847.0,profile/ref/128s.log
128s,ref,gf_inv,23,8,1,5014779,626847.375,626847.375,profile/ref/128s.log
128s,ref,gf_inv,24,8,1,5014782,626847.75,626847.75,profile/ref/128s.log
128s,ref,gf_inv,25,8,1,5014782,626847.75,626847.75,profile/ref/128s.log
128s,ref,gf_inv,26,8,1,5014777,626847.125,626847.125,profile/ref/128s.log
128s,ref,gf_inv,27,8,1,5014782,626847.75,626847.75,profile/ref/128s.log
128s,ref,gf_inv,28,8,1,5014777,626847.125,626847.125,profile/ref/128s.log
128s,ref,gf_inv,29,8,1,5014778,626847.25,626847.25,profile/ref/128s.log
128s,ref,gf_inv,30,8,1,5014782,626847.75,626847.75,profile/ref/128s.log
128s,ref,gf_mat_vec_mul,0,64,1,209471,3272.984375,3272.984375,profile/ref/128s.log
128s,ref,gf_mat_vec_mul,1,64,1,208774,3262.09375,3262.09375,profile/ref/128s.log
128s,ref,gf_mat_vec_mul,2,64,1,208774,3262.09375,3262.09375,profile/ref/128s.log
128s,ref,gf_mat_vec_mul,3,64,1,208774,3262.09375,3262.09375,profile/ref/128s.log
128s,ref,gf_mat_vec_mul,4,64,1,208774,3262.09375,3262.09375,profile/ref/128s.log
128s,ref,gf_mat_vec_mul,5,64,1,208774,3262.09375,3262.09375,profile/ref/128s.log
128s,ref,gf_mat_vec_mul,6,64,1,208774,3262.09375,3262.09375,profile/ref/128s.log
128s,ref,gf_mat_vec_mul,7,64,1,208774,3262.09375,3262.09375,profile/ref/128s.log
128s,ref,gf_mat_vec_mul,8,64,1,208774,3262.09375,3262.09375,profile/ref/128s.log
128s,ref,gf_mat_vec_mul,9,64,1,208774,3262.09375,3262.09375,profile/ref/128s.log
128s,ref,gf_mat_vec_mul,10,64,1,208774,3262.09375,3262.09375,profile/ref/128s.log
128s,ref,gf_mat_vec_mul,11,64,1,208774,3262.09375,3262.09375,profile/ref/128s.log
128s,ref,gf_mat_vec_mul,12,64,1,208774,3262.09375,3262.09375,profile/ref/128s.log
128s,ref,gf_mat_vec_mul,13,64,1,208774,3262.09375,3262.09375,profile/ref/128s.log
128s,ref,gf_mat_vec_mul,14,64,1,208774,3262.09375,3262.09375,profile/ref/128s.log
128s,ref,gf_mat_vec_mul,15,64,1,208774,3262.09375,3262.09375,profile/ref/128s.log
128s,ref,gf_mat_vec_mul,16,64,1,208774,3262.09375,3262.09375,profile/ref/128s.log
128s,ref,gf_mat_vec_mul,17,64,1,208774,3262.09375,3262.09375,profile/ref/128s.log
128s,ref,gf_mat_vec_mul,18,64,1,208774,3262.09375,3262.09375,profile/ref/128s.log
128s,ref,gf_mat_vec_mul,19,64,1,208774,3262.09375,3262.09375,profile/ref/128s.log
128s,ref,gf_mat_vec_mul,20,64,1,208774,3262.09375,3262.09375,profile/ref/128s.log
128s,ref,gf_mat_vec_mul,21,64,1,208774,3262.09375,3262.09375,profile/ref/128s.log
128s,ref,gf_mat_vec_mul,22,64,1,208774,3262.09375,3262.09375,profile/ref/128s.log
128s,ref,gf_mat_vec_mul,23,64,1,208774,3262.09375,3262.09375,profile/ref/128s.log
128s,ref,gf_mat_vec_mul,24,64,1,208774,3262.09375,3262.09375,profile/ref/128s.log
128s,ref,gf_mat_vec_mul,25,64,1,208774,3262.09375,3262.09375,profile/ref/128s.log
128s,ref,gf_mat_vec_mul,26,64,1,208774,3262.09375,3262.09375,profile/ref/128s.log
128s,ref,gf_mat_vec_mul,27,64,1,208774,3262.09375,3262.09375,profile/ref/128s.log
128s,ref,gf_mat_vec_mul,28,64,1,208774,3262.09375,3262.09375,profile/ref/128s.log
128s,ref,gf_mat_vec_mul,29,64,1,208774,3262.09375,3262.09375,profile/ref/128s.log
128s,ref,gf_mat_vec_mul,30,64,1,208774,3262.09375,3262.09375,profile/ref/128s.log
128s,ref,gf_mat_vec_mul_add,0,64,1,210662,3291.59375,3291.59375,profile/ref/128s.log
128s,ref,gf_mat_vec_mul_add,1,64,1,210631,3291.109375,3291.109375,profile/ref/128s.log
128s,ref,gf_mat_vec_mul_add,2,64,1,210631,3291.109375,3291.109375,profile/ref/128s.log
128s,ref,gf_mat_vec_mul_add,3,64,1,210631,3291.109375,3291.109375,profile/ref/128s.log
128s,ref,gf_mat_vec_mul_add,4,64,1,210631,3291.109375,3291.109375,profile/ref/128s.log
128s,ref,gf_mat_vec_mul_add,5,64,1,210631,3291.109375,3291.109375,profile/ref/128s.log
128s,ref,gf_mat_vec_mul_add,6,64,1,210631,3291.109375,3291.109375,profile/ref/128s.log
128s,ref,gf_mat_vec_mul_add,7,64,1,210631,3291.109375,3291.109375,profile/ref/128s.log
128s,ref,gf_mat_vec_mul_add,8,64,1,210631,3291.109375,3291.109375,profile/ref/128s.log
128s,ref,gf_mat_vec_mul_add,9,64,1,210631,3291.109375,3291.109375,profile/ref/128s.log
128s,ref,gf_mat_vec_mul_add,10,64,1,210631,3291.109375,3291.109375,profile/ref/128s.log
128s,ref,gf_mat_vec_mul_add,11,64,1,210631,3291.109375,3291.109375,profile/ref/128s.log
128s,ref,gf_mat_vec_mul_add,12,64,1,210631,3291.109375,3291.109375,profile/ref/128s.log
128s,ref,gf_mat_vec_mul_add,13,64,1,210631,3291.109375,3291.109375,profile/ref/128s.log
128s,ref,gf_mat_vec_mul_add,14,64,1,210631,3291.109375,3291.109375,profile/ref/128s.log
128s,ref,gf_mat_vec_mul_add,15,64,1,210631,3291.109375,3291.109375,profile/ref/128s.log
128s,ref,gf_mat_vec_mul_add,16,64,1,210631,3291.109375,3291.109375,profile/ref/128s.log
128s,ref,gf_mat_vec_mul_add,17,64,1,210631,3291.109375,3291.109375,profile/ref/128s.log
128s,ref,gf_mat_vec_mul_add,18,64,1,210631,3291.109375,3291.109375,profile/ref/128s.log
128s,ref,gf_mat_vec_mul_add,19,64,1,210631,3291.109375,3291.109375,profile/ref/128s.log
128s,ref,gf_mat_vec_mul_add,20,64,1,210631,3291.109375,3291.109375,profile/ref/128s.log
128s,ref,gf_mat_vec_mul_add,21,64,1,210631,3291.109375,3291.109375,profile/ref/128s.log
128s,ref,gf_mat_vec_mul_add,22,64,1,210631,3291.109375,3291.109375,profile/ref/128s.log
128s,ref,gf_mat_vec_mul_add,23,64,1,210631,3291.109375,3291.109375,profile/ref/128s.log
128s,ref,gf_mat_vec_mul_add,24,64,1,210631,3291.109375,3291.109375,profile/ref/128s.log
128s,ref,gf_mat_vec_mul_add,25,64,1,210631,3291.109375,3291.109375,profile/ref/128s.log
128s,ref,gf_mat_vec_mul_add,26,64,1,210631,3291.109375,3291.109375,profile/ref/128s.log
128s,ref,gf_mat_vec_mul_add,27,64,1,210631,3291.109375,3291.109375,profile/ref/128s.log
128s,ref,gf_mat_vec_mul_add,28,64,1,210631,3291.109375,3291.109375,profile/ref/128s.log
128s,ref,gf_mat_vec_mul_add,29,64,1,210631,3291.109375,3291.109375,profile/ref/128s.log
128s,ref,gf_mat_vec_mul_add,30,64,1,210631,3291.109375,3291.109375,profile/ref/128s.log
128s,ref,gf_sqr_batch4,0,64,4,59990,937.34375,234.3359375,profile/ref/128s.log
128s,ref,gf_sqr_batch4,1,64,4,59846,935.09375,233.7734375,profile/ref/128s.log
128s,ref,gf_sqr_batch4,2,64,4,59846,935.09375,233.7734375,profile/ref/128s.log
128s,ref,gf_sqr_batch4,3,64,4,59846,935.09375,233.7734375,profile/ref/128s.log
128s,ref,gf_sqr_batch4,4,64,4,59846,935.09375,233.7734375,profile/ref/128s.log
128s,ref,gf_sqr_batch4,5,64,4,59846,935.09375,233.7734375,profile/ref/128s.log
128s,ref,gf_sqr_batch4,6,64,4,59846,935.09375,233.7734375,profile/ref/128s.log
128s,ref,gf_sqr_batch4,7,64,4,59846,935.09375,233.7734375,profile/ref/128s.log
128s,ref,gf_sqr_batch4,8,64,4,59846,935.09375,233.7734375,profile/ref/128s.log
128s,ref,gf_sqr_batch4,9,64,4,59846,935.09375,233.7734375,profile/ref/128s.log
128s,ref,gf_sqr_batch4,10,64,4,59846,935.09375,233.7734375,profile/ref/128s.log
128s,ref,gf_sqr_batch4,11,64,4,59846,935.09375,233.7734375,profile/ref/128s.log
128s,ref,gf_sqr_batch4,12,64,4,59846,935.09375,233.7734375,profile/ref/128s.log
128s,ref,gf_sqr_batch4,13,64,4,59846,935.09375,233.7734375,profile/ref/128s.log
128s,ref,gf_sqr_batch4,14,64,4,59846,935.09375,233.7734375,profile/ref/128s.log
128s,ref,gf_sqr_batch4,15,64,4,59846,935.09375,233.7734375,profile/ref/128s.log
128s,ref,gf_sqr_batch4,16,64,4,59846,935.09375,233.7734375,profile/ref/128s.log
128s,ref,gf_sqr_batch4,17,64,4,59846,935.09375,233.7734375,profile/ref/128s.log
128s,ref,gf_sqr_batch4,18,64,4,59846,935.09375,233.7734375,profile/ref/128s.log
128s,ref,gf_sqr_batch4,19,64,4,59846,935.09375,233.7734375,profile/ref/128s.log
128s,ref,gf_sqr_batch4,20,64,4,59846,935.09375,233.7734375,profile/ref/128s.log
128s,ref,gf_sqr_batch4,21,64,4,59846,935.09375,233.7734375,profile/ref/128s.log
128s,ref,gf_sqr_batch4,22,64,4,59846,935.09375,233.7734375,profile/ref/128s.log
128s,ref,gf_sqr_batch4,23,64,4,59846,935.09375,233.7734375,profile/ref/128s.log
128s,ref,gf_sqr_batch4,24,64,4,59846,935.09375,233.7734375,profile/ref/128s.log
128s,ref,gf_sqr_batch4,25,64,4,59846,935.09375,233.7734375,profile/ref/128s.log
128s,ref,gf_sqr_batch4,26,64,4,59846,935.09375,233.7734375,profile/ref/128s.log
128s,ref,gf_sqr_batch4,27,64,4,59846,935.09375,233.7734375,profile/ref/128s.log
128s,ref,gf_sqr_batch4,28,64,4,59846,935.09375,233.7734375,profile/ref/128s.log
128s,ref,gf_sqr_batch4,29,64,4,59846,935.09375,233.7734375,profile/ref/128s.log
128s,ref,gf_sqr_batch4,30,64,4,59846,935.09375,233.7734375,profile/ref/128s.log
128s,ref,gf_frobenius_batch4_e3,0,8,4,21674,2709.25,677.3125,profile/ref/128s.log
128s,ref,gf_frobenius_batch4_e3,1,8,4,21494,2686.75,671.6875,profile/ref/128s.log
128s,ref,gf_frobenius_batch4_e3,2,8,4,21494,2686.75,671.6875,profile/ref/128s.log
128s,ref,gf_frobenius_batch4_e3,3,8,4,21494,2686.75,671.6875,profile/ref/128s.log
128s,ref,gf_frobenius_batch4_e3,4,8,4,21494,2686.75,671.6875,profile/ref/128s.log
128s,ref,gf_frobenius_batch4_e3,5,8,4,21494,2686.75,671.6875,profile/ref/128s.log
128s,ref,gf_frobenius_batch4_e3,6,8,4,21494,2686.75,671.6875,profile/ref/128s.log
128s,ref,gf_frobenius_batch4_e3,7,8,4,21494,2686.75,671.6875,profile/ref/128s.log
128s,ref,gf_frobenius_batch4_e3,8,8,4,21494,2686.75,671.6875,profile/ref/128s.log
128s,ref,gf_frobenius_batch4_e3,9,8,4,21494,2686.75,671.6875,profile/ref/128s.log
128s,ref,gf_frobenius_batch4_e3,10,8,4,21494,2686.75,671.6875,profile/ref/128s.log
128s,ref,gf_frobenius_batch4_e3,11,8,4,21494,2686.75,671.6875,profile/ref/128s.log
128s,ref,gf_frobenius_batch4_e3,12,8,4,21494,2686.75,671.6875,profile/ref/128s.log
128s,ref,gf_frobenius_batch4_e3,13,8,4,21494,2686.75,671.6875,profile/ref/128s.log
128s,ref,gf_frobenius_batch4_e3,14,8,4,21494,2686.75,671.6875,profile/ref/128s.log
128s,ref,gf_frobenius_batch4_e3,15,8,4,21494,2686.75,671.6875,profile/ref/128s.log
128s,ref,gf_frobenius_batch4_e3,16,8,4,21494,2686.75,671.6875,profile/ref/128s.log
128s,ref,gf_frobenius_batch4_e3,17,8,4,21494,2686.75,671.6875,profile/ref/128s.log
128s,ref,gf_frobenius_batch4_e3,18,8,4,21494,2686.75,671.6875,profile/ref/128s.log
128s,ref,gf_frobenius_batch4_e3,19,8,4,21494,2686.75,671.6875,profile/ref/128s.log
128s,ref,gf_frobenius_batch4_e3,20,8,4,21494,2686.75,671.6875,profile/ref/128s.log
128s,ref,gf_frobenius_batch4_e3,21,8,4,21494,2686.75,671.6875,profile/ref/128s.log
128s,ref,gf_frobenius_batch4_e3,22,8,4,21494,2686.75,671.6875,profile/ref/128s.log
128s,ref,gf_frobenius_batch4_e3,23,8,4,21494,2686.75,671.6875,profile/ref/128s.log
128s,ref,gf_frobenius_batch4_e3,24,8,4,21494,2686.75,671.6875,profile/ref/128s.log
128s,ref,gf_frobenius_batch4_e3,25,8,4,21494,2686.75,671.6875,profile/ref/128s.log
128s,ref,gf_frobenius_batch4_e3,26,8,4,21494,2686.75,671.6875,profile/ref/128s.log
128s,ref,gf_frobenius_batch4_e3,27,8,4,21494,2686.75,671.6875,profile/ref/128s.log
128s,ref,gf_frobenius_batch4_e3,28,8,4,21494,2686.75,671.6875,profile/ref/128s.log
128s,ref,gf_frobenius_batch4_e3,29,8,4,21494,2686.75,671.6875,profile/ref/128s.log
128s,ref,gf_frobenius_batch4_e3,30,8,4,21494,2686.75,671.6875,profile/ref/128s.log
128s,ref,gf_frobenius_batch4_e7,0,8,4,49368,6171.0,1542.75,profile/ref/128s.log
128s,ref,gf_frobenius_batch4_e7,1,8,4,49270,6158.75,1539.6875,profile/ref/128s.log
128s,ref,gf_frobenius_batch4_e7,2,8,4,49270,6158.75,1539.6875,profile/ref/128s.log
128s,ref,gf_frobenius_batch4_e7,3,8,4,49270,6158.75,1539.6875,profile/ref/128s.log
128s,ref,gf_frobenius_batch4_e7,4,8,4,49270,6158.75,1539.6875,profile/ref/128s.log
128s,ref,gf_frobenius_batch4_e7,5,8,4,49270,6158.75,1539.6875,profile/ref/128s.log
128s,ref,gf_frobenius_batch4_e7,6,8,4,49270,6158.75,1539.6875,profile/ref/128s.log
128s,ref,gf_frobenius_batch4_e7,7,8,4,49270,6158.75,1539.6875,profile/ref/128s.log
128s,ref,gf_frobenius_batch4_e7,8,8,4,49270,6158.75,1539.6875,profile/ref/128s.log
128s,ref,gf_frobenius_batch4_e7,9,8,4,49270,6158.75,1539.6875,profile/ref/128s.log
128s,ref,gf_frobenius_batch4_e7,10,8,4,49270,6158.75,1539.6875,profile/ref/128s.log
128s,ref,gf_frobenius_batch4_e7,11,8,4,49270,6158.75,1539.6875,profile/ref/128s.log
128s,ref,gf_frobenius_batch4_e7,12,8,4,49270,6158.75,1539.6875,profile/ref/128s.log
128s,ref,gf_frobenius_batch4_e7,13,8,4,49270,6158.75,1539.6875,profile/ref/128s.log
128s,ref,gf_frobenius_batch4_e7,14,8,4,49270,6158.75,1539.6875,profile/ref/128s.log
128s,ref,gf_frobenius_batch4_e7,15,8,4,49270,6158.75,1539.6875,profile/ref/128s.log
128s,ref,gf_frobenius_batch4_e7,16,8,4,49270,6158.75,1539.6875,profile/ref/128s.log
128s,ref,gf_frobenius_batch4_e7,17,8,4,49270,6158.75,1539.6875,profile/ref/128s.log
128s,ref,gf_frobenius_batch4_e7,18,8,4,49270,6158.75,1539.6875,profile/ref/128s.log
128s,ref,gf_frobenius_batch4_e7,19,8,4,49270,6158.75,1539.6875,profile/ref/128s.log
128s,ref,gf_frobenius_batch4_e7,20,8,4,49270,6158.75,1539.6875,profile/ref/128s.log
128s,ref,gf_frobenius_batch4_e7,21,8,4,49270,6158.75,1539.6875,profile/ref/128s.log
128s,ref,gf_frobenius_batch4_e7,22,8,4,49270,6158.75,1539.6875,profile/ref/128s.log
128s,ref,gf_frobenius_batch4_e7,23,8,4,49270,6158.75,1539.6875,profile/ref/128s.log
128s,ref,gf_frobenius_batch4_e7,24,8,4,49270,6158.75,1539.6875,profile/ref/128s.log
128s,ref,gf_frobenius_batch4_e7,25,8,4,49270,6158.75,1539.6875,profile/ref/128s.log
128s,ref,gf_frobenius_batch4_e7,26,8,4,49270,6158.75,1539.6875,profile/ref/128s.log
128s,ref,gf_frobenius_batch4_e7,27,8,4,49270,6158.75,1539.6875,profile/ref/128s.log
128s,ref,gf_frobenius_batch4_e7,28,8,4,49270,6158.75,1539.6875,profile/ref/128s.log
128s,ref,gf_frobenius_batch4_e7,29,8,4,49270,6158.75,1539.6875,profile/ref/128s.log
128s,ref,gf_frobenius_batch4_e7,30,8,4,49270,6158.75,1539.6875,profile/ref/128s.log
128s,ref,gf_frobenius_batch4_e11,0,8,4,77115,9639.375,2409.84375,profile/ref/128s.log
128s,ref,gf_frobenius_batch4_e11,1,8,4,77046,9630.75,2407.6875,profile/ref/128s.log
128s,ref,gf_frobenius_batch4_e11,2,8,4,77046,9630.75,2407.6875,profile/ref/128s.log
128s,ref,gf_frobenius_batch4_e11,3,8,4,77046,9630.75,2407.6875,profile/ref/128s.log
128s,ref,gf_frobenius_batch4_e11,4,8,4,77046,9630.75,2407.6875,profile/ref/128s.log
128s,ref,gf_frobenius_batch4_e11,5,8,4,77046,9630.75,2407.6875,profile/ref/128s.log
128s,ref,gf_frobenius_batch4_e11,6,8,4,77046,9630.75,2407.6875,profile/ref/128s.log
128s,ref,gf_frobenius_batch4_e11,7,8,4,77046,9630.75,2407.6875,profile/ref/128s.log
128s,ref,gf_frobenius_batch4_e11,8,8,4,77046,9630.75,2407.6875,profile/ref/128s.log
128s,ref,gf_frobenius_batch4_e11,9,8,4,77046,9630.75,2407.6875,profile/ref/128s.log
128s,ref,gf_frobenius_batch4_e11,10,8,4,77046,9630.75,2407.6875,profile/ref/128s.log
128s,ref,gf_frobenius_batch4_e11,11,8,4,77046,9630.75,2407.6875,profile/ref/128s.log
128s,ref,gf_frobenius_batch4_e11,12,8,4,77046,9630.75,2407.6875,profile/ref/128s.log
128s,ref,gf_frobenius_batch4_e11,13,8,4,77046,9630.75,2407.6875,profile/ref/128s.log
128s,ref,gf_frobenius_batch4_e11,14,8,4,77046,9630.75,2407.6875,profile/ref/128s.log
128s,ref,gf_frobenius_batch4_e11,15,8,4,77046,9630.75,2407.6875,profile/ref/128s.log
128s,ref,gf_frobenius_batch4_e11,16,8,4,77046,9630.75,2407.6875,profile/ref/128s.log
128s,ref,gf_frobenius_batch4_e11,17,8,4,77046,9630.75,2407.6875,profile/ref/128s.log
128s,ref,gf_frobenius_batch4_e11,18,8,4,77046,9630.75,2407.6875,profile/ref/128s.log
128s,ref,gf_frobenius_batch4_e11,19,8,4,77046,9630.75,2407.6875,profile/ref/128s.log
128s,ref,gf_frobenius_batch4_e11,20,8,4,77046,9630.75,2407.6875,profile/ref/128s.log
128s,ref,gf_frobenius_batch4_e11,21,8,4,77046,9630.75,2407.6875,profile/ref/128s.log
128s,ref,gf_frobenius_batch4_e11,22,8,4,77046,9630.75,2407.6875,profile/ref/128s.log
128s,ref,gf_frobenius_batch4_e11,23,8,4,77046,9630.75,2407.6875,profile/ref/128s.log
128s,ref,gf_frobenius_batch4_e11,24,8,4,77046,9630.75,2407.6875,profile/ref/128s.log
128s,ref,gf_frobenius_batch4_e11,25,8,4,77046,9630.75,2407.6875,profile/ref/128s.log
128s,ref,gf_frobenius_batch4_e11,26,8,4,77046,9630.75,2407.6875,profile/ref/128s.log
128s,ref,gf_frobenius_batch4_e11,27,8,4,77046,9630.75,2407.6875,profile/ref/128s.log
128s,ref,gf_frobenius_batch4_e11,28,8,4,77046,9630.75,2407.6875,profile/ref/128s.log
128s,ref,gf_frobenius_batch4_e11,29,8,4,77046,9630.75,2407.6875,profile/ref/128s.log
128s,ref,gf_frobenius_batch4_e11,30,8,4,77046,9630.75,2407.6875,profile/ref/128s.log
128s,ref,gf_mul_const_batch4,0,64,4,1212014,18937.71875,4734.4296875,profile/ref/128s.log
128s,ref,gf_mul_const_batch4,1,64,4,1211254,18925.84375,4731.4609375,profile/ref/128s.log
128s,ref,gf_mul_const_batch4,2,64,4,1211257,18925.890625,4731.47265625,profile/ref/128s.log
128s,ref,gf_mul_const_batch4,3,64,4,1211258,18925.90625,4731.4765625,profile/ref/128s.log
128s,ref,gf_mul_const_batch4,4,64,4,1211254,18925.84375,4731.4609375,profile/ref/128s.log
128s,ref,gf_mul_const_batch4,5,64,4,1211258,18925.90625,4731.4765625,profile/ref/128s.log
128s,ref,gf_mul_const_batch4,6,64,4,1211257,18925.890625,4731.47265625,profile/ref/128s.log
128s,ref,gf_mul_const_batch4,7,64,4,1211257,18925.890625,4731.47265625,profile/ref/128s.log
128s,ref,gf_mul_const_batch4,8,64,4,1211257,18925.890625,4731.47265625,profile/ref/128s.log
128s,ref,gf_mul_const_batch4,9,64,4,1211254,18925.84375,4731.4609375,profile/ref/128s.log
128s,ref,gf_mul_const_batch4,10,64,4,1211257,18925.890625,4731.47265625,profile/ref/128s.log
128s,ref,gf_mul_const_batch4,11,64,4,1211254,18925.84375,4731.4609375,profile/ref/128s.log
128s,ref,gf_mul_const_batch4,12,64,4,1211250,18925.78125,4731.4453125,profile/ref/128s.log
128s,ref,gf_mul_const_batch4,13,64,4,1211259,18925.921875,4731.48046875,profile/ref/128s.log
128s,ref,gf_mul_const_batch4,14,64,4,1211254,18925.84375,4731.4609375,profile/ref/128s.log
128s,ref,gf_mul_const_batch4,15,64,4,1211249,18925.765625,4731.44140625,profile/ref/128s.log
128s,ref,gf_mul_const_batch4,16,64,4,1211248,18925.75,4731.4375,profile/ref/128s.log
128s,ref,gf_mul_const_batch4,17,64,4,1211248,18925.75,4731.4375,profile/ref/128s.log
128s,ref,gf_mul_const_batch4,18,64,4,1211248,18925.75,4731.4375,profile/ref/128s.log
128s,ref,gf_mul_const_batch4,19,64,4,1211248,18925.75,4731.4375,profile/ref/128s.log
128s,ref,gf_mul_const_batch4,20,64,4,1211248,18925.75,4731.4375,profile/ref/128s.log
128s,ref,gf_mul_const_batch4,21,64,4,1211248,18925.75,4731.4375,profile/ref/128s.log
128s,ref,gf_mul_const_batch4,22,64,4,1211248,18925.75,4731.4375,profile/ref/128s.log
128s,ref,gf_mul_const_batch4,23,64,4,1211248,18925.75,4731.4375,profile/ref/128s.log
128s,ref,gf_mul_const_batch4,24,64,4,1211248,18925.75,4731.4375,profile/ref/128s.log
128s,ref,gf_mul_const_batch4,25,64,4,1211248,18925.75,4731.4375,profile/ref/128s.log
128s,ref,gf_mul_const_batch4,26,64,4,1211248,18925.75,4731.4375,profile/ref/128s.log
128s,ref,gf_mul_const_batch4,27,64,4,1211248,18925.75,4731.4375,profile/ref/128s.log
128s,ref,gf_mul_const_batch4,28,64,4,1211248,18925.75,4731.4375,profile/ref/128s.log
128s,ref,gf_mul_const_batch4,29,64,4,1211248,18925.75,4731.4375,profile/ref/128s.log
128s,ref,gf_mul_const_batch4,30,64,4,1211248,18925.75,4731.4375,profile/ref/128s.log
128s,ref,aim3_mpc_batch4,0,8,4,580308,72538.5,18134.625,profile/ref/128s.log
128s,ref,aim3_mpc_batch4,1,8,4,579646,72455.75,18113.9375,profile/ref/128s.log
128s,ref,aim3_mpc_batch4,2,8,4,579647,72455.875,18113.96875,profile/ref/128s.log
128s,ref,aim3_mpc_batch4,3,8,4,579647,72455.875,18113.96875,profile/ref/128s.log
128s,ref,aim3_mpc_batch4,4,8,4,579647,72455.875,18113.96875,profile/ref/128s.log
128s,ref,aim3_mpc_batch4,5,8,4,579647,72455.875,18113.96875,profile/ref/128s.log
128s,ref,aim3_mpc_batch4,6,8,4,579647,72455.875,18113.96875,profile/ref/128s.log
128s,ref,aim3_mpc_batch4,7,8,4,579647,72455.875,18113.96875,profile/ref/128s.log
128s,ref,aim3_mpc_batch4,8,8,4,579647,72455.875,18113.96875,profile/ref/128s.log
128s,ref,aim3_mpc_batch4,9,8,4,579647,72455.875,18113.96875,profile/ref/128s.log
128s,ref,aim3_mpc_batch4,10,8,4,579647,72455.875,18113.96875,profile/ref/128s.log
128s,ref,aim3_mpc_batch4,11,8,4,579647,72455.875,18113.96875,profile/ref/128s.log
128s,ref,aim3_mpc_batch4,12,8,4,579647,72455.875,18113.96875,profile/ref/128s.log
128s,ref,aim3_mpc_batch4,13,8,4,579647,72455.875,18113.96875,profile/ref/128s.log
128s,ref,aim3_mpc_batch4,14,8,4,579647,72455.875,18113.96875,profile/ref/128s.log
128s,ref,aim3_mpc_batch4,15,8,4,579647,72455.875,18113.96875,profile/ref/128s.log
128s,ref,aim3_mpc_batch4,16,8,4,579647,72455.875,18113.96875,profile/ref/128s.log
128s,ref,aim3_mpc_batch4,17,8,4,579647,72455.875,18113.96875,profile/ref/128s.log
128s,ref,aim3_mpc_batch4,18,8,4,579647,72455.875,18113.96875,profile/ref/128s.log
128s,ref,aim3_mpc_batch4,19,8,4,579647,72455.875,18113.96875,profile/ref/128s.log
128s,ref,aim3_mpc_batch4,20,8,4,579647,72455.875,18113.96875,profile/ref/128s.log
128s,ref,aim3_mpc_batch4,21,8,4,579647,72455.875,18113.96875,profile/ref/128s.log
128s,ref,aim3_mpc_batch4,22,8,4,579647,72455.875,18113.96875,profile/ref/128s.log
128s,ref,aim3_mpc_batch4,23,8,4,579647,72455.875,18113.96875,profile/ref/128s.log
128s,ref,aim3_mpc_batch4,24,8,4,579647,72455.875,18113.96875,profile/ref/128s.log
128s,ref,aim3_mpc_batch4,25,8,4,579647,72455.875,18113.96875,profile/ref/128s.log
128s,ref,aim3_mpc_batch4,26,8,4,579647,72455.875,18113.96875,profile/ref/128s.log
128s,ref,aim3_mpc_batch4,27,8,4,579647,72455.875,18113.96875,profile/ref/128s.log
128s,ref,aim3_mpc_batch4,28,8,4,579647,72455.875,18113.96875,profile/ref/128s.log
128s,ref,aim3_mpc_batch4,29,8,4,579647,72455.875,18113.96875,profile/ref/128s.log
128s,ref,aim3_mpc_batch4,30,8,4,579647,72455.875,18113.96875,profile/ref/128s.log
128s,ref,aim3_mpc_batch4_affine,0,8,4,428062,53507.75,13376.9375,profile/ref/128s.log
128s,ref,aim3_mpc_batch4_affine,1,8,4,427712,53464.0,13366.0,profile/ref/128s.log
128s,ref,aim3_mpc_batch4_affine,2,8,4,427713,53464.125,13366.03125,profile/ref/128s.log
128s,ref,aim3_mpc_batch4_affine,3,8,4,427713,53464.125,13366.03125,profile/ref/128s.log
128s,ref,aim3_mpc_batch4_affine,4,8,4,427713,53464.125,13366.03125,profile/ref/128s.log
128s,ref,aim3_mpc_batch4_affine,5,8,4,427713,53464.125,13366.03125,profile/ref/128s.log
128s,ref,aim3_mpc_batch4_affine,6,8,4,427713,53464.125,13366.03125,profile/ref/128s.log
128s,ref,aim3_mpc_batch4_affine,7,8,4,427713,53464.125,13366.03125,profile/ref/128s.log
128s,ref,aim3_mpc_batch4_affine,8,8,4,427713,53464.125,13366.03125,profile/ref/128s.log
128s,ref,aim3_mpc_batch4_affine,9,8,4,427713,53464.125,13366.03125,profile/ref/128s.log
128s,ref,aim3_mpc_batch4_affine,10,8,4,427713,53464.125,13366.03125,profile/ref/128s.log
128s,ref,aim3_mpc_batch4_affine,11,8,4,427713,53464.125,13366.03125,profile/ref/128s.log
128s,ref,aim3_mpc_batch4_affine,12,8,4,427713,53464.125,13366.03125,profile/ref/128s.log
128s,ref,aim3_mpc_batch4_affine,13,8,4,427713,53464.125,13366.03125,profile/ref/128s.log
128s,ref,aim3_mpc_batch4_affine,14,8,4,427713,53464.125,13366.03125,profile/ref/128s.log
128s,ref,aim3_mpc_batch4_affine,15,8,4,427713,53464.125,13366.03125,profile/ref/128s.log
128s,ref,aim3_mpc_batch4_affine,16,8,4,427713,53464.125,13366.03125,profile/ref/128s.log
128s,ref,aim3_mpc_batch4_affine,17,8,4,427713,53464.125,13366.03125,profile/ref/128s.log
128s,ref,aim3_mpc_batch4_affine,18,8,4,427713,53464.125,13366.03125,profile/ref/128s.log
128s,ref,aim3_mpc_batch4_affine,19,8,4,427713,53464.125,13366.03125,profile/ref/128s.log
128s,ref,aim3_mpc_batch4_affine,20,8,4,427713,53464.125,13366.03125,profile/ref/128s.log
128s,ref,aim3_mpc_batch4_affine,21,8,4,427713,53464.125,13366.03125,profile/ref/128s.log
128s,ref,aim3_mpc_batch4_affine,22,8,4,427713,53464.125,13366.03125,profile/ref/128s.log
128s,ref,aim3_mpc_batch4_affine,23,8,4,427713,53464.125,13366.03125,profile/ref/128s.log
128s,ref,aim3_mpc_batch4_affine,24,8,4,427713,53464.125,13366.03125,profile/ref/128s.log
128s,ref,aim3_mpc_batch4_affine,25,8,4,427713,53464.125,13366.03125,profile/ref/128s.log
128s,ref,aim3_mpc_batch4_affine,26,8,4,427713,53464.125,13366.03125,profile/ref/128s.log
128s,ref,aim3_mpc_batch4_affine,27,8,4,427713,53464.125,13366.03125,profile/ref/128s.log
128s,ref,aim3_mpc_batch4_affine,28,8,4,427713,53464.125,13366.03125,profile/ref/128s.log
128s,ref,aim3_mpc_batch4_affine,29,8,4,427713,53464.125,13366.03125,profile/ref/128s.log
128s,ref,aim3_mpc_batch4_affine,30,8,4,427713,53464.125,13366.03125,profile/ref/128s.log
128s,ref,aim3_mpc_batch4_frobenius,0,8,4,151532,18941.5,4735.375,profile/ref/128s.log
128s,ref,aim3_mpc_batch4_frobenius,1,8,4,151400,18925.0,4731.25,profile/ref/128s.log
128s,ref,aim3_mpc_batch4_frobenius,2,8,4,151400,18925.0,4731.25,profile/ref/128s.log
128s,ref,aim3_mpc_batch4_frobenius,3,8,4,151400,18925.0,4731.25,profile/ref/128s.log
128s,ref,aim3_mpc_batch4_frobenius,4,8,4,151400,18925.0,4731.25,profile/ref/128s.log
128s,ref,aim3_mpc_batch4_frobenius,5,8,4,151400,18925.0,4731.25,profile/ref/128s.log
128s,ref,aim3_mpc_batch4_frobenius,6,8,4,151400,18925.0,4731.25,profile/ref/128s.log
128s,ref,aim3_mpc_batch4_frobenius,7,8,4,151400,18925.0,4731.25,profile/ref/128s.log
128s,ref,aim3_mpc_batch4_frobenius,8,8,4,151400,18925.0,4731.25,profile/ref/128s.log
128s,ref,aim3_mpc_batch4_frobenius,9,8,4,151400,18925.0,4731.25,profile/ref/128s.log
128s,ref,aim3_mpc_batch4_frobenius,10,8,4,151400,18925.0,4731.25,profile/ref/128s.log
128s,ref,aim3_mpc_batch4_frobenius,11,8,4,151400,18925.0,4731.25,profile/ref/128s.log
128s,ref,aim3_mpc_batch4_frobenius,12,8,4,151400,18925.0,4731.25,profile/ref/128s.log
128s,ref,aim3_mpc_batch4_frobenius,13,8,4,151400,18925.0,4731.25,profile/ref/128s.log
128s,ref,aim3_mpc_batch4_frobenius,14,8,4,151400,18925.0,4731.25,profile/ref/128s.log
128s,ref,aim3_mpc_batch4_frobenius,15,8,4,151400,18925.0,4731.25,profile/ref/128s.log
128s,ref,aim3_mpc_batch4_frobenius,16,8,4,151400,18925.0,4731.25,profile/ref/128s.log
128s,ref,aim3_mpc_batch4_frobenius,17,8,4,151400,18925.0,4731.25,profile/ref/128s.log
128s,ref,aim3_mpc_batch4_frobenius,18,8,4,151400,18925.0,4731.25,profile/ref/128s.log
128s,ref,aim3_mpc_batch4_frobenius,19,8,4,151400,18925.0,4731.25,profile/ref/128s.log
128s,ref,aim3_mpc_batch4_frobenius,20,8,4,151400,18925.0,4731.25,profile/ref/128s.log
128s,ref,aim3_mpc_batch4_frobenius,21,8,4,151400,18925.0,4731.25,profile/ref/128s.log
128s,ref,aim3_mpc_batch4_frobenius,22,8,4,151400,18925.0,4731.25,profile/ref/128s.log
128s,ref,aim3_mpc_batch4_frobenius,23,8,4,151400,18925.0,4731.25,profile/ref/128s.log
128s,ref,aim3_mpc_batch4_frobenius,24,8,4,151400,18925.0,4731.25,profile/ref/128s.log
128s,ref,aim3_mpc_batch4_frobenius,25,8,4,151400,18925.0,4731.25,profile/ref/128s.log
128s,ref,aim3_mpc_batch4_frobenius,26,8,4,151400,18925.0,4731.25,profile/ref/128s.log
128s,ref,aim3_mpc_batch4_frobenius,27,8,4,151400,18925.0,4731.25,profile/ref/128s.log
128s,ref,aim3_mpc_batch4_frobenius,28,8,4,151400,18925.0,4731.25,profile/ref/128s.log
128s,ref,aim3_mpc_batch4_frobenius,29,8,4,151400,18925.0,4731.25,profile/ref/128s.log
128s,ref,aim3_mpc_batch4_frobenius,30,8,4,151400,18925.0,4731.25,profile/ref/128s.log
128s,ref,aim3_mpc_scalar,0,8,1,142647,17830.875,17830.875,profile/ref/128s.log
128s,ref,aim3_mpc_scalar,1,8,1,142326,17790.75,17790.75,profile/ref/128s.log
128s,ref,aim3_mpc_scalar,2,8,1,142324,17790.5,17790.5,profile/ref/128s.log
128s,ref,aim3_mpc_scalar,3,8,1,142326,17790.75,17790.75,profile/ref/128s.log
128s,ref,aim3_mpc_scalar,4,8,1,142326,17790.75,17790.75,profile/ref/128s.log
128s,ref,aim3_mpc_scalar,5,8,1,142326,17790.75,17790.75,profile/ref/128s.log
128s,ref,aim3_mpc_scalar,6,8,1,142326,17790.75,17790.75,profile/ref/128s.log
128s,ref,aim3_mpc_scalar,7,8,1,142326,17790.75,17790.75,profile/ref/128s.log
128s,ref,aim3_mpc_scalar,8,8,1,142323,17790.375,17790.375,profile/ref/128s.log
128s,ref,aim3_mpc_scalar,9,8,1,142326,17790.75,17790.75,profile/ref/128s.log
128s,ref,aim3_mpc_scalar,10,8,1,142326,17790.75,17790.75,profile/ref/128s.log
128s,ref,aim3_mpc_scalar,11,8,1,142326,17790.75,17790.75,profile/ref/128s.log
128s,ref,aim3_mpc_scalar,12,8,1,142326,17790.75,17790.75,profile/ref/128s.log
128s,ref,aim3_mpc_scalar,13,8,1,142326,17790.75,17790.75,profile/ref/128s.log
128s,ref,aim3_mpc_scalar,14,8,1,142326,17790.75,17790.75,profile/ref/128s.log
128s,ref,aim3_mpc_scalar,15,8,1,142322,17790.25,17790.25,profile/ref/128s.log
128s,ref,aim3_mpc_scalar,16,8,1,142326,17790.75,17790.75,profile/ref/128s.log
128s,ref,aim3_mpc_scalar,17,8,1,142326,17790.75,17790.75,profile/ref/128s.log
128s,ref,aim3_mpc_scalar,18,8,1,142326,17790.75,17790.75,profile/ref/128s.log
128s,ref,aim3_mpc_scalar,19,8,1,142326,17790.75,17790.75,profile/ref/128s.log
128s,ref,aim3_mpc_scalar,20,8,1,142326,17790.75,17790.75,profile/ref/128s.log
128s,ref,aim3_mpc_scalar,21,8,1,142325,17790.625,17790.625,profile/ref/128s.log
128s,ref,aim3_mpc_scalar,22,8,1,142325,17790.625,17790.625,profile/ref/128s.log
128s,ref,aim3_mpc_scalar,23,8,1,142326,17790.75,17790.75,profile/ref/128s.log
128s,ref,aim3_mpc_scalar,24,8,1,142326,17790.75,17790.75,profile/ref/128s.log
128s,ref,aim3_mpc_scalar,25,8,1,142326,17790.75,17790.75,profile/ref/128s.log
128s,ref,aim3_mpc_scalar,26,8,1,142326,17790.75,17790.75,profile/ref/128s.log
128s,ref,aim3_mpc_scalar,27,8,1,142326,17790.75,17790.75,profile/ref/128s.log
128s,ref,aim3_mpc_scalar,28,8,1,142322,17790.25,17790.25,profile/ref/128s.log
128s,ref,aim3_mpc_scalar,29,8,1,142326,17790.75,17790.75,profile/ref/128s.log
128s,ref,aim3_mpc_scalar,30,8,1,142326,17790.75,17790.75,profile/ref/128s.log
192f,ref,gf_mul,0,64,1,609289,9520.140625,9520.140625,profile/ref/192f.log
192f,ref,gf_mul,1,64,1,604036,9438.0625,9438.0625,profile/ref/192f.log
192f,ref,gf_mul,2,64,1,604038,9438.09375,9438.09375,profile/ref/192f.log
192f,ref,gf_mul,3,64,1,604037,9438.078125,9438.078125,profile/ref/192f.log
192f,ref,gf_mul,4,64,1,604038,9438.09375,9438.09375,profile/ref/192f.log
192f,ref,gf_mul,5,64,1,604038,9438.09375,9438.09375,profile/ref/192f.log
192f,ref,gf_mul,6,64,1,604038,9438.09375,9438.09375,profile/ref/192f.log
192f,ref,gf_mul,7,64,1,604036,9438.0625,9438.0625,profile/ref/192f.log
192f,ref,gf_mul,8,64,1,604039,9438.109375,9438.109375,profile/ref/192f.log
192f,ref,gf_mul,9,64,1,604038,9438.09375,9438.09375,profile/ref/192f.log
192f,ref,gf_mul,10,64,1,604038,9438.09375,9438.09375,profile/ref/192f.log
192f,ref,gf_mul,11,64,1,604038,9438.09375,9438.09375,profile/ref/192f.log
192f,ref,gf_mul,12,64,1,604038,9438.09375,9438.09375,profile/ref/192f.log
192f,ref,gf_mul,13,64,1,604037,9438.078125,9438.078125,profile/ref/192f.log
192f,ref,gf_mul,14,64,1,604038,9438.09375,9438.09375,profile/ref/192f.log
192f,ref,gf_mul,15,64,1,604038,9438.09375,9438.09375,profile/ref/192f.log
192f,ref,gf_mul,16,64,1,604038,9438.09375,9438.09375,profile/ref/192f.log
192f,ref,gf_mul,17,64,1,604036,9438.0625,9438.0625,profile/ref/192f.log
192f,ref,gf_mul,18,64,1,604039,9438.109375,9438.109375,profile/ref/192f.log
192f,ref,gf_mul,19,64,1,604039,9438.109375,9438.109375,profile/ref/192f.log
192f,ref,gf_mul,20,64,1,604038,9438.09375,9438.09375,profile/ref/192f.log
192f,ref,gf_mul,21,64,1,604037,9438.078125,9438.078125,profile/ref/192f.log
192f,ref,gf_mul,22,64,1,604038,9438.09375,9438.09375,profile/ref/192f.log
192f,ref,gf_mul,23,64,1,604037,9438.078125,9438.078125,profile/ref/192f.log
192f,ref,gf_mul,24,64,1,604038,9438.09375,9438.09375,profile/ref/192f.log
192f,ref,gf_mul,25,64,1,604038,9438.09375,9438.09375,profile/ref/192f.log
192f,ref,gf_mul,26,64,1,604038,9438.09375,9438.09375,profile/ref/192f.log
192f,ref,gf_mul,27,64,1,604036,9438.0625,9438.0625,profile/ref/192f.log
192f,ref,gf_mul,28,64,1,604039,9438.109375,9438.109375,profile/ref/192f.log
192f,ref,gf_mul,29,64,1,604038,9438.09375,9438.09375,profile/ref/192f.log
192f,ref,gf_mul,30,64,1,604038,9438.09375,9438.09375,profile/ref/192f.log
192f,ref,gf_sqr,0,64,1,24641,385.015625,385.015625,profile/ref/192f.log
192f,ref,gf_sqr,1,64,1,23492,367.0625,367.0625,profile/ref/192f.log
192f,ref,gf_sqr,2,64,1,23490,367.03125,367.03125,profile/ref/192f.log
192f,ref,gf_sqr,3,64,1,23492,367.0625,367.0625,profile/ref/192f.log
192f,ref,gf_sqr,4,64,1,23491,367.046875,367.046875,profile/ref/192f.log
192f,ref,gf_sqr,5,64,1,23491,367.046875,367.046875,profile/ref/192f.log
192f,ref,gf_sqr,6,64,1,23490,367.03125,367.03125,profile/ref/192f.log
192f,ref,gf_sqr,7,64,1,23491,367.046875,367.046875,profile/ref/192f.log
192f,ref,gf_sqr,8,64,1,23491,367.046875,367.046875,profile/ref/192f.log
192f,ref,gf_sqr,9,64,1,23491,367.046875,367.046875,profile/ref/192f.log
192f,ref,gf_sqr,10,64,1,23490,367.03125,367.03125,profile/ref/192f.log
192f,ref,gf_sqr,11,64,1,23492,367.0625,367.0625,profile/ref/192f.log
192f,ref,gf_sqr,12,64,1,23491,367.046875,367.046875,profile/ref/192f.log
192f,ref,gf_sqr,13,64,1,23490,367.03125,367.03125,profile/ref/192f.log
192f,ref,gf_sqr,14,64,1,23491,367.046875,367.046875,profile/ref/192f.log
192f,ref,gf_sqr,15,64,1,23491,367.046875,367.046875,profile/ref/192f.log
192f,ref,gf_sqr,16,64,1,23491,367.046875,367.046875,profile/ref/192f.log
192f,ref,gf_sqr,17,64,1,23490,367.03125,367.03125,profile/ref/192f.log
192f,ref,gf_sqr,18,64,1,23492,367.0625,367.0625,profile/ref/192f.log
192f,ref,gf_sqr,19,64,1,23491,367.046875,367.046875,profile/ref/192f.log
192f,ref,gf_sqr,20,64,1,23491,367.046875,367.046875,profile/ref/192f.log
192f,ref,gf_sqr,21,64,1,23490,367.03125,367.03125,profile/ref/192f.log
192f,ref,gf_sqr,22,64,1,23491,367.046875,367.046875,profile/ref/192f.log
192f,ref,gf_sqr,23,64,1,23491,367.046875,367.046875,profile/ref/192f.log
192f,ref,gf_sqr,24,64,1,23491,367.046875,367.046875,profile/ref/192f.log
192f,ref,gf_sqr,25,64,1,23490,367.03125,367.03125,profile/ref/192f.log
192f,ref,gf_sqr,26,64,1,23492,367.0625,367.0625,profile/ref/192f.log
192f,ref,gf_sqr,27,64,1,23491,367.046875,367.046875,profile/ref/192f.log
192f,ref,gf_sqr,28,64,1,23490,367.03125,367.03125,profile/ref/192f.log
192f,ref,gf_sqr,29,64,1,23491,367.046875,367.046875,profile/ref/192f.log
192f,ref,gf_sqr,30,64,1,23491,367.046875,367.046875,profile/ref/192f.log
192f,ref,gf_inv,0,8,1,15012219,1876527.375,1876527.375,profile/ref/192f.log
192f,ref,gf_inv,1,8,1,15011334,1876416.75,1876416.75,profile/ref/192f.log
192f,ref,gf_inv,2,8,1,15011335,1876416.875,1876416.875,profile/ref/192f.log
192f,ref,gf_inv,3,8,1,15011340,1876417.5,1876417.5,profile/ref/192f.log
192f,ref,gf_inv,4,8,1,15011338,1876417.25,1876417.25,profile/ref/192f.log
192f,ref,gf_inv,5,8,1,15011338,1876417.25,1876417.25,profile/ref/192f.log
192f,ref,gf_inv,6,8,1,15011336,1876417.0,1876417.0,profile/ref/192f.log
192f,ref,gf_inv,7,8,1,15011340,1876417.5,1876417.5,profile/ref/192f.log
192f,ref,gf_inv,8,8,1,15011338,1876417.25,1876417.25,profile/ref/192f.log
192f,ref,gf_inv,9,8,1,15011338,1876417.25,1876417.25,profile/ref/192f.log
192f,ref,gf_inv,10,8,1,15011336,1876417.0,1876417.0,profile/ref/192f.log
192f,ref,gf_inv,11,8,1,15011340,1876417.5,1876417.5,profile/ref/192f.log
192f,ref,gf_inv,12,8,1,15011338,1876417.25,1876417.25,profile/ref/192f.log
192f,ref,gf_inv,13,8,1,15011338,1876417.25,1876417.25,profile/ref/192f.log
192f,ref,gf_inv,14,8,1,15011336,1876417.0,1876417.0,profile/ref/192f.log
192f,ref,gf_inv,15,8,1,15011340,1876417.5,1876417.5,profile/ref/192f.log
192f,ref,gf_inv,16,8,1,15011338,1876417.25,1876417.25,profile/ref/192f.log
192f,ref,gf_inv,17,8,1,15011338,1876417.25,1876417.25,profile/ref/192f.log
192f,ref,gf_inv,18,8,1,15011336,1876417.0,1876417.0,profile/ref/192f.log
192f,ref,gf_inv,19,8,1,15011340,1876417.5,1876417.5,profile/ref/192f.log
192f,ref,gf_inv,20,8,1,15011338,1876417.25,1876417.25,profile/ref/192f.log
192f,ref,gf_inv,21,8,1,15011338,1876417.25,1876417.25,profile/ref/192f.log
192f,ref,gf_inv,22,8,1,15011336,1876417.0,1876417.0,profile/ref/192f.log
192f,ref,gf_inv,23,8,1,15011340,1876417.5,1876417.5,profile/ref/192f.log
192f,ref,gf_inv,24,8,1,15011338,1876417.25,1876417.25,profile/ref/192f.log
192f,ref,gf_inv,25,8,1,15011338,1876417.25,1876417.25,profile/ref/192f.log
192f,ref,gf_inv,26,8,1,15011336,1876417.0,1876417.0,profile/ref/192f.log
192f,ref,gf_inv,27,8,1,15011340,1876417.5,1876417.5,profile/ref/192f.log
192f,ref,gf_inv,28,8,1,15011338,1876417.25,1876417.25,profile/ref/192f.log
192f,ref,gf_inv,29,8,1,15011338,1876417.25,1876417.25,profile/ref/192f.log
192f,ref,gf_inv,30,8,1,15011336,1876417.0,1876417.0,profile/ref/192f.log
192f,ref,gf_mat_vec_mul,0,64,1,447404,6990.6875,6990.6875,profile/ref/192f.log
192f,ref,gf_mat_vec_mul,1,64,1,446920,6983.125,6983.125,profile/ref/192f.log
192f,ref,gf_mat_vec_mul,2,64,1,446920,6983.125,6983.125,profile/ref/192f.log
192f,ref,gf_mat_vec_mul,3,64,1,446920,6983.125,6983.125,profile/ref/192f.log
192f,ref,gf_mat_vec_mul,4,64,1,446920,6983.125,6983.125,profile/ref/192f.log
192f,ref,gf_mat_vec_mul,5,64,1,446920,6983.125,6983.125,profile/ref/192f.log
192f,ref,gf_mat_vec_mul,6,64,1,446920,6983.125,6983.125,profile/ref/192f.log
192f,ref,gf_mat_vec_mul,7,64,1,446920,6983.125,6983.125,profile/ref/192f.log
192f,ref,gf_mat_vec_mul,8,64,1,446920,6983.125,6983.125,profile/ref/192f.log
192f,ref,gf_mat_vec_mul,9,64,1,446920,6983.125,6983.125,profile/ref/192f.log
192f,ref,gf_mat_vec_mul,10,64,1,446920,6983.125,6983.125,profile/ref/192f.log
192f,ref,gf_mat_vec_mul,11,64,1,446920,6983.125,6983.125,profile/ref/192f.log
192f,ref,gf_mat_vec_mul,12,64,1,446920,6983.125,6983.125,profile/ref/192f.log
192f,ref,gf_mat_vec_mul,13,64,1,446920,6983.125,6983.125,profile/ref/192f.log
192f,ref,gf_mat_vec_mul,14,64,1,446920,6983.125,6983.125,profile/ref/192f.log
192f,ref,gf_mat_vec_mul,15,64,1,446920,6983.125,6983.125,profile/ref/192f.log
192f,ref,gf_mat_vec_mul,16,64,1,446920,6983.125,6983.125,profile/ref/192f.log
192f,ref,gf_mat_vec_mul,17,64,1,446920,6983.125,6983.125,profile/ref/192f.log
192f,ref,gf_mat_vec_mul,18,64,1,446920,6983.125,6983.125,profile/ref/192f.log
192f,ref,gf_mat_vec_mul,19,64,1,446920,6983.125,6983.125,profile/ref/192f.log
192f,ref,gf_mat_vec_mul,20,64,1,446920,6983.125,6983.125,profile/ref/192f.log
192f,ref,gf_mat_vec_mul,21,64,1,446920,6983.125,6983.125,profile/ref/192f.log
192f,ref,gf_mat_vec_mul,22,64,1,446920,6983.125,6983.125,profile/ref/192f.log
192f,ref,gf_mat_vec_mul,23,64,1,446920,6983.125,6983.125,profile/ref/192f.log
192f,ref,gf_mat_vec_mul,24,64,1,446920,6983.125,6983.125,profile/ref/192f.log
192f,ref,gf_mat_vec_mul,25,64,1,446920,6983.125,6983.125,profile/ref/192f.log
192f,ref,gf_mat_vec_mul,26,64,1,446920,6983.125,6983.125,profile/ref/192f.log
192f,ref,gf_mat_vec_mul,27,64,1,446920,6983.125,6983.125,profile/ref/192f.log
192f,ref,gf_mat_vec_mul,28,64,1,446920,6983.125,6983.125,profile/ref/192f.log
192f,ref,gf_mat_vec_mul,29,64,1,446920,6983.125,6983.125,profile/ref/192f.log
192f,ref,gf_mat_vec_mul,30,64,1,446920,6983.125,6983.125,profile/ref/192f.log
192f,ref,gf_mat_vec_mul_add,0,64,1,448858,7013.40625,7013.40625,profile/ref/192f.log
192f,ref,gf_mat_vec_mul_add,1,64,1,448790,7012.34375,7012.34375,profile/ref/192f.log
192f,ref,gf_mat_vec_mul_add,2,64,1,448806,7012.59375,7012.59375,profile/ref/192f.log
192f,ref,gf_mat_vec_mul_add,3,64,1,448790,7012.34375,7012.34375,profile/ref/192f.log
192f,ref,gf_mat_vec_mul_add,4,64,1,448790,7012.34375,7012.34375,profile/ref/192f.log
192f,ref,gf_mat_vec_mul_add,5,64,1,448790,7012.34375,7012.34375,profile/ref/192f.log
192f,ref,gf_mat_vec_mul_add,6,64,1,448790,7012.34375,7012.34375,profile/ref/192f.log
192f,ref,gf_mat_vec_mul_add,7,64,1,448806,7012.59375,7012.59375,profile/ref/192f.log
192f,ref,gf_mat_vec_mul_add,8,64,1,448790,7012.34375,7012.34375,profile/ref/192f.log
192f,ref,gf_mat_vec_mul_add,9,64,1,448790,7012.34375,7012.34375,profile/ref/192f.log
192f,ref,gf_mat_vec_mul_add,10,64,1,448806,7012.59375,7012.59375,profile/ref/192f.log
192f,ref,gf_mat_vec_mul_add,11,64,1,448806,7012.59375,7012.59375,profile/ref/192f.log
192f,ref,gf_mat_vec_mul_add,12,64,1,448790,7012.34375,7012.34375,profile/ref/192f.log
192f,ref,gf_mat_vec_mul_add,13,64,1,448790,7012.34375,7012.34375,profile/ref/192f.log
192f,ref,gf_mat_vec_mul_add,14,64,1,448790,7012.34375,7012.34375,profile/ref/192f.log
192f,ref,gf_mat_vec_mul_add,15,64,1,448790,7012.34375,7012.34375,profile/ref/192f.log
192f,ref,gf_mat_vec_mul_add,16,64,1,448806,7012.59375,7012.59375,profile/ref/192f.log
192f,ref,gf_mat_vec_mul_add,17,64,1,448790,7012.34375,7012.34375,profile/ref/192f.log
192f,ref,gf_mat_vec_mul_add,18,64,1,448790,7012.34375,7012.34375,profile/ref/192f.log
192f,ref,gf_mat_vec_mul_add,19,64,1,448806,7012.59375,7012.59375,profile/ref/192f.log
192f,ref,gf_mat_vec_mul_add,20,64,1,448806,7012.59375,7012.59375,profile/ref/192f.log
192f,ref,gf_mat_vec_mul_add,21,64,1,448790,7012.34375,7012.34375,profile/ref/192f.log
192f,ref,gf_mat_vec_mul_add,22,64,1,448790,7012.34375,7012.34375,profile/ref/192f.log
192f,ref,gf_mat_vec_mul_add,23,64,1,448790,7012.34375,7012.34375,profile/ref/192f.log
192f,ref,gf_mat_vec_mul_add,24,64,1,448790,7012.34375,7012.34375,profile/ref/192f.log
192f,ref,gf_mat_vec_mul_add,25,64,1,448806,7012.59375,7012.59375,profile/ref/192f.log
192f,ref,gf_mat_vec_mul_add,26,64,1,448790,7012.34375,7012.34375,profile/ref/192f.log
192f,ref,gf_mat_vec_mul_add,27,64,1,448790,7012.34375,7012.34375,profile/ref/192f.log
192f,ref,gf_mat_vec_mul_add,28,64,1,448806,7012.59375,7012.59375,profile/ref/192f.log
192f,ref,gf_mat_vec_mul_add,29,64,1,448806,7012.59375,7012.59375,profile/ref/192f.log
192f,ref,gf_mat_vec_mul_add,30,64,1,448790,7012.34375,7012.34375,profile/ref/192f.log
192f,ref,gf_sqr_batch4,0,64,4,98965,1546.328125,386.58203125,profile/ref/192f.log
192f,ref,gf_sqr_batch4,1,64,4,98788,1543.5625,385.890625,profile/ref/192f.log
192f,ref,gf_sqr_batch4,2,64,4,98726,1542.59375,385.6484375,profile/ref/192f.log
192f,ref,gf_sqr_batch4,3,64,4,98693,1542.078125,385.51953125,profile/ref/192f.log
192f,ref,gf_sqr_batch4,4,64,4,98693,1542.078125,385.51953125,profile/ref/192f.log
192f,ref,gf_sqr_batch4,5,64,4,98693,1542.078125,385.51953125,profile/ref/192f.log
192f,ref,gf_sqr_batch4,6,64,4,98693,1542.078125,385.51953125,profile/ref/192f.log
192f,ref,gf_sqr_batch4,7,64,4,98693,1542.078125,385.51953125,profile/ref/192f.log
192f,ref,gf_sqr_batch4,8,64,4,98693,1542.078125,385.51953125,profile/ref/192f.log
192f,ref,gf_sqr_batch4,9,64,4,98693,1542.078125,385.51953125,profile/ref/192f.log
192f,ref,gf_sqr_batch4,10,64,4,98693,1542.078125,385.51953125,profile/ref/192f.log
192f,ref,gf_sqr_batch4,11,64,4,98693,1542.078125,385.51953125,profile/ref/192f.log
192f,ref,gf_sqr_batch4,12,64,4,98693,1542.078125,385.51953125,profile/ref/192f.log
192f,ref,gf_sqr_batch4,13,64,4,98693,1542.078125,385.51953125,profile/ref/192f.log
192f,ref,gf_sqr_batch4,14,64,4,98693,1542.078125,385.51953125,profile/ref/192f.log
192f,ref,gf_sqr_batch4,15,64,4,98693,1542.078125,385.51953125,profile/ref/192f.log
192f,ref,gf_sqr_batch4,16,64,4,98693,1542.078125,385.51953125,profile/ref/192f.log
192f,ref,gf_sqr_batch4,17,64,4,98693,1542.078125,385.51953125,profile/ref/192f.log
192f,ref,gf_sqr_batch4,18,64,4,98693,1542.078125,385.51953125,profile/ref/192f.log
192f,ref,gf_sqr_batch4,19,64,4,98693,1542.078125,385.51953125,profile/ref/192f.log
192f,ref,gf_sqr_batch4,20,64,4,98693,1542.078125,385.51953125,profile/ref/192f.log
192f,ref,gf_sqr_batch4,21,64,4,98693,1542.078125,385.51953125,profile/ref/192f.log
192f,ref,gf_sqr_batch4,22,64,4,98693,1542.078125,385.51953125,profile/ref/192f.log
192f,ref,gf_sqr_batch4,23,64,4,98693,1542.078125,385.51953125,profile/ref/192f.log
192f,ref,gf_sqr_batch4,24,64,4,98693,1542.078125,385.51953125,profile/ref/192f.log
192f,ref,gf_sqr_batch4,25,64,4,98693,1542.078125,385.51953125,profile/ref/192f.log
192f,ref,gf_sqr_batch4,26,64,4,98693,1542.078125,385.51953125,profile/ref/192f.log
192f,ref,gf_sqr_batch4,27,64,4,98693,1542.078125,385.51953125,profile/ref/192f.log
192f,ref,gf_sqr_batch4,28,64,4,98693,1542.078125,385.51953125,profile/ref/192f.log
192f,ref,gf_sqr_batch4,29,64,4,98693,1542.078125,385.51953125,profile/ref/192f.log
192f,ref,gf_sqr_batch4,30,64,4,98693,1542.078125,385.51953125,profile/ref/192f.log
192f,ref,gf_frobenius_batch4_e11,0,8,4,130282,16285.25,4071.3125,profile/ref/192f.log
192f,ref,gf_frobenius_batch4_e11,1,8,4,129910,16238.75,4059.6875,profile/ref/192f.log
192f,ref,gf_frobenius_batch4_e11,2,8,4,129910,16238.75,4059.6875,profile/ref/192f.log
192f,ref,gf_frobenius_batch4_e11,3,8,4,129910,16238.75,4059.6875,profile/ref/192f.log
192f,ref,gf_frobenius_batch4_e11,4,8,4,129910,16238.75,4059.6875,profile/ref/192f.log
192f,ref,gf_frobenius_batch4_e11,5,8,4,129910,16238.75,4059.6875,profile/ref/192f.log
192f,ref,gf_frobenius_batch4_e11,6,8,4,129910,16238.75,4059.6875,profile/ref/192f.log
192f,ref,gf_frobenius_batch4_e11,7,8,4,129910,16238.75,4059.6875,profile/ref/192f.log
192f,ref,gf_frobenius_batch4_e11,8,8,4,129910,16238.75,4059.6875,profile/ref/192f.log
192f,ref,gf_frobenius_batch4_e11,9,8,4,129910,16238.75,4059.6875,profile/ref/192f.log
192f,ref,gf_frobenius_batch4_e11,10,8,4,129910,16238.75,4059.6875,profile/ref/192f.log
192f,ref,gf_frobenius_batch4_e11,11,8,4,129910,16238.75,4059.6875,profile/ref/192f.log
192f,ref,gf_frobenius_batch4_e11,12,8,4,129910,16238.75,4059.6875,profile/ref/192f.log
192f,ref,gf_frobenius_batch4_e11,13,8,4,129910,16238.75,4059.6875,profile/ref/192f.log
192f,ref,gf_frobenius_batch4_e11,14,8,4,129910,16238.75,4059.6875,profile/ref/192f.log
192f,ref,gf_frobenius_batch4_e11,15,8,4,129910,16238.75,4059.6875,profile/ref/192f.log
192f,ref,gf_frobenius_batch4_e11,16,8,4,129910,16238.75,4059.6875,profile/ref/192f.log
192f,ref,gf_frobenius_batch4_e11,17,8,4,129910,16238.75,4059.6875,profile/ref/192f.log
192f,ref,gf_frobenius_batch4_e11,18,8,4,129910,16238.75,4059.6875,profile/ref/192f.log
192f,ref,gf_frobenius_batch4_e11,19,8,4,129910,16238.75,4059.6875,profile/ref/192f.log
192f,ref,gf_frobenius_batch4_e11,20,8,4,129910,16238.75,4059.6875,profile/ref/192f.log
192f,ref,gf_frobenius_batch4_e11,21,8,4,129910,16238.75,4059.6875,profile/ref/192f.log
192f,ref,gf_frobenius_batch4_e11,22,8,4,129910,16238.75,4059.6875,profile/ref/192f.log
192f,ref,gf_frobenius_batch4_e11,23,8,4,129910,16238.75,4059.6875,profile/ref/192f.log
192f,ref,gf_frobenius_batch4_e11,24,8,4,129910,16238.75,4059.6875,profile/ref/192f.log
192f,ref,gf_frobenius_batch4_e11,25,8,4,129910,16238.75,4059.6875,profile/ref/192f.log
192f,ref,gf_frobenius_batch4_e11,26,8,4,129910,16238.75,4059.6875,profile/ref/192f.log
192f,ref,gf_frobenius_batch4_e11,27,8,4,129910,16238.75,4059.6875,profile/ref/192f.log
192f,ref,gf_frobenius_batch4_e11,28,8,4,129910,16238.75,4059.6875,profile/ref/192f.log
192f,ref,gf_frobenius_batch4_e11,29,8,4,129910,16238.75,4059.6875,profile/ref/192f.log
192f,ref,gf_frobenius_batch4_e11,30,8,4,129910,16238.75,4059.6875,profile/ref/192f.log
192f,ref,gf_frobenius_batch4_e23,0,8,4,271041,33880.125,8470.03125,profile/ref/192f.log
192f,ref,gf_frobenius_batch4_e23,1,8,4,270906,33863.25,8465.8125,profile/ref/192f.log
192f,ref,gf_frobenius_batch4_e23,2,8,4,270838,33854.75,8463.6875,profile/ref/192f.log
192f,ref,gf_frobenius_batch4_e23,3,8,4,270838,33854.75,8463.6875,profile/ref/192f.log
192f,ref,gf_frobenius_batch4_e23,4,8,4,270838,33854.75,8463.6875,profile/ref/192f.log
192f,ref,gf_frobenius_batch4_e23,5,8,4,270838,33854.75,8463.6875,profile/ref/192f.log
192f,ref,gf_frobenius_batch4_e23,6,8,4,270838,33854.75,8463.6875,profile/ref/192f.log
192f,ref,gf_frobenius_batch4_e23,7,8,4,270838,33854.75,8463.6875,profile/ref/192f.log
192f,ref,gf_frobenius_batch4_e23,8,8,4,270838,33854.75,8463.6875,profile/ref/192f.log
192f,ref,gf_frobenius_batch4_e23,9,8,4,270838,33854.75,8463.6875,profile/ref/192f.log
192f,ref,gf_frobenius_batch4_e23,10,8,4,270838,33854.75,8463.6875,profile/ref/192f.log
192f,ref,gf_frobenius_batch4_e23,11,8,4,270838,33854.75,8463.6875,profile/ref/192f.log
192f,ref,gf_frobenius_batch4_e23,12,8,4,270838,33854.75,8463.6875,profile/ref/192f.log
192f,ref,gf_frobenius_batch4_e23,13,8,4,270838,33854.75,8463.6875,profile/ref/192f.log
192f,ref,gf_frobenius_batch4_e23,14,8,4,270838,33854.75,8463.6875,profile/ref/192f.log
192f,ref,gf_frobenius_batch4_e23,15,8,4,270838,33854.75,8463.6875,profile/ref/192f.log
192f,ref,gf_frobenius_batch4_e23,16,8,4,270838,33854.75,8463.6875,profile/ref/192f.log
192f,ref,gf_frobenius_batch4_e23,17,8,4,270838,33854.75,8463.6875,profile/ref/192f.log
192f,ref,gf_frobenius_batch4_e23,18,8,4,270838,33854.75,8463.6875,profile/ref/192f.log
192f,ref,gf_frobenius_batch4_e23,19,8,4,270838,33854.75,8463.6875,profile/ref/192f.log
192f,ref,gf_frobenius_batch4_e23,20,8,4,270838,33854.75,8463.6875,profile/ref/192f.log
192f,ref,gf_frobenius_batch4_e23,21,8,4,270838,33854.75,8463.6875,profile/ref/192f.log
192f,ref,gf_frobenius_batch4_e23,22,8,4,270838,33854.75,8463.6875,profile/ref/192f.log
192f,ref,gf_frobenius_batch4_e23,23,8,4,270838,33854.75,8463.6875,profile/ref/192f.log
192f,ref,gf_frobenius_batch4_e23,24,8,4,270838,33854.75,8463.6875,profile/ref/192f.log
192f,ref,gf_frobenius_batch4_e23,25,8,4,270838,33854.75,8463.6875,profile/ref/192f.log
192f,ref,gf_frobenius_batch4_e23,26,8,4,270838,33854.75,8463.6875,profile/ref/192f.log
192f,ref,gf_frobenius_batch4_e23,27,8,4,270838,33854.75,8463.6875,profile/ref/192f.log
192f,ref,gf_frobenius_batch4_e23,28,8,4,270838,33854.75,8463.6875,profile/ref/192f.log
192f,ref,gf_frobenius_batch4_e23,29,8,4,270838,33854.75,8463.6875,profile/ref/192f.log
192f,ref,gf_frobenius_batch4_e23,30,8,4,270838,33854.75,8463.6875,profile/ref/192f.log
192f,ref,gf_frobenius_batch4_e47,0,8,4,552898,69112.25,17278.0625,profile/ref/192f.log
192f,ref,gf_frobenius_batch4_e47,1,8,4,552726,69090.75,17272.6875,profile/ref/192f.log
192f,ref,gf_frobenius_batch4_e47,2,8,4,552694,69086.75,17271.6875,profile/ref/192f.log
192f,ref,gf_frobenius_batch4_e47,3,8,4,552694,69086.75,17271.6875,profile/ref/192f.log
192f,ref,gf_frobenius_batch4_e47,4,8,4,552694,69086.75,17271.6875,profile/ref/192f.log
192f,ref,gf_frobenius_batch4_e47,5,8,4,552694,69086.75,17271.6875,profile/ref/192f.log
192f,ref,gf_frobenius_batch4_e47,6,8,4,552694,69086.75,17271.6875,profile/ref/192f.log
192f,ref,gf_frobenius_batch4_e47,7,8,4,552694,69086.75,17271.6875,profile/ref/192f.log
192f,ref,gf_frobenius_batch4_e47,8,8,4,552694,69086.75,17271.6875,profile/ref/192f.log
192f,ref,gf_frobenius_batch4_e47,9,8,4,552694,69086.75,17271.6875,profile/ref/192f.log
192f,ref,gf_frobenius_batch4_e47,10,8,4,552694,69086.75,17271.6875,profile/ref/192f.log
192f,ref,gf_frobenius_batch4_e47,11,8,4,552694,69086.75,17271.6875,profile/ref/192f.log
192f,ref,gf_frobenius_batch4_e47,12,8,4,552694,69086.75,17271.6875,profile/ref/192f.log
192f,ref,gf_frobenius_batch4_e47,13,8,4,552694,69086.75,17271.6875,profile/ref/192f.log
192f,ref,gf_frobenius_batch4_e47,14,8,4,552694,69086.75,17271.6875,profile/ref/192f.log
192f,ref,gf_frobenius_batch4_e47,15,8,4,552694,69086.75,17271.6875,profile/ref/192f.log
192f,ref,gf_frobenius_batch4_e47,16,8,4,552694,69086.75,17271.6875,profile/ref/192f.log
192f,ref,gf_frobenius_batch4_e47,17,8,4,552694,69086.75,17271.6875,profile/ref/192f.log
192f,ref,gf_frobenius_batch4_e47,18,8,4,552694,69086.75,17271.6875,profile/ref/192f.log
192f,ref,gf_frobenius_batch4_e47,19,8,4,552694,69086.75,17271.6875,profile/ref/192f.log
192f,ref,gf_frobenius_batch4_e47,20,8,4,552694,69086.75,17271.6875,profile/ref/192f.log
192f,ref,gf_frobenius_batch4_e47,21,8,4,552694,69086.75,17271.6875,profile/ref/192f.log
192f,ref,gf_frobenius_batch4_e47,22,8,4,552694,69086.75,17271.6875,profile/ref/192f.log
192f,ref,gf_frobenius_batch4_e47,23,8,4,552694,69086.75,17271.6875,profile/ref/192f.log
192f,ref,gf_frobenius_batch4_e47,24,8,4,552694,69086.75,17271.6875,profile/ref/192f.log
192f,ref,gf_frobenius_batch4_e47,25,8,4,552694,69086.75,17271.6875,profile/ref/192f.log
192f,ref,gf_frobenius_batch4_e47,26,8,4,552694,69086.75,17271.6875,profile/ref/192f.log
192f,ref,gf_frobenius_batch4_e47,27,8,4,552694,69086.75,17271.6875,profile/ref/192f.log
192f,ref,gf_frobenius_batch4_e47,28,8,4,552694,69086.75,17271.6875,profile/ref/192f.log
192f,ref,gf_frobenius_batch4_e47,29,8,4,552694,69086.75,17271.6875,profile/ref/192f.log
192f,ref,gf_frobenius_batch4_e47,30,8,4,552694,69086.75,17271.6875,profile/ref/192f.log
192f,ref,gf_mul_const_batch4,0,64,4,2427769,37933.890625,9483.47265625,profile/ref/192f.log
192f,ref,gf_mul_const_batch4,1,64,4,2426472,37913.625,9478.40625,profile/ref/192f.log
192f,ref,gf_mul_const_batch4,2,64,4,2426468,37913.5625,9478.390625,profile/ref/192f.log
192f,ref,gf_mul_const_batch4,3,64,4,2426478,37913.71875,9478.4296875,profile/ref/192f.log
192f,ref,gf_mul_const_batch4,4,64,4,2426467,37913.546875,9478.38671875,profile/ref/192f.log
192f,ref,gf_mul_const_batch4,5,64,4,2426475,37913.671875,9478.41796875,profile/ref/192f.log
192f,ref,gf_mul_const_batch4,6,64,4,2426474,37913.65625,9478.4140625,profile/ref/192f.log
192f,ref,gf_mul_const_batch4,7,64,4,2426467,37913.546875,9478.38671875,profile/ref/192f.log
192f,ref,gf_mul_const_batch4,8,64,4,2426478,37913.71875,9478.4296875,profile/ref/192f.log
192f,ref,gf_mul_const_batch4,9,64,4,2426467,37913.546875,9478.38671875,profile/ref/192f.log
192f,ref,gf_mul_const_batch4,10,64,4,2426475,37913.671875,9478.41796875,profile/ref/192f.log
192f,ref,gf_mul_const_batch4,11,64,4,2426473,37913.640625,9478.41015625,profile/ref/192f.log
192f,ref,gf_mul_const_batch4,12,64,4,2426468,37913.5625,9478.390625,profile/ref/192f.log
192f,ref,gf_mul_const_batch4,13,64,4,2426478,37913.71875,9478.4296875,profile/ref/192f.log
192f,ref,gf_mul_const_batch4,14,64,4,2426467,37913.546875,9478.38671875,profile/ref/192f.log
192f,ref,gf_mul_const_batch4,15,64,4,2426475,37913.671875,9478.41796875,profile/ref/192f.log
192f,ref,gf_mul_const_batch4,16,64,4,2426473,37913.640625,9478.41015625,profile/ref/192f.log
192f,ref,gf_mul_const_batch4,17,64,4,2426468,37913.5625,9478.390625,profile/ref/192f.log
192f,ref,gf_mul_const_batch4,18,64,4,2426478,37913.71875,9478.4296875,profile/ref/192f.log
192f,ref,gf_mul_const_batch4,19,64,4,2426467,37913.546875,9478.38671875,profile/ref/192f.log
192f,ref,gf_mul_const_batch4,20,64,4,2426475,37913.671875,9478.41796875,profile/ref/192f.log
192f,ref,gf_mul_const_batch4,21,64,4,2426473,37913.640625,9478.41015625,profile/ref/192f.log
192f,ref,gf_mul_const_batch4,22,64,4,2426468,37913.5625,9478.390625,profile/ref/192f.log
192f,ref,gf_mul_const_batch4,23,64,4,2426478,37913.71875,9478.4296875,profile/ref/192f.log
192f,ref,gf_mul_const_batch4,24,64,4,2426467,37913.546875,9478.38671875,profile/ref/192f.log
192f,ref,gf_mul_const_batch4,25,64,4,2426475,37913.671875,9478.41796875,profile/ref/192f.log
192f,ref,gf_mul_const_batch4,26,64,4,2426473,37913.640625,9478.41015625,profile/ref/192f.log
192f,ref,gf_mul_const_batch4,27,64,4,2426468,37913.5625,9478.390625,profile/ref/192f.log
192f,ref,gf_mul_const_batch4,28,64,4,2426478,37913.71875,9478.4296875,profile/ref/192f.log
192f,ref,gf_mul_const_batch4,29,64,4,2426467,37913.546875,9478.38671875,profile/ref/192f.log
192f,ref,gf_mul_const_batch4,30,64,4,2426476,37913.6875,9478.421875,profile/ref/192f.log
192f,ref,aim3_mpc_batch4,0,8,4,1864251,233031.375,58257.84375,profile/ref/192f.log
192f,ref,aim3_mpc_batch4,1,8,4,1862848,232856.0,58214.0,profile/ref/192f.log
192f,ref,aim3_mpc_batch4,2,8,4,1862848,232856.0,58214.0,profile/ref/192f.log
192f,ref,aim3_mpc_batch4,3,8,4,1862848,232856.0,58214.0,profile/ref/192f.log
192f,ref,aim3_mpc_batch4,4,8,4,1862848,232856.0,58214.0,profile/ref/192f.log
192f,ref,aim3_mpc_batch4,5,8,4,1862849,232856.125,58214.03125,profile/ref/192f.log
192f,ref,aim3_mpc_batch4,6,8,4,1862849,232856.125,58214.03125,profile/ref/192f.log
192f,ref,aim3_mpc_batch4,7,8,4,1862849,232856.125,58214.03125,profile/ref/192f.log
192f,ref,aim3_mpc_batch4,8,8,4,1862852,232856.5,58214.125,profile/ref/192f.log
192f,ref,aim3_mpc_batch4,9,8,4,1862849,232856.125,58214.03125,profile/ref/192f.log
192f,ref,aim3_mpc_batch4,10,8,4,1862858,232857.25,58214.3125,profile/ref/192f.log
192f,ref,aim3_mpc_batch4,11,8,4,1862858,232857.25,58214.3125,profile/ref/192f.log
192f,ref,aim3_mpc_batch4,12,8,4,1862858,232857.25,58214.3125,profile/ref/192f.log
192f,ref,aim3_mpc_batch4,13,8,4,1862858,232857.25,58214.3125,profile/ref/192f.log
192f,ref,aim3_mpc_batch4,14,8,4,1862849,232856.125,58214.03125,profile/ref/192f.log
192f,ref,aim3_mpc_batch4,15,8,4,1862849,232856.125,58214.03125,profile/ref/192f.log
192f,ref,aim3_mpc_batch4,16,8,4,1862849,232856.125,58214.03125,profile/ref/192f.log
192f,ref,aim3_mpc_batch4,17,8,4,1862849,232856.125,58214.03125,profile/ref/192f.log
192f,ref,aim3_mpc_batch4,18,8,4,1862849,232856.125,58214.03125,profile/ref/192f.log
192f,ref,aim3_mpc_batch4,19,8,4,1862849,232856.125,58214.03125,profile/ref/192f.log
192f,ref,aim3_mpc_batch4,20,8,4,1862849,232856.125,58214.03125,profile/ref/192f.log
192f,ref,aim3_mpc_batch4,21,8,4,1862849,232856.125,58214.03125,profile/ref/192f.log
192f,ref,aim3_mpc_batch4,22,8,4,1862849,232856.125,58214.03125,profile/ref/192f.log
192f,ref,aim3_mpc_batch4,23,8,4,1862849,232856.125,58214.03125,profile/ref/192f.log
192f,ref,aim3_mpc_batch4,24,8,4,1862849,232856.125,58214.03125,profile/ref/192f.log
192f,ref,aim3_mpc_batch4,25,8,4,1862849,232856.125,58214.03125,profile/ref/192f.log
192f,ref,aim3_mpc_batch4,26,8,4,1862849,232856.125,58214.03125,profile/ref/192f.log
192f,ref,aim3_mpc_batch4,27,8,4,1862849,232856.125,58214.03125,profile/ref/192f.log
192f,ref,aim3_mpc_batch4,28,8,4,1862849,232856.125,58214.03125,profile/ref/192f.log
192f,ref,aim3_mpc_batch4,29,8,4,1862849,232856.125,58214.03125,profile/ref/192f.log
192f,ref,aim3_mpc_batch4,30,8,4,1862849,232856.125,58214.03125,profile/ref/192f.log
192f,ref,aim3_mpc_batch4_affine,0,8,4,905498,113187.25,28296.8125,profile/ref/192f.log
192f,ref,aim3_mpc_batch4_affine,1,8,4,904528,113066.0,28266.5,profile/ref/192f.log
192f,ref,aim3_mpc_batch4_affine,2,8,4,904528,113066.0,28266.5,profile/ref/192f.log
192f,ref,aim3_mpc_batch4_affine,3,8,4,904528,113066.0,28266.5,profile/ref/192f.log
192f,ref,aim3_mpc_batch4_affine,4,8,4,904528,113066.0,28266.5,profile/ref/192f.log
192f,ref,aim3_mpc_batch4_affine,5,8,4,904529,113066.125,28266.53125,profile/ref/192f.log
192f,ref,aim3_mpc_batch4_affine,6,8,4,904529,113066.125,28266.53125,profile/ref/192f.log
192f,ref,aim3_mpc_batch4_affine,7,8,4,904529,113066.125,28266.53125,profile/ref/192f.log
192f,ref,aim3_mpc_batch4_affine,8,8,4,904531,113066.375,28266.59375,profile/ref/192f.log
192f,ref,aim3_mpc_batch4_affine,9,8,4,904529,113066.125,28266.53125,profile/ref/192f.log
192f,ref,aim3_mpc_batch4_affine,10,8,4,904538,113067.25,28266.8125,profile/ref/192f.log
192f,ref,aim3_mpc_batch4_affine,11,8,4,904538,113067.25,28266.8125,profile/ref/192f.log
192f,ref,aim3_mpc_batch4_affine,12,8,4,904538,113067.25,28266.8125,profile/ref/192f.log
192f,ref,aim3_mpc_batch4_affine,13,8,4,904538,113067.25,28266.8125,profile/ref/192f.log
192f,ref,aim3_mpc_batch4_affine,14,8,4,904529,113066.125,28266.53125,profile/ref/192f.log
192f,ref,aim3_mpc_batch4_affine,15,8,4,904529,113066.125,28266.53125,profile/ref/192f.log
192f,ref,aim3_mpc_batch4_affine,16,8,4,904529,113066.125,28266.53125,profile/ref/192f.log
192f,ref,aim3_mpc_batch4_affine,17,8,4,904529,113066.125,28266.53125,profile/ref/192f.log
192f,ref,aim3_mpc_batch4_affine,18,8,4,904529,113066.125,28266.53125,profile/ref/192f.log
192f,ref,aim3_mpc_batch4_affine,19,8,4,904529,113066.125,28266.53125,profile/ref/192f.log
192f,ref,aim3_mpc_batch4_affine,20,8,4,904529,113066.125,28266.53125,profile/ref/192f.log
192f,ref,aim3_mpc_batch4_affine,21,8,4,904529,113066.125,28266.53125,profile/ref/192f.log
192f,ref,aim3_mpc_batch4_affine,22,8,4,904529,113066.125,28266.53125,profile/ref/192f.log
192f,ref,aim3_mpc_batch4_affine,23,8,4,904529,113066.125,28266.53125,profile/ref/192f.log
192f,ref,aim3_mpc_batch4_affine,24,8,4,904529,113066.125,28266.53125,profile/ref/192f.log
192f,ref,aim3_mpc_batch4_affine,25,8,4,904529,113066.125,28266.53125,profile/ref/192f.log
192f,ref,aim3_mpc_batch4_affine,26,8,4,904529,113066.125,28266.53125,profile/ref/192f.log
192f,ref,aim3_mpc_batch4_affine,27,8,4,904529,113066.125,28266.53125,profile/ref/192f.log
192f,ref,aim3_mpc_batch4_affine,28,8,4,904529,113066.125,28266.53125,profile/ref/192f.log
192f,ref,aim3_mpc_batch4_affine,29,8,4,904529,113066.125,28266.53125,profile/ref/192f.log
192f,ref,aim3_mpc_batch4_affine,30,8,4,904529,113066.125,28266.53125,profile/ref/192f.log
192f,ref,aim3_mpc_batch4_frobenius,0,8,4,957741,119717.625,29929.40625,profile/ref/192f.log
192f,ref,aim3_mpc_batch4_frobenius,1,8,4,957464,119683.0,29920.75,profile/ref/192f.log
192f,ref,aim3_mpc_batch4_frobenius,2,8,4,957464,119683.0,29920.75,profile/ref/192f.log
192f,ref,aim3_mpc_batch4_frobenius,3,8,4,957464,119683.0,29920.75,profile/ref/192f.log
192f,ref,aim3_mpc_batch4_frobenius,4,8,4,957464,119683.0,29920.75,profile/ref/192f.log
192f,ref,aim3_mpc_batch4_frobenius,5,8,4,957464,119683.0,29920.75,profile/ref/192f.log
192f,ref,aim3_mpc_batch4_frobenius,6,8,4,957464,119683.0,29920.75,profile/ref/192f.log
192f,ref,aim3_mpc_batch4_frobenius,7,8,4,957464,119683.0,29920.75,profile/ref/192f.log
192f,ref,aim3_mpc_batch4_frobenius,8,8,4,957465,119683.125,29920.78125,profile/ref/192f.log
192f,ref,aim3_mpc_batch4_frobenius,9,8,4,957464,119683.0,29920.75,profile/ref/192f.log
192f,ref,aim3_mpc_batch4_frobenius,10,8,4,957464,119683.0,29920.75,profile/ref/192f.log
192f,ref,aim3_mpc_batch4_frobenius,11,8,4,957464,119683.0,29920.75,profile/ref/192f.log
192f,ref,aim3_mpc_batch4_frobenius,12,8,4,957464,119683.0,29920.75,profile/ref/192f.log
192f,ref,aim3_mpc_batch4_frobenius,13,8,4,957464,119683.0,29920.75,profile/ref/192f.log
192f,ref,aim3_mpc_batch4_frobenius,14,8,4,957464,119683.0,29920.75,profile/ref/192f.log
192f,ref,aim3_mpc_batch4_frobenius,15,8,4,957464,119683.0,29920.75,profile/ref/192f.log
192f,ref,aim3_mpc_batch4_frobenius,16,8,4,957464,119683.0,29920.75,profile/ref/192f.log
192f,ref,aim3_mpc_batch4_frobenius,17,8,4,957464,119683.0,29920.75,profile/ref/192f.log
192f,ref,aim3_mpc_batch4_frobenius,18,8,4,957464,119683.0,29920.75,profile/ref/192f.log
192f,ref,aim3_mpc_batch4_frobenius,19,8,4,957464,119683.0,29920.75,profile/ref/192f.log
192f,ref,aim3_mpc_batch4_frobenius,20,8,4,957464,119683.0,29920.75,profile/ref/192f.log
192f,ref,aim3_mpc_batch4_frobenius,21,8,4,957464,119683.0,29920.75,profile/ref/192f.log
192f,ref,aim3_mpc_batch4_frobenius,22,8,4,957464,119683.0,29920.75,profile/ref/192f.log
192f,ref,aim3_mpc_batch4_frobenius,23,8,4,957464,119683.0,29920.75,profile/ref/192f.log
192f,ref,aim3_mpc_batch4_frobenius,24,8,4,957464,119683.0,29920.75,profile/ref/192f.log
192f,ref,aim3_mpc_batch4_frobenius,25,8,4,957464,119683.0,29920.75,profile/ref/192f.log
192f,ref,aim3_mpc_batch4_frobenius,26,8,4,957464,119683.0,29920.75,profile/ref/192f.log
192f,ref,aim3_mpc_batch4_frobenius,27,8,4,957464,119683.0,29920.75,profile/ref/192f.log
192f,ref,aim3_mpc_batch4_frobenius,28,8,4,957464,119683.0,29920.75,profile/ref/192f.log
192f,ref,aim3_mpc_batch4_frobenius,29,8,4,957464,119683.0,29920.75,profile/ref/192f.log
192f,ref,aim3_mpc_batch4_frobenius,30,8,4,957464,119683.0,29920.75,profile/ref/192f.log
192f,ref,aim3_mpc_scalar,0,8,1,464367,58045.875,58045.875,profile/ref/192f.log
192f,ref,aim3_mpc_scalar,1,8,1,463703,57962.875,57962.875,profile/ref/192f.log
192f,ref,aim3_mpc_scalar,2,8,1,463709,57963.625,57963.625,profile/ref/192f.log
192f,ref,aim3_mpc_scalar,3,8,1,463706,57963.25,57963.25,profile/ref/192f.log
192f,ref,aim3_mpc_scalar,4,8,1,463710,57963.75,57963.75,profile/ref/192f.log
192f,ref,aim3_mpc_scalar,5,8,1,463727,57965.875,57965.875,profile/ref/192f.log
192f,ref,aim3_mpc_scalar,6,8,1,463728,57966.0,57966.0,profile/ref/192f.log
192f,ref,aim3_mpc_scalar,7,8,1,463742,57967.75,57967.75,profile/ref/192f.log
192f,ref,aim3_mpc_scalar,8,8,1,463721,57965.125,57965.125,profile/ref/192f.log
192f,ref,aim3_mpc_scalar,9,8,1,463709,57963.625,57963.625,profile/ref/192f.log
192f,ref,aim3_mpc_scalar,10,8,1,463706,57963.25,57963.25,profile/ref/192f.log
192f,ref,aim3_mpc_scalar,11,8,1,463710,57963.75,57963.75,profile/ref/192f.log
192f,ref,aim3_mpc_scalar,12,8,1,463727,57965.875,57965.875,profile/ref/192f.log
192f,ref,aim3_mpc_scalar,13,8,1,463728,57966.0,57966.0,profile/ref/192f.log
192f,ref,aim3_mpc_scalar,14,8,1,463742,57967.75,57967.75,profile/ref/192f.log
192f,ref,aim3_mpc_scalar,15,8,1,463721,57965.125,57965.125,profile/ref/192f.log
192f,ref,aim3_mpc_scalar,16,8,1,463709,57963.625,57963.625,profile/ref/192f.log
192f,ref,aim3_mpc_scalar,17,8,1,463706,57963.25,57963.25,profile/ref/192f.log
192f,ref,aim3_mpc_scalar,18,8,1,463710,57963.75,57963.75,profile/ref/192f.log
192f,ref,aim3_mpc_scalar,19,8,1,463727,57965.875,57965.875,profile/ref/192f.log
192f,ref,aim3_mpc_scalar,20,8,1,463728,57966.0,57966.0,profile/ref/192f.log
192f,ref,aim3_mpc_scalar,21,8,1,463742,57967.75,57967.75,profile/ref/192f.log
192f,ref,aim3_mpc_scalar,22,8,1,463721,57965.125,57965.125,profile/ref/192f.log
192f,ref,aim3_mpc_scalar,23,8,1,463709,57963.625,57963.625,profile/ref/192f.log
192f,ref,aim3_mpc_scalar,24,8,1,463706,57963.25,57963.25,profile/ref/192f.log
192f,ref,aim3_mpc_scalar,25,8,1,463710,57963.75,57963.75,profile/ref/192f.log
192f,ref,aim3_mpc_scalar,26,8,1,463727,57965.875,57965.875,profile/ref/192f.log
192f,ref,aim3_mpc_scalar,27,8,1,463728,57966.0,57966.0,profile/ref/192f.log
192f,ref,aim3_mpc_scalar,28,8,1,463742,57967.75,57967.75,profile/ref/192f.log
192f,ref,aim3_mpc_scalar,29,8,1,463722,57965.25,57965.25,profile/ref/192f.log
192f,ref,aim3_mpc_scalar,30,8,1,463708,57963.5,57963.5,profile/ref/192f.log
192s,ref,gf_mul,0,64,1,609241,9519.390625,9519.390625,profile/ref/192s.log
192s,ref,gf_mul,1,64,1,604037,9438.078125,9438.078125,profile/ref/192s.log
192s,ref,gf_mul,2,64,1,604036,9438.0625,9438.0625,profile/ref/192s.log
192s,ref,gf_mul,3,64,1,604038,9438.09375,9438.09375,profile/ref/192s.log
192s,ref,gf_mul,4,64,1,604037,9438.078125,9438.078125,profile/ref/192s.log
192s,ref,gf_mul,5,64,1,604038,9438.09375,9438.09375,profile/ref/192s.log
192s,ref,gf_mul,6,64,1,604037,9438.078125,9438.078125,profile/ref/192s.log
192s,ref,gf_mul,7,64,1,604038,9438.09375,9438.09375,profile/ref/192s.log
192s,ref,gf_mul,8,64,1,604039,9438.109375,9438.109375,profile/ref/192s.log
192s,ref,gf_mul,9,64,1,604038,9438.09375,9438.09375,profile/ref/192s.log
192s,ref,gf_mul,10,64,1,604038,9438.09375,9438.09375,profile/ref/192s.log
192s,ref,gf_mul,11,64,1,604038,9438.09375,9438.09375,profile/ref/192s.log
192s,ref,gf_mul,12,64,1,604037,9438.078125,9438.078125,profile/ref/192s.log
192s,ref,gf_mul,13,64,1,604039,9438.109375,9438.109375,profile/ref/192s.log
192s,ref,gf_mul,14,64,1,604036,9438.0625,9438.0625,profile/ref/192s.log
192s,ref,gf_mul,15,64,1,604038,9438.09375,9438.09375,profile/ref/192s.log
192s,ref,gf_mul,16,64,1,604037,9438.078125,9438.078125,profile/ref/192s.log
192s,ref,gf_mul,17,64,1,604038,9438.09375,9438.09375,profile/ref/192s.log
192s,ref,gf_mul,18,64,1,604039,9438.109375,9438.109375,profile/ref/192s.log
192s,ref,gf_mul,19,64,1,604038,9438.09375,9438.09375,profile/ref/192s.log
192s,ref,gf_mul,20,64,1,604038,9438.09375,9438.09375,profile/ref/192s.log
192s,ref,gf_mul,21,64,1,604038,9438.09375,9438.09375,profile/ref/192s.log
192s,ref,gf_mul,22,64,1,604037,9438.078125,9438.078125,profile/ref/192s.log
192s,ref,gf_mul,23,64,1,604038,9438.09375,9438.09375,profile/ref/192s.log
192s,ref,gf_mul,24,64,1,604037,9438.078125,9438.078125,profile/ref/192s.log
192s,ref,gf_mul,25,64,1,604038,9438.09375,9438.09375,profile/ref/192s.log
192s,ref,gf_mul,26,64,1,604037,9438.078125,9438.078125,profile/ref/192s.log
192s,ref,gf_mul,27,64,1,604038,9438.09375,9438.09375,profile/ref/192s.log
192s,ref,gf_mul,28,64,1,604039,9438.109375,9438.109375,profile/ref/192s.log
192s,ref,gf_mul,29,64,1,604038,9438.09375,9438.09375,profile/ref/192s.log
192s,ref,gf_mul,30,64,1,604038,9438.09375,9438.09375,profile/ref/192s.log
192s,ref,gf_sqr,0,64,1,24670,385.46875,385.46875,profile/ref/192s.log
192s,ref,gf_sqr,1,64,1,23494,367.09375,367.09375,profile/ref/192s.log
192s,ref,gf_sqr,2,64,1,23492,367.0625,367.0625,profile/ref/192s.log
192s,ref,gf_sqr,3,64,1,23491,367.046875,367.046875,profile/ref/192s.log
192s,ref,gf_sqr,4,64,1,23491,367.046875,367.046875,profile/ref/192s.log
192s,ref,gf_sqr,5,64,1,23491,367.046875,367.046875,profile/ref/192s.log
192s,ref,gf_sqr,6,64,1,23490,367.03125,367.03125,profile/ref/192s.log
192s,ref,gf_sqr,7,64,1,23492,367.0625,367.0625,profile/ref/192s.log
192s,ref,gf_sqr,8,64,1,23491,367.046875,367.046875,profile/ref/192s.log
192s,ref,gf_sqr,9,64,1,23491,367.046875,367.046875,profile/ref/192s.log
192s,ref,gf_sqr,10,64,1,23490,367.03125,367.03125,profile/ref/192s.log
192s,ref,gf_sqr,11,64,1,23491,367.046875,367.046875,profile/ref/192s.log
192s,ref,gf_sqr,12,64,1,23491,367.046875,367.046875,profile/ref/192s.log
192s,ref,gf_sqr,13,64,1,23491,367.046875,367.046875,profile/ref/192s.log
192s,ref,gf_sqr,14,64,1,23490,367.03125,367.03125,profile/ref/192s.log
192s,ref,gf_sqr,15,64,1,23492,367.0625,367.0625,profile/ref/192s.log
192s,ref,gf_sqr,16,64,1,23491,367.046875,367.046875,profile/ref/192s.log
192s,ref,gf_sqr,17,64,1,23490,367.03125,367.03125,profile/ref/192s.log
192s,ref,gf_sqr,18,64,1,23491,367.046875,367.046875,profile/ref/192s.log
192s,ref,gf_sqr,19,64,1,23491,367.046875,367.046875,profile/ref/192s.log
192s,ref,gf_sqr,20,64,1,23491,367.046875,367.046875,profile/ref/192s.log
192s,ref,gf_sqr,21,64,1,23490,367.03125,367.03125,profile/ref/192s.log
192s,ref,gf_sqr,22,64,1,23492,367.0625,367.0625,profile/ref/192s.log
192s,ref,gf_sqr,23,64,1,23491,367.046875,367.046875,profile/ref/192s.log
192s,ref,gf_sqr,24,64,1,23491,367.046875,367.046875,profile/ref/192s.log
192s,ref,gf_sqr,25,64,1,23490,367.03125,367.03125,profile/ref/192s.log
192s,ref,gf_sqr,26,64,1,23491,367.046875,367.046875,profile/ref/192s.log
192s,ref,gf_sqr,27,64,1,23491,367.046875,367.046875,profile/ref/192s.log
192s,ref,gf_sqr,28,64,1,23491,367.046875,367.046875,profile/ref/192s.log
192s,ref,gf_sqr,29,64,1,23490,367.03125,367.03125,profile/ref/192s.log
192s,ref,gf_sqr,30,64,1,23492,367.0625,367.0625,profile/ref/192s.log
192s,ref,gf_inv,0,8,1,15012199,1876524.875,1876524.875,profile/ref/192s.log
192s,ref,gf_inv,1,8,1,15011336,1876417.0,1876417.0,profile/ref/192s.log
192s,ref,gf_inv,2,8,1,15011329,1876416.125,1876416.125,profile/ref/192s.log
192s,ref,gf_inv,3,8,1,15011340,1876417.5,1876417.5,profile/ref/192s.log
192s,ref,gf_inv,4,8,1,15011338,1876417.25,1876417.25,profile/ref/192s.log
192s,ref,gf_inv,5,8,1,15011338,1876417.25,1876417.25,profile/ref/192s.log
192s,ref,gf_inv,6,8,1,15011336,1876417.0,1876417.0,profile/ref/192s.log
192s,ref,gf_inv,7,8,1,15011340,1876417.5,1876417.5,profile/ref/192s.log
192s,ref,gf_inv,8,8,1,15011338,1876417.25,1876417.25,profile/ref/192s.log
192s,ref,gf_inv,9,8,1,15011338,1876417.25,1876417.25,profile/ref/192s.log
192s,ref,gf_inv,10,8,1,15011336,1876417.0,1876417.0,profile/ref/192s.log
192s,ref,gf_inv,11,8,1,15011340,1876417.5,1876417.5,profile/ref/192s.log
192s,ref,gf_inv,12,8,1,15011338,1876417.25,1876417.25,profile/ref/192s.log
192s,ref,gf_inv,13,8,1,15011338,1876417.25,1876417.25,profile/ref/192s.log
192s,ref,gf_inv,14,8,1,15011336,1876417.0,1876417.0,profile/ref/192s.log
192s,ref,gf_inv,15,8,1,15011340,1876417.5,1876417.5,profile/ref/192s.log
192s,ref,gf_inv,16,8,1,15011338,1876417.25,1876417.25,profile/ref/192s.log
192s,ref,gf_inv,17,8,1,15011338,1876417.25,1876417.25,profile/ref/192s.log
192s,ref,gf_inv,18,8,1,15011336,1876417.0,1876417.0,profile/ref/192s.log
192s,ref,gf_inv,19,8,1,15011340,1876417.5,1876417.5,profile/ref/192s.log
192s,ref,gf_inv,20,8,1,15011338,1876417.25,1876417.25,profile/ref/192s.log
192s,ref,gf_inv,21,8,1,15011338,1876417.25,1876417.25,profile/ref/192s.log
192s,ref,gf_inv,22,8,1,15011336,1876417.0,1876417.0,profile/ref/192s.log
192s,ref,gf_inv,23,8,1,15011340,1876417.5,1876417.5,profile/ref/192s.log
192s,ref,gf_inv,24,8,1,15011338,1876417.25,1876417.25,profile/ref/192s.log
192s,ref,gf_inv,25,8,1,15011338,1876417.25,1876417.25,profile/ref/192s.log
192s,ref,gf_inv,26,8,1,15011336,1876417.0,1876417.0,profile/ref/192s.log
192s,ref,gf_inv,27,8,1,15011340,1876417.5,1876417.5,profile/ref/192s.log
192s,ref,gf_inv,28,8,1,15011338,1876417.25,1876417.25,profile/ref/192s.log
192s,ref,gf_inv,29,8,1,15011338,1876417.25,1876417.25,profile/ref/192s.log
192s,ref,gf_inv,30,8,1,15011336,1876417.0,1876417.0,profile/ref/192s.log
192s,ref,gf_mat_vec_mul,0,64,1,447435,6991.171875,6991.171875,profile/ref/192s.log
192s,ref,gf_mat_vec_mul,1,64,1,446920,6983.125,6983.125,profile/ref/192s.log
192s,ref,gf_mat_vec_mul,2,64,1,446920,6983.125,6983.125,profile/ref/192s.log
192s,ref,gf_mat_vec_mul,3,64,1,446920,6983.125,6983.125,profile/ref/192s.log
192s,ref,gf_mat_vec_mul,4,64,1,446920,6983.125,6983.125,profile/ref/192s.log
192s,ref,gf_mat_vec_mul,5,64,1,446920,6983.125,6983.125,profile/ref/192s.log
192s,ref,gf_mat_vec_mul,6,64,1,446920,6983.125,6983.125,profile/ref/192s.log
192s,ref,gf_mat_vec_mul,7,64,1,446920,6983.125,6983.125,profile/ref/192s.log
192s,ref,gf_mat_vec_mul,8,64,1,446920,6983.125,6983.125,profile/ref/192s.log
192s,ref,gf_mat_vec_mul,9,64,1,446920,6983.125,6983.125,profile/ref/192s.log
192s,ref,gf_mat_vec_mul,10,64,1,446920,6983.125,6983.125,profile/ref/192s.log
192s,ref,gf_mat_vec_mul,11,64,1,446920,6983.125,6983.125,profile/ref/192s.log
192s,ref,gf_mat_vec_mul,12,64,1,446920,6983.125,6983.125,profile/ref/192s.log
192s,ref,gf_mat_vec_mul,13,64,1,446920,6983.125,6983.125,profile/ref/192s.log
192s,ref,gf_mat_vec_mul,14,64,1,446920,6983.125,6983.125,profile/ref/192s.log
192s,ref,gf_mat_vec_mul,15,64,1,446920,6983.125,6983.125,profile/ref/192s.log
192s,ref,gf_mat_vec_mul,16,64,1,446920,6983.125,6983.125,profile/ref/192s.log
192s,ref,gf_mat_vec_mul,17,64,1,446920,6983.125,6983.125,profile/ref/192s.log
192s,ref,gf_mat_vec_mul,18,64,1,446920,6983.125,6983.125,profile/ref/192s.log
192s,ref,gf_mat_vec_mul,19,64,1,446920,6983.125,6983.125,profile/ref/192s.log
192s,ref,gf_mat_vec_mul,20,64,1,446920,6983.125,6983.125,profile/ref/192s.log
192s,ref,gf_mat_vec_mul,21,64,1,446920,6983.125,6983.125,profile/ref/192s.log
192s,ref,gf_mat_vec_mul,22,64,1,446920,6983.125,6983.125,profile/ref/192s.log
192s,ref,gf_mat_vec_mul,23,64,1,446920,6983.125,6983.125,profile/ref/192s.log
192s,ref,gf_mat_vec_mul,24,64,1,446920,6983.125,6983.125,profile/ref/192s.log
192s,ref,gf_mat_vec_mul,25,64,1,446920,6983.125,6983.125,profile/ref/192s.log
192s,ref,gf_mat_vec_mul,26,64,1,446920,6983.125,6983.125,profile/ref/192s.log
192s,ref,gf_mat_vec_mul,27,64,1,446920,6983.125,6983.125,profile/ref/192s.log
192s,ref,gf_mat_vec_mul,28,64,1,446920,6983.125,6983.125,profile/ref/192s.log
192s,ref,gf_mat_vec_mul,29,64,1,446920,6983.125,6983.125,profile/ref/192s.log
192s,ref,gf_mat_vec_mul,30,64,1,446920,6983.125,6983.125,profile/ref/192s.log
192s,ref,gf_mat_vec_mul_add,0,64,1,448819,7012.796875,7012.796875,profile/ref/192s.log
192s,ref,gf_mat_vec_mul_add,1,64,1,448806,7012.59375,7012.59375,profile/ref/192s.log
192s,ref,gf_mat_vec_mul_add,2,64,1,448790,7012.34375,7012.34375,profile/ref/192s.log
192s,ref,gf_mat_vec_mul_add,3,64,1,448790,7012.34375,7012.34375,profile/ref/192s.log
192s,ref,gf_mat_vec_mul_add,4,64,1,448790,7012.34375,7012.34375,profile/ref/192s.log
192s,ref,gf_mat_vec_mul_add,5,64,1,448806,7012.59375,7012.59375,profile/ref/192s.log
192s,ref,gf_mat_vec_mul_add,6,64,1,448806,7012.59375,7012.59375,profile/ref/192s.log
192s,ref,gf_mat_vec_mul_add,7,64,1,448790,7012.34375,7012.34375,profile/ref/192s.log
192s,ref,gf_mat_vec_mul_add,8,64,1,448790,7012.34375,7012.34375,profile/ref/192s.log
192s,ref,gf_mat_vec_mul_add,9,64,1,448790,7012.34375,7012.34375,profile/ref/192s.log
192s,ref,gf_mat_vec_mul_add,10,64,1,448806,7012.59375,7012.59375,profile/ref/192s.log
192s,ref,gf_mat_vec_mul_add,11,64,1,448790,7012.34375,7012.34375,profile/ref/192s.log
192s,ref,gf_mat_vec_mul_add,12,64,1,448790,7012.34375,7012.34375,profile/ref/192s.log
192s,ref,gf_mat_vec_mul_add,13,64,1,448790,7012.34375,7012.34375,profile/ref/192s.log
192s,ref,gf_mat_vec_mul_add,14,64,1,448806,7012.59375,7012.59375,profile/ref/192s.log
192s,ref,gf_mat_vec_mul_add,15,64,1,448806,7012.59375,7012.59375,profile/ref/192s.log
192s,ref,gf_mat_vec_mul_add,16,64,1,448790,7012.34375,7012.34375,profile/ref/192s.log
192s,ref,gf_mat_vec_mul_add,17,64,1,448790,7012.34375,7012.34375,profile/ref/192s.log
192s,ref,gf_mat_vec_mul_add,18,64,1,448790,7012.34375,7012.34375,profile/ref/192s.log
192s,ref,gf_mat_vec_mul_add,19,64,1,448806,7012.59375,7012.59375,profile/ref/192s.log
192s,ref,gf_mat_vec_mul_add,20,64,1,448790,7012.34375,7012.34375,profile/ref/192s.log
192s,ref,gf_mat_vec_mul_add,21,64,1,448790,7012.34375,7012.34375,profile/ref/192s.log
192s,ref,gf_mat_vec_mul_add,22,64,1,448790,7012.34375,7012.34375,profile/ref/192s.log
192s,ref,gf_mat_vec_mul_add,23,64,1,448806,7012.59375,7012.59375,profile/ref/192s.log
192s,ref,gf_mat_vec_mul_add,24,64,1,448806,7012.59375,7012.59375,profile/ref/192s.log
192s,ref,gf_mat_vec_mul_add,25,64,1,448790,7012.34375,7012.34375,profile/ref/192s.log
192s,ref,gf_mat_vec_mul_add,26,64,1,448790,7012.34375,7012.34375,profile/ref/192s.log
192s,ref,gf_mat_vec_mul_add,27,64,1,448790,7012.34375,7012.34375,profile/ref/192s.log
192s,ref,gf_mat_vec_mul_add,28,64,1,448806,7012.59375,7012.59375,profile/ref/192s.log
192s,ref,gf_mat_vec_mul_add,29,64,1,448790,7012.34375,7012.34375,profile/ref/192s.log
192s,ref,gf_mat_vec_mul_add,30,64,1,448790,7012.34375,7012.34375,profile/ref/192s.log
192s,ref,gf_sqr_batch4,0,64,4,99195,1549.921875,387.48046875,profile/ref/192s.log
192s,ref,gf_sqr_batch4,1,64,4,99085,1548.203125,387.05078125,profile/ref/192s.log
192s,ref,gf_sqr_batch4,2,64,4,98949,1546.078125,386.51953125,profile/ref/192s.log
192s,ref,gf_sqr_batch4,3,64,4,98949,1546.078125,386.51953125,profile/ref/192s.log
192s,ref,gf_sqr_batch4,4,64,4,98949,1546.078125,386.51953125,profile/ref/192s.log
192s,ref,gf_sqr_batch4,5,64,4,98949,1546.078125,386.51953125,profile/ref/192s.log
192s,ref,gf_sqr_batch4,6,64,4,98949,1546.078125,386.51953125,profile/ref/192s.log
192s,ref,gf_sqr_batch4,7,64,4,98949,1546.078125,386.51953125,profile/ref/192s.log
192s,ref,gf_sqr_batch4,8,64,4,98949,1546.078125,386.51953125,profile/ref/192s.log
192s,ref,gf_sqr_batch4,9,64,4,98949,1546.078125,386.51953125,profile/ref/192s.log
192s,ref,gf_sqr_batch4,10,64,4,98949,1546.078125,386.51953125,profile/ref/192s.log
192s,ref,gf_sqr_batch4,11,64,4,98949,1546.078125,386.51953125,profile/ref/192s.log
192s,ref,gf_sqr_batch4,12,64,4,98949,1546.078125,386.51953125,profile/ref/192s.log
192s,ref,gf_sqr_batch4,13,64,4,98949,1546.078125,386.51953125,profile/ref/192s.log
192s,ref,gf_sqr_batch4,14,64,4,98949,1546.078125,386.51953125,profile/ref/192s.log
192s,ref,gf_sqr_batch4,15,64,4,98949,1546.078125,386.51953125,profile/ref/192s.log
192s,ref,gf_sqr_batch4,16,64,4,98949,1546.078125,386.51953125,profile/ref/192s.log
192s,ref,gf_sqr_batch4,17,64,4,98949,1546.078125,386.51953125,profile/ref/192s.log
192s,ref,gf_sqr_batch4,18,64,4,98949,1546.078125,386.51953125,profile/ref/192s.log
192s,ref,gf_sqr_batch4,19,64,4,98949,1546.078125,386.51953125,profile/ref/192s.log
192s,ref,gf_sqr_batch4,20,64,4,98949,1546.078125,386.51953125,profile/ref/192s.log
192s,ref,gf_sqr_batch4,21,64,4,98949,1546.078125,386.51953125,profile/ref/192s.log
192s,ref,gf_sqr_batch4,22,64,4,98949,1546.078125,386.51953125,profile/ref/192s.log
192s,ref,gf_sqr_batch4,23,64,4,98949,1546.078125,386.51953125,profile/ref/192s.log
192s,ref,gf_sqr_batch4,24,64,4,98949,1546.078125,386.51953125,profile/ref/192s.log
192s,ref,gf_sqr_batch4,25,64,4,98949,1546.078125,386.51953125,profile/ref/192s.log
192s,ref,gf_sqr_batch4,26,64,4,98949,1546.078125,386.51953125,profile/ref/192s.log
192s,ref,gf_sqr_batch4,27,64,4,98949,1546.078125,386.51953125,profile/ref/192s.log
192s,ref,gf_sqr_batch4,28,64,4,98949,1546.078125,386.51953125,profile/ref/192s.log
192s,ref,gf_sqr_batch4,29,64,4,98949,1546.078125,386.51953125,profile/ref/192s.log
192s,ref,gf_sqr_batch4,30,64,4,98949,1546.078125,386.51953125,profile/ref/192s.log
192s,ref,gf_frobenius_batch4_e11,0,8,4,130462,16307.75,4076.9375,profile/ref/192s.log
192s,ref,gf_frobenius_batch4_e11,1,8,4,129974,16246.75,4061.6875,profile/ref/192s.log
192s,ref,gf_frobenius_batch4_e11,2,8,4,129942,16242.75,4060.6875,profile/ref/192s.log
192s,ref,gf_frobenius_batch4_e11,3,8,4,129942,16242.75,4060.6875,profile/ref/192s.log
192s,ref,gf_frobenius_batch4_e11,4,8,4,129942,16242.75,4060.6875,profile/ref/192s.log
192s,ref,gf_frobenius_batch4_e11,5,8,4,129942,16242.75,4060.6875,profile/ref/192s.log
192s,ref,gf_frobenius_batch4_e11,6,8,4,129942,16242.75,4060.6875,profile/ref/192s.log
192s,ref,gf_frobenius_batch4_e11,7,8,4,129942,16242.75,4060.6875,profile/ref/192s.log
192s,ref,gf_frobenius_batch4_e11,8,8,4,129942,16242.75,4060.6875,profile/ref/192s.log
192s,ref,gf_frobenius_batch4_e11,9,8,4,129942,16242.75,4060.6875,profile/ref/192s.log
192s,ref,gf_frobenius_batch4_e11,10,8,4,129942,16242.75,4060.6875,profile/ref/192s.log
192s,ref,gf_frobenius_batch4_e11,11,8,4,129942,16242.75,4060.6875,profile/ref/192s.log
192s,ref,gf_frobenius_batch4_e11,12,8,4,129942,16242.75,4060.6875,profile/ref/192s.log
192s,ref,gf_frobenius_batch4_e11,13,8,4,129942,16242.75,4060.6875,profile/ref/192s.log
192s,ref,gf_frobenius_batch4_e11,14,8,4,129942,16242.75,4060.6875,profile/ref/192s.log
192s,ref,gf_frobenius_batch4_e11,15,8,4,129942,16242.75,4060.6875,profile/ref/192s.log
192s,ref,gf_frobenius_batch4_e11,16,8,4,129942,16242.75,4060.6875,profile/ref/192s.log
192s,ref,gf_frobenius_batch4_e11,17,8,4,129942,16242.75,4060.6875,profile/ref/192s.log
192s,ref,gf_frobenius_batch4_e11,18,8,4,129942,16242.75,4060.6875,profile/ref/192s.log
192s,ref,gf_frobenius_batch4_e11,19,8,4,129942,16242.75,4060.6875,profile/ref/192s.log
192s,ref,gf_frobenius_batch4_e11,20,8,4,129942,16242.75,4060.6875,profile/ref/192s.log
192s,ref,gf_frobenius_batch4_e11,21,8,4,129942,16242.75,4060.6875,profile/ref/192s.log
192s,ref,gf_frobenius_batch4_e11,22,8,4,129942,16242.75,4060.6875,profile/ref/192s.log
192s,ref,gf_frobenius_batch4_e11,23,8,4,129942,16242.75,4060.6875,profile/ref/192s.log
192s,ref,gf_frobenius_batch4_e11,24,8,4,129942,16242.75,4060.6875,profile/ref/192s.log
192s,ref,gf_frobenius_batch4_e11,25,8,4,129942,16242.75,4060.6875,profile/ref/192s.log
192s,ref,gf_frobenius_batch4_e11,26,8,4,129942,16242.75,4060.6875,profile/ref/192s.log
192s,ref,gf_frobenius_batch4_e11,27,8,4,129942,16242.75,4060.6875,profile/ref/192s.log
192s,ref,gf_frobenius_batch4_e11,28,8,4,129942,16242.75,4060.6875,profile/ref/192s.log
192s,ref,gf_frobenius_batch4_e11,29,8,4,129942,16242.75,4060.6875,profile/ref/192s.log
192s,ref,gf_frobenius_batch4_e11,30,8,4,129942,16242.75,4060.6875,profile/ref/192s.log
192s,ref,gf_frobenius_batch4_e23,0,8,4,271142,33892.75,8473.1875,profile/ref/192s.log
192s,ref,gf_frobenius_batch4_e23,1,8,4,270903,33862.875,8465.71875,profile/ref/192s.log
192s,ref,gf_frobenius_batch4_e23,2,8,4,270870,33858.75,8464.6875,profile/ref/192s.log
192s,ref,gf_frobenius_batch4_e23,3,8,4,270870,33858.75,8464.6875,profile/ref/192s.log
192s,ref,gf_frobenius_batch4_e23,4,8,4,270870,33858.75,8464.6875,profile/ref/192s.log
192s,ref,gf_frobenius_batch4_e23,5,8,4,270870,33858.75,8464.6875,profile/ref/192s.log
192s,ref,gf_frobenius_batch4_e23,6,8,4,270870,33858.75,8464.6875,profile/ref/192s.log
192s,ref,gf_frobenius_batch4_e23,7,8,4,270870,33858.75,8464.6875,profile/ref/192s.log
192s,ref,gf_frobenius_batch4_e23,8,8,4,270870,33858.75,8464.6875,profile/ref/192s.log
192s,ref,gf_frobenius_batch4_e23,9,8,4,270870,33858.75,8464.6875,profile/ref/192s.log
192s,ref,gf_frobenius_batch4_e23,10,8,4,270870,33858.75,8464.6875,profile/ref/192s.log
192s,ref,gf_frobenius_batch4_e23,11,8,4,270870,33858.75,8464.6875,profile/ref/192s.log
192s,ref,gf_frobenius_batch4_e23,12,8,4,270870,33858.75,8464.6875,profile/ref/192s.log
192s,ref,gf_frobenius_batch4_e23,13,8,4,270870,33858.75,8464.6875,profile/ref/192s.log
192s,ref,gf_frobenius_batch4_e23,14,8,4,270870,33858.75,8464.6875,profile/ref/192s.log
192s,ref,gf_frobenius_batch4_e23,15,8,4,270870,33858.75,8464.6875,profile/ref/192s.log
192s,ref,gf_frobenius_batch4_e23,16,8,4,270870,33858.75,8464.6875,profile/ref/192s.log
192s,ref,gf_frobenius_batch4_e23,17,8,4,270870,33858.75,8464.6875,profile/ref/192s.log
192s,ref,gf_frobenius_batch4_e23,18,8,4,270870,33858.75,8464.6875,profile/ref/192s.log
192s,ref,gf_frobenius_batch4_e23,19,8,4,270870,33858.75,8464.6875,profile/ref/192s.log
192s,ref,gf_frobenius_batch4_e23,20,8,4,270870,33858.75,8464.6875,profile/ref/192s.log
192s,ref,gf_frobenius_batch4_e23,21,8,4,270870,33858.75,8464.6875,profile/ref/192s.log
192s,ref,gf_frobenius_batch4_e23,22,8,4,270870,33858.75,8464.6875,profile/ref/192s.log
192s,ref,gf_frobenius_batch4_e23,23,8,4,270870,33858.75,8464.6875,profile/ref/192s.log
192s,ref,gf_frobenius_batch4_e23,24,8,4,270870,33858.75,8464.6875,profile/ref/192s.log
192s,ref,gf_frobenius_batch4_e23,25,8,4,270870,33858.75,8464.6875,profile/ref/192s.log
192s,ref,gf_frobenius_batch4_e23,26,8,4,270870,33858.75,8464.6875,profile/ref/192s.log
192s,ref,gf_frobenius_batch4_e23,27,8,4,270870,33858.75,8464.6875,profile/ref/192s.log
192s,ref,gf_frobenius_batch4_e23,28,8,4,270870,33858.75,8464.6875,profile/ref/192s.log
192s,ref,gf_frobenius_batch4_e23,29,8,4,270870,33858.75,8464.6875,profile/ref/192s.log
192s,ref,gf_frobenius_batch4_e23,30,8,4,270870,33858.75,8464.6875,profile/ref/192s.log
192s,ref,gf_frobenius_batch4_e47,0,8,4,552962,69120.25,17280.0625,profile/ref/192s.log
192s,ref,gf_frobenius_batch4_e47,1,8,4,552826,69103.25,17275.8125,profile/ref/192s.log
192s,ref,gf_frobenius_batch4_e47,2,8,4,552726,69090.75,17272.6875,profile/ref/192s.log
192s,ref,gf_frobenius_batch4_e47,3,8,4,552726,69090.75,17272.6875,profile/ref/192s.log
192s,ref,gf_frobenius_batch4_e47,4,8,4,552726,69090.75,17272.6875,profile/ref/192s.log
192s,ref,gf_frobenius_batch4_e47,5,8,4,552726,69090.75,17272.6875,profile/ref/192s.log
192s,ref,gf_frobenius_batch4_e47,6,8,4,552726,69090.75,17272.6875,profile/ref/192s.log
192s,ref,gf_frobenius_batch4_e47,7,8,4,552726,69090.75,17272.6875,profile/ref/192s.log
192s,ref,gf_frobenius_batch4_e47,8,8,4,552726,69090.75,17272.6875,profile/ref/192s.log
192s,ref,gf_frobenius_batch4_e47,9,8,4,552726,69090.75,17272.6875,profile/ref/192s.log
192s,ref,gf_frobenius_batch4_e47,10,8,4,552726,69090.75,17272.6875,profile/ref/192s.log
192s,ref,gf_frobenius_batch4_e47,11,8,4,552726,69090.75,17272.6875,profile/ref/192s.log
192s,ref,gf_frobenius_batch4_e47,12,8,4,552726,69090.75,17272.6875,profile/ref/192s.log
192s,ref,gf_frobenius_batch4_e47,13,8,4,552726,69090.75,17272.6875,profile/ref/192s.log
192s,ref,gf_frobenius_batch4_e47,14,8,4,552726,69090.75,17272.6875,profile/ref/192s.log
192s,ref,gf_frobenius_batch4_e47,15,8,4,552726,69090.75,17272.6875,profile/ref/192s.log
192s,ref,gf_frobenius_batch4_e47,16,8,4,552726,69090.75,17272.6875,profile/ref/192s.log
192s,ref,gf_frobenius_batch4_e47,17,8,4,552726,69090.75,17272.6875,profile/ref/192s.log
192s,ref,gf_frobenius_batch4_e47,18,8,4,552726,69090.75,17272.6875,profile/ref/192s.log
192s,ref,gf_frobenius_batch4_e47,19,8,4,552726,69090.75,17272.6875,profile/ref/192s.log
192s,ref,gf_frobenius_batch4_e47,20,8,4,552726,69090.75,17272.6875,profile/ref/192s.log
192s,ref,gf_frobenius_batch4_e47,21,8,4,552727,69090.875,17272.71875,profile/ref/192s.log
192s,ref,gf_frobenius_batch4_e47,22,8,4,552726,69090.75,17272.6875,profile/ref/192s.log
192s,ref,gf_frobenius_batch4_e47,23,8,4,552726,69090.75,17272.6875,profile/ref/192s.log
192s,ref,gf_frobenius_batch4_e47,24,8,4,552726,69090.75,17272.6875,profile/ref/192s.log
192s,ref,gf_frobenius_batch4_e47,25,8,4,552726,69090.75,17272.6875,profile/ref/192s.log
192s,ref,gf_frobenius_batch4_e47,26,8,4,552726,69090.75,17272.6875,profile/ref/192s.log
192s,ref,gf_frobenius_batch4_e47,27,8,4,552726,69090.75,17272.6875,profile/ref/192s.log
192s,ref,gf_frobenius_batch4_e47,28,8,4,552726,69090.75,17272.6875,profile/ref/192s.log
192s,ref,gf_frobenius_batch4_e47,29,8,4,552726,69090.75,17272.6875,profile/ref/192s.log
192s,ref,gf_frobenius_batch4_e47,30,8,4,552726,69090.75,17272.6875,profile/ref/192s.log
192s,ref,gf_mul_const_batch4,0,64,4,2427679,37932.484375,9483.12109375,profile/ref/192s.log
192s,ref,gf_mul_const_batch4,1,64,4,2426474,37913.65625,9478.4140625,profile/ref/192s.log
192s,ref,gf_mul_const_batch4,2,64,4,2426478,37913.71875,9478.4296875,profile/ref/192s.log
192s,ref,gf_mul_const_batch4,3,64,4,2426467,37913.546875,9478.38671875,profile/ref/192s.log
192s,ref,gf_mul_const_batch4,4,64,4,2426475,37913.671875,9478.41796875,profile/ref/192s.log
192s,ref,gf_mul_const_batch4,5,64,4,2426473,37913.640625,9478.41015625,profile/ref/192s.log
192s,ref,gf_mul_const_batch4,6,64,4,2426469,37913.578125,9478.39453125,profile/ref/192s.log
192s,ref,gf_mul_const_batch4,7,64,4,2426477,37913.703125,9478.42578125,profile/ref/192s.log
192s,ref,gf_mul_const_batch4,8,64,4,2426467,37913.546875,9478.38671875,profile/ref/192s.log
192s,ref,gf_mul_const_batch4,9,64,4,2426475,37913.671875,9478.41796875,profile/ref/192s.log
192s,ref,gf_mul_const_batch4,10,64,4,2426473,37913.640625,9478.41015625,profile/ref/192s.log
192s,ref,gf_mul_const_batch4,11,64,4,2426468,37913.5625,9478.390625,profile/ref/192s.log
192s,ref,gf_mul_const_batch4,12,64,4,2426478,37913.71875,9478.4296875,profile/ref/192s.log
192s,ref,gf_mul_const_batch4,13,64,4,2426467,37913.546875,9478.38671875,profile/ref/192s.log
192s,ref,gf_mul_const_batch4,14,64,4,2426475,37913.671875,9478.41796875,profile/ref/192s.log
192s,ref,gf_mul_const_batch4,15,64,4,2426473,37913.640625,9478.41015625,profile/ref/192s.log
192s,ref,gf_mul_const_batch4,16,64,4,2426468,37913.5625,9478.390625,profile/ref/192s.log
192s,ref,gf_mul_const_batch4,17,64,4,2426478,37913.71875,9478.4296875,profile/ref/192s.log
192s,ref,gf_mul_const_batch4,18,64,4,2426467,37913.546875,9478.38671875,profile/ref/192s.log
192s,ref,gf_mul_const_batch4,19,64,4,2426475,37913.671875,9478.41796875,profile/ref/192s.log
192s,ref,gf_mul_const_batch4,20,64,4,2426473,37913.640625,9478.41015625,profile/ref/192s.log
192s,ref,gf_mul_const_batch4,21,64,4,2426468,37913.5625,9478.390625,profile/ref/192s.log
192s,ref,gf_mul_const_batch4,22,64,4,2426478,37913.71875,9478.4296875,profile/ref/192s.log
192s,ref,gf_mul_const_batch4,23,64,4,2426467,37913.546875,9478.38671875,profile/ref/192s.log
192s,ref,gf_mul_const_batch4,24,64,4,2426475,37913.671875,9478.41796875,profile/ref/192s.log
192s,ref,gf_mul_const_batch4,25,64,4,2426473,37913.640625,9478.41015625,profile/ref/192s.log
192s,ref,gf_mul_const_batch4,26,64,4,2426468,37913.5625,9478.390625,profile/ref/192s.log
192s,ref,gf_mul_const_batch4,27,64,4,2426478,37913.71875,9478.4296875,profile/ref/192s.log
192s,ref,gf_mul_const_batch4,28,64,4,2426467,37913.546875,9478.38671875,profile/ref/192s.log
192s,ref,gf_mul_const_batch4,29,64,4,2426475,37913.671875,9478.41796875,profile/ref/192s.log
192s,ref,gf_mul_const_batch4,30,64,4,2426473,37913.640625,9478.41015625,profile/ref/192s.log
192s,ref,aim3_mpc_batch4,0,8,4,1863775,232971.875,58242.96875,profile/ref/192s.log
192s,ref,aim3_mpc_batch4,1,8,4,1862302,232787.75,58196.9375,profile/ref/192s.log
192s,ref,aim3_mpc_batch4,2,8,4,1862304,232788.0,58197.0,profile/ref/192s.log
192s,ref,aim3_mpc_batch4,3,8,4,1862302,232787.75,58196.9375,profile/ref/192s.log
192s,ref,aim3_mpc_batch4,4,8,4,1862303,232787.875,58196.96875,profile/ref/192s.log
192s,ref,aim3_mpc_batch4,5,8,4,1862302,232787.75,58196.9375,profile/ref/192s.log
192s,ref,aim3_mpc_batch4,6,8,4,1862302,232787.75,58196.9375,profile/ref/192s.log
192s,ref,aim3_mpc_batch4,7,8,4,1862302,232787.75,58196.9375,profile/ref/192s.log
192s,ref,aim3_mpc_batch4,8,8,4,1862302,232787.75,58196.9375,profile/ref/192s.log
192s,ref,aim3_mpc_batch4,9,8,4,1862302,232787.75,58196.9375,profile/ref/192s.log
192s,ref,aim3_mpc_batch4,10,8,4,1862303,232787.875,58196.96875,profile/ref/192s.log
192s,ref,aim3_mpc_batch4,11,8,4,1862302,232787.75,58196.9375,profile/ref/192s.log
192s,ref,aim3_mpc_batch4,12,8,4,1862303,232787.875,58196.96875,profile/ref/192s.log
192s,ref,aim3_mpc_batch4,13,8,4,1862302,232787.75,58196.9375,profile/ref/192s.log
192s,ref,aim3_mpc_batch4,14,8,4,1862302,232787.75,58196.9375,profile/ref/192s.log
192s,ref,aim3_mpc_batch4,15,8,4,1862302,232787.75,58196.9375,profile/ref/192s.log
192s,ref,aim3_mpc_batch4,16,8,4,1862302,232787.75,58196.9375,profile/ref/192s.log
192s,ref,aim3_mpc_batch4,17,8,4,1862302,232787.75,58196.9375,profile/ref/192s.log
192s,ref,aim3_mpc_batch4,18,8,4,1862303,232787.875,58196.96875,profile/ref/192s.log
192s,ref,aim3_mpc_batch4,19,8,4,1862302,232787.75,58196.9375,profile/ref/192s.log
192s,ref,aim3_mpc_batch4,20,8,4,1862303,232787.875,58196.96875,profile/ref/192s.log
192s,ref,aim3_mpc_batch4,21,8,4,1862302,232787.75,58196.9375,profile/ref/192s.log
192s,ref,aim3_mpc_batch4,22,8,4,1862302,232787.75,58196.9375,profile/ref/192s.log
192s,ref,aim3_mpc_batch4,23,8,4,1862302,232787.75,58196.9375,profile/ref/192s.log
192s,ref,aim3_mpc_batch4,24,8,4,1862302,232787.75,58196.9375,profile/ref/192s.log
192s,ref,aim3_mpc_batch4,25,8,4,1862302,232787.75,58196.9375,profile/ref/192s.log
192s,ref,aim3_mpc_batch4,26,8,4,1862303,232787.875,58196.96875,profile/ref/192s.log
192s,ref,aim3_mpc_batch4,27,8,4,1862302,232787.75,58196.9375,profile/ref/192s.log
192s,ref,aim3_mpc_batch4,28,8,4,1862303,232787.875,58196.96875,profile/ref/192s.log
192s,ref,aim3_mpc_batch4,29,8,4,1862302,232787.75,58196.9375,profile/ref/192s.log
192s,ref,aim3_mpc_batch4,30,8,4,1862302,232787.75,58196.9375,profile/ref/192s.log
192s,ref,aim3_mpc_batch4_affine,0,8,4,905209,113151.125,28287.78125,profile/ref/192s.log
192s,ref,aim3_mpc_batch4_affine,1,8,4,904261,113032.625,28258.15625,profile/ref/192s.log
192s,ref,aim3_mpc_batch4_affine,2,8,4,904263,113032.875,28258.21875,profile/ref/192s.log
192s,ref,aim3_mpc_batch4_affine,3,8,4,904261,113032.625,28258.15625,profile/ref/192s.log
192s,ref,aim3_mpc_batch4_affine,4,8,4,904262,113032.75,28258.1875,profile/ref/192s.log
192s,ref,aim3_mpc_batch4_affine,5,8,4,904261,113032.625,28258.15625,profile/ref/192s.log
192s,ref,aim3_mpc_batch4_affine,6,8,4,904261,113032.625,28258.15625,profile/ref/192s.log
192s,ref,aim3_mpc_batch4_affine,7,8,4,904261,113032.625,28258.15625,profile/ref/192s.log
192s,ref,aim3_mpc_batch4_affine,8,8,4,904260,113032.5,28258.125,profile/ref/192s.log
192s,ref,aim3_mpc_batch4_affine,9,8,4,904261,113032.625,28258.15625,profile/ref/192s.log
192s,ref,aim3_mpc_batch4_affine,10,8,4,904262,113032.75,28258.1875,profile/ref/192s.log
192s,ref,aim3_mpc_batch4_affine,11,8,4,904261,113032.625,28258.15625,profile/ref/192s.log
192s,ref,aim3_mpc_batch4_affine,12,8,4,904262,113032.75,28258.1875,profile/ref/192s.log
192s,ref,aim3_mpc_batch4_affine,13,8,4,904261,113032.625,28258.15625,profile/ref/192s.log
192s,ref,aim3_mpc_batch4_affine,14,8,4,904261,113032.625,28258.15625,profile/ref/192s.log
192s,ref,aim3_mpc_batch4_affine,15,8,4,904261,113032.625,28258.15625,profile/ref/192s.log
192s,ref,aim3_mpc_batch4_affine,16,8,4,904261,113032.625,28258.15625,profile/ref/192s.log
192s,ref,aim3_mpc_batch4_affine,17,8,4,904261,113032.625,28258.15625,profile/ref/192s.log
192s,ref,aim3_mpc_batch4_affine,18,8,4,904262,113032.75,28258.1875,profile/ref/192s.log
192s,ref,aim3_mpc_batch4_affine,19,8,4,904261,113032.625,28258.15625,profile/ref/192s.log
192s,ref,aim3_mpc_batch4_affine,20,8,4,904262,113032.75,28258.1875,profile/ref/192s.log
192s,ref,aim3_mpc_batch4_affine,21,8,4,904261,113032.625,28258.15625,profile/ref/192s.log
192s,ref,aim3_mpc_batch4_affine,22,8,4,904261,113032.625,28258.15625,profile/ref/192s.log
192s,ref,aim3_mpc_batch4_affine,23,8,4,904261,113032.625,28258.15625,profile/ref/192s.log
192s,ref,aim3_mpc_batch4_affine,24,8,4,904261,113032.625,28258.15625,profile/ref/192s.log
192s,ref,aim3_mpc_batch4_affine,25,8,4,904261,113032.625,28258.15625,profile/ref/192s.log
192s,ref,aim3_mpc_batch4_affine,26,8,4,904262,113032.75,28258.1875,profile/ref/192s.log
192s,ref,aim3_mpc_batch4_affine,27,8,4,904261,113032.625,28258.15625,profile/ref/192s.log
192s,ref,aim3_mpc_batch4_affine,28,8,4,904262,113032.75,28258.1875,profile/ref/192s.log
192s,ref,aim3_mpc_batch4_affine,29,8,4,904261,113032.625,28258.15625,profile/ref/192s.log
192s,ref,aim3_mpc_batch4_affine,30,8,4,904261,113032.625,28258.15625,profile/ref/192s.log
192s,ref,aim3_mpc_batch4_frobenius,0,8,4,957772,119721.5,29930.375,profile/ref/192s.log
192s,ref,aim3_mpc_batch4_frobenius,1,8,4,957464,119683.0,29920.75,profile/ref/192s.log
192s,ref,aim3_mpc_batch4_frobenius,2,8,4,957464,119683.0,29920.75,profile/ref/192s.log
192s,ref,aim3_mpc_batch4_frobenius,3,8,4,957464,119683.0,29920.75,profile/ref/192s.log
192s,ref,aim3_mpc_batch4_frobenius,4,8,4,957464,119683.0,29920.75,profile/ref/192s.log
192s,ref,aim3_mpc_batch4_frobenius,5,8,4,957464,119683.0,29920.75,profile/ref/192s.log
192s,ref,aim3_mpc_batch4_frobenius,6,8,4,957464,119683.0,29920.75,profile/ref/192s.log
192s,ref,aim3_mpc_batch4_frobenius,7,8,4,957464,119683.0,29920.75,profile/ref/192s.log
192s,ref,aim3_mpc_batch4_frobenius,8,8,4,957465,119683.125,29920.78125,profile/ref/192s.log
192s,ref,aim3_mpc_batch4_frobenius,9,8,4,957464,119683.0,29920.75,profile/ref/192s.log
192s,ref,aim3_mpc_batch4_frobenius,10,8,4,957464,119683.0,29920.75,profile/ref/192s.log
192s,ref,aim3_mpc_batch4_frobenius,11,8,4,957464,119683.0,29920.75,profile/ref/192s.log
192s,ref,aim3_mpc_batch4_frobenius,12,8,4,957464,119683.0,29920.75,profile/ref/192s.log
192s,ref,aim3_mpc_batch4_frobenius,13,8,4,957464,119683.0,29920.75,profile/ref/192s.log
192s,ref,aim3_mpc_batch4_frobenius,14,8,4,957464,119683.0,29920.75,profile/ref/192s.log
192s,ref,aim3_mpc_batch4_frobenius,15,8,4,957464,119683.0,29920.75,profile/ref/192s.log
192s,ref,aim3_mpc_batch4_frobenius,16,8,4,957464,119683.0,29920.75,profile/ref/192s.log
192s,ref,aim3_mpc_batch4_frobenius,17,8,4,957464,119683.0,29920.75,profile/ref/192s.log
192s,ref,aim3_mpc_batch4_frobenius,18,8,4,957464,119683.0,29920.75,profile/ref/192s.log
192s,ref,aim3_mpc_batch4_frobenius,19,8,4,957464,119683.0,29920.75,profile/ref/192s.log
192s,ref,aim3_mpc_batch4_frobenius,20,8,4,957464,119683.0,29920.75,profile/ref/192s.log
192s,ref,aim3_mpc_batch4_frobenius,21,8,4,957464,119683.0,29920.75,profile/ref/192s.log
192s,ref,aim3_mpc_batch4_frobenius,22,8,4,957464,119683.0,29920.75,profile/ref/192s.log
192s,ref,aim3_mpc_batch4_frobenius,23,8,4,957464,119683.0,29920.75,profile/ref/192s.log
192s,ref,aim3_mpc_batch4_frobenius,24,8,4,957464,119683.0,29920.75,profile/ref/192s.log
192s,ref,aim3_mpc_batch4_frobenius,25,8,4,957464,119683.0,29920.75,profile/ref/192s.log
192s,ref,aim3_mpc_batch4_frobenius,26,8,4,957464,119683.0,29920.75,profile/ref/192s.log
192s,ref,aim3_mpc_batch4_frobenius,27,8,4,957464,119683.0,29920.75,profile/ref/192s.log
192s,ref,aim3_mpc_batch4_frobenius,28,8,4,957464,119683.0,29920.75,profile/ref/192s.log
192s,ref,aim3_mpc_batch4_frobenius,29,8,4,957464,119683.0,29920.75,profile/ref/192s.log
192s,ref,aim3_mpc_batch4_frobenius,30,8,4,957464,119683.0,29920.75,profile/ref/192s.log
192s,ref,aim3_mpc_scalar,0,8,1,464316,58039.5,58039.5,profile/ref/192s.log
192s,ref,aim3_mpc_scalar,1,8,1,463751,57968.875,57968.875,profile/ref/192s.log
192s,ref,aim3_mpc_scalar,2,8,1,463737,57967.125,57967.125,profile/ref/192s.log
192s,ref,aim3_mpc_scalar,3,8,1,463769,57971.125,57971.125,profile/ref/192s.log
192s,ref,aim3_mpc_scalar,4,8,1,463753,57969.125,57969.125,profile/ref/192s.log
192s,ref,aim3_mpc_scalar,5,8,1,463739,57967.375,57967.375,profile/ref/192s.log
192s,ref,aim3_mpc_scalar,6,8,1,463769,57971.125,57971.125,profile/ref/192s.log
192s,ref,aim3_mpc_scalar,7,8,1,463752,57969.0,57969.0,profile/ref/192s.log
192s,ref,aim3_mpc_scalar,8,8,1,463727,57965.875,57965.875,profile/ref/192s.log
192s,ref,aim3_mpc_scalar,9,8,1,463762,57970.25,57970.25,profile/ref/192s.log
192s,ref,aim3_mpc_scalar,10,8,1,463745,57968.125,57968.125,profile/ref/192s.log
192s,ref,aim3_mpc_scalar,11,8,1,463755,57969.375,57969.375,profile/ref/192s.log
192s,ref,aim3_mpc_scalar,12,8,1,463759,57969.875,57969.875,profile/ref/192s.log
192s,ref,aim3_mpc_scalar,13,8,1,463745,57968.125,57968.125,profile/ref/192s.log
192s,ref,aim3_mpc_scalar,14,8,1,463755,57969.375,57969.375,profile/ref/192s.log
192s,ref,aim3_mpc_scalar,15,8,1,463765,57970.625,57970.625,profile/ref/192s.log
192s,ref,aim3_mpc_scalar,16,8,1,463758,57969.75,57969.75,profile/ref/192s.log
192s,ref,aim3_mpc_scalar,17,8,1,463730,57966.25,57966.25,profile/ref/192s.log
192s,ref,aim3_mpc_scalar,18,8,1,463744,57968.0,57968.0,profile/ref/192s.log
192s,ref,aim3_mpc_scalar,19,8,1,463737,57967.125,57967.125,profile/ref/192s.log
192s,ref,aim3_mpc_scalar,20,8,1,463769,57971.125,57971.125,profile/ref/192s.log
192s,ref,aim3_mpc_scalar,21,8,1,463753,57969.125,57969.125,profile/ref/192s.log
192s,ref,aim3_mpc_scalar,22,8,1,463739,57967.375,57967.375,profile/ref/192s.log
192s,ref,aim3_mpc_scalar,23,8,1,463769,57971.125,57971.125,profile/ref/192s.log
192s,ref,aim3_mpc_scalar,24,8,1,463752,57969.0,57969.0,profile/ref/192s.log
192s,ref,aim3_mpc_scalar,25,8,1,463727,57965.875,57965.875,profile/ref/192s.log
192s,ref,aim3_mpc_scalar,26,8,1,463762,57970.25,57970.25,profile/ref/192s.log
192s,ref,aim3_mpc_scalar,27,8,1,463745,57968.125,57968.125,profile/ref/192s.log
192s,ref,aim3_mpc_scalar,28,8,1,463755,57969.375,57969.375,profile/ref/192s.log
192s,ref,aim3_mpc_scalar,29,8,1,463759,57969.875,57969.875,profile/ref/192s.log
192s,ref,aim3_mpc_scalar,30,8,1,463745,57968.125,57968.125,profile/ref/192s.log
256f,ref,gf_mul,0,64,1,914988,14296.6875,14296.6875,profile/ref/256f.log
256f,ref,gf_mul,1,64,1,909303,14207.859375,14207.859375,profile/ref/256f.log
256f,ref,gf_mul,2,64,1,909267,14207.296875,14207.296875,profile/ref/256f.log
256f,ref,gf_mul,3,64,1,909318,14208.09375,14208.09375,profile/ref/256f.log
256f,ref,gf_mul,4,64,1,909282,14207.53125,14207.53125,profile/ref/256f.log
256f,ref,gf_mul,5,64,1,909318,14208.09375,14208.09375,profile/ref/256f.log
256f,ref,gf_mul,6,64,1,909282,14207.53125,14207.53125,profile/ref/256f.log
256f,ref,gf_mul,7,64,1,909318,14208.09375,14208.09375,profile/ref/256f.log
256f,ref,gf_mul,8,64,1,909282,14207.53125,14207.53125,profile/ref/256f.log
256f,ref,gf_mul,9,64,1,909318,14208.09375,14208.09375,profile/ref/256f.log
256f,ref,gf_mul,10,64,1,909281,14207.515625,14207.515625,profile/ref/256f.log
256f,ref,gf_mul,11,64,1,909319,14208.109375,14208.109375,profile/ref/256f.log
256f,ref,gf_mul,12,64,1,909281,14207.515625,14207.515625,profile/ref/256f.log
256f,ref,gf_mul,13,64,1,909318,14208.09375,14208.09375,profile/ref/256f.log
256f,ref,gf_mul,14,64,1,909281,14207.515625,14207.515625,profile/ref/256f.log
256f,ref,gf_mul,15,64,1,909318,14208.09375,14208.09375,profile/ref/256f.log
256f,ref,gf_mul,16,64,1,909282,14207.53125,14207.53125,profile/ref/256f.log
256f,ref,gf_mul,17,64,1,909318,14208.09375,14208.09375,profile/ref/256f.log
256f,ref,gf_mul,18,64,1,909282,14207.53125,14207.53125,profile/ref/256f.log
256f,ref,gf_mul,19,64,1,909318,14208.09375,14208.09375,profile/ref/256f.log
256f,ref,gf_mul,20,64,1,909282,14207.53125,14207.53125,profile/ref/256f.log
256f,ref,gf_mul,21,64,1,909318,14208.09375,14208.09375,profile/ref/256f.log
256f,ref,gf_mul,22,64,1,909281,14207.515625,14207.515625,profile/ref/256f.log
256f,ref,gf_mul,23,64,1,909318,14208.09375,14208.09375,profile/ref/256f.log
256f,ref,gf_mul,24,64,1,909282,14207.53125,14207.53125,profile/ref/256f.log
256f,ref,gf_mul,25,64,1,909318,14208.09375,14208.09375,profile/ref/256f.log
256f,ref,gf_mul,26,64,1,909282,14207.53125,14207.53125,profile/ref/256f.log
256f,ref,gf_mul,27,64,1,909318,14208.09375,14208.09375,profile/ref/256f.log
256f,ref,gf_mul,28,64,1,909282,14207.53125,14207.53125,profile/ref/256f.log
256f,ref,gf_mul,29,64,1,909318,14208.09375,14208.09375,profile/ref/256f.log
256f,ref,gf_mul,30,64,1,909282,14207.53125,14207.53125,profile/ref/256f.log
256f,ref,gf_sqr,0,64,1,38160,596.25,596.25,profile/ref/256f.log
256f,ref,gf_sqr,1,64,1,36484,570.0625,570.0625,profile/ref/256f.log
256f,ref,gf_sqr,2,64,1,36484,570.0625,570.0625,profile/ref/256f.log
256f,ref,gf_sqr,3,64,1,36484,570.0625,570.0625,profile/ref/256f.log
256f,ref,gf_sqr,4,64,1,36484,570.0625,570.0625,profile/ref/256f.log
256f,ref,gf_sqr,5,64,1,36484,570.0625,570.0625,profile/ref/256f.log
256f,ref,gf_sqr,6,64,1,36484,570.0625,570.0625,profile/ref/256f.log
256f,ref,gf_sqr,7,64,1,36484,570.0625,570.0625,profile/ref/256f.log
256f,ref,gf_sqr,8,64,1,36484,570.0625,570.0625,profile/ref/256f.log
256f,ref,gf_sqr,9,64,1,36484,570.0625,570.0625,profile/ref/256f.log
256f,ref,gf_sqr,10,64,1,36484,570.0625,570.0625,profile/ref/256f.log
256f,ref,gf_sqr,11,64,1,36484,570.0625,570.0625,profile/ref/256f.log
256f,ref,gf_sqr,12,64,1,36484,570.0625,570.0625,profile/ref/256f.log
256f,ref,gf_sqr,13,64,1,36484,570.0625,570.0625,profile/ref/256f.log
256f,ref,gf_sqr,14,64,1,36484,570.0625,570.0625,profile/ref/256f.log
256f,ref,gf_sqr,15,64,1,36484,570.0625,570.0625,profile/ref/256f.log
256f,ref,gf_sqr,16,64,1,36484,570.0625,570.0625,profile/ref/256f.log
256f,ref,gf_sqr,17,64,1,36484,570.0625,570.0625,profile/ref/256f.log
256f,ref,gf_sqr,18,64,1,36484,570.0625,570.0625,profile/ref/256f.log
256f,ref,gf_sqr,19,64,1,36484,570.0625,570.0625,profile/ref/256f.log
256f,ref,gf_sqr,20,64,1,36484,570.0625,570.0625,profile/ref/256f.log
256f,ref,gf_sqr,21,64,1,36484,570.0625,570.0625,profile/ref/256f.log
256f,ref,gf_sqr,22,64,1,36484,570.0625,570.0625,profile/ref/256f.log
256f,ref,gf_sqr,23,64,1,36484,570.0625,570.0625,profile/ref/256f.log
256f,ref,gf_sqr,24,64,1,36484,570.0625,570.0625,profile/ref/256f.log
256f,ref,gf_sqr,25,64,1,36484,570.0625,570.0625,profile/ref/256f.log
256f,ref,gf_sqr,26,64,1,36484,570.0625,570.0625,profile/ref/256f.log
256f,ref,gf_sqr,27,64,1,36484,570.0625,570.0625,profile/ref/256f.log
256f,ref,gf_sqr,28,64,1,36484,570.0625,570.0625,profile/ref/256f.log
256f,ref,gf_sqr,29,64,1,36484,570.0625,570.0625,profile/ref/256f.log
256f,ref,gf_sqr,30,64,1,36484,570.0625,570.0625,profile/ref/256f.log
256f,ref,gf_inv,0,8,1,30189868,3773733.5,3773733.5,profile/ref/256f.log
256f,ref,gf_inv,1,8,1,30185871,3773233.875,3773233.875,profile/ref/256f.log
256f,ref,gf_inv,2,8,1,30186676,3773334.5,3773334.5,profile/ref/256f.log
256f,ref,gf_inv,3,8,1,30186668,3773333.5,3773333.5,profile/ref/256f.log
256f,ref,gf_inv,4,8,1,30185885,3773235.625,3773235.625,profile/ref/256f.log
256f,ref,gf_inv,5,8,1,30185879,3773234.875,3773234.875,profile/ref/256f.log
256f,ref,gf_inv,6,8,1,30185902,3773237.75,3773237.75,profile/ref/256f.log
256f,ref,gf_inv,7,8,1,30185883,3773235.375,3773235.375,profile/ref/256f.log
256f,ref,gf_inv,8,8,1,30186700,3773337.5,3773337.5,profile/ref/256f.log
256f,ref,gf_inv,9,8,1,30185879,3773234.875,3773234.875,profile/ref/256f.log
256f,ref,gf_inv,10,8,1,30185902,3773237.75,3773237.75,profile/ref/256f.log
256f,ref,gf_inv,11,8,1,30185883,3773235.375,3773235.375,profile/ref/256f.log
256f,ref,gf_inv,12,8,1,30186700,3773337.5,3773337.5,profile/ref/256f.log
256f,ref,gf_inv,13,8,1,30185879,3773234.875,3773234.875,profile/ref/256f.log
256f,ref,gf_inv,14,8,1,30185902,3773237.75,3773237.75,profile/ref/256f.log
256f,ref,gf_inv,15,8,1,30185883,3773235.375,3773235.375,profile/ref/256f.log
256f,ref,gf_inv,16,8,1,30186700,3773337.5,3773337.5,profile/ref/256f.log
256f,ref,gf_inv,17,8,1,30185879,3773234.875,3773234.875,profile/ref/256f.log
256f,ref,gf_inv,18,8,1,30185902,3773237.75,3773237.75,profile/ref/256f.log
256f,ref,gf_inv,19,8,1,30185883,3773235.375,3773235.375,profile/ref/256f.log
256f,ref,gf_inv,20,8,1,30186700,3773337.5,3773337.5,profile/ref/256f.log
256f,ref,gf_inv,21,8,1,30185879,3773234.875,3773234.875,profile/ref/256f.log
256f,ref,gf_inv,22,8,1,30185902,3773237.75,3773237.75,profile/ref/256f.log
256f,ref,gf_inv,23,8,1,30185883,3773235.375,3773235.375,profile/ref/256f.log
256f,ref,gf_inv,24,8,1,30186700,3773337.5,3773337.5,profile/ref/256f.log
256f,ref,gf_inv,25,8,1,30185879,3773234.875,3773234.875,profile/ref/256f.log
256f,ref,gf_inv,26,8,1,30185902,3773237.75,3773237.75,profile/ref/256f.log
256f,ref,gf_inv,27,8,1,30185883,3773235.375,3773235.375,profile/ref/256f.log
256f,ref,gf_inv,28,8,1,30186700,3773337.5,3773337.5,profile/ref/256f.log
256f,ref,gf_inv,29,8,1,30185879,3773234.875,3773234.875,profile/ref/256f.log
256f,ref,gf_inv,30,8,1,30185902,3773237.75,3773237.75,profile/ref/256f.log
256f,ref,gf_mat_vec_mul,0,64,1,854910,13357.96875,13357.96875,profile/ref/256f.log
256f,ref,gf_mat_vec_mul,1,64,1,850758,13293.09375,13293.09375,profile/ref/256f.log
256f,ref,gf_mat_vec_mul,2,64,1,850758,13293.09375,13293.09375,profile/ref/256f.log
256f,ref,gf_mat_vec_mul,3,64,1,850758,13293.09375,13293.09375,profile/ref/256f.log
256f,ref,gf_mat_vec_mul,4,64,1,850758,13293.09375,13293.09375,profile/ref/256f.log
256f,ref,gf_mat_vec_mul,5,64,1,850758,13293.09375,13293.09375,profile/ref/256f.log
256f,ref,gf_mat_vec_mul,6,64,1,850759,13293.109375,13293.109375,profile/ref/256f.log
256f,ref,gf_mat_vec_mul,7,64,1,850759,13293.109375,13293.109375,profile/ref/256f.log
256f,ref,gf_mat_vec_mul,8,64,1,850759,13293.109375,13293.109375,profile/ref/256f.log
256f,ref,gf_mat_vec_mul,9,64,1,850759,13293.109375,13293.109375,profile/ref/256f.log
256f,ref,gf_mat_vec_mul,10,64,1,850759,13293.109375,13293.109375,profile/ref/256f.log
256f,ref,gf_mat_vec_mul,11,64,1,850759,13293.109375,13293.109375,profile/ref/256f.log
256f,ref,gf_mat_vec_mul,12,64,1,850759,13293.109375,13293.109375,profile/ref/256f.log
256f,ref,gf_mat_vec_mul,13,64,1,850759,13293.109375,13293.109375,profile/ref/256f.log
256f,ref,gf_mat_vec_mul,14,64,1,850759,13293.109375,13293.109375,profile/ref/256f.log
256f,ref,gf_mat_vec_mul,15,64,1,850759,13293.109375,13293.109375,profile/ref/256f.log
256f,ref,gf_mat_vec_mul,16,64,1,850759,13293.109375,13293.109375,profile/ref/256f.log
256f,ref,gf_mat_vec_mul,17,64,1,850759,13293.109375,13293.109375,profile/ref/256f.log
256f,ref,gf_mat_vec_mul,18,64,1,850759,13293.109375,13293.109375,profile/ref/256f.log
256f,ref,gf_mat_vec_mul,19,64,1,850759,13293.109375,13293.109375,profile/ref/256f.log
256f,ref,gf_mat_vec_mul,20,64,1,850759,13293.109375,13293.109375,profile/ref/256f.log
256f,ref,gf_mat_vec_mul,21,64,1,850760,13293.125,13293.125,profile/ref/256f.log
256f,ref,gf_mat_vec_mul,22,64,1,850758,13293.09375,13293.09375,profile/ref/256f.log
256f,ref,gf_mat_vec_mul,23,64,1,850758,13293.09375,13293.09375,profile/ref/256f.log
256f,ref,gf_mat_vec_mul,24,64,1,850757,13293.078125,13293.078125,profile/ref/256f.log
256f,ref,gf_mat_vec_mul,25,64,1,850758,13293.09375,13293.09375,profile/ref/256f.log
256f,ref,gf_mat_vec_mul,26,64,1,850757,13293.078125,13293.078125,profile/ref/256f.log
256f,ref,gf_mat_vec_mul,27,64,1,850758,13293.09375,13293.09375,profile/ref/256f.log
256f,ref,gf_mat_vec_mul,28,64,1,850758,13293.09375,13293.09375,profile/ref/256f.log
256f,ref,gf_mat_vec_mul,29,64,1,850758,13293.09375,13293.09375,profile/ref/256f.log
256f,ref,gf_mat_vec_mul,30,64,1,850757,13293.078125,13293.078125,profile/ref/256f.log
256f,ref,gf_mat_vec_mul_add,0,64,1,854232,13347.375,13347.375,profile/ref/256f.log
256f,ref,gf_mat_vec_mul_add,1,64,1,853254,13332.09375,13332.09375,profile/ref/256f.log
256f,ref,gf_mat_vec_mul_add,2,64,1,853261,13332.203125,13332.203125,profile/ref/256f.log
256f,ref,gf_mat_vec_mul_add,3,64,1,853261,13332.203125,13332.203125,profile/ref/256f.log
256f,ref,gf_mat_vec_mul_add,4,64,1,853261,13332.203125,13332.203125,profile/ref/256f.log
256f,ref,gf_mat_vec_mul_add,5,64,1,853260,13332.1875,13332.1875,profile/ref/256f.log
256f,ref,gf_mat_vec_mul_add,6,64,1,853261,13332.203125,13332.203125,profile/ref/256f.log
256f,ref,gf_mat_vec_mul_add,7,64,1,853261,13332.203125,13332.203125,profile/ref/256f.log
256f,ref,gf_mat_vec_mul_add,8,64,1,853262,13332.21875,13332.21875,profile/ref/256f.log
256f,ref,gf_mat_vec_mul_add,9,64,1,853261,13332.203125,13332.203125,profile/ref/256f.log
256f,ref,gf_mat_vec_mul_add,10,64,1,853261,13332.203125,13332.203125,profile/ref/256f.log
256f,ref,gf_mat_vec_mul_add,11,64,1,853261,13332.203125,13332.203125,profile/ref/256f.log
256f,ref,gf_mat_vec_mul_add,12,64,1,853261,13332.203125,13332.203125,profile/ref/256f.log
256f,ref,gf_mat_vec_mul_add,13,64,1,853260,13332.1875,13332.1875,profile/ref/256f.log
256f,ref,gf_mat_vec_mul_add,14,64,1,853261,13332.203125,13332.203125,profile/ref/256f.log
256f,ref,gf_mat_vec_mul_add,15,64,1,853261,13332.203125,13332.203125,profile/ref/256f.log
256f,ref,gf_mat_vec_mul_add,16,64,1,853262,13332.21875,13332.21875,profile/ref/256f.log
256f,ref,gf_mat_vec_mul_add,17,64,1,853261,13332.203125,13332.203125,profile/ref/256f.log
256f,ref,gf_mat_vec_mul_add,18,64,1,853261,13332.203125,13332.203125,profile/ref/256f.log
256f,ref,gf_mat_vec_mul_add,19,64,1,853261,13332.203125,13332.203125,profile/ref/256f.log
256f,ref,gf_mat_vec_mul_add,20,64,1,853261,13332.203125,13332.203125,profile/ref/256f.log
256f,ref,gf_mat_vec_mul_add,21,64,1,853261,13332.203125,13332.203125,profile/ref/256f.log
256f,ref,gf_mat_vec_mul_add,22,64,1,853260,13332.1875,13332.1875,profile/ref/256f.log
256f,ref,gf_mat_vec_mul_add,23,64,1,853261,13332.203125,13332.203125,profile/ref/256f.log
256f,ref,gf_mat_vec_mul_add,24,64,1,853262,13332.21875,13332.21875,profile/ref/256f.log
256f,ref,gf_mat_vec_mul_add,25,64,1,853261,13332.203125,13332.203125,profile/ref/256f.log
256f,ref,gf_mat_vec_mul_add,26,64,1,853261,13332.203125,13332.203125,profile/ref/256f.log
256f,ref,gf_mat_vec_mul_add,27,64,1,853261,13332.203125,13332.203125,profile/ref/256f.log
256f,ref,gf_mat_vec_mul_add,28,64,1,853261,13332.203125,13332.203125,profile/ref/256f.log
256f,ref,gf_mat_vec_mul_add,29,64,1,853260,13332.1875,13332.1875,profile/ref/256f.log
256f,ref,gf_mat_vec_mul_add,30,64,1,853261,13332.203125,13332.203125,profile/ref/256f.log
256f,ref,gf_sqr_batch4,0,64,4,152033,2375.515625,593.87890625,profile/ref/256f.log
256f,ref,gf_sqr_batch4,1,64,4,151810,2372.03125,593.0078125,profile/ref/256f.log
256f,ref,gf_sqr_batch4,2,64,4,151810,2372.03125,593.0078125,profile/ref/256f.log
256f,ref,gf_sqr_batch4,3,64,4,151810,2372.03125,593.0078125,profile/ref/256f.log
256f,ref,gf_sqr_batch4,4,64,4,151810,2372.03125,593.0078125,profile/ref/256f.log
256f,ref,gf_sqr_batch4,5,64,4,151810,2372.03125,593.0078125,profile/ref/256f.log
256f,ref,gf_sqr_batch4,6,64,4,151810,2372.03125,593.0078125,profile/ref/256f.log
256f,ref,gf_sqr_batch4,7,64,4,151810,2372.03125,593.0078125,profile/ref/256f.log
256f,ref,gf_sqr_batch4,8,64,4,151810,2372.03125,593.0078125,profile/ref/256f.log
256f,ref,gf_sqr_batch4,9,64,4,151810,2372.03125,593.0078125,profile/ref/256f.log
256f,ref,gf_sqr_batch4,10,64,4,151810,2372.03125,593.0078125,profile/ref/256f.log
256f,ref,gf_sqr_batch4,11,64,4,151810,2372.03125,593.0078125,profile/ref/256f.log
256f,ref,gf_sqr_batch4,12,64,4,151810,2372.03125,593.0078125,profile/ref/256f.log
256f,ref,gf_sqr_batch4,13,64,4,151810,2372.03125,593.0078125,profile/ref/256f.log
256f,ref,gf_sqr_batch4,14,64,4,151810,2372.03125,593.0078125,profile/ref/256f.log
256f,ref,gf_sqr_batch4,15,64,4,151810,2372.03125,593.0078125,profile/ref/256f.log
256f,ref,gf_sqr_batch4,16,64,4,151810,2372.03125,593.0078125,profile/ref/256f.log
256f,ref,gf_sqr_batch4,17,64,4,151810,2372.03125,593.0078125,profile/ref/256f.log
256f,ref,gf_sqr_batch4,18,64,4,151810,2372.03125,593.0078125,profile/ref/256f.log
256f,ref,gf_sqr_batch4,19,64,4,151810,2372.03125,593.0078125,profile/ref/256f.log
256f,ref,gf_sqr_batch4,20,64,4,151810,2372.03125,593.0078125,profile/ref/256f.log
256f,ref,gf_sqr_batch4,21,64,4,151810,2372.03125,593.0078125,profile/ref/256f.log
256f,ref,gf_sqr_batch4,22,64,4,151810,2372.03125,593.0078125,profile/ref/256f.log
256f,ref,gf_sqr_batch4,23,64,4,151810,2372.03125,593.0078125,profile/ref/256f.log
256f,ref,gf_sqr_batch4,24,64,4,151810,2372.03125,593.0078125,profile/ref/256f.log
256f,ref,gf_sqr_batch4,25,64,4,151810,2372.03125,593.0078125,profile/ref/256f.log
256f,ref,gf_sqr_batch4,26,64,4,151810,2372.03125,593.0078125,profile/ref/256f.log
256f,ref,gf_sqr_batch4,27,64,4,151810,2372.03125,593.0078125,profile/ref/256f.log
256f,ref,gf_sqr_batch4,28,64,4,151810,2372.03125,593.0078125,profile/ref/256f.log
256f,ref,gf_sqr_batch4,29,64,4,151810,2372.03125,593.0078125,profile/ref/256f.log
256f,ref,gf_sqr_batch4,30,64,4,151810,2372.03125,593.0078125,profile/ref/256f.log
256f,ref,gf_frobenius_batch4_e3,0,8,4,55534,6941.75,1735.4375,profile/ref/256f.log
256f,ref,gf_frobenius_batch4_e3,1,8,4,55428,6928.5,1732.125,profile/ref/256f.log
256f,ref,gf_frobenius_batch4_e3,2,8,4,55395,6924.375,1731.09375,profile/ref/256f.log
256f,ref,gf_frobenius_batch4_e3,3,8,4,55395,6924.375,1731.09375,profile/ref/256f.log
256f,ref,gf_frobenius_batch4_e3,4,8,4,55395,6924.375,1731.09375,profile/ref/256f.log
256f,ref,gf_frobenius_batch4_e3,5,8,4,55395,6924.375,1731.09375,profile/ref/256f.log
256f,ref,gf_frobenius_batch4_e3,6,8,4,55395,6924.375,1731.09375,profile/ref/256f.log
256f,ref,gf_frobenius_batch4_e3,7,8,4,55395,6924.375,1731.09375,profile/ref/256f.log
256f,ref,gf_frobenius_batch4_e3,8,8,4,55395,6924.375,1731.09375,profile/ref/256f.log
256f,ref,gf_frobenius_batch4_e3,9,8,4,55395,6924.375,1731.09375,profile/ref/256f.log
256f,ref,gf_frobenius_batch4_e3,10,8,4,55395,6924.375,1731.09375,profile/ref/256f.log
256f,ref,gf_frobenius_batch4_e3,11,8,4,55395,6924.375,1731.09375,profile/ref/256f.log
256f,ref,gf_frobenius_batch4_e3,12,8,4,55395,6924.375,1731.09375,profile/ref/256f.log
256f,ref,gf_frobenius_batch4_e3,13,8,4,55395,6924.375,1731.09375,profile/ref/256f.log
256f,ref,gf_frobenius_batch4_e3,14,8,4,55395,6924.375,1731.09375,profile/ref/256f.log
256f,ref,gf_frobenius_batch4_e3,15,8,4,55395,6924.375,1731.09375,profile/ref/256f.log
256f,ref,gf_frobenius_batch4_e3,16,8,4,55395,6924.375,1731.09375,profile/ref/256f.log
256f,ref,gf_frobenius_batch4_e3,17,8,4,55395,6924.375,1731.09375,profile/ref/256f.log
256f,ref,gf_frobenius_batch4_e3,18,8,4,55395,6924.375,1731.09375,profile/ref/256f.log
256f,ref,gf_frobenius_batch4_e3,19,8,4,55395,6924.375,1731.09375,profile/ref/256f.log
256f,ref,gf_frobenius_batch4_e3,20,8,4,55395,6924.375,1731.09375,profile/ref/256f.log
256f,ref,gf_frobenius_batch4_e3,21,8,4,55395,6924.375,1731.09375,profile/ref/256f.log
256f,ref,gf_frobenius_batch4_e3,22,8,4,55395,6924.375,1731.09375,profile/ref/256f.log
256f,ref,gf_frobenius_batch4_e3,23,8,4,55395,6924.375,1731.09375,profile/ref/256f.log
256f,ref,gf_frobenius_batch4_e3,24,8,4,55395,6924.375,1731.09375,profile/ref/256f.log
256f,ref,gf_frobenius_batch4_e3,25,8,4,55395,6924.375,1731.09375,profile/ref/256f.log
256f,ref,gf_frobenius_batch4_e3,26,8,4,55395,6924.375,1731.09375,profile/ref/256f.log
256f,ref,gf_frobenius_batch4_e3,27,8,4,55395,6924.375,1731.09375,profile/ref/256f.log
256f,ref,gf_frobenius_batch4_e3,28,8,4,55395,6924.375,1731.09375,profile/ref/256f.log
256f,ref,gf_frobenius_batch4_e3,29,8,4,55395,6924.375,1731.09375,profile/ref/256f.log
256f,ref,gf_frobenius_batch4_e3,30,8,4,55395,6924.375,1731.09375,profile/ref/256f.log
256f,ref,gf_frobenius_batch4_e7,0,8,4,128163,16020.375,4005.09375,profile/ref/256f.log
256f,ref,gf_frobenius_batch4_e7,1,8,4,128099,16012.375,4003.09375,profile/ref/256f.log
256f,ref,gf_frobenius_batch4_e7,2,8,4,128099,16012.375,4003.09375,profile/ref/256f.log
256f,ref,gf_frobenius_batch4_e7,3,8,4,128099,16012.375,4003.09375,profile/ref/256f.log
256f,ref,gf_frobenius_batch4_e7,4,8,4,128099,16012.375,4003.09375,profile/ref/256f.log
256f,ref,gf_frobenius_batch4_e7,5,8,4,128099,16012.375,4003.09375,profile/ref/256f.log
256f,ref,gf_frobenius_batch4_e7,6,8,4,128099,16012.375,4003.09375,profile/ref/256f.log
256f,ref,gf_frobenius_batch4_e7,7,8,4,128099,16012.375,4003.09375,profile/ref/256f.log
256f,ref,gf_frobenius_batch4_e7,8,8,4,128099,16012.375,4003.09375,profile/ref/256f.log
256f,ref,gf_frobenius_batch4_e7,9,8,4,128099,16012.375,4003.09375,profile/ref/256f.log
256f,ref,gf_frobenius_batch4_e7,10,8,4,128099,16012.375,4003.09375,profile/ref/256f.log
256f,ref,gf_frobenius_batch4_e7,11,8,4,128099,16012.375,4003.09375,profile/ref/256f.log
256f,ref,gf_frobenius_batch4_e7,12,8,4,128099,16012.375,4003.09375,profile/ref/256f.log
256f,ref,gf_frobenius_batch4_e7,13,8,4,128099,16012.375,4003.09375,profile/ref/256f.log
256f,ref,gf_frobenius_batch4_e7,14,8,4,128099,16012.375,4003.09375,profile/ref/256f.log
256f,ref,gf_frobenius_batch4_e7,15,8,4,128099,16012.375,4003.09375,profile/ref/256f.log
256f,ref,gf_frobenius_batch4_e7,16,8,4,128099,16012.375,4003.09375,profile/ref/256f.log
256f,ref,gf_frobenius_batch4_e7,17,8,4,128099,16012.375,4003.09375,profile/ref/256f.log
256f,ref,gf_frobenius_batch4_e7,18,8,4,128099,16012.375,4003.09375,profile/ref/256f.log
256f,ref,gf_frobenius_batch4_e7,19,8,4,128099,16012.375,4003.09375,profile/ref/256f.log
256f,ref,gf_frobenius_batch4_e7,20,8,4,128099,16012.375,4003.09375,profile/ref/256f.log
256f,ref,gf_frobenius_batch4_e7,21,8,4,128099,16012.375,4003.09375,profile/ref/256f.log
256f,ref,gf_frobenius_batch4_e7,22,8,4,128099,16012.375,4003.09375,profile/ref/256f.log
256f,ref,gf_frobenius_batch4_e7,23,8,4,128099,16012.375,4003.09375,profile/ref/256f.log
256f,ref,gf_frobenius_batch4_e7,24,8,4,128099,16012.375,4003.09375,profile/ref/256f.log
256f,ref,gf_frobenius_batch4_e7,25,8,4,128099,16012.375,4003.09375,profile/ref/256f.log
256f,ref,gf_frobenius_batch4_e7,26,8,4,128099,16012.375,4003.09375,profile/ref/256f.log
256f,ref,gf_frobenius_batch4_e7,27,8,4,128099,16012.375,4003.09375,profile/ref/256f.log
256f,ref,gf_frobenius_batch4_e7,28,8,4,128099,16012.375,4003.09375,profile/ref/256f.log
256f,ref,gf_frobenius_batch4_e7,29,8,4,128099,16012.375,4003.09375,profile/ref/256f.log
256f,ref,gf_frobenius_batch4_e7,30,8,4,128099,16012.375,4003.09375,profile/ref/256f.log
256f,ref,gf_frobenius_batch4_e11,0,8,4,200835,25104.375,6276.09375,profile/ref/256f.log
256f,ref,gf_frobenius_batch4_e11,1,8,4,200803,25100.375,6275.09375,profile/ref/256f.log
256f,ref,gf_frobenius_batch4_e11,2,8,4,200803,25100.375,6275.09375,profile/ref/256f.log
256f,ref,gf_frobenius_batch4_e11,3,8,4,200803,25100.375,6275.09375,profile/ref/256f.log
256f,ref,gf_frobenius_batch4_e11,4,8,4,200803,25100.375,6275.09375,profile/ref/256f.log
256f,ref,gf_frobenius_batch4_e11,5,8,4,200803,25100.375,6275.09375,profile/ref/256f.log
256f,ref,gf_frobenius_batch4_e11,6,8,4,200803,25100.375,6275.09375,profile/ref/256f.log
256f,ref,gf_frobenius_batch4_e11,7,8,4,200803,25100.375,6275.09375,profile/ref/256f.log
256f,ref,gf_frobenius_batch4_e11,8,8,4,200803,25100.375,6275.09375,profile/ref/256f.log
256f,ref,gf_frobenius_batch4_e11,9,8,4,200803,25100.375,6275.09375,profile/ref/256f.log
256f,ref,gf_frobenius_batch4_e11,10,8,4,200803,25100.375,6275.09375,profile/ref/256f.log
256f,ref,gf_frobenius_batch4_e11,11,8,4,200803,25100.375,6275.09375,profile/ref/256f.log
256f,ref,gf_frobenius_batch4_e11,12,8,4,200803,25100.375,6275.09375,profile/ref/256f.log
256f,ref,gf_frobenius_batch4_e11,13,8,4,200803,25100.375,6275.09375,profile/ref/256f.log
256f,ref,gf_frobenius_batch4_e11,14,8,4,200803,25100.375,6275.09375,profile/ref/256f.log
256f,ref,gf_frobenius_batch4_e11,15,8,4,200803,25100.375,6275.09375,profile/ref/256f.log
256f,ref,gf_frobenius_batch4_e11,16,8,4,200803,25100.375,6275.09375,profile/ref/256f.log
256f,ref,gf_frobenius_batch4_e11,17,8,4,200803,25100.375,6275.09375,profile/ref/256f.log
256f,ref,gf_frobenius_batch4_e11,18,8,4,200803,25100.375,6275.09375,profile/ref/256f.log
256f,ref,gf_frobenius_batch4_e11,19,8,4,200803,25100.375,6275.09375,profile/ref/256f.log
256f,ref,gf_frobenius_batch4_e11,20,8,4,200803,25100.375,6275.09375,profile/ref/256f.log
256f,ref,gf_frobenius_batch4_e11,21,8,4,200803,25100.375,6275.09375,profile/ref/256f.log
256f,ref,gf_frobenius_batch4_e11,22,8,4,200803,25100.375,6275.09375,profile/ref/256f.log
256f,ref,gf_frobenius_batch4_e11,23,8,4,200803,25100.375,6275.09375,profile/ref/256f.log
256f,ref,gf_frobenius_batch4_e11,24,8,4,200803,25100.375,6275.09375,profile/ref/256f.log
256f,ref,gf_frobenius_batch4_e11,25,8,4,200803,25100.375,6275.09375,profile/ref/256f.log
256f,ref,gf_frobenius_batch4_e11,26,8,4,200803,25100.375,6275.09375,profile/ref/256f.log
256f,ref,gf_frobenius_batch4_e11,27,8,4,200803,25100.375,6275.09375,profile/ref/256f.log
256f,ref,gf_frobenius_batch4_e11,28,8,4,200803,25100.375,6275.09375,profile/ref/256f.log
256f,ref,gf_frobenius_batch4_e11,29,8,4,200803,25100.375,6275.09375,profile/ref/256f.log
256f,ref,gf_frobenius_batch4_e11,30,8,4,200803,25100.375,6275.09375,profile/ref/256f.log
256f,ref,gf_frobenius_batch4_e19,0,8,4,346277,43284.625,10821.15625,profile/ref/256f.log
256f,ref,gf_frobenius_batch4_e19,1,8,4,346211,43276.375,10819.09375,profile/ref/256f.log
256f,ref,gf_frobenius_batch4_e19,2,8,4,346211,43276.375,10819.09375,profile/ref/256f.log
256f,ref,gf_frobenius_batch4_e19,3,8,4,346211,43276.375,10819.09375,profile/ref/256f.log
256f,ref,gf_frobenius_batch4_e19,4,8,4,346211,43276.375,10819.09375,profile/ref/256f.log
256f,ref,gf_frobenius_batch4_e19,5,8,4,346211,43276.375,10819.09375,profile/ref/256f.log
256f,ref,gf_frobenius_batch4_e19,6,8,4,346211,43276.375,10819.09375,profile/ref/256f.log
256f,ref,gf_frobenius_batch4_e19,7,8,4,346211,43276.375,10819.09375,profile/ref/256f.log
256f,ref,gf_frobenius_batch4_e19,8,8,4,346211,43276.375,10819.09375,profile/ref/256f.log
256f,ref,gf_frobenius_batch4_e19,9,8,4,346211,43276.375,10819.09375,profile/ref/256f.log
256f,ref,gf_frobenius_batch4_e19,10,8,4,346211,43276.375,10819.09375,profile/ref/256f.log
256f,ref,gf_frobenius_batch4_e19,11,8,4,346211,43276.375,10819.09375,profile/ref/256f.log
256f,ref,gf_frobenius_batch4_e19,12,8,4,346211,43276.375,10819.09375,profile/ref/256f.log
256f,ref,gf_frobenius_batch4_e19,13,8,4,346211,43276.375,10819.09375,profile/ref/256f.log
256f,ref,gf_frobenius_batch4_e19,14,8,4,346211,43276.375,10819.09375,profile/ref/256f.log
256f,ref,gf_frobenius_batch4_e19,15,8,4,346211,43276.375,10819.09375,profile/ref/256f.log
256f,ref,gf_frobenius_batch4_e19,16,8,4,346211,43276.375,10819.09375,profile/ref/256f.log
256f,ref,gf_frobenius_batch4_e19,17,8,4,346211,43276.375,10819.09375,profile/ref/256f.log
256f,ref,gf_frobenius_batch4_e19,18,8,4,346211,43276.375,10819.09375,profile/ref/256f.log
256f,ref,gf_frobenius_batch4_e19,19,8,4,346211,43276.375,10819.09375,profile/ref/256f.log
256f,ref,gf_frobenius_batch4_e19,20,8,4,346211,43276.375,10819.09375,profile/ref/256f.log
256f,ref,gf_frobenius_batch4_e19,21,8,4,346211,43276.375,10819.09375,profile/ref/256f.log
256f,ref,gf_frobenius_batch4_e19,22,8,4,346211,43276.375,10819.09375,profile/ref/256f.log
256f,ref,gf_frobenius_batch4_e19,23,8,4,346211,43276.375,10819.09375,profile/ref/256f.log
256f,ref,gf_frobenius_batch4_e19,24,8,4,346211,43276.375,10819.09375,profile/ref/256f.log
256f,ref,gf_frobenius_batch4_e19,25,8,4,346211,43276.375,10819.09375,profile/ref/256f.log
256f,ref,gf_frobenius_batch4_e19,26,8,4,346211,43276.375,10819.09375,profile/ref/256f.log
256f,ref,gf_frobenius_batch4_e19,27,8,4,346211,43276.375,10819.09375,profile/ref/256f.log
256f,ref,gf_frobenius_batch4_e19,28,8,4,346211,43276.375,10819.09375,profile/ref/256f.log
256f,ref,gf_frobenius_batch4_e19,29,8,4,346211,43276.375,10819.09375,profile/ref/256f.log
256f,ref,gf_frobenius_batch4_e19,30,8,4,346211,43276.375,10819.09375,profile/ref/256f.log
256f,ref,gf_mul_const_batch4,0,64,4,3641081,56891.890625,14222.97265625,profile/ref/256f.log
256f,ref,gf_mul_const_batch4,1,64,4,3638948,56858.5625,14214.640625,profile/ref/256f.log
256f,ref,gf_mul_const_batch4,2,64,4,3638892,56857.6875,14214.421875,profile/ref/256f.log
256f,ref,gf_mul_const_batch4,3,64,4,3638911,56857.984375,14214.49609375,profile/ref/256f.log
256f,ref,gf_mul_const_batch4,4,64,4,3638895,56857.734375,14214.43359375,profile/ref/256f.log
256f,ref,gf_mul_const_batch4,5,64,4,3638912,56858.0,14214.5,profile/ref/256f.log
256f,ref,gf_mul_const_batch4,6,64,4,3638899,56857.796875,14214.44921875,profile/ref/256f.log
256f,ref,gf_mul_const_batch4,7,64,4,3638913,56858.015625,14214.50390625,profile/ref/256f.log
256f,ref,gf_mul_const_batch4,8,64,4,3638890,56857.65625,14214.4140625,profile/ref/256f.log
256f,ref,gf_mul_const_batch4,9,64,4,3638913,56858.015625,14214.50390625,profile/ref/256f.log
256f,ref,gf_mul_const_batch4,10,64,4,3638895,56857.734375,14214.43359375,profile/ref/256f.log
256f,ref,gf_mul_const_batch4,11,64,4,3638910,56857.96875,14214.4921875,profile/ref/256f.log
256f,ref,gf_mul_const_batch4,12,64,4,3638892,56857.6875,14214.421875,profile/ref/256f.log
256f,ref,gf_mul_const_batch4,13,64,4,3638911,56857.984375,14214.49609375,profile/ref/256f.log
256f,ref,gf_mul_const_batch4,14,64,4,3638894,56857.71875,14214.4296875,profile/ref/256f.log
256f,ref,gf_mul_const_batch4,15,64,4,3638913,56858.015625,14214.50390625,profile/ref/256f.log
256f,ref,gf_mul_const_batch4,16,64,4,3638899,56857.796875,14214.44921875,profile/ref/256f.log
256f,ref,gf_mul_const_batch4,17,64,4,3638913,56858.015625,14214.50390625,profile/ref/256f.log
256f,ref,gf_mul_const_batch4,18,64,4,3638890,56857.65625,14214.4140625,profile/ref/256f.log
256f,ref,gf_mul_const_batch4,19,64,4,3638913,56858.015625,14214.50390625,profile/ref/256f.log
256f,ref,gf_mul_const_batch4,20,64,4,3638895,56857.734375,14214.43359375,profile/ref/256f.log
256f,ref,gf_mul_const_batch4,21,64,4,3638911,56857.984375,14214.49609375,profile/ref/256f.log
256f,ref,gf_mul_const_batch4,22,64,4,3638890,56857.65625,14214.4140625,profile/ref/256f.log
256f,ref,gf_mul_const_batch4,23,64,4,3638911,56857.984375,14214.49609375,profile/ref/256f.log
256f,ref,gf_mul_const_batch4,24,64,4,3638894,56857.71875,14214.4296875,profile/ref/256f.log
256f,ref,gf_mul_const_batch4,25,64,4,3638913,56858.015625,14214.50390625,profile/ref/256f.log
256f,ref,gf_mul_const_batch4,26,64,4,3638899,56857.796875,14214.44921875,profile/ref/256f.log
256f,ref,gf_mul_const_batch4,27,64,4,3638913,56858.015625,14214.50390625,profile/ref/256f.log
256f,ref,gf_mul_const_batch4,28,64,4,3638890,56857.65625,14214.4140625,profile/ref/256f.log
256f,ref,gf_mul_const_batch4,29,64,4,3638913,56858.015625,14214.50390625,profile/ref/256f.log
256f,ref,gf_mul_const_batch4,30,64,4,3638895,56857.734375,14214.43359375,profile/ref/256f.log
256f,ref,aim3_mpc_batch4,0,8,4,4037152,504644.0,126161.0,profile/ref/256f.log
256f,ref,aim3_mpc_batch4,1,8,4,4019387,502423.375,125605.84375,profile/ref/256f.log
256f,ref,aim3_mpc_batch4,2,8,4,4022920,502865.0,125716.25,profile/ref/256f.log
256f,ref,aim3_mpc_batch4,3,8,4,4020197,502524.625,125631.15625,profile/ref/256f.log
256f,ref,aim3_mpc_batch4,4,8,4,4020152,502519.0,125629.75,profile/ref/256f.log
256f,ref,aim3_mpc_batch4,5,8,4,4021262,502657.75,125664.4375,profile/ref/256f.log
256f,ref,aim3_mpc_batch4,6,8,4,4021621,502702.625,125675.65625,profile/ref/256f.log
256f,ref,aim3_mpc_batch4,7,8,4,4021483,502685.375,125671.34375,profile/ref/256f.log
256f,ref,aim3_mpc_batch4,8,8,4,4021483,502685.375,125671.34375,profile/ref/256f.log
256f,ref,aim3_mpc_batch4,9,8,4,4022770,502846.25,125711.5625,profile/ref/256f.log
256f,ref,aim3_mpc_batch4,10,8,4,4022660,502832.5,125708.125,profile/ref/256f.log
256f,ref,aim3_mpc_batch4,11,8,4,4022740,502842.5,125710.625,profile/ref/256f.log
256f,ref,aim3_mpc_batch4,12,8,4,4022678,502834.75,125708.6875,profile/ref/256f.log
256f,ref,aim3_mpc_batch4,13,8,4,4022635,502829.375,125707.34375,profile/ref/256f.log
256f,ref,aim3_mpc_batch4,14,8,4,4022635,502829.375,125707.34375,profile/ref/256f.log
256f,ref,aim3_mpc_batch4,15,8,4,4022635,502829.375,125707.34375,profile/ref/256f.log
256f,ref,aim3_mpc_batch4,16,8,4,4022635,502829.375,125707.34375,profile/ref/256f.log
256f,ref,aim3_mpc_batch4,17,8,4,4023271,502908.875,125727.21875,profile/ref/256f.log
256f,ref,aim3_mpc_batch4,18,8,4,4023406,502925.75,125731.4375,profile/ref/256f.log
256f,ref,aim3_mpc_batch4,19,8,4,4023400,502925.0,125731.25,profile/ref/256f.log
256f,ref,aim3_mpc_batch4,20,8,4,4020304,502538.0,125634.5,profile/ref/256f.log
256f,ref,aim3_mpc_batch4,21,8,4,4020485,502560.625,125640.15625,profile/ref/256f.log
256f,ref,aim3_mpc_batch4,22,8,4,4020514,502564.25,125641.0625,profile/ref/256f.log
256f,ref,aim3_mpc_batch4,23,8,4,4020332,502541.5,125635.375,profile/ref/256f.log
256f,ref,aim3_mpc_batch4,24,8,4,4020332,502541.5,125635.375,profile/ref/256f.log
256f,ref,aim3_mpc_batch4,25,8,4,4020332,502541.5,125635.375,profile/ref/256f.log
256f,ref,aim3_mpc_batch4,26,8,4,4020332,502541.5,125635.375,profile/ref/256f.log
256f,ref,aim3_mpc_batch4,27,8,4,4020332,502541.5,125635.375,profile/ref/256f.log
256f,ref,aim3_mpc_batch4,28,8,4,4021424,502678.0,125669.5,profile/ref/256f.log
256f,ref,aim3_mpc_batch4,29,8,4,4021486,502685.75,125671.4375,profile/ref/256f.log
256f,ref,aim3_mpc_batch4,30,8,4,4021483,502685.375,125671.34375,profile/ref/256f.log
256f,ref,aim3_mpc_batch4_affine,0,8,4,3298121,412265.125,103066.28125,profile/ref/256f.log
256f,ref,aim3_mpc_batch4_affine,1,8,4,3281828,410228.5,102557.125,profile/ref/256f.log
256f,ref,aim3_mpc_batch4_affine,2,8,4,3285407,410675.875,102668.96875,profile/ref/256f.log
256f,ref,aim3_mpc_batch4_affine,3,8,4,3282721,410340.125,102585.03125,profile/ref/256f.log
256f,ref,aim3_mpc_batch4_affine,4,8,4,3282681,410335.125,102583.78125,profile/ref/256f.log
256f,ref,aim3_mpc_batch4_affine,5,8,4,3283796,410474.5,102618.625,profile/ref/256f.log
256f,ref,aim3_mpc_batch4_affine,6,8,4,3284150,410518.75,102629.6875,profile/ref/256f.log
256f,ref,aim3_mpc_batch4_affine,7,8,4,3284012,410501.5,102625.375,profile/ref/256f.log
256f,ref,aim3_mpc_batch4_affine,8,8,4,3284012,410501.5,102625.375,profile/ref/256f.log
256f,ref,aim3_mpc_batch4_affine,9,8,4,3285304,410663.0,102665.75,profile/ref/256f.log
256f,ref,aim3_mpc_batch4_affine,10,8,4,3285194,410649.25,102662.3125,profile/ref/256f.log
256f,ref,aim3_mpc_batch4_affine,11,8,4,3285274,410659.25,102664.8125,profile/ref/256f.log
256f,ref,aim3_mpc_batch4_affine,12,8,4,3285212,410651.5,102662.875,profile/ref/256f.log
256f,ref,aim3_mpc_batch4_affine,13,8,4,3285169,410646.125,102661.53125,profile/ref/256f.log
256f,ref,aim3_mpc_batch4_affine,14,8,4,3285169,410646.125,102661.53125,profile/ref/256f.log
256f,ref,aim3_mpc_batch4_affine,15,8,4,3285169,410646.125,102661.53125,profile/ref/256f.log
256f,ref,aim3_mpc_batch4_affine,16,8,4,3285169,410646.125,102661.53125,profile/ref/256f.log
256f,ref,aim3_mpc_batch4_affine,17,8,4,3285795,410724.375,102681.09375,profile/ref/256f.log
256f,ref,aim3_mpc_batch4_affine,18,8,4,3285928,410741.0,102685.25,profile/ref/256f.log
256f,ref,aim3_mpc_batch4_affine,19,8,4,3285924,410740.5,102685.125,profile/ref/256f.log
256f,ref,aim3_mpc_batch4_affine,20,8,4,3282838,410354.75,102588.6875,profile/ref/256f.log
256f,ref,aim3_mpc_batch4_affine,21,8,4,3283014,410376.75,102594.1875,profile/ref/256f.log
256f,ref,aim3_mpc_batch4_affine,22,8,4,3283048,410381.0,102595.25,profile/ref/256f.log
256f,ref,aim3_mpc_batch4_affine,23,8,4,3282866,410358.25,102589.5625,profile/ref/256f.log
256f,ref,aim3_mpc_batch4_affine,24,8,4,3282866,410358.25,102589.5625,profile/ref/256f.log
256f,ref,aim3_mpc_batch4_affine,25,8,4,3282866,410358.25,102589.5625,profile/ref/256f.log
256f,ref,aim3_mpc_batch4_affine,26,8,4,3282866,410358.25,102589.5625,profile/ref/256f.log
256f,ref,aim3_mpc_batch4_affine,27,8,4,3282866,410358.25,102589.5625,profile/ref/256f.log
256f,ref,aim3_mpc_batch4_affine,28,8,4,3283958,410494.75,102623.6875,profile/ref/256f.log
256f,ref,aim3_mpc_batch4_affine,29,8,4,3284020,410502.5,102625.625,profile/ref/256f.log
256f,ref,aim3_mpc_batch4_affine,30,8,4,3284017,410502.125,102625.53125,profile/ref/256f.log
256f,ref,aim3_mpc_batch4_frobenius,0,8,4,737693,92211.625,23052.90625,profile/ref/256f.log
256f,ref,aim3_mpc_batch4_frobenius,1,8,4,736437,92054.625,23013.65625,profile/ref/256f.log
256f,ref,aim3_mpc_batch4_frobenius,2,8,4,736381,92047.625,23011.90625,profile/ref/256f.log
256f,ref,aim3_mpc_batch4_frobenius,3,8,4,736352,92044.0,23011.0,profile/ref/256f.log
256f,ref,aim3_mpc_batch4_frobenius,4,8,4,736349,92043.625,23010.90625,profile/ref/256f.log
256f,ref,aim3_mpc_batch4_frobenius,5,8,4,736344,92043.0,23010.75,profile/ref/256f.log
256f,ref,aim3_mpc_batch4_frobenius,6,8,4,736348,92043.5,23010.875,profile/ref/256f.log
256f,ref,aim3_mpc_batch4_frobenius,7,8,4,736348,92043.5,23010.875,profile/ref/256f.log
256f,ref,aim3_mpc_batch4_frobenius,8,8,4,736348,92043.5,23010.875,profile/ref/256f.log
256f,ref,aim3_mpc_batch4_frobenius,9,8,4,736344,92043.0,23010.75,profile/ref/256f.log
256f,ref,aim3_mpc_batch4_frobenius,10,8,4,736344,92043.0,23010.75,profile/ref/256f.log
256f,ref,aim3_mpc_batch4_frobenius,11,8,4,736344,92043.0,23010.75,profile/ref/256f.log
256f,ref,aim3_mpc_batch4_frobenius,12,8,4,736344,92043.0,23010.75,profile/ref/256f.log
256f,ref,aim3_mpc_batch4_frobenius,13,8,4,736344,92043.0,23010.75,profile/ref/256f.log
256f,ref,aim3_mpc_batch4_frobenius,14,8,4,736344,92043.0,23010.75,profile/ref/256f.log
256f,ref,aim3_mpc_batch4_frobenius,15,8,4,736344,92043.0,23010.75,profile/ref/256f.log
256f,ref,aim3_mpc_batch4_frobenius,16,8,4,736344,92043.0,23010.75,profile/ref/256f.log
256f,ref,aim3_mpc_batch4_frobenius,17,8,4,736352,92044.0,23011.0,profile/ref/256f.log
256f,ref,aim3_mpc_batch4_frobenius,18,8,4,736352,92044.0,23011.0,profile/ref/256f.log
256f,ref,aim3_mpc_batch4_frobenius,19,8,4,736352,92044.0,23011.0,profile/ref/256f.log
256f,ref,aim3_mpc_batch4_frobenius,20,8,4,736344,92043.0,23010.75,profile/ref/256f.log
256f,ref,aim3_mpc_batch4_frobenius,21,8,4,736348,92043.5,23010.875,profile/ref/256f.log
256f,ref,aim3_mpc_batch4_frobenius,22,8,4,736344,92043.0,23010.75,profile/ref/256f.log
256f,ref,aim3_mpc_batch4_frobenius,23,8,4,736344,92043.0,23010.75,profile/ref/256f.log
256f,ref,aim3_mpc_batch4_frobenius,24,8,4,736344,92043.0,23010.75,profile/ref/256f.log
256f,ref,aim3_mpc_batch4_frobenius,25,8,4,736344,92043.0,23010.75,profile/ref/256f.log
256f,ref,aim3_mpc_batch4_frobenius,26,8,4,736344,92043.0,23010.75,profile/ref/256f.log
256f,ref,aim3_mpc_batch4_frobenius,27,8,4,736344,92043.0,23010.75,profile/ref/256f.log
256f,ref,aim3_mpc_batch4_frobenius,28,8,4,736344,92043.0,23010.75,profile/ref/256f.log
256f,ref,aim3_mpc_batch4_frobenius,29,8,4,736344,92043.0,23010.75,profile/ref/256f.log
256f,ref,aim3_mpc_batch4_frobenius,30,8,4,736344,92043.0,23010.75,profile/ref/256f.log
256f,ref,aim3_mpc_scalar,0,8,1,998894,124861.75,124861.75,profile/ref/256f.log
256f,ref,aim3_mpc_scalar,1,8,1,997790,124723.75,124723.75,profile/ref/256f.log
256f,ref,aim3_mpc_scalar,2,8,1,997598,124699.75,124699.75,profile/ref/256f.log
256f,ref,aim3_mpc_scalar,3,8,1,997808,124726.0,124726.0,profile/ref/256f.log
256f,ref,aim3_mpc_scalar,4,8,1,997610,124701.25,124701.25,profile/ref/256f.log
256f,ref,aim3_mpc_scalar,5,8,1,997577,124697.125,124697.125,profile/ref/256f.log
256f,ref,aim3_mpc_scalar,6,8,1,997577,124697.125,124697.125,profile/ref/256f.log
256f,ref,aim3_mpc_scalar,7,8,1,997577,124697.125,124697.125,profile/ref/256f.log
256f,ref,aim3_mpc_scalar,8,8,1,997577,124697.125,124697.125,profile/ref/256f.log
256f,ref,aim3_mpc_scalar,9,8,1,997577,124697.125,124697.125,profile/ref/256f.log
256f,ref,aim3_mpc_scalar,10,8,1,997577,124697.125,124697.125,profile/ref/256f.log
256f,ref,aim3_mpc_scalar,11,8,1,997577,124697.125,124697.125,profile/ref/256f.log
256f,ref,aim3_mpc_scalar,12,8,1,997577,124697.125,124697.125,profile/ref/256f.log
256f,ref,aim3_mpc_scalar,13,8,1,997578,124697.25,124697.25,profile/ref/256f.log
256f,ref,aim3_mpc_scalar,14,8,1,997576,124697.0,124697.0,profile/ref/256f.log
256f,ref,aim3_mpc_scalar,15,8,1,997577,124697.125,124697.125,profile/ref/256f.log
256f,ref,aim3_mpc_scalar,16,8,1,997577,124697.125,124697.125,profile/ref/256f.log
256f,ref,aim3_mpc_scalar,17,8,1,997577,124697.125,124697.125,profile/ref/256f.log
256f,ref,aim3_mpc_scalar,18,8,1,997577,124697.125,124697.125,profile/ref/256f.log
256f,ref,aim3_mpc_scalar,19,8,1,997577,124697.125,124697.125,profile/ref/256f.log
256f,ref,aim3_mpc_scalar,20,8,1,997577,124697.125,124697.125,profile/ref/256f.log
256f,ref,aim3_mpc_scalar,21,8,1,997577,124697.125,124697.125,profile/ref/256f.log
256f,ref,aim3_mpc_scalar,22,8,1,997577,124697.125,124697.125,profile/ref/256f.log
256f,ref,aim3_mpc_scalar,23,8,1,997577,124697.125,124697.125,profile/ref/256f.log
256f,ref,aim3_mpc_scalar,24,8,1,997577,124697.125,124697.125,profile/ref/256f.log
256f,ref,aim3_mpc_scalar,25,8,1,997577,124697.125,124697.125,profile/ref/256f.log
256f,ref,aim3_mpc_scalar,26,8,1,997577,124697.125,124697.125,profile/ref/256f.log
256f,ref,aim3_mpc_scalar,27,8,1,997577,124697.125,124697.125,profile/ref/256f.log
256f,ref,aim3_mpc_scalar,28,8,1,997577,124697.125,124697.125,profile/ref/256f.log
256f,ref,aim3_mpc_scalar,29,8,1,997577,124697.125,124697.125,profile/ref/256f.log
256f,ref,aim3_mpc_scalar,30,8,1,997577,124697.125,124697.125,profile/ref/256f.log
256s,ref,gf_mul,0,64,1,914834,14294.28125,14294.28125,profile/ref/256s.log
256s,ref,gf_mul,1,64,1,909297,14207.765625,14207.765625,profile/ref/256s.log
256s,ref,gf_mul,2,64,1,909318,14208.09375,14208.09375,profile/ref/256s.log
256s,ref,gf_mul,3,64,1,909284,14207.5625,14207.5625,profile/ref/256s.log
256s,ref,gf_mul,4,64,1,909318,14208.09375,14208.09375,profile/ref/256s.log
256s,ref,gf_mul,5,64,1,909284,14207.5625,14207.5625,profile/ref/256s.log
256s,ref,gf_mul,6,64,1,909318,14208.09375,14208.09375,profile/ref/256s.log
256s,ref,gf_mul,7,64,1,909284,14207.5625,14207.5625,profile/ref/256s.log
256s,ref,gf_mul,8,64,1,909318,14208.09375,14208.09375,profile/ref/256s.log
256s,ref,gf_mul,9,64,1,909284,14207.5625,14207.5625,profile/ref/256s.log
256s,ref,gf_mul,10,64,1,909319,14208.109375,14208.109375,profile/ref/256s.log
256s,ref,gf_mul,11,64,1,909283,14207.546875,14207.546875,profile/ref/256s.log
256s,ref,gf_mul,12,64,1,909318,14208.09375,14208.09375,profile/ref/256s.log
256s,ref,gf_mul,13,64,1,909284,14207.5625,14207.5625,profile/ref/256s.log
256s,ref,gf_mul,14,64,1,909318,14208.09375,14208.09375,profile/ref/256s.log
256s,ref,gf_mul,15,64,1,909284,14207.5625,14207.5625,profile/ref/256s.log
256s,ref,gf_mul,16,64,1,909318,14208.09375,14208.09375,profile/ref/256s.log
256s,ref,gf_mul,17,64,1,909284,14207.5625,14207.5625,profile/ref/256s.log
256s,ref,gf_mul,18,64,1,909318,14208.09375,14208.09375,profile/ref/256s.log
256s,ref,gf_mul,19,64,1,909284,14207.5625,14207.5625,profile/ref/256s.log
256s,ref,gf_mul,20,64,1,909318,14208.09375,14208.09375,profile/ref/256s.log
256s,ref,gf_mul,21,64,1,909284,14207.5625,14207.5625,profile/ref/256s.log
256s,ref,gf_mul,22,64,1,909318,14208.09375,14208.09375,profile/ref/256s.log
256s,ref,gf_mul,23,64,1,909284,14207.5625,14207.5625,profile/ref/256s.log
256s,ref,gf_mul,24,64,1,909318,14208.09375,14208.09375,profile/ref/256s.log
256s,ref,gf_mul,25,64,1,909284,14207.5625,14207.5625,profile/ref/256s.log
256s,ref,gf_mul,26,64,1,909318,14208.09375,14208.09375,profile/ref/256s.log
256s,ref,gf_mul,27,64,1,909284,14207.5625,14207.5625,profile/ref/256s.log
256s,ref,gf_mul,28,64,1,909318,14208.09375,14208.09375,profile/ref/256s.log
256s,ref,gf_mul,29,64,1,909284,14207.5625,14207.5625,profile/ref/256s.log
256s,ref,gf_mul,30,64,1,909318,14208.09375,14208.09375,profile/ref/256s.log
256s,ref,gf_sqr,0,64,1,38168,596.375,596.375,profile/ref/256s.log
256s,ref,gf_sqr,1,64,1,36484,570.0625,570.0625,profile/ref/256s.log
256s,ref,gf_sqr,2,64,1,36484,570.0625,570.0625,profile/ref/256s.log
256s,ref,gf_sqr,3,64,1,36484,570.0625,570.0625,profile/ref/256s.log
256s,ref,gf_sqr,4,64,1,36484,570.0625,570.0625,profile/ref/256s.log
256s,ref,gf_sqr,5,64,1,36484,570.0625,570.0625,profile/ref/256s.log
256s,ref,gf_sqr,6,64,1,36484,570.0625,570.0625,profile/ref/256s.log
256s,ref,gf_sqr,7,64,1,36484,570.0625,570.0625,profile/ref/256s.log
256s,ref,gf_sqr,8,64,1,36484,570.0625,570.0625,profile/ref/256s.log
256s,ref,gf_sqr,9,64,1,36484,570.0625,570.0625,profile/ref/256s.log
256s,ref,gf_sqr,10,64,1,36484,570.0625,570.0625,profile/ref/256s.log
256s,ref,gf_sqr,11,64,1,36484,570.0625,570.0625,profile/ref/256s.log
256s,ref,gf_sqr,12,64,1,36484,570.0625,570.0625,profile/ref/256s.log
256s,ref,gf_sqr,13,64,1,36484,570.0625,570.0625,profile/ref/256s.log
256s,ref,gf_sqr,14,64,1,36484,570.0625,570.0625,profile/ref/256s.log
256s,ref,gf_sqr,15,64,1,36484,570.0625,570.0625,profile/ref/256s.log
256s,ref,gf_sqr,16,64,1,36484,570.0625,570.0625,profile/ref/256s.log
256s,ref,gf_sqr,17,64,1,36484,570.0625,570.0625,profile/ref/256s.log
256s,ref,gf_sqr,18,64,1,36484,570.0625,570.0625,profile/ref/256s.log
256s,ref,gf_sqr,19,64,1,36484,570.0625,570.0625,profile/ref/256s.log
256s,ref,gf_sqr,20,64,1,36484,570.0625,570.0625,profile/ref/256s.log
256s,ref,gf_sqr,21,64,1,36484,570.0625,570.0625,profile/ref/256s.log
256s,ref,gf_sqr,22,64,1,36484,570.0625,570.0625,profile/ref/256s.log
256s,ref,gf_sqr,23,64,1,36484,570.0625,570.0625,profile/ref/256s.log
256s,ref,gf_sqr,24,64,1,36484,570.0625,570.0625,profile/ref/256s.log
256s,ref,gf_sqr,25,64,1,36484,570.0625,570.0625,profile/ref/256s.log
256s,ref,gf_sqr,26,64,1,36484,570.0625,570.0625,profile/ref/256s.log
256s,ref,gf_sqr,27,64,1,36484,570.0625,570.0625,profile/ref/256s.log
256s,ref,gf_sqr,28,64,1,36484,570.0625,570.0625,profile/ref/256s.log
256s,ref,gf_sqr,29,64,1,36484,570.0625,570.0625,profile/ref/256s.log
256s,ref,gf_sqr,30,64,1,36484,570.0625,570.0625,profile/ref/256s.log
256s,ref,gf_inv,0,8,1,30186494,3773311.75,3773311.75,profile/ref/256s.log
256s,ref,gf_inv,1,8,1,30186685,3773335.625,3773335.625,profile/ref/256s.log
256s,ref,gf_inv,2,8,1,30186700,3773337.5,3773337.5,profile/ref/256s.log
256s,ref,gf_inv,3,8,1,30185879,3773234.875,3773234.875,profile/ref/256s.log
256s,ref,gf_inv,4,8,1,30185902,3773237.75,3773237.75,profile/ref/256s.log
256s,ref,gf_inv,5,8,1,30185883,3773235.375,3773235.375,profile/ref/256s.log
256s,ref,gf_inv,6,8,1,30186700,3773337.5,3773337.5,profile/ref/256s.log
256s,ref,gf_inv,7,8,1,30185879,3773234.875,3773234.875,profile/ref/256s.log
256s,ref,gf_inv,8,8,1,30185902,3773237.75,3773237.75,profile/ref/256s.log
256s,ref,gf_inv,9,8,1,30185883,3773235.375,3773235.375,profile/ref/256s.log
256s,ref,gf_inv,10,8,1,30186700,3773337.5,3773337.5,profile/ref/256s.log
256s,ref,gf_inv,11,8,1,30185879,3773234.875,3773234.875,profile/ref/256s.log
256s,ref,gf_inv,12,8,1,30185902,3773237.75,3773237.75,profile/ref/256s.log
256s,ref,gf_inv,13,8,1,30185883,3773235.375,3773235.375,profile/ref/256s.log
256s,ref,gf_inv,14,8,1,30186700,3773337.5,3773337.5,profile/ref/256s.log
256s,ref,gf_inv,15,8,1,30185879,3773234.875,3773234.875,profile/ref/256s.log
256s,ref,gf_inv,16,8,1,30185902,3773237.75,3773237.75,profile/ref/256s.log
256s,ref,gf_inv,17,8,1,30185883,3773235.375,3773235.375,profile/ref/256s.log
256s,ref,gf_inv,18,8,1,30186700,3773337.5,3773337.5,profile/ref/256s.log
256s,ref,gf_inv,19,8,1,30185879,3773234.875,3773234.875,profile/ref/256s.log
256s,ref,gf_inv,20,8,1,30185902,3773237.75,3773237.75,profile/ref/256s.log
256s,ref,gf_inv,21,8,1,30185883,3773235.375,3773235.375,profile/ref/256s.log
256s,ref,gf_inv,22,8,1,30186700,3773337.5,3773337.5,profile/ref/256s.log
256s,ref,gf_inv,23,8,1,30185879,3773234.875,3773234.875,profile/ref/256s.log
256s,ref,gf_inv,24,8,1,30185902,3773237.75,3773237.75,profile/ref/256s.log
256s,ref,gf_inv,25,8,1,30185883,3773235.375,3773235.375,profile/ref/256s.log
256s,ref,gf_inv,26,8,1,30186700,3773337.5,3773337.5,profile/ref/256s.log
256s,ref,gf_inv,27,8,1,30185879,3773234.875,3773234.875,profile/ref/256s.log
256s,ref,gf_inv,28,8,1,30185902,3773237.75,3773237.75,profile/ref/256s.log
256s,ref,gf_inv,29,8,1,30185883,3773235.375,3773235.375,profile/ref/256s.log
256s,ref,gf_inv,30,8,1,30186700,3773337.5,3773337.5,profile/ref/256s.log
256s,ref,gf_mat_vec_mul,0,64,1,860064,13438.5,13438.5,profile/ref/256s.log
256s,ref,gf_mat_vec_mul,1,64,1,855066,13360.40625,13360.40625,profile/ref/256s.log
256s,ref,gf_mat_vec_mul,2,64,1,855069,13360.453125,13360.453125,profile/ref/256s.log
256s,ref,gf_mat_vec_mul,3,64,1,855062,13360.34375,13360.34375,profile/ref/256s.log
256s,ref,gf_mat_vec_mul,4,64,1,855068,13360.4375,13360.4375,profile/ref/256s.log
256s,ref,gf_mat_vec_mul,5,64,1,855068,13360.4375,13360.4375,profile/ref/256s.log
256s,ref,gf_mat_vec_mul,6,64,1,855065,13360.390625,13360.390625,profile/ref/256s.log
256s,ref,gf_mat_vec_mul,7,64,1,855068,13360.4375,13360.4375,profile/ref/256s.log
256s,ref,gf_mat_vec_mul,8,64,1,855062,13360.34375,13360.34375,profile/ref/256s.log
256s,ref,gf_mat_vec_mul,9,64,1,855062,13360.34375,13360.34375,profile/ref/256s.log
256s,ref,gf_mat_vec_mul,10,64,1,855065,13360.390625,13360.390625,profile/ref/256s.log
256s,ref,gf_mat_vec_mul,11,64,1,855062,13360.34375,13360.34375,profile/ref/256s.log
256s,ref,gf_mat_vec_mul,12,64,1,855068,13360.4375,13360.4375,profile/ref/256s.log
256s,ref,gf_mat_vec_mul,13,64,1,855068,13360.4375,13360.4375,profile/ref/256s.log
256s,ref,gf_mat_vec_mul,14,64,1,855065,13360.390625,13360.390625,profile/ref/256s.log
256s,ref,gf_mat_vec_mul,15,64,1,855068,13360.4375,13360.4375,profile/ref/256s.log
256s,ref,gf_mat_vec_mul,16,64,1,855062,13360.34375,13360.34375,profile/ref/256s.log
256s,ref,gf_mat_vec_mul,17,64,1,855062,13360.34375,13360.34375,profile/ref/256s.log
256s,ref,gf_mat_vec_mul,18,64,1,855065,13360.390625,13360.390625,profile/ref/256s.log
256s,ref,gf_mat_vec_mul,19,64,1,855062,13360.34375,13360.34375,profile/ref/256s.log
256s,ref,gf_mat_vec_mul,20,64,1,855068,13360.4375,13360.4375,profile/ref/256s.log
256s,ref,gf_mat_vec_mul,21,64,1,855069,13360.453125,13360.453125,profile/ref/256s.log
256s,ref,gf_mat_vec_mul,22,64,1,855063,13360.359375,13360.359375,profile/ref/256s.log
256s,ref,gf_mat_vec_mul,23,64,1,855068,13360.4375,13360.4375,profile/ref/256s.log
256s,ref,gf_mat_vec_mul,24,64,1,855062,13360.34375,13360.34375,profile/ref/256s.log
256s,ref,gf_mat_vec_mul,25,64,1,855062,13360.34375,13360.34375,profile/ref/256s.log
256s,ref,gf_mat_vec_mul,26,64,1,855100,13360.9375,13360.9375,profile/ref/256s.log
256s,ref,gf_mat_vec_mul,27,64,1,855066,13360.40625,13360.40625,profile/ref/256s.log
256s,ref,gf_mat_vec_mul,28,64,1,855062,13360.34375,13360.34375,profile/ref/256s.log
256s,ref,gf_mat_vec_mul,29,64,1,855065,13360.390625,13360.390625,profile/ref/256s.log
256s,ref,gf_mat_vec_mul,30,64,1,855066,13360.40625,13360.40625,profile/ref/256s.log
256s,ref,gf_mat_vec_mul_add,0,64,1,858604,13415.6875,13415.6875,profile/ref/256s.log
256s,ref,gf_mat_vec_mul_add,1,64,1,857513,13398.640625,13398.640625,profile/ref/256s.log
256s,ref,gf_mat_vec_mul_add,2,64,1,857465,13397.890625,13397.890625,profile/ref/256s.log
256s,ref,gf_mat_vec_mul_add,3,64,1,857465,13397.890625,13397.890625,profile/ref/256s.log
256s,ref,gf_mat_vec_mul_add,4,64,1,857465,13397.890625,13397.890625,profile/ref/256s.log
256s,ref,gf_mat_vec_mul_add,5,64,1,857465,13397.890625,13397.890625,profile/ref/256s.log
256s,ref,gf_mat_vec_mul_add,6,64,1,857465,13397.890625,13397.890625,profile/ref/256s.log
256s,ref,gf_mat_vec_mul_add,7,64,1,857465,13397.890625,13397.890625,profile/ref/256s.log
256s,ref,gf_mat_vec_mul_add,8,64,1,857465,13397.890625,13397.890625,profile/ref/256s.log
256s,ref,gf_mat_vec_mul_add,9,64,1,857465,13397.890625,13397.890625,profile/ref/256s.log
256s,ref,gf_mat_vec_mul_add,10,64,1,857465,13397.890625,13397.890625,profile/ref/256s.log
256s,ref,gf_mat_vec_mul_add,11,64,1,857465,13397.890625,13397.890625,profile/ref/256s.log
256s,ref,gf_mat_vec_mul_add,12,64,1,857465,13397.890625,13397.890625,profile/ref/256s.log
256s,ref,gf_mat_vec_mul_add,13,64,1,857465,13397.890625,13397.890625,profile/ref/256s.log
256s,ref,gf_mat_vec_mul_add,14,64,1,857465,13397.890625,13397.890625,profile/ref/256s.log
256s,ref,gf_mat_vec_mul_add,15,64,1,857465,13397.890625,13397.890625,profile/ref/256s.log
256s,ref,gf_mat_vec_mul_add,16,64,1,857465,13397.890625,13397.890625,profile/ref/256s.log
256s,ref,gf_mat_vec_mul_add,17,64,1,857465,13397.890625,13397.890625,profile/ref/256s.log
256s,ref,gf_mat_vec_mul_add,18,64,1,857465,13397.890625,13397.890625,profile/ref/256s.log
256s,ref,gf_mat_vec_mul_add,19,64,1,857466,13397.90625,13397.90625,profile/ref/256s.log
256s,ref,gf_mat_vec_mul_add,20,64,1,857465,13397.890625,13397.890625,profile/ref/256s.log
256s,ref,gf_mat_vec_mul_add,21,64,1,857465,13397.890625,13397.890625,profile/ref/256s.log
256s,ref,gf_mat_vec_mul_add,22,64,1,857465,13397.890625,13397.890625,profile/ref/256s.log
256s,ref,gf_mat_vec_mul_add,23,64,1,857465,13397.890625,13397.890625,profile/ref/256s.log
256s,ref,gf_mat_vec_mul_add,24,64,1,857465,13397.890625,13397.890625,profile/ref/256s.log
256s,ref,gf_mat_vec_mul_add,25,64,1,857465,13397.890625,13397.890625,profile/ref/256s.log
256s,ref,gf_mat_vec_mul_add,26,64,1,857465,13397.890625,13397.890625,profile/ref/256s.log
256s,ref,gf_mat_vec_mul_add,27,64,1,857465,13397.890625,13397.890625,profile/ref/256s.log
256s,ref,gf_mat_vec_mul_add,28,64,1,857465,13397.890625,13397.890625,profile/ref/256s.log
256s,ref,gf_mat_vec_mul_add,29,64,1,857465,13397.890625,13397.890625,profile/ref/256s.log
256s,ref,gf_mat_vec_mul_add,30,64,1,857465,13397.890625,13397.890625,profile/ref/256s.log
256s,ref,gf_sqr_batch4,0,64,4,151984,2374.75,593.6875,profile/ref/256s.log
256s,ref,gf_sqr_batch4,1,64,4,151845,2372.578125,593.14453125,profile/ref/256s.log
256s,ref,gf_sqr_batch4,2,64,4,151810,2372.03125,593.0078125,profile/ref/256s.log
256s,ref,gf_sqr_batch4,3,64,4,151810,2372.03125,593.0078125,profile/ref/256s.log
256s,ref,gf_sqr_batch4,4,64,4,151810,2372.03125,593.0078125,profile/ref/256s.log
256s,ref,gf_sqr_batch4,5,64,4,151810,2372.03125,593.0078125,profile/ref/256s.log
256s,ref,gf_sqr_batch4,6,64,4,151810,2372.03125,593.0078125,profile/ref/256s.log
256s,ref,gf_sqr_batch4,7,64,4,151810,2372.03125,593.0078125,profile/ref/256s.log
256s,ref,gf_sqr_batch4,8,64,4,151810,2372.03125,593.0078125,profile/ref/256s.log
256s,ref,gf_sqr_batch4,9,64,4,151810,2372.03125,593.0078125,profile/ref/256s.log
256s,ref,gf_sqr_batch4,10,64,4,151810,2372.03125,593.0078125,profile/ref/256s.log
256s,ref,gf_sqr_batch4,11,64,4,151810,2372.03125,593.0078125,profile/ref/256s.log
256s,ref,gf_sqr_batch4,12,64,4,151810,2372.03125,593.0078125,profile/ref/256s.log
256s,ref,gf_sqr_batch4,13,64,4,151810,2372.03125,593.0078125,profile/ref/256s.log
256s,ref,gf_sqr_batch4,14,64,4,151810,2372.03125,593.0078125,profile/ref/256s.log
256s,ref,gf_sqr_batch4,15,64,4,151810,2372.03125,593.0078125,profile/ref/256s.log
256s,ref,gf_sqr_batch4,16,64,4,151810,2372.03125,593.0078125,profile/ref/256s.log
256s,ref,gf_sqr_batch4,17,64,4,151810,2372.03125,593.0078125,profile/ref/256s.log
256s,ref,gf_sqr_batch4,18,64,4,151810,2372.03125,593.0078125,profile/ref/256s.log
256s,ref,gf_sqr_batch4,19,64,4,151810,2372.03125,593.0078125,profile/ref/256s.log
256s,ref,gf_sqr_batch4,20,64,4,151810,2372.03125,593.0078125,profile/ref/256s.log
256s,ref,gf_sqr_batch4,21,64,4,151810,2372.03125,593.0078125,profile/ref/256s.log
256s,ref,gf_sqr_batch4,22,64,4,151810,2372.03125,593.0078125,profile/ref/256s.log
256s,ref,gf_sqr_batch4,23,64,4,151810,2372.03125,593.0078125,profile/ref/256s.log
256s,ref,gf_sqr_batch4,24,64,4,151810,2372.03125,593.0078125,profile/ref/256s.log
256s,ref,gf_sqr_batch4,25,64,4,151810,2372.03125,593.0078125,profile/ref/256s.log
256s,ref,gf_sqr_batch4,26,64,4,151810,2372.03125,593.0078125,profile/ref/256s.log
256s,ref,gf_sqr_batch4,27,64,4,151810,2372.03125,593.0078125,profile/ref/256s.log
256s,ref,gf_sqr_batch4,28,64,4,151810,2372.03125,593.0078125,profile/ref/256s.log
256s,ref,gf_sqr_batch4,29,64,4,151810,2372.03125,593.0078125,profile/ref/256s.log
256s,ref,gf_sqr_batch4,30,64,4,151810,2372.03125,593.0078125,profile/ref/256s.log
256s,ref,gf_frobenius_batch4_e3,0,8,4,55542,6942.75,1735.6875,profile/ref/256s.log
256s,ref,gf_frobenius_batch4_e3,1,8,4,55395,6924.375,1731.09375,profile/ref/256s.log
256s,ref,gf_frobenius_batch4_e3,2,8,4,55395,6924.375,1731.09375,profile/ref/256s.log
256s,ref,gf_frobenius_batch4_e3,3,8,4,55395,6924.375,1731.09375,profile/ref/256s.log
256s,ref,gf_frobenius_batch4_e3,4,8,4,55395,6924.375,1731.09375,profile/ref/256s.log
256s,ref,gf_frobenius_batch4_e3,5,8,4,55395,6924.375,1731.09375,profile/ref/256s.log
256s,ref,gf_frobenius_batch4_e3,6,8,4,55395,6924.375,1731.09375,profile/ref/256s.log
256s,ref,gf_frobenius_batch4_e3,7,8,4,55395,6924.375,1731.09375,profile/ref/256s.log
256s,ref,gf_frobenius_batch4_e3,8,8,4,55395,6924.375,1731.09375,profile/ref/256s.log
256s,ref,gf_frobenius_batch4_e3,9,8,4,55395,6924.375,1731.09375,profile/ref/256s.log
256s,ref,gf_frobenius_batch4_e3,10,8,4,55395,6924.375,1731.09375,profile/ref/256s.log
256s,ref,gf_frobenius_batch4_e3,11,8,4,55395,6924.375,1731.09375,profile/ref/256s.log
256s,ref,gf_frobenius_batch4_e3,12,8,4,55395,6924.375,1731.09375,profile/ref/256s.log
256s,ref,gf_frobenius_batch4_e3,13,8,4,55395,6924.375,1731.09375,profile/ref/256s.log
256s,ref,gf_frobenius_batch4_e3,14,8,4,55395,6924.375,1731.09375,profile/ref/256s.log
256s,ref,gf_frobenius_batch4_e3,15,8,4,55395,6924.375,1731.09375,profile/ref/256s.log
256s,ref,gf_frobenius_batch4_e3,16,8,4,55395,6924.375,1731.09375,profile/ref/256s.log
256s,ref,gf_frobenius_batch4_e3,17,8,4,55395,6924.375,1731.09375,profile/ref/256s.log
256s,ref,gf_frobenius_batch4_e3,18,8,4,55395,6924.375,1731.09375,profile/ref/256s.log
256s,ref,gf_frobenius_batch4_e3,19,8,4,55395,6924.375,1731.09375,profile/ref/256s.log
256s,ref,gf_frobenius_batch4_e3,20,8,4,55395,6924.375,1731.09375,profile/ref/256s.log
256s,ref,gf_frobenius_batch4_e3,21,8,4,55395,6924.375,1731.09375,profile/ref/256s.log
256s,ref,gf_frobenius_batch4_e3,22,8,4,55395,6924.375,1731.09375,profile/ref/256s.log
256s,ref,gf_frobenius_batch4_e3,23,8,4,55395,6924.375,1731.09375,profile/ref/256s.log
256s,ref,gf_frobenius_batch4_e3,24,8,4,55395,6924.375,1731.09375,profile/ref/256s.log
256s,ref,gf_frobenius_batch4_e3,25,8,4,55395,6924.375,1731.09375,profile/ref/256s.log
256s,ref,gf_frobenius_batch4_e3,26,8,4,55395,6924.375,1731.09375,profile/ref/256s.log
256s,ref,gf_frobenius_batch4_e3,27,8,4,55395,6924.375,1731.09375,profile/ref/256s.log
256s,ref,gf_frobenius_batch4_e3,28,8,4,55395,6924.375,1731.09375,profile/ref/256s.log
256s,ref,gf_frobenius_batch4_e3,29,8,4,55395,6924.375,1731.09375,profile/ref/256s.log
256s,ref,gf_frobenius_batch4_e3,30,8,4,55395,6924.375,1731.09375,profile/ref/256s.log
256s,ref,gf_frobenius_batch4_e7,0,8,4,128136,16017.0,4004.25,profile/ref/256s.log
256s,ref,gf_frobenius_batch4_e7,1,8,4,128099,16012.375,4003.09375,profile/ref/256s.log
256s,ref,gf_frobenius_batch4_e7,2,8,4,128099,16012.375,4003.09375,profile/ref/256s.log
256s,ref,gf_frobenius_batch4_e7,3,8,4,128099,16012.375,4003.09375,profile/ref/256s.log
256s,ref,gf_frobenius_batch4_e7,4,8,4,128099,16012.375,4003.09375,profile/ref/256s.log
256s,ref,gf_frobenius_batch4_e7,5,8,4,128099,16012.375,4003.09375,profile/ref/256s.log
256s,ref,gf_frobenius_batch4_e7,6,8,4,128099,16012.375,4003.09375,profile/ref/256s.log
256s,ref,gf_frobenius_batch4_e7,7,8,4,128099,16012.375,4003.09375,profile/ref/256s.log
256s,ref,gf_frobenius_batch4_e7,8,8,4,128099,16012.375,4003.09375,profile/ref/256s.log
256s,ref,gf_frobenius_batch4_e7,9,8,4,128099,16012.375,4003.09375,profile/ref/256s.log
256s,ref,gf_frobenius_batch4_e7,10,8,4,128099,16012.375,4003.09375,profile/ref/256s.log
256s,ref,gf_frobenius_batch4_e7,11,8,4,128099,16012.375,4003.09375,profile/ref/256s.log
256s,ref,gf_frobenius_batch4_e7,12,8,4,128099,16012.375,4003.09375,profile/ref/256s.log
256s,ref,gf_frobenius_batch4_e7,13,8,4,128099,16012.375,4003.09375,profile/ref/256s.log
256s,ref,gf_frobenius_batch4_e7,14,8,4,128099,16012.375,4003.09375,profile/ref/256s.log
256s,ref,gf_frobenius_batch4_e7,15,8,4,128099,16012.375,4003.09375,profile/ref/256s.log
256s,ref,gf_frobenius_batch4_e7,16,8,4,128099,16012.375,4003.09375,profile/ref/256s.log
256s,ref,gf_frobenius_batch4_e7,17,8,4,128099,16012.375,4003.09375,profile/ref/256s.log
256s,ref,gf_frobenius_batch4_e7,18,8,4,128099,16012.375,4003.09375,profile/ref/256s.log
256s,ref,gf_frobenius_batch4_e7,19,8,4,128099,16012.375,4003.09375,profile/ref/256s.log
256s,ref,gf_frobenius_batch4_e7,20,8,4,128099,16012.375,4003.09375,profile/ref/256s.log
256s,ref,gf_frobenius_batch4_e7,21,8,4,128099,16012.375,4003.09375,profile/ref/256s.log
256s,ref,gf_frobenius_batch4_e7,22,8,4,128099,16012.375,4003.09375,profile/ref/256s.log
256s,ref,gf_frobenius_batch4_e7,23,8,4,128099,16012.375,4003.09375,profile/ref/256s.log
256s,ref,gf_frobenius_batch4_e7,24,8,4,128099,16012.375,4003.09375,profile/ref/256s.log
256s,ref,gf_frobenius_batch4_e7,25,8,4,128099,16012.375,4003.09375,profile/ref/256s.log
256s,ref,gf_frobenius_batch4_e7,26,8,4,128099,16012.375,4003.09375,profile/ref/256s.log
256s,ref,gf_frobenius_batch4_e7,27,8,4,128099,16012.375,4003.09375,profile/ref/256s.log
256s,ref,gf_frobenius_batch4_e7,28,8,4,128099,16012.375,4003.09375,profile/ref/256s.log
256s,ref,gf_frobenius_batch4_e7,29,8,4,128099,16012.375,4003.09375,profile/ref/256s.log
256s,ref,gf_frobenius_batch4_e7,30,8,4,128099,16012.375,4003.09375,profile/ref/256s.log
256s,ref,gf_frobenius_batch4_e11,0,8,4,200840,25105.0,6276.25,profile/ref/256s.log
256s,ref,gf_frobenius_batch4_e11,1,8,4,200803,25100.375,6275.09375,profile/ref/256s.log
256s,ref,gf_frobenius_batch4_e11,2,8,4,200803,25100.375,6275.09375,profile/ref/256s.log
256s,ref,gf_frobenius_batch4_e11,3,8,4,200803,25100.375,6275.09375,profile/ref/256s.log
256s,ref,gf_frobenius_batch4_e11,4,8,4,200803,25100.375,6275.09375,profile/ref/256s.log
256s,ref,gf_frobenius_batch4_e11,5,8,4,200803,25100.375,6275.09375,profile/ref/256s.log
256s,ref,gf_frobenius_batch4_e11,6,8,4,200803,25100.375,6275.09375,profile/ref/256s.log
256s,ref,gf_frobenius_batch4_e11,7,8,4,200803,25100.375,6275.09375,profile/ref/256s.log
256s,ref,gf_frobenius_batch4_e11,8,8,4,200803,25100.375,6275.09375,profile/ref/256s.log
256s,ref,gf_frobenius_batch4_e11,9,8,4,200803,25100.375,6275.09375,profile/ref/256s.log
256s,ref,gf_frobenius_batch4_e11,10,8,4,200803,25100.375,6275.09375,profile/ref/256s.log
256s,ref,gf_frobenius_batch4_e11,11,8,4,200803,25100.375,6275.09375,profile/ref/256s.log
256s,ref,gf_frobenius_batch4_e11,12,8,4,200803,25100.375,6275.09375,profile/ref/256s.log
256s,ref,gf_frobenius_batch4_e11,13,8,4,200803,25100.375,6275.09375,profile/ref/256s.log
256s,ref,gf_frobenius_batch4_e11,14,8,4,200803,25100.375,6275.09375,profile/ref/256s.log
256s,ref,gf_frobenius_batch4_e11,15,8,4,200803,25100.375,6275.09375,profile/ref/256s.log
256s,ref,gf_frobenius_batch4_e11,16,8,4,200803,25100.375,6275.09375,profile/ref/256s.log
256s,ref,gf_frobenius_batch4_e11,17,8,4,200803,25100.375,6275.09375,profile/ref/256s.log
256s,ref,gf_frobenius_batch4_e11,18,8,4,200803,25100.375,6275.09375,profile/ref/256s.log
256s,ref,gf_frobenius_batch4_e11,19,8,4,200803,25100.375,6275.09375,profile/ref/256s.log
256s,ref,gf_frobenius_batch4_e11,20,8,4,200803,25100.375,6275.09375,profile/ref/256s.log
256s,ref,gf_frobenius_batch4_e11,21,8,4,200803,25100.375,6275.09375,profile/ref/256s.log
256s,ref,gf_frobenius_batch4_e11,22,8,4,200803,25100.375,6275.09375,profile/ref/256s.log
256s,ref,gf_frobenius_batch4_e11,23,8,4,200803,25100.375,6275.09375,profile/ref/256s.log
256s,ref,gf_frobenius_batch4_e11,24,8,4,200803,25100.375,6275.09375,profile/ref/256s.log
256s,ref,gf_frobenius_batch4_e11,25,8,4,200803,25100.375,6275.09375,profile/ref/256s.log
256s,ref,gf_frobenius_batch4_e11,26,8,4,200803,25100.375,6275.09375,profile/ref/256s.log
256s,ref,gf_frobenius_batch4_e11,27,8,4,200803,25100.375,6275.09375,profile/ref/256s.log
256s,ref,gf_frobenius_batch4_e11,28,8,4,200803,25100.375,6275.09375,profile/ref/256s.log
256s,ref,gf_frobenius_batch4_e11,29,8,4,200803,25100.375,6275.09375,profile/ref/256s.log
256s,ref,gf_frobenius_batch4_e11,30,8,4,200803,25100.375,6275.09375,profile/ref/256s.log
256s,ref,gf_frobenius_batch4_e19,0,8,4,346284,43285.5,10821.375,profile/ref/256s.log
256s,ref,gf_frobenius_batch4_e19,1,8,4,346211,43276.375,10819.09375,profile/ref/256s.log
256s,ref,gf_frobenius_batch4_e19,2,8,4,346211,43276.375,10819.09375,profile/ref/256s.log
256s,ref,gf_frobenius_batch4_e19,3,8,4,346211,43276.375,10819.09375,profile/ref/256s.log
256s,ref,gf_frobenius_batch4_e19,4,8,4,346211,43276.375,10819.09375,profile/ref/256s.log
256s,ref,gf_frobenius_batch4_e19,5,8,4,346211,43276.375,10819.09375,profile/ref/256s.log
256s,ref,gf_frobenius_batch4_e19,6,8,4,346211,43276.375,10819.09375,profile/ref/256s.log
256s,ref,gf_frobenius_batch4_e19,7,8,4,346211,43276.375,10819.09375,profile/ref/256s.log
256s,ref,gf_frobenius_batch4_e19,8,8,4,346211,43276.375,10819.09375,profile/ref/256s.log
256s,ref,gf_frobenius_batch4_e19,9,8,4,346211,43276.375,10819.09375,profile/ref/256s.log
256s,ref,gf_frobenius_batch4_e19,10,8,4,346211,43276.375,10819.09375,profile/ref/256s.log
256s,ref,gf_frobenius_batch4_e19,11,8,4,346211,43276.375,10819.09375,profile/ref/256s.log
256s,ref,gf_frobenius_batch4_e19,12,8,4,346211,43276.375,10819.09375,profile/ref/256s.log
256s,ref,gf_frobenius_batch4_e19,13,8,4,346211,43276.375,10819.09375,profile/ref/256s.log
256s,ref,gf_frobenius_batch4_e19,14,8,4,346211,43276.375,10819.09375,profile/ref/256s.log
256s,ref,gf_frobenius_batch4_e19,15,8,4,346211,43276.375,10819.09375,profile/ref/256s.log
256s,ref,gf_frobenius_batch4_e19,16,8,4,346211,43276.375,10819.09375,profile/ref/256s.log
256s,ref,gf_frobenius_batch4_e19,17,8,4,346211,43276.375,10819.09375,profile/ref/256s.log
256s,ref,gf_frobenius_batch4_e19,18,8,4,346211,43276.375,10819.09375,profile/ref/256s.log
256s,ref,gf_frobenius_batch4_e19,19,8,4,346211,43276.375,10819.09375,profile/ref/256s.log
256s,ref,gf_frobenius_batch4_e19,20,8,4,346211,43276.375,10819.09375,profile/ref/256s.log
256s,ref,gf_frobenius_batch4_e19,21,8,4,346211,43276.375,10819.09375,profile/ref/256s.log
256s,ref,gf_frobenius_batch4_e19,22,8,4,346211,43276.375,10819.09375,profile/ref/256s.log
256s,ref,gf_frobenius_batch4_e19,23,8,4,346211,43276.375,10819.09375,profile/ref/256s.log
256s,ref,gf_frobenius_batch4_e19,24,8,4,346211,43276.375,10819.09375,profile/ref/256s.log
256s,ref,gf_frobenius_batch4_e19,25,8,4,346211,43276.375,10819.09375,profile/ref/256s.log
256s,ref,gf_frobenius_batch4_e19,26,8,4,346211,43276.375,10819.09375,profile/ref/256s.log
256s,ref,gf_frobenius_batch4_e19,27,8,4,346211,43276.375,10819.09375,profile/ref/256s.log
256s,ref,gf_frobenius_batch4_e19,28,8,4,346211,43276.375,10819.09375,profile/ref/256s.log
256s,ref,gf_frobenius_batch4_e19,29,8,4,346211,43276.375,10819.09375,profile/ref/256s.log
256s,ref,gf_frobenius_batch4_e19,30,8,4,346211,43276.375,10819.09375,profile/ref/256s.log
256s,ref,gf_mul_const_batch4,0,64,4,3641082,56891.90625,14222.9765625,profile/ref/256s.log
256s,ref,gf_mul_const_batch4,1,64,4,3639191,56862.359375,14215.58984375,profile/ref/256s.log
256s,ref,gf_mul_const_batch4,2,64,4,3639021,56859.703125,14214.92578125,profile/ref/256s.log
256s,ref,gf_mul_const_batch4,3,64,4,3638890,56857.65625,14214.4140625,profile/ref/256s.log
256s,ref,gf_mul_const_batch4,4,64,4,3638914,56858.03125,14214.5078125,profile/ref/256s.log
256s,ref,gf_mul_const_batch4,5,64,4,3638894,56857.71875,14214.4296875,profile/ref/256s.log
256s,ref,gf_mul_const_batch4,6,64,4,3638910,56857.96875,14214.4921875,profile/ref/256s.log
256s,ref,gf_mul_const_batch4,7,64,4,3638892,56857.6875,14214.421875,profile/ref/256s.log
256s,ref,gf_mul_const_batch4,8,64,4,3638911,56857.984375,14214.49609375,profile/ref/256s.log
256s,ref,gf_mul_const_batch4,9,64,4,3638894,56857.71875,14214.4296875,profile/ref/256s.log
256s,ref,gf_mul_const_batch4,10,64,4,3638913,56858.015625,14214.50390625,profile/ref/256s.log
256s,ref,gf_mul_const_batch4,11,64,4,3638899,56857.796875,14214.44921875,profile/ref/256s.log
256s,ref,gf_mul_const_batch4,12,64,4,3638913,56858.015625,14214.50390625,profile/ref/256s.log
256s,ref,gf_mul_const_batch4,13,64,4,3638890,56857.65625,14214.4140625,profile/ref/256s.log
256s,ref,gf_mul_const_batch4,14,64,4,3638913,56858.015625,14214.50390625,profile/ref/256s.log
256s,ref,gf_mul_const_batch4,15,64,4,3638895,56857.734375,14214.43359375,profile/ref/256s.log
256s,ref,gf_mul_const_batch4,16,64,4,3638910,56857.96875,14214.4921875,profile/ref/256s.log
256s,ref,gf_mul_const_batch4,17,64,4,3638892,56857.6875,14214.421875,profile/ref/256s.log
256s,ref,gf_mul_const_batch4,18,64,4,3638911,56857.984375,14214.49609375,profile/ref/256s.log
256s,ref,gf_mul_const_batch4,19,64,4,3638894,56857.71875,14214.4296875,profile/ref/256s.log
256s,ref,gf_mul_const_batch4,20,64,4,3638914,56858.03125,14214.5078125,profile/ref/256s.log
256s,ref,gf_mul_const_batch4,21,64,4,3638898,56857.78125,14214.4453125,profile/ref/256s.log
256s,ref,gf_mul_const_batch4,22,64,4,3638913,56858.015625,14214.50390625,profile/ref/256s.log
256s,ref,gf_mul_const_batch4,23,64,4,3638890,56857.65625,14214.4140625,profile/ref/256s.log
256s,ref,gf_mul_const_batch4,24,64,4,3638913,56858.015625,14214.50390625,profile/ref/256s.log
256s,ref,gf_mul_const_batch4,25,64,4,3638895,56857.734375,14214.43359375,profile/ref/256s.log
256s,ref,gf_mul_const_batch4,26,64,4,3638910,56857.96875,14214.4921875,profile/ref/256s.log
256s,ref,gf_mul_const_batch4,27,64,4,3638892,56857.6875,14214.421875,profile/ref/256s.log
256s,ref,gf_mul_const_batch4,28,64,4,3638911,56857.984375,14214.49609375,profile/ref/256s.log
256s,ref,gf_mul_const_batch4,29,64,4,3638894,56857.71875,14214.4296875,profile/ref/256s.log
256s,ref,gf_mul_const_batch4,30,64,4,3638913,56858.015625,14214.50390625,profile/ref/256s.log
256s,ref,aim3_mpc_batch4,0,8,4,4118486,514810.75,128702.6875,profile/ref/256s.log
256s,ref,aim3_mpc_batch4,1,8,4,4102374,512796.75,128199.1875,profile/ref/256s.log
256s,ref,aim3_mpc_batch4,2,8,4,4095402,511925.25,127981.3125,profile/ref/256s.log
256s,ref,aim3_mpc_batch4,3,8,4,4092121,511515.125,127878.78125,profile/ref/256s.log
256s,ref,aim3_mpc_batch4,4,8,4,4091904,511488.0,127872.0,profile/ref/256s.log
256s,ref,aim3_mpc_batch4,5,8,4,4093029,511628.625,127907.15625,profile/ref/256s.log
256s,ref,aim3_mpc_batch4,6,8,4,4093014,511626.75,127906.6875,profile/ref/256s.log
256s,ref,aim3_mpc_batch4,7,8,4,4092969,511621.125,127905.28125,profile/ref/256s.log
256s,ref,aim3_mpc_batch4,8,8,4,4093029,511628.625,127907.15625,profile/ref/256s.log
256s,ref,aim3_mpc_batch4,9,8,4,4093014,511626.75,127906.6875,profile/ref/256s.log
256s,ref,aim3_mpc_batch4,10,8,4,4092969,511621.125,127905.28125,profile/ref/256s.log
256s,ref,aim3_mpc_batch4,11,8,4,4093029,511628.625,127907.15625,profile/ref/256s.log
256s,ref,aim3_mpc_batch4,12,8,4,4093014,511626.75,127906.6875,profile/ref/256s.log
256s,ref,aim3_mpc_batch4,13,8,4,4092969,511621.125,127905.28125,profile/ref/256s.log
256s,ref,aim3_mpc_batch4,14,8,4,4093029,511628.625,127907.15625,profile/ref/256s.log
256s,ref,aim3_mpc_batch4,15,8,4,4093014,511626.75,127906.6875,profile/ref/256s.log
256s,ref,aim3_mpc_batch4,16,8,4,4092969,511621.125,127905.28125,profile/ref/256s.log
256s,ref,aim3_mpc_batch4,17,8,4,4093029,511628.625,127907.15625,profile/ref/256s.log
256s,ref,aim3_mpc_batch4,18,8,4,4093014,511626.75,127906.6875,profile/ref/256s.log
256s,ref,aim3_mpc_batch4,19,8,4,4092969,511621.125,127905.28125,profile/ref/256s.log
256s,ref,aim3_mpc_batch4,20,8,4,4093029,511628.625,127907.15625,profile/ref/256s.log
256s,ref,aim3_mpc_batch4,21,8,4,4093014,511626.75,127906.6875,profile/ref/256s.log
256s,ref,aim3_mpc_batch4,22,8,4,4092969,511621.125,127905.28125,profile/ref/256s.log
256s,ref,aim3_mpc_batch4,23,8,4,4093029,511628.625,127907.15625,profile/ref/256s.log
256s,ref,aim3_mpc_batch4,24,8,4,4093014,511626.75,127906.6875,profile/ref/256s.log
256s,ref,aim3_mpc_batch4,25,8,4,4092969,511621.125,127905.28125,profile/ref/256s.log
256s,ref,aim3_mpc_batch4,26,8,4,4093029,511628.625,127907.15625,profile/ref/256s.log
256s,ref,aim3_mpc_batch4,27,8,4,4093014,511626.75,127906.6875,profile/ref/256s.log
256s,ref,aim3_mpc_batch4,28,8,4,4092969,511621.125,127905.28125,profile/ref/256s.log
256s,ref,aim3_mpc_batch4,29,8,4,4093029,511628.625,127907.15625,profile/ref/256s.log
256s,ref,aim3_mpc_batch4,30,8,4,4093014,511626.75,127906.6875,profile/ref/256s.log
256s,ref,aim3_mpc_batch4_affine,0,8,4,3379188,422398.5,105599.625,profile/ref/256s.log
256s,ref,aim3_mpc_batch4_affine,1,8,4,3364216,420527.0,105131.75,profile/ref/256s.log
256s,ref,aim3_mpc_batch4_affine,2,8,4,3357344,419668.0,104917.0,profile/ref/256s.log
256s,ref,aim3_mpc_batch4_affine,3,8,4,3354128,419266.0,104816.5,profile/ref/256s.log
256s,ref,aim3_mpc_batch4_affine,4,8,4,3353916,419239.5,104809.875,profile/ref/256s.log
256s,ref,aim3_mpc_batch4_affine,5,8,4,3355045,419380.625,104845.15625,profile/ref/256s.log
256s,ref,aim3_mpc_batch4_affine,6,8,4,3355031,419378.875,104844.71875,profile/ref/256s.log
256s,ref,aim3_mpc_batch4_affine,7,8,4,3354985,419373.125,104843.28125,profile/ref/256s.log
256s,ref,aim3_mpc_batch4_affine,8,8,4,3355045,419380.625,104845.15625,profile/ref/256s.log
256s,ref,aim3_mpc_batch4_affine,9,8,4,3355031,419378.875,104844.71875,profile/ref/256s.log
256s,ref,aim3_mpc_batch4_affine,10,8,4,3354985,419373.125,104843.28125,profile/ref/256s.log
256s,ref,aim3_mpc_batch4_affine,11,8,4,3355045,419380.625,104845.15625,profile/ref/256s.log
256s,ref,aim3_mpc_batch4_affine,12,8,4,3355031,419378.875,104844.71875,profile/ref/256s.log
256s,ref,aim3_mpc_batch4_affine,13,8,4,3354985,419373.125,104843.28125,profile/ref/256s.log
256s,ref,aim3_mpc_batch4_affine,14,8,4,3355045,419380.625,104845.15625,profile/ref/256s.log
256s,ref,aim3_mpc_batch4_affine,15,8,4,3355031,419378.875,104844.71875,profile/ref/256s.log
256s,ref,aim3_mpc_batch4_affine,16,8,4,3354985,419373.125,104843.28125,profile/ref/256s.log
256s,ref,aim3_mpc_batch4_affine,17,8,4,3355045,419380.625,104845.15625,profile/ref/256s.log
256s,ref,aim3_mpc_batch4_affine,18,8,4,3355031,419378.875,104844.71875,profile/ref/256s.log
256s,ref,aim3_mpc_batch4_affine,19,8,4,3354983,419372.875,104843.21875,profile/ref/256s.log
256s,ref,aim3_mpc_batch4_affine,20,8,4,3355045,419380.625,104845.15625,profile/ref/256s.log
256s,ref,aim3_mpc_batch4_affine,21,8,4,3355031,419378.875,104844.71875,profile/ref/256s.log
256s,ref,aim3_mpc_batch4_affine,22,8,4,3354985,419373.125,104843.28125,profile/ref/256s.log
256s,ref,aim3_mpc_batch4_affine,23,8,4,3355045,419380.625,104845.15625,profile/ref/256s.log
256s,ref,aim3_mpc_batch4_affine,24,8,4,3355031,419378.875,104844.71875,profile/ref/256s.log
256s,ref,aim3_mpc_batch4_affine,25,8,4,3354985,419373.125,104843.28125,profile/ref/256s.log
256s,ref,aim3_mpc_batch4_affine,26,8,4,3355045,419380.625,104845.15625,profile/ref/256s.log
256s,ref,aim3_mpc_batch4_affine,27,8,4,3355031,419378.875,104844.71875,profile/ref/256s.log
256s,ref,aim3_mpc_batch4_affine,28,8,4,3354985,419373.125,104843.28125,profile/ref/256s.log
256s,ref,aim3_mpc_batch4_affine,29,8,4,3355045,419380.625,104845.15625,profile/ref/256s.log
256s,ref,aim3_mpc_batch4_affine,30,8,4,3355031,419378.875,104844.71875,profile/ref/256s.log
256s,ref,aim3_mpc_batch4_frobenius,0,8,4,737480,92185.0,23046.25,profile/ref/256s.log
256s,ref,aim3_mpc_batch4_frobenius,1,8,4,736448,92056.0,23014.0,profile/ref/256s.log
256s,ref,aim3_mpc_batch4_frobenius,2,8,4,736410,92051.25,23012.8125,profile/ref/256s.log
256s,ref,aim3_mpc_batch4_frobenius,3,8,4,736344,92043.0,23010.75,profile/ref/256s.log
256s,ref,aim3_mpc_batch4_frobenius,4,8,4,736344,92043.0,23010.75,profile/ref/256s.log
256s,ref,aim3_mpc_batch4_frobenius,5,8,4,736344,92043.0,23010.75,profile/ref/256s.log
256s,ref,aim3_mpc_batch4_frobenius,6,8,4,736344,92043.0,23010.75,profile/ref/256s.log
256s,ref,aim3_mpc_batch4_frobenius,7,8,4,736344,92043.0,23010.75,profile/ref/256s.log
256s,ref,aim3_mpc_batch4_frobenius,8,8,4,736344,92043.0,23010.75,profile/ref/256s.log
256s,ref,aim3_mpc_batch4_frobenius,9,8,4,736344,92043.0,23010.75,profile/ref/256s.log
256s,ref,aim3_mpc_batch4_frobenius,10,8,4,736344,92043.0,23010.75,profile/ref/256s.log
256s,ref,aim3_mpc_batch4_frobenius,11,8,4,736344,92043.0,23010.75,profile/ref/256s.log
256s,ref,aim3_mpc_batch4_frobenius,12,8,4,736344,92043.0,23010.75,profile/ref/256s.log
256s,ref,aim3_mpc_batch4_frobenius,13,8,4,736344,92043.0,23010.75,profile/ref/256s.log
256s,ref,aim3_mpc_batch4_frobenius,14,8,4,736344,92043.0,23010.75,profile/ref/256s.log
256s,ref,aim3_mpc_batch4_frobenius,15,8,4,736344,92043.0,23010.75,profile/ref/256s.log
256s,ref,aim3_mpc_batch4_frobenius,16,8,4,736344,92043.0,23010.75,profile/ref/256s.log
256s,ref,aim3_mpc_batch4_frobenius,17,8,4,736344,92043.0,23010.75,profile/ref/256s.log
256s,ref,aim3_mpc_batch4_frobenius,18,8,4,736344,92043.0,23010.75,profile/ref/256s.log
256s,ref,aim3_mpc_batch4_frobenius,19,8,4,736344,92043.0,23010.75,profile/ref/256s.log
256s,ref,aim3_mpc_batch4_frobenius,20,8,4,736344,92043.0,23010.75,profile/ref/256s.log
256s,ref,aim3_mpc_batch4_frobenius,21,8,4,736344,92043.0,23010.75,profile/ref/256s.log
256s,ref,aim3_mpc_batch4_frobenius,22,8,4,736344,92043.0,23010.75,profile/ref/256s.log
256s,ref,aim3_mpc_batch4_frobenius,23,8,4,736344,92043.0,23010.75,profile/ref/256s.log
256s,ref,aim3_mpc_batch4_frobenius,24,8,4,736344,92043.0,23010.75,profile/ref/256s.log
256s,ref,aim3_mpc_batch4_frobenius,25,8,4,736344,92043.0,23010.75,profile/ref/256s.log
256s,ref,aim3_mpc_batch4_frobenius,26,8,4,736344,92043.0,23010.75,profile/ref/256s.log
256s,ref,aim3_mpc_batch4_frobenius,27,8,4,736344,92043.0,23010.75,profile/ref/256s.log
256s,ref,aim3_mpc_batch4_frobenius,28,8,4,736344,92043.0,23010.75,profile/ref/256s.log
256s,ref,aim3_mpc_batch4_frobenius,29,8,4,736344,92043.0,23010.75,profile/ref/256s.log
256s,ref,aim3_mpc_batch4_frobenius,30,8,4,736344,92043.0,23010.75,profile/ref/256s.log
256s,ref,aim3_mpc_scalar,0,8,1,1020614,127576.75,127576.75,profile/ref/256s.log
256s,ref,aim3_mpc_scalar,1,8,1,1019910,127488.75,127488.75,profile/ref/256s.log
256s,ref,aim3_mpc_scalar,2,8,1,1019835,127479.375,127479.375,profile/ref/256s.log
256s,ref,aim3_mpc_scalar,3,8,1,1019850,127481.25,127481.25,profile/ref/256s.log
256s,ref,aim3_mpc_scalar,4,8,1,1019850,127481.25,127481.25,profile/ref/256s.log
256s,ref,aim3_mpc_scalar,5,8,1,1019850,127481.25,127481.25,profile/ref/256s.log
256s,ref,aim3_mpc_scalar,6,8,1,1019850,127481.25,127481.25,profile/ref/256s.log
256s,ref,aim3_mpc_scalar,7,8,1,1019850,127481.25,127481.25,profile/ref/256s.log
256s,ref,aim3_mpc_scalar,8,8,1,1019850,127481.25,127481.25,profile/ref/256s.log
256s,ref,aim3_mpc_scalar,9,8,1,1019850,127481.25,127481.25,profile/ref/256s.log
256s,ref,aim3_mpc_scalar,10,8,1,1019850,127481.25,127481.25,profile/ref/256s.log
256s,ref,aim3_mpc_scalar,11,8,1,1019850,127481.25,127481.25,profile/ref/256s.log
256s,ref,aim3_mpc_scalar,12,8,1,1019850,127481.25,127481.25,profile/ref/256s.log
256s,ref,aim3_mpc_scalar,13,8,1,1019850,127481.25,127481.25,profile/ref/256s.log
256s,ref,aim3_mpc_scalar,14,8,1,1019850,127481.25,127481.25,profile/ref/256s.log
256s,ref,aim3_mpc_scalar,15,8,1,1019851,127481.375,127481.375,profile/ref/256s.log
256s,ref,aim3_mpc_scalar,16,8,1,1019848,127481.0,127481.0,profile/ref/256s.log
256s,ref,aim3_mpc_scalar,17,8,1,1019850,127481.25,127481.25,profile/ref/256s.log
256s,ref,aim3_mpc_scalar,18,8,1,1019850,127481.25,127481.25,profile/ref/256s.log
256s,ref,aim3_mpc_scalar,19,8,1,1019850,127481.25,127481.25,profile/ref/256s.log
256s,ref,aim3_mpc_scalar,20,8,1,1019850,127481.25,127481.25,profile/ref/256s.log
256s,ref,aim3_mpc_scalar,21,8,1,1019850,127481.25,127481.25,profile/ref/256s.log
256s,ref,aim3_mpc_scalar,22,8,1,1019850,127481.25,127481.25,profile/ref/256s.log
256s,ref,aim3_mpc_scalar,23,8,1,1019850,127481.25,127481.25,profile/ref/256s.log
256s,ref,aim3_mpc_scalar,24,8,1,1019850,127481.25,127481.25,profile/ref/256s.log
256s,ref,aim3_mpc_scalar,25,8,1,1019850,127481.25,127481.25,profile/ref/256s.log
256s,ref,aim3_mpc_scalar,26,8,1,1019850,127481.25,127481.25,profile/ref/256s.log
256s,ref,aim3_mpc_scalar,27,8,1,1019850,127481.25,127481.25,profile/ref/256s.log
256s,ref,aim3_mpc_scalar,28,8,1,1019850,127481.25,127481.25,profile/ref/256s.log
256s,ref,aim3_mpc_scalar,29,8,1,1019850,127481.25,127481.25,profile/ref/256s.log
256s,ref,aim3_mpc_scalar,30,8,1,1019850,127481.25,127481.25,profile/ref/256s.log
