AFFINE_CONTEXT,result_dir=/Users/seungwon/AIMer3_on_AVX512/AIMer_v3/m55/benchmarks/results/affine-ablation-20260905-131658,source_sha256=2401098821284c320032ca8f57fd0fd1dca293ccde43f9a8af2b8c4e0e6875d8,command=make -B PARAM=256f BACKEND=mve MATVEC=reference TEST=profile MEMORY=full SIGN_SCHEDULE=lowmem STACK_USAGE=1 PROFILE_SAMPLES=31 PROFILE_KERNEL_INNER=64 PROFILE_COMPLEX_INNER=8 run-board 
/Users/seungwon/test/.tools/xpack-arm-none-eabi-gcc-15.2.1-1.1/bin/arm-none-eabi-gcc -DAIMER_MVE_BATCH -DAIMER_M55_REFERENCE_MATVEC -DAIMER_PHASE_PROFILE -DPARAMS=256f -DAIMER_BACKEND=mve -DAIMER_MATVEC=reference -DAIMER_CONFIG=mve_refmat -DBENCH_KERNEL_SAMPLES=31 -DBENCH_E2E_SAMPLES=7 -DBENCH_KERNEL_INNER=64 -DBENCH_WARMUP=1 -DPROFILE_SAMPLES=31 -DPROFILE_KERNEL_INNER=64 -DPROFILE_COMPLEX_INNER=8 -DUSE_HAL_DRIVER -DSTM32N657xx -Iinclude -I../src/sig/aimer/reference/aimer-256f -I../src -I/Users/seungwon/STM32CubeN6/Projects/NUCLEO-N657X0-Q/Templates/Template/FSBL/Inc -I/Users/seungwon/STM32CubeN6/Drivers/CMSIS/Include -I/Users/seungwon/STM32CubeN6/Drivers/CMSIS/Device/ST/STM32N6xx/Include -I/Users/seungwon/STM32CubeN6/Drivers/STM32N6xx_HAL_Driver/Inc -I/Users/seungwon/STM32CubeN6/Drivers/STM32N6xx_HAL_Driver/Inc/Legacy -O3 -std=c11 -fno-common -ffunction-sections -fdata-sections -fno-tree-vectorize -fno-tree-slp-vectorize -MMD -MP --specs=nosys.specs -Wall -Wextra -Wshadow -Wconversion -Wstrict-prototypes -mcpu=cortex-m55 -mthumb -mfloat-abi=hard -mcmse -fstack-usage -c benchmarks/profile.c -o build/full/256f/mve-refmat/profile/profile.c.o
/Users/seungwon/test/.tools/xpack-arm-none-eabi-gcc-15.2.1-1.1/bin/arm-none-eabi-gcc -DAIMER_MVE_BATCH -DAIMER_M55_REFERENCE_MATVEC -DAIMER_PHASE_PROFILE -DPARAMS=256f -DAIMER_BACKEND=mve -DAIMER_MATVEC=reference -DAIMER_CONFIG=mve_refmat -DBENCH_KERNEL_SAMPLES=31 -DBENCH_E2E_SAMPLES=7 -DBENCH_KERNEL_INNER=64 -DBENCH_WARMUP=1 -DPROFILE_SAMPLES=31 -DPROFILE_KERNEL_INNER=64 -DPROFILE_COMPLEX_INNER=8 -DUSE_HAL_DRIVER -DSTM32N657xx -Iinclude -I../src/sig/aimer/reference/aimer-256f -I../src -I/Users/seungwon/STM32CubeN6/Projects/NUCLEO-N657X0-Q/Templates/Template/FSBL/Inc -I/Users/seungwon/STM32CubeN6/Drivers/CMSIS/Include -I/Users/seungwon/STM32CubeN6/Drivers/CMSIS/Device/ST/STM32N6xx/Include -I/Users/seungwon/STM32CubeN6/Drivers/STM32N6xx_HAL_Driver/Inc -I/Users/seungwon/STM32CubeN6/Drivers/STM32N6xx_HAL_Driver/Inc/Legacy -O3 -std=c11 -fno-common -ffunction-sections -fdata-sections -fno-tree-vectorize -fno-tree-slp-vectorize -MMD -MP --specs=nosys.specs -Wall -Wextra -Wshadow -Wconversion -Wstrict-prototypes -mcpu=cortex-m55 -mthumb -mfloat-abi=hard -mcmse -fstack-usage -c src/mve/field_batch.c -o build/full/256f/mve-refmat/profile/field_batch.c.o
/Users/seungwon/test/.tools/xpack-arm-none-eabi-gcc-15.2.1-1.1/bin/arm-none-eabi-gcc -DAIMER_MVE_BATCH -DAIMER_M55_REFERENCE_MATVEC -DAIMER_PHASE_PROFILE -DPARAMS=256f -DAIMER_BACKEND=mve -DAIMER_MATVEC=reference -DAIMER_CONFIG=mve_refmat -DBENCH_KERNEL_SAMPLES=31 -DBENCH_E2E_SAMPLES=7 -DBENCH_KERNEL_INNER=64 -DBENCH_WARMUP=1 -DPROFILE_SAMPLES=31 -DPROFILE_KERNEL_INNER=64 -DPROFILE_COMPLEX_INNER=8 -DUSE_HAL_DRIVER -DSTM32N657xx -Iinclude -I../src/sig/aimer/reference/aimer-256f -I../src -I/Users/seungwon/STM32CubeN6/Projects/NUCLEO-N657X0-Q/Templates/Template/FSBL/Inc -I/Users/seungwon/STM32CubeN6/Drivers/CMSIS/Include -I/Users/seungwon/STM32CubeN6/Drivers/CMSIS/Device/ST/STM32N6xx/Include -I/Users/seungwon/STM32CubeN6/Drivers/STM32N6xx_HAL_Driver/Inc -I/Users/seungwon/STM32CubeN6/Drivers/STM32N6xx_HAL_Driver/Inc/Legacy -O3 -std=c11 -fno-common -ffunction-sections -fdata-sections -fno-tree-vectorize -fno-tree-slp-vectorize -MMD -MP --specs=nosys.specs -Wall -Wextra -Wshadow -Wconversion -Wstrict-prototypes -mcpu=cortex-m55 -mthumb -mfloat-abi=hard -mcmse -fstack-usage -c src/mve/mpc_batch.c -o build/full/256f/mve-refmat/profile/mpc_batch.c.o
/Users/seungwon/test/.tools/xpack-arm-none-eabi-gcc-15.2.1-1.1/bin/arm-none-eabi-gcc -DAIMER_MVE_BATCH -DAIMER_M55_REFERENCE_MATVEC -DAIMER_PHASE_PROFILE -DPARAMS=256f -DAIMER_BACKEND=mve -DAIMER_MATVEC=reference -DAIMER_CONFIG=mve_refmat -DBENCH_KERNEL_SAMPLES=31 -DBENCH_E2E_SAMPLES=7 -DBENCH_KERNEL_INNER=64 -DBENCH_WARMUP=1 -DPROFILE_SAMPLES=31 -DPROFILE_KERNEL_INNER=64 -DPROFILE_COMPLEX_INNER=8 -DUSE_HAL_DRIVER -DSTM32N657xx -Iinclude -I../src/sig/aimer/reference/aimer-256f -I../src -I/Users/seungwon/STM32CubeN6/Projects/NUCLEO-N657X0-Q/Templates/Template/FSBL/Inc -I/Users/seungwon/STM32CubeN6/Drivers/CMSIS/Include -I/Users/seungwon/STM32CubeN6/Drivers/CMSIS/Device/ST/STM32N6xx/Include -I/Users/seungwon/STM32CubeN6/Drivers/STM32N6xx_HAL_Driver/Inc -I/Users/seungwon/STM32CubeN6/Drivers/STM32N6xx_HAL_Driver/Inc/Legacy -O3 -std=c11 -fno-common -ffunction-sections -fdata-sections -fno-tree-vectorize -fno-tree-slp-vectorize -MMD -MP --specs=nosys.specs -Wall -Wextra -Wshadow -Wconversion -Wstrict-prototypes -mcpu=cortex-m55 -mthumb -mfloat-abi=hard -mcmse -fstack-usage -c ../src/sig/aimer/reference/aimer-256f/aim3.c -o build/full/256f/mve-refmat/profile/aim3.c.o
/Users/seungwon/test/.tools/xpack-arm-none-eabi-gcc-15.2.1-1.1/bin/arm-none-eabi-gcc -DAIMER_MVE_BATCH -DAIMER_M55_REFERENCE_MATVEC -DAIMER_PHASE_PROFILE -DPARAMS=256f -DAIMER_BACKEND=mve -DAIMER_MATVEC=reference -DAIMER_CONFIG=mve_refmat -DBENCH_KERNEL_SAMPLES=31 -DBENCH_E2E_SAMPLES=7 -DBENCH_KERNEL_INNER=64 -DBENCH_WARMUP=1 -DPROFILE_SAMPLES=31 -DPROFILE_KERNEL_INNER=64 -DPROFILE_COMPLEX_INNER=8 -DUSE_HAL_DRIVER -DSTM32N657xx -Iinclude -I../src/sig/aimer/reference/aimer-256f -I../src -I/Users/seungwon/STM32CubeN6/Projects/NUCLEO-N657X0-Q/Templates/Template/FSBL/Inc -I/Users/seungwon/STM32CubeN6/Drivers/CMSIS/Include -I/Users/seungwon/STM32CubeN6/Drivers/CMSIS/Device/ST/STM32N6xx/Include -I/Users/seungwon/STM32CubeN6/Drivers/STM32N6xx_HAL_Driver/Inc -I/Users/seungwon/STM32CubeN6/Drivers/STM32N6xx_HAL_Driver/Inc/Legacy -O3 -std=c11 -fno-common -ffunction-sections -fdata-sections -fno-tree-vectorize -fno-tree-slp-vectorize -MMD -MP --specs=nosys.specs -Wall -Wextra -Wshadow -Wconversion -Wstrict-prototypes -mcpu=cortex-m55 -mthumb -mfloat-abi=hard -mcmse -fstack-usage -c ../src/sig/aimer/reference/aimer-256f/hash.c -o build/full/256f/mve-refmat/profile/hash.c.o
/Users/seungwon/test/.tools/xpack-arm-none-eabi-gcc-15.2.1-1.1/bin/arm-none-eabi-gcc -DAIMER_MVE_BATCH -DAIMER_M55_REFERENCE_MATVEC -DAIMER_PHASE_PROFILE -DPARAMS=256f -DAIMER_BACKEND=mve -DAIMER_MATVEC=reference -DAIMER_CONFIG=mve_refmat -DBENCH_KERNEL_SAMPLES=31 -DBENCH_E2E_SAMPLES=7 -DBENCH_KERNEL_INNER=64 -DBENCH_WARMUP=1 -DPROFILE_SAMPLES=31 -DPROFILE_KERNEL_INNER=64 -DPROFILE_COMPLEX_INNER=8 -DUSE_HAL_DRIVER -DSTM32N657xx -Iinclude -I../src/sig/aimer/reference/aimer-256f -I../src -I/Users/seungwon/STM32CubeN6/Projects/NUCLEO-N657X0-Q/Templates/Template/FSBL/Inc -I/Users/seungwon/STM32CubeN6/Drivers/CMSIS/Include -I/Users/seungwon/STM32CubeN6/Drivers/CMSIS/Device/ST/STM32N6xx/Include -I/Users/seungwon/STM32CubeN6/Drivers/STM32N6xx_HAL_Driver/Inc -I/Users/seungwon/STM32CubeN6/Drivers/STM32N6xx_HAL_Driver/Inc/Legacy -O3 -std=c11 -fno-common -ffunction-sections -fdata-sections -fno-tree-vectorize -fno-tree-slp-vectorize -MMD -MP --specs=nosys.specs -Wall -Wextra -Wshadow -Wconversion -Wstrict-prototypes -mcpu=cortex-m55 -mthumb -mfloat-abi=hard -mcmse -fstack-usage -c ../src/sig/aimer/reference/aimer-256f/field_common.c -o build/full/256f/mve-refmat/profile/field_common.c.o
../src/sig/aimer/reference/aimer-256f/field_common.c: In function 'samsungsds_aimer_256f_ref_gf_from_bytes':
../src/sig/aimer/reference/aimer-256f/field_common.c:28:31: warning: conversion to 'size_t' {aka 'unsigned int'} from 'int' may change the sign of the result [-Wsign-conversion]
   28 |       u = (u << 8) | in[8 * i + j];
      |                               ^
/Users/seungwon/test/.tools/xpack-arm-none-eabi-gcc-15.2.1-1.1/bin/arm-none-eabi-gcc -DAIMER_MVE_BATCH -DAIMER_M55_REFERENCE_MATVEC -DAIMER_PHASE_PROFILE -DPARAMS=256f -DAIMER_BACKEND=mve -DAIMER_MATVEC=reference -DAIMER_CONFIG=mve_refmat -DBENCH_KERNEL_SAMPLES=31 -DBENCH_E2E_SAMPLES=7 -DBENCH_KERNEL_INNER=64 -DBENCH_WARMUP=1 -DPROFILE_SAMPLES=31 -DPROFILE_KERNEL_INNER=64 -DPROFILE_COMPLEX_INNER=8 -DUSE_HAL_DRIVER -DSTM32N657xx -Iinclude -I../src/sig/aimer/reference/aimer-256f -I../src -I/Users/seungwon/STM32CubeN6/Projects/NUCLEO-N657X0-Q/Templates/Template/FSBL/Inc -I/Users/seungwon/STM32CubeN6/Drivers/CMSIS/Include -I/Users/seungwon/STM32CubeN6/Drivers/CMSIS/Device/ST/STM32N6xx/Include -I/Users/seungwon/STM32CubeN6/Drivers/STM32N6xx_HAL_Driver/Inc -I/Users/seungwon/STM32CubeN6/Drivers/STM32N6xx_HAL_Driver/Inc/Legacy -O3 -std=c11 -fno-common -ffunction-sections -fdata-sections -fno-tree-vectorize -fno-tree-slp-vectorize -MMD -MP --specs=nosys.specs -Wall -Wextra -Wshadow -Wconversion -Wstrict-prototypes -mcpu=cortex-m55 -mthumb -mfloat-abi=hard -mcmse -fstack-usage -c src/mve/field_mve.c -o build/full/256f/mve-refmat/profile/field_mve.c.o
/Users/seungwon/test/.tools/xpack-arm-none-eabi-gcc-15.2.1-1.1/bin/arm-none-eabi-gcc -DAIMER_MVE_BATCH -DAIMER_M55_REFERENCE_MATVEC -DAIMER_PHASE_PROFILE -DPARAMS=256f -DAIMER_BACKEND=mve -DAIMER_MATVEC=reference -DAIMER_CONFIG=mve_refmat -DBENCH_KERNEL_SAMPLES=31 -DBENCH_E2E_SAMPLES=7 -DBENCH_KERNEL_INNER=64 -DBENCH_WARMUP=1 -DPROFILE_SAMPLES=31 -DPROFILE_KERNEL_INNER=64 -DPROFILE_COMPLEX_INNER=8 -DUSE_HAL_DRIVER -DSTM32N657xx -Iinclude -I../src/sig/aimer/reference/aimer-256f -I../src -I/Users/seungwon/STM32CubeN6/Projects/NUCLEO-N657X0-Q/Templates/Template/FSBL/Inc -I/Users/seungwon/STM32CubeN6/Drivers/CMSIS/Include -I/Users/seungwon/STM32CubeN6/Drivers/CMSIS/Device/ST/STM32N6xx/Include -I/Users/seungwon/STM32CubeN6/Drivers/STM32N6xx_HAL_Driver/Inc -I/Users/seungwon/STM32CubeN6/Drivers/STM32N6xx_HAL_Driver/Inc/Legacy -O3 -std=c11 -fno-common -ffunction-sections -fdata-sections -fno-tree-vectorize -fno-tree-slp-vectorize -MMD -MP --specs=nosys.specs -Wall -Wextra -Wshadow -Wconversion -Wstrict-prototypes -mcpu=cortex-m55 -mthumb -mfloat-abi=hard -mcmse -fstack-usage -c src/ref/matvec_reference.c -o build/full/256f/mve-refmat/profile/matvec_reference.c.o
/Users/seungwon/test/.tools/xpack-arm-none-eabi-gcc-15.2.1-1.1/bin/arm-none-eabi-gcc -DAIMER_MVE_BATCH -DAIMER_M55_REFERENCE_MATVEC -DAIMER_PHASE_PROFILE -DPARAMS=256f -DAIMER_BACKEND=mve -DAIMER_MATVEC=reference -DAIMER_CONFIG=mve_refmat -DBENCH_KERNEL_SAMPLES=31 -DBENCH_E2E_SAMPLES=7 -DBENCH_KERNEL_INNER=64 -DBENCH_WARMUP=1 -DPROFILE_SAMPLES=31 -DPROFILE_KERNEL_INNER=64 -DPROFILE_COMPLEX_INNER=8 -DUSE_HAL_DRIVER -DSTM32N657xx -Iinclude -I../src/sig/aimer/reference/aimer-256f -I../src -I/Users/seungwon/STM32CubeN6/Projects/NUCLEO-N657X0-Q/Templates/Template/FSBL/Inc -I/Users/seungwon/STM32CubeN6/Drivers/CMSIS/Include -I/Users/seungwon/STM32CubeN6/Drivers/CMSIS/Device/ST/STM32N6xx/Include -I/Users/seungwon/STM32CubeN6/Drivers/STM32N6xx_HAL_Driver/Inc -I/Users/seungwon/STM32CubeN6/Drivers/STM32N6xx_HAL_Driver/Inc/Legacy -O3 -std=c11 -fno-common -ffunction-sections -fdata-sections -fno-tree-vectorize -fno-tree-slp-vectorize -MMD -MP --specs=nosys.specs -Wall -Wextra -Wshadow -Wconversion -Wstrict-prototypes -mcpu=cortex-m55 -mthumb -mfloat-abi=hard -mcmse -fstack-usage -c ../src/common/fips202.c -o build/full/256f/mve-refmat/profile/fips202.c.o
/Users/seungwon/test/.tools/xpack-arm-none-eabi-gcc-15.2.1-1.1/bin/arm-none-eabi-gcc -DAIMER_MVE_BATCH -DAIMER_M55_REFERENCE_MATVEC -DAIMER_PHASE_PROFILE -DPARAMS=256f -DAIMER_BACKEND=mve -DAIMER_MATVEC=reference -DAIMER_CONFIG=mve_refmat -DBENCH_KERNEL_SAMPLES=31 -DBENCH_E2E_SAMPLES=7 -DBENCH_KERNEL_INNER=64 -DBENCH_WARMUP=1 -DPROFILE_SAMPLES=31 -DPROFILE_KERNEL_INNER=64 -DPROFILE_COMPLEX_INNER=8 -DUSE_HAL_DRIVER -DSTM32N657xx -Iinclude -I../src/sig/aimer/reference/aimer-256f -I../src -I/Users/seungwon/STM32CubeN6/Projects/NUCLEO-N657X0-Q/Templates/Template/FSBL/Inc -I/Users/seungwon/STM32CubeN6/Drivers/CMSIS/Include -I/Users/seungwon/STM32CubeN6/Drivers/CMSIS/Device/ST/STM32N6xx/Include -I/Users/seungwon/STM32CubeN6/Drivers/STM32N6xx_HAL_Driver/Inc -I/Users/seungwon/STM32CubeN6/Drivers/STM32N6xx_HAL_Driver/Inc/Legacy -O3 -std=c11 -fno-common -ffunction-sections -fdata-sections -fno-tree-vectorize -fno-tree-slp-vectorize -MMD -MP --specs=nosys.specs -Wall -Wextra -Wshadow -Wconversion -Wstrict-prototypes -mcpu=cortex-m55 -mthumb -mfloat-abi=hard -mcmse -fstack-usage -c toolchain/board/nucleo-n657x0-q/platform.c -o build/full/256f/mve-refmat/profile/platform.c.o
In file included from /Users/seungwon/STM32CubeN6/Drivers/CMSIS/Include/core_cm55.h:4605,
                 from /Users/seungwon/STM32CubeN6/Drivers/CMSIS/Device/ST/STM32N6xx/Include/stm32n657xx.h:281,
                 from /Users/seungwon/STM32CubeN6/Drivers/CMSIS/Device/ST/STM32N6xx/Include/stm32n6xx.h:87,
                 from /Users/seungwon/STM32CubeN6/Drivers/STM32N6xx_HAL_Driver/Inc/stm32n6xx_hal_def.h:33,
                 from /Users/seungwon/STM32CubeN6/Drivers/STM32N6xx_HAL_Driver/Inc/stm32n6xx_hal_rcc.h:28,
                 from /Users/seungwon/STM32CubeN6/Projects/NUCLEO-N657X0-Q/Templates/Template/FSBL/Inc/stm32n6xx_hal_conf.h:253,
                 from /Users/seungwon/STM32CubeN6/Drivers/STM32N6xx_HAL_Driver/Inc/stm32n6xx_hal.h:29,
                 from toolchain/board/nucleo-n657x0-q/platform.c:5:
/Users/seungwon/STM32CubeN6/Drivers/CMSIS/Include/m-profile/armv7m_cachel1.h: In function 'SCB_InvalidateICache_by_Addr':
/Users/seungwon/STM32CubeN6/Drivers/CMSIS/Include/m-profile/armv7m_cachel1.h:117:32: warning: conversion to 'long unsigned int' from 'int32_t' {aka 'long int'} may change the sign of the result [-Wsign-conversion]
  117 |        int32_t op_size = isize + (((uint32_t)addr) & (__SCB_ICACHE_LINE_SIZE - 1U));
      |                                ^
/Users/seungwon/STM32CubeN6/Drivers/CMSIS/Include/m-profile/armv7m_cachel1.h:117:26: warning: conversion to 'int32_t' {aka 'long int'} from 'long unsigned int' may change the sign of the result [-Wsign-conversion]
  117 |        int32_t op_size = isize + (((uint32_t)addr) & (__SCB_ICACHE_LINE_SIZE - 1U));
      |                          ^~~~~
/Users/seungwon/STM32CubeN6/Drivers/CMSIS/Include/m-profile/armv7m_cachel1.h:125:17: warning: conversion to 'long unsigned int' from 'int32_t' {aka 'long int'} may change the sign of the result [-Wsign-conversion]
  125 |         op_size -= __SCB_ICACHE_LINE_SIZE;
      |                 ^~
/Users/seungwon/STM32CubeN6/Drivers/CMSIS/Include/m-profile/armv7m_cachel1.h:48:33: warning: conversion to 'int32_t' {aka 'long int'} from 'long unsigned int' may change the sign of the result [-Wsign-conversion]
   48 | #define __SCB_ICACHE_LINE_SIZE  32U /*!< Cortex-M7 cache line size is fixed to 32 bytes (8 words). See also register SCB_CCSIDR */
      |                                 ^~~
/Users/seungwon/STM32CubeN6/Drivers/CMSIS/Include/m-profile/armv7m_cachel1.h:125:20: note: in expansion of macro '__SCB_ICACHE_LINE_SIZE'
  125 |         op_size -= __SCB_ICACHE_LINE_SIZE;
      |                    ^~~~~~~~~~~~~~~~~~~~~~
/Users/seungwon/STM32CubeN6/Drivers/CMSIS/Include/m-profile/armv7m_cachel1.h: In function 'SCB_InvalidateDCache_by_Addr':
/Users/seungwon/STM32CubeN6/Drivers/CMSIS/Include/m-profile/armv7m_cachel1.h:360:32: warning: conversion to 'long unsigned int' from 'int32_t' {aka 'long int'} may change the sign of the result [-Wsign-conversion]
  360 |        int32_t op_size = dsize + (((uint32_t)addr) & (__SCB_DCACHE_LINE_SIZE - 1U));
      |                                ^
/Users/seungwon/STM32CubeN6/Drivers/CMSIS/Include/m-profile/armv7m_cachel1.h:360:26: warning: conversion to 'int32_t' {aka 'long int'} from 'long unsigned int' may change the sign of the result [-Wsign-conversion]
  360 |        int32_t op_size = dsize + (((uint32_t)addr) & (__SCB_DCACHE_LINE_SIZE - 1U));
      |                          ^~~~~
/Users/seungwon/STM32CubeN6/Drivers/CMSIS/Include/m-profile/armv7m_cachel1.h:368:17: warning: conversion to 'long unsigned int' from 'int32_t' {aka 'long int'} may change the sign of the result [-Wsign-conversion]
  368 |         op_size -= __SCB_DCACHE_LINE_SIZE;
      |                 ^~
/Users/seungwon/STM32CubeN6/Drivers/CMSIS/Include/m-profile/armv7m_cachel1.h:44:33: warning: conversion to 'int32_t' {aka 'long int'} from 'long unsigned int' may change the sign of the result [-Wsign-conversion]
   44 | #define __SCB_DCACHE_LINE_SIZE  32U /*!< Cortex-M7 cache line size is fixed to 32 bytes (8 words). See also register SCB_CCSIDR */
      |                                 ^~~
/Users/seungwon/STM32CubeN6/Drivers/CMSIS/Include/m-profile/armv7m_cachel1.h:368:20: note: in expansion of macro '__SCB_DCACHE_LINE_SIZE'
  368 |         op_size -= __SCB_DCACHE_LINE_SIZE;
      |                    ^~~~~~~~~~~~~~~~~~~~~~
/Users/seungwon/STM32CubeN6/Drivers/CMSIS/Include/m-profile/armv7m_cachel1.h: In function 'SCB_CleanDCache_by_Addr':
/Users/seungwon/STM32CubeN6/Drivers/CMSIS/Include/m-profile/armv7m_cachel1.h:390:32: warning: conversion to 'long unsigned int' from 'int32_t' {aka 'long int'} may change the sign of the result [-Wsign-conversion]
  390 |        int32_t op_size = dsize + (((uint32_t)addr) & (__SCB_DCACHE_LINE_SIZE - 1U));
      |                                ^
/Users/seungwon/STM32CubeN6/Drivers/CMSIS/Include/m-profile/armv7m_cachel1.h:390:26: warning: conversion to 'int32_t' {aka 'long int'} from 'long unsigned int' may change the sign of the result [-Wsign-conversion]
  390 |        int32_t op_size = dsize + (((uint32_t)addr) & (__SCB_DCACHE_LINE_SIZE - 1U));
      |                          ^~~~~
/Users/seungwon/STM32CubeN6/Drivers/CMSIS/Include/m-profile/armv7m_cachel1.h:398:17: warning: conversion to 'long unsigned int' from 'int32_t' {aka 'long int'} may change the sign of the result [-Wsign-conversion]
  398 |         op_size -= __SCB_DCACHE_LINE_SIZE;
      |                 ^~
/Users/seungwon/STM32CubeN6/Drivers/CMSIS/Include/m-profile/armv7m_cachel1.h:44:33: warning: conversion to 'int32_t' {aka 'long int'} from 'long unsigned int' may change the sign of the result [-Wsign-conversion]
   44 | #define __SCB_DCACHE_LINE_SIZE  32U /*!< Cortex-M7 cache line size is fixed to 32 bytes (8 words). See also register SCB_CCSIDR */
      |                                 ^~~
/Users/seungwon/STM32CubeN6/Drivers/CMSIS/Include/m-profile/armv7m_cachel1.h:398:20: note: in expansion of macro '__SCB_DCACHE_LINE_SIZE'
  398 |         op_size -= __SCB_DCACHE_LINE_SIZE;
      |                    ^~~~~~~~~~~~~~~~~~~~~~
/Users/seungwon/STM32CubeN6/Drivers/CMSIS/Include/m-profile/armv7m_cachel1.h: In function 'SCB_CleanInvalidateDCache_by_Addr':
/Users/seungwon/STM32CubeN6/Drivers/CMSIS/Include/m-profile/armv7m_cachel1.h:420:32: warning: conversion to 'long unsigned int' from 'int32_t' {aka 'long int'} may change the sign of the result [-Wsign-conversion]
  420 |        int32_t op_size = dsize + (((uint32_t)addr) & (__SCB_DCACHE_LINE_SIZE - 1U));
      |                                ^
/Users/seungwon/STM32CubeN6/Drivers/CMSIS/Include/m-profile/armv7m_cachel1.h:420:26: warning: conversion to 'int32_t' {aka 'long int'} from 'long unsigned int' may change the sign of the result [-Wsign-conversion]
  420 |        int32_t op_size = dsize + (((uint32_t)addr) & (__SCB_DCACHE_LINE_SIZE - 1U));
      |                          ^~~~~
/Users/seungwon/STM32CubeN6/Drivers/CMSIS/Include/m-profile/armv7m_cachel1.h:428:17: warning: conversion to 'long unsigned int' from 'int32_t' {aka 'long int'} may change the sign of the result [-Wsign-conversion]
  428 |         op_size -=          __SCB_DCACHE_LINE_SIZE;
      |                 ^~
/Users/seungwon/STM32CubeN6/Drivers/CMSIS/Include/m-profile/armv7m_cachel1.h:44:33: warning: conversion to 'int32_t' {aka 'long int'} from 'long unsigned int' may change the sign of the result [-Wsign-conversion]
   44 | #define __SCB_DCACHE_LINE_SIZE  32U /*!< Cortex-M7 cache line size is fixed to 32 bytes (8 words). See also register SCB_CCSIDR */
      |                                 ^~~
/Users/seungwon/STM32CubeN6/Drivers/CMSIS/Include/m-profile/armv7m_cachel1.h:428:29: note: in expansion of macro '__SCB_DCACHE_LINE_SIZE'
  428 |         op_size -=          __SCB_DCACHE_LINE_SIZE;
      |                             ^~~~~~~~~~~~~~~~~~~~~~
/Users/seungwon/test/.tools/xpack-arm-none-eabi-gcc-15.2.1-1.1/bin/arm-none-eabi-gcc -DAIMER_MVE_BATCH -DAIMER_M55_REFERENCE_MATVEC -DAIMER_PHASE_PROFILE -DPARAMS=256f -DAIMER_BACKEND=mve -DAIMER_MATVEC=reference -DAIMER_CONFIG=mve_refmat -DBENCH_KERNEL_SAMPLES=31 -DBENCH_E2E_SAMPLES=7 -DBENCH_KERNEL_INNER=64 -DBENCH_WARMUP=1 -DPROFILE_SAMPLES=31 -DPROFILE_KERNEL_INNER=64 -DPROFILE_COMPLEX_INNER=8 -DUSE_HAL_DRIVER -DSTM32N657xx -Iinclude -I../src/sig/aimer/reference/aimer-256f -I../src -I/Users/seungwon/STM32CubeN6/Projects/NUCLEO-N657X0-Q/Templates/Template/FSBL/Inc -I/Users/seungwon/STM32CubeN6/Drivers/CMSIS/Include -I/Users/seungwon/STM32CubeN6/Drivers/CMSIS/Device/ST/STM32N6xx/Include -I/Users/seungwon/STM32CubeN6/Drivers/STM32N6xx_HAL_Driver/Inc -I/Users/seungwon/STM32CubeN6/Drivers/STM32N6xx_HAL_Driver/Inc/Legacy -O3 -std=c11 -fno-common -ffunction-sections -fdata-sections -fno-tree-vectorize -fno-tree-slp-vectorize -MMD -MP --specs=nosys.specs -Wall -Wextra -Wshadow -Wconversion -Wstrict-prototypes -mcpu=cortex-m55 -mthumb -mfloat-abi=hard -mcmse -fstack-usage -c /Users/seungwon/STM32CubeN6/Projects/NUCLEO-N657X0-Q/Templates/Template/FSBL/Src/system_stm32n6xx_fsbl.c -o build/full/256f/mve-refmat/profile/system_stm32n6xx_fsbl.c.o
In file included from /Users/seungwon/STM32CubeN6/Drivers/CMSIS/Include/core_cm55.h:4605,
                 from /Users/seungwon/STM32CubeN6/Drivers/CMSIS/Device/ST/STM32N6xx/Include/stm32n657xx.h:281,
                 from /Users/seungwon/STM32CubeN6/Drivers/CMSIS/Device/ST/STM32N6xx/Include/stm32n6xx.h:87,
                 from /Users/seungwon/STM32CubeN6/Projects/NUCLEO-N657X0-Q/Templates/Template/FSBL/Src/system_stm32n6xx_fsbl.c:55:
/Users/seungwon/STM32CubeN6/Drivers/CMSIS/Include/m-profile/armv7m_cachel1.h: In function 'SCB_InvalidateICache_by_Addr':
/Users/seungwon/STM32CubeN6/Drivers/CMSIS/Include/m-profile/armv7m_cachel1.h:117:32: warning: conversion to 'long unsigned int' from 'int32_t' {aka 'long int'} may change the sign of the result [-Wsign-conversion]
  117 |        int32_t op_size = isize + (((uint32_t)addr) & (__SCB_ICACHE_LINE_SIZE - 1U));
      |                                ^
/Users/seungwon/STM32CubeN6/Drivers/CMSIS/Include/m-profile/armv7m_cachel1.h:117:26: warning: conversion to 'int32_t' {aka 'long int'} from 'long unsigned int' may change the sign of the result [-Wsign-conversion]
  117 |        int32_t op_size = isize + (((uint32_t)addr) & (__SCB_ICACHE_LINE_SIZE - 1U));
      |                          ^~~~~
/Users/seungwon/STM32CubeN6/Drivers/CMSIS/Include/m-profile/armv7m_cachel1.h:125:17: warning: conversion to 'long unsigned int' from 'int32_t' {aka 'long int'} may change the sign of the result [-Wsign-conversion]
  125 |         op_size -= __SCB_ICACHE_LINE_SIZE;
      |                 ^~
/Users/seungwon/STM32CubeN6/Drivers/CMSIS/Include/m-profile/armv7m_cachel1.h:48:33: warning: conversion to 'int32_t' {aka 'long int'} from 'long unsigned int' may change the sign of the result [-Wsign-conversion]
   48 | #define __SCB_ICACHE_LINE_SIZE  32U /*!< Cortex-M7 cache line size is fixed to 32 bytes (8 words). See also register SCB_CCSIDR */
      |                                 ^~~
/Users/seungwon/STM32CubeN6/Drivers/CMSIS/Include/m-profile/armv7m_cachel1.h:125:20: note: in expansion of macro '__SCB_ICACHE_LINE_SIZE'
  125 |         op_size -= __SCB_ICACHE_LINE_SIZE;
      |                    ^~~~~~~~~~~~~~~~~~~~~~
/Users/seungwon/STM32CubeN6/Drivers/CMSIS/Include/m-profile/armv7m_cachel1.h: In function 'SCB_InvalidateDCache_by_Addr':
/Users/seungwon/STM32CubeN6/Drivers/CMSIS/Include/m-profile/armv7m_cachel1.h:360:32: warning: conversion to 'long unsigned int' from 'int32_t' {aka 'long int'} may change the sign of the result [-Wsign-conversion]
  360 |        int32_t op_size = dsize + (((uint32_t)addr) & (__SCB_DCACHE_LINE_SIZE - 1U));
      |                                ^
/Users/seungwon/STM32CubeN6/Drivers/CMSIS/Include/m-profile/armv7m_cachel1.h:360:26: warning: conversion to 'int32_t' {aka 'long int'} from 'long unsigned int' may change the sign of the result [-Wsign-conversion]
  360 |        int32_t op_size = dsize + (((uint32_t)addr) & (__SCB_DCACHE_LINE_SIZE - 1U));
      |                          ^~~~~
/Users/seungwon/STM32CubeN6/Drivers/CMSIS/Include/m-profile/armv7m_cachel1.h:368:17: warning: conversion to 'long unsigned int' from 'int32_t' {aka 'long int'} may change the sign of the result [-Wsign-conversion]
  368 |         op_size -= __SCB_DCACHE_LINE_SIZE;
      |                 ^~
/Users/seungwon/STM32CubeN6/Drivers/CMSIS/Include/m-profile/armv7m_cachel1.h:44:33: warning: conversion to 'int32_t' {aka 'long int'} from 'long unsigned int' may change the sign of the result [-Wsign-conversion]
   44 | #define __SCB_DCACHE_LINE_SIZE  32U /*!< Cortex-M7 cache line size is fixed to 32 bytes (8 words). See also register SCB_CCSIDR */
      |                                 ^~~
/Users/seungwon/STM32CubeN6/Drivers/CMSIS/Include/m-profile/armv7m_cachel1.h:368:20: note: in expansion of macro '__SCB_DCACHE_LINE_SIZE'
  368 |         op_size -= __SCB_DCACHE_LINE_SIZE;
      |                    ^~~~~~~~~~~~~~~~~~~~~~
/Users/seungwon/STM32CubeN6/Drivers/CMSIS/Include/m-profile/armv7m_cachel1.h: In function 'SCB_CleanDCache_by_Addr':
/Users/seungwon/STM32CubeN6/Drivers/CMSIS/Include/m-profile/armv7m_cachel1.h:390:32: warning: conversion to 'long unsigned int' from 'int32_t' {aka 'long int'} may change the sign of the result [-Wsign-conversion]
  390 |        int32_t op_size = dsize + (((uint32_t)addr) & (__SCB_DCACHE_LINE_SIZE - 1U));
      |                                ^
/Users/seungwon/STM32CubeN6/Drivers/CMSIS/Include/m-profile/armv7m_cachel1.h:390:26: warning: conversion to 'int32_t' {aka 'long int'} from 'long unsigned int' may change the sign of the result [-Wsign-conversion]
  390 |        int32_t op_size = dsize + (((uint32_t)addr) & (__SCB_DCACHE_LINE_SIZE - 1U));
      |                          ^~~~~
/Users/seungwon/STM32CubeN6/Drivers/CMSIS/Include/m-profile/armv7m_cachel1.h:398:17: warning: conversion to 'long unsigned int' from 'int32_t' {aka 'long int'} may change the sign of the result [-Wsign-conversion]
  398 |         op_size -= __SCB_DCACHE_LINE_SIZE;
      |                 ^~
/Users/seungwon/STM32CubeN6/Drivers/CMSIS/Include/m-profile/armv7m_cachel1.h:44:33: warning: conversion to 'int32_t' {aka 'long int'} from 'long unsigned int' may change the sign of the result [-Wsign-conversion]
   44 | #define __SCB_DCACHE_LINE_SIZE  32U /*!< Cortex-M7 cache line size is fixed to 32 bytes (8 words). See also register SCB_CCSIDR */
      |                                 ^~~
/Users/seungwon/STM32CubeN6/Drivers/CMSIS/Include/m-profile/armv7m_cachel1.h:398:20: note: in expansion of macro '__SCB_DCACHE_LINE_SIZE'
  398 |         op_size -= __SCB_DCACHE_LINE_SIZE;
      |                    ^~~~~~~~~~~~~~~~~~~~~~
/Users/seungwon/STM32CubeN6/Drivers/CMSIS/Include/m-profile/armv7m_cachel1.h: In function 'SCB_CleanInvalidateDCache_by_Addr':
/Users/seungwon/STM32CubeN6/Drivers/CMSIS/Include/m-profile/armv7m_cachel1.h:420:32: warning: conversion to 'long unsigned int' from 'int32_t' {aka 'long int'} may change the sign of the result [-Wsign-conversion]
  420 |        int32_t op_size = dsize + (((uint32_t)addr) & (__SCB_DCACHE_LINE_SIZE - 1U));
      |                                ^
/Users/seungwon/STM32CubeN6/Drivers/CMSIS/Include/m-profile/armv7m_cachel1.h:420:26: warning: conversion to 'int32_t' {aka 'long int'} from 'long unsigned int' may change the sign of the result [-Wsign-conversion]
  420 |        int32_t op_size = dsize + (((uint32_t)addr) & (__SCB_DCACHE_LINE_SIZE - 1U));
      |                          ^~~~~
/Users/seungwon/STM32CubeN6/Drivers/CMSIS/Include/m-profile/armv7m_cachel1.h:428:17: warning: conversion to 'long unsigned int' from 'int32_t' {aka 'long int'} may change the sign of the result [-Wsign-conversion]
  428 |         op_size -=          __SCB_DCACHE_LINE_SIZE;
      |                 ^~
/Users/seungwon/STM32CubeN6/Drivers/CMSIS/Include/m-profile/armv7m_cachel1.h:44:33: warning: conversion to 'int32_t' {aka 'long int'} from 'long unsigned int' may change the sign of the result [-Wsign-conversion]
   44 | #define __SCB_DCACHE_LINE_SIZE  32U /*!< Cortex-M7 cache line size is fixed to 32 bytes (8 words). See also register SCB_CCSIDR */
      |                                 ^~~
/Users/seungwon/STM32CubeN6/Drivers/CMSIS/Include/m-profile/armv7m_cachel1.h:428:29: note: in expansion of macro '__SCB_DCACHE_LINE_SIZE'
  428 |         op_size -=          __SCB_DCACHE_LINE_SIZE;
      |                             ^~~~~~~~~~~~~~~~~~~~~~
/Users/seungwon/test/.tools/xpack-arm-none-eabi-gcc-15.2.1-1.1/bin/arm-none-eabi-gcc -DAIMER_MVE_BATCH -DAIMER_M55_REFERENCE_MATVEC -DAIMER_PHASE_PROFILE -DPARAMS=256f -DAIMER_BACKEND=mve -DAIMER_MATVEC=reference -DAIMER_CONFIG=mve_refmat -DBENCH_KERNEL_SAMPLES=31 -DBENCH_E2E_SAMPLES=7 -DBENCH_KERNEL_INNER=64 -DBENCH_WARMUP=1 -DPROFILE_SAMPLES=31 -DPROFILE_KERNEL_INNER=64 -DPROFILE_COMPLEX_INNER=8 -DUSE_HAL_DRIVER -DSTM32N657xx -Iinclude -I../src/sig/aimer/reference/aimer-256f -I../src -I/Users/seungwon/STM32CubeN6/Projects/NUCLEO-N657X0-Q/Templates/Template/FSBL/Inc -I/Users/seungwon/STM32CubeN6/Drivers/CMSIS/Include -I/Users/seungwon/STM32CubeN6/Drivers/CMSIS/Device/ST/STM32N6xx/Include -I/Users/seungwon/STM32CubeN6/Drivers/STM32N6xx_HAL_Driver/Inc -I/Users/seungwon/STM32CubeN6/Drivers/STM32N6xx_HAL_Driver/Inc/Legacy -O3 -std=c11 -fno-common -ffunction-sections -fdata-sections -fno-tree-vectorize -fno-tree-slp-vectorize -MMD -MP --specs=nosys.specs -Wall -Wextra -Wshadow -Wconversion -Wstrict-prototypes -mcpu=cortex-m55 -mthumb -mfloat-abi=hard -mcmse -fstack-usage -c /Users/seungwon/STM32CubeN6/Drivers/STM32N6xx_HAL_Driver/Src/stm32n6xx_hal.c -o build/full/256f/mve-refmat/profile/stm32n6xx_hal.c.o
In file included from /Users/seungwon/STM32CubeN6/Drivers/CMSIS/Include/core_cm55.h:4605,
                 from /Users/seungwon/STM32CubeN6/Drivers/CMSIS/Device/ST/STM32N6xx/Include/stm32n657xx.h:281,
                 from /Users/seungwon/STM32CubeN6/Drivers/CMSIS/Device/ST/STM32N6xx/Include/stm32n6xx.h:87,
                 from /Users/seungwon/STM32CubeN6/Drivers/STM32N6xx_HAL_Driver/Inc/stm32n6xx_hal_def.h:33,
                 from /Users/seungwon/STM32CubeN6/Drivers/STM32N6xx_HAL_Driver/Inc/stm32n6xx_hal_rcc.h:28,
                 from /Users/seungwon/STM32CubeN6/Projects/NUCLEO-N657X0-Q/Templates/Template/FSBL/Inc/stm32n6xx_hal_conf.h:253,
                 from /Users/seungwon/STM32CubeN6/Drivers/STM32N6xx_HAL_Driver/Inc/stm32n6xx_hal.h:29,
                 from /Users/seungwon/STM32CubeN6/Drivers/STM32N6xx_HAL_Driver/Src/stm32n6xx_hal.c:45:
/Users/seungwon/STM32CubeN6/Drivers/CMSIS/Include/m-profile/armv7m_cachel1.h: In function 'SCB_InvalidateICache_by_Addr':
/Users/seungwon/STM32CubeN6/Drivers/CMSIS/Include/m-profile/armv7m_cachel1.h:117:32: warning: conversion to 'long unsigned int' from 'int32_t' {aka 'long int'} may change the sign of the result [-Wsign-conversion]
  117 |        int32_t op_size = isize + (((uint32_t)addr) & (__SCB_ICACHE_LINE_SIZE - 1U));
      |                                ^
/Users/seungwon/STM32CubeN6/Drivers/CMSIS/Include/m-profile/armv7m_cachel1.h:117:26: warning: conversion to 'int32_t' {aka 'long int'} from 'long unsigned int' may change the sign of the result [-Wsign-conversion]
  117 |        int32_t op_size = isize + (((uint32_t)addr) & (__SCB_ICACHE_LINE_SIZE - 1U));
      |                          ^~~~~
/Users/seungwon/STM32CubeN6/Drivers/CMSIS/Include/m-profile/armv7m_cachel1.h:125:17: warning: conversion to 'long unsigned int' from 'int32_t' {aka 'long int'} may change the sign of the result [-Wsign-conversion]
  125 |         op_size -= __SCB_ICACHE_LINE_SIZE;
      |                 ^~
/Users/seungwon/STM32CubeN6/Drivers/CMSIS/Include/m-profile/armv7m_cachel1.h:48:33: warning: conversion to 'int32_t' {aka 'long int'} from 'long unsigned int' may change the sign of the result [-Wsign-conversion]
   48 | #define __SCB_ICACHE_LINE_SIZE  32U /*!< Cortex-M7 cache line size is fixed to 32 bytes (8 words). See also register SCB_CCSIDR */
      |                                 ^~~
/Users/seungwon/STM32CubeN6/Drivers/CMSIS/Include/m-profile/armv7m_cachel1.h:125:20: note: in expansion of macro '__SCB_ICACHE_LINE_SIZE'
  125 |         op_size -= __SCB_ICACHE_LINE_SIZE;
      |                    ^~~~~~~~~~~~~~~~~~~~~~
/Users/seungwon/STM32CubeN6/Drivers/CMSIS/Include/m-profile/armv7m_cachel1.h: In function 'SCB_InvalidateDCache_by_Addr':
/Users/seungwon/STM32CubeN6/Drivers/CMSIS/Include/m-profile/armv7m_cachel1.h:360:32: warning: conversion to 'long unsigned int' from 'int32_t' {aka 'long int'} may change the sign of the result [-Wsign-conversion]
  360 |        int32_t op_size = dsize + (((uint32_t)addr) & (__SCB_DCACHE_LINE_SIZE - 1U));
      |                                ^
/Users/seungwon/STM32CubeN6/Drivers/CMSIS/Include/m-profile/armv7m_cachel1.h:360:26: warning: conversion to 'int32_t' {aka 'long int'} from 'long unsigned int' may change the sign of the result [-Wsign-conversion]
  360 |        int32_t op_size = dsize + (((uint32_t)addr) & (__SCB_DCACHE_LINE_SIZE - 1U));
      |                          ^~~~~
/Users/seungwon/STM32CubeN6/Drivers/CMSIS/Include/m-profile/armv7m_cachel1.h:368:17: warning: conversion to 'long unsigned int' from 'int32_t' {aka 'long int'} may change the sign of the result [-Wsign-conversion]
  368 |         op_size -= __SCB_DCACHE_LINE_SIZE;
      |                 ^~
/Users/seungwon/STM32CubeN6/Drivers/CMSIS/Include/m-profile/armv7m_cachel1.h:44:33: warning: conversion to 'int32_t' {aka 'long int'} from 'long unsigned int' may change the sign of the result [-Wsign-conversion]
   44 | #define __SCB_DCACHE_LINE_SIZE  32U /*!< Cortex-M7 cache line size is fixed to 32 bytes (8 words). See also register SCB_CCSIDR */
      |                                 ^~~
/Users/seungwon/STM32CubeN6/Drivers/CMSIS/Include/m-profile/armv7m_cachel1.h:368:20: note: in expansion of macro '__SCB_DCACHE_LINE_SIZE'
  368 |         op_size -= __SCB_DCACHE_LINE_SIZE;
      |                    ^~~~~~~~~~~~~~~~~~~~~~
/Users/seungwon/STM32CubeN6/Drivers/CMSIS/Include/m-profile/armv7m_cachel1.h: In function 'SCB_CleanDCache_by_Addr':
/Users/seungwon/STM32CubeN6/Drivers/CMSIS/Include/m-profile/armv7m_cachel1.h:390:32: warning: conversion to 'long unsigned int' from 'int32_t' {aka 'long int'} may change the sign of the result [-Wsign-conversion]
  390 |        int32_t op_size = dsize + (((uint32_t)addr) & (__SCB_DCACHE_LINE_SIZE - 1U));
      |                                ^
/Users/seungwon/STM32CubeN6/Drivers/CMSIS/Include/m-profile/armv7m_cachel1.h:390:26: warning: conversion to 'int32_t' {aka 'long int'} from 'long unsigned int' may change the sign of the result [-Wsign-conversion]
  390 |        int32_t op_size = dsize + (((uint32_t)addr) & (__SCB_DCACHE_LINE_SIZE - 1U));
      |                          ^~~~~
/Users/seungwon/STM32CubeN6/Drivers/CMSIS/Include/m-profile/armv7m_cachel1.h:398:17: warning: conversion to 'long unsigned int' from 'int32_t' {aka 'long int'} may change the sign of the result [-Wsign-conversion]
  398 |         op_size -= __SCB_DCACHE_LINE_SIZE;
      |                 ^~
/Users/seungwon/STM32CubeN6/Drivers/CMSIS/Include/m-profile/armv7m_cachel1.h:44:33: warning: conversion to 'int32_t' {aka 'long int'} from 'long unsigned int' may change the sign of the result [-Wsign-conversion]
   44 | #define __SCB_DCACHE_LINE_SIZE  32U /*!< Cortex-M7 cache line size is fixed to 32 bytes (8 words). See also register SCB_CCSIDR */
      |                                 ^~~
/Users/seungwon/STM32CubeN6/Drivers/CMSIS/Include/m-profile/armv7m_cachel1.h:398:20: note: in expansion of macro '__SCB_DCACHE_LINE_SIZE'
  398 |         op_size -= __SCB_DCACHE_LINE_SIZE;
      |                    ^~~~~~~~~~~~~~~~~~~~~~
/Users/seungwon/STM32CubeN6/Drivers/CMSIS/Include/m-profile/armv7m_cachel1.h: In function 'SCB_CleanInvalidateDCache_by_Addr':
/Users/seungwon/STM32CubeN6/Drivers/CMSIS/Include/m-profile/armv7m_cachel1.h:420:32: warning: conversion to 'long unsigned int' from 'int32_t' {aka 'long int'} may change the sign of the result [-Wsign-conversion]
  420 |        int32_t op_size = dsize + (((uint32_t)addr) & (__SCB_DCACHE_LINE_SIZE - 1U));
      |                                ^
/Users/seungwon/STM32CubeN6/Drivers/CMSIS/Include/m-profile/armv7m_cachel1.h:420:26: warning: conversion to 'int32_t' {aka 'long int'} from 'long unsigned int' may change the sign of the result [-Wsign-conversion]
  420 |        int32_t op_size = dsize + (((uint32_t)addr) & (__SCB_DCACHE_LINE_SIZE - 1U));
      |                          ^~~~~
/Users/seungwon/STM32CubeN6/Drivers/CMSIS/Include/m-profile/armv7m_cachel1.h:428:17: warning: conversion to 'long unsigned int' from 'int32_t' {aka 'long int'} may change the sign of the result [-Wsign-conversion]
  428 |         op_size -=          __SCB_DCACHE_LINE_SIZE;
      |                 ^~
/Users/seungwon/STM32CubeN6/Drivers/CMSIS/Include/m-profile/armv7m_cachel1.h:44:33: warning: conversion to 'int32_t' {aka 'long int'} from 'long unsigned int' may change the sign of the result [-Wsign-conversion]
   44 | #define __SCB_DCACHE_LINE_SIZE  32U /*!< Cortex-M7 cache line size is fixed to 32 bytes (8 words). See also register SCB_CCSIDR */
      |                                 ^~~
/Users/seungwon/STM32CubeN6/Drivers/CMSIS/Include/m-profile/armv7m_cachel1.h:428:29: note: in expansion of macro '__SCB_DCACHE_LINE_SIZE'
  428 |         op_size -=          __SCB_DCACHE_LINE_SIZE;
      |                             ^~~~~~~~~~~~~~~~~~~~~~
/Users/seungwon/test/.tools/xpack-arm-none-eabi-gcc-15.2.1-1.1/bin/arm-none-eabi-gcc -DAIMER_MVE_BATCH -DAIMER_M55_REFERENCE_MATVEC -DAIMER_PHASE_PROFILE -DPARAMS=256f -DAIMER_BACKEND=mve -DAIMER_MATVEC=reference -DAIMER_CONFIG=mve_refmat -DBENCH_KERNEL_SAMPLES=31 -DBENCH_E2E_SAMPLES=7 -DBENCH_KERNEL_INNER=64 -DBENCH_WARMUP=1 -DPROFILE_SAMPLES=31 -DPROFILE_KERNEL_INNER=64 -DPROFILE_COMPLEX_INNER=8 -DUSE_HAL_DRIVER -DSTM32N657xx -Iinclude -I../src/sig/aimer/reference/aimer-256f -I../src -I/Users/seungwon/STM32CubeN6/Projects/NUCLEO-N657X0-Q/Templates/Template/FSBL/Inc -I/Users/seungwon/STM32CubeN6/Drivers/CMSIS/Include -I/Users/seungwon/STM32CubeN6/Drivers/CMSIS/Device/ST/STM32N6xx/Include -I/Users/seungwon/STM32CubeN6/Drivers/STM32N6xx_HAL_Driver/Inc -I/Users/seungwon/STM32CubeN6/Drivers/STM32N6xx_HAL_Driver/Inc/Legacy -O3 -std=c11 -fno-common -ffunction-sections -fdata-sections -fno-tree-vectorize -fno-tree-slp-vectorize -MMD -MP --specs=nosys.specs -Wall -Wextra -Wshadow -Wconversion -Wstrict-prototypes -mcpu=cortex-m55 -mthumb -mfloat-abi=hard -mcmse -fstack-usage -c /Users/seungwon/STM32CubeN6/Drivers/STM32N6xx_HAL_Driver/Src/stm32n6xx_hal_cortex.c -o build/full/256f/mve-refmat/profile/stm32n6xx_hal_cortex.c.o
In file included from /Users/seungwon/STM32CubeN6/Drivers/CMSIS/Include/core_cm55.h:4605,
                 from /Users/seungwon/STM32CubeN6/Drivers/CMSIS/Device/ST/STM32N6xx/Include/stm32n657xx.h:281,
                 from /Users/seungwon/STM32CubeN6/Drivers/CMSIS/Device/ST/STM32N6xx/Include/stm32n6xx.h:87,
                 from /Users/seungwon/STM32CubeN6/Drivers/STM32N6xx_HAL_Driver/Inc/stm32n6xx_hal_def.h:33,
                 from /Users/seungwon/STM32CubeN6/Drivers/STM32N6xx_HAL_Driver/Inc/stm32n6xx_hal_rcc.h:28,
                 from /Users/seungwon/STM32CubeN6/Projects/NUCLEO-N657X0-Q/Templates/Template/FSBL/Inc/stm32n6xx_hal_conf.h:253,
                 from /Users/seungwon/STM32CubeN6/Drivers/STM32N6xx_HAL_Driver/Inc/stm32n6xx_hal.h:29,
                 from /Users/seungwon/STM32CubeN6/Drivers/STM32N6xx_HAL_Driver/Src/stm32n6xx_hal_cortex.c:158:
/Users/seungwon/STM32CubeN6/Drivers/CMSIS/Include/m-profile/armv7m_cachel1.h: In function 'SCB_InvalidateICache_by_Addr':
/Users/seungwon/STM32CubeN6/Drivers/CMSIS/Include/m-profile/armv7m_cachel1.h:117:32: warning: conversion to 'long unsigned int' from 'int32_t' {aka 'long int'} may change the sign of the result [-Wsign-conversion]
  117 |        int32_t op_size = isize + (((uint32_t)addr) & (__SCB_ICACHE_LINE_SIZE - 1U));
      |                                ^
/Users/seungwon/STM32CubeN6/Drivers/CMSIS/Include/m-profile/armv7m_cachel1.h:117:26: warning: conversion to 'int32_t' {aka 'long int'} from 'long unsigned int' may change the sign of the result [-Wsign-conversion]
  117 |        int32_t op_size = isize + (((uint32_t)addr) & (__SCB_ICACHE_LINE_SIZE - 1U));
      |                          ^~~~~
/Users/seungwon/STM32CubeN6/Drivers/CMSIS/Include/m-profile/armv7m_cachel1.h:125:17: warning: conversion to 'long unsigned int' from 'int32_t' {aka 'long int'} may change the sign of the result [-Wsign-conversion]
  125 |         op_size -= __SCB_ICACHE_LINE_SIZE;
      |                 ^~
/Users/seungwon/STM32CubeN6/Drivers/CMSIS/Include/m-profile/armv7m_cachel1.h:48:33: warning: conversion to 'int32_t' {aka 'long int'} from 'long unsigned int' may change the sign of the result [-Wsign-conversion]
   48 | #define __SCB_ICACHE_LINE_SIZE  32U /*!< Cortex-M7 cache line size is fixed to 32 bytes (8 words). See also register SCB_CCSIDR */
      |                                 ^~~
/Users/seungwon/STM32CubeN6/Drivers/CMSIS/Include/m-profile/armv7m_cachel1.h:125:20: note: in expansion of macro '__SCB_ICACHE_LINE_SIZE'
  125 |         op_size -= __SCB_ICACHE_LINE_SIZE;
      |                    ^~~~~~~~~~~~~~~~~~~~~~
/Users/seungwon/STM32CubeN6/Drivers/CMSIS/Include/m-profile/armv7m_cachel1.h: In function 'SCB_InvalidateDCache_by_Addr':
/Users/seungwon/STM32CubeN6/Drivers/CMSIS/Include/m-profile/armv7m_cachel1.h:360:32: warning: conversion to 'long unsigned int' from 'int32_t' {aka 'long int'} may change the sign of the result [-Wsign-conversion]
  360 |        int32_t op_size = dsize + (((uint32_t)addr) & (__SCB_DCACHE_LINE_SIZE - 1U));
      |                                ^
/Users/seungwon/STM32CubeN6/Drivers/CMSIS/Include/m-profile/armv7m_cachel1.h:360:26: warning: conversion to 'int32_t' {aka 'long int'} from 'long unsigned int' may change the sign of the result [-Wsign-conversion]
  360 |        int32_t op_size = dsize + (((uint32_t)addr) & (__SCB_DCACHE_LINE_SIZE - 1U));
      |                          ^~~~~
/Users/seungwon/STM32CubeN6/Drivers/CMSIS/Include/m-profile/armv7m_cachel1.h:368:17: warning: conversion to 'long unsigned int' from 'int32_t' {aka 'long int'} may change the sign of the result [-Wsign-conversion]
  368 |         op_size -= __SCB_DCACHE_LINE_SIZE;
      |                 ^~
/Users/seungwon/STM32CubeN6/Drivers/CMSIS/Include/m-profile/armv7m_cachel1.h:44:33: warning: conversion to 'int32_t' {aka 'long int'} from 'long unsigned int' may change the sign of the result [-Wsign-conversion]
   44 | #define __SCB_DCACHE_LINE_SIZE  32U /*!< Cortex-M7 cache line size is fixed to 32 bytes (8 words). See also register SCB_CCSIDR */
      |                                 ^~~
/Users/seungwon/STM32CubeN6/Drivers/CMSIS/Include/m-profile/armv7m_cachel1.h:368:20: note: in expansion of macro '__SCB_DCACHE_LINE_SIZE'
  368 |         op_size -= __SCB_DCACHE_LINE_SIZE;
      |                    ^~~~~~~~~~~~~~~~~~~~~~
/Users/seungwon/STM32CubeN6/Drivers/CMSIS/Include/m-profile/armv7m_cachel1.h: In function 'SCB_CleanDCache_by_Addr':
/Users/seungwon/STM32CubeN6/Drivers/CMSIS/Include/m-profile/armv7m_cachel1.h:390:32: warning: conversion to 'long unsigned int' from 'int32_t' {aka 'long int'} may change the sign of the result [-Wsign-conversion]
  390 |        int32_t op_size = dsize + (((uint32_t)addr) & (__SCB_DCACHE_LINE_SIZE - 1U));
      |                                ^
/Users/seungwon/STM32CubeN6/Drivers/CMSIS/Include/m-profile/armv7m_cachel1.h:390:26: warning: conversion to 'int32_t' {aka 'long int'} from 'long unsigned int' may change the sign of the result [-Wsign-conversion]
  390 |        int32_t op_size = dsize + (((uint32_t)addr) & (__SCB_DCACHE_LINE_SIZE - 1U));
      |                          ^~~~~
/Users/seungwon/STM32CubeN6/Drivers/CMSIS/Include/m-profile/armv7m_cachel1.h:398:17: warning: conversion to 'long unsigned int' from 'int32_t' {aka 'long int'} may change the sign of the result [-Wsign-conversion]
  398 |         op_size -= __SCB_DCACHE_LINE_SIZE;
      |                 ^~
/Users/seungwon/STM32CubeN6/Drivers/CMSIS/Include/m-profile/armv7m_cachel1.h:44:33: warning: conversion to 'int32_t' {aka 'long int'} from 'long unsigned int' may change the sign of the result [-Wsign-conversion]
   44 | #define __SCB_DCACHE_LINE_SIZE  32U /*!< Cortex-M7 cache line size is fixed to 32 bytes (8 words). See also register SCB_CCSIDR */
      |                                 ^~~
/Users/seungwon/STM32CubeN6/Drivers/CMSIS/Include/m-profile/armv7m_cachel1.h:398:20: note: in expansion of macro '__SCB_DCACHE_LINE_SIZE'
  398 |         op_size -= __SCB_DCACHE_LINE_SIZE;
      |                    ^~~~~~~~~~~~~~~~~~~~~~
/Users/seungwon/STM32CubeN6/Drivers/CMSIS/Include/m-profile/armv7m_cachel1.h: In function 'SCB_CleanInvalidateDCache_by_Addr':
/Users/seungwon/STM32CubeN6/Drivers/CMSIS/Include/m-profile/armv7m_cachel1.h:420:32: warning: conversion to 'long unsigned int' from 'int32_t' {aka 'long int'} may change the sign of the result [-Wsign-conversion]
  420 |        int32_t op_size = dsize + (((uint32_t)addr) & (__SCB_DCACHE_LINE_SIZE - 1U));
      |                                ^
/Users/seungwon/STM32CubeN6/Drivers/CMSIS/Include/m-profile/armv7m_cachel1.h:420:26: warning: conversion to 'int32_t' {aka 'long int'} from 'long unsigned int' may change the sign of the result [-Wsign-conversion]
  420 |        int32_t op_size = dsize + (((uint32_t)addr) & (__SCB_DCACHE_LINE_SIZE - 1U));
      |                          ^~~~~
/Users/seungwon/STM32CubeN6/Drivers/CMSIS/Include/m-profile/armv7m_cachel1.h:428:17: warning: conversion to 'long unsigned int' from 'int32_t' {aka 'long int'} may change the sign of the result [-Wsign-conversion]
  428 |         op_size -=          __SCB_DCACHE_LINE_SIZE;
      |                 ^~
/Users/seungwon/STM32CubeN6/Drivers/CMSIS/Include/m-profile/armv7m_cachel1.h:44:33: warning: conversion to 'int32_t' {aka 'long int'} from 'long unsigned int' may change the sign of the result [-Wsign-conversion]
   44 | #define __SCB_DCACHE_LINE_SIZE  32U /*!< Cortex-M7 cache line size is fixed to 32 bytes (8 words). See also register SCB_CCSIDR */
      |                                 ^~~
/Users/seungwon/STM32CubeN6/Drivers/CMSIS/Include/m-profile/armv7m_cachel1.h:428:29: note: in expansion of macro '__SCB_DCACHE_LINE_SIZE'
  428 |         op_size -=          __SCB_DCACHE_LINE_SIZE;
      |                             ^~~~~~~~~~~~~~~~~~~~~~
/Users/seungwon/test/.tools/xpack-arm-none-eabi-gcc-15.2.1-1.1/bin/arm-none-eabi-gcc -DAIMER_MVE_BATCH -DAIMER_M55_REFERENCE_MATVEC -DAIMER_PHASE_PROFILE -DPARAMS=256f -DAIMER_BACKEND=mve -DAIMER_MATVEC=reference -DAIMER_CONFIG=mve_refmat -DBENCH_KERNEL_SAMPLES=31 -DBENCH_E2E_SAMPLES=7 -DBENCH_KERNEL_INNER=64 -DBENCH_WARMUP=1 -DPROFILE_SAMPLES=31 -DPROFILE_KERNEL_INNER=64 -DPROFILE_COMPLEX_INNER=8 -DUSE_HAL_DRIVER -DSTM32N657xx -Iinclude -I../src/sig/aimer/reference/aimer-256f -I../src -I/Users/seungwon/STM32CubeN6/Projects/NUCLEO-N657X0-Q/Templates/Template/FSBL/Inc -I/Users/seungwon/STM32CubeN6/Drivers/CMSIS/Include -I/Users/seungwon/STM32CubeN6/Drivers/CMSIS/Device/ST/STM32N6xx/Include -I/Users/seungwon/STM32CubeN6/Drivers/STM32N6xx_HAL_Driver/Inc -I/Users/seungwon/STM32CubeN6/Drivers/STM32N6xx_HAL_Driver/Inc/Legacy -O3 -std=c11 -fno-common -ffunction-sections -fdata-sections -fno-tree-vectorize -fno-tree-slp-vectorize -MMD -MP --specs=nosys.specs -Wall -Wextra -Wshadow -Wconversion -Wstrict-prototypes -mcpu=cortex-m55 -mthumb -mfloat-abi=hard -mcmse -fstack-usage -c /Users/seungwon/STM32CubeN6/Drivers/STM32N6xx_HAL_Driver/Src/stm32n6xx_hal_pwr.c -o build/full/256f/mve-refmat/profile/stm32n6xx_hal_pwr.c.o
In file included from /Users/seungwon/STM32CubeN6/Drivers/CMSIS/Include/core_cm55.h:4605,
                 from /Users/seungwon/STM32CubeN6/Drivers/CMSIS/Device/ST/STM32N6xx/Include/stm32n657xx.h:281,
                 from /Users/seungwon/STM32CubeN6/Drivers/CMSIS/Device/ST/STM32N6xx/Include/stm32n6xx.h:87,
                 from /Users/seungwon/STM32CubeN6/Drivers/STM32N6xx_HAL_Driver/Inc/stm32n6xx_hal_def.h:33,
                 from /Users/seungwon/STM32CubeN6/Drivers/STM32N6xx_HAL_Driver/Inc/stm32n6xx_hal_rcc.h:28,
                 from /Users/seungwon/STM32CubeN6/Projects/NUCLEO-N657X0-Q/Templates/Template/FSBL/Inc/stm32n6xx_hal_conf.h:253,
                 from /Users/seungwon/STM32CubeN6/Drivers/STM32N6xx_HAL_Driver/Inc/stm32n6xx_hal.h:29,
                 from /Users/seungwon/STM32CubeN6/Drivers/STM32N6xx_HAL_Driver/Src/stm32n6xx_hal_pwr.c:107:
/Users/seungwon/STM32CubeN6/Drivers/CMSIS/Include/m-profile/armv7m_cachel1.h: In function 'SCB_InvalidateICache_by_Addr':
/Users/seungwon/STM32CubeN6/Drivers/CMSIS/Include/m-profile/armv7m_cachel1.h:117:32: warning: conversion to 'long unsigned int' from 'int32_t' {aka 'long int'} may change the sign of the result [-Wsign-conversion]
  117 |        int32_t op_size = isize + (((uint32_t)addr) & (__SCB_ICACHE_LINE_SIZE - 1U));
      |                                ^
/Users/seungwon/STM32CubeN6/Drivers/CMSIS/Include/m-profile/armv7m_cachel1.h:117:26: warning: conversion to 'int32_t' {aka 'long int'} from 'long unsigned int' may change the sign of the result [-Wsign-conversion]
  117 |        int32_t op_size = isize + (((uint32_t)addr) & (__SCB_ICACHE_LINE_SIZE - 1U));
      |                          ^~~~~
/Users/seungwon/STM32CubeN6/Drivers/CMSIS/Include/m-profile/armv7m_cachel1.h:125:17: warning: conversion to 'long unsigned int' from 'int32_t' {aka 'long int'} may change the sign of the result [-Wsign-conversion]
  125 |         op_size -= __SCB_ICACHE_LINE_SIZE;
      |                 ^~
/Users/seungwon/STM32CubeN6/Drivers/CMSIS/Include/m-profile/armv7m_cachel1.h:48:33: warning: conversion to 'int32_t' {aka 'long int'} from 'long unsigned int' may change the sign of the result [-Wsign-conversion]
   48 | #define __SCB_ICACHE_LINE_SIZE  32U /*!< Cortex-M7 cache line size is fixed to 32 bytes (8 words). See also register SCB_CCSIDR */
      |                                 ^~~
/Users/seungwon/STM32CubeN6/Drivers/CMSIS/Include/m-profile/armv7m_cachel1.h:125:20: note: in expansion of macro '__SCB_ICACHE_LINE_SIZE'
  125 |         op_size -= __SCB_ICACHE_LINE_SIZE;
      |                    ^~~~~~~~~~~~~~~~~~~~~~
/Users/seungwon/STM32CubeN6/Drivers/CMSIS/Include/m-profile/armv7m_cachel1.h: In function 'SCB_InvalidateDCache_by_Addr':
/Users/seungwon/STM32CubeN6/Drivers/CMSIS/Include/m-profile/armv7m_cachel1.h:360:32: warning: conversion to 'long unsigned int' from 'int32_t' {aka 'long int'} may change the sign of the result [-Wsign-conversion]
  360 |        int32_t op_size = dsize + (((uint32_t)addr) & (__SCB_DCACHE_LINE_SIZE - 1U));
      |                                ^
/Users/seungwon/STM32CubeN6/Drivers/CMSIS/Include/m-profile/armv7m_cachel1.h:360:26: warning: conversion to 'int32_t' {aka 'long int'} from 'long unsigned int' may change the sign of the result [-Wsign-conversion]
  360 |        int32_t op_size = dsize + (((uint32_t)addr) & (__SCB_DCACHE_LINE_SIZE - 1U));
      |                          ^~~~~
/Users/seungwon/STM32CubeN6/Drivers/CMSIS/Include/m-profile/armv7m_cachel1.h:368:17: warning: conversion to 'long unsigned int' from 'int32_t' {aka 'long int'} may change the sign of the result [-Wsign-conversion]
  368 |         op_size -= __SCB_DCACHE_LINE_SIZE;
      |                 ^~
/Users/seungwon/STM32CubeN6/Drivers/CMSIS/Include/m-profile/armv7m_cachel1.h:44:33: warning: conversion to 'int32_t' {aka 'long int'} from 'long unsigned int' may change the sign of the result [-Wsign-conversion]
   44 | #define __SCB_DCACHE_LINE_SIZE  32U /*!< Cortex-M7 cache line size is fixed to 32 bytes (8 words). See also register SCB_CCSIDR */
      |                                 ^~~
/Users/seungwon/STM32CubeN6/Drivers/CMSIS/Include/m-profile/armv7m_cachel1.h:368:20: note: in expansion of macro '__SCB_DCACHE_LINE_SIZE'
  368 |         op_size -= __SCB_DCACHE_LINE_SIZE;
      |                    ^~~~~~~~~~~~~~~~~~~~~~
/Users/seungwon/STM32CubeN6/Drivers/CMSIS/Include/m-profile/armv7m_cachel1.h: In function 'SCB_CleanDCache_by_Addr':
/Users/seungwon/STM32CubeN6/Drivers/CMSIS/Include/m-profile/armv7m_cachel1.h:390:32: warning: conversion to 'long unsigned int' from 'int32_t' {aka 'long int'} may change the sign of the result [-Wsign-conversion]
  390 |        int32_t op_size = dsize + (((uint32_t)addr) & (__SCB_DCACHE_LINE_SIZE - 1U));
      |                                ^
/Users/seungwon/STM32CubeN6/Drivers/CMSIS/Include/m-profile/armv7m_cachel1.h:390:26: warning: conversion to 'int32_t' {aka 'long int'} from 'long unsigned int' may change the sign of the result [-Wsign-conversion]
  390 |        int32_t op_size = dsize + (((uint32_t)addr) & (__SCB_DCACHE_LINE_SIZE - 1U));
      |                          ^~~~~
/Users/seungwon/STM32CubeN6/Drivers/CMSIS/Include/m-profile/armv7m_cachel1.h:398:17: warning: conversion to 'long unsigned int' from 'int32_t' {aka 'long int'} may change the sign of the result [-Wsign-conversion]
  398 |         op_size -= __SCB_DCACHE_LINE_SIZE;
      |                 ^~
/Users/seungwon/STM32CubeN6/Drivers/CMSIS/Include/m-profile/armv7m_cachel1.h:44:33: warning: conversion to 'int32_t' {aka 'long int'} from 'long unsigned int' may change the sign of the result [-Wsign-conversion]
   44 | #define __SCB_DCACHE_LINE_SIZE  32U /*!< Cortex-M7 cache line size is fixed to 32 bytes (8 words). See also register SCB_CCSIDR */
      |                                 ^~~
/Users/seungwon/STM32CubeN6/Drivers/CMSIS/Include/m-profile/armv7m_cachel1.h:398:20: note: in expansion of macro '__SCB_DCACHE_LINE_SIZE'
  398 |         op_size -= __SCB_DCACHE_LINE_SIZE;
      |                    ^~~~~~~~~~~~~~~~~~~~~~
/Users/seungwon/STM32CubeN6/Drivers/CMSIS/Include/m-profile/armv7m_cachel1.h: In function 'SCB_CleanInvalidateDCache_by_Addr':
/Users/seungwon/STM32CubeN6/Drivers/CMSIS/Include/m-profile/armv7m_cachel1.h:420:32: warning: conversion to 'long unsigned int' from 'int32_t' {aka 'long int'} may change the sign of the result [-Wsign-conversion]
  420 |        int32_t op_size = dsize + (((uint32_t)addr) & (__SCB_DCACHE_LINE_SIZE - 1U));
      |                                ^
/Users/seungwon/STM32CubeN6/Drivers/CMSIS/Include/m-profile/armv7m_cachel1.h:420:26: warning: conversion to 'int32_t' {aka 'long int'} from 'long unsigned int' may change the sign of the result [-Wsign-conversion]
  420 |        int32_t op_size = dsize + (((uint32_t)addr) & (__SCB_DCACHE_LINE_SIZE - 1U));
      |                          ^~~~~
/Users/seungwon/STM32CubeN6/Drivers/CMSIS/Include/m-profile/armv7m_cachel1.h:428:17: warning: conversion to 'long unsigned int' from 'int32_t' {aka 'long int'} may change the sign of the result [-Wsign-conversion]
  428 |         op_size -=          __SCB_DCACHE_LINE_SIZE;
      |                 ^~
/Users/seungwon/STM32CubeN6/Drivers/CMSIS/Include/m-profile/armv7m_cachel1.h:44:33: warning: conversion to 'int32_t' {aka 'long int'} from 'long unsigned int' may change the sign of the result [-Wsign-conversion]
   44 | #define __SCB_DCACHE_LINE_SIZE  32U /*!< Cortex-M7 cache line size is fixed to 32 bytes (8 words). See also register SCB_CCSIDR */
      |                                 ^~~
/Users/seungwon/STM32CubeN6/Drivers/CMSIS/Include/m-profile/armv7m_cachel1.h:428:29: note: in expansion of macro '__SCB_DCACHE_LINE_SIZE'
  428 |         op_size -=          __SCB_DCACHE_LINE_SIZE;
      |                             ^~~~~~~~~~~~~~~~~~~~~~
/Users/seungwon/test/.tools/xpack-arm-none-eabi-gcc-15.2.1-1.1/bin/arm-none-eabi-gcc -DAIMER_MVE_BATCH -DAIMER_M55_REFERENCE_MATVEC -DAIMER_PHASE_PROFILE -DPARAMS=256f -DAIMER_BACKEND=mve -DAIMER_MATVEC=reference -DAIMER_CONFIG=mve_refmat -DBENCH_KERNEL_SAMPLES=31 -DBENCH_E2E_SAMPLES=7 -DBENCH_KERNEL_INNER=64 -DBENCH_WARMUP=1 -DPROFILE_SAMPLES=31 -DPROFILE_KERNEL_INNER=64 -DPROFILE_COMPLEX_INNER=8 -DUSE_HAL_DRIVER -DSTM32N657xx -Iinclude -I../src/sig/aimer/reference/aimer-256f -I../src -I/Users/seungwon/STM32CubeN6/Projects/NUCLEO-N657X0-Q/Templates/Template/FSBL/Inc -I/Users/seungwon/STM32CubeN6/Drivers/CMSIS/Include -I/Users/seungwon/STM32CubeN6/Drivers/CMSIS/Device/ST/STM32N6xx/Include -I/Users/seungwon/STM32CubeN6/Drivers/STM32N6xx_HAL_Driver/Inc -I/Users/seungwon/STM32CubeN6/Drivers/STM32N6xx_HAL_Driver/Inc/Legacy -O3 -std=c11 -fno-common -ffunction-sections -fdata-sections -fno-tree-vectorize -fno-tree-slp-vectorize -MMD -MP --specs=nosys.specs -Wall -Wextra -Wshadow -Wconversion -Wstrict-prototypes -mcpu=cortex-m55 -mthumb -mfloat-abi=hard -mcmse -fstack-usage -c /Users/seungwon/STM32CubeN6/Drivers/STM32N6xx_HAL_Driver/Src/stm32n6xx_hal_pwr_ex.c -o build/full/256f/mve-refmat/profile/stm32n6xx_hal_pwr_ex.c.o
In file included from /Users/seungwon/STM32CubeN6/Drivers/CMSIS/Include/core_cm55.h:4605,
                 from /Users/seungwon/STM32CubeN6/Drivers/CMSIS/Device/ST/STM32N6xx/Include/stm32n657xx.h:281,
                 from /Users/seungwon/STM32CubeN6/Drivers/CMSIS/Device/ST/STM32N6xx/Include/stm32n6xx.h:87,
                 from /Users/seungwon/STM32CubeN6/Drivers/STM32N6xx_HAL_Driver/Inc/stm32n6xx_hal_def.h:33,
                 from /Users/seungwon/STM32CubeN6/Drivers/STM32N6xx_HAL_Driver/Inc/stm32n6xx_hal_rcc.h:28,
                 from /Users/seungwon/STM32CubeN6/Projects/NUCLEO-N657X0-Q/Templates/Template/FSBL/Inc/stm32n6xx_hal_conf.h:253,
                 from /Users/seungwon/STM32CubeN6/Drivers/STM32N6xx_HAL_Driver/Inc/stm32n6xx_hal.h:29,
                 from /Users/seungwon/STM32CubeN6/Drivers/STM32N6xx_HAL_Driver/Src/stm32n6xx_hal_pwr_ex.c:159:
/Users/seungwon/STM32CubeN6/Drivers/CMSIS/Include/m-profile/armv7m_cachel1.h: In function 'SCB_InvalidateICache_by_Addr':
/Users/seungwon/STM32CubeN6/Drivers/CMSIS/Include/m-profile/armv7m_cachel1.h:117:32: warning: conversion to 'long unsigned int' from 'int32_t' {aka 'long int'} may change the sign of the result [-Wsign-conversion]
  117 |        int32_t op_size = isize + (((uint32_t)addr) & (__SCB_ICACHE_LINE_SIZE - 1U));
      |                                ^
/Users/seungwon/STM32CubeN6/Drivers/CMSIS/Include/m-profile/armv7m_cachel1.h:117:26: warning: conversion to 'int32_t' {aka 'long int'} from 'long unsigned int' may change the sign of the result [-Wsign-conversion]
  117 |        int32_t op_size = isize + (((uint32_t)addr) & (__SCB_ICACHE_LINE_SIZE - 1U));
      |                          ^~~~~
/Users/seungwon/STM32CubeN6/Drivers/CMSIS/Include/m-profile/armv7m_cachel1.h:125:17: warning: conversion to 'long unsigned int' from 'int32_t' {aka 'long int'} may change the sign of the result [-Wsign-conversion]
  125 |         op_size -= __SCB_ICACHE_LINE_SIZE;
      |                 ^~
/Users/seungwon/STM32CubeN6/Drivers/CMSIS/Include/m-profile/armv7m_cachel1.h:48:33: warning: conversion to 'int32_t' {aka 'long int'} from 'long unsigned int' may change the sign of the result [-Wsign-conversion]
   48 | #define __SCB_ICACHE_LINE_SIZE  32U /*!< Cortex-M7 cache line size is fixed to 32 bytes (8 words). See also register SCB_CCSIDR */
      |                                 ^~~
/Users/seungwon/STM32CubeN6/Drivers/CMSIS/Include/m-profile/armv7m_cachel1.h:125:20: note: in expansion of macro '__SCB_ICACHE_LINE_SIZE'
  125 |         op_size -= __SCB_ICACHE_LINE_SIZE;
      |                    ^~~~~~~~~~~~~~~~~~~~~~
/Users/seungwon/STM32CubeN6/Drivers/CMSIS/Include/m-profile/armv7m_cachel1.h: In function 'SCB_InvalidateDCache_by_Addr':
/Users/seungwon/STM32CubeN6/Drivers/CMSIS/Include/m-profile/armv7m_cachel1.h:360:32: warning: conversion to 'long unsigned int' from 'int32_t' {aka 'long int'} may change the sign of the result [-Wsign-conversion]
  360 |        int32_t op_size = dsize + (((uint32_t)addr) & (__SCB_DCACHE_LINE_SIZE - 1U));
      |                                ^
/Users/seungwon/STM32CubeN6/Drivers/CMSIS/Include/m-profile/armv7m_cachel1.h:360:26: warning: conversion to 'int32_t' {aka 'long int'} from 'long unsigned int' may change the sign of the result [-Wsign-conversion]
  360 |        int32_t op_size = dsize + (((uint32_t)addr) & (__SCB_DCACHE_LINE_SIZE - 1U));
      |                          ^~~~~
/Users/seungwon/STM32CubeN6/Drivers/CMSIS/Include/m-profile/armv7m_cachel1.h:368:17: warning: conversion to 'long unsigned int' from 'int32_t' {aka 'long int'} may change the sign of the result [-Wsign-conversion]
  368 |         op_size -= __SCB_DCACHE_LINE_SIZE;
      |                 ^~
/Users/seungwon/STM32CubeN6/Drivers/CMSIS/Include/m-profile/armv7m_cachel1.h:44:33: warning: conversion to 'int32_t' {aka 'long int'} from 'long unsigned int' may change the sign of the result [-Wsign-conversion]
   44 | #define __SCB_DCACHE_LINE_SIZE  32U /*!< Cortex-M7 cache line size is fixed to 32 bytes (8 words). See also register SCB_CCSIDR */
      |                                 ^~~
/Users/seungwon/STM32CubeN6/Drivers/CMSIS/Include/m-profile/armv7m_cachel1.h:368:20: note: in expansion of macro '__SCB_DCACHE_LINE_SIZE'
  368 |         op_size -= __SCB_DCACHE_LINE_SIZE;
      |                    ^~~~~~~~~~~~~~~~~~~~~~
/Users/seungwon/STM32CubeN6/Drivers/CMSIS/Include/m-profile/armv7m_cachel1.h: In function 'SCB_CleanDCache_by_Addr':
/Users/seungwon/STM32CubeN6/Drivers/CMSIS/Include/m-profile/armv7m_cachel1.h:390:32: warning: conversion to 'long unsigned int' from 'int32_t' {aka 'long int'} may change the sign of the result [-Wsign-conversion]
  390 |        int32_t op_size = dsize + (((uint32_t)addr) & (__SCB_DCACHE_LINE_SIZE - 1U));
      |                                ^
/Users/seungwon/STM32CubeN6/Drivers/CMSIS/Include/m-profile/armv7m_cachel1.h:390:26: warning: conversion to 'int32_t' {aka 'long int'} from 'long unsigned int' may change the sign of the result [-Wsign-conversion]
  390 |        int32_t op_size = dsize + (((uint32_t)addr) & (__SCB_DCACHE_LINE_SIZE - 1U));
      |                          ^~~~~
/Users/seungwon/STM32CubeN6/Drivers/CMSIS/Include/m-profile/armv7m_cachel1.h:398:17: warning: conversion to 'long unsigned int' from 'int32_t' {aka 'long int'} may change the sign of the result [-Wsign-conversion]
  398 |         op_size -= __SCB_DCACHE_LINE_SIZE;
      |                 ^~
/Users/seungwon/STM32CubeN6/Drivers/CMSIS/Include/m-profile/armv7m_cachel1.h:44:33: warning: conversion to 'int32_t' {aka 'long int'} from 'long unsigned int' may change the sign of the result [-Wsign-conversion]
   44 | #define __SCB_DCACHE_LINE_SIZE  32U /*!< Cortex-M7 cache line size is fixed to 32 bytes (8 words). See also register SCB_CCSIDR */
      |                                 ^~~
/Users/seungwon/STM32CubeN6/Drivers/CMSIS/Include/m-profile/armv7m_cachel1.h:398:20: note: in expansion of macro '__SCB_DCACHE_LINE_SIZE'
  398 |         op_size -= __SCB_DCACHE_LINE_SIZE;
      |                    ^~~~~~~~~~~~~~~~~~~~~~
/Users/seungwon/STM32CubeN6/Drivers/CMSIS/Include/m-profile/armv7m_cachel1.h: In function 'SCB_CleanInvalidateDCache_by_Addr':
/Users/seungwon/STM32CubeN6/Drivers/CMSIS/Include/m-profile/armv7m_cachel1.h:420:32: warning: conversion to 'long unsigned int' from 'int32_t' {aka 'long int'} may change the sign of the result [-Wsign-conversion]
  420 |        int32_t op_size = dsize + (((uint32_t)addr) & (__SCB_DCACHE_LINE_SIZE - 1U));
      |                                ^
/Users/seungwon/STM32CubeN6/Drivers/CMSIS/Include/m-profile/armv7m_cachel1.h:420:26: warning: conversion to 'int32_t' {aka 'long int'} from 'long unsigned int' may change the sign of the result [-Wsign-conversion]
  420 |        int32_t op_size = dsize + (((uint32_t)addr) & (__SCB_DCACHE_LINE_SIZE - 1U));
      |                          ^~~~~
/Users/seungwon/STM32CubeN6/Drivers/CMSIS/Include/m-profile/armv7m_cachel1.h:428:17: warning: conversion to 'long unsigned int' from 'int32_t' {aka 'long int'} may change the sign of the result [-Wsign-conversion]
  428 |         op_size -=          __SCB_DCACHE_LINE_SIZE;
      |                 ^~
/Users/seungwon/STM32CubeN6/Drivers/CMSIS/Include/m-profile/armv7m_cachel1.h:44:33: warning: conversion to 'int32_t' {aka 'long int'} from 'long unsigned int' may change the sign of the result [-Wsign-conversion]
   44 | #define __SCB_DCACHE_LINE_SIZE  32U /*!< Cortex-M7 cache line size is fixed to 32 bytes (8 words). See also register SCB_CCSIDR */
      |                                 ^~~
/Users/seungwon/STM32CubeN6/Drivers/CMSIS/Include/m-profile/armv7m_cachel1.h:428:29: note: in expansion of macro '__SCB_DCACHE_LINE_SIZE'
  428 |         op_size -=          __SCB_DCACHE_LINE_SIZE;
      |                             ^~~~~~~~~~~~~~~~~~~~~~
/Users/seungwon/test/.tools/xpack-arm-none-eabi-gcc-15.2.1-1.1/bin/arm-none-eabi-gcc -DAIMER_MVE_BATCH -DAIMER_M55_REFERENCE_MATVEC -DAIMER_PHASE_PROFILE -DPARAMS=256f -DAIMER_BACKEND=mve -DAIMER_MATVEC=reference -DAIMER_CONFIG=mve_refmat -DBENCH_KERNEL_SAMPLES=31 -DBENCH_E2E_SAMPLES=7 -DBENCH_KERNEL_INNER=64 -DBENCH_WARMUP=1 -DPROFILE_SAMPLES=31 -DPROFILE_KERNEL_INNER=64 -DPROFILE_COMPLEX_INNER=8 -DUSE_HAL_DRIVER -DSTM32N657xx -Iinclude -I../src/sig/aimer/reference/aimer-256f -I../src -I/Users/seungwon/STM32CubeN6/Projects/NUCLEO-N657X0-Q/Templates/Template/FSBL/Inc -I/Users/seungwon/STM32CubeN6/Drivers/CMSIS/Include -I/Users/seungwon/STM32CubeN6/Drivers/CMSIS/Device/ST/STM32N6xx/Include -I/Users/seungwon/STM32CubeN6/Drivers/STM32N6xx_HAL_Driver/Inc -I/Users/seungwon/STM32CubeN6/Drivers/STM32N6xx_HAL_Driver/Inc/Legacy -O3 -std=c11 -fno-common -ffunction-sections -fdata-sections -fno-tree-vectorize -fno-tree-slp-vectorize -MMD -MP --specs=nosys.specs -Wall -Wextra -Wshadow -Wconversion -Wstrict-prototypes -mcpu=cortex-m55 -mthumb -mfloat-abi=hard -mcmse -fstack-usage -c /Users/seungwon/STM32CubeN6/Drivers/STM32N6xx_HAL_Driver/Src/stm32n6xx_hal_rcc.c -o build/full/256f/mve-refmat/profile/stm32n6xx_hal_rcc.c.o
In file included from /Users/seungwon/STM32CubeN6/Drivers/CMSIS/Include/core_cm55.h:4605,
                 from /Users/seungwon/STM32CubeN6/Drivers/CMSIS/Device/ST/STM32N6xx/Include/stm32n657xx.h:281,
                 from /Users/seungwon/STM32CubeN6/Drivers/CMSIS/Device/ST/STM32N6xx/Include/stm32n6xx.h:87,
                 from /Users/seungwon/STM32CubeN6/Drivers/STM32N6xx_HAL_Driver/Inc/stm32n6xx_hal_def.h:33,
                 from /Users/seungwon/STM32CubeN6/Drivers/STM32N6xx_HAL_Driver/Inc/stm32n6xx_hal_rcc.h:28,
                 from /Users/seungwon/STM32CubeN6/Projects/NUCLEO-N657X0-Q/Templates/Template/FSBL/Inc/stm32n6xx_hal_conf.h:253,
                 from /Users/seungwon/STM32CubeN6/Drivers/STM32N6xx_HAL_Driver/Inc/stm32n6xx_hal.h:29,
                 from /Users/seungwon/STM32CubeN6/Drivers/STM32N6xx_HAL_Driver/Src/stm32n6xx_hal_rcc.c:73:
/Users/seungwon/STM32CubeN6/Drivers/CMSIS/Include/m-profile/armv7m_cachel1.h: In function 'SCB_InvalidateICache_by_Addr':
/Users/seungwon/STM32CubeN6/Drivers/CMSIS/Include/m-profile/armv7m_cachel1.h:117:32: warning: conversion to 'long unsigned int' from 'int32_t' {aka 'long int'} may change the sign of the result [-Wsign-conversion]
  117 |        int32_t op_size = isize + (((uint32_t)addr) & (__SCB_ICACHE_LINE_SIZE - 1U));
      |                                ^
/Users/seungwon/STM32CubeN6/Drivers/CMSIS/Include/m-profile/armv7m_cachel1.h:117:26: warning: conversion to 'int32_t' {aka 'long int'} from 'long unsigned int' may change the sign of the result [-Wsign-conversion]
  117 |        int32_t op_size = isize + (((uint32_t)addr) & (__SCB_ICACHE_LINE_SIZE - 1U));
      |                          ^~~~~
/Users/seungwon/STM32CubeN6/Drivers/CMSIS/Include/m-profile/armv7m_cachel1.h:125:17: warning: conversion to 'long unsigned int' from 'int32_t' {aka 'long int'} may change the sign of the result [-Wsign-conversion]
  125 |         op_size -= __SCB_ICACHE_LINE_SIZE;
      |                 ^~
/Users/seungwon/STM32CubeN6/Drivers/CMSIS/Include/m-profile/armv7m_cachel1.h:48:33: warning: conversion to 'int32_t' {aka 'long int'} from 'long unsigned int' may change the sign of the result [-Wsign-conversion]
   48 | #define __SCB_ICACHE_LINE_SIZE  32U /*!< Cortex-M7 cache line size is fixed to 32 bytes (8 words). See also register SCB_CCSIDR */
      |                                 ^~~
/Users/seungwon/STM32CubeN6/Drivers/CMSIS/Include/m-profile/armv7m_cachel1.h:125:20: note: in expansion of macro '__SCB_ICACHE_LINE_SIZE'
  125 |         op_size -= __SCB_ICACHE_LINE_SIZE;
      |                    ^~~~~~~~~~~~~~~~~~~~~~
/Users/seungwon/STM32CubeN6/Drivers/CMSIS/Include/m-profile/armv7m_cachel1.h: In function 'SCB_InvalidateDCache_by_Addr':
/Users/seungwon/STM32CubeN6/Drivers/CMSIS/Include/m-profile/armv7m_cachel1.h:360:32: warning: conversion to 'long unsigned int' from 'int32_t' {aka 'long int'} may change the sign of the result [-Wsign-conversion]
  360 |        int32_t op_size = dsize + (((uint32_t)addr) & (__SCB_DCACHE_LINE_SIZE - 1U));
      |                                ^
/Users/seungwon/STM32CubeN6/Drivers/CMSIS/Include/m-profile/armv7m_cachel1.h:360:26: warning: conversion to 'int32_t' {aka 'long int'} from 'long unsigned int' may change the sign of the result [-Wsign-conversion]
  360 |        int32_t op_size = dsize + (((uint32_t)addr) & (__SCB_DCACHE_LINE_SIZE - 1U));
      |                          ^~~~~
/Users/seungwon/STM32CubeN6/Drivers/CMSIS/Include/m-profile/armv7m_cachel1.h:368:17: warning: conversion to 'long unsigned int' from 'int32_t' {aka 'long int'} may change the sign of the result [-Wsign-conversion]
  368 |         op_size -= __SCB_DCACHE_LINE_SIZE;
      |                 ^~
/Users/seungwon/STM32CubeN6/Drivers/CMSIS/Include/m-profile/armv7m_cachel1.h:44:33: warning: conversion to 'int32_t' {aka 'long int'} from 'long unsigned int' may change the sign of the result [-Wsign-conversion]
   44 | #define __SCB_DCACHE_LINE_SIZE  32U /*!< Cortex-M7 cache line size is fixed to 32 bytes (8 words). See also register SCB_CCSIDR */
      |                                 ^~~
/Users/seungwon/STM32CubeN6/Drivers/CMSIS/Include/m-profile/armv7m_cachel1.h:368:20: note: in expansion of macro '__SCB_DCACHE_LINE_SIZE'
  368 |         op_size -= __SCB_DCACHE_LINE_SIZE;
      |                    ^~~~~~~~~~~~~~~~~~~~~~
/Users/seungwon/STM32CubeN6/Drivers/CMSIS/Include/m-profile/armv7m_cachel1.h: In function 'SCB_CleanDCache_by_Addr':
/Users/seungwon/STM32CubeN6/Drivers/CMSIS/Include/m-profile/armv7m_cachel1.h:390:32: warning: conversion to 'long unsigned int' from 'int32_t' {aka 'long int'} may change the sign of the result [-Wsign-conversion]
  390 |        int32_t op_size = dsize + (((uint32_t)addr) & (__SCB_DCACHE_LINE_SIZE - 1U));
      |                                ^
/Users/seungwon/STM32CubeN6/Drivers/CMSIS/Include/m-profile/armv7m_cachel1.h:390:26: warning: conversion to 'int32_t' {aka 'long int'} from 'long unsigned int' may change the sign of the result [-Wsign-conversion]
  390 |        int32_t op_size = dsize + (((uint32_t)addr) & (__SCB_DCACHE_LINE_SIZE - 1U));
      |                          ^~~~~
/Users/seungwon/STM32CubeN6/Drivers/CMSIS/Include/m-profile/armv7m_cachel1.h:398:17: warning: conversion to 'long unsigned int' from 'int32_t' {aka 'long int'} may change the sign of the result [-Wsign-conversion]
  398 |         op_size -= __SCB_DCACHE_LINE_SIZE;
      |                 ^~
/Users/seungwon/STM32CubeN6/Drivers/CMSIS/Include/m-profile/armv7m_cachel1.h:44:33: warning: conversion to 'int32_t' {aka 'long int'} from 'long unsigned int' may change the sign of the result [-Wsign-conversion]
   44 | #define __SCB_DCACHE_LINE_SIZE  32U /*!< Cortex-M7 cache line size is fixed to 32 bytes (8 words). See also register SCB_CCSIDR */
      |                                 ^~~
/Users/seungwon/STM32CubeN6/Drivers/CMSIS/Include/m-profile/armv7m_cachel1.h:398:20: note: in expansion of macro '__SCB_DCACHE_LINE_SIZE'
  398 |         op_size -= __SCB_DCACHE_LINE_SIZE;
      |                    ^~~~~~~~~~~~~~~~~~~~~~
/Users/seungwon/STM32CubeN6/Drivers/CMSIS/Include/m-profile/armv7m_cachel1.h: In function 'SCB_CleanInvalidateDCache_by_Addr':
/Users/seungwon/STM32CubeN6/Drivers/CMSIS/Include/m-profile/armv7m_cachel1.h:420:32: warning: conversion to 'long unsigned int' from 'int32_t' {aka 'long int'} may change the sign of the result [-Wsign-conversion]
  420 |        int32_t op_size = dsize + (((uint32_t)addr) & (__SCB_DCACHE_LINE_SIZE - 1U));
      |                                ^
/Users/seungwon/STM32CubeN6/Drivers/CMSIS/Include/m-profile/armv7m_cachel1.h:420:26: warning: conversion to 'int32_t' {aka 'long int'} from 'long unsigned int' may change the sign of the result [-Wsign-conversion]
  420 |        int32_t op_size = dsize + (((uint32_t)addr) & (__SCB_DCACHE_LINE_SIZE - 1U));
      |                          ^~~~~
/Users/seungwon/STM32CubeN6/Drivers/CMSIS/Include/m-profile/armv7m_cachel1.h:428:17: warning: conversion to 'long unsigned int' from 'int32_t' {aka 'long int'} may change the sign of the result [-Wsign-conversion]
  428 |         op_size -=          __SCB_DCACHE_LINE_SIZE;
      |                 ^~
/Users/seungwon/STM32CubeN6/Drivers/CMSIS/Include/m-profile/armv7m_cachel1.h:44:33: warning: conversion to 'int32_t' {aka 'long int'} from 'long unsigned int' may change the sign of the result [-Wsign-conversion]
   44 | #define __SCB_DCACHE_LINE_SIZE  32U /*!< Cortex-M7 cache line size is fixed to 32 bytes (8 words). See also register SCB_CCSIDR */
      |                                 ^~~
/Users/seungwon/STM32CubeN6/Drivers/CMSIS/Include/m-profile/armv7m_cachel1.h:428:29: note: in expansion of macro '__SCB_DCACHE_LINE_SIZE'
  428 |         op_size -=          __SCB_DCACHE_LINE_SIZE;
      |                             ^~~~~~~~~~~~~~~~~~~~~~
/Users/seungwon/test/.tools/xpack-arm-none-eabi-gcc-15.2.1-1.1/bin/arm-none-eabi-gcc -DAIMER_MVE_BATCH -DAIMER_M55_REFERENCE_MATVEC -DAIMER_PHASE_PROFILE -DPARAMS=256f -DAIMER_BACKEND=mve -DAIMER_MATVEC=reference -DAIMER_CONFIG=mve_refmat -DBENCH_KERNEL_SAMPLES=31 -DBENCH_E2E_SAMPLES=7 -DBENCH_KERNEL_INNER=64 -DBENCH_WARMUP=1 -DPROFILE_SAMPLES=31 -DPROFILE_KERNEL_INNER=64 -DPROFILE_COMPLEX_INNER=8 -DUSE_HAL_DRIVER -DSTM32N657xx -Iinclude -I../src/sig/aimer/reference/aimer-256f -I../src -I/Users/seungwon/STM32CubeN6/Projects/NUCLEO-N657X0-Q/Templates/Template/FSBL/Inc -I/Users/seungwon/STM32CubeN6/Drivers/CMSIS/Include -I/Users/seungwon/STM32CubeN6/Drivers/CMSIS/Device/ST/STM32N6xx/Include -I/Users/seungwon/STM32CubeN6/Drivers/STM32N6xx_HAL_Driver/Inc -I/Users/seungwon/STM32CubeN6/Drivers/STM32N6xx_HAL_Driver/Inc/Legacy -O3 -std=c11 -fno-common -ffunction-sections -fdata-sections -fno-tree-vectorize -fno-tree-slp-vectorize -MMD -MP --specs=nosys.specs -Wall -Wextra -Wshadow -Wconversion -Wstrict-prototypes -mcpu=cortex-m55 -mthumb -mfloat-abi=hard -mcmse -fstack-usage -c /Users/seungwon/STM32CubeN6/Drivers/STM32N6xx_HAL_Driver/Src/stm32n6xx_hal_rcc_ex.c -o build/full/256f/mve-refmat/profile/stm32n6xx_hal_rcc_ex.c.o
In file included from /Users/seungwon/STM32CubeN6/Drivers/CMSIS/Include/core_cm55.h:4605,
                 from /Users/seungwon/STM32CubeN6/Drivers/CMSIS/Device/ST/STM32N6xx/Include/stm32n657xx.h:281,
                 from /Users/seungwon/STM32CubeN6/Drivers/CMSIS/Device/ST/STM32N6xx/Include/stm32n6xx.h:87,
                 from /Users/seungwon/STM32CubeN6/Drivers/STM32N6xx_HAL_Driver/Inc/stm32n6xx_hal_def.h:33,
                 from /Users/seungwon/STM32CubeN6/Drivers/STM32N6xx_HAL_Driver/Inc/stm32n6xx_hal_rcc.h:28,
                 from /Users/seungwon/STM32CubeN6/Projects/NUCLEO-N657X0-Q/Templates/Template/FSBL/Inc/stm32n6xx_hal_conf.h:253,
                 from /Users/seungwon/STM32CubeN6/Drivers/STM32N6xx_HAL_Driver/Inc/stm32n6xx_hal.h:29,
                 from /Users/seungwon/STM32CubeN6/Drivers/STM32N6xx_HAL_Driver/Src/stm32n6xx_hal_rcc_ex.c:24:
/Users/seungwon/STM32CubeN6/Drivers/CMSIS/Include/m-profile/armv7m_cachel1.h: In function 'SCB_InvalidateICache_by_Addr':
/Users/seungwon/STM32CubeN6/Drivers/CMSIS/Include/m-profile/armv7m_cachel1.h:117:32: warning: conversion to 'long unsigned int' from 'int32_t' {aka 'long int'} may change the sign of the result [-Wsign-conversion]
  117 |        int32_t op_size = isize + (((uint32_t)addr) & (__SCB_ICACHE_LINE_SIZE - 1U));
      |                                ^
/Users/seungwon/STM32CubeN6/Drivers/CMSIS/Include/m-profile/armv7m_cachel1.h:117:26: warning: conversion to 'int32_t' {aka 'long int'} from 'long unsigned int' may change the sign of the result [-Wsign-conversion]
  117 |        int32_t op_size = isize + (((uint32_t)addr) & (__SCB_ICACHE_LINE_SIZE - 1U));
      |                          ^~~~~
/Users/seungwon/STM32CubeN6/Drivers/CMSIS/Include/m-profile/armv7m_cachel1.h:125:17: warning: conversion to 'long unsigned int' from 'int32_t' {aka 'long int'} may change the sign of the result [-Wsign-conversion]
  125 |         op_size -= __SCB_ICACHE_LINE_SIZE;
      |                 ^~
/Users/seungwon/STM32CubeN6/Drivers/CMSIS/Include/m-profile/armv7m_cachel1.h:48:33: warning: conversion to 'int32_t' {aka 'long int'} from 'long unsigned int' may change the sign of the result [-Wsign-conversion]
   48 | #define __SCB_ICACHE_LINE_SIZE  32U /*!< Cortex-M7 cache line size is fixed to 32 bytes (8 words). See also register SCB_CCSIDR */
      |                                 ^~~
/Users/seungwon/STM32CubeN6/Drivers/CMSIS/Include/m-profile/armv7m_cachel1.h:125:20: note: in expansion of macro '__SCB_ICACHE_LINE_SIZE'
  125 |         op_size -= __SCB_ICACHE_LINE_SIZE;
      |                    ^~~~~~~~~~~~~~~~~~~~~~
/Users/seungwon/STM32CubeN6/Drivers/CMSIS/Include/m-profile/armv7m_cachel1.h: In function 'SCB_InvalidateDCache_by_Addr':
/Users/seungwon/STM32CubeN6/Drivers/CMSIS/Include/m-profile/armv7m_cachel1.h:360:32: warning: conversion to 'long unsigned int' from 'int32_t' {aka 'long int'} may change the sign of the result [-Wsign-conversion]
  360 |        int32_t op_size = dsize + (((uint32_t)addr) & (__SCB_DCACHE_LINE_SIZE - 1U));
      |                                ^
/Users/seungwon/STM32CubeN6/Drivers/CMSIS/Include/m-profile/armv7m_cachel1.h:360:26: warning: conversion to 'int32_t' {aka 'long int'} from 'long unsigned int' may change the sign of the result [-Wsign-conversion]
  360 |        int32_t op_size = dsize + (((uint32_t)addr) & (__SCB_DCACHE_LINE_SIZE - 1U));
      |                          ^~~~~
/Users/seungwon/STM32CubeN6/Drivers/CMSIS/Include/m-profile/armv7m_cachel1.h:368:17: warning: conversion to 'long unsigned int' from 'int32_t' {aka 'long int'} may change the sign of the result [-Wsign-conversion]
  368 |         op_size -= __SCB_DCACHE_LINE_SIZE;
      |                 ^~
/Users/seungwon/STM32CubeN6/Drivers/CMSIS/Include/m-profile/armv7m_cachel1.h:44:33: warning: conversion to 'int32_t' {aka 'long int'} from 'long unsigned int' may change the sign of the result [-Wsign-conversion]
   44 | #define __SCB_DCACHE_LINE_SIZE  32U /*!< Cortex-M7 cache line size is fixed to 32 bytes (8 words). See also register SCB_CCSIDR */
      |                                 ^~~
/Users/seungwon/STM32CubeN6/Drivers/CMSIS/Include/m-profile/armv7m_cachel1.h:368:20: note: in expansion of macro '__SCB_DCACHE_LINE_SIZE'
  368 |         op_size -= __SCB_DCACHE_LINE_SIZE;
      |                    ^~~~~~~~~~~~~~~~~~~~~~
/Users/seungwon/STM32CubeN6/Drivers/CMSIS/Include/m-profile/armv7m_cachel1.h: In function 'SCB_CleanDCache_by_Addr':
/Users/seungwon/STM32CubeN6/Drivers/CMSIS/Include/m-profile/armv7m_cachel1.h:390:32: warning: conversion to 'long unsigned int' from 'int32_t' {aka 'long int'} may change the sign of the result [-Wsign-conversion]
  390 |        int32_t op_size = dsize + (((uint32_t)addr) & (__SCB_DCACHE_LINE_SIZE - 1U));
      |                                ^
/Users/seungwon/STM32CubeN6/Drivers/CMSIS/Include/m-profile/armv7m_cachel1.h:390:26: warning: conversion to 'int32_t' {aka 'long int'} from 'long unsigned int' may change the sign of the result [-Wsign-conversion]
  390 |        int32_t op_size = dsize + (((uint32_t)addr) & (__SCB_DCACHE_LINE_SIZE - 1U));
      |                          ^~~~~
/Users/seungwon/STM32CubeN6/Drivers/CMSIS/Include/m-profile/armv7m_cachel1.h:398:17: warning: conversion to 'long unsigned int' from 'int32_t' {aka 'long int'} may change the sign of the result [-Wsign-conversion]
  398 |         op_size -= __SCB_DCACHE_LINE_SIZE;
      |                 ^~
/Users/seungwon/STM32CubeN6/Drivers/CMSIS/Include/m-profile/armv7m_cachel1.h:44:33: warning: conversion to 'int32_t' {aka 'long int'} from 'long unsigned int' may change the sign of the result [-Wsign-conversion]
   44 | #define __SCB_DCACHE_LINE_SIZE  32U /*!< Cortex-M7 cache line size is fixed to 32 bytes (8 words). See also register SCB_CCSIDR */
      |                                 ^~~
/Users/seungwon/STM32CubeN6/Drivers/CMSIS/Include/m-profile/armv7m_cachel1.h:398:20: note: in expansion of macro '__SCB_DCACHE_LINE_SIZE'
  398 |         op_size -= __SCB_DCACHE_LINE_SIZE;
      |                    ^~~~~~~~~~~~~~~~~~~~~~
/Users/seungwon/STM32CubeN6/Drivers/CMSIS/Include/m-profile/armv7m_cachel1.h: In function 'SCB_CleanInvalidateDCache_by_Addr':
/Users/seungwon/STM32CubeN6/Drivers/CMSIS/Include/m-profile/armv7m_cachel1.h:420:32: warning: conversion to 'long unsigned int' from 'int32_t' {aka 'long int'} may change the sign of the result [-Wsign-conversion]
  420 |        int32_t op_size = dsize + (((uint32_t)addr) & (__SCB_DCACHE_LINE_SIZE - 1U));
      |                                ^
/Users/seungwon/STM32CubeN6/Drivers/CMSIS/Include/m-profile/armv7m_cachel1.h:420:26: warning: conversion to 'int32_t' {aka 'long int'} from 'long unsigned int' may change the sign of the result [-Wsign-conversion]
  420 |        int32_t op_size = dsize + (((uint32_t)addr) & (__SCB_DCACHE_LINE_SIZE - 1U));
      |                          ^~~~~
/Users/seungwon/STM32CubeN6/Drivers/CMSIS/Include/m-profile/armv7m_cachel1.h:428:17: warning: conversion to 'long unsigned int' from 'int32_t' {aka 'long int'} may change the sign of the result [-Wsign-conversion]
  428 |         op_size -=          __SCB_DCACHE_LINE_SIZE;
      |                 ^~
/Users/seungwon/STM32CubeN6/Drivers/CMSIS/Include/m-profile/armv7m_cachel1.h:44:33: warning: conversion to 'int32_t' {aka 'long int'} from 'long unsigned int' may change the sign of the result [-Wsign-conversion]
   44 | #define __SCB_DCACHE_LINE_SIZE  32U /*!< Cortex-M7 cache line size is fixed to 32 bytes (8 words). See also register SCB_CCSIDR */
      |                                 ^~~
/Users/seungwon/STM32CubeN6/Drivers/CMSIS/Include/m-profile/armv7m_cachel1.h:428:29: note: in expansion of macro '__SCB_DCACHE_LINE_SIZE'
  428 |         op_size -=          __SCB_DCACHE_LINE_SIZE;
      |                             ^~~~~~~~~~~~~~~~~~~~~~
/Users/seungwon/test/.tools/xpack-arm-none-eabi-gcc-15.2.1-1.1/bin/arm-none-eabi-gcc -DAIMER_MVE_BATCH -DAIMER_M55_REFERENCE_MATVEC -DAIMER_PHASE_PROFILE -DPARAMS=256f -DAIMER_BACKEND=mve -DAIMER_MATVEC=reference -DAIMER_CONFIG=mve_refmat -DBENCH_KERNEL_SAMPLES=31 -DBENCH_E2E_SAMPLES=7 -DBENCH_KERNEL_INNER=64 -DBENCH_WARMUP=1 -DPROFILE_SAMPLES=31 -DPROFILE_KERNEL_INNER=64 -DPROFILE_COMPLEX_INNER=8 -DUSE_HAL_DRIVER -DSTM32N657xx -Iinclude -I../src/sig/aimer/reference/aimer-256f -I../src -I/Users/seungwon/STM32CubeN6/Projects/NUCLEO-N657X0-Q/Templates/Template/FSBL/Inc -I/Users/seungwon/STM32CubeN6/Drivers/CMSIS/Include -I/Users/seungwon/STM32CubeN6/Drivers/CMSIS/Device/ST/STM32N6xx/Include -I/Users/seungwon/STM32CubeN6/Drivers/STM32N6xx_HAL_Driver/Inc -I/Users/seungwon/STM32CubeN6/Drivers/STM32N6xx_HAL_Driver/Inc/Legacy -O3 -std=c11 -fno-common -ffunction-sections -fdata-sections -fno-tree-vectorize -fno-tree-slp-vectorize -MMD -MP --specs=nosys.specs -Wall -Wextra -Wshadow -Wconversion -Wstrict-prototypes -mcpu=cortex-m55 -mthumb -mfloat-abi=hard -mcmse -fstack-usage -x assembler-with-cpp -c /Users/seungwon/STM32CubeN6/Projects/NUCLEO-N657X0-Q/Templates/Template/STM32CubeIDE/FSBL/Application/Startup/startup_stm32n657x0hxq_fsbl.s -o build/full/256f/mve-refmat/profile/startup_stm32n657x0hxq_fsbl.s.o
/Users/seungwon/test/.tools/xpack-arm-none-eabi-gcc-15.2.1-1.1/bin/arm-none-eabi-gcc --specs=nosys.specs -Wl,--gc-sections -Wl,--print-memory-usage -Wl,-Map,build/full/256f/mve-refmat/profile/aimer-m55-256f-mve-refmat-profile.map -Wl,--wrap=main -Wl,--wrap=_write -Wl,--wrap=_read -Ttoolchain/board/nucleo-n657x0-q/stm32n657-axi-sram.ld  -mcpu=cortex-m55 -mthumb -mfloat-abi=hard -mcmse build/full/256f/mve-refmat/profile/profile.c.o build/full/256f/mve-refmat/profile/field_batch.c.o build/full/256f/mve-refmat/profile/mpc_batch.c.o build/full/256f/mve-refmat/profile/aim3.c.o build/full/256f/mve-refmat/profile/hash.c.o build/full/256f/mve-refmat/profile/field_common.c.o build/full/256f/mve-refmat/profile/field_mve.c.o build/full/256f/mve-refmat/profile/matvec_reference.c.o build/full/256f/mve-refmat/profile/fips202.c.o build/full/256f/mve-refmat/profile/platform.c.o build/full/256f/mve-refmat/profile/system_stm32n6xx_fsbl.c.o build/full/256f/mve-refmat/profile/stm32n6xx_hal.c.o build/full/256f/mve-refmat/profile/stm32n6xx_hal_cortex.c.o build/full/256f/mve-refmat/profile/stm32n6xx_hal_pwr.c.o build/full/256f/mve-refmat/profile/stm32n6xx_hal_pwr_ex.c.o build/full/256f/mve-refmat/profile/stm32n6xx_hal_rcc.c.o build/full/256f/mve-refmat/profile/stm32n6xx_hal_rcc_ex.c.o build/full/256f/mve-refmat/profile/startup_stm32n657x0hxq_fsbl.s.o -lc -lm -o build/full/256f/mve-refmat/profile/aimer-m55-256f-mve-refmat-profile.elf
/Users/seungwon/test/.tools/xpack-arm-none-eabi-gcc-15.2.1-1.1/bin/../lib/gcc/arm-none-eabi/15.2.1/../../../../arm-none-eabi/bin/ld: /Users/seungwon/test/.tools/xpack-arm-none-eabi-gcc-15.2.1-1.1/bin/../lib/gcc/arm-none-eabi/15.2.1/../../../../arm-none-eabi/lib/thumb/v8-m.main+dp/hard/libc.a(libc_a-closer.o): in function `_close_r':
(.text._close_r+0xc): warning: _close is not implemented and will always fail
/Users/seungwon/test/.tools/xpack-arm-none-eabi-gcc-15.2.1-1.1/bin/../lib/gcc/arm-none-eabi/15.2.1/../../../../arm-none-eabi/bin/ld: /Users/seungwon/test/.tools/xpack-arm-none-eabi-gcc-15.2.1-1.1/bin/../lib/gcc/arm-none-eabi/15.2.1/../../../../arm-none-eabi/lib/thumb/v8-m.main+dp/hard/libc.a(libc_a-closer.o): note: the message above does not take linker garbage collection into account
/Users/seungwon/test/.tools/xpack-arm-none-eabi-gcc-15.2.1-1.1/bin/../lib/gcc/arm-none-eabi/15.2.1/../../../../arm-none-eabi/bin/ld: /Users/seungwon/test/.tools/xpack-arm-none-eabi-gcc-15.2.1-1.1/bin/../lib/gcc/arm-none-eabi/15.2.1/../../../../arm-none-eabi/lib/thumb/v8-m.main+dp/hard/libc.a(libc_a-fstatr.o): in function `_fstat_r':
(.text._fstat_r+0xe): warning: _fstat is not implemented and will always fail
/Users/seungwon/test/.tools/xpack-arm-none-eabi-gcc-15.2.1-1.1/bin/../lib/gcc/arm-none-eabi/15.2.1/../../../../arm-none-eabi/bin/ld: /Users/seungwon/test/.tools/xpack-arm-none-eabi-gcc-15.2.1-1.1/bin/../lib/gcc/arm-none-eabi/15.2.1/../../../../arm-none-eabi/lib/thumb/v8-m.main+dp/hard/libc.a(libc_a-fstatr.o): note: the message above does not take linker garbage collection into account
/Users/seungwon/test/.tools/xpack-arm-none-eabi-gcc-15.2.1-1.1/bin/../lib/gcc/arm-none-eabi/15.2.1/../../../../arm-none-eabi/bin/ld: /Users/seungwon/test/.tools/xpack-arm-none-eabi-gcc-15.2.1-1.1/bin/../lib/gcc/arm-none-eabi/15.2.1/../../../../arm-none-eabi/lib/thumb/v8-m.main+dp/hard/libc.a(libc_a-signalr.o): in function `_getpid_r':
(.text._getpid_r+0x0): warning: _getpid is not implemented and will always fail
/Users/seungwon/test/.tools/xpack-arm-none-eabi-gcc-15.2.1-1.1/bin/../lib/gcc/arm-none-eabi/15.2.1/../../../../arm-none-eabi/bin/ld: /Users/seungwon/test/.tools/xpack-arm-none-eabi-gcc-15.2.1-1.1/bin/../lib/gcc/arm-none-eabi/15.2.1/../../../../arm-none-eabi/lib/thumb/v8-m.main+dp/hard/libc.a(libc_a-signalr.o): note: the message above does not take linker garbage collection into account
/Users/seungwon/test/.tools/xpack-arm-none-eabi-gcc-15.2.1-1.1/bin/../lib/gcc/arm-none-eabi/15.2.1/../../../../arm-none-eabi/bin/ld: /Users/seungwon/test/.tools/xpack-arm-none-eabi-gcc-15.2.1-1.1/bin/../lib/gcc/arm-none-eabi/15.2.1/../../../../arm-none-eabi/lib/thumb/v8-m.main+dp/hard/libc.a(libc_a-isattyr.o): in function `_isatty_r':
(.text._isatty_r+0xc): warning: _isatty is not implemented and will always fail
/Users/seungwon/test/.tools/xpack-arm-none-eabi-gcc-15.2.1-1.1/bin/../lib/gcc/arm-none-eabi/15.2.1/../../../../arm-none-eabi/bin/ld: /Users/seungwon/test/.tools/xpack-arm-none-eabi-gcc-15.2.1-1.1/bin/../lib/gcc/arm-none-eabi/15.2.1/../../../../arm-none-eabi/lib/thumb/v8-m.main+dp/hard/libc.a(libc_a-isattyr.o): note: the message above does not take linker garbage collection into account
/Users/seungwon/test/.tools/xpack-arm-none-eabi-gcc-15.2.1-1.1/bin/../lib/gcc/arm-none-eabi/15.2.1/../../../../arm-none-eabi/bin/ld: /Users/seungwon/test/.tools/xpack-arm-none-eabi-gcc-15.2.1-1.1/bin/../lib/gcc/arm-none-eabi/15.2.1/../../../../arm-none-eabi/lib/thumb/v8-m.main+dp/hard/libc.a(libc_a-signalr.o): in function `_kill_r':
(.text._kill_r+0xe): warning: _kill is not implemented and will always fail
/Users/seungwon/test/.tools/xpack-arm-none-eabi-gcc-15.2.1-1.1/bin/../lib/gcc/arm-none-eabi/15.2.1/../../../../arm-none-eabi/bin/ld: /Users/seungwon/test/.tools/xpack-arm-none-eabi-gcc-15.2.1-1.1/bin/../lib/gcc/arm-none-eabi/15.2.1/../../../../arm-none-eabi/lib/thumb/v8-m.main+dp/hard/libc.a(libc_a-signalr.o): note: the message above does not take linker garbage collection into account
/Users/seungwon/test/.tools/xpack-arm-none-eabi-gcc-15.2.1-1.1/bin/../lib/gcc/arm-none-eabi/15.2.1/../../../../arm-none-eabi/bin/ld: /Users/seungwon/test/.tools/xpack-arm-none-eabi-gcc-15.2.1-1.1/bin/../lib/gcc/arm-none-eabi/15.2.1/../../../../arm-none-eabi/lib/thumb/v8-m.main+dp/hard/libc.a(libc_a-lseekr.o): in function `_lseek_r':
(.text._lseek_r+0x10): warning: _lseek is not implemented and will always fail
/Users/seungwon/test/.tools/xpack-arm-none-eabi-gcc-15.2.1-1.1/bin/../lib/gcc/arm-none-eabi/15.2.1/../../../../arm-none-eabi/bin/ld: /Users/seungwon/test/.tools/xpack-arm-none-eabi-gcc-15.2.1-1.1/bin/../lib/gcc/arm-none-eabi/15.2.1/../../../../arm-none-eabi/lib/thumb/v8-m.main+dp/hard/libc.a(libc_a-lseekr.o): note: the message above does not take linker garbage collection into account
Memory region         Used Size  Region Size  %age Used
             ROM:       81040 B       255 KB     31.04%
         BOOTRAM:        256 KB       256 KB    100.00%
         HEAPRAM:          4 KB      1792 KB      0.22%
/Users/seungwon/test/.tools/xpack-arm-none-eabi-gcc-15.2.1-1.1/bin/arm-none-eabi-size build/full/256f/mve-refmat/profile/aimer-m55-256f-mve-refmat-profile.elf
   text	   data	    bss	    dec	    hex	filename
  78820	   2192	 189016	 270028	  41ecc	build/full/256f/mve-refmat/profile/aimer-m55-256f-mve-refmat-profile.elf
/Users/Shared/cortexctl run m55 -- /Users/seungwon/test/.tools/xpack-openocd-0.12.0-7/bin/openocd \
		-s /Users/seungwon/test/.tools/xpack-openocd-0.12.0-7/openocd/scripts -s /Users/seungwon/test/.tools/openocd-scripts \
		-f toolchain/board/nucleo-n657x0-q/openocd.cfg \
		-c init -c 'reset halt' \
		-c 'load_image /Users/seungwon/AIMer3_on_AVX512/AIMer_v3/m55/build/full/256f/mve-refmat/profile/aimer-m55-256f-mve-refmat-profile.elf' \
		-c 'verify_image /Users/seungwon/AIMer3_on_AVX512/AIMer_v3/m55/build/full/256f/mve-refmat/profile/aimer-m55-256f-mve-refmat-profile.elf' \
		-c 'set vector_msp [mrw 0x34180400]' \
		-c 'set vector_reset [mrw 0x34180404]' \
		-c 'arm semihosting enable' \
		-c 'arm semihosting_resexit enable' \
		-c 'reg msp $vector_msp' -c 'resume $vector_reset'
xPack Open On-Chip Debugger 0.12.0+dev-02228-ge5888bda3-dirty (2025-10-04-22:45)
Licensed under GNU GPL v2
For bug reports, read
	http://openocd.org/doc/doxygen/bugs.html
adapter speed: 1000 kHz
Info : STLINK V3J15M6 (API v3) VID:PID 0483:3754
Info : Target voltage: 3.281437
Info : clock speed 1000 kHz
Info : SWD DPIDR 0x6ba02477
Info : [stm32n6x.ap0] Examination succeed
Info : [stm32n6x.cpu] Cortex-M55 r1p1 processor detected
Info : [stm32n6x.cpu] target has 8 breakpoints, 8 watchpoints
stm32n6x.cpu in Secure state
Info : [stm32n6x.cpu] Examination succeed
Info : [stm32n6x.ap0] gdb port disabled
Info : [stm32n6x.cpu] starting gdb server on 3333
Info : Listening on port 3333 for gdb connections
[stm32n6x.cpu] halted due to debug-request, current mode: Thread 
xPSR: 0x81000000 pc: 0x18003a1a msp: 0x341037a0
79872 bytes written at address 0x34180000
2192 bytes written at address 0x34193800
downloaded 82064 bytes in 0.602349s (133.047 KiB/s)
verified 82064 bytes in 0.653404s (122.651 KiB/s)
0x34200000
0x34189b79
semihosting is enabled
semihosting resumable exit is enabled
msp (/32): 0x34200000
Info : Listening on port 6666 for tcl connections
Info : Listening on port 4444 for telnet connections
AIMer v3 on NUCLEO-N657X0-Q
Cortex-M55 @ 600000000 Hz, MVE=2, I/D-cache=on
PROFILE_CONFIG,param=256f,config=mve_refmat,backend=mve,matvec=reference,cpu_hz=600000000,bits=256,limbs16=16,padded_limbs16=16,L=3,N=16,T=65,exponent_sum=40
PROFILE_COUNTS,param=256f,keygen_inv=4,keygen_mul=1024,keygen_sqr=1060,linear_generation_matvec=1536,keygen_total_matvec=1542,sign_batch_mpc=520,sign_scalar_mpc=65,verify_batch_mpc=260,challenge_batch_mul_sign=3120,challenge_batch_mul_verify=3120
PROFILE_SAMPLE,param=256f,config=mve_refmat,backend=mve,matvec=reference,operation=gf_mul,sample=0,inner=64,items=1,raw_cycles=147673
PROFILE_SAMPLE,param=256f,config=mve_refmat,backend=mve,matvec=reference,operation=gf_mul,sample=1,inner=64,items=1,raw_cycles=146438
PROFILE_SAMPLE,param=256f,config=mve_refmat,backend=mve,matvec=reference,operation=gf_mul,sample=2,inner=64,items=1,raw_cycles=146438
PROFILE_SAMPLE,param=256f,config=mve_refmat,backend=mve,matvec=reference,operation=gf_mul,sample=3,inner=64,items=1,raw_cycles=146438
PROFILE_SAMPLE,param=256f,config=mve_refmat,backend=mve,matvec=reference,operation=gf_mul,sample=4,inner=64,items=1,raw_cycles=146438
PROFILE_SAMPLE,param=256f,config=mve_refmat,backend=mve,matvec=reference,operation=gf_mul,sample=5,inner=64,items=1,raw_cycles=146438
PROFILE_SAMPLE,param=256f,config=mve_refmat,backend=mve,matvec=reference,operation=gf_mul,sample=6,inner=64,items=1,raw_cycles=146438
PROFILE_SAMPLE,param=256f,config=mve_refmat,backend=mve,matvec=reference,operation=gf_mul,sample=7,inner=64,items=1,raw_cycles=146438
PROFILE_SAMPLE,param=256f,config=mve_refmat,backend=mve,matvec=reference,operation=gf_mul,sample=8,inner=64,items=1,raw_cycles=146438
PROFILE_SAMPLE,param=256f,config=mve_refmat,backend=mve,matvec=reference,operation=gf_mul,sample=9,inner=64,items=1,raw_cycles=146438
PROFILE_SAMPLE,param=256f,config=mve_refmat,backend=mve,matvec=reference,operation=gf_mul,sample=10,inner=64,items=1,raw_cycles=146438
PROFILE_SAMPLE,param=256f,config=mve_refmat,backend=mve,matvec=reference,operation=gf_mul,sample=11,inner=64,items=1,raw_cycles=146438
PROFILE_SAMPLE,param=256f,config=mve_refmat,backend=mve,matvec=reference,operation=gf_mul,sample=12,inner=64,items=1,raw_cycles=146438
PROFILE_SAMPLE,param=256f,config=mve_refmat,backend=mve,matvec=reference,operation=gf_mul,sample=13,inner=64,items=1,raw_cycles=146438
PROFILE_SAMPLE,param=256f,config=mve_refmat,backend=mve,matvec=reference,operation=gf_mul,sample=14,inner=64,items=1,raw_cycles=146438
PROFILE_SAMPLE,param=256f,config=mve_refmat,backend=mve,matvec=reference,operation=gf_mul,sample=15,inner=64,items=1,raw_cycles=146438
PROFILE_SAMPLE,param=256f,config=mve_refmat,backend=mve,matvec=reference,operation=gf_mul,sample=16,inner=64,items=1,raw_cycles=146438
PROFILE_SAMPLE,param=256f,config=mve_refmat,backend=mve,matvec=reference,operation=gf_mul,sample=17,inner=64,items=1,raw_cycles=146438
PROFILE_SAMPLE,param=256f,config=mve_refmat,backend=mve,matvec=reference,operation=gf_mul,sample=18,inner=64,items=1,raw_cycles=146438
PROFILE_SAMPLE,param=256f,config=mve_refmat,backend=mve,matvec=reference,operation=gf_mul,sample=19,inner=64,items=1,raw_cycles=146438
PROFILE_SAMPLE,param=256f,config=mve_refmat,backend=mve,matvec=reference,operation=gf_mul,sample=20,inner=64,items=1,raw_cycles=146438
PROFILE_SAMPLE,param=256f,config=mve_refmat,backend=mve,matvec=reference,operation=gf_mul,sample=21,inner=64,items=1,raw_cycles=146438
PROFILE_SAMPLE,param=256f,config=mve_refmat,backend=mve,matvec=reference,operation=gf_mul,sample=22,inner=64,items=1,raw_cycles=146438
PROFILE_SAMPLE,param=256f,config=mve_refmat,backend=mve,matvec=reference,operation=gf_mul,sample=23,inner=64,items=1,raw_cycles=146438
PROFILE_SAMPLE,param=256f,config=mve_refmat,backend=mve,matvec=reference,operation=gf_mul,sample=24,inner=64,items=1,raw_cycles=146438
PROFILE_SAMPLE,param=256f,config=mve_refmat,backend=mve,matvec=reference,operation=gf_mul,sample=25,inner=64,items=1,raw_cycles=146438
PROFILE_SAMPLE,param=256f,config=mve_refmat,backend=mve,matvec=reference,operation=gf_mul,sample=26,inner=64,items=1,raw_cycles=146438
PROFILE_SAMPLE,param=256f,config=mve_refmat,backend=mve,matvec=reference,operation=gf_mul,sample=27,inner=64,items=1,raw_cycles=146438
PROFILE_SAMPLE,param=256f,config=mve_refmat,backend=mve,matvec=reference,operation=gf_mul,sample=28,inner=64,items=1,raw_cycles=146438
PROFILE_SAMPLE,param=256f,config=mve_refmat,backend=mve,matvec=reference,operation=gf_mul,sample=29,inner=64,items=1,raw_cycles=146438
PROFILE_SAMPLE,param=256f,config=mve_refmat,backend=mve,matvec=reference,operation=gf_mul,sample=30,inner=64,items=1,raw_cycles=146438
PROFILE_RESULT,param=256f,config=mve_refmat,backend=mve,matvec=reference,operation=gf_mul,samples=31,inner=64,items=1,min=2288.09,median=2288.09,mean=2288.72,stddev=3.41,max=2307.39,cycles_per_item_mean=2288.72
PROFILE_SAMPLE,param=256f,config=mve_refmat,backend=mve,matvec=reference,operation=gf_sqr,sample=0,inner=64,items=1,raw_cycles=37877
PROFILE_SAMPLE,param=256f,config=mve_refmat,backend=mve,matvec=reference,operation=gf_sqr,sample=1,inner=64,items=1,raw_cycles=36228
PROFILE_SAMPLE,param=256f,config=mve_refmat,backend=mve,matvec=reference,operation=gf_sqr,sample=2,inner=64,items=1,raw_cycles=36228
PROFILE_SAMPLE,param=256f,config=mve_refmat,backend=mve,matvec=reference,operation=gf_sqr,sample=3,inner=64,items=1,raw_cycles=36228
PROFILE_SAMPLE,param=256f,config=mve_refmat,backend=mve,matvec=reference,operation=gf_sqr,sample=4,inner=64,items=1,raw_cycles=36228
PROFILE_SAMPLE,param=256f,config=mve_refmat,backend=mve,matvec=reference,operation=gf_sqr,sample=5,inner=64,items=1,raw_cycles=36228
PROFILE_SAMPLE,param=256f,config=mve_refmat,backend=mve,matvec=reference,operation=gf_sqr,sample=6,inner=64,items=1,raw_cycles=36228
PROFILE_SAMPLE,param=256f,config=mve_refmat,backend=mve,matvec=reference,operation=gf_sqr,sample=7,inner=64,items=1,raw_cycles=36228
PROFILE_SAMPLE,param=256f,config=mve_refmat,backend=mve,matvec=reference,operation=gf_sqr,sample=8,inner=64,items=1,raw_cycles=36228
PROFILE_SAMPLE,param=256f,config=mve_refmat,backend=mve,matvec=reference,operation=gf_sqr,sample=9,inner=64,items=1,raw_cycles=36228
PROFILE_SAMPLE,param=256f,config=mve_refmat,backend=mve,matvec=reference,operation=gf_sqr,sample=10,inner=64,items=1,raw_cycles=36228
PROFILE_SAMPLE,param=256f,config=mve_refmat,backend=mve,matvec=reference,operation=gf_sqr,sample=11,inner=64,items=1,raw_cycles=36228
PROFILE_SAMPLE,param=256f,config=mve_refmat,backend=mve,matvec=reference,operation=gf_sqr,sample=12,inner=64,items=1,raw_cycles=36228
PROFILE_SAMPLE,param=256f,config=mve_refmat,backend=mve,matvec=reference,operation=gf_sqr,sample=13,inner=64,items=1,raw_cycles=36228
PROFILE_SAMPLE,param=256f,config=mve_refmat,backend=mve,matvec=reference,operation=gf_sqr,sample=14,inner=64,items=1,raw_cycles=36228
PROFILE_SAMPLE,param=256f,config=mve_refmat,backend=mve,matvec=reference,operation=gf_sqr,sample=15,inner=64,items=1,raw_cycles=36228
PROFILE_SAMPLE,param=256f,config=mve_refmat,backend=mve,matvec=reference,operation=gf_sqr,sample=16,inner=64,items=1,raw_cycles=36228
PROFILE_SAMPLE,param=256f,config=mve_refmat,backend=mve,matvec=reference,operation=gf_sqr,sample=17,inner=64,items=1,raw_cycles=36228
PROFILE_SAMPLE,param=256f,config=mve_refmat,backend=mve,matvec=reference,operation=gf_sqr,sample=18,inner=64,items=1,raw_cycles=36228
PROFILE_SAMPLE,param=256f,config=mve_refmat,backend=mve,matvec=reference,operation=gf_sqr,sample=19,inner=64,items=1,raw_cycles=36228
PROFILE_SAMPLE,param=256f,config=mve_refmat,backend=mve,matvec=reference,operation=gf_sqr,sample=20,inner=64,items=1,raw_cycles=36228
PROFILE_SAMPLE,param=256f,config=mve_refmat,backend=mve,matvec=reference,operation=gf_sqr,sample=21,inner=64,items=1,raw_cycles=36228
PROFILE_SAMPLE,param=256f,config=mve_refmat,backend=mve,matvec=reference,operation=gf_sqr,sample=22,inner=64,items=1,raw_cycles=36228
PROFILE_SAMPLE,param=256f,config=mve_refmat,backend=mve,matvec=reference,operation=gf_sqr,sample=23,inner=64,items=1,raw_cycles=36228
PROFILE_SAMPLE,param=256f,config=mve_refmat,backend=mve,matvec=reference,operation=gf_sqr,sample=24,inner=64,items=1,raw_cycles=36228
PROFILE_SAMPLE,param=256f,config=mve_refmat,backend=mve,matvec=reference,operation=gf_sqr,sample=25,inner=64,items=1,raw_cycles=36228
PROFILE_SAMPLE,param=256f,config=mve_refmat,backend=mve,matvec=reference,operation=gf_sqr,sample=26,inner=64,items=1,raw_cycles=36228
PROFILE_SAMPLE,param=256f,config=mve_refmat,backend=mve,matvec=reference,operation=gf_sqr,sample=27,inner=64,items=1,raw_cycles=36228
PROFILE_SAMPLE,param=256f,config=mve_refmat,backend=mve,matvec=reference,operation=gf_sqr,sample=28,inner=64,items=1,raw_cycles=36228
PROFILE_SAMPLE,param=256f,config=mve_refmat,backend=mve,matvec=reference,operation=gf_sqr,sample=29,inner=64,items=1,raw_cycles=36228
PROFILE_SAMPLE,param=256f,config=mve_refmat,backend=mve,matvec=reference,operation=gf_sqr,sample=30,inner=64,items=1,raw_cycles=36228
PROFILE_RESULT,param=256f,config=mve_refmat,backend=mve,matvec=reference,operation=gf_sqr,samples=31,inner=64,items=1,min=566.06,median=566.06,mean=566.89,stddev=4.55,max=591.83,cycles_per_item_mean=566.89
PROFILE_SAMPLE,param=256f,config=mve_refmat,backend=mve,matvec=reference,operation=gf_inv,sample=0,inner=8,items=1,raw_cycles=5798150
PROFILE_SAMPLE,param=256f,config=mve_refmat,backend=mve,matvec=reference,operation=gf_inv,sample=1,inner=8,items=1,raw_cycles=5797989
PROFILE_SAMPLE,param=256f,config=mve_refmat,backend=mve,matvec=reference,operation=gf_inv,sample=2,inner=8,items=1,raw_cycles=5797989
PROFILE_SAMPLE,param=256f,config=mve_refmat,backend=mve,matvec=reference,operation=gf_inv,sample=3,inner=8,items=1,raw_cycles=5797990
PROFILE_SAMPLE,param=256f,config=mve_refmat,backend=mve,matvec=reference,operation=gf_inv,sample=4,inner=8,items=1,raw_cycles=5797989
PROFILE_SAMPLE,param=256f,config=mve_refmat,backend=mve,matvec=reference,operation=gf_inv,sample=5,inner=8,items=1,raw_cycles=5797989
PROFILE_SAMPLE,param=256f,config=mve_refmat,backend=mve,matvec=reference,operation=gf_inv,sample=6,inner=8,items=1,raw_cycles=5797989
PROFILE_SAMPLE,param=256f,config=mve_refmat,backend=mve,matvec=reference,operation=gf_inv,sample=7,inner=8,items=1,raw_cycles=5797989
PROFILE_SAMPLE,param=256f,config=mve_refmat,backend=mve,matvec=reference,operation=gf_inv,sample=8,inner=8,items=1,raw_cycles=5797989
PROFILE_SAMPLE,param=256f,config=mve_refmat,backend=mve,matvec=reference,operation=gf_inv,sample=9,inner=8,items=1,raw_cycles=5797989
PROFILE_SAMPLE,param=256f,config=mve_refmat,backend=mve,matvec=reference,operation=gf_inv,sample=10,inner=8,items=1,raw_cycles=5797989
PROFILE_SAMPLE,param=256f,config=mve_refmat,backend=mve,matvec=reference,operation=gf_inv,sample=11,inner=8,items=1,raw_cycles=5797989
PROFILE_SAMPLE,param=256f,config=mve_refmat,backend=mve,matvec=reference,operation=gf_inv,sample=12,inner=8,items=1,raw_cycles=5797989
PROFILE_SAMPLE,param=256f,config=mve_refmat,backend=mve,matvec=reference,operation=gf_inv,sample=13,inner=8,items=1,raw_cycles=5797989
PROFILE_SAMPLE,param=256f,config=mve_refmat,backend=mve,matvec=reference,operation=gf_inv,sample=14,inner=8,items=1,raw_cycles=5797990
PROFILE_SAMPLE,param=256f,config=mve_refmat,backend=mve,matvec=reference,operation=gf_inv,sample=15,inner=8,items=1,raw_cycles=5797989
PROFILE_SAMPLE,param=256f,config=mve_refmat,backend=mve,matvec=reference,operation=gf_inv,sample=16,inner=8,items=1,raw_cycles=5797989
PROFILE_SAMPLE,param=256f,config=mve_refmat,backend=mve,matvec=reference,operation=gf_inv,sample=17,inner=8,items=1,raw_cycles=5797989
PROFILE_SAMPLE,param=256f,config=mve_refmat,backend=mve,matvec=reference,operation=gf_inv,sample=18,inner=8,items=1,raw_cycles=5797989
PROFILE_SAMPLE,param=256f,config=mve_refmat,backend=mve,matvec=reference,operation=gf_inv,sample=19,inner=8,items=1,raw_cycles=5797989
PROFILE_SAMPLE,param=256f,config=mve_refmat,backend=mve,matvec=reference,operation=gf_inv,sample=20,inner=8,items=1,raw_cycles=5797989
PROFILE_SAMPLE,param=256f,config=mve_refmat,backend=mve,matvec=reference,operation=gf_inv,sample=21,inner=8,items=1,raw_cycles=5797989
PROFILE_SAMPLE,param=256f,config=mve_refmat,backend=mve,matvec=reference,operation=gf_inv,sample=22,inner=8,items=1,raw_cycles=5797989
PROFILE_SAMPLE,param=256f,config=mve_refmat,backend=mve,matvec=reference,operation=gf_inv,sample=23,inner=8,items=1,raw_cycles=5797989
PROFILE_SAMPLE,param=256f,config=mve_refmat,backend=mve,matvec=reference,operation=gf_inv,sample=24,inner=8,items=1,raw_cycles=5797990
PROFILE_SAMPLE,param=256f,config=mve_refmat,backend=mve,matvec=reference,operation=gf_inv,sample=25,inner=8,items=1,raw_cycles=5797989
PROFILE_SAMPLE,param=256f,config=mve_refmat,backend=mve,matvec=reference,operation=gf_inv,sample=26,inner=8,items=1,raw_cycles=5797989
PROFILE_SAMPLE,param=256f,config=mve_refmat,backend=mve,matvec=reference,operation=gf_inv,sample=27,inner=8,items=1,raw_cycles=5797989
PROFILE_SAMPLE,param=256f,config=mve_refmat,backend=mve,matvec=reference,operation=gf_inv,sample=28,inner=8,items=1,raw_cycles=5797989
PROFILE_SAMPLE,param=256f,config=mve_refmat,backend=mve,matvec=reference,operation=gf_inv,sample=29,inner=8,items=1,raw_cycles=5797989
PROFILE_SAMPLE,param=256f,config=mve_refmat,backend=mve,matvec=reference,operation=gf_inv,sample=30,inner=8,items=1,raw_cycles=5797989
PROFILE_RESULT,param=256f,config=mve_refmat,backend=mve,matvec=reference,operation=gf_inv,samples=31,inner=8,items=1,min=724748.62,median=724748.62,mean=724749.29,stddev=3.55,max=724768.75,cycles_per_item_mean=724749.29
PROFILE_SAMPLE,param=256f,config=mve_refmat,backend=mve,matvec=reference,operation=gf_mat_vec_mul,sample=0,inner=64,items=1,raw_cycles=863767
PROFILE_SAMPLE,param=256f,config=mve_refmat,backend=mve,matvec=reference,operation=gf_mat_vec_mul,sample=1,inner=64,items=1,raw_cycles=859586
PROFILE_SAMPLE,param=256f,config=mve_refmat,backend=mve,matvec=reference,operation=gf_mat_vec_mul,sample=2,inner=64,items=1,raw_cycles=859580
PROFILE_SAMPLE,param=256f,config=mve_refmat,backend=mve,matvec=reference,operation=gf_mat_vec_mul,sample=3,inner=64,items=1,raw_cycles=859580
PROFILE_SAMPLE,param=256f,config=mve_refmat,backend=mve,matvec=reference,operation=gf_mat_vec_mul,sample=4,inner=64,items=1,raw_cycles=859586
PROFILE_SAMPLE,param=256f,config=mve_refmat,backend=mve,matvec=reference,operation=gf_mat_vec_mul,sample=5,inner=64,items=1,raw_cycles=859583
PROFILE_SAMPLE,param=256f,config=mve_refmat,backend=mve,matvec=reference,operation=gf_mat_vec_mul,sample=6,inner=64,items=1,raw_cycles=859580
PROFILE_SAMPLE,param=256f,config=mve_refmat,backend=mve,matvec=reference,operation=gf_mat_vec_mul,sample=7,inner=64,items=1,raw_cycles=859580
PROFILE_SAMPLE,param=256f,config=mve_refmat,backend=mve,matvec=reference,operation=gf_mat_vec_mul,sample=8,inner=64,items=1,raw_cycles=859580
PROFILE_SAMPLE,param=256f,config=mve_refmat,backend=mve,matvec=reference,operation=gf_mat_vec_mul,sample=9,inner=64,items=1,raw_cycles=859580
PROFILE_SAMPLE,param=256f,config=mve_refmat,backend=mve,matvec=reference,operation=gf_mat_vec_mul,sample=10,inner=64,items=1,raw_cycles=859580
PROFILE_SAMPLE,param=256f,config=mve_refmat,backend=mve,matvec=reference,operation=gf_mat_vec_mul,sample=11,inner=64,items=1,raw_cycles=859586
PROFILE_SAMPLE,param=256f,config=mve_refmat,backend=mve,matvec=reference,operation=gf_mat_vec_mul,sample=12,inner=64,items=1,raw_cycles=859580
PROFILE_SAMPLE,param=256f,config=mve_refmat,backend=mve,matvec=reference,operation=gf_mat_vec_mul,sample=13,inner=64,items=1,raw_cycles=859580
PROFILE_SAMPLE,param=256f,config=mve_refmat,backend=mve,matvec=reference,operation=gf_mat_vec_mul,sample=14,inner=64,items=1,raw_cycles=859580
PROFILE_SAMPLE,param=256f,config=mve_refmat,backend=mve,matvec=reference,operation=gf_mat_vec_mul,sample=15,inner=64,items=1,raw_cycles=859580
PROFILE_SAMPLE,param=256f,config=mve_refmat,backend=mve,matvec=reference,operation=gf_mat_vec_mul,sample=16,inner=64,items=1,raw_cycles=859583
PROFILE_SAMPLE,param=256f,config=mve_refmat,backend=mve,matvec=reference,operation=gf_mat_vec_mul,sample=17,inner=64,items=1,raw_cycles=859595
PROFILE_SAMPLE,param=256f,config=mve_refmat,backend=mve,matvec=reference,operation=gf_mat_vec_mul,sample=18,inner=64,items=1,raw_cycles=859589
PROFILE_SAMPLE,param=256f,config=mve_refmat,backend=mve,matvec=reference,operation=gf_mat_vec_mul,sample=19,inner=64,items=1,raw_cycles=859580
PROFILE_SAMPLE,param=256f,config=mve_refmat,backend=mve,matvec=reference,operation=gf_mat_vec_mul,sample=20,inner=64,items=1,raw_cycles=859581
PROFILE_SAMPLE,param=256f,config=mve_refmat,backend=mve,matvec=reference,operation=gf_mat_vec_mul,sample=21,inner=64,items=1,raw_cycles=859580
PROFILE_SAMPLE,param=256f,config=mve_refmat,backend=mve,matvec=reference,operation=gf_mat_vec_mul,sample=22,inner=64,items=1,raw_cycles=859580
PROFILE_SAMPLE,param=256f,config=mve_refmat,backend=mve,matvec=reference,operation=gf_mat_vec_mul,sample=23,inner=64,items=1,raw_cycles=859586
PROFILE_SAMPLE,param=256f,config=mve_refmat,backend=mve,matvec=reference,operation=gf_mat_vec_mul,sample=24,inner=64,items=1,raw_cycles=859583
PROFILE_SAMPLE,param=256f,config=mve_refmat,backend=mve,matvec=reference,operation=gf_mat_vec_mul,sample=25,inner=64,items=1,raw_cycles=859580
PROFILE_SAMPLE,param=256f,config=mve_refmat,backend=mve,matvec=reference,operation=gf_mat_vec_mul,sample=26,inner=64,items=1,raw_cycles=859580
PROFILE_SAMPLE,param=256f,config=mve_refmat,backend=mve,matvec=reference,operation=gf_mat_vec_mul,sample=27,inner=64,items=1,raw_cycles=859580
PROFILE_SAMPLE,param=256f,config=mve_refmat,backend=mve,matvec=reference,operation=gf_mat_vec_mul,sample=28,inner=64,items=1,raw_cycles=859580
PROFILE_SAMPLE,param=256f,config=mve_refmat,backend=mve,matvec=reference,operation=gf_mat_vec_mul,sample=29,inner=64,items=1,raw_cycles=859580
PROFILE_SAMPLE,param=256f,config=mve_refmat,backend=mve,matvec=reference,operation=gf_mat_vec_mul,sample=30,inner=64,items=1,raw_cycles=859586
PROFILE_RESULT,param=256f,config=mve_refmat,backend=mve,matvec=reference,operation=gf_mat_vec_mul,samples=31,inner=64,items=1,min=13430.94,median=13430.94,mean=13433.08,stddev=11.55,max=13496.36,cycles_per_item_mean=13433.08
PROFILE_SAMPLE,param=256f,config=mve_refmat,backend=mve,matvec=reference,operation=gf_mat_vec_mul_add,sample=0,inner=64,items=1,raw_cycles=862719
PROFILE_SAMPLE,param=256f,config=mve_refmat,backend=mve,matvec=reference,operation=gf_mat_vec_mul_add,sample=1,inner=64,items=1,raw_cycles=861866
PROFILE_SAMPLE,param=256f,config=mve_refmat,backend=mve,matvec=reference,operation=gf_mat_vec_mul_add,sample=2,inner=64,items=1,raw_cycles=861863
PROFILE_SAMPLE,param=256f,config=mve_refmat,backend=mve,matvec=reference,operation=gf_mat_vec_mul_add,sample=3,inner=64,items=1,raw_cycles=861872
PROFILE_SAMPLE,param=256f,config=mve_refmat,backend=mve,matvec=reference,operation=gf_mat_vec_mul_add,sample=4,inner=64,items=1,raw_cycles=861863
PROFILE_SAMPLE,param=256f,config=mve_refmat,backend=mve,matvec=reference,operation=gf_mat_vec_mul_add,sample=5,inner=64,items=1,raw_cycles=861873
PROFILE_SAMPLE,param=256f,config=mve_refmat,backend=mve,matvec=reference,operation=gf_mat_vec_mul_add,sample=6,inner=64,items=1,raw_cycles=861863
PROFILE_SAMPLE,param=256f,config=mve_refmat,backend=mve,matvec=reference,operation=gf_mat_vec_mul_add,sample=7,inner=64,items=1,raw_cycles=861872
PROFILE_SAMPLE,param=256f,config=mve_refmat,backend=mve,matvec=reference,operation=gf_mat_vec_mul_add,sample=8,inner=64,items=1,raw_cycles=861863
PROFILE_SAMPLE,param=256f,config=mve_refmat,backend=mve,matvec=reference,operation=gf_mat_vec_mul_add,sample=9,inner=64,items=1,raw_cycles=861878
PROFILE_SAMPLE,param=256f,config=mve_refmat,backend=mve,matvec=reference,operation=gf_mat_vec_mul_add,sample=10,inner=64,items=1,raw_cycles=861870
PROFILE_SAMPLE,param=256f,config=mve_refmat,backend=mve,matvec=reference,operation=gf_mat_vec_mul_add,sample=11,inner=64,items=1,raw_cycles=861866
PROFILE_SAMPLE,param=256f,config=mve_refmat,backend=mve,matvec=reference,operation=gf_mat_vec_mul_add,sample=12,inner=64,items=1,raw_cycles=861869
PROFILE_SAMPLE,param=256f,config=mve_refmat,backend=mve,matvec=reference,operation=gf_mat_vec_mul_add,sample=13,inner=64,items=1,raw_cycles=861866
PROFILE_SAMPLE,param=256f,config=mve_refmat,backend=mve,matvec=reference,operation=gf_mat_vec_mul_add,sample=14,inner=64,items=1,raw_cycles=861872
PROFILE_SAMPLE,param=256f,config=mve_refmat,backend=mve,matvec=reference,operation=gf_mat_vec_mul_add,sample=15,inner=64,items=1,raw_cycles=861873
PROFILE_SAMPLE,param=256f,config=mve_refmat,backend=mve,matvec=reference,operation=gf_mat_vec_mul_add,sample=16,inner=64,items=1,raw_cycles=861863
PROFILE_SAMPLE,param=256f,config=mve_refmat,backend=mve,matvec=reference,operation=gf_mat_vec_mul_add,sample=17,inner=64,items=1,raw_cycles=861863
PROFILE_SAMPLE,param=256f,config=mve_refmat,backend=mve,matvec=reference,operation=gf_mat_vec_mul_add,sample=18,inner=64,items=1,raw_cycles=861872
PROFILE_SAMPLE,param=256f,config=mve_refmat,backend=mve,matvec=reference,operation=gf_mat_vec_mul_add,sample=19,inner=64,items=1,raw_cycles=861864
PROFILE_SAMPLE,param=256f,config=mve_refmat,backend=mve,matvec=reference,operation=gf_mat_vec_mul_add,sample=20,inner=64,items=1,raw_cycles=861873
PROFILE_SAMPLE,param=256f,config=mve_refmat,backend=mve,matvec=reference,operation=gf_mat_vec_mul_add,sample=21,inner=64,items=1,raw_cycles=861863
PROFILE_SAMPLE,param=256f,config=mve_refmat,backend=mve,matvec=reference,operation=gf_mat_vec_mul_add,sample=22,inner=64,items=1,raw_cycles=861872
PROFILE_SAMPLE,param=256f,config=mve_refmat,backend=mve,matvec=reference,operation=gf_mat_vec_mul_add,sample=23,inner=64,items=1,raw_cycles=861863
PROFILE_SAMPLE,param=256f,config=mve_refmat,backend=mve,matvec=reference,operation=gf_mat_vec_mul_add,sample=24,inner=64,items=1,raw_cycles=861878
PROFILE_SAMPLE,param=256f,config=mve_refmat,backend=mve,matvec=reference,operation=gf_mat_vec_mul_add,sample=25,inner=64,items=1,raw_cycles=861870
PROFILE_SAMPLE,param=256f,config=mve_refmat,backend=mve,matvec=reference,operation=gf_mat_vec_mul_add,sample=26,inner=64,items=1,raw_cycles=861866
PROFILE_SAMPLE,param=256f,config=mve_refmat,backend=mve,matvec=reference,operation=gf_mat_vec_mul_add,sample=27,inner=64,items=1,raw_cycles=861869
PROFILE_SAMPLE,param=256f,config=mve_refmat,backend=mve,matvec=reference,operation=gf_mat_vec_mul_add,sample=28,inner=64,items=1,raw_cycles=861866
PROFILE_SAMPLE,param=256f,config=mve_refmat,backend=mve,matvec=reference,operation=gf_mat_vec_mul_add,sample=29,inner=64,items=1,raw_cycles=861872
PROFILE_SAMPLE,param=256f,config=mve_refmat,backend=mve,matvec=reference,operation=gf_mat_vec_mul_add,sample=30,inner=64,items=1,raw_cycles=861873
PROFILE_RESULT,param=256f,config=mve_refmat,backend=mve,matvec=reference,operation=gf_mat_vec_mul_add,samples=31,inner=64,items=1,min=13466.61,median=13466.70,mean=13467.12,stddev=2.35,max=13479.98,cycles_per_item_mean=13467.12
PROFILE_SAMPLE,param=256f,config=mve_refmat,backend=mve,matvec=reference,operation=gf_sqr_batch4,sample=0,inner=64,items=4,raw_cycles=98727
PROFILE_SAMPLE,param=256f,config=mve_refmat,backend=mve,matvec=reference,operation=gf_sqr_batch4,sample=1,inner=64,items=4,raw_cycles=97005
PROFILE_SAMPLE,param=256f,config=mve_refmat,backend=mve,matvec=reference,operation=gf_sqr_batch4,sample=2,inner=64,items=4,raw_cycles=97011
PROFILE_SAMPLE,param=256f,config=mve_refmat,backend=mve,matvec=reference,operation=gf_sqr_batch4,sample=3,inner=64,items=4,raw_cycles=97014
PROFILE_SAMPLE,param=256f,config=mve_refmat,backend=mve,matvec=reference,operation=gf_sqr_batch4,sample=4,inner=64,items=4,raw_cycles=97006
PROFILE_SAMPLE,param=256f,config=mve_refmat,backend=mve,matvec=reference,operation=gf_sqr_batch4,sample=5,inner=64,items=4,raw_cycles=97011
PROFILE_SAMPLE,param=256f,config=mve_refmat,backend=mve,matvec=reference,operation=gf_sqr_batch4,sample=6,inner=64,items=4,raw_cycles=97013
PROFILE_SAMPLE,param=256f,config=mve_refmat,backend=mve,matvec=reference,operation=gf_sqr_batch4,sample=7,inner=64,items=4,raw_cycles=97006
PROFILE_SAMPLE,param=256f,config=mve_refmat,backend=mve,matvec=reference,operation=gf_sqr_batch4,sample=8,inner=64,items=4,raw_cycles=97005
PROFILE_SAMPLE,param=256f,config=mve_refmat,backend=mve,matvec=reference,operation=gf_sqr_batch4,sample=9,inner=64,items=4,raw_cycles=97011
PROFILE_SAMPLE,param=256f,config=mve_refmat,backend=mve,matvec=reference,operation=gf_sqr_batch4,sample=10,inner=64,items=4,raw_cycles=97014
PROFILE_SAMPLE,param=256f,config=mve_refmat,backend=mve,matvec=reference,operation=gf_sqr_batch4,sample=11,inner=64,items=4,raw_cycles=97006
PROFILE_SAMPLE,param=256f,config=mve_refmat,backend=mve,matvec=reference,operation=gf_sqr_batch4,sample=12,inner=64,items=4,raw_cycles=97011
PROFILE_SAMPLE,param=256f,config=mve_refmat,backend=mve,matvec=reference,operation=gf_sqr_batch4,sample=13,inner=64,items=4,raw_cycles=97013
PROFILE_SAMPLE,param=256f,config=mve_refmat,backend=mve,matvec=reference,operation=gf_sqr_batch4,sample=14,inner=64,items=4,raw_cycles=97006
PROFILE_SAMPLE,param=256f,config=mve_refmat,backend=mve,matvec=reference,operation=gf_sqr_batch4,sample=15,inner=64,items=4,raw_cycles=97005
PROFILE_SAMPLE,param=256f,config=mve_refmat,backend=mve,matvec=reference,operation=gf_sqr_batch4,sample=16,inner=64,items=4,raw_cycles=97011
PROFILE_SAMPLE,param=256f,config=mve_refmat,backend=mve,matvec=reference,operation=gf_sqr_batch4,sample=17,inner=64,items=4,raw_cycles=97014
PROFILE_SAMPLE,param=256f,config=mve_refmat,backend=mve,matvec=reference,operation=gf_sqr_batch4,sample=18,inner=64,items=4,raw_cycles=97006
PROFILE_SAMPLE,param=256f,config=mve_refmat,backend=mve,matvec=reference,operation=gf_sqr_batch4,sample=19,inner=64,items=4,raw_cycles=97011
PROFILE_SAMPLE,param=256f,config=mve_refmat,backend=mve,matvec=reference,operation=gf_sqr_batch4,sample=20,inner=64,items=4,raw_cycles=97013
PROFILE_SAMPLE,param=256f,config=mve_refmat,backend=mve,matvec=reference,operation=gf_sqr_batch4,sample=21,inner=64,items=4,raw_cycles=97006
PROFILE_SAMPLE,param=256f,config=mve_refmat,backend=mve,matvec=reference,operation=gf_sqr_batch4,sample=22,inner=64,items=4,raw_cycles=97005
PROFILE_SAMPLE,param=256f,config=mve_refmat,backend=mve,matvec=reference,operation=gf_sqr_batch4,sample=23,inner=64,items=4,raw_cycles=97011
PROFILE_SAMPLE,param=256f,config=mve_refmat,backend=mve,matvec=reference,operation=gf_sqr_batch4,sample=24,inner=64,items=4,raw_cycles=97014
PROFILE_SAMPLE,param=256f,config=mve_refmat,backend=mve,matvec=reference,operation=gf_sqr_batch4,sample=25,inner=64,items=4,raw_cycles=97006
PROFILE_SAMPLE,param=256f,config=mve_refmat,backend=mve,matvec=reference,operation=gf_sqr_batch4,sample=26,inner=64,items=4,raw_cycles=97011
PROFILE_SAMPLE,param=256f,config=mve_refmat,backend=mve,matvec=reference,operation=gf_sqr_batch4,sample=27,inner=64,items=4,raw_cycles=97013
PROFILE_SAMPLE,param=256f,config=mve_refmat,backend=mve,matvec=reference,operation=gf_sqr_batch4,sample=28,inner=64,items=4,raw_cycles=97006
PROFILE_SAMPLE,param=256f,config=mve_refmat,backend=mve,matvec=reference,operation=gf_sqr_batch4,sample=29,inner=64,items=4,raw_cycles=97005
PROFILE_SAMPLE,param=256f,config=mve_refmat,backend=mve,matvec=reference,operation=gf_sqr_batch4,sample=30,inner=64,items=4,raw_cycles=97011
PROFILE_RESULT,param=256f,config=mve_refmat,backend=mve,matvec=reference,operation=gf_sqr_batch4,samples=31,inner=64,items=4,min=1515.70,median=1515.80,mean=1516.64,stddev=4.74,max=1542.61,cycles_per_item_mean=379.16
PROFILE_SAMPLE,param=256f,config=mve_refmat,backend=mve,matvec=reference,operation=gf_frobenius_batch4_e3,sample=0,inner=8,items=4,raw_cycles=19353
PROFILE_SAMPLE,param=256f,config=mve_refmat,backend=mve,matvec=reference,operation=gf_frobenius_batch4_e3,sample=1,inner=8,items=4,raw_cycles=18376
PROFILE_SAMPLE,param=256f,config=mve_refmat,backend=mve,matvec=reference,operation=gf_frobenius_batch4_e3,sample=2,inner=8,items=4,raw_cycles=18376
PROFILE_SAMPLE,param=256f,config=mve_refmat,backend=mve,matvec=reference,operation=gf_frobenius_batch4_e3,sample=3,inner=8,items=4,raw_cycles=18380
PROFILE_SAMPLE,param=256f,config=mve_refmat,backend=mve,matvec=reference,operation=gf_frobenius_batch4_e3,sample=4,inner=8,items=4,raw_cycles=18374
PROFILE_SAMPLE,param=256f,config=mve_refmat,backend=mve,matvec=reference,operation=gf_frobenius_batch4_e3,sample=5,inner=8,items=4,raw_cycles=18380
PROFILE_SAMPLE,param=256f,config=mve_refmat,backend=mve,matvec=reference,operation=gf_frobenius_batch4_e3,sample=6,inner=8,items=4,raw_cycles=18377
PROFILE_SAMPLE,param=256f,config=mve_refmat,backend=mve,matvec=reference,operation=gf_frobenius_batch4_e3,sample=7,inner=8,items=4,raw_cycles=18375
PROFILE_SAMPLE,param=256f,config=mve_refmat,backend=mve,matvec=reference,operation=gf_frobenius_batch4_e3,sample=8,inner=8,items=4,raw_cycles=18380
PROFILE_SAMPLE,param=256f,config=mve_refmat,backend=mve,matvec=reference,operation=gf_frobenius_batch4_e3,sample=9,inner=8,items=4,raw_cycles=18376
PROFILE_SAMPLE,param=256f,config=mve_refmat,backend=mve,matvec=reference,operation=gf_frobenius_batch4_e3,sample=10,inner=8,items=4,raw_cycles=18378
PROFILE_SAMPLE,param=256f,config=mve_refmat,backend=mve,matvec=reference,operation=gf_frobenius_batch4_e3,sample=11,inner=8,items=4,raw_cycles=18379
PROFILE_SAMPLE,param=256f,config=mve_refmat,backend=mve,matvec=reference,operation=gf_frobenius_batch4_e3,sample=12,inner=8,items=4,raw_cycles=18375
PROFILE_SAMPLE,param=256f,config=mve_refmat,backend=mve,matvec=reference,operation=gf_frobenius_batch4_e3,sample=13,inner=8,items=4,raw_cycles=18380
PROFILE_SAMPLE,param=256f,config=mve_refmat,backend=mve,matvec=reference,operation=gf_frobenius_batch4_e3,sample=14,inner=8,items=4,raw_cycles=18377
PROFILE_SAMPLE,param=256f,config=mve_refmat,backend=mve,matvec=reference,operation=gf_frobenius_batch4_e3,sample=15,inner=8,items=4,raw_cycles=18377
PROFILE_SAMPLE,param=256f,config=mve_refmat,backend=mve,matvec=reference,operation=gf_frobenius_batch4_e3,sample=16,inner=8,items=4,raw_cycles=18379
PROFILE_SAMPLE,param=256f,config=mve_refmat,backend=mve,matvec=reference,operation=gf_frobenius_batch4_e3,sample=17,inner=8,items=4,raw_cycles=18375
PROFILE_SAMPLE,param=256f,config=mve_refmat,backend=mve,matvec=reference,operation=gf_frobenius_batch4_e3,sample=18,inner=8,items=4,raw_cycles=18380
PROFILE_SAMPLE,param=256f,config=mve_refmat,backend=mve,matvec=reference,operation=gf_frobenius_batch4_e3,sample=19,inner=8,items=4,raw_cycles=18376
PROFILE_SAMPLE,param=256f,config=mve_refmat,backend=mve,matvec=reference,operation=gf_frobenius_batch4_e3,sample=20,inner=8,items=4,raw_cycles=18376
PROFILE_SAMPLE,param=256f,config=mve_refmat,backend=mve,matvec=reference,operation=gf_frobenius_batch4_e3,sample=21,inner=8,items=4,raw_cycles=18380
PROFILE_SAMPLE,param=256f,config=mve_refmat,backend=mve,matvec=reference,operation=gf_frobenius_batch4_e3,sample=22,inner=8,items=4,raw_cycles=18374
PROFILE_SAMPLE,param=256f,config=mve_refmat,backend=mve,matvec=reference,operation=gf_frobenius_batch4_e3,sample=23,inner=8,items=4,raw_cycles=18380
PROFILE_SAMPLE,param=256f,config=mve_refmat,backend=mve,matvec=reference,operation=gf_frobenius_batch4_e3,sample=24,inner=8,items=4,raw_cycles=18377
PROFILE_SAMPLE,param=256f,config=mve_refmat,backend=mve,matvec=reference,operation=gf_frobenius_batch4_e3,sample=25,inner=8,items=4,raw_cycles=18375
PROFILE_SAMPLE,param=256f,config=mve_refmat,backend=mve,matvec=reference,operation=gf_frobenius_batch4_e3,sample=26,inner=8,items=4,raw_cycles=18380
PROFILE_SAMPLE,param=256f,config=mve_refmat,backend=mve,matvec=reference,operation=gf_frobenius_batch4_e3,sample=27,inner=8,items=4,raw_cycles=18376
PROFILE_SAMPLE,param=256f,config=mve_refmat,backend=mve,matvec=reference,operation=gf_frobenius_batch4_e3,sample=28,inner=8,items=4,raw_cycles=18378
PROFILE_SAMPLE,param=256f,config=mve_refmat,backend=mve,matvec=reference,operation=gf_frobenius_batch4_e3,sample=29,inner=8,items=4,raw_cycles=18379
PROFILE_SAMPLE,param=256f,config=mve_refmat,backend=mve,matvec=reference,operation=gf_frobenius_batch4_e3,sample=30,inner=8,items=4,raw_cycles=18375
PROFILE_RESULT,param=256f,config=mve_refmat,backend=mve,matvec=reference,operation=gf_frobenius_batch4_e3,samples=31,inner=8,items=4,min=2296.75,median=2297.12,mean=2301.10,stddev=21.55,max=2419.12,cycles_per_item_mean=575.28
PROFILE_SAMPLE,param=256f,config=mve_refmat,backend=mve,matvec=reference,operation=gf_frobenius_batch4_e7,sample=0,inner=8,items=4,raw_cycles=30895
PROFILE_SAMPLE,param=256f,config=mve_refmat,backend=mve,matvec=reference,operation=gf_frobenius_batch4_e7,sample=1,inner=8,items=4,raw_cycles=30762
PROFILE_SAMPLE,param=256f,config=mve_refmat,backend=mve,matvec=reference,operation=gf_frobenius_batch4_e7,sample=2,inner=8,items=4,raw_cycles=30758
PROFILE_SAMPLE,param=256f,config=mve_refmat,backend=mve,matvec=reference,operation=gf_frobenius_batch4_e7,sample=3,inner=8,items=4,raw_cycles=30757
PROFILE_SAMPLE,param=256f,config=mve_refmat,backend=mve,matvec=reference,operation=gf_frobenius_batch4_e7,sample=4,inner=8,items=4,raw_cycles=30759
PROFILE_SAMPLE,param=256f,config=mve_refmat,backend=mve,matvec=reference,operation=gf_frobenius_batch4_e7,sample=5,inner=8,items=4,raw_cycles=30761
PROFILE_SAMPLE,param=256f,config=mve_refmat,backend=mve,matvec=reference,operation=gf_frobenius_batch4_e7,sample=6,inner=8,items=4,raw_cycles=30764
PROFILE_SAMPLE,param=256f,config=mve_refmat,backend=mve,matvec=reference,operation=gf_frobenius_batch4_e7,sample=7,inner=8,items=4,raw_cycles=30764
PROFILE_SAMPLE,param=256f,config=mve_refmat,backend=mve,matvec=reference,operation=gf_frobenius_batch4_e7,sample=8,inner=8,items=4,raw_cycles=30764
PROFILE_SAMPLE,param=256f,config=mve_refmat,backend=mve,matvec=reference,operation=gf_frobenius_batch4_e7,sample=9,inner=8,items=4,raw_cycles=30759
PROFILE_SAMPLE,param=256f,config=mve_refmat,backend=mve,matvec=reference,operation=gf_frobenius_batch4_e7,sample=10,inner=8,items=4,raw_cycles=30756
PROFILE_SAMPLE,param=256f,config=mve_refmat,backend=mve,matvec=reference,operation=gf_frobenius_batch4_e7,sample=11,inner=8,items=4,raw_cycles=30756
PROFILE_SAMPLE,param=256f,config=mve_refmat,backend=mve,matvec=reference,operation=gf_frobenius_batch4_e7,sample=12,inner=8,items=4,raw_cycles=30759
PROFILE_SAMPLE,param=256f,config=mve_refmat,backend=mve,matvec=reference,operation=gf_frobenius_batch4_e7,sample=13,inner=8,items=4,raw_cycles=30763
PROFILE_SAMPLE,param=256f,config=mve_refmat,backend=mve,matvec=reference,operation=gf_frobenius_batch4_e7,sample=14,inner=8,items=4,raw_cycles=30764
PROFILE_SAMPLE,param=256f,config=mve_refmat,backend=mve,matvec=reference,operation=gf_frobenius_batch4_e7,sample=15,inner=8,items=4,raw_cycles=30764
PROFILE_SAMPLE,param=256f,config=mve_refmat,backend=mve,matvec=reference,operation=gf_frobenius_batch4_e7,sample=16,inner=8,items=4,raw_cycles=30761
PROFILE_SAMPLE,param=256f,config=mve_refmat,backend=mve,matvec=reference,operation=gf_frobenius_batch4_e7,sample=17,inner=8,items=4,raw_cycles=30758
PROFILE_SAMPLE,param=256f,config=mve_refmat,backend=mve,matvec=reference,operation=gf_frobenius_batch4_e7,sample=18,inner=8,items=4,raw_cycles=30757
PROFILE_SAMPLE,param=256f,config=mve_refmat,backend=mve,matvec=reference,operation=gf_frobenius_batch4_e7,sample=19,inner=8,items=4,raw_cycles=30758
PROFILE_SAMPLE,param=256f,config=mve_refmat,backend=mve,matvec=reference,operation=gf_frobenius_batch4_e7,sample=20,inner=8,items=4,raw_cycles=30760
PROFILE_SAMPLE,param=256f,config=mve_refmat,backend=mve,matvec=reference,operation=gf_frobenius_batch4_e7,sample=21,inner=8,items=4,raw_cycles=30764
PROFILE_SAMPLE,param=256f,config=mve_refmat,backend=mve,matvec=reference,operation=gf_frobenius_batch4_e7,sample=22,inner=8,items=4,raw_cycles=30764
PROFILE_SAMPLE,param=256f,config=mve_refmat,backend=mve,matvec=reference,operation=gf_frobenius_batch4_e7,sample=23,inner=8,items=4,raw_cycles=30764
PROFILE_SAMPLE,param=256f,config=mve_refmat,backend=mve,matvec=reference,operation=gf_frobenius_batch4_e7,sample=24,inner=8,items=4,raw_cycles=30760
PROFILE_SAMPLE,param=256f,config=mve_refmat,backend=mve,matvec=reference,operation=gf_frobenius_batch4_e7,sample=25,inner=8,items=4,raw_cycles=30758
PROFILE_SAMPLE,param=256f,config=mve_refmat,backend=mve,matvec=reference,operation=gf_frobenius_batch4_e7,sample=26,inner=8,items=4,raw_cycles=30756
PROFILE_SAMPLE,param=256f,config=mve_refmat,backend=mve,matvec=reference,operation=gf_frobenius_batch4_e7,sample=27,inner=8,items=4,raw_cycles=30759
PROFILE_SAMPLE,param=256f,config=mve_refmat,backend=mve,matvec=reference,operation=gf_frobenius_batch4_e7,sample=28,inner=8,items=4,raw_cycles=30762
PROFILE_SAMPLE,param=256f,config=mve_refmat,backend=mve,matvec=reference,operation=gf_frobenius_batch4_e7,sample=29,inner=8,items=4,raw_cycles=30764
PROFILE_SAMPLE,param=256f,config=mve_refmat,backend=mve,matvec=reference,operation=gf_frobenius_batch4_e7,sample=30,inner=8,items=4,raw_cycles=30764
PROFILE_RESULT,param=256f,config=mve_refmat,backend=mve,matvec=reference,operation=gf_frobenius_batch4_e7,samples=31,inner=8,items=4,min=3844.50,median=3845.12,mean=3845.62,stddev=2.99,max=3861.88,cycles_per_item_mean=961.41
PROFILE_SAMPLE,param=256f,config=mve_refmat,backend=mve,matvec=reference,operation=gf_frobenius_batch4_e11,sample=0,inner=8,items=4,raw_cycles=43278
PROFILE_SAMPLE,param=256f,config=mve_refmat,backend=mve,matvec=reference,operation=gf_frobenius_batch4_e11,sample=1,inner=8,items=4,raw_cycles=43144
PROFILE_SAMPLE,param=256f,config=mve_refmat,backend=mve,matvec=reference,operation=gf_frobenius_batch4_e11,sample=2,inner=8,items=4,raw_cycles=43145
PROFILE_SAMPLE,param=256f,config=mve_refmat,backend=mve,matvec=reference,operation=gf_frobenius_batch4_e11,sample=3,inner=8,items=4,raw_cycles=43145
PROFILE_SAMPLE,param=256f,config=mve_refmat,backend=mve,matvec=reference,operation=gf_frobenius_batch4_e11,sample=4,inner=8,items=4,raw_cycles=43145
PROFILE_SAMPLE,param=256f,config=mve_refmat,backend=mve,matvec=reference,operation=gf_frobenius_batch4_e11,sample=5,inner=8,items=4,raw_cycles=43144
PROFILE_SAMPLE,param=256f,config=mve_refmat,backend=mve,matvec=reference,operation=gf_frobenius_batch4_e11,sample=6,inner=8,items=4,raw_cycles=43145
PROFILE_SAMPLE,param=256f,config=mve_refmat,backend=mve,matvec=reference,operation=gf_frobenius_batch4_e11,sample=7,inner=8,items=4,raw_cycles=43145
PROFILE_SAMPLE,param=256f,config=mve_refmat,backend=mve,matvec=reference,operation=gf_frobenius_batch4_e11,sample=8,inner=8,items=4,raw_cycles=43144
PROFILE_SAMPLE,param=256f,config=mve_refmat,backend=mve,matvec=reference,operation=gf_frobenius_batch4_e11,sample=9,inner=8,items=4,raw_cycles=43147
PROFILE_SAMPLE,param=256f,config=mve_refmat,backend=mve,matvec=reference,operation=gf_frobenius_batch4_e11,sample=10,inner=8,items=4,raw_cycles=43148
PROFILE_SAMPLE,param=256f,config=mve_refmat,backend=mve,matvec=reference,operation=gf_frobenius_batch4_e11,sample=11,inner=8,items=4,raw_cycles=43145
PROFILE_SAMPLE,param=256f,config=mve_refmat,backend=mve,matvec=reference,operation=gf_frobenius_batch4_e11,sample=12,inner=8,items=4,raw_cycles=43147
PROFILE_SAMPLE,param=256f,config=mve_refmat,backend=mve,matvec=reference,operation=gf_frobenius_batch4_e11,sample=13,inner=8,items=4,raw_cycles=43145
PROFILE_SAMPLE,param=256f,config=mve_refmat,backend=mve,matvec=reference,operation=gf_frobenius_batch4_e11,sample=14,inner=8,items=4,raw_cycles=43145
PROFILE_SAMPLE,param=256f,config=mve_refmat,backend=mve,matvec=reference,operation=gf_frobenius_batch4_e11,sample=15,inner=8,items=4,raw_cycles=43145
PROFILE_SAMPLE,param=256f,config=mve_refmat,backend=mve,matvec=reference,operation=gf_frobenius_batch4_e11,sample=16,inner=8,items=4,raw_cycles=43145
PROFILE_SAMPLE,param=256f,config=mve_refmat,backend=mve,matvec=reference,operation=gf_frobenius_batch4_e11,sample=17,inner=8,items=4,raw_cycles=43144
PROFILE_SAMPLE,param=256f,config=mve_refmat,backend=mve,matvec=reference,operation=gf_frobenius_batch4_e11,sample=18,inner=8,items=4,raw_cycles=43147
PROFILE_SAMPLE,param=256f,config=mve_refmat,backend=mve,matvec=reference,operation=gf_frobenius_batch4_e11,sample=19,inner=8,items=4,raw_cycles=43148
PROFILE_SAMPLE,param=256f,config=mve_refmat,backend=mve,matvec=reference,operation=gf_frobenius_batch4_e11,sample=20,inner=8,items=4,raw_cycles=43145
PROFILE_SAMPLE,param=256f,config=mve_refmat,backend=mve,matvec=reference,operation=gf_frobenius_batch4_e11,sample=21,inner=8,items=4,raw_cycles=43147
PROFILE_SAMPLE,param=256f,config=mve_refmat,backend=mve,matvec=reference,operation=gf_frobenius_batch4_e11,sample=22,inner=8,items=4,raw_cycles=43145
PROFILE_SAMPLE,param=256f,config=mve_refmat,backend=mve,matvec=reference,operation=gf_frobenius_batch4_e11,sample=23,inner=8,items=4,raw_cycles=43145
PROFILE_SAMPLE,param=256f,config=mve_refmat,backend=mve,matvec=reference,operation=gf_frobenius_batch4_e11,sample=24,inner=8,items=4,raw_cycles=43145
PROFILE_SAMPLE,param=256f,config=mve_refmat,backend=mve,matvec=reference,operation=gf_frobenius_batch4_e11,sample=25,inner=8,items=4,raw_cycles=43145
PROFILE_SAMPLE,param=256f,config=mve_refmat,backend=mve,matvec=reference,operation=gf_frobenius_batch4_e11,sample=26,inner=8,items=4,raw_cycles=43144
PROFILE_SAMPLE,param=256f,config=mve_refmat,backend=mve,matvec=reference,operation=gf_frobenius_batch4_e11,sample=27,inner=8,items=4,raw_cycles=43147
PROFILE_SAMPLE,param=256f,config=mve_refmat,backend=mve,matvec=reference,operation=gf_frobenius_batch4_e11,sample=28,inner=8,items=4,raw_cycles=43148
PROFILE_SAMPLE,param=256f,config=mve_refmat,backend=mve,matvec=reference,operation=gf_frobenius_batch4_e11,sample=29,inner=8,items=4,raw_cycles=43145
PROFILE_SAMPLE,param=256f,config=mve_refmat,backend=mve,matvec=reference,operation=gf_frobenius_batch4_e11,sample=30,inner=8,items=4,raw_cycles=43147
PROFILE_RESULT,param=256f,config=mve_refmat,backend=mve,matvec=reference,operation=gf_frobenius_batch4_e11,samples=31,inner=8,items=4,min=5393.00,median=5393.12,mean=5393.73,stddev=2.93,max=5409.75,cycles_per_item_mean=1348.43
PROFILE_SAMPLE,param=256f,config=mve_refmat,backend=mve,matvec=reference,operation=gf_frobenius_batch4_e19,sample=0,inner=8,items=4,raw_cycles=68048
PROFILE_SAMPLE,param=256f,config=mve_refmat,backend=mve,matvec=reference,operation=gf_frobenius_batch4_e19,sample=1,inner=8,items=4,raw_cycles=67914
PROFILE_SAMPLE,param=256f,config=mve_refmat,backend=mve,matvec=reference,operation=gf_frobenius_batch4_e19,sample=2,inner=8,items=4,raw_cycles=67911
PROFILE_SAMPLE,param=256f,config=mve_refmat,backend=mve,matvec=reference,operation=gf_frobenius_batch4_e19,sample=3,inner=8,items=4,raw_cycles=67915
PROFILE_SAMPLE,param=256f,config=mve_refmat,backend=mve,matvec=reference,operation=gf_frobenius_batch4_e19,sample=4,inner=8,items=4,raw_cycles=67913
PROFILE_SAMPLE,param=256f,config=mve_refmat,backend=mve,matvec=reference,operation=gf_frobenius_batch4_e19,sample=5,inner=8,items=4,raw_cycles=67913
PROFILE_SAMPLE,param=256f,config=mve_refmat,backend=mve,matvec=reference,operation=gf_frobenius_batch4_e19,sample=6,inner=8,items=4,raw_cycles=67915
PROFILE_SAMPLE,param=256f,config=mve_refmat,backend=mve,matvec=reference,operation=gf_frobenius_batch4_e19,sample=7,inner=8,items=4,raw_cycles=67913
PROFILE_SAMPLE,param=256f,config=mve_refmat,backend=mve,matvec=reference,operation=gf_frobenius_batch4_e19,sample=8,inner=8,items=4,raw_cycles=67912
PROFILE_SAMPLE,param=256f,config=mve_refmat,backend=mve,matvec=reference,operation=gf_frobenius_batch4_e19,sample=9,inner=8,items=4,raw_cycles=67914
PROFILE_SAMPLE,param=256f,config=mve_refmat,backend=mve,matvec=reference,operation=gf_frobenius_batch4_e19,sample=10,inner=8,items=4,raw_cycles=67913
PROFILE_SAMPLE,param=256f,config=mve_refmat,backend=mve,matvec=reference,operation=gf_frobenius_batch4_e19,sample=11,inner=8,items=4,raw_cycles=67915
PROFILE_SAMPLE,param=256f,config=mve_refmat,backend=mve,matvec=reference,operation=gf_frobenius_batch4_e19,sample=12,inner=8,items=4,raw_cycles=67913
PROFILE_SAMPLE,param=256f,config=mve_refmat,backend=mve,matvec=reference,operation=gf_frobenius_batch4_e19,sample=13,inner=8,items=4,raw_cycles=67912
PROFILE_SAMPLE,param=256f,config=mve_refmat,backend=mve,matvec=reference,operation=gf_frobenius_batch4_e19,sample=14,inner=8,items=4,raw_cycles=67911
PROFILE_SAMPLE,param=256f,config=mve_refmat,backend=mve,matvec=reference,operation=gf_frobenius_batch4_e19,sample=15,inner=8,items=4,raw_cycles=67911
PROFILE_SAMPLE,param=256f,config=mve_refmat,backend=mve,matvec=reference,operation=gf_frobenius_batch4_e19,sample=16,inner=8,items=4,raw_cycles=67915
PROFILE_SAMPLE,param=256f,config=mve_refmat,backend=mve,matvec=reference,operation=gf_frobenius_batch4_e19,sample=17,inner=8,items=4,raw_cycles=67913
PROFILE_SAMPLE,param=256f,config=mve_refmat,backend=mve,matvec=reference,operation=gf_frobenius_batch4_e19,sample=18,inner=8,items=4,raw_cycles=67913
PROFILE_SAMPLE,param=256f,config=mve_refmat,backend=mve,matvec=reference,operation=gf_frobenius_batch4_e19,sample=19,inner=8,items=4,raw_cycles=67915
PROFILE_SAMPLE,param=256f,config=mve_refmat,backend=mve,matvec=reference,operation=gf_frobenius_batch4_e19,sample=20,inner=8,items=4,raw_cycles=67913
PROFILE_SAMPLE,param=256f,config=mve_refmat,backend=mve,matvec=reference,operation=gf_frobenius_batch4_e19,sample=21,inner=8,items=4,raw_cycles=67912
PROFILE_SAMPLE,param=256f,config=mve_refmat,backend=mve,matvec=reference,operation=gf_frobenius_batch4_e19,sample=22,inner=8,items=4,raw_cycles=67914
PROFILE_SAMPLE,param=256f,config=mve_refmat,backend=mve,matvec=reference,operation=gf_frobenius_batch4_e19,sample=23,inner=8,items=4,raw_cycles=67913
PROFILE_SAMPLE,param=256f,config=mve_refmat,backend=mve,matvec=reference,operation=gf_frobenius_batch4_e19,sample=24,inner=8,items=4,raw_cycles=67915
PROFILE_SAMPLE,param=256f,config=mve_refmat,backend=mve,matvec=reference,operation=gf_frobenius_batch4_e19,sample=25,inner=8,items=4,raw_cycles=67913
PROFILE_SAMPLE,param=256f,config=mve_refmat,backend=mve,matvec=reference,operation=gf_frobenius_batch4_e19,sample=26,inner=8,items=4,raw_cycles=67912
PROFILE_SAMPLE,param=256f,config=mve_refmat,backend=mve,matvec=reference,operation=gf_frobenius_batch4_e19,sample=27,inner=8,items=4,raw_cycles=67911
PROFILE_SAMPLE,param=256f,config=mve_refmat,backend=mve,matvec=reference,operation=gf_frobenius_batch4_e19,sample=28,inner=8,items=4,raw_cycles=67911
PROFILE_SAMPLE,param=256f,config=mve_refmat,backend=mve,matvec=reference,operation=gf_frobenius_batch4_e19,sample=29,inner=8,items=4,raw_cycles=67915
PROFILE_SAMPLE,param=256f,config=mve_refmat,backend=mve,matvec=reference,operation=gf_frobenius_batch4_e19,sample=30,inner=8,items=4,raw_cycles=67913
PROFILE_RESULT,param=256f,config=mve_refmat,backend=mve,matvec=reference,operation=gf_frobenius_batch4_e19,samples=31,inner=8,items=4,min=8488.88,median=8489.12,mean=8489.68,stddev=2.98,max=8506.00,cycles_per_item_mean=2122.42
PROFILE_SAMPLE,param=256f,config=mve_refmat,backend=mve,matvec=reference,operation=gf_mul_const_batch4,sample=0,inner=64,items=4,raw_cycles=2396093
PROFILE_SAMPLE,param=256f,config=mve_refmat,backend=mve,matvec=reference,operation=gf_mul_const_batch4,sample=1,inner=64,items=4,raw_cycles=2391304
PROFILE_SAMPLE,param=256f,config=mve_refmat,backend=mve,matvec=reference,operation=gf_mul_const_batch4,sample=2,inner=64,items=4,raw_cycles=2391237
PROFILE_SAMPLE,param=256f,config=mve_refmat,backend=mve,matvec=reference,operation=gf_mul_const_batch4,sample=3,inner=64,items=4,raw_cycles=2391237
PROFILE_SAMPLE,param=256f,config=mve_refmat,backend=mve,matvec=reference,operation=gf_mul_const_batch4,sample=4,inner=64,items=4,raw_cycles=2391237
PROFILE_SAMPLE,param=256f,config=mve_refmat,backend=mve,matvec=reference,operation=gf_mul_const_batch4,sample=5,inner=64,items=4,raw_cycles=2391237
PROFILE_SAMPLE,param=256f,config=mve_refmat,backend=mve,matvec=reference,operation=gf_mul_const_batch4,sample=6,inner=64,items=4,raw_cycles=2391238
PROFILE_SAMPLE,param=256f,config=mve_refmat,backend=mve,matvec=reference,operation=gf_mul_const_batch4,sample=7,inner=64,items=4,raw_cycles=2391237
PROFILE_SAMPLE,param=256f,config=mve_refmat,backend=mve,matvec=reference,operation=gf_mul_const_batch4,sample=8,inner=64,items=4,raw_cycles=2391237
PROFILE_SAMPLE,param=256f,config=mve_refmat,backend=mve,matvec=reference,operation=gf_mul_const_batch4,sample=9,inner=64,items=4,raw_cycles=2391237
PROFILE_SAMPLE,param=256f,config=mve_refmat,backend=mve,matvec=reference,operation=gf_mul_const_batch4,sample=10,inner=64,items=4,raw_cycles=2391237
PROFILE_SAMPLE,param=256f,config=mve_refmat,backend=mve,matvec=reference,operation=gf_mul_const_batch4,sample=11,inner=64,items=4,raw_cycles=2391237
PROFILE_SAMPLE,param=256f,config=mve_refmat,backend=mve,matvec=reference,operation=gf_mul_const_batch4,sample=12,inner=64,items=4,raw_cycles=2391237
PROFILE_SAMPLE,param=256f,config=mve_refmat,backend=mve,matvec=reference,operation=gf_mul_const_batch4,sample=13,inner=64,items=4,raw_cycles=2391237
PROFILE_SAMPLE,param=256f,config=mve_refmat,backend=mve,matvec=reference,operation=gf_mul_const_batch4,sample=14,inner=64,items=4,raw_cycles=2391237
PROFILE_SAMPLE,param=256f,config=mve_refmat,backend=mve,matvec=reference,operation=gf_mul_const_batch4,sample=15,inner=64,items=4,raw_cycles=2391237
PROFILE_SAMPLE,param=256f,config=mve_refmat,backend=mve,matvec=reference,operation=gf_mul_const_batch4,sample=16,inner=64,items=4,raw_cycles=2391237
PROFILE_SAMPLE,param=256f,config=mve_refmat,backend=mve,matvec=reference,operation=gf_mul_const_batch4,sample=17,inner=64,items=4,raw_cycles=2391237
PROFILE_SAMPLE,param=256f,config=mve_refmat,backend=mve,matvec=reference,operation=gf_mul_const_batch4,sample=18,inner=64,items=4,raw_cycles=2391237
PROFILE_SAMPLE,param=256f,config=mve_refmat,backend=mve,matvec=reference,operation=gf_mul_const_batch4,sample=19,inner=64,items=4,raw_cycles=2391237
PROFILE_SAMPLE,param=256f,config=mve_refmat,backend=mve,matvec=reference,operation=gf_mul_const_batch4,sample=20,inner=64,items=4,raw_cycles=2391237
PROFILE_SAMPLE,param=256f,config=mve_refmat,backend=mve,matvec=reference,operation=gf_mul_const_batch4,sample=21,inner=64,items=4,raw_cycles=2391237
PROFILE_SAMPLE,param=256f,config=mve_refmat,backend=mve,matvec=reference,operation=gf_mul_const_batch4,sample=22,inner=64,items=4,raw_cycles=2391237
PROFILE_SAMPLE,param=256f,config=mve_refmat,backend=mve,matvec=reference,operation=gf_mul_const_batch4,sample=23,inner=64,items=4,raw_cycles=2391237
PROFILE_SAMPLE,param=256f,config=mve_refmat,backend=mve,matvec=reference,operation=gf_mul_const_batch4,sample=24,inner=64,items=4,raw_cycles=2391237
PROFILE_SAMPLE,param=256f,config=mve_refmat,backend=mve,matvec=reference,operation=gf_mul_const_batch4,sample=25,inner=64,items=4,raw_cycles=2391237
PROFILE_SAMPLE,param=256f,config=mve_refmat,backend=mve,matvec=reference,operation=gf_mul_const_batch4,sample=26,inner=64,items=4,raw_cycles=2391237
PROFILE_SAMPLE,param=256f,config=mve_refmat,backend=mve,matvec=reference,operation=gf_mul_const_batch4,sample=27,inner=64,items=4,raw_cycles=2391237
PROFILE_SAMPLE,param=256f,config=mve_refmat,backend=mve,matvec=reference,operation=gf_mul_const_batch4,sample=28,inner=64,items=4,raw_cycles=2391237
PROFILE_SAMPLE,param=256f,config=mve_refmat,backend=mve,matvec=reference,operation=gf_mul_const_batch4,sample=29,inner=64,items=4,raw_cycles=2391237
PROFILE_SAMPLE,param=256f,config=mve_refmat,backend=mve,matvec=reference,operation=gf_mul_const_batch4,sample=30,inner=64,items=4,raw_cycles=2391237
PROFILE_RESULT,param=256f,config=mve_refmat,backend=mve,matvec=reference,operation=gf_mul_const_batch4,samples=31,inner=64,items=4,min=37363.08,median=37363.08,mean=37365.56,stddev=13.40,max=37438.95,cycles_per_item_mean=9341.39
PROFILE_SAMPLE,param=256f,config=mve_refmat,backend=mve,matvec=reference,operation=gf_mat_vec_mul_batch4,sample=0,inner=64,items=4,raw_cycles=3407140
PROFILE_SAMPLE,param=256f,config=mve_refmat,backend=mve,matvec=reference,operation=gf_mat_vec_mul_batch4,sample=1,inner=64,items=4,raw_cycles=3405231
PROFILE_SAMPLE,param=256f,config=mve_refmat,backend=mve,matvec=reference,operation=gf_mat_vec_mul_batch4,sample=2,inner=64,items=4,raw_cycles=3405162
PROFILE_SAMPLE,param=256f,config=mve_refmat,backend=mve,matvec=reference,operation=gf_mat_vec_mul_batch4,sample=3,inner=64,items=4,raw_cycles=3405162
PROFILE_SAMPLE,param=256f,config=mve_refmat,backend=mve,matvec=reference,operation=gf_mat_vec_mul_batch4,sample=4,inner=64,items=4,raw_cycles=3405163
PROFILE_SAMPLE,param=256f,config=mve_refmat,backend=mve,matvec=reference,operation=gf_mat_vec_mul_batch4,sample=5,inner=64,items=4,raw_cycles=3405162
PROFILE_SAMPLE,param=256f,config=mve_refmat,backend=mve,matvec=reference,operation=gf_mat_vec_mul_batch4,sample=6,inner=64,items=4,raw_cycles=3405162
PROFILE_SAMPLE,param=256f,config=mve_refmat,backend=mve,matvec=reference,operation=gf_mat_vec_mul_batch4,sample=7,inner=64,items=4,raw_cycles=3405162
PROFILE_SAMPLE,param=256f,config=mve_refmat,backend=mve,matvec=reference,operation=gf_mat_vec_mul_batch4,sample=8,inner=64,items=4,raw_cycles=3405162
PROFILE_SAMPLE,param=256f,config=mve_refmat,backend=mve,matvec=reference,operation=gf_mat_vec_mul_batch4,sample=9,inner=64,items=4,raw_cycles=3405162
PROFILE_SAMPLE,param=256f,config=mve_refmat,backend=mve,matvec=reference,operation=gf_mat_vec_mul_batch4,sample=10,inner=64,items=4,raw_cycles=3405162
PROFILE_SAMPLE,param=256f,config=mve_refmat,backend=mve,matvec=reference,operation=gf_mat_vec_mul_batch4,sample=11,inner=64,items=4,raw_cycles=3405162
PROFILE_SAMPLE,param=256f,config=mve_refmat,backend=mve,matvec=reference,operation=gf_mat_vec_mul_batch4,sample=12,inner=64,items=4,raw_cycles=3405162
PROFILE_SAMPLE,param=256f,config=mve_refmat,backend=mve,matvec=reference,operation=gf_mat_vec_mul_batch4,sample=13,inner=64,items=4,raw_cycles=3405162
PROFILE_SAMPLE,param=256f,config=mve_refmat,backend=mve,matvec=reference,operation=gf_mat_vec_mul_batch4,sample=14,inner=64,items=4,raw_cycles=3405162
PROFILE_SAMPLE,param=256f,config=mve_refmat,backend=mve,matvec=reference,operation=gf_mat_vec_mul_batch4,sample=15,inner=64,items=4,raw_cycles=3405162
PROFILE_SAMPLE,param=256f,config=mve_refmat,backend=mve,matvec=reference,operation=gf_mat_vec_mul_batch4,sample=16,inner=64,items=4,raw_cycles=3405162
PROFILE_SAMPLE,param=256f,config=mve_refmat,backend=mve,matvec=reference,operation=gf_mat_vec_mul_batch4,sample=17,inner=64,items=4,raw_cycles=3405162
PROFILE_SAMPLE,param=256f,config=mve_refmat,backend=mve,matvec=reference,operation=gf_mat_vec_mul_batch4,sample=18,inner=64,items=4,raw_cycles=3405162
PROFILE_SAMPLE,param=256f,config=mve_refmat,backend=mve,matvec=reference,operation=gf_mat_vec_mul_batch4,sample=19,inner=64,items=4,raw_cycles=3405162
PROFILE_SAMPLE,param=256f,config=mve_refmat,backend=mve,matvec=reference,operation=gf_mat_vec_mul_batch4,sample=20,inner=64,items=4,raw_cycles=3405162
PROFILE_SAMPLE,param=256f,config=mve_refmat,backend=mve,matvec=reference,operation=gf_mat_vec_mul_batch4,sample=21,inner=64,items=4,raw_cycles=3405162
PROFILE_SAMPLE,param=256f,config=mve_refmat,backend=mve,matvec=reference,operation=gf_mat_vec_mul_batch4,sample=22,inner=64,items=4,raw_cycles=3405163
PROFILE_SAMPLE,param=256f,config=mve_refmat,backend=mve,matvec=reference,operation=gf_mat_vec_mul_batch4,sample=23,inner=64,items=4,raw_cycles=3405162
PROFILE_SAMPLE,param=256f,config=mve_refmat,backend=mve,matvec=reference,operation=gf_mat_vec_mul_batch4,sample=24,inner=64,items=4,raw_cycles=3405162
PROFILE_SAMPLE,param=256f,config=mve_refmat,backend=mve,matvec=reference,operation=gf_mat_vec_mul_batch4,sample=25,inner=64,items=4,raw_cycles=3405162
PROFILE_SAMPLE,param=256f,config=mve_refmat,backend=mve,matvec=reference,operation=gf_mat_vec_mul_batch4,sample=26,inner=64,items=4,raw_cycles=3405162
PROFILE_SAMPLE,param=256f,config=mve_refmat,backend=mve,matvec=reference,operation=gf_mat_vec_mul_batch4,sample=27,inner=64,items=4,raw_cycles=3405162
PROFILE_SAMPLE,param=256f,config=mve_refmat,backend=mve,matvec=reference,operation=gf_mat_vec_mul_batch4,sample=28,inner=64,items=4,raw_cycles=3405162
PROFILE_SAMPLE,param=256f,config=mve_refmat,backend=mve,matvec=reference,operation=gf_mat_vec_mul_batch4,sample=29,inner=64,items=4,raw_cycles=3405162
PROFILE_SAMPLE,param=256f,config=mve_refmat,backend=mve,matvec=reference,operation=gf_mat_vec_mul_batch4,sample=30,inner=64,items=4,raw_cycles=3405162
PROFILE_RESULT,param=256f,config=mve_refmat,backend=mve,matvec=reference,operation=gf_mat_vec_mul_batch4,samples=31,inner=64,items=4,min=53205.66,median=53205.66,mean=53206.69,stddev=5.46,max=53236.56,cycles_per_item_mean=13301.67
PROFILE_SAMPLE,param=256f,config=mve_refmat,backend=mve,matvec=reference,operation=gf_mat_vec_mul_add_batch4,sample=0,inner=64,items=4,raw_cycles=3424583
PROFILE_SAMPLE,param=256f,config=mve_refmat,backend=mve,matvec=reference,operation=gf_mat_vec_mul_add_batch4,sample=1,inner=64,items=4,raw_cycles=3423616
PROFILE_SAMPLE,param=256f,config=mve_refmat,backend=mve,matvec=reference,operation=gf_mat_vec_mul_add_batch4,sample=2,inner=64,items=4,raw_cycles=3423616
PROFILE_SAMPLE,param=256f,config=mve_refmat,backend=mve,matvec=reference,operation=gf_mat_vec_mul_add_batch4,sample=3,inner=64,items=4,raw_cycles=3423614
PROFILE_SAMPLE,param=256f,config=mve_refmat,backend=mve,matvec=reference,operation=gf_mat_vec_mul_add_batch4,sample=4,inner=64,items=4,raw_cycles=3423618
PROFILE_SAMPLE,param=256f,config=mve_refmat,backend=mve,matvec=reference,operation=gf_mat_vec_mul_add_batch4,sample=5,inner=64,items=4,raw_cycles=3423617
PROFILE_SAMPLE,param=256f,config=mve_refmat,backend=mve,matvec=reference,operation=gf_mat_vec_mul_add_batch4,sample=6,inner=64,items=4,raw_cycles=3423616
PROFILE_SAMPLE,param=256f,config=mve_refmat,backend=mve,matvec=reference,operation=gf_mat_vec_mul_add_batch4,sample=7,inner=64,items=4,raw_cycles=3423612
PROFILE_SAMPLE,param=256f,config=mve_refmat,backend=mve,matvec=reference,operation=gf_mat_vec_mul_add_batch4,sample=8,inner=64,items=4,raw_cycles=3423617
PROFILE_SAMPLE,param=256f,config=mve_refmat,backend=mve,matvec=reference,operation=gf_mat_vec_mul_add_batch4,sample=9,inner=64,items=4,raw_cycles=3423616
PROFILE_SAMPLE,param=256f,config=mve_refmat,backend=mve,matvec=reference,operation=gf_mat_vec_mul_add_batch4,sample=10,inner=64,items=4,raw_cycles=3423615
PROFILE_SAMPLE,param=256f,config=mve_refmat,backend=mve,matvec=reference,operation=gf_mat_vec_mul_add_batch4,sample=11,inner=64,items=4,raw_cycles=3423617
PROFILE_SAMPLE,param=256f,config=mve_refmat,backend=mve,matvec=reference,operation=gf_mat_vec_mul_add_batch4,sample=12,inner=64,items=4,raw_cycles=3423616
PROFILE_SAMPLE,param=256f,config=mve_refmat,backend=mve,matvec=reference,operation=gf_mat_vec_mul_add_batch4,sample=13,inner=64,items=4,raw_cycles=3423615
PROFILE_SAMPLE,param=256f,config=mve_refmat,backend=mve,matvec=reference,operation=gf_mat_vec_mul_add_batch4,sample=14,inner=64,items=4,raw_cycles=3423614
PROFILE_SAMPLE,param=256f,config=mve_refmat,backend=mve,matvec=reference,operation=gf_mat_vec_mul_add_batch4,sample=15,inner=64,items=4,raw_cycles=3423616
PROFILE_SAMPLE,param=256f,config=mve_refmat,backend=mve,matvec=reference,operation=gf_mat_vec_mul_add_batch4,sample=16,inner=64,items=4,raw_cycles=3423618
PROFILE_SAMPLE,param=256f,config=mve_refmat,backend=mve,matvec=reference,operation=gf_mat_vec_mul_add_batch4,sample=17,inner=64,items=4,raw_cycles=3423614
PROFILE_SAMPLE,param=256f,config=mve_refmat,backend=mve,matvec=reference,operation=gf_mat_vec_mul_add_batch4,sample=18,inner=64,items=4,raw_cycles=3423616
PROFILE_SAMPLE,param=256f,config=mve_refmat,backend=mve,matvec=reference,operation=gf_mat_vec_mul_add_batch4,sample=19,inner=64,items=4,raw_cycles=3423615
PROFILE_SAMPLE,param=256f,config=mve_refmat,backend=mve,matvec=reference,operation=gf_mat_vec_mul_add_batch4,sample=20,inner=64,items=4,raw_cycles=3423617
PROFILE_SAMPLE,param=256f,config=mve_refmat,backend=mve,matvec=reference,operation=gf_mat_vec_mul_add_batch4,sample=21,inner=64,items=4,raw_cycles=3423612
PROFILE_SAMPLE,param=256f,config=mve_refmat,backend=mve,matvec=reference,operation=gf_mat_vec_mul_add_batch4,sample=22,inner=64,items=4,raw_cycles=3423619
PROFILE_SAMPLE,param=256f,config=mve_refmat,backend=mve,matvec=reference,operation=gf_mat_vec_mul_add_batch4,sample=23,inner=64,items=4,raw_cycles=3423617
PROFILE_SAMPLE,param=256f,config=mve_refmat,backend=mve,matvec=reference,operation=gf_mat_vec_mul_add_batch4,sample=24,inner=64,items=4,raw_cycles=3423616
PROFILE_SAMPLE,param=256f,config=mve_refmat,backend=mve,matvec=reference,operation=gf_mat_vec_mul_add_batch4,sample=25,inner=64,items=4,raw_cycles=3423612
PROFILE_SAMPLE,param=256f,config=mve_refmat,backend=mve,matvec=reference,operation=gf_mat_vec_mul_add_batch4,sample=26,inner=64,items=4,raw_cycles=3423617
PROFILE_SAMPLE,param=256f,config=mve_refmat,backend=mve,matvec=reference,operation=gf_mat_vec_mul_add_batch4,sample=27,inner=64,items=4,raw_cycles=3423616
PROFILE_SAMPLE,param=256f,config=mve_refmat,backend=mve,matvec=reference,operation=gf_mat_vec_mul_add_batch4,sample=28,inner=64,items=4,raw_cycles=3423615
PROFILE_SAMPLE,param=256f,config=mve_refmat,backend=mve,matvec=reference,operation=gf_mat_vec_mul_add_batch4,sample=29,inner=64,items=4,raw_cycles=3423617
PROFILE_SAMPLE,param=256f,config=mve_refmat,backend=mve,matvec=reference,operation=gf_mat_vec_mul_add_batch4,sample=30,inner=64,items=4,raw_cycles=3423616
PROFILE_RESULT,param=256f,config=mve_refmat,backend=mve,matvec=reference,operation=gf_mat_vec_mul_add_batch4,samples=31,inner=64,items=4,min=53493.94,median=53494.00,mean=53494.48,stddev=2.67,max=53509.11,cycles_per_item_mean=13373.62
PROFILE_SAMPLE,param=256f,config=mve_refmat,backend=mve,matvec=reference,operation=aim3_mpc_batch4,sample=0,inner=8,items=4,raw_cycles=3454456
PROFILE_SAMPLE,param=256f,config=mve_refmat,backend=mve,matvec=reference,operation=aim3_mpc_batch4,sample=1,inner=8,items=4,raw_cycles=3446770
PROFILE_SAMPLE,param=256f,config=mve_refmat,backend=mve,matvec=reference,operation=aim3_mpc_batch4,sample=2,inner=8,items=4,raw_cycles=3444288
PROFILE_SAMPLE,param=256f,config=mve_refmat,backend=mve,matvec=reference,operation=aim3_mpc_batch4,sample=3,inner=8,items=4,raw_cycles=3444508
PROFILE_SAMPLE,param=256f,config=mve_refmat,backend=mve,matvec=reference,operation=aim3_mpc_batch4,sample=4,inner=8,items=4,raw_cycles=3446451
PROFILE_SAMPLE,param=256f,config=mve_refmat,backend=mve,matvec=reference,operation=aim3_mpc_batch4,sample=5,inner=8,items=4,raw_cycles=3446671
PROFILE_SAMPLE,param=256f,config=mve_refmat,backend=mve,matvec=reference,operation=aim3_mpc_batch4,sample=6,inner=8,items=4,raw_cycles=3446699
PROFILE_SAMPLE,param=256f,config=mve_refmat,backend=mve,matvec=reference,operation=aim3_mpc_batch4,sample=7,inner=8,items=4,raw_cycles=3446657
PROFILE_SAMPLE,param=256f,config=mve_refmat,backend=mve,matvec=reference,operation=aim3_mpc_batch4,sample=8,inner=8,items=4,raw_cycles=3448797
PROFILE_SAMPLE,param=256f,config=mve_refmat,backend=mve,matvec=reference,operation=aim3_mpc_batch4,sample=9,inner=8,items=4,raw_cycles=3448862
PROFILE_SAMPLE,param=256f,config=mve_refmat,backend=mve,matvec=reference,operation=aim3_mpc_batch4,sample=10,inner=8,items=4,raw_cycles=3448692
PROFILE_SAMPLE,param=256f,config=mve_refmat,backend=mve,matvec=reference,operation=aim3_mpc_batch4,sample=11,inner=8,items=4,raw_cycles=3448804
PROFILE_SAMPLE,param=256f,config=mve_refmat,backend=mve,matvec=reference,operation=aim3_mpc_batch4,sample=12,inner=8,items=4,raw_cycles=3448692
PROFILE_SAMPLE,param=256f,config=mve_refmat,backend=mve,matvec=reference,operation=aim3_mpc_batch4,sample=13,inner=8,items=4,raw_cycles=3448804
PROFILE_SAMPLE,param=256f,config=mve_refmat,backend=mve,matvec=reference,operation=aim3_mpc_batch4,sample=14,inner=8,items=4,raw_cycles=3448692
PROFILE_SAMPLE,param=256f,config=mve_refmat,backend=mve,matvec=reference,operation=aim3_mpc_batch4,sample=15,inner=8,items=4,raw_cycles=3448804
PROFILE_SAMPLE,param=256f,config=mve_refmat,backend=mve,matvec=reference,operation=aim3_mpc_batch4,sample=16,inner=8,items=4,raw_cycles=3448692
PROFILE_SAMPLE,param=256f,config=mve_refmat,backend=mve,matvec=reference,operation=aim3_mpc_batch4,sample=17,inner=8,items=4,raw_cycles=3448804
PROFILE_SAMPLE,param=256f,config=mve_refmat,backend=mve,matvec=reference,operation=aim3_mpc_batch4,sample=18,inner=8,items=4,raw_cycles=3448692
PROFILE_SAMPLE,param=256f,config=mve_refmat,backend=mve,matvec=reference,operation=aim3_mpc_batch4,sample=19,inner=8,items=4,raw_cycles=3448804
PROFILE_SAMPLE,param=256f,config=mve_refmat,backend=mve,matvec=reference,operation=aim3_mpc_batch4,sample=20,inner=8,items=4,raw_cycles=3448692
PROFILE_SAMPLE,param=256f,config=mve_refmat,backend=mve,matvec=reference,operation=aim3_mpc_batch4,sample=21,inner=8,items=4,raw_cycles=3448804
PROFILE_SAMPLE,param=256f,config=mve_refmat,backend=mve,matvec=reference,operation=aim3_mpc_batch4,sample=22,inner=8,items=4,raw_cycles=3448692
PROFILE_SAMPLE,param=256f,config=mve_refmat,backend=mve,matvec=reference,operation=aim3_mpc_batch4,sample=23,inner=8,items=4,raw_cycles=3448804
PROFILE_SAMPLE,param=256f,config=mve_refmat,backend=mve,matvec=reference,operation=aim3_mpc_batch4,sample=24,inner=8,items=4,raw_cycles=3448692
PROFILE_SAMPLE,param=256f,config=mve_refmat,backend=mve,matvec=reference,operation=aim3_mpc_batch4,sample=25,inner=8,items=4,raw_cycles=3448804
PROFILE_SAMPLE,param=256f,config=mve_refmat,backend=mve,matvec=reference,operation=aim3_mpc_batch4,sample=26,inner=8,items=4,raw_cycles=3448692
PROFILE_SAMPLE,param=256f,config=mve_refmat,backend=mve,matvec=reference,operation=aim3_mpc_batch4,sample=27,inner=8,items=4,raw_cycles=3448804
PROFILE_SAMPLE,param=256f,config=mve_refmat,backend=mve,matvec=reference,operation=aim3_mpc_batch4,sample=28,inner=8,items=4,raw_cycles=3448692
PROFILE_SAMPLE,param=256f,config=mve_refmat,backend=mve,matvec=reference,operation=aim3_mpc_batch4,sample=29,inner=8,items=4,raw_cycles=3448804
PROFILE_SAMPLE,param=256f,config=mve_refmat,backend=mve,matvec=reference,operation=aim3_mpc_batch4,sample=30,inner=8,items=4,raw_cycles=3448692
PROFILE_RESULT,param=256f,config=mve_refmat,backend=mve,matvec=reference,operation=aim3_mpc_batch4,samples=31,inner=8,items=4,min=430536.00,median=431086.50,mean=431039.56,stddev=209.20,max=431807.00,cycles_per_item_mean=107759.89
PROFILE_SAMPLE,param=256f,config=mve_refmat,backend=mve,matvec=reference,operation=aim3_mpc_batch4_affine,sample=0,inner=8,items=4,raw_cycles=3287697
PROFILE_SAMPLE,param=256f,config=mve_refmat,backend=mve,matvec=reference,operation=aim3_mpc_batch4_affine,sample=1,inner=8,items=4,raw_cycles=3281628
PROFILE_SAMPLE,param=256f,config=mve_refmat,backend=mve,matvec=reference,operation=aim3_mpc_batch4_affine,sample=2,inner=8,items=4,raw_cycles=3279145
PROFILE_SAMPLE,param=256f,config=mve_refmat,backend=mve,matvec=reference,operation=aim3_mpc_batch4_affine,sample=3,inner=8,items=4,raw_cycles=3279372
PROFILE_SAMPLE,param=256f,config=mve_refmat,backend=mve,matvec=reference,operation=aim3_mpc_batch4_affine,sample=4,inner=8,items=4,raw_cycles=3281317
PROFILE_SAMPLE,param=256f,config=mve_refmat,backend=mve,matvec=reference,operation=aim3_mpc_batch4_affine,sample=5,inner=8,items=4,raw_cycles=3281537
PROFILE_SAMPLE,param=256f,config=mve_refmat,backend=mve,matvec=reference,operation=aim3_mpc_batch4_affine,sample=6,inner=8,items=4,raw_cycles=3281562
PROFILE_SAMPLE,param=256f,config=mve_refmat,backend=mve,matvec=reference,operation=aim3_mpc_batch4_affine,sample=7,inner=8,items=4,raw_cycles=3281523
PROFILE_SAMPLE,param=256f,config=mve_refmat,backend=mve,matvec=reference,operation=aim3_mpc_batch4_affine,sample=8,inner=8,items=4,raw_cycles=3283657
PROFILE_SAMPLE,param=256f,config=mve_refmat,backend=mve,matvec=reference,operation=aim3_mpc_batch4_affine,sample=9,inner=8,items=4,raw_cycles=3283728
PROFILE_SAMPLE,param=256f,config=mve_refmat,backend=mve,matvec=reference,operation=aim3_mpc_batch4_affine,sample=10,inner=8,items=4,raw_cycles=3283554
PROFILE_SAMPLE,param=256f,config=mve_refmat,backend=mve,matvec=reference,operation=aim3_mpc_batch4_affine,sample=11,inner=8,items=4,raw_cycles=3283668
PROFILE_SAMPLE,param=256f,config=mve_refmat,backend=mve,matvec=reference,operation=aim3_mpc_batch4_affine,sample=12,inner=8,items=4,raw_cycles=3283554
PROFILE_SAMPLE,param=256f,config=mve_refmat,backend=mve,matvec=reference,operation=aim3_mpc_batch4_affine,sample=13,inner=8,items=4,raw_cycles=3283668
PROFILE_SAMPLE,param=256f,config=mve_refmat,backend=mve,matvec=reference,operation=aim3_mpc_batch4_affine,sample=14,inner=8,items=4,raw_cycles=3283554
PROFILE_SAMPLE,param=256f,config=mve_refmat,backend=mve,matvec=reference,operation=aim3_mpc_batch4_affine,sample=15,inner=8,items=4,raw_cycles=3283668
PROFILE_SAMPLE,param=256f,config=mve_refmat,backend=mve,matvec=reference,operation=aim3_mpc_batch4_affine,sample=16,inner=8,items=4,raw_cycles=3283554
PROFILE_SAMPLE,param=256f,config=mve_refmat,backend=mve,matvec=reference,operation=aim3_mpc_batch4_affine,sample=17,inner=8,items=4,raw_cycles=3283668
PROFILE_SAMPLE,param=256f,config=mve_refmat,backend=mve,matvec=reference,operation=aim3_mpc_batch4_affine,sample=18,inner=8,items=4,raw_cycles=3283554
PROFILE_SAMPLE,param=256f,config=mve_refmat,backend=mve,matvec=reference,operation=aim3_mpc_batch4_affine,sample=19,inner=8,items=4,raw_cycles=3283668
PROFILE_SAMPLE,param=256f,config=mve_refmat,backend=mve,matvec=reference,operation=aim3_mpc_batch4_affine,sample=20,inner=8,items=4,raw_cycles=3283555
PROFILE_SAMPLE,param=256f,config=mve_refmat,backend=mve,matvec=reference,operation=aim3_mpc_batch4_affine,sample=21,inner=8,items=4,raw_cycles=3283668
PROFILE_SAMPLE,param=256f,config=mve_refmat,backend=mve,matvec=reference,operation=aim3_mpc_batch4_affine,sample=22,inner=8,items=4,raw_cycles=3283554
PROFILE_SAMPLE,param=256f,config=mve_refmat,backend=mve,matvec=reference,operation=aim3_mpc_batch4_affine,sample=23,inner=8,items=4,raw_cycles=3283668
PROFILE_SAMPLE,param=256f,config=mve_refmat,backend=mve,matvec=reference,operation=aim3_mpc_batch4_affine,sample=24,inner=8,items=4,raw_cycles=3283554
PROFILE_SAMPLE,param=256f,config=mve_refmat,backend=mve,matvec=reference,operation=aim3_mpc_batch4_affine,sample=25,inner=8,items=4,raw_cycles=3283668
PROFILE_SAMPLE,param=256f,config=mve_refmat,backend=mve,matvec=reference,operation=aim3_mpc_batch4_affine,sample=26,inner=8,items=4,raw_cycles=3283554
PROFILE_SAMPLE,param=256f,config=mve_refmat,backend=mve,matvec=reference,operation=aim3_mpc_batch4_affine,sample=27,inner=8,items=4,raw_cycles=3283668
PROFILE_SAMPLE,param=256f,config=mve_refmat,backend=mve,matvec=reference,operation=aim3_mpc_batch4_affine,sample=28,inner=8,items=4,raw_cycles=3283554
PROFILE_SAMPLE,param=256f,config=mve_refmat,backend=mve,matvec=reference,operation=aim3_mpc_batch4_affine,sample=29,inner=8,items=4,raw_cycles=3283668
PROFILE_SAMPLE,param=256f,config=mve_refmat,backend=mve,matvec=reference,operation=aim3_mpc_batch4_affine,sample=30,inner=8,items=4,raw_cycles=3283554
PROFILE_RESULT,param=256f,config=mve_refmat,backend=mve,matvec=reference,operation=aim3_mpc_batch4_affine,samples=31,inner=8,items=4,min=409893.12,median=410444.25,mean=410390.89,stddev=187.15,max=410962.12,cycles_per_item_mean=102597.72
PROFILE_SAMPLE,param=256f,config=mve_refmat,backend=mve,matvec=reference,operation=aim3_mpc_batch4_frobenius,sample=0,inner=8,items=4,raw_cycles=165392
PROFILE_SAMPLE,param=256f,config=mve_refmat,backend=mve,matvec=reference,operation=aim3_mpc_batch4_frobenius,sample=1,inner=8,items=4,raw_cycles=164056
PROFILE_SAMPLE,param=256f,config=mve_refmat,backend=mve,matvec=reference,operation=aim3_mpc_batch4_frobenius,sample=2,inner=8,items=4,raw_cycles=164057
PROFILE_SAMPLE,param=256f,config=mve_refmat,backend=mve,matvec=reference,operation=aim3_mpc_batch4_frobenius,sample=3,inner=8,items=4,raw_cycles=164052
PROFILE_SAMPLE,param=256f,config=mve_refmat,backend=mve,matvec=reference,operation=aim3_mpc_batch4_frobenius,sample=4,inner=8,items=4,raw_cycles=164052
PROFILE_SAMPLE,param=256f,config=mve_refmat,backend=mve,matvec=reference,operation=aim3_mpc_batch4_frobenius,sample=5,inner=8,items=4,raw_cycles=164054
PROFILE_SAMPLE,param=256f,config=mve_refmat,backend=mve,matvec=reference,operation=aim3_mpc_batch4_frobenius,sample=6,inner=8,items=4,raw_cycles=164057
PROFILE_SAMPLE,param=256f,config=mve_refmat,backend=mve,matvec=reference,operation=aim3_mpc_batch4_frobenius,sample=7,inner=8,items=4,raw_cycles=164054
PROFILE_SAMPLE,param=256f,config=mve_refmat,backend=mve,matvec=reference,operation=aim3_mpc_batch4_frobenius,sample=8,inner=8,items=4,raw_cycles=164056
PROFILE_SAMPLE,param=256f,config=mve_refmat,backend=mve,matvec=reference,operation=aim3_mpc_batch4_frobenius,sample=9,inner=8,items=4,raw_cycles=164048
PROFILE_SAMPLE,param=256f,config=mve_refmat,backend=mve,matvec=reference,operation=aim3_mpc_batch4_frobenius,sample=10,inner=8,items=4,raw_cycles=164057
PROFILE_SAMPLE,param=256f,config=mve_refmat,backend=mve,matvec=reference,operation=aim3_mpc_batch4_frobenius,sample=11,inner=8,items=4,raw_cycles=164052
PROFILE_SAMPLE,param=256f,config=mve_refmat,backend=mve,matvec=reference,operation=aim3_mpc_batch4_frobenius,sample=12,inner=8,items=4,raw_cycles=164057
PROFILE_SAMPLE,param=256f,config=mve_refmat,backend=mve,matvec=reference,operation=aim3_mpc_batch4_frobenius,sample=13,inner=8,items=4,raw_cycles=164052
PROFILE_SAMPLE,param=256f,config=mve_refmat,backend=mve,matvec=reference,operation=aim3_mpc_batch4_frobenius,sample=14,inner=8,items=4,raw_cycles=164057
PROFILE_SAMPLE,param=256f,config=mve_refmat,backend=mve,matvec=reference,operation=aim3_mpc_batch4_frobenius,sample=15,inner=8,items=4,raw_cycles=164052
PROFILE_SAMPLE,param=256f,config=mve_refmat,backend=mve,matvec=reference,operation=aim3_mpc_batch4_frobenius,sample=16,inner=8,items=4,raw_cycles=164057
PROFILE_SAMPLE,param=256f,config=mve_refmat,backend=mve,matvec=reference,operation=aim3_mpc_batch4_frobenius,sample=17,inner=8,items=4,raw_cycles=164052
PROFILE_SAMPLE,param=256f,config=mve_refmat,backend=mve,matvec=reference,operation=aim3_mpc_batch4_frobenius,sample=18,inner=8,items=4,raw_cycles=164057
PROFILE_SAMPLE,param=256f,config=mve_refmat,backend=mve,matvec=reference,operation=aim3_mpc_batch4_frobenius,sample=19,inner=8,items=4,raw_cycles=164052
PROFILE_SAMPLE,param=256f,config=mve_refmat,backend=mve,matvec=reference,operation=aim3_mpc_batch4_frobenius,sample=20,inner=8,items=4,raw_cycles=164056
PROFILE_SAMPLE,param=256f,config=mve_refmat,backend=mve,matvec=reference,operation=aim3_mpc_batch4_frobenius,sample=21,inner=8,items=4,raw_cycles=164052
PROFILE_SAMPLE,param=256f,config=mve_refmat,backend=mve,matvec=reference,operation=aim3_mpc_batch4_frobenius,sample=22,inner=8,items=4,raw_cycles=164057
PROFILE_SAMPLE,param=256f,config=mve_refmat,backend=mve,matvec=reference,operation=aim3_mpc_batch4_frobenius,sample=23,inner=8,items=4,raw_cycles=164052
PROFILE_SAMPLE,param=256f,config=mve_refmat,backend=mve,matvec=reference,operation=aim3_mpc_batch4_frobenius,sample=24,inner=8,items=4,raw_cycles=164057
PROFILE_SAMPLE,param=256f,config=mve_refmat,backend=mve,matvec=reference,operation=aim3_mpc_batch4_frobenius,sample=25,inner=8,items=4,raw_cycles=164052
PROFILE_SAMPLE,param=256f,config=mve_refmat,backend=mve,matvec=reference,operation=aim3_mpc_batch4_frobenius,sample=26,inner=8,items=4,raw_cycles=164057
PROFILE_SAMPLE,param=256f,config=mve_refmat,backend=mve,matvec=reference,operation=aim3_mpc_batch4_frobenius,sample=27,inner=8,items=4,raw_cycles=164052
PROFILE_SAMPLE,param=256f,config=mve_refmat,backend=mve,matvec=reference,operation=aim3_mpc_batch4_frobenius,sample=28,inner=8,items=4,raw_cycles=164057
PROFILE_SAMPLE,param=256f,config=mve_refmat,backend=mve,matvec=reference,operation=aim3_mpc_batch4_frobenius,sample=29,inner=8,items=4,raw_cycles=164052
PROFILE_SAMPLE,param=256f,config=mve_refmat,backend=mve,matvec=reference,operation=aim3_mpc_batch4_frobenius,sample=30,inner=8,items=4,raw_cycles=164057
PROFILE_RESULT,param=256f,config=mve_refmat,backend=mve,matvec=reference,operation=aim3_mpc_batch4_frobenius,samples=31,inner=8,items=4,min=20506.00,median=20507.00,mean=20512.19,stddev=29.54,max=20674.00,cycles_per_item_mean=5128.05
PROFILE_SAMPLE,param=256f,config=mve_refmat,backend=mve,matvec=reference,operation=aim3_mpc_scalar,sample=0,inner=8,items=1,raw_cycles=1000962
PROFILE_SAMPLE,param=256f,config=mve_refmat,backend=mve,matvec=reference,operation=aim3_mpc_scalar,sample=1,inner=8,items=1,raw_cycles=999807
PROFILE_SAMPLE,param=256f,config=mve_refmat,backend=mve,matvec=reference,operation=aim3_mpc_scalar,sample=2,inner=8,items=1,raw_cycles=1000038
PROFILE_SAMPLE,param=256f,config=mve_refmat,backend=mve,matvec=reference,operation=aim3_mpc_scalar,sample=3,inner=8,items=1,raw_cycles=1000068
PROFILE_SAMPLE,param=256f,config=mve_refmat,backend=mve,matvec=reference,operation=aim3_mpc_scalar,sample=4,inner=8,items=1,raw_cycles=1000011
PROFILE_SAMPLE,param=256f,config=mve_refmat,backend=mve,matvec=reference,operation=aim3_mpc_scalar,sample=5,inner=8,items=1,raw_cycles=1000080
PROFILE_SAMPLE,param=256f,config=mve_refmat,backend=mve,matvec=reference,operation=aim3_mpc_scalar,sample=6,inner=8,items=1,raw_cycles=1000068
PROFILE_SAMPLE,param=256f,config=mve_refmat,backend=mve,matvec=reference,operation=aim3_mpc_scalar,sample=7,inner=8,items=1,raw_cycles=1000080
PROFILE_SAMPLE,param=256f,config=mve_refmat,backend=mve,matvec=reference,operation=aim3_mpc_scalar,sample=8,inner=8,items=1,raw_cycles=1000068
PROFILE_SAMPLE,param=256f,config=mve_refmat,backend=mve,matvec=reference,operation=aim3_mpc_scalar,sample=9,inner=8,items=1,raw_cycles=1000080
PROFILE_SAMPLE,param=256f,config=mve_refmat,backend=mve,matvec=reference,operation=aim3_mpc_scalar,sample=10,inner=8,items=1,raw_cycles=1000068
PROFILE_SAMPLE,param=256f,config=mve_refmat,backend=mve,matvec=reference,operation=aim3_mpc_scalar,sample=11,inner=8,items=1,raw_cycles=1000080
PROFILE_SAMPLE,param=256f,config=mve_refmat,backend=mve,matvec=reference,operation=aim3_mpc_scalar,sample=12,inner=8,items=1,raw_cycles=1000068
PROFILE_SAMPLE,param=256f,config=mve_refmat,backend=mve,matvec=reference,operation=aim3_mpc_scalar,sample=13,inner=8,items=1,raw_cycles=1000081
PROFILE_SAMPLE,param=256f,config=mve_refmat,backend=mve,matvec=reference,operation=aim3_mpc_scalar,sample=14,inner=8,items=1,raw_cycles=1000066
PROFILE_SAMPLE,param=256f,config=mve_refmat,backend=mve,matvec=reference,operation=aim3_mpc_scalar,sample=15,inner=8,items=1,raw_cycles=1000080
PROFILE_SAMPLE,param=256f,config=mve_refmat,backend=mve,matvec=reference,operation=aim3_mpc_scalar,sample=16,inner=8,items=1,raw_cycles=1000068
PROFILE_SAMPLE,param=256f,config=mve_refmat,backend=mve,matvec=reference,operation=aim3_mpc_scalar,sample=17,inner=8,items=1,raw_cycles=1000080
PROFILE_SAMPLE,param=256f,config=mve_refmat,backend=mve,matvec=reference,operation=aim3_mpc_scalar,sample=18,inner=8,items=1,raw_cycles=1000068
PROFILE_SAMPLE,param=256f,config=mve_refmat,backend=mve,matvec=reference,operation=aim3_mpc_scalar,sample=19,inner=8,items=1,raw_cycles=1000080
PROFILE_SAMPLE,param=256f,config=mve_refmat,backend=mve,matvec=reference,operation=aim3_mpc_scalar,sample=20,inner=8,items=1,raw_cycles=1000068
PROFILE_SAMPLE,param=256f,config=mve_refmat,backend=mve,matvec=reference,operation=aim3_mpc_scalar,sample=21,inner=8,items=1,raw_cycles=1000080
PROFILE_SAMPLE,param=256f,config=mve_refmat,backend=mve,matvec=reference,operation=aim3_mpc_scalar,sample=22,inner=8,items=1,raw_cycles=1000068
PROFILE_SAMPLE,param=256f,config=mve_refmat,backend=mve,matvec=reference,operation=aim3_mpc_scalar,sample=23,inner=8,items=1,raw_cycles=1000080
PROFILE_SAMPLE,param=256f,config=mve_refmat,backend=mve,matvec=reference,operation=aim3_mpc_scalar,sample=24,inner=8,items=1,raw_cycles=1000068
PROFILE_SAMPLE,param=256f,config=mve_refmat,backend=mve,matvec=reference,operation=aim3_mpc_scalar,sample=25,inner=8,items=1,raw_cycles=1000080
PROFILE_SAMPLE,param=256f,config=mve_refmat,backend=mve,matvec=reference,operation=aim3_mpc_scalar,sample=26,inner=8,items=1,raw_cycles=1000068
PROFILE_SAMPLE,param=256f,config=mve_refmat,backend=mve,matvec=reference,operation=aim3_mpc_scalar,sample=27,inner=8,items=1,raw_cycles=1000080
PROFILE_SAMPLE,param=256f,config=mve_refmat,backend=mve,matvec=reference,operation=aim3_mpc_scalar,sample=28,inner=8,items=1,raw_cycles=1000068
PROFILE_SAMPLE,param=256f,config=mve_refmat,backend=mve,matvec=reference,operation=aim3_mpc_scalar,sample=29,inner=8,items=1,raw_cycles=1000080
PROFILE_SAMPLE,param=256f,config=mve_refmat,backend=mve,matvec=reference,operation=aim3_mpc_scalar,sample=30,inner=8,items=1,raw_cycles=1000068
PROFILE_RESULT,param=256f,config=mve_refmat,backend=mve,matvec=reference,operation=aim3_mpc_scalar,samples=31,inner=8,items=1,min=124975.88,median=125008.50,mean=125011.33,stddev=20.79,max=125120.25,cycles_per_item_mean=125011.33
PROFILE_PASS,param=256f,config=mve_refmat,backend=mve,matvec=reference,checksum=38f0405d29053074
TEST_EXIT=0
