PAPER_M55_CONTEXT,result_dir=/Users/seungwon/AIMer3_on_AVX512/m55/benchmarks/results/paper-final-ref-mve-20260906-151313,source_sha256=d5a9217638ee84f7d9f5243875243052c95d5d6c224578e33e0548304ef6457e,command=make -B -C /Users/seungwon/AIMer3_on_AVX512/m55 PARAM=128s BACKEND=mve MATVEC=mve TEST=benchmark MEMORY=full SIGN_SCHEDULE=lowmem STACK_USAGE=1 BENCH_KERNEL_SAMPLES=31 BENCH_KERNEL_INNER=64 BENCH_E2E_SAMPLES=50 BENCH_WARMUP=10 run-board ARM_GCC_DIR=/Users/seungwon/test/.tools/xpack-arm-none-eabi-gcc-15.2.1-1.1/bin CUBE_N6_DIR=/Users/seungwon/STM32CubeN6 CORTEXCTL=/Users/Shared/cortexctl OPENOCD=/Users/seungwon/test/.tools/xpack-openocd-0.12.0-7/bin/openocd OPENOCD_SCRIPTS=/Users/seungwon/test/.tools/xpack-openocd-0.12.0-7/openocd/scripts OPENOCD_TARGET_SCRIPTS=/Users/seungwon/test/.tools/openocd-scripts 
/Users/seungwon/test/.tools/xpack-arm-none-eabi-gcc-15.2.1-1.1/bin/arm-none-eabi-gcc -DAIMER_MVE_BATCH -DAIMER_M55_MVE_MATVEC -DAIMER_BENCHMARK -DPARAMS=128s -DAIMER_BACKEND=mve -DAIMER_MATVEC=mve -DAIMER_CONFIG=mve_affine -DBENCH_KERNEL_SAMPLES=31 -DBENCH_E2E_SAMPLES=50 -DBENCH_KERNEL_INNER=64 -DBENCH_WARMUP=10 -DPROFILE_SAMPLES=31 -DPROFILE_KERNEL_INNER=64 -DPROFILE_COMPLEX_INNER=8 -DUSE_HAL_DRIVER -DSTM32N657xx -Iinclude -I../common/src/sig/aimer/reference/aimer-128s -I../common/src -I/Users/seungwon/STM32CubeN6/Projects/NUCLEO-N657X0-Q/Templates/Template/FSBL/Inc -I/Users/seungwon/STM32CubeN6/Drivers/CMSIS/Include -I/Users/seungwon/STM32CubeN6/Drivers/CMSIS/Device/ST/STM32N6xx/Include -I/Users/seungwon/STM32CubeN6/Drivers/STM32N6xx_HAL_Driver/Inc -I/Users/seungwon/STM32CubeN6/Drivers/STM32N6xx_HAL_Driver/Inc/Legacy -O3 -std=c11 -fno-common -ffunction-sections -fdata-sections -fno-tree-vectorize -fno-tree-slp-vectorize -MMD -MP --specs=nosys.specs -Wall -Wextra -Wshadow -Wconversion -Wstrict-prototypes -mcpu=cortex-m55 -mthumb -mfloat-abi=hard -mcmse -fstack-usage -c benchmarks/benchmark.c -o build/full/128s/mve-affine/benchmark/benchmark.c.o
/Users/seungwon/test/.tools/xpack-arm-none-eabi-gcc-15.2.1-1.1/bin/arm-none-eabi-gcc -DAIMER_MVE_BATCH -DAIMER_M55_MVE_MATVEC -DAIMER_BENCHMARK -DPARAMS=128s -DAIMER_BACKEND=mve -DAIMER_MATVEC=mve -DAIMER_CONFIG=mve_affine -DBENCH_KERNEL_SAMPLES=31 -DBENCH_E2E_SAMPLES=50 -DBENCH_KERNEL_INNER=64 -DBENCH_WARMUP=10 -DPROFILE_SAMPLES=31 -DPROFILE_KERNEL_INNER=64 -DPROFILE_COMPLEX_INNER=8 -DUSE_HAL_DRIVER -DSTM32N657xx -Iinclude -I../common/src/sig/aimer/reference/aimer-128s -I../common/src -I/Users/seungwon/STM32CubeN6/Projects/NUCLEO-N657X0-Q/Templates/Template/FSBL/Inc -I/Users/seungwon/STM32CubeN6/Drivers/CMSIS/Include -I/Users/seungwon/STM32CubeN6/Drivers/CMSIS/Device/ST/STM32N6xx/Include -I/Users/seungwon/STM32CubeN6/Drivers/STM32N6xx_HAL_Driver/Inc -I/Users/seungwon/STM32CubeN6/Drivers/STM32N6xx_HAL_Driver/Inc/Legacy -O3 -std=c11 -fno-common -ffunction-sections -fdata-sections -fno-tree-vectorize -fno-tree-slp-vectorize -MMD -MP --specs=nosys.specs -Wall -Wextra -Wshadow -Wconversion -Wstrict-prototypes -mcpu=cortex-m55 -mthumb -mfloat-abi=hard -mcmse -fstack-usage -c src/lowmem/sign_low_memory.c -o build/full/128s/mve-affine/benchmark/sign_low_memory.c.o
/Users/seungwon/test/.tools/xpack-arm-none-eabi-gcc-15.2.1-1.1/bin/arm-none-eabi-gcc -DAIMER_MVE_BATCH -DAIMER_M55_MVE_MATVEC -DAIMER_BENCHMARK -DPARAMS=128s -DAIMER_BACKEND=mve -DAIMER_MATVEC=mve -DAIMER_CONFIG=mve_affine -DBENCH_KERNEL_SAMPLES=31 -DBENCH_E2E_SAMPLES=50 -DBENCH_KERNEL_INNER=64 -DBENCH_WARMUP=10 -DPROFILE_SAMPLES=31 -DPROFILE_KERNEL_INNER=64 -DPROFILE_COMPLEX_INNER=8 -DUSE_HAL_DRIVER -DSTM32N657xx -Iinclude -I../common/src/sig/aimer/reference/aimer-128s -I../common/src -I/Users/seungwon/STM32CubeN6/Projects/NUCLEO-N657X0-Q/Templates/Template/FSBL/Inc -I/Users/seungwon/STM32CubeN6/Drivers/CMSIS/Include -I/Users/seungwon/STM32CubeN6/Drivers/CMSIS/Device/ST/STM32N6xx/Include -I/Users/seungwon/STM32CubeN6/Drivers/STM32N6xx_HAL_Driver/Inc -I/Users/seungwon/STM32CubeN6/Drivers/STM32N6xx_HAL_Driver/Inc/Legacy -O3 -std=c11 -fno-common -ffunction-sections -fdata-sections -fno-tree-vectorize -fno-tree-slp-vectorize -MMD -MP --specs=nosys.specs -Wall -Wextra -Wshadow -Wconversion -Wstrict-prototypes -mcpu=cortex-m55 -mthumb -mfloat-abi=hard -mcmse -fstack-usage -c src/lowmem/verify_batch.c -o build/full/128s/mve-affine/benchmark/verify_batch.c.o
/Users/seungwon/test/.tools/xpack-arm-none-eabi-gcc-15.2.1-1.1/bin/arm-none-eabi-gcc -DAIMER_MVE_BATCH -DAIMER_M55_MVE_MATVEC -DAIMER_BENCHMARK -DPARAMS=128s -DAIMER_BACKEND=mve -DAIMER_MATVEC=mve -DAIMER_CONFIG=mve_affine -DBENCH_KERNEL_SAMPLES=31 -DBENCH_E2E_SAMPLES=50 -DBENCH_KERNEL_INNER=64 -DBENCH_WARMUP=10 -DPROFILE_SAMPLES=31 -DPROFILE_KERNEL_INNER=64 -DPROFILE_COMPLEX_INNER=8 -DUSE_HAL_DRIVER -DSTM32N657xx -Iinclude -I../common/src/sig/aimer/reference/aimer-128s -I../common/src -I/Users/seungwon/STM32CubeN6/Projects/NUCLEO-N657X0-Q/Templates/Template/FSBL/Inc -I/Users/seungwon/STM32CubeN6/Drivers/CMSIS/Include -I/Users/seungwon/STM32CubeN6/Drivers/CMSIS/Device/ST/STM32N6xx/Include -I/Users/seungwon/STM32CubeN6/Drivers/STM32N6xx_HAL_Driver/Inc -I/Users/seungwon/STM32CubeN6/Drivers/STM32N6xx_HAL_Driver/Inc/Legacy -O3 -std=c11 -fno-common -ffunction-sections -fdata-sections -fno-tree-vectorize -fno-tree-slp-vectorize -MMD -MP --specs=nosys.specs -Wall -Wextra -Wshadow -Wconversion -Wstrict-prototypes -mcpu=cortex-m55 -mthumb -mfloat-abi=hard -mcmse -fstack-usage -c src/mve/field_batch.c -o build/full/128s/mve-affine/benchmark/field_batch.c.o
/Users/seungwon/test/.tools/xpack-arm-none-eabi-gcc-15.2.1-1.1/bin/arm-none-eabi-gcc -DAIMER_MVE_BATCH -DAIMER_M55_MVE_MATVEC -DAIMER_BENCHMARK -DPARAMS=128s -DAIMER_BACKEND=mve -DAIMER_MATVEC=mve -DAIMER_CONFIG=mve_affine -DBENCH_KERNEL_SAMPLES=31 -DBENCH_E2E_SAMPLES=50 -DBENCH_KERNEL_INNER=64 -DBENCH_WARMUP=10 -DPROFILE_SAMPLES=31 -DPROFILE_KERNEL_INNER=64 -DPROFILE_COMPLEX_INNER=8 -DUSE_HAL_DRIVER -DSTM32N657xx -Iinclude -I../common/src/sig/aimer/reference/aimer-128s -I../common/src -I/Users/seungwon/STM32CubeN6/Projects/NUCLEO-N657X0-Q/Templates/Template/FSBL/Inc -I/Users/seungwon/STM32CubeN6/Drivers/CMSIS/Include -I/Users/seungwon/STM32CubeN6/Drivers/CMSIS/Device/ST/STM32N6xx/Include -I/Users/seungwon/STM32CubeN6/Drivers/STM32N6xx_HAL_Driver/Inc -I/Users/seungwon/STM32CubeN6/Drivers/STM32N6xx_HAL_Driver/Inc/Legacy -O3 -std=c11 -fno-common -ffunction-sections -fdata-sections -fno-tree-vectorize -fno-tree-slp-vectorize -MMD -MP --specs=nosys.specs -Wall -Wextra -Wshadow -Wconversion -Wstrict-prototypes -mcpu=cortex-m55 -mthumb -mfloat-abi=hard -mcmse -fstack-usage -c src/mve/mpc_batch.c -o build/full/128s/mve-affine/benchmark/mpc_batch.c.o
/Users/seungwon/test/.tools/xpack-arm-none-eabi-gcc-15.2.1-1.1/bin/arm-none-eabi-gcc -DAIMER_MVE_BATCH -DAIMER_M55_MVE_MATVEC -DAIMER_BENCHMARK -DPARAMS=128s -DAIMER_BACKEND=mve -DAIMER_MATVEC=mve -DAIMER_CONFIG=mve_affine -DBENCH_KERNEL_SAMPLES=31 -DBENCH_E2E_SAMPLES=50 -DBENCH_KERNEL_INNER=64 -DBENCH_WARMUP=10 -DPROFILE_SAMPLES=31 -DPROFILE_KERNEL_INNER=64 -DPROFILE_COMPLEX_INNER=8 -DUSE_HAL_DRIVER -DSTM32N657xx -Iinclude -I../common/src/sig/aimer/reference/aimer-128s -I../common/src -I/Users/seungwon/STM32CubeN6/Projects/NUCLEO-N657X0-Q/Templates/Template/FSBL/Inc -I/Users/seungwon/STM32CubeN6/Drivers/CMSIS/Include -I/Users/seungwon/STM32CubeN6/Drivers/CMSIS/Device/ST/STM32N6xx/Include -I/Users/seungwon/STM32CubeN6/Drivers/STM32N6xx_HAL_Driver/Inc -I/Users/seungwon/STM32CubeN6/Drivers/STM32N6xx_HAL_Driver/Inc/Legacy -O3 -std=c11 -fno-common -ffunction-sections -fdata-sections -fno-tree-vectorize -fno-tree-slp-vectorize -MMD -MP --specs=nosys.specs -Wall -Wextra -Wshadow -Wconversion -Wstrict-prototypes -mcpu=cortex-m55 -mthumb -mfloat-abi=hard -mcmse -fstack-usage -c ../common/src/sig/aimer/reference/aimer-128s/aim3.c -o build/full/128s/mve-affine/benchmark/aim3.c.o
/Users/seungwon/test/.tools/xpack-arm-none-eabi-gcc-15.2.1-1.1/bin/arm-none-eabi-gcc -DAIMER_MVE_BATCH -DAIMER_M55_MVE_MATVEC -DAIMER_BENCHMARK -DPARAMS=128s -DAIMER_BACKEND=mve -DAIMER_MATVEC=mve -DAIMER_CONFIG=mve_affine -DBENCH_KERNEL_SAMPLES=31 -DBENCH_E2E_SAMPLES=50 -DBENCH_KERNEL_INNER=64 -DBENCH_WARMUP=10 -DPROFILE_SAMPLES=31 -DPROFILE_KERNEL_INNER=64 -DPROFILE_COMPLEX_INNER=8 -DUSE_HAL_DRIVER -DSTM32N657xx -Iinclude -I../common/src/sig/aimer/reference/aimer-128s -I../common/src -I/Users/seungwon/STM32CubeN6/Projects/NUCLEO-N657X0-Q/Templates/Template/FSBL/Inc -I/Users/seungwon/STM32CubeN6/Drivers/CMSIS/Include -I/Users/seungwon/STM32CubeN6/Drivers/CMSIS/Device/ST/STM32N6xx/Include -I/Users/seungwon/STM32CubeN6/Drivers/STM32N6xx_HAL_Driver/Inc -I/Users/seungwon/STM32CubeN6/Drivers/STM32N6xx_HAL_Driver/Inc/Legacy -O3 -std=c11 -fno-common -ffunction-sections -fdata-sections -fno-tree-vectorize -fno-tree-slp-vectorize -MMD -MP --specs=nosys.specs -Wall -Wextra -Wshadow -Wconversion -Wstrict-prototypes -mcpu=cortex-m55 -mthumb -mfloat-abi=hard -mcmse -fstack-usage -c ../common/src/sig/aimer/reference/aimer-128s/hash.c -o build/full/128s/mve-affine/benchmark/hash.c.o
/Users/seungwon/test/.tools/xpack-arm-none-eabi-gcc-15.2.1-1.1/bin/arm-none-eabi-gcc -DAIMER_MVE_BATCH -DAIMER_M55_MVE_MATVEC -DAIMER_BENCHMARK -DPARAMS=128s -DAIMER_BACKEND=mve -DAIMER_MATVEC=mve -DAIMER_CONFIG=mve_affine -DBENCH_KERNEL_SAMPLES=31 -DBENCH_E2E_SAMPLES=50 -DBENCH_KERNEL_INNER=64 -DBENCH_WARMUP=10 -DPROFILE_SAMPLES=31 -DPROFILE_KERNEL_INNER=64 -DPROFILE_COMPLEX_INNER=8 -DUSE_HAL_DRIVER -DSTM32N657xx -Iinclude -I../common/src/sig/aimer/reference/aimer-128s -I../common/src -I/Users/seungwon/STM32CubeN6/Projects/NUCLEO-N657X0-Q/Templates/Template/FSBL/Inc -I/Users/seungwon/STM32CubeN6/Drivers/CMSIS/Include -I/Users/seungwon/STM32CubeN6/Drivers/CMSIS/Device/ST/STM32N6xx/Include -I/Users/seungwon/STM32CubeN6/Drivers/STM32N6xx_HAL_Driver/Inc -I/Users/seungwon/STM32CubeN6/Drivers/STM32N6xx_HAL_Driver/Inc/Legacy -O3 -std=c11 -fno-common -ffunction-sections -fdata-sections -fno-tree-vectorize -fno-tree-slp-vectorize -MMD -MP --specs=nosys.specs -Wall -Wextra -Wshadow -Wconversion -Wstrict-prototypes -mcpu=cortex-m55 -mthumb -mfloat-abi=hard -mcmse -fstack-usage -c ../common/src/sig/aimer/reference/aimer-128s/sign.c -o build/full/128s/mve-affine/benchmark/sign.c.o
../common/src/sig/aimer/reference/aimer-128s/sign.c: In function 'samsungsds_aimer_128s_ref_crypto_sign_signature':
../common/src/sig/aimer/reference/aimer-128s/sign.c:409:15: warning: conversion from 'size_t' {aka 'unsigned int'} to 'uint8_t' {aka 'unsigned char'} may change value [-Wconversion]
  409 |   prefix[0] = ctxlen;
      |               ^~~~~~
../common/src/sig/aimer/reference/aimer-128s/sign.c: In function 'samsungsds_aimer_128s_ref_crypto_sign_verify':
../common/src/sig/aimer/reference/aimer-128s/sign.c:675:15: warning: conversion from 'size_t' {aka 'unsigned int'} to 'uint8_t' {aka 'unsigned char'} may change value [-Wconversion]
  675 |   prefix[0] = ctxlen;
      |               ^~~~~~
/Users/seungwon/test/.tools/xpack-arm-none-eabi-gcc-15.2.1-1.1/bin/arm-none-eabi-gcc -DAIMER_MVE_BATCH -DAIMER_M55_MVE_MATVEC -DAIMER_BENCHMARK -DPARAMS=128s -DAIMER_BACKEND=mve -DAIMER_MATVEC=mve -DAIMER_CONFIG=mve_affine -DBENCH_KERNEL_SAMPLES=31 -DBENCH_E2E_SAMPLES=50 -DBENCH_KERNEL_INNER=64 -DBENCH_WARMUP=10 -DPROFILE_SAMPLES=31 -DPROFILE_KERNEL_INNER=64 -DPROFILE_COMPLEX_INNER=8 -DUSE_HAL_DRIVER -DSTM32N657xx -Iinclude -I../common/src/sig/aimer/reference/aimer-128s -I../common/src -I/Users/seungwon/STM32CubeN6/Projects/NUCLEO-N657X0-Q/Templates/Template/FSBL/Inc -I/Users/seungwon/STM32CubeN6/Drivers/CMSIS/Include -I/Users/seungwon/STM32CubeN6/Drivers/CMSIS/Device/ST/STM32N6xx/Include -I/Users/seungwon/STM32CubeN6/Drivers/STM32N6xx_HAL_Driver/Inc -I/Users/seungwon/STM32CubeN6/Drivers/STM32N6xx_HAL_Driver/Inc/Legacy -O3 -std=c11 -fno-common -ffunction-sections -fdata-sections -fno-tree-vectorize -fno-tree-slp-vectorize -MMD -MP --specs=nosys.specs -Wall -Wextra -Wshadow -Wconversion -Wstrict-prototypes -mcpu=cortex-m55 -mthumb -mfloat-abi=hard -mcmse -fstack-usage -c ../common/src/sig/aimer/reference/aimer-128s/tree.c -o build/full/128s/mve-affine/benchmark/tree.c.o
/Users/seungwon/test/.tools/xpack-arm-none-eabi-gcc-15.2.1-1.1/bin/arm-none-eabi-gcc -DAIMER_MVE_BATCH -DAIMER_M55_MVE_MATVEC -DAIMER_BENCHMARK -DPARAMS=128s -DAIMER_BACKEND=mve -DAIMER_MATVEC=mve -DAIMER_CONFIG=mve_affine -DBENCH_KERNEL_SAMPLES=31 -DBENCH_E2E_SAMPLES=50 -DBENCH_KERNEL_INNER=64 -DBENCH_WARMUP=10 -DPROFILE_SAMPLES=31 -DPROFILE_KERNEL_INNER=64 -DPROFILE_COMPLEX_INNER=8 -DUSE_HAL_DRIVER -DSTM32N657xx -Iinclude -I../common/src/sig/aimer/reference/aimer-128s -I../common/src -I/Users/seungwon/STM32CubeN6/Projects/NUCLEO-N657X0-Q/Templates/Template/FSBL/Inc -I/Users/seungwon/STM32CubeN6/Drivers/CMSIS/Include -I/Users/seungwon/STM32CubeN6/Drivers/CMSIS/Device/ST/STM32N6xx/Include -I/Users/seungwon/STM32CubeN6/Drivers/STM32N6xx_HAL_Driver/Inc -I/Users/seungwon/STM32CubeN6/Drivers/STM32N6xx_HAL_Driver/Inc/Legacy -O3 -std=c11 -fno-common -ffunction-sections -fdata-sections -fno-tree-vectorize -fno-tree-slp-vectorize -MMD -MP --specs=nosys.specs -Wall -Wextra -Wshadow -Wconversion -Wstrict-prototypes -mcpu=cortex-m55 -mthumb -mfloat-abi=hard -mcmse -fstack-usage -c ../common/src/sig/aimer/reference/aimer-128s/field_common.c -o build/full/128s/mve-affine/benchmark/field_common.c.o
../common/src/sig/aimer/reference/aimer-128s/field_common.c: In function 'samsungsds_aimer_128s_ref_gf_from_bytes':
../common/src/sig/aimer/reference/aimer-128s/field_common.c:28:31: warning: conversion to 'size_t' {aka 'unsigned int'} from 'int' may change the sign of the result [-Wsign-conversion]
   28 |       u = (u << 8) | in[8 * i + j];
      |                               ^
/Users/seungwon/test/.tools/xpack-arm-none-eabi-gcc-15.2.1-1.1/bin/arm-none-eabi-gcc -DAIMER_MVE_BATCH -DAIMER_M55_MVE_MATVEC -DAIMER_BENCHMARK -DPARAMS=128s -DAIMER_BACKEND=mve -DAIMER_MATVEC=mve -DAIMER_CONFIG=mve_affine -DBENCH_KERNEL_SAMPLES=31 -DBENCH_E2E_SAMPLES=50 -DBENCH_KERNEL_INNER=64 -DBENCH_WARMUP=10 -DPROFILE_SAMPLES=31 -DPROFILE_KERNEL_INNER=64 -DPROFILE_COMPLEX_INNER=8 -DUSE_HAL_DRIVER -DSTM32N657xx -Iinclude -I../common/src/sig/aimer/reference/aimer-128s -I../common/src -I/Users/seungwon/STM32CubeN6/Projects/NUCLEO-N657X0-Q/Templates/Template/FSBL/Inc -I/Users/seungwon/STM32CubeN6/Drivers/CMSIS/Include -I/Users/seungwon/STM32CubeN6/Drivers/CMSIS/Device/ST/STM32N6xx/Include -I/Users/seungwon/STM32CubeN6/Drivers/STM32N6xx_HAL_Driver/Inc -I/Users/seungwon/STM32CubeN6/Drivers/STM32N6xx_HAL_Driver/Inc/Legacy -O3 -std=c11 -fno-common -ffunction-sections -fdata-sections -fno-tree-vectorize -fno-tree-slp-vectorize -MMD -MP --specs=nosys.specs -Wall -Wextra -Wshadow -Wconversion -Wstrict-prototypes -mcpu=cortex-m55 -mthumb -mfloat-abi=hard -mcmse -fstack-usage -c src/mve/field_mve.c -o build/full/128s/mve-affine/benchmark/field_mve.c.o
/Users/seungwon/test/.tools/xpack-arm-none-eabi-gcc-15.2.1-1.1/bin/arm-none-eabi-gcc -DAIMER_MVE_BATCH -DAIMER_M55_MVE_MATVEC -DAIMER_BENCHMARK -DPARAMS=128s -DAIMER_BACKEND=mve -DAIMER_MATVEC=mve -DAIMER_CONFIG=mve_affine -DBENCH_KERNEL_SAMPLES=31 -DBENCH_E2E_SAMPLES=50 -DBENCH_KERNEL_INNER=64 -DBENCH_WARMUP=10 -DPROFILE_SAMPLES=31 -DPROFILE_KERNEL_INNER=64 -DPROFILE_COMPLEX_INNER=8 -DUSE_HAL_DRIVER -DSTM32N657xx -Iinclude -I../common/src/sig/aimer/reference/aimer-128s -I../common/src -I/Users/seungwon/STM32CubeN6/Projects/NUCLEO-N657X0-Q/Templates/Template/FSBL/Inc -I/Users/seungwon/STM32CubeN6/Drivers/CMSIS/Include -I/Users/seungwon/STM32CubeN6/Drivers/CMSIS/Device/ST/STM32N6xx/Include -I/Users/seungwon/STM32CubeN6/Drivers/STM32N6xx_HAL_Driver/Inc -I/Users/seungwon/STM32CubeN6/Drivers/STM32N6xx_HAL_Driver/Inc/Legacy -O3 -std=c11 -fno-common -ffunction-sections -fdata-sections -fno-tree-vectorize -fno-tree-slp-vectorize -MMD -MP --specs=nosys.specs -Wall -Wextra -Wshadow -Wconversion -Wstrict-prototypes -mcpu=cortex-m55 -mthumb -mfloat-abi=hard -mcmse -fstack-usage -c src/mve/matvec_mve.c -o build/full/128s/mve-affine/benchmark/matvec_mve.c.o
/Users/seungwon/test/.tools/xpack-arm-none-eabi-gcc-15.2.1-1.1/bin/arm-none-eabi-gcc -DAIMER_MVE_BATCH -DAIMER_M55_MVE_MATVEC -DAIMER_BENCHMARK -DPARAMS=128s -DAIMER_BACKEND=mve -DAIMER_MATVEC=mve -DAIMER_CONFIG=mve_affine -DBENCH_KERNEL_SAMPLES=31 -DBENCH_E2E_SAMPLES=50 -DBENCH_KERNEL_INNER=64 -DBENCH_WARMUP=10 -DPROFILE_SAMPLES=31 -DPROFILE_KERNEL_INNER=64 -DPROFILE_COMPLEX_INNER=8 -DUSE_HAL_DRIVER -DSTM32N657xx -Iinclude -I../common/src/sig/aimer/reference/aimer-128s -I../common/src -I/Users/seungwon/STM32CubeN6/Projects/NUCLEO-N657X0-Q/Templates/Template/FSBL/Inc -I/Users/seungwon/STM32CubeN6/Drivers/CMSIS/Include -I/Users/seungwon/STM32CubeN6/Drivers/CMSIS/Device/ST/STM32N6xx/Include -I/Users/seungwon/STM32CubeN6/Drivers/STM32N6xx_HAL_Driver/Inc -I/Users/seungwon/STM32CubeN6/Drivers/STM32N6xx_HAL_Driver/Inc/Legacy -O3 -std=c11 -fno-common -ffunction-sections -fdata-sections -fno-tree-vectorize -fno-tree-slp-vectorize -MMD -MP --specs=nosys.specs -Wall -Wextra -Wshadow -Wconversion -Wstrict-prototypes -mcpu=cortex-m55 -mthumb -mfloat-abi=hard -mcmse -fstack-usage -c ../common/src/common/aes.c -o build/full/128s/mve-affine/benchmark/aes.c.o
/Users/seungwon/test/.tools/xpack-arm-none-eabi-gcc-15.2.1-1.1/bin/arm-none-eabi-gcc -DAIMER_MVE_BATCH -DAIMER_M55_MVE_MATVEC -DAIMER_BENCHMARK -DPARAMS=128s -DAIMER_BACKEND=mve -DAIMER_MATVEC=mve -DAIMER_CONFIG=mve_affine -DBENCH_KERNEL_SAMPLES=31 -DBENCH_E2E_SAMPLES=50 -DBENCH_KERNEL_INNER=64 -DBENCH_WARMUP=10 -DPROFILE_SAMPLES=31 -DPROFILE_KERNEL_INNER=64 -DPROFILE_COMPLEX_INNER=8 -DUSE_HAL_DRIVER -DSTM32N657xx -Iinclude -I../common/src/sig/aimer/reference/aimer-128s -I../common/src -I/Users/seungwon/STM32CubeN6/Projects/NUCLEO-N657X0-Q/Templates/Template/FSBL/Inc -I/Users/seungwon/STM32CubeN6/Drivers/CMSIS/Include -I/Users/seungwon/STM32CubeN6/Drivers/CMSIS/Device/ST/STM32N6xx/Include -I/Users/seungwon/STM32CubeN6/Drivers/STM32N6xx_HAL_Driver/Inc -I/Users/seungwon/STM32CubeN6/Drivers/STM32N6xx_HAL_Driver/Inc/Legacy -O3 -std=c11 -fno-common -ffunction-sections -fdata-sections -fno-tree-vectorize -fno-tree-slp-vectorize -MMD -MP --specs=nosys.specs -Wall -Wextra -Wshadow -Wconversion -Wstrict-prototypes -mcpu=cortex-m55 -mthumb -mfloat-abi=hard -mcmse -fstack-usage -c ../common/src/common/fips202.c -o build/full/128s/mve-affine/benchmark/fips202.c.o
/Users/seungwon/test/.tools/xpack-arm-none-eabi-gcc-15.2.1-1.1/bin/arm-none-eabi-gcc -DAIMER_MVE_BATCH -DAIMER_M55_MVE_MATVEC -DAIMER_BENCHMARK -DPARAMS=128s -DAIMER_BACKEND=mve -DAIMER_MATVEC=mve -DAIMER_CONFIG=mve_affine -DBENCH_KERNEL_SAMPLES=31 -DBENCH_E2E_SAMPLES=50 -DBENCH_KERNEL_INNER=64 -DBENCH_WARMUP=10 -DPROFILE_SAMPLES=31 -DPROFILE_KERNEL_INNER=64 -DPROFILE_COMPLEX_INNER=8 -DUSE_HAL_DRIVER -DSTM32N657xx -Iinclude -I../common/src/sig/aimer/reference/aimer-128s -I../common/src -I/Users/seungwon/STM32CubeN6/Projects/NUCLEO-N657X0-Q/Templates/Template/FSBL/Inc -I/Users/seungwon/STM32CubeN6/Drivers/CMSIS/Include -I/Users/seungwon/STM32CubeN6/Drivers/CMSIS/Device/ST/STM32N6xx/Include -I/Users/seungwon/STM32CubeN6/Drivers/STM32N6xx_HAL_Driver/Inc -I/Users/seungwon/STM32CubeN6/Drivers/STM32N6xx_HAL_Driver/Inc/Legacy -O3 -std=c11 -fno-common -ffunction-sections -fdata-sections -fno-tree-vectorize -fno-tree-slp-vectorize -MMD -MP --specs=nosys.specs -Wall -Wextra -Wshadow -Wconversion -Wstrict-prototypes -mcpu=cortex-m55 -mthumb -mfloat-abi=hard -mcmse -fstack-usage -c ../common/src/common/rng.c -o build/full/128s/mve-affine/benchmark/rng.c.o
../common/src/common/rng.c: In function 'seedexpander_init':
../common/src/common/rng.c:30:17: warning: comparison is always false due to limited range of data type [-Wtype-limits]
   30 |     if ( maxlen >= 0x100000000 )
      |                 ^~
../common/src/common/rng.c: In function 'seedexpander':
../common/src/common/rng.c:73:19: warning: comparison of integer expressions of different signedness: 'long unsigned int' and 'int' [-Wsign-compare]
   73 |         if ( xlen <= (16-ctx->buffer_pos) ) { // buffer has what we need
      |                   ^~
../common/src/common/rng.c:75:29: warning: conversion to 'long unsigned int' from 'int' may change the sign of the result [-Wsign-conversion]
   75 |             ctx->buffer_pos += xlen;
      |                             ^~
../common/src/common/rng.c:75:32: warning: conversion to 'int' from 'long unsigned int' may change the sign of the result [-Wsign-conversion]
   75 |             ctx->buffer_pos += xlen;
      |                                ^~~~
../common/src/common/rng.c:81:57: warning: conversion to 'size_t' {aka 'unsigned int'} from 'int' may change the sign of the result [-Wsign-conversion]
   81 |         memcpy(x+offset, ctx->buffer+ctx->buffer_pos, 16-ctx->buffer_pos);
      |                                                       ~~^~~~~~~~~~~~~~~~
../common/src/common/rng.c:82:14: warning: conversion to 'long unsigned int' from 'int' may change the sign of the result [-Wsign-conversion]
   82 |         xlen -= 16-ctx->buffer_pos;
      |              ^~
../common/src/common/rng.c:83:16: warning: conversion to 'long unsigned int' from 'int' may change the sign of the result [-Wsign-conversion]
   83 |         offset += 16-ctx->buffer_pos;
      |                ^~
../common/src/common/rng.c: In function 'randombytes_init':
../common/src/common/rng.c:127:22: warning: unused parameter 'security_strength' [-Wunused-parameter]
  127 |                  int security_strength)
      |                  ~~~~^~~~~~~~~~~~~~~~~
../common/src/common/rng.c: In function 'randombytes':
../common/src/common/rng.c:164:32: warning: conversion from 'long long unsigned int' to 'size_t' {aka 'unsigned int'} may change value [-Wconversion]
  164 |             memcpy(x+i, block, xlen);
      |                                ^~~~
/Users/seungwon/test/.tools/xpack-arm-none-eabi-gcc-15.2.1-1.1/bin/arm-none-eabi-gcc -DAIMER_MVE_BATCH -DAIMER_M55_MVE_MATVEC -DAIMER_BENCHMARK -DPARAMS=128s -DAIMER_BACKEND=mve -DAIMER_MATVEC=mve -DAIMER_CONFIG=mve_affine -DBENCH_KERNEL_SAMPLES=31 -DBENCH_E2E_SAMPLES=50 -DBENCH_KERNEL_INNER=64 -DBENCH_WARMUP=10 -DPROFILE_SAMPLES=31 -DPROFILE_KERNEL_INNER=64 -DPROFILE_COMPLEX_INNER=8 -DUSE_HAL_DRIVER -DSTM32N657xx -Iinclude -I../common/src/sig/aimer/reference/aimer-128s -I../common/src -I/Users/seungwon/STM32CubeN6/Projects/NUCLEO-N657X0-Q/Templates/Template/FSBL/Inc -I/Users/seungwon/STM32CubeN6/Drivers/CMSIS/Include -I/Users/seungwon/STM32CubeN6/Drivers/CMSIS/Device/ST/STM32N6xx/Include -I/Users/seungwon/STM32CubeN6/Drivers/STM32N6xx_HAL_Driver/Inc -I/Users/seungwon/STM32CubeN6/Drivers/STM32N6xx_HAL_Driver/Inc/Legacy -O3 -std=c11 -fno-common -ffunction-sections -fdata-sections -fno-tree-vectorize -fno-tree-slp-vectorize -MMD -MP --specs=nosys.specs -Wall -Wextra -Wshadow -Wconversion -Wstrict-prototypes -mcpu=cortex-m55 -mthumb -mfloat-abi=hard -mcmse -fstack-usage -c platform/nucleo-n657x0-q/platform.c -o build/full/128s/mve-affine/benchmark/platform.c.o
In file included from /Users/seungwon/STM32CubeN6/Drivers/CMSIS/Include/core_cm55.h:4605,
                 from /Users/seungwon/STM32CubeN6/Drivers/CMSIS/Device/ST/STM32N6xx/Include/stm32n657xx.h:281,
                 from /Users/seungwon/STM32CubeN6/Drivers/CMSIS/Device/ST/STM32N6xx/Include/stm32n6xx.h:87,
                 from /Users/seungwon/STM32CubeN6/Drivers/STM32N6xx_HAL_Driver/Inc/stm32n6xx_hal_def.h:33,
                 from /Users/seungwon/STM32CubeN6/Drivers/STM32N6xx_HAL_Driver/Inc/stm32n6xx_hal_rcc.h:28,
                 from /Users/seungwon/STM32CubeN6/Projects/NUCLEO-N657X0-Q/Templates/Template/FSBL/Inc/stm32n6xx_hal_conf.h:253,
                 from /Users/seungwon/STM32CubeN6/Drivers/STM32N6xx_HAL_Driver/Inc/stm32n6xx_hal.h:29,
                 from platform/nucleo-n657x0-q/platform.c:5:
/Users/seungwon/STM32CubeN6/Drivers/CMSIS/Include/m-profile/armv7m_cachel1.h: In function 'SCB_InvalidateICache_by_Addr':
/Users/seungwon/STM32CubeN6/Drivers/CMSIS/Include/m-profile/armv7m_cachel1.h:117:32: warning: conversion to 'long unsigned int' from 'int32_t' {aka 'long int'} may change the sign of the result [-Wsign-conversion]
  117 |        int32_t op_size = isize + (((uint32_t)addr) & (__SCB_ICACHE_LINE_SIZE - 1U));
      |                                ^
/Users/seungwon/STM32CubeN6/Drivers/CMSIS/Include/m-profile/armv7m_cachel1.h:117:26: warning: conversion to 'int32_t' {aka 'long int'} from 'long unsigned int' may change the sign of the result [-Wsign-conversion]
  117 |        int32_t op_size = isize + (((uint32_t)addr) & (__SCB_ICACHE_LINE_SIZE - 1U));
      |                          ^~~~~
/Users/seungwon/STM32CubeN6/Drivers/CMSIS/Include/m-profile/armv7m_cachel1.h:125:17: warning: conversion to 'long unsigned int' from 'int32_t' {aka 'long int'} may change the sign of the result [-Wsign-conversion]
  125 |         op_size -= __SCB_ICACHE_LINE_SIZE;
      |                 ^~
/Users/seungwon/STM32CubeN6/Drivers/CMSIS/Include/m-profile/armv7m_cachel1.h:48:33: warning: conversion to 'int32_t' {aka 'long int'} from 'long unsigned int' may change the sign of the result [-Wsign-conversion]
   48 | #define __SCB_ICACHE_LINE_SIZE  32U /*!< Cortex-M7 cache line size is fixed to 32 bytes (8 words). See also register SCB_CCSIDR */
      |                                 ^~~
/Users/seungwon/STM32CubeN6/Drivers/CMSIS/Include/m-profile/armv7m_cachel1.h:125:20: note: in expansion of macro '__SCB_ICACHE_LINE_SIZE'
  125 |         op_size -= __SCB_ICACHE_LINE_SIZE;
      |                    ^~~~~~~~~~~~~~~~~~~~~~
/Users/seungwon/STM32CubeN6/Drivers/CMSIS/Include/m-profile/armv7m_cachel1.h: In function 'SCB_InvalidateDCache_by_Addr':
/Users/seungwon/STM32CubeN6/Drivers/CMSIS/Include/m-profile/armv7m_cachel1.h:360:32: warning: conversion to 'long unsigned int' from 'int32_t' {aka 'long int'} may change the sign of the result [-Wsign-conversion]
  360 |        int32_t op_size = dsize + (((uint32_t)addr) & (__SCB_DCACHE_LINE_SIZE - 1U));
      |                                ^
/Users/seungwon/STM32CubeN6/Drivers/CMSIS/Include/m-profile/armv7m_cachel1.h:360:26: warning: conversion to 'int32_t' {aka 'long int'} from 'long unsigned int' may change the sign of the result [-Wsign-conversion]
  360 |        int32_t op_size = dsize + (((uint32_t)addr) & (__SCB_DCACHE_LINE_SIZE - 1U));
      |                          ^~~~~
/Users/seungwon/STM32CubeN6/Drivers/CMSIS/Include/m-profile/armv7m_cachel1.h:368:17: warning: conversion to 'long unsigned int' from 'int32_t' {aka 'long int'} may change the sign of the result [-Wsign-conversion]
  368 |         op_size -= __SCB_DCACHE_LINE_SIZE;
      |                 ^~
/Users/seungwon/STM32CubeN6/Drivers/CMSIS/Include/m-profile/armv7m_cachel1.h:44:33: warning: conversion to 'int32_t' {aka 'long int'} from 'long unsigned int' may change the sign of the result [-Wsign-conversion]
   44 | #define __SCB_DCACHE_LINE_SIZE  32U /*!< Cortex-M7 cache line size is fixed to 32 bytes (8 words). See also register SCB_CCSIDR */
      |                                 ^~~
/Users/seungwon/STM32CubeN6/Drivers/CMSIS/Include/m-profile/armv7m_cachel1.h:368:20: note: in expansion of macro '__SCB_DCACHE_LINE_SIZE'
  368 |         op_size -= __SCB_DCACHE_LINE_SIZE;
      |                    ^~~~~~~~~~~~~~~~~~~~~~
/Users/seungwon/STM32CubeN6/Drivers/CMSIS/Include/m-profile/armv7m_cachel1.h: In function 'SCB_CleanDCache_by_Addr':
/Users/seungwon/STM32CubeN6/Drivers/CMSIS/Include/m-profile/armv7m_cachel1.h:390:32: warning: conversion to 'long unsigned int' from 'int32_t' {aka 'long int'} may change the sign of the result [-Wsign-conversion]
  390 |        int32_t op_size = dsize + (((uint32_t)addr) & (__SCB_DCACHE_LINE_SIZE - 1U));
      |                                ^
/Users/seungwon/STM32CubeN6/Drivers/CMSIS/Include/m-profile/armv7m_cachel1.h:390:26: warning: conversion to 'int32_t' {aka 'long int'} from 'long unsigned int' may change the sign of the result [-Wsign-conversion]
  390 |        int32_t op_size = dsize + (((uint32_t)addr) & (__SCB_DCACHE_LINE_SIZE - 1U));
      |                          ^~~~~
/Users/seungwon/STM32CubeN6/Drivers/CMSIS/Include/m-profile/armv7m_cachel1.h:398:17: warning: conversion to 'long unsigned int' from 'int32_t' {aka 'long int'} may change the sign of the result [-Wsign-conversion]
  398 |         op_size -= __SCB_DCACHE_LINE_SIZE;
      |                 ^~
/Users/seungwon/STM32CubeN6/Drivers/CMSIS/Include/m-profile/armv7m_cachel1.h:44:33: warning: conversion to 'int32_t' {aka 'long int'} from 'long unsigned int' may change the sign of the result [-Wsign-conversion]
   44 | #define __SCB_DCACHE_LINE_SIZE  32U /*!< Cortex-M7 cache line size is fixed to 32 bytes (8 words). See also register SCB_CCSIDR */
      |                                 ^~~
/Users/seungwon/STM32CubeN6/Drivers/CMSIS/Include/m-profile/armv7m_cachel1.h:398:20: note: in expansion of macro '__SCB_DCACHE_LINE_SIZE'
  398 |         op_size -= __SCB_DCACHE_LINE_SIZE;
      |                    ^~~~~~~~~~~~~~~~~~~~~~
/Users/seungwon/STM32CubeN6/Drivers/CMSIS/Include/m-profile/armv7m_cachel1.h: In function 'SCB_CleanInvalidateDCache_by_Addr':
/Users/seungwon/STM32CubeN6/Drivers/CMSIS/Include/m-profile/armv7m_cachel1.h:420:32: warning: conversion to 'long unsigned int' from 'int32_t' {aka 'long int'} may change the sign of the result [-Wsign-conversion]
  420 |        int32_t op_size = dsize + (((uint32_t)addr) & (__SCB_DCACHE_LINE_SIZE - 1U));
      |                                ^
/Users/seungwon/STM32CubeN6/Drivers/CMSIS/Include/m-profile/armv7m_cachel1.h:420:26: warning: conversion to 'int32_t' {aka 'long int'} from 'long unsigned int' may change the sign of the result [-Wsign-conversion]
  420 |        int32_t op_size = dsize + (((uint32_t)addr) & (__SCB_DCACHE_LINE_SIZE - 1U));
      |                          ^~~~~
/Users/seungwon/STM32CubeN6/Drivers/CMSIS/Include/m-profile/armv7m_cachel1.h:428:17: warning: conversion to 'long unsigned int' from 'int32_t' {aka 'long int'} may change the sign of the result [-Wsign-conversion]
  428 |         op_size -=          __SCB_DCACHE_LINE_SIZE;
      |                 ^~
/Users/seungwon/STM32CubeN6/Drivers/CMSIS/Include/m-profile/armv7m_cachel1.h:44:33: warning: conversion to 'int32_t' {aka 'long int'} from 'long unsigned int' may change the sign of the result [-Wsign-conversion]
   44 | #define __SCB_DCACHE_LINE_SIZE  32U /*!< Cortex-M7 cache line size is fixed to 32 bytes (8 words). See also register SCB_CCSIDR */
      |                                 ^~~
/Users/seungwon/STM32CubeN6/Drivers/CMSIS/Include/m-profile/armv7m_cachel1.h:428:29: note: in expansion of macro '__SCB_DCACHE_LINE_SIZE'
  428 |         op_size -=          __SCB_DCACHE_LINE_SIZE;
      |                             ^~~~~~~~~~~~~~~~~~~~~~
/Users/seungwon/test/.tools/xpack-arm-none-eabi-gcc-15.2.1-1.1/bin/arm-none-eabi-gcc -DAIMER_MVE_BATCH -DAIMER_M55_MVE_MATVEC -DAIMER_BENCHMARK -DPARAMS=128s -DAIMER_BACKEND=mve -DAIMER_MATVEC=mve -DAIMER_CONFIG=mve_affine -DBENCH_KERNEL_SAMPLES=31 -DBENCH_E2E_SAMPLES=50 -DBENCH_KERNEL_INNER=64 -DBENCH_WARMUP=10 -DPROFILE_SAMPLES=31 -DPROFILE_KERNEL_INNER=64 -DPROFILE_COMPLEX_INNER=8 -DUSE_HAL_DRIVER -DSTM32N657xx -Iinclude -I../common/src/sig/aimer/reference/aimer-128s -I../common/src -I/Users/seungwon/STM32CubeN6/Projects/NUCLEO-N657X0-Q/Templates/Template/FSBL/Inc -I/Users/seungwon/STM32CubeN6/Drivers/CMSIS/Include -I/Users/seungwon/STM32CubeN6/Drivers/CMSIS/Device/ST/STM32N6xx/Include -I/Users/seungwon/STM32CubeN6/Drivers/STM32N6xx_HAL_Driver/Inc -I/Users/seungwon/STM32CubeN6/Drivers/STM32N6xx_HAL_Driver/Inc/Legacy -O3 -std=c11 -fno-common -ffunction-sections -fdata-sections -fno-tree-vectorize -fno-tree-slp-vectorize -MMD -MP --specs=nosys.specs -Wall -Wextra -Wshadow -Wconversion -Wstrict-prototypes -mcpu=cortex-m55 -mthumb -mfloat-abi=hard -mcmse -fstack-usage -c /Users/seungwon/STM32CubeN6/Projects/NUCLEO-N657X0-Q/Templates/Template/FSBL/Src/system_stm32n6xx_fsbl.c -o build/full/128s/mve-affine/benchmark/system_stm32n6xx_fsbl.c.o
In file included from /Users/seungwon/STM32CubeN6/Drivers/CMSIS/Include/core_cm55.h:4605,
                 from /Users/seungwon/STM32CubeN6/Drivers/CMSIS/Device/ST/STM32N6xx/Include/stm32n657xx.h:281,
                 from /Users/seungwon/STM32CubeN6/Drivers/CMSIS/Device/ST/STM32N6xx/Include/stm32n6xx.h:87,
                 from /Users/seungwon/STM32CubeN6/Projects/NUCLEO-N657X0-Q/Templates/Template/FSBL/Src/system_stm32n6xx_fsbl.c:55:
/Users/seungwon/STM32CubeN6/Drivers/CMSIS/Include/m-profile/armv7m_cachel1.h: In function 'SCB_InvalidateICache_by_Addr':
/Users/seungwon/STM32CubeN6/Drivers/CMSIS/Include/m-profile/armv7m_cachel1.h:117:32: warning: conversion to 'long unsigned int' from 'int32_t' {aka 'long int'} may change the sign of the result [-Wsign-conversion]
  117 |        int32_t op_size = isize + (((uint32_t)addr) & (__SCB_ICACHE_LINE_SIZE - 1U));
      |                                ^
/Users/seungwon/STM32CubeN6/Drivers/CMSIS/Include/m-profile/armv7m_cachel1.h:117:26: warning: conversion to 'int32_t' {aka 'long int'} from 'long unsigned int' may change the sign of the result [-Wsign-conversion]
  117 |        int32_t op_size = isize + (((uint32_t)addr) & (__SCB_ICACHE_LINE_SIZE - 1U));
      |                          ^~~~~
/Users/seungwon/STM32CubeN6/Drivers/CMSIS/Include/m-profile/armv7m_cachel1.h:125:17: warning: conversion to 'long unsigned int' from 'int32_t' {aka 'long int'} may change the sign of the result [-Wsign-conversion]
  125 |         op_size -= __SCB_ICACHE_LINE_SIZE;
      |                 ^~
/Users/seungwon/STM32CubeN6/Drivers/CMSIS/Include/m-profile/armv7m_cachel1.h:48:33: warning: conversion to 'int32_t' {aka 'long int'} from 'long unsigned int' may change the sign of the result [-Wsign-conversion]
   48 | #define __SCB_ICACHE_LINE_SIZE  32U /*!< Cortex-M7 cache line size is fixed to 32 bytes (8 words). See also register SCB_CCSIDR */
      |                                 ^~~
/Users/seungwon/STM32CubeN6/Drivers/CMSIS/Include/m-profile/armv7m_cachel1.h:125:20: note: in expansion of macro '__SCB_ICACHE_LINE_SIZE'
  125 |         op_size -= __SCB_ICACHE_LINE_SIZE;
      |                    ^~~~~~~~~~~~~~~~~~~~~~
/Users/seungwon/STM32CubeN6/Drivers/CMSIS/Include/m-profile/armv7m_cachel1.h: In function 'SCB_InvalidateDCache_by_Addr':
/Users/seungwon/STM32CubeN6/Drivers/CMSIS/Include/m-profile/armv7m_cachel1.h:360:32: warning: conversion to 'long unsigned int' from 'int32_t' {aka 'long int'} may change the sign of the result [-Wsign-conversion]
  360 |        int32_t op_size = dsize + (((uint32_t)addr) & (__SCB_DCACHE_LINE_SIZE - 1U));
      |                                ^
/Users/seungwon/STM32CubeN6/Drivers/CMSIS/Include/m-profile/armv7m_cachel1.h:360:26: warning: conversion to 'int32_t' {aka 'long int'} from 'long unsigned int' may change the sign of the result [-Wsign-conversion]
  360 |        int32_t op_size = dsize + (((uint32_t)addr) & (__SCB_DCACHE_LINE_SIZE - 1U));
      |                          ^~~~~
/Users/seungwon/STM32CubeN6/Drivers/CMSIS/Include/m-profile/armv7m_cachel1.h:368:17: warning: conversion to 'long unsigned int' from 'int32_t' {aka 'long int'} may change the sign of the result [-Wsign-conversion]
  368 |         op_size -= __SCB_DCACHE_LINE_SIZE;
      |                 ^~
/Users/seungwon/STM32CubeN6/Drivers/CMSIS/Include/m-profile/armv7m_cachel1.h:44:33: warning: conversion to 'int32_t' {aka 'long int'} from 'long unsigned int' may change the sign of the result [-Wsign-conversion]
   44 | #define __SCB_DCACHE_LINE_SIZE  32U /*!< Cortex-M7 cache line size is fixed to 32 bytes (8 words). See also register SCB_CCSIDR */
      |                                 ^~~
/Users/seungwon/STM32CubeN6/Drivers/CMSIS/Include/m-profile/armv7m_cachel1.h:368:20: note: in expansion of macro '__SCB_DCACHE_LINE_SIZE'
  368 |         op_size -= __SCB_DCACHE_LINE_SIZE;
      |                    ^~~~~~~~~~~~~~~~~~~~~~
/Users/seungwon/STM32CubeN6/Drivers/CMSIS/Include/m-profile/armv7m_cachel1.h: In function 'SCB_CleanDCache_by_Addr':
/Users/seungwon/STM32CubeN6/Drivers/CMSIS/Include/m-profile/armv7m_cachel1.h:390:32: warning: conversion to 'long unsigned int' from 'int32_t' {aka 'long int'} may change the sign of the result [-Wsign-conversion]
  390 |        int32_t op_size = dsize + (((uint32_t)addr) & (__SCB_DCACHE_LINE_SIZE - 1U));
      |                                ^
/Users/seungwon/STM32CubeN6/Drivers/CMSIS/Include/m-profile/armv7m_cachel1.h:390:26: warning: conversion to 'int32_t' {aka 'long int'} from 'long unsigned int' may change the sign of the result [-Wsign-conversion]
  390 |        int32_t op_size = dsize + (((uint32_t)addr) & (__SCB_DCACHE_LINE_SIZE - 1U));
      |                          ^~~~~
/Users/seungwon/STM32CubeN6/Drivers/CMSIS/Include/m-profile/armv7m_cachel1.h:398:17: warning: conversion to 'long unsigned int' from 'int32_t' {aka 'long int'} may change the sign of the result [-Wsign-conversion]
  398 |         op_size -= __SCB_DCACHE_LINE_SIZE;
      |                 ^~
/Users/seungwon/STM32CubeN6/Drivers/CMSIS/Include/m-profile/armv7m_cachel1.h:44:33: warning: conversion to 'int32_t' {aka 'long int'} from 'long unsigned int' may change the sign of the result [-Wsign-conversion]
   44 | #define __SCB_DCACHE_LINE_SIZE  32U /*!< Cortex-M7 cache line size is fixed to 32 bytes (8 words). See also register SCB_CCSIDR */
      |                                 ^~~
/Users/seungwon/STM32CubeN6/Drivers/CMSIS/Include/m-profile/armv7m_cachel1.h:398:20: note: in expansion of macro '__SCB_DCACHE_LINE_SIZE'
  398 |         op_size -= __SCB_DCACHE_LINE_SIZE;
      |                    ^~~~~~~~~~~~~~~~~~~~~~
/Users/seungwon/STM32CubeN6/Drivers/CMSIS/Include/m-profile/armv7m_cachel1.h: In function 'SCB_CleanInvalidateDCache_by_Addr':
/Users/seungwon/STM32CubeN6/Drivers/CMSIS/Include/m-profile/armv7m_cachel1.h:420:32: warning: conversion to 'long unsigned int' from 'int32_t' {aka 'long int'} may change the sign of the result [-Wsign-conversion]
  420 |        int32_t op_size = dsize + (((uint32_t)addr) & (__SCB_DCACHE_LINE_SIZE - 1U));
      |                                ^
/Users/seungwon/STM32CubeN6/Drivers/CMSIS/Include/m-profile/armv7m_cachel1.h:420:26: warning: conversion to 'int32_t' {aka 'long int'} from 'long unsigned int' may change the sign of the result [-Wsign-conversion]
  420 |        int32_t op_size = dsize + (((uint32_t)addr) & (__SCB_DCACHE_LINE_SIZE - 1U));
      |                          ^~~~~
/Users/seungwon/STM32CubeN6/Drivers/CMSIS/Include/m-profile/armv7m_cachel1.h:428:17: warning: conversion to 'long unsigned int' from 'int32_t' {aka 'long int'} may change the sign of the result [-Wsign-conversion]
  428 |         op_size -=          __SCB_DCACHE_LINE_SIZE;
      |                 ^~
/Users/seungwon/STM32CubeN6/Drivers/CMSIS/Include/m-profile/armv7m_cachel1.h:44:33: warning: conversion to 'int32_t' {aka 'long int'} from 'long unsigned int' may change the sign of the result [-Wsign-conversion]
   44 | #define __SCB_DCACHE_LINE_SIZE  32U /*!< Cortex-M7 cache line size is fixed to 32 bytes (8 words). See also register SCB_CCSIDR */
      |                                 ^~~
/Users/seungwon/STM32CubeN6/Drivers/CMSIS/Include/m-profile/armv7m_cachel1.h:428:29: note: in expansion of macro '__SCB_DCACHE_LINE_SIZE'
  428 |         op_size -=          __SCB_DCACHE_LINE_SIZE;
      |                             ^~~~~~~~~~~~~~~~~~~~~~
/Users/seungwon/test/.tools/xpack-arm-none-eabi-gcc-15.2.1-1.1/bin/arm-none-eabi-gcc -DAIMER_MVE_BATCH -DAIMER_M55_MVE_MATVEC -DAIMER_BENCHMARK -DPARAMS=128s -DAIMER_BACKEND=mve -DAIMER_MATVEC=mve -DAIMER_CONFIG=mve_affine -DBENCH_KERNEL_SAMPLES=31 -DBENCH_E2E_SAMPLES=50 -DBENCH_KERNEL_INNER=64 -DBENCH_WARMUP=10 -DPROFILE_SAMPLES=31 -DPROFILE_KERNEL_INNER=64 -DPROFILE_COMPLEX_INNER=8 -DUSE_HAL_DRIVER -DSTM32N657xx -Iinclude -I../common/src/sig/aimer/reference/aimer-128s -I../common/src -I/Users/seungwon/STM32CubeN6/Projects/NUCLEO-N657X0-Q/Templates/Template/FSBL/Inc -I/Users/seungwon/STM32CubeN6/Drivers/CMSIS/Include -I/Users/seungwon/STM32CubeN6/Drivers/CMSIS/Device/ST/STM32N6xx/Include -I/Users/seungwon/STM32CubeN6/Drivers/STM32N6xx_HAL_Driver/Inc -I/Users/seungwon/STM32CubeN6/Drivers/STM32N6xx_HAL_Driver/Inc/Legacy -O3 -std=c11 -fno-common -ffunction-sections -fdata-sections -fno-tree-vectorize -fno-tree-slp-vectorize -MMD -MP --specs=nosys.specs -Wall -Wextra -Wshadow -Wconversion -Wstrict-prototypes -mcpu=cortex-m55 -mthumb -mfloat-abi=hard -mcmse -fstack-usage -c /Users/seungwon/STM32CubeN6/Drivers/STM32N6xx_HAL_Driver/Src/stm32n6xx_hal.c -o build/full/128s/mve-affine/benchmark/stm32n6xx_hal.c.o
In file included from /Users/seungwon/STM32CubeN6/Drivers/CMSIS/Include/core_cm55.h:4605,
                 from /Users/seungwon/STM32CubeN6/Drivers/CMSIS/Device/ST/STM32N6xx/Include/stm32n657xx.h:281,
                 from /Users/seungwon/STM32CubeN6/Drivers/CMSIS/Device/ST/STM32N6xx/Include/stm32n6xx.h:87,
                 from /Users/seungwon/STM32CubeN6/Drivers/STM32N6xx_HAL_Driver/Inc/stm32n6xx_hal_def.h:33,
                 from /Users/seungwon/STM32CubeN6/Drivers/STM32N6xx_HAL_Driver/Inc/stm32n6xx_hal_rcc.h:28,
                 from /Users/seungwon/STM32CubeN6/Projects/NUCLEO-N657X0-Q/Templates/Template/FSBL/Inc/stm32n6xx_hal_conf.h:253,
                 from /Users/seungwon/STM32CubeN6/Drivers/STM32N6xx_HAL_Driver/Inc/stm32n6xx_hal.h:29,
                 from /Users/seungwon/STM32CubeN6/Drivers/STM32N6xx_HAL_Driver/Src/stm32n6xx_hal.c:45:
/Users/seungwon/STM32CubeN6/Drivers/CMSIS/Include/m-profile/armv7m_cachel1.h: In function 'SCB_InvalidateICache_by_Addr':
/Users/seungwon/STM32CubeN6/Drivers/CMSIS/Include/m-profile/armv7m_cachel1.h:117:32: warning: conversion to 'long unsigned int' from 'int32_t' {aka 'long int'} may change the sign of the result [-Wsign-conversion]
  117 |        int32_t op_size = isize + (((uint32_t)addr) & (__SCB_ICACHE_LINE_SIZE - 1U));
      |                                ^
/Users/seungwon/STM32CubeN6/Drivers/CMSIS/Include/m-profile/armv7m_cachel1.h:117:26: warning: conversion to 'int32_t' {aka 'long int'} from 'long unsigned int' may change the sign of the result [-Wsign-conversion]
  117 |        int32_t op_size = isize + (((uint32_t)addr) & (__SCB_ICACHE_LINE_SIZE - 1U));
      |                          ^~~~~
/Users/seungwon/STM32CubeN6/Drivers/CMSIS/Include/m-profile/armv7m_cachel1.h:125:17: warning: conversion to 'long unsigned int' from 'int32_t' {aka 'long int'} may change the sign of the result [-Wsign-conversion]
  125 |         op_size -= __SCB_ICACHE_LINE_SIZE;
      |                 ^~
/Users/seungwon/STM32CubeN6/Drivers/CMSIS/Include/m-profile/armv7m_cachel1.h:48:33: warning: conversion to 'int32_t' {aka 'long int'} from 'long unsigned int' may change the sign of the result [-Wsign-conversion]
   48 | #define __SCB_ICACHE_LINE_SIZE  32U /*!< Cortex-M7 cache line size is fixed to 32 bytes (8 words). See also register SCB_CCSIDR */
      |                                 ^~~
/Users/seungwon/STM32CubeN6/Drivers/CMSIS/Include/m-profile/armv7m_cachel1.h:125:20: note: in expansion of macro '__SCB_ICACHE_LINE_SIZE'
  125 |         op_size -= __SCB_ICACHE_LINE_SIZE;
      |                    ^~~~~~~~~~~~~~~~~~~~~~
/Users/seungwon/STM32CubeN6/Drivers/CMSIS/Include/m-profile/armv7m_cachel1.h: In function 'SCB_InvalidateDCache_by_Addr':
/Users/seungwon/STM32CubeN6/Drivers/CMSIS/Include/m-profile/armv7m_cachel1.h:360:32: warning: conversion to 'long unsigned int' from 'int32_t' {aka 'long int'} may change the sign of the result [-Wsign-conversion]
  360 |        int32_t op_size = dsize + (((uint32_t)addr) & (__SCB_DCACHE_LINE_SIZE - 1U));
      |                                ^
/Users/seungwon/STM32CubeN6/Drivers/CMSIS/Include/m-profile/armv7m_cachel1.h:360:26: warning: conversion to 'int32_t' {aka 'long int'} from 'long unsigned int' may change the sign of the result [-Wsign-conversion]
  360 |        int32_t op_size = dsize + (((uint32_t)addr) & (__SCB_DCACHE_LINE_SIZE - 1U));
      |                          ^~~~~
/Users/seungwon/STM32CubeN6/Drivers/CMSIS/Include/m-profile/armv7m_cachel1.h:368:17: warning: conversion to 'long unsigned int' from 'int32_t' {aka 'long int'} may change the sign of the result [-Wsign-conversion]
  368 |         op_size -= __SCB_DCACHE_LINE_SIZE;
      |                 ^~
/Users/seungwon/STM32CubeN6/Drivers/CMSIS/Include/m-profile/armv7m_cachel1.h:44:33: warning: conversion to 'int32_t' {aka 'long int'} from 'long unsigned int' may change the sign of the result [-Wsign-conversion]
   44 | #define __SCB_DCACHE_LINE_SIZE  32U /*!< Cortex-M7 cache line size is fixed to 32 bytes (8 words). See also register SCB_CCSIDR */
      |                                 ^~~
/Users/seungwon/STM32CubeN6/Drivers/CMSIS/Include/m-profile/armv7m_cachel1.h:368:20: note: in expansion of macro '__SCB_DCACHE_LINE_SIZE'
  368 |         op_size -= __SCB_DCACHE_LINE_SIZE;
      |                    ^~~~~~~~~~~~~~~~~~~~~~
/Users/seungwon/STM32CubeN6/Drivers/CMSIS/Include/m-profile/armv7m_cachel1.h: In function 'SCB_CleanDCache_by_Addr':
/Users/seungwon/STM32CubeN6/Drivers/CMSIS/Include/m-profile/armv7m_cachel1.h:390:32: warning: conversion to 'long unsigned int' from 'int32_t' {aka 'long int'} may change the sign of the result [-Wsign-conversion]
  390 |        int32_t op_size = dsize + (((uint32_t)addr) & (__SCB_DCACHE_LINE_SIZE - 1U));
      |                                ^
/Users/seungwon/STM32CubeN6/Drivers/CMSIS/Include/m-profile/armv7m_cachel1.h:390:26: warning: conversion to 'int32_t' {aka 'long int'} from 'long unsigned int' may change the sign of the result [-Wsign-conversion]
  390 |        int32_t op_size = dsize + (((uint32_t)addr) & (__SCB_DCACHE_LINE_SIZE - 1U));
      |                          ^~~~~
/Users/seungwon/STM32CubeN6/Drivers/CMSIS/Include/m-profile/armv7m_cachel1.h:398:17: warning: conversion to 'long unsigned int' from 'int32_t' {aka 'long int'} may change the sign of the result [-Wsign-conversion]
  398 |         op_size -= __SCB_DCACHE_LINE_SIZE;
      |                 ^~
/Users/seungwon/STM32CubeN6/Drivers/CMSIS/Include/m-profile/armv7m_cachel1.h:44:33: warning: conversion to 'int32_t' {aka 'long int'} from 'long unsigned int' may change the sign of the result [-Wsign-conversion]
   44 | #define __SCB_DCACHE_LINE_SIZE  32U /*!< Cortex-M7 cache line size is fixed to 32 bytes (8 words). See also register SCB_CCSIDR */
      |                                 ^~~
/Users/seungwon/STM32CubeN6/Drivers/CMSIS/Include/m-profile/armv7m_cachel1.h:398:20: note: in expansion of macro '__SCB_DCACHE_LINE_SIZE'
  398 |         op_size -= __SCB_DCACHE_LINE_SIZE;
      |                    ^~~~~~~~~~~~~~~~~~~~~~
/Users/seungwon/STM32CubeN6/Drivers/CMSIS/Include/m-profile/armv7m_cachel1.h: In function 'SCB_CleanInvalidateDCache_by_Addr':
/Users/seungwon/STM32CubeN6/Drivers/CMSIS/Include/m-profile/armv7m_cachel1.h:420:32: warning: conversion to 'long unsigned int' from 'int32_t' {aka 'long int'} may change the sign of the result [-Wsign-conversion]
  420 |        int32_t op_size = dsize + (((uint32_t)addr) & (__SCB_DCACHE_LINE_SIZE - 1U));
      |                                ^
/Users/seungwon/STM32CubeN6/Drivers/CMSIS/Include/m-profile/armv7m_cachel1.h:420:26: warning: conversion to 'int32_t' {aka 'long int'} from 'long unsigned int' may change the sign of the result [-Wsign-conversion]
  420 |        int32_t op_size = dsize + (((uint32_t)addr) & (__SCB_DCACHE_LINE_SIZE - 1U));
      |                          ^~~~~
/Users/seungwon/STM32CubeN6/Drivers/CMSIS/Include/m-profile/armv7m_cachel1.h:428:17: warning: conversion to 'long unsigned int' from 'int32_t' {aka 'long int'} may change the sign of the result [-Wsign-conversion]
  428 |         op_size -=          __SCB_DCACHE_LINE_SIZE;
      |                 ^~
/Users/seungwon/STM32CubeN6/Drivers/CMSIS/Include/m-profile/armv7m_cachel1.h:44:33: warning: conversion to 'int32_t' {aka 'long int'} from 'long unsigned int' may change the sign of the result [-Wsign-conversion]
   44 | #define __SCB_DCACHE_LINE_SIZE  32U /*!< Cortex-M7 cache line size is fixed to 32 bytes (8 words). See also register SCB_CCSIDR */
      |                                 ^~~
/Users/seungwon/STM32CubeN6/Drivers/CMSIS/Include/m-profile/armv7m_cachel1.h:428:29: note: in expansion of macro '__SCB_DCACHE_LINE_SIZE'
  428 |         op_size -=          __SCB_DCACHE_LINE_SIZE;
      |                             ^~~~~~~~~~~~~~~~~~~~~~
/Users/seungwon/test/.tools/xpack-arm-none-eabi-gcc-15.2.1-1.1/bin/arm-none-eabi-gcc -DAIMER_MVE_BATCH -DAIMER_M55_MVE_MATVEC -DAIMER_BENCHMARK -DPARAMS=128s -DAIMER_BACKEND=mve -DAIMER_MATVEC=mve -DAIMER_CONFIG=mve_affine -DBENCH_KERNEL_SAMPLES=31 -DBENCH_E2E_SAMPLES=50 -DBENCH_KERNEL_INNER=64 -DBENCH_WARMUP=10 -DPROFILE_SAMPLES=31 -DPROFILE_KERNEL_INNER=64 -DPROFILE_COMPLEX_INNER=8 -DUSE_HAL_DRIVER -DSTM32N657xx -Iinclude -I../common/src/sig/aimer/reference/aimer-128s -I../common/src -I/Users/seungwon/STM32CubeN6/Projects/NUCLEO-N657X0-Q/Templates/Template/FSBL/Inc -I/Users/seungwon/STM32CubeN6/Drivers/CMSIS/Include -I/Users/seungwon/STM32CubeN6/Drivers/CMSIS/Device/ST/STM32N6xx/Include -I/Users/seungwon/STM32CubeN6/Drivers/STM32N6xx_HAL_Driver/Inc -I/Users/seungwon/STM32CubeN6/Drivers/STM32N6xx_HAL_Driver/Inc/Legacy -O3 -std=c11 -fno-common -ffunction-sections -fdata-sections -fno-tree-vectorize -fno-tree-slp-vectorize -MMD -MP --specs=nosys.specs -Wall -Wextra -Wshadow -Wconversion -Wstrict-prototypes -mcpu=cortex-m55 -mthumb -mfloat-abi=hard -mcmse -fstack-usage -c /Users/seungwon/STM32CubeN6/Drivers/STM32N6xx_HAL_Driver/Src/stm32n6xx_hal_cortex.c -o build/full/128s/mve-affine/benchmark/stm32n6xx_hal_cortex.c.o
In file included from /Users/seungwon/STM32CubeN6/Drivers/CMSIS/Include/core_cm55.h:4605,
                 from /Users/seungwon/STM32CubeN6/Drivers/CMSIS/Device/ST/STM32N6xx/Include/stm32n657xx.h:281,
                 from /Users/seungwon/STM32CubeN6/Drivers/CMSIS/Device/ST/STM32N6xx/Include/stm32n6xx.h:87,
                 from /Users/seungwon/STM32CubeN6/Drivers/STM32N6xx_HAL_Driver/Inc/stm32n6xx_hal_def.h:33,
                 from /Users/seungwon/STM32CubeN6/Drivers/STM32N6xx_HAL_Driver/Inc/stm32n6xx_hal_rcc.h:28,
                 from /Users/seungwon/STM32CubeN6/Projects/NUCLEO-N657X0-Q/Templates/Template/FSBL/Inc/stm32n6xx_hal_conf.h:253,
                 from /Users/seungwon/STM32CubeN6/Drivers/STM32N6xx_HAL_Driver/Inc/stm32n6xx_hal.h:29,
                 from /Users/seungwon/STM32CubeN6/Drivers/STM32N6xx_HAL_Driver/Src/stm32n6xx_hal_cortex.c:158:
/Users/seungwon/STM32CubeN6/Drivers/CMSIS/Include/m-profile/armv7m_cachel1.h: In function 'SCB_InvalidateICache_by_Addr':
/Users/seungwon/STM32CubeN6/Drivers/CMSIS/Include/m-profile/armv7m_cachel1.h:117:32: warning: conversion to 'long unsigned int' from 'int32_t' {aka 'long int'} may change the sign of the result [-Wsign-conversion]
  117 |        int32_t op_size = isize + (((uint32_t)addr) & (__SCB_ICACHE_LINE_SIZE - 1U));
      |                                ^
/Users/seungwon/STM32CubeN6/Drivers/CMSIS/Include/m-profile/armv7m_cachel1.h:117:26: warning: conversion to 'int32_t' {aka 'long int'} from 'long unsigned int' may change the sign of the result [-Wsign-conversion]
  117 |        int32_t op_size = isize + (((uint32_t)addr) & (__SCB_ICACHE_LINE_SIZE - 1U));
      |                          ^~~~~
/Users/seungwon/STM32CubeN6/Drivers/CMSIS/Include/m-profile/armv7m_cachel1.h:125:17: warning: conversion to 'long unsigned int' from 'int32_t' {aka 'long int'} may change the sign of the result [-Wsign-conversion]
  125 |         op_size -= __SCB_ICACHE_LINE_SIZE;
      |                 ^~
/Users/seungwon/STM32CubeN6/Drivers/CMSIS/Include/m-profile/armv7m_cachel1.h:48:33: warning: conversion to 'int32_t' {aka 'long int'} from 'long unsigned int' may change the sign of the result [-Wsign-conversion]
   48 | #define __SCB_ICACHE_LINE_SIZE  32U /*!< Cortex-M7 cache line size is fixed to 32 bytes (8 words). See also register SCB_CCSIDR */
      |                                 ^~~
/Users/seungwon/STM32CubeN6/Drivers/CMSIS/Include/m-profile/armv7m_cachel1.h:125:20: note: in expansion of macro '__SCB_ICACHE_LINE_SIZE'
  125 |         op_size -= __SCB_ICACHE_LINE_SIZE;
      |                    ^~~~~~~~~~~~~~~~~~~~~~
/Users/seungwon/STM32CubeN6/Drivers/CMSIS/Include/m-profile/armv7m_cachel1.h: In function 'SCB_InvalidateDCache_by_Addr':
/Users/seungwon/STM32CubeN6/Drivers/CMSIS/Include/m-profile/armv7m_cachel1.h:360:32: warning: conversion to 'long unsigned int' from 'int32_t' {aka 'long int'} may change the sign of the result [-Wsign-conversion]
  360 |        int32_t op_size = dsize + (((uint32_t)addr) & (__SCB_DCACHE_LINE_SIZE - 1U));
      |                                ^
/Users/seungwon/STM32CubeN6/Drivers/CMSIS/Include/m-profile/armv7m_cachel1.h:360:26: warning: conversion to 'int32_t' {aka 'long int'} from 'long unsigned int' may change the sign of the result [-Wsign-conversion]
  360 |        int32_t op_size = dsize + (((uint32_t)addr) & (__SCB_DCACHE_LINE_SIZE - 1U));
      |                          ^~~~~
/Users/seungwon/STM32CubeN6/Drivers/CMSIS/Include/m-profile/armv7m_cachel1.h:368:17: warning: conversion to 'long unsigned int' from 'int32_t' {aka 'long int'} may change the sign of the result [-Wsign-conversion]
  368 |         op_size -= __SCB_DCACHE_LINE_SIZE;
      |                 ^~
/Users/seungwon/STM32CubeN6/Drivers/CMSIS/Include/m-profile/armv7m_cachel1.h:44:33: warning: conversion to 'int32_t' {aka 'long int'} from 'long unsigned int' may change the sign of the result [-Wsign-conversion]
   44 | #define __SCB_DCACHE_LINE_SIZE  32U /*!< Cortex-M7 cache line size is fixed to 32 bytes (8 words). See also register SCB_CCSIDR */
      |                                 ^~~
/Users/seungwon/STM32CubeN6/Drivers/CMSIS/Include/m-profile/armv7m_cachel1.h:368:20: note: in expansion of macro '__SCB_DCACHE_LINE_SIZE'
  368 |         op_size -= __SCB_DCACHE_LINE_SIZE;
      |                    ^~~~~~~~~~~~~~~~~~~~~~
/Users/seungwon/STM32CubeN6/Drivers/CMSIS/Include/m-profile/armv7m_cachel1.h: In function 'SCB_CleanDCache_by_Addr':
/Users/seungwon/STM32CubeN6/Drivers/CMSIS/Include/m-profile/armv7m_cachel1.h:390:32: warning: conversion to 'long unsigned int' from 'int32_t' {aka 'long int'} may change the sign of the result [-Wsign-conversion]
  390 |        int32_t op_size = dsize + (((uint32_t)addr) & (__SCB_DCACHE_LINE_SIZE - 1U));
      |                                ^
/Users/seungwon/STM32CubeN6/Drivers/CMSIS/Include/m-profile/armv7m_cachel1.h:390:26: warning: conversion to 'int32_t' {aka 'long int'} from 'long unsigned int' may change the sign of the result [-Wsign-conversion]
  390 |        int32_t op_size = dsize + (((uint32_t)addr) & (__SCB_DCACHE_LINE_SIZE - 1U));
      |                          ^~~~~
/Users/seungwon/STM32CubeN6/Drivers/CMSIS/Include/m-profile/armv7m_cachel1.h:398:17: warning: conversion to 'long unsigned int' from 'int32_t' {aka 'long int'} may change the sign of the result [-Wsign-conversion]
  398 |         op_size -= __SCB_DCACHE_LINE_SIZE;
      |                 ^~
/Users/seungwon/STM32CubeN6/Drivers/CMSIS/Include/m-profile/armv7m_cachel1.h:44:33: warning: conversion to 'int32_t' {aka 'long int'} from 'long unsigned int' may change the sign of the result [-Wsign-conversion]
   44 | #define __SCB_DCACHE_LINE_SIZE  32U /*!< Cortex-M7 cache line size is fixed to 32 bytes (8 words). See also register SCB_CCSIDR */
      |                                 ^~~
/Users/seungwon/STM32CubeN6/Drivers/CMSIS/Include/m-profile/armv7m_cachel1.h:398:20: note: in expansion of macro '__SCB_DCACHE_LINE_SIZE'
  398 |         op_size -= __SCB_DCACHE_LINE_SIZE;
      |                    ^~~~~~~~~~~~~~~~~~~~~~
/Users/seungwon/STM32CubeN6/Drivers/CMSIS/Include/m-profile/armv7m_cachel1.h: In function 'SCB_CleanInvalidateDCache_by_Addr':
/Users/seungwon/STM32CubeN6/Drivers/CMSIS/Include/m-profile/armv7m_cachel1.h:420:32: warning: conversion to 'long unsigned int' from 'int32_t' {aka 'long int'} may change the sign of the result [-Wsign-conversion]
  420 |        int32_t op_size = dsize + (((uint32_t)addr) & (__SCB_DCACHE_LINE_SIZE - 1U));
      |                                ^
/Users/seungwon/STM32CubeN6/Drivers/CMSIS/Include/m-profile/armv7m_cachel1.h:420:26: warning: conversion to 'int32_t' {aka 'long int'} from 'long unsigned int' may change the sign of the result [-Wsign-conversion]
  420 |        int32_t op_size = dsize + (((uint32_t)addr) & (__SCB_DCACHE_LINE_SIZE - 1U));
      |                          ^~~~~
/Users/seungwon/STM32CubeN6/Drivers/CMSIS/Include/m-profile/armv7m_cachel1.h:428:17: warning: conversion to 'long unsigned int' from 'int32_t' {aka 'long int'} may change the sign of the result [-Wsign-conversion]
  428 |         op_size -=          __SCB_DCACHE_LINE_SIZE;
      |                 ^~
/Users/seungwon/STM32CubeN6/Drivers/CMSIS/Include/m-profile/armv7m_cachel1.h:44:33: warning: conversion to 'int32_t' {aka 'long int'} from 'long unsigned int' may change the sign of the result [-Wsign-conversion]
   44 | #define __SCB_DCACHE_LINE_SIZE  32U /*!< Cortex-M7 cache line size is fixed to 32 bytes (8 words). See also register SCB_CCSIDR */
      |                                 ^~~
/Users/seungwon/STM32CubeN6/Drivers/CMSIS/Include/m-profile/armv7m_cachel1.h:428:29: note: in expansion of macro '__SCB_DCACHE_LINE_SIZE'
  428 |         op_size -=          __SCB_DCACHE_LINE_SIZE;
      |                             ^~~~~~~~~~~~~~~~~~~~~~
/Users/seungwon/test/.tools/xpack-arm-none-eabi-gcc-15.2.1-1.1/bin/arm-none-eabi-gcc -DAIMER_MVE_BATCH -DAIMER_M55_MVE_MATVEC -DAIMER_BENCHMARK -DPARAMS=128s -DAIMER_BACKEND=mve -DAIMER_MATVEC=mve -DAIMER_CONFIG=mve_affine -DBENCH_KERNEL_SAMPLES=31 -DBENCH_E2E_SAMPLES=50 -DBENCH_KERNEL_INNER=64 -DBENCH_WARMUP=10 -DPROFILE_SAMPLES=31 -DPROFILE_KERNEL_INNER=64 -DPROFILE_COMPLEX_INNER=8 -DUSE_HAL_DRIVER -DSTM32N657xx -Iinclude -I../common/src/sig/aimer/reference/aimer-128s -I../common/src -I/Users/seungwon/STM32CubeN6/Projects/NUCLEO-N657X0-Q/Templates/Template/FSBL/Inc -I/Users/seungwon/STM32CubeN6/Drivers/CMSIS/Include -I/Users/seungwon/STM32CubeN6/Drivers/CMSIS/Device/ST/STM32N6xx/Include -I/Users/seungwon/STM32CubeN6/Drivers/STM32N6xx_HAL_Driver/Inc -I/Users/seungwon/STM32CubeN6/Drivers/STM32N6xx_HAL_Driver/Inc/Legacy -O3 -std=c11 -fno-common -ffunction-sections -fdata-sections -fno-tree-vectorize -fno-tree-slp-vectorize -MMD -MP --specs=nosys.specs -Wall -Wextra -Wshadow -Wconversion -Wstrict-prototypes -mcpu=cortex-m55 -mthumb -mfloat-abi=hard -mcmse -fstack-usage -c /Users/seungwon/STM32CubeN6/Drivers/STM32N6xx_HAL_Driver/Src/stm32n6xx_hal_pwr.c -o build/full/128s/mve-affine/benchmark/stm32n6xx_hal_pwr.c.o
In file included from /Users/seungwon/STM32CubeN6/Drivers/CMSIS/Include/core_cm55.h:4605,
                 from /Users/seungwon/STM32CubeN6/Drivers/CMSIS/Device/ST/STM32N6xx/Include/stm32n657xx.h:281,
                 from /Users/seungwon/STM32CubeN6/Drivers/CMSIS/Device/ST/STM32N6xx/Include/stm32n6xx.h:87,
                 from /Users/seungwon/STM32CubeN6/Drivers/STM32N6xx_HAL_Driver/Inc/stm32n6xx_hal_def.h:33,
                 from /Users/seungwon/STM32CubeN6/Drivers/STM32N6xx_HAL_Driver/Inc/stm32n6xx_hal_rcc.h:28,
                 from /Users/seungwon/STM32CubeN6/Projects/NUCLEO-N657X0-Q/Templates/Template/FSBL/Inc/stm32n6xx_hal_conf.h:253,
                 from /Users/seungwon/STM32CubeN6/Drivers/STM32N6xx_HAL_Driver/Inc/stm32n6xx_hal.h:29,
                 from /Users/seungwon/STM32CubeN6/Drivers/STM32N6xx_HAL_Driver/Src/stm32n6xx_hal_pwr.c:107:
/Users/seungwon/STM32CubeN6/Drivers/CMSIS/Include/m-profile/armv7m_cachel1.h: In function 'SCB_InvalidateICache_by_Addr':
/Users/seungwon/STM32CubeN6/Drivers/CMSIS/Include/m-profile/armv7m_cachel1.h:117:32: warning: conversion to 'long unsigned int' from 'int32_t' {aka 'long int'} may change the sign of the result [-Wsign-conversion]
  117 |        int32_t op_size = isize + (((uint32_t)addr) & (__SCB_ICACHE_LINE_SIZE - 1U));
      |                                ^
/Users/seungwon/STM32CubeN6/Drivers/CMSIS/Include/m-profile/armv7m_cachel1.h:117:26: warning: conversion to 'int32_t' {aka 'long int'} from 'long unsigned int' may change the sign of the result [-Wsign-conversion]
  117 |        int32_t op_size = isize + (((uint32_t)addr) & (__SCB_ICACHE_LINE_SIZE - 1U));
      |                          ^~~~~
/Users/seungwon/STM32CubeN6/Drivers/CMSIS/Include/m-profile/armv7m_cachel1.h:125:17: warning: conversion to 'long unsigned int' from 'int32_t' {aka 'long int'} may change the sign of the result [-Wsign-conversion]
  125 |         op_size -= __SCB_ICACHE_LINE_SIZE;
      |                 ^~
/Users/seungwon/STM32CubeN6/Drivers/CMSIS/Include/m-profile/armv7m_cachel1.h:48:33: warning: conversion to 'int32_t' {aka 'long int'} from 'long unsigned int' may change the sign of the result [-Wsign-conversion]
   48 | #define __SCB_ICACHE_LINE_SIZE  32U /*!< Cortex-M7 cache line size is fixed to 32 bytes (8 words). See also register SCB_CCSIDR */
      |                                 ^~~
/Users/seungwon/STM32CubeN6/Drivers/CMSIS/Include/m-profile/armv7m_cachel1.h:125:20: note: in expansion of macro '__SCB_ICACHE_LINE_SIZE'
  125 |         op_size -= __SCB_ICACHE_LINE_SIZE;
      |                    ^~~~~~~~~~~~~~~~~~~~~~
/Users/seungwon/STM32CubeN6/Drivers/CMSIS/Include/m-profile/armv7m_cachel1.h: In function 'SCB_InvalidateDCache_by_Addr':
/Users/seungwon/STM32CubeN6/Drivers/CMSIS/Include/m-profile/armv7m_cachel1.h:360:32: warning: conversion to 'long unsigned int' from 'int32_t' {aka 'long int'} may change the sign of the result [-Wsign-conversion]
  360 |        int32_t op_size = dsize + (((uint32_t)addr) & (__SCB_DCACHE_LINE_SIZE - 1U));
      |                                ^
/Users/seungwon/STM32CubeN6/Drivers/CMSIS/Include/m-profile/armv7m_cachel1.h:360:26: warning: conversion to 'int32_t' {aka 'long int'} from 'long unsigned int' may change the sign of the result [-Wsign-conversion]
  360 |        int32_t op_size = dsize + (((uint32_t)addr) & (__SCB_DCACHE_LINE_SIZE - 1U));
      |                          ^~~~~
/Users/seungwon/STM32CubeN6/Drivers/CMSIS/Include/m-profile/armv7m_cachel1.h:368:17: warning: conversion to 'long unsigned int' from 'int32_t' {aka 'long int'} may change the sign of the result [-Wsign-conversion]
  368 |         op_size -= __SCB_DCACHE_LINE_SIZE;
      |                 ^~
/Users/seungwon/STM32CubeN6/Drivers/CMSIS/Include/m-profile/armv7m_cachel1.h:44:33: warning: conversion to 'int32_t' {aka 'long int'} from 'long unsigned int' may change the sign of the result [-Wsign-conversion]
   44 | #define __SCB_DCACHE_LINE_SIZE  32U /*!< Cortex-M7 cache line size is fixed to 32 bytes (8 words). See also register SCB_CCSIDR */
      |                                 ^~~
/Users/seungwon/STM32CubeN6/Drivers/CMSIS/Include/m-profile/armv7m_cachel1.h:368:20: note: in expansion of macro '__SCB_DCACHE_LINE_SIZE'
  368 |         op_size -= __SCB_DCACHE_LINE_SIZE;
      |                    ^~~~~~~~~~~~~~~~~~~~~~
/Users/seungwon/STM32CubeN6/Drivers/CMSIS/Include/m-profile/armv7m_cachel1.h: In function 'SCB_CleanDCache_by_Addr':
/Users/seungwon/STM32CubeN6/Drivers/CMSIS/Include/m-profile/armv7m_cachel1.h:390:32: warning: conversion to 'long unsigned int' from 'int32_t' {aka 'long int'} may change the sign of the result [-Wsign-conversion]
  390 |        int32_t op_size = dsize + (((uint32_t)addr) & (__SCB_DCACHE_LINE_SIZE - 1U));
      |                                ^
/Users/seungwon/STM32CubeN6/Drivers/CMSIS/Include/m-profile/armv7m_cachel1.h:390:26: warning: conversion to 'int32_t' {aka 'long int'} from 'long unsigned int' may change the sign of the result [-Wsign-conversion]
  390 |        int32_t op_size = dsize + (((uint32_t)addr) & (__SCB_DCACHE_LINE_SIZE - 1U));
      |                          ^~~~~
/Users/seungwon/STM32CubeN6/Drivers/CMSIS/Include/m-profile/armv7m_cachel1.h:398:17: warning: conversion to 'long unsigned int' from 'int32_t' {aka 'long int'} may change the sign of the result [-Wsign-conversion]
  398 |         op_size -= __SCB_DCACHE_LINE_SIZE;
      |                 ^~
/Users/seungwon/STM32CubeN6/Drivers/CMSIS/Include/m-profile/armv7m_cachel1.h:44:33: warning: conversion to 'int32_t' {aka 'long int'} from 'long unsigned int' may change the sign of the result [-Wsign-conversion]
   44 | #define __SCB_DCACHE_LINE_SIZE  32U /*!< Cortex-M7 cache line size is fixed to 32 bytes (8 words). See also register SCB_CCSIDR */
      |                                 ^~~
/Users/seungwon/STM32CubeN6/Drivers/CMSIS/Include/m-profile/armv7m_cachel1.h:398:20: note: in expansion of macro '__SCB_DCACHE_LINE_SIZE'
  398 |         op_size -= __SCB_DCACHE_LINE_SIZE;
      |                    ^~~~~~~~~~~~~~~~~~~~~~
/Users/seungwon/STM32CubeN6/Drivers/CMSIS/Include/m-profile/armv7m_cachel1.h: In function 'SCB_CleanInvalidateDCache_by_Addr':
/Users/seungwon/STM32CubeN6/Drivers/CMSIS/Include/m-profile/armv7m_cachel1.h:420:32: warning: conversion to 'long unsigned int' from 'int32_t' {aka 'long int'} may change the sign of the result [-Wsign-conversion]
  420 |        int32_t op_size = dsize + (((uint32_t)addr) & (__SCB_DCACHE_LINE_SIZE - 1U));
      |                                ^
/Users/seungwon/STM32CubeN6/Drivers/CMSIS/Include/m-profile/armv7m_cachel1.h:420:26: warning: conversion to 'int32_t' {aka 'long int'} from 'long unsigned int' may change the sign of the result [-Wsign-conversion]
  420 |        int32_t op_size = dsize + (((uint32_t)addr) & (__SCB_DCACHE_LINE_SIZE - 1U));
      |                          ^~~~~
/Users/seungwon/STM32CubeN6/Drivers/CMSIS/Include/m-profile/armv7m_cachel1.h:428:17: warning: conversion to 'long unsigned int' from 'int32_t' {aka 'long int'} may change the sign of the result [-Wsign-conversion]
  428 |         op_size -=          __SCB_DCACHE_LINE_SIZE;
      |                 ^~
/Users/seungwon/STM32CubeN6/Drivers/CMSIS/Include/m-profile/armv7m_cachel1.h:44:33: warning: conversion to 'int32_t' {aka 'long int'} from 'long unsigned int' may change the sign of the result [-Wsign-conversion]
   44 | #define __SCB_DCACHE_LINE_SIZE  32U /*!< Cortex-M7 cache line size is fixed to 32 bytes (8 words). See also register SCB_CCSIDR */
      |                                 ^~~
/Users/seungwon/STM32CubeN6/Drivers/CMSIS/Include/m-profile/armv7m_cachel1.h:428:29: note: in expansion of macro '__SCB_DCACHE_LINE_SIZE'
  428 |         op_size -=          __SCB_DCACHE_LINE_SIZE;
      |                             ^~~~~~~~~~~~~~~~~~~~~~
/Users/seungwon/test/.tools/xpack-arm-none-eabi-gcc-15.2.1-1.1/bin/arm-none-eabi-gcc -DAIMER_MVE_BATCH -DAIMER_M55_MVE_MATVEC -DAIMER_BENCHMARK -DPARAMS=128s -DAIMER_BACKEND=mve -DAIMER_MATVEC=mve -DAIMER_CONFIG=mve_affine -DBENCH_KERNEL_SAMPLES=31 -DBENCH_E2E_SAMPLES=50 -DBENCH_KERNEL_INNER=64 -DBENCH_WARMUP=10 -DPROFILE_SAMPLES=31 -DPROFILE_KERNEL_INNER=64 -DPROFILE_COMPLEX_INNER=8 -DUSE_HAL_DRIVER -DSTM32N657xx -Iinclude -I../common/src/sig/aimer/reference/aimer-128s -I../common/src -I/Users/seungwon/STM32CubeN6/Projects/NUCLEO-N657X0-Q/Templates/Template/FSBL/Inc -I/Users/seungwon/STM32CubeN6/Drivers/CMSIS/Include -I/Users/seungwon/STM32CubeN6/Drivers/CMSIS/Device/ST/STM32N6xx/Include -I/Users/seungwon/STM32CubeN6/Drivers/STM32N6xx_HAL_Driver/Inc -I/Users/seungwon/STM32CubeN6/Drivers/STM32N6xx_HAL_Driver/Inc/Legacy -O3 -std=c11 -fno-common -ffunction-sections -fdata-sections -fno-tree-vectorize -fno-tree-slp-vectorize -MMD -MP --specs=nosys.specs -Wall -Wextra -Wshadow -Wconversion -Wstrict-prototypes -mcpu=cortex-m55 -mthumb -mfloat-abi=hard -mcmse -fstack-usage -c /Users/seungwon/STM32CubeN6/Drivers/STM32N6xx_HAL_Driver/Src/stm32n6xx_hal_pwr_ex.c -o build/full/128s/mve-affine/benchmark/stm32n6xx_hal_pwr_ex.c.o
In file included from /Users/seungwon/STM32CubeN6/Drivers/CMSIS/Include/core_cm55.h:4605,
                 from /Users/seungwon/STM32CubeN6/Drivers/CMSIS/Device/ST/STM32N6xx/Include/stm32n657xx.h:281,
                 from /Users/seungwon/STM32CubeN6/Drivers/CMSIS/Device/ST/STM32N6xx/Include/stm32n6xx.h:87,
                 from /Users/seungwon/STM32CubeN6/Drivers/STM32N6xx_HAL_Driver/Inc/stm32n6xx_hal_def.h:33,
                 from /Users/seungwon/STM32CubeN6/Drivers/STM32N6xx_HAL_Driver/Inc/stm32n6xx_hal_rcc.h:28,
                 from /Users/seungwon/STM32CubeN6/Projects/NUCLEO-N657X0-Q/Templates/Template/FSBL/Inc/stm32n6xx_hal_conf.h:253,
                 from /Users/seungwon/STM32CubeN6/Drivers/STM32N6xx_HAL_Driver/Inc/stm32n6xx_hal.h:29,
                 from /Users/seungwon/STM32CubeN6/Drivers/STM32N6xx_HAL_Driver/Src/stm32n6xx_hal_pwr_ex.c:159:
/Users/seungwon/STM32CubeN6/Drivers/CMSIS/Include/m-profile/armv7m_cachel1.h: In function 'SCB_InvalidateICache_by_Addr':
/Users/seungwon/STM32CubeN6/Drivers/CMSIS/Include/m-profile/armv7m_cachel1.h:117:32: warning: conversion to 'long unsigned int' from 'int32_t' {aka 'long int'} may change the sign of the result [-Wsign-conversion]
  117 |        int32_t op_size = isize + (((uint32_t)addr) & (__SCB_ICACHE_LINE_SIZE - 1U));
      |                                ^
/Users/seungwon/STM32CubeN6/Drivers/CMSIS/Include/m-profile/armv7m_cachel1.h:117:26: warning: conversion to 'int32_t' {aka 'long int'} from 'long unsigned int' may change the sign of the result [-Wsign-conversion]
  117 |        int32_t op_size = isize + (((uint32_t)addr) & (__SCB_ICACHE_LINE_SIZE - 1U));
      |                          ^~~~~
/Users/seungwon/STM32CubeN6/Drivers/CMSIS/Include/m-profile/armv7m_cachel1.h:125:17: warning: conversion to 'long unsigned int' from 'int32_t' {aka 'long int'} may change the sign of the result [-Wsign-conversion]
  125 |         op_size -= __SCB_ICACHE_LINE_SIZE;
      |                 ^~
/Users/seungwon/STM32CubeN6/Drivers/CMSIS/Include/m-profile/armv7m_cachel1.h:48:33: warning: conversion to 'int32_t' {aka 'long int'} from 'long unsigned int' may change the sign of the result [-Wsign-conversion]
   48 | #define __SCB_ICACHE_LINE_SIZE  32U /*!< Cortex-M7 cache line size is fixed to 32 bytes (8 words). See also register SCB_CCSIDR */
      |                                 ^~~
/Users/seungwon/STM32CubeN6/Drivers/CMSIS/Include/m-profile/armv7m_cachel1.h:125:20: note: in expansion of macro '__SCB_ICACHE_LINE_SIZE'
  125 |         op_size -= __SCB_ICACHE_LINE_SIZE;
      |                    ^~~~~~~~~~~~~~~~~~~~~~
/Users/seungwon/STM32CubeN6/Drivers/CMSIS/Include/m-profile/armv7m_cachel1.h: In function 'SCB_InvalidateDCache_by_Addr':
/Users/seungwon/STM32CubeN6/Drivers/CMSIS/Include/m-profile/armv7m_cachel1.h:360:32: warning: conversion to 'long unsigned int' from 'int32_t' {aka 'long int'} may change the sign of the result [-Wsign-conversion]
  360 |        int32_t op_size = dsize + (((uint32_t)addr) & (__SCB_DCACHE_LINE_SIZE - 1U));
      |                                ^
/Users/seungwon/STM32CubeN6/Drivers/CMSIS/Include/m-profile/armv7m_cachel1.h:360:26: warning: conversion to 'int32_t' {aka 'long int'} from 'long unsigned int' may change the sign of the result [-Wsign-conversion]
  360 |        int32_t op_size = dsize + (((uint32_t)addr) & (__SCB_DCACHE_LINE_SIZE - 1U));
      |                          ^~~~~
/Users/seungwon/STM32CubeN6/Drivers/CMSIS/Include/m-profile/armv7m_cachel1.h:368:17: warning: conversion to 'long unsigned int' from 'int32_t' {aka 'long int'} may change the sign of the result [-Wsign-conversion]
  368 |         op_size -= __SCB_DCACHE_LINE_SIZE;
      |                 ^~
/Users/seungwon/STM32CubeN6/Drivers/CMSIS/Include/m-profile/armv7m_cachel1.h:44:33: warning: conversion to 'int32_t' {aka 'long int'} from 'long unsigned int' may change the sign of the result [-Wsign-conversion]
   44 | #define __SCB_DCACHE_LINE_SIZE  32U /*!< Cortex-M7 cache line size is fixed to 32 bytes (8 words). See also register SCB_CCSIDR */
      |                                 ^~~
/Users/seungwon/STM32CubeN6/Drivers/CMSIS/Include/m-profile/armv7m_cachel1.h:368:20: note: in expansion of macro '__SCB_DCACHE_LINE_SIZE'
  368 |         op_size -= __SCB_DCACHE_LINE_SIZE;
      |                    ^~~~~~~~~~~~~~~~~~~~~~
/Users/seungwon/STM32CubeN6/Drivers/CMSIS/Include/m-profile/armv7m_cachel1.h: In function 'SCB_CleanDCache_by_Addr':
/Users/seungwon/STM32CubeN6/Drivers/CMSIS/Include/m-profile/armv7m_cachel1.h:390:32: warning: conversion to 'long unsigned int' from 'int32_t' {aka 'long int'} may change the sign of the result [-Wsign-conversion]
  390 |        int32_t op_size = dsize + (((uint32_t)addr) & (__SCB_DCACHE_LINE_SIZE - 1U));
      |                                ^
/Users/seungwon/STM32CubeN6/Drivers/CMSIS/Include/m-profile/armv7m_cachel1.h:390:26: warning: conversion to 'int32_t' {aka 'long int'} from 'long unsigned int' may change the sign of the result [-Wsign-conversion]
  390 |        int32_t op_size = dsize + (((uint32_t)addr) & (__SCB_DCACHE_LINE_SIZE - 1U));
      |                          ^~~~~
/Users/seungwon/STM32CubeN6/Drivers/CMSIS/Include/m-profile/armv7m_cachel1.h:398:17: warning: conversion to 'long unsigned int' from 'int32_t' {aka 'long int'} may change the sign of the result [-Wsign-conversion]
  398 |         op_size -= __SCB_DCACHE_LINE_SIZE;
      |                 ^~
/Users/seungwon/STM32CubeN6/Drivers/CMSIS/Include/m-profile/armv7m_cachel1.h:44:33: warning: conversion to 'int32_t' {aka 'long int'} from 'long unsigned int' may change the sign of the result [-Wsign-conversion]
   44 | #define __SCB_DCACHE_LINE_SIZE  32U /*!< Cortex-M7 cache line size is fixed to 32 bytes (8 words). See also register SCB_CCSIDR */
      |                                 ^~~
/Users/seungwon/STM32CubeN6/Drivers/CMSIS/Include/m-profile/armv7m_cachel1.h:398:20: note: in expansion of macro '__SCB_DCACHE_LINE_SIZE'
  398 |         op_size -= __SCB_DCACHE_LINE_SIZE;
      |                    ^~~~~~~~~~~~~~~~~~~~~~
/Users/seungwon/STM32CubeN6/Drivers/CMSIS/Include/m-profile/armv7m_cachel1.h: In function 'SCB_CleanInvalidateDCache_by_Addr':
/Users/seungwon/STM32CubeN6/Drivers/CMSIS/Include/m-profile/armv7m_cachel1.h:420:32: warning: conversion to 'long unsigned int' from 'int32_t' {aka 'long int'} may change the sign of the result [-Wsign-conversion]
  420 |        int32_t op_size = dsize + (((uint32_t)addr) & (__SCB_DCACHE_LINE_SIZE - 1U));
      |                                ^
/Users/seungwon/STM32CubeN6/Drivers/CMSIS/Include/m-profile/armv7m_cachel1.h:420:26: warning: conversion to 'int32_t' {aka 'long int'} from 'long unsigned int' may change the sign of the result [-Wsign-conversion]
  420 |        int32_t op_size = dsize + (((uint32_t)addr) & (__SCB_DCACHE_LINE_SIZE - 1U));
      |                          ^~~~~
/Users/seungwon/STM32CubeN6/Drivers/CMSIS/Include/m-profile/armv7m_cachel1.h:428:17: warning: conversion to 'long unsigned int' from 'int32_t' {aka 'long int'} may change the sign of the result [-Wsign-conversion]
  428 |         op_size -=          __SCB_DCACHE_LINE_SIZE;
      |                 ^~
/Users/seungwon/STM32CubeN6/Drivers/CMSIS/Include/m-profile/armv7m_cachel1.h:44:33: warning: conversion to 'int32_t' {aka 'long int'} from 'long unsigned int' may change the sign of the result [-Wsign-conversion]
   44 | #define __SCB_DCACHE_LINE_SIZE  32U /*!< Cortex-M7 cache line size is fixed to 32 bytes (8 words). See also register SCB_CCSIDR */
      |                                 ^~~
/Users/seungwon/STM32CubeN6/Drivers/CMSIS/Include/m-profile/armv7m_cachel1.h:428:29: note: in expansion of macro '__SCB_DCACHE_LINE_SIZE'
  428 |         op_size -=          __SCB_DCACHE_LINE_SIZE;
      |                             ^~~~~~~~~~~~~~~~~~~~~~
/Users/seungwon/test/.tools/xpack-arm-none-eabi-gcc-15.2.1-1.1/bin/arm-none-eabi-gcc -DAIMER_MVE_BATCH -DAIMER_M55_MVE_MATVEC -DAIMER_BENCHMARK -DPARAMS=128s -DAIMER_BACKEND=mve -DAIMER_MATVEC=mve -DAIMER_CONFIG=mve_affine -DBENCH_KERNEL_SAMPLES=31 -DBENCH_E2E_SAMPLES=50 -DBENCH_KERNEL_INNER=64 -DBENCH_WARMUP=10 -DPROFILE_SAMPLES=31 -DPROFILE_KERNEL_INNER=64 -DPROFILE_COMPLEX_INNER=8 -DUSE_HAL_DRIVER -DSTM32N657xx -Iinclude -I../common/src/sig/aimer/reference/aimer-128s -I../common/src -I/Users/seungwon/STM32CubeN6/Projects/NUCLEO-N657X0-Q/Templates/Template/FSBL/Inc -I/Users/seungwon/STM32CubeN6/Drivers/CMSIS/Include -I/Users/seungwon/STM32CubeN6/Drivers/CMSIS/Device/ST/STM32N6xx/Include -I/Users/seungwon/STM32CubeN6/Drivers/STM32N6xx_HAL_Driver/Inc -I/Users/seungwon/STM32CubeN6/Drivers/STM32N6xx_HAL_Driver/Inc/Legacy -O3 -std=c11 -fno-common -ffunction-sections -fdata-sections -fno-tree-vectorize -fno-tree-slp-vectorize -MMD -MP --specs=nosys.specs -Wall -Wextra -Wshadow -Wconversion -Wstrict-prototypes -mcpu=cortex-m55 -mthumb -mfloat-abi=hard -mcmse -fstack-usage -c /Users/seungwon/STM32CubeN6/Drivers/STM32N6xx_HAL_Driver/Src/stm32n6xx_hal_rcc.c -o build/full/128s/mve-affine/benchmark/stm32n6xx_hal_rcc.c.o
In file included from /Users/seungwon/STM32CubeN6/Drivers/CMSIS/Include/core_cm55.h:4605,
                 from /Users/seungwon/STM32CubeN6/Drivers/CMSIS/Device/ST/STM32N6xx/Include/stm32n657xx.h:281,
                 from /Users/seungwon/STM32CubeN6/Drivers/CMSIS/Device/ST/STM32N6xx/Include/stm32n6xx.h:87,
                 from /Users/seungwon/STM32CubeN6/Drivers/STM32N6xx_HAL_Driver/Inc/stm32n6xx_hal_def.h:33,
                 from /Users/seungwon/STM32CubeN6/Drivers/STM32N6xx_HAL_Driver/Inc/stm32n6xx_hal_rcc.h:28,
                 from /Users/seungwon/STM32CubeN6/Projects/NUCLEO-N657X0-Q/Templates/Template/FSBL/Inc/stm32n6xx_hal_conf.h:253,
                 from /Users/seungwon/STM32CubeN6/Drivers/STM32N6xx_HAL_Driver/Inc/stm32n6xx_hal.h:29,
                 from /Users/seungwon/STM32CubeN6/Drivers/STM32N6xx_HAL_Driver/Src/stm32n6xx_hal_rcc.c:73:
/Users/seungwon/STM32CubeN6/Drivers/CMSIS/Include/m-profile/armv7m_cachel1.h: In function 'SCB_InvalidateICache_by_Addr':
/Users/seungwon/STM32CubeN6/Drivers/CMSIS/Include/m-profile/armv7m_cachel1.h:117:32: warning: conversion to 'long unsigned int' from 'int32_t' {aka 'long int'} may change the sign of the result [-Wsign-conversion]
  117 |        int32_t op_size = isize + (((uint32_t)addr) & (__SCB_ICACHE_LINE_SIZE - 1U));
      |                                ^
/Users/seungwon/STM32CubeN6/Drivers/CMSIS/Include/m-profile/armv7m_cachel1.h:117:26: warning: conversion to 'int32_t' {aka 'long int'} from 'long unsigned int' may change the sign of the result [-Wsign-conversion]
  117 |        int32_t op_size = isize + (((uint32_t)addr) & (__SCB_ICACHE_LINE_SIZE - 1U));
      |                          ^~~~~
/Users/seungwon/STM32CubeN6/Drivers/CMSIS/Include/m-profile/armv7m_cachel1.h:125:17: warning: conversion to 'long unsigned int' from 'int32_t' {aka 'long int'} may change the sign of the result [-Wsign-conversion]
  125 |         op_size -= __SCB_ICACHE_LINE_SIZE;
      |                 ^~
/Users/seungwon/STM32CubeN6/Drivers/CMSIS/Include/m-profile/armv7m_cachel1.h:48:33: warning: conversion to 'int32_t' {aka 'long int'} from 'long unsigned int' may change the sign of the result [-Wsign-conversion]
   48 | #define __SCB_ICACHE_LINE_SIZE  32U /*!< Cortex-M7 cache line size is fixed to 32 bytes (8 words). See also register SCB_CCSIDR */
      |                                 ^~~
/Users/seungwon/STM32CubeN6/Drivers/CMSIS/Include/m-profile/armv7m_cachel1.h:125:20: note: in expansion of macro '__SCB_ICACHE_LINE_SIZE'
  125 |         op_size -= __SCB_ICACHE_LINE_SIZE;
      |                    ^~~~~~~~~~~~~~~~~~~~~~
/Users/seungwon/STM32CubeN6/Drivers/CMSIS/Include/m-profile/armv7m_cachel1.h: In function 'SCB_InvalidateDCache_by_Addr':
/Users/seungwon/STM32CubeN6/Drivers/CMSIS/Include/m-profile/armv7m_cachel1.h:360:32: warning: conversion to 'long unsigned int' from 'int32_t' {aka 'long int'} may change the sign of the result [-Wsign-conversion]
  360 |        int32_t op_size = dsize + (((uint32_t)addr) & (__SCB_DCACHE_LINE_SIZE - 1U));
      |                                ^
/Users/seungwon/STM32CubeN6/Drivers/CMSIS/Include/m-profile/armv7m_cachel1.h:360:26: warning: conversion to 'int32_t' {aka 'long int'} from 'long unsigned int' may change the sign of the result [-Wsign-conversion]
  360 |        int32_t op_size = dsize + (((uint32_t)addr) & (__SCB_DCACHE_LINE_SIZE - 1U));
      |                          ^~~~~
/Users/seungwon/STM32CubeN6/Drivers/CMSIS/Include/m-profile/armv7m_cachel1.h:368:17: warning: conversion to 'long unsigned int' from 'int32_t' {aka 'long int'} may change the sign of the result [-Wsign-conversion]
  368 |         op_size -= __SCB_DCACHE_LINE_SIZE;
      |                 ^~
/Users/seungwon/STM32CubeN6/Drivers/CMSIS/Include/m-profile/armv7m_cachel1.h:44:33: warning: conversion to 'int32_t' {aka 'long int'} from 'long unsigned int' may change the sign of the result [-Wsign-conversion]
   44 | #define __SCB_DCACHE_LINE_SIZE  32U /*!< Cortex-M7 cache line size is fixed to 32 bytes (8 words). See also register SCB_CCSIDR */
      |                                 ^~~
/Users/seungwon/STM32CubeN6/Drivers/CMSIS/Include/m-profile/armv7m_cachel1.h:368:20: note: in expansion of macro '__SCB_DCACHE_LINE_SIZE'
  368 |         op_size -= __SCB_DCACHE_LINE_SIZE;
      |                    ^~~~~~~~~~~~~~~~~~~~~~
/Users/seungwon/STM32CubeN6/Drivers/CMSIS/Include/m-profile/armv7m_cachel1.h: In function 'SCB_CleanDCache_by_Addr':
/Users/seungwon/STM32CubeN6/Drivers/CMSIS/Include/m-profile/armv7m_cachel1.h:390:32: warning: conversion to 'long unsigned int' from 'int32_t' {aka 'long int'} may change the sign of the result [-Wsign-conversion]
  390 |        int32_t op_size = dsize + (((uint32_t)addr) & (__SCB_DCACHE_LINE_SIZE - 1U));
      |                                ^
/Users/seungwon/STM32CubeN6/Drivers/CMSIS/Include/m-profile/armv7m_cachel1.h:390:26: warning: conversion to 'int32_t' {aka 'long int'} from 'long unsigned int' may change the sign of the result [-Wsign-conversion]
  390 |        int32_t op_size = dsize + (((uint32_t)addr) & (__SCB_DCACHE_LINE_SIZE - 1U));
      |                          ^~~~~
/Users/seungwon/STM32CubeN6/Drivers/CMSIS/Include/m-profile/armv7m_cachel1.h:398:17: warning: conversion to 'long unsigned int' from 'int32_t' {aka 'long int'} may change the sign of the result [-Wsign-conversion]
  398 |         op_size -= __SCB_DCACHE_LINE_SIZE;
      |                 ^~
/Users/seungwon/STM32CubeN6/Drivers/CMSIS/Include/m-profile/armv7m_cachel1.h:44:33: warning: conversion to 'int32_t' {aka 'long int'} from 'long unsigned int' may change the sign of the result [-Wsign-conversion]
   44 | #define __SCB_DCACHE_LINE_SIZE  32U /*!< Cortex-M7 cache line size is fixed to 32 bytes (8 words). See also register SCB_CCSIDR */
      |                                 ^~~
/Users/seungwon/STM32CubeN6/Drivers/CMSIS/Include/m-profile/armv7m_cachel1.h:398:20: note: in expansion of macro '__SCB_DCACHE_LINE_SIZE'
  398 |         op_size -= __SCB_DCACHE_LINE_SIZE;
      |                    ^~~~~~~~~~~~~~~~~~~~~~
/Users/seungwon/STM32CubeN6/Drivers/CMSIS/Include/m-profile/armv7m_cachel1.h: In function 'SCB_CleanInvalidateDCache_by_Addr':
/Users/seungwon/STM32CubeN6/Drivers/CMSIS/Include/m-profile/armv7m_cachel1.h:420:32: warning: conversion to 'long unsigned int' from 'int32_t' {aka 'long int'} may change the sign of the result [-Wsign-conversion]
  420 |        int32_t op_size = dsize + (((uint32_t)addr) & (__SCB_DCACHE_LINE_SIZE - 1U));
      |                                ^
/Users/seungwon/STM32CubeN6/Drivers/CMSIS/Include/m-profile/armv7m_cachel1.h:420:26: warning: conversion to 'int32_t' {aka 'long int'} from 'long unsigned int' may change the sign of the result [-Wsign-conversion]
  420 |        int32_t op_size = dsize + (((uint32_t)addr) & (__SCB_DCACHE_LINE_SIZE - 1U));
      |                          ^~~~~
/Users/seungwon/STM32CubeN6/Drivers/CMSIS/Include/m-profile/armv7m_cachel1.h:428:17: warning: conversion to 'long unsigned int' from 'int32_t' {aka 'long int'} may change the sign of the result [-Wsign-conversion]
  428 |         op_size -=          __SCB_DCACHE_LINE_SIZE;
      |                 ^~
/Users/seungwon/STM32CubeN6/Drivers/CMSIS/Include/m-profile/armv7m_cachel1.h:44:33: warning: conversion to 'int32_t' {aka 'long int'} from 'long unsigned int' may change the sign of the result [-Wsign-conversion]
   44 | #define __SCB_DCACHE_LINE_SIZE  32U /*!< Cortex-M7 cache line size is fixed to 32 bytes (8 words). See also register SCB_CCSIDR */
      |                                 ^~~
/Users/seungwon/STM32CubeN6/Drivers/CMSIS/Include/m-profile/armv7m_cachel1.h:428:29: note: in expansion of macro '__SCB_DCACHE_LINE_SIZE'
  428 |         op_size -=          __SCB_DCACHE_LINE_SIZE;
      |                             ^~~~~~~~~~~~~~~~~~~~~~
/Users/seungwon/test/.tools/xpack-arm-none-eabi-gcc-15.2.1-1.1/bin/arm-none-eabi-gcc -DAIMER_MVE_BATCH -DAIMER_M55_MVE_MATVEC -DAIMER_BENCHMARK -DPARAMS=128s -DAIMER_BACKEND=mve -DAIMER_MATVEC=mve -DAIMER_CONFIG=mve_affine -DBENCH_KERNEL_SAMPLES=31 -DBENCH_E2E_SAMPLES=50 -DBENCH_KERNEL_INNER=64 -DBENCH_WARMUP=10 -DPROFILE_SAMPLES=31 -DPROFILE_KERNEL_INNER=64 -DPROFILE_COMPLEX_INNER=8 -DUSE_HAL_DRIVER -DSTM32N657xx -Iinclude -I../common/src/sig/aimer/reference/aimer-128s -I../common/src -I/Users/seungwon/STM32CubeN6/Projects/NUCLEO-N657X0-Q/Templates/Template/FSBL/Inc -I/Users/seungwon/STM32CubeN6/Drivers/CMSIS/Include -I/Users/seungwon/STM32CubeN6/Drivers/CMSIS/Device/ST/STM32N6xx/Include -I/Users/seungwon/STM32CubeN6/Drivers/STM32N6xx_HAL_Driver/Inc -I/Users/seungwon/STM32CubeN6/Drivers/STM32N6xx_HAL_Driver/Inc/Legacy -O3 -std=c11 -fno-common -ffunction-sections -fdata-sections -fno-tree-vectorize -fno-tree-slp-vectorize -MMD -MP --specs=nosys.specs -Wall -Wextra -Wshadow -Wconversion -Wstrict-prototypes -mcpu=cortex-m55 -mthumb -mfloat-abi=hard -mcmse -fstack-usage -c /Users/seungwon/STM32CubeN6/Drivers/STM32N6xx_HAL_Driver/Src/stm32n6xx_hal_rcc_ex.c -o build/full/128s/mve-affine/benchmark/stm32n6xx_hal_rcc_ex.c.o
In file included from /Users/seungwon/STM32CubeN6/Drivers/CMSIS/Include/core_cm55.h:4605,
                 from /Users/seungwon/STM32CubeN6/Drivers/CMSIS/Device/ST/STM32N6xx/Include/stm32n657xx.h:281,
                 from /Users/seungwon/STM32CubeN6/Drivers/CMSIS/Device/ST/STM32N6xx/Include/stm32n6xx.h:87,
                 from /Users/seungwon/STM32CubeN6/Drivers/STM32N6xx_HAL_Driver/Inc/stm32n6xx_hal_def.h:33,
                 from /Users/seungwon/STM32CubeN6/Drivers/STM32N6xx_HAL_Driver/Inc/stm32n6xx_hal_rcc.h:28,
                 from /Users/seungwon/STM32CubeN6/Projects/NUCLEO-N657X0-Q/Templates/Template/FSBL/Inc/stm32n6xx_hal_conf.h:253,
                 from /Users/seungwon/STM32CubeN6/Drivers/STM32N6xx_HAL_Driver/Inc/stm32n6xx_hal.h:29,
                 from /Users/seungwon/STM32CubeN6/Drivers/STM32N6xx_HAL_Driver/Src/stm32n6xx_hal_rcc_ex.c:24:
/Users/seungwon/STM32CubeN6/Drivers/CMSIS/Include/m-profile/armv7m_cachel1.h: In function 'SCB_InvalidateICache_by_Addr':
/Users/seungwon/STM32CubeN6/Drivers/CMSIS/Include/m-profile/armv7m_cachel1.h:117:32: warning: conversion to 'long unsigned int' from 'int32_t' {aka 'long int'} may change the sign of the result [-Wsign-conversion]
  117 |        int32_t op_size = isize + (((uint32_t)addr) & (__SCB_ICACHE_LINE_SIZE - 1U));
      |                                ^
/Users/seungwon/STM32CubeN6/Drivers/CMSIS/Include/m-profile/armv7m_cachel1.h:117:26: warning: conversion to 'int32_t' {aka 'long int'} from 'long unsigned int' may change the sign of the result [-Wsign-conversion]
  117 |        int32_t op_size = isize + (((uint32_t)addr) & (__SCB_ICACHE_LINE_SIZE - 1U));
      |                          ^~~~~
/Users/seungwon/STM32CubeN6/Drivers/CMSIS/Include/m-profile/armv7m_cachel1.h:125:17: warning: conversion to 'long unsigned int' from 'int32_t' {aka 'long int'} may change the sign of the result [-Wsign-conversion]
  125 |         op_size -= __SCB_ICACHE_LINE_SIZE;
      |                 ^~
/Users/seungwon/STM32CubeN6/Drivers/CMSIS/Include/m-profile/armv7m_cachel1.h:48:33: warning: conversion to 'int32_t' {aka 'long int'} from 'long unsigned int' may change the sign of the result [-Wsign-conversion]
   48 | #define __SCB_ICACHE_LINE_SIZE  32U /*!< Cortex-M7 cache line size is fixed to 32 bytes (8 words). See also register SCB_CCSIDR */
      |                                 ^~~
/Users/seungwon/STM32CubeN6/Drivers/CMSIS/Include/m-profile/armv7m_cachel1.h:125:20: note: in expansion of macro '__SCB_ICACHE_LINE_SIZE'
  125 |         op_size -= __SCB_ICACHE_LINE_SIZE;
      |                    ^~~~~~~~~~~~~~~~~~~~~~
/Users/seungwon/STM32CubeN6/Drivers/CMSIS/Include/m-profile/armv7m_cachel1.h: In function 'SCB_InvalidateDCache_by_Addr':
/Users/seungwon/STM32CubeN6/Drivers/CMSIS/Include/m-profile/armv7m_cachel1.h:360:32: warning: conversion to 'long unsigned int' from 'int32_t' {aka 'long int'} may change the sign of the result [-Wsign-conversion]
  360 |        int32_t op_size = dsize + (((uint32_t)addr) & (__SCB_DCACHE_LINE_SIZE - 1U));
      |                                ^
/Users/seungwon/STM32CubeN6/Drivers/CMSIS/Include/m-profile/armv7m_cachel1.h:360:26: warning: conversion to 'int32_t' {aka 'long int'} from 'long unsigned int' may change the sign of the result [-Wsign-conversion]
  360 |        int32_t op_size = dsize + (((uint32_t)addr) & (__SCB_DCACHE_LINE_SIZE - 1U));
      |                          ^~~~~
/Users/seungwon/STM32CubeN6/Drivers/CMSIS/Include/m-profile/armv7m_cachel1.h:368:17: warning: conversion to 'long unsigned int' from 'int32_t' {aka 'long int'} may change the sign of the result [-Wsign-conversion]
  368 |         op_size -= __SCB_DCACHE_LINE_SIZE;
      |                 ^~
/Users/seungwon/STM32CubeN6/Drivers/CMSIS/Include/m-profile/armv7m_cachel1.h:44:33: warning: conversion to 'int32_t' {aka 'long int'} from 'long unsigned int' may change the sign of the result [-Wsign-conversion]
   44 | #define __SCB_DCACHE_LINE_SIZE  32U /*!< Cortex-M7 cache line size is fixed to 32 bytes (8 words). See also register SCB_CCSIDR */
      |                                 ^~~
/Users/seungwon/STM32CubeN6/Drivers/CMSIS/Include/m-profile/armv7m_cachel1.h:368:20: note: in expansion of macro '__SCB_DCACHE_LINE_SIZE'
  368 |         op_size -= __SCB_DCACHE_LINE_SIZE;
      |                    ^~~~~~~~~~~~~~~~~~~~~~
/Users/seungwon/STM32CubeN6/Drivers/CMSIS/Include/m-profile/armv7m_cachel1.h: In function 'SCB_CleanDCache_by_Addr':
/Users/seungwon/STM32CubeN6/Drivers/CMSIS/Include/m-profile/armv7m_cachel1.h:390:32: warning: conversion to 'long unsigned int' from 'int32_t' {aka 'long int'} may change the sign of the result [-Wsign-conversion]
  390 |        int32_t op_size = dsize + (((uint32_t)addr) & (__SCB_DCACHE_LINE_SIZE - 1U));
      |                                ^
/Users/seungwon/STM32CubeN6/Drivers/CMSIS/Include/m-profile/armv7m_cachel1.h:390:26: warning: conversion to 'int32_t' {aka 'long int'} from 'long unsigned int' may change the sign of the result [-Wsign-conversion]
  390 |        int32_t op_size = dsize + (((uint32_t)addr) & (__SCB_DCACHE_LINE_SIZE - 1U));
      |                          ^~~~~
/Users/seungwon/STM32CubeN6/Drivers/CMSIS/Include/m-profile/armv7m_cachel1.h:398:17: warning: conversion to 'long unsigned int' from 'int32_t' {aka 'long int'} may change the sign of the result [-Wsign-conversion]
  398 |         op_size -= __SCB_DCACHE_LINE_SIZE;
      |                 ^~
/Users/seungwon/STM32CubeN6/Drivers/CMSIS/Include/m-profile/armv7m_cachel1.h:44:33: warning: conversion to 'int32_t' {aka 'long int'} from 'long unsigned int' may change the sign of the result [-Wsign-conversion]
   44 | #define __SCB_DCACHE_LINE_SIZE  32U /*!< Cortex-M7 cache line size is fixed to 32 bytes (8 words). See also register SCB_CCSIDR */
      |                                 ^~~
/Users/seungwon/STM32CubeN6/Drivers/CMSIS/Include/m-profile/armv7m_cachel1.h:398:20: note: in expansion of macro '__SCB_DCACHE_LINE_SIZE'
  398 |         op_size -= __SCB_DCACHE_LINE_SIZE;
      |                    ^~~~~~~~~~~~~~~~~~~~~~
/Users/seungwon/STM32CubeN6/Drivers/CMSIS/Include/m-profile/armv7m_cachel1.h: In function 'SCB_CleanInvalidateDCache_by_Addr':
/Users/seungwon/STM32CubeN6/Drivers/CMSIS/Include/m-profile/armv7m_cachel1.h:420:32: warning: conversion to 'long unsigned int' from 'int32_t' {aka 'long int'} may change the sign of the result [-Wsign-conversion]
  420 |        int32_t op_size = dsize + (((uint32_t)addr) & (__SCB_DCACHE_LINE_SIZE - 1U));
      |                                ^
/Users/seungwon/STM32CubeN6/Drivers/CMSIS/Include/m-profile/armv7m_cachel1.h:420:26: warning: conversion to 'int32_t' {aka 'long int'} from 'long unsigned int' may change the sign of the result [-Wsign-conversion]
  420 |        int32_t op_size = dsize + (((uint32_t)addr) & (__SCB_DCACHE_LINE_SIZE - 1U));
      |                          ^~~~~
/Users/seungwon/STM32CubeN6/Drivers/CMSIS/Include/m-profile/armv7m_cachel1.h:428:17: warning: conversion to 'long unsigned int' from 'int32_t' {aka 'long int'} may change the sign of the result [-Wsign-conversion]
  428 |         op_size -=          __SCB_DCACHE_LINE_SIZE;
      |                 ^~
/Users/seungwon/STM32CubeN6/Drivers/CMSIS/Include/m-profile/armv7m_cachel1.h:44:33: warning: conversion to 'int32_t' {aka 'long int'} from 'long unsigned int' may change the sign of the result [-Wsign-conversion]
   44 | #define __SCB_DCACHE_LINE_SIZE  32U /*!< Cortex-M7 cache line size is fixed to 32 bytes (8 words). See also register SCB_CCSIDR */
      |                                 ^~~
/Users/seungwon/STM32CubeN6/Drivers/CMSIS/Include/m-profile/armv7m_cachel1.h:428:29: note: in expansion of macro '__SCB_DCACHE_LINE_SIZE'
  428 |         op_size -=          __SCB_DCACHE_LINE_SIZE;
      |                             ^~~~~~~~~~~~~~~~~~~~~~
/Users/seungwon/test/.tools/xpack-arm-none-eabi-gcc-15.2.1-1.1/bin/arm-none-eabi-gcc -DAIMER_MVE_BATCH -DAIMER_M55_MVE_MATVEC -DAIMER_BENCHMARK -DPARAMS=128s -DAIMER_BACKEND=mve -DAIMER_MATVEC=mve -DAIMER_CONFIG=mve_affine -DBENCH_KERNEL_SAMPLES=31 -DBENCH_E2E_SAMPLES=50 -DBENCH_KERNEL_INNER=64 -DBENCH_WARMUP=10 -DPROFILE_SAMPLES=31 -DPROFILE_KERNEL_INNER=64 -DPROFILE_COMPLEX_INNER=8 -DUSE_HAL_DRIVER -DSTM32N657xx -Iinclude -I../common/src/sig/aimer/reference/aimer-128s -I../common/src -I/Users/seungwon/STM32CubeN6/Projects/NUCLEO-N657X0-Q/Templates/Template/FSBL/Inc -I/Users/seungwon/STM32CubeN6/Drivers/CMSIS/Include -I/Users/seungwon/STM32CubeN6/Drivers/CMSIS/Device/ST/STM32N6xx/Include -I/Users/seungwon/STM32CubeN6/Drivers/STM32N6xx_HAL_Driver/Inc -I/Users/seungwon/STM32CubeN6/Drivers/STM32N6xx_HAL_Driver/Inc/Legacy -O3 -std=c11 -fno-common -ffunction-sections -fdata-sections -fno-tree-vectorize -fno-tree-slp-vectorize -MMD -MP --specs=nosys.specs -Wall -Wextra -Wshadow -Wconversion -Wstrict-prototypes -mcpu=cortex-m55 -mthumb -mfloat-abi=hard -mcmse -fstack-usage -x assembler-with-cpp -c /Users/seungwon/STM32CubeN6/Projects/NUCLEO-N657X0-Q/Templates/Template/STM32CubeIDE/FSBL/Application/Startup/startup_stm32n657x0hxq_fsbl.s -o build/full/128s/mve-affine/benchmark/startup_stm32n657x0hxq_fsbl.s.o
/Users/seungwon/test/.tools/xpack-arm-none-eabi-gcc-15.2.1-1.1/bin/arm-none-eabi-gcc --specs=nosys.specs -Wl,--gc-sections -Wl,--print-memory-usage -Wl,-Map,build/full/128s/mve-affine/benchmark/aimer-m55-128s-mve-affine-benchmark.map -Wl,--wrap=main -Wl,--wrap=_write -Wl,--wrap=_read -Tplatform/nucleo-n657x0-q/stm32n657-axi-sram.ld -Wl,--wrap=samsungsds_aimer_128s_ref_gf_mat_vec_mul_add -mcpu=cortex-m55 -mthumb -mfloat-abi=hard -mcmse -Wl,--wrap=samsungsds_aimer_128s_ref_crypto_sign_signature -Wl,--wrap=samsungsds_aimer_128s_ref_crypto_sign -Wl,--wrap=samsungsds_aimer_128s_ref_crypto_sign_verify -Wl,--wrap=samsungsds_aimer_128s_ref_crypto_sign_open build/full/128s/mve-affine/benchmark/benchmark.c.o build/full/128s/mve-affine/benchmark/sign_low_memory.c.o build/full/128s/mve-affine/benchmark/verify_batch.c.o build/full/128s/mve-affine/benchmark/field_batch.c.o build/full/128s/mve-affine/benchmark/mpc_batch.c.o build/full/128s/mve-affine/benchmark/aim3.c.o build/full/128s/mve-affine/benchmark/hash.c.o build/full/128s/mve-affine/benchmark/sign.c.o build/full/128s/mve-affine/benchmark/tree.c.o build/full/128s/mve-affine/benchmark/field_common.c.o build/full/128s/mve-affine/benchmark/field_mve.c.o build/full/128s/mve-affine/benchmark/matvec_mve.c.o build/full/128s/mve-affine/benchmark/aes.c.o build/full/128s/mve-affine/benchmark/fips202.c.o build/full/128s/mve-affine/benchmark/rng.c.o build/full/128s/mve-affine/benchmark/platform.c.o build/full/128s/mve-affine/benchmark/system_stm32n6xx_fsbl.c.o build/full/128s/mve-affine/benchmark/stm32n6xx_hal.c.o build/full/128s/mve-affine/benchmark/stm32n6xx_hal_cortex.c.o build/full/128s/mve-affine/benchmark/stm32n6xx_hal_pwr.c.o build/full/128s/mve-affine/benchmark/stm32n6xx_hal_pwr_ex.c.o build/full/128s/mve-affine/benchmark/stm32n6xx_hal_rcc.c.o build/full/128s/mve-affine/benchmark/stm32n6xx_hal_rcc_ex.c.o build/full/128s/mve-affine/benchmark/startup_stm32n657x0hxq_fsbl.s.o -lc -lm -o build/full/128s/mve-affine/benchmark/aimer-m55-128s-mve-affine-benchmark.elf
/Users/seungwon/test/.tools/xpack-arm-none-eabi-gcc-15.2.1-1.1/bin/../lib/gcc/arm-none-eabi/15.2.1/../../../../arm-none-eabi/bin/ld: /Users/seungwon/test/.tools/xpack-arm-none-eabi-gcc-15.2.1-1.1/bin/../lib/gcc/arm-none-eabi/15.2.1/../../../../arm-none-eabi/lib/thumb/v8-m.main+dp/hard/libc.a(libc_a-closer.o): in function `_close_r':
(.text._close_r+0xc): warning: _close is not implemented and will always fail
/Users/seungwon/test/.tools/xpack-arm-none-eabi-gcc-15.2.1-1.1/bin/../lib/gcc/arm-none-eabi/15.2.1/../../../../arm-none-eabi/bin/ld: /Users/seungwon/test/.tools/xpack-arm-none-eabi-gcc-15.2.1-1.1/bin/../lib/gcc/arm-none-eabi/15.2.1/../../../../arm-none-eabi/lib/thumb/v8-m.main+dp/hard/libc.a(libc_a-closer.o): note: the message above does not take linker garbage collection into account
/Users/seungwon/test/.tools/xpack-arm-none-eabi-gcc-15.2.1-1.1/bin/../lib/gcc/arm-none-eabi/15.2.1/../../../../arm-none-eabi/bin/ld: /Users/seungwon/test/.tools/xpack-arm-none-eabi-gcc-15.2.1-1.1/bin/../lib/gcc/arm-none-eabi/15.2.1/../../../../arm-none-eabi/lib/thumb/v8-m.main+dp/hard/libc.a(libc_a-fstatr.o): in function `_fstat_r':
(.text._fstat_r+0xe): warning: _fstat is not implemented and will always fail
/Users/seungwon/test/.tools/xpack-arm-none-eabi-gcc-15.2.1-1.1/bin/../lib/gcc/arm-none-eabi/15.2.1/../../../../arm-none-eabi/bin/ld: /Users/seungwon/test/.tools/xpack-arm-none-eabi-gcc-15.2.1-1.1/bin/../lib/gcc/arm-none-eabi/15.2.1/../../../../arm-none-eabi/lib/thumb/v8-m.main+dp/hard/libc.a(libc_a-fstatr.o): note: the message above does not take linker garbage collection into account
/Users/seungwon/test/.tools/xpack-arm-none-eabi-gcc-15.2.1-1.1/bin/../lib/gcc/arm-none-eabi/15.2.1/../../../../arm-none-eabi/bin/ld: /Users/seungwon/test/.tools/xpack-arm-none-eabi-gcc-15.2.1-1.1/bin/../lib/gcc/arm-none-eabi/15.2.1/../../../../arm-none-eabi/lib/thumb/v8-m.main+dp/hard/libc.a(libc_a-signalr.o): in function `_getpid_r':
(.text._getpid_r+0x0): warning: _getpid is not implemented and will always fail
/Users/seungwon/test/.tools/xpack-arm-none-eabi-gcc-15.2.1-1.1/bin/../lib/gcc/arm-none-eabi/15.2.1/../../../../arm-none-eabi/bin/ld: /Users/seungwon/test/.tools/xpack-arm-none-eabi-gcc-15.2.1-1.1/bin/../lib/gcc/arm-none-eabi/15.2.1/../../../../arm-none-eabi/lib/thumb/v8-m.main+dp/hard/libc.a(libc_a-signalr.o): note: the message above does not take linker garbage collection into account
/Users/seungwon/test/.tools/xpack-arm-none-eabi-gcc-15.2.1-1.1/bin/../lib/gcc/arm-none-eabi/15.2.1/../../../../arm-none-eabi/bin/ld: /Users/seungwon/test/.tools/xpack-arm-none-eabi-gcc-15.2.1-1.1/bin/../lib/gcc/arm-none-eabi/15.2.1/../../../../arm-none-eabi/lib/thumb/v8-m.main+dp/hard/libc.a(libc_a-isattyr.o): in function `_isatty_r':
(.text._isatty_r+0xc): warning: _isatty is not implemented and will always fail
/Users/seungwon/test/.tools/xpack-arm-none-eabi-gcc-15.2.1-1.1/bin/../lib/gcc/arm-none-eabi/15.2.1/../../../../arm-none-eabi/bin/ld: /Users/seungwon/test/.tools/xpack-arm-none-eabi-gcc-15.2.1-1.1/bin/../lib/gcc/arm-none-eabi/15.2.1/../../../../arm-none-eabi/lib/thumb/v8-m.main+dp/hard/libc.a(libc_a-isattyr.o): note: the message above does not take linker garbage collection into account
/Users/seungwon/test/.tools/xpack-arm-none-eabi-gcc-15.2.1-1.1/bin/../lib/gcc/arm-none-eabi/15.2.1/../../../../arm-none-eabi/bin/ld: /Users/seungwon/test/.tools/xpack-arm-none-eabi-gcc-15.2.1-1.1/bin/../lib/gcc/arm-none-eabi/15.2.1/../../../../arm-none-eabi/lib/thumb/v8-m.main+dp/hard/libc.a(libc_a-signalr.o): in function `_kill_r':
(.text._kill_r+0xe): warning: _kill is not implemented and will always fail
/Users/seungwon/test/.tools/xpack-arm-none-eabi-gcc-15.2.1-1.1/bin/../lib/gcc/arm-none-eabi/15.2.1/../../../../arm-none-eabi/bin/ld: /Users/seungwon/test/.tools/xpack-arm-none-eabi-gcc-15.2.1-1.1/bin/../lib/gcc/arm-none-eabi/15.2.1/../../../../arm-none-eabi/lib/thumb/v8-m.main+dp/hard/libc.a(libc_a-signalr.o): note: the message above does not take linker garbage collection into account
/Users/seungwon/test/.tools/xpack-arm-none-eabi-gcc-15.2.1-1.1/bin/../lib/gcc/arm-none-eabi/15.2.1/../../../../arm-none-eabi/bin/ld: /Users/seungwon/test/.tools/xpack-arm-none-eabi-gcc-15.2.1-1.1/bin/../lib/gcc/arm-none-eabi/15.2.1/../../../../arm-none-eabi/lib/thumb/v8-m.main+dp/hard/libc.a(libc_a-lseekr.o): in function `_lseek_r':
(.text._lseek_r+0x10): warning: _lseek is not implemented and will always fail
/Users/seungwon/test/.tools/xpack-arm-none-eabi-gcc-15.2.1-1.1/bin/../lib/gcc/arm-none-eabi/15.2.1/../../../../arm-none-eabi/bin/ld: /Users/seungwon/test/.tools/xpack-arm-none-eabi-gcc-15.2.1-1.1/bin/../lib/gcc/arm-none-eabi/15.2.1/../../../../arm-none-eabi/lib/thumb/v8-m.main+dp/hard/libc.a(libc_a-lseekr.o): note: the message above does not take linker garbage collection into account
Memory region         Used Size  Region Size  %age Used
             ROM:       74128 B       255 KB     28.39%
         BOOTRAM:        256 KB       256 KB    100.00%
         HEAPRAM:          4 KB      1792 KB      0.22%
/Users/seungwon/test/.tools/xpack-arm-none-eabi-gcc-15.2.1-1.1/bin/arm-none-eabi-size build/full/128s/mve-affine/benchmark/aimer-m55-128s-mve-affine-benchmark.elf
   text	   data	    bss	    dec	    hex	filename
  71912	   2192	 140952	 215056	  34810	build/full/128s/mve-affine/benchmark/aimer-m55-128s-mve-affine-benchmark.elf
/Users/Shared/cortexctl run m55 -- /Users/seungwon/test/.tools/xpack-openocd-0.12.0-7/bin/openocd \
		-s /Users/seungwon/test/.tools/xpack-openocd-0.12.0-7/openocd/scripts -s /Users/seungwon/test/.tools/openocd-scripts \
		-f platform/nucleo-n657x0-q/openocd.cfg \
		-c init -c 'reset halt' \
		-c 'load_image /Users/seungwon/AIMer3_on_AVX512/m55/build/full/128s/mve-affine/benchmark/aimer-m55-128s-mve-affine-benchmark.elf' \
		-c 'verify_image /Users/seungwon/AIMer3_on_AVX512/m55/build/full/128s/mve-affine/benchmark/aimer-m55-128s-mve-affine-benchmark.elf' \
		-c 'set vector_msp [mrw 0x34180400]' \
		-c 'set vector_reset [mrw 0x34180404]' \
		-c 'arm semihosting enable' \
		-c 'arm semihosting_resexit enable' \
		-c 'reg msp $vector_msp' -c 'resume $vector_reset'
xPack Open On-Chip Debugger 0.12.0+dev-02228-ge5888bda3-dirty (2025-10-04-22:45)
Licensed under GNU GPL v2
For bug reports, read
	http://openocd.org/doc/doxygen/bugs.html
adapter speed: 1000 kHz
Info : STLINK V3J15M6 (API v3) VID:PID 0483:3754
Info : Target voltage: 3.279840
Info : clock speed 1000 kHz
Info : SWD DPIDR 0x6ba02477
Info : [stm32n6x.ap0] Examination succeed
Info : [stm32n6x.cpu] Cortex-M55 r1p1 processor detected
Info : [stm32n6x.cpu] target has 8 breakpoints, 8 watchpoints
stm32n6x.cpu in Secure state
Info : [stm32n6x.cpu] Examination succeed
Info : [stm32n6x.ap0] gdb port disabled
Info : [stm32n6x.cpu] starting gdb server on 3333
Info : Listening on port 3333 for gdb connections
[stm32n6x.cpu] halted due to debug-request, current mode: Thread 
xPSR: 0x81000000 pc: 0x18003a1a msp: 0x341037a0
72960 bytes written at address 0x34180000
2192 bytes written at address 0x34191d00
downloaded 75152 bytes in 0.552433s (132.850 KiB/s)
verified 75152 bytes in 0.604575s (121.392 KiB/s)
0x34200000
0x34189c49
semihosting is enabled
semihosting resumable exit is enabled
msp (/32): 0x34200000
Info : Listening on port 6666 for tcl connections
Info : Listening on port 4444 for telnet connections
AIMer v3 on NUCLEO-N657X0-Q
Cortex-M55 @ 600000000 Hz, MVE=2, I/D-cache=on
BENCH_CONFIG,param=128s,config=mve_affine,backend=mve,matvec=mve,cpu_hz=600000000,long_timer_hz=600000000,kernel_samples=31,e2e_samples=50,kernel_inner=64,warmup=10
BENCH_TIMER_CHECK,param=128s,config=mve_affine,backend=mve,matvec=mve,pmu_cycles=48131,timer_cycles=48454,error_ppm=6710
BENCH_SAMPLE,param=128s,config=mve_affine,backend=mve,matvec=mve,operation=gf_mul,clock=pmu,sample=0,inner=64,items=1,raw_cycles=47463
BENCH_SAMPLE,param=128s,config=mve_affine,backend=mve,matvec=mve,operation=gf_mul,clock=pmu,sample=1,inner=64,items=1,raw_cycles=47463
BENCH_SAMPLE,param=128s,config=mve_affine,backend=mve,matvec=mve,operation=gf_mul,clock=pmu,sample=2,inner=64,items=1,raw_cycles=47429
BENCH_SAMPLE,param=128s,config=mve_affine,backend=mve,matvec=mve,operation=gf_mul,clock=pmu,sample=3,inner=64,items=1,raw_cycles=47429
BENCH_SAMPLE,param=128s,config=mve_affine,backend=mve,matvec=mve,operation=gf_mul,clock=pmu,sample=4,inner=64,items=1,raw_cycles=47429
BENCH_SAMPLE,param=128s,config=mve_affine,backend=mve,matvec=mve,operation=gf_mul,clock=pmu,sample=5,inner=64,items=1,raw_cycles=47429
BENCH_SAMPLE,param=128s,config=mve_affine,backend=mve,matvec=mve,operation=gf_mul,clock=pmu,sample=6,inner=64,items=1,raw_cycles=47429
BENCH_SAMPLE,param=128s,config=mve_affine,backend=mve,matvec=mve,operation=gf_mul,clock=pmu,sample=7,inner=64,items=1,raw_cycles=47429
BENCH_SAMPLE,param=128s,config=mve_affine,backend=mve,matvec=mve,operation=gf_mul,clock=pmu,sample=8,inner=64,items=1,raw_cycles=47429
BENCH_SAMPLE,param=128s,config=mve_affine,backend=mve,matvec=mve,operation=gf_mul,clock=pmu,sample=9,inner=64,items=1,raw_cycles=47429
BENCH_SAMPLE,param=128s,config=mve_affine,backend=mve,matvec=mve,operation=gf_mul,clock=pmu,sample=10,inner=64,items=1,raw_cycles=47429
BENCH_SAMPLE,param=128s,config=mve_affine,backend=mve,matvec=mve,operation=gf_mul,clock=pmu,sample=11,inner=64,items=1,raw_cycles=47429
BENCH_SAMPLE,param=128s,config=mve_affine,backend=mve,matvec=mve,operation=gf_mul,clock=pmu,sample=12,inner=64,items=1,raw_cycles=47429
BENCH_SAMPLE,param=128s,config=mve_affine,backend=mve,matvec=mve,operation=gf_mul,clock=pmu,sample=13,inner=64,items=1,raw_cycles=47429
BENCH_SAMPLE,param=128s,config=mve_affine,backend=mve,matvec=mve,operation=gf_mul,clock=pmu,sample=14,inner=64,items=1,raw_cycles=47429
BENCH_SAMPLE,param=128s,config=mve_affine,backend=mve,matvec=mve,operation=gf_mul,clock=pmu,sample=15,inner=64,items=1,raw_cycles=47429
BENCH_SAMPLE,param=128s,config=mve_affine,backend=mve,matvec=mve,operation=gf_mul,clock=pmu,sample=16,inner=64,items=1,raw_cycles=47429
BENCH_SAMPLE,param=128s,config=mve_affine,backend=mve,matvec=mve,operation=gf_mul,clock=pmu,sample=17,inner=64,items=1,raw_cycles=47429
BENCH_SAMPLE,param=128s,config=mve_affine,backend=mve,matvec=mve,operation=gf_mul,clock=pmu,sample=18,inner=64,items=1,raw_cycles=47429
BENCH_SAMPLE,param=128s,config=mve_affine,backend=mve,matvec=mve,operation=gf_mul,clock=pmu,sample=19,inner=64,items=1,raw_cycles=47429
BENCH_SAMPLE,param=128s,config=mve_affine,backend=mve,matvec=mve,operation=gf_mul,clock=pmu,sample=20,inner=64,items=1,raw_cycles=47429
BENCH_SAMPLE,param=128s,config=mve_affine,backend=mve,matvec=mve,operation=gf_mul,clock=pmu,sample=21,inner=64,items=1,raw_cycles=47429
BENCH_SAMPLE,param=128s,config=mve_affine,backend=mve,matvec=mve,operation=gf_mul,clock=pmu,sample=22,inner=64,items=1,raw_cycles=47429
BENCH_SAMPLE,param=128s,config=mve_affine,backend=mve,matvec=mve,operation=gf_mul,clock=pmu,sample=23,inner=64,items=1,raw_cycles=47429
BENCH_SAMPLE,param=128s,config=mve_affine,backend=mve,matvec=mve,operation=gf_mul,clock=pmu,sample=24,inner=64,items=1,raw_cycles=47429
BENCH_SAMPLE,param=128s,config=mve_affine,backend=mve,matvec=mve,operation=gf_mul,clock=pmu,sample=25,inner=64,items=1,raw_cycles=47429
BENCH_SAMPLE,param=128s,config=mve_affine,backend=mve,matvec=mve,operation=gf_mul,clock=pmu,sample=26,inner=64,items=1,raw_cycles=47429
BENCH_SAMPLE,param=128s,config=mve_affine,backend=mve,matvec=mve,operation=gf_mul,clock=pmu,sample=27,inner=64,items=1,raw_cycles=47429
BENCH_SAMPLE,param=128s,config=mve_affine,backend=mve,matvec=mve,operation=gf_mul,clock=pmu,sample=28,inner=64,items=1,raw_cycles=47429
BENCH_SAMPLE,param=128s,config=mve_affine,backend=mve,matvec=mve,operation=gf_mul,clock=pmu,sample=29,inner=64,items=1,raw_cycles=47429
BENCH_SAMPLE,param=128s,config=mve_affine,backend=mve,matvec=mve,operation=gf_mul,clock=pmu,sample=30,inner=64,items=1,raw_cycles=47429
BENCH_RESULT,param=128s,config=mve_affine,backend=mve,matvec=mve,operation=gf_mul,clock=pmu,samples=31,inner=64,items=1,min=741.08,median=741.08,mean=741.11,stddev=0.13,max=741.61,cycles_per_item_mean=741.11
BENCH_SAMPLE,param=128s,config=mve_affine,backend=mve,matvec=mve,operation=gf_sqr,clock=pmu,sample=0,inner=64,items=1,raw_cycles=16481
BENCH_SAMPLE,param=128s,config=mve_affine,backend=mve,matvec=mve,operation=gf_sqr,clock=pmu,sample=1,inner=64,items=1,raw_cycles=15877
BENCH_SAMPLE,param=128s,config=mve_affine,backend=mve,matvec=mve,operation=gf_sqr,clock=pmu,sample=2,inner=64,items=1,raw_cycles=15877
BENCH_SAMPLE,param=128s,config=mve_affine,backend=mve,matvec=mve,operation=gf_sqr,clock=pmu,sample=3,inner=64,items=1,raw_cycles=15877
BENCH_SAMPLE,param=128s,config=mve_affine,backend=mve,matvec=mve,operation=gf_sqr,clock=pmu,sample=4,inner=64,items=1,raw_cycles=15877
BENCH_SAMPLE,param=128s,config=mve_affine,backend=mve,matvec=mve,operation=gf_sqr,clock=pmu,sample=5,inner=64,items=1,raw_cycles=15877
BENCH_SAMPLE,param=128s,config=mve_affine,backend=mve,matvec=mve,operation=gf_sqr,clock=pmu,sample=6,inner=64,items=1,raw_cycles=15877
BENCH_SAMPLE,param=128s,config=mve_affine,backend=mve,matvec=mve,operation=gf_sqr,clock=pmu,sample=7,inner=64,items=1,raw_cycles=15877
BENCH_SAMPLE,param=128s,config=mve_affine,backend=mve,matvec=mve,operation=gf_sqr,clock=pmu,sample=8,inner=64,items=1,raw_cycles=15877
BENCH_SAMPLE,param=128s,config=mve_affine,backend=mve,matvec=mve,operation=gf_sqr,clock=pmu,sample=9,inner=64,items=1,raw_cycles=15877
BENCH_SAMPLE,param=128s,config=mve_affine,backend=mve,matvec=mve,operation=gf_sqr,clock=pmu,sample=10,inner=64,items=1,raw_cycles=15877
BENCH_SAMPLE,param=128s,config=mve_affine,backend=mve,matvec=mve,operation=gf_sqr,clock=pmu,sample=11,inner=64,items=1,raw_cycles=15877
BENCH_SAMPLE,param=128s,config=mve_affine,backend=mve,matvec=mve,operation=gf_sqr,clock=pmu,sample=12,inner=64,items=1,raw_cycles=15877
BENCH_SAMPLE,param=128s,config=mve_affine,backend=mve,matvec=mve,operation=gf_sqr,clock=pmu,sample=13,inner=64,items=1,raw_cycles=15877
BENCH_SAMPLE,param=128s,config=mve_affine,backend=mve,matvec=mve,operation=gf_sqr,clock=pmu,sample=14,inner=64,items=1,raw_cycles=15877
BENCH_SAMPLE,param=128s,config=mve_affine,backend=mve,matvec=mve,operation=gf_sqr,clock=pmu,sample=15,inner=64,items=1,raw_cycles=15877
BENCH_SAMPLE,param=128s,config=mve_affine,backend=mve,matvec=mve,operation=gf_sqr,clock=pmu,sample=16,inner=64,items=1,raw_cycles=15877
BENCH_SAMPLE,param=128s,config=mve_affine,backend=mve,matvec=mve,operation=gf_sqr,clock=pmu,sample=17,inner=64,items=1,raw_cycles=15877
BENCH_SAMPLE,param=128s,config=mve_affine,backend=mve,matvec=mve,operation=gf_sqr,clock=pmu,sample=18,inner=64,items=1,raw_cycles=15877
BENCH_SAMPLE,param=128s,config=mve_affine,backend=mve,matvec=mve,operation=gf_sqr,clock=pmu,sample=19,inner=64,items=1,raw_cycles=15877
BENCH_SAMPLE,param=128s,config=mve_affine,backend=mve,matvec=mve,operation=gf_sqr,clock=pmu,sample=20,inner=64,items=1,raw_cycles=15877
BENCH_SAMPLE,param=128s,config=mve_affine,backend=mve,matvec=mve,operation=gf_sqr,clock=pmu,sample=21,inner=64,items=1,raw_cycles=15877
BENCH_SAMPLE,param=128s,config=mve_affine,backend=mve,matvec=mve,operation=gf_sqr,clock=pmu,sample=22,inner=64,items=1,raw_cycles=15877
BENCH_SAMPLE,param=128s,config=mve_affine,backend=mve,matvec=mve,operation=gf_sqr,clock=pmu,sample=23,inner=64,items=1,raw_cycles=15877
BENCH_SAMPLE,param=128s,config=mve_affine,backend=mve,matvec=mve,operation=gf_sqr,clock=pmu,sample=24,inner=64,items=1,raw_cycles=15877
BENCH_SAMPLE,param=128s,config=mve_affine,backend=mve,matvec=mve,operation=gf_sqr,clock=pmu,sample=25,inner=64,items=1,raw_cycles=15877
BENCH_SAMPLE,param=128s,config=mve_affine,backend=mve,matvec=mve,operation=gf_sqr,clock=pmu,sample=26,inner=64,items=1,raw_cycles=15877
BENCH_SAMPLE,param=128s,config=mve_affine,backend=mve,matvec=mve,operation=gf_sqr,clock=pmu,sample=27,inner=64,items=1,raw_cycles=15877
BENCH_SAMPLE,param=128s,config=mve_affine,backend=mve,matvec=mve,operation=gf_sqr,clock=pmu,sample=28,inner=64,items=1,raw_cycles=15877
BENCH_SAMPLE,param=128s,config=mve_affine,backend=mve,matvec=mve,operation=gf_sqr,clock=pmu,sample=29,inner=64,items=1,raw_cycles=15877
BENCH_SAMPLE,param=128s,config=mve_affine,backend=mve,matvec=mve,operation=gf_sqr,clock=pmu,sample=30,inner=64,items=1,raw_cycles=15877
BENCH_RESULT,param=128s,config=mve_affine,backend=mve,matvec=mve,operation=gf_sqr,clock=pmu,samples=31,inner=64,items=1,min=248.08,median=248.08,mean=248.38,stddev=1.67,max=257.52,cycles_per_item_mean=248.38
BENCH_SAMPLE,param=128s,config=mve_affine,backend=mve,matvec=mve,operation=gf_sqr_batch4,clock=pmu,sample=0,inner=64,items=4,raw_cycles=30841
BENCH_SAMPLE,param=128s,config=mve_affine,backend=mve,matvec=mve,operation=gf_sqr_batch4,clock=pmu,sample=1,inner=64,items=4,raw_cycles=29763
BENCH_SAMPLE,param=128s,config=mve_affine,backend=mve,matvec=mve,operation=gf_sqr_batch4,clock=pmu,sample=2,inner=64,items=4,raw_cycles=29763
BENCH_SAMPLE,param=128s,config=mve_affine,backend=mve,matvec=mve,operation=gf_sqr_batch4,clock=pmu,sample=3,inner=64,items=4,raw_cycles=29763
BENCH_SAMPLE,param=128s,config=mve_affine,backend=mve,matvec=mve,operation=gf_sqr_batch4,clock=pmu,sample=4,inner=64,items=4,raw_cycles=29763
BENCH_SAMPLE,param=128s,config=mve_affine,backend=mve,matvec=mve,operation=gf_sqr_batch4,clock=pmu,sample=5,inner=64,items=4,raw_cycles=29763
BENCH_SAMPLE,param=128s,config=mve_affine,backend=mve,matvec=mve,operation=gf_sqr_batch4,clock=pmu,sample=6,inner=64,items=4,raw_cycles=29763
BENCH_SAMPLE,param=128s,config=mve_affine,backend=mve,matvec=mve,operation=gf_sqr_batch4,clock=pmu,sample=7,inner=64,items=4,raw_cycles=29763
BENCH_SAMPLE,param=128s,config=mve_affine,backend=mve,matvec=mve,operation=gf_sqr_batch4,clock=pmu,sample=8,inner=64,items=4,raw_cycles=29763
BENCH_SAMPLE,param=128s,config=mve_affine,backend=mve,matvec=mve,operation=gf_sqr_batch4,clock=pmu,sample=9,inner=64,items=4,raw_cycles=29763
BENCH_SAMPLE,param=128s,config=mve_affine,backend=mve,matvec=mve,operation=gf_sqr_batch4,clock=pmu,sample=10,inner=64,items=4,raw_cycles=29763
BENCH_SAMPLE,param=128s,config=mve_affine,backend=mve,matvec=mve,operation=gf_sqr_batch4,clock=pmu,sample=11,inner=64,items=4,raw_cycles=29763
BENCH_SAMPLE,param=128s,config=mve_affine,backend=mve,matvec=mve,operation=gf_sqr_batch4,clock=pmu,sample=12,inner=64,items=4,raw_cycles=29763
BENCH_SAMPLE,param=128s,config=mve_affine,backend=mve,matvec=mve,operation=gf_sqr_batch4,clock=pmu,sample=13,inner=64,items=4,raw_cycles=29763
BENCH_SAMPLE,param=128s,config=mve_affine,backend=mve,matvec=mve,operation=gf_sqr_batch4,clock=pmu,sample=14,inner=64,items=4,raw_cycles=29763
BENCH_SAMPLE,param=128s,config=mve_affine,backend=mve,matvec=mve,operation=gf_sqr_batch4,clock=pmu,sample=15,inner=64,items=4,raw_cycles=29763
BENCH_SAMPLE,param=128s,config=mve_affine,backend=mve,matvec=mve,operation=gf_sqr_batch4,clock=pmu,sample=16,inner=64,items=4,raw_cycles=29763
BENCH_SAMPLE,param=128s,config=mve_affine,backend=mve,matvec=mve,operation=gf_sqr_batch4,clock=pmu,sample=17,inner=64,items=4,raw_cycles=29763
BENCH_SAMPLE,param=128s,config=mve_affine,backend=mve,matvec=mve,operation=gf_sqr_batch4,clock=pmu,sample=18,inner=64,items=4,raw_cycles=29763
BENCH_SAMPLE,param=128s,config=mve_affine,backend=mve,matvec=mve,operation=gf_sqr_batch4,clock=pmu,sample=19,inner=64,items=4,raw_cycles=29763
BENCH_SAMPLE,param=128s,config=mve_affine,backend=mve,matvec=mve,operation=gf_sqr_batch4,clock=pmu,sample=20,inner=64,items=4,raw_cycles=29763
BENCH_SAMPLE,param=128s,config=mve_affine,backend=mve,matvec=mve,operation=gf_sqr_batch4,clock=pmu,sample=21,inner=64,items=4,raw_cycles=29763
BENCH_SAMPLE,param=128s,config=mve_affine,backend=mve,matvec=mve,operation=gf_sqr_batch4,clock=pmu,sample=22,inner=64,items=4,raw_cycles=29763
BENCH_SAMPLE,param=128s,config=mve_affine,backend=mve,matvec=mve,operation=gf_sqr_batch4,clock=pmu,sample=23,inner=64,items=4,raw_cycles=29763
BENCH_SAMPLE,param=128s,config=mve_affine,backend=mve,matvec=mve,operation=gf_sqr_batch4,clock=pmu,sample=24,inner=64,items=4,raw_cycles=29763
BENCH_SAMPLE,param=128s,config=mve_affine,backend=mve,matvec=mve,operation=gf_sqr_batch4,clock=pmu,sample=25,inner=64,items=4,raw_cycles=29763
BENCH_SAMPLE,param=128s,config=mve_affine,backend=mve,matvec=mve,operation=gf_sqr_batch4,clock=pmu,sample=26,inner=64,items=4,raw_cycles=29763
BENCH_SAMPLE,param=128s,config=mve_affine,backend=mve,matvec=mve,operation=gf_sqr_batch4,clock=pmu,sample=27,inner=64,items=4,raw_cycles=29763
BENCH_SAMPLE,param=128s,config=mve_affine,backend=mve,matvec=mve,operation=gf_sqr_batch4,clock=pmu,sample=28,inner=64,items=4,raw_cycles=29763
BENCH_SAMPLE,param=128s,config=mve_affine,backend=mve,matvec=mve,operation=gf_sqr_batch4,clock=pmu,sample=29,inner=64,items=4,raw_cycles=29763
BENCH_SAMPLE,param=128s,config=mve_affine,backend=mve,matvec=mve,operation=gf_sqr_batch4,clock=pmu,sample=30,inner=64,items=4,raw_cycles=29763
BENCH_RESULT,param=128s,config=mve_affine,backend=mve,matvec=mve,operation=gf_sqr_batch4,clock=pmu,samples=31,inner=64,items=4,min=465.05,median=465.05,mean=465.59,stddev=2.98,max=481.89,cycles_per_item_mean=116.40
BENCH_SAMPLE,param=128s,config=mve_affine,backend=mve,matvec=mve,operation=gf_mul_const_batch4,clock=pmu,sample=0,inner=64,items=4,raw_cycles=578812
BENCH_SAMPLE,param=128s,config=mve_affine,backend=mve,matvec=mve,operation=gf_mul_const_batch4,clock=pmu,sample=1,inner=64,items=4,raw_cycles=577989
BENCH_SAMPLE,param=128s,config=mve_affine,backend=mve,matvec=mve,operation=gf_mul_const_batch4,clock=pmu,sample=2,inner=64,items=4,raw_cycles=577989
BENCH_SAMPLE,param=128s,config=mve_affine,backend=mve,matvec=mve,operation=gf_mul_const_batch4,clock=pmu,sample=3,inner=64,items=4,raw_cycles=577989
BENCH_SAMPLE,param=128s,config=mve_affine,backend=mve,matvec=mve,operation=gf_mul_const_batch4,clock=pmu,sample=4,inner=64,items=4,raw_cycles=577989
BENCH_SAMPLE,param=128s,config=mve_affine,backend=mve,matvec=mve,operation=gf_mul_const_batch4,clock=pmu,sample=5,inner=64,items=4,raw_cycles=577989
BENCH_SAMPLE,param=128s,config=mve_affine,backend=mve,matvec=mve,operation=gf_mul_const_batch4,clock=pmu,sample=6,inner=64,items=4,raw_cycles=577989
BENCH_SAMPLE,param=128s,config=mve_affine,backend=mve,matvec=mve,operation=gf_mul_const_batch4,clock=pmu,sample=7,inner=64,items=4,raw_cycles=577989
BENCH_SAMPLE,param=128s,config=mve_affine,backend=mve,matvec=mve,operation=gf_mul_const_batch4,clock=pmu,sample=8,inner=64,items=4,raw_cycles=577989
BENCH_SAMPLE,param=128s,config=mve_affine,backend=mve,matvec=mve,operation=gf_mul_const_batch4,clock=pmu,sample=9,inner=64,items=4,raw_cycles=577989
BENCH_SAMPLE,param=128s,config=mve_affine,backend=mve,matvec=mve,operation=gf_mul_const_batch4,clock=pmu,sample=10,inner=64,items=4,raw_cycles=577989
BENCH_SAMPLE,param=128s,config=mve_affine,backend=mve,matvec=mve,operation=gf_mul_const_batch4,clock=pmu,sample=11,inner=64,items=4,raw_cycles=577989
BENCH_SAMPLE,param=128s,config=mve_affine,backend=mve,matvec=mve,operation=gf_mul_const_batch4,clock=pmu,sample=12,inner=64,items=4,raw_cycles=577989
BENCH_SAMPLE,param=128s,config=mve_affine,backend=mve,matvec=mve,operation=gf_mul_const_batch4,clock=pmu,sample=13,inner=64,items=4,raw_cycles=577989
BENCH_SAMPLE,param=128s,config=mve_affine,backend=mve,matvec=mve,operation=gf_mul_const_batch4,clock=pmu,sample=14,inner=64,items=4,raw_cycles=577989
BENCH_SAMPLE,param=128s,config=mve_affine,backend=mve,matvec=mve,operation=gf_mul_const_batch4,clock=pmu,sample=15,inner=64,items=4,raw_cycles=577989
BENCH_SAMPLE,param=128s,config=mve_affine,backend=mve,matvec=mve,operation=gf_mul_const_batch4,clock=pmu,sample=16,inner=64,items=4,raw_cycles=577989
BENCH_SAMPLE,param=128s,config=mve_affine,backend=mve,matvec=mve,operation=gf_mul_const_batch4,clock=pmu,sample=17,inner=64,items=4,raw_cycles=577989
BENCH_SAMPLE,param=128s,config=mve_affine,backend=mve,matvec=mve,operation=gf_mul_const_batch4,clock=pmu,sample=18,inner=64,items=4,raw_cycles=577989
BENCH_SAMPLE,param=128s,config=mve_affine,backend=mve,matvec=mve,operation=gf_mul_const_batch4,clock=pmu,sample=19,inner=64,items=4,raw_cycles=577989
BENCH_SAMPLE,param=128s,config=mve_affine,backend=mve,matvec=mve,operation=gf_mul_const_batch4,clock=pmu,sample=20,inner=64,items=4,raw_cycles=577989
BENCH_SAMPLE,param=128s,config=mve_affine,backend=mve,matvec=mve,operation=gf_mul_const_batch4,clock=pmu,sample=21,inner=64,items=4,raw_cycles=578165
BENCH_SAMPLE,param=128s,config=mve_affine,backend=mve,matvec=mve,operation=gf_mul_const_batch4,clock=pmu,sample=22,inner=64,items=4,raw_cycles=577989
BENCH_SAMPLE,param=128s,config=mve_affine,backend=mve,matvec=mve,operation=gf_mul_const_batch4,clock=pmu,sample=23,inner=64,items=4,raw_cycles=577989
BENCH_SAMPLE,param=128s,config=mve_affine,backend=mve,matvec=mve,operation=gf_mul_const_batch4,clock=pmu,sample=24,inner=64,items=4,raw_cycles=577989
BENCH_SAMPLE,param=128s,config=mve_affine,backend=mve,matvec=mve,operation=gf_mul_const_batch4,clock=pmu,sample=25,inner=64,items=4,raw_cycles=577989
BENCH_SAMPLE,param=128s,config=mve_affine,backend=mve,matvec=mve,operation=gf_mul_const_batch4,clock=pmu,sample=26,inner=64,items=4,raw_cycles=577989
BENCH_SAMPLE,param=128s,config=mve_affine,backend=mve,matvec=mve,operation=gf_mul_const_batch4,clock=pmu,sample=27,inner=64,items=4,raw_cycles=577989
BENCH_SAMPLE,param=128s,config=mve_affine,backend=mve,matvec=mve,operation=gf_mul_const_batch4,clock=pmu,sample=28,inner=64,items=4,raw_cycles=577990
BENCH_SAMPLE,param=128s,config=mve_affine,backend=mve,matvec=mve,operation=gf_mul_const_batch4,clock=pmu,sample=29,inner=64,items=4,raw_cycles=577989
BENCH_SAMPLE,param=128s,config=mve_affine,backend=mve,matvec=mve,operation=gf_mul_const_batch4,clock=pmu,sample=30,inner=64,items=4,raw_cycles=577989
BENCH_RESULT,param=128s,config=mve_affine,backend=mve,matvec=mve,operation=gf_mul_const_batch4,clock=pmu,samples=31,inner=64,items=4,min=9031.08,median=9031.08,mean=9031.58,stddev=2.31,max=9043.94,cycles_per_item_mean=2257.90
BENCH_SAMPLE,param=128s,config=mve_affine,backend=mve,matvec=mve,operation=keypair,clock=systick-extended,sample=0,inner=1,items=1,raw_cycles=3398906
BENCH_SAMPLE,param=128s,config=mve_affine,backend=mve,matvec=mve,operation=keypair,clock=systick-extended,sample=1,inner=1,items=1,raw_cycles=3401091
BENCH_SAMPLE,param=128s,config=mve_affine,backend=mve,matvec=mve,operation=keypair,clock=systick-extended,sample=2,inner=1,items=1,raw_cycles=3401217
BENCH_SAMPLE,param=128s,config=mve_affine,backend=mve,matvec=mve,operation=keypair,clock=systick-extended,sample=3,inner=1,items=1,raw_cycles=3401136
BENCH_SAMPLE,param=128s,config=mve_affine,backend=mve,matvec=mve,operation=keypair,clock=systick-extended,sample=4,inner=1,items=1,raw_cycles=3401388
BENCH_SAMPLE,param=128s,config=mve_affine,backend=mve,matvec=mve,operation=keypair,clock=systick-extended,sample=5,inner=1,items=1,raw_cycles=3401127
BENCH_SAMPLE,param=128s,config=mve_affine,backend=mve,matvec=mve,operation=keypair,clock=systick-extended,sample=6,inner=1,items=1,raw_cycles=3400734
BENCH_SAMPLE,param=128s,config=mve_affine,backend=mve,matvec=mve,operation=keypair,clock=systick-extended,sample=7,inner=1,items=1,raw_cycles=3401779
BENCH_SAMPLE,param=128s,config=mve_affine,backend=mve,matvec=mve,operation=keypair,clock=systick-extended,sample=8,inner=1,items=1,raw_cycles=3401352
BENCH_SAMPLE,param=128s,config=mve_affine,backend=mve,matvec=mve,operation=keypair,clock=systick-extended,sample=9,inner=1,items=1,raw_cycles=3401736
BENCH_SAMPLE,param=128s,config=mve_affine,backend=mve,matvec=mve,operation=keypair,clock=systick-extended,sample=10,inner=1,items=1,raw_cycles=3400893
BENCH_SAMPLE,param=128s,config=mve_affine,backend=mve,matvec=mve,operation=keypair,clock=systick-extended,sample=11,inner=1,items=1,raw_cycles=3400757
BENCH_SAMPLE,param=128s,config=mve_affine,backend=mve,matvec=mve,operation=keypair,clock=systick-extended,sample=12,inner=1,items=1,raw_cycles=3401517
BENCH_SAMPLE,param=128s,config=mve_affine,backend=mve,matvec=mve,operation=keypair,clock=systick-extended,sample=13,inner=1,items=1,raw_cycles=3400601
BENCH_SAMPLE,param=128s,config=mve_affine,backend=mve,matvec=mve,operation=keypair,clock=systick-extended,sample=14,inner=1,items=1,raw_cycles=3401538
BENCH_SAMPLE,param=128s,config=mve_affine,backend=mve,matvec=mve,operation=keypair,clock=systick-extended,sample=15,inner=1,items=1,raw_cycles=3401266
BENCH_SAMPLE,param=128s,config=mve_affine,backend=mve,matvec=mve,operation=keypair,clock=systick-extended,sample=16,inner=1,items=1,raw_cycles=3401250
BENCH_SAMPLE,param=128s,config=mve_affine,backend=mve,matvec=mve,operation=keypair,clock=systick-extended,sample=17,inner=1,items=1,raw_cycles=3400825
BENCH_SAMPLE,param=128s,config=mve_affine,backend=mve,matvec=mve,operation=keypair,clock=systick-extended,sample=18,inner=1,items=1,raw_cycles=3401541
BENCH_SAMPLE,param=128s,config=mve_affine,backend=mve,matvec=mve,operation=keypair,clock=systick-extended,sample=19,inner=1,items=1,raw_cycles=3401505
BENCH_SAMPLE,param=128s,config=mve_affine,backend=mve,matvec=mve,operation=keypair,clock=systick-extended,sample=20,inner=1,items=1,raw_cycles=3401415
BENCH_SAMPLE,param=128s,config=mve_affine,backend=mve,matvec=mve,operation=keypair,clock=systick-extended,sample=21,inner=1,items=1,raw_cycles=3401494
BENCH_SAMPLE,param=128s,config=mve_affine,backend=mve,matvec=mve,operation=keypair,clock=systick-extended,sample=22,inner=1,items=1,raw_cycles=3401585
BENCH_SAMPLE,param=128s,config=mve_affine,backend=mve,matvec=mve,operation=keypair,clock=systick-extended,sample=23,inner=1,items=1,raw_cycles=3402030
BENCH_SAMPLE,param=128s,config=mve_affine,backend=mve,matvec=mve,operation=keypair,clock=systick-extended,sample=24,inner=1,items=1,raw_cycles=3400452
BENCH_SAMPLE,param=128s,config=mve_affine,backend=mve,matvec=mve,operation=keypair,clock=systick-extended,sample=25,inner=1,items=1,raw_cycles=3401643
BENCH_SAMPLE,param=128s,config=mve_affine,backend=mve,matvec=mve,operation=keypair,clock=systick-extended,sample=26,inner=1,items=1,raw_cycles=3401123
BENCH_SAMPLE,param=128s,config=mve_affine,backend=mve,matvec=mve,operation=keypair,clock=systick-extended,sample=27,inner=1,items=1,raw_cycles=3400806
BENCH_SAMPLE,param=128s,config=mve_affine,backend=mve,matvec=mve,operation=keypair,clock=systick-extended,sample=28,inner=1,items=1,raw_cycles=3400734
BENCH_SAMPLE,param=128s,config=mve_affine,backend=mve,matvec=mve,operation=keypair,clock=systick-extended,sample=29,inner=1,items=1,raw_cycles=3400731
BENCH_SAMPLE,param=128s,config=mve_affine,backend=mve,matvec=mve,operation=keypair,clock=systick-extended,sample=30,inner=1,items=1,raw_cycles=3401464
BENCH_SAMPLE,param=128s,config=mve_affine,backend=mve,matvec=mve,operation=keypair,clock=systick-extended,sample=31,inner=1,items=1,raw_cycles=3400803
BENCH_SAMPLE,param=128s,config=mve_affine,backend=mve,matvec=mve,operation=keypair,clock=systick-extended,sample=32,inner=1,items=1,raw_cycles=3400832
BENCH_SAMPLE,param=128s,config=mve_affine,backend=mve,matvec=mve,operation=keypair,clock=systick-extended,sample=33,inner=1,items=1,raw_cycles=3400649
BENCH_SAMPLE,param=128s,config=mve_affine,backend=mve,matvec=mve,operation=keypair,clock=systick-extended,sample=34,inner=1,items=1,raw_cycles=3401234
BENCH_SAMPLE,param=128s,config=mve_affine,backend=mve,matvec=mve,operation=keypair,clock=systick-extended,sample=35,inner=1,items=1,raw_cycles=3400800
BENCH_SAMPLE,param=128s,config=mve_affine,backend=mve,matvec=mve,operation=keypair,clock=systick-extended,sample=36,inner=1,items=1,raw_cycles=3401198
BENCH_SAMPLE,param=128s,config=mve_affine,backend=mve,matvec=mve,operation=keypair,clock=systick-extended,sample=37,inner=1,items=1,raw_cycles=3401535
BENCH_SAMPLE,param=128s,config=mve_affine,backend=mve,matvec=mve,operation=keypair,clock=systick-extended,sample=38,inner=1,items=1,raw_cycles=3401346
BENCH_SAMPLE,param=128s,config=mve_affine,backend=mve,matvec=mve,operation=keypair,clock=systick-extended,sample=39,inner=1,items=1,raw_cycles=3400745
BENCH_SAMPLE,param=128s,config=mve_affine,backend=mve,matvec=mve,operation=keypair,clock=systick-extended,sample=40,inner=1,items=1,raw_cycles=3401072
BENCH_SAMPLE,param=128s,config=mve_affine,backend=mve,matvec=mve,operation=keypair,clock=systick-extended,sample=41,inner=1,items=1,raw_cycles=3400805
BENCH_SAMPLE,param=128s,config=mve_affine,backend=mve,matvec=mve,operation=keypair,clock=systick-extended,sample=42,inner=1,items=1,raw_cycles=3401555
BENCH_SAMPLE,param=128s,config=mve_affine,backend=mve,matvec=mve,operation=keypair,clock=systick-extended,sample=43,inner=1,items=1,raw_cycles=3401634
BENCH_SAMPLE,param=128s,config=mve_affine,backend=mve,matvec=mve,operation=keypair,clock=systick-extended,sample=44,inner=1,items=1,raw_cycles=3401278
BENCH_SAMPLE,param=128s,config=mve_affine,backend=mve,matvec=mve,operation=keypair,clock=systick-extended,sample=45,inner=1,items=1,raw_cycles=3400461
BENCH_SAMPLE,param=128s,config=mve_affine,backend=mve,matvec=mve,operation=keypair,clock=systick-extended,sample=46,inner=1,items=1,raw_cycles=3401613
BENCH_SAMPLE,param=128s,config=mve_affine,backend=mve,matvec=mve,operation=keypair,clock=systick-extended,sample=47,inner=1,items=1,raw_cycles=3401248
BENCH_SAMPLE,param=128s,config=mve_affine,backend=mve,matvec=mve,operation=keypair,clock=systick-extended,sample=48,inner=1,items=1,raw_cycles=3401535
BENCH_SAMPLE,param=128s,config=mve_affine,backend=mve,matvec=mve,operation=keypair,clock=systick-extended,sample=49,inner=1,items=1,raw_cycles=3402016
BENCH_RESULT,param=128s,config=mve_affine,backend=mve,matvec=mve,operation=keypair,clock=systick-extended,samples=50,inner=1,items=1,min=3398906.00,median=3401241.00,mean=3401159.90,stddev=506.05,max=3402030.00,cycles_per_item_mean=3401159.90
BENCH_SAMPLE,param=128s,config=mve_affine,backend=mve,matvec=mve,operation=sign,clock=systick-extended,sample=0,inner=1,items=1,raw_cycles=675366501
BENCH_SAMPLE,param=128s,config=mve_affine,backend=mve,matvec=mve,operation=sign,clock=systick-extended,sample=1,inner=1,items=1,raw_cycles=674844873
BENCH_SAMPLE,param=128s,config=mve_affine,backend=mve,matvec=mve,operation=sign,clock=systick-extended,sample=2,inner=1,items=1,raw_cycles=675279965
BENCH_SAMPLE,param=128s,config=mve_affine,backend=mve,matvec=mve,operation=sign,clock=systick-extended,sample=3,inner=1,items=1,raw_cycles=675348639
BENCH_SAMPLE,param=128s,config=mve_affine,backend=mve,matvec=mve,operation=sign,clock=systick-extended,sample=4,inner=1,items=1,raw_cycles=675920098
BENCH_SAMPLE,param=128s,config=mve_affine,backend=mve,matvec=mve,operation=sign,clock=systick-extended,sample=5,inner=1,items=1,raw_cycles=675533629
BENCH_SAMPLE,param=128s,config=mve_affine,backend=mve,matvec=mve,operation=sign,clock=systick-extended,sample=6,inner=1,items=1,raw_cycles=675265809
BENCH_SAMPLE,param=128s,config=mve_affine,backend=mve,matvec=mve,operation=sign,clock=systick-extended,sample=7,inner=1,items=1,raw_cycles=675430251
BENCH_SAMPLE,param=128s,config=mve_affine,backend=mve,matvec=mve,operation=sign,clock=systick-extended,sample=8,inner=1,items=1,raw_cycles=675258606
BENCH_SAMPLE,param=128s,config=mve_affine,backend=mve,matvec=mve,operation=sign,clock=systick-extended,sample=9,inner=1,items=1,raw_cycles=675375891
BENCH_SAMPLE,param=128s,config=mve_affine,backend=mve,matvec=mve,operation=sign,clock=systick-extended,sample=10,inner=1,items=1,raw_cycles=675184380
BENCH_SAMPLE,param=128s,config=mve_affine,backend=mve,matvec=mve,operation=sign,clock=systick-extended,sample=11,inner=1,items=1,raw_cycles=675175576
BENCH_SAMPLE,param=128s,config=mve_affine,backend=mve,matvec=mve,operation=sign,clock=systick-extended,sample=12,inner=1,items=1,raw_cycles=675642703
BENCH_SAMPLE,param=128s,config=mve_affine,backend=mve,matvec=mve,operation=sign,clock=systick-extended,sample=13,inner=1,items=1,raw_cycles=674784556
BENCH_SAMPLE,param=128s,config=mve_affine,backend=mve,matvec=mve,operation=sign,clock=systick-extended,sample=14,inner=1,items=1,raw_cycles=674934823
BENCH_SAMPLE,param=128s,config=mve_affine,backend=mve,matvec=mve,operation=sign,clock=systick-extended,sample=15,inner=1,items=1,raw_cycles=675058345
BENCH_SAMPLE,param=128s,config=mve_affine,backend=mve,matvec=mve,operation=sign,clock=systick-extended,sample=16,inner=1,items=1,raw_cycles=675150354
BENCH_SAMPLE,param=128s,config=mve_affine,backend=mve,matvec=mve,operation=sign,clock=systick-extended,sample=17,inner=1,items=1,raw_cycles=675473679
BENCH_SAMPLE,param=128s,config=mve_affine,backend=mve,matvec=mve,operation=sign,clock=systick-extended,sample=18,inner=1,items=1,raw_cycles=675543235
BENCH_SAMPLE,param=128s,config=mve_affine,backend=mve,matvec=mve,operation=sign,clock=systick-extended,sample=19,inner=1,items=1,raw_cycles=675368415
BENCH_SAMPLE,param=128s,config=mve_affine,backend=mve,matvec=mve,operation=sign,clock=systick-extended,sample=20,inner=1,items=1,raw_cycles=675752472
BENCH_SAMPLE,param=128s,config=mve_affine,backend=mve,matvec=mve,operation=sign,clock=systick-extended,sample=21,inner=1,items=1,raw_cycles=675402649
BENCH_SAMPLE,param=128s,config=mve_affine,backend=mve,matvec=mve,operation=sign,clock=systick-extended,sample=22,inner=1,items=1,raw_cycles=674885694
BENCH_SAMPLE,param=128s,config=mve_affine,backend=mve,matvec=mve,operation=sign,clock=systick-extended,sample=23,inner=1,items=1,raw_cycles=675102829
BENCH_SAMPLE,param=128s,config=mve_affine,backend=mve,matvec=mve,operation=sign,clock=systick-extended,sample=24,inner=1,items=1,raw_cycles=674984625
BENCH_SAMPLE,param=128s,config=mve_affine,backend=mve,matvec=mve,operation=sign,clock=systick-extended,sample=25,inner=1,items=1,raw_cycles=675410392
BENCH_SAMPLE,param=128s,config=mve_affine,backend=mve,matvec=mve,operation=sign,clock=systick-extended,sample=26,inner=1,items=1,raw_cycles=675694267
BENCH_SAMPLE,param=128s,config=mve_affine,backend=mve,matvec=mve,operation=sign,clock=systick-extended,sample=27,inner=1,items=1,raw_cycles=675315924
BENCH_SAMPLE,param=128s,config=mve_affine,backend=mve,matvec=mve,operation=sign,clock=systick-extended,sample=28,inner=1,items=1,raw_cycles=675191391
BENCH_SAMPLE,param=128s,config=mve_affine,backend=mve,matvec=mve,operation=sign,clock=systick-extended,sample=29,inner=1,items=1,raw_cycles=675262579
BENCH_SAMPLE,param=128s,config=mve_affine,backend=mve,matvec=mve,operation=sign,clock=systick-extended,sample=30,inner=1,items=1,raw_cycles=675382938
BENCH_SAMPLE,param=128s,config=mve_affine,backend=mve,matvec=mve,operation=sign,clock=systick-extended,sample=31,inner=1,items=1,raw_cycles=675906061
BENCH_SAMPLE,param=128s,config=mve_affine,backend=mve,matvec=mve,operation=sign,clock=systick-extended,sample=32,inner=1,items=1,raw_cycles=675506631
BENCH_SAMPLE,param=128s,config=mve_affine,backend=mve,matvec=mve,operation=sign,clock=systick-extended,sample=33,inner=1,items=1,raw_cycles=675808564
BENCH_SAMPLE,param=128s,config=mve_affine,backend=mve,matvec=mve,operation=sign,clock=systick-extended,sample=34,inner=1,items=1,raw_cycles=675157242
BENCH_SAMPLE,param=128s,config=mve_affine,backend=mve,matvec=mve,operation=sign,clock=systick-extended,sample=35,inner=1,items=1,raw_cycles=675056175
BENCH_SAMPLE,param=128s,config=mve_affine,backend=mve,matvec=mve,operation=sign,clock=systick-extended,sample=36,inner=1,items=1,raw_cycles=675264279
BENCH_SAMPLE,param=128s,config=mve_affine,backend=mve,matvec=mve,operation=sign,clock=systick-extended,sample=37,inner=1,items=1,raw_cycles=675341875
BENCH_SAMPLE,param=128s,config=mve_affine,backend=mve,matvec=mve,operation=sign,clock=systick-extended,sample=38,inner=1,items=1,raw_cycles=675238971
BENCH_SAMPLE,param=128s,config=mve_affine,backend=mve,matvec=mve,operation=sign,clock=systick-extended,sample=39,inner=1,items=1,raw_cycles=675319987
BENCH_SAMPLE,param=128s,config=mve_affine,backend=mve,matvec=mve,operation=sign,clock=systick-extended,sample=40,inner=1,items=1,raw_cycles=675729640
BENCH_SAMPLE,param=128s,config=mve_affine,backend=mve,matvec=mve,operation=sign,clock=systick-extended,sample=41,inner=1,items=1,raw_cycles=675002080
BENCH_SAMPLE,param=128s,config=mve_affine,backend=mve,matvec=mve,operation=sign,clock=systick-extended,sample=42,inner=1,items=1,raw_cycles=675236049
BENCH_SAMPLE,param=128s,config=mve_affine,backend=mve,matvec=mve,operation=sign,clock=systick-extended,sample=43,inner=1,items=1,raw_cycles=675041100
BENCH_SAMPLE,param=128s,config=mve_affine,backend=mve,matvec=mve,operation=sign,clock=systick-extended,sample=44,inner=1,items=1,raw_cycles=675721221
BENCH_SAMPLE,param=128s,config=mve_affine,backend=mve,matvec=mve,operation=sign,clock=systick-extended,sample=45,inner=1,items=1,raw_cycles=674712360
BENCH_SAMPLE,param=128s,config=mve_affine,backend=mve,matvec=mve,operation=sign,clock=systick-extended,sample=46,inner=1,items=1,raw_cycles=675561043
BENCH_SAMPLE,param=128s,config=mve_affine,backend=mve,matvec=mve,operation=sign,clock=systick-extended,sample=47,inner=1,items=1,raw_cycles=675539115
BENCH_SAMPLE,param=128s,config=mve_affine,backend=mve,matvec=mve,operation=sign,clock=systick-extended,sample=48,inner=1,items=1,raw_cycles=675413788
BENCH_SAMPLE,param=128s,config=mve_affine,backend=mve,matvec=mve,operation=sign,clock=systick-extended,sample=49,inner=1,items=1,raw_cycles=675384637
BENCH_RESULT,param=128s,config=mve_affine,backend=mve,matvec=mve,operation=sign,clock=systick-extended,samples=50,inner=1,items=1,min=674712360.00,median=675330931.00,mean=675325338.12,stddev=277436.82,max=675920098.00,cycles_per_item_mean=675325338.12
BENCH_SAMPLE,param=128s,config=mve_affine,backend=mve,matvec=mve,operation=verify,clock=systick-extended,sample=0,inner=1,items=1,raw_cycles=369926115
BENCH_SAMPLE,param=128s,config=mve_affine,backend=mve,matvec=mve,operation=verify,clock=systick-extended,sample=1,inner=1,items=1,raw_cycles=369986831
BENCH_SAMPLE,param=128s,config=mve_affine,backend=mve,matvec=mve,operation=verify,clock=systick-extended,sample=2,inner=1,items=1,raw_cycles=370041215
BENCH_SAMPLE,param=128s,config=mve_affine,backend=mve,matvec=mve,operation=verify,clock=systick-extended,sample=3,inner=1,items=1,raw_cycles=370071809
BENCH_SAMPLE,param=128s,config=mve_affine,backend=mve,matvec=mve,operation=verify,clock=systick-extended,sample=4,inner=1,items=1,raw_cycles=369881186
BENCH_SAMPLE,param=128s,config=mve_affine,backend=mve,matvec=mve,operation=verify,clock=systick-extended,sample=5,inner=1,items=1,raw_cycles=369964955
BENCH_SAMPLE,param=128s,config=mve_affine,backend=mve,matvec=mve,operation=verify,clock=systick-extended,sample=6,inner=1,items=1,raw_cycles=370002476
BENCH_SAMPLE,param=128s,config=mve_affine,backend=mve,matvec=mve,operation=verify,clock=systick-extended,sample=7,inner=1,items=1,raw_cycles=370030763
BENCH_SAMPLE,param=128s,config=mve_affine,backend=mve,matvec=mve,operation=verify,clock=systick-extended,sample=8,inner=1,items=1,raw_cycles=370007753
BENCH_SAMPLE,param=128s,config=mve_affine,backend=mve,matvec=mve,operation=verify,clock=systick-extended,sample=9,inner=1,items=1,raw_cycles=370051664
BENCH_SAMPLE,param=128s,config=mve_affine,backend=mve,matvec=mve,operation=verify,clock=systick-extended,sample=10,inner=1,items=1,raw_cycles=370063805
BENCH_SAMPLE,param=128s,config=mve_affine,backend=mve,matvec=mve,operation=verify,clock=systick-extended,sample=11,inner=1,items=1,raw_cycles=370004022
BENCH_SAMPLE,param=128s,config=mve_affine,backend=mve,matvec=mve,operation=verify,clock=systick-extended,sample=12,inner=1,items=1,raw_cycles=370047752
BENCH_SAMPLE,param=128s,config=mve_affine,backend=mve,matvec=mve,operation=verify,clock=systick-extended,sample=13,inner=1,items=1,raw_cycles=369952185
BENCH_SAMPLE,param=128s,config=mve_affine,backend=mve,matvec=mve,operation=verify,clock=systick-extended,sample=14,inner=1,items=1,raw_cycles=370051154
BENCH_SAMPLE,param=128s,config=mve_affine,backend=mve,matvec=mve,operation=verify,clock=systick-extended,sample=15,inner=1,items=1,raw_cycles=370092116
BENCH_SAMPLE,param=128s,config=mve_affine,backend=mve,matvec=mve,operation=verify,clock=systick-extended,sample=16,inner=1,items=1,raw_cycles=370018118
BENCH_SAMPLE,param=128s,config=mve_affine,backend=mve,matvec=mve,operation=verify,clock=systick-extended,sample=17,inner=1,items=1,raw_cycles=369974954
BENCH_SAMPLE,param=128s,config=mve_affine,backend=mve,matvec=mve,operation=verify,clock=systick-extended,sample=18,inner=1,items=1,raw_cycles=370085342
BENCH_SAMPLE,param=128s,config=mve_affine,backend=mve,matvec=mve,operation=verify,clock=systick-extended,sample=19,inner=1,items=1,raw_cycles=369931877
BENCH_SAMPLE,param=128s,config=mve_affine,backend=mve,matvec=mve,operation=verify,clock=systick-extended,sample=20,inner=1,items=1,raw_cycles=369965948
BENCH_SAMPLE,param=128s,config=mve_affine,backend=mve,matvec=mve,operation=verify,clock=systick-extended,sample=21,inner=1,items=1,raw_cycles=370036290
BENCH_SAMPLE,param=128s,config=mve_affine,backend=mve,matvec=mve,operation=verify,clock=systick-extended,sample=22,inner=1,items=1,raw_cycles=370024430
BENCH_SAMPLE,param=128s,config=mve_affine,backend=mve,matvec=mve,operation=verify,clock=systick-extended,sample=23,inner=1,items=1,raw_cycles=369942749
BENCH_SAMPLE,param=128s,config=mve_affine,backend=mve,matvec=mve,operation=verify,clock=systick-extended,sample=24,inner=1,items=1,raw_cycles=370017455
BENCH_SAMPLE,param=128s,config=mve_affine,backend=mve,matvec=mve,operation=verify,clock=systick-extended,sample=25,inner=1,items=1,raw_cycles=370024659
BENCH_SAMPLE,param=128s,config=mve_affine,backend=mve,matvec=mve,operation=verify,clock=systick-extended,sample=26,inner=1,items=1,raw_cycles=370068905
BENCH_SAMPLE,param=128s,config=mve_affine,backend=mve,matvec=mve,operation=verify,clock=systick-extended,sample=27,inner=1,items=1,raw_cycles=370013865
BENCH_SAMPLE,param=128s,config=mve_affine,backend=mve,matvec=mve,operation=verify,clock=systick-extended,sample=28,inner=1,items=1,raw_cycles=369948785
BENCH_SAMPLE,param=128s,config=mve_affine,backend=mve,matvec=mve,operation=verify,clock=systick-extended,sample=29,inner=1,items=1,raw_cycles=370000400
BENCH_SAMPLE,param=128s,config=mve_affine,backend=mve,matvec=mve,operation=verify,clock=systick-extended,sample=30,inner=1,items=1,raw_cycles=369938705
BENCH_SAMPLE,param=128s,config=mve_affine,backend=mve,matvec=mve,operation=verify,clock=systick-extended,sample=31,inner=1,items=1,raw_cycles=369921002
BENCH_SAMPLE,param=128s,config=mve_affine,backend=mve,matvec=mve,operation=verify,clock=systick-extended,sample=32,inner=1,items=1,raw_cycles=370034141
BENCH_SAMPLE,param=128s,config=mve_affine,backend=mve,matvec=mve,operation=verify,clock=systick-extended,sample=33,inner=1,items=1,raw_cycles=370046433
BENCH_SAMPLE,param=128s,config=mve_affine,backend=mve,matvec=mve,operation=verify,clock=systick-extended,sample=34,inner=1,items=1,raw_cycles=370019391
BENCH_SAMPLE,param=128s,config=mve_affine,backend=mve,matvec=mve,operation=verify,clock=systick-extended,sample=35,inner=1,items=1,raw_cycles=369982253
BENCH_SAMPLE,param=128s,config=mve_affine,backend=mve,matvec=mve,operation=verify,clock=systick-extended,sample=36,inner=1,items=1,raw_cycles=370087820
BENCH_SAMPLE,param=128s,config=mve_affine,backend=mve,matvec=mve,operation=verify,clock=systick-extended,sample=37,inner=1,items=1,raw_cycles=370025334
BENCH_SAMPLE,param=128s,config=mve_affine,backend=mve,matvec=mve,operation=verify,clock=systick-extended,sample=38,inner=1,items=1,raw_cycles=370072358
BENCH_SAMPLE,param=128s,config=mve_affine,backend=mve,matvec=mve,operation=verify,clock=systick-extended,sample=39,inner=1,items=1,raw_cycles=370017171
BENCH_SAMPLE,param=128s,config=mve_affine,backend=mve,matvec=mve,operation=verify,clock=systick-extended,sample=40,inner=1,items=1,raw_cycles=370033805
BENCH_SAMPLE,param=128s,config=mve_affine,backend=mve,matvec=mve,operation=verify,clock=systick-extended,sample=41,inner=1,items=1,raw_cycles=369980442
BENCH_SAMPLE,param=128s,config=mve_affine,backend=mve,matvec=mve,operation=verify,clock=systick-extended,sample=42,inner=1,items=1,raw_cycles=370045964
BENCH_SAMPLE,param=128s,config=mve_affine,backend=mve,matvec=mve,operation=verify,clock=systick-extended,sample=43,inner=1,items=1,raw_cycles=369910271
BENCH_SAMPLE,param=128s,config=mve_affine,backend=mve,matvec=mve,operation=verify,clock=systick-extended,sample=44,inner=1,items=1,raw_cycles=370063707
BENCH_SAMPLE,param=128s,config=mve_affine,backend=mve,matvec=mve,operation=verify,clock=systick-extended,sample=45,inner=1,items=1,raw_cycles=370022831
BENCH_SAMPLE,param=128s,config=mve_affine,backend=mve,matvec=mve,operation=verify,clock=systick-extended,sample=46,inner=1,items=1,raw_cycles=370047516
BENCH_SAMPLE,param=128s,config=mve_affine,backend=mve,matvec=mve,operation=verify,clock=systick-extended,sample=47,inner=1,items=1,raw_cycles=370033767
BENCH_SAMPLE,param=128s,config=mve_affine,backend=mve,matvec=mve,operation=verify,clock=systick-extended,sample=48,inner=1,items=1,raw_cycles=370016901
BENCH_SAMPLE,param=128s,config=mve_affine,backend=mve,matvec=mve,operation=verify,clock=systick-extended,sample=49,inner=1,items=1,raw_cycles=370024914
BENCH_RESULT,param=128s,config=mve_affine,backend=mve,matvec=mve,operation=verify,clock=systick-extended,samples=50,inner=1,items=1,min=369881186.00,median=370021111.00,mean=370011086.08,stddev=49254.48,max=370092116.00,cycles_per_item_mean=370011086.08
BENCH_MEMORY,param=128s,config=mve_affine,backend=mve,matvec=mve,static_ram_bytes=7976,stack_reserved_bytes=131072,stack_peak_bytes=8956,heap_capacity_bytes=1835008,heap_peak_bytes=61440
BENCH_PASS,param=128s,config=mve_affine,backend=mve,matvec=mve,checksum=6cce97b4ae262a82
TEST_EXIT=0
