
build/full/128s/mve-affine/sign/aimer-m55-128s-mve-affine-sign.elf:     file format elf32-littlearm


Disassembly of section .text:

34180750 <__do_global_dtors_aux>:
34180750:	b508      	push	{r3, lr}
34180752:	4b06      	ldr	r3, [pc, #24]	@ (3418076c <__do_global_dtors_aux+0x1c>)
34180754:	781a      	ldrb	r2, [r3, #0]
34180756:	b93a      	cbnz	r2, 34180768 <__do_global_dtors_aux+0x18>
34180758:	4a05      	ldr	r2, [pc, #20]	@ (34180770 <__do_global_dtors_aux+0x20>)
3418075a:	b11a      	cbz	r2, 34180764 <__do_global_dtors_aux+0x14>
3418075c:	4805      	ldr	r0, [pc, #20]	@ (34180774 <__do_global_dtors_aux+0x24>)
3418075e:	f3af 8000 	nop.w
34180762:	4b02      	ldr	r3, [pc, #8]	@ (3418076c <__do_global_dtors_aux+0x1c>)
34180764:	2201      	movs	r2, #1
34180766:	701a      	strb	r2, [r3, #0]
34180768:	bd08      	pop	{r3, pc}
3418076a:	bf00      	nop
3418076c:	341c08a0 	.word	0x341c08a0
34180770:	00000000 	.word	0x00000000
34180774:	3418f8e8 	.word	0x3418f8e8

34180778 <frame_dummy>:
34180778:	b508      	push	{r3, lr}
3418077a:	4b03      	ldr	r3, [pc, #12]	@ (34180788 <frame_dummy+0x10>)
3418077c:	b11b      	cbz	r3, 34180786 <frame_dummy+0xe>
3418077e:	4903      	ldr	r1, [pc, #12]	@ (3418078c <frame_dummy+0x14>)
34180780:	4803      	ldr	r0, [pc, #12]	@ (34180790 <frame_dummy+0x18>)
34180782:	f3af 8000 	nop.w
34180786:	bd08      	pop	{r3, pc}
34180788:	00000000 	.word	0x00000000
3418078c:	341c08a4 	.word	0x341c08a4
34180790:	3418f8e8 	.word	0x3418f8e8

34180794 <main>:
34180794:	e92d 43f0 	stmdb	sp!, {r4, r5, r6, r7, r8, r9, lr}
34180798:	2100      	movs	r1, #0
3418079a:	f04f 0e30 	mov.w	lr, #48	@ 0x30
3418079e:	460b      	mov	r3, r1
341807a0:	f04e e001 	dls	lr, lr
341807a4:	b095      	sub	sp, #84	@ 0x54
341807a6:	f10d 021f 	add.w	r2, sp, #31
341807aa:	9107      	str	r1, [sp, #28]
341807ac:	f802 3f01 	strb.w	r3, [r2, #1]!
341807b0:	3301      	adds	r3, #1
341807b2:	f00f c805 	le	lr, 341807ac <main+0x18>
341807b6:	f04f 0e3b 	mov.w	lr, #59	@ 0x3b
341807ba:	2301      	movs	r3, #1
341807bc:	f04e e001 	dls	lr, lr
341807c0:	4a59      	ldr	r2, [pc, #356]	@ (34180928 <main+0x194>)
341807c2:	f802 3f01 	strb.w	r3, [r2, #1]!
341807c6:	3303      	adds	r3, #3
341807c8:	f00f c805 	le	lr, 341807c2 <main+0x2e>
341807cc:	f44f 7280 	mov.w	r2, #256	@ 0x100
341807d0:	2100      	movs	r1, #0
341807d2:	a808      	add	r0, sp, #32
341807d4:	f006 f86a 	bl	341868ac <randombytes_init>
341807d8:	f006 f92a 	bl	34186a30 <m55_measure_start>
341807dc:	4953      	ldr	r1, [pc, #332]	@ (3418092c <main+0x198>)
341807de:	4854      	ldr	r0, [pc, #336]	@ (34180930 <main+0x19c>)
341807e0:	f001 fffe 	bl	341827e0 <samsungsds_aimer_128s_ref_crypto_sign_keypair>
341807e4:	4604      	mov	r4, r0
341807e6:	bb38      	cbnz	r0, 34180838 <main+0xa4>
341807e8:	f006 f930 	bl	34186a4c <m55_measure_end>
341807ec:	4607      	mov	r7, r0
341807ee:	f006 f91f 	bl	34186a30 <m55_measure_start>
341807f2:	494e      	ldr	r1, [pc, #312]	@ (3418092c <main+0x198>)
341807f4:	9400      	str	r4, [sp, #0]
341807f6:	e9cd 4101 	strd	r4, r1, [sp, #4]
341807fa:	233b      	movs	r3, #59	@ 0x3b
341807fc:	484d      	ldr	r0, [pc, #308]	@ (34180934 <main+0x1a0>)
341807fe:	4a4e      	ldr	r2, [pc, #312]	@ (34180938 <main+0x1a4>)
34180800:	a907      	add	r1, sp, #28
34180802:	f000 f8b5 	bl	34180970 <__wrap_samsungsds_aimer_128s_ref_crypto_sign_signature>
34180806:	4604      	mov	r4, r0
34180808:	b988      	cbnz	r0, 3418082e <main+0x9a>
3418080a:	f006 f91f 	bl	34186a4c <m55_measure_end>
3418080e:	9a07      	ldr	r2, [sp, #28]
34180810:	4680      	mov	r8, r0
34180812:	f5b2 5f93 	cmp.w	r2, #4704	@ 0x1260
34180816:	d014      	beq.n	34180842 <main+0xae>
34180818:	f44f 5393 	mov.w	r3, #4704	@ 0x1260
3418081c:	4947      	ldr	r1, [pc, #284]	@ (3418093c <main+0x1a8>)
3418081e:	4848      	ldr	r0, [pc, #288]	@ (34180940 <main+0x1ac>)
34180820:	f008 fc74 	bl	3418910c <printf>
34180824:	2601      	movs	r6, #1
34180826:	4630      	mov	r0, r6
34180828:	b015      	add	sp, #84	@ 0x54
3418082a:	e8bd 83f0 	ldmia.w	sp!, {r4, r5, r6, r7, r8, r9, pc}
3418082e:	4943      	ldr	r1, [pc, #268]	@ (3418093c <main+0x1a8>)
34180830:	4844      	ldr	r0, [pc, #272]	@ (34180944 <main+0x1b0>)
34180832:	f008 fc6b 	bl	3418910c <printf>
34180836:	e7f5      	b.n	34180824 <main+0x90>
34180838:	4940      	ldr	r1, [pc, #256]	@ (3418093c <main+0x1a8>)
3418083a:	4843      	ldr	r0, [pc, #268]	@ (34180948 <main+0x1b4>)
3418083c:	f008 fc66 	bl	3418910c <printf>
34180840:	e7f0      	b.n	34180824 <main+0x90>
34180842:	f006 f8f5 	bl	34186a30 <m55_measure_start>
34180846:	493a      	ldr	r1, [pc, #232]	@ (34180930 <main+0x19c>)
34180848:	233b      	movs	r3, #59	@ 0x3b
3418084a:	e9cd 4101 	strd	r4, r1, [sp, #4]
3418084e:	4a3a      	ldr	r2, [pc, #232]	@ (34180938 <main+0x1a4>)
34180850:	4838      	ldr	r0, [pc, #224]	@ (34180934 <main+0x1a0>)
34180852:	9907      	ldr	r1, [sp, #28]
34180854:	9400      	str	r4, [sp, #0]
34180856:	f001 f84d 	bl	341818f4 <__wrap_samsungsds_aimer_128s_ref_crypto_sign_verify>
3418085a:	4606      	mov	r6, r0
3418085c:	2800      	cmp	r0, #0
3418085e:	d159      	bne.n	34180914 <main+0x180>
34180860:	f006 f8f4 	bl	34186a4c <m55_measure_end>
34180864:	f04f 0e20 	mov.w	lr, #32
34180868:	f240 11b3 	movw	r1, #435	@ 0x1b3
3418086c:	f04e e001 	dls	lr, lr
34180870:	4681      	mov	r9, r0
34180872:	4d36      	ldr	r5, [pc, #216]	@ (3418094c <main+0x1b8>)
34180874:	4c36      	ldr	r4, [pc, #216]	@ (34180950 <main+0x1bc>)
34180876:	4837      	ldr	r0, [pc, #220]	@ (34180954 <main+0x1c0>)
34180878:	f810 3f01 	ldrb.w	r3, [r0, #1]!
3418087c:	406b      	eors	r3, r5
3418087e:	021a      	lsls	r2, r3, #8
34180880:	fb01 2204 	mla	r2, r1, r4, r2
34180884:	fba3 5401 	umull	r5, r4, r3, r1
34180888:	4414      	add	r4, r2
3418088a:	f00f c80b 	le	lr, 34180878 <main+0xe4>
3418088e:	f04f 0e30 	mov.w	lr, #48	@ 0x30
34180892:	f240 11b3 	movw	r1, #435	@ 0x1b3
34180896:	f04e e001 	dls	lr, lr
3418089a:	482f      	ldr	r0, [pc, #188]	@ (34180958 <main+0x1c4>)
3418089c:	f810 3f01 	ldrb.w	r3, [r0, #1]!
341808a0:	406b      	eors	r3, r5
341808a2:	021a      	lsls	r2, r3, #8
341808a4:	fb01 2204 	mla	r2, r1, r4, r2
341808a8:	fba3 5401 	umull	r5, r4, r3, r1
341808ac:	4414      	add	r4, r2
341808ae:	f00f c80b 	le	lr, 3418089c <main+0x108>
341808b2:	9907      	ldr	r1, [sp, #28]
341808b4:	b181      	cbz	r1, 341808d8 <main+0x144>
341808b6:	f041 e001 	dls	lr, r1
341808ba:	f240 10b3 	movw	r0, #435	@ 0x1b3
341808be:	f8df c074 	ldr.w	ip, [pc, #116]	@ 34180934 <main+0x1a0>
341808c2:	f81c 3b01 	ldrb.w	r3, [ip], #1
341808c6:	406b      	eors	r3, r5
341808c8:	021a      	lsls	r2, r3, #8
341808ca:	fb00 2204 	mla	r2, r0, r4, r2
341808ce:	fba3 5400 	umull	r5, r4, r3, r0
341808d2:	4414      	add	r4, r2
341808d4:	f00f c80b 	le	lr, 341808c2 <main+0x12e>
341808d8:	f04f 0c00 	mov.w	ip, #0
341808dc:	4815      	ldr	r0, [pc, #84]	@ (34180934 <main+0x1a0>)
341808de:	084a      	lsrs	r2, r1, #1
341808e0:	5c83      	ldrb	r3, [r0, r2]
341808e2:	f083 0301 	eor.w	r3, r3, #1
341808e6:	5483      	strb	r3, [r0, r2]
341808e8:	4b11      	ldr	r3, [pc, #68]	@ (34180930 <main+0x19c>)
341808ea:	e9cd cc00 	strd	ip, ip, [sp]
341808ee:	9302      	str	r3, [sp, #8]
341808f0:	4a11      	ldr	r2, [pc, #68]	@ (34180938 <main+0x1a4>)
341808f2:	233b      	movs	r3, #59	@ 0x3b
341808f4:	f000 fffe 	bl	341818f4 <__wrap_samsungsds_aimer_128s_ref_crypto_sign_verify>
341808f8:	b188      	cbz	r0, 3418091e <main+0x18a>
341808fa:	4b18      	ldr	r3, [pc, #96]	@ (3418095c <main+0x1c8>)
341808fc:	e9cd 9403 	strd	r9, r4, [sp, #12]
34180900:	e9cd 7801 	strd	r7, r8, [sp, #4]
34180904:	4a16      	ldr	r2, [pc, #88]	@ (34180960 <main+0x1cc>)
34180906:	490d      	ldr	r1, [pc, #52]	@ (3418093c <main+0x1a8>)
34180908:	9505      	str	r5, [sp, #20]
3418090a:	9300      	str	r3, [sp, #0]
3418090c:	4815      	ldr	r0, [pc, #84]	@ (34180964 <main+0x1d0>)
3418090e:	f008 fbfd 	bl	3418910c <printf>
34180912:	e788      	b.n	34180826 <main+0x92>
34180914:	4909      	ldr	r1, [pc, #36]	@ (3418093c <main+0x1a8>)
34180916:	4814      	ldr	r0, [pc, #80]	@ (34180968 <main+0x1d4>)
34180918:	f008 fbf8 	bl	3418910c <printf>
3418091c:	e782      	b.n	34180824 <main+0x90>
3418091e:	4907      	ldr	r1, [pc, #28]	@ (3418093c <main+0x1a8>)
34180920:	4812      	ldr	r0, [pc, #72]	@ (3418096c <main+0x1d8>)
34180922:	f008 fbf3 	bl	3418910c <printf>
34180926:	e77d      	b.n	34180824 <main+0x90>
34180928:	341c08bb 	.word	0x341c08bb
3418092c:	341c1b58 	.word	0x341c1b58
34180930:	341c1b88 	.word	0x341c1b88
34180934:	341c08f8 	.word	0x341c08f8
34180938:	341c08bc 	.word	0x341c08bc
3418093c:	3418f900 	.word	0x3418f900
34180940:	3418f954 	.word	0x3418f954
34180944:	3418f930 	.word	0x3418f930
34180948:	3418f908 	.word	0x3418f908
3418094c:	84222325 	.word	0x84222325
34180950:	cbf29ce4 	.word	0xcbf29ce4
34180954:	341c1b87 	.word	0x341c1b87
34180958:	341c1b57 	.word	0x341c1b57
3418095c:	3418f9e4 	.word	0x3418f9e4
34180960:	3418f9e8 	.word	0x3418f9e8
34180964:	3418f9f4 	.word	0x3418f9f4
34180968:	3418f994 	.word	0x3418f994
3418096c:	3418f9bc 	.word	0x3418f9bc

34180970 <__wrap_samsungsds_aimer_128s_ref_crypto_sign_signature>:
34180970:	e92d 4ff0 	stmdb	sp!, {r4, r5, r6, r7, r8, r9, sl, fp, lr}
34180974:	f6ad 1d94 	subw	sp, sp, #2452	@ 0x994
34180978:	f8dd 59bc 	ldr.w	r5, [sp, #2492]	@ 0x9bc
3418097c:	f8dd 79c0 	ldr.w	r7, [sp, #2496]	@ 0x9c0
34180980:	2dff      	cmp	r5, #255	@ 0xff
34180982:	f200 8464 	bhi.w	3418124e <__wrap_samsungsds_aimer_128s_ref_crypto_sign_signature+0x8de>
34180986:	4698      	mov	r8, r3
34180988:	4692      	mov	sl, r2
3418098a:	9117      	str	r1, [sp, #92]	@ 0x5c
3418098c:	9007      	str	r0, [sp, #28]
3418098e:	f88d 5280 	strb.w	r5, [sp, #640]	@ 0x280
34180992:	b135      	cbz	r5, 341809a2 <__wrap_samsungsds_aimer_128s_ref_crypto_sign_signature+0x32>
34180994:	462a      	mov	r2, r5
34180996:	f8dd 19b8 	ldr.w	r1, [sp, #2488]	@ 0x9b8
3418099a:	f20d 2081 	addw	r0, sp, #641	@ 0x281
3418099e:	f008 ffdf 	bl	34189960 <memcpy>
341809a2:	2400      	movs	r4, #0
341809a4:	2210      	movs	r2, #16
341809a6:	2300      	movs	r3, #0
341809a8:	a824      	add	r0, sp, #144	@ 0x90
341809aa:	f005 fd29 	bl	34186400 <randombytes>
341809ae:	f242 0030 	movw	r0, #8240	@ 0x2030
341809b2:	e9cd 441c 	strd	r4, r4, [sp, #112]	@ 0x70
341809b6:	e9cd 441e 	strd	r4, r4, [sp, #120]	@ 0x78
341809ba:	e9cd 4420 	strd	r4, r4, [sp, #128]	@ 0x80
341809be:	e9cd 4422 	strd	r4, r4, [sp, #136]	@ 0x88
341809c2:	f008 f8b3 	bl	34188b2c <malloc>
341809c6:	9003      	str	r0, [sp, #12]
341809c8:	4606      	mov	r6, r0
341809ca:	f641 70f0 	movw	r0, #8176	@ 0x1ff0
341809ce:	f008 f8ad 	bl	34188b2c <malloc>
341809d2:	4681      	mov	r9, r0
341809d4:	f44f 5000 	mov.w	r0, #8192	@ 0x2000
341809d8:	f008 f8a8 	bl	34188b2c <malloc>
341809dc:	900a      	str	r0, [sp, #40]	@ 0x28
341809de:	f44f 5040 	mov.w	r0, #12288	@ 0x3000
341809e2:	f008 f8a3 	bl	34188b2c <malloc>
341809e6:	900b      	str	r0, [sp, #44]	@ 0x2c
341809e8:	f44f 5040 	mov.w	r0, #12288	@ 0x3000
341809ec:	f008 f89e 	bl	34188b2c <malloc>
341809f0:	900c      	str	r0, [sp, #48]	@ 0x30
341809f2:	f44f 5080 	mov.w	r0, #4096	@ 0x1000
341809f6:	f008 f899 	bl	34188b2c <malloc>
341809fa:	900d      	str	r0, [sp, #52]	@ 0x34
341809fc:	2e00      	cmp	r6, #0
341809fe:	f000 8429 	beq.w	34181254 <__wrap_samsungsds_aimer_128s_ref_crypto_sign_signature+0x8e4>
34180a02:	f1b9 0f00 	cmp.w	r9, #0
34180a06:	f000 8425 	beq.w	34181254 <__wrap_samsungsds_aimer_128s_ref_crypto_sign_signature+0x8e4>
34180a0a:	9b0a      	ldr	r3, [sp, #40]	@ 0x28
34180a0c:	2b00      	cmp	r3, #0
34180a0e:	f000 8421 	beq.w	34181254 <__wrap_samsungsds_aimer_128s_ref_crypto_sign_signature+0x8e4>
34180a12:	9b0b      	ldr	r3, [sp, #44]	@ 0x2c
34180a14:	2b00      	cmp	r3, #0
34180a16:	f000 841d 	beq.w	34181254 <__wrap_samsungsds_aimer_128s_ref_crypto_sign_signature+0x8e4>
34180a1a:	9b0c      	ldr	r3, [sp, #48]	@ 0x30
34180a1c:	2b00      	cmp	r3, #0
34180a1e:	f000 8419 	beq.w	34181254 <__wrap_samsungsds_aimer_128s_ref_crypto_sign_signature+0x8e4>
34180a22:	2800      	cmp	r0, #0
34180a24:	f000 8416 	beq.w	34181254 <__wrap_samsungsds_aimer_128s_ref_crypto_sign_signature+0x8e4>
34180a28:	4639      	mov	r1, r7
34180a2a:	a81c      	add	r0, sp, #112	@ 0x70
34180a2c:	f002 f838 	bl	34182aa0 <samsungsds_aimer_128s_ref_gf_from_bytes>
34180a30:	a820      	add	r0, sp, #128	@ 0x80
34180a32:	f107 0120 	add.w	r1, r7, #32
34180a36:	f002 f833 	bl	34182aa0 <samsungsds_aimer_128s_ref_gf_from_bytes>
34180a3a:	f8dd b00c 	ldr.w	fp, [sp, #12]
34180a3e:	f107 0110 	add.w	r1, r7, #16
34180a42:	4658      	mov	r0, fp
34180a44:	f001 fce2 	bl	3418240c <samsungsds_aimer_128s_ref_aim3_generate_linear>
34180a48:	ab20      	add	r3, sp, #128	@ 0x80
34180a4a:	aa1c      	add	r2, sp, #112	@ 0x70
34180a4c:	4659      	mov	r1, fp
34180a4e:	a830      	add	r0, sp, #192	@ 0xc0
34180a50:	f001 fdc4 	bl	341825dc <samsungsds_aimer_128s_ref_aim3_sbox_outputs>
34180a54:	2110      	movs	r1, #16
34180a56:	a864      	add	r0, sp, #400	@ 0x190
34180a58:	f001 fea6 	bl	341827a8 <samsungsds_aimer_128s_ref_hash_init_prefix>
34180a5c:	2220      	movs	r2, #32
34180a5e:	f107 0110 	add.w	r1, r7, #16
34180a62:	a864      	add	r0, sp, #400	@ 0x190
34180a64:	f001 feb0 	bl	341827c8 <samsungsds_aimer_128s_ref_hash_update>
34180a68:	1c6a      	adds	r2, r5, #1
34180a6a:	a9a0      	add	r1, sp, #640	@ 0x280
34180a6c:	a864      	add	r0, sp, #400	@ 0x190
34180a6e:	f001 feab 	bl	341827c8 <samsungsds_aimer_128s_ref_hash_update>
34180a72:	4651      	mov	r1, sl
34180a74:	4642      	mov	r2, r8
34180a76:	a864      	add	r0, sp, #400	@ 0x190
34180a78:	f001 fea6 	bl	341827c8 <samsungsds_aimer_128s_ref_hash_update>
34180a7c:	a864      	add	r0, sp, #400	@ 0x190
34180a7e:	f001 fea5 	bl	341827cc <samsungsds_aimer_128s_ref_hash_final>
34180a82:	2220      	movs	r2, #32
34180a84:	a974      	add	r1, sp, #464	@ 0x1d0
34180a86:	a864      	add	r0, sp, #400	@ 0x190
34180a88:	f001 fea2 	bl	341827d0 <samsungsds_aimer_128s_ref_hash_squeeze>
34180a8c:	a864      	add	r0, sp, #400	@ 0x190
34180a8e:	f001 fea5 	bl	341827dc <samsungsds_aimer_128s_ref_hash_ctx_release>
34180a92:	2103      	movs	r1, #3
34180a94:	a864      	add	r0, sp, #400	@ 0x190
34180a96:	f001 fe87 	bl	341827a8 <samsungsds_aimer_128s_ref_hash_init_prefix>
34180a9a:	2210      	movs	r2, #16
34180a9c:	4639      	mov	r1, r7
34180a9e:	a864      	add	r0, sp, #400	@ 0x190
34180aa0:	f001 fe92 	bl	341827c8 <samsungsds_aimer_128s_ref_hash_update>
34180aa4:	2220      	movs	r2, #32
34180aa6:	a974      	add	r1, sp, #464	@ 0x1d0
34180aa8:	a864      	add	r0, sp, #400	@ 0x190
34180aaa:	f001 fe8d 	bl	341827c8 <samsungsds_aimer_128s_ref_hash_update>
34180aae:	2210      	movs	r2, #16
34180ab0:	a924      	add	r1, sp, #144	@ 0x90
34180ab2:	a864      	add	r0, sp, #400	@ 0x190
34180ab4:	f001 fe88 	bl	341827c8 <samsungsds_aimer_128s_ref_hash_update>
34180ab8:	a864      	add	r0, sp, #400	@ 0x190
34180aba:	f001 fe87 	bl	341827cc <samsungsds_aimer_128s_ref_hash_final>
34180abe:	9d07      	ldr	r5, [sp, #28]
34180ac0:	2210      	movs	r2, #16
34180ac2:	4629      	mov	r1, r5
34180ac4:	a864      	add	r0, sp, #400	@ 0x190
34180ac6:	f001 fe83 	bl	341827d0 <samsungsds_aimer_128s_ref_hash_squeeze>
34180aca:	f44f 7288 	mov.w	r2, #272	@ 0x110
34180ace:	a9e0      	add	r1, sp, #896	@ 0x380
34180ad0:	a864      	add	r0, sp, #400	@ 0x190
34180ad2:	f001 fe7d 	bl	341827d0 <samsungsds_aimer_128s_ref_hash_squeeze>
34180ad6:	a864      	add	r0, sp, #400	@ 0x190
34180ad8:	f001 fe80 	bl	341827dc <samsungsds_aimer_128s_ref_hash_ctx_release>
34180adc:	2101      	movs	r1, #1
34180ade:	a864      	add	r0, sp, #400	@ 0x190
34180ae0:	f001 fe62 	bl	341827a8 <samsungsds_aimer_128s_ref_hash_init_prefix>
34180ae4:	2220      	movs	r2, #32
34180ae6:	a974      	add	r1, sp, #464	@ 0x1d0
34180ae8:	a864      	add	r0, sp, #400	@ 0x190
34180aea:	f001 fe6d 	bl	341827c8 <samsungsds_aimer_128s_ref_hash_update>
34180aee:	4629      	mov	r1, r5
34180af0:	2210      	movs	r2, #16
34180af2:	a864      	add	r0, sp, #400	@ 0x190
34180af4:	f001 fe68 	bl	341827c8 <samsungsds_aimer_128s_ref_hash_update>
34180af8:	abe0      	add	r3, sp, #896	@ 0x380
34180afa:	9314      	str	r3, [sp, #80]	@ 0x50
34180afc:	f509 637f 	add.w	r3, r9, #4080	@ 0xff0
34180b00:	9509      	str	r5, [sp, #36]	@ 0x24
34180b02:	9315      	str	r3, [sp, #84]	@ 0x54
34180b04:	f50d 6aca 	add.w	sl, sp, #1616	@ 0x650
34180b08:	ade0      	add	r5, sp, #896	@ 0x380
34180b0a:	2270      	movs	r2, #112	@ 0x70
34180b0c:	2100      	movs	r1, #0
34180b0e:	a884      	add	r0, sp, #528	@ 0x210
34180b10:	f008 fe32 	bl	34189778 <memset>
34180b14:	462b      	mov	r3, r5
34180b16:	4622      	mov	r2, r4
34180b18:	4648      	mov	r0, r9
34180b1a:	9907      	ldr	r1, [sp, #28]
34180b1c:	f001 feae 	bl	3418287c <samsungsds_aimer_128s_ref_expand_tree>
34180b20:	9511      	str	r5, [sp, #68]	@ 0x44
34180b22:	2500      	movs	r5, #0
34180b24:	9b09      	ldr	r3, [sp, #36]	@ 0x24
34180b26:	f8dd b054 	ldr.w	fp, [sp, #84]	@ 0x54
34180b2a:	f103 02f0 	add.w	r2, r3, #240	@ 0xf0
34180b2e:	f503 7390 	add.w	r3, r3, #288	@ 0x120
34180b32:	e9cd 340f 	strd	r3, r4, [sp, #60]	@ 0x3c
34180b36:	9406      	str	r4, [sp, #24]
34180b38:	920e      	str	r2, [sp, #56]	@ 0x38
34180b3a:	f8cd 9048 	str.w	r9, [sp, #72]	@ 0x48
34180b3e:	2300      	movs	r3, #0
34180b40:	462e      	mov	r6, r5
34180b42:	46d8      	mov	r8, fp
34180b44:	9304      	str	r3, [sp, #16]
34180b46:	9b0a      	ldr	r3, [sp, #40]	@ 0x28
34180b48:	f50d 6492 	add.w	r4, sp, #1168	@ 0x490
34180b4c:	eb03 1745 	add.w	r7, r3, r5, lsl #5
34180b50:	f04f 0900 	mov.w	r9, #0
34180b54:	9b06      	ldr	r3, [sp, #24]
34180b56:	2105      	movs	r1, #5
34180b58:	4650      	mov	r0, sl
34180b5a:	f88d 3120 	strb.w	r3, [sp, #288]	@ 0x120
34180b5e:	f88d 6150 	strb.w	r6, [sp, #336]	@ 0x150
34180b62:	f001 fe21 	bl	341827a8 <samsungsds_aimer_128s_ref_hash_init_prefix>
34180b66:	2210      	movs	r2, #16
34180b68:	4650      	mov	r0, sl
34180b6a:	9907      	ldr	r1, [sp, #28]
34180b6c:	f001 fe2c 	bl	341827c8 <samsungsds_aimer_128s_ref_hash_update>
34180b70:	2201      	movs	r2, #1
34180b72:	4650      	mov	r0, sl
34180b74:	a948      	add	r1, sp, #288	@ 0x120
34180b76:	f001 fe27 	bl	341827c8 <samsungsds_aimer_128s_ref_hash_update>
34180b7a:	2201      	movs	r2, #1
34180b7c:	4650      	mov	r0, sl
34180b7e:	a954      	add	r1, sp, #336	@ 0x150
34180b80:	f001 fe22 	bl	341827c8 <samsungsds_aimer_128s_ref_hash_update>
34180b84:	2210      	movs	r2, #16
34180b86:	4641      	mov	r1, r8
34180b88:	4650      	mov	r0, sl
34180b8a:	f001 fe1d 	bl	341827c8 <samsungsds_aimer_128s_ref_hash_update>
34180b8e:	4650      	mov	r0, sl
34180b90:	f001 fe1c 	bl	341827cc <samsungsds_aimer_128s_ref_hash_final>
34180b94:	2220      	movs	r2, #32
34180b96:	4639      	mov	r1, r7
34180b98:	4650      	mov	r0, sl
34180b9a:	f001 fe19 	bl	341827d0 <samsungsds_aimer_128s_ref_hash_squeeze>
34180b9e:	2270      	movs	r2, #112	@ 0x70
34180ba0:	4621      	mov	r1, r4
34180ba2:	4650      	mov	r0, sl
34180ba4:	f001 fe14 	bl	341827d0 <samsungsds_aimer_128s_ref_hash_squeeze>
34180ba8:	4650      	mov	r0, sl
34180baa:	f001 fe17 	bl	341827dc <samsungsds_aimer_128s_ref_hash_ctx_release>
34180bae:	a984      	add	r1, sp, #528	@ 0x210
34180bb0:	4608      	mov	r0, r1
34180bb2:	4622      	mov	r2, r4
34180bb4:	f001 ff9c 	bl	34182af0 <samsungsds_aimer_128s_ref_gf_add>
34180bb8:	a988      	add	r1, sp, #544	@ 0x220
34180bba:	4608      	mov	r0, r1
34180bbc:	f104 0210 	add.w	r2, r4, #16
34180bc0:	f001 ff96 	bl	34182af0 <samsungsds_aimer_128s_ref_gf_add>
34180bc4:	a98c      	add	r1, sp, #560	@ 0x230
34180bc6:	4608      	mov	r0, r1
34180bc8:	f104 0220 	add.w	r2, r4, #32
34180bcc:	f001 ff90 	bl	34182af0 <samsungsds_aimer_128s_ref_gf_add>
34180bd0:	f104 0330 	add.w	r3, r4, #48	@ 0x30
34180bd4:	aa90      	add	r2, sp, #576	@ 0x240
34180bd6:	eb09 0102 	add.w	r1, r9, r2
34180bda:	9305      	str	r3, [sp, #20]
34180bdc:	eb03 0209 	add.w	r2, r3, r9
34180be0:	4608      	mov	r0, r1
34180be2:	ab90      	add	r3, sp, #576	@ 0x240
34180be4:	f109 0910 	add.w	r9, r9, #16
34180be8:	9308      	str	r3, [sp, #32]
34180bea:	f001 ff81 	bl	34182af0 <samsungsds_aimer_128s_ref_gf_add>
34180bee:	f1b9 0f30 	cmp.w	r9, #48	@ 0x30
34180bf2:	9b05      	ldr	r3, [sp, #20]
34180bf4:	d1ee      	bne.n	34180bd4 <__wrap_samsungsds_aimer_128s_ref_crypto_sign_signature+0x264>
34180bf6:	a99c      	add	r1, sp, #624	@ 0x270
34180bf8:	f104 0960 	add.w	r9, r4, #96	@ 0x60
34180bfc:	464a      	mov	r2, r9
34180bfe:	4608      	mov	r0, r1
34180c00:	f001 ff76 	bl	34182af0 <samsungsds_aimer_128s_ref_gf_add>
34180c04:	2eff      	cmp	r6, #255	@ 0xff
34180c06:	f000 81ca 	beq.w	34180f9e <__wrap_samsungsds_aimer_128s_ref_crypto_sign_signature+0x62e>
34180c0a:	9b04      	ldr	r3, [sp, #16]
34180c0c:	f108 0810 	add.w	r8, r8, #16
34180c10:	3307      	adds	r3, #7
34180c12:	2b1c      	cmp	r3, #28
34180c14:	9304      	str	r3, [sp, #16]
34180c16:	f107 0720 	add.w	r7, r7, #32
34180c1a:	f104 0470 	add.w	r4, r4, #112	@ 0x70
34180c1e:	f106 0601 	add.w	r6, r6, #1
34180c22:	d195      	bne.n	34180b50 <__wrap_samsungsds_aimer_128s_ref_crypto_sign_signature+0x1e0>
34180c24:	2304      	movs	r3, #4
34180c26:	9500      	str	r5, [sp, #0]
34180c28:	9301      	str	r3, [sp, #4]
34180c2a:	4650      	mov	r0, sl
34180c2c:	9903      	ldr	r1, [sp, #12]
34180c2e:	ab20      	add	r3, sp, #128	@ 0x80
34180c30:	f50d 6292 	add.w	r2, sp, #1168	@ 0x490
34180c34:	3504      	adds	r5, #4
34180c36:	f001 f9e9 	bl	3418200c <m55_aim3_mpc_batch4>
34180c3a:	f5b5 7f80 	cmp.w	r5, #256	@ 0x100
34180c3e:	f10b 0b40 	add.w	fp, fp, #64	@ 0x40
34180c42:	f47f af7c 	bne.w	34180b3e <__wrap_samsungsds_aimer_128s_ref_crypto_sign_signature+0x1ce>
34180c46:	f44f 5200 	mov.w	r2, #8192	@ 0x2000
34180c4a:	e9dd 4510 	ldrd	r4, r5, [sp, #64]	@ 0x40
34180c4e:	990a      	ldr	r1, [sp, #40]	@ 0x28
34180c50:	a864      	add	r0, sp, #400	@ 0x190
34180c52:	f8dd 9048 	ldr.w	r9, [sp, #72]	@ 0x48
34180c56:	f001 fdb7 	bl	341827c8 <samsungsds_aimer_128s_ref_hash_update>
34180c5a:	2240      	movs	r2, #64	@ 0x40
34180c5c:	990e      	ldr	r1, [sp, #56]	@ 0x38
34180c5e:	a864      	add	r0, sp, #400	@ 0x190
34180c60:	f001 fdb2 	bl	341827c8 <samsungsds_aimer_128s_ref_hash_update>
34180c64:	9b09      	ldr	r3, [sp, #36]	@ 0x24
34180c66:	3401      	adds	r4, #1
34180c68:	f503 7388 	add.w	r3, r3, #272	@ 0x110
34180c6c:	2c11      	cmp	r4, #17
34180c6e:	f105 0510 	add.w	r5, r5, #16
34180c72:	9309      	str	r3, [sp, #36]	@ 0x24
34180c74:	f47f af49 	bne.w	34180b0a <__wrap_samsungsds_aimer_128s_ref_crypto_sign_signature+0x19a>
34180c78:	2500      	movs	r5, #0
34180c7a:	a864      	add	r0, sp, #400	@ 0x190
34180c7c:	f001 fda6 	bl	341827cc <samsungsds_aimer_128s_ref_hash_final>
34180c80:	9c07      	ldr	r4, [sp, #28]
34180c82:	2220      	movs	r2, #32
34180c84:	f104 0810 	add.w	r8, r4, #16
34180c88:	4641      	mov	r1, r8
34180c8a:	a864      	add	r0, sp, #400	@ 0x190
34180c8c:	f001 fda0 	bl	341827d0 <samsungsds_aimer_128s_ref_hash_squeeze>
34180c90:	a864      	add	r0, sp, #400	@ 0x190
34180c92:	f001 fda3 	bl	341827dc <samsungsds_aimer_128s_ref_hash_ctx_release>
34180c96:	a81a      	add	r0, sp, #104	@ 0x68
34180c98:	f001 fd84 	bl	341827a4 <samsungsds_aimer_128s_ref_hash_init>
34180c9c:	2220      	movs	r2, #32
34180c9e:	4641      	mov	r1, r8
34180ca0:	a81a      	add	r0, sp, #104	@ 0x68
34180ca2:	f001 fd91 	bl	341827c8 <samsungsds_aimer_128s_ref_hash_update>
34180ca6:	a81a      	add	r0, sp, #104	@ 0x68
34180ca8:	f001 fd90 	bl	341827cc <samsungsds_aimer_128s_ref_hash_final>
34180cac:	2102      	movs	r1, #2
34180cae:	a81b      	add	r0, sp, #108	@ 0x6c
34180cb0:	f001 fd7a 	bl	341827a8 <samsungsds_aimer_128s_ref_hash_init_prefix>
34180cb4:	2220      	movs	r2, #32
34180cb6:	4641      	mov	r1, r8
34180cb8:	a81b      	add	r0, sp, #108	@ 0x6c
34180cba:	f001 fd85 	bl	341827c8 <samsungsds_aimer_128s_ref_hash_update>
34180cbe:	2210      	movs	r2, #16
34180cc0:	4621      	mov	r1, r4
34180cc2:	a81b      	add	r0, sp, #108	@ 0x6c
34180cc4:	f001 fd80 	bl	341827c8 <samsungsds_aimer_128s_ref_hash_update>
34180cc8:	9410      	str	r4, [sp, #64]	@ 0x40
34180cca:	f8cd 8060 	str.w	r8, [sp, #96]	@ 0x60
34180cce:	f8cd 9058 	str.w	r9, [sp, #88]	@ 0x58
34180cd2:	2700      	movs	r7, #0
34180cd4:	2230      	movs	r2, #48	@ 0x30
34180cd6:	a93c      	add	r1, sp, #240	@ 0xf0
34180cd8:	a81a      	add	r0, sp, #104	@ 0x68
34180cda:	f001 fd79 	bl	341827d0 <samsungsds_aimer_128s_ref_hash_squeeze>
34180cde:	2230      	movs	r2, #48	@ 0x30
34180ce0:	2100      	movs	r1, #0
34180ce2:	a848      	add	r0, sp, #288	@ 0x120
34180ce4:	f008 fd48 	bl	34189778 <memset>
34180ce8:	abe0      	add	r3, sp, #896	@ 0x380
34180cea:	462a      	mov	r2, r5
34180cec:	eb03 1305 	add.w	r3, r3, r5, lsl #4
34180cf0:	9907      	ldr	r1, [sp, #28]
34180cf2:	9816      	ldr	r0, [sp, #88]	@ 0x58
34180cf4:	f001 fdc2 	bl	3418287c <samsungsds_aimer_128s_ref_expand_tree>
34180cf8:	9b10      	ldr	r3, [sp, #64]	@ 0x40
34180cfa:	f8dd 9054 	ldr.w	r9, [sp, #84]	@ 0x54
34180cfe:	f103 02f0 	add.w	r2, r3, #240	@ 0xf0
34180d02:	f503 7390 	add.w	r3, r3, #288	@ 0x120
34180d06:	950f      	str	r5, [sp, #60]	@ 0x3c
34180d08:	9211      	str	r2, [sp, #68]	@ 0x44
34180d0a:	9312      	str	r3, [sp, #72]	@ 0x48
34180d0c:	9519      	str	r5, [sp, #100]	@ 0x64
34180d0e:	463c      	mov	r4, r7
34180d10:	464e      	mov	r6, r9
34180d12:	f50d 6592 	add.w	r5, sp, #1168	@ 0x490
34180d16:	9b0f      	ldr	r3, [sp, #60]	@ 0x3c
34180d18:	2105      	movs	r1, #5
34180d1a:	4650      	mov	r0, sl
34180d1c:	f88d 31d0 	strb.w	r3, [sp, #464]	@ 0x1d0
34180d20:	f88d 4210 	strb.w	r4, [sp, #528]	@ 0x210
34180d24:	f001 fd40 	bl	341827a8 <samsungsds_aimer_128s_ref_hash_init_prefix>
34180d28:	2210      	movs	r2, #16
34180d2a:	4650      	mov	r0, sl
34180d2c:	9907      	ldr	r1, [sp, #28]
34180d2e:	f001 fd4b 	bl	341827c8 <samsungsds_aimer_128s_ref_hash_update>
34180d32:	2201      	movs	r2, #1
34180d34:	4650      	mov	r0, sl
34180d36:	a974      	add	r1, sp, #464	@ 0x1d0
34180d38:	f001 fd46 	bl	341827c8 <samsungsds_aimer_128s_ref_hash_update>
34180d3c:	2201      	movs	r2, #1
34180d3e:	4650      	mov	r0, sl
34180d40:	a984      	add	r1, sp, #528	@ 0x210
34180d42:	f001 fd41 	bl	341827c8 <samsungsds_aimer_128s_ref_hash_update>
34180d46:	4631      	mov	r1, r6
34180d48:	2210      	movs	r2, #16
34180d4a:	4650      	mov	r0, sl
34180d4c:	f001 fd3c 	bl	341827c8 <samsungsds_aimer_128s_ref_hash_update>
34180d50:	4650      	mov	r0, sl
34180d52:	f001 fd3b 	bl	341827cc <samsungsds_aimer_128s_ref_hash_final>
34180d56:	2220      	movs	r2, #32
34180d58:	4650      	mov	r0, sl
34180d5a:	a928      	add	r1, sp, #160	@ 0xa0
34180d5c:	f001 fd38 	bl	341827d0 <samsungsds_aimer_128s_ref_hash_squeeze>
34180d60:	2270      	movs	r2, #112	@ 0x70
34180d62:	4629      	mov	r1, r5
34180d64:	4650      	mov	r0, sl
34180d66:	f001 fd33 	bl	341827d0 <samsungsds_aimer_128s_ref_hash_squeeze>
34180d6a:	4650      	mov	r0, sl
34180d6c:	f001 fd36 	bl	341827dc <samsungsds_aimer_128s_ref_hash_ctx_release>
34180d70:	2cff      	cmp	r4, #255	@ 0xff
34180d72:	f106 0610 	add.w	r6, r6, #16
34180d76:	f104 0401 	add.w	r4, r4, #1
34180d7a:	f000 80e5 	beq.w	34180f48 <__wrap_samsungsds_aimer_128s_ref_crypto_sign_signature+0x5d8>
34180d7e:	3570      	adds	r5, #112	@ 0x70
34180d80:	45aa      	cmp	sl, r5
34180d82:	d1c8      	bne.n	34180d16 <__wrap_samsungsds_aimer_128s_ref_crypto_sign_signature+0x3a6>
34180d84:	2304      	movs	r3, #4
34180d86:	f04f 0b00 	mov.w	fp, #0
34180d8a:	9301      	str	r3, [sp, #4]
34180d8c:	f50d 6292 	add.w	r2, sp, #1168	@ 0x490
34180d90:	ab20      	add	r3, sp, #128	@ 0x80
34180d92:	4650      	mov	r0, sl
34180d94:	9903      	ldr	r1, [sp, #12]
34180d96:	9700      	str	r7, [sp, #0]
34180d98:	f001 f938 	bl	3418200c <m55_aim3_mpc_batch4>
34180d9c:	9a0d      	ldr	r2, [sp, #52]	@ 0x34
34180d9e:	eb07 0447 	add.w	r4, r7, r7, lsl #1
34180da2:	eb02 1307 	add.w	r3, r2, r7, lsl #4
34180da6:	4698      	mov	r8, r3
34180da8:	9306      	str	r3, [sp, #24]
34180daa:	9b0c      	ldr	r3, [sp, #48]	@ 0x30
34180dac:	920e      	str	r2, [sp, #56]	@ 0x38
34180dae:	f8cd a010 	str.w	sl, [sp, #16]
34180db2:	f50d 66dc 	add.w	r6, sp, #1760	@ 0x6e0
34180db6:	eb03 1504 	add.w	r5, r3, r4, lsl #4
34180dba:	4640      	mov	r0, r8
34180dbc:	f106 0130 	add.w	r1, r6, #48	@ 0x30
34180dc0:	f001 fe8c 	bl	34182adc <samsungsds_aimer_128s_ref_gf_copy>
34180dc4:	4631      	mov	r1, r6
34180dc6:	4628      	mov	r0, r5
34180dc8:	3530      	adds	r5, #48	@ 0x30
34180dca:	9108      	str	r1, [sp, #32]
34180dcc:	9005      	str	r0, [sp, #20]
34180dce:	f001 fe85 	bl	34182adc <samsungsds_aimer_128s_ref_gf_copy>
34180dd2:	9805      	ldr	r0, [sp, #20]
34180dd4:	9908      	ldr	r1, [sp, #32]
34180dd6:	3010      	adds	r0, #16
34180dd8:	4285      	cmp	r5, r0
34180dda:	f101 0110 	add.w	r1, r1, #16
34180dde:	d1f4      	bne.n	34180dca <__wrap_samsungsds_aimer_128s_ref_crypto_sign_signature+0x45a>
34180de0:	f10b 0b0d 	add.w	fp, fp, #13
34180de4:	f1bb 0f34 	cmp.w	fp, #52	@ 0x34
34180de8:	f108 0810 	add.w	r8, r8, #16
34180dec:	f106 06d0 	add.w	r6, r6, #208	@ 0xd0
34180df0:	d1e3      	bne.n	34180dba <__wrap_samsungsds_aimer_128s_ref_crypto_sign_signature+0x44a>
34180df2:	2600      	movs	r6, #0
34180df4:	9b0b      	ldr	r3, [sp, #44]	@ 0x2c
34180df6:	9705      	str	r7, [sp, #20]
34180df8:	9f04      	ldr	r7, [sp, #16]
34180dfa:	eb03 1404 	add.w	r4, r3, r4, lsl #4
34180dfe:	ad3c      	add	r5, sp, #240	@ 0xf0
34180e00:	f50d 7b90 	add.w	fp, sp, #288	@ 0x120
34180e04:	46b8      	mov	r8, r7
34180e06:	4622      	mov	r2, r4
34180e08:	ab54      	add	r3, sp, #336	@ 0x150
34180e0a:	ac64      	add	r4, sp, #400	@ 0x190
34180e0c:	4618      	mov	r0, r3
34180e0e:	4641      	mov	r1, r8
34180e10:	9208      	str	r2, [sp, #32]
34180e12:	9304      	str	r3, [sp, #16]
34180e14:	f001 fe62 	bl	34182adc <samsungsds_aimer_128s_ref_gf_copy>
34180e18:	4620      	mov	r0, r4
34180e1a:	f108 0130 	add.w	r1, r8, #48	@ 0x30
34180e1e:	f001 fe5d 	bl	34182adc <samsungsds_aimer_128s_ref_gf_copy>
34180e22:	9b04      	ldr	r3, [sp, #16]
34180e24:	aa64      	add	r2, sp, #400	@ 0x190
34180e26:	3310      	adds	r3, #16
34180e28:	429a      	cmp	r2, r3
34180e2a:	f108 08d0 	add.w	r8, r8, #208	@ 0xd0
34180e2e:	9a08      	ldr	r2, [sp, #32]
34180e30:	f104 0410 	add.w	r4, r4, #16
34180e34:	d1ea      	bne.n	34180e0c <__wrap_samsungsds_aimer_128s_ref_crypto_sign_signature+0x49c>
34180e36:	4614      	mov	r4, r2
34180e38:	2304      	movs	r3, #4
34180e3a:	462a      	mov	r2, r5
34180e3c:	a954      	add	r1, sp, #336	@ 0x150
34180e3e:	a874      	add	r0, sp, #464	@ 0x1d0
34180e40:	f000 fe28 	bl	34181a94 <m55_gf_mul_const_batch4>
34180e44:	2304      	movs	r3, #4
34180e46:	462a      	mov	r2, r5
34180e48:	a964      	add	r1, sp, #400	@ 0x190
34180e4a:	a884      	add	r0, sp, #528	@ 0x210
34180e4c:	f000 fe22 	bl	34181a94 <m55_gf_mul_const_batch4>
34180e50:	aa84      	add	r2, sp, #528	@ 0x210
34180e52:	9208      	str	r2, [sp, #32]
34180e54:	f8dd 8018 	ldr.w	r8, [sp, #24]
34180e58:	f107 0260 	add.w	r2, r7, #96	@ 0x60
34180e5c:	ab74      	add	r3, sp, #464	@ 0x1d0
34180e5e:	9404      	str	r4, [sp, #16]
34180e60:	9209      	str	r2, [sp, #36]	@ 0x24
34180e62:	461a      	mov	r2, r3
34180e64:	9909      	ldr	r1, [sp, #36]	@ 0x24
34180e66:	9804      	ldr	r0, [sp, #16]
34180e68:	9313      	str	r3, [sp, #76]	@ 0x4c
34180e6a:	f001 fe41 	bl	34182af0 <samsungsds_aimer_128s_ref_gf_add>
34180e6e:	4659      	mov	r1, fp
34180e70:	4658      	mov	r0, fp
34180e72:	9a04      	ldr	r2, [sp, #16]
34180e74:	f001 fe3c 	bl	34182af0 <samsungsds_aimer_128s_ref_gf_add>
34180e78:	4641      	mov	r1, r8
34180e7a:	4640      	mov	r0, r8
34180e7c:	9a08      	ldr	r2, [sp, #32]
34180e7e:	f001 fe37 	bl	34182af0 <samsungsds_aimer_128s_ref_gf_add>
34180e82:	9a08      	ldr	r2, [sp, #32]
34180e84:	9b13      	ldr	r3, [sp, #76]	@ 0x4c
34180e86:	9804      	ldr	r0, [sp, #16]
34180e88:	9909      	ldr	r1, [sp, #36]	@ 0x24
34180e8a:	3210      	adds	r2, #16
34180e8c:	3310      	adds	r3, #16
34180e8e:	9208      	str	r2, [sp, #32]
34180e90:	aa84      	add	r2, sp, #528	@ 0x210
34180e92:	3030      	adds	r0, #48	@ 0x30
34180e94:	31d0      	adds	r1, #208	@ 0xd0
34180e96:	429a      	cmp	r2, r3
34180e98:	9004      	str	r0, [sp, #16]
34180e9a:	9109      	str	r1, [sp, #36]	@ 0x24
34180e9c:	f108 0810 	add.w	r8, r8, #16
34180ea0:	d1df      	bne.n	34180e62 <__wrap_samsungsds_aimer_128s_ref_crypto_sign_signature+0x4f2>
34180ea2:	3601      	adds	r6, #1
34180ea4:	2e03      	cmp	r6, #3
34180ea6:	f104 0410 	add.w	r4, r4, #16
34180eaa:	f107 0710 	add.w	r7, r7, #16
34180eae:	f10b 0b10 	add.w	fp, fp, #16
34180eb2:	f105 0510 	add.w	r5, r5, #16
34180eb6:	d1a5      	bne.n	34180e04 <__wrap_samsungsds_aimer_128s_ref_crypto_sign_signature+0x494>
34180eb8:	9f05      	ldr	r7, [sp, #20]
34180eba:	f109 0940 	add.w	r9, r9, #64	@ 0x40
34180ebe:	3704      	adds	r7, #4
34180ec0:	f5b7 7f80 	cmp.w	r7, #256	@ 0x100
34180ec4:	f47f af23 	bne.w	34180d0e <__wrap_samsungsds_aimer_128s_ref_crypto_sign_signature+0x39e>
34180ec8:	f04f 0800 	mov.w	r8, #0
34180ecc:	9d19      	ldr	r5, [sp, #100]	@ 0x64
34180ece:	9c0e      	ldr	r4, [sp, #56]	@ 0x38
34180ed0:	f8dd b030 	ldr.w	fp, [sp, #48]	@ 0x30
34180ed4:	af54      	add	r7, sp, #336	@ 0x150
34180ed6:	9506      	str	r5, [sp, #24]
34180ed8:	eb08 0548 	add.w	r5, r8, r8, lsl #1
34180edc:	eb0b 1505 	add.w	r5, fp, r5, lsl #4
34180ee0:	ae48      	add	r6, sp, #288	@ 0x120
34180ee2:	f104 0940 	add.w	r9, r4, #64	@ 0x40
34180ee6:	4629      	mov	r1, r5
34180ee8:	f50d 6092 	add.w	r0, sp, #1168	@ 0x490
34180eec:	e9cd 0104 	strd	r0, r1, [sp, #16]
34180ef0:	f001 fdf4 	bl	34182adc <samsungsds_aimer_128s_ref_gf_copy>
34180ef4:	9804      	ldr	r0, [sp, #16]
34180ef6:	9905      	ldr	r1, [sp, #20]
34180ef8:	3010      	adds	r0, #16
34180efa:	f50d 639a 	add.w	r3, sp, #1232	@ 0x4d0
34180efe:	4283      	cmp	r3, r0
34180f00:	f101 0130 	add.w	r1, r1, #48	@ 0x30
34180f04:	d1f2      	bne.n	34180eec <__wrap_samsungsds_aimer_128s_ref_crypto_sign_signature+0x57c>
34180f06:	4632      	mov	r2, r6
34180f08:	f50d 6192 	add.w	r1, sp, #1168	@ 0x490
34180f0c:	2304      	movs	r3, #4
34180f0e:	4650      	mov	r0, sl
34180f10:	f000 fdc0 	bl	34181a94 <m55_gf_mul_const_batch4>
34180f14:	4652      	mov	r2, sl
34180f16:	4621      	mov	r1, r4
34180f18:	4608      	mov	r0, r1
34180f1a:	9205      	str	r2, [sp, #20]
34180f1c:	9104      	str	r1, [sp, #16]
34180f1e:	f001 fde7 	bl	34182af0 <samsungsds_aimer_128s_ref_gf_add>
34180f22:	9904      	ldr	r1, [sp, #16]
34180f24:	9a05      	ldr	r2, [sp, #20]
34180f26:	3110      	adds	r1, #16
34180f28:	4589      	cmp	r9, r1
34180f2a:	f102 0210 	add.w	r2, r2, #16
34180f2e:	d1f3      	bne.n	34180f18 <__wrap_samsungsds_aimer_128s_ref_crypto_sign_signature+0x5a8>
34180f30:	3610      	adds	r6, #16
34180f32:	42b7      	cmp	r7, r6
34180f34:	f105 0510 	add.w	r5, r5, #16
34180f38:	d1d5      	bne.n	34180ee6 <__wrap_samsungsds_aimer_128s_ref_crypto_sign_signature+0x576>
34180f3a:	f108 0804 	add.w	r8, r8, #4
34180f3e:	f5b8 7f80 	cmp.w	r8, #256	@ 0x100
34180f42:	d06f      	beq.n	34181024 <__wrap_samsungsds_aimer_128s_ref_crypto_sign_signature+0x6b4>
34180f44:	464c      	mov	r4, r9
34180f46:	e7c7      	b.n	34180ed8 <__wrap_samsungsds_aimer_128s_ref_crypto_sign_signature+0x568>
34180f48:	2300      	movs	r3, #0
34180f4a:	2600      	movs	r6, #0
34180f4c:	e9ca 3300 	strd	r3, r3, [sl]
34180f50:	e9ca 3302 	strd	r3, r3, [sl, #8]
34180f54:	4650      	mov	r0, sl
34180f56:	9911      	ldr	r1, [sp, #68]	@ 0x44
34180f58:	f001 fda2 	bl	34182aa0 <samsungsds_aimer_128s_ref_gf_from_bytes>
34180f5c:	4629      	mov	r1, r5
34180f5e:	4628      	mov	r0, r5
34180f60:	4652      	mov	r2, sl
34180f62:	f001 fdc5 	bl	34182af0 <samsungsds_aimer_128s_ref_gf_add>
34180f66:	9b10      	ldr	r3, [sp, #64]	@ 0x40
34180f68:	f50d 64be 	add.w	r4, sp, #1520	@ 0x5f0
34180f6c:	f503 7580 	add.w	r5, r3, #256	@ 0x100
34180f70:	19a9      	adds	r1, r5, r6
34180f72:	4650      	mov	r0, sl
34180f74:	f001 fd94 	bl	34182aa0 <samsungsds_aimer_128s_ref_gf_from_bytes>
34180f78:	19a1      	adds	r1, r4, r6
34180f7a:	4652      	mov	r2, sl
34180f7c:	4608      	mov	r0, r1
34180f7e:	3610      	adds	r6, #16
34180f80:	f001 fdb6 	bl	34182af0 <samsungsds_aimer_128s_ref_gf_add>
34180f84:	2e20      	cmp	r6, #32
34180f86:	d1f3      	bne.n	34180f70 <__wrap_samsungsds_aimer_128s_ref_crypto_sign_signature+0x600>
34180f88:	4650      	mov	r0, sl
34180f8a:	9912      	ldr	r1, [sp, #72]	@ 0x48
34180f8c:	f001 fd88 	bl	34182aa0 <samsungsds_aimer_128s_ref_gf_from_bytes>
34180f90:	f50d 61c8 	add.w	r1, sp, #1600	@ 0x640
34180f94:	4652      	mov	r2, sl
34180f96:	4608      	mov	r0, r1
34180f98:	f001 fdaa 	bl	34182af0 <samsungsds_aimer_128s_ref_gf_add>
34180f9c:	e6f2      	b.n	34180d84 <__wrap_samsungsds_aimer_128s_ref_crypto_sign_signature+0x414>
34180f9e:	a984      	add	r1, sp, #528	@ 0x210
34180fa0:	4608      	mov	r0, r1
34180fa2:	aa1c      	add	r2, sp, #112	@ 0x70
34180fa4:	f001 fda4 	bl	34182af0 <samsungsds_aimer_128s_ref_gf_add>
34180fa8:	980e      	ldr	r0, [sp, #56]	@ 0x38
34180faa:	a984      	add	r1, sp, #528	@ 0x210
34180fac:	f001 fd46 	bl	34182a3c <samsungsds_aimer_128s_ref_gf_to_bytes>
34180fb0:	4622      	mov	r2, r4
34180fb2:	4620      	mov	r0, r4
34180fb4:	2400      	movs	r4, #0
34180fb6:	a984      	add	r1, sp, #528	@ 0x210
34180fb8:	f001 fd9a 	bl	34182af0 <samsungsds_aimer_128s_ref_gf_add>
34180fbc:	9b09      	ldr	r3, [sp, #36]	@ 0x24
34180fbe:	af88      	add	r7, sp, #544	@ 0x220
34180fc0:	f503 7680 	add.w	r6, r3, #256	@ 0x100
34180fc4:	f50d 63be 	add.w	r3, sp, #1520	@ 0x5f0
34180fc8:	e9cd 3504 	strd	r3, r5, [sp, #16]
34180fcc:	ab30      	add	r3, sp, #192	@ 0xc0
34180fce:	191a      	adds	r2, r3, r4
34180fd0:	1939      	adds	r1, r7, r4
34180fd2:	1938      	adds	r0, r7, r4
34180fd4:	4698      	mov	r8, r3
34180fd6:	f001 fd8b 	bl	34182af0 <samsungsds_aimer_128s_ref_gf_add>
34180fda:	1939      	adds	r1, r7, r4
34180fdc:	1930      	adds	r0, r6, r4
34180fde:	f001 fd2d 	bl	34182a3c <samsungsds_aimer_128s_ref_gf_to_bytes>
34180fe2:	9b04      	ldr	r3, [sp, #16]
34180fe4:	1939      	adds	r1, r7, r4
34180fe6:	191a      	adds	r2, r3, r4
34180fe8:	4610      	mov	r0, r2
34180fea:	3410      	adds	r4, #16
34180fec:	f001 fd80 	bl	34182af0 <samsungsds_aimer_128s_ref_gf_add>
34180ff0:	2c20      	cmp	r4, #32
34180ff2:	d1eb      	bne.n	34180fcc <__wrap_samsungsds_aimer_128s_ref_crypto_sign_signature+0x65c>
34180ff4:	4644      	mov	r4, r8
34180ff6:	9e08      	ldr	r6, [sp, #32]
34180ff8:	9d05      	ldr	r5, [sp, #20]
34180ffa:	4622      	mov	r2, r4
34180ffc:	4631      	mov	r1, r6
34180ffe:	a89c      	add	r0, sp, #624	@ 0x270
34181000:	f001 fdb0 	bl	34182b64 <samsungsds_aimer_128s_ref_gf_mul_add>
34181004:	3410      	adds	r4, #16
34181006:	ab3c      	add	r3, sp, #240	@ 0xf0
34181008:	42a3      	cmp	r3, r4
3418100a:	f106 0610 	add.w	r6, r6, #16
3418100e:	d1f4      	bne.n	34180ffa <__wrap_samsungsds_aimer_128s_ref_crypto_sign_signature+0x68a>
34181010:	980f      	ldr	r0, [sp, #60]	@ 0x3c
34181012:	a99c      	add	r1, sp, #624	@ 0x270
34181014:	f001 fd12 	bl	34182a3c <samsungsds_aimer_128s_ref_gf_to_bytes>
34181018:	464a      	mov	r2, r9
3418101a:	4648      	mov	r0, r9
3418101c:	a99c      	add	r1, sp, #624	@ 0x270
3418101e:	f001 fd67 	bl	34182af0 <samsungsds_aimer_128s_ref_gf_add>
34181022:	e5ff      	b.n	34180c24 <__wrap_samsungsds_aimer_128s_ref_crypto_sign_signature+0x2b4>
34181024:	f44f 5240 	mov.w	r2, #12288	@ 0x3000
34181028:	990b      	ldr	r1, [sp, #44]	@ 0x2c
3418102a:	a81b      	add	r0, sp, #108	@ 0x6c
3418102c:	9d06      	ldr	r5, [sp, #24]
3418102e:	f001 fbcb 	bl	341827c8 <samsungsds_aimer_128s_ref_hash_update>
34181032:	f44f 5280 	mov.w	r2, #4096	@ 0x1000
34181036:	990d      	ldr	r1, [sp, #52]	@ 0x34
34181038:	a81b      	add	r0, sp, #108	@ 0x6c
3418103a:	f001 fbc5 	bl	341827c8 <samsungsds_aimer_128s_ref_hash_update>
3418103e:	9b10      	ldr	r3, [sp, #64]	@ 0x40
34181040:	3501      	adds	r5, #1
34181042:	f503 7388 	add.w	r3, r3, #272	@ 0x110
34181046:	2d11      	cmp	r5, #17
34181048:	9310      	str	r3, [sp, #64]	@ 0x40
3418104a:	f47f ae42 	bne.w	34180cd2 <__wrap_samsungsds_aimer_128s_ref_crypto_sign_signature+0x362>
3418104e:	2700      	movs	r7, #0
34181050:	a81b      	add	r0, sp, #108	@ 0x6c
34181052:	f8dd 8060 	ldr.w	r8, [sp, #96]	@ 0x60
34181056:	f8dd 9058 	ldr.w	r9, [sp, #88]	@ 0x58
3418105a:	f001 fbb7 	bl	341827cc <samsungsds_aimer_128s_ref_hash_final>
3418105e:	9e07      	ldr	r6, [sp, #28]
34181060:	2220      	movs	r2, #32
34181062:	f106 0130 	add.w	r1, r6, #48	@ 0x30
34181066:	a81b      	add	r0, sp, #108	@ 0x6c
34181068:	f001 fbb2 	bl	341827d0 <samsungsds_aimer_128s_ref_hash_squeeze>
3418106c:	a81b      	add	r0, sp, #108	@ 0x6c
3418106e:	f001 fbb5 	bl	341827dc <samsungsds_aimer_128s_ref_hash_ctx_release>
34181072:	a81a      	add	r0, sp, #104	@ 0x68
34181074:	f001 fbb2 	bl	341827dc <samsungsds_aimer_128s_ref_hash_ctx_release>
34181078:	a854      	add	r0, sp, #336	@ 0x150
3418107a:	f001 fb93 	bl	341827a4 <samsungsds_aimer_128s_ref_hash_init>
3418107e:	2220      	movs	r2, #32
34181080:	f106 0130 	add.w	r1, r6, #48	@ 0x30
34181084:	a854      	add	r0, sp, #336	@ 0x150
34181086:	f001 fb9f 	bl	341827c8 <samsungsds_aimer_128s_ref_hash_update>
3418108a:	a854      	add	r0, sp, #336	@ 0x150
3418108c:	f001 fb9e 	bl	341827cc <samsungsds_aimer_128s_ref_hash_final>
34181090:	462a      	mov	r2, r5
34181092:	a974      	add	r1, sp, #464	@ 0x1d0
34181094:	a854      	add	r0, sp, #336	@ 0x150
34181096:	f001 fb9b 	bl	341827d0 <samsungsds_aimer_128s_ref_hash_squeeze>
3418109a:	a854      	add	r0, sp, #336	@ 0x150
3418109c:	f001 fb9e 	bl	341827dc <samsungsds_aimer_128s_ref_hash_ctx_release>
341810a0:	a854      	add	r0, sp, #336	@ 0x150
341810a2:	f001 fb7f 	bl	341827a4 <samsungsds_aimer_128s_ref_hash_init>
341810a6:	4641      	mov	r1, r8
341810a8:	2220      	movs	r2, #32
341810aa:	a854      	add	r0, sp, #336	@ 0x150
341810ac:	f001 fb8c 	bl	341827c8 <samsungsds_aimer_128s_ref_hash_update>
341810b0:	a854      	add	r0, sp, #336	@ 0x150
341810b2:	f001 fb8b 	bl	341827cc <samsungsds_aimer_128s_ref_hash_final>
341810b6:	f20d 13cf 	addw	r3, sp, #463	@ 0x1cf
341810ba:	9304      	str	r3, [sp, #16]
341810bc:	f106 0850 	add.w	r8, r6, #80	@ 0x50
341810c0:	9b04      	ldr	r3, [sp, #16]
341810c2:	2230      	movs	r2, #48	@ 0x30
341810c4:	f813 4f01 	ldrb.w	r4, [r3, #1]!
341810c8:	a984      	add	r1, sp, #528	@ 0x210
341810ca:	a854      	add	r0, sp, #336	@ 0x150
341810cc:	9304      	str	r3, [sp, #16]
341810ce:	f001 fb7f 	bl	341827d0 <samsungsds_aimer_128s_ref_hash_squeeze>
341810d2:	9e07      	ldr	r6, [sp, #28]
341810d4:	9b14      	ldr	r3, [sp, #80]	@ 0x50
341810d6:	463a      	mov	r2, r7
341810d8:	4631      	mov	r1, r6
341810da:	4648      	mov	r0, r9
341810dc:	f001 fbce 	bl	3418287c <samsungsds_aimer_128s_ref_expand_tree>
341810e0:	4622      	mov	r2, r4
341810e2:	4649      	mov	r1, r9
341810e4:	4640      	mov	r0, r8
341810e6:	f001 fc0d 	bl	34182904 <samsungsds_aimer_128s_ref_reveal_all_but>
341810ea:	f104 5380 	add.w	r3, r4, #268435456	@ 0x10000000
341810ee:	33ff      	adds	r3, #255	@ 0xff
341810f0:	2105      	movs	r1, #5
341810f2:	4650      	mov	r0, sl
341810f4:	eb09 1503 	add.w	r5, r9, r3, lsl #4
341810f8:	f88d 7120 	strb.w	r7, [sp, #288]	@ 0x120
341810fc:	f88d 4190 	strb.w	r4, [sp, #400]	@ 0x190
34181100:	f001 fb52 	bl	341827a8 <samsungsds_aimer_128s_ref_hash_init_prefix>
34181104:	2210      	movs	r2, #16
34181106:	4631      	mov	r1, r6
34181108:	4650      	mov	r0, sl
3418110a:	f001 fb5d 	bl	341827c8 <samsungsds_aimer_128s_ref_hash_update>
3418110e:	2201      	movs	r2, #1
34181110:	4650      	mov	r0, sl
34181112:	a948      	add	r1, sp, #288	@ 0x120
34181114:	f001 fb58 	bl	341827c8 <samsungsds_aimer_128s_ref_hash_update>
34181118:	2201      	movs	r2, #1
3418111a:	4650      	mov	r0, sl
3418111c:	a964      	add	r1, sp, #400	@ 0x190
3418111e:	f001 fb53 	bl	341827c8 <samsungsds_aimer_128s_ref_hash_update>
34181122:	2210      	movs	r2, #16
34181124:	4629      	mov	r1, r5
34181126:	4650      	mov	r0, sl
34181128:	f001 fb4e 	bl	341827c8 <samsungsds_aimer_128s_ref_hash_update>
3418112c:	4650      	mov	r0, sl
3418112e:	f001 fb4d 	bl	341827cc <samsungsds_aimer_128s_ref_hash_final>
34181132:	2220      	movs	r2, #32
34181134:	4650      	mov	r0, sl
34181136:	f108 0180 	add.w	r1, r8, #128	@ 0x80
3418113a:	f001 fb49 	bl	341827d0 <samsungsds_aimer_128s_ref_hash_squeeze>
3418113e:	2270      	movs	r2, #112	@ 0x70
34181140:	4650      	mov	r0, sl
34181142:	f50d 6192 	add.w	r1, sp, #1168	@ 0x490
34181146:	f001 fb43 	bl	341827d0 <samsungsds_aimer_128s_ref_hash_squeeze>
3418114a:	4650      	mov	r0, sl
3418114c:	f001 fb46 	bl	341827dc <samsungsds_aimer_128s_ref_hash_ctx_release>
34181150:	2cff      	cmp	r4, #255	@ 0xff
34181152:	d04e      	beq.n	341811f2 <__wrap_samsungsds_aimer_128s_ref_crypto_sign_signature+0x882>
34181154:	22d0      	movs	r2, #208	@ 0xd0
34181156:	2100      	movs	r1, #0
34181158:	4650      	mov	r0, sl
3418115a:	f008 fb0d 	bl	34189778 <memset>
3418115e:	9400      	str	r4, [sp, #0]
34181160:	4650      	mov	r0, sl
34181162:	9903      	ldr	r1, [sp, #12]
34181164:	ab20      	add	r3, sp, #128	@ 0x80
34181166:	f50d 6292 	add.w	r2, sp, #1168	@ 0x490
3418116a:	f001 fa83 	bl	34182674 <samsungsds_aimer_128s_ref_aim3_mpc>
3418116e:	46d3      	mov	fp, sl
34181170:	ad84      	add	r5, sp, #528	@ 0x210
34181172:	f108 04e0 	add.w	r4, r8, #224	@ 0xe0
34181176:	f10b 0160 	add.w	r1, fp, #96	@ 0x60
3418117a:	a864      	add	r0, sp, #400	@ 0x190
3418117c:	f001 fcae 	bl	34182adc <samsungsds_aimer_128s_ref_gf_copy>
34181180:	462a      	mov	r2, r5
34181182:	4659      	mov	r1, fp
34181184:	a864      	add	r0, sp, #400	@ 0x190
34181186:	f001 fced 	bl	34182b64 <samsungsds_aimer_128s_ref_gf_mul_add>
3418118a:	4620      	mov	r0, r4
3418118c:	a964      	add	r1, sp, #400	@ 0x190
3418118e:	f001 fc55 	bl	34182a3c <samsungsds_aimer_128s_ref_gf_to_bytes>
34181192:	f10b 0b10 	add.w	fp, fp, #16
34181196:	f50d 63d0 	add.w	r3, sp, #1664	@ 0x680
3418119a:	455b      	cmp	r3, fp
3418119c:	f105 0510 	add.w	r5, r5, #16
341811a0:	f104 0410 	add.w	r4, r4, #16
341811a4:	d1e7      	bne.n	34181176 <__wrap_samsungsds_aimer_128s_ref_crypto_sign_signature+0x806>
341811a6:	9b14      	ldr	r3, [sp, #80]	@ 0x50
341811a8:	3701      	adds	r7, #1
341811aa:	3310      	adds	r3, #16
341811ac:	2f11      	cmp	r7, #17
341811ae:	9314      	str	r3, [sp, #80]	@ 0x50
341811b0:	f508 7888 	add.w	r8, r8, #272	@ 0x110
341811b4:	d184      	bne.n	341810c0 <__wrap_samsungsds_aimer_128s_ref_crypto_sign_signature+0x750>
341811b6:	a854      	add	r0, sp, #336	@ 0x150
341811b8:	f001 fb10 	bl	341827dc <samsungsds_aimer_128s_ref_hash_ctx_release>
341811bc:	f44f 5393 	mov.w	r3, #4704	@ 0x1260
341811c0:	9a17      	ldr	r2, [sp, #92]	@ 0x5c
341811c2:	9803      	ldr	r0, [sp, #12]
341811c4:	6013      	str	r3, [r2, #0]
341811c6:	f007 fcb9 	bl	34188b3c <free>
341811ca:	4648      	mov	r0, r9
341811cc:	f007 fcb6 	bl	34188b3c <free>
341811d0:	980a      	ldr	r0, [sp, #40]	@ 0x28
341811d2:	f007 fcb3 	bl	34188b3c <free>
341811d6:	980b      	ldr	r0, [sp, #44]	@ 0x2c
341811d8:	f007 fcb0 	bl	34188b3c <free>
341811dc:	980c      	ldr	r0, [sp, #48]	@ 0x30
341811de:	f007 fcad 	bl	34188b3c <free>
341811e2:	980d      	ldr	r0, [sp, #52]	@ 0x34
341811e4:	f007 fcaa 	bl	34188b3c <free>
341811e8:	2000      	movs	r0, #0
341811ea:	f60d 1d94 	addw	sp, sp, #2452	@ 0x994
341811ee:	e8bd 8ff0 	ldmia.w	sp!, {r4, r5, r6, r7, r8, r9, sl, fp, pc}
341811f2:	2300      	movs	r3, #0
341811f4:	4650      	mov	r0, sl
341811f6:	e9ca 3300 	strd	r3, r3, [sl]
341811fa:	e9ca 3302 	strd	r3, r3, [sl, #8]
341811fe:	f108 01a0 	add.w	r1, r8, #160	@ 0xa0
34181202:	f001 fc4d 	bl	34182aa0 <samsungsds_aimer_128s_ref_gf_from_bytes>
34181206:	f50d 6192 	add.w	r1, sp, #1168	@ 0x490
3418120a:	4652      	mov	r2, sl
3418120c:	4608      	mov	r0, r1
3418120e:	f001 fc6f 	bl	34182af0 <samsungsds_aimer_128s_ref_gf_add>
34181212:	2500      	movs	r5, #0
34181214:	f108 06b0 	add.w	r6, r8, #176	@ 0xb0
34181218:	f50d 6b94 	add.w	fp, sp, #1184	@ 0x4a0
3418121c:	1971      	adds	r1, r6, r5
3418121e:	4650      	mov	r0, sl
34181220:	f001 fc3e 	bl	34182aa0 <samsungsds_aimer_128s_ref_gf_from_bytes>
34181224:	eb0b 0105 	add.w	r1, fp, r5
34181228:	4652      	mov	r2, sl
3418122a:	4608      	mov	r0, r1
3418122c:	3510      	adds	r5, #16
3418122e:	f001 fc5f 	bl	34182af0 <samsungsds_aimer_128s_ref_gf_add>
34181232:	2d20      	cmp	r5, #32
34181234:	d1f2      	bne.n	3418121c <__wrap_samsungsds_aimer_128s_ref_crypto_sign_signature+0x8ac>
34181236:	4650      	mov	r0, sl
34181238:	f108 01d0 	add.w	r1, r8, #208	@ 0xd0
3418123c:	f001 fc30 	bl	34182aa0 <samsungsds_aimer_128s_ref_gf_from_bytes>
34181240:	f50d 619e 	add.w	r1, sp, #1264	@ 0x4f0
34181244:	4652      	mov	r2, sl
34181246:	4608      	mov	r0, r1
34181248:	f001 fc52 	bl	34182af0 <samsungsds_aimer_128s_ref_gf_add>
3418124c:	e782      	b.n	34181154 <__wrap_samsungsds_aimer_128s_ref_crypto_sign_signature+0x7e4>
3418124e:	f04f 30ff 	mov.w	r0, #4294967295	@ 0xffffffff
34181252:	e7ca      	b.n	341811ea <__wrap_samsungsds_aimer_128s_ref_crypto_sign_signature+0x87a>
34181254:	9803      	ldr	r0, [sp, #12]
34181256:	f007 fc71 	bl	34188b3c <free>
3418125a:	4648      	mov	r0, r9
3418125c:	f007 fc6e 	bl	34188b3c <free>
34181260:	980a      	ldr	r0, [sp, #40]	@ 0x28
34181262:	f007 fc6b 	bl	34188b3c <free>
34181266:	980b      	ldr	r0, [sp, #44]	@ 0x2c
34181268:	f007 fc68 	bl	34188b3c <free>
3418126c:	980c      	ldr	r0, [sp, #48]	@ 0x30
3418126e:	f007 fc65 	bl	34188b3c <free>
34181272:	980d      	ldr	r0, [sp, #52]	@ 0x34
34181274:	f007 fc62 	bl	34188b3c <free>
34181278:	f04f 30ff 	mov.w	r0, #4294967295	@ 0xffffffff
3418127c:	e7b5      	b.n	341811ea <__wrap_samsungsds_aimer_128s_ref_crypto_sign_signature+0x87a>
3418127e:	bf00      	nop

34181280 <m55_crypto_sign_verify_internal>:
34181280:	e92d 4ff0 	stmdb	sp!, {r4, r5, r6, r7, r8, r9, sl, fp, lr}
34181284:	f5b1 5f93 	cmp.w	r1, #4704	@ 0x1260
34181288:	f2ad 7d1c 	subw	sp, sp, #1820	@ 0x71c
3418128c:	f8dd 8748 	ldr.w	r8, [sp, #1864]	@ 0x748
34181290:	f040 832d 	bne.w	341818ee <m55_crypto_sign_verify_internal+0x66e>
34181294:	f04f 0a00 	mov.w	sl, #0
34181298:	9009      	str	r0, [sp, #36]	@ 0x24
3418129a:	f108 0110 	add.w	r1, r8, #16
3418129e:	4604      	mov	r4, r0
341812a0:	a81c      	add	r0, sp, #112	@ 0x70
341812a2:	461f      	mov	r7, r3
341812a4:	4616      	mov	r6, r2
341812a6:	e9cd aa1c 	strd	sl, sl, [sp, #112]	@ 0x70
341812aa:	e9cd aa1e 	strd	sl, sl, [sp, #120]	@ 0x78
341812ae:	f001 fbf7 	bl	34182aa0 <samsungsds_aimer_128s_ref_gf_from_bytes>
341812b2:	f242 0030 	movw	r0, #8240	@ 0x2030
341812b6:	f007 fc39 	bl	34188b2c <malloc>
341812ba:	9010      	str	r0, [sp, #64]	@ 0x40
341812bc:	2800      	cmp	r0, #0
341812be:	f000 8316 	beq.w	341818ee <m55_crypto_sign_verify_internal+0x66e>
341812c2:	4641      	mov	r1, r8
341812c4:	f001 f8a2 	bl	3418240c <samsungsds_aimer_128s_ref_aim3_generate_linear>
341812c8:	f104 0530 	add.w	r5, r4, #48	@ 0x30
341812cc:	a819      	add	r0, sp, #100	@ 0x64
341812ce:	f001 fa69 	bl	341827a4 <samsungsds_aimer_128s_ref_hash_init>
341812d2:	2220      	movs	r2, #32
341812d4:	4629      	mov	r1, r5
341812d6:	a819      	add	r0, sp, #100	@ 0x64
341812d8:	f001 fa76 	bl	341827c8 <samsungsds_aimer_128s_ref_hash_update>
341812dc:	a819      	add	r0, sp, #100	@ 0x64
341812de:	f001 fa75 	bl	341827cc <samsungsds_aimer_128s_ref_hash_final>
341812e2:	2211      	movs	r2, #17
341812e4:	a921      	add	r1, sp, #132	@ 0x84
341812e6:	a819      	add	r0, sp, #100	@ 0x64
341812e8:	f001 fa72 	bl	341827d0 <samsungsds_aimer_128s_ref_hash_squeeze>
341812ec:	a819      	add	r0, sp, #100	@ 0x64
341812ee:	f001 fa75 	bl	341827dc <samsungsds_aimer_128s_ref_hash_ctx_release>
341812f2:	a819      	add	r0, sp, #100	@ 0x64
341812f4:	f001 fa56 	bl	341827a4 <samsungsds_aimer_128s_ref_hash_init>
341812f8:	2220      	movs	r2, #32
341812fa:	f104 0110 	add.w	r1, r4, #16
341812fe:	a819      	add	r0, sp, #100	@ 0x64
34181300:	9409      	str	r4, [sp, #36]	@ 0x24
34181302:	f001 fa61 	bl	341827c8 <samsungsds_aimer_128s_ref_hash_update>
34181306:	a819      	add	r0, sp, #100	@ 0x64
34181308:	f001 fa60 	bl	341827cc <samsungsds_aimer_128s_ref_hash_final>
3418130c:	2110      	movs	r1, #16
3418130e:	a81a      	add	r0, sp, #104	@ 0x68
34181310:	f001 fa4a 	bl	341827a8 <samsungsds_aimer_128s_ref_hash_init_prefix>
34181314:	2220      	movs	r2, #32
34181316:	4641      	mov	r1, r8
34181318:	a81a      	add	r0, sp, #104	@ 0x68
3418131a:	f001 fa55 	bl	341827c8 <samsungsds_aimer_128s_ref_hash_update>
3418131e:	f8dd 2744 	ldr.w	r2, [sp, #1860]	@ 0x744
34181322:	f8dd 1740 	ldr.w	r1, [sp, #1856]	@ 0x740
34181326:	a81a      	add	r0, sp, #104	@ 0x68
34181328:	f001 fa4e 	bl	341827c8 <samsungsds_aimer_128s_ref_hash_update>
3418132c:	463a      	mov	r2, r7
3418132e:	4631      	mov	r1, r6
34181330:	a81a      	add	r0, sp, #104	@ 0x68
34181332:	f001 fa49 	bl	341827c8 <samsungsds_aimer_128s_ref_hash_update>
34181336:	a81a      	add	r0, sp, #104	@ 0x68
34181338:	f001 fa48 	bl	341827cc <samsungsds_aimer_128s_ref_hash_final>
3418133c:	2220      	movs	r2, #32
3418133e:	a926      	add	r1, sp, #152	@ 0x98
34181340:	a81a      	add	r0, sp, #104	@ 0x68
34181342:	f001 fa45 	bl	341827d0 <samsungsds_aimer_128s_ref_hash_squeeze>
34181346:	a81a      	add	r0, sp, #104	@ 0x68
34181348:	f001 fa48 	bl	341827dc <samsungsds_aimer_128s_ref_hash_ctx_release>
3418134c:	2101      	movs	r1, #1
3418134e:	a81a      	add	r0, sp, #104	@ 0x68
34181350:	f001 fa2a 	bl	341827a8 <samsungsds_aimer_128s_ref_hash_init_prefix>
34181354:	2220      	movs	r2, #32
34181356:	a926      	add	r1, sp, #152	@ 0x98
34181358:	a81a      	add	r0, sp, #104	@ 0x68
3418135a:	f001 fa35 	bl	341827c8 <samsungsds_aimer_128s_ref_hash_update>
3418135e:	9e09      	ldr	r6, [sp, #36]	@ 0x24
34181360:	2210      	movs	r2, #16
34181362:	4631      	mov	r1, r6
34181364:	a81a      	add	r0, sp, #104	@ 0x68
34181366:	f001 fa2f 	bl	341827c8 <samsungsds_aimer_128s_ref_hash_update>
3418136a:	2102      	movs	r1, #2
3418136c:	a81b      	add	r0, sp, #108	@ 0x6c
3418136e:	f001 fa1b 	bl	341827a8 <samsungsds_aimer_128s_ref_hash_init_prefix>
34181372:	2220      	movs	r2, #32
34181374:	f104 0110 	add.w	r1, r4, #16
34181378:	a81b      	add	r0, sp, #108	@ 0x6c
3418137a:	f001 fa25 	bl	341827c8 <samsungsds_aimer_128s_ref_hash_update>
3418137e:	4631      	mov	r1, r6
34181380:	2210      	movs	r2, #16
34181382:	a81b      	add	r0, sp, #108	@ 0x6c
34181384:	f001 fa20 	bl	341827c8 <samsungsds_aimer_128s_ref_hash_update>
34181388:	f44f 50ff 	mov.w	r0, #8160	@ 0x1fe0
3418138c:	f007 fbce 	bl	34188b2c <malloc>
34181390:	4681      	mov	r9, r0
34181392:	f44f 5040 	mov.w	r0, #12288	@ 0x3000
34181396:	f007 fbc9 	bl	34188b2c <malloc>
3418139a:	900e      	str	r0, [sp, #56]	@ 0x38
3418139c:	4607      	mov	r7, r0
3418139e:	f44f 5040 	mov.w	r0, #12288	@ 0x3000
341813a2:	f007 fbc3 	bl	34188b2c <malloc>
341813a6:	900f      	str	r0, [sp, #60]	@ 0x3c
341813a8:	4606      	mov	r6, r0
341813aa:	f44f 5080 	mov.w	r0, #4096	@ 0x1000
341813ae:	f007 fbbd 	bl	34188b2c <malloc>
341813b2:	900d      	str	r0, [sp, #52]	@ 0x34
341813b4:	f1b9 0f00 	cmp.w	r9, #0
341813b8:	f000 8281 	beq.w	341818be <m55_crypto_sign_verify_internal+0x63e>
341813bc:	2f00      	cmp	r7, #0
341813be:	f000 827e 	beq.w	341818be <m55_crypto_sign_verify_internal+0x63e>
341813c2:	2e00      	cmp	r6, #0
341813c4:	f000 827b 	beq.w	341818be <m55_crypto_sign_verify_internal+0x63e>
341813c8:	2800      	cmp	r0, #0
341813ca:	f000 8278 	beq.w	341818be <m55_crypto_sign_verify_internal+0x63e>
341813ce:	46cb      	mov	fp, r9
341813d0:	9b09      	ldr	r3, [sp, #36]	@ 0x24
341813d2:	f8cd a028 	str.w	sl, [sp, #40]	@ 0x28
341813d6:	930c      	str	r3, [sp, #48]	@ 0x30
341813d8:	f509 637e 	add.w	r3, r9, #4064	@ 0xfe0
341813dc:	9314      	str	r3, [sp, #80]	@ 0x50
341813de:	f50d 7aec 	add.w	sl, sp, #472	@ 0x1d8
341813e2:	9515      	str	r5, [sp, #84]	@ 0x54
341813e4:	f104 0810 	add.w	r8, r4, #16
341813e8:	9b0a      	ldr	r3, [sp, #40]	@ 0x28
341813ea:	aa21      	add	r2, sp, #132	@ 0x84
341813ec:	f812 9003 	ldrb.w	r9, [r2, r3]
341813f0:	9c0c      	ldr	r4, [sp, #48]	@ 0x30
341813f2:	4658      	mov	r0, fp
341813f4:	9909      	ldr	r1, [sp, #36]	@ 0x24
341813f6:	f104 0250 	add.w	r2, r4, #80	@ 0x50
341813fa:	f8cd 9000 	str.w	r9, [sp]
341813fe:	f001 faa1 	bl	34182944 <samsungsds_aimer_128s_ref_reconstruct_tree>
34181402:	2230      	movs	r2, #48	@ 0x30
34181404:	a92e      	add	r1, sp, #184	@ 0xb8
34181406:	a819      	add	r0, sp, #100	@ 0x64
34181408:	f001 f9e2 	bl	341827d0 <samsungsds_aimer_128s_ref_hash_squeeze>
3418140c:	2230      	movs	r2, #48	@ 0x30
3418140e:	2100      	movs	r1, #0
34181410:	a83a      	add	r0, sp, #232	@ 0xe8
34181412:	f008 f9b1 	bl	34189778 <memset>
34181416:	2300      	movs	r3, #0
34181418:	9307      	str	r3, [sp, #28]
3418141a:	9b14      	ldr	r3, [sp, #80]	@ 0x50
3418141c:	e9cd 8b16 	strd	r8, fp, [sp, #88]	@ 0x58
34181420:	930b      	str	r3, [sp, #44]	@ 0x2c
34181422:	f104 03f0 	add.w	r3, r4, #240	@ 0xf0
34181426:	9313      	str	r3, [sp, #76]	@ 0x4c
34181428:	eb09 0349 	add.w	r3, r9, r9, lsl #1
3418142c:	9312      	str	r3, [sp, #72]	@ 0x48
3418142e:	9e0b      	ldr	r6, [sp, #44]	@ 0x2c
34181430:	9c07      	ldr	r4, [sp, #28]
34181432:	ad86      	add	r5, sp, #536	@ 0x218
34181434:	45a1      	cmp	r9, r4
34181436:	f000 81e4 	beq.w	34181802 <m55_crypto_sign_verify_internal+0x582>
3418143a:	9b0a      	ldr	r3, [sp, #40]	@ 0x28
3418143c:	2105      	movs	r1, #5
3418143e:	4650      	mov	r0, sl
34181440:	f88d 3158 	strb.w	r3, [sp, #344]	@ 0x158
34181444:	f88d 4198 	strb.w	r4, [sp, #408]	@ 0x198
34181448:	f001 f9ae 	bl	341827a8 <samsungsds_aimer_128s_ref_hash_init_prefix>
3418144c:	2210      	movs	r2, #16
3418144e:	4650      	mov	r0, sl
34181450:	9909      	ldr	r1, [sp, #36]	@ 0x24
34181452:	f001 f9b9 	bl	341827c8 <samsungsds_aimer_128s_ref_hash_update>
34181456:	2201      	movs	r2, #1
34181458:	4650      	mov	r0, sl
3418145a:	a956      	add	r1, sp, #344	@ 0x158
3418145c:	f001 f9b4 	bl	341827c8 <samsungsds_aimer_128s_ref_hash_update>
34181460:	2201      	movs	r2, #1
34181462:	4650      	mov	r0, sl
34181464:	a966      	add	r1, sp, #408	@ 0x198
34181466:	f001 f9af 	bl	341827c8 <samsungsds_aimer_128s_ref_hash_update>
3418146a:	2210      	movs	r2, #16
3418146c:	4631      	mov	r1, r6
3418146e:	4650      	mov	r0, sl
34181470:	f001 f9aa 	bl	341827c8 <samsungsds_aimer_128s_ref_hash_update>
34181474:	4650      	mov	r0, sl
34181476:	f001 f9a9 	bl	341827cc <samsungsds_aimer_128s_ref_hash_final>
3418147a:	2220      	movs	r2, #32
3418147c:	4650      	mov	r0, sl
3418147e:	a9f6      	add	r1, sp, #984	@ 0x3d8
34181480:	f001 f9a6 	bl	341827d0 <samsungsds_aimer_128s_ref_hash_squeeze>
34181484:	2270      	movs	r2, #112	@ 0x70
34181486:	4629      	mov	r1, r5
34181488:	4650      	mov	r0, sl
3418148a:	f001 f9a1 	bl	341827d0 <samsungsds_aimer_128s_ref_hash_squeeze>
3418148e:	4650      	mov	r0, sl
34181490:	f001 f9a4 	bl	341827dc <samsungsds_aimer_128s_ref_hash_ctx_release>
34181494:	2220      	movs	r2, #32
34181496:	a9f6      	add	r1, sp, #984	@ 0x3d8
34181498:	a81a      	add	r0, sp, #104	@ 0x68
3418149a:	f001 f995 	bl	341827c8 <samsungsds_aimer_128s_ref_hash_update>
3418149e:	2cff      	cmp	r4, #255	@ 0xff
341814a0:	f000 81dd 	beq.w	3418185e <m55_crypto_sign_verify_internal+0x5de>
341814a4:	3570      	adds	r5, #112	@ 0x70
341814a6:	abf6      	add	r3, sp, #984	@ 0x3d8
341814a8:	429d      	cmp	r5, r3
341814aa:	f104 0401 	add.w	r4, r4, #1
341814ae:	f106 0610 	add.w	r6, r6, #16
341814b2:	d1bf      	bne.n	34181434 <m55_crypto_sign_verify_internal+0x1b4>
341814b4:	2304      	movs	r3, #4
341814b6:	9c07      	ldr	r4, [sp, #28]
341814b8:	f04f 0800 	mov.w	r8, #0
341814bc:	4626      	mov	r6, r4
341814be:	9910      	ldr	r1, [sp, #64]	@ 0x40
341814c0:	9301      	str	r3, [sp, #4]
341814c2:	aa86      	add	r2, sp, #536	@ 0x218
341814c4:	ab1c      	add	r3, sp, #112	@ 0x70
341814c6:	a8f6      	add	r0, sp, #984	@ 0x3d8
341814c8:	9400      	str	r4, [sp, #0]
341814ca:	f000 fd9f 	bl	3418200c <m55_aim3_mpc_batch4>
341814ce:	990d      	ldr	r1, [sp, #52]	@ 0x34
341814d0:	9b0e      	ldr	r3, [sp, #56]	@ 0x38
341814d2:	eb01 1204 	add.w	r2, r1, r4, lsl #4
341814d6:	4693      	mov	fp, r2
341814d8:	9208      	str	r2, [sp, #32]
341814da:	a8f6      	add	r0, sp, #984	@ 0x3d8
341814dc:	eb04 0244 	add.w	r2, r4, r4, lsl #1
341814e0:	9002      	str	r0, [sp, #8]
341814e2:	f50d 678d 	add.w	r7, sp, #1128	@ 0x468
341814e6:	9111      	str	r1, [sp, #68]	@ 0x44
341814e8:	f8cd 900c 	str.w	r9, [sp, #12]
341814ec:	eb03 1502 	add.w	r5, r3, r2, lsl #4
341814f0:	9204      	str	r2, [sp, #16]
341814f2:	9b03      	ldr	r3, [sp, #12]
341814f4:	42b3      	cmp	r3, r6
341814f6:	f040 8172 	bne.w	341817de <m55_crypto_sign_verify_internal+0x55e>
341814fa:	3530      	adds	r5, #48	@ 0x30
341814fc:	f108 080d 	add.w	r8, r8, #13
34181500:	f1b8 0f34 	cmp.w	r8, #52	@ 0x34
34181504:	f106 0601 	add.w	r6, r6, #1
34181508:	f107 07d0 	add.w	r7, r7, #208	@ 0xd0
3418150c:	f10b 0b10 	add.w	fp, fp, #16
34181510:	d1ef      	bne.n	341814f2 <m55_crypto_sign_verify_internal+0x272>
34181512:	e9dd 9203 	ldrd	r9, r2, [sp, #12]
34181516:	9b0f      	ldr	r3, [sp, #60]	@ 0x3c
34181518:	eb03 1302 	add.w	r3, r3, r2, lsl #4
3418151c:	9306      	str	r3, [sp, #24]
3418151e:	ab2e      	add	r3, sp, #184	@ 0xb8
34181520:	9304      	str	r3, [sp, #16]
34181522:	2300      	movs	r3, #0
34181524:	9305      	str	r3, [sp, #20]
34181526:	2600      	movs	r6, #0
34181528:	9c02      	ldr	r4, [sp, #8]
3418152a:	9f07      	ldr	r7, [sp, #28]
3418152c:	ab46      	add	r3, sp, #280	@ 0x118
3418152e:	1998      	adds	r0, r3, r6
34181530:	454f      	cmp	r7, r9
34181532:	ab56      	add	r3, sp, #344	@ 0x158
34181534:	eb03 0506 	add.w	r5, r3, r6
34181538:	d00d      	beq.n	34181556 <m55_crypto_sign_verify_internal+0x2d6>
3418153a:	4621      	mov	r1, r4
3418153c:	f001 face 	bl	34182adc <samsungsds_aimer_128s_ref_gf_copy>
34181540:	3610      	adds	r6, #16
34181542:	4628      	mov	r0, r5
34181544:	f104 0130 	add.w	r1, r4, #48	@ 0x30
34181548:	f001 fac8 	bl	34182adc <samsungsds_aimer_128s_ref_gf_copy>
3418154c:	2e40      	cmp	r6, #64	@ 0x40
3418154e:	d00a      	beq.n	34181566 <m55_crypto_sign_verify_internal+0x2e6>
34181550:	3701      	adds	r7, #1
34181552:	34d0      	adds	r4, #208	@ 0xd0
34181554:	e7ea      	b.n	3418152c <m55_crypto_sign_verify_internal+0x2ac>
34181556:	f001 faad 	bl	34182ab4 <samsungsds_aimer_128s_ref_gf_set0>
3418155a:	3610      	adds	r6, #16
3418155c:	4628      	mov	r0, r5
3418155e:	f001 faa9 	bl	34182ab4 <samsungsds_aimer_128s_ref_gf_set0>
34181562:	2e40      	cmp	r6, #64	@ 0x40
34181564:	d1f4      	bne.n	34181550 <m55_crypto_sign_verify_internal+0x2d0>
34181566:	46d0      	mov	r8, sl
34181568:	9c04      	ldr	r4, [sp, #16]
3418156a:	2304      	movs	r3, #4
3418156c:	4622      	mov	r2, r4
3418156e:	a946      	add	r1, sp, #280	@ 0x118
34181570:	a866      	add	r0, sp, #408	@ 0x198
34181572:	f000 fa8f 	bl	34181a94 <m55_gf_mul_const_batch4>
34181576:	4622      	mov	r2, r4
34181578:	2304      	movs	r3, #4
3418157a:	4650      	mov	r0, sl
3418157c:	a956      	add	r1, sp, #344	@ 0x158
3418157e:	f000 fa89 	bl	34181a94 <m55_gf_mul_const_batch4>
34181582:	e9dd 5706 	ldrd	r5, r7, [sp, #24]
34181586:	9b05      	ldr	r3, [sp, #20]
34181588:	aa3a      	add	r2, sp, #232	@ 0xe8
3418158a:	eb02 1303 	add.w	r3, r2, r3, lsl #4
3418158e:	9303      	str	r3, [sp, #12]
34181590:	9b02      	ldr	r3, [sp, #8]
34181592:	9e08      	ldr	r6, [sp, #32]
34181594:	ac66      	add	r4, sp, #408	@ 0x198
34181596:	f103 0b60 	add.w	fp, r3, #96	@ 0x60
3418159a:	45b9      	cmp	r9, r7
3418159c:	d01c      	beq.n	341815d8 <m55_crypto_sign_verify_internal+0x358>
3418159e:	4622      	mov	r2, r4
341815a0:	4659      	mov	r1, fp
341815a2:	4628      	mov	r0, r5
341815a4:	f001 faa4 	bl	34182af0 <samsungsds_aimer_128s_ref_gf_add>
341815a8:	9903      	ldr	r1, [sp, #12]
341815aa:	462a      	mov	r2, r5
341815ac:	4608      	mov	r0, r1
341815ae:	f001 fa9f 	bl	34182af0 <samsungsds_aimer_128s_ref_gf_add>
341815b2:	3410      	adds	r4, #16
341815b4:	4642      	mov	r2, r8
341815b6:	4631      	mov	r1, r6
341815b8:	4630      	mov	r0, r6
341815ba:	f001 fa99 	bl	34182af0 <samsungsds_aimer_128s_ref_gf_add>
341815be:	4554      	cmp	r4, sl
341815c0:	d016      	beq.n	341815f0 <m55_crypto_sign_verify_internal+0x370>
341815c2:	3701      	adds	r7, #1
341815c4:	45b9      	cmp	r9, r7
341815c6:	f105 0530 	add.w	r5, r5, #48	@ 0x30
341815ca:	f10b 0bd0 	add.w	fp, fp, #208	@ 0xd0
341815ce:	f106 0610 	add.w	r6, r6, #16
341815d2:	f108 0810 	add.w	r8, r8, #16
341815d6:	d1e2      	bne.n	3418159e <m55_crypto_sign_verify_internal+0x31e>
341815d8:	3410      	adds	r4, #16
341815da:	4554      	cmp	r4, sl
341815dc:	d008      	beq.n	341815f0 <m55_crypto_sign_verify_internal+0x370>
341815de:	f109 0701 	add.w	r7, r9, #1
341815e2:	3530      	adds	r5, #48	@ 0x30
341815e4:	f10b 0bd0 	add.w	fp, fp, #208	@ 0xd0
341815e8:	3610      	adds	r6, #16
341815ea:	f108 0810 	add.w	r8, r8, #16
341815ee:	e7d4      	b.n	3418159a <m55_crypto_sign_verify_internal+0x31a>
341815f0:	9a06      	ldr	r2, [sp, #24]
341815f2:	9b05      	ldr	r3, [sp, #20]
341815f4:	3210      	adds	r2, #16
341815f6:	9206      	str	r2, [sp, #24]
341815f8:	9a02      	ldr	r2, [sp, #8]
341815fa:	3301      	adds	r3, #1
341815fc:	3210      	adds	r2, #16
341815fe:	9202      	str	r2, [sp, #8]
34181600:	9a04      	ldr	r2, [sp, #16]
34181602:	2b03      	cmp	r3, #3
34181604:	f102 0210 	add.w	r2, r2, #16
34181608:	9305      	str	r3, [sp, #20]
3418160a:	9204      	str	r2, [sp, #16]
3418160c:	d18b      	bne.n	34181526 <m55_crypto_sign_verify_internal+0x2a6>
3418160e:	9b07      	ldr	r3, [sp, #28]
34181610:	9a0b      	ldr	r2, [sp, #44]	@ 0x2c
34181612:	3304      	adds	r3, #4
34181614:	3240      	adds	r2, #64	@ 0x40
34181616:	f5b3 7f80 	cmp.w	r3, #256	@ 0x100
3418161a:	9307      	str	r3, [sp, #28]
3418161c:	920b      	str	r2, [sp, #44]	@ 0x2c
3418161e:	f47f af06 	bne.w	3418142e <m55_crypto_sign_verify_internal+0x1ae>
34181622:	2700      	movs	r7, #0
34181624:	9b0d      	ldr	r3, [sp, #52]	@ 0x34
34181626:	f8dd 8058 	ldr.w	r8, [sp, #88]	@ 0x58
3418162a:	eb03 1509 	add.w	r5, r3, r9, lsl #4
3418162e:	9c11      	ldr	r4, [sp, #68]	@ 0x44
34181630:	4628      	mov	r0, r5
34181632:	f8dd b05c 	ldr.w	fp, [sp, #92]	@ 0x5c
34181636:	f001 fa3d 	bl	34182ab4 <samsungsds_aimer_128s_ref_gf_set0>
3418163a:	ab46      	add	r3, sp, #280	@ 0x118
3418163c:	e9cd 3803 	strd	r3, r8, [sp, #12]
34181640:	e9cd 5405 	strd	r5, r4, [sp, #20]
34181644:	f8cd b01c 	str.w	fp, [sp, #28]
34181648:	9b0e      	ldr	r3, [sp, #56]	@ 0x38
3418164a:	eb07 0547 	add.w	r5, r7, r7, lsl #1
3418164e:	eb03 1505 	add.w	r5, r3, r5, lsl #4
34181652:	9b0d      	ldr	r3, [sp, #52]	@ 0x34
34181654:	ac3a      	add	r4, sp, #232	@ 0xe8
34181656:	eb03 1307 	add.w	r3, r3, r7, lsl #4
3418165a:	9302      	str	r3, [sp, #8]
3418165c:	46ab      	mov	fp, r5
3418165e:	46b8      	mov	r8, r7
34181660:	ae86      	add	r6, sp, #536	@ 0x218
34181662:	45c1      	cmp	r9, r8
34181664:	d00d      	beq.n	34181682 <m55_crypto_sign_verify_internal+0x402>
34181666:	4630      	mov	r0, r6
34181668:	4659      	mov	r1, fp
3418166a:	f001 fa37 	bl	34182adc <samsungsds_aimer_128s_ref_gf_copy>
3418166e:	3610      	adds	r6, #16
34181670:	ab96      	add	r3, sp, #600	@ 0x258
34181672:	42b3      	cmp	r3, r6
34181674:	d011      	beq.n	3418169a <m55_crypto_sign_verify_internal+0x41a>
34181676:	f108 0801 	add.w	r8, r8, #1
3418167a:	45c1      	cmp	r9, r8
3418167c:	f10b 0b30 	add.w	fp, fp, #48	@ 0x30
34181680:	d1f1      	bne.n	34181666 <m55_crypto_sign_verify_internal+0x3e6>
34181682:	4630      	mov	r0, r6
34181684:	f001 fa16 	bl	34182ab4 <samsungsds_aimer_128s_ref_gf_set0>
34181688:	3610      	adds	r6, #16
3418168a:	ab96      	add	r3, sp, #600	@ 0x258
3418168c:	42b3      	cmp	r3, r6
3418168e:	d004      	beq.n	3418169a <m55_crypto_sign_verify_internal+0x41a>
34181690:	f109 0801 	add.w	r8, r9, #1
34181694:	f10b 0b30 	add.w	fp, fp, #48	@ 0x30
34181698:	e7e3      	b.n	34181662 <m55_crypto_sign_verify_internal+0x3e2>
3418169a:	463e      	mov	r6, r7
3418169c:	2304      	movs	r3, #4
3418169e:	4622      	mov	r2, r4
341816a0:	a986      	add	r1, sp, #536	@ 0x218
341816a2:	a8f6      	add	r0, sp, #984	@ 0x3d8
341816a4:	f000 f9f6 	bl	34181a94 <m55_gf_mul_const_batch4>
341816a8:	f8dd 8008 	ldr.w	r8, [sp, #8]
341816ac:	f50d 7b76 	add.w	fp, sp, #984	@ 0x3d8
341816b0:	45b1      	cmp	r9, r6
341816b2:	d00f      	beq.n	341816d4 <m55_crypto_sign_verify_internal+0x454>
341816b4:	465a      	mov	r2, fp
341816b6:	4641      	mov	r1, r8
341816b8:	4640      	mov	r0, r8
341816ba:	f001 fa19 	bl	34182af0 <samsungsds_aimer_128s_ref_gf_add>
341816be:	f10b 0b10 	add.w	fp, fp, #16
341816c2:	f50d 6383 	add.w	r3, sp, #1048	@ 0x418
341816c6:	455b      	cmp	r3, fp
341816c8:	d00f      	beq.n	341816ea <m55_crypto_sign_verify_internal+0x46a>
341816ca:	3601      	adds	r6, #1
341816cc:	45b1      	cmp	r9, r6
341816ce:	f108 0810 	add.w	r8, r8, #16
341816d2:	d1ef      	bne.n	341816b4 <m55_crypto_sign_verify_internal+0x434>
341816d4:	f10b 0b10 	add.w	fp, fp, #16
341816d8:	f50d 6383 	add.w	r3, sp, #1048	@ 0x418
341816dc:	455b      	cmp	r3, fp
341816de:	d004      	beq.n	341816ea <m55_crypto_sign_verify_internal+0x46a>
341816e0:	f109 0601 	add.w	r6, r9, #1
341816e4:	f108 0810 	add.w	r8, r8, #16
341816e8:	e7e2      	b.n	341816b0 <m55_crypto_sign_verify_internal+0x430>
341816ea:	9b03      	ldr	r3, [sp, #12]
341816ec:	3410      	adds	r4, #16
341816ee:	42a3      	cmp	r3, r4
341816f0:	f105 0510 	add.w	r5, r5, #16
341816f4:	d1b2      	bne.n	3418165c <m55_crypto_sign_verify_internal+0x3dc>
341816f6:	3704      	adds	r7, #4
341816f8:	f5b7 7f80 	cmp.w	r7, #256	@ 0x100
341816fc:	d1a4      	bne.n	34181648 <m55_crypto_sign_verify_internal+0x3c8>
341816fe:	2600      	movs	r6, #0
34181700:	e9dd 8504 	ldrd	r8, r5, [sp, #16]
34181704:	e9dd 4b06 	ldrd	r4, fp, [sp, #24]
34181708:	e009      	b.n	3418171e <m55_crypto_sign_verify_internal+0x49e>
3418170a:	4622      	mov	r2, r4
3418170c:	4629      	mov	r1, r5
3418170e:	4628      	mov	r0, r5
34181710:	3601      	adds	r6, #1
34181712:	f001 f9ed 	bl	34182af0 <samsungsds_aimer_128s_ref_gf_add>
34181716:	f5b6 7f80 	cmp.w	r6, #256	@ 0x100
3418171a:	d007      	beq.n	3418172c <m55_crypto_sign_verify_internal+0x4ac>
3418171c:	3410      	adds	r4, #16
3418171e:	45b1      	cmp	r9, r6
34181720:	d1f3      	bne.n	3418170a <m55_crypto_sign_verify_internal+0x48a>
34181722:	f1b9 0fff 	cmp.w	r9, #255	@ 0xff
34181726:	f109 0601 	add.w	r6, r9, #1
3418172a:	d1f7      	bne.n	3418171c <m55_crypto_sign_verify_internal+0x49c>
3418172c:	f44f 5240 	mov.w	r2, #12288	@ 0x3000
34181730:	990f      	ldr	r1, [sp, #60]	@ 0x3c
34181732:	a81b      	add	r0, sp, #108	@ 0x6c
34181734:	f001 f848 	bl	341827c8 <samsungsds_aimer_128s_ref_hash_update>
34181738:	f44f 5280 	mov.w	r2, #4096	@ 0x1000
3418173c:	990d      	ldr	r1, [sp, #52]	@ 0x34
3418173e:	a81b      	add	r0, sp, #108	@ 0x6c
34181740:	f001 f842 	bl	341827c8 <samsungsds_aimer_128s_ref_hash_update>
34181744:	2240      	movs	r2, #64	@ 0x40
34181746:	9913      	ldr	r1, [sp, #76]	@ 0x4c
34181748:	a81a      	add	r0, sp, #104	@ 0x68
3418174a:	f001 f83d 	bl	341827c8 <samsungsds_aimer_128s_ref_hash_update>
3418174e:	9b0a      	ldr	r3, [sp, #40]	@ 0x28
34181750:	9a0c      	ldr	r2, [sp, #48]	@ 0x30
34181752:	3301      	adds	r3, #1
34181754:	f502 7288 	add.w	r2, r2, #272	@ 0x110
34181758:	2b11      	cmp	r3, #17
3418175a:	930a      	str	r3, [sp, #40]	@ 0x28
3418175c:	920c      	str	r2, [sp, #48]	@ 0x30
3418175e:	f47f ae43 	bne.w	341813e8 <m55_crypto_sign_verify_internal+0x168>
34181762:	a819      	add	r0, sp, #100	@ 0x64
34181764:	9d15      	ldr	r5, [sp, #84]	@ 0x54
34181766:	f001 f839 	bl	341827dc <samsungsds_aimer_128s_ref_hash_ctx_release>
3418176a:	a81a      	add	r0, sp, #104	@ 0x68
3418176c:	f001 f82e 	bl	341827cc <samsungsds_aimer_128s_ref_hash_final>
34181770:	2220      	movs	r2, #32
34181772:	a986      	add	r1, sp, #536	@ 0x218
34181774:	a81a      	add	r0, sp, #104	@ 0x68
34181776:	f001 f82b 	bl	341827d0 <samsungsds_aimer_128s_ref_hash_squeeze>
3418177a:	a81a      	add	r0, sp, #104	@ 0x68
3418177c:	f001 f82e 	bl	341827dc <samsungsds_aimer_128s_ref_hash_ctx_release>
34181780:	a81b      	add	r0, sp, #108	@ 0x6c
34181782:	f001 f823 	bl	341827cc <samsungsds_aimer_128s_ref_hash_final>
34181786:	2220      	movs	r2, #32
34181788:	a9f6      	add	r1, sp, #984	@ 0x3d8
3418178a:	a81b      	add	r0, sp, #108	@ 0x6c
3418178c:	f001 f820 	bl	341827d0 <samsungsds_aimer_128s_ref_hash_squeeze>
34181790:	a81b      	add	r0, sp, #108	@ 0x6c
34181792:	f001 f823 	bl	341827dc <samsungsds_aimer_128s_ref_hash_ctx_release>
34181796:	9810      	ldr	r0, [sp, #64]	@ 0x40
34181798:	f007 f9d0 	bl	34188b3c <free>
3418179c:	4658      	mov	r0, fp
3418179e:	f007 f9cd 	bl	34188b3c <free>
341817a2:	980e      	ldr	r0, [sp, #56]	@ 0x38
341817a4:	f007 f9ca 	bl	34188b3c <free>
341817a8:	980f      	ldr	r0, [sp, #60]	@ 0x3c
341817aa:	f007 f9c7 	bl	34188b3c <free>
341817ae:	980d      	ldr	r0, [sp, #52]	@ 0x34
341817b0:	f007 f9c4 	bl	34188b3c <free>
341817b4:	2220      	movs	r2, #32
341817b6:	4641      	mov	r1, r8
341817b8:	a886      	add	r0, sp, #536	@ 0x218
341817ba:	f007 ff0b 	bl	341895d4 <memcmp>
341817be:	2800      	cmp	r0, #0
341817c0:	f040 8095 	bne.w	341818ee <m55_crypto_sign_verify_internal+0x66e>
341817c4:	2220      	movs	r2, #32
341817c6:	4629      	mov	r1, r5
341817c8:	a8f6      	add	r0, sp, #984	@ 0x3d8
341817ca:	f007 ff03 	bl	341895d4 <memcmp>
341817ce:	3800      	subs	r0, #0
341817d0:	bf18      	it	ne
341817d2:	2001      	movne	r0, #1
341817d4:	4240      	negs	r0, r0
341817d6:	f20d 7d1c 	addw	sp, sp, #1820	@ 0x71c
341817da:	e8bd 8ff0 	ldmia.w	sp!, {r4, r5, r6, r7, r8, r9, sl, fp, pc}
341817de:	4658      	mov	r0, fp
341817e0:	f107 0130 	add.w	r1, r7, #48	@ 0x30
341817e4:	f001 f97a 	bl	34182adc <samsungsds_aimer_128s_ref_gf_copy>
341817e8:	46b9      	mov	r9, r7
341817ea:	462c      	mov	r4, r5
341817ec:	3530      	adds	r5, #48	@ 0x30
341817ee:	4649      	mov	r1, r9
341817f0:	4620      	mov	r0, r4
341817f2:	3410      	adds	r4, #16
341817f4:	f001 f972 	bl	34182adc <samsungsds_aimer_128s_ref_gf_copy>
341817f8:	42ac      	cmp	r4, r5
341817fa:	f109 0910 	add.w	r9, r9, #16
341817fe:	d1f6      	bne.n	341817ee <m55_crypto_sign_verify_internal+0x56e>
34181800:	e67c      	b.n	341814fc <m55_crypto_sign_verify_internal+0x27c>
34181802:	f04f 0800 	mov.w	r8, #0
34181806:	2270      	movs	r2, #112	@ 0x70
34181808:	2100      	movs	r1, #0
3418180a:	4628      	mov	r0, r5
3418180c:	f007 ffb4 	bl	34189778 <memset>
34181810:	9b0c      	ldr	r3, [sp, #48]	@ 0x30
34181812:	2220      	movs	r2, #32
34181814:	f103 01d0 	add.w	r1, r3, #208	@ 0xd0
34181818:	a81a      	add	r0, sp, #104	@ 0x68
3418181a:	f000 ffd5 	bl	341827c8 <samsungsds_aimer_128s_ref_hash_update>
3418181e:	9b0c      	ldr	r3, [sp, #48]	@ 0x30
34181820:	9a0f      	ldr	r2, [sp, #60]	@ 0x3c
34181822:	f503 7398 	add.w	r3, r3, #304	@ 0x130
34181826:	9912      	ldr	r1, [sp, #72]	@ 0x48
34181828:	e9cd 3402 	strd	r3, r4, [sp, #8]
3418182c:	af3a      	add	r7, sp, #232	@ 0xe8
3418182e:	eb02 1b01 	add.w	fp, r2, r1, lsl #4
34181832:	9b02      	ldr	r3, [sp, #8]
34181834:	eb08 000b 	add.w	r0, r8, fp
34181838:	eb03 0108 	add.w	r1, r3, r8
3418183c:	f001 f930 	bl	34182aa0 <samsungsds_aimer_128s_ref_gf_from_bytes>
34181840:	4639      	mov	r1, r7
34181842:	4638      	mov	r0, r7
34181844:	eb08 020b 	add.w	r2, r8, fp
34181848:	f108 0810 	add.w	r8, r8, #16
3418184c:	f001 f950 	bl	34182af0 <samsungsds_aimer_128s_ref_gf_add>
34181850:	f1b8 0f30 	cmp.w	r8, #48	@ 0x30
34181854:	f107 0710 	add.w	r7, r7, #16
34181858:	d1eb      	bne.n	34181832 <m55_crypto_sign_verify_internal+0x5b2>
3418185a:	9c03      	ldr	r4, [sp, #12]
3418185c:	e622      	b.n	341814a4 <m55_crypto_sign_verify_internal+0x224>
3418185e:	2300      	movs	r3, #0
34181860:	f04f 0b00 	mov.w	fp, #0
34181864:	e9ca 3300 	strd	r3, r3, [sl]
34181868:	e9ca 3302 	strd	r3, r3, [sl, #8]
3418186c:	4650      	mov	r0, sl
3418186e:	9913      	ldr	r1, [sp, #76]	@ 0x4c
34181870:	f001 f916 	bl	34182aa0 <samsungsds_aimer_128s_ref_gf_from_bytes>
34181874:	4652      	mov	r2, sl
34181876:	4629      	mov	r1, r5
34181878:	4628      	mov	r0, r5
3418187a:	f001 f939 	bl	34182af0 <samsungsds_aimer_128s_ref_gf_add>
3418187e:	9b0c      	ldr	r3, [sp, #48]	@ 0x30
34181880:	afde      	add	r7, sp, #888	@ 0x378
34181882:	f503 7880 	add.w	r8, r3, #256	@ 0x100
34181886:	eb08 010b 	add.w	r1, r8, fp
3418188a:	4650      	mov	r0, sl
3418188c:	f001 f908 	bl	34182aa0 <samsungsds_aimer_128s_ref_gf_from_bytes>
34181890:	eb07 010b 	add.w	r1, r7, fp
34181894:	4652      	mov	r2, sl
34181896:	4608      	mov	r0, r1
34181898:	f10b 0b10 	add.w	fp, fp, #16
3418189c:	f001 f928 	bl	34182af0 <samsungsds_aimer_128s_ref_gf_add>
341818a0:	f1bb 0f20 	cmp.w	fp, #32
341818a4:	d1ef      	bne.n	34181886 <m55_crypto_sign_verify_internal+0x606>
341818a6:	9b0c      	ldr	r3, [sp, #48]	@ 0x30
341818a8:	4650      	mov	r0, sl
341818aa:	f503 7190 	add.w	r1, r3, #288	@ 0x120
341818ae:	f001 f8f7 	bl	34182aa0 <samsungsds_aimer_128s_ref_gf_from_bytes>
341818b2:	a9f2      	add	r1, sp, #968	@ 0x3c8
341818b4:	4652      	mov	r2, sl
341818b6:	4608      	mov	r0, r1
341818b8:	f001 f91a 	bl	34182af0 <samsungsds_aimer_128s_ref_gf_add>
341818bc:	e5f2      	b.n	341814a4 <m55_crypto_sign_verify_internal+0x224>
341818be:	9810      	ldr	r0, [sp, #64]	@ 0x40
341818c0:	f007 f93c 	bl	34188b3c <free>
341818c4:	4648      	mov	r0, r9
341818c6:	f007 f939 	bl	34188b3c <free>
341818ca:	980e      	ldr	r0, [sp, #56]	@ 0x38
341818cc:	f007 f936 	bl	34188b3c <free>
341818d0:	980f      	ldr	r0, [sp, #60]	@ 0x3c
341818d2:	f007 f933 	bl	34188b3c <free>
341818d6:	980d      	ldr	r0, [sp, #52]	@ 0x34
341818d8:	f007 f930 	bl	34188b3c <free>
341818dc:	a819      	add	r0, sp, #100	@ 0x64
341818de:	f000 ff7d 	bl	341827dc <samsungsds_aimer_128s_ref_hash_ctx_release>
341818e2:	a81a      	add	r0, sp, #104	@ 0x68
341818e4:	f000 ff7a 	bl	341827dc <samsungsds_aimer_128s_ref_hash_ctx_release>
341818e8:	a81b      	add	r0, sp, #108	@ 0x6c
341818ea:	f000 ff77 	bl	341827dc <samsungsds_aimer_128s_ref_hash_ctx_release>
341818ee:	f04f 30ff 	mov.w	r0, #4294967295	@ 0xffffffff
341818f2:	e770      	b.n	341817d6 <m55_crypto_sign_verify_internal+0x556>

341818f4 <__wrap_samsungsds_aimer_128s_ref_crypto_sign_verify>:
341818f4:	e92d 41f0 	stmdb	sp!, {r4, r5, r6, r7, r8, lr}
341818f8:	b0c6      	sub	sp, #280	@ 0x118
341818fa:	9c4d      	ldr	r4, [sp, #308]	@ 0x134
341818fc:	2cff      	cmp	r4, #255	@ 0xff
341818fe:	d81a      	bhi.n	34181936 <__wrap_samsungsds_aimer_128s_ref_crypto_sign_verify+0x42>
34181900:	ad06      	add	r5, sp, #24
34181902:	4690      	mov	r8, r2
34181904:	460f      	mov	r7, r1
34181906:	4606      	mov	r6, r0
34181908:	702c      	strb	r4, [r5, #0]
3418190a:	b13c      	cbz	r4, 3418191c <__wrap_samsungsds_aimer_128s_ref_crypto_sign_verify+0x28>
3418190c:	4622      	mov	r2, r4
3418190e:	994c      	ldr	r1, [sp, #304]	@ 0x130
34181910:	f10d 0019 	add.w	r0, sp, #25
34181914:	9305      	str	r3, [sp, #20]
34181916:	f008 f823 	bl	34189960 <memcpy>
3418191a:	9b05      	ldr	r3, [sp, #20]
3418191c:	4630      	mov	r0, r6
3418191e:	9e4e      	ldr	r6, [sp, #312]	@ 0x138
34181920:	3401      	adds	r4, #1
34181922:	4642      	mov	r2, r8
34181924:	4639      	mov	r1, r7
34181926:	e9cd 4601 	strd	r4, r6, [sp, #4]
3418192a:	9500      	str	r5, [sp, #0]
3418192c:	f7ff fca8 	bl	34181280 <m55_crypto_sign_verify_internal>
34181930:	b046      	add	sp, #280	@ 0x118
34181932:	e8bd 81f0 	ldmia.w	sp!, {r4, r5, r6, r7, r8, pc}
34181936:	f04f 30ff 	mov.w	r0, #4294967295	@ 0xffffffff
3418193a:	e7f9      	b.n	34181930 <__wrap_samsungsds_aimer_128s_ref_crypto_sign_verify+0x3c>

3418193c <m55_square_reduce_batch4>:
3418193c:	4603      	mov	r3, r0
3418193e:	ed90 5e80 	vldrh.u16	q2, [r0, #0]
34181942:	4602      	mov	r2, r0
34181944:	e92d 43f0 	stmdb	sp!, {r4, r5, r6, r7, r8, r9, lr}
34181948:	ed2d 8b10 	vpush	{d8-d15}
3418194c:	fe35 6e04 	vmullb.p16	q3, q2, q2
34181950:	edb3 de88 	vldrh.u16	q6, [r3, #16]!
34181954:	edb2 be98 	vldrh.u16	q5, [r2, #48]!
34181958:	4601      	mov	r1, r0
3418195a:	b0bd      	sub	sp, #244	@ 0xf4
3418195c:	fe35 1e04 	vmullt.p16	q0, q2, q2
34181960:	fe3d 2e0c 	vmullb.p16	q1, q6, q6
34181964:	fe3b ee0a 	vmullb.p16	q7, q5, q5
34181968:	ed8d 7f04 	vstrw.32	q3, [sp, #16]
3418196c:	fe3d de0c 	vmullt.p16	q6, q6, q6
34181970:	edb1 7e90 	vldrh.u16	q3, [r1, #32]!
34181974:	ff80 8857 	vmov.i16	q4, #135	@ 0x0087
34181978:	fe37 4e06 	vmullb.p16	q2, q3, q3
3418197c:	ed8d 1f20 	vstrw.32	q0, [sp, #128]
34181980:	469e      	mov	lr, r3
34181982:	ed8d 3f24 	vstrw.32	q1, [sp, #144]
34181986:	ed8d df28 	vstrw.32	q6, [sp, #160]
3418198a:	fe37 7e06 	vmullt.p16	q3, q3, q3
3418198e:	ed8d ff00 	vstrw.32	q7, [sp, #0]
34181992:	fe3b be0a 	vmullt.p16	q5, q5, q5
34181996:	460d      	mov	r5, r1
34181998:	4617      	mov	r7, r2
3418199a:	4698      	mov	r8, r3
3418199c:	4681      	mov	r9, r0
3418199e:	ac20      	add	r4, sp, #128	@ 0x80
341819a0:	ae2c      	add	r6, sp, #176	@ 0xb0
341819a2:	46a4      	mov	ip, r4
341819a4:	f10e 0e10 	add.w	lr, lr, #16
341819a8:	e8bc 000f 	ldmia.w	ip!, {r0, r1, r2, r3}
341819ac:	45b4      	cmp	ip, r6
341819ae:	f104 0410 	add.w	r4, r4, #16
341819b2:	f84e 0c10 	str.w	r0, [lr, #-16]
341819b6:	f84e 1c0c 	str.w	r1, [lr, #-12]
341819ba:	f84e 2c08 	str.w	r2, [lr, #-8]
341819be:	f84e 3c04 	str.w	r3, [lr, #-4]
341819c2:	d1ee      	bne.n	341819a2 <m55_square_reduce_batch4+0x66>
341819c4:	fe35 fe08 	vmullt.p16	q7, q2, q4
341819c8:	fe35 4e08 	vmullb.p16	q2, q2, q4
341819cc:	ed8d ff10 	vstrw.32	q7, [sp, #64]
341819d0:	ed9d ff04 	vldrw.u32	q7, [sp, #16]
341819d4:	ff0e 4154 	veor	q2, q7, q2
341819d8:	ed8d 5f14 	vstrw.32	q2, [sp, #80]
341819dc:	fe37 5e08 	vmullt.p16	q2, q3, q4
341819e0:	fe37 6e08 	vmullb.p16	q3, q3, q4
341819e4:	ed8d 7f08 	vstrw.32	q3, [sp, #32]
341819e8:	ed9d 7f00 	vldrw.u32	q3, [sp, #0]
341819ec:	ed8d 5f04 	vstrw.32	q2, [sp, #16]
341819f0:	fe37 5e08 	vmullt.p16	q2, q3, q4
341819f4:	fe37 6e08 	vmullb.p16	q3, q3, q4
341819f8:	ed9d ff10 	vldrw.u32	q7, [sp, #64]
341819fc:	ed8d 7f18 	vstrw.32	q3, [sp, #96]
34181a00:	fe3b 7e08 	vmullt.p16	q3, q5, q4
34181a04:	ed8d 7f0c 	vstrw.32	q3, [sp, #48]
34181a08:	ffb0 605e 	vshr.u32	q3, q7, #16
34181a0c:	fe3b ae08 	vmullb.p16	q5, q5, q4
34181a10:	ff00 0156 	veor	q0, q0, q3
34181a14:	ed9d 7f08 	vldrw.u32	q3, [sp, #32]
34181a18:	ed8d bf00 	vstrw.32	q5, [sp, #0]
34181a1c:	ff00 0156 	veor	q0, q0, q3
34181a20:	ed9d bf04 	vldrw.u32	q5, [sp, #16]
34181a24:	efb0 655e 	vshl.i32	q3, q7, #16
34181a28:	ed9d ff14 	vldrw.u32	q7, [sp, #80]
34181a2c:	ff0e 6156 	veor	q3, q7, q3
34181a30:	ffb0 e05a 	vshr.u32	q7, q5, #16
34181a34:	ff02 215e 	veor	q1, q1, q7
34181a38:	ed9d ff18 	vldrw.u32	q7, [sp, #96]
34181a3c:	ff02 215e 	veor	q1, q1, q7
34181a40:	efb0 e55a 	vshl.i32	q7, q5, #16
34181a44:	ff00 015e 	veor	q0, q0, q7
34181a48:	ed88 1f00 	vstrw.32	q0, [r8, #0]
34181a4c:	ffb0 0054 	vshr.u32	q0, q2, #16
34181a50:	efb0 4554 	vshl.i32	q2, q2, #16
34181a54:	ff02 2154 	veor	q1, q1, q2
34181a58:	ed85 3f00 	vstrw.32	q1, [r5, #0]
34181a5c:	ed9d 3f0c 	vldrw.u32	q1, [sp, #48]
34181a60:	ed9d bf00 	vldrw.u32	q5, [sp, #0]
34181a64:	ff0c c150 	veor	q6, q6, q0
34181a68:	ffb0 4052 	vshr.u32	q2, q1, #16
34181a6c:	ff0c c15a 	veor	q6, q6, q5
34181a70:	fe35 4e08 	vmullb.p16	q2, q2, q4
34181a74:	efb0 a552 	vshl.i32	q5, q1, #16
34181a78:	ff06 6154 	veor	q3, q3, q2
34181a7c:	ff0c c15a 	veor	q6, q6, q5
34181a80:	ed87 df00 	vstrw.32	q6, [r7, #0]
34181a84:	ed89 7f00 	vstrw.32	q3, [r9, #0]
34181a88:	b03d      	add	sp, #244	@ 0xf4
34181a8a:	ecbd 8b10 	vpop	{d8-d15}
34181a8e:	e8bd 83f0 	ldmia.w	sp!, {r4, r5, r6, r7, r8, r9, pc}
34181a92:	bf00      	nop

34181a94 <m55_gf_mul_const_batch4>:
34181a94:	e92d 41f0 	stmdb	sp!, {r4, r5, r6, r7, r8, lr}
34181a98:	ed2d 8b10 	vpush	{d8-d15}
34181a9c:	f04f 0c00 	mov.w	ip, #0
34181aa0:	b0a2      	sub	sp, #136	@ 0x88
34181aa2:	f10d 047f 	add.w	r4, sp, #127	@ 0x7f
34181aa6:	f024 040f 	bic.w	r4, r4, #15
34181aaa:	4615      	mov	r5, r2
34181aac:	e9c4 cc00 	strd	ip, ip, [r4]
34181ab0:	e9c4 cc02 	strd	ip, ip, [r4, #8]
34181ab4:	2b00      	cmp	r3, #0
34181ab6:	f000 813e 	beq.w	34181d36 <m55_gf_mul_const_batch4+0x2a2>
34181aba:	680a      	ldr	r2, [r1, #0]
34181abc:	2b01      	cmp	r3, #1
34181abe:	6022      	str	r2, [r4, #0]
34181ac0:	684a      	ldr	r2, [r1, #4]
34181ac2:	d009      	beq.n	34181ad8 <m55_gf_mul_const_batch4+0x44>
34181ac4:	690e      	ldr	r6, [r1, #16]
34181ac6:	2b02      	cmp	r3, #2
34181ac8:	6066      	str	r6, [r4, #4]
34181aca:	d005      	beq.n	34181ad8 <m55_gf_mul_const_batch4+0x44>
34181acc:	6a0e      	ldr	r6, [r1, #32]
34181ace:	2b03      	cmp	r3, #3
34181ad0:	60a6      	str	r6, [r4, #8]
34181ad2:	bf1c      	itt	ne
34181ad4:	6b0e      	ldrne	r6, [r1, #48]	@ 0x30
34181ad6:	60e6      	strne	r6, [r4, #12]
34181ad8:	ed94 df00 	vldrw.u32	q6, [r4, #0]
34181adc:	6022      	str	r2, [r4, #0]
34181ade:	2200      	movs	r2, #0
34181ae0:	2b01      	cmp	r3, #1
34181ae2:	e9c4 2201 	strd	r2, r2, [r4, #4]
34181ae6:	60e2      	str	r2, [r4, #12]
34181ae8:	d009      	beq.n	34181afe <m55_gf_mul_const_batch4+0x6a>
34181aea:	694a      	ldr	r2, [r1, #20]
34181aec:	2b02      	cmp	r3, #2
34181aee:	6062      	str	r2, [r4, #4]
34181af0:	d005      	beq.n	34181afe <m55_gf_mul_const_batch4+0x6a>
34181af2:	6a4a      	ldr	r2, [r1, #36]	@ 0x24
34181af4:	2b03      	cmp	r3, #3
34181af6:	60a2      	str	r2, [r4, #8]
34181af8:	bf1c      	itt	ne
34181afa:	6b4a      	ldrne	r2, [r1, #52]	@ 0x34
34181afc:	60e2      	strne	r2, [r4, #12]
34181afe:	2200      	movs	r2, #0
34181b00:	688e      	ldr	r6, [r1, #8]
34181b02:	2b01      	cmp	r3, #1
34181b04:	ed94 ff00 	vldrw.u32	q7, [r4, #0]
34181b08:	f8d1 c00c 	ldr.w	ip, [r1, #12]
34181b0c:	e9c4 2201 	strd	r2, r2, [r4, #4]
34181b10:	6026      	str	r6, [r4, #0]
34181b12:	60e2      	str	r2, [r4, #12]
34181b14:	d009      	beq.n	34181b2a <m55_gf_mul_const_batch4+0x96>
34181b16:	698a      	ldr	r2, [r1, #24]
34181b18:	2b02      	cmp	r3, #2
34181b1a:	6062      	str	r2, [r4, #4]
34181b1c:	d005      	beq.n	34181b2a <m55_gf_mul_const_batch4+0x96>
34181b1e:	6a8a      	ldr	r2, [r1, #40]	@ 0x28
34181b20:	2b03      	cmp	r3, #3
34181b22:	60a2      	str	r2, [r4, #8]
34181b24:	bf1c      	itt	ne
34181b26:	6b8a      	ldrne	r2, [r1, #56]	@ 0x38
34181b28:	60e2      	strne	r2, [r4, #12]
34181b2a:	2200      	movs	r2, #0
34181b2c:	2b01      	cmp	r3, #1
34181b2e:	ed94 9f00 	vldrw.u32	q4, [r4, #0]
34181b32:	e9c4 2201 	strd	r2, r2, [r4, #4]
34181b36:	f8c4 c000 	str.w	ip, [r4]
34181b3a:	60e2      	str	r2, [r4, #12]
34181b3c:	f000 80a6 	beq.w	34181c8c <m55_gf_mul_const_batch4+0x1f8>
34181b40:	69ca      	ldr	r2, [r1, #28]
34181b42:	2b02      	cmp	r3, #2
34181b44:	6062      	str	r2, [r4, #4]
34181b46:	f000 80a1 	beq.w	34181c8c <m55_gf_mul_const_batch4+0x1f8>
34181b4a:	6aca      	ldr	r2, [r1, #44]	@ 0x2c
34181b4c:	2b03      	cmp	r3, #3
34181b4e:	60a2      	str	r2, [r4, #8]
34181b50:	f000 809c 	beq.w	34181c8c <m55_gf_mul_const_batch4+0x1f8>
34181b54:	6bca      	ldr	r2, [r1, #60]	@ 0x3c
34181b56:	60e2      	str	r2, [r4, #12]
34181b58:	ed94 3f00 	vldrw.u32	q1, [r4, #0]
34181b5c:	ef80 0050 	vmov.i32	q0, #0	@ 0x00000000
34181b60:	f04f 0e80 	mov.w	lr, #128	@ 0x80
34181b64:	f04f 0c00 	mov.w	ip, #0
34181b68:	f04e e001 	dls	lr, lr
34181b6c:	ed8d 1f00 	vstrw.32	q0, [sp, #0]
34181b70:	ed8d 1f04 	vstrw.32	q0, [sp, #16]
34181b74:	ed8d 1f08 	vstrw.32	q0, [sp, #32]
34181b78:	ffa1 6052 	vshr.u32	q3, q1, #31
34181b7c:	ff80 4057 	vmov.i32	q2, #135	@ 0x00000087
34181b80:	ffb9 63c6 	vneg.s32	q3, q3
34181b84:	ffa1 a058 	vshr.u32	q5, q4, #31
34181b88:	ef06 6154 	vand	q3, q3, q2
34181b8c:	ea4f 119c 	mov.w	r1, ip, lsr #6
34181b90:	eb05 02c1 	add.w	r2, r5, r1, lsl #3
34181b94:	f00c 063f 	and.w	r6, ip, #63	@ 0x3f
34181b98:	f8d2 8004 	ldr.w	r8, [r2, #4]
34181b9c:	f855 1031 	ldr.w	r1, [r5, r1, lsl #3]
34181ba0:	f1c6 0220 	rsb	r2, r6, #32
34181ba4:	f1a6 0720 	sub.w	r7, r6, #32
34181ba8:	40f1      	lsrs	r1, r6
34181baa:	fa08 f202 	lsl.w	r2, r8, r2
34181bae:	4311      	orrs	r1, r2
34181bb0:	fa28 f707 	lsr.w	r7, r8, r7
34181bb4:	4339      	orrs	r1, r7
34181bb6:	f341 0100 	sbfx	r1, r1, #0, #1
34181bba:	eea4 1b10 	vdup.32	q2, r1
34181bbe:	ed8d 7f0c 	vstrw.32	q3, [sp, #48]
34181bc2:	ed8d bf10 	vstrw.32	q5, [sp, #64]
34181bc6:	ffa1 605c 	vshr.u32	q3, q6, #31
34181bca:	ffa1 a05e 	vshr.u32	q5, q7, #31
34181bce:	ed8d 7f18 	vstrw.32	q3, [sp, #96]
34181bd2:	ed8d bf14 	vstrw.32	q5, [sp, #80]
34181bd6:	ef02 6154 	vand	q3, q1, q2
34181bda:	efa1 a552 	vshl.i32	q5, q1, #1
34181bde:	ed9d 3f10 	vldrw.u32	q1, [sp, #64]
34181be2:	ff00 0156 	veor	q0, q0, q3
34181be6:	ef2a 2152 	vorr	q1, q5, q1
34181bea:	ef0c 6154 	vand	q3, q6, q2
34181bee:	ed9d bf08 	vldrw.u32	q5, [sp, #32]
34181bf2:	efa1 c55c 	vshl.i32	q6, q6, #1
34181bf6:	ff0a a156 	veor	q5, q5, q3
34181bfa:	ed9d 7f0c 	vldrw.u32	q3, [sp, #48]
34181bfe:	ed8d bf08 	vstrw.32	q5, [sp, #32]
34181c02:	ff0c c156 	veor	q6, q6, q3
34181c06:	ed9d bf04 	vldrw.u32	q5, [sp, #16]
34181c0a:	ef0e 6154 	vand	q3, q7, q2
34181c0e:	ff0a 6156 	veor	q3, q5, q3
34181c12:	ed8d 7f04 	vstrw.32	q3, [sp, #16]
34181c16:	ef08 6154 	vand	q3, q4, q2
34181c1a:	ed9d 5f00 	vldrw.u32	q2, [sp, #0]
34181c1e:	efa1 8558 	vshl.i32	q4, q4, #1
34181c22:	ff04 4156 	veor	q2, q2, q3
34181c26:	ed9d bf14 	vldrw.u32	q5, [sp, #80]
34181c2a:	efa1 e55e 	vshl.i32	q7, q7, #1
34181c2e:	ed9d 7f18 	vldrw.u32	q3, [sp, #96]
34181c32:	ed8d 5f00 	vstrw.32	q2, [sp, #0]
34181c36:	ef28 815a 	vorr	q4, q4, q5
34181c3a:	ef2e e156 	vorr	q7, q7, q3
34181c3e:	f10c 0c01 	add.w	ip, ip, #1
34181c42:	f00f c867 	le	lr, 34181b78 <m55_gf_mul_const_batch4+0xe4>
34181c46:	ed9d 7f08 	vldrw.u32	q3, [sp, #32]
34181c4a:	ed84 7f00 	vstrw.32	q3, [r4, #0]
34181c4e:	2b00      	cmp	r3, #0
34181c50:	d07a      	beq.n	34181d48 <m55_gf_mul_const_batch4+0x2b4>
34181c52:	2100      	movs	r1, #0
34181c54:	6822      	ldr	r2, [r4, #0]
34181c56:	2b01      	cmp	r3, #1
34181c58:	e9c0 2100 	strd	r2, r1, [r0]
34181c5c:	f000 8083 	beq.w	34181d66 <m55_gf_mul_const_batch4+0x2d2>
34181c60:	6862      	ldr	r2, [r4, #4]
34181c62:	2b02      	cmp	r3, #2
34181c64:	e9c0 2104 	strd	r2, r1, [r0, #16]
34181c68:	d013      	beq.n	34181c92 <m55_gf_mul_const_batch4+0x1fe>
34181c6a:	68a2      	ldr	r2, [r4, #8]
34181c6c:	2b03      	cmp	r3, #3
34181c6e:	e9c0 2108 	strd	r2, r1, [r0, #32]
34181c72:	d00e      	beq.n	34181c92 <m55_gf_mul_const_batch4+0x1fe>
34181c74:	ed9d 7f04 	vldrw.u32	q3, [sp, #16]
34181c78:	68e2      	ldr	r2, [r4, #12]
34181c7a:	ed84 7f00 	vstrw.32	q3, [r4, #0]
34181c7e:	6302      	str	r2, [r0, #48]	@ 0x30
34181c80:	6341      	str	r1, [r0, #52]	@ 0x34
34181c82:	6822      	ldr	r2, [r4, #0]
34181c84:	6841      	ldr	r1, [r0, #4]
34181c86:	6805      	ldr	r5, [r0, #0]
34181c88:	430a      	orrs	r2, r1
34181c8a:	e00a      	b.n	34181ca2 <m55_gf_mul_const_batch4+0x20e>
34181c8c:	ed94 3f00 	vldrw.u32	q1, [r4, #0]
34181c90:	e764      	b.n	34181b5c <m55_gf_mul_const_batch4+0xc8>
34181c92:	ed9d 7f04 	vldrw.u32	q3, [sp, #16]
34181c96:	ed84 7f00 	vstrw.32	q3, [r4, #0]
34181c9a:	6822      	ldr	r2, [r4, #0]
34181c9c:	e9d0 5100 	ldrd	r5, r1, [r0]
34181ca0:	430a      	orrs	r2, r1
34181ca2:	6941      	ldr	r1, [r0, #20]
34181ca4:	6866      	ldr	r6, [r4, #4]
34181ca6:	2b02      	cmp	r3, #2
34181ca8:	ea41 0106 	orr.w	r1, r1, r6
34181cac:	e9c0 5200 	strd	r5, r2, [r0]
34181cb0:	6141      	str	r1, [r0, #20]
34181cb2:	f04f 0500 	mov.w	r5, #0
34181cb6:	d04e      	beq.n	34181d56 <m55_gf_mul_const_batch4+0x2c2>
34181cb8:	6a42      	ldr	r2, [r0, #36]	@ 0x24
34181cba:	68a1      	ldr	r1, [r4, #8]
34181cbc:	2b03      	cmp	r3, #3
34181cbe:	ea42 0201 	orr.w	r2, r2, r1
34181cc2:	6242      	str	r2, [r0, #36]	@ 0x24
34181cc4:	d047      	beq.n	34181d56 <m55_gf_mul_const_batch4+0x2c2>
34181cc6:	ed9d 7f00 	vldrw.u32	q3, [sp, #0]
34181cca:	68e1      	ldr	r1, [r4, #12]
34181ccc:	ed84 7f00 	vstrw.32	q3, [r4, #0]
34181cd0:	6b42      	ldr	r2, [r0, #52]	@ 0x34
34181cd2:	430a      	orrs	r2, r1
34181cd4:	6821      	ldr	r1, [r4, #0]
34181cd6:	6342      	str	r2, [r0, #52]	@ 0x34
34181cd8:	f100 0208 	add.w	r2, r0, #8
34181cdc:	6081      	str	r1, [r0, #8]
34181cde:	2100      	movs	r1, #0
34181ce0:	6866      	ldr	r6, [r4, #4]
34181ce2:	2b02      	cmp	r3, #2
34181ce4:	6186      	str	r6, [r0, #24]
34181ce6:	60c5      	str	r5, [r0, #12]
34181ce8:	61c1      	str	r1, [r0, #28]
34181cea:	d04d      	beq.n	34181d88 <m55_gf_mul_const_batch4+0x2f4>
34181cec:	68a5      	ldr	r5, [r4, #8]
34181cee:	2b03      	cmp	r3, #3
34181cf0:	e9c0 510a 	strd	r5, r1, [r0, #40]	@ 0x28
34181cf4:	d048      	beq.n	34181d88 <m55_gf_mul_const_batch4+0x2f4>
34181cf6:	68e5      	ldr	r5, [r4, #12]
34181cf8:	ed84 1f00 	vstrw.32	q0, [r4, #0]
34181cfc:	e9c0 510e 	strd	r5, r1, [r0, #56]	@ 0x38
34181d00:	6825      	ldr	r5, [r4, #0]
34181d02:	6851      	ldr	r1, [r2, #4]
34181d04:	4329      	orrs	r1, r5
34181d06:	6051      	str	r1, [r2, #4]
34181d08:	69c2      	ldr	r2, [r0, #28]
34181d0a:	6861      	ldr	r1, [r4, #4]
34181d0c:	2b02      	cmp	r3, #2
34181d0e:	ea42 0201 	orr.w	r2, r2, r1
34181d12:	61c2      	str	r2, [r0, #28]
34181d14:	d01a      	beq.n	34181d4c <m55_gf_mul_const_batch4+0x2b8>
34181d16:	6ac2      	ldr	r2, [r0, #44]	@ 0x2c
34181d18:	68a1      	ldr	r1, [r4, #8]
34181d1a:	2b03      	cmp	r3, #3
34181d1c:	ea42 0201 	orr.w	r2, r2, r1
34181d20:	62c2      	str	r2, [r0, #44]	@ 0x2c
34181d22:	d013      	beq.n	34181d4c <m55_gf_mul_const_batch4+0x2b8>
34181d24:	6bc3      	ldr	r3, [r0, #60]	@ 0x3c
34181d26:	68e2      	ldr	r2, [r4, #12]
34181d28:	4313      	orrs	r3, r2
34181d2a:	63c3      	str	r3, [r0, #60]	@ 0x3c
34181d2c:	b022      	add	sp, #136	@ 0x88
34181d2e:	ecbd 8b10 	vpop	{d8-d15}
34181d32:	e8bd 81f0 	ldmia.w	sp!, {r4, r5, r6, r7, r8, pc}
34181d36:	ed94 3f00 	vldrw.u32	q1, [r4, #0]
34181d3a:	ef22 c152 	vmov	q6, q1
34181d3e:	ef22 e152 	vmov	q7, q1
34181d42:	ef22 8152 	vmov	q4, q1
34181d46:	e709      	b.n	34181b5c <m55_gf_mul_const_batch4+0xc8>
34181d48:	ed84 1f00 	vstrw.32	q0, [r4, #0]
34181d4c:	b022      	add	sp, #136	@ 0x88
34181d4e:	ecbd 8b10 	vpop	{d8-d15}
34181d52:	e8bd 81f0 	ldmia.w	sp!, {r4, r5, r6, r7, r8, pc}
34181d56:	ed9d 7f00 	vldrw.u32	q3, [sp, #0]
34181d5a:	ed84 7f00 	vstrw.32	q3, [r4, #0]
34181d5e:	f100 0208 	add.w	r2, r0, #8
34181d62:	6821      	ldr	r1, [r4, #0]
34181d64:	e7ba      	b.n	34181cdc <m55_gf_mul_const_batch4+0x248>
34181d66:	ed9d 7f04 	vldrw.u32	q3, [sp, #16]
34181d6a:	ed84 7f00 	vstrw.32	q3, [r4, #0]
34181d6e:	ed9d 7f00 	vldrw.u32	q3, [sp, #0]
34181d72:	6845      	ldr	r5, [r0, #4]
34181d74:	60c1      	str	r1, [r0, #12]
34181d76:	6821      	ldr	r1, [r4, #0]
34181d78:	ed84 7f00 	vstrw.32	q3, [r4, #0]
34181d7c:	4329      	orrs	r1, r5
34181d7e:	6041      	str	r1, [r0, #4]
34181d80:	6821      	ldr	r1, [r4, #0]
34181d82:	f100 0208 	add.w	r2, r0, #8
34181d86:	6081      	str	r1, [r0, #8]
34181d88:	ed84 1f00 	vstrw.32	q0, [r4, #0]
34181d8c:	6851      	ldr	r1, [r2, #4]
34181d8e:	6825      	ldr	r5, [r4, #0]
34181d90:	2b01      	cmp	r3, #1
34181d92:	ea41 0105 	orr.w	r1, r1, r5
34181d96:	6051      	str	r1, [r2, #4]
34181d98:	d1b6      	bne.n	34181d08 <m55_gf_mul_const_batch4+0x274>
34181d9a:	b022      	add	sp, #136	@ 0x88
34181d9c:	ecbd 8b10 	vpop	{d8-d15}
34181da0:	e8bd 81f0 	ldmia.w	sp!, {r4, r5, r6, r7, r8, pc}

34181da4 <m55_gf_frobenius_batch4>:
34181da4:	e92d 4ff0 	stmdb	sp!, {r4, r5, r6, r7, r8, r9, sl, fp, lr}
34181da8:	2700      	movs	r7, #0
34181daa:	b099      	sub	sp, #100	@ 0x64
34181dac:	f10d 0457 	add.w	r4, sp, #87	@ 0x57
34181db0:	f024 040f 	bic.w	r4, r4, #15
34181db4:	461e      	mov	r6, r3
34181db6:	4605      	mov	r5, r0
34181db8:	4690      	mov	r8, r2
34181dba:	e9c4 7700 	strd	r7, r7, [r4]
34181dbe:	e9c4 7702 	strd	r7, r7, [r4, #8]
34181dc2:	2b00      	cmp	r3, #0
34181dc4:	f000 80f4 	beq.w	34181fb0 <m55_gf_frobenius_batch4+0x20c>
34181dc8:	680b      	ldr	r3, [r1, #0]
34181dca:	2e01      	cmp	r6, #1
34181dcc:	6023      	str	r3, [r4, #0]
34181dce:	684b      	ldr	r3, [r1, #4]
34181dd0:	d009      	beq.n	34181de6 <m55_gf_frobenius_batch4+0x42>
34181dd2:	690a      	ldr	r2, [r1, #16]
34181dd4:	2e02      	cmp	r6, #2
34181dd6:	6062      	str	r2, [r4, #4]
34181dd8:	d005      	beq.n	34181de6 <m55_gf_frobenius_batch4+0x42>
34181dda:	6a0a      	ldr	r2, [r1, #32]
34181ddc:	2e03      	cmp	r6, #3
34181dde:	60a2      	str	r2, [r4, #8]
34181de0:	bf1c      	itt	ne
34181de2:	6b0a      	ldrne	r2, [r1, #48]	@ 0x30
34181de4:	60e2      	strne	r2, [r4, #12]
34181de6:	ed94 7f00 	vldrw.u32	q3, [r4, #0]
34181dea:	6023      	str	r3, [r4, #0]
34181dec:	2300      	movs	r3, #0
34181dee:	2e01      	cmp	r6, #1
34181df0:	af02      	add	r7, sp, #8
34181df2:	e9c4 3301 	strd	r3, r3, [r4, #4]
34181df6:	60e3      	str	r3, [r4, #12]
34181df8:	ed87 7f00 	vstrw.32	q3, [r7, #0]
34181dfc:	d009      	beq.n	34181e12 <m55_gf_frobenius_batch4+0x6e>
34181dfe:	694b      	ldr	r3, [r1, #20]
34181e00:	2e02      	cmp	r6, #2
34181e02:	6063      	str	r3, [r4, #4]
34181e04:	d005      	beq.n	34181e12 <m55_gf_frobenius_batch4+0x6e>
34181e06:	6a4b      	ldr	r3, [r1, #36]	@ 0x24
34181e08:	2e03      	cmp	r6, #3
34181e0a:	60a3      	str	r3, [r4, #8]
34181e0c:	bf1c      	itt	ne
34181e0e:	6b4b      	ldrne	r3, [r1, #52]	@ 0x34
34181e10:	60e3      	strne	r3, [r4, #12]
34181e12:	ed94 7f00 	vldrw.u32	q3, [r4, #0]
34181e16:	2300      	movs	r3, #0
34181e18:	688a      	ldr	r2, [r1, #8]
34181e1a:	2e01      	cmp	r6, #1
34181e1c:	6022      	str	r2, [r4, #0]
34181e1e:	f10d 0b18 	add.w	fp, sp, #24
34181e22:	e9c4 3301 	strd	r3, r3, [r4, #4]
34181e26:	68ca      	ldr	r2, [r1, #12]
34181e28:	60e3      	str	r3, [r4, #12]
34181e2a:	ed8b 7f00 	vstrw.32	q3, [fp, #0]
34181e2e:	d009      	beq.n	34181e44 <m55_gf_frobenius_batch4+0xa0>
34181e30:	698b      	ldr	r3, [r1, #24]
34181e32:	2e02      	cmp	r6, #2
34181e34:	6063      	str	r3, [r4, #4]
34181e36:	d005      	beq.n	34181e44 <m55_gf_frobenius_batch4+0xa0>
34181e38:	6a8b      	ldr	r3, [r1, #40]	@ 0x28
34181e3a:	2e03      	cmp	r6, #3
34181e3c:	60a3      	str	r3, [r4, #8]
34181e3e:	bf1c      	itt	ne
34181e40:	6b8b      	ldrne	r3, [r1, #56]	@ 0x38
34181e42:	60e3      	strne	r3, [r4, #12]
34181e44:	ed94 7f00 	vldrw.u32	q3, [r4, #0]
34181e48:	2300      	movs	r3, #0
34181e4a:	6022      	str	r2, [r4, #0]
34181e4c:	2e01      	cmp	r6, #1
34181e4e:	aa0a      	add	r2, sp, #40	@ 0x28
34181e50:	ed8d 7f0a 	vstrw.32	q3, [sp, #40]
34181e54:	e9c4 3301 	strd	r3, r3, [r4, #4]
34181e58:	9200      	str	r2, [sp, #0]
34181e5a:	60e3      	str	r3, [r4, #12]
34181e5c:	d009      	beq.n	34181e72 <m55_gf_frobenius_batch4+0xce>
34181e5e:	69cb      	ldr	r3, [r1, #28]
34181e60:	2e02      	cmp	r6, #2
34181e62:	6063      	str	r3, [r4, #4]
34181e64:	d005      	beq.n	34181e72 <m55_gf_frobenius_batch4+0xce>
34181e66:	6acb      	ldr	r3, [r1, #44]	@ 0x2c
34181e68:	2e03      	cmp	r6, #3
34181e6a:	60a3      	str	r3, [r4, #8]
34181e6c:	bf1c      	itt	ne
34181e6e:	6bcb      	ldrne	r3, [r1, #60]	@ 0x3c
34181e70:	60e3      	strne	r3, [r4, #12]
34181e72:	ed94 7f00 	vldrw.u32	q3, [r4, #0]
34181e76:	ab0e      	add	r3, sp, #56	@ 0x38
34181e78:	ed8d 7f0e 	vstrw.32	q3, [sp, #56]
34181e7c:	9301      	str	r3, [sp, #4]
34181e7e:	f1b8 0f00 	cmp.w	r8, #0
34181e82:	d00b      	beq.n	34181e9c <m55_gf_frobenius_batch4+0xf8>
34181e84:	f04f 0900 	mov.w	r9, #0
34181e88:	4638      	mov	r0, r7
34181e8a:	f109 0901 	add.w	r9, r9, #1
34181e8e:	f7ff fd55 	bl	3418193c <m55_square_reduce_batch4>
34181e92:	45c8      	cmp	r8, r9
34181e94:	d1f8      	bne.n	34181e88 <m55_gf_frobenius_batch4+0xe4>
34181e96:	2e00      	cmp	r6, #0
34181e98:	f000 80a3 	beq.w	34181fe2 <m55_gf_frobenius_batch4+0x23e>
34181e9c:	2e04      	cmp	r6, #4
34181e9e:	46b0      	mov	r8, r6
34181ea0:	46aa      	mov	sl, r5
34181ea2:	bf28      	it	cs
34181ea4:	f04f 0804 	movcs.w	r8, #4
34181ea8:	f04f 0900 	mov.w	r9, #0
34181eac:	4650      	mov	r0, sl
34181eae:	f109 0901 	add.w	r9, r9, #1
34181eb2:	f000 fdff 	bl	34182ab4 <samsungsds_aimer_128s_ref_gf_set0>
34181eb6:	45c8      	cmp	r8, r9
34181eb8:	f10a 0a10 	add.w	sl, sl, #16
34181ebc:	d8f6      	bhi.n	34181eac <m55_gf_frobenius_batch4+0x108>
34181ebe:	ed97 7f00 	vldrw.u32	q3, [r7, #0]
34181ec2:	682b      	ldr	r3, [r5, #0]
34181ec4:	ed84 7f00 	vstrw.32	q3, [r4, #0]
34181ec8:	6822      	ldr	r2, [r4, #0]
34181eca:	2e01      	cmp	r6, #1
34181ecc:	ea43 0302 	orr.w	r3, r3, r2
34181ed0:	602b      	str	r3, [r5, #0]
34181ed2:	d011      	beq.n	34181ef8 <m55_gf_frobenius_batch4+0x154>
34181ed4:	692b      	ldr	r3, [r5, #16]
34181ed6:	6862      	ldr	r2, [r4, #4]
34181ed8:	2e02      	cmp	r6, #2
34181eda:	ea43 0302 	orr.w	r3, r3, r2
34181ede:	612b      	str	r3, [r5, #16]
34181ee0:	d00a      	beq.n	34181ef8 <m55_gf_frobenius_batch4+0x154>
34181ee2:	6a2b      	ldr	r3, [r5, #32]
34181ee4:	68a2      	ldr	r2, [r4, #8]
34181ee6:	2e03      	cmp	r6, #3
34181ee8:	ea43 0302 	orr.w	r3, r3, r2
34181eec:	622b      	str	r3, [r5, #32]
34181eee:	d003      	beq.n	34181ef8 <m55_gf_frobenius_batch4+0x154>
34181ef0:	6b2b      	ldr	r3, [r5, #48]	@ 0x30
34181ef2:	68e2      	ldr	r2, [r4, #12]
34181ef4:	4313      	orrs	r3, r2
34181ef6:	632b      	str	r3, [r5, #48]	@ 0x30
34181ef8:	ed9b 7f00 	vldrw.u32	q3, [fp, #0]
34181efc:	686b      	ldr	r3, [r5, #4]
34181efe:	ed84 7f00 	vstrw.32	q3, [r4, #0]
34181f02:	6822      	ldr	r2, [r4, #0]
34181f04:	2e01      	cmp	r6, #1
34181f06:	ea43 0302 	orr.w	r3, r3, r2
34181f0a:	606b      	str	r3, [r5, #4]
34181f0c:	d011      	beq.n	34181f32 <m55_gf_frobenius_batch4+0x18e>
34181f0e:	696b      	ldr	r3, [r5, #20]
34181f10:	6862      	ldr	r2, [r4, #4]
34181f12:	2e02      	cmp	r6, #2
34181f14:	ea43 0302 	orr.w	r3, r3, r2
34181f18:	616b      	str	r3, [r5, #20]
34181f1a:	d00a      	beq.n	34181f32 <m55_gf_frobenius_batch4+0x18e>
34181f1c:	6a6b      	ldr	r3, [r5, #36]	@ 0x24
34181f1e:	68a2      	ldr	r2, [r4, #8]
34181f20:	2e03      	cmp	r6, #3
34181f22:	ea43 0302 	orr.w	r3, r3, r2
34181f26:	626b      	str	r3, [r5, #36]	@ 0x24
34181f28:	d003      	beq.n	34181f32 <m55_gf_frobenius_batch4+0x18e>
34181f2a:	6b6b      	ldr	r3, [r5, #52]	@ 0x34
34181f2c:	68e2      	ldr	r2, [r4, #12]
34181f2e:	4313      	orrs	r3, r2
34181f30:	636b      	str	r3, [r5, #52]	@ 0x34
34181f32:	9b00      	ldr	r3, [sp, #0]
34181f34:	2e01      	cmp	r6, #1
34181f36:	ed93 7f00 	vldrw.u32	q3, [r3, #0]
34181f3a:	68ab      	ldr	r3, [r5, #8]
34181f3c:	ed84 7f00 	vstrw.32	q3, [r4, #0]
34181f40:	6822      	ldr	r2, [r4, #0]
34181f42:	ea43 0302 	orr.w	r3, r3, r2
34181f46:	60ab      	str	r3, [r5, #8]
34181f48:	d011      	beq.n	34181f6e <m55_gf_frobenius_batch4+0x1ca>
34181f4a:	69ab      	ldr	r3, [r5, #24]
34181f4c:	6862      	ldr	r2, [r4, #4]
34181f4e:	2e02      	cmp	r6, #2
34181f50:	ea43 0302 	orr.w	r3, r3, r2
34181f54:	61ab      	str	r3, [r5, #24]
34181f56:	d00a      	beq.n	34181f6e <m55_gf_frobenius_batch4+0x1ca>
34181f58:	6aab      	ldr	r3, [r5, #40]	@ 0x28
34181f5a:	68a2      	ldr	r2, [r4, #8]
34181f5c:	2e03      	cmp	r6, #3
34181f5e:	ea43 0302 	orr.w	r3, r3, r2
34181f62:	62ab      	str	r3, [r5, #40]	@ 0x28
34181f64:	d003      	beq.n	34181f6e <m55_gf_frobenius_batch4+0x1ca>
34181f66:	6bab      	ldr	r3, [r5, #56]	@ 0x38
34181f68:	68e2      	ldr	r2, [r4, #12]
34181f6a:	4313      	orrs	r3, r2
34181f6c:	63ab      	str	r3, [r5, #56]	@ 0x38
34181f6e:	9b01      	ldr	r3, [sp, #4]
34181f70:	2e01      	cmp	r6, #1
34181f72:	ed93 7f00 	vldrw.u32	q3, [r3, #0]
34181f76:	68eb      	ldr	r3, [r5, #12]
34181f78:	ed84 7f00 	vstrw.32	q3, [r4, #0]
34181f7c:	6822      	ldr	r2, [r4, #0]
34181f7e:	ea43 0302 	orr.w	r3, r3, r2
34181f82:	60eb      	str	r3, [r5, #12]
34181f84:	d011      	beq.n	34181faa <m55_gf_frobenius_batch4+0x206>
34181f86:	69eb      	ldr	r3, [r5, #28]
34181f88:	6862      	ldr	r2, [r4, #4]
34181f8a:	2e02      	cmp	r6, #2
34181f8c:	ea43 0302 	orr.w	r3, r3, r2
34181f90:	61eb      	str	r3, [r5, #28]
34181f92:	d00a      	beq.n	34181faa <m55_gf_frobenius_batch4+0x206>
34181f94:	6aeb      	ldr	r3, [r5, #44]	@ 0x2c
34181f96:	68a2      	ldr	r2, [r4, #8]
34181f98:	2e03      	cmp	r6, #3
34181f9a:	ea43 0302 	orr.w	r3, r3, r2
34181f9e:	62eb      	str	r3, [r5, #44]	@ 0x2c
34181fa0:	d003      	beq.n	34181faa <m55_gf_frobenius_batch4+0x206>
34181fa2:	6beb      	ldr	r3, [r5, #60]	@ 0x3c
34181fa4:	68e2      	ldr	r2, [r4, #12]
34181fa6:	4313      	orrs	r3, r2
34181fa8:	63eb      	str	r3, [r5, #60]	@ 0x3c
34181faa:	b019      	add	sp, #100	@ 0x64
34181fac:	e8bd 8ff0 	ldmia.w	sp!, {r4, r5, r6, r7, r8, r9, sl, fp, pc}
34181fb0:	ed94 7f00 	vldrw.u32	q3, [r4, #0]
34181fb4:	ed8d 7f02 	vstrw.32	q3, [sp, #8]
34181fb8:	ab0a      	add	r3, sp, #40	@ 0x28
34181fba:	aa0e      	add	r2, sp, #56	@ 0x38
34181fbc:	9300      	str	r3, [sp, #0]
34181fbe:	9201      	str	r2, [sp, #4]
34181fc0:	ed94 7f00 	vldrw.u32	q3, [r4, #0]
34181fc4:	ed8d 7f06 	vstrw.32	q3, [sp, #24]
34181fc8:	ed94 7f00 	vldrw.u32	q3, [r4, #0]
34181fcc:	af02      	add	r7, sp, #8
34181fce:	f10d 0b18 	add.w	fp, sp, #24
34181fd2:	ed8d 7f0a 	vstrw.32	q3, [sp, #40]
34181fd6:	ed8d 7f0e 	vstrw.32	q3, [sp, #56]
34181fda:	f1b8 0f00 	cmp.w	r8, #0
34181fde:	f47f af51 	bne.w	34181e84 <m55_gf_frobenius_batch4+0xe0>
34181fe2:	ed97 7f00 	vldrw.u32	q3, [r7, #0]
34181fe6:	ed84 7f00 	vstrw.32	q3, [r4, #0]
34181fea:	ed9b 7f00 	vldrw.u32	q3, [fp, #0]
34181fee:	ed84 7f00 	vstrw.32	q3, [r4, #0]
34181ff2:	9b00      	ldr	r3, [sp, #0]
34181ff4:	ed93 7f00 	vldrw.u32	q3, [r3, #0]
34181ff8:	ed84 7f00 	vstrw.32	q3, [r4, #0]
34181ffc:	9b01      	ldr	r3, [sp, #4]
34181ffe:	ed93 7f00 	vldrw.u32	q3, [r3, #0]
34182002:	ed84 7f00 	vstrw.32	q3, [r4, #0]
34182006:	b019      	add	sp, #100	@ 0x64
34182008:	e8bd 8ff0 	ldmia.w	sp!, {r4, r5, r6, r7, r8, r9, sl, fp, pc}

3418200c <m55_aim3_mpc_batch4>:
3418200c:	e92d 4ff0 	stmdb	sp!, {r4, r5, r6, r7, r8, r9, sl, fp, lr}
34182010:	b0a7      	sub	sp, #156	@ 0x9c
34182012:	9c31      	ldr	r4, [sp, #196]	@ 0xc4
34182014:	4698      	mov	r8, r3
34182016:	e9dd 7330 	ldrd	r7, r3, [sp, #192]	@ 0xc0
3418201a:	2c04      	cmp	r4, #4
3418201c:	bf28      	it	cs
3418201e:	2404      	movcs	r4, #4
34182020:	e9cd 2101 	strd	r2, r1, [sp, #4]
34182024:	9000      	str	r0, [sp, #0]
34182026:	2b00      	cmp	r3, #0
34182028:	f000 8132 	beq.w	34182290 <m55_aim3_mpc_batch4+0x284>
3418202c:	4613      	mov	r3, r2
3418202e:	3330      	adds	r3, #48	@ 0x30
34182030:	4605      	mov	r5, r0
34182032:	461e      	mov	r6, r3
34182034:	f04f 0b00 	mov.w	fp, #0
34182038:	9304      	str	r3, [sp, #16]
3418203a:	22d0      	movs	r2, #208	@ 0xd0
3418203c:	2100      	movs	r1, #0
3418203e:	4628      	mov	r0, r5
34182040:	f007 fb9a 	bl	34189778 <memset>
34182044:	4631      	mov	r1, r6
34182046:	f105 0060 	add.w	r0, r5, #96	@ 0x60
3418204a:	f000 fd47 	bl	34182adc <samsungsds_aimer_128s_ref_gf_copy>
3418204e:	f106 0110 	add.w	r1, r6, #16
34182052:	f105 0070 	add.w	r0, r5, #112	@ 0x70
34182056:	f000 fd41 	bl	34182adc <samsungsds_aimer_128s_ref_gf_copy>
3418205a:	f106 0120 	add.w	r1, r6, #32
3418205e:	f105 0080 	add.w	r0, r5, #128	@ 0x80
34182062:	f000 fd3b 	bl	34182adc <samsungsds_aimer_128s_ref_gf_copy>
34182066:	f1a6 0120 	sub.w	r1, r6, #32
3418206a:	f105 0090 	add.w	r0, r5, #144	@ 0x90
3418206e:	f000 fd35 	bl	34182adc <samsungsds_aimer_128s_ref_gf_copy>
34182072:	f1a6 0110 	sub.w	r1, r6, #16
34182076:	f105 00a0 	add.w	r0, r5, #160	@ 0xa0
3418207a:	f000 fd2f 	bl	34182adc <samsungsds_aimer_128s_ref_gf_copy>
3418207e:	f105 00b0 	add.w	r0, r5, #176	@ 0xb0
34182082:	f1a6 0130 	sub.w	r1, r6, #48	@ 0x30
34182086:	f000 fd29 	bl	34182adc <samsungsds_aimer_128s_ref_gf_copy>
3418208a:	eb07 030b 	add.w	r3, r7, fp
3418208e:	2bff      	cmp	r3, #255	@ 0xff
34182090:	f106 0130 	add.w	r1, r6, #48	@ 0x30
34182094:	f105 00c0 	add.w	r0, r5, #192	@ 0xc0
34182098:	d008      	beq.n	341820ac <m55_aim3_mpc_batch4+0xa0>
3418209a:	f10b 0b01 	add.w	fp, fp, #1
3418209e:	f000 fd1d 	bl	34182adc <samsungsds_aimer_128s_ref_gf_copy>
341820a2:	455c      	cmp	r4, fp
341820a4:	d912      	bls.n	341820cc <m55_aim3_mpc_batch4+0xc0>
341820a6:	35d0      	adds	r5, #208	@ 0xd0
341820a8:	3670      	adds	r6, #112	@ 0x70
341820aa:	e7c6      	b.n	3418203a <m55_aim3_mpc_batch4+0x2e>
341820ac:	f105 01b0 	add.w	r1, r5, #176	@ 0xb0
341820b0:	4608      	mov	r0, r1
341820b2:	4642      	mov	r2, r8
341820b4:	f000 fd1c 	bl	34182af0 <samsungsds_aimer_128s_ref_gf_add>
341820b8:	f10b 0b01 	add.w	fp, fp, #1
341820bc:	f106 0130 	add.w	r1, r6, #48	@ 0x30
341820c0:	f105 00c0 	add.w	r0, r5, #192	@ 0xc0
341820c4:	f000 fd0a 	bl	34182adc <samsungsds_aimer_128s_ref_gf_copy>
341820c8:	455c      	cmp	r4, fp
341820ca:	d8ec      	bhi.n	341820a6 <m55_aim3_mpc_batch4+0x9a>
341820cc:	9b31      	ldr	r3, [sp, #196]	@ 0xc4
341820ce:	2b00      	cmp	r3, #0
341820d0:	f000 80e1 	beq.w	34182296 <m55_aim3_mpc_batch4+0x28a>
341820d4:	f04f 0b00 	mov.w	fp, #0
341820d8:	9b02      	ldr	r3, [sp, #8]
341820da:	f10d 0a18 	add.w	sl, sp, #24
341820de:	461a      	mov	r2, r3
341820e0:	f503 5300 	add.w	r3, r3, #8192	@ 0x2000
341820e4:	ae16      	add	r6, sp, #88	@ 0x58
341820e6:	9305      	str	r3, [sp, #20]
341820e8:	f8dd 9004 	ldr.w	r9, [sp, #4]
341820ec:	9603      	str	r6, [sp, #12]
341820ee:	4655      	mov	r5, sl
341820f0:	464e      	mov	r6, r9
341820f2:	f04f 0800 	mov.w	r8, #0
341820f6:	4691      	mov	r9, r2
341820f8:	4631      	mov	r1, r6
341820fa:	4628      	mov	r0, r5
341820fc:	f108 0801 	add.w	r8, r8, #1
34182100:	f000 fcec 	bl	34182adc <samsungsds_aimer_128s_ref_gf_copy>
34182104:	4544      	cmp	r4, r8
34182106:	f105 0510 	add.w	r5, r5, #16
3418210a:	f106 0670 	add.w	r6, r6, #112	@ 0x70
3418210e:	d8f3      	bhi.n	341820f8 <m55_aim3_mpc_batch4+0xec>
34182110:	9e03      	ldr	r6, [sp, #12]
34182112:	464a      	mov	r2, r9
34182114:	2500      	movs	r5, #0
34182116:	46b1      	mov	r9, r6
34182118:	4623      	mov	r3, r4
3418211a:	4651      	mov	r1, sl
3418211c:	4630      	mov	r0, r6
3418211e:	f001 f8a3 	bl	34183268 <m55_gf_mat_vec_mul_batch4>
34182122:	9b00      	ldr	r3, [sp, #0]
34182124:	eb03 080b 	add.w	r8, r3, fp
34182128:	4649      	mov	r1, r9
3418212a:	4640      	mov	r0, r8
3418212c:	f000 fcd6 	bl	34182adc <samsungsds_aimer_128s_ref_gf_copy>
34182130:	197b      	adds	r3, r7, r5
34182132:	2bff      	cmp	r3, #255	@ 0xff
34182134:	d00f      	beq.n	34182156 <m55_aim3_mpc_batch4+0x14a>
34182136:	3501      	adds	r5, #1
34182138:	42ac      	cmp	r4, r5
3418213a:	f108 08d0 	add.w	r8, r8, #208	@ 0xd0
3418213e:	f109 0910 	add.w	r9, r9, #16
34182142:	d8f1      	bhi.n	34182128 <m55_aim3_mpc_batch4+0x11c>
34182144:	f1bb 0f00 	cmp.w	fp, #0
34182148:	d10d      	bne.n	34182166 <m55_aim3_mpc_batch4+0x15a>
3418214a:	9b02      	ldr	r3, [sp, #8]
3418214c:	f04f 0b10 	mov.w	fp, #16
34182150:	f503 6200 	add.w	r2, r3, #2048	@ 0x800
34182154:	e7c8      	b.n	341820e8 <m55_aim3_mpc_batch4+0xdc>
34182156:	9b05      	ldr	r3, [sp, #20]
34182158:	4641      	mov	r1, r8
3418215a:	4640      	mov	r0, r8
3418215c:	eb03 020b 	add.w	r2, r3, fp
34182160:	f000 fcc6 	bl	34182af0 <samsungsds_aimer_128s_ref_gf_add>
34182164:	e7e7      	b.n	34182136 <m55_aim3_mpc_batch4+0x12a>
34182166:	9b31      	ldr	r3, [sp, #196]	@ 0xc4
34182168:	b14b      	cbz	r3, 3418217e <m55_aim3_mpc_batch4+0x172>
3418216a:	46d3      	mov	fp, sl
3418216c:	2500      	movs	r5, #0
3418216e:	4658      	mov	r0, fp
34182170:	3501      	adds	r5, #1
34182172:	f000 fc9f 	bl	34182ab4 <samsungsds_aimer_128s_ref_gf_set0>
34182176:	42ac      	cmp	r4, r5
34182178:	f10b 0b10 	add.w	fp, fp, #16
3418217c:	d8f7      	bhi.n	3418216e <m55_aim3_mpc_batch4+0x162>
3418217e:	9d01      	ldr	r5, [sp, #4]
34182180:	9b02      	ldr	r3, [sp, #8]
34182182:	3510      	adds	r5, #16
34182184:	f503 5b80 	add.w	fp, r3, #4096	@ 0x1000
34182188:	9730      	str	r7, [sp, #192]	@ 0xc0
3418218a:	9b31      	ldr	r3, [sp, #196]	@ 0xc4
3418218c:	b17b      	cbz	r3, 341821ae <m55_aim3_mpc_batch4+0x1a2>
3418218e:	4637      	mov	r7, r6
34182190:	46a8      	mov	r8, r5
34182192:	f04f 0900 	mov.w	r9, #0
34182196:	4641      	mov	r1, r8
34182198:	4638      	mov	r0, r7
3418219a:	f109 0901 	add.w	r9, r9, #1
3418219e:	f000 fc9d 	bl	34182adc <samsungsds_aimer_128s_ref_gf_copy>
341821a2:	454c      	cmp	r4, r9
341821a4:	f107 0710 	add.w	r7, r7, #16
341821a8:	f108 0870 	add.w	r8, r8, #112	@ 0x70
341821ac:	d8f3      	bhi.n	34182196 <m55_aim3_mpc_batch4+0x18a>
341821ae:	4623      	mov	r3, r4
341821b0:	465a      	mov	r2, fp
341821b2:	4631      	mov	r1, r6
341821b4:	4650      	mov	r0, sl
341821b6:	f000 ff51 	bl	3418305c <m55_gf_mat_vec_mul_add_batch4>
341821ba:	9b04      	ldr	r3, [sp, #16]
341821bc:	3510      	adds	r5, #16
341821be:	42ab      	cmp	r3, r5
341821c0:	f50b 6b00 	add.w	fp, fp, #2048	@ 0x800
341821c4:	d1e1      	bne.n	3418218a <m55_aim3_mpc_batch4+0x17e>
341821c6:	e9dd 7330 	ldrd	r7, r3, [sp, #192]	@ 0xc0
341821ca:	b193      	cbz	r3, 341821f2 <m55_aim3_mpc_batch4+0x1e6>
341821cc:	46d3      	mov	fp, sl
341821ce:	2500      	movs	r5, #0
341821d0:	9b00      	ldr	r3, [sp, #0]
341821d2:	f103 0920 	add.w	r9, r3, #32
341821d6:	4659      	mov	r1, fp
341821d8:	4648      	mov	r0, r9
341821da:	f000 fc7f 	bl	34182adc <samsungsds_aimer_128s_ref_gf_copy>
341821de:	197b      	adds	r3, r7, r5
341821e0:	2bff      	cmp	r3, #255	@ 0xff
341821e2:	d04c      	beq.n	3418227e <m55_aim3_mpc_batch4+0x272>
341821e4:	3501      	adds	r5, #1
341821e6:	42ac      	cmp	r4, r5
341821e8:	f109 09d0 	add.w	r9, r9, #208	@ 0xd0
341821ec:	f10b 0b10 	add.w	fp, fp, #16
341821f0:	d8f1      	bhi.n	341821d6 <m55_aim3_mpc_batch4+0x1ca>
341821f2:	9d00      	ldr	r5, [sp, #0]
341821f4:	f105 0330 	add.w	r3, r5, #48	@ 0x30
341821f8:	9301      	str	r3, [sp, #4]
341821fa:	9b31      	ldr	r3, [sp, #196]	@ 0xc4
341821fc:	2b00      	cmp	r3, #0
341821fe:	d063      	beq.n	341822c8 <m55_aim3_mpc_batch4+0x2bc>
34182200:	f8df 90e4 	ldr.w	r9, [pc, #228]	@ 341822e8 <m55_aim3_mpc_batch4+0x2dc>
34182204:	f8cd a000 	str.w	sl, [sp]
34182208:	46ab      	mov	fp, r5
3418220a:	f04f 0800 	mov.w	r8, #0
3418220e:	f8dd a000 	ldr.w	sl, [sp]
34182212:	4659      	mov	r1, fp
34182214:	4650      	mov	r0, sl
34182216:	f108 0801 	add.w	r8, r8, #1
3418221a:	f000 fc5f 	bl	34182adc <samsungsds_aimer_128s_ref_gf_copy>
3418221e:	4544      	cmp	r4, r8
34182220:	f10a 0a10 	add.w	sl, sl, #16
34182224:	f10b 0bd0 	add.w	fp, fp, #208	@ 0xd0
34182228:	d8f3      	bhi.n	34182212 <m55_aim3_mpc_batch4+0x206>
3418222a:	4623      	mov	r3, r4
3418222c:	4630      	mov	r0, r6
3418222e:	9900      	ldr	r1, [sp, #0]
34182230:	f8d9 2000 	ldr.w	r2, [r9]
34182234:	f7ff fdb6 	bl	34181da4 <m55_gf_frobenius_batch4>
34182238:	f04f 0800 	mov.w	r8, #0
3418223c:	46ab      	mov	fp, r5
3418223e:	eb06 1108 	add.w	r1, r6, r8, lsl #4
34182242:	f10b 0030 	add.w	r0, fp, #48	@ 0x30
34182246:	f000 fc49 	bl	34182adc <samsungsds_aimer_128s_ref_gf_copy>
3418224a:	eb07 0208 	add.w	r2, r7, r8
3418224e:	2aff      	cmp	r2, #255	@ 0xff
34182250:	f108 0801 	add.w	r8, r8, #1
34182254:	d00c      	beq.n	34182270 <m55_aim3_mpc_batch4+0x264>
34182256:	4544      	cmp	r4, r8
34182258:	f10b 0bd0 	add.w	fp, fp, #208	@ 0xd0
3418225c:	d8ef      	bhi.n	3418223e <m55_aim3_mpc_batch4+0x232>
3418225e:	9b01      	ldr	r3, [sp, #4]
34182260:	3510      	adds	r5, #16
34182262:	429d      	cmp	r5, r3
34182264:	f109 0904 	add.w	r9, r9, #4
34182268:	d1ce      	bne.n	34182208 <m55_aim3_mpc_batch4+0x1fc>
3418226a:	b027      	add	sp, #156	@ 0x9c
3418226c:	e8bd 8ff0 	ldmia.w	sp!, {r4, r5, r6, r7, r8, r9, sl, fp, pc}
34182270:	f8db 2030 	ldr.w	r2, [fp, #48]	@ 0x30
34182274:	f082 0201 	eor.w	r2, r2, #1
34182278:	f8cb 2030 	str.w	r2, [fp, #48]	@ 0x30
3418227c:	e7eb      	b.n	34182256 <m55_aim3_mpc_batch4+0x24a>
3418227e:	9b02      	ldr	r3, [sp, #8]
34182280:	4649      	mov	r1, r9
34182282:	f503 5200 	add.w	r2, r3, #8192	@ 0x2000
34182286:	4648      	mov	r0, r9
34182288:	3220      	adds	r2, #32
3418228a:	f000 fc31 	bl	34182af0 <samsungsds_aimer_128s_ref_gf_add>
3418228e:	e7a9      	b.n	341821e4 <m55_aim3_mpc_batch4+0x1d8>
34182290:	f102 0330 	add.w	r3, r2, #48	@ 0x30
34182294:	9304      	str	r3, [sp, #16]
34182296:	2500      	movs	r5, #0
34182298:	f10d 0a18 	add.w	sl, sp, #24
3418229c:	ae16      	add	r6, sp, #88	@ 0x58
3418229e:	2300      	movs	r3, #0
341822a0:	4651      	mov	r1, sl
341822a2:	4630      	mov	r0, r6
341822a4:	9a02      	ldr	r2, [sp, #8]
341822a6:	f000 ffdf 	bl	34183268 <m55_gf_mat_vec_mul_batch4>
341822aa:	2d00      	cmp	r5, #0
341822ac:	f47f af67 	bne.w	3418217e <m55_aim3_mpc_batch4+0x172>
341822b0:	2510      	movs	r5, #16
341822b2:	9b02      	ldr	r3, [sp, #8]
341822b4:	4651      	mov	r1, sl
341822b6:	f503 6200 	add.w	r2, r3, #2048	@ 0x800
341822ba:	4630      	mov	r0, r6
341822bc:	2300      	movs	r3, #0
341822be:	f000 ffd3 	bl	34183268 <m55_gf_mat_vec_mul_batch4>
341822c2:	2d00      	cmp	r5, #0
341822c4:	d0f4      	beq.n	341822b0 <m55_aim3_mpc_batch4+0x2a4>
341822c6:	e75a      	b.n	3418217e <m55_aim3_mpc_batch4+0x172>
341822c8:	4c07      	ldr	r4, [pc, #28]	@ (341822e8 <m55_aim3_mpc_batch4+0x2dc>)
341822ca:	9f01      	ldr	r7, [sp, #4]
341822cc:	2300      	movs	r3, #0
341822ce:	4651      	mov	r1, sl
341822d0:	4630      	mov	r0, r6
341822d2:	f854 2b04 	ldr.w	r2, [r4], #4
341822d6:	3510      	adds	r5, #16
341822d8:	f7ff fd64 	bl	34181da4 <m55_gf_frobenius_batch4>
341822dc:	42bd      	cmp	r5, r7
341822de:	d1f5      	bne.n	341822cc <m55_aim3_mpc_batch4+0x2c0>
341822e0:	b027      	add	sp, #156	@ 0x9c
341822e2:	e8bd 8ff0 	ldmia.w	sp!, {r4, r5, r6, r7, r8, r9, sl, fp, pc}
341822e6:	bf00      	nop
341822e8:	3418fd28 	.word	0x3418fd28

341822ec <squeeze_invertible_matrix>:
341822ec:	e92d 4ff0 	stmdb	sp!, {r4, r5, r6, r7, r8, r9, sl, fp, lr}
341822f0:	2400      	movs	r4, #0
341822f2:	f5ad 5d82 	sub.w	sp, sp, #4160	@ 0x1040
341822f6:	b081      	sub	sp, #4
341822f8:	f50d 6704 	add.w	r7, sp, #2112	@ 0x840
341822fc:	f10d 0a40 	add.w	sl, sp, #64	@ 0x40
34182300:	4655      	mov	r5, sl
34182302:	46bb      	mov	fp, r7
34182304:	e9cd 4408 	strd	r4, r4, [sp, #32]
34182308:	e9cd 440a 	strd	r4, r4, [sp, #40]	@ 0x28
3418230c:	e9cd 7106 	strd	r7, r1, [sp, #24]
34182310:	9005      	str	r0, [sp, #20]
34182312:	2210      	movs	r2, #16
34182314:	9805      	ldr	r0, [sp, #20]
34182316:	a90c      	add	r1, sp, #48	@ 0x30
34182318:	f000 fa5a 	bl	341827d0 <samsungsds_aimer_128s_ref_hash_squeeze>
3418231c:	a90c      	add	r1, sp, #48	@ 0x30
3418231e:	a808      	add	r0, sp, #32
34182320:	f000 fbbe 	bl	34182aa0 <samsungsds_aimer_128s_ref_gf_from_bytes>
34182324:	f50d 6104 	add.w	r1, sp, #2112	@ 0x840
34182328:	eb01 1704 	add.w	r7, r1, r4, lsl #4
3418232c:	f04f 30ff 	mov.w	r0, #4294967295	@ 0xffffffff
34182330:	f04f 31ff 	mov.w	r1, #4294967295	@ 0xffffffff
34182334:	f004 0c3f 	and.w	ip, r4, #63	@ 0x3f
34182338:	ea50 c10d 	lsll	r0, r1, ip
3418233c:	e9cd 0102 	strd	r0, r1, [sp, #8]
34182340:	2001      	movs	r0, #1
34182342:	2100      	movs	r1, #0
34182344:	ea50 c10d 	lsll	r0, r1, ip
34182348:	ea4f 1894 	mov.w	r8, r4, lsr #6
3418234c:	e9cd 0100 	strd	r0, r1, [sp]
34182350:	9902      	ldr	r1, [sp, #8]
34182352:	eb0a 03c8 	add.w	r3, sl, r8, lsl #3
34182356:	e953 2308 	ldrd	r2, r3, [r3, #-32]
3418235a:	ea01 0c02 	and.w	ip, r1, r2
3418235e:	ea22 0201 	bic.w	r2, r2, r1
34182362:	9900      	ldr	r1, [sp, #0]
34182364:	eb0a 1904 	add.w	r9, sl, r4, lsl #4
34182368:	ea4c 0601 	orr.w	r6, ip, r1
3418236c:	430a      	orrs	r2, r1
3418236e:	9903      	ldr	r1, [sp, #12]
34182370:	ea4f 1e04 	mov.w	lr, r4, lsl #4
34182374:	ea01 0003 	and.w	r0, r1, r3
34182378:	ea23 0301 	bic.w	r3, r3, r1
3418237c:	9901      	ldr	r1, [sp, #4]
3418237e:	9704      	str	r7, [sp, #16]
34182380:	ea40 0c01 	orr.w	ip, r0, r1
34182384:	430b      	orrs	r3, r1
34182386:	f1b8 0f00 	cmp.w	r8, #0
3418238a:	d025      	beq.n	341823d8 <squeeze_invertible_matrix+0xec>
3418238c:	2000      	movs	r0, #0
3418238e:	2100      	movs	r1, #0
34182390:	3401      	adds	r4, #1
34182392:	f10b 0b10 	add.w	fp, fp, #16
34182396:	2c80      	cmp	r4, #128	@ 0x80
34182398:	e9c5 0100 	strd	r0, r1, [r5]
3418239c:	e95a 0108 	ldrd	r0, r1, [sl, #-32]
341823a0:	e9c9 6c02 	strd	r6, ip, [r9, #8]
341823a4:	e94b 0104 	strd	r0, r1, [fp, #-16]
341823a8:	f105 0510 	add.w	r5, r5, #16
341823ac:	e9c7 2302 	strd	r2, r3, [r7, #8]
341823b0:	d1af      	bne.n	34182312 <squeeze_invertible_matrix+0x26>
341823b2:	e9dd 7606 	ldrd	r7, r6, [sp, #24]
341823b6:	4639      	mov	r1, r7
341823b8:	4630      	mov	r0, r6
341823ba:	4652      	mov	r2, sl
341823bc:	f000 ff8a 	bl	341832d4 <samsungsds_aimer_128s_ref_gf_mat_vec_mul>
341823c0:	3710      	adds	r7, #16
341823c2:	f50d 5382 	add.w	r3, sp, #4160	@ 0x1040
341823c6:	429f      	cmp	r7, r3
341823c8:	f106 0610 	add.w	r6, r6, #16
341823cc:	d1f3      	bne.n	341823b6 <squeeze_invertible_matrix+0xca>
341823ce:	f50d 5d82 	add.w	sp, sp, #4160	@ 0x1040
341823d2:	b001      	add	sp, #4
341823d4:	e8bd 8ff0 	ldmia.w	sp!, {r4, r5, r6, r7, r8, r9, sl, fp, pc}
341823d8:	f50d 6104 	add.w	r1, sp, #2112	@ 0x840
341823dc:	f841 200e 	str.w	r2, [r1, lr]
341823e0:	2000      	movs	r0, #0
341823e2:	2100      	movs	r1, #0
341823e4:	eb0a 1204 	add.w	r2, sl, r4, lsl #4
341823e8:	f84a 600e 	str.w	r6, [sl, lr]
341823ec:	f8c2 c004 	str.w	ip, [r2, #4]
341823f0:	9a04      	ldr	r2, [sp, #16]
341823f2:	3401      	adds	r4, #1
341823f4:	6053      	str	r3, [r2, #4]
341823f6:	3510      	adds	r5, #16
341823f8:	e9cb 0102 	strd	r0, r1, [fp, #8]
341823fc:	e95a 2306 	ldrd	r2, r3, [sl, #-24]
34182400:	f10b 0b10 	add.w	fp, fp, #16
34182404:	e945 2302 	strd	r2, r3, [r5, #-8]
34182408:	e783      	b.n	34182312 <squeeze_invertible_matrix+0x26>
3418240a:	bf00      	nop

3418240c <samsungsds_aimer_128s_ref_aim3_generate_linear>:
3418240c:	b570      	push	{r4, r5, r6, lr}
3418240e:	460c      	mov	r4, r1
34182410:	4606      	mov	r6, r0
34182412:	b082      	sub	sp, #8
34182414:	a801      	add	r0, sp, #4
34182416:	f000 f9c5 	bl	341827a4 <samsungsds_aimer_128s_ref_hash_init>
3418241a:	4621      	mov	r1, r4
3418241c:	2210      	movs	r2, #16
3418241e:	a801      	add	r0, sp, #4
34182420:	f000 f9d2 	bl	341827c8 <samsungsds_aimer_128s_ref_hash_update>
34182424:	a801      	add	r0, sp, #4
34182426:	f000 f9d1 	bl	341827cc <samsungsds_aimer_128s_ref_hash_final>
3418242a:	4635      	mov	r5, r6
3418242c:	f506 5400 	add.w	r4, r6, #8192	@ 0x2000
34182430:	4629      	mov	r1, r5
34182432:	a801      	add	r0, sp, #4
34182434:	f505 6500 	add.w	r5, r5, #2048	@ 0x800
34182438:	f7ff ff58 	bl	341822ec <squeeze_invertible_matrix>
3418243c:	42a5      	cmp	r5, r4
3418243e:	d1f7      	bne.n	34182430 <samsungsds_aimer_128s_ref_aim3_generate_linear+0x24>
34182440:	f506 5600 	add.w	r6, r6, #8192	@ 0x2000
34182444:	3630      	adds	r6, #48	@ 0x30
34182446:	4621      	mov	r1, r4
34182448:	2210      	movs	r2, #16
3418244a:	a801      	add	r0, sp, #4
3418244c:	3410      	adds	r4, #16
3418244e:	f000 f9bf 	bl	341827d0 <samsungsds_aimer_128s_ref_hash_squeeze>
34182452:	42b4      	cmp	r4, r6
34182454:	d1f7      	bne.n	34182446 <samsungsds_aimer_128s_ref_aim3_generate_linear+0x3a>
34182456:	a801      	add	r0, sp, #4
34182458:	f000 f9c0 	bl	341827dc <samsungsds_aimer_128s_ref_hash_ctx_release>
3418245c:	b002      	add	sp, #8
3418245e:	bd70      	pop	{r4, r5, r6, pc}

34182460 <samsungsds_aimer_128s_ref_aim3_nozeroinpsb>:
34182460:	e92d 4ff0 	stmdb	sp!, {r4, r5, r6, r7, r8, r9, sl, fp, lr}
34182464:	4683      	mov	fp, r0
34182466:	b095      	sub	sp, #84	@ 0x54
34182468:	f242 0030 	movw	r0, #8240	@ 0x2030
3418246c:	460d      	mov	r5, r1
3418246e:	4614      	mov	r4, r2
34182470:	f006 fb5c 	bl	34188b2c <malloc>
34182474:	2800      	cmp	r0, #0
34182476:	f000 80ac 	beq.w	341825d2 <samsungsds_aimer_128s_ref_aim3_nozeroinpsb+0x172>
3418247a:	2300      	movs	r3, #0
3418247c:	4681      	mov	r9, r0
3418247e:	4629      	mov	r1, r5
34182480:	4668      	mov	r0, sp
34182482:	e9cd 3301 	strd	r3, r3, [sp, #4]
34182486:	e9cd 3305 	strd	r3, r3, [sp, #20]
3418248a:	e9cd 3309 	strd	r3, r3, [sp, #36]	@ 0x24
3418248e:	9300      	str	r3, [sp, #0]
34182490:	9304      	str	r3, [sp, #16]
34182492:	9308      	str	r3, [sp, #32]
34182494:	9303      	str	r3, [sp, #12]
34182496:	9307      	str	r3, [sp, #28]
34182498:	930b      	str	r3, [sp, #44]	@ 0x2c
3418249a:	f000 fb01 	bl	34182aa0 <samsungsds_aimer_128s_ref_gf_from_bytes>
3418249e:	a80c      	add	r0, sp, #48	@ 0x30
341824a0:	f000 f980 	bl	341827a4 <samsungsds_aimer_128s_ref_hash_init>
341824a4:	4621      	mov	r1, r4
341824a6:	2210      	movs	r2, #16
341824a8:	a80c      	add	r0, sp, #48	@ 0x30
341824aa:	f000 f98d 	bl	341827c8 <samsungsds_aimer_128s_ref_hash_update>
341824ae:	a80c      	add	r0, sp, #48	@ 0x30
341824b0:	f000 f98c 	bl	341827cc <samsungsds_aimer_128s_ref_hash_final>
341824b4:	46c8      	mov	r8, r9
341824b6:	464c      	mov	r4, r9
341824b8:	f509 5700 	add.w	r7, r9, #8192	@ 0x2000
341824bc:	4621      	mov	r1, r4
341824be:	a80c      	add	r0, sp, #48	@ 0x30
341824c0:	f504 6400 	add.w	r4, r4, #2048	@ 0x800
341824c4:	f7ff ff12 	bl	341822ec <squeeze_invertible_matrix>
341824c8:	42bc      	cmp	r4, r7
341824ca:	d1f7      	bne.n	341824bc <samsungsds_aimer_128s_ref_aim3_nozeroinpsb+0x5c>
341824cc:	463c      	mov	r4, r7
341824ce:	f509 5500 	add.w	r5, r9, #8192	@ 0x2000
341824d2:	3530      	adds	r5, #48	@ 0x30
341824d4:	4621      	mov	r1, r4
341824d6:	2210      	movs	r2, #16
341824d8:	a80c      	add	r0, sp, #48	@ 0x30
341824da:	3410      	adds	r4, #16
341824dc:	f000 f978 	bl	341827d0 <samsungsds_aimer_128s_ref_hash_squeeze>
341824e0:	42ac      	cmp	r4, r5
341824e2:	d1f7      	bne.n	341824d4 <samsungsds_aimer_128s_ref_aim3_nozeroinpsb+0x74>
341824e4:	a80c      	add	r0, sp, #48	@ 0x30
341824e6:	f000 f979 	bl	341827dc <samsungsds_aimer_128s_ref_hash_ctx_release>
341824ea:	f8df a0ec 	ldr.w	sl, [pc, #236]	@ 341825d8 <samsungsds_aimer_128s_ref_aim3_nozeroinpsb+0x178>
341824ee:	ac0c      	add	r4, sp, #48	@ 0x30
341824f0:	4642      	mov	r2, r8
341824f2:	4669      	mov	r1, sp
341824f4:	4620      	mov	r0, r4
341824f6:	f000 feed 	bl	341832d4 <samsungsds_aimer_128s_ref_gf_mat_vec_mul>
341824fa:	463a      	mov	r2, r7
341824fc:	4621      	mov	r1, r4
341824fe:	4620      	mov	r0, r4
34182500:	f000 faf6 	bl	34182af0 <samsungsds_aimer_128s_ref_gf_add>
34182504:	4620      	mov	r0, r4
34182506:	f000 fadd 	bl	34182ac4 <samsungsds_aimer_128s_ref_gf_is0>
3418250a:	4605      	mov	r5, r0
3418250c:	2800      	cmp	r0, #0
3418250e:	d158      	bne.n	341825c2 <samsungsds_aimer_128s_ref_aim3_nozeroinpsb+0x162>
34182510:	4621      	mov	r1, r4
34182512:	a808      	add	r0, sp, #32
34182514:	f000 fb04 	bl	34182b20 <samsungsds_aimer_128s_ref_gf_inv>
34182518:	f85a 6b04 	ldr.w	r6, [sl], #4
3418251c:	b136      	cbz	r6, 3418252c <samsungsds_aimer_128s_ref_aim3_nozeroinpsb+0xcc>
3418251e:	4621      	mov	r1, r4
34182520:	4620      	mov	r0, r4
34182522:	3501      	adds	r5, #1
34182524:	f000 fc66 	bl	34182df4 <samsungsds_aimer_128s_ref_gf_sqr>
34182528:	42b5      	cmp	r5, r6
3418252a:	d1f8      	bne.n	3418251e <samsungsds_aimer_128s_ref_aim3_nozeroinpsb+0xbe>
3418252c:	6823      	ldr	r3, [r4, #0]
3418252e:	4621      	mov	r1, r4
34182530:	f083 0301 	eor.w	r3, r3, #1
34182534:	6023      	str	r3, [r4, #0]
34182536:	4620      	mov	r0, r4
34182538:	aa08      	add	r2, sp, #32
3418253a:	f000 fbe5 	bl	34182d08 <samsungsds_aimer_128s_ref_gf_mul>
3418253e:	4621      	mov	r1, r4
34182540:	4620      	mov	r0, r4
34182542:	f508 5280 	add.w	r2, r8, #4096	@ 0x1000
34182546:	f000 fec5 	bl	341832d4 <samsungsds_aimer_128s_ref_gf_mat_vec_mul>
3418254a:	3410      	adds	r4, #16
3418254c:	ab14      	add	r3, sp, #80	@ 0x50
3418254e:	429c      	cmp	r4, r3
34182550:	f508 6800 	add.w	r8, r8, #2048	@ 0x800
34182554:	f107 0710 	add.w	r7, r7, #16
34182558:	d1ca      	bne.n	341824f0 <samsungsds_aimer_128s_ref_aim3_nozeroinpsb+0x90>
3418255a:	a90c      	add	r1, sp, #48	@ 0x30
3418255c:	4608      	mov	r0, r1
3418255e:	aa10      	add	r2, sp, #64	@ 0x40
34182560:	f000 fac6 	bl	34182af0 <samsungsds_aimer_128s_ref_gf_add>
34182564:	a90c      	add	r1, sp, #48	@ 0x30
34182566:	f509 5200 	add.w	r2, r9, #8192	@ 0x2000
3418256a:	4608      	mov	r0, r1
3418256c:	3220      	adds	r2, #32
3418256e:	f000 fabf 	bl	34182af0 <samsungsds_aimer_128s_ref_gf_add>
34182572:	a80c      	add	r0, sp, #48	@ 0x30
34182574:	f000 faa6 	bl	34182ac4 <samsungsds_aimer_128s_ref_gf_is0>
34182578:	bb18      	cbnz	r0, 341825c2 <samsungsds_aimer_128s_ref_aim3_nozeroinpsb+0x162>
3418257a:	a90c      	add	r1, sp, #48	@ 0x30
3418257c:	a808      	add	r0, sp, #32
3418257e:	f000 facf 	bl	34182b20 <samsungsds_aimer_128s_ref_gf_inv>
34182582:	240b      	movs	r4, #11
34182584:	a90c      	add	r1, sp, #48	@ 0x30
34182586:	4608      	mov	r0, r1
34182588:	f000 fc34 	bl	34182df4 <samsungsds_aimer_128s_ref_gf_sqr>
3418258c:	3c01      	subs	r4, #1
3418258e:	d1f9      	bne.n	34182584 <samsungsds_aimer_128s_ref_aim3_nozeroinpsb+0x124>
34182590:	9b0c      	ldr	r3, [sp, #48]	@ 0x30
34182592:	a90c      	add	r1, sp, #48	@ 0x30
34182594:	f083 0301 	eor.w	r3, r3, #1
34182598:	4608      	mov	r0, r1
3418259a:	aa08      	add	r2, sp, #32
3418259c:	930c      	str	r3, [sp, #48]	@ 0x30
3418259e:	f000 fbb3 	bl	34182d08 <samsungsds_aimer_128s_ref_gf_mul>
341825a2:	aa0c      	add	r2, sp, #48	@ 0x30
341825a4:	4669      	mov	r1, sp
341825a6:	a804      	add	r0, sp, #16
341825a8:	f000 faa2 	bl	34182af0 <samsungsds_aimer_128s_ref_gf_add>
341825ac:	4658      	mov	r0, fp
341825ae:	a904      	add	r1, sp, #16
341825b0:	f000 fa44 	bl	34182a3c <samsungsds_aimer_128s_ref_gf_to_bytes>
341825b4:	4648      	mov	r0, r9
341825b6:	f006 fac1 	bl	34188b3c <free>
341825ba:	4620      	mov	r0, r4
341825bc:	b015      	add	sp, #84	@ 0x54
341825be:	e8bd 8ff0 	ldmia.w	sp!, {r4, r5, r6, r7, r8, r9, sl, fp, pc}
341825c2:	4648      	mov	r0, r9
341825c4:	f006 faba 	bl	34188b3c <free>
341825c8:	f04f 30ff 	mov.w	r0, #4294967295	@ 0xffffffff
341825cc:	b015      	add	sp, #84	@ 0x54
341825ce:	e8bd 8ff0 	ldmia.w	sp!, {r4, r5, r6, r7, r8, r9, sl, fp, pc}
341825d2:	f06f 0001 	mvn.w	r0, #1
341825d6:	e7f1      	b.n	341825bc <samsungsds_aimer_128s_ref_aim3_nozeroinpsb+0x15c>
341825d8:	3418fd34 	.word	0x3418fd34

341825dc <samsungsds_aimer_128s_ref_aim3_sbox_outputs>:
341825dc:	e92d 4ff0 	stmdb	sp!, {r4, r5, r6, r7, r8, r9, sl, fp, lr}
341825e0:	b087      	sub	sp, #28
341825e2:	4604      	mov	r4, r0
341825e4:	9000      	str	r0, [sp, #0]
341825e6:	2000      	movs	r0, #0
341825e8:	4692      	mov	sl, r2
341825ea:	460e      	mov	r6, r1
341825ec:	e9cd 0002 	strd	r0, r0, [sp, #8]
341825f0:	e9cd 0004 	strd	r0, r0, [sp, #16]
341825f4:	f501 5800 	add.w	r8, r1, #8192	@ 0x2000
341825f8:	f8df 9074 	ldr.w	r9, [pc, #116]	@ 34182670 <samsungsds_aimer_128s_ref_aim3_sbox_outputs+0x94>
341825fc:	9301      	str	r3, [sp, #4]
341825fe:	f108 0820 	add.w	r8, r8, #32
34182602:	f501 5700 	add.w	r7, r1, #8192	@ 0x2000
34182606:	4632      	mov	r2, r6
34182608:	4651      	mov	r1, sl
3418260a:	4620      	mov	r0, r4
3418260c:	f000 fe62 	bl	341832d4 <samsungsds_aimer_128s_ref_gf_mat_vec_mul>
34182610:	463a      	mov	r2, r7
34182612:	4621      	mov	r1, r4
34182614:	4620      	mov	r0, r4
34182616:	f000 fa6b 	bl	34182af0 <samsungsds_aimer_128s_ref_gf_add>
3418261a:	4621      	mov	r1, r4
3418261c:	a802      	add	r0, sp, #8
3418261e:	f000 fa7f 	bl	34182b20 <samsungsds_aimer_128s_ref_gf_inv>
34182622:	f859 5b04 	ldr.w	r5, [r9], #4
34182626:	b14d      	cbz	r5, 3418263c <samsungsds_aimer_128s_ref_aim3_sbox_outputs+0x60>
34182628:	f04f 0b00 	mov.w	fp, #0
3418262c:	4621      	mov	r1, r4
3418262e:	4620      	mov	r0, r4
34182630:	f10b 0b01 	add.w	fp, fp, #1
34182634:	f000 fbde 	bl	34182df4 <samsungsds_aimer_128s_ref_gf_sqr>
34182638:	45ab      	cmp	fp, r5
3418263a:	d1f7      	bne.n	3418262c <samsungsds_aimer_128s_ref_aim3_sbox_outputs+0x50>
3418263c:	6823      	ldr	r3, [r4, #0]
3418263e:	4621      	mov	r1, r4
34182640:	f083 0301 	eor.w	r3, r3, #1
34182644:	4620      	mov	r0, r4
34182646:	6023      	str	r3, [r4, #0]
34182648:	aa02      	add	r2, sp, #8
3418264a:	3710      	adds	r7, #16
3418264c:	f000 fb5c 	bl	34182d08 <samsungsds_aimer_128s_ref_gf_mul>
34182650:	4547      	cmp	r7, r8
34182652:	f104 0410 	add.w	r4, r4, #16
34182656:	f506 6600 	add.w	r6, r6, #2048	@ 0x800
3418265a:	d1d4      	bne.n	34182606 <samsungsds_aimer_128s_ref_aim3_sbox_outputs+0x2a>
3418265c:	9800      	ldr	r0, [sp, #0]
3418265e:	4651      	mov	r1, sl
34182660:	9a01      	ldr	r2, [sp, #4]
34182662:	3020      	adds	r0, #32
34182664:	f000 fa44 	bl	34182af0 <samsungsds_aimer_128s_ref_gf_add>
34182668:	b007      	add	sp, #28
3418266a:	e8bd 8ff0 	ldmia.w	sp!, {r4, r5, r6, r7, r8, r9, sl, fp, pc}
3418266e:	bf00      	nop
34182670:	3418fd34 	.word	0x3418fd34

34182674 <samsungsds_aimer_128s_ref_aim3_mpc>:
34182674:	e92d 4ff0 	stmdb	sp!, {r4, r5, r6, r7, r8, r9, sl, fp, lr}
34182678:	4615      	mov	r5, r2
3418267a:	4604      	mov	r4, r0
3418267c:	b083      	sub	sp, #12
3418267e:	3060      	adds	r0, #96	@ 0x60
34182680:	4689      	mov	r9, r1
34182682:	f102 0130 	add.w	r1, r2, #48	@ 0x30
34182686:	461f      	mov	r7, r3
34182688:	f8dd 8030 	ldr.w	r8, [sp, #48]	@ 0x30
3418268c:	f000 fa26 	bl	34182adc <samsungsds_aimer_128s_ref_gf_copy>
34182690:	f105 0140 	add.w	r1, r5, #64	@ 0x40
34182694:	f104 0070 	add.w	r0, r4, #112	@ 0x70
34182698:	f000 fa20 	bl	34182adc <samsungsds_aimer_128s_ref_gf_copy>
3418269c:	f105 0b10 	add.w	fp, r5, #16
341826a0:	f105 0150 	add.w	r1, r5, #80	@ 0x50
341826a4:	f104 0080 	add.w	r0, r4, #128	@ 0x80
341826a8:	f000 fa18 	bl	34182adc <samsungsds_aimer_128s_ref_gf_copy>
341826ac:	4659      	mov	r1, fp
341826ae:	f104 0090 	add.w	r0, r4, #144	@ 0x90
341826b2:	f000 fa13 	bl	34182adc <samsungsds_aimer_128s_ref_gf_copy>
341826b6:	f105 0320 	add.w	r3, r5, #32
341826ba:	4619      	mov	r1, r3
341826bc:	f104 00a0 	add.w	r0, r4, #160	@ 0xa0
341826c0:	9301      	str	r3, [sp, #4]
341826c2:	f000 fa0b 	bl	34182adc <samsungsds_aimer_128s_ref_gf_copy>
341826c6:	4629      	mov	r1, r5
341826c8:	f104 00b0 	add.w	r0, r4, #176	@ 0xb0
341826cc:	f000 fa06 	bl	34182adc <samsungsds_aimer_128s_ref_gf_copy>
341826d0:	f1b8 0fff 	cmp.w	r8, #255	@ 0xff
341826d4:	d053      	beq.n	3418277e <samsungsds_aimer_128s_ref_aim3_mpc+0x10a>
341826d6:	f105 0160 	add.w	r1, r5, #96	@ 0x60
341826da:	f104 00c0 	add.w	r0, r4, #192	@ 0xc0
341826de:	f000 f9fd 	bl	34182adc <samsungsds_aimer_128s_ref_gf_copy>
341826e2:	2600      	movs	r6, #0
341826e4:	4629      	mov	r1, r5
341826e6:	19a0      	adds	r0, r4, r6
341826e8:	eb09 12c6 	add.w	r2, r9, r6, lsl #7
341826ec:	f000 fdf2 	bl	341832d4 <samsungsds_aimer_128s_ref_gf_mat_vec_mul>
341826f0:	f1b8 0fff 	cmp.w	r8, #255	@ 0xff
341826f4:	4627      	mov	r7, r4
341826f6:	d03a      	beq.n	3418276e <samsungsds_aimer_128s_ref_aim3_mpc+0xfa>
341826f8:	b3be      	cbz	r6, 3418276a <samsungsds_aimer_128s_ref_aim3_mpc+0xf6>
341826fa:	f104 0020 	add.w	r0, r4, #32
341826fe:	f000 f9d9 	bl	34182ab4 <samsungsds_aimer_128s_ref_gf_set0>
34182702:	4659      	mov	r1, fp
34182704:	f104 0020 	add.w	r0, r4, #32
34182708:	f509 5280 	add.w	r2, r9, #4096	@ 0x1000
3418270c:	f000 fdfe 	bl	3418330c <__wrap_samsungsds_aimer_128s_ref_gf_mat_vec_mul_add>
34182710:	9901      	ldr	r1, [sp, #4]
34182712:	f104 0020 	add.w	r0, r4, #32
34182716:	f509 52c0 	add.w	r2, r9, #6144	@ 0x1800
3418271a:	f000 fdf7 	bl	3418330c <__wrap_samsungsds_aimer_128s_ref_gf_mat_vec_mul_add>
3418271e:	f1b8 0fff 	cmp.w	r8, #255	@ 0xff
34182722:	d033      	beq.n	3418278c <samsungsds_aimer_128s_ref_aim3_mpc+0x118>
34182724:	f8df 9078 	ldr.w	r9, [pc, #120]	@ 341827a0 <samsungsds_aimer_128s_ref_aim3_mpc+0x12c>
34182728:	f104 0a30 	add.w	sl, r4, #48	@ 0x30
3418272c:	f107 0530 	add.w	r5, r7, #48	@ 0x30
34182730:	4639      	mov	r1, r7
34182732:	4628      	mov	r0, r5
34182734:	f000 fb5e 	bl	34182df4 <samsungsds_aimer_128s_ref_gf_sqr>
34182738:	f859 6b04 	ldr.w	r6, [r9], #4
3418273c:	2e01      	cmp	r6, #1
3418273e:	d907      	bls.n	34182750 <samsungsds_aimer_128s_ref_aim3_mpc+0xdc>
34182740:	2401      	movs	r4, #1
34182742:	4629      	mov	r1, r5
34182744:	4628      	mov	r0, r5
34182746:	3401      	adds	r4, #1
34182748:	f000 fb54 	bl	34182df4 <samsungsds_aimer_128s_ref_gf_sqr>
3418274c:	42b4      	cmp	r4, r6
3418274e:	d1f8      	bne.n	34182742 <samsungsds_aimer_128s_ref_aim3_mpc+0xce>
34182750:	f1b8 0fff 	cmp.w	r8, #255	@ 0xff
34182754:	d103      	bne.n	3418275e <samsungsds_aimer_128s_ref_aim3_mpc+0xea>
34182756:	6b3b      	ldr	r3, [r7, #48]	@ 0x30
34182758:	f083 0301 	eor.w	r3, r3, #1
3418275c:	633b      	str	r3, [r7, #48]	@ 0x30
3418275e:	3710      	adds	r7, #16
34182760:	45ba      	cmp	sl, r7
34182762:	d1e3      	bne.n	3418272c <samsungsds_aimer_128s_ref_aim3_mpc+0xb8>
34182764:	b003      	add	sp, #12
34182766:	e8bd 8ff0 	ldmia.w	sp!, {r4, r5, r6, r7, r8, r9, sl, fp, pc}
3418276a:	2610      	movs	r6, #16
3418276c:	e7ba      	b.n	341826e4 <samsungsds_aimer_128s_ref_aim3_mpc+0x70>
3418276e:	f509 5200 	add.w	r2, r9, #8192	@ 0x2000
34182772:	19a1      	adds	r1, r4, r6
34182774:	4608      	mov	r0, r1
34182776:	4432      	add	r2, r6
34182778:	f000 f9ba 	bl	34182af0 <samsungsds_aimer_128s_ref_gf_add>
3418277c:	e7bc      	b.n	341826f8 <samsungsds_aimer_128s_ref_aim3_mpc+0x84>
3418277e:	f104 01b0 	add.w	r1, r4, #176	@ 0xb0
34182782:	463a      	mov	r2, r7
34182784:	4608      	mov	r0, r1
34182786:	f000 f9b3 	bl	34182af0 <samsungsds_aimer_128s_ref_gf_add>
3418278a:	e7a4      	b.n	341826d6 <samsungsds_aimer_128s_ref_aim3_mpc+0x62>
3418278c:	f104 0120 	add.w	r1, r4, #32
34182790:	f509 5200 	add.w	r2, r9, #8192	@ 0x2000
34182794:	4608      	mov	r0, r1
34182796:	3220      	adds	r2, #32
34182798:	f000 f9aa 	bl	34182af0 <samsungsds_aimer_128s_ref_gf_add>
3418279c:	e7c2      	b.n	34182724 <samsungsds_aimer_128s_ref_aim3_mpc+0xb0>
3418279e:	bf00      	nop
341827a0:	3418fd34 	.word	0x3418fd34

341827a4 <samsungsds_aimer_128s_ref_hash_init>:
341827a4:	f003 bd60 	b.w	34186268 <shake128_inc_init>

341827a8 <samsungsds_aimer_128s_ref_hash_init_prefix>:
341827a8:	b500      	push	{lr}
341827aa:	b083      	sub	sp, #12
341827ac:	9000      	str	r0, [sp, #0]
341827ae:	f88d 1007 	strb.w	r1, [sp, #7]
341827b2:	f003 fd59 	bl	34186268 <shake128_inc_init>
341827b6:	2201      	movs	r2, #1
341827b8:	9800      	ldr	r0, [sp, #0]
341827ba:	f10d 0107 	add.w	r1, sp, #7
341827be:	f003 fd67 	bl	34186290 <shake128_inc_absorb>
341827c2:	b003      	add	sp, #12
341827c4:	bd00      	pop	{pc}
341827c6:	bf00      	nop

341827c8 <samsungsds_aimer_128s_ref_hash_update>:
341827c8:	f003 bd62 	b.w	34186290 <shake128_inc_absorb>

341827cc <samsungsds_aimer_128s_ref_hash_final>:
341827cc:	f003 bd66 	b.w	3418629c <shake128_inc_finalize>

341827d0 <samsungsds_aimer_128s_ref_hash_squeeze>:
341827d0:	4613      	mov	r3, r2
341827d2:	4602      	mov	r2, r0
341827d4:	4608      	mov	r0, r1
341827d6:	4619      	mov	r1, r3
341827d8:	f003 bd84 	b.w	341862e4 <shake128_inc_squeeze>

341827dc <samsungsds_aimer_128s_ref_hash_ctx_release>:
341827dc:	f003 be0c 	b.w	341863f8 <shake128_inc_ctx_release>

341827e0 <samsungsds_aimer_128s_ref_crypto_sign_keypair>:
341827e0:	2800      	cmp	r0, #0
341827e2:	d046      	beq.n	34182872 <samsungsds_aimer_128s_ref_crypto_sign_keypair+0x92>
341827e4:	2900      	cmp	r1, #0
341827e6:	d044      	beq.n	34182872 <samsungsds_aimer_128s_ref_crypto_sign_keypair+0x92>
341827e8:	b5f0      	push	{r4, r5, r6, r7, lr}
341827ea:	460f      	mov	r7, r1
341827ec:	4606      	mov	r6, r0
341827ee:	b08d      	sub	sp, #52	@ 0x34
341827f0:	e002      	b.n	341827f8 <samsungsds_aimer_128s_ref_crypto_sign_keypair+0x18>
341827f2:	f1b0 3fff 	cmp.w	r0, #4294967295	@ 0xffffffff
341827f6:	d137      	bne.n	34182868 <samsungsds_aimer_128s_ref_crypto_sign_keypair+0x88>
341827f8:	2210      	movs	r2, #16
341827fa:	2300      	movs	r3, #0
341827fc:	4668      	mov	r0, sp
341827fe:	f003 fdff 	bl	34186400 <randombytes>
34182802:	2210      	movs	r2, #16
34182804:	2300      	movs	r3, #0
34182806:	a804      	add	r0, sp, #16
34182808:	f003 fdfa 	bl	34186400 <randombytes>
3418280c:	4669      	mov	r1, sp
3418280e:	aa04      	add	r2, sp, #16
34182810:	a808      	add	r0, sp, #32
34182812:	f7ff fe25 	bl	34182460 <samsungsds_aimer_128s_ref_aim3_nozeroinpsb>
34182816:	4684      	mov	ip, r0
34182818:	2800      	cmp	r0, #0
3418281a:	d1ea      	bne.n	341827f2 <samsungsds_aimer_128s_ref_crypto_sign_keypair+0x12>
3418281c:	46ee      	mov	lr, sp
3418281e:	ac04      	add	r4, sp, #16
34182820:	ad08      	add	r5, sp, #32
34182822:	cc0f      	ldmia	r4!, {r0, r1, r2, r3}
34182824:	6030      	str	r0, [r6, #0]
34182826:	6071      	str	r1, [r6, #4]
34182828:	60b2      	str	r2, [r6, #8]
3418282a:	60f3      	str	r3, [r6, #12]
3418282c:	cd0f      	ldmia	r5!, {r0, r1, r2, r3}
3418282e:	6130      	str	r0, [r6, #16]
34182830:	6171      	str	r1, [r6, #20]
34182832:	61b2      	str	r2, [r6, #24]
34182834:	61f3      	str	r3, [r6, #28]
34182836:	e8be 000f 	ldmia.w	lr!, {r0, r1, r2, r3}
3418283a:	6038      	str	r0, [r7, #0]
3418283c:	6079      	str	r1, [r7, #4]
3418283e:	60ba      	str	r2, [r7, #8]
34182840:	60fb      	str	r3, [r7, #12]
34182842:	6871      	ldr	r1, [r6, #4]
34182844:	68b2      	ldr	r2, [r6, #8]
34182846:	68f3      	ldr	r3, [r6, #12]
34182848:	6830      	ldr	r0, [r6, #0]
3418284a:	6179      	str	r1, [r7, #20]
3418284c:	61ba      	str	r2, [r7, #24]
3418284e:	61fb      	str	r3, [r7, #28]
34182850:	6138      	str	r0, [r7, #16]
34182852:	6930      	ldr	r0, [r6, #16]
34182854:	6971      	ldr	r1, [r6, #20]
34182856:	69b2      	ldr	r2, [r6, #24]
34182858:	69f3      	ldr	r3, [r6, #28]
3418285a:	6238      	str	r0, [r7, #32]
3418285c:	4660      	mov	r0, ip
3418285e:	6279      	str	r1, [r7, #36]	@ 0x24
34182860:	62ba      	str	r2, [r7, #40]	@ 0x28
34182862:	62fb      	str	r3, [r7, #44]	@ 0x2c
34182864:	b00d      	add	sp, #52	@ 0x34
34182866:	bdf0      	pop	{r4, r5, r6, r7, pc}
34182868:	f04f 3cff 	mov.w	ip, #4294967295	@ 0xffffffff
3418286c:	4660      	mov	r0, ip
3418286e:	b00d      	add	sp, #52	@ 0x34
34182870:	bdf0      	pop	{r4, r5, r6, r7, pc}
34182872:	f04f 3cff 	mov.w	ip, #4294967295	@ 0xffffffff
34182876:	4660      	mov	r0, ip
34182878:	4770      	bx	lr
3418287a:	bf00      	nop

3418287c <samsungsds_aimer_128s_ref_expand_tree>:
3418287c:	b5f0      	push	{r4, r5, r6, r7, lr}
3418287e:	2401      	movs	r4, #1
34182880:	4605      	mov	r5, r0
34182882:	b083      	sub	sp, #12
34182884:	681e      	ldr	r6, [r3, #0]
34182886:	460f      	mov	r7, r1
34182888:	f88d 2002 	strb.w	r2, [sp, #2]
3418288c:	6859      	ldr	r1, [r3, #4]
3418288e:	689a      	ldr	r2, [r3, #8]
34182890:	68db      	ldr	r3, [r3, #12]
34182892:	6006      	str	r6, [r0, #0]
34182894:	6041      	str	r1, [r0, #4]
34182896:	6082      	str	r2, [r0, #8]
34182898:	60c3      	str	r3, [r0, #12]
3418289a:	f100 0610 	add.w	r6, r0, #16
3418289e:	2104      	movs	r1, #4
341828a0:	eb0d 0001 	add.w	r0, sp, r1
341828a4:	f88d 4003 	strb.w	r4, [sp, #3]
341828a8:	f7ff ff7e 	bl	341827a8 <samsungsds_aimer_128s_ref_hash_init_prefix>
341828ac:	2210      	movs	r2, #16
341828ae:	4639      	mov	r1, r7
341828b0:	a801      	add	r0, sp, #4
341828b2:	f7ff ff89 	bl	341827c8 <samsungsds_aimer_128s_ref_hash_update>
341828b6:	2201      	movs	r2, #1
341828b8:	f10d 0102 	add.w	r1, sp, #2
341828bc:	a801      	add	r0, sp, #4
341828be:	f7ff ff83 	bl	341827c8 <samsungsds_aimer_128s_ref_hash_update>
341828c2:	2201      	movs	r2, #1
341828c4:	f10d 0103 	add.w	r1, sp, #3
341828c8:	a801      	add	r0, sp, #4
341828ca:	f7ff ff7d 	bl	341827c8 <samsungsds_aimer_128s_ref_hash_update>
341828ce:	4629      	mov	r1, r5
341828d0:	2210      	movs	r2, #16
341828d2:	a801      	add	r0, sp, #4
341828d4:	f7ff ff78 	bl	341827c8 <samsungsds_aimer_128s_ref_hash_update>
341828d8:	a801      	add	r0, sp, #4
341828da:	f7ff ff77 	bl	341827cc <samsungsds_aimer_128s_ref_hash_final>
341828de:	4631      	mov	r1, r6
341828e0:	2220      	movs	r2, #32
341828e2:	a801      	add	r0, sp, #4
341828e4:	f7ff ff74 	bl	341827d0 <samsungsds_aimer_128s_ref_hash_squeeze>
341828e8:	3401      	adds	r4, #1
341828ea:	a801      	add	r0, sp, #4
341828ec:	f7ff ff76 	bl	341827dc <samsungsds_aimer_128s_ref_hash_ctx_release>
341828f0:	f5b4 7f80 	cmp.w	r4, #256	@ 0x100
341828f4:	f105 0510 	add.w	r5, r5, #16
341828f8:	f106 0620 	add.w	r6, r6, #32
341828fc:	d1cf      	bne.n	3418289e <samsungsds_aimer_128s_ref_expand_tree+0x22>
341828fe:	b003      	add	sp, #12
34182900:	bdf0      	pop	{r4, r5, r6, r7, pc}
34182902:	bf00      	nop

34182904 <samsungsds_aimer_128s_ref_reveal_all_but>:
34182904:	b5f0      	push	{r4, r5, r6, r7, lr}
34182906:	f04f 0e08 	mov.w	lr, #8
3418290a:	f06f 4670 	mvn.w	r6, #4026531840	@ 0xf0000000
3418290e:	f04e e001 	dls	lr, lr
34182912:	f502 7280 	add.w	r2, r2, #256	@ 0x100
34182916:	f082 0301 	eor.w	r3, r2, #1
3418291a:	4433      	add	r3, r6
3418291c:	eb01 1c03 	add.w	ip, r1, r3, lsl #4
34182920:	011b      	lsls	r3, r3, #4
34182922:	58cf      	ldr	r7, [r1, r3]
34182924:	f8dc 5004 	ldr.w	r5, [ip, #4]
34182928:	f8dc 4008 	ldr.w	r4, [ip, #8]
3418292c:	f8dc 300c 	ldr.w	r3, [ip, #12]
34182930:	0852      	lsrs	r2, r2, #1
34182932:	6007      	str	r7, [r0, #0]
34182934:	6045      	str	r5, [r0, #4]
34182936:	6084      	str	r4, [r0, #8]
34182938:	60c3      	str	r3, [r0, #12]
3418293a:	3010      	adds	r0, #16
3418293c:	f00f c815 	le	lr, 34182916 <samsungsds_aimer_128s_ref_reveal_all_but+0x12>
34182940:	bdf0      	pop	{r4, r5, r6, r7, pc}
34182942:	bf00      	nop

34182944 <samsungsds_aimer_128s_ref_reconstruct_tree>:
34182944:	e92d 4ff0 	stmdb	sp!, {r4, r5, r6, r7, r8, r9, sl, fp, lr}
34182948:	4614      	mov	r4, r2
3418294a:	2701      	movs	r7, #1
3418294c:	b085      	sub	sp, #20
3418294e:	9401      	str	r4, [sp, #4]
34182950:	f104 0b70 	add.w	fp, r4, #112	@ 0x70
34182954:	460e      	mov	r6, r1
34182956:	4604      	mov	r4, r0
34182958:	46b8      	mov	r8, r7
3418295a:	9a0e      	ldr	r2, [sp, #56]	@ 0x38
3418295c:	f88d 300a 	strb.w	r3, [sp, #10]
34182960:	f502 7980 	add.w	r9, r2, #256	@ 0x100
34182964:	f1c8 0308 	rsb	r3, r8, #8
34182968:	fa29 f303 	lsr.w	r3, r9, r3
3418296c:	f083 0301 	eor.w	r3, r3, #1
34182970:	f103 5380 	add.w	r3, r3, #268435456	@ 0x10000000
34182974:	f8db c000 	ldr.w	ip, [fp]
34182978:	3b02      	subs	r3, #2
3418297a:	eb04 1103 	add.w	r1, r4, r3, lsl #4
3418297e:	011b      	lsls	r3, r3, #4
34182980:	f8db 5004 	ldr.w	r5, [fp, #4]
34182984:	f8db 7008 	ldr.w	r7, [fp, #8]
34182988:	f8db 000c 	ldr.w	r0, [fp, #12]
3418298c:	f844 c003 	str.w	ip, [r4, r3]
34182990:	2301      	movs	r3, #1
34182992:	604d      	str	r5, [r1, #4]
34182994:	fa03 f508 	lsl.w	r5, r3, r8
34182998:	2302      	movs	r3, #2
3418299a:	608f      	str	r7, [r1, #8]
3418299c:	fa03 f708 	lsl.w	r7, r3, r8
341829a0:	42bd      	cmp	r5, r7
341829a2:	60c8      	str	r0, [r1, #12]
341829a4:	d22d      	bcs.n	34182a02 <samsungsds_aimer_128s_ref_reconstruct_tree+0xbe>
341829a6:	f1a4 0a20 	sub.w	sl, r4, #32
341829aa:	2104      	movs	r1, #4
341829ac:	a803      	add	r0, sp, #12
341829ae:	f88d 500b 	strb.w	r5, [sp, #11]
341829b2:	f7ff fef9 	bl	341827a8 <samsungsds_aimer_128s_ref_hash_init_prefix>
341829b6:	2210      	movs	r2, #16
341829b8:	4631      	mov	r1, r6
341829ba:	a803      	add	r0, sp, #12
341829bc:	f7ff ff04 	bl	341827c8 <samsungsds_aimer_128s_ref_hash_update>
341829c0:	2201      	movs	r2, #1
341829c2:	f10d 010a 	add.w	r1, sp, #10
341829c6:	a803      	add	r0, sp, #12
341829c8:	f7ff fefe 	bl	341827c8 <samsungsds_aimer_128s_ref_hash_update>
341829cc:	2201      	movs	r2, #1
341829ce:	f10d 010b 	add.w	r1, sp, #11
341829d2:	a803      	add	r0, sp, #12
341829d4:	f7ff fef8 	bl	341827c8 <samsungsds_aimer_128s_ref_hash_update>
341829d8:	eb0a 1105 	add.w	r1, sl, r5, lsl #4
341829dc:	2210      	movs	r2, #16
341829de:	a803      	add	r0, sp, #12
341829e0:	f7ff fef2 	bl	341827c8 <samsungsds_aimer_128s_ref_hash_update>
341829e4:	a803      	add	r0, sp, #12
341829e6:	f7ff fef1 	bl	341827cc <samsungsds_aimer_128s_ref_hash_final>
341829ea:	eb0a 1145 	add.w	r1, sl, r5, lsl #5
341829ee:	2220      	movs	r2, #32
341829f0:	a803      	add	r0, sp, #12
341829f2:	f7ff feed 	bl	341827d0 <samsungsds_aimer_128s_ref_hash_squeeze>
341829f6:	3501      	adds	r5, #1
341829f8:	a803      	add	r0, sp, #12
341829fa:	f7ff feef 	bl	341827dc <samsungsds_aimer_128s_ref_hash_ctx_release>
341829fe:	42bd      	cmp	r5, r7
34182a00:	d1d3      	bne.n	341829aa <samsungsds_aimer_128s_ref_reconstruct_tree+0x66>
34182a02:	f108 0801 	add.w	r8, r8, #1
34182a06:	f1b8 0f08 	cmp.w	r8, #8
34182a0a:	f1ab 0b10 	sub.w	fp, fp, #16
34182a0e:	d1a9      	bne.n	34182964 <samsungsds_aimer_128s_ref_reconstruct_tree+0x20>
34182a10:	46a3      	mov	fp, r4
34182a12:	f089 0301 	eor.w	r3, r9, #1
34182a16:	9c01      	ldr	r4, [sp, #4]
34182a18:	f103 5380 	add.w	r3, r3, #268435456	@ 0x10000000
34182a1c:	6826      	ldr	r6, [r4, #0]
34182a1e:	6865      	ldr	r5, [r4, #4]
34182a20:	68a0      	ldr	r0, [r4, #8]
34182a22:	68e1      	ldr	r1, [r4, #12]
34182a24:	3b02      	subs	r3, #2
34182a26:	eb0b 1203 	add.w	r2, fp, r3, lsl #4
34182a2a:	011b      	lsls	r3, r3, #4
34182a2c:	f84b 6003 	str.w	r6, [fp, r3]
34182a30:	6055      	str	r5, [r2, #4]
34182a32:	6090      	str	r0, [r2, #8]
34182a34:	60d1      	str	r1, [r2, #12]
34182a36:	b005      	add	sp, #20
34182a38:	e8bd 8ff0 	ldmia.w	sp!, {r4, r5, r6, r7, r8, r9, sl, fp, pc}

34182a3c <samsungsds_aimer_128s_ref_gf_to_bytes>:
34182a3c:	e9d1 2300 	ldrd	r2, r3, [r1]
34182a40:	b4f0      	push	{r4, r5, r6, r7}
34182a42:	4614      	mov	r4, r2
34182a44:	461d      	mov	r5, r3
34182a46:	ea54 251f 	lsrl	r4, r5, #8
34182a4a:	0a1d      	lsrs	r5, r3, #8
34182a4c:	7145      	strb	r5, [r0, #5]
34182a4e:	0c1d      	lsrs	r5, r3, #16
34182a50:	7185      	strb	r5, [r0, #6]
34182a52:	0e1d      	lsrs	r5, r3, #24
34182a54:	4626      	mov	r6, r4
34182a56:	71c5      	strb	r5, [r0, #7]
34182a58:	4614      	mov	r4, r2
34182a5a:	461d      	mov	r5, r3
34182a5c:	7002      	strb	r2, [r0, #0]
34182a5e:	ea54 451f 	lsrl	r4, r5, #16
34182a62:	7103      	strb	r3, [r0, #4]
34182a64:	ea52 631f 	lsrl	r2, r3, #24
34182a68:	7046      	strb	r6, [r0, #1]
34182a6a:	7084      	strb	r4, [r0, #2]
34182a6c:	70c2      	strb	r2, [r0, #3]
34182a6e:	e9d1 2302 	ldrd	r2, r3, [r1, #8]
34182a72:	4614      	mov	r4, r2
34182a74:	461d      	mov	r5, r3
34182a76:	4616      	mov	r6, r2
34182a78:	461f      	mov	r7, r3
34182a7a:	0a19      	lsrs	r1, r3, #8
34182a7c:	7341      	strb	r1, [r0, #13]
34182a7e:	0c19      	lsrs	r1, r3, #16
34182a80:	ea54 251f 	lsrl	r4, r5, #8
34182a84:	ea56 471f 	lsrl	r6, r7, #16
34182a88:	7202      	strb	r2, [r0, #8]
34182a8a:	7303      	strb	r3, [r0, #12]
34182a8c:	7381      	strb	r1, [r0, #14]
34182a8e:	0e19      	lsrs	r1, r3, #24
34182a90:	ea52 631f 	lsrl	r2, r3, #24
34182a94:	7286      	strb	r6, [r0, #10]
34182a96:	7244      	strb	r4, [r0, #9]
34182a98:	73c1      	strb	r1, [r0, #15]
34182a9a:	72c2      	strb	r2, [r0, #11]
34182a9c:	bcf0      	pop	{r4, r5, r6, r7}
34182a9e:	4770      	bx	lr

34182aa0 <samsungsds_aimer_128s_ref_gf_from_bytes>:
34182aa0:	680a      	ldr	r2, [r1, #0]
34182aa2:	684b      	ldr	r3, [r1, #4]
34182aa4:	e9c0 2300 	strd	r2, r3, [r0]
34182aa8:	688a      	ldr	r2, [r1, #8]
34182aaa:	68cb      	ldr	r3, [r1, #12]
34182aac:	e9c0 2302 	strd	r2, r3, [r0, #8]
34182ab0:	4770      	bx	lr
34182ab2:	bf00      	nop

34182ab4 <samsungsds_aimer_128s_ref_gf_set0>:
34182ab4:	2200      	movs	r2, #0
34182ab6:	2300      	movs	r3, #0
34182ab8:	e9c0 2300 	strd	r2, r3, [r0]
34182abc:	e9c0 2302 	strd	r2, r3, [r0, #8]
34182ac0:	4770      	bx	lr
34182ac2:	bf00      	nop

34182ac4 <samsungsds_aimer_128s_ref_gf_is0>:
34182ac4:	e9d0 3200 	ldrd	r3, r2, [r0]
34182ac8:	e9d0 c102 	ldrd	ip, r1, [r0, #8]
34182acc:	ea43 030c 	orr.w	r3, r3, ip
34182ad0:	430a      	orrs	r2, r1
34182ad2:	4313      	orrs	r3, r2
34182ad4:	bf0c      	ite	eq
34182ad6:	2001      	moveq	r0, #1
34182ad8:	2000      	movne	r0, #0
34182ada:	4770      	bx	lr

34182adc <samsungsds_aimer_128s_ref_gf_copy>:
34182adc:	e9d1 2300 	ldrd	r2, r3, [r1]
34182ae0:	e9c0 2300 	strd	r2, r3, [r0]
34182ae4:	e9d1 2302 	ldrd	r2, r3, [r1, #8]
34182ae8:	e9c0 2302 	strd	r2, r3, [r0, #8]
34182aec:	4770      	bx	lr
34182aee:	bf00      	nop

34182af0 <samsungsds_aimer_128s_ref_gf_add>:
34182af0:	b530      	push	{r4, r5, lr}
34182af2:	e9d1 4300 	ldrd	r4, r3, [r1]
34182af6:	f8d2 e004 	ldr.w	lr, [r2, #4]
34182afa:	6815      	ldr	r5, [r2, #0]
34182afc:	ea83 030e 	eor.w	r3, r3, lr
34182b00:	ea84 0c05 	eor.w	ip, r4, r5
34182b04:	f8c0 c000 	str.w	ip, [r0]
34182b08:	6043      	str	r3, [r0, #4]
34182b0a:	e9d1 c302 	ldrd	ip, r3, [r1, #8]
34182b0e:	e9d2 e102 	ldrd	lr, r1, [r2, #8]
34182b12:	ea8c 020e 	eor.w	r2, ip, lr
34182b16:	404b      	eors	r3, r1
34182b18:	e9c0 2302 	strd	r2, r3, [r0, #8]
34182b1c:	bd30      	pop	{r4, r5, pc}
34182b1e:	bf00      	nop

34182b20 <samsungsds_aimer_128s_ref_gf_inv>:
34182b20:	b5f0      	push	{r4, r5, r6, r7, lr}
34182b22:	468c      	mov	ip, r1
34182b24:	4605      	mov	r5, r0
34182b26:	e9dc 2300 	ldrd	r2, r3, [ip]
34182b2a:	2600      	movs	r6, #0
34182b2c:	2700      	movs	r7, #0
34182b2e:	2001      	movs	r0, #1
34182b30:	2100      	movs	r1, #0
34182b32:	247f      	movs	r4, #127	@ 0x7f
34182b34:	b085      	sub	sp, #20
34182b36:	e9cd 2300 	strd	r2, r3, [sp]
34182b3a:	e9dc 2302 	ldrd	r2, r3, [ip, #8]
34182b3e:	e9c5 6702 	strd	r6, r7, [r5, #8]
34182b42:	e9cd 2302 	strd	r2, r3, [sp, #8]
34182b46:	e9c5 0100 	strd	r0, r1, [r5]
34182b4a:	4669      	mov	r1, sp
34182b4c:	4668      	mov	r0, sp
34182b4e:	f000 f951 	bl	34182df4 <samsungsds_aimer_128s_ref_gf_sqr>
34182b52:	466a      	mov	r2, sp
34182b54:	4629      	mov	r1, r5
34182b56:	4628      	mov	r0, r5
34182b58:	f000 f8d6 	bl	34182d08 <samsungsds_aimer_128s_ref_gf_mul>
34182b5c:	3c01      	subs	r4, #1
34182b5e:	d1f4      	bne.n	34182b4a <samsungsds_aimer_128s_ref_gf_inv+0x2a>
34182b60:	b005      	add	sp, #20
34182b62:	bdf0      	pop	{r4, r5, r6, r7, pc}

34182b64 <samsungsds_aimer_128s_ref_gf_mul_add>:
34182b64:	b530      	push	{r4, r5, lr}
34182b66:	4604      	mov	r4, r0
34182b68:	b085      	sub	sp, #20
34182b6a:	4668      	mov	r0, sp
34182b6c:	f000 f8cc 	bl	34182d08 <samsungsds_aimer_128s_ref_gf_mul>
34182b70:	e9d4 0200 	ldrd	r0, r2, [r4]
34182b74:	e9d4 1302 	ldrd	r1, r3, [r4, #8]
34182b78:	9d00      	ldr	r5, [sp, #0]
34182b7a:	4068      	eors	r0, r5
34182b7c:	9d02      	ldr	r5, [sp, #8]
34182b7e:	6020      	str	r0, [r4, #0]
34182b80:	4069      	eors	r1, r5
34182b82:	60a1      	str	r1, [r4, #8]
34182b84:	9901      	ldr	r1, [sp, #4]
34182b86:	404a      	eors	r2, r1
34182b88:	9903      	ldr	r1, [sp, #12]
34182b8a:	6062      	str	r2, [r4, #4]
34182b8c:	404b      	eors	r3, r1
34182b8e:	60e3      	str	r3, [r4, #12]
34182b90:	b005      	add	sp, #20
34182b92:	bd30      	pop	{r4, r5, pc}

34182b94 <m55_gf_reduce_words>:
34182b94:	e92d 43f0 	stmdb	sp!, {r4, r5, r6, r7, r8, r9, lr}
34182b98:	4688      	mov	r8, r1
34182b9a:	4686      	mov	lr, r0
34182b9c:	e9d1 0106 	ldrd	r0, r1, [r1, #24]
34182ba0:	4606      	mov	r6, r0
34182ba2:	460f      	mov	r7, r1
34182ba4:	ea56 17cf 	lsll	r6, r7, #7
34182ba8:	f8d8 3010 	ldr.w	r3, [r8, #16]
34182bac:	0f8c      	lsrs	r4, r1, #30
34182bae:	ea84 6451 	eor.w	r4, r4, r1, lsr #25
34182bb2:	f8d8 500c 	ldr.w	r5, [r8, #12]
34182bb6:	405c      	eors	r4, r3
34182bb8:	f8d8 3014 	ldr.w	r3, [r8, #20]
34182bbc:	ea84 72d1 	eor.w	r2, r4, r1, lsr #31
34182bc0:	f8d8 4008 	ldr.w	r4, [r8, #8]
34182bc4:	ea81 0c05 	eor.w	ip, r1, r5
34182bc8:	0e5d      	lsrs	r5, r3, #25
34182bca:	ea45 15c0 	orr.w	r5, r5, r0, lsl #7
34182bce:	4044      	eors	r4, r0
34182bd0:	406c      	eors	r4, r5
34182bd2:	0f9d      	lsrs	r5, r3, #30
34182bd4:	ea45 0580 	orr.w	r5, r5, r0, lsl #2
34182bd8:	406c      	eors	r4, r5
34182bda:	1805      	adds	r5, r0, r0
34182bdc:	eb41 0901 	adc.w	r9, r1, r1
34182be0:	ea50 018f 	lsll	r0, r1, #2
34182be4:	ea8c 0c07 	eor.w	ip, ip, r7
34182be8:	4616      	mov	r6, r2
34182bea:	461f      	mov	r7, r3
34182bec:	ea45 75d3 	orr.w	r5, r5, r3, lsr #31
34182bf0:	ea8c 0101 	eor.w	r1, ip, r1
34182bf4:	406c      	eors	r4, r5
34182bf6:	ea81 0109 	eor.w	r1, r1, r9
34182bfa:	f8ce 4008 	str.w	r4, [lr, #8]
34182bfe:	f8ce 100c 	str.w	r1, [lr, #12]
34182c02:	e9d8 0100 	ldrd	r0, r1, [r8]
34182c06:	ea82 0c00 	eor.w	ip, r2, r0
34182c0a:	1895      	adds	r5, r2, r2
34182c0c:	ea8c 1cc2 	eor.w	ip, ip, r2, lsl #7
34182c10:	ea56 17cf 	lsll	r6, r7, #7
34182c14:	eb43 0403 	adc.w	r4, r3, r3
34182c18:	4059      	eors	r1, r3
34182c1a:	ea8c 0c82 	eor.w	ip, ip, r2, lsl #2
34182c1e:	ea52 038f 	lsll	r2, r3, #2
34182c22:	4079      	eors	r1, r7
34182c24:	404b      	eors	r3, r1
34182c26:	ea8c 0505 	eor.w	r5, ip, r5
34182c2a:	4063      	eors	r3, r4
34182c2c:	f8ce 5000 	str.w	r5, [lr]
34182c30:	f8ce 3004 	str.w	r3, [lr, #4]
34182c34:	e8bd 83f0 	ldmia.w	sp!, {r4, r5, r6, r7, r8, r9, pc}

34182c38 <m55_clmul_convolution>:
34182c38:	e92d 4ff0 	stmdb	sp!, {r4, r5, r6, r7, r8, r9, sl, fp, lr}
34182c3c:	b08d      	sub	sp, #52	@ 0x34
34182c3e:	9201      	str	r2, [sp, #4]
34182c40:	f1a1 0902 	sub.w	r9, r1, #2
34182c44:	2220      	movs	r2, #32
34182c46:	2100      	movs	r1, #0
34182c48:	f006 fd96 	bl	34189778 <memset>
34182c4c:	f04f 0e08 	mov.w	lr, #8
34182c50:	f04e e001 	dls	lr, lr
34182c54:	f10d 0417 	add.w	r4, sp, #23
34182c58:	f024 040f 	bic.w	r4, r4, #15
34182c5c:	f104 0b10 	add.w	fp, r4, #16
34182c60:	f839 3f02 	ldrh.w	r3, [r9, #2]!
34182c64:	9a01      	ldr	r2, [sp, #4]
34182c66:	eea6 3b30 	vdup.16	q3, r3
34182c6a:	ed92 5e80 	vldrh.u16	q2, [r2, #0]
34182c6e:	fe37 2e04 	vmullb.p16	q1, q3, q2
34182c72:	fe37 7e04 	vmullt.p16	q3, q3, q2
34182c76:	8803      	ldrh	r3, [r0, #0]
34182c78:	ed8b 3f00 	vstrw.32	q1, [fp, #0]
34182c7c:	ed84 7f00 	vstrw.32	q3, [r4, #0]
34182c80:	f8d4 c010 	ldr.w	ip, [r4, #16]
34182c84:	6821      	ldr	r1, [r4, #0]
34182c86:	ea83 030c 	eor.w	r3, r3, ip
34182c8a:	f820 3b02 	strh.w	r3, [r0], #2
34182c8e:	f8b0 a000 	ldrh.w	sl, [r0]
34182c92:	ea81 4c1c 	eor.w	ip, r1, ip, lsr #16
34182c96:	6962      	ldr	r2, [r4, #20]
34182c98:	ea8c 0c0a 	eor.w	ip, ip, sl
34182c9c:	f8a0 c000 	strh.w	ip, [r0]
34182ca0:	f8b0 c002 	ldrh.w	ip, [r0, #2]
34182ca4:	ea82 4111 	eor.w	r1, r2, r1, lsr #16
34182ca8:	ea81 010c 	eor.w	r1, r1, ip
34182cac:	f8d4 8004 	ldr.w	r8, [r4, #4]
34182cb0:	8041      	strh	r1, [r0, #2]
34182cb2:	8881      	ldrh	r1, [r0, #4]
34182cb4:	ea88 4212 	eor.w	r2, r8, r2, lsr #16
34182cb8:	404a      	eors	r2, r1
34182cba:	69a6      	ldr	r6, [r4, #24]
34182cbc:	68a5      	ldr	r5, [r4, #8]
34182cbe:	69e3      	ldr	r3, [r4, #28]
34182cc0:	f8b0 c008 	ldrh.w	ip, [r0, #8]
34182cc4:	8082      	strh	r2, [r0, #4]
34182cc6:	8942      	ldrh	r2, [r0, #10]
34182cc8:	68e7      	ldr	r7, [r4, #12]
34182cca:	ea86 4818 	eor.w	r8, r6, r8, lsr #16
34182cce:	ea85 4616 	eor.w	r6, r5, r6, lsr #16
34182cd2:	ea83 4515 	eor.w	r5, r3, r5, lsr #16
34182cd6:	88c1      	ldrh	r1, [r0, #6]
34182cd8:	ea86 060c 	eor.w	r6, r6, ip
34182cdc:	4055      	eors	r5, r2
34182cde:	f8b0 c00c 	ldrh.w	ip, [r0, #12]
34182ce2:	89c2      	ldrh	r2, [r0, #14]
34182ce4:	ea87 4313 	eor.w	r3, r7, r3, lsr #16
34182ce8:	ea88 0101 	eor.w	r1, r8, r1
34182cec:	ea83 030c 	eor.w	r3, r3, ip
34182cf0:	ea82 4217 	eor.w	r2, r2, r7, lsr #16
34182cf4:	80c1      	strh	r1, [r0, #6]
34182cf6:	8106      	strh	r6, [r0, #8]
34182cf8:	8145      	strh	r5, [r0, #10]
34182cfa:	8183      	strh	r3, [r0, #12]
34182cfc:	81c2      	strh	r2, [r0, #14]
34182cfe:	f00f c851 	le	lr, 34182c60 <m55_clmul_convolution+0x28>
34182d02:	b00d      	add	sp, #52	@ 0x34
34182d04:	e8bd 8ff0 	ldmia.w	sp!, {r4, r5, r6, r7, r8, r9, sl, fp, pc}

34182d08 <samsungsds_aimer_128s_ref_gf_mul>:
34182d08:	468c      	mov	ip, r1
34182d0a:	4613      	mov	r3, r2
34182d0c:	e92d 4ff0 	stmdb	sp!, {r4, r5, r6, r7, r8, r9, sl, fp, lr}
34182d10:	e9dc 6700 	ldrd	r6, r7, [ip]
34182d14:	b0a1      	sub	sp, #132	@ 0x84
34182d16:	f10d 0447 	add.w	r4, sp, #71	@ 0x47
34182d1a:	f024 040f 	bic.w	r4, r4, #15
34182d1e:	4605      	mov	r5, r0
34182d20:	f104 0220 	add.w	r2, r4, #32
34182d24:	4620      	mov	r0, r4
34182d26:	f104 0130 	add.w	r1, r4, #48	@ 0x30
34182d2a:	e9c4 670c 	strd	r6, r7, [r4, #48]	@ 0x30
34182d2e:	e9dc 6702 	ldrd	r6, r7, [ip, #8]
34182d32:	e9c4 670e 	strd	r6, r7, [r4, #56]	@ 0x38
34182d36:	e9d3 6700 	ldrd	r6, r7, [r3]
34182d3a:	e9c4 6708 	strd	r6, r7, [r4, #32]
34182d3e:	e9d3 6702 	ldrd	r6, r7, [r3, #8]
34182d42:	e9c4 670a 	strd	r6, r7, [r4, #40]	@ 0x28
34182d46:	f7ff ff77 	bl	34182c38 <m55_clmul_convolution>
34182d4a:	8863      	ldrh	r3, [r4, #2]
34182d4c:	8b26      	ldrh	r6, [r4, #24]
34182d4e:	9300      	str	r3, [sp, #0]
34182d50:	2300      	movs	r3, #0
34182d52:	8be7      	ldrh	r7, [r4, #30]
34182d54:	9301      	str	r3, [sp, #4]
34182d56:	9604      	str	r6, [sp, #16]
34182d58:	9705      	str	r7, [sp, #20]
34182d5a:	e9dd 6700 	ldrd	r6, r7, [sp]
34182d5e:	ea56 470f 	lsll	r6, r7, #16
34182d62:	f8b4 9004 	ldrh.w	r9, [r4, #4]
34182d66:	f8b4 a000 	ldrh.w	sl, [r4]
34182d6a:	f8b4 b006 	ldrh.w	fp, [r4, #6]
34182d6e:	8a22      	ldrh	r2, [r4, #16]
34182d70:	ea49 0907 	orr.w	r9, r9, r7
34182d74:	9202      	str	r2, [sp, #8]
34182d76:	ea4a 0206 	orr.w	r2, sl, r6
34182d7a:	ea49 460b 	orr.w	r6, r9, fp, lsl #16
34182d7e:	e9dd ab00 	ldrd	sl, fp, [sp]
34182d82:	465f      	mov	r7, fp
34182d84:	e9cd 2606 	strd	r2, r6, [sp, #24]
34182d88:	8966      	ldrh	r6, [r4, #10]
34182d8a:	f8b4 c00c 	ldrh.w	ip, [r4, #12]
34182d8e:	ea56 470f 	lsll	r6, r7, #16
34182d92:	ea4c 0c07 	orr.w	ip, ip, r7
34182d96:	465f      	mov	r7, fp
34182d98:	f8b4 e008 	ldrh.w	lr, [r4, #8]
34182d9c:	4628      	mov	r0, r5
34182d9e:	89e5      	ldrh	r5, [r4, #14]
34182da0:	ea4e 0606 	orr.w	r6, lr, r6
34182da4:	ea4c 4505 	orr.w	r5, ip, r5, lsl #16
34182da8:	e9cd 6508 	strd	r6, r5, [sp, #32]
34182dac:	8a66      	ldrh	r6, [r4, #18]
34182dae:	f8b4 8014 	ldrh.w	r8, [r4, #20]
34182db2:	ea56 470f 	lsll	r6, r7, #16
34182db6:	ea48 0807 	orr.w	r8, r8, r7
34182dba:	465f      	mov	r7, fp
34182dbc:	8ae1      	ldrh	r1, [r4, #22]
34182dbe:	9a02      	ldr	r2, [sp, #8]
34182dc0:	9103      	str	r1, [sp, #12]
34182dc2:	4316      	orrs	r6, r2
34182dc4:	9a03      	ldr	r2, [sp, #12]
34182dc6:	8ba3      	ldrh	r3, [r4, #28]
34182dc8:	ea48 4202 	orr.w	r2, r8, r2, lsl #16
34182dcc:	e9cd 620a 	strd	r6, r2, [sp, #40]	@ 0x28
34182dd0:	8b66      	ldrh	r6, [r4, #26]
34182dd2:	9a04      	ldr	r2, [sp, #16]
34182dd4:	ea56 470f 	lsll	r6, r7, #16
34182dd8:	433b      	orrs	r3, r7
34182dda:	9f05      	ldr	r7, [sp, #20]
34182ddc:	4316      	orrs	r6, r2
34182dde:	ea43 4307 	orr.w	r3, r3, r7, lsl #16
34182de2:	a906      	add	r1, sp, #24
34182de4:	e9cd 630c 	strd	r6, r3, [sp, #48]	@ 0x30
34182de8:	f7ff fed4 	bl	34182b94 <m55_gf_reduce_words>
34182dec:	b021      	add	sp, #132	@ 0x84
34182dee:	e8bd 8ff0 	ldmia.w	sp!, {r4, r5, r6, r7, r8, r9, sl, fp, pc}
34182df2:	bf00      	nop

34182df4 <samsungsds_aimer_128s_ref_gf_sqr>:
34182df4:	2300      	movs	r3, #0
34182df6:	e92d 4ff0 	stmdb	sp!, {r4, r5, r6, r7, r8, r9, sl, fp, lr}
34182dfa:	460e      	mov	r6, r1
34182dfc:	461d      	mov	r5, r3
34182dfe:	e9d6 4200 	ldrd	r4, r2, [r6]
34182e02:	4699      	mov	r9, r3
34182e04:	f8d6 8008 	ldr.w	r8, [r6, #8]
34182e08:	68f6      	ldr	r6, [r6, #12]
34182e0a:	b08f      	sub	sp, #60	@ 0x3c
34182e0c:	e9cd 6302 	strd	r6, r3, [sp, #8]
34182e10:	b2a6      	uxth	r6, r4
34182e12:	ea54 450f 	lsll	r4, r5, #16
34182e16:	b294      	uxth	r4, r2
34182e18:	ea52 430f 	lsll	r2, r3, #16
34182e1c:	fa1f f288 	uxth.w	r2, r8
34182e20:	ea58 490f 	lsll	r8, r9, #16
34182e24:	b29b      	uxth	r3, r3
34182e26:	9301      	str	r3, [sp, #4]
34182e28:	fa1f f389 	uxth.w	r3, r9
34182e2c:	e9dd 8902 	ldrd	r8, r9, [sp, #8]
34182e30:	fa1f fa88 	uxth.w	sl, r8
34182e34:	ea58 490f 	lsll	r8, r9, #16
34182e38:	b2af      	uxth	r7, r5
34182e3a:	fa1f fb89 	uxth.w	fp, r9
34182e3e:	46b0      	mov	r8, r6
34182e40:	46b9      	mov	r9, r7
34182e42:	ea58 290f 	lsll	r8, r9, #8
34182e46:	9400      	str	r4, [sp, #0]
34182e48:	ea46 2c06 	orr.w	ip, r6, r6, lsl #8
34182e4c:	ea44 2e04 	orr.w	lr, r4, r4, lsl #8
34182e50:	ea4a 250a 	orr.w	r5, sl, sl, lsl #8
34182e54:	ea42 2402 	orr.w	r4, r2, r2, lsl #8
34182e58:	ea49 0607 	orr.w	r6, r9, r7
34182e5c:	9502      	str	r5, [sp, #8]
34182e5e:	9405      	str	r4, [sp, #20]
34182e60:	f006 19ff 	and.w	r9, r6, #16711935	@ 0xff00ff
34182e64:	e9dd 4500 	ldrd	r4, r5, [sp]
34182e68:	4626      	mov	r6, r4
34182e6a:	462f      	mov	r7, r5
34182e6c:	ea56 270f 	lsll	r6, r7, #8
34182e70:	ea45 0407 	orr.w	r4, r5, r7
34182e74:	f004 17ff 	and.w	r7, r4, #16711935	@ 0xff00ff
34182e78:	461d      	mov	r5, r3
34182e7a:	4614      	mov	r4, r2
34182e7c:	ea54 250f 	lsll	r4, r5, #8
34182e80:	9a05      	ldr	r2, [sp, #20]
34182e82:	432b      	orrs	r3, r5
34182e84:	f002 14ff 	and.w	r4, r2, #16711935	@ 0xff00ff
34182e88:	f003 15ff 	and.w	r5, r3, #16711935	@ 0xff00ff
34182e8c:	ea44 1304 	orr.w	r3, r4, r4, lsl #4
34182e90:	9300      	str	r3, [sp, #0]
34182e92:	4652      	mov	r2, sl
34182e94:	465b      	mov	r3, fp
34182e96:	ea52 230f 	lsll	r2, r3, #8
34182e9a:	9a02      	ldr	r2, [sp, #8]
34182e9c:	ea43 030b 	orr.w	r3, r3, fp
34182ea0:	f002 1aff 	and.w	sl, r2, #16711935	@ 0xff00ff
34182ea4:	f003 1bff 	and.w	fp, r3, #16711935	@ 0xff00ff
34182ea8:	f00c 18ff 	and.w	r8, ip, #16711935	@ 0xff00ff
34182eac:	ea4a 130a 	orr.w	r3, sl, sl, lsl #4
34182eb0:	9302      	str	r3, [sp, #8]
34182eb2:	4642      	mov	r2, r8
34182eb4:	464b      	mov	r3, r9
34182eb6:	ea52 130f 	lsll	r2, r3, #4
34182eba:	ea48 1c08 	orr.w	ip, r8, r8, lsl #4
34182ebe:	f00c 380f 	and.w	r8, ip, #252645135	@ 0xf0f0f0f
34182ec2:	ea43 0309 	orr.w	r3, r3, r9
34182ec6:	f003 390f 	and.w	r9, r3, #252645135	@ 0xf0f0f0f
34182eca:	ea48 0388 	orr.w	r3, r8, r8, lsl #2
34182ece:	f003 3333 	and.w	r3, r3, #858993459	@ 0x33333333
34182ed2:	18da      	adds	r2, r3, r3
34182ed4:	ea42 0203 	orr.w	r2, r2, r3
34182ed8:	f00e 16ff 	and.w	r6, lr, #16711935	@ 0xff00ff
34182edc:	f002 3255 	and.w	r2, r2, #1431655765	@ 0x55555555
34182ee0:	9206      	str	r2, [sp, #24]
34182ee2:	463b      	mov	r3, r7
34182ee4:	4632      	mov	r2, r6
34182ee6:	ea52 130f 	lsll	r2, r3, #4
34182eea:	ea43 0307 	orr.w	r3, r3, r7
34182eee:	f003 370f 	and.w	r7, r3, #252645135	@ 0xf0f0f0f
34182ef2:	4622      	mov	r2, r4
34182ef4:	462b      	mov	r3, r5
34182ef6:	ea52 130f 	lsll	r2, r3, #4
34182efa:	9a00      	ldr	r2, [sp, #0]
34182efc:	ea43 0305 	orr.w	r3, r3, r5
34182f00:	f002 340f 	and.w	r4, r2, #252645135	@ 0xf0f0f0f
34182f04:	f003 350f 	and.w	r5, r3, #252645135	@ 0xf0f0f0f
34182f08:	ea46 1e06 	orr.w	lr, r6, r6, lsl #4
34182f0c:	ea44 0384 	orr.w	r3, r4, r4, lsl #2
34182f10:	f00e 360f 	and.w	r6, lr, #252645135	@ 0xf0f0f0f
34182f14:	4652      	mov	r2, sl
34182f16:	f003 3e33 	and.w	lr, r3, #858993459	@ 0x33333333
34182f1a:	465b      	mov	r3, fp
34182f1c:	ea52 130f 	lsll	r2, r3, #4
34182f20:	9a02      	ldr	r2, [sp, #8]
34182f22:	ea43 030b 	orr.w	r3, r3, fp
34182f26:	f002 3a0f 	and.w	sl, r2, #252645135	@ 0xf0f0f0f
34182f2a:	f003 3b0f 	and.w	fp, r3, #252645135	@ 0xf0f0f0f
34182f2e:	ea4a 038a 	orr.w	r3, sl, sl, lsl #2
34182f32:	f003 3233 	and.w	r2, r3, #858993459	@ 0x33333333
34182f36:	9200      	str	r2, [sp, #0]
34182f38:	464b      	mov	r3, r9
34182f3a:	4642      	mov	r2, r8
34182f3c:	ea52 038f 	lsll	r2, r3, #2
34182f40:	46b0      	mov	r8, r6
34182f42:	ea43 0209 	orr.w	r2, r3, r9
34182f46:	46b9      	mov	r9, r7
34182f48:	ea58 098f 	lsll	r8, r9, #2
34182f4c:	f002 3233 	and.w	r2, r2, #858993459	@ 0x33333333
34182f50:	eb42 0302 	adc.w	r3, r2, r2
34182f54:	ea46 0c86 	orr.w	ip, r6, r6, lsl #2
34182f58:	4313      	orrs	r3, r2
34182f5a:	4626      	mov	r6, r4
34182f5c:	ea49 0207 	orr.w	r2, r9, r7
34182f60:	462f      	mov	r7, r5
34182f62:	ea56 078f 	lsll	r6, r7, #2
34182f66:	f00c 3c33 	and.w	ip, ip, #858993459	@ 0x33333333
34182f6a:	f003 3355 	and.w	r3, r3, #1431655765	@ 0x55555555
34182f6e:	9307      	str	r3, [sp, #28]
34182f70:	eb1c 030c 	adds.w	r3, ip, ip
34182f74:	ea43 030c 	orr.w	r3, r3, ip
34182f78:	f002 3233 	and.w	r2, r2, #858993459	@ 0x33333333
34182f7c:	f003 3355 	and.w	r3, r3, #1431655765	@ 0x55555555
34182f80:	9308      	str	r3, [sp, #32]
34182f82:	eb42 0302 	adc.w	r3, r2, r2
34182f86:	4313      	orrs	r3, r2
34182f88:	f003 3355 	and.w	r3, r3, #1431655765	@ 0x55555555
34182f8c:	9309      	str	r3, [sp, #36]	@ 0x24
34182f8e:	eb1e 030e 	adds.w	r3, lr, lr
34182f92:	ea43 030e 	orr.w	r3, r3, lr
34182f96:	ea47 0205 	orr.w	r2, r7, r5
34182f9a:	f002 3233 	and.w	r2, r2, #858993459	@ 0x33333333
34182f9e:	f003 3355 	and.w	r3, r3, #1431655765	@ 0x55555555
34182fa2:	930a      	str	r3, [sp, #40]	@ 0x28
34182fa4:	eb42 0302 	adc.w	r3, r2, r2
34182fa8:	4313      	orrs	r3, r2
34182faa:	9a00      	ldr	r2, [sp, #0]
34182fac:	f003 3355 	and.w	r3, r3, #1431655765	@ 0x55555555
34182fb0:	930b      	str	r3, [sp, #44]	@ 0x2c
34182fb2:	1893      	adds	r3, r2, r2
34182fb4:	ea43 0302 	orr.w	r3, r3, r2
34182fb8:	f003 3355 	and.w	r3, r3, #1431655765	@ 0x55555555
34182fbc:	930c      	str	r3, [sp, #48]	@ 0x30
34182fbe:	4652      	mov	r2, sl
34182fc0:	465b      	mov	r3, fp
34182fc2:	ea52 038f 	lsll	r2, r3, #2
34182fc6:	ea43 020b 	orr.w	r2, r3, fp
34182fca:	f002 3233 	and.w	r2, r2, #858993459	@ 0x33333333
34182fce:	eb42 0302 	adc.w	r3, r2, r2
34182fd2:	4313      	orrs	r3, r2
34182fd4:	f003 3355 	and.w	r3, r3, #1431655765	@ 0x55555555
34182fd8:	a906      	add	r1, sp, #24
34182fda:	930d      	str	r3, [sp, #52]	@ 0x34
34182fdc:	f7ff fdda 	bl	34182b94 <m55_gf_reduce_words>
34182fe0:	b00f      	add	sp, #60	@ 0x3c
34182fe2:	e8bd 8ff0 	ldmia.w	sp!, {r4, r5, r6, r7, r8, r9, sl, fp, pc}
34182fe6:	bf00      	nop

34182fe8 <m55_gf_mat_vec_mul_add>:
34182fe8:	b570      	push	{r4, r5, r6, lr}
34182fea:	f04f 0e80 	mov.w	lr, #128	@ 0x80
34182fee:	460b      	mov	r3, r1
34182ff0:	b084      	sub	sp, #16
34182ff2:	466e      	mov	r6, sp
34182ff4:	f04f 0c00 	mov.w	ip, #0
34182ff8:	f04e e001 	dls	lr, lr
34182ffc:	4605      	mov	r5, r0
34182ffe:	ed90 5e00 	vldrb.u8	q2, [r0, #0]
34183002:	4614      	mov	r4, r2
34183004:	6808      	ldr	r0, [r1, #0]
34183006:	689a      	ldr	r2, [r3, #8]
34183008:	6849      	ldr	r1, [r1, #4]
3418300a:	68db      	ldr	r3, [r3, #12]
3418300c:	c60f      	stmia	r6!, {r0, r1, r2, r3}
3418300e:	f00c 003f 	and.w	r0, ip, #63	@ 0x3f
34183012:	ea4f 139c 	mov.w	r3, ip, lsr #6
34183016:	aa04      	add	r2, sp, #16
34183018:	eb02 03c3 	add.w	r3, r2, r3, lsl #3
3418301c:	f1c0 0220 	rsb	r2, r0, #32
34183020:	e953 3604 	ldrd	r3, r6, [r3, #-16]
34183024:	f1a0 0120 	sub.w	r1, r0, #32
34183028:	40c3      	lsrs	r3, r0
3418302a:	fa06 f202 	lsl.w	r2, r6, r2
3418302e:	4313      	orrs	r3, r2
34183030:	fa26 f101 	lsr.w	r1, r6, r1
34183034:	430b      	orrs	r3, r1
34183036:	f343 0300 	sbfx	r3, r3, #0, #1
3418303a:	eea6 3b10 	vdup.32	q3, r3
3418303e:	ecb4 3e10 	vldrb.u8	q1, [r4], #16
34183042:	ef06 6152 	vand	q3, q3, q1
34183046:	f10c 0c01 	add.w	ip, ip, #1
3418304a:	ff04 4156 	veor	q2, q2, q3
3418304e:	f00f c023 	le	lr, 3418300e <m55_gf_mat_vec_mul_add+0x26>
34183052:	ed85 5e00 	vstrb.8	q2, [r5, #0]
34183056:	b004      	add	sp, #16
34183058:	bd70      	pop	{r4, r5, r6, pc}
3418305a:	bf00      	nop

3418305c <m55_gf_mat_vec_mul_add_batch4>:
3418305c:	e92d 4ff0 	stmdb	sp!, {r4, r5, r6, r7, r8, r9, sl, fp, lr}
34183060:	ed2d 8b0c 	vpush	{d8-d13}
34183064:	b0a3      	sub	sp, #140	@ 0x8c
34183066:	f10d 045f 	add.w	r4, sp, #95	@ 0x5f
3418306a:	2b04      	cmp	r3, #4
3418306c:	f024 040f 	bic.w	r4, r4, #15
34183070:	f200 80f7 	bhi.w	34183262 <m55_gf_mat_vec_mul_add_batch4+0x206>
34183074:	461d      	mov	r5, r3
34183076:	2b00      	cmp	r3, #0
34183078:	f000 80ee 	beq.w	34183258 <m55_gf_mat_vec_mul_add_batch4+0x1fc>
3418307c:	4691      	mov	r9, r2
3418307e:	460e      	mov	r6, r1
34183080:	4682      	mov	sl, r0
34183082:	2240      	movs	r2, #64	@ 0x40
34183084:	2100      	movs	r1, #0
34183086:	a804      	add	r0, sp, #16
34183088:	f006 fb76 	bl	34189778 <memset>
3418308c:	ea4f 1e05 	mov.w	lr, r5, lsl #4
34183090:	f1ae 0e10 	sub.w	lr, lr, #16
34183094:	ea4f 1e1e 	mov.w	lr, lr, lsr #4
34183098:	f10e 0e01 	add.w	lr, lr, #1
3418309c:	ef80 c051 	vmov.i32	q6, #1	@ 0x00000001
341830a0:	f04e e001 	dls	lr, lr
341830a4:	f10d 0c10 	add.w	ip, sp, #16
341830a8:	4667      	mov	r7, ip
341830aa:	6830      	ldr	r0, [r6, #0]
341830ac:	6871      	ldr	r1, [r6, #4]
341830ae:	68b2      	ldr	r2, [r6, #8]
341830b0:	68f3      	ldr	r3, [r6, #12]
341830b2:	f10c 0c10 	add.w	ip, ip, #16
341830b6:	c70f      	stmia	r7!, {r0, r1, r2, r3}
341830b8:	3610      	adds	r6, #16
341830ba:	f00f c80b 	le	lr, 341830a8 <m55_gf_mat_vec_mul_add_batch4+0x4c>
341830be:	f04f 0800 	mov.w	r8, #0
341830c2:	4646      	mov	r6, r8
341830c4:	f1aa 0008 	sub.w	r0, sl, #8
341830c8:	f509 7900 	add.w	r9, r9, #512	@ 0x200
341830cc:	f104 0a10 	add.w	sl, r4, #16
341830d0:	f104 0b20 	add.w	fp, r4, #32
341830d4:	f850 3f08 	ldr.w	r3, [r0, #8]!
341830d8:	f8cb 6000 	str.w	r6, [fp]
341830dc:	6223      	str	r3, [r4, #32]
341830de:	6843      	ldr	r3, [r0, #4]
341830e0:	2d01      	cmp	r5, #1
341830e2:	f8ca 6000 	str.w	r6, [sl]
341830e6:	e9cb 6601 	strd	r6, r6, [fp, #4]
341830ea:	e9ca 6601 	strd	r6, r6, [sl, #4]
341830ee:	f8cb 600c 	str.w	r6, [fp, #12]
341830f2:	f8ca 600c 	str.w	r6, [sl, #12]
341830f6:	6123      	str	r3, [r4, #16]
341830f8:	d00f      	beq.n	3418311a <m55_gf_mat_vec_mul_add_batch4+0xbe>
341830fa:	6903      	ldr	r3, [r0, #16]
341830fc:	2d02      	cmp	r5, #2
341830fe:	6263      	str	r3, [r4, #36]	@ 0x24
34183100:	6943      	ldr	r3, [r0, #20]
34183102:	6163      	str	r3, [r4, #20]
34183104:	d009      	beq.n	3418311a <m55_gf_mat_vec_mul_add_batch4+0xbe>
34183106:	6a03      	ldr	r3, [r0, #32]
34183108:	2d04      	cmp	r5, #4
3418310a:	62a3      	str	r3, [r4, #40]	@ 0x28
3418310c:	6a43      	ldr	r3, [r0, #36]	@ 0x24
3418310e:	61a3      	str	r3, [r4, #24]
34183110:	d103      	bne.n	3418311a <m55_gf_mat_vec_mul_add_batch4+0xbe>
34183112:	6b03      	ldr	r3, [r0, #48]	@ 0x30
34183114:	62e3      	str	r3, [r4, #44]	@ 0x2c
34183116:	6b43      	ldr	r3, [r0, #52]	@ 0x34
34183118:	61e3      	str	r3, [r4, #28]
3418311a:	46cc      	mov	ip, r9
3418311c:	2700      	movs	r7, #0
3418311e:	ed9b bf00 	vldrw.u32	q5, [fp, #0]
34183122:	ed9a 9f00 	vldrw.u32	q4, [sl, #0]
34183126:	e9cd 8901 	strd	r8, r9, [sp, #4]
3418312a:	9003      	str	r0, [sp, #12]
3418312c:	f007 0201 	and.w	r2, r7, #1
34183130:	0152      	lsls	r2, r2, #5
34183132:	0879      	lsrs	r1, r7, #1
34183134:	ab22      	add	r3, sp, #136	@ 0x88
34183136:	eb03 03c1 	add.w	r3, r3, r1, lsl #3
3418313a:	f1c2 0e20 	rsb	lr, r2, #32
3418313e:	e953 301e 	ldrd	r3, r0, [r3, #-120]	@ 0x78
34183142:	f1a2 0820 	sub.w	r8, r2, #32
34183146:	fa00 f90e 	lsl.w	r9, r0, lr
3418314a:	40d3      	lsrs	r3, r2
3418314c:	ea43 0309 	orr.w	r3, r3, r9
34183150:	fa20 f008 	lsr.w	r0, r0, r8
34183154:	4303      	orrs	r3, r0
34183156:	2d01      	cmp	r5, #1
34183158:	e9c4 6601 	strd	r6, r6, [r4, #4]
3418315c:	60e6      	str	r6, [r4, #12]
3418315e:	6023      	str	r3, [r4, #0]
34183160:	d030      	beq.n	341831c4 <m55_gf_mat_vec_mul_add_batch4+0x168>
34183162:	a822      	add	r0, sp, #136	@ 0x88
34183164:	1c8b      	adds	r3, r1, #2
34183166:	eb00 03c3 	add.w	r3, r0, r3, lsl #3
3418316a:	e953 301e 	ldrd	r3, r0, [r3, #-120]	@ 0x78
3418316e:	fa00 f90e 	lsl.w	r9, r0, lr
34183172:	40d3      	lsrs	r3, r2
34183174:	ea43 0309 	orr.w	r3, r3, r9
34183178:	fa20 f008 	lsr.w	r0, r0, r8
3418317c:	4303      	orrs	r3, r0
3418317e:	2d02      	cmp	r5, #2
34183180:	6063      	str	r3, [r4, #4]
34183182:	d01f      	beq.n	341831c4 <m55_gf_mat_vec_mul_add_batch4+0x168>
34183184:	a822      	add	r0, sp, #136	@ 0x88
34183186:	1d0b      	adds	r3, r1, #4
34183188:	eb00 03c3 	add.w	r3, r0, r3, lsl #3
3418318c:	e953 301e 	ldrd	r3, r0, [r3, #-120]	@ 0x78
34183190:	fa00 f90e 	lsl.w	r9, r0, lr
34183194:	40d3      	lsrs	r3, r2
34183196:	ea43 0309 	orr.w	r3, r3, r9
3418319a:	fa20 f008 	lsr.w	r0, r0, r8
3418319e:	4303      	orrs	r3, r0
341831a0:	2d04      	cmp	r5, #4
341831a2:	60a3      	str	r3, [r4, #8]
341831a4:	d10e      	bne.n	341831c4 <m55_gf_mat_vec_mul_add_batch4+0x168>
341831a6:	1d8b      	adds	r3, r1, #6
341831a8:	a922      	add	r1, sp, #136	@ 0x88
341831aa:	eb01 03c3 	add.w	r3, r1, r3, lsl #3
341831ae:	e953 311e 	ldrd	r3, r1, [r3, #-120]	@ 0x78
341831b2:	fa01 fe0e 	lsl.w	lr, r1, lr
341831b6:	40d3      	lsrs	r3, r2
341831b8:	ea43 030e 	orr.w	r3, r3, lr
341831bc:	fa21 f108 	lsr.w	r1, r1, r8
341831c0:	430b      	orrs	r3, r1
341831c2:	60e3      	str	r3, [r4, #12]
341831c4:	f04f 0e20 	mov.w	lr, #32
341831c8:	ed94 1f00 	vldrw.u32	q0, [r4, #0]
341831cc:	f04e e001 	dls	lr, lr
341831d0:	f5ac 7100 	sub.w	r1, ip, #512	@ 0x200
341831d4:	ef00 615c 	vand	q3, q0, q6
341831d8:	e9d1 2300 	ldrd	r2, r3, [r1]
341831dc:	ffb9 63c6 	vneg.s32	q3, q3
341831e0:	eea2 2b10 	vdup.32	q1, r2
341831e4:	eea4 3b10 	vdup.32	q2, r3
341831e8:	ef02 2156 	vand	q1, q1, q3
341831ec:	ef04 4156 	vand	q2, q2, q3
341831f0:	ffbf 0050 	vshr.u32	q0, q0, #1
341831f4:	ff0a a152 	veor	q5, q5, q1
341831f8:	ff08 8154 	veor	q4, q4, q2
341831fc:	3110      	adds	r1, #16
341831fe:	f00f c817 	le	lr, 341831d4 <m55_gf_mat_vec_mul_add_batch4+0x178>
34183202:	3701      	adds	r7, #1
34183204:	2f04      	cmp	r7, #4
34183206:	f50c 7c00 	add.w	ip, ip, #512	@ 0x200
3418320a:	d18f      	bne.n	3418312c <m55_gf_mat_vec_mul_add_batch4+0xd0>
3418320c:	e9dd 8901 	ldrd	r8, r9, [sp, #4]
34183210:	9803      	ldr	r0, [sp, #12]
34183212:	ed8b bf00 	vstrw.32	q5, [fp, #0]
34183216:	ed8a 9f00 	vstrw.32	q4, [sl, #0]
3418321a:	6923      	ldr	r3, [r4, #16]
3418321c:	2d01      	cmp	r5, #1
3418321e:	6043      	str	r3, [r0, #4]
34183220:	6a23      	ldr	r3, [r4, #32]
34183222:	6003      	str	r3, [r0, #0]
34183224:	d00f      	beq.n	34183246 <m55_gf_mat_vec_mul_add_batch4+0x1ea>
34183226:	6963      	ldr	r3, [r4, #20]
34183228:	2d02      	cmp	r5, #2
3418322a:	6143      	str	r3, [r0, #20]
3418322c:	6a63      	ldr	r3, [r4, #36]	@ 0x24
3418322e:	6103      	str	r3, [r0, #16]
34183230:	d009      	beq.n	34183246 <m55_gf_mat_vec_mul_add_batch4+0x1ea>
34183232:	69a3      	ldr	r3, [r4, #24]
34183234:	2d04      	cmp	r5, #4
34183236:	6243      	str	r3, [r0, #36]	@ 0x24
34183238:	6aa3      	ldr	r3, [r4, #40]	@ 0x28
3418323a:	6203      	str	r3, [r0, #32]
3418323c:	d103      	bne.n	34183246 <m55_gf_mat_vec_mul_add_batch4+0x1ea>
3418323e:	69e3      	ldr	r3, [r4, #28]
34183240:	6343      	str	r3, [r0, #52]	@ 0x34
34183242:	6ae3      	ldr	r3, [r4, #44]	@ 0x2c
34183244:	6303      	str	r3, [r0, #48]	@ 0x30
34183246:	f108 0301 	add.w	r3, r8, #1
3418324a:	2b02      	cmp	r3, #2
3418324c:	f04f 0801 	mov.w	r8, #1
34183250:	f109 0908 	add.w	r9, r9, #8
34183254:	f47f af3e 	bne.w	341830d4 <m55_gf_mat_vec_mul_add_batch4+0x78>
34183258:	b023      	add	sp, #140	@ 0x8c
3418325a:	ecbd 8b0c 	vpop	{d8-d13}
3418325e:	e8bd 8ff0 	ldmia.w	sp!, {r4, r5, r6, r7, r8, r9, sl, fp, pc}
34183262:	2504      	movs	r5, #4
34183264:	e70a      	b.n	3418307c <m55_gf_mat_vec_mul_add_batch4+0x20>
34183266:	bf00      	nop

34183268 <m55_gf_mat_vec_mul_batch4>:
34183268:	e92d 4ff0 	stmdb	sp!, {r4, r5, r6, r7, r8, r9, sl, fp, lr}
3418326c:	2b04      	cmp	r3, #4
3418326e:	4698      	mov	r8, r3
34183270:	4681      	mov	r9, r0
34183272:	4693      	mov	fp, r2
34183274:	bf28      	it	cs
34183276:	f04f 0804 	movcs.w	r8, #4
3418327a:	b091      	sub	sp, #68	@ 0x44
3418327c:	b33b      	cbz	r3, 341832ce <m55_gf_mat_vec_mul_batch4+0x66>
3418327e:	f1b8 0f00 	cmp.w	r8, #0
34183282:	f04f 0700 	mov.w	r7, #0
34183286:	bf14      	ite	ne
34183288:	46c6      	movne	lr, r8
3418328a:	f04f 0e01 	moveq.w	lr, #1
3418328e:	460c      	mov	r4, r1
34183290:	4605      	mov	r5, r0
34183292:	46ea      	mov	sl, sp
34183294:	f04e e001 	dls	lr, lr
34183298:	463e      	mov	r6, r7
3418329a:	6820      	ldr	r0, [r4, #0]
3418329c:	6861      	ldr	r1, [r4, #4]
3418329e:	68a2      	ldr	r2, [r4, #8]
341832a0:	68e3      	ldr	r3, [r4, #12]
341832a2:	eb0a 1c07 	add.w	ip, sl, r7, lsl #4
341832a6:	602e      	str	r6, [r5, #0]
341832a8:	606e      	str	r6, [r5, #4]
341832aa:	60ae      	str	r6, [r5, #8]
341832ac:	60ee      	str	r6, [r5, #12]
341832ae:	e8ac 000f 	stmia.w	ip!, {r0, r1, r2, r3}
341832b2:	3701      	adds	r7, #1
341832b4:	3410      	adds	r4, #16
341832b6:	3510      	adds	r5, #16
341832b8:	f00f c811 	le	lr, 3418329a <m55_gf_mat_vec_mul_batch4+0x32>
341832bc:	4643      	mov	r3, r8
341832be:	465a      	mov	r2, fp
341832c0:	4651      	mov	r1, sl
341832c2:	4648      	mov	r0, r9
341832c4:	f7ff feca 	bl	3418305c <m55_gf_mat_vec_mul_add_batch4>
341832c8:	b011      	add	sp, #68	@ 0x44
341832ca:	e8bd 8ff0 	ldmia.w	sp!, {r4, r5, r6, r7, r8, r9, sl, fp, pc}
341832ce:	46ea      	mov	sl, sp
341832d0:	e7f4      	b.n	341832bc <m55_gf_mat_vec_mul_batch4+0x54>
341832d2:	bf00      	nop

341832d4 <samsungsds_aimer_128s_ref_gf_mat_vec_mul>:
341832d4:	b530      	push	{r4, r5, lr}
341832d6:	460b      	mov	r3, r1
341832d8:	b085      	sub	sp, #20
341832da:	4686      	mov	lr, r0
341832dc:	2400      	movs	r4, #0
341832de:	4615      	mov	r5, r2
341832e0:	46ec      	mov	ip, sp
341832e2:	6808      	ldr	r0, [r1, #0]
341832e4:	689a      	ldr	r2, [r3, #8]
341832e6:	6849      	ldr	r1, [r1, #4]
341832e8:	68db      	ldr	r3, [r3, #12]
341832ea:	f8ce 4000 	str.w	r4, [lr]
341832ee:	e8ac 000f 	stmia.w	ip!, {r0, r1, r2, r3}
341832f2:	f8ce 4004 	str.w	r4, [lr, #4]
341832f6:	462a      	mov	r2, r5
341832f8:	4669      	mov	r1, sp
341832fa:	4670      	mov	r0, lr
341832fc:	f8ce 4008 	str.w	r4, [lr, #8]
34183300:	f8ce 400c 	str.w	r4, [lr, #12]
34183304:	f7ff fe70 	bl	34182fe8 <m55_gf_mat_vec_mul_add>
34183308:	b005      	add	sp, #20
3418330a:	bd30      	pop	{r4, r5, pc}

3418330c <__wrap_samsungsds_aimer_128s_ref_gf_mat_vec_mul_add>:
3418330c:	f7ff be6c 	b.w	34182fe8 <m55_gf_mat_vec_mul_add>

34183310 <br_aes_ct64_bitslice_Sbox>:
34183310:	4602      	mov	r2, r0
34183312:	e92d 4ff0 	stmdb	sp!, {r4, r5, r6, r7, r8, r9, sl, fp, lr}
34183316:	e9d0 410e 	ldrd	r4, r1, [r0, #56]	@ 0x38
3418331a:	e9d0 ec08 	ldrd	lr, ip, [r0, #32]
3418331e:	6907      	ldr	r7, [r0, #16]
34183320:	6a96      	ldr	r6, [r2, #40]	@ 0x28
34183322:	6b00      	ldr	r0, [r0, #48]	@ 0x30
34183324:	f8d2 8014 	ldr.w	r8, [r2, #20]
34183328:	ea86 0900 	eor.w	r9, r6, r0
3418332c:	4616      	mov	r6, r2
3418332e:	f8d2 b008 	ldr.w	fp, [r2, #8]
34183332:	6b53      	ldr	r3, [r2, #52]	@ 0x34
34183334:	6ad5      	ldr	r5, [r2, #44]	@ 0x2c
34183336:	68d2      	ldr	r2, [r2, #12]
34183338:	b0a9      	sub	sp, #164	@ 0xa4
3418333a:	9002      	str	r0, [sp, #8]
3418333c:	9601      	str	r6, [sp, #4]
3418333e:	ea84 000b 	eor.w	r0, r4, fp
34183342:	69b6      	ldr	r6, [r6, #24]
34183344:	9106      	str	r1, [sp, #24]
34183346:	4051      	eors	r1, r2
34183348:	ea8e 0207 	eor.w	r2, lr, r7
3418334c:	920e      	str	r2, [sp, #56]	@ 0x38
3418334e:	4042      	eors	r2, r0
34183350:	ea82 0a06 	eor.w	sl, r2, r6
34183354:	9007      	str	r0, [sp, #28]
34183356:	9e02      	ldr	r6, [sp, #8]
34183358:	ea87 000a 	eor.w	r0, r7, sl
3418335c:	9108      	str	r1, [sp, #32]
3418335e:	9003      	str	r0, [sp, #12]
34183360:	4067      	eors	r7, r4
34183362:	9801      	ldr	r0, [sp, #4]
34183364:	ea86 060a 	eor.w	r6, r6, sl
34183368:	9709      	str	r7, [sp, #36]	@ 0x24
3418336a:	9f08      	ldr	r7, [sp, #32]
3418336c:	ea8c 0108 	eor.w	r1, ip, r8
34183370:	9617      	str	r6, [sp, #92]	@ 0x5c
34183372:	69c6      	ldr	r6, [r0, #28]
34183374:	910f      	str	r1, [sp, #60]	@ 0x3c
34183376:	4079      	eors	r1, r7
34183378:	ea81 0706 	eor.w	r7, r1, r6
3418337c:	9213      	str	r2, [sp, #76]	@ 0x4c
3418337e:	9114      	str	r1, [sp, #80]	@ 0x50
34183380:	9906      	ldr	r1, [sp, #24]
34183382:	405d      	eors	r5, r3
34183384:	ea83 0a07 	eor.w	sl, r3, r7
34183388:	ea81 0308 	eor.w	r3, r1, r8
3418338c:	4601      	mov	r1, r0
3418338e:	6806      	ldr	r6, [r0, #0]
34183390:	ea88 0207 	eor.w	r2, r8, r7
34183394:	ea86 0709 	eor.w	r7, r6, r9
34183398:	6846      	ldr	r6, [r0, #4]
3418339a:	930a      	str	r3, [sp, #40]	@ 0x28
3418339c:	ea86 0005 	eor.w	r0, r6, r5
341833a0:	68ce      	ldr	r6, [r1, #12]
341833a2:	ea8b 0307 	eor.w	r3, fp, r7
341833a6:	9315      	str	r3, [sp, #84]	@ 0x54
341833a8:	ea86 0300 	eor.w	r3, r6, r0
341833ac:	9e06      	ldr	r6, [sp, #24]
341833ae:	ea8e 0107 	eor.w	r1, lr, r7
341833b2:	9118      	str	r1, [sp, #96]	@ 0x60
341833b4:	ea86 010c 	eor.w	r1, r6, ip
341833b8:	ea8c 0600 	eor.w	r6, ip, r0
341833bc:	9619      	str	r6, [sp, #100]	@ 0x64
341833be:	9e17      	ldr	r6, [sp, #92]	@ 0x5c
341833c0:	9316      	str	r3, [sp, #88]	@ 0x58
341833c2:	ea84 030e 	eor.w	r3, r4, lr
341833c6:	405e      	eors	r6, r3
341833c8:	9310      	str	r3, [sp, #64]	@ 0x40
341833ca:	ea81 030a 	eor.w	r3, r1, sl
341833ce:	9304      	str	r3, [sp, #16]
341833d0:	9b03      	ldr	r3, [sp, #12]
341833d2:	9111      	str	r1, [sp, #68]	@ 0x44
341833d4:	ea89 0103 	eor.w	r1, r9, r3
341833d8:	910b      	str	r1, [sp, #44]	@ 0x2c
341833da:	9602      	str	r6, [sp, #8]
341833dc:	ea89 0106 	eor.w	r1, r9, r6
341833e0:	ea85 0602 	eor.w	r6, r5, r2
341833e4:	960c      	str	r6, [sp, #48]	@ 0x30
341833e6:	9e04      	ldr	r6, [sp, #16]
341833e8:	9712      	str	r7, [sp, #72]	@ 0x48
341833ea:	ea85 0306 	eor.w	r3, r5, r6
341833ee:	9d15      	ldr	r5, [sp, #84]	@ 0x54
341833f0:	9305      	str	r3, [sp, #20]
341833f2:	ea07 0605 	and.w	r6, r7, r5
341833f6:	9d07      	ldr	r5, [sp, #28]
341833f8:	9f08      	ldr	r7, [sp, #32]
341833fa:	406e      	eors	r6, r5
341833fc:	9d16      	ldr	r5, [sp, #88]	@ 0x58
341833fe:	910d      	str	r1, [sp, #52]	@ 0x34
34183400:	4005      	ands	r5, r0
34183402:	407d      	eors	r5, r7
34183404:	ea85 0803 	eor.w	r8, r5, r3
34183408:	9b09      	ldr	r3, [sp, #36]	@ 0x24
3418340a:	9d15      	ldr	r5, [sp, #84]	@ 0x54
3418340c:	404e      	eors	r6, r1
3418340e:	ea83 0705 	eor.w	r7, r3, r5
34183412:	9b0a      	ldr	r3, [sp, #40]	@ 0x28
34183414:	9d16      	ldr	r5, [sp, #88]	@ 0x58
34183416:	971c      	str	r7, [sp, #112]	@ 0x70
34183418:	ea83 0705 	eor.w	r7, r3, r5
3418341c:	971d      	str	r7, [sp, #116]	@ 0x74
3418341e:	9901      	ldr	r1, [sp, #4]
34183420:	9f03      	ldr	r7, [sp, #12]
34183422:	684b      	ldr	r3, [r1, #4]
34183424:	680d      	ldr	r5, [r1, #0]
34183426:	4053      	eors	r3, r2
34183428:	990b      	ldr	r1, [sp, #44]	@ 0x2c
3418342a:	9320      	str	r3, [sp, #128]	@ 0x80
3418342c:	9b02      	ldr	r3, [sp, #8]
3418342e:	407d      	eors	r5, r7
34183430:	951f      	str	r5, [sp, #124]	@ 0x7c
34183432:	ea81 0503 	eor.w	r5, r1, r3
34183436:	9523      	str	r5, [sp, #140]	@ 0x8c
34183438:	9d13      	ldr	r5, [sp, #76]	@ 0x4c
3418343a:	921e      	str	r2, [sp, #120]	@ 0x78
3418343c:	ea05 0c07 	and.w	ip, r5, r7
34183440:	9d14      	ldr	r5, [sp, #80]	@ 0x50
34183442:	990c      	ldr	r1, [sp, #48]	@ 0x30
34183444:	ea05 0702 	and.w	r7, r5, r2
34183448:	9a01      	ldr	r2, [sp, #4]
3418344a:	9b04      	ldr	r3, [sp, #16]
3418344c:	6815      	ldr	r5, [r2, #0]
3418344e:	9a18      	ldr	r2, [sp, #96]	@ 0x60
34183450:	404b      	eors	r3, r1
34183452:	ea05 0e02 	and.w	lr, r5, r2
34183456:	9a09      	ldr	r2, [sp, #36]	@ 0x24
34183458:	9d19      	ldr	r5, [sp, #100]	@ 0x64
3418345a:	ea8e 0e02 	eor.w	lr, lr, r2
3418345e:	9a0b      	ldr	r2, [sp, #44]	@ 0x2c
34183460:	9324      	str	r3, [sp, #144]	@ 0x90
34183462:	ea8e 0e02 	eor.w	lr, lr, r2
34183466:	9a01      	ldr	r2, [sp, #4]
34183468:	9b17      	ldr	r3, [sp, #92]	@ 0x5c
3418346a:	6852      	ldr	r2, [r2, #4]
3418346c:	ea83 010c 	eor.w	r1, r3, ip
34183470:	ea02 0905 	and.w	r9, r2, r5
34183474:	9a0a      	ldr	r2, [sp, #40]	@ 0x28
34183476:	ea8a 0307 	eor.w	r3, sl, r7
3418347a:	ea89 0902 	eor.w	r9, r9, r2
3418347e:	9a0c      	ldr	r2, [sp, #48]	@ 0x30
34183480:	ea8e 0b0c 	eor.w	fp, lr, ip
34183484:	ea89 0902 	eor.w	r9, r9, r2
34183488:	ea89 0907 	eor.w	r9, r9, r7
3418348c:	9f12      	ldr	r7, [sp, #72]	@ 0x48
3418348e:	9017      	str	r0, [sp, #92]	@ 0x5c
34183490:	ea84 0207 	eor.w	r2, r4, r7
34183494:	9f0d      	ldr	r7, [sp, #52]	@ 0x34
34183496:	921a      	str	r2, [sp, #104]	@ 0x68
34183498:	ea84 0c07 	eor.w	ip, r4, r7
3418349c:	9f06      	ldr	r7, [sp, #24]
3418349e:	ea87 0400 	eor.w	r4, r7, r0
341834a2:	941b      	str	r4, [sp, #108]	@ 0x6c
341834a4:	9d05      	ldr	r5, [sp, #20]
341834a6:	9c01      	ldr	r4, [sp, #4]
341834a8:	406f      	eors	r7, r5
341834aa:	463a      	mov	r2, r7
341834ac:	9802      	ldr	r0, [sp, #8]
341834ae:	6824      	ldr	r4, [r4, #0]
341834b0:	9f04      	ldr	r7, [sp, #16]
341834b2:	4044      	eors	r4, r0
341834b4:	9421      	str	r4, [sp, #132]	@ 0x84
341834b6:	9c01      	ldr	r4, [sp, #4]
341834b8:	6864      	ldr	r4, [r4, #4]
341834ba:	407c      	eors	r4, r7
341834bc:	9422      	str	r4, [sp, #136]	@ 0x88
341834be:	9f07      	ldr	r7, [sp, #28]
341834c0:	9c0d      	ldr	r4, [sp, #52]	@ 0x34
341834c2:	4027      	ands	r7, r4
341834c4:	ea8c 0407 	eor.w	r4, ip, r7
341834c8:	407e      	eors	r6, r7
341834ca:	9f08      	ldr	r7, [sp, #32]
341834cc:	9406      	str	r4, [sp, #24]
341834ce:	9c10      	ldr	r4, [sp, #64]	@ 0x40
341834d0:	402f      	ands	r7, r5
341834d2:	ea88 0507 	eor.w	r5, r8, r7
341834d6:	407a      	eors	r2, r7
341834d8:	ea04 0800 	and.w	r8, r4, r0
341834dc:	9f04      	ldr	r7, [sp, #16]
341834de:	9c11      	ldr	r4, [sp, #68]	@ 0x44
341834e0:	980f      	ldr	r0, [sp, #60]	@ 0x3c
341834e2:	ea04 0a07 	and.w	sl, r4, r7
341834e6:	9c23      	ldr	r4, [sp, #140]	@ 0x8c
341834e8:	9f0e      	ldr	r7, [sp, #56]	@ 0x38
341834ea:	4027      	ands	r7, r4
341834ec:	9c24      	ldr	r4, [sp, #144]	@ 0x90
341834ee:	ea87 0708 	eor.w	r7, r7, r8
341834f2:	ea00 0e04 	and.w	lr, r0, r4
341834f6:	9c1c      	ldr	r4, [sp, #112]	@ 0x70
341834f8:	981f      	ldr	r0, [sp, #124]	@ 0x7c
341834fa:	407e      	eors	r6, r7
341834fc:	ea04 0c00 	and.w	ip, r4, r0
34183500:	ea8c 0c01 	eor.w	ip, ip, r1
34183504:	9c20      	ldr	r4, [sp, #128]	@ 0x80
34183506:	991d      	ldr	r1, [sp, #116]	@ 0x74
34183508:	ea8c 0c07 	eor.w	ip, ip, r7
3418350c:	ea01 0704 	and.w	r7, r1, r4
34183510:	405f      	eors	r7, r3
34183512:	9909      	ldr	r1, [sp, #36]	@ 0x24
34183514:	9b0b      	ldr	r3, [sp, #44]	@ 0x2c
34183516:	980c      	ldr	r0, [sp, #48]	@ 0x30
34183518:	400b      	ands	r3, r1
3418351a:	990a      	ldr	r1, [sp, #40]	@ 0x28
3418351c:	9c1a      	ldr	r4, [sp, #104]	@ 0x68
3418351e:	4001      	ands	r1, r0
34183520:	9821      	ldr	r0, [sp, #132]	@ 0x84
34183522:	ea8e 0e0a 	eor.w	lr, lr, sl
34183526:	ea85 050e 	eor.w	r5, r5, lr
3418352a:	ea87 070e 	eor.w	r7, r7, lr
3418352e:	ea04 0e00 	and.w	lr, r4, r0
34183532:	9c06      	ldr	r4, [sp, #24]
34183534:	ea83 0308 	eor.w	r3, r3, r8
34183538:	ea84 040e 	eor.w	r4, r4, lr
3418353c:	ea8b 0803 	eor.w	r8, fp, r3
34183540:	405c      	eors	r4, r3
34183542:	9b1b      	ldr	r3, [sp, #108]	@ 0x6c
34183544:	9822      	ldr	r0, [sp, #136]	@ 0x88
34183546:	ea81 010a 	eor.w	r1, r1, sl
3418354a:	4003      	ands	r3, r0
3418354c:	405a      	eors	r2, r3
3418354e:	ea89 0901 	eor.w	r9, r9, r1
34183552:	404a      	eors	r2, r1
34183554:	ea0c 0106 	and.w	r1, ip, r6
34183558:	ea07 0305 	and.w	r3, r7, r5
3418355c:	ea88 0e01 	eor.w	lr, r8, r1
34183560:	ea86 0b04 	eor.w	fp, r6, r4
34183564:	ea0b 0b0e 	and.w	fp, fp, lr
34183568:	ea85 0a02 	eor.w	sl, r5, r2
3418356c:	ea89 0e03 	eor.w	lr, r9, r3
34183570:	ea0a 0a0e 	and.w	sl, sl, lr
34183574:	ea84 0e01 	eor.w	lr, r4, r1
34183578:	ea81 010b 	eor.w	r1, r1, fp
3418357c:	4021      	ands	r1, r4
3418357e:	ea84 040b 	eor.w	r4, r4, fp
34183582:	9801      	ldr	r0, [sp, #4]
34183584:	ea8c 0c08 	eor.w	ip, ip, r8
34183588:	4066      	eors	r6, r4
3418358a:	404e      	eors	r6, r1
3418358c:	ea8e 0101 	eor.w	r1, lr, r1
34183590:	ea0c 0e0e 	and.w	lr, ip, lr
34183594:	ea8e 0e08 	eor.w	lr, lr, r8
34183598:	9606      	str	r6, [sp, #24]
3418359a:	6806      	ldr	r6, [r0, #0]
3418359c:	ea01 010e 	and.w	r1, r1, lr
341835a0:	9812      	ldr	r0, [sp, #72]	@ 0x48
341835a2:	ea81 010c 	eor.w	r1, r1, ip
341835a6:	4026      	ands	r6, r4
341835a8:	9625      	str	r6, [sp, #148]	@ 0x94
341835aa:	ea00 0601 	and.w	r6, r0, r1
341835ae:	9626      	str	r6, [sp, #152]	@ 0x98
341835b0:	981c      	ldr	r0, [sp, #112]	@ 0x70
341835b2:	9e06      	ldr	r6, [sp, #24]
341835b4:	ea87 0709 	eor.w	r7, r7, r9
341835b8:	ea00 0806 	and.w	r8, r0, r6
341835bc:	9e21      	ldr	r6, [sp, #132]	@ 0x84
341835be:	9815      	ldr	r0, [sp, #84]	@ 0x54
341835c0:	ea06 0b0e 	and.w	fp, r6, lr
341835c4:	9e1a      	ldr	r6, [sp, #104]	@ 0x68
341835c6:	ea00 0c01 	and.w	ip, r0, r1
341835ca:	ea06 060e 	and.w	r6, r6, lr
341835ce:	981f      	ldr	r0, [sp, #124]	@ 0x7c
341835d0:	961c      	str	r6, [sp, #112]	@ 0x70
341835d2:	9e06      	ldr	r6, [sp, #24]
341835d4:	4006      	ands	r6, r0
341835d6:	961f      	str	r6, [sp, #124]	@ 0x7c
341835d8:	ea8c 060b 	eor.w	r6, ip, fp
341835dc:	9818      	ldr	r0, [sp, #96]	@ 0x60
341835de:	961a      	str	r6, [sp, #104]	@ 0x68
341835e0:	9e25      	ldr	r6, [sp, #148]	@ 0x94
341835e2:	ea00 0c04 	and.w	ip, r0, r4
341835e6:	ea86 060b 	eor.w	r6, r6, fp
341835ea:	9621      	str	r6, [sp, #132]	@ 0x84
341835ec:	ea8c 0608 	eor.w	r6, ip, r8
341835f0:	ea82 0c03 	eor.w	ip, r2, r3
341835f4:	ea83 030a 	eor.w	r3, r3, sl
341835f8:	4013      	ands	r3, r2
341835fa:	ea82 020a 	eor.w	r2, r2, sl
341835fe:	4055      	eors	r5, r2
34183600:	405d      	eors	r5, r3
34183602:	ea8c 0303 	eor.w	r3, ip, r3
34183606:	ea07 0c0c 	and.w	ip, r7, ip
3418360a:	ea8c 0c09 	eor.w	ip, ip, r9
3418360e:	9801      	ldr	r0, [sp, #4]
34183610:	ea03 030c 	and.w	r3, r3, ip
34183614:	407b      	eors	r3, r7
34183616:	6847      	ldr	r7, [r0, #4]
34183618:	9817      	ldr	r0, [sp, #92]	@ 0x5c
3418361a:	9627      	str	r6, [sp, #156]	@ 0x9c
3418361c:	ea07 0602 	and.w	r6, r7, r2
34183620:	9615      	str	r6, [sp, #84]	@ 0x54
34183622:	ea00 0603 	and.w	r6, r0, r3
34183626:	4628      	mov	r0, r5
34183628:	9f1d      	ldr	r7, [sp, #116]	@ 0x74
3418362a:	9618      	str	r6, [sp, #96]	@ 0x60
3418362c:	9e22      	ldr	r6, [sp, #136]	@ 0x88
3418362e:	403d      	ands	r5, r7
34183630:	ea06 070c 	and.w	r7, r6, ip
34183634:	9e1b      	ldr	r6, [sp, #108]	@ 0x6c
34183636:	9517      	str	r5, [sp, #92]	@ 0x5c
34183638:	ea06 060c 	and.w	r6, r6, ip
3418363c:	9d16      	ldr	r5, [sp, #88]	@ 0x58
3418363e:	961b      	str	r6, [sp, #108]	@ 0x6c
34183640:	9e20      	ldr	r6, [sp, #128]	@ 0x80
34183642:	401d      	ands	r5, r3
34183644:	4006      	ands	r6, r0
34183646:	961d      	str	r6, [sp, #116]	@ 0x74
34183648:	407d      	eors	r5, r7
3418364a:	9e15      	ldr	r6, [sp, #84]	@ 0x54
3418364c:	9516      	str	r5, [sp, #88]	@ 0x58
3418364e:	9d19      	ldr	r5, [sp, #100]	@ 0x64
34183650:	4077      	eors	r7, r6
34183652:	9e17      	ldr	r6, [sp, #92]	@ 0x5c
34183654:	4015      	ands	r5, r2
34183656:	4075      	eors	r5, r6
34183658:	9e06      	ldr	r6, [sp, #24]
3418365a:	9520      	str	r5, [sp, #128]	@ 0x80
3418365c:	ea86 0501 	eor.w	r5, r6, r1
34183660:	ea8e 0101 	eor.w	r1, lr, r1
34183664:	ea8e 0e04 	eor.w	lr, lr, r4
34183668:	4074      	eors	r4, r6
3418366a:	9e10      	ldr	r6, [sp, #64]	@ 0x40
3418366c:	9012      	str	r0, [sp, #72]	@ 0x48
3418366e:	ea06 0a0e 	and.w	sl, r6, lr
34183672:	9807      	ldr	r0, [sp, #28]
34183674:	9e0d      	ldr	r6, [sp, #52]	@ 0x34
34183676:	9719      	str	r7, [sp, #100]	@ 0x64
34183678:	400e      	ands	r6, r1
3418367a:	4001      	ands	r1, r0
3418367c:	9803      	ldr	r0, [sp, #12]
3418367e:	9f13      	ldr	r7, [sp, #76]	@ 0x4c
34183680:	ea00 0904 	and.w	r9, r0, r4
34183684:	9802      	ldr	r0, [sp, #8]
34183686:	4027      	ands	r7, r4
34183688:	9c0e      	ldr	r4, [sp, #56]	@ 0x38
3418368a:	ea87 0708 	eor.w	r7, r7, r8
3418368e:	ea00 080e 	and.w	r8, r0, lr
34183692:	ea85 0e0e 	eor.w	lr, r5, lr
34183696:	ea04 0b0e 	and.w	fp, r4, lr
3418369a:	980b      	ldr	r0, [sp, #44]	@ 0x2c
3418369c:	9c23      	ldr	r4, [sp, #140]	@ 0x8c
3418369e:	ea89 0906 	eor.w	r9, r9, r6
341836a2:	ea04 0e0e 	and.w	lr, r4, lr
341836a6:	ea88 0806 	eor.w	r8, r8, r6
341836aa:	ea8a 040b 	eor.w	r4, sl, fp
341836ae:	9e25      	ldr	r6, [sp, #148]	@ 0x94
341836b0:	ea00 0a05 	and.w	sl, r0, r5
341836b4:	9809      	ldr	r0, [sp, #36]	@ 0x24
341836b6:	404e      	eors	r6, r1
341836b8:	4005      	ands	r5, r0
341836ba:	981c      	ldr	r0, [sp, #112]	@ 0x70
341836bc:	ea86 0609 	eor.w	r6, r6, r9
341836c0:	ea88 080e 	eor.w	r8, r8, lr
341836c4:	ea8a 0e0e 	eor.w	lr, sl, lr
341836c8:	ea80 0a06 	eor.w	sl, r0, r6
341836cc:	981a      	ldr	r0, [sp, #104]	@ 0x68
341836ce:	4066      	eors	r6, r4
341836d0:	4041      	eors	r1, r0
341836d2:	4046      	eors	r6, r0
341836d4:	9826      	ldr	r0, [sp, #152]	@ 0x98
341836d6:	ea85 050b 	eor.w	r5, r5, fp
341836da:	4044      	eors	r4, r0
341836dc:	4067      	eors	r7, r4
341836de:	ea8e 0e04 	eor.w	lr, lr, r4
341836e2:	ea80 0408 	eor.w	r4, r0, r8
341836e6:	981f      	ldr	r0, [sp, #124]	@ 0x7c
341836e8:	ea8a 0a0e 	eor.w	sl, sl, lr
341836ec:	ea80 0b07 	eor.w	fp, r0, r7
341836f0:	9801      	ldr	r0, [sp, #4]
341836f2:	ea81 0e0e 	eor.w	lr, r1, lr
341836f6:	ea89 010b 	eor.w	r1, r9, fp
341836fa:	6201      	str	r1, [r0, #32]
341836fc:	4065      	eors	r5, r4
341836fe:	404c      	eors	r4, r1
34183700:	9927      	ldr	r1, [sp, #156]	@ 0x9c
34183702:	43e4      	mvns	r4, r4
34183704:	ea81 010a 	eor.w	r1, r1, sl
34183708:	43f6      	mvns	r6, r6
3418370a:	ea85 050a 	eor.w	r5, r5, sl
3418370e:	6101      	str	r1, [r0, #16]
34183710:	43ed      	mvns	r5, r5
34183712:	ea6f 010e 	mvn.w	r1, lr
34183716:	ea88 0707 	eor.w	r7, r8, r7
3418371a:	6387      	str	r7, [r0, #56]	@ 0x38
3418371c:	9f21      	ldr	r7, [sp, #132]	@ 0x84
3418371e:	ea87 070b 	eor.w	r7, r7, fp
34183722:	6187      	str	r7, [r0, #24]
34183724:	6304      	str	r4, [r0, #48]	@ 0x30
34183726:	6006      	str	r6, [r0, #0]
34183728:	9e12      	ldr	r6, [sp, #72]	@ 0x48
3418372a:	6285      	str	r5, [r0, #40]	@ 0x28
3418372c:	6081      	str	r1, [r0, #8]
3418372e:	9d05      	ldr	r5, [sp, #20]
34183730:	9808      	ldr	r0, [sp, #32]
34183732:	ea86 0103 	eor.w	r1, r6, r3
34183736:	ea8c 0303 	eor.w	r3, ip, r3
3418373a:	401d      	ands	r5, r3
3418373c:	9f14      	ldr	r7, [sp, #80]	@ 0x50
3418373e:	4003      	ands	r3, r0
34183740:	981e      	ldr	r0, [sp, #120]	@ 0x78
34183742:	ea8c 0c02 	eor.w	ip, ip, r2
34183746:	4072      	eors	r2, r6
34183748:	ea00 0602 	and.w	r6, r0, r2
3418374c:	403a      	ands	r2, r7
3418374e:	9f17      	ldr	r7, [sp, #92]	@ 0x5c
34183750:	9c11      	ldr	r4, [sp, #68]	@ 0x44
34183752:	407a      	eors	r2, r7
34183754:	9f04      	ldr	r7, [sp, #16]
34183756:	980f      	ldr	r0, [sp, #60]	@ 0x3c
34183758:	ea04 040c 	and.w	r4, r4, ip
3418375c:	ea07 070c 	and.w	r7, r7, ip
34183760:	ea81 0c0c 	eor.w	ip, r1, ip
34183764:	ea00 0e0c 	and.w	lr, r0, ip
34183768:	9824      	ldr	r0, [sp, #144]	@ 0x90
3418376a:	406e      	eors	r6, r5
3418376c:	ea00 0c0c 	and.w	ip, r0, ip
34183770:	980c      	ldr	r0, [sp, #48]	@ 0x30
34183772:	406f      	eors	r7, r5
34183774:	ea00 0801 	and.w	r8, r0, r1
34183778:	9d15      	ldr	r5, [sp, #84]	@ 0x54
3418377a:	980a      	ldr	r0, [sp, #40]	@ 0x28
3418377c:	405d      	eors	r5, r3
3418377e:	4001      	ands	r1, r0
34183780:	981b      	ldr	r0, [sp, #108]	@ 0x6c
34183782:	4075      	eors	r5, r6
34183784:	ea84 040e 	eor.w	r4, r4, lr
34183788:	ea87 070c 	eor.w	r7, r7, ip
3418378c:	ea88 080c 	eor.w	r8, r8, ip
34183790:	ea80 0c05 	eor.w	ip, r0, r5
34183794:	9816      	ldr	r0, [sp, #88]	@ 0x58
34183796:	4065      	eors	r5, r4
34183798:	4043      	eors	r3, r0
3418379a:	4045      	eors	r5, r0
3418379c:	9818      	ldr	r0, [sp, #96]	@ 0x60
3418379e:	ea81 010e 	eor.w	r1, r1, lr
341837a2:	4044      	eors	r4, r0
341837a4:	ea80 0e07 	eor.w	lr, r0, r7
341837a8:	981d      	ldr	r0, [sp, #116]	@ 0x74
341837aa:	4062      	eors	r2, r4
341837ac:	ea88 0404 	eor.w	r4, r8, r4
341837b0:	ea80 0802 	eor.w	r8, r0, r2
341837b4:	9801      	ldr	r0, [sp, #4]
341837b6:	4057      	eors	r7, r2
341837b8:	63c7      	str	r7, [r0, #60]	@ 0x3c
341837ba:	9f19      	ldr	r7, [sp, #100]	@ 0x64
341837bc:	ea8c 0c04 	eor.w	ip, ip, r4
341837c0:	405c      	eors	r4, r3
341837c2:	ea87 0308 	eor.w	r3, r7, r8
341837c6:	ea86 0608 	eor.w	r6, r6, r8
341837ca:	61c3      	str	r3, [r0, #28]
341837cc:	ea81 010e 	eor.w	r1, r1, lr
341837d0:	9b20      	ldr	r3, [sp, #128]	@ 0x80
341837d2:	ea8e 0e06 	eor.w	lr, lr, r6
341837d6:	ea81 010c 	eor.w	r1, r1, ip
341837da:	ea83 020c 	eor.w	r2, r3, ip
341837de:	43c9      	mvns	r1, r1
341837e0:	ea6f 030e 	mvn.w	r3, lr
341837e4:	43e4      	mvns	r4, r4
341837e6:	43ed      	mvns	r5, r5
341837e8:	6246      	str	r6, [r0, #36]	@ 0x24
341837ea:	6142      	str	r2, [r0, #20]
341837ec:	6343      	str	r3, [r0, #52]	@ 0x34
341837ee:	60c4      	str	r4, [r0, #12]
341837f0:	62c1      	str	r1, [r0, #44]	@ 0x2c
341837f2:	6045      	str	r5, [r0, #4]
341837f4:	b029      	add	sp, #164	@ 0xa4
341837f6:	e8bd 8ff0 	ldmia.w	sp!, {r4, r5, r6, r7, r8, r9, sl, fp, pc}
341837fa:	bf00      	nop

341837fc <br_aes_ct64_ortho>:
341837fc:	e92d 4ff0 	stmdb	sp!, {r4, r5, r6, r7, r8, r9, sl, fp, lr}
34183800:	e9d0 1c02 	ldrd	r1, ip, [r0, #8]
34183804:	e9d0 8706 	ldrd	r8, r7, [r0, #24]
34183808:	e9d0 2300 	ldrd	r2, r3, [r0]
3418380c:	e9d0 ab04 	ldrd	sl, fp, [r0, #16]
34183810:	184c      	adds	r4, r1, r1
34183812:	b0a1      	sub	sp, #132	@ 0x84
34183814:	f00c 35aa 	and.w	r5, ip, #2863311530	@ 0xaaaaaaaa
34183818:	eb4c 0e0c 	adc.w	lr, ip, ip
3418381c:	eb18 0c08 	adds.w	ip, r8, r8
34183820:	9505      	str	r5, [sp, #20]
34183822:	f004 34aa 	and.w	r4, r4, #2863311530	@ 0xaaaaaaaa
34183826:	f00c 35aa 	and.w	r5, ip, #2863311530	@ 0xaaaaaaaa
3418382a:	eb47 0c07 	adc.w	ip, r7, r7
3418382e:	f007 37aa 	and.w	r7, r7, #2863311530	@ 0xaaaaaaaa
34183832:	9403      	str	r4, [sp, #12]
34183834:	970a      	str	r7, [sp, #40]	@ 0x28
34183836:	e9d0 460a 	ldrd	r4, r6, [r0, #40]	@ 0x28
3418383a:	1927      	adds	r7, r4, r4
3418383c:	f007 37aa 	and.w	r7, r7, #2863311530	@ 0xaaaaaaaa
34183840:	9506      	str	r5, [sp, #24]
34183842:	970b      	str	r7, [sp, #44]	@ 0x2c
34183844:	f008 35aa 	and.w	r5, r8, #2863311530	@ 0xaaaaaaaa
34183848:	f003 3755 	and.w	r7, r3, #1431655765	@ 0x55555555
3418384c:	f002 3855 	and.w	r8, r2, #1431655765	@ 0x55555555
34183850:	ea52 035f 	lsrl	r2, r3, #1
34183854:	f004 34aa 	and.w	r4, r4, #2863311530	@ 0xaaaaaaaa
34183858:	940f      	str	r4, [sp, #60]	@ 0x3c
3418385a:	f001 31aa 	and.w	r1, r1, #2863311530	@ 0xaaaaaaaa
3418385e:	eb46 0406 	adc.w	r4, r6, r6
34183862:	9104      	str	r1, [sp, #16]
34183864:	f004 34aa 	and.w	r4, r4, #2863311530	@ 0xaaaaaaaa
34183868:	6b81      	ldr	r1, [r0, #56]	@ 0x38
3418386a:	9509      	str	r5, [sp, #36]	@ 0x24
3418386c:	940c      	str	r4, [sp, #48]	@ 0x30
3418386e:	6bc5      	ldr	r5, [r0, #60]	@ 0x3c
34183870:	f006 34aa 	and.w	r4, r6, #2863311530	@ 0xaaaaaaaa
34183874:	9410      	str	r4, [sp, #64]	@ 0x40
34183876:	184c      	adds	r4, r1, r1
34183878:	f001 31aa 	and.w	r1, r1, #2863311530	@ 0xaaaaaaaa
3418387c:	9117      	str	r1, [sp, #92]	@ 0x5c
3418387e:	eb45 0105 	adc.w	r1, r5, r5
34183882:	e9cd 2300 	strd	r2, r3, [sp]
34183886:	f001 31aa 	and.w	r1, r1, #2863311530	@ 0xaaaaaaaa
3418388a:	f00b 3255 	and.w	r2, fp, #1431655765	@ 0x55555555
3418388e:	f004 36aa 	and.w	r6, r4, #2863311530	@ 0xaaaaaaaa
34183892:	9112      	str	r1, [sp, #72]	@ 0x48
34183894:	9207      	str	r2, [sp, #28]
34183896:	f005 31aa 	and.w	r1, r5, #2863311530	@ 0xaaaaaaaa
3418389a:	e9d0 4508 	ldrd	r4, r5, [r0, #32]
3418389e:	f004 3355 	and.w	r3, r4, #1431655765	@ 0x55555555
341838a2:	f005 3255 	and.w	r2, r5, #1431655765	@ 0x55555555
341838a6:	9611      	str	r6, [sp, #68]	@ 0x44
341838a8:	9118      	str	r1, [sp, #96]	@ 0x60
341838aa:	930d      	str	r3, [sp, #52]	@ 0x34
341838ac:	920e      	str	r2, [sp, #56]	@ 0x38
341838ae:	e9d0 230c 	ldrd	r2, r3, [r0, #48]	@ 0x30
341838b2:	f002 3155 	and.w	r1, r2, #1431655765	@ 0x55555555
341838b6:	9113      	str	r1, [sp, #76]	@ 0x4c
341838b8:	f003 3155 	and.w	r1, r3, #1431655765	@ 0x55555555
341838bc:	ea52 035f 	lsrl	r2, r3, #1
341838c0:	f00a 3955 	and.w	r9, sl, #1431655765	@ 0x55555555
341838c4:	ea5a 0b5f 	lsrl	sl, fp, #1
341838c8:	ea54 055f 	lsrl	r4, r5, #1
341838cc:	9114      	str	r1, [sp, #80]	@ 0x50
341838ce:	9900      	ldr	r1, [sp, #0]
341838d0:	f003 3355 	and.w	r3, r3, #1431655765	@ 0x55555555
341838d4:	f001 3655 	and.w	r6, r1, #1431655765	@ 0x55555555
341838d8:	9901      	ldr	r1, [sp, #4]
341838da:	9316      	str	r3, [sp, #88]	@ 0x58
341838dc:	f001 3155 	and.w	r1, r1, #1431655765	@ 0x55555555
341838e0:	9b03      	ldr	r3, [sp, #12]
341838e2:	9100      	str	r1, [sp, #0]
341838e4:	f00a 3155 	and.w	r1, sl, #1431655765	@ 0x55555555
341838e8:	9108      	str	r1, [sp, #32]
341838ea:	f004 3a55 	and.w	sl, r4, #1431655765	@ 0x55555555
341838ee:	f00b 3155 	and.w	r1, fp, #1431655765	@ 0x55555555
341838f2:	ea43 0408 	orr.w	r4, r3, r8
341838f6:	f005 3b55 	and.w	fp, r5, #1431655765	@ 0x55555555
341838fa:	f00e 3eaa 	and.w	lr, lr, #2863311530	@ 0xaaaaaaaa
341838fe:	f002 3555 	and.w	r5, r2, #1431655765	@ 0x55555555
34183902:	9515      	str	r5, [sp, #84]	@ 0x54
34183904:	f004 3333 	and.w	r3, r4, #858993459	@ 0x33333333
34183908:	ea4e 0507 	orr.w	r5, lr, r7
3418390c:	9303      	str	r3, [sp, #12]
3418390e:	f005 3333 	and.w	r3, r5, #858993459	@ 0x33333333
34183912:	ea54 059f 	lsrl	r4, r5, #2
34183916:	9f04      	ldr	r7, [sp, #16]
34183918:	9319      	str	r3, [sp, #100]	@ 0x64
3418391a:	ea46 0207 	orr.w	r2, r6, r7
3418391e:	9f00      	ldr	r7, [sp, #0]
34183920:	9e05      	ldr	r6, [sp, #20]
34183922:	f00c 3caa 	and.w	ip, ip, #2863311530	@ 0xaaaaaaaa
34183926:	ea47 0306 	orr.w	r3, r7, r6
3418392a:	f004 3633 	and.w	r6, r4, #858993459	@ 0x33333333
3418392e:	f005 3433 	and.w	r4, r5, #858993459	@ 0x33333333
34183932:	9404      	str	r4, [sp, #16]
34183934:	f002 3533 	and.w	r5, r2, #858993459	@ 0x33333333
34183938:	f003 3433 	and.w	r4, r3, #858993459	@ 0x33333333
3418393c:	ea52 039f 	lsrl	r2, r3, #2
34183940:	9600      	str	r6, [sp, #0]
34183942:	9e06      	ldr	r6, [sp, #24]
34183944:	941b      	str	r4, [sp, #108]	@ 0x6c
34183946:	ea46 0409 	orr.w	r4, r6, r9
3418394a:	9e07      	ldr	r6, [sp, #28]
3418394c:	951a      	str	r5, [sp, #104]	@ 0x68
3418394e:	ea4c 0506 	orr.w	r5, ip, r6
34183952:	f004 36cc 	and.w	r6, r4, #3435973836	@ 0xcccccccc
34183956:	9605      	str	r6, [sp, #20]
34183958:	f002 3633 	and.w	r6, r2, #858993459	@ 0x33333333
3418395c:	f003 3233 	and.w	r2, r3, #858993459	@ 0x33333333
34183960:	921d      	str	r2, [sp, #116]	@ 0x74
34183962:	f005 32cc 	and.w	r2, r5, #3435973836	@ 0xcccccccc
34183966:	ea54 058f 	lsll	r4, r5, #2
3418396a:	961c      	str	r6, [sp, #112]	@ 0x70
3418396c:	9206      	str	r2, [sp, #24]
3418396e:	e9dd 7608 	ldrd	r7, r6, [sp, #32]
34183972:	ea47 0206 	orr.w	r2, r7, r6
34183976:	9f0a      	ldr	r7, [sp, #40]	@ 0x28
34183978:	f005 3ccc 	and.w	ip, r5, #3435973836	@ 0xcccccccc
3418397c:	ea41 0307 	orr.w	r3, r1, r7
34183980:	f002 35cc 	and.w	r5, r2, #3435973836	@ 0xcccccccc
34183984:	9508      	str	r5, [sp, #32]
34183986:	f003 35cc 	and.w	r5, r3, #3435973836	@ 0xcccccccc
3418398a:	ea52 038f 	lsll	r2, r3, #2
3418398e:	9e0d      	ldr	r6, [sp, #52]	@ 0x34
34183990:	9f0b      	ldr	r7, [sp, #44]	@ 0x2c
34183992:	f004 31cc 	and.w	r1, r4, #3435973836	@ 0xcccccccc
34183996:	9509      	str	r5, [sp, #36]	@ 0x24
34183998:	ea47 0406 	orr.w	r4, r7, r6
3418399c:	9f0c      	ldr	r7, [sp, #48]	@ 0x30
3418399e:	9e0e      	ldr	r6, [sp, #56]	@ 0x38
341839a0:	f002 38cc 	and.w	r8, r2, #3435973836	@ 0xcccccccc
341839a4:	ea47 0506 	orr.w	r5, r7, r6
341839a8:	f003 32cc 	and.w	r2, r3, #3435973836	@ 0xcccccccc
341839ac:	9207      	str	r2, [sp, #28]
341839ae:	f005 3333 	and.w	r3, r5, #858993459	@ 0x33333333
341839b2:	f004 3233 	and.w	r2, r4, #858993459	@ 0x33333333
341839b6:	ea54 059f 	lsrl	r4, r5, #2
341839ba:	9f0f      	ldr	r7, [sp, #60]	@ 0x3c
341839bc:	920a      	str	r2, [sp, #40]	@ 0x28
341839be:	ea4a 0207 	orr.w	r2, sl, r7
341839c2:	9f10      	ldr	r7, [sp, #64]	@ 0x40
341839c4:	930b      	str	r3, [sp, #44]	@ 0x2c
341839c6:	ea4b 0307 	orr.w	r3, fp, r7
341839ca:	f004 3733 	and.w	r7, r4, #858993459	@ 0x33333333
341839ce:	f005 3433 	and.w	r4, r5, #858993459	@ 0x33333333
341839d2:	940d      	str	r4, [sp, #52]	@ 0x34
341839d4:	f003 3533 	and.w	r5, r3, #858993459	@ 0x33333333
341839d8:	f002 3433 	and.w	r4, r2, #858993459	@ 0x33333333
341839dc:	ea52 039f 	lsrl	r2, r3, #2
341839e0:	9e13      	ldr	r6, [sp, #76]	@ 0x4c
341839e2:	970c      	str	r7, [sp, #48]	@ 0x30
341839e4:	9f11      	ldr	r7, [sp, #68]	@ 0x44
341839e6:	941e      	str	r4, [sp, #120]	@ 0x78
341839e8:	ea47 0406 	orr.w	r4, r7, r6
341839ec:	9f12      	ldr	r7, [sp, #72]	@ 0x48
341839ee:	9e14      	ldr	r6, [sp, #80]	@ 0x50
341839f0:	951f      	str	r5, [sp, #124]	@ 0x7c
341839f2:	ea47 0506 	orr.w	r5, r7, r6
341839f6:	f004 37cc 	and.w	r7, r4, #3435973836	@ 0xcccccccc
341839fa:	970e      	str	r7, [sp, #56]	@ 0x38
341839fc:	f002 3733 	and.w	r7, r2, #858993459	@ 0x33333333
34183a00:	9e15      	ldr	r6, [sp, #84]	@ 0x54
34183a02:	9711      	str	r7, [sp, #68]	@ 0x44
34183a04:	9f17      	ldr	r7, [sp, #92]	@ 0x5c
34183a06:	46a2      	mov	sl, r4
34183a08:	ea46 0407 	orr.w	r4, r6, r7
34183a0c:	9e16      	ldr	r6, [sp, #88]	@ 0x58
34183a0e:	9f18      	ldr	r7, [sp, #96]	@ 0x60
34183a10:	f003 3233 	and.w	r2, r3, #858993459	@ 0x33333333
34183a14:	9212      	str	r2, [sp, #72]	@ 0x48
34183a16:	46ab      	mov	fp, r5
34183a18:	f005 32cc 	and.w	r2, r5, #3435973836	@ 0xcccccccc
34183a1c:	ea46 0507 	orr.w	r5, r6, r7
34183a20:	f005 36cc 	and.w	r6, r5, #3435973836	@ 0xcccccccc
34183a24:	f004 37cc 	and.w	r7, r4, #3435973836	@ 0xcccccccc
34183a28:	ea54 058f 	lsll	r4, r5, #2
34183a2c:	9614      	str	r6, [sp, #80]	@ 0x50
34183a2e:	9e03      	ldr	r6, [sp, #12]
34183a30:	920f      	str	r2, [sp, #60]	@ 0x3c
34183a32:	ea46 0201 	orr.w	r2, r6, r1
34183a36:	9919      	ldr	r1, [sp, #100]	@ 0x64
34183a38:	9713      	str	r7, [sp, #76]	@ 0x4c
34183a3a:	ea4c 0301 	orr.w	r3, ip, r1
34183a3e:	f004 31cc 	and.w	r1, r4, #3435973836	@ 0xcccccccc
34183a42:	9103      	str	r1, [sp, #12]
34183a44:	f002 370f 	and.w	r7, r2, #252645135	@ 0xf0f0f0f
34183a48:	f003 310f 	and.w	r1, r3, #252645135	@ 0xf0f0f0f
34183a4c:	ea52 131f 	lsrl	r2, r3, #4
34183a50:	f005 34cc 	and.w	r4, r5, #3435973836	@ 0xcccccccc
34183a54:	9410      	str	r4, [sp, #64]	@ 0x40
34183a56:	9715      	str	r7, [sp, #84]	@ 0x54
34183a58:	9116      	str	r1, [sp, #88]	@ 0x58
34183a5a:	9900      	ldr	r1, [sp, #0]
34183a5c:	9d05      	ldr	r5, [sp, #20]
34183a5e:	9c06      	ldr	r4, [sp, #24]
34183a60:	ea41 0605 	orr.w	r6, r1, r5
34183a64:	9904      	ldr	r1, [sp, #16]
34183a66:	ea5a 0b8f 	lsll	sl, fp, #2
34183a6a:	ea41 0704 	orr.w	r7, r1, r4
34183a6e:	f003 310f 	and.w	r1, r3, #252645135	@ 0xf0f0f0f
34183a72:	9100      	str	r1, [sp, #0]
34183a74:	f002 3c0f 	and.w	ip, r2, #252645135	@ 0xf0f0f0f
34183a78:	f007 310f 	and.w	r1, r7, #252645135	@ 0xf0f0f0f
34183a7c:	f006 320f 	and.w	r2, r6, #252645135	@ 0xf0f0f0f
34183a80:	ea56 171f 	lsrl	r6, r7, #4
34183a84:	9b1a      	ldr	r3, [sp, #104]	@ 0x68
34183a86:	f00a 3ecc 	and.w	lr, sl, #3435973836	@ 0xcccccccc
34183a8a:	46b2      	mov	sl, r6
34183a8c:	ea48 0403 	orr.w	r4, r8, r3
34183a90:	f00b 39cc 	and.w	r9, fp, #3435973836	@ 0xcccccccc
34183a94:	9b1b      	ldr	r3, [sp, #108]	@ 0x6c
34183a96:	46bb      	mov	fp, r7
34183a98:	9f07      	ldr	r7, [sp, #28]
34183a9a:	f00a 360f 	and.w	r6, sl, #252645135	@ 0xf0f0f0f
34183a9e:	ea47 0503 	orr.w	r5, r7, r3
34183aa2:	f004 330f 	and.w	r3, r4, #252645135	@ 0xf0f0f0f
34183aa6:	9304      	str	r3, [sp, #16]
34183aa8:	f005 330f 	and.w	r3, r5, #252645135	@ 0xf0f0f0f
34183aac:	ea54 151f 	lsrl	r4, r5, #4
34183ab0:	9117      	str	r1, [sp, #92]	@ 0x5c
34183ab2:	9607      	str	r6, [sp, #28]
34183ab4:	9908      	ldr	r1, [sp, #32]
34183ab6:	9e1c      	ldr	r6, [sp, #112]	@ 0x70
34183ab8:	9206      	str	r2, [sp, #24]
34183aba:	ea46 0201 	orr.w	r2, r6, r1
34183abe:	9e1d      	ldr	r6, [sp, #116]	@ 0x74
34183ac0:	9909      	ldr	r1, [sp, #36]	@ 0x24
34183ac2:	9305      	str	r3, [sp, #20]
34183ac4:	f005 3a0f 	and.w	sl, r5, #252645135	@ 0xf0f0f0f
34183ac8:	ea46 0301 	orr.w	r3, r6, r1
34183acc:	f002 350f 	and.w	r5, r2, #252645135	@ 0xf0f0f0f
34183ad0:	f004 380f 	and.w	r8, r4, #252645135	@ 0xf0f0f0f
34183ad4:	9508      	str	r5, [sp, #32]
34183ad6:	4614      	mov	r4, r2
34183ad8:	461d      	mov	r5, r3
34183ada:	990a      	ldr	r1, [sp, #40]	@ 0x28
34183adc:	f00b 370f 	and.w	r7, fp, #252645135	@ 0xf0f0f0f
34183ae0:	ea4e 0201 	orr.w	r2, lr, r1
34183ae4:	990b      	ldr	r1, [sp, #44]	@ 0x2c
34183ae6:	f002 3ef0 	and.w	lr, r2, #4042322160	@ 0xf0f0f0f0
34183aea:	f003 3b0f 	and.w	fp, r3, #252645135	@ 0xf0f0f0f
34183aee:	ea4c 0c0e 	orr.w	ip, ip, lr
34183af2:	ea49 0301 	orr.w	r3, r9, r1
34183af6:	f8c0 c020 	str.w	ip, [r0, #32]
34183afa:	f003 3cf0 	and.w	ip, r3, #4042322160	@ 0xf0f0f0f0
34183afe:	ea52 130f 	lsll	r2, r3, #4
34183b02:	ea54 151f 	lsrl	r4, r5, #4
34183b06:	9900      	ldr	r1, [sp, #0]
34183b08:	e9cd 2300 	strd	r2, r3, [sp]
34183b0c:	9b0c      	ldr	r3, [sp, #48]	@ 0x30
34183b0e:	9a0e      	ldr	r2, [sp, #56]	@ 0x38
34183b10:	ea41 010c 	orr.w	r1, r1, ip
34183b14:	9e0f      	ldr	r6, [sp, #60]	@ 0x3c
34183b16:	6241      	str	r1, [r0, #36]	@ 0x24
34183b18:	f004 310f 	and.w	r1, r4, #252645135	@ 0xf0f0f0f
34183b1c:	ea43 0402 	orr.w	r4, r3, r2
34183b20:	9b0d      	ldr	r3, [sp, #52]	@ 0x34
34183b22:	f005 3c0f 	and.w	ip, r5, #252645135	@ 0xf0f0f0f
34183b26:	ea43 0506 	orr.w	r5, r3, r6
34183b2a:	9b00      	ldr	r3, [sp, #0]
34183b2c:	9e15      	ldr	r6, [sp, #84]	@ 0x54
34183b2e:	f003 32f0 	and.w	r2, r3, #4042322160	@ 0xf0f0f0f0
34183b32:	9b01      	ldr	r3, [sp, #4]
34183b34:	4332      	orrs	r2, r6
34183b36:	9e16      	ldr	r6, [sp, #88]	@ 0x58
34183b38:	f003 33f0 	and.w	r3, r3, #4042322160	@ 0xf0f0f0f0
34183b3c:	4333      	orrs	r3, r6
34183b3e:	e9c0 2300 	strd	r2, r3, [r0]
34183b42:	9e07      	ldr	r6, [sp, #28]
34183b44:	f004 33f0 	and.w	r3, r4, #4042322160	@ 0xf0f0f0f0
34183b48:	431e      	orrs	r6, r3
34183b4a:	f005 33f0 	and.w	r3, r5, #4042322160	@ 0xf0f0f0f0
34183b4e:	ea54 150f 	lsll	r4, r5, #4
34183b52:	e9cd 4500 	strd	r4, r5, [sp]
34183b56:	9d03      	ldr	r5, [sp, #12]
34183b58:	9c1e      	ldr	r4, [sp, #120]	@ 0x78
34183b5a:	6306      	str	r6, [r0, #48]	@ 0x30
34183b5c:	ea45 0204 	orr.w	r2, r5, r4
34183b60:	9c10      	ldr	r4, [sp, #64]	@ 0x40
34183b62:	9d1f      	ldr	r5, [sp, #124]	@ 0x7c
34183b64:	f002 36f0 	and.w	r6, r2, #4042322160	@ 0xf0f0f0f0
34183b68:	431f      	orrs	r7, r3
34183b6a:	ea48 0606 	orr.w	r6, r8, r6
34183b6e:	ea44 0305 	orr.w	r3, r4, r5
34183b72:	6286      	str	r6, [r0, #40]	@ 0x28
34183b74:	f003 36f0 	and.w	r6, r3, #4042322160	@ 0xf0f0f0f0
34183b78:	ea52 130f 	lsll	r2, r3, #4
34183b7c:	4690      	mov	r8, r2
34183b7e:	4699      	mov	r9, r3
34183b80:	9a06      	ldr	r2, [sp, #24]
34183b82:	ea4a 0606 	orr.w	r6, sl, r6
34183b86:	6347      	str	r7, [r0, #52]	@ 0x34
34183b88:	62c6      	str	r6, [r0, #44]	@ 0x2c
34183b8a:	e9dd 6700 	ldrd	r6, r7, [sp]
34183b8e:	f006 34f0 	and.w	r4, r6, #4042322160	@ 0xf0f0f0f0
34183b92:	4314      	orrs	r4, r2
34183b94:	9a17      	ldr	r2, [sp, #92]	@ 0x5c
34183b96:	9b11      	ldr	r3, [sp, #68]	@ 0x44
34183b98:	f007 35f0 	and.w	r5, r7, #4042322160	@ 0xf0f0f0f0
34183b9c:	9f13      	ldr	r7, [sp, #76]	@ 0x4c
34183b9e:	4315      	orrs	r5, r2
34183ba0:	e9c0 4504 	strd	r4, r5, [r0, #16]
34183ba4:	9e14      	ldr	r6, [sp, #80]	@ 0x50
34183ba6:	ea43 0407 	orr.w	r4, r3, r7
34183baa:	9b12      	ldr	r3, [sp, #72]	@ 0x48
34183bac:	f008 32f0 	and.w	r2, r8, #4042322160	@ 0xf0f0f0f0
34183bb0:	ea43 0506 	orr.w	r5, r3, r6
34183bb4:	9e04      	ldr	r6, [sp, #16]
34183bb6:	f009 33f0 	and.w	r3, r9, #4042322160	@ 0xf0f0f0f0
34183bba:	4332      	orrs	r2, r6
34183bbc:	9e05      	ldr	r6, [sp, #20]
34183bbe:	4333      	orrs	r3, r6
34183bc0:	e9c0 2302 	strd	r2, r3, [r0, #8]
34183bc4:	f004 33f0 	and.w	r3, r4, #4042322160	@ 0xf0f0f0f0
34183bc8:	4319      	orrs	r1, r3
34183bca:	f005 33f0 	and.w	r3, r5, #4042322160	@ 0xf0f0f0f0
34183bce:	ea54 150f 	lsll	r4, r5, #4
34183bd2:	ea4c 0303 	orr.w	r3, ip, r3
34183bd6:	63c3      	str	r3, [r0, #60]	@ 0x3c
34183bd8:	9b08      	ldr	r3, [sp, #32]
34183bda:	f004 32f0 	and.w	r2, r4, #4042322160	@ 0xf0f0f0f0
34183bde:	431a      	orrs	r2, r3
34183be0:	f005 33f0 	and.w	r3, r5, #4042322160	@ 0xf0f0f0f0
34183be4:	ea43 030b 	orr.w	r3, r3, fp
34183be8:	e9c0 2306 	strd	r2, r3, [r0, #24]
34183bec:	6381      	str	r1, [r0, #56]	@ 0x38
34183bee:	b021      	add	sp, #132	@ 0x84
34183bf0:	e8bd 8ff0 	ldmia.w	sp!, {r4, r5, r6, r7, r8, r9, sl, fp, pc}

34183bf4 <aes_ecb4x.constprop.0>:
34183bf4:	e92d 4ff0 	stmdb	sp!, {r4, r5, r6, r7, r8, r9, sl, fp, lr}
34183bf8:	460f      	mov	r7, r1
34183bfa:	b0db      	sub	sp, #364	@ 0x16c
34183bfc:	f50d 7c94 	add.w	ip, sp, #296	@ 0x128
34183c00:	4616      	mov	r6, r2
34183c02:	9033      	str	r0, [sp, #204]	@ 0xcc
34183c04:	cf0f      	ldmia	r7!, {r0, r1, r2, r3}
34183c06:	e8ac 000f 	stmia.w	ip!, {r0, r1, r2, r3}
34183c0a:	cf0f      	ldmia	r7!, {r0, r1, r2, r3}
34183c0c:	e8ac 000f 	stmia.w	ip!, {r0, r1, r2, r3}
34183c10:	cf0f      	ldmia	r7!, {r0, r1, r2, r3}
34183c12:	e8ac 000f 	stmia.w	ip!, {r0, r1, r2, r3}
34183c16:	e897 000f 	ldmia.w	r7, {r0, r1, r2, r3}
34183c1a:	e88c 000f 	stmia.w	ip, {r0, r1, r2, r3}
34183c1e:	9b4a      	ldr	r3, [sp, #296]	@ 0x128
34183c20:	fa1f f881 	uxth.w	r8, r1
34183c24:	b29a      	uxth	r2, r3
34183c26:	0c1b      	lsrs	r3, r3, #16
34183c28:	9303      	str	r3, [sp, #12]
34183c2a:	9b4c      	ldr	r3, [sp, #304]	@ 0x130
34183c2c:	9202      	str	r2, [sp, #8]
34183c2e:	b29c      	uxth	r4, r3
34183c30:	0c1d      	lsrs	r5, r3, #16
34183c32:	ea44 2304 	orr.w	r3, r4, r4, lsl #8
34183c36:	931c      	str	r3, [sp, #112]	@ 0x70
34183c38:	9b4d      	ldr	r3, [sp, #308]	@ 0x134
34183c3a:	ea4f 4911 	mov.w	r9, r1, lsr #16
34183c3e:	b29a      	uxth	r2, r3
34183c40:	0c1b      	lsrs	r3, r3, #16
34183c42:	930d      	str	r3, [sp, #52]	@ 0x34
34183c44:	ea42 2302 	orr.w	r3, r2, r2, lsl #8
34183c48:	931e      	str	r3, [sp, #120]	@ 0x78
34183c4a:	9b50      	ldr	r3, [sp, #320]	@ 0x140
34183c4c:	920c      	str	r2, [sp, #48]	@ 0x30
34183c4e:	b29a      	uxth	r2, r3
34183c50:	0c1b      	lsrs	r3, r3, #16
34183c52:	9313      	str	r3, [sp, #76]	@ 0x4c
34183c54:	ea42 2302 	orr.w	r3, r2, r2, lsl #8
34183c58:	9320      	str	r3, [sp, #128]	@ 0x80
34183c5a:	9b51      	ldr	r3, [sp, #324]	@ 0x144
34183c5c:	9212      	str	r2, [sp, #72]	@ 0x48
34183c5e:	b29a      	uxth	r2, r3
34183c60:	0c1b      	lsrs	r3, r3, #16
34183c62:	9315      	str	r3, [sp, #84]	@ 0x54
34183c64:	ea42 2302 	orr.w	r3, r2, r2, lsl #8
34183c68:	9322      	str	r3, [sp, #136]	@ 0x88
34183c6a:	9b54      	ldr	r3, [sp, #336]	@ 0x150
34183c6c:	9214      	str	r2, [sp, #80]	@ 0x50
34183c6e:	b29a      	uxth	r2, r3
34183c70:	0c1b      	lsrs	r3, r3, #16
34183c72:	9305      	str	r3, [sp, #20]
34183c74:	ea42 2302 	orr.w	r3, r2, r2, lsl #8
34183c78:	9324      	str	r3, [sp, #144]	@ 0x90
34183c7a:	9b55      	ldr	r3, [sp, #340]	@ 0x154
34183c7c:	9204      	str	r2, [sp, #16]
34183c7e:	b29a      	uxth	r2, r3
34183c80:	0c1b      	lsrs	r3, r3, #16
34183c82:	931b      	str	r3, [sp, #108]	@ 0x6c
34183c84:	ea42 2302 	orr.w	r3, r2, r2, lsl #8
34183c88:	9326      	str	r3, [sp, #152]	@ 0x98
34183c8a:	9b58      	ldr	r3, [sp, #352]	@ 0x160
34183c8c:	921a      	str	r2, [sp, #104]	@ 0x68
34183c8e:	b29a      	uxth	r2, r3
34183c90:	0c1b      	lsrs	r3, r3, #16
34183c92:	9309      	str	r3, [sp, #36]	@ 0x24
34183c94:	ea42 2302 	orr.w	r3, r2, r2, lsl #8
34183c98:	9208      	str	r2, [sp, #32]
34183c9a:	9328      	str	r3, [sp, #160]	@ 0xa0
34183c9c:	9b59      	ldr	r3, [sp, #356]	@ 0x164
34183c9e:	b29a      	uxth	r2, r3
34183ca0:	0c1b      	lsrs	r3, r3, #16
34183ca2:	9301      	str	r3, [sp, #4]
34183ca4:	ea42 2302 	orr.w	r3, r2, r2, lsl #8
34183ca8:	932a      	str	r3, [sp, #168]	@ 0xa8
34183caa:	9b4b      	ldr	r3, [sp, #300]	@ 0x12c
34183cac:	9200      	str	r2, [sp, #0]
34183cae:	b29a      	uxth	r2, r3
34183cb0:	0c1b      	lsrs	r3, r3, #16
34183cb2:	930b      	str	r3, [sp, #44]	@ 0x2c
34183cb4:	9b4e      	ldr	r3, [sp, #312]	@ 0x138
34183cb6:	920a      	str	r2, [sp, #40]	@ 0x28
34183cb8:	b29a      	uxth	r2, r3
34183cba:	0c1b      	lsrs	r3, r3, #16
34183cbc:	930f      	str	r3, [sp, #60]	@ 0x3c
34183cbe:	9b4f      	ldr	r3, [sp, #316]	@ 0x13c
34183cc0:	920e      	str	r2, [sp, #56]	@ 0x38
34183cc2:	b29a      	uxth	r2, r3
34183cc4:	0c1b      	lsrs	r3, r3, #16
34183cc6:	9311      	str	r3, [sp, #68]	@ 0x44
34183cc8:	9b52      	ldr	r3, [sp, #328]	@ 0x148
34183cca:	9210      	str	r2, [sp, #64]	@ 0x40
34183ccc:	b29a      	uxth	r2, r3
34183cce:	0c1b      	lsrs	r3, r3, #16
34183cd0:	9317      	str	r3, [sp, #92]	@ 0x5c
34183cd2:	9b53      	ldr	r3, [sp, #332]	@ 0x14c
34183cd4:	9216      	str	r2, [sp, #88]	@ 0x58
34183cd6:	b29a      	uxth	r2, r3
34183cd8:	0c1b      	lsrs	r3, r3, #16
34183cda:	9218      	str	r2, [sp, #96]	@ 0x60
34183cdc:	9319      	str	r3, [sp, #100]	@ 0x64
34183cde:	b282      	uxth	r2, r0
34183ce0:	0c03      	lsrs	r3, r0, #16
34183ce2:	e9cd 2306 	strd	r2, r3, [sp, #24]
34183ce6:	9b02      	ldr	r3, [sp, #8]
34183ce8:	9a18      	ldr	r2, [sp, #96]	@ 0x60
34183cea:	ea43 2c03 	orr.w	ip, r3, r3, lsl #8
34183cee:	9b0a      	ldr	r3, [sp, #40]	@ 0x28
34183cf0:	9806      	ldr	r0, [sp, #24]
34183cf2:	ea43 2103 	orr.w	r1, r3, r3, lsl #8
34183cf6:	9b0e      	ldr	r3, [sp, #56]	@ 0x38
34183cf8:	f00c 1cff 	and.w	ip, ip, #16711935	@ 0xff00ff
34183cfc:	ea43 2303 	orr.w	r3, r3, r3, lsl #8
34183d00:	f003 17ff 	and.w	r7, r3, #16711935	@ 0xff00ff
34183d04:	9b10      	ldr	r3, [sp, #64]	@ 0x40
34183d06:	f001 11ff 	and.w	r1, r1, #16711935	@ 0xff00ff
34183d0a:	ea43 2303 	orr.w	r3, r3, r3, lsl #8
34183d0e:	f003 1eff 	and.w	lr, r3, #16711935	@ 0xff00ff
34183d12:	9b16      	ldr	r3, [sp, #88]	@ 0x58
34183d14:	ea43 2303 	orr.w	r3, r3, r3, lsl #8
34183d18:	f003 13ff 	and.w	r3, r3, #16711935	@ 0xff00ff
34183d1c:	932c      	str	r3, [sp, #176]	@ 0xb0
34183d1e:	ea42 2302 	orr.w	r3, r2, r2, lsl #8
34183d22:	f003 12ff 	and.w	r2, r3, #16711935	@ 0xff00ff
34183d26:	ea40 2300 	orr.w	r3, r0, r0, lsl #8
34183d2a:	f003 1aff 	and.w	sl, r3, #16711935	@ 0xff00ff
34183d2e:	ea48 2308 	orr.w	r3, r8, r8, lsl #8
34183d32:	f003 10ff 	and.w	r0, r3, #16711935	@ 0xff00ff
34183d36:	922e      	str	r2, [sp, #184]	@ 0xb8
34183d38:	462b      	mov	r3, r5
34183d3a:	4622      	mov	r2, r4
34183d3c:	ea52 230f 	lsll	r2, r3, #8
34183d40:	ea45 0403 	orr.w	r4, r5, r3
34183d44:	941d      	str	r4, [sp, #116]	@ 0x74
34183d46:	9030      	str	r0, [sp, #192]	@ 0xc0
34183d48:	e9dd 451c 	ldrd	r4, r5, [sp, #112]	@ 0x70
34183d4c:	ea54 250f 	lsll	r4, r5, #8
34183d50:	e9dd 230c 	ldrd	r2, r3, [sp, #48]	@ 0x30
34183d54:	e9cd 451c 	strd	r4, r5, [sp, #112]	@ 0x70
34183d58:	4614      	mov	r4, r2
34183d5a:	461d      	mov	r5, r3
34183d5c:	ea54 250f 	lsll	r4, r5, #8
34183d60:	ea43 0405 	orr.w	r4, r3, r5
34183d64:	941f      	str	r4, [sp, #124]	@ 0x7c
34183d66:	e9dd 451e 	ldrd	r4, r5, [sp, #120]	@ 0x78
34183d6a:	ea54 250f 	lsll	r4, r5, #8
34183d6e:	e9cd 450c 	strd	r4, r5, [sp, #48]	@ 0x30
34183d72:	e9dd 451c 	ldrd	r4, r5, [sp, #112]	@ 0x70
34183d76:	f004 22ff 	and.w	r2, r4, #4278255360	@ 0xff00ff00
34183d7a:	ea42 020c 	orr.w	r2, r2, ip
34183d7e:	f005 2bff 	and.w	fp, r5, #4278255360	@ 0xff00ff00
34183d82:	923a      	str	r2, [sp, #232]	@ 0xe8
34183d84:	e9dd 4512 	ldrd	r4, r5, [sp, #72]	@ 0x48
34183d88:	4622      	mov	r2, r4
34183d8a:	462b      	mov	r3, r5
34183d8c:	ea52 230f 	lsll	r2, r3, #8
34183d90:	ea45 0403 	orr.w	r4, r5, r3
34183d94:	9421      	str	r4, [sp, #132]	@ 0x84
34183d96:	e9dd 4520 	ldrd	r4, r5, [sp, #128]	@ 0x80
34183d9a:	ea54 250f 	lsll	r4, r5, #8
34183d9e:	9b0c      	ldr	r3, [sp, #48]	@ 0x30
34183da0:	e9cd 4512 	strd	r4, r5, [sp, #72]	@ 0x48
34183da4:	f003 24ff 	and.w	r4, r3, #4278255360	@ 0xff00ff00
34183da8:	9b0d      	ldr	r3, [sp, #52]	@ 0x34
34183daa:	430c      	orrs	r4, r1
34183dac:	f003 2cff 	and.w	ip, r3, #4278255360	@ 0xff00ff00
34183db0:	9442      	str	r4, [sp, #264]	@ 0x108
34183db2:	e9dd 2314 	ldrd	r2, r3, [sp, #80]	@ 0x50
34183db6:	4614      	mov	r4, r2
34183db8:	461d      	mov	r5, r3
34183dba:	ea54 250f 	lsll	r4, r5, #8
34183dbe:	ea43 0105 	orr.w	r1, r3, r5
34183dc2:	9b12      	ldr	r3, [sp, #72]	@ 0x48
34183dc4:	9123      	str	r1, [sp, #140]	@ 0x8c
34183dc6:	f003 22ff 	and.w	r2, r3, #4278255360	@ 0xff00ff00
34183dca:	9b13      	ldr	r3, [sp, #76]	@ 0x4c
34183dcc:	433a      	orrs	r2, r7
34183dce:	f003 21ff 	and.w	r1, r3, #4278255360	@ 0xff00ff00
34183dd2:	923c      	str	r2, [sp, #240]	@ 0xf0
34183dd4:	e9dd 2304 	ldrd	r2, r3, [sp, #16]
34183dd8:	ea52 230f 	lsll	r2, r3, #8
34183ddc:	e9dd 4522 	ldrd	r4, r5, [sp, #136]	@ 0x88
34183de0:	9f05      	ldr	r7, [sp, #20]
34183de2:	ea54 250f 	lsll	r4, r5, #8
34183de6:	431f      	orrs	r7, r3
34183de8:	9725      	str	r7, [sp, #148]	@ 0x94
34183dea:	e9dd 2324 	ldrd	r2, r3, [sp, #144]	@ 0x90
34183dee:	ea52 230f 	lsll	r2, r3, #8
34183df2:	9112      	str	r1, [sp, #72]	@ 0x48
34183df4:	f004 21ff 	and.w	r1, r4, #4278255360	@ 0xff00ff00
34183df8:	f005 24ff 	and.w	r4, r5, #4278255360	@ 0xff00ff00
34183dfc:	e9cd 230c 	strd	r2, r3, [sp, #48]	@ 0x30
34183e00:	e9dd 231a 	ldrd	r2, r3, [sp, #104]	@ 0x68
34183e04:	9414      	str	r4, [sp, #80]	@ 0x50
34183e06:	461d      	mov	r5, r3
34183e08:	4614      	mov	r4, r2
34183e0a:	461f      	mov	r7, r3
34183e0c:	ea54 250f 	lsll	r4, r5, #8
34183e10:	432f      	orrs	r7, r5
34183e12:	9727      	str	r7, [sp, #156]	@ 0x9c
34183e14:	e9dd 2326 	ldrd	r2, r3, [sp, #152]	@ 0x98
34183e18:	ea52 230f 	lsll	r2, r3, #8
34183e1c:	ea41 010e 	orr.w	r1, r1, lr
34183e20:	9144      	str	r1, [sp, #272]	@ 0x110
34183e22:	e9cd 2304 	strd	r2, r3, [sp, #16]
34183e26:	e9dd 450c 	ldrd	r4, r5, [sp, #48]	@ 0x30
34183e2a:	9b2c      	ldr	r3, [sp, #176]	@ 0xb0
34183e2c:	f004 22ff 	and.w	r2, r4, #4278255360	@ 0xff00ff00
34183e30:	431a      	orrs	r2, r3
34183e32:	f005 21ff 	and.w	r1, r5, #4278255360	@ 0xff00ff00
34183e36:	923e      	str	r2, [sp, #248]	@ 0xf8
34183e38:	e9dd 4508 	ldrd	r4, r5, [sp, #32]
34183e3c:	4622      	mov	r2, r4
34183e3e:	462b      	mov	r3, r5
34183e40:	ea52 230f 	lsll	r2, r3, #8
34183e44:	432b      	orrs	r3, r5
34183e46:	9d05      	ldr	r5, [sp, #20]
34183e48:	9c04      	ldr	r4, [sp, #16]
34183e4a:	f005 27ff 	and.w	r7, r5, #4278255360	@ 0xff00ff00
34183e4e:	9d2e      	ldr	r5, [sp, #184]	@ 0xb8
34183e50:	f004 24ff 	and.w	r4, r4, #4278255360	@ 0xff00ff00
34183e54:	432c      	orrs	r4, r5
34183e56:	9446      	str	r4, [sp, #280]	@ 0x118
34183e58:	e9dd 4500 	ldrd	r4, r5, [sp]
34183e5c:	ea54 250f 	lsll	r4, r5, #8
34183e60:	9704      	str	r7, [sp, #16]
34183e62:	9f01      	ldr	r7, [sp, #4]
34183e64:	9329      	str	r3, [sp, #164]	@ 0xa4
34183e66:	ea47 0405 	orr.w	r4, r7, r5
34183e6a:	942b      	str	r4, [sp, #172]	@ 0xac
34183e6c:	e9dd 452a 	ldrd	r4, r5, [sp, #168]	@ 0xa8
34183e70:	ea54 250f 	lsll	r4, r5, #8
34183e74:	e9dd 2328 	ldrd	r2, r3, [sp, #160]	@ 0xa0
34183e78:	ea52 230f 	lsll	r2, r3, #8
34183e7c:	e9cd 4500 	strd	r4, r5, [sp]
34183e80:	e9dd 4502 	ldrd	r4, r5, [sp, #8]
34183e84:	ea54 250f 	lsll	r4, r5, #8
34183e88:	f002 2eff 	and.w	lr, r2, #4278255360	@ 0xff00ff00
34183e8c:	f003 22ff 	and.w	r2, r3, #4278255360	@ 0xff00ff00
34183e90:	ea4e 030a 	orr.w	r3, lr, sl
34183e94:	9340      	str	r3, [sp, #256]	@ 0x100
34183e96:	9b03      	ldr	r3, [sp, #12]
34183e98:	a83a      	add	r0, sp, #232	@ 0xe8
34183e9a:	432b      	orrs	r3, r5
34183e9c:	f003 13ff 	and.w	r3, r3, #16711935	@ 0xff00ff
34183ea0:	9d30      	ldr	r5, [sp, #192]	@ 0xc0
34183ea2:	ea4b 0303 	orr.w	r3, fp, r3
34183ea6:	e9dd ab00 	ldrd	sl, fp, [sp]
34183eaa:	f00a 24ff 	and.w	r4, sl, #4278255360	@ 0xff00ff00
34183eae:	432c      	orrs	r4, r5
34183eb0:	933b      	str	r3, [sp, #236]	@ 0xec
34183eb2:	9448      	str	r4, [sp, #288]	@ 0x120
34183eb4:	f00b 23ff 	and.w	r3, fp, #4278255360	@ 0xff00ff00
34183eb8:	e9dd ab0a 	ldrd	sl, fp, [sp, #40]	@ 0x28
34183ebc:	4654      	mov	r4, sl
34183ebe:	465d      	mov	r5, fp
34183ec0:	ea54 250f 	lsll	r4, r5, #8
34183ec4:	ea4b 0405 	orr.w	r4, fp, r5
34183ec8:	f004 14ff 	and.w	r4, r4, #16711935	@ 0xff00ff
34183ecc:	ea4c 0404 	orr.w	r4, ip, r4
34183ed0:	e9dd ab0e 	ldrd	sl, fp, [sp, #56]	@ 0x38
34183ed4:	9443      	str	r4, [sp, #268]	@ 0x10c
34183ed6:	465d      	mov	r5, fp
34183ed8:	4654      	mov	r4, sl
34183eda:	ea54 250f 	lsll	r4, r5, #8
34183ede:	ea4b 0405 	orr.w	r4, fp, r5
34183ee2:	9d12      	ldr	r5, [sp, #72]	@ 0x48
34183ee4:	f004 14ff 	and.w	r4, r4, #16711935	@ 0xff00ff
34183ee8:	432c      	orrs	r4, r5
34183eea:	e9dd ab10 	ldrd	sl, fp, [sp, #64]	@ 0x40
34183eee:	943d      	str	r4, [sp, #244]	@ 0xf4
34183ef0:	465d      	mov	r5, fp
34183ef2:	4654      	mov	r4, sl
34183ef4:	ea54 250f 	lsll	r4, r5, #8
34183ef8:	ea4b 0405 	orr.w	r4, fp, r5
34183efc:	9d14      	ldr	r5, [sp, #80]	@ 0x50
34183efe:	f004 14ff 	and.w	r4, r4, #16711935	@ 0xff00ff
34183f02:	432c      	orrs	r4, r5
34183f04:	e9dd ab16 	ldrd	sl, fp, [sp, #88]	@ 0x58
34183f08:	9445      	str	r4, [sp, #276]	@ 0x114
34183f0a:	465d      	mov	r5, fp
34183f0c:	4654      	mov	r4, sl
34183f0e:	ea54 250f 	lsll	r4, r5, #8
34183f12:	ea4b 0405 	orr.w	r4, fp, r5
34183f16:	f004 14ff 	and.w	r4, r4, #16711935	@ 0xff00ff
34183f1a:	4321      	orrs	r1, r4
34183f1c:	913f      	str	r1, [sp, #252]	@ 0xfc
34183f1e:	e9dd ab18 	ldrd	sl, fp, [sp, #96]	@ 0x60
34183f22:	4654      	mov	r4, sl
34183f24:	465d      	mov	r5, fp
34183f26:	ea54 250f 	lsll	r4, r5, #8
34183f2a:	ea4b 0105 	orr.w	r1, fp, r5
34183f2e:	e9dd ab06 	ldrd	sl, fp, [sp, #24]
34183f32:	465d      	mov	r5, fp
34183f34:	4654      	mov	r4, sl
34183f36:	ea54 250f 	lsll	r4, r5, #8
34183f3a:	9f04      	ldr	r7, [sp, #16]
34183f3c:	f001 11ff 	and.w	r1, r1, #16711935	@ 0xff00ff
34183f40:	430f      	orrs	r7, r1
34183f42:	4644      	mov	r4, r8
34183f44:	ea4b 0105 	orr.w	r1, fp, r5
34183f48:	464d      	mov	r5, r9
34183f4a:	ea54 250f 	lsll	r4, r5, #8
34183f4e:	f001 11ff 	and.w	r1, r1, #16711935	@ 0xff00ff
34183f52:	430a      	orrs	r2, r1
34183f54:	9241      	str	r2, [sp, #260]	@ 0x104
34183f56:	ea49 0205 	orr.w	r2, r9, r5
34183f5a:	f002 12ff 	and.w	r2, r2, #16711935	@ 0xff00ff
34183f5e:	4313      	orrs	r3, r2
34183f60:	9747      	str	r7, [sp, #284]	@ 0x11c
34183f62:	9349      	str	r3, [sp, #292]	@ 0x124
34183f64:	f7ff fc4a 	bl	341837fc <br_aes_ct64_ortho>
34183f68:	e9dd 123a 	ldrd	r1, r2, [sp, #232]	@ 0xe8
34183f6c:	e9dd 343c 	ldrd	r3, r4, [sp, #240]	@ 0xf0
34183f70:	e9dd 573e 	ldrd	r5, r7, [sp, #248]	@ 0xf8
34183f74:	6830      	ldr	r0, [r6, #0]
34183f76:	46b3      	mov	fp, r6
34183f78:	4041      	eors	r1, r0
34183f7a:	913a      	str	r1, [sp, #232]	@ 0xe8
34183f7c:	6871      	ldr	r1, [r6, #4]
34183f7e:	404a      	eors	r2, r1
34183f80:	923b      	str	r2, [sp, #236]	@ 0xec
34183f82:	68b2      	ldr	r2, [r6, #8]
34183f84:	4053      	eors	r3, r2
34183f86:	933c      	str	r3, [sp, #240]	@ 0xf0
34183f88:	68f3      	ldr	r3, [r6, #12]
34183f8a:	9a40      	ldr	r2, [sp, #256]	@ 0x100
34183f8c:	405c      	eors	r4, r3
34183f8e:	6933      	ldr	r3, [r6, #16]
34183f90:	943d      	str	r4, [sp, #244]	@ 0xf4
34183f92:	405d      	eors	r5, r3
34183f94:	6973      	ldr	r3, [r6, #20]
34183f96:	953e      	str	r5, [sp, #248]	@ 0xf8
34183f98:	405f      	eors	r7, r3
34183f9a:	69b3      	ldr	r3, [r6, #24]
34183f9c:	973f      	str	r7, [sp, #252]	@ 0xfc
34183f9e:	4053      	eors	r3, r2
34183fa0:	9340      	str	r3, [sp, #256]	@ 0x100
34183fa2:	9a41      	ldr	r2, [sp, #260]	@ 0x104
34183fa4:	69f3      	ldr	r3, [r6, #28]
34183fa6:	4053      	eors	r3, r2
34183fa8:	9341      	str	r3, [sp, #260]	@ 0x104
34183faa:	9a42      	ldr	r2, [sp, #264]	@ 0x108
34183fac:	6a33      	ldr	r3, [r6, #32]
34183fae:	4053      	eors	r3, r2
34183fb0:	9342      	str	r3, [sp, #264]	@ 0x108
34183fb2:	9a43      	ldr	r2, [sp, #268]	@ 0x10c
34183fb4:	6a73      	ldr	r3, [r6, #36]	@ 0x24
34183fb6:	4053      	eors	r3, r2
34183fb8:	9343      	str	r3, [sp, #268]	@ 0x10c
34183fba:	e9dd 3144 	ldrd	r3, r1, [sp, #272]	@ 0x110
34183fbe:	6ab2      	ldr	r2, [r6, #40]	@ 0x28
34183fc0:	6af0      	ldr	r0, [r6, #44]	@ 0x2c
34183fc2:	4053      	eors	r3, r2
34183fc4:	4041      	eors	r1, r0
34183fc6:	9145      	str	r1, [sp, #276]	@ 0x114
34183fc8:	6b31      	ldr	r1, [r6, #48]	@ 0x30
34183fca:	9344      	str	r3, [sp, #272]	@ 0x110
34183fcc:	e9dd 2346 	ldrd	r2, r3, [sp, #280]	@ 0x118
34183fd0:	404a      	eors	r2, r1
34183fd2:	9246      	str	r2, [sp, #280]	@ 0x118
34183fd4:	6b72      	ldr	r2, [r6, #52]	@ 0x34
34183fd6:	e9dd 4548 	ldrd	r4, r5, [sp, #288]	@ 0x120
34183fda:	4053      	eors	r3, r2
34183fdc:	9347      	str	r3, [sp, #284]	@ 0x11c
34183fde:	6bb3      	ldr	r3, [r6, #56]	@ 0x38
34183fe0:	9634      	str	r6, [sp, #208]	@ 0xd0
34183fe2:	405c      	eors	r4, r3
34183fe4:	6bf3      	ldr	r3, [r6, #60]	@ 0x3c
34183fe6:	9448      	str	r4, [sp, #288]	@ 0x120
34183fe8:	405d      	eors	r5, r3
34183fea:	f506 7350 	add.w	r3, r6, #832	@ 0x340
34183fee:	9549      	str	r5, [sp, #292]	@ 0x124
34183ff0:	9332      	str	r3, [sp, #200]	@ 0xc8
34183ff2:	a83a      	add	r0, sp, #232	@ 0xe8
34183ff4:	f7ff f98c 	bl	34183310 <br_aes_ct64_bitslice_Sbox>
34183ff8:	e9dd 233a 	ldrd	r2, r3, [sp, #232]	@ 0xe8
34183ffc:	4616      	mov	r6, r2
34183ffe:	461f      	mov	r7, r3
34184000:	4614      	mov	r4, r2
34184002:	461d      	mov	r5, r3
34184004:	ea56 271f 	lsrl	r6, r7, #8
34184008:	ea54 250f 	lsll	r4, r5, #8
3418400c:	4610      	mov	r0, r2
3418400e:	4619      	mov	r1, r3
34184010:	f405 447f 	and.w	r4, r5, #65280	@ 0xff00
34184014:	ea50 111f 	lsrl	r0, r1, #4
34184018:	f007 01ff 	and.w	r1, r7, #255	@ 0xff
3418401c:	4321      	orrs	r1, r4
3418401e:	461d      	mov	r5, r3
34184020:	4614      	mov	r4, r2
34184022:	4616      	mov	r6, r2
34184024:	461f      	mov	r7, r3
34184026:	4680      	mov	r8, r0
34184028:	ea54 350f 	lsll	r4, r5, #12
3418402c:	ea56 371f 	lsrl	r6, r7, #12
34184030:	48de      	ldr	r0, [pc, #888]	@ (341843ac <aes_ecb4x.constprop.0+0x7b8>)
34184032:	f407 2570 	and.w	r5, r7, #983040	@ 0xf0000
34184036:	ea08 0000 	and.w	r0, r8, r0
3418403a:	46a0      	mov	r8, r4
3418403c:	430d      	orrs	r5, r1
3418403e:	b291      	uxth	r1, r2
34184040:	ea52 130f 	lsll	r2, r3, #4
34184044:	f008 4470 	and.w	r4, r8, #4026531840	@ 0xf0000000
34184048:	4320      	orrs	r0, r4
3418404a:	ea40 0201 	orr.w	r2, r0, r1
3418404e:	0d1b      	lsrs	r3, r3, #20
34184050:	0c00      	lsrs	r0, r0, #16
34184052:	eb00 4405 	add.w	r4, r0, r5, lsl #16
34184056:	051b      	lsls	r3, r3, #20
34184058:	ea84 0602 	eor.w	r6, r4, r2
3418405c:	431d      	orrs	r5, r3
3418405e:	e9dd 233c 	ldrd	r2, r3, [sp, #240]	@ 0xf0
34184062:	ea52 131f 	lsrl	r2, r3, #4
34184066:	f8bd 30f0 	ldrh.w	r3, [sp, #240]	@ 0xf0
3418406a:	f8db 7048 	ldr.w	r7, [fp, #72]	@ 0x48
3418406e:	9306      	str	r3, [sp, #24]
34184070:	0c2b      	lsrs	r3, r5, #16
34184072:	eb03 4001 	add.w	r0, r3, r1, lsl #16
34184076:	f8db 1040 	ldr.w	r1, [fp, #64]	@ 0x40
3418407a:	ea80 0305 	eor.w	r3, r0, r5
3418407e:	911c      	str	r1, [sp, #112]	@ 0x70
34184080:	f8db 1050 	ldr.w	r1, [fp, #80]	@ 0x50
34184084:	4690      	mov	r8, r2
34184086:	9304      	str	r3, [sp, #16]
34184088:	f8db 2058 	ldr.w	r2, [fp, #88]	@ 0x58
3418408c:	f8db 304c 	ldr.w	r3, [fp, #76]	@ 0x4c
34184090:	9720      	str	r7, [sp, #128]	@ 0x80
34184092:	9124      	str	r1, [sp, #144]	@ 0x90
34184094:	f8db 7054 	ldr.w	r7, [fp, #84]	@ 0x54
34184098:	f8db 1060 	ldr.w	r1, [fp, #96]	@ 0x60
3418409c:	f8db 5044 	ldr.w	r5, [fp, #68]	@ 0x44
341840a0:	9322      	str	r3, [sp, #136]	@ 0x88
341840a2:	9726      	str	r7, [sp, #152]	@ 0x98
341840a4:	f8db 305c 	ldr.w	r3, [fp, #92]	@ 0x5c
341840a8:	f8db 7064 	ldr.w	r7, [fp, #100]	@ 0x64
341840ac:	9228      	str	r2, [sp, #160]	@ 0xa0
341840ae:	912c      	str	r1, [sp, #176]	@ 0xb0
341840b0:	f8db 2068 	ldr.w	r2, [fp, #104]	@ 0x68
341840b4:	f8db 106c 	ldr.w	r1, [fp, #108]	@ 0x6c
341840b8:	9400      	str	r4, [sp, #0]
341840ba:	9610      	str	r6, [sp, #64]	@ 0x40
341840bc:	951e      	str	r5, [sp, #120]	@ 0x78
341840be:	932a      	str	r3, [sp, #168]	@ 0xa8
341840c0:	972e      	str	r7, [sp, #184]	@ 0xb8
341840c2:	9230      	str	r2, [sp, #192]	@ 0xc0
341840c4:	9002      	str	r0, [sp, #8]
341840c6:	9131      	str	r1, [sp, #196]	@ 0xc4
341840c8:	e9dd 0140 	ldrd	r0, r1, [sp, #256]	@ 0x100
341840cc:	b283      	uxth	r3, r0
341840ce:	9308      	str	r3, [sp, #32]
341840d0:	e9dd 233c 	ldrd	r2, r3, [sp, #240]	@ 0xf0
341840d4:	ea52 231f 	lsrl	r2, r3, #8
341840d8:	f8bd 5120 	ldrh.w	r5, [sp, #288]	@ 0x120
341840dc:	f8df c2cc 	ldr.w	ip, [pc, #716]	@ 341843ac <aes_ecb4x.constprop.0+0x7b8>
341840e0:	950e      	str	r5, [sp, #56]	@ 0x38
341840e2:	f003 05ff 	and.w	r5, r3, #255	@ 0xff
341840e6:	e9dd 233c 	ldrd	r2, r3, [sp, #240]	@ 0xf0
341840ea:	ea52 230f 	lsll	r2, r3, #8
341840ee:	f403 437f 	and.w	r3, r3, #65280	@ 0xff00
341840f2:	4602      	mov	r2, r0
341840f4:	431d      	orrs	r5, r3
341840f6:	460b      	mov	r3, r1
341840f8:	ea52 231f 	lsrl	r2, r3, #8
341840fc:	4602      	mov	r2, r0
341840fe:	f003 04ff 	and.w	r4, r3, #255	@ 0xff
34184102:	460b      	mov	r3, r1
34184104:	ea52 230f 	lsll	r2, r3, #8
34184108:	f403 437f 	and.w	r3, r3, #65280	@ 0xff00
3418410c:	431c      	orrs	r4, r3
3418410e:	e9dd 2342 	ldrd	r2, r3, [sp, #264]	@ 0x108
34184112:	ea52 231f 	lsrl	r2, r3, #8
34184116:	f003 06ff 	and.w	r6, r3, #255	@ 0xff
3418411a:	e9dd 2342 	ldrd	r2, r3, [sp, #264]	@ 0x108
3418411e:	ea52 230f 	lsll	r2, r3, #8
34184122:	f403 437f 	and.w	r3, r3, #65280	@ 0xff00
34184126:	431e      	orrs	r6, r3
34184128:	e9dd 2348 	ldrd	r2, r3, [sp, #288]	@ 0x120
3418412c:	ea52 231f 	lsrl	r2, r3, #8
34184130:	f003 07ff 	and.w	r7, r3, #255	@ 0xff
34184134:	e9dd 2348 	ldrd	r2, r3, [sp, #288]	@ 0x120
34184138:	ea52 230f 	lsll	r2, r3, #8
3418413c:	f403 437f 	and.w	r3, r3, #65280	@ 0xff00
34184140:	ea47 0e03 	orr.w	lr, r7, r3
34184144:	e9dd 233c 	ldrd	r2, r3, [sp, #240]	@ 0xf0
34184148:	ea52 331f 	lsrl	r2, r3, #12
3418414c:	f403 2370 	and.w	r3, r3, #983040	@ 0xf0000
34184150:	431d      	orrs	r5, r3
34184152:	e9dd 233e 	ldrd	r2, r3, [sp, #248]	@ 0xf8
34184156:	ea52 231f 	lsrl	r2, r3, #8
3418415a:	f8bd 70f8 	ldrh.w	r7, [sp, #248]	@ 0xf8
3418415e:	ea08 0c0c 	and.w	ip, r8, ip
34184162:	9714      	str	r7, [sp, #80]	@ 0x50
34184164:	f003 07ff 	and.w	r7, r3, #255	@ 0xff
34184168:	e9dd 233e 	ldrd	r2, r3, [sp, #248]	@ 0xf8
3418416c:	ea52 230f 	lsll	r2, r3, #8
34184170:	e9dd 893c 	ldrd	r8, r9, [sp, #240]	@ 0xf0
34184174:	f403 437f 	and.w	r3, r3, #65280	@ 0xff00
34184178:	4602      	mov	r2, r0
3418417a:	431f      	orrs	r7, r3
3418417c:	460b      	mov	r3, r1
3418417e:	ea52 331f 	lsrl	r2, r3, #12
34184182:	f403 2370 	and.w	r3, r3, #983040	@ 0xf0000
34184186:	431c      	orrs	r4, r3
34184188:	e9dd 2342 	ldrd	r2, r3, [sp, #264]	@ 0x108
3418418c:	ea52 331f 	lsrl	r2, r3, #12
34184190:	f403 2370 	and.w	r3, r3, #983040	@ 0xf0000
34184194:	431e      	orrs	r6, r3
34184196:	e9dd 2348 	ldrd	r2, r3, [sp, #288]	@ 0x120
3418419a:	ea52 331f 	lsrl	r2, r3, #12
3418419e:	f8bd 2110 	ldrh.w	r2, [sp, #272]	@ 0x110
341841a2:	f403 2370 	and.w	r3, r3, #983040	@ 0xf0000
341841a6:	ea4e 0e03 	orr.w	lr, lr, r3
341841aa:	9218      	str	r2, [sp, #96]	@ 0x60
341841ac:	e9dd 233c 	ldrd	r2, r3, [sp, #240]	@ 0xf0
341841b0:	ea52 330f 	lsll	r2, r3, #12
341841b4:	ea58 190f 	lsll	r8, r9, #4
341841b8:	f002 4270 	and.w	r2, r2, #4026531840	@ 0xf0000000
341841bc:	ea4f 5319 	mov.w	r3, r9, lsr #20
341841c0:	ea4c 0202 	orr.w	r2, ip, r2
341841c4:	ea4f 4c12 	mov.w	ip, r2, lsr #16
341841c8:	051b      	lsls	r3, r3, #20
341841ca:	432b      	orrs	r3, r5
341841cc:	eb0c 4c05 	add.w	ip, ip, r5, lsl #16
341841d0:	9d06      	ldr	r5, [sp, #24]
341841d2:	f8bd a108 	ldrh.w	sl, [sp, #264]	@ 0x108
341841d6:	432a      	orrs	r2, r5
341841d8:	ea8c 0202 	eor.w	r2, ip, r2
341841dc:	9212      	str	r2, [sp, #72]	@ 0x48
341841de:	0c1a      	lsrs	r2, r3, #16
341841e0:	eb02 4805 	add.w	r8, r2, r5, lsl #16
341841e4:	ea88 0303 	eor.w	r3, r8, r3
341841e8:	9306      	str	r3, [sp, #24]
341841ea:	e9dd 233e 	ldrd	r2, r3, [sp, #248]	@ 0xf8
341841ee:	ea52 331f 	lsrl	r2, r3, #12
341841f2:	f403 2370 	and.w	r3, r3, #983040	@ 0xf0000
341841f6:	431f      	orrs	r7, r3
341841f8:	4602      	mov	r2, r0
341841fa:	460b      	mov	r3, r1
341841fc:	ea52 131f 	lsrl	r2, r3, #4
34184200:	4d6a      	ldr	r5, [pc, #424]	@ (341843ac <aes_ecb4x.constprop.0+0x7b8>)
34184202:	460b      	mov	r3, r1
34184204:	4015      	ands	r5, r2
34184206:	4602      	mov	r2, r0
34184208:	ea52 330f 	lsll	r2, r3, #12
3418420c:	ea50 110f 	lsll	r0, r1, #4
34184210:	f002 4270 	and.w	r2, r2, #4026531840	@ 0xf0000000
34184214:	9808      	ldr	r0, [sp, #32]
34184216:	ea45 0302 	orr.w	r3, r5, r2
3418421a:	0c1a      	lsrs	r2, r3, #16
3418421c:	eb02 4204 	add.w	r2, r2, r4, lsl #16
34184220:	4303      	orrs	r3, r0
34184222:	f36f 0113 	bfc	r1, #0, #20
34184226:	4321      	orrs	r1, r4
34184228:	4053      	eors	r3, r2
3418422a:	9308      	str	r3, [sp, #32]
3418422c:	0c0b      	lsrs	r3, r1, #16
3418422e:	eb03 4300 	add.w	r3, r3, r0, lsl #16
34184232:	ea83 0901 	eor.w	r9, r3, r1
34184236:	e9dd 0142 	ldrd	r0, r1, [sp, #264]	@ 0x108
3418423a:	ea50 111f 	lsrl	r0, r1, #4
3418423e:	e9dd 4542 	ldrd	r4, r5, [sp, #264]	@ 0x108
34184242:	9716      	str	r7, [sp, #88]	@ 0x58
34184244:	ea54 350f 	lsll	r4, r5, #12
34184248:	4f58      	ldr	r7, [pc, #352]	@ (341843ac <aes_ecb4x.constprop.0+0x7b8>)
3418424a:	f004 4470 	and.w	r4, r4, #4026531840	@ 0xf0000000
3418424e:	4007      	ands	r7, r0
34184250:	e9dd 0142 	ldrd	r0, r1, [sp, #264]	@ 0x108
34184254:	ea50 110f 	lsll	r0, r1, #4
34184258:	433c      	orrs	r4, r7
3418425a:	0d0d      	lsrs	r5, r1, #20
3418425c:	0c20      	lsrs	r0, r4, #16
3418425e:	eb00 4006 	add.w	r0, r0, r6, lsl #16
34184262:	ea44 040a 	orr.w	r4, r4, sl
34184266:	052d      	lsls	r5, r5, #20
34184268:	ea80 0104 	eor.w	r1, r0, r4
3418426c:	4335      	orrs	r5, r6
3418426e:	910a      	str	r1, [sp, #40]	@ 0x28
34184270:	0c29      	lsrs	r1, r5, #16
34184272:	eb01 410a 	add.w	r1, r1, sl, lsl #16
34184276:	404d      	eors	r5, r1
34184278:	950c      	str	r5, [sp, #48]	@ 0x30
3418427a:	e9dd 4544 	ldrd	r4, r5, [sp, #272]	@ 0x110
3418427e:	ea54 251f 	lsrl	r4, r5, #8
34184282:	f005 06ff 	and.w	r6, r5, #255	@ 0xff
34184286:	e9dd 4544 	ldrd	r4, r5, [sp, #272]	@ 0x110
3418428a:	ea54 250f 	lsll	r4, r5, #8
3418428e:	f405 447f 	and.w	r4, r5, #65280	@ 0xff00
34184292:	ea46 0704 	orr.w	r7, r6, r4
34184296:	e9dd 4548 	ldrd	r4, r5, [sp, #288]	@ 0x120
3418429a:	ea54 151f 	lsrl	r4, r5, #4
3418429e:	f8df a10c 	ldr.w	sl, [pc, #268]	@ 341843ac <aes_ecb4x.constprop.0+0x7b8>
341842a2:	971a      	str	r7, [sp, #104]	@ 0x68
341842a4:	ea04 0a0a 	and.w	sl, r4, sl
341842a8:	e9dd 4548 	ldrd	r4, r5, [sp, #288]	@ 0x120
341842ac:	ea54 350f 	lsll	r4, r5, #12
341842b0:	e9dd 6748 	ldrd	r6, r7, [sp, #288]	@ 0x120
341842b4:	ea56 170f 	lsll	r6, r7, #4
341842b8:	f004 4470 	and.w	r4, r4, #4026531840	@ 0xf0000000
341842bc:	ea4a 0404 	orr.w	r4, sl, r4
341842c0:	0c26      	lsrs	r6, r4, #16
341842c2:	0d3d      	lsrs	r5, r7, #20
341842c4:	eb06 470e 	add.w	r7, r6, lr, lsl #16
341842c8:	9e0e      	ldr	r6, [sp, #56]	@ 0x38
341842ca:	407a      	eors	r2, r7
341842cc:	4334      	orrs	r4, r6
341842ce:	ea8c 0c07 	eor.w	ip, ip, r7
341842d2:	4078      	eors	r0, r7
341842d4:	052d      	lsls	r5, r5, #20
341842d6:	ea4e 0505 	orr.w	r5, lr, r5
341842da:	ea8c 0c04 	eor.w	ip, ip, r4
341842de:	ea82 0e04 	eor.w	lr, r2, r4
341842e2:	4060      	eors	r0, r4
341842e4:	ea87 0204 	eor.w	r2, r7, r4
341842e8:	9c00      	ldr	r4, [sp, #0]
341842ea:	9200      	str	r2, [sp, #0]
341842ec:	4054      	eors	r4, r2
341842ee:	9a08      	ldr	r2, [sp, #32]
341842f0:	9e10      	ldr	r6, [sp, #64]	@ 0x40
341842f2:	4050      	eors	r0, r2
341842f4:	9a04      	ldr	r2, [sp, #16]
341842f6:	ea8c 0c06 	eor.w	ip, ip, r6
341842fa:	4054      	eors	r4, r2
341842fc:	9a1c      	ldr	r2, [sp, #112]	@ 0x70
341842fe:	f10b 0b40 	add.w	fp, fp, #64	@ 0x40
34184302:	4054      	eors	r4, r2
34184304:	943a      	str	r4, [sp, #232]	@ 0xe8
34184306:	9c06      	ldr	r4, [sp, #24]
34184308:	9a04      	ldr	r2, [sp, #16]
3418430a:	ea8c 0c04 	eor.w	ip, ip, r4
3418430e:	9c20      	ldr	r4, [sp, #128]	@ 0x80
34184310:	ea8c 0404 	eor.w	r4, ip, r4
34184314:	943c      	str	r4, [sp, #240]	@ 0xf0
34184316:	9c0c      	ldr	r4, [sp, #48]	@ 0x30
34184318:	f8df c090 	ldr.w	ip, [pc, #144]	@ 341843ac <aes_ecb4x.constprop.0+0x7b8>
3418431c:	4060      	eors	r0, r4
3418431e:	9c2c      	ldr	r4, [sp, #176]	@ 0xb0
34184320:	4060      	eors	r0, r4
34184322:	9c0e      	ldr	r4, [sp, #56]	@ 0x38
34184324:	9042      	str	r0, [sp, #264]	@ 0x108
34184326:	0c28      	lsrs	r0, r5, #16
34184328:	eb00 4a04 	add.w	sl, r0, r4, lsl #16
3418432c:	9802      	ldr	r0, [sp, #8]
3418432e:	ea8a 0405 	eor.w	r4, sl, r5
34184332:	ea88 080a 	eor.w	r8, r8, sl
34184336:	ea83 030a 	eor.w	r3, r3, sl
3418433a:	ea81 010a 	eor.w	r1, r1, sl
3418433e:	ea88 0805 	eor.w	r8, r8, r5
34184342:	406b      	eors	r3, r5
34184344:	4069      	eors	r1, r5
34184346:	4060      	eors	r0, r4
34184348:	9d1e      	ldr	r5, [sp, #120]	@ 0x78
3418434a:	4070      	eors	r0, r6
3418434c:	4068      	eors	r0, r5
3418434e:	ea88 0802 	eor.w	r8, r8, r2
34184352:	9a12      	ldr	r2, [sp, #72]	@ 0x48
34184354:	903b      	str	r0, [sp, #236]	@ 0xec
34184356:	9822      	ldr	r0, [sp, #136]	@ 0x88
34184358:	ea88 0802 	eor.w	r8, r8, r2
3418435c:	ea88 0000 	eor.w	r0, r8, r0
34184360:	903d      	str	r0, [sp, #244]	@ 0xf4
34184362:	980a      	ldr	r0, [sp, #40]	@ 0x28
34184364:	ea81 0109 	eor.w	r1, r1, r9
34184368:	4041      	eors	r1, r0
3418436a:	982e      	ldr	r0, [sp, #184]	@ 0xb8
3418436c:	9402      	str	r4, [sp, #8]
3418436e:	4041      	eors	r1, r0
34184370:	9143      	str	r1, [sp, #268]	@ 0x10c
34184372:	e9dd 013e 	ldrd	r0, r1, [sp, #248]	@ 0xf8
34184376:	ea50 111f 	lsrl	r0, r1, #4
3418437a:	e9dd 453e 	ldrd	r4, r5, [sp, #248]	@ 0xf8
3418437e:	4e0b      	ldr	r6, [pc, #44]	@ (341843ac <aes_ecb4x.constprop.0+0x7b8>)
34184380:	ea54 150f 	lsll	r4, r5, #4
34184384:	4006      	ands	r6, r0
34184386:	e9dd 013e 	ldrd	r0, r1, [sp, #248]	@ 0xf8
3418438a:	ea50 310f 	lsll	r0, r1, #12
3418438e:	f000 4070 	and.w	r0, r0, #4026531840	@ 0xf0000000
34184392:	4330      	orrs	r0, r6
34184394:	0d29      	lsrs	r1, r5, #20
34184396:	9e16      	ldr	r6, [sp, #88]	@ 0x58
34184398:	9d14      	ldr	r5, [sp, #80]	@ 0x50
3418439a:	0509      	lsls	r1, r1, #20
3418439c:	ea46 0401 	orr.w	r4, r6, r1
341843a0:	0c01      	lsrs	r1, r0, #16
341843a2:	eb01 4106 	add.w	r1, r1, r6, lsl #16
341843a6:	4328      	orrs	r0, r5
341843a8:	e002      	b.n	341843b0 <aes_ecb4x.constprop.0+0x7bc>
341843aa:	bf00      	nop
341843ac:	0fff0000 	.word	0x0fff0000
341843b0:	4048      	eors	r0, r1
341843b2:	9e28      	ldr	r6, [sp, #160]	@ 0xa0
341843b4:	4051      	eors	r1, r2
341843b6:	ea8e 0200 	eor.w	r2, lr, r0
341843ba:	ea82 0209 	eor.w	r2, r2, r9
341843be:	4072      	eors	r2, r6
341843c0:	9240      	str	r2, [sp, #256]	@ 0x100
341843c2:	0c22      	lsrs	r2, r4, #16
341843c4:	eb02 4205 	add.w	r2, r2, r5, lsl #16
341843c8:	9d06      	ldr	r5, [sp, #24]
341843ca:	4054      	eors	r4, r2
341843cc:	406a      	eors	r2, r5
341843ce:	9d26      	ldr	r5, [sp, #152]	@ 0x98
341843d0:	4042      	eors	r2, r0
341843d2:	406a      	eors	r2, r5
341843d4:	9d24      	ldr	r5, [sp, #144]	@ 0x90
341843d6:	9808      	ldr	r0, [sp, #32]
341843d8:	4061      	eors	r1, r4
341843da:	4069      	eors	r1, r5
341843dc:	4063      	eors	r3, r4
341843de:	4043      	eors	r3, r0
341843e0:	913e      	str	r1, [sp, #248]	@ 0xf8
341843e2:	e9dd 0144 	ldrd	r0, r1, [sp, #272]	@ 0x110
341843e6:	ea50 111f 	lsrl	r0, r1, #4
341843ea:	e9dd 8944 	ldrd	r8, r9, [sp, #272]	@ 0x110
341843ee:	9d2a      	ldr	r5, [sp, #168]	@ 0xa8
341843f0:	ea00 0c0c 	and.w	ip, r0, ip
341843f4:	e9dd 0144 	ldrd	r0, r1, [sp, #272]	@ 0x110
341843f8:	ea50 310f 	lsll	r0, r1, #12
341843fc:	ea58 391f 	lsrl	r8, r9, #12
34184400:	406b      	eors	r3, r5
34184402:	923f      	str	r2, [sp, #252]	@ 0xfc
34184404:	9341      	str	r3, [sp, #260]	@ 0x104
34184406:	e9dd 2344 	ldrd	r2, r3, [sp, #272]	@ 0x110
3418440a:	ea52 130f 	lsll	r2, r3, #4
3418440e:	9d1a      	ldr	r5, [sp, #104]	@ 0x68
34184410:	f000 4070 	and.w	r0, r0, #4026531840	@ 0xf0000000
34184414:	f409 2470 	and.w	r4, r9, #983040	@ 0xf0000
34184418:	ea4c 0000 	orr.w	r0, ip, r0
3418441c:	ea45 0604 	orr.w	r6, r5, r4
34184420:	0c02      	lsrs	r2, r0, #16
34184422:	f36f 0313 	bfc	r3, #0, #20
34184426:	4333      	orrs	r3, r6
34184428:	eb02 4206 	add.w	r2, r2, r6, lsl #16
3418442c:	9e18      	ldr	r6, [sp, #96]	@ 0x60
3418442e:	0c19      	lsrs	r1, r3, #16
34184430:	4330      	orrs	r0, r6
34184432:	eb01 4106 	add.w	r1, r1, r6, lsl #16
34184436:	ea82 0c00 	eor.w	ip, r2, r0
3418443a:	ea81 0e03 	eor.w	lr, r1, r3
3418443e:	980a      	ldr	r0, [sp, #40]	@ 0x28
34184440:	9b0c      	ldr	r3, [sp, #48]	@ 0x30
34184442:	4042      	eors	r2, r0
34184444:	4059      	eors	r1, r3
34184446:	9b30      	ldr	r3, [sp, #192]	@ 0xc0
34184448:	ea82 020e 	eor.w	r2, r2, lr
3418444c:	405a      	eors	r2, r3
3418444e:	9b31      	ldr	r3, [sp, #196]	@ 0xc4
34184450:	ea81 010c 	eor.w	r1, r1, ip
34184454:	e9dd 4546 	ldrd	r4, r5, [sp, #280]	@ 0x118
34184458:	4059      	eors	r1, r3
3418445a:	9244      	str	r2, [sp, #272]	@ 0x110
3418445c:	462b      	mov	r3, r5
3418445e:	4622      	mov	r2, r4
34184460:	ea52 231f 	lsrl	r2, r3, #8
34184464:	4622      	mov	r2, r4
34184466:	f003 06ff 	and.w	r6, r3, #255	@ 0xff
3418446a:	462b      	mov	r3, r5
3418446c:	ea52 230f 	lsll	r2, r3, #8
34184470:	4622      	mov	r2, r4
34184472:	f403 497f 	and.w	r9, r3, #65280	@ 0xff00
34184476:	462b      	mov	r3, r5
34184478:	ea52 331f 	lsrl	r2, r3, #12
3418447c:	ea46 0909 	orr.w	r9, r6, r9
34184480:	f403 2370 	and.w	r3, r3, #983040	@ 0xf0000
34184484:	ea49 0903 	orr.w	r9, r9, r3
34184488:	4622      	mov	r2, r4
3418448a:	462b      	mov	r3, r5
3418448c:	ea52 131f 	lsrl	r2, r3, #4
34184490:	9145      	str	r1, [sp, #276]	@ 0x114
34184492:	49eb      	ldr	r1, [pc, #940]	@ (34184840 <aes_ecb4x.constprop.0+0xc4c>)
34184494:	462b      	mov	r3, r5
34184496:	4011      	ands	r1, r2
34184498:	4622      	mov	r2, r4
3418449a:	fa1f f884 	uxth.w	r8, r4
3418449e:	ea52 330f 	lsll	r2, r3, #12
341844a2:	ea54 150f 	lsll	r4, r5, #4
341844a6:	f002 4270 	and.w	r2, r2, #4026531840	@ 0xf0000000
341844aa:	0d2b      	lsrs	r3, r5, #20
341844ac:	430a      	orrs	r2, r1
341844ae:	051b      	lsls	r3, r3, #20
341844b0:	ea49 0603 	orr.w	r6, r9, r3
341844b4:	0c13      	lsrs	r3, r2, #16
341844b6:	eb03 4309 	add.w	r3, r3, r9, lsl #16
341844ba:	ea42 0208 	orr.w	r2, r2, r8
341844be:	405a      	eors	r2, r3
341844c0:	9c02      	ldr	r4, [sp, #8]
341844c2:	f8db 1038 	ldr.w	r1, [fp, #56]	@ 0x38
341844c6:	4057      	eors	r7, r2
341844c8:	0c35      	lsrs	r5, r6, #16
341844ca:	eb05 4508 	add.w	r5, r5, r8, lsl #16
341844ce:	4067      	eors	r7, r4
341844d0:	406e      	eors	r6, r5
341844d2:	404f      	eors	r7, r1
341844d4:	ea85 050e 	eor.w	r5, r5, lr
341844d8:	f8db 0034 	ldr.w	r0, [fp, #52]	@ 0x34
341844dc:	4055      	eors	r5, r2
341844de:	ea83 030c 	eor.w	r3, r3, ip
341844e2:	9748      	str	r7, [sp, #288]	@ 0x120
341844e4:	9a00      	ldr	r2, [sp, #0]
341844e6:	f8db 1030 	ldr.w	r1, [fp, #48]	@ 0x30
341844ea:	4073      	eors	r3, r6
341844ec:	404b      	eors	r3, r1
341844ee:	4045      	eors	r5, r0
341844f0:	e9cd 3546 	strd	r3, r5, [sp, #280]	@ 0x118
341844f4:	f8db 103c 	ldr.w	r1, [fp, #60]	@ 0x3c
341844f8:	9b32      	ldr	r3, [sp, #200]	@ 0xc8
341844fa:	ea8a 0a06 	eor.w	sl, sl, r6
341844fe:	ea8a 0202 	eor.w	r2, sl, r2
34184502:	404a      	eors	r2, r1
34184504:	459b      	cmp	fp, r3
34184506:	9249      	str	r2, [sp, #292]	@ 0x124
34184508:	f47f ad73 	bne.w	34183ff2 <aes_ecb4x.constprop.0+0x3fe>
3418450c:	a83a      	add	r0, sp, #232	@ 0xe8
3418450e:	9e34      	ldr	r6, [sp, #208]	@ 0xd0
34184510:	f7fe fefe 	bl	34183310 <br_aes_ct64_bitslice_Sbox>
34184514:	e9dd 233c 	ldrd	r2, r3, [sp, #240]	@ 0xf0
34184518:	e9dd 893a 	ldrd	r8, r9, [sp, #232]	@ 0xe8
3418451c:	e9dd ab3e 	ldrd	sl, fp, [sp, #248]	@ 0xf8
34184520:	e9cd 2300 	strd	r2, r3, [sp]
34184524:	e9dd 2340 	ldrd	r2, r3, [sp, #256]	@ 0x100
34184528:	e9cd 2304 	strd	r2, r3, [sp, #16]
3418452c:	f8bd 3010 	ldrh.w	r3, [sp, #16]
34184530:	e9cd ab02 	strd	sl, fp, [sp, #8]
34184534:	930a      	str	r3, [sp, #40]	@ 0x28
34184536:	e9dd 2342 	ldrd	r2, r3, [sp, #264]	@ 0x108
3418453a:	e9cd 2306 	strd	r2, r3, [sp, #24]
3418453e:	f8bd 2018 	ldrh.w	r2, [sp, #24]
34184542:	fa1f f588 	uxth.w	r5, r8
34184546:	920e      	str	r2, [sp, #56]	@ 0x38
34184548:	e9dd 2344 	ldrd	r2, r3, [sp, #272]	@ 0x110
3418454c:	e9cd 2308 	strd	r2, r3, [sp, #32]
34184550:	4642      	mov	r2, r8
34184552:	464b      	mov	r3, r9
34184554:	ea52 231f 	lsrl	r2, r3, #8
34184558:	4642      	mov	r2, r8
3418455a:	f003 04ff 	and.w	r4, r3, #255	@ 0xff
3418455e:	464b      	mov	r3, r9
34184560:	ea52 230f 	lsll	r2, r3, #8
34184564:	f403 437f 	and.w	r3, r3, #65280	@ 0xff00
34184568:	ea44 0703 	orr.w	r7, r4, r3
3418456c:	e9dd 2300 	ldrd	r2, r3, [sp]
34184570:	ea52 231f 	lsrl	r2, r3, #8
34184574:	f003 04ff 	and.w	r4, r3, #255	@ 0xff
34184578:	e9dd 2300 	ldrd	r2, r3, [sp]
3418457c:	ea52 230f 	lsll	r2, r3, #8
34184580:	f403 437f 	and.w	r3, r3, #65280	@ 0xff00
34184584:	ea44 0e03 	orr.w	lr, r4, r3
34184588:	e9dd 2302 	ldrd	r2, r3, [sp, #8]
3418458c:	ea52 231f 	lsrl	r2, r3, #8
34184590:	f003 04ff 	and.w	r4, r3, #255	@ 0xff
34184594:	e9dd 2302 	ldrd	r2, r3, [sp, #8]
34184598:	ea52 230f 	lsll	r2, r3, #8
3418459c:	f8bd 1020 	ldrh.w	r1, [sp, #32]
341845a0:	f403 437f 	and.w	r3, r3, #65280	@ 0xff00
341845a4:	9112      	str	r1, [sp, #72]	@ 0x48
341845a6:	ea44 0103 	orr.w	r1, r4, r3
341845aa:	e9dd 2304 	ldrd	r2, r3, [sp, #16]
341845ae:	ea52 231f 	lsrl	r2, r3, #8
341845b2:	f003 04ff 	and.w	r4, r3, #255	@ 0xff
341845b6:	e9dd 2304 	ldrd	r2, r3, [sp, #16]
341845ba:	ea52 230f 	lsll	r2, r3, #8
341845be:	f403 437f 	and.w	r3, r3, #65280	@ 0xff00
341845c2:	431c      	orrs	r4, r3
341845c4:	e9dd 2306 	ldrd	r2, r3, [sp, #24]
341845c8:	ea52 231f 	lsrl	r2, r3, #8
341845cc:	940c      	str	r4, [sp, #48]	@ 0x30
341845ce:	f003 04ff 	and.w	r4, r3, #255	@ 0xff
341845d2:	e9dd 2306 	ldrd	r2, r3, [sp, #24]
341845d6:	ea52 230f 	lsll	r2, r3, #8
341845da:	f403 437f 	and.w	r3, r3, #65280	@ 0xff00
341845de:	ea44 0203 	orr.w	r2, r4, r3
341845e2:	9210      	str	r2, [sp, #64]	@ 0x40
341845e4:	e9dd 2308 	ldrd	r2, r3, [sp, #32]
341845e8:	ea52 231f 	lsrl	r2, r3, #8
341845ec:	f003 04ff 	and.w	r4, r3, #255	@ 0xff
341845f0:	e9dd 2308 	ldrd	r2, r3, [sp, #32]
341845f4:	ea52 230f 	lsll	r2, r3, #8
341845f8:	f403 437f 	and.w	r3, r3, #65280	@ 0xff00
341845fc:	431c      	orrs	r4, r3
341845fe:	4642      	mov	r2, r8
34184600:	464b      	mov	r3, r9
34184602:	ea52 131f 	lsrl	r2, r3, #4
34184606:	9414      	str	r4, [sp, #80]	@ 0x50
34184608:	4c8d      	ldr	r4, [pc, #564]	@ (34184840 <aes_ecb4x.constprop.0+0xc4c>)
3418460a:	464b      	mov	r3, r9
3418460c:	4014      	ands	r4, r2
3418460e:	4642      	mov	r2, r8
34184610:	ea52 330f 	lsll	r2, r3, #12
34184614:	f002 4270 	and.w	r2, r2, #4026531840	@ 0xf0000000
34184618:	ea44 0302 	orr.w	r3, r4, r2
3418461c:	f8bd c000 	ldrh.w	ip, [sp]
34184620:	f8bd b008 	ldrh.w	fp, [sp, #8]
34184624:	432b      	orrs	r3, r5
34184626:	f8d6 5380 	ldr.w	r5, [r6, #896]	@ 0x380
3418462a:	4644      	mov	r4, r8
3418462c:	406b      	eors	r3, r5
3418462e:	464d      	mov	r5, r9
34184630:	ea58 190f 	lsll	r8, r9, #4
34184634:	ea54 351f 	lsrl	r4, r5, #12
34184638:	933a      	str	r3, [sp, #232]	@ 0xe8
3418463a:	ea4f 5219 	mov.w	r2, r9, lsr #20
3418463e:	f405 2370 	and.w	r3, r5, #983040	@ 0xf0000
34184642:	433b      	orrs	r3, r7
34184644:	f8d6 5384 	ldr.w	r5, [r6, #900]	@ 0x384
34184648:	0512      	lsls	r2, r2, #20
3418464a:	4313      	orrs	r3, r2
3418464c:	e9dd 8900 	ldrd	r8, r9, [sp]
34184650:	406b      	eors	r3, r5
34184652:	4644      	mov	r4, r8
34184654:	464d      	mov	r5, r9
34184656:	933b      	str	r3, [sp, #236]	@ 0xec
34184658:	4642      	mov	r2, r8
3418465a:	464b      	mov	r3, r9
3418465c:	ea54 151f 	lsrl	r4, r5, #4
34184660:	ea52 330f 	lsll	r2, r3, #12
34184664:	f024 4470 	bic.w	r4, r4, #4026531840	@ 0xf0000000
34184668:	0c24      	lsrs	r4, r4, #16
3418466a:	0424      	lsls	r4, r4, #16
3418466c:	f002 4270 	and.w	r2, r2, #4026531840	@ 0xf0000000
34184670:	f8d6 5388 	ldr.w	r5, [r6, #904]	@ 0x388
34184674:	4322      	orrs	r2, r4
34184676:	ea42 030c 	orr.w	r3, r2, ip
3418467a:	406b      	eors	r3, r5
3418467c:	933c      	str	r3, [sp, #240]	@ 0xf0
3418467e:	4642      	mov	r2, r8
34184680:	464b      	mov	r3, r9
34184682:	ea58 190f 	lsll	r8, r9, #4
34184686:	ea52 331f 	lsrl	r2, r3, #12
3418468a:	464d      	mov	r5, r9
3418468c:	e9dd 8902 	ldrd	r8, r9, [sp, #8]
34184690:	0d2a      	lsrs	r2, r5, #20
34184692:	f403 2370 	and.w	r3, r3, #983040	@ 0xf0000
34184696:	f8d6 538c 	ldr.w	r5, [r6, #908]	@ 0x38c
3418469a:	ea4e 0303 	orr.w	r3, lr, r3
3418469e:	0512      	lsls	r2, r2, #20
341846a0:	4313      	orrs	r3, r2
341846a2:	406b      	eors	r3, r5
341846a4:	4644      	mov	r4, r8
341846a6:	464d      	mov	r5, r9
341846a8:	933d      	str	r3, [sp, #244]	@ 0xf4
341846aa:	4642      	mov	r2, r8
341846ac:	464b      	mov	r3, r9
341846ae:	ea54 151f 	lsrl	r4, r5, #4
341846b2:	ea52 330f 	lsll	r2, r3, #12
341846b6:	f024 4470 	bic.w	r4, r4, #4026531840	@ 0xf0000000
341846ba:	0c24      	lsrs	r4, r4, #16
341846bc:	0424      	lsls	r4, r4, #16
341846be:	f002 4270 	and.w	r2, r2, #4026531840	@ 0xf0000000
341846c2:	ea44 0302 	orr.w	r3, r4, r2
341846c6:	46c2      	mov	sl, r8
341846c8:	ea43 030b 	orr.w	r3, r3, fp
341846cc:	46cb      	mov	fp, r9
341846ce:	ea58 190f 	lsll	r8, r9, #4
341846d2:	ea5a 3b1f 	lsrl	sl, fp, #12
341846d6:	f8d6 5390 	ldr.w	r5, [r6, #912]	@ 0x390
341846da:	9f0c      	ldr	r7, [sp, #48]	@ 0x30
341846dc:	406b      	eors	r3, r5
341846de:	933e      	str	r3, [sp, #248]	@ 0xf8
341846e0:	464d      	mov	r5, r9
341846e2:	e9dd 8904 	ldrd	r8, r9, [sp, #16]
341846e6:	f40b 2370 	and.w	r3, fp, #983040	@ 0xf0000
341846ea:	46c2      	mov	sl, r8
341846ec:	46cb      	mov	fp, r9
341846ee:	ea5a 1b1f 	lsrl	sl, fp, #4
341846f2:	430b      	orrs	r3, r1
341846f4:	4952      	ldr	r1, [pc, #328]	@ (34184840 <aes_ecb4x.constprop.0+0xc4c>)
341846f6:	46cb      	mov	fp, r9
341846f8:	ea0a 0101 	and.w	r1, sl, r1
341846fc:	46c2      	mov	sl, r8
341846fe:	ea5a 3b0f 	lsll	sl, fp, #12
34184702:	0d2a      	lsrs	r2, r5, #20
34184704:	0512      	lsls	r2, r2, #20
34184706:	46cb      	mov	fp, r9
34184708:	4313      	orrs	r3, r2
3418470a:	f00a 4270 	and.w	r2, sl, #4026531840	@ 0xf0000000
3418470e:	46c2      	mov	sl, r8
34184710:	ea58 190f 	lsll	r8, r9, #4
34184714:	f8d6 5394 	ldr.w	r5, [r6, #916]	@ 0x394
34184718:	430a      	orrs	r2, r1
3418471a:	406b      	eors	r3, r5
3418471c:	933f      	str	r3, [sp, #252]	@ 0xfc
3418471e:	9b0a      	ldr	r3, [sp, #40]	@ 0x28
34184720:	f8d6 5398 	ldr.w	r5, [r6, #920]	@ 0x398
34184724:	4313      	orrs	r3, r2
34184726:	ea5a 3b1f 	lsrl	sl, fp, #12
3418472a:	406b      	eors	r3, r5
3418472c:	464d      	mov	r5, r9
3418472e:	e9dd 8906 	ldrd	r8, r9, [sp, #24]
34184732:	9340      	str	r3, [sp, #256]	@ 0x100
34184734:	0d2a      	lsrs	r2, r5, #20
34184736:	f40b 2370 	and.w	r3, fp, #983040	@ 0xf0000
3418473a:	f8d6 539c 	ldr.w	r5, [r6, #924]	@ 0x39c
3418473e:	46c2      	mov	sl, r8
34184740:	46cb      	mov	fp, r9
34184742:	433b      	orrs	r3, r7
34184744:	0512      	lsls	r2, r2, #20
34184746:	4313      	orrs	r3, r2
34184748:	406b      	eors	r3, r5
3418474a:	4644      	mov	r4, r8
3418474c:	464d      	mov	r5, r9
3418474e:	ea5a 1b1f 	lsrl	sl, fp, #4
34184752:	ea54 350f 	lsll	r4, r5, #12
34184756:	f02a 4270 	bic.w	r2, sl, #4026531840	@ 0xf0000000
3418475a:	0c12      	lsrs	r2, r2, #16
3418475c:	9341      	str	r3, [sp, #260]	@ 0x104
3418475e:	f004 4470 	and.w	r4, r4, #4026531840	@ 0xf0000000
34184762:	9b0e      	ldr	r3, [sp, #56]	@ 0x38
34184764:	0412      	lsls	r2, r2, #16
34184766:	f8d6 53a0 	ldr.w	r5, [r6, #928]	@ 0x3a0
3418476a:	4322      	orrs	r2, r4
3418476c:	431a      	orrs	r2, r3
3418476e:	406a      	eors	r2, r5
34184770:	4644      	mov	r4, r8
34184772:	464d      	mov	r5, r9
34184774:	ea54 351f 	lsrl	r4, r5, #12
34184778:	ea58 190f 	lsll	r8, r9, #4
3418477c:	9b10      	ldr	r3, [sp, #64]	@ 0x40
3418477e:	9242      	str	r2, [sp, #264]	@ 0x108
34184780:	f405 2270 	and.w	r2, r5, #983040	@ 0xf0000
34184784:	431a      	orrs	r2, r3
34184786:	ea4f 5319 	mov.w	r3, r9, lsr #20
3418478a:	f8d6 53a4 	ldr.w	r5, [r6, #932]	@ 0x3a4
3418478e:	051b      	lsls	r3, r3, #20
34184790:	4313      	orrs	r3, r2
34184792:	406b      	eors	r3, r5
34184794:	e9dd 8908 	ldrd	r8, r9, [sp, #32]
34184798:	9343      	str	r3, [sp, #268]	@ 0x10c
3418479a:	4642      	mov	r2, r8
3418479c:	464b      	mov	r3, r9
3418479e:	4644      	mov	r4, r8
341847a0:	464d      	mov	r5, r9
341847a2:	ea52 131f 	lsrl	r2, r3, #4
341847a6:	ea54 350f 	lsll	r4, r5, #12
341847aa:	4b25      	ldr	r3, [pc, #148]	@ (34184840 <aes_ecb4x.constprop.0+0xc4c>)
341847ac:	9912      	ldr	r1, [sp, #72]	@ 0x48
341847ae:	4013      	ands	r3, r2
341847b0:	f004 4470 	and.w	r4, r4, #4026531840	@ 0xf0000000
341847b4:	4323      	orrs	r3, r4
341847b6:	430b      	orrs	r3, r1
341847b8:	f8d6 13a8 	ldr.w	r1, [r6, #936]	@ 0x3a8
341847bc:	4642      	mov	r2, r8
341847be:	404b      	eors	r3, r1
341847c0:	9344      	str	r3, [sp, #272]	@ 0x110
341847c2:	464b      	mov	r3, r9
341847c4:	ea58 190f 	lsll	r8, r9, #4
341847c8:	ea52 331f 	lsrl	r2, r3, #12
341847cc:	464d      	mov	r5, r9
341847ce:	9a14      	ldr	r2, [sp, #80]	@ 0x50
341847d0:	f403 2370 	and.w	r3, r3, #983040	@ 0xf0000
341847d4:	4313      	orrs	r3, r2
341847d6:	0d2a      	lsrs	r2, r5, #20
341847d8:	0512      	lsls	r2, r2, #20
341847da:	4313      	orrs	r3, r2
341847dc:	f8d6 23ac 	ldr.w	r2, [r6, #940]	@ 0x3ac
341847e0:	e9dd 4546 	ldrd	r4, r5, [sp, #280]	@ 0x118
341847e4:	4053      	eors	r3, r2
341847e6:	9345      	str	r3, [sp, #276]	@ 0x114
341847e8:	4622      	mov	r2, r4
341847ea:	e9dd 8948 	ldrd	r8, r9, [sp, #288]	@ 0x120
341847ee:	462b      	mov	r3, r5
341847f0:	ea52 131f 	lsrl	r2, r3, #4
341847f4:	e9d6 a3ed 	ldrd	sl, r3, [r6, #948]	@ 0x3b4
341847f8:	4911      	ldr	r1, [pc, #68]	@ (34184840 <aes_ecb4x.constprop.0+0xc4c>)
341847fa:	f8d6 e3b0 	ldr.w	lr, [r6, #944]	@ 0x3b0
341847fe:	462f      	mov	r7, r5
34184800:	4011      	ands	r1, r2
34184802:	f8d6 23bc 	ldr.w	r2, [r6, #956]	@ 0x3bc
34184806:	4626      	mov	r6, r4
34184808:	ea56 271f 	lsrl	r6, r7, #8
3418480c:	9202      	str	r2, [sp, #8]
3418480e:	4626      	mov	r6, r4
34184810:	f007 02ff 	and.w	r2, r7, #255	@ 0xff
34184814:	462f      	mov	r7, r5
34184816:	ea56 270f 	lsll	r6, r7, #8
3418481a:	9300      	str	r3, [sp, #0]
3418481c:	4646      	mov	r6, r8
3418481e:	f407 437f 	and.w	r3, r7, #65280	@ 0xff00
34184822:	464f      	mov	r7, r9
34184824:	ea56 271f 	lsrl	r6, r7, #8
34184828:	431a      	orrs	r2, r3
3418482a:	4646      	mov	r6, r8
3418482c:	f007 03ff 	and.w	r3, r7, #255	@ 0xff
34184830:	464f      	mov	r7, r9
34184832:	ea56 270f 	lsll	r6, r7, #8
34184836:	f407 467f 	and.w	r6, r7, #65280	@ 0xff00
3418483a:	4333      	orrs	r3, r6
3418483c:	e002      	b.n	34184844 <aes_ecb4x.constprop.0+0xc50>
3418483e:	bf00      	nop
34184840:	0fff0000 	.word	0x0fff0000
34184844:	462f      	mov	r7, r5
34184846:	4626      	mov	r6, r4
34184848:	ea56 370f 	lsll	r6, r7, #12
3418484c:	f006 4670 	and.w	r6, r6, #4026531840	@ 0xf0000000
34184850:	462f      	mov	r7, r5
34184852:	4331      	orrs	r1, r6
34184854:	4626      	mov	r6, r4
34184856:	ea56 371f 	lsrl	r6, r7, #12
3418485a:	fa1f fc84 	uxth.w	ip, r4
3418485e:	ea54 150f 	lsll	r4, r5, #4
34184862:	ea41 010c 	orr.w	r1, r1, ip
34184866:	ea81 010e 	eor.w	r1, r1, lr
3418486a:	9146      	str	r1, [sp, #280]	@ 0x118
3418486c:	f407 2170 	and.w	r1, r7, #983040	@ 0xf0000
34184870:	4644      	mov	r4, r8
34184872:	430a      	orrs	r2, r1
34184874:	0d29      	lsrs	r1, r5, #20
34184876:	464d      	mov	r5, r9
34184878:	ea54 151f 	lsrl	r4, r5, #4
3418487c:	0509      	lsls	r1, r1, #20
3418487e:	4646      	mov	r6, r8
34184880:	464f      	mov	r7, r9
34184882:	430a      	orrs	r2, r1
34184884:	ea82 020a 	eor.w	r2, r2, sl
34184888:	9247      	str	r2, [sp, #284]	@ 0x11c
3418488a:	4ac8      	ldr	r2, [pc, #800]	@ (34184bac <aes_ecb4x.constprop.0+0xfb8>)
3418488c:	464d      	mov	r5, r9
3418488e:	4022      	ands	r2, r4
34184890:	4644      	mov	r4, r8
34184892:	ea56 370f 	lsll	r6, r7, #12
34184896:	ea54 351f 	lsrl	r4, r5, #12
3418489a:	fa1f fb88 	uxth.w	fp, r8
3418489e:	ea58 190f 	lsll	r8, r9, #4
341848a2:	f006 4670 	and.w	r6, r6, #4026531840	@ 0xf0000000
341848a6:	9900      	ldr	r1, [sp, #0]
341848a8:	4332      	orrs	r2, r6
341848aa:	ea42 020b 	orr.w	r2, r2, fp
341848ae:	404a      	eors	r2, r1
341848b0:	9248      	str	r2, [sp, #288]	@ 0x120
341848b2:	f405 2270 	and.w	r2, r5, #983040	@ 0xf0000
341848b6:	4313      	orrs	r3, r2
341848b8:	ea4f 5219 	mov.w	r2, r9, lsr #20
341848bc:	0512      	lsls	r2, r2, #20
341848be:	4313      	orrs	r3, r2
341848c0:	9a02      	ldr	r2, [sp, #8]
341848c2:	a83a      	add	r0, sp, #232	@ 0xe8
341848c4:	4053      	eors	r3, r2
341848c6:	9349      	str	r3, [sp, #292]	@ 0x124
341848c8:	f7fe ff98 	bl	341837fc <br_aes_ct64_ortho>
341848cc:	e9dd 2342 	ldrd	r2, r3, [sp, #264]	@ 0x108
341848d0:	e9dd 013a 	ldrd	r0, r1, [sp, #232]	@ 0xe8
341848d4:	e9dd 673c 	ldrd	r6, r7, [sp, #240]	@ 0xf0
341848d8:	e9dd ab3e 	ldrd	sl, fp, [sp, #248]	@ 0xf8
341848dc:	f002 14ff 	and.w	r4, r2, #16711935	@ 0xff00ff
341848e0:	9402      	str	r4, [sp, #8]
341848e2:	f003 14ff 	and.w	r4, r3, #16711935	@ 0xff00ff
341848e6:	ea52 231f 	lsrl	r2, r3, #8
341848ea:	e9cd 2300 	strd	r2, r3, [sp]
341848ee:	e9dd 2346 	ldrd	r2, r3, [sp, #280]	@ 0x118
341848f2:	ea52 231f 	lsrl	r2, r3, #8
341848f6:	e9cd 2314 	strd	r2, r3, [sp, #80]	@ 0x50
341848fa:	e9dd 2340 	ldrd	r2, r3, [sp, #256]	@ 0x100
341848fe:	ea52 231f 	lsrl	r2, r3, #8
34184902:	f000 18ff 	and.w	r8, r0, #16711935	@ 0xff00ff
34184906:	e9cd 2318 	strd	r2, r3, [sp, #96]	@ 0x60
3418490a:	e9dd 2348 	ldrd	r2, r3, [sp, #288]	@ 0x120
3418490e:	f001 19ff 	and.w	r9, r1, #16711935	@ 0xff00ff
34184912:	ea52 231f 	lsrl	r2, r3, #8
34184916:	ea50 211f 	lsrl	r0, r1, #8
3418491a:	ea56 271f 	lsrl	r6, r7, #8
3418491e:	9403      	str	r4, [sp, #12]
34184920:	e9dd 4544 	ldrd	r4, r5, [sp, #272]	@ 0x110
34184924:	ea54 251f 	lsrl	r4, r5, #8
34184928:	e9cd 231a 	strd	r2, r3, [sp, #104]	@ 0x68
3418492c:	f000 13ff 	and.w	r3, r0, #16711935	@ 0xff00ff
34184930:	9304      	str	r3, [sp, #16]
34184932:	f001 13ff 	and.w	r3, r1, #16711935	@ 0xff00ff
34184936:	9305      	str	r3, [sp, #20]
34184938:	e9dd 0100 	ldrd	r0, r1, [sp]
3418493c:	f000 13ff 	and.w	r3, r0, #16711935	@ 0xff00ff
34184940:	9306      	str	r3, [sp, #24]
34184942:	f001 13ff 	and.w	r3, r1, #16711935	@ 0xff00ff
34184946:	9307      	str	r3, [sp, #28]
34184948:	9b3c      	ldr	r3, [sp, #240]	@ 0xf0
3418494a:	ea5a 2b1f 	lsrl	sl, fp, #8
3418494e:	f003 13ff 	and.w	r3, r3, #16711935	@ 0xff00ff
34184952:	9308      	str	r3, [sp, #32]
34184954:	9b3d      	ldr	r3, [sp, #244]	@ 0xf4
34184956:	f003 13ff 	and.w	r3, r3, #16711935	@ 0xff00ff
3418495a:	9309      	str	r3, [sp, #36]	@ 0x24
3418495c:	9b44      	ldr	r3, [sp, #272]	@ 0x110
3418495e:	f003 13ff 	and.w	r3, r3, #16711935	@ 0xff00ff
34184962:	930a      	str	r3, [sp, #40]	@ 0x28
34184964:	9b45      	ldr	r3, [sp, #276]	@ 0x114
34184966:	f003 13ff 	and.w	r3, r3, #16711935	@ 0xff00ff
3418496a:	930b      	str	r3, [sp, #44]	@ 0x2c
3418496c:	f006 13ff 	and.w	r3, r6, #16711935	@ 0xff00ff
34184970:	930c      	str	r3, [sp, #48]	@ 0x30
34184972:	f007 13ff 	and.w	r3, r7, #16711935	@ 0xff00ff
34184976:	930d      	str	r3, [sp, #52]	@ 0x34
34184978:	f004 13ff 	and.w	r3, r4, #16711935	@ 0xff00ff
3418497c:	930e      	str	r3, [sp, #56]	@ 0x38
3418497e:	f005 13ff 	and.w	r3, r5, #16711935	@ 0xff00ff
34184982:	930f      	str	r3, [sp, #60]	@ 0x3c
34184984:	9b3e      	ldr	r3, [sp, #248]	@ 0xf8
34184986:	f00a 14ff 	and.w	r4, sl, #16711935	@ 0xff00ff
3418498a:	f003 13ff 	and.w	r3, r3, #16711935	@ 0xff00ff
3418498e:	9310      	str	r3, [sp, #64]	@ 0x40
34184990:	9b3f      	ldr	r3, [sp, #252]	@ 0xfc
34184992:	e9dd 6714 	ldrd	r6, r7, [sp, #80]	@ 0x50
34184996:	f003 13ff 	and.w	r3, r3, #16711935	@ 0xff00ff
3418499a:	9311      	str	r3, [sp, #68]	@ 0x44
3418499c:	9b46      	ldr	r3, [sp, #280]	@ 0x118
3418499e:	f006 10ff 	and.w	r0, r6, #16711935	@ 0xff00ff
341849a2:	f003 13ff 	and.w	r3, r3, #16711935	@ 0xff00ff
341849a6:	9312      	str	r3, [sp, #72]	@ 0x48
341849a8:	9b47      	ldr	r3, [sp, #284]	@ 0x11c
341849aa:	9e40      	ldr	r6, [sp, #256]	@ 0x100
341849ac:	f003 13ff 	and.w	r3, r3, #16711935	@ 0xff00ff
341849b0:	9313      	str	r3, [sp, #76]	@ 0x4c
341849b2:	f006 13ff 	and.w	r3, r6, #16711935	@ 0xff00ff
341849b6:	9e41      	ldr	r6, [sp, #260]	@ 0x104
341849b8:	9300      	str	r3, [sp, #0]
341849ba:	f006 13ff 	and.w	r3, r6, #16711935	@ 0xff00ff
341849be:	9e48      	ldr	r6, [sp, #288]	@ 0x120
341849c0:	9301      	str	r3, [sp, #4]
341849c2:	f006 16ff 	and.w	r6, r6, #16711935	@ 0xff00ff
341849c6:	9616      	str	r6, [sp, #88]	@ 0x58
341849c8:	9e49      	ldr	r6, [sp, #292]	@ 0x124
341849ca:	e9dd 2318 	ldrd	r2, r3, [sp, #96]	@ 0x60
341849ce:	f006 16ff 	and.w	r6, r6, #16711935	@ 0xff00ff
341849d2:	9617      	str	r6, [sp, #92]	@ 0x5c
341849d4:	f002 16ff 	and.w	r6, r2, #16711935	@ 0xff00ff
341849d8:	9614      	str	r6, [sp, #80]	@ 0x50
341849da:	4642      	mov	r2, r8
341849dc:	f003 16ff 	and.w	r6, r3, #16711935	@ 0xff00ff
341849e0:	464b      	mov	r3, r9
341849e2:	ea52 231f 	lsrl	r2, r3, #8
341849e6:	e9cd 2318 	strd	r2, r3, [sp, #96]	@ 0x60
341849ea:	e9dd 2302 	ldrd	r2, r3, [sp, #8]
341849ee:	ea52 231f 	lsrl	r2, r3, #8
341849f2:	f00b 15ff 	and.w	r5, fp, #16711935	@ 0xff00ff
341849f6:	e9dd ab1a 	ldrd	sl, fp, [sp, #104]	@ 0x68
341849fa:	e9cd 231a 	strd	r2, r3, [sp, #104]	@ 0x68
341849fe:	e9dd 2306 	ldrd	r2, r3, [sp, #24]
34184a02:	ea52 231f 	lsrl	r2, r3, #8
34184a06:	e9cd 231c 	strd	r2, r3, [sp, #112]	@ 0x70
34184a0a:	e9dd 2308 	ldrd	r2, r3, [sp, #32]
34184a0e:	ea52 231f 	lsrl	r2, r3, #8
34184a12:	e9cd 231e 	strd	r2, r3, [sp, #120]	@ 0x78
34184a16:	e9dd 230a 	ldrd	r2, r3, [sp, #40]	@ 0x28
34184a1a:	ea52 231f 	lsrl	r2, r3, #8
34184a1e:	e9cd 2320 	strd	r2, r3, [sp, #128]	@ 0x80
34184a22:	e9dd 230c 	ldrd	r2, r3, [sp, #48]	@ 0x30
34184a26:	ea52 231f 	lsrl	r2, r3, #8
34184a2a:	e9cd 2322 	strd	r2, r3, [sp, #136]	@ 0x88
34184a2e:	e9dd 230e 	ldrd	r2, r3, [sp, #56]	@ 0x38
34184a32:	ea52 231f 	lsrl	r2, r3, #8
34184a36:	f007 11ff 	and.w	r1, r7, #16711935	@ 0xff00ff
34184a3a:	9615      	str	r6, [sp, #84]	@ 0x54
34184a3c:	f00b 17ff 	and.w	r7, fp, #16711935	@ 0xff00ff
34184a40:	f00a 16ff 	and.w	r6, sl, #16711935	@ 0xff00ff
34184a44:	e9dd ab04 	ldrd	sl, fp, [sp, #16]
34184a48:	e9cd 2324 	strd	r2, r3, [sp, #144]	@ 0x90
34184a4c:	e9dd 2310 	ldrd	r2, r3, [sp, #64]	@ 0x40
34184a50:	ea52 231f 	lsrl	r2, r3, #8
34184a54:	e9cd 2326 	strd	r2, r3, [sp, #152]	@ 0x98
34184a58:	e9dd 2312 	ldrd	r2, r3, [sp, #72]	@ 0x48
34184a5c:	ea52 231f 	lsrl	r2, r3, #8
34184a60:	e9cd 2328 	strd	r2, r3, [sp, #160]	@ 0xa0
34184a64:	4622      	mov	r2, r4
34184a66:	462b      	mov	r3, r5
34184a68:	ea52 231f 	lsrl	r2, r3, #8
34184a6c:	e9cd 232a 	strd	r2, r3, [sp, #168]	@ 0xa8
34184a70:	4602      	mov	r2, r0
34184a72:	460b      	mov	r3, r1
34184a74:	ea52 231f 	lsrl	r2, r3, #8
34184a78:	e9cd 232e 	strd	r2, r3, [sp, #184]	@ 0xb8
34184a7c:	e9dd 2300 	ldrd	r2, r3, [sp]
34184a80:	ea52 231f 	lsrl	r2, r3, #8
34184a84:	ea5a 2b1f 	lsrl	sl, fp, #8
34184a88:	e9cd 232c 	strd	r2, r3, [sp, #176]	@ 0xb0
34184a8c:	9b18      	ldr	r3, [sp, #96]	@ 0x60
34184a8e:	9a19      	ldr	r2, [sp, #100]	@ 0x64
34184a90:	ea48 0303 	orr.w	r3, r8, r3
34184a94:	9330      	str	r3, [sp, #192]	@ 0xc0
34184a96:	ea49 0902 	orr.w	r9, r9, r2
34184a9a:	9b1a      	ldr	r3, [sp, #104]	@ 0x68
34184a9c:	9a02      	ldr	r2, [sp, #8]
34184a9e:	ea42 0803 	orr.w	r8, r2, r3
34184aa2:	9b03      	ldr	r3, [sp, #12]
34184aa4:	9a1b      	ldr	r2, [sp, #108]	@ 0x6c
34184aa6:	ea43 0e02 	orr.w	lr, r3, r2
34184aaa:	9b04      	ldr	r3, [sp, #16]
34184aac:	9a06      	ldr	r2, [sp, #24]
34184aae:	ea43 0c0a 	orr.w	ip, r3, sl
34184ab2:	9b05      	ldr	r3, [sp, #20]
34184ab4:	ea43 030b 	orr.w	r3, r3, fp
34184ab8:	9331      	str	r3, [sp, #196]	@ 0xc4
34184aba:	9b1c      	ldr	r3, [sp, #112]	@ 0x70
34184abc:	ea42 0a03 	orr.w	sl, r2, r3
34184ac0:	9a07      	ldr	r2, [sp, #28]
34184ac2:	9b1d      	ldr	r3, [sp, #116]	@ 0x74
34184ac4:	ea42 0b03 	orr.w	fp, r2, r3
34184ac8:	9b1e      	ldr	r3, [sp, #120]	@ 0x78
34184aca:	9a08      	ldr	r2, [sp, #32]
34184acc:	431a      	orrs	r2, r3
34184ace:	921c      	str	r2, [sp, #112]	@ 0x70
34184ad0:	9b09      	ldr	r3, [sp, #36]	@ 0x24
34184ad2:	9a1f      	ldr	r2, [sp, #124]	@ 0x7c
34184ad4:	4313      	orrs	r3, r2
34184ad6:	931e      	str	r3, [sp, #120]	@ 0x78
34184ad8:	9a0a      	ldr	r2, [sp, #40]	@ 0x28
34184ada:	9b20      	ldr	r3, [sp, #128]	@ 0x80
34184adc:	431a      	orrs	r2, r3
34184ade:	9232      	str	r2, [sp, #200]	@ 0xc8
34184ae0:	9b0b      	ldr	r3, [sp, #44]	@ 0x2c
34184ae2:	9a21      	ldr	r2, [sp, #132]	@ 0x84
34184ae4:	4313      	orrs	r3, r2
34184ae6:	9320      	str	r3, [sp, #128]	@ 0x80
34184ae8:	9a0c      	ldr	r2, [sp, #48]	@ 0x30
34184aea:	9b22      	ldr	r3, [sp, #136]	@ 0x88
34184aec:	431a      	orrs	r2, r3
34184aee:	9234      	str	r2, [sp, #208]	@ 0xd0
34184af0:	9b0d      	ldr	r3, [sp, #52]	@ 0x34
34184af2:	9a23      	ldr	r2, [sp, #140]	@ 0x8c
34184af4:	4313      	orrs	r3, r2
34184af6:	9322      	str	r3, [sp, #136]	@ 0x88
34184af8:	9a0e      	ldr	r2, [sp, #56]	@ 0x38
34184afa:	9b24      	ldr	r3, [sp, #144]	@ 0x90
34184afc:	431a      	orrs	r2, r3
34184afe:	9235      	str	r2, [sp, #212]	@ 0xd4
34184b00:	9b0f      	ldr	r3, [sp, #60]	@ 0x3c
34184b02:	9a25      	ldr	r2, [sp, #148]	@ 0x94
34184b04:	4313      	orrs	r3, r2
34184b06:	9324      	str	r3, [sp, #144]	@ 0x90
34184b08:	9a10      	ldr	r2, [sp, #64]	@ 0x40
34184b0a:	9b26      	ldr	r3, [sp, #152]	@ 0x98
34184b0c:	431a      	orrs	r2, r3
34184b0e:	9236      	str	r2, [sp, #216]	@ 0xd8
34184b10:	9b11      	ldr	r3, [sp, #68]	@ 0x44
34184b12:	9a27      	ldr	r2, [sp, #156]	@ 0x9c
34184b14:	4313      	orrs	r3, r2
34184b16:	9326      	str	r3, [sp, #152]	@ 0x98
34184b18:	9a12      	ldr	r2, [sp, #72]	@ 0x48
34184b1a:	9b28      	ldr	r3, [sp, #160]	@ 0xa0
34184b1c:	431a      	orrs	r2, r3
34184b1e:	9237      	str	r2, [sp, #220]	@ 0xdc
34184b20:	9b13      	ldr	r3, [sp, #76]	@ 0x4c
34184b22:	9a29      	ldr	r2, [sp, #164]	@ 0xa4
34184b24:	4313      	orrs	r3, r2
34184b26:	9a2a      	ldr	r2, [sp, #168]	@ 0xa8
34184b28:	9328      	str	r3, [sp, #160]	@ 0xa0
34184b2a:	9b2b      	ldr	r3, [sp, #172]	@ 0xac
34184b2c:	4322      	orrs	r2, r4
34184b2e:	9238      	str	r2, [sp, #224]	@ 0xe0
34184b30:	ea45 0403 	orr.w	r4, r5, r3
34184b34:	e9dd 232e 	ldrd	r2, r3, [sp, #184]	@ 0xb8
34184b38:	ea40 0502 	orr.w	r5, r0, r2
34184b3c:	4319      	orrs	r1, r3
34184b3e:	942a      	str	r4, [sp, #168]	@ 0xa8
34184b40:	952e      	str	r5, [sp, #184]	@ 0xb8
34184b42:	9139      	str	r1, [sp, #228]	@ 0xe4
34184b44:	9b00      	ldr	r3, [sp, #0]
34184b46:	e9dd 452c 	ldrd	r4, r5, [sp, #176]	@ 0xb0
34184b4a:	ea44 0003 	orr.w	r0, r4, r3
34184b4e:	9b01      	ldr	r3, [sp, #4]
34184b50:	9018      	str	r0, [sp, #96]	@ 0x60
34184b52:	ea43 0105 	orr.w	r1, r3, r5
34184b56:	911a      	str	r1, [sp, #104]	@ 0x68
34184b58:	e9dd 2316 	ldrd	r2, r3, [sp, #88]	@ 0x58
34184b5c:	4610      	mov	r0, r2
34184b5e:	4619      	mov	r1, r3
34184b60:	ea50 211f 	lsrl	r0, r1, #8
34184b64:	4604      	mov	r4, r0
34184b66:	460d      	mov	r5, r1
34184b68:	e9dd 0114 	ldrd	r0, r1, [sp, #80]	@ 0x50
34184b6c:	ea50 211f 	lsrl	r0, r1, #8
34184b70:	e9cd 0102 	strd	r0, r1, [sp, #8]
34184b74:	4630      	mov	r0, r6
34184b76:	4639      	mov	r1, r7
34184b78:	ea50 211f 	lsrl	r0, r1, #8
34184b7c:	e9cd 4500 	strd	r4, r5, [sp]
34184b80:	e9cd 0106 	strd	r0, r1, [sp, #24]
34184b84:	9900      	ldr	r1, [sp, #0]
34184b86:	f8bd 00c0 	ldrh.w	r0, [sp, #192]	@ 0xc0
34184b8a:	9d01      	ldr	r5, [sp, #4]
34184b8c:	ea41 0402 	orr.w	r4, r1, r2
34184b90:	9902      	ldr	r1, [sp, #8]
34184b92:	9004      	str	r0, [sp, #16]
34184b94:	fa1f f089 	uxth.w	r0, r9
34184b98:	9005      	str	r0, [sp, #20]
34184b9a:	431d      	orrs	r5, r3
34184b9c:	e9dd 2314 	ldrd	r2, r3, [sp, #80]	@ 0x50
34184ba0:	ea42 0001 	orr.w	r0, r2, r1
34184ba4:	4619      	mov	r1, r3
34184ba6:	9b03      	ldr	r3, [sp, #12]
34184ba8:	e002      	b.n	34184bb0 <aes_ecb4x.constprop.0+0xfbc>
34184baa:	bf00      	nop
34184bac:	0fff0000 	.word	0x0fff0000
34184bb0:	f8bd 90c4 	ldrh.w	r9, [sp, #196]	@ 0xc4
34184bb4:	4319      	orrs	r1, r3
34184bb6:	9b06      	ldr	r3, [sp, #24]
34184bb8:	b2a4      	uxth	r4, r4
34184bba:	ea43 0206 	orr.w	r2, r3, r6
34184bbe:	fa1f f688 	uxth.w	r6, r8
34184bc2:	9606      	str	r6, [sp, #24]
34184bc4:	fa1f f68e 	uxth.w	r6, lr
34184bc8:	9b07      	ldr	r3, [sp, #28]
34184bca:	9607      	str	r6, [sp, #28]
34184bcc:	fa1f f68a 	uxth.w	r6, sl
34184bd0:	9608      	str	r6, [sp, #32]
34184bd2:	fa1f f68b 	uxth.w	r6, fp
34184bd6:	9609      	str	r6, [sp, #36]	@ 0x24
34184bd8:	f8bd 6070 	ldrh.w	r6, [sp, #112]	@ 0x70
34184bdc:	f8bd a0c8 	ldrh.w	sl, [sp, #200]	@ 0xc8
34184be0:	960a      	str	r6, [sp, #40]	@ 0x28
34184be2:	f8bd 6078 	ldrh.w	r6, [sp, #120]	@ 0x78
34184be6:	f8bd b080 	ldrh.w	fp, [sp, #128]	@ 0x80
34184bea:	960b      	str	r6, [sp, #44]	@ 0x2c
34184bec:	f8bd 60d0 	ldrh.w	r6, [sp, #208]	@ 0xd0
34184bf0:	433b      	orrs	r3, r7
34184bf2:	960c      	str	r6, [sp, #48]	@ 0x30
34184bf4:	f8bd 6088 	ldrh.w	r6, [sp, #136]	@ 0x88
34184bf8:	9402      	str	r4, [sp, #8]
34184bfa:	960d      	str	r6, [sp, #52]	@ 0x34
34184bfc:	f8bd 60d4 	ldrh.w	r6, [sp, #212]	@ 0xd4
34184c00:	b2ac      	uxth	r4, r5
34184c02:	960e      	str	r6, [sp, #56]	@ 0x38
34184c04:	f8bd 6090 	ldrh.w	r6, [sp, #144]	@ 0x90
34184c08:	9403      	str	r4, [sp, #12]
34184c0a:	960f      	str	r6, [sp, #60]	@ 0x3c
34184c0c:	f8bd 60d8 	ldrh.w	r6, [sp, #216]	@ 0xd8
34184c10:	b284      	uxth	r4, r0
34184c12:	9610      	str	r6, [sp, #64]	@ 0x40
34184c14:	f8bd 6098 	ldrh.w	r6, [sp, #152]	@ 0x98
34184c18:	b290      	uxth	r0, r2
34184c1a:	9611      	str	r6, [sp, #68]	@ 0x44
34184c1c:	f8bd 60dc 	ldrh.w	r6, [sp, #220]	@ 0xdc
34184c20:	b28d      	uxth	r5, r1
34184c22:	9612      	str	r6, [sp, #72]	@ 0x48
34184c24:	f8bd 60a0 	ldrh.w	r6, [sp, #160]	@ 0xa0
34184c28:	b299      	uxth	r1, r3
34184c2a:	9613      	str	r6, [sp, #76]	@ 0x4c
34184c2c:	f8bd 60e0 	ldrh.w	r6, [sp, #224]	@ 0xe0
34184c30:	fa1f f88c 	uxth.w	r8, ip
34184c34:	9614      	str	r6, [sp, #80]	@ 0x50
34184c36:	f8bd 60a8 	ldrh.w	r6, [sp, #168]	@ 0xa8
34184c3a:	9615      	str	r6, [sp, #84]	@ 0x54
34184c3c:	f8bd 60b8 	ldrh.w	r6, [sp, #184]	@ 0xb8
34184c40:	9616      	str	r6, [sp, #88]	@ 0x58
34184c42:	f8bd 60e4 	ldrh.w	r6, [sp, #228]	@ 0xe4
34184c46:	9617      	str	r6, [sp, #92]	@ 0x5c
34184c48:	f8bd 6060 	ldrh.w	r6, [sp, #96]	@ 0x60
34184c4c:	9600      	str	r6, [sp, #0]
34184c4e:	f8bd 6068 	ldrh.w	r6, [sp, #104]	@ 0x68
34184c52:	9601      	str	r6, [sp, #4]
34184c54:	e9dd 6704 	ldrd	r6, r7, [sp, #16]
34184c58:	4632      	mov	r2, r6
34184c5a:	463b      	mov	r3, r7
34184c5c:	ea52 431f 	lsrl	r2, r3, #16
34184c60:	4332      	orrs	r2, r6
34184c62:	9e33      	ldr	r6, [sp, #204]	@ 0xcc
34184c64:	0a13      	lsrs	r3, r2, #8
34184c66:	7032      	strb	r2, [r6, #0]
34184c68:	7073      	strb	r3, [r6, #1]
34184c6a:	0c13      	lsrs	r3, r2, #16
34184c6c:	0e12      	lsrs	r2, r2, #24
34184c6e:	70b3      	strb	r3, [r6, #2]
34184c70:	70f2      	strb	r2, [r6, #3]
34184c72:	e9dd 6706 	ldrd	r6, r7, [sp, #24]
34184c76:	4632      	mov	r2, r6
34184c78:	463b      	mov	r3, r7
34184c7a:	ea52 431f 	lsrl	r2, r3, #16
34184c7e:	4332      	orrs	r2, r6
34184c80:	9e33      	ldr	r6, [sp, #204]	@ 0xcc
34184c82:	0a13      	lsrs	r3, r2, #8
34184c84:	7132      	strb	r2, [r6, #4]
34184c86:	7173      	strb	r3, [r6, #5]
34184c88:	0c13      	lsrs	r3, r2, #16
34184c8a:	0e12      	lsrs	r2, r2, #24
34184c8c:	71b3      	strb	r3, [r6, #6]
34184c8e:	71f2      	strb	r2, [r6, #7]
34184c90:	464b      	mov	r3, r9
34184c92:	4642      	mov	r2, r8
34184c94:	ea52 431f 	lsrl	r2, r3, #16
34184c98:	ea42 0208 	orr.w	r2, r2, r8
34184c9c:	0a13      	lsrs	r3, r2, #8
34184c9e:	7232      	strb	r2, [r6, #8]
34184ca0:	7273      	strb	r3, [r6, #9]
34184ca2:	0c13      	lsrs	r3, r2, #16
34184ca4:	0e12      	lsrs	r2, r2, #24
34184ca6:	e9dd 8908 	ldrd	r8, r9, [sp, #32]
34184caa:	72b3      	strb	r3, [r6, #10]
34184cac:	72f2      	strb	r2, [r6, #11]
34184cae:	464b      	mov	r3, r9
34184cb0:	4642      	mov	r2, r8
34184cb2:	4647      	mov	r7, r8
34184cb4:	e9dd 890a 	ldrd	r8, r9, [sp, #40]	@ 0x28
34184cb8:	ea52 431f 	lsrl	r2, r3, #16
34184cbc:	433a      	orrs	r2, r7
34184cbe:	0a13      	lsrs	r3, r2, #8
34184cc0:	7332      	strb	r2, [r6, #12]
34184cc2:	7373      	strb	r3, [r6, #13]
34184cc4:	0c13      	lsrs	r3, r2, #16
34184cc6:	0e12      	lsrs	r2, r2, #24
34184cc8:	73b3      	strb	r3, [r6, #14]
34184cca:	73f2      	strb	r2, [r6, #15]
34184ccc:	464b      	mov	r3, r9
34184cce:	4642      	mov	r2, r8
34184cd0:	4647      	mov	r7, r8
34184cd2:	e9dd 890c 	ldrd	r8, r9, [sp, #48]	@ 0x30
34184cd6:	ea52 431f 	lsrl	r2, r3, #16
34184cda:	433a      	orrs	r2, r7
34184cdc:	0a13      	lsrs	r3, r2, #8
34184cde:	7432      	strb	r2, [r6, #16]
34184ce0:	7473      	strb	r3, [r6, #17]
34184ce2:	0c13      	lsrs	r3, r2, #16
34184ce4:	0e12      	lsrs	r2, r2, #24
34184ce6:	74b3      	strb	r3, [r6, #18]
34184ce8:	74f2      	strb	r2, [r6, #19]
34184cea:	465b      	mov	r3, fp
34184cec:	4652      	mov	r2, sl
34184cee:	ea52 431f 	lsrl	r2, r3, #16
34184cf2:	ea42 020a 	orr.w	r2, r2, sl
34184cf6:	0a13      	lsrs	r3, r2, #8
34184cf8:	7532      	strb	r2, [r6, #20]
34184cfa:	7573      	strb	r3, [r6, #21]
34184cfc:	0c13      	lsrs	r3, r2, #16
34184cfe:	0e12      	lsrs	r2, r2, #24
34184d00:	75b3      	strb	r3, [r6, #22]
34184d02:	75f2      	strb	r2, [r6, #23]
34184d04:	464b      	mov	r3, r9
34184d06:	4642      	mov	r2, r8
34184d08:	4647      	mov	r7, r8
34184d0a:	e9dd 890e 	ldrd	r8, r9, [sp, #56]	@ 0x38
34184d0e:	ea52 431f 	lsrl	r2, r3, #16
34184d12:	433a      	orrs	r2, r7
34184d14:	0a13      	lsrs	r3, r2, #8
34184d16:	7632      	strb	r2, [r6, #24]
34184d18:	7673      	strb	r3, [r6, #25]
34184d1a:	0c13      	lsrs	r3, r2, #16
34184d1c:	0e12      	lsrs	r2, r2, #24
34184d1e:	76b3      	strb	r3, [r6, #26]
34184d20:	76f2      	strb	r2, [r6, #27]
34184d22:	464b      	mov	r3, r9
34184d24:	4642      	mov	r2, r8
34184d26:	4647      	mov	r7, r8
34184d28:	ea52 431f 	lsrl	r2, r3, #16
34184d2c:	433a      	orrs	r2, r7
34184d2e:	0a13      	lsrs	r3, r2, #8
34184d30:	7732      	strb	r2, [r6, #28]
34184d32:	7773      	strb	r3, [r6, #29]
34184d34:	0c13      	lsrs	r3, r2, #16
34184d36:	0e12      	lsrs	r2, r2, #24
34184d38:	e9dd 8910 	ldrd	r8, r9, [sp, #64]	@ 0x40
34184d3c:	77b3      	strb	r3, [r6, #30]
34184d3e:	77f2      	strb	r2, [r6, #31]
34184d40:	464b      	mov	r3, r9
34184d42:	4642      	mov	r2, r8
34184d44:	4647      	mov	r7, r8
34184d46:	e9dd 8912 	ldrd	r8, r9, [sp, #72]	@ 0x48
34184d4a:	ea52 431f 	lsrl	r2, r3, #16
34184d4e:	433a      	orrs	r2, r7
34184d50:	0a13      	lsrs	r3, r2, #8
34184d52:	f886 2020 	strb.w	r2, [r6, #32]
34184d56:	f886 3021 	strb.w	r3, [r6, #33]	@ 0x21
34184d5a:	0c13      	lsrs	r3, r2, #16
34184d5c:	0e12      	lsrs	r2, r2, #24
34184d5e:	f886 3022 	strb.w	r3, [r6, #34]	@ 0x22
34184d62:	f886 2023 	strb.w	r2, [r6, #35]	@ 0x23
34184d66:	464b      	mov	r3, r9
34184d68:	4642      	mov	r2, r8
34184d6a:	4647      	mov	r7, r8
34184d6c:	e9dd 8914 	ldrd	r8, r9, [sp, #80]	@ 0x50
34184d70:	ea52 431f 	lsrl	r2, r3, #16
34184d74:	433a      	orrs	r2, r7
34184d76:	0a13      	lsrs	r3, r2, #8
34184d78:	f886 2024 	strb.w	r2, [r6, #36]	@ 0x24
34184d7c:	f886 3025 	strb.w	r3, [r6, #37]	@ 0x25
34184d80:	0c13      	lsrs	r3, r2, #16
34184d82:	0e12      	lsrs	r2, r2, #24
34184d84:	f886 3026 	strb.w	r3, [r6, #38]	@ 0x26
34184d88:	f886 2027 	strb.w	r2, [r6, #39]	@ 0x27
34184d8c:	464b      	mov	r3, r9
34184d8e:	4642      	mov	r2, r8
34184d90:	4647      	mov	r7, r8
34184d92:	e9dd 8916 	ldrd	r8, r9, [sp, #88]	@ 0x58
34184d96:	ea52 431f 	lsrl	r2, r3, #16
34184d9a:	433a      	orrs	r2, r7
34184d9c:	0a13      	lsrs	r3, r2, #8
34184d9e:	f886 2028 	strb.w	r2, [r6, #40]	@ 0x28
34184da2:	f886 3029 	strb.w	r3, [r6, #41]	@ 0x29
34184da6:	0c13      	lsrs	r3, r2, #16
34184da8:	0e12      	lsrs	r2, r2, #24
34184daa:	f886 302a 	strb.w	r3, [r6, #42]	@ 0x2a
34184dae:	f886 202b 	strb.w	r2, [r6, #43]	@ 0x2b
34184db2:	464b      	mov	r3, r9
34184db4:	4642      	mov	r2, r8
34184db6:	4647      	mov	r7, r8
34184db8:	e9dd 8900 	ldrd	r8, r9, [sp]
34184dbc:	ea52 431f 	lsrl	r2, r3, #16
34184dc0:	433a      	orrs	r2, r7
34184dc2:	0a13      	lsrs	r3, r2, #8
34184dc4:	f886 202c 	strb.w	r2, [r6, #44]	@ 0x2c
34184dc8:	f886 302d 	strb.w	r3, [r6, #45]	@ 0x2d
34184dcc:	0c13      	lsrs	r3, r2, #16
34184dce:	0e12      	lsrs	r2, r2, #24
34184dd0:	f886 302e 	strb.w	r3, [r6, #46]	@ 0x2e
34184dd4:	f886 202f 	strb.w	r2, [r6, #47]	@ 0x2f
34184dd8:	464b      	mov	r3, r9
34184dda:	4642      	mov	r2, r8
34184ddc:	4647      	mov	r7, r8
34184dde:	e9dd 8902 	ldrd	r8, r9, [sp, #8]
34184de2:	ea52 431f 	lsrl	r2, r3, #16
34184de6:	433a      	orrs	r2, r7
34184de8:	0a13      	lsrs	r3, r2, #8
34184dea:	f886 2030 	strb.w	r2, [r6, #48]	@ 0x30
34184dee:	f886 3031 	strb.w	r3, [r6, #49]	@ 0x31
34184df2:	0c13      	lsrs	r3, r2, #16
34184df4:	0e12      	lsrs	r2, r2, #24
34184df6:	f886 3032 	strb.w	r3, [r6, #50]	@ 0x32
34184dfa:	f886 2033 	strb.w	r2, [r6, #51]	@ 0x33
34184dfe:	464b      	mov	r3, r9
34184e00:	4642      	mov	r2, r8
34184e02:	4647      	mov	r7, r8
34184e04:	ea52 431f 	lsrl	r2, r3, #16
34184e08:	433a      	orrs	r2, r7
34184e0a:	0a13      	lsrs	r3, r2, #8
34184e0c:	f886 2034 	strb.w	r2, [r6, #52]	@ 0x34
34184e10:	f886 3035 	strb.w	r3, [r6, #53]	@ 0x35
34184e14:	0c13      	lsrs	r3, r2, #16
34184e16:	0e12      	lsrs	r2, r2, #24
34184e18:	f886 3036 	strb.w	r3, [r6, #54]	@ 0x36
34184e1c:	f886 2037 	strb.w	r2, [r6, #55]	@ 0x37
34184e20:	462b      	mov	r3, r5
34184e22:	4622      	mov	r2, r4
34184e24:	ea52 431f 	lsrl	r2, r3, #16
34184e28:	460d      	mov	r5, r1
34184e2a:	4322      	orrs	r2, r4
34184e2c:	4604      	mov	r4, r0
34184e2e:	ea54 451f 	lsrl	r4, r5, #16
34184e32:	0a13      	lsrs	r3, r2, #8
34184e34:	f886 2038 	strb.w	r2, [r6, #56]	@ 0x38
34184e38:	4304      	orrs	r4, r0
34184e3a:	f886 3039 	strb.w	r3, [r6, #57]	@ 0x39
34184e3e:	0c13      	lsrs	r3, r2, #16
34184e40:	0e12      	lsrs	r2, r2, #24
34184e42:	f886 303a 	strb.w	r3, [r6, #58]	@ 0x3a
34184e46:	f886 203b 	strb.w	r2, [r6, #59]	@ 0x3b
34184e4a:	0a21      	lsrs	r1, r4, #8
34184e4c:	0c22      	lsrs	r2, r4, #16
34184e4e:	0e23      	lsrs	r3, r4, #24
34184e50:	f886 403c 	strb.w	r4, [r6, #60]	@ 0x3c
34184e54:	f886 103d 	strb.w	r1, [r6, #61]	@ 0x3d
34184e58:	f886 203e 	strb.w	r2, [r6, #62]	@ 0x3e
34184e5c:	f886 303f 	strb.w	r3, [r6, #63]	@ 0x3f
34184e60:	b05b      	add	sp, #364	@ 0x16c
34184e62:	e8bd 8ff0 	ldmia.w	sp!, {r4, r5, r6, r7, r8, r9, sl, fp, pc}
34184e66:	bf00      	nop

34184e68 <aes256_ecb_keyexp>:
34184e68:	e92d 4ff0 	stmdb	sp!, {r4, r5, r6, r7, r8, r9, sl, fp, lr}
34184e6c:	4605      	mov	r5, r0
34184e6e:	f5ad 7d21 	sub.w	sp, sp, #644	@ 0x284
34184e72:	f44f 7070 	mov.w	r0, #960	@ 0x3c0
34184e76:	460c      	mov	r4, r1
34184e78:	f003 fe58 	bl	34188b2c <malloc>
34184e7c:	6028      	str	r0, [r5, #0]
34184e7e:	2800      	cmp	r0, #0
34184e80:	f000 818a 	beq.w	34185198 <aes256_ecb_keyexp+0x330>
34184e84:	2700      	movs	r7, #0
34184e86:	6861      	ldr	r1, [r4, #4]
34184e88:	68a2      	ldr	r2, [r4, #8]
34184e8a:	68e3      	ldr	r3, [r4, #12]
34184e8c:	4682      	mov	sl, r0
34184e8e:	6820      	ldr	r0, [r4, #0]
34184e90:	f50d 7cc8 	add.w	ip, sp, #400	@ 0x190
34184e94:	4665      	mov	r5, ip
34184e96:	4666      	mov	r6, ip
34184e98:	e8ac 000f 	stmia.w	ip!, {r0, r1, r2, r3}
34184e9c:	69e3      	ldr	r3, [r4, #28]
34184e9e:	6920      	ldr	r0, [r4, #16]
34184ea0:	6961      	ldr	r1, [r4, #20]
34184ea2:	69a2      	ldr	r2, [r4, #24]
34184ea4:	461c      	mov	r4, r3
34184ea6:	e8ac 000f 	stmia.w	ip!, {r0, r1, r2, r3}
34184eaa:	463b      	mov	r3, r7
34184eac:	f8df 92f0 	ldr.w	r9, [pc, #752]	@ 341851a0 <aes256_ecb_keyexp+0x338>
34184eb0:	f50d 7818 	add.w	r8, sp, #608	@ 0x260
34184eb4:	2b00      	cmp	r3, #0
34184eb6:	f000 814e 	beq.w	34185156 <aes256_ecb_keyexp+0x2ee>
34184eba:	2b04      	cmp	r3, #4
34184ebc:	f040 813e 	bne.w	3418513c <aes256_ecb_keyexp+0x2d4>
34184ec0:	2238      	movs	r2, #56	@ 0x38
34184ec2:	2100      	movs	r1, #0
34184ec4:	a82a      	add	r0, sp, #168	@ 0xa8
34184ec6:	f004 fc57 	bl	34189778 <memset>
34184eca:	2300      	movs	r3, #0
34184ecc:	a828      	add	r0, sp, #160	@ 0xa0
34184ece:	9329      	str	r3, [sp, #164]	@ 0xa4
34184ed0:	9428      	str	r4, [sp, #160]	@ 0xa0
34184ed2:	f7fe fc93 	bl	341837fc <br_aes_ct64_ortho>
34184ed6:	f7fe fa1b 	bl	34183310 <br_aes_ct64_bitslice_Sbox>
34184eda:	a828      	add	r0, sp, #160	@ 0xa0
34184edc:	f7fe fc8e 	bl	341837fc <br_aes_ct64_ortho>
34184ee0:	6833      	ldr	r3, [r6, #0]
34184ee2:	9c28      	ldr	r4, [sp, #160]	@ 0xa0
34184ee4:	3604      	adds	r6, #4
34184ee6:	405c      	eors	r4, r3
34184ee8:	61f4      	str	r4, [r6, #28]
34184eea:	45b0      	cmp	r8, r6
34184eec:	d006      	beq.n	34184efc <aes256_ecb_keyexp+0x94>
34184eee:	6833      	ldr	r3, [r6, #0]
34184ef0:	405c      	eors	r4, r3
34184ef2:	2306      	movs	r3, #6
34184ef4:	6234      	str	r4, [r6, #32]
34184ef6:	3604      	adds	r6, #4
34184ef8:	45b0      	cmp	r8, r6
34184efa:	d1db      	bne.n	34184eb4 <aes256_ecb_keyexp+0x4c>
34184efc:	f10d 0b64 	add.w	fp, sp, #100	@ 0x64
34184f00:	e9cd ba0e 	strd	fp, sl, [sp, #56]	@ 0x38
34184f04:	ac28      	add	r4, sp, #160	@ 0xa0
34184f06:	a818      	add	r0, sp, #96	@ 0x60
34184f08:	68ab      	ldr	r3, [r5, #8]
34184f0a:	3410      	adds	r4, #16
34184f0c:	b29a      	uxth	r2, r3
34184f0e:	0c1b      	lsrs	r3, r3, #16
34184f10:	9301      	str	r3, [sp, #4]
34184f12:	9200      	str	r2, [sp, #0]
34184f14:	e9dd 6700 	ldrd	r6, r7, [sp]
34184f18:	ea46 2306 	orr.w	r3, r6, r6, lsl #8
34184f1c:	ea56 270f 	lsll	r6, r7, #8
34184f20:	9306      	str	r3, [sp, #24]
34184f22:	68eb      	ldr	r3, [r5, #12]
34184f24:	9901      	ldr	r1, [sp, #4]
34184f26:	b29a      	uxth	r2, r3
34184f28:	0c1b      	lsrs	r3, r3, #16
34184f2a:	9305      	str	r3, [sp, #20]
34184f2c:	9204      	str	r2, [sp, #16]
34184f2e:	4339      	orrs	r1, r7
34184f30:	e9dd 6704 	ldrd	r6, r7, [sp, #16]
34184f34:	ea56 270f 	lsll	r6, r7, #8
34184f38:	ea42 2302 	orr.w	r3, r2, r2, lsl #8
34184f3c:	930a      	str	r3, [sp, #40]	@ 0x28
34184f3e:	682b      	ldr	r3, [r5, #0]
34184f40:	9107      	str	r1, [sp, #28]
34184f42:	9905      	ldr	r1, [sp, #20]
34184f44:	fa1f fa83 	uxth.w	sl, r3
34184f48:	ea4f 4b13 	mov.w	fp, r3, lsr #16
34184f4c:	4339      	orrs	r1, r7
34184f4e:	4656      	mov	r6, sl
34184f50:	465f      	mov	r7, fp
34184f52:	ea56 270f 	lsll	r6, r7, #8
34184f56:	686b      	ldr	r3, [r5, #4]
34184f58:	910b      	str	r1, [sp, #44]	@ 0x2c
34184f5a:	b29a      	uxth	r2, r3
34184f5c:	0c1b      	lsrs	r3, r3, #16
34184f5e:	9202      	str	r2, [sp, #8]
34184f60:	9303      	str	r3, [sp, #12]
34184f62:	ea4b 0107 	orr.w	r1, fp, r7
34184f66:	e9dd 6702 	ldrd	r6, r7, [sp, #8]
34184f6a:	ea56 270f 	lsll	r6, r7, #8
34184f6e:	9b02      	ldr	r3, [sp, #8]
34184f70:	ea4a 220a 	orr.w	r2, sl, sl, lsl #8
34184f74:	ea43 2303 	orr.w	r3, r3, r3, lsl #8
34184f78:	f003 1eff 	and.w	lr, r3, #16711935	@ 0xff00ff
34184f7c:	9b03      	ldr	r3, [sp, #12]
34184f7e:	f002 12ff 	and.w	r2, r2, #16711935	@ 0xff00ff
34184f82:	ea43 0c07 	orr.w	ip, r3, r7
34184f86:	e9dd 6706 	ldrd	r6, r7, [sp, #24]
34184f8a:	ea56 270f 	lsll	r6, r7, #8
34184f8e:	e9cd 6708 	strd	r6, r7, [sp, #32]
34184f92:	e9dd 670a 	ldrd	r6, r7, [sp, #40]	@ 0x28
34184f96:	ea56 270f 	lsll	r6, r7, #8
34184f9a:	9b08      	ldr	r3, [sp, #32]
34184f9c:	e9cd 670c 	strd	r6, r7, [sp, #48]	@ 0x30
34184fa0:	f003 26ff 	and.w	r6, r3, #4278255360	@ 0xff00ff00
34184fa4:	9b09      	ldr	r3, [sp, #36]	@ 0x24
34184fa6:	4316      	orrs	r6, r2
34184fa8:	f003 27ff 	and.w	r7, r3, #4278255360	@ 0xff00ff00
34184fac:	9a0e      	ldr	r2, [sp, #56]	@ 0x38
34184fae:	f001 11ff 	and.w	r1, r1, #16711935	@ 0xff00ff
34184fb2:	430f      	orrs	r7, r1
34184fb4:	6006      	str	r6, [r0, #0]
34184fb6:	f00c 1cff 	and.w	ip, ip, #16711935	@ 0xff00ff
34184fba:	6017      	str	r7, [r2, #0]
34184fbc:	e9c0 6702 	strd	r6, r7, [r0, #8]
34184fc0:	6106      	str	r6, [r0, #16]
34184fc2:	61c7      	str	r7, [r0, #28]
34184fc4:	e9c0 7605 	strd	r7, r6, [r0, #20]
34184fc8:	e9dd 670c 	ldrd	r6, r7, [sp, #48]	@ 0x30
34184fcc:	f006 22ff 	and.w	r2, r6, #4278255360	@ 0xff00ff00
34184fd0:	f007 21ff 	and.w	r1, r7, #4278255360	@ 0xff00ff00
34184fd4:	ea42 020e 	orr.w	r2, r2, lr
34184fd8:	ea41 010c 	orr.w	r1, r1, ip
34184fdc:	e9cd 2120 	strd	r2, r1, [sp, #128]	@ 0x80
34184fe0:	e9c0 120d 	strd	r1, r2, [r0, #52]	@ 0x34
34184fe4:	e9c0 210a 	strd	r2, r1, [r0, #40]	@ 0x28
34184fe8:	6302      	str	r2, [r0, #48]	@ 0x30
34184fea:	63c1      	str	r1, [r0, #60]	@ 0x3c
34184fec:	f7fe fc06 	bl	341837fc <br_aes_ct64_ortho>
34184ff0:	9a20      	ldr	r2, [sp, #128]	@ 0x80
34184ff2:	6a83      	ldr	r3, [r0, #40]	@ 0x28
34184ff4:	f002 3211 	and.w	r2, r2, #286331153	@ 0x11111111
34184ff8:	f003 3322 	and.w	r3, r3, #572662306	@ 0x22222222
34184ffc:	431a      	orrs	r2, r3
34184ffe:	9f21      	ldr	r7, [sp, #132]	@ 0x84
34185000:	6ac3      	ldr	r3, [r0, #44]	@ 0x2c
34185002:	990e      	ldr	r1, [sp, #56]	@ 0x38
34185004:	f003 3322 	and.w	r3, r3, #572662306	@ 0x22222222
34185008:	f007 3711 	and.w	r7, r7, #286331153	@ 0x11111111
3418500c:	680e      	ldr	r6, [r1, #0]
3418500e:	431f      	orrs	r7, r3
34185010:	6881      	ldr	r1, [r0, #8]
34185012:	6803      	ldr	r3, [r0, #0]
34185014:	f001 3122 	and.w	r1, r1, #572662306	@ 0x22222222
34185018:	f003 3311 	and.w	r3, r3, #286331153	@ 0x11111111
3418501c:	430b      	orrs	r3, r1
3418501e:	68c1      	ldr	r1, [r0, #12]
34185020:	f006 3611 	and.w	r6, r6, #286331153	@ 0x11111111
34185024:	f001 3122 	and.w	r1, r1, #572662306	@ 0x22222222
34185028:	430e      	orrs	r6, r1
3418502a:	6b01      	ldr	r1, [r0, #48]	@ 0x30
3418502c:	3510      	adds	r5, #16
3418502e:	f001 3144 	and.w	r1, r1, #1145324612	@ 0x44444444
34185032:	430a      	orrs	r2, r1
34185034:	6b41      	ldr	r1, [r0, #52]	@ 0x34
34185036:	f001 3144 	and.w	r1, r1, #1145324612	@ 0x44444444
3418503a:	430f      	orrs	r7, r1
3418503c:	6901      	ldr	r1, [r0, #16]
3418503e:	f001 3144 	and.w	r1, r1, #1145324612	@ 0x44444444
34185042:	430b      	orrs	r3, r1
34185044:	6941      	ldr	r1, [r0, #20]
34185046:	f001 3144 	and.w	r1, r1, #1145324612	@ 0x44444444
3418504a:	4331      	orrs	r1, r6
3418504c:	6b86      	ldr	r6, [r0, #56]	@ 0x38
3418504e:	f006 3688 	and.w	r6, r6, #2290649224	@ 0x88888888
34185052:	4332      	orrs	r2, r6
34185054:	f844 2c08 	str.w	r2, [r4, #-8]
34185058:	6bc2      	ldr	r2, [r0, #60]	@ 0x3c
3418505a:	f002 3288 	and.w	r2, r2, #2290649224	@ 0x88888888
3418505e:	433a      	orrs	r2, r7
34185060:	f844 2c04 	str.w	r2, [r4, #-4]
34185064:	6982      	ldr	r2, [r0, #24]
34185066:	f002 3288 	and.w	r2, r2, #2290649224	@ 0x88888888
3418506a:	4313      	orrs	r3, r2
3418506c:	f844 3c10 	str.w	r3, [r4, #-16]
34185070:	69c3      	ldr	r3, [r0, #28]
34185072:	f003 3388 	and.w	r3, r3, #2290649224	@ 0x88888888
34185076:	4319      	orrs	r1, r3
34185078:	ab64      	add	r3, sp, #400	@ 0x190
3418507a:	f844 1c0c 	str.w	r1, [r4, #-12]
3418507e:	42a3      	cmp	r3, r4
34185080:	f47f af42 	bne.w	34184f08 <aes256_ecb_keyexp+0xa0>
34185084:	f04f 0e1e 	mov.w	lr, #30
34185088:	f04e e001 	dls	lr, lr
3418508c:	aa26      	add	r2, sp, #152	@ 0x98
3418508e:	f8dd c03c 	ldr.w	ip, [sp, #60]	@ 0x3c
34185092:	9200      	str	r2, [sp, #0]
34185094:	9e00      	ldr	r6, [sp, #0]
34185096:	f10c 0c20 	add.w	ip, ip, #32
3418509a:	e9f6 2302 	ldrd	r2, r3, [r6, #8]!
3418509e:	461f      	mov	r7, r3
341850a0:	9600      	str	r6, [sp, #0]
341850a2:	4616      	mov	r6, r2
341850a4:	ea56 075f 	lsrl	r6, r7, #1
341850a8:	f002 3a11 	and.w	sl, r2, #286331153	@ 0x11111111
341850ac:	f003 3b11 	and.w	fp, r3, #286331153	@ 0x11111111
341850b0:	f006 3811 	and.w	r8, r6, #286331153	@ 0x11111111
341850b4:	f007 3911 	and.w	r9, r7, #286331153	@ 0x11111111
341850b8:	4616      	mov	r6, r2
341850ba:	461f      	mov	r7, r3
341850bc:	ea52 03df 	lsrl	r2, r3, #3
341850c0:	f002 3411 	and.w	r4, r2, #286331153	@ 0x11111111
341850c4:	f003 3511 	and.w	r5, r3, #286331153	@ 0x11111111
341850c8:	4652      	mov	r2, sl
341850ca:	465b      	mov	r3, fp
341850cc:	ea52 130f 	lsll	r2, r3, #4
341850d0:	ea56 079f 	lsrl	r6, r7, #2
341850d4:	ebb2 020a 	subs.w	r2, r2, sl
341850d8:	f006 3011 	and.w	r0, r6, #286331153	@ 0x11111111
341850dc:	f84c 2c20 	str.w	r2, [ip, #-32]
341850e0:	eb63 060b 	sbc.w	r6, r3, fp
341850e4:	4642      	mov	r2, r8
341850e6:	464b      	mov	r3, r9
341850e8:	ea52 130f 	lsll	r2, r3, #4
341850ec:	f007 3111 	and.w	r1, r7, #286331153	@ 0x11111111
341850f0:	ebb2 0208 	subs.w	r2, r2, r8
341850f4:	f84c 6c1c 	str.w	r6, [ip, #-28]
341850f8:	f84c 2c18 	str.w	r2, [ip, #-24]
341850fc:	eb63 0609 	sbc.w	r6, r3, r9
34185100:	4602      	mov	r2, r0
34185102:	460b      	mov	r3, r1
34185104:	ea52 130f 	lsll	r2, r3, #4
34185108:	1a12      	subs	r2, r2, r0
3418510a:	f84c 6c14 	str.w	r6, [ip, #-20]
3418510e:	f84c 2c10 	str.w	r2, [ip, #-16]
34185112:	eb63 0601 	sbc.w	r6, r3, r1
34185116:	4622      	mov	r2, r4
34185118:	462b      	mov	r3, r5
3418511a:	ea52 130f 	lsll	r2, r3, #4
3418511e:	1b12      	subs	r2, r2, r4
34185120:	eb63 0305 	sbc.w	r3, r3, r5
34185124:	f84c 6c0c 	str.w	r6, [ip, #-12]
34185128:	f84c 2c08 	str.w	r2, [ip, #-8]
3418512c:	f84c 3c04 	str.w	r3, [ip, #-4]
34185130:	f00f c051 	le	lr, 34185094 <aes256_ecb_keyexp+0x22c>
34185134:	f50d 7d21 	add.w	sp, sp, #644	@ 0x284
34185138:	e8bd 8ff0 	ldmia.w	sp!, {r4, r5, r6, r7, r8, r9, sl, fp, pc}
3418513c:	6832      	ldr	r2, [r6, #0]
3418513e:	3301      	adds	r3, #1
34185140:	2b08      	cmp	r3, #8
34185142:	ea84 0402 	eor.w	r4, r4, r2
34185146:	f47f aed5 	bne.w	34184ef4 <aes256_ecb_keyexp+0x8c>
3418514a:	6234      	str	r4, [r6, #32]
3418514c:	3604      	adds	r6, #4
3418514e:	4546      	cmp	r6, r8
34185150:	f43f aed4 	beq.w	34184efc <aes256_ecb_keyexp+0x94>
34185154:	3701      	adds	r7, #1
34185156:	2238      	movs	r2, #56	@ 0x38
34185158:	2100      	movs	r1, #0
3418515a:	a82a      	add	r0, sp, #168	@ 0xa8
3418515c:	f004 fb0c 	bl	34189778 <memset>
34185160:	2300      	movs	r3, #0
34185162:	a828      	add	r0, sp, #160	@ 0xa0
34185164:	ea4f 2434 	mov.w	r4, r4, ror #8
34185168:	9329      	str	r3, [sp, #164]	@ 0xa4
3418516a:	9428      	str	r4, [sp, #160]	@ 0xa0
3418516c:	f7fe fb46 	bl	341837fc <br_aes_ct64_ortho>
34185170:	f7fe f8ce 	bl	34183310 <br_aes_ct64_bitslice_Sbox>
34185174:	a828      	add	r0, sp, #160	@ 0xa0
34185176:	f7fe fb41 	bl	341837fc <br_aes_ct64_ortho>
3418517a:	6832      	ldr	r2, [r6, #0]
3418517c:	f819 4007 	ldrb.w	r4, [r9, r7]
34185180:	9b28      	ldr	r3, [sp, #160]	@ 0xa0
34185182:	4054      	eors	r4, r2
34185184:	405c      	eors	r4, r3
34185186:	6234      	str	r4, [r6, #32]
34185188:	3604      	adds	r6, #4
3418518a:	4546      	cmp	r6, r8
3418518c:	f43f aeb6 	beq.w	34184efc <aes256_ecb_keyexp+0x94>
34185190:	6833      	ldr	r3, [r6, #0]
34185192:	405c      	eors	r4, r3
34185194:	2302      	movs	r3, #2
34185196:	e6ad      	b.n	34184ef4 <aes256_ecb_keyexp+0x8c>
34185198:	206f      	movs	r0, #111	@ 0x6f
3418519a:	f003 fcb9 	bl	34188b10 <exit>
3418519e:	bf00      	nop
341851a0:	3418fd40 	.word	0x3418fd40

341851a4 <aes256_ecb>:
341851a4:	e92d 4ff0 	stmdb	sp!, {r4, r5, r6, r7, r8, r9, sl, fp, lr}
341851a8:	681b      	ldr	r3, [r3, #0]
341851aa:	b0a3      	sub	sp, #140	@ 0x8c
341851ac:	2a03      	cmp	r2, #3
341851ae:	4616      	mov	r6, r2
341851b0:	4682      	mov	sl, r0
341851b2:	4689      	mov	r9, r1
341851b4:	9301      	str	r3, [sp, #4]
341851b6:	d933      	bls.n	34185220 <aes256_ecb+0x7c>
341851b8:	468c      	mov	ip, r1
341851ba:	4690      	mov	r8, r2
341851bc:	4607      	mov	r7, r0
341851be:	f04f 0e04 	mov.w	lr, #4
341851c2:	f04e e001 	dls	lr, lr
341851c6:	f10d 0b08 	add.w	fp, sp, #8
341851ca:	f10c 0540 	add.w	r5, ip, #64	@ 0x40
341851ce:	465c      	mov	r4, fp
341851d0:	f8dc 0000 	ldr.w	r0, [ip]
341851d4:	f8dc 1004 	ldr.w	r1, [ip, #4]
341851d8:	f8dc 2008 	ldr.w	r2, [ip, #8]
341851dc:	f8dc 300c 	ldr.w	r3, [ip, #12]
341851e0:	f10b 0b10 	add.w	fp, fp, #16
341851e4:	c40f      	stmia	r4!, {r0, r1, r2, r3}
341851e6:	f10c 0c10 	add.w	ip, ip, #16
341851ea:	f00f c011 	le	lr, 341851ce <aes256_ecb+0x2a>
341851ee:	4638      	mov	r0, r7
341851f0:	9a01      	ldr	r2, [sp, #4]
341851f2:	a902      	add	r1, sp, #8
341851f4:	f1a8 0804 	sub.w	r8, r8, #4
341851f8:	f7fe fcfc 	bl	34183bf4 <aes_ecb4x.constprop.0>
341851fc:	f1b8 0f03 	cmp.w	r8, #3
34185200:	46ac      	mov	ip, r5
34185202:	f107 0740 	add.w	r7, r7, #64	@ 0x40
34185206:	d8da      	bhi.n	341851be <aes256_ecb+0x1a>
34185208:	08b3      	lsrs	r3, r6, #2
3418520a:	3b01      	subs	r3, #1
3418520c:	eb0a 1283 	add.w	r2, sl, r3, lsl #6
34185210:	f109 0940 	add.w	r9, r9, #64	@ 0x40
34185214:	f102 0a40 	add.w	sl, r2, #64	@ 0x40
34185218:	eb09 1983 	add.w	r9, r9, r3, lsl #6
3418521c:	f006 0603 	and.w	r6, r6, #3
34185220:	b176      	cbz	r6, 34185240 <aes256_ecb+0x9c>
34185222:	4649      	mov	r1, r9
34185224:	0132      	lsls	r2, r6, #4
34185226:	a802      	add	r0, sp, #8
34185228:	f004 fb9a 	bl	34189960 <memcpy>
3418522c:	9a01      	ldr	r2, [sp, #4]
3418522e:	a902      	add	r1, sp, #8
34185230:	a812      	add	r0, sp, #72	@ 0x48
34185232:	f7fe fcdf 	bl	34183bf4 <aes_ecb4x.constprop.0>
34185236:	4650      	mov	r0, sl
34185238:	0132      	lsls	r2, r6, #4
3418523a:	a912      	add	r1, sp, #72	@ 0x48
3418523c:	f004 fb90 	bl	34189960 <memcpy>
34185240:	b023      	add	sp, #140	@ 0x8c
34185242:	e8bd 8ff0 	ldmia.w	sp!, {r4, r5, r6, r7, r8, r9, sl, fp, pc}
34185246:	bf00      	nop

34185248 <aes256_ctx_release>:
34185248:	6800      	ldr	r0, [r0, #0]
3418524a:	f003 bc77 	b.w	34188b3c <free>
3418524e:	bf00      	nop

34185250 <KeccakF1600_StatePermute>:
34185250:	2201      	movs	r2, #1
34185252:	2300      	movs	r3, #0
34185254:	e92d 4ff0 	stmdb	sp!, {r4, r5, r6, r7, r8, r9, sl, fp, lr}
34185258:	b0c3      	sub	sp, #268	@ 0x10c
3418525a:	923c      	str	r2, [sp, #240]	@ 0xf0
3418525c:	f248 0282 	movw	r2, #32898	@ 0x8082
34185260:	933f      	str	r3, [sp, #252]	@ 0xfc
34185262:	933d      	str	r3, [sp, #244]	@ 0xf4
34185264:	6843      	ldr	r3, [r0, #4]
34185266:	923e      	str	r2, [sp, #248]	@ 0xf8
34185268:	9305      	str	r3, [sp, #20]
3418526a:	6883      	ldr	r3, [r0, #8]
3418526c:	4a3b      	ldr	r2, [pc, #236]	@ (3418535c <KeccakF1600_StatePermute+0x10c>)
3418526e:	9331      	str	r3, [sp, #196]	@ 0xc4
34185270:	68c3      	ldr	r3, [r0, #12]
34185272:	9240      	str	r2, [sp, #256]	@ 0x100
34185274:	9301      	str	r3, [sp, #4]
34185276:	6903      	ldr	r3, [r0, #16]
34185278:	6802      	ldr	r2, [r0, #0]
3418527a:	9306      	str	r3, [sp, #24]
3418527c:	6943      	ldr	r3, [r0, #20]
3418527e:	9204      	str	r2, [sp, #16]
34185280:	9302      	str	r3, [sp, #8]
34185282:	6983      	ldr	r3, [r0, #24]
34185284:	f04f 0e0c 	mov.w	lr, #12
34185288:	9307      	str	r3, [sp, #28]
3418528a:	69c3      	ldr	r3, [r0, #28]
3418528c:	f04e e001 	dls	lr, lr
34185290:	9308      	str	r3, [sp, #32]
34185292:	6a03      	ldr	r3, [r0, #32]
34185294:	9309      	str	r3, [sp, #36]	@ 0x24
34185296:	6a43      	ldr	r3, [r0, #36]	@ 0x24
34185298:	930a      	str	r3, [sp, #40]	@ 0x28
3418529a:	6a83      	ldr	r3, [r0, #40]	@ 0x28
3418529c:	930b      	str	r3, [sp, #44]	@ 0x2c
3418529e:	6ac3      	ldr	r3, [r0, #44]	@ 0x2c
341852a0:	930c      	str	r3, [sp, #48]	@ 0x30
341852a2:	e9d0 830c 	ldrd	r8, r3, [r0, #48]	@ 0x30
341852a6:	930d      	str	r3, [sp, #52]	@ 0x34
341852a8:	6b83      	ldr	r3, [r0, #56]	@ 0x38
341852aa:	930e      	str	r3, [sp, #56]	@ 0x38
341852ac:	6bc3      	ldr	r3, [r0, #60]	@ 0x3c
341852ae:	930f      	str	r3, [sp, #60]	@ 0x3c
341852b0:	6c03      	ldr	r3, [r0, #64]	@ 0x40
341852b2:	9310      	str	r3, [sp, #64]	@ 0x40
341852b4:	6c43      	ldr	r3, [r0, #68]	@ 0x44
341852b6:	9311      	str	r3, [sp, #68]	@ 0x44
341852b8:	6c83      	ldr	r3, [r0, #72]	@ 0x48
341852ba:	9312      	str	r3, [sp, #72]	@ 0x48
341852bc:	6cc3      	ldr	r3, [r0, #76]	@ 0x4c
341852be:	9313      	str	r3, [sp, #76]	@ 0x4c
341852c0:	6d03      	ldr	r3, [r0, #80]	@ 0x50
341852c2:	9314      	str	r3, [sp, #80]	@ 0x50
341852c4:	6d43      	ldr	r3, [r0, #84]	@ 0x54
341852c6:	9315      	str	r3, [sp, #84]	@ 0x54
341852c8:	6d83      	ldr	r3, [r0, #88]	@ 0x58
341852ca:	9316      	str	r3, [sp, #88]	@ 0x58
341852cc:	6dc3      	ldr	r3, [r0, #92]	@ 0x5c
341852ce:	9317      	str	r3, [sp, #92]	@ 0x5c
341852d0:	6e03      	ldr	r3, [r0, #96]	@ 0x60
341852d2:	9318      	str	r3, [sp, #96]	@ 0x60
341852d4:	6e43      	ldr	r3, [r0, #100]	@ 0x64
341852d6:	9319      	str	r3, [sp, #100]	@ 0x64
341852d8:	6e83      	ldr	r3, [r0, #104]	@ 0x68
341852da:	931a      	str	r3, [sp, #104]	@ 0x68
341852dc:	6ec3      	ldr	r3, [r0, #108]	@ 0x6c
341852de:	931b      	str	r3, [sp, #108]	@ 0x6c
341852e0:	6f03      	ldr	r3, [r0, #112]	@ 0x70
341852e2:	931c      	str	r3, [sp, #112]	@ 0x70
341852e4:	6f43      	ldr	r3, [r0, #116]	@ 0x74
341852e6:	e9d0 a52a 	ldrd	sl, r5, [r0, #168]	@ 0xa8
341852ea:	931d      	str	r3, [sp, #116]	@ 0x74
341852ec:	6f83      	ldr	r3, [r0, #120]	@ 0x78
341852ee:	931e      	str	r3, [sp, #120]	@ 0x78
341852f0:	6fc3      	ldr	r3, [r0, #124]	@ 0x7c
341852f2:	931f      	str	r3, [sp, #124]	@ 0x7c
341852f4:	f8d0 3080 	ldr.w	r3, [r0, #128]	@ 0x80
341852f8:	9320      	str	r3, [sp, #128]	@ 0x80
341852fa:	f8d0 3084 	ldr.w	r3, [r0, #132]	@ 0x84
341852fe:	9321      	str	r3, [sp, #132]	@ 0x84
34185300:	f8d0 3088 	ldr.w	r3, [r0, #136]	@ 0x88
34185304:	9322      	str	r3, [sp, #136]	@ 0x88
34185306:	f8d0 308c 	ldr.w	r3, [r0, #140]	@ 0x8c
3418530a:	9323      	str	r3, [sp, #140]	@ 0x8c
3418530c:	f8d0 3090 	ldr.w	r3, [r0, #144]	@ 0x90
34185310:	9324      	str	r3, [sp, #144]	@ 0x90
34185312:	f8d0 3094 	ldr.w	r3, [r0, #148]	@ 0x94
34185316:	9325      	str	r3, [sp, #148]	@ 0x94
34185318:	f8d0 3098 	ldr.w	r3, [r0, #152]	@ 0x98
3418531c:	9326      	str	r3, [sp, #152]	@ 0x98
3418531e:	f8d0 309c 	ldr.w	r3, [r0, #156]	@ 0x9c
34185322:	9327      	str	r3, [sp, #156]	@ 0x9c
34185324:	f8d0 30a0 	ldr.w	r3, [r0, #160]	@ 0xa0
34185328:	9328      	str	r3, [sp, #160]	@ 0xa0
3418532a:	f8d0 30a4 	ldr.w	r3, [r0, #164]	@ 0xa4
3418532e:	9329      	str	r3, [sp, #164]	@ 0xa4
34185330:	f8d0 30b0 	ldr.w	r3, [r0, #176]	@ 0xb0
34185334:	9303      	str	r3, [sp, #12]
34185336:	f8d0 30b4 	ldr.w	r3, [r0, #180]	@ 0xb4
3418533a:	932a      	str	r3, [sp, #168]	@ 0xa8
3418533c:	f8d0 30b8 	ldr.w	r3, [r0, #184]	@ 0xb8
34185340:	9041      	str	r0, [sp, #260]	@ 0x104
34185342:	932b      	str	r3, [sp, #172]	@ 0xac
34185344:	f8d0 30bc 	ldr.w	r3, [r0, #188]	@ 0xbc
34185348:	932c      	str	r3, [sp, #176]	@ 0xb0
3418534a:	f8d0 30c0 	ldr.w	r3, [r0, #192]	@ 0xc0
3418534e:	932d      	str	r3, [sp, #180]	@ 0xb4
34185350:	f8d0 30c4 	ldr.w	r3, [r0, #196]	@ 0xc4
34185354:	e9cd 382e 	strd	r3, r8, [sp, #184]	@ 0xb8
34185358:	e002      	b.n	34185360 <KeccakF1600_StatePermute+0x110>
3418535a:	bf00      	nop
3418535c:	3418fd50 	.word	0x3418fd50
34185360:	9a0b      	ldr	r2, [sp, #44]	@ 0x2c
34185362:	9b04      	ldr	r3, [sp, #16]
34185364:	9914      	ldr	r1, [sp, #80]	@ 0x50
34185366:	981e      	ldr	r0, [sp, #120]	@ 0x78
34185368:	4053      	eors	r3, r2
3418536a:	9c28      	ldr	r4, [sp, #160]	@ 0xa0
3418536c:	9e05      	ldr	r6, [sp, #20]
3418536e:	9a0c      	ldr	r2, [sp, #48]	@ 0x30
34185370:	404b      	eors	r3, r1
34185372:	4043      	eors	r3, r0
34185374:	9915      	ldr	r1, [sp, #84]	@ 0x54
34185376:	ea83 0b04 	eor.w	fp, r3, r4
3418537a:	981f      	ldr	r0, [sp, #124]	@ 0x7c
3418537c:	ea86 0302 	eor.w	r3, r6, r2
34185380:	9c29      	ldr	r4, [sp, #164]	@ 0xa4
34185382:	404b      	eors	r3, r1
34185384:	9a06      	ldr	r2, [sp, #24]
34185386:	4043      	eors	r3, r0
34185388:	980e      	ldr	r0, [sp, #56]	@ 0x38
3418538a:	4063      	eors	r3, r4
3418538c:	9c18      	ldr	r4, [sp, #96]	@ 0x60
3418538e:	ea82 0600 	eor.w	r6, r2, r0
34185392:	9a22      	ldr	r2, [sp, #136]	@ 0x88
34185394:	4066      	eors	r6, r4
34185396:	9803      	ldr	r0, [sp, #12]
34185398:	9c02      	ldr	r4, [sp, #8]
3418539a:	4056      	eors	r6, r2
3418539c:	9a0f      	ldr	r2, [sp, #60]	@ 0x3c
3418539e:	4046      	eors	r6, r0
341853a0:	ea84 0002 	eor.w	r0, r4, r2
341853a4:	9c19      	ldr	r4, [sp, #100]	@ 0x64
341853a6:	9a23      	ldr	r2, [sp, #140]	@ 0x8c
341853a8:	4060      	eors	r0, r4
341853aa:	9c2a      	ldr	r4, [sp, #168]	@ 0xa8
341853ac:	4050      	eors	r0, r2
341853ae:	4060      	eors	r0, r4
341853b0:	9a07      	ldr	r2, [sp, #28]
341853b2:	9c10      	ldr	r4, [sp, #64]	@ 0x40
341853b4:	9f1a      	ldr	r7, [sp, #104]	@ 0x68
341853b6:	4054      	eors	r4, r2
341853b8:	9a24      	ldr	r2, [sp, #144]	@ 0x90
341853ba:	407c      	eors	r4, r7
341853bc:	9f2b      	ldr	r7, [sp, #172]	@ 0xac
341853be:	4054      	eors	r4, r2
341853c0:	407c      	eors	r4, r7
341853c2:	9a08      	ldr	r2, [sp, #32]
341853c4:	9f11      	ldr	r7, [sp, #68]	@ 0x44
341853c6:	9330      	str	r3, [sp, #192]	@ 0xc0
341853c8:	ea82 0107 	eor.w	r1, r2, r7
341853cc:	9a1b      	ldr	r2, [sp, #108]	@ 0x6c
341853ce:	9f25      	ldr	r7, [sp, #148]	@ 0x94
341853d0:	4051      	eors	r1, r2
341853d2:	9a2c      	ldr	r2, [sp, #176]	@ 0xb0
341853d4:	4079      	eors	r1, r7
341853d6:	4051      	eors	r1, r2
341853d8:	9100      	str	r1, [sp, #0]
341853da:	9f09      	ldr	r7, [sp, #36]	@ 0x24
341853dc:	9a12      	ldr	r2, [sp, #72]	@ 0x48
341853de:	9931      	ldr	r1, [sp, #196]	@ 0xc4
341853e0:	ea87 0902 	eor.w	r9, r7, r2
341853e4:	9f1c      	ldr	r7, [sp, #112]	@ 0x70
341853e6:	9a26      	ldr	r2, [sp, #152]	@ 0x98
341853e8:	ea89 0907 	eor.w	r9, r9, r7
341853ec:	9f2d      	ldr	r7, [sp, #180]	@ 0xb4
341853ee:	ea89 0902 	eor.w	r9, r9, r2
341853f2:	ea89 0907 	eor.w	r9, r9, r7
341853f6:	9a0a      	ldr	r2, [sp, #40]	@ 0x28
341853f8:	9f13      	ldr	r7, [sp, #76]	@ 0x4c
341853fa:	9b2f      	ldr	r3, [sp, #188]	@ 0xbc
341853fc:	4057      	eors	r7, r2
341853fe:	9a1d      	ldr	r2, [sp, #116]	@ 0x74
34185400:	ea81 0803 	eor.w	r8, r1, r3
34185404:	4057      	eors	r7, r2
34185406:	9b16      	ldr	r3, [sp, #88]	@ 0x58
34185408:	9a27      	ldr	r2, [sp, #156]	@ 0x9c
3418540a:	ea88 0803 	eor.w	r8, r8, r3
3418540e:	4057      	eors	r7, r2
34185410:	9b20      	ldr	r3, [sp, #128]	@ 0x80
34185412:	9a2e      	ldr	r2, [sp, #184]	@ 0xb8
34185414:	ea88 0803 	eor.w	r8, r8, r3
34185418:	4057      	eors	r7, r2
3418541a:	9b01      	ldr	r3, [sp, #4]
3418541c:	9a0d      	ldr	r2, [sp, #52]	@ 0x34
3418541e:	ea4f 0c46 	mov.w	ip, r6, lsl #1
34185422:	405a      	eors	r2, r3
34185424:	9b17      	ldr	r3, [sp, #92]	@ 0x5c
34185426:	eb0c 7cd0 	add.w	ip, ip, r0, lsr #31
3418542a:	405a      	eors	r2, r3
3418542c:	9b21      	ldr	r3, [sp, #132]	@ 0x84
3418542e:	ea8c 0c0b 	eor.w	ip, ip, fp
34185432:	405a      	eors	r2, r3
34185434:	9b2f      	ldr	r3, [sp, #188]	@ 0xbc
34185436:	406a      	eors	r2, r5
34185438:	ea8c 0303 	eor.w	r3, ip, r3
3418543c:	932f      	str	r3, [sp, #188]	@ 0xbc
3418543e:	9b20      	ldr	r3, [sp, #128]	@ 0x80
34185440:	ea88 080a 	eor.w	r8, r8, sl
34185444:	ea8c 0303 	eor.w	r3, ip, r3
34185448:	9331      	str	r3, [sp, #196]	@ 0xc4
3418544a:	ea8c 0301 	eor.w	r3, ip, r1
3418544e:	9320      	str	r3, [sp, #128]	@ 0x80
34185450:	9b16      	ldr	r3, [sp, #88]	@ 0x58
34185452:	ea8c 0303 	eor.w	r3, ip, r3
34185456:	9333      	str	r3, [sp, #204]	@ 0xcc
34185458:	ea8c 030a 	eor.w	r3, ip, sl
3418545c:	933a      	str	r3, [sp, #232]	@ 0xe8
3418545e:	ea4f 0c40 	mov.w	ip, r0, lsl #1
34185462:	9b30      	ldr	r3, [sp, #192]	@ 0xc0
34185464:	eb0c 7cd6 	add.w	ip, ip, r6, lsr #31
34185468:	ea8c 0c03 	eor.w	ip, ip, r3
3418546c:	9b0d      	ldr	r3, [sp, #52]	@ 0x34
3418546e:	ea8c 0505 	eor.w	r5, ip, r5
34185472:	ea8c 0303 	eor.w	r3, ip, r3
34185476:	9316      	str	r3, [sp, #88]	@ 0x58
34185478:	9b21      	ldr	r3, [sp, #132]	@ 0x84
3418547a:	ea8c 0303 	eor.w	r3, ip, r3
3418547e:	9321      	str	r3, [sp, #132]	@ 0x84
34185480:	9b01      	ldr	r3, [sp, #4]
34185482:	ea8c 0303 	eor.w	r3, ip, r3
34185486:	930d      	str	r3, [sp, #52]	@ 0x34
34185488:	9900      	ldr	r1, [sp, #0]
3418548a:	9b17      	ldr	r3, [sp, #92]	@ 0x5c
3418548c:	953b      	str	r5, [sp, #236]	@ 0xec
3418548e:	0065      	lsls	r5, r4, #1
34185490:	eb05 75d1 	add.w	r5, r5, r1, lsr #31
34185494:	9918      	ldr	r1, [sp, #96]	@ 0x60
34185496:	ea85 0508 	eor.w	r5, r5, r8
3418549a:	ea8c 0303 	eor.w	r3, ip, r3
3418549e:	9334      	str	r3, [sp, #208]	@ 0xd0
341854a0:	ea85 0301 	eor.w	r3, r5, r1
341854a4:	9903      	ldr	r1, [sp, #12]
341854a6:	9317      	str	r3, [sp, #92]	@ 0x5c
341854a8:	ea85 0301 	eor.w	r3, r5, r1
341854ac:	990e      	ldr	r1, [sp, #56]	@ 0x38
341854ae:	9332      	str	r3, [sp, #200]	@ 0xc8
341854b0:	ea85 0301 	eor.w	r3, r5, r1
341854b4:	9922      	ldr	r1, [sp, #136]	@ 0x88
341854b6:	930e      	str	r3, [sp, #56]	@ 0x38
341854b8:	ea85 0301 	eor.w	r3, r5, r1
341854bc:	9906      	ldr	r1, [sp, #24]
341854be:	9335      	str	r3, [sp, #212]	@ 0xd4
341854c0:	404d      	eors	r5, r1
341854c2:	9900      	ldr	r1, [sp, #0]
341854c4:	9536      	str	r5, [sp, #216]	@ 0xd8
341854c6:	004d      	lsls	r5, r1, #1
341854c8:	eb05 75d4 	add.w	r5, r5, r4, lsr #31
341854cc:	9919      	ldr	r1, [sp, #100]	@ 0x64
341854ce:	4055      	eors	r5, r2
341854d0:	ea85 0a01 	eor.w	sl, r5, r1
341854d4:	992a      	ldr	r1, [sp, #168]	@ 0xa8
341854d6:	4069      	eors	r1, r5
341854d8:	9119      	str	r1, [sp, #100]	@ 0x64
341854da:	990f      	ldr	r1, [sp, #60]	@ 0x3c
341854dc:	4069      	eors	r1, r5
341854de:	9106      	str	r1, [sp, #24]
341854e0:	9923      	ldr	r1, [sp, #140]	@ 0x8c
341854e2:	4069      	eors	r1, r5
341854e4:	912a      	str	r1, [sp, #168]	@ 0xa8
341854e6:	9902      	ldr	r1, [sp, #8]
341854e8:	4069      	eors	r1, r5
341854ea:	ea4f 0549 	mov.w	r5, r9, lsl #1
341854ee:	eb05 75d7 	add.w	r5, r5, r7, lsr #31
341854f2:	4075      	eors	r5, r6
341854f4:	9137      	str	r1, [sp, #220]	@ 0xdc
341854f6:	9e24      	ldr	r6, [sp, #144]	@ 0x90
341854f8:	9907      	ldr	r1, [sp, #28]
341854fa:	ea85 0c06 	eor.w	ip, r5, r6
341854fe:	ea85 0601 	eor.w	r6, r5, r1
34185502:	991a      	ldr	r1, [sp, #104]	@ 0x68
34185504:	960f      	str	r6, [sp, #60]	@ 0x3c
34185506:	ea85 0601 	eor.w	r6, r5, r1
3418550a:	992b      	ldr	r1, [sp, #172]	@ 0xac
3418550c:	9622      	str	r6, [sp, #136]	@ 0x88
3418550e:	ea85 0601 	eor.w	r6, r5, r1
34185512:	9910      	ldr	r1, [sp, #64]	@ 0x40
34185514:	962b      	str	r6, [sp, #172]	@ 0xac
34185516:	ea85 0601 	eor.w	r6, r5, r1
3418551a:	9638      	str	r6, [sp, #224]	@ 0xe0
3418551c:	007e      	lsls	r6, r7, #1
3418551e:	991b      	ldr	r1, [sp, #108]	@ 0x6c
34185520:	eb06 76d9 	add.w	r6, r6, r9, lsr #31
34185524:	4046      	eors	r6, r0
34185526:	4071      	eors	r1, r6
34185528:	911b      	str	r1, [sp, #108]	@ 0x6c
3418552a:	992c      	ldr	r1, [sp, #176]	@ 0xb0
3418552c:	9d25      	ldr	r5, [sp, #148]	@ 0x94
3418552e:	4071      	eors	r1, r6
34185530:	ea86 0005 	eor.w	r0, r6, r5
34185534:	912c      	str	r1, [sp, #176]	@ 0xb0
34185536:	9d08      	ldr	r5, [sp, #32]
34185538:	9911      	ldr	r1, [sp, #68]	@ 0x44
3418553a:	9b30      	ldr	r3, [sp, #192]	@ 0xc0
3418553c:	4075      	eors	r5, r6
3418553e:	4071      	eors	r1, r6
34185540:	ea4f 064b 	mov.w	r6, fp, lsl #1
34185544:	9510      	str	r5, [sp, #64]	@ 0x40
34185546:	eb06 76d3 	add.w	r6, r6, r3, lsr #31
3418554a:	9d12      	ldr	r5, [sp, #72]	@ 0x48
3418554c:	4066      	eors	r6, r4
3418554e:	4075      	eors	r5, r6
34185550:	9139      	str	r1, [sp, #228]	@ 0xe4
34185552:	005b      	lsls	r3, r3, #1
34185554:	9900      	ldr	r1, [sp, #0]
34185556:	eb03 73db 	add.w	r3, r3, fp, lsr #31
3418555a:	9518      	str	r5, [sp, #96]	@ 0x60
3418555c:	9d13      	ldr	r5, [sp, #76]	@ 0x4c
3418555e:	404b      	eors	r3, r1
34185560:	405d      	eors	r5, r3
34185562:	9513      	str	r5, [sp, #76]	@ 0x4c
34185564:	9d26      	ldr	r5, [sp, #152]	@ 0x98
34185566:	992d      	ldr	r1, [sp, #180]	@ 0xb4
34185568:	4075      	eors	r5, r6
3418556a:	9500      	str	r5, [sp, #0]
3418556c:	9d27      	ldr	r5, [sp, #156]	@ 0x9c
3418556e:	ea86 0401 	eor.w	r4, r6, r1
34185572:	405d      	eors	r5, r3
34185574:	9507      	str	r5, [sp, #28]
34185576:	9d09      	ldr	r5, [sp, #36]	@ 0x24
34185578:	992e      	ldr	r1, [sp, #184]	@ 0xb8
3418557a:	4075      	eors	r5, r6
3418557c:	9523      	str	r5, [sp, #140]	@ 0x8c
3418557e:	9d1c      	ldr	r5, [sp, #112]	@ 0x70
34185580:	4059      	eors	r1, r3
34185582:	4075      	eors	r5, r6
34185584:	952d      	str	r5, [sp, #180]	@ 0xb4
34185586:	9d0a      	ldr	r5, [sp, #40]	@ 0x28
34185588:	ea83 0605 	eor.w	r6, r3, r5
3418558c:	961c      	str	r6, [sp, #112]	@ 0x70
3418558e:	ea4f 0648 	mov.w	r6, r8, lsl #1
34185592:	eb06 76d2 	add.w	r6, r6, r2, lsr #31
34185596:	0052      	lsls	r2, r2, #1
34185598:	9d1d      	ldr	r5, [sp, #116]	@ 0x74
3418559a:	eb02 72d8 	add.w	r2, r2, r8, lsr #31
3418559e:	407a      	eors	r2, r7
341855a0:	9f28      	ldr	r7, [sp, #160]	@ 0xa0
341855a2:	ea86 0609 	eor.w	r6, r6, r9
341855a6:	405d      	eors	r5, r3
341855a8:	9b14      	ldr	r3, [sp, #80]	@ 0x50
341855aa:	4077      	eors	r7, r6
341855ac:	ea86 0b03 	eor.w	fp, r6, r3
341855b0:	952e      	str	r5, [sp, #184]	@ 0xb8
341855b2:	9b15      	ldr	r3, [sp, #84]	@ 0x54
341855b4:	9708      	str	r7, [sp, #32]
341855b6:	9f29      	ldr	r7, [sp, #164]	@ 0xa4
341855b8:	9d2f      	ldr	r5, [sp, #188]	@ 0xbc
341855ba:	4057      	eors	r7, r2
341855bc:	9709      	str	r7, [sp, #36]	@ 0x24
341855be:	9f04      	ldr	r7, [sp, #16]
341855c0:	4053      	eors	r3, r2
341855c2:	4077      	eors	r7, r6
341855c4:	9701      	str	r7, [sp, #4]
341855c6:	9f05      	ldr	r7, [sp, #20]
341855c8:	ea4f 3984 	mov.w	r9, r4, lsl #14
341855cc:	4057      	eors	r7, r2
341855ce:	9702      	str	r7, [sp, #8]
341855d0:	9f0b      	ldr	r7, [sp, #44]	@ 0x2c
341855d2:	eb09 4991 	add.w	r9, r9, r1, lsr #18
341855d6:	4077      	eors	r7, r6
341855d8:	9724      	str	r7, [sp, #144]	@ 0x90
341855da:	9f1e      	ldr	r7, [sp, #120]	@ 0x78
341855dc:	0389      	lsls	r1, r1, #14
341855de:	4077      	eors	r7, r6
341855e0:	9e0c      	ldr	r6, [sp, #48]	@ 0x30
341855e2:	9726      	str	r7, [sp, #152]	@ 0x98
341855e4:	ea82 0706 	eor.w	r7, r2, r6
341855e8:	9e1f      	ldr	r6, [sp, #124]	@ 0x7c
341855ea:	9725      	str	r7, [sp, #148]	@ 0x94
341855ec:	4072      	eors	r2, r6
341855ee:	9227      	str	r2, [sp, #156]	@ 0x9c
341855f0:	9a16      	ldr	r2, [sp, #88]	@ 0x58
341855f2:	0d2e      	lsrs	r6, r5, #20
341855f4:	eb06 3602 	add.w	r6, r6, r2, lsl #12
341855f8:	0d12      	lsrs	r2, r2, #20
341855fa:	eb02 3205 	add.w	r2, r2, r5, lsl #12
341855fe:	9d17      	ldr	r5, [sp, #92]	@ 0x5c
34185600:	9204      	str	r2, [sp, #16]
34185602:	ea4f 525a 	mov.w	r2, sl, lsr #21
34185606:	eb02 22c5 	add.w	r2, r2, r5, lsl #11
3418560a:	0d6f      	lsrs	r7, r5, #21
3418560c:	9d0f      	ldr	r5, [sp, #60]	@ 0x3c
3418560e:	9603      	str	r6, [sp, #12]
34185610:	9e10      	ldr	r6, [sp, #64]	@ 0x40
34185612:	eb01 4194 	add.w	r1, r1, r4, lsr #18
34185616:	072c      	lsls	r4, r5, #28
34185618:	eb04 1416 	add.w	r4, r4, r6, lsr #4
3418561c:	940c      	str	r4, [sp, #48]	@ 0x30
3418561e:	0734      	lsls	r4, r6, #28
34185620:	eb04 1515 	add.w	r5, r4, r5, lsr #4
34185624:	9e31      	ldr	r6, [sp, #196]	@ 0xc4
34185626:	950f      	str	r5, [sp, #60]	@ 0x3c
34185628:	9d21      	ldr	r5, [sp, #132]	@ 0x84
3418562a:	0cf4      	lsrs	r4, r6, #19
3418562c:	eb04 3445 	add.w	r4, r4, r5, lsl #13
34185630:	0ced      	lsrs	r5, r5, #19
34185632:	eb07 27ca 	add.w	r7, r7, sl, lsl #11
34185636:	eb05 3546 	add.w	r5, r5, r6, lsl #13
3418563a:	ea4f 5a4c 	mov.w	sl, ip, lsl #21
3418563e:	9e32      	ldr	r6, [sp, #200]	@ 0xc8
34185640:	eb0a 2ad0 	add.w	sl, sl, r0, lsr #11
34185644:	9511      	str	r5, [sp, #68]	@ 0x44
34185646:	0540      	lsls	r0, r0, #21
34185648:	9d19      	ldr	r5, [sp, #100]	@ 0x64
3418564a:	eb00 20dc 	add.w	r0, r0, ip, lsr #11
3418564e:	ea4f 0cd6 	mov.w	ip, r6, lsr #3
34185652:	eb0c 7c45 	add.w	ip, ip, r5, lsl #29
34185656:	08ed      	lsrs	r5, r5, #3
34185658:	eb05 7646 	add.w	r6, r5, r6, lsl #29
3418565c:	9612      	str	r6, [sp, #72]	@ 0x48
3418565e:	9e18      	ldr	r6, [sp, #96]	@ 0x60
34185660:	9d13      	ldr	r5, [sp, #76]	@ 0x4c
34185662:	ea4f 5806 	mov.w	r8, r6, lsl #20
34185666:	eb08 3815 	add.w	r8, r8, r5, lsr #12
3418566a:	052d      	lsls	r5, r5, #20
3418566c:	eb05 3516 	add.w	r5, r5, r6, lsr #12
34185670:	9515      	str	r5, [sp, #84]	@ 0x54
34185672:	9e20      	ldr	r6, [sp, #128]	@ 0x80
34185674:	ea4f 05cb 	mov.w	r5, fp, lsl #3
34185678:	eb05 7553 	add.w	r5, r5, r3, lsr #29
3418567c:	00db      	lsls	r3, r3, #3
3418567e:	eb03 735b 	add.w	r3, r3, fp, lsr #29
34185682:	ea4f 0b46 	mov.w	fp, r6, lsl #1
34185686:	9e0d      	ldr	r6, [sp, #52]	@ 0x34
34185688:	eb0b 76d6 	add.w	r6, fp, r6, lsr #31
3418568c:	9618      	str	r6, [sp, #96]	@ 0x60
3418568e:	9e0d      	ldr	r6, [sp, #52]	@ 0x34
34185690:	ea4f 0b46 	mov.w	fp, r6, lsl #1
34185694:	9e20      	ldr	r6, [sp, #128]	@ 0x80
34185696:	eb0b 76d6 	add.w	r6, fp, r6, lsr #31
3418569a:	961d      	str	r6, [sp, #116]	@ 0x74
3418569c:	9e0e      	ldr	r6, [sp, #56]	@ 0x38
3418569e:	ea4f 1b86 	mov.w	fp, r6, lsl #6
341856a2:	9e06      	ldr	r6, [sp, #24]
341856a4:	eb0b 6696 	add.w	r6, fp, r6, lsr #26
341856a8:	9619      	str	r6, [sp, #100]	@ 0x64
341856aa:	9e06      	ldr	r6, [sp, #24]
341856ac:	ea4f 1b86 	mov.w	fp, r6, lsl #6
341856b0:	9e0e      	ldr	r6, [sp, #56]	@ 0x38
341856b2:	eb0b 6696 	add.w	r6, fp, r6, lsr #26
341856b6:	961f      	str	r6, [sp, #124]	@ 0x7c
341856b8:	9e00      	ldr	r6, [sp, #0]
341856ba:	ea4f 2b06 	mov.w	fp, r6, lsl #8
341856be:	9e07      	ldr	r6, [sp, #28]
341856c0:	eb0b 6616 	add.w	r6, fp, r6, lsr #24
341856c4:	961a      	str	r6, [sp, #104]	@ 0x68
341856c6:	9e07      	ldr	r6, [sp, #28]
341856c8:	ea4f 2b06 	mov.w	fp, r6, lsl #8
341856cc:	9e00      	ldr	r6, [sp, #0]
341856ce:	eb0b 6616 	add.w	r6, fp, r6, lsr #24
341856d2:	9616      	str	r6, [sp, #88]	@ 0x58
341856d4:	9e08      	ldr	r6, [sp, #32]
341856d6:	ea4f 4b86 	mov.w	fp, r6, lsl #18
341856da:	9e09      	ldr	r6, [sp, #36]	@ 0x24
341856dc:	eb0b 3696 	add.w	r6, fp, r6, lsr #14
341856e0:	9600      	str	r6, [sp, #0]
341856e2:	9e09      	ldr	r6, [sp, #36]	@ 0x24
341856e4:	ea4f 4b86 	mov.w	fp, r6, lsl #18
341856e8:	9e08      	ldr	r6, [sp, #32]
341856ea:	eb0b 3696 	add.w	r6, fp, r6, lsr #14
341856ee:	9617      	str	r6, [sp, #92]	@ 0x5c
341856f0:	9e03      	ldr	r6, [sp, #12]
341856f2:	ea27 0b06 	bic.w	fp, r7, r6
341856f6:	9e01      	ldr	r6, [sp, #4]
341856f8:	ea8b 0b06 	eor.w	fp, fp, r6
341856fc:	9e3c      	ldr	r6, [sp, #240]	@ 0xf0
341856fe:	ea8b 0606 	eor.w	r6, fp, r6
34185702:	9605      	str	r6, [sp, #20]
34185704:	9e04      	ldr	r6, [sp, #16]
34185706:	ea22 0b06 	bic.w	fp, r2, r6
3418570a:	9e02      	ldr	r6, [sp, #8]
3418570c:	ea8b 0b06 	eor.w	fp, fp, r6
34185710:	9e3d      	ldr	r6, [sp, #244]	@ 0xf4
34185712:	ea8b 0606 	eor.w	r6, fp, r6
34185716:	ea29 0b0a 	bic.w	fp, r9, sl
3418571a:	9606      	str	r6, [sp, #24]
3418571c:	ea8b 0607 	eor.w	r6, fp, r7
34185720:	9607      	str	r6, [sp, #28]
34185722:	9e03      	ldr	r6, [sp, #12]
34185724:	ea2a 0707 	bic.w	r7, sl, r7
34185728:	4077      	eors	r7, r6
3418572a:	9703      	str	r7, [sp, #12]
3418572c:	9f01      	ldr	r7, [sp, #4]
3418572e:	ea26 0607 	bic.w	r6, r6, r7
34185732:	ea27 0709 	bic.w	r7, r7, r9
34185736:	ea87 070a 	eor.w	r7, r7, sl
3418573a:	9709      	str	r7, [sp, #36]	@ 0x24
3418573c:	ea86 0709 	eor.w	r7, r6, r9
34185740:	ea21 0600 	bic.w	r6, r1, r0
34185744:	970a      	str	r7, [sp, #40]	@ 0x28
34185746:	ea86 0702 	eor.w	r7, r6, r2
3418574a:	9708      	str	r7, [sp, #32]
3418574c:	9f04      	ldr	r7, [sp, #16]
3418574e:	9e02      	ldr	r6, [sp, #8]
34185750:	ea20 0202 	bic.w	r2, r0, r2
34185754:	407a      	eors	r2, r7
34185756:	9204      	str	r2, [sp, #16]
34185758:	ea27 0206 	bic.w	r2, r7, r6
3418575c:	404a      	eors	r2, r1
3418575e:	ea26 0601 	bic.w	r6, r6, r1
34185762:	920b      	str	r2, [sp, #44]	@ 0x2c
34185764:	ea2c 0204 	bic.w	r2, ip, r4
34185768:	406a      	eors	r2, r5
3418576a:	4070      	eors	r0, r6
3418576c:	990c      	ldr	r1, [sp, #48]	@ 0x30
3418576e:	9002      	str	r0, [sp, #8]
34185770:	9210      	str	r2, [sp, #64]	@ 0x40
34185772:	e9dd 0611 	ldrd	r0, r6, [sp, #68]	@ 0x44
34185776:	ea26 0200 	bic.w	r2, r6, r0
3418577a:	405a      	eors	r2, r3
3418577c:	9211      	str	r2, [sp, #68]	@ 0x44
3418577e:	ea21 020c 	bic.w	r2, r1, ip
34185782:	4062      	eors	r2, r4
34185784:	ea24 0405 	bic.w	r4, r4, r5
34185788:	ea25 0508 	bic.w	r5, r5, r8
3418578c:	9212      	str	r2, [sp, #72]	@ 0x48
3418578e:	ea85 0201 	eor.w	r2, r5, r1
34185792:	920c      	str	r2, [sp, #48]	@ 0x30
34185794:	ea28 0201 	bic.w	r2, r8, r1
34185798:	990f      	ldr	r1, [sp, #60]	@ 0x3c
3418579a:	ea84 0408 	eor.w	r4, r4, r8
3418579e:	940e      	str	r4, [sp, #56]	@ 0x38
341857a0:	ea82 040c 	eor.w	r4, r2, ip
341857a4:	ea21 0206 	bic.w	r2, r1, r6
341857a8:	ea82 0500 	eor.w	r5, r2, r0
341857ac:	ea20 0203 	bic.w	r2, r0, r3
341857b0:	9815      	ldr	r0, [sp, #84]	@ 0x54
341857b2:	9f22      	ldr	r7, [sp, #136]	@ 0x88
341857b4:	ea23 0300 	bic.w	r3, r3, r0
341857b8:	404b      	eors	r3, r1
341857ba:	9414      	str	r4, [sp, #80]	@ 0x50
341857bc:	930d      	str	r3, [sp, #52]	@ 0x34
341857be:	9c1b      	ldr	r4, [sp, #108]	@ 0x6c
341857c0:	ea20 0301 	bic.w	r3, r0, r1
341857c4:	4073      	eors	r3, r6
341857c6:	4050      	eors	r0, r2
341857c8:	9315      	str	r3, [sp, #84]	@ 0x54
341857ca:	067a      	lsls	r2, r7, #25
341857cc:	0663      	lsls	r3, r4, #25
341857ce:	eb02 12d4 	add.w	r2, r2, r4, lsr #7
341857d2:	eb03 13d7 	add.w	r3, r3, r7, lsr #7
341857d6:	9c1c      	ldr	r4, [sp, #112]	@ 0x70
341857d8:	9f23      	ldr	r7, [sp, #140]	@ 0x8c
341857da:	06e1      	lsls	r1, r4, #27
341857dc:	06fe      	lsls	r6, r7, #27
341857de:	eb06 1654 	add.w	r6, r6, r4, lsr #5
341857e2:	eb01 1757 	add.w	r7, r1, r7, lsr #5
341857e6:	9c35      	ldr	r4, [sp, #212]	@ 0xd4
341857e8:	9513      	str	r5, [sp, #76]	@ 0x4c
341857ea:	9723      	str	r7, [sp, #140]	@ 0x8c
341857ec:	900f      	str	r0, [sp, #60]	@ 0x3c
341857ee:	982a      	ldr	r0, [sp, #168]	@ 0xa8
341857f0:	03e7      	lsls	r7, r4, #15
341857f2:	eb07 4750 	add.w	r7, r7, r0, lsr #17
341857f6:	03c1      	lsls	r1, r0, #15
341857f8:	982b      	ldr	r0, [sp, #172]	@ 0xac
341857fa:	eb01 4154 	add.w	r1, r1, r4, lsr #17
341857fe:	9c2c      	ldr	r4, [sp, #176]	@ 0xb0
34185800:	ea4f 2910 	mov.w	r9, r0, lsr #8
34185804:	eb09 6904 	add.w	r9, r9, r4, lsl #24
34185808:	0a24      	lsrs	r4, r4, #8
3418580a:	eb04 6400 	add.w	r4, r4, r0, lsl #24
3418580e:	9101      	str	r1, [sp, #4]
34185810:	9800      	ldr	r0, [sp, #0]
34185812:	991a      	ldr	r1, [sp, #104]	@ 0x68
34185814:	9420      	str	r4, [sp, #128]	@ 0x80
34185816:	ea20 0001 	bic.w	r0, r0, r1
3418581a:	ea80 0402 	eor.w	r4, r0, r2
3418581e:	e9dd 5016 	ldrd	r5, r0, [sp, #88]	@ 0x58
34185822:	ea20 0005 	bic.w	r0, r0, r5
34185826:	941a      	str	r4, [sp, #104]	@ 0x68
34185828:	9d18      	ldr	r5, [sp, #96]	@ 0x60
3418582a:	ea80 0403 	eor.w	r4, r0, r3
3418582e:	9800      	ldr	r0, [sp, #0]
34185830:	941b      	str	r4, [sp, #108]	@ 0x6c
34185832:	ea25 0000 	bic.w	r0, r5, r0
34185836:	9c19      	ldr	r4, [sp, #100]	@ 0x64
34185838:	4048      	eors	r0, r1
3418583a:	901c      	str	r0, [sp, #112]	@ 0x70
3418583c:	ea21 0002 	bic.w	r0, r1, r2
34185840:	ea22 0204 	bic.w	r2, r2, r4
34185844:	ea82 0105 	eor.w	r1, r2, r5
34185848:	4060      	eors	r0, r4
3418584a:	ea24 0205 	bic.w	r2, r4, r5
3418584e:	9118      	str	r1, [sp, #96]	@ 0x60
34185850:	9c17      	ldr	r4, [sp, #92]	@ 0x5c
34185852:	9900      	ldr	r1, [sp, #0]
34185854:	9019      	str	r0, [sp, #100]	@ 0x64
34185856:	981d      	ldr	r0, [sp, #116]	@ 0x74
34185858:	9d16      	ldr	r5, [sp, #88]	@ 0x58
3418585a:	4051      	eors	r1, r2
3418585c:	ea20 0204 	bic.w	r2, r0, r4
34185860:	911e      	str	r1, [sp, #120]	@ 0x78
34185862:	ea82 0105 	eor.w	r1, r2, r5
34185866:	911d      	str	r1, [sp, #116]	@ 0x74
34185868:	991f      	ldr	r1, [sp, #124]	@ 0x7c
3418586a:	ea25 0203 	bic.w	r2, r5, r3
3418586e:	ea23 0301 	bic.w	r3, r3, r1
34185872:	4043      	eors	r3, r0
34185874:	9316      	str	r3, [sp, #88]	@ 0x58
34185876:	ea21 0300 	bic.w	r3, r1, r0
3418587a:	ea83 0004 	eor.w	r0, r3, r4
3418587e:	901f      	str	r0, [sp, #124]	@ 0x7c
34185880:	9824      	ldr	r0, [sp, #144]	@ 0x90
34185882:	ea82 0301 	eor.w	r3, r2, r1
34185886:	9a25      	ldr	r2, [sp, #148]	@ 0x94
34185888:	9317      	str	r3, [sp, #92]	@ 0x5c
3418588a:	ea4f 7a10 	mov.w	sl, r0, lsr #28
3418588e:	9b33      	ldr	r3, [sp, #204]	@ 0xcc
34185890:	eb0a 1a02 	add.w	sl, sl, r2, lsl #4
34185894:	0f15      	lsrs	r5, r2, #28
34185896:	9a34      	ldr	r2, [sp, #208]	@ 0xd0
34185898:	ea4f 2c83 	mov.w	ip, r3, lsl #10
3418589c:	eb05 1500 	add.w	r5, r5, r0, lsl #4
341858a0:	eb0c 5c92 	add.w	ip, ip, r2, lsr #22
341858a4:	0290      	lsls	r0, r2, #10
341858a6:	9a36      	ldr	r2, [sp, #216]	@ 0xd8
341858a8:	9c37      	ldr	r4, [sp, #220]	@ 0xdc
341858aa:	eb00 5093 	add.w	r0, r0, r3, lsr #22
341858ae:	0893      	lsrs	r3, r2, #2
341858b0:	eb03 7384 	add.w	r3, r3, r4, lsl #30
341858b4:	932a      	str	r3, [sp, #168]	@ 0xa8
341858b6:	08a3      	lsrs	r3, r4, #2
341858b8:	9c26      	ldr	r4, [sp, #152]	@ 0x98
341858ba:	eb03 7282 	add.w	r2, r3, r2, lsl #30
341858be:	9b27      	ldr	r3, [sp, #156]	@ 0x9c
341858c0:	922f      	str	r2, [sp, #188]	@ 0xbc
341858c2:	0de2      	lsrs	r2, r4, #23
341858c4:	eb02 2243 	add.w	r2, r2, r3, lsl #9
341858c8:	0ddb      	lsrs	r3, r3, #23
341858ca:	eb03 2344 	add.w	r3, r3, r4, lsl #9
341858ce:	9c3b      	ldr	r4, [sp, #236]	@ 0xec
341858d0:	993a      	ldr	r1, [sp, #232]	@ 0xe8
341858d2:	ea4f 0b84 	mov.w	fp, r4, lsl #2
341858d6:	ea4f 0881 	mov.w	r8, r1, lsl #2
341858da:	eb0b 7191 	add.w	r1, fp, r1, lsr #30
341858de:	ea29 0b07 	bic.w	fp, r9, r7
341858e2:	eb08 7894 	add.w	r8, r8, r4, lsr #30
341858e6:	ea8b 040c 	eor.w	r4, fp, ip
341858ea:	9424      	str	r4, [sp, #144]	@ 0x90
341858ec:	912b      	str	r1, [sp, #172]	@ 0xac
341858ee:	9c20      	ldr	r4, [sp, #128]	@ 0x80
341858f0:	9901      	ldr	r1, [sp, #4]
341858f2:	ea24 0b01 	bic.w	fp, r4, r1
341858f6:	ea8b 0100 	eor.w	r1, fp, r0
341858fa:	ea26 0b09 	bic.w	fp, r6, r9
341858fe:	ea8b 0407 	eor.w	r4, fp, r7
34185902:	ea27 070c 	bic.w	r7, r7, ip
34185906:	9426      	str	r4, [sp, #152]	@ 0x98
34185908:	ea2c 0c0a 	bic.w	ip, ip, sl
3418590c:	ea87 040a 	eor.w	r4, r7, sl
34185910:	9125      	str	r1, [sp, #148]	@ 0x94
34185912:	9f23      	ldr	r7, [sp, #140]	@ 0x8c
34185914:	ea8c 0106 	eor.w	r1, ip, r6
34185918:	9422      	str	r4, [sp, #136]	@ 0x88
3418591a:	ea2a 0606 	bic.w	r6, sl, r6
3418591e:	9c20      	ldr	r4, [sp, #128]	@ 0x80
34185920:	ea86 0609 	eor.w	r6, r6, r9
34185924:	9121      	str	r1, [sp, #132]	@ 0x84
34185926:	9901      	ldr	r1, [sp, #4]
34185928:	9628      	str	r6, [sp, #160]	@ 0xa0
3418592a:	ea27 0604 	bic.w	r6, r7, r4
3418592e:	404e      	eors	r6, r1
34185930:	ea21 0100 	bic.w	r1, r1, r0
34185934:	ea20 0005 	bic.w	r0, r0, r5
34185938:	4078      	eors	r0, r7
3418593a:	9020      	str	r0, [sp, #128]	@ 0x80
3418593c:	ea25 0007 	bic.w	r0, r5, r7
34185940:	4060      	eors	r0, r4
34185942:	9f2e      	ldr	r7, [sp, #184]	@ 0xb8
34185944:	9c38      	ldr	r4, [sp, #224]	@ 0xe0
34185946:	404d      	eors	r5, r1
34185948:	9523      	str	r5, [sp, #140]	@ 0x8c
3418594a:	9029      	str	r0, [sp, #164]	@ 0xa4
3418594c:	9d2d      	ldr	r5, [sp, #180]	@ 0xb4
3418594e:	9839      	ldr	r0, [sp, #228]	@ 0xe4
34185950:	9627      	str	r6, [sp, #156]	@ 0x9c
34185952:	0e79      	lsrs	r1, r7, #25
34185954:	0a66      	lsrs	r6, r4, #9
34185956:	eb06 56c0 	add.w	r6, r6, r0, lsl #23
3418595a:	eb01 11c5 	add.w	r1, r1, r5, lsl #7
3418595e:	0a40      	lsrs	r0, r0, #9
34185960:	eb00 50c4 	add.w	r0, r0, r4, lsl #23
34185964:	9101      	str	r1, [sp, #4]
34185966:	0e6c      	lsrs	r4, r5, #25
34185968:	9910      	ldr	r1, [sp, #64]	@ 0x40
3418596a:	9d07      	ldr	r5, [sp, #28]
3418596c:	eb04 14c7 	add.w	r4, r4, r7, lsl #7
34185970:	ea85 0901 	eor.w	r9, r5, r1
34185974:	9d1a      	ldr	r5, [sp, #104]	@ 0x68
34185976:	ea28 0a02 	bic.w	sl, r8, r2
3418597a:	ea89 0905 	eor.w	r9, r9, r5
3418597e:	9d24      	ldr	r5, [sp, #144]	@ 0x90
34185980:	ea8a 0a04 	eor.w	sl, sl, r4
34185984:	ea89 0905 	eor.w	r9, r9, r5
34185988:	9d08      	ldr	r5, [sp, #32]
3418598a:	9911      	ldr	r1, [sp, #68]	@ 0x44
3418598c:	9f12      	ldr	r7, [sp, #72]	@ 0x48
3418598e:	ea85 0c01 	eor.w	ip, r5, r1
34185992:	991b      	ldr	r1, [sp, #108]	@ 0x6c
34185994:	9d25      	ldr	r5, [sp, #148]	@ 0x94
34185996:	ea8c 0c01 	eor.w	ip, ip, r1
3418599a:	ea8c 0c05 	eor.w	ip, ip, r5
3418599e:	9d09      	ldr	r5, [sp, #36]	@ 0x24
341859a0:	9902      	ldr	r1, [sp, #8]
341859a2:	406f      	eors	r7, r5
341859a4:	9d1c      	ldr	r5, [sp, #112]	@ 0x70
341859a6:	ea89 0b0a 	eor.w	fp, r9, sl
341859aa:	406f      	eors	r7, r5
341859ac:	9d26      	ldr	r5, [sp, #152]	@ 0x98
341859ae:	406f      	eors	r7, r5
341859b0:	9d13      	ldr	r5, [sp, #76]	@ 0x4c
341859b2:	404d      	eors	r5, r1
341859b4:	991d      	ldr	r1, [sp, #116]	@ 0x74
341859b6:	404d      	eors	r5, r1
341859b8:	9927      	ldr	r1, [sp, #156]	@ 0x9c
341859ba:	404d      	eors	r5, r1
341859bc:	992b      	ldr	r1, [sp, #172]	@ 0xac
341859be:	ea21 0903 	bic.w	r9, r1, r3
341859c2:	9901      	ldr	r1, [sp, #4]
341859c4:	ea89 0101 	eor.w	r1, r9, r1
341859c8:	ea8c 0901 	eor.w	r9, ip, r1
341859cc:	912c      	str	r1, [sp, #176]	@ 0xb0
341859ce:	992a      	ldr	r1, [sp, #168]	@ 0xa8
341859d0:	ea21 0c08 	bic.w	ip, r1, r8
341859d4:	ea8c 0102 	eor.w	r1, ip, r2
341859d8:	404f      	eors	r7, r1
341859da:	9700      	str	r7, [sp, #0]
341859dc:	9f2a      	ldr	r7, [sp, #168]	@ 0xa8
341859de:	ea22 0204 	bic.w	r2, r2, r4
341859e2:	ea24 0406 	bic.w	r4, r4, r6
341859e6:	407c      	eors	r4, r7
341859e8:	942a      	str	r4, [sp, #168]	@ 0xa8
341859ea:	ea26 0407 	bic.w	r4, r6, r7
341859ee:	ea84 0708 	eor.w	r7, r4, r8
341859f2:	4072      	eors	r2, r6
341859f4:	972e      	str	r7, [sp, #184]	@ 0xb8
341859f6:	9e2f      	ldr	r6, [sp, #188]	@ 0xbc
341859f8:	9f2b      	ldr	r7, [sp, #172]	@ 0xac
341859fa:	912d      	str	r1, [sp, #180]	@ 0xb4
341859fc:	ea26 0407 	bic.w	r4, r6, r7
34185a00:	9901      	ldr	r1, [sp, #4]
34185a02:	405c      	eors	r4, r3
34185a04:	942b      	str	r4, [sp, #172]	@ 0xac
34185a06:	406c      	eors	r4, r5
34185a08:	ea23 0301 	bic.w	r3, r3, r1
34185a0c:	9401      	str	r4, [sp, #4]
34185a0e:	ea20 0406 	bic.w	r4, r0, r6
34185a12:	4043      	eors	r3, r0
34185a14:	ea21 0100 	bic.w	r1, r1, r0
34185a18:	ea84 0007 	eor.w	r0, r4, r7
34185a1c:	4071      	eors	r1, r6
34185a1e:	902f      	str	r0, [sp, #188]	@ 0xbc
34185a20:	9e0c      	ldr	r6, [sp, #48]	@ 0x30
34185a22:	9805      	ldr	r0, [sp, #20]
34185a24:	ea80 0506 	eor.w	r5, r0, r6
34185a28:	9818      	ldr	r0, [sp, #96]	@ 0x60
34185a2a:	4045      	eors	r5, r0
34185a2c:	9821      	ldr	r0, [sp, #132]	@ 0x84
34185a2e:	4045      	eors	r5, r0
34185a30:	982a      	ldr	r0, [sp, #168]	@ 0xa8
34185a32:	9e06      	ldr	r6, [sp, #24]
34185a34:	4045      	eors	r5, r0
34185a36:	980d      	ldr	r0, [sp, #52]	@ 0x34
34185a38:	9f20      	ldr	r7, [sp, #128]	@ 0x80
34185a3a:	4070      	eors	r0, r6
34185a3c:	9e16      	ldr	r6, [sp, #88]	@ 0x58
34185a3e:	9c1f      	ldr	r4, [sp, #124]	@ 0x7c
34185a40:	4070      	eors	r0, r6
34185a42:	4078      	eors	r0, r7
34185a44:	9e03      	ldr	r6, [sp, #12]
34185a46:	9f0e      	ldr	r7, [sp, #56]	@ 0x38
34185a48:	4048      	eors	r0, r1
34185a4a:	ea86 0807 	eor.w	r8, r6, r7
34185a4e:	9e19      	ldr	r6, [sp, #100]	@ 0x64
34185a50:	9f22      	ldr	r7, [sp, #136]	@ 0x88
34185a52:	ea88 0806 	eor.w	r8, r8, r6
34185a56:	ea88 0807 	eor.w	r8, r8, r7
34185a5a:	9e04      	ldr	r6, [sp, #16]
34185a5c:	9f0f      	ldr	r7, [sp, #60]	@ 0x3c
34185a5e:	ea88 0802 	eor.w	r8, r8, r2
34185a62:	ea86 0c07 	eor.w	ip, r6, r7
34185a66:	9e17      	ldr	r6, [sp, #92]	@ 0x5c
34185a68:	9f1e      	ldr	r7, [sp, #120]	@ 0x78
34185a6a:	ea8c 0c06 	eor.w	ip, ip, r6
34185a6e:	9e23      	ldr	r6, [sp, #140]	@ 0x8c
34185a70:	ea8c 0c06 	eor.w	ip, ip, r6
34185a74:	9e14      	ldr	r6, [sp, #80]	@ 0x50
34185a76:	ea8c 0c03 	eor.w	ip, ip, r3
34185a7a:	407e      	eors	r6, r7
34185a7c:	9f0a      	ldr	r7, [sp, #40]	@ 0x28
34185a7e:	407e      	eors	r6, r7
34185a80:	9f28      	ldr	r7, [sp, #160]	@ 0xa0
34185a82:	407e      	eors	r6, r7
34185a84:	9f2e      	ldr	r7, [sp, #184]	@ 0xb8
34185a86:	407e      	eors	r6, r7
34185a88:	9f15      	ldr	r7, [sp, #84]	@ 0x54
34185a8a:	407c      	eors	r4, r7
34185a8c:	9f0b      	ldr	r7, [sp, #44]	@ 0x2c
34185a8e:	407c      	eors	r4, r7
34185a90:	9f29      	ldr	r7, [sp, #164]	@ 0xa4
34185a92:	407c      	eors	r4, r7
34185a94:	9f2f      	ldr	r7, [sp, #188]	@ 0xbc
34185a96:	407c      	eors	r4, r7
34185a98:	ea4f 074b 	mov.w	r7, fp, lsl #1
34185a9c:	9430      	str	r4, [sp, #192]	@ 0xc0
34185a9e:	eb07 77d9 	add.w	r7, r7, r9, lsr #31
34185aa2:	9c0e      	ldr	r4, [sp, #56]	@ 0x38
34185aa4:	406f      	eors	r7, r5
34185aa6:	407c      	eors	r4, r7
34185aa8:	940e      	str	r4, [sp, #56]	@ 0x38
34185aaa:	9c22      	ldr	r4, [sp, #136]	@ 0x88
34185aac:	407a      	eors	r2, r7
34185aae:	407c      	eors	r4, r7
34185ab0:	9422      	str	r4, [sp, #136]	@ 0x88
34185ab2:	9c03      	ldr	r4, [sp, #12]
34185ab4:	9239      	str	r2, [sp, #228]	@ 0xe4
34185ab6:	407c      	eors	r4, r7
34185ab8:	9403      	str	r4, [sp, #12]
34185aba:	9c19      	ldr	r4, [sp, #100]	@ 0x64
34185abc:	ea4f 0249 	mov.w	r2, r9, lsl #1
34185ac0:	407c      	eors	r4, r7
34185ac2:	9432      	str	r4, [sp, #200]	@ 0xc8
34185ac4:	eb02 72db 	add.w	r2, r2, fp, lsr #31
34185ac8:	9f0f      	ldr	r7, [sp, #60]	@ 0x3c
34185aca:	4042      	eors	r2, r0
34185acc:	4057      	eors	r7, r2
34185ace:	970f      	str	r7, [sp, #60]	@ 0x3c
34185ad0:	9f23      	ldr	r7, [sp, #140]	@ 0x8c
34185ad2:	4053      	eors	r3, r2
34185ad4:	4057      	eors	r7, r2
34185ad6:	9719      	str	r7, [sp, #100]	@ 0x64
34185ad8:	9f04      	ldr	r7, [sp, #16]
34185ada:	933a      	str	r3, [sp, #232]	@ 0xe8
34185adc:	4057      	eors	r7, r2
34185ade:	9723      	str	r7, [sp, #140]	@ 0x8c
34185ae0:	9f17      	ldr	r7, [sp, #92]	@ 0x5c
34185ae2:	9c1a      	ldr	r4, [sp, #104]	@ 0x68
34185ae4:	4057      	eors	r7, r2
34185ae6:	9a00      	ldr	r2, [sp, #0]
34185ae8:	9733      	str	r7, [sp, #204]	@ 0xcc
34185aea:	9f01      	ldr	r7, [sp, #4]
34185aec:	0053      	lsls	r3, r2, #1
34185aee:	eb03 73d7 	add.w	r3, r3, r7, lsr #31
34185af2:	ea83 0308 	eor.w	r3, r3, r8
34185af6:	405c      	eors	r4, r3
34185af8:	9417      	str	r4, [sp, #92]	@ 0x5c
34185afa:	9c10      	ldr	r4, [sp, #64]	@ 0x40
34185afc:	ea8a 0a03 	eor.w	sl, sl, r3
34185b00:	405c      	eors	r4, r3
34185b02:	9431      	str	r4, [sp, #196]	@ 0xc4
34185b04:	9c24      	ldr	r4, [sp, #144]	@ 0x90
34185b06:	405c      	eors	r4, r3
34185b08:	9434      	str	r4, [sp, #208]	@ 0xd0
34185b0a:	9c07      	ldr	r4, [sp, #28]
34185b0c:	4063      	eors	r3, r4
34185b0e:	9336      	str	r3, [sp, #216]	@ 0xd8
34185b10:	007b      	lsls	r3, r7, #1
34185b12:	eb03 73d2 	add.w	r3, r3, r2, lsr #31
34185b16:	9a1b      	ldr	r2, [sp, #108]	@ 0x6c
34185b18:	ea83 030c 	eor.w	r3, r3, ip
34185b1c:	ea82 0703 	eor.w	r7, r2, r3
34185b20:	9a2c      	ldr	r2, [sp, #176]	@ 0xb0
34185b22:	9c11      	ldr	r4, [sp, #68]	@ 0x44
34185b24:	405a      	eors	r2, r3
34185b26:	921a      	str	r2, [sp, #104]	@ 0x68
34185b28:	ea84 0203 	eor.w	r2, r4, r3
34185b2c:	9204      	str	r2, [sp, #16]
34185b2e:	9a25      	ldr	r2, [sp, #148]	@ 0x94
34185b30:	9c30      	ldr	r4, [sp, #192]	@ 0xc0
34185b32:	405a      	eors	r2, r3
34185b34:	9235      	str	r2, [sp, #212]	@ 0xd4
34185b36:	9a08      	ldr	r2, [sp, #32]
34185b38:	4053      	eors	r3, r2
34185b3a:	9310      	str	r3, [sp, #64]	@ 0x40
34185b3c:	ea4f 034c 	mov.w	r3, ip, lsl #1
34185b40:	ea4f 0248 	mov.w	r2, r8, lsl #1
34185b44:	eb03 73d8 	add.w	r3, r3, r8, lsr #31
34185b48:	4063      	eors	r3, r4
34185b4a:	eb02 72dc 	add.w	r2, r2, ip, lsr #31
34185b4e:	9c18      	ldr	r4, [sp, #96]	@ 0x60
34185b50:	4072      	eors	r2, r6
34185b52:	4054      	eors	r4, r2
34185b54:	9418      	str	r4, [sp, #96]	@ 0x60
34185b56:	9c16      	ldr	r4, [sp, #88]	@ 0x58
34185b58:	4059      	eors	r1, r3
34185b5a:	405c      	eors	r4, r3
34185b5c:	9416      	str	r4, [sp, #88]	@ 0x58
34185b5e:	9125      	str	r1, [sp, #148]	@ 0x94
34185b60:	990c      	ldr	r1, [sp, #48]	@ 0x30
34185b62:	9c2a      	ldr	r4, [sp, #168]	@ 0xa8
34185b64:	4051      	eors	r1, r2
34185b66:	912a      	str	r1, [sp, #168]	@ 0xa8
34185b68:	990d      	ldr	r1, [sp, #52]	@ 0x34
34185b6a:	4054      	eors	r4, r2
34185b6c:	4059      	eors	r1, r3
34185b6e:	912c      	str	r1, [sp, #176]	@ 0xb0
34185b70:	9921      	ldr	r1, [sp, #132]	@ 0x84
34185b72:	9424      	str	r4, [sp, #144]	@ 0x90
34185b74:	4051      	eors	r1, r2
34185b76:	9137      	str	r1, [sp, #220]	@ 0xdc
34185b78:	9905      	ldr	r1, [sp, #20]
34185b7a:	4051      	eors	r1, r2
34185b7c:	9107      	str	r1, [sp, #28]
34185b7e:	9a20      	ldr	r2, [sp, #128]	@ 0x80
34185b80:	9906      	ldr	r1, [sp, #24]
34185b82:	405a      	eors	r2, r3
34185b84:	4059      	eors	r1, r3
34185b86:	9b30      	ldr	r3, [sp, #192]	@ 0xc0
34185b88:	9238      	str	r2, [sp, #224]	@ 0xe0
34185b8a:	005c      	lsls	r4, r3, #1
34185b8c:	0072      	lsls	r2, r6, #1
34185b8e:	eb04 74d6 	add.w	r4, r4, r6, lsr #31
34185b92:	9108      	str	r1, [sp, #32]
34185b94:	eb02 72d3 	add.w	r2, r2, r3, lsr #31
34185b98:	991c      	ldr	r1, [sp, #112]	@ 0x70
34185b9a:	ea84 0309 	eor.w	r3, r4, r9
34185b9e:	ea82 020b 	eor.w	r2, r2, fp
34185ba2:	9c09      	ldr	r4, [sp, #36]	@ 0x24
34185ba4:	4051      	eors	r1, r2
34185ba6:	ea84 0902 	eor.w	r9, r4, r2
34185baa:	911b      	str	r1, [sp, #108]	@ 0x6c
34185bac:	9c02      	ldr	r4, [sp, #8]
34185bae:	991d      	ldr	r1, [sp, #116]	@ 0x74
34185bb0:	405c      	eors	r4, r3
34185bb2:	4059      	eors	r1, r3
34185bb4:	9e26      	ldr	r6, [sp, #152]	@ 0x98
34185bb6:	940c      	str	r4, [sp, #48]	@ 0x30
34185bb8:	9105      	str	r1, [sp, #20]
34185bba:	9c12      	ldr	r4, [sp, #72]	@ 0x48
34185bbc:	992d      	ldr	r1, [sp, #180]	@ 0xb4
34185bbe:	ea86 0b02 	eor.w	fp, r6, r2
34185bc2:	4051      	eors	r1, r2
34185bc4:	4062      	eors	r2, r4
34185bc6:	9e27      	ldr	r6, [sp, #156]	@ 0x9c
34185bc8:	9126      	str	r1, [sp, #152]	@ 0x98
34185bca:	922d      	str	r2, [sp, #180]	@ 0xb4
34185bcc:	9913      	ldr	r1, [sp, #76]	@ 0x4c
34185bce:	9a2b      	ldr	r2, [sp, #172]	@ 0xac
34185bd0:	405e      	eors	r6, r3
34185bd2:	405a      	eors	r2, r3
34185bd4:	404b      	eors	r3, r1
34185bd6:	9227      	str	r2, [sp, #156]	@ 0x9c
34185bd8:	9309      	str	r3, [sp, #36]	@ 0x24
34185bda:	006a      	lsls	r2, r5, #1
34185bdc:	9b00      	ldr	r3, [sp, #0]
34185bde:	9c14      	ldr	r4, [sp, #80]	@ 0x50
34185be0:	eb02 72d0 	add.w	r2, r2, r0, lsr #31
34185be4:	405a      	eors	r2, r3
34185be6:	0040      	lsls	r0, r0, #1
34185be8:	9b01      	ldr	r3, [sp, #4]
34185bea:	ea84 0802 	eor.w	r8, r4, r2
34185bee:	eb00 70d5 	add.w	r0, r0, r5, lsr #31
34185bf2:	9c15      	ldr	r4, [sp, #84]	@ 0x54
34185bf4:	4043      	eors	r3, r0
34185bf6:	ea84 0003 	eor.w	r0, r4, r3
34185bfa:	9c0a      	ldr	r4, [sp, #40]	@ 0x28
34185bfc:	9d2e      	ldr	r5, [sp, #184]	@ 0xb8
34185bfe:	4054      	eors	r4, r2
34185c00:	941c      	str	r4, [sp, #112]	@ 0x70
34185c02:	9c1e      	ldr	r4, [sp, #120]	@ 0x78
34185c04:	9928      	ldr	r1, [sp, #160]	@ 0xa0
34185c06:	4055      	eors	r5, r2
34185c08:	4054      	eors	r4, r2
34185c0a:	ea81 0c02 	eor.w	ip, r1, r2
34185c0e:	9500      	str	r5, [sp, #0]
34185c10:	9a0b      	ldr	r2, [sp, #44]	@ 0x2c
34185c12:	9d2f      	ldr	r5, [sp, #188]	@ 0xbc
34185c14:	9929      	ldr	r1, [sp, #164]	@ 0xa4
34185c16:	942e      	str	r4, [sp, #184]	@ 0xb8
34185c18:	9c1f      	ldr	r4, [sp, #124]	@ 0x7c
34185c1a:	405d      	eors	r5, r3
34185c1c:	4059      	eors	r1, r3
34185c1e:	405a      	eors	r2, r3
34185c20:	4063      	eors	r3, r4
34185c22:	9c0e      	ldr	r4, [sp, #56]	@ 0x38
34185c24:	921e      	str	r2, [sp, #120]	@ 0x78
34185c26:	9a0f      	ldr	r2, [sp, #60]	@ 0x3c
34185c28:	930b      	str	r3, [sp, #44]	@ 0x2c
34185c2a:	0d23      	lsrs	r3, r4, #20
34185c2c:	eb03 3302 	add.w	r3, r3, r2, lsl #12
34185c30:	9306      	str	r3, [sp, #24]
34185c32:	0d13      	lsrs	r3, r2, #20
34185c34:	9a17      	ldr	r2, [sp, #92]	@ 0x5c
34185c36:	eb03 3304 	add.w	r3, r3, r4, lsl #12
34185c3a:	930a      	str	r3, [sp, #40]	@ 0x28
34185c3c:	0d53      	lsrs	r3, r2, #21
34185c3e:	9c00      	ldr	r4, [sp, #0]
34185c40:	eb03 23c7 	add.w	r3, r3, r7, lsl #11
34185c44:	0d7f      	lsrs	r7, r7, #21
34185c46:	eb07 27c2 	add.w	r7, r7, r2, lsl #11
34185c4a:	9301      	str	r3, [sp, #4]
34185c4c:	ea4f 534b 	mov.w	r3, fp, lsl #21
34185c50:	9702      	str	r7, [sp, #8]
34185c52:	eb03 27d6 	add.w	r7, r3, r6, lsr #11
34185c56:	03a3      	lsls	r3, r4, #14
34185c58:	0576      	lsls	r6, r6, #21
34185c5a:	eb06 2bdb 	add.w	fp, r6, fp, lsr #11
34185c5e:	eb03 4695 	add.w	r6, r3, r5, lsr #18
34185c62:	03ad      	lsls	r5, r5, #14
34185c64:	eb05 4594 	add.w	r5, r5, r4, lsr #18
34185c68:	9c0c      	ldr	r4, [sp, #48]	@ 0x30
34185c6a:	ea4f 7309 	mov.w	r3, r9, lsl #28
34185c6e:	eb03 1314 	add.w	r3, r3, r4, lsr #4
34185c72:	0724      	lsls	r4, r4, #28
34185c74:	eb04 1419 	add.w	r4, r4, r9, lsr #4
34185c78:	930c      	str	r3, [sp, #48]	@ 0x30
34185c7a:	ea4f 5308 	mov.w	r3, r8, lsl #20
34185c7e:	9a18      	ldr	r2, [sp, #96]	@ 0x60
34185c80:	9411      	str	r4, [sp, #68]	@ 0x44
34185c82:	eb03 3410 	add.w	r4, r3, r0, lsr #12
34185c86:	0500      	lsls	r0, r0, #20
34185c88:	9412      	str	r4, [sp, #72]	@ 0x48
34185c8a:	eb00 3418 	add.w	r4, r0, r8, lsr #12
34185c8e:	9816      	ldr	r0, [sp, #88]	@ 0x58
34185c90:	00d3      	lsls	r3, r2, #3
34185c92:	940d      	str	r4, [sp, #52]	@ 0x34
34185c94:	eb03 7450 	add.w	r4, r3, r0, lsr #29
34185c98:	00c3      	lsls	r3, r0, #3
34185c9a:	9400      	str	r4, [sp, #0]
34185c9c:	eb03 7452 	add.w	r4, r3, r2, lsr #29
34185ca0:	940f      	str	r4, [sp, #60]	@ 0x3c
34185ca2:	9c22      	ldr	r4, [sp, #136]	@ 0x88
34185ca4:	9a19      	ldr	r2, [sp, #100]	@ 0x64
34185ca6:	0ce0      	lsrs	r0, r4, #19
34185ca8:	eb00 3042 	add.w	r0, r0, r2, lsl #13
34185cac:	0cd3      	lsrs	r3, r2, #19
34185cae:	9a1a      	ldr	r2, [sp, #104]	@ 0x68
34185cb0:	900e      	str	r0, [sp, #56]	@ 0x38
34185cb2:	eb03 3044 	add.w	r0, r3, r4, lsl #13
34185cb6:	08d3      	lsrs	r3, r2, #3
34185cb8:	9013      	str	r0, [sp, #76]	@ 0x4c
34185cba:	eb03 704a 	add.w	r0, r3, sl, lsl #29
34185cbe:	ea4f 04da 	mov.w	r4, sl, lsr #3
34185cc2:	9014      	str	r0, [sp, #80]	@ 0x50
34185cc4:	9803      	ldr	r0, [sp, #12]
34185cc6:	eb04 7442 	add.w	r4, r4, r2, lsl #29
34185cca:	9a23      	ldr	r2, [sp, #140]	@ 0x8c
34185ccc:	0043      	lsls	r3, r0, #1
34185cce:	eb03 70d2 	add.w	r0, r3, r2, lsr #31
34185cd2:	9015      	str	r0, [sp, #84]	@ 0x54
34185cd4:	9803      	ldr	r0, [sp, #12]
34185cd6:	0053      	lsls	r3, r2, #1
34185cd8:	eb03 70d0 	add.w	r0, r3, r0, lsr #31
34185cdc:	9a31      	ldr	r2, [sp, #196]	@ 0xc4
34185cde:	9016      	str	r0, [sp, #88]	@ 0x58
34185ce0:	9804      	ldr	r0, [sp, #16]
34185ce2:	0193      	lsls	r3, r2, #6
34185ce4:	eb03 6090 	add.w	r0, r3, r0, lsr #26
34185ce8:	9018      	str	r0, [sp, #96]	@ 0x60
34185cea:	9804      	ldr	r0, [sp, #16]
34185cec:	ea4f 280c 	mov.w	r8, ip, lsl #8
34185cf0:	0183      	lsls	r3, r0, #6
34185cf2:	eb03 6392 	add.w	r3, r3, r2, lsr #26
34185cf6:	9a1b      	ldr	r2, [sp, #108]	@ 0x6c
34185cf8:	9805      	ldr	r0, [sp, #20]
34185cfa:	9319      	str	r3, [sp, #100]	@ 0x64
34185cfc:	0653      	lsls	r3, r2, #25
34185cfe:	eb03 10d0 	add.w	r0, r3, r0, lsr #7
34185d02:	9b05      	ldr	r3, [sp, #20]
34185d04:	eb08 6811 	add.w	r8, r8, r1, lsr #24
34185d08:	0209      	lsls	r1, r1, #8
34185d0a:	eb01 611c 	add.w	r1, r1, ip, lsr #24
34185d0e:	065b      	lsls	r3, r3, #25
34185d10:	eb03 13d2 	add.w	r3, r3, r2, lsr #7
34185d14:	911b      	str	r1, [sp, #108]	@ 0x6c
34185d16:	9a24      	ldr	r2, [sp, #144]	@ 0x90
34185d18:	9925      	ldr	r1, [sp, #148]	@ 0x94
34185d1a:	901a      	str	r0, [sp, #104]	@ 0x68
34185d1c:	9317      	str	r3, [sp, #92]	@ 0x5c
34185d1e:	981c      	ldr	r0, [sp, #112]	@ 0x70
34185d20:	ea4f 4982 	mov.w	r9, r2, lsl #18
34185d24:	048b      	lsls	r3, r1, #18
34185d26:	eb09 3991 	add.w	r9, r9, r1, lsr #14
34185d2a:	eb03 3192 	add.w	r1, r3, r2, lsr #14
34185d2e:	9a1e      	ldr	r2, [sp, #120]	@ 0x78
34185d30:	06c3      	lsls	r3, r0, #27
34185d32:	911d      	str	r1, [sp, #116]	@ 0x74
34185d34:	eb03 1152 	add.w	r1, r3, r2, lsr #5
34185d38:	911e      	str	r1, [sp, #120]	@ 0x78
34185d3a:	06d2      	lsls	r2, r2, #27
34185d3c:	992a      	ldr	r1, [sp, #168]	@ 0xa8
34185d3e:	eb02 1250 	add.w	r2, r2, r0, lsr #5
34185d42:	982c      	ldr	r0, [sp, #176]	@ 0xb0
34185d44:	0f0b      	lsrs	r3, r1, #28
34185d46:	921f      	str	r2, [sp, #124]	@ 0x7c
34185d48:	eb03 1200 	add.w	r2, r3, r0, lsl #4
34185d4c:	0f03      	lsrs	r3, r0, #28
34185d4e:	9220      	str	r2, [sp, #128]	@ 0x80
34185d50:	eb03 1201 	add.w	r2, r3, r1, lsl #4
34185d54:	9932      	ldr	r1, [sp, #200]	@ 0xc8
34185d56:	9833      	ldr	r0, [sp, #204]	@ 0xcc
34185d58:	028b      	lsls	r3, r1, #10
34185d5a:	9222      	str	r2, [sp, #136]	@ 0x88
34185d5c:	eb03 5290 	add.w	r2, r3, r0, lsr #22
34185d60:	0283      	lsls	r3, r0, #10
34185d62:	9835      	ldr	r0, [sp, #212]	@ 0xd4
34185d64:	9223      	str	r2, [sp, #140]	@ 0x8c
34185d66:	eb03 5291 	add.w	r2, r3, r1, lsr #22
34185d6a:	9934      	ldr	r1, [sp, #208]	@ 0xd0
34185d6c:	03c3      	lsls	r3, r0, #15
34185d6e:	9221      	str	r2, [sp, #132]	@ 0x84
34185d70:	03ca      	lsls	r2, r1, #15
34185d72:	eb03 4151 	add.w	r1, r3, r1, lsr #17
34185d76:	eb02 4250 	add.w	r2, r2, r0, lsr #17
34185d7a:	9125      	str	r1, [sp, #148]	@ 0x94
34185d7c:	9827      	ldr	r0, [sp, #156]	@ 0x9c
34185d7e:	9926      	ldr	r1, [sp, #152]	@ 0x98
34185d80:	0a03      	lsrs	r3, r0, #8
34185d82:	ea4f 2c11 	mov.w	ip, r1, lsr #8
34185d86:	eb0c 6c00 	add.w	ip, ip, r0, lsl #24
34185d8a:	eb03 6101 	add.w	r1, r3, r1, lsl #24
34185d8e:	9836      	ldr	r0, [sp, #216]	@ 0xd8
34185d90:	9127      	str	r1, [sp, #156]	@ 0x9c
34185d92:	9910      	ldr	r1, [sp, #64]	@ 0x40
34185d94:	0883      	lsrs	r3, r0, #2
34185d96:	eb03 7181 	add.w	r1, r3, r1, lsl #30
34185d9a:	9128      	str	r1, [sp, #160]	@ 0xa0
34185d9c:	9910      	ldr	r1, [sp, #64]	@ 0x40
34185d9e:	088b      	lsrs	r3, r1, #2
34185da0:	eb03 7180 	add.w	r1, r3, r0, lsl #30
34185da4:	982d      	ldr	r0, [sp, #180]	@ 0xb4
34185da6:	9129      	str	r1, [sp, #164]	@ 0xa4
34185da8:	9909      	ldr	r1, [sp, #36]	@ 0x24
34185daa:	0a43      	lsrs	r3, r0, #9
34185dac:	eb03 51c1 	add.w	r1, r3, r1, lsl #23
34185db0:	912a      	str	r1, [sp, #168]	@ 0xa8
34185db2:	9909      	ldr	r1, [sp, #36]	@ 0x24
34185db4:	0a4b      	lsrs	r3, r1, #9
34185db6:	eb03 51c0 	add.w	r1, r3, r0, lsl #23
34185dba:	982e      	ldr	r0, [sp, #184]	@ 0xb8
34185dbc:	912b      	str	r1, [sp, #172]	@ 0xac
34185dbe:	990b      	ldr	r1, [sp, #44]	@ 0x2c
34185dc0:	0e43      	lsrs	r3, r0, #25
34185dc2:	eb03 11c1 	add.w	r1, r3, r1, lsl #7
34185dc6:	912c      	str	r1, [sp, #176]	@ 0xb0
34185dc8:	990b      	ldr	r1, [sp, #44]	@ 0x2c
34185dca:	0e4b      	lsrs	r3, r1, #25
34185dcc:	eb03 11c0 	add.w	r1, r3, r0, lsl #7
34185dd0:	9837      	ldr	r0, [sp, #220]	@ 0xdc
34185dd2:	912d      	str	r1, [sp, #180]	@ 0xb4
34185dd4:	9938      	ldr	r1, [sp, #224]	@ 0xe0
34185dd6:	0dc3      	lsrs	r3, r0, #23
34185dd8:	eb03 2341 	add.w	r3, r3, r1, lsl #9
34185ddc:	0dc9      	lsrs	r1, r1, #23
34185dde:	eb01 2040 	add.w	r0, r1, r0, lsl #9
34185de2:	9303      	str	r3, [sp, #12]
34185de4:	9b3a      	ldr	r3, [sp, #232]	@ 0xe8
34185de6:	902e      	str	r0, [sp, #184]	@ 0xb8
34185de8:	9839      	ldr	r0, [sp, #228]	@ 0xe4
34185dea:	ea4f 0a83 	mov.w	sl, r3, lsl #2
34185dee:	0081      	lsls	r1, r0, #2
34185df0:	eb0a 7090 	add.w	r0, sl, r0, lsr #30
34185df4:	9030      	str	r0, [sp, #192]	@ 0xc0
34185df6:	eb01 7193 	add.w	r1, r1, r3, lsr #30
34185dfa:	9801      	ldr	r0, [sp, #4]
34185dfc:	9b06      	ldr	r3, [sp, #24]
34185dfe:	ea20 0a03 	bic.w	sl, r0, r3
34185e02:	9807      	ldr	r0, [sp, #28]
34185e04:	9b3e      	ldr	r3, [sp, #248]	@ 0xf8
34185e06:	ea8a 0a00 	eor.w	sl, sl, r0
34185e0a:	ea8a 0303 	eor.w	r3, sl, r3
34185e0e:	9802      	ldr	r0, [sp, #8]
34185e10:	9304      	str	r3, [sp, #16]
34185e12:	9b0a      	ldr	r3, [sp, #40]	@ 0x28
34185e14:	ea20 0a03 	bic.w	sl, r0, r3
34185e18:	9808      	ldr	r0, [sp, #32]
34185e1a:	9b3f      	ldr	r3, [sp, #252]	@ 0xfc
34185e1c:	ea8a 0a00 	eor.w	sl, sl, r0
34185e20:	ea8a 0303 	eor.w	r3, sl, r3
34185e24:	9305      	str	r3, [sp, #20]
34185e26:	9b01      	ldr	r3, [sp, #4]
34185e28:	9806      	ldr	r0, [sp, #24]
34185e2a:	ea27 0a03 	bic.w	sl, r7, r3
34185e2e:	ea8a 0300 	eor.w	r3, sl, r0
34185e32:	9331      	str	r3, [sp, #196]	@ 0xc4
34185e34:	4603      	mov	r3, r0
34185e36:	9807      	ldr	r0, [sp, #28]
34185e38:	ea23 0a00 	bic.w	sl, r3, r0
34185e3c:	ea20 0306 	bic.w	r3, r0, r6
34185e40:	9801      	ldr	r0, [sp, #4]
34185e42:	407b      	eors	r3, r7
34185e44:	ea26 0707 	bic.w	r7, r6, r7
34185e48:	4047      	eors	r7, r0
34185e4a:	9706      	str	r7, [sp, #24]
34185e4c:	ea8a 0706 	eor.w	r7, sl, r6
34185e50:	9709      	str	r7, [sp, #36]	@ 0x24
34185e52:	9f02      	ldr	r7, [sp, #8]
34185e54:	9307      	str	r3, [sp, #28]
34185e56:	9b0a      	ldr	r3, [sp, #40]	@ 0x28
34185e58:	9808      	ldr	r0, [sp, #32]
34185e5a:	ea2b 0607 	bic.w	r6, fp, r7
34185e5e:	405e      	eors	r6, r3
34185e60:	9601      	str	r6, [sp, #4]
34185e62:	ea20 0605 	bic.w	r6, r0, r5
34185e66:	ea23 0700 	bic.w	r7, r3, r0
34185e6a:	ea86 060b 	eor.w	r6, r6, fp
34185e6e:	9802      	ldr	r0, [sp, #8]
34185e70:	9608      	str	r6, [sp, #32]
34185e72:	ea25 060b 	bic.w	r6, r5, fp
34185e76:	4046      	eors	r6, r0
34185e78:	9602      	str	r6, [sp, #8]
34185e7a:	9812      	ldr	r0, [sp, #72]	@ 0x48
34185e7c:	9e00      	ldr	r6, [sp, #0]
34185e7e:	9b0c      	ldr	r3, [sp, #48]	@ 0x30
34185e80:	407d      	eors	r5, r7
34185e82:	950a      	str	r5, [sp, #40]	@ 0x28
34185e84:	ea26 0500 	bic.w	r5, r6, r0
34185e88:	405d      	eors	r5, r3
34185e8a:	9f0f      	ldr	r7, [sp, #60]	@ 0x3c
34185e8c:	950b      	str	r5, [sp, #44]	@ 0x2c
34185e8e:	9d0d      	ldr	r5, [sp, #52]	@ 0x34
34185e90:	ea27 0505 	bic.w	r5, r7, r5
34185e94:	9f11      	ldr	r7, [sp, #68]	@ 0x44
34185e96:	407d      	eors	r5, r7
34185e98:	950c      	str	r5, [sp, #48]	@ 0x30
34185e9a:	9d0e      	ldr	r5, [sp, #56]	@ 0x38
34185e9c:	ea25 0506 	bic.w	r5, r5, r6
34185ea0:	4045      	eors	r5, r0
34185ea2:	952f      	str	r5, [sp, #188]	@ 0xbc
34185ea4:	ea20 0503 	bic.w	r5, r0, r3
34185ea8:	980e      	ldr	r0, [sp, #56]	@ 0x38
34185eaa:	ea23 0604 	bic.w	r6, r3, r4
34185eae:	ea86 0300 	eor.w	r3, r6, r0
34185eb2:	9e00      	ldr	r6, [sp, #0]
34185eb4:	ea24 0000 	bic.w	r0, r4, r0
34185eb8:	4046      	eors	r6, r0
34185eba:	406c      	eors	r4, r5
34185ebc:	960e      	str	r6, [sp, #56]	@ 0x38
34185ebe:	9d13      	ldr	r5, [sp, #76]	@ 0x4c
34185ec0:	9e0f      	ldr	r6, [sp, #60]	@ 0x3c
34185ec2:	9310      	str	r3, [sp, #64]	@ 0x40
34185ec4:	9b0d      	ldr	r3, [sp, #52]	@ 0x34
34185ec6:	ea25 0006 	bic.w	r0, r5, r6
34185eca:	9412      	str	r4, [sp, #72]	@ 0x48
34185ecc:	ea80 0403 	eor.w	r4, r0, r3
34185ed0:	940d      	str	r4, [sp, #52]	@ 0x34
34185ed2:	ea23 0407 	bic.w	r4, r3, r7
34185ed6:	9b14      	ldr	r3, [sp, #80]	@ 0x50
34185ed8:	ea27 0003 	bic.w	r0, r7, r3
34185edc:	ea80 0705 	eor.w	r7, r0, r5
34185ee0:	ea23 0005 	bic.w	r0, r3, r5
34185ee4:	ea80 0506 	eor.w	r5, r0, r6
34185ee8:	9711      	str	r7, [sp, #68]	@ 0x44
34185eea:	950f      	str	r5, [sp, #60]	@ 0x3c
34185eec:	9f1a      	ldr	r7, [sp, #104]	@ 0x68
34185eee:	ea84 0503 	eor.w	r5, r4, r3
34185ef2:	9c18      	ldr	r4, [sp, #96]	@ 0x60
34185ef4:	9b15      	ldr	r3, [sp, #84]	@ 0x54
34185ef6:	ea27 0004 	bic.w	r0, r7, r4
34185efa:	9e19      	ldr	r6, [sp, #100]	@ 0x64
34185efc:	9513      	str	r5, [sp, #76]	@ 0x4c
34185efe:	ea80 0503 	eor.w	r5, r0, r3
34185f02:	9817      	ldr	r0, [sp, #92]	@ 0x5c
34185f04:	9514      	str	r5, [sp, #80]	@ 0x50
34185f06:	9d16      	ldr	r5, [sp, #88]	@ 0x58
34185f08:	ea20 0006 	bic.w	r0, r0, r6
34185f0c:	4068      	eors	r0, r5
34185f0e:	9015      	str	r0, [sp, #84]	@ 0x54
34185f10:	ea28 0007 	bic.w	r0, r8, r7
34185f14:	4060      	eors	r0, r4
34185f16:	9016      	str	r0, [sp, #88]	@ 0x58
34185f18:	ea24 0003 	bic.w	r0, r4, r3
34185f1c:	ea23 0409 	bic.w	r4, r3, r9
34185f20:	ea84 0408 	eor.w	r4, r4, r8
34185f24:	ea29 0808 	bic.w	r8, r9, r8
34185f28:	9b17      	ldr	r3, [sp, #92]	@ 0x5c
34185f2a:	941a      	str	r4, [sp, #104]	@ 0x68
34185f2c:	ea88 0407 	eor.w	r4, r8, r7
34185f30:	9f1b      	ldr	r7, [sp, #108]	@ 0x6c
34185f32:	9418      	str	r4, [sp, #96]	@ 0x60
34185f34:	ea80 0409 	eor.w	r4, r0, r9
34185f38:	ea27 0003 	bic.w	r0, r7, r3
34185f3c:	941c      	str	r4, [sp, #112]	@ 0x70
34185f3e:	ea80 0406 	eor.w	r4, r0, r6
34185f42:	9417      	str	r4, [sp, #92]	@ 0x5c
34185f44:	ea26 0005 	bic.w	r0, r6, r5
34185f48:	9e1d      	ldr	r6, [sp, #116]	@ 0x74
34185f4a:	ea25 0406 	bic.w	r4, r5, r6
34185f4e:	ea84 0507 	eor.w	r5, r4, r7
34185f52:	ea26 0407 	bic.w	r4, r6, r7
34185f56:	4063      	eors	r3, r4
34185f58:	9f23      	ldr	r7, [sp, #140]	@ 0x8c
34185f5a:	9c20      	ldr	r4, [sp, #128]	@ 0x80
34185f5c:	9319      	str	r3, [sp, #100]	@ 0x64
34185f5e:	9b1e      	ldr	r3, [sp, #120]	@ 0x78
34185f60:	951b      	str	r5, [sp, #108]	@ 0x6c
34185f62:	ea80 0506 	eor.w	r5, r0, r6
34185f66:	ea27 0004 	bic.w	r0, r7, r4
34185f6a:	951d      	str	r5, [sp, #116]	@ 0x74
34185f6c:	ea80 0503 	eor.w	r5, r0, r3
34185f70:	951e      	str	r5, [sp, #120]	@ 0x78
34185f72:	9d1f      	ldr	r5, [sp, #124]	@ 0x7c
34185f74:	e9dd 0621 	ldrd	r0, r6, [sp, #132]	@ 0x84
34185f78:	ea20 0006 	bic.w	r0, r0, r6
34185f7c:	4068      	eors	r0, r5
34185f7e:	901f      	str	r0, [sp, #124]	@ 0x7c
34185f80:	ea22 0007 	bic.w	r0, r2, r7
34185f84:	4060      	eors	r0, r4
34185f86:	9020      	str	r0, [sp, #128]	@ 0x80
34185f88:	ea24 0003 	bic.w	r0, r4, r3
34185f8c:	ea23 040c 	bic.w	r4, r3, ip
34185f90:	ea84 0302 	eor.w	r3, r4, r2
34185f94:	ea2c 0202 	bic.w	r2, ip, r2
34185f98:	9c25      	ldr	r4, [sp, #148]	@ 0x94
34185f9a:	407a      	eors	r2, r7
34185f9c:	9324      	str	r3, [sp, #144]	@ 0x90
34185f9e:	9b21      	ldr	r3, [sp, #132]	@ 0x84
34185fa0:	9222      	str	r2, [sp, #136]	@ 0x88
34185fa2:	ea80 020c 	eor.w	r2, r0, ip
34185fa6:	9226      	str	r2, [sp, #152]	@ 0x98
34185fa8:	ea24 0203 	bic.w	r2, r4, r3
34185fac:	4072      	eors	r2, r6
34185fae:	9221      	str	r2, [sp, #132]	@ 0x84
34185fb0:	ea26 0205 	bic.w	r2, r6, r5
34185fb4:	9e27      	ldr	r6, [sp, #156]	@ 0x9c
34185fb6:	9f2d      	ldr	r7, [sp, #180]	@ 0xb4
34185fb8:	ea25 0006 	bic.w	r0, r5, r6
34185fbc:	ea80 0504 	eor.w	r5, r0, r4
34185fc0:	ea26 0004 	bic.w	r0, r6, r4
34185fc4:	4043      	eors	r3, r0
34185fc6:	4072      	eors	r2, r6
34185fc8:	982a      	ldr	r0, [sp, #168]	@ 0xa8
34185fca:	9e2c      	ldr	r6, [sp, #176]	@ 0xb0
34185fcc:	9323      	str	r3, [sp, #140]	@ 0x8c
34185fce:	9b28      	ldr	r3, [sp, #160]	@ 0xa0
34185fd0:	9525      	str	r5, [sp, #148]	@ 0x94
34185fd2:	9227      	str	r2, [sp, #156]	@ 0x9c
34185fd4:	9d2b      	ldr	r5, [sp, #172]	@ 0xac
34185fd6:	ea26 0200 	bic.w	r2, r6, r0
34185fda:	9c29      	ldr	r4, [sp, #164]	@ 0xa4
34185fdc:	405a      	eors	r2, r3
34185fde:	9228      	str	r2, [sp, #160]	@ 0xa0
34185fe0:	ea27 0205 	bic.w	r2, r7, r5
34185fe4:	4062      	eors	r2, r4
34185fe6:	9229      	str	r2, [sp, #164]	@ 0xa4
34185fe8:	9a03      	ldr	r2, [sp, #12]
34185fea:	ea22 0a06 	bic.w	sl, r2, r6
34185fee:	ea8a 0a00 	eor.w	sl, sl, r0
34185ff2:	ea20 0203 	bic.w	r2, r0, r3
34185ff6:	ea23 0001 	bic.w	r0, r3, r1
34185ffa:	9b03      	ldr	r3, [sp, #12]
34185ffc:	4043      	eors	r3, r0
34185ffe:	932b      	str	r3, [sp, #172]	@ 0xac
34186000:	9b03      	ldr	r3, [sp, #12]
34186002:	9830      	ldr	r0, [sp, #192]	@ 0xc0
34186004:	ea21 0303 	bic.w	r3, r1, r3
34186008:	4073      	eors	r3, r6
3418600a:	9303      	str	r3, [sp, #12]
3418600c:	ea82 0301 	eor.w	r3, r2, r1
34186010:	462a      	mov	r2, r5
34186012:	992e      	ldr	r1, [sp, #184]	@ 0xb8
34186014:	932d      	str	r3, [sp, #180]	@ 0xb4
34186016:	ea21 0307 	bic.w	r3, r1, r7
3418601a:	405d      	eors	r5, r3
3418601c:	ea22 0304 	bic.w	r3, r2, r4
34186020:	ea24 0200 	bic.w	r2, r4, r0
34186024:	404a      	eors	r2, r1
34186026:	922c      	str	r2, [sp, #176]	@ 0xb0
34186028:	ea20 0201 	bic.w	r2, r0, r1
3418602c:	407a      	eors	r2, r7
3418602e:	4043      	eors	r3, r0
34186030:	922a      	str	r2, [sp, #168]	@ 0xa8
34186032:	932e      	str	r3, [sp, #184]	@ 0xb8
34186034:	f1be 0e01 	subs.w	lr, lr, #1
34186038:	d176      	bne.n	34186128 <KeccakF1600_StatePermute+0xed8>
3418603a:	9841      	ldr	r0, [sp, #260]	@ 0x104
3418603c:	9b04      	ldr	r3, [sp, #16]
3418603e:	f8dd 80bc 	ldr.w	r8, [sp, #188]	@ 0xbc
34186042:	6003      	str	r3, [r0, #0]
34186044:	9b05      	ldr	r3, [sp, #20]
34186046:	6043      	str	r3, [r0, #4]
34186048:	9b31      	ldr	r3, [sp, #196]	@ 0xc4
3418604a:	6083      	str	r3, [r0, #8]
3418604c:	9b01      	ldr	r3, [sp, #4]
3418604e:	60c3      	str	r3, [r0, #12]
34186050:	9b06      	ldr	r3, [sp, #24]
34186052:	6103      	str	r3, [r0, #16]
34186054:	9b02      	ldr	r3, [sp, #8]
34186056:	6143      	str	r3, [r0, #20]
34186058:	9b07      	ldr	r3, [sp, #28]
3418605a:	6183      	str	r3, [r0, #24]
3418605c:	9b08      	ldr	r3, [sp, #32]
3418605e:	61c3      	str	r3, [r0, #28]
34186060:	9b09      	ldr	r3, [sp, #36]	@ 0x24
34186062:	6203      	str	r3, [r0, #32]
34186064:	9b0a      	ldr	r3, [sp, #40]	@ 0x28
34186066:	6243      	str	r3, [r0, #36]	@ 0x24
34186068:	9b0b      	ldr	r3, [sp, #44]	@ 0x2c
3418606a:	6283      	str	r3, [r0, #40]	@ 0x28
3418606c:	9b0c      	ldr	r3, [sp, #48]	@ 0x30
3418606e:	e9c0 380b 	strd	r3, r8, [r0, #44]	@ 0x2c
34186072:	9b0d      	ldr	r3, [sp, #52]	@ 0x34
34186074:	6343      	str	r3, [r0, #52]	@ 0x34
34186076:	9b0e      	ldr	r3, [sp, #56]	@ 0x38
34186078:	6383      	str	r3, [r0, #56]	@ 0x38
3418607a:	9b0f      	ldr	r3, [sp, #60]	@ 0x3c
3418607c:	63c3      	str	r3, [r0, #60]	@ 0x3c
3418607e:	9b10      	ldr	r3, [sp, #64]	@ 0x40
34186080:	6403      	str	r3, [r0, #64]	@ 0x40
34186082:	9b11      	ldr	r3, [sp, #68]	@ 0x44
34186084:	6443      	str	r3, [r0, #68]	@ 0x44
34186086:	9b12      	ldr	r3, [sp, #72]	@ 0x48
34186088:	6483      	str	r3, [r0, #72]	@ 0x48
3418608a:	9b13      	ldr	r3, [sp, #76]	@ 0x4c
3418608c:	64c3      	str	r3, [r0, #76]	@ 0x4c
3418608e:	9b14      	ldr	r3, [sp, #80]	@ 0x50
34186090:	6503      	str	r3, [r0, #80]	@ 0x50
34186092:	9b15      	ldr	r3, [sp, #84]	@ 0x54
34186094:	6543      	str	r3, [r0, #84]	@ 0x54
34186096:	9b16      	ldr	r3, [sp, #88]	@ 0x58
34186098:	6583      	str	r3, [r0, #88]	@ 0x58
3418609a:	9b17      	ldr	r3, [sp, #92]	@ 0x5c
3418609c:	65c3      	str	r3, [r0, #92]	@ 0x5c
3418609e:	9b18      	ldr	r3, [sp, #96]	@ 0x60
341860a0:	6603      	str	r3, [r0, #96]	@ 0x60
341860a2:	9b19      	ldr	r3, [sp, #100]	@ 0x64
341860a4:	6643      	str	r3, [r0, #100]	@ 0x64
341860a6:	9b1a      	ldr	r3, [sp, #104]	@ 0x68
341860a8:	6683      	str	r3, [r0, #104]	@ 0x68
341860aa:	9b1b      	ldr	r3, [sp, #108]	@ 0x6c
341860ac:	66c3      	str	r3, [r0, #108]	@ 0x6c
341860ae:	9b1c      	ldr	r3, [sp, #112]	@ 0x70
341860b0:	6703      	str	r3, [r0, #112]	@ 0x70
341860b2:	9b1d      	ldr	r3, [sp, #116]	@ 0x74
341860b4:	6743      	str	r3, [r0, #116]	@ 0x74
341860b6:	9b1e      	ldr	r3, [sp, #120]	@ 0x78
341860b8:	6783      	str	r3, [r0, #120]	@ 0x78
341860ba:	9b1f      	ldr	r3, [sp, #124]	@ 0x7c
341860bc:	67c3      	str	r3, [r0, #124]	@ 0x7c
341860be:	9b20      	ldr	r3, [sp, #128]	@ 0x80
341860c0:	f8c0 50ac 	str.w	r5, [r0, #172]	@ 0xac
341860c4:	f8c0 3080 	str.w	r3, [r0, #128]	@ 0x80
341860c8:	9b21      	ldr	r3, [sp, #132]	@ 0x84
341860ca:	f8c0 3084 	str.w	r3, [r0, #132]	@ 0x84
341860ce:	9b22      	ldr	r3, [sp, #136]	@ 0x88
341860d0:	f8c0 3088 	str.w	r3, [r0, #136]	@ 0x88
341860d4:	9b23      	ldr	r3, [sp, #140]	@ 0x8c
341860d6:	f8c0 308c 	str.w	r3, [r0, #140]	@ 0x8c
341860da:	9b24      	ldr	r3, [sp, #144]	@ 0x90
341860dc:	f8c0 3090 	str.w	r3, [r0, #144]	@ 0x90
341860e0:	9b25      	ldr	r3, [sp, #148]	@ 0x94
341860e2:	f8c0 3094 	str.w	r3, [r0, #148]	@ 0x94
341860e6:	9b26      	ldr	r3, [sp, #152]	@ 0x98
341860e8:	f8c0 3098 	str.w	r3, [r0, #152]	@ 0x98
341860ec:	9b27      	ldr	r3, [sp, #156]	@ 0x9c
341860ee:	f8c0 309c 	str.w	r3, [r0, #156]	@ 0x9c
341860f2:	9b28      	ldr	r3, [sp, #160]	@ 0xa0
341860f4:	f8c0 30a0 	str.w	r3, [r0, #160]	@ 0xa0
341860f8:	9b29      	ldr	r3, [sp, #164]	@ 0xa4
341860fa:	e9c0 3a29 	strd	r3, sl, [r0, #164]	@ 0xa4
341860fe:	9b03      	ldr	r3, [sp, #12]
34186100:	f8c0 30b0 	str.w	r3, [r0, #176]	@ 0xb0
34186104:	9b2a      	ldr	r3, [sp, #168]	@ 0xa8
34186106:	f8c0 30b4 	str.w	r3, [r0, #180]	@ 0xb4
3418610a:	9b2b      	ldr	r3, [sp, #172]	@ 0xac
3418610c:	f8c0 30b8 	str.w	r3, [r0, #184]	@ 0xb8
34186110:	9b2c      	ldr	r3, [sp, #176]	@ 0xb0
34186112:	f8c0 30bc 	str.w	r3, [r0, #188]	@ 0xbc
34186116:	9b2d      	ldr	r3, [sp, #180]	@ 0xb4
34186118:	f8c0 30c0 	str.w	r3, [r0, #192]	@ 0xc0
3418611c:	9b2e      	ldr	r3, [sp, #184]	@ 0xb8
3418611e:	f8c0 30c4 	str.w	r3, [r0, #196]	@ 0xc4
34186122:	b043      	add	sp, #268	@ 0x10c
34186124:	e8bd 8ff0 	ldmia.w	sp!, {r4, r5, r6, r7, r8, r9, sl, fp, pc}
34186128:	9b40      	ldr	r3, [sp, #256]	@ 0x100
3418612a:	691a      	ldr	r2, [r3, #16]
3418612c:	3310      	adds	r3, #16
3418612e:	923c      	str	r2, [sp, #240]	@ 0xf0
34186130:	685a      	ldr	r2, [r3, #4]
34186132:	923d      	str	r2, [sp, #244]	@ 0xf4
34186134:	689a      	ldr	r2, [r3, #8]
34186136:	923e      	str	r2, [sp, #248]	@ 0xf8
34186138:	68da      	ldr	r2, [r3, #12]
3418613a:	9340      	str	r3, [sp, #256]	@ 0x100
3418613c:	923f      	str	r2, [sp, #252]	@ 0xfc
3418613e:	f7ff b90f 	b.w	34185360 <KeccakF1600_StatePermute+0x110>
34186142:	bf00      	nop

34186144 <keccak_inc_absorb>:
34186144:	e92d 4ff0 	stmdb	sp!, {r4, r5, r6, r7, r8, r9, sl, fp, lr}
34186148:	4689      	mov	r9, r1
3418614a:	4680      	mov	r8, r0
3418614c:	e9d0 1032 	ldrd	r1, r0, [r0, #200]	@ 0xc8
34186150:	4615      	mov	r5, r2
34186152:	185a      	adds	r2, r3, r1
34186154:	461c      	mov	r4, r3
34186156:	f140 0300 	adc.w	r3, r0, #0
3418615a:	454a      	cmp	r2, r9
3418615c:	f173 0c00 	sbcs.w	ip, r3, #0
34186160:	b089      	sub	sp, #36	@ 0x24
34186162:	d34a      	bcc.n	341861fa <keccak_inc_absorb+0xb6>
34186164:	4589      	cmp	r9, r1
34186166:	d10f      	bne.n	34186188 <keccak_inc_absorb+0x44>
34186168:	2300      	movs	r3, #0
3418616a:	2200      	movs	r2, #0
3418616c:	4640      	mov	r0, r8
3418616e:	e9c8 2332 	strd	r2, r3, [r8, #200]	@ 0xc8
34186172:	eba4 0409 	sub.w	r4, r4, r9
34186176:	440c      	add	r4, r1
34186178:	f7ff f86a 	bl	34185250 <KeccakF1600_StatePermute>
3418617c:	2100      	movs	r1, #0
3418617e:	454c      	cmp	r4, r9
34186180:	f171 0300 	sbcs.w	r3, r1, #0
34186184:	4608      	mov	r0, r1
34186186:	d336      	bcc.n	341861f6 <keccak_inc_absorb+0xb2>
34186188:	2300      	movs	r3, #0
3418618a:	469c      	mov	ip, r3
3418618c:	e9cd 5404 	strd	r5, r4, [sp, #16]
34186190:	f105 3eff 	add.w	lr, r5, #4294967295	@ 0xffffffff
34186194:	f8cd 9004 	str.w	r9, [sp, #4]
34186198:	2500      	movs	r5, #0
3418619a:	18ce      	adds	r6, r1, r3
3418619c:	eb4c 0700 	adc.w	r7, ip, r0
341861a0:	4639      	mov	r1, r7
341861a2:	4630      	mov	r0, r6
341861a4:	f81e 4f01 	ldrb.w	r4, [lr, #1]!
341861a8:	46ab      	mov	fp, r5
341861aa:	46a2      	mov	sl, r4
341861ac:	ea50 01df 	lsrl	r0, r1, #3
341861b0:	f006 0207 	and.w	r2, r6, #7
341861b4:	00d2      	lsls	r2, r2, #3
341861b6:	ea5a 2b0d 	lsll	sl, fp, r2
341861ba:	ea4f 09c0 	mov.w	r9, r0, lsl #3
341861be:	eb08 00c0 	add.w	r0, r8, r0, lsl #3
341861c2:	6842      	ldr	r2, [r0, #4]
341861c4:	f858 1009 	ldr.w	r1, [r8, r9]
341861c8:	ea82 020b 	eor.w	r2, r2, fp
341861cc:	ea81 010a 	eor.w	r1, r1, sl
341861d0:	f848 1009 	str.w	r1, [r8, r9]
341861d4:	6042      	str	r2, [r0, #4]
341861d6:	9a01      	ldr	r2, [sp, #4]
341861d8:	3301      	adds	r3, #1
341861da:	e9d8 1032 	ldrd	r1, r0, [r8, #200]	@ 0xc8
341861de:	eba2 0201 	sub.w	r2, r2, r1
341861e2:	f14c 0c00 	adc.w	ip, ip, #0
341861e6:	429a      	cmp	r2, r3
341861e8:	d8d6      	bhi.n	34186198 <keccak_inc_absorb+0x54>
341861ea:	e9dd 5404 	ldrd	r5, r4, [sp, #16]
341861ee:	f8dd 9004 	ldr.w	r9, [sp, #4]
341861f2:	4415      	add	r5, r2
341861f4:	e7b8      	b.n	34186168 <keccak_inc_absorb+0x24>
341861f6:	4622      	mov	r2, r4
341861f8:	460b      	mov	r3, r1
341861fa:	b384      	cbz	r4, 3418625e <keccak_inc_absorb+0x11a>
341861fc:	2300      	movs	r3, #0
341861fe:	f044 e001 	dls	lr, r4
34186202:	469c      	mov	ip, r3
34186204:	46a3      	mov	fp, r4
34186206:	f105 39ff 	add.w	r9, r5, #4294967295	@ 0xffffffff
3418620a:	185c      	adds	r4, r3, r1
3418620c:	f819 2f01 	ldrb.w	r2, [r9, #1]!
34186210:	eb4c 0500 	adc.w	r5, ip, r0
34186214:	4629      	mov	r1, r5
34186216:	4620      	mov	r0, r4
34186218:	9202      	str	r2, [sp, #8]
3418621a:	2200      	movs	r2, #0
3418621c:	ea50 01df 	lsrl	r0, r1, #3
34186220:	9203      	str	r2, [sp, #12]
34186222:	f004 0207 	and.w	r2, r4, #7
34186226:	00d2      	lsls	r2, r2, #3
34186228:	e9dd 6702 	ldrd	r6, r7, [sp, #8]
3418622c:	ea56 270d 	lsll	r6, r7, r2
34186230:	ea4f 0ac0 	mov.w	sl, r0, lsl #3
34186234:	eb08 00c0 	add.w	r0, r8, r0, lsl #3
34186238:	6842      	ldr	r2, [r0, #4]
3418623a:	f858 100a 	ldr.w	r1, [r8, sl]
3418623e:	407a      	eors	r2, r7
34186240:	4071      	eors	r1, r6
34186242:	f848 100a 	str.w	r1, [r8, sl]
34186246:	3301      	adds	r3, #1
34186248:	6042      	str	r2, [r0, #4]
3418624a:	f14c 0c00 	adc.w	ip, ip, #0
3418624e:	e9d8 1032 	ldrd	r1, r0, [r8, #200]	@ 0xc8
34186252:	f00f c027 	le	lr, 3418620a <keccak_inc_absorb+0xc6>
34186256:	eb1b 0201 	adds.w	r2, fp, r1
3418625a:	f140 0300 	adc.w	r3, r0, #0
3418625e:	e9c8 2332 	strd	r2, r3, [r8, #200]	@ 0xc8
34186262:	b009      	add	sp, #36	@ 0x24
34186264:	e8bd 8ff0 	ldmia.w	sp!, {r4, r5, r6, r7, r8, r9, sl, fp, pc}

34186268 <shake128_inc_init>:
34186268:	b538      	push	{r3, r4, r5, lr}
3418626a:	4605      	mov	r5, r0
3418626c:	20d0      	movs	r0, #208	@ 0xd0
3418626e:	f002 fc5d 	bl	34188b2c <malloc>
34186272:	6028      	str	r0, [r5, #0]
34186274:	b148      	cbz	r0, 3418628a <shake128_inc_init+0x22>
34186276:	22c8      	movs	r2, #200	@ 0xc8
34186278:	2100      	movs	r1, #0
3418627a:	4604      	mov	r4, r0
3418627c:	f003 fa7c 	bl	34189778 <memset>
34186280:	2200      	movs	r2, #0
34186282:	2300      	movs	r3, #0
34186284:	e9c4 2332 	strd	r2, r3, [r4, #200]	@ 0xc8
34186288:	bd38      	pop	{r3, r4, r5, pc}
3418628a:	206f      	movs	r0, #111	@ 0x6f
3418628c:	f002 fc40 	bl	34188b10 <exit>

34186290 <shake128_inc_absorb>:
34186290:	4613      	mov	r3, r2
34186292:	6800      	ldr	r0, [r0, #0]
34186294:	460a      	mov	r2, r1
34186296:	21a8      	movs	r1, #168	@ 0xa8
34186298:	f7ff bf54 	b.w	34186144 <keccak_inc_absorb>

3418629c <shake128_inc_finalize>:
3418629c:	6801      	ldr	r1, [r0, #0]
3418629e:	b4f0      	push	{r4, r5, r6, r7}
341862a0:	e9d1 2332 	ldrd	r2, r3, [r1, #200]	@ 0xc8
341862a4:	4614      	mov	r4, r2
341862a6:	461d      	mov	r5, r3
341862a8:	261f      	movs	r6, #31
341862aa:	2700      	movs	r7, #0
341862ac:	ea54 05df 	lsrl	r4, r5, #3
341862b0:	f002 0207 	and.w	r2, r2, #7
341862b4:	00d2      	lsls	r2, r2, #3
341862b6:	ea56 270d 	lsll	r6, r7, r2
341862ba:	00e0      	lsls	r0, r4, #3
341862bc:	eb01 04c4 	add.w	r4, r1, r4, lsl #3
341862c0:	6863      	ldr	r3, [r4, #4]
341862c2:	580a      	ldr	r2, [r1, r0]
341862c4:	407b      	eors	r3, r7
341862c6:	4072      	eors	r2, r6
341862c8:	2700      	movs	r7, #0
341862ca:	2600      	movs	r6, #0
341862cc:	500a      	str	r2, [r1, r0]
341862ce:	6063      	str	r3, [r4, #4]
341862d0:	f8d1 30a4 	ldr.w	r3, [r1, #164]	@ 0xa4
341862d4:	e9c1 6732 	strd	r6, r7, [r1, #200]	@ 0xc8
341862d8:	bcf0      	pop	{r4, r5, r6, r7}
341862da:	f103 4300 	add.w	r3, r3, #2147483648	@ 0x80000000
341862de:	f8c1 30a4 	str.w	r3, [r1, #164]	@ 0xa4
341862e2:	4770      	bx	lr

341862e4 <shake128_inc_squeeze>:
341862e4:	e92d 4ff0 	stmdb	sp!, {r4, r5, r6, r7, r8, r9, sl, fp, lr}
341862e8:	b085      	sub	sp, #20
341862ea:	e9cd 1002 	strd	r1, r0, [sp, #8]
341862ee:	2900      	cmp	r1, #0
341862f0:	d072      	beq.n	341863d8 <shake128_inc_squeeze+0xf4>
341862f2:	2300      	movs	r3, #0
341862f4:	6814      	ldr	r4, [r2, #0]
341862f6:	9a03      	ldr	r2, [sp, #12]
341862f8:	460d      	mov	r5, r1
341862fa:	4618      	mov	r0, r3
341862fc:	f102 3aff 	add.w	sl, r2, #4294967295	@ 0xffffffff
34186300:	e02b      	b.n	3418635a <shake128_inc_squeeze+0x76>
34186302:	f1d2 02a8 	rsbs	r2, r2, #168	@ 0xa8
34186306:	eb6c 0c4c 	sbc.w	ip, ip, ip, lsl #1
3418630a:	18d6      	adds	r6, r2, r3
3418630c:	eb40 070c 	adc.w	r7, r0, ip
34186310:	46b0      	mov	r8, r6
34186312:	46b9      	mov	r9, r7
34186314:	ea58 09df 	lsrl	r8, r9, #3
34186318:	e9cd 8900 	strd	r8, r9, [sp]
3418631c:	9900      	ldr	r1, [sp, #0]
3418631e:	f006 0207 	and.w	r2, r6, #7
34186322:	eb04 08c1 	add.w	r8, r4, r1, lsl #3
34186326:	f8d8 8004 	ldr.w	r8, [r8, #4]
3418632a:	00d2      	lsls	r2, r2, #3
3418632c:	f854 9031 	ldr.w	r9, [r4, r1, lsl #3]
34186330:	f1c2 0e20 	rsb	lr, r2, #32
34186334:	f1a2 0c20 	sub.w	ip, r2, #32
34186338:	fa08 fe0e 	lsl.w	lr, r8, lr
3418633c:	fa29 f902 	lsr.w	r9, r9, r2
34186340:	3301      	adds	r3, #1
34186342:	ea49 090e 	orr.w	r9, r9, lr
34186346:	fa28 fc0c 	lsr.w	ip, r8, ip
3418634a:	f140 0000 	adc.w	r0, r0, #0
3418634e:	ea49 090c 	orr.w	r9, r9, ip
34186352:	3d01      	subs	r5, #1
34186354:	f80a 9f01 	strb.w	r9, [sl, #1]!
34186358:	d049      	beq.n	341863ee <shake128_inc_squeeze+0x10a>
3418635a:	e9d4 2c32 	ldrd	r2, ip, [r4, #200]	@ 0xc8
3418635e:	4293      	cmp	r3, r2
34186360:	eb70 0e0c 	sbcs.w	lr, r0, ip
34186364:	469b      	mov	fp, r3
34186366:	d3cc      	bcc.n	34186302 <shake128_inc_squeeze+0x1e>
34186368:	1ad2      	subs	r2, r2, r3
3418636a:	9b02      	ldr	r3, [sp, #8]
3418636c:	eb6c 0000 	sbc.w	r0, ip, r0
34186370:	ebb3 050b 	subs.w	r5, r3, fp
34186374:	e9c4 2032 	strd	r2, r0, [r4, #200]	@ 0xc8
34186378:	d02e      	beq.n	341863d8 <shake128_inc_squeeze+0xf4>
3418637a:	f8dd 800c 	ldr.w	r8, [sp, #12]
3418637e:	44d8      	add	r8, fp
34186380:	4620      	mov	r0, r4
34186382:	f7fe ff65 	bl	34185250 <KeccakF1600_StatePermute>
34186386:	f108 39ff 	add.w	r9, r8, #4294967295	@ 0xffffffff
3418638a:	2200      	movs	r2, #0
3418638c:	f04f 0ea8 	mov.w	lr, #168	@ 0xa8
34186390:	e002      	b.n	34186398 <shake128_inc_squeeze+0xb4>
34186392:	f1be 0e01 	subs.w	lr, lr, #1
34186396:	d022      	beq.n	341863de <shake128_inc_squeeze+0xfa>
34186398:	f022 0307 	bic.w	r3, r2, #7
3418639c:	08d1      	lsrs	r1, r2, #3
3418639e:	f002 0007 	and.w	r0, r2, #7
341863a2:	4423      	add	r3, r4
341863a4:	685e      	ldr	r6, [r3, #4]
341863a6:	00c0      	lsls	r0, r0, #3
341863a8:	f854 3031 	ldr.w	r3, [r4, r1, lsl #3]
341863ac:	f1c0 0a20 	rsb	sl, r0, #32
341863b0:	f1a0 0120 	sub.w	r1, r0, #32
341863b4:	40c3      	lsrs	r3, r0
341863b6:	fa06 fa0a 	lsl.w	sl, r6, sl
341863ba:	ea43 030a 	orr.w	r3, r3, sl
341863be:	fa26 f101 	lsr.w	r1, r6, r1
341863c2:	3201      	adds	r2, #1
341863c4:	430b      	orrs	r3, r1
341863c6:	42aa      	cmp	r2, r5
341863c8:	f809 3f01 	strb.w	r3, [r9, #1]!
341863cc:	d1e1      	bne.n	34186392 <shake128_inc_squeeze+0xae>
341863ce:	2300      	movs	r3, #0
341863d0:	f1c2 02a8 	rsb	r2, r2, #168	@ 0xa8
341863d4:	e9c4 2332 	strd	r2, r3, [r4, #200]	@ 0xc8
341863d8:	b005      	add	sp, #20
341863da:	e8bd 8ff0 	ldmia.w	sp!, {r4, r5, r6, r7, r8, r9, sl, fp, pc}
341863de:	2200      	movs	r2, #0
341863e0:	2300      	movs	r3, #0
341863e2:	f108 08a8 	add.w	r8, r8, #168	@ 0xa8
341863e6:	e9c4 2332 	strd	r2, r3, [r4, #200]	@ 0xc8
341863ea:	3da8      	subs	r5, #168	@ 0xa8
341863ec:	e7c8      	b.n	34186380 <shake128_inc_squeeze+0x9c>
341863ee:	f10b 0b01 	add.w	fp, fp, #1
341863f2:	e9d4 2c32 	ldrd	r2, ip, [r4, #200]	@ 0xc8
341863f6:	e7b7      	b.n	34186368 <shake128_inc_squeeze+0x84>

341863f8 <shake128_inc_ctx_release>:
341863f8:	6800      	ldr	r0, [r0, #0]
341863fa:	f002 bb9f 	b.w	34188b3c <free>
341863fe:	bf00      	nop

34186400 <randombytes>:
34186400:	e92d 47f0 	stmdb	sp!, {r4, r5, r6, r7, r8, r9, sl, lr}
34186404:	4699      	mov	r9, r3
34186406:	ea52 0309 	orrs.w	r3, r2, r9
3418640a:	b092      	sub	sp, #72	@ 0x48
3418640c:	f000 817a 	beq.w	34186704 <randombytes+0x304>
34186410:	4616      	mov	r6, r2
34186412:	4607      	mov	r7, r0
34186414:	2500      	movs	r5, #0
34186416:	4cbd      	ldr	r4, [pc, #756]	@ (3418670c <randombytes+0x30c>)
34186418:	f002 0a0f 	and.w	sl, r2, #15
3418641c:	f10d 0818 	add.w	r8, sp, #24
34186420:	e08f      	b.n	34186542 <randombytes+0x142>
34186422:	f894 102e 	ldrb.w	r1, [r4, #46]	@ 0x2e
34186426:	f884 502f 	strb.w	r5, [r4, #47]	@ 0x2f
3418642a:	29ff      	cmp	r1, #255	@ 0xff
3418642c:	f040 812a 	bne.w	34186684 <randombytes+0x284>
34186430:	f894 102d 	ldrb.w	r1, [r4, #45]	@ 0x2d
34186434:	f884 502e 	strb.w	r5, [r4, #46]	@ 0x2e
34186438:	29ff      	cmp	r1, #255	@ 0xff
3418643a:	f040 8125 	bne.w	34186688 <randombytes+0x288>
3418643e:	f894 102c 	ldrb.w	r1, [r4, #44]	@ 0x2c
34186442:	f884 502d 	strb.w	r5, [r4, #45]	@ 0x2d
34186446:	29ff      	cmp	r1, #255	@ 0xff
34186448:	f040 8120 	bne.w	3418668c <randombytes+0x28c>
3418644c:	f894 102b 	ldrb.w	r1, [r4, #43]	@ 0x2b
34186450:	f884 502c 	strb.w	r5, [r4, #44]	@ 0x2c
34186454:	29ff      	cmp	r1, #255	@ 0xff
34186456:	f040 811b 	bne.w	34186690 <randombytes+0x290>
3418645a:	f894 102a 	ldrb.w	r1, [r4, #42]	@ 0x2a
3418645e:	f884 502b 	strb.w	r5, [r4, #43]	@ 0x2b
34186462:	29ff      	cmp	r1, #255	@ 0xff
34186464:	f040 8116 	bne.w	34186694 <randombytes+0x294>
34186468:	f894 1029 	ldrb.w	r1, [r4, #41]	@ 0x29
3418646c:	f884 502a 	strb.w	r5, [r4, #42]	@ 0x2a
34186470:	29ff      	cmp	r1, #255	@ 0xff
34186472:	f040 8111 	bne.w	34186698 <randombytes+0x298>
34186476:	f894 1028 	ldrb.w	r1, [r4, #40]	@ 0x28
3418647a:	f884 5029 	strb.w	r5, [r4, #41]	@ 0x29
3418647e:	29ff      	cmp	r1, #255	@ 0xff
34186480:	f040 810c 	bne.w	3418669c <randombytes+0x29c>
34186484:	f894 1027 	ldrb.w	r1, [r4, #39]	@ 0x27
34186488:	f884 5028 	strb.w	r5, [r4, #40]	@ 0x28
3418648c:	29ff      	cmp	r1, #255	@ 0xff
3418648e:	f040 8107 	bne.w	341866a0 <randombytes+0x2a0>
34186492:	f894 1026 	ldrb.w	r1, [r4, #38]	@ 0x26
34186496:	f884 5027 	strb.w	r5, [r4, #39]	@ 0x27
3418649a:	29ff      	cmp	r1, #255	@ 0xff
3418649c:	f040 8102 	bne.w	341866a4 <randombytes+0x2a4>
341864a0:	f894 1025 	ldrb.w	r1, [r4, #37]	@ 0x25
341864a4:	f884 5026 	strb.w	r5, [r4, #38]	@ 0x26
341864a8:	29ff      	cmp	r1, #255	@ 0xff
341864aa:	f040 80fd 	bne.w	341866a8 <randombytes+0x2a8>
341864ae:	f894 1024 	ldrb.w	r1, [r4, #36]	@ 0x24
341864b2:	f884 5025 	strb.w	r5, [r4, #37]	@ 0x25
341864b6:	29ff      	cmp	r1, #255	@ 0xff
341864b8:	f040 80f8 	bne.w	341866ac <randombytes+0x2ac>
341864bc:	f894 1023 	ldrb.w	r1, [r4, #35]	@ 0x23
341864c0:	f884 5024 	strb.w	r5, [r4, #36]	@ 0x24
341864c4:	29ff      	cmp	r1, #255	@ 0xff
341864c6:	f040 80f3 	bne.w	341866b0 <randombytes+0x2b0>
341864ca:	f894 1022 	ldrb.w	r1, [r4, #34]	@ 0x22
341864ce:	f884 5023 	strb.w	r5, [r4, #35]	@ 0x23
341864d2:	29ff      	cmp	r1, #255	@ 0xff
341864d4:	f040 80ee 	bne.w	341866b4 <randombytes+0x2b4>
341864d8:	f894 1021 	ldrb.w	r1, [r4, #33]	@ 0x21
341864dc:	f884 5022 	strb.w	r5, [r4, #34]	@ 0x22
341864e0:	29ff      	cmp	r1, #255	@ 0xff
341864e2:	f040 80e9 	bne.w	341866b8 <randombytes+0x2b8>
341864e6:	f894 1020 	ldrb.w	r1, [r4, #32]
341864ea:	f884 5021 	strb.w	r5, [r4, #33]	@ 0x21
341864ee:	29ff      	cmp	r1, #255	@ 0xff
341864f0:	f040 80e4 	bne.w	341866bc <randombytes+0x2bc>
341864f4:	f884 5020 	strb.w	r5, [r4, #32]
341864f8:	4640      	mov	r0, r8
341864fa:	4984      	ldr	r1, [pc, #528]	@ (3418670c <randombytes+0x30c>)
341864fc:	f7fe fcb4 	bl	34184e68 <aes256_ecb_keyexp>
34186500:	4643      	mov	r3, r8
34186502:	2201      	movs	r2, #1
34186504:	4982      	ldr	r1, [pc, #520]	@ (34186710 <randombytes+0x310>)
34186506:	a802      	add	r0, sp, #8
34186508:	f7fe fe4c 	bl	341851a4 <aes256_ecb>
3418650c:	4640      	mov	r0, r8
3418650e:	f7fe fe9b 	bl	34185248 <aes256_ctx_release>
34186512:	45a9      	cmp	r9, r5
34186514:	bf08      	it	eq
34186516:	4556      	cmpeq	r6, sl
34186518:	d01e      	beq.n	34186558 <randombytes+0x158>
3418651a:	3e10      	subs	r6, #16
3418651c:	f107 0710 	add.w	r7, r7, #16
34186520:	f10d 0c08 	add.w	ip, sp, #8
34186524:	f169 0900 	sbc.w	r9, r9, #0
34186528:	e8bc 000f 	ldmia.w	ip!, {r0, r1, r2, r3}
3418652c:	f847 3c04 	str.w	r3, [r7, #-4]
34186530:	ea56 0309 	orrs.w	r3, r6, r9
34186534:	f847 0c10 	str.w	r0, [r7, #-16]
34186538:	f847 1c0c 	str.w	r1, [r7, #-12]
3418653c:	f847 2c08 	str.w	r2, [r7, #-8]
34186540:	d00f      	beq.n	34186562 <randombytes+0x162>
34186542:	f894 102f 	ldrb.w	r1, [r4, #47]	@ 0x2f
34186546:	29ff      	cmp	r1, #255	@ 0xff
34186548:	f43f af6b 	beq.w	34186422 <randombytes+0x22>
3418654c:	230f      	movs	r3, #15
3418654e:	4423      	add	r3, r4
34186550:	3101      	adds	r1, #1
34186552:	f883 1020 	strb.w	r1, [r3, #32]
34186556:	e7cf      	b.n	341864f8 <randombytes+0xf8>
34186558:	4632      	mov	r2, r6
3418655a:	4638      	mov	r0, r7
3418655c:	a902      	add	r1, sp, #8
3418655e:	f003 f9ff 	bl	34189960 <memcpy>
34186562:	4646      	mov	r6, r8
34186564:	2500      	movs	r5, #0
34186566:	4f6a      	ldr	r7, [pc, #424]	@ (34186710 <randombytes+0x310>)
34186568:	f894 302f 	ldrb.w	r3, [r4, #47]	@ 0x2f
3418656c:	2bff      	cmp	r3, #255	@ 0xff
3418656e:	f040 80a7 	bne.w	341866c0 <randombytes+0x2c0>
34186572:	f894 302e 	ldrb.w	r3, [r4, #46]	@ 0x2e
34186576:	f884 502f 	strb.w	r5, [r4, #47]	@ 0x2f
3418657a:	2bff      	cmp	r3, #255	@ 0xff
3418657c:	f040 80a4 	bne.w	341866c8 <randombytes+0x2c8>
34186580:	f894 302d 	ldrb.w	r3, [r4, #45]	@ 0x2d
34186584:	f884 502e 	strb.w	r5, [r4, #46]	@ 0x2e
34186588:	2bff      	cmp	r3, #255	@ 0xff
3418658a:	f040 809f 	bne.w	341866cc <randombytes+0x2cc>
3418658e:	f894 302c 	ldrb.w	r3, [r4, #44]	@ 0x2c
34186592:	f884 502d 	strb.w	r5, [r4, #45]	@ 0x2d
34186596:	2bff      	cmp	r3, #255	@ 0xff
34186598:	f040 809a 	bne.w	341866d0 <randombytes+0x2d0>
3418659c:	f894 302b 	ldrb.w	r3, [r4, #43]	@ 0x2b
341865a0:	f884 502c 	strb.w	r5, [r4, #44]	@ 0x2c
341865a4:	2bff      	cmp	r3, #255	@ 0xff
341865a6:	f040 8097 	bne.w	341866d8 <randombytes+0x2d8>
341865aa:	f894 302a 	ldrb.w	r3, [r4, #42]	@ 0x2a
341865ae:	f884 502b 	strb.w	r5, [r4, #43]	@ 0x2b
341865b2:	2bff      	cmp	r3, #255	@ 0xff
341865b4:	f040 808e 	bne.w	341866d4 <randombytes+0x2d4>
341865b8:	f894 3029 	ldrb.w	r3, [r4, #41]	@ 0x29
341865bc:	f884 502a 	strb.w	r5, [r4, #42]	@ 0x2a
341865c0:	2bff      	cmp	r3, #255	@ 0xff
341865c2:	f040 808b 	bne.w	341866dc <randombytes+0x2dc>
341865c6:	f894 3028 	ldrb.w	r3, [r4, #40]	@ 0x28
341865ca:	f884 5029 	strb.w	r5, [r4, #41]	@ 0x29
341865ce:	2bff      	cmp	r3, #255	@ 0xff
341865d0:	f040 8086 	bne.w	341866e0 <randombytes+0x2e0>
341865d4:	f894 3027 	ldrb.w	r3, [r4, #39]	@ 0x27
341865d8:	f884 5028 	strb.w	r5, [r4, #40]	@ 0x28
341865dc:	2bff      	cmp	r3, #255	@ 0xff
341865de:	f040 8081 	bne.w	341866e4 <randombytes+0x2e4>
341865e2:	f894 3026 	ldrb.w	r3, [r4, #38]	@ 0x26
341865e6:	f884 5027 	strb.w	r5, [r4, #39]	@ 0x27
341865ea:	2bff      	cmp	r3, #255	@ 0xff
341865ec:	d17e      	bne.n	341866ec <randombytes+0x2ec>
341865ee:	f894 3025 	ldrb.w	r3, [r4, #37]	@ 0x25
341865f2:	f884 5026 	strb.w	r5, [r4, #38]	@ 0x26
341865f6:	2bff      	cmp	r3, #255	@ 0xff
341865f8:	d176      	bne.n	341866e8 <randombytes+0x2e8>
341865fa:	f894 3024 	ldrb.w	r3, [r4, #36]	@ 0x24
341865fe:	f884 5025 	strb.w	r5, [r4, #37]	@ 0x25
34186602:	2bff      	cmp	r3, #255	@ 0xff
34186604:	d174      	bne.n	341866f0 <randombytes+0x2f0>
34186606:	f894 3023 	ldrb.w	r3, [r4, #35]	@ 0x23
3418660a:	f884 5024 	strb.w	r5, [r4, #36]	@ 0x24
3418660e:	2bff      	cmp	r3, #255	@ 0xff
34186610:	d172      	bne.n	341866f8 <randombytes+0x2f8>
34186612:	f894 3022 	ldrb.w	r3, [r4, #34]	@ 0x22
34186616:	f884 5023 	strb.w	r5, [r4, #35]	@ 0x23
3418661a:	2bff      	cmp	r3, #255	@ 0xff
3418661c:	d16a      	bne.n	341866f4 <randombytes+0x2f4>
3418661e:	f894 3021 	ldrb.w	r3, [r4, #33]	@ 0x21
34186622:	f884 5022 	strb.w	r5, [r4, #34]	@ 0x22
34186626:	2bff      	cmp	r3, #255	@ 0xff
34186628:	d16a      	bne.n	34186700 <randombytes+0x300>
3418662a:	f894 3020 	ldrb.w	r3, [r4, #32]
3418662e:	f884 5021 	strb.w	r5, [r4, #33]	@ 0x21
34186632:	2bff      	cmp	r3, #255	@ 0xff
34186634:	d162      	bne.n	341866fc <randombytes+0x2fc>
34186636:	f884 5020 	strb.w	r5, [r4, #32]
3418663a:	4934      	ldr	r1, [pc, #208]	@ (3418670c <randombytes+0x30c>)
3418663c:	a801      	add	r0, sp, #4
3418663e:	f7fe fc13 	bl	34184e68 <aes256_ecb_keyexp>
34186642:	4630      	mov	r0, r6
34186644:	ab01      	add	r3, sp, #4
34186646:	2201      	movs	r2, #1
34186648:	4639      	mov	r1, r7
3418664a:	f7fe fdab 	bl	341851a4 <aes256_ecb>
3418664e:	a801      	add	r0, sp, #4
34186650:	f7fe fdfa 	bl	34185248 <aes256_ctx_release>
34186654:	3610      	adds	r6, #16
34186656:	ab12      	add	r3, sp, #72	@ 0x48
34186658:	42b3      	cmp	r3, r6
3418665a:	d185      	bne.n	34186568 <randombytes+0x168>
3418665c:	e8b8 000f 	ldmia.w	r8!, {r0, r1, r2, r3}
34186660:	4d2a      	ldr	r5, [pc, #168]	@ (3418670c <randombytes+0x30c>)
34186662:	c50f      	stmia	r5!, {r0, r1, r2, r3}
34186664:	e898 000f 	ldmia.w	r8, {r0, r1, r2, r3}
34186668:	e885 000f 	stmia.w	r5, {r0, r1, r2, r3}
3418666c:	ab12      	add	r3, sp, #72	@ 0x48
3418666e:	e913 000f 	ldmdb	r3, {r0, r1, r2, r3}
34186672:	e887 000f 	stmia.w	r7, {r0, r1, r2, r3}
34186676:	2000      	movs	r0, #0
34186678:	6b23      	ldr	r3, [r4, #48]	@ 0x30
3418667a:	3301      	adds	r3, #1
3418667c:	6323      	str	r3, [r4, #48]	@ 0x30
3418667e:	b012      	add	sp, #72	@ 0x48
34186680:	e8bd 87f0 	ldmia.w	sp!, {r4, r5, r6, r7, r8, r9, sl, pc}
34186684:	230e      	movs	r3, #14
34186686:	e762      	b.n	3418654e <randombytes+0x14e>
34186688:	230d      	movs	r3, #13
3418668a:	e760      	b.n	3418654e <randombytes+0x14e>
3418668c:	230c      	movs	r3, #12
3418668e:	e75e      	b.n	3418654e <randombytes+0x14e>
34186690:	230b      	movs	r3, #11
34186692:	e75c      	b.n	3418654e <randombytes+0x14e>
34186694:	230a      	movs	r3, #10
34186696:	e75a      	b.n	3418654e <randombytes+0x14e>
34186698:	2309      	movs	r3, #9
3418669a:	e758      	b.n	3418654e <randombytes+0x14e>
3418669c:	2308      	movs	r3, #8
3418669e:	e756      	b.n	3418654e <randombytes+0x14e>
341866a0:	2307      	movs	r3, #7
341866a2:	e754      	b.n	3418654e <randombytes+0x14e>
341866a4:	2306      	movs	r3, #6
341866a6:	e752      	b.n	3418654e <randombytes+0x14e>
341866a8:	2305      	movs	r3, #5
341866aa:	e750      	b.n	3418654e <randombytes+0x14e>
341866ac:	2304      	movs	r3, #4
341866ae:	e74e      	b.n	3418654e <randombytes+0x14e>
341866b0:	2303      	movs	r3, #3
341866b2:	e74c      	b.n	3418654e <randombytes+0x14e>
341866b4:	2302      	movs	r3, #2
341866b6:	e74a      	b.n	3418654e <randombytes+0x14e>
341866b8:	2301      	movs	r3, #1
341866ba:	e748      	b.n	3418654e <randombytes+0x14e>
341866bc:	2300      	movs	r3, #0
341866be:	e746      	b.n	3418654e <randombytes+0x14e>
341866c0:	4a14      	ldr	r2, [pc, #80]	@ (34186714 <randombytes+0x314>)
341866c2:	3301      	adds	r3, #1
341866c4:	7013      	strb	r3, [r2, #0]
341866c6:	e7b8      	b.n	3418663a <randombytes+0x23a>
341866c8:	4a13      	ldr	r2, [pc, #76]	@ (34186718 <randombytes+0x318>)
341866ca:	e7fa      	b.n	341866c2 <randombytes+0x2c2>
341866cc:	4a13      	ldr	r2, [pc, #76]	@ (3418671c <randombytes+0x31c>)
341866ce:	e7f8      	b.n	341866c2 <randombytes+0x2c2>
341866d0:	4a13      	ldr	r2, [pc, #76]	@ (34186720 <randombytes+0x320>)
341866d2:	e7f6      	b.n	341866c2 <randombytes+0x2c2>
341866d4:	4a13      	ldr	r2, [pc, #76]	@ (34186724 <randombytes+0x324>)
341866d6:	e7f4      	b.n	341866c2 <randombytes+0x2c2>
341866d8:	4a13      	ldr	r2, [pc, #76]	@ (34186728 <randombytes+0x328>)
341866da:	e7f2      	b.n	341866c2 <randombytes+0x2c2>
341866dc:	4a13      	ldr	r2, [pc, #76]	@ (3418672c <randombytes+0x32c>)
341866de:	e7f0      	b.n	341866c2 <randombytes+0x2c2>
341866e0:	4a13      	ldr	r2, [pc, #76]	@ (34186730 <randombytes+0x330>)
341866e2:	e7ee      	b.n	341866c2 <randombytes+0x2c2>
341866e4:	4a13      	ldr	r2, [pc, #76]	@ (34186734 <randombytes+0x334>)
341866e6:	e7ec      	b.n	341866c2 <randombytes+0x2c2>
341866e8:	4a13      	ldr	r2, [pc, #76]	@ (34186738 <randombytes+0x338>)
341866ea:	e7ea      	b.n	341866c2 <randombytes+0x2c2>
341866ec:	4a13      	ldr	r2, [pc, #76]	@ (3418673c <randombytes+0x33c>)
341866ee:	e7e8      	b.n	341866c2 <randombytes+0x2c2>
341866f0:	4a13      	ldr	r2, [pc, #76]	@ (34186740 <randombytes+0x340>)
341866f2:	e7e6      	b.n	341866c2 <randombytes+0x2c2>
341866f4:	4a13      	ldr	r2, [pc, #76]	@ (34186744 <randombytes+0x344>)
341866f6:	e7e4      	b.n	341866c2 <randombytes+0x2c2>
341866f8:	4a13      	ldr	r2, [pc, #76]	@ (34186748 <randombytes+0x348>)
341866fa:	e7e2      	b.n	341866c2 <randombytes+0x2c2>
341866fc:	4a04      	ldr	r2, [pc, #16]	@ (34186710 <randombytes+0x310>)
341866fe:	e7e0      	b.n	341866c2 <randombytes+0x2c2>
34186700:	4a12      	ldr	r2, [pc, #72]	@ (3418674c <randombytes+0x34c>)
34186702:	e7de      	b.n	341866c2 <randombytes+0x2c2>
34186704:	4c01      	ldr	r4, [pc, #4]	@ (3418670c <randombytes+0x30c>)
34186706:	f10d 0818 	add.w	r8, sp, #24
3418670a:	e72a      	b.n	34186562 <randombytes+0x162>
3418670c:	341c1ba8 	.word	0x341c1ba8
34186710:	341c1bc8 	.word	0x341c1bc8
34186714:	341c1bd7 	.word	0x341c1bd7
34186718:	341c1bd6 	.word	0x341c1bd6
3418671c:	341c1bd5 	.word	0x341c1bd5
34186720:	341c1bd4 	.word	0x341c1bd4
34186724:	341c1bd2 	.word	0x341c1bd2
34186728:	341c1bd3 	.word	0x341c1bd3
3418672c:	341c1bd1 	.word	0x341c1bd1
34186730:	341c1bd0 	.word	0x341c1bd0
34186734:	341c1bcf 	.word	0x341c1bcf
34186738:	341c1bcd 	.word	0x341c1bcd
3418673c:	341c1bce 	.word	0x341c1bce
34186740:	341c1bcc 	.word	0x341c1bcc
34186744:	341c1bca 	.word	0x341c1bca
34186748:	341c1bcb 	.word	0x341c1bcb
3418674c:	341c1bc9 	.word	0x341c1bc9

34186750 <AES256_CTR_DRBG_Update>:
34186750:	e92d 41f0 	stmdb	sp!, {r4, r5, r6, r7, r8, lr}
34186754:	4605      	mov	r5, r0
34186756:	460e      	mov	r6, r1
34186758:	4614      	mov	r4, r2
3418675a:	2700      	movs	r7, #0
3418675c:	b08e      	sub	sp, #56	@ 0x38
3418675e:	f10d 0808 	add.w	r8, sp, #8
34186762:	7be3      	ldrb	r3, [r4, #15]
34186764:	2bff      	cmp	r3, #255	@ 0xff
34186766:	f040 8099 	bne.w	3418689c <AES256_CTR_DRBG_Update+0x14c>
3418676a:	7ba3      	ldrb	r3, [r4, #14]
3418676c:	73e7      	strb	r7, [r4, #15]
3418676e:	2bff      	cmp	r3, #255	@ 0xff
34186770:	bf18      	it	ne
34186772:	f104 020e 	addne.w	r2, r4, #14
34186776:	f040 8093 	bne.w	341868a0 <AES256_CTR_DRBG_Update+0x150>
3418677a:	7b63      	ldrb	r3, [r4, #13]
3418677c:	73a7      	strb	r7, [r4, #14]
3418677e:	2bff      	cmp	r3, #255	@ 0xff
34186780:	bf18      	it	ne
34186782:	f104 020d 	addne.w	r2, r4, #13
34186786:	f040 808b 	bne.w	341868a0 <AES256_CTR_DRBG_Update+0x150>
3418678a:	7b23      	ldrb	r3, [r4, #12]
3418678c:	7367      	strb	r7, [r4, #13]
3418678e:	2bff      	cmp	r3, #255	@ 0xff
34186790:	bf18      	it	ne
34186792:	f104 020c 	addne.w	r2, r4, #12
34186796:	f040 8083 	bne.w	341868a0 <AES256_CTR_DRBG_Update+0x150>
3418679a:	7ae3      	ldrb	r3, [r4, #11]
3418679c:	7327      	strb	r7, [r4, #12]
3418679e:	2bff      	cmp	r3, #255	@ 0xff
341867a0:	bf18      	it	ne
341867a2:	f104 020b 	addne.w	r2, r4, #11
341867a6:	d17b      	bne.n	341868a0 <AES256_CTR_DRBG_Update+0x150>
341867a8:	7aa3      	ldrb	r3, [r4, #10]
341867aa:	72e7      	strb	r7, [r4, #11]
341867ac:	2bff      	cmp	r3, #255	@ 0xff
341867ae:	bf18      	it	ne
341867b0:	f104 020a 	addne.w	r2, r4, #10
341867b4:	d174      	bne.n	341868a0 <AES256_CTR_DRBG_Update+0x150>
341867b6:	7a63      	ldrb	r3, [r4, #9]
341867b8:	72a7      	strb	r7, [r4, #10]
341867ba:	2bff      	cmp	r3, #255	@ 0xff
341867bc:	bf18      	it	ne
341867be:	f104 0209 	addne.w	r2, r4, #9
341867c2:	d16d      	bne.n	341868a0 <AES256_CTR_DRBG_Update+0x150>
341867c4:	7a23      	ldrb	r3, [r4, #8]
341867c6:	7267      	strb	r7, [r4, #9]
341867c8:	2bff      	cmp	r3, #255	@ 0xff
341867ca:	bf18      	it	ne
341867cc:	f104 0208 	addne.w	r2, r4, #8
341867d0:	d166      	bne.n	341868a0 <AES256_CTR_DRBG_Update+0x150>
341867d2:	79e3      	ldrb	r3, [r4, #7]
341867d4:	7227      	strb	r7, [r4, #8]
341867d6:	2bff      	cmp	r3, #255	@ 0xff
341867d8:	bf18      	it	ne
341867da:	1de2      	addne	r2, r4, #7
341867dc:	d160      	bne.n	341868a0 <AES256_CTR_DRBG_Update+0x150>
341867de:	79a3      	ldrb	r3, [r4, #6]
341867e0:	71e7      	strb	r7, [r4, #7]
341867e2:	2bff      	cmp	r3, #255	@ 0xff
341867e4:	bf18      	it	ne
341867e6:	1da2      	addne	r2, r4, #6
341867e8:	d15a      	bne.n	341868a0 <AES256_CTR_DRBG_Update+0x150>
341867ea:	7963      	ldrb	r3, [r4, #5]
341867ec:	71a7      	strb	r7, [r4, #6]
341867ee:	2bff      	cmp	r3, #255	@ 0xff
341867f0:	bf18      	it	ne
341867f2:	1d62      	addne	r2, r4, #5
341867f4:	d154      	bne.n	341868a0 <AES256_CTR_DRBG_Update+0x150>
341867f6:	7923      	ldrb	r3, [r4, #4]
341867f8:	7167      	strb	r7, [r4, #5]
341867fa:	2bff      	cmp	r3, #255	@ 0xff
341867fc:	bf18      	it	ne
341867fe:	1d22      	addne	r2, r4, #4
34186800:	d14e      	bne.n	341868a0 <AES256_CTR_DRBG_Update+0x150>
34186802:	78e3      	ldrb	r3, [r4, #3]
34186804:	7127      	strb	r7, [r4, #4]
34186806:	2bff      	cmp	r3, #255	@ 0xff
34186808:	bf18      	it	ne
3418680a:	1ce2      	addne	r2, r4, #3
3418680c:	d148      	bne.n	341868a0 <AES256_CTR_DRBG_Update+0x150>
3418680e:	78a3      	ldrb	r3, [r4, #2]
34186810:	70e7      	strb	r7, [r4, #3]
34186812:	2bff      	cmp	r3, #255	@ 0xff
34186814:	bf18      	it	ne
34186816:	1ca2      	addne	r2, r4, #2
34186818:	d142      	bne.n	341868a0 <AES256_CTR_DRBG_Update+0x150>
3418681a:	7863      	ldrb	r3, [r4, #1]
3418681c:	70a7      	strb	r7, [r4, #2]
3418681e:	2bff      	cmp	r3, #255	@ 0xff
34186820:	bf18      	it	ne
34186822:	1c62      	addne	r2, r4, #1
34186824:	d13c      	bne.n	341868a0 <AES256_CTR_DRBG_Update+0x150>
34186826:	7823      	ldrb	r3, [r4, #0]
34186828:	7067      	strb	r7, [r4, #1]
3418682a:	2bff      	cmp	r3, #255	@ 0xff
3418682c:	d13b      	bne.n	341868a6 <AES256_CTR_DRBG_Update+0x156>
3418682e:	7027      	strb	r7, [r4, #0]
34186830:	4631      	mov	r1, r6
34186832:	a801      	add	r0, sp, #4
34186834:	f7fe fb18 	bl	34184e68 <aes256_ecb_keyexp>
34186838:	4640      	mov	r0, r8
3418683a:	ab01      	add	r3, sp, #4
3418683c:	2201      	movs	r2, #1
3418683e:	4621      	mov	r1, r4
34186840:	f7fe fcb0 	bl	341851a4 <aes256_ecb>
34186844:	a801      	add	r0, sp, #4
34186846:	f7fe fcff 	bl	34185248 <aes256_ctx_release>
3418684a:	f108 0810 	add.w	r8, r8, #16
3418684e:	ab0e      	add	r3, sp, #56	@ 0x38
34186850:	4543      	cmp	r3, r8
34186852:	d186      	bne.n	34186762 <AES256_CTR_DRBG_Update+0x12>
34186854:	b175      	cbz	r5, 34186874 <AES256_CTR_DRBG_Update+0x124>
34186856:	f04f 0e30 	mov.w	lr, #48	@ 0x30
3418685a:	f04e e001 	dls	lr, lr
3418685e:	f10d 0207 	add.w	r2, sp, #7
34186862:	1e69      	subs	r1, r5, #1
34186864:	f812 3f01 	ldrb.w	r3, [r2, #1]!
34186868:	f811 0f01 	ldrb.w	r0, [r1, #1]!
3418686c:	4043      	eors	r3, r0
3418686e:	7013      	strb	r3, [r2, #0]
34186870:	f00f c009 	le	lr, 34186864 <AES256_CTR_DRBG_Update+0x114>
34186874:	ad02      	add	r5, sp, #8
34186876:	af0a      	add	r7, sp, #40	@ 0x28
34186878:	cd0f      	ldmia	r5!, {r0, r1, r2, r3}
3418687a:	6030      	str	r0, [r6, #0]
3418687c:	6071      	str	r1, [r6, #4]
3418687e:	60b2      	str	r2, [r6, #8]
34186880:	60f3      	str	r3, [r6, #12]
34186882:	cd0f      	ldmia	r5!, {r0, r1, r2, r3}
34186884:	6130      	str	r0, [r6, #16]
34186886:	6171      	str	r1, [r6, #20]
34186888:	61b2      	str	r2, [r6, #24]
3418688a:	61f3      	str	r3, [r6, #28]
3418688c:	cf0f      	ldmia	r7!, {r0, r1, r2, r3}
3418688e:	6020      	str	r0, [r4, #0]
34186890:	6061      	str	r1, [r4, #4]
34186892:	60a2      	str	r2, [r4, #8]
34186894:	60e3      	str	r3, [r4, #12]
34186896:	b00e      	add	sp, #56	@ 0x38
34186898:	e8bd 81f0 	ldmia.w	sp!, {r4, r5, r6, r7, r8, pc}
3418689c:	f104 020f 	add.w	r2, r4, #15
341868a0:	3301      	adds	r3, #1
341868a2:	7013      	strb	r3, [r2, #0]
341868a4:	e7c4      	b.n	34186830 <AES256_CTR_DRBG_Update+0xe0>
341868a6:	4622      	mov	r2, r4
341868a8:	e7fa      	b.n	341868a0 <AES256_CTR_DRBG_Update+0x150>
341868aa:	bf00      	nop

341868ac <randombytes_init>:
341868ac:	b570      	push	{r4, r5, r6, lr}
341868ae:	b08c      	sub	sp, #48	@ 0x30
341868b0:	468c      	mov	ip, r1
341868b2:	466d      	mov	r5, sp
341868b4:	4686      	mov	lr, r0
341868b6:	f100 0630 	add.w	r6, r0, #48	@ 0x30
341868ba:	462c      	mov	r4, r5
341868bc:	f8de 0000 	ldr.w	r0, [lr]
341868c0:	f8de 1004 	ldr.w	r1, [lr, #4]
341868c4:	f8de 2008 	ldr.w	r2, [lr, #8]
341868c8:	f8de 300c 	ldr.w	r3, [lr, #12]
341868cc:	f10e 0e10 	add.w	lr, lr, #16
341868d0:	45b6      	cmp	lr, r6
341868d2:	c40f      	stmia	r4!, {r0, r1, r2, r3}
341868d4:	f105 0510 	add.w	r5, r5, #16
341868d8:	d1ef      	bne.n	341868ba <randombytes_init+0xe>
341868da:	f1bc 0f00 	cmp.w	ip, #0
341868de:	d00f      	beq.n	34186900 <randombytes_init+0x54>
341868e0:	f04f 0e30 	mov.w	lr, #48	@ 0x30
341868e4:	f04e e001 	dls	lr, lr
341868e8:	f10d 32ff 	add.w	r2, sp, #4294967295	@ 0xffffffff
341868ec:	f10c 31ff 	add.w	r1, ip, #4294967295	@ 0xffffffff
341868f0:	f812 3f01 	ldrb.w	r3, [r2, #1]!
341868f4:	f811 0f01 	ldrb.w	r0, [r1, #1]!
341868f8:	4043      	eors	r3, r0
341868fa:	7013      	strb	r3, [r2, #0]
341868fc:	f00f c009 	le	lr, 341868f0 <randombytes_init+0x44>
34186900:	2100      	movs	r1, #0
34186902:	2220      	movs	r2, #32
34186904:	4809      	ldr	r0, [pc, #36]	@ (3418692c <randombytes_init+0x80>)
34186906:	f002 ff37 	bl	34189778 <memset>
3418690a:	2300      	movs	r3, #0
3418690c:	4a08      	ldr	r2, [pc, #32]	@ (34186930 <randombytes_init+0x84>)
3418690e:	4668      	mov	r0, sp
34186910:	f1a2 0120 	sub.w	r1, r2, #32
34186914:	620b      	str	r3, [r1, #32]
34186916:	460d      	mov	r5, r1
34186918:	e9c2 3301 	strd	r3, r3, [r2, #4]
3418691c:	60d3      	str	r3, [r2, #12]
3418691e:	f7ff ff17 	bl	34186750 <AES256_CTR_DRBG_Update>
34186922:	2301      	movs	r3, #1
34186924:	632b      	str	r3, [r5, #48]	@ 0x30
34186926:	b00c      	add	sp, #48	@ 0x30
34186928:	bd70      	pop	{r4, r5, r6, pc}
3418692a:	bf00      	nop
3418692c:	341c1ba8 	.word	0x341c1ba8
34186930:	341c1bc8 	.word	0x341c1bc8

34186934 <__wrap__write>:
34186934:	e92d 41f0 	stmdb	sp!, {r4, r5, r6, r7, r8, lr}
34186938:	3801      	subs	r0, #1
3418693a:	2801      	cmp	r0, #1
3418693c:	b0a0      	sub	sp, #128	@ 0x80
3418693e:	d81c      	bhi.n	3418697a <__wrap__write+0x46>
34186940:	2a00      	cmp	r2, #0
34186942:	4690      	mov	r8, r2
34186944:	dd15      	ble.n	34186972 <__wrap__write+0x3e>
34186946:	460e      	mov	r6, r1
34186948:	4615      	mov	r5, r2
3418694a:	2700      	movs	r7, #0
3418694c:	2d7f      	cmp	r5, #127	@ 0x7f
3418694e:	462c      	mov	r4, r5
34186950:	bfa8      	it	ge
34186952:	247f      	movge	r4, #127	@ 0x7f
34186954:	4631      	mov	r1, r6
34186956:	4668      	mov	r0, sp
34186958:	4622      	mov	r2, r4
3418695a:	f003 f801 	bl	34189960 <memcpy>
3418695e:	eb0d 0304 	add.w	r3, sp, r4
34186962:	2004      	movs	r0, #4
34186964:	4669      	mov	r1, sp
34186966:	701f      	strb	r7, [r3, #0]
34186968:	beab      	bkpt	0x00ab
3418696a:	1b2d      	subs	r5, r5, r4
3418696c:	2d00      	cmp	r5, #0
3418696e:	4426      	add	r6, r4
34186970:	dcec      	bgt.n	3418694c <__wrap__write+0x18>
34186972:	4640      	mov	r0, r8
34186974:	b020      	add	sp, #128	@ 0x80
34186976:	e8bd 81f0 	ldmia.w	sp!, {r4, r5, r6, r7, r8, pc}
3418697a:	f002 ff9b 	bl	341898b4 <__errno>
3418697e:	2209      	movs	r2, #9
34186980:	4603      	mov	r3, r0
34186982:	f04f 30ff 	mov.w	r0, #4294967295	@ 0xffffffff
34186986:	601a      	str	r2, [r3, #0]
34186988:	e7f4      	b.n	34186974 <__wrap__write+0x40>
3418698a:	bf00      	nop

3418698c <__wrap__read>:
3418698c:	b508      	push	{r3, lr}
3418698e:	f002 ff91 	bl	341898b4 <__errno>
34186992:	2258      	movs	r2, #88	@ 0x58
34186994:	4603      	mov	r3, r0
34186996:	f04f 30ff 	mov.w	r0, #4294967295	@ 0xffffffff
3418699a:	601a      	str	r2, [r3, #0]
3418699c:	bd08      	pop	{r3, pc}
3418699e:	bf00      	nop

341869a0 <_sbrk>:
341869a0:	4916      	ldr	r1, [pc, #88]	@ (341869fc <_sbrk+0x5c>)
341869a2:	b508      	push	{r3, lr}
341869a4:	680a      	ldr	r2, [r1, #0]
341869a6:	b1fa      	cbz	r2, 341869e8 <_sbrk+0x48>
341869a8:	2800      	cmp	r0, #0
341869aa:	dd10      	ble.n	341869ce <_sbrk+0x2e>
341869ac:	f8df c054 	ldr.w	ip, [pc, #84]	@ 34186a04 <_sbrk+0x64>
341869b0:	1813      	adds	r3, r2, r0
341869b2:	4563      	cmp	r3, ip
341869b4:	d81a      	bhi.n	341869ec <_sbrk+0x4c>
341869b6:	4618      	mov	r0, r3
341869b8:	f8df c04c 	ldr.w	ip, [pc, #76]	@ 34186a08 <_sbrk+0x68>
341869bc:	600b      	str	r3, [r1, #0]
341869be:	f8dc 3000 	ldr.w	r3, [ip]
341869c2:	4283      	cmp	r3, r0
341869c4:	d201      	bcs.n	341869ca <_sbrk+0x2a>
341869c6:	f8cc 0000 	str.w	r0, [ip]
341869ca:	4610      	mov	r0, r2
341869cc:	bd08      	pop	{r3, pc}
341869ce:	eb02 0300 	add.w	r3, r2, r0
341869d2:	d0f0      	beq.n	341869b6 <_sbrk+0x16>
341869d4:	f8df c028 	ldr.w	ip, [pc, #40]	@ 34186a00 <_sbrk+0x60>
341869d8:	4618      	mov	r0, r3
341869da:	4563      	cmp	r3, ip
341869dc:	d2ec      	bcs.n	341869b8 <_sbrk+0x18>
341869de:	f002 ff69 	bl	341898b4 <__errno>
341869e2:	2316      	movs	r3, #22
341869e4:	6003      	str	r3, [r0, #0]
341869e6:	e005      	b.n	341869f4 <_sbrk+0x54>
341869e8:	4a05      	ldr	r2, [pc, #20]	@ (34186a00 <_sbrk+0x60>)
341869ea:	e7dd      	b.n	341869a8 <_sbrk+0x8>
341869ec:	f002 ff62 	bl	341898b4 <__errno>
341869f0:	230c      	movs	r3, #12
341869f2:	6003      	str	r3, [r0, #0]
341869f4:	f04f 32ff 	mov.w	r2, #4294967295	@ 0xffffffff
341869f8:	4610      	mov	r0, r2
341869fa:	bd08      	pop	{r3, pc}
341869fc:	341c1be0 	.word	0x341c1be0
34186a00:	34200000 	.word	0x34200000
34186a04:	343c0000 	.word	0x343c0000
34186a08:	341c1bdc 	.word	0x341c1bdc

34186a0c <SysTick_Handler>:
34186a0c:	b500      	push	{lr}
34186a0e:	f04f 2ee0 	mov.w	lr, #3758153728	@ 0xe000e000
34186a12:	f8df c018 	ldr.w	ip, [pc, #24]	@ 34186a2c <SysTick_Handler+0x20>
34186a16:	e9dc 2300 	ldrd	r2, r3, [ip]
34186a1a:	1c50      	adds	r0, r2, #1
34186a1c:	f143 0100 	adc.w	r1, r3, #0
34186a20:	e9cc 0100 	strd	r0, r1, [ip]
34186a24:	f8de 3010 	ldr.w	r3, [lr, #16]
34186a28:	bd00      	pop	{pc}
34186a2a:	bf00      	nop
34186a2c:	341c1be8 	.word	0x341c1be8

34186a30 <m55_measure_start>:
34186a30:	f3bf 8f4f 	dsb	sy
34186a34:	f3bf 8f6f 	isb	sy
34186a38:	4a02      	ldr	r2, [pc, #8]	@ (34186a44 <m55_measure_start+0x14>)
34186a3a:	4b03      	ldr	r3, [pc, #12]	@ (34186a48 <m55_measure_start+0x18>)
34186a3c:	6fd2      	ldr	r2, [r2, #124]	@ 0x7c
34186a3e:	601a      	str	r2, [r3, #0]
34186a40:	4770      	bx	lr
34186a42:	bf00      	nop
34186a44:	e0003000 	.word	0xe0003000
34186a48:	341c1bf0 	.word	0x341c1bf0

34186a4c <m55_measure_end>:
34186a4c:	4a02      	ldr	r2, [pc, #8]	@ (34186a58 <m55_measure_end+0xc>)
34186a4e:	4b03      	ldr	r3, [pc, #12]	@ (34186a5c <m55_measure_end+0x10>)
34186a50:	6fd0      	ldr	r0, [r2, #124]	@ 0x7c
34186a52:	681b      	ldr	r3, [r3, #0]
34186a54:	1ac0      	subs	r0, r0, r3
34186a56:	4770      	bx	lr
34186a58:	e0003000 	.word	0xe0003000
34186a5c:	341c1bf0 	.word	0x341c1bf0

34186a60 <Error_Handler>:
34186a60:	2329      	movs	r3, #41	@ 0x29
34186a62:	b500      	push	{lr}
34186a64:	f043 e001 	dls	lr, r3
34186a68:	4a04      	ldr	r2, [pc, #16]	@ (34186a7c <Error_Handler+0x1c>)
34186a6a:	2003      	movs	r0, #3
34186a6c:	1ad1      	subs	r1, r2, r3
34186a6e:	beab      	bkpt	0x00ab
34186a70:	3b01      	subs	r3, #1
34186a72:	f00f c007 	le	lr, 34186a6a <Error_Handler+0xa>
34186a76:	b672      	cpsid	i
34186a78:	bf30      	wfi
34186a7a:	e7fd      	b.n	34186a78 <Error_Handler+0x18>
34186a7c:	3418fe39 	.word	0x3418fe39

34186a80 <__wrap_main>:
34186a80:	b570      	push	{r4, r5, r6, lr}
34186a82:	4aa7      	ldr	r2, [pc, #668]	@ (34186d20 <__wrap_main+0x2a0>)
34186a84:	b0bc      	sub	sp, #240	@ 0xf0
34186a86:	6953      	ldr	r3, [r2, #20]
34186a88:	f413 3300 	ands.w	r3, r3, #131072	@ 0x20000
34186a8c:	d111      	bne.n	34186ab2 <__wrap_main+0x32>
34186a8e:	f3bf 8f4f 	dsb	sy
34186a92:	f3bf 8f6f 	isb	sy
34186a96:	f8c2 3250 	str.w	r3, [r2, #592]	@ 0x250
34186a9a:	f3bf 8f4f 	dsb	sy
34186a9e:	f3bf 8f6f 	isb	sy
34186aa2:	6953      	ldr	r3, [r2, #20]
34186aa4:	f443 3300 	orr.w	r3, r3, #131072	@ 0x20000
34186aa8:	6153      	str	r3, [r2, #20]
34186aaa:	f3bf 8f4f 	dsb	sy
34186aae:	f3bf 8f6f 	isb	sy
34186ab2:	489b      	ldr	r0, [pc, #620]	@ (34186d20 <__wrap_main+0x2a0>)
34186ab4:	6943      	ldr	r3, [r0, #20]
34186ab6:	f413 3380 	ands.w	r3, r3, #65536	@ 0x10000
34186aba:	d12a      	bne.n	34186b12 <__wrap_main+0x92>
34186abc:	f8c0 3084 	str.w	r3, [r0, #132]	@ 0x84
34186ac0:	f3bf 8f4f 	dsb	sy
34186ac4:	f643 75e0 	movw	r5, #16352	@ 0x3fe0
34186ac8:	f8d0 4080 	ldr.w	r4, [r0, #128]	@ 0x80
34186acc:	f3c4 3c4e 	ubfx	ip, r4, #13, #15
34186ad0:	ea4f 1c4c 	mov.w	ip, ip, lsl #5
34186ad4:	f3c4 04c9 	ubfx	r4, r4, #3, #10
34186ad8:	f104 0e01 	add.w	lr, r4, #1
34186adc:	4623      	mov	r3, r4
34186ade:	f04e e001 	dls	lr, lr
34186ae2:	ea0c 0105 	and.w	r1, ip, r5
34186ae6:	ea41 7283 	orr.w	r2, r1, r3, lsl #30
34186aea:	f8c0 2260 	str.w	r2, [r0, #608]	@ 0x260
34186aee:	3b01      	subs	r3, #1
34186af0:	f00f c807 	le	lr, 34186ae6 <__wrap_main+0x66>
34186af4:	f1ac 0c20 	sub.w	ip, ip, #32
34186af8:	f11c 0f20 	cmn.w	ip, #32
34186afc:	d1ec      	bne.n	34186ad8 <__wrap_main+0x58>
34186afe:	f3bf 8f4f 	dsb	sy
34186b02:	6943      	ldr	r3, [r0, #20]
34186b04:	f443 3380 	orr.w	r3, r3, #65536	@ 0x10000
34186b08:	6143      	str	r3, [r0, #20]
34186b0a:	f3bf 8f4f 	dsb	sy
34186b0e:	f3bf 8f6f 	isb	sy
34186b12:	f000 fbdd 	bl	341872d0 <HAL_Init>
34186b16:	4604      	mov	r4, r0
34186b18:	b108      	cbz	r0, 34186b1e <__wrap_main+0x9e>
34186b1a:	f7ff ffa1 	bl	34186a60 <Error_Handler>
34186b1e:	4601      	mov	r1, r0
34186b20:	2298      	movs	r2, #152	@ 0x98
34186b22:	a816      	add	r0, sp, #88	@ 0x58
34186b24:	f002 fe28 	bl	34189778 <memset>
34186b28:	2240      	movs	r2, #64	@ 0x40
34186b2a:	4621      	mov	r1, r4
34186b2c:	a806      	add	r0, sp, #24
34186b2e:	f002 fe23 	bl	34189778 <memset>
34186b32:	4620      	mov	r0, r4
34186b34:	f000 fc42 	bl	341873bc <HAL_PWREx_ConfigSupply>
34186b38:	2800      	cmp	r0, #0
34186b3a:	d1ee      	bne.n	34186b1a <__wrap_main+0x9a>
34186b3c:	f000 fc58 	bl	341873f0 <HAL_PWREx_ControlVoltageScaling>
34186b40:	4603      	mov	r3, r0
34186b42:	2800      	cmp	r0, #0
34186b44:	d1e9      	bne.n	34186b1a <__wrap_main+0x9a>
34186b46:	2102      	movs	r1, #2
34186b48:	2208      	movs	r2, #8
34186b4a:	a816      	add	r0, sp, #88	@ 0x58
34186b4c:	e9cd 331a 	strd	r3, r3, [sp, #104]	@ 0x68
34186b50:	9320      	str	r3, [sp, #128]	@ 0x80
34186b52:	9327      	str	r3, [sp, #156]	@ 0x9c
34186b54:	932e      	str	r3, [sp, #184]	@ 0xb8
34186b56:	9335      	str	r3, [sp, #212]	@ 0xd4
34186b58:	9116      	str	r1, [sp, #88]	@ 0x58
34186b5a:	9219      	str	r2, [sp, #100]	@ 0x64
34186b5c:	f000 fd98 	bl	34187690 <HAL_RCC_OscConfig>
34186b60:	2800      	cmp	r0, #0
34186b62:	d1da      	bne.n	34186b1a <__wrap_main+0x9a>
34186b64:	a806      	add	r0, sp, #24
34186b66:	f001 fc2b 	bl	341883c0 <HAL_RCC_GetClockConfig>
34186b6a:	9b07      	ldr	r3, [sp, #28]
34186b6c:	f5b3 3f40 	cmp.w	r3, #196608	@ 0x30000
34186b70:	f000 80c8 	beq.w	34186d04 <__wrap_main+0x284>
34186b74:	9b08      	ldr	r3, [sp, #32]
34186b76:	f1b3 7f40 	cmp.w	r3, #50331648	@ 0x3000000
34186b7a:	f000 80c3 	beq.w	34186d04 <__wrap_main+0x284>
34186b7e:	2100      	movs	r1, #0
34186b80:	2298      	movs	r2, #152	@ 0x98
34186b82:	a816      	add	r0, sp, #88	@ 0x58
34186b84:	f002 fdf8 	bl	34189778 <memset>
34186b88:	2601      	movs	r6, #1
34186b8a:	234b      	movs	r3, #75	@ 0x4b
34186b8c:	2402      	movs	r4, #2
34186b8e:	2504      	movs	r5, #4
34186b90:	a816      	add	r0, sp, #88	@ 0x58
34186b92:	9625      	str	r6, [sp, #148]	@ 0x94
34186b94:	9420      	str	r4, [sp, #128]	@ 0x80
34186b96:	9522      	str	r5, [sp, #136]	@ 0x88
34186b98:	9324      	str	r3, [sp, #144]	@ 0x90
34186b9a:	9626      	str	r6, [sp, #152]	@ 0x98
34186b9c:	f000 fd78 	bl	34187690 <HAL_RCC_OscConfig>
34186ba0:	4601      	mov	r1, r0
34186ba2:	2800      	cmp	r0, #0
34186ba4:	d1b9      	bne.n	34186b1a <__wrap_main+0x9a>
34186ba6:	222c      	movs	r2, #44	@ 0x2c
34186ba8:	a80a      	add	r0, sp, #40	@ 0x28
34186baa:	f002 fde5 	bl	34189778 <memset>
34186bae:	2303      	movs	r3, #3
34186bb0:	227f      	movs	r2, #127	@ 0x7f
34186bb2:	f44f 3140 	mov.w	r1, #196608	@ 0x30000
34186bb6:	9206      	str	r2, [sp, #24]
34186bb8:	9311      	str	r3, [sp, #68]	@ 0x44
34186bba:	f04f 7240 	mov.w	r2, #50331648	@ 0x3000000
34186bbe:	9315      	str	r3, [sp, #84]	@ 0x54
34186bc0:	f44f 1380 	mov.w	r3, #1048576	@ 0x100000
34186bc4:	a806      	add	r0, sp, #24
34186bc6:	e9cd 2308 	strd	r2, r3, [sp, #32]
34186bca:	9107      	str	r1, [sp, #28]
34186bcc:	940f      	str	r4, [sp, #60]	@ 0x3c
34186bce:	9513      	str	r5, [sp, #76]	@ 0x4c
34186bd0:	f001 fa7a 	bl	341880c8 <HAL_RCC_ClockConfig>
34186bd4:	2800      	cmp	r0, #0
34186bd6:	d1a0      	bne.n	34186b1a <__wrap_main+0x9a>
34186bd8:	2180      	movs	r1, #128	@ 0x80
34186bda:	f44f 7280 	mov.w	r2, #256	@ 0x100
34186bde:	f04f 0c08 	mov.w	ip, #8
34186be2:	4b50      	ldr	r3, [pc, #320]	@ (34186d24 <__wrap_main+0x2a4>)
34186be4:	f8c3 1a4c 	str.w	r1, [r3, #2636]	@ 0xa4c
34186be8:	f44f 5180 	mov.w	r1, #4096	@ 0x1000
34186bec:	f8d3 e24c 	ldr.w	lr, [r3, #588]	@ 0x24c
34186bf0:	f8cd e058 	str.w	lr, [sp, #88]	@ 0x58
34186bf4:	f8dd e058 	ldr.w	lr, [sp, #88]	@ 0x58
34186bf8:	f8c3 2a4c 	str.w	r2, [r3, #2636]	@ 0xa4c
34186bfc:	f8d3 224c 	ldr.w	r2, [r3, #588]	@ 0x24c
34186c00:	9206      	str	r2, [sp, #24]
34186c02:	9a06      	ldr	r2, [sp, #24]
34186c04:	f8c3 6a4c 	str.w	r6, [r3, #2636]	@ 0xa4c
34186c08:	f8d3 224c 	ldr.w	r2, [r3, #588]	@ 0x24c
34186c0c:	9205      	str	r2, [sp, #20]
34186c0e:	9a05      	ldr	r2, [sp, #20]
34186c10:	f8c3 4a4c 	str.w	r4, [r3, #2636]	@ 0xa4c
34186c14:	f8d3 224c 	ldr.w	r2, [r3, #588]	@ 0x24c
34186c18:	9204      	str	r2, [sp, #16]
34186c1a:	9a04      	ldr	r2, [sp, #16]
34186c1c:	f8c3 5a4c 	str.w	r5, [r3, #2636]	@ 0xa4c
34186c20:	f8d3 224c 	ldr.w	r2, [r3, #588]	@ 0x24c
34186c24:	9203      	str	r2, [sp, #12]
34186c26:	9a03      	ldr	r2, [sp, #12]
34186c28:	f8c3 ca4c 	str.w	ip, [r3, #2636]	@ 0xa4c
34186c2c:	f8d3 524c 	ldr.w	r5, [r3, #588]	@ 0x24c
34186c30:	4a3d      	ldr	r2, [pc, #244]	@ (34186d28 <__wrap_main+0x2a8>)
34186c32:	9502      	str	r5, [sp, #8]
34186c34:	9d02      	ldr	r5, [sp, #8]
34186c36:	f8c3 1a54 	str.w	r1, [r3, #2644]	@ 0xa54
34186c3a:	f8d3 1254 	ldr.w	r1, [r3, #596]	@ 0x254
34186c3e:	f103 437c 	add.w	r3, r3, #4227858432	@ 0xfc000000
34186c42:	9101      	str	r1, [sp, #4]
34186c44:	9901      	ldr	r1, [sp, #4]
34186c46:	6811      	ldr	r1, [r2, #0]
34186c48:	f5a3 439c 	sub.w	r3, r3, #19968	@ 0x4e00
34186c4c:	f421 1180 	bic.w	r1, r1, #1048576	@ 0x100000
34186c50:	6011      	str	r1, [r2, #0]
34186c52:	f8d2 1080 	ldr.w	r1, [r2, #128]	@ 0x80
34186c56:	f421 1180 	bic.w	r1, r1, #1048576	@ 0x100000
34186c5a:	f8c2 1080 	str.w	r1, [r2, #128]	@ 0x80
34186c5e:	681a      	ldr	r2, [r3, #0]
34186c60:	f422 1280 	bic.w	r2, r2, #1048576	@ 0x100000
34186c64:	601a      	str	r2, [r3, #0]
34186c66:	f8d3 2080 	ldr.w	r2, [r3, #128]	@ 0x80
34186c6a:	f422 1280 	bic.w	r2, r2, #1048576	@ 0x100000
34186c6e:	f8c3 2080 	str.w	r2, [r3, #128]	@ 0x80
34186c72:	f3bf 8f4f 	dsb	sy
34186c76:	f3bf 8f6f 	isb	sy
34186c7a:	f04f 23e0 	mov.w	r3, #3758153728	@ 0xe000e000
34186c7e:	6118      	str	r0, [r3, #16]
34186c80:	b672      	cpsid	i
34186c82:	f04f 4500 	mov.w	r5, #2147483648	@ 0x80000000
34186c86:	4926      	ldr	r1, [pc, #152]	@ (34186d20 <__wrap_main+0x2a0>)
34186c88:	f5a3 4330 	sub.w	r3, r3, #45056	@ 0xb000
34186c8c:	f8d1 20fc 	ldr.w	r2, [r1, #252]	@ 0xfc
34186c90:	4826      	ldr	r0, [pc, #152]	@ (34186d2c <__wrap_main+0x2ac>)
34186c92:	f042 7280 	orr.w	r2, r2, #16777216	@ 0x1000000
34186c96:	f8c1 20fc 	str.w	r2, [r1, #252]	@ 0xfc
34186c9a:	f8d3 2e04 	ldr.w	r2, [r3, #3588]	@ 0xe04
34186c9e:	f022 0201 	bic.w	r2, r2, #1
34186ca2:	f8c3 2e04 	str.w	r2, [r3, #3588]	@ 0xe04
34186ca6:	f8d3 2e04 	ldr.w	r2, [r3, #3588]	@ 0xe04
34186caa:	f042 0204 	orr.w	r2, r2, #4
34186cae:	f8c3 2e04 	str.w	r2, [r3, #3588]	@ 0xe04
34186cb2:	f8d3 2e04 	ldr.w	r2, [r3, #3588]	@ 0xe04
34186cb6:	4332      	orrs	r2, r6
34186cb8:	f8c3 2e04 	str.w	r2, [r3, #3588]	@ 0xe04
34186cbc:	f8c3 5c00 	str.w	r5, [r3, #3072]	@ 0xc00
34186cc0:	f002 fa98 	bl	341891f4 <puts>
34186cc4:	4b1a      	ldr	r3, [pc, #104]	@ (34186d30 <__wrap_main+0x2b0>)
34186cc6:	4a1b      	ldr	r2, [pc, #108]	@ (34186d34 <__wrap_main+0x2b4>)
34186cc8:	6c5b      	ldr	r3, [r3, #68]	@ 0x44
34186cca:	6811      	ldr	r1, [r2, #0]
34186ccc:	f403 6370 	and.w	r3, r3, #3840	@ 0xf00
34186cd0:	f5b3 7f00 	cmp.w	r3, #512	@ 0x200
34186cd4:	d022      	beq.n	34186d1c <__wrap_main+0x29c>
34186cd6:	f5a3 7380 	sub.w	r3, r3, #256	@ 0x100
34186cda:	425a      	negs	r2, r3
34186cdc:	415a      	adcs	r2, r3
34186cde:	4816      	ldr	r0, [pc, #88]	@ (34186d38 <__wrap_main+0x2b8>)
34186ce0:	f002 fa14 	bl	3418910c <printf>
34186ce4:	f7f9 fd56 	bl	34180794 <main>
34186ce8:	4601      	mov	r1, r0
34186cea:	4814      	ldr	r0, [pc, #80]	@ (34186d3c <__wrap_main+0x2bc>)
34186cec:	f002 fa0e 	bl	3418910c <printf>
34186cf0:	4b13      	ldr	r3, [pc, #76]	@ (34186d40 <__wrap_main+0x2c0>)
34186cf2:	681b      	ldr	r3, [r3, #0]
34186cf4:	6898      	ldr	r0, [r3, #8]
34186cf6:	f002 fb57 	bl	341893a8 <fflush>
34186cfa:	2018      	movs	r0, #24
34186cfc:	4911      	ldr	r1, [pc, #68]	@ (34186d44 <__wrap_main+0x2c4>)
34186cfe:	beab      	bkpt	0x00ab
34186d00:	bf30      	wfi
34186d02:	e7fd      	b.n	34186d00 <__wrap_main+0x280>
34186d04:	2300      	movs	r3, #0
34186d06:	2203      	movs	r2, #3
34186d08:	a806      	add	r0, sp, #24
34186d0a:	e9cd 2306 	strd	r2, r3, [sp, #24]
34186d0e:	9308      	str	r3, [sp, #32]
34186d10:	f001 f9da 	bl	341880c8 <HAL_RCC_ClockConfig>
34186d14:	2800      	cmp	r0, #0
34186d16:	f43f af32 	beq.w	34186b7e <__wrap_main+0xfe>
34186d1a:	e6fe      	b.n	34186b1a <__wrap_main+0x9a>
34186d1c:	4622      	mov	r2, r4
34186d1e:	e7de      	b.n	34186cde <__wrap_main+0x25e>
34186d20:	e000ed00 	.word	0xe000ed00
34186d24:	56028000 	.word	0x56028000
34186d28:	52023100 	.word	0x52023100
34186d2c:	3418fa78 	.word	0x3418fa78
34186d30:	e000ef00 	.word	0xe000ef00
34186d34:	341c0000 	.word	0x341c0000
34186d38:	3418fa94 	.word	0x3418fa94
34186d3c:	3418fac0 	.word	0x3418fac0
34186d40:	341c042c 	.word	0x341c042c
34186d44:	00020026 	.word	0x00020026

34186d48 <SystemInit>:
34186d48:	e92d 41f0 	stmdb	sp!, {r4, r5, r6, r7, r8, lr}
34186d4c:	2200      	movs	r2, #0
34186d4e:	2001      	movs	r0, #1
34186d50:	2502      	movs	r5, #2
34186d52:	4953      	ldr	r1, [pc, #332]	@ (34186ea0 <SystemInit+0x158>)
34186d54:	4b53      	ldr	r3, [pc, #332]	@ (34186ea4 <SystemInit+0x15c>)
34186d56:	4c54      	ldr	r4, [pc, #336]	@ (34186ea8 <SystemInit+0x160>)
34186d58:	f501 5c80 	add.w	ip, r1, #4096	@ 0x1000
34186d5c:	609c      	str	r4, [r3, #8]
34186d5e:	f04f 0e04 	mov.w	lr, #4
34186d62:	f8c1 0a18 	str.w	r0, [r1, #2584]	@ 0xa18
34186d66:	2705      	movs	r7, #5
34186d68:	f8cc 0218 	str.w	r0, [ip, #536]	@ 0x218
34186d6c:	2606      	movs	r6, #6
34186d6e:	f8cc 0258 	str.w	r0, [ip, #600]	@ 0x258
34186d72:	f04f 0807 	mov.w	r8, #7
34186d76:	f8c3 20d8 	str.w	r2, [r3, #216]	@ 0xd8
34186d7a:	f8c3 20dc 	str.w	r2, [r3, #220]	@ 0xdc
34186d7e:	f8c3 20e0 	str.w	r2, [r3, #224]	@ 0xe0
34186d82:	f8c3 00d8 	str.w	r0, [r3, #216]	@ 0xd8
34186d86:	f8c3 20dc 	str.w	r2, [r3, #220]	@ 0xdc
34186d8a:	f8c3 20e0 	str.w	r2, [r3, #224]	@ 0xe0
34186d8e:	f8c3 50d8 	str.w	r5, [r3, #216]	@ 0xd8
34186d92:	2503      	movs	r5, #3
34186d94:	f240 2487 	movw	r4, #647	@ 0x287
34186d98:	f8c3 20dc 	str.w	r2, [r3, #220]	@ 0xdc
34186d9c:	f8c3 20e0 	str.w	r2, [r3, #224]	@ 0xe0
34186da0:	f8c3 50d8 	str.w	r5, [r3, #216]	@ 0xd8
34186da4:	f8c3 20dc 	str.w	r2, [r3, #220]	@ 0xdc
34186da8:	f8c3 20e0 	str.w	r2, [r3, #224]	@ 0xe0
34186dac:	f8c3 e0d8 	str.w	lr, [r3, #216]	@ 0xd8
34186db0:	f8c3 20dc 	str.w	r2, [r3, #220]	@ 0xdc
34186db4:	f8c3 20e0 	str.w	r2, [r3, #224]	@ 0xe0
34186db8:	f8c3 70d8 	str.w	r7, [r3, #216]	@ 0xd8
34186dbc:	f8c3 20dc 	str.w	r2, [r3, #220]	@ 0xdc
34186dc0:	f8c3 20e0 	str.w	r2, [r3, #224]	@ 0xe0
34186dc4:	f8c3 60d8 	str.w	r6, [r3, #216]	@ 0xd8
34186dc8:	f8c3 20dc 	str.w	r2, [r3, #220]	@ 0xdc
34186dcc:	f8c3 20e0 	str.w	r2, [r3, #224]	@ 0xe0
34186dd0:	f8c3 80d8 	str.w	r8, [r3, #216]	@ 0xd8
34186dd4:	f8c3 20dc 	str.w	r2, [r3, #220]	@ 0xdc
34186dd8:	f8c3 20e0 	str.w	r2, [r3, #224]	@ 0xe0
34186ddc:	f8c1 0a78 	str.w	r0, [r1, #2680]	@ 0xa78
34186de0:	f8df e0cc 	ldr.w	lr, [pc, #204]	@ 34186eb0 <SystemInit+0x168>
34186de4:	f8d1 2278 	ldr.w	r2, [r1, #632]	@ 0x278
34186de8:	689a      	ldr	r2, [r3, #8]
34186dea:	f44f 5540 	mov.w	r5, #12288	@ 0x3000
34186dee:	f8ce 2010 	str.w	r2, [lr, #16]
34186df2:	4a2e      	ldr	r2, [pc, #184]	@ (34186eac <SystemInit+0x164>)
34186df4:	2640      	movs	r6, #64	@ 0x40
34186df6:	6b57      	ldr	r7, [r2, #52]	@ 0x34
34186df8:	f447 7780 	orr.w	r7, r7, #256	@ 0x100
34186dfc:	6357      	str	r7, [r2, #52]	@ 0x34
34186dfe:	6b97      	ldr	r7, [r2, #56]	@ 0x38
34186e00:	f447 7780 	orr.w	r7, r7, #256	@ 0x100
34186e04:	6397      	str	r7, [r2, #56]	@ 0x38
34186e06:	6bd7      	ldr	r7, [r2, #60]	@ 0x3c
34186e08:	f447 7740 	orr.w	r7, r7, #768	@ 0x300
34186e0c:	63d7      	str	r7, [r2, #60]	@ 0x3c
34186e0e:	f8ce 4054 	str.w	r4, [lr, #84]	@ 0x54
34186e12:	f8ce 405c 	str.w	r4, [lr, #92]	@ 0x5c
34186e16:	f8ce 4044 	str.w	r4, [lr, #68]	@ 0x44
34186e1a:	f8ce 404c 	str.w	r4, [lr, #76]	@ 0x4c
34186e1e:	f8ce 4064 	str.w	r4, [lr, #100]	@ 0x64
34186e22:	6bd4      	ldr	r4, [r2, #60]	@ 0x3c
34186e24:	f444 5480 	orr.w	r4, r4, #4096	@ 0x1000
34186e28:	63d4      	str	r4, [r2, #60]	@ 0x3c
34186e2a:	6bd4      	ldr	r4, [r2, #60]	@ 0x3c
34186e2c:	f044 0410 	orr.w	r4, r4, #16
34186e30:	63d4      	str	r4, [r2, #60]	@ 0x3c
34186e32:	6bd2      	ldr	r2, [r2, #60]	@ 0x3c
34186e34:	f8d1 2274 	ldr.w	r2, [r1, #628]	@ 0x274
34186e38:	f442 4200 	orr.w	r2, r2, #32768	@ 0x8000
34186e3c:	f8c1 2274 	str.w	r2, [r1, #628]	@ 0x274
34186e40:	f8d1 2278 	ldr.w	r2, [r1, #632]	@ 0x278
34186e44:	f042 0210 	orr.w	r2, r2, #16
34186e48:	f8c1 2278 	str.w	r2, [r1, #632]	@ 0x278
34186e4c:	f8d1 2278 	ldr.w	r2, [r1, #632]	@ 0x278
34186e50:	f8d1 2278 	ldr.w	r2, [r1, #632]	@ 0x278
34186e54:	f022 0210 	bic.w	r2, r2, #16
34186e58:	f8c1 2278 	str.w	r2, [r1, #632]	@ 0x278
34186e5c:	f8c1 5a20 	str.w	r5, [r1, #2592]	@ 0xa20
34186e60:	f8cc 5220 	str.w	r5, [ip, #544]	@ 0x220
34186e64:	f8c1 0a24 	str.w	r0, [r1, #2596]	@ 0xa24
34186e68:	f8cc 0224 	str.w	r0, [ip, #548]	@ 0x224
34186e6c:	f8cc 0264 	str.w	r0, [ip, #612]	@ 0x264
34186e70:	f8cc 625c 	str.w	r6, [ip, #604]	@ 0x25c
34186e74:	f8de 2010 	ldr.w	r2, [lr, #16]
34186e78:	f8cc 0278 	str.w	r0, [ip, #632]	@ 0x278
34186e7c:	f8d3 2088 	ldr.w	r2, [r3, #136]	@ 0x88
34186e80:	f101 410a 	add.w	r1, r1, #2315255808	@ 0x8a000000
34186e84:	f442 0270 	orr.w	r2, r2, #15728640	@ 0xf00000
34186e88:	f501 41da 	add.w	r1, r1, #27904	@ 0x6d00
34186e8c:	f8c3 2088 	str.w	r2, [r3, #136]	@ 0x88
34186e90:	f8d1 3088 	ldr.w	r3, [r1, #136]	@ 0x88
34186e94:	f443 0370 	orr.w	r3, r3, #15728640	@ 0xf00000
34186e98:	f8c1 3088 	str.w	r3, [r1, #136]	@ 0x88
34186e9c:	e8bd 81f0 	ldmia.w	sp!, {r4, r5, r6, r7, r8, pc}
34186ea0:	56028000 	.word	0x56028000
34186ea4:	e000ed00 	.word	0xe000ed00
34186ea8:	34180400 	.word	0x34180400
34186eac:	56024800 	.word	0x56024800
34186eb0:	56008000 	.word	0x56008000

34186eb4 <SystemCoreClockUpdate>:
34186eb4:	4a70      	ldr	r2, [pc, #448]	@ (34187078 <SystemCoreClockUpdate+0x1c4>)
34186eb6:	6a13      	ldr	r3, [r2, #32]
34186eb8:	f403 1340 	and.w	r3, r3, #3145728	@ 0x300000
34186ebc:	f5b3 1f00 	cmp.w	r3, #2097152	@ 0x200000
34186ec0:	d03a      	beq.n	34186f38 <SystemCoreClockUpdate+0x84>
34186ec2:	d808      	bhi.n	34186ed6 <SystemCoreClockUpdate+0x22>
34186ec4:	2b00      	cmp	r3, #0
34186ec6:	d03b      	beq.n	34186f40 <SystemCoreClockUpdate+0x8c>
34186ec8:	6c53      	ldr	r3, [r2, #68]	@ 0x44
34186eca:	0598      	lsls	r0, r3, #22
34186ecc:	d444      	bmi.n	34186f58 <SystemCoreClockUpdate+0xa4>
34186ece:	4b6b      	ldr	r3, [pc, #428]	@ (3418707c <SystemCoreClockUpdate+0x1c8>)
34186ed0:	4a6b      	ldr	r2, [pc, #428]	@ (34187080 <SystemCoreClockUpdate+0x1cc>)
34186ed2:	6013      	str	r3, [r2, #0]
34186ed4:	4770      	bx	lr
34186ed6:	f5b3 1f40 	cmp.w	r3, #3145728	@ 0x300000
34186eda:	d139      	bne.n	34186f50 <SystemCoreClockUpdate+0x9c>
34186edc:	f8d2 30c4 	ldr.w	r3, [r2, #196]	@ 0xc4
34186ee0:	f003 5340 	and.w	r3, r3, #805306368	@ 0x30000000
34186ee4:	f1b3 5f80 	cmp.w	r3, #268435456	@ 0x10000000
34186ee8:	d03a      	beq.n	34186f60 <SystemCoreClockUpdate+0xac>
34186eea:	f1b3 5f00 	cmp.w	r3, #536870912	@ 0x20000000
34186eee:	f000 8087 	beq.w	34187000 <SystemCoreClockUpdate+0x14c>
34186ef2:	2b00      	cmp	r3, #0
34186ef4:	d179      	bne.n	34186fea <SystemCoreClockUpdate+0x136>
34186ef6:	f8d2 3080 	ldr.w	r3, [r2, #128]	@ 0x80
34186efa:	0119      	lsls	r1, r3, #4
34186efc:	f003 40e0 	and.w	r0, r3, #1879048192	@ 0x70000000
34186f00:	f140 808a 	bpl.w	34187018 <SystemCoreClockUpdate+0x164>
34186f04:	f1b0 5f00 	cmp.w	r0, #536870912	@ 0x20000000
34186f08:	f000 809d 	beq.w	34187046 <SystemCoreClockUpdate+0x192>
34186f0c:	f200 8090 	bhi.w	34187030 <SystemCoreClockUpdate+0x17c>
34186f10:	2800      	cmp	r0, #0
34186f12:	f000 8086 	beq.w	34187022 <SystemCoreClockUpdate+0x16e>
34186f16:	4b58      	ldr	r3, [pc, #352]	@ (34187078 <SystemCoreClockUpdate+0x1c4>)
34186f18:	6c5b      	ldr	r3, [r3, #68]	@ 0x44
34186f1a:	059b      	lsls	r3, r3, #22
34186f1c:	f100 80a1 	bmi.w	34187062 <SystemCoreClockUpdate+0x1ae>
34186f20:	4b56      	ldr	r3, [pc, #344]	@ (3418707c <SystemCoreClockUpdate+0x1c8>)
34186f22:	4a55      	ldr	r2, [pc, #340]	@ (34187078 <SystemCoreClockUpdate+0x1c4>)
34186f24:	f8d2 20c4 	ldr.w	r2, [r2, #196]	@ 0xc4
34186f28:	f3c2 4207 	ubfx	r2, r2, #16, #8
34186f2c:	3201      	adds	r2, #1
34186f2e:	fbb3 f3f2 	udiv	r3, r3, r2
34186f32:	4a53      	ldr	r2, [pc, #332]	@ (34187080 <SystemCoreClockUpdate+0x1cc>)
34186f34:	6013      	str	r3, [r2, #0]
34186f36:	4770      	bx	lr
34186f38:	4b52      	ldr	r3, [pc, #328]	@ (34187084 <SystemCoreClockUpdate+0x1d0>)
34186f3a:	4a51      	ldr	r2, [pc, #324]	@ (34187080 <SystemCoreClockUpdate+0x1cc>)
34186f3c:	6013      	str	r3, [r2, #0]
34186f3e:	4770      	bx	lr
34186f40:	6c92      	ldr	r2, [r2, #72]	@ 0x48
34186f42:	4b51      	ldr	r3, [pc, #324]	@ (34187088 <SystemCoreClockUpdate+0x1d4>)
34186f44:	f3c2 12c1 	ubfx	r2, r2, #7, #2
34186f48:	40d3      	lsrs	r3, r2
34186f4a:	4a4d      	ldr	r2, [pc, #308]	@ (34187080 <SystemCoreClockUpdate+0x1cc>)
34186f4c:	6013      	str	r3, [r2, #0]
34186f4e:	4770      	bx	lr
34186f50:	2300      	movs	r3, #0
34186f52:	4a4b      	ldr	r2, [pc, #300]	@ (34187080 <SystemCoreClockUpdate+0x1cc>)
34186f54:	6013      	str	r3, [r2, #0]
34186f56:	4770      	bx	lr
34186f58:	4b4c      	ldr	r3, [pc, #304]	@ (3418708c <SystemCoreClockUpdate+0x1d8>)
34186f5a:	4a49      	ldr	r2, [pc, #292]	@ (34187080 <SystemCoreClockUpdate+0x1cc>)
34186f5c:	6013      	str	r3, [r2, #0]
34186f5e:	4770      	bx	lr
34186f60:	f8d2 3090 	ldr.w	r3, [r2, #144]	@ 0x90
34186f64:	0119      	lsls	r1, r3, #4
34186f66:	f003 40e0 	and.w	r0, r3, #1879048192	@ 0x70000000
34186f6a:	d4cb      	bmi.n	34186f04 <SystemCoreClockUpdate+0x50>
34186f6c:	f8d2 1094 	ldr.w	r1, [r2, #148]	@ 0x94
34186f70:	f8d2 2098 	ldr.w	r2, [r2, #152]	@ 0x98
34186f74:	f021 417f 	bic.w	r1, r1, #4278190080	@ 0xff000000
34186f78:	f3c3 5c05 	ubfx	ip, r3, #20, #6
34186f7c:	ee07 1a10 	vmov	s14, r1
34186f80:	f1b0 5f00 	cmp.w	r0, #536870912	@ 0x20000000
34186f84:	f3c2 61c2 	ubfx	r1, r2, #27, #3
34186f88:	f3c2 6202 	ubfx	r2, r2, #24, #3
34186f8c:	ee05 ca90 	vmov	s11, ip
34186f90:	ee06 1a10 	vmov	s12, r1
34186f94:	ee06 2a90 	vmov	s13, r2
34186f98:	f3c3 230b 	ubfx	r3, r3, #8, #12
34186f9c:	d05e      	beq.n	3418705c <SystemCoreClockUpdate+0x1a8>
34186f9e:	d84c      	bhi.n	3418703a <SystemCoreClockUpdate+0x186>
34186fa0:	2800      	cmp	r0, #0
34186fa2:	d052      	beq.n	3418704a <SystemCoreClockUpdate+0x196>
34186fa4:	4a34      	ldr	r2, [pc, #208]	@ (34187078 <SystemCoreClockUpdate+0x1c4>)
34186fa6:	6c52      	ldr	r2, [r2, #68]	@ 0x44
34186fa8:	0592      	lsls	r2, r2, #22
34186faa:	d561      	bpl.n	34187070 <SystemCoreClockUpdate+0x1bc>
34186fac:	ed9f 5a37 	vldr	s10, [pc, #220]	@ 3418708c <SystemCoreClockUpdate+0x1d8>
34186fb0:	eeb8 5ac5 	vcvt.f32.s32	s10, s10
34186fb4:	ee07 3a90 	vmov	s15, r3
34186fb8:	eeba 7ac4 	vcvt.f32.s32	s14, s14, #24
34186fbc:	eef8 7ae7 	vcvt.f32.s32	s15, s15
34186fc0:	ee77 7a27 	vadd.f32	s15, s14, s15
34186fc4:	eef8 6ae6 	vcvt.f32.s32	s13, s13
34186fc8:	ee67 7a85 	vmul.f32	s15, s15, s10
34186fcc:	eef8 5ae5 	vcvt.f32.s32	s11, s11
34186fd0:	eeb8 6ac6 	vcvt.f32.s32	s12, s12
34186fd4:	ee26 7a26 	vmul.f32	s14, s12, s13
34186fd8:	eec7 6aa5 	vdiv.f32	s13, s15, s11
34186fdc:	eec6 7a87 	vdiv.f32	s15, s13, s14
34186fe0:	eefc 7ae7 	vcvt.u32.f32	s15, s15
34186fe4:	ee17 3a90 	vmov	r3, s15
34186fe8:	e79b      	b.n	34186f22 <SystemCoreClockUpdate+0x6e>
34186fea:	f8d2 30b0 	ldr.w	r3, [r2, #176]	@ 0xb0
34186fee:	0119      	lsls	r1, r3, #4
34186ff0:	f003 40e0 	and.w	r0, r3, #1879048192	@ 0x70000000
34186ff4:	d486      	bmi.n	34186f04 <SystemCoreClockUpdate+0x50>
34186ff6:	f8d2 10b4 	ldr.w	r1, [r2, #180]	@ 0xb4
34186ffa:	f8d2 20b8 	ldr.w	r2, [r2, #184]	@ 0xb8
34186ffe:	e7b9      	b.n	34186f74 <SystemCoreClockUpdate+0xc0>
34187000:	f8d2 30a0 	ldr.w	r3, [r2, #160]	@ 0xa0
34187004:	0119      	lsls	r1, r3, #4
34187006:	f003 40e0 	and.w	r0, r3, #1879048192	@ 0x70000000
3418700a:	f53f af7b 	bmi.w	34186f04 <SystemCoreClockUpdate+0x50>
3418700e:	f8d2 10a4 	ldr.w	r1, [r2, #164]	@ 0xa4
34187012:	f8d2 20a8 	ldr.w	r2, [r2, #168]	@ 0xa8
34187016:	e7ad      	b.n	34186f74 <SystemCoreClockUpdate+0xc0>
34187018:	f8d2 1084 	ldr.w	r1, [r2, #132]	@ 0x84
3418701c:	f8d2 2088 	ldr.w	r2, [r2, #136]	@ 0x88
34187020:	e7a8      	b.n	34186f74 <SystemCoreClockUpdate+0xc0>
34187022:	4a15      	ldr	r2, [pc, #84]	@ (34187078 <SystemCoreClockUpdate+0x1c4>)
34187024:	4b18      	ldr	r3, [pc, #96]	@ (34187088 <SystemCoreClockUpdate+0x1d4>)
34187026:	6c92      	ldr	r2, [r2, #72]	@ 0x48
34187028:	f3c2 12c1 	ubfx	r2, r2, #7, #2
3418702c:	40d3      	lsrs	r3, r2
3418702e:	e778      	b.n	34186f22 <SystemCoreClockUpdate+0x6e>
34187030:	f1b0 5f40 	cmp.w	r0, #805306368	@ 0x30000000
34187034:	d11a      	bne.n	3418706c <SystemCoreClockUpdate+0x1b8>
34187036:	4b16      	ldr	r3, [pc, #88]	@ (34187090 <SystemCoreClockUpdate+0x1dc>)
34187038:	e773      	b.n	34186f22 <SystemCoreClockUpdate+0x6e>
3418703a:	f1b0 5f40 	cmp.w	r0, #805306368	@ 0x30000000
3418703e:	d112      	bne.n	34187066 <SystemCoreClockUpdate+0x1b2>
34187040:	ed9f 5a13 	vldr	s10, [pc, #76]	@ 34187090 <SystemCoreClockUpdate+0x1dc>
34187044:	e7b4      	b.n	34186fb0 <SystemCoreClockUpdate+0xfc>
34187046:	4b0f      	ldr	r3, [pc, #60]	@ (34187084 <SystemCoreClockUpdate+0x1d0>)
34187048:	e76b      	b.n	34186f22 <SystemCoreClockUpdate+0x6e>
3418704a:	490b      	ldr	r1, [pc, #44]	@ (34187078 <SystemCoreClockUpdate+0x1c4>)
3418704c:	4a0e      	ldr	r2, [pc, #56]	@ (34187088 <SystemCoreClockUpdate+0x1d4>)
3418704e:	6c89      	ldr	r1, [r1, #72]	@ 0x48
34187050:	f3c1 11c1 	ubfx	r1, r1, #7, #2
34187054:	40ca      	lsrs	r2, r1
34187056:	ee05 2a10 	vmov	s10, r2
3418705a:	e7a9      	b.n	34186fb0 <SystemCoreClockUpdate+0xfc>
3418705c:	ed9f 5a09 	vldr	s10, [pc, #36]	@ 34187084 <SystemCoreClockUpdate+0x1d0>
34187060:	e7a6      	b.n	34186fb0 <SystemCoreClockUpdate+0xfc>
34187062:	4b0a      	ldr	r3, [pc, #40]	@ (3418708c <SystemCoreClockUpdate+0x1d8>)
34187064:	e75d      	b.n	34186f22 <SystemCoreClockUpdate+0x6e>
34187066:	ed9f 5a0b 	vldr	s10, [pc, #44]	@ 34187094 <SystemCoreClockUpdate+0x1e0>
3418706a:	e7a3      	b.n	34186fb4 <SystemCoreClockUpdate+0x100>
3418706c:	2300      	movs	r3, #0
3418706e:	e758      	b.n	34186f22 <SystemCoreClockUpdate+0x6e>
34187070:	ed9f 5a02 	vldr	s10, [pc, #8]	@ 3418707c <SystemCoreClockUpdate+0x1c8>
34187074:	e79c      	b.n	34186fb0 <SystemCoreClockUpdate+0xfc>
34187076:	bf00      	nop
34187078:	56028000 	.word	0x56028000
3418707c:	003d0900 	.word	0x003d0900
34187080:	341c0000 	.word	0x341c0000
34187084:	02dc6c00 	.word	0x02dc6c00
34187088:	03d09000 	.word	0x03d09000
3418708c:	00f42400 	.word	0x00f42400
34187090:	00bb8000 	.word	0x00bb8000
34187094:	00000000 	.word	0x00000000

34187098 <__acle_se_SECURE_SystemCoreClockUpdate>:
34187098:	ed6d cf81 	vstr	FPCXTNS, [sp, #-4]!
3418709c:	4a6e      	ldr	r2, [pc, #440]	@ (34187258 <__acle_se_SECURE_SystemCoreClockUpdate+0x1c0>)
3418709e:	6a13      	ldr	r3, [r2, #32]
341870a0:	f403 1340 	and.w	r3, r3, #3145728	@ 0x300000
341870a4:	f5b3 1f00 	cmp.w	r3, #2097152	@ 0x200000
341870a8:	d036      	beq.n	34187118 <__acle_se_SECURE_SystemCoreClockUpdate+0x80>
341870aa:	d806      	bhi.n	341870ba <__acle_se_SECURE_SystemCoreClockUpdate+0x22>
341870ac:	2b00      	cmp	r3, #0
341870ae:	d03d      	beq.n	3418712c <__acle_se_SECURE_SystemCoreClockUpdate+0x94>
341870b0:	6c53      	ldr	r3, [r2, #68]	@ 0x44
341870b2:	0598      	lsls	r0, r3, #22
341870b4:	d442      	bmi.n	3418713c <__acle_se_SECURE_SystemCoreClockUpdate+0xa4>
341870b6:	4869      	ldr	r0, [pc, #420]	@ (3418725c <__acle_se_SECURE_SystemCoreClockUpdate+0x1c4>)
341870b8:	e02f      	b.n	3418711a <__acle_se_SECURE_SystemCoreClockUpdate+0x82>
341870ba:	f5b3 1f40 	cmp.w	r3, #3145728	@ 0x300000
341870be:	d13b      	bne.n	34187138 <__acle_se_SECURE_SystemCoreClockUpdate+0xa0>
341870c0:	f8d2 30c4 	ldr.w	r3, [r2, #196]	@ 0xc4
341870c4:	f003 5340 	and.w	r3, r3, #805306368	@ 0x30000000
341870c8:	f1b3 5f80 	cmp.w	r3, #268435456	@ 0x10000000
341870cc:	d038      	beq.n	34187140 <__acle_se_SECURE_SystemCoreClockUpdate+0xa8>
341870ce:	f1b3 5f00 	cmp.w	r3, #536870912	@ 0x20000000
341870d2:	f000 8085 	beq.w	341871e0 <__acle_se_SECURE_SystemCoreClockUpdate+0x148>
341870d6:	2b00      	cmp	r3, #0
341870d8:	d177      	bne.n	341871ca <__acle_se_SECURE_SystemCoreClockUpdate+0x132>
341870da:	f8d2 3080 	ldr.w	r3, [r2, #128]	@ 0x80
341870de:	0119      	lsls	r1, r3, #4
341870e0:	f003 40e0 	and.w	r0, r3, #1879048192	@ 0x70000000
341870e4:	f140 8088 	bpl.w	341871f8 <__acle_se_SECURE_SystemCoreClockUpdate+0x160>
341870e8:	f1b0 5f00 	cmp.w	r0, #536870912	@ 0x20000000
341870ec:	f000 809b 	beq.w	34187226 <__acle_se_SECURE_SystemCoreClockUpdate+0x18e>
341870f0:	f200 808e 	bhi.w	34187210 <__acle_se_SECURE_SystemCoreClockUpdate+0x178>
341870f4:	2800      	cmp	r0, #0
341870f6:	f000 8084 	beq.w	34187202 <__acle_se_SECURE_SystemCoreClockUpdate+0x16a>
341870fa:	4b57      	ldr	r3, [pc, #348]	@ (34187258 <__acle_se_SECURE_SystemCoreClockUpdate+0x1c0>)
341870fc:	6c5b      	ldr	r3, [r3, #68]	@ 0x44
341870fe:	059b      	lsls	r3, r3, #22
34187100:	f100 809f 	bmi.w	34187242 <__acle_se_SECURE_SystemCoreClockUpdate+0x1aa>
34187104:	4855      	ldr	r0, [pc, #340]	@ (3418725c <__acle_se_SECURE_SystemCoreClockUpdate+0x1c4>)
34187106:	4b54      	ldr	r3, [pc, #336]	@ (34187258 <__acle_se_SECURE_SystemCoreClockUpdate+0x1c0>)
34187108:	f8d3 30c4 	ldr.w	r3, [r3, #196]	@ 0xc4
3418710c:	f3c3 4307 	ubfx	r3, r3, #16, #8
34187110:	3301      	adds	r3, #1
34187112:	fbb0 f0f3 	udiv	r0, r0, r3
34187116:	e000      	b.n	3418711a <__acle_se_SECURE_SystemCoreClockUpdate+0x82>
34187118:	4851      	ldr	r0, [pc, #324]	@ (34187260 <__acle_se_SECURE_SystemCoreClockUpdate+0x1c8>)
3418711a:	4b52      	ldr	r3, [pc, #328]	@ (34187264 <__acle_se_SECURE_SystemCoreClockUpdate+0x1cc>)
3418711c:	6018      	str	r0, [r3, #0]
3418711e:	ec9f 0a10 	vscclrm	{s0-s15, VPR}
34187122:	e89f 900e 	clrm	{r1, r2, r3, ip, APSR}
34187126:	ecfd cf81 	vldr	FPCXTNS, [sp], #4
3418712a:	4774      	bxns	lr
3418712c:	6c93      	ldr	r3, [r2, #72]	@ 0x48
3418712e:	484e      	ldr	r0, [pc, #312]	@ (34187268 <__acle_se_SECURE_SystemCoreClockUpdate+0x1d0>)
34187130:	f3c3 13c1 	ubfx	r3, r3, #7, #2
34187134:	40d8      	lsrs	r0, r3
34187136:	e7f0      	b.n	3418711a <__acle_se_SECURE_SystemCoreClockUpdate+0x82>
34187138:	2000      	movs	r0, #0
3418713a:	e7ee      	b.n	3418711a <__acle_se_SECURE_SystemCoreClockUpdate+0x82>
3418713c:	484b      	ldr	r0, [pc, #300]	@ (3418726c <__acle_se_SECURE_SystemCoreClockUpdate+0x1d4>)
3418713e:	e7ec      	b.n	3418711a <__acle_se_SECURE_SystemCoreClockUpdate+0x82>
34187140:	f8d2 3090 	ldr.w	r3, [r2, #144]	@ 0x90
34187144:	0119      	lsls	r1, r3, #4
34187146:	f003 40e0 	and.w	r0, r3, #1879048192	@ 0x70000000
3418714a:	d4cd      	bmi.n	341870e8 <__acle_se_SECURE_SystemCoreClockUpdate+0x50>
3418714c:	f8d2 1094 	ldr.w	r1, [r2, #148]	@ 0x94
34187150:	f8d2 2098 	ldr.w	r2, [r2, #152]	@ 0x98
34187154:	f021 417f 	bic.w	r1, r1, #4278190080	@ 0xff000000
34187158:	f3c3 5c05 	ubfx	ip, r3, #20, #6
3418715c:	ee07 1a10 	vmov	s14, r1
34187160:	f1b0 5f00 	cmp.w	r0, #536870912	@ 0x20000000
34187164:	f3c2 61c2 	ubfx	r1, r2, #27, #3
34187168:	f3c2 6202 	ubfx	r2, r2, #24, #3
3418716c:	ee05 ca90 	vmov	s11, ip
34187170:	ee06 1a10 	vmov	s12, r1
34187174:	ee06 2a90 	vmov	s13, r2
34187178:	f3c3 230b 	ubfx	r3, r3, #8, #12
3418717c:	d05e      	beq.n	3418723c <__acle_se_SECURE_SystemCoreClockUpdate+0x1a4>
3418717e:	d84c      	bhi.n	3418721a <__acle_se_SECURE_SystemCoreClockUpdate+0x182>
34187180:	2800      	cmp	r0, #0
34187182:	d052      	beq.n	3418722a <__acle_se_SECURE_SystemCoreClockUpdate+0x192>
34187184:	4a34      	ldr	r2, [pc, #208]	@ (34187258 <__acle_se_SECURE_SystemCoreClockUpdate+0x1c0>)
34187186:	6c52      	ldr	r2, [r2, #68]	@ 0x44
34187188:	0592      	lsls	r2, r2, #22
3418718a:	d561      	bpl.n	34187250 <__acle_se_SECURE_SystemCoreClockUpdate+0x1b8>
3418718c:	ed9f 5a37 	vldr	s10, [pc, #220]	@ 3418726c <__acle_se_SECURE_SystemCoreClockUpdate+0x1d4>
34187190:	eeb8 5ac5 	vcvt.f32.s32	s10, s10
34187194:	ee07 3a90 	vmov	s15, r3
34187198:	eeba 7ac4 	vcvt.f32.s32	s14, s14, #24
3418719c:	eef8 7ae7 	vcvt.f32.s32	s15, s15
341871a0:	ee77 7a27 	vadd.f32	s15, s14, s15
341871a4:	eef8 6ae6 	vcvt.f32.s32	s13, s13
341871a8:	ee67 7a85 	vmul.f32	s15, s15, s10
341871ac:	eef8 5ae5 	vcvt.f32.s32	s11, s11
341871b0:	eeb8 6ac6 	vcvt.f32.s32	s12, s12
341871b4:	ee26 7a26 	vmul.f32	s14, s12, s13
341871b8:	eec7 6aa5 	vdiv.f32	s13, s15, s11
341871bc:	eec6 7a87 	vdiv.f32	s15, s13, s14
341871c0:	eefc 7ae7 	vcvt.u32.f32	s15, s15
341871c4:	ee17 0a90 	vmov	r0, s15
341871c8:	e79d      	b.n	34187106 <__acle_se_SECURE_SystemCoreClockUpdate+0x6e>
341871ca:	f8d2 30b0 	ldr.w	r3, [r2, #176]	@ 0xb0
341871ce:	0119      	lsls	r1, r3, #4
341871d0:	f003 40e0 	and.w	r0, r3, #1879048192	@ 0x70000000
341871d4:	d488      	bmi.n	341870e8 <__acle_se_SECURE_SystemCoreClockUpdate+0x50>
341871d6:	f8d2 10b4 	ldr.w	r1, [r2, #180]	@ 0xb4
341871da:	f8d2 20b8 	ldr.w	r2, [r2, #184]	@ 0xb8
341871de:	e7b9      	b.n	34187154 <__acle_se_SECURE_SystemCoreClockUpdate+0xbc>
341871e0:	f8d2 30a0 	ldr.w	r3, [r2, #160]	@ 0xa0
341871e4:	0119      	lsls	r1, r3, #4
341871e6:	f003 40e0 	and.w	r0, r3, #1879048192	@ 0x70000000
341871ea:	f53f af7d 	bmi.w	341870e8 <__acle_se_SECURE_SystemCoreClockUpdate+0x50>
341871ee:	f8d2 10a4 	ldr.w	r1, [r2, #164]	@ 0xa4
341871f2:	f8d2 20a8 	ldr.w	r2, [r2, #168]	@ 0xa8
341871f6:	e7ad      	b.n	34187154 <__acle_se_SECURE_SystemCoreClockUpdate+0xbc>
341871f8:	f8d2 1084 	ldr.w	r1, [r2, #132]	@ 0x84
341871fc:	f8d2 2088 	ldr.w	r2, [r2, #136]	@ 0x88
34187200:	e7a8      	b.n	34187154 <__acle_se_SECURE_SystemCoreClockUpdate+0xbc>
34187202:	4b15      	ldr	r3, [pc, #84]	@ (34187258 <__acle_se_SECURE_SystemCoreClockUpdate+0x1c0>)
34187204:	4818      	ldr	r0, [pc, #96]	@ (34187268 <__acle_se_SECURE_SystemCoreClockUpdate+0x1d0>)
34187206:	6c9b      	ldr	r3, [r3, #72]	@ 0x48
34187208:	f3c3 13c1 	ubfx	r3, r3, #7, #2
3418720c:	40d8      	lsrs	r0, r3
3418720e:	e77a      	b.n	34187106 <__acle_se_SECURE_SystemCoreClockUpdate+0x6e>
34187210:	f1b0 5f40 	cmp.w	r0, #805306368	@ 0x30000000
34187214:	d11a      	bne.n	3418724c <__acle_se_SECURE_SystemCoreClockUpdate+0x1b4>
34187216:	4816      	ldr	r0, [pc, #88]	@ (34187270 <__acle_se_SECURE_SystemCoreClockUpdate+0x1d8>)
34187218:	e775      	b.n	34187106 <__acle_se_SECURE_SystemCoreClockUpdate+0x6e>
3418721a:	f1b0 5f40 	cmp.w	r0, #805306368	@ 0x30000000
3418721e:	d112      	bne.n	34187246 <__acle_se_SECURE_SystemCoreClockUpdate+0x1ae>
34187220:	ed9f 5a13 	vldr	s10, [pc, #76]	@ 34187270 <__acle_se_SECURE_SystemCoreClockUpdate+0x1d8>
34187224:	e7b4      	b.n	34187190 <__acle_se_SECURE_SystemCoreClockUpdate+0xf8>
34187226:	480e      	ldr	r0, [pc, #56]	@ (34187260 <__acle_se_SECURE_SystemCoreClockUpdate+0x1c8>)
34187228:	e76d      	b.n	34187106 <__acle_se_SECURE_SystemCoreClockUpdate+0x6e>
3418722a:	490b      	ldr	r1, [pc, #44]	@ (34187258 <__acle_se_SECURE_SystemCoreClockUpdate+0x1c0>)
3418722c:	4a0e      	ldr	r2, [pc, #56]	@ (34187268 <__acle_se_SECURE_SystemCoreClockUpdate+0x1d0>)
3418722e:	6c89      	ldr	r1, [r1, #72]	@ 0x48
34187230:	f3c1 11c1 	ubfx	r1, r1, #7, #2
34187234:	40ca      	lsrs	r2, r1
34187236:	ee05 2a10 	vmov	s10, r2
3418723a:	e7a9      	b.n	34187190 <__acle_se_SECURE_SystemCoreClockUpdate+0xf8>
3418723c:	ed9f 5a08 	vldr	s10, [pc, #32]	@ 34187260 <__acle_se_SECURE_SystemCoreClockUpdate+0x1c8>
34187240:	e7a6      	b.n	34187190 <__acle_se_SECURE_SystemCoreClockUpdate+0xf8>
34187242:	480a      	ldr	r0, [pc, #40]	@ (3418726c <__acle_se_SECURE_SystemCoreClockUpdate+0x1d4>)
34187244:	e75f      	b.n	34187106 <__acle_se_SECURE_SystemCoreClockUpdate+0x6e>
34187246:	ed9f 5a0b 	vldr	s10, [pc, #44]	@ 34187274 <__acle_se_SECURE_SystemCoreClockUpdate+0x1dc>
3418724a:	e7a3      	b.n	34187194 <__acle_se_SECURE_SystemCoreClockUpdate+0xfc>
3418724c:	2000      	movs	r0, #0
3418724e:	e75a      	b.n	34187106 <__acle_se_SECURE_SystemCoreClockUpdate+0x6e>
34187250:	ed9f 5a02 	vldr	s10, [pc, #8]	@ 3418725c <__acle_se_SECURE_SystemCoreClockUpdate+0x1c4>
34187254:	e79c      	b.n	34187190 <__acle_se_SECURE_SystemCoreClockUpdate+0xf8>
34187256:	bf00      	nop
34187258:	56028000 	.word	0x56028000
3418725c:	003d0900 	.word	0x003d0900
34187260:	02dc6c00 	.word	0x02dc6c00
34187264:	341c0000 	.word	0x341c0000
34187268:	03d09000 	.word	0x03d09000
3418726c:	00f42400 	.word	0x00f42400
34187270:	00bb8000 	.word	0x00bb8000
34187274:	00000000 	.word	0x00000000

34187278 <HAL_MspInit>:
34187278:	4770      	bx	lr
3418727a:	bf00      	nop

3418727c <HAL_InitTick>:
3418727c:	4b11      	ldr	r3, [pc, #68]	@ (341872c4 <HAL_InitTick+0x48>)
3418727e:	781b      	ldrb	r3, [r3, #0]
34187280:	b90b      	cbnz	r3, 34187286 <HAL_InitTick+0xa>
34187282:	2001      	movs	r0, #1
34187284:	4770      	bx	lr
34187286:	f44f 727a 	mov.w	r2, #1000	@ 0x3e8
3418728a:	fbb2 f3f3 	udiv	r3, r2, r3
3418728e:	b510      	push	{r4, lr}
34187290:	490d      	ldr	r1, [pc, #52]	@ (341872c8 <HAL_InitTick+0x4c>)
34187292:	4604      	mov	r4, r0
34187294:	6808      	ldr	r0, [r1, #0]
34187296:	b082      	sub	sp, #8
34187298:	fbb0 f0f3 	udiv	r0, r0, r3
3418729c:	f000 f876 	bl	3418738c <HAL_SYSTICK_Config>
341872a0:	4602      	mov	r2, r0
341872a2:	b908      	cbnz	r0, 341872a8 <HAL_InitTick+0x2c>
341872a4:	2c0f      	cmp	r4, #15
341872a6:	d902      	bls.n	341872ae <HAL_InitTick+0x32>
341872a8:	2001      	movs	r0, #1
341872aa:	b002      	add	sp, #8
341872ac:	bd10      	pop	{r4, pc}
341872ae:	9001      	str	r0, [sp, #4]
341872b0:	4621      	mov	r1, r4
341872b2:	f04f 30ff 	mov.w	r0, #4294967295	@ 0xffffffff
341872b6:	f000 f837 	bl	34187328 <HAL_NVIC_SetPriority>
341872ba:	4b04      	ldr	r3, [pc, #16]	@ (341872cc <HAL_InitTick+0x50>)
341872bc:	9801      	ldr	r0, [sp, #4]
341872be:	601c      	str	r4, [r3, #0]
341872c0:	b002      	add	sp, #8
341872c2:	bd10      	pop	{r4, pc}
341872c4:	341c0004 	.word	0x341c0004
341872c8:	341c0000 	.word	0x341c0000
341872cc:	341c0008 	.word	0x341c0008

341872d0 <HAL_Init>:
341872d0:	b500      	push	{lr}
341872d2:	2003      	movs	r0, #3
341872d4:	b083      	sub	sp, #12
341872d6:	f000 f815 	bl	34187304 <HAL_NVIC_SetPriorityGrouping>
341872da:	f7ff fdeb 	bl	34186eb4 <SystemCoreClockUpdate>
341872de:	200f      	movs	r0, #15
341872e0:	f7ff ffcc 	bl	3418727c <HAL_InitTick>
341872e4:	b110      	cbz	r0, 341872ec <HAL_Init+0x1c>
341872e6:	2001      	movs	r0, #1
341872e8:	b003      	add	sp, #12
341872ea:	bd00      	pop	{pc}
341872ec:	9001      	str	r0, [sp, #4]
341872ee:	f7ff ffc3 	bl	34187278 <HAL_MspInit>
341872f2:	9801      	ldr	r0, [sp, #4]
341872f4:	b003      	add	sp, #12
341872f6:	bd00      	pop	{pc}

341872f8 <HAL_GetTick>:
341872f8:	4b01      	ldr	r3, [pc, #4]	@ (34187300 <HAL_GetTick+0x8>)
341872fa:	6818      	ldr	r0, [r3, #0]
341872fc:	4770      	bx	lr
341872fe:	bf00      	nop
34187300:	341c1bf4 	.word	0x341c1bf4

34187304 <HAL_NVIC_SetPriorityGrouping>:
34187304:	f64f 0cff 	movw	ip, #63743	@ 0xf8ff
34187308:	4906      	ldr	r1, [pc, #24]	@ (34187324 <HAL_NVIC_SetPriorityGrouping+0x20>)
3418730a:	0203      	lsls	r3, r0, #8
3418730c:	68ca      	ldr	r2, [r1, #12]
3418730e:	f403 63e0 	and.w	r3, r3, #1792	@ 0x700
34187312:	ea02 020c 	and.w	r2, r2, ip
34187316:	4313      	orrs	r3, r2
34187318:	f043 63bf 	orr.w	r3, r3, #100139008	@ 0x5f80000
3418731c:	f443 3300 	orr.w	r3, r3, #131072	@ 0x20000
34187320:	60cb      	str	r3, [r1, #12]
34187322:	4770      	bx	lr
34187324:	e000ed00 	.word	0xe000ed00

34187328 <HAL_NVIC_SetPriority>:
34187328:	4b16      	ldr	r3, [pc, #88]	@ (34187384 <HAL_NVIC_SetPriority+0x5c>)
3418732a:	b500      	push	{lr}
3418732c:	68db      	ldr	r3, [r3, #12]
3418732e:	f3c3 2302 	ubfx	r3, r3, #8, #3
34187332:	f1a3 0c03 	sub.w	ip, r3, #3
34187336:	f1bc 0f04 	cmp.w	ip, #4
3418733a:	d819      	bhi.n	34187370 <HAL_NVIC_SetPriority+0x48>
3418733c:	f04f 3eff 	mov.w	lr, #4294967295	@ 0xffffffff
34187340:	f1c3 0307 	rsb	r3, r3, #7
34187344:	fa0e f303 	lsl.w	r3, lr, r3
34187348:	43db      	mvns	r3, r3
3418734a:	fa0e fe0c 	lsl.w	lr, lr, ip
3418734e:	ea22 020e 	bic.w	r2, r2, lr
34187352:	4019      	ands	r1, r3
34187354:	fa01 f10c 	lsl.w	r1, r1, ip
34187358:	4311      	orrs	r1, r2
3418735a:	2800      	cmp	r0, #0
3418735c:	ea4f 1101 	mov.w	r1, r1, lsl #4
34187360:	db0a      	blt.n	34187378 <HAL_NVIC_SetPriority+0x50>
34187362:	f100 4060 	add.w	r0, r0, #3758096384	@ 0xe0000000
34187366:	f500 4061 	add.w	r0, r0, #57600	@ 0xe100
3418736a:	f880 1300 	strb.w	r1, [r0, #768]	@ 0x300
3418736e:	bd00      	pop	{pc}
34187370:	2200      	movs	r2, #0
34187372:	230f      	movs	r3, #15
34187374:	4694      	mov	ip, r2
34187376:	e7ec      	b.n	34187352 <HAL_NVIC_SetPriority+0x2a>
34187378:	4b03      	ldr	r3, [pc, #12]	@ (34187388 <HAL_NVIC_SetPriority+0x60>)
3418737a:	f000 000f 	and.w	r0, r0, #15
3418737e:	18c3      	adds	r3, r0, r3
34187380:	7619      	strb	r1, [r3, #24]
34187382:	bd00      	pop	{pc}
34187384:	e000ed00 	.word	0xe000ed00
34187388:	e000ecfc 	.word	0xe000ecfc

3418738c <HAL_SYSTICK_Config>:
3418738c:	3801      	subs	r0, #1
3418738e:	f1b0 7f80 	cmp.w	r0, #16777216	@ 0x1000000
34187392:	d301      	bcc.n	34187398 <HAL_SYSTICK_Config+0xc>
34187394:	2001      	movs	r0, #1
34187396:	4770      	bx	lr
34187398:	f04f 23e0 	mov.w	r3, #3758153728	@ 0xe000e000
3418739c:	f04f 0cf0 	mov.w	ip, #240	@ 0xf0
341873a0:	2200      	movs	r2, #0
341873a2:	2107      	movs	r1, #7
341873a4:	b410      	push	{r4}
341873a6:	4c04      	ldr	r4, [pc, #16]	@ (341873b8 <HAL_SYSTICK_Config+0x2c>)
341873a8:	6158      	str	r0, [r3, #20]
341873aa:	f884 c023 	strb.w	ip, [r4, #35]	@ 0x23
341873ae:	4610      	mov	r0, r2
341873b0:	bc10      	pop	{r4}
341873b2:	619a      	str	r2, [r3, #24]
341873b4:	6119      	str	r1, [r3, #16]
341873b6:	4770      	bx	lr
341873b8:	e000ed00 	.word	0xe000ed00

341873bc <HAL_PWREx_ConfigSupply>:
341873bc:	b538      	push	{r3, r4, r5, lr}
341873be:	4c0b      	ldr	r4, [pc, #44]	@ (341873ec <HAL_PWREx_ConfigSupply+0x30>)
341873c0:	6823      	ldr	r3, [r4, #0]
341873c2:	f023 0304 	bic.w	r3, r3, #4
341873c6:	4303      	orrs	r3, r0
341873c8:	6023      	str	r3, [r4, #0]
341873ca:	f7ff ff95 	bl	341872f8 <HAL_GetTick>
341873ce:	4605      	mov	r5, r0
341873d0:	e005      	b.n	341873de <HAL_PWREx_ConfigSupply+0x22>
341873d2:	f7ff ff91 	bl	341872f8 <HAL_GetTick>
341873d6:	1b40      	subs	r0, r0, r5
341873d8:	f5b0 7f7a 	cmp.w	r0, #1000	@ 0x3e8
341873dc:	d804      	bhi.n	341873e8 <HAL_PWREx_ConfigSupply+0x2c>
341873de:	6a23      	ldr	r3, [r4, #32]
341873e0:	039b      	lsls	r3, r3, #14
341873e2:	d5f6      	bpl.n	341873d2 <HAL_PWREx_ConfigSupply+0x16>
341873e4:	2000      	movs	r0, #0
341873e6:	bd38      	pop	{r3, r4, r5, pc}
341873e8:	2001      	movs	r0, #1
341873ea:	bd38      	pop	{r3, r4, r5, pc}
341873ec:	56024800 	.word	0x56024800

341873f0 <HAL_PWREx_ControlVoltageScaling>:
341873f0:	b538      	push	{r3, r4, r5, lr}
341873f2:	4c0b      	ldr	r4, [pc, #44]	@ (34187420 <HAL_PWREx_ControlVoltageScaling+0x30>)
341873f4:	6a23      	ldr	r3, [r4, #32]
341873f6:	f023 0301 	bic.w	r3, r3, #1
341873fa:	4303      	orrs	r3, r0
341873fc:	6223      	str	r3, [r4, #32]
341873fe:	f7ff ff7b 	bl	341872f8 <HAL_GetTick>
34187402:	4605      	mov	r5, r0
34187404:	e005      	b.n	34187412 <HAL_PWREx_ControlVoltageScaling+0x22>
34187406:	f7ff ff77 	bl	341872f8 <HAL_GetTick>
3418740a:	1b40      	subs	r0, r0, r5
3418740c:	f5b0 7f7a 	cmp.w	r0, #1000	@ 0x3e8
34187410:	d804      	bhi.n	3418741c <HAL_PWREx_ControlVoltageScaling+0x2c>
34187412:	6a23      	ldr	r3, [r4, #32]
34187414:	079b      	lsls	r3, r3, #30
34187416:	d5f6      	bpl.n	34187406 <HAL_PWREx_ControlVoltageScaling+0x16>
34187418:	2000      	movs	r0, #0
3418741a:	bd38      	pop	{r3, r4, r5, pc}
3418741c:	2001      	movs	r0, #1
3418741e:	bd38      	pop	{r3, r4, r5, pc}
34187420:	56024800 	.word	0x56024800

34187424 <RCC_IC_CheckPLLSources>:
34187424:	f1b0 5f00 	cmp.w	r0, #536870912	@ 0x20000000
34187428:	d042      	beq.n	341874b0 <RCC_IC_CheckPLLSources+0x8c>
3418742a:	d813      	bhi.n	34187454 <RCC_IC_CheckPLLSources+0x30>
3418742c:	2800      	cmp	r0, #0
3418742e:	d048      	beq.n	341874c2 <RCC_IC_CheckPLLSources+0x9e>
34187430:	4b2e      	ldr	r3, [pc, #184]	@ (341874ec <RCC_IC_CheckPLLSources+0xc8>)
34187432:	685a      	ldr	r2, [r3, #4]
34187434:	0590      	lsls	r0, r2, #22
34187436:	d554      	bpl.n	341874e2 <RCC_IC_CheckPLLSources+0xbe>
34187438:	2001      	movs	r0, #1
3418743a:	f1b1 5f00 	cmp.w	r1, #536870912	@ 0x20000000
3418743e:	d017      	beq.n	34187470 <RCC_IC_CheckPLLSources+0x4c>
34187440:	d81f      	bhi.n	34187482 <RCC_IC_CheckPLLSources+0x5e>
34187442:	b361      	cbz	r1, 3418749e <RCC_IC_CheckPLLSources+0x7a>
34187444:	f1b1 5f80 	cmp.w	r1, #268435456	@ 0x10000000
34187448:	d127      	bne.n	3418749a <RCC_IC_CheckPLLSources+0x76>
3418744a:	4b28      	ldr	r3, [pc, #160]	@ (341874ec <RCC_IC_CheckPLLSources+0xc8>)
3418744c:	685a      	ldr	r2, [r3, #4]
3418744e:	0592      	lsls	r2, r2, #22
34187450:	d540      	bpl.n	341874d4 <RCC_IC_CheckPLLSources+0xb0>
34187452:	4770      	bx	lr
34187454:	f1b0 5f40 	cmp.w	r0, #805306368	@ 0x30000000
34187458:	d141      	bne.n	341874de <RCC_IC_CheckPLLSources+0xba>
3418745a:	4b24      	ldr	r3, [pc, #144]	@ (341874ec <RCC_IC_CheckPLLSources+0xc8>)
3418745c:	685a      	ldr	r2, [r3, #4]
3418745e:	0510      	lsls	r0, r2, #20
34187460:	d4ea      	bmi.n	34187438 <RCC_IC_CheckPLLSources+0x14>
34187462:	f8d3 00b0 	ldr.w	r0, [r3, #176]	@ 0xb0
34187466:	f1b1 5f00 	cmp.w	r1, #536870912	@ 0x20000000
3418746a:	f3c0 60c0 	ubfx	r0, r0, #27, #1
3418746e:	d1e7      	bne.n	34187440 <RCC_IC_CheckPLLSources+0x1c>
34187470:	4b1e      	ldr	r3, [pc, #120]	@ (341874ec <RCC_IC_CheckPLLSources+0xc8>)
34187472:	685a      	ldr	r2, [r3, #4]
34187474:	0551      	lsls	r1, r2, #21
34187476:	d4ec      	bmi.n	34187452 <RCC_IC_CheckPLLSources+0x2e>
34187478:	f8d3 30a0 	ldr.w	r3, [r3, #160]	@ 0xa0
3418747c:	ea00 60d3 	and.w	r0, r0, r3, lsr #27
34187480:	4770      	bx	lr
34187482:	f1b1 5f40 	cmp.w	r1, #805306368	@ 0x30000000
34187486:	d108      	bne.n	3418749a <RCC_IC_CheckPLLSources+0x76>
34187488:	4b18      	ldr	r3, [pc, #96]	@ (341874ec <RCC_IC_CheckPLLSources+0xc8>)
3418748a:	685a      	ldr	r2, [r3, #4]
3418748c:	0512      	lsls	r2, r2, #20
3418748e:	bf5c      	itt	pl
34187490:	f8d3 30b0 	ldrpl.w	r3, [r3, #176]	@ 0xb0
34187494:	ea00 60d3 	andpl.w	r0, r0, r3, lsr #27
34187498:	4770      	bx	lr
3418749a:	2000      	movs	r0, #0
3418749c:	4770      	bx	lr
3418749e:	4b13      	ldr	r3, [pc, #76]	@ (341874ec <RCC_IC_CheckPLLSources+0xc8>)
341874a0:	685a      	ldr	r2, [r3, #4]
341874a2:	05d1      	lsls	r1, r2, #23
341874a4:	d4d5      	bmi.n	34187452 <RCC_IC_CheckPLLSources+0x2e>
341874a6:	f8d3 3080 	ldr.w	r3, [r3, #128]	@ 0x80
341874aa:	ea00 60d3 	and.w	r0, r0, r3, lsr #27
341874ae:	4770      	bx	lr
341874b0:	4b0e      	ldr	r3, [pc, #56]	@ (341874ec <RCC_IC_CheckPLLSources+0xc8>)
341874b2:	685a      	ldr	r2, [r3, #4]
341874b4:	0552      	lsls	r2, r2, #21
341874b6:	d4bf      	bmi.n	34187438 <RCC_IC_CheckPLLSources+0x14>
341874b8:	f8d3 00a0 	ldr.w	r0, [r3, #160]	@ 0xa0
341874bc:	f3c0 60c0 	ubfx	r0, r0, #27, #1
341874c0:	e7bb      	b.n	3418743a <RCC_IC_CheckPLLSources+0x16>
341874c2:	4b0a      	ldr	r3, [pc, #40]	@ (341874ec <RCC_IC_CheckPLLSources+0xc8>)
341874c4:	685a      	ldr	r2, [r3, #4]
341874c6:	05d2      	lsls	r2, r2, #23
341874c8:	d4b6      	bmi.n	34187438 <RCC_IC_CheckPLLSources+0x14>
341874ca:	f8d3 0080 	ldr.w	r0, [r3, #128]	@ 0x80
341874ce:	f3c0 60c0 	ubfx	r0, r0, #27, #1
341874d2:	e7b2      	b.n	3418743a <RCC_IC_CheckPLLSources+0x16>
341874d4:	f8d3 3090 	ldr.w	r3, [r3, #144]	@ 0x90
341874d8:	ea00 60d3 	and.w	r0, r0, r3, lsr #27
341874dc:	4770      	bx	lr
341874de:	2000      	movs	r0, #0
341874e0:	e7ab      	b.n	3418743a <RCC_IC_CheckPLLSources+0x16>
341874e2:	f8d3 0090 	ldr.w	r0, [r3, #144]	@ 0x90
341874e6:	f3c0 60c0 	ubfx	r0, r0, #27, #1
341874ea:	e7a6      	b.n	3418743a <RCC_IC_CheckPLLSources+0x16>
341874ec:	56028000 	.word	0x56028000

341874f0 <RCC_PLL_Config>:
341874f0:	e92d 43f8 	stmdb	sp!, {r3, r4, r5, r6, r7, r8, r9, lr}
341874f4:	680b      	ldr	r3, [r1, #0]
341874f6:	460e      	mov	r6, r1
341874f8:	2b02      	cmp	r3, #2
341874fa:	4f5f      	ldr	r7, [pc, #380]	@ (34187678 <RCC_PLL_Config+0x188>)
341874fc:	ea4f 1500 	mov.w	r5, r0, lsl #4
34187500:	d007      	beq.n	34187512 <RCC_PLL_Config+0x22>
34187502:	2b03      	cmp	r3, #3
34187504:	d063      	beq.n	341875ce <RCC_PLL_Config+0xde>
34187506:	2b01      	cmp	r3, #1
34187508:	f000 8088 	beq.w	3418761c <RCC_PLL_Config+0x12c>
3418750c:	2000      	movs	r0, #0
3418750e:	e8bd 83f8 	ldmia.w	sp!, {r3, r4, r5, r6, r7, r8, r9, pc}
34187512:	f44f 7480 	mov.w	r4, #256	@ 0x100
34187516:	4b59      	ldr	r3, [pc, #356]	@ (3418767c <RCC_PLL_Config+0x18c>)
34187518:	4084      	lsls	r4, r0
3418751a:	601c      	str	r4, [r3, #0]
3418751c:	f7ff feec 	bl	341872f8 <HAL_GetTick>
34187520:	f8df 8168 	ldr.w	r8, [pc, #360]	@ 3418768c <RCC_PLL_Config+0x19c>
34187524:	4681      	mov	r9, r0
34187526:	e005      	b.n	34187534 <RCC_PLL_Config+0x44>
34187528:	f7ff fee6 	bl	341872f8 <HAL_GetTick>
3418752c:	eba0 0009 	sub.w	r0, r0, r9
34187530:	2801      	cmp	r0, #1
34187532:	d849      	bhi.n	341875c8 <RCC_PLL_Config+0xd8>
34187534:	f8d8 3004 	ldr.w	r3, [r8, #4]
34187538:	ea34 0303 	bics.w	r3, r4, r3
3418753c:	d0f4      	beq.n	34187528 <RCC_PLL_Config+0x38>
3418753e:	59eb      	ldr	r3, [r5, r7]
34187540:	484f      	ldr	r0, [pc, #316]	@ (34187680 <RCC_PLL_Config+0x190>)
34187542:	f043 0304 	orr.w	r3, r3, #4
34187546:	51eb      	str	r3, [r5, r7]
34187548:	582b      	ldr	r3, [r5, r0]
3418754a:	4a4e      	ldr	r2, [pc, #312]	@ (34187684 <RCC_PLL_Config+0x194>)
3418754c:	f023 6300 	bic.w	r3, r3, #134217728	@ 0x8000000
34187550:	502b      	str	r3, [r5, r0]
34187552:	6933      	ldr	r3, [r6, #16]
34187554:	68b1      	ldr	r1, [r6, #8]
34187556:	021b      	lsls	r3, r3, #8
34187558:	ea43 5301 	orr.w	r3, r3, r1, lsl #20
3418755c:	6871      	ldr	r1, [r6, #4]
3418755e:	5828      	ldr	r0, [r5, r0]
34187560:	430b      	orrs	r3, r1
34187562:	4949      	ldr	r1, [pc, #292]	@ (34187688 <RCC_PLL_Config+0x198>)
34187564:	4001      	ands	r1, r0
34187566:	4846      	ldr	r0, [pc, #280]	@ (34187680 <RCC_PLL_Config+0x190>)
34187568:	430b      	orrs	r3, r1
3418756a:	502b      	str	r3, [r5, r0]
3418756c:	69b3      	ldr	r3, [r6, #24]
3418756e:	59e9      	ldr	r1, [r5, r7]
34187570:	6970      	ldr	r0, [r6, #20]
34187572:	061b      	lsls	r3, r3, #24
34187574:	f021 517c 	bic.w	r1, r1, #1056964608	@ 0x3f000000
34187578:	ea43 63c0 	orr.w	r3, r3, r0, lsl #27
3418757c:	430b      	orrs	r3, r1
3418757e:	51eb      	str	r3, [r5, r7]
34187580:	58ab      	ldr	r3, [r5, r2]
34187582:	68f1      	ldr	r1, [r6, #12]
34187584:	f003 437f 	and.w	r3, r3, #4278190080	@ 0xff000000
34187588:	430b      	orrs	r3, r1
3418758a:	50ab      	str	r3, [r5, r2]
3418758c:	59eb      	ldr	r3, [r5, r7]
3418758e:	f023 0308 	bic.w	r3, r3, #8
34187592:	51eb      	str	r3, [r5, r7]
34187594:	68f3      	ldr	r3, [r6, #12]
34187596:	b11b      	cbz	r3, 341875a0 <RCC_PLL_Config+0xb0>
34187598:	59eb      	ldr	r3, [r5, r7]
3418759a:	f043 030a 	orr.w	r3, r3, #10
3418759e:	51eb      	str	r3, [r5, r7]
341875a0:	59eb      	ldr	r3, [r5, r7]
341875a2:	4e3a      	ldr	r6, [pc, #232]	@ (3418768c <RCC_PLL_Config+0x19c>)
341875a4:	f043 4380 	orr.w	r3, r3, #1073741824	@ 0x40000000
341875a8:	f043 0301 	orr.w	r3, r3, #1
341875ac:	51eb      	str	r3, [r5, r7]
341875ae:	f8c6 4800 	str.w	r4, [r6, #2048]	@ 0x800
341875b2:	f7ff fea1 	bl	341872f8 <HAL_GetTick>
341875b6:	4605      	mov	r5, r0
341875b8:	6873      	ldr	r3, [r6, #4]
341875ba:	421c      	tst	r4, r3
341875bc:	d1a6      	bne.n	3418750c <RCC_PLL_Config+0x1c>
341875be:	f7ff fe9b 	bl	341872f8 <HAL_GetTick>
341875c2:	1b40      	subs	r0, r0, r5
341875c4:	2801      	cmp	r0, #1
341875c6:	d9f7      	bls.n	341875b8 <RCC_PLL_Config+0xc8>
341875c8:	2003      	movs	r0, #3
341875ca:	e8bd 83f8 	ldmia.w	sp!, {r3, r4, r5, r6, r7, r8, r9, pc}
341875ce:	684b      	ldr	r3, [r1, #4]
341875d0:	f1b3 5f80 	cmp.w	r3, #268435456	@ 0x10000000
341875d4:	d04a      	beq.n	3418766c <RCC_PLL_Config+0x17c>
341875d6:	f1b3 5f00 	cmp.w	r3, #536870912	@ 0x20000000
341875da:	d042      	beq.n	34187662 <RCC_PLL_Config+0x172>
341875dc:	2b00      	cmp	r3, #0
341875de:	d03a      	beq.n	34187656 <RCC_PLL_Config+0x166>
341875e0:	f44f 7480 	mov.w	r4, #256	@ 0x100
341875e4:	4b25      	ldr	r3, [pc, #148]	@ (3418767c <RCC_PLL_Config+0x18c>)
341875e6:	4084      	lsls	r4, r0
341875e8:	601c      	str	r4, [r3, #0]
341875ea:	f7ff fe85 	bl	341872f8 <HAL_GetTick>
341875ee:	4f27      	ldr	r7, [pc, #156]	@ (3418768c <RCC_PLL_Config+0x19c>)
341875f0:	4680      	mov	r8, r0
341875f2:	e005      	b.n	34187600 <RCC_PLL_Config+0x110>
341875f4:	f7ff fe80 	bl	341872f8 <HAL_GetTick>
341875f8:	eba0 0008 	sub.w	r0, r0, r8
341875fc:	2801      	cmp	r0, #1
341875fe:	d8e3      	bhi.n	341875c8 <RCC_PLL_Config+0xd8>
34187600:	687b      	ldr	r3, [r7, #4]
34187602:	ea34 0303 	bics.w	r3, r4, r3
34187606:	d0f5      	beq.n	341875f4 <RCC_PLL_Config+0x104>
34187608:	491d      	ldr	r1, [pc, #116]	@ (34187680 <RCC_PLL_Config+0x190>)
3418760a:	6872      	ldr	r2, [r6, #4]
3418760c:	586b      	ldr	r3, [r5, r1]
3418760e:	f023 43f0 	bic.w	r3, r3, #2013265920	@ 0x78000000
34187612:	4313      	orrs	r3, r2
34187614:	f043 6300 	orr.w	r3, r3, #134217728	@ 0x8000000
34187618:	506b      	str	r3, [r5, r1]
3418761a:	e777      	b.n	3418750c <RCC_PLL_Config+0x1c>
3418761c:	f44f 7480 	mov.w	r4, #256	@ 0x100
34187620:	59eb      	ldr	r3, [r5, r7]
34187622:	4084      	lsls	r4, r0
34187624:	f023 4380 	bic.w	r3, r3, #1073741824	@ 0x40000000
34187628:	51eb      	str	r3, [r5, r7]
3418762a:	4b14      	ldr	r3, [pc, #80]	@ (3418767c <RCC_PLL_Config+0x18c>)
3418762c:	4e17      	ldr	r6, [pc, #92]	@ (3418768c <RCC_PLL_Config+0x19c>)
3418762e:	601c      	str	r4, [r3, #0]
34187630:	f7ff fe62 	bl	341872f8 <HAL_GetTick>
34187634:	4607      	mov	r7, r0
34187636:	e004      	b.n	34187642 <RCC_PLL_Config+0x152>
34187638:	f7ff fe5e 	bl	341872f8 <HAL_GetTick>
3418763c:	1bc0      	subs	r0, r0, r7
3418763e:	2801      	cmp	r0, #1
34187640:	d8c2      	bhi.n	341875c8 <RCC_PLL_Config+0xd8>
34187642:	6873      	ldr	r3, [r6, #4]
34187644:	ea34 0303 	bics.w	r3, r4, r3
34187648:	d0f6      	beq.n	34187638 <RCC_PLL_Config+0x148>
3418764a:	4a0d      	ldr	r2, [pc, #52]	@ (34187680 <RCC_PLL_Config+0x190>)
3418764c:	58ab      	ldr	r3, [r5, r2]
3418764e:	f023 6300 	bic.w	r3, r3, #134217728	@ 0x8000000
34187652:	50ab      	str	r3, [r5, r2]
34187654:	e75a      	b.n	3418750c <RCC_PLL_Config+0x1c>
34187656:	4b0d      	ldr	r3, [pc, #52]	@ (3418768c <RCC_PLL_Config+0x19c>)
34187658:	685b      	ldr	r3, [r3, #4]
3418765a:	0719      	lsls	r1, r3, #28
3418765c:	d4c0      	bmi.n	341875e0 <RCC_PLL_Config+0xf0>
3418765e:	2001      	movs	r0, #1
34187660:	e755      	b.n	3418750e <RCC_PLL_Config+0x1e>
34187662:	4b0a      	ldr	r3, [pc, #40]	@ (3418768c <RCC_PLL_Config+0x19c>)
34187664:	685b      	ldr	r3, [r3, #4]
34187666:	06db      	lsls	r3, r3, #27
34187668:	d4ba      	bmi.n	341875e0 <RCC_PLL_Config+0xf0>
3418766a:	e7f8      	b.n	3418765e <RCC_PLL_Config+0x16e>
3418766c:	4b07      	ldr	r3, [pc, #28]	@ (3418768c <RCC_PLL_Config+0x19c>)
3418766e:	685b      	ldr	r3, [r3, #4]
34187670:	075a      	lsls	r2, r3, #29
34187672:	d4b5      	bmi.n	341875e0 <RCC_PLL_Config+0xf0>
34187674:	e7f3      	b.n	3418765e <RCC_PLL_Config+0x16e>
34187676:	bf00      	nop
34187678:	56028088 	.word	0x56028088
3418767c:	56029000 	.word	0x56029000
34187680:	56028080 	.word	0x56028080
34187684:	56028084 	.word	0x56028084
34187688:	8c0000ff 	.word	0x8c0000ff
3418768c:	56028000 	.word	0x56028000

34187690 <HAL_RCC_OscConfig>:
34187690:	2800      	cmp	r0, #0
34187692:	f000 8286 	beq.w	34187ba2 <HAL_RCC_OscConfig+0x512>
34187696:	e92d 4ff0 	stmdb	sp!, {r4, r5, r6, r7, r8, r9, sl, fp, lr}
3418769a:	4604      	mov	r4, r0
3418769c:	4b94      	ldr	r3, [pc, #592]	@ (341878f0 <HAL_RCC_OscConfig+0x260>)
3418769e:	b083      	sub	sp, #12
341876a0:	f8d3 c020 	ldr.w	ip, [r3, #32]
341876a4:	6a18      	ldr	r0, [r3, #32]
341876a6:	f8d3 1080 	ldr.w	r1, [r3, #128]	@ 0x80
341876aa:	f8d3 2090 	ldr.w	r2, [r3, #144]	@ 0x90
341876ae:	f40c 1540 	and.w	r5, ip, #3145728	@ 0x300000
341876b2:	f002 49e0 	and.w	r9, r2, #1879048192	@ 0x70000000
341876b6:	f8d3 20a0 	ldr.w	r2, [r3, #160]	@ 0xa0
341876ba:	f000 5040 	and.w	r0, r0, #805306368	@ 0x30000000
341876be:	f002 4ae0 	and.w	sl, r2, #1879048192	@ 0x70000000
341876c2:	f8d3 20b0 	ldr.w	r2, [r3, #176]	@ 0xb0
341876c6:	685b      	ldr	r3, [r3, #4]
341876c8:	f001 41e0 	and.w	r1, r1, #1879048192	@ 0x70000000
341876cc:	4698      	mov	r8, r3
341876ce:	6823      	ldr	r3, [r4, #0]
341876d0:	f002 4be0 	and.w	fp, r2, #1879048192	@ 0x70000000
341876d4:	07da      	lsls	r2, r3, #31
341876d6:	462e      	mov	r6, r5
341876d8:	4607      	mov	r7, r0
341876da:	9101      	str	r1, [sp, #4]
341876dc:	d536      	bpl.n	3418774c <HAL_RCC_OscConfig+0xbc>
341876de:	f5b5 1f00 	cmp.w	r5, #2097152	@ 0x200000
341876e2:	f000 80d7 	beq.w	34187894 <HAL_RCC_OscConfig+0x204>
341876e6:	f1b0 5f00 	cmp.w	r0, #536870912	@ 0x20000000
341876ea:	f000 80d3 	beq.w	34187894 <HAL_RCC_OscConfig+0x204>
341876ee:	f1b1 5f00 	cmp.w	r1, #536870912	@ 0x20000000
341876f2:	f000 80cb 	beq.w	3418788c <HAL_RCC_OscConfig+0x1fc>
341876f6:	f1b9 5f00 	cmp.w	r9, #536870912	@ 0x20000000
341876fa:	f000 8266 	beq.w	34187bca <HAL_RCC_OscConfig+0x53a>
341876fe:	f1ba 5f00 	cmp.w	sl, #536870912	@ 0x20000000
34187702:	f000 82e1 	beq.w	34187cc8 <HAL_RCC_OscConfig+0x638>
34187706:	f1bb 5f00 	cmp.w	fp, #536870912	@ 0x20000000
3418770a:	f000 82e2 	beq.w	34187cd2 <HAL_RCC_OscConfig+0x642>
3418770e:	6863      	ldr	r3, [r4, #4]
34187710:	2b10      	cmp	r3, #16
34187712:	f000 8334 	beq.w	34187d7e <HAL_RCC_OscConfig+0x6ee>
34187716:	2b00      	cmp	r3, #0
34187718:	f040 826b 	bne.w	34187bf2 <HAL_RCC_OscConfig+0x562>
3418771c:	2210      	movs	r2, #16
3418771e:	4b75      	ldr	r3, [pc, #468]	@ (341878f4 <HAL_RCC_OscConfig+0x264>)
34187720:	601a      	str	r2, [r3, #0]
34187722:	4a73      	ldr	r2, [pc, #460]	@ (341878f0 <HAL_RCC_OscConfig+0x260>)
34187724:	6d53      	ldr	r3, [r2, #84]	@ 0x54
34187726:	f423 33c0 	bic.w	r3, r3, #98304	@ 0x18000
3418772a:	6553      	str	r3, [r2, #84]	@ 0x54
3418772c:	f7ff fde4 	bl	341872f8 <HAL_GetTick>
34187730:	6863      	ldr	r3, [r4, #4]
34187732:	4605      	mov	r5, r0
34187734:	b92b      	cbnz	r3, 34187742 <HAL_RCC_OscConfig+0xb2>
34187736:	e257      	b.n	34187be8 <HAL_RCC_OscConfig+0x558>
34187738:	f7ff fdde 	bl	341872f8 <HAL_GetTick>
3418773c:	1b40      	subs	r0, r0, r5
3418773e:	2864      	cmp	r0, #100	@ 0x64
34187740:	d83d      	bhi.n	341877be <HAL_RCC_OscConfig+0x12e>
34187742:	4b6b      	ldr	r3, [pc, #428]	@ (341878f0 <HAL_RCC_OscConfig+0x260>)
34187744:	685b      	ldr	r3, [r3, #4]
34187746:	06db      	lsls	r3, r3, #27
34187748:	d5f6      	bpl.n	34187738 <HAL_RCC_OscConfig+0xa8>
3418774a:	6823      	ldr	r3, [r4, #0]
3418774c:	0799      	lsls	r1, r3, #30
3418774e:	d43a      	bmi.n	341877c6 <HAL_RCC_OscConfig+0x136>
34187750:	06d9      	lsls	r1, r3, #27
34187752:	d555      	bpl.n	34187800 <HAL_RCC_OscConfig+0x170>
34187754:	f5b6 1f80 	cmp.w	r6, #1048576	@ 0x100000
34187758:	f000 8184 	beq.w	34187a64 <HAL_RCC_OscConfig+0x3d4>
3418775c:	f1b7 5f80 	cmp.w	r7, #268435456	@ 0x10000000
34187760:	f000 8180 	beq.w	34187a64 <HAL_RCC_OscConfig+0x3d4>
34187764:	9a01      	ldr	r2, [sp, #4]
34187766:	f1b2 5f80 	cmp.w	r2, #268435456	@ 0x10000000
3418776a:	f000 8177 	beq.w	34187a5c <HAL_RCC_OscConfig+0x3cc>
3418776e:	f1b9 5f80 	cmp.w	r9, #268435456	@ 0x10000000
34187772:	f000 8308 	beq.w	34187d86 <HAL_RCC_OscConfig+0x6f6>
34187776:	f1ba 5f80 	cmp.w	sl, #268435456	@ 0x10000000
3418777a:	f000 827d 	beq.w	34187c78 <HAL_RCC_OscConfig+0x5e8>
3418777e:	f1bb 5f80 	cmp.w	fp, #268435456	@ 0x10000000
34187782:	f000 827e 	beq.w	34187c82 <HAL_RCC_OscConfig+0x5f2>
34187786:	69e3      	ldr	r3, [r4, #28]
34187788:	2b00      	cmp	r3, #0
3418778a:	f000 8329 	beq.w	34187de0 <HAL_RCC_OscConfig+0x750>
3418778e:	2104      	movs	r1, #4
34187790:	4b57      	ldr	r3, [pc, #348]	@ (341878f0 <HAL_RCC_OscConfig+0x260>)
34187792:	6a20      	ldr	r0, [r4, #32]
34187794:	6c5a      	ldr	r2, [r3, #68]	@ 0x44
34187796:	f422 7200 	bic.w	r2, r2, #512	@ 0x200
3418779a:	4302      	orrs	r2, r0
3418779c:	645a      	str	r2, [r3, #68]	@ 0x44
3418779e:	f8c3 1800 	str.w	r1, [r3, #2048]	@ 0x800
341877a2:	f7ff fda9 	bl	341872f8 <HAL_GetTick>
341877a6:	4605      	mov	r5, r0
341877a8:	4b51      	ldr	r3, [pc, #324]	@ (341878f0 <HAL_RCC_OscConfig+0x260>)
341877aa:	685a      	ldr	r2, [r3, #4]
341877ac:	0752      	lsls	r2, r2, #29
341877ae:	f100 8323 	bmi.w	34187df8 <HAL_RCC_OscConfig+0x768>
341877b2:	f7ff fda1 	bl	341872f8 <HAL_GetTick>
341877b6:	1b42      	subs	r2, r0, r5
341877b8:	2a01      	cmp	r2, #1
341877ba:	4b4d      	ldr	r3, [pc, #308]	@ (341878f0 <HAL_RCC_OscConfig+0x260>)
341877bc:	d9f5      	bls.n	341877aa <HAL_RCC_OscConfig+0x11a>
341877be:	2003      	movs	r0, #3
341877c0:	b003      	add	sp, #12
341877c2:	e8bd 8ff0 	ldmia.w	sp!, {r4, r5, r6, r7, r8, r9, sl, fp, pc}
341877c6:	b146      	cbz	r6, 341877da <HAL_RCC_OscConfig+0x14a>
341877c8:	b13f      	cbz	r7, 341877da <HAL_RCC_OscConfig+0x14a>
341877ca:	9a01      	ldr	r2, [sp, #4]
341877cc:	2a00      	cmp	r2, #0
341877ce:	f040 81b7 	bne.w	34187b40 <HAL_RCC_OscConfig+0x4b0>
341877d2:	f418 7f80 	tst.w	r8, #256	@ 0x100
341877d6:	f000 81b3 	beq.w	34187b40 <HAL_RCC_OscConfig+0x4b0>
341877da:	68e2      	ldr	r2, [r4, #12]
341877dc:	2a00      	cmp	r2, #0
341877de:	d05b      	beq.n	34187898 <HAL_RCC_OscConfig+0x208>
341877e0:	4943      	ldr	r1, [pc, #268]	@ (341878f0 <HAL_RCC_OscConfig+0x260>)
341877e2:	6920      	ldr	r0, [r4, #16]
341877e4:	6c8a      	ldr	r2, [r1, #72]	@ 0x48
341877e6:	f422 72c0 	bic.w	r2, r2, #384	@ 0x180
341877ea:	4302      	orrs	r2, r0
341877ec:	648a      	str	r2, [r1, #72]	@ 0x48
341877ee:	6c8a      	ldr	r2, [r1, #72]	@ 0x48
341877f0:	6960      	ldr	r0, [r4, #20]
341877f2:	f422 02fe 	bic.w	r2, r2, #8323072	@ 0x7f0000
341877f6:	ea42 4200 	orr.w	r2, r2, r0, lsl #16
341877fa:	648a      	str	r2, [r1, #72]	@ 0x48
341877fc:	06d9      	lsls	r1, r3, #27
341877fe:	d4a9      	bmi.n	34187754 <HAL_RCC_OscConfig+0xc4>
34187800:	071d      	lsls	r5, r3, #28
34187802:	d515      	bpl.n	34187830 <HAL_RCC_OscConfig+0x1a0>
34187804:	69a3      	ldr	r3, [r4, #24]
34187806:	2b00      	cmp	r3, #0
34187808:	f000 81cd 	beq.w	34187ba6 <HAL_RCC_OscConfig+0x516>
3418780c:	2301      	movs	r3, #1
3418780e:	4a38      	ldr	r2, [pc, #224]	@ (341878f0 <HAL_RCC_OscConfig+0x260>)
34187810:	f8c2 3800 	str.w	r3, [r2, #2048]	@ 0x800
34187814:	f7ff fd70 	bl	341872f8 <HAL_GetTick>
34187818:	4605      	mov	r5, r0
3418781a:	e004      	b.n	34187826 <HAL_RCC_OscConfig+0x196>
3418781c:	f7ff fd6c 	bl	341872f8 <HAL_GetTick>
34187820:	1b40      	subs	r0, r0, r5
34187822:	2801      	cmp	r0, #1
34187824:	d8cb      	bhi.n	341877be <HAL_RCC_OscConfig+0x12e>
34187826:	4b32      	ldr	r3, [pc, #200]	@ (341878f0 <HAL_RCC_OscConfig+0x260>)
34187828:	685b      	ldr	r3, [r3, #4]
3418782a:	07d8      	lsls	r0, r3, #31
3418782c:	d5f6      	bpl.n	3418781c <HAL_RCC_OscConfig+0x18c>
3418782e:	6823      	ldr	r3, [r4, #0]
34187830:	075a      	lsls	r2, r3, #29
34187832:	d535      	bpl.n	341878a0 <HAL_RCC_OscConfig+0x210>
34187834:	68a3      	ldr	r3, [r4, #8]
34187836:	2b02      	cmp	r3, #2
34187838:	f000 8242 	beq.w	34187cc0 <HAL_RCC_OscConfig+0x630>
3418783c:	2b00      	cmp	r3, #0
3418783e:	f000 8162 	beq.w	34187b06 <HAL_RCC_OscConfig+0x476>
34187842:	f248 0202 	movw	r2, #32770	@ 0x8002
34187846:	4293      	cmp	r3, r2
34187848:	f000 82e6 	beq.w	34187e18 <HAL_RCC_OscConfig+0x788>
3418784c:	4a2a      	ldr	r2, [pc, #168]	@ (341878f8 <HAL_RCC_OscConfig+0x268>)
3418784e:	2102      	movs	r1, #2
34187850:	4293      	cmp	r3, r2
34187852:	f000 82ee 	beq.w	34187e32 <HAL_RCC_OscConfig+0x7a2>
34187856:	4a27      	ldr	r2, [pc, #156]	@ (341878f4 <HAL_RCC_OscConfig+0x264>)
34187858:	4b25      	ldr	r3, [pc, #148]	@ (341878f0 <HAL_RCC_OscConfig+0x260>)
3418785a:	6011      	str	r1, [r2, #0]
3418785c:	6c1a      	ldr	r2, [r3, #64]	@ 0x40
3418785e:	f422 4200 	bic.w	r2, r2, #32768	@ 0x8000
34187862:	641a      	str	r2, [r3, #64]	@ 0x40
34187864:	6c1a      	ldr	r2, [r3, #64]	@ 0x40
34187866:	f422 3280 	bic.w	r2, r2, #65536	@ 0x10000
3418786a:	641a      	str	r2, [r3, #64]	@ 0x40
3418786c:	f7ff fd44 	bl	341872f8 <HAL_GetTick>
34187870:	4605      	mov	r5, r0
34187872:	4a1f      	ldr	r2, [pc, #124]	@ (341878f0 <HAL_RCC_OscConfig+0x260>)
34187874:	6853      	ldr	r3, [r2, #4]
34187876:	079b      	lsls	r3, r3, #30
34187878:	d412      	bmi.n	341878a0 <HAL_RCC_OscConfig+0x210>
3418787a:	f7ff fd3d 	bl	341872f8 <HAL_GetTick>
3418787e:	f241 3388 	movw	r3, #5000	@ 0x1388
34187882:	1b40      	subs	r0, r0, r5
34187884:	4298      	cmp	r0, r3
34187886:	4a1a      	ldr	r2, [pc, #104]	@ (341878f0 <HAL_RCC_OscConfig+0x260>)
34187888:	d9f4      	bls.n	34187874 <HAL_RCC_OscConfig+0x1e4>
3418788a:	e798      	b.n	341877be <HAL_RCC_OscConfig+0x12e>
3418788c:	f418 7f80 	tst.w	r8, #256	@ 0x100
34187890:	f43f af31 	beq.w	341876f6 <HAL_RCC_OscConfig+0x66>
34187894:	6863      	ldr	r3, [r4, #4]
34187896:	b9a3      	cbnz	r3, 341878c2 <HAL_RCC_OscConfig+0x232>
34187898:	2001      	movs	r0, #1
3418789a:	b003      	add	sp, #12
3418789c:	e8bd 8ff0 	ldmia.w	sp!, {r4, r5, r6, r7, r8, r9, sl, fp, pc}
341878a0:	6aa2      	ldr	r2, [r4, #40]	@ 0x28
341878a2:	bb5a      	cbnz	r2, 341878fc <HAL_RCC_OscConfig+0x26c>
341878a4:	6c62      	ldr	r2, [r4, #68]	@ 0x44
341878a6:	2a00      	cmp	r2, #0
341878a8:	d15c      	bne.n	34187964 <HAL_RCC_OscConfig+0x2d4>
341878aa:	6e22      	ldr	r2, [r4, #96]	@ 0x60
341878ac:	2a00      	cmp	r2, #0
341878ae:	f040 8097 	bne.w	341879e0 <HAL_RCC_OscConfig+0x350>
341878b2:	6fe2      	ldr	r2, [r4, #124]	@ 0x7c
341878b4:	2a00      	cmp	r2, #0
341878b6:	f040 80e5 	bne.w	34187a84 <HAL_RCC_OscConfig+0x3f4>
341878ba:	2000      	movs	r0, #0
341878bc:	b003      	add	sp, #12
341878be:	e8bd 8ff0 	ldmia.w	sp!, {r4, r5, r6, r7, r8, r9, sl, fp, pc}
341878c2:	f7ff fd19 	bl	341872f8 <HAL_GetTick>
341878c6:	4605      	mov	r5, r0
341878c8:	e005      	b.n	341878d6 <HAL_RCC_OscConfig+0x246>
341878ca:	f7ff fd15 	bl	341872f8 <HAL_GetTick>
341878ce:	1b40      	subs	r0, r0, r5
341878d0:	2864      	cmp	r0, #100	@ 0x64
341878d2:	f63f af74 	bhi.w	341877be <HAL_RCC_OscConfig+0x12e>
341878d6:	4b06      	ldr	r3, [pc, #24]	@ (341878f0 <HAL_RCC_OscConfig+0x260>)
341878d8:	685b      	ldr	r3, [r3, #4]
341878da:	06da      	lsls	r2, r3, #27
341878dc:	d5f5      	bpl.n	341878ca <HAL_RCC_OscConfig+0x23a>
341878de:	f7ff fd0b 	bl	341872f8 <HAL_GetTick>
341878e2:	4605      	mov	r5, r0
341878e4:	f7ff fd08 	bl	341872f8 <HAL_GetTick>
341878e8:	1b40      	subs	r0, r0, r5
341878ea:	2801      	cmp	r0, #1
341878ec:	d9fa      	bls.n	341878e4 <HAL_RCC_OscConfig+0x254>
341878ee:	e72c      	b.n	3418774a <HAL_RCC_OscConfig+0xba>
341878f0:	56028000 	.word	0x56028000
341878f4:	56029000 	.word	0x56029000
341878f8:	00018002 	.word	0x00018002
341878fc:	4bb5      	ldr	r3, [pc, #724]	@ (34187bd4 <HAL_RCC_OscConfig+0x544>)
341878fe:	6b20      	ldr	r0, [r4, #48]	@ 0x30
34187900:	f8d3 1080 	ldr.w	r1, [r3, #128]	@ 0x80
34187904:	6ba3      	ldr	r3, [r4, #56]	@ 0x38
34187906:	f021 410c 	bic.w	r1, r1, #2348810240	@ 0x8c000000
3418790a:	021b      	lsls	r3, r3, #8
3418790c:	ea43 5300 	orr.w	r3, r3, r0, lsl #20
34187910:	6ae0      	ldr	r0, [r4, #44]	@ 0x2c
34187912:	f021 01ff 	bic.w	r1, r1, #255	@ 0xff
34187916:	4303      	orrs	r3, r0
34187918:	4299      	cmp	r1, r3
3418791a:	f000 81df 	beq.w	34187cdc <HAL_RCC_OscConfig+0x64c>
3418791e:	4bad      	ldr	r3, [pc, #692]	@ (34187bd4 <HAL_RCC_OscConfig+0x544>)
34187920:	685b      	ldr	r3, [r3, #4]
34187922:	4bac      	ldr	r3, [pc, #688]	@ (34187bd4 <HAL_RCC_OscConfig+0x544>)
34187924:	f5b6 1f40 	cmp.w	r6, #3145728	@ 0x300000
34187928:	f8d3 10c4 	ldr.w	r1, [r3, #196]	@ 0xc4
3418792c:	f8d3 20c8 	ldr.w	r2, [r3, #200]	@ 0xc8
34187930:	f8d3 00d8 	ldr.w	r0, [r3, #216]	@ 0xd8
34187934:	f8d3 30ec 	ldr.w	r3, [r3, #236]	@ 0xec
34187938:	f000 81a8 	beq.w	34187c8c <HAL_RCC_OscConfig+0x5fc>
3418793c:	f1b7 5f40 	cmp.w	r7, #805306368	@ 0x30000000
34187940:	d108      	bne.n	34187954 <HAL_RCC_OscConfig+0x2c4>
34187942:	f012 5f40 	tst.w	r2, #805306368	@ 0x30000000
34187946:	d0a7      	beq.n	34187898 <HAL_RCC_OscConfig+0x208>
34187948:	f010 5f40 	tst.w	r0, #805306368	@ 0x30000000
3418794c:	d0a4      	beq.n	34187898 <HAL_RCC_OscConfig+0x208>
3418794e:	f013 5f40 	tst.w	r3, #805306368	@ 0x30000000
34187952:	d0a1      	beq.n	34187898 <HAL_RCC_OscConfig+0x208>
34187954:	2000      	movs	r0, #0
34187956:	f104 0128 	add.w	r1, r4, #40	@ 0x28
3418795a:	f7ff fdc9 	bl	341874f0 <RCC_PLL_Config>
3418795e:	2800      	cmp	r0, #0
34187960:	d0a0      	beq.n	341878a4 <HAL_RCC_OscConfig+0x214>
34187962:	e799      	b.n	34187898 <HAL_RCC_OscConfig+0x208>
34187964:	4b9b      	ldr	r3, [pc, #620]	@ (34187bd4 <HAL_RCC_OscConfig+0x544>)
34187966:	6ce0      	ldr	r0, [r4, #76]	@ 0x4c
34187968:	f8d3 1090 	ldr.w	r1, [r3, #144]	@ 0x90
3418796c:	6d63      	ldr	r3, [r4, #84]	@ 0x54
3418796e:	f021 410c 	bic.w	r1, r1, #2348810240	@ 0x8c000000
34187972:	021b      	lsls	r3, r3, #8
34187974:	ea43 5300 	orr.w	r3, r3, r0, lsl #20
34187978:	6ca0      	ldr	r0, [r4, #72]	@ 0x48
3418797a:	f021 01ff 	bic.w	r1, r1, #255	@ 0xff
3418797e:	4303      	orrs	r3, r0
34187980:	4299      	cmp	r1, r3
34187982:	f000 81d4 	beq.w	34187d2e <HAL_RCC_OscConfig+0x69e>
34187986:	4b93      	ldr	r3, [pc, #588]	@ (34187bd4 <HAL_RCC_OscConfig+0x544>)
34187988:	685b      	ldr	r3, [r3, #4]
3418798a:	4b92      	ldr	r3, [pc, #584]	@ (34187bd4 <HAL_RCC_OscConfig+0x544>)
3418798c:	f5b6 1f40 	cmp.w	r6, #3145728	@ 0x300000
34187990:	f8d3 00c4 	ldr.w	r0, [r3, #196]	@ 0xc4
34187994:	f8d3 20c8 	ldr.w	r2, [r3, #200]	@ 0xc8
34187998:	f8d3 10d8 	ldr.w	r1, [r3, #216]	@ 0xd8
3418799c:	f8d3 30ec 	ldr.w	r3, [r3, #236]	@ 0xec
341879a0:	f000 8179 	beq.w	34187c96 <HAL_RCC_OscConfig+0x606>
341879a4:	f1b7 5f40 	cmp.w	r7, #805306368	@ 0x30000000
341879a8:	d111      	bne.n	341879ce <HAL_RCC_OscConfig+0x33e>
341879aa:	f002 5240 	and.w	r2, r2, #805306368	@ 0x30000000
341879ae:	f1b2 5f80 	cmp.w	r2, #268435456	@ 0x10000000
341879b2:	f43f af71 	beq.w	34187898 <HAL_RCC_OscConfig+0x208>
341879b6:	f001 5140 	and.w	r1, r1, #805306368	@ 0x30000000
341879ba:	f1b1 5f80 	cmp.w	r1, #268435456	@ 0x10000000
341879be:	f43f af6b 	beq.w	34187898 <HAL_RCC_OscConfig+0x208>
341879c2:	f003 5340 	and.w	r3, r3, #805306368	@ 0x30000000
341879c6:	f1b3 5f80 	cmp.w	r3, #268435456	@ 0x10000000
341879ca:	f43f af65 	beq.w	34187898 <HAL_RCC_OscConfig+0x208>
341879ce:	2001      	movs	r0, #1
341879d0:	f104 0144 	add.w	r1, r4, #68	@ 0x44
341879d4:	f7ff fd8c 	bl	341874f0 <RCC_PLL_Config>
341879d8:	2800      	cmp	r0, #0
341879da:	f43f af66 	beq.w	341878aa <HAL_RCC_OscConfig+0x21a>
341879de:	e75b      	b.n	34187898 <HAL_RCC_OscConfig+0x208>
341879e0:	4b7c      	ldr	r3, [pc, #496]	@ (34187bd4 <HAL_RCC_OscConfig+0x544>)
341879e2:	6ea0      	ldr	r0, [r4, #104]	@ 0x68
341879e4:	f8d3 10a0 	ldr.w	r1, [r3, #160]	@ 0xa0
341879e8:	6f23      	ldr	r3, [r4, #112]	@ 0x70
341879ea:	f021 410c 	bic.w	r1, r1, #2348810240	@ 0x8c000000
341879ee:	021b      	lsls	r3, r3, #8
341879f0:	ea43 5300 	orr.w	r3, r3, r0, lsl #20
341879f4:	6e60      	ldr	r0, [r4, #100]	@ 0x64
341879f6:	f021 01ff 	bic.w	r1, r1, #255	@ 0xff
341879fa:	4303      	orrs	r3, r0
341879fc:	4299      	cmp	r1, r3
341879fe:	f000 81c7 	beq.w	34187d90 <HAL_RCC_OscConfig+0x700>
34187a02:	4b74      	ldr	r3, [pc, #464]	@ (34187bd4 <HAL_RCC_OscConfig+0x544>)
34187a04:	685b      	ldr	r3, [r3, #4]
34187a06:	4b73      	ldr	r3, [pc, #460]	@ (34187bd4 <HAL_RCC_OscConfig+0x544>)
34187a08:	f5b6 1f40 	cmp.w	r6, #3145728	@ 0x300000
34187a0c:	f8d3 00c4 	ldr.w	r0, [r3, #196]	@ 0xc4
34187a10:	f8d3 20c8 	ldr.w	r2, [r3, #200]	@ 0xc8
34187a14:	f8d3 10d8 	ldr.w	r1, [r3, #216]	@ 0xd8
34187a18:	f8d3 30ec 	ldr.w	r3, [r3, #236]	@ 0xec
34187a1c:	f000 8142 	beq.w	34187ca4 <HAL_RCC_OscConfig+0x614>
34187a20:	f1b7 5f40 	cmp.w	r7, #805306368	@ 0x30000000
34187a24:	d111      	bne.n	34187a4a <HAL_RCC_OscConfig+0x3ba>
34187a26:	f002 5240 	and.w	r2, r2, #805306368	@ 0x30000000
34187a2a:	f1b2 5f00 	cmp.w	r2, #536870912	@ 0x20000000
34187a2e:	f43f af33 	beq.w	34187898 <HAL_RCC_OscConfig+0x208>
34187a32:	f001 5140 	and.w	r1, r1, #805306368	@ 0x30000000
34187a36:	f1b1 5f00 	cmp.w	r1, #536870912	@ 0x20000000
34187a3a:	f43f af2d 	beq.w	34187898 <HAL_RCC_OscConfig+0x208>
34187a3e:	f003 5340 	and.w	r3, r3, #805306368	@ 0x30000000
34187a42:	f1b3 5f00 	cmp.w	r3, #536870912	@ 0x20000000
34187a46:	f43f af27 	beq.w	34187898 <HAL_RCC_OscConfig+0x208>
34187a4a:	2002      	movs	r0, #2
34187a4c:	f104 0160 	add.w	r1, r4, #96	@ 0x60
34187a50:	f7ff fd4e 	bl	341874f0 <RCC_PLL_Config>
34187a54:	2800      	cmp	r0, #0
34187a56:	f43f af2c 	beq.w	341878b2 <HAL_RCC_OscConfig+0x222>
34187a5a:	e71d      	b.n	34187898 <HAL_RCC_OscConfig+0x208>
34187a5c:	f418 7f80 	tst.w	r8, #256	@ 0x100
34187a60:	f43f ae85 	beq.w	3418776e <HAL_RCC_OscConfig+0xde>
34187a64:	69e2      	ldr	r2, [r4, #28]
34187a66:	2a00      	cmp	r2, #0
34187a68:	f43f af16 	beq.w	34187898 <HAL_RCC_OscConfig+0x208>
34187a6c:	4959      	ldr	r1, [pc, #356]	@ (34187bd4 <HAL_RCC_OscConfig+0x544>)
34187a6e:	6a60      	ldr	r0, [r4, #36]	@ 0x24
34187a70:	6c4a      	ldr	r2, [r1, #68]	@ 0x44
34187a72:	071d      	lsls	r5, r3, #28
34187a74:	f422 12f8 	bic.w	r2, r2, #2031616	@ 0x1f0000
34187a78:	ea42 4200 	orr.w	r2, r2, r0, lsl #16
34187a7c:	644a      	str	r2, [r1, #68]	@ 0x44
34187a7e:	f57f aed7 	bpl.w	34187830 <HAL_RCC_OscConfig+0x1a0>
34187a82:	e6bf      	b.n	34187804 <HAL_RCC_OscConfig+0x174>
34187a84:	4b53      	ldr	r3, [pc, #332]	@ (34187bd4 <HAL_RCC_OscConfig+0x544>)
34187a86:	f8d4 0084 	ldr.w	r0, [r4, #132]	@ 0x84
34187a8a:	f8d3 10b0 	ldr.w	r1, [r3, #176]	@ 0xb0
34187a8e:	f8d4 308c 	ldr.w	r3, [r4, #140]	@ 0x8c
34187a92:	f021 410c 	bic.w	r1, r1, #2348810240	@ 0x8c000000
34187a96:	021b      	lsls	r3, r3, #8
34187a98:	ea43 5300 	orr.w	r3, r3, r0, lsl #20
34187a9c:	f8d4 0080 	ldr.w	r0, [r4, #128]	@ 0x80
34187aa0:	f021 01ff 	bic.w	r1, r1, #255	@ 0xff
34187aa4:	4303      	orrs	r3, r0
34187aa6:	4299      	cmp	r1, r3
34187aa8:	f000 80b5 	beq.w	34187c16 <HAL_RCC_OscConfig+0x586>
34187aac:	4b49      	ldr	r3, [pc, #292]	@ (34187bd4 <HAL_RCC_OscConfig+0x544>)
34187aae:	685b      	ldr	r3, [r3, #4]
34187ab0:	4b48      	ldr	r3, [pc, #288]	@ (34187bd4 <HAL_RCC_OscConfig+0x544>)
34187ab2:	f5b6 1f40 	cmp.w	r6, #3145728	@ 0x300000
34187ab6:	f8d3 00c4 	ldr.w	r0, [r3, #196]	@ 0xc4
34187aba:	f8d3 20c8 	ldr.w	r2, [r3, #200]	@ 0xc8
34187abe:	f8d3 10d8 	ldr.w	r1, [r3, #216]	@ 0xd8
34187ac2:	f8d3 30ec 	ldr.w	r3, [r3, #236]	@ 0xec
34187ac6:	f000 80f4 	beq.w	34187cb2 <HAL_RCC_OscConfig+0x622>
34187aca:	f1b7 5f40 	cmp.w	r7, #805306368	@ 0x30000000
34187ace:	d111      	bne.n	34187af4 <HAL_RCC_OscConfig+0x464>
34187ad0:	f002 5240 	and.w	r2, r2, #805306368	@ 0x30000000
34187ad4:	f1b2 5f40 	cmp.w	r2, #805306368	@ 0x30000000
34187ad8:	f43f aede 	beq.w	34187898 <HAL_RCC_OscConfig+0x208>
34187adc:	f001 5140 	and.w	r1, r1, #805306368	@ 0x30000000
34187ae0:	f1b1 5f40 	cmp.w	r1, #805306368	@ 0x30000000
34187ae4:	f43f aed8 	beq.w	34187898 <HAL_RCC_OscConfig+0x208>
34187ae8:	f003 5340 	and.w	r3, r3, #805306368	@ 0x30000000
34187aec:	f1b3 5f40 	cmp.w	r3, #805306368	@ 0x30000000
34187af0:	f43f aed2 	beq.w	34187898 <HAL_RCC_OscConfig+0x208>
34187af4:	2003      	movs	r0, #3
34187af6:	f104 017c 	add.w	r1, r4, #124	@ 0x7c
34187afa:	f7ff fcf9 	bl	341874f0 <RCC_PLL_Config>
34187afe:	3800      	subs	r0, #0
34187b00:	bf18      	it	ne
34187b02:	2001      	movne	r0, #1
34187b04:	e6c9      	b.n	3418789a <HAL_RCC_OscConfig+0x20a>
34187b06:	2102      	movs	r1, #2
34187b08:	4a33      	ldr	r2, [pc, #204]	@ (34187bd8 <HAL_RCC_OscConfig+0x548>)
34187b0a:	4b32      	ldr	r3, [pc, #200]	@ (34187bd4 <HAL_RCC_OscConfig+0x544>)
34187b0c:	6011      	str	r1, [r2, #0]
34187b0e:	6c1a      	ldr	r2, [r3, #64]	@ 0x40
34187b10:	f422 3280 	bic.w	r2, r2, #65536	@ 0x10000
34187b14:	641a      	str	r2, [r3, #64]	@ 0x40
34187b16:	6c1a      	ldr	r2, [r3, #64]	@ 0x40
34187b18:	f422 4200 	bic.w	r2, r2, #32768	@ 0x8000
34187b1c:	641a      	str	r2, [r3, #64]	@ 0x40
34187b1e:	f7ff fbeb 	bl	341872f8 <HAL_GetTick>
34187b22:	4605      	mov	r5, r0
34187b24:	4b2b      	ldr	r3, [pc, #172]	@ (34187bd4 <HAL_RCC_OscConfig+0x544>)
34187b26:	685a      	ldr	r2, [r3, #4]
34187b28:	0790      	lsls	r0, r2, #30
34187b2a:	f57f aeb9 	bpl.w	341878a0 <HAL_RCC_OscConfig+0x210>
34187b2e:	f7ff fbe3 	bl	341872f8 <HAL_GetTick>
34187b32:	f241 3288 	movw	r2, #5000	@ 0x1388
34187b36:	1b40      	subs	r0, r0, r5
34187b38:	4290      	cmp	r0, r2
34187b3a:	4b26      	ldr	r3, [pc, #152]	@ (34187bd4 <HAL_RCC_OscConfig+0x544>)
34187b3c:	d9f3      	bls.n	34187b26 <HAL_RCC_OscConfig+0x496>
34187b3e:	e63e      	b.n	341877be <HAL_RCC_OscConfig+0x12e>
34187b40:	f1b9 0f00 	cmp.w	r9, #0
34187b44:	f000 8093 	beq.w	34187c6e <HAL_RCC_OscConfig+0x5de>
34187b48:	f1ba 0f00 	cmp.w	sl, #0
34187b4c:	d103      	bne.n	34187b56 <HAL_RCC_OscConfig+0x4c6>
34187b4e:	f418 6f80 	tst.w	r8, #1024	@ 0x400
34187b52:	f47f ae42 	bne.w	341877da <HAL_RCC_OscConfig+0x14a>
34187b56:	f1bb 0f00 	cmp.w	fp, #0
34187b5a:	d103      	bne.n	34187b64 <HAL_RCC_OscConfig+0x4d4>
34187b5c:	f418 6f00 	tst.w	r8, #2048	@ 0x800
34187b60:	f47f ae3b 	bne.w	341877da <HAL_RCC_OscConfig+0x14a>
34187b64:	68e3      	ldr	r3, [r4, #12]
34187b66:	2208      	movs	r2, #8
34187b68:	2b00      	cmp	r3, #0
34187b6a:	f000 816e 	beq.w	34187e4a <HAL_RCC_OscConfig+0x7ba>
34187b6e:	4b19      	ldr	r3, [pc, #100]	@ (34187bd4 <HAL_RCC_OscConfig+0x544>)
34187b70:	f8c3 2800 	str.w	r2, [r3, #2048]	@ 0x800
34187b74:	f7ff fbc0 	bl	341872f8 <HAL_GetTick>
34187b78:	4605      	mov	r5, r0
34187b7a:	4b16      	ldr	r3, [pc, #88]	@ (34187bd4 <HAL_RCC_OscConfig+0x544>)
34187b7c:	685a      	ldr	r2, [r3, #4]
34187b7e:	0712      	lsls	r2, r2, #28
34187b80:	f140 816e 	bpl.w	34187e60 <HAL_RCC_OscConfig+0x7d0>
34187b84:	6c9a      	ldr	r2, [r3, #72]	@ 0x48
34187b86:	6921      	ldr	r1, [r4, #16]
34187b88:	f422 72c0 	bic.w	r2, r2, #384	@ 0x180
34187b8c:	430a      	orrs	r2, r1
34187b8e:	649a      	str	r2, [r3, #72]	@ 0x48
34187b90:	6c9a      	ldr	r2, [r3, #72]	@ 0x48
34187b92:	6961      	ldr	r1, [r4, #20]
34187b94:	f422 02fe 	bic.w	r2, r2, #8323072	@ 0x7f0000
34187b98:	ea42 4201 	orr.w	r2, r2, r1, lsl #16
34187b9c:	649a      	str	r2, [r3, #72]	@ 0x48
34187b9e:	6823      	ldr	r3, [r4, #0]
34187ba0:	e5d6      	b.n	34187750 <HAL_RCC_OscConfig+0xc0>
34187ba2:	2001      	movs	r0, #1
34187ba4:	4770      	bx	lr
34187ba6:	2201      	movs	r2, #1
34187ba8:	4b0b      	ldr	r3, [pc, #44]	@ (34187bd8 <HAL_RCC_OscConfig+0x548>)
34187baa:	601a      	str	r2, [r3, #0]
34187bac:	f7ff fba4 	bl	341872f8 <HAL_GetTick>
34187bb0:	4605      	mov	r5, r0
34187bb2:	e005      	b.n	34187bc0 <HAL_RCC_OscConfig+0x530>
34187bb4:	f7ff fba0 	bl	341872f8 <HAL_GetTick>
34187bb8:	1b40      	subs	r0, r0, r5
34187bba:	2801      	cmp	r0, #1
34187bbc:	f63f adff 	bhi.w	341877be <HAL_RCC_OscConfig+0x12e>
34187bc0:	4b04      	ldr	r3, [pc, #16]	@ (34187bd4 <HAL_RCC_OscConfig+0x544>)
34187bc2:	685b      	ldr	r3, [r3, #4]
34187bc4:	07d9      	lsls	r1, r3, #31
34187bc6:	d4f5      	bmi.n	34187bb4 <HAL_RCC_OscConfig+0x524>
34187bc8:	e631      	b.n	3418782e <HAL_RCC_OscConfig+0x19e>
34187bca:	f418 7f00 	tst.w	r8, #512	@ 0x200
34187bce:	f47f ae61 	bne.w	34187894 <HAL_RCC_OscConfig+0x204>
34187bd2:	e594      	b.n	341876fe <HAL_RCC_OscConfig+0x6e>
34187bd4:	56028000 	.word	0x56028000
34187bd8:	56029000 	.word	0x56029000
34187bdc:	f7ff fb8c 	bl	341872f8 <HAL_GetTick>
34187be0:	1b40      	subs	r0, r0, r5
34187be2:	2864      	cmp	r0, #100	@ 0x64
34187be4:	f63f adeb 	bhi.w	341877be <HAL_RCC_OscConfig+0x12e>
34187be8:	4bab      	ldr	r3, [pc, #684]	@ (34187e98 <HAL_RCC_OscConfig+0x808>)
34187bea:	685b      	ldr	r3, [r3, #4]
34187bec:	06d8      	lsls	r0, r3, #27
34187bee:	d4f5      	bmi.n	34187bdc <HAL_RCC_OscConfig+0x54c>
34187bf0:	e5ab      	b.n	3418774a <HAL_RCC_OscConfig+0xba>
34187bf2:	f248 0210 	movw	r2, #32784	@ 0x8010
34187bf6:	4293      	cmp	r3, r2
34187bf8:	f000 8141 	beq.w	34187e7e <HAL_RCC_OscConfig+0x7ee>
34187bfc:	4aa7      	ldr	r2, [pc, #668]	@ (34187e9c <HAL_RCC_OscConfig+0x80c>)
34187bfe:	4293      	cmp	r3, r2
34187c00:	f47f ad8c 	bne.w	3418771c <HAL_RCC_OscConfig+0x8c>
34187c04:	2110      	movs	r1, #16
34187c06:	4ba4      	ldr	r3, [pc, #656]	@ (34187e98 <HAL_RCC_OscConfig+0x808>)
34187c08:	6d5a      	ldr	r2, [r3, #84]	@ 0x54
34187c0a:	f442 32c0 	orr.w	r2, r2, #98304	@ 0x18000
34187c0e:	655a      	str	r2, [r3, #84]	@ 0x54
34187c10:	f8c3 1800 	str.w	r1, [r3, #2048]	@ 0x800
34187c14:	e58a      	b.n	3418772c <HAL_RCC_OscConfig+0x9c>
34187c16:	4ba0      	ldr	r3, [pc, #640]	@ (34187e98 <HAL_RCC_OscConfig+0x808>)
34187c18:	f8d4 1088 	ldr.w	r1, [r4, #136]	@ 0x88
34187c1c:	f8d3 30b4 	ldr.w	r3, [r3, #180]	@ 0xb4
34187c20:	f023 437f 	bic.w	r3, r3, #4278190080	@ 0xff000000
34187c24:	428b      	cmp	r3, r1
34187c26:	f47f af41 	bne.w	34187aac <HAL_RCC_OscConfig+0x41c>
34187c2a:	4b9b      	ldr	r3, [pc, #620]	@ (34187e98 <HAL_RCC_OscConfig+0x808>)
34187c2c:	f8d4 0090 	ldr.w	r0, [r4, #144]	@ 0x90
34187c30:	f8d3 10b8 	ldr.w	r1, [r3, #184]	@ 0xb8
34187c34:	f8d4 3094 	ldr.w	r3, [r4, #148]	@ 0x94
34187c38:	f001 517c 	and.w	r1, r1, #1056964608	@ 0x3f000000
34187c3c:	061b      	lsls	r3, r3, #24
34187c3e:	ea43 63c0 	orr.w	r3, r3, r0, lsl #27
34187c42:	4299      	cmp	r1, r3
34187c44:	f47f af32 	bne.w	34187aac <HAL_RCC_OscConfig+0x41c>
34187c48:	4993      	ldr	r1, [pc, #588]	@ (34187e98 <HAL_RCC_OscConfig+0x808>)
34187c4a:	684b      	ldr	r3, [r1, #4]
34187c4c:	051d      	lsls	r5, r3, #20
34187c4e:	f100 8182 	bmi.w	34187f56 <HAL_RCC_OscConfig+0x8c6>
34187c52:	f8d1 30b0 	ldr.w	r3, [r1, #176]	@ 0xb0
34187c56:	0118      	lsls	r0, r3, #4
34187c58:	f100 816c 	bmi.w	34187f34 <HAL_RCC_OscConfig+0x8a4>
34187c5c:	684b      	ldr	r3, [r1, #4]
34187c5e:	f413 6300 	ands.w	r3, r3, #2048	@ 0x800
34187c62:	f040 81c9 	bne.w	34187ff8 <HAL_RCC_OscConfig+0x968>
34187c66:	2a01      	cmp	r2, #1
34187c68:	f43f ae27 	beq.w	341878ba <HAL_RCC_OscConfig+0x22a>
34187c6c:	e720      	b.n	34187ab0 <HAL_RCC_OscConfig+0x420>
34187c6e:	f418 7f00 	tst.w	r8, #512	@ 0x200
34187c72:	f47f adb2 	bne.w	341877da <HAL_RCC_OscConfig+0x14a>
34187c76:	e767      	b.n	34187b48 <HAL_RCC_OscConfig+0x4b8>
34187c78:	f418 6f80 	tst.w	r8, #1024	@ 0x400
34187c7c:	f47f aef2 	bne.w	34187a64 <HAL_RCC_OscConfig+0x3d4>
34187c80:	e57d      	b.n	3418777e <HAL_RCC_OscConfig+0xee>
34187c82:	f418 6f00 	tst.w	r8, #2048	@ 0x800
34187c86:	f43f ad7e 	beq.w	34187786 <HAL_RCC_OscConfig+0xf6>
34187c8a:	e6eb      	b.n	34187a64 <HAL_RCC_OscConfig+0x3d4>
34187c8c:	f011 5f40 	tst.w	r1, #805306368	@ 0x30000000
34187c90:	f47f ae54 	bne.w	3418793c <HAL_RCC_OscConfig+0x2ac>
34187c94:	e600      	b.n	34187898 <HAL_RCC_OscConfig+0x208>
34187c96:	f000 5040 	and.w	r0, r0, #805306368	@ 0x30000000
34187c9a:	f1b0 5f80 	cmp.w	r0, #268435456	@ 0x10000000
34187c9e:	f47f ae81 	bne.w	341879a4 <HAL_RCC_OscConfig+0x314>
34187ca2:	e5f9      	b.n	34187898 <HAL_RCC_OscConfig+0x208>
34187ca4:	f000 5040 	and.w	r0, r0, #805306368	@ 0x30000000
34187ca8:	f1b0 5f00 	cmp.w	r0, #536870912	@ 0x20000000
34187cac:	f47f aeb8 	bne.w	34187a20 <HAL_RCC_OscConfig+0x390>
34187cb0:	e5f2      	b.n	34187898 <HAL_RCC_OscConfig+0x208>
34187cb2:	f000 5040 	and.w	r0, r0, #805306368	@ 0x30000000
34187cb6:	f1b0 5f40 	cmp.w	r0, #805306368	@ 0x30000000
34187cba:	f47f af06 	bne.w	34187aca <HAL_RCC_OscConfig+0x43a>
34187cbe:	e5eb      	b.n	34187898 <HAL_RCC_OscConfig+0x208>
34187cc0:	4a75      	ldr	r2, [pc, #468]	@ (34187e98 <HAL_RCC_OscConfig+0x808>)
34187cc2:	f8c2 3800 	str.w	r3, [r2, #2048]	@ 0x800
34187cc6:	e5d1      	b.n	3418786c <HAL_RCC_OscConfig+0x1dc>
34187cc8:	f418 6f80 	tst.w	r8, #1024	@ 0x400
34187ccc:	f47f ade2 	bne.w	34187894 <HAL_RCC_OscConfig+0x204>
34187cd0:	e519      	b.n	34187706 <HAL_RCC_OscConfig+0x76>
34187cd2:	f418 6f00 	tst.w	r8, #2048	@ 0x800
34187cd6:	f43f ad1a 	beq.w	3418770e <HAL_RCC_OscConfig+0x7e>
34187cda:	e5db      	b.n	34187894 <HAL_RCC_OscConfig+0x204>
34187cdc:	4b6e      	ldr	r3, [pc, #440]	@ (34187e98 <HAL_RCC_OscConfig+0x808>)
34187cde:	6b61      	ldr	r1, [r4, #52]	@ 0x34
34187ce0:	f8d3 3084 	ldr.w	r3, [r3, #132]	@ 0x84
34187ce4:	f023 437f 	bic.w	r3, r3, #4278190080	@ 0xff000000
34187ce8:	428b      	cmp	r3, r1
34187cea:	f47f ae18 	bne.w	3418791e <HAL_RCC_OscConfig+0x28e>
34187cee:	4b6a      	ldr	r3, [pc, #424]	@ (34187e98 <HAL_RCC_OscConfig+0x808>)
34187cf0:	6be0      	ldr	r0, [r4, #60]	@ 0x3c
34187cf2:	f8d3 1088 	ldr.w	r1, [r3, #136]	@ 0x88
34187cf6:	6c23      	ldr	r3, [r4, #64]	@ 0x40
34187cf8:	f001 517c 	and.w	r1, r1, #1056964608	@ 0x3f000000
34187cfc:	061b      	lsls	r3, r3, #24
34187cfe:	ea43 63c0 	orr.w	r3, r3, r0, lsl #27
34187d02:	4299      	cmp	r1, r3
34187d04:	f47f ae0b 	bne.w	3418791e <HAL_RCC_OscConfig+0x28e>
34187d08:	4b63      	ldr	r3, [pc, #396]	@ (34187e98 <HAL_RCC_OscConfig+0x808>)
34187d0a:	685b      	ldr	r3, [r3, #4]
34187d0c:	05d9      	lsls	r1, r3, #23
34187d0e:	f100 80d2 	bmi.w	34187eb6 <HAL_RCC_OscConfig+0x826>
34187d12:	4961      	ldr	r1, [pc, #388]	@ (34187e98 <HAL_RCC_OscConfig+0x808>)
34187d14:	f8d1 3080 	ldr.w	r3, [r1, #128]	@ 0x80
34187d18:	011d      	lsls	r5, r3, #4
34187d1a:	f100 80c3 	bmi.w	34187ea4 <HAL_RCC_OscConfig+0x814>
34187d1e:	684b      	ldr	r3, [r1, #4]
34187d20:	05d8      	lsls	r0, r3, #23
34187d22:	f100 815a 	bmi.w	34187fda <HAL_RCC_OscConfig+0x94a>
34187d26:	2a01      	cmp	r2, #1
34187d28:	f43f adbc 	beq.w	341878a4 <HAL_RCC_OscConfig+0x214>
34187d2c:	e5f9      	b.n	34187922 <HAL_RCC_OscConfig+0x292>
34187d2e:	4b5a      	ldr	r3, [pc, #360]	@ (34187e98 <HAL_RCC_OscConfig+0x808>)
34187d30:	6d21      	ldr	r1, [r4, #80]	@ 0x50
34187d32:	f8d3 3094 	ldr.w	r3, [r3, #148]	@ 0x94
34187d36:	f023 437f 	bic.w	r3, r3, #4278190080	@ 0xff000000
34187d3a:	428b      	cmp	r3, r1
34187d3c:	f47f ae23 	bne.w	34187986 <HAL_RCC_OscConfig+0x2f6>
34187d40:	4b55      	ldr	r3, [pc, #340]	@ (34187e98 <HAL_RCC_OscConfig+0x808>)
34187d42:	6da0      	ldr	r0, [r4, #88]	@ 0x58
34187d44:	f8d3 1098 	ldr.w	r1, [r3, #152]	@ 0x98
34187d48:	6de3      	ldr	r3, [r4, #92]	@ 0x5c
34187d4a:	f001 517c 	and.w	r1, r1, #1056964608	@ 0x3f000000
34187d4e:	061b      	lsls	r3, r3, #24
34187d50:	ea43 63c0 	orr.w	r3, r3, r0, lsl #27
34187d54:	4299      	cmp	r1, r3
34187d56:	f47f ae16 	bne.w	34187986 <HAL_RCC_OscConfig+0x2f6>
34187d5a:	494f      	ldr	r1, [pc, #316]	@ (34187e98 <HAL_RCC_OscConfig+0x808>)
34187d5c:	684b      	ldr	r3, [r1, #4]
34187d5e:	0598      	lsls	r0, r3, #22
34187d60:	f100 80cd 	bmi.w	34187efe <HAL_RCC_OscConfig+0x86e>
34187d64:	f8d1 3090 	ldr.w	r3, [r1, #144]	@ 0x90
34187d68:	011b      	lsls	r3, r3, #4
34187d6a:	f100 80c0 	bmi.w	34187eee <HAL_RCC_OscConfig+0x85e>
34187d6e:	684b      	ldr	r3, [r1, #4]
34187d70:	059d      	lsls	r5, r3, #22
34187d72:	f100 8134 	bmi.w	34187fde <HAL_RCC_OscConfig+0x94e>
34187d76:	2a01      	cmp	r2, #1
34187d78:	f43f ad97 	beq.w	341878aa <HAL_RCC_OscConfig+0x21a>
34187d7c:	e605      	b.n	3418798a <HAL_RCC_OscConfig+0x2fa>
34187d7e:	4a46      	ldr	r2, [pc, #280]	@ (34187e98 <HAL_RCC_OscConfig+0x808>)
34187d80:	f8c2 3800 	str.w	r3, [r2, #2048]	@ 0x800
34187d84:	e4d2      	b.n	3418772c <HAL_RCC_OscConfig+0x9c>
34187d86:	f418 7f00 	tst.w	r8, #512	@ 0x200
34187d8a:	f47f ae6b 	bne.w	34187a64 <HAL_RCC_OscConfig+0x3d4>
34187d8e:	e4f2      	b.n	34187776 <HAL_RCC_OscConfig+0xe6>
34187d90:	4b41      	ldr	r3, [pc, #260]	@ (34187e98 <HAL_RCC_OscConfig+0x808>)
34187d92:	6ee1      	ldr	r1, [r4, #108]	@ 0x6c
34187d94:	f8d3 30a4 	ldr.w	r3, [r3, #164]	@ 0xa4
34187d98:	f023 437f 	bic.w	r3, r3, #4278190080	@ 0xff000000
34187d9c:	428b      	cmp	r3, r1
34187d9e:	f47f ae30 	bne.w	34187a02 <HAL_RCC_OscConfig+0x372>
34187da2:	4b3d      	ldr	r3, [pc, #244]	@ (34187e98 <HAL_RCC_OscConfig+0x808>)
34187da4:	6f60      	ldr	r0, [r4, #116]	@ 0x74
34187da6:	f8d3 10a8 	ldr.w	r1, [r3, #168]	@ 0xa8
34187daa:	6fa3      	ldr	r3, [r4, #120]	@ 0x78
34187dac:	f001 517c 	and.w	r1, r1, #1056964608	@ 0x3f000000
34187db0:	061b      	lsls	r3, r3, #24
34187db2:	ea43 63c0 	orr.w	r3, r3, r0, lsl #27
34187db6:	4299      	cmp	r1, r3
34187db8:	f47f ae23 	bne.w	34187a02 <HAL_RCC_OscConfig+0x372>
34187dbc:	4936      	ldr	r1, [pc, #216]	@ (34187e98 <HAL_RCC_OscConfig+0x808>)
34187dbe:	684b      	ldr	r3, [r1, #4]
34187dc0:	0558      	lsls	r0, r3, #21
34187dc2:	f100 80e3 	bmi.w	34187f8c <HAL_RCC_OscConfig+0x8fc>
34187dc6:	f8d1 30a0 	ldr.w	r3, [r1, #160]	@ 0xa0
34187dca:	011b      	lsls	r3, r3, #4
34187dcc:	f100 80bb 	bmi.w	34187f46 <HAL_RCC_OscConfig+0x8b6>
34187dd0:	684b      	ldr	r3, [r1, #4]
34187dd2:	055d      	lsls	r5, r3, #21
34187dd4:	f100 80ff 	bmi.w	34187fd6 <HAL_RCC_OscConfig+0x946>
34187dd8:	2a01      	cmp	r2, #1
34187dda:	f43f ad6a 	beq.w	341878b2 <HAL_RCC_OscConfig+0x222>
34187dde:	e612      	b.n	34187a06 <HAL_RCC_OscConfig+0x376>
34187de0:	2204      	movs	r2, #4
34187de2:	4b2f      	ldr	r3, [pc, #188]	@ (34187ea0 <HAL_RCC_OscConfig+0x810>)
34187de4:	601a      	str	r2, [r3, #0]
34187de6:	f7ff fa87 	bl	341872f8 <HAL_GetTick>
34187dea:	4605      	mov	r5, r0
34187dec:	4a2a      	ldr	r2, [pc, #168]	@ (34187e98 <HAL_RCC_OscConfig+0x808>)
34187dee:	6853      	ldr	r3, [r2, #4]
34187df0:	075b      	lsls	r3, r3, #29
34187df2:	d40a      	bmi.n	34187e0a <HAL_RCC_OscConfig+0x77a>
34187df4:	6823      	ldr	r3, [r4, #0]
34187df6:	e503      	b.n	34187800 <HAL_RCC_OscConfig+0x170>
34187df8:	6c5a      	ldr	r2, [r3, #68]	@ 0x44
34187dfa:	6a61      	ldr	r1, [r4, #36]	@ 0x24
34187dfc:	f422 12f8 	bic.w	r2, r2, #2031616	@ 0x1f0000
34187e00:	ea42 4201 	orr.w	r2, r2, r1, lsl #16
34187e04:	645a      	str	r2, [r3, #68]	@ 0x44
34187e06:	6823      	ldr	r3, [r4, #0]
34187e08:	e4fa      	b.n	34187800 <HAL_RCC_OscConfig+0x170>
34187e0a:	f7ff fa75 	bl	341872f8 <HAL_GetTick>
34187e0e:	1b43      	subs	r3, r0, r5
34187e10:	2b01      	cmp	r3, #1
34187e12:	4a21      	ldr	r2, [pc, #132]	@ (34187e98 <HAL_RCC_OscConfig+0x808>)
34187e14:	d9eb      	bls.n	34187dee <HAL_RCC_OscConfig+0x75e>
34187e16:	e4d2      	b.n	341877be <HAL_RCC_OscConfig+0x12e>
34187e18:	2102      	movs	r1, #2
34187e1a:	4b1f      	ldr	r3, [pc, #124]	@ (34187e98 <HAL_RCC_OscConfig+0x808>)
34187e1c:	6c1a      	ldr	r2, [r3, #64]	@ 0x40
34187e1e:	f442 4200 	orr.w	r2, r2, #32768	@ 0x8000
34187e22:	641a      	str	r2, [r3, #64]	@ 0x40
34187e24:	6c1a      	ldr	r2, [r3, #64]	@ 0x40
34187e26:	f422 3280 	bic.w	r2, r2, #65536	@ 0x10000
34187e2a:	641a      	str	r2, [r3, #64]	@ 0x40
34187e2c:	f8c3 1800 	str.w	r1, [r3, #2048]	@ 0x800
34187e30:	e51c      	b.n	3418786c <HAL_RCC_OscConfig+0x1dc>
34187e32:	4b19      	ldr	r3, [pc, #100]	@ (34187e98 <HAL_RCC_OscConfig+0x808>)
34187e34:	6c1a      	ldr	r2, [r3, #64]	@ 0x40
34187e36:	f442 4200 	orr.w	r2, r2, #32768	@ 0x8000
34187e3a:	641a      	str	r2, [r3, #64]	@ 0x40
34187e3c:	6c1a      	ldr	r2, [r3, #64]	@ 0x40
34187e3e:	f442 3280 	orr.w	r2, r2, #65536	@ 0x10000
34187e42:	641a      	str	r2, [r3, #64]	@ 0x40
34187e44:	f8c3 1800 	str.w	r1, [r3, #2048]	@ 0x800
34187e48:	e510      	b.n	3418786c <HAL_RCC_OscConfig+0x1dc>
34187e4a:	4b15      	ldr	r3, [pc, #84]	@ (34187ea0 <HAL_RCC_OscConfig+0x810>)
34187e4c:	601a      	str	r2, [r3, #0]
34187e4e:	f7ff fa53 	bl	341872f8 <HAL_GetTick>
34187e52:	4605      	mov	r5, r0
34187e54:	4a10      	ldr	r2, [pc, #64]	@ (34187e98 <HAL_RCC_OscConfig+0x808>)
34187e56:	6853      	ldr	r3, [r2, #4]
34187e58:	0718      	lsls	r0, r3, #28
34187e5a:	d409      	bmi.n	34187e70 <HAL_RCC_OscConfig+0x7e0>
34187e5c:	6823      	ldr	r3, [r4, #0]
34187e5e:	e477      	b.n	34187750 <HAL_RCC_OscConfig+0xc0>
34187e60:	f7ff fa4a 	bl	341872f8 <HAL_GetTick>
34187e64:	1b42      	subs	r2, r0, r5
34187e66:	2a01      	cmp	r2, #1
34187e68:	4b0b      	ldr	r3, [pc, #44]	@ (34187e98 <HAL_RCC_OscConfig+0x808>)
34187e6a:	f67f ae87 	bls.w	34187b7c <HAL_RCC_OscConfig+0x4ec>
34187e6e:	e4a6      	b.n	341877be <HAL_RCC_OscConfig+0x12e>
34187e70:	f7ff fa42 	bl	341872f8 <HAL_GetTick>
34187e74:	1b43      	subs	r3, r0, r5
34187e76:	2b01      	cmp	r3, #1
34187e78:	4a07      	ldr	r2, [pc, #28]	@ (34187e98 <HAL_RCC_OscConfig+0x808>)
34187e7a:	d9ec      	bls.n	34187e56 <HAL_RCC_OscConfig+0x7c6>
34187e7c:	e49f      	b.n	341877be <HAL_RCC_OscConfig+0x12e>
34187e7e:	2110      	movs	r1, #16
34187e80:	4b05      	ldr	r3, [pc, #20]	@ (34187e98 <HAL_RCC_OscConfig+0x808>)
34187e82:	6d5a      	ldr	r2, [r3, #84]	@ 0x54
34187e84:	f442 4200 	orr.w	r2, r2, #32768	@ 0x8000
34187e88:	655a      	str	r2, [r3, #84]	@ 0x54
34187e8a:	6d5a      	ldr	r2, [r3, #84]	@ 0x54
34187e8c:	f422 3280 	bic.w	r2, r2, #65536	@ 0x10000
34187e90:	655a      	str	r2, [r3, #84]	@ 0x54
34187e92:	f8c3 1800 	str.w	r1, [r3, #2048]	@ 0x800
34187e96:	e449      	b.n	3418772c <HAL_RCC_OscConfig+0x9c>
34187e98:	56028000 	.word	0x56028000
34187e9c:	00018010 	.word	0x00018010
34187ea0:	56029000 	.word	0x56029000
34187ea4:	4b5a      	ldr	r3, [pc, #360]	@ (34188010 <HAL_RCC_OscConfig+0x980>)
34187ea6:	685b      	ldr	r3, [r3, #4]
34187ea8:	05d9      	lsls	r1, r3, #23
34187eaa:	f100 808a 	bmi.w	34187fc2 <HAL_RCC_OscConfig+0x932>
34187eae:	2a03      	cmp	r2, #3
34187eb0:	f43f acf8 	beq.w	341878a4 <HAL_RCC_OscConfig+0x214>
34187eb4:	e535      	b.n	34187922 <HAL_RCC_OscConfig+0x292>
34187eb6:	4b56      	ldr	r3, [pc, #344]	@ (34188010 <HAL_RCC_OscConfig+0x980>)
34187eb8:	685b      	ldr	r3, [r3, #4]
34187eba:	05db      	lsls	r3, r3, #23
34187ebc:	f100 8094 	bmi.w	34187fe8 <HAL_RCC_OscConfig+0x958>
34187ec0:	2a02      	cmp	r2, #2
34187ec2:	f47f ad2e 	bne.w	34187922 <HAL_RCC_OscConfig+0x292>
34187ec6:	f44f 7380 	mov.w	r3, #256	@ 0x100
34187eca:	4a51      	ldr	r2, [pc, #324]	@ (34188010 <HAL_RCC_OscConfig+0x980>)
34187ecc:	f8c2 3800 	str.w	r3, [r2, #2048]	@ 0x800
34187ed0:	f7ff fa12 	bl	341872f8 <HAL_GetTick>
34187ed4:	4605      	mov	r5, r0
34187ed6:	e005      	b.n	34187ee4 <HAL_RCC_OscConfig+0x854>
34187ed8:	f7ff fa0e 	bl	341872f8 <HAL_GetTick>
34187edc:	1b40      	subs	r0, r0, r5
34187ede:	2801      	cmp	r0, #1
34187ee0:	f63f acda 	bhi.w	34187898 <HAL_RCC_OscConfig+0x208>
34187ee4:	4b4a      	ldr	r3, [pc, #296]	@ (34188010 <HAL_RCC_OscConfig+0x980>)
34187ee6:	685b      	ldr	r3, [r3, #4]
34187ee8:	05db      	lsls	r3, r3, #23
34187eea:	d5f5      	bpl.n	34187ed8 <HAL_RCC_OscConfig+0x848>
34187eec:	e4da      	b.n	341878a4 <HAL_RCC_OscConfig+0x214>
34187eee:	4b48      	ldr	r3, [pc, #288]	@ (34188010 <HAL_RCC_OscConfig+0x980>)
34187ef0:	685b      	ldr	r3, [r3, #4]
34187ef2:	0598      	lsls	r0, r3, #22
34187ef4:	d47a      	bmi.n	34187fec <HAL_RCC_OscConfig+0x95c>
34187ef6:	2a03      	cmp	r2, #3
34187ef8:	f43f acd7 	beq.w	341878aa <HAL_RCC_OscConfig+0x21a>
34187efc:	e545      	b.n	3418798a <HAL_RCC_OscConfig+0x2fa>
34187efe:	4b44      	ldr	r3, [pc, #272]	@ (34188010 <HAL_RCC_OscConfig+0x980>)
34187f00:	685b      	ldr	r3, [r3, #4]
34187f02:	0599      	lsls	r1, r3, #22
34187f04:	d474      	bmi.n	34187ff0 <HAL_RCC_OscConfig+0x960>
34187f06:	2a02      	cmp	r2, #2
34187f08:	f47f ad3f 	bne.w	3418798a <HAL_RCC_OscConfig+0x2fa>
34187f0c:	f44f 7300 	mov.w	r3, #512	@ 0x200
34187f10:	4a3f      	ldr	r2, [pc, #252]	@ (34188010 <HAL_RCC_OscConfig+0x980>)
34187f12:	f8c2 3800 	str.w	r3, [r2, #2048]	@ 0x800
34187f16:	f7ff f9ef 	bl	341872f8 <HAL_GetTick>
34187f1a:	4605      	mov	r5, r0
34187f1c:	e005      	b.n	34187f2a <HAL_RCC_OscConfig+0x89a>
34187f1e:	f7ff f9eb 	bl	341872f8 <HAL_GetTick>
34187f22:	1b40      	subs	r0, r0, r5
34187f24:	2801      	cmp	r0, #1
34187f26:	f63f acb7 	bhi.w	34187898 <HAL_RCC_OscConfig+0x208>
34187f2a:	4b39      	ldr	r3, [pc, #228]	@ (34188010 <HAL_RCC_OscConfig+0x980>)
34187f2c:	685b      	ldr	r3, [r3, #4]
34187f2e:	059b      	lsls	r3, r3, #22
34187f30:	d5f5      	bpl.n	34187f1e <HAL_RCC_OscConfig+0x88e>
34187f32:	e4ba      	b.n	341878aa <HAL_RCC_OscConfig+0x21a>
34187f34:	4b36      	ldr	r3, [pc, #216]	@ (34188010 <HAL_RCC_OscConfig+0x980>)
34187f36:	685b      	ldr	r3, [r3, #4]
34187f38:	f413 6300 	ands.w	r3, r3, #2048	@ 0x800
34187f3c:	d163      	bne.n	34188006 <HAL_RCC_OscConfig+0x976>
34187f3e:	2a03      	cmp	r2, #3
34187f40:	f43f acbb 	beq.w	341878ba <HAL_RCC_OscConfig+0x22a>
34187f44:	e5b4      	b.n	34187ab0 <HAL_RCC_OscConfig+0x420>
34187f46:	4b32      	ldr	r3, [pc, #200]	@ (34188010 <HAL_RCC_OscConfig+0x980>)
34187f48:	685b      	ldr	r3, [r3, #4]
34187f4a:	0558      	lsls	r0, r3, #21
34187f4c:	d452      	bmi.n	34187ff4 <HAL_RCC_OscConfig+0x964>
34187f4e:	2a03      	cmp	r2, #3
34187f50:	f43f acaf 	beq.w	341878b2 <HAL_RCC_OscConfig+0x222>
34187f54:	e557      	b.n	34187a06 <HAL_RCC_OscConfig+0x376>
34187f56:	4b2e      	ldr	r3, [pc, #184]	@ (34188010 <HAL_RCC_OscConfig+0x980>)
34187f58:	685b      	ldr	r3, [r3, #4]
34187f5a:	0519      	lsls	r1, r3, #20
34187f5c:	d455      	bmi.n	3418800a <HAL_RCC_OscConfig+0x97a>
34187f5e:	2a02      	cmp	r2, #2
34187f60:	f47f ada6 	bne.w	34187ab0 <HAL_RCC_OscConfig+0x420>
34187f64:	f44f 6300 	mov.w	r3, #2048	@ 0x800
34187f68:	4a29      	ldr	r2, [pc, #164]	@ (34188010 <HAL_RCC_OscConfig+0x980>)
34187f6a:	f8c2 3800 	str.w	r3, [r2, #2048]	@ 0x800
34187f6e:	f7ff f9c3 	bl	341872f8 <HAL_GetTick>
34187f72:	4604      	mov	r4, r0
34187f74:	e005      	b.n	34187f82 <HAL_RCC_OscConfig+0x8f2>
34187f76:	f7ff f9bf 	bl	341872f8 <HAL_GetTick>
34187f7a:	1b00      	subs	r0, r0, r4
34187f7c:	2801      	cmp	r0, #1
34187f7e:	f63f ac8b 	bhi.w	34187898 <HAL_RCC_OscConfig+0x208>
34187f82:	4b23      	ldr	r3, [pc, #140]	@ (34188010 <HAL_RCC_OscConfig+0x980>)
34187f84:	685b      	ldr	r3, [r3, #4]
34187f86:	051b      	lsls	r3, r3, #20
34187f88:	d5f5      	bpl.n	34187f76 <HAL_RCC_OscConfig+0x8e6>
34187f8a:	e496      	b.n	341878ba <HAL_RCC_OscConfig+0x22a>
34187f8c:	4b20      	ldr	r3, [pc, #128]	@ (34188010 <HAL_RCC_OscConfig+0x980>)
34187f8e:	685b      	ldr	r3, [r3, #4]
34187f90:	0559      	lsls	r1, r3, #21
34187f92:	d41b      	bmi.n	34187fcc <HAL_RCC_OscConfig+0x93c>
34187f94:	2a02      	cmp	r2, #2
34187f96:	f47f ad36 	bne.w	34187a06 <HAL_RCC_OscConfig+0x376>
34187f9a:	f44f 6380 	mov.w	r3, #1024	@ 0x400
34187f9e:	4a1c      	ldr	r2, [pc, #112]	@ (34188010 <HAL_RCC_OscConfig+0x980>)
34187fa0:	f8c2 3800 	str.w	r3, [r2, #2048]	@ 0x800
34187fa4:	f7ff f9a8 	bl	341872f8 <HAL_GetTick>
34187fa8:	4605      	mov	r5, r0
34187faa:	e005      	b.n	34187fb8 <HAL_RCC_OscConfig+0x928>
34187fac:	f7ff f9a4 	bl	341872f8 <HAL_GetTick>
34187fb0:	1b40      	subs	r0, r0, r5
34187fb2:	2801      	cmp	r0, #1
34187fb4:	f63f ac70 	bhi.w	34187898 <HAL_RCC_OscConfig+0x208>
34187fb8:	4b15      	ldr	r3, [pc, #84]	@ (34188010 <HAL_RCC_OscConfig+0x980>)
34187fba:	685b      	ldr	r3, [r3, #4]
34187fbc:	055b      	lsls	r3, r3, #21
34187fbe:	d5f5      	bpl.n	34187fac <HAL_RCC_OscConfig+0x91c>
34187fc0:	e477      	b.n	341878b2 <HAL_RCC_OscConfig+0x222>
34187fc2:	2303      	movs	r3, #3
34187fc4:	429a      	cmp	r2, r3
34187fc6:	f43f ac6d 	beq.w	341878a4 <HAL_RCC_OscConfig+0x214>
34187fca:	e4aa      	b.n	34187922 <HAL_RCC_OscConfig+0x292>
34187fcc:	2302      	movs	r3, #2
34187fce:	429a      	cmp	r2, r3
34187fd0:	f43f ac6f 	beq.w	341878b2 <HAL_RCC_OscConfig+0x222>
34187fd4:	e517      	b.n	34187a06 <HAL_RCC_OscConfig+0x376>
34187fd6:	2301      	movs	r3, #1
34187fd8:	e7f9      	b.n	34187fce <HAL_RCC_OscConfig+0x93e>
34187fda:	2301      	movs	r3, #1
34187fdc:	e7f2      	b.n	34187fc4 <HAL_RCC_OscConfig+0x934>
34187fde:	2301      	movs	r3, #1
34187fe0:	429a      	cmp	r2, r3
34187fe2:	f43f ac62 	beq.w	341878aa <HAL_RCC_OscConfig+0x21a>
34187fe6:	e4d0      	b.n	3418798a <HAL_RCC_OscConfig+0x2fa>
34187fe8:	2302      	movs	r3, #2
34187fea:	e7eb      	b.n	34187fc4 <HAL_RCC_OscConfig+0x934>
34187fec:	2303      	movs	r3, #3
34187fee:	e7f7      	b.n	34187fe0 <HAL_RCC_OscConfig+0x950>
34187ff0:	2302      	movs	r3, #2
34187ff2:	e7f5      	b.n	34187fe0 <HAL_RCC_OscConfig+0x950>
34187ff4:	2303      	movs	r3, #3
34187ff6:	e7ea      	b.n	34187fce <HAL_RCC_OscConfig+0x93e>
34187ff8:	2301      	movs	r3, #1
34187ffa:	429a      	cmp	r2, r3
34187ffc:	f04f 0000 	mov.w	r0, #0
34188000:	f43f ac4b 	beq.w	3418789a <HAL_RCC_OscConfig+0x20a>
34188004:	e554      	b.n	34187ab0 <HAL_RCC_OscConfig+0x420>
34188006:	2303      	movs	r3, #3
34188008:	e7f7      	b.n	34187ffa <HAL_RCC_OscConfig+0x96a>
3418800a:	2302      	movs	r3, #2
3418800c:	e7f5      	b.n	34187ffa <HAL_RCC_OscConfig+0x96a>
3418800e:	bf00      	nop
34188010:	56028000 	.word	0x56028000

34188014 <HAL_RCC_GetCpuClockFreq>:
34188014:	4a27      	ldr	r2, [pc, #156]	@ (341880b4 <HAL_RCC_GetCpuClockFreq+0xa0>)
34188016:	6a13      	ldr	r3, [r2, #32]
34188018:	f403 1340 	and.w	r3, r3, #3145728	@ 0x300000
3418801c:	f5b3 1f00 	cmp.w	r3, #2097152	@ 0x200000
34188020:	d022      	beq.n	34188068 <HAL_RCC_GetCpuClockFreq+0x54>
34188022:	d805      	bhi.n	34188030 <HAL_RCC_GetCpuClockFreq+0x1c>
34188024:	b313      	cbz	r3, 3418806c <HAL_RCC_GetCpuClockFreq+0x58>
34188026:	6c53      	ldr	r3, [r2, #68]	@ 0x44
34188028:	059b      	lsls	r3, r3, #22
3418802a:	d527      	bpl.n	3418807c <HAL_RCC_GetCpuClockFreq+0x68>
3418802c:	4822      	ldr	r0, [pc, #136]	@ (341880b8 <HAL_RCC_GetCpuClockFreq+0xa4>)
3418802e:	4770      	bx	lr
34188030:	f5b3 1f40 	cmp.w	r3, #3145728	@ 0x300000
34188034:	d120      	bne.n	34188078 <HAL_RCC_GetCpuClockFreq+0x64>
34188036:	b500      	push	{lr}
34188038:	f8d2 00c4 	ldr.w	r0, [r2, #196]	@ 0xc4
3418803c:	f8d2 20c4 	ldr.w	r2, [r2, #196]	@ 0xc4
34188040:	f3c0 4007 	ubfx	r0, r0, #16, #8
34188044:	f002 5240 	and.w	r2, r2, #805306368	@ 0x30000000
34188048:	f1b2 5f00 	cmp.w	r2, #536870912	@ 0x20000000
3418804c:	b083      	sub	sp, #12
3418804e:	f100 0301 	add.w	r3, r0, #1
34188052:	d01f      	beq.n	34188094 <HAL_RCC_GetCpuClockFreq+0x80>
34188054:	d814      	bhi.n	34188080 <HAL_RCC_GetCpuClockFreq+0x6c>
34188056:	b332      	cbz	r2, 341880a6 <HAL_RCC_GetCpuClockFreq+0x92>
34188058:	9301      	str	r3, [sp, #4]
3418805a:	f000 faaf 	bl	341885bc <HAL_RCCEx_GetPLL2CLKFreq>
3418805e:	9b01      	ldr	r3, [sp, #4]
34188060:	fbb0 f0f3 	udiv	r0, r0, r3
34188064:	b003      	add	sp, #12
34188066:	bd00      	pop	{pc}
34188068:	4814      	ldr	r0, [pc, #80]	@ (341880bc <HAL_RCC_GetCpuClockFreq+0xa8>)
3418806a:	4770      	bx	lr
3418806c:	6c93      	ldr	r3, [r2, #72]	@ 0x48
3418806e:	4814      	ldr	r0, [pc, #80]	@ (341880c0 <HAL_RCC_GetCpuClockFreq+0xac>)
34188070:	f3c3 13c1 	ubfx	r3, r3, #7, #2
34188074:	40d8      	lsrs	r0, r3
34188076:	4770      	bx	lr
34188078:	2000      	movs	r0, #0
3418807a:	4770      	bx	lr
3418807c:	4811      	ldr	r0, [pc, #68]	@ (341880c4 <HAL_RCC_GetCpuClockFreq+0xb0>)
3418807e:	4770      	bx	lr
34188080:	f1b2 5f40 	cmp.w	r2, #805306368	@ 0x30000000
34188084:	d10d      	bne.n	341880a2 <HAL_RCC_GetCpuClockFreq+0x8e>
34188086:	9301      	str	r3, [sp, #4]
34188088:	f000 fc0c 	bl	341888a4 <HAL_RCCEx_GetPLL4CLKFreq>
3418808c:	9b01      	ldr	r3, [sp, #4]
3418808e:	fbb0 f0f3 	udiv	r0, r0, r3
34188092:	e7e7      	b.n	34188064 <HAL_RCC_GetCpuClockFreq+0x50>
34188094:	9301      	str	r3, [sp, #4]
34188096:	f000 fb4b 	bl	34188730 <HAL_RCCEx_GetPLL3CLKFreq>
3418809a:	9b01      	ldr	r3, [sp, #4]
3418809c:	fbb0 f0f3 	udiv	r0, r0, r3
341880a0:	e7e0      	b.n	34188064 <HAL_RCC_GetCpuClockFreq+0x50>
341880a2:	2000      	movs	r0, #0
341880a4:	e7de      	b.n	34188064 <HAL_RCC_GetCpuClockFreq+0x50>
341880a6:	9301      	str	r3, [sp, #4]
341880a8:	f000 f9ce 	bl	34188448 <HAL_RCCEx_GetPLL1CLKFreq>
341880ac:	9b01      	ldr	r3, [sp, #4]
341880ae:	fbb0 f0f3 	udiv	r0, r0, r3
341880b2:	e7d7      	b.n	34188064 <HAL_RCC_GetCpuClockFreq+0x50>
341880b4:	56028000 	.word	0x56028000
341880b8:	00f42400 	.word	0x00f42400
341880bc:	02dc6c00 	.word	0x02dc6c00
341880c0:	03d09000 	.word	0x03d09000
341880c4:	003d0900 	.word	0x003d0900

341880c8 <HAL_RCC_ClockConfig>:
341880c8:	2800      	cmp	r0, #0
341880ca:	f000 811f 	beq.w	3418830c <HAL_RCC_ClockConfig+0x244>
341880ce:	e92d 41f0 	stmdb	sp!, {r4, r5, r6, r7, r8, lr}
341880d2:	6803      	ldr	r3, [r0, #0]
341880d4:	b082      	sub	sp, #8
341880d6:	f013 0108 	ands.w	r1, r3, #8
341880da:	d00b      	beq.n	341880f4 <HAL_RCC_ClockConfig+0x2c>
341880dc:	4c98      	ldr	r4, [pc, #608]	@ (34188340 <HAL_RCC_ClockConfig+0x278>)
341880de:	6905      	ldr	r5, [r0, #16]
341880e0:	6a62      	ldr	r2, [r4, #36]	@ 0x24
341880e2:	f002 0207 	and.w	r2, r2, #7
341880e6:	4295      	cmp	r5, r2
341880e8:	d904      	bls.n	341880f4 <HAL_RCC_ClockConfig+0x2c>
341880ea:	6a62      	ldr	r2, [r4, #36]	@ 0x24
341880ec:	f022 0207 	bic.w	r2, r2, #7
341880f0:	432a      	orrs	r2, r5
341880f2:	6262      	str	r2, [r4, #36]	@ 0x24
341880f4:	f013 0510 	ands.w	r5, r3, #16
341880f8:	d00b      	beq.n	34188112 <HAL_RCC_ClockConfig+0x4a>
341880fa:	4c91      	ldr	r4, [pc, #580]	@ (34188340 <HAL_RCC_ClockConfig+0x278>)
341880fc:	6946      	ldr	r6, [r0, #20]
341880fe:	6a62      	ldr	r2, [r4, #36]	@ 0x24
34188100:	f002 0270 	and.w	r2, r2, #112	@ 0x70
34188104:	4296      	cmp	r6, r2
34188106:	d904      	bls.n	34188112 <HAL_RCC_ClockConfig+0x4a>
34188108:	6a62      	ldr	r2, [r4, #36]	@ 0x24
3418810a:	f022 0270 	bic.w	r2, r2, #112	@ 0x70
3418810e:	4332      	orrs	r2, r6
34188110:	6262      	str	r2, [r4, #36]	@ 0x24
34188112:	f013 0620 	ands.w	r6, r3, #32
34188116:	d00b      	beq.n	34188130 <HAL_RCC_ClockConfig+0x68>
34188118:	4c89      	ldr	r4, [pc, #548]	@ (34188340 <HAL_RCC_ClockConfig+0x278>)
3418811a:	6987      	ldr	r7, [r0, #24]
3418811c:	6a62      	ldr	r2, [r4, #36]	@ 0x24
3418811e:	f402 42e0 	and.w	r2, r2, #28672	@ 0x7000
34188122:	4297      	cmp	r7, r2
34188124:	d904      	bls.n	34188130 <HAL_RCC_ClockConfig+0x68>
34188126:	6a62      	ldr	r2, [r4, #36]	@ 0x24
34188128:	f422 42e0 	bic.w	r2, r2, #28672	@ 0x7000
3418812c:	433a      	orrs	r2, r7
3418812e:	6262      	str	r2, [r4, #36]	@ 0x24
34188130:	f013 0740 	ands.w	r7, r3, #64	@ 0x40
34188134:	d00d      	beq.n	34188152 <HAL_RCC_ClockConfig+0x8a>
34188136:	4c82      	ldr	r4, [pc, #520]	@ (34188340 <HAL_RCC_ClockConfig+0x278>)
34188138:	f8d0 c01c 	ldr.w	ip, [r0, #28]
3418813c:	6a62      	ldr	r2, [r4, #36]	@ 0x24
3418813e:	f402 22e0 	and.w	r2, r2, #458752	@ 0x70000
34188142:	4594      	cmp	ip, r2
34188144:	d905      	bls.n	34188152 <HAL_RCC_ClockConfig+0x8a>
34188146:	6a62      	ldr	r2, [r4, #36]	@ 0x24
34188148:	f422 22e0 	bic.w	r2, r2, #458752	@ 0x70000
3418814c:	ea42 020c 	orr.w	r2, r2, ip
34188150:	6262      	str	r2, [r4, #36]	@ 0x24
34188152:	4604      	mov	r4, r0
34188154:	0758      	lsls	r0, r3, #29
34188156:	d53e      	bpl.n	341881d6 <HAL_RCC_ClockConfig+0x10e>
34188158:	4879      	ldr	r0, [pc, #484]	@ (34188340 <HAL_RCC_ClockConfig+0x278>)
3418815a:	f8d4 c00c 	ldr.w	ip, [r4, #12]
3418815e:	6a42      	ldr	r2, [r0, #36]	@ 0x24
34188160:	f402 02e0 	and.w	r2, r2, #7340032	@ 0x700000
34188164:	4594      	cmp	ip, r2
34188166:	d905      	bls.n	34188174 <HAL_RCC_ClockConfig+0xac>
34188168:	6a42      	ldr	r2, [r0, #36]	@ 0x24
3418816a:	f422 02e0 	bic.w	r2, r2, #7340032	@ 0x700000
3418816e:	ea42 020c 	orr.w	r2, r2, ip
34188172:	6242      	str	r2, [r0, #36]	@ 0x24
34188174:	07d8      	lsls	r0, r3, #31
34188176:	d46d      	bmi.n	34188254 <HAL_RCC_ClockConfig+0x18c>
34188178:	079b      	lsls	r3, r3, #30
3418817a:	f140 80a3 	bpl.w	341882c4 <HAL_RCC_ClockConfig+0x1fc>
3418817e:	68a6      	ldr	r6, [r4, #8]
34188180:	f1b6 7f00 	cmp.w	r6, #33554432	@ 0x2000000
34188184:	f000 80ad 	beq.w	341882e2 <HAL_RCC_ClockConfig+0x21a>
34188188:	f1b6 7f40 	cmp.w	r6, #50331648	@ 0x3000000
3418818c:	f000 80de 	beq.w	3418834c <HAL_RCC_ClockConfig+0x284>
34188190:	4b6b      	ldr	r3, [pc, #428]	@ (34188340 <HAL_RCC_ClockConfig+0x278>)
34188192:	685b      	ldr	r3, [r3, #4]
34188194:	2e00      	cmp	r6, #0
34188196:	f040 80bb 	bne.w	34188310 <HAL_RCC_ClockConfig+0x248>
3418819a:	0718      	lsls	r0, r3, #28
3418819c:	f140 80a6 	bpl.w	341882ec <HAL_RCC_ClockConfig+0x224>
341881a0:	4d67      	ldr	r5, [pc, #412]	@ (34188340 <HAL_RCC_ClockConfig+0x278>)
341881a2:	6a2b      	ldr	r3, [r5, #32]
341881a4:	f023 7340 	bic.w	r3, r3, #50331648	@ 0x3000000
341881a8:	4333      	orrs	r3, r6
341881aa:	622b      	str	r3, [r5, #32]
341881ac:	f7ff f8a4 	bl	341872f8 <HAL_GetTick>
341881b0:	f241 3688 	movw	r6, #5000	@ 0x1388
341881b4:	4607      	mov	r7, r0
341881b6:	e005      	b.n	341881c4 <HAL_RCC_ClockConfig+0xfc>
341881b8:	f7ff f89e 	bl	341872f8 <HAL_GetTick>
341881bc:	1bc0      	subs	r0, r0, r7
341881be:	42b0      	cmp	r0, r6
341881c0:	f200 809b 	bhi.w	341882fa <HAL_RCC_ClockConfig+0x232>
341881c4:	6a2b      	ldr	r3, [r5, #32]
341881c6:	68a2      	ldr	r2, [r4, #8]
341881c8:	f003 5340 	and.w	r3, r3, #805306368	@ 0x30000000
341881cc:	ebb3 1f02 	cmp.w	r3, r2, lsl #4
341881d0:	d1f2      	bne.n	341881b8 <HAL_RCC_ClockConfig+0xf0>
341881d2:	6823      	ldr	r3, [r4, #0]
341881d4:	e06c      	b.n	341882b0 <HAL_RCC_ClockConfig+0x1e8>
341881d6:	07da      	lsls	r2, r3, #31
341881d8:	d43c      	bmi.n	34188254 <HAL_RCC_ClockConfig+0x18c>
341881da:	079b      	lsls	r3, r3, #30
341881dc:	d4cf      	bmi.n	3418817e <HAL_RCC_ClockConfig+0xb6>
341881de:	b159      	cbz	r1, 341881f8 <HAL_RCC_ClockConfig+0x130>
341881e0:	4a57      	ldr	r2, [pc, #348]	@ (34188340 <HAL_RCC_ClockConfig+0x278>)
341881e2:	6921      	ldr	r1, [r4, #16]
341881e4:	6a53      	ldr	r3, [r2, #36]	@ 0x24
341881e6:	f003 0307 	and.w	r3, r3, #7
341881ea:	4299      	cmp	r1, r3
341881ec:	d204      	bcs.n	341881f8 <HAL_RCC_ClockConfig+0x130>
341881ee:	6a53      	ldr	r3, [r2, #36]	@ 0x24
341881f0:	f023 0307 	bic.w	r3, r3, #7
341881f4:	430b      	orrs	r3, r1
341881f6:	6253      	str	r3, [r2, #36]	@ 0x24
341881f8:	b15d      	cbz	r5, 34188212 <HAL_RCC_ClockConfig+0x14a>
341881fa:	4a51      	ldr	r2, [pc, #324]	@ (34188340 <HAL_RCC_ClockConfig+0x278>)
341881fc:	6961      	ldr	r1, [r4, #20]
341881fe:	6a53      	ldr	r3, [r2, #36]	@ 0x24
34188200:	f003 0370 	and.w	r3, r3, #112	@ 0x70
34188204:	4299      	cmp	r1, r3
34188206:	d204      	bcs.n	34188212 <HAL_RCC_ClockConfig+0x14a>
34188208:	6a53      	ldr	r3, [r2, #36]	@ 0x24
3418820a:	f023 0370 	bic.w	r3, r3, #112	@ 0x70
3418820e:	430b      	orrs	r3, r1
34188210:	6253      	str	r3, [r2, #36]	@ 0x24
34188212:	b15e      	cbz	r6, 3418822c <HAL_RCC_ClockConfig+0x164>
34188214:	4a4a      	ldr	r2, [pc, #296]	@ (34188340 <HAL_RCC_ClockConfig+0x278>)
34188216:	69a1      	ldr	r1, [r4, #24]
34188218:	6a53      	ldr	r3, [r2, #36]	@ 0x24
3418821a:	f403 43e0 	and.w	r3, r3, #28672	@ 0x7000
3418821e:	4299      	cmp	r1, r3
34188220:	d204      	bcs.n	3418822c <HAL_RCC_ClockConfig+0x164>
34188222:	6a53      	ldr	r3, [r2, #36]	@ 0x24
34188224:	f423 43e0 	bic.w	r3, r3, #28672	@ 0x7000
34188228:	430b      	orrs	r3, r1
3418822a:	6253      	str	r3, [r2, #36]	@ 0x24
3418822c:	b15f      	cbz	r7, 34188246 <HAL_RCC_ClockConfig+0x17e>
3418822e:	4a44      	ldr	r2, [pc, #272]	@ (34188340 <HAL_RCC_ClockConfig+0x278>)
34188230:	69e1      	ldr	r1, [r4, #28]
34188232:	6a53      	ldr	r3, [r2, #36]	@ 0x24
34188234:	f403 23e0 	and.w	r3, r3, #458752	@ 0x70000
34188238:	4299      	cmp	r1, r3
3418823a:	d204      	bcs.n	34188246 <HAL_RCC_ClockConfig+0x17e>
3418823c:	6a53      	ldr	r3, [r2, #36]	@ 0x24
3418823e:	f423 23e0 	bic.w	r3, r3, #458752	@ 0x70000
34188242:	430b      	orrs	r3, r1
34188244:	6253      	str	r3, [r2, #36]	@ 0x24
34188246:	4b3f      	ldr	r3, [pc, #252]	@ (34188344 <HAL_RCC_ClockConfig+0x27c>)
34188248:	6818      	ldr	r0, [r3, #0]
3418824a:	b002      	add	sp, #8
3418824c:	e8bd 41f0 	ldmia.w	sp!, {r4, r5, r6, r7, r8, lr}
34188250:	f7ff b814 	b.w	3418727c <HAL_InitTick>
34188254:	6866      	ldr	r6, [r4, #4]
34188256:	f5b6 3f00 	cmp.w	r6, #131072	@ 0x20000
3418825a:	d052      	beq.n	34188302 <HAL_RCC_ClockConfig+0x23a>
3418825c:	f5b6 3f40 	cmp.w	r6, #196608	@ 0x30000
34188260:	d059      	beq.n	34188316 <HAL_RCC_ClockConfig+0x24e>
34188262:	4b37      	ldr	r3, [pc, #220]	@ (34188340 <HAL_RCC_ClockConfig+0x278>)
34188264:	f5b6 3f80 	cmp.w	r6, #65536	@ 0x10000
34188268:	685b      	ldr	r3, [r3, #4]
3418826a:	d043      	beq.n	341882f4 <HAL_RCC_ClockConfig+0x22c>
3418826c:	071f      	lsls	r7, r3, #28
3418826e:	d53d      	bpl.n	341882ec <HAL_RCC_ClockConfig+0x224>
34188270:	4d33      	ldr	r5, [pc, #204]	@ (34188340 <HAL_RCC_ClockConfig+0x278>)
34188272:	6a2b      	ldr	r3, [r5, #32]
34188274:	f423 3340 	bic.w	r3, r3, #196608	@ 0x30000
34188278:	4333      	orrs	r3, r6
3418827a:	622b      	str	r3, [r5, #32]
3418827c:	f7ff f83c 	bl	341872f8 <HAL_GetTick>
34188280:	f241 3688 	movw	r6, #5000	@ 0x1388
34188284:	4607      	mov	r7, r0
34188286:	e004      	b.n	34188292 <HAL_RCC_ClockConfig+0x1ca>
34188288:	f7ff f836 	bl	341872f8 <HAL_GetTick>
3418828c:	1bc0      	subs	r0, r0, r7
3418828e:	42b0      	cmp	r0, r6
34188290:	d833      	bhi.n	341882fa <HAL_RCC_ClockConfig+0x232>
34188292:	6a2b      	ldr	r3, [r5, #32]
34188294:	6862      	ldr	r2, [r4, #4]
34188296:	f403 1340 	and.w	r3, r3, #3145728	@ 0x300000
3418829a:	ebb3 1f02 	cmp.w	r3, r2, lsl #4
3418829e:	d1f3      	bne.n	34188288 <HAL_RCC_ClockConfig+0x1c0>
341882a0:	f7ff feb8 	bl	34188014 <HAL_RCC_GetCpuClockFreq>
341882a4:	6823      	ldr	r3, [r4, #0]
341882a6:	4a28      	ldr	r2, [pc, #160]	@ (34188348 <HAL_RCC_ClockConfig+0x280>)
341882a8:	079e      	lsls	r6, r3, #30
341882aa:	6010      	str	r0, [r2, #0]
341882ac:	f53f af67 	bmi.w	3418817e <HAL_RCC_ClockConfig+0xb6>
341882b0:	075a      	lsls	r2, r3, #29
341882b2:	f003 0108 	and.w	r1, r3, #8
341882b6:	f003 0510 	and.w	r5, r3, #16
341882ba:	f003 0620 	and.w	r6, r3, #32
341882be:	f003 0740 	and.w	r7, r3, #64	@ 0x40
341882c2:	d58c      	bpl.n	341881de <HAL_RCC_ClockConfig+0x116>
341882c4:	4a1e      	ldr	r2, [pc, #120]	@ (34188340 <HAL_RCC_ClockConfig+0x278>)
341882c6:	68e0      	ldr	r0, [r4, #12]
341882c8:	6a53      	ldr	r3, [r2, #36]	@ 0x24
341882ca:	f403 03e0 	and.w	r3, r3, #7340032	@ 0x700000
341882ce:	4298      	cmp	r0, r3
341882d0:	d285      	bcs.n	341881de <HAL_RCC_ClockConfig+0x116>
341882d2:	6a53      	ldr	r3, [r2, #36]	@ 0x24
341882d4:	f423 03e0 	bic.w	r3, r3, #7340032	@ 0x700000
341882d8:	4303      	orrs	r3, r0
341882da:	6253      	str	r3, [r2, #36]	@ 0x24
341882dc:	2900      	cmp	r1, #0
341882de:	d08b      	beq.n	341881f8 <HAL_RCC_ClockConfig+0x130>
341882e0:	e77e      	b.n	341881e0 <HAL_RCC_ClockConfig+0x118>
341882e2:	4b17      	ldr	r3, [pc, #92]	@ (34188340 <HAL_RCC_ClockConfig+0x278>)
341882e4:	685b      	ldr	r3, [r3, #4]
341882e6:	06dd      	lsls	r5, r3, #27
341882e8:	f53f af5a 	bmi.w	341881a0 <HAL_RCC_ClockConfig+0xd8>
341882ec:	2001      	movs	r0, #1
341882ee:	b002      	add	sp, #8
341882f0:	e8bd 81f0 	ldmia.w	sp!, {r4, r5, r6, r7, r8, pc}
341882f4:	075b      	lsls	r3, r3, #29
341882f6:	d4bb      	bmi.n	34188270 <HAL_RCC_ClockConfig+0x1a8>
341882f8:	e7f8      	b.n	341882ec <HAL_RCC_ClockConfig+0x224>
341882fa:	2003      	movs	r0, #3
341882fc:	b002      	add	sp, #8
341882fe:	e8bd 81f0 	ldmia.w	sp!, {r4, r5, r6, r7, r8, pc}
34188302:	4b0f      	ldr	r3, [pc, #60]	@ (34188340 <HAL_RCC_ClockConfig+0x278>)
34188304:	685b      	ldr	r3, [r3, #4]
34188306:	06da      	lsls	r2, r3, #27
34188308:	d4b2      	bmi.n	34188270 <HAL_RCC_ClockConfig+0x1a8>
3418830a:	e7ef      	b.n	341882ec <HAL_RCC_ClockConfig+0x224>
3418830c:	2001      	movs	r0, #1
3418830e:	4770      	bx	lr
34188310:	0759      	lsls	r1, r3, #29
34188312:	d5eb      	bpl.n	341882ec <HAL_RCC_ClockConfig+0x224>
34188314:	e744      	b.n	341881a0 <HAL_RCC_ClockConfig+0xd8>
34188316:	4f0a      	ldr	r7, [pc, #40]	@ (34188340 <HAL_RCC_ClockConfig+0x278>)
34188318:	6a25      	ldr	r5, [r4, #32]
3418831a:	f8d7 00c4 	ldr.w	r0, [r7, #196]	@ 0xc4
3418831e:	4629      	mov	r1, r5
34188320:	f000 5040 	and.w	r0, r0, #805306368	@ 0x30000000
34188324:	f7ff f87e 	bl	34187424 <RCC_IC_CheckPLLSources>
34188328:	2801      	cmp	r0, #1
3418832a:	d1df      	bne.n	341882ec <HAL_RCC_ClockConfig+0x224>
3418832c:	6a63      	ldr	r3, [r4, #36]	@ 0x24
3418832e:	3b01      	subs	r3, #1
34188330:	ea45 4503 	orr.w	r5, r5, r3, lsl #16
34188334:	f8c7 50c4 	str.w	r5, [r7, #196]	@ 0xc4
34188338:	f8c7 0a40 	str.w	r0, [r7, #2624]	@ 0xa40
3418833c:	e798      	b.n	34188270 <HAL_RCC_ClockConfig+0x1a8>
3418833e:	bf00      	nop
34188340:	56028000 	.word	0x56028000
34188344:	341c0008 	.word	0x341c0008
34188348:	341c0000 	.word	0x341c0000
3418834c:	4d1b      	ldr	r5, [pc, #108]	@ (341883bc <HAL_RCC_ClockConfig+0x2f4>)
3418834e:	6aa7      	ldr	r7, [r4, #40]	@ 0x28
34188350:	f8d5 00c8 	ldr.w	r0, [r5, #200]	@ 0xc8
34188354:	4639      	mov	r1, r7
34188356:	f000 5040 	and.w	r0, r0, #805306368	@ 0x30000000
3418835a:	f7ff f863 	bl	34187424 <RCC_IC_CheckPLLSources>
3418835e:	2801      	cmp	r0, #1
34188360:	d1c4      	bne.n	341882ec <HAL_RCC_ClockConfig+0x224>
34188362:	6b23      	ldr	r3, [r4, #48]	@ 0x30
34188364:	f8d5 00d8 	ldr.w	r0, [r5, #216]	@ 0xd8
34188368:	4619      	mov	r1, r3
3418836a:	f000 5040 	and.w	r0, r0, #805306368	@ 0x30000000
3418836e:	4698      	mov	r8, r3
34188370:	f7ff f858 	bl	34187424 <RCC_IC_CheckPLLSources>
34188374:	2801      	cmp	r0, #1
34188376:	d1b9      	bne.n	341882ec <HAL_RCC_ClockConfig+0x224>
34188378:	f8d5 00ec 	ldr.w	r0, [r5, #236]	@ 0xec
3418837c:	6ba1      	ldr	r1, [r4, #56]	@ 0x38
3418837e:	f000 5040 	and.w	r0, r0, #805306368	@ 0x30000000
34188382:	9101      	str	r1, [sp, #4]
34188384:	f7ff f84e 	bl	34187424 <RCC_IC_CheckPLLSources>
34188388:	2801      	cmp	r0, #1
3418838a:	d1af      	bne.n	341882ec <HAL_RCC_ClockConfig+0x224>
3418838c:	f240 4222 	movw	r2, #1058	@ 0x422
34188390:	6ae3      	ldr	r3, [r4, #44]	@ 0x2c
34188392:	9901      	ldr	r1, [sp, #4]
34188394:	3b01      	subs	r3, #1
34188396:	ea47 4703 	orr.w	r7, r7, r3, lsl #16
3418839a:	f8c5 70c8 	str.w	r7, [r5, #200]	@ 0xc8
3418839e:	6b63      	ldr	r3, [r4, #52]	@ 0x34
341883a0:	3b01      	subs	r3, #1
341883a2:	ea48 4303 	orr.w	r3, r8, r3, lsl #16
341883a6:	f8c5 30d8 	str.w	r3, [r5, #216]	@ 0xd8
341883aa:	6be3      	ldr	r3, [r4, #60]	@ 0x3c
341883ac:	3b01      	subs	r3, #1
341883ae:	ea41 4103 	orr.w	r1, r1, r3, lsl #16
341883b2:	f8c5 10ec 	str.w	r1, [r5, #236]	@ 0xec
341883b6:	f8c5 2a40 	str.w	r2, [r5, #2624]	@ 0xa40
341883ba:	e6f1      	b.n	341881a0 <HAL_RCC_ClockConfig+0xd8>
341883bc:	56028000 	.word	0x56028000

341883c0 <HAL_RCC_GetClockConfig>:
341883c0:	237f      	movs	r3, #127	@ 0x7f
341883c2:	4a20      	ldr	r2, [pc, #128]	@ (34188444 <HAL_RCC_GetClockConfig+0x84>)
341883c4:	b500      	push	{lr}
341883c6:	6003      	str	r3, [r0, #0]
341883c8:	6a13      	ldr	r3, [r2, #32]
341883ca:	091b      	lsrs	r3, r3, #4
341883cc:	f403 3140 	and.w	r1, r3, #196608	@ 0x30000
341883d0:	f003 7340 	and.w	r3, r3, #50331648	@ 0x3000000
341883d4:	e9c0 1301 	strd	r1, r3, [r0, #4]
341883d8:	6a53      	ldr	r3, [r2, #36]	@ 0x24
341883da:	f003 0107 	and.w	r1, r3, #7
341883de:	f403 0ee0 	and.w	lr, r3, #7340032	@ 0x700000
341883e2:	e9c0 e103 	strd	lr, r1, [r0, #12]
341883e6:	f003 0c70 	and.w	ip, r3, #112	@ 0x70
341883ea:	f403 41e0 	and.w	r1, r3, #28672	@ 0x7000
341883ee:	e9c0 c105 	strd	ip, r1, [r0, #20]
341883f2:	f403 23e0 	and.w	r3, r3, #458752	@ 0x70000
341883f6:	61c3      	str	r3, [r0, #28]
341883f8:	f8d2 30c4 	ldr.w	r3, [r2, #196]	@ 0xc4
341883fc:	f3c3 4107 	ubfx	r1, r3, #16, #8
34188400:	3101      	adds	r1, #1
34188402:	f003 5340 	and.w	r3, r3, #805306368	@ 0x30000000
34188406:	e9c0 3108 	strd	r3, r1, [r0, #32]
3418840a:	f8d2 30c8 	ldr.w	r3, [r2, #200]	@ 0xc8
3418840e:	f3c3 4107 	ubfx	r1, r3, #16, #8
34188412:	3101      	adds	r1, #1
34188414:	f003 5340 	and.w	r3, r3, #805306368	@ 0x30000000
34188418:	e9c0 310a 	strd	r3, r1, [r0, #40]	@ 0x28
3418841c:	f8d2 30d8 	ldr.w	r3, [r2, #216]	@ 0xd8
34188420:	f3c3 4107 	ubfx	r1, r3, #16, #8
34188424:	3101      	adds	r1, #1
34188426:	f003 5340 	and.w	r3, r3, #805306368	@ 0x30000000
3418842a:	e9c0 310c 	strd	r3, r1, [r0, #48]	@ 0x30
3418842e:	f8d2 30ec 	ldr.w	r3, [r2, #236]	@ 0xec
34188432:	f3c3 4207 	ubfx	r2, r3, #16, #8
34188436:	3201      	adds	r2, #1
34188438:	f003 5340 	and.w	r3, r3, #805306368	@ 0x30000000
3418843c:	e9c0 320e 	strd	r3, r2, [r0, #56]	@ 0x38
34188440:	bd00      	pop	{pc}
34188442:	bf00      	nop
34188444:	56028000 	.word	0x56028000

34188448 <HAL_RCCEx_GetPLL1CLKFreq>:
34188448:	4a56      	ldr	r2, [pc, #344]	@ (341885a4 <HAL_RCCEx_GetPLL1CLKFreq+0x15c>)
3418844a:	6853      	ldr	r3, [r2, #4]
3418844c:	f413 7380 	ands.w	r3, r3, #256	@ 0x100
34188450:	d01a      	beq.n	34188488 <HAL_RCCEx_GetPLL1CLKFreq+0x40>
34188452:	f8d2 0088 	ldr.w	r0, [r2, #136]	@ 0x88
34188456:	f010 4080 	ands.w	r0, r0, #1073741824	@ 0x40000000
3418845a:	d02e      	beq.n	341884ba <HAL_RCCEx_GetPLL1CLKFreq+0x72>
3418845c:	f8d2 3080 	ldr.w	r3, [r2, #128]	@ 0x80
34188460:	f003 43e0 	and.w	r3, r3, #1879048192	@ 0x70000000
34188464:	f1b3 5f00 	cmp.w	r3, #536870912	@ 0x20000000
34188468:	d02e      	beq.n	341884c8 <HAL_RCCEx_GetPLL1CLKFreq+0x80>
3418846a:	d839      	bhi.n	341884e0 <HAL_RCCEx_GetPLL1CLKFreq+0x98>
3418846c:	2b00      	cmp	r3, #0
3418846e:	f000 8086 	beq.w	3418857e <HAL_RCCEx_GetPLL1CLKFreq+0x136>
34188472:	6850      	ldr	r0, [r2, #4]
34188474:	f010 0004 	ands.w	r0, r0, #4
34188478:	d025      	beq.n	341884c6 <HAL_RCCEx_GetPLL1CLKFreq+0x7e>
3418847a:	6c53      	ldr	r3, [r2, #68]	@ 0x44
3418847c:	059a      	lsls	r2, r3, #22
3418847e:	f140 808e 	bpl.w	3418859e <HAL_RCCEx_GetPLL1CLKFreq+0x156>
34188482:	f8df c134 	ldr.w	ip, [pc, #308]	@ 341885b8 <HAL_RCCEx_GetPLL1CLKFreq+0x170>
34188486:	e030      	b.n	341884ea <HAL_RCCEx_GetPLL1CLKFreq+0xa2>
34188488:	f8d2 0080 	ldr.w	r0, [r2, #128]	@ 0x80
3418848c:	f010 6000 	ands.w	r0, r0, #134217728	@ 0x8000000
34188490:	d012      	beq.n	341884b8 <HAL_RCCEx_GetPLL1CLKFreq+0x70>
34188492:	f8d2 1080 	ldr.w	r1, [r2, #128]	@ 0x80
34188496:	f001 41e0 	and.w	r1, r1, #1879048192	@ 0x70000000
3418849a:	f1b1 5f00 	cmp.w	r1, #536870912	@ 0x20000000
3418849e:	d00d      	beq.n	341884bc <HAL_RCCEx_GetPLL1CLKFreq+0x74>
341884a0:	d819      	bhi.n	341884d6 <HAL_RCCEx_GetPLL1CLKFreq+0x8e>
341884a2:	2900      	cmp	r1, #0
341884a4:	d061      	beq.n	3418856a <HAL_RCCEx_GetPLL1CLKFreq+0x122>
341884a6:	6850      	ldr	r0, [r2, #4]
341884a8:	f010 0004 	ands.w	r0, r0, #4
341884ac:	d00b      	beq.n	341884c6 <HAL_RCCEx_GetPLL1CLKFreq+0x7e>
341884ae:	6c53      	ldr	r3, [r2, #68]	@ 0x44
341884b0:	059b      	lsls	r3, r3, #22
341884b2:	d472      	bmi.n	3418859a <HAL_RCCEx_GetPLL1CLKFreq+0x152>
341884b4:	483c      	ldr	r0, [pc, #240]	@ (341885a8 <HAL_RCCEx_GetPLL1CLKFreq+0x160>)
341884b6:	4770      	bx	lr
341884b8:	4770      	bx	lr
341884ba:	4770      	bx	lr
341884bc:	6850      	ldr	r0, [r2, #4]
341884be:	f010 0010 	ands.w	r0, r0, #16
341884c2:	d069      	beq.n	34188598 <HAL_RCCEx_GetPLL1CLKFreq+0x150>
341884c4:	4839      	ldr	r0, [pc, #228]	@ (341885ac <HAL_RCCEx_GetPLL1CLKFreq+0x164>)
341884c6:	4770      	bx	lr
341884c8:	6850      	ldr	r0, [r2, #4]
341884ca:	f010 0010 	ands.w	r0, r0, #16
341884ce:	d0fa      	beq.n	341884c6 <HAL_RCCEx_GetPLL1CLKFreq+0x7e>
341884d0:	f8df c0d8 	ldr.w	ip, [pc, #216]	@ 341885ac <HAL_RCCEx_GetPLL1CLKFreq+0x164>
341884d4:	e009      	b.n	341884ea <HAL_RCCEx_GetPLL1CLKFreq+0xa2>
341884d6:	f1b1 5f40 	cmp.w	r1, #805306368	@ 0x30000000
341884da:	d15b      	bne.n	34188594 <HAL_RCCEx_GetPLL1CLKFreq+0x14c>
341884dc:	4834      	ldr	r0, [pc, #208]	@ (341885b0 <HAL_RCCEx_GetPLL1CLKFreq+0x168>)
341884de:	4770      	bx	lr
341884e0:	f1b3 5f40 	cmp.w	r3, #805306368	@ 0x30000000
341884e4:	d156      	bne.n	34188594 <HAL_RCCEx_GetPLL1CLKFreq+0x14c>
341884e6:	f8df c0c8 	ldr.w	ip, [pc, #200]	@ 341885b0 <HAL_RCCEx_GetPLL1CLKFreq+0x168>
341884ea:	4a2e      	ldr	r2, [pc, #184]	@ (341885a4 <HAL_RCCEx_GetPLL1CLKFreq+0x15c>)
341884ec:	f8d2 3080 	ldr.w	r3, [r2, #128]	@ 0x80
341884f0:	f3c3 5105 	ubfx	r1, r3, #20, #6
341884f4:	f013 7f7c 	tst.w	r3, #66060288	@ 0x3f00000
341884f8:	4608      	mov	r0, r1
341884fa:	d0e4      	beq.n	341884c6 <HAL_RCCEx_GetPLL1CLKFreq+0x7e>
341884fc:	f8d2 3080 	ldr.w	r3, [r2, #128]	@ 0x80
34188500:	f8d2 0084 	ldr.w	r0, [r2, #132]	@ 0x84
34188504:	f3c3 230b 	ubfx	r3, r3, #8, #12
34188508:	f020 407f 	bic.w	r0, r0, #4278190080	@ 0xff000000
3418850c:	ee07 3a90 	vmov	s15, r3
34188510:	ee05 0a90 	vmov	s11, r0
34188514:	ee07 ca10 	vmov	s14, ip
34188518:	eefa 5ac4 	vcvt.f32.s32	s11, s11, #24
3418851c:	eef8 7ae7 	vcvt.f32.s32	s15, s15
34188520:	eeb8 5ac7 	vcvt.f32.s32	s10, s14
34188524:	ee77 7aa5 	vadd.f32	s15, s15, s11
34188528:	ee07 1a10 	vmov	s14, r1
3418852c:	f8d2 1088 	ldr.w	r1, [r2, #136]	@ 0x88
34188530:	ee67 7a85 	vmul.f32	s15, s15, s10
34188534:	f3c1 61c2 	ubfx	r1, r1, #27, #3
34188538:	ee06 1a90 	vmov	s13, r1
3418853c:	eeb8 7ac7 	vcvt.f32.s32	s14, s14
34188540:	f8d2 3088 	ldr.w	r3, [r2, #136]	@ 0x88
34188544:	eeb8 6ae6 	vcvt.f32.s32	s12, s13
34188548:	f3c3 6302 	ubfx	r3, r3, #24, #3
3418854c:	eec7 5a87 	vdiv.f32	s11, s15, s14
34188550:	ee06 3a90 	vmov	s13, r3
34188554:	ee85 7a86 	vdiv.f32	s14, s11, s12
34188558:	eef8 6ae6 	vcvt.f32.s32	s13, s13
3418855c:	eec7 7a26 	vdiv.f32	s15, s14, s13
34188560:	eefc 7ae7 	vcvt.u32.f32	s15, s15
34188564:	ee17 0a90 	vmov	r0, s15
34188568:	4770      	bx	lr
3418856a:	6850      	ldr	r0, [r2, #4]
3418856c:	f010 0008 	ands.w	r0, r0, #8
34188570:	d0a9      	beq.n	341884c6 <HAL_RCCEx_GetPLL1CLKFreq+0x7e>
34188572:	6c93      	ldr	r3, [r2, #72]	@ 0x48
34188574:	480f      	ldr	r0, [pc, #60]	@ (341885b4 <HAL_RCCEx_GetPLL1CLKFreq+0x16c>)
34188576:	f3c3 13c1 	ubfx	r3, r3, #7, #2
3418857a:	40d8      	lsrs	r0, r3
3418857c:	4770      	bx	lr
3418857e:	6850      	ldr	r0, [r2, #4]
34188580:	f010 0008 	ands.w	r0, r0, #8
34188584:	d09f      	beq.n	341884c6 <HAL_RCCEx_GetPLL1CLKFreq+0x7e>
34188586:	6c92      	ldr	r2, [r2, #72]	@ 0x48
34188588:	4b0a      	ldr	r3, [pc, #40]	@ (341885b4 <HAL_RCCEx_GetPLL1CLKFreq+0x16c>)
3418858a:	f3c2 12c1 	ubfx	r2, r2, #7, #2
3418858e:	fa23 fc02 	lsr.w	ip, r3, r2
34188592:	e7aa      	b.n	341884ea <HAL_RCCEx_GetPLL1CLKFreq+0xa2>
34188594:	2000      	movs	r0, #0
34188596:	4770      	bx	lr
34188598:	4770      	bx	lr
3418859a:	4807      	ldr	r0, [pc, #28]	@ (341885b8 <HAL_RCCEx_GetPLL1CLKFreq+0x170>)
3418859c:	4770      	bx	lr
3418859e:	f8df c008 	ldr.w	ip, [pc, #8]	@ 341885a8 <HAL_RCCEx_GetPLL1CLKFreq+0x160>
341885a2:	e7a2      	b.n	341884ea <HAL_RCCEx_GetPLL1CLKFreq+0xa2>
341885a4:	56028000 	.word	0x56028000
341885a8:	003d0900 	.word	0x003d0900
341885ac:	02dc6c00 	.word	0x02dc6c00
341885b0:	00bb8000 	.word	0x00bb8000
341885b4:	03d09000 	.word	0x03d09000
341885b8:	00f42400 	.word	0x00f42400

341885bc <HAL_RCCEx_GetPLL2CLKFreq>:
341885bc:	4a56      	ldr	r2, [pc, #344]	@ (34188718 <HAL_RCCEx_GetPLL2CLKFreq+0x15c>)
341885be:	6853      	ldr	r3, [r2, #4]
341885c0:	f413 7300 	ands.w	r3, r3, #512	@ 0x200
341885c4:	d01a      	beq.n	341885fc <HAL_RCCEx_GetPLL2CLKFreq+0x40>
341885c6:	f8d2 0098 	ldr.w	r0, [r2, #152]	@ 0x98
341885ca:	f010 4080 	ands.w	r0, r0, #1073741824	@ 0x40000000
341885ce:	d02e      	beq.n	3418862e <HAL_RCCEx_GetPLL2CLKFreq+0x72>
341885d0:	f8d2 3090 	ldr.w	r3, [r2, #144]	@ 0x90
341885d4:	f003 43e0 	and.w	r3, r3, #1879048192	@ 0x70000000
341885d8:	f1b3 5f00 	cmp.w	r3, #536870912	@ 0x20000000
341885dc:	d02e      	beq.n	3418863c <HAL_RCCEx_GetPLL2CLKFreq+0x80>
341885de:	d839      	bhi.n	34188654 <HAL_RCCEx_GetPLL2CLKFreq+0x98>
341885e0:	2b00      	cmp	r3, #0
341885e2:	f000 8086 	beq.w	341886f2 <HAL_RCCEx_GetPLL2CLKFreq+0x136>
341885e6:	6850      	ldr	r0, [r2, #4]
341885e8:	f010 0004 	ands.w	r0, r0, #4
341885ec:	d025      	beq.n	3418863a <HAL_RCCEx_GetPLL2CLKFreq+0x7e>
341885ee:	6c53      	ldr	r3, [r2, #68]	@ 0x44
341885f0:	059a      	lsls	r2, r3, #22
341885f2:	f140 808e 	bpl.w	34188712 <HAL_RCCEx_GetPLL2CLKFreq+0x156>
341885f6:	f8df c134 	ldr.w	ip, [pc, #308]	@ 3418872c <HAL_RCCEx_GetPLL2CLKFreq+0x170>
341885fa:	e030      	b.n	3418865e <HAL_RCCEx_GetPLL2CLKFreq+0xa2>
341885fc:	f8d2 0090 	ldr.w	r0, [r2, #144]	@ 0x90
34188600:	f010 6000 	ands.w	r0, r0, #134217728	@ 0x8000000
34188604:	d012      	beq.n	3418862c <HAL_RCCEx_GetPLL2CLKFreq+0x70>
34188606:	f8d2 1090 	ldr.w	r1, [r2, #144]	@ 0x90
3418860a:	f001 41e0 	and.w	r1, r1, #1879048192	@ 0x70000000
3418860e:	f1b1 5f00 	cmp.w	r1, #536870912	@ 0x20000000
34188612:	d00d      	beq.n	34188630 <HAL_RCCEx_GetPLL2CLKFreq+0x74>
34188614:	d819      	bhi.n	3418864a <HAL_RCCEx_GetPLL2CLKFreq+0x8e>
34188616:	2900      	cmp	r1, #0
34188618:	d061      	beq.n	341886de <HAL_RCCEx_GetPLL2CLKFreq+0x122>
3418861a:	6850      	ldr	r0, [r2, #4]
3418861c:	f010 0004 	ands.w	r0, r0, #4
34188620:	d00b      	beq.n	3418863a <HAL_RCCEx_GetPLL2CLKFreq+0x7e>
34188622:	6c53      	ldr	r3, [r2, #68]	@ 0x44
34188624:	059b      	lsls	r3, r3, #22
34188626:	d472      	bmi.n	3418870e <HAL_RCCEx_GetPLL2CLKFreq+0x152>
34188628:	483c      	ldr	r0, [pc, #240]	@ (3418871c <HAL_RCCEx_GetPLL2CLKFreq+0x160>)
3418862a:	4770      	bx	lr
3418862c:	4770      	bx	lr
3418862e:	4770      	bx	lr
34188630:	6850      	ldr	r0, [r2, #4]
34188632:	f010 0010 	ands.w	r0, r0, #16
34188636:	d069      	beq.n	3418870c <HAL_RCCEx_GetPLL2CLKFreq+0x150>
34188638:	4839      	ldr	r0, [pc, #228]	@ (34188720 <HAL_RCCEx_GetPLL2CLKFreq+0x164>)
3418863a:	4770      	bx	lr
3418863c:	6850      	ldr	r0, [r2, #4]
3418863e:	f010 0010 	ands.w	r0, r0, #16
34188642:	d0fa      	beq.n	3418863a <HAL_RCCEx_GetPLL2CLKFreq+0x7e>
34188644:	f8df c0d8 	ldr.w	ip, [pc, #216]	@ 34188720 <HAL_RCCEx_GetPLL2CLKFreq+0x164>
34188648:	e009      	b.n	3418865e <HAL_RCCEx_GetPLL2CLKFreq+0xa2>
3418864a:	f1b1 5f40 	cmp.w	r1, #805306368	@ 0x30000000
3418864e:	d15b      	bne.n	34188708 <HAL_RCCEx_GetPLL2CLKFreq+0x14c>
34188650:	4834      	ldr	r0, [pc, #208]	@ (34188724 <HAL_RCCEx_GetPLL2CLKFreq+0x168>)
34188652:	4770      	bx	lr
34188654:	f1b3 5f40 	cmp.w	r3, #805306368	@ 0x30000000
34188658:	d156      	bne.n	34188708 <HAL_RCCEx_GetPLL2CLKFreq+0x14c>
3418865a:	f8df c0c8 	ldr.w	ip, [pc, #200]	@ 34188724 <HAL_RCCEx_GetPLL2CLKFreq+0x168>
3418865e:	4a2e      	ldr	r2, [pc, #184]	@ (34188718 <HAL_RCCEx_GetPLL2CLKFreq+0x15c>)
34188660:	f8d2 3090 	ldr.w	r3, [r2, #144]	@ 0x90
34188664:	f3c3 5105 	ubfx	r1, r3, #20, #6
34188668:	f013 7f7c 	tst.w	r3, #66060288	@ 0x3f00000
3418866c:	4608      	mov	r0, r1
3418866e:	d0e4      	beq.n	3418863a <HAL_RCCEx_GetPLL2CLKFreq+0x7e>
34188670:	f8d2 3090 	ldr.w	r3, [r2, #144]	@ 0x90
34188674:	f8d2 0094 	ldr.w	r0, [r2, #148]	@ 0x94
34188678:	f3c3 230b 	ubfx	r3, r3, #8, #12
3418867c:	f020 407f 	bic.w	r0, r0, #4278190080	@ 0xff000000
34188680:	ee07 3a90 	vmov	s15, r3
34188684:	ee05 0a90 	vmov	s11, r0
34188688:	ee07 ca10 	vmov	s14, ip
3418868c:	eefa 5ac4 	vcvt.f32.s32	s11, s11, #24
34188690:	eef8 7ae7 	vcvt.f32.s32	s15, s15
34188694:	eeb8 5ac7 	vcvt.f32.s32	s10, s14
34188698:	ee77 7aa5 	vadd.f32	s15, s15, s11
3418869c:	ee07 1a10 	vmov	s14, r1
341886a0:	f8d2 1098 	ldr.w	r1, [r2, #152]	@ 0x98
341886a4:	ee67 7a85 	vmul.f32	s15, s15, s10
341886a8:	f3c1 61c2 	ubfx	r1, r1, #27, #3
341886ac:	ee06 1a90 	vmov	s13, r1
341886b0:	eeb8 7ac7 	vcvt.f32.s32	s14, s14
341886b4:	f8d2 3098 	ldr.w	r3, [r2, #152]	@ 0x98
341886b8:	eeb8 6ae6 	vcvt.f32.s32	s12, s13
341886bc:	f3c3 6302 	ubfx	r3, r3, #24, #3
341886c0:	eec7 5a87 	vdiv.f32	s11, s15, s14
341886c4:	ee06 3a90 	vmov	s13, r3
341886c8:	ee85 7a86 	vdiv.f32	s14, s11, s12
341886cc:	eef8 6ae6 	vcvt.f32.s32	s13, s13
341886d0:	eec7 7a26 	vdiv.f32	s15, s14, s13
341886d4:	eefc 7ae7 	vcvt.u32.f32	s15, s15
341886d8:	ee17 0a90 	vmov	r0, s15
341886dc:	4770      	bx	lr
341886de:	6850      	ldr	r0, [r2, #4]
341886e0:	f010 0008 	ands.w	r0, r0, #8
341886e4:	d0a9      	beq.n	3418863a <HAL_RCCEx_GetPLL2CLKFreq+0x7e>
341886e6:	6c93      	ldr	r3, [r2, #72]	@ 0x48
341886e8:	480f      	ldr	r0, [pc, #60]	@ (34188728 <HAL_RCCEx_GetPLL2CLKFreq+0x16c>)
341886ea:	f3c3 13c1 	ubfx	r3, r3, #7, #2
341886ee:	40d8      	lsrs	r0, r3
341886f0:	4770      	bx	lr
341886f2:	6850      	ldr	r0, [r2, #4]
341886f4:	f010 0008 	ands.w	r0, r0, #8
341886f8:	d09f      	beq.n	3418863a <HAL_RCCEx_GetPLL2CLKFreq+0x7e>
341886fa:	6c92      	ldr	r2, [r2, #72]	@ 0x48
341886fc:	4b0a      	ldr	r3, [pc, #40]	@ (34188728 <HAL_RCCEx_GetPLL2CLKFreq+0x16c>)
341886fe:	f3c2 12c1 	ubfx	r2, r2, #7, #2
34188702:	fa23 fc02 	lsr.w	ip, r3, r2
34188706:	e7aa      	b.n	3418865e <HAL_RCCEx_GetPLL2CLKFreq+0xa2>
34188708:	2000      	movs	r0, #0
3418870a:	4770      	bx	lr
3418870c:	4770      	bx	lr
3418870e:	4807      	ldr	r0, [pc, #28]	@ (3418872c <HAL_RCCEx_GetPLL2CLKFreq+0x170>)
34188710:	4770      	bx	lr
34188712:	f8df c008 	ldr.w	ip, [pc, #8]	@ 3418871c <HAL_RCCEx_GetPLL2CLKFreq+0x160>
34188716:	e7a2      	b.n	3418865e <HAL_RCCEx_GetPLL2CLKFreq+0xa2>
34188718:	56028000 	.word	0x56028000
3418871c:	003d0900 	.word	0x003d0900
34188720:	02dc6c00 	.word	0x02dc6c00
34188724:	00bb8000 	.word	0x00bb8000
34188728:	03d09000 	.word	0x03d09000
3418872c:	00f42400 	.word	0x00f42400

34188730 <HAL_RCCEx_GetPLL3CLKFreq>:
34188730:	4a56      	ldr	r2, [pc, #344]	@ (3418888c <HAL_RCCEx_GetPLL3CLKFreq+0x15c>)
34188732:	6853      	ldr	r3, [r2, #4]
34188734:	f413 6380 	ands.w	r3, r3, #1024	@ 0x400
34188738:	d01a      	beq.n	34188770 <HAL_RCCEx_GetPLL3CLKFreq+0x40>
3418873a:	f8d2 00a8 	ldr.w	r0, [r2, #168]	@ 0xa8
3418873e:	f010 4080 	ands.w	r0, r0, #1073741824	@ 0x40000000
34188742:	d02e      	beq.n	341887a2 <HAL_RCCEx_GetPLL3CLKFreq+0x72>
34188744:	f8d2 30a0 	ldr.w	r3, [r2, #160]	@ 0xa0
34188748:	f003 43e0 	and.w	r3, r3, #1879048192	@ 0x70000000
3418874c:	f1b3 5f00 	cmp.w	r3, #536870912	@ 0x20000000
34188750:	d02e      	beq.n	341887b0 <HAL_RCCEx_GetPLL3CLKFreq+0x80>
34188752:	d839      	bhi.n	341887c8 <HAL_RCCEx_GetPLL3CLKFreq+0x98>
34188754:	2b00      	cmp	r3, #0
34188756:	f000 8086 	beq.w	34188866 <HAL_RCCEx_GetPLL3CLKFreq+0x136>
3418875a:	6850      	ldr	r0, [r2, #4]
3418875c:	f010 0004 	ands.w	r0, r0, #4
34188760:	d025      	beq.n	341887ae <HAL_RCCEx_GetPLL3CLKFreq+0x7e>
34188762:	6c53      	ldr	r3, [r2, #68]	@ 0x44
34188764:	059a      	lsls	r2, r3, #22
34188766:	f140 808e 	bpl.w	34188886 <HAL_RCCEx_GetPLL3CLKFreq+0x156>
3418876a:	f8df c134 	ldr.w	ip, [pc, #308]	@ 341888a0 <HAL_RCCEx_GetPLL3CLKFreq+0x170>
3418876e:	e030      	b.n	341887d2 <HAL_RCCEx_GetPLL3CLKFreq+0xa2>
34188770:	f8d2 00a0 	ldr.w	r0, [r2, #160]	@ 0xa0
34188774:	f010 6000 	ands.w	r0, r0, #134217728	@ 0x8000000
34188778:	d012      	beq.n	341887a0 <HAL_RCCEx_GetPLL3CLKFreq+0x70>
3418877a:	f8d2 10a0 	ldr.w	r1, [r2, #160]	@ 0xa0
3418877e:	f001 41e0 	and.w	r1, r1, #1879048192	@ 0x70000000
34188782:	f1b1 5f00 	cmp.w	r1, #536870912	@ 0x20000000
34188786:	d00d      	beq.n	341887a4 <HAL_RCCEx_GetPLL3CLKFreq+0x74>
34188788:	d819      	bhi.n	341887be <HAL_RCCEx_GetPLL3CLKFreq+0x8e>
3418878a:	2900      	cmp	r1, #0
3418878c:	d061      	beq.n	34188852 <HAL_RCCEx_GetPLL3CLKFreq+0x122>
3418878e:	6850      	ldr	r0, [r2, #4]
34188790:	f010 0004 	ands.w	r0, r0, #4
34188794:	d00b      	beq.n	341887ae <HAL_RCCEx_GetPLL3CLKFreq+0x7e>
34188796:	6c53      	ldr	r3, [r2, #68]	@ 0x44
34188798:	059b      	lsls	r3, r3, #22
3418879a:	d472      	bmi.n	34188882 <HAL_RCCEx_GetPLL3CLKFreq+0x152>
3418879c:	483c      	ldr	r0, [pc, #240]	@ (34188890 <HAL_RCCEx_GetPLL3CLKFreq+0x160>)
3418879e:	4770      	bx	lr
341887a0:	4770      	bx	lr
341887a2:	4770      	bx	lr
341887a4:	6850      	ldr	r0, [r2, #4]
341887a6:	f010 0010 	ands.w	r0, r0, #16
341887aa:	d069      	beq.n	34188880 <HAL_RCCEx_GetPLL3CLKFreq+0x150>
341887ac:	4839      	ldr	r0, [pc, #228]	@ (34188894 <HAL_RCCEx_GetPLL3CLKFreq+0x164>)
341887ae:	4770      	bx	lr
341887b0:	6850      	ldr	r0, [r2, #4]
341887b2:	f010 0010 	ands.w	r0, r0, #16
341887b6:	d0fa      	beq.n	341887ae <HAL_RCCEx_GetPLL3CLKFreq+0x7e>
341887b8:	f8df c0d8 	ldr.w	ip, [pc, #216]	@ 34188894 <HAL_RCCEx_GetPLL3CLKFreq+0x164>
341887bc:	e009      	b.n	341887d2 <HAL_RCCEx_GetPLL3CLKFreq+0xa2>
341887be:	f1b1 5f40 	cmp.w	r1, #805306368	@ 0x30000000
341887c2:	d15b      	bne.n	3418887c <HAL_RCCEx_GetPLL3CLKFreq+0x14c>
341887c4:	4834      	ldr	r0, [pc, #208]	@ (34188898 <HAL_RCCEx_GetPLL3CLKFreq+0x168>)
341887c6:	4770      	bx	lr
341887c8:	f1b3 5f40 	cmp.w	r3, #805306368	@ 0x30000000
341887cc:	d156      	bne.n	3418887c <HAL_RCCEx_GetPLL3CLKFreq+0x14c>
341887ce:	f8df c0c8 	ldr.w	ip, [pc, #200]	@ 34188898 <HAL_RCCEx_GetPLL3CLKFreq+0x168>
341887d2:	4a2e      	ldr	r2, [pc, #184]	@ (3418888c <HAL_RCCEx_GetPLL3CLKFreq+0x15c>)
341887d4:	f8d2 30a0 	ldr.w	r3, [r2, #160]	@ 0xa0
341887d8:	f3c3 5105 	ubfx	r1, r3, #20, #6
341887dc:	f013 7f7c 	tst.w	r3, #66060288	@ 0x3f00000
341887e0:	4608      	mov	r0, r1
341887e2:	d0e4      	beq.n	341887ae <HAL_RCCEx_GetPLL3CLKFreq+0x7e>
341887e4:	f8d2 30a0 	ldr.w	r3, [r2, #160]	@ 0xa0
341887e8:	f8d2 00a4 	ldr.w	r0, [r2, #164]	@ 0xa4
341887ec:	f3c3 230b 	ubfx	r3, r3, #8, #12
341887f0:	f020 407f 	bic.w	r0, r0, #4278190080	@ 0xff000000
341887f4:	ee07 3a90 	vmov	s15, r3
341887f8:	ee05 0a90 	vmov	s11, r0
341887fc:	ee07 ca10 	vmov	s14, ip
34188800:	eefa 5ac4 	vcvt.f32.s32	s11, s11, #24
34188804:	eef8 7ae7 	vcvt.f32.s32	s15, s15
34188808:	eeb8 5ac7 	vcvt.f32.s32	s10, s14
3418880c:	ee77 7aa5 	vadd.f32	s15, s15, s11
34188810:	ee07 1a10 	vmov	s14, r1
34188814:	f8d2 10a8 	ldr.w	r1, [r2, #168]	@ 0xa8
34188818:	ee67 7a85 	vmul.f32	s15, s15, s10
3418881c:	f3c1 61c2 	ubfx	r1, r1, #27, #3
34188820:	ee06 1a90 	vmov	s13, r1
34188824:	eeb8 7ac7 	vcvt.f32.s32	s14, s14
34188828:	f8d2 30a8 	ldr.w	r3, [r2, #168]	@ 0xa8
3418882c:	eeb8 6ae6 	vcvt.f32.s32	s12, s13
34188830:	f3c3 6302 	ubfx	r3, r3, #24, #3
34188834:	eec7 5a87 	vdiv.f32	s11, s15, s14
34188838:	ee06 3a90 	vmov	s13, r3
3418883c:	ee85 7a86 	vdiv.f32	s14, s11, s12
34188840:	eef8 6ae6 	vcvt.f32.s32	s13, s13
34188844:	eec7 7a26 	vdiv.f32	s15, s14, s13
34188848:	eefc 7ae7 	vcvt.u32.f32	s15, s15
3418884c:	ee17 0a90 	vmov	r0, s15
34188850:	4770      	bx	lr
34188852:	6850      	ldr	r0, [r2, #4]
34188854:	f010 0008 	ands.w	r0, r0, #8
34188858:	d0a9      	beq.n	341887ae <HAL_RCCEx_GetPLL3CLKFreq+0x7e>
3418885a:	6c93      	ldr	r3, [r2, #72]	@ 0x48
3418885c:	480f      	ldr	r0, [pc, #60]	@ (3418889c <HAL_RCCEx_GetPLL3CLKFreq+0x16c>)
3418885e:	f3c3 13c1 	ubfx	r3, r3, #7, #2
34188862:	40d8      	lsrs	r0, r3
34188864:	4770      	bx	lr
34188866:	6850      	ldr	r0, [r2, #4]
34188868:	f010 0008 	ands.w	r0, r0, #8
3418886c:	d09f      	beq.n	341887ae <HAL_RCCEx_GetPLL3CLKFreq+0x7e>
3418886e:	6c92      	ldr	r2, [r2, #72]	@ 0x48
34188870:	4b0a      	ldr	r3, [pc, #40]	@ (3418889c <HAL_RCCEx_GetPLL3CLKFreq+0x16c>)
34188872:	f3c2 12c1 	ubfx	r2, r2, #7, #2
34188876:	fa23 fc02 	lsr.w	ip, r3, r2
3418887a:	e7aa      	b.n	341887d2 <HAL_RCCEx_GetPLL3CLKFreq+0xa2>
3418887c:	2000      	movs	r0, #0
3418887e:	4770      	bx	lr
34188880:	4770      	bx	lr
34188882:	4807      	ldr	r0, [pc, #28]	@ (341888a0 <HAL_RCCEx_GetPLL3CLKFreq+0x170>)
34188884:	4770      	bx	lr
34188886:	f8df c008 	ldr.w	ip, [pc, #8]	@ 34188890 <HAL_RCCEx_GetPLL3CLKFreq+0x160>
3418888a:	e7a2      	b.n	341887d2 <HAL_RCCEx_GetPLL3CLKFreq+0xa2>
3418888c:	56028000 	.word	0x56028000
34188890:	003d0900 	.word	0x003d0900
34188894:	02dc6c00 	.word	0x02dc6c00
34188898:	00bb8000 	.word	0x00bb8000
3418889c:	03d09000 	.word	0x03d09000
341888a0:	00f42400 	.word	0x00f42400

341888a4 <HAL_RCCEx_GetPLL4CLKFreq>:
341888a4:	4a56      	ldr	r2, [pc, #344]	@ (34188a00 <HAL_RCCEx_GetPLL4CLKFreq+0x15c>)
341888a6:	6853      	ldr	r3, [r2, #4]
341888a8:	f413 6300 	ands.w	r3, r3, #2048	@ 0x800
341888ac:	d01a      	beq.n	341888e4 <HAL_RCCEx_GetPLL4CLKFreq+0x40>
341888ae:	f8d2 00b8 	ldr.w	r0, [r2, #184]	@ 0xb8
341888b2:	f010 4080 	ands.w	r0, r0, #1073741824	@ 0x40000000
341888b6:	d02e      	beq.n	34188916 <HAL_RCCEx_GetPLL4CLKFreq+0x72>
341888b8:	f8d2 30b0 	ldr.w	r3, [r2, #176]	@ 0xb0
341888bc:	f003 43e0 	and.w	r3, r3, #1879048192	@ 0x70000000
341888c0:	f1b3 5f00 	cmp.w	r3, #536870912	@ 0x20000000
341888c4:	d02e      	beq.n	34188924 <HAL_RCCEx_GetPLL4CLKFreq+0x80>
341888c6:	d839      	bhi.n	3418893c <HAL_RCCEx_GetPLL4CLKFreq+0x98>
341888c8:	2b00      	cmp	r3, #0
341888ca:	f000 8086 	beq.w	341889da <HAL_RCCEx_GetPLL4CLKFreq+0x136>
341888ce:	6850      	ldr	r0, [r2, #4]
341888d0:	f010 0004 	ands.w	r0, r0, #4
341888d4:	d025      	beq.n	34188922 <HAL_RCCEx_GetPLL4CLKFreq+0x7e>
341888d6:	6c53      	ldr	r3, [r2, #68]	@ 0x44
341888d8:	059a      	lsls	r2, r3, #22
341888da:	f140 808e 	bpl.w	341889fa <HAL_RCCEx_GetPLL4CLKFreq+0x156>
341888de:	f8df c134 	ldr.w	ip, [pc, #308]	@ 34188a14 <HAL_RCCEx_GetPLL4CLKFreq+0x170>
341888e2:	e030      	b.n	34188946 <HAL_RCCEx_GetPLL4CLKFreq+0xa2>
341888e4:	f8d2 00b0 	ldr.w	r0, [r2, #176]	@ 0xb0
341888e8:	f010 6000 	ands.w	r0, r0, #134217728	@ 0x8000000
341888ec:	d012      	beq.n	34188914 <HAL_RCCEx_GetPLL4CLKFreq+0x70>
341888ee:	f8d2 10b0 	ldr.w	r1, [r2, #176]	@ 0xb0
341888f2:	f001 41e0 	and.w	r1, r1, #1879048192	@ 0x70000000
341888f6:	f1b1 5f00 	cmp.w	r1, #536870912	@ 0x20000000
341888fa:	d00d      	beq.n	34188918 <HAL_RCCEx_GetPLL4CLKFreq+0x74>
341888fc:	d819      	bhi.n	34188932 <HAL_RCCEx_GetPLL4CLKFreq+0x8e>
341888fe:	2900      	cmp	r1, #0
34188900:	d061      	beq.n	341889c6 <HAL_RCCEx_GetPLL4CLKFreq+0x122>
34188902:	6850      	ldr	r0, [r2, #4]
34188904:	f010 0004 	ands.w	r0, r0, #4
34188908:	d00b      	beq.n	34188922 <HAL_RCCEx_GetPLL4CLKFreq+0x7e>
3418890a:	6c53      	ldr	r3, [r2, #68]	@ 0x44
3418890c:	059b      	lsls	r3, r3, #22
3418890e:	d472      	bmi.n	341889f6 <HAL_RCCEx_GetPLL4CLKFreq+0x152>
34188910:	483c      	ldr	r0, [pc, #240]	@ (34188a04 <HAL_RCCEx_GetPLL4CLKFreq+0x160>)
34188912:	4770      	bx	lr
34188914:	4770      	bx	lr
34188916:	4770      	bx	lr
34188918:	6850      	ldr	r0, [r2, #4]
3418891a:	f010 0010 	ands.w	r0, r0, #16
3418891e:	d069      	beq.n	341889f4 <HAL_RCCEx_GetPLL4CLKFreq+0x150>
34188920:	4839      	ldr	r0, [pc, #228]	@ (34188a08 <HAL_RCCEx_GetPLL4CLKFreq+0x164>)
34188922:	4770      	bx	lr
34188924:	6850      	ldr	r0, [r2, #4]
34188926:	f010 0010 	ands.w	r0, r0, #16
3418892a:	d0fa      	beq.n	34188922 <HAL_RCCEx_GetPLL4CLKFreq+0x7e>
3418892c:	f8df c0d8 	ldr.w	ip, [pc, #216]	@ 34188a08 <HAL_RCCEx_GetPLL4CLKFreq+0x164>
34188930:	e009      	b.n	34188946 <HAL_RCCEx_GetPLL4CLKFreq+0xa2>
34188932:	f1b1 5f40 	cmp.w	r1, #805306368	@ 0x30000000
34188936:	d15b      	bne.n	341889f0 <HAL_RCCEx_GetPLL4CLKFreq+0x14c>
34188938:	4834      	ldr	r0, [pc, #208]	@ (34188a0c <HAL_RCCEx_GetPLL4CLKFreq+0x168>)
3418893a:	4770      	bx	lr
3418893c:	f1b3 5f40 	cmp.w	r3, #805306368	@ 0x30000000
34188940:	d156      	bne.n	341889f0 <HAL_RCCEx_GetPLL4CLKFreq+0x14c>
34188942:	f8df c0c8 	ldr.w	ip, [pc, #200]	@ 34188a0c <HAL_RCCEx_GetPLL4CLKFreq+0x168>
34188946:	4a2e      	ldr	r2, [pc, #184]	@ (34188a00 <HAL_RCCEx_GetPLL4CLKFreq+0x15c>)
34188948:	f8d2 30b0 	ldr.w	r3, [r2, #176]	@ 0xb0
3418894c:	f3c3 5105 	ubfx	r1, r3, #20, #6
34188950:	f013 7f7c 	tst.w	r3, #66060288	@ 0x3f00000
34188954:	4608      	mov	r0, r1
34188956:	d0e4      	beq.n	34188922 <HAL_RCCEx_GetPLL4CLKFreq+0x7e>
34188958:	f8d2 30b0 	ldr.w	r3, [r2, #176]	@ 0xb0
3418895c:	f8d2 00b4 	ldr.w	r0, [r2, #180]	@ 0xb4
34188960:	f3c3 230b 	ubfx	r3, r3, #8, #12
34188964:	f020 407f 	bic.w	r0, r0, #4278190080	@ 0xff000000
34188968:	ee07 3a90 	vmov	s15, r3
3418896c:	ee05 0a90 	vmov	s11, r0
34188970:	ee07 ca10 	vmov	s14, ip
34188974:	eefa 5ac4 	vcvt.f32.s32	s11, s11, #24
34188978:	eef8 7ae7 	vcvt.f32.s32	s15, s15
3418897c:	eeb8 5ac7 	vcvt.f32.s32	s10, s14
34188980:	ee77 7aa5 	vadd.f32	s15, s15, s11
34188984:	ee07 1a10 	vmov	s14, r1
34188988:	f8d2 10b8 	ldr.w	r1, [r2, #184]	@ 0xb8
3418898c:	ee67 7a85 	vmul.f32	s15, s15, s10
34188990:	f3c1 61c2 	ubfx	r1, r1, #27, #3
34188994:	ee06 1a90 	vmov	s13, r1
34188998:	eeb8 7ac7 	vcvt.f32.s32	s14, s14
3418899c:	f8d2 30b8 	ldr.w	r3, [r2, #184]	@ 0xb8
341889a0:	eeb8 6ae6 	vcvt.f32.s32	s12, s13
341889a4:	f3c3 6302 	ubfx	r3, r3, #24, #3
341889a8:	eec7 5a87 	vdiv.f32	s11, s15, s14
341889ac:	ee06 3a90 	vmov	s13, r3
341889b0:	ee85 7a86 	vdiv.f32	s14, s11, s12
341889b4:	eef8 6ae6 	vcvt.f32.s32	s13, s13
341889b8:	eec7 7a26 	vdiv.f32	s15, s14, s13
341889bc:	eefc 7ae7 	vcvt.u32.f32	s15, s15
341889c0:	ee17 0a90 	vmov	r0, s15
341889c4:	4770      	bx	lr
341889c6:	6850      	ldr	r0, [r2, #4]
341889c8:	f010 0008 	ands.w	r0, r0, #8
341889cc:	d0a9      	beq.n	34188922 <HAL_RCCEx_GetPLL4CLKFreq+0x7e>
341889ce:	6c93      	ldr	r3, [r2, #72]	@ 0x48
341889d0:	480f      	ldr	r0, [pc, #60]	@ (34188a10 <HAL_RCCEx_GetPLL4CLKFreq+0x16c>)
341889d2:	f3c3 13c1 	ubfx	r3, r3, #7, #2
341889d6:	40d8      	lsrs	r0, r3
341889d8:	4770      	bx	lr
341889da:	6850      	ldr	r0, [r2, #4]
341889dc:	f010 0008 	ands.w	r0, r0, #8
341889e0:	d09f      	beq.n	34188922 <HAL_RCCEx_GetPLL4CLKFreq+0x7e>
341889e2:	6c92      	ldr	r2, [r2, #72]	@ 0x48
341889e4:	4b0a      	ldr	r3, [pc, #40]	@ (34188a10 <HAL_RCCEx_GetPLL4CLKFreq+0x16c>)
341889e6:	f3c2 12c1 	ubfx	r2, r2, #7, #2
341889ea:	fa23 fc02 	lsr.w	ip, r3, r2
341889ee:	e7aa      	b.n	34188946 <HAL_RCCEx_GetPLL4CLKFreq+0xa2>
341889f0:	2000      	movs	r0, #0
341889f2:	4770      	bx	lr
341889f4:	4770      	bx	lr
341889f6:	4807      	ldr	r0, [pc, #28]	@ (34188a14 <HAL_RCCEx_GetPLL4CLKFreq+0x170>)
341889f8:	4770      	bx	lr
341889fa:	f8df c008 	ldr.w	ip, [pc, #8]	@ 34188a04 <HAL_RCCEx_GetPLL4CLKFreq+0x160>
341889fe:	e7a2      	b.n	34188946 <HAL_RCCEx_GetPLL4CLKFreq+0xa2>
34188a00:	56028000 	.word	0x56028000
34188a04:	003d0900 	.word	0x003d0900
34188a08:	02dc6c00 	.word	0x02dc6c00
34188a0c:	00bb8000 	.word	0x00bb8000
34188a10:	03d09000 	.word	0x03d09000
34188a14:	00f42400 	.word	0x00f42400

34188a18 <Reset_Handler>:
34188a18:	480f      	ldr	r0, [pc, #60]	@ (34188a58 <LoopForever+0x4>)
34188a1a:	f380 880a 	msr	MSPLIM, r0
34188a1e:	480f      	ldr	r0, [pc, #60]	@ (34188a5c <LoopForever+0x8>)
34188a20:	4685      	mov	sp, r0
34188a22:	f7fe f991 	bl	34186d48 <SystemInit>
34188a26:	480e      	ldr	r0, [pc, #56]	@ (34188a60 <LoopForever+0xc>)
34188a28:	490e      	ldr	r1, [pc, #56]	@ (34188a64 <LoopForever+0x10>)
34188a2a:	4a0f      	ldr	r2, [pc, #60]	@ (34188a68 <LoopForever+0x14>)
34188a2c:	2300      	movs	r3, #0
34188a2e:	e002      	b.n	34188a36 <LoopCopyDataInit>

34188a30 <CopyDataInit>:
34188a30:	58d4      	ldr	r4, [r2, r3]
34188a32:	50c4      	str	r4, [r0, r3]
34188a34:	3304      	adds	r3, #4

34188a36 <LoopCopyDataInit>:
34188a36:	18c4      	adds	r4, r0, r3
34188a38:	428c      	cmp	r4, r1
34188a3a:	d3f9      	bcc.n	34188a30 <CopyDataInit>
34188a3c:	4a0b      	ldr	r2, [pc, #44]	@ (34188a6c <LoopForever+0x18>)
34188a3e:	4c0c      	ldr	r4, [pc, #48]	@ (34188a70 <LoopForever+0x1c>)
34188a40:	2300      	movs	r3, #0
34188a42:	e001      	b.n	34188a48 <LoopFillZerobss>

34188a44 <FillZerobss>:
34188a44:	6013      	str	r3, [r2, #0]
34188a46:	3204      	adds	r2, #4

34188a48 <LoopFillZerobss>:
34188a48:	42a2      	cmp	r2, r4
34188a4a:	d3fb      	bcc.n	34188a44 <FillZerobss>
34188a4c:	f000 ff46 	bl	341898dc <__libc_init_array>
34188a50:	f7fe f816 	bl	34186a80 <__wrap_main>

34188a54 <LoopForever>:
34188a54:	e7fe      	b.n	34188a54 <LoopForever>
34188a56:	0000      	.short	0x0000
34188a58:	341e0000 	.word	0x341e0000
34188a5c:	34200000 	.word	0x34200000
34188a60:	341c0000 	.word	0x341c0000
34188a64:	341c0888 	.word	0x341c0888
34188a68:	341900c0 	.word	0x341900c0
34188a6c:	341c08a0 	.word	0x341c08a0
34188a70:	341c1f10 	.word	0x341c1f10

34188a74 <ADC1_2_IRQHandler>:
34188a74:	e7fe      	b.n	34188a74 <ADC1_2_IRQHandler>
	...

34188a78 <abort>:
34188a78:	2006      	movs	r0, #6
34188a7a:	b508      	push	{r3, lr}
34188a7c:	f000 fec0 	bl	34189800 <raise>
34188a80:	2001      	movs	r0, #1
34188a82:	f006 ff2f 	bl	3418f8e4 <_exit>
34188a86:	bf00      	nop

34188a88 <atexit>:
34188a88:	2300      	movs	r3, #0
34188a8a:	4601      	mov	r1, r0
34188a8c:	461a      	mov	r2, r3
34188a8e:	4618      	mov	r0, r3
34188a90:	f001 b80a 	b.w	34189aa8 <__register_exitproc>

34188a94 <_calloc_r>:
34188a94:	b510      	push	{r4, lr}
34188a96:	fba1 1402 	umull	r1, r4, r1, r2
34188a9a:	b082      	sub	sp, #8
34188a9c:	bb54      	cbnz	r4, 34188af4 <_calloc_r+0x60>
34188a9e:	f000 f855 	bl	34188b4c <_malloc_r>
34188aa2:	4603      	mov	r3, r0
34188aa4:	b350      	cbz	r0, 34188afc <_calloc_r+0x68>
34188aa6:	f850 2c04 	ldr.w	r2, [r0, #-4]
34188aaa:	f022 0203 	bic.w	r2, r2, #3
34188aae:	3a04      	subs	r2, #4
34188ab0:	2a24      	cmp	r2, #36	@ 0x24
34188ab2:	d80c      	bhi.n	34188ace <_calloc_r+0x3a>
34188ab4:	2a13      	cmp	r2, #19
34188ab6:	d912      	bls.n	34188ade <_calloc_r+0x4a>
34188ab8:	2a1b      	cmp	r2, #27
34188aba:	e9c0 4400 	strd	r4, r4, [r0]
34188abe:	d916      	bls.n	34188aee <_calloc_r+0x5a>
34188ac0:	2a24      	cmp	r2, #36	@ 0x24
34188ac2:	e9c0 4402 	strd	r4, r4, [r0, #8]
34188ac6:	d01d      	beq.n	34188b04 <_calloc_r+0x70>
34188ac8:	f100 0110 	add.w	r1, r0, #16
34188acc:	e008      	b.n	34188ae0 <_calloc_r+0x4c>
34188ace:	4621      	mov	r1, r4
34188ad0:	9001      	str	r0, [sp, #4]
34188ad2:	f000 fe51 	bl	34189778 <memset>
34188ad6:	9b01      	ldr	r3, [sp, #4]
34188ad8:	4618      	mov	r0, r3
34188ada:	b002      	add	sp, #8
34188adc:	bd10      	pop	{r4, pc}
34188ade:	4601      	mov	r1, r0
34188ae0:	2200      	movs	r2, #0
34188ae2:	4618      	mov	r0, r3
34188ae4:	e9c1 2200 	strd	r2, r2, [r1]
34188ae8:	608a      	str	r2, [r1, #8]
34188aea:	b002      	add	sp, #8
34188aec:	bd10      	pop	{r4, pc}
34188aee:	f100 0108 	add.w	r1, r0, #8
34188af2:	e7f5      	b.n	34188ae0 <_calloc_r+0x4c>
34188af4:	f000 fede 	bl	341898b4 <__errno>
34188af8:	230c      	movs	r3, #12
34188afa:	6003      	str	r3, [r0, #0]
34188afc:	2300      	movs	r3, #0
34188afe:	4618      	mov	r0, r3
34188b00:	b002      	add	sp, #8
34188b02:	bd10      	pop	{r4, pc}
34188b04:	f100 0118 	add.w	r1, r0, #24
34188b08:	e9c0 4404 	strd	r4, r4, [r0, #16]
34188b0c:	e7e8      	b.n	34188ae0 <_calloc_r+0x4c>
34188b0e:	bf00      	nop

34188b10 <exit>:
34188b10:	b508      	push	{r3, lr}
34188b12:	2100      	movs	r1, #0
34188b14:	4604      	mov	r4, r0
34188b16:	f001 f813 	bl	34189b40 <__call_exitprocs>
34188b1a:	4b03      	ldr	r3, [pc, #12]	@ (34188b28 <exit+0x18>)
34188b1c:	681b      	ldr	r3, [r3, #0]
34188b1e:	b103      	cbz	r3, 34188b22 <exit+0x12>
34188b20:	4798      	blx	r3
34188b22:	4620      	mov	r0, r4
34188b24:	f006 fede 	bl	3418f8e4 <_exit>
34188b28:	341c1d64 	.word	0x341c1d64

34188b2c <malloc>:
34188b2c:	4b02      	ldr	r3, [pc, #8]	@ (34188b38 <malloc+0xc>)
34188b2e:	4601      	mov	r1, r0
34188b30:	6818      	ldr	r0, [r3, #0]
34188b32:	f000 b80b 	b.w	34188b4c <_malloc_r>
34188b36:	bf00      	nop
34188b38:	341c042c 	.word	0x341c042c

34188b3c <free>:
34188b3c:	4b02      	ldr	r3, [pc, #8]	@ (34188b48 <free+0xc>)
34188b3e:	4601      	mov	r1, r0
34188b40:	6818      	ldr	r0, [r3, #0]
34188b42:	f001 b8c9 	b.w	34189cd8 <_free_r>
34188b46:	bf00      	nop
34188b48:	341c042c 	.word	0x341c042c

34188b4c <_malloc_r>:
34188b4c:	f101 030b 	add.w	r3, r1, #11
34188b50:	2b16      	cmp	r3, #22
34188b52:	e92d 4ff0 	stmdb	sp!, {r4, r5, r6, r7, r8, r9, sl, fp, lr}
34188b56:	4680      	mov	r8, r0
34188b58:	b085      	sub	sp, #20
34188b5a:	d82c      	bhi.n	34188bb6 <_malloc_r+0x6a>
34188b5c:	2910      	cmp	r1, #16
34188b5e:	d822      	bhi.n	34188ba6 <_malloc_r+0x5a>
34188b60:	f000 fac8 	bl	341890f4 <__malloc_lock>
34188b64:	2118      	movs	r1, #24
34188b66:	f04f 0e02 	mov.w	lr, #2
34188b6a:	2210      	movs	r2, #16
34188b6c:	4cb6      	ldr	r4, [pc, #728]	@ (34188e48 <_malloc_r+0x2fc>)
34188b6e:	4421      	add	r1, r4
34188b70:	684d      	ldr	r5, [r1, #4]
34188b72:	f1a1 0008 	sub.w	r0, r1, #8
34188b76:	4285      	cmp	r5, r0
34188b78:	f000 815f 	beq.w	34188e3a <_malloc_r+0x2ee>
34188b7c:	686a      	ldr	r2, [r5, #4]
34188b7e:	4640      	mov	r0, r8
34188b80:	f022 0203 	bic.w	r2, r2, #3
34188b84:	e9d5 4102 	ldrd	r4, r1, [r5, #8]
34188b88:	442a      	add	r2, r5
34188b8a:	60e1      	str	r1, [r4, #12]
34188b8c:	608c      	str	r4, [r1, #8]
34188b8e:	f105 0408 	add.w	r4, r5, #8
34188b92:	6851      	ldr	r1, [r2, #4]
34188b94:	f041 0101 	orr.w	r1, r1, #1
34188b98:	6051      	str	r1, [r2, #4]
34188b9a:	f000 fab1 	bl	34189100 <__malloc_unlock>
34188b9e:	4620      	mov	r0, r4
34188ba0:	b005      	add	sp, #20
34188ba2:	e8bd 8ff0 	ldmia.w	sp!, {r4, r5, r6, r7, r8, r9, sl, fp, pc}
34188ba6:	230c      	movs	r3, #12
34188ba8:	f8c8 3000 	str.w	r3, [r8]
34188bac:	2400      	movs	r4, #0
34188bae:	4620      	mov	r0, r4
34188bb0:	b005      	add	sp, #20
34188bb2:	e8bd 8ff0 	ldmia.w	sp!, {r4, r5, r6, r7, r8, r9, sl, fp, pc}
34188bb6:	2b00      	cmp	r3, #0
34188bb8:	f023 0207 	bic.w	r2, r3, #7
34188bbc:	dbf3      	blt.n	34188ba6 <_malloc_r+0x5a>
34188bbe:	4291      	cmp	r1, r2
34188bc0:	d8f1      	bhi.n	34188ba6 <_malloc_r+0x5a>
34188bc2:	9200      	str	r2, [sp, #0]
34188bc4:	f000 fa96 	bl	341890f4 <__malloc_lock>
34188bc8:	9a00      	ldr	r2, [sp, #0]
34188bca:	f5b2 7ffc 	cmp.w	r2, #504	@ 0x1f8
34188bce:	f0c0 819f 	bcc.w	34188f10 <_malloc_r+0x3c4>
34188bd2:	0a53      	lsrs	r3, r2, #9
34188bd4:	d073      	beq.n	34188cbe <_malloc_r+0x172>
34188bd6:	2b04      	cmp	r3, #4
34188bd8:	f200 8164 	bhi.w	34188ea4 <_malloc_r+0x358>
34188bdc:	0993      	lsrs	r3, r2, #6
34188bde:	f103 0e39 	add.w	lr, r3, #57	@ 0x39
34188be2:	f103 0638 	add.w	r6, r3, #56	@ 0x38
34188be6:	ea4f 03ce 	mov.w	r3, lr, lsl #3
34188bea:	4c97      	ldr	r4, [pc, #604]	@ (34188e48 <_malloc_r+0x2fc>)
34188bec:	4423      	add	r3, r4
34188bee:	f1a3 0508 	sub.w	r5, r3, #8
34188bf2:	685f      	ldr	r7, [r3, #4]
34188bf4:	42bd      	cmp	r5, r7
34188bf6:	d107      	bne.n	34188c08 <_malloc_r+0xbc>
34188bf8:	e00d      	b.n	34188c16 <_malloc_r+0xca>
34188bfa:	2800      	cmp	r0, #0
34188bfc:	68fb      	ldr	r3, [r7, #12]
34188bfe:	f280 810b 	bge.w	34188e18 <_malloc_r+0x2cc>
34188c02:	429d      	cmp	r5, r3
34188c04:	461f      	mov	r7, r3
34188c06:	d006      	beq.n	34188c16 <_malloc_r+0xca>
34188c08:	6879      	ldr	r1, [r7, #4]
34188c0a:	f021 0103 	bic.w	r1, r1, #3
34188c0e:	1a88      	subs	r0, r1, r2
34188c10:	280f      	cmp	r0, #15
34188c12:	ddf2      	ble.n	34188bfa <_malloc_r+0xae>
34188c14:	46b6      	mov	lr, r6
34188c16:	6923      	ldr	r3, [r4, #16]
34188c18:	498c      	ldr	r1, [pc, #560]	@ (34188e4c <_malloc_r+0x300>)
34188c1a:	428b      	cmp	r3, r1
34188c1c:	f000 80e9 	beq.w	34188df2 <_malloc_r+0x2a6>
34188c20:	685e      	ldr	r6, [r3, #4]
34188c22:	f026 0603 	bic.w	r6, r6, #3
34188c26:	1ab1      	subs	r1, r6, r2
34188c28:	290f      	cmp	r1, #15
34188c2a:	f300 8183 	bgt.w	34188f34 <_malloc_r+0x3e8>
34188c2e:	4887      	ldr	r0, [pc, #540]	@ (34188e4c <_malloc_r+0x300>)
34188c30:	2900      	cmp	r1, #0
34188c32:	e9c4 0004 	strd	r0, r0, [r4, #16]
34188c36:	f280 8170 	bge.w	34188f1a <_malloc_r+0x3ce>
34188c3a:	f5b6 7f00 	cmp.w	r6, #512	@ 0x200
34188c3e:	6867      	ldr	r7, [r4, #4]
34188c40:	f080 8110 	bcs.w	34188e64 <_malloc_r+0x318>
34188c44:	08f1      	lsrs	r1, r6, #3
34188c46:	2001      	movs	r0, #1
34188c48:	0976      	lsrs	r6, r6, #5
34188c4a:	3101      	adds	r1, #1
34188c4c:	40b0      	lsls	r0, r6
34188c4e:	f854 5031 	ldr.w	r5, [r4, r1, lsl #3]
34188c52:	4307      	orrs	r7, r0
34188c54:	eb04 00c1 	add.w	r0, r4, r1, lsl #3
34188c58:	3808      	subs	r0, #8
34188c5a:	6067      	str	r7, [r4, #4]
34188c5c:	e9c3 5002 	strd	r5, r0, [r3, #8]
34188c60:	f844 3031 	str.w	r3, [r4, r1, lsl #3]
34188c64:	60eb      	str	r3, [r5, #12]
34188c66:	ea4f 03ae 	mov.w	r3, lr, asr #2
34188c6a:	2601      	movs	r6, #1
34188c6c:	409e      	lsls	r6, r3
34188c6e:	42be      	cmp	r6, r7
34188c70:	d82b      	bhi.n	34188cca <_malloc_r+0x17e>
34188c72:	423e      	tst	r6, r7
34188c74:	d106      	bne.n	34188c84 <_malloc_r+0x138>
34188c76:	f02e 0e03 	bic.w	lr, lr, #3
34188c7a:	0076      	lsls	r6, r6, #1
34188c7c:	f10e 0e04 	add.w	lr, lr, #4
34188c80:	423e      	tst	r6, r7
34188c82:	d0fa      	beq.n	34188c7a <_malloc_r+0x12e>
34188c84:	eb04 0ace 	add.w	sl, r4, lr, lsl #3
34188c88:	46f1      	mov	r9, lr
34188c8a:	eb04 07ce 	add.w	r7, r4, lr, lsl #3
34188c8e:	68f9      	ldr	r1, [r7, #12]
34188c90:	e00c      	b.n	34188cac <_malloc_r+0x160>
34188c92:	6848      	ldr	r0, [r1, #4]
34188c94:	460b      	mov	r3, r1
34188c96:	68c9      	ldr	r1, [r1, #12]
34188c98:	f020 0c03 	bic.w	ip, r0, #3
34188c9c:	ebac 0502 	sub.w	r5, ip, r2
34188ca0:	2d0f      	cmp	r5, #15
34188ca2:	f300 810c 	bgt.w	34188ebe <_malloc_r+0x372>
34188ca6:	2d00      	cmp	r5, #0
34188ca8:	f280 8122 	bge.w	34188ef0 <_malloc_r+0x3a4>
34188cac:	428f      	cmp	r7, r1
34188cae:	d1f0      	bne.n	34188c92 <_malloc_r+0x146>
34188cb0:	f109 0301 	add.w	r3, r9, #1
34188cb4:	3708      	adds	r7, #8
34188cb6:	0798      	lsls	r0, r3, #30
34188cb8:	4699      	mov	r9, r3
34188cba:	d1e8      	bne.n	34188c8e <_malloc_r+0x142>
34188cbc:	e174      	b.n	34188fa8 <_malloc_r+0x45c>
34188cbe:	f44f 7300 	mov.w	r3, #512	@ 0x200
34188cc2:	f04f 0e40 	mov.w	lr, #64	@ 0x40
34188cc6:	263f      	movs	r6, #63	@ 0x3f
34188cc8:	e78f      	b.n	34188bea <_malloc_r+0x9e>
34188cca:	68a7      	ldr	r7, [r4, #8]
34188ccc:	6879      	ldr	r1, [r7, #4]
34188cce:	f021 0603 	bic.w	r6, r1, #3
34188cd2:	4296      	cmp	r6, r2
34188cd4:	eba6 0002 	sub.w	r0, r6, r2
34188cd8:	d302      	bcc.n	34188ce0 <_malloc_r+0x194>
34188cda:	280f      	cmp	r0, #15
34188cdc:	f300 808b 	bgt.w	34188df6 <_malloc_r+0x2aa>
34188ce0:	495b      	ldr	r1, [pc, #364]	@ (34188e50 <_malloc_r+0x304>)
34188ce2:	2008      	movs	r0, #8
34188ce4:	6809      	ldr	r1, [r1, #0]
34188ce6:	3110      	adds	r1, #16
34188ce8:	4411      	add	r1, r2
34188cea:	e9cd 1200 	strd	r1, r2, [sp]
34188cee:	f000 fde7 	bl	341898c0 <sysconf>
34188cf2:	9900      	ldr	r1, [sp, #0]
34188cf4:	4603      	mov	r3, r0
34188cf6:	4682      	mov	sl, r0
34188cf8:	1e48      	subs	r0, r1, #1
34188cfa:	425d      	negs	r5, r3
34188cfc:	4418      	add	r0, r3
34188cfe:	4b55      	ldr	r3, [pc, #340]	@ (34188e54 <_malloc_r+0x308>)
34188d00:	4005      	ands	r5, r0
34188d02:	6818      	ldr	r0, [r3, #0]
34188d04:	f1b0 3fff 	cmp.w	r0, #4294967295	@ 0xffffffff
34188d08:	bf18      	it	ne
34188d0a:	4629      	movne	r1, r5
34188d0c:	4640      	mov	r0, r8
34188d0e:	9100      	str	r1, [sp, #0]
34188d10:	f000 fdbe 	bl	34189890 <_sbrk_r>
34188d14:	1c41      	adds	r1, r0, #1
34188d16:	4605      	mov	r5, r0
34188d18:	e9dd 1200 	ldrd	r1, r2, [sp]
34188d1c:	f000 8127 	beq.w	34188f6e <_malloc_r+0x422>
34188d20:	eb07 0c06 	add.w	ip, r7, r6
34188d24:	4584      	cmp	ip, r0
34188d26:	f200 8120 	bhi.w	34188f6a <_malloc_r+0x41e>
34188d2a:	f8df 9134 	ldr.w	r9, [pc, #308]	@ 34188e60 <_malloc_r+0x314>
34188d2e:	f10a 3eff 	add.w	lr, sl, #4294967295	@ 0xffffffff
34188d32:	f8d9 0000 	ldr.w	r0, [r9]
34188d36:	4408      	add	r0, r1
34188d38:	f8c9 0000 	str.w	r0, [r9]
34188d3c:	f000 8183 	beq.w	34189046 <_malloc_r+0x4fa>
34188d40:	4b44      	ldr	r3, [pc, #272]	@ (34188e54 <_malloc_r+0x308>)
34188d42:	681b      	ldr	r3, [r3, #0]
34188d44:	3301      	adds	r3, #1
34188d46:	f000 8188 	beq.w	3418905a <_malloc_r+0x50e>
34188d4a:	eba5 0c0c 	sub.w	ip, r5, ip
34188d4e:	4460      	add	r0, ip
34188d50:	f8c9 0000 	str.w	r0, [r9]
34188d54:	f015 0307 	ands.w	r3, r5, #7
34188d58:	e9cd 2901 	strd	r2, r9, [sp, #4]
34188d5c:	469b      	mov	fp, r3
34188d5e:	f000 813f 	beq.w	34188fe0 <_malloc_r+0x494>
34188d62:	f1c3 0008 	rsb	r0, r3, #8
34188d66:	4405      	add	r5, r0
34188d68:	eb0a 0c00 	add.w	ip, sl, r0
34188d6c:	4640      	mov	r0, r8
34188d6e:	186b      	adds	r3, r5, r1
34188d70:	ea03 010e 	and.w	r1, r3, lr
34188d74:	469a      	mov	sl, r3
34188d76:	ebac 0101 	sub.w	r1, ip, r1
34188d7a:	ea01 030e 	and.w	r3, r1, lr
34188d7e:	4619      	mov	r1, r3
34188d80:	9300      	str	r3, [sp, #0]
34188d82:	f000 fd85 	bl	34189890 <_sbrk_r>
34188d86:	1c42      	adds	r2, r0, #1
34188d88:	e9dd 2901 	ldrd	r2, r9, [sp, #4]
34188d8c:	f000 8180 	beq.w	34189090 <_malloc_r+0x544>
34188d90:	1b41      	subs	r1, r0, r5
34188d92:	9b00      	ldr	r3, [sp, #0]
34188d94:	f8d9 0000 	ldr.w	r0, [r9]
34188d98:	42a7      	cmp	r7, r4
34188d9a:	4419      	add	r1, r3
34188d9c:	60a5      	str	r5, [r4, #8]
34188d9e:	4418      	add	r0, r3
34188da0:	f041 0101 	orr.w	r1, r1, #1
34188da4:	f8c9 0000 	str.w	r0, [r9]
34188da8:	6069      	str	r1, [r5, #4]
34188daa:	d016      	beq.n	34188dda <_malloc_r+0x28e>
34188dac:	2e0f      	cmp	r6, #15
34188dae:	f240 8157 	bls.w	34189060 <_malloc_r+0x514>
34188db2:	f1a6 010c 	sub.w	r1, r6, #12
34188db6:	2605      	movs	r6, #5
34188db8:	f021 0c07 	bic.w	ip, r1, #7
34188dbc:	6879      	ldr	r1, [r7, #4]
34188dbe:	f001 0101 	and.w	r1, r1, #1
34188dc2:	f1bc 0f0f 	cmp.w	ip, #15
34188dc6:	ea41 010c 	orr.w	r1, r1, ip
34188dca:	6079      	str	r1, [r7, #4]
34188dcc:	eb07 010c 	add.w	r1, r7, ip
34188dd0:	e9c1 6601 	strd	r6, r6, [r1, #4]
34188dd4:	f200 8163 	bhi.w	3418909e <_malloc_r+0x552>
34188dd8:	6869      	ldr	r1, [r5, #4]
34188dda:	4b1f      	ldr	r3, [pc, #124]	@ (34188e58 <_malloc_r+0x30c>)
34188ddc:	681e      	ldr	r6, [r3, #0]
34188dde:	4286      	cmp	r6, r0
34188de0:	bf38      	it	cc
34188de2:	6018      	strcc	r0, [r3, #0]
34188de4:	4b1d      	ldr	r3, [pc, #116]	@ (34188e5c <_malloc_r+0x310>)
34188de6:	681e      	ldr	r6, [r3, #0]
34188de8:	4286      	cmp	r6, r0
34188dea:	d200      	bcs.n	34188dee <_malloc_r+0x2a2>
34188dec:	6018      	str	r0, [r3, #0]
34188dee:	462f      	mov	r7, r5
34188df0:	e0bf      	b.n	34188f72 <_malloc_r+0x426>
34188df2:	6867      	ldr	r7, [r4, #4]
34188df4:	e737      	b.n	34188c66 <_malloc_r+0x11a>
34188df6:	18bd      	adds	r5, r7, r2
34188df8:	f042 0201 	orr.w	r2, r2, #1
34188dfc:	f040 0101 	orr.w	r1, r0, #1
34188e00:	4640      	mov	r0, r8
34188e02:	607a      	str	r2, [r7, #4]
34188e04:	60a5      	str	r5, [r4, #8]
34188e06:	f107 0408 	add.w	r4, r7, #8
34188e0a:	6069      	str	r1, [r5, #4]
34188e0c:	f000 f978 	bl	34189100 <__malloc_unlock>
34188e10:	4620      	mov	r0, r4
34188e12:	b005      	add	sp, #20
34188e14:	e8bd 8ff0 	ldmia.w	sp!, {r4, r5, r6, r7, r8, r9, sl, fp, pc}
34188e18:	68ba      	ldr	r2, [r7, #8]
34188e1a:	4439      	add	r1, r7
34188e1c:	f107 0408 	add.w	r4, r7, #8
34188e20:	4640      	mov	r0, r8
34188e22:	60d3      	str	r3, [r2, #12]
34188e24:	609a      	str	r2, [r3, #8]
34188e26:	684a      	ldr	r2, [r1, #4]
34188e28:	f042 0201 	orr.w	r2, r2, #1
34188e2c:	604a      	str	r2, [r1, #4]
34188e2e:	f000 f967 	bl	34189100 <__malloc_unlock>
34188e32:	4620      	mov	r0, r4
34188e34:	b005      	add	sp, #20
34188e36:	e8bd 8ff0 	ldmia.w	sp!, {r4, r5, r6, r7, r8, r9, sl, fp, pc}
34188e3a:	68cd      	ldr	r5, [r1, #12]
34188e3c:	42a9      	cmp	r1, r5
34188e3e:	f47f ae9d 	bne.w	34188b7c <_malloc_r+0x30>
34188e42:	f10e 0e02 	add.w	lr, lr, #2
34188e46:	e6e6      	b.n	34188c16 <_malloc_r+0xca>
34188e48:	341c0018 	.word	0x341c0018
34188e4c:	341c0020 	.word	0x341c0020
34188e50:	341c1c28 	.word	0x341c1c28
34188e54:	341c000c 	.word	0x341c000c
34188e58:	341c1c24 	.word	0x341c1c24
34188e5c:	341c1c20 	.word	0x341c1c20
34188e60:	341c1bf8 	.word	0x341c1bf8
34188e64:	f5b6 6f20 	cmp.w	r6, #2560	@ 0xa00
34188e68:	ea4f 2056 	mov.w	r0, r6, lsr #9
34188e6c:	d377      	bcc.n	34188f5e <_malloc_r+0x412>
34188e6e:	2814      	cmp	r0, #20
34188e70:	f200 80cc 	bhi.w	3418900c <_malloc_r+0x4c0>
34188e74:	f100 015c 	add.w	r1, r0, #92	@ 0x5c
34188e78:	305b      	adds	r0, #91	@ 0x5b
34188e7a:	00c9      	lsls	r1, r1, #3
34188e7c:	1865      	adds	r5, r4, r1
34188e7e:	5861      	ldr	r1, [r4, r1]
34188e80:	3d08      	subs	r5, #8
34188e82:	428d      	cmp	r5, r1
34188e84:	d103      	bne.n	34188e8e <_malloc_r+0x342>
34188e86:	e0a4      	b.n	34188fd2 <_malloc_r+0x486>
34188e88:	6889      	ldr	r1, [r1, #8]
34188e8a:	428d      	cmp	r5, r1
34188e8c:	d004      	beq.n	34188e98 <_malloc_r+0x34c>
34188e8e:	6848      	ldr	r0, [r1, #4]
34188e90:	f020 0003 	bic.w	r0, r0, #3
34188e94:	42b0      	cmp	r0, r6
34188e96:	d8f7      	bhi.n	34188e88 <_malloc_r+0x33c>
34188e98:	68cd      	ldr	r5, [r1, #12]
34188e9a:	e9c3 1502 	strd	r1, r5, [r3, #8]
34188e9e:	60ab      	str	r3, [r5, #8]
34188ea0:	60cb      	str	r3, [r1, #12]
34188ea2:	e6e0      	b.n	34188c66 <_malloc_r+0x11a>
34188ea4:	2b14      	cmp	r3, #20
34188ea6:	d971      	bls.n	34188f8c <_malloc_r+0x440>
34188ea8:	2b54      	cmp	r3, #84	@ 0x54
34188eaa:	f200 80b7 	bhi.w	3418901c <_malloc_r+0x4d0>
34188eae:	0b13      	lsrs	r3, r2, #12
34188eb0:	f103 0e6f 	add.w	lr, r3, #111	@ 0x6f
34188eb4:	f103 066e 	add.w	r6, r3, #110	@ 0x6e
34188eb8:	ea4f 03ce 	mov.w	r3, lr, lsl #3
34188ebc:	e695      	b.n	34188bea <_malloc_r+0x9e>
34188ebe:	189e      	adds	r6, r3, r2
34188ec0:	f042 0201 	orr.w	r2, r2, #1
34188ec4:	689f      	ldr	r7, [r3, #8]
34188ec6:	4640      	mov	r0, r8
34188ec8:	605a      	str	r2, [r3, #4]
34188eca:	4a87      	ldr	r2, [pc, #540]	@ (341890e8 <_malloc_r+0x59c>)
34188ecc:	60f9      	str	r1, [r7, #12]
34188ece:	608f      	str	r7, [r1, #8]
34188ed0:	9300      	str	r3, [sp, #0]
34188ed2:	e9c4 6604 	strd	r6, r6, [r4, #16]
34188ed6:	e9c6 2202 	strd	r2, r2, [r6, #8]
34188eda:	f045 0201 	orr.w	r2, r5, #1
34188ede:	6072      	str	r2, [r6, #4]
34188ee0:	f843 500c 	str.w	r5, [r3, ip]
34188ee4:	f000 f90c 	bl	34189100 <__malloc_unlock>
34188ee8:	9b00      	ldr	r3, [sp, #0]
34188eea:	f103 0408 	add.w	r4, r3, #8
34188eee:	e65e      	b.n	34188bae <_malloc_r+0x62>
34188ef0:	449c      	add	ip, r3
34188ef2:	461c      	mov	r4, r3
34188ef4:	4640      	mov	r0, r8
34188ef6:	f8dc 3004 	ldr.w	r3, [ip, #4]
34188efa:	f043 0301 	orr.w	r3, r3, #1
34188efe:	f8cc 3004 	str.w	r3, [ip, #4]
34188f02:	f854 3f08 	ldr.w	r3, [r4, #8]!
34188f06:	60d9      	str	r1, [r3, #12]
34188f08:	608b      	str	r3, [r1, #8]
34188f0a:	f000 f8f9 	bl	34189100 <__malloc_unlock>
34188f0e:	e64e      	b.n	34188bae <_malloc_r+0x62>
34188f10:	ea4f 0ed2 	mov.w	lr, r2, lsr #3
34188f14:	f102 0108 	add.w	r1, r2, #8
34188f18:	e628      	b.n	34188b6c <_malloc_r+0x20>
34188f1a:	441e      	add	r6, r3
34188f1c:	4640      	mov	r0, r8
34188f1e:	9300      	str	r3, [sp, #0]
34188f20:	6872      	ldr	r2, [r6, #4]
34188f22:	f042 0201 	orr.w	r2, r2, #1
34188f26:	6072      	str	r2, [r6, #4]
34188f28:	f000 f8ea 	bl	34189100 <__malloc_unlock>
34188f2c:	9b00      	ldr	r3, [sp, #0]
34188f2e:	f103 0408 	add.w	r4, r3, #8
34188f32:	e63c      	b.n	34188bae <_malloc_r+0x62>
34188f34:	189d      	adds	r5, r3, r2
34188f36:	f042 0201 	orr.w	r2, r2, #1
34188f3a:	4640      	mov	r0, r8
34188f3c:	9300      	str	r3, [sp, #0]
34188f3e:	605a      	str	r2, [r3, #4]
34188f40:	4a69      	ldr	r2, [pc, #420]	@ (341890e8 <_malloc_r+0x59c>)
34188f42:	e9c4 5504 	strd	r5, r5, [r4, #16]
34188f46:	e9c5 2202 	strd	r2, r2, [r5, #8]
34188f4a:	f041 0201 	orr.w	r2, r1, #1
34188f4e:	606a      	str	r2, [r5, #4]
34188f50:	5199      	str	r1, [r3, r6]
34188f52:	f000 f8d5 	bl	34189100 <__malloc_unlock>
34188f56:	9b00      	ldr	r3, [sp, #0]
34188f58:	f103 0408 	add.w	r4, r3, #8
34188f5c:	e627      	b.n	34188bae <_malloc_r+0x62>
34188f5e:	09b0      	lsrs	r0, r6, #6
34188f60:	f100 0139 	add.w	r1, r0, #57	@ 0x39
34188f64:	3038      	adds	r0, #56	@ 0x38
34188f66:	00c9      	lsls	r1, r1, #3
34188f68:	e788      	b.n	34188e7c <_malloc_r+0x330>
34188f6a:	42a7      	cmp	r7, r4
34188f6c:	d061      	beq.n	34189032 <_malloc_r+0x4e6>
34188f6e:	68a7      	ldr	r7, [r4, #8]
34188f70:	6879      	ldr	r1, [r7, #4]
34188f72:	f021 0103 	bic.w	r1, r1, #3
34188f76:	4291      	cmp	r1, r2
34188f78:	eba1 0002 	sub.w	r0, r1, r2
34188f7c:	d302      	bcc.n	34188f84 <_malloc_r+0x438>
34188f7e:	280f      	cmp	r0, #15
34188f80:	f73f af39 	bgt.w	34188df6 <_malloc_r+0x2aa>
34188f84:	4640      	mov	r0, r8
34188f86:	f000 f8bb 	bl	34189100 <__malloc_unlock>
34188f8a:	e60f      	b.n	34188bac <_malloc_r+0x60>
34188f8c:	f103 0e5c 	add.w	lr, r3, #92	@ 0x5c
34188f90:	f103 065b 	add.w	r6, r3, #91	@ 0x5b
34188f94:	ea4f 03ce 	mov.w	r3, lr, lsl #3
34188f98:	e627      	b.n	34188bea <_malloc_r+0x9e>
34188f9a:	4651      	mov	r1, sl
34188f9c:	f851 3908 	ldr.w	r3, [r1], #-8
34188fa0:	428b      	cmp	r3, r1
34188fa2:	468a      	mov	sl, r1
34188fa4:	f040 809e 	bne.w	341890e4 <_malloc_r+0x598>
34188fa8:	f01e 0f03 	tst.w	lr, #3
34188fac:	f10e 3eff 	add.w	lr, lr, #4294967295	@ 0xffffffff
34188fb0:	d1f3      	bne.n	34188f9a <_malloc_r+0x44e>
34188fb2:	6863      	ldr	r3, [r4, #4]
34188fb4:	ea23 0306 	bic.w	r3, r3, r6
34188fb8:	6063      	str	r3, [r4, #4]
34188fba:	0076      	lsls	r6, r6, #1
34188fbc:	1e71      	subs	r1, r6, #1
34188fbe:	4299      	cmp	r1, r3
34188fc0:	d303      	bcc.n	34188fca <_malloc_r+0x47e>
34188fc2:	e682      	b.n	34188cca <_malloc_r+0x17e>
34188fc4:	0076      	lsls	r6, r6, #1
34188fc6:	f109 0904 	add.w	r9, r9, #4
34188fca:	421e      	tst	r6, r3
34188fcc:	d0fa      	beq.n	34188fc4 <_malloc_r+0x478>
34188fce:	46ce      	mov	lr, r9
34188fd0:	e658      	b.n	34188c84 <_malloc_r+0x138>
34188fd2:	1080      	asrs	r0, r0, #2
34188fd4:	2601      	movs	r6, #1
34188fd6:	fa06 f000 	lsl.w	r0, r6, r0
34188fda:	4307      	orrs	r7, r0
34188fdc:	6067      	str	r7, [r4, #4]
34188fde:	e75c      	b.n	34188e9a <_malloc_r+0x34e>
34188fe0:	186b      	adds	r3, r5, r1
34188fe2:	4640      	mov	r0, r8
34188fe4:	ea03 010e 	and.w	r1, r3, lr
34188fe8:	9303      	str	r3, [sp, #12]
34188fea:	ebaa 0101 	sub.w	r1, sl, r1
34188fee:	ea01 030e 	and.w	r3, r1, lr
34188ff2:	4619      	mov	r1, r3
34188ff4:	9300      	str	r3, [sp, #0]
34188ff6:	f000 fc4b 	bl	34189890 <_sbrk_r>
34188ffa:	1c43      	adds	r3, r0, #1
34188ffc:	e9dd 2901 	ldrd	r2, r9, [sp, #4]
34189000:	f47f aec6 	bne.w	34188d90 <_malloc_r+0x244>
34189004:	9803      	ldr	r0, [sp, #12]
34189006:	f8cd b000 	str.w	fp, [sp]
3418900a:	e6c1      	b.n	34188d90 <_malloc_r+0x244>
3418900c:	2854      	cmp	r0, #84	@ 0x54
3418900e:	d82a      	bhi.n	34189066 <_malloc_r+0x51a>
34189010:	0b30      	lsrs	r0, r6, #12
34189012:	f100 016f 	add.w	r1, r0, #111	@ 0x6f
34189016:	306e      	adds	r0, #110	@ 0x6e
34189018:	00c9      	lsls	r1, r1, #3
3418901a:	e72f      	b.n	34188e7c <_malloc_r+0x330>
3418901c:	f5b3 7faa 	cmp.w	r3, #340	@ 0x154
34189020:	d82a      	bhi.n	34189078 <_malloc_r+0x52c>
34189022:	0bd3      	lsrs	r3, r2, #15
34189024:	f103 0e78 	add.w	lr, r3, #120	@ 0x78
34189028:	f103 0677 	add.w	r6, r3, #119	@ 0x77
3418902c:	ea4f 03ce 	mov.w	r3, lr, lsl #3
34189030:	e5db      	b.n	34188bea <_malloc_r+0x9e>
34189032:	f8df 90bc 	ldr.w	r9, [pc, #188]	@ 341890f0 <_malloc_r+0x5a4>
34189036:	f10a 3eff 	add.w	lr, sl, #4294967295	@ 0xffffffff
3418903a:	f8d9 0000 	ldr.w	r0, [r9]
3418903e:	4408      	add	r0, r1
34189040:	f8c9 0000 	str.w	r0, [r9]
34189044:	e67c      	b.n	34188d40 <_malloc_r+0x1f4>
34189046:	ea15 0f0e 	tst.w	r5, lr
3418904a:	f47f ae79 	bne.w	34188d40 <_malloc_r+0x1f4>
3418904e:	4431      	add	r1, r6
34189050:	68a5      	ldr	r5, [r4, #8]
34189052:	f041 0101 	orr.w	r1, r1, #1
34189056:	6069      	str	r1, [r5, #4]
34189058:	e6bf      	b.n	34188dda <_malloc_r+0x28e>
3418905a:	4b24      	ldr	r3, [pc, #144]	@ (341890ec <_malloc_r+0x5a0>)
3418905c:	601d      	str	r5, [r3, #0]
3418905e:	e679      	b.n	34188d54 <_malloc_r+0x208>
34189060:	2301      	movs	r3, #1
34189062:	606b      	str	r3, [r5, #4]
34189064:	e78e      	b.n	34188f84 <_malloc_r+0x438>
34189066:	f5b0 7faa 	cmp.w	r0, #340	@ 0x154
3418906a:	d827      	bhi.n	341890bc <_malloc_r+0x570>
3418906c:	0bf0      	lsrs	r0, r6, #15
3418906e:	f100 0178 	add.w	r1, r0, #120	@ 0x78
34189072:	3077      	adds	r0, #119	@ 0x77
34189074:	00c9      	lsls	r1, r1, #3
34189076:	e701      	b.n	34188e7c <_malloc_r+0x330>
34189078:	f240 5154 	movw	r1, #1364	@ 0x554
3418907c:	428b      	cmp	r3, r1
3418907e:	d827      	bhi.n	341890d0 <_malloc_r+0x584>
34189080:	0c93      	lsrs	r3, r2, #18
34189082:	f103 0e7d 	add.w	lr, r3, #125	@ 0x7d
34189086:	f103 067c 	add.w	r6, r3, #124	@ 0x7c
3418908a:	ea4f 03ce 	mov.w	r3, lr, lsl #3
3418908e:	e5ac      	b.n	34188bea <_malloc_r+0x9e>
34189090:	f1ab 0108 	sub.w	r1, fp, #8
34189094:	2300      	movs	r3, #0
34189096:	eb0a 0001 	add.w	r0, sl, r1
3418909a:	9300      	str	r3, [sp, #0]
3418909c:	e678      	b.n	34188d90 <_malloc_r+0x244>
3418909e:	f107 0108 	add.w	r1, r7, #8
341890a2:	4640      	mov	r0, r8
341890a4:	e9cd 2900 	strd	r2, r9, [sp]
341890a8:	f000 fe16 	bl	34189cd8 <_free_r>
341890ac:	68a5      	ldr	r5, [r4, #8]
341890ae:	f8dd 9004 	ldr.w	r9, [sp, #4]
341890b2:	6869      	ldr	r1, [r5, #4]
341890b4:	f8d9 0000 	ldr.w	r0, [r9]
341890b8:	9a00      	ldr	r2, [sp, #0]
341890ba:	e68e      	b.n	34188dda <_malloc_r+0x28e>
341890bc:	f240 5154 	movw	r1, #1364	@ 0x554
341890c0:	4288      	cmp	r0, r1
341890c2:	d80b      	bhi.n	341890dc <_malloc_r+0x590>
341890c4:	0cb0      	lsrs	r0, r6, #18
341890c6:	f100 017d 	add.w	r1, r0, #125	@ 0x7d
341890ca:	307c      	adds	r0, #124	@ 0x7c
341890cc:	00c9      	lsls	r1, r1, #3
341890ce:	e6d5      	b.n	34188e7c <_malloc_r+0x330>
341890d0:	f44f 737e 	mov.w	r3, #1016	@ 0x3f8
341890d4:	f04f 0e7f 	mov.w	lr, #127	@ 0x7f
341890d8:	267e      	movs	r6, #126	@ 0x7e
341890da:	e586      	b.n	34188bea <_malloc_r+0x9e>
341890dc:	f44f 717e 	mov.w	r1, #1016	@ 0x3f8
341890e0:	207e      	movs	r0, #126	@ 0x7e
341890e2:	e6cb      	b.n	34188e7c <_malloc_r+0x330>
341890e4:	6863      	ldr	r3, [r4, #4]
341890e6:	e768      	b.n	34188fba <_malloc_r+0x46e>
341890e8:	341c0020 	.word	0x341c0020
341890ec:	341c000c 	.word	0x341c000c
341890f0:	341c1bf8 	.word	0x341c1bf8

341890f4 <__malloc_lock>:
341890f4:	4801      	ldr	r0, [pc, #4]	@ (341890fc <__malloc_lock+0x8>)
341890f6:	f000 bc2f 	b.w	34189958 <__retarget_lock_acquire_recursive>
341890fa:	bf00      	nop
341890fc:	341c1d68 	.word	0x341c1d68

34189100 <__malloc_unlock>:
34189100:	4801      	ldr	r0, [pc, #4]	@ (34189108 <__malloc_unlock+0x8>)
34189102:	f000 bc2b 	b.w	3418995c <__retarget_lock_release_recursive>
34189106:	bf00      	nop
34189108:	341c1d68 	.word	0x341c1d68

3418910c <printf>:
3418910c:	b40f      	push	{r0, r1, r2, r3}
3418910e:	4908      	ldr	r1, [pc, #32]	@ (34189130 <printf+0x24>)
34189110:	b500      	push	{lr}
34189112:	b083      	sub	sp, #12
34189114:	6808      	ldr	r0, [r1, #0]
34189116:	ab04      	add	r3, sp, #16
34189118:	6881      	ldr	r1, [r0, #8]
3418911a:	f853 2b04 	ldr.w	r2, [r3], #4
3418911e:	9301      	str	r3, [sp, #4]
34189120:	f000 fede 	bl	34189ee0 <_vfprintf_r>
34189124:	b003      	add	sp, #12
34189126:	f85d eb04 	ldr.w	lr, [sp], #4
3418912a:	b004      	add	sp, #16
3418912c:	4770      	bx	lr
3418912e:	bf00      	nop
34189130:	341c042c 	.word	0x341c042c

34189134 <_puts_r>:
34189134:	b530      	push	{r4, r5, lr}
34189136:	4605      	mov	r5, r0
34189138:	b089      	sub	sp, #36	@ 0x24
3418913a:	4608      	mov	r0, r1
3418913c:	460c      	mov	r4, r1
3418913e:	f000 fc85 	bl	34189a4c <strlen>
34189142:	2301      	movs	r3, #1
34189144:	4a2a      	ldr	r2, [pc, #168]	@ (341891f0 <_puts_r+0xbc>)
34189146:	a904      	add	r1, sp, #16
34189148:	9307      	str	r3, [sp, #28]
3418914a:	9206      	str	r2, [sp, #24]
3418914c:	2202      	movs	r2, #2
3418914e:	e9cd 4004 	strd	r4, r0, [sp, #16]
34189152:	4418      	add	r0, r3
34189154:	6b6b      	ldr	r3, [r5, #52]	@ 0x34
34189156:	68ac      	ldr	r4, [r5, #8]
34189158:	9003      	str	r0, [sp, #12]
3418915a:	e9cd 1201 	strd	r1, r2, [sp, #4]
3418915e:	2b00      	cmp	r3, #0
34189160:	d03e      	beq.n	341891e0 <_puts_r+0xac>
34189162:	6e63      	ldr	r3, [r4, #100]	@ 0x64
34189164:	f9b4 200c 	ldrsh.w	r2, [r4, #12]
34189168:	07d8      	lsls	r0, r3, #31
3418916a:	d51c      	bpl.n	341891a6 <_puts_r+0x72>
3418916c:	0491      	lsls	r1, r2, #18
3418916e:	d423      	bmi.n	341891b8 <_puts_r+0x84>
34189170:	f442 5200 	orr.w	r2, r2, #8192	@ 0x2000
34189174:	f423 5300 	bic.w	r3, r3, #8192	@ 0x2000
34189178:	81a2      	strh	r2, [r4, #12]
3418917a:	6663      	str	r3, [r4, #100]	@ 0x64
3418917c:	0499      	lsls	r1, r3, #18
3418917e:	d433      	bmi.n	341891e8 <_puts_r+0xb4>
34189180:	4628      	mov	r0, r5
34189182:	aa01      	add	r2, sp, #4
34189184:	4621      	mov	r1, r4
34189186:	f002 ff7d 	bl	3418c084 <__sfvwrite_r>
3418918a:	2800      	cmp	r0, #0
3418918c:	6e63      	ldr	r3, [r4, #100]	@ 0x64
3418918e:	bf14      	ite	ne
34189190:	f04f 35ff 	movne.w	r5, #4294967295	@ 0xffffffff
34189194:	250a      	moveq	r5, #10
34189196:	07da      	lsls	r2, r3, #31
34189198:	d402      	bmi.n	341891a0 <_puts_r+0x6c>
3418919a:	89a3      	ldrh	r3, [r4, #12]
3418919c:	059b      	lsls	r3, r3, #22
3418919e:	d510      	bpl.n	341891c2 <_puts_r+0x8e>
341891a0:	4628      	mov	r0, r5
341891a2:	b009      	add	sp, #36	@ 0x24
341891a4:	bd30      	pop	{r4, r5, pc}
341891a6:	0590      	lsls	r0, r2, #22
341891a8:	d511      	bpl.n	341891ce <_puts_r+0x9a>
341891aa:	0491      	lsls	r1, r2, #18
341891ac:	d5e0      	bpl.n	34189170 <_puts_r+0x3c>
341891ae:	049b      	lsls	r3, r3, #18
341891b0:	d5e6      	bpl.n	34189180 <_puts_r+0x4c>
341891b2:	f04f 35ff 	mov.w	r5, #4294967295	@ 0xffffffff
341891b6:	e7f0      	b.n	3418919a <_puts_r+0x66>
341891b8:	049b      	lsls	r3, r3, #18
341891ba:	d5e1      	bpl.n	34189180 <_puts_r+0x4c>
341891bc:	f04f 35ff 	mov.w	r5, #4294967295	@ 0xffffffff
341891c0:	e7ee      	b.n	341891a0 <_puts_r+0x6c>
341891c2:	6da0      	ldr	r0, [r4, #88]	@ 0x58
341891c4:	f000 fbca 	bl	3418995c <__retarget_lock_release_recursive>
341891c8:	4628      	mov	r0, r5
341891ca:	b009      	add	sp, #36	@ 0x24
341891cc:	bd30      	pop	{r4, r5, pc}
341891ce:	6da0      	ldr	r0, [r4, #88]	@ 0x58
341891d0:	f000 fbc2 	bl	34189958 <__retarget_lock_acquire_recursive>
341891d4:	f9b4 200c 	ldrsh.w	r2, [r4, #12]
341891d8:	6e63      	ldr	r3, [r4, #100]	@ 0x64
341891da:	0490      	lsls	r0, r2, #18
341891dc:	d4ce      	bmi.n	3418917c <_puts_r+0x48>
341891de:	e7c7      	b.n	34189170 <_puts_r+0x3c>
341891e0:	4628      	mov	r0, r5
341891e2:	f000 f9cd 	bl	34189580 <__sinit>
341891e6:	e7bc      	b.n	34189162 <_puts_r+0x2e>
341891e8:	f04f 35ff 	mov.w	r5, #4294967295	@ 0xffffffff
341891ec:	e7d3      	b.n	34189196 <_puts_r+0x62>
341891ee:	bf00      	nop
341891f0:	3418facc 	.word	0x3418facc

341891f4 <puts>:
341891f4:	4b02      	ldr	r3, [pc, #8]	@ (34189200 <puts+0xc>)
341891f6:	4601      	mov	r1, r0
341891f8:	6818      	ldr	r0, [r3, #0]
341891fa:	f7ff bf9b 	b.w	34189134 <_puts_r>
341891fe:	bf00      	nop
34189200:	341c042c 	.word	0x341c042c

34189204 <__sflush_r>:
34189204:	f9b1 200c 	ldrsh.w	r2, [r1, #12]
34189208:	e92d 41f0 	stmdb	sp!, {r4, r5, r6, r7, r8, lr}
3418920c:	4680      	mov	r8, r0
3418920e:	0710      	lsls	r0, r2, #28
34189210:	460c      	mov	r4, r1
34189212:	d450      	bmi.n	341892b6 <__sflush_r+0xb2>
34189214:	6849      	ldr	r1, [r1, #4]
34189216:	f442 6300 	orr.w	r3, r2, #2048	@ 0x800
3418921a:	2900      	cmp	r1, #0
3418921c:	81a3      	strh	r3, [r4, #12]
3418921e:	dd64      	ble.n	341892ea <__sflush_r+0xe6>
34189220:	6aa6      	ldr	r6, [r4, #40]	@ 0x28
34189222:	2e00      	cmp	r6, #0
34189224:	d044      	beq.n	341892b0 <__sflush_r+0xac>
34189226:	2100      	movs	r1, #0
34189228:	f412 5280 	ands.w	r2, r2, #4096	@ 0x1000
3418922c:	f8d8 5000 	ldr.w	r5, [r8]
34189230:	f8c8 1000 	str.w	r1, [r8]
34189234:	d165      	bne.n	34189302 <__sflush_r+0xfe>
34189236:	69e1      	ldr	r1, [r4, #28]
34189238:	2301      	movs	r3, #1
3418923a:	4640      	mov	r0, r8
3418923c:	47b0      	blx	r6
3418923e:	1c41      	adds	r1, r0, #1
34189240:	4602      	mov	r2, r0
34189242:	d06c      	beq.n	3418931e <__sflush_r+0x11a>
34189244:	f9b4 300c 	ldrsh.w	r3, [r4, #12]
34189248:	6aa6      	ldr	r6, [r4, #40]	@ 0x28
3418924a:	075b      	lsls	r3, r3, #29
3418924c:	d505      	bpl.n	3418925a <__sflush_r+0x56>
3418924e:	6863      	ldr	r3, [r4, #4]
34189250:	1ad2      	subs	r2, r2, r3
34189252:	6b23      	ldr	r3, [r4, #48]	@ 0x30
34189254:	b10b      	cbz	r3, 3418925a <__sflush_r+0x56>
34189256:	6be3      	ldr	r3, [r4, #60]	@ 0x3c
34189258:	1ad2      	subs	r2, r2, r3
3418925a:	2300      	movs	r3, #0
3418925c:	69e1      	ldr	r1, [r4, #28]
3418925e:	4640      	mov	r0, r8
34189260:	47b0      	blx	r6
34189262:	1c47      	adds	r7, r0, #1
34189264:	f9b4 300c 	ldrsh.w	r3, [r4, #12]
34189268:	d14d      	bne.n	34189306 <__sflush_r+0x102>
3418926a:	f8d8 1000 	ldr.w	r1, [r8]
3418926e:	291d      	cmp	r1, #29
34189270:	d840      	bhi.n	341892f4 <__sflush_r+0xf0>
34189272:	4a30      	ldr	r2, [pc, #192]	@ (34189334 <__sflush_r+0x130>)
34189274:	40ca      	lsrs	r2, r1
34189276:	07d6      	lsls	r6, r2, #31
34189278:	d53c      	bpl.n	341892f4 <__sflush_r+0xf0>
3418927a:	f423 6200 	bic.w	r2, r3, #2048	@ 0x800
3418927e:	04d9      	lsls	r1, r3, #19
34189280:	81a2      	strh	r2, [r4, #12]
34189282:	f04f 0200 	mov.w	r2, #0
34189286:	6062      	str	r2, [r4, #4]
34189288:	6922      	ldr	r2, [r4, #16]
3418928a:	6022      	str	r2, [r4, #0]
3418928c:	d503      	bpl.n	34189296 <__sflush_r+0x92>
3418928e:	f8d8 3000 	ldr.w	r3, [r8]
34189292:	2b00      	cmp	r3, #0
34189294:	d041      	beq.n	3418931a <__sflush_r+0x116>
34189296:	6b21      	ldr	r1, [r4, #48]	@ 0x30
34189298:	f8c8 5000 	str.w	r5, [r8]
3418929c:	b141      	cbz	r1, 341892b0 <__sflush_r+0xac>
3418929e:	f104 0340 	add.w	r3, r4, #64	@ 0x40
341892a2:	4299      	cmp	r1, r3
341892a4:	d002      	beq.n	341892ac <__sflush_r+0xa8>
341892a6:	4640      	mov	r0, r8
341892a8:	f000 fd16 	bl	34189cd8 <_free_r>
341892ac:	2300      	movs	r3, #0
341892ae:	6323      	str	r3, [r4, #48]	@ 0x30
341892b0:	2000      	movs	r0, #0
341892b2:	e8bd 81f0 	ldmia.w	sp!, {r4, r5, r6, r7, r8, pc}
341892b6:	690e      	ldr	r6, [r1, #16]
341892b8:	2e00      	cmp	r6, #0
341892ba:	d0f9      	beq.n	341892b0 <__sflush_r+0xac>
341892bc:	0792      	lsls	r2, r2, #30
341892be:	680d      	ldr	r5, [r1, #0]
341892c0:	600e      	str	r6, [r1, #0]
341892c2:	bf0c      	ite	eq
341892c4:	694b      	ldreq	r3, [r1, #20]
341892c6:	2300      	movne	r3, #0
341892c8:	1bad      	subs	r5, r5, r6
341892ca:	608b      	str	r3, [r1, #8]
341892cc:	e00a      	b.n	341892e4 <__sflush_r+0xe0>
341892ce:	462b      	mov	r3, r5
341892d0:	4632      	mov	r2, r6
341892d2:	69e1      	ldr	r1, [r4, #28]
341892d4:	4640      	mov	r0, r8
341892d6:	6a67      	ldr	r7, [r4, #36]	@ 0x24
341892d8:	47b8      	blx	r7
341892da:	2800      	cmp	r0, #0
341892dc:	eba5 0500 	sub.w	r5, r5, r0
341892e0:	4406      	add	r6, r0
341892e2:	dd06      	ble.n	341892f2 <__sflush_r+0xee>
341892e4:	2d00      	cmp	r5, #0
341892e6:	dcf2      	bgt.n	341892ce <__sflush_r+0xca>
341892e8:	e7e2      	b.n	341892b0 <__sflush_r+0xac>
341892ea:	6be1      	ldr	r1, [r4, #60]	@ 0x3c
341892ec:	2900      	cmp	r1, #0
341892ee:	dc97      	bgt.n	34189220 <__sflush_r+0x1c>
341892f0:	e7de      	b.n	341892b0 <__sflush_r+0xac>
341892f2:	89a3      	ldrh	r3, [r4, #12]
341892f4:	f043 0340 	orr.w	r3, r3, #64	@ 0x40
341892f8:	f04f 30ff 	mov.w	r0, #4294967295	@ 0xffffffff
341892fc:	81a3      	strh	r3, [r4, #12]
341892fe:	e8bd 81f0 	ldmia.w	sp!, {r4, r5, r6, r7, r8, pc}
34189302:	6d22      	ldr	r2, [r4, #80]	@ 0x50
34189304:	e7a1      	b.n	3418924a <__sflush_r+0x46>
34189306:	f423 6200 	bic.w	r2, r3, #2048	@ 0x800
3418930a:	04db      	lsls	r3, r3, #19
3418930c:	81a2      	strh	r2, [r4, #12]
3418930e:	f04f 0200 	mov.w	r2, #0
34189312:	6062      	str	r2, [r4, #4]
34189314:	6922      	ldr	r2, [r4, #16]
34189316:	6022      	str	r2, [r4, #0]
34189318:	d5bd      	bpl.n	34189296 <__sflush_r+0x92>
3418931a:	6520      	str	r0, [r4, #80]	@ 0x50
3418931c:	e7bb      	b.n	34189296 <__sflush_r+0x92>
3418931e:	f8d8 3000 	ldr.w	r3, [r8]
34189322:	2b00      	cmp	r3, #0
34189324:	d08e      	beq.n	34189244 <__sflush_r+0x40>
34189326:	2b1d      	cmp	r3, #29
34189328:	d001      	beq.n	3418932e <__sflush_r+0x12a>
3418932a:	2b16      	cmp	r3, #22
3418932c:	d1e1      	bne.n	341892f2 <__sflush_r+0xee>
3418932e:	f8c8 5000 	str.w	r5, [r8]
34189332:	e7bd      	b.n	341892b0 <__sflush_r+0xac>
34189334:	20400001 	.word	0x20400001

34189338 <_fflush_r>:
34189338:	b500      	push	{lr}
3418933a:	4603      	mov	r3, r0
3418933c:	b083      	sub	sp, #12
3418933e:	b108      	cbz	r0, 34189344 <_fflush_r+0xc>
34189340:	6b42      	ldr	r2, [r0, #52]	@ 0x34
34189342:	b352      	cbz	r2, 3418939a <_fflush_r+0x62>
34189344:	f9b1 000c 	ldrsh.w	r0, [r1, #12]
34189348:	b198      	cbz	r0, 34189372 <_fflush_r+0x3a>
3418934a:	6e4a      	ldr	r2, [r1, #100]	@ 0x64
3418934c:	07d2      	lsls	r2, r2, #31
3418934e:	d401      	bmi.n	34189354 <_fflush_r+0x1c>
34189350:	0582      	lsls	r2, r0, #22
34189352:	d512      	bpl.n	3418937a <_fflush_r+0x42>
34189354:	4618      	mov	r0, r3
34189356:	9100      	str	r1, [sp, #0]
34189358:	f7ff ff54 	bl	34189204 <__sflush_r>
3418935c:	9900      	ldr	r1, [sp, #0]
3418935e:	4603      	mov	r3, r0
34189360:	6e4a      	ldr	r2, [r1, #100]	@ 0x64
34189362:	07d0      	lsls	r0, r2, #31
34189364:	d402      	bmi.n	3418936c <_fflush_r+0x34>
34189366:	898a      	ldrh	r2, [r1, #12]
34189368:	0592      	lsls	r2, r2, #22
3418936a:	d50e      	bpl.n	3418938a <_fflush_r+0x52>
3418936c:	4618      	mov	r0, r3
3418936e:	b003      	add	sp, #12
34189370:	bd00      	pop	{pc}
34189372:	4603      	mov	r3, r0
34189374:	4618      	mov	r0, r3
34189376:	b003      	add	sp, #12
34189378:	bd00      	pop	{pc}
3418937a:	6d88      	ldr	r0, [r1, #88]	@ 0x58
3418937c:	9301      	str	r3, [sp, #4]
3418937e:	9100      	str	r1, [sp, #0]
34189380:	f000 faea 	bl	34189958 <__retarget_lock_acquire_recursive>
34189384:	e9dd 1300 	ldrd	r1, r3, [sp]
34189388:	e7e4      	b.n	34189354 <_fflush_r+0x1c>
3418938a:	6d88      	ldr	r0, [r1, #88]	@ 0x58
3418938c:	9300      	str	r3, [sp, #0]
3418938e:	f000 fae5 	bl	3418995c <__retarget_lock_release_recursive>
34189392:	9b00      	ldr	r3, [sp, #0]
34189394:	4618      	mov	r0, r3
34189396:	b003      	add	sp, #12
34189398:	bd00      	pop	{pc}
3418939a:	e9cd 0100 	strd	r0, r1, [sp]
3418939e:	f000 f8ef 	bl	34189580 <__sinit>
341893a2:	e9dd 3100 	ldrd	r3, r1, [sp]
341893a6:	e7cd      	b.n	34189344 <_fflush_r+0xc>

341893a8 <fflush>:
341893a8:	2800      	cmp	r0, #0
341893aa:	d038      	beq.n	3418941e <fflush+0x76>
341893ac:	4b1e      	ldr	r3, [pc, #120]	@ (34189428 <fflush+0x80>)
341893ae:	4601      	mov	r1, r0
341893b0:	681b      	ldr	r3, [r3, #0]
341893b2:	b500      	push	{lr}
341893b4:	b083      	sub	sp, #12
341893b6:	b10b      	cbz	r3, 341893bc <fflush+0x14>
341893b8:	6b5a      	ldr	r2, [r3, #52]	@ 0x34
341893ba:	b1d2      	cbz	r2, 341893f2 <fflush+0x4a>
341893bc:	f9b1 000c 	ldrsh.w	r0, [r1, #12]
341893c0:	b198      	cbz	r0, 341893ea <fflush+0x42>
341893c2:	6e4a      	ldr	r2, [r1, #100]	@ 0x64
341893c4:	07d2      	lsls	r2, r2, #31
341893c6:	d401      	bmi.n	341893cc <fflush+0x24>
341893c8:	0582      	lsls	r2, r0, #22
341893ca:	d51a      	bpl.n	34189402 <fflush+0x5a>
341893cc:	4618      	mov	r0, r3
341893ce:	9100      	str	r1, [sp, #0]
341893d0:	f7ff ff18 	bl	34189204 <__sflush_r>
341893d4:	9900      	ldr	r1, [sp, #0]
341893d6:	4603      	mov	r3, r0
341893d8:	6e4a      	ldr	r2, [r1, #100]	@ 0x64
341893da:	07d0      	lsls	r0, r2, #31
341893dc:	d402      	bmi.n	341893e4 <fflush+0x3c>
341893de:	898a      	ldrh	r2, [r1, #12]
341893e0:	0592      	lsls	r2, r2, #22
341893e2:	d516      	bpl.n	34189412 <fflush+0x6a>
341893e4:	4618      	mov	r0, r3
341893e6:	b003      	add	sp, #12
341893e8:	bd00      	pop	{pc}
341893ea:	4603      	mov	r3, r0
341893ec:	4618      	mov	r0, r3
341893ee:	b003      	add	sp, #12
341893f0:	bd00      	pop	{pc}
341893f2:	9001      	str	r0, [sp, #4]
341893f4:	4618      	mov	r0, r3
341893f6:	9300      	str	r3, [sp, #0]
341893f8:	f000 f8c2 	bl	34189580 <__sinit>
341893fc:	e9dd 3100 	ldrd	r3, r1, [sp]
34189400:	e7dc      	b.n	341893bc <fflush+0x14>
34189402:	6d88      	ldr	r0, [r1, #88]	@ 0x58
34189404:	9301      	str	r3, [sp, #4]
34189406:	9100      	str	r1, [sp, #0]
34189408:	f000 faa6 	bl	34189958 <__retarget_lock_acquire_recursive>
3418940c:	e9dd 1300 	ldrd	r1, r3, [sp]
34189410:	e7dc      	b.n	341893cc <fflush+0x24>
34189412:	6d88      	ldr	r0, [r1, #88]	@ 0x58
34189414:	9300      	str	r3, [sp, #0]
34189416:	f000 faa1 	bl	3418995c <__retarget_lock_release_recursive>
3418941a:	9b00      	ldr	r3, [sp, #0]
3418941c:	e7e2      	b.n	341893e4 <fflush+0x3c>
3418941e:	4a03      	ldr	r2, [pc, #12]	@ (3418942c <fflush+0x84>)
34189420:	4903      	ldr	r1, [pc, #12]	@ (34189430 <fflush+0x88>)
34189422:	4804      	ldr	r0, [pc, #16]	@ (34189434 <fflush+0x8c>)
34189424:	f002 bfa8 	b.w	3418c378 <_fwalk_sglue>
34189428:	341c042c 	.word	0x341c042c
3418942c:	341c0420 	.word	0x341c0420
34189430:	34189339 	.word	0x34189339
34189434:	341c0430 	.word	0x341c0430

34189438 <stdio_exit_handler>:
34189438:	4a02      	ldr	r2, [pc, #8]	@ (34189444 <stdio_exit_handler+0xc>)
3418943a:	4903      	ldr	r1, [pc, #12]	@ (34189448 <stdio_exit_handler+0x10>)
3418943c:	4803      	ldr	r0, [pc, #12]	@ (3418944c <stdio_exit_handler+0x14>)
3418943e:	f002 bf9b 	b.w	3418c378 <_fwalk_sglue>
34189442:	bf00      	nop
34189444:	341c0420 	.word	0x341c0420
34189448:	3418c741 	.word	0x3418c741
3418944c:	341c0430 	.word	0x341c0430

34189450 <cleanup_stdio>:
34189450:	4b0c      	ldr	r3, [pc, #48]	@ (34189484 <cleanup_stdio+0x34>)
34189452:	6841      	ldr	r1, [r0, #4]
34189454:	4299      	cmp	r1, r3
34189456:	b510      	push	{r4, lr}
34189458:	4604      	mov	r4, r0
3418945a:	d001      	beq.n	34189460 <cleanup_stdio+0x10>
3418945c:	f003 f970 	bl	3418c740 <_fclose_r>
34189460:	68a1      	ldr	r1, [r4, #8]
34189462:	4b09      	ldr	r3, [pc, #36]	@ (34189488 <cleanup_stdio+0x38>)
34189464:	4299      	cmp	r1, r3
34189466:	d002      	beq.n	3418946e <cleanup_stdio+0x1e>
34189468:	4620      	mov	r0, r4
3418946a:	f003 f969 	bl	3418c740 <_fclose_r>
3418946e:	68e1      	ldr	r1, [r4, #12]
34189470:	4b06      	ldr	r3, [pc, #24]	@ (3418948c <cleanup_stdio+0x3c>)
34189472:	4299      	cmp	r1, r3
34189474:	d004      	beq.n	34189480 <cleanup_stdio+0x30>
34189476:	4620      	mov	r0, r4
34189478:	e8bd 4010 	ldmia.w	sp!, {r4, lr}
3418947c:	f003 b960 	b.w	3418c740 <_fclose_r>
34189480:	bd10      	pop	{r4, pc}
34189482:	bf00      	nop
34189484:	341c1c2c 	.word	0x341c1c2c
34189488:	341c1c94 	.word	0x341c1c94
3418948c:	341c1cfc 	.word	0x341c1cfc

34189490 <global_stdio_init.part.0>:
34189490:	e92d 43f8 	stmdb	sp!, {r3, r4, r5, r6, r7, r8, r9, lr}
34189494:	4a31      	ldr	r2, [pc, #196]	@ (3418955c <global_stdio_init.part.0+0xcc>)
34189496:	2500      	movs	r5, #0
34189498:	4c31      	ldr	r4, [pc, #196]	@ (34189560 <global_stdio_init.part.0+0xd0>)
3418949a:	2304      	movs	r3, #4
3418949c:	4931      	ldr	r1, [pc, #196]	@ (34189564 <global_stdio_init.part.0+0xd4>)
3418949e:	f8df 90d8 	ldr.w	r9, [pc, #216]	@ 34189578 <global_stdio_init.part.0+0xe8>
341894a2:	f104 005c 	add.w	r0, r4, #92	@ 0x5c
341894a6:	f8df 80d4 	ldr.w	r8, [pc, #212]	@ 3418957c <global_stdio_init.part.0+0xec>
341894aa:	4f2f      	ldr	r7, [pc, #188]	@ (34189568 <global_stdio_init.part.0+0xd8>)
341894ac:	4e2f      	ldr	r6, [pc, #188]	@ (3418956c <global_stdio_init.part.0+0xdc>)
341894ae:	6011      	str	r1, [r2, #0]
341894b0:	4629      	mov	r1, r5
341894b2:	2208      	movs	r2, #8
341894b4:	6025      	str	r5, [r4, #0]
341894b6:	6665      	str	r5, [r4, #100]	@ 0x64
341894b8:	e9c4 3503 	strd	r3, r5, [r4, #12]
341894bc:	e9c4 5501 	strd	r5, r5, [r4, #4]
341894c0:	e9c4 5505 	strd	r5, r5, [r4, #20]
341894c4:	f000 f958 	bl	34189778 <memset>
341894c8:	f104 0058 	add.w	r0, r4, #88	@ 0x58
341894cc:	62e6      	str	r6, [r4, #44]	@ 0x2c
341894ce:	e9c4 4907 	strd	r4, r9, [r4, #28]
341894d2:	e9c4 8709 	strd	r8, r7, [r4, #36]	@ 0x24
341894d6:	f000 fa3b 	bl	34189950 <__retarget_lock_init_recursive>
341894da:	4b25      	ldr	r3, [pc, #148]	@ (34189570 <global_stdio_init.part.0+0xe0>)
341894dc:	4629      	mov	r1, r5
341894de:	2208      	movs	r2, #8
341894e0:	f104 00c4 	add.w	r0, r4, #196	@ 0xc4
341894e4:	6763      	str	r3, [r4, #116]	@ 0x74
341894e6:	6725      	str	r5, [r4, #112]	@ 0x70
341894e8:	f8c4 50cc 	str.w	r5, [r4, #204]	@ 0xcc
341894ec:	f8c4 5080 	str.w	r5, [r4, #128]	@ 0x80
341894f0:	e9c4 551a 	strd	r5, r5, [r4, #104]	@ 0x68
341894f4:	e9c4 551e 	strd	r5, r5, [r4, #120]	@ 0x78
341894f8:	f000 f93e 	bl	34189778 <memset>
341894fc:	f104 0368 	add.w	r3, r4, #104	@ 0x68
34189500:	f104 00c0 	add.w	r0, r4, #192	@ 0xc0
34189504:	f8c4 3084 	str.w	r3, [r4, #132]	@ 0x84
34189508:	e9c4 9822 	strd	r9, r8, [r4, #136]	@ 0x88
3418950c:	e9c4 7624 	strd	r7, r6, [r4, #144]	@ 0x90
34189510:	f000 fa1e 	bl	34189950 <__retarget_lock_init_recursive>
34189514:	4b17      	ldr	r3, [pc, #92]	@ (34189574 <global_stdio_init.part.0+0xe4>)
34189516:	4629      	mov	r1, r5
34189518:	f504 7096 	add.w	r0, r4, #300	@ 0x12c
3418951c:	2208      	movs	r2, #8
3418951e:	f8c4 30dc 	str.w	r3, [r4, #220]	@ 0xdc
34189522:	f8c4 50d8 	str.w	r5, [r4, #216]	@ 0xd8
34189526:	f8c4 5134 	str.w	r5, [r4, #308]	@ 0x134
3418952a:	f8c4 50e8 	str.w	r5, [r4, #232]	@ 0xe8
3418952e:	e9c4 5534 	strd	r5, r5, [r4, #208]	@ 0xd0
34189532:	e9c4 5538 	strd	r5, r5, [r4, #224]	@ 0xe0
34189536:	f000 f91f 	bl	34189778 <memset>
3418953a:	f104 03d0 	add.w	r3, r4, #208	@ 0xd0
3418953e:	f504 7094 	add.w	r0, r4, #296	@ 0x128
34189542:	f8c4 90f0 	str.w	r9, [r4, #240]	@ 0xf0
34189546:	f8c4 60fc 	str.w	r6, [r4, #252]	@ 0xfc
3418954a:	f8c4 30ec 	str.w	r3, [r4, #236]	@ 0xec
3418954e:	e9c4 873d 	strd	r8, r7, [r4, #244]	@ 0xf4
34189552:	e8bd 43f8 	ldmia.w	sp!, {r3, r4, r5, r6, r7, r8, r9, lr}
34189556:	f000 b9fb 	b.w	34189950 <__retarget_lock_init_recursive>
3418955a:	bf00      	nop
3418955c:	341c1d64 	.word	0x341c1d64
34189560:	341c1c2c 	.word	0x341c1c2c
34189564:	34189439 	.word	0x34189439
34189568:	3418c869 	.word	0x3418c869
3418956c:	3418c891 	.word	0x3418c891
34189570:	00010009 	.word	0x00010009
34189574:	00020012 	.word	0x00020012
34189578:	3418c805 	.word	0x3418c805
3418957c:	3418c829 	.word	0x3418c829

34189580 <__sinit>:
34189580:	b510      	push	{r4, lr}
34189582:	4604      	mov	r4, r0
34189584:	480a      	ldr	r0, [pc, #40]	@ (341895b0 <__sinit+0x30>)
34189586:	f000 f9e7 	bl	34189958 <__retarget_lock_acquire_recursive>
3418958a:	6b63      	ldr	r3, [r4, #52]	@ 0x34
3418958c:	b923      	cbnz	r3, 34189598 <__sinit+0x18>
3418958e:	4b09      	ldr	r3, [pc, #36]	@ (341895b4 <__sinit+0x34>)
34189590:	4a09      	ldr	r2, [pc, #36]	@ (341895b8 <__sinit+0x38>)
34189592:	681b      	ldr	r3, [r3, #0]
34189594:	6362      	str	r2, [r4, #52]	@ 0x34
34189596:	b123      	cbz	r3, 341895a2 <__sinit+0x22>
34189598:	4805      	ldr	r0, [pc, #20]	@ (341895b0 <__sinit+0x30>)
3418959a:	e8bd 4010 	ldmia.w	sp!, {r4, lr}
3418959e:	f000 b9dd 	b.w	3418995c <__retarget_lock_release_recursive>
341895a2:	f7ff ff75 	bl	34189490 <global_stdio_init.part.0>
341895a6:	4802      	ldr	r0, [pc, #8]	@ (341895b0 <__sinit+0x30>)
341895a8:	e8bd 4010 	ldmia.w	sp!, {r4, lr}
341895ac:	f000 b9d6 	b.w	3418995c <__retarget_lock_release_recursive>
341895b0:	341c1d70 	.word	0x341c1d70
341895b4:	341c1d64 	.word	0x341c1d64
341895b8:	34189451 	.word	0x34189451

341895bc <__sfp_lock_acquire>:
341895bc:	4801      	ldr	r0, [pc, #4]	@ (341895c4 <__sfp_lock_acquire+0x8>)
341895be:	f000 b9cb 	b.w	34189958 <__retarget_lock_acquire_recursive>
341895c2:	bf00      	nop
341895c4:	341c1d70 	.word	0x341c1d70

341895c8 <__sfp_lock_release>:
341895c8:	4801      	ldr	r0, [pc, #4]	@ (341895d0 <__sfp_lock_release+0x8>)
341895ca:	f000 b9c7 	b.w	3418995c <__retarget_lock_release_recursive>
341895ce:	bf00      	nop
341895d0:	341c1d70 	.word	0x341c1d70

341895d4 <memcmp>:
341895d4:	2a03      	cmp	r2, #3
341895d6:	d810      	bhi.n	341895fa <memcmp+0x26>
341895d8:	b3d2      	cbz	r2, 34189650 <memcmp+0x7c>
341895da:	3a01      	subs	r2, #1
341895dc:	1e43      	subs	r3, r0, #1
341895de:	3901      	subs	r1, #1
341895e0:	4402      	add	r2, r0
341895e2:	e001      	b.n	341895e8 <memcmp+0x14>
341895e4:	429a      	cmp	r2, r3
341895e6:	d033      	beq.n	34189650 <memcmp+0x7c>
341895e8:	f813 0f01 	ldrb.w	r0, [r3, #1]!
341895ec:	f811 cf01 	ldrb.w	ip, [r1, #1]!
341895f0:	4560      	cmp	r0, ip
341895f2:	d0f7      	beq.n	341895e4 <memcmp+0x10>
341895f4:	eba0 000c 	sub.w	r0, r0, ip
341895f8:	4770      	bx	lr
341895fa:	b510      	push	{r4, lr}
341895fc:	ea41 0400 	orr.w	r4, r1, r0
34189600:	4684      	mov	ip, r0
34189602:	460b      	mov	r3, r1
34189604:	07a4      	lsls	r4, r4, #30
34189606:	d00f      	beq.n	34189628 <memcmp+0x54>
34189608:	3a01      	subs	r2, #1
3418960a:	1e43      	subs	r3, r0, #1
3418960c:	3901      	subs	r1, #1
3418960e:	4402      	add	r2, r0
34189610:	e001      	b.n	34189616 <memcmp+0x42>
34189612:	429a      	cmp	r2, r3
34189614:	d01a      	beq.n	3418964c <memcmp+0x78>
34189616:	f813 0f01 	ldrb.w	r0, [r3, #1]!
3418961a:	f811 cf01 	ldrb.w	ip, [r1, #1]!
3418961e:	4560      	cmp	r0, ip
34189620:	d0f7      	beq.n	34189612 <memcmp+0x3e>
34189622:	eba0 000c 	sub.w	r0, r0, ip
34189626:	bd10      	pop	{r4, pc}
34189628:	f8dc 4000 	ldr.w	r4, [ip]
3418962c:	4619      	mov	r1, r3
3418962e:	f8d3 e000 	ldr.w	lr, [r3]
34189632:	4660      	mov	r0, ip
34189634:	3304      	adds	r3, #4
34189636:	f10c 0c04 	add.w	ip, ip, #4
3418963a:	4574      	cmp	r4, lr
3418963c:	d1e4      	bne.n	34189608 <memcmp+0x34>
3418963e:	3a04      	subs	r2, #4
34189640:	2a03      	cmp	r2, #3
34189642:	d8f1      	bhi.n	34189628 <memcmp+0x54>
34189644:	4660      	mov	r0, ip
34189646:	4619      	mov	r1, r3
34189648:	2a00      	cmp	r2, #0
3418964a:	d1dd      	bne.n	34189608 <memcmp+0x34>
3418964c:	2000      	movs	r0, #0
3418964e:	bd10      	pop	{r4, pc}
34189650:	2000      	movs	r0, #0
34189652:	4770      	bx	lr

34189654 <memmove>:
34189654:	4288      	cmp	r0, r1
34189656:	b570      	push	{r4, r5, r6, lr}
34189658:	d931      	bls.n	341896be <memmove+0x6a>
3418965a:	188b      	adds	r3, r1, r2
3418965c:	4283      	cmp	r3, r0
3418965e:	d92e      	bls.n	341896be <memmove+0x6a>
34189660:	2a03      	cmp	r2, #3
34189662:	eb00 0102 	add.w	r1, r0, r2
34189666:	d91d      	bls.n	341896a4 <memmove+0x50>
34189668:	ea41 0c03 	orr.w	ip, r1, r3
3418966c:	461d      	mov	r5, r3
3418966e:	f01c 0f03 	tst.w	ip, #3
34189672:	d118      	bne.n	341896a6 <memmove+0x52>
34189674:	ea4f 0e92 	mov.w	lr, r2, lsr #2
34189678:	468c      	mov	ip, r1
3418967a:	f10e 36ff 	add.w	r6, lr, #4294967295	@ 0xffffffff
3418967e:	eba1 048e 	sub.w	r4, r1, lr, lsl #2
34189682:	f853 ed04 	ldr.w	lr, [r3, #-4]!
34189686:	f84c ed04 	str.w	lr, [ip, #-4]!
3418968a:	45a4      	cmp	ip, r4
3418968c:	d1f9      	bne.n	34189682 <memmove+0x2e>
3418968e:	ebc6 7386 	rsb	r3, r6, r6, lsl #30
34189692:	f002 0203 	and.w	r2, r2, #3
34189696:	eb01 0183 	add.w	r1, r1, r3, lsl #2
3418969a:	eb05 0c83 	add.w	ip, r5, r3, lsl #2
3418969e:	3904      	subs	r1, #4
341896a0:	f1ac 0304 	sub.w	r3, ip, #4
341896a4:	b152      	cbz	r2, 341896bc <memmove+0x68>
341896a6:	f102 3cff 	add.w	ip, r2, #4294967295	@ 0xffffffff
341896aa:	ea6f 0c0c 	mvn.w	ip, ip
341896ae:	449c      	add	ip, r3
341896b0:	f813 2d01 	ldrb.w	r2, [r3, #-1]!
341896b4:	4563      	cmp	r3, ip
341896b6:	f801 2d01 	strb.w	r2, [r1, #-1]!
341896ba:	d1f9      	bne.n	341896b0 <memmove+0x5c>
341896bc:	bd70      	pop	{r4, r5, r6, pc}
341896be:	2a03      	cmp	r2, #3
341896c0:	d950      	bls.n	34189764 <memmove+0x110>
341896c2:	ea41 0300 	orr.w	r3, r1, r0
341896c6:	079b      	lsls	r3, r3, #30
341896c8:	d14e      	bne.n	34189768 <memmove+0x114>
341896ca:	2a0f      	cmp	r2, #15
341896cc:	d951      	bls.n	34189772 <memmove+0x11e>
341896ce:	f022 030f 	bic.w	r3, r2, #15
341896d2:	f101 0610 	add.w	r6, r1, #16
341896d6:	f101 0c10 	add.w	ip, r1, #16
341896da:	3120      	adds	r1, #32
341896dc:	3b10      	subs	r3, #16
341896de:	f100 0e10 	add.w	lr, r0, #16
341896e2:	4419      	add	r1, r3
341896e4:	f85c 4c10 	ldr.w	r4, [ip, #-16]
341896e8:	f10c 0c10 	add.w	ip, ip, #16
341896ec:	f10e 0e10 	add.w	lr, lr, #16
341896f0:	f84e 4c20 	str.w	r4, [lr, #-32]
341896f4:	f85c 4c1c 	ldr.w	r4, [ip, #-28]
341896f8:	f84e 4c1c 	str.w	r4, [lr, #-28]
341896fc:	f85c 4c18 	ldr.w	r4, [ip, #-24]
34189700:	f84e 4c18 	str.w	r4, [lr, #-24]
34189704:	f85c 4c14 	ldr.w	r4, [ip, #-20]
34189708:	458c      	cmp	ip, r1
3418970a:	f84e 4c14 	str.w	r4, [lr, #-20]
3418970e:	d1e9      	bne.n	341896e4 <memmove+0x90>
34189710:	18f1      	adds	r1, r6, r3
34189712:	f012 0f0c 	tst.w	r2, #12
34189716:	4403      	add	r3, r0
34189718:	f002 050f 	and.w	r5, r2, #15
3418971c:	f103 0310 	add.w	r3, r3, #16
34189720:	d025      	beq.n	3418976e <memmove+0x11a>
34189722:	f025 0c03 	bic.w	ip, r5, #3
34189726:	1f1a      	subs	r2, r3, #4
34189728:	f1ac 0404 	sub.w	r4, ip, #4
3418972c:	468c      	mov	ip, r1
3418972e:	4626      	mov	r6, r4
34189730:	191c      	adds	r4, r3, r4
34189732:	f85c eb04 	ldr.w	lr, [ip], #4
34189736:	f842 ef04 	str.w	lr, [r2, #4]!
3418973a:	42a2      	cmp	r2, r4
3418973c:	d1f9      	bne.n	34189732 <memmove+0xde>
3418973e:	3104      	adds	r1, #4
34189740:	3304      	adds	r3, #4
34189742:	f005 0203 	and.w	r2, r5, #3
34189746:	4431      	add	r1, r6
34189748:	4433      	add	r3, r6
3418974a:	2a00      	cmp	r2, #0
3418974c:	d0b6      	beq.n	341896bc <memmove+0x68>
3418974e:	3a01      	subs	r2, #1
34189750:	3201      	adds	r2, #1
34189752:	3b01      	subs	r3, #1
34189754:	440a      	add	r2, r1
34189756:	f811 cb01 	ldrb.w	ip, [r1], #1
3418975a:	4291      	cmp	r1, r2
3418975c:	f803 cf01 	strb.w	ip, [r3, #1]!
34189760:	d1f9      	bne.n	34189756 <memmove+0x102>
34189762:	bd70      	pop	{r4, r5, r6, pc}
34189764:	4603      	mov	r3, r0
34189766:	e7f0      	b.n	3418974a <memmove+0xf6>
34189768:	3a01      	subs	r2, #1
3418976a:	4603      	mov	r3, r0
3418976c:	e7f0      	b.n	34189750 <memmove+0xfc>
3418976e:	462a      	mov	r2, r5
34189770:	e7eb      	b.n	3418974a <memmove+0xf6>
34189772:	4603      	mov	r3, r0
34189774:	4615      	mov	r5, r2
34189776:	e7d4      	b.n	34189722 <memmove+0xce>

34189778 <memset>:
34189778:	b530      	push	{r4, r5, lr}
3418977a:	0784      	lsls	r4, r0, #30
3418977c:	4686      	mov	lr, r0
3418977e:	4603      	mov	r3, r0
34189780:	d006      	beq.n	34189790 <memset+0x18>
34189782:	b3a2      	cbz	r2, 341897ee <memset+0x76>
34189784:	f803 1b01 	strb.w	r1, [r3], #1
34189788:	0798      	lsls	r0, r3, #30
3418978a:	f102 32ff 	add.w	r2, r2, #4294967295	@ 0xffffffff
3418978e:	d1f8      	bne.n	34189782 <memset+0xa>
34189790:	2a03      	cmp	r2, #3
34189792:	d926      	bls.n	341897e2 <memset+0x6a>
34189794:	fa5f fc81 	uxtb.w	ip, r1
34189798:	2a0f      	cmp	r2, #15
3418979a:	eb0c 2c0c 	add.w	ip, ip, ip, lsl #8
3418979e:	eb0c 400c 	add.w	r0, ip, ip, lsl #16
341897a2:	d92a      	bls.n	341897fa <memset+0x82>
341897a4:	f022 0c0f 	bic.w	ip, r2, #15
341897a8:	449c      	add	ip, r3
341897aa:	e9c3 0000 	strd	r0, r0, [r3]
341897ae:	e9c3 0002 	strd	r0, r0, [r3, #8]
341897b2:	3310      	adds	r3, #16
341897b4:	4563      	cmp	r3, ip
341897b6:	d1f8      	bne.n	341897aa <memset+0x32>
341897b8:	f012 0f0c 	tst.w	r2, #12
341897bc:	f002 050f 	and.w	r5, r2, #15
341897c0:	d017      	beq.n	341897f2 <memset+0x7a>
341897c2:	ea4f 0c95 	mov.w	ip, r5, lsr #2
341897c6:	461a      	mov	r2, r3
341897c8:	f10c 34ff 	add.w	r4, ip, #4294967295	@ 0xffffffff
341897cc:	eb03 0c8c 	add.w	ip, r3, ip, lsl #2
341897d0:	f842 0b04 	str.w	r0, [r2], #4
341897d4:	4562      	cmp	r2, ip
341897d6:	d1fb      	bne.n	341897d0 <memset+0x58>
341897d8:	3304      	adds	r3, #4
341897da:	f005 0203 	and.w	r2, r5, #3
341897de:	eb03 0384 	add.w	r3, r3, r4, lsl #2
341897e2:	b122      	cbz	r2, 341897ee <memset+0x76>
341897e4:	441a      	add	r2, r3
341897e6:	f803 1b01 	strb.w	r1, [r3], #1
341897ea:	429a      	cmp	r2, r3
341897ec:	d1fb      	bne.n	341897e6 <memset+0x6e>
341897ee:	4670      	mov	r0, lr
341897f0:	bd30      	pop	{r4, r5, pc}
341897f2:	462a      	mov	r2, r5
341897f4:	2a00      	cmp	r2, #0
341897f6:	d1f5      	bne.n	341897e4 <memset+0x6c>
341897f8:	e7f9      	b.n	341897ee <memset+0x76>
341897fa:	4615      	mov	r5, r2
341897fc:	e7e1      	b.n	341897c2 <memset+0x4a>
341897fe:	bf00      	nop

34189800 <raise>:
34189800:	4b17      	ldr	r3, [pc, #92]	@ (34189860 <raise+0x60>)
34189802:	281f      	cmp	r0, #31
34189804:	b510      	push	{r4, lr}
34189806:	681c      	ldr	r4, [r3, #0]
34189808:	b082      	sub	sp, #8
3418980a:	d823      	bhi.n	34189854 <raise+0x54>
3418980c:	f8d4 11f8 	ldr.w	r1, [r4, #504]	@ 0x1f8
34189810:	4602      	mov	r2, r0
34189812:	b171      	cbz	r1, 34189832 <raise+0x32>
34189814:	f851 3020 	ldr.w	r3, [r1, r0, lsl #2]
34189818:	b15b      	cbz	r3, 34189832 <raise+0x32>
3418981a:	2b01      	cmp	r3, #1
3418981c:	d006      	beq.n	3418982c <raise+0x2c>
3418981e:	f1b3 3fff 	cmp.w	r3, #4294967295	@ 0xffffffff
34189822:	d012      	beq.n	3418984a <raise+0x4a>
34189824:	2400      	movs	r4, #0
34189826:	f841 4020 	str.w	r4, [r1, r0, lsl #2]
3418982a:	4798      	blx	r3
3418982c:	2000      	movs	r0, #0
3418982e:	b002      	add	sp, #8
34189830:	bd10      	pop	{r4, pc}
34189832:	4620      	mov	r0, r4
34189834:	9201      	str	r2, [sp, #4]
34189836:	f000 f829 	bl	3418988c <_getpid_r>
3418983a:	9a01      	ldr	r2, [sp, #4]
3418983c:	4601      	mov	r1, r0
3418983e:	4620      	mov	r0, r4
34189840:	b002      	add	sp, #8
34189842:	e8bd 4010 	ldmia.w	sp!, {r4, lr}
34189846:	f000 b80d 	b.w	34189864 <_kill_r>
3418984a:	2316      	movs	r3, #22
3418984c:	2001      	movs	r0, #1
3418984e:	6023      	str	r3, [r4, #0]
34189850:	b002      	add	sp, #8
34189852:	bd10      	pop	{r4, pc}
34189854:	2316      	movs	r3, #22
34189856:	f04f 30ff 	mov.w	r0, #4294967295	@ 0xffffffff
3418985a:	6023      	str	r3, [r4, #0]
3418985c:	e7e7      	b.n	3418982e <raise+0x2e>
3418985e:	bf00      	nop
34189860:	341c042c 	.word	0x341c042c

34189864 <_kill_r>:
34189864:	b538      	push	{r3, r4, r5, lr}
34189866:	2300      	movs	r3, #0
34189868:	4c07      	ldr	r4, [pc, #28]	@ (34189888 <_kill_r+0x24>)
3418986a:	4605      	mov	r5, r0
3418986c:	4608      	mov	r0, r1
3418986e:	4611      	mov	r1, r2
34189870:	6023      	str	r3, [r4, #0]
34189872:	f006 f827 	bl	3418f8c4 <_kill>
34189876:	1c43      	adds	r3, r0, #1
34189878:	d000      	beq.n	3418987c <_kill_r+0x18>
3418987a:	bd38      	pop	{r3, r4, r5, pc}
3418987c:	6823      	ldr	r3, [r4, #0]
3418987e:	2b00      	cmp	r3, #0
34189880:	d0fb      	beq.n	3418987a <_kill_r+0x16>
34189882:	602b      	str	r3, [r5, #0]
34189884:	bd38      	pop	{r3, r4, r5, pc}
34189886:	bf00      	nop
34189888:	341c1f08 	.word	0x341c1f08

3418988c <_getpid_r>:
3418988c:	f006 b80a 	b.w	3418f8a4 <_getpid>

34189890 <_sbrk_r>:
34189890:	b538      	push	{r3, r4, r5, lr}
34189892:	2300      	movs	r3, #0
34189894:	4c06      	ldr	r4, [pc, #24]	@ (341898b0 <_sbrk_r+0x20>)
34189896:	4605      	mov	r5, r0
34189898:	4608      	mov	r0, r1
3418989a:	6023      	str	r3, [r4, #0]
3418989c:	f7fd f880 	bl	341869a0 <_sbrk>
341898a0:	1c43      	adds	r3, r0, #1
341898a2:	d000      	beq.n	341898a6 <_sbrk_r+0x16>
341898a4:	bd38      	pop	{r3, r4, r5, pc}
341898a6:	6823      	ldr	r3, [r4, #0]
341898a8:	2b00      	cmp	r3, #0
341898aa:	d0fb      	beq.n	341898a4 <_sbrk_r+0x14>
341898ac:	602b      	str	r3, [r5, #0]
341898ae:	bd38      	pop	{r3, r4, r5, pc}
341898b0:	341c1f08 	.word	0x341c1f08

341898b4 <__errno>:
341898b4:	4b01      	ldr	r3, [pc, #4]	@ (341898bc <__errno+0x8>)
341898b6:	6818      	ldr	r0, [r3, #0]
341898b8:	4770      	bx	lr
341898ba:	bf00      	nop
341898bc:	341c042c 	.word	0x341c042c

341898c0 <sysconf>:
341898c0:	2808      	cmp	r0, #8
341898c2:	d102      	bne.n	341898ca <sysconf+0xa>
341898c4:	f44f 5080 	mov.w	r0, #4096	@ 0x1000
341898c8:	4770      	bx	lr
341898ca:	b508      	push	{r3, lr}
341898cc:	f7ff fff2 	bl	341898b4 <__errno>
341898d0:	2216      	movs	r2, #22
341898d2:	4603      	mov	r3, r0
341898d4:	f04f 30ff 	mov.w	r0, #4294967295	@ 0xffffffff
341898d8:	601a      	str	r2, [r3, #0]
341898da:	bd08      	pop	{r3, pc}

341898dc <__libc_init_array>:
341898dc:	b570      	push	{r4, r5, r6, lr}
341898de:	4e0e      	ldr	r6, [pc, #56]	@ (34189918 <__libc_init_array+0x3c>)
341898e0:	4d0e      	ldr	r5, [pc, #56]	@ (3418991c <__libc_init_array+0x40>)
341898e2:	42ae      	cmp	r6, r5
341898e4:	d008      	beq.n	341898f8 <__libc_init_array+0x1c>
341898e6:	1b76      	subs	r6, r6, r5
341898e8:	2400      	movs	r4, #0
341898ea:	10b6      	asrs	r6, r6, #2
341898ec:	3401      	adds	r4, #1
341898ee:	f855 3b04 	ldr.w	r3, [r5], #4
341898f2:	4798      	blx	r3
341898f4:	42a6      	cmp	r6, r4
341898f6:	d8f9      	bhi.n	341898ec <__libc_init_array+0x10>
341898f8:	4e09      	ldr	r6, [pc, #36]	@ (34189920 <__libc_init_array+0x44>)
341898fa:	f005 fff5 	bl	3418f8e8 <_init>
341898fe:	4d09      	ldr	r5, [pc, #36]	@ (34189924 <__libc_init_array+0x48>)
34189900:	42ae      	cmp	r6, r5
34189902:	d008      	beq.n	34189916 <__libc_init_array+0x3a>
34189904:	1b76      	subs	r6, r6, r5
34189906:	2400      	movs	r4, #0
34189908:	10b6      	asrs	r6, r6, #2
3418990a:	3401      	adds	r4, #1
3418990c:	f855 3b04 	ldr.w	r3, [r5], #4
34189910:	4798      	blx	r3
34189912:	42a6      	cmp	r6, r4
34189914:	d8f9      	bhi.n	3418990a <__libc_init_array+0x2e>
34189916:	bd70      	pop	{r4, r5, r6, pc}
34189918:	34190088 	.word	0x34190088
3418991c:	34190088 	.word	0x34190088
34189920:	34190090 	.word	0x34190090
34189924:	34190088 	.word	0x34190088

34189928 <__libc_fini_array>:
34189928:	b538      	push	{r3, r4, r5, lr}
3418992a:	4d07      	ldr	r5, [pc, #28]	@ (34189948 <__libc_fini_array+0x20>)
3418992c:	4c07      	ldr	r4, [pc, #28]	@ (3418994c <__libc_fini_array+0x24>)
3418992e:	1b2c      	subs	r4, r5, r4
34189930:	10a4      	asrs	r4, r4, #2
34189932:	d005      	beq.n	34189940 <__libc_fini_array+0x18>
34189934:	3c01      	subs	r4, #1
34189936:	f855 3d04 	ldr.w	r3, [r5, #-4]!
3418993a:	4798      	blx	r3
3418993c:	2c00      	cmp	r4, #0
3418993e:	d1f9      	bne.n	34189934 <__libc_fini_array+0xc>
34189940:	e8bd 4038 	ldmia.w	sp!, {r3, r4, r5, lr}
34189944:	f005 bfd6 	b.w	3418f8f4 <_fini>
34189948:	34190094 	.word	0x34190094
3418994c:	34190090 	.word	0x34190090

34189950 <__retarget_lock_init_recursive>:
34189950:	4770      	bx	lr
34189952:	bf00      	nop

34189954 <__retarget_lock_close_recursive>:
34189954:	4770      	bx	lr
34189956:	bf00      	nop

34189958 <__retarget_lock_acquire_recursive>:
34189958:	4770      	bx	lr
3418995a:	bf00      	nop

3418995c <__retarget_lock_release_recursive>:
3418995c:	4770      	bx	lr
3418995e:	bf00      	nop

34189960 <memcpy>:
34189960:	4684      	mov	ip, r0
34189962:	ea41 0300 	orr.w	r3, r1, r0
34189966:	f013 0303 	ands.w	r3, r3, #3
3418996a:	d149      	bne.n	34189a00 <memcpy+0xa0>
3418996c:	3a40      	subs	r2, #64	@ 0x40
3418996e:	d323      	bcc.n	341899b8 <memcpy+0x58>
34189970:	680b      	ldr	r3, [r1, #0]
34189972:	6003      	str	r3, [r0, #0]
34189974:	684b      	ldr	r3, [r1, #4]
34189976:	6043      	str	r3, [r0, #4]
34189978:	688b      	ldr	r3, [r1, #8]
3418997a:	6083      	str	r3, [r0, #8]
3418997c:	68cb      	ldr	r3, [r1, #12]
3418997e:	60c3      	str	r3, [r0, #12]
34189980:	690b      	ldr	r3, [r1, #16]
34189982:	6103      	str	r3, [r0, #16]
34189984:	694b      	ldr	r3, [r1, #20]
34189986:	6143      	str	r3, [r0, #20]
34189988:	698b      	ldr	r3, [r1, #24]
3418998a:	6183      	str	r3, [r0, #24]
3418998c:	69cb      	ldr	r3, [r1, #28]
3418998e:	61c3      	str	r3, [r0, #28]
34189990:	6a0b      	ldr	r3, [r1, #32]
34189992:	6203      	str	r3, [r0, #32]
34189994:	6a4b      	ldr	r3, [r1, #36]	@ 0x24
34189996:	6243      	str	r3, [r0, #36]	@ 0x24
34189998:	6a8b      	ldr	r3, [r1, #40]	@ 0x28
3418999a:	6283      	str	r3, [r0, #40]	@ 0x28
3418999c:	6acb      	ldr	r3, [r1, #44]	@ 0x2c
3418999e:	62c3      	str	r3, [r0, #44]	@ 0x2c
341899a0:	6b0b      	ldr	r3, [r1, #48]	@ 0x30
341899a2:	6303      	str	r3, [r0, #48]	@ 0x30
341899a4:	6b4b      	ldr	r3, [r1, #52]	@ 0x34
341899a6:	6343      	str	r3, [r0, #52]	@ 0x34
341899a8:	6b8b      	ldr	r3, [r1, #56]	@ 0x38
341899aa:	6383      	str	r3, [r0, #56]	@ 0x38
341899ac:	6bcb      	ldr	r3, [r1, #60]	@ 0x3c
341899ae:	63c3      	str	r3, [r0, #60]	@ 0x3c
341899b0:	3040      	adds	r0, #64	@ 0x40
341899b2:	3140      	adds	r1, #64	@ 0x40
341899b4:	3a40      	subs	r2, #64	@ 0x40
341899b6:	d2db      	bcs.n	34189970 <memcpy+0x10>
341899b8:	3230      	adds	r2, #48	@ 0x30
341899ba:	d30b      	bcc.n	341899d4 <memcpy+0x74>
341899bc:	680b      	ldr	r3, [r1, #0]
341899be:	6003      	str	r3, [r0, #0]
341899c0:	684b      	ldr	r3, [r1, #4]
341899c2:	6043      	str	r3, [r0, #4]
341899c4:	688b      	ldr	r3, [r1, #8]
341899c6:	6083      	str	r3, [r0, #8]
341899c8:	68cb      	ldr	r3, [r1, #12]
341899ca:	60c3      	str	r3, [r0, #12]
341899cc:	3010      	adds	r0, #16
341899ce:	3110      	adds	r1, #16
341899d0:	3a10      	subs	r2, #16
341899d2:	d2f3      	bcs.n	341899bc <memcpy+0x5c>
341899d4:	320c      	adds	r2, #12
341899d6:	d305      	bcc.n	341899e4 <memcpy+0x84>
341899d8:	f851 3b04 	ldr.w	r3, [r1], #4
341899dc:	f840 3b04 	str.w	r3, [r0], #4
341899e0:	3a04      	subs	r2, #4
341899e2:	d2f9      	bcs.n	341899d8 <memcpy+0x78>
341899e4:	3204      	adds	r2, #4
341899e6:	d008      	beq.n	341899fa <memcpy+0x9a>
341899e8:	07d2      	lsls	r2, r2, #31
341899ea:	bf1c      	itt	ne
341899ec:	f811 3b01 	ldrbne.w	r3, [r1], #1
341899f0:	f800 3b01 	strbne.w	r3, [r0], #1
341899f4:	d301      	bcc.n	341899fa <memcpy+0x9a>
341899f6:	880b      	ldrh	r3, [r1, #0]
341899f8:	8003      	strh	r3, [r0, #0]
341899fa:	4660      	mov	r0, ip
341899fc:	4770      	bx	lr
341899fe:	bf00      	nop
34189a00:	2a08      	cmp	r2, #8
34189a02:	d313      	bcc.n	34189a2c <memcpy+0xcc>
34189a04:	078b      	lsls	r3, r1, #30
34189a06:	d0b1      	beq.n	3418996c <memcpy+0xc>
34189a08:	f010 0303 	ands.w	r3, r0, #3
34189a0c:	d0ae      	beq.n	3418996c <memcpy+0xc>
34189a0e:	f1c3 0304 	rsb	r3, r3, #4
34189a12:	1ad2      	subs	r2, r2, r3
34189a14:	07db      	lsls	r3, r3, #31
34189a16:	bf1c      	itt	ne
34189a18:	f811 3b01 	ldrbne.w	r3, [r1], #1
34189a1c:	f800 3b01 	strbne.w	r3, [r0], #1
34189a20:	d3a4      	bcc.n	3418996c <memcpy+0xc>
34189a22:	f831 3b02 	ldrh.w	r3, [r1], #2
34189a26:	f820 3b02 	strh.w	r3, [r0], #2
34189a2a:	e79f      	b.n	3418996c <memcpy+0xc>
34189a2c:	3a04      	subs	r2, #4
34189a2e:	d3d9      	bcc.n	341899e4 <memcpy+0x84>
34189a30:	3a01      	subs	r2, #1
34189a32:	f811 3b01 	ldrb.w	r3, [r1], #1
34189a36:	f800 3b01 	strb.w	r3, [r0], #1
34189a3a:	d2f9      	bcs.n	34189a30 <memcpy+0xd0>
34189a3c:	780b      	ldrb	r3, [r1, #0]
34189a3e:	7003      	strb	r3, [r0, #0]
34189a40:	784b      	ldrb	r3, [r1, #1]
34189a42:	7043      	strb	r3, [r0, #1]
34189a44:	788b      	ldrb	r3, [r1, #2]
34189a46:	7083      	strb	r3, [r0, #2]
34189a48:	4660      	mov	r0, ip
34189a4a:	4770      	bx	lr

34189a4c <strlen>:
34189a4c:	f020 0103 	bic.w	r1, r0, #3
34189a50:	f010 0003 	ands.w	r0, r0, #3
34189a54:	f1c0 0000 	rsb	r0, r0, #0
34189a58:	f851 3b04 	ldr.w	r3, [r1], #4
34189a5c:	f100 0c04 	add.w	ip, r0, #4
34189a60:	ea4f 0ccc 	mov.w	ip, ip, lsl #3
34189a64:	f06f 0200 	mvn.w	r2, #0
34189a68:	bf1c      	itt	ne
34189a6a:	fa22 f20c 	lsrne.w	r2, r2, ip
34189a6e:	4313      	orrne	r3, r2
34189a70:	f04f 0c01 	mov.w	ip, #1
34189a74:	ea4c 2c0c 	orr.w	ip, ip, ip, lsl #8
34189a78:	ea4c 4c0c 	orr.w	ip, ip, ip, lsl #16
34189a7c:	eba3 020c 	sub.w	r2, r3, ip
34189a80:	ea22 0203 	bic.w	r2, r2, r3
34189a84:	ea12 12cc 	ands.w	r2, r2, ip, lsl #7
34189a88:	bf04      	itt	eq
34189a8a:	f851 3b04 	ldreq.w	r3, [r1], #4
34189a8e:	3004      	addeq	r0, #4
34189a90:	d0f4      	beq.n	34189a7c <strlen+0x30>
34189a92:	f1c2 0100 	rsb	r1, r2, #0
34189a96:	ea02 0201 	and.w	r2, r2, r1
34189a9a:	fab2 f282 	clz	r2, r2
34189a9e:	f1c2 021f 	rsb	r2, r2, #31
34189aa2:	eb00 00d2 	add.w	r0, r0, r2, lsr #3
34189aa6:	4770      	bx	lr

34189aa8 <__register_exitproc>:
34189aa8:	b5f0      	push	{r4, r5, r6, r7, lr}
34189aaa:	4c1d      	ldr	r4, [pc, #116]	@ (34189b20 <__register_exitproc+0x78>)
34189aac:	b083      	sub	sp, #12
34189aae:	4605      	mov	r5, r0
34189ab0:	4616      	mov	r6, r2
34189ab2:	6820      	ldr	r0, [r4, #0]
34189ab4:	461f      	mov	r7, r3
34189ab6:	9101      	str	r1, [sp, #4]
34189ab8:	f7ff ff4e 	bl	34189958 <__retarget_lock_acquire_recursive>
34189abc:	4a19      	ldr	r2, [pc, #100]	@ (34189b24 <__register_exitproc+0x7c>)
34189abe:	9901      	ldr	r1, [sp, #4]
34189ac0:	6813      	ldr	r3, [r2, #0]
34189ac2:	b32b      	cbz	r3, 34189b10 <__register_exitproc+0x68>
34189ac4:	685a      	ldr	r2, [r3, #4]
34189ac6:	6820      	ldr	r0, [r4, #0]
34189ac8:	2a1f      	cmp	r2, #31
34189aca:	dc24      	bgt.n	34189b16 <__register_exitproc+0x6e>
34189acc:	b94d      	cbnz	r5, 34189ae2 <__register_exitproc+0x3a>
34189ace:	1c54      	adds	r4, r2, #1
34189ad0:	3202      	adds	r2, #2
34189ad2:	605c      	str	r4, [r3, #4]
34189ad4:	f843 1022 	str.w	r1, [r3, r2, lsl #2]
34189ad8:	f7ff ff40 	bl	3418995c <__retarget_lock_release_recursive>
34189adc:	2000      	movs	r0, #0
34189ade:	b003      	add	sp, #12
34189ae0:	bdf0      	pop	{r4, r5, r6, r7, pc}
34189ae2:	eb03 0e82 	add.w	lr, r3, r2, lsl #2
34189ae6:	2401      	movs	r4, #1
34189ae8:	2d02      	cmp	r5, #2
34189aea:	f8ce 6088 	str.w	r6, [lr, #136]	@ 0x88
34189aee:	fa04 f402 	lsl.w	r4, r4, r2
34189af2:	f8d3 6188 	ldr.w	r6, [r3, #392]	@ 0x188
34189af6:	ea46 0c04 	orr.w	ip, r6, r4
34189afa:	f8c3 c188 	str.w	ip, [r3, #392]	@ 0x188
34189afe:	f8ce 7108 	str.w	r7, [lr, #264]	@ 0x108
34189b02:	d1e4      	bne.n	34189ace <__register_exitproc+0x26>
34189b04:	f8d3 518c 	ldr.w	r5, [r3, #396]	@ 0x18c
34189b08:	4325      	orrs	r5, r4
34189b0a:	f8c3 518c 	str.w	r5, [r3, #396]	@ 0x18c
34189b0e:	e7de      	b.n	34189ace <__register_exitproc+0x26>
34189b10:	4b05      	ldr	r3, [pc, #20]	@ (34189b28 <__register_exitproc+0x80>)
34189b12:	6013      	str	r3, [r2, #0]
34189b14:	e7d6      	b.n	34189ac4 <__register_exitproc+0x1c>
34189b16:	f7ff ff21 	bl	3418995c <__retarget_lock_release_recursive>
34189b1a:	f04f 30ff 	mov.w	r0, #4294967295	@ 0xffffffff
34189b1e:	e7de      	b.n	34189ade <__register_exitproc+0x36>
34189b20:	341c0630 	.word	0x341c0630
34189b24:	341c1f04 	.word	0x341c1f04
34189b28:	341c1d74 	.word	0x341c1d74

34189b2c <register_fini>:
34189b2c:	4b02      	ldr	r3, [pc, #8]	@ (34189b38 <register_fini+0xc>)
34189b2e:	b113      	cbz	r3, 34189b36 <register_fini+0xa>
34189b30:	4802      	ldr	r0, [pc, #8]	@ (34189b3c <register_fini+0x10>)
34189b32:	f7fe bfa9 	b.w	34188a88 <atexit>
34189b36:	4770      	bx	lr
34189b38:	00000000 	.word	0x00000000
34189b3c:	34189929 	.word	0x34189929

34189b40 <__call_exitprocs>:
34189b40:	e92d 4ff0 	stmdb	sp!, {r4, r5, r6, r7, r8, r9, sl, fp, lr}
34189b44:	4f37      	ldr	r7, [pc, #220]	@ (34189c24 <__call_exitprocs+0xe4>)
34189b46:	b083      	sub	sp, #12
34189b48:	f8df 90dc 	ldr.w	r9, [pc, #220]	@ 34189c28 <__call_exitprocs+0xe8>
34189b4c:	460e      	mov	r6, r1
34189b4e:	9001      	str	r0, [sp, #4]
34189b50:	6838      	ldr	r0, [r7, #0]
34189b52:	f7ff ff01 	bl	34189958 <__retarget_lock_acquire_recursive>
34189b56:	f8d9 b000 	ldr.w	fp, [r9]
34189b5a:	f1bb 0f00 	cmp.w	fp, #0
34189b5e:	d02f      	beq.n	34189bc0 <__call_exitprocs+0x80>
34189b60:	f8db 3004 	ldr.w	r3, [fp, #4]
34189b64:	1e5c      	subs	r4, r3, #1
34189b66:	d42b      	bmi.n	34189bc0 <__call_exitprocs+0x80>
34189b68:	f10b 0504 	add.w	r5, fp, #4
34189b6c:	eb05 0583 	add.w	r5, r5, r3, lsl #2
34189b70:	bb66      	cbnz	r6, 34189bcc <__call_exitprocs+0x8c>
34189b72:	f8db 3004 	ldr.w	r3, [fp, #4]
34189b76:	f8d5 8000 	ldr.w	r8, [r5]
34189b7a:	3b01      	subs	r3, #1
34189b7c:	42a3      	cmp	r3, r4
34189b7e:	d044      	beq.n	34189c0a <__call_exitprocs+0xca>
34189b80:	2300      	movs	r3, #0
34189b82:	602b      	str	r3, [r5, #0]
34189b84:	f1b8 0f00 	cmp.w	r8, #0
34189b88:	d016      	beq.n	34189bb8 <__call_exitprocs+0x78>
34189b8a:	6838      	ldr	r0, [r7, #0]
34189b8c:	f8db a004 	ldr.w	sl, [fp, #4]
34189b90:	f7ff fee4 	bl	3418995c <__retarget_lock_release_recursive>
34189b94:	2301      	movs	r3, #1
34189b96:	f8db 2188 	ldr.w	r2, [fp, #392]	@ 0x188
34189b9a:	40a3      	lsls	r3, r4
34189b9c:	4213      	tst	r3, r2
34189b9e:	d12b      	bne.n	34189bf8 <__call_exitprocs+0xb8>
34189ba0:	47c0      	blx	r8
34189ba2:	6838      	ldr	r0, [r7, #0]
34189ba4:	f7ff fed8 	bl	34189958 <__retarget_lock_acquire_recursive>
34189ba8:	f8db 2004 	ldr.w	r2, [fp, #4]
34189bac:	f8d9 3000 	ldr.w	r3, [r9]
34189bb0:	4552      	cmp	r2, sl
34189bb2:	d133      	bne.n	34189c1c <__call_exitprocs+0xdc>
34189bb4:	455b      	cmp	r3, fp
34189bb6:	d131      	bne.n	34189c1c <__call_exitprocs+0xdc>
34189bb8:	3c01      	subs	r4, #1
34189bba:	3d04      	subs	r5, #4
34189bbc:	1c63      	adds	r3, r4, #1
34189bbe:	d1d7      	bne.n	34189b70 <__call_exitprocs+0x30>
34189bc0:	6838      	ldr	r0, [r7, #0]
34189bc2:	b003      	add	sp, #12
34189bc4:	e8bd 4ff0 	ldmia.w	sp!, {r4, r5, r6, r7, r8, r9, sl, fp, lr}
34189bc8:	f7ff bec8 	b.w	3418995c <__retarget_lock_release_recursive>
34189bcc:	f8d5 3100 	ldr.w	r3, [r5, #256]	@ 0x100
34189bd0:	1e62      	subs	r2, r4, #1
34189bd2:	429e      	cmp	r6, r3
34189bd4:	d0cd      	beq.n	34189b72 <__call_exitprocs+0x32>
34189bd6:	2c00      	cmp	r4, #0
34189bd8:	d0f2      	beq.n	34189bc0 <__call_exitprocs+0x80>
34189bda:	f8d5 30fc 	ldr.w	r3, [r5, #252]	@ 0xfc
34189bde:	3c02      	subs	r4, #2
34189be0:	42b3      	cmp	r3, r6
34189be2:	d015      	beq.n	34189c10 <__call_exitprocs+0xd0>
34189be4:	1c62      	adds	r2, r4, #1
34189be6:	f1a5 0508 	sub.w	r5, r5, #8
34189bea:	d1ef      	bne.n	34189bcc <__call_exitprocs+0x8c>
34189bec:	6838      	ldr	r0, [r7, #0]
34189bee:	b003      	add	sp, #12
34189bf0:	e8bd 4ff0 	ldmia.w	sp!, {r4, r5, r6, r7, r8, r9, sl, fp, lr}
34189bf4:	f7ff beb2 	b.w	3418995c <__retarget_lock_release_recursive>
34189bf8:	f8db 218c 	ldr.w	r2, [fp, #396]	@ 0x18c
34189bfc:	f8d5 1080 	ldr.w	r1, [r5, #128]	@ 0x80
34189c00:	4213      	tst	r3, r2
34189c02:	d108      	bne.n	34189c16 <__call_exitprocs+0xd6>
34189c04:	9801      	ldr	r0, [sp, #4]
34189c06:	47c0      	blx	r8
34189c08:	e7cb      	b.n	34189ba2 <__call_exitprocs+0x62>
34189c0a:	f8cb 4004 	str.w	r4, [fp, #4]
34189c0e:	e7b9      	b.n	34189b84 <__call_exitprocs+0x44>
34189c10:	4614      	mov	r4, r2
34189c12:	3d04      	subs	r5, #4
34189c14:	e7ad      	b.n	34189b72 <__call_exitprocs+0x32>
34189c16:	4608      	mov	r0, r1
34189c18:	47c0      	blx	r8
34189c1a:	e7c2      	b.n	34189ba2 <__call_exitprocs+0x62>
34189c1c:	2b00      	cmp	r3, #0
34189c1e:	d0cf      	beq.n	34189bc0 <__call_exitprocs+0x80>
34189c20:	469b      	mov	fp, r3
34189c22:	e79d      	b.n	34189b60 <__call_exitprocs+0x20>
34189c24:	341c0630 	.word	0x341c0630
34189c28:	341c1f04 	.word	0x341c1f04

34189c2c <_malloc_trim_r>:
34189c2c:	b5f8      	push	{r3, r4, r5, r6, r7, lr}
34189c2e:	4606      	mov	r6, r0
34189c30:	2008      	movs	r0, #8
34189c32:	460c      	mov	r4, r1
34189c34:	f7ff fe44 	bl	341898c0 <sysconf>
34189c38:	4607      	mov	r7, r0
34189c3a:	4630      	mov	r0, r6
34189c3c:	f7ff fa5a 	bl	341890f4 <__malloc_lock>
34189c40:	4a22      	ldr	r2, [pc, #136]	@ (34189ccc <_malloc_trim_r+0xa0>)
34189c42:	6893      	ldr	r3, [r2, #8]
34189c44:	685d      	ldr	r5, [r3, #4]
34189c46:	f025 0503 	bic.w	r5, r5, #3
34189c4a:	f1a5 0311 	sub.w	r3, r5, #17
34189c4e:	1b1c      	subs	r4, r3, r4
34189c50:	443c      	add	r4, r7
34189c52:	fbb4 f4f7 	udiv	r4, r4, r7
34189c56:	3c01      	subs	r4, #1
34189c58:	fb07 f404 	mul.w	r4, r7, r4
34189c5c:	42a7      	cmp	r7, r4
34189c5e:	dc08      	bgt.n	34189c72 <_malloc_trim_r+0x46>
34189c60:	2100      	movs	r1, #0
34189c62:	4630      	mov	r0, r6
34189c64:	f7ff fe14 	bl	34189890 <_sbrk_r>
34189c68:	4a18      	ldr	r2, [pc, #96]	@ (34189ccc <_malloc_trim_r+0xa0>)
34189c6a:	6893      	ldr	r3, [r2, #8]
34189c6c:	442b      	add	r3, r5
34189c6e:	4298      	cmp	r0, r3
34189c70:	d004      	beq.n	34189c7c <_malloc_trim_r+0x50>
34189c72:	4630      	mov	r0, r6
34189c74:	f7ff fa44 	bl	34189100 <__malloc_unlock>
34189c78:	2000      	movs	r0, #0
34189c7a:	bdf8      	pop	{r3, r4, r5, r6, r7, pc}
34189c7c:	4261      	negs	r1, r4
34189c7e:	4630      	mov	r0, r6
34189c80:	f7ff fe06 	bl	34189890 <_sbrk_r>
34189c84:	3001      	adds	r0, #1
34189c86:	4a11      	ldr	r2, [pc, #68]	@ (34189ccc <_malloc_trim_r+0xa0>)
34189c88:	d00d      	beq.n	34189ca6 <_malloc_trim_r+0x7a>
34189c8a:	1b2d      	subs	r5, r5, r4
34189c8c:	4910      	ldr	r1, [pc, #64]	@ (34189cd0 <_malloc_trim_r+0xa4>)
34189c8e:	6893      	ldr	r3, [r2, #8]
34189c90:	4630      	mov	r0, r6
34189c92:	f045 0501 	orr.w	r5, r5, #1
34189c96:	605d      	str	r5, [r3, #4]
34189c98:	680b      	ldr	r3, [r1, #0]
34189c9a:	1b1b      	subs	r3, r3, r4
34189c9c:	600b      	str	r3, [r1, #0]
34189c9e:	f7ff fa2f 	bl	34189100 <__malloc_unlock>
34189ca2:	2001      	movs	r0, #1
34189ca4:	bdf8      	pop	{r3, r4, r5, r6, r7, pc}
34189ca6:	2100      	movs	r1, #0
34189ca8:	4630      	mov	r0, r6
34189caa:	f7ff fdf1 	bl	34189890 <_sbrk_r>
34189cae:	4a07      	ldr	r2, [pc, #28]	@ (34189ccc <_malloc_trim_r+0xa0>)
34189cb0:	6892      	ldr	r2, [r2, #8]
34189cb2:	1a83      	subs	r3, r0, r2
34189cb4:	2b0f      	cmp	r3, #15
34189cb6:	dddc      	ble.n	34189c72 <_malloc_trim_r+0x46>
34189cb8:	f043 0301 	orr.w	r3, r3, #1
34189cbc:	4904      	ldr	r1, [pc, #16]	@ (34189cd0 <_malloc_trim_r+0xa4>)
34189cbe:	6053      	str	r3, [r2, #4]
34189cc0:	4b04      	ldr	r3, [pc, #16]	@ (34189cd4 <_malloc_trim_r+0xa8>)
34189cc2:	681b      	ldr	r3, [r3, #0]
34189cc4:	1ac0      	subs	r0, r0, r3
34189cc6:	6008      	str	r0, [r1, #0]
34189cc8:	e7d3      	b.n	34189c72 <_malloc_trim_r+0x46>
34189cca:	bf00      	nop
34189ccc:	341c0018 	.word	0x341c0018
34189cd0:	341c1bf8 	.word	0x341c1bf8
34189cd4:	341c000c 	.word	0x341c000c

34189cd8 <_free_r>:
34189cd8:	2900      	cmp	r1, #0
34189cda:	d062      	beq.n	34189da2 <_free_r+0xca>
34189cdc:	e92d 41f0 	stmdb	sp!, {r4, r5, r6, r7, r8, lr}
34189ce0:	460c      	mov	r4, r1
34189ce2:	4607      	mov	r7, r0
34189ce4:	f7ff fa06 	bl	341890f4 <__malloc_lock>
34189ce8:	497a      	ldr	r1, [pc, #488]	@ (34189ed4 <_free_r+0x1fc>)
34189cea:	f854 ec04 	ldr.w	lr, [r4, #-4]
34189cee:	f1a4 0c08 	sub.w	ip, r4, #8
34189cf2:	688d      	ldr	r5, [r1, #8]
34189cf4:	f02e 0301 	bic.w	r3, lr, #1
34189cf8:	f00e 0601 	and.w	r6, lr, #1
34189cfc:	eb0c 0203 	add.w	r2, ip, r3
34189d00:	6850      	ldr	r0, [r2, #4]
34189d02:	4295      	cmp	r5, r2
34189d04:	f020 0003 	bic.w	r0, r0, #3
34189d08:	f000 8087 	beq.w	34189e1a <_free_r+0x142>
34189d0c:	1815      	adds	r5, r2, r0
34189d0e:	6050      	str	r0, [r2, #4]
34189d10:	686d      	ldr	r5, [r5, #4]
34189d12:	f005 0501 	and.w	r5, r5, #1
34189d16:	46a8      	mov	r8, r5
34189d18:	bb96      	cbnz	r6, 34189d80 <_free_r+0xa8>
34189d1a:	f854 4c08 	ldr.w	r4, [r4, #-8]
34189d1e:	f101 0e08 	add.w	lr, r1, #8
34189d22:	ebac 0c04 	sub.w	ip, ip, r4
34189d26:	4423      	add	r3, r4
34189d28:	f8dc 4008 	ldr.w	r4, [ip, #8]
34189d2c:	4574      	cmp	r4, lr
34189d2e:	d067      	beq.n	34189e00 <_free_r+0x128>
34189d30:	f8dc 500c 	ldr.w	r5, [ip, #12]
34189d34:	60e5      	str	r5, [r4, #12]
34189d36:	60ac      	str	r4, [r5, #8]
34189d38:	f1b8 0f00 	cmp.w	r8, #0
34189d3c:	f000 8088 	beq.w	34189e50 <_free_r+0x178>
34189d40:	f043 0001 	orr.w	r0, r3, #1
34189d44:	f8cc 0004 	str.w	r0, [ip, #4]
34189d48:	6013      	str	r3, [r2, #0]
34189d4a:	f5b3 7f00 	cmp.w	r3, #512	@ 0x200
34189d4e:	d232      	bcs.n	34189db6 <_free_r+0xde>
34189d50:	0958      	lsrs	r0, r3, #5
34189d52:	08da      	lsrs	r2, r3, #3
34189d54:	2301      	movs	r3, #1
34189d56:	4083      	lsls	r3, r0
34189d58:	6848      	ldr	r0, [r1, #4]
34189d5a:	3201      	adds	r2, #1
34189d5c:	4303      	orrs	r3, r0
34189d5e:	f851 0032 	ldr.w	r0, [r1, r2, lsl #3]
34189d62:	604b      	str	r3, [r1, #4]
34189d64:	eb01 03c2 	add.w	r3, r1, r2, lsl #3
34189d68:	3b08      	subs	r3, #8
34189d6a:	e9cc 0302 	strd	r0, r3, [ip, #8]
34189d6e:	f841 c032 	str.w	ip, [r1, r2, lsl #3]
34189d72:	f8c0 c00c 	str.w	ip, [r0, #12]
34189d76:	4638      	mov	r0, r7
34189d78:	e8bd 41f0 	ldmia.w	sp!, {r4, r5, r6, r7, r8, lr}
34189d7c:	f7ff b9c0 	b.w	34189100 <__malloc_unlock>
34189d80:	b985      	cbnz	r5, 34189da4 <_free_r+0xcc>
34189d82:	4403      	add	r3, r0
34189d84:	f101 0e08 	add.w	lr, r1, #8
34189d88:	6890      	ldr	r0, [r2, #8]
34189d8a:	f043 0401 	orr.w	r4, r3, #1
34189d8e:	4570      	cmp	r0, lr
34189d90:	d077      	beq.n	34189e82 <_free_r+0x1aa>
34189d92:	68d2      	ldr	r2, [r2, #12]
34189d94:	60c2      	str	r2, [r0, #12]
34189d96:	6090      	str	r0, [r2, #8]
34189d98:	f8cc 4004 	str.w	r4, [ip, #4]
34189d9c:	f84c 3003 	str.w	r3, [ip, r3]
34189da0:	e7d3      	b.n	34189d4a <_free_r+0x72>
34189da2:	4770      	bx	lr
34189da4:	f04e 0201 	orr.w	r2, lr, #1
34189da8:	f5b3 7f00 	cmp.w	r3, #512	@ 0x200
34189dac:	f844 2c04 	str.w	r2, [r4, #-4]
34189db0:	f84c 3003 	str.w	r3, [ip, r3]
34189db4:	d3cc      	bcc.n	34189d50 <_free_r+0x78>
34189db6:	f5b3 6f20 	cmp.w	r3, #2560	@ 0xa00
34189dba:	ea4f 2253 	mov.w	r2, r3, lsr #9
34189dbe:	d249      	bcs.n	34189e54 <_free_r+0x17c>
34189dc0:	099a      	lsrs	r2, r3, #6
34189dc2:	f102 0039 	add.w	r0, r2, #57	@ 0x39
34189dc6:	f102 0438 	add.w	r4, r2, #56	@ 0x38
34189dca:	00c2      	lsls	r2, r0, #3
34189dcc:	1888      	adds	r0, r1, r2
34189dce:	588a      	ldr	r2, [r1, r2]
34189dd0:	3808      	subs	r0, #8
34189dd2:	4290      	cmp	r0, r2
34189dd4:	d103      	bne.n	34189dde <_free_r+0x106>
34189dd6:	e05d      	b.n	34189e94 <_free_r+0x1bc>
34189dd8:	6892      	ldr	r2, [r2, #8]
34189dda:	4290      	cmp	r0, r2
34189ddc:	d004      	beq.n	34189de8 <_free_r+0x110>
34189dde:	6851      	ldr	r1, [r2, #4]
34189de0:	f021 0103 	bic.w	r1, r1, #3
34189de4:	4299      	cmp	r1, r3
34189de6:	d8f7      	bhi.n	34189dd8 <_free_r+0x100>
34189de8:	68d0      	ldr	r0, [r2, #12]
34189dea:	e9cc 2002 	strd	r2, r0, [ip, #8]
34189dee:	f8c0 c008 	str.w	ip, [r0, #8]
34189df2:	4638      	mov	r0, r7
34189df4:	f8c2 c00c 	str.w	ip, [r2, #12]
34189df8:	e8bd 41f0 	ldmia.w	sp!, {r4, r5, r6, r7, r8, lr}
34189dfc:	f7ff b980 	b.w	34189100 <__malloc_unlock>
34189e00:	bb9d      	cbnz	r5, 34189e6a <_free_r+0x192>
34189e02:	4418      	add	r0, r3
34189e04:	e9d2 2302 	ldrd	r2, r3, [r2, #8]
34189e08:	60d3      	str	r3, [r2, #12]
34189e0a:	609a      	str	r2, [r3, #8]
34189e0c:	f040 0301 	orr.w	r3, r0, #1
34189e10:	f8cc 3004 	str.w	r3, [ip, #4]
34189e14:	f84c 0000 	str.w	r0, [ip, r0]
34189e18:	e7ad      	b.n	34189d76 <_free_r+0x9e>
34189e1a:	4418      	add	r0, r3
34189e1c:	b946      	cbnz	r6, 34189e30 <_free_r+0x158>
34189e1e:	f854 3c08 	ldr.w	r3, [r4, #-8]
34189e22:	ebac 0c03 	sub.w	ip, ip, r3
34189e26:	4418      	add	r0, r3
34189e28:	e9dc 2302 	ldrd	r2, r3, [ip, #8]
34189e2c:	60d3      	str	r3, [r2, #12]
34189e2e:	609a      	str	r2, [r3, #8]
34189e30:	f040 0301 	orr.w	r3, r0, #1
34189e34:	f8cc 3004 	str.w	r3, [ip, #4]
34189e38:	4b27      	ldr	r3, [pc, #156]	@ (34189ed8 <_free_r+0x200>)
34189e3a:	f8c1 c008 	str.w	ip, [r1, #8]
34189e3e:	681b      	ldr	r3, [r3, #0]
34189e40:	4283      	cmp	r3, r0
34189e42:	d898      	bhi.n	34189d76 <_free_r+0x9e>
34189e44:	4b25      	ldr	r3, [pc, #148]	@ (34189edc <_free_r+0x204>)
34189e46:	4638      	mov	r0, r7
34189e48:	6819      	ldr	r1, [r3, #0]
34189e4a:	f7ff feef 	bl	34189c2c <_malloc_trim_r>
34189e4e:	e792      	b.n	34189d76 <_free_r+0x9e>
34189e50:	4403      	add	r3, r0
34189e52:	e799      	b.n	34189d88 <_free_r+0xb0>
34189e54:	2a14      	cmp	r2, #20
34189e56:	d90e      	bls.n	34189e76 <_free_r+0x19e>
34189e58:	2a54      	cmp	r2, #84	@ 0x54
34189e5a:	d822      	bhi.n	34189ea2 <_free_r+0x1ca>
34189e5c:	0b1a      	lsrs	r2, r3, #12
34189e5e:	f102 006f 	add.w	r0, r2, #111	@ 0x6f
34189e62:	f102 046e 	add.w	r4, r2, #110	@ 0x6e
34189e66:	00c2      	lsls	r2, r0, #3
34189e68:	e7b0      	b.n	34189dcc <_free_r+0xf4>
34189e6a:	f043 0101 	orr.w	r1, r3, #1
34189e6e:	f8cc 1004 	str.w	r1, [ip, #4]
34189e72:	6013      	str	r3, [r2, #0]
34189e74:	e77f      	b.n	34189d76 <_free_r+0x9e>
34189e76:	f102 005c 	add.w	r0, r2, #92	@ 0x5c
34189e7a:	f102 045b 	add.w	r4, r2, #91	@ 0x5b
34189e7e:	00c2      	lsls	r2, r0, #3
34189e80:	e7a4      	b.n	34189dcc <_free_r+0xf4>
34189e82:	e9c1 cc04 	strd	ip, ip, [r1, #16]
34189e86:	e9cc ee02 	strd	lr, lr, [ip, #8]
34189e8a:	f8cc 4004 	str.w	r4, [ip, #4]
34189e8e:	f84c 3003 	str.w	r3, [ip, r3]
34189e92:	e770      	b.n	34189d76 <_free_r+0x9e>
34189e94:	10a4      	asrs	r4, r4, #2
34189e96:	2301      	movs	r3, #1
34189e98:	40a3      	lsls	r3, r4
34189e9a:	684c      	ldr	r4, [r1, #4]
34189e9c:	4323      	orrs	r3, r4
34189e9e:	604b      	str	r3, [r1, #4]
34189ea0:	e7a3      	b.n	34189dea <_free_r+0x112>
34189ea2:	f5b2 7faa 	cmp.w	r2, #340	@ 0x154
34189ea6:	d806      	bhi.n	34189eb6 <_free_r+0x1de>
34189ea8:	0bda      	lsrs	r2, r3, #15
34189eaa:	f102 0078 	add.w	r0, r2, #120	@ 0x78
34189eae:	f102 0477 	add.w	r4, r2, #119	@ 0x77
34189eb2:	00c2      	lsls	r2, r0, #3
34189eb4:	e78a      	b.n	34189dcc <_free_r+0xf4>
34189eb6:	f240 5054 	movw	r0, #1364	@ 0x554
34189eba:	4282      	cmp	r2, r0
34189ebc:	d806      	bhi.n	34189ecc <_free_r+0x1f4>
34189ebe:	0c9a      	lsrs	r2, r3, #18
34189ec0:	f102 007d 	add.w	r0, r2, #125	@ 0x7d
34189ec4:	f102 047c 	add.w	r4, r2, #124	@ 0x7c
34189ec8:	00c2      	lsls	r2, r0, #3
34189eca:	e77f      	b.n	34189dcc <_free_r+0xf4>
34189ecc:	f44f 727e 	mov.w	r2, #1016	@ 0x3f8
34189ed0:	247e      	movs	r4, #126	@ 0x7e
34189ed2:	e77b      	b.n	34189dcc <_free_r+0xf4>
34189ed4:	341c0018 	.word	0x341c0018
34189ed8:	341c0010 	.word	0x341c0010
34189edc:	341c1c28 	.word	0x341c1c28

34189ee0 <_vfprintf_r>:
34189ee0:	e92d 4ff0 	stmdb	sp!, {r4, r5, r6, r7, r8, r9, sl, fp, lr}
34189ee4:	ed2d 8b02 	vpush	{d8}
34189ee8:	b0d3      	sub	sp, #332	@ 0x14c
34189eea:	461c      	mov	r4, r3
34189eec:	4683      	mov	fp, r0
34189eee:	9103      	str	r1, [sp, #12]
34189ef0:	f10d 0988 	add.w	r9, sp, #136	@ 0x88
34189ef4:	9206      	str	r2, [sp, #24]
34189ef6:	930b      	str	r3, [sp, #44]	@ 0x2c
34189ef8:	f002 fd78 	bl	3418c9ec <_localeconv_r>
34189efc:	6803      	ldr	r3, [r0, #0]
34189efe:	4618      	mov	r0, r3
34189f00:	9312      	str	r3, [sp, #72]	@ 0x48
34189f02:	f7ff fda3 	bl	34189a4c <strlen>
34189f06:	2208      	movs	r2, #8
34189f08:	9011      	str	r0, [sp, #68]	@ 0x44
34189f0a:	2100      	movs	r1, #0
34189f0c:	4648      	mov	r0, r9
34189f0e:	f7ff fc33 	bl	34189778 <memset>
34189f12:	f1bb 0f00 	cmp.w	fp, #0
34189f16:	d004      	beq.n	34189f22 <_vfprintf_r+0x42>
34189f18:	f8db 3034 	ldr.w	r3, [fp, #52]	@ 0x34
34189f1c:	2b00      	cmp	r3, #0
34189f1e:	f001 814b 	beq.w	3418b1b8 <_vfprintf_r+0x12d8>
34189f22:	9b03      	ldr	r3, [sp, #12]
34189f24:	6e5a      	ldr	r2, [r3, #100]	@ 0x64
34189f26:	f9b3 300c 	ldrsh.w	r3, [r3, #12]
34189f2a:	07d0      	lsls	r0, r2, #31
34189f2c:	f140 813a 	bpl.w	3418a1a4 <_vfprintf_r+0x2c4>
34189f30:	0499      	lsls	r1, r3, #18
34189f32:	f100 8712 	bmi.w	3418ad5a <_vfprintf_r+0xe7a>
34189f36:	9903      	ldr	r1, [sp, #12]
34189f38:	f443 5300 	orr.w	r3, r3, #8192	@ 0x2000
34189f3c:	f422 5200 	bic.w	r2, r2, #8192	@ 0x2000
34189f40:	818b      	strh	r3, [r1, #12]
34189f42:	664a      	str	r2, [r1, #100]	@ 0x64
34189f44:	0493      	lsls	r3, r2, #18
34189f46:	f101 873f 	bmi.w	3418bdc8 <_vfprintf_r+0x1ee8>
34189f4a:	9b03      	ldr	r3, [sp, #12]
34189f4c:	f9b3 300c 	ldrsh.w	r3, [r3, #12]
34189f50:	071d      	lsls	r5, r3, #28
34189f52:	f140 80b0 	bpl.w	3418a0b6 <_vfprintf_r+0x1d6>
34189f56:	9a03      	ldr	r2, [sp, #12]
34189f58:	6912      	ldr	r2, [r2, #16]
34189f5a:	2a00      	cmp	r2, #0
34189f5c:	f000 80ab 	beq.w	3418a0b6 <_vfprintf_r+0x1d6>
34189f60:	f003 021a 	and.w	r2, r3, #26
34189f64:	2a0a      	cmp	r2, #10
34189f66:	f000 80b5 	beq.w	3418a0d4 <_vfprintf_r+0x1f4>
34189f6a:	aa29      	add	r2, sp, #164	@ 0xa4
34189f6c:	2300      	movs	r3, #0
34189f6e:	ed9f 8b98 	vldr	d8, [pc, #608]	@ 3418a1d0 <_vfprintf_r+0x2f0>
34189f72:	4617      	mov	r7, r2
34189f74:	930f      	str	r3, [sp, #60]	@ 0x3c
34189f76:	9226      	str	r2, [sp, #152]	@ 0x98
34189f78:	9313      	str	r3, [sp, #76]	@ 0x4c
34189f7a:	9316      	str	r3, [sp, #88]	@ 0x58
34189f7c:	9307      	str	r3, [sp, #28]
34189f7e:	e9cd 3327 	strd	r3, r3, [sp, #156]	@ 0x9c
34189f82:	e9cd 3314 	strd	r3, r3, [sp, #80]	@ 0x50
34189f86:	9d06      	ldr	r5, [sp, #24]
34189f88:	4b93      	ldr	r3, [pc, #588]	@ (3418a1d8 <_vfprintf_r+0x2f8>)
34189f8a:	f8d3 41cc 	ldr.w	r4, [r3, #460]	@ 0x1cc
34189f8e:	f002 fd27 	bl	3418c9e0 <__locale_mb_cur_max>
34189f92:	462a      	mov	r2, r5
34189f94:	4603      	mov	r3, r0
34189f96:	a91c      	add	r1, sp, #112	@ 0x70
34189f98:	4658      	mov	r0, fp
34189f9a:	f8cd 9000 	str.w	r9, [sp]
34189f9e:	47a0      	blx	r4
34189fa0:	2800      	cmp	r0, #0
34189fa2:	4603      	mov	r3, r0
34189fa4:	f000 80b7 	beq.w	3418a116 <_vfprintf_r+0x236>
34189fa8:	f2c0 80ad 	blt.w	3418a106 <_vfprintf_r+0x226>
34189fac:	9a1c      	ldr	r2, [sp, #112]	@ 0x70
34189fae:	2a25      	cmp	r2, #37	@ 0x25
34189fb0:	d001      	beq.n	34189fb6 <_vfprintf_r+0xd6>
34189fb2:	441d      	add	r5, r3
34189fb4:	e7e8      	b.n	34189f88 <_vfprintf_r+0xa8>
34189fb6:	9b06      	ldr	r3, [sp, #24]
34189fb8:	4604      	mov	r4, r0
34189fba:	1aee      	subs	r6, r5, r3
34189fbc:	f040 80af 	bne.w	3418a11e <_vfprintf_r+0x23e>
34189fc0:	2300      	movs	r3, #0
34189fc2:	786c      	ldrb	r4, [r5, #1]
34189fc4:	f04f 3aff 	mov.w	sl, #4294967295	@ 0xffffffff
34189fc8:	3501      	adds	r5, #1
34189fca:	f88d 3067 	strb.w	r3, [sp, #103]	@ 0x67
34189fce:	9308      	str	r3, [sp, #32]
34189fd0:	9302      	str	r3, [sp, #8]
34189fd2:	3501      	adds	r5, #1
34189fd4:	f1a4 0320 	sub.w	r3, r4, #32
34189fd8:	2b5a      	cmp	r3, #90	@ 0x5a
34189fda:	f200 80ff 	bhi.w	3418a1dc <_vfprintf_r+0x2fc>
34189fde:	e8df f013 	tbh	[pc, r3, lsl #1]
34189fe2:	03c5      	.short	0x03c5
34189fe4:	00fd00fd 	.word	0x00fd00fd
34189fe8:	00fd03bf 	.word	0x00fd03bf
34189fec:	00fd00fd 	.word	0x00fd00fd
34189ff0:	00fd03a0 	.word	0x00fd03a0
34189ff4:	028800fd 	.word	0x028800fd
34189ff8:	00fd0299 	.word	0x00fd0299
34189ffc:	03d50293 	.word	0x03d50293
3418a000:	03cf00fd 	.word	0x03cf00fd
3418a004:	005b005b 	.word	0x005b005b
3418a008:	005b005b 	.word	0x005b005b
3418a00c:	005b005b 	.word	0x005b005b
3418a010:	005b005b 	.word	0x005b005b
3418a014:	00fd005b 	.word	0x00fd005b
3418a018:	00fd00fd 	.word	0x00fd00fd
3418a01c:	00fd00fd 	.word	0x00fd00fd
3418a020:	00fd00fd 	.word	0x00fd00fd
3418a024:	00fd0173 	.word	0x00fd0173
3418a028:	037d01e0 	.word	0x037d01e0
3418a02c:	01730173 	.word	0x01730173
3418a030:	00fd0173 	.word	0x00fd0173
3418a034:	00fd00fd 	.word	0x00fd00fd
3418a038:	037700fd 	.word	0x037700fd
3418a03c:	00fd00fd 	.word	0x00fd00fd
3418a040:	00fd0321 	.word	0x00fd0321
3418a044:	00fd00fd 	.word	0x00fd00fd
3418a048:	00fd01fc 	.word	0x00fd01fc
3418a04c:	00fd0356 	.word	0x00fd0356
3418a050:	080300fd 	.word	0x080300fd
3418a054:	00fd00fd 	.word	0x00fd00fd
3418a058:	00fd00fd 	.word	0x00fd00fd
3418a05c:	00fd00fd 	.word	0x00fd00fd
3418a060:	00fd00fd 	.word	0x00fd00fd
3418a064:	00fd0173 	.word	0x00fd0173
3418a068:	01ae01e0 	.word	0x01ae01e0
3418a06c:	01730173 	.word	0x01730173
3418a070:	03180173 	.word	0x03180173
3418a074:	01a801ae 	.word	0x01a801ae
3418a078:	02c800fd 	.word	0x02c800fd
3418a07c:	030900fd 	.word	0x030900fd
3418a080:	029e02db 	.word	0x029e02db
3418a084:	00fd01a8 	.word	0x00fd01a8
3418a088:	01a601fc 	.word	0x01a601fc
3418a08c:	00fd023f 	.word	0x00fd023f
3418a090:	082e00fd 	.word	0x082e00fd
3418a094:	01a600fd 	.word	0x01a600fd
3418a098:	f1a4 0330 	sub.w	r3, r4, #48	@ 0x30
3418a09c:	2200      	movs	r2, #0
3418a09e:	eb02 0282 	add.w	r2, r2, r2, lsl #2
3418a0a2:	f815 4b01 	ldrb.w	r4, [r5], #1
3418a0a6:	eb03 0242 	add.w	r2, r3, r2, lsl #1
3418a0aa:	f1a4 0330 	sub.w	r3, r4, #48	@ 0x30
3418a0ae:	2b09      	cmp	r3, #9
3418a0b0:	d9f5      	bls.n	3418a09e <_vfprintf_r+0x1be>
3418a0b2:	9208      	str	r2, [sp, #32]
3418a0b4:	e78e      	b.n	34189fd4 <_vfprintf_r+0xf4>
3418a0b6:	9d03      	ldr	r5, [sp, #12]
3418a0b8:	4658      	mov	r0, fp
3418a0ba:	4629      	mov	r1, r5
3418a0bc:	f002 fbec 	bl	3418c898 <__swsetup_r>
3418a0c0:	2800      	cmp	r0, #0
3418a0c2:	f041 8704 	bne.w	3418bece <_vfprintf_r+0x1fee>
3418a0c6:	f9b5 300c 	ldrsh.w	r3, [r5, #12]
3418a0ca:	f003 021a 	and.w	r2, r3, #26
3418a0ce:	2a0a      	cmp	r2, #10
3418a0d0:	f47f af4b 	bne.w	34189f6a <_vfprintf_r+0x8a>
3418a0d4:	9903      	ldr	r1, [sp, #12]
3418a0d6:	f9b1 200e 	ldrsh.w	r2, [r1, #14]
3418a0da:	2a00      	cmp	r2, #0
3418a0dc:	f6ff af45 	blt.w	34189f6a <_vfprintf_r+0x8a>
3418a0e0:	6e4a      	ldr	r2, [r1, #100]	@ 0x64
3418a0e2:	07d2      	lsls	r2, r2, #31
3418a0e4:	d402      	bmi.n	3418a0ec <_vfprintf_r+0x20c>
3418a0e6:	059f      	lsls	r7, r3, #22
3418a0e8:	f141 82ab 	bpl.w	3418b642 <_vfprintf_r+0x1762>
3418a0ec:	4623      	mov	r3, r4
3418a0ee:	9a06      	ldr	r2, [sp, #24]
3418a0f0:	9903      	ldr	r1, [sp, #12]
3418a0f2:	4658      	mov	r0, fp
3418a0f4:	f001 ff86 	bl	3418c004 <__sbprintf>
3418a0f8:	9007      	str	r0, [sp, #28]
3418a0fa:	9807      	ldr	r0, [sp, #28]
3418a0fc:	b053      	add	sp, #332	@ 0x14c
3418a0fe:	ecbd 8b02 	vpop	{d8}
3418a102:	e8bd 8ff0 	ldmia.w	sp!, {r4, r5, r6, r7, r8, r9, sl, fp, pc}
3418a106:	2208      	movs	r2, #8
3418a108:	2100      	movs	r1, #0
3418a10a:	4648      	mov	r0, r9
3418a10c:	f7ff fb34 	bl	34189778 <memset>
3418a110:	2301      	movs	r3, #1
3418a112:	441d      	add	r5, r3
3418a114:	e738      	b.n	34189f88 <_vfprintf_r+0xa8>
3418a116:	9b06      	ldr	r3, [sp, #24]
3418a118:	4604      	mov	r4, r0
3418a11a:	1aee      	subs	r6, r5, r3
3418a11c:	d011      	beq.n	3418a142 <_vfprintf_r+0x262>
3418a11e:	9b06      	ldr	r3, [sp, #24]
3418a120:	9927      	ldr	r1, [sp, #156]	@ 0x9c
3418a122:	e9c7 3600 	strd	r3, r6, [r7]
3418a126:	3101      	adds	r1, #1
3418a128:	9b28      	ldr	r3, [sp, #160]	@ 0xa0
3418a12a:	2907      	cmp	r1, #7
3418a12c:	4433      	add	r3, r6
3418a12e:	9127      	str	r1, [sp, #156]	@ 0x9c
3418a130:	9328      	str	r3, [sp, #160]	@ 0xa0
3418a132:	dc10      	bgt.n	3418a156 <_vfprintf_r+0x276>
3418a134:	3708      	adds	r7, #8
3418a136:	9b07      	ldr	r3, [sp, #28]
3418a138:	4433      	add	r3, r6
3418a13a:	9307      	str	r3, [sp, #28]
3418a13c:	2c00      	cmp	r4, #0
3418a13e:	f47f af3f 	bne.w	34189fc0 <_vfprintf_r+0xe0>
3418a142:	9b28      	ldr	r3, [sp, #160]	@ 0xa0
3418a144:	2b00      	cmp	r3, #0
3418a146:	f041 8264 	bne.w	3418b612 <_vfprintf_r+0x1732>
3418a14a:	2200      	movs	r2, #0
3418a14c:	9b03      	ldr	r3, [sp, #12]
3418a14e:	9227      	str	r2, [sp, #156]	@ 0x9c
3418a150:	f9b3 300c 	ldrsh.w	r3, [r3, #12]
3418a154:	e018      	b.n	3418a188 <_vfprintf_r+0x2a8>
3418a156:	aa26      	add	r2, sp, #152	@ 0x98
3418a158:	9903      	ldr	r1, [sp, #12]
3418a15a:	4658      	mov	r0, fp
3418a15c:	f002 fae0 	bl	3418c720 <__sprint_r>
3418a160:	b978      	cbnz	r0, 3418a182 <_vfprintf_r+0x2a2>
3418a162:	af29      	add	r7, sp, #164	@ 0xa4
3418a164:	e7e7      	b.n	3418a136 <_vfprintf_r+0x256>
3418a166:	aa26      	add	r2, sp, #152	@ 0x98
3418a168:	9903      	ldr	r1, [sp, #12]
3418a16a:	4658      	mov	r0, fp
3418a16c:	f002 fad8 	bl	3418c720 <__sprint_r>
3418a170:	2800      	cmp	r0, #0
3418a172:	f000 809f 	beq.w	3418a2b4 <_vfprintf_r+0x3d4>
3418a176:	9b09      	ldr	r3, [sp, #36]	@ 0x24
3418a178:	b11b      	cbz	r3, 3418a182 <_vfprintf_r+0x2a2>
3418a17a:	9909      	ldr	r1, [sp, #36]	@ 0x24
3418a17c:	4658      	mov	r0, fp
3418a17e:	f7ff fdab 	bl	34189cd8 <_free_r>
3418a182:	9b03      	ldr	r3, [sp, #12]
3418a184:	f9b3 300c 	ldrsh.w	r3, [r3, #12]
3418a188:	9a03      	ldr	r2, [sp, #12]
3418a18a:	6e52      	ldr	r2, [r2, #100]	@ 0x64
3418a18c:	07d4      	lsls	r4, r2, #31
3418a18e:	f140 80c4 	bpl.w	3418a31a <_vfprintf_r+0x43a>
3418a192:	065a      	lsls	r2, r3, #25
3418a194:	f101 861b 	bmi.w	3418bdce <_vfprintf_r+0x1eee>
3418a198:	9807      	ldr	r0, [sp, #28]
3418a19a:	b053      	add	sp, #332	@ 0x14c
3418a19c:	ecbd 8b02 	vpop	{d8}
3418a1a0:	e8bd 8ff0 	ldmia.w	sp!, {r4, r5, r6, r7, r8, r9, sl, fp, pc}
3418a1a4:	059e      	lsls	r6, r3, #22
3418a1a6:	f140 8150 	bpl.w	3418a44a <_vfprintf_r+0x56a>
3418a1aa:	049d      	lsls	r5, r3, #18
3418a1ac:	f57f aec3 	bpl.w	34189f36 <_vfprintf_r+0x56>
3418a1b0:	0490      	lsls	r0, r2, #18
3418a1b2:	f57f aecd 	bpl.w	34189f50 <_vfprintf_r+0x70>
3418a1b6:	9b03      	ldr	r3, [sp, #12]
3418a1b8:	899b      	ldrh	r3, [r3, #12]
3418a1ba:	059e      	lsls	r6, r3, #22
3418a1bc:	f101 8607 	bmi.w	3418bdce <_vfprintf_r+0x1eee>
3418a1c0:	9b03      	ldr	r3, [sp, #12]
3418a1c2:	6d98      	ldr	r0, [r3, #88]	@ 0x58
3418a1c4:	f7ff fbca 	bl	3418995c <__retarget_lock_release_recursive>
3418a1c8:	f001 be01 	b.w	3418bdce <_vfprintf_r+0x1eee>
3418a1cc:	f3af 8000 	nop.w
	...
3418a1d8:	341c0634 	.word	0x341c0634
3418a1dc:	9506      	str	r5, [sp, #24]
3418a1de:	2c00      	cmp	r4, #0
3418a1e0:	d0af      	beq.n	3418a142 <_vfprintf_r+0x262>
3418a1e2:	2300      	movs	r3, #0
3418a1e4:	2201      	movs	r2, #1
3418a1e6:	ad39      	add	r5, sp, #228	@ 0xe4
3418a1e8:	f88d 40e4 	strb.w	r4, [sp, #228]	@ 0xe4
3418a1ec:	f88d 3067 	strb.w	r3, [sp, #103]	@ 0x67
3418a1f0:	9309      	str	r3, [sp, #36]	@ 0x24
3418a1f2:	920a      	str	r2, [sp, #40]	@ 0x28
3418a1f4:	469a      	mov	sl, r3
3418a1f6:	9310      	str	r3, [sp, #64]	@ 0x40
3418a1f8:	9204      	str	r2, [sp, #16]
3418a1fa:	e9cd 330d 	strd	r3, r3, [sp, #52]	@ 0x34
3418a1fe:	9902      	ldr	r1, [sp, #8]
3418a200:	9a28      	ldr	r2, [sp, #160]	@ 0xa0
3418a202:	f011 0184 	ands.w	r1, r1, #132	@ 0x84
3418a206:	4696      	mov	lr, r2
3418a208:	910c      	str	r1, [sp, #48]	@ 0x30
3418a20a:	f000 83a6 	beq.w	3418a95a <_vfprintf_r+0xa7a>
3418a20e:	f89d 3067 	ldrb.w	r3, [sp, #103]	@ 0x67
3418a212:	b30b      	cbz	r3, 3418a258 <_vfprintf_r+0x378>
3418a214:	f8dd c09c 	ldr.w	ip, [sp, #156]	@ 0x9c
3418a218:	2600      	movs	r6, #0
3418a21a:	f10c 0301 	add.w	r3, ip, #1
3418a21e:	2101      	movs	r1, #1
3418a220:	3201      	adds	r2, #1
3418a222:	6079      	str	r1, [r7, #4]
3418a224:	2b07      	cmp	r3, #7
3418a226:	f10d 0167 	add.w	r1, sp, #103	@ 0x67
3418a22a:	e9cd 3227 	strd	r3, r2, [sp, #156]	@ 0x9c
3418a22e:	6039      	str	r1, [r7, #0]
3418a230:	f300 8436 	bgt.w	3418aaa0 <_vfprintf_r+0xbc0>
3418a234:	3708      	adds	r7, #8
3418a236:	b17e      	cbz	r6, 3418a258 <_vfprintf_r+0x378>
3418a238:	f8dd c09c 	ldr.w	ip, [sp, #156]	@ 0x9c
3418a23c:	f10c 0301 	add.w	r3, ip, #1
3418a240:	a91a      	add	r1, sp, #104	@ 0x68
3418a242:	3202      	adds	r2, #2
3418a244:	6039      	str	r1, [r7, #0]
3418a246:	2b07      	cmp	r3, #7
3418a248:	f04f 0102 	mov.w	r1, #2
3418a24c:	e9cd 3227 	strd	r3, r2, [sp, #156]	@ 0x9c
3418a250:	6079      	str	r1, [r7, #4]
3418a252:	f300 8415 	bgt.w	3418aa80 <_vfprintf_r+0xba0>
3418a256:	3708      	adds	r7, #8
3418a258:	9b0c      	ldr	r3, [sp, #48]	@ 0x30
3418a25a:	2b80      	cmp	r3, #128	@ 0x80
3418a25c:	f000 8301 	beq.w	3418a862 <_vfprintf_r+0x982>
3418a260:	9b0a      	ldr	r3, [sp, #40]	@ 0x28
3418a262:	ebaa 0603 	sub.w	r6, sl, r3
3418a266:	2e00      	cmp	r6, #0
3418a268:	f300 833d 	bgt.w	3418a8e6 <_vfprintf_r+0xa06>
3418a26c:	9b02      	ldr	r3, [sp, #8]
3418a26e:	05de      	lsls	r6, r3, #23
3418a270:	f100 82a7 	bmi.w	3418a7c2 <_vfprintf_r+0x8e2>
3418a274:	9b0a      	ldr	r3, [sp, #40]	@ 0x28
3418a276:	603d      	str	r5, [r7, #0]
3418a278:	441a      	add	r2, r3
3418a27a:	607b      	str	r3, [r7, #4]
3418a27c:	9b27      	ldr	r3, [sp, #156]	@ 0x9c
3418a27e:	9228      	str	r2, [sp, #160]	@ 0xa0
3418a280:	3301      	adds	r3, #1
3418a282:	2b07      	cmp	r3, #7
3418a284:	9327      	str	r3, [sp, #156]	@ 0x9c
3418a286:	f300 83b2 	bgt.w	3418a9ee <_vfprintf_r+0xb0e>
3418a28a:	3708      	adds	r7, #8
3418a28c:	9b02      	ldr	r3, [sp, #8]
3418a28e:	075d      	lsls	r5, r3, #29
3418a290:	d505      	bpl.n	3418a29e <_vfprintf_r+0x3be>
3418a292:	9b08      	ldr	r3, [sp, #32]
3418a294:	9904      	ldr	r1, [sp, #16]
3418a296:	1a5c      	subs	r4, r3, r1
3418a298:	2c00      	cmp	r4, #0
3418a29a:	f300 840d 	bgt.w	3418aab8 <_vfprintf_r+0xbd8>
3418a29e:	9804      	ldr	r0, [sp, #16]
3418a2a0:	e9dd 3107 	ldrd	r3, r1, [sp, #28]
3418a2a4:	4281      	cmp	r1, r0
3418a2a6:	bfac      	ite	ge
3418a2a8:	185b      	addge	r3, r3, r1
3418a2aa:	181b      	addlt	r3, r3, r0
3418a2ac:	9307      	str	r3, [sp, #28]
3418a2ae:	2a00      	cmp	r2, #0
3418a2b0:	f47f af59 	bne.w	3418a166 <_vfprintf_r+0x286>
3418a2b4:	2300      	movs	r3, #0
3418a2b6:	9327      	str	r3, [sp, #156]	@ 0x9c
3418a2b8:	9b09      	ldr	r3, [sp, #36]	@ 0x24
3418a2ba:	b11b      	cbz	r3, 3418a2c4 <_vfprintf_r+0x3e4>
3418a2bc:	9909      	ldr	r1, [sp, #36]	@ 0x24
3418a2be:	4658      	mov	r0, fp
3418a2c0:	f7ff fd0a 	bl	34189cd8 <_free_r>
3418a2c4:	af29      	add	r7, sp, #164	@ 0xa4
3418a2c6:	e65e      	b.n	34189f86 <_vfprintf_r+0xa6>
3418a2c8:	9b0b      	ldr	r3, [sp, #44]	@ 0x2c
3418a2ca:	9506      	str	r5, [sp, #24]
3418a2cc:	3307      	adds	r3, #7
3418a2ce:	f023 0307 	bic.w	r3, r3, #7
3418a2d2:	ecb3 8b02 	vldmia	r3!, {d8}
3418a2d6:	ed9f 7bac 	vldr	d7, [pc, #688]	@ 3418a588 <_vfprintf_r+0x6a8>
3418a2da:	eeb0 6bc8 	vabs.f64	d6, d8
3418a2de:	930b      	str	r3, [sp, #44]	@ 0x2c
3418a2e0:	eeb4 6b47 	vcmp.f64	d6, d7
3418a2e4:	eef1 fa10 	vmrs	APSR_nzcv, fpscr
3418a2e8:	f340 856f 	ble.w	3418adca <_vfprintf_r+0xeea>
3418a2ec:	eeb5 8bc0 	vcmpe.f64	d8, #0.0
3418a2f0:	9b02      	ldr	r3, [sp, #8]
3418a2f2:	f023 0380 	bic.w	r3, r3, #128	@ 0x80
3418a2f6:	eef1 fa10 	vmrs	APSR_nzcv, fpscr
3418a2fa:	9302      	str	r3, [sp, #8]
3418a2fc:	f101 8286 	bmi.w	3418b80c <_vfprintf_r+0x192c>
3418a300:	2c47      	cmp	r4, #71	@ 0x47
3418a302:	f89d 3067 	ldrb.w	r3, [sp, #103]	@ 0x67
3418a306:	bfcc      	ite	gt
3418a308:	4da1      	ldrgt	r5, [pc, #644]	@ (3418a590 <_vfprintf_r+0x6b0>)
3418a30a:	4da2      	ldrle	r5, [pc, #648]	@ (3418a594 <_vfprintf_r+0x6b4>)
3418a30c:	2b00      	cmp	r3, #0
3418a30e:	f041 84e9 	bne.w	3418bce4 <_vfprintf_r+0x1e04>
3418a312:	2203      	movs	r2, #3
3418a314:	9309      	str	r3, [sp, #36]	@ 0x24
3418a316:	920a      	str	r2, [sp, #40]	@ 0x28
3418a318:	e76c      	b.n	3418a1f4 <_vfprintf_r+0x314>
3418a31a:	0599      	lsls	r1, r3, #22
3418a31c:	f53f af39 	bmi.w	3418a192 <_vfprintf_r+0x2b2>
3418a320:	9c03      	ldr	r4, [sp, #12]
3418a322:	6da0      	ldr	r0, [r4, #88]	@ 0x58
3418a324:	f7ff fb1a 	bl	3418995c <__retarget_lock_release_recursive>
3418a328:	f9b4 300c 	ldrsh.w	r3, [r4, #12]
3418a32c:	e731      	b.n	3418a192 <_vfprintf_r+0x2b2>
3418a32e:	782c      	ldrb	r4, [r5, #0]
3418a330:	e64f      	b.n	34189fd2 <_vfprintf_r+0xf2>
3418a332:	9b02      	ldr	r3, [sp, #8]
3418a334:	782c      	ldrb	r4, [r5, #0]
3418a336:	f043 0320 	orr.w	r3, r3, #32
3418a33a:	9302      	str	r3, [sp, #8]
3418a33c:	e649      	b.n	34189fd2 <_vfprintf_r+0xf2>
3418a33e:	9902      	ldr	r1, [sp, #8]
3418a340:	9506      	str	r5, [sp, #24]
3418a342:	0688      	lsls	r0, r1, #26
3418a344:	f140 852f 	bpl.w	3418ada6 <_vfprintf_r+0xec6>
3418a348:	9b0b      	ldr	r3, [sp, #44]	@ 0x2c
3418a34a:	9102      	str	r1, [sp, #8]
3418a34c:	3307      	adds	r3, #7
3418a34e:	f023 0207 	bic.w	r2, r3, #7
3418a352:	6853      	ldr	r3, [r2, #4]
3418a354:	f852 6b08 	ldr.w	r6, [r2], #8
3418a358:	4698      	mov	r8, r3
3418a35a:	920b      	str	r2, [sp, #44]	@ 0x2c
3418a35c:	2b00      	cmp	r3, #0
3418a35e:	f2c0 81d0 	blt.w	3418a702 <_vfprintf_r+0x822>
3418a362:	f1ba 0f00 	cmp.w	sl, #0
3418a366:	f2c0 8091 	blt.w	3418a48c <_vfprintf_r+0x5ac>
3418a36a:	9b02      	ldr	r3, [sp, #8]
3418a36c:	f023 0380 	bic.w	r3, r3, #128	@ 0x80
3418a370:	9302      	str	r3, [sp, #8]
3418a372:	ea56 0308 	orrs.w	r3, r6, r8
3418a376:	f040 8089 	bne.w	3418a48c <_vfprintf_r+0x5ac>
3418a37a:	f1ba 0f00 	cmp.w	sl, #0
3418a37e:	f040 8085 	bne.w	3418a48c <_vfprintf_r+0x5ac>
3418a382:	f89d 0067 	ldrb.w	r0, [sp, #103]	@ 0x67
3418a386:	2800      	cmp	r0, #0
3418a388:	f001 8106 	beq.w	3418b598 <_vfprintf_r+0x16b8>
3418a38c:	f1ba 0300 	subs.w	r3, sl, #0
3418a390:	ad52      	add	r5, sp, #328	@ 0x148
3418a392:	bf18      	it	ne
3418a394:	2301      	movne	r3, #1
3418a396:	469a      	mov	sl, r3
3418a398:	9304      	str	r3, [sp, #16]
3418a39a:	930d      	str	r3, [sp, #52]	@ 0x34
3418a39c:	e9cd 3309 	strd	r3, r3, [sp, #36]	@ 0x24
3418a3a0:	e08c      	b.n	3418a4bc <_vfprintf_r+0x5dc>
3418a3a2:	2c43      	cmp	r4, #67	@ 0x43
3418a3a4:	9506      	str	r5, [sp, #24]
3418a3a6:	f000 86ab 	beq.w	3418b100 <_vfprintf_r+0x1220>
3418a3aa:	9b02      	ldr	r3, [sp, #8]
3418a3ac:	06de      	lsls	r6, r3, #27
3418a3ae:	f100 86a7 	bmi.w	3418b100 <_vfprintf_r+0x1220>
3418a3b2:	9b0b      	ldr	r3, [sp, #44]	@ 0x2c
3418a3b4:	2201      	movs	r2, #1
3418a3b6:	ad39      	add	r5, sp, #228	@ 0xe4
3418a3b8:	681b      	ldr	r3, [r3, #0]
3418a3ba:	9204      	str	r2, [sp, #16]
3418a3bc:	f88d 30e4 	strb.w	r3, [sp, #228]	@ 0xe4
3418a3c0:	920a      	str	r2, [sp, #40]	@ 0x28
3418a3c2:	9b0b      	ldr	r3, [sp, #44]	@ 0x2c
3418a3c4:	3304      	adds	r3, #4
3418a3c6:	930b      	str	r3, [sp, #44]	@ 0x2c
3418a3c8:	2300      	movs	r3, #0
3418a3ca:	469a      	mov	sl, r3
3418a3cc:	f88d 3067 	strb.w	r3, [sp, #103]	@ 0x67
3418a3d0:	9309      	str	r3, [sp, #36]	@ 0x24
3418a3d2:	9310      	str	r3, [sp, #64]	@ 0x40
3418a3d4:	e9cd 330d 	strd	r3, r3, [sp, #52]	@ 0x34
3418a3d8:	e711      	b.n	3418a1fe <_vfprintf_r+0x31e>
3418a3da:	f8dd 802c 	ldr.w	r8, [sp, #44]	@ 0x2c
3418a3de:	2300      	movs	r3, #0
3418a3e0:	9506      	str	r5, [sp, #24]
3418a3e2:	f858 5b04 	ldr.w	r5, [r8], #4
3418a3e6:	f88d 3067 	strb.w	r3, [sp, #103]	@ 0x67
3418a3ea:	2d00      	cmp	r5, #0
3418a3ec:	f000 8670 	beq.w	3418b0d0 <_vfprintf_r+0x11f0>
3418a3f0:	2c53      	cmp	r4, #83	@ 0x53
3418a3f2:	f000 870c 	beq.w	3418b20e <_vfprintf_r+0x132e>
3418a3f6:	9b02      	ldr	r3, [sp, #8]
3418a3f8:	f013 0310 	ands.w	r3, r3, #16
3418a3fc:	930d      	str	r3, [sp, #52]	@ 0x34
3418a3fe:	f040 8706 	bne.w	3418b20e <_vfprintf_r+0x132e>
3418a402:	f1ba 0f00 	cmp.w	sl, #0
3418a406:	f2c1 810e 	blt.w	3418b626 <_vfprintf_r+0x1746>
3418a40a:	4652      	mov	r2, sl
3418a40c:	990d      	ldr	r1, [sp, #52]	@ 0x34
3418a40e:	4628      	mov	r0, r5
3418a410:	f002 fb3e 	bl	3418ca90 <memchr>
3418a414:	f89d 3067 	ldrb.w	r3, [sp, #103]	@ 0x67
3418a418:	9009      	str	r0, [sp, #36]	@ 0x24
3418a41a:	2800      	cmp	r0, #0
3418a41c:	f001 841a 	beq.w	3418bc54 <_vfprintf_r+0x1d74>
3418a420:	9a09      	ldr	r2, [sp, #36]	@ 0x24
3418a422:	1b52      	subs	r2, r2, r5
3418a424:	920a      	str	r2, [sp, #40]	@ 0x28
3418a426:	ea22 72e2 	bic.w	r2, r2, r2, asr #31
3418a42a:	9204      	str	r2, [sp, #16]
3418a42c:	b10b      	cbz	r3, 3418a432 <_vfprintf_r+0x552>
3418a42e:	3201      	adds	r2, #1
3418a430:	9204      	str	r2, [sp, #16]
3418a432:	f8dd a034 	ldr.w	sl, [sp, #52]	@ 0x34
3418a436:	2473      	movs	r4, #115	@ 0x73
3418a438:	f8cd 802c 	str.w	r8, [sp, #44]	@ 0x2c
3418a43c:	f8cd a040 	str.w	sl, [sp, #64]	@ 0x40
3418a440:	f8cd a038 	str.w	sl, [sp, #56]	@ 0x38
3418a444:	f8cd a024 	str.w	sl, [sp, #36]	@ 0x24
3418a448:	e6d9      	b.n	3418a1fe <_vfprintf_r+0x31e>
3418a44a:	9d03      	ldr	r5, [sp, #12]
3418a44c:	6da8      	ldr	r0, [r5, #88]	@ 0x58
3418a44e:	f7ff fa83 	bl	34189958 <__retarget_lock_acquire_recursive>
3418a452:	f9b5 300c 	ldrsh.w	r3, [r5, #12]
3418a456:	6e6a      	ldr	r2, [r5, #100]	@ 0x64
3418a458:	0499      	lsls	r1, r3, #18
3418a45a:	f53f ad73 	bmi.w	34189f44 <_vfprintf_r+0x64>
3418a45e:	e56a      	b.n	34189f36 <_vfprintf_r+0x56>
3418a460:	9b02      	ldr	r3, [sp, #8]
3418a462:	9506      	str	r5, [sp, #24]
3418a464:	069a      	lsls	r2, r3, #26
3418a466:	f140 8580 	bpl.w	3418af6a <_vfprintf_r+0x108a>
3418a46a:	4619      	mov	r1, r3
3418a46c:	9b0b      	ldr	r3, [sp, #44]	@ 0x2c
3418a46e:	2200      	movs	r2, #0
3418a470:	3307      	adds	r3, #7
3418a472:	4592      	cmp	sl, r2
3418a474:	f88d 2067 	strb.w	r2, [sp, #103]	@ 0x67
3418a478:	f023 0307 	bic.w	r3, r3, #7
3418a47c:	f8d3 8004 	ldr.w	r8, [r3, #4]
3418a480:	f853 6b08 	ldr.w	r6, [r3], #8
3418a484:	930b      	str	r3, [sp, #44]	@ 0x2c
3418a486:	f280 8476 	bge.w	3418ad76 <_vfprintf_r+0xe96>
3418a48a:	9102      	str	r1, [sp, #8]
3418a48c:	2e0a      	cmp	r6, #10
3418a48e:	f178 0300 	sbcs.w	r3, r8, #0
3418a492:	f080 8714 	bcs.w	3418b2be <_vfprintf_r+0x13de>
3418a496:	4653      	mov	r3, sl
3418a498:	3630      	adds	r6, #48	@ 0x30
3418a49a:	f89d 0067 	ldrb.w	r0, [sp, #103]	@ 0x67
3418a49e:	f20d 1547 	addw	r5, sp, #327	@ 0x147
3418a4a2:	2b01      	cmp	r3, #1
3418a4a4:	f88d 6147 	strb.w	r6, [sp, #327]	@ 0x147
3418a4a8:	bfb8      	it	lt
3418a4aa:	2301      	movlt	r3, #1
3418a4ac:	9304      	str	r3, [sp, #16]
3418a4ae:	2300      	movs	r3, #0
3418a4b0:	930d      	str	r3, [sp, #52]	@ 0x34
3418a4b2:	2301      	movs	r3, #1
3418a4b4:	930a      	str	r3, [sp, #40]	@ 0x28
3418a4b6:	2300      	movs	r3, #0
3418a4b8:	9309      	str	r3, [sp, #36]	@ 0x24
3418a4ba:	b110      	cbz	r0, 3418a4c2 <_vfprintf_r+0x5e2>
3418a4bc:	9b04      	ldr	r3, [sp, #16]
3418a4be:	3301      	adds	r3, #1
3418a4c0:	9304      	str	r3, [sp, #16]
3418a4c2:	9b0d      	ldr	r3, [sp, #52]	@ 0x34
3418a4c4:	2b00      	cmp	r3, #0
3418a4c6:	f001 857d 	beq.w	3418bfc4 <_vfprintf_r+0x20e4>
3418a4ca:	9b04      	ldr	r3, [sp, #16]
3418a4cc:	9e02      	ldr	r6, [sp, #8]
3418a4ce:	3302      	adds	r3, #2
3418a4d0:	f016 0684 	ands.w	r6, r6, #132	@ 0x84
3418a4d4:	9304      	str	r3, [sp, #16]
3418a4d6:	960c      	str	r6, [sp, #48]	@ 0x30
3418a4d8:	e9dd c227 	ldrd	ip, r2, [sp, #156]	@ 0x9c
3418a4dc:	4696      	mov	lr, r2
3418a4de:	4661      	mov	r1, ip
3418a4e0:	f000 8247 	beq.w	3418a972 <_vfprintf_r+0xa92>
3418a4e4:	2800      	cmp	r0, #0
3418a4e6:	f040 8320 	bne.w	3418ab2a <_vfprintf_r+0xc4a>
3418a4ea:	9010      	str	r0, [sp, #64]	@ 0x40
3418a4ec:	e9cd 000d 	strd	r0, r0, [sp, #52]	@ 0x34
3418a4f0:	e6a4      	b.n	3418a23c <_vfprintf_r+0x35c>
3418a4f2:	9b0b      	ldr	r3, [sp, #44]	@ 0x2c
3418a4f4:	f853 2b04 	ldr.w	r2, [r3], #4
3418a4f8:	2a00      	cmp	r2, #0
3418a4fa:	9208      	str	r2, [sp, #32]
3418a4fc:	f280 8437 	bge.w	3418ad6e <_vfprintf_r+0xe8e>
3418a500:	9a08      	ldr	r2, [sp, #32]
3418a502:	930b      	str	r3, [sp, #44]	@ 0x2c
3418a504:	4252      	negs	r2, r2
3418a506:	9208      	str	r2, [sp, #32]
3418a508:	9b02      	ldr	r3, [sp, #8]
3418a50a:	782c      	ldrb	r4, [r5, #0]
3418a50c:	f043 0304 	orr.w	r3, r3, #4
3418a510:	9302      	str	r3, [sp, #8]
3418a512:	e55e      	b.n	34189fd2 <_vfprintf_r+0xf2>
3418a514:	232b      	movs	r3, #43	@ 0x2b
3418a516:	782c      	ldrb	r4, [r5, #0]
3418a518:	f88d 3067 	strb.w	r3, [sp, #103]	@ 0x67
3418a51c:	e559      	b.n	34189fd2 <_vfprintf_r+0xf2>
3418a51e:	2100      	movs	r1, #0
3418a520:	9a0b      	ldr	r2, [sp, #44]	@ 0x2c
3418a522:	f647 0330 	movw	r3, #30768	@ 0x7830
3418a526:	9506      	str	r5, [sp, #24]
3418a528:	f852 0b04 	ldr.w	r0, [r2], #4
3418a52c:	458a      	cmp	sl, r1
3418a52e:	f8ad 3068 	strh.w	r3, [sp, #104]	@ 0x68
3418a532:	f88d 1067 	strb.w	r1, [sp, #103]	@ 0x67
3418a536:	4603      	mov	r3, r0
3418a538:	f2c0 8584 	blt.w	3418b044 <_vfprintf_r+0x1164>
3418a53c:	9c02      	ldr	r4, [sp, #8]
3418a53e:	f024 0480 	bic.w	r4, r4, #128	@ 0x80
3418a542:	f044 0402 	orr.w	r4, r4, #2
3418a546:	9402      	str	r4, [sp, #8]
3418a548:	2800      	cmp	r0, #0
3418a54a:	f040 873b 	bne.w	3418b3c4 <_vfprintf_r+0x14e4>
3418a54e:	f1ba 0f00 	cmp.w	sl, #0
3418a552:	f040 8737 	bne.w	3418b3c4 <_vfprintf_r+0x14e4>
3418a556:	2302      	movs	r3, #2
3418a558:	2478      	movs	r4, #120	@ 0x78
3418a55a:	920b      	str	r2, [sp, #44]	@ 0x2c
3418a55c:	930d      	str	r3, [sp, #52]	@ 0x34
3418a55e:	f04f 0a00 	mov.w	sl, #0
3418a562:	f89d 0067 	ldrb.w	r0, [sp, #103]	@ 0x67
3418a566:	ad52      	add	r5, sp, #328	@ 0x148
3418a568:	f8cd a010 	str.w	sl, [sp, #16]
3418a56c:	f8cd a028 	str.w	sl, [sp, #40]	@ 0x28
3418a570:	e7a1      	b.n	3418a4b6 <_vfprintf_r+0x5d6>
3418a572:	782c      	ldrb	r4, [r5, #0]
3418a574:	9b02      	ldr	r3, [sp, #8]
3418a576:	2c6c      	cmp	r4, #108	@ 0x6c
3418a578:	f000 859c 	beq.w	3418b0b4 <_vfprintf_r+0x11d4>
3418a57c:	f043 0310 	orr.w	r3, r3, #16
3418a580:	9302      	str	r3, [sp, #8]
3418a582:	e526      	b.n	34189fd2 <_vfprintf_r+0xf2>
3418a584:	f3af 8000 	nop.w
3418a588:	ffffffff 	.word	0xffffffff
3418a58c:	7fefffff 	.word	0x7fefffff
3418a590:	3418fad4 	.word	0x3418fad4
3418a594:	3418fad0 	.word	0x3418fad0
3418a598:	9802      	ldr	r0, [sp, #8]
3418a59a:	9506      	str	r5, [sp, #24]
3418a59c:	0685      	lsls	r5, r0, #26
3418a59e:	f140 8505 	bpl.w	3418afac <_vfprintf_r+0x10cc>
3418a5a2:	9b0b      	ldr	r3, [sp, #44]	@ 0x2c
3418a5a4:	3307      	adds	r3, #7
3418a5a6:	f023 0307 	bic.w	r3, r3, #7
3418a5aa:	461a      	mov	r2, r3
3418a5ac:	6859      	ldr	r1, [r3, #4]
3418a5ae:	f852 3b08 	ldr.w	r3, [r2], #8
3418a5b2:	920b      	str	r2, [sp, #44]	@ 0x2c
3418a5b4:	2200      	movs	r2, #0
3418a5b6:	4592      	cmp	sl, r2
3418a5b8:	f88d 2067 	strb.w	r2, [sp, #103]	@ 0x67
3418a5bc:	db43      	blt.n	3418a646 <_vfprintf_r+0x766>
3418a5be:	f420 6290 	bic.w	r2, r0, #1152	@ 0x480
3418a5c2:	9202      	str	r2, [sp, #8]
3418a5c4:	d142      	bne.n	3418a64c <_vfprintf_r+0x76c>
3418a5c6:	ea53 0201 	orrs.w	r2, r3, r1
3418a5ca:	bf14      	ite	ne
3418a5cc:	2201      	movne	r2, #1
3418a5ce:	2200      	moveq	r2, #0
3418a5d0:	d13c      	bne.n	3418a64c <_vfprintf_r+0x76c>
3418a5d2:	f010 0101 	ands.w	r1, r0, #1
3418a5d6:	9104      	str	r1, [sp, #16]
3418a5d8:	f000 82ae 	beq.w	3418ab38 <_vfprintf_r+0xc58>
3418a5dc:	2330      	movs	r3, #48	@ 0x30
3418a5de:	4692      	mov	sl, r2
3418a5e0:	f20d 1547 	addw	r5, sp, #327	@ 0x147
3418a5e4:	9210      	str	r2, [sp, #64]	@ 0x40
3418a5e6:	f88d 3147 	strb.w	r3, [sp, #327]	@ 0x147
3418a5ea:	e9cd 2109 	strd	r2, r1, [sp, #36]	@ 0x24
3418a5ee:	e9cd 220d 	strd	r2, r2, [sp, #52]	@ 0x34
3418a5f2:	e604      	b.n	3418a1fe <_vfprintf_r+0x31e>
3418a5f4:	9902      	ldr	r1, [sp, #8]
3418a5f6:	9a0b      	ldr	r2, [sp, #44]	@ 0x2c
3418a5f8:	068c      	lsls	r4, r1, #26
3418a5fa:	9506      	str	r5, [sp, #24]
3418a5fc:	f102 0304 	add.w	r3, r2, #4
3418a600:	f140 84a1 	bpl.w	3418af46 <_vfprintf_r+0x1066>
3418a604:	6812      	ldr	r2, [r2, #0]
3418a606:	9907      	ldr	r1, [sp, #28]
3418a608:	6011      	str	r1, [r2, #0]
3418a60a:	17c9      	asrs	r1, r1, #31
3418a60c:	6051      	str	r1, [r2, #4]
3418a60e:	930b      	str	r3, [sp, #44]	@ 0x2c
3418a610:	e4b9      	b.n	34189f86 <_vfprintf_r+0xa6>
3418a612:	782c      	ldrb	r4, [r5, #0]
3418a614:	9b02      	ldr	r3, [sp, #8]
3418a616:	2c68      	cmp	r4, #104	@ 0x68
3418a618:	f000 8553 	beq.w	3418b0c2 <_vfprintf_r+0x11e2>
3418a61c:	f043 0340 	orr.w	r3, r3, #64	@ 0x40
3418a620:	9302      	str	r3, [sp, #8]
3418a622:	e4d6      	b.n	34189fd2 <_vfprintf_r+0xf2>
3418a624:	9b02      	ldr	r3, [sp, #8]
3418a626:	9506      	str	r5, [sp, #24]
3418a628:	069e      	lsls	r6, r3, #26
3418a62a:	f043 0010 	orr.w	r0, r3, #16
3418a62e:	d4b8      	bmi.n	3418a5a2 <_vfprintf_r+0x6c2>
3418a630:	9b0b      	ldr	r3, [sp, #44]	@ 0x2c
3418a632:	1d1a      	adds	r2, r3, #4
3418a634:	9b0b      	ldr	r3, [sp, #44]	@ 0x2c
3418a636:	2100      	movs	r1, #0
3418a638:	920b      	str	r2, [sp, #44]	@ 0x2c
3418a63a:	2200      	movs	r2, #0
3418a63c:	681b      	ldr	r3, [r3, #0]
3418a63e:	4592      	cmp	sl, r2
3418a640:	f88d 2067 	strb.w	r2, [sp, #103]	@ 0x67
3418a644:	dabb      	bge.n	3418a5be <_vfprintf_r+0x6de>
3418a646:	f420 6280 	bic.w	r2, r0, #1024	@ 0x400
3418a64a:	9202      	str	r2, [sp, #8]
3418a64c:	ad52      	add	r5, sp, #328	@ 0x148
3418a64e:	f003 0207 	and.w	r2, r3, #7
3418a652:	08db      	lsrs	r3, r3, #3
3418a654:	4628      	mov	r0, r5
3418a656:	ea43 7341 	orr.w	r3, r3, r1, lsl #29
3418a65a:	3230      	adds	r2, #48	@ 0x30
3418a65c:	08c9      	lsrs	r1, r1, #3
3418a65e:	f805 2d01 	strb.w	r2, [r5, #-1]!
3418a662:	ea53 0601 	orrs.w	r6, r3, r1
3418a666:	d1f2      	bne.n	3418a64e <_vfprintf_r+0x76e>
3418a668:	2a30      	cmp	r2, #48	@ 0x30
3418a66a:	d003      	beq.n	3418a674 <_vfprintf_r+0x794>
3418a66c:	9b02      	ldr	r3, [sp, #8]
3418a66e:	07db      	lsls	r3, r3, #31
3418a670:	f100 84ac 	bmi.w	3418afcc <_vfprintf_r+0x10ec>
3418a674:	ab52      	add	r3, sp, #328	@ 0x148
3418a676:	1b5b      	subs	r3, r3, r5
3418a678:	4553      	cmp	r3, sl
3418a67a:	930a      	str	r3, [sp, #40]	@ 0x28
3418a67c:	bfb8      	it	lt
3418a67e:	4653      	movlt	r3, sl
3418a680:	9304      	str	r3, [sp, #16]
3418a682:	2300      	movs	r3, #0
3418a684:	9309      	str	r3, [sp, #36]	@ 0x24
3418a686:	9310      	str	r3, [sp, #64]	@ 0x40
3418a688:	e9cd 330d 	strd	r3, r3, [sp, #52]	@ 0x34
3418a68c:	e5b7      	b.n	3418a1fe <_vfprintf_r+0x31e>
3418a68e:	9b02      	ldr	r3, [sp, #8]
3418a690:	9506      	str	r5, [sp, #24]
3418a692:	0698      	lsls	r0, r3, #26
3418a694:	f043 0110 	orr.w	r1, r3, #16
3418a698:	f53f aee8 	bmi.w	3418a46c <_vfprintf_r+0x58c>
3418a69c:	9b0b      	ldr	r3, [sp, #44]	@ 0x2c
3418a69e:	1d1a      	adds	r2, r3, #4
3418a6a0:	f04f 0800 	mov.w	r8, #0
3418a6a4:	9b0b      	ldr	r3, [sp, #44]	@ 0x2c
3418a6a6:	45c2      	cmp	sl, r8
3418a6a8:	681b      	ldr	r3, [r3, #0]
3418a6aa:	f88d 8067 	strb.w	r8, [sp, #103]	@ 0x67
3418a6ae:	461e      	mov	r6, r3
3418a6b0:	f2c1 8013 	blt.w	3418b6da <_vfprintf_r+0x17fa>
3418a6b4:	f021 0180 	bic.w	r1, r1, #128	@ 0x80
3418a6b8:	920b      	str	r2, [sp, #44]	@ 0x2c
3418a6ba:	9102      	str	r1, [sp, #8]
3418a6bc:	f47f aee6 	bne.w	3418a48c <_vfprintf_r+0x5ac>
3418a6c0:	2b00      	cmp	r3, #0
3418a6c2:	f47f aee3 	bne.w	3418a48c <_vfprintf_r+0x5ac>
3418a6c6:	1adb      	subs	r3, r3, r3
3418a6c8:	bf18      	it	ne
3418a6ca:	2301      	movne	r3, #1
3418a6cc:	930d      	str	r3, [sp, #52]	@ 0x34
3418a6ce:	e746      	b.n	3418a55e <_vfprintf_r+0x67e>
3418a6d0:	9b02      	ldr	r3, [sp, #8]
3418a6d2:	782c      	ldrb	r4, [r5, #0]
3418a6d4:	f043 0308 	orr.w	r3, r3, #8
3418a6d8:	9302      	str	r3, [sp, #8]
3418a6da:	e47a      	b.n	34189fd2 <_vfprintf_r+0xf2>
3418a6dc:	9b02      	ldr	r3, [sp, #8]
3418a6de:	9506      	str	r5, [sp, #24]
3418a6e0:	069d      	lsls	r5, r3, #26
3418a6e2:	f043 0110 	orr.w	r1, r3, #16
3418a6e6:	f53f ae2f 	bmi.w	3418a348 <_vfprintf_r+0x468>
3418a6ea:	9b0b      	ldr	r3, [sp, #44]	@ 0x2c
3418a6ec:	1d1a      	adds	r2, r3, #4
3418a6ee:	9b0b      	ldr	r3, [sp, #44]	@ 0x2c
3418a6f0:	9102      	str	r1, [sp, #8]
3418a6f2:	681e      	ldr	r6, [r3, #0]
3418a6f4:	920b      	str	r2, [sp, #44]	@ 0x2c
3418a6f6:	ea4f 78e6 	mov.w	r8, r6, asr #31
3418a6fa:	4643      	mov	r3, r8
3418a6fc:	2b00      	cmp	r3, #0
3418a6fe:	f6bf ae30 	bge.w	3418a362 <_vfprintf_r+0x482>
3418a702:	4276      	negs	r6, r6
3418a704:	f04f 032d 	mov.w	r3, #45	@ 0x2d
3418a708:	eb68 0848 	sbc.w	r8, r8, r8, lsl #1
3418a70c:	f1ba 0f00 	cmp.w	sl, #0
3418a710:	f88d 3067 	strb.w	r3, [sp, #103]	@ 0x67
3418a714:	f6ff aeba 	blt.w	3418a48c <_vfprintf_r+0x5ac>
3418a718:	9b02      	ldr	r3, [sp, #8]
3418a71a:	f023 0380 	bic.w	r3, r3, #128	@ 0x80
3418a71e:	9302      	str	r3, [sp, #8]
3418a720:	e6b4      	b.n	3418a48c <_vfprintf_r+0x5ac>
3418a722:	4658      	mov	r0, fp
3418a724:	f002 f962 	bl	3418c9ec <_localeconv_r>
3418a728:	6843      	ldr	r3, [r0, #4]
3418a72a:	4618      	mov	r0, r3
3418a72c:	9315      	str	r3, [sp, #84]	@ 0x54
3418a72e:	f7ff f98d 	bl	34189a4c <strlen>
3418a732:	9014      	str	r0, [sp, #80]	@ 0x50
3418a734:	4606      	mov	r6, r0
3418a736:	4658      	mov	r0, fp
3418a738:	f002 f958 	bl	3418c9ec <_localeconv_r>
3418a73c:	6883      	ldr	r3, [r0, #8]
3418a73e:	782c      	ldrb	r4, [r5, #0]
3418a740:	9316      	str	r3, [sp, #88]	@ 0x58
3418a742:	2e00      	cmp	r6, #0
3418a744:	f43f ac45 	beq.w	34189fd2 <_vfprintf_r+0xf2>
3418a748:	2b00      	cmp	r3, #0
3418a74a:	f43f ac42 	beq.w	34189fd2 <_vfprintf_r+0xf2>
3418a74e:	781b      	ldrb	r3, [r3, #0]
3418a750:	2b00      	cmp	r3, #0
3418a752:	f43f ac3e 	beq.w	34189fd2 <_vfprintf_r+0xf2>
3418a756:	9b02      	ldr	r3, [sp, #8]
3418a758:	f443 6380 	orr.w	r3, r3, #1024	@ 0x400
3418a75c:	9302      	str	r3, [sp, #8]
3418a75e:	e438      	b.n	34189fd2 <_vfprintf_r+0xf2>
3418a760:	9b02      	ldr	r3, [sp, #8]
3418a762:	782c      	ldrb	r4, [r5, #0]
3418a764:	f043 0301 	orr.w	r3, r3, #1
3418a768:	9302      	str	r3, [sp, #8]
3418a76a:	e432      	b.n	34189fd2 <_vfprintf_r+0xf2>
3418a76c:	f89d 3067 	ldrb.w	r3, [sp, #103]	@ 0x67
3418a770:	782c      	ldrb	r4, [r5, #0]
3418a772:	2b00      	cmp	r3, #0
3418a774:	f47f ac2d 	bne.w	34189fd2 <_vfprintf_r+0xf2>
3418a778:	2320      	movs	r3, #32
3418a77a:	f88d 3067 	strb.w	r3, [sp, #103]	@ 0x67
3418a77e:	e428      	b.n	34189fd2 <_vfprintf_r+0xf2>
3418a780:	9b02      	ldr	r3, [sp, #8]
3418a782:	782c      	ldrb	r4, [r5, #0]
3418a784:	f043 0380 	orr.w	r3, r3, #128	@ 0x80
3418a788:	9302      	str	r3, [sp, #8]
3418a78a:	e422      	b.n	34189fd2 <_vfprintf_r+0xf2>
3418a78c:	462a      	mov	r2, r5
3418a78e:	f812 4b01 	ldrb.w	r4, [r2], #1
3418a792:	2c2a      	cmp	r4, #42	@ 0x2a
3418a794:	f001 83a8 	beq.w	3418bee8 <_vfprintf_r+0x2008>
3418a798:	f1a4 0330 	sub.w	r3, r4, #48	@ 0x30
3418a79c:	2b09      	cmp	r3, #9
3418a79e:	f201 81b5 	bhi.w	3418bb0c <_vfprintf_r+0x1c2c>
3418a7a2:	f04f 0a00 	mov.w	sl, #0
3418a7a6:	eb0a 0a8a 	add.w	sl, sl, sl, lsl #2
3418a7aa:	f812 4b01 	ldrb.w	r4, [r2], #1
3418a7ae:	eb03 0a4a 	add.w	sl, r3, sl, lsl #1
3418a7b2:	f1a4 0330 	sub.w	r3, r4, #48	@ 0x30
3418a7b6:	2b09      	cmp	r3, #9
3418a7b8:	d9f5      	bls.n	3418a7a6 <_vfprintf_r+0x8c6>
3418a7ba:	ea4a 7aea 	orr.w	sl, sl, sl, asr #31
3418a7be:	4615      	mov	r5, r2
3418a7c0:	e408      	b.n	34189fd4 <_vfprintf_r+0xf4>
3418a7c2:	2c65      	cmp	r4, #101	@ 0x65
3418a7c4:	f340 811e 	ble.w	3418aa04 <_vfprintf_r+0xb24>
3418a7c8:	eeb5 8b40 	vcmp.f64	d8, #0.0
3418a7cc:	eef1 fa10 	vmrs	APSR_nzcv, fpscr
3418a7d0:	f040 80de 	bne.w	3418a990 <_vfprintf_r+0xab0>
3418a7d4:	9b27      	ldr	r3, [sp, #156]	@ 0x9c
3418a7d6:	3201      	adds	r2, #1
3418a7d8:	49af      	ldr	r1, [pc, #700]	@ (3418aa98 <_vfprintf_r+0xbb8>)
3418a7da:	3301      	adds	r3, #1
3418a7dc:	9228      	str	r2, [sp, #160]	@ 0xa0
3418a7de:	6039      	str	r1, [r7, #0]
3418a7e0:	2101      	movs	r1, #1
3418a7e2:	2b07      	cmp	r3, #7
3418a7e4:	9327      	str	r3, [sp, #156]	@ 0x9c
3418a7e6:	6079      	str	r1, [r7, #4]
3418a7e8:	f300 8505 	bgt.w	3418b1f6 <_vfprintf_r+0x1316>
3418a7ec:	3708      	adds	r7, #8
3418a7ee:	9b1b      	ldr	r3, [sp, #108]	@ 0x6c
3418a7f0:	990f      	ldr	r1, [sp, #60]	@ 0x3c
3418a7f2:	428b      	cmp	r3, r1
3418a7f4:	f280 82b6 	bge.w	3418ad64 <_vfprintf_r+0xe84>
3418a7f8:	9b11      	ldr	r3, [sp, #68]	@ 0x44
3418a7fa:	9912      	ldr	r1, [sp, #72]	@ 0x48
3418a7fc:	441a      	add	r2, r3
3418a7fe:	e9c7 1300 	strd	r1, r3, [r7]
3418a802:	9b27      	ldr	r3, [sp, #156]	@ 0x9c
3418a804:	9228      	str	r2, [sp, #160]	@ 0xa0
3418a806:	3301      	adds	r3, #1
3418a808:	2b07      	cmp	r3, #7
3418a80a:	9327      	str	r3, [sp, #156]	@ 0x9c
3418a80c:	f300 8446 	bgt.w	3418b09c <_vfprintf_r+0x11bc>
3418a810:	3708      	adds	r7, #8
3418a812:	9b0f      	ldr	r3, [sp, #60]	@ 0x3c
3418a814:	1e5c      	subs	r4, r3, #1
3418a816:	2c00      	cmp	r4, #0
3418a818:	f77f ad38 	ble.w	3418a28c <_vfprintf_r+0x3ac>
3418a81c:	2c10      	cmp	r4, #16
3418a81e:	9b27      	ldr	r3, [sp, #156]	@ 0x9c
3418a820:	f341 832b 	ble.w	3418be7a <_vfprintf_r+0x1f9a>
3418a824:	2510      	movs	r5, #16
3418a826:	4e9d      	ldr	r6, [pc, #628]	@ (3418aa9c <_vfprintf_r+0xbbc>)
3418a828:	f8dd 800c 	ldr.w	r8, [sp, #12]
3418a82c:	e003      	b.n	3418a836 <_vfprintf_r+0x956>
3418a82e:	3c10      	subs	r4, #16
3418a830:	2c10      	cmp	r4, #16
3418a832:	f340 85ba 	ble.w	3418b3aa <_vfprintf_r+0x14ca>
3418a836:	3301      	adds	r3, #1
3418a838:	3210      	adds	r2, #16
3418a83a:	2b07      	cmp	r3, #7
3418a83c:	e9c7 6500 	strd	r6, r5, [r7]
3418a840:	e9cd 3227 	strd	r3, r2, [sp, #156]	@ 0x9c
3418a844:	f107 0708 	add.w	r7, r7, #8
3418a848:	ddf1      	ble.n	3418a82e <_vfprintf_r+0x94e>
3418a84a:	aa26      	add	r2, sp, #152	@ 0x98
3418a84c:	4641      	mov	r1, r8
3418a84e:	4658      	mov	r0, fp
3418a850:	f001 ff66 	bl	3418c720 <__sprint_r>
3418a854:	2800      	cmp	r0, #0
3418a856:	f47f ac8e 	bne.w	3418a176 <_vfprintf_r+0x296>
3418a85a:	af29      	add	r7, sp, #164	@ 0xa4
3418a85c:	e9dd 3227 	ldrd	r3, r2, [sp, #156]	@ 0x9c
3418a860:	e7e5      	b.n	3418a82e <_vfprintf_r+0x94e>
3418a862:	9b08      	ldr	r3, [sp, #32]
3418a864:	9904      	ldr	r1, [sp, #16]
3418a866:	1a5e      	subs	r6, r3, r1
3418a868:	2e00      	cmp	r6, #0
3418a86a:	f77f acf9 	ble.w	3418a260 <_vfprintf_r+0x380>
3418a86e:	2e10      	cmp	r6, #16
3418a870:	9b27      	ldr	r3, [sp, #156]	@ 0x9c
3418a872:	f341 819f 	ble.w	3418bbb4 <_vfprintf_r+0x1cd4>
3418a876:	46a8      	mov	r8, r5
3418a878:	4619      	mov	r1, r3
3418a87a:	4625      	mov	r5, r4
3418a87c:	4c87      	ldr	r4, [pc, #540]	@ (3418aa9c <_vfprintf_r+0xbbc>)
3418a87e:	e002      	b.n	3418a886 <_vfprintf_r+0x9a6>
3418a880:	3e10      	subs	r6, #16
3418a882:	2e10      	cmp	r6, #16
3418a884:	dd19      	ble.n	3418a8ba <_vfprintf_r+0x9da>
3418a886:	3101      	adds	r1, #1
3418a888:	3210      	adds	r2, #16
3418a88a:	2310      	movs	r3, #16
3418a88c:	603c      	str	r4, [r7, #0]
3418a88e:	2907      	cmp	r1, #7
3418a890:	f107 0708 	add.w	r7, r7, #8
3418a894:	f847 3c04 	str.w	r3, [r7, #-4]
3418a898:	e9cd 1227 	strd	r1, r2, [sp, #156]	@ 0x9c
3418a89c:	ddf0      	ble.n	3418a880 <_vfprintf_r+0x9a0>
3418a89e:	aa26      	add	r2, sp, #152	@ 0x98
3418a8a0:	9903      	ldr	r1, [sp, #12]
3418a8a2:	4658      	mov	r0, fp
3418a8a4:	f001 ff3c 	bl	3418c720 <__sprint_r>
3418a8a8:	2800      	cmp	r0, #0
3418a8aa:	f47f ac64 	bne.w	3418a176 <_vfprintf_r+0x296>
3418a8ae:	3e10      	subs	r6, #16
3418a8b0:	af29      	add	r7, sp, #164	@ 0xa4
3418a8b2:	2e10      	cmp	r6, #16
3418a8b4:	e9dd 1227 	ldrd	r1, r2, [sp, #156]	@ 0x9c
3418a8b8:	dce5      	bgt.n	3418a886 <_vfprintf_r+0x9a6>
3418a8ba:	460b      	mov	r3, r1
3418a8bc:	4621      	mov	r1, r4
3418a8be:	462c      	mov	r4, r5
3418a8c0:	4645      	mov	r5, r8
3418a8c2:	4688      	mov	r8, r1
3418a8c4:	3301      	adds	r3, #1
3418a8c6:	4432      	add	r2, r6
3418a8c8:	f8c7 8000 	str.w	r8, [r7]
3418a8cc:	2b07      	cmp	r3, #7
3418a8ce:	607e      	str	r6, [r7, #4]
3418a8d0:	e9cd 3227 	strd	r3, r2, [sp, #156]	@ 0x9c
3418a8d4:	f300 83d6 	bgt.w	3418b084 <_vfprintf_r+0x11a4>
3418a8d8:	9b0a      	ldr	r3, [sp, #40]	@ 0x28
3418a8da:	3708      	adds	r7, #8
3418a8dc:	ebaa 0603 	sub.w	r6, sl, r3
3418a8e0:	2e00      	cmp	r6, #0
3418a8e2:	f77f acc3 	ble.w	3418a26c <_vfprintf_r+0x38c>
3418a8e6:	2e10      	cmp	r6, #16
3418a8e8:	9b27      	ldr	r3, [sp, #156]	@ 0x9c
3418a8ea:	f8df 81b0 	ldr.w	r8, [pc, #432]	@ 3418aa9c <_vfprintf_r+0xbbc>
3418a8ee:	dd28      	ble.n	3418a942 <_vfprintf_r+0xa62>
3418a8f0:	4628      	mov	r0, r5
3418a8f2:	f04f 0a10 	mov.w	sl, #16
3418a8f6:	4625      	mov	r5, r4
3418a8f8:	4619      	mov	r1, r3
3418a8fa:	4634      	mov	r4, r6
3418a8fc:	4606      	mov	r6, r0
3418a8fe:	e002      	b.n	3418a906 <_vfprintf_r+0xa26>
3418a900:	3c10      	subs	r4, #16
3418a902:	2c10      	cmp	r4, #16
3418a904:	dd18      	ble.n	3418a938 <_vfprintf_r+0xa58>
3418a906:	3101      	adds	r1, #1
3418a908:	3210      	adds	r2, #16
3418a90a:	4b64      	ldr	r3, [pc, #400]	@ (3418aa9c <_vfprintf_r+0xbbc>)
3418a90c:	2907      	cmp	r1, #7
3418a90e:	e9c7 3a00 	strd	r3, sl, [r7]
3418a912:	e9cd 1227 	strd	r1, r2, [sp, #156]	@ 0x9c
3418a916:	f107 0708 	add.w	r7, r7, #8
3418a91a:	ddf1      	ble.n	3418a900 <_vfprintf_r+0xa20>
3418a91c:	aa26      	add	r2, sp, #152	@ 0x98
3418a91e:	9903      	ldr	r1, [sp, #12]
3418a920:	4658      	mov	r0, fp
3418a922:	af29      	add	r7, sp, #164	@ 0xa4
3418a924:	f001 fefc 	bl	3418c720 <__sprint_r>
3418a928:	2800      	cmp	r0, #0
3418a92a:	f47f ac24 	bne.w	3418a176 <_vfprintf_r+0x296>
3418a92e:	3c10      	subs	r4, #16
3418a930:	2c10      	cmp	r4, #16
3418a932:	e9dd 1227 	ldrd	r1, r2, [sp, #156]	@ 0x9c
3418a936:	dce6      	bgt.n	3418a906 <_vfprintf_r+0xa26>
3418a938:	4630      	mov	r0, r6
3418a93a:	460b      	mov	r3, r1
3418a93c:	4626      	mov	r6, r4
3418a93e:	462c      	mov	r4, r5
3418a940:	4605      	mov	r5, r0
3418a942:	3301      	adds	r3, #1
3418a944:	4432      	add	r2, r6
3418a946:	f8c7 8000 	str.w	r8, [r7]
3418a94a:	2b07      	cmp	r3, #7
3418a94c:	607e      	str	r6, [r7, #4]
3418a94e:	e9cd 3227 	strd	r3, r2, [sp, #156]	@ 0x9c
3418a952:	f300 8182 	bgt.w	3418ac5a <_vfprintf_r+0xd7a>
3418a956:	3708      	adds	r7, #8
3418a958:	e488      	b.n	3418a26c <_vfprintf_r+0x38c>
3418a95a:	9b08      	ldr	r3, [sp, #32]
3418a95c:	9904      	ldr	r1, [sp, #16]
3418a95e:	1a5e      	subs	r6, r3, r1
3418a960:	2e00      	cmp	r6, #0
3418a962:	f300 8153 	bgt.w	3418ac0c <_vfprintf_r+0xd2c>
3418a966:	f89d 3067 	ldrb.w	r3, [sp, #103]	@ 0x67
3418a96a:	2b00      	cmp	r3, #0
3418a96c:	f43f ac78 	beq.w	3418a260 <_vfprintf_r+0x380>
3418a970:	e450      	b.n	3418a214 <_vfprintf_r+0x334>
3418a972:	9b04      	ldr	r3, [sp, #16]
3418a974:	9e08      	ldr	r6, [sp, #32]
3418a976:	1af6      	subs	r6, r6, r3
3418a978:	9b0c      	ldr	r3, [sp, #48]	@ 0x30
3418a97a:	2e00      	cmp	r6, #0
3418a97c:	9310      	str	r3, [sp, #64]	@ 0x40
3418a97e:	e9cd 330d 	strd	r3, r3, [sp, #52]	@ 0x34
3418a982:	f300 80e3 	bgt.w	3418ab4c <_vfprintf_r+0xc6c>
3418a986:	2800      	cmp	r0, #0
3418a988:	f43f ac58 	beq.w	3418a23c <_vfprintf_r+0x35c>
3418a98c:	2602      	movs	r6, #2
3418a98e:	e444      	b.n	3418a21a <_vfprintf_r+0x33a>
3418a990:	991b      	ldr	r1, [sp, #108]	@ 0x6c
3418a992:	2900      	cmp	r1, #0
3418a994:	f300 816d 	bgt.w	3418ac72 <_vfprintf_r+0xd92>
3418a998:	9b27      	ldr	r3, [sp, #156]	@ 0x9c
3418a99a:	3201      	adds	r2, #1
3418a99c:	483e      	ldr	r0, [pc, #248]	@ (3418aa98 <_vfprintf_r+0xbb8>)
3418a99e:	3301      	adds	r3, #1
3418a9a0:	9228      	str	r2, [sp, #160]	@ 0xa0
3418a9a2:	6038      	str	r0, [r7, #0]
3418a9a4:	2001      	movs	r0, #1
3418a9a6:	2b07      	cmp	r3, #7
3418a9a8:	9327      	str	r3, [sp, #156]	@ 0x9c
3418a9aa:	6078      	str	r0, [r7, #4]
3418a9ac:	f300 87ec 	bgt.w	3418b988 <_vfprintf_r+0x1aa8>
3418a9b0:	3708      	adds	r7, #8
3418a9b2:	9b0f      	ldr	r3, [sp, #60]	@ 0x3c
3418a9b4:	430b      	orrs	r3, r1
3418a9b6:	f001 801d 	beq.w	3418b9f4 <_vfprintf_r+0x1b14>
3418a9ba:	9b11      	ldr	r3, [sp, #68]	@ 0x44
3418a9bc:	9812      	ldr	r0, [sp, #72]	@ 0x48
3418a9be:	441a      	add	r2, r3
3418a9c0:	e9c7 0300 	strd	r0, r3, [r7]
3418a9c4:	9b27      	ldr	r3, [sp, #156]	@ 0x9c
3418a9c6:	9228      	str	r2, [sp, #160]	@ 0xa0
3418a9c8:	3301      	adds	r3, #1
3418a9ca:	2b07      	cmp	r3, #7
3418a9cc:	9327      	str	r3, [sp, #156]	@ 0x9c
3418a9ce:	f300 87f4 	bgt.w	3418b9ba <_vfprintf_r+0x1ada>
3418a9d2:	3708      	adds	r7, #8
3418a9d4:	2900      	cmp	r1, #0
3418a9d6:	f2c1 80b4 	blt.w	3418bb42 <_vfprintf_r+0x1c62>
3418a9da:	990f      	ldr	r1, [sp, #60]	@ 0x3c
3418a9dc:	3301      	adds	r3, #1
3418a9de:	603d      	str	r5, [r7, #0]
3418a9e0:	440a      	add	r2, r1
3418a9e2:	2b07      	cmp	r3, #7
3418a9e4:	6079      	str	r1, [r7, #4]
3418a9e6:	e9cd 3227 	strd	r3, r2, [sp, #156]	@ 0x9c
3418a9ea:	f77f ac4e 	ble.w	3418a28a <_vfprintf_r+0x3aa>
3418a9ee:	aa26      	add	r2, sp, #152	@ 0x98
3418a9f0:	9903      	ldr	r1, [sp, #12]
3418a9f2:	4658      	mov	r0, fp
3418a9f4:	f001 fe94 	bl	3418c720 <__sprint_r>
3418a9f8:	2800      	cmp	r0, #0
3418a9fa:	f47f abbc 	bne.w	3418a176 <_vfprintf_r+0x296>
3418a9fe:	9a28      	ldr	r2, [sp, #160]	@ 0xa0
3418aa00:	af29      	add	r7, sp, #164	@ 0xa4
3418aa02:	e443      	b.n	3418a28c <_vfprintf_r+0x3ac>
3418aa04:	980f      	ldr	r0, [sp, #60]	@ 0x3c
3418aa06:	3201      	adds	r2, #1
3418aa08:	9b27      	ldr	r3, [sp, #156]	@ 0x9c
3418aa0a:	f107 0108 	add.w	r1, r7, #8
3418aa0e:	2801      	cmp	r0, #1
3418aa10:	f103 0301 	add.w	r3, r3, #1
3418aa14:	f340 80e2 	ble.w	3418abdc <_vfprintf_r+0xcfc>
3418aa18:	2001      	movs	r0, #1
3418aa1a:	2b07      	cmp	r3, #7
3418aa1c:	603d      	str	r5, [r7, #0]
3418aa1e:	6078      	str	r0, [r7, #4]
3418aa20:	e9cd 3227 	strd	r3, r2, [sp, #156]	@ 0x9c
3418aa24:	f300 8399 	bgt.w	3418b15a <_vfprintf_r+0x127a>
3418aa28:	9811      	ldr	r0, [sp, #68]	@ 0x44
3418aa2a:	3301      	adds	r3, #1
3418aa2c:	9c12      	ldr	r4, [sp, #72]	@ 0x48
3418aa2e:	4402      	add	r2, r0
3418aa30:	2b07      	cmp	r3, #7
3418aa32:	e9c1 4000 	strd	r4, r0, [r1]
3418aa36:	e9cd 3227 	strd	r3, r2, [sp, #156]	@ 0x9c
3418aa3a:	f300 8382 	bgt.w	3418b142 <_vfprintf_r+0x1262>
3418aa3e:	3108      	adds	r1, #8
3418aa40:	eeb5 8b40 	vcmp.f64	d8, #0.0
3418aa44:	980f      	ldr	r0, [sp, #60]	@ 0x3c
3418aa46:	1e46      	subs	r6, r0, #1
3418aa48:	eef1 fa10 	vmrs	APSR_nzcv, fpscr
3418aa4c:	f000 80e0 	beq.w	3418ac10 <_vfprintf_r+0xd30>
3418aa50:	3301      	adds	r3, #1
3418aa52:	3501      	adds	r5, #1
3418aa54:	4432      	add	r2, r6
3418aa56:	604e      	str	r6, [r1, #4]
3418aa58:	2b07      	cmp	r3, #7
3418aa5a:	600d      	str	r5, [r1, #0]
3418aa5c:	e9cd 3227 	strd	r3, r2, [sp, #156]	@ 0x9c
3418aa60:	f300 80c8 	bgt.w	3418abf4 <_vfprintf_r+0xd14>
3418aa64:	3108      	adds	r1, #8
3418aa66:	9813      	ldr	r0, [sp, #76]	@ 0x4c
3418aa68:	3301      	adds	r3, #1
3418aa6a:	4402      	add	r2, r0
3418aa6c:	6048      	str	r0, [r1, #4]
3418aa6e:	2b07      	cmp	r3, #7
3418aa70:	a81e      	add	r0, sp, #120	@ 0x78
3418aa72:	e9cd 3227 	strd	r3, r2, [sp, #156]	@ 0x9c
3418aa76:	6008      	str	r0, [r1, #0]
3418aa78:	dcb9      	bgt.n	3418a9ee <_vfprintf_r+0xb0e>
3418aa7a:	f101 0708 	add.w	r7, r1, #8
3418aa7e:	e405      	b.n	3418a28c <_vfprintf_r+0x3ac>
3418aa80:	aa26      	add	r2, sp, #152	@ 0x98
3418aa82:	9903      	ldr	r1, [sp, #12]
3418aa84:	4658      	mov	r0, fp
3418aa86:	f001 fe4b 	bl	3418c720 <__sprint_r>
3418aa8a:	2800      	cmp	r0, #0
3418aa8c:	f47f ab73 	bne.w	3418a176 <_vfprintf_r+0x296>
3418aa90:	9a28      	ldr	r2, [sp, #160]	@ 0xa0
3418aa92:	af29      	add	r7, sp, #164	@ 0xa4
3418aa94:	f7ff bbe0 	b.w	3418a258 <_vfprintf_r+0x378>
3418aa98:	3418fb10 	.word	0x3418fb10
3418aa9c:	3418fe3c 	.word	0x3418fe3c
3418aaa0:	aa26      	add	r2, sp, #152	@ 0x98
3418aaa2:	9903      	ldr	r1, [sp, #12]
3418aaa4:	4658      	mov	r0, fp
3418aaa6:	f001 fe3b 	bl	3418c720 <__sprint_r>
3418aaaa:	2800      	cmp	r0, #0
3418aaac:	f47f ab63 	bne.w	3418a176 <_vfprintf_r+0x296>
3418aab0:	9a28      	ldr	r2, [sp, #160]	@ 0xa0
3418aab2:	af29      	add	r7, sp, #164	@ 0xa4
3418aab4:	f7ff bbbf 	b.w	3418a236 <_vfprintf_r+0x356>
3418aab8:	2c10      	cmp	r4, #16
3418aaba:	9b27      	ldr	r3, [sp, #156]	@ 0x9c
3418aabc:	f341 8076 	ble.w	3418bbac <_vfprintf_r+0x1ccc>
3418aac0:	2510      	movs	r5, #16
3418aac2:	4eb4      	ldr	r6, [pc, #720]	@ (3418ad94 <_vfprintf_r+0xeb4>)
3418aac4:	f8dd 800c 	ldr.w	r8, [sp, #12]
3418aac8:	e002      	b.n	3418aad0 <_vfprintf_r+0xbf0>
3418aaca:	3c10      	subs	r4, #16
3418aacc:	2c10      	cmp	r4, #16
3418aace:	dd17      	ble.n	3418ab00 <_vfprintf_r+0xc20>
3418aad0:	3301      	adds	r3, #1
3418aad2:	3210      	adds	r2, #16
3418aad4:	2b07      	cmp	r3, #7
3418aad6:	e9c7 6500 	strd	r6, r5, [r7]
3418aada:	e9cd 3227 	strd	r3, r2, [sp, #156]	@ 0x9c
3418aade:	f107 0708 	add.w	r7, r7, #8
3418aae2:	ddf2      	ble.n	3418aaca <_vfprintf_r+0xbea>
3418aae4:	aa26      	add	r2, sp, #152	@ 0x98
3418aae6:	4641      	mov	r1, r8
3418aae8:	4658      	mov	r0, fp
3418aaea:	f001 fe19 	bl	3418c720 <__sprint_r>
3418aaee:	2800      	cmp	r0, #0
3418aaf0:	f47f ab41 	bne.w	3418a176 <_vfprintf_r+0x296>
3418aaf4:	3c10      	subs	r4, #16
3418aaf6:	af29      	add	r7, sp, #164	@ 0xa4
3418aaf8:	2c10      	cmp	r4, #16
3418aafa:	e9dd 3227 	ldrd	r3, r2, [sp, #156]	@ 0x9c
3418aafe:	dce7      	bgt.n	3418aad0 <_vfprintf_r+0xbf0>
3418ab00:	46b0      	mov	r8, r6
3418ab02:	3301      	adds	r3, #1
3418ab04:	4422      	add	r2, r4
3418ab06:	2b07      	cmp	r3, #7
3418ab08:	e9c7 8400 	strd	r8, r4, [r7]
3418ab0c:	e9cd 3227 	strd	r3, r2, [sp, #156]	@ 0x9c
3418ab10:	f77f abc5 	ble.w	3418a29e <_vfprintf_r+0x3be>
3418ab14:	aa26      	add	r2, sp, #152	@ 0x98
3418ab16:	9903      	ldr	r1, [sp, #12]
3418ab18:	4658      	mov	r0, fp
3418ab1a:	f001 fe01 	bl	3418c720 <__sprint_r>
3418ab1e:	2800      	cmp	r0, #0
3418ab20:	f47f ab29 	bne.w	3418a176 <_vfprintf_r+0x296>
3418ab24:	9a28      	ldr	r2, [sp, #160]	@ 0xa0
3418ab26:	f7ff bbba 	b.w	3418a29e <_vfprintf_r+0x3be>
3418ab2a:	2300      	movs	r3, #0
3418ab2c:	2602      	movs	r6, #2
3418ab2e:	9310      	str	r3, [sp, #64]	@ 0x40
3418ab30:	e9cd 330d 	strd	r3, r3, [sp, #52]	@ 0x34
3418ab34:	f7ff bb71 	b.w	3418a21a <_vfprintf_r+0x33a>
3418ab38:	9b04      	ldr	r3, [sp, #16]
3418ab3a:	ad52      	add	r5, sp, #328	@ 0x148
3418ab3c:	469a      	mov	sl, r3
3418ab3e:	930a      	str	r3, [sp, #40]	@ 0x28
3418ab40:	9310      	str	r3, [sp, #64]	@ 0x40
3418ab42:	9309      	str	r3, [sp, #36]	@ 0x24
3418ab44:	e9cd 330d 	strd	r3, r3, [sp, #52]	@ 0x34
3418ab48:	f7ff bb59 	b.w	3418a1fe <_vfprintf_r+0x31e>
3418ab4c:	2302      	movs	r3, #2
3418ab4e:	930c      	str	r3, [sp, #48]	@ 0x30
3418ab50:	2e10      	cmp	r6, #16
3418ab52:	4672      	mov	r2, lr
3418ab54:	f340 87cd 	ble.w	3418baf2 <_vfprintf_r+0x1c12>
3418ab58:	46bc      	mov	ip, r7
3418ab5a:	2310      	movs	r3, #16
3418ab5c:	462f      	mov	r7, r5
3418ab5e:	f8dd 800c 	ldr.w	r8, [sp, #12]
3418ab62:	4625      	mov	r5, r4
3418ab64:	4c8b      	ldr	r4, [pc, #556]	@ (3418ad94 <_vfprintf_r+0xeb4>)
3418ab66:	e002      	b.n	3418ab6e <_vfprintf_r+0xc8e>
3418ab68:	3e10      	subs	r6, #16
3418ab6a:	2e10      	cmp	r6, #16
3418ab6c:	dd19      	ble.n	3418aba2 <_vfprintf_r+0xcc2>
3418ab6e:	3101      	adds	r1, #1
3418ab70:	3210      	adds	r2, #16
3418ab72:	2907      	cmp	r1, #7
3418ab74:	e9cc 4300 	strd	r4, r3, [ip]
3418ab78:	e9cd 1227 	strd	r1, r2, [sp, #156]	@ 0x9c
3418ab7c:	f10c 0c08 	add.w	ip, ip, #8
3418ab80:	ddf2      	ble.n	3418ab68 <_vfprintf_r+0xc88>
3418ab82:	aa26      	add	r2, sp, #152	@ 0x98
3418ab84:	4641      	mov	r1, r8
3418ab86:	4658      	mov	r0, fp
3418ab88:	f001 fdca 	bl	3418c720 <__sprint_r>
3418ab8c:	f10d 0ca4 	add.w	ip, sp, #164	@ 0xa4
3418ab90:	2800      	cmp	r0, #0
3418ab92:	f47f aaf0 	bne.w	3418a176 <_vfprintf_r+0x296>
3418ab96:	3e10      	subs	r6, #16
3418ab98:	2310      	movs	r3, #16
3418ab9a:	2e10      	cmp	r6, #16
3418ab9c:	e9dd 1227 	ldrd	r1, r2, [sp, #156]	@ 0x9c
3418aba0:	dce5      	bgt.n	3418ab6e <_vfprintf_r+0xc8e>
3418aba2:	46a0      	mov	r8, r4
3418aba4:	462c      	mov	r4, r5
3418aba6:	463d      	mov	r5, r7
3418aba8:	4667      	mov	r7, ip
3418abaa:	f101 0c01 	add.w	ip, r1, #1
3418abae:	4432      	add	r2, r6
3418abb0:	f8c7 8000 	str.w	r8, [r7]
3418abb4:	f1bc 0f07 	cmp.w	ip, #7
3418abb8:	607e      	str	r6, [r7, #4]
3418abba:	e9cd c227 	strd	ip, r2, [sp, #156]	@ 0x9c
3418abbe:	f300 82e6 	bgt.w	3418b18e <_vfprintf_r+0x12ae>
3418abc2:	f89d 3067 	ldrb.w	r3, [sp, #103]	@ 0x67
3418abc6:	3708      	adds	r7, #8
3418abc8:	2b00      	cmp	r3, #0
3418abca:	f040 80e7 	bne.w	3418ad9c <_vfprintf_r+0xebc>
3418abce:	990c      	ldr	r1, [sp, #48]	@ 0x30
3418abd0:	2900      	cmp	r1, #0
3418abd2:	f43f ab45 	beq.w	3418a260 <_vfprintf_r+0x380>
3418abd6:	930c      	str	r3, [sp, #48]	@ 0x30
3418abd8:	f7ff bb30 	b.w	3418a23c <_vfprintf_r+0x35c>
3418abdc:	9802      	ldr	r0, [sp, #8]
3418abde:	07c6      	lsls	r6, r0, #31
3418abe0:	f53f af1a 	bmi.w	3418aa18 <_vfprintf_r+0xb38>
3418abe4:	2001      	movs	r0, #1
3418abe6:	2b07      	cmp	r3, #7
3418abe8:	603d      	str	r5, [r7, #0]
3418abea:	6078      	str	r0, [r7, #4]
3418abec:	e9cd 3227 	strd	r3, r2, [sp, #156]	@ 0x9c
3418abf0:	f77f af39 	ble.w	3418aa66 <_vfprintf_r+0xb86>
3418abf4:	aa26      	add	r2, sp, #152	@ 0x98
3418abf6:	9903      	ldr	r1, [sp, #12]
3418abf8:	4658      	mov	r0, fp
3418abfa:	f001 fd91 	bl	3418c720 <__sprint_r>
3418abfe:	2800      	cmp	r0, #0
3418ac00:	f47f aab9 	bne.w	3418a176 <_vfprintf_r+0x296>
3418ac04:	a929      	add	r1, sp, #164	@ 0xa4
3418ac06:	e9dd 3227 	ldrd	r3, r2, [sp, #156]	@ 0x9c
3418ac0a:	e72c      	b.n	3418aa66 <_vfprintf_r+0xb86>
3418ac0c:	9927      	ldr	r1, [sp, #156]	@ 0x9c
3418ac0e:	e79f      	b.n	3418ab50 <_vfprintf_r+0xc70>
3418ac10:	980f      	ldr	r0, [sp, #60]	@ 0x3c
3418ac12:	2801      	cmp	r0, #1
3418ac14:	f77f af27 	ble.w	3418aa66 <_vfprintf_r+0xb86>
3418ac18:	2811      	cmp	r0, #17
3418ac1a:	f341 81ac 	ble.w	3418bf76 <_vfprintf_r+0x2096>
3418ac1e:	2410      	movs	r4, #16
3418ac20:	4f5d      	ldr	r7, [pc, #372]	@ (3418ad98 <_vfprintf_r+0xeb8>)
3418ac22:	9d03      	ldr	r5, [sp, #12]
3418ac24:	e003      	b.n	3418ac2e <_vfprintf_r+0xd4e>
3418ac26:	3e10      	subs	r6, #16
3418ac28:	2e10      	cmp	r6, #16
3418ac2a:	f340 8404 	ble.w	3418b436 <_vfprintf_r+0x1556>
3418ac2e:	3301      	adds	r3, #1
3418ac30:	3210      	adds	r2, #16
3418ac32:	2b07      	cmp	r3, #7
3418ac34:	e9c1 7400 	strd	r7, r4, [r1]
3418ac38:	e9cd 3227 	strd	r3, r2, [sp, #156]	@ 0x9c
3418ac3c:	f101 0108 	add.w	r1, r1, #8
3418ac40:	ddf1      	ble.n	3418ac26 <_vfprintf_r+0xd46>
3418ac42:	aa26      	add	r2, sp, #152	@ 0x98
3418ac44:	4629      	mov	r1, r5
3418ac46:	4658      	mov	r0, fp
3418ac48:	f001 fd6a 	bl	3418c720 <__sprint_r>
3418ac4c:	2800      	cmp	r0, #0
3418ac4e:	f47f aa92 	bne.w	3418a176 <_vfprintf_r+0x296>
3418ac52:	a929      	add	r1, sp, #164	@ 0xa4
3418ac54:	e9dd 3227 	ldrd	r3, r2, [sp, #156]	@ 0x9c
3418ac58:	e7e5      	b.n	3418ac26 <_vfprintf_r+0xd46>
3418ac5a:	aa26      	add	r2, sp, #152	@ 0x98
3418ac5c:	9903      	ldr	r1, [sp, #12]
3418ac5e:	4658      	mov	r0, fp
3418ac60:	f001 fd5e 	bl	3418c720 <__sprint_r>
3418ac64:	2800      	cmp	r0, #0
3418ac66:	f47f aa86 	bne.w	3418a176 <_vfprintf_r+0x296>
3418ac6a:	9a28      	ldr	r2, [sp, #160]	@ 0xa0
3418ac6c:	af29      	add	r7, sp, #164	@ 0xa4
3418ac6e:	f7ff bafd 	b.w	3418a26c <_vfprintf_r+0x38c>
3418ac72:	9e0d      	ldr	r6, [sp, #52]	@ 0x34
3418ac74:	9b0f      	ldr	r3, [sp, #60]	@ 0x3c
3418ac76:	429e      	cmp	r6, r3
3418ac78:	bfa8      	it	ge
3418ac7a:	461e      	movge	r6, r3
3418ac7c:	2e00      	cmp	r6, #0
3418ac7e:	dd0a      	ble.n	3418ac96 <_vfprintf_r+0xdb6>
3418ac80:	9b27      	ldr	r3, [sp, #156]	@ 0x9c
3418ac82:	4432      	add	r2, r6
3418ac84:	3301      	adds	r3, #1
3418ac86:	9228      	str	r2, [sp, #160]	@ 0xa0
3418ac88:	2b07      	cmp	r3, #7
3418ac8a:	9327      	str	r3, [sp, #156]	@ 0x9c
3418ac8c:	e9c7 5600 	strd	r5, r6, [r7]
3418ac90:	f300 8687 	bgt.w	3418b9a2 <_vfprintf_r+0x1ac2>
3418ac94:	3708      	adds	r7, #8
3418ac96:	9c0d      	ldr	r4, [sp, #52]	@ 0x34
3418ac98:	2e00      	cmp	r6, #0
3418ac9a:	bfa8      	it	ge
3418ac9c:	1ba4      	subge	r4, r4, r6
3418ac9e:	2c00      	cmp	r4, #0
3418aca0:	f300 83a5 	bgt.w	3418b3ee <_vfprintf_r+0x150e>
3418aca4:	9b0d      	ldr	r3, [sp, #52]	@ 0x34
3418aca6:	eb03 0a05 	add.w	sl, r3, r5
3418acaa:	9b02      	ldr	r3, [sp, #8]
3418acac:	0558      	lsls	r0, r3, #21
3418acae:	f100 8517 	bmi.w	3418b6e0 <_vfprintf_r+0x1800>
3418acb2:	9c1b      	ldr	r4, [sp, #108]	@ 0x6c
3418acb4:	9b0f      	ldr	r3, [sp, #60]	@ 0x3c
3418acb6:	429c      	cmp	r4, r3
3418acb8:	db03      	blt.n	3418acc2 <_vfprintf_r+0xde2>
3418acba:	9902      	ldr	r1, [sp, #8]
3418acbc:	07c9      	lsls	r1, r1, #31
3418acbe:	f140 8479 	bpl.w	3418b5b4 <_vfprintf_r+0x16d4>
3418acc2:	9b11      	ldr	r3, [sp, #68]	@ 0x44
3418acc4:	9912      	ldr	r1, [sp, #72]	@ 0x48
3418acc6:	441a      	add	r2, r3
3418acc8:	e9c7 1300 	strd	r1, r3, [r7]
3418accc:	9b27      	ldr	r3, [sp, #156]	@ 0x9c
3418acce:	9228      	str	r2, [sp, #160]	@ 0xa0
3418acd0:	3301      	adds	r3, #1
3418acd2:	2b07      	cmp	r3, #7
3418acd4:	9327      	str	r3, [sp, #156]	@ 0x9c
3418acd6:	f300 869f 	bgt.w	3418ba18 <_vfprintf_r+0x1b38>
3418acda:	3708      	adds	r7, #8
3418acdc:	9b0f      	ldr	r3, [sp, #60]	@ 0x3c
3418acde:	441d      	add	r5, r3
3418ace0:	1b1c      	subs	r4, r3, r4
3418ace2:	eba5 050a 	sub.w	r5, r5, sl
3418ace6:	42a5      	cmp	r5, r4
3418ace8:	bfa8      	it	ge
3418acea:	4625      	movge	r5, r4
3418acec:	2d00      	cmp	r5, #0
3418acee:	dd0b      	ble.n	3418ad08 <_vfprintf_r+0xe28>
3418acf0:	9b27      	ldr	r3, [sp, #156]	@ 0x9c
3418acf2:	442a      	add	r2, r5
3418acf4:	f8c7 a000 	str.w	sl, [r7]
3418acf8:	3301      	adds	r3, #1
3418acfa:	607d      	str	r5, [r7, #4]
3418acfc:	9228      	str	r2, [sp, #160]	@ 0xa0
3418acfe:	2b07      	cmp	r3, #7
3418ad00:	9327      	str	r3, [sp, #156]	@ 0x9c
3418ad02:	f300 8708 	bgt.w	3418bb16 <_vfprintf_r+0x1c36>
3418ad06:	3708      	adds	r7, #8
3418ad08:	2d00      	cmp	r5, #0
3418ad0a:	bfa8      	it	ge
3418ad0c:	1b64      	subge	r4, r4, r5
3418ad0e:	2c00      	cmp	r4, #0
3418ad10:	f77f aabc 	ble.w	3418a28c <_vfprintf_r+0x3ac>
3418ad14:	2c10      	cmp	r4, #16
3418ad16:	9b27      	ldr	r3, [sp, #156]	@ 0x9c
3418ad18:	f341 80af 	ble.w	3418be7a <_vfprintf_r+0x1f9a>
3418ad1c:	2510      	movs	r5, #16
3418ad1e:	4e1e      	ldr	r6, [pc, #120]	@ (3418ad98 <_vfprintf_r+0xeb8>)
3418ad20:	f8dd 800c 	ldr.w	r8, [sp, #12]
3418ad24:	e003      	b.n	3418ad2e <_vfprintf_r+0xe4e>
3418ad26:	3c10      	subs	r4, #16
3418ad28:	2c10      	cmp	r4, #16
3418ad2a:	f340 833e 	ble.w	3418b3aa <_vfprintf_r+0x14ca>
3418ad2e:	3301      	adds	r3, #1
3418ad30:	3210      	adds	r2, #16
3418ad32:	2b07      	cmp	r3, #7
3418ad34:	e9c7 6500 	strd	r6, r5, [r7]
3418ad38:	e9cd 3227 	strd	r3, r2, [sp, #156]	@ 0x9c
3418ad3c:	f107 0708 	add.w	r7, r7, #8
3418ad40:	ddf1      	ble.n	3418ad26 <_vfprintf_r+0xe46>
3418ad42:	aa26      	add	r2, sp, #152	@ 0x98
3418ad44:	4641      	mov	r1, r8
3418ad46:	4658      	mov	r0, fp
3418ad48:	f001 fcea 	bl	3418c720 <__sprint_r>
3418ad4c:	2800      	cmp	r0, #0
3418ad4e:	f47f aa12 	bne.w	3418a176 <_vfprintf_r+0x296>
3418ad52:	af29      	add	r7, sp, #164	@ 0xa4
3418ad54:	e9dd 3227 	ldrd	r3, r2, [sp, #156]	@ 0x9c
3418ad58:	e7e5      	b.n	3418ad26 <_vfprintf_r+0xe46>
3418ad5a:	0497      	lsls	r7, r2, #18
3418ad5c:	f57f a8f8 	bpl.w	34189f50 <_vfprintf_r+0x70>
3418ad60:	f001 b835 	b.w	3418bdce <_vfprintf_r+0x1eee>
3418ad64:	9b02      	ldr	r3, [sp, #8]
3418ad66:	07dd      	lsls	r5, r3, #31
3418ad68:	f57f aa90 	bpl.w	3418a28c <_vfprintf_r+0x3ac>
3418ad6c:	e544      	b.n	3418a7f8 <_vfprintf_r+0x918>
3418ad6e:	782c      	ldrb	r4, [r5, #0]
3418ad70:	930b      	str	r3, [sp, #44]	@ 0x2c
3418ad72:	f7ff b92e 	b.w	34189fd2 <_vfprintf_r+0xf2>
3418ad76:	f021 0380 	bic.w	r3, r1, #128	@ 0x80
3418ad7a:	9302      	str	r3, [sp, #8]
3418ad7c:	f47f ab86 	bne.w	3418a48c <_vfprintf_r+0x5ac>
3418ad80:	ea56 0308 	orrs.w	r3, r6, r8
3418ad84:	f47f ab82 	bne.w	3418a48c <_vfprintf_r+0x5ac>
3418ad88:	bf14      	ite	ne
3418ad8a:	2301      	movne	r3, #1
3418ad8c:	4613      	moveq	r3, r2
3418ad8e:	930d      	str	r3, [sp, #52]	@ 0x34
3418ad90:	f7ff bbe5 	b.w	3418a55e <_vfprintf_r+0x67e>
3418ad94:	3418fe4c 	.word	0x3418fe4c
3418ad98:	3418fe3c 	.word	0x3418fe3c
3418ad9c:	2300      	movs	r3, #0
3418ad9e:	9e0c      	ldr	r6, [sp, #48]	@ 0x30
3418ada0:	930c      	str	r3, [sp, #48]	@ 0x30
3418ada2:	f7ff ba3a 	b.w	3418a21a <_vfprintf_r+0x33a>
3418ada6:	9b02      	ldr	r3, [sp, #8]
3418ada8:	9a0b      	ldr	r2, [sp, #44]	@ 0x2c
3418adaa:	06d9      	lsls	r1, r3, #27
3418adac:	f852 6b04 	ldr.w	r6, [r2], #4
3418adb0:	f101 811f 	bmi.w	3418bff2 <_vfprintf_r+0x2112>
3418adb4:	9b02      	ldr	r3, [sp, #8]
3418adb6:	065d      	lsls	r5, r3, #25
3418adb8:	f140 836f 	bpl.w	3418b49a <_vfprintf_r+0x15ba>
3418adbc:	f346 38c0 	sbfx	r8, r6, #15, #1
3418adc0:	920b      	str	r2, [sp, #44]	@ 0x2c
3418adc2:	b236      	sxth	r6, r6
3418adc4:	4643      	mov	r3, r8
3418adc6:	f7ff bac9 	b.w	3418a35c <_vfprintf_r+0x47c>
3418adca:	eeb4 8b48 	vcmp.f64	d8, d8
3418adce:	eef1 fa10 	vmrs	APSR_nzcv, fpscr
3418add2:	f180 874f 	bvs.w	3418bc74 <_vfprintf_r+0x1d94>
3418add6:	f024 0620 	bic.w	r6, r4, #32
3418adda:	2e41      	cmp	r6, #65	@ 0x41
3418addc:	f040 8368 	bne.w	3418b4b0 <_vfprintf_r+0x15d0>
3418ade0:	2330      	movs	r3, #48	@ 0x30
3418ade2:	2c61      	cmp	r4, #97	@ 0x61
3418ade4:	f88d 3068 	strb.w	r3, [sp, #104]	@ 0x68
3418ade8:	bf14      	ite	ne
3418adea:	2358      	movne	r3, #88	@ 0x58
3418adec:	2378      	moveq	r3, #120	@ 0x78
3418adee:	f1ba 0f63 	cmp.w	sl, #99	@ 0x63
3418adf2:	f88d 3069 	strb.w	r3, [sp, #105]	@ 0x69
3418adf6:	f300 8433 	bgt.w	3418b660 <_vfprintf_r+0x1780>
3418adfa:	ee18 3a90 	vmov	r3, s17
3418adfe:	2b00      	cmp	r3, #0
3418ae00:	f2c0 8714 	blt.w	3418bc2c <_vfprintf_r+0x1d4c>
3418ae04:	eeb0 0b48 	vmov.f64	d0, d8
3418ae08:	f04f 0800 	mov.w	r8, #0
3418ae0c:	ad39      	add	r5, sp, #228	@ 0xe4
3418ae0e:	f8cd 8024 	str.w	r8, [sp, #36]	@ 0x24
3418ae12:	9b02      	ldr	r3, [sp, #8]
3418ae14:	a81b      	add	r0, sp, #108	@ 0x6c
3418ae16:	f043 0302 	orr.w	r3, r3, #2
3418ae1a:	9302      	str	r3, [sp, #8]
3418ae1c:	f001 feb8 	bl	3418cb90 <frexp>
3418ae20:	eeb4 7b00 	vmov.f64	d7, #64	@ 0x3e000000  0.125
3418ae24:	ee20 7b07 	vmul.f64	d7, d0, d7
3418ae28:	eeb5 7b40 	vcmp.f64	d7, #0.0
3418ae2c:	eef1 fa10 	vmrs	APSR_nzcv, fpscr
3418ae30:	d101      	bne.n	3418ae36 <_vfprintf_r+0xf56>
3418ae32:	2301      	movs	r3, #1
3418ae34:	931b      	str	r3, [sp, #108]	@ 0x6c
3418ae36:	2c61      	cmp	r4, #97	@ 0x61
3418ae38:	eeb3 4b00 	vmov.f64	d4, #48	@ 0x41800000  16.0
3418ae3c:	462b      	mov	r3, r5
3418ae3e:	4651      	mov	r1, sl
3418ae40:	bf0c      	ite	eq
3418ae42:	48ac      	ldreq	r0, [pc, #688]	@ (3418b0f4 <_vfprintf_r+0x1214>)
3418ae44:	48ac      	ldrne	r0, [pc, #688]	@ (3418b0f8 <_vfprintf_r+0x1218>)
3418ae46:	e006      	b.n	3418ae56 <_vfprintf_r+0xf76>
3418ae48:	eeb5 7b40 	vcmp.f64	d7, #0.0
3418ae4c:	eef1 fa10 	vmrs	APSR_nzcv, fpscr
3418ae50:	f000 879a 	beq.w	3418bd88 <_vfprintf_r+0x1ea8>
3418ae54:	4611      	mov	r1, r2
3418ae56:	ee27 7b04 	vmul.f64	d7, d7, d4
3418ae5a:	461e      	mov	r6, r3
3418ae5c:	1e4a      	subs	r2, r1, #1
3418ae5e:	eefd 6bc7 	vcvt.s32.f64	s13, d7
3418ae62:	ee16 ca90 	vmov	ip, s13
3418ae66:	eeb8 5be6 	vcvt.f64.s32	d5, s13
3418ae6a:	f810 c00c 	ldrb.w	ip, [r0, ip]
3418ae6e:	ee37 7b45 	vsub.f64	d7, d7, d5
3418ae72:	f803 cb01 	strb.w	ip, [r3], #1
3418ae76:	2900      	cmp	r1, #0
3418ae78:	d1e6      	bne.n	3418ae48 <_vfprintf_r+0xf68>
3418ae7a:	eeb6 5b00 	vmov.f64	d5, #96	@ 0x3f000000  0.5
3418ae7e:	eeb4 7bc5 	vcmpe.f64	d7, d5
3418ae82:	eef1 fa10 	vmrs	APSR_nzcv, fpscr
3418ae86:	dc08      	bgt.n	3418ae9a <_vfprintf_r+0xfba>
3418ae88:	eeb4 7b45 	vcmp.f64	d7, d5
3418ae8c:	eef1 fa10 	vmrs	APSR_nzcv, fpscr
3418ae90:	d11c      	bne.n	3418aecc <_vfprintf_r+0xfec>
3418ae92:	ee16 2a90 	vmov	r2, s13
3418ae96:	07d2      	lsls	r2, r2, #31
3418ae98:	d518      	bpl.n	3418aecc <_vfprintf_r+0xfec>
3418ae9a:	9624      	str	r6, [sp, #144]	@ 0x90
3418ae9c:	461a      	mov	r2, r3
3418ae9e:	7bc6      	ldrb	r6, [r0, #15]
3418aea0:	f813 1c01 	ldrb.w	r1, [r3, #-1]
3418aea4:	428e      	cmp	r6, r1
3418aea6:	d10a      	bne.n	3418aebe <_vfprintf_r+0xfde>
3418aea8:	f04f 0c30 	mov.w	ip, #48	@ 0x30
3418aeac:	f802 cc01 	strb.w	ip, [r2, #-1]
3418aeb0:	9a24      	ldr	r2, [sp, #144]	@ 0x90
3418aeb2:	1e51      	subs	r1, r2, #1
3418aeb4:	9124      	str	r1, [sp, #144]	@ 0x90
3418aeb6:	f812 1c01 	ldrb.w	r1, [r2, #-1]
3418aeba:	428e      	cmp	r6, r1
3418aebc:	d0f6      	beq.n	3418aeac <_vfprintf_r+0xfcc>
3418aebe:	2939      	cmp	r1, #57	@ 0x39
3418aec0:	f001 8061 	beq.w	3418bf86 <_vfprintf_r+0x20a6>
3418aec4:	3101      	adds	r1, #1
3418aec6:	b2c9      	uxtb	r1, r1
3418aec8:	f802 1c01 	strb.w	r1, [r2, #-1]
3418aecc:	1b5b      	subs	r3, r3, r5
3418aece:	9a1b      	ldr	r2, [sp, #108]	@ 0x6c
3418aed0:	930f      	str	r3, [sp, #60]	@ 0x3c
3418aed2:	f104 030f 	add.w	r3, r4, #15
3418aed6:	f88d 3078 	strb.w	r3, [sp, #120]	@ 0x78
3418aeda:	1e53      	subs	r3, r2, #1
3418aedc:	2b00      	cmp	r3, #0
3418aede:	931b      	str	r3, [sp, #108]	@ 0x6c
3418aee0:	f2c0 87b2 	blt.w	3418be48 <_vfprintf_r+0x1f68>
3418aee4:	222b      	movs	r2, #43	@ 0x2b
3418aee6:	2b09      	cmp	r3, #9
3418aee8:	f88d 2079 	strb.w	r2, [sp, #121]	@ 0x79
3418aeec:	f300 84f5 	bgt.w	3418b8da <_vfprintf_r+0x19fa>
3418aef0:	f10d 027a 	add.w	r2, sp, #122	@ 0x7a
3418aef4:	3330      	adds	r3, #48	@ 0x30
3418aef6:	f802 3b01 	strb.w	r3, [r2], #1
3418aefa:	ab1e      	add	r3, sp, #120	@ 0x78
3418aefc:	1ad3      	subs	r3, r2, r3
3418aefe:	9313      	str	r3, [sp, #76]	@ 0x4c
3418af00:	9b0f      	ldr	r3, [sp, #60]	@ 0x3c
3418af02:	9a13      	ldr	r2, [sp, #76]	@ 0x4c
3418af04:	2b01      	cmp	r3, #1
3418af06:	441a      	add	r2, r3
3418af08:	920a      	str	r2, [sp, #40]	@ 0x28
3418af0a:	f340 867f 	ble.w	3418bc0c <_vfprintf_r+0x1d2c>
3418af0e:	9b0a      	ldr	r3, [sp, #40]	@ 0x28
3418af10:	9a11      	ldr	r2, [sp, #68]	@ 0x44
3418af12:	4413      	add	r3, r2
3418af14:	930a      	str	r3, [sp, #40]	@ 0x28
3418af16:	9a02      	ldr	r2, [sp, #8]
3418af18:	f422 6380 	bic.w	r3, r2, #1024	@ 0x400
3418af1c:	f002 0202 	and.w	r2, r2, #2
3418af20:	f443 7380 	orr.w	r3, r3, #256	@ 0x100
3418af24:	920d      	str	r2, [sp, #52]	@ 0x34
3418af26:	9302      	str	r3, [sp, #8]
3418af28:	9b0a      	ldr	r3, [sp, #40]	@ 0x28
3418af2a:	ea23 73e3 	bic.w	r3, r3, r3, asr #31
3418af2e:	9304      	str	r3, [sp, #16]
3418af30:	f1b8 0f00 	cmp.w	r8, #0
3418af34:	f000 8665 	beq.w	3418bc02 <_vfprintf_r+0x1d22>
3418af38:	202d      	movs	r0, #45	@ 0x2d
3418af3a:	f04f 0a00 	mov.w	sl, #0
3418af3e:	f88d 0067 	strb.w	r0, [sp, #103]	@ 0x67
3418af42:	f7ff babb 	b.w	3418a4bc <_vfprintf_r+0x5dc>
3418af46:	9a02      	ldr	r2, [sp, #8]
3418af48:	06d0      	lsls	r0, r2, #27
3418af4a:	f100 8240 	bmi.w	3418b3ce <_vfprintf_r+0x14ee>
3418af4e:	9a02      	ldr	r2, [sp, #8]
3418af50:	0651      	lsls	r1, r2, #25
3418af52:	f100 8343 	bmi.w	3418b5dc <_vfprintf_r+0x16fc>
3418af56:	9a02      	ldr	r2, [sp, #8]
3418af58:	0592      	lsls	r2, r2, #22
3418af5a:	f140 8238 	bpl.w	3418b3ce <_vfprintf_r+0x14ee>
3418af5e:	9a0b      	ldr	r2, [sp, #44]	@ 0x2c
3418af60:	9907      	ldr	r1, [sp, #28]
3418af62:	6812      	ldr	r2, [r2, #0]
3418af64:	7011      	strb	r1, [r2, #0]
3418af66:	f7ff bb52 	b.w	3418a60e <_vfprintf_r+0x72e>
3418af6a:	9902      	ldr	r1, [sp, #8]
3418af6c:	9a0b      	ldr	r2, [sp, #44]	@ 0x2c
3418af6e:	f011 0010 	ands.w	r0, r1, #16
3418af72:	f852 3b04 	ldr.w	r3, [r2], #4
3418af76:	f47f ab93 	bne.w	3418a6a0 <_vfprintf_r+0x7c0>
3418af7a:	9d02      	ldr	r5, [sp, #8]
3418af7c:	f015 0140 	ands.w	r1, r5, #64	@ 0x40
3418af80:	f000 8266 	beq.w	3418b450 <_vfprintf_r+0x1570>
3418af84:	f04f 0800 	mov.w	r8, #0
3418af88:	b29b      	uxth	r3, r3
3418af8a:	f88d 0067 	strb.w	r0, [sp, #103]	@ 0x67
3418af8e:	45c2      	cmp	sl, r8
3418af90:	461e      	mov	r6, r3
3418af92:	f2c0 833b 	blt.w	3418b60c <_vfprintf_r+0x172c>
3418af96:	f025 0180 	bic.w	r1, r5, #128	@ 0x80
3418af9a:	ea5a 0303 	orrs.w	r3, sl, r3
3418af9e:	9102      	str	r1, [sp, #8]
3418afa0:	920b      	str	r2, [sp, #44]	@ 0x2c
3418afa2:	930d      	str	r3, [sp, #52]	@ 0x34
3418afa4:	f47f aa72 	bne.w	3418a48c <_vfprintf_r+0x5ac>
3418afa8:	f7ff bad9 	b.w	3418a55e <_vfprintf_r+0x67e>
3418afac:	9902      	ldr	r1, [sp, #8]
3418afae:	9a0b      	ldr	r2, [sp, #44]	@ 0x2c
3418afb0:	06c8      	lsls	r0, r1, #27
3418afb2:	f852 3b04 	ldr.w	r3, [r2], #4
3418afb6:	f101 8019 	bmi.w	3418bfec <_vfprintf_r+0x210c>
3418afba:	9802      	ldr	r0, [sp, #8]
3418afbc:	0641      	lsls	r1, r0, #25
3418afbe:	f140 8262 	bpl.w	3418b486 <_vfprintf_r+0x15a6>
3418afc2:	b29b      	uxth	r3, r3
3418afc4:	2100      	movs	r1, #0
3418afc6:	920b      	str	r2, [sp, #44]	@ 0x2c
3418afc8:	f7ff baf4 	b.w	3418a5b4 <_vfprintf_r+0x6d4>
3418afcc:	2330      	movs	r3, #48	@ 0x30
3418afce:	3802      	subs	r0, #2
3418afd0:	f805 3c01 	strb.w	r3, [r5, #-1]
3418afd4:	ab52      	add	r3, sp, #328	@ 0x148
3418afd6:	4605      	mov	r5, r0
3418afd8:	1a1b      	subs	r3, r3, r0
3418afda:	4553      	cmp	r3, sl
3418afdc:	930a      	str	r3, [sp, #40]	@ 0x28
3418afde:	bfb8      	it	lt
3418afe0:	4653      	movlt	r3, sl
3418afe2:	9304      	str	r3, [sp, #16]
3418afe4:	f7ff bb4d 	b.w	3418a682 <_vfprintf_r+0x7a2>
3418afe8:	4e43      	ldr	r6, [pc, #268]	@ (3418b0f8 <_vfprintf_r+0x1218>)
3418afea:	9506      	str	r5, [sp, #24]
3418afec:	9b02      	ldr	r3, [sp, #8]
3418afee:	9a0b      	ldr	r2, [sp, #44]	@ 0x2c
3418aff0:	069b      	lsls	r3, r3, #26
3418aff2:	f140 809c 	bpl.w	3418b12e <_vfprintf_r+0x124e>
3418aff6:	3207      	adds	r2, #7
3418aff8:	f022 0207 	bic.w	r2, r2, #7
3418affc:	6851      	ldr	r1, [r2, #4]
3418affe:	f852 3b08 	ldr.w	r3, [r2], #8
3418b002:	ea53 0001 	orrs.w	r0, r3, r1
3418b006:	9d02      	ldr	r5, [sp, #8]
3418b008:	bf14      	ite	ne
3418b00a:	2001      	movne	r0, #1
3418b00c:	2000      	moveq	r0, #0
3418b00e:	07ed      	lsls	r5, r5, #31
3418b010:	d502      	bpl.n	3418b018 <_vfprintf_r+0x1138>
3418b012:	2800      	cmp	r0, #0
3418b014:	f040 80d5 	bne.w	3418b1c2 <_vfprintf_r+0x12e2>
3418b018:	2500      	movs	r5, #0
3418b01a:	45aa      	cmp	sl, r5
3418b01c:	f88d 5067 	strb.w	r5, [sp, #103]	@ 0x67
3418b020:	f2c0 80ad 	blt.w	3418b17e <_vfprintf_r+0x129e>
3418b024:	9d02      	ldr	r5, [sp, #8]
3418b026:	f425 6590 	bic.w	r5, r5, #1152	@ 0x480
3418b02a:	9502      	str	r5, [sp, #8]
3418b02c:	f040 80e0 	bne.w	3418b1f0 <_vfprintf_r+0x1310>
3418b030:	2800      	cmp	r0, #0
3418b032:	f040 80dd 	bne.w	3418b1f0 <_vfprintf_r+0x1310>
3418b036:	920b      	str	r2, [sp, #44]	@ 0x2c
3418b038:	900d      	str	r0, [sp, #52]	@ 0x34
3418b03a:	f7ff ba90 	b.w	3418a55e <_vfprintf_r+0x67e>
3418b03e:	4e2d      	ldr	r6, [pc, #180]	@ (3418b0f4 <_vfprintf_r+0x1214>)
3418b040:	9506      	str	r5, [sp, #24]
3418b042:	e7d3      	b.n	3418afec <_vfprintf_r+0x110c>
3418b044:	9802      	ldr	r0, [sp, #8]
3418b046:	2478      	movs	r4, #120	@ 0x78
3418b048:	920b      	str	r2, [sp, #44]	@ 0x2c
3418b04a:	2202      	movs	r2, #2
3418b04c:	f040 0002 	orr.w	r0, r0, #2
3418b050:	4e28      	ldr	r6, [pc, #160]	@ (3418b0f4 <_vfprintf_r+0x1214>)
3418b052:	920d      	str	r2, [sp, #52]	@ 0x34
3418b054:	9002      	str	r0, [sp, #8]
3418b056:	4608      	mov	r0, r1
3418b058:	ad52      	add	r5, sp, #328	@ 0x148
3418b05a:	f003 020f 	and.w	r2, r3, #15
3418b05e:	091b      	lsrs	r3, r3, #4
3418b060:	5cb2      	ldrb	r2, [r6, r2]
3418b062:	ea43 7301 	orr.w	r3, r3, r1, lsl #28
3418b066:	0909      	lsrs	r1, r1, #4
3418b068:	f805 2d01 	strb.w	r2, [r5, #-1]!
3418b06c:	ea53 0201 	orrs.w	r2, r3, r1
3418b070:	d1f3      	bne.n	3418b05a <_vfprintf_r+0x117a>
3418b072:	ab52      	add	r3, sp, #328	@ 0x148
3418b074:	1b5b      	subs	r3, r3, r5
3418b076:	4553      	cmp	r3, sl
3418b078:	930a      	str	r3, [sp, #40]	@ 0x28
3418b07a:	bfb8      	it	lt
3418b07c:	4653      	movlt	r3, sl
3418b07e:	9304      	str	r3, [sp, #16]
3418b080:	f7ff ba19 	b.w	3418a4b6 <_vfprintf_r+0x5d6>
3418b084:	aa26      	add	r2, sp, #152	@ 0x98
3418b086:	9903      	ldr	r1, [sp, #12]
3418b088:	4658      	mov	r0, fp
3418b08a:	f001 fb49 	bl	3418c720 <__sprint_r>
3418b08e:	2800      	cmp	r0, #0
3418b090:	f47f a871 	bne.w	3418a176 <_vfprintf_r+0x296>
3418b094:	9a28      	ldr	r2, [sp, #160]	@ 0xa0
3418b096:	af29      	add	r7, sp, #164	@ 0xa4
3418b098:	f7ff b8e2 	b.w	3418a260 <_vfprintf_r+0x380>
3418b09c:	aa26      	add	r2, sp, #152	@ 0x98
3418b09e:	9903      	ldr	r1, [sp, #12]
3418b0a0:	4658      	mov	r0, fp
3418b0a2:	f001 fb3d 	bl	3418c720 <__sprint_r>
3418b0a6:	2800      	cmp	r0, #0
3418b0a8:	f47f a865 	bne.w	3418a176 <_vfprintf_r+0x296>
3418b0ac:	9a28      	ldr	r2, [sp, #160]	@ 0xa0
3418b0ae:	af29      	add	r7, sp, #164	@ 0xa4
3418b0b0:	f7ff bbaf 	b.w	3418a812 <_vfprintf_r+0x932>
3418b0b4:	f043 0320 	orr.w	r3, r3, #32
3418b0b8:	786c      	ldrb	r4, [r5, #1]
3418b0ba:	3501      	adds	r5, #1
3418b0bc:	9302      	str	r3, [sp, #8]
3418b0be:	f7fe bf88 	b.w	34189fd2 <_vfprintf_r+0xf2>
3418b0c2:	f443 7300 	orr.w	r3, r3, #512	@ 0x200
3418b0c6:	786c      	ldrb	r4, [r5, #1]
3418b0c8:	3501      	adds	r5, #1
3418b0ca:	9302      	str	r3, [sp, #8]
3418b0cc:	f7fe bf81 	b.w	34189fd2 <_vfprintf_r+0xf2>
3418b0d0:	4653      	mov	r3, sl
3418b0d2:	46aa      	mov	sl, r5
3418b0d4:	f8cd 802c 	str.w	r8, [sp, #44]	@ 0x2c
3418b0d8:	2b06      	cmp	r3, #6
3418b0da:	f8cd a040 	str.w	sl, [sp, #64]	@ 0x40
3418b0de:	bf28      	it	cs
3418b0e0:	2306      	movcs	r3, #6
3418b0e2:	e9cd aa0d 	strd	sl, sl, [sp, #52]	@ 0x34
3418b0e6:	e9cd 5309 	strd	r5, r3, [sp, #36]	@ 0x24
3418b0ea:	9304      	str	r3, [sp, #16]
3418b0ec:	4d03      	ldr	r5, [pc, #12]	@ (3418b0fc <_vfprintf_r+0x121c>)
3418b0ee:	f7ff b886 	b.w	3418a1fe <_vfprintf_r+0x31e>
3418b0f2:	bf00      	nop
3418b0f4:	3418fae0 	.word	0x3418fae0
3418b0f8:	3418faf4 	.word	0x3418faf4
3418b0fc:	3418fb08 	.word	0x3418fb08
3418b100:	2208      	movs	r2, #8
3418b102:	2100      	movs	r1, #0
3418b104:	a824      	add	r0, sp, #144	@ 0x90
3418b106:	ad39      	add	r5, sp, #228	@ 0xe4
3418b108:	f7fe fb36 	bl	34189778 <memset>
3418b10c:	9a0b      	ldr	r2, [sp, #44]	@ 0x2c
3418b10e:	ab24      	add	r3, sp, #144	@ 0x90
3418b110:	4658      	mov	r0, fp
3418b112:	6812      	ldr	r2, [r2, #0]
3418b114:	4629      	mov	r1, r5
3418b116:	f001 fd05 	bl	3418cb24 <_wcrtomb_r>
3418b11a:	900a      	str	r0, [sp, #40]	@ 0x28
3418b11c:	3001      	adds	r0, #1
3418b11e:	f000 871b 	beq.w	3418bf58 <_vfprintf_r+0x2078>
3418b122:	9b0a      	ldr	r3, [sp, #40]	@ 0x28
3418b124:	ea23 73e3 	bic.w	r3, r3, r3, asr #31
3418b128:	9304      	str	r3, [sp, #16]
3418b12a:	f7ff b94a 	b.w	3418a3c2 <_vfprintf_r+0x4e2>
3418b12e:	9902      	ldr	r1, [sp, #8]
3418b130:	f852 3b04 	ldr.w	r3, [r2], #4
3418b134:	06cd      	lsls	r5, r1, #27
3418b136:	d420      	bmi.n	3418b17a <_vfprintf_r+0x129a>
3418b138:	0648      	lsls	r0, r1, #25
3418b13a:	d51a      	bpl.n	3418b172 <_vfprintf_r+0x1292>
3418b13c:	b29b      	uxth	r3, r3
3418b13e:	2100      	movs	r1, #0
3418b140:	e75f      	b.n	3418b002 <_vfprintf_r+0x1122>
3418b142:	aa26      	add	r2, sp, #152	@ 0x98
3418b144:	9903      	ldr	r1, [sp, #12]
3418b146:	4658      	mov	r0, fp
3418b148:	f001 faea 	bl	3418c720 <__sprint_r>
3418b14c:	2800      	cmp	r0, #0
3418b14e:	f47f a812 	bne.w	3418a176 <_vfprintf_r+0x296>
3418b152:	a929      	add	r1, sp, #164	@ 0xa4
3418b154:	e9dd 3227 	ldrd	r3, r2, [sp, #156]	@ 0x9c
3418b158:	e472      	b.n	3418aa40 <_vfprintf_r+0xb60>
3418b15a:	aa26      	add	r2, sp, #152	@ 0x98
3418b15c:	9903      	ldr	r1, [sp, #12]
3418b15e:	4658      	mov	r0, fp
3418b160:	f001 fade 	bl	3418c720 <__sprint_r>
3418b164:	2800      	cmp	r0, #0
3418b166:	f47f a806 	bne.w	3418a176 <_vfprintf_r+0x296>
3418b16a:	a929      	add	r1, sp, #164	@ 0xa4
3418b16c:	e9dd 3227 	ldrd	r3, r2, [sp, #156]	@ 0x9c
3418b170:	e45a      	b.n	3418aa28 <_vfprintf_r+0xb48>
3418b172:	9902      	ldr	r1, [sp, #8]
3418b174:	0589      	lsls	r1, r1, #22
3418b176:	f100 8246 	bmi.w	3418b606 <_vfprintf_r+0x1726>
3418b17a:	2100      	movs	r1, #0
3418b17c:	e741      	b.n	3418b002 <_vfprintf_r+0x1122>
3418b17e:	9802      	ldr	r0, [sp, #8]
3418b180:	950d      	str	r5, [sp, #52]	@ 0x34
3418b182:	f420 6080 	bic.w	r0, r0, #1024	@ 0x400
3418b186:	920b      	str	r2, [sp, #44]	@ 0x2c
3418b188:	9002      	str	r0, [sp, #8]
3418b18a:	4628      	mov	r0, r5
3418b18c:	e764      	b.n	3418b058 <_vfprintf_r+0x1178>
3418b18e:	aa26      	add	r2, sp, #152	@ 0x98
3418b190:	9903      	ldr	r1, [sp, #12]
3418b192:	4658      	mov	r0, fp
3418b194:	f001 fac4 	bl	3418c720 <__sprint_r>
3418b198:	2800      	cmp	r0, #0
3418b19a:	f47e afec 	bne.w	3418a176 <_vfprintf_r+0x296>
3418b19e:	f89d 3067 	ldrb.w	r3, [sp, #103]	@ 0x67
3418b1a2:	9a28      	ldr	r2, [sp, #160]	@ 0xa0
3418b1a4:	2b00      	cmp	r3, #0
3418b1a6:	f000 8118 	beq.w	3418b3da <_vfprintf_r+0x14fa>
3418b1aa:	9e0c      	ldr	r6, [sp, #48]	@ 0x30
3418b1ac:	af29      	add	r7, sp, #164	@ 0xa4
3418b1ae:	f8dd c09c 	ldr.w	ip, [sp, #156]	@ 0x9c
3418b1b2:	900c      	str	r0, [sp, #48]	@ 0x30
3418b1b4:	f7ff b831 	b.w	3418a21a <_vfprintf_r+0x33a>
3418b1b8:	4658      	mov	r0, fp
3418b1ba:	f7fe f9e1 	bl	34189580 <__sinit>
3418b1be:	f7fe beb0 	b.w	34189f22 <_vfprintf_r+0x42>
3418b1c2:	2030      	movs	r0, #48	@ 0x30
3418b1c4:	f88d 4069 	strb.w	r4, [sp, #105]	@ 0x69
3418b1c8:	f88d 0068 	strb.w	r0, [sp, #104]	@ 0x68
3418b1cc:	2000      	movs	r0, #0
3418b1ce:	4582      	cmp	sl, r0
3418b1d0:	f88d 0067 	strb.w	r0, [sp, #103]	@ 0x67
3418b1d4:	f2c0 8277 	blt.w	3418b6c6 <_vfprintf_r+0x17e6>
3418b1d8:	9802      	ldr	r0, [sp, #8]
3418b1da:	f420 6090 	bic.w	r0, r0, #1152	@ 0x480
3418b1de:	f040 0002 	orr.w	r0, r0, #2
3418b1e2:	9002      	str	r0, [sp, #8]
3418b1e4:	2002      	movs	r0, #2
3418b1e6:	900d      	str	r0, [sp, #52]	@ 0x34
3418b1e8:	f89d 0067 	ldrb.w	r0, [sp, #103]	@ 0x67
3418b1ec:	920b      	str	r2, [sp, #44]	@ 0x2c
3418b1ee:	e733      	b.n	3418b058 <_vfprintf_r+0x1178>
3418b1f0:	2000      	movs	r0, #0
3418b1f2:	900d      	str	r0, [sp, #52]	@ 0x34
3418b1f4:	e7f8      	b.n	3418b1e8 <_vfprintf_r+0x1308>
3418b1f6:	aa26      	add	r2, sp, #152	@ 0x98
3418b1f8:	9903      	ldr	r1, [sp, #12]
3418b1fa:	4658      	mov	r0, fp
3418b1fc:	f001 fa90 	bl	3418c720 <__sprint_r>
3418b200:	2800      	cmp	r0, #0
3418b202:	f47e afb8 	bne.w	3418a176 <_vfprintf_r+0x296>
3418b206:	9a28      	ldr	r2, [sp, #160]	@ 0xa0
3418b208:	af29      	add	r7, sp, #164	@ 0xa4
3418b20a:	f7ff baf0 	b.w	3418a7ee <_vfprintf_r+0x90e>
3418b20e:	2208      	movs	r2, #8
3418b210:	2100      	movs	r1, #0
3418b212:	a824      	add	r0, sp, #144	@ 0x90
3418b214:	951d      	str	r5, [sp, #116]	@ 0x74
3418b216:	f7fe faaf 	bl	34189778 <memset>
3418b21a:	f1ba 0f00 	cmp.w	sl, #0
3418b21e:	f2c0 8244 	blt.w	3418b6aa <_vfprintf_r+0x17ca>
3418b222:	2600      	movs	r6, #0
3418b224:	9704      	str	r7, [sp, #16]
3418b226:	4637      	mov	r7, r6
3418b228:	e00e      	b.n	3418b248 <_vfprintf_r+0x1368>
3418b22a:	a939      	add	r1, sp, #228	@ 0xe4
3418b22c:	4658      	mov	r0, fp
3418b22e:	f001 fc79 	bl	3418cb24 <_wcrtomb_r>
3418b232:	1c43      	adds	r3, r0, #1
3418b234:	f106 0604 	add.w	r6, r6, #4
3418b238:	4438      	add	r0, r7
3418b23a:	f000 84ed 	beq.w	3418bc18 <_vfprintf_r+0x1d38>
3418b23e:	4550      	cmp	r0, sl
3418b240:	dc07      	bgt.n	3418b252 <_vfprintf_r+0x1372>
3418b242:	f000 8534 	beq.w	3418bcae <_vfprintf_r+0x1dce>
3418b246:	4607      	mov	r7, r0
3418b248:	9a1d      	ldr	r2, [sp, #116]	@ 0x74
3418b24a:	ab24      	add	r3, sp, #144	@ 0x90
3418b24c:	5992      	ldr	r2, [r2, r6]
3418b24e:	2a00      	cmp	r2, #0
3418b250:	d1eb      	bne.n	3418b22a <_vfprintf_r+0x134a>
3418b252:	970a      	str	r7, [sp, #40]	@ 0x28
3418b254:	9f04      	ldr	r7, [sp, #16]
3418b256:	9b0a      	ldr	r3, [sp, #40]	@ 0x28
3418b258:	2b00      	cmp	r3, #0
3418b25a:	f000 82eb 	beq.w	3418b834 <_vfprintf_r+0x1954>
3418b25e:	2b63      	cmp	r3, #99	@ 0x63
3418b260:	f340 846a 	ble.w	3418bb38 <_vfprintf_r+0x1c58>
3418b264:	1c59      	adds	r1, r3, #1
3418b266:	4658      	mov	r0, fp
3418b268:	f7fd fc70 	bl	34188b4c <_malloc_r>
3418b26c:	4605      	mov	r5, r0
3418b26e:	2800      	cmp	r0, #0
3418b270:	f000 86b2 	beq.w	3418bfd8 <_vfprintf_r+0x20f8>
3418b274:	9009      	str	r0, [sp, #36]	@ 0x24
3418b276:	2208      	movs	r2, #8
3418b278:	2100      	movs	r1, #0
3418b27a:	a824      	add	r0, sp, #144	@ 0x90
3418b27c:	f7fe fa7c 	bl	34189778 <memset>
3418b280:	9e0a      	ldr	r6, [sp, #40]	@ 0x28
3418b282:	ab24      	add	r3, sp, #144	@ 0x90
3418b284:	aa1d      	add	r2, sp, #116	@ 0x74
3418b286:	4629      	mov	r1, r5
3418b288:	4658      	mov	r0, fp
3418b28a:	9300      	str	r3, [sp, #0]
3418b28c:	4633      	mov	r3, r6
3418b28e:	f001 fc71 	bl	3418cb74 <_wcsrtombs_r>
3418b292:	4286      	cmp	r6, r0
3418b294:	f040 869b 	bne.w	3418bfce <_vfprintf_r+0x20ee>
3418b298:	990a      	ldr	r1, [sp, #40]	@ 0x28
3418b29a:	2300      	movs	r3, #0
3418b29c:	546b      	strb	r3, [r5, r1]
3418b29e:	ea21 71e1 	bic.w	r1, r1, r1, asr #31
3418b2a2:	f89d 2067 	ldrb.w	r2, [sp, #103]	@ 0x67
3418b2a6:	9104      	str	r1, [sp, #16]
3418b2a8:	2a00      	cmp	r2, #0
3418b2aa:	f040 846a 	bne.w	3418bb82 <_vfprintf_r+0x1ca2>
3418b2ae:	4692      	mov	sl, r2
3418b2b0:	f8cd 802c 	str.w	r8, [sp, #44]	@ 0x2c
3418b2b4:	9210      	str	r2, [sp, #64]	@ 0x40
3418b2b6:	e9cd 220d 	strd	r2, r2, [sp, #52]	@ 0x34
3418b2ba:	f7fe bfa0 	b.w	3418a1fe <_vfprintf_r+0x31e>
3418b2be:	9b02      	ldr	r3, [sp, #8]
3418b2c0:	a952      	add	r1, sp, #328	@ 0x148
3418b2c2:	f04f 0c00 	mov.w	ip, #0
3418b2c6:	9704      	str	r7, [sp, #16]
3418b2c8:	e9cd 4a09 	strd	r4, sl, [sp, #36]	@ 0x24
3418b2cc:	f8dd a058 	ldr.w	sl, [sp, #88]	@ 0x58
3418b2d0:	f403 6480 	and.w	r4, r3, #1024	@ 0x400
3418b2d4:	e026      	b.n	3418b324 <_vfprintf_r+0x1444>
3418b2d6:	eb16 0308 	adds.w	r3, r6, r8
3418b2da:	4abd      	ldr	r2, [pc, #756]	@ (3418b5d0 <_vfprintf_r+0x16f0>)
3418b2dc:	46b6      	mov	lr, r6
3418b2de:	4640      	mov	r0, r8
3418b2e0:	f143 0300 	adc.w	r3, r3, #0
3418b2e4:	4629      	mov	r1, r5
3418b2e6:	fba2 2703 	umull	r2, r7, r2, r3
3418b2ea:	f027 0203 	bic.w	r2, r7, #3
3418b2ee:	eb02 0297 	add.w	r2, r2, r7, lsr #2
3418b2f2:	f04f 37cc 	mov.w	r7, #3435973836	@ 0xcccccccc
3418b2f6:	1a9b      	subs	r3, r3, r2
3418b2f8:	1af3      	subs	r3, r6, r3
3418b2fa:	4eb5      	ldr	r6, [pc, #724]	@ (3418b5d0 <_vfprintf_r+0x16f0>)
3418b2fc:	f168 0800 	sbc.w	r8, r8, #0
3418b300:	fb07 f203 	mul.w	r2, r7, r3
3418b304:	f1be 0f0a 	cmp.w	lr, #10
3418b308:	fb06 2208 	mla	r2, r6, r8, r2
3418b30c:	fba3 6306 	umull	r6, r3, r3, r6
3418b310:	f170 0000 	sbcs.w	r0, r0, #0
3418b314:	4413      	add	r3, r2
3418b316:	ea4f 0656 	mov.w	r6, r6, lsr #1
3418b31a:	ea4f 0853 	mov.w	r8, r3, lsr #1
3418b31e:	ea46 76c3 	orr.w	r6, r6, r3, lsl #31
3418b322:	d32d      	bcc.n	3418b380 <_vfprintf_r+0x14a0>
3418b324:	eb16 0308 	adds.w	r3, r6, r8
3418b328:	4fa9      	ldr	r7, [pc, #676]	@ (3418b5d0 <_vfprintf_r+0x16f0>)
3418b32a:	f10c 0c01 	add.w	ip, ip, #1
3418b32e:	f101 35ff 	add.w	r5, r1, #4294967295	@ 0xffffffff
3418b332:	f143 0300 	adc.w	r3, r3, #0
3418b336:	fba7 2003 	umull	r2, r0, r7, r3
3418b33a:	f020 0203 	bic.w	r2, r0, #3
3418b33e:	eb02 0290 	add.w	r2, r2, r0, lsr #2
3418b342:	1a9b      	subs	r3, r3, r2
3418b344:	1af3      	subs	r3, r6, r3
3418b346:	fba3 3207 	umull	r3, r2, r3, r7
3418b34a:	f168 0000 	sbc.w	r0, r8, #0
3418b34e:	085b      	lsrs	r3, r3, #1
3418b350:	fb07 2200 	mla	r2, r7, r0, r2
3418b354:	ea43 73c2 	orr.w	r3, r3, r2, lsl #31
3418b358:	eb03 0383 	add.w	r3, r3, r3, lsl #2
3418b35c:	eba6 0343 	sub.w	r3, r6, r3, lsl #1
3418b360:	3330      	adds	r3, #48	@ 0x30
3418b362:	f801 3c01 	strb.w	r3, [r1, #-1]
3418b366:	2c00      	cmp	r4, #0
3418b368:	d0b5      	beq.n	3418b2d6 <_vfprintf_r+0x13f6>
3418b36a:	f89a 3000 	ldrb.w	r3, [sl]
3418b36e:	2bff      	cmp	r3, #255	@ 0xff
3418b370:	d0b1      	beq.n	3418b2d6 <_vfprintf_r+0x13f6>
3418b372:	4563      	cmp	r3, ip
3418b374:	d1af      	bne.n	3418b2d6 <_vfprintf_r+0x13f6>
3418b376:	2e0a      	cmp	r6, #10
3418b378:	f178 0300 	sbcs.w	r3, r8, #0
3418b37c:	f080 8359 	bcs.w	3418ba32 <_vfprintf_r+0x1b52>
3418b380:	ab52      	add	r3, sp, #328	@ 0x148
3418b382:	f8cd a058 	str.w	sl, [sp, #88]	@ 0x58
3418b386:	f8dd a028 	ldr.w	sl, [sp, #40]	@ 0x28
3418b38a:	2200      	movs	r2, #0
3418b38c:	1b5b      	subs	r3, r3, r5
3418b38e:	9f04      	ldr	r7, [sp, #16]
3418b390:	9c09      	ldr	r4, [sp, #36]	@ 0x24
3418b392:	4553      	cmp	r3, sl
3418b394:	930a      	str	r3, [sp, #40]	@ 0x28
3418b396:	f89d 0067 	ldrb.w	r0, [sp, #103]	@ 0x67
3418b39a:	bfb8      	it	lt
3418b39c:	4653      	movlt	r3, sl
3418b39e:	f8cd c03c 	str.w	ip, [sp, #60]	@ 0x3c
3418b3a2:	920d      	str	r2, [sp, #52]	@ 0x34
3418b3a4:	9304      	str	r3, [sp, #16]
3418b3a6:	f7ff b886 	b.w	3418a4b6 <_vfprintf_r+0x5d6>
3418b3aa:	46b0      	mov	r8, r6
3418b3ac:	3301      	adds	r3, #1
3418b3ae:	4422      	add	r2, r4
3418b3b0:	f8c7 8000 	str.w	r8, [r7]
3418b3b4:	2b07      	cmp	r3, #7
3418b3b6:	607c      	str	r4, [r7, #4]
3418b3b8:	e9cd 3227 	strd	r3, r2, [sp, #156]	@ 0x9c
3418b3bc:	f77e af65 	ble.w	3418a28a <_vfprintf_r+0x3aa>
3418b3c0:	f7ff bb15 	b.w	3418a9ee <_vfprintf_r+0xb0e>
3418b3c4:	2002      	movs	r0, #2
3418b3c6:	4e83      	ldr	r6, [pc, #524]	@ (3418b5d4 <_vfprintf_r+0x16f4>)
3418b3c8:	2478      	movs	r4, #120	@ 0x78
3418b3ca:	900d      	str	r0, [sp, #52]	@ 0x34
3418b3cc:	e70c      	b.n	3418b1e8 <_vfprintf_r+0x1308>
3418b3ce:	9a0b      	ldr	r2, [sp, #44]	@ 0x2c
3418b3d0:	9907      	ldr	r1, [sp, #28]
3418b3d2:	6812      	ldr	r2, [r2, #0]
3418b3d4:	6011      	str	r1, [r2, #0]
3418b3d6:	f7ff b91a 	b.w	3418a60e <_vfprintf_r+0x72e>
3418b3da:	990c      	ldr	r1, [sp, #48]	@ 0x30
3418b3dc:	2900      	cmp	r1, #0
3418b3de:	f000 80e6 	beq.w	3418b5ae <_vfprintf_r+0x16ce>
3418b3e2:	f8dd c09c 	ldr.w	ip, [sp, #156]	@ 0x9c
3418b3e6:	af29      	add	r7, sp, #164	@ 0xa4
3418b3e8:	930c      	str	r3, [sp, #48]	@ 0x30
3418b3ea:	f7fe bf27 	b.w	3418a23c <_vfprintf_r+0x35c>
3418b3ee:	2c10      	cmp	r4, #16
3418b3f0:	9b27      	ldr	r3, [sp, #156]	@ 0x9c
3418b3f2:	f340 85ad 	ble.w	3418bf50 <_vfprintf_r+0x2070>
3418b3f6:	46a8      	mov	r8, r5
3418b3f8:	2610      	movs	r6, #16
3418b3fa:	f8dd a00c 	ldr.w	sl, [sp, #12]
3418b3fe:	4d76      	ldr	r5, [pc, #472]	@ (3418b5d8 <_vfprintf_r+0x16f8>)
3418b400:	e003      	b.n	3418b40a <_vfprintf_r+0x152a>
3418b402:	3c10      	subs	r4, #16
3418b404:	2c10      	cmp	r4, #16
3418b406:	f340 8140 	ble.w	3418b68a <_vfprintf_r+0x17aa>
3418b40a:	3301      	adds	r3, #1
3418b40c:	3210      	adds	r2, #16
3418b40e:	2b07      	cmp	r3, #7
3418b410:	e9c7 5600 	strd	r5, r6, [r7]
3418b414:	e9cd 3227 	strd	r3, r2, [sp, #156]	@ 0x9c
3418b418:	f107 0708 	add.w	r7, r7, #8
3418b41c:	ddf1      	ble.n	3418b402 <_vfprintf_r+0x1522>
3418b41e:	aa26      	add	r2, sp, #152	@ 0x98
3418b420:	4651      	mov	r1, sl
3418b422:	4658      	mov	r0, fp
3418b424:	f001 f97c 	bl	3418c720 <__sprint_r>
3418b428:	2800      	cmp	r0, #0
3418b42a:	f47e aea4 	bne.w	3418a176 <_vfprintf_r+0x296>
3418b42e:	af29      	add	r7, sp, #164	@ 0xa4
3418b430:	e9dd 3227 	ldrd	r3, r2, [sp, #156]	@ 0x9c
3418b434:	e7e5      	b.n	3418b402 <_vfprintf_r+0x1522>
3418b436:	46b8      	mov	r8, r7
3418b438:	3301      	adds	r3, #1
3418b43a:	4432      	add	r2, r6
3418b43c:	f8c1 8000 	str.w	r8, [r1]
3418b440:	2b07      	cmp	r3, #7
3418b442:	604e      	str	r6, [r1, #4]
3418b444:	e9cd 3227 	strd	r3, r2, [sp, #156]	@ 0x9c
3418b448:	f77f ab0c 	ble.w	3418aa64 <_vfprintf_r+0xb84>
3418b44c:	f7ff bbd2 	b.w	3418abf4 <_vfprintf_r+0xd14>
3418b450:	9802      	ldr	r0, [sp, #8]
3418b452:	f410 7500 	ands.w	r5, r0, #512	@ 0x200
3418b456:	950d      	str	r5, [sp, #52]	@ 0x34
3418b458:	f040 80c6 	bne.w	3418b5e8 <_vfprintf_r+0x1708>
3418b45c:	990d      	ldr	r1, [sp, #52]	@ 0x34
3418b45e:	f1ba 0f00 	cmp.w	sl, #0
3418b462:	461e      	mov	r6, r3
3418b464:	4688      	mov	r8, r1
3418b466:	f88d 1067 	strb.w	r1, [sp, #103]	@ 0x67
3418b46a:	f2c0 80cf 	blt.w	3418b60c <_vfprintf_r+0x172c>
3418b46e:	9902      	ldr	r1, [sp, #8]
3418b470:	920b      	str	r2, [sp, #44]	@ 0x2c
3418b472:	f021 0180 	bic.w	r1, r1, #128	@ 0x80
3418b476:	9102      	str	r1, [sp, #8]
3418b478:	f47f a808 	bne.w	3418a48c <_vfprintf_r+0x5ac>
3418b47c:	2b00      	cmp	r3, #0
3418b47e:	f43f a86e 	beq.w	3418a55e <_vfprintf_r+0x67e>
3418b482:	f7ff b803 	b.w	3418a48c <_vfprintf_r+0x5ac>
3418b486:	9802      	ldr	r0, [sp, #8]
3418b488:	f410 7100 	ands.w	r1, r0, #512	@ 0x200
3418b48c:	f000 80b7 	beq.w	3418b5fe <_vfprintf_r+0x171e>
3418b490:	b2db      	uxtb	r3, r3
3418b492:	2100      	movs	r1, #0
3418b494:	920b      	str	r2, [sp, #44]	@ 0x2c
3418b496:	f7ff b88d 	b.w	3418a5b4 <_vfprintf_r+0x6d4>
3418b49a:	9b02      	ldr	r3, [sp, #8]
3418b49c:	920b      	str	r2, [sp, #44]	@ 0x2c
3418b49e:	0598      	lsls	r0, r3, #22
3418b4a0:	f140 8091 	bpl.w	3418b5c6 <_vfprintf_r+0x16e6>
3418b4a4:	f346 18c0 	sbfx	r8, r6, #7, #1
3418b4a8:	b276      	sxtb	r6, r6
3418b4aa:	4643      	mov	r3, r8
3418b4ac:	f7fe bf56 	b.w	3418a35c <_vfprintf_r+0x47c>
3418b4b0:	9b02      	ldr	r3, [sp, #8]
3418b4b2:	f1ba 3fff 	cmp.w	sl, #4294967295	@ 0xffffffff
3418b4b6:	f443 7380 	orr.w	r3, r3, #256	@ 0x100
3418b4ba:	930c      	str	r3, [sp, #48]	@ 0x30
3418b4bc:	ee18 3a90 	vmov	r3, s17
3418b4c0:	f000 80c4 	beq.w	3418b64c <_vfprintf_r+0x176c>
3418b4c4:	f1ba 0f00 	cmp.w	sl, #0
3418b4c8:	d102      	bne.n	3418b4d0 <_vfprintf_r+0x15f0>
3418b4ca:	2e47      	cmp	r6, #71	@ 0x47
3418b4cc:	f000 84cb 	beq.w	3418be66 <_vfprintf_r+0x1f86>
3418b4d0:	2b00      	cmp	r3, #0
3418b4d2:	f2c0 83e7 	blt.w	3418bca4 <_vfprintf_r+0x1dc4>
3418b4d6:	eeb0 7b48 	vmov.f64	d7, d8
3418b4da:	f04f 0800 	mov.w	r8, #0
3418b4de:	2c65      	cmp	r4, #101	@ 0x65
3418b4e0:	f000 8302 	beq.w	3418bae8 <_vfprintf_r+0x1c08>
3418b4e4:	f300 81b6 	bgt.w	3418b854 <_vfprintf_r+0x1974>
3418b4e8:	2c45      	cmp	r4, #69	@ 0x45
3418b4ea:	f000 82fd 	beq.w	3418bae8 <_vfprintf_r+0x1c08>
3418b4ee:	2c46      	cmp	r4, #70	@ 0x46
3418b4f0:	f040 81b3 	bne.w	3418b85a <_vfprintf_r+0x197a>
3418b4f4:	2103      	movs	r1, #3
3418b4f6:	f8cd a03c 	str.w	sl, [sp, #60]	@ 0x3c
3418b4fa:	ab24      	add	r3, sp, #144	@ 0x90
3418b4fc:	eeb0 0b47 	vmov.f64	d0, d7
3418b500:	9a0f      	ldr	r2, [sp, #60]	@ 0x3c
3418b502:	4658      	mov	r0, fp
3418b504:	9301      	str	r3, [sp, #4]
3418b506:	ab1d      	add	r3, sp, #116	@ 0x74
3418b508:	9300      	str	r3, [sp, #0]
3418b50a:	ab1b      	add	r3, sp, #108	@ 0x6c
3418b50c:	ed8d 7b04 	vstr	d7, [sp, #16]
3418b510:	f001 fc22 	bl	3418cd58 <_dtoa_r>
3418b514:	9b0f      	ldr	r3, [sp, #60]	@ 0x3c
3418b516:	2e46      	cmp	r6, #70	@ 0x46
3418b518:	4605      	mov	r5, r0
3418b51a:	eb00 0103 	add.w	r1, r0, r3
3418b51e:	ed9d 7b04 	vldr	d7, [sp, #16]
3418b522:	f040 83d3 	bne.w	3418bccc <_vfprintf_r+0x1dec>
3418b526:	782b      	ldrb	r3, [r5, #0]
3418b528:	2b30      	cmp	r3, #48	@ 0x30
3418b52a:	f000 83c5 	beq.w	3418bcb8 <_vfprintf_r+0x1dd8>
3418b52e:	eeb5 7b40 	vcmp.f64	d7, #0.0
3418b532:	9a1b      	ldr	r2, [sp, #108]	@ 0x6c
3418b534:	4411      	add	r1, r2
3418b536:	eef1 fa10 	vmrs	APSR_nzcv, fpscr
3418b53a:	f040 84bc 	bne.w	3418beb6 <_vfprintf_r+0x1fd6>
3418b53e:	920d      	str	r2, [sp, #52]	@ 0x34
3418b540:	1b4b      	subs	r3, r1, r5
3418b542:	930f      	str	r3, [sp, #60]	@ 0x3c
3418b544:	9b02      	ldr	r3, [sp, #8]
3418b546:	9a0d      	ldr	r2, [sp, #52]	@ 0x34
3418b548:	f003 0301 	and.w	r3, r3, #1
3418b54c:	2a00      	cmp	r2, #0
3418b54e:	ea43 030a 	orr.w	r3, r3, sl
3418b552:	f340 84da 	ble.w	3418bf0a <_vfprintf_r+0x202a>
3418b556:	2b00      	cmp	r3, #0
3418b558:	f040 83f0 	bne.w	3418bd3c <_vfprintf_r+0x1e5c>
3418b55c:	9b0d      	ldr	r3, [sp, #52]	@ 0x34
3418b55e:	2466      	movs	r4, #102	@ 0x66
3418b560:	930a      	str	r3, [sp, #40]	@ 0x28
3418b562:	9b02      	ldr	r3, [sp, #8]
3418b564:	055b      	lsls	r3, r3, #21
3418b566:	f100 83ca 	bmi.w	3418bcfe <_vfprintf_r+0x1e1e>
3418b56a:	9b0a      	ldr	r3, [sp, #40]	@ 0x28
3418b56c:	ea23 73e3 	bic.w	r3, r3, r3, asr #31
3418b570:	9304      	str	r3, [sp, #16]
3418b572:	f1b8 0f00 	cmp.w	r8, #0
3418b576:	f000 82a6 	beq.w	3418bac6 <_vfprintf_r+0x1be6>
3418b57a:	9b04      	ldr	r3, [sp, #16]
3418b57c:	2200      	movs	r2, #0
3418b57e:	3301      	adds	r3, #1
3418b580:	4692      	mov	sl, r2
3418b582:	9209      	str	r2, [sp, #36]	@ 0x24
3418b584:	9304      	str	r3, [sp, #16]
3418b586:	9b0c      	ldr	r3, [sp, #48]	@ 0x30
3418b588:	9210      	str	r2, [sp, #64]	@ 0x40
3418b58a:	9302      	str	r3, [sp, #8]
3418b58c:	232d      	movs	r3, #45	@ 0x2d
3418b58e:	920e      	str	r2, [sp, #56]	@ 0x38
3418b590:	f88d 3067 	strb.w	r3, [sp, #103]	@ 0x67
3418b594:	f7fe be33 	b.w	3418a1fe <_vfprintf_r+0x31e>
3418b598:	ad52      	add	r5, sp, #328	@ 0x148
3418b59a:	9009      	str	r0, [sp, #36]	@ 0x24
3418b59c:	900a      	str	r0, [sp, #40]	@ 0x28
3418b59e:	f8cd a040 	str.w	sl, [sp, #64]	@ 0x40
3418b5a2:	f8cd a010 	str.w	sl, [sp, #16]
3418b5a6:	e9cd aa0d 	strd	sl, sl, [sp, #52]	@ 0x34
3418b5aa:	f7fe be28 	b.w	3418a1fe <_vfprintf_r+0x31e>
3418b5ae:	af29      	add	r7, sp, #164	@ 0xa4
3418b5b0:	f7fe be56 	b.w	3418a260 <_vfprintf_r+0x380>
3418b5b4:	441d      	add	r5, r3
3418b5b6:	1b1c      	subs	r4, r3, r4
3418b5b8:	eba5 050a 	sub.w	r5, r5, sl
3418b5bc:	42a5      	cmp	r5, r4
3418b5be:	bfa8      	it	ge
3418b5c0:	4625      	movge	r5, r4
3418b5c2:	f7ff bba1 	b.w	3418ad08 <_vfprintf_r+0xe28>
3418b5c6:	ea4f 78e6 	mov.w	r8, r6, asr #31
3418b5ca:	4643      	mov	r3, r8
3418b5cc:	f7fe bec6 	b.w	3418a35c <_vfprintf_r+0x47c>
3418b5d0:	cccccccd 	.word	0xcccccccd
3418b5d4:	3418fae0 	.word	0x3418fae0
3418b5d8:	3418fe3c 	.word	0x3418fe3c
3418b5dc:	9a0b      	ldr	r2, [sp, #44]	@ 0x2c
3418b5de:	9907      	ldr	r1, [sp, #28]
3418b5e0:	6812      	ldr	r2, [r2, #0]
3418b5e2:	8011      	strh	r1, [r2, #0]
3418b5e4:	f7ff b813 	b.w	3418a60e <_vfprintf_r+0x72e>
3418b5e8:	f04f 0800 	mov.w	r8, #0
3418b5ec:	b2db      	uxtb	r3, r3
3418b5ee:	f88d 1067 	strb.w	r1, [sp, #103]	@ 0x67
3418b5f2:	45c2      	cmp	sl, r8
3418b5f4:	461e      	mov	r6, r3
3418b5f6:	db09      	blt.n	3418b60c <_vfprintf_r+0x172c>
3418b5f8:	f020 0180 	bic.w	r1, r0, #128	@ 0x80
3418b5fc:	e4cd      	b.n	3418af9a <_vfprintf_r+0x10ba>
3418b5fe:	9802      	ldr	r0, [sp, #8]
3418b600:	920b      	str	r2, [sp, #44]	@ 0x2c
3418b602:	f7fe bfd7 	b.w	3418a5b4 <_vfprintf_r+0x6d4>
3418b606:	b2db      	uxtb	r3, r3
3418b608:	2100      	movs	r1, #0
3418b60a:	e4fa      	b.n	3418b002 <_vfprintf_r+0x1122>
3418b60c:	920b      	str	r2, [sp, #44]	@ 0x2c
3418b60e:	f7fe bf3d 	b.w	3418a48c <_vfprintf_r+0x5ac>
3418b612:	aa26      	add	r2, sp, #152	@ 0x98
3418b614:	9903      	ldr	r1, [sp, #12]
3418b616:	4658      	mov	r0, fp
3418b618:	f001 f882 	bl	3418c720 <__sprint_r>
3418b61c:	2800      	cmp	r0, #0
3418b61e:	f43e ad94 	beq.w	3418a14a <_vfprintf_r+0x26a>
3418b622:	f7fe bdae 	b.w	3418a182 <_vfprintf_r+0x2a2>
3418b626:	4628      	mov	r0, r5
3418b628:	f7fe fa10 	bl	34189a4c <strlen>
3418b62c:	f89d 3067 	ldrb.w	r3, [sp, #103]	@ 0x67
3418b630:	ea20 72e0 	bic.w	r2, r0, r0, asr #31
3418b634:	900a      	str	r0, [sp, #40]	@ 0x28
3418b636:	9204      	str	r2, [sp, #16]
3418b638:	2b00      	cmp	r3, #0
3418b63a:	f43e aefa 	beq.w	3418a432 <_vfprintf_r+0x552>
3418b63e:	f7fe bef6 	b.w	3418a42e <_vfprintf_r+0x54e>
3418b642:	6d88      	ldr	r0, [r1, #88]	@ 0x58
3418b644:	f7fe f98a 	bl	3418995c <__retarget_lock_release_recursive>
3418b648:	f7fe bd50 	b.w	3418a0ec <_vfprintf_r+0x20c>
3418b64c:	2b00      	cmp	r3, #0
3418b64e:	f2c0 8418 	blt.w	3418be82 <_vfprintf_r+0x1fa2>
3418b652:	eeb0 7b48 	vmov.f64	d7, d8
3418b656:	f04f 0800 	mov.w	r8, #0
3418b65a:	f04f 0a06 	mov.w	sl, #6
3418b65e:	e73e      	b.n	3418b4de <_vfprintf_r+0x15fe>
3418b660:	f10a 0101 	add.w	r1, sl, #1
3418b664:	4658      	mov	r0, fp
3418b666:	f7fd fa71 	bl	34188b4c <_malloc_r>
3418b66a:	4605      	mov	r5, r0
3418b66c:	2800      	cmp	r0, #0
3418b66e:	f000 8473 	beq.w	3418bf58 <_vfprintf_r+0x2078>
3418b672:	ee18 3a90 	vmov	r3, s17
3418b676:	2b00      	cmp	r3, #0
3418b678:	f2c0 8416 	blt.w	3418bea8 <_vfprintf_r+0x1fc8>
3418b67c:	eeb0 0b48 	vmov.f64	d0, d8
3418b680:	f04f 0800 	mov.w	r8, #0
3418b684:	9009      	str	r0, [sp, #36]	@ 0x24
3418b686:	f7ff bbc4 	b.w	3418ae12 <_vfprintf_r+0xf32>
3418b68a:	4629      	mov	r1, r5
3418b68c:	4645      	mov	r5, r8
3418b68e:	4688      	mov	r8, r1
3418b690:	3301      	adds	r3, #1
3418b692:	4422      	add	r2, r4
3418b694:	f8c7 8000 	str.w	r8, [r7]
3418b698:	2b07      	cmp	r3, #7
3418b69a:	607c      	str	r4, [r7, #4]
3418b69c:	e9cd 3227 	strd	r3, r2, [sp, #156]	@ 0x9c
3418b6a0:	f300 828c 	bgt.w	3418bbbc <_vfprintf_r+0x1cdc>
3418b6a4:	3708      	adds	r7, #8
3418b6a6:	f7ff bafd 	b.w	3418aca4 <_vfprintf_r+0xdc4>
3418b6aa:	ab24      	add	r3, sp, #144	@ 0x90
3418b6ac:	aa1d      	add	r2, sp, #116	@ 0x74
3418b6ae:	4658      	mov	r0, fp
3418b6b0:	9300      	str	r3, [sp, #0]
3418b6b2:	2300      	movs	r3, #0
3418b6b4:	4619      	mov	r1, r3
3418b6b6:	f001 fa5d 	bl	3418cb74 <_wcsrtombs_r>
3418b6ba:	900a      	str	r0, [sp, #40]	@ 0x28
3418b6bc:	3001      	adds	r0, #1
3418b6be:	f000 82ab 	beq.w	3418bc18 <_vfprintf_r+0x1d38>
3418b6c2:	951d      	str	r5, [sp, #116]	@ 0x74
3418b6c4:	e5c7      	b.n	3418b256 <_vfprintf_r+0x1376>
3418b6c6:	9d02      	ldr	r5, [sp, #8]
3418b6c8:	920b      	str	r2, [sp, #44]	@ 0x2c
3418b6ca:	f425 6580 	bic.w	r5, r5, #1024	@ 0x400
3418b6ce:	f045 0202 	orr.w	r2, r5, #2
3418b6d2:	9202      	str	r2, [sp, #8]
3418b6d4:	2202      	movs	r2, #2
3418b6d6:	920d      	str	r2, [sp, #52]	@ 0x34
3418b6d8:	e4be      	b.n	3418b058 <_vfprintf_r+0x1178>
3418b6da:	920b      	str	r2, [sp, #44]	@ 0x2c
3418b6dc:	f7fe bed5 	b.w	3418a48a <_vfprintf_r+0x5aa>
3418b6e0:	9b0e      	ldr	r3, [sp, #56]	@ 0x38
3418b6e2:	9810      	ldr	r0, [sp, #64]	@ 0x40
3418b6e4:	4303      	orrs	r3, r0
3418b6e6:	9b0f      	ldr	r3, [sp, #60]	@ 0x3c
3418b6e8:	442b      	add	r3, r5
3418b6ea:	f000 8469 	beq.w	3418bfc0 <_vfprintf_r+0x20e0>
3418b6ee:	4656      	mov	r6, sl
3418b6f0:	4639      	mov	r1, r7
3418b6f2:	f8df 8410 	ldr.w	r8, [pc, #1040]	@ 3418bb04 <_vfprintf_r+0x1c24>
3418b6f6:	4607      	mov	r7, r0
3418b6f8:	f8dd a058 	ldr.w	sl, [sp, #88]	@ 0x58
3418b6fc:	9517      	str	r5, [sp, #92]	@ 0x5c
3418b6fe:	2f00      	cmp	r7, #0
3418b700:	dc32      	bgt.n	3418b768 <_vfprintf_r+0x1888>
3418b702:	980e      	ldr	r0, [sp, #56]	@ 0x38
3418b704:	f10a 3aff 	add.w	sl, sl, #4294967295	@ 0xffffffff
3418b708:	3801      	subs	r0, #1
3418b70a:	900e      	str	r0, [sp, #56]	@ 0x38
3418b70c:	9814      	ldr	r0, [sp, #80]	@ 0x50
3418b70e:	9c15      	ldr	r4, [sp, #84]	@ 0x54
3418b710:	4402      	add	r2, r0
3418b712:	e9c1 4000 	strd	r4, r0, [r1]
3418b716:	9827      	ldr	r0, [sp, #156]	@ 0x9c
3418b718:	9228      	str	r2, [sp, #160]	@ 0xa0
3418b71a:	3001      	adds	r0, #1
3418b71c:	2807      	cmp	r0, #7
3418b71e:	9027      	str	r0, [sp, #156]	@ 0x9c
3418b720:	dc47      	bgt.n	3418b7b2 <_vfprintf_r+0x18d2>
3418b722:	3108      	adds	r1, #8
3418b724:	1b9d      	subs	r5, r3, r6
3418b726:	f89a 0000 	ldrb.w	r0, [sl]
3418b72a:	930a      	str	r3, [sp, #40]	@ 0x28
3418b72c:	4285      	cmp	r5, r0
3418b72e:	bfa8      	it	ge
3418b730:	4605      	movge	r5, r0
3418b732:	2d00      	cmp	r5, #0
3418b734:	dd0b      	ble.n	3418b74e <_vfprintf_r+0x186e>
3418b736:	9827      	ldr	r0, [sp, #156]	@ 0x9c
3418b738:	442a      	add	r2, r5
3418b73a:	3001      	adds	r0, #1
3418b73c:	9228      	str	r2, [sp, #160]	@ 0xa0
3418b73e:	2807      	cmp	r0, #7
3418b740:	9027      	str	r0, [sp, #156]	@ 0x9c
3418b742:	e9c1 6500 	strd	r6, r5, [r1]
3418b746:	dc52      	bgt.n	3418b7ee <_vfprintf_r+0x190e>
3418b748:	3108      	adds	r1, #8
3418b74a:	f89a 0000 	ldrb.w	r0, [sl]
3418b74e:	2d00      	cmp	r5, #0
3418b750:	bfac      	ite	ge
3418b752:	1b44      	subge	r4, r0, r5
3418b754:	4604      	movlt	r4, r0
3418b756:	2c00      	cmp	r4, #0
3418b758:	dc08      	bgt.n	3418b76c <_vfprintf_r+0x188c>
3418b75a:	4406      	add	r6, r0
3418b75c:	980e      	ldr	r0, [sp, #56]	@ 0x38
3418b75e:	2800      	cmp	r0, #0
3418b760:	dccd      	bgt.n	3418b6fe <_vfprintf_r+0x181e>
3418b762:	2f00      	cmp	r7, #0
3418b764:	f340 8365 	ble.w	3418be32 <_vfprintf_r+0x1f52>
3418b768:	3f01      	subs	r7, #1
3418b76a:	e7cf      	b.n	3418b70c <_vfprintf_r+0x182c>
3418b76c:	2c10      	cmp	r4, #16
3418b76e:	9827      	ldr	r0, [sp, #156]	@ 0x9c
3418b770:	f340 83aa 	ble.w	3418bec8 <_vfprintf_r+0x1fe8>
3418b774:	2510      	movs	r5, #16
3418b776:	9310      	str	r3, [sp, #64]	@ 0x40
3418b778:	e9cd 680c 	strd	r6, r8, [sp, #48]	@ 0x30
3418b77c:	9e03      	ldr	r6, [sp, #12]
3418b77e:	e002      	b.n	3418b786 <_vfprintf_r+0x18a6>
3418b780:	3c10      	subs	r4, #16
3418b782:	2c10      	cmp	r4, #16
3418b784:	dd22      	ble.n	3418b7cc <_vfprintf_r+0x18ec>
3418b786:	3001      	adds	r0, #1
3418b788:	3210      	adds	r2, #16
3418b78a:	2807      	cmp	r0, #7
3418b78c:	e9c1 8500 	strd	r8, r5, [r1]
3418b790:	e9cd 0227 	strd	r0, r2, [sp, #156]	@ 0x9c
3418b794:	f101 0108 	add.w	r1, r1, #8
3418b798:	ddf2      	ble.n	3418b780 <_vfprintf_r+0x18a0>
3418b79a:	aa26      	add	r2, sp, #152	@ 0x98
3418b79c:	4631      	mov	r1, r6
3418b79e:	4658      	mov	r0, fp
3418b7a0:	f000 ffbe 	bl	3418c720 <__sprint_r>
3418b7a4:	2800      	cmp	r0, #0
3418b7a6:	f47e ace6 	bne.w	3418a176 <_vfprintf_r+0x296>
3418b7aa:	a929      	add	r1, sp, #164	@ 0xa4
3418b7ac:	e9dd 0227 	ldrd	r0, r2, [sp, #156]	@ 0x9c
3418b7b0:	e7e6      	b.n	3418b780 <_vfprintf_r+0x18a0>
3418b7b2:	aa26      	add	r2, sp, #152	@ 0x98
3418b7b4:	9903      	ldr	r1, [sp, #12]
3418b7b6:	4658      	mov	r0, fp
3418b7b8:	930a      	str	r3, [sp, #40]	@ 0x28
3418b7ba:	f000 ffb1 	bl	3418c720 <__sprint_r>
3418b7be:	2800      	cmp	r0, #0
3418b7c0:	f47e acd9 	bne.w	3418a176 <_vfprintf_r+0x296>
3418b7c4:	9a28      	ldr	r2, [sp, #160]	@ 0xa0
3418b7c6:	a929      	add	r1, sp, #164	@ 0xa4
3418b7c8:	9b0a      	ldr	r3, [sp, #40]	@ 0x28
3418b7ca:	e7ab      	b.n	3418b724 <_vfprintf_r+0x1844>
3418b7cc:	e9dd 6c0c 	ldrd	r6, ip, [sp, #48]	@ 0x30
3418b7d0:	9b10      	ldr	r3, [sp, #64]	@ 0x40
3418b7d2:	3001      	adds	r0, #1
3418b7d4:	4422      	add	r2, r4
3418b7d6:	f8c1 c000 	str.w	ip, [r1]
3418b7da:	2807      	cmp	r0, #7
3418b7dc:	604c      	str	r4, [r1, #4]
3418b7de:	e9cd 0227 	strd	r0, r2, [sp, #156]	@ 0x9c
3418b7e2:	f300 80f8 	bgt.w	3418b9d6 <_vfprintf_r+0x1af6>
3418b7e6:	3108      	adds	r1, #8
3418b7e8:	f89a 0000 	ldrb.w	r0, [sl]
3418b7ec:	e7b5      	b.n	3418b75a <_vfprintf_r+0x187a>
3418b7ee:	aa26      	add	r2, sp, #152	@ 0x98
3418b7f0:	9903      	ldr	r1, [sp, #12]
3418b7f2:	4658      	mov	r0, fp
3418b7f4:	930c      	str	r3, [sp, #48]	@ 0x30
3418b7f6:	f000 ff93 	bl	3418c720 <__sprint_r>
3418b7fa:	2800      	cmp	r0, #0
3418b7fc:	f47e acbb 	bne.w	3418a176 <_vfprintf_r+0x296>
3418b800:	f89a 0000 	ldrb.w	r0, [sl]
3418b804:	a929      	add	r1, sp, #164	@ 0xa4
3418b806:	9a28      	ldr	r2, [sp, #160]	@ 0xa0
3418b808:	9b0c      	ldr	r3, [sp, #48]	@ 0x30
3418b80a:	e7a0      	b.n	3418b74e <_vfprintf_r+0x186e>
3418b80c:	232d      	movs	r3, #45	@ 0x2d
3418b80e:	2203      	movs	r2, #3
3418b810:	2c47      	cmp	r4, #71	@ 0x47
3418b812:	f88d 3067 	strb.w	r3, [sp, #103]	@ 0x67
3418b816:	f04f 0300 	mov.w	r3, #0
3418b81a:	e9cd 3209 	strd	r3, r2, [sp, #36]	@ 0x24
3418b81e:	f340 8189 	ble.w	3418bb34 <_vfprintf_r+0x1c54>
3418b822:	4db6      	ldr	r5, [pc, #728]	@ (3418bafc <_vfprintf_r+0x1c1c>)
3418b824:	2204      	movs	r2, #4
3418b826:	469a      	mov	sl, r3
3418b828:	9310      	str	r3, [sp, #64]	@ 0x40
3418b82a:	9204      	str	r2, [sp, #16]
3418b82c:	e9cd 330d 	strd	r3, r3, [sp, #52]	@ 0x34
3418b830:	f7fe bce5 	b.w	3418a1fe <_vfprintf_r+0x31e>
3418b834:	f89d 3067 	ldrb.w	r3, [sp, #103]	@ 0x67
3418b838:	f8cd 802c 	str.w	r8, [sp, #44]	@ 0x2c
3418b83c:	3b00      	subs	r3, #0
3418b83e:	bf18      	it	ne
3418b840:	2301      	movne	r3, #1
3418b842:	9304      	str	r3, [sp, #16]
3418b844:	9b0a      	ldr	r3, [sp, #40]	@ 0x28
3418b846:	469a      	mov	sl, r3
3418b848:	9310      	str	r3, [sp, #64]	@ 0x40
3418b84a:	9309      	str	r3, [sp, #36]	@ 0x24
3418b84c:	e9cd 330d 	strd	r3, r3, [sp, #52]	@ 0x34
3418b850:	f7fe bcd5 	b.w	3418a1fe <_vfprintf_r+0x31e>
3418b854:	2c66      	cmp	r4, #102	@ 0x66
3418b856:	f43f ae4d 	beq.w	3418b4f4 <_vfprintf_r+0x1614>
3418b85a:	ab24      	add	r3, sp, #144	@ 0x90
3418b85c:	2102      	movs	r1, #2
3418b85e:	eeb0 0b47 	vmov.f64	d0, d7
3418b862:	4652      	mov	r2, sl
3418b864:	9301      	str	r3, [sp, #4]
3418b866:	ab1d      	add	r3, sp, #116	@ 0x74
3418b868:	4658      	mov	r0, fp
3418b86a:	9300      	str	r3, [sp, #0]
3418b86c:	ab1b      	add	r3, sp, #108	@ 0x6c
3418b86e:	ed8d 7b04 	vstr	d7, [sp, #16]
3418b872:	f001 fa71 	bl	3418cd58 <_dtoa_r>
3418b876:	9b02      	ldr	r3, [sp, #8]
3418b878:	4605      	mov	r5, r0
3418b87a:	07d9      	lsls	r1, r3, #31
3418b87c:	d55d      	bpl.n	3418b93a <_vfprintf_r+0x1a5a>
3418b87e:	ed9d 7b04 	vldr	d7, [sp, #16]
3418b882:	eeb5 7b40 	vcmp.f64	d7, #0.0
3418b886:	eef1 fa10 	vmrs	APSR_nzcv, fpscr
3418b88a:	f000 82e7 	beq.w	3418be5c <_vfprintf_r+0x1f7c>
3418b88e:	eb00 010a 	add.w	r1, r0, sl
3418b892:	9b24      	ldr	r3, [sp, #144]	@ 0x90
3418b894:	4299      	cmp	r1, r3
3418b896:	f240 838e 	bls.w	3418bfb6 <_vfprintf_r+0x20d6>
3418b89a:	2030      	movs	r0, #48	@ 0x30
3418b89c:	1c5a      	adds	r2, r3, #1
3418b89e:	9224      	str	r2, [sp, #144]	@ 0x90
3418b8a0:	7018      	strb	r0, [r3, #0]
3418b8a2:	9b24      	ldr	r3, [sp, #144]	@ 0x90
3418b8a4:	428b      	cmp	r3, r1
3418b8a6:	d3f9      	bcc.n	3418b89c <_vfprintf_r+0x19bc>
3418b8a8:	1b5b      	subs	r3, r3, r5
3418b8aa:	2e47      	cmp	r6, #71	@ 0x47
3418b8ac:	930f      	str	r3, [sp, #60]	@ 0x3c
3418b8ae:	9b1b      	ldr	r3, [sp, #108]	@ 0x6c
3418b8b0:	930d      	str	r3, [sp, #52]	@ 0x34
3418b8b2:	d047      	beq.n	3418b944 <_vfprintf_r+0x1a64>
3418b8b4:	2e46      	cmp	r6, #70	@ 0x46
3418b8b6:	f43f ae45 	beq.w	3418b544 <_vfprintf_r+0x1664>
3418b8ba:	9b0d      	ldr	r3, [sp, #52]	@ 0x34
3418b8bc:	f88d 4078 	strb.w	r4, [sp, #120]	@ 0x78
3418b8c0:	3b01      	subs	r3, #1
3418b8c2:	2b00      	cmp	r3, #0
3418b8c4:	931b      	str	r3, [sp, #108]	@ 0x6c
3418b8c6:	f2c0 826d 	blt.w	3418bda4 <_vfprintf_r+0x1ec4>
3418b8ca:	222b      	movs	r2, #43	@ 0x2b
3418b8cc:	2b09      	cmp	r3, #9
3418b8ce:	f88d 2079 	strb.w	r2, [sp, #121]	@ 0x79
3418b8d2:	f340 8270 	ble.w	3418bdb6 <_vfprintf_r+0x1ed6>
3418b8d6:	2200      	movs	r2, #0
3418b8d8:	9209      	str	r2, [sp, #36]	@ 0x24
3418b8da:	f10d 0e87 	add.w	lr, sp, #135	@ 0x87
3418b8de:	f8df a220 	ldr.w	sl, [pc, #544]	@ 3418bb00 <_vfprintf_r+0x1c20>
3418b8e2:	4676      	mov	r6, lr
3418b8e4:	fbaa 2c03 	umull	r2, ip, sl, r3
3418b8e8:	4630      	mov	r0, r6
3418b8ea:	2b63      	cmp	r3, #99	@ 0x63
3418b8ec:	f106 36ff 	add.w	r6, r6, #4294967295	@ 0xffffffff
3418b8f0:	ea4f 0cdc 	mov.w	ip, ip, lsr #3
3418b8f4:	eb0c 028c 	add.w	r2, ip, ip, lsl #2
3418b8f8:	eba3 0242 	sub.w	r2, r3, r2, lsl #1
3418b8fc:	4663      	mov	r3, ip
3418b8fe:	f102 0230 	add.w	r2, r2, #48	@ 0x30
3418b902:	f800 2c01 	strb.w	r2, [r0, #-1]
3418b906:	dced      	bgt.n	3418b8e4 <_vfprintf_r+0x1a04>
3418b908:	3330      	adds	r3, #48	@ 0x30
3418b90a:	f806 3c01 	strb.w	r3, [r6, #-1]
3418b90e:	1e83      	subs	r3, r0, #2
3418b910:	4573      	cmp	r3, lr
3418b912:	f080 8334 	bcs.w	3418bf7e <_vfprintf_r+0x209e>
3418b916:	f10d 0279 	add.w	r2, sp, #121	@ 0x79
3418b91a:	f813 1b01 	ldrb.w	r1, [r3], #1
3418b91e:	4573      	cmp	r3, lr
3418b920:	f802 1f01 	strb.w	r1, [r2, #1]!
3418b924:	d1f9      	bne.n	3418b91a <_vfprintf_r+0x1a3a>
3418b926:	f503 73a4 	add.w	r3, r3, #328	@ 0x148
3418b92a:	aa1e      	add	r2, sp, #120	@ 0x78
3418b92c:	446b      	add	r3, sp
3418b92e:	3bcc      	subs	r3, #204	@ 0xcc
3418b930:	1a1b      	subs	r3, r3, r0
3418b932:	1a9b      	subs	r3, r3, r2
3418b934:	9313      	str	r3, [sp, #76]	@ 0x4c
3418b936:	f7ff bae3 	b.w	3418af00 <_vfprintf_r+0x1020>
3418b93a:	9b24      	ldr	r3, [sp, #144]	@ 0x90
3418b93c:	1a1b      	subs	r3, r3, r0
3418b93e:	930f      	str	r3, [sp, #60]	@ 0x3c
3418b940:	9b1b      	ldr	r3, [sp, #108]	@ 0x6c
3418b942:	930d      	str	r3, [sp, #52]	@ 0x34
3418b944:	9b0d      	ldr	r3, [sp, #52]	@ 0x34
3418b946:	1cda      	adds	r2, r3, #3
3418b948:	db01      	blt.n	3418b94e <_vfprintf_r+0x1a6e>
3418b94a:	4553      	cmp	r3, sl
3418b94c:	dd01      	ble.n	3418b952 <_vfprintf_r+0x1a72>
3418b94e:	3c02      	subs	r4, #2
3418b950:	e7b3      	b.n	3418b8ba <_vfprintf_r+0x19da>
3418b952:	9b0f      	ldr	r3, [sp, #60]	@ 0x3c
3418b954:	9a0d      	ldr	r2, [sp, #52]	@ 0x34
3418b956:	4293      	cmp	r3, r2
3418b958:	f300 811f 	bgt.w	3418bb9a <_vfprintf_r+0x1cba>
3418b95c:	9b02      	ldr	r3, [sp, #8]
3418b95e:	f013 0f01 	tst.w	r3, #1
3418b962:	9b0d      	ldr	r3, [sp, #52]	@ 0x34
3418b964:	f000 8174 	beq.w	3418bc50 <_vfprintf_r+0x1d70>
3418b968:	9a11      	ldr	r2, [sp, #68]	@ 0x44
3418b96a:	4413      	add	r3, r2
3418b96c:	930a      	str	r3, [sp, #40]	@ 0x28
3418b96e:	9b02      	ldr	r3, [sp, #8]
3418b970:	055e      	lsls	r6, r3, #21
3418b972:	d503      	bpl.n	3418b97c <_vfprintf_r+0x1a9c>
3418b974:	9b0d      	ldr	r3, [sp, #52]	@ 0x34
3418b976:	2b00      	cmp	r3, #0
3418b978:	f300 81c0 	bgt.w	3418bcfc <_vfprintf_r+0x1e1c>
3418b97c:	9b0a      	ldr	r3, [sp, #40]	@ 0x28
3418b97e:	2467      	movs	r4, #103	@ 0x67
3418b980:	ea23 73e3 	bic.w	r3, r3, r3, asr #31
3418b984:	9304      	str	r3, [sp, #16]
3418b986:	e5f4      	b.n	3418b572 <_vfprintf_r+0x1692>
3418b988:	aa26      	add	r2, sp, #152	@ 0x98
3418b98a:	9903      	ldr	r1, [sp, #12]
3418b98c:	4658      	mov	r0, fp
3418b98e:	f000 fec7 	bl	3418c720 <__sprint_r>
3418b992:	2800      	cmp	r0, #0
3418b994:	f47e abef 	bne.w	3418a176 <_vfprintf_r+0x296>
3418b998:	991b      	ldr	r1, [sp, #108]	@ 0x6c
3418b99a:	af29      	add	r7, sp, #164	@ 0xa4
3418b99c:	9a28      	ldr	r2, [sp, #160]	@ 0xa0
3418b99e:	f7ff b808 	b.w	3418a9b2 <_vfprintf_r+0xad2>
3418b9a2:	aa26      	add	r2, sp, #152	@ 0x98
3418b9a4:	9903      	ldr	r1, [sp, #12]
3418b9a6:	4658      	mov	r0, fp
3418b9a8:	f000 feba 	bl	3418c720 <__sprint_r>
3418b9ac:	2800      	cmp	r0, #0
3418b9ae:	f47e abe2 	bne.w	3418a176 <_vfprintf_r+0x296>
3418b9b2:	9a28      	ldr	r2, [sp, #160]	@ 0xa0
3418b9b4:	af29      	add	r7, sp, #164	@ 0xa4
3418b9b6:	f7ff b96e 	b.w	3418ac96 <_vfprintf_r+0xdb6>
3418b9ba:	aa26      	add	r2, sp, #152	@ 0x98
3418b9bc:	9903      	ldr	r1, [sp, #12]
3418b9be:	4658      	mov	r0, fp
3418b9c0:	f000 feae 	bl	3418c720 <__sprint_r>
3418b9c4:	2800      	cmp	r0, #0
3418b9c6:	f47e abd6 	bne.w	3418a176 <_vfprintf_r+0x296>
3418b9ca:	991b      	ldr	r1, [sp, #108]	@ 0x6c
3418b9cc:	af29      	add	r7, sp, #164	@ 0xa4
3418b9ce:	e9dd 3227 	ldrd	r3, r2, [sp, #156]	@ 0x9c
3418b9d2:	f7fe bfff 	b.w	3418a9d4 <_vfprintf_r+0xaf4>
3418b9d6:	aa26      	add	r2, sp, #152	@ 0x98
3418b9d8:	9903      	ldr	r1, [sp, #12]
3418b9da:	4658      	mov	r0, fp
3418b9dc:	930c      	str	r3, [sp, #48]	@ 0x30
3418b9de:	f000 fe9f 	bl	3418c720 <__sprint_r>
3418b9e2:	2800      	cmp	r0, #0
3418b9e4:	f47e abc7 	bne.w	3418a176 <_vfprintf_r+0x296>
3418b9e8:	f89a 0000 	ldrb.w	r0, [sl]
3418b9ec:	a929      	add	r1, sp, #164	@ 0xa4
3418b9ee:	9a28      	ldr	r2, [sp, #160]	@ 0xa0
3418b9f0:	9b0c      	ldr	r3, [sp, #48]	@ 0x30
3418b9f2:	e6b2      	b.n	3418b75a <_vfprintf_r+0x187a>
3418b9f4:	9b02      	ldr	r3, [sp, #8]
3418b9f6:	07dc      	lsls	r4, r3, #31
3418b9f8:	f57e ac48 	bpl.w	3418a28c <_vfprintf_r+0x3ac>
3418b9fc:	9b11      	ldr	r3, [sp, #68]	@ 0x44
3418b9fe:	9912      	ldr	r1, [sp, #72]	@ 0x48
3418ba00:	441a      	add	r2, r3
3418ba02:	e9c7 1300 	strd	r1, r3, [r7]
3418ba06:	9b27      	ldr	r3, [sp, #156]	@ 0x9c
3418ba08:	9228      	str	r2, [sp, #160]	@ 0xa0
3418ba0a:	3301      	adds	r3, #1
3418ba0c:	2b07      	cmp	r3, #7
3418ba0e:	9327      	str	r3, [sp, #156]	@ 0x9c
3418ba10:	dcd3      	bgt.n	3418b9ba <_vfprintf_r+0x1ada>
3418ba12:	3708      	adds	r7, #8
3418ba14:	f7fe bfe1 	b.w	3418a9da <_vfprintf_r+0xafa>
3418ba18:	aa26      	add	r2, sp, #152	@ 0x98
3418ba1a:	9903      	ldr	r1, [sp, #12]
3418ba1c:	4658      	mov	r0, fp
3418ba1e:	f000 fe7f 	bl	3418c720 <__sprint_r>
3418ba22:	2800      	cmp	r0, #0
3418ba24:	f47e aba7 	bne.w	3418a176 <_vfprintf_r+0x296>
3418ba28:	9c1b      	ldr	r4, [sp, #108]	@ 0x6c
3418ba2a:	af29      	add	r7, sp, #164	@ 0xa4
3418ba2c:	9a28      	ldr	r2, [sp, #160]	@ 0xa0
3418ba2e:	f7ff b955 	b.w	3418acdc <_vfprintf_r+0xdfc>
3418ba32:	9a14      	ldr	r2, [sp, #80]	@ 0x50
3418ba34:	9915      	ldr	r1, [sp, #84]	@ 0x54
3418ba36:	1aaf      	subs	r7, r5, r2
3418ba38:	4638      	mov	r0, r7
3418ba3a:	f000 ff9b 	bl	3418c974 <strncpy>
3418ba3e:	f89a 3001 	ldrb.w	r3, [sl, #1]
3418ba42:	b10b      	cbz	r3, 3418ba48 <_vfprintf_r+0x1b68>
3418ba44:	f10a 0a01 	add.w	sl, sl, #1
3418ba48:	eb16 0308 	adds.w	r3, r6, r8
3418ba4c:	4a2c      	ldr	r2, [pc, #176]	@ (3418bb00 <_vfprintf_r+0x1c20>)
3418ba4e:	f04f 31cc 	mov.w	r1, #3435973836	@ 0xcccccccc
3418ba52:	f04f 0c01 	mov.w	ip, #1
3418ba56:	f143 0300 	adc.w	r3, r3, #0
3418ba5a:	1e7d      	subs	r5, r7, #1
3418ba5c:	fba2 0e03 	umull	r0, lr, r2, r3
3418ba60:	f02e 0003 	bic.w	r0, lr, #3
3418ba64:	eb00 009e 	add.w	r0, r0, lr, lsr #2
3418ba68:	1a1b      	subs	r3, r3, r0
3418ba6a:	1af3      	subs	r3, r6, r3
3418ba6c:	f168 0800 	sbc.w	r8, r8, #0
3418ba70:	fb03 f101 	mul.w	r1, r3, r1
3418ba74:	fba3 3002 	umull	r3, r0, r3, r2
3418ba78:	fb02 1108 	mla	r1, r2, r8, r1
3418ba7c:	fa23 f30c 	lsr.w	r3, r3, ip
3418ba80:	4401      	add	r1, r0
3418ba82:	ea43 76c1 	orr.w	r6, r3, r1, lsl #31
3418ba86:	fa21 f80c 	lsr.w	r8, r1, ip
3418ba8a:	eb16 0308 	adds.w	r3, r6, r8
3418ba8e:	f143 0300 	adc.w	r3, r3, #0
3418ba92:	fba2 1003 	umull	r1, r0, r2, r3
3418ba96:	f020 0103 	bic.w	r1, r0, #3
3418ba9a:	eb01 0190 	add.w	r1, r1, r0, lsr #2
3418ba9e:	1a5b      	subs	r3, r3, r1
3418baa0:	1af3      	subs	r3, r6, r3
3418baa2:	fba3 3102 	umull	r3, r1, r3, r2
3418baa6:	f168 0000 	sbc.w	r0, r8, #0
3418baaa:	fa23 f30c 	lsr.w	r3, r3, ip
3418baae:	fb02 1200 	mla	r2, r2, r0, r1
3418bab2:	ea43 73c2 	orr.w	r3, r3, r2, lsl #31
3418bab6:	eb03 0383 	add.w	r3, r3, r3, lsl #2
3418baba:	eba6 0343 	sub.w	r3, r6, r3, lsl #1
3418babe:	3330      	adds	r3, #48	@ 0x30
3418bac0:	f807 3c01 	strb.w	r3, [r7, #-1]
3418bac4:	e451      	b.n	3418b36a <_vfprintf_r+0x148a>
3418bac6:	f89d 3067 	ldrb.w	r3, [sp, #103]	@ 0x67
3418baca:	f8cd 8024 	str.w	r8, [sp, #36]	@ 0x24
3418bace:	b113      	cbz	r3, 3418bad6 <_vfprintf_r+0x1bf6>
3418bad0:	9b04      	ldr	r3, [sp, #16]
3418bad2:	3301      	adds	r3, #1
3418bad4:	9304      	str	r3, [sp, #16]
3418bad6:	9a0c      	ldr	r2, [sp, #48]	@ 0x30
3418bad8:	46c2      	mov	sl, r8
3418bada:	f8cd 8040 	str.w	r8, [sp, #64]	@ 0x40
3418bade:	9202      	str	r2, [sp, #8]
3418bae0:	f8cd 8038 	str.w	r8, [sp, #56]	@ 0x38
3418bae4:	f7fe bb8b 	b.w	3418a1fe <_vfprintf_r+0x31e>
3418bae8:	f10a 0301 	add.w	r3, sl, #1
3418baec:	2102      	movs	r1, #2
3418baee:	930f      	str	r3, [sp, #60]	@ 0x3c
3418baf0:	e503      	b.n	3418b4fa <_vfprintf_r+0x161a>
3418baf2:	f8df 8014 	ldr.w	r8, [pc, #20]	@ 3418bb08 <_vfprintf_r+0x1c28>
3418baf6:	f7ff b858 	b.w	3418abaa <_vfprintf_r+0xcca>
3418bafa:	bf00      	nop
3418bafc:	3418fad4 	.word	0x3418fad4
3418bb00:	cccccccd 	.word	0xcccccccd
3418bb04:	3418fe3c 	.word	0x3418fe3c
3418bb08:	3418fe4c 	.word	0x3418fe4c
3418bb0c:	4615      	mov	r5, r2
3418bb0e:	f04f 0a00 	mov.w	sl, #0
3418bb12:	f7fe ba5f 	b.w	34189fd4 <_vfprintf_r+0xf4>
3418bb16:	aa26      	add	r2, sp, #152	@ 0x98
3418bb18:	9903      	ldr	r1, [sp, #12]
3418bb1a:	4658      	mov	r0, fp
3418bb1c:	f000 fe00 	bl	3418c720 <__sprint_r>
3418bb20:	2800      	cmp	r0, #0
3418bb22:	f47e ab28 	bne.w	3418a176 <_vfprintf_r+0x296>
3418bb26:	9c1b      	ldr	r4, [sp, #108]	@ 0x6c
3418bb28:	af29      	add	r7, sp, #164	@ 0xa4
3418bb2a:	9b0f      	ldr	r3, [sp, #60]	@ 0x3c
3418bb2c:	9a28      	ldr	r2, [sp, #160]	@ 0xa0
3418bb2e:	1b1c      	subs	r4, r3, r4
3418bb30:	f7ff b8ea 	b.w	3418ad08 <_vfprintf_r+0xe28>
3418bb34:	4db0      	ldr	r5, [pc, #704]	@ (3418bdf8 <_vfprintf_r+0x1f18>)
3418bb36:	e675      	b.n	3418b824 <_vfprintf_r+0x1944>
3418bb38:	2300      	movs	r3, #0
3418bb3a:	ad39      	add	r5, sp, #228	@ 0xe4
3418bb3c:	9309      	str	r3, [sp, #36]	@ 0x24
3418bb3e:	f7ff bb9a 	b.w	3418b276 <_vfprintf_r+0x1396>
3418bb42:	424c      	negs	r4, r1
3418bb44:	3110      	adds	r1, #16
3418bb46:	f8df 82b8 	ldr.w	r8, [pc, #696]	@ 3418be00 <_vfprintf_r+0x1f20>
3418bb4a:	da43      	bge.n	3418bbd4 <_vfprintf_r+0x1cf4>
3418bb4c:	2610      	movs	r6, #16
3418bb4e:	e002      	b.n	3418bb56 <_vfprintf_r+0x1c76>
3418bb50:	3c10      	subs	r4, #16
3418bb52:	2c10      	cmp	r4, #16
3418bb54:	dd3e      	ble.n	3418bbd4 <_vfprintf_r+0x1cf4>
3418bb56:	3301      	adds	r3, #1
3418bb58:	3210      	adds	r2, #16
3418bb5a:	2b07      	cmp	r3, #7
3418bb5c:	e9c7 8600 	strd	r8, r6, [r7]
3418bb60:	e9cd 3227 	strd	r3, r2, [sp, #156]	@ 0x9c
3418bb64:	f107 0708 	add.w	r7, r7, #8
3418bb68:	ddf2      	ble.n	3418bb50 <_vfprintf_r+0x1c70>
3418bb6a:	aa26      	add	r2, sp, #152	@ 0x98
3418bb6c:	9903      	ldr	r1, [sp, #12]
3418bb6e:	4658      	mov	r0, fp
3418bb70:	f000 fdd6 	bl	3418c720 <__sprint_r>
3418bb74:	2800      	cmp	r0, #0
3418bb76:	f47e aafe 	bne.w	3418a176 <_vfprintf_r+0x296>
3418bb7a:	af29      	add	r7, sp, #164	@ 0xa4
3418bb7c:	e9dd 3227 	ldrd	r3, r2, [sp, #156]	@ 0x9c
3418bb80:	e7e6      	b.n	3418bb50 <_vfprintf_r+0x1c70>
3418bb82:	469a      	mov	sl, r3
3418bb84:	9b04      	ldr	r3, [sp, #16]
3418bb86:	f8cd 802c 	str.w	r8, [sp, #44]	@ 0x2c
3418bb8a:	3301      	adds	r3, #1
3418bb8c:	f8cd a040 	str.w	sl, [sp, #64]	@ 0x40
3418bb90:	9304      	str	r3, [sp, #16]
3418bb92:	e9cd aa0d 	strd	sl, sl, [sp, #52]	@ 0x34
3418bb96:	f7fe bb32 	b.w	3418a1fe <_vfprintf_r+0x31e>
3418bb9a:	9b0f      	ldr	r3, [sp, #60]	@ 0x3c
3418bb9c:	9a11      	ldr	r2, [sp, #68]	@ 0x44
3418bb9e:	189a      	adds	r2, r3, r2
3418bba0:	9b0d      	ldr	r3, [sp, #52]	@ 0x34
3418bba2:	2b00      	cmp	r3, #0
3418bba4:	920a      	str	r2, [sp, #40]	@ 0x28
3418bba6:	dd4a      	ble.n	3418bc3e <_vfprintf_r+0x1d5e>
3418bba8:	2467      	movs	r4, #103	@ 0x67
3418bbaa:	e4da      	b.n	3418b562 <_vfprintf_r+0x1682>
3418bbac:	f8df 8254 	ldr.w	r8, [pc, #596]	@ 3418be04 <_vfprintf_r+0x1f24>
3418bbb0:	f7fe bfa7 	b.w	3418ab02 <_vfprintf_r+0xc22>
3418bbb4:	f8df 8248 	ldr.w	r8, [pc, #584]	@ 3418be00 <_vfprintf_r+0x1f20>
3418bbb8:	f7fe be84 	b.w	3418a8c4 <_vfprintf_r+0x9e4>
3418bbbc:	aa26      	add	r2, sp, #152	@ 0x98
3418bbbe:	9903      	ldr	r1, [sp, #12]
3418bbc0:	4658      	mov	r0, fp
3418bbc2:	f000 fdad 	bl	3418c720 <__sprint_r>
3418bbc6:	2800      	cmp	r0, #0
3418bbc8:	f47e aad5 	bne.w	3418a176 <_vfprintf_r+0x296>
3418bbcc:	9a28      	ldr	r2, [sp, #160]	@ 0xa0
3418bbce:	af29      	add	r7, sp, #164	@ 0xa4
3418bbd0:	f7ff b868 	b.w	3418aca4 <_vfprintf_r+0xdc4>
3418bbd4:	3301      	adds	r3, #1
3418bbd6:	4422      	add	r2, r4
3418bbd8:	f8c7 8000 	str.w	r8, [r7]
3418bbdc:	2b07      	cmp	r3, #7
3418bbde:	607c      	str	r4, [r7, #4]
3418bbe0:	e9cd 3227 	strd	r3, r2, [sp, #156]	@ 0x9c
3418bbe4:	f77f af15 	ble.w	3418ba12 <_vfprintf_r+0x1b32>
3418bbe8:	aa26      	add	r2, sp, #152	@ 0x98
3418bbea:	9903      	ldr	r1, [sp, #12]
3418bbec:	4658      	mov	r0, fp
3418bbee:	f000 fd97 	bl	3418c720 <__sprint_r>
3418bbf2:	2800      	cmp	r0, #0
3418bbf4:	f47e aabf 	bne.w	3418a176 <_vfprintf_r+0x296>
3418bbf8:	af29      	add	r7, sp, #164	@ 0xa4
3418bbfa:	e9dd 3227 	ldrd	r3, r2, [sp, #156]	@ 0x9c
3418bbfe:	f7fe beec 	b.w	3418a9da <_vfprintf_r+0xafa>
3418bc02:	46c2      	mov	sl, r8
3418bc04:	f89d 0067 	ldrb.w	r0, [sp, #103]	@ 0x67
3418bc08:	f7fe bc57 	b.w	3418a4ba <_vfprintf_r+0x5da>
3418bc0c:	9b02      	ldr	r3, [sp, #8]
3418bc0e:	07db      	lsls	r3, r3, #31
3418bc10:	f57f a981 	bpl.w	3418af16 <_vfprintf_r+0x1036>
3418bc14:	f7ff b97b 	b.w	3418af0e <_vfprintf_r+0x102e>
3418bc18:	9b03      	ldr	r3, [sp, #12]
3418bc1a:	2200      	movs	r2, #0
3418bc1c:	899b      	ldrh	r3, [r3, #12]
3418bc1e:	9209      	str	r2, [sp, #36]	@ 0x24
3418bc20:	f043 0340 	orr.w	r3, r3, #64	@ 0x40
3418bc24:	9a03      	ldr	r2, [sp, #12]
3418bc26:	8193      	strh	r3, [r2, #12]
3418bc28:	f7fe baa5 	b.w	3418a176 <_vfprintf_r+0x296>
3418bc2c:	2300      	movs	r3, #0
3418bc2e:	eeb1 0b48 	vneg.f64	d0, d8
3418bc32:	f04f 082d 	mov.w	r8, #45	@ 0x2d
3418bc36:	ad39      	add	r5, sp, #228	@ 0xe4
3418bc38:	9309      	str	r3, [sp, #36]	@ 0x24
3418bc3a:	f7ff b8ea 	b.w	3418ae12 <_vfprintf_r+0xf32>
3418bc3e:	f1c3 0301 	rsb	r3, r3, #1
3418bc42:	2467      	movs	r4, #103	@ 0x67
3418bc44:	441a      	add	r2, r3
3418bc46:	ea22 73e2 	bic.w	r3, r2, r2, asr #31
3418bc4a:	920a      	str	r2, [sp, #40]	@ 0x28
3418bc4c:	9304      	str	r3, [sp, #16]
3418bc4e:	e490      	b.n	3418b572 <_vfprintf_r+0x1692>
3418bc50:	930a      	str	r3, [sp, #40]	@ 0x28
3418bc52:	e68c      	b.n	3418b96e <_vfprintf_r+0x1a8e>
3418bc54:	f8cd 802c 	str.w	r8, [sp, #44]	@ 0x2c
3418bc58:	2b00      	cmp	r3, #0
3418bc5a:	f000 811a 	beq.w	3418be92 <_vfprintf_r+0x1fb2>
3418bc5e:	f10a 0301 	add.w	r3, sl, #1
3418bc62:	f8cd a028 	str.w	sl, [sp, #40]	@ 0x28
3418bc66:	2473      	movs	r4, #115	@ 0x73
3418bc68:	4682      	mov	sl, r0
3418bc6a:	9304      	str	r3, [sp, #16]
3418bc6c:	9010      	str	r0, [sp, #64]	@ 0x40
3418bc6e:	900e      	str	r0, [sp, #56]	@ 0x38
3418bc70:	f7fe bac5 	b.w	3418a1fe <_vfprintf_r+0x31e>
3418bc74:	9b02      	ldr	r3, [sp, #8]
3418bc76:	f023 0380 	bic.w	r3, r3, #128	@ 0x80
3418bc7a:	9302      	str	r3, [sp, #8]
3418bc7c:	ee18 3a90 	vmov	r3, s17
3418bc80:	f013 4300 	ands.w	r3, r3, #2147483648	@ 0x80000000
3418bc84:	930d      	str	r3, [sp, #52]	@ 0x34
3418bc86:	f000 80bf 	beq.w	3418be08 <_vfprintf_r+0x1f28>
3418bc8a:	232d      	movs	r3, #45	@ 0x2d
3418bc8c:	2203      	movs	r2, #3
3418bc8e:	2c47      	cmp	r4, #71	@ 0x47
3418bc90:	f88d 3067 	strb.w	r3, [sp, #103]	@ 0x67
3418bc94:	f04f 0300 	mov.w	r3, #0
3418bc98:	e9cd 3209 	strd	r3, r2, [sp, #36]	@ 0x24
3418bc9c:	f340 812e 	ble.w	3418befc <_vfprintf_r+0x201c>
3418bca0:	4d56      	ldr	r5, [pc, #344]	@ (3418bdfc <_vfprintf_r+0x1f1c>)
3418bca2:	e5bf      	b.n	3418b824 <_vfprintf_r+0x1944>
3418bca4:	eeb1 7b48 	vneg.f64	d7, d8
3418bca8:	f04f 082d 	mov.w	r8, #45	@ 0x2d
3418bcac:	e417      	b.n	3418b4de <_vfprintf_r+0x15fe>
3418bcae:	9f04      	ldr	r7, [sp, #16]
3418bcb0:	f8cd a028 	str.w	sl, [sp, #40]	@ 0x28
3418bcb4:	f7ff bacf 	b.w	3418b256 <_vfprintf_r+0x1376>
3418bcb8:	eeb5 7b40 	vcmp.f64	d7, #0.0
3418bcbc:	eef1 fa10 	vmrs	APSR_nzcv, fpscr
3418bcc0:	f040 813c 	bne.w	3418bf3c <_vfprintf_r+0x205c>
3418bcc4:	9b1b      	ldr	r3, [sp, #108]	@ 0x6c
3418bcc6:	4419      	add	r1, r3
3418bcc8:	930d      	str	r3, [sp, #52]	@ 0x34
3418bcca:	e439      	b.n	3418b540 <_vfprintf_r+0x1660>
3418bccc:	eeb5 7b40 	vcmp.f64	d7, #0.0
3418bcd0:	eef1 fa10 	vmrs	APSR_nzcv, fpscr
3418bcd4:	f040 815a 	bne.w	3418bf8c <_vfprintf_r+0x20ac>
3418bcd8:	9b1b      	ldr	r3, [sp, #108]	@ 0x6c
3418bcda:	2e47      	cmp	r6, #71	@ 0x47
3418bcdc:	930d      	str	r3, [sp, #52]	@ 0x34
3418bcde:	f47f adec 	bne.w	3418b8ba <_vfprintf_r+0x19da>
3418bce2:	e62f      	b.n	3418b944 <_vfprintf_r+0x1a64>
3418bce4:	2300      	movs	r3, #0
3418bce6:	2203      	movs	r2, #3
3418bce8:	e9cd 3209 	strd	r3, r2, [sp, #36]	@ 0x24
3418bcec:	2204      	movs	r2, #4
3418bcee:	469a      	mov	sl, r3
3418bcf0:	9310      	str	r3, [sp, #64]	@ 0x40
3418bcf2:	9204      	str	r2, [sp, #16]
3418bcf4:	e9cd 330d 	strd	r3, r3, [sp, #52]	@ 0x34
3418bcf8:	f7fe ba81 	b.w	3418a1fe <_vfprintf_r+0x31e>
3418bcfc:	2467      	movs	r4, #103	@ 0x67
3418bcfe:	9816      	ldr	r0, [sp, #88]	@ 0x58
3418bd00:	7803      	ldrb	r3, [r0, #0]
3418bd02:	2bff      	cmp	r3, #255	@ 0xff
3418bd04:	f000 816e 	beq.w	3418bfe4 <_vfprintf_r+0x2104>
3418bd08:	990d      	ldr	r1, [sp, #52]	@ 0x34
3418bd0a:	4299      	cmp	r1, r3
3418bd0c:	bfcc      	ite	gt
3418bd0e:	2200      	movgt	r2, #0
3418bd10:	2201      	movle	r2, #1
3418bd12:	2a00      	cmp	r2, #0
3418bd14:	f040 8166 	bne.w	3418bfe4 <_vfprintf_r+0x2104>
3418bd18:	4616      	mov	r6, r2
3418bd1a:	4694      	mov	ip, r2
3418bd1c:	e006      	b.n	3418bd2c <_vfprintf_r+0x1e4c>
3418bd1e:	3601      	adds	r6, #1
3418bd20:	3001      	adds	r0, #1
3418bd22:	2aff      	cmp	r2, #255	@ 0xff
3418bd24:	4613      	mov	r3, r2
3418bd26:	d00f      	beq.n	3418bd48 <_vfprintf_r+0x1e68>
3418bd28:	428a      	cmp	r2, r1
3418bd2a:	da0d      	bge.n	3418bd48 <_vfprintf_r+0x1e68>
3418bd2c:	7842      	ldrb	r2, [r0, #1]
3418bd2e:	1ac9      	subs	r1, r1, r3
3418bd30:	2a00      	cmp	r2, #0
3418bd32:	d1f4      	bne.n	3418bd1e <_vfprintf_r+0x1e3e>
3418bd34:	7802      	ldrb	r2, [r0, #0]
3418bd36:	f10c 0c01 	add.w	ip, ip, #1
3418bd3a:	e7f2      	b.n	3418bd22 <_vfprintf_r+0x1e42>
3418bd3c:	9b11      	ldr	r3, [sp, #68]	@ 0x44
3418bd3e:	2466      	movs	r4, #102	@ 0x66
3418bd40:	4453      	add	r3, sl
3418bd42:	4413      	add	r3, r2
3418bd44:	930a      	str	r3, [sp, #40]	@ 0x28
3418bd46:	e40c      	b.n	3418b562 <_vfprintf_r+0x1682>
3418bd48:	eb06 030c 	add.w	r3, r6, ip
3418bd4c:	9a14      	ldr	r2, [sp, #80]	@ 0x50
3418bd4e:	910d      	str	r1, [sp, #52]	@ 0x34
3418bd50:	fb02 f303 	mul.w	r3, r2, r3
3418bd54:	9016      	str	r0, [sp, #88]	@ 0x58
3418bd56:	960e      	str	r6, [sp, #56]	@ 0x38
3418bd58:	f8cd c040 	str.w	ip, [sp, #64]	@ 0x40
3418bd5c:	9a0a      	ldr	r2, [sp, #40]	@ 0x28
3418bd5e:	441a      	add	r2, r3
3418bd60:	ea22 73e2 	bic.w	r3, r2, r2, asr #31
3418bd64:	920a      	str	r2, [sp, #40]	@ 0x28
3418bd66:	9304      	str	r3, [sp, #16]
3418bd68:	f1b8 0f00 	cmp.w	r8, #0
3418bd6c:	d034      	beq.n	3418bdd8 <_vfprintf_r+0x1ef8>
3418bd6e:	9b04      	ldr	r3, [sp, #16]
3418bd70:	3301      	adds	r3, #1
3418bd72:	9304      	str	r3, [sp, #16]
3418bd74:	9b0c      	ldr	r3, [sp, #48]	@ 0x30
3418bd76:	9302      	str	r3, [sp, #8]
3418bd78:	232d      	movs	r3, #45	@ 0x2d
3418bd7a:	f88d 3067 	strb.w	r3, [sp, #103]	@ 0x67
3418bd7e:	2300      	movs	r3, #0
3418bd80:	469a      	mov	sl, r3
3418bd82:	9309      	str	r3, [sp, #36]	@ 0x24
3418bd84:	f7fe ba3b 	b.w	3418a1fe <_vfprintf_r+0x31e>
3418bd88:	2a00      	cmp	r2, #0
3418bd8a:	f6ff a89f 	blt.w	3418aecc <_vfprintf_r+0xfec>
3418bd8e:	185e      	adds	r6, r3, r1
3418bd90:	2030      	movs	r0, #48	@ 0x30
3418bd92:	4619      	mov	r1, r3
3418bd94:	f801 0b01 	strb.w	r0, [r1], #1
3418bd98:	428e      	cmp	r6, r1
3418bd9a:	d1fb      	bne.n	3418bd94 <_vfprintf_r+0x1eb4>
3418bd9c:	441a      	add	r2, r3
3418bd9e:	1c53      	adds	r3, r2, #1
3418bda0:	f7ff b894 	b.w	3418aecc <_vfprintf_r+0xfec>
3418bda4:	232d      	movs	r3, #45	@ 0x2d
3418bda6:	9a0d      	ldr	r2, [sp, #52]	@ 0x34
3418bda8:	f88d 3079 	strb.w	r3, [sp, #121]	@ 0x79
3418bdac:	f1c2 0301 	rsb	r3, r2, #1
3418bdb0:	3208      	adds	r2, #8
3418bdb2:	f6ff ad90 	blt.w	3418b8d6 <_vfprintf_r+0x19f6>
3418bdb6:	2230      	movs	r2, #48	@ 0x30
3418bdb8:	f88d 207a 	strb.w	r2, [sp, #122]	@ 0x7a
3418bdbc:	2200      	movs	r2, #0
3418bdbe:	9209      	str	r2, [sp, #36]	@ 0x24
3418bdc0:	f10d 027b 	add.w	r2, sp, #123	@ 0x7b
3418bdc4:	f7ff b896 	b.w	3418aef4 <_vfprintf_r+0x1014>
3418bdc8:	07d7      	lsls	r7, r2, #31
3418bdca:	f57e a9f4 	bpl.w	3418a1b6 <_vfprintf_r+0x2d6>
3418bdce:	f04f 33ff 	mov.w	r3, #4294967295	@ 0xffffffff
3418bdd2:	9307      	str	r3, [sp, #28]
3418bdd4:	f7fe b9e0 	b.w	3418a198 <_vfprintf_r+0x2b8>
3418bdd8:	f89d 3067 	ldrb.w	r3, [sp, #103]	@ 0x67
3418bddc:	f8cd 8024 	str.w	r8, [sp, #36]	@ 0x24
3418bde0:	2b00      	cmp	r3, #0
3418bde2:	f000 808d 	beq.w	3418bf00 <_vfprintf_r+0x2020>
3418bde6:	9b04      	ldr	r3, [sp, #16]
3418bde8:	46c2      	mov	sl, r8
3418bdea:	3301      	adds	r3, #1
3418bdec:	9304      	str	r3, [sp, #16]
3418bdee:	9b0c      	ldr	r3, [sp, #48]	@ 0x30
3418bdf0:	9302      	str	r3, [sp, #8]
3418bdf2:	f7fe ba04 	b.w	3418a1fe <_vfprintf_r+0x31e>
3418bdf6:	bf00      	nop
3418bdf8:	3418fad0 	.word	0x3418fad0
3418bdfc:	3418fadc 	.word	0x3418fadc
3418be00:	3418fe3c 	.word	0x3418fe3c
3418be04:	3418fe4c 	.word	0x3418fe4c
3418be08:	2c47      	cmp	r4, #71	@ 0x47
3418be0a:	f89d 3067 	ldrb.w	r3, [sp, #103]	@ 0x67
3418be0e:	bfcc      	ite	gt
3418be10:	4d79      	ldrgt	r5, [pc, #484]	@ (3418bff8 <_vfprintf_r+0x2118>)
3418be12:	4d7a      	ldrle	r5, [pc, #488]	@ (3418bffc <_vfprintf_r+0x211c>)
3418be14:	2b00      	cmp	r3, #0
3418be16:	f040 80c0 	bne.w	3418bf9a <_vfprintf_r+0x20ba>
3418be1a:	469a      	mov	sl, r3
3418be1c:	2303      	movs	r3, #3
3418be1e:	f8cd a040 	str.w	sl, [sp, #64]	@ 0x40
3418be22:	930a      	str	r3, [sp, #40]	@ 0x28
3418be24:	f8cd a038 	str.w	sl, [sp, #56]	@ 0x38
3418be28:	f8cd a024 	str.w	sl, [sp, #36]	@ 0x24
3418be2c:	9304      	str	r3, [sp, #16]
3418be2e:	f7fe b9e6 	b.w	3418a1fe <_vfprintf_r+0x31e>
3418be32:	f8cd a058 	str.w	sl, [sp, #88]	@ 0x58
3418be36:	460f      	mov	r7, r1
3418be38:	9d17      	ldr	r5, [sp, #92]	@ 0x5c
3418be3a:	46b2      	mov	sl, r6
3418be3c:	9b0a      	ldr	r3, [sp, #40]	@ 0x28
3418be3e:	459a      	cmp	sl, r3
3418be40:	bf28      	it	cs
3418be42:	469a      	movcs	sl, r3
3418be44:	f7fe bf35 	b.w	3418acb2 <_vfprintf_r+0xdd2>
3418be48:	232d      	movs	r3, #45	@ 0x2d
3418be4a:	f88d 3079 	strb.w	r3, [sp, #121]	@ 0x79
3418be4e:	f1c2 0301 	rsb	r3, r2, #1
3418be52:	3208      	adds	r2, #8
3418be54:	f6ff ad41 	blt.w	3418b8da <_vfprintf_r+0x19fa>
3418be58:	f7ff b84a 	b.w	3418aef0 <_vfprintf_r+0x1010>
3418be5c:	9b1b      	ldr	r3, [sp, #108]	@ 0x6c
3418be5e:	f8cd a03c 	str.w	sl, [sp, #60]	@ 0x3c
3418be62:	930d      	str	r3, [sp, #52]	@ 0x34
3418be64:	e56e      	b.n	3418b944 <_vfprintf_r+0x1a64>
3418be66:	4553      	cmp	r3, sl
3418be68:	db60      	blt.n	3418bf2c <_vfprintf_r+0x204c>
3418be6a:	eeb0 7b48 	vmov.f64	d7, d8
3418be6e:	f04f 0800 	mov.w	r8, #0
3418be72:	f04f 0a01 	mov.w	sl, #1
3418be76:	f7ff bb32 	b.w	3418b4de <_vfprintf_r+0x15fe>
3418be7a:	f8df 8184 	ldr.w	r8, [pc, #388]	@ 3418c000 <_vfprintf_r+0x2120>
3418be7e:	f7ff ba95 	b.w	3418b3ac <_vfprintf_r+0x14cc>
3418be82:	eeb1 7b48 	vneg.f64	d7, d8
3418be86:	f04f 082d 	mov.w	r8, #45	@ 0x2d
3418be8a:	f04f 0a06 	mov.w	sl, #6
3418be8e:	f7ff bb26 	b.w	3418b4de <_vfprintf_r+0x15fe>
3418be92:	9b09      	ldr	r3, [sp, #36]	@ 0x24
3418be94:	2473      	movs	r4, #115	@ 0x73
3418be96:	f8cd a028 	str.w	sl, [sp, #40]	@ 0x28
3418be9a:	f8cd a010 	str.w	sl, [sp, #16]
3418be9e:	469a      	mov	sl, r3
3418bea0:	9310      	str	r3, [sp, #64]	@ 0x40
3418bea2:	930e      	str	r3, [sp, #56]	@ 0x38
3418bea4:	f7fe b9ab 	b.w	3418a1fe <_vfprintf_r+0x31e>
3418bea8:	eeb1 0b48 	vneg.f64	d0, d8
3418beac:	f04f 082d 	mov.w	r8, #45	@ 0x2d
3418beb0:	9009      	str	r0, [sp, #36]	@ 0x24
3418beb2:	f7fe bfae 	b.w	3418ae12 <_vfprintf_r+0xf32>
3418beb6:	9b24      	ldr	r3, [sp, #144]	@ 0x90
3418beb8:	4299      	cmp	r1, r3
3418beba:	f63f acee 	bhi.w	3418b89a <_vfprintf_r+0x19ba>
3418bebe:	1b5b      	subs	r3, r3, r5
3418bec0:	920d      	str	r2, [sp, #52]	@ 0x34
3418bec2:	930f      	str	r3, [sp, #60]	@ 0x3c
3418bec4:	f7ff bb3e 	b.w	3418b544 <_vfprintf_r+0x1664>
3418bec8:	f8df c134 	ldr.w	ip, [pc, #308]	@ 3418c000 <_vfprintf_r+0x2120>
3418becc:	e481      	b.n	3418b7d2 <_vfprintf_r+0x18f2>
3418bece:	9a03      	ldr	r2, [sp, #12]
3418bed0:	6e53      	ldr	r3, [r2, #100]	@ 0x64
3418bed2:	07d8      	lsls	r0, r3, #31
3418bed4:	f53f af7b 	bmi.w	3418bdce <_vfprintf_r+0x1eee>
3418bed8:	8993      	ldrh	r3, [r2, #12]
3418beda:	0599      	lsls	r1, r3, #22
3418bedc:	f53f af77 	bmi.w	3418bdce <_vfprintf_r+0x1eee>
3418bee0:	6d90      	ldr	r0, [r2, #88]	@ 0x58
3418bee2:	f7fd fd3b 	bl	3418995c <__retarget_lock_release_recursive>
3418bee6:	e772      	b.n	3418bdce <_vfprintf_r+0x1eee>
3418bee8:	9b0b      	ldr	r3, [sp, #44]	@ 0x2c
3418beea:	786c      	ldrb	r4, [r5, #1]
3418beec:	4615      	mov	r5, r2
3418beee:	f853 ab04 	ldr.w	sl, [r3], #4
3418bef2:	ea4a 7aea 	orr.w	sl, sl, sl, asr #31
3418bef6:	930b      	str	r3, [sp, #44]	@ 0x2c
3418bef8:	f7fe b86b 	b.w	34189fd2 <_vfprintf_r+0xf2>
3418befc:	4d3f      	ldr	r5, [pc, #252]	@ (3418bffc <_vfprintf_r+0x211c>)
3418befe:	e491      	b.n	3418b824 <_vfprintf_r+0x1944>
3418bf00:	9b0c      	ldr	r3, [sp, #48]	@ 0x30
3418bf02:	46c2      	mov	sl, r8
3418bf04:	9302      	str	r3, [sp, #8]
3418bf06:	f7fe b97a 	b.w	3418a1fe <_vfprintf_r+0x31e>
3418bf0a:	b92b      	cbnz	r3, 3418bf18 <_vfprintf_r+0x2038>
3418bf0c:	2301      	movs	r3, #1
3418bf0e:	2466      	movs	r4, #102	@ 0x66
3418bf10:	9304      	str	r3, [sp, #16]
3418bf12:	930a      	str	r3, [sp, #40]	@ 0x28
3418bf14:	f7ff bb2d 	b.w	3418b572 <_vfprintf_r+0x1692>
3418bf18:	9b11      	ldr	r3, [sp, #68]	@ 0x44
3418bf1a:	2466      	movs	r4, #102	@ 0x66
3418bf1c:	3301      	adds	r3, #1
3418bf1e:	4453      	add	r3, sl
3418bf20:	930a      	str	r3, [sp, #40]	@ 0x28
3418bf22:	ea23 73e3 	bic.w	r3, r3, r3, asr #31
3418bf26:	9304      	str	r3, [sp, #16]
3418bf28:	f7ff bb23 	b.w	3418b572 <_vfprintf_r+0x1692>
3418bf2c:	eeb1 7b48 	vneg.f64	d7, d8
3418bf30:	f04f 082d 	mov.w	r8, #45	@ 0x2d
3418bf34:	f04f 0a01 	mov.w	sl, #1
3418bf38:	f7ff bad1 	b.w	3418b4de <_vfprintf_r+0x15fe>
3418bf3c:	9b0f      	ldr	r3, [sp, #60]	@ 0x3c
3418bf3e:	1c69      	adds	r1, r5, #1
3418bf40:	f1c3 0201 	rsb	r2, r3, #1
3418bf44:	9b24      	ldr	r3, [sp, #144]	@ 0x90
3418bf46:	4299      	cmp	r1, r3
3418bf48:	921b      	str	r2, [sp, #108]	@ 0x6c
3418bf4a:	f63f aca6 	bhi.w	3418b89a <_vfprintf_r+0x19ba>
3418bf4e:	e7b6      	b.n	3418bebe <_vfprintf_r+0x1fde>
3418bf50:	f8df 80ac 	ldr.w	r8, [pc, #172]	@ 3418c000 <_vfprintf_r+0x2120>
3418bf54:	f7ff bb9c 	b.w	3418b690 <_vfprintf_r+0x17b0>
3418bf58:	9803      	ldr	r0, [sp, #12]
3418bf5a:	f9b0 300c 	ldrsh.w	r3, [r0, #12]
3418bf5e:	6e42      	ldr	r2, [r0, #100]	@ 0x64
3418bf60:	f043 0140 	orr.w	r1, r3, #64	@ 0x40
3418bf64:	8181      	strh	r1, [r0, #12]
3418bf66:	07d1      	lsls	r1, r2, #31
3418bf68:	f53f af31 	bmi.w	3418bdce <_vfprintf_r+0x1eee>
3418bf6c:	0598      	lsls	r0, r3, #22
3418bf6e:	f53f af2e 	bmi.w	3418bdce <_vfprintf_r+0x1eee>
3418bf72:	f7fe b9d5 	b.w	3418a320 <_vfprintf_r+0x440>
3418bf76:	f8df 8088 	ldr.w	r8, [pc, #136]	@ 3418c000 <_vfprintf_r+0x2120>
3418bf7a:	f7ff ba5d 	b.w	3418b438 <_vfprintf_r+0x1558>
3418bf7e:	2302      	movs	r3, #2
3418bf80:	9313      	str	r3, [sp, #76]	@ 0x4c
3418bf82:	f7fe bfbd 	b.w	3418af00 <_vfprintf_r+0x1020>
3418bf86:	7a81      	ldrb	r1, [r0, #10]
3418bf88:	f7fe bf9e 	b.w	3418aec8 <_vfprintf_r+0xfe8>
3418bf8c:	9b24      	ldr	r3, [sp, #144]	@ 0x90
3418bf8e:	4299      	cmp	r1, r3
3418bf90:	f63f ac83 	bhi.w	3418b89a <_vfprintf_r+0x19ba>
3418bf94:	1b5b      	subs	r3, r3, r5
3418bf96:	930f      	str	r3, [sp, #60]	@ 0x3c
3418bf98:	e69e      	b.n	3418bcd8 <_vfprintf_r+0x1df8>
3418bf9a:	2303      	movs	r3, #3
3418bf9c:	f04f 0a00 	mov.w	sl, #0
3418bfa0:	930a      	str	r3, [sp, #40]	@ 0x28
3418bfa2:	2304      	movs	r3, #4
3418bfa4:	f8cd a040 	str.w	sl, [sp, #64]	@ 0x40
3418bfa8:	9304      	str	r3, [sp, #16]
3418bfaa:	f8cd a038 	str.w	sl, [sp, #56]	@ 0x38
3418bfae:	f8cd a024 	str.w	sl, [sp, #36]	@ 0x24
3418bfb2:	f7fe b924 	b.w	3418a1fe <_vfprintf_r+0x31e>
3418bfb6:	1a1b      	subs	r3, r3, r0
3418bfb8:	930f      	str	r3, [sp, #60]	@ 0x3c
3418bfba:	9b1b      	ldr	r3, [sp, #108]	@ 0x6c
3418bfbc:	930d      	str	r3, [sp, #52]	@ 0x34
3418bfbe:	e4c1      	b.n	3418b944 <_vfprintf_r+0x1a64>
3418bfc0:	930a      	str	r3, [sp, #40]	@ 0x28
3418bfc2:	e73b      	b.n	3418be3c <_vfprintf_r+0x1f5c>
3418bfc4:	9b0d      	ldr	r3, [sp, #52]	@ 0x34
3418bfc6:	9310      	str	r3, [sp, #64]	@ 0x40
3418bfc8:	930e      	str	r3, [sp, #56]	@ 0x38
3418bfca:	f7fe b918 	b.w	3418a1fe <_vfprintf_r+0x31e>
3418bfce:	9b03      	ldr	r3, [sp, #12]
3418bfd0:	899b      	ldrh	r3, [r3, #12]
3418bfd2:	f043 0340 	orr.w	r3, r3, #64	@ 0x40
3418bfd6:	e625      	b.n	3418bc24 <_vfprintf_r+0x1d44>
3418bfd8:	9b03      	ldr	r3, [sp, #12]
3418bfda:	9009      	str	r0, [sp, #36]	@ 0x24
3418bfdc:	899b      	ldrh	r3, [r3, #12]
3418bfde:	f043 0340 	orr.w	r3, r3, #64	@ 0x40
3418bfe2:	e61f      	b.n	3418bc24 <_vfprintf_r+0x1d44>
3418bfe4:	2300      	movs	r3, #0
3418bfe6:	9310      	str	r3, [sp, #64]	@ 0x40
3418bfe8:	930e      	str	r3, [sp, #56]	@ 0x38
3418bfea:	e6b7      	b.n	3418bd5c <_vfprintf_r+0x1e7c>
3418bfec:	4608      	mov	r0, r1
3418bfee:	f7fe bb21 	b.w	3418a634 <_vfprintf_r+0x754>
3418bff2:	4619      	mov	r1, r3
3418bff4:	f7fe bb7b 	b.w	3418a6ee <_vfprintf_r+0x80e>
3418bff8:	3418fadc 	.word	0x3418fadc
3418bffc:	3418fad8 	.word	0x3418fad8
3418c000:	3418fe3c 	.word	0x3418fe3c

3418c004 <__sbprintf>:
3418c004:	b5f0      	push	{r4, r5, r6, r7, lr}
3418c006:	460d      	mov	r5, r1
3418c008:	f2ad 4d74 	subw	sp, sp, #1140	@ 0x474
3418c00c:	4616      	mov	r6, r2
3418c00e:	8989      	ldrh	r1, [r1, #12]
3418c010:	6e6a      	ldr	r2, [r5, #100]	@ 0x64
3418c012:	4607      	mov	r7, r0
3418c014:	f021 0102 	bic.w	r1, r1, #2
3418c018:	a818      	add	r0, sp, #96	@ 0x60
3418c01a:	921b      	str	r2, [sp, #108]	@ 0x6c
3418c01c:	89ea      	ldrh	r2, [r5, #14]
3418c01e:	f8ad 1014 	strh.w	r1, [sp, #20]
3418c022:	a91c      	add	r1, sp, #112	@ 0x70
3418c024:	f8ad 2016 	strh.w	r2, [sp, #22]
3418c028:	69ea      	ldr	r2, [r5, #28]
3418c02a:	9102      	str	r1, [sp, #8]
3418c02c:	9209      	str	r2, [sp, #36]	@ 0x24
3418c02e:	6a6a      	ldr	r2, [r5, #36]	@ 0x24
3418c030:	9106      	str	r1, [sp, #24]
3418c032:	f44f 6180 	mov.w	r1, #1024	@ 0x400
3418c036:	920b      	str	r2, [sp, #44]	@ 0x2c
3418c038:	2200      	movs	r2, #0
3418c03a:	9301      	str	r3, [sp, #4]
3418c03c:	9104      	str	r1, [sp, #16]
3418c03e:	9107      	str	r1, [sp, #28]
3418c040:	9208      	str	r2, [sp, #32]
3418c042:	f7fd fc85 	bl	34189950 <__retarget_lock_init_recursive>
3418c046:	4632      	mov	r2, r6
3418c048:	9b01      	ldr	r3, [sp, #4]
3418c04a:	a902      	add	r1, sp, #8
3418c04c:	4638      	mov	r0, r7
3418c04e:	f7fd ff47 	bl	34189ee0 <_vfprintf_r>
3418c052:	1e06      	subs	r6, r0, #0
3418c054:	db07      	blt.n	3418c066 <__sbprintf+0x62>
3418c056:	a902      	add	r1, sp, #8
3418c058:	4638      	mov	r0, r7
3418c05a:	f7fd f96d 	bl	34189338 <_fflush_r>
3418c05e:	2800      	cmp	r0, #0
3418c060:	bf18      	it	ne
3418c062:	f04f 36ff 	movne.w	r6, #4294967295	@ 0xffffffff
3418c066:	f8bd 3014 	ldrh.w	r3, [sp, #20]
3418c06a:	065b      	lsls	r3, r3, #25
3418c06c:	d503      	bpl.n	3418c076 <__sbprintf+0x72>
3418c06e:	89ab      	ldrh	r3, [r5, #12]
3418c070:	f043 0340 	orr.w	r3, r3, #64	@ 0x40
3418c074:	81ab      	strh	r3, [r5, #12]
3418c076:	9818      	ldr	r0, [sp, #96]	@ 0x60
3418c078:	f7fd fc6c 	bl	34189954 <__retarget_lock_close_recursive>
3418c07c:	4630      	mov	r0, r6
3418c07e:	f20d 4d74 	addw	sp, sp, #1140	@ 0x474
3418c082:	bdf0      	pop	{r4, r5, r6, r7, pc}

3418c084 <__sfvwrite_r>:
3418c084:	6893      	ldr	r3, [r2, #8]
3418c086:	2b00      	cmp	r3, #0
3418c088:	f000 80b1 	beq.w	3418c1ee <__sfvwrite_r+0x16a>
3418c08c:	f9b1 c00c 	ldrsh.w	ip, [r1, #12]
3418c090:	f01c 0f08 	tst.w	ip, #8
3418c094:	e92d 4ff0 	stmdb	sp!, {r4, r5, r6, r7, r8, r9, sl, fp, lr}
3418c098:	460c      	mov	r4, r1
3418c09a:	b083      	sub	sp, #12
3418c09c:	4680      	mov	r8, r0
3418c09e:	4617      	mov	r7, r2
3418c0a0:	d026      	beq.n	3418c0f0 <__sfvwrite_r+0x6c>
3418c0a2:	690b      	ldr	r3, [r1, #16]
3418c0a4:	b323      	cbz	r3, 3418c0f0 <__sfvwrite_r+0x6c>
3418c0a6:	f01c 0302 	ands.w	r3, ip, #2
3418c0aa:	683e      	ldr	r6, [r7, #0]
3418c0ac:	d02c      	beq.n	3418c108 <__sfvwrite_r+0x84>
3418c0ae:	f04f 0a00 	mov.w	sl, #0
3418c0b2:	f8df b2c0 	ldr.w	fp, [pc, #704]	@ 3418c374 <__sfvwrite_r+0x2f0>
3418c0b6:	46b9      	mov	r9, r7
3418c0b8:	4655      	mov	r5, sl
3418c0ba:	455d      	cmp	r5, fp
3418c0bc:	462b      	mov	r3, r5
3418c0be:	4652      	mov	r2, sl
3418c0c0:	4640      	mov	r0, r8
3418c0c2:	bf28      	it	cs
3418c0c4:	465b      	movcs	r3, fp
3418c0c6:	2d00      	cmp	r5, #0
3418c0c8:	d07f      	beq.n	3418c1ca <__sfvwrite_r+0x146>
3418c0ca:	69e1      	ldr	r1, [r4, #28]
3418c0cc:	6a67      	ldr	r7, [r4, #36]	@ 0x24
3418c0ce:	47b8      	blx	r7
3418c0d0:	2800      	cmp	r0, #0
3418c0d2:	f340 8084 	ble.w	3418c1de <__sfvwrite_r+0x15a>
3418c0d6:	f8d9 3008 	ldr.w	r3, [r9, #8]
3418c0da:	4482      	add	sl, r0
3418c0dc:	1a2d      	subs	r5, r5, r0
3418c0de:	1a1b      	subs	r3, r3, r0
3418c0e0:	f8c9 3008 	str.w	r3, [r9, #8]
3418c0e4:	2b00      	cmp	r3, #0
3418c0e6:	d1e8      	bne.n	3418c0ba <__sfvwrite_r+0x36>
3418c0e8:	2000      	movs	r0, #0
3418c0ea:	b003      	add	sp, #12
3418c0ec:	e8bd 8ff0 	ldmia.w	sp!, {r4, r5, r6, r7, r8, r9, sl, fp, pc}
3418c0f0:	4621      	mov	r1, r4
3418c0f2:	4640      	mov	r0, r8
3418c0f4:	f000 fbd0 	bl	3418c898 <__swsetup_r>
3418c0f8:	2800      	cmp	r0, #0
3418c0fa:	d175      	bne.n	3418c1e8 <__sfvwrite_r+0x164>
3418c0fc:	f9b4 c00c 	ldrsh.w	ip, [r4, #12]
3418c100:	683e      	ldr	r6, [r7, #0]
3418c102:	f01c 0302 	ands.w	r3, ip, #2
3418c106:	d1d2      	bne.n	3418c0ae <__sfvwrite_r+0x2a>
3418c108:	f01c 0a01 	ands.w	sl, ip, #1
3418c10c:	d171      	bne.n	3418c1f2 <__sfvwrite_r+0x16e>
3418c10e:	6823      	ldr	r3, [r4, #0]
3418c110:	4655      	mov	r5, sl
3418c112:	9700      	str	r7, [sp, #0]
3418c114:	2d00      	cmp	r5, #0
3418c116:	d054      	beq.n	3418c1c2 <__sfvwrite_r+0x13e>
3418c118:	f41c 7f00 	tst.w	ip, #512	@ 0x200
3418c11c:	f8d4 9008 	ldr.w	r9, [r4, #8]
3418c120:	4618      	mov	r0, r3
3418c122:	f000 80ae 	beq.w	3418c282 <__sfvwrite_r+0x1fe>
3418c126:	45a9      	cmp	r9, r5
3418c128:	46cb      	mov	fp, r9
3418c12a:	f200 80e8 	bhi.w	3418c2fe <__sfvwrite_r+0x27a>
3418c12e:	f41c 6f90 	tst.w	ip, #1152	@ 0x480
3418c132:	d033      	beq.n	3418c19c <__sfvwrite_r+0x118>
3418c134:	6921      	ldr	r1, [r4, #16]
3418c136:	eba3 0901 	sub.w	r9, r3, r1
3418c13a:	6963      	ldr	r3, [r4, #20]
3418c13c:	eb13 0343 	adds.w	r3, r3, r3, lsl #1
3418c140:	bf48      	it	mi
3418c142:	3301      	addmi	r3, #1
3418c144:	ea4f 0b63 	mov.w	fp, r3, asr #1
3418c148:	f109 0301 	add.w	r3, r9, #1
3418c14c:	442b      	add	r3, r5
3418c14e:	465a      	mov	r2, fp
3418c150:	455b      	cmp	r3, fp
3418c152:	d901      	bls.n	3418c158 <__sfvwrite_r+0xd4>
3418c154:	469b      	mov	fp, r3
3418c156:	461a      	mov	r2, r3
3418c158:	f41c 6f80 	tst.w	ip, #1024	@ 0x400
3418c15c:	f000 80ee 	beq.w	3418c33c <__sfvwrite_r+0x2b8>
3418c160:	4611      	mov	r1, r2
3418c162:	4640      	mov	r0, r8
3418c164:	f7fc fcf2 	bl	34188b4c <_malloc_r>
3418c168:	2800      	cmp	r0, #0
3418c16a:	f000 80fc 	beq.w	3418c366 <__sfvwrite_r+0x2e2>
3418c16e:	464a      	mov	r2, r9
3418c170:	6921      	ldr	r1, [r4, #16]
3418c172:	9001      	str	r0, [sp, #4]
3418c174:	f7fd fbf4 	bl	34189960 <memcpy>
3418c178:	89a2      	ldrh	r2, [r4, #12]
3418c17a:	9b01      	ldr	r3, [sp, #4]
3418c17c:	f422 6290 	bic.w	r2, r2, #1152	@ 0x480
3418c180:	f042 0280 	orr.w	r2, r2, #128	@ 0x80
3418c184:	81a2      	strh	r2, [r4, #12]
3418c186:	eb03 0009 	add.w	r0, r3, r9
3418c18a:	6123      	str	r3, [r4, #16]
3418c18c:	f8c4 b014 	str.w	fp, [r4, #20]
3418c190:	ebab 0309 	sub.w	r3, fp, r9
3418c194:	46a9      	mov	r9, r5
3418c196:	46ab      	mov	fp, r5
3418c198:	60a3      	str	r3, [r4, #8]
3418c19a:	6020      	str	r0, [r4, #0]
3418c19c:	4651      	mov	r1, sl
3418c19e:	465a      	mov	r2, fp
3418c1a0:	f7fd fa58 	bl	34189654 <memmove>
3418c1a4:	68a2      	ldr	r2, [r4, #8]
3418c1a6:	9900      	ldr	r1, [sp, #0]
3418c1a8:	eba2 0209 	sub.w	r2, r2, r9
3418c1ac:	6823      	ldr	r3, [r4, #0]
3418c1ae:	60a2      	str	r2, [r4, #8]
3418c1b0:	445b      	add	r3, fp
3418c1b2:	688a      	ldr	r2, [r1, #8]
3418c1b4:	6023      	str	r3, [r4, #0]
3418c1b6:	1b52      	subs	r2, r2, r5
3418c1b8:	608a      	str	r2, [r1, #8]
3418c1ba:	2a00      	cmp	r2, #0
3418c1bc:	d094      	beq.n	3418c0e8 <__sfvwrite_r+0x64>
3418c1be:	f9b4 c00c 	ldrsh.w	ip, [r4, #12]
3418c1c2:	e9d6 a500 	ldrd	sl, r5, [r6]
3418c1c6:	3608      	adds	r6, #8
3418c1c8:	e7a4      	b.n	3418c114 <__sfvwrite_r+0x90>
3418c1ca:	e9d6 a500 	ldrd	sl, r5, [r6]
3418c1ce:	3608      	adds	r6, #8
3418c1d0:	e773      	b.n	3418c0ba <__sfvwrite_r+0x36>
3418c1d2:	4621      	mov	r1, r4
3418c1d4:	4640      	mov	r0, r8
3418c1d6:	f7fd f8af 	bl	34189338 <_fflush_r>
3418c1da:	2800      	cmp	r0, #0
3418c1dc:	d02e      	beq.n	3418c23c <__sfvwrite_r+0x1b8>
3418c1de:	f9b4 300c 	ldrsh.w	r3, [r4, #12]
3418c1e2:	f043 0340 	orr.w	r3, r3, #64	@ 0x40
3418c1e6:	81a3      	strh	r3, [r4, #12]
3418c1e8:	f04f 30ff 	mov.w	r0, #4294967295	@ 0xffffffff
3418c1ec:	e77d      	b.n	3418c0ea <__sfvwrite_r+0x66>
3418c1ee:	2000      	movs	r0, #0
3418c1f0:	4770      	bx	lr
3418c1f2:	461d      	mov	r5, r3
3418c1f4:	469a      	mov	sl, r3
3418c1f6:	4618      	mov	r0, r3
3418c1f8:	46b9      	mov	r9, r7
3418c1fa:	9300      	str	r3, [sp, #0]
3418c1fc:	2d00      	cmp	r5, #0
3418c1fe:	d02d      	beq.n	3418c25c <__sfvwrite_r+0x1d8>
3418c200:	2800      	cmp	r0, #0
3418c202:	d032      	beq.n	3418c26a <__sfvwrite_r+0x1e6>
3418c204:	4652      	mov	r2, sl
3418c206:	68a1      	ldr	r1, [r4, #8]
3418c208:	42aa      	cmp	r2, r5
3418c20a:	6963      	ldr	r3, [r4, #20]
3418c20c:	6820      	ldr	r0, [r4, #0]
3418c20e:	bf28      	it	cs
3418c210:	462a      	movcs	r2, r5
3418c212:	eb03 0b01 	add.w	fp, r3, r1
3418c216:	6921      	ldr	r1, [r4, #16]
3418c218:	4288      	cmp	r0, r1
3418c21a:	d901      	bls.n	3418c220 <__sfvwrite_r+0x19c>
3418c21c:	455a      	cmp	r2, fp
3418c21e:	dc7e      	bgt.n	3418c31e <__sfvwrite_r+0x29a>
3418c220:	4293      	cmp	r3, r2
3418c222:	dc6f      	bgt.n	3418c304 <__sfvwrite_r+0x280>
3418c224:	9a00      	ldr	r2, [sp, #0]
3418c226:	4640      	mov	r0, r8
3418c228:	69e1      	ldr	r1, [r4, #28]
3418c22a:	6a67      	ldr	r7, [r4, #36]	@ 0x24
3418c22c:	47b8      	blx	r7
3418c22e:	f1b0 0b00 	subs.w	fp, r0, #0
3418c232:	ddd4      	ble.n	3418c1de <__sfvwrite_r+0x15a>
3418c234:	ebba 0a0b 	subs.w	sl, sl, fp
3418c238:	d0cb      	beq.n	3418c1d2 <__sfvwrite_r+0x14e>
3418c23a:	2001      	movs	r0, #1
3418c23c:	f8d9 3008 	ldr.w	r3, [r9, #8]
3418c240:	eba3 030b 	sub.w	r3, r3, fp
3418c244:	f8c9 3008 	str.w	r3, [r9, #8]
3418c248:	2b00      	cmp	r3, #0
3418c24a:	f43f af4d 	beq.w	3418c0e8 <__sfvwrite_r+0x64>
3418c24e:	9b00      	ldr	r3, [sp, #0]
3418c250:	eba5 050b 	sub.w	r5, r5, fp
3418c254:	445b      	add	r3, fp
3418c256:	9300      	str	r3, [sp, #0]
3418c258:	2d00      	cmp	r5, #0
3418c25a:	d1d1      	bne.n	3418c200 <__sfvwrite_r+0x17c>
3418c25c:	6875      	ldr	r5, [r6, #4]
3418c25e:	4633      	mov	r3, r6
3418c260:	3608      	adds	r6, #8
3418c262:	2d00      	cmp	r5, #0
3418c264:	d0fa      	beq.n	3418c25c <__sfvwrite_r+0x1d8>
3418c266:	681b      	ldr	r3, [r3, #0]
3418c268:	9300      	str	r3, [sp, #0]
3418c26a:	9f00      	ldr	r7, [sp, #0]
3418c26c:	462a      	mov	r2, r5
3418c26e:	210a      	movs	r1, #10
3418c270:	4638      	mov	r0, r7
3418c272:	f000 fc0d 	bl	3418ca90 <memchr>
3418c276:	2800      	cmp	r0, #0
3418c278:	d072      	beq.n	3418c360 <__sfvwrite_r+0x2dc>
3418c27a:	3001      	adds	r0, #1
3418c27c:	eba0 0a07 	sub.w	sl, r0, r7
3418c280:	e7c0      	b.n	3418c204 <__sfvwrite_r+0x180>
3418c282:	6922      	ldr	r2, [r4, #16]
3418c284:	429a      	cmp	r2, r3
3418c286:	d322      	bcc.n	3418c2ce <__sfvwrite_r+0x24a>
3418c288:	6962      	ldr	r2, [r4, #20]
3418c28a:	42aa      	cmp	r2, r5
3418c28c:	d81f      	bhi.n	3418c2ce <__sfvwrite_r+0x24a>
3418c28e:	f06f 4300 	mvn.w	r3, #2147483648	@ 0x80000000
3418c292:	69e1      	ldr	r1, [r4, #28]
3418c294:	4640      	mov	r0, r8
3418c296:	6a67      	ldr	r7, [r4, #36]	@ 0x24
3418c298:	42ab      	cmp	r3, r5
3418c29a:	bf28      	it	cs
3418c29c:	462b      	movcs	r3, r5
3418c29e:	fb93 f3f2 	sdiv	r3, r3, r2
3418c2a2:	fb02 f303 	mul.w	r3, r2, r3
3418c2a6:	4652      	mov	r2, sl
3418c2a8:	47b8      	blx	r7
3418c2aa:	f1b0 0900 	subs.w	r9, r0, #0
3418c2ae:	dd96      	ble.n	3418c1de <__sfvwrite_r+0x15a>
3418c2b0:	9a00      	ldr	r2, [sp, #0]
3418c2b2:	eba5 0509 	sub.w	r5, r5, r9
3418c2b6:	6893      	ldr	r3, [r2, #8]
3418c2b8:	eba3 0309 	sub.w	r3, r3, r9
3418c2bc:	6093      	str	r3, [r2, #8]
3418c2be:	2b00      	cmp	r3, #0
3418c2c0:	f43f af12 	beq.w	3418c0e8 <__sfvwrite_r+0x64>
3418c2c4:	44ca      	add	sl, r9
3418c2c6:	f9b4 c00c 	ldrsh.w	ip, [r4, #12]
3418c2ca:	6823      	ldr	r3, [r4, #0]
3418c2cc:	e722      	b.n	3418c114 <__sfvwrite_r+0x90>
3418c2ce:	45a9      	cmp	r9, r5
3418c2d0:	4618      	mov	r0, r3
3418c2d2:	4651      	mov	r1, sl
3418c2d4:	bf28      	it	cs
3418c2d6:	46a9      	movcs	r9, r5
3418c2d8:	464a      	mov	r2, r9
3418c2da:	f7fd f9bb 	bl	34189654 <memmove>
3418c2de:	68a2      	ldr	r2, [r4, #8]
3418c2e0:	6823      	ldr	r3, [r4, #0]
3418c2e2:	eba2 0209 	sub.w	r2, r2, r9
3418c2e6:	444b      	add	r3, r9
3418c2e8:	60a2      	str	r2, [r4, #8]
3418c2ea:	6023      	str	r3, [r4, #0]
3418c2ec:	2a00      	cmp	r2, #0
3418c2ee:	d1df      	bne.n	3418c2b0 <__sfvwrite_r+0x22c>
3418c2f0:	4621      	mov	r1, r4
3418c2f2:	4640      	mov	r0, r8
3418c2f4:	f7fd f820 	bl	34189338 <_fflush_r>
3418c2f8:	2800      	cmp	r0, #0
3418c2fa:	d0d9      	beq.n	3418c2b0 <__sfvwrite_r+0x22c>
3418c2fc:	e76f      	b.n	3418c1de <__sfvwrite_r+0x15a>
3418c2fe:	46a9      	mov	r9, r5
3418c300:	46ab      	mov	fp, r5
3418c302:	e74b      	b.n	3418c19c <__sfvwrite_r+0x118>
3418c304:	9900      	ldr	r1, [sp, #0]
3418c306:	9201      	str	r2, [sp, #4]
3418c308:	f7fd f9a4 	bl	34189654 <memmove>
3418c30c:	9a01      	ldr	r2, [sp, #4]
3418c30e:	68a3      	ldr	r3, [r4, #8]
3418c310:	4693      	mov	fp, r2
3418c312:	1a9b      	subs	r3, r3, r2
3418c314:	60a3      	str	r3, [r4, #8]
3418c316:	6823      	ldr	r3, [r4, #0]
3418c318:	4413      	add	r3, r2
3418c31a:	6023      	str	r3, [r4, #0]
3418c31c:	e78a      	b.n	3418c234 <__sfvwrite_r+0x1b0>
3418c31e:	9900      	ldr	r1, [sp, #0]
3418c320:	465a      	mov	r2, fp
3418c322:	f7fd f997 	bl	34189654 <memmove>
3418c326:	6823      	ldr	r3, [r4, #0]
3418c328:	4621      	mov	r1, r4
3418c32a:	4640      	mov	r0, r8
3418c32c:	445b      	add	r3, fp
3418c32e:	6023      	str	r3, [r4, #0]
3418c330:	f7fd f802 	bl	34189338 <_fflush_r>
3418c334:	2800      	cmp	r0, #0
3418c336:	f43f af7d 	beq.w	3418c234 <__sfvwrite_r+0x1b0>
3418c33a:	e750      	b.n	3418c1de <__sfvwrite_r+0x15a>
3418c33c:	4640      	mov	r0, r8
3418c33e:	f000 f83d 	bl	3418c3bc <_realloc_r>
3418c342:	4603      	mov	r3, r0
3418c344:	2800      	cmp	r0, #0
3418c346:	f47f af1e 	bne.w	3418c186 <__sfvwrite_r+0x102>
3418c34a:	6921      	ldr	r1, [r4, #16]
3418c34c:	4640      	mov	r0, r8
3418c34e:	f7fd fcc3 	bl	34189cd8 <_free_r>
3418c352:	89a3      	ldrh	r3, [r4, #12]
3418c354:	220c      	movs	r2, #12
3418c356:	f023 0380 	bic.w	r3, r3, #128	@ 0x80
3418c35a:	f8c8 2000 	str.w	r2, [r8]
3418c35e:	e740      	b.n	3418c1e2 <__sfvwrite_r+0x15e>
3418c360:	1c6a      	adds	r2, r5, #1
3418c362:	4692      	mov	sl, r2
3418c364:	e74f      	b.n	3418c206 <__sfvwrite_r+0x182>
3418c366:	220c      	movs	r2, #12
3418c368:	f9b4 300c 	ldrsh.w	r3, [r4, #12]
3418c36c:	f8c8 2000 	str.w	r2, [r8]
3418c370:	e737      	b.n	3418c1e2 <__sfvwrite_r+0x15e>
3418c372:	bf00      	nop
3418c374:	7ffffc00 	.word	0x7ffffc00

3418c378 <_fwalk_sglue>:
3418c378:	e92d 43f8 	stmdb	sp!, {r3, r4, r5, r6, r7, r8, r9, lr}
3418c37c:	4607      	mov	r7, r0
3418c37e:	4688      	mov	r8, r1
3418c380:	f04f 0900 	mov.w	r9, #0
3418c384:	4616      	mov	r6, r2
3418c386:	6875      	ldr	r5, [r6, #4]
3418c388:	3d01      	subs	r5, #1
3418c38a:	d410      	bmi.n	3418c3ae <_fwalk_sglue+0x36>
3418c38c:	68b4      	ldr	r4, [r6, #8]
3418c38e:	89a3      	ldrh	r3, [r4, #12]
3418c390:	2b01      	cmp	r3, #1
3418c392:	d908      	bls.n	3418c3a6 <_fwalk_sglue+0x2e>
3418c394:	f9b4 300e 	ldrsh.w	r3, [r4, #14]
3418c398:	4621      	mov	r1, r4
3418c39a:	4638      	mov	r0, r7
3418c39c:	3301      	adds	r3, #1
3418c39e:	d002      	beq.n	3418c3a6 <_fwalk_sglue+0x2e>
3418c3a0:	47c0      	blx	r8
3418c3a2:	ea49 0900 	orr.w	r9, r9, r0
3418c3a6:	3d01      	subs	r5, #1
3418c3a8:	3468      	adds	r4, #104	@ 0x68
3418c3aa:	1c6b      	adds	r3, r5, #1
3418c3ac:	d1ef      	bne.n	3418c38e <_fwalk_sglue+0x16>
3418c3ae:	6836      	ldr	r6, [r6, #0]
3418c3b0:	2e00      	cmp	r6, #0
3418c3b2:	d1e8      	bne.n	3418c386 <_fwalk_sglue+0xe>
3418c3b4:	4648      	mov	r0, r9
3418c3b6:	e8bd 83f8 	ldmia.w	sp!, {r3, r4, r5, r6, r7, r8, r9, pc}
3418c3ba:	bf00      	nop

3418c3bc <_realloc_r>:
3418c3bc:	2900      	cmp	r1, #0
3418c3be:	f000 809d 	beq.w	3418c4fc <_realloc_r+0x140>
3418c3c2:	e92d 47f0 	stmdb	sp!, {r4, r5, r6, r7, r8, r9, sl, lr}
3418c3c6:	4617      	mov	r7, r2
3418c3c8:	b082      	sub	sp, #8
3418c3ca:	460c      	mov	r4, r1
3418c3cc:	4680      	mov	r8, r0
3418c3ce:	f7fc fe91 	bl	341890f4 <__malloc_lock>
3418c3d2:	f107 030b 	add.w	r3, r7, #11
3418c3d6:	2b16      	cmp	r3, #22
3418c3d8:	d867      	bhi.n	3418c4aa <_realloc_r+0xee>
3418c3da:	f04f 0c10 	mov.w	ip, #16
3418c3de:	2200      	movs	r2, #0
3418c3e0:	4663      	mov	r3, ip
3418c3e2:	42bb      	cmp	r3, r7
3418c3e4:	f0c0 809c 	bcc.w	3418c520 <_realloc_r+0x164>
3418c3e8:	2a00      	cmp	r2, #0
3418c3ea:	f040 8099 	bne.w	3418c520 <_realloc_r+0x164>
3418c3ee:	f854 1c04 	ldr.w	r1, [r4, #-4]
3418c3f2:	f1a4 0508 	sub.w	r5, r4, #8
3418c3f6:	f021 0203 	bic.w	r2, r1, #3
3418c3fa:	4562      	cmp	r2, ip
3418c3fc:	da5f      	bge.n	3418c4be <_realloc_r+0x102>
3418c3fe:	48bb      	ldr	r0, [pc, #748]	@ (3418c6ec <_realloc_r+0x330>)
3418c400:	eb05 0e02 	add.w	lr, r5, r2
3418c404:	6880      	ldr	r0, [r0, #8]
3418c406:	f8de 6004 	ldr.w	r6, [lr, #4]
3418c40a:	4570      	cmp	r0, lr
3418c40c:	f000 8090 	beq.w	3418c530 <_realloc_r+0x174>
3418c410:	f026 0001 	bic.w	r0, r6, #1
3418c414:	4470      	add	r0, lr
3418c416:	6840      	ldr	r0, [r0, #4]
3418c418:	07c0      	lsls	r0, r0, #31
3418c41a:	d465      	bmi.n	3418c4e8 <_realloc_r+0x12c>
3418c41c:	f026 0603 	bic.w	r6, r6, #3
3418c420:	1990      	adds	r0, r2, r6
3418c422:	4560      	cmp	r0, ip
3418c424:	da46      	bge.n	3418c4b4 <_realloc_r+0xf8>
3418c426:	07c9      	lsls	r1, r1, #31
3418c428:	d40f      	bmi.n	3418c44a <_realloc_r+0x8e>
3418c42a:	f854 0c08 	ldr.w	r0, [r4, #-8]
3418c42e:	1a29      	subs	r1, r5, r0
3418c430:	6848      	ldr	r0, [r1, #4]
3418c432:	4689      	mov	r9, r1
3418c434:	f020 0003 	bic.w	r0, r0, #3
3418c438:	4406      	add	r6, r0
3418c43a:	4416      	add	r6, r2
3418c43c:	45b4      	cmp	ip, r6
3418c43e:	f340 80fa 	ble.w	3418c636 <_realloc_r+0x27a>
3418c442:	1816      	adds	r6, r2, r0
3418c444:	45b4      	cmp	ip, r6
3418c446:	f340 80d1 	ble.w	3418c5ec <_realloc_r+0x230>
3418c44a:	4639      	mov	r1, r7
3418c44c:	4640      	mov	r0, r8
3418c44e:	e9cd 3200 	strd	r3, r2, [sp]
3418c452:	f7fc fb7b 	bl	34188b4c <_malloc_r>
3418c456:	4606      	mov	r6, r0
3418c458:	e9dd 3200 	ldrd	r3, r2, [sp]
3418c45c:	2800      	cmp	r0, #0
3418c45e:	f000 8123 	beq.w	3418c6a8 <_realloc_r+0x2ec>
3418c462:	f854 1c04 	ldr.w	r1, [r4, #-4]
3418c466:	f1a0 0c08 	sub.w	ip, r0, #8
3418c46a:	f021 0101 	bic.w	r1, r1, #1
3418c46e:	4429      	add	r1, r5
3418c470:	4561      	cmp	r1, ip
3418c472:	f000 80aa 	beq.w	3418c5ca <_realloc_r+0x20e>
3418c476:	3a04      	subs	r2, #4
3418c478:	2a24      	cmp	r2, #36	@ 0x24
3418c47a:	f200 80d8 	bhi.w	3418c62e <_realloc_r+0x272>
3418c47e:	2a13      	cmp	r2, #19
3418c480:	f200 80a9 	bhi.w	3418c5d6 <_realloc_r+0x21a>
3418c484:	4603      	mov	r3, r0
3418c486:	4622      	mov	r2, r4
3418c488:	6811      	ldr	r1, [r2, #0]
3418c48a:	6019      	str	r1, [r3, #0]
3418c48c:	6851      	ldr	r1, [r2, #4]
3418c48e:	6059      	str	r1, [r3, #4]
3418c490:	6892      	ldr	r2, [r2, #8]
3418c492:	609a      	str	r2, [r3, #8]
3418c494:	4621      	mov	r1, r4
3418c496:	4640      	mov	r0, r8
3418c498:	f7fd fc1e 	bl	34189cd8 <_free_r>
3418c49c:	4640      	mov	r0, r8
3418c49e:	f7fc fe2f 	bl	34189100 <__malloc_unlock>
3418c4a2:	4630      	mov	r0, r6
3418c4a4:	b002      	add	sp, #8
3418c4a6:	e8bd 87f0 	ldmia.w	sp!, {r4, r5, r6, r7, r8, r9, sl, pc}
3418c4aa:	f023 0307 	bic.w	r3, r3, #7
3418c4ae:	469c      	mov	ip, r3
3418c4b0:	0fda      	lsrs	r2, r3, #31
3418c4b2:	e796      	b.n	3418c3e2 <_realloc_r+0x26>
3418c4b4:	4602      	mov	r2, r0
3418c4b6:	e9de 0102 	ldrd	r0, r1, [lr, #8]
3418c4ba:	60c1      	str	r1, [r0, #12]
3418c4bc:	6088      	str	r0, [r1, #8]
3418c4be:	1ad6      	subs	r6, r2, r3
3418c4c0:	6869      	ldr	r1, [r5, #4]
3418c4c2:	18a8      	adds	r0, r5, r2
3418c4c4:	2e0f      	cmp	r6, #15
3418c4c6:	f001 0101 	and.w	r1, r1, #1
3418c4ca:	d81a      	bhi.n	3418c502 <_realloc_r+0x146>
3418c4cc:	4311      	orrs	r1, r2
3418c4ce:	6069      	str	r1, [r5, #4]
3418c4d0:	6843      	ldr	r3, [r0, #4]
3418c4d2:	f043 0301 	orr.w	r3, r3, #1
3418c4d6:	6043      	str	r3, [r0, #4]
3418c4d8:	4626      	mov	r6, r4
3418c4da:	4640      	mov	r0, r8
3418c4dc:	f7fc fe10 	bl	34189100 <__malloc_unlock>
3418c4e0:	4630      	mov	r0, r6
3418c4e2:	b002      	add	sp, #8
3418c4e4:	e8bd 87f0 	ldmia.w	sp!, {r4, r5, r6, r7, r8, r9, sl, pc}
3418c4e8:	07ce      	lsls	r6, r1, #31
3418c4ea:	d4ae      	bmi.n	3418c44a <_realloc_r+0x8e>
3418c4ec:	f854 0c08 	ldr.w	r0, [r4, #-8]
3418c4f0:	1a29      	subs	r1, r5, r0
3418c4f2:	6848      	ldr	r0, [r1, #4]
3418c4f4:	4689      	mov	r9, r1
3418c4f6:	f020 0003 	bic.w	r0, r0, #3
3418c4fa:	e7a2      	b.n	3418c442 <_realloc_r+0x86>
3418c4fc:	4611      	mov	r1, r2
3418c4fe:	f7fc bb25 	b.w	34188b4c <_malloc_r>
3418c502:	4319      	orrs	r1, r3
3418c504:	f046 0601 	orr.w	r6, r6, #1
3418c508:	6069      	str	r1, [r5, #4]
3418c50a:	18e9      	adds	r1, r5, r3
3418c50c:	604e      	str	r6, [r1, #4]
3418c50e:	3108      	adds	r1, #8
3418c510:	6843      	ldr	r3, [r0, #4]
3418c512:	f043 0301 	orr.w	r3, r3, #1
3418c516:	6043      	str	r3, [r0, #4]
3418c518:	4640      	mov	r0, r8
3418c51a:	f7fd fbdd 	bl	34189cd8 <_free_r>
3418c51e:	e7db      	b.n	3418c4d8 <_realloc_r+0x11c>
3418c520:	230c      	movs	r3, #12
3418c522:	f8c8 3000 	str.w	r3, [r8]
3418c526:	2600      	movs	r6, #0
3418c528:	4630      	mov	r0, r6
3418c52a:	b002      	add	sp, #8
3418c52c:	e8bd 87f0 	ldmia.w	sp!, {r4, r5, r6, r7, r8, r9, sl, pc}
3418c530:	f026 0e03 	bic.w	lr, r6, #3
3418c534:	f103 0610 	add.w	r6, r3, #16
3418c538:	eb0e 0002 	add.w	r0, lr, r2
3418c53c:	42b0      	cmp	r0, r6
3418c53e:	f280 8094 	bge.w	3418c66a <_realloc_r+0x2ae>
3418c542:	07c8      	lsls	r0, r1, #31
3418c544:	d481      	bmi.n	3418c44a <_realloc_r+0x8e>
3418c546:	f854 0c08 	ldr.w	r0, [r4, #-8]
3418c54a:	1a29      	subs	r1, r5, r0
3418c54c:	6848      	ldr	r0, [r1, #4]
3418c54e:	4689      	mov	r9, r1
3418c550:	f020 0003 	bic.w	r0, r0, #3
3418c554:	4486      	add	lr, r0
3418c556:	eb0e 0102 	add.w	r1, lr, r2
3418c55a:	428e      	cmp	r6, r1
3418c55c:	468a      	mov	sl, r1
3418c55e:	f73f af70 	bgt.w	3418c442 <_realloc_r+0x86>
3418c562:	3a04      	subs	r2, #4
3418c564:	464e      	mov	r6, r9
3418c566:	f8d9 100c 	ldr.w	r1, [r9, #12]
3418c56a:	f856 0f08 	ldr.w	r0, [r6, #8]!
3418c56e:	2a24      	cmp	r2, #36	@ 0x24
3418c570:	60c1      	str	r1, [r0, #12]
3418c572:	6088      	str	r0, [r1, #8]
3418c574:	f200 80b2 	bhi.w	3418c6dc <_realloc_r+0x320>
3418c578:	2a13      	cmp	r2, #19
3418c57a:	f240 80ad 	bls.w	3418c6d8 <_realloc_r+0x31c>
3418c57e:	6821      	ldr	r1, [r4, #0]
3418c580:	2a1b      	cmp	r2, #27
3418c582:	f8c9 1008 	str.w	r1, [r9, #8]
3418c586:	6861      	ldr	r1, [r4, #4]
3418c588:	f8c9 100c 	str.w	r1, [r9, #12]
3418c58c:	f200 80b0 	bhi.w	3418c6f0 <_realloc_r+0x334>
3418c590:	3408      	adds	r4, #8
3418c592:	f109 0210 	add.w	r2, r9, #16
3418c596:	6821      	ldr	r1, [r4, #0]
3418c598:	6011      	str	r1, [r2, #0]
3418c59a:	6861      	ldr	r1, [r4, #4]
3418c59c:	6051      	str	r1, [r2, #4]
3418c59e:	68a1      	ldr	r1, [r4, #8]
3418c5a0:	6091      	str	r1, [r2, #8]
3418c5a2:	ebaa 0203 	sub.w	r2, sl, r3
3418c5a6:	eb09 0103 	add.w	r1, r9, r3
3418c5aa:	4d50      	ldr	r5, [pc, #320]	@ (3418c6ec <_realloc_r+0x330>)
3418c5ac:	4640      	mov	r0, r8
3418c5ae:	f042 0201 	orr.w	r2, r2, #1
3418c5b2:	60a9      	str	r1, [r5, #8]
3418c5b4:	604a      	str	r2, [r1, #4]
3418c5b6:	f8d9 2004 	ldr.w	r2, [r9, #4]
3418c5ba:	f002 0201 	and.w	r2, r2, #1
3418c5be:	4313      	orrs	r3, r2
3418c5c0:	f8c9 3004 	str.w	r3, [r9, #4]
3418c5c4:	f7fc fd9c 	bl	34189100 <__malloc_unlock>
3418c5c8:	e78a      	b.n	3418c4e0 <_realloc_r+0x124>
3418c5ca:	f850 1c04 	ldr.w	r1, [r0, #-4]
3418c5ce:	f021 0103 	bic.w	r1, r1, #3
3418c5d2:	440a      	add	r2, r1
3418c5d4:	e773      	b.n	3418c4be <_realloc_r+0x102>
3418c5d6:	6823      	ldr	r3, [r4, #0]
3418c5d8:	2a1b      	cmp	r2, #27
3418c5da:	6003      	str	r3, [r0, #0]
3418c5dc:	6863      	ldr	r3, [r4, #4]
3418c5de:	6043      	str	r3, [r0, #4]
3418c5e0:	d838      	bhi.n	3418c654 <_realloc_r+0x298>
3418c5e2:	f104 0208 	add.w	r2, r4, #8
3418c5e6:	f100 0308 	add.w	r3, r0, #8
3418c5ea:	e74d      	b.n	3418c488 <_realloc_r+0xcc>
3418c5ec:	3a04      	subs	r2, #4
3418c5ee:	464d      	mov	r5, r9
3418c5f0:	f8d9 100c 	ldr.w	r1, [r9, #12]
3418c5f4:	2a24      	cmp	r2, #36	@ 0x24
3418c5f6:	f855 0f08 	ldr.w	r0, [r5, #8]!
3418c5fa:	60c1      	str	r1, [r0, #12]
3418c5fc:	6088      	str	r0, [r1, #8]
3418c5fe:	d822      	bhi.n	3418c646 <_realloc_r+0x28a>
3418c600:	2a13      	cmp	r2, #19
3418c602:	d91e      	bls.n	3418c642 <_realloc_r+0x286>
3418c604:	6821      	ldr	r1, [r4, #0]
3418c606:	2a1b      	cmp	r2, #27
3418c608:	f8c9 1008 	str.w	r1, [r9, #8]
3418c60c:	6861      	ldr	r1, [r4, #4]
3418c60e:	f8c9 100c 	str.w	r1, [r9, #12]
3418c612:	d83d      	bhi.n	3418c690 <_realloc_r+0x2d4>
3418c614:	3408      	adds	r4, #8
3418c616:	f109 0210 	add.w	r2, r9, #16
3418c61a:	6821      	ldr	r1, [r4, #0]
3418c61c:	6011      	str	r1, [r2, #0]
3418c61e:	6861      	ldr	r1, [r4, #4]
3418c620:	6051      	str	r1, [r2, #4]
3418c622:	68a1      	ldr	r1, [r4, #8]
3418c624:	6091      	str	r1, [r2, #8]
3418c626:	462c      	mov	r4, r5
3418c628:	4632      	mov	r2, r6
3418c62a:	464d      	mov	r5, r9
3418c62c:	e747      	b.n	3418c4be <_realloc_r+0x102>
3418c62e:	4621      	mov	r1, r4
3418c630:	f7fd f810 	bl	34189654 <memmove>
3418c634:	e72e      	b.n	3418c494 <_realloc_r+0xd8>
3418c636:	e9de 0102 	ldrd	r0, r1, [lr, #8]
3418c63a:	3a04      	subs	r2, #4
3418c63c:	60c1      	str	r1, [r0, #12]
3418c63e:	6088      	str	r0, [r1, #8]
3418c640:	e7d5      	b.n	3418c5ee <_realloc_r+0x232>
3418c642:	462a      	mov	r2, r5
3418c644:	e7e9      	b.n	3418c61a <_realloc_r+0x25e>
3418c646:	4621      	mov	r1, r4
3418c648:	4628      	mov	r0, r5
3418c64a:	9300      	str	r3, [sp, #0]
3418c64c:	f7fd f802 	bl	34189654 <memmove>
3418c650:	9b00      	ldr	r3, [sp, #0]
3418c652:	e7e8      	b.n	3418c626 <_realloc_r+0x26a>
3418c654:	68a3      	ldr	r3, [r4, #8]
3418c656:	2a24      	cmp	r2, #36	@ 0x24
3418c658:	6083      	str	r3, [r0, #8]
3418c65a:	68e3      	ldr	r3, [r4, #12]
3418c65c:	60c3      	str	r3, [r0, #12]
3418c65e:	d027      	beq.n	3418c6b0 <_realloc_r+0x2f4>
3418c660:	f104 0210 	add.w	r2, r4, #16
3418c664:	f100 0310 	add.w	r3, r0, #16
3418c668:	e70e      	b.n	3418c488 <_realloc_r+0xcc>
3418c66a:	1ac2      	subs	r2, r0, r3
3418c66c:	441d      	add	r5, r3
3418c66e:	491f      	ldr	r1, [pc, #124]	@ (3418c6ec <_realloc_r+0x330>)
3418c670:	4640      	mov	r0, r8
3418c672:	f042 0201 	orr.w	r2, r2, #1
3418c676:	4626      	mov	r6, r4
3418c678:	608d      	str	r5, [r1, #8]
3418c67a:	606a      	str	r2, [r5, #4]
3418c67c:	f854 2c04 	ldr.w	r2, [r4, #-4]
3418c680:	f002 0201 	and.w	r2, r2, #1
3418c684:	4313      	orrs	r3, r2
3418c686:	f844 3c04 	str.w	r3, [r4, #-4]
3418c68a:	f7fc fd39 	bl	34189100 <__malloc_unlock>
3418c68e:	e727      	b.n	3418c4e0 <_realloc_r+0x124>
3418c690:	68a1      	ldr	r1, [r4, #8]
3418c692:	2a24      	cmp	r2, #36	@ 0x24
3418c694:	f8c9 1010 	str.w	r1, [r9, #16]
3418c698:	68e1      	ldr	r1, [r4, #12]
3418c69a:	f8c9 1014 	str.w	r1, [r9, #20]
3418c69e:	d010      	beq.n	3418c6c2 <_realloc_r+0x306>
3418c6a0:	3410      	adds	r4, #16
3418c6a2:	f109 0218 	add.w	r2, r9, #24
3418c6a6:	e7b8      	b.n	3418c61a <_realloc_r+0x25e>
3418c6a8:	4640      	mov	r0, r8
3418c6aa:	f7fc fd29 	bl	34189100 <__malloc_unlock>
3418c6ae:	e73a      	b.n	3418c526 <_realloc_r+0x16a>
3418c6b0:	6923      	ldr	r3, [r4, #16]
3418c6b2:	f104 0218 	add.w	r2, r4, #24
3418c6b6:	6103      	str	r3, [r0, #16]
3418c6b8:	6963      	ldr	r3, [r4, #20]
3418c6ba:	6143      	str	r3, [r0, #20]
3418c6bc:	f100 0318 	add.w	r3, r0, #24
3418c6c0:	e6e2      	b.n	3418c488 <_realloc_r+0xcc>
3418c6c2:	6922      	ldr	r2, [r4, #16]
3418c6c4:	3418      	adds	r4, #24
3418c6c6:	f8c9 2018 	str.w	r2, [r9, #24]
3418c6ca:	f854 2c04 	ldr.w	r2, [r4, #-4]
3418c6ce:	f8c9 201c 	str.w	r2, [r9, #28]
3418c6d2:	f109 0220 	add.w	r2, r9, #32
3418c6d6:	e7a0      	b.n	3418c61a <_realloc_r+0x25e>
3418c6d8:	4632      	mov	r2, r6
3418c6da:	e75c      	b.n	3418c596 <_realloc_r+0x1da>
3418c6dc:	4621      	mov	r1, r4
3418c6de:	4630      	mov	r0, r6
3418c6e0:	9300      	str	r3, [sp, #0]
3418c6e2:	f7fc ffb7 	bl	34189654 <memmove>
3418c6e6:	9b00      	ldr	r3, [sp, #0]
3418c6e8:	e75b      	b.n	3418c5a2 <_realloc_r+0x1e6>
3418c6ea:	bf00      	nop
3418c6ec:	341c0018 	.word	0x341c0018
3418c6f0:	68a1      	ldr	r1, [r4, #8]
3418c6f2:	2a24      	cmp	r2, #36	@ 0x24
3418c6f4:	f8c9 1010 	str.w	r1, [r9, #16]
3418c6f8:	68e1      	ldr	r1, [r4, #12]
3418c6fa:	f8c9 1014 	str.w	r1, [r9, #20]
3418c6fe:	d003      	beq.n	3418c708 <_realloc_r+0x34c>
3418c700:	3410      	adds	r4, #16
3418c702:	f109 0218 	add.w	r2, r9, #24
3418c706:	e746      	b.n	3418c596 <_realloc_r+0x1da>
3418c708:	6922      	ldr	r2, [r4, #16]
3418c70a:	3418      	adds	r4, #24
3418c70c:	f8c9 2018 	str.w	r2, [r9, #24]
3418c710:	f854 2c04 	ldr.w	r2, [r4, #-4]
3418c714:	f8c9 201c 	str.w	r2, [r9, #28]
3418c718:	f109 0220 	add.w	r2, r9, #32
3418c71c:	e73b      	b.n	3418c596 <_realloc_r+0x1da>
3418c71e:	bf00      	nop

3418c720 <__sprint_r>:
3418c720:	6893      	ldr	r3, [r2, #8]
3418c722:	b510      	push	{r4, lr}
3418c724:	4614      	mov	r4, r2
3418c726:	b91b      	cbnz	r3, 3418c730 <__sprint_r+0x10>
3418c728:	4618      	mov	r0, r3
3418c72a:	2300      	movs	r3, #0
3418c72c:	6063      	str	r3, [r4, #4]
3418c72e:	bd10      	pop	{r4, pc}
3418c730:	f7ff fca8 	bl	3418c084 <__sfvwrite_r>
3418c734:	2300      	movs	r3, #0
3418c736:	60a3      	str	r3, [r4, #8]
3418c738:	2300      	movs	r3, #0
3418c73a:	6063      	str	r3, [r4, #4]
3418c73c:	bd10      	pop	{r4, pc}
3418c73e:	bf00      	nop

3418c740 <_fclose_r>:
3418c740:	b570      	push	{r4, r5, r6, lr}
3418c742:	2900      	cmp	r1, #0
3418c744:	d041      	beq.n	3418c7ca <_fclose_r+0x8a>
3418c746:	4606      	mov	r6, r0
3418c748:	460c      	mov	r4, r1
3418c74a:	b110      	cbz	r0, 3418c752 <_fclose_r+0x12>
3418c74c:	6b43      	ldr	r3, [r0, #52]	@ 0x34
3418c74e:	2b00      	cmp	r3, #0
3418c750:	d03e      	beq.n	3418c7d0 <_fclose_r+0x90>
3418c752:	f7fc ff33 	bl	341895bc <__sfp_lock_acquire>
3418c756:	6e63      	ldr	r3, [r4, #100]	@ 0x64
3418c758:	f9b4 200c 	ldrsh.w	r2, [r4, #12]
3418c75c:	07dd      	lsls	r5, r3, #31
3418c75e:	d430      	bmi.n	3418c7c2 <_fclose_r+0x82>
3418c760:	0590      	lsls	r0, r2, #22
3418c762:	d538      	bpl.n	3418c7d6 <_fclose_r+0x96>
3418c764:	4621      	mov	r1, r4
3418c766:	4630      	mov	r0, r6
3418c768:	f7fc fd4c 	bl	34189204 <__sflush_r>
3418c76c:	6ae3      	ldr	r3, [r4, #44]	@ 0x2c
3418c76e:	4605      	mov	r5, r0
3418c770:	b133      	cbz	r3, 3418c780 <_fclose_r+0x40>
3418c772:	69e1      	ldr	r1, [r4, #28]
3418c774:	4630      	mov	r0, r6
3418c776:	4798      	blx	r3
3418c778:	2800      	cmp	r0, #0
3418c77a:	bfb8      	it	lt
3418c77c:	f04f 35ff 	movlt.w	r5, #4294967295	@ 0xffffffff
3418c780:	89a3      	ldrh	r3, [r4, #12]
3418c782:	061a      	lsls	r2, r3, #24
3418c784:	d439      	bmi.n	3418c7fa <_fclose_r+0xba>
3418c786:	6b21      	ldr	r1, [r4, #48]	@ 0x30
3418c788:	b141      	cbz	r1, 3418c79c <_fclose_r+0x5c>
3418c78a:	f104 0340 	add.w	r3, r4, #64	@ 0x40
3418c78e:	4299      	cmp	r1, r3
3418c790:	d002      	beq.n	3418c798 <_fclose_r+0x58>
3418c792:	4630      	mov	r0, r6
3418c794:	f7fd faa0 	bl	34189cd8 <_free_r>
3418c798:	2300      	movs	r3, #0
3418c79a:	6323      	str	r3, [r4, #48]	@ 0x30
3418c79c:	6c61      	ldr	r1, [r4, #68]	@ 0x44
3418c79e:	b121      	cbz	r1, 3418c7aa <_fclose_r+0x6a>
3418c7a0:	4630      	mov	r0, r6
3418c7a2:	f7fd fa99 	bl	34189cd8 <_free_r>
3418c7a6:	2300      	movs	r3, #0
3418c7a8:	6463      	str	r3, [r4, #68]	@ 0x44
3418c7aa:	6e63      	ldr	r3, [r4, #100]	@ 0x64
3418c7ac:	2200      	movs	r2, #0
3418c7ae:	07db      	lsls	r3, r3, #31
3418c7b0:	81a2      	strh	r2, [r4, #12]
3418c7b2:	d51e      	bpl.n	3418c7f2 <_fclose_r+0xb2>
3418c7b4:	6da0      	ldr	r0, [r4, #88]	@ 0x58
3418c7b6:	f7fd f8cd 	bl	34189954 <__retarget_lock_close_recursive>
3418c7ba:	f7fc ff05 	bl	341895c8 <__sfp_lock_release>
3418c7be:	4628      	mov	r0, r5
3418c7c0:	bd70      	pop	{r4, r5, r6, pc}
3418c7c2:	2a00      	cmp	r2, #0
3418c7c4:	d1ce      	bne.n	3418c764 <_fclose_r+0x24>
3418c7c6:	f7fc feff 	bl	341895c8 <__sfp_lock_release>
3418c7ca:	2500      	movs	r5, #0
3418c7cc:	4628      	mov	r0, r5
3418c7ce:	bd70      	pop	{r4, r5, r6, pc}
3418c7d0:	f7fc fed6 	bl	34189580 <__sinit>
3418c7d4:	e7bd      	b.n	3418c752 <_fclose_r+0x12>
3418c7d6:	6da0      	ldr	r0, [r4, #88]	@ 0x58
3418c7d8:	f7fd f8be 	bl	34189958 <__retarget_lock_acquire_recursive>
3418c7dc:	f9b4 300c 	ldrsh.w	r3, [r4, #12]
3418c7e0:	2b00      	cmp	r3, #0
3418c7e2:	d1bf      	bne.n	3418c764 <_fclose_r+0x24>
3418c7e4:	6e63      	ldr	r3, [r4, #100]	@ 0x64
3418c7e6:	07d9      	lsls	r1, r3, #31
3418c7e8:	d4ed      	bmi.n	3418c7c6 <_fclose_r+0x86>
3418c7ea:	6da0      	ldr	r0, [r4, #88]	@ 0x58
3418c7ec:	f7fd f8b6 	bl	3418995c <__retarget_lock_release_recursive>
3418c7f0:	e7e9      	b.n	3418c7c6 <_fclose_r+0x86>
3418c7f2:	6da0      	ldr	r0, [r4, #88]	@ 0x58
3418c7f4:	f7fd f8b2 	bl	3418995c <__retarget_lock_release_recursive>
3418c7f8:	e7dc      	b.n	3418c7b4 <_fclose_r+0x74>
3418c7fa:	6921      	ldr	r1, [r4, #16]
3418c7fc:	4630      	mov	r0, r6
3418c7fe:	f7fd fa6b 	bl	34189cd8 <_free_r>
3418c802:	e7c0      	b.n	3418c786 <_fclose_r+0x46>

3418c804 <__sread>:
3418c804:	b510      	push	{r4, lr}
3418c806:	460c      	mov	r4, r1
3418c808:	f9b1 100e 	ldrsh.w	r1, [r1, #14]
3418c80c:	f000 f918 	bl	3418ca40 <_read_r>
3418c810:	2800      	cmp	r0, #0
3418c812:	db03      	blt.n	3418c81c <__sread+0x18>
3418c814:	6d23      	ldr	r3, [r4, #80]	@ 0x50
3418c816:	4403      	add	r3, r0
3418c818:	6523      	str	r3, [r4, #80]	@ 0x50
3418c81a:	bd10      	pop	{r4, pc}
3418c81c:	89a3      	ldrh	r3, [r4, #12]
3418c81e:	f423 5380 	bic.w	r3, r3, #4096	@ 0x1000
3418c822:	81a3      	strh	r3, [r4, #12]
3418c824:	bd10      	pop	{r4, pc}
3418c826:	bf00      	nop

3418c828 <__swrite>:
3418c828:	e92d 41f0 	stmdb	sp!, {r4, r5, r6, r7, r8, lr}
3418c82c:	461f      	mov	r7, r3
3418c82e:	f9b1 300c 	ldrsh.w	r3, [r1, #12]
3418c832:	4616      	mov	r6, r2
3418c834:	460c      	mov	r4, r1
3418c836:	05da      	lsls	r2, r3, #23
3418c838:	4605      	mov	r5, r0
3418c83a:	d40b      	bmi.n	3418c854 <__swrite+0x2c>
3418c83c:	f423 5180 	bic.w	r1, r3, #4096	@ 0x1000
3418c840:	4632      	mov	r2, r6
3418c842:	463b      	mov	r3, r7
3418c844:	4628      	mov	r0, r5
3418c846:	81a1      	strh	r1, [r4, #12]
3418c848:	f9b4 100e 	ldrsh.w	r1, [r4, #14]
3418c84c:	e8bd 41f0 	ldmia.w	sp!, {r4, r5, r6, r7, r8, lr}
3418c850:	f000 b90a 	b.w	3418ca68 <_write_r>
3418c854:	2302      	movs	r3, #2
3418c856:	2200      	movs	r2, #0
3418c858:	f9b1 100e 	ldrsh.w	r1, [r1, #14]
3418c85c:	f000 f8dc 	bl	3418ca18 <_lseek_r>
3418c860:	f9b4 300c 	ldrsh.w	r3, [r4, #12]
3418c864:	e7ea      	b.n	3418c83c <__swrite+0x14>
3418c866:	bf00      	nop

3418c868 <__sseek>:
3418c868:	b510      	push	{r4, lr}
3418c86a:	460c      	mov	r4, r1
3418c86c:	f9b1 100e 	ldrsh.w	r1, [r1, #14]
3418c870:	f000 f8d2 	bl	3418ca18 <_lseek_r>
3418c874:	1c42      	adds	r2, r0, #1
3418c876:	f9b4 300c 	ldrsh.w	r3, [r4, #12]
3418c87a:	d004      	beq.n	3418c886 <__sseek+0x1e>
3418c87c:	f443 5380 	orr.w	r3, r3, #4096	@ 0x1000
3418c880:	6520      	str	r0, [r4, #80]	@ 0x50
3418c882:	81a3      	strh	r3, [r4, #12]
3418c884:	bd10      	pop	{r4, pc}
3418c886:	f423 5380 	bic.w	r3, r3, #4096	@ 0x1000
3418c88a:	81a3      	strh	r3, [r4, #12]
3418c88c:	bd10      	pop	{r4, pc}
3418c88e:	bf00      	nop

3418c890 <__sclose>:
3418c890:	f9b1 100e 	ldrsh.w	r1, [r1, #14]
3418c894:	f000 b8ae 	b.w	3418c9f4 <_close_r>

3418c898 <__swsetup_r>:
3418c898:	4a35      	ldr	r2, [pc, #212]	@ (3418c970 <__swsetup_r+0xd8>)
3418c89a:	460b      	mov	r3, r1
3418c89c:	b510      	push	{r4, lr}
3418c89e:	4604      	mov	r4, r0
3418c8a0:	6810      	ldr	r0, [r2, #0]
3418c8a2:	b082      	sub	sp, #8
3418c8a4:	b110      	cbz	r0, 3418c8ac <__swsetup_r+0x14>
3418c8a6:	6b42      	ldr	r2, [r0, #52]	@ 0x34
3418c8a8:	2a00      	cmp	r2, #0
3418c8aa:	d053      	beq.n	3418c954 <__swsetup_r+0xbc>
3418c8ac:	f9b3 200c 	ldrsh.w	r2, [r3, #12]
3418c8b0:	0711      	lsls	r1, r2, #28
3418c8b2:	d511      	bpl.n	3418c8d8 <__swsetup_r+0x40>
3418c8b4:	6918      	ldr	r0, [r3, #16]
3418c8b6:	b1c8      	cbz	r0, 3418c8ec <__swsetup_r+0x54>
3418c8b8:	f9b3 200c 	ldrsh.w	r2, [r3, #12]
3418c8bc:	f012 0101 	ands.w	r1, r2, #1
3418c8c0:	d026      	beq.n	3418c910 <__swsetup_r+0x78>
3418c8c2:	6959      	ldr	r1, [r3, #20]
3418c8c4:	f04f 0c00 	mov.w	ip, #0
3418c8c8:	4249      	negs	r1, r1
3418c8ca:	f8c3 c008 	str.w	ip, [r3, #8]
3418c8ce:	6199      	str	r1, [r3, #24]
3418c8d0:	b320      	cbz	r0, 3418c91c <__swsetup_r+0x84>
3418c8d2:	2000      	movs	r0, #0
3418c8d4:	b002      	add	sp, #8
3418c8d6:	bd10      	pop	{r4, pc}
3418c8d8:	06d0      	lsls	r0, r2, #27
3418c8da:	d540      	bpl.n	3418c95e <__swsetup_r+0xc6>
3418c8dc:	0751      	lsls	r1, r2, #29
3418c8de:	d423      	bmi.n	3418c928 <__swsetup_r+0x90>
3418c8e0:	6918      	ldr	r0, [r3, #16]
3418c8e2:	f042 0208 	orr.w	r2, r2, #8
3418c8e6:	819a      	strh	r2, [r3, #12]
3418c8e8:	2800      	cmp	r0, #0
3418c8ea:	d1e5      	bne.n	3418c8b8 <__swsetup_r+0x20>
3418c8ec:	899a      	ldrh	r2, [r3, #12]
3418c8ee:	f402 7220 	and.w	r2, r2, #640	@ 0x280
3418c8f2:	f5b2 7f00 	cmp.w	r2, #512	@ 0x200
3418c8f6:	d0df      	beq.n	3418c8b8 <__swsetup_r+0x20>
3418c8f8:	4619      	mov	r1, r3
3418c8fa:	4620      	mov	r0, r4
3418c8fc:	9301      	str	r3, [sp, #4]
3418c8fe:	f001 fd39 	bl	3418e374 <__smakebuf_r>
3418c902:	9b01      	ldr	r3, [sp, #4]
3418c904:	f9b3 200c 	ldrsh.w	r2, [r3, #12]
3418c908:	6918      	ldr	r0, [r3, #16]
3418c90a:	f012 0101 	ands.w	r1, r2, #1
3418c90e:	d1d8      	bne.n	3418c8c2 <__swsetup_r+0x2a>
3418c910:	0794      	lsls	r4, r2, #30
3418c912:	bf58      	it	pl
3418c914:	6959      	ldrpl	r1, [r3, #20]
3418c916:	6099      	str	r1, [r3, #8]
3418c918:	2800      	cmp	r0, #0
3418c91a:	d1da      	bne.n	3418c8d2 <__swsetup_r+0x3a>
3418c91c:	0611      	lsls	r1, r2, #24
3418c91e:	d5d9      	bpl.n	3418c8d4 <__swsetup_r+0x3c>
3418c920:	f042 0240 	orr.w	r2, r2, #64	@ 0x40
3418c924:	819a      	strh	r2, [r3, #12]
3418c926:	e01f      	b.n	3418c968 <__swsetup_r+0xd0>
3418c928:	6b19      	ldr	r1, [r3, #48]	@ 0x30
3418c92a:	b161      	cbz	r1, 3418c946 <__swsetup_r+0xae>
3418c92c:	f103 0040 	add.w	r0, r3, #64	@ 0x40
3418c930:	4281      	cmp	r1, r0
3418c932:	d006      	beq.n	3418c942 <__swsetup_r+0xaa>
3418c934:	4620      	mov	r0, r4
3418c936:	9301      	str	r3, [sp, #4]
3418c938:	f7fd f9ce 	bl	34189cd8 <_free_r>
3418c93c:	9b01      	ldr	r3, [sp, #4]
3418c93e:	f9b3 200c 	ldrsh.w	r2, [r3, #12]
3418c942:	2100      	movs	r1, #0
3418c944:	6319      	str	r1, [r3, #48]	@ 0x30
3418c946:	2100      	movs	r1, #0
3418c948:	6918      	ldr	r0, [r3, #16]
3418c94a:	f022 0224 	bic.w	r2, r2, #36	@ 0x24
3418c94e:	e9c3 0100 	strd	r0, r1, [r3]
3418c952:	e7c6      	b.n	3418c8e2 <__swsetup_r+0x4a>
3418c954:	9101      	str	r1, [sp, #4]
3418c956:	f7fc fe13 	bl	34189580 <__sinit>
3418c95a:	9b01      	ldr	r3, [sp, #4]
3418c95c:	e7a6      	b.n	3418c8ac <__swsetup_r+0x14>
3418c95e:	2109      	movs	r1, #9
3418c960:	f042 0240 	orr.w	r2, r2, #64	@ 0x40
3418c964:	6021      	str	r1, [r4, #0]
3418c966:	819a      	strh	r2, [r3, #12]
3418c968:	f04f 30ff 	mov.w	r0, #4294967295	@ 0xffffffff
3418c96c:	e7b2      	b.n	3418c8d4 <__swsetup_r+0x3c>
3418c96e:	bf00      	nop
3418c970:	341c042c 	.word	0x341c042c

3418c974 <strncpy>:
3418c974:	ea40 0301 	orr.w	r3, r0, r1
3418c978:	079b      	lsls	r3, r3, #30
3418c97a:	b510      	push	{r4, lr}
3418c97c:	4604      	mov	r4, r0
3418c97e:	d101      	bne.n	3418c984 <strncpy+0x10>
3418c980:	2a03      	cmp	r2, #3
3418c982:	d819      	bhi.n	3418c9b8 <strncpy+0x44>
3418c984:	46a4      	mov	ip, r4
3418c986:	f101 3eff 	add.w	lr, r1, #4294967295	@ 0xffffffff
3418c98a:	e007      	b.n	3418c99c <strncpy+0x28>
3418c98c:	f81e 1f01 	ldrb.w	r1, [lr, #1]!
3418c990:	1e50      	subs	r0, r2, #1
3418c992:	f803 1b01 	strb.w	r1, [r3], #1
3418c996:	b131      	cbz	r1, 3418c9a6 <strncpy+0x32>
3418c998:	4602      	mov	r2, r0
3418c99a:	469c      	mov	ip, r3
3418c99c:	4663      	mov	r3, ip
3418c99e:	2a00      	cmp	r2, #0
3418c9a0:	d1f4      	bne.n	3418c98c <strncpy+0x18>
3418c9a2:	4620      	mov	r0, r4
3418c9a4:	bd10      	pop	{r4, pc}
3418c9a6:	2800      	cmp	r0, #0
3418c9a8:	d0fb      	beq.n	3418c9a2 <strncpy+0x2e>
3418c9aa:	4494      	add	ip, r2
3418c9ac:	f803 1b01 	strb.w	r1, [r3], #1
3418c9b0:	4563      	cmp	r3, ip
3418c9b2:	d1fb      	bne.n	3418c9ac <strncpy+0x38>
3418c9b4:	4620      	mov	r0, r4
3418c9b6:	bd10      	pop	{r4, pc}
3418c9b8:	4608      	mov	r0, r1
3418c9ba:	46a4      	mov	ip, r4
3418c9bc:	f8d0 e000 	ldr.w	lr, [r0]
3418c9c0:	4601      	mov	r1, r0
3418c9c2:	3004      	adds	r0, #4
3418c9c4:	f1ae 3301 	sub.w	r3, lr, #16843009	@ 0x1010101
3418c9c8:	ea23 030e 	bic.w	r3, r3, lr
3418c9cc:	f013 3f80 	tst.w	r3, #2155905152	@ 0x80808080
3418c9d0:	d1d9      	bne.n	3418c986 <strncpy+0x12>
3418c9d2:	3a04      	subs	r2, #4
3418c9d4:	f84c eb04 	str.w	lr, [ip], #4
3418c9d8:	2a03      	cmp	r2, #3
3418c9da:	d8ef      	bhi.n	3418c9bc <strncpy+0x48>
3418c9dc:	4601      	mov	r1, r0
3418c9de:	e7d2      	b.n	3418c986 <strncpy+0x12>

3418c9e0 <__locale_mb_cur_max>:
3418c9e0:	4b01      	ldr	r3, [pc, #4]	@ (3418c9e8 <__locale_mb_cur_max+0x8>)
3418c9e2:	f893 0210 	ldrb.w	r0, [r3, #528]	@ 0x210
3418c9e6:	4770      	bx	lr
3418c9e8:	341c0634 	.word	0x341c0634

3418c9ec <_localeconv_r>:
3418c9ec:	4800      	ldr	r0, [pc, #0]	@ (3418c9f0 <_localeconv_r+0x4>)
3418c9ee:	4770      	bx	lr
3418c9f0:	341c080c 	.word	0x341c080c

3418c9f4 <_close_r>:
3418c9f4:	b538      	push	{r3, r4, r5, lr}
3418c9f6:	2300      	movs	r3, #0
3418c9f8:	4c06      	ldr	r4, [pc, #24]	@ (3418ca14 <_close_r+0x20>)
3418c9fa:	4605      	mov	r5, r0
3418c9fc:	4608      	mov	r0, r1
3418c9fe:	6023      	str	r3, [r4, #0]
3418ca00:	f002 ff40 	bl	3418f884 <_close>
3418ca04:	1c43      	adds	r3, r0, #1
3418ca06:	d000      	beq.n	3418ca0a <_close_r+0x16>
3418ca08:	bd38      	pop	{r3, r4, r5, pc}
3418ca0a:	6823      	ldr	r3, [r4, #0]
3418ca0c:	2b00      	cmp	r3, #0
3418ca0e:	d0fb      	beq.n	3418ca08 <_close_r+0x14>
3418ca10:	602b      	str	r3, [r5, #0]
3418ca12:	bd38      	pop	{r3, r4, r5, pc}
3418ca14:	341c1f08 	.word	0x341c1f08

3418ca18 <_lseek_r>:
3418ca18:	b538      	push	{r3, r4, r5, lr}
3418ca1a:	4c08      	ldr	r4, [pc, #32]	@ (3418ca3c <_lseek_r+0x24>)
3418ca1c:	4605      	mov	r5, r0
3418ca1e:	4608      	mov	r0, r1
3418ca20:	4611      	mov	r1, r2
3418ca22:	461a      	mov	r2, r3
3418ca24:	2300      	movs	r3, #0
3418ca26:	6023      	str	r3, [r4, #0]
3418ca28:	f002 ff54 	bl	3418f8d4 <_lseek>
3418ca2c:	1c43      	adds	r3, r0, #1
3418ca2e:	d000      	beq.n	3418ca32 <_lseek_r+0x1a>
3418ca30:	bd38      	pop	{r3, r4, r5, pc}
3418ca32:	6823      	ldr	r3, [r4, #0]
3418ca34:	2b00      	cmp	r3, #0
3418ca36:	d0fb      	beq.n	3418ca30 <_lseek_r+0x18>
3418ca38:	602b      	str	r3, [r5, #0]
3418ca3a:	bd38      	pop	{r3, r4, r5, pc}
3418ca3c:	341c1f08 	.word	0x341c1f08

3418ca40 <_read_r>:
3418ca40:	b538      	push	{r3, r4, r5, lr}
3418ca42:	4c08      	ldr	r4, [pc, #32]	@ (3418ca64 <_read_r+0x24>)
3418ca44:	4605      	mov	r5, r0
3418ca46:	4608      	mov	r0, r1
3418ca48:	4611      	mov	r1, r2
3418ca4a:	461a      	mov	r2, r3
3418ca4c:	2300      	movs	r3, #0
3418ca4e:	6023      	str	r3, [r4, #0]
3418ca50:	f7f9 ff9c 	bl	3418698c <__wrap__read>
3418ca54:	1c43      	adds	r3, r0, #1
3418ca56:	d000      	beq.n	3418ca5a <_read_r+0x1a>
3418ca58:	bd38      	pop	{r3, r4, r5, pc}
3418ca5a:	6823      	ldr	r3, [r4, #0]
3418ca5c:	2b00      	cmp	r3, #0
3418ca5e:	d0fb      	beq.n	3418ca58 <_read_r+0x18>
3418ca60:	602b      	str	r3, [r5, #0]
3418ca62:	bd38      	pop	{r3, r4, r5, pc}
3418ca64:	341c1f08 	.word	0x341c1f08

3418ca68 <_write_r>:
3418ca68:	b538      	push	{r3, r4, r5, lr}
3418ca6a:	4c08      	ldr	r4, [pc, #32]	@ (3418ca8c <_write_r+0x24>)
3418ca6c:	4605      	mov	r5, r0
3418ca6e:	4608      	mov	r0, r1
3418ca70:	4611      	mov	r1, r2
3418ca72:	461a      	mov	r2, r3
3418ca74:	2300      	movs	r3, #0
3418ca76:	6023      	str	r3, [r4, #0]
3418ca78:	f7f9 ff5c 	bl	34186934 <__wrap__write>
3418ca7c:	1c43      	adds	r3, r0, #1
3418ca7e:	d000      	beq.n	3418ca82 <_write_r+0x1a>
3418ca80:	bd38      	pop	{r3, r4, r5, pc}
3418ca82:	6823      	ldr	r3, [r4, #0]
3418ca84:	2b00      	cmp	r3, #0
3418ca86:	d0fb      	beq.n	3418ca80 <_write_r+0x18>
3418ca88:	602b      	str	r3, [r5, #0]
3418ca8a:	bd38      	pop	{r3, r4, r5, pc}
3418ca8c:	341c1f08 	.word	0x341c1f08

3418ca90 <memchr>:
3418ca90:	0783      	lsls	r3, r0, #30
3418ca92:	b2c9      	uxtb	r1, r1
3418ca94:	d00f      	beq.n	3418cab6 <memchr+0x26>
3418ca96:	4603      	mov	r3, r0
3418ca98:	e007      	b.n	3418caaa <memchr+0x1a>
3418ca9a:	f893 c000 	ldrb.w	ip, [r3]
3418ca9e:	3a01      	subs	r2, #1
3418caa0:	3301      	adds	r3, #1
3418caa2:	458c      	cmp	ip, r1
3418caa4:	d005      	beq.n	3418cab2 <memchr+0x22>
3418caa6:	0798      	lsls	r0, r3, #30
3418caa8:	d004      	beq.n	3418cab4 <memchr+0x24>
3418caaa:	4618      	mov	r0, r3
3418caac:	2a00      	cmp	r2, #0
3418caae:	d1f4      	bne.n	3418ca9a <memchr+0xa>
3418cab0:	2000      	movs	r0, #0
3418cab2:	4770      	bx	lr
3418cab4:	4618      	mov	r0, r3
3418cab6:	2a03      	cmp	r2, #3
3418cab8:	d80d      	bhi.n	3418cad6 <memchr+0x46>
3418caba:	2a00      	cmp	r2, #0
3418cabc:	d0f8      	beq.n	3418cab0 <memchr+0x20>
3418cabe:	4603      	mov	r3, r0
3418cac0:	4402      	add	r2, r0
3418cac2:	e001      	b.n	3418cac8 <memchr+0x38>
3418cac4:	429a      	cmp	r2, r3
3418cac6:	d0f3      	beq.n	3418cab0 <memchr+0x20>
3418cac8:	f893 c000 	ldrb.w	ip, [r3]
3418cacc:	4618      	mov	r0, r3
3418cace:	3301      	adds	r3, #1
3418cad0:	458c      	cmp	ip, r1
3418cad2:	d1f7      	bne.n	3418cac4 <memchr+0x34>
3418cad4:	4770      	bx	lr
3418cad6:	eb01 2301 	add.w	r3, r1, r1, lsl #8
3418cada:	b510      	push	{r4, lr}
3418cadc:	4686      	mov	lr, r0
3418cade:	eb03 4403 	add.w	r4, r3, r3, lsl #16
3418cae2:	f8de 3000 	ldr.w	r3, [lr]
3418cae6:	4670      	mov	r0, lr
3418cae8:	f10e 0e04 	add.w	lr, lr, #4
3418caec:	4063      	eors	r3, r4
3418caee:	f1a3 3c01 	sub.w	ip, r3, #16843009	@ 0x1010101
3418caf2:	ea2c 0303 	bic.w	r3, ip, r3
3418caf6:	f013 3f80 	tst.w	r3, #2155905152	@ 0x80808080
3418cafa:	d104      	bne.n	3418cb06 <memchr+0x76>
3418cafc:	3a04      	subs	r2, #4
3418cafe:	2a03      	cmp	r2, #3
3418cb00:	d8ef      	bhi.n	3418cae2 <memchr+0x52>
3418cb02:	4670      	mov	r0, lr
3418cb04:	b15a      	cbz	r2, 3418cb1e <memchr+0x8e>
3418cb06:	4603      	mov	r3, r0
3418cb08:	4402      	add	r2, r0
3418cb0a:	e001      	b.n	3418cb10 <memchr+0x80>
3418cb0c:	429a      	cmp	r2, r3
3418cb0e:	d006      	beq.n	3418cb1e <memchr+0x8e>
3418cb10:	f893 c000 	ldrb.w	ip, [r3]
3418cb14:	4618      	mov	r0, r3
3418cb16:	3301      	adds	r3, #1
3418cb18:	458c      	cmp	ip, r1
3418cb1a:	d1f7      	bne.n	3418cb0c <memchr+0x7c>
3418cb1c:	bd10      	pop	{r4, pc}
3418cb1e:	2000      	movs	r0, #0
3418cb20:	bd10      	pop	{r4, pc}
3418cb22:	bf00      	nop

3418cb24 <_wcrtomb_r>:
3418cb24:	b530      	push	{r4, r5, lr}
3418cb26:	4604      	mov	r4, r0
3418cb28:	b087      	sub	sp, #28
3418cb2a:	b15b      	cbz	r3, 3418cb44 <_wcrtomb_r+0x20>
3418cb2c:	4810      	ldr	r0, [pc, #64]	@ (3418cb70 <_wcrtomb_r+0x4c>)
3418cb2e:	9301      	str	r3, [sp, #4]
3418cb30:	f8d0 51c8 	ldr.w	r5, [r0, #456]	@ 0x1c8
3418cb34:	b171      	cbz	r1, 3418cb54 <_wcrtomb_r+0x30>
3418cb36:	4620      	mov	r0, r4
3418cb38:	47a8      	blx	r5
3418cb3a:	1c42      	adds	r2, r0, #1
3418cb3c:	9b01      	ldr	r3, [sp, #4]
3418cb3e:	d010      	beq.n	3418cb62 <_wcrtomb_r+0x3e>
3418cb40:	b007      	add	sp, #28
3418cb42:	bd30      	pop	{r4, r5, pc}
3418cb44:	f500 7382 	add.w	r3, r0, #260	@ 0x104
3418cb48:	4809      	ldr	r0, [pc, #36]	@ (3418cb70 <_wcrtomb_r+0x4c>)
3418cb4a:	9301      	str	r3, [sp, #4]
3418cb4c:	f8d0 51c8 	ldr.w	r5, [r0, #456]	@ 0x1c8
3418cb50:	2900      	cmp	r1, #0
3418cb52:	d1f0      	bne.n	3418cb36 <_wcrtomb_r+0x12>
3418cb54:	460a      	mov	r2, r1
3418cb56:	4620      	mov	r0, r4
3418cb58:	a903      	add	r1, sp, #12
3418cb5a:	47a8      	blx	r5
3418cb5c:	1c42      	adds	r2, r0, #1
3418cb5e:	9b01      	ldr	r3, [sp, #4]
3418cb60:	d1ee      	bne.n	3418cb40 <_wcrtomb_r+0x1c>
3418cb62:	2100      	movs	r1, #0
3418cb64:	228a      	movs	r2, #138	@ 0x8a
3418cb66:	6019      	str	r1, [r3, #0]
3418cb68:	6022      	str	r2, [r4, #0]
3418cb6a:	b007      	add	sp, #28
3418cb6c:	bd30      	pop	{r4, r5, pc}
3418cb6e:	bf00      	nop
3418cb70:	341c0634 	.word	0x341c0634

3418cb74 <_wcsrtombs_r>:
3418cb74:	b510      	push	{r4, lr}
3418cb76:	b082      	sub	sp, #8
3418cb78:	9c04      	ldr	r4, [sp, #16]
3418cb7a:	9300      	str	r3, [sp, #0]
3418cb7c:	f04f 33ff 	mov.w	r3, #4294967295	@ 0xffffffff
3418cb80:	9401      	str	r4, [sp, #4]
3418cb82:	f001 fd1f 	bl	3418e5c4 <_wcsnrtombs_r>
3418cb86:	b002      	add	sp, #8
3418cb88:	bd10      	pop	{r4, pc}
3418cb8a:	bf00      	nop
3418cb8c:	0000      	movs	r0, r0
	...

3418cb90 <frexp>:
3418cb90:	f84d bd04 	str.w	fp, [sp, #-4]!
3418cb94:	b083      	sub	sp, #12
3418cb96:	f8df c078 	ldr.w	ip, [pc, #120]	@ 3418cc10 <frexp+0x80>
3418cb9a:	2100      	movs	r1, #0
3418cb9c:	ed8d 0b00 	vstr	d0, [sp]
3418cba0:	9a01      	ldr	r2, [sp, #4]
3418cba2:	6001      	str	r1, [r0, #0]
3418cba4:	f022 4300 	bic.w	r3, r2, #2147483648	@ 0x80000000
3418cba8:	4563      	cmp	r3, ip
3418cbaa:	d825      	bhi.n	3418cbf8 <frexp+0x68>
3418cbac:	f8dd c000 	ldr.w	ip, [sp]
3418cbb0:	ea53 0c0c 	orrs.w	ip, r3, ip
3418cbb4:	d020      	beq.n	3418cbf8 <frexp+0x68>
3418cbb6:	f8df c05c 	ldr.w	ip, [pc, #92]	@ 3418cc14 <frexp+0x84>
3418cbba:	ea02 0c0c 	and.w	ip, r2, ip
3418cbbe:	f1bc 0f00 	cmp.w	ip, #0
3418cbc2:	d10a      	bne.n	3418cbda <frexp+0x4a>
3418cbc4:	f06f 0135 	mvn.w	r1, #53	@ 0x35
3418cbc8:	ed9f 7b0f 	vldr	d7, [pc, #60]	@ 3418cc08 <frexp+0x78>
3418cbcc:	ee20 7b07 	vmul.f64	d7, d0, d7
3418cbd0:	ed8d 7b00 	vstr	d7, [sp]
3418cbd4:	9a01      	ldr	r2, [sp, #4]
3418cbd6:	f022 4300 	bic.w	r3, r2, #2147483648	@ 0x80000000
3418cbda:	151b      	asrs	r3, r3, #20
3418cbdc:	f36f 521e 	bfc	r2, #20, #11
3418cbe0:	e9dd bc00 	ldrd	fp, ip, [sp]
3418cbe4:	f2a3 33fe 	subw	r3, r3, #1022	@ 0x3fe
3418cbe8:	f8df c02c 	ldr.w	ip, [pc, #44]	@ 3418cc18 <frexp+0x88>
3418cbec:	440b      	add	r3, r1
3418cbee:	ea42 0c0c 	orr.w	ip, r2, ip
3418cbf2:	6003      	str	r3, [r0, #0]
3418cbf4:	e9cd bc00 	strd	fp, ip, [sp]
3418cbf8:	ed9d 0b00 	vldr	d0, [sp]
3418cbfc:	b003      	add	sp, #12
3418cbfe:	f85d bb04 	ldr.w	fp, [sp], #4
3418cc02:	4770      	bx	lr
3418cc04:	f3af 8000 	nop.w
3418cc08:	00000000 	.word	0x00000000
3418cc0c:	43500000 	.word	0x43500000
3418cc10:	7fefffff 	.word	0x7fefffff
3418cc14:	7ff00000 	.word	0x7ff00000
3418cc18:	3fe00000 	.word	0x3fe00000

3418cc1c <quorem>:
3418cc1c:	e92d 4ff0 	stmdb	sp!, {r4, r5, r6, r7, r8, r9, sl, fp, lr}
3418cc20:	6903      	ldr	r3, [r0, #16]
3418cc22:	b085      	sub	sp, #20
3418cc24:	690c      	ldr	r4, [r1, #16]
3418cc26:	42a3      	cmp	r3, r4
3418cc28:	f2c0 8092 	blt.w	3418cd50 <quorem+0x134>
3418cc2c:	3c01      	subs	r4, #1
3418cc2e:	f101 0514 	add.w	r5, r1, #20
3418cc32:	f100 0814 	add.w	r8, r0, #20
3418cc36:	4686      	mov	lr, r0
3418cc38:	f855 3024 	ldr.w	r3, [r5, r4, lsl #2]
3418cc3c:	eb05 0784 	add.w	r7, r5, r4, lsl #2
3418cc40:	f858 0024 	ldr.w	r0, [r8, r4, lsl #2]
3418cc44:	eb08 0a84 	add.w	sl, r8, r4, lsl #2
3418cc48:	3301      	adds	r3, #1
3418cc4a:	4298      	cmp	r0, r3
3418cc4c:	fbb0 f6f3 	udiv	r6, r0, r3
3418cc50:	d345      	bcc.n	3418ccde <quorem+0xc2>
3418cc52:	46a9      	mov	r9, r5
3418cc54:	9501      	str	r5, [sp, #4]
3418cc56:	f8cd e008 	str.w	lr, [sp, #8]
3418cc5a:	2300      	movs	r3, #0
3418cc5c:	9103      	str	r1, [sp, #12]
3418cc5e:	ea4f 0b84 	mov.w	fp, r4, lsl #2
3418cc62:	4649      	mov	r1, r9
3418cc64:	2500      	movs	r5, #0
3418cc66:	46a6      	mov	lr, r4
3418cc68:	46c1      	mov	r9, r8
3418cc6a:	f851 0b04 	ldr.w	r0, [r1], #4
3418cc6e:	f8d9 4000 	ldr.w	r4, [r9]
3418cc72:	fa1f fc80 	uxth.w	ip, r0
3418cc76:	428f      	cmp	r7, r1
3418cc78:	ea4f 4010 	mov.w	r0, r0, lsr #16
3418cc7c:	fb06 5c0c 	mla	ip, r6, ip, r5
3418cc80:	b2a2      	uxth	r2, r4
3418cc82:	ea4f 451c 	mov.w	r5, ip, lsr #16
3418cc86:	fa1f fc8c 	uxth.w	ip, ip
3418cc8a:	fb06 5500 	mla	r5, r6, r0, r5
3418cc8e:	eba2 020c 	sub.w	r2, r2, ip
3418cc92:	441a      	add	r2, r3
3418cc94:	b2ab      	uxth	r3, r5
3418cc96:	ea4f 4515 	mov.w	r5, r5, lsr #16
3418cc9a:	ebc3 4322 	rsb	r3, r3, r2, asr #16
3418cc9e:	b292      	uxth	r2, r2
3418cca0:	eb03 4314 	add.w	r3, r3, r4, lsr #16
3418cca4:	ea42 4203 	orr.w	r2, r2, r3, lsl #16
3418cca8:	ea4f 4323 	mov.w	r3, r3, asr #16
3418ccac:	f849 2b04 	str.w	r2, [r9], #4
3418ccb0:	d2db      	bcs.n	3418cc6a <quorem+0x4e>
3418ccb2:	f858 300b 	ldr.w	r3, [r8, fp]
3418ccb6:	4674      	mov	r4, lr
3418ccb8:	9d01      	ldr	r5, [sp, #4]
3418ccba:	e9dd e102 	ldrd	lr, r1, [sp, #8]
3418ccbe:	b973      	cbnz	r3, 3418ccde <quorem+0xc2>
3418ccc0:	f1aa 0204 	sub.w	r2, sl, #4
3418ccc4:	4590      	cmp	r8, r2
3418ccc6:	d304      	bcc.n	3418ccd2 <quorem+0xb6>
3418ccc8:	e007      	b.n	3418ccda <quorem+0xbe>
3418ccca:	4590      	cmp	r8, r2
3418cccc:	f104 34ff 	add.w	r4, r4, #4294967295	@ 0xffffffff
3418ccd0:	d203      	bcs.n	3418ccda <quorem+0xbe>
3418ccd2:	6813      	ldr	r3, [r2, #0]
3418ccd4:	3a04      	subs	r2, #4
3418ccd6:	2b00      	cmp	r3, #0
3418ccd8:	d0f7      	beq.n	3418ccca <quorem+0xae>
3418ccda:	f8ce 4010 	str.w	r4, [lr, #16]
3418ccde:	4670      	mov	r0, lr
3418cce0:	46f1      	mov	r9, lr
3418cce2:	f001 fa03 	bl	3418e0ec <__mcmp>
3418cce6:	2800      	cmp	r0, #0
3418cce8:	db2e      	blt.n	3418cd48 <quorem+0x12c>
3418ccea:	3601      	adds	r6, #1
3418ccec:	4641      	mov	r1, r8
3418ccee:	f04f 0c00 	mov.w	ip, #0
3418ccf2:	f855 0b04 	ldr.w	r0, [r5], #4
3418ccf6:	680b      	ldr	r3, [r1, #0]
3418ccf8:	fa1f fe80 	uxth.w	lr, r0
3418ccfc:	42af      	cmp	r7, r5
3418ccfe:	b29a      	uxth	r2, r3
3418cd00:	ea4f 4010 	mov.w	r0, r0, lsr #16
3418cd04:	eba2 020e 	sub.w	r2, r2, lr
3418cd08:	4462      	add	r2, ip
3418cd0a:	ebc0 4022 	rsb	r0, r0, r2, asr #16
3418cd0e:	b292      	uxth	r2, r2
3418cd10:	eb00 4013 	add.w	r0, r0, r3, lsr #16
3418cd14:	ea42 4200 	orr.w	r2, r2, r0, lsl #16
3418cd18:	ea4f 4c20 	mov.w	ip, r0, asr #16
3418cd1c:	f841 2b04 	str.w	r2, [r1], #4
3418cd20:	d2e7      	bcs.n	3418ccf2 <quorem+0xd6>
3418cd22:	f858 2024 	ldr.w	r2, [r8, r4, lsl #2]
3418cd26:	eb08 0384 	add.w	r3, r8, r4, lsl #2
3418cd2a:	b96a      	cbnz	r2, 3418cd48 <quorem+0x12c>
3418cd2c:	3b04      	subs	r3, #4
3418cd2e:	4598      	cmp	r8, r3
3418cd30:	d304      	bcc.n	3418cd3c <quorem+0x120>
3418cd32:	e007      	b.n	3418cd44 <quorem+0x128>
3418cd34:	4598      	cmp	r8, r3
3418cd36:	f104 34ff 	add.w	r4, r4, #4294967295	@ 0xffffffff
3418cd3a:	d203      	bcs.n	3418cd44 <quorem+0x128>
3418cd3c:	681a      	ldr	r2, [r3, #0]
3418cd3e:	3b04      	subs	r3, #4
3418cd40:	2a00      	cmp	r2, #0
3418cd42:	d0f7      	beq.n	3418cd34 <quorem+0x118>
3418cd44:	f8c9 4010 	str.w	r4, [r9, #16]
3418cd48:	4630      	mov	r0, r6
3418cd4a:	b005      	add	sp, #20
3418cd4c:	e8bd 8ff0 	ldmia.w	sp!, {r4, r5, r6, r7, r8, r9, sl, fp, pc}
3418cd50:	2000      	movs	r0, #0
3418cd52:	b005      	add	sp, #20
3418cd54:	e8bd 8ff0 	ldmia.w	sp!, {r4, r5, r6, r7, r8, r9, sl, fp, pc}

3418cd58 <_dtoa_r>:
3418cd58:	e92d 4ff0 	stmdb	sp!, {r4, r5, r6, r7, r8, r9, sl, fp, lr}
3418cd5c:	468b      	mov	fp, r1
3418cd5e:	b093      	sub	sp, #76	@ 0x4c
3418cd60:	6b81      	ldr	r1, [r0, #56]	@ 0x38
3418cd62:	4604      	mov	r4, r0
3418cd64:	9d1c      	ldr	r5, [sp, #112]	@ 0x70
3418cd66:	9306      	str	r3, [sp, #24]
3418cd68:	9204      	str	r2, [sp, #16]
3418cd6a:	ec57 6b10 	vmov	r6, r7, d0
3418cd6e:	ed8d 0b02 	vstr	d0, [sp, #8]
3418cd72:	b141      	cbz	r1, 3418cd86 <_dtoa_r+0x2e>
3418cd74:	6bc2      	ldr	r2, [r0, #60]	@ 0x3c
3418cd76:	2301      	movs	r3, #1
3418cd78:	4093      	lsls	r3, r2
3418cd7a:	604a      	str	r2, [r1, #4]
3418cd7c:	608b      	str	r3, [r1, #8]
3418cd7e:	f000 ff2d 	bl	3418dbdc <_Bfree>
3418cd82:	2300      	movs	r3, #0
3418cd84:	63a3      	str	r3, [r4, #56]	@ 0x38
3418cd86:	f1b7 0800 	subs.w	r8, r7, #0
3418cd8a:	f2c0 8099 	blt.w	3418cec0 <_dtoa_r+0x168>
3418cd8e:	2300      	movs	r3, #0
3418cd90:	602b      	str	r3, [r5, #0]
3418cd92:	4b6d      	ldr	r3, [pc, #436]	@ (3418cf48 <_dtoa_r+0x1f0>)
3418cd94:	ea33 0308 	bics.w	r3, r3, r8
3418cd98:	f000 809d 	beq.w	3418ced6 <_dtoa_r+0x17e>
3418cd9c:	ed9d 6b02 	vldr	d6, [sp, #8]
3418cda0:	eeb5 6b40 	vcmp.f64	d6, #0.0
3418cda4:	eef1 fa10 	vmrs	APSR_nzcv, fpscr
3418cda8:	d10d      	bne.n	3418cdc6 <_dtoa_r+0x6e>
3418cdaa:	2301      	movs	r3, #1
3418cdac:	9a06      	ldr	r2, [sp, #24]
3418cdae:	6013      	str	r3, [r2, #0]
3418cdb0:	9b1d      	ldr	r3, [sp, #116]	@ 0x74
3418cdb2:	b113      	cbz	r3, 3418cdba <_dtoa_r+0x62>
3418cdb4:	4b65      	ldr	r3, [pc, #404]	@ (3418cf4c <_dtoa_r+0x1f4>)
3418cdb6:	9a1d      	ldr	r2, [sp, #116]	@ 0x74
3418cdb8:	6013      	str	r3, [r2, #0]
3418cdba:	f8df a19c 	ldr.w	sl, [pc, #412]	@ 3418cf58 <_dtoa_r+0x200>
3418cdbe:	4650      	mov	r0, sl
3418cdc0:	b013      	add	sp, #76	@ 0x4c
3418cdc2:	e8bd 8ff0 	ldmia.w	sp!, {r4, r5, r6, r7, r8, r9, sl, fp, pc}
3418cdc6:	eeb0 0b46 	vmov.f64	d0, d6
3418cdca:	aa10      	add	r2, sp, #64	@ 0x40
3418cdcc:	a911      	add	r1, sp, #68	@ 0x44
3418cdce:	4620      	mov	r0, r4
3418cdd0:	ed8d 6b00 	vstr	d6, [sp]
3418cdd4:	f001 fa6e 	bl	3418e2b4 <__d2b>
3418cdd8:	9a10      	ldr	r2, [sp, #64]	@ 0x40
3418cdda:	ea5f 5318 	movs.w	r3, r8, lsr #20
3418cdde:	4605      	mov	r5, r0
3418cde0:	ed9d 6b00 	vldr	d6, [sp]
3418cde4:	f040 808e 	bne.w	3418cf04 <_dtoa_r+0x1ac>
3418cde8:	9b11      	ldr	r3, [sp, #68]	@ 0x44
3418cdea:	4413      	add	r3, r2
3418cdec:	f203 4132 	addw	r1, r3, #1074	@ 0x432
3418cdf0:	2920      	cmp	r1, #32
3418cdf2:	f340 81c2 	ble.w	3418d17a <_dtoa_r+0x422>
3418cdf6:	f1c1 0140 	rsb	r1, r1, #64	@ 0x40
3418cdfa:	fa08 f801 	lsl.w	r8, r8, r1
3418cdfe:	f203 4112 	addw	r1, r3, #1042	@ 0x412
3418ce02:	fa26 f101 	lsr.w	r1, r6, r1
3418ce06:	ea48 0101 	orr.w	r1, r8, r1
3418ce0a:	ee07 1a10 	vmov	s14, r1
3418ce0e:	eeb8 7b47 	vcvt.f64.u32	d7, s14
3418ce12:	2101      	movs	r1, #1
3418ce14:	3b01      	subs	r3, #1
3418ce16:	910b      	str	r1, [sp, #44]	@ 0x2c
3418ce18:	ee17 1a90 	vmov	r1, s15
3418ce1c:	f1a1 71f8 	sub.w	r1, r1, #32505856	@ 0x1f00000
3418ce20:	eeb7 1b08 	vmov.f64	d1, #120	@ 0x3fc00000  1.5
3418ce24:	ee07 1a90 	vmov	s15, r1
3418ce28:	ee04 3a90 	vmov	s9, r3
3418ce2c:	ee37 7b41 	vsub.f64	d7, d7, d1
3418ce30:	eeb8 3be4 	vcvt.f64.s32	d3, s9
3418ce34:	ed9f 2b3e 	vldr	d2, [pc, #248]	@ 3418cf30 <_dtoa_r+0x1d8>
3418ce38:	ed9f 5b3f 	vldr	d5, [pc, #252]	@ 3418cf38 <_dtoa_r+0x1e0>
3418ce3c:	ed9f 4b40 	vldr	d4, [pc, #256]	@ 3418cf40 <_dtoa_r+0x1e8>
3418ce40:	eea7 5b02 	vfma.f64	d5, d7, d2
3418ce44:	eeb0 7b45 	vmov.f64	d7, d5
3418ce48:	eea3 7b04 	vfma.f64	d7, d3, d4
3418ce4c:	eeb5 7bc0 	vcmpe.f64	d7, #0.0
3418ce50:	eefd 5bc7 	vcvt.s32.f64	s11, d7
3418ce54:	eef1 fa10 	vmrs	APSR_nzcv, fpscr
3418ce58:	edcd 5a00 	vstr	s11, [sp]
3418ce5c:	f100 8172 	bmi.w	3418d144 <_dtoa_r+0x3ec>
3418ce60:	1ad3      	subs	r3, r2, r3
3418ce62:	9a00      	ldr	r2, [sp, #0]
3418ce64:	2a16      	cmp	r2, #22
3418ce66:	f103 38ff 	add.w	r8, r3, #4294967295	@ 0xffffffff
3418ce6a:	f200 8158 	bhi.w	3418d11e <_dtoa_r+0x3c6>
3418ce6e:	4938      	ldr	r1, [pc, #224]	@ (3418cf50 <_dtoa_r+0x1f8>)
3418ce70:	eb01 01c2 	add.w	r1, r1, r2, lsl #3
3418ce74:	ed91 7b00 	vldr	d7, [r1]
3418ce78:	eeb4 6bc7 	vcmpe.f64	d6, d7
3418ce7c:	eef1 fa10 	vmrs	APSR_nzcv, fpscr
3418ce80:	f100 8175 	bmi.w	3418d16e <_dtoa_r+0x416>
3418ce84:	2b00      	cmp	r3, #0
3418ce86:	f340 8502 	ble.w	3418d88e <_dtoa_r+0xb36>
3418ce8a:	2300      	movs	r3, #0
3418ce8c:	4490      	add	r8, r2
3418ce8e:	e9cd 2309 	strd	r2, r3, [sp, #36]	@ 0x24
3418ce92:	9307      	str	r3, [sp, #28]
3418ce94:	2300      	movs	r3, #0
3418ce96:	9308      	str	r3, [sp, #32]
3418ce98:	f1bb 0f09 	cmp.w	fp, #9
3418ce9c:	d862      	bhi.n	3418cf64 <_dtoa_r+0x20c>
3418ce9e:	f1bb 0f05 	cmp.w	fp, #5
3418cea2:	f340 8171 	ble.w	3418d188 <_dtoa_r+0x430>
3418cea6:	f1ab 0b04 	sub.w	fp, fp, #4
3418ceaa:	2600      	movs	r6, #0
3418ceac:	f1ab 0302 	sub.w	r3, fp, #2
3418ceb0:	2b03      	cmp	r3, #3
3418ceb2:	d859      	bhi.n	3418cf68 <_dtoa_r+0x210>
3418ceb4:	e8df f013 	tbh	[pc, r3, lsl #1]
3418ceb8:	01ce01d1 	.word	0x01ce01d1
3418cebc:	016a01c4 	.word	0x016a01c4
3418cec0:	2301      	movs	r3, #1
3418cec2:	f028 4800 	bic.w	r8, r8, #2147483648	@ 0x80000000
3418cec6:	602b      	str	r3, [r5, #0]
3418cec8:	4b1f      	ldr	r3, [pc, #124]	@ (3418cf48 <_dtoa_r+0x1f0>)
3418ceca:	f8cd 800c 	str.w	r8, [sp, #12]
3418cece:	ea33 0308 	bics.w	r3, r3, r8
3418ced2:	f47f af63 	bne.w	3418cd9c <_dtoa_r+0x44>
3418ced6:	f3c8 0813 	ubfx	r8, r8, #0, #20
3418ceda:	f242 730f 	movw	r3, #9999	@ 0x270f
3418cede:	9a06      	ldr	r2, [sp, #24]
3418cee0:	ea58 0806 	orrs.w	r8, r8, r6
3418cee4:	6013      	str	r3, [r2, #0]
3418cee6:	d01a      	beq.n	3418cf1e <_dtoa_r+0x1c6>
3418cee8:	9b1d      	ldr	r3, [sp, #116]	@ 0x74
3418ceea:	f8df a070 	ldr.w	sl, [pc, #112]	@ 3418cf5c <_dtoa_r+0x204>
3418ceee:	2b00      	cmp	r3, #0
3418cef0:	f43f af65 	beq.w	3418cdbe <_dtoa_r+0x66>
3418cef4:	f10a 0303 	add.w	r3, sl, #3
3418cef8:	9a1d      	ldr	r2, [sp, #116]	@ 0x74
3418cefa:	4650      	mov	r0, sl
3418cefc:	6013      	str	r3, [r2, #0]
3418cefe:	b013      	add	sp, #76	@ 0x4c
3418cf00:	e8bd 8ff0 	ldmia.w	sp!, {r4, r5, r6, r7, r8, r9, sl, fp, pc}
3418cf04:	ee16 0a90 	vmov	r0, s13
3418cf08:	4912      	ldr	r1, [pc, #72]	@ (3418cf54 <_dtoa_r+0x1fc>)
3418cf0a:	eeb0 7b46 	vmov.f64	d7, d6
3418cf0e:	f2a3 33ff 	subw	r3, r3, #1023	@ 0x3ff
3418cf12:	f3c0 0013 	ubfx	r0, r0, #0, #20
3418cf16:	4301      	orrs	r1, r0
3418cf18:	2000      	movs	r0, #0
3418cf1a:	900b      	str	r0, [sp, #44]	@ 0x2c
3418cf1c:	e780      	b.n	3418ce20 <_dtoa_r+0xc8>
3418cf1e:	9b1d      	ldr	r3, [sp, #116]	@ 0x74
3418cf20:	f8df a03c 	ldr.w	sl, [pc, #60]	@ 3418cf60 <_dtoa_r+0x208>
3418cf24:	2b00      	cmp	r3, #0
3418cf26:	f43f af4a 	beq.w	3418cdbe <_dtoa_r+0x66>
3418cf2a:	f10a 0308 	add.w	r3, sl, #8
3418cf2e:	e7e3      	b.n	3418cef8 <_dtoa_r+0x1a0>
3418cf30:	636f4361 	.word	0x636f4361
3418cf34:	3fd287a7 	.word	0x3fd287a7
3418cf38:	8b60c8b3 	.word	0x8b60c8b3
3418cf3c:	3fc68a28 	.word	0x3fc68a28
3418cf40:	509f79fb 	.word	0x509f79fb
3418cf44:	3fd34413 	.word	0x3fd34413
3418cf48:	7ff00000 	.word	0x7ff00000
3418cf4c:	3418fb11 	.word	0x3418fb11
3418cf50:	3418ff98 	.word	0x3418ff98
3418cf54:	3ff00000 	.word	0x3ff00000
3418cf58:	3418fb10 	.word	0x3418fb10
3418cf5c:	3418fb68 	.word	0x3418fb68
3418cf60:	3418fb5c 	.word	0x3418fb5c
3418cf64:	f04f 0b00 	mov.w	fp, #0
3418cf68:	2100      	movs	r1, #0
3418cf6a:	4620      	mov	r0, r4
3418cf6c:	63e1      	str	r1, [r4, #60]	@ 0x3c
3418cf6e:	ed8d 6b04 	vstr	d6, [sp, #16]
3418cf72:	f000 fe0d 	bl	3418db90 <_Balloc>
3418cf76:	4682      	mov	sl, r0
3418cf78:	ed9d 6b04 	vldr	d6, [sp, #16]
3418cf7c:	2800      	cmp	r0, #0
3418cf7e:	f000 857f 	beq.w	3418da80 <_dtoa_r+0xd28>
3418cf82:	9a00      	ldr	r2, [sp, #0]
3418cf84:	9b11      	ldr	r3, [sp, #68]	@ 0x44
3418cf86:	2a0e      	cmp	r2, #14
3418cf88:	f8c4 a038 	str.w	sl, [r4, #56]	@ 0x38
3418cf8c:	dc02      	bgt.n	3418cf94 <_dtoa_r+0x23c>
3418cf8e:	2b00      	cmp	r3, #0
3418cf90:	f280 84e6 	bge.w	3418d960 <_dtoa_r+0xc08>
3418cf94:	f04f 32ff 	mov.w	r2, #4294967295	@ 0xffffffff
3418cf98:	2100      	movs	r1, #0
3418cf9a:	4691      	mov	r9, r2
3418cf9c:	920e      	str	r2, [sp, #56]	@ 0x38
3418cf9e:	9104      	str	r1, [sp, #16]
3418cfa0:	9a0b      	ldr	r2, [sp, #44]	@ 0x2c
3418cfa2:	2a00      	cmp	r2, #0
3418cfa4:	f040 81b2 	bne.w	3418d30c <_dtoa_r+0x5b4>
3418cfa8:	9b10      	ldr	r3, [sp, #64]	@ 0x40
3418cfaa:	f1c3 0336 	rsb	r3, r3, #54	@ 0x36
3418cfae:	9a07      	ldr	r2, [sp, #28]
3418cfb0:	4498      	add	r8, r3
3418cfb2:	9f08      	ldr	r7, [sp, #32]
3418cfb4:	18d3      	adds	r3, r2, r3
3418cfb6:	920b      	str	r2, [sp, #44]	@ 0x2c
3418cfb8:	9307      	str	r3, [sp, #28]
3418cfba:	2101      	movs	r1, #1
3418cfbc:	4620      	mov	r0, r4
3418cfbe:	f000 fed5 	bl	3418dd6c <__i2b>
3418cfc2:	9b0b      	ldr	r3, [sp, #44]	@ 0x2c
3418cfc4:	4606      	mov	r6, r0
3418cfc6:	2b00      	cmp	r3, #0
3418cfc8:	f000 848e 	beq.w	3418d8e8 <_dtoa_r+0xb90>
3418cfcc:	f1b8 0f00 	cmp.w	r8, #0
3418cfd0:	f340 848a 	ble.w	3418d8e8 <_dtoa_r+0xb90>
3418cfd4:	9a0b      	ldr	r2, [sp, #44]	@ 0x2c
3418cfd6:	9907      	ldr	r1, [sp, #28]
3418cfd8:	4542      	cmp	r2, r8
3418cfda:	4613      	mov	r3, r2
3418cfdc:	bfa8      	it	ge
3418cfde:	4643      	movge	r3, r8
3418cfe0:	1ac9      	subs	r1, r1, r3
3418cfe2:	1ad2      	subs	r2, r2, r3
3418cfe4:	eba8 0803 	sub.w	r8, r8, r3
3418cfe8:	9b08      	ldr	r3, [sp, #32]
3418cfea:	9107      	str	r1, [sp, #28]
3418cfec:	920b      	str	r2, [sp, #44]	@ 0x2c
3418cfee:	b1bb      	cbz	r3, 3418d020 <_dtoa_r+0x2c8>
3418cff0:	2f00      	cmp	r7, #0
3418cff2:	f000 84d6 	beq.w	3418d9a2 <_dtoa_r+0xc4a>
3418cff6:	4631      	mov	r1, r6
3418cff8:	463a      	mov	r2, r7
3418cffa:	4620      	mov	r0, r4
3418cffc:	f000 ffa8 	bl	3418df50 <__pow5mult>
3418d000:	4606      	mov	r6, r0
3418d002:	462a      	mov	r2, r5
3418d004:	4620      	mov	r0, r4
3418d006:	4631      	mov	r1, r6
3418d008:	f000 fede 	bl	3418ddc8 <__multiply>
3418d00c:	4629      	mov	r1, r5
3418d00e:	900c      	str	r0, [sp, #48]	@ 0x30
3418d010:	4620      	mov	r0, r4
3418d012:	f000 fde3 	bl	3418dbdc <_Bfree>
3418d016:	9b08      	ldr	r3, [sp, #32]
3418d018:	9d0c      	ldr	r5, [sp, #48]	@ 0x30
3418d01a:	1bdf      	subs	r7, r3, r7
3418d01c:	f040 8489 	bne.w	3418d932 <_dtoa_r+0xbda>
3418d020:	2301      	movs	r3, #1
3418d022:	9308      	str	r3, [sp, #32]
3418d024:	2101      	movs	r1, #1
3418d026:	4620      	mov	r0, r4
3418d028:	f000 fea0 	bl	3418dd6c <__i2b>
3418d02c:	9b09      	ldr	r3, [sp, #36]	@ 0x24
3418d02e:	4607      	mov	r7, r0
3418d030:	2b00      	cmp	r3, #0
3418d032:	f040 8264 	bne.w	3418d4fe <_dtoa_r+0x7a6>
3418d036:	f1bb 0f01 	cmp.w	fp, #1
3418d03a:	f340 82b5 	ble.w	3418d5a8 <_dtoa_r+0x850>
3418d03e:	2301      	movs	r3, #1
3418d040:	4443      	add	r3, r8
3418d042:	f013 031f 	ands.w	r3, r3, #31
3418d046:	f000 8221 	beq.w	3418d48c <_dtoa_r+0x734>
3418d04a:	2b1b      	cmp	r3, #27
3418d04c:	f300 8343 	bgt.w	3418d6d6 <_dtoa_r+0x97e>
3418d050:	f1c3 031c 	rsb	r3, r3, #28
3418d054:	9a07      	ldr	r2, [sp, #28]
3418d056:	4498      	add	r8, r3
3418d058:	441a      	add	r2, r3
3418d05a:	9207      	str	r2, [sp, #28]
3418d05c:	9a0b      	ldr	r2, [sp, #44]	@ 0x2c
3418d05e:	441a      	add	r2, r3
3418d060:	920b      	str	r2, [sp, #44]	@ 0x2c
3418d062:	9b07      	ldr	r3, [sp, #28]
3418d064:	2b00      	cmp	r3, #0
3418d066:	dd05      	ble.n	3418d074 <_dtoa_r+0x31c>
3418d068:	4629      	mov	r1, r5
3418d06a:	461a      	mov	r2, r3
3418d06c:	4620      	mov	r0, r4
3418d06e:	f000 ffcb 	bl	3418e008 <__lshift>
3418d072:	4605      	mov	r5, r0
3418d074:	f1b8 0f00 	cmp.w	r8, #0
3418d078:	dd05      	ble.n	3418d086 <_dtoa_r+0x32e>
3418d07a:	4639      	mov	r1, r7
3418d07c:	4642      	mov	r2, r8
3418d07e:	4620      	mov	r0, r4
3418d080:	f000 ffc2 	bl	3418e008 <__lshift>
3418d084:	4607      	mov	r7, r0
3418d086:	f1bb 0f02 	cmp.w	fp, #2
3418d08a:	9b0a      	ldr	r3, [sp, #40]	@ 0x28
3418d08c:	bfd4      	ite	le
3418d08e:	f04f 0800 	movle.w	r8, #0
3418d092:	f04f 0801 	movgt.w	r8, #1
3418d096:	2b00      	cmp	r3, #0
3418d098:	f040 8246 	bne.w	3418d528 <_dtoa_r+0x7d0>
3418d09c:	f1b9 0f00 	cmp.w	r9, #0
3418d0a0:	f300 80de 	bgt.w	3418d260 <_dtoa_r+0x508>
3418d0a4:	f1b8 0f00 	cmp.w	r8, #0
3418d0a8:	f000 80da 	beq.w	3418d260 <_dtoa_r+0x508>
3418d0ac:	f1b9 0f00 	cmp.w	r9, #0
3418d0b0:	f040 8214 	bne.w	3418d4dc <_dtoa_r+0x784>
3418d0b4:	4639      	mov	r1, r7
3418d0b6:	464b      	mov	r3, r9
3418d0b8:	2205      	movs	r2, #5
3418d0ba:	4620      	mov	r0, r4
3418d0bc:	f000 fd98 	bl	3418dbf0 <__multadd>
3418d0c0:	4607      	mov	r7, r0
3418d0c2:	4628      	mov	r0, r5
3418d0c4:	4639      	mov	r1, r7
3418d0c6:	f001 f811 	bl	3418e0ec <__mcmp>
3418d0ca:	4548      	cmp	r0, r9
3418d0cc:	f340 8206 	ble.w	3418d4dc <_dtoa_r+0x784>
3418d0d0:	9b00      	ldr	r3, [sp, #0]
3418d0d2:	46d3      	mov	fp, sl
3418d0d4:	f103 0801 	add.w	r8, r3, #1
3418d0d8:	2331      	movs	r3, #49	@ 0x31
3418d0da:	f80b 3b01 	strb.w	r3, [fp], #1
3418d0de:	4639      	mov	r1, r7
3418d0e0:	4620      	mov	r0, r4
3418d0e2:	f000 fd7b 	bl	3418dbdc <_Bfree>
3418d0e6:	f108 0301 	add.w	r3, r8, #1
3418d0ea:	9302      	str	r3, [sp, #8]
3418d0ec:	b11e      	cbz	r6, 3418d0f6 <_dtoa_r+0x39e>
3418d0ee:	4631      	mov	r1, r6
3418d0f0:	4620      	mov	r0, r4
3418d0f2:	f000 fd73 	bl	3418dbdc <_Bfree>
3418d0f6:	4629      	mov	r1, r5
3418d0f8:	4620      	mov	r0, r4
3418d0fa:	f000 fd6f 	bl	3418dbdc <_Bfree>
3418d0fe:	2300      	movs	r3, #0
3418d100:	9a02      	ldr	r2, [sp, #8]
3418d102:	f88b 3000 	strb.w	r3, [fp]
3418d106:	9b06      	ldr	r3, [sp, #24]
3418d108:	601a      	str	r2, [r3, #0]
3418d10a:	9b1d      	ldr	r3, [sp, #116]	@ 0x74
3418d10c:	2b00      	cmp	r3, #0
3418d10e:	f43f ae56 	beq.w	3418cdbe <_dtoa_r+0x66>
3418d112:	4650      	mov	r0, sl
3418d114:	f8c3 b000 	str.w	fp, [r3]
3418d118:	b013      	add	sp, #76	@ 0x4c
3418d11a:	e8bd 8ff0 	ldmia.w	sp!, {r4, r5, r6, r7, r8, r9, sl, fp, pc}
3418d11e:	2201      	movs	r2, #1
3418d120:	920a      	str	r2, [sp, #40]	@ 0x28
3418d122:	f1b8 0f00 	cmp.w	r8, #0
3418d126:	db1c      	blt.n	3418d162 <_dtoa_r+0x40a>
3418d128:	2300      	movs	r3, #0
3418d12a:	9307      	str	r3, [sp, #28]
3418d12c:	9b00      	ldr	r3, [sp, #0]
3418d12e:	2b00      	cmp	r3, #0
3418d130:	da14      	bge.n	3418d15c <_dtoa_r+0x404>
3418d132:	9a07      	ldr	r2, [sp, #28]
3418d134:	9b00      	ldr	r3, [sp, #0]
3418d136:	1ad2      	subs	r2, r2, r3
3418d138:	425b      	negs	r3, r3
3418d13a:	9308      	str	r3, [sp, #32]
3418d13c:	2300      	movs	r3, #0
3418d13e:	9207      	str	r2, [sp, #28]
3418d140:	9309      	str	r3, [sp, #36]	@ 0x24
3418d142:	e6a9      	b.n	3418ce98 <_dtoa_r+0x140>
3418d144:	eeb8 5be5 	vcvt.f64.s32	d5, s11
3418d148:	eeb4 5b47 	vcmp.f64	d5, d7
3418d14c:	eef1 fa10 	vmrs	APSR_nzcv, fpscr
3418d150:	f43f ae86 	beq.w	3418ce60 <_dtoa_r+0x108>
3418d154:	9900      	ldr	r1, [sp, #0]
3418d156:	3901      	subs	r1, #1
3418d158:	9100      	str	r1, [sp, #0]
3418d15a:	e681      	b.n	3418ce60 <_dtoa_r+0x108>
3418d15c:	4498      	add	r8, r3
3418d15e:	9309      	str	r3, [sp, #36]	@ 0x24
3418d160:	e698      	b.n	3418ce94 <_dtoa_r+0x13c>
3418d162:	f1c3 0301 	rsb	r3, r3, #1
3418d166:	f04f 0800 	mov.w	r8, #0
3418d16a:	9307      	str	r3, [sp, #28]
3418d16c:	e7de      	b.n	3418d12c <_dtoa_r+0x3d4>
3418d16e:	9a00      	ldr	r2, [sp, #0]
3418d170:	3a01      	subs	r2, #1
3418d172:	9200      	str	r2, [sp, #0]
3418d174:	2200      	movs	r2, #0
3418d176:	920a      	str	r2, [sp, #40]	@ 0x28
3418d178:	e7d3      	b.n	3418d122 <_dtoa_r+0x3ca>
3418d17a:	f1c1 0120 	rsb	r1, r1, #32
3418d17e:	fa06 f101 	lsl.w	r1, r6, r1
3418d182:	ee07 1a10 	vmov	s14, r1
3418d186:	e642      	b.n	3418ce0e <_dtoa_r+0xb6>
3418d188:	2601      	movs	r6, #1
3418d18a:	e68f      	b.n	3418ceac <_dtoa_r+0x154>
3418d18c:	2301      	movs	r3, #1
3418d18e:	930f      	str	r3, [sp, #60]	@ 0x3c
3418d190:	9b04      	ldr	r3, [sp, #16]
3418d192:	9a00      	ldr	r2, [sp, #0]
3418d194:	4413      	add	r3, r2
3418d196:	f103 0901 	add.w	r9, r3, #1
3418d19a:	930e      	str	r3, [sp, #56]	@ 0x38
3418d19c:	464f      	mov	r7, r9
3418d19e:	2f01      	cmp	r7, #1
3418d1a0:	bfb8      	it	lt
3418d1a2:	2701      	movlt	r7, #1
3418d1a4:	2f17      	cmp	r7, #23
3418d1a6:	f340 84cc 	ble.w	3418db42 <_dtoa_r+0xdea>
3418d1aa:	2201      	movs	r2, #1
3418d1ac:	2304      	movs	r3, #4
3418d1ae:	005b      	lsls	r3, r3, #1
3418d1b0:	4611      	mov	r1, r2
3418d1b2:	3201      	adds	r2, #1
3418d1b4:	f103 0014 	add.w	r0, r3, #20
3418d1b8:	42b8      	cmp	r0, r7
3418d1ba:	d9f8      	bls.n	3418d1ae <_dtoa_r+0x456>
3418d1bc:	63e1      	str	r1, [r4, #60]	@ 0x3c
3418d1be:	4620      	mov	r0, r4
3418d1c0:	ed8d 6b0c 	vstr	d6, [sp, #48]	@ 0x30
3418d1c4:	f000 fce4 	bl	3418db90 <_Balloc>
3418d1c8:	4682      	mov	sl, r0
3418d1ca:	ed9d 6b0c 	vldr	d6, [sp, #48]	@ 0x30
3418d1ce:	2800      	cmp	r0, #0
3418d1d0:	f000 8456 	beq.w	3418da80 <_dtoa_r+0xd28>
3418d1d4:	f1b9 0f0e 	cmp.w	r9, #14
3418d1d8:	63a0      	str	r0, [r4, #56]	@ 0x38
3418d1da:	f200 8135 	bhi.w	3418d448 <_dtoa_r+0x6f0>
3418d1de:	2e00      	cmp	r6, #0
3418d1e0:	f000 8132 	beq.w	3418d448 <_dtoa_r+0x6f0>
3418d1e4:	9a00      	ldr	r2, [sp, #0]
3418d1e6:	2a00      	cmp	r2, #0
3418d1e8:	f340 8152 	ble.w	3418d490 <_dtoa_r+0x738>
3418d1ec:	49be      	ldr	r1, [pc, #760]	@ (3418d4e8 <_dtoa_r+0x790>)
3418d1ee:	f002 030f 	and.w	r3, r2, #15
3418d1f2:	05d6      	lsls	r6, r2, #23
3418d1f4:	eb01 03c3 	add.w	r3, r1, r3, lsl #3
3418d1f8:	ed93 7b00 	vldr	d7, [r3]
3418d1fc:	ea4f 1322 	mov.w	r3, r2, asr #4
3418d200:	f140 81b9 	bpl.w	3418d576 <_dtoa_r+0x81e>
3418d204:	4ab9      	ldr	r2, [pc, #740]	@ (3418d4ec <_dtoa_r+0x794>)
3418d206:	f003 030f 	and.w	r3, r3, #15
3418d20a:	2103      	movs	r1, #3
3418d20c:	ed92 5b08 	vldr	d5, [r2, #32]
3418d210:	ee86 4b05 	vdiv.f64	d4, d6, d5
3418d214:	2b00      	cmp	r3, #0
3418d216:	d07c      	beq.n	3418d312 <_dtoa_r+0x5ba>
3418d218:	4ab4      	ldr	r2, [pc, #720]	@ (3418d4ec <_dtoa_r+0x794>)
3418d21a:	e001      	b.n	3418d220 <_dtoa_r+0x4c8>
3418d21c:	105b      	asrs	r3, r3, #1
3418d21e:	3208      	adds	r2, #8
3418d220:	07d8      	lsls	r0, r3, #31
3418d222:	d403      	bmi.n	3418d22c <_dtoa_r+0x4d4>
3418d224:	105b      	asrs	r3, r3, #1
3418d226:	3208      	adds	r2, #8
3418d228:	07df      	lsls	r7, r3, #31
3418d22a:	d5f7      	bpl.n	3418d21c <_dtoa_r+0x4c4>
3418d22c:	105b      	asrs	r3, r3, #1
3418d22e:	f101 0101 	add.w	r1, r1, #1
3418d232:	ed92 5b00 	vldr	d5, [r2]
3418d236:	ee27 7b05 	vmul.f64	d7, d7, d5
3418d23a:	d06a      	beq.n	3418d312 <_dtoa_r+0x5ba>
3418d23c:	3208      	adds	r2, #8
3418d23e:	e7f3      	b.n	3418d228 <_dtoa_r+0x4d0>
3418d240:	2301      	movs	r3, #1
3418d242:	930f      	str	r3, [sp, #60]	@ 0x3c
3418d244:	9b04      	ldr	r3, [sp, #16]
3418d246:	2b00      	cmp	r3, #0
3418d248:	f340 8152 	ble.w	3418d4f0 <_dtoa_r+0x798>
3418d24c:	9f04      	ldr	r7, [sp, #16]
3418d24e:	46b9      	mov	r9, r7
3418d250:	970e      	str	r7, [sp, #56]	@ 0x38
3418d252:	e7a7      	b.n	3418d1a4 <_dtoa_r+0x44c>
3418d254:	2300      	movs	r3, #0
3418d256:	930f      	str	r3, [sp, #60]	@ 0x3c
3418d258:	e79a      	b.n	3418d190 <_dtoa_r+0x438>
3418d25a:	2300      	movs	r3, #0
3418d25c:	930f      	str	r3, [sp, #60]	@ 0x3c
3418d25e:	e7f1      	b.n	3418d244 <_dtoa_r+0x4ec>
3418d260:	9b08      	ldr	r3, [sp, #32]
3418d262:	2b00      	cmp	r3, #0
3418d264:	f040 8259 	bne.w	3418d71a <_dtoa_r+0x9c2>
3418d268:	9b00      	ldr	r3, [sp, #0]
3418d26a:	3301      	adds	r3, #1
3418d26c:	9302      	str	r3, [sp, #8]
3418d26e:	46d0      	mov	r8, sl
3418d270:	f04f 0b01 	mov.w	fp, #1
3418d274:	e008      	b.n	3418d288 <_dtoa_r+0x530>
3418d276:	4629      	mov	r1, r5
3418d278:	2300      	movs	r3, #0
3418d27a:	220a      	movs	r2, #10
3418d27c:	4620      	mov	r0, r4
3418d27e:	f000 fcb7 	bl	3418dbf0 <__multadd>
3418d282:	f10b 0b01 	add.w	fp, fp, #1
3418d286:	4605      	mov	r5, r0
3418d288:	4639      	mov	r1, r7
3418d28a:	4628      	mov	r0, r5
3418d28c:	f7ff fcc6 	bl	3418cc1c <quorem>
3418d290:	45cb      	cmp	fp, r9
3418d292:	f100 0330 	add.w	r3, r0, #48	@ 0x30
3418d296:	f808 3b01 	strb.w	r3, [r8], #1
3418d29a:	dbec      	blt.n	3418d276 <_dtoa_r+0x51e>
3418d29c:	f1b9 0f00 	cmp.w	r9, #0
3418d2a0:	f10a 0201 	add.w	r2, sl, #1
3418d2a4:	f109 39ff 	add.w	r9, r9, #4294967295	@ 0xffffffff
3418d2a8:	bfd8      	it	le
3418d2aa:	f04f 0900 	movle.w	r9, #0
3418d2ae:	4491      	add	r9, r2
3418d2b0:	2200      	movs	r2, #0
3418d2b2:	9204      	str	r2, [sp, #16]
3418d2b4:	4629      	mov	r1, r5
3418d2b6:	2201      	movs	r2, #1
3418d2b8:	4620      	mov	r0, r4
3418d2ba:	9307      	str	r3, [sp, #28]
3418d2bc:	f000 fea4 	bl	3418e008 <__lshift>
3418d2c0:	4639      	mov	r1, r7
3418d2c2:	4605      	mov	r5, r0
3418d2c4:	f000 ff12 	bl	3418e0ec <__mcmp>
3418d2c8:	2800      	cmp	r0, #0
3418d2ca:	dc03      	bgt.n	3418d2d4 <_dtoa_r+0x57c>
3418d2cc:	e353      	b.n	3418d976 <_dtoa_r+0xc1e>
3418d2ce:	45d1      	cmp	r9, sl
3418d2d0:	f000 835c 	beq.w	3418d98c <_dtoa_r+0xc34>
3418d2d4:	f819 3c01 	ldrb.w	r3, [r9, #-1]
3418d2d8:	46cb      	mov	fp, r9
3418d2da:	f109 39ff 	add.w	r9, r9, #4294967295	@ 0xffffffff
3418d2de:	2b39      	cmp	r3, #57	@ 0x39
3418d2e0:	d0f5      	beq.n	3418d2ce <_dtoa_r+0x576>
3418d2e2:	3301      	adds	r3, #1
3418d2e4:	f889 3000 	strb.w	r3, [r9]
3418d2e8:	4639      	mov	r1, r7
3418d2ea:	4620      	mov	r0, r4
3418d2ec:	f000 fc76 	bl	3418dbdc <_Bfree>
3418d2f0:	2e00      	cmp	r6, #0
3418d2f2:	f43f af00 	beq.w	3418d0f6 <_dtoa_r+0x39e>
3418d2f6:	9904      	ldr	r1, [sp, #16]
3418d2f8:	2900      	cmp	r1, #0
3418d2fa:	f43f aef8 	beq.w	3418d0ee <_dtoa_r+0x396>
3418d2fe:	42b1      	cmp	r1, r6
3418d300:	f43f aef5 	beq.w	3418d0ee <_dtoa_r+0x396>
3418d304:	4620      	mov	r0, r4
3418d306:	f000 fc69 	bl	3418dbdc <_Bfree>
3418d30a:	e6f0      	b.n	3418d0ee <_dtoa_r+0x396>
3418d30c:	f203 4333 	addw	r3, r3, #1075	@ 0x433
3418d310:	e64d      	b.n	3418cfae <_dtoa_r+0x256>
3418d312:	ee84 5b07 	vdiv.f64	d5, d4, d7
3418d316:	9b0a      	ldr	r3, [sp, #40]	@ 0x28
3418d318:	b13b      	cbz	r3, 3418d32a <_dtoa_r+0x5d2>
3418d31a:	eeb7 7b00 	vmov.f64	d7, #112	@ 0x3f800000  1.0
3418d31e:	eeb4 5bc7 	vcmpe.f64	d5, d7
3418d322:	eef1 fa10 	vmrs	APSR_nzcv, fpscr
3418d326:	f100 82c0 	bmi.w	3418d8aa <_dtoa_r+0xb52>
3418d32a:	ee07 1a90 	vmov	s15, r1
3418d32e:	eeb1 4b0c 	vmov.f64	d4, #28	@ 0x40e00000  7.0
3418d332:	eeb8 7be7 	vcvt.f64.s32	d7, s15
3418d336:	eea7 4b05 	vfma.f64	d4, d7, d5
3418d33a:	ee14 1a90 	vmov	r1, s9
3418d33e:	ec53 2b14 	vmov	r2, r3, d4
3418d342:	f1a1 7350 	sub.w	r3, r1, #54525952	@ 0x3400000
3418d346:	f1b9 0f00 	cmp.w	r9, #0
3418d34a:	d069      	beq.n	3418d420 <_dtoa_r+0x6c8>
3418d34c:	f8dd c000 	ldr.w	ip, [sp]
3418d350:	464e      	mov	r6, r9
3418d352:	eefd 3bc5 	vcvt.s32.f64	s7, d5
3418d356:	4964      	ldr	r1, [pc, #400]	@ (3418d4e8 <_dtoa_r+0x790>)
3418d358:	ec43 2b14 	vmov	d4, r2, r3
3418d35c:	eb01 00c6 	add.w	r0, r1, r6, lsl #3
3418d360:	ee13 2a90 	vmov	r2, s7
3418d364:	eeb8 7be3 	vcvt.f64.s32	d7, s7
3418d368:	f10a 0301 	add.w	r3, sl, #1
3418d36c:	3230      	adds	r2, #48	@ 0x30
3418d36e:	ed10 3b02 	vldr	d3, [r0, #-8]
3418d372:	980f      	ldr	r0, [sp, #60]	@ 0x3c
3418d374:	ee35 7b47 	vsub.f64	d7, d5, d7
3418d378:	f88a 2000 	strb.w	r2, [sl]
3418d37c:	2800      	cmp	r0, #0
3418d37e:	f000 8136 	beq.w	3418d5ee <_dtoa_r+0x896>
3418d382:	eeb6 2b00 	vmov.f64	d2, #96	@ 0x3f000000  0.5
3418d386:	ee82 5b03 	vdiv.f64	d5, d2, d3
3418d38a:	ee35 5b44 	vsub.f64	d5, d5, d4
3418d38e:	eeb4 5bc7 	vcmpe.f64	d5, d7
3418d392:	eef1 fa10 	vmrs	APSR_nzcv, fpscr
3418d396:	f300 8306 	bgt.w	3418d9a6 <_dtoa_r+0xc4e>
3418d39a:	eeb7 1b00 	vmov.f64	d1, #112	@ 0x3f800000  1.0
3418d39e:	2000      	movs	r0, #0
3418d3a0:	eeb2 3b04 	vmov.f64	d3, #36	@ 0x41200000  10.0
3418d3a4:	e018      	b.n	3418d3d8 <_dtoa_r+0x680>
3418d3a6:	3001      	adds	r0, #1
3418d3a8:	42b0      	cmp	r0, r6
3418d3aa:	f280 831b 	bge.w	3418d9e4 <_dtoa_r+0xc8c>
3418d3ae:	ee27 7b03 	vmul.f64	d7, d7, d3
3418d3b2:	ee25 5b03 	vmul.f64	d5, d5, d3
3418d3b6:	eefd 4bc7 	vcvt.s32.f64	s9, d7
3418d3ba:	eeb8 2be4 	vcvt.f64.s32	d2, s9
3418d3be:	ee14 2a90 	vmov	r2, s9
3418d3c2:	3230      	adds	r2, #48	@ 0x30
3418d3c4:	ee37 7b42 	vsub.f64	d7, d7, d2
3418d3c8:	f803 2b01 	strb.w	r2, [r3], #1
3418d3cc:	eeb4 7bc5 	vcmpe.f64	d7, d5
3418d3d0:	eef1 fa10 	vmrs	APSR_nzcv, fpscr
3418d3d4:	f100 82e7 	bmi.w	3418d9a6 <_dtoa_r+0xc4e>
3418d3d8:	ee31 4b47 	vsub.f64	d4, d1, d7
3418d3dc:	eeb4 4bc5 	vcmpe.f64	d4, d5
3418d3e0:	eef1 fa10 	vmrs	APSR_nzcv, fpscr
3418d3e4:	d5df      	bpl.n	3418d3a6 <_dtoa_r+0x64e>
3418d3e6:	e002      	b.n	3418d3ee <_dtoa_r+0x696>
3418d3e8:	4553      	cmp	r3, sl
3418d3ea:	f000 82d6 	beq.w	3418d99a <_dtoa_r+0xc42>
3418d3ee:	469b      	mov	fp, r3
3418d3f0:	f813 2d01 	ldrb.w	r2, [r3, #-1]!
3418d3f4:	2a39      	cmp	r2, #57	@ 0x39
3418d3f6:	d0f7      	beq.n	3418d3e8 <_dtoa_r+0x690>
3418d3f8:	3201      	adds	r2, #1
3418d3fa:	701a      	strb	r2, [r3, #0]
3418d3fc:	f10c 0301 	add.w	r3, ip, #1
3418d400:	9302      	str	r3, [sp, #8]
3418d402:	e678      	b.n	3418d0f6 <_dtoa_r+0x39e>
3418d404:	ee07 1a90 	vmov	s15, r1
3418d408:	eeb1 4b0c 	vmov.f64	d4, #28	@ 0x40e00000  7.0
3418d40c:	eeb8 7be7 	vcvt.f64.s32	d7, s15
3418d410:	eea7 4b05 	vfma.f64	d4, d7, d5
3418d414:	ee14 1a90 	vmov	r1, s9
3418d418:	ec53 2b14 	vmov	r2, r3, d4
3418d41c:	f1a1 7350 	sub.w	r3, r1, #54525952	@ 0x3400000
3418d420:	eeb1 7b04 	vmov.f64	d7, #20	@ 0x40a00000  5.0
3418d424:	ec43 2b14 	vmov	d4, r2, r3
3418d428:	ee35 7b47 	vsub.f64	d7, d5, d7
3418d42c:	eeb4 7bc4 	vcmpe.f64	d7, d4
3418d430:	eef1 fa10 	vmrs	APSR_nzcv, fpscr
3418d434:	f300 825e 	bgt.w	3418d8f4 <_dtoa_r+0xb9c>
3418d438:	eeb1 4b44 	vneg.f64	d4, d4
3418d43c:	eeb4 7bc4 	vcmpe.f64	d7, d4
3418d440:	eef1 fa10 	vmrs	APSR_nzcv, fpscr
3418d444:	f100 80ca 	bmi.w	3418d5dc <_dtoa_r+0x884>
3418d448:	9b11      	ldr	r3, [sp, #68]	@ 0x44
3418d44a:	2b00      	cmp	r3, #0
3418d44c:	db03      	blt.n	3418d456 <_dtoa_r+0x6fe>
3418d44e:	9a00      	ldr	r2, [sp, #0]
3418d450:	2a0e      	cmp	r2, #14
3418d452:	f340 8328 	ble.w	3418daa6 <_dtoa_r+0xd4e>
3418d456:	9a0f      	ldr	r2, [sp, #60]	@ 0x3c
3418d458:	2a00      	cmp	r2, #0
3418d45a:	f040 8090 	bne.w	3418d57e <_dtoa_r+0x826>
3418d45e:	9b07      	ldr	r3, [sp, #28]
3418d460:	2b00      	cmp	r3, #0
3418d462:	f000 813e 	beq.w	3418d6e2 <_dtoa_r+0x98a>
3418d466:	f1b8 0f00 	cmp.w	r8, #0
3418d46a:	f000 813a 	beq.w	3418d6e2 <_dtoa_r+0x98a>
3418d46e:	9a07      	ldr	r2, [sp, #28]
3418d470:	9e08      	ldr	r6, [sp, #32]
3418d472:	4542      	cmp	r2, r8
3418d474:	4613      	mov	r3, r2
3418d476:	bfa8      	it	ge
3418d478:	4643      	movge	r3, r8
3418d47a:	1ad2      	subs	r2, r2, r3
3418d47c:	eba8 0803 	sub.w	r8, r8, r3
3418d480:	9207      	str	r2, [sp, #28]
3418d482:	2e00      	cmp	r6, #0
3418d484:	f040 812f 	bne.w	3418d6e6 <_dtoa_r+0x98e>
3418d488:	920b      	str	r2, [sp, #44]	@ 0x2c
3418d48a:	e5cb      	b.n	3418d024 <_dtoa_r+0x2cc>
3418d48c:	231c      	movs	r3, #28
3418d48e:	e5e1      	b.n	3418d054 <_dtoa_r+0x2fc>
3418d490:	f000 8207 	beq.w	3418d8a2 <_dtoa_r+0xb4a>
3418d494:	9b00      	ldr	r3, [sp, #0]
3418d496:	4914      	ldr	r1, [pc, #80]	@ (3418d4e8 <_dtoa_r+0x790>)
3418d498:	425b      	negs	r3, r3
3418d49a:	f003 020f 	and.w	r2, r3, #15
3418d49e:	111b      	asrs	r3, r3, #4
3418d4a0:	eb01 02c2 	add.w	r2, r1, r2, lsl #3
3418d4a4:	ed92 5b00 	vldr	d5, [r2]
3418d4a8:	ee26 5b05 	vmul.f64	d5, d6, d5
3418d4ac:	f000 8340 	beq.w	3418db30 <_dtoa_r+0xdd8>
3418d4b0:	4a0e      	ldr	r2, [pc, #56]	@ (3418d4ec <_dtoa_r+0x794>)
3418d4b2:	2102      	movs	r1, #2
3418d4b4:	e001      	b.n	3418d4ba <_dtoa_r+0x762>
3418d4b6:	105b      	asrs	r3, r3, #1
3418d4b8:	3208      	adds	r2, #8
3418d4ba:	07de      	lsls	r6, r3, #31
3418d4bc:	d403      	bmi.n	3418d4c6 <_dtoa_r+0x76e>
3418d4be:	105b      	asrs	r3, r3, #1
3418d4c0:	3208      	adds	r2, #8
3418d4c2:	07d8      	lsls	r0, r3, #31
3418d4c4:	d5f7      	bpl.n	3418d4b6 <_dtoa_r+0x75e>
3418d4c6:	105b      	asrs	r3, r3, #1
3418d4c8:	f101 0101 	add.w	r1, r1, #1
3418d4cc:	ed92 7b00 	vldr	d7, [r2]
3418d4d0:	ee25 5b07 	vmul.f64	d5, d5, d7
3418d4d4:	f43f af1f 	beq.w	3418d316 <_dtoa_r+0x5be>
3418d4d8:	3208      	adds	r2, #8
3418d4da:	e7f2      	b.n	3418d4c2 <_dtoa_r+0x76a>
3418d4dc:	9b04      	ldr	r3, [sp, #16]
3418d4de:	46d3      	mov	fp, sl
3418d4e0:	ea6f 0803 	mvn.w	r8, r3
3418d4e4:	e5fb      	b.n	3418d0de <_dtoa_r+0x386>
3418d4e6:	bf00      	nop
3418d4e8:	3418ff98 	.word	0x3418ff98
3418d4ec:	3418ff70 	.word	0x3418ff70
3418d4f0:	2301      	movs	r3, #1
3418d4f2:	2100      	movs	r1, #0
3418d4f4:	4699      	mov	r9, r3
3418d4f6:	63e1      	str	r1, [r4, #60]	@ 0x3c
3418d4f8:	930e      	str	r3, [sp, #56]	@ 0x38
3418d4fa:	9304      	str	r3, [sp, #16]
3418d4fc:	e65f      	b.n	3418d1be <_dtoa_r+0x466>
3418d4fe:	4601      	mov	r1, r0
3418d500:	461a      	mov	r2, r3
3418d502:	4620      	mov	r0, r4
3418d504:	f000 fd24 	bl	3418df50 <__pow5mult>
3418d508:	f1bb 0f01 	cmp.w	fp, #1
3418d50c:	4607      	mov	r7, r0
3418d50e:	f340 821a 	ble.w	3418d946 <_dtoa_r+0xbee>
3418d512:	2300      	movs	r3, #0
3418d514:	9309      	str	r3, [sp, #36]	@ 0x24
3418d516:	693b      	ldr	r3, [r7, #16]
3418d518:	eb07 0383 	add.w	r3, r7, r3, lsl #2
3418d51c:	6918      	ldr	r0, [r3, #16]
3418d51e:	f000 fbbb 	bl	3418dc98 <__hi0bits>
3418d522:	f1c0 0320 	rsb	r3, r0, #32
3418d526:	e58b      	b.n	3418d040 <_dtoa_r+0x2e8>
3418d528:	4639      	mov	r1, r7
3418d52a:	4628      	mov	r0, r5
3418d52c:	f000 fdde 	bl	3418e0ec <__mcmp>
3418d530:	2800      	cmp	r0, #0
3418d532:	f6bf adb3 	bge.w	3418d09c <_dtoa_r+0x344>
3418d536:	4629      	mov	r1, r5
3418d538:	9d00      	ldr	r5, [sp, #0]
3418d53a:	2300      	movs	r3, #0
3418d53c:	220a      	movs	r2, #10
3418d53e:	3d01      	subs	r5, #1
3418d540:	4620      	mov	r0, r4
3418d542:	9507      	str	r5, [sp, #28]
3418d544:	f000 fb54 	bl	3418dbf0 <__multadd>
3418d548:	9b0e      	ldr	r3, [sp, #56]	@ 0x38
3418d54a:	4605      	mov	r5, r0
3418d54c:	2b00      	cmp	r3, #0
3418d54e:	bfcc      	ite	gt
3418d550:	f04f 0800 	movgt.w	r8, #0
3418d554:	f008 0801 	andle.w	r8, r8, #1
3418d558:	9b08      	ldr	r3, [sp, #32]
3418d55a:	2b00      	cmp	r3, #0
3418d55c:	f040 80ce 	bne.w	3418d6fc <_dtoa_r+0x9a4>
3418d560:	f1b8 0f00 	cmp.w	r8, #0
3418d564:	f040 82d7 	bne.w	3418db16 <_dtoa_r+0xdbe>
3418d568:	9b00      	ldr	r3, [sp, #0]
3418d56a:	f8dd 9038 	ldr.w	r9, [sp, #56]	@ 0x38
3418d56e:	9302      	str	r3, [sp, #8]
3418d570:	9b07      	ldr	r3, [sp, #28]
3418d572:	9300      	str	r3, [sp, #0]
3418d574:	e67b      	b.n	3418d26e <_dtoa_r+0x516>
3418d576:	eeb0 4b46 	vmov.f64	d4, d6
3418d57a:	2102      	movs	r1, #2
3418d57c:	e64a      	b.n	3418d214 <_dtoa_r+0x4bc>
3418d57e:	f1bb 0f01 	cmp.w	fp, #1
3418d582:	f77f ad0d 	ble.w	3418cfa0 <_dtoa_r+0x248>
3418d586:	f109 37ff 	add.w	r7, r9, #4294967295	@ 0xffffffff
3418d58a:	9b08      	ldr	r3, [sp, #32]
3418d58c:	42bb      	cmp	r3, r7
3418d58e:	f2c0 81be 	blt.w	3418d90e <_dtoa_r+0xbb6>
3418d592:	f1b9 0f00 	cmp.w	r9, #0
3418d596:	eba3 0707 	sub.w	r7, r3, r7
3418d59a:	f280 82c2 	bge.w	3418db22 <_dtoa_r+0xdca>
3418d59e:	9b07      	ldr	r3, [sp, #28]
3418d5a0:	eba3 0309 	sub.w	r3, r3, r9
3418d5a4:	930b      	str	r3, [sp, #44]	@ 0x2c
3418d5a6:	e508      	b.n	3418cfba <_dtoa_r+0x262>
3418d5a8:	9b02      	ldr	r3, [sp, #8]
3418d5aa:	2b00      	cmp	r3, #0
3418d5ac:	f47f ad47 	bne.w	3418d03e <_dtoa_r+0x2e6>
3418d5b0:	9b03      	ldr	r3, [sp, #12]
3418d5b2:	f3c3 0313 	ubfx	r3, r3, #0, #20
3418d5b6:	2b00      	cmp	r3, #0
3418d5b8:	f47f ad41 	bne.w	3418d03e <_dtoa_r+0x2e6>
3418d5bc:	9b03      	ldr	r3, [sp, #12]
3418d5be:	f023 4300 	bic.w	r3, r3, #2147483648	@ 0x80000000
3418d5c2:	0d1b      	lsrs	r3, r3, #20
3418d5c4:	051b      	lsls	r3, r3, #20
3418d5c6:	2b00      	cmp	r3, #0
3418d5c8:	f43f ad39 	beq.w	3418d03e <_dtoa_r+0x2e6>
3418d5cc:	9b07      	ldr	r3, [sp, #28]
3418d5ce:	f108 0801 	add.w	r8, r8, #1
3418d5d2:	3301      	adds	r3, #1
3418d5d4:	9307      	str	r3, [sp, #28]
3418d5d6:	2301      	movs	r3, #1
3418d5d8:	9309      	str	r3, [sp, #36]	@ 0x24
3418d5da:	e531      	b.n	3418d040 <_dtoa_r+0x2e8>
3418d5dc:	2100      	movs	r1, #0
3418d5de:	4620      	mov	r0, r4
3418d5e0:	46d3      	mov	fp, sl
3418d5e2:	f000 fafb 	bl	3418dbdc <_Bfree>
3418d5e6:	9b04      	ldr	r3, [sp, #16]
3418d5e8:	425b      	negs	r3, r3
3418d5ea:	9302      	str	r3, [sp, #8]
3418d5ec:	e583      	b.n	3418d0f6 <_dtoa_r+0x39e>
3418d5ee:	2e01      	cmp	r6, #1
3418d5f0:	ee24 2b03 	vmul.f64	d2, d4, d3
3418d5f4:	f000 828d 	beq.w	3418db12 <_dtoa_r+0xdba>
3418d5f8:	eeb2 3b04 	vmov.f64	d3, #36	@ 0x41200000  10.0
3418d5fc:	eb0a 0706 	add.w	r7, sl, r6
3418d600:	4618      	mov	r0, r3
3418d602:	ee27 7b03 	vmul.f64	d7, d7, d3
3418d606:	eefd 5bc7 	vcvt.s32.f64	s11, d7
3418d60a:	ee15 2a90 	vmov	r2, s11
3418d60e:	eeb8 4be5 	vcvt.f64.s32	d4, s11
3418d612:	3230      	adds	r2, #48	@ 0x30
3418d614:	ee37 7b44 	vsub.f64	d7, d7, d4
3418d618:	f800 2b01 	strb.w	r2, [r0], #1
3418d61c:	4287      	cmp	r7, r0
3418d61e:	d1f0      	bne.n	3418d602 <_dtoa_r+0x8aa>
3418d620:	1e5a      	subs	r2, r3, #1
3418d622:	4432      	add	r2, r6
3418d624:	eeb6 5b00 	vmov.f64	d5, #96	@ 0x3f000000  0.5
3418d628:	ee32 4b05 	vadd.f64	d4, d2, d5
3418d62c:	eeb4 4bc7 	vcmpe.f64	d4, d7
3418d630:	eef1 fa10 	vmrs	APSR_nzcv, fpscr
3418d634:	f100 81bd 	bmi.w	3418d9b2 <_dtoa_r+0xc5a>
3418d638:	ee35 5b42 	vsub.f64	d5, d5, d2
3418d63c:	eeb4 5bc7 	vcmpe.f64	d5, d7
3418d640:	eef1 fa10 	vmrs	APSR_nzcv, fpscr
3418d644:	dc40      	bgt.n	3418d6c8 <_dtoa_r+0x970>
3418d646:	9a11      	ldr	r2, [sp, #68]	@ 0x44
3418d648:	2a00      	cmp	r2, #0
3418d64a:	f6ff af08 	blt.w	3418d45e <_dtoa_r+0x706>
3418d64e:	9a00      	ldr	r2, [sp, #0]
3418d650:	2a0e      	cmp	r2, #14
3418d652:	f73f af04 	bgt.w	3418d45e <_dtoa_r+0x706>
3418d656:	9a00      	ldr	r2, [sp, #0]
3418d658:	eb01 01c2 	add.w	r1, r1, r2, lsl #3
3418d65c:	ed91 5b00 	vldr	d5, [r1]
3418d660:	ee86 7b05 	vdiv.f64	d7, d6, d5
3418d664:	f1b9 0f01 	cmp.w	r9, #1
3418d668:	eebd 7bc7 	vcvt.s32.f64	s14, d7
3418d66c:	ee17 2a10 	vmov	r2, s14
3418d670:	eeb8 4bc7 	vcvt.f64.s32	d4, s14
3418d674:	f102 0230 	add.w	r2, r2, #48	@ 0x30
3418d678:	eea4 6b45 	vfms.f64	d6, d4, d5
3418d67c:	f88a 2000 	strb.w	r2, [sl]
3418d680:	f000 81e5 	beq.w	3418da4e <_dtoa_r+0xcf6>
3418d684:	f1c3 0101 	rsb	r1, r3, #1
3418d688:	eeb2 3b04 	vmov.f64	d3, #36	@ 0x41200000  10.0
3418d68c:	e010      	b.n	3418d6b0 <_dtoa_r+0x958>
3418d68e:	ee86 7b05 	vdiv.f64	d7, d6, d5
3418d692:	eebd 7bc7 	vcvt.s32.f64	s14, d7
3418d696:	ee17 2a10 	vmov	r2, s14
3418d69a:	eeb8 4bc7 	vcvt.f64.s32	d4, s14
3418d69e:	3230      	adds	r2, #48	@ 0x30
3418d6a0:	eea4 6b45 	vfms.f64	d6, d4, d5
3418d6a4:	f803 2b01 	strb.w	r2, [r3], #1
3418d6a8:	185a      	adds	r2, r3, r1
3418d6aa:	454a      	cmp	r2, r9
3418d6ac:	f000 81cf 	beq.w	3418da4e <_dtoa_r+0xcf6>
3418d6b0:	ee26 6b03 	vmul.f64	d6, d6, d3
3418d6b4:	eeb5 6b40 	vcmp.f64	d6, #0.0
3418d6b8:	eef1 fa10 	vmrs	APSR_nzcv, fpscr
3418d6bc:	d1e7      	bne.n	3418d68e <_dtoa_r+0x936>
3418d6be:	9a00      	ldr	r2, [sp, #0]
3418d6c0:	469b      	mov	fp, r3
3418d6c2:	3201      	adds	r2, #1
3418d6c4:	9202      	str	r2, [sp, #8]
3418d6c6:	e516      	b.n	3418d0f6 <_dtoa_r+0x39e>
3418d6c8:	f812 3c01 	ldrb.w	r3, [r2, #-1]
3418d6cc:	4693      	mov	fp, r2
3418d6ce:	3a01      	subs	r2, #1
3418d6d0:	2b30      	cmp	r3, #48	@ 0x30
3418d6d2:	d0f9      	beq.n	3418d6c8 <_dtoa_r+0x970>
3418d6d4:	e692      	b.n	3418d3fc <_dtoa_r+0x6a4>
3418d6d6:	2b1c      	cmp	r3, #28
3418d6d8:	f43f acc3 	beq.w	3418d062 <_dtoa_r+0x30a>
3418d6dc:	f1c3 033c 	rsb	r3, r3, #60	@ 0x3c
3418d6e0:	e4b8      	b.n	3418d054 <_dtoa_r+0x2fc>
3418d6e2:	9e08      	ldr	r6, [sp, #32]
3418d6e4:	b13e      	cbz	r6, 3418d6f6 <_dtoa_r+0x99e>
3418d6e6:	4629      	mov	r1, r5
3418d6e8:	9a08      	ldr	r2, [sp, #32]
3418d6ea:	4620      	mov	r0, r4
3418d6ec:	2600      	movs	r6, #0
3418d6ee:	f000 fc2f 	bl	3418df50 <__pow5mult>
3418d6f2:	4605      	mov	r5, r0
3418d6f4:	9608      	str	r6, [sp, #32]
3418d6f6:	9b07      	ldr	r3, [sp, #28]
3418d6f8:	930b      	str	r3, [sp, #44]	@ 0x2c
3418d6fa:	e493      	b.n	3418d024 <_dtoa_r+0x2cc>
3418d6fc:	4631      	mov	r1, r6
3418d6fe:	2300      	movs	r3, #0
3418d700:	220a      	movs	r2, #10
3418d702:	4620      	mov	r0, r4
3418d704:	f000 fa74 	bl	3418dbf0 <__multadd>
3418d708:	9b07      	ldr	r3, [sp, #28]
3418d70a:	4606      	mov	r6, r0
3418d70c:	f8dd 9038 	ldr.w	r9, [sp, #56]	@ 0x38
3418d710:	9300      	str	r3, [sp, #0]
3418d712:	f1b8 0f00 	cmp.w	r8, #0
3418d716:	f47f acc9 	bne.w	3418d0ac <_dtoa_r+0x354>
3418d71a:	9b0b      	ldr	r3, [sp, #44]	@ 0x2c
3418d71c:	2b00      	cmp	r3, #0
3418d71e:	dd05      	ble.n	3418d72c <_dtoa_r+0x9d4>
3418d720:	4631      	mov	r1, r6
3418d722:	461a      	mov	r2, r3
3418d724:	4620      	mov	r0, r4
3418d726:	f000 fc6f 	bl	3418e008 <__lshift>
3418d72a:	4606      	mov	r6, r0
3418d72c:	9b09      	ldr	r3, [sp, #36]	@ 0x24
3418d72e:	2b00      	cmp	r3, #0
3418d730:	f040 8141 	bne.w	3418d9b6 <_dtoa_r+0xc5e>
3418d734:	9607      	str	r6, [sp, #28]
3418d736:	f10a 33ff 	add.w	r3, sl, #4294967295	@ 0xffffffff
3418d73a:	f8cd a038 	str.w	sl, [sp, #56]	@ 0x38
3418d73e:	f8cd b020 	str.w	fp, [sp, #32]
3418d742:	444b      	add	r3, r9
3418d744:	46d1      	mov	r9, sl
3418d746:	46ba      	mov	sl, r7
3418d748:	9f07      	ldr	r7, [sp, #28]
3418d74a:	9309      	str	r3, [sp, #36]	@ 0x24
3418d74c:	9b02      	ldr	r3, [sp, #8]
3418d74e:	f003 0301 	and.w	r3, r3, #1
3418d752:	930b      	str	r3, [sp, #44]	@ 0x2c
3418d754:	4651      	mov	r1, sl
3418d756:	4628      	mov	r0, r5
3418d758:	f7ff fa60 	bl	3418cc1c <quorem>
3418d75c:	4631      	mov	r1, r6
3418d75e:	900a      	str	r0, [sp, #40]	@ 0x28
3418d760:	f100 0b30 	add.w	fp, r0, #48	@ 0x30
3418d764:	4628      	mov	r0, r5
3418d766:	f000 fcc1 	bl	3418e0ec <__mcmp>
3418d76a:	4651      	mov	r1, sl
3418d76c:	4680      	mov	r8, r0
3418d76e:	463a      	mov	r2, r7
3418d770:	4620      	mov	r0, r4
3418d772:	f000 fcdb 	bl	3418e12c <__mdiff>
3418d776:	68c3      	ldr	r3, [r0, #12]
3418d778:	4601      	mov	r1, r0
3418d77a:	2b00      	cmp	r3, #0
3418d77c:	d136      	bne.n	3418d7ec <_dtoa_r+0xa94>
3418d77e:	9007      	str	r0, [sp, #28]
3418d780:	4628      	mov	r0, r5
3418d782:	f000 fcb3 	bl	3418e0ec <__mcmp>
3418d786:	9907      	ldr	r1, [sp, #28]
3418d788:	9004      	str	r0, [sp, #16]
3418d78a:	4620      	mov	r0, r4
3418d78c:	f000 fa26 	bl	3418dbdc <_Bfree>
3418d790:	9a08      	ldr	r2, [sp, #32]
3418d792:	9b04      	ldr	r3, [sp, #16]
3418d794:	431a      	orrs	r2, r3
3418d796:	d161      	bne.n	3418d85c <_dtoa_r+0xb04>
3418d798:	9b0b      	ldr	r3, [sp, #44]	@ 0x2c
3418d79a:	2b00      	cmp	r3, #0
3418d79c:	f000 81ad 	beq.w	3418dafa <_dtoa_r+0xda2>
3418d7a0:	f1b8 0f00 	cmp.w	r8, #0
3418d7a4:	f2c0 81a3 	blt.w	3418daee <_dtoa_r+0xd96>
3418d7a8:	9b09      	ldr	r3, [sp, #36]	@ 0x24
3418d7aa:	46c8      	mov	r8, r9
3418d7ac:	454b      	cmp	r3, r9
3418d7ae:	f808 bb01 	strb.w	fp, [r8], #1
3418d7b2:	f000 816c 	beq.w	3418da8e <_dtoa_r+0xd36>
3418d7b6:	4629      	mov	r1, r5
3418d7b8:	2300      	movs	r3, #0
3418d7ba:	220a      	movs	r2, #10
3418d7bc:	4620      	mov	r0, r4
3418d7be:	f000 fa17 	bl	3418dbf0 <__multadd>
3418d7c2:	42be      	cmp	r6, r7
3418d7c4:	4605      	mov	r5, r0
3418d7c6:	4631      	mov	r1, r6
3418d7c8:	f04f 0300 	mov.w	r3, #0
3418d7cc:	f04f 020a 	mov.w	r2, #10
3418d7d0:	4620      	mov	r0, r4
3418d7d2:	d03d      	beq.n	3418d850 <_dtoa_r+0xaf8>
3418d7d4:	f000 fa0c 	bl	3418dbf0 <__multadd>
3418d7d8:	4639      	mov	r1, r7
3418d7da:	4606      	mov	r6, r0
3418d7dc:	2300      	movs	r3, #0
3418d7de:	220a      	movs	r2, #10
3418d7e0:	4620      	mov	r0, r4
3418d7e2:	f000 fa05 	bl	3418dbf0 <__multadd>
3418d7e6:	46c1      	mov	r9, r8
3418d7e8:	4607      	mov	r7, r0
3418d7ea:	e7b3      	b.n	3418d754 <_dtoa_r+0x9fc>
3418d7ec:	4620      	mov	r0, r4
3418d7ee:	f8cd b010 	str.w	fp, [sp, #16]
3418d7f2:	9707      	str	r7, [sp, #28]
3418d7f4:	4657      	mov	r7, sl
3418d7f6:	f8dd b020 	ldr.w	fp, [sp, #32]
3418d7fa:	f8dd a038 	ldr.w	sl, [sp, #56]	@ 0x38
3418d7fe:	f000 f9ed 	bl	3418dbdc <_Bfree>
3418d802:	f1b8 0f00 	cmp.w	r8, #0
3418d806:	9b04      	ldr	r3, [sp, #16]
3418d808:	db06      	blt.n	3418d818 <_dtoa_r+0xac0>
3418d80a:	9a02      	ldr	r2, [sp, #8]
3418d80c:	f002 0101 	and.w	r1, r2, #1
3418d810:	ea48 020b 	orr.w	r2, r8, fp
3418d814:	4311      	orrs	r1, r2
3418d816:	d134      	bne.n	3418d882 <_dtoa_r+0xb2a>
3418d818:	4629      	mov	r1, r5
3418d81a:	2201      	movs	r2, #1
3418d81c:	4620      	mov	r0, r4
3418d81e:	9302      	str	r3, [sp, #8]
3418d820:	f000 fbf2 	bl	3418e008 <__lshift>
3418d824:	4639      	mov	r1, r7
3418d826:	4605      	mov	r5, r0
3418d828:	f000 fc60 	bl	3418e0ec <__mcmp>
3418d82c:	2800      	cmp	r0, #0
3418d82e:	9b02      	ldr	r3, [sp, #8]
3418d830:	f340 8181 	ble.w	3418db36 <_dtoa_r+0xdde>
3418d834:	2b39      	cmp	r3, #57	@ 0x39
3418d836:	f000 8138 	beq.w	3418daaa <_dtoa_r+0xd52>
3418d83a:	9b0a      	ldr	r3, [sp, #40]	@ 0x28
3418d83c:	3331      	adds	r3, #49	@ 0x31
3418d83e:	46cb      	mov	fp, r9
3418d840:	f80b 3b01 	strb.w	r3, [fp], #1
3418d844:	9b00      	ldr	r3, [sp, #0]
3418d846:	9604      	str	r6, [sp, #16]
3418d848:	3301      	adds	r3, #1
3418d84a:	9e07      	ldr	r6, [sp, #28]
3418d84c:	9302      	str	r3, [sp, #8]
3418d84e:	e54b      	b.n	3418d2e8 <_dtoa_r+0x590>
3418d850:	f000 f9ce 	bl	3418dbf0 <__multadd>
3418d854:	46c1      	mov	r9, r8
3418d856:	4606      	mov	r6, r0
3418d858:	4607      	mov	r7, r0
3418d85a:	e77b      	b.n	3418d754 <_dtoa_r+0x9fc>
3418d85c:	f1b8 0f00 	cmp.w	r8, #0
3418d860:	f2c0 812c 	blt.w	3418dabc <_dtoa_r+0xd64>
3418d864:	9a08      	ldr	r2, [sp, #32]
3418d866:	ea48 0802 	orr.w	r8, r8, r2
3418d86a:	9a0b      	ldr	r2, [sp, #44]	@ 0x2c
3418d86c:	ea52 0808 	orrs.w	r8, r2, r8
3418d870:	f000 8124 	beq.w	3418dabc <_dtoa_r+0xd64>
3418d874:	2b00      	cmp	r3, #0
3418d876:	dd97      	ble.n	3418d7a8 <_dtoa_r+0xa50>
3418d878:	9707      	str	r7, [sp, #28]
3418d87a:	465b      	mov	r3, fp
3418d87c:	4657      	mov	r7, sl
3418d87e:	f8dd a038 	ldr.w	sl, [sp, #56]	@ 0x38
3418d882:	2b39      	cmp	r3, #57	@ 0x39
3418d884:	f000 8111 	beq.w	3418daaa <_dtoa_r+0xd52>
3418d888:	46cb      	mov	fp, r9
3418d88a:	3301      	adds	r3, #1
3418d88c:	e7d8      	b.n	3418d840 <_dtoa_r+0xae8>
3418d88e:	f1c3 0301 	rsb	r3, r3, #1
3418d892:	9307      	str	r3, [sp, #28]
3418d894:	9b00      	ldr	r3, [sp, #0]
3418d896:	4698      	mov	r8, r3
3418d898:	9309      	str	r3, [sp, #36]	@ 0x24
3418d89a:	2300      	movs	r3, #0
3418d89c:	930a      	str	r3, [sp, #40]	@ 0x28
3418d89e:	f7ff baf9 	b.w	3418ce94 <_dtoa_r+0x13c>
3418d8a2:	eeb0 5b46 	vmov.f64	d5, d6
3418d8a6:	2102      	movs	r1, #2
3418d8a8:	e535      	b.n	3418d316 <_dtoa_r+0x5be>
3418d8aa:	f1b9 0f00 	cmp.w	r9, #0
3418d8ae:	f43f ada9 	beq.w	3418d404 <_dtoa_r+0x6ac>
3418d8b2:	9e0e      	ldr	r6, [sp, #56]	@ 0x38
3418d8b4:	2e00      	cmp	r6, #0
3418d8b6:	f77f adc7 	ble.w	3418d448 <_dtoa_r+0x6f0>
3418d8ba:	eeb2 3b04 	vmov.f64	d3, #36	@ 0x41200000  10.0
3418d8be:	3101      	adds	r1, #1
3418d8c0:	eeb1 4b0c 	vmov.f64	d4, #28	@ 0x40e00000  7.0
3418d8c4:	9b00      	ldr	r3, [sp, #0]
3418d8c6:	ee07 1a90 	vmov	s15, r1
3418d8ca:	ee25 5b03 	vmul.f64	d5, d5, d3
3418d8ce:	f103 3cff 	add.w	ip, r3, #4294967295	@ 0xffffffff
3418d8d2:	eeb8 7be7 	vcvt.f64.s32	d7, s15
3418d8d6:	eea5 4b07 	vfma.f64	d4, d5, d7
3418d8da:	ee14 1a90 	vmov	r1, s9
3418d8de:	ec53 2b14 	vmov	r2, r3, d4
3418d8e2:	f1a1 7350 	sub.w	r3, r1, #54525952	@ 0x3400000
3418d8e6:	e534      	b.n	3418d352 <_dtoa_r+0x5fa>
3418d8e8:	9b08      	ldr	r3, [sp, #32]
3418d8ea:	2b00      	cmp	r3, #0
3418d8ec:	f43f ab98 	beq.w	3418d020 <_dtoa_r+0x2c8>
3418d8f0:	f7ff bb7e 	b.w	3418cff0 <_dtoa_r+0x298>
3418d8f4:	46d3      	mov	fp, sl
3418d8f6:	2331      	movs	r3, #49	@ 0x31
3418d8f8:	2100      	movs	r1, #0
3418d8fa:	f80b 3b01 	strb.w	r3, [fp], #1
3418d8fe:	4620      	mov	r0, r4
3418d900:	f000 f96c 	bl	3418dbdc <_Bfree>
3418d904:	9b00      	ldr	r3, [sp, #0]
3418d906:	3302      	adds	r3, #2
3418d908:	9302      	str	r3, [sp, #8]
3418d90a:	f7ff bbf4 	b.w	3418d0f6 <_dtoa_r+0x39e>
3418d90e:	9b08      	ldr	r3, [sp, #32]
3418d910:	2101      	movs	r1, #1
3418d912:	9a09      	ldr	r2, [sp, #36]	@ 0x24
3418d914:	4620      	mov	r0, r4
3418d916:	1afb      	subs	r3, r7, r3
3418d918:	44c8      	add	r8, r9
3418d91a:	441a      	add	r2, r3
3418d91c:	9209      	str	r2, [sp, #36]	@ 0x24
3418d91e:	f000 fa25 	bl	3418dd6c <__i2b>
3418d922:	9b07      	ldr	r3, [sp, #28]
3418d924:	4606      	mov	r6, r0
3418d926:	2b00      	cmp	r3, #0
3418d928:	f040 8083 	bne.w	3418da32 <_dtoa_r+0xcda>
3418d92c:	930b      	str	r3, [sp, #44]	@ 0x2c
3418d92e:	f8cd 901c 	str.w	r9, [sp, #28]
3418d932:	4629      	mov	r1, r5
3418d934:	463a      	mov	r2, r7
3418d936:	4620      	mov	r0, r4
3418d938:	f000 fb0a 	bl	3418df50 <__pow5mult>
3418d93c:	2301      	movs	r3, #1
3418d93e:	4605      	mov	r5, r0
3418d940:	9308      	str	r3, [sp, #32]
3418d942:	f7ff bb6f 	b.w	3418d024 <_dtoa_r+0x2cc>
3418d946:	9b02      	ldr	r3, [sp, #8]
3418d948:	2b00      	cmp	r3, #0
3418d94a:	f47f ade2 	bne.w	3418d512 <_dtoa_r+0x7ba>
3418d94e:	e9dd 1202 	ldrd	r1, r2, [sp, #8]
3418d952:	f3c2 0313 	ubfx	r3, r2, #0, #20
3418d956:	2b00      	cmp	r3, #0
3418d958:	f000 80b9 	beq.w	3418dace <_dtoa_r+0xd76>
3418d95c:	9109      	str	r1, [sp, #36]	@ 0x24
3418d95e:	e5da      	b.n	3418d516 <_dtoa_r+0x7be>
3418d960:	4b7d      	ldr	r3, [pc, #500]	@ (3418db58 <_dtoa_r+0xe00>)
3418d962:	f04f 39ff 	mov.w	r9, #4294967295	@ 0xffffffff
3418d966:	9a00      	ldr	r2, [sp, #0]
3418d968:	eb03 03c2 	add.w	r3, r3, r2, lsl #3
3418d96c:	ed93 5b00 	vldr	d5, [r3]
3418d970:	f10a 0301 	add.w	r3, sl, #1
3418d974:	e674      	b.n	3418d660 <_dtoa_r+0x908>
3418d976:	d103      	bne.n	3418d980 <_dtoa_r+0xc28>
3418d978:	9b07      	ldr	r3, [sp, #28]
3418d97a:	07db      	lsls	r3, r3, #31
3418d97c:	f53f acaa 	bmi.w	3418d2d4 <_dtoa_r+0x57c>
3418d980:	46cb      	mov	fp, r9
3418d982:	f819 3d01 	ldrb.w	r3, [r9, #-1]!
3418d986:	2b30      	cmp	r3, #48	@ 0x30
3418d988:	d0fa      	beq.n	3418d980 <_dtoa_r+0xc28>
3418d98a:	e4ad      	b.n	3418d2e8 <_dtoa_r+0x590>
3418d98c:	9b00      	ldr	r3, [sp, #0]
3418d98e:	3302      	adds	r3, #2
3418d990:	9302      	str	r3, [sp, #8]
3418d992:	2331      	movs	r3, #49	@ 0x31
3418d994:	f88a 3000 	strb.w	r3, [sl]
3418d998:	e4a6      	b.n	3418d2e8 <_dtoa_r+0x590>
3418d99a:	f10c 0c01 	add.w	ip, ip, #1
3418d99e:	2231      	movs	r2, #49	@ 0x31
3418d9a0:	e52b      	b.n	3418d3fa <_dtoa_r+0x6a2>
3418d9a2:	9f08      	ldr	r7, [sp, #32]
3418d9a4:	e7c5      	b.n	3418d932 <_dtoa_r+0xbda>
3418d9a6:	f10c 0201 	add.w	r2, ip, #1
3418d9aa:	469b      	mov	fp, r3
3418d9ac:	9202      	str	r2, [sp, #8]
3418d9ae:	f7ff bba2 	b.w	3418d0f6 <_dtoa_r+0x39e>
3418d9b2:	4613      	mov	r3, r2
3418d9b4:	e51b      	b.n	3418d3ee <_dtoa_r+0x696>
3418d9b6:	6871      	ldr	r1, [r6, #4]
3418d9b8:	4620      	mov	r0, r4
3418d9ba:	f000 f8e9 	bl	3418db90 <_Balloc>
3418d9be:	4680      	mov	r8, r0
3418d9c0:	2800      	cmp	r0, #0
3418d9c2:	f000 80c2 	beq.w	3418db4a <_dtoa_r+0xdf2>
3418d9c6:	6933      	ldr	r3, [r6, #16]
3418d9c8:	f106 010c 	add.w	r1, r6, #12
3418d9cc:	300c      	adds	r0, #12
3418d9ce:	3302      	adds	r3, #2
3418d9d0:	009a      	lsls	r2, r3, #2
3418d9d2:	f7fb ffc5 	bl	34189960 <memcpy>
3418d9d6:	4641      	mov	r1, r8
3418d9d8:	2201      	movs	r2, #1
3418d9da:	4620      	mov	r0, r4
3418d9dc:	f000 fb14 	bl	3418e008 <__lshift>
3418d9e0:	9007      	str	r0, [sp, #28]
3418d9e2:	e6a8      	b.n	3418d736 <_dtoa_r+0x9de>
3418d9e4:	9a00      	ldr	r2, [sp, #0]
3418d9e6:	9b11      	ldr	r3, [sp, #68]	@ 0x44
3418d9e8:	2a0e      	cmp	r2, #14
3418d9ea:	f73f adc8 	bgt.w	3418d57e <_dtoa_r+0x826>
3418d9ee:	2b00      	cmp	r3, #0
3418d9f0:	f6ff adc5 	blt.w	3418d57e <_dtoa_r+0x826>
3418d9f4:	9b00      	ldr	r3, [sp, #0]
3418d9f6:	eb01 01c3 	add.w	r1, r1, r3, lsl #3
3418d9fa:	9b04      	ldr	r3, [sp, #16]
3418d9fc:	2b00      	cmp	r3, #0
3418d9fe:	ed91 5b00 	vldr	d5, [r1]
3418da02:	dab5      	bge.n	3418d970 <_dtoa_r+0xc18>
3418da04:	f1b9 0f00 	cmp.w	r9, #0
3418da08:	dcb2      	bgt.n	3418d970 <_dtoa_r+0xc18>
3418da0a:	f1b9 0f00 	cmp.w	r9, #0
3418da0e:	f47f ade5 	bne.w	3418d5dc <_dtoa_r+0x884>
3418da12:	eeb1 7b04 	vmov.f64	d7, #20	@ 0x40a00000  5.0
3418da16:	4649      	mov	r1, r9
3418da18:	ee25 7b07 	vmul.f64	d7, d5, d7
3418da1c:	eeb4 6bc7 	vcmpe.f64	d6, d7
3418da20:	eef1 fa10 	vmrs	APSR_nzcv, fpscr
3418da24:	f67f addb 	bls.w	3418d5de <_dtoa_r+0x886>
3418da28:	46d3      	mov	fp, sl
3418da2a:	2331      	movs	r3, #49	@ 0x31
3418da2c:	f80b 3b01 	strb.w	r3, [fp], #1
3418da30:	e765      	b.n	3418d8fe <_dtoa_r+0xba6>
3418da32:	9907      	ldr	r1, [sp, #28]
3418da34:	4541      	cmp	r1, r8
3418da36:	460b      	mov	r3, r1
3418da38:	eb01 0209 	add.w	r2, r1, r9
3418da3c:	bfa8      	it	ge
3418da3e:	4643      	movge	r3, r8
3418da40:	1ac9      	subs	r1, r1, r3
3418da42:	eba8 0803 	sub.w	r8, r8, r3
3418da46:	1ad3      	subs	r3, r2, r3
3418da48:	910b      	str	r1, [sp, #44]	@ 0x2c
3418da4a:	9307      	str	r3, [sp, #28]
3418da4c:	e771      	b.n	3418d932 <_dtoa_r+0xbda>
3418da4e:	ee36 6b06 	vadd.f64	d6, d6, d6
3418da52:	9a00      	ldr	r2, [sp, #0]
3418da54:	3201      	adds	r2, #1
3418da56:	eeb4 6bc5 	vcmpe.f64	d6, d5
3418da5a:	9202      	str	r2, [sp, #8]
3418da5c:	eef1 fa10 	vmrs	APSR_nzcv, fpscr
3418da60:	dc08      	bgt.n	3418da74 <_dtoa_r+0xd1c>
3418da62:	eeb4 6b45 	vcmp.f64	d6, d5
3418da66:	eef1 fa10 	vmrs	APSR_nzcv, fpscr
3418da6a:	d106      	bne.n	3418da7a <_dtoa_r+0xd22>
3418da6c:	ee17 2a10 	vmov	r2, s14
3418da70:	07d1      	lsls	r1, r2, #31
3418da72:	d502      	bpl.n	3418da7a <_dtoa_r+0xd22>
3418da74:	f8dd c000 	ldr.w	ip, [sp]
3418da78:	e4b9      	b.n	3418d3ee <_dtoa_r+0x696>
3418da7a:	469b      	mov	fp, r3
3418da7c:	f7ff bb3b 	b.w	3418d0f6 <_dtoa_r+0x39e>
3418da80:	4b36      	ldr	r3, [pc, #216]	@ (3418db5c <_dtoa_r+0xe04>)
3418da82:	2200      	movs	r2, #0
3418da84:	f240 11af 	movw	r1, #431	@ 0x1af
3418da88:	4835      	ldr	r0, [pc, #212]	@ (3418db60 <_dtoa_r+0xe08>)
3418da8a:	f000 fdaf 	bl	3418e5ec <__assert_func>
3418da8e:	463a      	mov	r2, r7
3418da90:	9604      	str	r6, [sp, #16]
3418da92:	4657      	mov	r7, sl
3418da94:	465b      	mov	r3, fp
3418da96:	4616      	mov	r6, r2
3418da98:	9a00      	ldr	r2, [sp, #0]
3418da9a:	f8dd a038 	ldr.w	sl, [sp, #56]	@ 0x38
3418da9e:	46c1      	mov	r9, r8
3418daa0:	3201      	adds	r2, #1
3418daa2:	9202      	str	r2, [sp, #8]
3418daa4:	e406      	b.n	3418d2b4 <_dtoa_r+0x55c>
3418daa6:	492c      	ldr	r1, [pc, #176]	@ (3418db58 <_dtoa_r+0xe00>)
3418daa8:	e7a4      	b.n	3418d9f4 <_dtoa_r+0xc9c>
3418daaa:	2339      	movs	r3, #57	@ 0x39
3418daac:	9604      	str	r6, [sp, #16]
3418daae:	9e07      	ldr	r6, [sp, #28]
3418dab0:	f809 3b01 	strb.w	r3, [r9], #1
3418dab4:	9b00      	ldr	r3, [sp, #0]
3418dab6:	3301      	adds	r3, #1
3418dab8:	9302      	str	r3, [sp, #8]
3418daba:	e40b      	b.n	3418d2d4 <_dtoa_r+0x57c>
3418dabc:	2b00      	cmp	r3, #0
3418dabe:	9707      	str	r7, [sp, #28]
3418dac0:	465b      	mov	r3, fp
3418dac2:	4657      	mov	r7, sl
3418dac4:	f8dd a038 	ldr.w	sl, [sp, #56]	@ 0x38
3418dac8:	f73f aea6 	bgt.w	3418d818 <_dtoa_r+0xac0>
3418dacc:	e6b7      	b.n	3418d83e <_dtoa_r+0xae6>
3418dace:	9b03      	ldr	r3, [sp, #12]
3418dad0:	f023 4300 	bic.w	r3, r3, #2147483648	@ 0x80000000
3418dad4:	0d1b      	lsrs	r3, r3, #20
3418dad6:	051b      	lsls	r3, r3, #20
3418dad8:	2b00      	cmp	r3, #0
3418dada:	f43f ad1b 	beq.w	3418d514 <_dtoa_r+0x7bc>
3418dade:	9b07      	ldr	r3, [sp, #28]
3418dae0:	f108 0801 	add.w	r8, r8, #1
3418dae4:	3301      	adds	r3, #1
3418dae6:	9307      	str	r3, [sp, #28]
3418dae8:	2301      	movs	r3, #1
3418daea:	9309      	str	r3, [sp, #36]	@ 0x24
3418daec:	e513      	b.n	3418d516 <_dtoa_r+0x7be>
3418daee:	9707      	str	r7, [sp, #28]
3418daf0:	465b      	mov	r3, fp
3418daf2:	4657      	mov	r7, sl
3418daf4:	f8dd a038 	ldr.w	sl, [sp, #56]	@ 0x38
3418daf8:	e6a1      	b.n	3418d83e <_dtoa_r+0xae6>
3418dafa:	465b      	mov	r3, fp
3418dafc:	9707      	str	r7, [sp, #28]
3418dafe:	4657      	mov	r7, sl
3418db00:	f8dd a038 	ldr.w	sl, [sp, #56]	@ 0x38
3418db04:	2b39      	cmp	r3, #57	@ 0x39
3418db06:	d0d0      	beq.n	3418daaa <_dtoa_r+0xd52>
3418db08:	f1b8 0f00 	cmp.w	r8, #0
3418db0c:	f73f ae95 	bgt.w	3418d83a <_dtoa_r+0xae2>
3418db10:	e695      	b.n	3418d83e <_dtoa_r+0xae6>
3418db12:	461a      	mov	r2, r3
3418db14:	e586      	b.n	3418d624 <_dtoa_r+0x8cc>
3418db16:	9b07      	ldr	r3, [sp, #28]
3418db18:	f8dd 9038 	ldr.w	r9, [sp, #56]	@ 0x38
3418db1c:	9300      	str	r3, [sp, #0]
3418db1e:	f7ff bac5 	b.w	3418d0ac <_dtoa_r+0x354>
3418db22:	9b07      	ldr	r3, [sp, #28]
3418db24:	44c8      	add	r8, r9
3418db26:	930b      	str	r3, [sp, #44]	@ 0x2c
3418db28:	444b      	add	r3, r9
3418db2a:	9307      	str	r3, [sp, #28]
3418db2c:	f7ff ba45 	b.w	3418cfba <_dtoa_r+0x262>
3418db30:	2102      	movs	r1, #2
3418db32:	f7ff bbf0 	b.w	3418d316 <_dtoa_r+0x5be>
3418db36:	f47f ae82 	bne.w	3418d83e <_dtoa_r+0xae6>
3418db3a:	07da      	lsls	r2, r3, #31
3418db3c:	f57f ae7f 	bpl.w	3418d83e <_dtoa_r+0xae6>
3418db40:	e678      	b.n	3418d834 <_dtoa_r+0xadc>
3418db42:	2100      	movs	r1, #0
3418db44:	63e1      	str	r1, [r4, #60]	@ 0x3c
3418db46:	f7ff bb3a 	b.w	3418d1be <_dtoa_r+0x466>
3418db4a:	4602      	mov	r2, r0
3418db4c:	4b03      	ldr	r3, [pc, #12]	@ (3418db5c <_dtoa_r+0xe04>)
3418db4e:	f240 21ef 	movw	r1, #751	@ 0x2ef
3418db52:	4803      	ldr	r0, [pc, #12]	@ (3418db60 <_dtoa_r+0xe08>)
3418db54:	f000 fd4a 	bl	3418e5ec <__assert_func>
3418db58:	3418ff98 	.word	0x3418ff98
3418db5c:	3418fb6c 	.word	0x3418fb6c
3418db60:	3418fb80 	.word	0x3418fb80

3418db64 <__ascii_mbtowc>:
3418db64:	b082      	sub	sp, #8
3418db66:	b149      	cbz	r1, 3418db7c <__ascii_mbtowc+0x18>
3418db68:	b15a      	cbz	r2, 3418db82 <__ascii_mbtowc+0x1e>
3418db6a:	b16b      	cbz	r3, 3418db88 <__ascii_mbtowc+0x24>
3418db6c:	7813      	ldrb	r3, [r2, #0]
3418db6e:	600b      	str	r3, [r1, #0]
3418db70:	7812      	ldrb	r2, [r2, #0]
3418db72:	1e10      	subs	r0, r2, #0
3418db74:	bf18      	it	ne
3418db76:	2001      	movne	r0, #1
3418db78:	b002      	add	sp, #8
3418db7a:	4770      	bx	lr
3418db7c:	a901      	add	r1, sp, #4
3418db7e:	2a00      	cmp	r2, #0
3418db80:	d1f3      	bne.n	3418db6a <__ascii_mbtowc+0x6>
3418db82:	4610      	mov	r0, r2
3418db84:	b002      	add	sp, #8
3418db86:	4770      	bx	lr
3418db88:	f06f 0001 	mvn.w	r0, #1
3418db8c:	e7f4      	b.n	3418db78 <__ascii_mbtowc+0x14>
3418db8e:	bf00      	nop

3418db90 <_Balloc>:
3418db90:	b538      	push	{r3, r4, r5, lr}
3418db92:	6c43      	ldr	r3, [r0, #68]	@ 0x44
3418db94:	4605      	mov	r5, r0
3418db96:	460c      	mov	r4, r1
3418db98:	b14b      	cbz	r3, 3418dbae <_Balloc+0x1e>
3418db9a:	f853 0024 	ldr.w	r0, [r3, r4, lsl #2]
3418db9e:	b180      	cbz	r0, 3418dbc2 <_Balloc+0x32>
3418dba0:	6802      	ldr	r2, [r0, #0]
3418dba2:	f843 2024 	str.w	r2, [r3, r4, lsl #2]
3418dba6:	2300      	movs	r3, #0
3418dba8:	e9c0 3303 	strd	r3, r3, [r0, #12]
3418dbac:	bd38      	pop	{r3, r4, r5, pc}
3418dbae:	2221      	movs	r2, #33	@ 0x21
3418dbb0:	2104      	movs	r1, #4
3418dbb2:	f7fa ff6f 	bl	34188a94 <_calloc_r>
3418dbb6:	4603      	mov	r3, r0
3418dbb8:	6468      	str	r0, [r5, #68]	@ 0x44
3418dbba:	2800      	cmp	r0, #0
3418dbbc:	d1ed      	bne.n	3418db9a <_Balloc+0xa>
3418dbbe:	2000      	movs	r0, #0
3418dbc0:	bd38      	pop	{r3, r4, r5, pc}
3418dbc2:	2101      	movs	r1, #1
3418dbc4:	4628      	mov	r0, r5
3418dbc6:	fa01 f504 	lsl.w	r5, r1, r4
3418dbca:	1d6a      	adds	r2, r5, #5
3418dbcc:	0092      	lsls	r2, r2, #2
3418dbce:	f7fa ff61 	bl	34188a94 <_calloc_r>
3418dbd2:	2800      	cmp	r0, #0
3418dbd4:	d0f3      	beq.n	3418dbbe <_Balloc+0x2e>
3418dbd6:	e9c0 4501 	strd	r4, r5, [r0, #4]
3418dbda:	e7e4      	b.n	3418dba6 <_Balloc+0x16>

3418dbdc <_Bfree>:
3418dbdc:	b131      	cbz	r1, 3418dbec <_Bfree+0x10>
3418dbde:	6c43      	ldr	r3, [r0, #68]	@ 0x44
3418dbe0:	684a      	ldr	r2, [r1, #4]
3418dbe2:	f853 0022 	ldr.w	r0, [r3, r2, lsl #2]
3418dbe6:	6008      	str	r0, [r1, #0]
3418dbe8:	f843 1022 	str.w	r1, [r3, r2, lsl #2]
3418dbec:	4770      	bx	lr
3418dbee:	bf00      	nop

3418dbf0 <__multadd>:
3418dbf0:	e92d 41f0 	stmdb	sp!, {r4, r5, r6, r7, r8, lr}
3418dbf4:	4617      	mov	r7, r2
3418dbf6:	460e      	mov	r6, r1
3418dbf8:	461c      	mov	r4, r3
3418dbfa:	690d      	ldr	r5, [r1, #16]
3418dbfc:	f101 0214 	add.w	r2, r1, #20
3418dc00:	f04f 0e00 	mov.w	lr, #0
3418dc04:	6811      	ldr	r1, [r2, #0]
3418dc06:	f10e 0e01 	add.w	lr, lr, #1
3418dc0a:	b28b      	uxth	r3, r1
3418dc0c:	4575      	cmp	r5, lr
3418dc0e:	ea4f 4111 	mov.w	r1, r1, lsr #16
3418dc12:	fb07 4303 	mla	r3, r7, r3, r4
3418dc16:	ea4f 4c13 	mov.w	ip, r3, lsr #16
3418dc1a:	b29b      	uxth	r3, r3
3418dc1c:	fb07 cc01 	mla	ip, r7, r1, ip
3418dc20:	eb03 430c 	add.w	r3, r3, ip, lsl #16
3418dc24:	ea4f 441c 	mov.w	r4, ip, lsr #16
3418dc28:	f842 3b04 	str.w	r3, [r2], #4
3418dc2c:	dcea      	bgt.n	3418dc04 <__multadd+0x14>
3418dc2e:	b13c      	cbz	r4, 3418dc40 <__multadd+0x50>
3418dc30:	68b3      	ldr	r3, [r6, #8]
3418dc32:	42ab      	cmp	r3, r5
3418dc34:	dd07      	ble.n	3418dc46 <__multadd+0x56>
3418dc36:	eb06 0385 	add.w	r3, r6, r5, lsl #2
3418dc3a:	3501      	adds	r5, #1
3418dc3c:	615c      	str	r4, [r3, #20]
3418dc3e:	6135      	str	r5, [r6, #16]
3418dc40:	4630      	mov	r0, r6
3418dc42:	e8bd 81f0 	ldmia.w	sp!, {r4, r5, r6, r7, r8, pc}
3418dc46:	6871      	ldr	r1, [r6, #4]
3418dc48:	4680      	mov	r8, r0
3418dc4a:	3101      	adds	r1, #1
3418dc4c:	f7ff ffa0 	bl	3418db90 <_Balloc>
3418dc50:	4607      	mov	r7, r0
3418dc52:	b1b0      	cbz	r0, 3418dc82 <__multadd+0x92>
3418dc54:	6932      	ldr	r2, [r6, #16]
3418dc56:	f106 010c 	add.w	r1, r6, #12
3418dc5a:	300c      	adds	r0, #12
3418dc5c:	3202      	adds	r2, #2
3418dc5e:	0092      	lsls	r2, r2, #2
3418dc60:	f7fb fe7e 	bl	34189960 <memcpy>
3418dc64:	f8d8 3044 	ldr.w	r3, [r8, #68]	@ 0x44
3418dc68:	6872      	ldr	r2, [r6, #4]
3418dc6a:	f853 1022 	ldr.w	r1, [r3, r2, lsl #2]
3418dc6e:	6031      	str	r1, [r6, #0]
3418dc70:	f843 6022 	str.w	r6, [r3, r2, lsl #2]
3418dc74:	463e      	mov	r6, r7
3418dc76:	eb06 0385 	add.w	r3, r6, r5, lsl #2
3418dc7a:	3501      	adds	r5, #1
3418dc7c:	615c      	str	r4, [r3, #20]
3418dc7e:	6135      	str	r5, [r6, #16]
3418dc80:	e7de      	b.n	3418dc40 <__multadd+0x50>
3418dc82:	4602      	mov	r2, r0
3418dc84:	4b02      	ldr	r3, [pc, #8]	@ (3418dc90 <__multadd+0xa0>)
3418dc86:	21ba      	movs	r1, #186	@ 0xba
3418dc88:	4802      	ldr	r0, [pc, #8]	@ (3418dc94 <__multadd+0xa4>)
3418dc8a:	f000 fcaf 	bl	3418e5ec <__assert_func>
3418dc8e:	bf00      	nop
3418dc90:	3418fb6c 	.word	0x3418fb6c
3418dc94:	3418fc34 	.word	0x3418fc34

3418dc98 <__hi0bits>:
3418dc98:	f5b0 3f80 	cmp.w	r0, #65536	@ 0x10000
3418dc9c:	4603      	mov	r3, r0
3418dc9e:	d210      	bcs.n	3418dcc2 <__hi0bits+0x2a>
3418dca0:	0403      	lsls	r3, r0, #16
3418dca2:	2010      	movs	r0, #16
3418dca4:	f1b3 7f80 	cmp.w	r3, #16777216	@ 0x1000000
3418dca8:	d201      	bcs.n	3418dcae <__hi0bits+0x16>
3418dcaa:	3008      	adds	r0, #8
3418dcac:	021b      	lsls	r3, r3, #8
3418dcae:	f1b3 5f80 	cmp.w	r3, #268435456	@ 0x10000000
3418dcb2:	d308      	bcc.n	3418dcc6 <__hi0bits+0x2e>
3418dcb4:	f1b3 4f80 	cmp.w	r3, #1073741824	@ 0x40000000
3418dcb8:	d210      	bcs.n	3418dcdc <__hi0bits+0x44>
3418dcba:	009a      	lsls	r2, r3, #2
3418dcbc:	d413      	bmi.n	3418dce6 <__hi0bits+0x4e>
3418dcbe:	3003      	adds	r0, #3
3418dcc0:	4770      	bx	lr
3418dcc2:	2000      	movs	r0, #0
3418dcc4:	e7ee      	b.n	3418dca4 <__hi0bits+0xc>
3418dcc6:	011a      	lsls	r2, r3, #4
3418dcc8:	3004      	adds	r0, #4
3418dcca:	f1b2 4f80 	cmp.w	r2, #1073741824	@ 0x40000000
3418dcce:	d206      	bcs.n	3418dcde <__hi0bits+0x46>
3418dcd0:	019b      	lsls	r3, r3, #6
3418dcd2:	d408      	bmi.n	3418dce6 <__hi0bits+0x4e>
3418dcd4:	005b      	lsls	r3, r3, #1
3418dcd6:	d4f2      	bmi.n	3418dcbe <__hi0bits+0x26>
3418dcd8:	2020      	movs	r0, #32
3418dcda:	4770      	bx	lr
3418dcdc:	461a      	mov	r2, r3
3418dcde:	2a00      	cmp	r2, #0
3418dce0:	dbfb      	blt.n	3418dcda <__hi0bits+0x42>
3418dce2:	3001      	adds	r0, #1
3418dce4:	4770      	bx	lr
3418dce6:	3002      	adds	r0, #2
3418dce8:	4770      	bx	lr
3418dcea:	bf00      	nop

3418dcec <__lo0bits>:
3418dcec:	6803      	ldr	r3, [r0, #0]
3418dcee:	0759      	lsls	r1, r3, #29
3418dcf0:	d008      	beq.n	3418dd04 <__lo0bits+0x18>
3418dcf2:	07da      	lsls	r2, r3, #31
3418dcf4:	d41f      	bmi.n	3418dd36 <__lo0bits+0x4a>
3418dcf6:	0799      	lsls	r1, r3, #30
3418dcf8:	d52a      	bpl.n	3418dd50 <__lo0bits+0x64>
3418dcfa:	085b      	lsrs	r3, r3, #1
3418dcfc:	2201      	movs	r2, #1
3418dcfe:	6003      	str	r3, [r0, #0]
3418dd00:	4610      	mov	r0, r2
3418dd02:	4770      	bx	lr
3418dd04:	b29a      	uxth	r2, r3
3418dd06:	b982      	cbnz	r2, 3418dd2a <__lo0bits+0x3e>
3418dd08:	0c1b      	lsrs	r3, r3, #16
3418dd0a:	b2da      	uxtb	r2, r3
3418dd0c:	b1b2      	cbz	r2, 3418dd3c <__lo0bits+0x50>
3418dd0e:	2210      	movs	r2, #16
3418dd10:	0719      	lsls	r1, r3, #28
3418dd12:	d101      	bne.n	3418dd18 <__lo0bits+0x2c>
3418dd14:	3204      	adds	r2, #4
3418dd16:	091b      	lsrs	r3, r3, #4
3418dd18:	0799      	lsls	r1, r3, #30
3418dd1a:	d014      	beq.n	3418dd46 <__lo0bits+0x5a>
3418dd1c:	07d9      	lsls	r1, r3, #31
3418dd1e:	d401      	bmi.n	3418dd24 <__lo0bits+0x38>
3418dd20:	3201      	adds	r2, #1
3418dd22:	085b      	lsrs	r3, r3, #1
3418dd24:	6003      	str	r3, [r0, #0]
3418dd26:	4610      	mov	r0, r2
3418dd28:	4770      	bx	lr
3418dd2a:	b2da      	uxtb	r2, r3
3418dd2c:	b14a      	cbz	r2, 3418dd42 <__lo0bits+0x56>
3418dd2e:	071a      	lsls	r2, r3, #28
3418dd30:	d117      	bne.n	3418dd62 <__lo0bits+0x76>
3418dd32:	2204      	movs	r2, #4
3418dd34:	e7ef      	b.n	3418dd16 <__lo0bits+0x2a>
3418dd36:	2200      	movs	r2, #0
3418dd38:	4610      	mov	r0, r2
3418dd3a:	4770      	bx	lr
3418dd3c:	2218      	movs	r2, #24
3418dd3e:	0a1b      	lsrs	r3, r3, #8
3418dd40:	e7e6      	b.n	3418dd10 <__lo0bits+0x24>
3418dd42:	2208      	movs	r2, #8
3418dd44:	e7fb      	b.n	3418dd3e <__lo0bits+0x52>
3418dd46:	0759      	lsls	r1, r3, #29
3418dd48:	d507      	bpl.n	3418dd5a <__lo0bits+0x6e>
3418dd4a:	3202      	adds	r2, #2
3418dd4c:	089b      	lsrs	r3, r3, #2
3418dd4e:	e7e9      	b.n	3418dd24 <__lo0bits+0x38>
3418dd50:	089b      	lsrs	r3, r3, #2
3418dd52:	2202      	movs	r2, #2
3418dd54:	6003      	str	r3, [r0, #0]
3418dd56:	4610      	mov	r0, r2
3418dd58:	4770      	bx	lr
3418dd5a:	08db      	lsrs	r3, r3, #3
3418dd5c:	d104      	bne.n	3418dd68 <__lo0bits+0x7c>
3418dd5e:	2220      	movs	r2, #32
3418dd60:	e7ce      	b.n	3418dd00 <__lo0bits+0x14>
3418dd62:	08db      	lsrs	r3, r3, #3
3418dd64:	2203      	movs	r2, #3
3418dd66:	e7dd      	b.n	3418dd24 <__lo0bits+0x38>
3418dd68:	3203      	adds	r2, #3
3418dd6a:	e7db      	b.n	3418dd24 <__lo0bits+0x38>

3418dd6c <__i2b>:
3418dd6c:	b538      	push	{r3, r4, r5, lr}
3418dd6e:	6c43      	ldr	r3, [r0, #68]	@ 0x44
3418dd70:	4604      	mov	r4, r0
3418dd72:	460d      	mov	r5, r1
3418dd74:	b14b      	cbz	r3, 3418dd8a <__i2b+0x1e>
3418dd76:	6858      	ldr	r0, [r3, #4]
3418dd78:	b1b0      	cbz	r0, 3418dda8 <__i2b+0x3c>
3418dd7a:	6802      	ldr	r2, [r0, #0]
3418dd7c:	605a      	str	r2, [r3, #4]
3418dd7e:	2200      	movs	r2, #0
3418dd80:	2301      	movs	r3, #1
3418dd82:	6145      	str	r5, [r0, #20]
3418dd84:	e9c0 2303 	strd	r2, r3, [r0, #12]
3418dd88:	bd38      	pop	{r3, r4, r5, pc}
3418dd8a:	2221      	movs	r2, #33	@ 0x21
3418dd8c:	2104      	movs	r1, #4
3418dd8e:	f7fa fe81 	bl	34188a94 <_calloc_r>
3418dd92:	4603      	mov	r3, r0
3418dd94:	6460      	str	r0, [r4, #68]	@ 0x44
3418dd96:	2800      	cmp	r0, #0
3418dd98:	d1ed      	bne.n	3418dd76 <__i2b+0xa>
3418dd9a:	4b09      	ldr	r3, [pc, #36]	@ (3418ddc0 <__i2b+0x54>)
3418dd9c:	2200      	movs	r2, #0
3418dd9e:	f240 1145 	movw	r1, #325	@ 0x145
3418dda2:	4808      	ldr	r0, [pc, #32]	@ (3418ddc4 <__i2b+0x58>)
3418dda4:	f000 fc22 	bl	3418e5ec <__assert_func>
3418dda8:	221c      	movs	r2, #28
3418ddaa:	2101      	movs	r1, #1
3418ddac:	4620      	mov	r0, r4
3418ddae:	f7fa fe71 	bl	34188a94 <_calloc_r>
3418ddb2:	2800      	cmp	r0, #0
3418ddb4:	d0f1      	beq.n	3418dd9a <__i2b+0x2e>
3418ddb6:	2201      	movs	r2, #1
3418ddb8:	2302      	movs	r3, #2
3418ddba:	e9c0 2301 	strd	r2, r3, [r0, #4]
3418ddbe:	e7de      	b.n	3418dd7e <__i2b+0x12>
3418ddc0:	3418fb6c 	.word	0x3418fb6c
3418ddc4:	3418fc34 	.word	0x3418fc34

3418ddc8 <__multiply>:
3418ddc8:	e92d 4ff0 	stmdb	sp!, {r4, r5, r6, r7, r8, r9, sl, fp, lr}
3418ddcc:	690f      	ldr	r7, [r1, #16]
3418ddce:	b085      	sub	sp, #20
3418ddd0:	6915      	ldr	r5, [r2, #16]
3418ddd2:	460e      	mov	r6, r1
3418ddd4:	4690      	mov	r8, r2
3418ddd6:	42af      	cmp	r7, r5
3418ddd8:	db05      	blt.n	3418dde6 <__multiply+0x1e>
3418ddda:	462a      	mov	r2, r5
3418dddc:	4643      	mov	r3, r8
3418ddde:	463d      	mov	r5, r7
3418dde0:	4688      	mov	r8, r1
3418dde2:	4617      	mov	r7, r2
3418dde4:	461e      	mov	r6, r3
3418dde6:	19ec      	adds	r4, r5, r7
3418dde8:	e9d8 1301 	ldrd	r1, r3, [r8, #4]
3418ddec:	42a3      	cmp	r3, r4
3418ddee:	bfb8      	it	lt
3418ddf0:	3101      	addlt	r1, #1
3418ddf2:	f7ff fecd 	bl	3418db90 <_Balloc>
3418ddf6:	4684      	mov	ip, r0
3418ddf8:	2800      	cmp	r0, #0
3418ddfa:	f000 809d 	beq.w	3418df38 <__multiply+0x170>
3418ddfe:	3014      	adds	r0, #20
3418de00:	eb00 0e84 	add.w	lr, r0, r4, lsl #2
3418de04:	4570      	cmp	r0, lr
3418de06:	d205      	bcs.n	3418de14 <__multiply+0x4c>
3418de08:	4603      	mov	r3, r0
3418de0a:	2100      	movs	r1, #0
3418de0c:	f843 1b04 	str.w	r1, [r3], #4
3418de10:	459e      	cmp	lr, r3
3418de12:	d8fb      	bhi.n	3418de0c <__multiply+0x44>
3418de14:	3614      	adds	r6, #20
3418de16:	eb06 0287 	add.w	r2, r6, r7, lsl #2
3418de1a:	4296      	cmp	r6, r2
3418de1c:	d27d      	bcs.n	3418df1a <__multiply+0x152>
3418de1e:	f108 0714 	add.w	r7, r8, #20
3418de22:	f108 0315 	add.w	r3, r8, #21
3418de26:	4691      	mov	r9, r2
3418de28:	46e3      	mov	fp, ip
3418de2a:	eb07 0585 	add.w	r5, r7, r5, lsl #2
3418de2e:	eba5 0808 	sub.w	r8, r5, r8
3418de32:	42ab      	cmp	r3, r5
3418de34:	f1a8 0815 	sub.w	r8, r8, #21
3418de38:	e9cd e402 	strd	lr, r4, [sp, #8]
3418de3c:	ea4f 0a98 	mov.w	sl, r8, lsr #2
3418de40:	bf8c      	ite	hi
3418de42:	2400      	movhi	r4, #0
3418de44:	2401      	movls	r4, #1
3418de46:	e005      	b.n	3418de54 <__multiply+0x8c>
3418de48:	0c09      	lsrs	r1, r1, #16
3418de4a:	d135      	bne.n	3418deb8 <__multiply+0xf0>
3418de4c:	45b1      	cmp	r9, r6
3418de4e:	f100 0004 	add.w	r0, r0, #4
3418de52:	d95f      	bls.n	3418df14 <__multiply+0x14c>
3418de54:	f856 1b04 	ldr.w	r1, [r6], #4
3418de58:	b28a      	uxth	r2, r1
3418de5a:	2a00      	cmp	r2, #0
3418de5c:	d0f4      	beq.n	3418de48 <__multiply+0x80>
3418de5e:	46b8      	mov	r8, r7
3418de60:	4686      	mov	lr, r0
3418de62:	2300      	movs	r3, #0
3418de64:	e9cd 9000 	strd	r9, r0, [sp]
3418de68:	f858 1b04 	ldr.w	r1, [r8], #4
3418de6c:	f8de 0000 	ldr.w	r0, [lr]
3418de70:	fa1f f981 	uxth.w	r9, r1
3418de74:	4545      	cmp	r5, r8
3418de76:	ea4f 4c11 	mov.w	ip, r1, lsr #16
3418de7a:	b281      	uxth	r1, r0
3418de7c:	ea4f 4010 	mov.w	r0, r0, lsr #16
3418de80:	fb02 1109 	mla	r1, r2, r9, r1
3418de84:	fb02 000c 	mla	r0, r2, ip, r0
3418de88:	4419      	add	r1, r3
3418de8a:	eb00 4011 	add.w	r0, r0, r1, lsr #16
3418de8e:	b289      	uxth	r1, r1
3418de90:	ea4f 4310 	mov.w	r3, r0, lsr #16
3418de94:	ea41 4100 	orr.w	r1, r1, r0, lsl #16
3418de98:	f84e 1b04 	str.w	r1, [lr], #4
3418de9c:	d8e4      	bhi.n	3418de68 <__multiply+0xa0>
3418de9e:	2c00      	cmp	r4, #0
3418dea0:	ea4f 028a 	mov.w	r2, sl, lsl #2
3418dea4:	e9dd 9000 	ldrd	r9, r0, [sp]
3418dea8:	bf08      	it	eq
3418deaa:	2200      	moveq	r2, #0
3418deac:	4402      	add	r2, r0
3418deae:	6053      	str	r3, [r2, #4]
3418deb0:	f856 1c04 	ldr.w	r1, [r6, #-4]
3418deb4:	0c09      	lsrs	r1, r1, #16
3418deb6:	d0c9      	beq.n	3418de4c <__multiply+0x84>
3418deb8:	6803      	ldr	r3, [r0, #0]
3418deba:	468e      	mov	lr, r1
3418debc:	46bc      	mov	ip, r7
3418debe:	4680      	mov	r8, r0
3418dec0:	2200      	movs	r2, #0
3418dec2:	4619      	mov	r1, r3
3418dec4:	f8cd 9000 	str.w	r9, [sp]
3418dec8:	f8bc 9000 	ldrh.w	r9, [ip]
3418decc:	b29b      	uxth	r3, r3
3418dece:	fb0e 2909 	mla	r9, lr, r9, r2
3418ded2:	eb09 4911 	add.w	r9, r9, r1, lsr #16
3418ded6:	ea43 4309 	orr.w	r3, r3, r9, lsl #16
3418deda:	f848 3b04 	str.w	r3, [r8], #4
3418dede:	f85c 3b04 	ldr.w	r3, [ip], #4
3418dee2:	f8d8 1000 	ldr.w	r1, [r8]
3418dee6:	0c1b      	lsrs	r3, r3, #16
3418dee8:	4565      	cmp	r5, ip
3418deea:	b28a      	uxth	r2, r1
3418deec:	fb0e 2303 	mla	r3, lr, r3, r2
3418def0:	eb03 4319 	add.w	r3, r3, r9, lsr #16
3418def4:	ea4f 4213 	mov.w	r2, r3, lsr #16
3418def8:	d8e6      	bhi.n	3418dec8 <__multiply+0x100>
3418defa:	2c00      	cmp	r4, #0
3418defc:	ea4f 028a 	mov.w	r2, sl, lsl #2
3418df00:	f8dd 9000 	ldr.w	r9, [sp]
3418df04:	bf08      	it	eq
3418df06:	2200      	moveq	r2, #0
3418df08:	45b1      	cmp	r9, r6
3418df0a:	4402      	add	r2, r0
3418df0c:	f100 0004 	add.w	r0, r0, #4
3418df10:	6053      	str	r3, [r2, #4]
3418df12:	d89f      	bhi.n	3418de54 <__multiply+0x8c>
3418df14:	46dc      	mov	ip, fp
3418df16:	e9dd e402 	ldrd	lr, r4, [sp, #8]
3418df1a:	2c00      	cmp	r4, #0
3418df1c:	dc02      	bgt.n	3418df24 <__multiply+0x15c>
3418df1e:	e005      	b.n	3418df2c <__multiply+0x164>
3418df20:	3c01      	subs	r4, #1
3418df22:	d003      	beq.n	3418df2c <__multiply+0x164>
3418df24:	f85e 3d04 	ldr.w	r3, [lr, #-4]!
3418df28:	2b00      	cmp	r3, #0
3418df2a:	d0f9      	beq.n	3418df20 <__multiply+0x158>
3418df2c:	4660      	mov	r0, ip
3418df2e:	f8cc 4010 	str.w	r4, [ip, #16]
3418df32:	b005      	add	sp, #20
3418df34:	e8bd 8ff0 	ldmia.w	sp!, {r4, r5, r6, r7, r8, r9, sl, fp, pc}
3418df38:	4602      	mov	r2, r0
3418df3a:	4b03      	ldr	r3, [pc, #12]	@ (3418df48 <__multiply+0x180>)
3418df3c:	f44f 71b1 	mov.w	r1, #354	@ 0x162
3418df40:	4802      	ldr	r0, [pc, #8]	@ (3418df4c <__multiply+0x184>)
3418df42:	f000 fb53 	bl	3418e5ec <__assert_func>
3418df46:	bf00      	nop
3418df48:	3418fb6c 	.word	0x3418fb6c
3418df4c:	3418fc34 	.word	0x3418fc34

3418df50 <__pow5mult>:
3418df50:	b5f8      	push	{r3, r4, r5, r6, r7, lr}
3418df52:	f012 0303 	ands.w	r3, r2, #3
3418df56:	4614      	mov	r4, r2
3418df58:	4607      	mov	r7, r0
3418df5a:	d12f      	bne.n	3418dfbc <__pow5mult+0x6c>
3418df5c:	460e      	mov	r6, r1
3418df5e:	10a4      	asrs	r4, r4, #2
3418df60:	d02a      	beq.n	3418dfb8 <__pow5mult+0x68>
3418df62:	6c3d      	ldr	r5, [r7, #64]	@ 0x40
3418df64:	2d00      	cmp	r5, #0
3418df66:	d032      	beq.n	3418dfce <__pow5mult+0x7e>
3418df68:	f004 0301 	and.w	r3, r4, #1
3418df6c:	1064      	asrs	r4, r4, #1
3418df6e:	b93b      	cbnz	r3, 3418df80 <__pow5mult+0x30>
3418df70:	6828      	ldr	r0, [r5, #0]
3418df72:	b1b8      	cbz	r0, 3418dfa4 <__pow5mult+0x54>
3418df74:	4605      	mov	r5, r0
3418df76:	f004 0301 	and.w	r3, r4, #1
3418df7a:	1064      	asrs	r4, r4, #1
3418df7c:	2b00      	cmp	r3, #0
3418df7e:	d0f7      	beq.n	3418df70 <__pow5mult+0x20>
3418df80:	462a      	mov	r2, r5
3418df82:	4631      	mov	r1, r6
3418df84:	4638      	mov	r0, r7
3418df86:	f7ff ff1f 	bl	3418ddc8 <__multiply>
3418df8a:	b136      	cbz	r6, 3418df9a <__pow5mult+0x4a>
3418df8c:	6c7b      	ldr	r3, [r7, #68]	@ 0x44
3418df8e:	6871      	ldr	r1, [r6, #4]
3418df90:	f853 2021 	ldr.w	r2, [r3, r1, lsl #2]
3418df94:	6032      	str	r2, [r6, #0]
3418df96:	f843 6021 	str.w	r6, [r3, r1, lsl #2]
3418df9a:	b174      	cbz	r4, 3418dfba <__pow5mult+0x6a>
3418df9c:	4606      	mov	r6, r0
3418df9e:	6828      	ldr	r0, [r5, #0]
3418dfa0:	2800      	cmp	r0, #0
3418dfa2:	d1e7      	bne.n	3418df74 <__pow5mult+0x24>
3418dfa4:	462a      	mov	r2, r5
3418dfa6:	4629      	mov	r1, r5
3418dfa8:	4638      	mov	r0, r7
3418dfaa:	f7ff ff0d 	bl	3418ddc8 <__multiply>
3418dfae:	2300      	movs	r3, #0
3418dfb0:	6028      	str	r0, [r5, #0]
3418dfb2:	4605      	mov	r5, r0
3418dfb4:	6003      	str	r3, [r0, #0]
3418dfb6:	e7de      	b.n	3418df76 <__pow5mult+0x26>
3418dfb8:	4630      	mov	r0, r6
3418dfba:	bdf8      	pop	{r3, r4, r5, r6, r7, pc}
3418dfbc:	3b01      	subs	r3, #1
3418dfbe:	4a0f      	ldr	r2, [pc, #60]	@ (3418dffc <__pow5mult+0xac>)
3418dfc0:	f852 2023 	ldr.w	r2, [r2, r3, lsl #2]
3418dfc4:	2300      	movs	r3, #0
3418dfc6:	f7ff fe13 	bl	3418dbf0 <__multadd>
3418dfca:	4606      	mov	r6, r0
3418dfcc:	e7c7      	b.n	3418df5e <__pow5mult+0xe>
3418dfce:	2101      	movs	r1, #1
3418dfd0:	4638      	mov	r0, r7
3418dfd2:	f7ff fddd 	bl	3418db90 <_Balloc>
3418dfd6:	4605      	mov	r5, r0
3418dfd8:	b140      	cbz	r0, 3418dfec <__pow5mult+0x9c>
3418dfda:	2301      	movs	r3, #1
3418dfdc:	f240 2271 	movw	r2, #625	@ 0x271
3418dfe0:	e9c0 3204 	strd	r3, r2, [r0, #16]
3418dfe4:	2300      	movs	r3, #0
3418dfe6:	6438      	str	r0, [r7, #64]	@ 0x40
3418dfe8:	6003      	str	r3, [r0, #0]
3418dfea:	e7bd      	b.n	3418df68 <__pow5mult+0x18>
3418dfec:	4602      	mov	r2, r0
3418dfee:	4b04      	ldr	r3, [pc, #16]	@ (3418e000 <__pow5mult+0xb0>)
3418dff0:	f240 1145 	movw	r1, #325	@ 0x145
3418dff4:	4803      	ldr	r0, [pc, #12]	@ (3418e004 <__pow5mult+0xb4>)
3418dff6:	f000 faf9 	bl	3418e5ec <__assert_func>
3418dffa:	bf00      	nop
3418dffc:	3418ff60 	.word	0x3418ff60
3418e000:	3418fb6c 	.word	0x3418fb6c
3418e004:	3418fc34 	.word	0x3418fc34

3418e008 <__lshift>:
3418e008:	e92d 47f0 	stmdb	sp!, {r4, r5, r6, r7, r8, r9, sl, lr}
3418e00c:	460d      	mov	r5, r1
3418e00e:	4691      	mov	r9, r2
3418e010:	4607      	mov	r7, r0
3418e012:	ea4f 1862 	mov.w	r8, r2, asr #5
3418e016:	692e      	ldr	r6, [r5, #16]
3418e018:	68ab      	ldr	r3, [r5, #8]
3418e01a:	eb06 1662 	add.w	r6, r6, r2, asr #5
3418e01e:	6849      	ldr	r1, [r1, #4]
3418e020:	1c74      	adds	r4, r6, #1
3418e022:	429c      	cmp	r4, r3
3418e024:	dd03      	ble.n	3418e02e <__lshift+0x26>
3418e026:	005b      	lsls	r3, r3, #1
3418e028:	3101      	adds	r1, #1
3418e02a:	429c      	cmp	r4, r3
3418e02c:	dcfb      	bgt.n	3418e026 <__lshift+0x1e>
3418e02e:	4638      	mov	r0, r7
3418e030:	f7ff fdae 	bl	3418db90 <_Balloc>
3418e034:	2800      	cmp	r0, #0
3418e036:	d04e      	beq.n	3418e0d6 <__lshift+0xce>
3418e038:	f1b8 0f00 	cmp.w	r8, #0
3418e03c:	f100 0c14 	add.w	ip, r0, #20
3418e040:	dd0b      	ble.n	3418e05a <__lshift+0x52>
3418e042:	f108 0105 	add.w	r1, r8, #5
3418e046:	4663      	mov	r3, ip
3418e048:	2200      	movs	r2, #0
3418e04a:	eb00 0181 	add.w	r1, r0, r1, lsl #2
3418e04e:	f843 2b04 	str.w	r2, [r3], #4
3418e052:	428b      	cmp	r3, r1
3418e054:	d1fb      	bne.n	3418e04e <__lshift+0x46>
3418e056:	eb0c 0c88 	add.w	ip, ip, r8, lsl #2
3418e05a:	f105 0314 	add.w	r3, r5, #20
3418e05e:	6929      	ldr	r1, [r5, #16]
3418e060:	f019 081f 	ands.w	r8, r9, #31
3418e064:	eb03 0e81 	add.w	lr, r3, r1, lsl #2
3418e068:	d02c      	beq.n	3418e0c4 <__lshift+0xbc>
3418e06a:	f1c8 0920 	rsb	r9, r8, #32
3418e06e:	4662      	mov	r2, ip
3418e070:	f04f 0a00 	mov.w	sl, #0
3418e074:	6819      	ldr	r1, [r3, #0]
3418e076:	fa01 f108 	lsl.w	r1, r1, r8
3418e07a:	ea41 010a 	orr.w	r1, r1, sl
3418e07e:	f842 1b04 	str.w	r1, [r2], #4
3418e082:	f853 1b04 	ldr.w	r1, [r3], #4
3418e086:	459e      	cmp	lr, r3
3418e088:	fa21 fa09 	lsr.w	sl, r1, r9
3418e08c:	d8f2      	bhi.n	3418e074 <__lshift+0x6c>
3418e08e:	ebae 0305 	sub.w	r3, lr, r5
3418e092:	f105 0215 	add.w	r2, r5, #21
3418e096:	3b15      	subs	r3, #21
3418e098:	f023 0303 	bic.w	r3, r3, #3
3418e09c:	4596      	cmp	lr, r2
3418e09e:	bf38      	it	cc
3418e0a0:	2300      	movcc	r3, #0
3418e0a2:	3304      	adds	r3, #4
3418e0a4:	f84c a003 	str.w	sl, [ip, r3]
3418e0a8:	f1ba 0f00 	cmp.w	sl, #0
3418e0ac:	d100      	bne.n	3418e0b0 <__lshift+0xa8>
3418e0ae:	4634      	mov	r4, r6
3418e0b0:	6c7b      	ldr	r3, [r7, #68]	@ 0x44
3418e0b2:	686a      	ldr	r2, [r5, #4]
3418e0b4:	6104      	str	r4, [r0, #16]
3418e0b6:	f853 1022 	ldr.w	r1, [r3, r2, lsl #2]
3418e0ba:	6029      	str	r1, [r5, #0]
3418e0bc:	f843 5022 	str.w	r5, [r3, r2, lsl #2]
3418e0c0:	e8bd 87f0 	ldmia.w	sp!, {r4, r5, r6, r7, r8, r9, sl, pc}
3418e0c4:	f1ac 0c04 	sub.w	ip, ip, #4
3418e0c8:	f853 2b04 	ldr.w	r2, [r3], #4
3418e0cc:	459e      	cmp	lr, r3
3418e0ce:	f84c 2f04 	str.w	r2, [ip, #4]!
3418e0d2:	d8f9      	bhi.n	3418e0c8 <__lshift+0xc0>
3418e0d4:	e7eb      	b.n	3418e0ae <__lshift+0xa6>
3418e0d6:	4602      	mov	r2, r0
3418e0d8:	4b02      	ldr	r3, [pc, #8]	@ (3418e0e4 <__lshift+0xdc>)
3418e0da:	f44f 71ef 	mov.w	r1, #478	@ 0x1de
3418e0de:	4802      	ldr	r0, [pc, #8]	@ (3418e0e8 <__lshift+0xe0>)
3418e0e0:	f000 fa84 	bl	3418e5ec <__assert_func>
3418e0e4:	3418fb6c 	.word	0x3418fb6c
3418e0e8:	3418fc34 	.word	0x3418fc34

3418e0ec <__mcmp>:
3418e0ec:	6903      	ldr	r3, [r0, #16]
3418e0ee:	690a      	ldr	r2, [r1, #16]
3418e0f0:	b500      	push	{lr}
3418e0f2:	ebb3 0e02 	subs.w	lr, r3, r2
3418e0f6:	d112      	bne.n	3418e11e <__mcmp+0x32>
3418e0f8:	f100 0c14 	add.w	ip, r0, #20
3418e0fc:	3114      	adds	r1, #20
3418e0fe:	eb0c 0382 	add.w	r3, ip, r2, lsl #2
3418e102:	eb01 0182 	add.w	r1, r1, r2, lsl #2
3418e106:	e001      	b.n	3418e10c <__mcmp+0x20>
3418e108:	459c      	cmp	ip, r3
3418e10a:	d208      	bcs.n	3418e11e <__mcmp+0x32>
3418e10c:	f853 0d04 	ldr.w	r0, [r3, #-4]!
3418e110:	f851 2d04 	ldr.w	r2, [r1, #-4]!
3418e114:	4290      	cmp	r0, r2
3418e116:	d0f7      	beq.n	3418e108 <__mcmp+0x1c>
3418e118:	d203      	bcs.n	3418e122 <__mcmp+0x36>
3418e11a:	f04f 3eff 	mov.w	lr, #4294967295	@ 0xffffffff
3418e11e:	4670      	mov	r0, lr
3418e120:	bd00      	pop	{pc}
3418e122:	f04f 0e01 	mov.w	lr, #1
3418e126:	4670      	mov	r0, lr
3418e128:	bd00      	pop	{pc}
3418e12a:	bf00      	nop

3418e12c <__mdiff>:
3418e12c:	e92d 4ff0 	stmdb	sp!, {r4, r5, r6, r7, r8, r9, sl, fp, lr}
3418e130:	4617      	mov	r7, r2
3418e132:	690a      	ldr	r2, [r1, #16]
3418e134:	b083      	sub	sp, #12
3418e136:	460c      	mov	r4, r1
3418e138:	693b      	ldr	r3, [r7, #16]
3418e13a:	eba2 0803 	sub.w	r8, r2, r3
3418e13e:	f1b8 0f00 	cmp.w	r8, #0
3418e142:	d115      	bne.n	3418e170 <__mdiff+0x44>
3418e144:	3114      	adds	r1, #20
3418e146:	f107 0514 	add.w	r5, r7, #20
3418e14a:	eb05 0583 	add.w	r5, r5, r3, lsl #2
3418e14e:	eb01 0383 	add.w	r3, r1, r3, lsl #2
3418e152:	e002      	b.n	3418e15a <__mdiff+0x2e>
3418e154:	4299      	cmp	r1, r3
3418e156:	f080 8087 	bcs.w	3418e268 <__mdiff+0x13c>
3418e15a:	f853 6d04 	ldr.w	r6, [r3, #-4]!
3418e15e:	f855 2d04 	ldr.w	r2, [r5, #-4]!
3418e162:	4296      	cmp	r6, r2
3418e164:	d0f6      	beq.n	3418e154 <__mdiff+0x28>
3418e166:	f080 808c 	bcs.w	3418e282 <__mdiff+0x156>
3418e16a:	f04f 0801 	mov.w	r8, #1
3418e16e:	e005      	b.n	3418e17c <__mdiff+0x50>
3418e170:	dbfb      	blt.n	3418e16a <__mdiff+0x3e>
3418e172:	463b      	mov	r3, r7
3418e174:	f04f 0800 	mov.w	r8, #0
3418e178:	460f      	mov	r7, r1
3418e17a:	461c      	mov	r4, r3
3418e17c:	6879      	ldr	r1, [r7, #4]
3418e17e:	f7ff fd07 	bl	3418db90 <_Balloc>
3418e182:	2800      	cmp	r0, #0
3418e184:	f000 808a 	beq.w	3418e29c <__mdiff+0x170>
3418e188:	693a      	ldr	r2, [r7, #16]
3418e18a:	f107 0110 	add.w	r1, r7, #16
3418e18e:	f8c0 800c 	str.w	r8, [r0, #12]
3418e192:	4683      	mov	fp, r0
3418e194:	f107 0814 	add.w	r8, r7, #20
3418e198:	6926      	ldr	r6, [r4, #16]
3418e19a:	f100 0714 	add.w	r7, r0, #20
3418e19e:	f104 0014 	add.w	r0, r4, #20
3418e1a2:	eb08 0e82 	add.w	lr, r8, r2, lsl #2
3418e1a6:	4694      	mov	ip, r2
3418e1a8:	eb00 0686 	add.w	r6, r0, r6, lsl #2
3418e1ac:	2300      	movs	r3, #0
3418e1ae:	46b9      	mov	r9, r7
3418e1b0:	46c2      	mov	sl, r8
3418e1b2:	460a      	mov	r2, r1
3418e1b4:	9401      	str	r4, [sp, #4]
3418e1b6:	f850 1b04 	ldr.w	r1, [r0], #4
3418e1ba:	f852 5f04 	ldr.w	r5, [r2, #4]!
3418e1be:	b28c      	uxth	r4, r1
3418e1c0:	4286      	cmp	r6, r0
3418e1c2:	fa1f f885 	uxth.w	r8, r5
3418e1c6:	ea4f 4111 	mov.w	r1, r1, lsr #16
3418e1ca:	eba8 0804 	sub.w	r8, r8, r4
3418e1ce:	ebc1 4115 	rsb	r1, r1, r5, lsr #16
3418e1d2:	4498      	add	r8, r3
3418e1d4:	eb01 4128 	add.w	r1, r1, r8, asr #16
3418e1d8:	fa1f f888 	uxth.w	r8, r8
3418e1dc:	ea4f 4321 	mov.w	r3, r1, asr #16
3418e1e0:	ea48 4401 	orr.w	r4, r8, r1, lsl #16
3418e1e4:	f849 4b04 	str.w	r4, [r9], #4
3418e1e8:	d8e5      	bhi.n	3418e1b6 <__mdiff+0x8a>
3418e1ea:	46a1      	mov	r9, r4
3418e1ec:	9c01      	ldr	r4, [sp, #4]
3418e1ee:	4662      	mov	r2, ip
3418e1f0:	46dc      	mov	ip, fp
3418e1f2:	1b31      	subs	r1, r6, r4
3418e1f4:	3415      	adds	r4, #21
3418e1f6:	3915      	subs	r1, #21
3418e1f8:	f021 0103 	bic.w	r1, r1, #3
3418e1fc:	42a6      	cmp	r6, r4
3418e1fe:	bf38      	it	cc
3418e200:	2100      	movcc	r1, #0
3418e202:	eb0a 0501 	add.w	r5, sl, r1
3418e206:	19cc      	adds	r4, r1, r7
3418e208:	3504      	adds	r5, #4
3418e20a:	45ae      	cmp	lr, r5
3418e20c:	4628      	mov	r0, r5
3418e20e:	d93c      	bls.n	3418e28a <__mdiff+0x15e>
3418e210:	eba7 070a 	sub.w	r7, r7, sl
3418e214:	3404      	adds	r4, #4
3418e216:	eb00 0807 	add.w	r8, r0, r7
3418e21a:	f850 1b04 	ldr.w	r1, [r0], #4
3418e21e:	fa1f f981 	uxth.w	r9, r1
3418e222:	18ce      	adds	r6, r1, r3
3418e224:	0c09      	lsrs	r1, r1, #16
3418e226:	4586      	cmp	lr, r0
3418e228:	444b      	add	r3, r9
3418e22a:	b2b6      	uxth	r6, r6
3418e22c:	eb01 4123 	add.w	r1, r1, r3, asr #16
3418e230:	ea46 4601 	orr.w	r6, r6, r1, lsl #16
3418e234:	ea4f 4321 	mov.w	r3, r1, asr #16
3418e238:	f8c8 6000 	str.w	r6, [r8]
3418e23c:	d8eb      	bhi.n	3418e216 <__mdiff+0xea>
3418e23e:	f10e 33ff 	add.w	r3, lr, #4294967295	@ 0xffffffff
3418e242:	46b1      	mov	r9, r6
3418e244:	1b5b      	subs	r3, r3, r5
3418e246:	f023 0303 	bic.w	r3, r3, #3
3418e24a:	4423      	add	r3, r4
3418e24c:	f1b9 0f00 	cmp.w	r9, #0
3418e250:	d104      	bne.n	3418e25c <__mdiff+0x130>
3418e252:	f853 1d04 	ldr.w	r1, [r3, #-4]!
3418e256:	3a01      	subs	r2, #1
3418e258:	2900      	cmp	r1, #0
3418e25a:	d0fa      	beq.n	3418e252 <__mdiff+0x126>
3418e25c:	4660      	mov	r0, ip
3418e25e:	f8cc 2010 	str.w	r2, [ip, #16]
3418e262:	b003      	add	sp, #12
3418e264:	e8bd 8ff0 	ldmia.w	sp!, {r4, r5, r6, r7, r8, r9, sl, fp, pc}
3418e268:	2100      	movs	r1, #0
3418e26a:	f7ff fc91 	bl	3418db90 <_Balloc>
3418e26e:	4684      	mov	ip, r0
3418e270:	b168      	cbz	r0, 3418e28e <__mdiff+0x162>
3418e272:	2201      	movs	r2, #1
3418e274:	2300      	movs	r3, #0
3418e276:	e9c0 2304 	strd	r2, r3, [r0, #16]
3418e27a:	4660      	mov	r0, ip
3418e27c:	b003      	add	sp, #12
3418e27e:	e8bd 8ff0 	ldmia.w	sp!, {r4, r5, r6, r7, r8, r9, sl, fp, pc}
3418e282:	463b      	mov	r3, r7
3418e284:	4627      	mov	r7, r4
3418e286:	461c      	mov	r4, r3
3418e288:	e778      	b.n	3418e17c <__mdiff+0x50>
3418e28a:	4623      	mov	r3, r4
3418e28c:	e7de      	b.n	3418e24c <__mdiff+0x120>
3418e28e:	4602      	mov	r2, r0
3418e290:	4b06      	ldr	r3, [pc, #24]	@ (3418e2ac <__mdiff+0x180>)
3418e292:	f240 2137 	movw	r1, #567	@ 0x237
3418e296:	4806      	ldr	r0, [pc, #24]	@ (3418e2b0 <__mdiff+0x184>)
3418e298:	f000 f9a8 	bl	3418e5ec <__assert_func>
3418e29c:	4602      	mov	r2, r0
3418e29e:	4b03      	ldr	r3, [pc, #12]	@ (3418e2ac <__mdiff+0x180>)
3418e2a0:	f240 2145 	movw	r1, #581	@ 0x245
3418e2a4:	4802      	ldr	r0, [pc, #8]	@ (3418e2b0 <__mdiff+0x184>)
3418e2a6:	f000 f9a1 	bl	3418e5ec <__assert_func>
3418e2aa:	bf00      	nop
3418e2ac:	3418fb6c 	.word	0x3418fb6c
3418e2b0:	3418fc34 	.word	0x3418fc34

3418e2b4 <__d2b>:
3418e2b4:	e92d 43f0 	stmdb	sp!, {r4, r5, r6, r7, r8, r9, lr}
3418e2b8:	4689      	mov	r9, r1
3418e2ba:	b083      	sub	sp, #12
3418e2bc:	2101      	movs	r1, #1
3418e2be:	4690      	mov	r8, r2
3418e2c0:	ec57 6b10 	vmov	r6, r7, d0
3418e2c4:	f7ff fc64 	bl	3418db90 <_Balloc>
3418e2c8:	4604      	mov	r4, r0
3418e2ca:	2800      	cmp	r0, #0
3418e2cc:	d046      	beq.n	3418e35c <__d2b+0xa8>
3418e2ce:	f3c7 550a 	ubfx	r5, r7, #20, #11
3418e2d2:	f3c7 0313 	ubfx	r3, r7, #0, #20
3418e2d6:	b10d      	cbz	r5, 3418e2dc <__d2b+0x28>
3418e2d8:	f443 1380 	orr.w	r3, r3, #1048576	@ 0x100000
3418e2dc:	9301      	str	r3, [sp, #4]
3418e2de:	1e33      	subs	r3, r6, #0
3418e2e0:	d115      	bne.n	3418e30e <__d2b+0x5a>
3418e2e2:	a801      	add	r0, sp, #4
3418e2e4:	f7ff fd02 	bl	3418dcec <__lo0bits>
3418e2e8:	9b01      	ldr	r3, [sp, #4]
3418e2ea:	2101      	movs	r1, #1
3418e2ec:	3020      	adds	r0, #32
3418e2ee:	6163      	str	r3, [r4, #20]
3418e2f0:	6121      	str	r1, [r4, #16]
3418e2f2:	b315      	cbz	r5, 3418e33a <__d2b+0x86>
3418e2f4:	f2a5 4533 	subw	r5, r5, #1075	@ 0x433
3418e2f8:	4405      	add	r5, r0
3418e2fa:	f1c0 0035 	rsb	r0, r0, #53	@ 0x35
3418e2fe:	f8c9 5000 	str.w	r5, [r9]
3418e302:	f8c8 0000 	str.w	r0, [r8]
3418e306:	4620      	mov	r0, r4
3418e308:	b003      	add	sp, #12
3418e30a:	e8bd 83f0 	ldmia.w	sp!, {r4, r5, r6, r7, r8, r9, pc}
3418e30e:	4668      	mov	r0, sp
3418e310:	9300      	str	r3, [sp, #0]
3418e312:	f7ff fceb 	bl	3418dcec <__lo0bits>
3418e316:	e9dd 2300 	ldrd	r2, r3, [sp]
3418e31a:	b128      	cbz	r0, 3418e328 <__d2b+0x74>
3418e31c:	f1c0 0120 	rsb	r1, r0, #32
3418e320:	fa03 f101 	lsl.w	r1, r3, r1
3418e324:	40c3      	lsrs	r3, r0
3418e326:	430a      	orrs	r2, r1
3418e328:	2b00      	cmp	r3, #0
3418e32a:	6162      	str	r2, [r4, #20]
3418e32c:	61a3      	str	r3, [r4, #24]
3418e32e:	bf0c      	ite	eq
3418e330:	2101      	moveq	r1, #1
3418e332:	2102      	movne	r1, #2
3418e334:	6121      	str	r1, [r4, #16]
3418e336:	2d00      	cmp	r5, #0
3418e338:	d1dc      	bne.n	3418e2f4 <__d2b+0x40>
3418e33a:	eb04 0381 	add.w	r3, r4, r1, lsl #2
3418e33e:	f2a0 4032 	subw	r0, r0, #1074	@ 0x432
3418e342:	f8c9 0000 	str.w	r0, [r9]
3418e346:	6918      	ldr	r0, [r3, #16]
3418e348:	f7ff fca6 	bl	3418dc98 <__hi0bits>
3418e34c:	ebc0 1041 	rsb	r0, r0, r1, lsl #5
3418e350:	f8c8 0000 	str.w	r0, [r8]
3418e354:	4620      	mov	r0, r4
3418e356:	b003      	add	sp, #12
3418e358:	e8bd 83f0 	ldmia.w	sp!, {r4, r5, r6, r7, r8, r9, pc}
3418e35c:	4602      	mov	r2, r0
3418e35e:	4b03      	ldr	r3, [pc, #12]	@ (3418e36c <__d2b+0xb8>)
3418e360:	f240 310f 	movw	r1, #783	@ 0x30f
3418e364:	4802      	ldr	r0, [pc, #8]	@ (3418e370 <__d2b+0xbc>)
3418e366:	f000 f941 	bl	3418e5ec <__assert_func>
3418e36a:	bf00      	nop
3418e36c:	3418fb6c 	.word	0x3418fb6c
3418e370:	3418fc34 	.word	0x3418fc34

3418e374 <__smakebuf_r>:
3418e374:	f9b1 200c 	ldrsh.w	r2, [r1, #12]
3418e378:	0793      	lsls	r3, r2, #30
3418e37a:	d506      	bpl.n	3418e38a <__smakebuf_r+0x16>
3418e37c:	f101 0343 	add.w	r3, r1, #67	@ 0x43
3418e380:	2201      	movs	r2, #1
3418e382:	600b      	str	r3, [r1, #0]
3418e384:	e9c1 3204 	strd	r3, r2, [r1, #16]
3418e388:	4770      	bx	lr
3418e38a:	460b      	mov	r3, r1
3418e38c:	f9b1 100e 	ldrsh.w	r1, [r1, #14]
3418e390:	2900      	cmp	r1, #0
3418e392:	b530      	push	{r4, r5, lr}
3418e394:	4604      	mov	r4, r0
3418e396:	b099      	sub	sp, #100	@ 0x64
3418e398:	db32      	blt.n	3418e400 <__smakebuf_r+0x8c>
3418e39a:	aa02      	add	r2, sp, #8
3418e39c:	9300      	str	r3, [sp, #0]
3418e39e:	f000 f86d 	bl	3418e47c <_fstat_r>
3418e3a2:	2800      	cmp	r0, #0
3418e3a4:	9b00      	ldr	r3, [sp, #0]
3418e3a6:	db29      	blt.n	3418e3fc <__smakebuf_r+0x88>
3418e3a8:	f44f 6180 	mov.w	r1, #1024	@ 0x400
3418e3ac:	4620      	mov	r0, r4
3418e3ae:	9300      	str	r3, [sp, #0]
3418e3b0:	9d03      	ldr	r5, [sp, #12]
3418e3b2:	f7fa fbcb 	bl	34188b4c <_malloc_r>
3418e3b6:	9b00      	ldr	r3, [sp, #0]
3418e3b8:	f9b3 200c 	ldrsh.w	r2, [r3, #12]
3418e3bc:	2800      	cmp	r0, #0
3418e3be:	d03b      	beq.n	3418e438 <__smakebuf_r+0xc4>
3418e3c0:	f405 4170 	and.w	r1, r5, #61440	@ 0xf000
3418e3c4:	f042 0280 	orr.w	r2, r2, #128	@ 0x80
3418e3c8:	6018      	str	r0, [r3, #0]
3418e3ca:	6118      	str	r0, [r3, #16]
3418e3cc:	f5b1 5f00 	cmp.w	r1, #8192	@ 0x2000
3418e3d0:	f44f 6080 	mov.w	r0, #1024	@ 0x400
3418e3d4:	819a      	strh	r2, [r3, #12]
3418e3d6:	6158      	str	r0, [r3, #20]
3418e3d8:	d13c      	bne.n	3418e454 <__smakebuf_r+0xe0>
3418e3da:	f9b3 100e 	ldrsh.w	r1, [r3, #14]
3418e3de:	4620      	mov	r0, r4
3418e3e0:	9300      	str	r3, [sp, #0]
3418e3e2:	f000 f85f 	bl	3418e4a4 <_isatty_r>
3418e3e6:	9b00      	ldr	r3, [sp, #0]
3418e3e8:	f9b3 200c 	ldrsh.w	r2, [r3, #12]
3418e3ec:	b390      	cbz	r0, 3418e454 <__smakebuf_r+0xe0>
3418e3ee:	f022 0203 	bic.w	r2, r2, #3
3418e3f2:	f44f 6c00 	mov.w	ip, #2048	@ 0x800
3418e3f6:	f042 0201 	orr.w	r2, r2, #1
3418e3fa:	e018      	b.n	3418e42e <__smakebuf_r+0xba>
3418e3fc:	f9b3 200c 	ldrsh.w	r2, [r3, #12]
3418e400:	f012 0f80 	tst.w	r2, #128	@ 0x80
3418e404:	4620      	mov	r0, r4
3418e406:	9301      	str	r3, [sp, #4]
3418e408:	bf0c      	ite	eq
3418e40a:	f44f 6180 	moveq.w	r1, #1024	@ 0x400
3418e40e:	2140      	movne	r1, #64	@ 0x40
3418e410:	9100      	str	r1, [sp, #0]
3418e412:	f7fa fb9b 	bl	34188b4c <_malloc_r>
3418e416:	9b01      	ldr	r3, [sp, #4]
3418e418:	9900      	ldr	r1, [sp, #0]
3418e41a:	f9b3 200c 	ldrsh.w	r2, [r3, #12]
3418e41e:	b158      	cbz	r0, 3418e438 <__smakebuf_r+0xc4>
3418e420:	f042 0280 	orr.w	r2, r2, #128	@ 0x80
3418e424:	f04f 0c00 	mov.w	ip, #0
3418e428:	6018      	str	r0, [r3, #0]
3418e42a:	e9c3 0104 	strd	r0, r1, [r3, #16]
3418e42e:	ea42 020c 	orr.w	r2, r2, ip
3418e432:	819a      	strh	r2, [r3, #12]
3418e434:	b019      	add	sp, #100	@ 0x64
3418e436:	bd30      	pop	{r4, r5, pc}
3418e438:	0591      	lsls	r1, r2, #22
3418e43a:	d4fb      	bmi.n	3418e434 <__smakebuf_r+0xc0>
3418e43c:	f022 0203 	bic.w	r2, r2, #3
3418e440:	f103 0143 	add.w	r1, r3, #67	@ 0x43
3418e444:	2001      	movs	r0, #1
3418e446:	f042 0202 	orr.w	r2, r2, #2
3418e44a:	6019      	str	r1, [r3, #0]
3418e44c:	e9c3 1004 	strd	r1, r0, [r3, #16]
3418e450:	819a      	strh	r2, [r3, #12]
3418e452:	e7ef      	b.n	3418e434 <__smakebuf_r+0xc0>
3418e454:	f44f 6c00 	mov.w	ip, #2048	@ 0x800
3418e458:	e7e9      	b.n	3418e42e <__smakebuf_r+0xba>
3418e45a:	bf00      	nop

3418e45c <__ascii_wctomb>:
3418e45c:	b159      	cbz	r1, 3418e476 <__ascii_wctomb+0x1a>
3418e45e:	2aff      	cmp	r2, #255	@ 0xff
3418e460:	d803      	bhi.n	3418e46a <__ascii_wctomb+0xe>
3418e462:	2301      	movs	r3, #1
3418e464:	700a      	strb	r2, [r1, #0]
3418e466:	4618      	mov	r0, r3
3418e468:	4770      	bx	lr
3418e46a:	228a      	movs	r2, #138	@ 0x8a
3418e46c:	f04f 33ff 	mov.w	r3, #4294967295	@ 0xffffffff
3418e470:	6002      	str	r2, [r0, #0]
3418e472:	4618      	mov	r0, r3
3418e474:	4770      	bx	lr
3418e476:	460b      	mov	r3, r1
3418e478:	4618      	mov	r0, r3
3418e47a:	4770      	bx	lr

3418e47c <_fstat_r>:
3418e47c:	b538      	push	{r3, r4, r5, lr}
3418e47e:	2300      	movs	r3, #0
3418e480:	4c07      	ldr	r4, [pc, #28]	@ (3418e4a0 <_fstat_r+0x24>)
3418e482:	4605      	mov	r5, r0
3418e484:	4608      	mov	r0, r1
3418e486:	4611      	mov	r1, r2
3418e488:	6023      	str	r3, [r4, #0]
3418e48a:	f001 fa03 	bl	3418f894 <_fstat>
3418e48e:	1c43      	adds	r3, r0, #1
3418e490:	d000      	beq.n	3418e494 <_fstat_r+0x18>
3418e492:	bd38      	pop	{r3, r4, r5, pc}
3418e494:	6823      	ldr	r3, [r4, #0]
3418e496:	2b00      	cmp	r3, #0
3418e498:	d0fb      	beq.n	3418e492 <_fstat_r+0x16>
3418e49a:	602b      	str	r3, [r5, #0]
3418e49c:	bd38      	pop	{r3, r4, r5, pc}
3418e49e:	bf00      	nop
3418e4a0:	341c1f08 	.word	0x341c1f08

3418e4a4 <_isatty_r>:
3418e4a4:	b538      	push	{r3, r4, r5, lr}
3418e4a6:	2300      	movs	r3, #0
3418e4a8:	4c06      	ldr	r4, [pc, #24]	@ (3418e4c4 <_isatty_r+0x20>)
3418e4aa:	4605      	mov	r5, r0
3418e4ac:	4608      	mov	r0, r1
3418e4ae:	6023      	str	r3, [r4, #0]
3418e4b0:	f001 fa00 	bl	3418f8b4 <_isatty>
3418e4b4:	1c43      	adds	r3, r0, #1
3418e4b6:	d000      	beq.n	3418e4ba <_isatty_r+0x16>
3418e4b8:	bd38      	pop	{r3, r4, r5, pc}
3418e4ba:	6823      	ldr	r3, [r4, #0]
3418e4bc:	2b00      	cmp	r3, #0
3418e4be:	d0fb      	beq.n	3418e4b8 <_isatty_r+0x14>
3418e4c0:	602b      	str	r3, [r5, #0]
3418e4c2:	bd38      	pop	{r3, r4, r5, pc}
3418e4c4:	341c1f08 	.word	0x341c1f08

3418e4c8 <_wcsnrtombs_l>:
3418e4c8:	e92d 4ff0 	stmdb	sp!, {r4, r5, r6, r7, r8, r9, sl, fp, lr}
3418e4cc:	b08b      	sub	sp, #44	@ 0x2c
3418e4ce:	461c      	mov	r4, r3
3418e4d0:	e9dd 7814 	ldrd	r7, r8, [sp, #80]	@ 0x50
3418e4d4:	f8dd 9058 	ldr.w	r9, [sp, #88]	@ 0x58
3418e4d8:	9002      	str	r0, [sp, #8]
3418e4da:	f1b8 0f00 	cmp.w	r8, #0
3418e4de:	d058      	beq.n	3418e592 <_wcsnrtombs_l+0xca>
3418e4e0:	2900      	cmp	r1, #0
3418e4e2:	6816      	ldr	r6, [r2, #0]
3418e4e4:	46c3      	mov	fp, r8
3418e4e6:	f04f 0500 	mov.w	r5, #0
3418e4ea:	bf08      	it	eq
3418e4ec:	f04f 37ff 	moveq.w	r7, #4294967295	@ 0xffffffff
3418e4f0:	4688      	mov	r8, r1
3418e4f2:	4692      	mov	sl, r2
3418e4f4:	9601      	str	r6, [sp, #4]
3418e4f6:	9103      	str	r1, [sp, #12]
3418e4f8:	e006      	b.n	3418e508 <_wcsnrtombs_l+0x40>
3418e4fa:	9b01      	ldr	r3, [sp, #4]
3418e4fc:	f853 0b04 	ldr.w	r0, [r3], #4
3418e500:	9301      	str	r3, [sp, #4]
3418e502:	2800      	cmp	r0, #0
3418e504:	d037      	beq.n	3418e576 <_wcsnrtombs_l+0xae>
3418e506:	4665      	mov	r5, ip
3418e508:	42af      	cmp	r7, r5
3418e50a:	d93e      	bls.n	3418e58a <_wcsnrtombs_l+0xc2>
3418e50c:	2c00      	cmp	r4, #0
3418e50e:	d03c      	beq.n	3418e58a <_wcsnrtombs_l+0xc2>
3418e510:	f8db 3000 	ldr.w	r3, [fp]
3418e514:	a906      	add	r1, sp, #24
3418e516:	9a01      	ldr	r2, [sp, #4]
3418e518:	9304      	str	r3, [sp, #16]
3418e51a:	f8db 3004 	ldr.w	r3, [fp, #4]
3418e51e:	6812      	ldr	r2, [r2, #0]
3418e520:	9305      	str	r3, [sp, #20]
3418e522:	465b      	mov	r3, fp
3418e524:	9802      	ldr	r0, [sp, #8]
3418e526:	f8d9 61c8 	ldr.w	r6, [r9, #456]	@ 0x1c8
3418e52a:	47b0      	blx	r6
3418e52c:	1c43      	adds	r3, r0, #1
3418e52e:	d033      	beq.n	3418e598 <_wcsnrtombs_l+0xd0>
3418e530:	eb00 0c05 	add.w	ip, r0, r5
3418e534:	45bc      	cmp	ip, r7
3418e536:	d83a      	bhi.n	3418e5ae <_wcsnrtombs_l+0xe6>
3418e538:	9b03      	ldr	r3, [sp, #12]
3418e53a:	3c01      	subs	r4, #1
3418e53c:	2b00      	cmp	r3, #0
3418e53e:	d0dc      	beq.n	3418e4fa <_wcsnrtombs_l+0x32>
3418e540:	2800      	cmp	r0, #0
3418e542:	dd0d      	ble.n	3418e560 <_wcsnrtombs_l+0x98>
3418e544:	f108 32ff 	add.w	r2, r8, #4294967295	@ 0xffffffff
3418e548:	a906      	add	r1, sp, #24
3418e54a:	9e01      	ldr	r6, [sp, #4]
3418e54c:	eb00 0e02 	add.w	lr, r0, r2
3418e550:	f811 3b01 	ldrb.w	r3, [r1], #1
3418e554:	f802 3f01 	strb.w	r3, [r2, #1]!
3418e558:	4572      	cmp	r2, lr
3418e55a:	d1f9      	bne.n	3418e550 <_wcsnrtombs_l+0x88>
3418e55c:	4480      	add	r8, r0
3418e55e:	9601      	str	r6, [sp, #4]
3418e560:	f8da 2000 	ldr.w	r2, [sl]
3418e564:	9b01      	ldr	r3, [sp, #4]
3418e566:	3204      	adds	r2, #4
3418e568:	f853 0b04 	ldr.w	r0, [r3], #4
3418e56c:	f8ca 2000 	str.w	r2, [sl]
3418e570:	9301      	str	r3, [sp, #4]
3418e572:	2800      	cmp	r0, #0
3418e574:	d1c7      	bne.n	3418e506 <_wcsnrtombs_l+0x3e>
3418e576:	9903      	ldr	r1, [sp, #12]
3418e578:	46d8      	mov	r8, fp
3418e57a:	b109      	cbz	r1, 3418e580 <_wcsnrtombs_l+0xb8>
3418e57c:	f8ca 0000 	str.w	r0, [sl]
3418e580:	2200      	movs	r2, #0
3418e582:	f10c 35ff 	add.w	r5, ip, #4294967295	@ 0xffffffff
3418e586:	f8c8 2000 	str.w	r2, [r8]
3418e58a:	4628      	mov	r0, r5
3418e58c:	b00b      	add	sp, #44	@ 0x2c
3418e58e:	e8bd 8ff0 	ldmia.w	sp!, {r4, r5, r6, r7, r8, r9, sl, fp, pc}
3418e592:	f500 7886 	add.w	r8, r0, #268	@ 0x10c
3418e596:	e7a3      	b.n	3418e4e0 <_wcsnrtombs_l+0x18>
3418e598:	4605      	mov	r5, r0
3418e59a:	218a      	movs	r1, #138	@ 0x8a
3418e59c:	2200      	movs	r2, #0
3418e59e:	9b02      	ldr	r3, [sp, #8]
3418e5a0:	4628      	mov	r0, r5
3418e5a2:	6019      	str	r1, [r3, #0]
3418e5a4:	f8cb 2000 	str.w	r2, [fp]
3418e5a8:	b00b      	add	sp, #44	@ 0x2c
3418e5aa:	e8bd 8ff0 	ldmia.w	sp!, {r4, r5, r6, r7, r8, r9, sl, fp, pc}
3418e5ae:	46d8      	mov	r8, fp
3418e5b0:	f8dd a010 	ldr.w	sl, [sp, #16]
3418e5b4:	f8dd b014 	ldr.w	fp, [sp, #20]
3418e5b8:	4628      	mov	r0, r5
3418e5ba:	e9c8 ab00 	strd	sl, fp, [r8]
3418e5be:	b00b      	add	sp, #44	@ 0x2c
3418e5c0:	e8bd 8ff0 	ldmia.w	sp!, {r4, r5, r6, r7, r8, r9, sl, fp, pc}

3418e5c4 <_wcsnrtombs_r>:
3418e5c4:	b500      	push	{lr}
3418e5c6:	b085      	sub	sp, #20
3418e5c8:	f8df c01c 	ldr.w	ip, [pc, #28]	@ 3418e5e8 <_wcsnrtombs_r+0x24>
3418e5cc:	9806      	ldr	r0, [sp, #24]
3418e5ce:	9000      	str	r0, [sp, #0]
3418e5d0:	9807      	ldr	r0, [sp, #28]
3418e5d2:	9001      	str	r0, [sp, #4]
3418e5d4:	4803      	ldr	r0, [pc, #12]	@ (3418e5e4 <_wcsnrtombs_r+0x20>)
3418e5d6:	6800      	ldr	r0, [r0, #0]
3418e5d8:	f8cd c008 	str.w	ip, [sp, #8]
3418e5dc:	f7ff ff74 	bl	3418e4c8 <_wcsnrtombs_l>
3418e5e0:	b005      	add	sp, #20
3418e5e2:	bd00      	pop	{pc}
3418e5e4:	341c042c 	.word	0x341c042c
3418e5e8:	341c0634 	.word	0x341c0634

3418e5ec <__assert_func>:
3418e5ec:	b500      	push	{lr}
3418e5ee:	f8df e03c 	ldr.w	lr, [pc, #60]	@ 3418e62c <__assert_func+0x40>
3418e5f2:	468c      	mov	ip, r1
3418e5f4:	4604      	mov	r4, r0
3418e5f6:	b085      	sub	sp, #20
3418e5f8:	f8de 1000 	ldr.w	r1, [lr]
3418e5fc:	469e      	mov	lr, r3
3418e5fe:	68c8      	ldr	r0, [r1, #12]
3418e600:	b15a      	cbz	r2, 3418e61a <__assert_func+0x2e>
3418e602:	4907      	ldr	r1, [pc, #28]	@ (3418e620 <__assert_func+0x34>)
3418e604:	4623      	mov	r3, r4
3418e606:	9202      	str	r2, [sp, #8]
3418e608:	9101      	str	r1, [sp, #4]
3418e60a:	4672      	mov	r2, lr
3418e60c:	4905      	ldr	r1, [pc, #20]	@ (3418e624 <__assert_func+0x38>)
3418e60e:	f8cd c000 	str.w	ip, [sp]
3418e612:	f000 f80d 	bl	3418e630 <fiprintf>
3418e616:	f7fa fa2f 	bl	34188a78 <abort>
3418e61a:	4903      	ldr	r1, [pc, #12]	@ (3418e628 <__assert_func+0x3c>)
3418e61c:	460a      	mov	r2, r1
3418e61e:	e7f1      	b.n	3418e604 <__assert_func+0x18>
3418e620:	3418fce8 	.word	0x3418fce8
3418e624:	3418fcf8 	.word	0x3418fcf8
3418e628:	3418f990 	.word	0x3418f990
3418e62c:	341c042c 	.word	0x341c042c

3418e630 <fiprintf>:
3418e630:	b40e      	push	{r1, r2, r3}
3418e632:	b500      	push	{lr}
3418e634:	b082      	sub	sp, #8
3418e636:	4601      	mov	r1, r0
3418e638:	4806      	ldr	r0, [pc, #24]	@ (3418e654 <fiprintf+0x24>)
3418e63a:	ab03      	add	r3, sp, #12
3418e63c:	6800      	ldr	r0, [r0, #0]
3418e63e:	f853 2b04 	ldr.w	r2, [r3], #4
3418e642:	9301      	str	r3, [sp, #4]
3418e644:	f000 f808 	bl	3418e658 <_vfiprintf_r>
3418e648:	b002      	add	sp, #8
3418e64a:	f85d eb04 	ldr.w	lr, [sp], #4
3418e64e:	b003      	add	sp, #12
3418e650:	4770      	bx	lr
3418e652:	bf00      	nop
3418e654:	341c042c 	.word	0x341c042c

3418e658 <_vfiprintf_r>:
3418e658:	e92d 4ff0 	stmdb	sp!, {r4, r5, r6, r7, r8, r9, sl, fp, lr}
3418e65c:	b0c5      	sub	sp, #276	@ 0x114
3418e65e:	4683      	mov	fp, r0
3418e660:	4692      	mov	sl, r2
3418e662:	2208      	movs	r2, #8
3418e664:	af14      	add	r7, sp, #80	@ 0x50
3418e666:	9104      	str	r1, [sp, #16]
3418e668:	2100      	movs	r1, #0
3418e66a:	461c      	mov	r4, r3
3418e66c:	4638      	mov	r0, r7
3418e66e:	930b      	str	r3, [sp, #44]	@ 0x2c
3418e670:	f7fb f882 	bl	34189778 <memset>
3418e674:	f1bb 0f00 	cmp.w	fp, #0
3418e678:	d004      	beq.n	3418e684 <_vfiprintf_r+0x2c>
3418e67a:	f8db 3034 	ldr.w	r3, [fp, #52]	@ 0x34
3418e67e:	2b00      	cmp	r3, #0
3418e680:	f000 8752 	beq.w	3418f528 <_vfiprintf_r+0xed0>
3418e684:	9b04      	ldr	r3, [sp, #16]
3418e686:	6e5a      	ldr	r2, [r3, #100]	@ 0x64
3418e688:	f9b3 300c 	ldrsh.w	r3, [r3, #12]
3418e68c:	07d0      	lsls	r0, r2, #31
3418e68e:	f140 8141 	bpl.w	3418e914 <_vfiprintf_r+0x2bc>
3418e692:	0499      	lsls	r1, r3, #18
3418e694:	f100 85d9 	bmi.w	3418f24a <_vfiprintf_r+0xbf2>
3418e698:	9904      	ldr	r1, [sp, #16]
3418e69a:	f443 5300 	orr.w	r3, r3, #8192	@ 0x2000
3418e69e:	f422 5200 	bic.w	r2, r2, #8192	@ 0x2000
3418e6a2:	818b      	strh	r3, [r1, #12]
3418e6a4:	664a      	str	r2, [r1, #100]	@ 0x64
3418e6a6:	0493      	lsls	r3, r2, #18
3418e6a8:	f101 806d 	bmi.w	3418f786 <_vfiprintf_r+0x112e>
3418e6ac:	9b04      	ldr	r3, [sp, #16]
3418e6ae:	f9b3 300c 	ldrsh.w	r3, [r3, #12]
3418e6b2:	071d      	lsls	r5, r3, #28
3418e6b4:	f140 80ba 	bpl.w	3418e82c <_vfiprintf_r+0x1d4>
3418e6b8:	9a04      	ldr	r2, [sp, #16]
3418e6ba:	6912      	ldr	r2, [r2, #16]
3418e6bc:	2a00      	cmp	r2, #0
3418e6be:	f000 80b5 	beq.w	3418e82c <_vfiprintf_r+0x1d4>
3418e6c2:	f003 021a 	and.w	r2, r3, #26
3418e6c6:	2a0a      	cmp	r2, #10
3418e6c8:	f000 80bf 	beq.w	3418e84a <_vfiprintf_r+0x1f2>
3418e6cc:	aa1b      	add	r2, sp, #108	@ 0x6c
3418e6ce:	2300      	movs	r3, #0
3418e6d0:	4691      	mov	r9, r2
3418e6d2:	930d      	str	r3, [sp, #52]	@ 0x34
3418e6d4:	9218      	str	r2, [sp, #96]	@ 0x60
3418e6d6:	9307      	str	r3, [sp, #28]
3418e6d8:	e9cd 3319 	strd	r3, r3, [sp, #100]	@ 0x64
3418e6dc:	e9cd 330e 	strd	r3, r3, [sp, #56]	@ 0x38
3418e6e0:	4655      	mov	r5, sl
3418e6e2:	4b92      	ldr	r3, [pc, #584]	@ (3418e92c <_vfiprintf_r+0x2d4>)
3418e6e4:	f8d3 41cc 	ldr.w	r4, [r3, #460]	@ 0x1cc
3418e6e8:	f7fe f97a 	bl	3418c9e0 <__locale_mb_cur_max>
3418e6ec:	462a      	mov	r2, r5
3418e6ee:	4603      	mov	r3, r0
3418e6f0:	a912      	add	r1, sp, #72	@ 0x48
3418e6f2:	4658      	mov	r0, fp
3418e6f4:	9700      	str	r7, [sp, #0]
3418e6f6:	47a0      	blx	r4
3418e6f8:	2800      	cmp	r0, #0
3418e6fa:	4603      	mov	r3, r0
3418e6fc:	f000 80c4 	beq.w	3418e888 <_vfiprintf_r+0x230>
3418e700:	f2c0 80ba 	blt.w	3418e878 <_vfiprintf_r+0x220>
3418e704:	9a12      	ldr	r2, [sp, #72]	@ 0x48
3418e706:	2a25      	cmp	r2, #37	@ 0x25
3418e708:	d001      	beq.n	3418e70e <_vfiprintf_r+0xb6>
3418e70a:	441d      	add	r5, r3
3418e70c:	e7e9      	b.n	3418e6e2 <_vfiprintf_r+0x8a>
3418e70e:	ebb5 060a 	subs.w	r6, r5, sl
3418e712:	4604      	mov	r4, r0
3418e714:	f040 80bc 	bne.w	3418e890 <_vfiprintf_r+0x238>
3418e718:	2300      	movs	r3, #0
3418e71a:	f04f 32ff 	mov.w	r2, #4294967295	@ 0xffffffff
3418e71e:	f105 0a01 	add.w	sl, r5, #1
3418e722:	4619      	mov	r1, r3
3418e724:	f88d 3043 	strb.w	r3, [sp, #67]	@ 0x43
3418e728:	9308      	str	r3, [sp, #32]
3418e72a:	786b      	ldrb	r3, [r5, #1]
3418e72c:	9206      	str	r2, [sp, #24]
3418e72e:	9103      	str	r1, [sp, #12]
3418e730:	f10a 0a01 	add.w	sl, sl, #1
3418e734:	4619      	mov	r1, r3
3418e736:	f1a1 0320 	sub.w	r3, r1, #32
3418e73a:	2b5a      	cmp	r3, #90	@ 0x5a
3418e73c:	f200 80f8 	bhi.w	3418e930 <_vfiprintf_r+0x2d8>
3418e740:	e8df f013 	tbh	[pc, r3, lsl #1]
3418e744:	00f60367 	.word	0x00f60367
3418e748:	036000f6 	.word	0x036000f6
3418e74c:	00f600f6 	.word	0x00f600f6
3418e750:	034000f6 	.word	0x034000f6
3418e754:	00f600f6 	.word	0x00f600f6
3418e758:	02570212 	.word	0x02570212
3418e75c:	021d00f6 	.word	0x021d00f6
3418e760:	00f60379 	.word	0x00f60379
3418e764:	005b0372 	.word	0x005b0372
3418e768:	005b005b 	.word	0x005b005b
3418e76c:	005b005b 	.word	0x005b005b
3418e770:	005b005b 	.word	0x005b005b
3418e774:	005b005b 	.word	0x005b005b
3418e778:	00f600f6 	.word	0x00f600f6
3418e77c:	00f600f6 	.word	0x00f600f6
3418e780:	00f600f6 	.word	0x00f600f6
3418e784:	00f600f6 	.word	0x00f600f6
3418e788:	01e300f6 	.word	0x01e300f6
3418e78c:	00f60394 	.word	0x00f60394
3418e790:	00f600f6 	.word	0x00f600f6
3418e794:	00f600f6 	.word	0x00f600f6
3418e798:	00f600f6 	.word	0x00f600f6
3418e79c:	00f600f6 	.word	0x00f600f6
3418e7a0:	022400f6 	.word	0x022400f6
3418e7a4:	00f600f6 	.word	0x00f600f6
3418e7a8:	01b300f6 	.word	0x01b300f6
3418e7ac:	02ea00f6 	.word	0x02ea00f6
3418e7b0:	00f600f6 	.word	0x00f600f6
3418e7b4:	00f605ca 	.word	0x00f605ca
3418e7b8:	00f600f6 	.word	0x00f600f6
3418e7bc:	00f600f6 	.word	0x00f600f6
3418e7c0:	00f600f6 	.word	0x00f600f6
3418e7c4:	00f600f6 	.word	0x00f600f6
3418e7c8:	01e300f6 	.word	0x01e300f6
3418e7cc:	00f6017b 	.word	0x00f6017b
3418e7d0:	00f600f6 	.word	0x00f600f6
3418e7d4:	017b0336 	.word	0x017b0336
3418e7d8:	00f6006d 	.word	0x00f6006d
3418e7dc:	00f602e0 	.word	0x00f602e0
3418e7e0:	02bf02d2 	.word	0x02bf02d2
3418e7e4:	006d028e 	.word	0x006d028e
3418e7e8:	01b300f6 	.word	0x01b300f6
3418e7ec:	025d006a 	.word	0x025d006a
3418e7f0:	00f600f6 	.word	0x00f600f6
3418e7f4:	00f6060b 	.word	0x00f6060b
3418e7f8:	006a      	.short	0x006a
3418e7fa:	f1a1 0330 	sub.w	r3, r1, #48	@ 0x30
3418e7fe:	2200      	movs	r2, #0
3418e800:	eb02 0282 	add.w	r2, r2, r2, lsl #2
3418e804:	f81a 1b01 	ldrb.w	r1, [sl], #1
3418e808:	eb03 0242 	add.w	r2, r3, r2, lsl #1
3418e80c:	f1a1 0330 	sub.w	r3, r1, #48	@ 0x30
3418e810:	2b09      	cmp	r3, #9
3418e812:	d9f5      	bls.n	3418e800 <_vfiprintf_r+0x1a8>
3418e814:	9208      	str	r2, [sp, #32]
3418e816:	e78e      	b.n	3418e736 <_vfiprintf_r+0xde>
3418e818:	f89a 3000 	ldrb.w	r3, [sl]
3418e81c:	e788      	b.n	3418e730 <_vfiprintf_r+0xd8>
3418e81e:	9b03      	ldr	r3, [sp, #12]
3418e820:	f043 0320 	orr.w	r3, r3, #32
3418e824:	9303      	str	r3, [sp, #12]
3418e826:	f89a 3000 	ldrb.w	r3, [sl]
3418e82a:	e781      	b.n	3418e730 <_vfiprintf_r+0xd8>
3418e82c:	9d04      	ldr	r5, [sp, #16]
3418e82e:	4658      	mov	r0, fp
3418e830:	4629      	mov	r1, r5
3418e832:	f7fe f831 	bl	3418c898 <__swsetup_r>
3418e836:	2800      	cmp	r0, #0
3418e838:	f040 87b4 	bne.w	3418f7a4 <_vfiprintf_r+0x114c>
3418e83c:	f9b5 300c 	ldrsh.w	r3, [r5, #12]
3418e840:	f003 021a 	and.w	r2, r3, #26
3418e844:	2a0a      	cmp	r2, #10
3418e846:	f47f af41 	bne.w	3418e6cc <_vfiprintf_r+0x74>
3418e84a:	9904      	ldr	r1, [sp, #16]
3418e84c:	f9b1 200e 	ldrsh.w	r2, [r1, #14]
3418e850:	2a00      	cmp	r2, #0
3418e852:	f6ff af3b 	blt.w	3418e6cc <_vfiprintf_r+0x74>
3418e856:	6e4a      	ldr	r2, [r1, #100]	@ 0x64
3418e858:	07d2      	lsls	r2, r2, #31
3418e85a:	d402      	bmi.n	3418e862 <_vfiprintf_r+0x20a>
3418e85c:	059f      	lsls	r7, r3, #22
3418e85e:	f140 86fa 	bpl.w	3418f656 <_vfiprintf_r+0xffe>
3418e862:	4623      	mov	r3, r4
3418e864:	4652      	mov	r2, sl
3418e866:	9904      	ldr	r1, [sp, #16]
3418e868:	4658      	mov	r0, fp
3418e86a:	f000 ffcb 	bl	3418f804 <__sbprintf>
3418e86e:	9007      	str	r0, [sp, #28]
3418e870:	9807      	ldr	r0, [sp, #28]
3418e872:	b045      	add	sp, #276	@ 0x114
3418e874:	e8bd 8ff0 	ldmia.w	sp!, {r4, r5, r6, r7, r8, r9, sl, fp, pc}
3418e878:	2208      	movs	r2, #8
3418e87a:	2100      	movs	r1, #0
3418e87c:	4638      	mov	r0, r7
3418e87e:	f7fa ff7b 	bl	34189778 <memset>
3418e882:	2301      	movs	r3, #1
3418e884:	441d      	add	r5, r3
3418e886:	e72c      	b.n	3418e6e2 <_vfiprintf_r+0x8a>
3418e888:	ebb5 060a 	subs.w	r6, r5, sl
3418e88c:	4604      	mov	r4, r0
3418e88e:	d011      	beq.n	3418e8b4 <_vfiprintf_r+0x25c>
3418e890:	9b1a      	ldr	r3, [sp, #104]	@ 0x68
3418e892:	4433      	add	r3, r6
3418e894:	931a      	str	r3, [sp, #104]	@ 0x68
3418e896:	9b19      	ldr	r3, [sp, #100]	@ 0x64
3418e898:	3301      	adds	r3, #1
3418e89a:	2b07      	cmp	r3, #7
3418e89c:	9319      	str	r3, [sp, #100]	@ 0x64
3418e89e:	e9c9 a600 	strd	sl, r6, [r9]
3418e8a2:	dc11      	bgt.n	3418e8c8 <_vfiprintf_r+0x270>
3418e8a4:	f109 0908 	add.w	r9, r9, #8
3418e8a8:	9b07      	ldr	r3, [sp, #28]
3418e8aa:	4433      	add	r3, r6
3418e8ac:	9307      	str	r3, [sp, #28]
3418e8ae:	2c00      	cmp	r4, #0
3418e8b0:	f47f af32 	bne.w	3418e718 <_vfiprintf_r+0xc0>
3418e8b4:	9b1a      	ldr	r3, [sp, #104]	@ 0x68
3418e8b6:	2b00      	cmp	r3, #0
3418e8b8:	f040 8726 	bne.w	3418f708 <_vfiprintf_r+0x10b0>
3418e8bc:	2200      	movs	r2, #0
3418e8be:	9b04      	ldr	r3, [sp, #16]
3418e8c0:	9219      	str	r2, [sp, #100]	@ 0x64
3418e8c2:	f9b3 300c 	ldrsh.w	r3, [r3, #12]
3418e8c6:	e019      	b.n	3418e8fc <_vfiprintf_r+0x2a4>
3418e8c8:	aa18      	add	r2, sp, #96	@ 0x60
3418e8ca:	9904      	ldr	r1, [sp, #16]
3418e8cc:	4658      	mov	r0, fp
3418e8ce:	f7fd ff27 	bl	3418c720 <__sprint_r>
3418e8d2:	b980      	cbnz	r0, 3418e8f6 <_vfiprintf_r+0x29e>
3418e8d4:	f10d 096c 	add.w	r9, sp, #108	@ 0x6c
3418e8d8:	e7e6      	b.n	3418e8a8 <_vfiprintf_r+0x250>
3418e8da:	aa18      	add	r2, sp, #96	@ 0x60
3418e8dc:	9904      	ldr	r1, [sp, #16]
3418e8de:	4658      	mov	r0, fp
3418e8e0:	f7fd ff1e 	bl	3418c720 <__sprint_r>
3418e8e4:	2800      	cmp	r0, #0
3418e8e6:	f000 8093 	beq.w	3418ea10 <_vfiprintf_r+0x3b8>
3418e8ea:	9b09      	ldr	r3, [sp, #36]	@ 0x24
3418e8ec:	b11b      	cbz	r3, 3418e8f6 <_vfiprintf_r+0x29e>
3418e8ee:	9909      	ldr	r1, [sp, #36]	@ 0x24
3418e8f0:	4658      	mov	r0, fp
3418e8f2:	f7fb f9f1 	bl	34189cd8 <_free_r>
3418e8f6:	9b04      	ldr	r3, [sp, #16]
3418e8f8:	f9b3 300c 	ldrsh.w	r3, [r3, #12]
3418e8fc:	9a04      	ldr	r2, [sp, #16]
3418e8fe:	6e52      	ldr	r2, [r2, #100]	@ 0x64
3418e900:	07d0      	lsls	r0, r2, #31
3418e902:	f140 8090 	bpl.w	3418ea26 <_vfiprintf_r+0x3ce>
3418e906:	065b      	lsls	r3, r3, #25
3418e908:	f100 871e 	bmi.w	3418f748 <_vfiprintf_r+0x10f0>
3418e90c:	9807      	ldr	r0, [sp, #28]
3418e90e:	b045      	add	sp, #276	@ 0x114
3418e910:	e8bd 8ff0 	ldmia.w	sp!, {r4, r5, r6, r7, r8, r9, sl, fp, pc}
3418e914:	059e      	lsls	r6, r3, #22
3418e916:	f140 811c 	bpl.w	3418eb52 <_vfiprintf_r+0x4fa>
3418e91a:	049d      	lsls	r5, r3, #18
3418e91c:	f57f aebc 	bpl.w	3418e698 <_vfiprintf_r+0x40>
3418e920:	0490      	lsls	r0, r2, #18
3418e922:	f57f aec6 	bpl.w	3418e6b2 <_vfiprintf_r+0x5a>
3418e926:	f000 bf30 	b.w	3418f78a <_vfiprintf_r+0x1132>
3418e92a:	bf00      	nop
3418e92c:	341c0634 	.word	0x341c0634
3418e930:	2900      	cmp	r1, #0
3418e932:	d0bf      	beq.n	3418e8b4 <_vfiprintf_r+0x25c>
3418e934:	2300      	movs	r3, #0
3418e936:	2201      	movs	r2, #1
3418e938:	ad2b      	add	r5, sp, #172	@ 0xac
3418e93a:	f88d 10ac 	strb.w	r1, [sp, #172]	@ 0xac
3418e93e:	f88d 3043 	strb.w	r3, [sp, #67]	@ 0x43
3418e942:	9309      	str	r3, [sp, #36]	@ 0x24
3418e944:	920a      	str	r2, [sp, #40]	@ 0x28
3418e946:	e9cd 2305 	strd	r2, r3, [sp, #20]
3418e94a:	9c03      	ldr	r4, [sp, #12]
3418e94c:	e9dd 3019 	ldrd	r3, r0, [sp, #100]	@ 0x64
3418e950:	f014 0884 	ands.w	r8, r4, #132	@ 0x84
3418e954:	4601      	mov	r1, r0
3418e956:	461a      	mov	r2, r3
3418e958:	d12e      	bne.n	3418e9b8 <_vfiprintf_r+0x360>
3418e95a:	9c08      	ldr	r4, [sp, #32]
3418e95c:	9e05      	ldr	r6, [sp, #20]
3418e95e:	1ba4      	subs	r4, r4, r6
3418e960:	2c00      	cmp	r4, #0
3418e962:	f300 8412 	bgt.w	3418f18a <_vfiprintf_r+0xb32>
3418e966:	f89d 3043 	ldrb.w	r3, [sp, #67]	@ 0x43
3418e96a:	b34b      	cbz	r3, 3418e9c0 <_vfiprintf_r+0x368>
3418e96c:	f04f 0800 	mov.w	r8, #0
3418e970:	f8cd 8030 	str.w	r8, [sp, #48]	@ 0x30
3418e974:	3201      	adds	r2, #1
3418e976:	2301      	movs	r3, #1
3418e978:	3101      	adds	r1, #1
3418e97a:	f8c9 3004 	str.w	r3, [r9, #4]
3418e97e:	2a07      	cmp	r2, #7
3418e980:	f10d 0343 	add.w	r3, sp, #67	@ 0x43
3418e984:	e9cd 2119 	strd	r2, r1, [sp, #100]	@ 0x64
3418e988:	f8c9 3000 	str.w	r3, [r9]
3418e98c:	f300 8394 	bgt.w	3418f0b8 <_vfiprintf_r+0xa60>
3418e990:	f109 0908 	add.w	r9, r9, #8
3418e994:	9b0c      	ldr	r3, [sp, #48]	@ 0x30
3418e996:	b17b      	cbz	r3, 3418e9b8 <_vfiprintf_r+0x360>
3418e998:	3201      	adds	r2, #1
3418e99a:	ab11      	add	r3, sp, #68	@ 0x44
3418e99c:	3102      	adds	r1, #2
3418e99e:	f8c9 3000 	str.w	r3, [r9]
3418e9a2:	2a07      	cmp	r2, #7
3418e9a4:	f04f 0302 	mov.w	r3, #2
3418e9a8:	e9cd 2119 	strd	r2, r1, [sp, #100]	@ 0x64
3418e9ac:	f8c9 3004 	str.w	r3, [r9, #4]
3418e9b0:	f300 8375 	bgt.w	3418f09e <_vfiprintf_r+0xa46>
3418e9b4:	f109 0908 	add.w	r9, r9, #8
3418e9b8:	f1b8 0f80 	cmp.w	r8, #128	@ 0x80
3418e9bc:	f000 82f4 	beq.w	3418efa8 <_vfiprintf_r+0x950>
3418e9c0:	9b06      	ldr	r3, [sp, #24]
3418e9c2:	980a      	ldr	r0, [sp, #40]	@ 0x28
3418e9c4:	1a1c      	subs	r4, r3, r0
3418e9c6:	2c00      	cmp	r4, #0
3418e9c8:	f300 832c 	bgt.w	3418f024 <_vfiprintf_r+0x9cc>
3418e9cc:	9b0a      	ldr	r3, [sp, #40]	@ 0x28
3418e9ce:	3201      	adds	r2, #1
3418e9d0:	f8c9 5000 	str.w	r5, [r9]
3418e9d4:	4419      	add	r1, r3
3418e9d6:	2a07      	cmp	r2, #7
3418e9d8:	f8c9 3004 	str.w	r3, [r9, #4]
3418e9dc:	e9cd 2119 	strd	r2, r1, [sp, #100]	@ 0x64
3418e9e0:	f300 8351 	bgt.w	3418f086 <_vfiprintf_r+0xa2e>
3418e9e4:	f109 0908 	add.w	r9, r9, #8
3418e9e8:	9b03      	ldr	r3, [sp, #12]
3418e9ea:	075c      	lsls	r4, r3, #29
3418e9ec:	d505      	bpl.n	3418e9fa <_vfiprintf_r+0x3a2>
3418e9ee:	9b08      	ldr	r3, [sp, #32]
3418e9f0:	9a05      	ldr	r2, [sp, #20]
3418e9f2:	1a9c      	subs	r4, r3, r2
3418e9f4:	2c00      	cmp	r4, #0
3418e9f6:	f300 836c 	bgt.w	3418f0d2 <_vfiprintf_r+0xa7a>
3418e9fa:	9805      	ldr	r0, [sp, #20]
3418e9fc:	e9dd 3207 	ldrd	r3, r2, [sp, #28]
3418ea00:	4282      	cmp	r2, r0
3418ea02:	bfac      	ite	ge
3418ea04:	189b      	addge	r3, r3, r2
3418ea06:	181b      	addlt	r3, r3, r0
3418ea08:	9307      	str	r3, [sp, #28]
3418ea0a:	2900      	cmp	r1, #0
3418ea0c:	f47f af65 	bne.w	3418e8da <_vfiprintf_r+0x282>
3418ea10:	2300      	movs	r3, #0
3418ea12:	9319      	str	r3, [sp, #100]	@ 0x64
3418ea14:	9b09      	ldr	r3, [sp, #36]	@ 0x24
3418ea16:	b11b      	cbz	r3, 3418ea20 <_vfiprintf_r+0x3c8>
3418ea18:	9909      	ldr	r1, [sp, #36]	@ 0x24
3418ea1a:	4658      	mov	r0, fp
3418ea1c:	f7fb f95c 	bl	34189cd8 <_free_r>
3418ea20:	f10d 096c 	add.w	r9, sp, #108	@ 0x6c
3418ea24:	e65c      	b.n	3418e6e0 <_vfiprintf_r+0x88>
3418ea26:	059a      	lsls	r2, r3, #22
3418ea28:	f53f af6d 	bmi.w	3418e906 <_vfiprintf_r+0x2ae>
3418ea2c:	9c04      	ldr	r4, [sp, #16]
3418ea2e:	6da0      	ldr	r0, [r4, #88]	@ 0x58
3418ea30:	f7fa ff94 	bl	3418995c <__retarget_lock_release_recursive>
3418ea34:	f9b4 300c 	ldrsh.w	r3, [r4, #12]
3418ea38:	e765      	b.n	3418e906 <_vfiprintf_r+0x2ae>
3418ea3a:	9b03      	ldr	r3, [sp, #12]
3418ea3c:	069c      	lsls	r4, r3, #26
3418ea3e:	f140 842d 	bpl.w	3418f29c <_vfiprintf_r+0xc44>
3418ea42:	9b0b      	ldr	r3, [sp, #44]	@ 0x2c
3418ea44:	3307      	adds	r3, #7
3418ea46:	f023 0207 	bic.w	r2, r3, #7
3418ea4a:	6853      	ldr	r3, [r2, #4]
3418ea4c:	f852 4b08 	ldr.w	r4, [r2], #8
3418ea50:	4698      	mov	r8, r3
3418ea52:	920b      	str	r2, [sp, #44]	@ 0x2c
3418ea54:	2b00      	cmp	r3, #0
3418ea56:	f2c0 821b 	blt.w	3418ee90 <_vfiprintf_r+0x838>
3418ea5a:	9b06      	ldr	r3, [sp, #24]
3418ea5c:	2b00      	cmp	r3, #0
3418ea5e:	f2c0 816d 	blt.w	3418ed3c <_vfiprintf_r+0x6e4>
3418ea62:	9b03      	ldr	r3, [sp, #12]
3418ea64:	f023 0380 	bic.w	r3, r3, #128	@ 0x80
3418ea68:	9303      	str	r3, [sp, #12]
3418ea6a:	f040 8167 	bne.w	3418ed3c <_vfiprintf_r+0x6e4>
3418ea6e:	ea54 0308 	orrs.w	r3, r4, r8
3418ea72:	bf14      	ite	ne
3418ea74:	2201      	movne	r2, #1
3418ea76:	2200      	moveq	r2, #0
3418ea78:	f040 8160 	bne.w	3418ed3c <_vfiprintf_r+0x6e4>
3418ea7c:	f89d 3043 	ldrb.w	r3, [sp, #67]	@ 0x43
3418ea80:	2b00      	cmp	r3, #0
3418ea82:	f000 818f 	beq.w	3418eda4 <_vfiprintf_r+0x74c>
3418ea86:	2101      	movs	r1, #1
3418ea88:	ad44      	add	r5, sp, #272	@ 0x110
3418ea8a:	9209      	str	r2, [sp, #36]	@ 0x24
3418ea8c:	9105      	str	r1, [sp, #20]
3418ea8e:	920a      	str	r2, [sp, #40]	@ 0x28
3418ea90:	9206      	str	r2, [sp, #24]
3418ea92:	9c03      	ldr	r4, [sp, #12]
3418ea94:	e9dd 2119 	ldrd	r2, r1, [sp, #100]	@ 0x64
3418ea98:	f014 0884 	ands.w	r8, r4, #132	@ 0x84
3418ea9c:	4608      	mov	r0, r1
3418ea9e:	4613      	mov	r3, r2
3418eaa0:	f43f af5b 	beq.w	3418e95a <_vfiprintf_r+0x302>
3418eaa4:	2300      	movs	r3, #0
3418eaa6:	930c      	str	r3, [sp, #48]	@ 0x30
3418eaa8:	e764      	b.n	3418e974 <_vfiprintf_r+0x31c>
3418eaaa:	2300      	movs	r3, #0
3418eaac:	f8dd 802c 	ldr.w	r8, [sp, #44]	@ 0x2c
3418eab0:	f88d 3043 	strb.w	r3, [sp, #67]	@ 0x43
3418eab4:	f858 3b04 	ldr.w	r3, [r8], #4
3418eab8:	9309      	str	r3, [sp, #36]	@ 0x24
3418eaba:	2b00      	cmp	r3, #0
3418eabc:	f000 854d 	beq.w	3418f55a <_vfiprintf_r+0xf02>
3418eac0:	2953      	cmp	r1, #83	@ 0x53
3418eac2:	f000 848a 	beq.w	3418f3da <_vfiprintf_r+0xd82>
3418eac6:	9b03      	ldr	r3, [sp, #12]
3418eac8:	f013 0410 	ands.w	r4, r3, #16
3418eacc:	f040 8485 	bne.w	3418f3da <_vfiprintf_r+0xd82>
3418ead0:	9a06      	ldr	r2, [sp, #24]
3418ead2:	2a00      	cmp	r2, #0
3418ead4:	f2c0 85a2 	blt.w	3418f61c <_vfiprintf_r+0xfc4>
3418ead8:	4621      	mov	r1, r4
3418eada:	9809      	ldr	r0, [sp, #36]	@ 0x24
3418eadc:	f7fd ffd8 	bl	3418ca90 <memchr>
3418eae0:	f89d 3043 	ldrb.w	r3, [sp, #67]	@ 0x43
3418eae4:	9d09      	ldr	r5, [sp, #36]	@ 0x24
3418eae6:	2800      	cmp	r0, #0
3418eae8:	f000 8637 	beq.w	3418f75a <_vfiprintf_r+0x1102>
3418eaec:	1b42      	subs	r2, r0, r5
3418eaee:	920a      	str	r2, [sp, #40]	@ 0x28
3418eaf0:	ea22 72e2 	bic.w	r2, r2, r2, asr #31
3418eaf4:	9205      	str	r2, [sp, #20]
3418eaf6:	2b00      	cmp	r3, #0
3418eaf8:	f000 859d 	beq.w	3418f636 <_vfiprintf_r+0xfde>
3418eafc:	3201      	adds	r2, #1
3418eafe:	9406      	str	r4, [sp, #24]
3418eb00:	f8cd 802c 	str.w	r8, [sp, #44]	@ 0x2c
3418eb04:	9205      	str	r2, [sp, #20]
3418eb06:	9409      	str	r4, [sp, #36]	@ 0x24
3418eb08:	e7c3      	b.n	3418ea92 <_vfiprintf_r+0x43a>
3418eb0a:	2943      	cmp	r1, #67	@ 0x43
3418eb0c:	d003      	beq.n	3418eb16 <_vfiprintf_r+0x4be>
3418eb0e:	9b03      	ldr	r3, [sp, #12]
3418eb10:	06de      	lsls	r6, r3, #27
3418eb12:	f140 8444 	bpl.w	3418f39e <_vfiprintf_r+0xd46>
3418eb16:	2208      	movs	r2, #8
3418eb18:	2100      	movs	r1, #0
3418eb1a:	a816      	add	r0, sp, #88	@ 0x58
3418eb1c:	ad2b      	add	r5, sp, #172	@ 0xac
3418eb1e:	f7fa fe2b 	bl	34189778 <memset>
3418eb22:	9a0b      	ldr	r2, [sp, #44]	@ 0x2c
3418eb24:	ab16      	add	r3, sp, #88	@ 0x58
3418eb26:	4658      	mov	r0, fp
3418eb28:	6812      	ldr	r2, [r2, #0]
3418eb2a:	4629      	mov	r1, r5
3418eb2c:	f7fd fffa 	bl	3418cb24 <_wcrtomb_r>
3418eb30:	900a      	str	r0, [sp, #40]	@ 0x28
3418eb32:	3001      	adds	r0, #1
3418eb34:	f000 85ff 	beq.w	3418f736 <_vfiprintf_r+0x10de>
3418eb38:	9b0a      	ldr	r3, [sp, #40]	@ 0x28
3418eb3a:	ea23 73e3 	bic.w	r3, r3, r3, asr #31
3418eb3e:	9305      	str	r3, [sp, #20]
3418eb40:	9b0b      	ldr	r3, [sp, #44]	@ 0x2c
3418eb42:	3304      	adds	r3, #4
3418eb44:	930b      	str	r3, [sp, #44]	@ 0x2c
3418eb46:	2300      	movs	r3, #0
3418eb48:	f88d 3043 	strb.w	r3, [sp, #67]	@ 0x43
3418eb4c:	9309      	str	r3, [sp, #36]	@ 0x24
3418eb4e:	9306      	str	r3, [sp, #24]
3418eb50:	e6fb      	b.n	3418e94a <_vfiprintf_r+0x2f2>
3418eb52:	9d04      	ldr	r5, [sp, #16]
3418eb54:	6da8      	ldr	r0, [r5, #88]	@ 0x58
3418eb56:	f7fa feff 	bl	34189958 <__retarget_lock_acquire_recursive>
3418eb5a:	f9b5 300c 	ldrsh.w	r3, [r5, #12]
3418eb5e:	6e6a      	ldr	r2, [r5, #100]	@ 0x64
3418eb60:	0499      	lsls	r1, r3, #18
3418eb62:	f53f ada0 	bmi.w	3418e6a6 <_vfiprintf_r+0x4e>
3418eb66:	e597      	b.n	3418e698 <_vfiprintf_r+0x40>
3418eb68:	9b0b      	ldr	r3, [sp, #44]	@ 0x2c
3418eb6a:	f853 2b04 	ldr.w	r2, [r3], #4
3418eb6e:	2a00      	cmp	r2, #0
3418eb70:	9208      	str	r2, [sp, #32]
3418eb72:	f280 8365 	bge.w	3418f240 <_vfiprintf_r+0xbe8>
3418eb76:	9a08      	ldr	r2, [sp, #32]
3418eb78:	930b      	str	r3, [sp, #44]	@ 0x2c
3418eb7a:	4252      	negs	r2, r2
3418eb7c:	9208      	str	r2, [sp, #32]
3418eb7e:	9b03      	ldr	r3, [sp, #12]
3418eb80:	f043 0304 	orr.w	r3, r3, #4
3418eb84:	9303      	str	r3, [sp, #12]
3418eb86:	f89a 3000 	ldrb.w	r3, [sl]
3418eb8a:	e5d1      	b.n	3418e730 <_vfiprintf_r+0xd8>
3418eb8c:	9b03      	ldr	r3, [sp, #12]
3418eb8e:	069d      	lsls	r5, r3, #26
3418eb90:	f043 0010 	orr.w	r0, r3, #16
3418eb94:	f140 836a 	bpl.w	3418f26c <_vfiprintf_r+0xc14>
3418eb98:	9b0b      	ldr	r3, [sp, #44]	@ 0x2c
3418eb9a:	3307      	adds	r3, #7
3418eb9c:	f023 0307 	bic.w	r3, r3, #7
3418eba0:	4619      	mov	r1, r3
3418eba2:	685a      	ldr	r2, [r3, #4]
3418eba4:	f851 3b08 	ldr.w	r3, [r1], #8
3418eba8:	910b      	str	r1, [sp, #44]	@ 0x2c
3418ebaa:	2100      	movs	r1, #0
3418ebac:	f88d 1043 	strb.w	r1, [sp, #67]	@ 0x43
3418ebb0:	9906      	ldr	r1, [sp, #24]
3418ebb2:	2900      	cmp	r1, #0
3418ebb4:	f2c0 82c6 	blt.w	3418f144 <_vfiprintf_r+0xaec>
3418ebb8:	f420 6190 	bic.w	r1, r0, #1152	@ 0x480
3418ebbc:	9103      	str	r1, [sp, #12]
3418ebbe:	ea53 0102 	orrs.w	r1, r3, r2
3418ebc2:	f040 82c2 	bne.w	3418f14a <_vfiprintf_r+0xaf2>
3418ebc6:	9906      	ldr	r1, [sp, #24]
3418ebc8:	2900      	cmp	r1, #0
3418ebca:	f040 82be 	bne.w	3418f14a <_vfiprintf_r+0xaf2>
3418ebce:	f010 0201 	ands.w	r2, r0, #1
3418ebd2:	9205      	str	r2, [sp, #20]
3418ebd4:	f000 832d 	beq.w	3418f232 <_vfiprintf_r+0xbda>
3418ebd8:	1a49      	subs	r1, r1, r1
3418ebda:	f04f 0330 	mov.w	r3, #48	@ 0x30
3418ebde:	f20d 150f 	addw	r5, sp, #271	@ 0x10f
3418ebe2:	bf18      	it	ne
3418ebe4:	2101      	movne	r1, #1
3418ebe6:	f88d 310f 	strb.w	r3, [sp, #271]	@ 0x10f
3418ebea:	9106      	str	r1, [sp, #24]
3418ebec:	e9cd 1209 	strd	r1, r2, [sp, #36]	@ 0x24
3418ebf0:	e6ab      	b.n	3418e94a <_vfiprintf_r+0x2f2>
3418ebf2:	232b      	movs	r3, #43	@ 0x2b
3418ebf4:	f88d 3043 	strb.w	r3, [sp, #67]	@ 0x43
3418ebf8:	f89a 3000 	ldrb.w	r3, [sl]
3418ebfc:	e598      	b.n	3418e730 <_vfiprintf_r+0xd8>
3418ebfe:	9b03      	ldr	r3, [sp, #12]
3418ec00:	069a      	lsls	r2, r3, #26
3418ec02:	f100 80b3 	bmi.w	3418ed6c <_vfiprintf_r+0x714>
3418ec06:	9b03      	ldr	r3, [sp, #12]
3418ec08:	990b      	ldr	r1, [sp, #44]	@ 0x2c
3418ec0a:	f013 0310 	ands.w	r3, r3, #16
3418ec0e:	f851 4b04 	ldr.w	r4, [r1], #4
3418ec12:	9305      	str	r3, [sp, #20]
3418ec14:	f040 85eb 	bne.w	3418f7ee <_vfiprintf_r+0x1196>
3418ec18:	9b03      	ldr	r3, [sp, #12]
3418ec1a:	f013 0340 	ands.w	r3, r3, #64	@ 0x40
3418ec1e:	f000 8429 	beq.w	3418f474 <_vfiprintf_r+0xe1c>
3418ec22:	9b05      	ldr	r3, [sp, #20]
3418ec24:	f04f 0800 	mov.w	r8, #0
3418ec28:	b2a4      	uxth	r4, r4
3418ec2a:	f88d 3043 	strb.w	r3, [sp, #67]	@ 0x43
3418ec2e:	9b06      	ldr	r3, [sp, #24]
3418ec30:	4543      	cmp	r3, r8
3418ec32:	f2c0 842a 	blt.w	3418f48a <_vfiprintf_r+0xe32>
3418ec36:	9b03      	ldr	r3, [sp, #12]
3418ec38:	f023 0380 	bic.w	r3, r3, #128	@ 0x80
3418ec3c:	9303      	str	r3, [sp, #12]
3418ec3e:	9b06      	ldr	r3, [sp, #24]
3418ec40:	2b00      	cmp	r3, #0
3418ec42:	f040 8422 	bne.w	3418f48a <_vfiprintf_r+0xe32>
3418ec46:	ea54 0308 	orrs.w	r3, r4, r8
3418ec4a:	f040 841e 	bne.w	3418f48a <_vfiprintf_r+0xe32>
3418ec4e:	bf14      	ite	ne
3418ec50:	2301      	movne	r3, #1
3418ec52:	2300      	moveq	r3, #0
3418ec54:	ad44      	add	r5, sp, #272	@ 0x110
3418ec56:	910b      	str	r1, [sp, #44]	@ 0x2c
3418ec58:	9306      	str	r3, [sp, #24]
3418ec5a:	e9cd 3309 	strd	r3, r3, [sp, #36]	@ 0x24
3418ec5e:	e674      	b.n	3418e94a <_vfiprintf_r+0x2f2>
3418ec60:	2200      	movs	r2, #0
3418ec62:	990b      	ldr	r1, [sp, #44]	@ 0x2c
3418ec64:	9c06      	ldr	r4, [sp, #24]
3418ec66:	f647 0330 	movw	r3, #30768	@ 0x7830
3418ec6a:	f851 0b04 	ldr.w	r0, [r1], #4
3418ec6e:	4294      	cmp	r4, r2
3418ec70:	f8ad 3044 	strh.w	r3, [sp, #68]	@ 0x44
3418ec74:	f88d 2043 	strb.w	r2, [sp, #67]	@ 0x43
3418ec78:	4603      	mov	r3, r0
3418ec7a:	f2c0 8370 	blt.w	3418f35e <_vfiprintf_r+0xd06>
3418ec7e:	9c03      	ldr	r4, [sp, #12]
3418ec80:	f024 0480 	bic.w	r4, r4, #128	@ 0x80
3418ec84:	f044 0402 	orr.w	r4, r4, #2
3418ec88:	9403      	str	r4, [sp, #12]
3418ec8a:	f040 8587 	bne.w	3418f79c <_vfiprintf_r+0x1144>
3418ec8e:	2800      	cmp	r0, #0
3418ec90:	f040 8584 	bne.w	3418f79c <_vfiprintf_r+0x1144>
3418ec94:	1a03      	subs	r3, r0, r0
3418ec96:	ad44      	add	r5, sp, #272	@ 0x110
3418ec98:	910b      	str	r1, [sp, #44]	@ 0x2c
3418ec9a:	bf18      	it	ne
3418ec9c:	2301      	movne	r3, #1
3418ec9e:	9306      	str	r3, [sp, #24]
3418eca0:	9305      	str	r3, [sp, #20]
3418eca2:	930a      	str	r3, [sp, #40]	@ 0x28
3418eca4:	9b05      	ldr	r3, [sp, #20]
3418eca6:	9c03      	ldr	r4, [sp, #12]
3418eca8:	3302      	adds	r3, #2
3418ecaa:	f014 0884 	ands.w	r8, r4, #132	@ 0x84
3418ecae:	9305      	str	r3, [sp, #20]
3418ecb0:	e9dd 2119 	ldrd	r2, r1, [sp, #100]	@ 0x64
3418ecb4:	4608      	mov	r0, r1
3418ecb6:	4613      	mov	r3, r2
3418ecb8:	f000 83e9 	beq.w	3418f48e <_vfiprintf_r+0xe36>
3418ecbc:	2300      	movs	r3, #0
3418ecbe:	9309      	str	r3, [sp, #36]	@ 0x24
3418ecc0:	e66a      	b.n	3418e998 <_vfiprintf_r+0x340>
3418ecc2:	9803      	ldr	r0, [sp, #12]
3418ecc4:	0684      	lsls	r4, r0, #26
3418ecc6:	f53f af67 	bmi.w	3418eb98 <_vfiprintf_r+0x540>
3418ecca:	9a03      	ldr	r2, [sp, #12]
3418eccc:	990b      	ldr	r1, [sp, #44]	@ 0x2c
3418ecce:	06d0      	lsls	r0, r2, #27
3418ecd0:	f851 3b04 	ldr.w	r3, [r1], #4
3418ecd4:	f100 858e 	bmi.w	3418f7f4 <_vfiprintf_r+0x119c>
3418ecd8:	9803      	ldr	r0, [sp, #12]
3418ecda:	0642      	lsls	r2, r0, #25
3418ecdc:	f140 845a 	bpl.w	3418f594 <_vfiprintf_r+0xf3c>
3418ece0:	b29b      	uxth	r3, r3
3418ece2:	2200      	movs	r2, #0
3418ece4:	910b      	str	r1, [sp, #44]	@ 0x2c
3418ece6:	e760      	b.n	3418ebaa <_vfiprintf_r+0x552>
3418ece8:	9903      	ldr	r1, [sp, #12]
3418ecea:	9a0b      	ldr	r2, [sp, #44]	@ 0x2c
3418ecec:	0688      	lsls	r0, r1, #26
3418ecee:	f102 0304 	add.w	r3, r2, #4
3418ecf2:	f140 82c2 	bpl.w	3418f27a <_vfiprintf_r+0xc22>
3418ecf6:	6812      	ldr	r2, [r2, #0]
3418ecf8:	9907      	ldr	r1, [sp, #28]
3418ecfa:	6011      	str	r1, [r2, #0]
3418ecfc:	17c9      	asrs	r1, r1, #31
3418ecfe:	6051      	str	r1, [r2, #4]
3418ed00:	930b      	str	r3, [sp, #44]	@ 0x2c
3418ed02:	e4ed      	b.n	3418e6e0 <_vfiprintf_r+0x88>
3418ed04:	f89a 3000 	ldrb.w	r3, [sl]
3418ed08:	2b6c      	cmp	r3, #108	@ 0x6c
3418ed0a:	f000 835c 	beq.w	3418f3c6 <_vfiprintf_r+0xd6e>
3418ed0e:	9a03      	ldr	r2, [sp, #12]
3418ed10:	f042 0210 	orr.w	r2, r2, #16
3418ed14:	9203      	str	r2, [sp, #12]
3418ed16:	e50b      	b.n	3418e730 <_vfiprintf_r+0xd8>
3418ed18:	9b03      	ldr	r3, [sp, #12]
3418ed1a:	0699      	lsls	r1, r3, #26
3418ed1c:	f043 0210 	orr.w	r2, r3, #16
3418ed20:	d425      	bmi.n	3418ed6e <_vfiprintf_r+0x716>
3418ed22:	9b0b      	ldr	r3, [sp, #44]	@ 0x2c
3418ed24:	1d19      	adds	r1, r3, #4
3418ed26:	9b0b      	ldr	r3, [sp, #44]	@ 0x2c
3418ed28:	f04f 0800 	mov.w	r8, #0
3418ed2c:	910b      	str	r1, [sp, #44]	@ 0x2c
3418ed2e:	681c      	ldr	r4, [r3, #0]
3418ed30:	9b06      	ldr	r3, [sp, #24]
3418ed32:	f88d 8043 	strb.w	r8, [sp, #67]	@ 0x43
3418ed36:	4543      	cmp	r3, r8
3418ed38:	da28      	bge.n	3418ed8c <_vfiprintf_r+0x734>
3418ed3a:	9203      	str	r2, [sp, #12]
3418ed3c:	2c0a      	cmp	r4, #10
3418ed3e:	f178 0300 	sbcs.w	r3, r8, #0
3418ed42:	f080 80b8 	bcs.w	3418eeb6 <_vfiprintf_r+0x85e>
3418ed46:	9a06      	ldr	r2, [sp, #24]
3418ed48:	3430      	adds	r4, #48	@ 0x30
3418ed4a:	f89d 3043 	ldrb.w	r3, [sp, #67]	@ 0x43
3418ed4e:	2a01      	cmp	r2, #1
3418ed50:	f88d 410f 	strb.w	r4, [sp, #271]	@ 0x10f
3418ed54:	bfb8      	it	lt
3418ed56:	2201      	movlt	r2, #1
3418ed58:	9205      	str	r2, [sp, #20]
3418ed5a:	2b00      	cmp	r3, #0
3418ed5c:	f040 8279 	bne.w	3418f252 <_vfiprintf_r+0xbfa>
3418ed60:	9309      	str	r3, [sp, #36]	@ 0x24
3418ed62:	2301      	movs	r3, #1
3418ed64:	f20d 150f 	addw	r5, sp, #271	@ 0x10f
3418ed68:	930a      	str	r3, [sp, #40]	@ 0x28
3418ed6a:	e5ee      	b.n	3418e94a <_vfiprintf_r+0x2f2>
3418ed6c:	461a      	mov	r2, r3
3418ed6e:	9b0b      	ldr	r3, [sp, #44]	@ 0x2c
3418ed70:	2100      	movs	r1, #0
3418ed72:	3307      	adds	r3, #7
3418ed74:	f88d 1043 	strb.w	r1, [sp, #67]	@ 0x43
3418ed78:	f023 0307 	bic.w	r3, r3, #7
3418ed7c:	f8d3 8004 	ldr.w	r8, [r3, #4]
3418ed80:	f853 4b08 	ldr.w	r4, [r3], #8
3418ed84:	930b      	str	r3, [sp, #44]	@ 0x2c
3418ed86:	9b06      	ldr	r3, [sp, #24]
3418ed88:	428b      	cmp	r3, r1
3418ed8a:	dbd6      	blt.n	3418ed3a <_vfiprintf_r+0x6e2>
3418ed8c:	f022 0380 	bic.w	r3, r2, #128	@ 0x80
3418ed90:	9303      	str	r3, [sp, #12]
3418ed92:	9b06      	ldr	r3, [sp, #24]
3418ed94:	2b00      	cmp	r3, #0
3418ed96:	d1d1      	bne.n	3418ed3c <_vfiprintf_r+0x6e4>
3418ed98:	ea54 0308 	orrs.w	r3, r4, r8
3418ed9c:	d1ce      	bne.n	3418ed3c <_vfiprintf_r+0x6e4>
3418ed9e:	bf14      	ite	ne
3418eda0:	2301      	movne	r3, #1
3418eda2:	2300      	moveq	r3, #0
3418eda4:	ad44      	add	r5, sp, #272	@ 0x110
3418eda6:	9309      	str	r3, [sp, #36]	@ 0x24
3418eda8:	9306      	str	r3, [sp, #24]
3418edaa:	930a      	str	r3, [sp, #40]	@ 0x28
3418edac:	9305      	str	r3, [sp, #20]
3418edae:	e5cc      	b.n	3418e94a <_vfiprintf_r+0x2f2>
3418edb0:	f89a 3000 	ldrb.w	r3, [sl]
3418edb4:	2b68      	cmp	r3, #104	@ 0x68
3418edb6:	f000 82fc 	beq.w	3418f3b2 <_vfiprintf_r+0xd5a>
3418edba:	9a03      	ldr	r2, [sp, #12]
3418edbc:	f042 0240 	orr.w	r2, r2, #64	@ 0x40
3418edc0:	9203      	str	r2, [sp, #12]
3418edc2:	e4b5      	b.n	3418e730 <_vfiprintf_r+0xd8>
3418edc4:	4658      	mov	r0, fp
3418edc6:	f7fd fe11 	bl	3418c9ec <_localeconv_r>
3418edca:	6843      	ldr	r3, [r0, #4]
3418edcc:	4618      	mov	r0, r3
3418edce:	930f      	str	r3, [sp, #60]	@ 0x3c
3418edd0:	f7fa fe3c 	bl	34189a4c <strlen>
3418edd4:	900e      	str	r0, [sp, #56]	@ 0x38
3418edd6:	4604      	mov	r4, r0
3418edd8:	4658      	mov	r0, fp
3418edda:	f7fd fe07 	bl	3418c9ec <_localeconv_r>
3418edde:	6882      	ldr	r2, [r0, #8]
3418ede0:	f89a 3000 	ldrb.w	r3, [sl]
3418ede4:	920d      	str	r2, [sp, #52]	@ 0x34
3418ede6:	2c00      	cmp	r4, #0
3418ede8:	f43f aca2 	beq.w	3418e730 <_vfiprintf_r+0xd8>
3418edec:	2a00      	cmp	r2, #0
3418edee:	f43f ac9f 	beq.w	3418e730 <_vfiprintf_r+0xd8>
3418edf2:	7812      	ldrb	r2, [r2, #0]
3418edf4:	2a00      	cmp	r2, #0
3418edf6:	f43f ac9b 	beq.w	3418e730 <_vfiprintf_r+0xd8>
3418edfa:	9a03      	ldr	r2, [sp, #12]
3418edfc:	f442 6280 	orr.w	r2, r2, #1024	@ 0x400
3418ee00:	9203      	str	r2, [sp, #12]
3418ee02:	e495      	b.n	3418e730 <_vfiprintf_r+0xd8>
3418ee04:	9b03      	ldr	r3, [sp, #12]
3418ee06:	f043 0301 	orr.w	r3, r3, #1
3418ee0a:	9303      	str	r3, [sp, #12]
3418ee0c:	f89a 3000 	ldrb.w	r3, [sl]
3418ee10:	e48e      	b.n	3418e730 <_vfiprintf_r+0xd8>
3418ee12:	f89d 2043 	ldrb.w	r2, [sp, #67]	@ 0x43
3418ee16:	f89a 3000 	ldrb.w	r3, [sl]
3418ee1a:	2a00      	cmp	r2, #0
3418ee1c:	f47f ac88 	bne.w	3418e730 <_vfiprintf_r+0xd8>
3418ee20:	2220      	movs	r2, #32
3418ee22:	f88d 2043 	strb.w	r2, [sp, #67]	@ 0x43
3418ee26:	e483      	b.n	3418e730 <_vfiprintf_r+0xd8>
3418ee28:	9b03      	ldr	r3, [sp, #12]
3418ee2a:	f043 0380 	orr.w	r3, r3, #128	@ 0x80
3418ee2e:	9303      	str	r3, [sp, #12]
3418ee30:	f89a 3000 	ldrb.w	r3, [sl]
3418ee34:	e47c      	b.n	3418e730 <_vfiprintf_r+0xd8>
3418ee36:	4650      	mov	r0, sl
3418ee38:	f810 1b01 	ldrb.w	r1, [r0], #1
3418ee3c:	292a      	cmp	r1, #42	@ 0x2a
3418ee3e:	f000 84bc 	beq.w	3418f7ba <_vfiprintf_r+0x1162>
3418ee42:	f1a1 0330 	sub.w	r3, r1, #48	@ 0x30
3418ee46:	2b09      	cmp	r3, #9
3418ee48:	f200 8459 	bhi.w	3418f6fe <_vfiprintf_r+0x10a6>
3418ee4c:	2200      	movs	r2, #0
3418ee4e:	eb02 0282 	add.w	r2, r2, r2, lsl #2
3418ee52:	f810 1b01 	ldrb.w	r1, [r0], #1
3418ee56:	eb03 0242 	add.w	r2, r3, r2, lsl #1
3418ee5a:	f1a1 0330 	sub.w	r3, r1, #48	@ 0x30
3418ee5e:	2b09      	cmp	r3, #9
3418ee60:	d9f5      	bls.n	3418ee4e <_vfiprintf_r+0x7f6>
3418ee62:	ea42 73e2 	orr.w	r3, r2, r2, asr #31
3418ee66:	4682      	mov	sl, r0
3418ee68:	9306      	str	r3, [sp, #24]
3418ee6a:	e464      	b.n	3418e736 <_vfiprintf_r+0xde>
3418ee6c:	9a03      	ldr	r2, [sp, #12]
3418ee6e:	0695      	lsls	r5, r2, #26
3418ee70:	f042 0310 	orr.w	r3, r2, #16
3418ee74:	f100 822d 	bmi.w	3418f2d2 <_vfiprintf_r+0xc7a>
3418ee78:	9a0b      	ldr	r2, [sp, #44]	@ 0x2c
3418ee7a:	1d11      	adds	r1, r2, #4
3418ee7c:	9a0b      	ldr	r2, [sp, #44]	@ 0x2c
3418ee7e:	9303      	str	r3, [sp, #12]
3418ee80:	6814      	ldr	r4, [r2, #0]
3418ee82:	910b      	str	r1, [sp, #44]	@ 0x2c
3418ee84:	ea4f 78e4 	mov.w	r8, r4, asr #31
3418ee88:	4643      	mov	r3, r8
3418ee8a:	2b00      	cmp	r3, #0
3418ee8c:	f6bf ade5 	bge.w	3418ea5a <_vfiprintf_r+0x402>
3418ee90:	232d      	movs	r3, #45	@ 0x2d
3418ee92:	4264      	negs	r4, r4
3418ee94:	f88d 3043 	strb.w	r3, [sp, #67]	@ 0x43
3418ee98:	eb68 0848 	sbc.w	r8, r8, r8, lsl #1
3418ee9c:	9b06      	ldr	r3, [sp, #24]
3418ee9e:	2b00      	cmp	r3, #0
3418eea0:	f6ff af4c 	blt.w	3418ed3c <_vfiprintf_r+0x6e4>
3418eea4:	9b03      	ldr	r3, [sp, #12]
3418eea6:	2c0a      	cmp	r4, #10
3418eea8:	f023 0380 	bic.w	r3, r3, #128	@ 0x80
3418eeac:	9303      	str	r3, [sp, #12]
3418eeae:	f178 0300 	sbcs.w	r3, r8, #0
3418eeb2:	f4ff af48 	bcc.w	3418ed46 <_vfiprintf_r+0x6ee>
3418eeb6:	9b03      	ldr	r3, [sp, #12]
3418eeb8:	f04f 0e00 	mov.w	lr, #0
3418eebc:	a944      	add	r1, sp, #272	@ 0x110
3418eebe:	f403 6680 	and.w	r6, r3, #1024	@ 0x400
3418eec2:	e9cd 9a09 	strd	r9, sl, [sp, #36]	@ 0x24
3418eec6:	9605      	str	r6, [sp, #20]
3418eec8:	f8dd a034 	ldr.w	sl, [sp, #52]	@ 0x34
3418eecc:	e026      	b.n	3418ef1c <_vfiprintf_r+0x8c4>
3418eece:	9605      	str	r6, [sp, #20]
3418eed0:	eb14 0308 	adds.w	r3, r4, r8
3418eed4:	4eb2      	ldr	r6, [pc, #712]	@ (3418f1a0 <_vfiprintf_r+0xb48>)
3418eed6:	46a1      	mov	r9, r4
3418eed8:	4640      	mov	r0, r8
3418eeda:	f143 0300 	adc.w	r3, r3, #0
3418eede:	4629      	mov	r1, r5
3418eee0:	fba6 2c03 	umull	r2, ip, r6, r3
3418eee4:	f02c 0203 	bic.w	r2, ip, #3
3418eee8:	eb02 029c 	add.w	r2, r2, ip, lsr #2
3418eeec:	1a9b      	subs	r3, r3, r2
3418eeee:	f04f 32cc 	mov.w	r2, #3435973836	@ 0xcccccccc
3418eef2:	1ae3      	subs	r3, r4, r3
3418eef4:	f168 0800 	sbc.w	r8, r8, #0
3418eef8:	fb02 f203 	mul.w	r2, r2, r3
3418eefc:	f1b9 0f0a 	cmp.w	r9, #10
3418ef00:	fba3 4306 	umull	r4, r3, r3, r6
3418ef04:	fb06 2208 	mla	r2, r6, r8, r2
3418ef08:	ea4f 0454 	mov.w	r4, r4, lsr #1
3418ef0c:	f170 0000 	sbcs.w	r0, r0, #0
3418ef10:	4413      	add	r3, r2
3418ef12:	ea44 74c3 	orr.w	r4, r4, r3, lsl #31
3418ef16:	ea4f 0853 	mov.w	r8, r3, lsr #1
3418ef1a:	d330      	bcc.n	3418ef7e <_vfiprintf_r+0x926>
3418ef1c:	eb14 0308 	adds.w	r3, r4, r8
3418ef20:	4a9f      	ldr	r2, [pc, #636]	@ (3418f1a0 <_vfiprintf_r+0xb48>)
3418ef22:	f10e 0e01 	add.w	lr, lr, #1
3418ef26:	f101 35ff 	add.w	r5, r1, #4294967295	@ 0xffffffff
3418ef2a:	f143 0300 	adc.w	r3, r3, #0
3418ef2e:	4616      	mov	r6, r2
3418ef30:	fba2 2003 	umull	r2, r0, r2, r3
3418ef34:	f020 0203 	bic.w	r2, r0, #3
3418ef38:	eb02 0290 	add.w	r2, r2, r0, lsr #2
3418ef3c:	1a9b      	subs	r3, r3, r2
3418ef3e:	1ae3      	subs	r3, r4, r3
3418ef40:	fba3 3206 	umull	r3, r2, r3, r6
3418ef44:	f168 0000 	sbc.w	r0, r8, #0
3418ef48:	085b      	lsrs	r3, r3, #1
3418ef4a:	fb06 2200 	mla	r2, r6, r0, r2
3418ef4e:	ea43 73c2 	orr.w	r3, r3, r2, lsl #31
3418ef52:	eb03 0383 	add.w	r3, r3, r3, lsl #2
3418ef56:	eba4 0343 	sub.w	r3, r4, r3, lsl #1
3418ef5a:	3330      	adds	r3, #48	@ 0x30
3418ef5c:	f801 3c01 	strb.w	r3, [r1, #-1]
3418ef60:	9b05      	ldr	r3, [sp, #20]
3418ef62:	2b00      	cmp	r3, #0
3418ef64:	d0b4      	beq.n	3418eed0 <_vfiprintf_r+0x878>
3418ef66:	461e      	mov	r6, r3
3418ef68:	f89a 3000 	ldrb.w	r3, [sl]
3418ef6c:	4573      	cmp	r3, lr
3418ef6e:	d1ae      	bne.n	3418eece <_vfiprintf_r+0x876>
3418ef70:	2bff      	cmp	r3, #255	@ 0xff
3418ef72:	d0ac      	beq.n	3418eece <_vfiprintf_r+0x876>
3418ef74:	2c0a      	cmp	r4, #10
3418ef76:	f178 0300 	sbcs.w	r3, r8, #0
3418ef7a:	f080 8371 	bcs.w	3418f660 <_vfiprintf_r+0x1008>
3418ef7e:	ab44      	add	r3, sp, #272	@ 0x110
3418ef80:	9906      	ldr	r1, [sp, #24]
3418ef82:	f8cd a034 	str.w	sl, [sp, #52]	@ 0x34
3418ef86:	1b5a      	subs	r2, r3, r5
3418ef88:	f89d 3043 	ldrb.w	r3, [sp, #67]	@ 0x43
3418ef8c:	4291      	cmp	r1, r2
3418ef8e:	bfb8      	it	lt
3418ef90:	4611      	movlt	r1, r2
3418ef92:	e9dd 9a09 	ldrd	r9, sl, [sp, #36]	@ 0x24
3418ef96:	9105      	str	r1, [sp, #20]
3418ef98:	920a      	str	r2, [sp, #40]	@ 0x28
3418ef9a:	2b00      	cmp	r3, #0
3418ef9c:	f000 81ca 	beq.w	3418f334 <_vfiprintf_r+0xcdc>
3418efa0:	9b05      	ldr	r3, [sp, #20]
3418efa2:	3301      	adds	r3, #1
3418efa4:	9305      	str	r3, [sp, #20]
3418efa6:	e1c5      	b.n	3418f334 <_vfiprintf_r+0xcdc>
3418efa8:	9b08      	ldr	r3, [sp, #32]
3418efaa:	9805      	ldr	r0, [sp, #20]
3418efac:	1a1c      	subs	r4, r3, r0
3418efae:	2c00      	cmp	r4, #0
3418efb0:	f77f ad06 	ble.w	3418e9c0 <_vfiprintf_r+0x368>
3418efb4:	2c10      	cmp	r4, #16
3418efb6:	4e7b      	ldr	r6, [pc, #492]	@ (3418f1a4 <_vfiprintf_r+0xb4c>)
3418efb8:	dd21      	ble.n	3418effe <_vfiprintf_r+0x9a6>
3418efba:	950c      	str	r5, [sp, #48]	@ 0x30
3418efbc:	f04f 0810 	mov.w	r8, #16
3418efc0:	9d04      	ldr	r5, [sp, #16]
3418efc2:	e002      	b.n	3418efca <_vfiprintf_r+0x972>
3418efc4:	3c10      	subs	r4, #16
3418efc6:	2c10      	cmp	r4, #16
3418efc8:	dd18      	ble.n	3418effc <_vfiprintf_r+0x9a4>
3418efca:	3201      	adds	r2, #1
3418efcc:	3110      	adds	r1, #16
3418efce:	2a07      	cmp	r2, #7
3418efd0:	e9c9 6800 	strd	r6, r8, [r9]
3418efd4:	e9cd 2119 	strd	r2, r1, [sp, #100]	@ 0x64
3418efd8:	f109 0908 	add.w	r9, r9, #8
3418efdc:	ddf2      	ble.n	3418efc4 <_vfiprintf_r+0x96c>
3418efde:	aa18      	add	r2, sp, #96	@ 0x60
3418efe0:	4629      	mov	r1, r5
3418efe2:	4658      	mov	r0, fp
3418efe4:	f7fd fb9c 	bl	3418c720 <__sprint_r>
3418efe8:	2800      	cmp	r0, #0
3418efea:	f47f ac7e 	bne.w	3418e8ea <_vfiprintf_r+0x292>
3418efee:	3c10      	subs	r4, #16
3418eff0:	f10d 096c 	add.w	r9, sp, #108	@ 0x6c
3418eff4:	2c10      	cmp	r4, #16
3418eff6:	e9dd 2119 	ldrd	r2, r1, [sp, #100]	@ 0x64
3418effa:	dce6      	bgt.n	3418efca <_vfiprintf_r+0x972>
3418effc:	9d0c      	ldr	r5, [sp, #48]	@ 0x30
3418effe:	3201      	adds	r2, #1
3418f000:	4421      	add	r1, r4
3418f002:	f8c9 6000 	str.w	r6, [r9]
3418f006:	2a07      	cmp	r2, #7
3418f008:	f8c9 4004 	str.w	r4, [r9, #4]
3418f00c:	e9cd 2119 	strd	r2, r1, [sp, #100]	@ 0x64
3418f010:	f300 828f 	bgt.w	3418f532 <_vfiprintf_r+0xeda>
3418f014:	9b06      	ldr	r3, [sp, #24]
3418f016:	f109 0908 	add.w	r9, r9, #8
3418f01a:	980a      	ldr	r0, [sp, #40]	@ 0x28
3418f01c:	1a1c      	subs	r4, r3, r0
3418f01e:	2c00      	cmp	r4, #0
3418f020:	f77f acd4 	ble.w	3418e9cc <_vfiprintf_r+0x374>
3418f024:	2c10      	cmp	r4, #16
3418f026:	4e5f      	ldr	r6, [pc, #380]	@ (3418f1a4 <_vfiprintf_r+0xb4c>)
3418f028:	dd1f      	ble.n	3418f06a <_vfiprintf_r+0xa12>
3418f02a:	f04f 0810 	mov.w	r8, #16
3418f02e:	e002      	b.n	3418f036 <_vfiprintf_r+0x9de>
3418f030:	3c10      	subs	r4, #16
3418f032:	2c10      	cmp	r4, #16
3418f034:	dd19      	ble.n	3418f06a <_vfiprintf_r+0xa12>
3418f036:	3201      	adds	r2, #1
3418f038:	3110      	adds	r1, #16
3418f03a:	4b5a      	ldr	r3, [pc, #360]	@ (3418f1a4 <_vfiprintf_r+0xb4c>)
3418f03c:	2a07      	cmp	r2, #7
3418f03e:	e9c9 3800 	strd	r3, r8, [r9]
3418f042:	e9cd 2119 	strd	r2, r1, [sp, #100]	@ 0x64
3418f046:	f109 0908 	add.w	r9, r9, #8
3418f04a:	ddf1      	ble.n	3418f030 <_vfiprintf_r+0x9d8>
3418f04c:	aa18      	add	r2, sp, #96	@ 0x60
3418f04e:	9904      	ldr	r1, [sp, #16]
3418f050:	4658      	mov	r0, fp
3418f052:	f10d 096c 	add.w	r9, sp, #108	@ 0x6c
3418f056:	f7fd fb63 	bl	3418c720 <__sprint_r>
3418f05a:	2800      	cmp	r0, #0
3418f05c:	f47f ac45 	bne.w	3418e8ea <_vfiprintf_r+0x292>
3418f060:	3c10      	subs	r4, #16
3418f062:	2c10      	cmp	r4, #16
3418f064:	e9dd 2119 	ldrd	r2, r1, [sp, #100]	@ 0x64
3418f068:	dce5      	bgt.n	3418f036 <_vfiprintf_r+0x9de>
3418f06a:	3201      	adds	r2, #1
3418f06c:	4421      	add	r1, r4
3418f06e:	f8c9 6000 	str.w	r6, [r9]
3418f072:	2a07      	cmp	r2, #7
3418f074:	f8c9 4004 	str.w	r4, [r9, #4]
3418f078:	e9cd 2119 	strd	r2, r1, [sp, #100]	@ 0x64
3418f07c:	f300 80cb 	bgt.w	3418f216 <_vfiprintf_r+0xbbe>
3418f080:	f109 0908 	add.w	r9, r9, #8
3418f084:	e4a2      	b.n	3418e9cc <_vfiprintf_r+0x374>
3418f086:	aa18      	add	r2, sp, #96	@ 0x60
3418f088:	9904      	ldr	r1, [sp, #16]
3418f08a:	4658      	mov	r0, fp
3418f08c:	f7fd fb48 	bl	3418c720 <__sprint_r>
3418f090:	2800      	cmp	r0, #0
3418f092:	f47f ac2a 	bne.w	3418e8ea <_vfiprintf_r+0x292>
3418f096:	991a      	ldr	r1, [sp, #104]	@ 0x68
3418f098:	f10d 096c 	add.w	r9, sp, #108	@ 0x6c
3418f09c:	e4a4      	b.n	3418e9e8 <_vfiprintf_r+0x390>
3418f09e:	aa18      	add	r2, sp, #96	@ 0x60
3418f0a0:	9904      	ldr	r1, [sp, #16]
3418f0a2:	4658      	mov	r0, fp
3418f0a4:	f7fd fb3c 	bl	3418c720 <__sprint_r>
3418f0a8:	2800      	cmp	r0, #0
3418f0aa:	f47f ac1e 	bne.w	3418e8ea <_vfiprintf_r+0x292>
3418f0ae:	f10d 096c 	add.w	r9, sp, #108	@ 0x6c
3418f0b2:	e9dd 2119 	ldrd	r2, r1, [sp, #100]	@ 0x64
3418f0b6:	e47f      	b.n	3418e9b8 <_vfiprintf_r+0x360>
3418f0b8:	aa18      	add	r2, sp, #96	@ 0x60
3418f0ba:	9904      	ldr	r1, [sp, #16]
3418f0bc:	4658      	mov	r0, fp
3418f0be:	f7fd fb2f 	bl	3418c720 <__sprint_r>
3418f0c2:	2800      	cmp	r0, #0
3418f0c4:	f47f ac11 	bne.w	3418e8ea <_vfiprintf_r+0x292>
3418f0c8:	f10d 096c 	add.w	r9, sp, #108	@ 0x6c
3418f0cc:	e9dd 2119 	ldrd	r2, r1, [sp, #100]	@ 0x64
3418f0d0:	e460      	b.n	3418e994 <_vfiprintf_r+0x33c>
3418f0d2:	2c10      	cmp	r4, #16
3418f0d4:	9b19      	ldr	r3, [sp, #100]	@ 0x64
3418f0d6:	f340 8321 	ble.w	3418f71c <_vfiprintf_r+0x10c4>
3418f0da:	2510      	movs	r5, #16
3418f0dc:	4e32      	ldr	r6, [pc, #200]	@ (3418f1a8 <_vfiprintf_r+0xb50>)
3418f0de:	f8dd 8010 	ldr.w	r8, [sp, #16]
3418f0e2:	e002      	b.n	3418f0ea <_vfiprintf_r+0xa92>
3418f0e4:	3c10      	subs	r4, #16
3418f0e6:	2c10      	cmp	r4, #16
3418f0e8:	dd18      	ble.n	3418f11c <_vfiprintf_r+0xac4>
3418f0ea:	3301      	adds	r3, #1
3418f0ec:	3110      	adds	r1, #16
3418f0ee:	2b07      	cmp	r3, #7
3418f0f0:	e9c9 6500 	strd	r6, r5, [r9]
3418f0f4:	e9cd 3119 	strd	r3, r1, [sp, #100]	@ 0x64
3418f0f8:	f109 0908 	add.w	r9, r9, #8
3418f0fc:	ddf2      	ble.n	3418f0e4 <_vfiprintf_r+0xa8c>
3418f0fe:	aa18      	add	r2, sp, #96	@ 0x60
3418f100:	4641      	mov	r1, r8
3418f102:	4658      	mov	r0, fp
3418f104:	f10d 096c 	add.w	r9, sp, #108	@ 0x6c
3418f108:	f7fd fb0a 	bl	3418c720 <__sprint_r>
3418f10c:	2800      	cmp	r0, #0
3418f10e:	f47f abec 	bne.w	3418e8ea <_vfiprintf_r+0x292>
3418f112:	3c10      	subs	r4, #16
3418f114:	2c10      	cmp	r4, #16
3418f116:	e9dd 3119 	ldrd	r3, r1, [sp, #100]	@ 0x64
3418f11a:	dce6      	bgt.n	3418f0ea <_vfiprintf_r+0xa92>
3418f11c:	46b0      	mov	r8, r6
3418f11e:	3301      	adds	r3, #1
3418f120:	4421      	add	r1, r4
3418f122:	2b07      	cmp	r3, #7
3418f124:	e9c9 8400 	strd	r8, r4, [r9]
3418f128:	e9cd 3119 	strd	r3, r1, [sp, #100]	@ 0x64
3418f12c:	f77f ac65 	ble.w	3418e9fa <_vfiprintf_r+0x3a2>
3418f130:	aa18      	add	r2, sp, #96	@ 0x60
3418f132:	9904      	ldr	r1, [sp, #16]
3418f134:	4658      	mov	r0, fp
3418f136:	f7fd faf3 	bl	3418c720 <__sprint_r>
3418f13a:	2800      	cmp	r0, #0
3418f13c:	f47f abd5 	bne.w	3418e8ea <_vfiprintf_r+0x292>
3418f140:	991a      	ldr	r1, [sp, #104]	@ 0x68
3418f142:	e45a      	b.n	3418e9fa <_vfiprintf_r+0x3a2>
3418f144:	f420 6180 	bic.w	r1, r0, #1024	@ 0x400
3418f148:	9103      	str	r1, [sp, #12]
3418f14a:	ad44      	add	r5, sp, #272	@ 0x110
3418f14c:	f003 0107 	and.w	r1, r3, #7
3418f150:	08db      	lsrs	r3, r3, #3
3418f152:	4628      	mov	r0, r5
3418f154:	ea43 7342 	orr.w	r3, r3, r2, lsl #29
3418f158:	3130      	adds	r1, #48	@ 0x30
3418f15a:	08d2      	lsrs	r2, r2, #3
3418f15c:	f805 1d01 	strb.w	r1, [r5, #-1]!
3418f160:	ea53 0402 	orrs.w	r4, r3, r2
3418f164:	d1f2      	bne.n	3418f14c <_vfiprintf_r+0xaf4>
3418f166:	2930      	cmp	r1, #48	@ 0x30
3418f168:	d003      	beq.n	3418f172 <_vfiprintf_r+0xb1a>
3418f16a:	9b03      	ldr	r3, [sp, #12]
3418f16c:	07de      	lsls	r6, r3, #31
3418f16e:	f100 80a7 	bmi.w	3418f2c0 <_vfiprintf_r+0xc68>
3418f172:	ab44      	add	r3, sp, #272	@ 0x110
3418f174:	1b5b      	subs	r3, r3, r5
3418f176:	930a      	str	r3, [sp, #40]	@ 0x28
3418f178:	2200      	movs	r2, #0
3418f17a:	9209      	str	r2, [sp, #36]	@ 0x24
3418f17c:	9a06      	ldr	r2, [sp, #24]
3418f17e:	429a      	cmp	r2, r3
3418f180:	bfb8      	it	lt
3418f182:	461a      	movlt	r2, r3
3418f184:	9205      	str	r2, [sp, #20]
3418f186:	f7ff bbe0 	b.w	3418e94a <_vfiprintf_r+0x2f2>
3418f18a:	2200      	movs	r2, #0
3418f18c:	920c      	str	r2, [sp, #48]	@ 0x30
3418f18e:	2c10      	cmp	r4, #16
3418f190:	461a      	mov	r2, r3
3418f192:	f340 82b1 	ble.w	3418f6f8 <_vfiprintf_r+0x10a0>
3418f196:	2310      	movs	r3, #16
3418f198:	4e03      	ldr	r6, [pc, #12]	@ (3418f1a8 <_vfiprintf_r+0xb50>)
3418f19a:	f8dd 8010 	ldr.w	r8, [sp, #16]
3418f19e:	e008      	b.n	3418f1b2 <_vfiprintf_r+0xb5a>
3418f1a0:	cccccccd 	.word	0xcccccccd
3418f1a4:	34190060 	.word	0x34190060
3418f1a8:	34190070 	.word	0x34190070
3418f1ac:	3c10      	subs	r4, #16
3418f1ae:	2c10      	cmp	r4, #16
3418f1b0:	dd19      	ble.n	3418f1e6 <_vfiprintf_r+0xb8e>
3418f1b2:	3201      	adds	r2, #1
3418f1b4:	3010      	adds	r0, #16
3418f1b6:	2a07      	cmp	r2, #7
3418f1b8:	e9c9 6300 	strd	r6, r3, [r9]
3418f1bc:	e9cd 2019 	strd	r2, r0, [sp, #100]	@ 0x64
3418f1c0:	f109 0908 	add.w	r9, r9, #8
3418f1c4:	ddf2      	ble.n	3418f1ac <_vfiprintf_r+0xb54>
3418f1c6:	aa18      	add	r2, sp, #96	@ 0x60
3418f1c8:	4641      	mov	r1, r8
3418f1ca:	4658      	mov	r0, fp
3418f1cc:	f10d 096c 	add.w	r9, sp, #108	@ 0x6c
3418f1d0:	f7fd faa6 	bl	3418c720 <__sprint_r>
3418f1d4:	2800      	cmp	r0, #0
3418f1d6:	f47f ab88 	bne.w	3418e8ea <_vfiprintf_r+0x292>
3418f1da:	3c10      	subs	r4, #16
3418f1dc:	2310      	movs	r3, #16
3418f1de:	2c10      	cmp	r4, #16
3418f1e0:	e9dd 2019 	ldrd	r2, r0, [sp, #100]	@ 0x64
3418f1e4:	dce5      	bgt.n	3418f1b2 <_vfiprintf_r+0xb5a>
3418f1e6:	46b0      	mov	r8, r6
3418f1e8:	3201      	adds	r2, #1
3418f1ea:	1821      	adds	r1, r4, r0
3418f1ec:	f8c9 8000 	str.w	r8, [r9]
3418f1f0:	2a07      	cmp	r2, #7
3418f1f2:	f8c9 4004 	str.w	r4, [r9, #4]
3418f1f6:	e9cd 2119 	strd	r2, r1, [sp, #100]	@ 0x64
3418f1fa:	f300 8169 	bgt.w	3418f4d0 <_vfiprintf_r+0xe78>
3418f1fe:	f89d 3043 	ldrb.w	r3, [sp, #67]	@ 0x43
3418f202:	f109 0908 	add.w	r9, r9, #8
3418f206:	bb6b      	cbnz	r3, 3418f264 <_vfiprintf_r+0xc0c>
3418f208:	980c      	ldr	r0, [sp, #48]	@ 0x30
3418f20a:	2800      	cmp	r0, #0
3418f20c:	f43f abd8 	beq.w	3418e9c0 <_vfiprintf_r+0x368>
3418f210:	4698      	mov	r8, r3
3418f212:	f7ff bbc1 	b.w	3418e998 <_vfiprintf_r+0x340>
3418f216:	aa18      	add	r2, sp, #96	@ 0x60
3418f218:	9904      	ldr	r1, [sp, #16]
3418f21a:	4658      	mov	r0, fp
3418f21c:	f7fd fa80 	bl	3418c720 <__sprint_r>
3418f220:	2800      	cmp	r0, #0
3418f222:	f47f ab62 	bne.w	3418e8ea <_vfiprintf_r+0x292>
3418f226:	f10d 096c 	add.w	r9, sp, #108	@ 0x6c
3418f22a:	e9dd 2119 	ldrd	r2, r1, [sp, #100]	@ 0x64
3418f22e:	f7ff bbcd 	b.w	3418e9cc <_vfiprintf_r+0x374>
3418f232:	9a05      	ldr	r2, [sp, #20]
3418f234:	ad44      	add	r5, sp, #272	@ 0x110
3418f236:	9206      	str	r2, [sp, #24]
3418f238:	920a      	str	r2, [sp, #40]	@ 0x28
3418f23a:	9209      	str	r2, [sp, #36]	@ 0x24
3418f23c:	f7ff bb85 	b.w	3418e94a <_vfiprintf_r+0x2f2>
3418f240:	930b      	str	r3, [sp, #44]	@ 0x2c
3418f242:	f89a 3000 	ldrb.w	r3, [sl]
3418f246:	f7ff ba73 	b.w	3418e730 <_vfiprintf_r+0xd8>
3418f24a:	0492      	lsls	r2, r2, #18
3418f24c:	f57f aa31 	bpl.w	3418e6b2 <_vfiprintf_r+0x5a>
3418f250:	e27a      	b.n	3418f748 <_vfiprintf_r+0x10f0>
3418f252:	2500      	movs	r5, #0
3418f254:	3201      	adds	r2, #1
3418f256:	2301      	movs	r3, #1
3418f258:	9205      	str	r2, [sp, #20]
3418f25a:	e9cd 5309 	strd	r5, r3, [sp, #36]	@ 0x24
3418f25e:	f20d 150f 	addw	r5, sp, #271	@ 0x10f
3418f262:	e416      	b.n	3418ea92 <_vfiprintf_r+0x43a>
3418f264:	f04f 0800 	mov.w	r8, #0
3418f268:	f7ff bb84 	b.w	3418e974 <_vfiprintf_r+0x31c>
3418f26c:	9b0b      	ldr	r3, [sp, #44]	@ 0x2c
3418f26e:	1d19      	adds	r1, r3, #4
3418f270:	9b0b      	ldr	r3, [sp, #44]	@ 0x2c
3418f272:	2200      	movs	r2, #0
3418f274:	910b      	str	r1, [sp, #44]	@ 0x2c
3418f276:	681b      	ldr	r3, [r3, #0]
3418f278:	e497      	b.n	3418ebaa <_vfiprintf_r+0x552>
3418f27a:	9a03      	ldr	r2, [sp, #12]
3418f27c:	06d1      	lsls	r1, r2, #27
3418f27e:	f100 8166 	bmi.w	3418f54e <_vfiprintf_r+0xef6>
3418f282:	9a03      	ldr	r2, [sp, #12]
3418f284:	0652      	lsls	r2, r2, #25
3418f286:	f100 81b7 	bmi.w	3418f5f8 <_vfiprintf_r+0xfa0>
3418f28a:	9a03      	ldr	r2, [sp, #12]
3418f28c:	0596      	lsls	r6, r2, #22
3418f28e:	f140 815e 	bpl.w	3418f54e <_vfiprintf_r+0xef6>
3418f292:	9a0b      	ldr	r2, [sp, #44]	@ 0x2c
3418f294:	9907      	ldr	r1, [sp, #28]
3418f296:	6812      	ldr	r2, [r2, #0]
3418f298:	7011      	strb	r1, [r2, #0]
3418f29a:	e531      	b.n	3418ed00 <_vfiprintf_r+0x6a8>
3418f29c:	9b03      	ldr	r3, [sp, #12]
3418f29e:	990b      	ldr	r1, [sp, #44]	@ 0x2c
3418f2a0:	06d8      	lsls	r0, r3, #27
3418f2a2:	f851 4b04 	ldr.w	r4, [r1], #4
3418f2a6:	f53f ade9 	bmi.w	3418ee7c <_vfiprintf_r+0x824>
3418f2aa:	9b03      	ldr	r3, [sp, #12]
3418f2ac:	065e      	lsls	r6, r3, #25
3418f2ae:	f140 8161 	bpl.w	3418f574 <_vfiprintf_r+0xf1c>
3418f2b2:	f344 38c0 	sbfx	r8, r4, #15, #1
3418f2b6:	910b      	str	r1, [sp, #44]	@ 0x2c
3418f2b8:	b224      	sxth	r4, r4
3418f2ba:	4643      	mov	r3, r8
3418f2bc:	f7ff bbca 	b.w	3418ea54 <_vfiprintf_r+0x3fc>
3418f2c0:	2330      	movs	r3, #48	@ 0x30
3418f2c2:	3802      	subs	r0, #2
3418f2c4:	f805 3c01 	strb.w	r3, [r5, #-1]
3418f2c8:	ab44      	add	r3, sp, #272	@ 0x110
3418f2ca:	4605      	mov	r5, r0
3418f2cc:	1a1b      	subs	r3, r3, r0
3418f2ce:	930a      	str	r3, [sp, #40]	@ 0x28
3418f2d0:	e752      	b.n	3418f178 <_vfiprintf_r+0xb20>
3418f2d2:	9303      	str	r3, [sp, #12]
3418f2d4:	f7ff bbb5 	b.w	3418ea42 <_vfiprintf_r+0x3ea>
3418f2d8:	48ab      	ldr	r0, [pc, #684]	@ (3418f588 <_vfiprintf_r+0xf30>)
3418f2da:	9b03      	ldr	r3, [sp, #12]
3418f2dc:	069e      	lsls	r6, r3, #26
3418f2de:	f140 80e1 	bpl.w	3418f4a4 <_vfiprintf_r+0xe4c>
3418f2e2:	9b0b      	ldr	r3, [sp, #44]	@ 0x2c
3418f2e4:	3307      	adds	r3, #7
3418f2e6:	f023 0307 	bic.w	r3, r3, #7
3418f2ea:	461c      	mov	r4, r3
3418f2ec:	685a      	ldr	r2, [r3, #4]
3418f2ee:	f854 3b08 	ldr.w	r3, [r4], #8
3418f2f2:	940b      	str	r4, [sp, #44]	@ 0x2c
3418f2f4:	ea53 0402 	orrs.w	r4, r3, r2
3418f2f8:	9c03      	ldr	r4, [sp, #12]
3418f2fa:	bf14      	ite	ne
3418f2fc:	2501      	movne	r5, #1
3418f2fe:	2500      	moveq	r5, #0
3418f300:	07e4      	lsls	r4, r4, #31
3418f302:	d502      	bpl.n	3418f30a <_vfiprintf_r+0xcb2>
3418f304:	2d00      	cmp	r5, #0
3418f306:	f040 80fa 	bne.w	3418f4fe <_vfiprintf_r+0xea6>
3418f30a:	2400      	movs	r4, #0
3418f30c:	9906      	ldr	r1, [sp, #24]
3418f30e:	42a1      	cmp	r1, r4
3418f310:	f88d 4043 	strb.w	r4, [sp, #67]	@ 0x43
3418f314:	9903      	ldr	r1, [sp, #12]
3418f316:	f2c0 80d7 	blt.w	3418f4c8 <_vfiprintf_r+0xe70>
3418f31a:	f421 6190 	bic.w	r1, r1, #1152	@ 0x480
3418f31e:	9103      	str	r1, [sp, #12]
3418f320:	f040 8226 	bne.w	3418f770 <_vfiprintf_r+0x1118>
3418f324:	2d00      	cmp	r5, #0
3418f326:	f040 8223 	bne.w	3418f770 <_vfiprintf_r+0x1118>
3418f32a:	462b      	mov	r3, r5
3418f32c:	9506      	str	r5, [sp, #24]
3418f32e:	ad44      	add	r5, sp, #272	@ 0x110
3418f330:	930a      	str	r3, [sp, #40]	@ 0x28
3418f332:	9305      	str	r3, [sp, #20]
3418f334:	9c03      	ldr	r4, [sp, #12]
3418f336:	e9dd 2119 	ldrd	r2, r1, [sp, #100]	@ 0x64
3418f33a:	f014 0884 	ands.w	r8, r4, #132	@ 0x84
3418f33e:	4608      	mov	r0, r1
3418f340:	4613      	mov	r3, r2
3418f342:	f000 8246 	beq.w	3418f7d2 <_vfiprintf_r+0x117a>
3418f346:	f89d 3043 	ldrb.w	r3, [sp, #67]	@ 0x43
3418f34a:	2b00      	cmp	r3, #0
3418f34c:	f000 824c 	beq.w	3418f7e8 <_vfiprintf_r+0x1190>
3418f350:	2300      	movs	r3, #0
3418f352:	9309      	str	r3, [sp, #36]	@ 0x24
3418f354:	930c      	str	r3, [sp, #48]	@ 0x30
3418f356:	f7ff bb0d 	b.w	3418e974 <_vfiprintf_r+0x31c>
3418f35a:	488c      	ldr	r0, [pc, #560]	@ (3418f58c <_vfiprintf_r+0xf34>)
3418f35c:	e7bd      	b.n	3418f2da <_vfiprintf_r+0xc82>
3418f35e:	9803      	ldr	r0, [sp, #12]
3418f360:	2402      	movs	r4, #2
3418f362:	910b      	str	r1, [sp, #44]	@ 0x2c
3418f364:	f040 0002 	orr.w	r0, r0, #2
3418f368:	9003      	str	r0, [sp, #12]
3418f36a:	4888      	ldr	r0, [pc, #544]	@ (3418f58c <_vfiprintf_r+0xf34>)
3418f36c:	ad44      	add	r5, sp, #272	@ 0x110
3418f36e:	f003 010f 	and.w	r1, r3, #15
3418f372:	091b      	lsrs	r3, r3, #4
3418f374:	5c41      	ldrb	r1, [r0, r1]
3418f376:	ea43 7302 	orr.w	r3, r3, r2, lsl #28
3418f37a:	0912      	lsrs	r2, r2, #4
3418f37c:	f805 1d01 	strb.w	r1, [r5, #-1]!
3418f380:	ea53 0102 	orrs.w	r1, r3, r2
3418f384:	d1f3      	bne.n	3418f36e <_vfiprintf_r+0xd16>
3418f386:	ab44      	add	r3, sp, #272	@ 0x110
3418f388:	9a06      	ldr	r2, [sp, #24]
3418f38a:	1b5b      	subs	r3, r3, r5
3418f38c:	429a      	cmp	r2, r3
3418f38e:	930a      	str	r3, [sp, #40]	@ 0x28
3418f390:	bfb8      	it	lt
3418f392:	461a      	movlt	r2, r3
3418f394:	9205      	str	r2, [sp, #20]
3418f396:	2c00      	cmp	r4, #0
3418f398:	f47f ac84 	bne.w	3418eca4 <_vfiprintf_r+0x64c>
3418f39c:	e7ca      	b.n	3418f334 <_vfiprintf_r+0xcdc>
3418f39e:	9b0b      	ldr	r3, [sp, #44]	@ 0x2c
3418f3a0:	2201      	movs	r2, #1
3418f3a2:	ad2b      	add	r5, sp, #172	@ 0xac
3418f3a4:	681b      	ldr	r3, [r3, #0]
3418f3a6:	9205      	str	r2, [sp, #20]
3418f3a8:	f88d 30ac 	strb.w	r3, [sp, #172]	@ 0xac
3418f3ac:	920a      	str	r2, [sp, #40]	@ 0x28
3418f3ae:	f7ff bbc7 	b.w	3418eb40 <_vfiprintf_r+0x4e8>
3418f3b2:	9b03      	ldr	r3, [sp, #12]
3418f3b4:	f10a 0a01 	add.w	sl, sl, #1
3418f3b8:	f443 7300 	orr.w	r3, r3, #512	@ 0x200
3418f3bc:	9303      	str	r3, [sp, #12]
3418f3be:	f89a 3000 	ldrb.w	r3, [sl]
3418f3c2:	f7ff b9b5 	b.w	3418e730 <_vfiprintf_r+0xd8>
3418f3c6:	9b03      	ldr	r3, [sp, #12]
3418f3c8:	f10a 0a01 	add.w	sl, sl, #1
3418f3cc:	f043 0320 	orr.w	r3, r3, #32
3418f3d0:	9303      	str	r3, [sp, #12]
3418f3d2:	f89a 3000 	ldrb.w	r3, [sl]
3418f3d6:	f7ff b9ab 	b.w	3418e730 <_vfiprintf_r+0xd8>
3418f3da:	9b09      	ldr	r3, [sp, #36]	@ 0x24
3418f3dc:	2208      	movs	r2, #8
3418f3de:	2100      	movs	r1, #0
3418f3e0:	a816      	add	r0, sp, #88	@ 0x58
3418f3e2:	9313      	str	r3, [sp, #76]	@ 0x4c
3418f3e4:	f7fa f9c8 	bl	34189778 <memset>
3418f3e8:	9e06      	ldr	r6, [sp, #24]
3418f3ea:	2e00      	cmp	r6, #0
3418f3ec:	f2c0 80df 	blt.w	3418f5ae <_vfiprintf_r+0xf56>
3418f3f0:	2400      	movs	r4, #0
3418f3f2:	4625      	mov	r5, r4
3418f3f4:	e00d      	b.n	3418f412 <_vfiprintf_r+0xdba>
3418f3f6:	a92b      	add	r1, sp, #172	@ 0xac
3418f3f8:	4658      	mov	r0, fp
3418f3fa:	f7fd fb93 	bl	3418cb24 <_wcrtomb_r>
3418f3fe:	1c43      	adds	r3, r0, #1
3418f400:	f104 0404 	add.w	r4, r4, #4
3418f404:	4428      	add	r0, r5
3418f406:	f000 8196 	beq.w	3418f736 <_vfiprintf_r+0x10de>
3418f40a:	42b0      	cmp	r0, r6
3418f40c:	dc06      	bgt.n	3418f41c <_vfiprintf_r+0xdc4>
3418f40e:	d006      	beq.n	3418f41e <_vfiprintf_r+0xdc6>
3418f410:	4605      	mov	r5, r0
3418f412:	9a13      	ldr	r2, [sp, #76]	@ 0x4c
3418f414:	ab16      	add	r3, sp, #88	@ 0x58
3418f416:	5912      	ldr	r2, [r2, r4]
3418f418:	2a00      	cmp	r2, #0
3418f41a:	d1ec      	bne.n	3418f3f6 <_vfiprintf_r+0xd9e>
3418f41c:	9506      	str	r5, [sp, #24]
3418f41e:	9b06      	ldr	r3, [sp, #24]
3418f420:	2b00      	cmp	r3, #0
3418f422:	f000 80d3 	beq.w	3418f5cc <_vfiprintf_r+0xf74>
3418f426:	2b63      	cmp	r3, #99	@ 0x63
3418f428:	f300 810c 	bgt.w	3418f644 <_vfiprintf_r+0xfec>
3418f42c:	2300      	movs	r3, #0
3418f42e:	ad2b      	add	r5, sp, #172	@ 0xac
3418f430:	9309      	str	r3, [sp, #36]	@ 0x24
3418f432:	2208      	movs	r2, #8
3418f434:	2100      	movs	r1, #0
3418f436:	a816      	add	r0, sp, #88	@ 0x58
3418f438:	f7fa f99e 	bl	34189778 <memset>
3418f43c:	9c06      	ldr	r4, [sp, #24]
3418f43e:	ab16      	add	r3, sp, #88	@ 0x58
3418f440:	aa13      	add	r2, sp, #76	@ 0x4c
3418f442:	4629      	mov	r1, r5
3418f444:	4658      	mov	r0, fp
3418f446:	9300      	str	r3, [sp, #0]
3418f448:	4623      	mov	r3, r4
3418f44a:	f7fd fb93 	bl	3418cb74 <_wcsrtombs_r>
3418f44e:	4284      	cmp	r4, r0
3418f450:	f040 81c3 	bne.w	3418f7da <_vfiprintf_r+0x1182>
3418f454:	9906      	ldr	r1, [sp, #24]
3418f456:	2300      	movs	r3, #0
3418f458:	ea21 70e1 	bic.w	r0, r1, r1, asr #31
3418f45c:	546b      	strb	r3, [r5, r1]
3418f45e:	f89d 2043 	ldrb.w	r2, [sp, #67]	@ 0x43
3418f462:	9005      	str	r0, [sp, #20]
3418f464:	2a00      	cmp	r2, #0
3418f466:	f040 815c 	bne.w	3418f722 <_vfiprintf_r+0x10ca>
3418f46a:	9206      	str	r2, [sp, #24]
3418f46c:	e9cd 180a 	strd	r1, r8, [sp, #40]	@ 0x28
3418f470:	f7ff ba6b 	b.w	3418e94a <_vfiprintf_r+0x2f2>
3418f474:	9a03      	ldr	r2, [sp, #12]
3418f476:	f412 7800 	ands.w	r8, r2, #512	@ 0x200
3418f47a:	f040 80b3 	bne.w	3418f5e4 <_vfiprintf_r+0xf8c>
3418f47e:	9b06      	ldr	r3, [sp, #24]
3418f480:	f88d 8043 	strb.w	r8, [sp, #67]	@ 0x43
3418f484:	2b00      	cmp	r3, #0
3418f486:	f6bf abd6 	bge.w	3418ec36 <_vfiprintf_r+0x5de>
3418f48a:	910b      	str	r1, [sp, #44]	@ 0x2c
3418f48c:	e456      	b.n	3418ed3c <_vfiprintf_r+0x6e4>
3418f48e:	9c08      	ldr	r4, [sp, #32]
3418f490:	9e05      	ldr	r6, [sp, #20]
3418f492:	f8cd 8024 	str.w	r8, [sp, #36]	@ 0x24
3418f496:	1ba4      	subs	r4, r4, r6
3418f498:	2c00      	cmp	r4, #0
3418f49a:	f77f aa7d 	ble.w	3418e998 <_vfiprintf_r+0x340>
3418f49e:	2202      	movs	r2, #2
3418f4a0:	920c      	str	r2, [sp, #48]	@ 0x30
3418f4a2:	e674      	b.n	3418f18e <_vfiprintf_r+0xb36>
3418f4a4:	9a0b      	ldr	r2, [sp, #44]	@ 0x2c
3418f4a6:	f852 3b04 	ldr.w	r3, [r2], #4
3418f4aa:	920b      	str	r2, [sp, #44]	@ 0x2c
3418f4ac:	9a03      	ldr	r2, [sp, #12]
3418f4ae:	06d4      	lsls	r4, r2, #27
3418f4b0:	d408      	bmi.n	3418f4c4 <_vfiprintf_r+0xe6c>
3418f4b2:	0652      	lsls	r2, r2, #25
3418f4b4:	d502      	bpl.n	3418f4bc <_vfiprintf_r+0xe64>
3418f4b6:	b29b      	uxth	r3, r3
3418f4b8:	2200      	movs	r2, #0
3418f4ba:	e71b      	b.n	3418f2f4 <_vfiprintf_r+0xc9c>
3418f4bc:	9a03      	ldr	r2, [sp, #12]
3418f4be:	0596      	lsls	r6, r2, #22
3418f4c0:	f100 80a0 	bmi.w	3418f604 <_vfiprintf_r+0xfac>
3418f4c4:	2200      	movs	r2, #0
3418f4c6:	e715      	b.n	3418f2f4 <_vfiprintf_r+0xc9c>
3418f4c8:	f421 6180 	bic.w	r1, r1, #1024	@ 0x400
3418f4cc:	9103      	str	r1, [sp, #12]
3418f4ce:	e74d      	b.n	3418f36c <_vfiprintf_r+0xd14>
3418f4d0:	aa18      	add	r2, sp, #96	@ 0x60
3418f4d2:	9904      	ldr	r1, [sp, #16]
3418f4d4:	4658      	mov	r0, fp
3418f4d6:	f7fd f923 	bl	3418c720 <__sprint_r>
3418f4da:	4680      	mov	r8, r0
3418f4dc:	2800      	cmp	r0, #0
3418f4de:	f47f aa04 	bne.w	3418e8ea <_vfiprintf_r+0x292>
3418f4e2:	f89d 3043 	ldrb.w	r3, [sp, #67]	@ 0x43
3418f4e6:	e9dd 2119 	ldrd	r2, r1, [sp, #100]	@ 0x64
3418f4ea:	2b00      	cmp	r3, #0
3418f4ec:	d15b      	bne.n	3418f5a6 <_vfiprintf_r+0xf4e>
3418f4ee:	9b0c      	ldr	r3, [sp, #48]	@ 0x30
3418f4f0:	f10d 096c 	add.w	r9, sp, #108	@ 0x6c
3418f4f4:	2b00      	cmp	r3, #0
3418f4f6:	f47f aa4f 	bne.w	3418e998 <_vfiprintf_r+0x340>
3418f4fa:	f7ff ba61 	b.w	3418e9c0 <_vfiprintf_r+0x368>
3418f4fe:	f88d 1045 	strb.w	r1, [sp, #69]	@ 0x45
3418f502:	2130      	movs	r1, #48	@ 0x30
3418f504:	2402      	movs	r4, #2
3418f506:	f88d 1044 	strb.w	r1, [sp, #68]	@ 0x44
3418f50a:	2100      	movs	r1, #0
3418f50c:	f88d 1043 	strb.w	r1, [sp, #67]	@ 0x43
3418f510:	9906      	ldr	r1, [sp, #24]
3418f512:	2900      	cmp	r1, #0
3418f514:	9903      	ldr	r1, [sp, #12]
3418f516:	bfb4      	ite	lt
3418f518:	f421 6180 	biclt.w	r1, r1, #1024	@ 0x400
3418f51c:	f421 6190 	bicge.w	r1, r1, #1152	@ 0x480
3418f520:	f041 0102 	orr.w	r1, r1, #2
3418f524:	9103      	str	r1, [sp, #12]
3418f526:	e721      	b.n	3418f36c <_vfiprintf_r+0xd14>
3418f528:	4658      	mov	r0, fp
3418f52a:	f7fa f829 	bl	34189580 <__sinit>
3418f52e:	f7ff b8a9 	b.w	3418e684 <_vfiprintf_r+0x2c>
3418f532:	aa18      	add	r2, sp, #96	@ 0x60
3418f534:	9904      	ldr	r1, [sp, #16]
3418f536:	4658      	mov	r0, fp
3418f538:	f7fd f8f2 	bl	3418c720 <__sprint_r>
3418f53c:	2800      	cmp	r0, #0
3418f53e:	f47f a9d4 	bne.w	3418e8ea <_vfiprintf_r+0x292>
3418f542:	f10d 096c 	add.w	r9, sp, #108	@ 0x6c
3418f546:	e9dd 2119 	ldrd	r2, r1, [sp, #100]	@ 0x64
3418f54a:	f7ff ba39 	b.w	3418e9c0 <_vfiprintf_r+0x368>
3418f54e:	9a0b      	ldr	r2, [sp, #44]	@ 0x2c
3418f550:	9907      	ldr	r1, [sp, #28]
3418f552:	6812      	ldr	r2, [r2, #0]
3418f554:	6011      	str	r1, [r2, #0]
3418f556:	f7ff bbd3 	b.w	3418ed00 <_vfiprintf_r+0x6a8>
3418f55a:	9b06      	ldr	r3, [sp, #24]
3418f55c:	9a09      	ldr	r2, [sp, #36]	@ 0x24
3418f55e:	2b06      	cmp	r3, #6
3418f560:	4d0b      	ldr	r5, [pc, #44]	@ (3418f590 <_vfiprintf_r+0xf38>)
3418f562:	f8cd 802c 	str.w	r8, [sp, #44]	@ 0x2c
3418f566:	bf28      	it	cs
3418f568:	2306      	movcs	r3, #6
3418f56a:	9206      	str	r2, [sp, #24]
3418f56c:	9305      	str	r3, [sp, #20]
3418f56e:	930a      	str	r3, [sp, #40]	@ 0x28
3418f570:	f7ff b9eb 	b.w	3418e94a <_vfiprintf_r+0x2f2>
3418f574:	9b03      	ldr	r3, [sp, #12]
3418f576:	910b      	str	r1, [sp, #44]	@ 0x2c
3418f578:	059d      	lsls	r5, r3, #22
3418f57a:	d546      	bpl.n	3418f60a <_vfiprintf_r+0xfb2>
3418f57c:	f344 18c0 	sbfx	r8, r4, #7, #1
3418f580:	b264      	sxtb	r4, r4
3418f582:	4643      	mov	r3, r8
3418f584:	f7ff ba66 	b.w	3418ea54 <_vfiprintf_r+0x3fc>
3418f588:	3418faf4 	.word	0x3418faf4
3418f58c:	3418fae0 	.word	0x3418fae0
3418f590:	3418fb08 	.word	0x3418fb08
3418f594:	9803      	ldr	r0, [sp, #12]
3418f596:	f410 7200 	ands.w	r2, r0, #512	@ 0x200
3418f59a:	d03b      	beq.n	3418f614 <_vfiprintf_r+0xfbc>
3418f59c:	b2db      	uxtb	r3, r3
3418f59e:	2200      	movs	r2, #0
3418f5a0:	910b      	str	r1, [sp, #44]	@ 0x2c
3418f5a2:	f7ff bb02 	b.w	3418ebaa <_vfiprintf_r+0x552>
3418f5a6:	f10d 096c 	add.w	r9, sp, #108	@ 0x6c
3418f5aa:	f7ff b9e3 	b.w	3418e974 <_vfiprintf_r+0x31c>
3418f5ae:	ab16      	add	r3, sp, #88	@ 0x58
3418f5b0:	aa13      	add	r2, sp, #76	@ 0x4c
3418f5b2:	4658      	mov	r0, fp
3418f5b4:	9300      	str	r3, [sp, #0]
3418f5b6:	2300      	movs	r3, #0
3418f5b8:	4619      	mov	r1, r3
3418f5ba:	f7fd fadb 	bl	3418cb74 <_wcsrtombs_r>
3418f5be:	9006      	str	r0, [sp, #24]
3418f5c0:	3001      	adds	r0, #1
3418f5c2:	f000 80b8 	beq.w	3418f736 <_vfiprintf_r+0x10de>
3418f5c6:	9b09      	ldr	r3, [sp, #36]	@ 0x24
3418f5c8:	9313      	str	r3, [sp, #76]	@ 0x4c
3418f5ca:	e728      	b.n	3418f41e <_vfiprintf_r+0xdc6>
3418f5cc:	f89d 3043 	ldrb.w	r3, [sp, #67]	@ 0x43
3418f5d0:	9d09      	ldr	r5, [sp, #36]	@ 0x24
3418f5d2:	3b00      	subs	r3, #0
3418f5d4:	f8cd 802c 	str.w	r8, [sp, #44]	@ 0x2c
3418f5d8:	bf18      	it	ne
3418f5da:	2301      	movne	r3, #1
3418f5dc:	9305      	str	r3, [sp, #20]
3418f5de:	9b06      	ldr	r3, [sp, #24]
3418f5e0:	930a      	str	r3, [sp, #40]	@ 0x28
3418f5e2:	e6a7      	b.n	3418f334 <_vfiprintf_r+0xcdc>
3418f5e4:	f04f 0800 	mov.w	r8, #0
3418f5e8:	f88d 3043 	strb.w	r3, [sp, #67]	@ 0x43
3418f5ec:	9b06      	ldr	r3, [sp, #24]
3418f5ee:	b2e4      	uxtb	r4, r4
3418f5f0:	4543      	cmp	r3, r8
3418f5f2:	f6bf ab20 	bge.w	3418ec36 <_vfiprintf_r+0x5de>
3418f5f6:	e748      	b.n	3418f48a <_vfiprintf_r+0xe32>
3418f5f8:	9a0b      	ldr	r2, [sp, #44]	@ 0x2c
3418f5fa:	9907      	ldr	r1, [sp, #28]
3418f5fc:	6812      	ldr	r2, [r2, #0]
3418f5fe:	8011      	strh	r1, [r2, #0]
3418f600:	f7ff bb7e 	b.w	3418ed00 <_vfiprintf_r+0x6a8>
3418f604:	b2db      	uxtb	r3, r3
3418f606:	2200      	movs	r2, #0
3418f608:	e674      	b.n	3418f2f4 <_vfiprintf_r+0xc9c>
3418f60a:	ea4f 78e4 	mov.w	r8, r4, asr #31
3418f60e:	4643      	mov	r3, r8
3418f610:	f7ff ba20 	b.w	3418ea54 <_vfiprintf_r+0x3fc>
3418f614:	9803      	ldr	r0, [sp, #12]
3418f616:	910b      	str	r1, [sp, #44]	@ 0x2c
3418f618:	f7ff bac7 	b.w	3418ebaa <_vfiprintf_r+0x552>
3418f61c:	9d09      	ldr	r5, [sp, #36]	@ 0x24
3418f61e:	4628      	mov	r0, r5
3418f620:	f7fa fa14 	bl	34189a4c <strlen>
3418f624:	f89d 3043 	ldrb.w	r3, [sp, #67]	@ 0x43
3418f628:	ea20 72e0 	bic.w	r2, r0, r0, asr #31
3418f62c:	900a      	str	r0, [sp, #40]	@ 0x28
3418f62e:	9205      	str	r2, [sp, #20]
3418f630:	2b00      	cmp	r3, #0
3418f632:	f47f aa63 	bne.w	3418eafc <_vfiprintf_r+0x4a4>
3418f636:	9d09      	ldr	r5, [sp, #36]	@ 0x24
3418f638:	9306      	str	r3, [sp, #24]
3418f63a:	f8cd 802c 	str.w	r8, [sp, #44]	@ 0x2c
3418f63e:	9309      	str	r3, [sp, #36]	@ 0x24
3418f640:	f7ff b983 	b.w	3418e94a <_vfiprintf_r+0x2f2>
3418f644:	1c59      	adds	r1, r3, #1
3418f646:	4658      	mov	r0, fp
3418f648:	f7f9 fa80 	bl	34188b4c <_malloc_r>
3418f64c:	4605      	mov	r5, r0
3418f64e:	2800      	cmp	r0, #0
3418f650:	d071      	beq.n	3418f736 <_vfiprintf_r+0x10de>
3418f652:	9009      	str	r0, [sp, #36]	@ 0x24
3418f654:	e6ed      	b.n	3418f432 <_vfiprintf_r+0xdda>
3418f656:	6d88      	ldr	r0, [r1, #88]	@ 0x58
3418f658:	f7fa f980 	bl	3418995c <__retarget_lock_release_recursive>
3418f65c:	f7ff b901 	b.w	3418e862 <_vfiprintf_r+0x20a>
3418f660:	9a0e      	ldr	r2, [sp, #56]	@ 0x38
3418f662:	990f      	ldr	r1, [sp, #60]	@ 0x3c
3418f664:	eba5 0902 	sub.w	r9, r5, r2
3418f668:	4648      	mov	r0, r9
3418f66a:	f7fd f983 	bl	3418c974 <strncpy>
3418f66e:	f89a 3001 	ldrb.w	r3, [sl, #1]
3418f672:	b10b      	cbz	r3, 3418f678 <_vfiprintf_r+0x1020>
3418f674:	f10a 0a01 	add.w	sl, sl, #1
3418f678:	eb14 0308 	adds.w	r3, r4, r8
3418f67c:	4a5e      	ldr	r2, [pc, #376]	@ (3418f7f8 <_vfiprintf_r+0x11a0>)
3418f67e:	f04f 31cc 	mov.w	r1, #3435973836	@ 0xcccccccc
3418f682:	f04f 0e01 	mov.w	lr, #1
3418f686:	f143 0300 	adc.w	r3, r3, #0
3418f68a:	f109 35ff 	add.w	r5, r9, #4294967295	@ 0xffffffff
3418f68e:	fba2 0c03 	umull	r0, ip, r2, r3
3418f692:	f02c 0003 	bic.w	r0, ip, #3
3418f696:	eb00 009c 	add.w	r0, r0, ip, lsr #2
3418f69a:	1a1b      	subs	r3, r3, r0
3418f69c:	1ae3      	subs	r3, r4, r3
3418f69e:	f168 0800 	sbc.w	r8, r8, #0
3418f6a2:	fb03 f101 	mul.w	r1, r3, r1
3418f6a6:	fba3 3002 	umull	r3, r0, r3, r2
3418f6aa:	fb02 1108 	mla	r1, r2, r8, r1
3418f6ae:	fa23 f30e 	lsr.w	r3, r3, lr
3418f6b2:	4401      	add	r1, r0
3418f6b4:	ea43 74c1 	orr.w	r4, r3, r1, lsl #31
3418f6b8:	fa21 f80e 	lsr.w	r8, r1, lr
3418f6bc:	eb14 0308 	adds.w	r3, r4, r8
3418f6c0:	f143 0300 	adc.w	r3, r3, #0
3418f6c4:	fba2 1003 	umull	r1, r0, r2, r3
3418f6c8:	f020 0103 	bic.w	r1, r0, #3
3418f6cc:	eb01 0190 	add.w	r1, r1, r0, lsr #2
3418f6d0:	1a5b      	subs	r3, r3, r1
3418f6d2:	1ae3      	subs	r3, r4, r3
3418f6d4:	fba3 3102 	umull	r3, r1, r3, r2
3418f6d8:	f168 0000 	sbc.w	r0, r8, #0
3418f6dc:	fa23 f30e 	lsr.w	r3, r3, lr
3418f6e0:	fb02 1200 	mla	r2, r2, r0, r1
3418f6e4:	ea43 73c2 	orr.w	r3, r3, r2, lsl #31
3418f6e8:	eb03 0383 	add.w	r3, r3, r3, lsl #2
3418f6ec:	eba4 0343 	sub.w	r3, r4, r3, lsl #1
3418f6f0:	3330      	adds	r3, #48	@ 0x30
3418f6f2:	f809 3c01 	strb.w	r3, [r9, #-1]
3418f6f6:	e437      	b.n	3418ef68 <_vfiprintf_r+0x910>
3418f6f8:	f8df 8104 	ldr.w	r8, [pc, #260]	@ 3418f800 <_vfiprintf_r+0x11a8>
3418f6fc:	e574      	b.n	3418f1e8 <_vfiprintf_r+0xb90>
3418f6fe:	2300      	movs	r3, #0
3418f700:	4682      	mov	sl, r0
3418f702:	9306      	str	r3, [sp, #24]
3418f704:	f7ff b817 	b.w	3418e736 <_vfiprintf_r+0xde>
3418f708:	aa18      	add	r2, sp, #96	@ 0x60
3418f70a:	9904      	ldr	r1, [sp, #16]
3418f70c:	4658      	mov	r0, fp
3418f70e:	f7fd f807 	bl	3418c720 <__sprint_r>
3418f712:	2800      	cmp	r0, #0
3418f714:	f43f a8d2 	beq.w	3418e8bc <_vfiprintf_r+0x264>
3418f718:	f7ff b8ed 	b.w	3418e8f6 <_vfiprintf_r+0x29e>
3418f71c:	f8df 80e0 	ldr.w	r8, [pc, #224]	@ 3418f800 <_vfiprintf_r+0x11a8>
3418f720:	e4fd      	b.n	3418f11e <_vfiprintf_r+0xac6>
3418f722:	9a06      	ldr	r2, [sp, #24]
3418f724:	f8cd 802c 	str.w	r8, [sp, #44]	@ 0x2c
3418f728:	920a      	str	r2, [sp, #40]	@ 0x28
3418f72a:	9a05      	ldr	r2, [sp, #20]
3418f72c:	9306      	str	r3, [sp, #24]
3418f72e:	3201      	adds	r2, #1
3418f730:	9205      	str	r2, [sp, #20]
3418f732:	f7ff b9ae 	b.w	3418ea92 <_vfiprintf_r+0x43a>
3418f736:	9804      	ldr	r0, [sp, #16]
3418f738:	f9b0 300c 	ldrsh.w	r3, [r0, #12]
3418f73c:	6e42      	ldr	r2, [r0, #100]	@ 0x64
3418f73e:	f043 0140 	orr.w	r1, r3, #64	@ 0x40
3418f742:	8181      	strh	r1, [r0, #12]
3418f744:	07d0      	lsls	r0, r2, #31
3418f746:	d504      	bpl.n	3418f752 <_vfiprintf_r+0x10fa>
3418f748:	f04f 33ff 	mov.w	r3, #4294967295	@ 0xffffffff
3418f74c:	9307      	str	r3, [sp, #28]
3418f74e:	f7ff b8dd 	b.w	3418e90c <_vfiprintf_r+0x2b4>
3418f752:	0599      	lsls	r1, r3, #22
3418f754:	d4f8      	bmi.n	3418f748 <_vfiprintf_r+0x10f0>
3418f756:	f7ff b969 	b.w	3418ea2c <_vfiprintf_r+0x3d4>
3418f75a:	b15b      	cbz	r3, 3418f774 <_vfiprintf_r+0x111c>
3418f75c:	9b06      	ldr	r3, [sp, #24]
3418f75e:	f8cd 802c 	str.w	r8, [sp, #44]	@ 0x2c
3418f762:	1c5a      	adds	r2, r3, #1
3418f764:	930a      	str	r3, [sp, #40]	@ 0x28
3418f766:	9006      	str	r0, [sp, #24]
3418f768:	9205      	str	r2, [sp, #20]
3418f76a:	9009      	str	r0, [sp, #36]	@ 0x24
3418f76c:	f7ff b991 	b.w	3418ea92 <_vfiprintf_r+0x43a>
3418f770:	2400      	movs	r4, #0
3418f772:	e5fb      	b.n	3418f36c <_vfiprintf_r+0xd14>
3418f774:	9a06      	ldr	r2, [sp, #24]
3418f776:	9309      	str	r3, [sp, #36]	@ 0x24
3418f778:	f8cd 802c 	str.w	r8, [sp, #44]	@ 0x2c
3418f77c:	920a      	str	r2, [sp, #40]	@ 0x28
3418f77e:	e9cd 2305 	strd	r2, r3, [sp, #20]
3418f782:	f7ff b8e2 	b.w	3418e94a <_vfiprintf_r+0x2f2>
3418f786:	07d7      	lsls	r7, r2, #31
3418f788:	d4de      	bmi.n	3418f748 <_vfiprintf_r+0x10f0>
3418f78a:	9b04      	ldr	r3, [sp, #16]
3418f78c:	899b      	ldrh	r3, [r3, #12]
3418f78e:	059e      	lsls	r6, r3, #22
3418f790:	d4da      	bmi.n	3418f748 <_vfiprintf_r+0x10f0>
3418f792:	9b04      	ldr	r3, [sp, #16]
3418f794:	6d98      	ldr	r0, [r3, #88]	@ 0x58
3418f796:	f7fa f8e1 	bl	3418995c <__retarget_lock_release_recursive>
3418f79a:	e7d5      	b.n	3418f748 <_vfiprintf_r+0x10f0>
3418f79c:	2402      	movs	r4, #2
3418f79e:	4817      	ldr	r0, [pc, #92]	@ (3418f7fc <_vfiprintf_r+0x11a4>)
3418f7a0:	910b      	str	r1, [sp, #44]	@ 0x2c
3418f7a2:	e5e3      	b.n	3418f36c <_vfiprintf_r+0xd14>
3418f7a4:	9a04      	ldr	r2, [sp, #16]
3418f7a6:	6e53      	ldr	r3, [r2, #100]	@ 0x64
3418f7a8:	07d8      	lsls	r0, r3, #31
3418f7aa:	d4cd      	bmi.n	3418f748 <_vfiprintf_r+0x10f0>
3418f7ac:	8993      	ldrh	r3, [r2, #12]
3418f7ae:	0599      	lsls	r1, r3, #22
3418f7b0:	d4ca      	bmi.n	3418f748 <_vfiprintf_r+0x10f0>
3418f7b2:	6d90      	ldr	r0, [r2, #88]	@ 0x58
3418f7b4:	f7fa f8d2 	bl	3418995c <__retarget_lock_release_recursive>
3418f7b8:	e7c6      	b.n	3418f748 <_vfiprintf_r+0x10f0>
3418f7ba:	9a0b      	ldr	r2, [sp, #44]	@ 0x2c
3418f7bc:	f89a 3001 	ldrb.w	r3, [sl, #1]
3418f7c0:	4682      	mov	sl, r0
3418f7c2:	f852 1b04 	ldr.w	r1, [r2], #4
3418f7c6:	ea41 71e1 	orr.w	r1, r1, r1, asr #31
3418f7ca:	920b      	str	r2, [sp, #44]	@ 0x2c
3418f7cc:	9106      	str	r1, [sp, #24]
3418f7ce:	f7fe bfaf 	b.w	3418e730 <_vfiprintf_r+0xd8>
3418f7d2:	f8cd 8024 	str.w	r8, [sp, #36]	@ 0x24
3418f7d6:	f7ff b8c0 	b.w	3418e95a <_vfiprintf_r+0x302>
3418f7da:	9a04      	ldr	r2, [sp, #16]
3418f7dc:	8993      	ldrh	r3, [r2, #12]
3418f7de:	f043 0340 	orr.w	r3, r3, #64	@ 0x40
3418f7e2:	8193      	strh	r3, [r2, #12]
3418f7e4:	f7ff b881 	b.w	3418e8ea <_vfiprintf_r+0x292>
3418f7e8:	9309      	str	r3, [sp, #36]	@ 0x24
3418f7ea:	f7ff b8e5 	b.w	3418e9b8 <_vfiprintf_r+0x360>
3418f7ee:	9a03      	ldr	r2, [sp, #12]
3418f7f0:	f7ff ba99 	b.w	3418ed26 <_vfiprintf_r+0x6ce>
3418f7f4:	4610      	mov	r0, r2
3418f7f6:	e53b      	b.n	3418f270 <_vfiprintf_r+0xc18>
3418f7f8:	cccccccd 	.word	0xcccccccd
3418f7fc:	3418fae0 	.word	0x3418fae0
3418f800:	34190070 	.word	0x34190070

3418f804 <__sbprintf>:
3418f804:	b5f0      	push	{r4, r5, r6, r7, lr}
3418f806:	460d      	mov	r5, r1
3418f808:	f2ad 4d74 	subw	sp, sp, #1140	@ 0x474
3418f80c:	4616      	mov	r6, r2
3418f80e:	8989      	ldrh	r1, [r1, #12]
3418f810:	6e6a      	ldr	r2, [r5, #100]	@ 0x64
3418f812:	4607      	mov	r7, r0
3418f814:	f021 0102 	bic.w	r1, r1, #2
3418f818:	a818      	add	r0, sp, #96	@ 0x60
3418f81a:	921b      	str	r2, [sp, #108]	@ 0x6c
3418f81c:	89ea      	ldrh	r2, [r5, #14]
3418f81e:	f8ad 1014 	strh.w	r1, [sp, #20]
3418f822:	a91c      	add	r1, sp, #112	@ 0x70
3418f824:	f8ad 2016 	strh.w	r2, [sp, #22]
3418f828:	69ea      	ldr	r2, [r5, #28]
3418f82a:	9102      	str	r1, [sp, #8]
3418f82c:	9209      	str	r2, [sp, #36]	@ 0x24
3418f82e:	6a6a      	ldr	r2, [r5, #36]	@ 0x24
3418f830:	9106      	str	r1, [sp, #24]
3418f832:	f44f 6180 	mov.w	r1, #1024	@ 0x400
3418f836:	920b      	str	r2, [sp, #44]	@ 0x2c
3418f838:	2200      	movs	r2, #0
3418f83a:	9301      	str	r3, [sp, #4]
3418f83c:	9104      	str	r1, [sp, #16]
3418f83e:	9107      	str	r1, [sp, #28]
3418f840:	9208      	str	r2, [sp, #32]
3418f842:	f7fa f885 	bl	34189950 <__retarget_lock_init_recursive>
3418f846:	4632      	mov	r2, r6
3418f848:	9b01      	ldr	r3, [sp, #4]
3418f84a:	a902      	add	r1, sp, #8
3418f84c:	4638      	mov	r0, r7
3418f84e:	f7fe ff03 	bl	3418e658 <_vfiprintf_r>
3418f852:	1e06      	subs	r6, r0, #0
3418f854:	db07      	blt.n	3418f866 <__sbprintf+0x62>
3418f856:	a902      	add	r1, sp, #8
3418f858:	4638      	mov	r0, r7
3418f85a:	f7f9 fd6d 	bl	34189338 <_fflush_r>
3418f85e:	2800      	cmp	r0, #0
3418f860:	bf18      	it	ne
3418f862:	f04f 36ff 	movne.w	r6, #4294967295	@ 0xffffffff
3418f866:	f8bd 3014 	ldrh.w	r3, [sp, #20]
3418f86a:	065b      	lsls	r3, r3, #25
3418f86c:	d503      	bpl.n	3418f876 <__sbprintf+0x72>
3418f86e:	89ab      	ldrh	r3, [r5, #12]
3418f870:	f043 0340 	orr.w	r3, r3, #64	@ 0x40
3418f874:	81ab      	strh	r3, [r5, #12]
3418f876:	9818      	ldr	r0, [sp, #96]	@ 0x60
3418f878:	f7fa f86c 	bl	34189954 <__retarget_lock_close_recursive>
3418f87c:	4630      	mov	r0, r6
3418f87e:	f20d 4d74 	addw	sp, sp, #1140	@ 0x474
3418f882:	bdf0      	pop	{r4, r5, r6, r7, pc}

3418f884 <_close>:
3418f884:	4b02      	ldr	r3, [pc, #8]	@ (3418f890 <_close+0xc>)
3418f886:	2258      	movs	r2, #88	@ 0x58
3418f888:	f04f 30ff 	mov.w	r0, #4294967295	@ 0xffffffff
3418f88c:	601a      	str	r2, [r3, #0]
3418f88e:	4770      	bx	lr
3418f890:	341c1f08 	.word	0x341c1f08

3418f894 <_fstat>:
3418f894:	4b02      	ldr	r3, [pc, #8]	@ (3418f8a0 <_fstat+0xc>)
3418f896:	2258      	movs	r2, #88	@ 0x58
3418f898:	f04f 30ff 	mov.w	r0, #4294967295	@ 0xffffffff
3418f89c:	601a      	str	r2, [r3, #0]
3418f89e:	4770      	bx	lr
3418f8a0:	341c1f08 	.word	0x341c1f08

3418f8a4 <_getpid>:
3418f8a4:	4b02      	ldr	r3, [pc, #8]	@ (3418f8b0 <_getpid+0xc>)
3418f8a6:	2258      	movs	r2, #88	@ 0x58
3418f8a8:	f04f 30ff 	mov.w	r0, #4294967295	@ 0xffffffff
3418f8ac:	601a      	str	r2, [r3, #0]
3418f8ae:	4770      	bx	lr
3418f8b0:	341c1f08 	.word	0x341c1f08

3418f8b4 <_isatty>:
3418f8b4:	4b02      	ldr	r3, [pc, #8]	@ (3418f8c0 <_isatty+0xc>)
3418f8b6:	2258      	movs	r2, #88	@ 0x58
3418f8b8:	2000      	movs	r0, #0
3418f8ba:	601a      	str	r2, [r3, #0]
3418f8bc:	4770      	bx	lr
3418f8be:	bf00      	nop
3418f8c0:	341c1f08 	.word	0x341c1f08

3418f8c4 <_kill>:
3418f8c4:	4b02      	ldr	r3, [pc, #8]	@ (3418f8d0 <_kill+0xc>)
3418f8c6:	2258      	movs	r2, #88	@ 0x58
3418f8c8:	f04f 30ff 	mov.w	r0, #4294967295	@ 0xffffffff
3418f8cc:	601a      	str	r2, [r3, #0]
3418f8ce:	4770      	bx	lr
3418f8d0:	341c1f08 	.word	0x341c1f08

3418f8d4 <_lseek>:
3418f8d4:	4b02      	ldr	r3, [pc, #8]	@ (3418f8e0 <_lseek+0xc>)
3418f8d6:	2258      	movs	r2, #88	@ 0x58
3418f8d8:	f04f 30ff 	mov.w	r0, #4294967295	@ 0xffffffff
3418f8dc:	601a      	str	r2, [r3, #0]
3418f8de:	4770      	bx	lr
3418f8e0:	341c1f08 	.word	0x341c1f08

3418f8e4 <_exit>:
3418f8e4:	e7fe      	b.n	3418f8e4 <_exit>
3418f8e6:	bf00      	nop

3418f8e8 <_init>:
3418f8e8:	b5f8      	push	{r3, r4, r5, r6, r7, lr}
3418f8ea:	bf00      	nop
3418f8ec:	bcf8      	pop	{r3, r4, r5, r6, r7}
3418f8ee:	bc08      	pop	{r3}
3418f8f0:	469e      	mov	lr, r3
3418f8f2:	4770      	bx	lr

3418f8f4 <_fini>:
3418f8f4:	b5f8      	push	{r3, r4, r5, r6, r7, lr}
3418f8f6:	bf00      	nop
3418f8f8:	bcf8      	pop	{r3, r4, r5, r6, r7}
3418f8fa:	bc08      	pop	{r3}
3418f8fc:	469e      	mov	lr, r3
3418f8fe:	4770      	bx	lr

Disassembly of section .gnu.sgstubs:

341900a0 <SECURE_SystemCoreClockUpdate>:
341900a0:	e97f e97f 	sg
341900a4:	f7f6 bff8 	b.w	34187098 <__acle_se_SECURE_SystemCoreClockUpdate>
	...
