
build/full/192f/mve-refmat/reference/aimer-m55-192f-mve-refmat-reference.elf:     file format elf32-littlearm


Disassembly of section .text:

34180750 <__do_global_dtors_aux>:
34180750:	b508      	push	{r3, lr}
34180752:	4b06      	ldr	r3, [pc, #24]	@ (3418076c <__do_global_dtors_aux+0x1c>)
34180754:	781a      	ldrb	r2, [r3, #0]
34180756:	b93a      	cbnz	r2, 34180768 <__do_global_dtors_aux+0x18>
34180758:	4a05      	ldr	r2, [pc, #20]	@ (34180770 <__do_global_dtors_aux+0x20>)
3418075a:	b11a      	cbz	r2, 34180764 <__do_global_dtors_aux+0x14>
3418075c:	4805      	ldr	r0, [pc, #20]	@ (34180774 <__do_global_dtors_aux+0x24>)
3418075e:	f3af 8000 	nop.w
34180762:	4b02      	ldr	r3, [pc, #8]	@ (3418076c <__do_global_dtors_aux+0x1c>)
34180764:	2201      	movs	r2, #1
34180766:	701a      	strb	r2, [r3, #0]
34180768:	bd08      	pop	{r3, pc}
3418076a:	bf00      	nop
3418076c:	341c08a0 	.word	0x341c08a0
34180770:	00000000 	.word	0x00000000
34180774:	3418b06c 	.word	0x3418b06c

34180778 <frame_dummy>:
34180778:	b508      	push	{r3, lr}
3418077a:	4b03      	ldr	r3, [pc, #12]	@ (34180788 <frame_dummy+0x10>)
3418077c:	b11b      	cbz	r3, 34180786 <frame_dummy+0xe>
3418077e:	4903      	ldr	r1, [pc, #12]	@ (3418078c <frame_dummy+0x14>)
34180780:	4803      	ldr	r0, [pc, #12]	@ (34180790 <frame_dummy+0x18>)
34180782:	f3af 8000 	nop.w
34180786:	bd08      	pop	{r3, pc}
34180788:	00000000 	.word	0x00000000
3418078c:	341c08a4 	.word	0x341c08a4
34180790:	3418b06c 	.word	0x3418b06c

34180794 <fill_random>:
34180794:	b5f0      	push	{r4, r5, r6, r7, lr}
34180796:	f8df e0a8 	ldr.w	lr, [pc, #168]	@ 34180840 <fill_random+0xac>
3418079a:	4684      	mov	ip, r0
3418079c:	e9de 0100 	ldrd	r0, r1, [lr]
341807a0:	4604      	mov	r4, r0
341807a2:	460d      	mov	r5, r1
341807a4:	ea54 354f 	lsll	r4, r5, #13
341807a8:	ea80 3240 	eor.w	r2, r0, r0, lsl #13
341807ac:	ea85 0301 	eor.w	r3, r5, r1
341807b0:	4614      	mov	r4, r2
341807b2:	461d      	mov	r5, r3
341807b4:	ea54 15df 	lsrl	r4, r5, #7
341807b8:	ea84 0002 	eor.w	r0, r4, r2
341807bc:	ea85 0103 	eor.w	r1, r5, r3
341807c0:	4604      	mov	r4, r0
341807c2:	460d      	mov	r5, r1
341807c4:	ea54 454f 	lsll	r4, r5, #17
341807c8:	ea80 4240 	eor.w	r2, r0, r0, lsl #17
341807cc:	ea85 0301 	eor.w	r3, r5, r1
341807d0:	4610      	mov	r0, r2
341807d2:	4619      	mov	r1, r3
341807d4:	ea50 314f 	lsll	r0, r1, #13
341807d8:	ea82 3442 	eor.w	r4, r2, r2, lsl #13
341807dc:	ea81 0503 	eor.w	r5, r1, r3
341807e0:	e9cc 2300 	strd	r2, r3, [ip]
341807e4:	4622      	mov	r2, r4
341807e6:	462b      	mov	r3, r5
341807e8:	ea52 13df 	lsrl	r2, r3, #7
341807ec:	ea84 0002 	eor.w	r0, r4, r2
341807f0:	ea85 0103 	eor.w	r1, r5, r3
341807f4:	4604      	mov	r4, r0
341807f6:	460d      	mov	r5, r1
341807f8:	ea54 454f 	lsll	r4, r5, #17
341807fc:	ea80 4240 	eor.w	r2, r0, r0, lsl #17
34180800:	ea81 0305 	eor.w	r3, r1, r5
34180804:	4614      	mov	r4, r2
34180806:	461d      	mov	r5, r3
34180808:	ea54 354f 	lsll	r4, r5, #13
3418080c:	ea82 3042 	eor.w	r0, r2, r2, lsl #13
34180810:	ea85 0103 	eor.w	r1, r5, r3
34180814:	4604      	mov	r4, r0
34180816:	460d      	mov	r5, r1
34180818:	ea54 15df 	lsrl	r4, r5, #7
3418081c:	ea80 0604 	eor.w	r6, r0, r4
34180820:	ea81 0705 	eor.w	r7, r1, r5
34180824:	e9cc 2302 	strd	r2, r3, [ip, #8]
34180828:	4632      	mov	r2, r6
3418082a:	463b      	mov	r3, r7
3418082c:	ea52 434f 	lsll	r2, r3, #17
34180830:	ea86 4246 	eor.w	r2, r6, r6, lsl #17
34180834:	407b      	eors	r3, r7
34180836:	e9cc 2304 	strd	r2, r3, [ip, #16]
3418083a:	e9ce 2300 	strd	r2, r3, [lr]
3418083e:	bdf0      	pop	{r4, r5, r6, r7, pc}
34180840:	341c0000 	.word	0x341c0000

34180844 <compare>:
34180844:	b570      	push	{r4, r5, r6, lr}
34180846:	e9d2 ec00 	ldrd	lr, ip, [r2]
3418084a:	4604      	mov	r4, r0
3418084c:	460d      	mov	r5, r1
3418084e:	e9d3 0100 	ldrd	r0, r1, [r3]
34180852:	458c      	cmp	ip, r1
34180854:	bf08      	it	eq
34180856:	4586      	cmpeq	lr, r0
34180858:	b086      	sub	sp, #24
3418085a:	d116      	bne.n	3418088a <compare+0x46>
3418085c:	e9d2 ec02 	ldrd	lr, ip, [r2, #8]
34180860:	e9d3 0102 	ldrd	r0, r1, [r3, #8]
34180864:	458c      	cmp	ip, r1
34180866:	bf08      	it	eq
34180868:	4586      	cmpeq	lr, r0
3418086a:	d11f      	bne.n	341808ac <compare+0x68>
3418086c:	e9d3 0104 	ldrd	r0, r1, [r3, #16]
34180870:	e9d2 ec04 	ldrd	lr, ip, [r2, #16]
34180874:	458c      	cmp	ip, r1
34180876:	bf08      	it	eq
34180878:	4586      	cmpeq	lr, r0
3418087a:	f04f 0300 	mov.w	r3, #0
3418087e:	bf18      	it	ne
34180880:	2602      	movne	r6, #2
34180882:	d103      	bne.n	3418088c <compare+0x48>
34180884:	4618      	mov	r0, r3
34180886:	b006      	add	sp, #24
34180888:	bd70      	pop	{r4, r5, r6, pc}
3418088a:	2600      	movs	r6, #0
3418088c:	e9cd 1003 	strd	r1, r0, [sp, #12]
34180890:	462b      	mov	r3, r5
34180892:	4622      	mov	r2, r4
34180894:	e9cd ce01 	strd	ip, lr, [sp, #4]
34180898:	4905      	ldr	r1, [pc, #20]	@ (341808b0 <compare+0x6c>)
3418089a:	9600      	str	r6, [sp, #0]
3418089c:	4805      	ldr	r0, [pc, #20]	@ (341808b4 <compare+0x70>)
3418089e:	f003 fd87 	bl	341843b0 <printf>
341808a2:	f04f 33ff 	mov.w	r3, #4294967295	@ 0xffffffff
341808a6:	4618      	mov	r0, r3
341808a8:	b006      	add	sp, #24
341808aa:	bd70      	pop	{r4, r5, r6, pc}
341808ac:	2601      	movs	r6, #1
341808ae:	e7ed      	b.n	3418088c <compare+0x48>
341808b0:	3418b088 	.word	0x3418b088
341808b4:	3418b090 	.word	0x3418b090

341808b8 <generic_mul>:
341808b8:	e92d 4ff0 	stmdb	sp!, {r4, r5, r6, r7, r8, r9, sl, fp, lr}
341808bc:	b0a1      	sub	sp, #132	@ 0x84
341808be:	460c      	mov	r4, r1
341808c0:	4607      	mov	r7, r0
341808c2:	2100      	movs	r1, #0
341808c4:	4693      	mov	fp, r2
341808c6:	a814      	add	r0, sp, #80	@ 0x50
341808c8:	2230      	movs	r2, #48	@ 0x30
341808ca:	f003 ffd5 	bl	34184878 <memset>
341808ce:	e9d4 0102 	ldrd	r0, r1, [r4, #8]
341808d2:	e9d4 8900 	ldrd	r8, r9, [r4]
341808d6:	f04f 0c00 	mov.w	ip, #0
341808da:	e9cd 0104 	strd	r0, r1, [sp, #16]
341808de:	e9d4 0104 	ldrd	r0, r1, [r4, #16]
341808e2:	46e2      	mov	sl, ip
341808e4:	f04f 0e00 	mov.w	lr, #0
341808e8:	4662      	mov	r2, ip
341808ea:	e9cd 8902 	strd	r8, r9, [sp, #8]
341808ee:	e9cd 010e 	strd	r0, r1, [sp, #56]	@ 0x38
341808f2:	9711      	str	r7, [sp, #68]	@ 0x44
341808f4:	e081      	b.n	341809fa <generic_mul+0x142>
341808f6:	f1c1 0800 	rsb	r8, r1, #0
341808fa:	3203      	adds	r2, #3
341808fc:	a920      	add	r1, sp, #128	@ 0x80
341808fe:	eb01 02c2 	add.w	r2, r1, r2, lsl #3
34180902:	9208      	str	r2, [sp, #32]
34180904:	9a03      	ldr	r2, [sp, #12]
34180906:	eb01 00c0 	add.w	r0, r1, r0, lsl #3
3418090a:	f1a3 0620 	sub.w	r6, r3, #32
3418090e:	f1c3 0140 	rsb	r1, r3, #64	@ 0x40
34180912:	f1c3 0320 	rsb	r3, r3, #32
34180916:	fa02 f706 	lsl.w	r7, r2, r6
3418091a:	fa22 f303 	lsr.w	r3, r2, r3
3418091e:	9a02      	ldr	r2, [sp, #8]
34180920:	f10a 0a01 	add.w	sl, sl, #1
34180924:	fa22 f601 	lsr.w	r6, r2, r1
34180928:	433e      	orrs	r6, r7
3418092a:	431e      	orrs	r6, r3
3418092c:	9b00      	ldr	r3, [sp, #0]
3418092e:	9a00      	ldr	r2, [sp, #0]
34180930:	401e      	ands	r6, r3
34180932:	9b06      	ldr	r3, [sp, #24]
34180934:	ea86 060e 	eor.w	r6, r6, lr
34180938:	405e      	eors	r6, r3
3418093a:	9b03      	ldr	r3, [sp, #12]
3418093c:	f844 6c30 	str.w	r6, [r4, #-48]
34180940:	40cb      	lsrs	r3, r1
34180942:	9e0d      	ldr	r6, [sp, #52]	@ 0x34
34180944:	ea03 0308 	and.w	r3, r3, r8
34180948:	ea83 0309 	eor.w	r3, r3, r9
3418094c:	4073      	eors	r3, r6
3418094e:	f844 3c2c 	str.w	r3, [r4, #-44]
34180952:	9b05      	ldr	r3, [sp, #20]
34180954:	f1c1 0620 	rsb	r6, r1, #32
34180958:	f1a1 0420 	sub.w	r4, r1, #32
3418095c:	fa03 f606 	lsl.w	r6, r3, r6
34180960:	fa23 f404 	lsr.w	r4, r3, r4
34180964:	9b04      	ldr	r3, [sp, #16]
34180966:	f1ba 0fc0 	cmp.w	sl, #192	@ 0xc0
3418096a:	fa23 f301 	lsr.w	r3, r3, r1
3418096e:	ea43 0306 	orr.w	r3, r3, r6
34180972:	ea43 0304 	orr.w	r3, r3, r4
34180976:	ea03 0302 	and.w	r3, r3, r2
3418097a:	ea83 040c 	eor.w	r4, r3, ip
3418097e:	9b05      	ldr	r3, [sp, #20]
34180980:	e9dd 670e 	ldrd	r6, r7, [sp, #56]	@ 0x38
34180984:	fa23 f301 	lsr.w	r3, r3, r1
34180988:	ea03 0308 	and.w	r3, r3, r8
3418098c:	ea85 0503 	eor.w	r5, r5, r3
34180990:	f850 3c30 	ldr.w	r3, [r0, #-48]
34180994:	ea84 0403 	eor.w	r4, r4, r3
34180998:	f850 3c2c 	ldr.w	r3, [r0, #-44]
3418099c:	f840 4c30 	str.w	r4, [r0, #-48]
341809a0:	ea85 0503 	eor.w	r5, r5, r3
341809a4:	f1c1 0420 	rsb	r4, r1, #32
341809a8:	f840 5c2c 	str.w	r5, [r0, #-44]
341809ac:	fa26 f301 	lsr.w	r3, r6, r1
341809b0:	f1a1 0020 	sub.w	r0, r1, #32
341809b4:	fa07 f404 	lsl.w	r4, r7, r4
341809b8:	fa27 f000 	lsr.w	r0, r7, r0
341809bc:	ea43 0304 	orr.w	r3, r3, r4
341809c0:	ea43 0300 	orr.w	r3, r3, r0
341809c4:	ea03 0302 	and.w	r3, r3, r2
341809c8:	9a08      	ldr	r2, [sp, #32]
341809ca:	fa27 f101 	lsr.w	r1, r7, r1
341809ce:	f852 0c30 	ldr.w	r0, [r2, #-48]
341809d2:	ea01 0108 	and.w	r1, r1, r8
341809d6:	ea80 0003 	eor.w	r0, r0, r3
341809da:	f852 3c2c 	ldr.w	r3, [r2, #-44]
341809de:	f842 0c30 	str.w	r0, [r2, #-48]
341809e2:	ea83 0301 	eor.w	r3, r3, r1
341809e6:	f842 3c2c 	str.w	r3, [r2, #-44]
341809ea:	d072      	beq.n	34180ad2 <generic_mul+0x21a>
341809ec:	ea4f 129a 	mov.w	r2, sl, lsr #6
341809f0:	ab20      	add	r3, sp, #128	@ 0x80
341809f2:	eb03 03c2 	add.w	r3, r3, r2, lsl #3
341809f6:	e953 ce0c 	ldrd	ip, lr, [r3, #-48]	@ 0x30
341809fa:	f00a 033f 	and.w	r3, sl, #63	@ 0x3f
341809fe:	e9dd 8902 	ldrd	r8, r9, [sp, #8]
34180a02:	ea58 390d 	lsll	r8, r9, r3
34180a06:	e9cd 8906 	strd	r8, r9, [sp, #24]
34180a0a:	e9dd 8904 	ldrd	r8, r9, [sp, #16]
34180a0e:	ea58 390d 	lsll	r8, r9, r3
34180a12:	eb0b 01c2 	add.w	r1, fp, r2, lsl #3
34180a16:	684c      	ldr	r4, [r1, #4]
34180a18:	f85b 1032 	ldr.w	r1, [fp, r2, lsl #3]
34180a1c:	f1c3 0020 	rsb	r0, r3, #32
34180a20:	fa04 f000 	lsl.w	r0, r4, r0
34180a24:	40d9      	lsrs	r1, r3
34180a26:	4301      	orrs	r1, r0
34180a28:	f1a3 0020 	sub.w	r0, r3, #32
34180a2c:	fa24 f000 	lsr.w	r0, r4, r0
34180a30:	4301      	orrs	r1, r0
34180a32:	f341 0000 	sbfx	r0, r1, #0, #1
34180a36:	4605      	mov	r5, r0
34180a38:	e9cd 890a 	strd	r8, r9, [sp, #40]	@ 0x28
34180a3c:	e9dd 890e 	ldrd	r8, r9, [sp, #56]	@ 0x38
34180a40:	ea58 390d 	lsll	r8, r9, r3
34180a44:	9f06      	ldr	r7, [sp, #24]
34180a46:	e9cd 8908 	strd	r8, r9, [sp, #32]
34180a4a:	ea07 0805 	and.w	r8, r7, r5
34180a4e:	9f07      	ldr	r7, [sp, #28]
34180a50:	9000      	str	r0, [sp, #0]
34180a52:	ea07 0905 	and.w	r9, r7, r5
34180a56:	462f      	mov	r7, r5
34180a58:	a820      	add	r0, sp, #128	@ 0x80
34180a5a:	eb00 06c2 	add.w	r6, r0, r2, lsl #3
34180a5e:	ea88 080c 	eor.w	r8, r8, ip
34180a62:	ea89 090e 	eor.w	r9, r9, lr
34180a66:	e946 890c 	strd	r8, r9, [r6, #-48]	@ 0x30
34180a6a:	e9dd 890a 	ldrd	r8, r9, [sp, #40]	@ 0x28
34180a6e:	1c54      	adds	r4, r2, #1
34180a70:	eb00 04c4 	add.w	r4, r0, r4, lsl #3
34180a74:	f854 6c30 	ldr.w	r6, [r4, #-48]
34180a78:	ea08 0e05 	and.w	lr, r8, r5
34180a7c:	9606      	str	r6, [sp, #24]
34180a7e:	f854 6c2c 	ldr.w	r6, [r4, #-44]
34180a82:	ea05 0909 	and.w	r9, r5, r9
34180a86:	960d      	str	r6, [sp, #52]	@ 0x34
34180a88:	9e09      	ldr	r6, [sp, #36]	@ 0x24
34180a8a:	f001 0101 	and.w	r1, r1, #1
34180a8e:	4035      	ands	r5, r6
34180a90:	9e08      	ldr	r6, [sp, #32]
34180a92:	9110      	str	r1, [sp, #64]	@ 0x40
34180a94:	1c90      	adds	r0, r2, #2
34180a96:	ea06 0c07 	and.w	ip, r6, r7
34180a9a:	2b00      	cmp	r3, #0
34180a9c:	f47f af2b 	bne.w	341808f6 <generic_mul+0x3e>
34180aa0:	9b06      	ldr	r3, [sp, #24]
34180aa2:	9a0d      	ldr	r2, [sp, #52]	@ 0x34
34180aa4:	ea83 030e 	eor.w	r3, r3, lr
34180aa8:	ea82 0209 	eor.w	r2, r2, r9
34180aac:	e944 320c 	strd	r3, r2, [r4, #-48]	@ 0x30
34180ab0:	ab20      	add	r3, sp, #128	@ 0x80
34180ab2:	eb03 00c0 	add.w	r0, r3, r0, lsl #3
34180ab6:	f850 3c30 	ldr.w	r3, [r0, #-48]
34180aba:	f10a 0a01 	add.w	sl, sl, #1
34180abe:	ea83 030c 	eor.w	r3, r3, ip
34180ac2:	f840 3c30 	str.w	r3, [r0, #-48]
34180ac6:	f850 3c2c 	ldr.w	r3, [r0, #-44]
34180aca:	406b      	eors	r3, r5
34180acc:	f840 3c2c 	str.w	r3, [r0, #-44]
34180ad0:	e78c      	b.n	341809ec <generic_mul+0x134>
34180ad2:	f04f 0987 	mov.w	r9, #135	@ 0x87
34180ad6:	f44f 74bf 	mov.w	r4, #382	@ 0x17e
34180ada:	f04f 0bbf 	mov.w	fp, #191	@ 0xbf
34180ade:	9f11      	ldr	r7, [sp, #68]	@ 0x44
34180ae0:	f8cd 9008 	str.w	r9, [sp, #8]
34180ae4:	9704      	str	r7, [sp, #16]
34180ae6:	f04f 0900 	mov.w	r9, #0
34180aea:	09a2      	lsrs	r2, r4, #6
34180aec:	ab20      	add	r3, sp, #128	@ 0x80
34180aee:	eb03 0ac2 	add.w	sl, r3, r2, lsl #3
34180af2:	f85a 5c2c 	ldr.w	r5, [sl, #-44]
34180af6:	f004 033f 	and.w	r3, r4, #63	@ 0x3f
34180afa:	f85a 1c30 	ldr.w	r1, [sl, #-48]
34180afe:	f1c3 0620 	rsb	r6, r3, #32
34180b02:	fa05 f606 	lsl.w	r6, r5, r6
34180b06:	f1a3 0020 	sub.w	r0, r3, #32
34180b0a:	40d9      	lsrs	r1, r3
34180b0c:	fa25 f000 	lsr.w	r0, r5, r0
34180b10:	4331      	orrs	r1, r6
34180b12:	4301      	orrs	r1, r0
34180b14:	f001 0801 	and.w	r8, r1, #1
34180b18:	9e02      	ldr	r6, [sp, #8]
34180b1a:	1ed1      	subs	r1, r2, #3
34180b1c:	a820      	add	r0, sp, #128	@ 0x80
34180b1e:	eb00 01c1 	add.w	r1, r0, r1, lsl #3
34180b22:	f1c3 0040 	rsb	r0, r3, #64	@ 0x40
34180b26:	fa26 f000 	lsr.w	r0, r6, r0
34180b2a:	3a02      	subs	r2, #2
34180b2c:	ae20      	add	r6, sp, #128	@ 0x80
34180b2e:	464f      	mov	r7, r9
34180b30:	eb06 02c2 	add.w	r2, r6, r2, lsl #3
34180b34:	4646      	mov	r6, r8
34180b36:	ea56 370d 	lsll	r6, r7, r3
34180b3a:	e9cd 6700 	strd	r6, r7, [sp]
34180b3e:	9f00      	ldr	r7, [sp, #0]
34180b40:	f85a 6c30 	ldr.w	r6, [sl, #-48]
34180b44:	f1d8 0e00 	rsbs	lr, r8, #0
34180b48:	ea86 0607 	eor.w	r6, r6, r7
34180b4c:	9f01      	ldr	r7, [sp, #4]
34180b4e:	eb6c 0c0c 	sbc.w	ip, ip, ip
34180b52:	407d      	eors	r5, r7
34180b54:	e94a 650c 	strd	r6, r5, [sl, #-48]	@ 0x30
34180b58:	2700      	movs	r7, #0
34180b5a:	2687      	movs	r6, #135	@ 0x87
34180b5c:	ea56 370d 	lsll	r6, r7, r3
34180b60:	f851 5c2c 	ldr.w	r5, [r1, #-44]
34180b64:	ea06 0e0e 	and.w	lr, r6, lr
34180b68:	f851 6c30 	ldr.w	r6, [r1, #-48]
34180b6c:	ea07 0c0c 	and.w	ip, r7, ip
34180b70:	ea86 060e 	eor.w	r6, r6, lr
34180b74:	ea85 050c 	eor.w	r5, r5, ip
34180b78:	e941 650c 	strd	r6, r5, [r1, #-48]	@ 0x30
34180b7c:	3c01      	subs	r4, #1
34180b7e:	b13b      	cbz	r3, 34180b90 <generic_mul+0x2d8>
34180b80:	e952 130c 	ldrd	r1, r3, [r2, #-48]	@ 0x30
34180b84:	fba0 0508 	umull	r0, r5, r0, r8
34180b88:	4048      	eors	r0, r1
34180b8a:	406b      	eors	r3, r5
34180b8c:	e942 030c 	strd	r0, r3, [r2, #-48]	@ 0x30
34180b90:	f1bb 0b01 	subs.w	fp, fp, #1
34180b94:	d1a7      	bne.n	34180ae6 <generic_mul+0x22e>
34180b96:	9f04      	ldr	r7, [sp, #16]
34180b98:	ac14      	add	r4, sp, #80	@ 0x50
34180b9a:	cc0f      	ldmia	r4!, {r0, r1, r2, r3}
34180b9c:	c70f      	stmia	r7!, {r0, r1, r2, r3}
34180b9e:	e894 0003 	ldmia.w	r4, {r0, r1}
34180ba2:	e887 0003 	stmia.w	r7, {r0, r1}
34180ba6:	b021      	add	sp, #132	@ 0x84
34180ba8:	e8bd 8ff0 	ldmia.w	sp!, {r4, r5, r6, r7, r8, r9, sl, fp, pc}

34180bac <test_pair>:
34180bac:	b570      	push	{r4, r5, r6, lr}
34180bae:	460d      	mov	r5, r1
34180bb0:	4604      	mov	r4, r0
34180bb2:	b092      	sub	sp, #72	@ 0x48
34180bb4:	4621      	mov	r1, r4
34180bb6:	a806      	add	r0, sp, #24
34180bb8:	4616      	mov	r6, r2
34180bba:	462a      	mov	r2, r5
34180bbc:	f7ff fe7c 	bl	341808b8 <generic_mul>
34180bc0:	462a      	mov	r2, r5
34180bc2:	4621      	mov	r1, r4
34180bc4:	a80c      	add	r0, sp, #48	@ 0x30
34180bc6:	f001 f833 	bl	34181c30 <samsungsds_aimer_192f_ref_gf_mul>
34180bca:	e9dd 1506 	ldrd	r1, r5, [sp, #24]
34180bce:	e9dd 200c 	ldrd	r2, r0, [sp, #48]	@ 0x30
34180bd2:	4285      	cmp	r5, r0
34180bd4:	bf08      	it	eq
34180bd6:	4291      	cmpeq	r1, r2
34180bd8:	d139      	bne.n	34180c4e <test_pair+0xa2>
34180bda:	e9dd 1508 	ldrd	r1, r5, [sp, #32]
34180bde:	e9dd 200e 	ldrd	r2, r0, [sp, #56]	@ 0x38
34180be2:	4285      	cmp	r5, r0
34180be4:	bf08      	it	eq
34180be6:	4291      	cmpeq	r1, r2
34180be8:	d14f      	bne.n	34180c8a <test_pair+0xde>
34180bea:	e9dd 150a 	ldrd	r1, r5, [sp, #40]	@ 0x28
34180bee:	e9dd 2010 	ldrd	r2, r0, [sp, #64]	@ 0x40
34180bf2:	4285      	cmp	r5, r0
34180bf4:	bf08      	it	eq
34180bf6:	4291      	cmpeq	r1, r2
34180bf8:	bf18      	it	ne
34180bfa:	2402      	movne	r4, #2
34180bfc:	d128      	bne.n	34180c50 <test_pair+0xa4>
34180bfe:	4622      	mov	r2, r4
34180c00:	4621      	mov	r1, r4
34180c02:	a806      	add	r0, sp, #24
34180c04:	f7ff fe58 	bl	341808b8 <generic_mul>
34180c08:	4621      	mov	r1, r4
34180c0a:	a80c      	add	r0, sp, #48	@ 0x30
34180c0c:	f001 f8b4 	bl	34181d78 <samsungsds_aimer_192f_ref_gf_sqr>
34180c10:	e9dd 1406 	ldrd	r1, r4, [sp, #24]
34180c14:	e9dd 200c 	ldrd	r2, r0, [sp, #48]	@ 0x30
34180c18:	42a0      	cmp	r0, r4
34180c1a:	bf08      	it	eq
34180c1c:	428a      	cmpeq	r2, r1
34180c1e:	d127      	bne.n	34180c70 <test_pair+0xc4>
34180c20:	e9dd 1408 	ldrd	r1, r4, [sp, #32]
34180c24:	e9dd 200e 	ldrd	r2, r0, [sp, #56]	@ 0x38
34180c28:	4284      	cmp	r4, r0
34180c2a:	bf08      	it	eq
34180c2c:	4291      	cmpeq	r1, r2
34180c2e:	d12e      	bne.n	34180c8e <test_pair+0xe2>
34180c30:	e9dd 140a 	ldrd	r1, r4, [sp, #40]	@ 0x28
34180c34:	e9dd 2010 	ldrd	r2, r0, [sp, #64]	@ 0x40
34180c38:	4284      	cmp	r4, r0
34180c3a:	bf08      	it	eq
34180c3c:	4291      	cmpeq	r1, r2
34180c3e:	f04f 0300 	mov.w	r3, #0
34180c42:	bf18      	it	ne
34180c44:	2502      	movne	r5, #2
34180c46:	d114      	bne.n	34180c72 <test_pair+0xc6>
34180c48:	4618      	mov	r0, r3
34180c4a:	b012      	add	sp, #72	@ 0x48
34180c4c:	bd70      	pop	{r4, r5, r6, pc}
34180c4e:	2400      	movs	r4, #0
34180c50:	e9cd 1002 	strd	r1, r0, [sp, #8]
34180c54:	9204      	str	r2, [sp, #16]
34180c56:	4633      	mov	r3, r6
34180c58:	e9cd 4500 	strd	r4, r5, [sp]
34180c5c:	4a0d      	ldr	r2, [pc, #52]	@ (34180c94 <test_pair+0xe8>)
34180c5e:	490e      	ldr	r1, [pc, #56]	@ (34180c98 <test_pair+0xec>)
34180c60:	480e      	ldr	r0, [pc, #56]	@ (34180c9c <test_pair+0xf0>)
34180c62:	f003 fba5 	bl	341843b0 <printf>
34180c66:	f04f 33ff 	mov.w	r3, #4294967295	@ 0xffffffff
34180c6a:	4618      	mov	r0, r3
34180c6c:	b012      	add	sp, #72	@ 0x48
34180c6e:	bd70      	pop	{r4, r5, r6, pc}
34180c70:	2500      	movs	r5, #0
34180c72:	e9cd 1002 	strd	r1, r0, [sp, #8]
34180c76:	9204      	str	r2, [sp, #16]
34180c78:	4633      	mov	r3, r6
34180c7a:	e9cd 5400 	strd	r5, r4, [sp]
34180c7e:	4a08      	ldr	r2, [pc, #32]	@ (34180ca0 <test_pair+0xf4>)
34180c80:	4905      	ldr	r1, [pc, #20]	@ (34180c98 <test_pair+0xec>)
34180c82:	4806      	ldr	r0, [pc, #24]	@ (34180c9c <test_pair+0xf0>)
34180c84:	f003 fb94 	bl	341843b0 <printf>
34180c88:	e7ed      	b.n	34180c66 <test_pair+0xba>
34180c8a:	2401      	movs	r4, #1
34180c8c:	e7e0      	b.n	34180c50 <test_pair+0xa4>
34180c8e:	2501      	movs	r5, #1
34180c90:	e7ef      	b.n	34180c72 <test_pair+0xc6>
34180c92:	bf00      	nop
34180c94:	3418b0e4 	.word	0x3418b0e4
34180c98:	3418b088 	.word	0x3418b088
34180c9c:	3418b090 	.word	0x3418b090
34180ca0:	3418b0e8 	.word	0x3418b0e8

34180ca4 <main>:
34180ca4:	e92d 4ff0 	stmdb	sp!, {r4, r5, r6, r7, r8, r9, sl, fp, lr}
34180ca8:	2400      	movs	r4, #0
34180caa:	f5ad 5d9b 	sub.w	sp, sp, #4960	@ 0x1360
34180cae:	b085      	sub	sp, #20
34180cb0:	f10d 0920 	add.w	r9, sp, #32
34180cb4:	a80e      	add	r0, sp, #56	@ 0x38
34180cb6:	e9c9 4400 	strd	r4, r4, [r9]
34180cba:	e9c9 4402 	strd	r4, r4, [r9, #8]
34180cbe:	e9c9 4404 	strd	r4, r4, [r9, #16]
34180cc2:	e9cd 440e 	strd	r4, r4, [sp, #56]	@ 0x38
34180cc6:	e9cd 4410 	strd	r4, r4, [sp, #64]	@ 0x40
34180cca:	e9cd 4412 	strd	r4, r4, [sp, #72]	@ 0x48
34180cce:	f7ff fd61 	bl	34180794 <fill_random>
34180cd2:	4622      	mov	r2, r4
34180cd4:	4648      	mov	r0, r9
34180cd6:	a90e      	add	r1, sp, #56	@ 0x38
34180cd8:	f7ff ff68 	bl	34180bac <test_pair>
34180cdc:	b130      	cbz	r0, 34180cec <main+0x48>
34180cde:	2501      	movs	r5, #1
34180ce0:	4628      	mov	r0, r5
34180ce2:	f50d 5d9b 	add.w	sp, sp, #4960	@ 0x1360
34180ce6:	b005      	add	sp, #20
34180ce8:	e8bd 8ff0 	ldmia.w	sp!, {r4, r5, r6, r7, r8, r9, sl, fp, pc}
34180cec:	2401      	movs	r4, #1
34180cee:	2500      	movs	r5, #0
34180cf0:	2201      	movs	r2, #1
34180cf2:	4648      	mov	r0, r9
34180cf4:	a90e      	add	r1, sp, #56	@ 0x38
34180cf6:	46cb      	mov	fp, r9
34180cf8:	e9cd 4508 	strd	r4, r5, [sp, #32]
34180cfc:	f7ff ff56 	bl	34180bac <test_pair>
34180d00:	2800      	cmp	r0, #0
34180d02:	d1ec      	bne.n	34180cde <main+0x3a>
34180d04:	f04f 33ff 	mov.w	r3, #4294967295	@ 0xffffffff
34180d08:	2202      	movs	r2, #2
34180d0a:	4648      	mov	r0, r9
34180d0c:	a90e      	add	r1, sp, #56	@ 0x38
34180d0e:	9308      	str	r3, [sp, #32]
34180d10:	e9cd 330e 	strd	r3, r3, [sp, #56]	@ 0x38
34180d14:	e9c9 3301 	strd	r3, r3, [r9, #4]
34180d18:	e9c9 3303 	strd	r3, r3, [r9, #12]
34180d1c:	e9cd 3310 	strd	r3, r3, [sp, #64]	@ 0x40
34180d20:	e9cd 3312 	strd	r3, r3, [sp, #72]	@ 0x48
34180d24:	f8c9 3014 	str.w	r3, [r9, #20]
34180d28:	f7ff ff40 	bl	34180bac <test_pair>
34180d2c:	4680      	mov	r8, r0
34180d2e:	2800      	cmp	r0, #0
34180d30:	d1d5      	bne.n	34180cde <main+0x3a>
34180d32:	a80e      	add	r0, sp, #56	@ 0x38
34180d34:	f7ff fd2e 	bl	34180794 <fill_random>
34180d38:	f04f 0a03 	mov.w	sl, #3
34180d3c:	e9cd 4500 	strd	r4, r5, [sp]
34180d40:	4645      	mov	r5, r8
34180d42:	e9dd 6700 	ldrd	r6, r7, [sp]
34180d46:	f1aa 0303 	sub.w	r3, sl, #3
34180d4a:	f003 023f 	and.w	r2, r3, #63	@ 0x3f
34180d4e:	ea56 270d 	lsll	r6, r7, r2
34180d52:	099b      	lsrs	r3, r3, #6
34180d54:	4652      	mov	r2, sl
34180d56:	eb09 03c3 	add.w	r3, r9, r3, lsl #3
34180d5a:	4658      	mov	r0, fp
34180d5c:	a90e      	add	r1, sp, #56	@ 0x38
34180d5e:	e9cb 5500 	strd	r5, r5, [fp]
34180d62:	e9cb 5502 	strd	r5, r5, [fp, #8]
34180d66:	e9cb 5504 	strd	r5, r5, [fp, #16]
34180d6a:	e9c3 6700 	strd	r6, r7, [r3]
34180d6e:	f7ff ff1d 	bl	34180bac <test_pair>
34180d72:	f10a 0a01 	add.w	sl, sl, #1
34180d76:	2800      	cmp	r0, #0
34180d78:	d1b1      	bne.n	34180cde <main+0x3a>
34180d7a:	f1ba 0fc3 	cmp.w	sl, #195	@ 0xc3
34180d7e:	d1e0      	bne.n	34180d42 <main+0x9e>
34180d80:	f240 1443 	movw	r4, #323	@ 0x143
34180d84:	4658      	mov	r0, fp
34180d86:	f7ff fd05 	bl	34180794 <fill_random>
34180d8a:	a80e      	add	r0, sp, #56	@ 0x38
34180d8c:	f7ff fd02 	bl	34180794 <fill_random>
34180d90:	4652      	mov	r2, sl
34180d92:	4658      	mov	r0, fp
34180d94:	a90e      	add	r1, sp, #56	@ 0x38
34180d96:	f7ff ff09 	bl	34180bac <test_pair>
34180d9a:	f10a 0a01 	add.w	sl, sl, #1
34180d9e:	2800      	cmp	r0, #0
34180da0:	d19d      	bne.n	34180cde <main+0x3a>
34180da2:	45a2      	cmp	sl, r4
34180da4:	d1ee      	bne.n	34180d84 <main+0xe0>
34180da6:	4604      	mov	r4, r0
34180da8:	ad5c      	add	r5, sp, #368	@ 0x170
34180daa:	4628      	mov	r0, r5
34180dac:	3401      	adds	r4, #1
34180dae:	f7ff fcf1 	bl	34180794 <fill_random>
34180db2:	2cc0      	cmp	r4, #192	@ 0xc0
34180db4:	f105 0518 	add.w	r5, r5, #24
34180db8:	d1f7      	bne.n	34180daa <main+0x106>
34180dba:	2400      	movs	r4, #0
34180dbc:	4658      	mov	r0, fp
34180dbe:	f7ff fce9 	bl	34180794 <fill_random>
34180dc2:	f240 2e3d 	movw	lr, #573	@ 0x23d
34180dc6:	f04f 0c00 	mov.w	ip, #0
34180dca:	4ba0      	ldr	r3, [pc, #640]	@ (3418104c <main+0x3a8>)
34180dcc:	27c0      	movs	r7, #192	@ 0xc0
34180dce:	fb03 fe0e 	mul.w	lr, r3, lr
34180dd2:	f02e 4e60 	bic.w	lr, lr, #3758096384	@ 0xe0000000
34180dd6:	f10e 0e01 	add.w	lr, lr, #1
34180dda:	f04e e001 	dls	lr, lr
34180dde:	46e1      	mov	r9, ip
34180de0:	46e0      	mov	r8, ip
34180de2:	46e2      	mov	sl, ip
34180de4:	aa5c      	add	r2, sp, #368	@ 0x170
34180de6:	f8cd c000 	str.w	ip, [sp]
34180dea:	f8cd c00c 	str.w	ip, [sp, #12]
34180dee:	9407      	str	r4, [sp, #28]
34180df0:	f1c7 01c0 	rsb	r1, r7, #192	@ 0xc0
34180df4:	f50d 509b 	add.w	r0, sp, #4960	@ 0x1360
34180df8:	098b      	lsrs	r3, r1, #6
34180dfa:	3010      	adds	r0, #16
34180dfc:	f001 013f 	and.w	r1, r1, #63	@ 0x3f
34180e00:	eb00 03c3 	add.w	r3, r0, r3, lsl #3
34180e04:	f5a3 539a 	sub.w	r3, r3, #4928	@ 0x1340
34180e08:	f1c1 0020 	rsb	r0, r1, #32
34180e0c:	e953 3404 	ldrd	r3, r4, [r3, #-16]
34180e10:	fa04 f000 	lsl.w	r0, r4, r0
34180e14:	40cb      	lsrs	r3, r1
34180e16:	3920      	subs	r1, #32
34180e18:	fa24 f101 	lsr.w	r1, r4, r1
34180e1c:	4303      	orrs	r3, r0
34180e1e:	430b      	orrs	r3, r1
34180e20:	6891      	ldr	r1, [r2, #8]
34180e22:	6910      	ldr	r0, [r2, #16]
34180e24:	9104      	str	r1, [sp, #16]
34180e26:	68d1      	ldr	r1, [r2, #12]
34180e28:	9006      	str	r0, [sp, #24]
34180e2a:	9105      	str	r1, [sp, #20]
34180e2c:	f343 0100 	sbfx	r1, r3, #0, #1
34180e30:	460b      	mov	r3, r1
34180e32:	e9d2 5400 	ldrd	r5, r4, [r2]
34180e36:	9800      	ldr	r0, [sp, #0]
34180e38:	400d      	ands	r5, r1
34180e3a:	4068      	eors	r0, r5
34180e3c:	9000      	str	r0, [sp, #0]
34180e3e:	9803      	ldr	r0, [sp, #12]
34180e40:	400c      	ands	r4, r1
34180e42:	4060      	eors	r0, r4
34180e44:	9003      	str	r0, [sp, #12]
34180e46:	9c06      	ldr	r4, [sp, #24]
34180e48:	9804      	ldr	r0, [sp, #16]
34180e4a:	6956      	ldr	r6, [r2, #20]
34180e4c:	4008      	ands	r0, r1
34180e4e:	4021      	ands	r1, r4
34180e50:	ea81 0c0c 	eor.w	ip, r1, ip
34180e54:	9905      	ldr	r1, [sp, #20]
34180e56:	3f01      	subs	r7, #1
34180e58:	4019      	ands	r1, r3
34180e5a:	4033      	ands	r3, r6
34180e5c:	3218      	adds	r2, #24
34180e5e:	ea80 0808 	eor.w	r8, r0, r8
34180e62:	ea81 0a0a 	eor.w	sl, r1, sl
34180e66:	ea83 0909 	eor.w	r9, r3, r9
34180e6a:	f00f c83f 	le	lr, 34180df0 <main+0x14c>
34180e6e:	9b00      	ldr	r3, [sp, #0]
34180e70:	9c07      	ldr	r4, [sp, #28]
34180e72:	9314      	str	r3, [sp, #80]	@ 0x50
34180e74:	9b03      	ldr	r3, [sp, #12]
34180e76:	4659      	mov	r1, fp
34180e78:	aa5c      	add	r2, sp, #368	@ 0x170
34180e7a:	a820      	add	r0, sp, #128	@ 0x80
34180e7c:	e9cd 3815 	strd	r3, r8, [sp, #84]	@ 0x54
34180e80:	e9cd ac17 	strd	sl, ip, [sp, #92]	@ 0x5c
34180e84:	f8cd 9064 	str.w	r9, [sp, #100]	@ 0x64
34180e88:	f001 f912 	bl	341820b0 <samsungsds_aimer_192f_ref_gf_mat_vec_mul>
34180e8c:	4621      	mov	r1, r4
34180e8e:	4870      	ldr	r0, [pc, #448]	@ (34181050 <main+0x3ac>)
34180e90:	ab20      	add	r3, sp, #128	@ 0x80
34180e92:	aa14      	add	r2, sp, #80	@ 0x50
34180e94:	f7ff fcd6 	bl	34180844 <compare>
34180e98:	4605      	mov	r5, r0
34180e9a:	2800      	cmp	r0, #0
34180e9c:	f47f af1f 	bne.w	34180cde <main+0x3a>
34180ea0:	a80e      	add	r0, sp, #56	@ 0x38
34180ea2:	f7ff fc77 	bl	34180794 <fill_random>
34180ea6:	ae0e      	add	r6, sp, #56	@ 0x38
34180ea8:	46ac      	mov	ip, r5
34180eaa:	a81a      	add	r0, sp, #104	@ 0x68
34180eac:	ad14      	add	r5, sp, #80	@ 0x50
34180eae:	a920      	add	r1, sp, #128	@ 0x80
34180eb0:	6832      	ldr	r2, [r6, #0]
34180eb2:	682f      	ldr	r7, [r5, #0]
34180eb4:	600a      	str	r2, [r1, #0]
34180eb6:	407a      	eors	r2, r7
34180eb8:	6873      	ldr	r3, [r6, #4]
34180eba:	6002      	str	r2, [r0, #0]
34180ebc:	686a      	ldr	r2, [r5, #4]
34180ebe:	f10c 0c01 	add.w	ip, ip, #1
34180ec2:	604b      	str	r3, [r1, #4]
34180ec4:	f1bc 0f03 	cmp.w	ip, #3
34180ec8:	ea83 0302 	eor.w	r3, r3, r2
34180ecc:	6043      	str	r3, [r0, #4]
34180ece:	f106 0608 	add.w	r6, r6, #8
34180ed2:	f101 0108 	add.w	r1, r1, #8
34180ed6:	f105 0508 	add.w	r5, r5, #8
34180eda:	f100 0008 	add.w	r0, r0, #8
34180ede:	d1e7      	bne.n	34180eb0 <main+0x20c>
34180ee0:	4659      	mov	r1, fp
34180ee2:	aa5c      	add	r2, sp, #368	@ 0x170
34180ee4:	a820      	add	r0, sp, #128	@ 0x80
34180ee6:	f000 fd83 	bl	341819f0 <samsungsds_aimer_192f_ref_gf_mat_vec_mul_add>
34180eea:	4621      	mov	r1, r4
34180eec:	4859      	ldr	r0, [pc, #356]	@ (34181054 <main+0x3b0>)
34180eee:	ab20      	add	r3, sp, #128	@ 0x80
34180ef0:	aa1a      	add	r2, sp, #104	@ 0x68
34180ef2:	f7ff fca7 	bl	34180844 <compare>
34180ef6:	2800      	cmp	r0, #0
34180ef8:	f47f aef1 	bne.w	34180cde <main+0x3a>
34180efc:	3401      	adds	r4, #1
34180efe:	2c10      	cmp	r4, #16
34180f00:	f47f af5c 	bne.w	34180dbc <main+0x118>
34180f04:	4605      	mov	r5, r0
34180f06:	ae2c      	add	r6, sp, #176	@ 0xb0
34180f08:	f50d 7a88 	add.w	sl, sp, #272	@ 0x110
34180f0c:	a826      	add	r0, sp, #152	@ 0x98
34180f0e:	f7ff fc41 	bl	34180794 <fill_random>
34180f12:	2400      	movs	r4, #0
34180f14:	46b0      	mov	r8, r6
34180f16:	4637      	mov	r7, r6
34180f18:	4638      	mov	r0, r7
34180f1a:	3401      	adds	r4, #1
34180f1c:	f7ff fc3a 	bl	34180794 <fill_random>
34180f20:	2c04      	cmp	r4, #4
34180f22:	f107 0718 	add.w	r7, r7, #24
34180f26:	d1f7      	bne.n	34180f18 <main+0x274>
34180f28:	4623      	mov	r3, r4
34180f2a:	4631      	mov	r1, r6
34180f2c:	4650      	mov	r0, sl
34180f2e:	aa26      	add	r2, sp, #152	@ 0x98
34180f30:	f000 f98a 	bl	34181248 <m55_gf_mul_const_batch4>
34180f34:	2400      	movs	r4, #0
34180f36:	4657      	mov	r7, sl
34180f38:	4641      	mov	r1, r8
34180f3a:	aa26      	add	r2, sp, #152	@ 0x98
34180f3c:	a814      	add	r0, sp, #80	@ 0x50
34180f3e:	f7ff fcbb 	bl	341808b8 <generic_mul>
34180f42:	463b      	mov	r3, r7
34180f44:	1929      	adds	r1, r5, r4
34180f46:	4844      	ldr	r0, [pc, #272]	@ (34181058 <main+0x3b4>)
34180f48:	aa14      	add	r2, sp, #80	@ 0x50
34180f4a:	f7ff fc7b 	bl	34180844 <compare>
34180f4e:	3401      	adds	r4, #1
34180f50:	f108 0818 	add.w	r8, r8, #24
34180f54:	3718      	adds	r7, #24
34180f56:	2800      	cmp	r0, #0
34180f58:	f47f aec1 	bne.w	34180cde <main+0x3a>
34180f5c:	2c04      	cmp	r4, #4
34180f5e:	d1eb      	bne.n	34180f38 <main+0x294>
34180f60:	3504      	adds	r5, #4
34180f62:	2d40      	cmp	r5, #64	@ 0x40
34180f64:	d1d2      	bne.n	34180f0c <main+0x268>
34180f66:	4604      	mov	r4, r0
34180f68:	230d      	movs	r3, #13
34180f6a:	fbb4 f5f3 	udiv	r5, r4, r3
34180f6e:	2700      	movs	r7, #0
34180f70:	fb03 4515 	mls	r5, r3, r5, r4
34180f74:	f004 0803 	and.w	r8, r4, #3
34180f78:	f108 0801 	add.w	r8, r8, #1
34180f7c:	3501      	adds	r5, #1
34180f7e:	19f0      	adds	r0, r6, r7
34180f80:	f7ff fc08 	bl	34180794 <fill_random>
34180f84:	eb0a 0007 	add.w	r0, sl, r7
34180f88:	3718      	adds	r7, #24
34180f8a:	f000 fced 	bl	34181968 <samsungsds_aimer_192f_ref_gf_set0>
34180f8e:	2f60      	cmp	r7, #96	@ 0x60
34180f90:	d1f5      	bne.n	34180f7e <main+0x2da>
34180f92:	2700      	movs	r7, #0
34180f94:	4643      	mov	r3, r8
34180f96:	462a      	mov	r2, r5
34180f98:	4631      	mov	r1, r6
34180f9a:	4650      	mov	r0, sl
34180f9c:	f000 fb32 	bl	34181604 <m55_gf_frobenius_batch4>
34180fa0:	00a3      	lsls	r3, r4, #2
34180fa2:	9300      	str	r3, [sp, #0]
34180fa4:	9403      	str	r4, [sp, #12]
34180fa6:	2318      	movs	r3, #24
34180fa8:	fb03 f907 	mul.w	r9, r3, r7
34180fac:	a814      	add	r0, sp, #80	@ 0x50
34180fae:	eb06 0109 	add.w	r1, r6, r9
34180fb2:	f000 fce3 	bl	3418197c <samsungsds_aimer_192f_ref_gf_copy>
34180fb6:	2400      	movs	r4, #0
34180fb8:	aa14      	add	r2, sp, #80	@ 0x50
34180fba:	4611      	mov	r1, r2
34180fbc:	4610      	mov	r0, r2
34180fbe:	3401      	adds	r4, #1
34180fc0:	f7ff fc7a 	bl	341808b8 <generic_mul>
34180fc4:	42a5      	cmp	r5, r4
34180fc6:	d8f7      	bhi.n	34180fb8 <main+0x314>
34180fc8:	9900      	ldr	r1, [sp, #0]
34180fca:	4824      	ldr	r0, [pc, #144]	@ (3418105c <main+0x3b8>)
34180fcc:	eb0a 0309 	add.w	r3, sl, r9
34180fd0:	aa14      	add	r2, sp, #80	@ 0x50
34180fd2:	4439      	add	r1, r7
34180fd4:	f7ff fc36 	bl	34180844 <compare>
34180fd8:	2800      	cmp	r0, #0
34180fda:	f47f ae80 	bne.w	34180cde <main+0x3a>
34180fde:	3701      	adds	r7, #1
34180fe0:	45b8      	cmp	r8, r7
34180fe2:	d8e0      	bhi.n	34180fa6 <main+0x302>
34180fe4:	9c03      	ldr	r4, [sp, #12]
34180fe6:	3401      	adds	r4, #1
34180fe8:	2c10      	cmp	r4, #16
34180fea:	d1bd      	bne.n	34180f68 <main+0x2c4>
34180fec:	4680      	mov	r8, r0
34180fee:	2601      	movs	r6, #1
34180ff0:	2700      	movs	r7, #0
34180ff2:	4658      	mov	r0, fp
34180ff4:	f7ff fbce 	bl	34180794 <fill_random>
34180ff8:	9b08      	ldr	r3, [sp, #32]
34180ffa:	4659      	mov	r1, fp
34180ffc:	f043 0301 	orr.w	r3, r3, #1
34181000:	a80e      	add	r0, sp, #56	@ 0x38
34181002:	9308      	str	r3, [sp, #32]
34181004:	f000 fcc8 	bl	34181998 <samsungsds_aimer_192f_ref_gf_inv>
34181008:	4659      	mov	r1, fp
3418100a:	aa0e      	add	r2, sp, #56	@ 0x38
3418100c:	a820      	add	r0, sp, #128	@ 0x80
3418100e:	f000 fe0f 	bl	34181c30 <samsungsds_aimer_192f_ref_gf_mul>
34181012:	2300      	movs	r3, #0
34181014:	4641      	mov	r1, r8
34181016:	e9cd 3316 	strd	r3, r3, [sp, #88]	@ 0x58
3418101a:	e9cd 3318 	strd	r3, r3, [sp, #96]	@ 0x60
3418101e:	4810      	ldr	r0, [pc, #64]	@ (34181060 <main+0x3bc>)
34181020:	ab20      	add	r3, sp, #128	@ 0x80
34181022:	aa14      	add	r2, sp, #80	@ 0x50
34181024:	e9cd 6714 	strd	r6, r7, [sp, #80]	@ 0x50
34181028:	f7ff fc0c 	bl	34180844 <compare>
3418102c:	f108 0801 	add.w	r8, r8, #1
34181030:	4605      	mov	r5, r0
34181032:	2800      	cmp	r0, #0
34181034:	f47f ae53 	bne.w	34180cde <main+0x3a>
34181038:	f1b8 0f04 	cmp.w	r8, #4
3418103c:	d1d9      	bne.n	34180ff2 <main+0x34e>
3418103e:	f240 1243 	movw	r2, #323	@ 0x143
34181042:	4908      	ldr	r1, [pc, #32]	@ (34181064 <main+0x3c0>)
34181044:	4808      	ldr	r0, [pc, #32]	@ (34181068 <main+0x3c4>)
34181046:	f003 f9b3 	bl	341843b0 <printf>
3418104a:	e649      	b.n	34180ce0 <main+0x3c>
3418104c:	0aaaaaab 	.word	0x0aaaaaab
34181050:	3418b0ec 	.word	0x3418b0ec
34181054:	3418b0f4 	.word	0x3418b0f4
34181058:	3418b100 	.word	0x3418b100
3418105c:	3418b108 	.word	0x3418b108
34181060:	3418b11c 	.word	0x3418b11c
34181064:	3418b088 	.word	0x3418b088
34181068:	3418b120 	.word	0x3418b120

3418106c <m55_square_reduce_batch4>:
3418106c:	ed90 7e80 	vldrh.u16	q3, [r0, #0]
34181070:	4603      	mov	r3, r0
34181072:	e92d 47f0 	stmdb	sp!, {r4, r5, r6, r7, r8, r9, sl, lr}
34181076:	ed2d 8b10 	vpush	{d8-d15}
3418107a:	edb3 3e88 	vldrh.u16	q1, [r3, #16]!
3418107e:	4680      	mov	r8, r0
34181080:	4607      	mov	r7, r0
34181082:	4605      	mov	r5, r0
34181084:	fe37 5e06 	vmullt.p16	q2, q3, q3
34181088:	fe37 6e06 	vmullb.p16	q3, q3, q3
3418108c:	b0e0      	sub	sp, #384	@ 0x180
3418108e:	edb5 bea8 	vldrh.u16	q5, [r5, #80]!
34181092:	fe33 0e02 	vmullb.p16	q0, q1, q1
34181096:	ed8d 7f00 	vstrw.32	q3, [sp, #0]
3418109a:	ed8d 5f08 	vstrw.32	q2, [sp, #32]
3418109e:	edb7 7e98 	vldrh.u16	q3, [r7, #48]!
341810a2:	fe33 3e02 	vmullt.p16	q1, q1, q1
341810a6:	ed8d 5f34 	vstrw.32	q2, [sp, #208]
341810aa:	edb8 5e90 	vldrh.u16	q2, [r8, #32]!
341810ae:	2250      	movs	r2, #80	@ 0x50
341810b0:	4606      	mov	r6, r0
341810b2:	fe35 ee04 	vmullb.p16	q7, q2, q2
341810b6:	ed8d 1f0c 	vstrw.32	q0, [sp, #48]
341810ba:	ed8d 1f38 	vstrw.32	q0, [sp, #224]
341810be:	ed8d 3f10 	vstrw.32	q1, [sp, #64]
341810c2:	fe3b 0e0a 	vmullb.p16	q0, q5, q5
341810c6:	ed8d 3f3c 	vstrw.32	q1, [sp, #240]
341810ca:	fe35 3e04 	vmullt.p16	q1, q2, q2
341810ce:	fe37 4e06 	vmullb.p16	q2, q3, q3
341810d2:	fe37 7e06 	vmullt.p16	q3, q3, q3
341810d6:	4604      	mov	r4, r0
341810d8:	a934      	add	r1, sp, #208	@ 0xd0
341810da:	4618      	mov	r0, r3
341810dc:	eb0d 0302 	add.w	r3, sp, r2
341810e0:	ff80 8857 	vmov.i16	q4, #135	@ 0x0087
341810e4:	edb6 dea0 	vldrh.u16	q6, [r6, #64]!
341810e8:	ed83 ff00 	vstrw.32	q7, [r3, #0]
341810ec:	ed8d ff40 	vstrw.32	q7, [sp, #256]
341810f0:	ed8d 3f18 	vstrw.32	q1, [sp, #96]
341810f4:	ed8d 3f44 	vstrw.32	q1, [sp, #272]
341810f8:	ed8d 5ec0 	vstrh.16	q2, [sp, #128]
341810fc:	ed8d 7e88 	vstrh.16	q3, [sp, #16]
34181100:	ed8d 1eb8 	vstrh.16	q0, [sp, #112]
34181104:	f003 fc44 	bl	34184990 <memcpy>
34181108:	ed9d 5ec0 	vldrh.u16	q2, [sp, #128]
3418110c:	fe3d ee0c 	vmullb.p16	q7, q6, q6
34181110:	fe35 3e08 	vmullt.p16	q1, q2, q4
34181114:	ed9d 7f00 	vldrw.u32	q3, [sp, #0]
34181118:	fe35 4e08 	vmullb.p16	q2, q2, q4
3418111c:	fe3f 1e08 	vmullt.p16	q0, q7, q4
34181120:	ff06 6154 	veor	q3, q3, q2
34181124:	fe3f ee08 	vmullb.p16	q7, q7, q4
34181128:	fe3d de0c 	vmullt.p16	q6, q6, q6
3418112c:	ed8d 7f20 	vstrw.32	q3, [sp, #128]
34181130:	ed8d ff24 	vstrw.32	q7, [sp, #144]
34181134:	ed9d 7e88 	vldrh.u16	q3, [sp, #16]
34181138:	fe3d fe08 	vmullt.p16	q7, q6, q4
3418113c:	ed8d 1f04 	vstrw.32	q0, [sp, #16]
34181140:	fe3d ce08 	vmullb.p16	q6, q6, q4
34181144:	ed9d 1eb8 	vldrh.u16	q0, [sp, #112]
34181148:	ed8d df28 	vstrw.32	q6, [sp, #160]
3418114c:	fe3b be0a 	vmullt.p16	q5, q5, q5
34181150:	fe31 de08 	vmullt.p16	q6, q0, q4
34181154:	fe31 0e08 	vmullb.p16	q0, q0, q4
34181158:	fe37 5e08 	vmullt.p16	q2, q3, q4
3418115c:	ed8d 1f2c 	vstrw.32	q0, [sp, #176]
34181160:	fe3b 1e08 	vmullt.p16	q0, q5, q4
34181164:	fe3b ae08 	vmullb.p16	q5, q5, q4
34181168:	ed8d 5f00 	vstrw.32	q2, [sp, #0]
3418116c:	ed8d bf1c 	vstrw.32	q5, [sp, #112]
34181170:	ed9d 5f08 	vldrw.u32	q2, [sp, #32]
34181174:	ffb0 a052 	vshr.u32	q5, q1, #16
34181178:	fe37 6e08 	vmullb.p16	q3, q3, q4
3418117c:	ff04 a15a 	veor	q5, q2, q5
34181180:	efb0 2552 	vshl.i32	q1, q1, #16
34181184:	ff0a a156 	veor	q5, q5, q3
34181188:	ed9d 7f20 	vldrw.u32	q3, [sp, #128]
3418118c:	ff06 2152 	veor	q1, q3, q1
34181190:	ed9d 7f00 	vldrw.u32	q3, [sp, #0]
34181194:	ed9d 5f0c 	vldrw.u32	q2, [sp, #48]
34181198:	ffb0 6056 	vshr.u32	q3, q3, #16
3418119c:	ff04 6156 	veor	q3, q2, q3
341811a0:	ed9d 5f24 	vldrw.u32	q2, [sp, #144]
341811a4:	ff06 6154 	veor	q3, q3, q2
341811a8:	ed9d 5f00 	vldrw.u32	q2, [sp, #0]
341811ac:	efb0 4554 	vshl.i32	q2, q2, #16
341811b0:	ff0a a154 	veor	q5, q5, q2
341811b4:	ed9d 5f04 	vldrw.u32	q2, [sp, #16]
341811b8:	ed80 bf00 	vstrw.32	q5, [r0, #0]
341811bc:	ffb0 4054 	vshr.u32	q2, q2, #16
341811c0:	ed9d bf10 	vldrw.u32	q5, [sp, #64]
341811c4:	ff0a 4154 	veor	q2, q5, q2
341811c8:	ed9d bf28 	vldrw.u32	q5, [sp, #160]
341811cc:	ff04 415a 	veor	q2, q2, q5
341811d0:	ed9d bf04 	vldrw.u32	q5, [sp, #16]
341811d4:	efb0 a55a 	vshl.i32	q5, q5, #16
341811d8:	ff06 615a 	veor	q3, q3, q5
341811dc:	ed9d bf14 	vldrw.u32	q5, [sp, #80]
341811e0:	ed88 7f00 	vstrw.32	q3, [r8, #0]
341811e4:	ffb0 605e 	vshr.u32	q3, q7, #16
341811e8:	ff0a 6156 	veor	q3, q5, q3
341811ec:	ed9d bf2c 	vldrw.u32	q5, [sp, #176]
341811f0:	ff06 615a 	veor	q3, q3, q5
341811f4:	efb0 a55e 	vshl.i32	q5, q7, #16
341811f8:	ff04 415a 	veor	q2, q2, q5
341811fc:	ed87 5f00 	vstrw.32	q2, [r7, #0]
34181200:	ffb0 405c 	vshr.u32	q2, q6, #16
34181204:	efb0 c55c 	vshl.i32	q6, q6, #16
34181208:	ed9d bf18 	vldrw.u32	q5, [sp, #96]
3418120c:	ff06 615c 	veor	q3, q3, q6
34181210:	ff0a 4154 	veor	q2, q5, q2
34181214:	ed86 7f00 	vstrw.32	q3, [r6, #0]
34181218:	ed9d bf1c 	vldrw.u32	q5, [sp, #112]
3418121c:	ffb0 6050 	vshr.u32	q3, q0, #16
34181220:	ff04 415a 	veor	q2, q2, q5
34181224:	fe37 6e08 	vmullb.p16	q3, q3, q4
34181228:	efb0 0550 	vshl.i32	q0, q0, #16
3418122c:	ff02 2156 	veor	q1, q1, q3
34181230:	ff04 4150 	veor	q2, q2, q0
34181234:	ed85 5f00 	vstrw.32	q2, [r5, #0]
34181238:	ed84 3f00 	vstrw.32	q1, [r4, #0]
3418123c:	b060      	add	sp, #384	@ 0x180
3418123e:	ecbd 8b10 	vpop	{d8-d15}
34181242:	e8bd 87f0 	ldmia.w	sp!, {r4, r5, r6, r7, r8, r9, sl, pc}
34181246:	bf00      	nop

34181248 <m55_gf_mul_const_batch4>:
34181248:	e92d 41f0 	stmdb	sp!, {r4, r5, r6, r7, r8, lr}
3418124c:	ed2d 8b10 	vpush	{d8-d15}
34181250:	f04f 0c00 	mov.w	ip, #0
34181254:	b0d2      	sub	sp, #328	@ 0x148
34181256:	f20d 143f 	addw	r4, sp, #319	@ 0x13f
3418125a:	f024 040f 	bic.w	r4, r4, #15
3418125e:	4615      	mov	r5, r2
34181260:	e9c4 cc00 	strd	ip, ip, [r4]
34181264:	461a      	mov	r2, r3
34181266:	e9c4 cc02 	strd	ip, ip, [r4, #8]
3418126a:	2b00      	cmp	r3, #0
3418126c:	f000 81b9 	beq.w	341815e2 <m55_gf_mul_const_batch4+0x39a>
34181270:	680b      	ldr	r3, [r1, #0]
34181272:	2a01      	cmp	r2, #1
34181274:	6023      	str	r3, [r4, #0]
34181276:	684b      	ldr	r3, [r1, #4]
34181278:	d009      	beq.n	3418128e <m55_gf_mul_const_batch4+0x46>
3418127a:	698e      	ldr	r6, [r1, #24]
3418127c:	2a02      	cmp	r2, #2
3418127e:	6066      	str	r6, [r4, #4]
34181280:	d005      	beq.n	3418128e <m55_gf_mul_const_batch4+0x46>
34181282:	6b0e      	ldr	r6, [r1, #48]	@ 0x30
34181284:	2a03      	cmp	r2, #3
34181286:	60a6      	str	r6, [r4, #8]
34181288:	bf1c      	itt	ne
3418128a:	6c8e      	ldrne	r6, [r1, #72]	@ 0x48
3418128c:	60e6      	strne	r6, [r4, #12]
3418128e:	ed94 3f00 	vldrw.u32	q1, [r4, #0]
34181292:	ef80 6050 	vmov.i32	q3, #0	@ 0x00000000
34181296:	6023      	str	r3, [r4, #0]
34181298:	2300      	movs	r3, #0
3418129a:	2a01      	cmp	r2, #1
3418129c:	ed8d 7f34 	vstrw.32	q3, [sp, #208]
341812a0:	e9c4 3301 	strd	r3, r3, [r4, #4]
341812a4:	60e3      	str	r3, [r4, #12]
341812a6:	d009      	beq.n	341812bc <m55_gf_mul_const_batch4+0x74>
341812a8:	69cb      	ldr	r3, [r1, #28]
341812aa:	2a02      	cmp	r2, #2
341812ac:	6063      	str	r3, [r4, #4]
341812ae:	d005      	beq.n	341812bc <m55_gf_mul_const_batch4+0x74>
341812b0:	6b4b      	ldr	r3, [r1, #52]	@ 0x34
341812b2:	2a03      	cmp	r2, #3
341812b4:	60a3      	str	r3, [r4, #8]
341812b6:	bf1c      	itt	ne
341812b8:	6ccb      	ldrne	r3, [r1, #76]	@ 0x4c
341812ba:	60e3      	strne	r3, [r4, #12]
341812bc:	2300      	movs	r3, #0
341812be:	688e      	ldr	r6, [r1, #8]
341812c0:	2a01      	cmp	r2, #1
341812c2:	ed94 9f00 	vldrw.u32	q4, [r4, #0]
341812c6:	f8d1 c00c 	ldr.w	ip, [r1, #12]
341812ca:	e9c4 3301 	strd	r3, r3, [r4, #4]
341812ce:	6026      	str	r6, [r4, #0]
341812d0:	60e3      	str	r3, [r4, #12]
341812d2:	d009      	beq.n	341812e8 <m55_gf_mul_const_batch4+0xa0>
341812d4:	6a0b      	ldr	r3, [r1, #32]
341812d6:	2a02      	cmp	r2, #2
341812d8:	6063      	str	r3, [r4, #4]
341812da:	d005      	beq.n	341812e8 <m55_gf_mul_const_batch4+0xa0>
341812dc:	6b8b      	ldr	r3, [r1, #56]	@ 0x38
341812de:	2a03      	cmp	r2, #3
341812e0:	60a3      	str	r3, [r4, #8]
341812e2:	bf1c      	itt	ne
341812e4:	6d0b      	ldrne	r3, [r1, #80]	@ 0x50
341812e6:	60e3      	strne	r3, [r4, #12]
341812e8:	2300      	movs	r3, #0
341812ea:	2a01      	cmp	r2, #1
341812ec:	ed94 1f00 	vldrw.u32	q0, [r4, #0]
341812f0:	e9c4 3301 	strd	r3, r3, [r4, #4]
341812f4:	f8c4 c000 	str.w	ip, [r4]
341812f8:	60e3      	str	r3, [r4, #12]
341812fa:	d009      	beq.n	34181310 <m55_gf_mul_const_batch4+0xc8>
341812fc:	6a4b      	ldr	r3, [r1, #36]	@ 0x24
341812fe:	2a02      	cmp	r2, #2
34181300:	6063      	str	r3, [r4, #4]
34181302:	d005      	beq.n	34181310 <m55_gf_mul_const_batch4+0xc8>
34181304:	6bcb      	ldr	r3, [r1, #60]	@ 0x3c
34181306:	2a03      	cmp	r2, #3
34181308:	60a3      	str	r3, [r4, #8]
3418130a:	bf1c      	itt	ne
3418130c:	6d4b      	ldrne	r3, [r1, #84]	@ 0x54
3418130e:	60e3      	strne	r3, [r4, #12]
34181310:	2300      	movs	r3, #0
34181312:	690e      	ldr	r6, [r1, #16]
34181314:	2a01      	cmp	r2, #1
34181316:	ed94 ff00 	vldrw.u32	q7, [r4, #0]
3418131a:	f8d1 c014 	ldr.w	ip, [r1, #20]
3418131e:	e9c4 3301 	strd	r3, r3, [r4, #4]
34181322:	6026      	str	r6, [r4, #0]
34181324:	60e3      	str	r3, [r4, #12]
34181326:	d009      	beq.n	3418133c <m55_gf_mul_const_batch4+0xf4>
34181328:	6a8b      	ldr	r3, [r1, #40]	@ 0x28
3418132a:	2a02      	cmp	r2, #2
3418132c:	6063      	str	r3, [r4, #4]
3418132e:	d005      	beq.n	3418133c <m55_gf_mul_const_batch4+0xf4>
34181330:	6c0b      	ldr	r3, [r1, #64]	@ 0x40
34181332:	2a03      	cmp	r2, #3
34181334:	60a3      	str	r3, [r4, #8]
34181336:	bf1c      	itt	ne
34181338:	6d8b      	ldrne	r3, [r1, #88]	@ 0x58
3418133a:	60e3      	strne	r3, [r4, #12]
3418133c:	2300      	movs	r3, #0
3418133e:	2a01      	cmp	r2, #1
34181340:	ed94 df00 	vldrw.u32	q6, [r4, #0]
34181344:	e9c4 c300 	strd	ip, r3, [r4]
34181348:	e9c4 3302 	strd	r3, r3, [r4, #8]
3418134c:	f000 8141 	beq.w	341815d2 <m55_gf_mul_const_batch4+0x38a>
34181350:	6acb      	ldr	r3, [r1, #44]	@ 0x2c
34181352:	2a02      	cmp	r2, #2
34181354:	6063      	str	r3, [r4, #4]
34181356:	f000 813c 	beq.w	341815d2 <m55_gf_mul_const_batch4+0x38a>
3418135a:	6c4b      	ldr	r3, [r1, #68]	@ 0x44
3418135c:	2a03      	cmp	r2, #3
3418135e:	60a3      	str	r3, [r4, #8]
34181360:	f000 8137 	beq.w	341815d2 <m55_gf_mul_const_batch4+0x38a>
34181364:	6dcb      	ldr	r3, [r1, #92]	@ 0x5c
34181366:	60e3      	str	r3, [r4, #12]
34181368:	ed94 7f00 	vldrw.u32	q3, [r4, #0]
3418136c:	ef80 4050 	vmov.i32	q2, #0	@ 0x00000000
34181370:	f04f 0ec0 	mov.w	lr, #192	@ 0xc0
34181374:	2100      	movs	r1, #0
34181376:	f04e e001 	dls	lr, lr
3418137a:	ed8d 5f18 	vstrw.32	q2, [sp, #96]
3418137e:	ed8d 5f14 	vstrw.32	q2, [sp, #80]
34181382:	ed8d 5f10 	vstrw.32	q2, [sp, #64]
34181386:	ed8d 5f0c 	vstrw.32	q2, [sp, #48]
3418138a:	ed8d 5f04 	vstrw.32	q2, [sp, #16]
3418138e:	ed8d 5f08 	vstrw.32	q2, [sp, #32]
34181392:	ed8d 3f00 	vstrw.32	q1, [sp, #0]
34181396:	ef26 a156 	vmov	q5, q3
3418139a:	ffa1 605a 	vshr.u32	q3, q5, #31
3418139e:	ff80 4057 	vmov.i32	q2, #135	@ 0x00000087
341813a2:	ffb9 63c6 	vneg.s32	q3, q3
341813a6:	ef06 6154 	vand	q3, q3, q2
341813aa:	ffa1 405c 	vshr.u32	q2, q6, #31
341813ae:	ed8d 5f20 	vstrw.32	q2, [sp, #128]
341813b2:	ffa1 405e 	vshr.u32	q2, q7, #31
341813b6:	ed8d 5f24 	vstrw.32	q2, [sp, #144]
341813ba:	ffa1 4050 	vshr.u32	q2, q0, #31
341813be:	ed8d 5f28 	vstrw.32	q2, [sp, #160]
341813c2:	ffa1 4058 	vshr.u32	q2, q4, #31
341813c6:	ed8d 5f2c 	vstrw.32	q2, [sp, #176]
341813ca:	ed9d 5f00 	vldrw.u32	q2, [sp, #0]
341813ce:	098b      	lsrs	r3, r1, #6
341813d0:	eb05 0cc3 	add.w	ip, r5, r3, lsl #3
341813d4:	f001 063f 	and.w	r6, r1, #63	@ 0x3f
341813d8:	f8dc 8004 	ldr.w	r8, [ip, #4]
341813dc:	f855 3033 	ldr.w	r3, [r5, r3, lsl #3]
341813e0:	f1c6 0720 	rsb	r7, r6, #32
341813e4:	f1a6 0c20 	sub.w	ip, r6, #32
341813e8:	40f3      	lsrs	r3, r6
341813ea:	fa08 f707 	lsl.w	r7, r8, r7
341813ee:	433b      	orrs	r3, r7
341813f0:	fa28 fc0c 	lsr.w	ip, r8, ip
341813f4:	ea43 030c 	orr.w	r3, r3, ip
341813f8:	f343 0300 	sbfx	r3, r3, #0, #1
341813fc:	ed8d 7f1c 	vstrw.32	q3, [sp, #112]
34181400:	ffa1 4054 	vshr.u32	q2, q2, #31
34181404:	eea6 3b10 	vdup.32	q3, r3
34181408:	efa1 255a 	vshl.i32	q1, q5, #1
3418140c:	ed8d 5f30 	vstrw.32	q2, [sp, #192]
34181410:	ef0a 4156 	vand	q2, q5, q3
34181414:	ed9d bf20 	vldrw.u32	q5, [sp, #128]
34181418:	ef22 a15a 	vorr	q5, q1, q5
3418141c:	ed9d 3f18 	vldrw.u32	q1, [sp, #96]
34181420:	ff02 2154 	veor	q1, q1, q2
34181424:	ed9d 5f00 	vldrw.u32	q2, [sp, #0]
34181428:	ed8d 3f18 	vstrw.32	q1, [sp, #96]
3418142c:	ef04 4156 	vand	q2, q2, q3
34181430:	ed9d 3f08 	vldrw.u32	q1, [sp, #32]
34181434:	ff02 2154 	veor	q1, q1, q2
34181438:	ed9d 5f00 	vldrw.u32	q2, [sp, #0]
3418143c:	ed8d 3f08 	vstrw.32	q1, [sp, #32]
34181440:	efa1 2554 	vshl.i32	q1, q2, #1
34181444:	ed9d 5f1c 	vldrw.u32	q2, [sp, #112]
34181448:	ff02 4154 	veor	q2, q1, q2
3418144c:	ed9d 3f04 	vldrw.u32	q1, [sp, #16]
34181450:	ed8d 5f00 	vstrw.32	q2, [sp, #0]
34181454:	ef08 4156 	vand	q2, q4, q3
34181458:	efa1 8558 	vshl.i32	q4, q4, #1
3418145c:	ff02 2154 	veor	q1, q1, q2
34181460:	ed9d 5f30 	vldrw.u32	q2, [sp, #192]
34181464:	ed8d 3f04 	vstrw.32	q1, [sp, #16]
34181468:	ef28 8154 	vorr	q4, q4, q2
3418146c:	ed9d 3f0c 	vldrw.u32	q1, [sp, #48]
34181470:	ef00 4156 	vand	q2, q0, q3
34181474:	efa1 0550 	vshl.i32	q0, q0, #1
34181478:	ff02 2154 	veor	q1, q1, q2
3418147c:	ed9d 5f2c 	vldrw.u32	q2, [sp, #176]
34181480:	ed8d 3f0c 	vstrw.32	q1, [sp, #48]
34181484:	ef20 0154 	vorr	q0, q0, q2
34181488:	ed9d 3f10 	vldrw.u32	q1, [sp, #64]
3418148c:	ef0e 4156 	vand	q2, q7, q3
34181490:	ff02 2154 	veor	q1, q1, q2
34181494:	ef0c 6156 	vand	q3, q6, q3
34181498:	ed9d 5f24 	vldrw.u32	q2, [sp, #144]
3418149c:	ed8d 3f10 	vstrw.32	q1, [sp, #64]
341814a0:	efa1 c55c 	vshl.i32	q6, q6, #1
341814a4:	ed9d 3f14 	vldrw.u32	q1, [sp, #80]
341814a8:	ef2c c154 	vorr	q6, q6, q2
341814ac:	ff02 6156 	veor	q3, q1, q3
341814b0:	efa1 e55e 	vshl.i32	q7, q7, #1
341814b4:	ed9d 5f28 	vldrw.u32	q2, [sp, #160]
341814b8:	ed8d 7f14 	vstrw.32	q3, [sp, #80]
341814bc:	ef2e e154 	vorr	q7, q7, q2
341814c0:	3101      	adds	r1, #1
341814c2:	f00f c097 	le	lr, 3418139a <m55_gf_mul_const_batch4+0x152>
341814c6:	ed9d 7f04 	vldrw.u32	q3, [sp, #16]
341814ca:	ed8d 7f38 	vstrw.32	q3, [sp, #224]
341814ce:	ed9d 7f0c 	vldrw.u32	q3, [sp, #48]
341814d2:	ed8d 7f3c 	vstrw.32	q3, [sp, #240]
341814d6:	ed9d 7f10 	vldrw.u32	q3, [sp, #64]
341814da:	ed8d 7f40 	vstrw.32	q3, [sp, #256]
341814de:	ed9d 7f14 	vldrw.u32	q3, [sp, #80]
341814e2:	ed8d 7f44 	vstrw.32	q3, [sp, #272]
341814e6:	ed9d 7f18 	vldrw.u32	q3, [sp, #96]
341814ea:	ed8d 7f48 	vstrw.32	q3, [sp, #288]
341814ee:	ed9d 7f08 	vldrw.u32	q3, [sp, #32]
341814f2:	f10d 0ce0 	add.w	ip, sp, #224	@ 0xe0
341814f6:	ed84 7f00 	vstrw.32	q3, [r4, #0]
341814fa:	2300      	movs	r3, #0
341814fc:	2a00      	cmp	r2, #0
341814fe:	d058      	beq.n	341815b2 <m55_gf_mul_const_batch4+0x36a>
34181500:	f013 0e01 	ands.w	lr, r3, #1
34181504:	ea4f 0153 	mov.w	r1, r3, lsr #1
34181508:	d036      	beq.n	34181578 <m55_gf_mul_const_batch4+0x330>
3418150a:	eb00 0ec1 	add.w	lr, r0, r1, lsl #3
3418150e:	f8de 5004 	ldr.w	r5, [lr, #4]
34181512:	6826      	ldr	r6, [r4, #0]
34181514:	2a01      	cmp	r2, #1
34181516:	ea45 0506 	orr.w	r5, r5, r6
3418151a:	ea4f 01c1 	mov.w	r1, r1, lsl #3
3418151e:	f8ce 5004 	str.w	r5, [lr, #4]
34181522:	d91d      	bls.n	34181560 <m55_gf_mul_const_batch4+0x318>
34181524:	f101 0e18 	add.w	lr, r1, #24
34181528:	4486      	add	lr, r0
3418152a:	f8de 5004 	ldr.w	r5, [lr, #4]
3418152e:	6866      	ldr	r6, [r4, #4]
34181530:	2a02      	cmp	r2, #2
34181532:	ea45 0506 	orr.w	r5, r5, r6
34181536:	f8ce 5004 	str.w	r5, [lr, #4]
3418153a:	d911      	bls.n	34181560 <m55_gf_mul_const_batch4+0x318>
3418153c:	f101 0e30 	add.w	lr, r1, #48	@ 0x30
34181540:	4486      	add	lr, r0
34181542:	f8de 5004 	ldr.w	r5, [lr, #4]
34181546:	68a6      	ldr	r6, [r4, #8]
34181548:	2a03      	cmp	r2, #3
3418154a:	ea45 0506 	orr.w	r5, r5, r6
3418154e:	f8ce 5004 	str.w	r5, [lr, #4]
34181552:	d905      	bls.n	34181560 <m55_gf_mul_const_batch4+0x318>
34181554:	3148      	adds	r1, #72	@ 0x48
34181556:	4401      	add	r1, r0
34181558:	684d      	ldr	r5, [r1, #4]
3418155a:	68e6      	ldr	r6, [r4, #12]
3418155c:	4335      	orrs	r5, r6
3418155e:	604d      	str	r5, [r1, #4]
34181560:	3301      	adds	r3, #1
34181562:	2b06      	cmp	r3, #6
34181564:	d038      	beq.n	341815d8 <m55_gf_mul_const_batch4+0x390>
34181566:	ecbc 7f04 	vldrw.u32	q3, [ip], #16
3418156a:	f013 0e01 	ands.w	lr, r3, #1
3418156e:	ed84 7f00 	vstrw.32	q3, [r4, #0]
34181572:	ea4f 0153 	mov.w	r1, r3, lsr #1
34181576:	d1c8      	bne.n	3418150a <m55_gf_mul_const_batch4+0x2c2>
34181578:	6826      	ldr	r6, [r4, #0]
3418157a:	eb00 05c1 	add.w	r5, r0, r1, lsl #3
3418157e:	2a01      	cmp	r2, #1
34181580:	f840 6031 	str.w	r6, [r0, r1, lsl #3]
34181584:	f8c5 e004 	str.w	lr, [r5, #4]
34181588:	d90d      	bls.n	341815a6 <m55_gf_mul_const_batch4+0x35e>
3418158a:	6861      	ldr	r1, [r4, #4]
3418158c:	2a02      	cmp	r2, #2
3418158e:	e9c5 1e06 	strd	r1, lr, [r5, #24]
34181592:	d908      	bls.n	341815a6 <m55_gf_mul_const_batch4+0x35e>
34181594:	68a1      	ldr	r1, [r4, #8]
34181596:	2a03      	cmp	r2, #3
34181598:	e9c5 1e0c 	strd	r1, lr, [r5, #48]	@ 0x30
3418159c:	d903      	bls.n	341815a6 <m55_gf_mul_const_batch4+0x35e>
3418159e:	68e1      	ldr	r1, [r4, #12]
341815a0:	f8c5 e04c 	str.w	lr, [r5, #76]	@ 0x4c
341815a4:	64a9      	str	r1, [r5, #72]	@ 0x48
341815a6:	ecbc 7f04 	vldrw.u32	q3, [ip], #16
341815aa:	3301      	adds	r3, #1
341815ac:	ed84 7f00 	vstrw.32	q3, [r4, #0]
341815b0:	e7a6      	b.n	34181500 <m55_gf_mul_const_batch4+0x2b8>
341815b2:	ed9c 7f00 	vldrw.u32	q3, [ip, #0]
341815b6:	3202      	adds	r2, #2
341815b8:	2a06      	cmp	r2, #6
341815ba:	f10c 0310 	add.w	r3, ip, #16
341815be:	ed84 7f00 	vstrw.32	q3, [r4, #0]
341815c2:	f10c 0c20 	add.w	ip, ip, #32
341815c6:	d007      	beq.n	341815d8 <m55_gf_mul_const_batch4+0x390>
341815c8:	ed93 7f00 	vldrw.u32	q3, [r3, #0]
341815cc:	ed84 7f00 	vstrw.32	q3, [r4, #0]
341815d0:	e7ef      	b.n	341815b2 <m55_gf_mul_const_batch4+0x36a>
341815d2:	ed94 7f00 	vldrw.u32	q3, [r4, #0]
341815d6:	e6c9      	b.n	3418136c <m55_gf_mul_const_batch4+0x124>
341815d8:	b052      	add	sp, #328	@ 0x148
341815da:	ecbd 8b10 	vpop	{d8-d15}
341815de:	e8bd 81f0 	ldmia.w	sp!, {r4, r5, r6, r7, r8, pc}
341815e2:	ed94 3f00 	vldrw.u32	q1, [r4, #0]
341815e6:	ef80 6050 	vmov.i32	q3, #0	@ 0x00000000
341815ea:	ef22 8152 	vmov	q4, q1
341815ee:	ed8d 7f34 	vstrw.32	q3, [sp, #208]
341815f2:	ef22 0152 	vmov	q0, q1
341815f6:	ef22 6152 	vmov	q3, q1
341815fa:	ef22 e152 	vmov	q7, q1
341815fe:	ef22 c152 	vmov	q6, q1
34181602:	e6b3      	b.n	3418136c <m55_gf_mul_const_batch4+0x124>

34181604 <m55_gf_frobenius_batch4>:
34181604:	e92d 4ff0 	stmdb	sp!, {r4, r5, r6, r7, r8, r9, sl, fp, lr}
34181608:	2700      	movs	r7, #0
3418160a:	b0a3      	sub	sp, #140	@ 0x8c
3418160c:	f10d 047f 	add.w	r4, sp, #127	@ 0x7f
34181610:	f024 040f 	bic.w	r4, r4, #15
34181614:	461e      	mov	r6, r3
34181616:	4605      	mov	r5, r0
34181618:	4690      	mov	r8, r2
3418161a:	e9c4 7700 	strd	r7, r7, [r4]
3418161e:	e9c4 7702 	strd	r7, r7, [r4, #8]
34181622:	2b00      	cmp	r3, #0
34181624:	f000 8160 	beq.w	341818e8 <m55_gf_frobenius_batch4+0x2e4>
34181628:	680b      	ldr	r3, [r1, #0]
3418162a:	2e01      	cmp	r6, #1
3418162c:	6023      	str	r3, [r4, #0]
3418162e:	684b      	ldr	r3, [r1, #4]
34181630:	d009      	beq.n	34181646 <m55_gf_frobenius_batch4+0x42>
34181632:	698a      	ldr	r2, [r1, #24]
34181634:	2e02      	cmp	r6, #2
34181636:	6062      	str	r2, [r4, #4]
34181638:	d005      	beq.n	34181646 <m55_gf_frobenius_batch4+0x42>
3418163a:	6b0a      	ldr	r2, [r1, #48]	@ 0x30
3418163c:	2e03      	cmp	r6, #3
3418163e:	60a2      	str	r2, [r4, #8]
34181640:	bf1c      	itt	ne
34181642:	6c8a      	ldrne	r2, [r1, #72]	@ 0x48
34181644:	60e2      	strne	r2, [r4, #12]
34181646:	ed94 7f00 	vldrw.u32	q3, [r4, #0]
3418164a:	6023      	str	r3, [r4, #0]
3418164c:	2300      	movs	r3, #0
3418164e:	2e01      	cmp	r6, #1
34181650:	af04      	add	r7, sp, #16
34181652:	e9c4 3301 	strd	r3, r3, [r4, #4]
34181656:	60e3      	str	r3, [r4, #12]
34181658:	ed87 7f00 	vstrw.32	q3, [r7, #0]
3418165c:	d009      	beq.n	34181672 <m55_gf_frobenius_batch4+0x6e>
3418165e:	69cb      	ldr	r3, [r1, #28]
34181660:	2e02      	cmp	r6, #2
34181662:	6063      	str	r3, [r4, #4]
34181664:	d005      	beq.n	34181672 <m55_gf_frobenius_batch4+0x6e>
34181666:	6b4b      	ldr	r3, [r1, #52]	@ 0x34
34181668:	2e03      	cmp	r6, #3
3418166a:	60a3      	str	r3, [r4, #8]
3418166c:	bf1c      	itt	ne
3418166e:	6ccb      	ldrne	r3, [r1, #76]	@ 0x4c
34181670:	60e3      	strne	r3, [r4, #12]
34181672:	ed94 7f00 	vldrw.u32	q3, [r4, #0]
34181676:	2300      	movs	r3, #0
34181678:	688a      	ldr	r2, [r1, #8]
3418167a:	2e01      	cmp	r6, #1
3418167c:	6022      	str	r2, [r4, #0]
3418167e:	f10d 0b20 	add.w	fp, sp, #32
34181682:	e9c4 3301 	strd	r3, r3, [r4, #4]
34181686:	68ca      	ldr	r2, [r1, #12]
34181688:	60e3      	str	r3, [r4, #12]
3418168a:	ed8b 7f00 	vstrw.32	q3, [fp, #0]
3418168e:	d009      	beq.n	341816a4 <m55_gf_frobenius_batch4+0xa0>
34181690:	6a0b      	ldr	r3, [r1, #32]
34181692:	2e02      	cmp	r6, #2
34181694:	6063      	str	r3, [r4, #4]
34181696:	d005      	beq.n	341816a4 <m55_gf_frobenius_batch4+0xa0>
34181698:	6b8b      	ldr	r3, [r1, #56]	@ 0x38
3418169a:	2e03      	cmp	r6, #3
3418169c:	60a3      	str	r3, [r4, #8]
3418169e:	bf1c      	itt	ne
341816a0:	6d0b      	ldrne	r3, [r1, #80]	@ 0x50
341816a2:	60e3      	strne	r3, [r4, #12]
341816a4:	ed94 7f00 	vldrw.u32	q3, [r4, #0]
341816a8:	2300      	movs	r3, #0
341816aa:	6022      	str	r2, [r4, #0]
341816ac:	2e01      	cmp	r6, #1
341816ae:	aa0c      	add	r2, sp, #48	@ 0x30
341816b0:	ed8d 7f0c 	vstrw.32	q3, [sp, #48]
341816b4:	e9c4 3301 	strd	r3, r3, [r4, #4]
341816b8:	9200      	str	r2, [sp, #0]
341816ba:	60e3      	str	r3, [r4, #12]
341816bc:	d009      	beq.n	341816d2 <m55_gf_frobenius_batch4+0xce>
341816be:	6a4b      	ldr	r3, [r1, #36]	@ 0x24
341816c0:	2e02      	cmp	r6, #2
341816c2:	6063      	str	r3, [r4, #4]
341816c4:	d005      	beq.n	341816d2 <m55_gf_frobenius_batch4+0xce>
341816c6:	6bcb      	ldr	r3, [r1, #60]	@ 0x3c
341816c8:	2e03      	cmp	r6, #3
341816ca:	60a3      	str	r3, [r4, #8]
341816cc:	bf1c      	itt	ne
341816ce:	6d4b      	ldrne	r3, [r1, #84]	@ 0x54
341816d0:	60e3      	strne	r3, [r4, #12]
341816d2:	ed94 7f00 	vldrw.u32	q3, [r4, #0]
341816d6:	2300      	movs	r3, #0
341816d8:	690a      	ldr	r2, [r1, #16]
341816da:	a810      	add	r0, sp, #64	@ 0x40
341816dc:	2e01      	cmp	r6, #1
341816de:	6022      	str	r2, [r4, #0]
341816e0:	e9c4 3301 	strd	r3, r3, [r4, #4]
341816e4:	694a      	ldr	r2, [r1, #20]
341816e6:	9001      	str	r0, [sp, #4]
341816e8:	60e3      	str	r3, [r4, #12]
341816ea:	ed80 7f00 	vstrw.32	q3, [r0, #0]
341816ee:	d009      	beq.n	34181704 <m55_gf_frobenius_batch4+0x100>
341816f0:	6a8b      	ldr	r3, [r1, #40]	@ 0x28
341816f2:	2e02      	cmp	r6, #2
341816f4:	6063      	str	r3, [r4, #4]
341816f6:	d005      	beq.n	34181704 <m55_gf_frobenius_batch4+0x100>
341816f8:	6c0b      	ldr	r3, [r1, #64]	@ 0x40
341816fa:	2e03      	cmp	r6, #3
341816fc:	60a3      	str	r3, [r4, #8]
341816fe:	bf1c      	itt	ne
34181700:	6d8b      	ldrne	r3, [r1, #88]	@ 0x58
34181702:	60e3      	strne	r3, [r4, #12]
34181704:	ed94 7f00 	vldrw.u32	q3, [r4, #0]
34181708:	2300      	movs	r3, #0
3418170a:	6022      	str	r2, [r4, #0]
3418170c:	2e01      	cmp	r6, #1
3418170e:	aa14      	add	r2, sp, #80	@ 0x50
34181710:	ed8d 7f14 	vstrw.32	q3, [sp, #80]
34181714:	e9c4 3301 	strd	r3, r3, [r4, #4]
34181718:	9202      	str	r2, [sp, #8]
3418171a:	60e3      	str	r3, [r4, #12]
3418171c:	d009      	beq.n	34181732 <m55_gf_frobenius_batch4+0x12e>
3418171e:	6acb      	ldr	r3, [r1, #44]	@ 0x2c
34181720:	2e02      	cmp	r6, #2
34181722:	6063      	str	r3, [r4, #4]
34181724:	d005      	beq.n	34181732 <m55_gf_frobenius_batch4+0x12e>
34181726:	6c4b      	ldr	r3, [r1, #68]	@ 0x44
34181728:	2e03      	cmp	r6, #3
3418172a:	60a3      	str	r3, [r4, #8]
3418172c:	bf1c      	itt	ne
3418172e:	6dcb      	ldrne	r3, [r1, #92]	@ 0x5c
34181730:	60e3      	strne	r3, [r4, #12]
34181732:	ed94 7f00 	vldrw.u32	q3, [r4, #0]
34181736:	ab18      	add	r3, sp, #96	@ 0x60
34181738:	ed8d 7f18 	vstrw.32	q3, [sp, #96]
3418173c:	9303      	str	r3, [sp, #12]
3418173e:	f1b8 0f00 	cmp.w	r8, #0
34181742:	d00b      	beq.n	3418175c <m55_gf_frobenius_batch4+0x158>
34181744:	f04f 0900 	mov.w	r9, #0
34181748:	4638      	mov	r0, r7
3418174a:	f109 0901 	add.w	r9, r9, #1
3418174e:	f7ff fc8d 	bl	3418106c <m55_square_reduce_batch4>
34181752:	45c8      	cmp	r8, r9
34181754:	d1f8      	bne.n	34181748 <m55_gf_frobenius_batch4+0x144>
34181756:	2e00      	cmp	r6, #0
34181758:	f000 80e7 	beq.w	3418192a <m55_gf_frobenius_batch4+0x326>
3418175c:	2e04      	cmp	r6, #4
3418175e:	46b0      	mov	r8, r6
34181760:	46aa      	mov	sl, r5
34181762:	bf28      	it	cs
34181764:	f04f 0804 	movcs.w	r8, #4
34181768:	f04f 0900 	mov.w	r9, #0
3418176c:	4650      	mov	r0, sl
3418176e:	f109 0901 	add.w	r9, r9, #1
34181772:	f000 f8f9 	bl	34181968 <samsungsds_aimer_192f_ref_gf_set0>
34181776:	45c8      	cmp	r8, r9
34181778:	f10a 0a18 	add.w	sl, sl, #24
3418177c:	d8f6      	bhi.n	3418176c <m55_gf_frobenius_batch4+0x168>
3418177e:	ed97 7f00 	vldrw.u32	q3, [r7, #0]
34181782:	682b      	ldr	r3, [r5, #0]
34181784:	ed84 7f00 	vstrw.32	q3, [r4, #0]
34181788:	6822      	ldr	r2, [r4, #0]
3418178a:	2e01      	cmp	r6, #1
3418178c:	ea43 0302 	orr.w	r3, r3, r2
34181790:	602b      	str	r3, [r5, #0]
34181792:	d011      	beq.n	341817b8 <m55_gf_frobenius_batch4+0x1b4>
34181794:	69ab      	ldr	r3, [r5, #24]
34181796:	6862      	ldr	r2, [r4, #4]
34181798:	2e02      	cmp	r6, #2
3418179a:	ea43 0302 	orr.w	r3, r3, r2
3418179e:	61ab      	str	r3, [r5, #24]
341817a0:	d00a      	beq.n	341817b8 <m55_gf_frobenius_batch4+0x1b4>
341817a2:	6b2b      	ldr	r3, [r5, #48]	@ 0x30
341817a4:	68a2      	ldr	r2, [r4, #8]
341817a6:	2e03      	cmp	r6, #3
341817a8:	ea43 0302 	orr.w	r3, r3, r2
341817ac:	632b      	str	r3, [r5, #48]	@ 0x30
341817ae:	d003      	beq.n	341817b8 <m55_gf_frobenius_batch4+0x1b4>
341817b0:	6cab      	ldr	r3, [r5, #72]	@ 0x48
341817b2:	68e2      	ldr	r2, [r4, #12]
341817b4:	4313      	orrs	r3, r2
341817b6:	64ab      	str	r3, [r5, #72]	@ 0x48
341817b8:	ed9b 7f00 	vldrw.u32	q3, [fp, #0]
341817bc:	686b      	ldr	r3, [r5, #4]
341817be:	ed84 7f00 	vstrw.32	q3, [r4, #0]
341817c2:	6822      	ldr	r2, [r4, #0]
341817c4:	2e01      	cmp	r6, #1
341817c6:	ea43 0302 	orr.w	r3, r3, r2
341817ca:	606b      	str	r3, [r5, #4]
341817cc:	d011      	beq.n	341817f2 <m55_gf_frobenius_batch4+0x1ee>
341817ce:	69eb      	ldr	r3, [r5, #28]
341817d0:	6862      	ldr	r2, [r4, #4]
341817d2:	2e02      	cmp	r6, #2
341817d4:	ea43 0302 	orr.w	r3, r3, r2
341817d8:	61eb      	str	r3, [r5, #28]
341817da:	d00a      	beq.n	341817f2 <m55_gf_frobenius_batch4+0x1ee>
341817dc:	6b6b      	ldr	r3, [r5, #52]	@ 0x34
341817de:	68a2      	ldr	r2, [r4, #8]
341817e0:	2e03      	cmp	r6, #3
341817e2:	ea43 0302 	orr.w	r3, r3, r2
341817e6:	636b      	str	r3, [r5, #52]	@ 0x34
341817e8:	d003      	beq.n	341817f2 <m55_gf_frobenius_batch4+0x1ee>
341817ea:	6ceb      	ldr	r3, [r5, #76]	@ 0x4c
341817ec:	68e2      	ldr	r2, [r4, #12]
341817ee:	4313      	orrs	r3, r2
341817f0:	64eb      	str	r3, [r5, #76]	@ 0x4c
341817f2:	9b00      	ldr	r3, [sp, #0]
341817f4:	2e01      	cmp	r6, #1
341817f6:	ed93 7f00 	vldrw.u32	q3, [r3, #0]
341817fa:	68ab      	ldr	r3, [r5, #8]
341817fc:	ed84 7f00 	vstrw.32	q3, [r4, #0]
34181800:	6822      	ldr	r2, [r4, #0]
34181802:	ea43 0302 	orr.w	r3, r3, r2
34181806:	60ab      	str	r3, [r5, #8]
34181808:	d011      	beq.n	3418182e <m55_gf_frobenius_batch4+0x22a>
3418180a:	6a2b      	ldr	r3, [r5, #32]
3418180c:	6862      	ldr	r2, [r4, #4]
3418180e:	2e02      	cmp	r6, #2
34181810:	ea43 0302 	orr.w	r3, r3, r2
34181814:	622b      	str	r3, [r5, #32]
34181816:	d00a      	beq.n	3418182e <m55_gf_frobenius_batch4+0x22a>
34181818:	6bab      	ldr	r3, [r5, #56]	@ 0x38
3418181a:	68a2      	ldr	r2, [r4, #8]
3418181c:	2e03      	cmp	r6, #3
3418181e:	ea43 0302 	orr.w	r3, r3, r2
34181822:	63ab      	str	r3, [r5, #56]	@ 0x38
34181824:	d003      	beq.n	3418182e <m55_gf_frobenius_batch4+0x22a>
34181826:	6d2b      	ldr	r3, [r5, #80]	@ 0x50
34181828:	68e2      	ldr	r2, [r4, #12]
3418182a:	4313      	orrs	r3, r2
3418182c:	652b      	str	r3, [r5, #80]	@ 0x50
3418182e:	9b01      	ldr	r3, [sp, #4]
34181830:	2e01      	cmp	r6, #1
34181832:	ed93 7f00 	vldrw.u32	q3, [r3, #0]
34181836:	68eb      	ldr	r3, [r5, #12]
34181838:	ed84 7f00 	vstrw.32	q3, [r4, #0]
3418183c:	6822      	ldr	r2, [r4, #0]
3418183e:	ea43 0302 	orr.w	r3, r3, r2
34181842:	60eb      	str	r3, [r5, #12]
34181844:	d011      	beq.n	3418186a <m55_gf_frobenius_batch4+0x266>
34181846:	6a6b      	ldr	r3, [r5, #36]	@ 0x24
34181848:	6862      	ldr	r2, [r4, #4]
3418184a:	2e02      	cmp	r6, #2
3418184c:	ea43 0302 	orr.w	r3, r3, r2
34181850:	626b      	str	r3, [r5, #36]	@ 0x24
34181852:	d00a      	beq.n	3418186a <m55_gf_frobenius_batch4+0x266>
34181854:	6beb      	ldr	r3, [r5, #60]	@ 0x3c
34181856:	68a2      	ldr	r2, [r4, #8]
34181858:	2e03      	cmp	r6, #3
3418185a:	ea43 0302 	orr.w	r3, r3, r2
3418185e:	63eb      	str	r3, [r5, #60]	@ 0x3c
34181860:	d003      	beq.n	3418186a <m55_gf_frobenius_batch4+0x266>
34181862:	6d6b      	ldr	r3, [r5, #84]	@ 0x54
34181864:	68e2      	ldr	r2, [r4, #12]
34181866:	4313      	orrs	r3, r2
34181868:	656b      	str	r3, [r5, #84]	@ 0x54
3418186a:	9b02      	ldr	r3, [sp, #8]
3418186c:	2e01      	cmp	r6, #1
3418186e:	ed93 7f00 	vldrw.u32	q3, [r3, #0]
34181872:	692b      	ldr	r3, [r5, #16]
34181874:	ed84 7f00 	vstrw.32	q3, [r4, #0]
34181878:	6822      	ldr	r2, [r4, #0]
3418187a:	ea43 0302 	orr.w	r3, r3, r2
3418187e:	612b      	str	r3, [r5, #16]
34181880:	d011      	beq.n	341818a6 <m55_gf_frobenius_batch4+0x2a2>
34181882:	6aab      	ldr	r3, [r5, #40]	@ 0x28
34181884:	6862      	ldr	r2, [r4, #4]
34181886:	2e02      	cmp	r6, #2
34181888:	ea43 0302 	orr.w	r3, r3, r2
3418188c:	62ab      	str	r3, [r5, #40]	@ 0x28
3418188e:	d00a      	beq.n	341818a6 <m55_gf_frobenius_batch4+0x2a2>
34181890:	6c2b      	ldr	r3, [r5, #64]	@ 0x40
34181892:	68a2      	ldr	r2, [r4, #8]
34181894:	2e03      	cmp	r6, #3
34181896:	ea43 0302 	orr.w	r3, r3, r2
3418189a:	642b      	str	r3, [r5, #64]	@ 0x40
3418189c:	d003      	beq.n	341818a6 <m55_gf_frobenius_batch4+0x2a2>
3418189e:	6dab      	ldr	r3, [r5, #88]	@ 0x58
341818a0:	68e2      	ldr	r2, [r4, #12]
341818a2:	4313      	orrs	r3, r2
341818a4:	65ab      	str	r3, [r5, #88]	@ 0x58
341818a6:	9b03      	ldr	r3, [sp, #12]
341818a8:	2e01      	cmp	r6, #1
341818aa:	ed93 7f00 	vldrw.u32	q3, [r3, #0]
341818ae:	696b      	ldr	r3, [r5, #20]
341818b0:	ed84 7f00 	vstrw.32	q3, [r4, #0]
341818b4:	6822      	ldr	r2, [r4, #0]
341818b6:	ea43 0302 	orr.w	r3, r3, r2
341818ba:	616b      	str	r3, [r5, #20]
341818bc:	d011      	beq.n	341818e2 <m55_gf_frobenius_batch4+0x2de>
341818be:	6aeb      	ldr	r3, [r5, #44]	@ 0x2c
341818c0:	6862      	ldr	r2, [r4, #4]
341818c2:	2e02      	cmp	r6, #2
341818c4:	ea43 0302 	orr.w	r3, r3, r2
341818c8:	62eb      	str	r3, [r5, #44]	@ 0x2c
341818ca:	d00a      	beq.n	341818e2 <m55_gf_frobenius_batch4+0x2de>
341818cc:	6c6b      	ldr	r3, [r5, #68]	@ 0x44
341818ce:	68a2      	ldr	r2, [r4, #8]
341818d0:	2e03      	cmp	r6, #3
341818d2:	ea43 0302 	orr.w	r3, r3, r2
341818d6:	646b      	str	r3, [r5, #68]	@ 0x44
341818d8:	d003      	beq.n	341818e2 <m55_gf_frobenius_batch4+0x2de>
341818da:	6deb      	ldr	r3, [r5, #92]	@ 0x5c
341818dc:	68e2      	ldr	r2, [r4, #12]
341818de:	4313      	orrs	r3, r2
341818e0:	65eb      	str	r3, [r5, #92]	@ 0x5c
341818e2:	b023      	add	sp, #140	@ 0x8c
341818e4:	e8bd 8ff0 	ldmia.w	sp!, {r4, r5, r6, r7, r8, r9, sl, fp, pc}
341818e8:	ed94 7f00 	vldrw.u32	q3, [r4, #0]
341818ec:	ed8d 7f04 	vstrw.32	q3, [sp, #16]
341818f0:	ab0c      	add	r3, sp, #48	@ 0x30
341818f2:	aa10      	add	r2, sp, #64	@ 0x40
341818f4:	a914      	add	r1, sp, #80	@ 0x50
341818f6:	a818      	add	r0, sp, #96	@ 0x60
341818f8:	9300      	str	r3, [sp, #0]
341818fa:	9201      	str	r2, [sp, #4]
341818fc:	9102      	str	r1, [sp, #8]
341818fe:	9003      	str	r0, [sp, #12]
34181900:	ed94 7f00 	vldrw.u32	q3, [r4, #0]
34181904:	ed8d 7f08 	vstrw.32	q3, [sp, #32]
34181908:	ed94 7f00 	vldrw.u32	q3, [r4, #0]
3418190c:	af04      	add	r7, sp, #16
3418190e:	f10d 0b20 	add.w	fp, sp, #32
34181912:	ed8d 7f0c 	vstrw.32	q3, [sp, #48]
34181916:	ed8d 7f10 	vstrw.32	q3, [sp, #64]
3418191a:	ed8d 7f14 	vstrw.32	q3, [sp, #80]
3418191e:	ed8d 7f18 	vstrw.32	q3, [sp, #96]
34181922:	f1b8 0f00 	cmp.w	r8, #0
34181926:	f47f af0d 	bne.w	34181744 <m55_gf_frobenius_batch4+0x140>
3418192a:	ed97 7f00 	vldrw.u32	q3, [r7, #0]
3418192e:	ed84 7f00 	vstrw.32	q3, [r4, #0]
34181932:	ed9b 7f00 	vldrw.u32	q3, [fp, #0]
34181936:	ed84 7f00 	vstrw.32	q3, [r4, #0]
3418193a:	9b00      	ldr	r3, [sp, #0]
3418193c:	ed93 7f00 	vldrw.u32	q3, [r3, #0]
34181940:	ed84 7f00 	vstrw.32	q3, [r4, #0]
34181944:	9b01      	ldr	r3, [sp, #4]
34181946:	ed93 7f00 	vldrw.u32	q3, [r3, #0]
3418194a:	ed84 7f00 	vstrw.32	q3, [r4, #0]
3418194e:	9b02      	ldr	r3, [sp, #8]
34181950:	ed93 7f00 	vldrw.u32	q3, [r3, #0]
34181954:	ed84 7f00 	vstrw.32	q3, [r4, #0]
34181958:	9b03      	ldr	r3, [sp, #12]
3418195a:	ed93 7f00 	vldrw.u32	q3, [r3, #0]
3418195e:	ed84 7f00 	vstrw.32	q3, [r4, #0]
34181962:	b023      	add	sp, #140	@ 0x8c
34181964:	e8bd 8ff0 	ldmia.w	sp!, {r4, r5, r6, r7, r8, r9, sl, fp, pc}

34181968 <samsungsds_aimer_192f_ref_gf_set0>:
34181968:	2200      	movs	r2, #0
3418196a:	2300      	movs	r3, #0
3418196c:	e9c0 2300 	strd	r2, r3, [r0]
34181970:	e9c0 2302 	strd	r2, r3, [r0, #8]
34181974:	e9c0 2304 	strd	r2, r3, [r0, #16]
34181978:	4770      	bx	lr
3418197a:	bf00      	nop

3418197c <samsungsds_aimer_192f_ref_gf_copy>:
3418197c:	e9d1 2300 	ldrd	r2, r3, [r1]
34181980:	e9c0 2300 	strd	r2, r3, [r0]
34181984:	e9d1 2302 	ldrd	r2, r3, [r1, #8]
34181988:	e9c0 2302 	strd	r2, r3, [r0, #8]
3418198c:	e9d1 2304 	ldrd	r2, r3, [r1, #16]
34181990:	e9c0 2304 	strd	r2, r3, [r0, #16]
34181994:	4770      	bx	lr
34181996:	bf00      	nop

34181998 <samsungsds_aimer_192f_ref_gf_inv>:
34181998:	b530      	push	{r4, r5, lr}
3418199a:	468e      	mov	lr, r1
3418199c:	b087      	sub	sp, #28
3418199e:	46ec      	mov	ip, sp
341819a0:	f8de 2008 	ldr.w	r2, [lr, #8]
341819a4:	f8de 300c 	ldr.w	r3, [lr, #12]
341819a8:	4605      	mov	r5, r0
341819aa:	6808      	ldr	r0, [r1, #0]
341819ac:	6849      	ldr	r1, [r1, #4]
341819ae:	24bf      	movs	r4, #191	@ 0xbf
341819b0:	e8ac 000f 	stmia.w	ip!, {r0, r1, r2, r3}
341819b4:	f8de 0010 	ldr.w	r0, [lr, #16]
341819b8:	f8de 1014 	ldr.w	r1, [lr, #20]
341819bc:	2200      	movs	r2, #0
341819be:	2300      	movs	r3, #0
341819c0:	e8ac 0003 	stmia.w	ip!, {r0, r1}
341819c4:	2001      	movs	r0, #1
341819c6:	2100      	movs	r1, #0
341819c8:	e9c5 2302 	strd	r2, r3, [r5, #8]
341819cc:	e9c5 0100 	strd	r0, r1, [r5]
341819d0:	e9c5 2304 	strd	r2, r3, [r5, #16]
341819d4:	4669      	mov	r1, sp
341819d6:	4668      	mov	r0, sp
341819d8:	f000 f9ce 	bl	34181d78 <samsungsds_aimer_192f_ref_gf_sqr>
341819dc:	466a      	mov	r2, sp
341819de:	4629      	mov	r1, r5
341819e0:	4628      	mov	r0, r5
341819e2:	f000 f925 	bl	34181c30 <samsungsds_aimer_192f_ref_gf_mul>
341819e6:	3c01      	subs	r4, #1
341819e8:	d1f4      	bne.n	341819d4 <samsungsds_aimer_192f_ref_gf_inv+0x3c>
341819ea:	b007      	add	sp, #28
341819ec:	bd30      	pop	{r4, r5, pc}
341819ee:	bf00      	nop

341819f0 <samsungsds_aimer_192f_ref_gf_mat_vec_mul_add>:
341819f0:	b530      	push	{r4, r5, lr}
341819f2:	4604      	mov	r4, r0
341819f4:	b087      	sub	sp, #28
341819f6:	4668      	mov	r0, sp
341819f8:	f000 fb5a 	bl	341820b0 <samsungsds_aimer_192f_ref_gf_mat_vec_mul>
341819fc:	e9d4 1203 	ldrd	r1, r2, [r4, #12]
34181a00:	6825      	ldr	r5, [r4, #0]
34181a02:	9b00      	ldr	r3, [sp, #0]
34181a04:	6860      	ldr	r0, [r4, #4]
34181a06:	406b      	eors	r3, r5
34181a08:	6023      	str	r3, [r4, #0]
34181a0a:	9d02      	ldr	r5, [sp, #8]
34181a0c:	68a3      	ldr	r3, [r4, #8]
34181a0e:	406b      	eors	r3, r5
34181a10:	60a3      	str	r3, [r4, #8]
34181a12:	9b01      	ldr	r3, [sp, #4]
34181a14:	4058      	eors	r0, r3
34181a16:	6060      	str	r0, [r4, #4]
34181a18:	9803      	ldr	r0, [sp, #12]
34181a1a:	4041      	eors	r1, r0
34181a1c:	e9dd 3004 	ldrd	r3, r0, [sp, #16]
34181a20:	405a      	eors	r2, r3
34181a22:	6963      	ldr	r3, [r4, #20]
34181a24:	e9c4 1203 	strd	r1, r2, [r4, #12]
34181a28:	4043      	eors	r3, r0
34181a2a:	6163      	str	r3, [r4, #20]
34181a2c:	b007      	add	sp, #28
34181a2e:	bd30      	pop	{r4, r5, pc}

34181a30 <m55_gf_reduce_words>:
34181a30:	468c      	mov	ip, r1
34181a32:	e92d 43f0 	stmdb	sp!, {r4, r5, r6, r7, r8, r9, lr}
34181a36:	4686      	mov	lr, r0
34181a38:	e9d1 010a 	ldrd	r0, r1, [r1, #40]	@ 0x28
34181a3c:	f8dc 3018 	ldr.w	r3, [ip, #24]
34181a40:	0f8c      	lsrs	r4, r1, #30
34181a42:	ea84 6451 	eor.w	r4, r4, r1, lsr #25
34181a46:	f8dc 6024 	ldr.w	r6, [ip, #36]	@ 0x24
34181a4a:	f8dc 5014 	ldr.w	r5, [ip, #20]
34181a4e:	405c      	eors	r4, r3
34181a50:	ea84 72d1 	eor.w	r2, r4, r1, lsr #31
34181a54:	f8dc 4010 	ldr.w	r4, [ip, #16]
34181a58:	ea81 0805 	eor.w	r8, r1, r5
34181a5c:	0e75      	lsrs	r5, r6, #25
34181a5e:	ea45 15c0 	orr.w	r5, r5, r0, lsl #7
34181a62:	4044      	eors	r4, r0
34181a64:	406c      	eors	r4, r5
34181a66:	0fb5      	lsrs	r5, r6, #30
34181a68:	ea45 0580 	orr.w	r5, r5, r0, lsl #2
34181a6c:	406c      	eors	r4, r5
34181a6e:	1805      	adds	r5, r0, r0
34181a70:	ea45 75d6 	orr.w	r5, r5, r6, lsr #31
34181a74:	ea84 0405 	eor.w	r4, r4, r5
34181a78:	f8dc 301c 	ldr.w	r3, [ip, #28]
34181a7c:	460d      	mov	r5, r1
34181a7e:	f8ce 4010 	str.w	r4, [lr, #16]
34181a82:	4604      	mov	r4, r0
34181a84:	ea54 15cf 	lsll	r4, r5, #7
34181a88:	eb41 0901 	adc.w	r9, r1, r1
34181a8c:	ea50 018f 	lsll	r0, r1, #2
34181a90:	ea88 0805 	eor.w	r8, r8, r5
34181a94:	ea88 0101 	eor.w	r1, r8, r1
34181a98:	ea81 0109 	eor.w	r1, r1, r9
34181a9c:	f8ce 1014 	str.w	r1, [lr, #20]
34181aa0:	0e5f      	lsrs	r7, r3, #25
34181aa2:	e9dc 0108 	ldrd	r0, r1, [ip, #32]
34181aa6:	e9dc 5402 	ldrd	r5, r4, [ip, #8]
34181aaa:	ea47 17c0 	orr.w	r7, r7, r0, lsl #7
34181aae:	0f9e      	lsrs	r6, r3, #30
34181ab0:	4045      	eors	r5, r0
34181ab2:	ea81 0804 	eor.w	r8, r1, r4
34181ab6:	ea46 0680 	orr.w	r6, r6, r0, lsl #2
34181aba:	1804      	adds	r4, r0, r0
34181abc:	ea85 0507 	eor.w	r5, r5, r7
34181ac0:	ea44 74d3 	orr.w	r4, r4, r3, lsr #31
34181ac4:	ea85 0506 	eor.w	r5, r5, r6
34181ac8:	ea85 0504 	eor.w	r5, r5, r4
34181acc:	f8ce 5008 	str.w	r5, [lr, #8]
34181ad0:	4604      	mov	r4, r0
34181ad2:	460d      	mov	r5, r1
34181ad4:	ea54 15cf 	lsll	r4, r5, #7
34181ad8:	eb41 0901 	adc.w	r9, r1, r1
34181adc:	ea50 018f 	lsll	r0, r1, #2
34181ae0:	ea88 0405 	eor.w	r4, r8, r5
34181ae4:	404c      	eors	r4, r1
34181ae6:	ea84 0409 	eor.w	r4, r4, r9
34181aea:	461d      	mov	r5, r3
34181aec:	f8ce 400c 	str.w	r4, [lr, #12]
34181af0:	4614      	mov	r4, r2
34181af2:	e9dc 0100 	ldrd	r0, r1, [ip]
34181af6:	4050      	eors	r0, r2
34181af8:	1897      	adds	r7, r2, r2
34181afa:	ea80 10c2 	eor.w	r0, r0, r2, lsl #7
34181afe:	ea54 15cf 	lsll	r4, r5, #7
34181b02:	eb43 0603 	adc.w	r6, r3, r3
34181b06:	4059      	eors	r1, r3
34181b08:	ea80 0082 	eor.w	r0, r0, r2, lsl #2
34181b0c:	ea52 038f 	lsll	r2, r3, #2
34181b10:	4069      	eors	r1, r5
34181b12:	404b      	eors	r3, r1
34181b14:	4078      	eors	r0, r7
34181b16:	4073      	eors	r3, r6
34181b18:	f8ce 0000 	str.w	r0, [lr]
34181b1c:	f8ce 3004 	str.w	r3, [lr, #4]
34181b20:	e8bd 83f0 	ldmia.w	sp!, {r4, r5, r6, r7, r8, r9, pc}

34181b24 <m55_clmul_convolution>:
34181b24:	e92d 4ff0 	stmdb	sp!, {r4, r5, r6, r7, r8, r9, sl, fp, lr}
34181b28:	4690      	mov	r8, r2
34181b2a:	b08b      	sub	sp, #44	@ 0x2c
34181b2c:	2230      	movs	r2, #48	@ 0x30
34181b2e:	f1a1 0902 	sub.w	r9, r1, #2
34181b32:	2100      	movs	r1, #0
34181b34:	f002 fea0 	bl	34184878 <memset>
34181b38:	f04f 0e0c 	mov.w	lr, #12
34181b3c:	f04e e001 	dls	lr, lr
34181b40:	f10d 040f 	add.w	r4, sp, #15
34181b44:	f024 040f 	bic.w	r4, r4, #15
34181b48:	f104 0a10 	add.w	sl, r4, #16
34181b4c:	f839 3f02 	ldrh.w	r3, [r9, #2]!
34181b50:	ed98 5e80 	vldrh.u16	q2, [r8, #0]
34181b54:	eea6 3b30 	vdup.16	q3, r3
34181b58:	fe37 2e04 	vmullb.p16	q1, q3, q2
34181b5c:	fe37 5e04 	vmullt.p16	q2, q3, q2
34181b60:	8803      	ldrh	r3, [r0, #0]
34181b62:	ed8a 3f00 	vstrw.32	q1, [sl, #0]
34181b66:	ed84 5f00 	vstrw.32	q2, [r4, #0]
34181b6a:	f8d4 c010 	ldr.w	ip, [r4, #16]
34181b6e:	6827      	ldr	r7, [r4, #0]
34181b70:	ea83 030c 	eor.w	r3, r3, ip
34181b74:	f820 3b02 	strh.w	r3, [r0], #2
34181b78:	8803      	ldrh	r3, [r0, #0]
34181b7a:	6966      	ldr	r6, [r4, #20]
34181b7c:	ea83 431c 	eor.w	r3, r3, ip, lsr #16
34181b80:	407b      	eors	r3, r7
34181b82:	8003      	strh	r3, [r0, #0]
34181b84:	8843      	ldrh	r3, [r0, #2]
34181b86:	6865      	ldr	r5, [r4, #4]
34181b88:	ea83 4717 	eor.w	r7, r3, r7, lsr #16
34181b8c:	8883      	ldrh	r3, [r0, #4]
34181b8e:	4077      	eors	r7, r6
34181b90:	ea83 4616 	eor.w	r6, r3, r6, lsr #16
34181b94:	88c3      	ldrh	r3, [r0, #6]
34181b96:	69a1      	ldr	r1, [r4, #24]
34181b98:	f8b0 c008 	ldrh.w	ip, [r0, #8]
34181b9c:	406e      	eors	r6, r5
34181b9e:	ea83 4515 	eor.w	r5, r3, r5, lsr #16
34181ba2:	68a2      	ldr	r2, [r4, #8]
34181ba4:	404d      	eors	r5, r1
34181ba6:	ea8c 4c11 	eor.w	ip, ip, r1, lsr #16
34181baa:	8941      	ldrh	r1, [r0, #10]
34181bac:	69e3      	ldr	r3, [r4, #28]
34181bae:	ea8c 0c02 	eor.w	ip, ip, r2
34181bb2:	ea81 4112 	eor.w	r1, r1, r2, lsr #16
34181bb6:	8982      	ldrh	r2, [r0, #12]
34181bb8:	4059      	eors	r1, r3
34181bba:	8141      	strh	r1, [r0, #10]
34181bbc:	ea82 4213 	eor.w	r2, r2, r3, lsr #16
34181bc0:	68e1      	ldr	r1, [r4, #12]
34181bc2:	89c3      	ldrh	r3, [r0, #14]
34181bc4:	404a      	eors	r2, r1
34181bc6:	ea83 4311 	eor.w	r3, r3, r1, lsr #16
34181bca:	8047      	strh	r7, [r0, #2]
34181bcc:	8086      	strh	r6, [r0, #4]
34181bce:	80c5      	strh	r5, [r0, #6]
34181bd0:	f8a0 c008 	strh.w	ip, [r0, #8]
34181bd4:	8182      	strh	r2, [r0, #12]
34181bd6:	81c3      	strh	r3, [r0, #14]
34181bd8:	ed98 5e88 	vldrh.u16	q2, [r8, #16]
34181bdc:	fe37 2e04 	vmullb.p16	q1, q3, q2
34181be0:	fe37 7e04 	vmullt.p16	q3, q3, q2
34181be4:	ed8a 3f00 	vstrw.32	q1, [sl, #0]
34181be8:	ed84 7f00 	vstrw.32	q3, [r4, #0]
34181bec:	6923      	ldr	r3, [r4, #16]
34181bee:	8a06      	ldrh	r6, [r0, #16]
34181bf0:	6822      	ldr	r2, [r4, #0]
34181bf2:	8a45      	ldrh	r5, [r0, #18]
34181bf4:	ea86 4613 	eor.w	r6, r6, r3, lsr #16
34181bf8:	6867      	ldr	r7, [r4, #4]
34181bfa:	ea85 4512 	eor.w	r5, r5, r2, lsr #16
34181bfe:	4056      	eors	r6, r2
34181c00:	8ac2      	ldrh	r2, [r0, #22]
34181c02:	f8d4 c014 	ldr.w	ip, [r4, #20]
34181c06:	8a81      	ldrh	r1, [r0, #20]
34181c08:	ea82 4217 	eor.w	r2, r2, r7, lsr #16
34181c0c:	82c2      	strh	r2, [r0, #22]
34181c0e:	89c2      	ldrh	r2, [r0, #14]
34181c10:	ea81 411c 	eor.w	r1, r1, ip, lsr #16
34181c14:	ea85 050c 	eor.w	r5, r5, ip
34181c18:	4079      	eors	r1, r7
34181c1a:	4053      	eors	r3, r2
34181c1c:	8206      	strh	r6, [r0, #16]
34181c1e:	8245      	strh	r5, [r0, #18]
34181c20:	8281      	strh	r1, [r0, #20]
34181c22:	81c3      	strh	r3, [r0, #14]
34181c24:	f00f c06f 	le	lr, 34181b4c <m55_clmul_convolution+0x28>
34181c28:	b00b      	add	sp, #44	@ 0x2c
34181c2a:	e8bd 8ff0 	ldmia.w	sp!, {r4, r5, r6, r7, r8, r9, sl, fp, pc}
34181c2e:	bf00      	nop

34181c30 <samsungsds_aimer_192f_ref_gf_mul>:
34181c30:	e92d 4ff0 	stmdb	sp!, {r4, r5, r6, r7, r8, r9, sl, fp, lr}
34181c34:	468c      	mov	ip, r1
34181c36:	2500      	movs	r5, #0
34181c38:	e9dc 6700 	ldrd	r6, r7, [ip]
34181c3c:	4613      	mov	r3, r2
34181c3e:	b0b3      	sub	sp, #204	@ 0xcc
34181c40:	f10d 045f 	add.w	r4, sp, #95	@ 0x5f
34181c44:	f024 040f 	bic.w	r4, r4, #15
34181c48:	4680      	mov	r8, r0
34181c4a:	f104 0230 	add.w	r2, r4, #48	@ 0x30
34181c4e:	4620      	mov	r0, r4
34181c50:	f104 0150 	add.w	r1, r4, #80	@ 0x50
34181c54:	e9c4 551a 	strd	r5, r5, [r4, #104]	@ 0x68
34181c58:	e9c4 5512 	strd	r5, r5, [r4, #72]	@ 0x48
34181c5c:	e9c4 6714 	strd	r6, r7, [r4, #80]	@ 0x50
34181c60:	e9dc 6702 	ldrd	r6, r7, [ip, #8]
34181c64:	e9c4 6716 	strd	r6, r7, [r4, #88]	@ 0x58
34181c68:	e9dc 6704 	ldrd	r6, r7, [ip, #16]
34181c6c:	e9c4 6718 	strd	r6, r7, [r4, #96]	@ 0x60
34181c70:	e9d3 6700 	ldrd	r6, r7, [r3]
34181c74:	e9c4 670c 	strd	r6, r7, [r4, #48]	@ 0x30
34181c78:	e9d3 6702 	ldrd	r6, r7, [r3, #8]
34181c7c:	e9c4 670e 	strd	r6, r7, [r4, #56]	@ 0x38
34181c80:	e9d3 6704 	ldrd	r6, r7, [r3, #16]
34181c84:	e9c4 6710 	strd	r6, r7, [r4, #64]	@ 0x40
34181c88:	f7ff ff4c 	bl	34181b24 <m55_clmul_convolution>
34181c8c:	462b      	mov	r3, r5
34181c8e:	8862      	ldrh	r2, [r4, #2]
34181c90:	88a6      	ldrh	r6, [r4, #4]
34181c92:	ea52 430f 	lsll	r2, r3, #16
34181c96:	431e      	orrs	r6, r3
34181c98:	462b      	mov	r3, r5
34181c9a:	f8b4 9006 	ldrh.w	r9, [r4, #6]
34181c9e:	4640      	mov	r0, r8
34181ca0:	f8b4 8000 	ldrh.w	r8, [r4]
34181ca4:	ea46 4609 	orr.w	r6, r6, r9, lsl #16
34181ca8:	ea48 0202 	orr.w	r2, r8, r2
34181cac:	e9cd 2608 	strd	r2, r6, [sp, #32]
34181cb0:	8962      	ldrh	r2, [r4, #10]
34181cb2:	8ba7      	ldrh	r7, [r4, #28]
34181cb4:	ea52 430f 	lsll	r2, r3, #16
34181cb8:	f8b4 e00c 	ldrh.w	lr, [r4, #12]
34181cbc:	f8b4 a00e 	ldrh.w	sl, [r4, #14]
34181cc0:	9703      	str	r7, [sp, #12]
34181cc2:	8927      	ldrh	r7, [r4, #8]
34181cc4:	ea4e 0e03 	orr.w	lr, lr, r3
34181cc8:	ea4e 430a 	orr.w	r3, lr, sl, lsl #16
34181ccc:	4317      	orrs	r7, r2
34181cce:	e9cd 730a 	strd	r7, r3, [sp, #40]	@ 0x28
34181cd2:	462b      	mov	r3, r5
34181cd4:	8a62      	ldrh	r2, [r4, #18]
34181cd6:	8aa1      	ldrh	r1, [r4, #20]
34181cd8:	ea52 430f 	lsll	r2, r3, #16
34181cdc:	4699      	mov	r9, r3
34181cde:	4690      	mov	r8, r2
34181ce0:	9100      	str	r1, [sp, #0]
34181ce2:	8ca1      	ldrh	r1, [r4, #36]	@ 0x24
34181ce4:	9b00      	ldr	r3, [sp, #0]
34181ce6:	9106      	str	r1, [sp, #24]
34181ce8:	8a21      	ldrh	r1, [r4, #16]
34181cea:	f8b4 b026 	ldrh.w	fp, [r4, #38]	@ 0x26
34181cee:	9101      	str	r1, [sp, #4]
34181cf0:	8ae1      	ldrh	r1, [r4, #22]
34181cf2:	f8b4 c02c 	ldrh.w	ip, [r4, #44]	@ 0x2c
34181cf6:	9102      	str	r1, [sp, #8]
34181cf8:	8b21      	ldrh	r1, [r4, #24]
34181cfa:	ea49 0303 	orr.w	r3, r9, r3
34181cfe:	9104      	str	r1, [sp, #16]
34181d00:	8be1      	ldrh	r1, [r4, #30]
34181d02:	9105      	str	r1, [sp, #20]
34181d04:	8c21      	ldrh	r1, [r4, #32]
34181d06:	9107      	str	r1, [sp, #28]
34181d08:	9a01      	ldr	r2, [sp, #4]
34181d0a:	9e02      	ldr	r6, [sp, #8]
34181d0c:	ea48 0202 	orr.w	r2, r8, r2
34181d10:	ea43 4306 	orr.w	r3, r3, r6, lsl #16
34181d14:	e9cd 230c 	strd	r2, r3, [sp, #48]	@ 0x30
34181d18:	462b      	mov	r3, r5
34181d1a:	8b62      	ldrh	r2, [r4, #26]
34181d1c:	9f03      	ldr	r7, [sp, #12]
34181d1e:	ea52 430f 	lsll	r2, r3, #16
34181d22:	4690      	mov	r8, r2
34181d24:	9e05      	ldr	r6, [sp, #20]
34181d26:	9a04      	ldr	r2, [sp, #16]
34181d28:	433b      	orrs	r3, r7
34181d2a:	ea48 0202 	orr.w	r2, r8, r2
34181d2e:	ea43 4306 	orr.w	r3, r3, r6, lsl #16
34181d32:	e9cd 230e 	strd	r2, r3, [sp, #56]	@ 0x38
34181d36:	462b      	mov	r3, r5
34181d38:	8c62      	ldrh	r2, [r4, #34]	@ 0x22
34181d3a:	a908      	add	r1, sp, #32
34181d3c:	ea52 430f 	lsll	r2, r3, #16
34181d40:	461f      	mov	r7, r3
34181d42:	4616      	mov	r6, r2
34181d44:	9b06      	ldr	r3, [sp, #24]
34181d46:	9a07      	ldr	r2, [sp, #28]
34181d48:	433b      	orrs	r3, r7
34181d4a:	4332      	orrs	r2, r6
34181d4c:	ea43 430b 	orr.w	r3, r3, fp, lsl #16
34181d50:	e9cd 2310 	strd	r2, r3, [sp, #64]	@ 0x40
34181d54:	462b      	mov	r3, r5
34181d56:	8d62      	ldrh	r2, [r4, #42]	@ 0x2a
34181d58:	8d25      	ldrh	r5, [r4, #40]	@ 0x28
34181d5a:	ea52 430f 	lsll	r2, r3, #16
34181d5e:	8de4      	ldrh	r4, [r4, #46]	@ 0x2e
34181d60:	ea43 0c0c 	orr.w	ip, r3, ip
34181d64:	432a      	orrs	r2, r5
34181d66:	ea4c 4404 	orr.w	r4, ip, r4, lsl #16
34181d6a:	e9cd 2412 	strd	r2, r4, [sp, #72]	@ 0x48
34181d6e:	f7ff fe5f 	bl	34181a30 <m55_gf_reduce_words>
34181d72:	b033      	add	sp, #204	@ 0xcc
34181d74:	e8bd 8ff0 	ldmia.w	sp!, {r4, r5, r6, r7, r8, r9, sl, fp, pc}

34181d78 <samsungsds_aimer_192f_ref_gf_sqr>:
34181d78:	2300      	movs	r3, #0
34181d7a:	468c      	mov	ip, r1
34181d7c:	e92d 4ff0 	stmdb	sp!, {r4, r5, r6, r7, r8, r9, sl, fp, lr}
34181d80:	e9dc 8200 	ldrd	r8, r2, [ip]
34181d84:	4699      	mov	r9, r3
34181d86:	461f      	mov	r7, r3
34181d88:	f8dc 400c 	ldr.w	r4, [ip, #12]
34181d8c:	b09f      	sub	sp, #124	@ 0x7c
34181d8e:	e9cd 4300 	strd	r4, r3, [sp]
34181d92:	f8dc 4010 	ldr.w	r4, [ip, #16]
34181d96:	f8dc 6008 	ldr.w	r6, [ip, #8]
34181d9a:	e9cd 4306 	strd	r4, r3, [sp, #24]
34181d9e:	f8dc 4014 	ldr.w	r4, [ip, #20]
34181da2:	fa1f fa88 	uxth.w	sl, r8
34181da6:	e9cd 4304 	strd	r4, r3, [sp, #16]
34181daa:	ea58 490f 	lsll	r8, r9, #16
34181dae:	fa1f f882 	uxth.w	r8, r2
34181db2:	ea52 430f 	lsll	r2, r3, #16
34181db6:	b2b2      	uxth	r2, r6
34181db8:	ea42 2402 	orr.w	r4, r2, r2, lsl #8
34181dbc:	ea56 470f 	lsll	r6, r7, #16
34181dc0:	940e      	str	r4, [sp, #56]	@ 0x38
34181dc2:	e9dd 4500 	ldrd	r4, r5, [sp]
34181dc6:	b2a6      	uxth	r6, r4
34181dc8:	ea54 450f 	lsll	r4, r5, #16
34181dcc:	9602      	str	r6, [sp, #8]
34181dce:	b2ae      	uxth	r6, r5
34181dd0:	9603      	str	r6, [sp, #12]
34181dd2:	9e02      	ldr	r6, [sp, #8]
34181dd4:	fa1f fb89 	uxth.w	fp, r9
34181dd8:	fa1f f983 	uxth.w	r9, r3
34181ddc:	ea48 2308 	orr.w	r3, r8, r8, lsl #8
34181de0:	e9dd 4506 	ldrd	r4, r5, [sp, #24]
34181de4:	9308      	str	r3, [sp, #32]
34181de6:	ea46 2606 	orr.w	r6, r6, r6, lsl #8
34181dea:	b2bb      	uxth	r3, r7
34181dec:	b2a7      	uxth	r7, r4
34181dee:	9700      	str	r7, [sp, #0]
34181df0:	960d      	str	r6, [sp, #52]	@ 0x34
34181df2:	462f      	mov	r7, r5
34181df4:	4626      	mov	r6, r4
34181df6:	e9dd 4504 	ldrd	r4, r5, [sp, #16]
34181dfa:	ea56 470f 	lsll	r6, r7, #16
34181dfe:	b2a6      	uxth	r6, r4
34181e00:	ea54 450f 	lsll	r4, r5, #16
34181e04:	b2bf      	uxth	r7, r7
34181e06:	9701      	str	r7, [sp, #4]
34181e08:	9f00      	ldr	r7, [sp, #0]
34181e0a:	4654      	mov	r4, sl
34181e0c:	ea47 2707 	orr.w	r7, r7, r7, lsl #8
34181e10:	9706      	str	r7, [sp, #24]
34181e12:	b2af      	uxth	r7, r5
34181e14:	465d      	mov	r5, fp
34181e16:	ea54 250f 	lsll	r4, r5, #8
34181e1a:	ea45 040b 	orr.w	r4, r5, fp
34181e1e:	f004 1bff 	and.w	fp, r4, #16711935	@ 0xff00ff
34181e22:	464d      	mov	r5, r9
34181e24:	4644      	mov	r4, r8
34181e26:	ea54 250f 	lsll	r4, r5, #8
34181e2a:	4690      	mov	r8, r2
34181e2c:	ea45 0409 	orr.w	r4, r5, r9
34181e30:	4699      	mov	r9, r3
34181e32:	ea58 290f 	lsll	r8, r9, #8
34181e36:	9d08      	ldr	r5, [sp, #32]
34181e38:	ea46 2e06 	orr.w	lr, r6, r6, lsl #8
34181e3c:	f005 15ff 	and.w	r5, r5, #16711935	@ 0xff00ff
34181e40:	950a      	str	r5, [sp, #40]	@ 0x28
34181e42:	f004 15ff 	and.w	r5, r4, #16711935	@ 0xff00ff
34181e46:	950b      	str	r5, [sp, #44]	@ 0x2c
34181e48:	9d0a      	ldr	r5, [sp, #40]	@ 0x28
34181e4a:	ea4a 2c0a 	orr.w	ip, sl, sl, lsl #8
34181e4e:	ea45 1505 	orr.w	r5, r5, r5, lsl #4
34181e52:	9511      	str	r5, [sp, #68]	@ 0x44
34181e54:	464d      	mov	r5, r9
34181e56:	9c0e      	ldr	r4, [sp, #56]	@ 0x38
34181e58:	432b      	orrs	r3, r5
34181e5a:	f004 14ff 	and.w	r4, r4, #16711935	@ 0xff00ff
34181e5e:	f003 13ff 	and.w	r3, r3, #16711935	@ 0xff00ff
34181e62:	9408      	str	r4, [sp, #32]
34181e64:	9309      	str	r3, [sp, #36]	@ 0x24
34181e66:	ea44 1304 	orr.w	r3, r4, r4, lsl #4
34181e6a:	e9dd 4502 	ldrd	r4, r5, [sp, #8]
34181e6e:	46a0      	mov	r8, r4
34181e70:	46a9      	mov	r9, r5
34181e72:	ea58 290f 	lsll	r8, r9, #8
34181e76:	9310      	str	r3, [sp, #64]	@ 0x40
34181e78:	464b      	mov	r3, r9
34181e7a:	9a0d      	ldr	r2, [sp, #52]	@ 0x34
34181e7c:	432b      	orrs	r3, r5
34181e7e:	f002 18ff 	and.w	r8, r2, #16711935	@ 0xff00ff
34181e82:	ea48 1408 	orr.w	r4, r8, r8, lsl #4
34181e86:	f003 19ff 	and.w	r9, r3, #16711935	@ 0xff00ff
34181e8a:	940d      	str	r4, [sp, #52]	@ 0x34
34181e8c:	e9dd 4500 	ldrd	r4, r5, [sp]
34181e90:	4622      	mov	r2, r4
34181e92:	462b      	mov	r3, r5
34181e94:	ea52 230f 	lsll	r2, r3, #8
34181e98:	9a06      	ldr	r2, [sp, #24]
34181e9a:	432b      	orrs	r3, r5
34181e9c:	f002 14ff 	and.w	r4, r2, #16711935	@ 0xff00ff
34181ea0:	f003 15ff 	and.w	r5, r3, #16711935	@ 0xff00ff
34181ea4:	ea44 1304 	orr.w	r3, r4, r4, lsl #4
34181ea8:	930e      	str	r3, [sp, #56]	@ 0x38
34181eaa:	4632      	mov	r2, r6
34181eac:	463b      	mov	r3, r7
34181eae:	ea52 230f 	lsll	r2, r3, #8
34181eb2:	433b      	orrs	r3, r7
34181eb4:	f00e 12ff 	and.w	r2, lr, #16711935	@ 0xff00ff
34181eb8:	f003 13ff 	and.w	r3, r3, #16711935	@ 0xff00ff
34181ebc:	9307      	str	r3, [sp, #28]
34181ebe:	f00c 1aff 	and.w	sl, ip, #16711935	@ 0xff00ff
34181ec2:	ea42 1302 	orr.w	r3, r2, r2, lsl #4
34181ec6:	9206      	str	r2, [sp, #24]
34181ec8:	930f      	str	r3, [sp, #60]	@ 0x3c
34181eca:	4652      	mov	r2, sl
34181ecc:	e9dd 670a 	ldrd	r6, r7, [sp, #40]	@ 0x28
34181ed0:	465b      	mov	r3, fp
34181ed2:	ea52 130f 	lsll	r2, r3, #4
34181ed6:	ea4a 1c0a 	orr.w	ip, sl, sl, lsl #4
34181eda:	ea43 030b 	orr.w	r3, r3, fp
34181ede:	46b2      	mov	sl, r6
34181ee0:	46bb      	mov	fp, r7
34181ee2:	ea5a 1b0f 	lsll	sl, fp, #4
34181ee6:	f00c 320f 	and.w	r2, ip, #252645135	@ 0xf0f0f0f
34181eea:	f003 330f 	and.w	r3, r3, #252645135	@ 0xf0f0f0f
34181eee:	9305      	str	r3, [sp, #20]
34181ef0:	ea42 0382 	orr.w	r3, r2, r2, lsl #2
34181ef4:	f003 3333 	and.w	r3, r3, #858993459	@ 0x33333333
34181ef8:	9204      	str	r2, [sp, #16]
34181efa:	18da      	adds	r2, r3, r3
34181efc:	ea42 0203 	orr.w	r2, r2, r3
34181f00:	465b      	mov	r3, fp
34181f02:	f002 3255 	and.w	r2, r2, #1431655765	@ 0x55555555
34181f06:	9212      	str	r2, [sp, #72]	@ 0x48
34181f08:	9a11      	ldr	r2, [sp, #68]	@ 0x44
34181f0a:	ea43 0307 	orr.w	r3, r3, r7
34181f0e:	f002 360f 	and.w	r6, r2, #252645135	@ 0xf0f0f0f
34181f12:	9602      	str	r6, [sp, #8]
34181f14:	f003 360f 	and.w	r6, r3, #252645135	@ 0xf0f0f0f
34181f18:	9603      	str	r6, [sp, #12]
34181f1a:	9e02      	ldr	r6, [sp, #8]
34181f1c:	9a10      	ldr	r2, [sp, #64]	@ 0x40
34181f1e:	ea46 0c86 	orr.w	ip, r6, r6, lsl #2
34181f22:	e9dd 6708 	ldrd	r6, r7, [sp, #32]
34181f26:	46b2      	mov	sl, r6
34181f28:	46bb      	mov	fp, r7
34181f2a:	ea5a 1b0f 	lsll	sl, fp, #4
34181f2e:	465b      	mov	r3, fp
34181f30:	46a2      	mov	sl, r4
34181f32:	46ab      	mov	fp, r5
34181f34:	ea43 0307 	orr.w	r3, r3, r7
34181f38:	f002 360f 	and.w	r6, r2, #252645135	@ 0xf0f0f0f
34181f3c:	9600      	str	r6, [sp, #0]
34181f3e:	4642      	mov	r2, r8
34181f40:	f003 360f 	and.w	r6, r3, #252645135	@ 0xf0f0f0f
34181f44:	464b      	mov	r3, r9
34181f46:	ea5a 1b0f 	lsll	sl, fp, #4
34181f4a:	9c0e      	ldr	r4, [sp, #56]	@ 0x38
34181f4c:	9601      	str	r6, [sp, #4]
34181f4e:	ea52 130f 	lsll	r2, r3, #4
34181f52:	9e00      	ldr	r6, [sp, #0]
34181f54:	9a0d      	ldr	r2, [sp, #52]	@ 0x34
34181f56:	f004 3a0f 	and.w	sl, r4, #252645135	@ 0xf0f0f0f
34181f5a:	f002 380f 	and.w	r8, r2, #252645135	@ 0xf0f0f0f
34181f5e:	ea46 0e86 	orr.w	lr, r6, r6, lsl #2
34181f62:	ea4b 0205 	orr.w	r2, fp, r5
34181f66:	e9dd 6706 	ldrd	r6, r7, [sp, #24]
34181f6a:	4634      	mov	r4, r6
34181f6c:	463d      	mov	r5, r7
34181f6e:	ea54 150f 	lsll	r4, r5, #4
34181f72:	ea47 0605 	orr.w	r6, r7, r5
34181f76:	9f0f      	ldr	r7, [sp, #60]	@ 0x3c
34181f78:	ea43 0309 	orr.w	r3, r3, r9
34181f7c:	f007 340f 	and.w	r4, r7, #252645135	@ 0xf0f0f0f
34181f80:	f003 390f 	and.w	r9, r3, #252645135	@ 0xf0f0f0f
34181f84:	f006 350f 	and.w	r5, r6, #252645135	@ 0xf0f0f0f
34181f88:	ea48 0388 	orr.w	r3, r8, r8, lsl #2
34181f8c:	ea44 0684 	orr.w	r6, r4, r4, lsl #2
34181f90:	f003 3333 	and.w	r3, r3, #858993459	@ 0x33333333
34181f94:	f006 3633 	and.w	r6, r6, #858993459	@ 0x33333333
34181f98:	9308      	str	r3, [sp, #32]
34181f9a:	9606      	str	r6, [sp, #24]
34181f9c:	e9dd 6704 	ldrd	r6, r7, [sp, #16]
34181fa0:	ea56 078f 	lsll	r6, r7, #2
34181fa4:	9b05      	ldr	r3, [sp, #20]
34181fa6:	f00c 3c33 	and.w	ip, ip, #858993459	@ 0x33333333
34181faa:	ea47 0703 	orr.w	r7, r7, r3
34181fae:	f007 3733 	and.w	r7, r7, #858993459	@ 0x33333333
34181fb2:	eb47 0607 	adc.w	r6, r7, r7
34181fb6:	433e      	orrs	r6, r7
34181fb8:	f006 3655 	and.w	r6, r6, #1431655765	@ 0x55555555
34181fbc:	9613      	str	r6, [sp, #76]	@ 0x4c
34181fbe:	eb1c 060c 	adds.w	r6, ip, ip
34181fc2:	ea46 060c 	orr.w	r6, r6, ip
34181fc6:	f006 3655 	and.w	r6, r6, #1431655765	@ 0x55555555
34181fca:	9614      	str	r6, [sp, #80]	@ 0x50
34181fcc:	e9dd 6702 	ldrd	r6, r7, [sp, #8]
34181fd0:	ea56 078f 	lsll	r6, r7, #2
34181fd4:	9b03      	ldr	r3, [sp, #12]
34181fd6:	f00e 3e33 	and.w	lr, lr, #858993459	@ 0x33333333
34181fda:	ea47 0603 	orr.w	r6, r7, r3
34181fde:	f006 3633 	and.w	r6, r6, #858993459	@ 0x33333333
34181fe2:	eb46 0706 	adc.w	r7, r6, r6
34181fe6:	433e      	orrs	r6, r7
34181fe8:	f006 3655 	and.w	r6, r6, #1431655765	@ 0x55555555
34181fec:	9615      	str	r6, [sp, #84]	@ 0x54
34181fee:	eb1e 060e 	adds.w	r6, lr, lr
34181ff2:	ea46 060e 	orr.w	r6, r6, lr
34181ff6:	f006 3655 	and.w	r6, r6, #1431655765	@ 0x55555555
34181ffa:	9616      	str	r6, [sp, #88]	@ 0x58
34181ffc:	e9dd 6700 	ldrd	r6, r7, [sp]
34182000:	ea56 078f 	lsll	r6, r7, #2
34182004:	9b01      	ldr	r3, [sp, #4]
34182006:	f002 3b0f 	and.w	fp, r2, #252645135	@ 0xf0f0f0f
3418200a:	ea47 0703 	orr.w	r7, r7, r3
3418200e:	f007 3733 	and.w	r7, r7, #858993459	@ 0x33333333
34182012:	eb47 0607 	adc.w	r6, r7, r7
34182016:	9b08      	ldr	r3, [sp, #32]
34182018:	433e      	orrs	r6, r7
3418201a:	f006 3655 	and.w	r6, r6, #1431655765	@ 0x55555555
3418201e:	9617      	str	r6, [sp, #92]	@ 0x5c
34182020:	18de      	adds	r6, r3, r3
34182022:	464f      	mov	r7, r9
34182024:	ea43 0306 	orr.w	r3, r3, r6
34182028:	4646      	mov	r6, r8
3418202a:	ea56 078f 	lsll	r6, r7, #2
3418202e:	ea47 0609 	orr.w	r6, r7, r9
34182032:	f006 3633 	and.w	r6, r6, #858993459	@ 0x33333333
34182036:	f003 3355 	and.w	r3, r3, #1431655765	@ 0x55555555
3418203a:	9318      	str	r3, [sp, #96]	@ 0x60
3418203c:	eb46 0306 	adc.w	r3, r6, r6
34182040:	ea4a 028a 	orr.w	r2, sl, sl, lsl #2
34182044:	4333      	orrs	r3, r6
34182046:	f002 3233 	and.w	r2, r2, #858993459	@ 0x33333333
3418204a:	f003 3355 	and.w	r3, r3, #1431655765	@ 0x55555555
3418204e:	9319      	str	r3, [sp, #100]	@ 0x64
34182050:	1893      	adds	r3, r2, r2
34182052:	ea43 0302 	orr.w	r3, r3, r2
34182056:	f003 3355 	and.w	r3, r3, #1431655765	@ 0x55555555
3418205a:	931a      	str	r3, [sp, #104]	@ 0x68
3418205c:	4652      	mov	r2, sl
3418205e:	465b      	mov	r3, fp
34182060:	ea52 038f 	lsll	r2, r3, #2
34182064:	ea43 020b 	orr.w	r2, r3, fp
34182068:	f002 3233 	and.w	r2, r2, #858993459	@ 0x33333333
3418206c:	eb42 0302 	adc.w	r3, r2, r2
34182070:	4313      	orrs	r3, r2
34182072:	9a06      	ldr	r2, [sp, #24]
34182074:	f003 3355 	and.w	r3, r3, #1431655765	@ 0x55555555
34182078:	931b      	str	r3, [sp, #108]	@ 0x6c
3418207a:	1893      	adds	r3, r2, r2
3418207c:	ea43 0302 	orr.w	r3, r3, r2
34182080:	f003 3355 	and.w	r3, r3, #1431655765	@ 0x55555555
34182084:	931c      	str	r3, [sp, #112]	@ 0x70
34182086:	4622      	mov	r2, r4
34182088:	462b      	mov	r3, r5
3418208a:	ea52 038f 	lsll	r2, r3, #2
3418208e:	ea43 0205 	orr.w	r2, r3, r5
34182092:	f002 3233 	and.w	r2, r2, #858993459	@ 0x33333333
34182096:	eb42 0302 	adc.w	r3, r2, r2
3418209a:	4313      	orrs	r3, r2
3418209c:	f003 3355 	and.w	r3, r3, #1431655765	@ 0x55555555
341820a0:	a912      	add	r1, sp, #72	@ 0x48
341820a2:	931d      	str	r3, [sp, #116]	@ 0x74
341820a4:	f7ff fcc4 	bl	34181a30 <m55_gf_reduce_words>
341820a8:	b01f      	add	sp, #124	@ 0x7c
341820aa:	e8bd 8ff0 	ldmia.w	sp!, {r4, r5, r6, r7, r8, r9, sl, fp, pc}
341820ae:	bf00      	nop

341820b0 <samsungsds_aimer_192f_ref_gf_mat_vec_mul>:
341820b0:	e92d 4ff0 	stmdb	sp!, {r4, r5, r6, r7, r8, r9, sl, fp, lr}
341820b4:	f04f 0e00 	mov.w	lr, #0
341820b8:	b09d      	sub	sp, #116	@ 0x74
341820ba:	e9cd ee03 	strd	lr, lr, [sp, #12]
341820be:	f1a1 0408 	sub.w	r4, r1, #8
341820c2:	3110      	adds	r1, #16
341820c4:	f8cd e01c 	str.w	lr, [sp, #28]
341820c8:	f8cd e014 	str.w	lr, [sp, #20]
341820cc:	f8cd e018 	str.w	lr, [sp, #24]
341820d0:	911a      	str	r1, [sp, #104]	@ 0x68
341820d2:	f502 63cc 	add.w	r3, r2, #1632	@ 0x660
341820d6:	f8cd e020 	str.w	lr, [sp, #32]
341820da:	901b      	str	r0, [sp, #108]	@ 0x6c
341820dc:	f04f 0e10 	mov.w	lr, #16
341820e0:	e9f4 0102 	ldrd	r0, r1, [r4, #8]!
341820e4:	f04e e001 	dls	lr, lr
341820e8:	e9cd 0100 	strd	r0, r1, [sp]
341820ec:	e9cd 3418 	strd	r3, r4, [sp, #96]	@ 0x60
341820f0:	f5a3 6ac0 	sub.w	sl, r3, #1536	@ 0x600
341820f4:	9b00      	ldr	r3, [sp, #0]
341820f6:	f85a 1c40 	ldr.w	r1, [sl, #-64]
341820fa:	f003 0201 	and.w	r2, r3, #1
341820fe:	910d      	str	r1, [sp, #52]	@ 0x34
34182100:	e95a c10e 	ldrd	ip, r1, [sl, #-56]	@ 0x38
34182104:	9113      	str	r1, [sp, #76]	@ 0x4c
34182106:	4251      	negs	r1, r2
34182108:	460a      	mov	r2, r1
3418210a:	e95a b312 	ldrd	fp, r3, [sl, #-72]	@ 0x48
3418210e:	e95a 5418 	ldrd	r5, r4, [sl, #-96]	@ 0x60
34182112:	f85a 6c3c 	ldr.w	r6, [sl, #-60]
34182116:	9309      	str	r3, [sp, #36]	@ 0x24
34182118:	960e      	str	r6, [sp, #56]	@ 0x38
3418211a:	e95a 0316 	ldrd	r0, r3, [sl, #-88]	@ 0x58
3418211e:	e95a 7614 	ldrd	r7, r6, [sl, #-80]	@ 0x50
34182122:	400d      	ands	r5, r1
34182124:	ea02 0906 	and.w	r9, r2, r6
34182128:	400c      	ands	r4, r1
3418212a:	4008      	ands	r0, r1
3418212c:	4039      	ands	r1, r7
3418212e:	ea02 0703 	and.w	r7, r2, r3
34182132:	f85a 2c28 	ldr.w	r2, [sl, #-40]
34182136:	f85a 3c1c 	ldr.w	r3, [sl, #-28]
3418213a:	920f      	str	r2, [sp, #60]	@ 0x3c
3418213c:	f85a 2c24 	ldr.w	r2, [sl, #-36]
34182140:	e95a 860c 	ldrd	r8, r6, [sl, #-48]	@ 0x30
34182144:	9210      	str	r2, [sp, #64]	@ 0x40
34182146:	f85a 2c20 	ldr.w	r2, [sl, #-32]
3418214a:	9315      	str	r3, [sp, #84]	@ 0x54
3418214c:	9214      	str	r2, [sp, #80]	@ 0x50
3418214e:	f85a 2c18 	ldr.w	r2, [sl, #-24]
34182152:	f10a 0a60 	add.w	sl, sl, #96	@ 0x60
34182156:	920b      	str	r2, [sp, #44]	@ 0x2c
34182158:	f85a 2c74 	ldr.w	r2, [sl, #-116]
3418215c:	920c      	str	r2, [sp, #48]	@ 0x30
3418215e:	f85a 2c70 	ldr.w	r2, [sl, #-112]
34182162:	9211      	str	r2, [sp, #68]	@ 0x44
34182164:	f85a 2c6c 	ldr.w	r2, [sl, #-108]
34182168:	f85a 3c64 	ldr.w	r3, [sl, #-100]
3418216c:	9212      	str	r2, [sp, #72]	@ 0x48
3418216e:	f85a 2c68 	ldr.w	r2, [sl, #-104]
34182172:	9317      	str	r3, [sp, #92]	@ 0x5c
34182174:	9216      	str	r2, [sp, #88]	@ 0x58
34182176:	e9dd 2300 	ldrd	r2, r3, [sp]
3418217a:	ea52 035f 	lsrl	r2, r3, #1
3418217e:	f002 0201 	and.w	r2, r2, #1
34182182:	4253      	negs	r3, r2
34182184:	461a      	mov	r2, r3
34182186:	ea03 0b0b 	and.w	fp, r3, fp
3418218a:	ea85 050b 	eor.w	r5, r5, fp
3418218e:	950a      	str	r5, [sp, #40]	@ 0x28
34182190:	9d09      	ldr	r5, [sp, #36]	@ 0x24
34182192:	ea03 0b05 	and.w	fp, r3, r5
34182196:	9d0d      	ldr	r5, [sp, #52]	@ 0x34
34182198:	ea84 040b 	eor.w	r4, r4, fp
3418219c:	ea03 0b05 	and.w	fp, r3, r5
341821a0:	ea03 030c 	and.w	r3, r3, ip
341821a4:	9d13      	ldr	r5, [sp, #76]	@ 0x4c
341821a6:	4059      	eors	r1, r3
341821a8:	9b0e      	ldr	r3, [sp, #56]	@ 0x38
341821aa:	ea80 000b 	eor.w	r0, r0, fp
341821ae:	4013      	ands	r3, r2
341821b0:	402a      	ands	r2, r5
341821b2:	ea89 0c02 	eor.w	ip, r9, r2
341821b6:	405f      	eors	r7, r3
341821b8:	e9dd 2300 	ldrd	r2, r3, [sp]
341821bc:	ea52 039f 	lsrl	r2, r3, #2
341821c0:	f002 0201 	and.w	r2, r2, #1
341821c4:	4253      	negs	r3, r2
341821c6:	461a      	mov	r2, r3
341821c8:	9d0a      	ldr	r5, [sp, #40]	@ 0x28
341821ca:	ea03 0808 	and.w	r8, r3, r8
341821ce:	401e      	ands	r6, r3
341821d0:	ea85 0b08 	eor.w	fp, r5, r8
341821d4:	4066      	eors	r6, r4
341821d6:	9d14      	ldr	r5, [sp, #80]	@ 0x50
341821d8:	9c0f      	ldr	r4, [sp, #60]	@ 0x3c
341821da:	e9dd 8900 	ldrd	r8, r9, [sp]
341821de:	401c      	ands	r4, r3
341821e0:	402b      	ands	r3, r5
341821e2:	ea81 0503 	eor.w	r5, r1, r3
341821e6:	9915      	ldr	r1, [sp, #84]	@ 0x54
341821e8:	9b10      	ldr	r3, [sp, #64]	@ 0x40
341821ea:	4044      	eors	r4, r0
341821ec:	4013      	ands	r3, r2
341821ee:	4640      	mov	r0, r8
341821f0:	400a      	ands	r2, r1
341821f2:	4649      	mov	r1, r9
341821f4:	ea50 01df 	lsrl	r0, r1, #3
341821f8:	ea58 191f 	lsrl	r8, r9, #4
341821fc:	f000 0001 	and.w	r0, r0, #1
34182200:	4241      	negs	r1, r0
34182202:	4608      	mov	r0, r1
34182204:	405f      	eors	r7, r3
34182206:	9b0b      	ldr	r3, [sp, #44]	@ 0x2c
34182208:	e9cd 8900 	strd	r8, r9, [sp]
3418220c:	400b      	ands	r3, r1
3418220e:	ea8b 0803 	eor.w	r8, fp, r3
34182212:	9b03      	ldr	r3, [sp, #12]
34182214:	ea8c 0202 	eor.w	r2, ip, r2
34182218:	ea88 0303 	eor.w	r3, r8, r3
3418221c:	9303      	str	r3, [sp, #12]
3418221e:	9b0c      	ldr	r3, [sp, #48]	@ 0x30
34182220:	400b      	ands	r3, r1
34182222:	405e      	eors	r6, r3
34182224:	9b04      	ldr	r3, [sp, #16]
34182226:	4073      	eors	r3, r6
34182228:	9304      	str	r3, [sp, #16]
3418222a:	9b11      	ldr	r3, [sp, #68]	@ 0x44
3418222c:	9e16      	ldr	r6, [sp, #88]	@ 0x58
3418222e:	400b      	ands	r3, r1
34182230:	405c      	eors	r4, r3
34182232:	9b05      	ldr	r3, [sp, #20]
34182234:	4031      	ands	r1, r6
34182236:	4063      	eors	r3, r4
34182238:	9305      	str	r3, [sp, #20]
3418223a:	9b08      	ldr	r3, [sp, #32]
3418223c:	4069      	eors	r1, r5
3418223e:	404b      	eors	r3, r1
34182240:	9308      	str	r3, [sp, #32]
34182242:	9b12      	ldr	r3, [sp, #72]	@ 0x48
34182244:	9917      	ldr	r1, [sp, #92]	@ 0x5c
34182246:	4003      	ands	r3, r0
34182248:	405f      	eors	r7, r3
3418224a:	9b06      	ldr	r3, [sp, #24]
3418224c:	4008      	ands	r0, r1
3418224e:	407b      	eors	r3, r7
34182250:	9306      	str	r3, [sp, #24]
34182252:	9b07      	ldr	r3, [sp, #28]
34182254:	4042      	eors	r2, r0
34182256:	4053      	eors	r3, r2
34182258:	9307      	str	r3, [sp, #28]
3418225a:	f00f c8b5 	le	lr, 341820f4 <samsungsds_aimer_192f_ref_gf_mat_vec_mul+0x44>
3418225e:	9a1a      	ldr	r2, [sp, #104]	@ 0x68
34182260:	e9dd 3418 	ldrd	r3, r4, [sp, #96]	@ 0x60
34182264:	42a2      	cmp	r2, r4
34182266:	f503 63c0 	add.w	r3, r3, #1536	@ 0x600
3418226a:	f47f af37 	bne.w	341820dc <samsungsds_aimer_192f_ref_gf_mat_vec_mul+0x2c>
3418226e:	981b      	ldr	r0, [sp, #108]	@ 0x6c
34182270:	9b03      	ldr	r3, [sp, #12]
34182272:	f8dd e020 	ldr.w	lr, [sp, #32]
34182276:	6003      	str	r3, [r0, #0]
34182278:	9b04      	ldr	r3, [sp, #16]
3418227a:	6043      	str	r3, [r0, #4]
3418227c:	9b05      	ldr	r3, [sp, #20]
3418227e:	6083      	str	r3, [r0, #8]
34182280:	9b06      	ldr	r3, [sp, #24]
34182282:	e9c0 3e03 	strd	r3, lr, [r0, #12]
34182286:	9b07      	ldr	r3, [sp, #28]
34182288:	6143      	str	r3, [r0, #20]
3418228a:	b01d      	add	sp, #116	@ 0x74
3418228c:	e8bd 8ff0 	ldmia.w	sp!, {r4, r5, r6, r7, r8, r9, sl, fp, pc}

34182290 <__wrap__write>:
34182290:	e92d 41f0 	stmdb	sp!, {r4, r5, r6, r7, r8, lr}
34182294:	3801      	subs	r0, #1
34182296:	2801      	cmp	r0, #1
34182298:	b0a0      	sub	sp, #128	@ 0x80
3418229a:	d81c      	bhi.n	341822d6 <__wrap__write+0x46>
3418229c:	2a00      	cmp	r2, #0
3418229e:	4690      	mov	r8, r2
341822a0:	dd15      	ble.n	341822ce <__wrap__write+0x3e>
341822a2:	460e      	mov	r6, r1
341822a4:	4615      	mov	r5, r2
341822a6:	2700      	movs	r7, #0
341822a8:	2d7f      	cmp	r5, #127	@ 0x7f
341822aa:	462c      	mov	r4, r5
341822ac:	bfa8      	it	ge
341822ae:	247f      	movge	r4, #127	@ 0x7f
341822b0:	4631      	mov	r1, r6
341822b2:	4668      	mov	r0, sp
341822b4:	4622      	mov	r2, r4
341822b6:	f002 fb6b 	bl	34184990 <memcpy>
341822ba:	eb0d 0304 	add.w	r3, sp, r4
341822be:	2004      	movs	r0, #4
341822c0:	4669      	mov	r1, sp
341822c2:	701f      	strb	r7, [r3, #0]
341822c4:	beab      	bkpt	0x00ab
341822c6:	1b2d      	subs	r5, r5, r4
341822c8:	2d00      	cmp	r5, #0
341822ca:	4426      	add	r6, r4
341822cc:	dcec      	bgt.n	341822a8 <__wrap__write+0x18>
341822ce:	4640      	mov	r0, r8
341822d0:	b020      	add	sp, #128	@ 0x80
341822d2:	e8bd 81f0 	ldmia.w	sp!, {r4, r5, r6, r7, r8, pc}
341822d6:	f002 fb13 	bl	34184900 <__errno>
341822da:	2209      	movs	r2, #9
341822dc:	4603      	mov	r3, r0
341822de:	f04f 30ff 	mov.w	r0, #4294967295	@ 0xffffffff
341822e2:	601a      	str	r2, [r3, #0]
341822e4:	e7f4      	b.n	341822d0 <__wrap__write+0x40>
341822e6:	bf00      	nop

341822e8 <__wrap__read>:
341822e8:	b508      	push	{r3, lr}
341822ea:	f002 fb09 	bl	34184900 <__errno>
341822ee:	2258      	movs	r2, #88	@ 0x58
341822f0:	4603      	mov	r3, r0
341822f2:	f04f 30ff 	mov.w	r0, #4294967295	@ 0xffffffff
341822f6:	601a      	str	r2, [r3, #0]
341822f8:	bd08      	pop	{r3, pc}
341822fa:	bf00      	nop

341822fc <_sbrk>:
341822fc:	4916      	ldr	r1, [pc, #88]	@ (34182358 <_sbrk+0x5c>)
341822fe:	b508      	push	{r3, lr}
34182300:	680a      	ldr	r2, [r1, #0]
34182302:	b1fa      	cbz	r2, 34182344 <_sbrk+0x48>
34182304:	2800      	cmp	r0, #0
34182306:	dd10      	ble.n	3418232a <_sbrk+0x2e>
34182308:	f8df c054 	ldr.w	ip, [pc, #84]	@ 34182360 <_sbrk+0x64>
3418230c:	1813      	adds	r3, r2, r0
3418230e:	4563      	cmp	r3, ip
34182310:	d81a      	bhi.n	34182348 <_sbrk+0x4c>
34182312:	4618      	mov	r0, r3
34182314:	f8df c04c 	ldr.w	ip, [pc, #76]	@ 34182364 <_sbrk+0x68>
34182318:	600b      	str	r3, [r1, #0]
3418231a:	f8dc 3000 	ldr.w	r3, [ip]
3418231e:	4283      	cmp	r3, r0
34182320:	d201      	bcs.n	34182326 <_sbrk+0x2a>
34182322:	f8cc 0000 	str.w	r0, [ip]
34182326:	4610      	mov	r0, r2
34182328:	bd08      	pop	{r3, pc}
3418232a:	eb02 0300 	add.w	r3, r2, r0
3418232e:	d0f0      	beq.n	34182312 <_sbrk+0x16>
34182330:	f8df c028 	ldr.w	ip, [pc, #40]	@ 3418235c <_sbrk+0x60>
34182334:	4618      	mov	r0, r3
34182336:	4563      	cmp	r3, ip
34182338:	d2ec      	bcs.n	34182314 <_sbrk+0x18>
3418233a:	f002 fae1 	bl	34184900 <__errno>
3418233e:	2316      	movs	r3, #22
34182340:	6003      	str	r3, [r0, #0]
34182342:	e005      	b.n	34182350 <_sbrk+0x54>
34182344:	4a05      	ldr	r2, [pc, #20]	@ (3418235c <_sbrk+0x60>)
34182346:	e7dd      	b.n	34182304 <_sbrk+0x8>
34182348:	f002 fada 	bl	34184900 <__errno>
3418234c:	230c      	movs	r3, #12
3418234e:	6003      	str	r3, [r0, #0]
34182350:	f04f 32ff 	mov.w	r2, #4294967295	@ 0xffffffff
34182354:	4610      	mov	r0, r2
34182356:	bd08      	pop	{r3, pc}
34182358:	341c08c0 	.word	0x341c08c0
3418235c:	34200000 	.word	0x34200000
34182360:	343c0000 	.word	0x343c0000
34182364:	341c08bc 	.word	0x341c08bc

34182368 <SysTick_Handler>:
34182368:	b500      	push	{lr}
3418236a:	f04f 2ee0 	mov.w	lr, #3758153728	@ 0xe000e000
3418236e:	f8df c018 	ldr.w	ip, [pc, #24]	@ 34182388 <SysTick_Handler+0x20>
34182372:	e9dc 2300 	ldrd	r2, r3, [ip]
34182376:	1c50      	adds	r0, r2, #1
34182378:	f143 0100 	adc.w	r1, r3, #0
3418237c:	e9cc 0100 	strd	r0, r1, [ip]
34182380:	f8de 3010 	ldr.w	r3, [lr, #16]
34182384:	bd00      	pop	{pc}
34182386:	bf00      	nop
34182388:	341c08c8 	.word	0x341c08c8

3418238c <Error_Handler>:
3418238c:	2329      	movs	r3, #41	@ 0x29
3418238e:	b500      	push	{lr}
34182390:	f043 e001 	dls	lr, r3
34182394:	4a04      	ldr	r2, [pc, #16]	@ (341823a8 <Error_Handler+0x1c>)
34182396:	2003      	movs	r0, #3
34182398:	1ad1      	subs	r1, r2, r3
3418239a:	beab      	bkpt	0x00ab
3418239c:	3b01      	subs	r3, #1
3418239e:	f00f c007 	le	lr, 34182396 <Error_Handler+0xa>
341823a2:	b672      	cpsid	i
341823a4:	bf30      	wfi
341823a6:	e7fd      	b.n	341823a4 <Error_Handler+0x18>
341823a8:	3418b419 	.word	0x3418b419

341823ac <__wrap_main>:
341823ac:	b570      	push	{r4, r5, r6, lr}
341823ae:	4aa7      	ldr	r2, [pc, #668]	@ (3418264c <__wrap_main+0x2a0>)
341823b0:	b0bc      	sub	sp, #240	@ 0xf0
341823b2:	6953      	ldr	r3, [r2, #20]
341823b4:	f413 3300 	ands.w	r3, r3, #131072	@ 0x20000
341823b8:	d111      	bne.n	341823de <__wrap_main+0x32>
341823ba:	f3bf 8f4f 	dsb	sy
341823be:	f3bf 8f6f 	isb	sy
341823c2:	f8c2 3250 	str.w	r3, [r2, #592]	@ 0x250
341823c6:	f3bf 8f4f 	dsb	sy
341823ca:	f3bf 8f6f 	isb	sy
341823ce:	6953      	ldr	r3, [r2, #20]
341823d0:	f443 3300 	orr.w	r3, r3, #131072	@ 0x20000
341823d4:	6153      	str	r3, [r2, #20]
341823d6:	f3bf 8f4f 	dsb	sy
341823da:	f3bf 8f6f 	isb	sy
341823de:	489b      	ldr	r0, [pc, #620]	@ (3418264c <__wrap_main+0x2a0>)
341823e0:	6943      	ldr	r3, [r0, #20]
341823e2:	f413 3380 	ands.w	r3, r3, #65536	@ 0x10000
341823e6:	d12a      	bne.n	3418243e <__wrap_main+0x92>
341823e8:	f8c0 3084 	str.w	r3, [r0, #132]	@ 0x84
341823ec:	f3bf 8f4f 	dsb	sy
341823f0:	f643 75e0 	movw	r5, #16352	@ 0x3fe0
341823f4:	f8d0 4080 	ldr.w	r4, [r0, #128]	@ 0x80
341823f8:	f3c4 3c4e 	ubfx	ip, r4, #13, #15
341823fc:	ea4f 1c4c 	mov.w	ip, ip, lsl #5
34182400:	f3c4 04c9 	ubfx	r4, r4, #3, #10
34182404:	f104 0e01 	add.w	lr, r4, #1
34182408:	4623      	mov	r3, r4
3418240a:	f04e e001 	dls	lr, lr
3418240e:	ea0c 0105 	and.w	r1, ip, r5
34182412:	ea41 7283 	orr.w	r2, r1, r3, lsl #30
34182416:	f8c0 2260 	str.w	r2, [r0, #608]	@ 0x260
3418241a:	3b01      	subs	r3, #1
3418241c:	f00f c807 	le	lr, 34182412 <__wrap_main+0x66>
34182420:	f1ac 0c20 	sub.w	ip, ip, #32
34182424:	f11c 0f20 	cmn.w	ip, #32
34182428:	d1ec      	bne.n	34182404 <__wrap_main+0x58>
3418242a:	f3bf 8f4f 	dsb	sy
3418242e:	6943      	ldr	r3, [r0, #20]
34182430:	f443 3380 	orr.w	r3, r3, #65536	@ 0x10000
34182434:	6143      	str	r3, [r0, #20]
34182436:	f3bf 8f4f 	dsb	sy
3418243a:	f3bf 8f6f 	isb	sy
3418243e:	f000 fbdd 	bl	34182bfc <HAL_Init>
34182442:	4604      	mov	r4, r0
34182444:	b108      	cbz	r0, 3418244a <__wrap_main+0x9e>
34182446:	f7ff ffa1 	bl	3418238c <Error_Handler>
3418244a:	4601      	mov	r1, r0
3418244c:	2298      	movs	r2, #152	@ 0x98
3418244e:	a816      	add	r0, sp, #88	@ 0x58
34182450:	f002 fa12 	bl	34184878 <memset>
34182454:	2240      	movs	r2, #64	@ 0x40
34182456:	4621      	mov	r1, r4
34182458:	a806      	add	r0, sp, #24
3418245a:	f002 fa0d 	bl	34184878 <memset>
3418245e:	4620      	mov	r0, r4
34182460:	f000 fc42 	bl	34182ce8 <HAL_PWREx_ConfigSupply>
34182464:	2800      	cmp	r0, #0
34182466:	d1ee      	bne.n	34182446 <__wrap_main+0x9a>
34182468:	f000 fc58 	bl	34182d1c <HAL_PWREx_ControlVoltageScaling>
3418246c:	4603      	mov	r3, r0
3418246e:	2800      	cmp	r0, #0
34182470:	d1e9      	bne.n	34182446 <__wrap_main+0x9a>
34182472:	2102      	movs	r1, #2
34182474:	2208      	movs	r2, #8
34182476:	a816      	add	r0, sp, #88	@ 0x58
34182478:	e9cd 331a 	strd	r3, r3, [sp, #104]	@ 0x68
3418247c:	9320      	str	r3, [sp, #128]	@ 0x80
3418247e:	9327      	str	r3, [sp, #156]	@ 0x9c
34182480:	932e      	str	r3, [sp, #184]	@ 0xb8
34182482:	9335      	str	r3, [sp, #212]	@ 0xd4
34182484:	9116      	str	r1, [sp, #88]	@ 0x58
34182486:	9219      	str	r2, [sp, #100]	@ 0x64
34182488:	f000 fd98 	bl	34182fbc <HAL_RCC_OscConfig>
3418248c:	2800      	cmp	r0, #0
3418248e:	d1da      	bne.n	34182446 <__wrap_main+0x9a>
34182490:	a806      	add	r0, sp, #24
34182492:	f001 fc2b 	bl	34183cec <HAL_RCC_GetClockConfig>
34182496:	9b07      	ldr	r3, [sp, #28]
34182498:	f5b3 3f40 	cmp.w	r3, #196608	@ 0x30000
3418249c:	f000 80c8 	beq.w	34182630 <__wrap_main+0x284>
341824a0:	9b08      	ldr	r3, [sp, #32]
341824a2:	f1b3 7f40 	cmp.w	r3, #50331648	@ 0x3000000
341824a6:	f000 80c3 	beq.w	34182630 <__wrap_main+0x284>
341824aa:	2100      	movs	r1, #0
341824ac:	2298      	movs	r2, #152	@ 0x98
341824ae:	a816      	add	r0, sp, #88	@ 0x58
341824b0:	f002 f9e2 	bl	34184878 <memset>
341824b4:	2601      	movs	r6, #1
341824b6:	234b      	movs	r3, #75	@ 0x4b
341824b8:	2402      	movs	r4, #2
341824ba:	2504      	movs	r5, #4
341824bc:	a816      	add	r0, sp, #88	@ 0x58
341824be:	9625      	str	r6, [sp, #148]	@ 0x94
341824c0:	9420      	str	r4, [sp, #128]	@ 0x80
341824c2:	9522      	str	r5, [sp, #136]	@ 0x88
341824c4:	9324      	str	r3, [sp, #144]	@ 0x90
341824c6:	9626      	str	r6, [sp, #152]	@ 0x98
341824c8:	f000 fd78 	bl	34182fbc <HAL_RCC_OscConfig>
341824cc:	4601      	mov	r1, r0
341824ce:	2800      	cmp	r0, #0
341824d0:	d1b9      	bne.n	34182446 <__wrap_main+0x9a>
341824d2:	222c      	movs	r2, #44	@ 0x2c
341824d4:	a80a      	add	r0, sp, #40	@ 0x28
341824d6:	f002 f9cf 	bl	34184878 <memset>
341824da:	2303      	movs	r3, #3
341824dc:	227f      	movs	r2, #127	@ 0x7f
341824de:	f44f 3140 	mov.w	r1, #196608	@ 0x30000
341824e2:	9206      	str	r2, [sp, #24]
341824e4:	9311      	str	r3, [sp, #68]	@ 0x44
341824e6:	f04f 7240 	mov.w	r2, #50331648	@ 0x3000000
341824ea:	9315      	str	r3, [sp, #84]	@ 0x54
341824ec:	f44f 1380 	mov.w	r3, #1048576	@ 0x100000
341824f0:	a806      	add	r0, sp, #24
341824f2:	e9cd 2308 	strd	r2, r3, [sp, #32]
341824f6:	9107      	str	r1, [sp, #28]
341824f8:	940f      	str	r4, [sp, #60]	@ 0x3c
341824fa:	9513      	str	r5, [sp, #76]	@ 0x4c
341824fc:	f001 fa7a 	bl	341839f4 <HAL_RCC_ClockConfig>
34182500:	2800      	cmp	r0, #0
34182502:	d1a0      	bne.n	34182446 <__wrap_main+0x9a>
34182504:	2180      	movs	r1, #128	@ 0x80
34182506:	f44f 7280 	mov.w	r2, #256	@ 0x100
3418250a:	f04f 0c08 	mov.w	ip, #8
3418250e:	4b50      	ldr	r3, [pc, #320]	@ (34182650 <__wrap_main+0x2a4>)
34182510:	f8c3 1a4c 	str.w	r1, [r3, #2636]	@ 0xa4c
34182514:	f44f 5180 	mov.w	r1, #4096	@ 0x1000
34182518:	f8d3 e24c 	ldr.w	lr, [r3, #588]	@ 0x24c
3418251c:	f8cd e058 	str.w	lr, [sp, #88]	@ 0x58
34182520:	f8dd e058 	ldr.w	lr, [sp, #88]	@ 0x58
34182524:	f8c3 2a4c 	str.w	r2, [r3, #2636]	@ 0xa4c
34182528:	f8d3 224c 	ldr.w	r2, [r3, #588]	@ 0x24c
3418252c:	9206      	str	r2, [sp, #24]
3418252e:	9a06      	ldr	r2, [sp, #24]
34182530:	f8c3 6a4c 	str.w	r6, [r3, #2636]	@ 0xa4c
34182534:	f8d3 224c 	ldr.w	r2, [r3, #588]	@ 0x24c
34182538:	9205      	str	r2, [sp, #20]
3418253a:	9a05      	ldr	r2, [sp, #20]
3418253c:	f8c3 4a4c 	str.w	r4, [r3, #2636]	@ 0xa4c
34182540:	f8d3 224c 	ldr.w	r2, [r3, #588]	@ 0x24c
34182544:	9204      	str	r2, [sp, #16]
34182546:	9a04      	ldr	r2, [sp, #16]
34182548:	f8c3 5a4c 	str.w	r5, [r3, #2636]	@ 0xa4c
3418254c:	f8d3 224c 	ldr.w	r2, [r3, #588]	@ 0x24c
34182550:	9203      	str	r2, [sp, #12]
34182552:	9a03      	ldr	r2, [sp, #12]
34182554:	f8c3 ca4c 	str.w	ip, [r3, #2636]	@ 0xa4c
34182558:	f8d3 524c 	ldr.w	r5, [r3, #588]	@ 0x24c
3418255c:	4a3d      	ldr	r2, [pc, #244]	@ (34182654 <__wrap_main+0x2a8>)
3418255e:	9502      	str	r5, [sp, #8]
34182560:	9d02      	ldr	r5, [sp, #8]
34182562:	f8c3 1a54 	str.w	r1, [r3, #2644]	@ 0xa54
34182566:	f8d3 1254 	ldr.w	r1, [r3, #596]	@ 0x254
3418256a:	f103 437c 	add.w	r3, r3, #4227858432	@ 0xfc000000
3418256e:	9101      	str	r1, [sp, #4]
34182570:	9901      	ldr	r1, [sp, #4]
34182572:	6811      	ldr	r1, [r2, #0]
34182574:	f5a3 439c 	sub.w	r3, r3, #19968	@ 0x4e00
34182578:	f421 1180 	bic.w	r1, r1, #1048576	@ 0x100000
3418257c:	6011      	str	r1, [r2, #0]
3418257e:	f8d2 1080 	ldr.w	r1, [r2, #128]	@ 0x80
34182582:	f421 1180 	bic.w	r1, r1, #1048576	@ 0x100000
34182586:	f8c2 1080 	str.w	r1, [r2, #128]	@ 0x80
3418258a:	681a      	ldr	r2, [r3, #0]
3418258c:	f422 1280 	bic.w	r2, r2, #1048576	@ 0x100000
34182590:	601a      	str	r2, [r3, #0]
34182592:	f8d3 2080 	ldr.w	r2, [r3, #128]	@ 0x80
34182596:	f422 1280 	bic.w	r2, r2, #1048576	@ 0x100000
3418259a:	f8c3 2080 	str.w	r2, [r3, #128]	@ 0x80
3418259e:	f3bf 8f4f 	dsb	sy
341825a2:	f3bf 8f6f 	isb	sy
341825a6:	f04f 23e0 	mov.w	r3, #3758153728	@ 0xe000e000
341825aa:	6118      	str	r0, [r3, #16]
341825ac:	b672      	cpsid	i
341825ae:	f04f 4500 	mov.w	r5, #2147483648	@ 0x80000000
341825b2:	4926      	ldr	r1, [pc, #152]	@ (3418264c <__wrap_main+0x2a0>)
341825b4:	f5a3 4330 	sub.w	r3, r3, #45056	@ 0xb000
341825b8:	f8d1 20fc 	ldr.w	r2, [r1, #252]	@ 0xfc
341825bc:	4826      	ldr	r0, [pc, #152]	@ (34182658 <__wrap_main+0x2ac>)
341825be:	f042 7280 	orr.w	r2, r2, #16777216	@ 0x1000000
341825c2:	f8c1 20fc 	str.w	r2, [r1, #252]	@ 0xfc
341825c6:	f8d3 2e04 	ldr.w	r2, [r3, #3588]	@ 0xe04
341825ca:	f022 0201 	bic.w	r2, r2, #1
341825ce:	f8c3 2e04 	str.w	r2, [r3, #3588]	@ 0xe04
341825d2:	f8d3 2e04 	ldr.w	r2, [r3, #3588]	@ 0xe04
341825d6:	f042 0204 	orr.w	r2, r2, #4
341825da:	f8c3 2e04 	str.w	r2, [r3, #3588]	@ 0xe04
341825de:	f8d3 2e04 	ldr.w	r2, [r3, #3588]	@ 0xe04
341825e2:	4332      	orrs	r2, r6
341825e4:	f8c3 2e04 	str.w	r2, [r3, #3588]	@ 0xe04
341825e8:	f8c3 5c00 	str.w	r5, [r3, #3072]	@ 0xc00
341825ec:	f001 ff54 	bl	34184498 <puts>
341825f0:	4b1a      	ldr	r3, [pc, #104]	@ (3418265c <__wrap_main+0x2b0>)
341825f2:	4a1b      	ldr	r2, [pc, #108]	@ (34182660 <__wrap_main+0x2b4>)
341825f4:	6c5b      	ldr	r3, [r3, #68]	@ 0x44
341825f6:	6811      	ldr	r1, [r2, #0]
341825f8:	f403 6370 	and.w	r3, r3, #3840	@ 0xf00
341825fc:	f5b3 7f00 	cmp.w	r3, #512	@ 0x200
34182600:	d022      	beq.n	34182648 <__wrap_main+0x29c>
34182602:	f5a3 7380 	sub.w	r3, r3, #256	@ 0x100
34182606:	425a      	negs	r2, r3
34182608:	415a      	adcs	r2, r3
3418260a:	4816      	ldr	r0, [pc, #88]	@ (34182664 <__wrap_main+0x2b8>)
3418260c:	f001 fed0 	bl	341843b0 <printf>
34182610:	f7fe fb48 	bl	34180ca4 <main>
34182614:	4601      	mov	r1, r0
34182616:	4814      	ldr	r0, [pc, #80]	@ (34182668 <__wrap_main+0x2bc>)
34182618:	f001 feca 	bl	341843b0 <printf>
3418261c:	4b13      	ldr	r3, [pc, #76]	@ (3418266c <__wrap_main+0x2c0>)
3418261e:	681b      	ldr	r3, [r3, #0]
34182620:	6898      	ldr	r0, [r3, #8]
34182622:	f002 f813 	bl	3418464c <fflush>
34182626:	2018      	movs	r0, #24
34182628:	4911      	ldr	r1, [pc, #68]	@ (34182670 <__wrap_main+0x2c4>)
3418262a:	beab      	bkpt	0x00ab
3418262c:	bf30      	wfi
3418262e:	e7fd      	b.n	3418262c <__wrap_main+0x280>
34182630:	2300      	movs	r3, #0
34182632:	2203      	movs	r2, #3
34182634:	a806      	add	r0, sp, #24
34182636:	e9cd 2306 	strd	r2, r3, [sp, #24]
3418263a:	9308      	str	r3, [sp, #32]
3418263c:	f001 f9da 	bl	341839f4 <HAL_RCC_ClockConfig>
34182640:	2800      	cmp	r0, #0
34182642:	f43f af32 	beq.w	341824aa <__wrap_main+0xfe>
34182646:	e6fe      	b.n	34182446 <__wrap_main+0x9a>
34182648:	4622      	mov	r2, r4
3418264a:	e7de      	b.n	3418260a <__wrap_main+0x25e>
3418264c:	e000ed00 	.word	0xe000ed00
34182650:	56028000 	.word	0x56028000
34182654:	52023100 	.word	0x52023100
34182658:	3418b140 	.word	0x3418b140
3418265c:	e000ef00 	.word	0xe000ef00
34182660:	341c0008 	.word	0x341c0008
34182664:	3418b15c 	.word	0x3418b15c
34182668:	3418b188 	.word	0x3418b188
3418266c:	341c0020 	.word	0x341c0020
34182670:	00020026 	.word	0x00020026

34182674 <SystemInit>:
34182674:	e92d 41f0 	stmdb	sp!, {r4, r5, r6, r7, r8, lr}
34182678:	2200      	movs	r2, #0
3418267a:	2001      	movs	r0, #1
3418267c:	2502      	movs	r5, #2
3418267e:	4953      	ldr	r1, [pc, #332]	@ (341827cc <SystemInit+0x158>)
34182680:	4b53      	ldr	r3, [pc, #332]	@ (341827d0 <SystemInit+0x15c>)
34182682:	4c54      	ldr	r4, [pc, #336]	@ (341827d4 <SystemInit+0x160>)
34182684:	f501 5c80 	add.w	ip, r1, #4096	@ 0x1000
34182688:	609c      	str	r4, [r3, #8]
3418268a:	f04f 0e04 	mov.w	lr, #4
3418268e:	f8c1 0a18 	str.w	r0, [r1, #2584]	@ 0xa18
34182692:	2705      	movs	r7, #5
34182694:	f8cc 0218 	str.w	r0, [ip, #536]	@ 0x218
34182698:	2606      	movs	r6, #6
3418269a:	f8cc 0258 	str.w	r0, [ip, #600]	@ 0x258
3418269e:	f04f 0807 	mov.w	r8, #7
341826a2:	f8c3 20d8 	str.w	r2, [r3, #216]	@ 0xd8
341826a6:	f8c3 20dc 	str.w	r2, [r3, #220]	@ 0xdc
341826aa:	f8c3 20e0 	str.w	r2, [r3, #224]	@ 0xe0
341826ae:	f8c3 00d8 	str.w	r0, [r3, #216]	@ 0xd8
341826b2:	f8c3 20dc 	str.w	r2, [r3, #220]	@ 0xdc
341826b6:	f8c3 20e0 	str.w	r2, [r3, #224]	@ 0xe0
341826ba:	f8c3 50d8 	str.w	r5, [r3, #216]	@ 0xd8
341826be:	2503      	movs	r5, #3
341826c0:	f240 2487 	movw	r4, #647	@ 0x287
341826c4:	f8c3 20dc 	str.w	r2, [r3, #220]	@ 0xdc
341826c8:	f8c3 20e0 	str.w	r2, [r3, #224]	@ 0xe0
341826cc:	f8c3 50d8 	str.w	r5, [r3, #216]	@ 0xd8
341826d0:	f8c3 20dc 	str.w	r2, [r3, #220]	@ 0xdc
341826d4:	f8c3 20e0 	str.w	r2, [r3, #224]	@ 0xe0
341826d8:	f8c3 e0d8 	str.w	lr, [r3, #216]	@ 0xd8
341826dc:	f8c3 20dc 	str.w	r2, [r3, #220]	@ 0xdc
341826e0:	f8c3 20e0 	str.w	r2, [r3, #224]	@ 0xe0
341826e4:	f8c3 70d8 	str.w	r7, [r3, #216]	@ 0xd8
341826e8:	f8c3 20dc 	str.w	r2, [r3, #220]	@ 0xdc
341826ec:	f8c3 20e0 	str.w	r2, [r3, #224]	@ 0xe0
341826f0:	f8c3 60d8 	str.w	r6, [r3, #216]	@ 0xd8
341826f4:	f8c3 20dc 	str.w	r2, [r3, #220]	@ 0xdc
341826f8:	f8c3 20e0 	str.w	r2, [r3, #224]	@ 0xe0
341826fc:	f8c3 80d8 	str.w	r8, [r3, #216]	@ 0xd8
34182700:	f8c3 20dc 	str.w	r2, [r3, #220]	@ 0xdc
34182704:	f8c3 20e0 	str.w	r2, [r3, #224]	@ 0xe0
34182708:	f8c1 0a78 	str.w	r0, [r1, #2680]	@ 0xa78
3418270c:	f8df e0cc 	ldr.w	lr, [pc, #204]	@ 341827dc <SystemInit+0x168>
34182710:	f8d1 2278 	ldr.w	r2, [r1, #632]	@ 0x278
34182714:	689a      	ldr	r2, [r3, #8]
34182716:	f44f 5540 	mov.w	r5, #12288	@ 0x3000
3418271a:	f8ce 2010 	str.w	r2, [lr, #16]
3418271e:	4a2e      	ldr	r2, [pc, #184]	@ (341827d8 <SystemInit+0x164>)
34182720:	2640      	movs	r6, #64	@ 0x40
34182722:	6b57      	ldr	r7, [r2, #52]	@ 0x34
34182724:	f447 7780 	orr.w	r7, r7, #256	@ 0x100
34182728:	6357      	str	r7, [r2, #52]	@ 0x34
3418272a:	6b97      	ldr	r7, [r2, #56]	@ 0x38
3418272c:	f447 7780 	orr.w	r7, r7, #256	@ 0x100
34182730:	6397      	str	r7, [r2, #56]	@ 0x38
34182732:	6bd7      	ldr	r7, [r2, #60]	@ 0x3c
34182734:	f447 7740 	orr.w	r7, r7, #768	@ 0x300
34182738:	63d7      	str	r7, [r2, #60]	@ 0x3c
3418273a:	f8ce 4054 	str.w	r4, [lr, #84]	@ 0x54
3418273e:	f8ce 405c 	str.w	r4, [lr, #92]	@ 0x5c
34182742:	f8ce 4044 	str.w	r4, [lr, #68]	@ 0x44
34182746:	f8ce 404c 	str.w	r4, [lr, #76]	@ 0x4c
3418274a:	f8ce 4064 	str.w	r4, [lr, #100]	@ 0x64
3418274e:	6bd4      	ldr	r4, [r2, #60]	@ 0x3c
34182750:	f444 5480 	orr.w	r4, r4, #4096	@ 0x1000
34182754:	63d4      	str	r4, [r2, #60]	@ 0x3c
34182756:	6bd4      	ldr	r4, [r2, #60]	@ 0x3c
34182758:	f044 0410 	orr.w	r4, r4, #16
3418275c:	63d4      	str	r4, [r2, #60]	@ 0x3c
3418275e:	6bd2      	ldr	r2, [r2, #60]	@ 0x3c
34182760:	f8d1 2274 	ldr.w	r2, [r1, #628]	@ 0x274
34182764:	f442 4200 	orr.w	r2, r2, #32768	@ 0x8000
34182768:	f8c1 2274 	str.w	r2, [r1, #628]	@ 0x274
3418276c:	f8d1 2278 	ldr.w	r2, [r1, #632]	@ 0x278
34182770:	f042 0210 	orr.w	r2, r2, #16
34182774:	f8c1 2278 	str.w	r2, [r1, #632]	@ 0x278
34182778:	f8d1 2278 	ldr.w	r2, [r1, #632]	@ 0x278
3418277c:	f8d1 2278 	ldr.w	r2, [r1, #632]	@ 0x278
34182780:	f022 0210 	bic.w	r2, r2, #16
34182784:	f8c1 2278 	str.w	r2, [r1, #632]	@ 0x278
34182788:	f8c1 5a20 	str.w	r5, [r1, #2592]	@ 0xa20
3418278c:	f8cc 5220 	str.w	r5, [ip, #544]	@ 0x220
34182790:	f8c1 0a24 	str.w	r0, [r1, #2596]	@ 0xa24
34182794:	f8cc 0224 	str.w	r0, [ip, #548]	@ 0x224
34182798:	f8cc 0264 	str.w	r0, [ip, #612]	@ 0x264
3418279c:	f8cc 625c 	str.w	r6, [ip, #604]	@ 0x25c
341827a0:	f8de 2010 	ldr.w	r2, [lr, #16]
341827a4:	f8cc 0278 	str.w	r0, [ip, #632]	@ 0x278
341827a8:	f8d3 2088 	ldr.w	r2, [r3, #136]	@ 0x88
341827ac:	f101 410a 	add.w	r1, r1, #2315255808	@ 0x8a000000
341827b0:	f442 0270 	orr.w	r2, r2, #15728640	@ 0xf00000
341827b4:	f501 41da 	add.w	r1, r1, #27904	@ 0x6d00
341827b8:	f8c3 2088 	str.w	r2, [r3, #136]	@ 0x88
341827bc:	f8d1 3088 	ldr.w	r3, [r1, #136]	@ 0x88
341827c0:	f443 0370 	orr.w	r3, r3, #15728640	@ 0xf00000
341827c4:	f8c1 3088 	str.w	r3, [r1, #136]	@ 0x88
341827c8:	e8bd 81f0 	ldmia.w	sp!, {r4, r5, r6, r7, r8, pc}
341827cc:	56028000 	.word	0x56028000
341827d0:	e000ed00 	.word	0xe000ed00
341827d4:	34180400 	.word	0x34180400
341827d8:	56024800 	.word	0x56024800
341827dc:	56008000 	.word	0x56008000

341827e0 <SystemCoreClockUpdate>:
341827e0:	4a70      	ldr	r2, [pc, #448]	@ (341829a4 <SystemCoreClockUpdate+0x1c4>)
341827e2:	6a13      	ldr	r3, [r2, #32]
341827e4:	f403 1340 	and.w	r3, r3, #3145728	@ 0x300000
341827e8:	f5b3 1f00 	cmp.w	r3, #2097152	@ 0x200000
341827ec:	d03a      	beq.n	34182864 <SystemCoreClockUpdate+0x84>
341827ee:	d808      	bhi.n	34182802 <SystemCoreClockUpdate+0x22>
341827f0:	2b00      	cmp	r3, #0
341827f2:	d03b      	beq.n	3418286c <SystemCoreClockUpdate+0x8c>
341827f4:	6c53      	ldr	r3, [r2, #68]	@ 0x44
341827f6:	0598      	lsls	r0, r3, #22
341827f8:	d444      	bmi.n	34182884 <SystemCoreClockUpdate+0xa4>
341827fa:	4b6b      	ldr	r3, [pc, #428]	@ (341829a8 <SystemCoreClockUpdate+0x1c8>)
341827fc:	4a6b      	ldr	r2, [pc, #428]	@ (341829ac <SystemCoreClockUpdate+0x1cc>)
341827fe:	6013      	str	r3, [r2, #0]
34182800:	4770      	bx	lr
34182802:	f5b3 1f40 	cmp.w	r3, #3145728	@ 0x300000
34182806:	d139      	bne.n	3418287c <SystemCoreClockUpdate+0x9c>
34182808:	f8d2 30c4 	ldr.w	r3, [r2, #196]	@ 0xc4
3418280c:	f003 5340 	and.w	r3, r3, #805306368	@ 0x30000000
34182810:	f1b3 5f80 	cmp.w	r3, #268435456	@ 0x10000000
34182814:	d03a      	beq.n	3418288c <SystemCoreClockUpdate+0xac>
34182816:	f1b3 5f00 	cmp.w	r3, #536870912	@ 0x20000000
3418281a:	f000 8087 	beq.w	3418292c <SystemCoreClockUpdate+0x14c>
3418281e:	2b00      	cmp	r3, #0
34182820:	d179      	bne.n	34182916 <SystemCoreClockUpdate+0x136>
34182822:	f8d2 3080 	ldr.w	r3, [r2, #128]	@ 0x80
34182826:	0119      	lsls	r1, r3, #4
34182828:	f003 40e0 	and.w	r0, r3, #1879048192	@ 0x70000000
3418282c:	f140 808a 	bpl.w	34182944 <SystemCoreClockUpdate+0x164>
34182830:	f1b0 5f00 	cmp.w	r0, #536870912	@ 0x20000000
34182834:	f000 809d 	beq.w	34182972 <SystemCoreClockUpdate+0x192>
34182838:	f200 8090 	bhi.w	3418295c <SystemCoreClockUpdate+0x17c>
3418283c:	2800      	cmp	r0, #0
3418283e:	f000 8086 	beq.w	3418294e <SystemCoreClockUpdate+0x16e>
34182842:	4b58      	ldr	r3, [pc, #352]	@ (341829a4 <SystemCoreClockUpdate+0x1c4>)
34182844:	6c5b      	ldr	r3, [r3, #68]	@ 0x44
34182846:	059b      	lsls	r3, r3, #22
34182848:	f100 80a1 	bmi.w	3418298e <SystemCoreClockUpdate+0x1ae>
3418284c:	4b56      	ldr	r3, [pc, #344]	@ (341829a8 <SystemCoreClockUpdate+0x1c8>)
3418284e:	4a55      	ldr	r2, [pc, #340]	@ (341829a4 <SystemCoreClockUpdate+0x1c4>)
34182850:	f8d2 20c4 	ldr.w	r2, [r2, #196]	@ 0xc4
34182854:	f3c2 4207 	ubfx	r2, r2, #16, #8
34182858:	3201      	adds	r2, #1
3418285a:	fbb3 f3f2 	udiv	r3, r3, r2
3418285e:	4a53      	ldr	r2, [pc, #332]	@ (341829ac <SystemCoreClockUpdate+0x1cc>)
34182860:	6013      	str	r3, [r2, #0]
34182862:	4770      	bx	lr
34182864:	4b52      	ldr	r3, [pc, #328]	@ (341829b0 <SystemCoreClockUpdate+0x1d0>)
34182866:	4a51      	ldr	r2, [pc, #324]	@ (341829ac <SystemCoreClockUpdate+0x1cc>)
34182868:	6013      	str	r3, [r2, #0]
3418286a:	4770      	bx	lr
3418286c:	6c92      	ldr	r2, [r2, #72]	@ 0x48
3418286e:	4b51      	ldr	r3, [pc, #324]	@ (341829b4 <SystemCoreClockUpdate+0x1d4>)
34182870:	f3c2 12c1 	ubfx	r2, r2, #7, #2
34182874:	40d3      	lsrs	r3, r2
34182876:	4a4d      	ldr	r2, [pc, #308]	@ (341829ac <SystemCoreClockUpdate+0x1cc>)
34182878:	6013      	str	r3, [r2, #0]
3418287a:	4770      	bx	lr
3418287c:	2300      	movs	r3, #0
3418287e:	4a4b      	ldr	r2, [pc, #300]	@ (341829ac <SystemCoreClockUpdate+0x1cc>)
34182880:	6013      	str	r3, [r2, #0]
34182882:	4770      	bx	lr
34182884:	4b4c      	ldr	r3, [pc, #304]	@ (341829b8 <SystemCoreClockUpdate+0x1d8>)
34182886:	4a49      	ldr	r2, [pc, #292]	@ (341829ac <SystemCoreClockUpdate+0x1cc>)
34182888:	6013      	str	r3, [r2, #0]
3418288a:	4770      	bx	lr
3418288c:	f8d2 3090 	ldr.w	r3, [r2, #144]	@ 0x90
34182890:	0119      	lsls	r1, r3, #4
34182892:	f003 40e0 	and.w	r0, r3, #1879048192	@ 0x70000000
34182896:	d4cb      	bmi.n	34182830 <SystemCoreClockUpdate+0x50>
34182898:	f8d2 1094 	ldr.w	r1, [r2, #148]	@ 0x94
3418289c:	f8d2 2098 	ldr.w	r2, [r2, #152]	@ 0x98
341828a0:	f021 417f 	bic.w	r1, r1, #4278190080	@ 0xff000000
341828a4:	f3c3 5c05 	ubfx	ip, r3, #20, #6
341828a8:	ee07 1a10 	vmov	s14, r1
341828ac:	f1b0 5f00 	cmp.w	r0, #536870912	@ 0x20000000
341828b0:	f3c2 61c2 	ubfx	r1, r2, #27, #3
341828b4:	f3c2 6202 	ubfx	r2, r2, #24, #3
341828b8:	ee05 ca90 	vmov	s11, ip
341828bc:	ee06 1a10 	vmov	s12, r1
341828c0:	ee06 2a90 	vmov	s13, r2
341828c4:	f3c3 230b 	ubfx	r3, r3, #8, #12
341828c8:	d05e      	beq.n	34182988 <SystemCoreClockUpdate+0x1a8>
341828ca:	d84c      	bhi.n	34182966 <SystemCoreClockUpdate+0x186>
341828cc:	2800      	cmp	r0, #0
341828ce:	d052      	beq.n	34182976 <SystemCoreClockUpdate+0x196>
341828d0:	4a34      	ldr	r2, [pc, #208]	@ (341829a4 <SystemCoreClockUpdate+0x1c4>)
341828d2:	6c52      	ldr	r2, [r2, #68]	@ 0x44
341828d4:	0592      	lsls	r2, r2, #22
341828d6:	d561      	bpl.n	3418299c <SystemCoreClockUpdate+0x1bc>
341828d8:	ed9f 5a37 	vldr	s10, [pc, #220]	@ 341829b8 <SystemCoreClockUpdate+0x1d8>
341828dc:	eeb8 5ac5 	vcvt.f32.s32	s10, s10
341828e0:	ee07 3a90 	vmov	s15, r3
341828e4:	eeba 7ac4 	vcvt.f32.s32	s14, s14, #24
341828e8:	eef8 7ae7 	vcvt.f32.s32	s15, s15
341828ec:	ee77 7a27 	vadd.f32	s15, s14, s15
341828f0:	eef8 6ae6 	vcvt.f32.s32	s13, s13
341828f4:	ee67 7a85 	vmul.f32	s15, s15, s10
341828f8:	eef8 5ae5 	vcvt.f32.s32	s11, s11
341828fc:	eeb8 6ac6 	vcvt.f32.s32	s12, s12
34182900:	ee26 7a26 	vmul.f32	s14, s12, s13
34182904:	eec7 6aa5 	vdiv.f32	s13, s15, s11
34182908:	eec6 7a87 	vdiv.f32	s15, s13, s14
3418290c:	eefc 7ae7 	vcvt.u32.f32	s15, s15
34182910:	ee17 3a90 	vmov	r3, s15
34182914:	e79b      	b.n	3418284e <SystemCoreClockUpdate+0x6e>
34182916:	f8d2 30b0 	ldr.w	r3, [r2, #176]	@ 0xb0
3418291a:	0119      	lsls	r1, r3, #4
3418291c:	f003 40e0 	and.w	r0, r3, #1879048192	@ 0x70000000
34182920:	d486      	bmi.n	34182830 <SystemCoreClockUpdate+0x50>
34182922:	f8d2 10b4 	ldr.w	r1, [r2, #180]	@ 0xb4
34182926:	f8d2 20b8 	ldr.w	r2, [r2, #184]	@ 0xb8
3418292a:	e7b9      	b.n	341828a0 <SystemCoreClockUpdate+0xc0>
3418292c:	f8d2 30a0 	ldr.w	r3, [r2, #160]	@ 0xa0
34182930:	0119      	lsls	r1, r3, #4
34182932:	f003 40e0 	and.w	r0, r3, #1879048192	@ 0x70000000
34182936:	f53f af7b 	bmi.w	34182830 <SystemCoreClockUpdate+0x50>
3418293a:	f8d2 10a4 	ldr.w	r1, [r2, #164]	@ 0xa4
3418293e:	f8d2 20a8 	ldr.w	r2, [r2, #168]	@ 0xa8
34182942:	e7ad      	b.n	341828a0 <SystemCoreClockUpdate+0xc0>
34182944:	f8d2 1084 	ldr.w	r1, [r2, #132]	@ 0x84
34182948:	f8d2 2088 	ldr.w	r2, [r2, #136]	@ 0x88
3418294c:	e7a8      	b.n	341828a0 <SystemCoreClockUpdate+0xc0>
3418294e:	4a15      	ldr	r2, [pc, #84]	@ (341829a4 <SystemCoreClockUpdate+0x1c4>)
34182950:	4b18      	ldr	r3, [pc, #96]	@ (341829b4 <SystemCoreClockUpdate+0x1d4>)
34182952:	6c92      	ldr	r2, [r2, #72]	@ 0x48
34182954:	f3c2 12c1 	ubfx	r2, r2, #7, #2
34182958:	40d3      	lsrs	r3, r2
3418295a:	e778      	b.n	3418284e <SystemCoreClockUpdate+0x6e>
3418295c:	f1b0 5f40 	cmp.w	r0, #805306368	@ 0x30000000
34182960:	d11a      	bne.n	34182998 <SystemCoreClockUpdate+0x1b8>
34182962:	4b16      	ldr	r3, [pc, #88]	@ (341829bc <SystemCoreClockUpdate+0x1dc>)
34182964:	e773      	b.n	3418284e <SystemCoreClockUpdate+0x6e>
34182966:	f1b0 5f40 	cmp.w	r0, #805306368	@ 0x30000000
3418296a:	d112      	bne.n	34182992 <SystemCoreClockUpdate+0x1b2>
3418296c:	ed9f 5a13 	vldr	s10, [pc, #76]	@ 341829bc <SystemCoreClockUpdate+0x1dc>
34182970:	e7b4      	b.n	341828dc <SystemCoreClockUpdate+0xfc>
34182972:	4b0f      	ldr	r3, [pc, #60]	@ (341829b0 <SystemCoreClockUpdate+0x1d0>)
34182974:	e76b      	b.n	3418284e <SystemCoreClockUpdate+0x6e>
34182976:	490b      	ldr	r1, [pc, #44]	@ (341829a4 <SystemCoreClockUpdate+0x1c4>)
34182978:	4a0e      	ldr	r2, [pc, #56]	@ (341829b4 <SystemCoreClockUpdate+0x1d4>)
3418297a:	6c89      	ldr	r1, [r1, #72]	@ 0x48
3418297c:	f3c1 11c1 	ubfx	r1, r1, #7, #2
34182980:	40ca      	lsrs	r2, r1
34182982:	ee05 2a10 	vmov	s10, r2
34182986:	e7a9      	b.n	341828dc <SystemCoreClockUpdate+0xfc>
34182988:	ed9f 5a09 	vldr	s10, [pc, #36]	@ 341829b0 <SystemCoreClockUpdate+0x1d0>
3418298c:	e7a6      	b.n	341828dc <SystemCoreClockUpdate+0xfc>
3418298e:	4b0a      	ldr	r3, [pc, #40]	@ (341829b8 <SystemCoreClockUpdate+0x1d8>)
34182990:	e75d      	b.n	3418284e <SystemCoreClockUpdate+0x6e>
34182992:	ed9f 5a0b 	vldr	s10, [pc, #44]	@ 341829c0 <SystemCoreClockUpdate+0x1e0>
34182996:	e7a3      	b.n	341828e0 <SystemCoreClockUpdate+0x100>
34182998:	2300      	movs	r3, #0
3418299a:	e758      	b.n	3418284e <SystemCoreClockUpdate+0x6e>
3418299c:	ed9f 5a02 	vldr	s10, [pc, #8]	@ 341829a8 <SystemCoreClockUpdate+0x1c8>
341829a0:	e79c      	b.n	341828dc <SystemCoreClockUpdate+0xfc>
341829a2:	bf00      	nop
341829a4:	56028000 	.word	0x56028000
341829a8:	003d0900 	.word	0x003d0900
341829ac:	341c0008 	.word	0x341c0008
341829b0:	02dc6c00 	.word	0x02dc6c00
341829b4:	03d09000 	.word	0x03d09000
341829b8:	00f42400 	.word	0x00f42400
341829bc:	00bb8000 	.word	0x00bb8000
341829c0:	00000000 	.word	0x00000000

341829c4 <__acle_se_SECURE_SystemCoreClockUpdate>:
341829c4:	ed6d cf81 	vstr	FPCXTNS, [sp, #-4]!
341829c8:	4a6e      	ldr	r2, [pc, #440]	@ (34182b84 <__acle_se_SECURE_SystemCoreClockUpdate+0x1c0>)
341829ca:	6a13      	ldr	r3, [r2, #32]
341829cc:	f403 1340 	and.w	r3, r3, #3145728	@ 0x300000
341829d0:	f5b3 1f00 	cmp.w	r3, #2097152	@ 0x200000
341829d4:	d036      	beq.n	34182a44 <__acle_se_SECURE_SystemCoreClockUpdate+0x80>
341829d6:	d806      	bhi.n	341829e6 <__acle_se_SECURE_SystemCoreClockUpdate+0x22>
341829d8:	2b00      	cmp	r3, #0
341829da:	d03d      	beq.n	34182a58 <__acle_se_SECURE_SystemCoreClockUpdate+0x94>
341829dc:	6c53      	ldr	r3, [r2, #68]	@ 0x44
341829de:	0598      	lsls	r0, r3, #22
341829e0:	d442      	bmi.n	34182a68 <__acle_se_SECURE_SystemCoreClockUpdate+0xa4>
341829e2:	4869      	ldr	r0, [pc, #420]	@ (34182b88 <__acle_se_SECURE_SystemCoreClockUpdate+0x1c4>)
341829e4:	e02f      	b.n	34182a46 <__acle_se_SECURE_SystemCoreClockUpdate+0x82>
341829e6:	f5b3 1f40 	cmp.w	r3, #3145728	@ 0x300000
341829ea:	d13b      	bne.n	34182a64 <__acle_se_SECURE_SystemCoreClockUpdate+0xa0>
341829ec:	f8d2 30c4 	ldr.w	r3, [r2, #196]	@ 0xc4
341829f0:	f003 5340 	and.w	r3, r3, #805306368	@ 0x30000000
341829f4:	f1b3 5f80 	cmp.w	r3, #268435456	@ 0x10000000
341829f8:	d038      	beq.n	34182a6c <__acle_se_SECURE_SystemCoreClockUpdate+0xa8>
341829fa:	f1b3 5f00 	cmp.w	r3, #536870912	@ 0x20000000
341829fe:	f000 8085 	beq.w	34182b0c <__acle_se_SECURE_SystemCoreClockUpdate+0x148>
34182a02:	2b00      	cmp	r3, #0
34182a04:	d177      	bne.n	34182af6 <__acle_se_SECURE_SystemCoreClockUpdate+0x132>
34182a06:	f8d2 3080 	ldr.w	r3, [r2, #128]	@ 0x80
34182a0a:	0119      	lsls	r1, r3, #4
34182a0c:	f003 40e0 	and.w	r0, r3, #1879048192	@ 0x70000000
34182a10:	f140 8088 	bpl.w	34182b24 <__acle_se_SECURE_SystemCoreClockUpdate+0x160>
34182a14:	f1b0 5f00 	cmp.w	r0, #536870912	@ 0x20000000
34182a18:	f000 809b 	beq.w	34182b52 <__acle_se_SECURE_SystemCoreClockUpdate+0x18e>
34182a1c:	f200 808e 	bhi.w	34182b3c <__acle_se_SECURE_SystemCoreClockUpdate+0x178>
34182a20:	2800      	cmp	r0, #0
34182a22:	f000 8084 	beq.w	34182b2e <__acle_se_SECURE_SystemCoreClockUpdate+0x16a>
34182a26:	4b57      	ldr	r3, [pc, #348]	@ (34182b84 <__acle_se_SECURE_SystemCoreClockUpdate+0x1c0>)
34182a28:	6c5b      	ldr	r3, [r3, #68]	@ 0x44
34182a2a:	059b      	lsls	r3, r3, #22
34182a2c:	f100 809f 	bmi.w	34182b6e <__acle_se_SECURE_SystemCoreClockUpdate+0x1aa>
34182a30:	4855      	ldr	r0, [pc, #340]	@ (34182b88 <__acle_se_SECURE_SystemCoreClockUpdate+0x1c4>)
34182a32:	4b54      	ldr	r3, [pc, #336]	@ (34182b84 <__acle_se_SECURE_SystemCoreClockUpdate+0x1c0>)
34182a34:	f8d3 30c4 	ldr.w	r3, [r3, #196]	@ 0xc4
34182a38:	f3c3 4307 	ubfx	r3, r3, #16, #8
34182a3c:	3301      	adds	r3, #1
34182a3e:	fbb0 f0f3 	udiv	r0, r0, r3
34182a42:	e000      	b.n	34182a46 <__acle_se_SECURE_SystemCoreClockUpdate+0x82>
34182a44:	4851      	ldr	r0, [pc, #324]	@ (34182b8c <__acle_se_SECURE_SystemCoreClockUpdate+0x1c8>)
34182a46:	4b52      	ldr	r3, [pc, #328]	@ (34182b90 <__acle_se_SECURE_SystemCoreClockUpdate+0x1cc>)
34182a48:	6018      	str	r0, [r3, #0]
34182a4a:	ec9f 0a10 	vscclrm	{s0-s15, VPR}
34182a4e:	e89f 900e 	clrm	{r1, r2, r3, ip, APSR}
34182a52:	ecfd cf81 	vldr	FPCXTNS, [sp], #4
34182a56:	4774      	bxns	lr
34182a58:	6c93      	ldr	r3, [r2, #72]	@ 0x48
34182a5a:	484e      	ldr	r0, [pc, #312]	@ (34182b94 <__acle_se_SECURE_SystemCoreClockUpdate+0x1d0>)
34182a5c:	f3c3 13c1 	ubfx	r3, r3, #7, #2
34182a60:	40d8      	lsrs	r0, r3
34182a62:	e7f0      	b.n	34182a46 <__acle_se_SECURE_SystemCoreClockUpdate+0x82>
34182a64:	2000      	movs	r0, #0
34182a66:	e7ee      	b.n	34182a46 <__acle_se_SECURE_SystemCoreClockUpdate+0x82>
34182a68:	484b      	ldr	r0, [pc, #300]	@ (34182b98 <__acle_se_SECURE_SystemCoreClockUpdate+0x1d4>)
34182a6a:	e7ec      	b.n	34182a46 <__acle_se_SECURE_SystemCoreClockUpdate+0x82>
34182a6c:	f8d2 3090 	ldr.w	r3, [r2, #144]	@ 0x90
34182a70:	0119      	lsls	r1, r3, #4
34182a72:	f003 40e0 	and.w	r0, r3, #1879048192	@ 0x70000000
34182a76:	d4cd      	bmi.n	34182a14 <__acle_se_SECURE_SystemCoreClockUpdate+0x50>
34182a78:	f8d2 1094 	ldr.w	r1, [r2, #148]	@ 0x94
34182a7c:	f8d2 2098 	ldr.w	r2, [r2, #152]	@ 0x98
34182a80:	f021 417f 	bic.w	r1, r1, #4278190080	@ 0xff000000
34182a84:	f3c3 5c05 	ubfx	ip, r3, #20, #6
34182a88:	ee07 1a10 	vmov	s14, r1
34182a8c:	f1b0 5f00 	cmp.w	r0, #536870912	@ 0x20000000
34182a90:	f3c2 61c2 	ubfx	r1, r2, #27, #3
34182a94:	f3c2 6202 	ubfx	r2, r2, #24, #3
34182a98:	ee05 ca90 	vmov	s11, ip
34182a9c:	ee06 1a10 	vmov	s12, r1
34182aa0:	ee06 2a90 	vmov	s13, r2
34182aa4:	f3c3 230b 	ubfx	r3, r3, #8, #12
34182aa8:	d05e      	beq.n	34182b68 <__acle_se_SECURE_SystemCoreClockUpdate+0x1a4>
34182aaa:	d84c      	bhi.n	34182b46 <__acle_se_SECURE_SystemCoreClockUpdate+0x182>
34182aac:	2800      	cmp	r0, #0
34182aae:	d052      	beq.n	34182b56 <__acle_se_SECURE_SystemCoreClockUpdate+0x192>
34182ab0:	4a34      	ldr	r2, [pc, #208]	@ (34182b84 <__acle_se_SECURE_SystemCoreClockUpdate+0x1c0>)
34182ab2:	6c52      	ldr	r2, [r2, #68]	@ 0x44
34182ab4:	0592      	lsls	r2, r2, #22
34182ab6:	d561      	bpl.n	34182b7c <__acle_se_SECURE_SystemCoreClockUpdate+0x1b8>
34182ab8:	ed9f 5a37 	vldr	s10, [pc, #220]	@ 34182b98 <__acle_se_SECURE_SystemCoreClockUpdate+0x1d4>
34182abc:	eeb8 5ac5 	vcvt.f32.s32	s10, s10
34182ac0:	ee07 3a90 	vmov	s15, r3
34182ac4:	eeba 7ac4 	vcvt.f32.s32	s14, s14, #24
34182ac8:	eef8 7ae7 	vcvt.f32.s32	s15, s15
34182acc:	ee77 7a27 	vadd.f32	s15, s14, s15
34182ad0:	eef8 6ae6 	vcvt.f32.s32	s13, s13
34182ad4:	ee67 7a85 	vmul.f32	s15, s15, s10
34182ad8:	eef8 5ae5 	vcvt.f32.s32	s11, s11
34182adc:	eeb8 6ac6 	vcvt.f32.s32	s12, s12
34182ae0:	ee26 7a26 	vmul.f32	s14, s12, s13
34182ae4:	eec7 6aa5 	vdiv.f32	s13, s15, s11
34182ae8:	eec6 7a87 	vdiv.f32	s15, s13, s14
34182aec:	eefc 7ae7 	vcvt.u32.f32	s15, s15
34182af0:	ee17 0a90 	vmov	r0, s15
34182af4:	e79d      	b.n	34182a32 <__acle_se_SECURE_SystemCoreClockUpdate+0x6e>
34182af6:	f8d2 30b0 	ldr.w	r3, [r2, #176]	@ 0xb0
34182afa:	0119      	lsls	r1, r3, #4
34182afc:	f003 40e0 	and.w	r0, r3, #1879048192	@ 0x70000000
34182b00:	d488      	bmi.n	34182a14 <__acle_se_SECURE_SystemCoreClockUpdate+0x50>
34182b02:	f8d2 10b4 	ldr.w	r1, [r2, #180]	@ 0xb4
34182b06:	f8d2 20b8 	ldr.w	r2, [r2, #184]	@ 0xb8
34182b0a:	e7b9      	b.n	34182a80 <__acle_se_SECURE_SystemCoreClockUpdate+0xbc>
34182b0c:	f8d2 30a0 	ldr.w	r3, [r2, #160]	@ 0xa0
34182b10:	0119      	lsls	r1, r3, #4
34182b12:	f003 40e0 	and.w	r0, r3, #1879048192	@ 0x70000000
34182b16:	f53f af7d 	bmi.w	34182a14 <__acle_se_SECURE_SystemCoreClockUpdate+0x50>
34182b1a:	f8d2 10a4 	ldr.w	r1, [r2, #164]	@ 0xa4
34182b1e:	f8d2 20a8 	ldr.w	r2, [r2, #168]	@ 0xa8
34182b22:	e7ad      	b.n	34182a80 <__acle_se_SECURE_SystemCoreClockUpdate+0xbc>
34182b24:	f8d2 1084 	ldr.w	r1, [r2, #132]	@ 0x84
34182b28:	f8d2 2088 	ldr.w	r2, [r2, #136]	@ 0x88
34182b2c:	e7a8      	b.n	34182a80 <__acle_se_SECURE_SystemCoreClockUpdate+0xbc>
34182b2e:	4b15      	ldr	r3, [pc, #84]	@ (34182b84 <__acle_se_SECURE_SystemCoreClockUpdate+0x1c0>)
34182b30:	4818      	ldr	r0, [pc, #96]	@ (34182b94 <__acle_se_SECURE_SystemCoreClockUpdate+0x1d0>)
34182b32:	6c9b      	ldr	r3, [r3, #72]	@ 0x48
34182b34:	f3c3 13c1 	ubfx	r3, r3, #7, #2
34182b38:	40d8      	lsrs	r0, r3
34182b3a:	e77a      	b.n	34182a32 <__acle_se_SECURE_SystemCoreClockUpdate+0x6e>
34182b3c:	f1b0 5f40 	cmp.w	r0, #805306368	@ 0x30000000
34182b40:	d11a      	bne.n	34182b78 <__acle_se_SECURE_SystemCoreClockUpdate+0x1b4>
34182b42:	4816      	ldr	r0, [pc, #88]	@ (34182b9c <__acle_se_SECURE_SystemCoreClockUpdate+0x1d8>)
34182b44:	e775      	b.n	34182a32 <__acle_se_SECURE_SystemCoreClockUpdate+0x6e>
34182b46:	f1b0 5f40 	cmp.w	r0, #805306368	@ 0x30000000
34182b4a:	d112      	bne.n	34182b72 <__acle_se_SECURE_SystemCoreClockUpdate+0x1ae>
34182b4c:	ed9f 5a13 	vldr	s10, [pc, #76]	@ 34182b9c <__acle_se_SECURE_SystemCoreClockUpdate+0x1d8>
34182b50:	e7b4      	b.n	34182abc <__acle_se_SECURE_SystemCoreClockUpdate+0xf8>
34182b52:	480e      	ldr	r0, [pc, #56]	@ (34182b8c <__acle_se_SECURE_SystemCoreClockUpdate+0x1c8>)
34182b54:	e76d      	b.n	34182a32 <__acle_se_SECURE_SystemCoreClockUpdate+0x6e>
34182b56:	490b      	ldr	r1, [pc, #44]	@ (34182b84 <__acle_se_SECURE_SystemCoreClockUpdate+0x1c0>)
34182b58:	4a0e      	ldr	r2, [pc, #56]	@ (34182b94 <__acle_se_SECURE_SystemCoreClockUpdate+0x1d0>)
34182b5a:	6c89      	ldr	r1, [r1, #72]	@ 0x48
34182b5c:	f3c1 11c1 	ubfx	r1, r1, #7, #2
34182b60:	40ca      	lsrs	r2, r1
34182b62:	ee05 2a10 	vmov	s10, r2
34182b66:	e7a9      	b.n	34182abc <__acle_se_SECURE_SystemCoreClockUpdate+0xf8>
34182b68:	ed9f 5a08 	vldr	s10, [pc, #32]	@ 34182b8c <__acle_se_SECURE_SystemCoreClockUpdate+0x1c8>
34182b6c:	e7a6      	b.n	34182abc <__acle_se_SECURE_SystemCoreClockUpdate+0xf8>
34182b6e:	480a      	ldr	r0, [pc, #40]	@ (34182b98 <__acle_se_SECURE_SystemCoreClockUpdate+0x1d4>)
34182b70:	e75f      	b.n	34182a32 <__acle_se_SECURE_SystemCoreClockUpdate+0x6e>
34182b72:	ed9f 5a0b 	vldr	s10, [pc, #44]	@ 34182ba0 <__acle_se_SECURE_SystemCoreClockUpdate+0x1dc>
34182b76:	e7a3      	b.n	34182ac0 <__acle_se_SECURE_SystemCoreClockUpdate+0xfc>
34182b78:	2000      	movs	r0, #0
34182b7a:	e75a      	b.n	34182a32 <__acle_se_SECURE_SystemCoreClockUpdate+0x6e>
34182b7c:	ed9f 5a02 	vldr	s10, [pc, #8]	@ 34182b88 <__acle_se_SECURE_SystemCoreClockUpdate+0x1c4>
34182b80:	e79c      	b.n	34182abc <__acle_se_SECURE_SystemCoreClockUpdate+0xf8>
34182b82:	bf00      	nop
34182b84:	56028000 	.word	0x56028000
34182b88:	003d0900 	.word	0x003d0900
34182b8c:	02dc6c00 	.word	0x02dc6c00
34182b90:	341c0008 	.word	0x341c0008
34182b94:	03d09000 	.word	0x03d09000
34182b98:	00f42400 	.word	0x00f42400
34182b9c:	00bb8000 	.word	0x00bb8000
34182ba0:	00000000 	.word	0x00000000

34182ba4 <HAL_MspInit>:
34182ba4:	4770      	bx	lr
34182ba6:	bf00      	nop

34182ba8 <HAL_InitTick>:
34182ba8:	4b11      	ldr	r3, [pc, #68]	@ (34182bf0 <HAL_InitTick+0x48>)
34182baa:	781b      	ldrb	r3, [r3, #0]
34182bac:	b90b      	cbnz	r3, 34182bb2 <HAL_InitTick+0xa>
34182bae:	2001      	movs	r0, #1
34182bb0:	4770      	bx	lr
34182bb2:	f44f 727a 	mov.w	r2, #1000	@ 0x3e8
34182bb6:	fbb2 f3f3 	udiv	r3, r2, r3
34182bba:	b510      	push	{r4, lr}
34182bbc:	490d      	ldr	r1, [pc, #52]	@ (34182bf4 <HAL_InitTick+0x4c>)
34182bbe:	4604      	mov	r4, r0
34182bc0:	6808      	ldr	r0, [r1, #0]
34182bc2:	b082      	sub	sp, #8
34182bc4:	fbb0 f0f3 	udiv	r0, r0, r3
34182bc8:	f000 f876 	bl	34182cb8 <HAL_SYSTICK_Config>
34182bcc:	4602      	mov	r2, r0
34182bce:	b908      	cbnz	r0, 34182bd4 <HAL_InitTick+0x2c>
34182bd0:	2c0f      	cmp	r4, #15
34182bd2:	d902      	bls.n	34182bda <HAL_InitTick+0x32>
34182bd4:	2001      	movs	r0, #1
34182bd6:	b002      	add	sp, #8
34182bd8:	bd10      	pop	{r4, pc}
34182bda:	9001      	str	r0, [sp, #4]
34182bdc:	4621      	mov	r1, r4
34182bde:	f04f 30ff 	mov.w	r0, #4294967295	@ 0xffffffff
34182be2:	f000 f837 	bl	34182c54 <HAL_NVIC_SetPriority>
34182be6:	4b04      	ldr	r3, [pc, #16]	@ (34182bf8 <HAL_InitTick+0x50>)
34182be8:	9801      	ldr	r0, [sp, #4]
34182bea:	601c      	str	r4, [r3, #0]
34182bec:	b002      	add	sp, #8
34182bee:	bd10      	pop	{r4, pc}
34182bf0:	341c000c 	.word	0x341c000c
34182bf4:	341c0008 	.word	0x341c0008
34182bf8:	341c0010 	.word	0x341c0010

34182bfc <HAL_Init>:
34182bfc:	b500      	push	{lr}
34182bfe:	2003      	movs	r0, #3
34182c00:	b083      	sub	sp, #12
34182c02:	f000 f815 	bl	34182c30 <HAL_NVIC_SetPriorityGrouping>
34182c06:	f7ff fdeb 	bl	341827e0 <SystemCoreClockUpdate>
34182c0a:	200f      	movs	r0, #15
34182c0c:	f7ff ffcc 	bl	34182ba8 <HAL_InitTick>
34182c10:	b110      	cbz	r0, 34182c18 <HAL_Init+0x1c>
34182c12:	2001      	movs	r0, #1
34182c14:	b003      	add	sp, #12
34182c16:	bd00      	pop	{pc}
34182c18:	9001      	str	r0, [sp, #4]
34182c1a:	f7ff ffc3 	bl	34182ba4 <HAL_MspInit>
34182c1e:	9801      	ldr	r0, [sp, #4]
34182c20:	b003      	add	sp, #12
34182c22:	bd00      	pop	{pc}

34182c24 <HAL_GetTick>:
34182c24:	4b01      	ldr	r3, [pc, #4]	@ (34182c2c <HAL_GetTick+0x8>)
34182c26:	6818      	ldr	r0, [r3, #0]
34182c28:	4770      	bx	lr
34182c2a:	bf00      	nop
34182c2c:	341c08d0 	.word	0x341c08d0

34182c30 <HAL_NVIC_SetPriorityGrouping>:
34182c30:	f64f 0cff 	movw	ip, #63743	@ 0xf8ff
34182c34:	4906      	ldr	r1, [pc, #24]	@ (34182c50 <HAL_NVIC_SetPriorityGrouping+0x20>)
34182c36:	0203      	lsls	r3, r0, #8
34182c38:	68ca      	ldr	r2, [r1, #12]
34182c3a:	f403 63e0 	and.w	r3, r3, #1792	@ 0x700
34182c3e:	ea02 020c 	and.w	r2, r2, ip
34182c42:	4313      	orrs	r3, r2
34182c44:	f043 63bf 	orr.w	r3, r3, #100139008	@ 0x5f80000
34182c48:	f443 3300 	orr.w	r3, r3, #131072	@ 0x20000
34182c4c:	60cb      	str	r3, [r1, #12]
34182c4e:	4770      	bx	lr
34182c50:	e000ed00 	.word	0xe000ed00

34182c54 <HAL_NVIC_SetPriority>:
34182c54:	4b16      	ldr	r3, [pc, #88]	@ (34182cb0 <HAL_NVIC_SetPriority+0x5c>)
34182c56:	b500      	push	{lr}
34182c58:	68db      	ldr	r3, [r3, #12]
34182c5a:	f3c3 2302 	ubfx	r3, r3, #8, #3
34182c5e:	f1a3 0c03 	sub.w	ip, r3, #3
34182c62:	f1bc 0f04 	cmp.w	ip, #4
34182c66:	d819      	bhi.n	34182c9c <HAL_NVIC_SetPriority+0x48>
34182c68:	f04f 3eff 	mov.w	lr, #4294967295	@ 0xffffffff
34182c6c:	f1c3 0307 	rsb	r3, r3, #7
34182c70:	fa0e f303 	lsl.w	r3, lr, r3
34182c74:	43db      	mvns	r3, r3
34182c76:	fa0e fe0c 	lsl.w	lr, lr, ip
34182c7a:	ea22 020e 	bic.w	r2, r2, lr
34182c7e:	4019      	ands	r1, r3
34182c80:	fa01 f10c 	lsl.w	r1, r1, ip
34182c84:	4311      	orrs	r1, r2
34182c86:	2800      	cmp	r0, #0
34182c88:	ea4f 1101 	mov.w	r1, r1, lsl #4
34182c8c:	db0a      	blt.n	34182ca4 <HAL_NVIC_SetPriority+0x50>
34182c8e:	f100 4060 	add.w	r0, r0, #3758096384	@ 0xe0000000
34182c92:	f500 4061 	add.w	r0, r0, #57600	@ 0xe100
34182c96:	f880 1300 	strb.w	r1, [r0, #768]	@ 0x300
34182c9a:	bd00      	pop	{pc}
34182c9c:	2200      	movs	r2, #0
34182c9e:	230f      	movs	r3, #15
34182ca0:	4694      	mov	ip, r2
34182ca2:	e7ec      	b.n	34182c7e <HAL_NVIC_SetPriority+0x2a>
34182ca4:	4b03      	ldr	r3, [pc, #12]	@ (34182cb4 <HAL_NVIC_SetPriority+0x60>)
34182ca6:	f000 000f 	and.w	r0, r0, #15
34182caa:	18c3      	adds	r3, r0, r3
34182cac:	7619      	strb	r1, [r3, #24]
34182cae:	bd00      	pop	{pc}
34182cb0:	e000ed00 	.word	0xe000ed00
34182cb4:	e000ecfc 	.word	0xe000ecfc

34182cb8 <HAL_SYSTICK_Config>:
34182cb8:	3801      	subs	r0, #1
34182cba:	f1b0 7f80 	cmp.w	r0, #16777216	@ 0x1000000
34182cbe:	d301      	bcc.n	34182cc4 <HAL_SYSTICK_Config+0xc>
34182cc0:	2001      	movs	r0, #1
34182cc2:	4770      	bx	lr
34182cc4:	f04f 23e0 	mov.w	r3, #3758153728	@ 0xe000e000
34182cc8:	f04f 0cf0 	mov.w	ip, #240	@ 0xf0
34182ccc:	2200      	movs	r2, #0
34182cce:	2107      	movs	r1, #7
34182cd0:	b410      	push	{r4}
34182cd2:	4c04      	ldr	r4, [pc, #16]	@ (34182ce4 <HAL_SYSTICK_Config+0x2c>)
34182cd4:	6158      	str	r0, [r3, #20]
34182cd6:	f884 c023 	strb.w	ip, [r4, #35]	@ 0x23
34182cda:	4610      	mov	r0, r2
34182cdc:	bc10      	pop	{r4}
34182cde:	619a      	str	r2, [r3, #24]
34182ce0:	6119      	str	r1, [r3, #16]
34182ce2:	4770      	bx	lr
34182ce4:	e000ed00 	.word	0xe000ed00

34182ce8 <HAL_PWREx_ConfigSupply>:
34182ce8:	b538      	push	{r3, r4, r5, lr}
34182cea:	4c0b      	ldr	r4, [pc, #44]	@ (34182d18 <HAL_PWREx_ConfigSupply+0x30>)
34182cec:	6823      	ldr	r3, [r4, #0]
34182cee:	f023 0304 	bic.w	r3, r3, #4
34182cf2:	4303      	orrs	r3, r0
34182cf4:	6023      	str	r3, [r4, #0]
34182cf6:	f7ff ff95 	bl	34182c24 <HAL_GetTick>
34182cfa:	4605      	mov	r5, r0
34182cfc:	e005      	b.n	34182d0a <HAL_PWREx_ConfigSupply+0x22>
34182cfe:	f7ff ff91 	bl	34182c24 <HAL_GetTick>
34182d02:	1b40      	subs	r0, r0, r5
34182d04:	f5b0 7f7a 	cmp.w	r0, #1000	@ 0x3e8
34182d08:	d804      	bhi.n	34182d14 <HAL_PWREx_ConfigSupply+0x2c>
34182d0a:	6a23      	ldr	r3, [r4, #32]
34182d0c:	039b      	lsls	r3, r3, #14
34182d0e:	d5f6      	bpl.n	34182cfe <HAL_PWREx_ConfigSupply+0x16>
34182d10:	2000      	movs	r0, #0
34182d12:	bd38      	pop	{r3, r4, r5, pc}
34182d14:	2001      	movs	r0, #1
34182d16:	bd38      	pop	{r3, r4, r5, pc}
34182d18:	56024800 	.word	0x56024800

34182d1c <HAL_PWREx_ControlVoltageScaling>:
34182d1c:	b538      	push	{r3, r4, r5, lr}
34182d1e:	4c0b      	ldr	r4, [pc, #44]	@ (34182d4c <HAL_PWREx_ControlVoltageScaling+0x30>)
34182d20:	6a23      	ldr	r3, [r4, #32]
34182d22:	f023 0301 	bic.w	r3, r3, #1
34182d26:	4303      	orrs	r3, r0
34182d28:	6223      	str	r3, [r4, #32]
34182d2a:	f7ff ff7b 	bl	34182c24 <HAL_GetTick>
34182d2e:	4605      	mov	r5, r0
34182d30:	e005      	b.n	34182d3e <HAL_PWREx_ControlVoltageScaling+0x22>
34182d32:	f7ff ff77 	bl	34182c24 <HAL_GetTick>
34182d36:	1b40      	subs	r0, r0, r5
34182d38:	f5b0 7f7a 	cmp.w	r0, #1000	@ 0x3e8
34182d3c:	d804      	bhi.n	34182d48 <HAL_PWREx_ControlVoltageScaling+0x2c>
34182d3e:	6a23      	ldr	r3, [r4, #32]
34182d40:	079b      	lsls	r3, r3, #30
34182d42:	d5f6      	bpl.n	34182d32 <HAL_PWREx_ControlVoltageScaling+0x16>
34182d44:	2000      	movs	r0, #0
34182d46:	bd38      	pop	{r3, r4, r5, pc}
34182d48:	2001      	movs	r0, #1
34182d4a:	bd38      	pop	{r3, r4, r5, pc}
34182d4c:	56024800 	.word	0x56024800

34182d50 <RCC_IC_CheckPLLSources>:
34182d50:	f1b0 5f00 	cmp.w	r0, #536870912	@ 0x20000000
34182d54:	d042      	beq.n	34182ddc <RCC_IC_CheckPLLSources+0x8c>
34182d56:	d813      	bhi.n	34182d80 <RCC_IC_CheckPLLSources+0x30>
34182d58:	2800      	cmp	r0, #0
34182d5a:	d048      	beq.n	34182dee <RCC_IC_CheckPLLSources+0x9e>
34182d5c:	4b2e      	ldr	r3, [pc, #184]	@ (34182e18 <RCC_IC_CheckPLLSources+0xc8>)
34182d5e:	685a      	ldr	r2, [r3, #4]
34182d60:	0590      	lsls	r0, r2, #22
34182d62:	d554      	bpl.n	34182e0e <RCC_IC_CheckPLLSources+0xbe>
34182d64:	2001      	movs	r0, #1
34182d66:	f1b1 5f00 	cmp.w	r1, #536870912	@ 0x20000000
34182d6a:	d017      	beq.n	34182d9c <RCC_IC_CheckPLLSources+0x4c>
34182d6c:	d81f      	bhi.n	34182dae <RCC_IC_CheckPLLSources+0x5e>
34182d6e:	b361      	cbz	r1, 34182dca <RCC_IC_CheckPLLSources+0x7a>
34182d70:	f1b1 5f80 	cmp.w	r1, #268435456	@ 0x10000000
34182d74:	d127      	bne.n	34182dc6 <RCC_IC_CheckPLLSources+0x76>
34182d76:	4b28      	ldr	r3, [pc, #160]	@ (34182e18 <RCC_IC_CheckPLLSources+0xc8>)
34182d78:	685a      	ldr	r2, [r3, #4]
34182d7a:	0592      	lsls	r2, r2, #22
34182d7c:	d540      	bpl.n	34182e00 <RCC_IC_CheckPLLSources+0xb0>
34182d7e:	4770      	bx	lr
34182d80:	f1b0 5f40 	cmp.w	r0, #805306368	@ 0x30000000
34182d84:	d141      	bne.n	34182e0a <RCC_IC_CheckPLLSources+0xba>
34182d86:	4b24      	ldr	r3, [pc, #144]	@ (34182e18 <RCC_IC_CheckPLLSources+0xc8>)
34182d88:	685a      	ldr	r2, [r3, #4]
34182d8a:	0510      	lsls	r0, r2, #20
34182d8c:	d4ea      	bmi.n	34182d64 <RCC_IC_CheckPLLSources+0x14>
34182d8e:	f8d3 00b0 	ldr.w	r0, [r3, #176]	@ 0xb0
34182d92:	f1b1 5f00 	cmp.w	r1, #536870912	@ 0x20000000
34182d96:	f3c0 60c0 	ubfx	r0, r0, #27, #1
34182d9a:	d1e7      	bne.n	34182d6c <RCC_IC_CheckPLLSources+0x1c>
34182d9c:	4b1e      	ldr	r3, [pc, #120]	@ (34182e18 <RCC_IC_CheckPLLSources+0xc8>)
34182d9e:	685a      	ldr	r2, [r3, #4]
34182da0:	0551      	lsls	r1, r2, #21
34182da2:	d4ec      	bmi.n	34182d7e <RCC_IC_CheckPLLSources+0x2e>
34182da4:	f8d3 30a0 	ldr.w	r3, [r3, #160]	@ 0xa0
34182da8:	ea00 60d3 	and.w	r0, r0, r3, lsr #27
34182dac:	4770      	bx	lr
34182dae:	f1b1 5f40 	cmp.w	r1, #805306368	@ 0x30000000
34182db2:	d108      	bne.n	34182dc6 <RCC_IC_CheckPLLSources+0x76>
34182db4:	4b18      	ldr	r3, [pc, #96]	@ (34182e18 <RCC_IC_CheckPLLSources+0xc8>)
34182db6:	685a      	ldr	r2, [r3, #4]
34182db8:	0512      	lsls	r2, r2, #20
34182dba:	bf5c      	itt	pl
34182dbc:	f8d3 30b0 	ldrpl.w	r3, [r3, #176]	@ 0xb0
34182dc0:	ea00 60d3 	andpl.w	r0, r0, r3, lsr #27
34182dc4:	4770      	bx	lr
34182dc6:	2000      	movs	r0, #0
34182dc8:	4770      	bx	lr
34182dca:	4b13      	ldr	r3, [pc, #76]	@ (34182e18 <RCC_IC_CheckPLLSources+0xc8>)
34182dcc:	685a      	ldr	r2, [r3, #4]
34182dce:	05d1      	lsls	r1, r2, #23
34182dd0:	d4d5      	bmi.n	34182d7e <RCC_IC_CheckPLLSources+0x2e>
34182dd2:	f8d3 3080 	ldr.w	r3, [r3, #128]	@ 0x80
34182dd6:	ea00 60d3 	and.w	r0, r0, r3, lsr #27
34182dda:	4770      	bx	lr
34182ddc:	4b0e      	ldr	r3, [pc, #56]	@ (34182e18 <RCC_IC_CheckPLLSources+0xc8>)
34182dde:	685a      	ldr	r2, [r3, #4]
34182de0:	0552      	lsls	r2, r2, #21
34182de2:	d4bf      	bmi.n	34182d64 <RCC_IC_CheckPLLSources+0x14>
34182de4:	f8d3 00a0 	ldr.w	r0, [r3, #160]	@ 0xa0
34182de8:	f3c0 60c0 	ubfx	r0, r0, #27, #1
34182dec:	e7bb      	b.n	34182d66 <RCC_IC_CheckPLLSources+0x16>
34182dee:	4b0a      	ldr	r3, [pc, #40]	@ (34182e18 <RCC_IC_CheckPLLSources+0xc8>)
34182df0:	685a      	ldr	r2, [r3, #4]
34182df2:	05d2      	lsls	r2, r2, #23
34182df4:	d4b6      	bmi.n	34182d64 <RCC_IC_CheckPLLSources+0x14>
34182df6:	f8d3 0080 	ldr.w	r0, [r3, #128]	@ 0x80
34182dfa:	f3c0 60c0 	ubfx	r0, r0, #27, #1
34182dfe:	e7b2      	b.n	34182d66 <RCC_IC_CheckPLLSources+0x16>
34182e00:	f8d3 3090 	ldr.w	r3, [r3, #144]	@ 0x90
34182e04:	ea00 60d3 	and.w	r0, r0, r3, lsr #27
34182e08:	4770      	bx	lr
34182e0a:	2000      	movs	r0, #0
34182e0c:	e7ab      	b.n	34182d66 <RCC_IC_CheckPLLSources+0x16>
34182e0e:	f8d3 0090 	ldr.w	r0, [r3, #144]	@ 0x90
34182e12:	f3c0 60c0 	ubfx	r0, r0, #27, #1
34182e16:	e7a6      	b.n	34182d66 <RCC_IC_CheckPLLSources+0x16>
34182e18:	56028000 	.word	0x56028000

34182e1c <RCC_PLL_Config>:
34182e1c:	e92d 43f8 	stmdb	sp!, {r3, r4, r5, r6, r7, r8, r9, lr}
34182e20:	680b      	ldr	r3, [r1, #0]
34182e22:	460e      	mov	r6, r1
34182e24:	2b02      	cmp	r3, #2
34182e26:	4f5f      	ldr	r7, [pc, #380]	@ (34182fa4 <RCC_PLL_Config+0x188>)
34182e28:	ea4f 1500 	mov.w	r5, r0, lsl #4
34182e2c:	d007      	beq.n	34182e3e <RCC_PLL_Config+0x22>
34182e2e:	2b03      	cmp	r3, #3
34182e30:	d063      	beq.n	34182efa <RCC_PLL_Config+0xde>
34182e32:	2b01      	cmp	r3, #1
34182e34:	f000 8088 	beq.w	34182f48 <RCC_PLL_Config+0x12c>
34182e38:	2000      	movs	r0, #0
34182e3a:	e8bd 83f8 	ldmia.w	sp!, {r3, r4, r5, r6, r7, r8, r9, pc}
34182e3e:	f44f 7480 	mov.w	r4, #256	@ 0x100
34182e42:	4b59      	ldr	r3, [pc, #356]	@ (34182fa8 <RCC_PLL_Config+0x18c>)
34182e44:	4084      	lsls	r4, r0
34182e46:	601c      	str	r4, [r3, #0]
34182e48:	f7ff feec 	bl	34182c24 <HAL_GetTick>
34182e4c:	f8df 8168 	ldr.w	r8, [pc, #360]	@ 34182fb8 <RCC_PLL_Config+0x19c>
34182e50:	4681      	mov	r9, r0
34182e52:	e005      	b.n	34182e60 <RCC_PLL_Config+0x44>
34182e54:	f7ff fee6 	bl	34182c24 <HAL_GetTick>
34182e58:	eba0 0009 	sub.w	r0, r0, r9
34182e5c:	2801      	cmp	r0, #1
34182e5e:	d849      	bhi.n	34182ef4 <RCC_PLL_Config+0xd8>
34182e60:	f8d8 3004 	ldr.w	r3, [r8, #4]
34182e64:	ea34 0303 	bics.w	r3, r4, r3
34182e68:	d0f4      	beq.n	34182e54 <RCC_PLL_Config+0x38>
34182e6a:	59eb      	ldr	r3, [r5, r7]
34182e6c:	484f      	ldr	r0, [pc, #316]	@ (34182fac <RCC_PLL_Config+0x190>)
34182e6e:	f043 0304 	orr.w	r3, r3, #4
34182e72:	51eb      	str	r3, [r5, r7]
34182e74:	582b      	ldr	r3, [r5, r0]
34182e76:	4a4e      	ldr	r2, [pc, #312]	@ (34182fb0 <RCC_PLL_Config+0x194>)
34182e78:	f023 6300 	bic.w	r3, r3, #134217728	@ 0x8000000
34182e7c:	502b      	str	r3, [r5, r0]
34182e7e:	6933      	ldr	r3, [r6, #16]
34182e80:	68b1      	ldr	r1, [r6, #8]
34182e82:	021b      	lsls	r3, r3, #8
34182e84:	ea43 5301 	orr.w	r3, r3, r1, lsl #20
34182e88:	6871      	ldr	r1, [r6, #4]
34182e8a:	5828      	ldr	r0, [r5, r0]
34182e8c:	430b      	orrs	r3, r1
34182e8e:	4949      	ldr	r1, [pc, #292]	@ (34182fb4 <RCC_PLL_Config+0x198>)
34182e90:	4001      	ands	r1, r0
34182e92:	4846      	ldr	r0, [pc, #280]	@ (34182fac <RCC_PLL_Config+0x190>)
34182e94:	430b      	orrs	r3, r1
34182e96:	502b      	str	r3, [r5, r0]
34182e98:	69b3      	ldr	r3, [r6, #24]
34182e9a:	59e9      	ldr	r1, [r5, r7]
34182e9c:	6970      	ldr	r0, [r6, #20]
34182e9e:	061b      	lsls	r3, r3, #24
34182ea0:	f021 517c 	bic.w	r1, r1, #1056964608	@ 0x3f000000
34182ea4:	ea43 63c0 	orr.w	r3, r3, r0, lsl #27
34182ea8:	430b      	orrs	r3, r1
34182eaa:	51eb      	str	r3, [r5, r7]
34182eac:	58ab      	ldr	r3, [r5, r2]
34182eae:	68f1      	ldr	r1, [r6, #12]
34182eb0:	f003 437f 	and.w	r3, r3, #4278190080	@ 0xff000000
34182eb4:	430b      	orrs	r3, r1
34182eb6:	50ab      	str	r3, [r5, r2]
34182eb8:	59eb      	ldr	r3, [r5, r7]
34182eba:	f023 0308 	bic.w	r3, r3, #8
34182ebe:	51eb      	str	r3, [r5, r7]
34182ec0:	68f3      	ldr	r3, [r6, #12]
34182ec2:	b11b      	cbz	r3, 34182ecc <RCC_PLL_Config+0xb0>
34182ec4:	59eb      	ldr	r3, [r5, r7]
34182ec6:	f043 030a 	orr.w	r3, r3, #10
34182eca:	51eb      	str	r3, [r5, r7]
34182ecc:	59eb      	ldr	r3, [r5, r7]
34182ece:	4e3a      	ldr	r6, [pc, #232]	@ (34182fb8 <RCC_PLL_Config+0x19c>)
34182ed0:	f043 4380 	orr.w	r3, r3, #1073741824	@ 0x40000000
34182ed4:	f043 0301 	orr.w	r3, r3, #1
34182ed8:	51eb      	str	r3, [r5, r7]
34182eda:	f8c6 4800 	str.w	r4, [r6, #2048]	@ 0x800
34182ede:	f7ff fea1 	bl	34182c24 <HAL_GetTick>
34182ee2:	4605      	mov	r5, r0
34182ee4:	6873      	ldr	r3, [r6, #4]
34182ee6:	421c      	tst	r4, r3
34182ee8:	d1a6      	bne.n	34182e38 <RCC_PLL_Config+0x1c>
34182eea:	f7ff fe9b 	bl	34182c24 <HAL_GetTick>
34182eee:	1b40      	subs	r0, r0, r5
34182ef0:	2801      	cmp	r0, #1
34182ef2:	d9f7      	bls.n	34182ee4 <RCC_PLL_Config+0xc8>
34182ef4:	2003      	movs	r0, #3
34182ef6:	e8bd 83f8 	ldmia.w	sp!, {r3, r4, r5, r6, r7, r8, r9, pc}
34182efa:	684b      	ldr	r3, [r1, #4]
34182efc:	f1b3 5f80 	cmp.w	r3, #268435456	@ 0x10000000
34182f00:	d04a      	beq.n	34182f98 <RCC_PLL_Config+0x17c>
34182f02:	f1b3 5f00 	cmp.w	r3, #536870912	@ 0x20000000
34182f06:	d042      	beq.n	34182f8e <RCC_PLL_Config+0x172>
34182f08:	2b00      	cmp	r3, #0
34182f0a:	d03a      	beq.n	34182f82 <RCC_PLL_Config+0x166>
34182f0c:	f44f 7480 	mov.w	r4, #256	@ 0x100
34182f10:	4b25      	ldr	r3, [pc, #148]	@ (34182fa8 <RCC_PLL_Config+0x18c>)
34182f12:	4084      	lsls	r4, r0
34182f14:	601c      	str	r4, [r3, #0]
34182f16:	f7ff fe85 	bl	34182c24 <HAL_GetTick>
34182f1a:	4f27      	ldr	r7, [pc, #156]	@ (34182fb8 <RCC_PLL_Config+0x19c>)
34182f1c:	4680      	mov	r8, r0
34182f1e:	e005      	b.n	34182f2c <RCC_PLL_Config+0x110>
34182f20:	f7ff fe80 	bl	34182c24 <HAL_GetTick>
34182f24:	eba0 0008 	sub.w	r0, r0, r8
34182f28:	2801      	cmp	r0, #1
34182f2a:	d8e3      	bhi.n	34182ef4 <RCC_PLL_Config+0xd8>
34182f2c:	687b      	ldr	r3, [r7, #4]
34182f2e:	ea34 0303 	bics.w	r3, r4, r3
34182f32:	d0f5      	beq.n	34182f20 <RCC_PLL_Config+0x104>
34182f34:	491d      	ldr	r1, [pc, #116]	@ (34182fac <RCC_PLL_Config+0x190>)
34182f36:	6872      	ldr	r2, [r6, #4]
34182f38:	586b      	ldr	r3, [r5, r1]
34182f3a:	f023 43f0 	bic.w	r3, r3, #2013265920	@ 0x78000000
34182f3e:	4313      	orrs	r3, r2
34182f40:	f043 6300 	orr.w	r3, r3, #134217728	@ 0x8000000
34182f44:	506b      	str	r3, [r5, r1]
34182f46:	e777      	b.n	34182e38 <RCC_PLL_Config+0x1c>
34182f48:	f44f 7480 	mov.w	r4, #256	@ 0x100
34182f4c:	59eb      	ldr	r3, [r5, r7]
34182f4e:	4084      	lsls	r4, r0
34182f50:	f023 4380 	bic.w	r3, r3, #1073741824	@ 0x40000000
34182f54:	51eb      	str	r3, [r5, r7]
34182f56:	4b14      	ldr	r3, [pc, #80]	@ (34182fa8 <RCC_PLL_Config+0x18c>)
34182f58:	4e17      	ldr	r6, [pc, #92]	@ (34182fb8 <RCC_PLL_Config+0x19c>)
34182f5a:	601c      	str	r4, [r3, #0]
34182f5c:	f7ff fe62 	bl	34182c24 <HAL_GetTick>
34182f60:	4607      	mov	r7, r0
34182f62:	e004      	b.n	34182f6e <RCC_PLL_Config+0x152>
34182f64:	f7ff fe5e 	bl	34182c24 <HAL_GetTick>
34182f68:	1bc0      	subs	r0, r0, r7
34182f6a:	2801      	cmp	r0, #1
34182f6c:	d8c2      	bhi.n	34182ef4 <RCC_PLL_Config+0xd8>
34182f6e:	6873      	ldr	r3, [r6, #4]
34182f70:	ea34 0303 	bics.w	r3, r4, r3
34182f74:	d0f6      	beq.n	34182f64 <RCC_PLL_Config+0x148>
34182f76:	4a0d      	ldr	r2, [pc, #52]	@ (34182fac <RCC_PLL_Config+0x190>)
34182f78:	58ab      	ldr	r3, [r5, r2]
34182f7a:	f023 6300 	bic.w	r3, r3, #134217728	@ 0x8000000
34182f7e:	50ab      	str	r3, [r5, r2]
34182f80:	e75a      	b.n	34182e38 <RCC_PLL_Config+0x1c>
34182f82:	4b0d      	ldr	r3, [pc, #52]	@ (34182fb8 <RCC_PLL_Config+0x19c>)
34182f84:	685b      	ldr	r3, [r3, #4]
34182f86:	0719      	lsls	r1, r3, #28
34182f88:	d4c0      	bmi.n	34182f0c <RCC_PLL_Config+0xf0>
34182f8a:	2001      	movs	r0, #1
34182f8c:	e755      	b.n	34182e3a <RCC_PLL_Config+0x1e>
34182f8e:	4b0a      	ldr	r3, [pc, #40]	@ (34182fb8 <RCC_PLL_Config+0x19c>)
34182f90:	685b      	ldr	r3, [r3, #4]
34182f92:	06db      	lsls	r3, r3, #27
34182f94:	d4ba      	bmi.n	34182f0c <RCC_PLL_Config+0xf0>
34182f96:	e7f8      	b.n	34182f8a <RCC_PLL_Config+0x16e>
34182f98:	4b07      	ldr	r3, [pc, #28]	@ (34182fb8 <RCC_PLL_Config+0x19c>)
34182f9a:	685b      	ldr	r3, [r3, #4]
34182f9c:	075a      	lsls	r2, r3, #29
34182f9e:	d4b5      	bmi.n	34182f0c <RCC_PLL_Config+0xf0>
34182fa0:	e7f3      	b.n	34182f8a <RCC_PLL_Config+0x16e>
34182fa2:	bf00      	nop
34182fa4:	56028088 	.word	0x56028088
34182fa8:	56029000 	.word	0x56029000
34182fac:	56028080 	.word	0x56028080
34182fb0:	56028084 	.word	0x56028084
34182fb4:	8c0000ff 	.word	0x8c0000ff
34182fb8:	56028000 	.word	0x56028000

34182fbc <HAL_RCC_OscConfig>:
34182fbc:	2800      	cmp	r0, #0
34182fbe:	f000 8286 	beq.w	341834ce <HAL_RCC_OscConfig+0x512>
34182fc2:	e92d 4ff0 	stmdb	sp!, {r4, r5, r6, r7, r8, r9, sl, fp, lr}
34182fc6:	4604      	mov	r4, r0
34182fc8:	4b94      	ldr	r3, [pc, #592]	@ (3418321c <HAL_RCC_OscConfig+0x260>)
34182fca:	b083      	sub	sp, #12
34182fcc:	f8d3 c020 	ldr.w	ip, [r3, #32]
34182fd0:	6a18      	ldr	r0, [r3, #32]
34182fd2:	f8d3 1080 	ldr.w	r1, [r3, #128]	@ 0x80
34182fd6:	f8d3 2090 	ldr.w	r2, [r3, #144]	@ 0x90
34182fda:	f40c 1540 	and.w	r5, ip, #3145728	@ 0x300000
34182fde:	f002 49e0 	and.w	r9, r2, #1879048192	@ 0x70000000
34182fe2:	f8d3 20a0 	ldr.w	r2, [r3, #160]	@ 0xa0
34182fe6:	f000 5040 	and.w	r0, r0, #805306368	@ 0x30000000
34182fea:	f002 4ae0 	and.w	sl, r2, #1879048192	@ 0x70000000
34182fee:	f8d3 20b0 	ldr.w	r2, [r3, #176]	@ 0xb0
34182ff2:	685b      	ldr	r3, [r3, #4]
34182ff4:	f001 41e0 	and.w	r1, r1, #1879048192	@ 0x70000000
34182ff8:	4698      	mov	r8, r3
34182ffa:	6823      	ldr	r3, [r4, #0]
34182ffc:	f002 4be0 	and.w	fp, r2, #1879048192	@ 0x70000000
34183000:	07da      	lsls	r2, r3, #31
34183002:	462e      	mov	r6, r5
34183004:	4607      	mov	r7, r0
34183006:	9101      	str	r1, [sp, #4]
34183008:	d536      	bpl.n	34183078 <HAL_RCC_OscConfig+0xbc>
3418300a:	f5b5 1f00 	cmp.w	r5, #2097152	@ 0x200000
3418300e:	f000 80d7 	beq.w	341831c0 <HAL_RCC_OscConfig+0x204>
34183012:	f1b0 5f00 	cmp.w	r0, #536870912	@ 0x20000000
34183016:	f000 80d3 	beq.w	341831c0 <HAL_RCC_OscConfig+0x204>
3418301a:	f1b1 5f00 	cmp.w	r1, #536870912	@ 0x20000000
3418301e:	f000 80cb 	beq.w	341831b8 <HAL_RCC_OscConfig+0x1fc>
34183022:	f1b9 5f00 	cmp.w	r9, #536870912	@ 0x20000000
34183026:	f000 8266 	beq.w	341834f6 <HAL_RCC_OscConfig+0x53a>
3418302a:	f1ba 5f00 	cmp.w	sl, #536870912	@ 0x20000000
3418302e:	f000 82e1 	beq.w	341835f4 <HAL_RCC_OscConfig+0x638>
34183032:	f1bb 5f00 	cmp.w	fp, #536870912	@ 0x20000000
34183036:	f000 82e2 	beq.w	341835fe <HAL_RCC_OscConfig+0x642>
3418303a:	6863      	ldr	r3, [r4, #4]
3418303c:	2b10      	cmp	r3, #16
3418303e:	f000 8334 	beq.w	341836aa <HAL_RCC_OscConfig+0x6ee>
34183042:	2b00      	cmp	r3, #0
34183044:	f040 826b 	bne.w	3418351e <HAL_RCC_OscConfig+0x562>
34183048:	2210      	movs	r2, #16
3418304a:	4b75      	ldr	r3, [pc, #468]	@ (34183220 <HAL_RCC_OscConfig+0x264>)
3418304c:	601a      	str	r2, [r3, #0]
3418304e:	4a73      	ldr	r2, [pc, #460]	@ (3418321c <HAL_RCC_OscConfig+0x260>)
34183050:	6d53      	ldr	r3, [r2, #84]	@ 0x54
34183052:	f423 33c0 	bic.w	r3, r3, #98304	@ 0x18000
34183056:	6553      	str	r3, [r2, #84]	@ 0x54
34183058:	f7ff fde4 	bl	34182c24 <HAL_GetTick>
3418305c:	6863      	ldr	r3, [r4, #4]
3418305e:	4605      	mov	r5, r0
34183060:	b92b      	cbnz	r3, 3418306e <HAL_RCC_OscConfig+0xb2>
34183062:	e257      	b.n	34183514 <HAL_RCC_OscConfig+0x558>
34183064:	f7ff fdde 	bl	34182c24 <HAL_GetTick>
34183068:	1b40      	subs	r0, r0, r5
3418306a:	2864      	cmp	r0, #100	@ 0x64
3418306c:	d83d      	bhi.n	341830ea <HAL_RCC_OscConfig+0x12e>
3418306e:	4b6b      	ldr	r3, [pc, #428]	@ (3418321c <HAL_RCC_OscConfig+0x260>)
34183070:	685b      	ldr	r3, [r3, #4]
34183072:	06db      	lsls	r3, r3, #27
34183074:	d5f6      	bpl.n	34183064 <HAL_RCC_OscConfig+0xa8>
34183076:	6823      	ldr	r3, [r4, #0]
34183078:	0799      	lsls	r1, r3, #30
3418307a:	d43a      	bmi.n	341830f2 <HAL_RCC_OscConfig+0x136>
3418307c:	06d9      	lsls	r1, r3, #27
3418307e:	d555      	bpl.n	3418312c <HAL_RCC_OscConfig+0x170>
34183080:	f5b6 1f80 	cmp.w	r6, #1048576	@ 0x100000
34183084:	f000 8184 	beq.w	34183390 <HAL_RCC_OscConfig+0x3d4>
34183088:	f1b7 5f80 	cmp.w	r7, #268435456	@ 0x10000000
3418308c:	f000 8180 	beq.w	34183390 <HAL_RCC_OscConfig+0x3d4>
34183090:	9a01      	ldr	r2, [sp, #4]
34183092:	f1b2 5f80 	cmp.w	r2, #268435456	@ 0x10000000
34183096:	f000 8177 	beq.w	34183388 <HAL_RCC_OscConfig+0x3cc>
3418309a:	f1b9 5f80 	cmp.w	r9, #268435456	@ 0x10000000
3418309e:	f000 8308 	beq.w	341836b2 <HAL_RCC_OscConfig+0x6f6>
341830a2:	f1ba 5f80 	cmp.w	sl, #268435456	@ 0x10000000
341830a6:	f000 827d 	beq.w	341835a4 <HAL_RCC_OscConfig+0x5e8>
341830aa:	f1bb 5f80 	cmp.w	fp, #268435456	@ 0x10000000
341830ae:	f000 827e 	beq.w	341835ae <HAL_RCC_OscConfig+0x5f2>
341830b2:	69e3      	ldr	r3, [r4, #28]
341830b4:	2b00      	cmp	r3, #0
341830b6:	f000 8329 	beq.w	3418370c <HAL_RCC_OscConfig+0x750>
341830ba:	2104      	movs	r1, #4
341830bc:	4b57      	ldr	r3, [pc, #348]	@ (3418321c <HAL_RCC_OscConfig+0x260>)
341830be:	6a20      	ldr	r0, [r4, #32]
341830c0:	6c5a      	ldr	r2, [r3, #68]	@ 0x44
341830c2:	f422 7200 	bic.w	r2, r2, #512	@ 0x200
341830c6:	4302      	orrs	r2, r0
341830c8:	645a      	str	r2, [r3, #68]	@ 0x44
341830ca:	f8c3 1800 	str.w	r1, [r3, #2048]	@ 0x800
341830ce:	f7ff fda9 	bl	34182c24 <HAL_GetTick>
341830d2:	4605      	mov	r5, r0
341830d4:	4b51      	ldr	r3, [pc, #324]	@ (3418321c <HAL_RCC_OscConfig+0x260>)
341830d6:	685a      	ldr	r2, [r3, #4]
341830d8:	0752      	lsls	r2, r2, #29
341830da:	f100 8323 	bmi.w	34183724 <HAL_RCC_OscConfig+0x768>
341830de:	f7ff fda1 	bl	34182c24 <HAL_GetTick>
341830e2:	1b42      	subs	r2, r0, r5
341830e4:	2a01      	cmp	r2, #1
341830e6:	4b4d      	ldr	r3, [pc, #308]	@ (3418321c <HAL_RCC_OscConfig+0x260>)
341830e8:	d9f5      	bls.n	341830d6 <HAL_RCC_OscConfig+0x11a>
341830ea:	2003      	movs	r0, #3
341830ec:	b003      	add	sp, #12
341830ee:	e8bd 8ff0 	ldmia.w	sp!, {r4, r5, r6, r7, r8, r9, sl, fp, pc}
341830f2:	b146      	cbz	r6, 34183106 <HAL_RCC_OscConfig+0x14a>
341830f4:	b13f      	cbz	r7, 34183106 <HAL_RCC_OscConfig+0x14a>
341830f6:	9a01      	ldr	r2, [sp, #4]
341830f8:	2a00      	cmp	r2, #0
341830fa:	f040 81b7 	bne.w	3418346c <HAL_RCC_OscConfig+0x4b0>
341830fe:	f418 7f80 	tst.w	r8, #256	@ 0x100
34183102:	f000 81b3 	beq.w	3418346c <HAL_RCC_OscConfig+0x4b0>
34183106:	68e2      	ldr	r2, [r4, #12]
34183108:	2a00      	cmp	r2, #0
3418310a:	d05b      	beq.n	341831c4 <HAL_RCC_OscConfig+0x208>
3418310c:	4943      	ldr	r1, [pc, #268]	@ (3418321c <HAL_RCC_OscConfig+0x260>)
3418310e:	6920      	ldr	r0, [r4, #16]
34183110:	6c8a      	ldr	r2, [r1, #72]	@ 0x48
34183112:	f422 72c0 	bic.w	r2, r2, #384	@ 0x180
34183116:	4302      	orrs	r2, r0
34183118:	648a      	str	r2, [r1, #72]	@ 0x48
3418311a:	6c8a      	ldr	r2, [r1, #72]	@ 0x48
3418311c:	6960      	ldr	r0, [r4, #20]
3418311e:	f422 02fe 	bic.w	r2, r2, #8323072	@ 0x7f0000
34183122:	ea42 4200 	orr.w	r2, r2, r0, lsl #16
34183126:	648a      	str	r2, [r1, #72]	@ 0x48
34183128:	06d9      	lsls	r1, r3, #27
3418312a:	d4a9      	bmi.n	34183080 <HAL_RCC_OscConfig+0xc4>
3418312c:	071d      	lsls	r5, r3, #28
3418312e:	d515      	bpl.n	3418315c <HAL_RCC_OscConfig+0x1a0>
34183130:	69a3      	ldr	r3, [r4, #24]
34183132:	2b00      	cmp	r3, #0
34183134:	f000 81cd 	beq.w	341834d2 <HAL_RCC_OscConfig+0x516>
34183138:	2301      	movs	r3, #1
3418313a:	4a38      	ldr	r2, [pc, #224]	@ (3418321c <HAL_RCC_OscConfig+0x260>)
3418313c:	f8c2 3800 	str.w	r3, [r2, #2048]	@ 0x800
34183140:	f7ff fd70 	bl	34182c24 <HAL_GetTick>
34183144:	4605      	mov	r5, r0
34183146:	e004      	b.n	34183152 <HAL_RCC_OscConfig+0x196>
34183148:	f7ff fd6c 	bl	34182c24 <HAL_GetTick>
3418314c:	1b40      	subs	r0, r0, r5
3418314e:	2801      	cmp	r0, #1
34183150:	d8cb      	bhi.n	341830ea <HAL_RCC_OscConfig+0x12e>
34183152:	4b32      	ldr	r3, [pc, #200]	@ (3418321c <HAL_RCC_OscConfig+0x260>)
34183154:	685b      	ldr	r3, [r3, #4]
34183156:	07d8      	lsls	r0, r3, #31
34183158:	d5f6      	bpl.n	34183148 <HAL_RCC_OscConfig+0x18c>
3418315a:	6823      	ldr	r3, [r4, #0]
3418315c:	075a      	lsls	r2, r3, #29
3418315e:	d535      	bpl.n	341831cc <HAL_RCC_OscConfig+0x210>
34183160:	68a3      	ldr	r3, [r4, #8]
34183162:	2b02      	cmp	r3, #2
34183164:	f000 8242 	beq.w	341835ec <HAL_RCC_OscConfig+0x630>
34183168:	2b00      	cmp	r3, #0
3418316a:	f000 8162 	beq.w	34183432 <HAL_RCC_OscConfig+0x476>
3418316e:	f248 0202 	movw	r2, #32770	@ 0x8002
34183172:	4293      	cmp	r3, r2
34183174:	f000 82e6 	beq.w	34183744 <HAL_RCC_OscConfig+0x788>
34183178:	4a2a      	ldr	r2, [pc, #168]	@ (34183224 <HAL_RCC_OscConfig+0x268>)
3418317a:	2102      	movs	r1, #2
3418317c:	4293      	cmp	r3, r2
3418317e:	f000 82ee 	beq.w	3418375e <HAL_RCC_OscConfig+0x7a2>
34183182:	4a27      	ldr	r2, [pc, #156]	@ (34183220 <HAL_RCC_OscConfig+0x264>)
34183184:	4b25      	ldr	r3, [pc, #148]	@ (3418321c <HAL_RCC_OscConfig+0x260>)
34183186:	6011      	str	r1, [r2, #0]
34183188:	6c1a      	ldr	r2, [r3, #64]	@ 0x40
3418318a:	f422 4200 	bic.w	r2, r2, #32768	@ 0x8000
3418318e:	641a      	str	r2, [r3, #64]	@ 0x40
34183190:	6c1a      	ldr	r2, [r3, #64]	@ 0x40
34183192:	f422 3280 	bic.w	r2, r2, #65536	@ 0x10000
34183196:	641a      	str	r2, [r3, #64]	@ 0x40
34183198:	f7ff fd44 	bl	34182c24 <HAL_GetTick>
3418319c:	4605      	mov	r5, r0
3418319e:	4a1f      	ldr	r2, [pc, #124]	@ (3418321c <HAL_RCC_OscConfig+0x260>)
341831a0:	6853      	ldr	r3, [r2, #4]
341831a2:	079b      	lsls	r3, r3, #30
341831a4:	d412      	bmi.n	341831cc <HAL_RCC_OscConfig+0x210>
341831a6:	f7ff fd3d 	bl	34182c24 <HAL_GetTick>
341831aa:	f241 3388 	movw	r3, #5000	@ 0x1388
341831ae:	1b40      	subs	r0, r0, r5
341831b0:	4298      	cmp	r0, r3
341831b2:	4a1a      	ldr	r2, [pc, #104]	@ (3418321c <HAL_RCC_OscConfig+0x260>)
341831b4:	d9f4      	bls.n	341831a0 <HAL_RCC_OscConfig+0x1e4>
341831b6:	e798      	b.n	341830ea <HAL_RCC_OscConfig+0x12e>
341831b8:	f418 7f80 	tst.w	r8, #256	@ 0x100
341831bc:	f43f af31 	beq.w	34183022 <HAL_RCC_OscConfig+0x66>
341831c0:	6863      	ldr	r3, [r4, #4]
341831c2:	b9a3      	cbnz	r3, 341831ee <HAL_RCC_OscConfig+0x232>
341831c4:	2001      	movs	r0, #1
341831c6:	b003      	add	sp, #12
341831c8:	e8bd 8ff0 	ldmia.w	sp!, {r4, r5, r6, r7, r8, r9, sl, fp, pc}
341831cc:	6aa2      	ldr	r2, [r4, #40]	@ 0x28
341831ce:	bb5a      	cbnz	r2, 34183228 <HAL_RCC_OscConfig+0x26c>
341831d0:	6c62      	ldr	r2, [r4, #68]	@ 0x44
341831d2:	2a00      	cmp	r2, #0
341831d4:	d15c      	bne.n	34183290 <HAL_RCC_OscConfig+0x2d4>
341831d6:	6e22      	ldr	r2, [r4, #96]	@ 0x60
341831d8:	2a00      	cmp	r2, #0
341831da:	f040 8097 	bne.w	3418330c <HAL_RCC_OscConfig+0x350>
341831de:	6fe2      	ldr	r2, [r4, #124]	@ 0x7c
341831e0:	2a00      	cmp	r2, #0
341831e2:	f040 80e5 	bne.w	341833b0 <HAL_RCC_OscConfig+0x3f4>
341831e6:	2000      	movs	r0, #0
341831e8:	b003      	add	sp, #12
341831ea:	e8bd 8ff0 	ldmia.w	sp!, {r4, r5, r6, r7, r8, r9, sl, fp, pc}
341831ee:	f7ff fd19 	bl	34182c24 <HAL_GetTick>
341831f2:	4605      	mov	r5, r0
341831f4:	e005      	b.n	34183202 <HAL_RCC_OscConfig+0x246>
341831f6:	f7ff fd15 	bl	34182c24 <HAL_GetTick>
341831fa:	1b40      	subs	r0, r0, r5
341831fc:	2864      	cmp	r0, #100	@ 0x64
341831fe:	f63f af74 	bhi.w	341830ea <HAL_RCC_OscConfig+0x12e>
34183202:	4b06      	ldr	r3, [pc, #24]	@ (3418321c <HAL_RCC_OscConfig+0x260>)
34183204:	685b      	ldr	r3, [r3, #4]
34183206:	06da      	lsls	r2, r3, #27
34183208:	d5f5      	bpl.n	341831f6 <HAL_RCC_OscConfig+0x23a>
3418320a:	f7ff fd0b 	bl	34182c24 <HAL_GetTick>
3418320e:	4605      	mov	r5, r0
34183210:	f7ff fd08 	bl	34182c24 <HAL_GetTick>
34183214:	1b40      	subs	r0, r0, r5
34183216:	2801      	cmp	r0, #1
34183218:	d9fa      	bls.n	34183210 <HAL_RCC_OscConfig+0x254>
3418321a:	e72c      	b.n	34183076 <HAL_RCC_OscConfig+0xba>
3418321c:	56028000 	.word	0x56028000
34183220:	56029000 	.word	0x56029000
34183224:	00018002 	.word	0x00018002
34183228:	4bb5      	ldr	r3, [pc, #724]	@ (34183500 <HAL_RCC_OscConfig+0x544>)
3418322a:	6b20      	ldr	r0, [r4, #48]	@ 0x30
3418322c:	f8d3 1080 	ldr.w	r1, [r3, #128]	@ 0x80
34183230:	6ba3      	ldr	r3, [r4, #56]	@ 0x38
34183232:	f021 410c 	bic.w	r1, r1, #2348810240	@ 0x8c000000
34183236:	021b      	lsls	r3, r3, #8
34183238:	ea43 5300 	orr.w	r3, r3, r0, lsl #20
3418323c:	6ae0      	ldr	r0, [r4, #44]	@ 0x2c
3418323e:	f021 01ff 	bic.w	r1, r1, #255	@ 0xff
34183242:	4303      	orrs	r3, r0
34183244:	4299      	cmp	r1, r3
34183246:	f000 81df 	beq.w	34183608 <HAL_RCC_OscConfig+0x64c>
3418324a:	4bad      	ldr	r3, [pc, #692]	@ (34183500 <HAL_RCC_OscConfig+0x544>)
3418324c:	685b      	ldr	r3, [r3, #4]
3418324e:	4bac      	ldr	r3, [pc, #688]	@ (34183500 <HAL_RCC_OscConfig+0x544>)
34183250:	f5b6 1f40 	cmp.w	r6, #3145728	@ 0x300000
34183254:	f8d3 10c4 	ldr.w	r1, [r3, #196]	@ 0xc4
34183258:	f8d3 20c8 	ldr.w	r2, [r3, #200]	@ 0xc8
3418325c:	f8d3 00d8 	ldr.w	r0, [r3, #216]	@ 0xd8
34183260:	f8d3 30ec 	ldr.w	r3, [r3, #236]	@ 0xec
34183264:	f000 81a8 	beq.w	341835b8 <HAL_RCC_OscConfig+0x5fc>
34183268:	f1b7 5f40 	cmp.w	r7, #805306368	@ 0x30000000
3418326c:	d108      	bne.n	34183280 <HAL_RCC_OscConfig+0x2c4>
3418326e:	f012 5f40 	tst.w	r2, #805306368	@ 0x30000000
34183272:	d0a7      	beq.n	341831c4 <HAL_RCC_OscConfig+0x208>
34183274:	f010 5f40 	tst.w	r0, #805306368	@ 0x30000000
34183278:	d0a4      	beq.n	341831c4 <HAL_RCC_OscConfig+0x208>
3418327a:	f013 5f40 	tst.w	r3, #805306368	@ 0x30000000
3418327e:	d0a1      	beq.n	341831c4 <HAL_RCC_OscConfig+0x208>
34183280:	2000      	movs	r0, #0
34183282:	f104 0128 	add.w	r1, r4, #40	@ 0x28
34183286:	f7ff fdc9 	bl	34182e1c <RCC_PLL_Config>
3418328a:	2800      	cmp	r0, #0
3418328c:	d0a0      	beq.n	341831d0 <HAL_RCC_OscConfig+0x214>
3418328e:	e799      	b.n	341831c4 <HAL_RCC_OscConfig+0x208>
34183290:	4b9b      	ldr	r3, [pc, #620]	@ (34183500 <HAL_RCC_OscConfig+0x544>)
34183292:	6ce0      	ldr	r0, [r4, #76]	@ 0x4c
34183294:	f8d3 1090 	ldr.w	r1, [r3, #144]	@ 0x90
34183298:	6d63      	ldr	r3, [r4, #84]	@ 0x54
3418329a:	f021 410c 	bic.w	r1, r1, #2348810240	@ 0x8c000000
3418329e:	021b      	lsls	r3, r3, #8
341832a0:	ea43 5300 	orr.w	r3, r3, r0, lsl #20
341832a4:	6ca0      	ldr	r0, [r4, #72]	@ 0x48
341832a6:	f021 01ff 	bic.w	r1, r1, #255	@ 0xff
341832aa:	4303      	orrs	r3, r0
341832ac:	4299      	cmp	r1, r3
341832ae:	f000 81d4 	beq.w	3418365a <HAL_RCC_OscConfig+0x69e>
341832b2:	4b93      	ldr	r3, [pc, #588]	@ (34183500 <HAL_RCC_OscConfig+0x544>)
341832b4:	685b      	ldr	r3, [r3, #4]
341832b6:	4b92      	ldr	r3, [pc, #584]	@ (34183500 <HAL_RCC_OscConfig+0x544>)
341832b8:	f5b6 1f40 	cmp.w	r6, #3145728	@ 0x300000
341832bc:	f8d3 00c4 	ldr.w	r0, [r3, #196]	@ 0xc4
341832c0:	f8d3 20c8 	ldr.w	r2, [r3, #200]	@ 0xc8
341832c4:	f8d3 10d8 	ldr.w	r1, [r3, #216]	@ 0xd8
341832c8:	f8d3 30ec 	ldr.w	r3, [r3, #236]	@ 0xec
341832cc:	f000 8179 	beq.w	341835c2 <HAL_RCC_OscConfig+0x606>
341832d0:	f1b7 5f40 	cmp.w	r7, #805306368	@ 0x30000000
341832d4:	d111      	bne.n	341832fa <HAL_RCC_OscConfig+0x33e>
341832d6:	f002 5240 	and.w	r2, r2, #805306368	@ 0x30000000
341832da:	f1b2 5f80 	cmp.w	r2, #268435456	@ 0x10000000
341832de:	f43f af71 	beq.w	341831c4 <HAL_RCC_OscConfig+0x208>
341832e2:	f001 5140 	and.w	r1, r1, #805306368	@ 0x30000000
341832e6:	f1b1 5f80 	cmp.w	r1, #268435456	@ 0x10000000
341832ea:	f43f af6b 	beq.w	341831c4 <HAL_RCC_OscConfig+0x208>
341832ee:	f003 5340 	and.w	r3, r3, #805306368	@ 0x30000000
341832f2:	f1b3 5f80 	cmp.w	r3, #268435456	@ 0x10000000
341832f6:	f43f af65 	beq.w	341831c4 <HAL_RCC_OscConfig+0x208>
341832fa:	2001      	movs	r0, #1
341832fc:	f104 0144 	add.w	r1, r4, #68	@ 0x44
34183300:	f7ff fd8c 	bl	34182e1c <RCC_PLL_Config>
34183304:	2800      	cmp	r0, #0
34183306:	f43f af66 	beq.w	341831d6 <HAL_RCC_OscConfig+0x21a>
3418330a:	e75b      	b.n	341831c4 <HAL_RCC_OscConfig+0x208>
3418330c:	4b7c      	ldr	r3, [pc, #496]	@ (34183500 <HAL_RCC_OscConfig+0x544>)
3418330e:	6ea0      	ldr	r0, [r4, #104]	@ 0x68
34183310:	f8d3 10a0 	ldr.w	r1, [r3, #160]	@ 0xa0
34183314:	6f23      	ldr	r3, [r4, #112]	@ 0x70
34183316:	f021 410c 	bic.w	r1, r1, #2348810240	@ 0x8c000000
3418331a:	021b      	lsls	r3, r3, #8
3418331c:	ea43 5300 	orr.w	r3, r3, r0, lsl #20
34183320:	6e60      	ldr	r0, [r4, #100]	@ 0x64
34183322:	f021 01ff 	bic.w	r1, r1, #255	@ 0xff
34183326:	4303      	orrs	r3, r0
34183328:	4299      	cmp	r1, r3
3418332a:	f000 81c7 	beq.w	341836bc <HAL_RCC_OscConfig+0x700>
3418332e:	4b74      	ldr	r3, [pc, #464]	@ (34183500 <HAL_RCC_OscConfig+0x544>)
34183330:	685b      	ldr	r3, [r3, #4]
34183332:	4b73      	ldr	r3, [pc, #460]	@ (34183500 <HAL_RCC_OscConfig+0x544>)
34183334:	f5b6 1f40 	cmp.w	r6, #3145728	@ 0x300000
34183338:	f8d3 00c4 	ldr.w	r0, [r3, #196]	@ 0xc4
3418333c:	f8d3 20c8 	ldr.w	r2, [r3, #200]	@ 0xc8
34183340:	f8d3 10d8 	ldr.w	r1, [r3, #216]	@ 0xd8
34183344:	f8d3 30ec 	ldr.w	r3, [r3, #236]	@ 0xec
34183348:	f000 8142 	beq.w	341835d0 <HAL_RCC_OscConfig+0x614>
3418334c:	f1b7 5f40 	cmp.w	r7, #805306368	@ 0x30000000
34183350:	d111      	bne.n	34183376 <HAL_RCC_OscConfig+0x3ba>
34183352:	f002 5240 	and.w	r2, r2, #805306368	@ 0x30000000
34183356:	f1b2 5f00 	cmp.w	r2, #536870912	@ 0x20000000
3418335a:	f43f af33 	beq.w	341831c4 <HAL_RCC_OscConfig+0x208>
3418335e:	f001 5140 	and.w	r1, r1, #805306368	@ 0x30000000
34183362:	f1b1 5f00 	cmp.w	r1, #536870912	@ 0x20000000
34183366:	f43f af2d 	beq.w	341831c4 <HAL_RCC_OscConfig+0x208>
3418336a:	f003 5340 	and.w	r3, r3, #805306368	@ 0x30000000
3418336e:	f1b3 5f00 	cmp.w	r3, #536870912	@ 0x20000000
34183372:	f43f af27 	beq.w	341831c4 <HAL_RCC_OscConfig+0x208>
34183376:	2002      	movs	r0, #2
34183378:	f104 0160 	add.w	r1, r4, #96	@ 0x60
3418337c:	f7ff fd4e 	bl	34182e1c <RCC_PLL_Config>
34183380:	2800      	cmp	r0, #0
34183382:	f43f af2c 	beq.w	341831de <HAL_RCC_OscConfig+0x222>
34183386:	e71d      	b.n	341831c4 <HAL_RCC_OscConfig+0x208>
34183388:	f418 7f80 	tst.w	r8, #256	@ 0x100
3418338c:	f43f ae85 	beq.w	3418309a <HAL_RCC_OscConfig+0xde>
34183390:	69e2      	ldr	r2, [r4, #28]
34183392:	2a00      	cmp	r2, #0
34183394:	f43f af16 	beq.w	341831c4 <HAL_RCC_OscConfig+0x208>
34183398:	4959      	ldr	r1, [pc, #356]	@ (34183500 <HAL_RCC_OscConfig+0x544>)
3418339a:	6a60      	ldr	r0, [r4, #36]	@ 0x24
3418339c:	6c4a      	ldr	r2, [r1, #68]	@ 0x44
3418339e:	071d      	lsls	r5, r3, #28
341833a0:	f422 12f8 	bic.w	r2, r2, #2031616	@ 0x1f0000
341833a4:	ea42 4200 	orr.w	r2, r2, r0, lsl #16
341833a8:	644a      	str	r2, [r1, #68]	@ 0x44
341833aa:	f57f aed7 	bpl.w	3418315c <HAL_RCC_OscConfig+0x1a0>
341833ae:	e6bf      	b.n	34183130 <HAL_RCC_OscConfig+0x174>
341833b0:	4b53      	ldr	r3, [pc, #332]	@ (34183500 <HAL_RCC_OscConfig+0x544>)
341833b2:	f8d4 0084 	ldr.w	r0, [r4, #132]	@ 0x84
341833b6:	f8d3 10b0 	ldr.w	r1, [r3, #176]	@ 0xb0
341833ba:	f8d4 308c 	ldr.w	r3, [r4, #140]	@ 0x8c
341833be:	f021 410c 	bic.w	r1, r1, #2348810240	@ 0x8c000000
341833c2:	021b      	lsls	r3, r3, #8
341833c4:	ea43 5300 	orr.w	r3, r3, r0, lsl #20
341833c8:	f8d4 0080 	ldr.w	r0, [r4, #128]	@ 0x80
341833cc:	f021 01ff 	bic.w	r1, r1, #255	@ 0xff
341833d0:	4303      	orrs	r3, r0
341833d2:	4299      	cmp	r1, r3
341833d4:	f000 80b5 	beq.w	34183542 <HAL_RCC_OscConfig+0x586>
341833d8:	4b49      	ldr	r3, [pc, #292]	@ (34183500 <HAL_RCC_OscConfig+0x544>)
341833da:	685b      	ldr	r3, [r3, #4]
341833dc:	4b48      	ldr	r3, [pc, #288]	@ (34183500 <HAL_RCC_OscConfig+0x544>)
341833de:	f5b6 1f40 	cmp.w	r6, #3145728	@ 0x300000
341833e2:	f8d3 00c4 	ldr.w	r0, [r3, #196]	@ 0xc4
341833e6:	f8d3 20c8 	ldr.w	r2, [r3, #200]	@ 0xc8
341833ea:	f8d3 10d8 	ldr.w	r1, [r3, #216]	@ 0xd8
341833ee:	f8d3 30ec 	ldr.w	r3, [r3, #236]	@ 0xec
341833f2:	f000 80f4 	beq.w	341835de <HAL_RCC_OscConfig+0x622>
341833f6:	f1b7 5f40 	cmp.w	r7, #805306368	@ 0x30000000
341833fa:	d111      	bne.n	34183420 <HAL_RCC_OscConfig+0x464>
341833fc:	f002 5240 	and.w	r2, r2, #805306368	@ 0x30000000
34183400:	f1b2 5f40 	cmp.w	r2, #805306368	@ 0x30000000
34183404:	f43f aede 	beq.w	341831c4 <HAL_RCC_OscConfig+0x208>
34183408:	f001 5140 	and.w	r1, r1, #805306368	@ 0x30000000
3418340c:	f1b1 5f40 	cmp.w	r1, #805306368	@ 0x30000000
34183410:	f43f aed8 	beq.w	341831c4 <HAL_RCC_OscConfig+0x208>
34183414:	f003 5340 	and.w	r3, r3, #805306368	@ 0x30000000
34183418:	f1b3 5f40 	cmp.w	r3, #805306368	@ 0x30000000
3418341c:	f43f aed2 	beq.w	341831c4 <HAL_RCC_OscConfig+0x208>
34183420:	2003      	movs	r0, #3
34183422:	f104 017c 	add.w	r1, r4, #124	@ 0x7c
34183426:	f7ff fcf9 	bl	34182e1c <RCC_PLL_Config>
3418342a:	3800      	subs	r0, #0
3418342c:	bf18      	it	ne
3418342e:	2001      	movne	r0, #1
34183430:	e6c9      	b.n	341831c6 <HAL_RCC_OscConfig+0x20a>
34183432:	2102      	movs	r1, #2
34183434:	4a33      	ldr	r2, [pc, #204]	@ (34183504 <HAL_RCC_OscConfig+0x548>)
34183436:	4b32      	ldr	r3, [pc, #200]	@ (34183500 <HAL_RCC_OscConfig+0x544>)
34183438:	6011      	str	r1, [r2, #0]
3418343a:	6c1a      	ldr	r2, [r3, #64]	@ 0x40
3418343c:	f422 3280 	bic.w	r2, r2, #65536	@ 0x10000
34183440:	641a      	str	r2, [r3, #64]	@ 0x40
34183442:	6c1a      	ldr	r2, [r3, #64]	@ 0x40
34183444:	f422 4200 	bic.w	r2, r2, #32768	@ 0x8000
34183448:	641a      	str	r2, [r3, #64]	@ 0x40
3418344a:	f7ff fbeb 	bl	34182c24 <HAL_GetTick>
3418344e:	4605      	mov	r5, r0
34183450:	4b2b      	ldr	r3, [pc, #172]	@ (34183500 <HAL_RCC_OscConfig+0x544>)
34183452:	685a      	ldr	r2, [r3, #4]
34183454:	0790      	lsls	r0, r2, #30
34183456:	f57f aeb9 	bpl.w	341831cc <HAL_RCC_OscConfig+0x210>
3418345a:	f7ff fbe3 	bl	34182c24 <HAL_GetTick>
3418345e:	f241 3288 	movw	r2, #5000	@ 0x1388
34183462:	1b40      	subs	r0, r0, r5
34183464:	4290      	cmp	r0, r2
34183466:	4b26      	ldr	r3, [pc, #152]	@ (34183500 <HAL_RCC_OscConfig+0x544>)
34183468:	d9f3      	bls.n	34183452 <HAL_RCC_OscConfig+0x496>
3418346a:	e63e      	b.n	341830ea <HAL_RCC_OscConfig+0x12e>
3418346c:	f1b9 0f00 	cmp.w	r9, #0
34183470:	f000 8093 	beq.w	3418359a <HAL_RCC_OscConfig+0x5de>
34183474:	f1ba 0f00 	cmp.w	sl, #0
34183478:	d103      	bne.n	34183482 <HAL_RCC_OscConfig+0x4c6>
3418347a:	f418 6f80 	tst.w	r8, #1024	@ 0x400
3418347e:	f47f ae42 	bne.w	34183106 <HAL_RCC_OscConfig+0x14a>
34183482:	f1bb 0f00 	cmp.w	fp, #0
34183486:	d103      	bne.n	34183490 <HAL_RCC_OscConfig+0x4d4>
34183488:	f418 6f00 	tst.w	r8, #2048	@ 0x800
3418348c:	f47f ae3b 	bne.w	34183106 <HAL_RCC_OscConfig+0x14a>
34183490:	68e3      	ldr	r3, [r4, #12]
34183492:	2208      	movs	r2, #8
34183494:	2b00      	cmp	r3, #0
34183496:	f000 816e 	beq.w	34183776 <HAL_RCC_OscConfig+0x7ba>
3418349a:	4b19      	ldr	r3, [pc, #100]	@ (34183500 <HAL_RCC_OscConfig+0x544>)
3418349c:	f8c3 2800 	str.w	r2, [r3, #2048]	@ 0x800
341834a0:	f7ff fbc0 	bl	34182c24 <HAL_GetTick>
341834a4:	4605      	mov	r5, r0
341834a6:	4b16      	ldr	r3, [pc, #88]	@ (34183500 <HAL_RCC_OscConfig+0x544>)
341834a8:	685a      	ldr	r2, [r3, #4]
341834aa:	0712      	lsls	r2, r2, #28
341834ac:	f140 816e 	bpl.w	3418378c <HAL_RCC_OscConfig+0x7d0>
341834b0:	6c9a      	ldr	r2, [r3, #72]	@ 0x48
341834b2:	6921      	ldr	r1, [r4, #16]
341834b4:	f422 72c0 	bic.w	r2, r2, #384	@ 0x180
341834b8:	430a      	orrs	r2, r1
341834ba:	649a      	str	r2, [r3, #72]	@ 0x48
341834bc:	6c9a      	ldr	r2, [r3, #72]	@ 0x48
341834be:	6961      	ldr	r1, [r4, #20]
341834c0:	f422 02fe 	bic.w	r2, r2, #8323072	@ 0x7f0000
341834c4:	ea42 4201 	orr.w	r2, r2, r1, lsl #16
341834c8:	649a      	str	r2, [r3, #72]	@ 0x48
341834ca:	6823      	ldr	r3, [r4, #0]
341834cc:	e5d6      	b.n	3418307c <HAL_RCC_OscConfig+0xc0>
341834ce:	2001      	movs	r0, #1
341834d0:	4770      	bx	lr
341834d2:	2201      	movs	r2, #1
341834d4:	4b0b      	ldr	r3, [pc, #44]	@ (34183504 <HAL_RCC_OscConfig+0x548>)
341834d6:	601a      	str	r2, [r3, #0]
341834d8:	f7ff fba4 	bl	34182c24 <HAL_GetTick>
341834dc:	4605      	mov	r5, r0
341834de:	e005      	b.n	341834ec <HAL_RCC_OscConfig+0x530>
341834e0:	f7ff fba0 	bl	34182c24 <HAL_GetTick>
341834e4:	1b40      	subs	r0, r0, r5
341834e6:	2801      	cmp	r0, #1
341834e8:	f63f adff 	bhi.w	341830ea <HAL_RCC_OscConfig+0x12e>
341834ec:	4b04      	ldr	r3, [pc, #16]	@ (34183500 <HAL_RCC_OscConfig+0x544>)
341834ee:	685b      	ldr	r3, [r3, #4]
341834f0:	07d9      	lsls	r1, r3, #31
341834f2:	d4f5      	bmi.n	341834e0 <HAL_RCC_OscConfig+0x524>
341834f4:	e631      	b.n	3418315a <HAL_RCC_OscConfig+0x19e>
341834f6:	f418 7f00 	tst.w	r8, #512	@ 0x200
341834fa:	f47f ae61 	bne.w	341831c0 <HAL_RCC_OscConfig+0x204>
341834fe:	e594      	b.n	3418302a <HAL_RCC_OscConfig+0x6e>
34183500:	56028000 	.word	0x56028000
34183504:	56029000 	.word	0x56029000
34183508:	f7ff fb8c 	bl	34182c24 <HAL_GetTick>
3418350c:	1b40      	subs	r0, r0, r5
3418350e:	2864      	cmp	r0, #100	@ 0x64
34183510:	f63f adeb 	bhi.w	341830ea <HAL_RCC_OscConfig+0x12e>
34183514:	4bab      	ldr	r3, [pc, #684]	@ (341837c4 <HAL_RCC_OscConfig+0x808>)
34183516:	685b      	ldr	r3, [r3, #4]
34183518:	06d8      	lsls	r0, r3, #27
3418351a:	d4f5      	bmi.n	34183508 <HAL_RCC_OscConfig+0x54c>
3418351c:	e5ab      	b.n	34183076 <HAL_RCC_OscConfig+0xba>
3418351e:	f248 0210 	movw	r2, #32784	@ 0x8010
34183522:	4293      	cmp	r3, r2
34183524:	f000 8141 	beq.w	341837aa <HAL_RCC_OscConfig+0x7ee>
34183528:	4aa7      	ldr	r2, [pc, #668]	@ (341837c8 <HAL_RCC_OscConfig+0x80c>)
3418352a:	4293      	cmp	r3, r2
3418352c:	f47f ad8c 	bne.w	34183048 <HAL_RCC_OscConfig+0x8c>
34183530:	2110      	movs	r1, #16
34183532:	4ba4      	ldr	r3, [pc, #656]	@ (341837c4 <HAL_RCC_OscConfig+0x808>)
34183534:	6d5a      	ldr	r2, [r3, #84]	@ 0x54
34183536:	f442 32c0 	orr.w	r2, r2, #98304	@ 0x18000
3418353a:	655a      	str	r2, [r3, #84]	@ 0x54
3418353c:	f8c3 1800 	str.w	r1, [r3, #2048]	@ 0x800
34183540:	e58a      	b.n	34183058 <HAL_RCC_OscConfig+0x9c>
34183542:	4ba0      	ldr	r3, [pc, #640]	@ (341837c4 <HAL_RCC_OscConfig+0x808>)
34183544:	f8d4 1088 	ldr.w	r1, [r4, #136]	@ 0x88
34183548:	f8d3 30b4 	ldr.w	r3, [r3, #180]	@ 0xb4
3418354c:	f023 437f 	bic.w	r3, r3, #4278190080	@ 0xff000000
34183550:	428b      	cmp	r3, r1
34183552:	f47f af41 	bne.w	341833d8 <HAL_RCC_OscConfig+0x41c>
34183556:	4b9b      	ldr	r3, [pc, #620]	@ (341837c4 <HAL_RCC_OscConfig+0x808>)
34183558:	f8d4 0090 	ldr.w	r0, [r4, #144]	@ 0x90
3418355c:	f8d3 10b8 	ldr.w	r1, [r3, #184]	@ 0xb8
34183560:	f8d4 3094 	ldr.w	r3, [r4, #148]	@ 0x94
34183564:	f001 517c 	and.w	r1, r1, #1056964608	@ 0x3f000000
34183568:	061b      	lsls	r3, r3, #24
3418356a:	ea43 63c0 	orr.w	r3, r3, r0, lsl #27
3418356e:	4299      	cmp	r1, r3
34183570:	f47f af32 	bne.w	341833d8 <HAL_RCC_OscConfig+0x41c>
34183574:	4993      	ldr	r1, [pc, #588]	@ (341837c4 <HAL_RCC_OscConfig+0x808>)
34183576:	684b      	ldr	r3, [r1, #4]
34183578:	051d      	lsls	r5, r3, #20
3418357a:	f100 8182 	bmi.w	34183882 <HAL_RCC_OscConfig+0x8c6>
3418357e:	f8d1 30b0 	ldr.w	r3, [r1, #176]	@ 0xb0
34183582:	0118      	lsls	r0, r3, #4
34183584:	f100 816c 	bmi.w	34183860 <HAL_RCC_OscConfig+0x8a4>
34183588:	684b      	ldr	r3, [r1, #4]
3418358a:	f413 6300 	ands.w	r3, r3, #2048	@ 0x800
3418358e:	f040 81c9 	bne.w	34183924 <HAL_RCC_OscConfig+0x968>
34183592:	2a01      	cmp	r2, #1
34183594:	f43f ae27 	beq.w	341831e6 <HAL_RCC_OscConfig+0x22a>
34183598:	e720      	b.n	341833dc <HAL_RCC_OscConfig+0x420>
3418359a:	f418 7f00 	tst.w	r8, #512	@ 0x200
3418359e:	f47f adb2 	bne.w	34183106 <HAL_RCC_OscConfig+0x14a>
341835a2:	e767      	b.n	34183474 <HAL_RCC_OscConfig+0x4b8>
341835a4:	f418 6f80 	tst.w	r8, #1024	@ 0x400
341835a8:	f47f aef2 	bne.w	34183390 <HAL_RCC_OscConfig+0x3d4>
341835ac:	e57d      	b.n	341830aa <HAL_RCC_OscConfig+0xee>
341835ae:	f418 6f00 	tst.w	r8, #2048	@ 0x800
341835b2:	f43f ad7e 	beq.w	341830b2 <HAL_RCC_OscConfig+0xf6>
341835b6:	e6eb      	b.n	34183390 <HAL_RCC_OscConfig+0x3d4>
341835b8:	f011 5f40 	tst.w	r1, #805306368	@ 0x30000000
341835bc:	f47f ae54 	bne.w	34183268 <HAL_RCC_OscConfig+0x2ac>
341835c0:	e600      	b.n	341831c4 <HAL_RCC_OscConfig+0x208>
341835c2:	f000 5040 	and.w	r0, r0, #805306368	@ 0x30000000
341835c6:	f1b0 5f80 	cmp.w	r0, #268435456	@ 0x10000000
341835ca:	f47f ae81 	bne.w	341832d0 <HAL_RCC_OscConfig+0x314>
341835ce:	e5f9      	b.n	341831c4 <HAL_RCC_OscConfig+0x208>
341835d0:	f000 5040 	and.w	r0, r0, #805306368	@ 0x30000000
341835d4:	f1b0 5f00 	cmp.w	r0, #536870912	@ 0x20000000
341835d8:	f47f aeb8 	bne.w	3418334c <HAL_RCC_OscConfig+0x390>
341835dc:	e5f2      	b.n	341831c4 <HAL_RCC_OscConfig+0x208>
341835de:	f000 5040 	and.w	r0, r0, #805306368	@ 0x30000000
341835e2:	f1b0 5f40 	cmp.w	r0, #805306368	@ 0x30000000
341835e6:	f47f af06 	bne.w	341833f6 <HAL_RCC_OscConfig+0x43a>
341835ea:	e5eb      	b.n	341831c4 <HAL_RCC_OscConfig+0x208>
341835ec:	4a75      	ldr	r2, [pc, #468]	@ (341837c4 <HAL_RCC_OscConfig+0x808>)
341835ee:	f8c2 3800 	str.w	r3, [r2, #2048]	@ 0x800
341835f2:	e5d1      	b.n	34183198 <HAL_RCC_OscConfig+0x1dc>
341835f4:	f418 6f80 	tst.w	r8, #1024	@ 0x400
341835f8:	f47f ade2 	bne.w	341831c0 <HAL_RCC_OscConfig+0x204>
341835fc:	e519      	b.n	34183032 <HAL_RCC_OscConfig+0x76>
341835fe:	f418 6f00 	tst.w	r8, #2048	@ 0x800
34183602:	f43f ad1a 	beq.w	3418303a <HAL_RCC_OscConfig+0x7e>
34183606:	e5db      	b.n	341831c0 <HAL_RCC_OscConfig+0x204>
34183608:	4b6e      	ldr	r3, [pc, #440]	@ (341837c4 <HAL_RCC_OscConfig+0x808>)
3418360a:	6b61      	ldr	r1, [r4, #52]	@ 0x34
3418360c:	f8d3 3084 	ldr.w	r3, [r3, #132]	@ 0x84
34183610:	f023 437f 	bic.w	r3, r3, #4278190080	@ 0xff000000
34183614:	428b      	cmp	r3, r1
34183616:	f47f ae18 	bne.w	3418324a <HAL_RCC_OscConfig+0x28e>
3418361a:	4b6a      	ldr	r3, [pc, #424]	@ (341837c4 <HAL_RCC_OscConfig+0x808>)
3418361c:	6be0      	ldr	r0, [r4, #60]	@ 0x3c
3418361e:	f8d3 1088 	ldr.w	r1, [r3, #136]	@ 0x88
34183622:	6c23      	ldr	r3, [r4, #64]	@ 0x40
34183624:	f001 517c 	and.w	r1, r1, #1056964608	@ 0x3f000000
34183628:	061b      	lsls	r3, r3, #24
3418362a:	ea43 63c0 	orr.w	r3, r3, r0, lsl #27
3418362e:	4299      	cmp	r1, r3
34183630:	f47f ae0b 	bne.w	3418324a <HAL_RCC_OscConfig+0x28e>
34183634:	4b63      	ldr	r3, [pc, #396]	@ (341837c4 <HAL_RCC_OscConfig+0x808>)
34183636:	685b      	ldr	r3, [r3, #4]
34183638:	05d9      	lsls	r1, r3, #23
3418363a:	f100 80d2 	bmi.w	341837e2 <HAL_RCC_OscConfig+0x826>
3418363e:	4961      	ldr	r1, [pc, #388]	@ (341837c4 <HAL_RCC_OscConfig+0x808>)
34183640:	f8d1 3080 	ldr.w	r3, [r1, #128]	@ 0x80
34183644:	011d      	lsls	r5, r3, #4
34183646:	f100 80c3 	bmi.w	341837d0 <HAL_RCC_OscConfig+0x814>
3418364a:	684b      	ldr	r3, [r1, #4]
3418364c:	05d8      	lsls	r0, r3, #23
3418364e:	f100 815a 	bmi.w	34183906 <HAL_RCC_OscConfig+0x94a>
34183652:	2a01      	cmp	r2, #1
34183654:	f43f adbc 	beq.w	341831d0 <HAL_RCC_OscConfig+0x214>
34183658:	e5f9      	b.n	3418324e <HAL_RCC_OscConfig+0x292>
3418365a:	4b5a      	ldr	r3, [pc, #360]	@ (341837c4 <HAL_RCC_OscConfig+0x808>)
3418365c:	6d21      	ldr	r1, [r4, #80]	@ 0x50
3418365e:	f8d3 3094 	ldr.w	r3, [r3, #148]	@ 0x94
34183662:	f023 437f 	bic.w	r3, r3, #4278190080	@ 0xff000000
34183666:	428b      	cmp	r3, r1
34183668:	f47f ae23 	bne.w	341832b2 <HAL_RCC_OscConfig+0x2f6>
3418366c:	4b55      	ldr	r3, [pc, #340]	@ (341837c4 <HAL_RCC_OscConfig+0x808>)
3418366e:	6da0      	ldr	r0, [r4, #88]	@ 0x58
34183670:	f8d3 1098 	ldr.w	r1, [r3, #152]	@ 0x98
34183674:	6de3      	ldr	r3, [r4, #92]	@ 0x5c
34183676:	f001 517c 	and.w	r1, r1, #1056964608	@ 0x3f000000
3418367a:	061b      	lsls	r3, r3, #24
3418367c:	ea43 63c0 	orr.w	r3, r3, r0, lsl #27
34183680:	4299      	cmp	r1, r3
34183682:	f47f ae16 	bne.w	341832b2 <HAL_RCC_OscConfig+0x2f6>
34183686:	494f      	ldr	r1, [pc, #316]	@ (341837c4 <HAL_RCC_OscConfig+0x808>)
34183688:	684b      	ldr	r3, [r1, #4]
3418368a:	0598      	lsls	r0, r3, #22
3418368c:	f100 80cd 	bmi.w	3418382a <HAL_RCC_OscConfig+0x86e>
34183690:	f8d1 3090 	ldr.w	r3, [r1, #144]	@ 0x90
34183694:	011b      	lsls	r3, r3, #4
34183696:	f100 80c0 	bmi.w	3418381a <HAL_RCC_OscConfig+0x85e>
3418369a:	684b      	ldr	r3, [r1, #4]
3418369c:	059d      	lsls	r5, r3, #22
3418369e:	f100 8134 	bmi.w	3418390a <HAL_RCC_OscConfig+0x94e>
341836a2:	2a01      	cmp	r2, #1
341836a4:	f43f ad97 	beq.w	341831d6 <HAL_RCC_OscConfig+0x21a>
341836a8:	e605      	b.n	341832b6 <HAL_RCC_OscConfig+0x2fa>
341836aa:	4a46      	ldr	r2, [pc, #280]	@ (341837c4 <HAL_RCC_OscConfig+0x808>)
341836ac:	f8c2 3800 	str.w	r3, [r2, #2048]	@ 0x800
341836b0:	e4d2      	b.n	34183058 <HAL_RCC_OscConfig+0x9c>
341836b2:	f418 7f00 	tst.w	r8, #512	@ 0x200
341836b6:	f47f ae6b 	bne.w	34183390 <HAL_RCC_OscConfig+0x3d4>
341836ba:	e4f2      	b.n	341830a2 <HAL_RCC_OscConfig+0xe6>
341836bc:	4b41      	ldr	r3, [pc, #260]	@ (341837c4 <HAL_RCC_OscConfig+0x808>)
341836be:	6ee1      	ldr	r1, [r4, #108]	@ 0x6c
341836c0:	f8d3 30a4 	ldr.w	r3, [r3, #164]	@ 0xa4
341836c4:	f023 437f 	bic.w	r3, r3, #4278190080	@ 0xff000000
341836c8:	428b      	cmp	r3, r1
341836ca:	f47f ae30 	bne.w	3418332e <HAL_RCC_OscConfig+0x372>
341836ce:	4b3d      	ldr	r3, [pc, #244]	@ (341837c4 <HAL_RCC_OscConfig+0x808>)
341836d0:	6f60      	ldr	r0, [r4, #116]	@ 0x74
341836d2:	f8d3 10a8 	ldr.w	r1, [r3, #168]	@ 0xa8
341836d6:	6fa3      	ldr	r3, [r4, #120]	@ 0x78
341836d8:	f001 517c 	and.w	r1, r1, #1056964608	@ 0x3f000000
341836dc:	061b      	lsls	r3, r3, #24
341836de:	ea43 63c0 	orr.w	r3, r3, r0, lsl #27
341836e2:	4299      	cmp	r1, r3
341836e4:	f47f ae23 	bne.w	3418332e <HAL_RCC_OscConfig+0x372>
341836e8:	4936      	ldr	r1, [pc, #216]	@ (341837c4 <HAL_RCC_OscConfig+0x808>)
341836ea:	684b      	ldr	r3, [r1, #4]
341836ec:	0558      	lsls	r0, r3, #21
341836ee:	f100 80e3 	bmi.w	341838b8 <HAL_RCC_OscConfig+0x8fc>
341836f2:	f8d1 30a0 	ldr.w	r3, [r1, #160]	@ 0xa0
341836f6:	011b      	lsls	r3, r3, #4
341836f8:	f100 80bb 	bmi.w	34183872 <HAL_RCC_OscConfig+0x8b6>
341836fc:	684b      	ldr	r3, [r1, #4]
341836fe:	055d      	lsls	r5, r3, #21
34183700:	f100 80ff 	bmi.w	34183902 <HAL_RCC_OscConfig+0x946>
34183704:	2a01      	cmp	r2, #1
34183706:	f43f ad6a 	beq.w	341831de <HAL_RCC_OscConfig+0x222>
3418370a:	e612      	b.n	34183332 <HAL_RCC_OscConfig+0x376>
3418370c:	2204      	movs	r2, #4
3418370e:	4b2f      	ldr	r3, [pc, #188]	@ (341837cc <HAL_RCC_OscConfig+0x810>)
34183710:	601a      	str	r2, [r3, #0]
34183712:	f7ff fa87 	bl	34182c24 <HAL_GetTick>
34183716:	4605      	mov	r5, r0
34183718:	4a2a      	ldr	r2, [pc, #168]	@ (341837c4 <HAL_RCC_OscConfig+0x808>)
3418371a:	6853      	ldr	r3, [r2, #4]
3418371c:	075b      	lsls	r3, r3, #29
3418371e:	d40a      	bmi.n	34183736 <HAL_RCC_OscConfig+0x77a>
34183720:	6823      	ldr	r3, [r4, #0]
34183722:	e503      	b.n	3418312c <HAL_RCC_OscConfig+0x170>
34183724:	6c5a      	ldr	r2, [r3, #68]	@ 0x44
34183726:	6a61      	ldr	r1, [r4, #36]	@ 0x24
34183728:	f422 12f8 	bic.w	r2, r2, #2031616	@ 0x1f0000
3418372c:	ea42 4201 	orr.w	r2, r2, r1, lsl #16
34183730:	645a      	str	r2, [r3, #68]	@ 0x44
34183732:	6823      	ldr	r3, [r4, #0]
34183734:	e4fa      	b.n	3418312c <HAL_RCC_OscConfig+0x170>
34183736:	f7ff fa75 	bl	34182c24 <HAL_GetTick>
3418373a:	1b43      	subs	r3, r0, r5
3418373c:	2b01      	cmp	r3, #1
3418373e:	4a21      	ldr	r2, [pc, #132]	@ (341837c4 <HAL_RCC_OscConfig+0x808>)
34183740:	d9eb      	bls.n	3418371a <HAL_RCC_OscConfig+0x75e>
34183742:	e4d2      	b.n	341830ea <HAL_RCC_OscConfig+0x12e>
34183744:	2102      	movs	r1, #2
34183746:	4b1f      	ldr	r3, [pc, #124]	@ (341837c4 <HAL_RCC_OscConfig+0x808>)
34183748:	6c1a      	ldr	r2, [r3, #64]	@ 0x40
3418374a:	f442 4200 	orr.w	r2, r2, #32768	@ 0x8000
3418374e:	641a      	str	r2, [r3, #64]	@ 0x40
34183750:	6c1a      	ldr	r2, [r3, #64]	@ 0x40
34183752:	f422 3280 	bic.w	r2, r2, #65536	@ 0x10000
34183756:	641a      	str	r2, [r3, #64]	@ 0x40
34183758:	f8c3 1800 	str.w	r1, [r3, #2048]	@ 0x800
3418375c:	e51c      	b.n	34183198 <HAL_RCC_OscConfig+0x1dc>
3418375e:	4b19      	ldr	r3, [pc, #100]	@ (341837c4 <HAL_RCC_OscConfig+0x808>)
34183760:	6c1a      	ldr	r2, [r3, #64]	@ 0x40
34183762:	f442 4200 	orr.w	r2, r2, #32768	@ 0x8000
34183766:	641a      	str	r2, [r3, #64]	@ 0x40
34183768:	6c1a      	ldr	r2, [r3, #64]	@ 0x40
3418376a:	f442 3280 	orr.w	r2, r2, #65536	@ 0x10000
3418376e:	641a      	str	r2, [r3, #64]	@ 0x40
34183770:	f8c3 1800 	str.w	r1, [r3, #2048]	@ 0x800
34183774:	e510      	b.n	34183198 <HAL_RCC_OscConfig+0x1dc>
34183776:	4b15      	ldr	r3, [pc, #84]	@ (341837cc <HAL_RCC_OscConfig+0x810>)
34183778:	601a      	str	r2, [r3, #0]
3418377a:	f7ff fa53 	bl	34182c24 <HAL_GetTick>
3418377e:	4605      	mov	r5, r0
34183780:	4a10      	ldr	r2, [pc, #64]	@ (341837c4 <HAL_RCC_OscConfig+0x808>)
34183782:	6853      	ldr	r3, [r2, #4]
34183784:	0718      	lsls	r0, r3, #28
34183786:	d409      	bmi.n	3418379c <HAL_RCC_OscConfig+0x7e0>
34183788:	6823      	ldr	r3, [r4, #0]
3418378a:	e477      	b.n	3418307c <HAL_RCC_OscConfig+0xc0>
3418378c:	f7ff fa4a 	bl	34182c24 <HAL_GetTick>
34183790:	1b42      	subs	r2, r0, r5
34183792:	2a01      	cmp	r2, #1
34183794:	4b0b      	ldr	r3, [pc, #44]	@ (341837c4 <HAL_RCC_OscConfig+0x808>)
34183796:	f67f ae87 	bls.w	341834a8 <HAL_RCC_OscConfig+0x4ec>
3418379a:	e4a6      	b.n	341830ea <HAL_RCC_OscConfig+0x12e>
3418379c:	f7ff fa42 	bl	34182c24 <HAL_GetTick>
341837a0:	1b43      	subs	r3, r0, r5
341837a2:	2b01      	cmp	r3, #1
341837a4:	4a07      	ldr	r2, [pc, #28]	@ (341837c4 <HAL_RCC_OscConfig+0x808>)
341837a6:	d9ec      	bls.n	34183782 <HAL_RCC_OscConfig+0x7c6>
341837a8:	e49f      	b.n	341830ea <HAL_RCC_OscConfig+0x12e>
341837aa:	2110      	movs	r1, #16
341837ac:	4b05      	ldr	r3, [pc, #20]	@ (341837c4 <HAL_RCC_OscConfig+0x808>)
341837ae:	6d5a      	ldr	r2, [r3, #84]	@ 0x54
341837b0:	f442 4200 	orr.w	r2, r2, #32768	@ 0x8000
341837b4:	655a      	str	r2, [r3, #84]	@ 0x54
341837b6:	6d5a      	ldr	r2, [r3, #84]	@ 0x54
341837b8:	f422 3280 	bic.w	r2, r2, #65536	@ 0x10000
341837bc:	655a      	str	r2, [r3, #84]	@ 0x54
341837be:	f8c3 1800 	str.w	r1, [r3, #2048]	@ 0x800
341837c2:	e449      	b.n	34183058 <HAL_RCC_OscConfig+0x9c>
341837c4:	56028000 	.word	0x56028000
341837c8:	00018010 	.word	0x00018010
341837cc:	56029000 	.word	0x56029000
341837d0:	4b5a      	ldr	r3, [pc, #360]	@ (3418393c <HAL_RCC_OscConfig+0x980>)
341837d2:	685b      	ldr	r3, [r3, #4]
341837d4:	05d9      	lsls	r1, r3, #23
341837d6:	f100 808a 	bmi.w	341838ee <HAL_RCC_OscConfig+0x932>
341837da:	2a03      	cmp	r2, #3
341837dc:	f43f acf8 	beq.w	341831d0 <HAL_RCC_OscConfig+0x214>
341837e0:	e535      	b.n	3418324e <HAL_RCC_OscConfig+0x292>
341837e2:	4b56      	ldr	r3, [pc, #344]	@ (3418393c <HAL_RCC_OscConfig+0x980>)
341837e4:	685b      	ldr	r3, [r3, #4]
341837e6:	05db      	lsls	r3, r3, #23
341837e8:	f100 8094 	bmi.w	34183914 <HAL_RCC_OscConfig+0x958>
341837ec:	2a02      	cmp	r2, #2
341837ee:	f47f ad2e 	bne.w	3418324e <HAL_RCC_OscConfig+0x292>
341837f2:	f44f 7380 	mov.w	r3, #256	@ 0x100
341837f6:	4a51      	ldr	r2, [pc, #324]	@ (3418393c <HAL_RCC_OscConfig+0x980>)
341837f8:	f8c2 3800 	str.w	r3, [r2, #2048]	@ 0x800
341837fc:	f7ff fa12 	bl	34182c24 <HAL_GetTick>
34183800:	4605      	mov	r5, r0
34183802:	e005      	b.n	34183810 <HAL_RCC_OscConfig+0x854>
34183804:	f7ff fa0e 	bl	34182c24 <HAL_GetTick>
34183808:	1b40      	subs	r0, r0, r5
3418380a:	2801      	cmp	r0, #1
3418380c:	f63f acda 	bhi.w	341831c4 <HAL_RCC_OscConfig+0x208>
34183810:	4b4a      	ldr	r3, [pc, #296]	@ (3418393c <HAL_RCC_OscConfig+0x980>)
34183812:	685b      	ldr	r3, [r3, #4]
34183814:	05db      	lsls	r3, r3, #23
34183816:	d5f5      	bpl.n	34183804 <HAL_RCC_OscConfig+0x848>
34183818:	e4da      	b.n	341831d0 <HAL_RCC_OscConfig+0x214>
3418381a:	4b48      	ldr	r3, [pc, #288]	@ (3418393c <HAL_RCC_OscConfig+0x980>)
3418381c:	685b      	ldr	r3, [r3, #4]
3418381e:	0598      	lsls	r0, r3, #22
34183820:	d47a      	bmi.n	34183918 <HAL_RCC_OscConfig+0x95c>
34183822:	2a03      	cmp	r2, #3
34183824:	f43f acd7 	beq.w	341831d6 <HAL_RCC_OscConfig+0x21a>
34183828:	e545      	b.n	341832b6 <HAL_RCC_OscConfig+0x2fa>
3418382a:	4b44      	ldr	r3, [pc, #272]	@ (3418393c <HAL_RCC_OscConfig+0x980>)
3418382c:	685b      	ldr	r3, [r3, #4]
3418382e:	0599      	lsls	r1, r3, #22
34183830:	d474      	bmi.n	3418391c <HAL_RCC_OscConfig+0x960>
34183832:	2a02      	cmp	r2, #2
34183834:	f47f ad3f 	bne.w	341832b6 <HAL_RCC_OscConfig+0x2fa>
34183838:	f44f 7300 	mov.w	r3, #512	@ 0x200
3418383c:	4a3f      	ldr	r2, [pc, #252]	@ (3418393c <HAL_RCC_OscConfig+0x980>)
3418383e:	f8c2 3800 	str.w	r3, [r2, #2048]	@ 0x800
34183842:	f7ff f9ef 	bl	34182c24 <HAL_GetTick>
34183846:	4605      	mov	r5, r0
34183848:	e005      	b.n	34183856 <HAL_RCC_OscConfig+0x89a>
3418384a:	f7ff f9eb 	bl	34182c24 <HAL_GetTick>
3418384e:	1b40      	subs	r0, r0, r5
34183850:	2801      	cmp	r0, #1
34183852:	f63f acb7 	bhi.w	341831c4 <HAL_RCC_OscConfig+0x208>
34183856:	4b39      	ldr	r3, [pc, #228]	@ (3418393c <HAL_RCC_OscConfig+0x980>)
34183858:	685b      	ldr	r3, [r3, #4]
3418385a:	059b      	lsls	r3, r3, #22
3418385c:	d5f5      	bpl.n	3418384a <HAL_RCC_OscConfig+0x88e>
3418385e:	e4ba      	b.n	341831d6 <HAL_RCC_OscConfig+0x21a>
34183860:	4b36      	ldr	r3, [pc, #216]	@ (3418393c <HAL_RCC_OscConfig+0x980>)
34183862:	685b      	ldr	r3, [r3, #4]
34183864:	f413 6300 	ands.w	r3, r3, #2048	@ 0x800
34183868:	d163      	bne.n	34183932 <HAL_RCC_OscConfig+0x976>
3418386a:	2a03      	cmp	r2, #3
3418386c:	f43f acbb 	beq.w	341831e6 <HAL_RCC_OscConfig+0x22a>
34183870:	e5b4      	b.n	341833dc <HAL_RCC_OscConfig+0x420>
34183872:	4b32      	ldr	r3, [pc, #200]	@ (3418393c <HAL_RCC_OscConfig+0x980>)
34183874:	685b      	ldr	r3, [r3, #4]
34183876:	0558      	lsls	r0, r3, #21
34183878:	d452      	bmi.n	34183920 <HAL_RCC_OscConfig+0x964>
3418387a:	2a03      	cmp	r2, #3
3418387c:	f43f acaf 	beq.w	341831de <HAL_RCC_OscConfig+0x222>
34183880:	e557      	b.n	34183332 <HAL_RCC_OscConfig+0x376>
34183882:	4b2e      	ldr	r3, [pc, #184]	@ (3418393c <HAL_RCC_OscConfig+0x980>)
34183884:	685b      	ldr	r3, [r3, #4]
34183886:	0519      	lsls	r1, r3, #20
34183888:	d455      	bmi.n	34183936 <HAL_RCC_OscConfig+0x97a>
3418388a:	2a02      	cmp	r2, #2
3418388c:	f47f ada6 	bne.w	341833dc <HAL_RCC_OscConfig+0x420>
34183890:	f44f 6300 	mov.w	r3, #2048	@ 0x800
34183894:	4a29      	ldr	r2, [pc, #164]	@ (3418393c <HAL_RCC_OscConfig+0x980>)
34183896:	f8c2 3800 	str.w	r3, [r2, #2048]	@ 0x800
3418389a:	f7ff f9c3 	bl	34182c24 <HAL_GetTick>
3418389e:	4604      	mov	r4, r0
341838a0:	e005      	b.n	341838ae <HAL_RCC_OscConfig+0x8f2>
341838a2:	f7ff f9bf 	bl	34182c24 <HAL_GetTick>
341838a6:	1b00      	subs	r0, r0, r4
341838a8:	2801      	cmp	r0, #1
341838aa:	f63f ac8b 	bhi.w	341831c4 <HAL_RCC_OscConfig+0x208>
341838ae:	4b23      	ldr	r3, [pc, #140]	@ (3418393c <HAL_RCC_OscConfig+0x980>)
341838b0:	685b      	ldr	r3, [r3, #4]
341838b2:	051b      	lsls	r3, r3, #20
341838b4:	d5f5      	bpl.n	341838a2 <HAL_RCC_OscConfig+0x8e6>
341838b6:	e496      	b.n	341831e6 <HAL_RCC_OscConfig+0x22a>
341838b8:	4b20      	ldr	r3, [pc, #128]	@ (3418393c <HAL_RCC_OscConfig+0x980>)
341838ba:	685b      	ldr	r3, [r3, #4]
341838bc:	0559      	lsls	r1, r3, #21
341838be:	d41b      	bmi.n	341838f8 <HAL_RCC_OscConfig+0x93c>
341838c0:	2a02      	cmp	r2, #2
341838c2:	f47f ad36 	bne.w	34183332 <HAL_RCC_OscConfig+0x376>
341838c6:	f44f 6380 	mov.w	r3, #1024	@ 0x400
341838ca:	4a1c      	ldr	r2, [pc, #112]	@ (3418393c <HAL_RCC_OscConfig+0x980>)
341838cc:	f8c2 3800 	str.w	r3, [r2, #2048]	@ 0x800
341838d0:	f7ff f9a8 	bl	34182c24 <HAL_GetTick>
341838d4:	4605      	mov	r5, r0
341838d6:	e005      	b.n	341838e4 <HAL_RCC_OscConfig+0x928>
341838d8:	f7ff f9a4 	bl	34182c24 <HAL_GetTick>
341838dc:	1b40      	subs	r0, r0, r5
341838de:	2801      	cmp	r0, #1
341838e0:	f63f ac70 	bhi.w	341831c4 <HAL_RCC_OscConfig+0x208>
341838e4:	4b15      	ldr	r3, [pc, #84]	@ (3418393c <HAL_RCC_OscConfig+0x980>)
341838e6:	685b      	ldr	r3, [r3, #4]
341838e8:	055b      	lsls	r3, r3, #21
341838ea:	d5f5      	bpl.n	341838d8 <HAL_RCC_OscConfig+0x91c>
341838ec:	e477      	b.n	341831de <HAL_RCC_OscConfig+0x222>
341838ee:	2303      	movs	r3, #3
341838f0:	429a      	cmp	r2, r3
341838f2:	f43f ac6d 	beq.w	341831d0 <HAL_RCC_OscConfig+0x214>
341838f6:	e4aa      	b.n	3418324e <HAL_RCC_OscConfig+0x292>
341838f8:	2302      	movs	r3, #2
341838fa:	429a      	cmp	r2, r3
341838fc:	f43f ac6f 	beq.w	341831de <HAL_RCC_OscConfig+0x222>
34183900:	e517      	b.n	34183332 <HAL_RCC_OscConfig+0x376>
34183902:	2301      	movs	r3, #1
34183904:	e7f9      	b.n	341838fa <HAL_RCC_OscConfig+0x93e>
34183906:	2301      	movs	r3, #1
34183908:	e7f2      	b.n	341838f0 <HAL_RCC_OscConfig+0x934>
3418390a:	2301      	movs	r3, #1
3418390c:	429a      	cmp	r2, r3
3418390e:	f43f ac62 	beq.w	341831d6 <HAL_RCC_OscConfig+0x21a>
34183912:	e4d0      	b.n	341832b6 <HAL_RCC_OscConfig+0x2fa>
34183914:	2302      	movs	r3, #2
34183916:	e7eb      	b.n	341838f0 <HAL_RCC_OscConfig+0x934>
34183918:	2303      	movs	r3, #3
3418391a:	e7f7      	b.n	3418390c <HAL_RCC_OscConfig+0x950>
3418391c:	2302      	movs	r3, #2
3418391e:	e7f5      	b.n	3418390c <HAL_RCC_OscConfig+0x950>
34183920:	2303      	movs	r3, #3
34183922:	e7ea      	b.n	341838fa <HAL_RCC_OscConfig+0x93e>
34183924:	2301      	movs	r3, #1
34183926:	429a      	cmp	r2, r3
34183928:	f04f 0000 	mov.w	r0, #0
3418392c:	f43f ac4b 	beq.w	341831c6 <HAL_RCC_OscConfig+0x20a>
34183930:	e554      	b.n	341833dc <HAL_RCC_OscConfig+0x420>
34183932:	2303      	movs	r3, #3
34183934:	e7f7      	b.n	34183926 <HAL_RCC_OscConfig+0x96a>
34183936:	2302      	movs	r3, #2
34183938:	e7f5      	b.n	34183926 <HAL_RCC_OscConfig+0x96a>
3418393a:	bf00      	nop
3418393c:	56028000 	.word	0x56028000

34183940 <HAL_RCC_GetCpuClockFreq>:
34183940:	4a27      	ldr	r2, [pc, #156]	@ (341839e0 <HAL_RCC_GetCpuClockFreq+0xa0>)
34183942:	6a13      	ldr	r3, [r2, #32]
34183944:	f403 1340 	and.w	r3, r3, #3145728	@ 0x300000
34183948:	f5b3 1f00 	cmp.w	r3, #2097152	@ 0x200000
3418394c:	d022      	beq.n	34183994 <HAL_RCC_GetCpuClockFreq+0x54>
3418394e:	d805      	bhi.n	3418395c <HAL_RCC_GetCpuClockFreq+0x1c>
34183950:	b313      	cbz	r3, 34183998 <HAL_RCC_GetCpuClockFreq+0x58>
34183952:	6c53      	ldr	r3, [r2, #68]	@ 0x44
34183954:	059b      	lsls	r3, r3, #22
34183956:	d527      	bpl.n	341839a8 <HAL_RCC_GetCpuClockFreq+0x68>
34183958:	4822      	ldr	r0, [pc, #136]	@ (341839e4 <HAL_RCC_GetCpuClockFreq+0xa4>)
3418395a:	4770      	bx	lr
3418395c:	f5b3 1f40 	cmp.w	r3, #3145728	@ 0x300000
34183960:	d120      	bne.n	341839a4 <HAL_RCC_GetCpuClockFreq+0x64>
34183962:	b500      	push	{lr}
34183964:	f8d2 00c4 	ldr.w	r0, [r2, #196]	@ 0xc4
34183968:	f8d2 20c4 	ldr.w	r2, [r2, #196]	@ 0xc4
3418396c:	f3c0 4007 	ubfx	r0, r0, #16, #8
34183970:	f002 5240 	and.w	r2, r2, #805306368	@ 0x30000000
34183974:	f1b2 5f00 	cmp.w	r2, #536870912	@ 0x20000000
34183978:	b083      	sub	sp, #12
3418397a:	f100 0301 	add.w	r3, r0, #1
3418397e:	d01f      	beq.n	341839c0 <HAL_RCC_GetCpuClockFreq+0x80>
34183980:	d814      	bhi.n	341839ac <HAL_RCC_GetCpuClockFreq+0x6c>
34183982:	b332      	cbz	r2, 341839d2 <HAL_RCC_GetCpuClockFreq+0x92>
34183984:	9301      	str	r3, [sp, #4]
34183986:	f000 faaf 	bl	34183ee8 <HAL_RCCEx_GetPLL2CLKFreq>
3418398a:	9b01      	ldr	r3, [sp, #4]
3418398c:	fbb0 f0f3 	udiv	r0, r0, r3
34183990:	b003      	add	sp, #12
34183992:	bd00      	pop	{pc}
34183994:	4814      	ldr	r0, [pc, #80]	@ (341839e8 <HAL_RCC_GetCpuClockFreq+0xa8>)
34183996:	4770      	bx	lr
34183998:	6c93      	ldr	r3, [r2, #72]	@ 0x48
3418399a:	4814      	ldr	r0, [pc, #80]	@ (341839ec <HAL_RCC_GetCpuClockFreq+0xac>)
3418399c:	f3c3 13c1 	ubfx	r3, r3, #7, #2
341839a0:	40d8      	lsrs	r0, r3
341839a2:	4770      	bx	lr
341839a4:	2000      	movs	r0, #0
341839a6:	4770      	bx	lr
341839a8:	4811      	ldr	r0, [pc, #68]	@ (341839f0 <HAL_RCC_GetCpuClockFreq+0xb0>)
341839aa:	4770      	bx	lr
341839ac:	f1b2 5f40 	cmp.w	r2, #805306368	@ 0x30000000
341839b0:	d10d      	bne.n	341839ce <HAL_RCC_GetCpuClockFreq+0x8e>
341839b2:	9301      	str	r3, [sp, #4]
341839b4:	f000 fc0c 	bl	341841d0 <HAL_RCCEx_GetPLL4CLKFreq>
341839b8:	9b01      	ldr	r3, [sp, #4]
341839ba:	fbb0 f0f3 	udiv	r0, r0, r3
341839be:	e7e7      	b.n	34183990 <HAL_RCC_GetCpuClockFreq+0x50>
341839c0:	9301      	str	r3, [sp, #4]
341839c2:	f000 fb4b 	bl	3418405c <HAL_RCCEx_GetPLL3CLKFreq>
341839c6:	9b01      	ldr	r3, [sp, #4]
341839c8:	fbb0 f0f3 	udiv	r0, r0, r3
341839cc:	e7e0      	b.n	34183990 <HAL_RCC_GetCpuClockFreq+0x50>
341839ce:	2000      	movs	r0, #0
341839d0:	e7de      	b.n	34183990 <HAL_RCC_GetCpuClockFreq+0x50>
341839d2:	9301      	str	r3, [sp, #4]
341839d4:	f000 f9ce 	bl	34183d74 <HAL_RCCEx_GetPLL1CLKFreq>
341839d8:	9b01      	ldr	r3, [sp, #4]
341839da:	fbb0 f0f3 	udiv	r0, r0, r3
341839de:	e7d7      	b.n	34183990 <HAL_RCC_GetCpuClockFreq+0x50>
341839e0:	56028000 	.word	0x56028000
341839e4:	00f42400 	.word	0x00f42400
341839e8:	02dc6c00 	.word	0x02dc6c00
341839ec:	03d09000 	.word	0x03d09000
341839f0:	003d0900 	.word	0x003d0900

341839f4 <HAL_RCC_ClockConfig>:
341839f4:	2800      	cmp	r0, #0
341839f6:	f000 811f 	beq.w	34183c38 <HAL_RCC_ClockConfig+0x244>
341839fa:	e92d 41f0 	stmdb	sp!, {r4, r5, r6, r7, r8, lr}
341839fe:	6803      	ldr	r3, [r0, #0]
34183a00:	b082      	sub	sp, #8
34183a02:	f013 0108 	ands.w	r1, r3, #8
34183a06:	d00b      	beq.n	34183a20 <HAL_RCC_ClockConfig+0x2c>
34183a08:	4c98      	ldr	r4, [pc, #608]	@ (34183c6c <HAL_RCC_ClockConfig+0x278>)
34183a0a:	6905      	ldr	r5, [r0, #16]
34183a0c:	6a62      	ldr	r2, [r4, #36]	@ 0x24
34183a0e:	f002 0207 	and.w	r2, r2, #7
34183a12:	4295      	cmp	r5, r2
34183a14:	d904      	bls.n	34183a20 <HAL_RCC_ClockConfig+0x2c>
34183a16:	6a62      	ldr	r2, [r4, #36]	@ 0x24
34183a18:	f022 0207 	bic.w	r2, r2, #7
34183a1c:	432a      	orrs	r2, r5
34183a1e:	6262      	str	r2, [r4, #36]	@ 0x24
34183a20:	f013 0510 	ands.w	r5, r3, #16
34183a24:	d00b      	beq.n	34183a3e <HAL_RCC_ClockConfig+0x4a>
34183a26:	4c91      	ldr	r4, [pc, #580]	@ (34183c6c <HAL_RCC_ClockConfig+0x278>)
34183a28:	6946      	ldr	r6, [r0, #20]
34183a2a:	6a62      	ldr	r2, [r4, #36]	@ 0x24
34183a2c:	f002 0270 	and.w	r2, r2, #112	@ 0x70
34183a30:	4296      	cmp	r6, r2
34183a32:	d904      	bls.n	34183a3e <HAL_RCC_ClockConfig+0x4a>
34183a34:	6a62      	ldr	r2, [r4, #36]	@ 0x24
34183a36:	f022 0270 	bic.w	r2, r2, #112	@ 0x70
34183a3a:	4332      	orrs	r2, r6
34183a3c:	6262      	str	r2, [r4, #36]	@ 0x24
34183a3e:	f013 0620 	ands.w	r6, r3, #32
34183a42:	d00b      	beq.n	34183a5c <HAL_RCC_ClockConfig+0x68>
34183a44:	4c89      	ldr	r4, [pc, #548]	@ (34183c6c <HAL_RCC_ClockConfig+0x278>)
34183a46:	6987      	ldr	r7, [r0, #24]
34183a48:	6a62      	ldr	r2, [r4, #36]	@ 0x24
34183a4a:	f402 42e0 	and.w	r2, r2, #28672	@ 0x7000
34183a4e:	4297      	cmp	r7, r2
34183a50:	d904      	bls.n	34183a5c <HAL_RCC_ClockConfig+0x68>
34183a52:	6a62      	ldr	r2, [r4, #36]	@ 0x24
34183a54:	f422 42e0 	bic.w	r2, r2, #28672	@ 0x7000
34183a58:	433a      	orrs	r2, r7
34183a5a:	6262      	str	r2, [r4, #36]	@ 0x24
34183a5c:	f013 0740 	ands.w	r7, r3, #64	@ 0x40
34183a60:	d00d      	beq.n	34183a7e <HAL_RCC_ClockConfig+0x8a>
34183a62:	4c82      	ldr	r4, [pc, #520]	@ (34183c6c <HAL_RCC_ClockConfig+0x278>)
34183a64:	f8d0 c01c 	ldr.w	ip, [r0, #28]
34183a68:	6a62      	ldr	r2, [r4, #36]	@ 0x24
34183a6a:	f402 22e0 	and.w	r2, r2, #458752	@ 0x70000
34183a6e:	4594      	cmp	ip, r2
34183a70:	d905      	bls.n	34183a7e <HAL_RCC_ClockConfig+0x8a>
34183a72:	6a62      	ldr	r2, [r4, #36]	@ 0x24
34183a74:	f422 22e0 	bic.w	r2, r2, #458752	@ 0x70000
34183a78:	ea42 020c 	orr.w	r2, r2, ip
34183a7c:	6262      	str	r2, [r4, #36]	@ 0x24
34183a7e:	4604      	mov	r4, r0
34183a80:	0758      	lsls	r0, r3, #29
34183a82:	d53e      	bpl.n	34183b02 <HAL_RCC_ClockConfig+0x10e>
34183a84:	4879      	ldr	r0, [pc, #484]	@ (34183c6c <HAL_RCC_ClockConfig+0x278>)
34183a86:	f8d4 c00c 	ldr.w	ip, [r4, #12]
34183a8a:	6a42      	ldr	r2, [r0, #36]	@ 0x24
34183a8c:	f402 02e0 	and.w	r2, r2, #7340032	@ 0x700000
34183a90:	4594      	cmp	ip, r2
34183a92:	d905      	bls.n	34183aa0 <HAL_RCC_ClockConfig+0xac>
34183a94:	6a42      	ldr	r2, [r0, #36]	@ 0x24
34183a96:	f422 02e0 	bic.w	r2, r2, #7340032	@ 0x700000
34183a9a:	ea42 020c 	orr.w	r2, r2, ip
34183a9e:	6242      	str	r2, [r0, #36]	@ 0x24
34183aa0:	07d8      	lsls	r0, r3, #31
34183aa2:	d46d      	bmi.n	34183b80 <HAL_RCC_ClockConfig+0x18c>
34183aa4:	079b      	lsls	r3, r3, #30
34183aa6:	f140 80a3 	bpl.w	34183bf0 <HAL_RCC_ClockConfig+0x1fc>
34183aaa:	68a6      	ldr	r6, [r4, #8]
34183aac:	f1b6 7f00 	cmp.w	r6, #33554432	@ 0x2000000
34183ab0:	f000 80ad 	beq.w	34183c0e <HAL_RCC_ClockConfig+0x21a>
34183ab4:	f1b6 7f40 	cmp.w	r6, #50331648	@ 0x3000000
34183ab8:	f000 80de 	beq.w	34183c78 <HAL_RCC_ClockConfig+0x284>
34183abc:	4b6b      	ldr	r3, [pc, #428]	@ (34183c6c <HAL_RCC_ClockConfig+0x278>)
34183abe:	685b      	ldr	r3, [r3, #4]
34183ac0:	2e00      	cmp	r6, #0
34183ac2:	f040 80bb 	bne.w	34183c3c <HAL_RCC_ClockConfig+0x248>
34183ac6:	0718      	lsls	r0, r3, #28
34183ac8:	f140 80a6 	bpl.w	34183c18 <HAL_RCC_ClockConfig+0x224>
34183acc:	4d67      	ldr	r5, [pc, #412]	@ (34183c6c <HAL_RCC_ClockConfig+0x278>)
34183ace:	6a2b      	ldr	r3, [r5, #32]
34183ad0:	f023 7340 	bic.w	r3, r3, #50331648	@ 0x3000000
34183ad4:	4333      	orrs	r3, r6
34183ad6:	622b      	str	r3, [r5, #32]
34183ad8:	f7ff f8a4 	bl	34182c24 <HAL_GetTick>
34183adc:	f241 3688 	movw	r6, #5000	@ 0x1388
34183ae0:	4607      	mov	r7, r0
34183ae2:	e005      	b.n	34183af0 <HAL_RCC_ClockConfig+0xfc>
34183ae4:	f7ff f89e 	bl	34182c24 <HAL_GetTick>
34183ae8:	1bc0      	subs	r0, r0, r7
34183aea:	42b0      	cmp	r0, r6
34183aec:	f200 809b 	bhi.w	34183c26 <HAL_RCC_ClockConfig+0x232>
34183af0:	6a2b      	ldr	r3, [r5, #32]
34183af2:	68a2      	ldr	r2, [r4, #8]
34183af4:	f003 5340 	and.w	r3, r3, #805306368	@ 0x30000000
34183af8:	ebb3 1f02 	cmp.w	r3, r2, lsl #4
34183afc:	d1f2      	bne.n	34183ae4 <HAL_RCC_ClockConfig+0xf0>
34183afe:	6823      	ldr	r3, [r4, #0]
34183b00:	e06c      	b.n	34183bdc <HAL_RCC_ClockConfig+0x1e8>
34183b02:	07da      	lsls	r2, r3, #31
34183b04:	d43c      	bmi.n	34183b80 <HAL_RCC_ClockConfig+0x18c>
34183b06:	079b      	lsls	r3, r3, #30
34183b08:	d4cf      	bmi.n	34183aaa <HAL_RCC_ClockConfig+0xb6>
34183b0a:	b159      	cbz	r1, 34183b24 <HAL_RCC_ClockConfig+0x130>
34183b0c:	4a57      	ldr	r2, [pc, #348]	@ (34183c6c <HAL_RCC_ClockConfig+0x278>)
34183b0e:	6921      	ldr	r1, [r4, #16]
34183b10:	6a53      	ldr	r3, [r2, #36]	@ 0x24
34183b12:	f003 0307 	and.w	r3, r3, #7
34183b16:	4299      	cmp	r1, r3
34183b18:	d204      	bcs.n	34183b24 <HAL_RCC_ClockConfig+0x130>
34183b1a:	6a53      	ldr	r3, [r2, #36]	@ 0x24
34183b1c:	f023 0307 	bic.w	r3, r3, #7
34183b20:	430b      	orrs	r3, r1
34183b22:	6253      	str	r3, [r2, #36]	@ 0x24
34183b24:	b15d      	cbz	r5, 34183b3e <HAL_RCC_ClockConfig+0x14a>
34183b26:	4a51      	ldr	r2, [pc, #324]	@ (34183c6c <HAL_RCC_ClockConfig+0x278>)
34183b28:	6961      	ldr	r1, [r4, #20]
34183b2a:	6a53      	ldr	r3, [r2, #36]	@ 0x24
34183b2c:	f003 0370 	and.w	r3, r3, #112	@ 0x70
34183b30:	4299      	cmp	r1, r3
34183b32:	d204      	bcs.n	34183b3e <HAL_RCC_ClockConfig+0x14a>
34183b34:	6a53      	ldr	r3, [r2, #36]	@ 0x24
34183b36:	f023 0370 	bic.w	r3, r3, #112	@ 0x70
34183b3a:	430b      	orrs	r3, r1
34183b3c:	6253      	str	r3, [r2, #36]	@ 0x24
34183b3e:	b15e      	cbz	r6, 34183b58 <HAL_RCC_ClockConfig+0x164>
34183b40:	4a4a      	ldr	r2, [pc, #296]	@ (34183c6c <HAL_RCC_ClockConfig+0x278>)
34183b42:	69a1      	ldr	r1, [r4, #24]
34183b44:	6a53      	ldr	r3, [r2, #36]	@ 0x24
34183b46:	f403 43e0 	and.w	r3, r3, #28672	@ 0x7000
34183b4a:	4299      	cmp	r1, r3
34183b4c:	d204      	bcs.n	34183b58 <HAL_RCC_ClockConfig+0x164>
34183b4e:	6a53      	ldr	r3, [r2, #36]	@ 0x24
34183b50:	f423 43e0 	bic.w	r3, r3, #28672	@ 0x7000
34183b54:	430b      	orrs	r3, r1
34183b56:	6253      	str	r3, [r2, #36]	@ 0x24
34183b58:	b15f      	cbz	r7, 34183b72 <HAL_RCC_ClockConfig+0x17e>
34183b5a:	4a44      	ldr	r2, [pc, #272]	@ (34183c6c <HAL_RCC_ClockConfig+0x278>)
34183b5c:	69e1      	ldr	r1, [r4, #28]
34183b5e:	6a53      	ldr	r3, [r2, #36]	@ 0x24
34183b60:	f403 23e0 	and.w	r3, r3, #458752	@ 0x70000
34183b64:	4299      	cmp	r1, r3
34183b66:	d204      	bcs.n	34183b72 <HAL_RCC_ClockConfig+0x17e>
34183b68:	6a53      	ldr	r3, [r2, #36]	@ 0x24
34183b6a:	f423 23e0 	bic.w	r3, r3, #458752	@ 0x70000
34183b6e:	430b      	orrs	r3, r1
34183b70:	6253      	str	r3, [r2, #36]	@ 0x24
34183b72:	4b3f      	ldr	r3, [pc, #252]	@ (34183c70 <HAL_RCC_ClockConfig+0x27c>)
34183b74:	6818      	ldr	r0, [r3, #0]
34183b76:	b002      	add	sp, #8
34183b78:	e8bd 41f0 	ldmia.w	sp!, {r4, r5, r6, r7, r8, lr}
34183b7c:	f7ff b814 	b.w	34182ba8 <HAL_InitTick>
34183b80:	6866      	ldr	r6, [r4, #4]
34183b82:	f5b6 3f00 	cmp.w	r6, #131072	@ 0x20000
34183b86:	d052      	beq.n	34183c2e <HAL_RCC_ClockConfig+0x23a>
34183b88:	f5b6 3f40 	cmp.w	r6, #196608	@ 0x30000
34183b8c:	d059      	beq.n	34183c42 <HAL_RCC_ClockConfig+0x24e>
34183b8e:	4b37      	ldr	r3, [pc, #220]	@ (34183c6c <HAL_RCC_ClockConfig+0x278>)
34183b90:	f5b6 3f80 	cmp.w	r6, #65536	@ 0x10000
34183b94:	685b      	ldr	r3, [r3, #4]
34183b96:	d043      	beq.n	34183c20 <HAL_RCC_ClockConfig+0x22c>
34183b98:	071f      	lsls	r7, r3, #28
34183b9a:	d53d      	bpl.n	34183c18 <HAL_RCC_ClockConfig+0x224>
34183b9c:	4d33      	ldr	r5, [pc, #204]	@ (34183c6c <HAL_RCC_ClockConfig+0x278>)
34183b9e:	6a2b      	ldr	r3, [r5, #32]
34183ba0:	f423 3340 	bic.w	r3, r3, #196608	@ 0x30000
34183ba4:	4333      	orrs	r3, r6
34183ba6:	622b      	str	r3, [r5, #32]
34183ba8:	f7ff f83c 	bl	34182c24 <HAL_GetTick>
34183bac:	f241 3688 	movw	r6, #5000	@ 0x1388
34183bb0:	4607      	mov	r7, r0
34183bb2:	e004      	b.n	34183bbe <HAL_RCC_ClockConfig+0x1ca>
34183bb4:	f7ff f836 	bl	34182c24 <HAL_GetTick>
34183bb8:	1bc0      	subs	r0, r0, r7
34183bba:	42b0      	cmp	r0, r6
34183bbc:	d833      	bhi.n	34183c26 <HAL_RCC_ClockConfig+0x232>
34183bbe:	6a2b      	ldr	r3, [r5, #32]
34183bc0:	6862      	ldr	r2, [r4, #4]
34183bc2:	f403 1340 	and.w	r3, r3, #3145728	@ 0x300000
34183bc6:	ebb3 1f02 	cmp.w	r3, r2, lsl #4
34183bca:	d1f3      	bne.n	34183bb4 <HAL_RCC_ClockConfig+0x1c0>
34183bcc:	f7ff feb8 	bl	34183940 <HAL_RCC_GetCpuClockFreq>
34183bd0:	6823      	ldr	r3, [r4, #0]
34183bd2:	4a28      	ldr	r2, [pc, #160]	@ (34183c74 <HAL_RCC_ClockConfig+0x280>)
34183bd4:	079e      	lsls	r6, r3, #30
34183bd6:	6010      	str	r0, [r2, #0]
34183bd8:	f53f af67 	bmi.w	34183aaa <HAL_RCC_ClockConfig+0xb6>
34183bdc:	075a      	lsls	r2, r3, #29
34183bde:	f003 0108 	and.w	r1, r3, #8
34183be2:	f003 0510 	and.w	r5, r3, #16
34183be6:	f003 0620 	and.w	r6, r3, #32
34183bea:	f003 0740 	and.w	r7, r3, #64	@ 0x40
34183bee:	d58c      	bpl.n	34183b0a <HAL_RCC_ClockConfig+0x116>
34183bf0:	4a1e      	ldr	r2, [pc, #120]	@ (34183c6c <HAL_RCC_ClockConfig+0x278>)
34183bf2:	68e0      	ldr	r0, [r4, #12]
34183bf4:	6a53      	ldr	r3, [r2, #36]	@ 0x24
34183bf6:	f403 03e0 	and.w	r3, r3, #7340032	@ 0x700000
34183bfa:	4298      	cmp	r0, r3
34183bfc:	d285      	bcs.n	34183b0a <HAL_RCC_ClockConfig+0x116>
34183bfe:	6a53      	ldr	r3, [r2, #36]	@ 0x24
34183c00:	f423 03e0 	bic.w	r3, r3, #7340032	@ 0x700000
34183c04:	4303      	orrs	r3, r0
34183c06:	6253      	str	r3, [r2, #36]	@ 0x24
34183c08:	2900      	cmp	r1, #0
34183c0a:	d08b      	beq.n	34183b24 <HAL_RCC_ClockConfig+0x130>
34183c0c:	e77e      	b.n	34183b0c <HAL_RCC_ClockConfig+0x118>
34183c0e:	4b17      	ldr	r3, [pc, #92]	@ (34183c6c <HAL_RCC_ClockConfig+0x278>)
34183c10:	685b      	ldr	r3, [r3, #4]
34183c12:	06dd      	lsls	r5, r3, #27
34183c14:	f53f af5a 	bmi.w	34183acc <HAL_RCC_ClockConfig+0xd8>
34183c18:	2001      	movs	r0, #1
34183c1a:	b002      	add	sp, #8
34183c1c:	e8bd 81f0 	ldmia.w	sp!, {r4, r5, r6, r7, r8, pc}
34183c20:	075b      	lsls	r3, r3, #29
34183c22:	d4bb      	bmi.n	34183b9c <HAL_RCC_ClockConfig+0x1a8>
34183c24:	e7f8      	b.n	34183c18 <HAL_RCC_ClockConfig+0x224>
34183c26:	2003      	movs	r0, #3
34183c28:	b002      	add	sp, #8
34183c2a:	e8bd 81f0 	ldmia.w	sp!, {r4, r5, r6, r7, r8, pc}
34183c2e:	4b0f      	ldr	r3, [pc, #60]	@ (34183c6c <HAL_RCC_ClockConfig+0x278>)
34183c30:	685b      	ldr	r3, [r3, #4]
34183c32:	06da      	lsls	r2, r3, #27
34183c34:	d4b2      	bmi.n	34183b9c <HAL_RCC_ClockConfig+0x1a8>
34183c36:	e7ef      	b.n	34183c18 <HAL_RCC_ClockConfig+0x224>
34183c38:	2001      	movs	r0, #1
34183c3a:	4770      	bx	lr
34183c3c:	0759      	lsls	r1, r3, #29
34183c3e:	d5eb      	bpl.n	34183c18 <HAL_RCC_ClockConfig+0x224>
34183c40:	e744      	b.n	34183acc <HAL_RCC_ClockConfig+0xd8>
34183c42:	4f0a      	ldr	r7, [pc, #40]	@ (34183c6c <HAL_RCC_ClockConfig+0x278>)
34183c44:	6a25      	ldr	r5, [r4, #32]
34183c46:	f8d7 00c4 	ldr.w	r0, [r7, #196]	@ 0xc4
34183c4a:	4629      	mov	r1, r5
34183c4c:	f000 5040 	and.w	r0, r0, #805306368	@ 0x30000000
34183c50:	f7ff f87e 	bl	34182d50 <RCC_IC_CheckPLLSources>
34183c54:	2801      	cmp	r0, #1
34183c56:	d1df      	bne.n	34183c18 <HAL_RCC_ClockConfig+0x224>
34183c58:	6a63      	ldr	r3, [r4, #36]	@ 0x24
34183c5a:	3b01      	subs	r3, #1
34183c5c:	ea45 4503 	orr.w	r5, r5, r3, lsl #16
34183c60:	f8c7 50c4 	str.w	r5, [r7, #196]	@ 0xc4
34183c64:	f8c7 0a40 	str.w	r0, [r7, #2624]	@ 0xa40
34183c68:	e798      	b.n	34183b9c <HAL_RCC_ClockConfig+0x1a8>
34183c6a:	bf00      	nop
34183c6c:	56028000 	.word	0x56028000
34183c70:	341c0010 	.word	0x341c0010
34183c74:	341c0008 	.word	0x341c0008
34183c78:	4d1b      	ldr	r5, [pc, #108]	@ (34183ce8 <HAL_RCC_ClockConfig+0x2f4>)
34183c7a:	6aa7      	ldr	r7, [r4, #40]	@ 0x28
34183c7c:	f8d5 00c8 	ldr.w	r0, [r5, #200]	@ 0xc8
34183c80:	4639      	mov	r1, r7
34183c82:	f000 5040 	and.w	r0, r0, #805306368	@ 0x30000000
34183c86:	f7ff f863 	bl	34182d50 <RCC_IC_CheckPLLSources>
34183c8a:	2801      	cmp	r0, #1
34183c8c:	d1c4      	bne.n	34183c18 <HAL_RCC_ClockConfig+0x224>
34183c8e:	6b23      	ldr	r3, [r4, #48]	@ 0x30
34183c90:	f8d5 00d8 	ldr.w	r0, [r5, #216]	@ 0xd8
34183c94:	4619      	mov	r1, r3
34183c96:	f000 5040 	and.w	r0, r0, #805306368	@ 0x30000000
34183c9a:	4698      	mov	r8, r3
34183c9c:	f7ff f858 	bl	34182d50 <RCC_IC_CheckPLLSources>
34183ca0:	2801      	cmp	r0, #1
34183ca2:	d1b9      	bne.n	34183c18 <HAL_RCC_ClockConfig+0x224>
34183ca4:	f8d5 00ec 	ldr.w	r0, [r5, #236]	@ 0xec
34183ca8:	6ba1      	ldr	r1, [r4, #56]	@ 0x38
34183caa:	f000 5040 	and.w	r0, r0, #805306368	@ 0x30000000
34183cae:	9101      	str	r1, [sp, #4]
34183cb0:	f7ff f84e 	bl	34182d50 <RCC_IC_CheckPLLSources>
34183cb4:	2801      	cmp	r0, #1
34183cb6:	d1af      	bne.n	34183c18 <HAL_RCC_ClockConfig+0x224>
34183cb8:	f240 4222 	movw	r2, #1058	@ 0x422
34183cbc:	6ae3      	ldr	r3, [r4, #44]	@ 0x2c
34183cbe:	9901      	ldr	r1, [sp, #4]
34183cc0:	3b01      	subs	r3, #1
34183cc2:	ea47 4703 	orr.w	r7, r7, r3, lsl #16
34183cc6:	f8c5 70c8 	str.w	r7, [r5, #200]	@ 0xc8
34183cca:	6b63      	ldr	r3, [r4, #52]	@ 0x34
34183ccc:	3b01      	subs	r3, #1
34183cce:	ea48 4303 	orr.w	r3, r8, r3, lsl #16
34183cd2:	f8c5 30d8 	str.w	r3, [r5, #216]	@ 0xd8
34183cd6:	6be3      	ldr	r3, [r4, #60]	@ 0x3c
34183cd8:	3b01      	subs	r3, #1
34183cda:	ea41 4103 	orr.w	r1, r1, r3, lsl #16
34183cde:	f8c5 10ec 	str.w	r1, [r5, #236]	@ 0xec
34183ce2:	f8c5 2a40 	str.w	r2, [r5, #2624]	@ 0xa40
34183ce6:	e6f1      	b.n	34183acc <HAL_RCC_ClockConfig+0xd8>
34183ce8:	56028000 	.word	0x56028000

34183cec <HAL_RCC_GetClockConfig>:
34183cec:	237f      	movs	r3, #127	@ 0x7f
34183cee:	4a20      	ldr	r2, [pc, #128]	@ (34183d70 <HAL_RCC_GetClockConfig+0x84>)
34183cf0:	b500      	push	{lr}
34183cf2:	6003      	str	r3, [r0, #0]
34183cf4:	6a13      	ldr	r3, [r2, #32]
34183cf6:	091b      	lsrs	r3, r3, #4
34183cf8:	f403 3140 	and.w	r1, r3, #196608	@ 0x30000
34183cfc:	f003 7340 	and.w	r3, r3, #50331648	@ 0x3000000
34183d00:	e9c0 1301 	strd	r1, r3, [r0, #4]
34183d04:	6a53      	ldr	r3, [r2, #36]	@ 0x24
34183d06:	f003 0107 	and.w	r1, r3, #7
34183d0a:	f403 0ee0 	and.w	lr, r3, #7340032	@ 0x700000
34183d0e:	e9c0 e103 	strd	lr, r1, [r0, #12]
34183d12:	f003 0c70 	and.w	ip, r3, #112	@ 0x70
34183d16:	f403 41e0 	and.w	r1, r3, #28672	@ 0x7000
34183d1a:	e9c0 c105 	strd	ip, r1, [r0, #20]
34183d1e:	f403 23e0 	and.w	r3, r3, #458752	@ 0x70000
34183d22:	61c3      	str	r3, [r0, #28]
34183d24:	f8d2 30c4 	ldr.w	r3, [r2, #196]	@ 0xc4
34183d28:	f3c3 4107 	ubfx	r1, r3, #16, #8
34183d2c:	3101      	adds	r1, #1
34183d2e:	f003 5340 	and.w	r3, r3, #805306368	@ 0x30000000
34183d32:	e9c0 3108 	strd	r3, r1, [r0, #32]
34183d36:	f8d2 30c8 	ldr.w	r3, [r2, #200]	@ 0xc8
34183d3a:	f3c3 4107 	ubfx	r1, r3, #16, #8
34183d3e:	3101      	adds	r1, #1
34183d40:	f003 5340 	and.w	r3, r3, #805306368	@ 0x30000000
34183d44:	e9c0 310a 	strd	r3, r1, [r0, #40]	@ 0x28
34183d48:	f8d2 30d8 	ldr.w	r3, [r2, #216]	@ 0xd8
34183d4c:	f3c3 4107 	ubfx	r1, r3, #16, #8
34183d50:	3101      	adds	r1, #1
34183d52:	f003 5340 	and.w	r3, r3, #805306368	@ 0x30000000
34183d56:	e9c0 310c 	strd	r3, r1, [r0, #48]	@ 0x30
34183d5a:	f8d2 30ec 	ldr.w	r3, [r2, #236]	@ 0xec
34183d5e:	f3c3 4207 	ubfx	r2, r3, #16, #8
34183d62:	3201      	adds	r2, #1
34183d64:	f003 5340 	and.w	r3, r3, #805306368	@ 0x30000000
34183d68:	e9c0 320e 	strd	r3, r2, [r0, #56]	@ 0x38
34183d6c:	bd00      	pop	{pc}
34183d6e:	bf00      	nop
34183d70:	56028000 	.word	0x56028000

34183d74 <HAL_RCCEx_GetPLL1CLKFreq>:
34183d74:	4a56      	ldr	r2, [pc, #344]	@ (34183ed0 <HAL_RCCEx_GetPLL1CLKFreq+0x15c>)
34183d76:	6853      	ldr	r3, [r2, #4]
34183d78:	f413 7380 	ands.w	r3, r3, #256	@ 0x100
34183d7c:	d01a      	beq.n	34183db4 <HAL_RCCEx_GetPLL1CLKFreq+0x40>
34183d7e:	f8d2 0088 	ldr.w	r0, [r2, #136]	@ 0x88
34183d82:	f010 4080 	ands.w	r0, r0, #1073741824	@ 0x40000000
34183d86:	d02e      	beq.n	34183de6 <HAL_RCCEx_GetPLL1CLKFreq+0x72>
34183d88:	f8d2 3080 	ldr.w	r3, [r2, #128]	@ 0x80
34183d8c:	f003 43e0 	and.w	r3, r3, #1879048192	@ 0x70000000
34183d90:	f1b3 5f00 	cmp.w	r3, #536870912	@ 0x20000000
34183d94:	d02e      	beq.n	34183df4 <HAL_RCCEx_GetPLL1CLKFreq+0x80>
34183d96:	d839      	bhi.n	34183e0c <HAL_RCCEx_GetPLL1CLKFreq+0x98>
34183d98:	2b00      	cmp	r3, #0
34183d9a:	f000 8086 	beq.w	34183eaa <HAL_RCCEx_GetPLL1CLKFreq+0x136>
34183d9e:	6850      	ldr	r0, [r2, #4]
34183da0:	f010 0004 	ands.w	r0, r0, #4
34183da4:	d025      	beq.n	34183df2 <HAL_RCCEx_GetPLL1CLKFreq+0x7e>
34183da6:	6c53      	ldr	r3, [r2, #68]	@ 0x44
34183da8:	059a      	lsls	r2, r3, #22
34183daa:	f140 808e 	bpl.w	34183eca <HAL_RCCEx_GetPLL1CLKFreq+0x156>
34183dae:	f8df c134 	ldr.w	ip, [pc, #308]	@ 34183ee4 <HAL_RCCEx_GetPLL1CLKFreq+0x170>
34183db2:	e030      	b.n	34183e16 <HAL_RCCEx_GetPLL1CLKFreq+0xa2>
34183db4:	f8d2 0080 	ldr.w	r0, [r2, #128]	@ 0x80
34183db8:	f010 6000 	ands.w	r0, r0, #134217728	@ 0x8000000
34183dbc:	d012      	beq.n	34183de4 <HAL_RCCEx_GetPLL1CLKFreq+0x70>
34183dbe:	f8d2 1080 	ldr.w	r1, [r2, #128]	@ 0x80
34183dc2:	f001 41e0 	and.w	r1, r1, #1879048192	@ 0x70000000
34183dc6:	f1b1 5f00 	cmp.w	r1, #536870912	@ 0x20000000
34183dca:	d00d      	beq.n	34183de8 <HAL_RCCEx_GetPLL1CLKFreq+0x74>
34183dcc:	d819      	bhi.n	34183e02 <HAL_RCCEx_GetPLL1CLKFreq+0x8e>
34183dce:	2900      	cmp	r1, #0
34183dd0:	d061      	beq.n	34183e96 <HAL_RCCEx_GetPLL1CLKFreq+0x122>
34183dd2:	6850      	ldr	r0, [r2, #4]
34183dd4:	f010 0004 	ands.w	r0, r0, #4
34183dd8:	d00b      	beq.n	34183df2 <HAL_RCCEx_GetPLL1CLKFreq+0x7e>
34183dda:	6c53      	ldr	r3, [r2, #68]	@ 0x44
34183ddc:	059b      	lsls	r3, r3, #22
34183dde:	d472      	bmi.n	34183ec6 <HAL_RCCEx_GetPLL1CLKFreq+0x152>
34183de0:	483c      	ldr	r0, [pc, #240]	@ (34183ed4 <HAL_RCCEx_GetPLL1CLKFreq+0x160>)
34183de2:	4770      	bx	lr
34183de4:	4770      	bx	lr
34183de6:	4770      	bx	lr
34183de8:	6850      	ldr	r0, [r2, #4]
34183dea:	f010 0010 	ands.w	r0, r0, #16
34183dee:	d069      	beq.n	34183ec4 <HAL_RCCEx_GetPLL1CLKFreq+0x150>
34183df0:	4839      	ldr	r0, [pc, #228]	@ (34183ed8 <HAL_RCCEx_GetPLL1CLKFreq+0x164>)
34183df2:	4770      	bx	lr
34183df4:	6850      	ldr	r0, [r2, #4]
34183df6:	f010 0010 	ands.w	r0, r0, #16
34183dfa:	d0fa      	beq.n	34183df2 <HAL_RCCEx_GetPLL1CLKFreq+0x7e>
34183dfc:	f8df c0d8 	ldr.w	ip, [pc, #216]	@ 34183ed8 <HAL_RCCEx_GetPLL1CLKFreq+0x164>
34183e00:	e009      	b.n	34183e16 <HAL_RCCEx_GetPLL1CLKFreq+0xa2>
34183e02:	f1b1 5f40 	cmp.w	r1, #805306368	@ 0x30000000
34183e06:	d15b      	bne.n	34183ec0 <HAL_RCCEx_GetPLL1CLKFreq+0x14c>
34183e08:	4834      	ldr	r0, [pc, #208]	@ (34183edc <HAL_RCCEx_GetPLL1CLKFreq+0x168>)
34183e0a:	4770      	bx	lr
34183e0c:	f1b3 5f40 	cmp.w	r3, #805306368	@ 0x30000000
34183e10:	d156      	bne.n	34183ec0 <HAL_RCCEx_GetPLL1CLKFreq+0x14c>
34183e12:	f8df c0c8 	ldr.w	ip, [pc, #200]	@ 34183edc <HAL_RCCEx_GetPLL1CLKFreq+0x168>
34183e16:	4a2e      	ldr	r2, [pc, #184]	@ (34183ed0 <HAL_RCCEx_GetPLL1CLKFreq+0x15c>)
34183e18:	f8d2 3080 	ldr.w	r3, [r2, #128]	@ 0x80
34183e1c:	f3c3 5105 	ubfx	r1, r3, #20, #6
34183e20:	f013 7f7c 	tst.w	r3, #66060288	@ 0x3f00000
34183e24:	4608      	mov	r0, r1
34183e26:	d0e4      	beq.n	34183df2 <HAL_RCCEx_GetPLL1CLKFreq+0x7e>
34183e28:	f8d2 3080 	ldr.w	r3, [r2, #128]	@ 0x80
34183e2c:	f8d2 0084 	ldr.w	r0, [r2, #132]	@ 0x84
34183e30:	f3c3 230b 	ubfx	r3, r3, #8, #12
34183e34:	f020 407f 	bic.w	r0, r0, #4278190080	@ 0xff000000
34183e38:	ee07 3a90 	vmov	s15, r3
34183e3c:	ee05 0a90 	vmov	s11, r0
34183e40:	ee07 ca10 	vmov	s14, ip
34183e44:	eefa 5ac4 	vcvt.f32.s32	s11, s11, #24
34183e48:	eef8 7ae7 	vcvt.f32.s32	s15, s15
34183e4c:	eeb8 5ac7 	vcvt.f32.s32	s10, s14
34183e50:	ee77 7aa5 	vadd.f32	s15, s15, s11
34183e54:	ee07 1a10 	vmov	s14, r1
34183e58:	f8d2 1088 	ldr.w	r1, [r2, #136]	@ 0x88
34183e5c:	ee67 7a85 	vmul.f32	s15, s15, s10
34183e60:	f3c1 61c2 	ubfx	r1, r1, #27, #3
34183e64:	ee06 1a90 	vmov	s13, r1
34183e68:	eeb8 7ac7 	vcvt.f32.s32	s14, s14
34183e6c:	f8d2 3088 	ldr.w	r3, [r2, #136]	@ 0x88
34183e70:	eeb8 6ae6 	vcvt.f32.s32	s12, s13
34183e74:	f3c3 6302 	ubfx	r3, r3, #24, #3
34183e78:	eec7 5a87 	vdiv.f32	s11, s15, s14
34183e7c:	ee06 3a90 	vmov	s13, r3
34183e80:	ee85 7a86 	vdiv.f32	s14, s11, s12
34183e84:	eef8 6ae6 	vcvt.f32.s32	s13, s13
34183e88:	eec7 7a26 	vdiv.f32	s15, s14, s13
34183e8c:	eefc 7ae7 	vcvt.u32.f32	s15, s15
34183e90:	ee17 0a90 	vmov	r0, s15
34183e94:	4770      	bx	lr
34183e96:	6850      	ldr	r0, [r2, #4]
34183e98:	f010 0008 	ands.w	r0, r0, #8
34183e9c:	d0a9      	beq.n	34183df2 <HAL_RCCEx_GetPLL1CLKFreq+0x7e>
34183e9e:	6c93      	ldr	r3, [r2, #72]	@ 0x48
34183ea0:	480f      	ldr	r0, [pc, #60]	@ (34183ee0 <HAL_RCCEx_GetPLL1CLKFreq+0x16c>)
34183ea2:	f3c3 13c1 	ubfx	r3, r3, #7, #2
34183ea6:	40d8      	lsrs	r0, r3
34183ea8:	4770      	bx	lr
34183eaa:	6850      	ldr	r0, [r2, #4]
34183eac:	f010 0008 	ands.w	r0, r0, #8
34183eb0:	d09f      	beq.n	34183df2 <HAL_RCCEx_GetPLL1CLKFreq+0x7e>
34183eb2:	6c92      	ldr	r2, [r2, #72]	@ 0x48
34183eb4:	4b0a      	ldr	r3, [pc, #40]	@ (34183ee0 <HAL_RCCEx_GetPLL1CLKFreq+0x16c>)
34183eb6:	f3c2 12c1 	ubfx	r2, r2, #7, #2
34183eba:	fa23 fc02 	lsr.w	ip, r3, r2
34183ebe:	e7aa      	b.n	34183e16 <HAL_RCCEx_GetPLL1CLKFreq+0xa2>
34183ec0:	2000      	movs	r0, #0
34183ec2:	4770      	bx	lr
34183ec4:	4770      	bx	lr
34183ec6:	4807      	ldr	r0, [pc, #28]	@ (34183ee4 <HAL_RCCEx_GetPLL1CLKFreq+0x170>)
34183ec8:	4770      	bx	lr
34183eca:	f8df c008 	ldr.w	ip, [pc, #8]	@ 34183ed4 <HAL_RCCEx_GetPLL1CLKFreq+0x160>
34183ece:	e7a2      	b.n	34183e16 <HAL_RCCEx_GetPLL1CLKFreq+0xa2>
34183ed0:	56028000 	.word	0x56028000
34183ed4:	003d0900 	.word	0x003d0900
34183ed8:	02dc6c00 	.word	0x02dc6c00
34183edc:	00bb8000 	.word	0x00bb8000
34183ee0:	03d09000 	.word	0x03d09000
34183ee4:	00f42400 	.word	0x00f42400

34183ee8 <HAL_RCCEx_GetPLL2CLKFreq>:
34183ee8:	4a56      	ldr	r2, [pc, #344]	@ (34184044 <HAL_RCCEx_GetPLL2CLKFreq+0x15c>)
34183eea:	6853      	ldr	r3, [r2, #4]
34183eec:	f413 7300 	ands.w	r3, r3, #512	@ 0x200
34183ef0:	d01a      	beq.n	34183f28 <HAL_RCCEx_GetPLL2CLKFreq+0x40>
34183ef2:	f8d2 0098 	ldr.w	r0, [r2, #152]	@ 0x98
34183ef6:	f010 4080 	ands.w	r0, r0, #1073741824	@ 0x40000000
34183efa:	d02e      	beq.n	34183f5a <HAL_RCCEx_GetPLL2CLKFreq+0x72>
34183efc:	f8d2 3090 	ldr.w	r3, [r2, #144]	@ 0x90
34183f00:	f003 43e0 	and.w	r3, r3, #1879048192	@ 0x70000000
34183f04:	f1b3 5f00 	cmp.w	r3, #536870912	@ 0x20000000
34183f08:	d02e      	beq.n	34183f68 <HAL_RCCEx_GetPLL2CLKFreq+0x80>
34183f0a:	d839      	bhi.n	34183f80 <HAL_RCCEx_GetPLL2CLKFreq+0x98>
34183f0c:	2b00      	cmp	r3, #0
34183f0e:	f000 8086 	beq.w	3418401e <HAL_RCCEx_GetPLL2CLKFreq+0x136>
34183f12:	6850      	ldr	r0, [r2, #4]
34183f14:	f010 0004 	ands.w	r0, r0, #4
34183f18:	d025      	beq.n	34183f66 <HAL_RCCEx_GetPLL2CLKFreq+0x7e>
34183f1a:	6c53      	ldr	r3, [r2, #68]	@ 0x44
34183f1c:	059a      	lsls	r2, r3, #22
34183f1e:	f140 808e 	bpl.w	3418403e <HAL_RCCEx_GetPLL2CLKFreq+0x156>
34183f22:	f8df c134 	ldr.w	ip, [pc, #308]	@ 34184058 <HAL_RCCEx_GetPLL2CLKFreq+0x170>
34183f26:	e030      	b.n	34183f8a <HAL_RCCEx_GetPLL2CLKFreq+0xa2>
34183f28:	f8d2 0090 	ldr.w	r0, [r2, #144]	@ 0x90
34183f2c:	f010 6000 	ands.w	r0, r0, #134217728	@ 0x8000000
34183f30:	d012      	beq.n	34183f58 <HAL_RCCEx_GetPLL2CLKFreq+0x70>
34183f32:	f8d2 1090 	ldr.w	r1, [r2, #144]	@ 0x90
34183f36:	f001 41e0 	and.w	r1, r1, #1879048192	@ 0x70000000
34183f3a:	f1b1 5f00 	cmp.w	r1, #536870912	@ 0x20000000
34183f3e:	d00d      	beq.n	34183f5c <HAL_RCCEx_GetPLL2CLKFreq+0x74>
34183f40:	d819      	bhi.n	34183f76 <HAL_RCCEx_GetPLL2CLKFreq+0x8e>
34183f42:	2900      	cmp	r1, #0
34183f44:	d061      	beq.n	3418400a <HAL_RCCEx_GetPLL2CLKFreq+0x122>
34183f46:	6850      	ldr	r0, [r2, #4]
34183f48:	f010 0004 	ands.w	r0, r0, #4
34183f4c:	d00b      	beq.n	34183f66 <HAL_RCCEx_GetPLL2CLKFreq+0x7e>
34183f4e:	6c53      	ldr	r3, [r2, #68]	@ 0x44
34183f50:	059b      	lsls	r3, r3, #22
34183f52:	d472      	bmi.n	3418403a <HAL_RCCEx_GetPLL2CLKFreq+0x152>
34183f54:	483c      	ldr	r0, [pc, #240]	@ (34184048 <HAL_RCCEx_GetPLL2CLKFreq+0x160>)
34183f56:	4770      	bx	lr
34183f58:	4770      	bx	lr
34183f5a:	4770      	bx	lr
34183f5c:	6850      	ldr	r0, [r2, #4]
34183f5e:	f010 0010 	ands.w	r0, r0, #16
34183f62:	d069      	beq.n	34184038 <HAL_RCCEx_GetPLL2CLKFreq+0x150>
34183f64:	4839      	ldr	r0, [pc, #228]	@ (3418404c <HAL_RCCEx_GetPLL2CLKFreq+0x164>)
34183f66:	4770      	bx	lr
34183f68:	6850      	ldr	r0, [r2, #4]
34183f6a:	f010 0010 	ands.w	r0, r0, #16
34183f6e:	d0fa      	beq.n	34183f66 <HAL_RCCEx_GetPLL2CLKFreq+0x7e>
34183f70:	f8df c0d8 	ldr.w	ip, [pc, #216]	@ 3418404c <HAL_RCCEx_GetPLL2CLKFreq+0x164>
34183f74:	e009      	b.n	34183f8a <HAL_RCCEx_GetPLL2CLKFreq+0xa2>
34183f76:	f1b1 5f40 	cmp.w	r1, #805306368	@ 0x30000000
34183f7a:	d15b      	bne.n	34184034 <HAL_RCCEx_GetPLL2CLKFreq+0x14c>
34183f7c:	4834      	ldr	r0, [pc, #208]	@ (34184050 <HAL_RCCEx_GetPLL2CLKFreq+0x168>)
34183f7e:	4770      	bx	lr
34183f80:	f1b3 5f40 	cmp.w	r3, #805306368	@ 0x30000000
34183f84:	d156      	bne.n	34184034 <HAL_RCCEx_GetPLL2CLKFreq+0x14c>
34183f86:	f8df c0c8 	ldr.w	ip, [pc, #200]	@ 34184050 <HAL_RCCEx_GetPLL2CLKFreq+0x168>
34183f8a:	4a2e      	ldr	r2, [pc, #184]	@ (34184044 <HAL_RCCEx_GetPLL2CLKFreq+0x15c>)
34183f8c:	f8d2 3090 	ldr.w	r3, [r2, #144]	@ 0x90
34183f90:	f3c3 5105 	ubfx	r1, r3, #20, #6
34183f94:	f013 7f7c 	tst.w	r3, #66060288	@ 0x3f00000
34183f98:	4608      	mov	r0, r1
34183f9a:	d0e4      	beq.n	34183f66 <HAL_RCCEx_GetPLL2CLKFreq+0x7e>
34183f9c:	f8d2 3090 	ldr.w	r3, [r2, #144]	@ 0x90
34183fa0:	f8d2 0094 	ldr.w	r0, [r2, #148]	@ 0x94
34183fa4:	f3c3 230b 	ubfx	r3, r3, #8, #12
34183fa8:	f020 407f 	bic.w	r0, r0, #4278190080	@ 0xff000000
34183fac:	ee07 3a90 	vmov	s15, r3
34183fb0:	ee05 0a90 	vmov	s11, r0
34183fb4:	ee07 ca10 	vmov	s14, ip
34183fb8:	eefa 5ac4 	vcvt.f32.s32	s11, s11, #24
34183fbc:	eef8 7ae7 	vcvt.f32.s32	s15, s15
34183fc0:	eeb8 5ac7 	vcvt.f32.s32	s10, s14
34183fc4:	ee77 7aa5 	vadd.f32	s15, s15, s11
34183fc8:	ee07 1a10 	vmov	s14, r1
34183fcc:	f8d2 1098 	ldr.w	r1, [r2, #152]	@ 0x98
34183fd0:	ee67 7a85 	vmul.f32	s15, s15, s10
34183fd4:	f3c1 61c2 	ubfx	r1, r1, #27, #3
34183fd8:	ee06 1a90 	vmov	s13, r1
34183fdc:	eeb8 7ac7 	vcvt.f32.s32	s14, s14
34183fe0:	f8d2 3098 	ldr.w	r3, [r2, #152]	@ 0x98
34183fe4:	eeb8 6ae6 	vcvt.f32.s32	s12, s13
34183fe8:	f3c3 6302 	ubfx	r3, r3, #24, #3
34183fec:	eec7 5a87 	vdiv.f32	s11, s15, s14
34183ff0:	ee06 3a90 	vmov	s13, r3
34183ff4:	ee85 7a86 	vdiv.f32	s14, s11, s12
34183ff8:	eef8 6ae6 	vcvt.f32.s32	s13, s13
34183ffc:	eec7 7a26 	vdiv.f32	s15, s14, s13
34184000:	eefc 7ae7 	vcvt.u32.f32	s15, s15
34184004:	ee17 0a90 	vmov	r0, s15
34184008:	4770      	bx	lr
3418400a:	6850      	ldr	r0, [r2, #4]
3418400c:	f010 0008 	ands.w	r0, r0, #8
34184010:	d0a9      	beq.n	34183f66 <HAL_RCCEx_GetPLL2CLKFreq+0x7e>
34184012:	6c93      	ldr	r3, [r2, #72]	@ 0x48
34184014:	480f      	ldr	r0, [pc, #60]	@ (34184054 <HAL_RCCEx_GetPLL2CLKFreq+0x16c>)
34184016:	f3c3 13c1 	ubfx	r3, r3, #7, #2
3418401a:	40d8      	lsrs	r0, r3
3418401c:	4770      	bx	lr
3418401e:	6850      	ldr	r0, [r2, #4]
34184020:	f010 0008 	ands.w	r0, r0, #8
34184024:	d09f      	beq.n	34183f66 <HAL_RCCEx_GetPLL2CLKFreq+0x7e>
34184026:	6c92      	ldr	r2, [r2, #72]	@ 0x48
34184028:	4b0a      	ldr	r3, [pc, #40]	@ (34184054 <HAL_RCCEx_GetPLL2CLKFreq+0x16c>)
3418402a:	f3c2 12c1 	ubfx	r2, r2, #7, #2
3418402e:	fa23 fc02 	lsr.w	ip, r3, r2
34184032:	e7aa      	b.n	34183f8a <HAL_RCCEx_GetPLL2CLKFreq+0xa2>
34184034:	2000      	movs	r0, #0
34184036:	4770      	bx	lr
34184038:	4770      	bx	lr
3418403a:	4807      	ldr	r0, [pc, #28]	@ (34184058 <HAL_RCCEx_GetPLL2CLKFreq+0x170>)
3418403c:	4770      	bx	lr
3418403e:	f8df c008 	ldr.w	ip, [pc, #8]	@ 34184048 <HAL_RCCEx_GetPLL2CLKFreq+0x160>
34184042:	e7a2      	b.n	34183f8a <HAL_RCCEx_GetPLL2CLKFreq+0xa2>
34184044:	56028000 	.word	0x56028000
34184048:	003d0900 	.word	0x003d0900
3418404c:	02dc6c00 	.word	0x02dc6c00
34184050:	00bb8000 	.word	0x00bb8000
34184054:	03d09000 	.word	0x03d09000
34184058:	00f42400 	.word	0x00f42400

3418405c <HAL_RCCEx_GetPLL3CLKFreq>:
3418405c:	4a56      	ldr	r2, [pc, #344]	@ (341841b8 <HAL_RCCEx_GetPLL3CLKFreq+0x15c>)
3418405e:	6853      	ldr	r3, [r2, #4]
34184060:	f413 6380 	ands.w	r3, r3, #1024	@ 0x400
34184064:	d01a      	beq.n	3418409c <HAL_RCCEx_GetPLL3CLKFreq+0x40>
34184066:	f8d2 00a8 	ldr.w	r0, [r2, #168]	@ 0xa8
3418406a:	f010 4080 	ands.w	r0, r0, #1073741824	@ 0x40000000
3418406e:	d02e      	beq.n	341840ce <HAL_RCCEx_GetPLL3CLKFreq+0x72>
34184070:	f8d2 30a0 	ldr.w	r3, [r2, #160]	@ 0xa0
34184074:	f003 43e0 	and.w	r3, r3, #1879048192	@ 0x70000000
34184078:	f1b3 5f00 	cmp.w	r3, #536870912	@ 0x20000000
3418407c:	d02e      	beq.n	341840dc <HAL_RCCEx_GetPLL3CLKFreq+0x80>
3418407e:	d839      	bhi.n	341840f4 <HAL_RCCEx_GetPLL3CLKFreq+0x98>
34184080:	2b00      	cmp	r3, #0
34184082:	f000 8086 	beq.w	34184192 <HAL_RCCEx_GetPLL3CLKFreq+0x136>
34184086:	6850      	ldr	r0, [r2, #4]
34184088:	f010 0004 	ands.w	r0, r0, #4
3418408c:	d025      	beq.n	341840da <HAL_RCCEx_GetPLL3CLKFreq+0x7e>
3418408e:	6c53      	ldr	r3, [r2, #68]	@ 0x44
34184090:	059a      	lsls	r2, r3, #22
34184092:	f140 808e 	bpl.w	341841b2 <HAL_RCCEx_GetPLL3CLKFreq+0x156>
34184096:	f8df c134 	ldr.w	ip, [pc, #308]	@ 341841cc <HAL_RCCEx_GetPLL3CLKFreq+0x170>
3418409a:	e030      	b.n	341840fe <HAL_RCCEx_GetPLL3CLKFreq+0xa2>
3418409c:	f8d2 00a0 	ldr.w	r0, [r2, #160]	@ 0xa0
341840a0:	f010 6000 	ands.w	r0, r0, #134217728	@ 0x8000000
341840a4:	d012      	beq.n	341840cc <HAL_RCCEx_GetPLL3CLKFreq+0x70>
341840a6:	f8d2 10a0 	ldr.w	r1, [r2, #160]	@ 0xa0
341840aa:	f001 41e0 	and.w	r1, r1, #1879048192	@ 0x70000000
341840ae:	f1b1 5f00 	cmp.w	r1, #536870912	@ 0x20000000
341840b2:	d00d      	beq.n	341840d0 <HAL_RCCEx_GetPLL3CLKFreq+0x74>
341840b4:	d819      	bhi.n	341840ea <HAL_RCCEx_GetPLL3CLKFreq+0x8e>
341840b6:	2900      	cmp	r1, #0
341840b8:	d061      	beq.n	3418417e <HAL_RCCEx_GetPLL3CLKFreq+0x122>
341840ba:	6850      	ldr	r0, [r2, #4]
341840bc:	f010 0004 	ands.w	r0, r0, #4
341840c0:	d00b      	beq.n	341840da <HAL_RCCEx_GetPLL3CLKFreq+0x7e>
341840c2:	6c53      	ldr	r3, [r2, #68]	@ 0x44
341840c4:	059b      	lsls	r3, r3, #22
341840c6:	d472      	bmi.n	341841ae <HAL_RCCEx_GetPLL3CLKFreq+0x152>
341840c8:	483c      	ldr	r0, [pc, #240]	@ (341841bc <HAL_RCCEx_GetPLL3CLKFreq+0x160>)
341840ca:	4770      	bx	lr
341840cc:	4770      	bx	lr
341840ce:	4770      	bx	lr
341840d0:	6850      	ldr	r0, [r2, #4]
341840d2:	f010 0010 	ands.w	r0, r0, #16
341840d6:	d069      	beq.n	341841ac <HAL_RCCEx_GetPLL3CLKFreq+0x150>
341840d8:	4839      	ldr	r0, [pc, #228]	@ (341841c0 <HAL_RCCEx_GetPLL3CLKFreq+0x164>)
341840da:	4770      	bx	lr
341840dc:	6850      	ldr	r0, [r2, #4]
341840de:	f010 0010 	ands.w	r0, r0, #16
341840e2:	d0fa      	beq.n	341840da <HAL_RCCEx_GetPLL3CLKFreq+0x7e>
341840e4:	f8df c0d8 	ldr.w	ip, [pc, #216]	@ 341841c0 <HAL_RCCEx_GetPLL3CLKFreq+0x164>
341840e8:	e009      	b.n	341840fe <HAL_RCCEx_GetPLL3CLKFreq+0xa2>
341840ea:	f1b1 5f40 	cmp.w	r1, #805306368	@ 0x30000000
341840ee:	d15b      	bne.n	341841a8 <HAL_RCCEx_GetPLL3CLKFreq+0x14c>
341840f0:	4834      	ldr	r0, [pc, #208]	@ (341841c4 <HAL_RCCEx_GetPLL3CLKFreq+0x168>)
341840f2:	4770      	bx	lr
341840f4:	f1b3 5f40 	cmp.w	r3, #805306368	@ 0x30000000
341840f8:	d156      	bne.n	341841a8 <HAL_RCCEx_GetPLL3CLKFreq+0x14c>
341840fa:	f8df c0c8 	ldr.w	ip, [pc, #200]	@ 341841c4 <HAL_RCCEx_GetPLL3CLKFreq+0x168>
341840fe:	4a2e      	ldr	r2, [pc, #184]	@ (341841b8 <HAL_RCCEx_GetPLL3CLKFreq+0x15c>)
34184100:	f8d2 30a0 	ldr.w	r3, [r2, #160]	@ 0xa0
34184104:	f3c3 5105 	ubfx	r1, r3, #20, #6
34184108:	f013 7f7c 	tst.w	r3, #66060288	@ 0x3f00000
3418410c:	4608      	mov	r0, r1
3418410e:	d0e4      	beq.n	341840da <HAL_RCCEx_GetPLL3CLKFreq+0x7e>
34184110:	f8d2 30a0 	ldr.w	r3, [r2, #160]	@ 0xa0
34184114:	f8d2 00a4 	ldr.w	r0, [r2, #164]	@ 0xa4
34184118:	f3c3 230b 	ubfx	r3, r3, #8, #12
3418411c:	f020 407f 	bic.w	r0, r0, #4278190080	@ 0xff000000
34184120:	ee07 3a90 	vmov	s15, r3
34184124:	ee05 0a90 	vmov	s11, r0
34184128:	ee07 ca10 	vmov	s14, ip
3418412c:	eefa 5ac4 	vcvt.f32.s32	s11, s11, #24
34184130:	eef8 7ae7 	vcvt.f32.s32	s15, s15
34184134:	eeb8 5ac7 	vcvt.f32.s32	s10, s14
34184138:	ee77 7aa5 	vadd.f32	s15, s15, s11
3418413c:	ee07 1a10 	vmov	s14, r1
34184140:	f8d2 10a8 	ldr.w	r1, [r2, #168]	@ 0xa8
34184144:	ee67 7a85 	vmul.f32	s15, s15, s10
34184148:	f3c1 61c2 	ubfx	r1, r1, #27, #3
3418414c:	ee06 1a90 	vmov	s13, r1
34184150:	eeb8 7ac7 	vcvt.f32.s32	s14, s14
34184154:	f8d2 30a8 	ldr.w	r3, [r2, #168]	@ 0xa8
34184158:	eeb8 6ae6 	vcvt.f32.s32	s12, s13
3418415c:	f3c3 6302 	ubfx	r3, r3, #24, #3
34184160:	eec7 5a87 	vdiv.f32	s11, s15, s14
34184164:	ee06 3a90 	vmov	s13, r3
34184168:	ee85 7a86 	vdiv.f32	s14, s11, s12
3418416c:	eef8 6ae6 	vcvt.f32.s32	s13, s13
34184170:	eec7 7a26 	vdiv.f32	s15, s14, s13
34184174:	eefc 7ae7 	vcvt.u32.f32	s15, s15
34184178:	ee17 0a90 	vmov	r0, s15
3418417c:	4770      	bx	lr
3418417e:	6850      	ldr	r0, [r2, #4]
34184180:	f010 0008 	ands.w	r0, r0, #8
34184184:	d0a9      	beq.n	341840da <HAL_RCCEx_GetPLL3CLKFreq+0x7e>
34184186:	6c93      	ldr	r3, [r2, #72]	@ 0x48
34184188:	480f      	ldr	r0, [pc, #60]	@ (341841c8 <HAL_RCCEx_GetPLL3CLKFreq+0x16c>)
3418418a:	f3c3 13c1 	ubfx	r3, r3, #7, #2
3418418e:	40d8      	lsrs	r0, r3
34184190:	4770      	bx	lr
34184192:	6850      	ldr	r0, [r2, #4]
34184194:	f010 0008 	ands.w	r0, r0, #8
34184198:	d09f      	beq.n	341840da <HAL_RCCEx_GetPLL3CLKFreq+0x7e>
3418419a:	6c92      	ldr	r2, [r2, #72]	@ 0x48
3418419c:	4b0a      	ldr	r3, [pc, #40]	@ (341841c8 <HAL_RCCEx_GetPLL3CLKFreq+0x16c>)
3418419e:	f3c2 12c1 	ubfx	r2, r2, #7, #2
341841a2:	fa23 fc02 	lsr.w	ip, r3, r2
341841a6:	e7aa      	b.n	341840fe <HAL_RCCEx_GetPLL3CLKFreq+0xa2>
341841a8:	2000      	movs	r0, #0
341841aa:	4770      	bx	lr
341841ac:	4770      	bx	lr
341841ae:	4807      	ldr	r0, [pc, #28]	@ (341841cc <HAL_RCCEx_GetPLL3CLKFreq+0x170>)
341841b0:	4770      	bx	lr
341841b2:	f8df c008 	ldr.w	ip, [pc, #8]	@ 341841bc <HAL_RCCEx_GetPLL3CLKFreq+0x160>
341841b6:	e7a2      	b.n	341840fe <HAL_RCCEx_GetPLL3CLKFreq+0xa2>
341841b8:	56028000 	.word	0x56028000
341841bc:	003d0900 	.word	0x003d0900
341841c0:	02dc6c00 	.word	0x02dc6c00
341841c4:	00bb8000 	.word	0x00bb8000
341841c8:	03d09000 	.word	0x03d09000
341841cc:	00f42400 	.word	0x00f42400

341841d0 <HAL_RCCEx_GetPLL4CLKFreq>:
341841d0:	4a56      	ldr	r2, [pc, #344]	@ (3418432c <HAL_RCCEx_GetPLL4CLKFreq+0x15c>)
341841d2:	6853      	ldr	r3, [r2, #4]
341841d4:	f413 6300 	ands.w	r3, r3, #2048	@ 0x800
341841d8:	d01a      	beq.n	34184210 <HAL_RCCEx_GetPLL4CLKFreq+0x40>
341841da:	f8d2 00b8 	ldr.w	r0, [r2, #184]	@ 0xb8
341841de:	f010 4080 	ands.w	r0, r0, #1073741824	@ 0x40000000
341841e2:	d02e      	beq.n	34184242 <HAL_RCCEx_GetPLL4CLKFreq+0x72>
341841e4:	f8d2 30b0 	ldr.w	r3, [r2, #176]	@ 0xb0
341841e8:	f003 43e0 	and.w	r3, r3, #1879048192	@ 0x70000000
341841ec:	f1b3 5f00 	cmp.w	r3, #536870912	@ 0x20000000
341841f0:	d02e      	beq.n	34184250 <HAL_RCCEx_GetPLL4CLKFreq+0x80>
341841f2:	d839      	bhi.n	34184268 <HAL_RCCEx_GetPLL4CLKFreq+0x98>
341841f4:	2b00      	cmp	r3, #0
341841f6:	f000 8086 	beq.w	34184306 <HAL_RCCEx_GetPLL4CLKFreq+0x136>
341841fa:	6850      	ldr	r0, [r2, #4]
341841fc:	f010 0004 	ands.w	r0, r0, #4
34184200:	d025      	beq.n	3418424e <HAL_RCCEx_GetPLL4CLKFreq+0x7e>
34184202:	6c53      	ldr	r3, [r2, #68]	@ 0x44
34184204:	059a      	lsls	r2, r3, #22
34184206:	f140 808e 	bpl.w	34184326 <HAL_RCCEx_GetPLL4CLKFreq+0x156>
3418420a:	f8df c134 	ldr.w	ip, [pc, #308]	@ 34184340 <HAL_RCCEx_GetPLL4CLKFreq+0x170>
3418420e:	e030      	b.n	34184272 <HAL_RCCEx_GetPLL4CLKFreq+0xa2>
34184210:	f8d2 00b0 	ldr.w	r0, [r2, #176]	@ 0xb0
34184214:	f010 6000 	ands.w	r0, r0, #134217728	@ 0x8000000
34184218:	d012      	beq.n	34184240 <HAL_RCCEx_GetPLL4CLKFreq+0x70>
3418421a:	f8d2 10b0 	ldr.w	r1, [r2, #176]	@ 0xb0
3418421e:	f001 41e0 	and.w	r1, r1, #1879048192	@ 0x70000000
34184222:	f1b1 5f00 	cmp.w	r1, #536870912	@ 0x20000000
34184226:	d00d      	beq.n	34184244 <HAL_RCCEx_GetPLL4CLKFreq+0x74>
34184228:	d819      	bhi.n	3418425e <HAL_RCCEx_GetPLL4CLKFreq+0x8e>
3418422a:	2900      	cmp	r1, #0
3418422c:	d061      	beq.n	341842f2 <HAL_RCCEx_GetPLL4CLKFreq+0x122>
3418422e:	6850      	ldr	r0, [r2, #4]
34184230:	f010 0004 	ands.w	r0, r0, #4
34184234:	d00b      	beq.n	3418424e <HAL_RCCEx_GetPLL4CLKFreq+0x7e>
34184236:	6c53      	ldr	r3, [r2, #68]	@ 0x44
34184238:	059b      	lsls	r3, r3, #22
3418423a:	d472      	bmi.n	34184322 <HAL_RCCEx_GetPLL4CLKFreq+0x152>
3418423c:	483c      	ldr	r0, [pc, #240]	@ (34184330 <HAL_RCCEx_GetPLL4CLKFreq+0x160>)
3418423e:	4770      	bx	lr
34184240:	4770      	bx	lr
34184242:	4770      	bx	lr
34184244:	6850      	ldr	r0, [r2, #4]
34184246:	f010 0010 	ands.w	r0, r0, #16
3418424a:	d069      	beq.n	34184320 <HAL_RCCEx_GetPLL4CLKFreq+0x150>
3418424c:	4839      	ldr	r0, [pc, #228]	@ (34184334 <HAL_RCCEx_GetPLL4CLKFreq+0x164>)
3418424e:	4770      	bx	lr
34184250:	6850      	ldr	r0, [r2, #4]
34184252:	f010 0010 	ands.w	r0, r0, #16
34184256:	d0fa      	beq.n	3418424e <HAL_RCCEx_GetPLL4CLKFreq+0x7e>
34184258:	f8df c0d8 	ldr.w	ip, [pc, #216]	@ 34184334 <HAL_RCCEx_GetPLL4CLKFreq+0x164>
3418425c:	e009      	b.n	34184272 <HAL_RCCEx_GetPLL4CLKFreq+0xa2>
3418425e:	f1b1 5f40 	cmp.w	r1, #805306368	@ 0x30000000
34184262:	d15b      	bne.n	3418431c <HAL_RCCEx_GetPLL4CLKFreq+0x14c>
34184264:	4834      	ldr	r0, [pc, #208]	@ (34184338 <HAL_RCCEx_GetPLL4CLKFreq+0x168>)
34184266:	4770      	bx	lr
34184268:	f1b3 5f40 	cmp.w	r3, #805306368	@ 0x30000000
3418426c:	d156      	bne.n	3418431c <HAL_RCCEx_GetPLL4CLKFreq+0x14c>
3418426e:	f8df c0c8 	ldr.w	ip, [pc, #200]	@ 34184338 <HAL_RCCEx_GetPLL4CLKFreq+0x168>
34184272:	4a2e      	ldr	r2, [pc, #184]	@ (3418432c <HAL_RCCEx_GetPLL4CLKFreq+0x15c>)
34184274:	f8d2 30b0 	ldr.w	r3, [r2, #176]	@ 0xb0
34184278:	f3c3 5105 	ubfx	r1, r3, #20, #6
3418427c:	f013 7f7c 	tst.w	r3, #66060288	@ 0x3f00000
34184280:	4608      	mov	r0, r1
34184282:	d0e4      	beq.n	3418424e <HAL_RCCEx_GetPLL4CLKFreq+0x7e>
34184284:	f8d2 30b0 	ldr.w	r3, [r2, #176]	@ 0xb0
34184288:	f8d2 00b4 	ldr.w	r0, [r2, #180]	@ 0xb4
3418428c:	f3c3 230b 	ubfx	r3, r3, #8, #12
34184290:	f020 407f 	bic.w	r0, r0, #4278190080	@ 0xff000000
34184294:	ee07 3a90 	vmov	s15, r3
34184298:	ee05 0a90 	vmov	s11, r0
3418429c:	ee07 ca10 	vmov	s14, ip
341842a0:	eefa 5ac4 	vcvt.f32.s32	s11, s11, #24
341842a4:	eef8 7ae7 	vcvt.f32.s32	s15, s15
341842a8:	eeb8 5ac7 	vcvt.f32.s32	s10, s14
341842ac:	ee77 7aa5 	vadd.f32	s15, s15, s11
341842b0:	ee07 1a10 	vmov	s14, r1
341842b4:	f8d2 10b8 	ldr.w	r1, [r2, #184]	@ 0xb8
341842b8:	ee67 7a85 	vmul.f32	s15, s15, s10
341842bc:	f3c1 61c2 	ubfx	r1, r1, #27, #3
341842c0:	ee06 1a90 	vmov	s13, r1
341842c4:	eeb8 7ac7 	vcvt.f32.s32	s14, s14
341842c8:	f8d2 30b8 	ldr.w	r3, [r2, #184]	@ 0xb8
341842cc:	eeb8 6ae6 	vcvt.f32.s32	s12, s13
341842d0:	f3c3 6302 	ubfx	r3, r3, #24, #3
341842d4:	eec7 5a87 	vdiv.f32	s11, s15, s14
341842d8:	ee06 3a90 	vmov	s13, r3
341842dc:	ee85 7a86 	vdiv.f32	s14, s11, s12
341842e0:	eef8 6ae6 	vcvt.f32.s32	s13, s13
341842e4:	eec7 7a26 	vdiv.f32	s15, s14, s13
341842e8:	eefc 7ae7 	vcvt.u32.f32	s15, s15
341842ec:	ee17 0a90 	vmov	r0, s15
341842f0:	4770      	bx	lr
341842f2:	6850      	ldr	r0, [r2, #4]
341842f4:	f010 0008 	ands.w	r0, r0, #8
341842f8:	d0a9      	beq.n	3418424e <HAL_RCCEx_GetPLL4CLKFreq+0x7e>
341842fa:	6c93      	ldr	r3, [r2, #72]	@ 0x48
341842fc:	480f      	ldr	r0, [pc, #60]	@ (3418433c <HAL_RCCEx_GetPLL4CLKFreq+0x16c>)
341842fe:	f3c3 13c1 	ubfx	r3, r3, #7, #2
34184302:	40d8      	lsrs	r0, r3
34184304:	4770      	bx	lr
34184306:	6850      	ldr	r0, [r2, #4]
34184308:	f010 0008 	ands.w	r0, r0, #8
3418430c:	d09f      	beq.n	3418424e <HAL_RCCEx_GetPLL4CLKFreq+0x7e>
3418430e:	6c92      	ldr	r2, [r2, #72]	@ 0x48
34184310:	4b0a      	ldr	r3, [pc, #40]	@ (3418433c <HAL_RCCEx_GetPLL4CLKFreq+0x16c>)
34184312:	f3c2 12c1 	ubfx	r2, r2, #7, #2
34184316:	fa23 fc02 	lsr.w	ip, r3, r2
3418431a:	e7aa      	b.n	34184272 <HAL_RCCEx_GetPLL4CLKFreq+0xa2>
3418431c:	2000      	movs	r0, #0
3418431e:	4770      	bx	lr
34184320:	4770      	bx	lr
34184322:	4807      	ldr	r0, [pc, #28]	@ (34184340 <HAL_RCCEx_GetPLL4CLKFreq+0x170>)
34184324:	4770      	bx	lr
34184326:	f8df c008 	ldr.w	ip, [pc, #8]	@ 34184330 <HAL_RCCEx_GetPLL4CLKFreq+0x160>
3418432a:	e7a2      	b.n	34184272 <HAL_RCCEx_GetPLL4CLKFreq+0xa2>
3418432c:	56028000 	.word	0x56028000
34184330:	003d0900 	.word	0x003d0900
34184334:	02dc6c00 	.word	0x02dc6c00
34184338:	00bb8000 	.word	0x00bb8000
3418433c:	03d09000 	.word	0x03d09000
34184340:	00f42400 	.word	0x00f42400

34184344 <Reset_Handler>:
34184344:	480f      	ldr	r0, [pc, #60]	@ (34184384 <LoopForever+0x4>)
34184346:	f380 880a 	msr	MSPLIM, r0
3418434a:	480f      	ldr	r0, [pc, #60]	@ (34184388 <LoopForever+0x8>)
3418434c:	4685      	mov	sp, r0
3418434e:	f7fe f991 	bl	34182674 <SystemInit>
34184352:	480e      	ldr	r0, [pc, #56]	@ (3418438c <LoopForever+0xc>)
34184354:	490e      	ldr	r1, [pc, #56]	@ (34184390 <LoopForever+0x10>)
34184356:	4a0f      	ldr	r2, [pc, #60]	@ (34184394 <LoopForever+0x14>)
34184358:	2300      	movs	r3, #0
3418435a:	e002      	b.n	34184362 <LoopCopyDataInit>

3418435c <CopyDataInit>:
3418435c:	58d4      	ldr	r4, [r2, r3]
3418435e:	50c4      	str	r4, [r0, r3]
34184360:	3304      	adds	r3, #4

34184362 <LoopCopyDataInit>:
34184362:	18c4      	adds	r4, r0, r3
34184364:	428c      	cmp	r4, r1
34184366:	d3f9      	bcc.n	3418435c <CopyDataInit>
34184368:	4a0b      	ldr	r2, [pc, #44]	@ (34184398 <LoopForever+0x18>)
3418436a:	4c0c      	ldr	r4, [pc, #48]	@ (3418439c <LoopForever+0x1c>)
3418436c:	2300      	movs	r3, #0
3418436e:	e001      	b.n	34184374 <LoopFillZerobss>

34184370 <FillZerobss>:
34184370:	6013      	str	r3, [r2, #0]
34184372:	3204      	adds	r2, #4

34184374 <LoopFillZerobss>:
34184374:	42a2      	cmp	r2, r4
34184376:	d3fb      	bcc.n	34184370 <FillZerobss>
34184378:	f000 fac8 	bl	3418490c <__libc_init_array>
3418437c:	f7fe f816 	bl	341823ac <__wrap_main>

34184380 <LoopForever>:
34184380:	e7fe      	b.n	34184380 <LoopForever>
34184382:	0000      	.short	0x0000
34184384:	341e0000 	.word	0x341e0000
34184388:	34200000 	.word	0x34200000
3418438c:	341c0000 	.word	0x341c0000
34184390:	341c0894 	.word	0x341c0894
34184394:	3418b6a0 	.word	0x3418b6a0
34184398:	341c08a0 	.word	0x341c08a0
3418439c:	341c0be8 	.word	0x341c0be8

341843a0 <ADC1_2_IRQHandler>:
341843a0:	e7fe      	b.n	341843a0 <ADC1_2_IRQHandler>
	...

341843a4 <atexit>:
341843a4:	2300      	movs	r3, #0
341843a6:	4601      	mov	r1, r0
341843a8:	461a      	mov	r2, r3
341843aa:	4618      	mov	r0, r3
341843ac:	f000 bb94 	b.w	34184ad8 <__register_exitproc>

341843b0 <printf>:
341843b0:	b40f      	push	{r0, r1, r2, r3}
341843b2:	4908      	ldr	r1, [pc, #32]	@ (341843d4 <printf+0x24>)
341843b4:	b500      	push	{lr}
341843b6:	b083      	sub	sp, #12
341843b8:	6808      	ldr	r0, [r1, #0]
341843ba:	ab04      	add	r3, sp, #16
341843bc:	6881      	ldr	r1, [r0, #8]
341843be:	f853 2b04 	ldr.w	r2, [r3], #4
341843c2:	9301      	str	r3, [sp, #4]
341843c4:	f001 f804 	bl	341853d0 <_vfprintf_r>
341843c8:	b003      	add	sp, #12
341843ca:	f85d eb04 	ldr.w	lr, [sp], #4
341843ce:	b004      	add	sp, #16
341843d0:	4770      	bx	lr
341843d2:	bf00      	nop
341843d4:	341c0020 	.word	0x341c0020

341843d8 <_puts_r>:
341843d8:	b530      	push	{r4, r5, lr}
341843da:	4605      	mov	r5, r0
341843dc:	b089      	sub	sp, #36	@ 0x24
341843de:	4608      	mov	r0, r1
341843e0:	460c      	mov	r4, r1
341843e2:	f000 fb4b 	bl	34184a7c <strlen>
341843e6:	2301      	movs	r3, #1
341843e8:	4a2a      	ldr	r2, [pc, #168]	@ (34184494 <_puts_r+0xbc>)
341843ea:	a904      	add	r1, sp, #16
341843ec:	9307      	str	r3, [sp, #28]
341843ee:	9206      	str	r2, [sp, #24]
341843f0:	2202      	movs	r2, #2
341843f2:	e9cd 4004 	strd	r4, r0, [sp, #16]
341843f6:	4418      	add	r0, r3
341843f8:	6b6b      	ldr	r3, [r5, #52]	@ 0x34
341843fa:	68ac      	ldr	r4, [r5, #8]
341843fc:	9003      	str	r0, [sp, #12]
341843fe:	e9cd 1201 	strd	r1, r2, [sp, #4]
34184402:	2b00      	cmp	r3, #0
34184404:	d03e      	beq.n	34184484 <_puts_r+0xac>
34184406:	6e63      	ldr	r3, [r4, #100]	@ 0x64
34184408:	f9b4 200c 	ldrsh.w	r2, [r4, #12]
3418440c:	07d8      	lsls	r0, r3, #31
3418440e:	d51c      	bpl.n	3418444a <_puts_r+0x72>
34184410:	0491      	lsls	r1, r2, #18
34184412:	d423      	bmi.n	3418445c <_puts_r+0x84>
34184414:	f442 5200 	orr.w	r2, r2, #8192	@ 0x2000
34184418:	f423 5300 	bic.w	r3, r3, #8192	@ 0x2000
3418441c:	81a2      	strh	r2, [r4, #12]
3418441e:	6663      	str	r3, [r4, #100]	@ 0x64
34184420:	0499      	lsls	r1, r3, #18
34184422:	d433      	bmi.n	3418448c <_puts_r+0xb4>
34184424:	4628      	mov	r0, r5
34184426:	aa01      	add	r2, sp, #4
34184428:	4621      	mov	r1, r4
3418442a:	f003 f8af 	bl	3418758c <__sfvwrite_r>
3418442e:	2800      	cmp	r0, #0
34184430:	6e63      	ldr	r3, [r4, #100]	@ 0x64
34184432:	bf14      	ite	ne
34184434:	f04f 35ff 	movne.w	r5, #4294967295	@ 0xffffffff
34184438:	250a      	moveq	r5, #10
3418443a:	07da      	lsls	r2, r3, #31
3418443c:	d402      	bmi.n	34184444 <_puts_r+0x6c>
3418443e:	89a3      	ldrh	r3, [r4, #12]
34184440:	059b      	lsls	r3, r3, #22
34184442:	d510      	bpl.n	34184466 <_puts_r+0x8e>
34184444:	4628      	mov	r0, r5
34184446:	b009      	add	sp, #36	@ 0x24
34184448:	bd30      	pop	{r4, r5, pc}
3418444a:	0590      	lsls	r0, r2, #22
3418444c:	d511      	bpl.n	34184472 <_puts_r+0x9a>
3418444e:	0491      	lsls	r1, r2, #18
34184450:	d5e0      	bpl.n	34184414 <_puts_r+0x3c>
34184452:	049b      	lsls	r3, r3, #18
34184454:	d5e6      	bpl.n	34184424 <_puts_r+0x4c>
34184456:	f04f 35ff 	mov.w	r5, #4294967295	@ 0xffffffff
3418445a:	e7f0      	b.n	3418443e <_puts_r+0x66>
3418445c:	049b      	lsls	r3, r3, #18
3418445e:	d5e1      	bpl.n	34184424 <_puts_r+0x4c>
34184460:	f04f 35ff 	mov.w	r5, #4294967295	@ 0xffffffff
34184464:	e7ee      	b.n	34184444 <_puts_r+0x6c>
34184466:	6da0      	ldr	r0, [r4, #88]	@ 0x58
34184468:	f000 fa90 	bl	3418498c <__retarget_lock_release_recursive>
3418446c:	4628      	mov	r0, r5
3418446e:	b009      	add	sp, #36	@ 0x24
34184470:	bd30      	pop	{r4, r5, pc}
34184472:	6da0      	ldr	r0, [r4, #88]	@ 0x58
34184474:	f000 fa88 	bl	34184988 <__retarget_lock_acquire_recursive>
34184478:	f9b4 200c 	ldrsh.w	r2, [r4, #12]
3418447c:	6e63      	ldr	r3, [r4, #100]	@ 0x64
3418447e:	0490      	lsls	r0, r2, #18
34184480:	d4ce      	bmi.n	34184420 <_puts_r+0x48>
34184482:	e7c7      	b.n	34184414 <_puts_r+0x3c>
34184484:	4628      	mov	r0, r5
34184486:	f000 f9cd 	bl	34184824 <__sinit>
3418448a:	e7bc      	b.n	34184406 <_puts_r+0x2e>
3418448c:	f04f 35ff 	mov.w	r5, #4294967295	@ 0xffffffff
34184490:	e7d3      	b.n	3418443a <_puts_r+0x62>
34184492:	bf00      	nop
34184494:	3418b194 	.word	0x3418b194

34184498 <puts>:
34184498:	4b02      	ldr	r3, [pc, #8]	@ (341844a4 <puts+0xc>)
3418449a:	4601      	mov	r1, r0
3418449c:	6818      	ldr	r0, [r3, #0]
3418449e:	f7ff bf9b 	b.w	341843d8 <_puts_r>
341844a2:	bf00      	nop
341844a4:	341c0020 	.word	0x341c0020

341844a8 <__sflush_r>:
341844a8:	f9b1 200c 	ldrsh.w	r2, [r1, #12]
341844ac:	e92d 41f0 	stmdb	sp!, {r4, r5, r6, r7, r8, lr}
341844b0:	4680      	mov	r8, r0
341844b2:	0710      	lsls	r0, r2, #28
341844b4:	460c      	mov	r4, r1
341844b6:	d450      	bmi.n	3418455a <__sflush_r+0xb2>
341844b8:	6849      	ldr	r1, [r1, #4]
341844ba:	f442 6300 	orr.w	r3, r2, #2048	@ 0x800
341844be:	2900      	cmp	r1, #0
341844c0:	81a3      	strh	r3, [r4, #12]
341844c2:	dd64      	ble.n	3418458e <__sflush_r+0xe6>
341844c4:	6aa6      	ldr	r6, [r4, #40]	@ 0x28
341844c6:	2e00      	cmp	r6, #0
341844c8:	d044      	beq.n	34184554 <__sflush_r+0xac>
341844ca:	2100      	movs	r1, #0
341844cc:	f412 5280 	ands.w	r2, r2, #4096	@ 0x1000
341844d0:	f8d8 5000 	ldr.w	r5, [r8]
341844d4:	f8c8 1000 	str.w	r1, [r8]
341844d8:	d165      	bne.n	341845a6 <__sflush_r+0xfe>
341844da:	69e1      	ldr	r1, [r4, #28]
341844dc:	2301      	movs	r3, #1
341844de:	4640      	mov	r0, r8
341844e0:	47b0      	blx	r6
341844e2:	1c41      	adds	r1, r0, #1
341844e4:	4602      	mov	r2, r0
341844e6:	d06c      	beq.n	341845c2 <__sflush_r+0x11a>
341844e8:	f9b4 300c 	ldrsh.w	r3, [r4, #12]
341844ec:	6aa6      	ldr	r6, [r4, #40]	@ 0x28
341844ee:	075b      	lsls	r3, r3, #29
341844f0:	d505      	bpl.n	341844fe <__sflush_r+0x56>
341844f2:	6863      	ldr	r3, [r4, #4]
341844f4:	1ad2      	subs	r2, r2, r3
341844f6:	6b23      	ldr	r3, [r4, #48]	@ 0x30
341844f8:	b10b      	cbz	r3, 341844fe <__sflush_r+0x56>
341844fa:	6be3      	ldr	r3, [r4, #60]	@ 0x3c
341844fc:	1ad2      	subs	r2, r2, r3
341844fe:	2300      	movs	r3, #0
34184500:	69e1      	ldr	r1, [r4, #28]
34184502:	4640      	mov	r0, r8
34184504:	47b0      	blx	r6
34184506:	1c47      	adds	r7, r0, #1
34184508:	f9b4 300c 	ldrsh.w	r3, [r4, #12]
3418450c:	d14d      	bne.n	341845aa <__sflush_r+0x102>
3418450e:	f8d8 1000 	ldr.w	r1, [r8]
34184512:	291d      	cmp	r1, #29
34184514:	d840      	bhi.n	34184598 <__sflush_r+0xf0>
34184516:	4a30      	ldr	r2, [pc, #192]	@ (341845d8 <__sflush_r+0x130>)
34184518:	40ca      	lsrs	r2, r1
3418451a:	07d6      	lsls	r6, r2, #31
3418451c:	d53c      	bpl.n	34184598 <__sflush_r+0xf0>
3418451e:	f423 6200 	bic.w	r2, r3, #2048	@ 0x800
34184522:	04d9      	lsls	r1, r3, #19
34184524:	81a2      	strh	r2, [r4, #12]
34184526:	f04f 0200 	mov.w	r2, #0
3418452a:	6062      	str	r2, [r4, #4]
3418452c:	6922      	ldr	r2, [r4, #16]
3418452e:	6022      	str	r2, [r4, #0]
34184530:	d503      	bpl.n	3418453a <__sflush_r+0x92>
34184532:	f8d8 3000 	ldr.w	r3, [r8]
34184536:	2b00      	cmp	r3, #0
34184538:	d041      	beq.n	341845be <__sflush_r+0x116>
3418453a:	6b21      	ldr	r1, [r4, #48]	@ 0x30
3418453c:	f8c8 5000 	str.w	r5, [r8]
34184540:	b141      	cbz	r1, 34184554 <__sflush_r+0xac>
34184542:	f104 0340 	add.w	r3, r4, #64	@ 0x40
34184546:	4299      	cmp	r1, r3
34184548:	d002      	beq.n	34184550 <__sflush_r+0xa8>
3418454a:	4640      	mov	r0, r8
3418454c:	f000 fb66 	bl	34184c1c <_free_r>
34184550:	2300      	movs	r3, #0
34184552:	6323      	str	r3, [r4, #48]	@ 0x30
34184554:	2000      	movs	r0, #0
34184556:	e8bd 81f0 	ldmia.w	sp!, {r4, r5, r6, r7, r8, pc}
3418455a:	690e      	ldr	r6, [r1, #16]
3418455c:	2e00      	cmp	r6, #0
3418455e:	d0f9      	beq.n	34184554 <__sflush_r+0xac>
34184560:	0792      	lsls	r2, r2, #30
34184562:	680d      	ldr	r5, [r1, #0]
34184564:	600e      	str	r6, [r1, #0]
34184566:	bf0c      	ite	eq
34184568:	694b      	ldreq	r3, [r1, #20]
3418456a:	2300      	movne	r3, #0
3418456c:	1bad      	subs	r5, r5, r6
3418456e:	608b      	str	r3, [r1, #8]
34184570:	e00a      	b.n	34184588 <__sflush_r+0xe0>
34184572:	462b      	mov	r3, r5
34184574:	4632      	mov	r2, r6
34184576:	69e1      	ldr	r1, [r4, #28]
34184578:	4640      	mov	r0, r8
3418457a:	6a67      	ldr	r7, [r4, #36]	@ 0x24
3418457c:	47b8      	blx	r7
3418457e:	2800      	cmp	r0, #0
34184580:	eba5 0500 	sub.w	r5, r5, r0
34184584:	4406      	add	r6, r0
34184586:	dd06      	ble.n	34184596 <__sflush_r+0xee>
34184588:	2d00      	cmp	r5, #0
3418458a:	dcf2      	bgt.n	34184572 <__sflush_r+0xca>
3418458c:	e7e2      	b.n	34184554 <__sflush_r+0xac>
3418458e:	6be1      	ldr	r1, [r4, #60]	@ 0x3c
34184590:	2900      	cmp	r1, #0
34184592:	dc97      	bgt.n	341844c4 <__sflush_r+0x1c>
34184594:	e7de      	b.n	34184554 <__sflush_r+0xac>
34184596:	89a3      	ldrh	r3, [r4, #12]
34184598:	f043 0340 	orr.w	r3, r3, #64	@ 0x40
3418459c:	f04f 30ff 	mov.w	r0, #4294967295	@ 0xffffffff
341845a0:	81a3      	strh	r3, [r4, #12]
341845a2:	e8bd 81f0 	ldmia.w	sp!, {r4, r5, r6, r7, r8, pc}
341845a6:	6d22      	ldr	r2, [r4, #80]	@ 0x50
341845a8:	e7a1      	b.n	341844ee <__sflush_r+0x46>
341845aa:	f423 6200 	bic.w	r2, r3, #2048	@ 0x800
341845ae:	04db      	lsls	r3, r3, #19
341845b0:	81a2      	strh	r2, [r4, #12]
341845b2:	f04f 0200 	mov.w	r2, #0
341845b6:	6062      	str	r2, [r4, #4]
341845b8:	6922      	ldr	r2, [r4, #16]
341845ba:	6022      	str	r2, [r4, #0]
341845bc:	d5bd      	bpl.n	3418453a <__sflush_r+0x92>
341845be:	6520      	str	r0, [r4, #80]	@ 0x50
341845c0:	e7bb      	b.n	3418453a <__sflush_r+0x92>
341845c2:	f8d8 3000 	ldr.w	r3, [r8]
341845c6:	2b00      	cmp	r3, #0
341845c8:	d08e      	beq.n	341844e8 <__sflush_r+0x40>
341845ca:	2b1d      	cmp	r3, #29
341845cc:	d001      	beq.n	341845d2 <__sflush_r+0x12a>
341845ce:	2b16      	cmp	r3, #22
341845d0:	d1e1      	bne.n	34184596 <__sflush_r+0xee>
341845d2:	f8c8 5000 	str.w	r5, [r8]
341845d6:	e7bd      	b.n	34184554 <__sflush_r+0xac>
341845d8:	20400001 	.word	0x20400001

341845dc <_fflush_r>:
341845dc:	b500      	push	{lr}
341845de:	4603      	mov	r3, r0
341845e0:	b083      	sub	sp, #12
341845e2:	b108      	cbz	r0, 341845e8 <_fflush_r+0xc>
341845e4:	6b42      	ldr	r2, [r0, #52]	@ 0x34
341845e6:	b352      	cbz	r2, 3418463e <_fflush_r+0x62>
341845e8:	f9b1 000c 	ldrsh.w	r0, [r1, #12]
341845ec:	b198      	cbz	r0, 34184616 <_fflush_r+0x3a>
341845ee:	6e4a      	ldr	r2, [r1, #100]	@ 0x64
341845f0:	07d2      	lsls	r2, r2, #31
341845f2:	d401      	bmi.n	341845f8 <_fflush_r+0x1c>
341845f4:	0582      	lsls	r2, r0, #22
341845f6:	d512      	bpl.n	3418461e <_fflush_r+0x42>
341845f8:	4618      	mov	r0, r3
341845fa:	9100      	str	r1, [sp, #0]
341845fc:	f7ff ff54 	bl	341844a8 <__sflush_r>
34184600:	9900      	ldr	r1, [sp, #0]
34184602:	4603      	mov	r3, r0
34184604:	6e4a      	ldr	r2, [r1, #100]	@ 0x64
34184606:	07d0      	lsls	r0, r2, #31
34184608:	d402      	bmi.n	34184610 <_fflush_r+0x34>
3418460a:	898a      	ldrh	r2, [r1, #12]
3418460c:	0592      	lsls	r2, r2, #22
3418460e:	d50e      	bpl.n	3418462e <_fflush_r+0x52>
34184610:	4618      	mov	r0, r3
34184612:	b003      	add	sp, #12
34184614:	bd00      	pop	{pc}
34184616:	4603      	mov	r3, r0
34184618:	4618      	mov	r0, r3
3418461a:	b003      	add	sp, #12
3418461c:	bd00      	pop	{pc}
3418461e:	6d88      	ldr	r0, [r1, #88]	@ 0x58
34184620:	9301      	str	r3, [sp, #4]
34184622:	9100      	str	r1, [sp, #0]
34184624:	f000 f9b0 	bl	34184988 <__retarget_lock_acquire_recursive>
34184628:	e9dd 1300 	ldrd	r1, r3, [sp]
3418462c:	e7e4      	b.n	341845f8 <_fflush_r+0x1c>
3418462e:	6d88      	ldr	r0, [r1, #88]	@ 0x58
34184630:	9300      	str	r3, [sp, #0]
34184632:	f000 f9ab 	bl	3418498c <__retarget_lock_release_recursive>
34184636:	9b00      	ldr	r3, [sp, #0]
34184638:	4618      	mov	r0, r3
3418463a:	b003      	add	sp, #12
3418463c:	bd00      	pop	{pc}
3418463e:	e9cd 0100 	strd	r0, r1, [sp]
34184642:	f000 f8ef 	bl	34184824 <__sinit>
34184646:	e9dd 3100 	ldrd	r3, r1, [sp]
3418464a:	e7cd      	b.n	341845e8 <_fflush_r+0xc>

3418464c <fflush>:
3418464c:	2800      	cmp	r0, #0
3418464e:	d038      	beq.n	341846c2 <fflush+0x76>
34184650:	4b1e      	ldr	r3, [pc, #120]	@ (341846cc <fflush+0x80>)
34184652:	4601      	mov	r1, r0
34184654:	681b      	ldr	r3, [r3, #0]
34184656:	b500      	push	{lr}
34184658:	b083      	sub	sp, #12
3418465a:	b10b      	cbz	r3, 34184660 <fflush+0x14>
3418465c:	6b5a      	ldr	r2, [r3, #52]	@ 0x34
3418465e:	b1d2      	cbz	r2, 34184696 <fflush+0x4a>
34184660:	f9b1 000c 	ldrsh.w	r0, [r1, #12]
34184664:	b198      	cbz	r0, 3418468e <fflush+0x42>
34184666:	6e4a      	ldr	r2, [r1, #100]	@ 0x64
34184668:	07d2      	lsls	r2, r2, #31
3418466a:	d401      	bmi.n	34184670 <fflush+0x24>
3418466c:	0582      	lsls	r2, r0, #22
3418466e:	d51a      	bpl.n	341846a6 <fflush+0x5a>
34184670:	4618      	mov	r0, r3
34184672:	9100      	str	r1, [sp, #0]
34184674:	f7ff ff18 	bl	341844a8 <__sflush_r>
34184678:	9900      	ldr	r1, [sp, #0]
3418467a:	4603      	mov	r3, r0
3418467c:	6e4a      	ldr	r2, [r1, #100]	@ 0x64
3418467e:	07d0      	lsls	r0, r2, #31
34184680:	d402      	bmi.n	34184688 <fflush+0x3c>
34184682:	898a      	ldrh	r2, [r1, #12]
34184684:	0592      	lsls	r2, r2, #22
34184686:	d516      	bpl.n	341846b6 <fflush+0x6a>
34184688:	4618      	mov	r0, r3
3418468a:	b003      	add	sp, #12
3418468c:	bd00      	pop	{pc}
3418468e:	4603      	mov	r3, r0
34184690:	4618      	mov	r0, r3
34184692:	b003      	add	sp, #12
34184694:	bd00      	pop	{pc}
34184696:	9001      	str	r0, [sp, #4]
34184698:	4618      	mov	r0, r3
3418469a:	9300      	str	r3, [sp, #0]
3418469c:	f000 f8c2 	bl	34184824 <__sinit>
341846a0:	e9dd 3100 	ldrd	r3, r1, [sp]
341846a4:	e7dc      	b.n	34184660 <fflush+0x14>
341846a6:	6d88      	ldr	r0, [r1, #88]	@ 0x58
341846a8:	9301      	str	r3, [sp, #4]
341846aa:	9100      	str	r1, [sp, #0]
341846ac:	f000 f96c 	bl	34184988 <__retarget_lock_acquire_recursive>
341846b0:	e9dd 1300 	ldrd	r1, r3, [sp]
341846b4:	e7dc      	b.n	34184670 <fflush+0x24>
341846b6:	6d88      	ldr	r0, [r1, #88]	@ 0x58
341846b8:	9300      	str	r3, [sp, #0]
341846ba:	f000 f967 	bl	3418498c <__retarget_lock_release_recursive>
341846be:	9b00      	ldr	r3, [sp, #0]
341846c0:	e7e2      	b.n	34184688 <fflush+0x3c>
341846c2:	4a03      	ldr	r2, [pc, #12]	@ (341846d0 <fflush+0x84>)
341846c4:	4903      	ldr	r1, [pc, #12]	@ (341846d4 <fflush+0x88>)
341846c6:	4804      	ldr	r0, [pc, #16]	@ (341846d8 <fflush+0x8c>)
341846c8:	f003 b8da 	b.w	34187880 <_fwalk_sglue>
341846cc:	341c0020 	.word	0x341c0020
341846d0:	341c0014 	.word	0x341c0014
341846d4:	341845dd 	.word	0x341845dd
341846d8:	341c0028 	.word	0x341c0028

341846dc <stdio_exit_handler>:
341846dc:	4a02      	ldr	r2, [pc, #8]	@ (341846e8 <stdio_exit_handler+0xc>)
341846de:	4903      	ldr	r1, [pc, #12]	@ (341846ec <stdio_exit_handler+0x10>)
341846e0:	4803      	ldr	r0, [pc, #12]	@ (341846f0 <stdio_exit_handler+0x14>)
341846e2:	f003 b8cd 	b.w	34187880 <_fwalk_sglue>
341846e6:	bf00      	nop
341846e8:	341c0014 	.word	0x341c0014
341846ec:	34187c49 	.word	0x34187c49
341846f0:	341c0028 	.word	0x341c0028

341846f4 <cleanup_stdio>:
341846f4:	4b0c      	ldr	r3, [pc, #48]	@ (34184728 <cleanup_stdio+0x34>)
341846f6:	6841      	ldr	r1, [r0, #4]
341846f8:	4299      	cmp	r1, r3
341846fa:	b510      	push	{r4, lr}
341846fc:	4604      	mov	r4, r0
341846fe:	d001      	beq.n	34184704 <cleanup_stdio+0x10>
34184700:	f003 faa2 	bl	34187c48 <_fclose_r>
34184704:	68a1      	ldr	r1, [r4, #8]
34184706:	4b09      	ldr	r3, [pc, #36]	@ (3418472c <cleanup_stdio+0x38>)
34184708:	4299      	cmp	r1, r3
3418470a:	d002      	beq.n	34184712 <cleanup_stdio+0x1e>
3418470c:	4620      	mov	r0, r4
3418470e:	f003 fa9b 	bl	34187c48 <_fclose_r>
34184712:	68e1      	ldr	r1, [r4, #12]
34184714:	4b06      	ldr	r3, [pc, #24]	@ (34184730 <cleanup_stdio+0x3c>)
34184716:	4299      	cmp	r1, r3
34184718:	d004      	beq.n	34184724 <cleanup_stdio+0x30>
3418471a:	4620      	mov	r0, r4
3418471c:	e8bd 4010 	ldmia.w	sp!, {r4, lr}
34184720:	f003 ba92 	b.w	34187c48 <_fclose_r>
34184724:	bd10      	pop	{r4, pc}
34184726:	bf00      	nop
34184728:	341c08d4 	.word	0x341c08d4
3418472c:	341c093c 	.word	0x341c093c
34184730:	341c09a4 	.word	0x341c09a4

34184734 <global_stdio_init.part.0>:
34184734:	e92d 43f8 	stmdb	sp!, {r3, r4, r5, r6, r7, r8, r9, lr}
34184738:	4a31      	ldr	r2, [pc, #196]	@ (34184800 <global_stdio_init.part.0+0xcc>)
3418473a:	2500      	movs	r5, #0
3418473c:	4c31      	ldr	r4, [pc, #196]	@ (34184804 <global_stdio_init.part.0+0xd0>)
3418473e:	2304      	movs	r3, #4
34184740:	4931      	ldr	r1, [pc, #196]	@ (34184808 <global_stdio_init.part.0+0xd4>)
34184742:	f8df 90d8 	ldr.w	r9, [pc, #216]	@ 3418481c <global_stdio_init.part.0+0xe8>
34184746:	f104 005c 	add.w	r0, r4, #92	@ 0x5c
3418474a:	f8df 80d4 	ldr.w	r8, [pc, #212]	@ 34184820 <global_stdio_init.part.0+0xec>
3418474e:	4f2f      	ldr	r7, [pc, #188]	@ (3418480c <global_stdio_init.part.0+0xd8>)
34184750:	4e2f      	ldr	r6, [pc, #188]	@ (34184810 <global_stdio_init.part.0+0xdc>)
34184752:	6011      	str	r1, [r2, #0]
34184754:	4629      	mov	r1, r5
34184756:	2208      	movs	r2, #8
34184758:	6025      	str	r5, [r4, #0]
3418475a:	6665      	str	r5, [r4, #100]	@ 0x64
3418475c:	e9c4 3503 	strd	r3, r5, [r4, #12]
34184760:	e9c4 5501 	strd	r5, r5, [r4, #4]
34184764:	e9c4 5505 	strd	r5, r5, [r4, #20]
34184768:	f000 f886 	bl	34184878 <memset>
3418476c:	f104 0058 	add.w	r0, r4, #88	@ 0x58
34184770:	62e6      	str	r6, [r4, #44]	@ 0x2c
34184772:	e9c4 4907 	strd	r4, r9, [r4, #28]
34184776:	e9c4 8709 	strd	r8, r7, [r4, #36]	@ 0x24
3418477a:	f000 f901 	bl	34184980 <__retarget_lock_init_recursive>
3418477e:	4b25      	ldr	r3, [pc, #148]	@ (34184814 <global_stdio_init.part.0+0xe0>)
34184780:	4629      	mov	r1, r5
34184782:	2208      	movs	r2, #8
34184784:	f104 00c4 	add.w	r0, r4, #196	@ 0xc4
34184788:	6763      	str	r3, [r4, #116]	@ 0x74
3418478a:	6725      	str	r5, [r4, #112]	@ 0x70
3418478c:	f8c4 50cc 	str.w	r5, [r4, #204]	@ 0xcc
34184790:	f8c4 5080 	str.w	r5, [r4, #128]	@ 0x80
34184794:	e9c4 551a 	strd	r5, r5, [r4, #104]	@ 0x68
34184798:	e9c4 551e 	strd	r5, r5, [r4, #120]	@ 0x78
3418479c:	f000 f86c 	bl	34184878 <memset>
341847a0:	f104 0368 	add.w	r3, r4, #104	@ 0x68
341847a4:	f104 00c0 	add.w	r0, r4, #192	@ 0xc0
341847a8:	f8c4 3084 	str.w	r3, [r4, #132]	@ 0x84
341847ac:	e9c4 9822 	strd	r9, r8, [r4, #136]	@ 0x88
341847b0:	e9c4 7624 	strd	r7, r6, [r4, #144]	@ 0x90
341847b4:	f000 f8e4 	bl	34184980 <__retarget_lock_init_recursive>
341847b8:	4b17      	ldr	r3, [pc, #92]	@ (34184818 <global_stdio_init.part.0+0xe4>)
341847ba:	4629      	mov	r1, r5
341847bc:	f504 7096 	add.w	r0, r4, #300	@ 0x12c
341847c0:	2208      	movs	r2, #8
341847c2:	f8c4 30dc 	str.w	r3, [r4, #220]	@ 0xdc
341847c6:	f8c4 50d8 	str.w	r5, [r4, #216]	@ 0xd8
341847ca:	f8c4 5134 	str.w	r5, [r4, #308]	@ 0x134
341847ce:	f8c4 50e8 	str.w	r5, [r4, #232]	@ 0xe8
341847d2:	e9c4 5534 	strd	r5, r5, [r4, #208]	@ 0xd0
341847d6:	e9c4 5538 	strd	r5, r5, [r4, #224]	@ 0xe0
341847da:	f000 f84d 	bl	34184878 <memset>
341847de:	f104 03d0 	add.w	r3, r4, #208	@ 0xd0
341847e2:	f504 7094 	add.w	r0, r4, #296	@ 0x128
341847e6:	f8c4 90f0 	str.w	r9, [r4, #240]	@ 0xf0
341847ea:	f8c4 60fc 	str.w	r6, [r4, #252]	@ 0xfc
341847ee:	f8c4 30ec 	str.w	r3, [r4, #236]	@ 0xec
341847f2:	e9c4 873d 	strd	r8, r7, [r4, #244]	@ 0xf4
341847f6:	e8bd 43f8 	ldmia.w	sp!, {r3, r4, r5, r6, r7, r8, r9, lr}
341847fa:	f000 b8c1 	b.w	34184980 <__retarget_lock_init_recursive>
341847fe:	bf00      	nop
34184800:	341c0a0c 	.word	0x341c0a0c
34184804:	341c08d4 	.word	0x341c08d4
34184808:	341846dd 	.word	0x341846dd
3418480c:	34187d71 	.word	0x34187d71
34184810:	34187d99 	.word	0x34187d99
34184814:	00010009 	.word	0x00010009
34184818:	00020012 	.word	0x00020012
3418481c:	34187d0d 	.word	0x34187d0d
34184820:	34187d31 	.word	0x34187d31

34184824 <__sinit>:
34184824:	b510      	push	{r4, lr}
34184826:	4604      	mov	r4, r0
34184828:	480a      	ldr	r0, [pc, #40]	@ (34184854 <__sinit+0x30>)
3418482a:	f000 f8ad 	bl	34184988 <__retarget_lock_acquire_recursive>
3418482e:	6b63      	ldr	r3, [r4, #52]	@ 0x34
34184830:	b923      	cbnz	r3, 3418483c <__sinit+0x18>
34184832:	4b09      	ldr	r3, [pc, #36]	@ (34184858 <__sinit+0x34>)
34184834:	4a09      	ldr	r2, [pc, #36]	@ (3418485c <__sinit+0x38>)
34184836:	681b      	ldr	r3, [r3, #0]
34184838:	6362      	str	r2, [r4, #52]	@ 0x34
3418483a:	b123      	cbz	r3, 34184846 <__sinit+0x22>
3418483c:	4805      	ldr	r0, [pc, #20]	@ (34184854 <__sinit+0x30>)
3418483e:	e8bd 4010 	ldmia.w	sp!, {r4, lr}
34184842:	f000 b8a3 	b.w	3418498c <__retarget_lock_release_recursive>
34184846:	f7ff ff75 	bl	34184734 <global_stdio_init.part.0>
3418484a:	4802      	ldr	r0, [pc, #8]	@ (34184854 <__sinit+0x30>)
3418484c:	e8bd 4010 	ldmia.w	sp!, {r4, lr}
34184850:	f000 b89c 	b.w	3418498c <__retarget_lock_release_recursive>
34184854:	341c0a18 	.word	0x341c0a18
34184858:	341c0a0c 	.word	0x341c0a0c
3418485c:	341846f5 	.word	0x341846f5

34184860 <__sfp_lock_acquire>:
34184860:	4801      	ldr	r0, [pc, #4]	@ (34184868 <__sfp_lock_acquire+0x8>)
34184862:	f000 b891 	b.w	34184988 <__retarget_lock_acquire_recursive>
34184866:	bf00      	nop
34184868:	341c0a18 	.word	0x341c0a18

3418486c <__sfp_lock_release>:
3418486c:	4801      	ldr	r0, [pc, #4]	@ (34184874 <__sfp_lock_release+0x8>)
3418486e:	f000 b88d 	b.w	3418498c <__retarget_lock_release_recursive>
34184872:	bf00      	nop
34184874:	341c0a18 	.word	0x341c0a18

34184878 <memset>:
34184878:	b530      	push	{r4, r5, lr}
3418487a:	0784      	lsls	r4, r0, #30
3418487c:	4686      	mov	lr, r0
3418487e:	4603      	mov	r3, r0
34184880:	d006      	beq.n	34184890 <memset+0x18>
34184882:	b3a2      	cbz	r2, 341848ee <memset+0x76>
34184884:	f803 1b01 	strb.w	r1, [r3], #1
34184888:	0798      	lsls	r0, r3, #30
3418488a:	f102 32ff 	add.w	r2, r2, #4294967295	@ 0xffffffff
3418488e:	d1f8      	bne.n	34184882 <memset+0xa>
34184890:	2a03      	cmp	r2, #3
34184892:	d926      	bls.n	341848e2 <memset+0x6a>
34184894:	fa5f fc81 	uxtb.w	ip, r1
34184898:	2a0f      	cmp	r2, #15
3418489a:	eb0c 2c0c 	add.w	ip, ip, ip, lsl #8
3418489e:	eb0c 400c 	add.w	r0, ip, ip, lsl #16
341848a2:	d92a      	bls.n	341848fa <memset+0x82>
341848a4:	f022 0c0f 	bic.w	ip, r2, #15
341848a8:	449c      	add	ip, r3
341848aa:	e9c3 0000 	strd	r0, r0, [r3]
341848ae:	e9c3 0002 	strd	r0, r0, [r3, #8]
341848b2:	3310      	adds	r3, #16
341848b4:	4563      	cmp	r3, ip
341848b6:	d1f8      	bne.n	341848aa <memset+0x32>
341848b8:	f012 0f0c 	tst.w	r2, #12
341848bc:	f002 050f 	and.w	r5, r2, #15
341848c0:	d017      	beq.n	341848f2 <memset+0x7a>
341848c2:	ea4f 0c95 	mov.w	ip, r5, lsr #2
341848c6:	461a      	mov	r2, r3
341848c8:	f10c 34ff 	add.w	r4, ip, #4294967295	@ 0xffffffff
341848cc:	eb03 0c8c 	add.w	ip, r3, ip, lsl #2
341848d0:	f842 0b04 	str.w	r0, [r2], #4
341848d4:	4562      	cmp	r2, ip
341848d6:	d1fb      	bne.n	341848d0 <memset+0x58>
341848d8:	3304      	adds	r3, #4
341848da:	f005 0203 	and.w	r2, r5, #3
341848de:	eb03 0384 	add.w	r3, r3, r4, lsl #2
341848e2:	b122      	cbz	r2, 341848ee <memset+0x76>
341848e4:	441a      	add	r2, r3
341848e6:	f803 1b01 	strb.w	r1, [r3], #1
341848ea:	429a      	cmp	r2, r3
341848ec:	d1fb      	bne.n	341848e6 <memset+0x6e>
341848ee:	4670      	mov	r0, lr
341848f0:	bd30      	pop	{r4, r5, pc}
341848f2:	462a      	mov	r2, r5
341848f4:	2a00      	cmp	r2, #0
341848f6:	d1f5      	bne.n	341848e4 <memset+0x6c>
341848f8:	e7f9      	b.n	341848ee <memset+0x76>
341848fa:	4615      	mov	r5, r2
341848fc:	e7e1      	b.n	341848c2 <memset+0x4a>
341848fe:	bf00      	nop

34184900 <__errno>:
34184900:	4b01      	ldr	r3, [pc, #4]	@ (34184908 <__errno+0x8>)
34184902:	6818      	ldr	r0, [r3, #0]
34184904:	4770      	bx	lr
34184906:	bf00      	nop
34184908:	341c0020 	.word	0x341c0020

3418490c <__libc_init_array>:
3418490c:	b570      	push	{r4, r5, r6, lr}
3418490e:	4e0e      	ldr	r6, [pc, #56]	@ (34184948 <__libc_init_array+0x3c>)
34184910:	4d0e      	ldr	r5, [pc, #56]	@ (3418494c <__libc_init_array+0x40>)
34184912:	42ae      	cmp	r6, r5
34184914:	d008      	beq.n	34184928 <__libc_init_array+0x1c>
34184916:	1b76      	subs	r6, r6, r5
34184918:	2400      	movs	r4, #0
3418491a:	10b6      	asrs	r6, r6, #2
3418491c:	3401      	adds	r4, #1
3418491e:	f855 3b04 	ldr.w	r3, [r5], #4
34184922:	4798      	blx	r3
34184924:	42a6      	cmp	r6, r4
34184926:	d8f9      	bhi.n	3418491c <__libc_init_array+0x10>
34184928:	4e09      	ldr	r6, [pc, #36]	@ (34184950 <__libc_init_array+0x44>)
3418492a:	f006 fb9f 	bl	3418b06c <_init>
3418492e:	4d09      	ldr	r5, [pc, #36]	@ (34184954 <__libc_init_array+0x48>)
34184930:	42ae      	cmp	r6, r5
34184932:	d008      	beq.n	34184946 <__libc_init_array+0x3a>
34184934:	1b76      	subs	r6, r6, r5
34184936:	2400      	movs	r4, #0
34184938:	10b6      	asrs	r6, r6, #2
3418493a:	3401      	adds	r4, #1
3418493c:	f855 3b04 	ldr.w	r3, [r5], #4
34184940:	4798      	blx	r3
34184942:	42a6      	cmp	r6, r4
34184944:	d8f9      	bhi.n	3418493a <__libc_init_array+0x2e>
34184946:	bd70      	pop	{r4, r5, r6, pc}
34184948:	3418b668 	.word	0x3418b668
3418494c:	3418b668 	.word	0x3418b668
34184950:	3418b670 	.word	0x3418b670
34184954:	3418b668 	.word	0x3418b668

34184958 <__libc_fini_array>:
34184958:	b538      	push	{r3, r4, r5, lr}
3418495a:	4d07      	ldr	r5, [pc, #28]	@ (34184978 <__libc_fini_array+0x20>)
3418495c:	4c07      	ldr	r4, [pc, #28]	@ (3418497c <__libc_fini_array+0x24>)
3418495e:	1b2c      	subs	r4, r5, r4
34184960:	10a4      	asrs	r4, r4, #2
34184962:	d005      	beq.n	34184970 <__libc_fini_array+0x18>
34184964:	3c01      	subs	r4, #1
34184966:	f855 3d04 	ldr.w	r3, [r5, #-4]!
3418496a:	4798      	blx	r3
3418496c:	2c00      	cmp	r4, #0
3418496e:	d1f9      	bne.n	34184964 <__libc_fini_array+0xc>
34184970:	e8bd 4038 	ldmia.w	sp!, {r3, r4, r5, lr}
34184974:	f006 bb80 	b.w	3418b078 <_fini>
34184978:	3418b674 	.word	0x3418b674
3418497c:	3418b670 	.word	0x3418b670

34184980 <__retarget_lock_init_recursive>:
34184980:	4770      	bx	lr
34184982:	bf00      	nop

34184984 <__retarget_lock_close_recursive>:
34184984:	4770      	bx	lr
34184986:	bf00      	nop

34184988 <__retarget_lock_acquire_recursive>:
34184988:	4770      	bx	lr
3418498a:	bf00      	nop

3418498c <__retarget_lock_release_recursive>:
3418498c:	4770      	bx	lr
3418498e:	bf00      	nop

34184990 <memcpy>:
34184990:	4684      	mov	ip, r0
34184992:	ea41 0300 	orr.w	r3, r1, r0
34184996:	f013 0303 	ands.w	r3, r3, #3
3418499a:	d149      	bne.n	34184a30 <memcpy+0xa0>
3418499c:	3a40      	subs	r2, #64	@ 0x40
3418499e:	d323      	bcc.n	341849e8 <memcpy+0x58>
341849a0:	680b      	ldr	r3, [r1, #0]
341849a2:	6003      	str	r3, [r0, #0]
341849a4:	684b      	ldr	r3, [r1, #4]
341849a6:	6043      	str	r3, [r0, #4]
341849a8:	688b      	ldr	r3, [r1, #8]
341849aa:	6083      	str	r3, [r0, #8]
341849ac:	68cb      	ldr	r3, [r1, #12]
341849ae:	60c3      	str	r3, [r0, #12]
341849b0:	690b      	ldr	r3, [r1, #16]
341849b2:	6103      	str	r3, [r0, #16]
341849b4:	694b      	ldr	r3, [r1, #20]
341849b6:	6143      	str	r3, [r0, #20]
341849b8:	698b      	ldr	r3, [r1, #24]
341849ba:	6183      	str	r3, [r0, #24]
341849bc:	69cb      	ldr	r3, [r1, #28]
341849be:	61c3      	str	r3, [r0, #28]
341849c0:	6a0b      	ldr	r3, [r1, #32]
341849c2:	6203      	str	r3, [r0, #32]
341849c4:	6a4b      	ldr	r3, [r1, #36]	@ 0x24
341849c6:	6243      	str	r3, [r0, #36]	@ 0x24
341849c8:	6a8b      	ldr	r3, [r1, #40]	@ 0x28
341849ca:	6283      	str	r3, [r0, #40]	@ 0x28
341849cc:	6acb      	ldr	r3, [r1, #44]	@ 0x2c
341849ce:	62c3      	str	r3, [r0, #44]	@ 0x2c
341849d0:	6b0b      	ldr	r3, [r1, #48]	@ 0x30
341849d2:	6303      	str	r3, [r0, #48]	@ 0x30
341849d4:	6b4b      	ldr	r3, [r1, #52]	@ 0x34
341849d6:	6343      	str	r3, [r0, #52]	@ 0x34
341849d8:	6b8b      	ldr	r3, [r1, #56]	@ 0x38
341849da:	6383      	str	r3, [r0, #56]	@ 0x38
341849dc:	6bcb      	ldr	r3, [r1, #60]	@ 0x3c
341849de:	63c3      	str	r3, [r0, #60]	@ 0x3c
341849e0:	3040      	adds	r0, #64	@ 0x40
341849e2:	3140      	adds	r1, #64	@ 0x40
341849e4:	3a40      	subs	r2, #64	@ 0x40
341849e6:	d2db      	bcs.n	341849a0 <memcpy+0x10>
341849e8:	3230      	adds	r2, #48	@ 0x30
341849ea:	d30b      	bcc.n	34184a04 <memcpy+0x74>
341849ec:	680b      	ldr	r3, [r1, #0]
341849ee:	6003      	str	r3, [r0, #0]
341849f0:	684b      	ldr	r3, [r1, #4]
341849f2:	6043      	str	r3, [r0, #4]
341849f4:	688b      	ldr	r3, [r1, #8]
341849f6:	6083      	str	r3, [r0, #8]
341849f8:	68cb      	ldr	r3, [r1, #12]
341849fa:	60c3      	str	r3, [r0, #12]
341849fc:	3010      	adds	r0, #16
341849fe:	3110      	adds	r1, #16
34184a00:	3a10      	subs	r2, #16
34184a02:	d2f3      	bcs.n	341849ec <memcpy+0x5c>
34184a04:	320c      	adds	r2, #12
34184a06:	d305      	bcc.n	34184a14 <memcpy+0x84>
34184a08:	f851 3b04 	ldr.w	r3, [r1], #4
34184a0c:	f840 3b04 	str.w	r3, [r0], #4
34184a10:	3a04      	subs	r2, #4
34184a12:	d2f9      	bcs.n	34184a08 <memcpy+0x78>
34184a14:	3204      	adds	r2, #4
34184a16:	d008      	beq.n	34184a2a <memcpy+0x9a>
34184a18:	07d2      	lsls	r2, r2, #31
34184a1a:	bf1c      	itt	ne
34184a1c:	f811 3b01 	ldrbne.w	r3, [r1], #1
34184a20:	f800 3b01 	strbne.w	r3, [r0], #1
34184a24:	d301      	bcc.n	34184a2a <memcpy+0x9a>
34184a26:	880b      	ldrh	r3, [r1, #0]
34184a28:	8003      	strh	r3, [r0, #0]
34184a2a:	4660      	mov	r0, ip
34184a2c:	4770      	bx	lr
34184a2e:	bf00      	nop
34184a30:	2a08      	cmp	r2, #8
34184a32:	d313      	bcc.n	34184a5c <memcpy+0xcc>
34184a34:	078b      	lsls	r3, r1, #30
34184a36:	d0b1      	beq.n	3418499c <memcpy+0xc>
34184a38:	f010 0303 	ands.w	r3, r0, #3
34184a3c:	d0ae      	beq.n	3418499c <memcpy+0xc>
34184a3e:	f1c3 0304 	rsb	r3, r3, #4
34184a42:	1ad2      	subs	r2, r2, r3
34184a44:	07db      	lsls	r3, r3, #31
34184a46:	bf1c      	itt	ne
34184a48:	f811 3b01 	ldrbne.w	r3, [r1], #1
34184a4c:	f800 3b01 	strbne.w	r3, [r0], #1
34184a50:	d3a4      	bcc.n	3418499c <memcpy+0xc>
34184a52:	f831 3b02 	ldrh.w	r3, [r1], #2
34184a56:	f820 3b02 	strh.w	r3, [r0], #2
34184a5a:	e79f      	b.n	3418499c <memcpy+0xc>
34184a5c:	3a04      	subs	r2, #4
34184a5e:	d3d9      	bcc.n	34184a14 <memcpy+0x84>
34184a60:	3a01      	subs	r2, #1
34184a62:	f811 3b01 	ldrb.w	r3, [r1], #1
34184a66:	f800 3b01 	strb.w	r3, [r0], #1
34184a6a:	d2f9      	bcs.n	34184a60 <memcpy+0xd0>
34184a6c:	780b      	ldrb	r3, [r1, #0]
34184a6e:	7003      	strb	r3, [r0, #0]
34184a70:	784b      	ldrb	r3, [r1, #1]
34184a72:	7043      	strb	r3, [r0, #1]
34184a74:	788b      	ldrb	r3, [r1, #2]
34184a76:	7083      	strb	r3, [r0, #2]
34184a78:	4660      	mov	r0, ip
34184a7a:	4770      	bx	lr

34184a7c <strlen>:
34184a7c:	f020 0103 	bic.w	r1, r0, #3
34184a80:	f010 0003 	ands.w	r0, r0, #3
34184a84:	f1c0 0000 	rsb	r0, r0, #0
34184a88:	f851 3b04 	ldr.w	r3, [r1], #4
34184a8c:	f100 0c04 	add.w	ip, r0, #4
34184a90:	ea4f 0ccc 	mov.w	ip, ip, lsl #3
34184a94:	f06f 0200 	mvn.w	r2, #0
34184a98:	bf1c      	itt	ne
34184a9a:	fa22 f20c 	lsrne.w	r2, r2, ip
34184a9e:	4313      	orrne	r3, r2
34184aa0:	f04f 0c01 	mov.w	ip, #1
34184aa4:	ea4c 2c0c 	orr.w	ip, ip, ip, lsl #8
34184aa8:	ea4c 4c0c 	orr.w	ip, ip, ip, lsl #16
34184aac:	eba3 020c 	sub.w	r2, r3, ip
34184ab0:	ea22 0203 	bic.w	r2, r2, r3
34184ab4:	ea12 12cc 	ands.w	r2, r2, ip, lsl #7
34184ab8:	bf04      	itt	eq
34184aba:	f851 3b04 	ldreq.w	r3, [r1], #4
34184abe:	3004      	addeq	r0, #4
34184ac0:	d0f4      	beq.n	34184aac <strlen+0x30>
34184ac2:	f1c2 0100 	rsb	r1, r2, #0
34184ac6:	ea02 0201 	and.w	r2, r2, r1
34184aca:	fab2 f282 	clz	r2, r2
34184ace:	f1c2 021f 	rsb	r2, r2, #31
34184ad2:	eb00 00d2 	add.w	r0, r0, r2, lsr #3
34184ad6:	4770      	bx	lr

34184ad8 <__register_exitproc>:
34184ad8:	b5f0      	push	{r4, r5, r6, r7, lr}
34184ada:	4c1d      	ldr	r4, [pc, #116]	@ (34184b50 <__register_exitproc+0x78>)
34184adc:	b083      	sub	sp, #12
34184ade:	4605      	mov	r5, r0
34184ae0:	4616      	mov	r6, r2
34184ae2:	6820      	ldr	r0, [r4, #0]
34184ae4:	461f      	mov	r7, r3
34184ae6:	9101      	str	r1, [sp, #4]
34184ae8:	f7ff ff4e 	bl	34184988 <__retarget_lock_acquire_recursive>
34184aec:	4a19      	ldr	r2, [pc, #100]	@ (34184b54 <__register_exitproc+0x7c>)
34184aee:	9901      	ldr	r1, [sp, #4]
34184af0:	6813      	ldr	r3, [r2, #0]
34184af2:	b32b      	cbz	r3, 34184b40 <__register_exitproc+0x68>
34184af4:	685a      	ldr	r2, [r3, #4]
34184af6:	6820      	ldr	r0, [r4, #0]
34184af8:	2a1f      	cmp	r2, #31
34184afa:	dc24      	bgt.n	34184b46 <__register_exitproc+0x6e>
34184afc:	b94d      	cbnz	r5, 34184b12 <__register_exitproc+0x3a>
34184afe:	1c54      	adds	r4, r2, #1
34184b00:	3202      	adds	r2, #2
34184b02:	605c      	str	r4, [r3, #4]
34184b04:	f843 1022 	str.w	r1, [r3, r2, lsl #2]
34184b08:	f7ff ff40 	bl	3418498c <__retarget_lock_release_recursive>
34184b0c:	2000      	movs	r0, #0
34184b0e:	b003      	add	sp, #12
34184b10:	bdf0      	pop	{r4, r5, r6, r7, pc}
34184b12:	eb03 0e82 	add.w	lr, r3, r2, lsl #2
34184b16:	2401      	movs	r4, #1
34184b18:	2d02      	cmp	r5, #2
34184b1a:	f8ce 6088 	str.w	r6, [lr, #136]	@ 0x88
34184b1e:	fa04 f402 	lsl.w	r4, r4, r2
34184b22:	f8d3 6188 	ldr.w	r6, [r3, #392]	@ 0x188
34184b26:	ea46 0c04 	orr.w	ip, r6, r4
34184b2a:	f8c3 c188 	str.w	ip, [r3, #392]	@ 0x188
34184b2e:	f8ce 7108 	str.w	r7, [lr, #264]	@ 0x108
34184b32:	d1e4      	bne.n	34184afe <__register_exitproc+0x26>
34184b34:	f8d3 518c 	ldr.w	r5, [r3, #396]	@ 0x18c
34184b38:	4325      	orrs	r5, r4
34184b3a:	f8c3 518c 	str.w	r5, [r3, #396]	@ 0x18c
34184b3e:	e7de      	b.n	34184afe <__register_exitproc+0x26>
34184b40:	4b05      	ldr	r3, [pc, #20]	@ (34184b58 <__register_exitproc+0x80>)
34184b42:	6013      	str	r3, [r2, #0]
34184b44:	e7d6      	b.n	34184af4 <__register_exitproc+0x1c>
34184b46:	f7ff ff21 	bl	3418498c <__retarget_lock_release_recursive>
34184b4a:	f04f 30ff 	mov.w	r0, #4294967295	@ 0xffffffff
34184b4e:	e7de      	b.n	34184b0e <__register_exitproc+0x36>
34184b50:	341c0228 	.word	0x341c0228
34184b54:	341c0bac 	.word	0x341c0bac
34184b58:	341c0a1c 	.word	0x341c0a1c

34184b5c <register_fini>:
34184b5c:	4b02      	ldr	r3, [pc, #8]	@ (34184b68 <register_fini+0xc>)
34184b5e:	b113      	cbz	r3, 34184b66 <register_fini+0xa>
34184b60:	4802      	ldr	r0, [pc, #8]	@ (34184b6c <register_fini+0x10>)
34184b62:	f7ff bc1f 	b.w	341843a4 <atexit>
34184b66:	4770      	bx	lr
34184b68:	00000000 	.word	0x00000000
34184b6c:	34184959 	.word	0x34184959

34184b70 <_malloc_trim_r>:
34184b70:	b5f8      	push	{r3, r4, r5, r6, r7, lr}
34184b72:	4606      	mov	r6, r0
34184b74:	2008      	movs	r0, #8
34184b76:	460c      	mov	r4, r1
34184b78:	f003 fab2 	bl	341880e0 <sysconf>
34184b7c:	4607      	mov	r7, r0
34184b7e:	4630      	mov	r0, r6
34184b80:	f002 fcf8 	bl	34187574 <__malloc_lock>
34184b84:	4a22      	ldr	r2, [pc, #136]	@ (34184c10 <_malloc_trim_r+0xa0>)
34184b86:	6893      	ldr	r3, [r2, #8]
34184b88:	685d      	ldr	r5, [r3, #4]
34184b8a:	f025 0503 	bic.w	r5, r5, #3
34184b8e:	f1a5 0311 	sub.w	r3, r5, #17
34184b92:	1b1c      	subs	r4, r3, r4
34184b94:	443c      	add	r4, r7
34184b96:	fbb4 f4f7 	udiv	r4, r4, r7
34184b9a:	3c01      	subs	r4, #1
34184b9c:	fb07 f404 	mul.w	r4, r7, r4
34184ba0:	42a7      	cmp	r7, r4
34184ba2:	dc08      	bgt.n	34184bb6 <_malloc_trim_r+0x46>
34184ba4:	2100      	movs	r1, #0
34184ba6:	4630      	mov	r0, r6
34184ba8:	f003 fa74 	bl	34188094 <_sbrk_r>
34184bac:	4a18      	ldr	r2, [pc, #96]	@ (34184c10 <_malloc_trim_r+0xa0>)
34184bae:	6893      	ldr	r3, [r2, #8]
34184bb0:	442b      	add	r3, r5
34184bb2:	4298      	cmp	r0, r3
34184bb4:	d004      	beq.n	34184bc0 <_malloc_trim_r+0x50>
34184bb6:	4630      	mov	r0, r6
34184bb8:	f002 fce2 	bl	34187580 <__malloc_unlock>
34184bbc:	2000      	movs	r0, #0
34184bbe:	bdf8      	pop	{r3, r4, r5, r6, r7, pc}
34184bc0:	4261      	negs	r1, r4
34184bc2:	4630      	mov	r0, r6
34184bc4:	f003 fa66 	bl	34188094 <_sbrk_r>
34184bc8:	3001      	adds	r0, #1
34184bca:	4a11      	ldr	r2, [pc, #68]	@ (34184c10 <_malloc_trim_r+0xa0>)
34184bcc:	d00d      	beq.n	34184bea <_malloc_trim_r+0x7a>
34184bce:	1b2d      	subs	r5, r5, r4
34184bd0:	4910      	ldr	r1, [pc, #64]	@ (34184c14 <_malloc_trim_r+0xa4>)
34184bd2:	6893      	ldr	r3, [r2, #8]
34184bd4:	4630      	mov	r0, r6
34184bd6:	f045 0501 	orr.w	r5, r5, #1
34184bda:	605d      	str	r5, [r3, #4]
34184bdc:	680b      	ldr	r3, [r1, #0]
34184bde:	1b1b      	subs	r3, r3, r4
34184be0:	600b      	str	r3, [r1, #0]
34184be2:	f002 fccd 	bl	34187580 <__malloc_unlock>
34184be6:	2001      	movs	r0, #1
34184be8:	bdf8      	pop	{r3, r4, r5, r6, r7, pc}
34184bea:	2100      	movs	r1, #0
34184bec:	4630      	mov	r0, r6
34184bee:	f003 fa51 	bl	34188094 <_sbrk_r>
34184bf2:	4a07      	ldr	r2, [pc, #28]	@ (34184c10 <_malloc_trim_r+0xa0>)
34184bf4:	6892      	ldr	r2, [r2, #8]
34184bf6:	1a83      	subs	r3, r0, r2
34184bf8:	2b0f      	cmp	r3, #15
34184bfa:	dddc      	ble.n	34184bb6 <_malloc_trim_r+0x46>
34184bfc:	f043 0301 	orr.w	r3, r3, #1
34184c00:	4904      	ldr	r1, [pc, #16]	@ (34184c14 <_malloc_trim_r+0xa4>)
34184c02:	6053      	str	r3, [r2, #4]
34184c04:	4b04      	ldr	r3, [pc, #16]	@ (34184c18 <_malloc_trim_r+0xa8>)
34184c06:	681b      	ldr	r3, [r3, #0]
34184c08:	1ac0      	subs	r0, r0, r3
34184c0a:	6008      	str	r0, [r1, #0]
34184c0c:	e7d3      	b.n	34184bb6 <_malloc_trim_r+0x46>
34184c0e:	bf00      	nop
34184c10:	341c0238 	.word	0x341c0238
34184c14:	341c0bb0 	.word	0x341c0bb0
34184c18:	341c022c 	.word	0x341c022c

34184c1c <_free_r>:
34184c1c:	2900      	cmp	r1, #0
34184c1e:	d062      	beq.n	34184ce6 <_free_r+0xca>
34184c20:	e92d 41f0 	stmdb	sp!, {r4, r5, r6, r7, r8, lr}
34184c24:	460c      	mov	r4, r1
34184c26:	4607      	mov	r7, r0
34184c28:	f002 fca4 	bl	34187574 <__malloc_lock>
34184c2c:	497a      	ldr	r1, [pc, #488]	@ (34184e18 <_free_r+0x1fc>)
34184c2e:	f854 ec04 	ldr.w	lr, [r4, #-4]
34184c32:	f1a4 0c08 	sub.w	ip, r4, #8
34184c36:	688d      	ldr	r5, [r1, #8]
34184c38:	f02e 0301 	bic.w	r3, lr, #1
34184c3c:	f00e 0601 	and.w	r6, lr, #1
34184c40:	eb0c 0203 	add.w	r2, ip, r3
34184c44:	6850      	ldr	r0, [r2, #4]
34184c46:	4295      	cmp	r5, r2
34184c48:	f020 0003 	bic.w	r0, r0, #3
34184c4c:	f000 8087 	beq.w	34184d5e <_free_r+0x142>
34184c50:	1815      	adds	r5, r2, r0
34184c52:	6050      	str	r0, [r2, #4]
34184c54:	686d      	ldr	r5, [r5, #4]
34184c56:	f005 0501 	and.w	r5, r5, #1
34184c5a:	46a8      	mov	r8, r5
34184c5c:	bb96      	cbnz	r6, 34184cc4 <_free_r+0xa8>
34184c5e:	f854 4c08 	ldr.w	r4, [r4, #-8]
34184c62:	f101 0e08 	add.w	lr, r1, #8
34184c66:	ebac 0c04 	sub.w	ip, ip, r4
34184c6a:	4423      	add	r3, r4
34184c6c:	f8dc 4008 	ldr.w	r4, [ip, #8]
34184c70:	4574      	cmp	r4, lr
34184c72:	d067      	beq.n	34184d44 <_free_r+0x128>
34184c74:	f8dc 500c 	ldr.w	r5, [ip, #12]
34184c78:	60e5      	str	r5, [r4, #12]
34184c7a:	60ac      	str	r4, [r5, #8]
34184c7c:	f1b8 0f00 	cmp.w	r8, #0
34184c80:	f000 8088 	beq.w	34184d94 <_free_r+0x178>
34184c84:	f043 0001 	orr.w	r0, r3, #1
34184c88:	f8cc 0004 	str.w	r0, [ip, #4]
34184c8c:	6013      	str	r3, [r2, #0]
34184c8e:	f5b3 7f00 	cmp.w	r3, #512	@ 0x200
34184c92:	d232      	bcs.n	34184cfa <_free_r+0xde>
34184c94:	0958      	lsrs	r0, r3, #5
34184c96:	08da      	lsrs	r2, r3, #3
34184c98:	2301      	movs	r3, #1
34184c9a:	4083      	lsls	r3, r0
34184c9c:	6848      	ldr	r0, [r1, #4]
34184c9e:	3201      	adds	r2, #1
34184ca0:	4303      	orrs	r3, r0
34184ca2:	f851 0032 	ldr.w	r0, [r1, r2, lsl #3]
34184ca6:	604b      	str	r3, [r1, #4]
34184ca8:	eb01 03c2 	add.w	r3, r1, r2, lsl #3
34184cac:	3b08      	subs	r3, #8
34184cae:	e9cc 0302 	strd	r0, r3, [ip, #8]
34184cb2:	f841 c032 	str.w	ip, [r1, r2, lsl #3]
34184cb6:	f8c0 c00c 	str.w	ip, [r0, #12]
34184cba:	4638      	mov	r0, r7
34184cbc:	e8bd 41f0 	ldmia.w	sp!, {r4, r5, r6, r7, r8, lr}
34184cc0:	f002 bc5e 	b.w	34187580 <__malloc_unlock>
34184cc4:	b985      	cbnz	r5, 34184ce8 <_free_r+0xcc>
34184cc6:	4403      	add	r3, r0
34184cc8:	f101 0e08 	add.w	lr, r1, #8
34184ccc:	6890      	ldr	r0, [r2, #8]
34184cce:	f043 0401 	orr.w	r4, r3, #1
34184cd2:	4570      	cmp	r0, lr
34184cd4:	d077      	beq.n	34184dc6 <_free_r+0x1aa>
34184cd6:	68d2      	ldr	r2, [r2, #12]
34184cd8:	60c2      	str	r2, [r0, #12]
34184cda:	6090      	str	r0, [r2, #8]
34184cdc:	f8cc 4004 	str.w	r4, [ip, #4]
34184ce0:	f84c 3003 	str.w	r3, [ip, r3]
34184ce4:	e7d3      	b.n	34184c8e <_free_r+0x72>
34184ce6:	4770      	bx	lr
34184ce8:	f04e 0201 	orr.w	r2, lr, #1
34184cec:	f5b3 7f00 	cmp.w	r3, #512	@ 0x200
34184cf0:	f844 2c04 	str.w	r2, [r4, #-4]
34184cf4:	f84c 3003 	str.w	r3, [ip, r3]
34184cf8:	d3cc      	bcc.n	34184c94 <_free_r+0x78>
34184cfa:	f5b3 6f20 	cmp.w	r3, #2560	@ 0xa00
34184cfe:	ea4f 2253 	mov.w	r2, r3, lsr #9
34184d02:	d249      	bcs.n	34184d98 <_free_r+0x17c>
34184d04:	099a      	lsrs	r2, r3, #6
34184d06:	f102 0039 	add.w	r0, r2, #57	@ 0x39
34184d0a:	f102 0438 	add.w	r4, r2, #56	@ 0x38
34184d0e:	00c2      	lsls	r2, r0, #3
34184d10:	1888      	adds	r0, r1, r2
34184d12:	588a      	ldr	r2, [r1, r2]
34184d14:	3808      	subs	r0, #8
34184d16:	4290      	cmp	r0, r2
34184d18:	d103      	bne.n	34184d22 <_free_r+0x106>
34184d1a:	e05d      	b.n	34184dd8 <_free_r+0x1bc>
34184d1c:	6892      	ldr	r2, [r2, #8]
34184d1e:	4290      	cmp	r0, r2
34184d20:	d004      	beq.n	34184d2c <_free_r+0x110>
34184d22:	6851      	ldr	r1, [r2, #4]
34184d24:	f021 0103 	bic.w	r1, r1, #3
34184d28:	4299      	cmp	r1, r3
34184d2a:	d8f7      	bhi.n	34184d1c <_free_r+0x100>
34184d2c:	68d0      	ldr	r0, [r2, #12]
34184d2e:	e9cc 2002 	strd	r2, r0, [ip, #8]
34184d32:	f8c0 c008 	str.w	ip, [r0, #8]
34184d36:	4638      	mov	r0, r7
34184d38:	f8c2 c00c 	str.w	ip, [r2, #12]
34184d3c:	e8bd 41f0 	ldmia.w	sp!, {r4, r5, r6, r7, r8, lr}
34184d40:	f002 bc1e 	b.w	34187580 <__malloc_unlock>
34184d44:	bb9d      	cbnz	r5, 34184dae <_free_r+0x192>
34184d46:	4418      	add	r0, r3
34184d48:	e9d2 2302 	ldrd	r2, r3, [r2, #8]
34184d4c:	60d3      	str	r3, [r2, #12]
34184d4e:	609a      	str	r2, [r3, #8]
34184d50:	f040 0301 	orr.w	r3, r0, #1
34184d54:	f8cc 3004 	str.w	r3, [ip, #4]
34184d58:	f84c 0000 	str.w	r0, [ip, r0]
34184d5c:	e7ad      	b.n	34184cba <_free_r+0x9e>
34184d5e:	4418      	add	r0, r3
34184d60:	b946      	cbnz	r6, 34184d74 <_free_r+0x158>
34184d62:	f854 3c08 	ldr.w	r3, [r4, #-8]
34184d66:	ebac 0c03 	sub.w	ip, ip, r3
34184d6a:	4418      	add	r0, r3
34184d6c:	e9dc 2302 	ldrd	r2, r3, [ip, #8]
34184d70:	60d3      	str	r3, [r2, #12]
34184d72:	609a      	str	r2, [r3, #8]
34184d74:	f040 0301 	orr.w	r3, r0, #1
34184d78:	f8cc 3004 	str.w	r3, [ip, #4]
34184d7c:	4b27      	ldr	r3, [pc, #156]	@ (34184e1c <_free_r+0x200>)
34184d7e:	f8c1 c008 	str.w	ip, [r1, #8]
34184d82:	681b      	ldr	r3, [r3, #0]
34184d84:	4283      	cmp	r3, r0
34184d86:	d898      	bhi.n	34184cba <_free_r+0x9e>
34184d88:	4b25      	ldr	r3, [pc, #148]	@ (34184e20 <_free_r+0x204>)
34184d8a:	4638      	mov	r0, r7
34184d8c:	6819      	ldr	r1, [r3, #0]
34184d8e:	f7ff feef 	bl	34184b70 <_malloc_trim_r>
34184d92:	e792      	b.n	34184cba <_free_r+0x9e>
34184d94:	4403      	add	r3, r0
34184d96:	e799      	b.n	34184ccc <_free_r+0xb0>
34184d98:	2a14      	cmp	r2, #20
34184d9a:	d90e      	bls.n	34184dba <_free_r+0x19e>
34184d9c:	2a54      	cmp	r2, #84	@ 0x54
34184d9e:	d822      	bhi.n	34184de6 <_free_r+0x1ca>
34184da0:	0b1a      	lsrs	r2, r3, #12
34184da2:	f102 006f 	add.w	r0, r2, #111	@ 0x6f
34184da6:	f102 046e 	add.w	r4, r2, #110	@ 0x6e
34184daa:	00c2      	lsls	r2, r0, #3
34184dac:	e7b0      	b.n	34184d10 <_free_r+0xf4>
34184dae:	f043 0101 	orr.w	r1, r3, #1
34184db2:	f8cc 1004 	str.w	r1, [ip, #4]
34184db6:	6013      	str	r3, [r2, #0]
34184db8:	e77f      	b.n	34184cba <_free_r+0x9e>
34184dba:	f102 005c 	add.w	r0, r2, #92	@ 0x5c
34184dbe:	f102 045b 	add.w	r4, r2, #91	@ 0x5b
34184dc2:	00c2      	lsls	r2, r0, #3
34184dc4:	e7a4      	b.n	34184d10 <_free_r+0xf4>
34184dc6:	e9c1 cc04 	strd	ip, ip, [r1, #16]
34184dca:	e9cc ee02 	strd	lr, lr, [ip, #8]
34184dce:	f8cc 4004 	str.w	r4, [ip, #4]
34184dd2:	f84c 3003 	str.w	r3, [ip, r3]
34184dd6:	e770      	b.n	34184cba <_free_r+0x9e>
34184dd8:	10a4      	asrs	r4, r4, #2
34184dda:	2301      	movs	r3, #1
34184ddc:	40a3      	lsls	r3, r4
34184dde:	684c      	ldr	r4, [r1, #4]
34184de0:	4323      	orrs	r3, r4
34184de2:	604b      	str	r3, [r1, #4]
34184de4:	e7a3      	b.n	34184d2e <_free_r+0x112>
34184de6:	f5b2 7faa 	cmp.w	r2, #340	@ 0x154
34184dea:	d806      	bhi.n	34184dfa <_free_r+0x1de>
34184dec:	0bda      	lsrs	r2, r3, #15
34184dee:	f102 0078 	add.w	r0, r2, #120	@ 0x78
34184df2:	f102 0477 	add.w	r4, r2, #119	@ 0x77
34184df6:	00c2      	lsls	r2, r0, #3
34184df8:	e78a      	b.n	34184d10 <_free_r+0xf4>
34184dfa:	f240 5054 	movw	r0, #1364	@ 0x554
34184dfe:	4282      	cmp	r2, r0
34184e00:	d806      	bhi.n	34184e10 <_free_r+0x1f4>
34184e02:	0c9a      	lsrs	r2, r3, #18
34184e04:	f102 007d 	add.w	r0, r2, #125	@ 0x7d
34184e08:	f102 047c 	add.w	r4, r2, #124	@ 0x7c
34184e0c:	00c2      	lsls	r2, r0, #3
34184e0e:	e77f      	b.n	34184d10 <_free_r+0xf4>
34184e10:	f44f 727e 	mov.w	r2, #1016	@ 0x3f8
34184e14:	247e      	movs	r4, #126	@ 0x7e
34184e16:	e77b      	b.n	34184d10 <_free_r+0xf4>
34184e18:	341c0238 	.word	0x341c0238
34184e1c:	341c0230 	.word	0x341c0230
34184e20:	341c0be0 	.word	0x341c0be0

34184e24 <_malloc_r>:
34184e24:	f101 030b 	add.w	r3, r1, #11
34184e28:	2b16      	cmp	r3, #22
34184e2a:	e92d 4ff0 	stmdb	sp!, {r4, r5, r6, r7, r8, r9, sl, fp, lr}
34184e2e:	4680      	mov	r8, r0
34184e30:	b085      	sub	sp, #20
34184e32:	d82c      	bhi.n	34184e8e <_malloc_r+0x6a>
34184e34:	2910      	cmp	r1, #16
34184e36:	d822      	bhi.n	34184e7e <_malloc_r+0x5a>
34184e38:	f002 fb9c 	bl	34187574 <__malloc_lock>
34184e3c:	2118      	movs	r1, #24
34184e3e:	f04f 0e02 	mov.w	lr, #2
34184e42:	2210      	movs	r2, #16
34184e44:	4cb6      	ldr	r4, [pc, #728]	@ (34185120 <_malloc_r+0x2fc>)
34184e46:	4421      	add	r1, r4
34184e48:	684d      	ldr	r5, [r1, #4]
34184e4a:	f1a1 0008 	sub.w	r0, r1, #8
34184e4e:	4285      	cmp	r5, r0
34184e50:	f000 815f 	beq.w	34185112 <_malloc_r+0x2ee>
34184e54:	686a      	ldr	r2, [r5, #4]
34184e56:	4640      	mov	r0, r8
34184e58:	f022 0203 	bic.w	r2, r2, #3
34184e5c:	e9d5 4102 	ldrd	r4, r1, [r5, #8]
34184e60:	442a      	add	r2, r5
34184e62:	60e1      	str	r1, [r4, #12]
34184e64:	608c      	str	r4, [r1, #8]
34184e66:	f105 0408 	add.w	r4, r5, #8
34184e6a:	6851      	ldr	r1, [r2, #4]
34184e6c:	f041 0101 	orr.w	r1, r1, #1
34184e70:	6051      	str	r1, [r2, #4]
34184e72:	f002 fb85 	bl	34187580 <__malloc_unlock>
34184e76:	4620      	mov	r0, r4
34184e78:	b005      	add	sp, #20
34184e7a:	e8bd 8ff0 	ldmia.w	sp!, {r4, r5, r6, r7, r8, r9, sl, fp, pc}
34184e7e:	230c      	movs	r3, #12
34184e80:	f8c8 3000 	str.w	r3, [r8]
34184e84:	2400      	movs	r4, #0
34184e86:	4620      	mov	r0, r4
34184e88:	b005      	add	sp, #20
34184e8a:	e8bd 8ff0 	ldmia.w	sp!, {r4, r5, r6, r7, r8, r9, sl, fp, pc}
34184e8e:	2b00      	cmp	r3, #0
34184e90:	f023 0207 	bic.w	r2, r3, #7
34184e94:	dbf3      	blt.n	34184e7e <_malloc_r+0x5a>
34184e96:	4291      	cmp	r1, r2
34184e98:	d8f1      	bhi.n	34184e7e <_malloc_r+0x5a>
34184e9a:	9200      	str	r2, [sp, #0]
34184e9c:	f002 fb6a 	bl	34187574 <__malloc_lock>
34184ea0:	9a00      	ldr	r2, [sp, #0]
34184ea2:	f5b2 7ffc 	cmp.w	r2, #504	@ 0x1f8
34184ea6:	f0c0 819f 	bcc.w	341851e8 <_malloc_r+0x3c4>
34184eaa:	0a53      	lsrs	r3, r2, #9
34184eac:	d073      	beq.n	34184f96 <_malloc_r+0x172>
34184eae:	2b04      	cmp	r3, #4
34184eb0:	f200 8164 	bhi.w	3418517c <_malloc_r+0x358>
34184eb4:	0993      	lsrs	r3, r2, #6
34184eb6:	f103 0e39 	add.w	lr, r3, #57	@ 0x39
34184eba:	f103 0638 	add.w	r6, r3, #56	@ 0x38
34184ebe:	ea4f 03ce 	mov.w	r3, lr, lsl #3
34184ec2:	4c97      	ldr	r4, [pc, #604]	@ (34185120 <_malloc_r+0x2fc>)
34184ec4:	4423      	add	r3, r4
34184ec6:	f1a3 0508 	sub.w	r5, r3, #8
34184eca:	685f      	ldr	r7, [r3, #4]
34184ecc:	42bd      	cmp	r5, r7
34184ece:	d107      	bne.n	34184ee0 <_malloc_r+0xbc>
34184ed0:	e00d      	b.n	34184eee <_malloc_r+0xca>
34184ed2:	2800      	cmp	r0, #0
34184ed4:	68fb      	ldr	r3, [r7, #12]
34184ed6:	f280 810b 	bge.w	341850f0 <_malloc_r+0x2cc>
34184eda:	429d      	cmp	r5, r3
34184edc:	461f      	mov	r7, r3
34184ede:	d006      	beq.n	34184eee <_malloc_r+0xca>
34184ee0:	6879      	ldr	r1, [r7, #4]
34184ee2:	f021 0103 	bic.w	r1, r1, #3
34184ee6:	1a88      	subs	r0, r1, r2
34184ee8:	280f      	cmp	r0, #15
34184eea:	ddf2      	ble.n	34184ed2 <_malloc_r+0xae>
34184eec:	46b6      	mov	lr, r6
34184eee:	6923      	ldr	r3, [r4, #16]
34184ef0:	498c      	ldr	r1, [pc, #560]	@ (34185124 <_malloc_r+0x300>)
34184ef2:	428b      	cmp	r3, r1
34184ef4:	f000 80e9 	beq.w	341850ca <_malloc_r+0x2a6>
34184ef8:	685e      	ldr	r6, [r3, #4]
34184efa:	f026 0603 	bic.w	r6, r6, #3
34184efe:	1ab1      	subs	r1, r6, r2
34184f00:	290f      	cmp	r1, #15
34184f02:	f300 8183 	bgt.w	3418520c <_malloc_r+0x3e8>
34184f06:	4887      	ldr	r0, [pc, #540]	@ (34185124 <_malloc_r+0x300>)
34184f08:	2900      	cmp	r1, #0
34184f0a:	e9c4 0004 	strd	r0, r0, [r4, #16]
34184f0e:	f280 8170 	bge.w	341851f2 <_malloc_r+0x3ce>
34184f12:	f5b6 7f00 	cmp.w	r6, #512	@ 0x200
34184f16:	6867      	ldr	r7, [r4, #4]
34184f18:	f080 8110 	bcs.w	3418513c <_malloc_r+0x318>
34184f1c:	08f1      	lsrs	r1, r6, #3
34184f1e:	2001      	movs	r0, #1
34184f20:	0976      	lsrs	r6, r6, #5
34184f22:	3101      	adds	r1, #1
34184f24:	40b0      	lsls	r0, r6
34184f26:	f854 5031 	ldr.w	r5, [r4, r1, lsl #3]
34184f2a:	4307      	orrs	r7, r0
34184f2c:	eb04 00c1 	add.w	r0, r4, r1, lsl #3
34184f30:	3808      	subs	r0, #8
34184f32:	6067      	str	r7, [r4, #4]
34184f34:	e9c3 5002 	strd	r5, r0, [r3, #8]
34184f38:	f844 3031 	str.w	r3, [r4, r1, lsl #3]
34184f3c:	60eb      	str	r3, [r5, #12]
34184f3e:	ea4f 03ae 	mov.w	r3, lr, asr #2
34184f42:	2601      	movs	r6, #1
34184f44:	409e      	lsls	r6, r3
34184f46:	42be      	cmp	r6, r7
34184f48:	d82b      	bhi.n	34184fa2 <_malloc_r+0x17e>
34184f4a:	423e      	tst	r6, r7
34184f4c:	d106      	bne.n	34184f5c <_malloc_r+0x138>
34184f4e:	f02e 0e03 	bic.w	lr, lr, #3
34184f52:	0076      	lsls	r6, r6, #1
34184f54:	f10e 0e04 	add.w	lr, lr, #4
34184f58:	423e      	tst	r6, r7
34184f5a:	d0fa      	beq.n	34184f52 <_malloc_r+0x12e>
34184f5c:	eb04 0ace 	add.w	sl, r4, lr, lsl #3
34184f60:	46f1      	mov	r9, lr
34184f62:	eb04 07ce 	add.w	r7, r4, lr, lsl #3
34184f66:	68f9      	ldr	r1, [r7, #12]
34184f68:	e00c      	b.n	34184f84 <_malloc_r+0x160>
34184f6a:	6848      	ldr	r0, [r1, #4]
34184f6c:	460b      	mov	r3, r1
34184f6e:	68c9      	ldr	r1, [r1, #12]
34184f70:	f020 0c03 	bic.w	ip, r0, #3
34184f74:	ebac 0502 	sub.w	r5, ip, r2
34184f78:	2d0f      	cmp	r5, #15
34184f7a:	f300 810c 	bgt.w	34185196 <_malloc_r+0x372>
34184f7e:	2d00      	cmp	r5, #0
34184f80:	f280 8122 	bge.w	341851c8 <_malloc_r+0x3a4>
34184f84:	428f      	cmp	r7, r1
34184f86:	d1f0      	bne.n	34184f6a <_malloc_r+0x146>
34184f88:	f109 0301 	add.w	r3, r9, #1
34184f8c:	3708      	adds	r7, #8
34184f8e:	0798      	lsls	r0, r3, #30
34184f90:	4699      	mov	r9, r3
34184f92:	d1e8      	bne.n	34184f66 <_malloc_r+0x142>
34184f94:	e174      	b.n	34185280 <_malloc_r+0x45c>
34184f96:	f44f 7300 	mov.w	r3, #512	@ 0x200
34184f9a:	f04f 0e40 	mov.w	lr, #64	@ 0x40
34184f9e:	263f      	movs	r6, #63	@ 0x3f
34184fa0:	e78f      	b.n	34184ec2 <_malloc_r+0x9e>
34184fa2:	68a7      	ldr	r7, [r4, #8]
34184fa4:	6879      	ldr	r1, [r7, #4]
34184fa6:	f021 0603 	bic.w	r6, r1, #3
34184faa:	4296      	cmp	r6, r2
34184fac:	eba6 0002 	sub.w	r0, r6, r2
34184fb0:	d302      	bcc.n	34184fb8 <_malloc_r+0x194>
34184fb2:	280f      	cmp	r0, #15
34184fb4:	f300 808b 	bgt.w	341850ce <_malloc_r+0x2aa>
34184fb8:	495b      	ldr	r1, [pc, #364]	@ (34185128 <_malloc_r+0x304>)
34184fba:	2008      	movs	r0, #8
34184fbc:	6809      	ldr	r1, [r1, #0]
34184fbe:	3110      	adds	r1, #16
34184fc0:	4411      	add	r1, r2
34184fc2:	e9cd 1200 	strd	r1, r2, [sp]
34184fc6:	f003 f88b 	bl	341880e0 <sysconf>
34184fca:	9900      	ldr	r1, [sp, #0]
34184fcc:	4603      	mov	r3, r0
34184fce:	4682      	mov	sl, r0
34184fd0:	1e48      	subs	r0, r1, #1
34184fd2:	425d      	negs	r5, r3
34184fd4:	4418      	add	r0, r3
34184fd6:	4b55      	ldr	r3, [pc, #340]	@ (3418512c <_malloc_r+0x308>)
34184fd8:	4005      	ands	r5, r0
34184fda:	6818      	ldr	r0, [r3, #0]
34184fdc:	f1b0 3fff 	cmp.w	r0, #4294967295	@ 0xffffffff
34184fe0:	bf18      	it	ne
34184fe2:	4629      	movne	r1, r5
34184fe4:	4640      	mov	r0, r8
34184fe6:	9100      	str	r1, [sp, #0]
34184fe8:	f003 f854 	bl	34188094 <_sbrk_r>
34184fec:	1c41      	adds	r1, r0, #1
34184fee:	4605      	mov	r5, r0
34184ff0:	e9dd 1200 	ldrd	r1, r2, [sp]
34184ff4:	f000 8127 	beq.w	34185246 <_malloc_r+0x422>
34184ff8:	eb07 0c06 	add.w	ip, r7, r6
34184ffc:	4584      	cmp	ip, r0
34184ffe:	f200 8120 	bhi.w	34185242 <_malloc_r+0x41e>
34185002:	f8df 9134 	ldr.w	r9, [pc, #308]	@ 34185138 <_malloc_r+0x314>
34185006:	f10a 3eff 	add.w	lr, sl, #4294967295	@ 0xffffffff
3418500a:	f8d9 0000 	ldr.w	r0, [r9]
3418500e:	4408      	add	r0, r1
34185010:	f8c9 0000 	str.w	r0, [r9]
34185014:	f000 8183 	beq.w	3418531e <_malloc_r+0x4fa>
34185018:	4b44      	ldr	r3, [pc, #272]	@ (3418512c <_malloc_r+0x308>)
3418501a:	681b      	ldr	r3, [r3, #0]
3418501c:	3301      	adds	r3, #1
3418501e:	f000 8188 	beq.w	34185332 <_malloc_r+0x50e>
34185022:	eba5 0c0c 	sub.w	ip, r5, ip
34185026:	4460      	add	r0, ip
34185028:	f8c9 0000 	str.w	r0, [r9]
3418502c:	f015 0307 	ands.w	r3, r5, #7
34185030:	e9cd 2901 	strd	r2, r9, [sp, #4]
34185034:	469b      	mov	fp, r3
34185036:	f000 813f 	beq.w	341852b8 <_malloc_r+0x494>
3418503a:	f1c3 0008 	rsb	r0, r3, #8
3418503e:	4405      	add	r5, r0
34185040:	eb0a 0c00 	add.w	ip, sl, r0
34185044:	4640      	mov	r0, r8
34185046:	186b      	adds	r3, r5, r1
34185048:	ea03 010e 	and.w	r1, r3, lr
3418504c:	469a      	mov	sl, r3
3418504e:	ebac 0101 	sub.w	r1, ip, r1
34185052:	ea01 030e 	and.w	r3, r1, lr
34185056:	4619      	mov	r1, r3
34185058:	9300      	str	r3, [sp, #0]
3418505a:	f003 f81b 	bl	34188094 <_sbrk_r>
3418505e:	1c42      	adds	r2, r0, #1
34185060:	e9dd 2901 	ldrd	r2, r9, [sp, #4]
34185064:	f000 8180 	beq.w	34185368 <_malloc_r+0x544>
34185068:	1b41      	subs	r1, r0, r5
3418506a:	9b00      	ldr	r3, [sp, #0]
3418506c:	f8d9 0000 	ldr.w	r0, [r9]
34185070:	42a7      	cmp	r7, r4
34185072:	4419      	add	r1, r3
34185074:	60a5      	str	r5, [r4, #8]
34185076:	4418      	add	r0, r3
34185078:	f041 0101 	orr.w	r1, r1, #1
3418507c:	f8c9 0000 	str.w	r0, [r9]
34185080:	6069      	str	r1, [r5, #4]
34185082:	d016      	beq.n	341850b2 <_malloc_r+0x28e>
34185084:	2e0f      	cmp	r6, #15
34185086:	f240 8157 	bls.w	34185338 <_malloc_r+0x514>
3418508a:	f1a6 010c 	sub.w	r1, r6, #12
3418508e:	2605      	movs	r6, #5
34185090:	f021 0c07 	bic.w	ip, r1, #7
34185094:	6879      	ldr	r1, [r7, #4]
34185096:	f001 0101 	and.w	r1, r1, #1
3418509a:	f1bc 0f0f 	cmp.w	ip, #15
3418509e:	ea41 010c 	orr.w	r1, r1, ip
341850a2:	6079      	str	r1, [r7, #4]
341850a4:	eb07 010c 	add.w	r1, r7, ip
341850a8:	e9c1 6601 	strd	r6, r6, [r1, #4]
341850ac:	f200 8163 	bhi.w	34185376 <_malloc_r+0x552>
341850b0:	6869      	ldr	r1, [r5, #4]
341850b2:	4b1f      	ldr	r3, [pc, #124]	@ (34185130 <_malloc_r+0x30c>)
341850b4:	681e      	ldr	r6, [r3, #0]
341850b6:	4286      	cmp	r6, r0
341850b8:	bf38      	it	cc
341850ba:	6018      	strcc	r0, [r3, #0]
341850bc:	4b1d      	ldr	r3, [pc, #116]	@ (34185134 <_malloc_r+0x310>)
341850be:	681e      	ldr	r6, [r3, #0]
341850c0:	4286      	cmp	r6, r0
341850c2:	d200      	bcs.n	341850c6 <_malloc_r+0x2a2>
341850c4:	6018      	str	r0, [r3, #0]
341850c6:	462f      	mov	r7, r5
341850c8:	e0bf      	b.n	3418524a <_malloc_r+0x426>
341850ca:	6867      	ldr	r7, [r4, #4]
341850cc:	e737      	b.n	34184f3e <_malloc_r+0x11a>
341850ce:	18bd      	adds	r5, r7, r2
341850d0:	f042 0201 	orr.w	r2, r2, #1
341850d4:	f040 0101 	orr.w	r1, r0, #1
341850d8:	4640      	mov	r0, r8
341850da:	607a      	str	r2, [r7, #4]
341850dc:	60a5      	str	r5, [r4, #8]
341850de:	f107 0408 	add.w	r4, r7, #8
341850e2:	6069      	str	r1, [r5, #4]
341850e4:	f002 fa4c 	bl	34187580 <__malloc_unlock>
341850e8:	4620      	mov	r0, r4
341850ea:	b005      	add	sp, #20
341850ec:	e8bd 8ff0 	ldmia.w	sp!, {r4, r5, r6, r7, r8, r9, sl, fp, pc}
341850f0:	68ba      	ldr	r2, [r7, #8]
341850f2:	4439      	add	r1, r7
341850f4:	f107 0408 	add.w	r4, r7, #8
341850f8:	4640      	mov	r0, r8
341850fa:	60d3      	str	r3, [r2, #12]
341850fc:	609a      	str	r2, [r3, #8]
341850fe:	684a      	ldr	r2, [r1, #4]
34185100:	f042 0201 	orr.w	r2, r2, #1
34185104:	604a      	str	r2, [r1, #4]
34185106:	f002 fa3b 	bl	34187580 <__malloc_unlock>
3418510a:	4620      	mov	r0, r4
3418510c:	b005      	add	sp, #20
3418510e:	e8bd 8ff0 	ldmia.w	sp!, {r4, r5, r6, r7, r8, r9, sl, fp, pc}
34185112:	68cd      	ldr	r5, [r1, #12]
34185114:	42a9      	cmp	r1, r5
34185116:	f47f ae9d 	bne.w	34184e54 <_malloc_r+0x30>
3418511a:	f10e 0e02 	add.w	lr, lr, #2
3418511e:	e6e6      	b.n	34184eee <_malloc_r+0xca>
34185120:	341c0238 	.word	0x341c0238
34185124:	341c0240 	.word	0x341c0240
34185128:	341c0be0 	.word	0x341c0be0
3418512c:	341c022c 	.word	0x341c022c
34185130:	341c0bdc 	.word	0x341c0bdc
34185134:	341c0bd8 	.word	0x341c0bd8
34185138:	341c0bb0 	.word	0x341c0bb0
3418513c:	f5b6 6f20 	cmp.w	r6, #2560	@ 0xa00
34185140:	ea4f 2056 	mov.w	r0, r6, lsr #9
34185144:	d377      	bcc.n	34185236 <_malloc_r+0x412>
34185146:	2814      	cmp	r0, #20
34185148:	f200 80cc 	bhi.w	341852e4 <_malloc_r+0x4c0>
3418514c:	f100 015c 	add.w	r1, r0, #92	@ 0x5c
34185150:	305b      	adds	r0, #91	@ 0x5b
34185152:	00c9      	lsls	r1, r1, #3
34185154:	1865      	adds	r5, r4, r1
34185156:	5861      	ldr	r1, [r4, r1]
34185158:	3d08      	subs	r5, #8
3418515a:	428d      	cmp	r5, r1
3418515c:	d103      	bne.n	34185166 <_malloc_r+0x342>
3418515e:	e0a4      	b.n	341852aa <_malloc_r+0x486>
34185160:	6889      	ldr	r1, [r1, #8]
34185162:	428d      	cmp	r5, r1
34185164:	d004      	beq.n	34185170 <_malloc_r+0x34c>
34185166:	6848      	ldr	r0, [r1, #4]
34185168:	f020 0003 	bic.w	r0, r0, #3
3418516c:	42b0      	cmp	r0, r6
3418516e:	d8f7      	bhi.n	34185160 <_malloc_r+0x33c>
34185170:	68cd      	ldr	r5, [r1, #12]
34185172:	e9c3 1502 	strd	r1, r5, [r3, #8]
34185176:	60ab      	str	r3, [r5, #8]
34185178:	60cb      	str	r3, [r1, #12]
3418517a:	e6e0      	b.n	34184f3e <_malloc_r+0x11a>
3418517c:	2b14      	cmp	r3, #20
3418517e:	d971      	bls.n	34185264 <_malloc_r+0x440>
34185180:	2b54      	cmp	r3, #84	@ 0x54
34185182:	f200 80b7 	bhi.w	341852f4 <_malloc_r+0x4d0>
34185186:	0b13      	lsrs	r3, r2, #12
34185188:	f103 0e6f 	add.w	lr, r3, #111	@ 0x6f
3418518c:	f103 066e 	add.w	r6, r3, #110	@ 0x6e
34185190:	ea4f 03ce 	mov.w	r3, lr, lsl #3
34185194:	e695      	b.n	34184ec2 <_malloc_r+0x9e>
34185196:	189e      	adds	r6, r3, r2
34185198:	f042 0201 	orr.w	r2, r2, #1
3418519c:	689f      	ldr	r7, [r3, #8]
3418519e:	4640      	mov	r0, r8
341851a0:	605a      	str	r2, [r3, #4]
341851a2:	4a87      	ldr	r2, [pc, #540]	@ (341853c0 <_malloc_r+0x59c>)
341851a4:	60f9      	str	r1, [r7, #12]
341851a6:	608f      	str	r7, [r1, #8]
341851a8:	9300      	str	r3, [sp, #0]
341851aa:	e9c4 6604 	strd	r6, r6, [r4, #16]
341851ae:	e9c6 2202 	strd	r2, r2, [r6, #8]
341851b2:	f045 0201 	orr.w	r2, r5, #1
341851b6:	6072      	str	r2, [r6, #4]
341851b8:	f843 500c 	str.w	r5, [r3, ip]
341851bc:	f002 f9e0 	bl	34187580 <__malloc_unlock>
341851c0:	9b00      	ldr	r3, [sp, #0]
341851c2:	f103 0408 	add.w	r4, r3, #8
341851c6:	e65e      	b.n	34184e86 <_malloc_r+0x62>
341851c8:	449c      	add	ip, r3
341851ca:	461c      	mov	r4, r3
341851cc:	4640      	mov	r0, r8
341851ce:	f8dc 3004 	ldr.w	r3, [ip, #4]
341851d2:	f043 0301 	orr.w	r3, r3, #1
341851d6:	f8cc 3004 	str.w	r3, [ip, #4]
341851da:	f854 3f08 	ldr.w	r3, [r4, #8]!
341851de:	60d9      	str	r1, [r3, #12]
341851e0:	608b      	str	r3, [r1, #8]
341851e2:	f002 f9cd 	bl	34187580 <__malloc_unlock>
341851e6:	e64e      	b.n	34184e86 <_malloc_r+0x62>
341851e8:	ea4f 0ed2 	mov.w	lr, r2, lsr #3
341851ec:	f102 0108 	add.w	r1, r2, #8
341851f0:	e628      	b.n	34184e44 <_malloc_r+0x20>
341851f2:	441e      	add	r6, r3
341851f4:	4640      	mov	r0, r8
341851f6:	9300      	str	r3, [sp, #0]
341851f8:	6872      	ldr	r2, [r6, #4]
341851fa:	f042 0201 	orr.w	r2, r2, #1
341851fe:	6072      	str	r2, [r6, #4]
34185200:	f002 f9be 	bl	34187580 <__malloc_unlock>
34185204:	9b00      	ldr	r3, [sp, #0]
34185206:	f103 0408 	add.w	r4, r3, #8
3418520a:	e63c      	b.n	34184e86 <_malloc_r+0x62>
3418520c:	189d      	adds	r5, r3, r2
3418520e:	f042 0201 	orr.w	r2, r2, #1
34185212:	4640      	mov	r0, r8
34185214:	9300      	str	r3, [sp, #0]
34185216:	605a      	str	r2, [r3, #4]
34185218:	4a69      	ldr	r2, [pc, #420]	@ (341853c0 <_malloc_r+0x59c>)
3418521a:	e9c4 5504 	strd	r5, r5, [r4, #16]
3418521e:	e9c5 2202 	strd	r2, r2, [r5, #8]
34185222:	f041 0201 	orr.w	r2, r1, #1
34185226:	606a      	str	r2, [r5, #4]
34185228:	5199      	str	r1, [r3, r6]
3418522a:	f002 f9a9 	bl	34187580 <__malloc_unlock>
3418522e:	9b00      	ldr	r3, [sp, #0]
34185230:	f103 0408 	add.w	r4, r3, #8
34185234:	e627      	b.n	34184e86 <_malloc_r+0x62>
34185236:	09b0      	lsrs	r0, r6, #6
34185238:	f100 0139 	add.w	r1, r0, #57	@ 0x39
3418523c:	3038      	adds	r0, #56	@ 0x38
3418523e:	00c9      	lsls	r1, r1, #3
34185240:	e788      	b.n	34185154 <_malloc_r+0x330>
34185242:	42a7      	cmp	r7, r4
34185244:	d061      	beq.n	3418530a <_malloc_r+0x4e6>
34185246:	68a7      	ldr	r7, [r4, #8]
34185248:	6879      	ldr	r1, [r7, #4]
3418524a:	f021 0103 	bic.w	r1, r1, #3
3418524e:	4291      	cmp	r1, r2
34185250:	eba1 0002 	sub.w	r0, r1, r2
34185254:	d302      	bcc.n	3418525c <_malloc_r+0x438>
34185256:	280f      	cmp	r0, #15
34185258:	f73f af39 	bgt.w	341850ce <_malloc_r+0x2aa>
3418525c:	4640      	mov	r0, r8
3418525e:	f002 f98f 	bl	34187580 <__malloc_unlock>
34185262:	e60f      	b.n	34184e84 <_malloc_r+0x60>
34185264:	f103 0e5c 	add.w	lr, r3, #92	@ 0x5c
34185268:	f103 065b 	add.w	r6, r3, #91	@ 0x5b
3418526c:	ea4f 03ce 	mov.w	r3, lr, lsl #3
34185270:	e627      	b.n	34184ec2 <_malloc_r+0x9e>
34185272:	4651      	mov	r1, sl
34185274:	f851 3908 	ldr.w	r3, [r1], #-8
34185278:	428b      	cmp	r3, r1
3418527a:	468a      	mov	sl, r1
3418527c:	f040 809e 	bne.w	341853bc <_malloc_r+0x598>
34185280:	f01e 0f03 	tst.w	lr, #3
34185284:	f10e 3eff 	add.w	lr, lr, #4294967295	@ 0xffffffff
34185288:	d1f3      	bne.n	34185272 <_malloc_r+0x44e>
3418528a:	6863      	ldr	r3, [r4, #4]
3418528c:	ea23 0306 	bic.w	r3, r3, r6
34185290:	6063      	str	r3, [r4, #4]
34185292:	0076      	lsls	r6, r6, #1
34185294:	1e71      	subs	r1, r6, #1
34185296:	4299      	cmp	r1, r3
34185298:	d303      	bcc.n	341852a2 <_malloc_r+0x47e>
3418529a:	e682      	b.n	34184fa2 <_malloc_r+0x17e>
3418529c:	0076      	lsls	r6, r6, #1
3418529e:	f109 0904 	add.w	r9, r9, #4
341852a2:	421e      	tst	r6, r3
341852a4:	d0fa      	beq.n	3418529c <_malloc_r+0x478>
341852a6:	46ce      	mov	lr, r9
341852a8:	e658      	b.n	34184f5c <_malloc_r+0x138>
341852aa:	1080      	asrs	r0, r0, #2
341852ac:	2601      	movs	r6, #1
341852ae:	fa06 f000 	lsl.w	r0, r6, r0
341852b2:	4307      	orrs	r7, r0
341852b4:	6067      	str	r7, [r4, #4]
341852b6:	e75c      	b.n	34185172 <_malloc_r+0x34e>
341852b8:	186b      	adds	r3, r5, r1
341852ba:	4640      	mov	r0, r8
341852bc:	ea03 010e 	and.w	r1, r3, lr
341852c0:	9303      	str	r3, [sp, #12]
341852c2:	ebaa 0101 	sub.w	r1, sl, r1
341852c6:	ea01 030e 	and.w	r3, r1, lr
341852ca:	4619      	mov	r1, r3
341852cc:	9300      	str	r3, [sp, #0]
341852ce:	f002 fee1 	bl	34188094 <_sbrk_r>
341852d2:	1c43      	adds	r3, r0, #1
341852d4:	e9dd 2901 	ldrd	r2, r9, [sp, #4]
341852d8:	f47f aec6 	bne.w	34185068 <_malloc_r+0x244>
341852dc:	9803      	ldr	r0, [sp, #12]
341852de:	f8cd b000 	str.w	fp, [sp]
341852e2:	e6c1      	b.n	34185068 <_malloc_r+0x244>
341852e4:	2854      	cmp	r0, #84	@ 0x54
341852e6:	d82a      	bhi.n	3418533e <_malloc_r+0x51a>
341852e8:	0b30      	lsrs	r0, r6, #12
341852ea:	f100 016f 	add.w	r1, r0, #111	@ 0x6f
341852ee:	306e      	adds	r0, #110	@ 0x6e
341852f0:	00c9      	lsls	r1, r1, #3
341852f2:	e72f      	b.n	34185154 <_malloc_r+0x330>
341852f4:	f5b3 7faa 	cmp.w	r3, #340	@ 0x154
341852f8:	d82a      	bhi.n	34185350 <_malloc_r+0x52c>
341852fa:	0bd3      	lsrs	r3, r2, #15
341852fc:	f103 0e78 	add.w	lr, r3, #120	@ 0x78
34185300:	f103 0677 	add.w	r6, r3, #119	@ 0x77
34185304:	ea4f 03ce 	mov.w	r3, lr, lsl #3
34185308:	e5db      	b.n	34184ec2 <_malloc_r+0x9e>
3418530a:	f8df 90bc 	ldr.w	r9, [pc, #188]	@ 341853c8 <_malloc_r+0x5a4>
3418530e:	f10a 3eff 	add.w	lr, sl, #4294967295	@ 0xffffffff
34185312:	f8d9 0000 	ldr.w	r0, [r9]
34185316:	4408      	add	r0, r1
34185318:	f8c9 0000 	str.w	r0, [r9]
3418531c:	e67c      	b.n	34185018 <_malloc_r+0x1f4>
3418531e:	ea15 0f0e 	tst.w	r5, lr
34185322:	f47f ae79 	bne.w	34185018 <_malloc_r+0x1f4>
34185326:	4431      	add	r1, r6
34185328:	68a5      	ldr	r5, [r4, #8]
3418532a:	f041 0101 	orr.w	r1, r1, #1
3418532e:	6069      	str	r1, [r5, #4]
34185330:	e6bf      	b.n	341850b2 <_malloc_r+0x28e>
34185332:	4b24      	ldr	r3, [pc, #144]	@ (341853c4 <_malloc_r+0x5a0>)
34185334:	601d      	str	r5, [r3, #0]
34185336:	e679      	b.n	3418502c <_malloc_r+0x208>
34185338:	2301      	movs	r3, #1
3418533a:	606b      	str	r3, [r5, #4]
3418533c:	e78e      	b.n	3418525c <_malloc_r+0x438>
3418533e:	f5b0 7faa 	cmp.w	r0, #340	@ 0x154
34185342:	d827      	bhi.n	34185394 <_malloc_r+0x570>
34185344:	0bf0      	lsrs	r0, r6, #15
34185346:	f100 0178 	add.w	r1, r0, #120	@ 0x78
3418534a:	3077      	adds	r0, #119	@ 0x77
3418534c:	00c9      	lsls	r1, r1, #3
3418534e:	e701      	b.n	34185154 <_malloc_r+0x330>
34185350:	f240 5154 	movw	r1, #1364	@ 0x554
34185354:	428b      	cmp	r3, r1
34185356:	d827      	bhi.n	341853a8 <_malloc_r+0x584>
34185358:	0c93      	lsrs	r3, r2, #18
3418535a:	f103 0e7d 	add.w	lr, r3, #125	@ 0x7d
3418535e:	f103 067c 	add.w	r6, r3, #124	@ 0x7c
34185362:	ea4f 03ce 	mov.w	r3, lr, lsl #3
34185366:	e5ac      	b.n	34184ec2 <_malloc_r+0x9e>
34185368:	f1ab 0108 	sub.w	r1, fp, #8
3418536c:	2300      	movs	r3, #0
3418536e:	eb0a 0001 	add.w	r0, sl, r1
34185372:	9300      	str	r3, [sp, #0]
34185374:	e678      	b.n	34185068 <_malloc_r+0x244>
34185376:	f107 0108 	add.w	r1, r7, #8
3418537a:	4640      	mov	r0, r8
3418537c:	e9cd 2900 	strd	r2, r9, [sp]
34185380:	f7ff fc4c 	bl	34184c1c <_free_r>
34185384:	68a5      	ldr	r5, [r4, #8]
34185386:	f8dd 9004 	ldr.w	r9, [sp, #4]
3418538a:	6869      	ldr	r1, [r5, #4]
3418538c:	f8d9 0000 	ldr.w	r0, [r9]
34185390:	9a00      	ldr	r2, [sp, #0]
34185392:	e68e      	b.n	341850b2 <_malloc_r+0x28e>
34185394:	f240 5154 	movw	r1, #1364	@ 0x554
34185398:	4288      	cmp	r0, r1
3418539a:	d80b      	bhi.n	341853b4 <_malloc_r+0x590>
3418539c:	0cb0      	lsrs	r0, r6, #18
3418539e:	f100 017d 	add.w	r1, r0, #125	@ 0x7d
341853a2:	307c      	adds	r0, #124	@ 0x7c
341853a4:	00c9      	lsls	r1, r1, #3
341853a6:	e6d5      	b.n	34185154 <_malloc_r+0x330>
341853a8:	f44f 737e 	mov.w	r3, #1016	@ 0x3f8
341853ac:	f04f 0e7f 	mov.w	lr, #127	@ 0x7f
341853b0:	267e      	movs	r6, #126	@ 0x7e
341853b2:	e586      	b.n	34184ec2 <_malloc_r+0x9e>
341853b4:	f44f 717e 	mov.w	r1, #1016	@ 0x3f8
341853b8:	207e      	movs	r0, #126	@ 0x7e
341853ba:	e6cb      	b.n	34185154 <_malloc_r+0x330>
341853bc:	6863      	ldr	r3, [r4, #4]
341853be:	e768      	b.n	34185292 <_malloc_r+0x46e>
341853c0:	341c0240 	.word	0x341c0240
341853c4:	341c022c 	.word	0x341c022c
341853c8:	341c0bb0 	.word	0x341c0bb0
341853cc:	00000000 	.word	0x00000000

341853d0 <_vfprintf_r>:
341853d0:	e92d 4ff0 	stmdb	sp!, {r4, r5, r6, r7, r8, r9, sl, fp, lr}
341853d4:	ed2d 8b02 	vpush	{d8}
341853d8:	b0d3      	sub	sp, #332	@ 0x14c
341853da:	461c      	mov	r4, r3
341853dc:	4683      	mov	fp, r0
341853de:	9103      	str	r1, [sp, #12]
341853e0:	f10d 0988 	add.w	r9, sp, #136	@ 0x88
341853e4:	9206      	str	r2, [sp, #24]
341853e6:	930b      	str	r3, [sp, #44]	@ 0x2c
341853e8:	f002 fe16 	bl	34188018 <_localeconv_r>
341853ec:	6803      	ldr	r3, [r0, #0]
341853ee:	4618      	mov	r0, r3
341853f0:	9312      	str	r3, [sp, #72]	@ 0x48
341853f2:	f7ff fb43 	bl	34184a7c <strlen>
341853f6:	2208      	movs	r2, #8
341853f8:	9011      	str	r0, [sp, #68]	@ 0x44
341853fa:	2100      	movs	r1, #0
341853fc:	4648      	mov	r0, r9
341853fe:	f7ff fa3b 	bl	34184878 <memset>
34185402:	f1bb 0f00 	cmp.w	fp, #0
34185406:	d004      	beq.n	34185412 <_vfprintf_r+0x42>
34185408:	f8db 3034 	ldr.w	r3, [fp, #52]	@ 0x34
3418540c:	2b00      	cmp	r3, #0
3418540e:	f001 814b 	beq.w	341866a8 <_vfprintf_r+0x12d8>
34185412:	9b03      	ldr	r3, [sp, #12]
34185414:	6e5a      	ldr	r2, [r3, #100]	@ 0x64
34185416:	f9b3 300c 	ldrsh.w	r3, [r3, #12]
3418541a:	07d0      	lsls	r0, r2, #31
3418541c:	f140 813a 	bpl.w	34185694 <_vfprintf_r+0x2c4>
34185420:	0499      	lsls	r1, r3, #18
34185422:	f100 8712 	bmi.w	3418624a <_vfprintf_r+0xe7a>
34185426:	9903      	ldr	r1, [sp, #12]
34185428:	f443 5300 	orr.w	r3, r3, #8192	@ 0x2000
3418542c:	f422 5200 	bic.w	r2, r2, #8192	@ 0x2000
34185430:	818b      	strh	r3, [r1, #12]
34185432:	664a      	str	r2, [r1, #100]	@ 0x64
34185434:	0493      	lsls	r3, r2, #18
34185436:	f101 873f 	bmi.w	341872b8 <_vfprintf_r+0x1ee8>
3418543a:	9b03      	ldr	r3, [sp, #12]
3418543c:	f9b3 300c 	ldrsh.w	r3, [r3, #12]
34185440:	071d      	lsls	r5, r3, #28
34185442:	f140 80b0 	bpl.w	341855a6 <_vfprintf_r+0x1d6>
34185446:	9a03      	ldr	r2, [sp, #12]
34185448:	6912      	ldr	r2, [r2, #16]
3418544a:	2a00      	cmp	r2, #0
3418544c:	f000 80ab 	beq.w	341855a6 <_vfprintf_r+0x1d6>
34185450:	f003 021a 	and.w	r2, r3, #26
34185454:	2a0a      	cmp	r2, #10
34185456:	f000 80b5 	beq.w	341855c4 <_vfprintf_r+0x1f4>
3418545a:	aa29      	add	r2, sp, #164	@ 0xa4
3418545c:	2300      	movs	r3, #0
3418545e:	ed9f 8b98 	vldr	d8, [pc, #608]	@ 341856c0 <_vfprintf_r+0x2f0>
34185462:	4617      	mov	r7, r2
34185464:	930f      	str	r3, [sp, #60]	@ 0x3c
34185466:	9226      	str	r2, [sp, #152]	@ 0x98
34185468:	9313      	str	r3, [sp, #76]	@ 0x4c
3418546a:	9316      	str	r3, [sp, #88]	@ 0x58
3418546c:	9307      	str	r3, [sp, #28]
3418546e:	e9cd 3327 	strd	r3, r3, [sp, #156]	@ 0x9c
34185472:	e9cd 3314 	strd	r3, r3, [sp, #80]	@ 0x50
34185476:	9d06      	ldr	r5, [sp, #24]
34185478:	4b93      	ldr	r3, [pc, #588]	@ (341856c8 <_vfprintf_r+0x2f8>)
3418547a:	f8d3 41cc 	ldr.w	r4, [r3, #460]	@ 0x1cc
3418547e:	f002 fdc5 	bl	3418800c <__locale_mb_cur_max>
34185482:	462a      	mov	r2, r5
34185484:	4603      	mov	r3, r0
34185486:	a91c      	add	r1, sp, #112	@ 0x70
34185488:	4658      	mov	r0, fp
3418548a:	f8cd 9000 	str.w	r9, [sp]
3418548e:	47a0      	blx	r4
34185490:	2800      	cmp	r0, #0
34185492:	4603      	mov	r3, r0
34185494:	f000 80b7 	beq.w	34185606 <_vfprintf_r+0x236>
34185498:	f2c0 80ad 	blt.w	341855f6 <_vfprintf_r+0x226>
3418549c:	9a1c      	ldr	r2, [sp, #112]	@ 0x70
3418549e:	2a25      	cmp	r2, #37	@ 0x25
341854a0:	d001      	beq.n	341854a6 <_vfprintf_r+0xd6>
341854a2:	441d      	add	r5, r3
341854a4:	e7e8      	b.n	34185478 <_vfprintf_r+0xa8>
341854a6:	9b06      	ldr	r3, [sp, #24]
341854a8:	4604      	mov	r4, r0
341854aa:	1aee      	subs	r6, r5, r3
341854ac:	f040 80af 	bne.w	3418560e <_vfprintf_r+0x23e>
341854b0:	2300      	movs	r3, #0
341854b2:	786c      	ldrb	r4, [r5, #1]
341854b4:	f04f 3aff 	mov.w	sl, #4294967295	@ 0xffffffff
341854b8:	3501      	adds	r5, #1
341854ba:	f88d 3067 	strb.w	r3, [sp, #103]	@ 0x67
341854be:	9308      	str	r3, [sp, #32]
341854c0:	9302      	str	r3, [sp, #8]
341854c2:	3501      	adds	r5, #1
341854c4:	f1a4 0320 	sub.w	r3, r4, #32
341854c8:	2b5a      	cmp	r3, #90	@ 0x5a
341854ca:	f200 80ff 	bhi.w	341856cc <_vfprintf_r+0x2fc>
341854ce:	e8df f013 	tbh	[pc, r3, lsl #1]
341854d2:	03c5      	.short	0x03c5
341854d4:	00fd00fd 	.word	0x00fd00fd
341854d8:	00fd03bf 	.word	0x00fd03bf
341854dc:	00fd00fd 	.word	0x00fd00fd
341854e0:	00fd03a0 	.word	0x00fd03a0
341854e4:	028800fd 	.word	0x028800fd
341854e8:	00fd0299 	.word	0x00fd0299
341854ec:	03d50293 	.word	0x03d50293
341854f0:	03cf00fd 	.word	0x03cf00fd
341854f4:	005b005b 	.word	0x005b005b
341854f8:	005b005b 	.word	0x005b005b
341854fc:	005b005b 	.word	0x005b005b
34185500:	005b005b 	.word	0x005b005b
34185504:	00fd005b 	.word	0x00fd005b
34185508:	00fd00fd 	.word	0x00fd00fd
3418550c:	00fd00fd 	.word	0x00fd00fd
34185510:	00fd00fd 	.word	0x00fd00fd
34185514:	00fd0173 	.word	0x00fd0173
34185518:	037d01e0 	.word	0x037d01e0
3418551c:	01730173 	.word	0x01730173
34185520:	00fd0173 	.word	0x00fd0173
34185524:	00fd00fd 	.word	0x00fd00fd
34185528:	037700fd 	.word	0x037700fd
3418552c:	00fd00fd 	.word	0x00fd00fd
34185530:	00fd0321 	.word	0x00fd0321
34185534:	00fd00fd 	.word	0x00fd00fd
34185538:	00fd01fc 	.word	0x00fd01fc
3418553c:	00fd0356 	.word	0x00fd0356
34185540:	080300fd 	.word	0x080300fd
34185544:	00fd00fd 	.word	0x00fd00fd
34185548:	00fd00fd 	.word	0x00fd00fd
3418554c:	00fd00fd 	.word	0x00fd00fd
34185550:	00fd00fd 	.word	0x00fd00fd
34185554:	00fd0173 	.word	0x00fd0173
34185558:	01ae01e0 	.word	0x01ae01e0
3418555c:	01730173 	.word	0x01730173
34185560:	03180173 	.word	0x03180173
34185564:	01a801ae 	.word	0x01a801ae
34185568:	02c800fd 	.word	0x02c800fd
3418556c:	030900fd 	.word	0x030900fd
34185570:	029e02db 	.word	0x029e02db
34185574:	00fd01a8 	.word	0x00fd01a8
34185578:	01a601fc 	.word	0x01a601fc
3418557c:	00fd023f 	.word	0x00fd023f
34185580:	082e00fd 	.word	0x082e00fd
34185584:	01a600fd 	.word	0x01a600fd
34185588:	f1a4 0330 	sub.w	r3, r4, #48	@ 0x30
3418558c:	2200      	movs	r2, #0
3418558e:	eb02 0282 	add.w	r2, r2, r2, lsl #2
34185592:	f815 4b01 	ldrb.w	r4, [r5], #1
34185596:	eb03 0242 	add.w	r2, r3, r2, lsl #1
3418559a:	f1a4 0330 	sub.w	r3, r4, #48	@ 0x30
3418559e:	2b09      	cmp	r3, #9
341855a0:	d9f5      	bls.n	3418558e <_vfprintf_r+0x1be>
341855a2:	9208      	str	r2, [sp, #32]
341855a4:	e78e      	b.n	341854c4 <_vfprintf_r+0xf4>
341855a6:	9d03      	ldr	r5, [sp, #12]
341855a8:	4658      	mov	r0, fp
341855aa:	4629      	mov	r1, r5
341855ac:	f002 fbf8 	bl	34187da0 <__swsetup_r>
341855b0:	2800      	cmp	r0, #0
341855b2:	f041 8704 	bne.w	341873be <_vfprintf_r+0x1fee>
341855b6:	f9b5 300c 	ldrsh.w	r3, [r5, #12]
341855ba:	f003 021a 	and.w	r2, r3, #26
341855be:	2a0a      	cmp	r2, #10
341855c0:	f47f af4b 	bne.w	3418545a <_vfprintf_r+0x8a>
341855c4:	9903      	ldr	r1, [sp, #12]
341855c6:	f9b1 200e 	ldrsh.w	r2, [r1, #14]
341855ca:	2a00      	cmp	r2, #0
341855cc:	f6ff af45 	blt.w	3418545a <_vfprintf_r+0x8a>
341855d0:	6e4a      	ldr	r2, [r1, #100]	@ 0x64
341855d2:	07d2      	lsls	r2, r2, #31
341855d4:	d402      	bmi.n	341855dc <_vfprintf_r+0x20c>
341855d6:	059f      	lsls	r7, r3, #22
341855d8:	f141 82ab 	bpl.w	34186b32 <_vfprintf_r+0x1762>
341855dc:	4623      	mov	r3, r4
341855de:	9a06      	ldr	r2, [sp, #24]
341855e0:	9903      	ldr	r1, [sp, #12]
341855e2:	4658      	mov	r0, fp
341855e4:	f001 ff86 	bl	341874f4 <__sbprintf>
341855e8:	9007      	str	r0, [sp, #28]
341855ea:	9807      	ldr	r0, [sp, #28]
341855ec:	b053      	add	sp, #332	@ 0x14c
341855ee:	ecbd 8b02 	vpop	{d8}
341855f2:	e8bd 8ff0 	ldmia.w	sp!, {r4, r5, r6, r7, r8, r9, sl, fp, pc}
341855f6:	2208      	movs	r2, #8
341855f8:	2100      	movs	r1, #0
341855fa:	4648      	mov	r0, r9
341855fc:	f7ff f93c 	bl	34184878 <memset>
34185600:	2301      	movs	r3, #1
34185602:	441d      	add	r5, r3
34185604:	e738      	b.n	34185478 <_vfprintf_r+0xa8>
34185606:	9b06      	ldr	r3, [sp, #24]
34185608:	4604      	mov	r4, r0
3418560a:	1aee      	subs	r6, r5, r3
3418560c:	d011      	beq.n	34185632 <_vfprintf_r+0x262>
3418560e:	9b06      	ldr	r3, [sp, #24]
34185610:	9927      	ldr	r1, [sp, #156]	@ 0x9c
34185612:	e9c7 3600 	strd	r3, r6, [r7]
34185616:	3101      	adds	r1, #1
34185618:	9b28      	ldr	r3, [sp, #160]	@ 0xa0
3418561a:	2907      	cmp	r1, #7
3418561c:	4433      	add	r3, r6
3418561e:	9127      	str	r1, [sp, #156]	@ 0x9c
34185620:	9328      	str	r3, [sp, #160]	@ 0xa0
34185622:	dc10      	bgt.n	34185646 <_vfprintf_r+0x276>
34185624:	3708      	adds	r7, #8
34185626:	9b07      	ldr	r3, [sp, #28]
34185628:	4433      	add	r3, r6
3418562a:	9307      	str	r3, [sp, #28]
3418562c:	2c00      	cmp	r4, #0
3418562e:	f47f af3f 	bne.w	341854b0 <_vfprintf_r+0xe0>
34185632:	9b28      	ldr	r3, [sp, #160]	@ 0xa0
34185634:	2b00      	cmp	r3, #0
34185636:	f041 8264 	bne.w	34186b02 <_vfprintf_r+0x1732>
3418563a:	2200      	movs	r2, #0
3418563c:	9b03      	ldr	r3, [sp, #12]
3418563e:	9227      	str	r2, [sp, #156]	@ 0x9c
34185640:	f9b3 300c 	ldrsh.w	r3, [r3, #12]
34185644:	e018      	b.n	34185678 <_vfprintf_r+0x2a8>
34185646:	aa26      	add	r2, sp, #152	@ 0x98
34185648:	9903      	ldr	r1, [sp, #12]
3418564a:	4658      	mov	r0, fp
3418564c:	f002 faec 	bl	34187c28 <__sprint_r>
34185650:	b978      	cbnz	r0, 34185672 <_vfprintf_r+0x2a2>
34185652:	af29      	add	r7, sp, #164	@ 0xa4
34185654:	e7e7      	b.n	34185626 <_vfprintf_r+0x256>
34185656:	aa26      	add	r2, sp, #152	@ 0x98
34185658:	9903      	ldr	r1, [sp, #12]
3418565a:	4658      	mov	r0, fp
3418565c:	f002 fae4 	bl	34187c28 <__sprint_r>
34185660:	2800      	cmp	r0, #0
34185662:	f000 809f 	beq.w	341857a4 <_vfprintf_r+0x3d4>
34185666:	9b09      	ldr	r3, [sp, #36]	@ 0x24
34185668:	b11b      	cbz	r3, 34185672 <_vfprintf_r+0x2a2>
3418566a:	9909      	ldr	r1, [sp, #36]	@ 0x24
3418566c:	4658      	mov	r0, fp
3418566e:	f7ff fad5 	bl	34184c1c <_free_r>
34185672:	9b03      	ldr	r3, [sp, #12]
34185674:	f9b3 300c 	ldrsh.w	r3, [r3, #12]
34185678:	9a03      	ldr	r2, [sp, #12]
3418567a:	6e52      	ldr	r2, [r2, #100]	@ 0x64
3418567c:	07d4      	lsls	r4, r2, #31
3418567e:	f140 80c4 	bpl.w	3418580a <_vfprintf_r+0x43a>
34185682:	065a      	lsls	r2, r3, #25
34185684:	f101 861b 	bmi.w	341872be <_vfprintf_r+0x1eee>
34185688:	9807      	ldr	r0, [sp, #28]
3418568a:	b053      	add	sp, #332	@ 0x14c
3418568c:	ecbd 8b02 	vpop	{d8}
34185690:	e8bd 8ff0 	ldmia.w	sp!, {r4, r5, r6, r7, r8, r9, sl, fp, pc}
34185694:	059e      	lsls	r6, r3, #22
34185696:	f140 8150 	bpl.w	3418593a <_vfprintf_r+0x56a>
3418569a:	049d      	lsls	r5, r3, #18
3418569c:	f57f aec3 	bpl.w	34185426 <_vfprintf_r+0x56>
341856a0:	0490      	lsls	r0, r2, #18
341856a2:	f57f aecd 	bpl.w	34185440 <_vfprintf_r+0x70>
341856a6:	9b03      	ldr	r3, [sp, #12]
341856a8:	899b      	ldrh	r3, [r3, #12]
341856aa:	059e      	lsls	r6, r3, #22
341856ac:	f101 8607 	bmi.w	341872be <_vfprintf_r+0x1eee>
341856b0:	9b03      	ldr	r3, [sp, #12]
341856b2:	6d98      	ldr	r0, [r3, #88]	@ 0x58
341856b4:	f7ff f96a 	bl	3418498c <__retarget_lock_release_recursive>
341856b8:	f001 be01 	b.w	341872be <_vfprintf_r+0x1eee>
341856bc:	f3af 8000 	nop.w
	...
341856c8:	341c0640 	.word	0x341c0640
341856cc:	9506      	str	r5, [sp, #24]
341856ce:	2c00      	cmp	r4, #0
341856d0:	d0af      	beq.n	34185632 <_vfprintf_r+0x262>
341856d2:	2300      	movs	r3, #0
341856d4:	2201      	movs	r2, #1
341856d6:	ad39      	add	r5, sp, #228	@ 0xe4
341856d8:	f88d 40e4 	strb.w	r4, [sp, #228]	@ 0xe4
341856dc:	f88d 3067 	strb.w	r3, [sp, #103]	@ 0x67
341856e0:	9309      	str	r3, [sp, #36]	@ 0x24
341856e2:	920a      	str	r2, [sp, #40]	@ 0x28
341856e4:	469a      	mov	sl, r3
341856e6:	9310      	str	r3, [sp, #64]	@ 0x40
341856e8:	9204      	str	r2, [sp, #16]
341856ea:	e9cd 330d 	strd	r3, r3, [sp, #52]	@ 0x34
341856ee:	9902      	ldr	r1, [sp, #8]
341856f0:	9a28      	ldr	r2, [sp, #160]	@ 0xa0
341856f2:	f011 0184 	ands.w	r1, r1, #132	@ 0x84
341856f6:	4696      	mov	lr, r2
341856f8:	910c      	str	r1, [sp, #48]	@ 0x30
341856fa:	f000 83a6 	beq.w	34185e4a <_vfprintf_r+0xa7a>
341856fe:	f89d 3067 	ldrb.w	r3, [sp, #103]	@ 0x67
34185702:	b30b      	cbz	r3, 34185748 <_vfprintf_r+0x378>
34185704:	f8dd c09c 	ldr.w	ip, [sp, #156]	@ 0x9c
34185708:	2600      	movs	r6, #0
3418570a:	f10c 0301 	add.w	r3, ip, #1
3418570e:	2101      	movs	r1, #1
34185710:	3201      	adds	r2, #1
34185712:	6079      	str	r1, [r7, #4]
34185714:	2b07      	cmp	r3, #7
34185716:	f10d 0167 	add.w	r1, sp, #103	@ 0x67
3418571a:	e9cd 3227 	strd	r3, r2, [sp, #156]	@ 0x9c
3418571e:	6039      	str	r1, [r7, #0]
34185720:	f300 8436 	bgt.w	34185f90 <_vfprintf_r+0xbc0>
34185724:	3708      	adds	r7, #8
34185726:	b17e      	cbz	r6, 34185748 <_vfprintf_r+0x378>
34185728:	f8dd c09c 	ldr.w	ip, [sp, #156]	@ 0x9c
3418572c:	f10c 0301 	add.w	r3, ip, #1
34185730:	a91a      	add	r1, sp, #104	@ 0x68
34185732:	3202      	adds	r2, #2
34185734:	6039      	str	r1, [r7, #0]
34185736:	2b07      	cmp	r3, #7
34185738:	f04f 0102 	mov.w	r1, #2
3418573c:	e9cd 3227 	strd	r3, r2, [sp, #156]	@ 0x9c
34185740:	6079      	str	r1, [r7, #4]
34185742:	f300 8415 	bgt.w	34185f70 <_vfprintf_r+0xba0>
34185746:	3708      	adds	r7, #8
34185748:	9b0c      	ldr	r3, [sp, #48]	@ 0x30
3418574a:	2b80      	cmp	r3, #128	@ 0x80
3418574c:	f000 8301 	beq.w	34185d52 <_vfprintf_r+0x982>
34185750:	9b0a      	ldr	r3, [sp, #40]	@ 0x28
34185752:	ebaa 0603 	sub.w	r6, sl, r3
34185756:	2e00      	cmp	r6, #0
34185758:	f300 833d 	bgt.w	34185dd6 <_vfprintf_r+0xa06>
3418575c:	9b02      	ldr	r3, [sp, #8]
3418575e:	05de      	lsls	r6, r3, #23
34185760:	f100 82a7 	bmi.w	34185cb2 <_vfprintf_r+0x8e2>
34185764:	9b0a      	ldr	r3, [sp, #40]	@ 0x28
34185766:	603d      	str	r5, [r7, #0]
34185768:	441a      	add	r2, r3
3418576a:	607b      	str	r3, [r7, #4]
3418576c:	9b27      	ldr	r3, [sp, #156]	@ 0x9c
3418576e:	9228      	str	r2, [sp, #160]	@ 0xa0
34185770:	3301      	adds	r3, #1
34185772:	2b07      	cmp	r3, #7
34185774:	9327      	str	r3, [sp, #156]	@ 0x9c
34185776:	f300 83b2 	bgt.w	34185ede <_vfprintf_r+0xb0e>
3418577a:	3708      	adds	r7, #8
3418577c:	9b02      	ldr	r3, [sp, #8]
3418577e:	075d      	lsls	r5, r3, #29
34185780:	d505      	bpl.n	3418578e <_vfprintf_r+0x3be>
34185782:	9b08      	ldr	r3, [sp, #32]
34185784:	9904      	ldr	r1, [sp, #16]
34185786:	1a5c      	subs	r4, r3, r1
34185788:	2c00      	cmp	r4, #0
3418578a:	f300 840d 	bgt.w	34185fa8 <_vfprintf_r+0xbd8>
3418578e:	9804      	ldr	r0, [sp, #16]
34185790:	e9dd 3107 	ldrd	r3, r1, [sp, #28]
34185794:	4281      	cmp	r1, r0
34185796:	bfac      	ite	ge
34185798:	185b      	addge	r3, r3, r1
3418579a:	181b      	addlt	r3, r3, r0
3418579c:	9307      	str	r3, [sp, #28]
3418579e:	2a00      	cmp	r2, #0
341857a0:	f47f af59 	bne.w	34185656 <_vfprintf_r+0x286>
341857a4:	2300      	movs	r3, #0
341857a6:	9327      	str	r3, [sp, #156]	@ 0x9c
341857a8:	9b09      	ldr	r3, [sp, #36]	@ 0x24
341857aa:	b11b      	cbz	r3, 341857b4 <_vfprintf_r+0x3e4>
341857ac:	9909      	ldr	r1, [sp, #36]	@ 0x24
341857ae:	4658      	mov	r0, fp
341857b0:	f7ff fa34 	bl	34184c1c <_free_r>
341857b4:	af29      	add	r7, sp, #164	@ 0xa4
341857b6:	e65e      	b.n	34185476 <_vfprintf_r+0xa6>
341857b8:	9b0b      	ldr	r3, [sp, #44]	@ 0x2c
341857ba:	9506      	str	r5, [sp, #24]
341857bc:	3307      	adds	r3, #7
341857be:	f023 0307 	bic.w	r3, r3, #7
341857c2:	ecb3 8b02 	vldmia	r3!, {d8}
341857c6:	ed9f 7bac 	vldr	d7, [pc, #688]	@ 34185a78 <_vfprintf_r+0x6a8>
341857ca:	eeb0 6bc8 	vabs.f64	d6, d8
341857ce:	930b      	str	r3, [sp, #44]	@ 0x2c
341857d0:	eeb4 6b47 	vcmp.f64	d6, d7
341857d4:	eef1 fa10 	vmrs	APSR_nzcv, fpscr
341857d8:	f340 856f 	ble.w	341862ba <_vfprintf_r+0xeea>
341857dc:	eeb5 8bc0 	vcmpe.f64	d8, #0.0
341857e0:	9b02      	ldr	r3, [sp, #8]
341857e2:	f023 0380 	bic.w	r3, r3, #128	@ 0x80
341857e6:	eef1 fa10 	vmrs	APSR_nzcv, fpscr
341857ea:	9302      	str	r3, [sp, #8]
341857ec:	f101 8286 	bmi.w	34186cfc <_vfprintf_r+0x192c>
341857f0:	2c47      	cmp	r4, #71	@ 0x47
341857f2:	f89d 3067 	ldrb.w	r3, [sp, #103]	@ 0x67
341857f6:	bfcc      	ite	gt
341857f8:	4da1      	ldrgt	r5, [pc, #644]	@ (34185a80 <_vfprintf_r+0x6b0>)
341857fa:	4da2      	ldrle	r5, [pc, #648]	@ (34185a84 <_vfprintf_r+0x6b4>)
341857fc:	2b00      	cmp	r3, #0
341857fe:	f041 84e9 	bne.w	341871d4 <_vfprintf_r+0x1e04>
34185802:	2203      	movs	r2, #3
34185804:	9309      	str	r3, [sp, #36]	@ 0x24
34185806:	920a      	str	r2, [sp, #40]	@ 0x28
34185808:	e76c      	b.n	341856e4 <_vfprintf_r+0x314>
3418580a:	0599      	lsls	r1, r3, #22
3418580c:	f53f af39 	bmi.w	34185682 <_vfprintf_r+0x2b2>
34185810:	9c03      	ldr	r4, [sp, #12]
34185812:	6da0      	ldr	r0, [r4, #88]	@ 0x58
34185814:	f7ff f8ba 	bl	3418498c <__retarget_lock_release_recursive>
34185818:	f9b4 300c 	ldrsh.w	r3, [r4, #12]
3418581c:	e731      	b.n	34185682 <_vfprintf_r+0x2b2>
3418581e:	782c      	ldrb	r4, [r5, #0]
34185820:	e64f      	b.n	341854c2 <_vfprintf_r+0xf2>
34185822:	9b02      	ldr	r3, [sp, #8]
34185824:	782c      	ldrb	r4, [r5, #0]
34185826:	f043 0320 	orr.w	r3, r3, #32
3418582a:	9302      	str	r3, [sp, #8]
3418582c:	e649      	b.n	341854c2 <_vfprintf_r+0xf2>
3418582e:	9902      	ldr	r1, [sp, #8]
34185830:	9506      	str	r5, [sp, #24]
34185832:	0688      	lsls	r0, r1, #26
34185834:	f140 852f 	bpl.w	34186296 <_vfprintf_r+0xec6>
34185838:	9b0b      	ldr	r3, [sp, #44]	@ 0x2c
3418583a:	9102      	str	r1, [sp, #8]
3418583c:	3307      	adds	r3, #7
3418583e:	f023 0207 	bic.w	r2, r3, #7
34185842:	6853      	ldr	r3, [r2, #4]
34185844:	f852 6b08 	ldr.w	r6, [r2], #8
34185848:	4698      	mov	r8, r3
3418584a:	920b      	str	r2, [sp, #44]	@ 0x2c
3418584c:	2b00      	cmp	r3, #0
3418584e:	f2c0 81d0 	blt.w	34185bf2 <_vfprintf_r+0x822>
34185852:	f1ba 0f00 	cmp.w	sl, #0
34185856:	f2c0 8091 	blt.w	3418597c <_vfprintf_r+0x5ac>
3418585a:	9b02      	ldr	r3, [sp, #8]
3418585c:	f023 0380 	bic.w	r3, r3, #128	@ 0x80
34185860:	9302      	str	r3, [sp, #8]
34185862:	ea56 0308 	orrs.w	r3, r6, r8
34185866:	f040 8089 	bne.w	3418597c <_vfprintf_r+0x5ac>
3418586a:	f1ba 0f00 	cmp.w	sl, #0
3418586e:	f040 8085 	bne.w	3418597c <_vfprintf_r+0x5ac>
34185872:	f89d 0067 	ldrb.w	r0, [sp, #103]	@ 0x67
34185876:	2800      	cmp	r0, #0
34185878:	f001 8106 	beq.w	34186a88 <_vfprintf_r+0x16b8>
3418587c:	f1ba 0300 	subs.w	r3, sl, #0
34185880:	ad52      	add	r5, sp, #328	@ 0x148
34185882:	bf18      	it	ne
34185884:	2301      	movne	r3, #1
34185886:	469a      	mov	sl, r3
34185888:	9304      	str	r3, [sp, #16]
3418588a:	930d      	str	r3, [sp, #52]	@ 0x34
3418588c:	e9cd 3309 	strd	r3, r3, [sp, #36]	@ 0x24
34185890:	e08c      	b.n	341859ac <_vfprintf_r+0x5dc>
34185892:	2c43      	cmp	r4, #67	@ 0x43
34185894:	9506      	str	r5, [sp, #24]
34185896:	f000 86ab 	beq.w	341865f0 <_vfprintf_r+0x1220>
3418589a:	9b02      	ldr	r3, [sp, #8]
3418589c:	06de      	lsls	r6, r3, #27
3418589e:	f100 86a7 	bmi.w	341865f0 <_vfprintf_r+0x1220>
341858a2:	9b0b      	ldr	r3, [sp, #44]	@ 0x2c
341858a4:	2201      	movs	r2, #1
341858a6:	ad39      	add	r5, sp, #228	@ 0xe4
341858a8:	681b      	ldr	r3, [r3, #0]
341858aa:	9204      	str	r2, [sp, #16]
341858ac:	f88d 30e4 	strb.w	r3, [sp, #228]	@ 0xe4
341858b0:	920a      	str	r2, [sp, #40]	@ 0x28
341858b2:	9b0b      	ldr	r3, [sp, #44]	@ 0x2c
341858b4:	3304      	adds	r3, #4
341858b6:	930b      	str	r3, [sp, #44]	@ 0x2c
341858b8:	2300      	movs	r3, #0
341858ba:	469a      	mov	sl, r3
341858bc:	f88d 3067 	strb.w	r3, [sp, #103]	@ 0x67
341858c0:	9309      	str	r3, [sp, #36]	@ 0x24
341858c2:	9310      	str	r3, [sp, #64]	@ 0x40
341858c4:	e9cd 330d 	strd	r3, r3, [sp, #52]	@ 0x34
341858c8:	e711      	b.n	341856ee <_vfprintf_r+0x31e>
341858ca:	f8dd 802c 	ldr.w	r8, [sp, #44]	@ 0x2c
341858ce:	2300      	movs	r3, #0
341858d0:	9506      	str	r5, [sp, #24]
341858d2:	f858 5b04 	ldr.w	r5, [r8], #4
341858d6:	f88d 3067 	strb.w	r3, [sp, #103]	@ 0x67
341858da:	2d00      	cmp	r5, #0
341858dc:	f000 8670 	beq.w	341865c0 <_vfprintf_r+0x11f0>
341858e0:	2c53      	cmp	r4, #83	@ 0x53
341858e2:	f000 870c 	beq.w	341866fe <_vfprintf_r+0x132e>
341858e6:	9b02      	ldr	r3, [sp, #8]
341858e8:	f013 0310 	ands.w	r3, r3, #16
341858ec:	930d      	str	r3, [sp, #52]	@ 0x34
341858ee:	f040 8706 	bne.w	341866fe <_vfprintf_r+0x132e>
341858f2:	f1ba 0f00 	cmp.w	sl, #0
341858f6:	f2c1 810e 	blt.w	34186b16 <_vfprintf_r+0x1746>
341858fa:	4652      	mov	r2, sl
341858fc:	990d      	ldr	r1, [sp, #52]	@ 0x34
341858fe:	4628      	mov	r0, r5
34185900:	f002 fbfc 	bl	341880fc <memchr>
34185904:	f89d 3067 	ldrb.w	r3, [sp, #103]	@ 0x67
34185908:	9009      	str	r0, [sp, #36]	@ 0x24
3418590a:	2800      	cmp	r0, #0
3418590c:	f001 841a 	beq.w	34187144 <_vfprintf_r+0x1d74>
34185910:	9a09      	ldr	r2, [sp, #36]	@ 0x24
34185912:	1b52      	subs	r2, r2, r5
34185914:	920a      	str	r2, [sp, #40]	@ 0x28
34185916:	ea22 72e2 	bic.w	r2, r2, r2, asr #31
3418591a:	9204      	str	r2, [sp, #16]
3418591c:	b10b      	cbz	r3, 34185922 <_vfprintf_r+0x552>
3418591e:	3201      	adds	r2, #1
34185920:	9204      	str	r2, [sp, #16]
34185922:	f8dd a034 	ldr.w	sl, [sp, #52]	@ 0x34
34185926:	2473      	movs	r4, #115	@ 0x73
34185928:	f8cd 802c 	str.w	r8, [sp, #44]	@ 0x2c
3418592c:	f8cd a040 	str.w	sl, [sp, #64]	@ 0x40
34185930:	f8cd a038 	str.w	sl, [sp, #56]	@ 0x38
34185934:	f8cd a024 	str.w	sl, [sp, #36]	@ 0x24
34185938:	e6d9      	b.n	341856ee <_vfprintf_r+0x31e>
3418593a:	9d03      	ldr	r5, [sp, #12]
3418593c:	6da8      	ldr	r0, [r5, #88]	@ 0x58
3418593e:	f7ff f823 	bl	34184988 <__retarget_lock_acquire_recursive>
34185942:	f9b5 300c 	ldrsh.w	r3, [r5, #12]
34185946:	6e6a      	ldr	r2, [r5, #100]	@ 0x64
34185948:	0499      	lsls	r1, r3, #18
3418594a:	f53f ad73 	bmi.w	34185434 <_vfprintf_r+0x64>
3418594e:	e56a      	b.n	34185426 <_vfprintf_r+0x56>
34185950:	9b02      	ldr	r3, [sp, #8]
34185952:	9506      	str	r5, [sp, #24]
34185954:	069a      	lsls	r2, r3, #26
34185956:	f140 8580 	bpl.w	3418645a <_vfprintf_r+0x108a>
3418595a:	4619      	mov	r1, r3
3418595c:	9b0b      	ldr	r3, [sp, #44]	@ 0x2c
3418595e:	2200      	movs	r2, #0
34185960:	3307      	adds	r3, #7
34185962:	4592      	cmp	sl, r2
34185964:	f88d 2067 	strb.w	r2, [sp, #103]	@ 0x67
34185968:	f023 0307 	bic.w	r3, r3, #7
3418596c:	f8d3 8004 	ldr.w	r8, [r3, #4]
34185970:	f853 6b08 	ldr.w	r6, [r3], #8
34185974:	930b      	str	r3, [sp, #44]	@ 0x2c
34185976:	f280 8476 	bge.w	34186266 <_vfprintf_r+0xe96>
3418597a:	9102      	str	r1, [sp, #8]
3418597c:	2e0a      	cmp	r6, #10
3418597e:	f178 0300 	sbcs.w	r3, r8, #0
34185982:	f080 8714 	bcs.w	341867ae <_vfprintf_r+0x13de>
34185986:	4653      	mov	r3, sl
34185988:	3630      	adds	r6, #48	@ 0x30
3418598a:	f89d 0067 	ldrb.w	r0, [sp, #103]	@ 0x67
3418598e:	f20d 1547 	addw	r5, sp, #327	@ 0x147
34185992:	2b01      	cmp	r3, #1
34185994:	f88d 6147 	strb.w	r6, [sp, #327]	@ 0x147
34185998:	bfb8      	it	lt
3418599a:	2301      	movlt	r3, #1
3418599c:	9304      	str	r3, [sp, #16]
3418599e:	2300      	movs	r3, #0
341859a0:	930d      	str	r3, [sp, #52]	@ 0x34
341859a2:	2301      	movs	r3, #1
341859a4:	930a      	str	r3, [sp, #40]	@ 0x28
341859a6:	2300      	movs	r3, #0
341859a8:	9309      	str	r3, [sp, #36]	@ 0x24
341859aa:	b110      	cbz	r0, 341859b2 <_vfprintf_r+0x5e2>
341859ac:	9b04      	ldr	r3, [sp, #16]
341859ae:	3301      	adds	r3, #1
341859b0:	9304      	str	r3, [sp, #16]
341859b2:	9b0d      	ldr	r3, [sp, #52]	@ 0x34
341859b4:	2b00      	cmp	r3, #0
341859b6:	f001 857d 	beq.w	341874b4 <_vfprintf_r+0x20e4>
341859ba:	9b04      	ldr	r3, [sp, #16]
341859bc:	9e02      	ldr	r6, [sp, #8]
341859be:	3302      	adds	r3, #2
341859c0:	f016 0684 	ands.w	r6, r6, #132	@ 0x84
341859c4:	9304      	str	r3, [sp, #16]
341859c6:	960c      	str	r6, [sp, #48]	@ 0x30
341859c8:	e9dd c227 	ldrd	ip, r2, [sp, #156]	@ 0x9c
341859cc:	4696      	mov	lr, r2
341859ce:	4661      	mov	r1, ip
341859d0:	f000 8247 	beq.w	34185e62 <_vfprintf_r+0xa92>
341859d4:	2800      	cmp	r0, #0
341859d6:	f040 8320 	bne.w	3418601a <_vfprintf_r+0xc4a>
341859da:	9010      	str	r0, [sp, #64]	@ 0x40
341859dc:	e9cd 000d 	strd	r0, r0, [sp, #52]	@ 0x34
341859e0:	e6a4      	b.n	3418572c <_vfprintf_r+0x35c>
341859e2:	9b0b      	ldr	r3, [sp, #44]	@ 0x2c
341859e4:	f853 2b04 	ldr.w	r2, [r3], #4
341859e8:	2a00      	cmp	r2, #0
341859ea:	9208      	str	r2, [sp, #32]
341859ec:	f280 8437 	bge.w	3418625e <_vfprintf_r+0xe8e>
341859f0:	9a08      	ldr	r2, [sp, #32]
341859f2:	930b      	str	r3, [sp, #44]	@ 0x2c
341859f4:	4252      	negs	r2, r2
341859f6:	9208      	str	r2, [sp, #32]
341859f8:	9b02      	ldr	r3, [sp, #8]
341859fa:	782c      	ldrb	r4, [r5, #0]
341859fc:	f043 0304 	orr.w	r3, r3, #4
34185a00:	9302      	str	r3, [sp, #8]
34185a02:	e55e      	b.n	341854c2 <_vfprintf_r+0xf2>
34185a04:	232b      	movs	r3, #43	@ 0x2b
34185a06:	782c      	ldrb	r4, [r5, #0]
34185a08:	f88d 3067 	strb.w	r3, [sp, #103]	@ 0x67
34185a0c:	e559      	b.n	341854c2 <_vfprintf_r+0xf2>
34185a0e:	2100      	movs	r1, #0
34185a10:	9a0b      	ldr	r2, [sp, #44]	@ 0x2c
34185a12:	f647 0330 	movw	r3, #30768	@ 0x7830
34185a16:	9506      	str	r5, [sp, #24]
34185a18:	f852 0b04 	ldr.w	r0, [r2], #4
34185a1c:	458a      	cmp	sl, r1
34185a1e:	f8ad 3068 	strh.w	r3, [sp, #104]	@ 0x68
34185a22:	f88d 1067 	strb.w	r1, [sp, #103]	@ 0x67
34185a26:	4603      	mov	r3, r0
34185a28:	f2c0 8584 	blt.w	34186534 <_vfprintf_r+0x1164>
34185a2c:	9c02      	ldr	r4, [sp, #8]
34185a2e:	f024 0480 	bic.w	r4, r4, #128	@ 0x80
34185a32:	f044 0402 	orr.w	r4, r4, #2
34185a36:	9402      	str	r4, [sp, #8]
34185a38:	2800      	cmp	r0, #0
34185a3a:	f040 873b 	bne.w	341868b4 <_vfprintf_r+0x14e4>
34185a3e:	f1ba 0f00 	cmp.w	sl, #0
34185a42:	f040 8737 	bne.w	341868b4 <_vfprintf_r+0x14e4>
34185a46:	2302      	movs	r3, #2
34185a48:	2478      	movs	r4, #120	@ 0x78
34185a4a:	920b      	str	r2, [sp, #44]	@ 0x2c
34185a4c:	930d      	str	r3, [sp, #52]	@ 0x34
34185a4e:	f04f 0a00 	mov.w	sl, #0
34185a52:	f89d 0067 	ldrb.w	r0, [sp, #103]	@ 0x67
34185a56:	ad52      	add	r5, sp, #328	@ 0x148
34185a58:	f8cd a010 	str.w	sl, [sp, #16]
34185a5c:	f8cd a028 	str.w	sl, [sp, #40]	@ 0x28
34185a60:	e7a1      	b.n	341859a6 <_vfprintf_r+0x5d6>
34185a62:	782c      	ldrb	r4, [r5, #0]
34185a64:	9b02      	ldr	r3, [sp, #8]
34185a66:	2c6c      	cmp	r4, #108	@ 0x6c
34185a68:	f000 859c 	beq.w	341865a4 <_vfprintf_r+0x11d4>
34185a6c:	f043 0310 	orr.w	r3, r3, #16
34185a70:	9302      	str	r3, [sp, #8]
34185a72:	e526      	b.n	341854c2 <_vfprintf_r+0xf2>
34185a74:	f3af 8000 	nop.w
34185a78:	ffffffff 	.word	0xffffffff
34185a7c:	7fefffff 	.word	0x7fefffff
34185a80:	3418b19c 	.word	0x3418b19c
34185a84:	3418b198 	.word	0x3418b198
34185a88:	9802      	ldr	r0, [sp, #8]
34185a8a:	9506      	str	r5, [sp, #24]
34185a8c:	0685      	lsls	r5, r0, #26
34185a8e:	f140 8505 	bpl.w	3418649c <_vfprintf_r+0x10cc>
34185a92:	9b0b      	ldr	r3, [sp, #44]	@ 0x2c
34185a94:	3307      	adds	r3, #7
34185a96:	f023 0307 	bic.w	r3, r3, #7
34185a9a:	461a      	mov	r2, r3
34185a9c:	6859      	ldr	r1, [r3, #4]
34185a9e:	f852 3b08 	ldr.w	r3, [r2], #8
34185aa2:	920b      	str	r2, [sp, #44]	@ 0x2c
34185aa4:	2200      	movs	r2, #0
34185aa6:	4592      	cmp	sl, r2
34185aa8:	f88d 2067 	strb.w	r2, [sp, #103]	@ 0x67
34185aac:	db43      	blt.n	34185b36 <_vfprintf_r+0x766>
34185aae:	f420 6290 	bic.w	r2, r0, #1152	@ 0x480
34185ab2:	9202      	str	r2, [sp, #8]
34185ab4:	d142      	bne.n	34185b3c <_vfprintf_r+0x76c>
34185ab6:	ea53 0201 	orrs.w	r2, r3, r1
34185aba:	bf14      	ite	ne
34185abc:	2201      	movne	r2, #1
34185abe:	2200      	moveq	r2, #0
34185ac0:	d13c      	bne.n	34185b3c <_vfprintf_r+0x76c>
34185ac2:	f010 0101 	ands.w	r1, r0, #1
34185ac6:	9104      	str	r1, [sp, #16]
34185ac8:	f000 82ae 	beq.w	34186028 <_vfprintf_r+0xc58>
34185acc:	2330      	movs	r3, #48	@ 0x30
34185ace:	4692      	mov	sl, r2
34185ad0:	f20d 1547 	addw	r5, sp, #327	@ 0x147
34185ad4:	9210      	str	r2, [sp, #64]	@ 0x40
34185ad6:	f88d 3147 	strb.w	r3, [sp, #327]	@ 0x147
34185ada:	e9cd 2109 	strd	r2, r1, [sp, #36]	@ 0x24
34185ade:	e9cd 220d 	strd	r2, r2, [sp, #52]	@ 0x34
34185ae2:	e604      	b.n	341856ee <_vfprintf_r+0x31e>
34185ae4:	9902      	ldr	r1, [sp, #8]
34185ae6:	9a0b      	ldr	r2, [sp, #44]	@ 0x2c
34185ae8:	068c      	lsls	r4, r1, #26
34185aea:	9506      	str	r5, [sp, #24]
34185aec:	f102 0304 	add.w	r3, r2, #4
34185af0:	f140 84a1 	bpl.w	34186436 <_vfprintf_r+0x1066>
34185af4:	6812      	ldr	r2, [r2, #0]
34185af6:	9907      	ldr	r1, [sp, #28]
34185af8:	6011      	str	r1, [r2, #0]
34185afa:	17c9      	asrs	r1, r1, #31
34185afc:	6051      	str	r1, [r2, #4]
34185afe:	930b      	str	r3, [sp, #44]	@ 0x2c
34185b00:	e4b9      	b.n	34185476 <_vfprintf_r+0xa6>
34185b02:	782c      	ldrb	r4, [r5, #0]
34185b04:	9b02      	ldr	r3, [sp, #8]
34185b06:	2c68      	cmp	r4, #104	@ 0x68
34185b08:	f000 8553 	beq.w	341865b2 <_vfprintf_r+0x11e2>
34185b0c:	f043 0340 	orr.w	r3, r3, #64	@ 0x40
34185b10:	9302      	str	r3, [sp, #8]
34185b12:	e4d6      	b.n	341854c2 <_vfprintf_r+0xf2>
34185b14:	9b02      	ldr	r3, [sp, #8]
34185b16:	9506      	str	r5, [sp, #24]
34185b18:	069e      	lsls	r6, r3, #26
34185b1a:	f043 0010 	orr.w	r0, r3, #16
34185b1e:	d4b8      	bmi.n	34185a92 <_vfprintf_r+0x6c2>
34185b20:	9b0b      	ldr	r3, [sp, #44]	@ 0x2c
34185b22:	1d1a      	adds	r2, r3, #4
34185b24:	9b0b      	ldr	r3, [sp, #44]	@ 0x2c
34185b26:	2100      	movs	r1, #0
34185b28:	920b      	str	r2, [sp, #44]	@ 0x2c
34185b2a:	2200      	movs	r2, #0
34185b2c:	681b      	ldr	r3, [r3, #0]
34185b2e:	4592      	cmp	sl, r2
34185b30:	f88d 2067 	strb.w	r2, [sp, #103]	@ 0x67
34185b34:	dabb      	bge.n	34185aae <_vfprintf_r+0x6de>
34185b36:	f420 6280 	bic.w	r2, r0, #1024	@ 0x400
34185b3a:	9202      	str	r2, [sp, #8]
34185b3c:	ad52      	add	r5, sp, #328	@ 0x148
34185b3e:	f003 0207 	and.w	r2, r3, #7
34185b42:	08db      	lsrs	r3, r3, #3
34185b44:	4628      	mov	r0, r5
34185b46:	ea43 7341 	orr.w	r3, r3, r1, lsl #29
34185b4a:	3230      	adds	r2, #48	@ 0x30
34185b4c:	08c9      	lsrs	r1, r1, #3
34185b4e:	f805 2d01 	strb.w	r2, [r5, #-1]!
34185b52:	ea53 0601 	orrs.w	r6, r3, r1
34185b56:	d1f2      	bne.n	34185b3e <_vfprintf_r+0x76e>
34185b58:	2a30      	cmp	r2, #48	@ 0x30
34185b5a:	d003      	beq.n	34185b64 <_vfprintf_r+0x794>
34185b5c:	9b02      	ldr	r3, [sp, #8]
34185b5e:	07db      	lsls	r3, r3, #31
34185b60:	f100 84ac 	bmi.w	341864bc <_vfprintf_r+0x10ec>
34185b64:	ab52      	add	r3, sp, #328	@ 0x148
34185b66:	1b5b      	subs	r3, r3, r5
34185b68:	4553      	cmp	r3, sl
34185b6a:	930a      	str	r3, [sp, #40]	@ 0x28
34185b6c:	bfb8      	it	lt
34185b6e:	4653      	movlt	r3, sl
34185b70:	9304      	str	r3, [sp, #16]
34185b72:	2300      	movs	r3, #0
34185b74:	9309      	str	r3, [sp, #36]	@ 0x24
34185b76:	9310      	str	r3, [sp, #64]	@ 0x40
34185b78:	e9cd 330d 	strd	r3, r3, [sp, #52]	@ 0x34
34185b7c:	e5b7      	b.n	341856ee <_vfprintf_r+0x31e>
34185b7e:	9b02      	ldr	r3, [sp, #8]
34185b80:	9506      	str	r5, [sp, #24]
34185b82:	0698      	lsls	r0, r3, #26
34185b84:	f043 0110 	orr.w	r1, r3, #16
34185b88:	f53f aee8 	bmi.w	3418595c <_vfprintf_r+0x58c>
34185b8c:	9b0b      	ldr	r3, [sp, #44]	@ 0x2c
34185b8e:	1d1a      	adds	r2, r3, #4
34185b90:	f04f 0800 	mov.w	r8, #0
34185b94:	9b0b      	ldr	r3, [sp, #44]	@ 0x2c
34185b96:	45c2      	cmp	sl, r8
34185b98:	681b      	ldr	r3, [r3, #0]
34185b9a:	f88d 8067 	strb.w	r8, [sp, #103]	@ 0x67
34185b9e:	461e      	mov	r6, r3
34185ba0:	f2c1 8013 	blt.w	34186bca <_vfprintf_r+0x17fa>
34185ba4:	f021 0180 	bic.w	r1, r1, #128	@ 0x80
34185ba8:	920b      	str	r2, [sp, #44]	@ 0x2c
34185baa:	9102      	str	r1, [sp, #8]
34185bac:	f47f aee6 	bne.w	3418597c <_vfprintf_r+0x5ac>
34185bb0:	2b00      	cmp	r3, #0
34185bb2:	f47f aee3 	bne.w	3418597c <_vfprintf_r+0x5ac>
34185bb6:	1adb      	subs	r3, r3, r3
34185bb8:	bf18      	it	ne
34185bba:	2301      	movne	r3, #1
34185bbc:	930d      	str	r3, [sp, #52]	@ 0x34
34185bbe:	e746      	b.n	34185a4e <_vfprintf_r+0x67e>
34185bc0:	9b02      	ldr	r3, [sp, #8]
34185bc2:	782c      	ldrb	r4, [r5, #0]
34185bc4:	f043 0308 	orr.w	r3, r3, #8
34185bc8:	9302      	str	r3, [sp, #8]
34185bca:	e47a      	b.n	341854c2 <_vfprintf_r+0xf2>
34185bcc:	9b02      	ldr	r3, [sp, #8]
34185bce:	9506      	str	r5, [sp, #24]
34185bd0:	069d      	lsls	r5, r3, #26
34185bd2:	f043 0110 	orr.w	r1, r3, #16
34185bd6:	f53f ae2f 	bmi.w	34185838 <_vfprintf_r+0x468>
34185bda:	9b0b      	ldr	r3, [sp, #44]	@ 0x2c
34185bdc:	1d1a      	adds	r2, r3, #4
34185bde:	9b0b      	ldr	r3, [sp, #44]	@ 0x2c
34185be0:	9102      	str	r1, [sp, #8]
34185be2:	681e      	ldr	r6, [r3, #0]
34185be4:	920b      	str	r2, [sp, #44]	@ 0x2c
34185be6:	ea4f 78e6 	mov.w	r8, r6, asr #31
34185bea:	4643      	mov	r3, r8
34185bec:	2b00      	cmp	r3, #0
34185bee:	f6bf ae30 	bge.w	34185852 <_vfprintf_r+0x482>
34185bf2:	4276      	negs	r6, r6
34185bf4:	f04f 032d 	mov.w	r3, #45	@ 0x2d
34185bf8:	eb68 0848 	sbc.w	r8, r8, r8, lsl #1
34185bfc:	f1ba 0f00 	cmp.w	sl, #0
34185c00:	f88d 3067 	strb.w	r3, [sp, #103]	@ 0x67
34185c04:	f6ff aeba 	blt.w	3418597c <_vfprintf_r+0x5ac>
34185c08:	9b02      	ldr	r3, [sp, #8]
34185c0a:	f023 0380 	bic.w	r3, r3, #128	@ 0x80
34185c0e:	9302      	str	r3, [sp, #8]
34185c10:	e6b4      	b.n	3418597c <_vfprintf_r+0x5ac>
34185c12:	4658      	mov	r0, fp
34185c14:	f002 fa00 	bl	34188018 <_localeconv_r>
34185c18:	6843      	ldr	r3, [r0, #4]
34185c1a:	4618      	mov	r0, r3
34185c1c:	9315      	str	r3, [sp, #84]	@ 0x54
34185c1e:	f7fe ff2d 	bl	34184a7c <strlen>
34185c22:	9014      	str	r0, [sp, #80]	@ 0x50
34185c24:	4606      	mov	r6, r0
34185c26:	4658      	mov	r0, fp
34185c28:	f002 f9f6 	bl	34188018 <_localeconv_r>
34185c2c:	6883      	ldr	r3, [r0, #8]
34185c2e:	782c      	ldrb	r4, [r5, #0]
34185c30:	9316      	str	r3, [sp, #88]	@ 0x58
34185c32:	2e00      	cmp	r6, #0
34185c34:	f43f ac45 	beq.w	341854c2 <_vfprintf_r+0xf2>
34185c38:	2b00      	cmp	r3, #0
34185c3a:	f43f ac42 	beq.w	341854c2 <_vfprintf_r+0xf2>
34185c3e:	781b      	ldrb	r3, [r3, #0]
34185c40:	2b00      	cmp	r3, #0
34185c42:	f43f ac3e 	beq.w	341854c2 <_vfprintf_r+0xf2>
34185c46:	9b02      	ldr	r3, [sp, #8]
34185c48:	f443 6380 	orr.w	r3, r3, #1024	@ 0x400
34185c4c:	9302      	str	r3, [sp, #8]
34185c4e:	e438      	b.n	341854c2 <_vfprintf_r+0xf2>
34185c50:	9b02      	ldr	r3, [sp, #8]
34185c52:	782c      	ldrb	r4, [r5, #0]
34185c54:	f043 0301 	orr.w	r3, r3, #1
34185c58:	9302      	str	r3, [sp, #8]
34185c5a:	e432      	b.n	341854c2 <_vfprintf_r+0xf2>
34185c5c:	f89d 3067 	ldrb.w	r3, [sp, #103]	@ 0x67
34185c60:	782c      	ldrb	r4, [r5, #0]
34185c62:	2b00      	cmp	r3, #0
34185c64:	f47f ac2d 	bne.w	341854c2 <_vfprintf_r+0xf2>
34185c68:	2320      	movs	r3, #32
34185c6a:	f88d 3067 	strb.w	r3, [sp, #103]	@ 0x67
34185c6e:	e428      	b.n	341854c2 <_vfprintf_r+0xf2>
34185c70:	9b02      	ldr	r3, [sp, #8]
34185c72:	782c      	ldrb	r4, [r5, #0]
34185c74:	f043 0380 	orr.w	r3, r3, #128	@ 0x80
34185c78:	9302      	str	r3, [sp, #8]
34185c7a:	e422      	b.n	341854c2 <_vfprintf_r+0xf2>
34185c7c:	462a      	mov	r2, r5
34185c7e:	f812 4b01 	ldrb.w	r4, [r2], #1
34185c82:	2c2a      	cmp	r4, #42	@ 0x2a
34185c84:	f001 83a8 	beq.w	341873d8 <_vfprintf_r+0x2008>
34185c88:	f1a4 0330 	sub.w	r3, r4, #48	@ 0x30
34185c8c:	2b09      	cmp	r3, #9
34185c8e:	f201 81b5 	bhi.w	34186ffc <_vfprintf_r+0x1c2c>
34185c92:	f04f 0a00 	mov.w	sl, #0
34185c96:	eb0a 0a8a 	add.w	sl, sl, sl, lsl #2
34185c9a:	f812 4b01 	ldrb.w	r4, [r2], #1
34185c9e:	eb03 0a4a 	add.w	sl, r3, sl, lsl #1
34185ca2:	f1a4 0330 	sub.w	r3, r4, #48	@ 0x30
34185ca6:	2b09      	cmp	r3, #9
34185ca8:	d9f5      	bls.n	34185c96 <_vfprintf_r+0x8c6>
34185caa:	ea4a 7aea 	orr.w	sl, sl, sl, asr #31
34185cae:	4615      	mov	r5, r2
34185cb0:	e408      	b.n	341854c4 <_vfprintf_r+0xf4>
34185cb2:	2c65      	cmp	r4, #101	@ 0x65
34185cb4:	f340 811e 	ble.w	34185ef4 <_vfprintf_r+0xb24>
34185cb8:	eeb5 8b40 	vcmp.f64	d8, #0.0
34185cbc:	eef1 fa10 	vmrs	APSR_nzcv, fpscr
34185cc0:	f040 80de 	bne.w	34185e80 <_vfprintf_r+0xab0>
34185cc4:	9b27      	ldr	r3, [sp, #156]	@ 0x9c
34185cc6:	3201      	adds	r2, #1
34185cc8:	49af      	ldr	r1, [pc, #700]	@ (34185f88 <_vfprintf_r+0xbb8>)
34185cca:	3301      	adds	r3, #1
34185ccc:	9228      	str	r2, [sp, #160]	@ 0xa0
34185cce:	6039      	str	r1, [r7, #0]
34185cd0:	2101      	movs	r1, #1
34185cd2:	2b07      	cmp	r3, #7
34185cd4:	9327      	str	r3, [sp, #156]	@ 0x9c
34185cd6:	6079      	str	r1, [r7, #4]
34185cd8:	f300 8505 	bgt.w	341866e6 <_vfprintf_r+0x1316>
34185cdc:	3708      	adds	r7, #8
34185cde:	9b1b      	ldr	r3, [sp, #108]	@ 0x6c
34185ce0:	990f      	ldr	r1, [sp, #60]	@ 0x3c
34185ce2:	428b      	cmp	r3, r1
34185ce4:	f280 82b6 	bge.w	34186254 <_vfprintf_r+0xe84>
34185ce8:	9b11      	ldr	r3, [sp, #68]	@ 0x44
34185cea:	9912      	ldr	r1, [sp, #72]	@ 0x48
34185cec:	441a      	add	r2, r3
34185cee:	e9c7 1300 	strd	r1, r3, [r7]
34185cf2:	9b27      	ldr	r3, [sp, #156]	@ 0x9c
34185cf4:	9228      	str	r2, [sp, #160]	@ 0xa0
34185cf6:	3301      	adds	r3, #1
34185cf8:	2b07      	cmp	r3, #7
34185cfa:	9327      	str	r3, [sp, #156]	@ 0x9c
34185cfc:	f300 8446 	bgt.w	3418658c <_vfprintf_r+0x11bc>
34185d00:	3708      	adds	r7, #8
34185d02:	9b0f      	ldr	r3, [sp, #60]	@ 0x3c
34185d04:	1e5c      	subs	r4, r3, #1
34185d06:	2c00      	cmp	r4, #0
34185d08:	f77f ad38 	ble.w	3418577c <_vfprintf_r+0x3ac>
34185d0c:	2c10      	cmp	r4, #16
34185d0e:	9b27      	ldr	r3, [sp, #156]	@ 0x9c
34185d10:	f341 832b 	ble.w	3418736a <_vfprintf_r+0x1f9a>
34185d14:	2510      	movs	r5, #16
34185d16:	4e9d      	ldr	r6, [pc, #628]	@ (34185f8c <_vfprintf_r+0xbbc>)
34185d18:	f8dd 800c 	ldr.w	r8, [sp, #12]
34185d1c:	e003      	b.n	34185d26 <_vfprintf_r+0x956>
34185d1e:	3c10      	subs	r4, #16
34185d20:	2c10      	cmp	r4, #16
34185d22:	f340 85ba 	ble.w	3418689a <_vfprintf_r+0x14ca>
34185d26:	3301      	adds	r3, #1
34185d28:	3210      	adds	r2, #16
34185d2a:	2b07      	cmp	r3, #7
34185d2c:	e9c7 6500 	strd	r6, r5, [r7]
34185d30:	e9cd 3227 	strd	r3, r2, [sp, #156]	@ 0x9c
34185d34:	f107 0708 	add.w	r7, r7, #8
34185d38:	ddf1      	ble.n	34185d1e <_vfprintf_r+0x94e>
34185d3a:	aa26      	add	r2, sp, #152	@ 0x98
34185d3c:	4641      	mov	r1, r8
34185d3e:	4658      	mov	r0, fp
34185d40:	f001 ff72 	bl	34187c28 <__sprint_r>
34185d44:	2800      	cmp	r0, #0
34185d46:	f47f ac8e 	bne.w	34185666 <_vfprintf_r+0x296>
34185d4a:	af29      	add	r7, sp, #164	@ 0xa4
34185d4c:	e9dd 3227 	ldrd	r3, r2, [sp, #156]	@ 0x9c
34185d50:	e7e5      	b.n	34185d1e <_vfprintf_r+0x94e>
34185d52:	9b08      	ldr	r3, [sp, #32]
34185d54:	9904      	ldr	r1, [sp, #16]
34185d56:	1a5e      	subs	r6, r3, r1
34185d58:	2e00      	cmp	r6, #0
34185d5a:	f77f acf9 	ble.w	34185750 <_vfprintf_r+0x380>
34185d5e:	2e10      	cmp	r6, #16
34185d60:	9b27      	ldr	r3, [sp, #156]	@ 0x9c
34185d62:	f341 819f 	ble.w	341870a4 <_vfprintf_r+0x1cd4>
34185d66:	46a8      	mov	r8, r5
34185d68:	4619      	mov	r1, r3
34185d6a:	4625      	mov	r5, r4
34185d6c:	4c87      	ldr	r4, [pc, #540]	@ (34185f8c <_vfprintf_r+0xbbc>)
34185d6e:	e002      	b.n	34185d76 <_vfprintf_r+0x9a6>
34185d70:	3e10      	subs	r6, #16
34185d72:	2e10      	cmp	r6, #16
34185d74:	dd19      	ble.n	34185daa <_vfprintf_r+0x9da>
34185d76:	3101      	adds	r1, #1
34185d78:	3210      	adds	r2, #16
34185d7a:	2310      	movs	r3, #16
34185d7c:	603c      	str	r4, [r7, #0]
34185d7e:	2907      	cmp	r1, #7
34185d80:	f107 0708 	add.w	r7, r7, #8
34185d84:	f847 3c04 	str.w	r3, [r7, #-4]
34185d88:	e9cd 1227 	strd	r1, r2, [sp, #156]	@ 0x9c
34185d8c:	ddf0      	ble.n	34185d70 <_vfprintf_r+0x9a0>
34185d8e:	aa26      	add	r2, sp, #152	@ 0x98
34185d90:	9903      	ldr	r1, [sp, #12]
34185d92:	4658      	mov	r0, fp
34185d94:	f001 ff48 	bl	34187c28 <__sprint_r>
34185d98:	2800      	cmp	r0, #0
34185d9a:	f47f ac64 	bne.w	34185666 <_vfprintf_r+0x296>
34185d9e:	3e10      	subs	r6, #16
34185da0:	af29      	add	r7, sp, #164	@ 0xa4
34185da2:	2e10      	cmp	r6, #16
34185da4:	e9dd 1227 	ldrd	r1, r2, [sp, #156]	@ 0x9c
34185da8:	dce5      	bgt.n	34185d76 <_vfprintf_r+0x9a6>
34185daa:	460b      	mov	r3, r1
34185dac:	4621      	mov	r1, r4
34185dae:	462c      	mov	r4, r5
34185db0:	4645      	mov	r5, r8
34185db2:	4688      	mov	r8, r1
34185db4:	3301      	adds	r3, #1
34185db6:	4432      	add	r2, r6
34185db8:	f8c7 8000 	str.w	r8, [r7]
34185dbc:	2b07      	cmp	r3, #7
34185dbe:	607e      	str	r6, [r7, #4]
34185dc0:	e9cd 3227 	strd	r3, r2, [sp, #156]	@ 0x9c
34185dc4:	f300 83d6 	bgt.w	34186574 <_vfprintf_r+0x11a4>
34185dc8:	9b0a      	ldr	r3, [sp, #40]	@ 0x28
34185dca:	3708      	adds	r7, #8
34185dcc:	ebaa 0603 	sub.w	r6, sl, r3
34185dd0:	2e00      	cmp	r6, #0
34185dd2:	f77f acc3 	ble.w	3418575c <_vfprintf_r+0x38c>
34185dd6:	2e10      	cmp	r6, #16
34185dd8:	9b27      	ldr	r3, [sp, #156]	@ 0x9c
34185dda:	f8df 81b0 	ldr.w	r8, [pc, #432]	@ 34185f8c <_vfprintf_r+0xbbc>
34185dde:	dd28      	ble.n	34185e32 <_vfprintf_r+0xa62>
34185de0:	4628      	mov	r0, r5
34185de2:	f04f 0a10 	mov.w	sl, #16
34185de6:	4625      	mov	r5, r4
34185de8:	4619      	mov	r1, r3
34185dea:	4634      	mov	r4, r6
34185dec:	4606      	mov	r6, r0
34185dee:	e002      	b.n	34185df6 <_vfprintf_r+0xa26>
34185df0:	3c10      	subs	r4, #16
34185df2:	2c10      	cmp	r4, #16
34185df4:	dd18      	ble.n	34185e28 <_vfprintf_r+0xa58>
34185df6:	3101      	adds	r1, #1
34185df8:	3210      	adds	r2, #16
34185dfa:	4b64      	ldr	r3, [pc, #400]	@ (34185f8c <_vfprintf_r+0xbbc>)
34185dfc:	2907      	cmp	r1, #7
34185dfe:	e9c7 3a00 	strd	r3, sl, [r7]
34185e02:	e9cd 1227 	strd	r1, r2, [sp, #156]	@ 0x9c
34185e06:	f107 0708 	add.w	r7, r7, #8
34185e0a:	ddf1      	ble.n	34185df0 <_vfprintf_r+0xa20>
34185e0c:	aa26      	add	r2, sp, #152	@ 0x98
34185e0e:	9903      	ldr	r1, [sp, #12]
34185e10:	4658      	mov	r0, fp
34185e12:	af29      	add	r7, sp, #164	@ 0xa4
34185e14:	f001 ff08 	bl	34187c28 <__sprint_r>
34185e18:	2800      	cmp	r0, #0
34185e1a:	f47f ac24 	bne.w	34185666 <_vfprintf_r+0x296>
34185e1e:	3c10      	subs	r4, #16
34185e20:	2c10      	cmp	r4, #16
34185e22:	e9dd 1227 	ldrd	r1, r2, [sp, #156]	@ 0x9c
34185e26:	dce6      	bgt.n	34185df6 <_vfprintf_r+0xa26>
34185e28:	4630      	mov	r0, r6
34185e2a:	460b      	mov	r3, r1
34185e2c:	4626      	mov	r6, r4
34185e2e:	462c      	mov	r4, r5
34185e30:	4605      	mov	r5, r0
34185e32:	3301      	adds	r3, #1
34185e34:	4432      	add	r2, r6
34185e36:	f8c7 8000 	str.w	r8, [r7]
34185e3a:	2b07      	cmp	r3, #7
34185e3c:	607e      	str	r6, [r7, #4]
34185e3e:	e9cd 3227 	strd	r3, r2, [sp, #156]	@ 0x9c
34185e42:	f300 8182 	bgt.w	3418614a <_vfprintf_r+0xd7a>
34185e46:	3708      	adds	r7, #8
34185e48:	e488      	b.n	3418575c <_vfprintf_r+0x38c>
34185e4a:	9b08      	ldr	r3, [sp, #32]
34185e4c:	9904      	ldr	r1, [sp, #16]
34185e4e:	1a5e      	subs	r6, r3, r1
34185e50:	2e00      	cmp	r6, #0
34185e52:	f300 8153 	bgt.w	341860fc <_vfprintf_r+0xd2c>
34185e56:	f89d 3067 	ldrb.w	r3, [sp, #103]	@ 0x67
34185e5a:	2b00      	cmp	r3, #0
34185e5c:	f43f ac78 	beq.w	34185750 <_vfprintf_r+0x380>
34185e60:	e450      	b.n	34185704 <_vfprintf_r+0x334>
34185e62:	9b04      	ldr	r3, [sp, #16]
34185e64:	9e08      	ldr	r6, [sp, #32]
34185e66:	1af6      	subs	r6, r6, r3
34185e68:	9b0c      	ldr	r3, [sp, #48]	@ 0x30
34185e6a:	2e00      	cmp	r6, #0
34185e6c:	9310      	str	r3, [sp, #64]	@ 0x40
34185e6e:	e9cd 330d 	strd	r3, r3, [sp, #52]	@ 0x34
34185e72:	f300 80e3 	bgt.w	3418603c <_vfprintf_r+0xc6c>
34185e76:	2800      	cmp	r0, #0
34185e78:	f43f ac58 	beq.w	3418572c <_vfprintf_r+0x35c>
34185e7c:	2602      	movs	r6, #2
34185e7e:	e444      	b.n	3418570a <_vfprintf_r+0x33a>
34185e80:	991b      	ldr	r1, [sp, #108]	@ 0x6c
34185e82:	2900      	cmp	r1, #0
34185e84:	f300 816d 	bgt.w	34186162 <_vfprintf_r+0xd92>
34185e88:	9b27      	ldr	r3, [sp, #156]	@ 0x9c
34185e8a:	3201      	adds	r2, #1
34185e8c:	483e      	ldr	r0, [pc, #248]	@ (34185f88 <_vfprintf_r+0xbb8>)
34185e8e:	3301      	adds	r3, #1
34185e90:	9228      	str	r2, [sp, #160]	@ 0xa0
34185e92:	6038      	str	r0, [r7, #0]
34185e94:	2001      	movs	r0, #1
34185e96:	2b07      	cmp	r3, #7
34185e98:	9327      	str	r3, [sp, #156]	@ 0x9c
34185e9a:	6078      	str	r0, [r7, #4]
34185e9c:	f300 87ec 	bgt.w	34186e78 <_vfprintf_r+0x1aa8>
34185ea0:	3708      	adds	r7, #8
34185ea2:	9b0f      	ldr	r3, [sp, #60]	@ 0x3c
34185ea4:	430b      	orrs	r3, r1
34185ea6:	f001 801d 	beq.w	34186ee4 <_vfprintf_r+0x1b14>
34185eaa:	9b11      	ldr	r3, [sp, #68]	@ 0x44
34185eac:	9812      	ldr	r0, [sp, #72]	@ 0x48
34185eae:	441a      	add	r2, r3
34185eb0:	e9c7 0300 	strd	r0, r3, [r7]
34185eb4:	9b27      	ldr	r3, [sp, #156]	@ 0x9c
34185eb6:	9228      	str	r2, [sp, #160]	@ 0xa0
34185eb8:	3301      	adds	r3, #1
34185eba:	2b07      	cmp	r3, #7
34185ebc:	9327      	str	r3, [sp, #156]	@ 0x9c
34185ebe:	f300 87f4 	bgt.w	34186eaa <_vfprintf_r+0x1ada>
34185ec2:	3708      	adds	r7, #8
34185ec4:	2900      	cmp	r1, #0
34185ec6:	f2c1 80b4 	blt.w	34187032 <_vfprintf_r+0x1c62>
34185eca:	990f      	ldr	r1, [sp, #60]	@ 0x3c
34185ecc:	3301      	adds	r3, #1
34185ece:	603d      	str	r5, [r7, #0]
34185ed0:	440a      	add	r2, r1
34185ed2:	2b07      	cmp	r3, #7
34185ed4:	6079      	str	r1, [r7, #4]
34185ed6:	e9cd 3227 	strd	r3, r2, [sp, #156]	@ 0x9c
34185eda:	f77f ac4e 	ble.w	3418577a <_vfprintf_r+0x3aa>
34185ede:	aa26      	add	r2, sp, #152	@ 0x98
34185ee0:	9903      	ldr	r1, [sp, #12]
34185ee2:	4658      	mov	r0, fp
34185ee4:	f001 fea0 	bl	34187c28 <__sprint_r>
34185ee8:	2800      	cmp	r0, #0
34185eea:	f47f abbc 	bne.w	34185666 <_vfprintf_r+0x296>
34185eee:	9a28      	ldr	r2, [sp, #160]	@ 0xa0
34185ef0:	af29      	add	r7, sp, #164	@ 0xa4
34185ef2:	e443      	b.n	3418577c <_vfprintf_r+0x3ac>
34185ef4:	980f      	ldr	r0, [sp, #60]	@ 0x3c
34185ef6:	3201      	adds	r2, #1
34185ef8:	9b27      	ldr	r3, [sp, #156]	@ 0x9c
34185efa:	f107 0108 	add.w	r1, r7, #8
34185efe:	2801      	cmp	r0, #1
34185f00:	f103 0301 	add.w	r3, r3, #1
34185f04:	f340 80e2 	ble.w	341860cc <_vfprintf_r+0xcfc>
34185f08:	2001      	movs	r0, #1
34185f0a:	2b07      	cmp	r3, #7
34185f0c:	603d      	str	r5, [r7, #0]
34185f0e:	6078      	str	r0, [r7, #4]
34185f10:	e9cd 3227 	strd	r3, r2, [sp, #156]	@ 0x9c
34185f14:	f300 8399 	bgt.w	3418664a <_vfprintf_r+0x127a>
34185f18:	9811      	ldr	r0, [sp, #68]	@ 0x44
34185f1a:	3301      	adds	r3, #1
34185f1c:	9c12      	ldr	r4, [sp, #72]	@ 0x48
34185f1e:	4402      	add	r2, r0
34185f20:	2b07      	cmp	r3, #7
34185f22:	e9c1 4000 	strd	r4, r0, [r1]
34185f26:	e9cd 3227 	strd	r3, r2, [sp, #156]	@ 0x9c
34185f2a:	f300 8382 	bgt.w	34186632 <_vfprintf_r+0x1262>
34185f2e:	3108      	adds	r1, #8
34185f30:	eeb5 8b40 	vcmp.f64	d8, #0.0
34185f34:	980f      	ldr	r0, [sp, #60]	@ 0x3c
34185f36:	1e46      	subs	r6, r0, #1
34185f38:	eef1 fa10 	vmrs	APSR_nzcv, fpscr
34185f3c:	f000 80e0 	beq.w	34186100 <_vfprintf_r+0xd30>
34185f40:	3301      	adds	r3, #1
34185f42:	3501      	adds	r5, #1
34185f44:	4432      	add	r2, r6
34185f46:	604e      	str	r6, [r1, #4]
34185f48:	2b07      	cmp	r3, #7
34185f4a:	600d      	str	r5, [r1, #0]
34185f4c:	e9cd 3227 	strd	r3, r2, [sp, #156]	@ 0x9c
34185f50:	f300 80c8 	bgt.w	341860e4 <_vfprintf_r+0xd14>
34185f54:	3108      	adds	r1, #8
34185f56:	9813      	ldr	r0, [sp, #76]	@ 0x4c
34185f58:	3301      	adds	r3, #1
34185f5a:	4402      	add	r2, r0
34185f5c:	6048      	str	r0, [r1, #4]
34185f5e:	2b07      	cmp	r3, #7
34185f60:	a81e      	add	r0, sp, #120	@ 0x78
34185f62:	e9cd 3227 	strd	r3, r2, [sp, #156]	@ 0x9c
34185f66:	6008      	str	r0, [r1, #0]
34185f68:	dcb9      	bgt.n	34185ede <_vfprintf_r+0xb0e>
34185f6a:	f101 0708 	add.w	r7, r1, #8
34185f6e:	e405      	b.n	3418577c <_vfprintf_r+0x3ac>
34185f70:	aa26      	add	r2, sp, #152	@ 0x98
34185f72:	9903      	ldr	r1, [sp, #12]
34185f74:	4658      	mov	r0, fp
34185f76:	f001 fe57 	bl	34187c28 <__sprint_r>
34185f7a:	2800      	cmp	r0, #0
34185f7c:	f47f ab73 	bne.w	34185666 <_vfprintf_r+0x296>
34185f80:	9a28      	ldr	r2, [sp, #160]	@ 0xa0
34185f82:	af29      	add	r7, sp, #164	@ 0xa4
34185f84:	f7ff bbe0 	b.w	34185748 <_vfprintf_r+0x378>
34185f88:	3418b1d8 	.word	0x3418b1d8
34185f8c:	3418b41c 	.word	0x3418b41c
34185f90:	aa26      	add	r2, sp, #152	@ 0x98
34185f92:	9903      	ldr	r1, [sp, #12]
34185f94:	4658      	mov	r0, fp
34185f96:	f001 fe47 	bl	34187c28 <__sprint_r>
34185f9a:	2800      	cmp	r0, #0
34185f9c:	f47f ab63 	bne.w	34185666 <_vfprintf_r+0x296>
34185fa0:	9a28      	ldr	r2, [sp, #160]	@ 0xa0
34185fa2:	af29      	add	r7, sp, #164	@ 0xa4
34185fa4:	f7ff bbbf 	b.w	34185726 <_vfprintf_r+0x356>
34185fa8:	2c10      	cmp	r4, #16
34185faa:	9b27      	ldr	r3, [sp, #156]	@ 0x9c
34185fac:	f341 8076 	ble.w	3418709c <_vfprintf_r+0x1ccc>
34185fb0:	2510      	movs	r5, #16
34185fb2:	4eb4      	ldr	r6, [pc, #720]	@ (34186284 <_vfprintf_r+0xeb4>)
34185fb4:	f8dd 800c 	ldr.w	r8, [sp, #12]
34185fb8:	e002      	b.n	34185fc0 <_vfprintf_r+0xbf0>
34185fba:	3c10      	subs	r4, #16
34185fbc:	2c10      	cmp	r4, #16
34185fbe:	dd17      	ble.n	34185ff0 <_vfprintf_r+0xc20>
34185fc0:	3301      	adds	r3, #1
34185fc2:	3210      	adds	r2, #16
34185fc4:	2b07      	cmp	r3, #7
34185fc6:	e9c7 6500 	strd	r6, r5, [r7]
34185fca:	e9cd 3227 	strd	r3, r2, [sp, #156]	@ 0x9c
34185fce:	f107 0708 	add.w	r7, r7, #8
34185fd2:	ddf2      	ble.n	34185fba <_vfprintf_r+0xbea>
34185fd4:	aa26      	add	r2, sp, #152	@ 0x98
34185fd6:	4641      	mov	r1, r8
34185fd8:	4658      	mov	r0, fp
34185fda:	f001 fe25 	bl	34187c28 <__sprint_r>
34185fde:	2800      	cmp	r0, #0
34185fe0:	f47f ab41 	bne.w	34185666 <_vfprintf_r+0x296>
34185fe4:	3c10      	subs	r4, #16
34185fe6:	af29      	add	r7, sp, #164	@ 0xa4
34185fe8:	2c10      	cmp	r4, #16
34185fea:	e9dd 3227 	ldrd	r3, r2, [sp, #156]	@ 0x9c
34185fee:	dce7      	bgt.n	34185fc0 <_vfprintf_r+0xbf0>
34185ff0:	46b0      	mov	r8, r6
34185ff2:	3301      	adds	r3, #1
34185ff4:	4422      	add	r2, r4
34185ff6:	2b07      	cmp	r3, #7
34185ff8:	e9c7 8400 	strd	r8, r4, [r7]
34185ffc:	e9cd 3227 	strd	r3, r2, [sp, #156]	@ 0x9c
34186000:	f77f abc5 	ble.w	3418578e <_vfprintf_r+0x3be>
34186004:	aa26      	add	r2, sp, #152	@ 0x98
34186006:	9903      	ldr	r1, [sp, #12]
34186008:	4658      	mov	r0, fp
3418600a:	f001 fe0d 	bl	34187c28 <__sprint_r>
3418600e:	2800      	cmp	r0, #0
34186010:	f47f ab29 	bne.w	34185666 <_vfprintf_r+0x296>
34186014:	9a28      	ldr	r2, [sp, #160]	@ 0xa0
34186016:	f7ff bbba 	b.w	3418578e <_vfprintf_r+0x3be>
3418601a:	2300      	movs	r3, #0
3418601c:	2602      	movs	r6, #2
3418601e:	9310      	str	r3, [sp, #64]	@ 0x40
34186020:	e9cd 330d 	strd	r3, r3, [sp, #52]	@ 0x34
34186024:	f7ff bb71 	b.w	3418570a <_vfprintf_r+0x33a>
34186028:	9b04      	ldr	r3, [sp, #16]
3418602a:	ad52      	add	r5, sp, #328	@ 0x148
3418602c:	469a      	mov	sl, r3
3418602e:	930a      	str	r3, [sp, #40]	@ 0x28
34186030:	9310      	str	r3, [sp, #64]	@ 0x40
34186032:	9309      	str	r3, [sp, #36]	@ 0x24
34186034:	e9cd 330d 	strd	r3, r3, [sp, #52]	@ 0x34
34186038:	f7ff bb59 	b.w	341856ee <_vfprintf_r+0x31e>
3418603c:	2302      	movs	r3, #2
3418603e:	930c      	str	r3, [sp, #48]	@ 0x30
34186040:	2e10      	cmp	r6, #16
34186042:	4672      	mov	r2, lr
34186044:	f340 87cd 	ble.w	34186fe2 <_vfprintf_r+0x1c12>
34186048:	46bc      	mov	ip, r7
3418604a:	2310      	movs	r3, #16
3418604c:	462f      	mov	r7, r5
3418604e:	f8dd 800c 	ldr.w	r8, [sp, #12]
34186052:	4625      	mov	r5, r4
34186054:	4c8b      	ldr	r4, [pc, #556]	@ (34186284 <_vfprintf_r+0xeb4>)
34186056:	e002      	b.n	3418605e <_vfprintf_r+0xc8e>
34186058:	3e10      	subs	r6, #16
3418605a:	2e10      	cmp	r6, #16
3418605c:	dd19      	ble.n	34186092 <_vfprintf_r+0xcc2>
3418605e:	3101      	adds	r1, #1
34186060:	3210      	adds	r2, #16
34186062:	2907      	cmp	r1, #7
34186064:	e9cc 4300 	strd	r4, r3, [ip]
34186068:	e9cd 1227 	strd	r1, r2, [sp, #156]	@ 0x9c
3418606c:	f10c 0c08 	add.w	ip, ip, #8
34186070:	ddf2      	ble.n	34186058 <_vfprintf_r+0xc88>
34186072:	aa26      	add	r2, sp, #152	@ 0x98
34186074:	4641      	mov	r1, r8
34186076:	4658      	mov	r0, fp
34186078:	f001 fdd6 	bl	34187c28 <__sprint_r>
3418607c:	f10d 0ca4 	add.w	ip, sp, #164	@ 0xa4
34186080:	2800      	cmp	r0, #0
34186082:	f47f aaf0 	bne.w	34185666 <_vfprintf_r+0x296>
34186086:	3e10      	subs	r6, #16
34186088:	2310      	movs	r3, #16
3418608a:	2e10      	cmp	r6, #16
3418608c:	e9dd 1227 	ldrd	r1, r2, [sp, #156]	@ 0x9c
34186090:	dce5      	bgt.n	3418605e <_vfprintf_r+0xc8e>
34186092:	46a0      	mov	r8, r4
34186094:	462c      	mov	r4, r5
34186096:	463d      	mov	r5, r7
34186098:	4667      	mov	r7, ip
3418609a:	f101 0c01 	add.w	ip, r1, #1
3418609e:	4432      	add	r2, r6
341860a0:	f8c7 8000 	str.w	r8, [r7]
341860a4:	f1bc 0f07 	cmp.w	ip, #7
341860a8:	607e      	str	r6, [r7, #4]
341860aa:	e9cd c227 	strd	ip, r2, [sp, #156]	@ 0x9c
341860ae:	f300 82e6 	bgt.w	3418667e <_vfprintf_r+0x12ae>
341860b2:	f89d 3067 	ldrb.w	r3, [sp, #103]	@ 0x67
341860b6:	3708      	adds	r7, #8
341860b8:	2b00      	cmp	r3, #0
341860ba:	f040 80e7 	bne.w	3418628c <_vfprintf_r+0xebc>
341860be:	990c      	ldr	r1, [sp, #48]	@ 0x30
341860c0:	2900      	cmp	r1, #0
341860c2:	f43f ab45 	beq.w	34185750 <_vfprintf_r+0x380>
341860c6:	930c      	str	r3, [sp, #48]	@ 0x30
341860c8:	f7ff bb30 	b.w	3418572c <_vfprintf_r+0x35c>
341860cc:	9802      	ldr	r0, [sp, #8]
341860ce:	07c6      	lsls	r6, r0, #31
341860d0:	f53f af1a 	bmi.w	34185f08 <_vfprintf_r+0xb38>
341860d4:	2001      	movs	r0, #1
341860d6:	2b07      	cmp	r3, #7
341860d8:	603d      	str	r5, [r7, #0]
341860da:	6078      	str	r0, [r7, #4]
341860dc:	e9cd 3227 	strd	r3, r2, [sp, #156]	@ 0x9c
341860e0:	f77f af39 	ble.w	34185f56 <_vfprintf_r+0xb86>
341860e4:	aa26      	add	r2, sp, #152	@ 0x98
341860e6:	9903      	ldr	r1, [sp, #12]
341860e8:	4658      	mov	r0, fp
341860ea:	f001 fd9d 	bl	34187c28 <__sprint_r>
341860ee:	2800      	cmp	r0, #0
341860f0:	f47f aab9 	bne.w	34185666 <_vfprintf_r+0x296>
341860f4:	a929      	add	r1, sp, #164	@ 0xa4
341860f6:	e9dd 3227 	ldrd	r3, r2, [sp, #156]	@ 0x9c
341860fa:	e72c      	b.n	34185f56 <_vfprintf_r+0xb86>
341860fc:	9927      	ldr	r1, [sp, #156]	@ 0x9c
341860fe:	e79f      	b.n	34186040 <_vfprintf_r+0xc70>
34186100:	980f      	ldr	r0, [sp, #60]	@ 0x3c
34186102:	2801      	cmp	r0, #1
34186104:	f77f af27 	ble.w	34185f56 <_vfprintf_r+0xb86>
34186108:	2811      	cmp	r0, #17
3418610a:	f341 81ac 	ble.w	34187466 <_vfprintf_r+0x2096>
3418610e:	2410      	movs	r4, #16
34186110:	4f5d      	ldr	r7, [pc, #372]	@ (34186288 <_vfprintf_r+0xeb8>)
34186112:	9d03      	ldr	r5, [sp, #12]
34186114:	e003      	b.n	3418611e <_vfprintf_r+0xd4e>
34186116:	3e10      	subs	r6, #16
34186118:	2e10      	cmp	r6, #16
3418611a:	f340 8404 	ble.w	34186926 <_vfprintf_r+0x1556>
3418611e:	3301      	adds	r3, #1
34186120:	3210      	adds	r2, #16
34186122:	2b07      	cmp	r3, #7
34186124:	e9c1 7400 	strd	r7, r4, [r1]
34186128:	e9cd 3227 	strd	r3, r2, [sp, #156]	@ 0x9c
3418612c:	f101 0108 	add.w	r1, r1, #8
34186130:	ddf1      	ble.n	34186116 <_vfprintf_r+0xd46>
34186132:	aa26      	add	r2, sp, #152	@ 0x98
34186134:	4629      	mov	r1, r5
34186136:	4658      	mov	r0, fp
34186138:	f001 fd76 	bl	34187c28 <__sprint_r>
3418613c:	2800      	cmp	r0, #0
3418613e:	f47f aa92 	bne.w	34185666 <_vfprintf_r+0x296>
34186142:	a929      	add	r1, sp, #164	@ 0xa4
34186144:	e9dd 3227 	ldrd	r3, r2, [sp, #156]	@ 0x9c
34186148:	e7e5      	b.n	34186116 <_vfprintf_r+0xd46>
3418614a:	aa26      	add	r2, sp, #152	@ 0x98
3418614c:	9903      	ldr	r1, [sp, #12]
3418614e:	4658      	mov	r0, fp
34186150:	f001 fd6a 	bl	34187c28 <__sprint_r>
34186154:	2800      	cmp	r0, #0
34186156:	f47f aa86 	bne.w	34185666 <_vfprintf_r+0x296>
3418615a:	9a28      	ldr	r2, [sp, #160]	@ 0xa0
3418615c:	af29      	add	r7, sp, #164	@ 0xa4
3418615e:	f7ff bafd 	b.w	3418575c <_vfprintf_r+0x38c>
34186162:	9e0d      	ldr	r6, [sp, #52]	@ 0x34
34186164:	9b0f      	ldr	r3, [sp, #60]	@ 0x3c
34186166:	429e      	cmp	r6, r3
34186168:	bfa8      	it	ge
3418616a:	461e      	movge	r6, r3
3418616c:	2e00      	cmp	r6, #0
3418616e:	dd0a      	ble.n	34186186 <_vfprintf_r+0xdb6>
34186170:	9b27      	ldr	r3, [sp, #156]	@ 0x9c
34186172:	4432      	add	r2, r6
34186174:	3301      	adds	r3, #1
34186176:	9228      	str	r2, [sp, #160]	@ 0xa0
34186178:	2b07      	cmp	r3, #7
3418617a:	9327      	str	r3, [sp, #156]	@ 0x9c
3418617c:	e9c7 5600 	strd	r5, r6, [r7]
34186180:	f300 8687 	bgt.w	34186e92 <_vfprintf_r+0x1ac2>
34186184:	3708      	adds	r7, #8
34186186:	9c0d      	ldr	r4, [sp, #52]	@ 0x34
34186188:	2e00      	cmp	r6, #0
3418618a:	bfa8      	it	ge
3418618c:	1ba4      	subge	r4, r4, r6
3418618e:	2c00      	cmp	r4, #0
34186190:	f300 83a5 	bgt.w	341868de <_vfprintf_r+0x150e>
34186194:	9b0d      	ldr	r3, [sp, #52]	@ 0x34
34186196:	eb03 0a05 	add.w	sl, r3, r5
3418619a:	9b02      	ldr	r3, [sp, #8]
3418619c:	0558      	lsls	r0, r3, #21
3418619e:	f100 8517 	bmi.w	34186bd0 <_vfprintf_r+0x1800>
341861a2:	9c1b      	ldr	r4, [sp, #108]	@ 0x6c
341861a4:	9b0f      	ldr	r3, [sp, #60]	@ 0x3c
341861a6:	429c      	cmp	r4, r3
341861a8:	db03      	blt.n	341861b2 <_vfprintf_r+0xde2>
341861aa:	9902      	ldr	r1, [sp, #8]
341861ac:	07c9      	lsls	r1, r1, #31
341861ae:	f140 8479 	bpl.w	34186aa4 <_vfprintf_r+0x16d4>
341861b2:	9b11      	ldr	r3, [sp, #68]	@ 0x44
341861b4:	9912      	ldr	r1, [sp, #72]	@ 0x48
341861b6:	441a      	add	r2, r3
341861b8:	e9c7 1300 	strd	r1, r3, [r7]
341861bc:	9b27      	ldr	r3, [sp, #156]	@ 0x9c
341861be:	9228      	str	r2, [sp, #160]	@ 0xa0
341861c0:	3301      	adds	r3, #1
341861c2:	2b07      	cmp	r3, #7
341861c4:	9327      	str	r3, [sp, #156]	@ 0x9c
341861c6:	f300 869f 	bgt.w	34186f08 <_vfprintf_r+0x1b38>
341861ca:	3708      	adds	r7, #8
341861cc:	9b0f      	ldr	r3, [sp, #60]	@ 0x3c
341861ce:	441d      	add	r5, r3
341861d0:	1b1c      	subs	r4, r3, r4
341861d2:	eba5 050a 	sub.w	r5, r5, sl
341861d6:	42a5      	cmp	r5, r4
341861d8:	bfa8      	it	ge
341861da:	4625      	movge	r5, r4
341861dc:	2d00      	cmp	r5, #0
341861de:	dd0b      	ble.n	341861f8 <_vfprintf_r+0xe28>
341861e0:	9b27      	ldr	r3, [sp, #156]	@ 0x9c
341861e2:	442a      	add	r2, r5
341861e4:	f8c7 a000 	str.w	sl, [r7]
341861e8:	3301      	adds	r3, #1
341861ea:	607d      	str	r5, [r7, #4]
341861ec:	9228      	str	r2, [sp, #160]	@ 0xa0
341861ee:	2b07      	cmp	r3, #7
341861f0:	9327      	str	r3, [sp, #156]	@ 0x9c
341861f2:	f300 8708 	bgt.w	34187006 <_vfprintf_r+0x1c36>
341861f6:	3708      	adds	r7, #8
341861f8:	2d00      	cmp	r5, #0
341861fa:	bfa8      	it	ge
341861fc:	1b64      	subge	r4, r4, r5
341861fe:	2c00      	cmp	r4, #0
34186200:	f77f aabc 	ble.w	3418577c <_vfprintf_r+0x3ac>
34186204:	2c10      	cmp	r4, #16
34186206:	9b27      	ldr	r3, [sp, #156]	@ 0x9c
34186208:	f341 80af 	ble.w	3418736a <_vfprintf_r+0x1f9a>
3418620c:	2510      	movs	r5, #16
3418620e:	4e1e      	ldr	r6, [pc, #120]	@ (34186288 <_vfprintf_r+0xeb8>)
34186210:	f8dd 800c 	ldr.w	r8, [sp, #12]
34186214:	e003      	b.n	3418621e <_vfprintf_r+0xe4e>
34186216:	3c10      	subs	r4, #16
34186218:	2c10      	cmp	r4, #16
3418621a:	f340 833e 	ble.w	3418689a <_vfprintf_r+0x14ca>
3418621e:	3301      	adds	r3, #1
34186220:	3210      	adds	r2, #16
34186222:	2b07      	cmp	r3, #7
34186224:	e9c7 6500 	strd	r6, r5, [r7]
34186228:	e9cd 3227 	strd	r3, r2, [sp, #156]	@ 0x9c
3418622c:	f107 0708 	add.w	r7, r7, #8
34186230:	ddf1      	ble.n	34186216 <_vfprintf_r+0xe46>
34186232:	aa26      	add	r2, sp, #152	@ 0x98
34186234:	4641      	mov	r1, r8
34186236:	4658      	mov	r0, fp
34186238:	f001 fcf6 	bl	34187c28 <__sprint_r>
3418623c:	2800      	cmp	r0, #0
3418623e:	f47f aa12 	bne.w	34185666 <_vfprintf_r+0x296>
34186242:	af29      	add	r7, sp, #164	@ 0xa4
34186244:	e9dd 3227 	ldrd	r3, r2, [sp, #156]	@ 0x9c
34186248:	e7e5      	b.n	34186216 <_vfprintf_r+0xe46>
3418624a:	0497      	lsls	r7, r2, #18
3418624c:	f57f a8f8 	bpl.w	34185440 <_vfprintf_r+0x70>
34186250:	f001 b835 	b.w	341872be <_vfprintf_r+0x1eee>
34186254:	9b02      	ldr	r3, [sp, #8]
34186256:	07dd      	lsls	r5, r3, #31
34186258:	f57f aa90 	bpl.w	3418577c <_vfprintf_r+0x3ac>
3418625c:	e544      	b.n	34185ce8 <_vfprintf_r+0x918>
3418625e:	782c      	ldrb	r4, [r5, #0]
34186260:	930b      	str	r3, [sp, #44]	@ 0x2c
34186262:	f7ff b92e 	b.w	341854c2 <_vfprintf_r+0xf2>
34186266:	f021 0380 	bic.w	r3, r1, #128	@ 0x80
3418626a:	9302      	str	r3, [sp, #8]
3418626c:	f47f ab86 	bne.w	3418597c <_vfprintf_r+0x5ac>
34186270:	ea56 0308 	orrs.w	r3, r6, r8
34186274:	f47f ab82 	bne.w	3418597c <_vfprintf_r+0x5ac>
34186278:	bf14      	ite	ne
3418627a:	2301      	movne	r3, #1
3418627c:	4613      	moveq	r3, r2
3418627e:	930d      	str	r3, [sp, #52]	@ 0x34
34186280:	f7ff bbe5 	b.w	34185a4e <_vfprintf_r+0x67e>
34186284:	3418b42c 	.word	0x3418b42c
34186288:	3418b41c 	.word	0x3418b41c
3418628c:	2300      	movs	r3, #0
3418628e:	9e0c      	ldr	r6, [sp, #48]	@ 0x30
34186290:	930c      	str	r3, [sp, #48]	@ 0x30
34186292:	f7ff ba3a 	b.w	3418570a <_vfprintf_r+0x33a>
34186296:	9b02      	ldr	r3, [sp, #8]
34186298:	9a0b      	ldr	r2, [sp, #44]	@ 0x2c
3418629a:	06d9      	lsls	r1, r3, #27
3418629c:	f852 6b04 	ldr.w	r6, [r2], #4
341862a0:	f101 811f 	bmi.w	341874e2 <_vfprintf_r+0x2112>
341862a4:	9b02      	ldr	r3, [sp, #8]
341862a6:	065d      	lsls	r5, r3, #25
341862a8:	f140 836f 	bpl.w	3418698a <_vfprintf_r+0x15ba>
341862ac:	f346 38c0 	sbfx	r8, r6, #15, #1
341862b0:	920b      	str	r2, [sp, #44]	@ 0x2c
341862b2:	b236      	sxth	r6, r6
341862b4:	4643      	mov	r3, r8
341862b6:	f7ff bac9 	b.w	3418584c <_vfprintf_r+0x47c>
341862ba:	eeb4 8b48 	vcmp.f64	d8, d8
341862be:	eef1 fa10 	vmrs	APSR_nzcv, fpscr
341862c2:	f180 874f 	bvs.w	34187164 <_vfprintf_r+0x1d94>
341862c6:	f024 0620 	bic.w	r6, r4, #32
341862ca:	2e41      	cmp	r6, #65	@ 0x41
341862cc:	f040 8368 	bne.w	341869a0 <_vfprintf_r+0x15d0>
341862d0:	2330      	movs	r3, #48	@ 0x30
341862d2:	2c61      	cmp	r4, #97	@ 0x61
341862d4:	f88d 3068 	strb.w	r3, [sp, #104]	@ 0x68
341862d8:	bf14      	ite	ne
341862da:	2358      	movne	r3, #88	@ 0x58
341862dc:	2378      	moveq	r3, #120	@ 0x78
341862de:	f1ba 0f63 	cmp.w	sl, #99	@ 0x63
341862e2:	f88d 3069 	strb.w	r3, [sp, #105]	@ 0x69
341862e6:	f300 8433 	bgt.w	34186b50 <_vfprintf_r+0x1780>
341862ea:	ee18 3a90 	vmov	r3, s17
341862ee:	2b00      	cmp	r3, #0
341862f0:	f2c0 8714 	blt.w	3418711c <_vfprintf_r+0x1d4c>
341862f4:	eeb0 0b48 	vmov.f64	d0, d8
341862f8:	f04f 0800 	mov.w	r8, #0
341862fc:	ad39      	add	r5, sp, #228	@ 0xe4
341862fe:	f8cd 8024 	str.w	r8, [sp, #36]	@ 0x24
34186302:	9b02      	ldr	r3, [sp, #8]
34186304:	a81b      	add	r0, sp, #108	@ 0x6c
34186306:	f043 0302 	orr.w	r3, r3, #2
3418630a:	9302      	str	r3, [sp, #8]
3418630c:	f001 ff74 	bl	341881f8 <frexp>
34186310:	eeb4 7b00 	vmov.f64	d7, #64	@ 0x3e000000  0.125
34186314:	ee20 7b07 	vmul.f64	d7, d0, d7
34186318:	eeb5 7b40 	vcmp.f64	d7, #0.0
3418631c:	eef1 fa10 	vmrs	APSR_nzcv, fpscr
34186320:	d101      	bne.n	34186326 <_vfprintf_r+0xf56>
34186322:	2301      	movs	r3, #1
34186324:	931b      	str	r3, [sp, #108]	@ 0x6c
34186326:	2c61      	cmp	r4, #97	@ 0x61
34186328:	eeb3 4b00 	vmov.f64	d4, #48	@ 0x41800000  16.0
3418632c:	462b      	mov	r3, r5
3418632e:	4651      	mov	r1, sl
34186330:	bf0c      	ite	eq
34186332:	48ac      	ldreq	r0, [pc, #688]	@ (341865e4 <_vfprintf_r+0x1214>)
34186334:	48ac      	ldrne	r0, [pc, #688]	@ (341865e8 <_vfprintf_r+0x1218>)
34186336:	e006      	b.n	34186346 <_vfprintf_r+0xf76>
34186338:	eeb5 7b40 	vcmp.f64	d7, #0.0
3418633c:	eef1 fa10 	vmrs	APSR_nzcv, fpscr
34186340:	f000 879a 	beq.w	34187278 <_vfprintf_r+0x1ea8>
34186344:	4611      	mov	r1, r2
34186346:	ee27 7b04 	vmul.f64	d7, d7, d4
3418634a:	461e      	mov	r6, r3
3418634c:	1e4a      	subs	r2, r1, #1
3418634e:	eefd 6bc7 	vcvt.s32.f64	s13, d7
34186352:	ee16 ca90 	vmov	ip, s13
34186356:	eeb8 5be6 	vcvt.f64.s32	d5, s13
3418635a:	f810 c00c 	ldrb.w	ip, [r0, ip]
3418635e:	ee37 7b45 	vsub.f64	d7, d7, d5
34186362:	f803 cb01 	strb.w	ip, [r3], #1
34186366:	2900      	cmp	r1, #0
34186368:	d1e6      	bne.n	34186338 <_vfprintf_r+0xf68>
3418636a:	eeb6 5b00 	vmov.f64	d5, #96	@ 0x3f000000  0.5
3418636e:	eeb4 7bc5 	vcmpe.f64	d7, d5
34186372:	eef1 fa10 	vmrs	APSR_nzcv, fpscr
34186376:	dc08      	bgt.n	3418638a <_vfprintf_r+0xfba>
34186378:	eeb4 7b45 	vcmp.f64	d7, d5
3418637c:	eef1 fa10 	vmrs	APSR_nzcv, fpscr
34186380:	d11c      	bne.n	341863bc <_vfprintf_r+0xfec>
34186382:	ee16 2a90 	vmov	r2, s13
34186386:	07d2      	lsls	r2, r2, #31
34186388:	d518      	bpl.n	341863bc <_vfprintf_r+0xfec>
3418638a:	9624      	str	r6, [sp, #144]	@ 0x90
3418638c:	461a      	mov	r2, r3
3418638e:	7bc6      	ldrb	r6, [r0, #15]
34186390:	f813 1c01 	ldrb.w	r1, [r3, #-1]
34186394:	428e      	cmp	r6, r1
34186396:	d10a      	bne.n	341863ae <_vfprintf_r+0xfde>
34186398:	f04f 0c30 	mov.w	ip, #48	@ 0x30
3418639c:	f802 cc01 	strb.w	ip, [r2, #-1]
341863a0:	9a24      	ldr	r2, [sp, #144]	@ 0x90
341863a2:	1e51      	subs	r1, r2, #1
341863a4:	9124      	str	r1, [sp, #144]	@ 0x90
341863a6:	f812 1c01 	ldrb.w	r1, [r2, #-1]
341863aa:	428e      	cmp	r6, r1
341863ac:	d0f6      	beq.n	3418639c <_vfprintf_r+0xfcc>
341863ae:	2939      	cmp	r1, #57	@ 0x39
341863b0:	f001 8061 	beq.w	34187476 <_vfprintf_r+0x20a6>
341863b4:	3101      	adds	r1, #1
341863b6:	b2c9      	uxtb	r1, r1
341863b8:	f802 1c01 	strb.w	r1, [r2, #-1]
341863bc:	1b5b      	subs	r3, r3, r5
341863be:	9a1b      	ldr	r2, [sp, #108]	@ 0x6c
341863c0:	930f      	str	r3, [sp, #60]	@ 0x3c
341863c2:	f104 030f 	add.w	r3, r4, #15
341863c6:	f88d 3078 	strb.w	r3, [sp, #120]	@ 0x78
341863ca:	1e53      	subs	r3, r2, #1
341863cc:	2b00      	cmp	r3, #0
341863ce:	931b      	str	r3, [sp, #108]	@ 0x6c
341863d0:	f2c0 87b2 	blt.w	34187338 <_vfprintf_r+0x1f68>
341863d4:	222b      	movs	r2, #43	@ 0x2b
341863d6:	2b09      	cmp	r3, #9
341863d8:	f88d 2079 	strb.w	r2, [sp, #121]	@ 0x79
341863dc:	f300 84f5 	bgt.w	34186dca <_vfprintf_r+0x19fa>
341863e0:	f10d 027a 	add.w	r2, sp, #122	@ 0x7a
341863e4:	3330      	adds	r3, #48	@ 0x30
341863e6:	f802 3b01 	strb.w	r3, [r2], #1
341863ea:	ab1e      	add	r3, sp, #120	@ 0x78
341863ec:	1ad3      	subs	r3, r2, r3
341863ee:	9313      	str	r3, [sp, #76]	@ 0x4c
341863f0:	9b0f      	ldr	r3, [sp, #60]	@ 0x3c
341863f2:	9a13      	ldr	r2, [sp, #76]	@ 0x4c
341863f4:	2b01      	cmp	r3, #1
341863f6:	441a      	add	r2, r3
341863f8:	920a      	str	r2, [sp, #40]	@ 0x28
341863fa:	f340 867f 	ble.w	341870fc <_vfprintf_r+0x1d2c>
341863fe:	9b0a      	ldr	r3, [sp, #40]	@ 0x28
34186400:	9a11      	ldr	r2, [sp, #68]	@ 0x44
34186402:	4413      	add	r3, r2
34186404:	930a      	str	r3, [sp, #40]	@ 0x28
34186406:	9a02      	ldr	r2, [sp, #8]
34186408:	f422 6380 	bic.w	r3, r2, #1024	@ 0x400
3418640c:	f002 0202 	and.w	r2, r2, #2
34186410:	f443 7380 	orr.w	r3, r3, #256	@ 0x100
34186414:	920d      	str	r2, [sp, #52]	@ 0x34
34186416:	9302      	str	r3, [sp, #8]
34186418:	9b0a      	ldr	r3, [sp, #40]	@ 0x28
3418641a:	ea23 73e3 	bic.w	r3, r3, r3, asr #31
3418641e:	9304      	str	r3, [sp, #16]
34186420:	f1b8 0f00 	cmp.w	r8, #0
34186424:	f000 8665 	beq.w	341870f2 <_vfprintf_r+0x1d22>
34186428:	202d      	movs	r0, #45	@ 0x2d
3418642a:	f04f 0a00 	mov.w	sl, #0
3418642e:	f88d 0067 	strb.w	r0, [sp, #103]	@ 0x67
34186432:	f7ff babb 	b.w	341859ac <_vfprintf_r+0x5dc>
34186436:	9a02      	ldr	r2, [sp, #8]
34186438:	06d0      	lsls	r0, r2, #27
3418643a:	f100 8240 	bmi.w	341868be <_vfprintf_r+0x14ee>
3418643e:	9a02      	ldr	r2, [sp, #8]
34186440:	0651      	lsls	r1, r2, #25
34186442:	f100 8343 	bmi.w	34186acc <_vfprintf_r+0x16fc>
34186446:	9a02      	ldr	r2, [sp, #8]
34186448:	0592      	lsls	r2, r2, #22
3418644a:	f140 8238 	bpl.w	341868be <_vfprintf_r+0x14ee>
3418644e:	9a0b      	ldr	r2, [sp, #44]	@ 0x2c
34186450:	9907      	ldr	r1, [sp, #28]
34186452:	6812      	ldr	r2, [r2, #0]
34186454:	7011      	strb	r1, [r2, #0]
34186456:	f7ff bb52 	b.w	34185afe <_vfprintf_r+0x72e>
3418645a:	9902      	ldr	r1, [sp, #8]
3418645c:	9a0b      	ldr	r2, [sp, #44]	@ 0x2c
3418645e:	f011 0010 	ands.w	r0, r1, #16
34186462:	f852 3b04 	ldr.w	r3, [r2], #4
34186466:	f47f ab93 	bne.w	34185b90 <_vfprintf_r+0x7c0>
3418646a:	9d02      	ldr	r5, [sp, #8]
3418646c:	f015 0140 	ands.w	r1, r5, #64	@ 0x40
34186470:	f000 8266 	beq.w	34186940 <_vfprintf_r+0x1570>
34186474:	f04f 0800 	mov.w	r8, #0
34186478:	b29b      	uxth	r3, r3
3418647a:	f88d 0067 	strb.w	r0, [sp, #103]	@ 0x67
3418647e:	45c2      	cmp	sl, r8
34186480:	461e      	mov	r6, r3
34186482:	f2c0 833b 	blt.w	34186afc <_vfprintf_r+0x172c>
34186486:	f025 0180 	bic.w	r1, r5, #128	@ 0x80
3418648a:	ea5a 0303 	orrs.w	r3, sl, r3
3418648e:	9102      	str	r1, [sp, #8]
34186490:	920b      	str	r2, [sp, #44]	@ 0x2c
34186492:	930d      	str	r3, [sp, #52]	@ 0x34
34186494:	f47f aa72 	bne.w	3418597c <_vfprintf_r+0x5ac>
34186498:	f7ff bad9 	b.w	34185a4e <_vfprintf_r+0x67e>
3418649c:	9902      	ldr	r1, [sp, #8]
3418649e:	9a0b      	ldr	r2, [sp, #44]	@ 0x2c
341864a0:	06c8      	lsls	r0, r1, #27
341864a2:	f852 3b04 	ldr.w	r3, [r2], #4
341864a6:	f101 8019 	bmi.w	341874dc <_vfprintf_r+0x210c>
341864aa:	9802      	ldr	r0, [sp, #8]
341864ac:	0641      	lsls	r1, r0, #25
341864ae:	f140 8262 	bpl.w	34186976 <_vfprintf_r+0x15a6>
341864b2:	b29b      	uxth	r3, r3
341864b4:	2100      	movs	r1, #0
341864b6:	920b      	str	r2, [sp, #44]	@ 0x2c
341864b8:	f7ff baf4 	b.w	34185aa4 <_vfprintf_r+0x6d4>
341864bc:	2330      	movs	r3, #48	@ 0x30
341864be:	3802      	subs	r0, #2
341864c0:	f805 3c01 	strb.w	r3, [r5, #-1]
341864c4:	ab52      	add	r3, sp, #328	@ 0x148
341864c6:	4605      	mov	r5, r0
341864c8:	1a1b      	subs	r3, r3, r0
341864ca:	4553      	cmp	r3, sl
341864cc:	930a      	str	r3, [sp, #40]	@ 0x28
341864ce:	bfb8      	it	lt
341864d0:	4653      	movlt	r3, sl
341864d2:	9304      	str	r3, [sp, #16]
341864d4:	f7ff bb4d 	b.w	34185b72 <_vfprintf_r+0x7a2>
341864d8:	4e43      	ldr	r6, [pc, #268]	@ (341865e8 <_vfprintf_r+0x1218>)
341864da:	9506      	str	r5, [sp, #24]
341864dc:	9b02      	ldr	r3, [sp, #8]
341864de:	9a0b      	ldr	r2, [sp, #44]	@ 0x2c
341864e0:	069b      	lsls	r3, r3, #26
341864e2:	f140 809c 	bpl.w	3418661e <_vfprintf_r+0x124e>
341864e6:	3207      	adds	r2, #7
341864e8:	f022 0207 	bic.w	r2, r2, #7
341864ec:	6851      	ldr	r1, [r2, #4]
341864ee:	f852 3b08 	ldr.w	r3, [r2], #8
341864f2:	ea53 0001 	orrs.w	r0, r3, r1
341864f6:	9d02      	ldr	r5, [sp, #8]
341864f8:	bf14      	ite	ne
341864fa:	2001      	movne	r0, #1
341864fc:	2000      	moveq	r0, #0
341864fe:	07ed      	lsls	r5, r5, #31
34186500:	d502      	bpl.n	34186508 <_vfprintf_r+0x1138>
34186502:	2800      	cmp	r0, #0
34186504:	f040 80d5 	bne.w	341866b2 <_vfprintf_r+0x12e2>
34186508:	2500      	movs	r5, #0
3418650a:	45aa      	cmp	sl, r5
3418650c:	f88d 5067 	strb.w	r5, [sp, #103]	@ 0x67
34186510:	f2c0 80ad 	blt.w	3418666e <_vfprintf_r+0x129e>
34186514:	9d02      	ldr	r5, [sp, #8]
34186516:	f425 6590 	bic.w	r5, r5, #1152	@ 0x480
3418651a:	9502      	str	r5, [sp, #8]
3418651c:	f040 80e0 	bne.w	341866e0 <_vfprintf_r+0x1310>
34186520:	2800      	cmp	r0, #0
34186522:	f040 80dd 	bne.w	341866e0 <_vfprintf_r+0x1310>
34186526:	920b      	str	r2, [sp, #44]	@ 0x2c
34186528:	900d      	str	r0, [sp, #52]	@ 0x34
3418652a:	f7ff ba90 	b.w	34185a4e <_vfprintf_r+0x67e>
3418652e:	4e2d      	ldr	r6, [pc, #180]	@ (341865e4 <_vfprintf_r+0x1214>)
34186530:	9506      	str	r5, [sp, #24]
34186532:	e7d3      	b.n	341864dc <_vfprintf_r+0x110c>
34186534:	9802      	ldr	r0, [sp, #8]
34186536:	2478      	movs	r4, #120	@ 0x78
34186538:	920b      	str	r2, [sp, #44]	@ 0x2c
3418653a:	2202      	movs	r2, #2
3418653c:	f040 0002 	orr.w	r0, r0, #2
34186540:	4e28      	ldr	r6, [pc, #160]	@ (341865e4 <_vfprintf_r+0x1214>)
34186542:	920d      	str	r2, [sp, #52]	@ 0x34
34186544:	9002      	str	r0, [sp, #8]
34186546:	4608      	mov	r0, r1
34186548:	ad52      	add	r5, sp, #328	@ 0x148
3418654a:	f003 020f 	and.w	r2, r3, #15
3418654e:	091b      	lsrs	r3, r3, #4
34186550:	5cb2      	ldrb	r2, [r6, r2]
34186552:	ea43 7301 	orr.w	r3, r3, r1, lsl #28
34186556:	0909      	lsrs	r1, r1, #4
34186558:	f805 2d01 	strb.w	r2, [r5, #-1]!
3418655c:	ea53 0201 	orrs.w	r2, r3, r1
34186560:	d1f3      	bne.n	3418654a <_vfprintf_r+0x117a>
34186562:	ab52      	add	r3, sp, #328	@ 0x148
34186564:	1b5b      	subs	r3, r3, r5
34186566:	4553      	cmp	r3, sl
34186568:	930a      	str	r3, [sp, #40]	@ 0x28
3418656a:	bfb8      	it	lt
3418656c:	4653      	movlt	r3, sl
3418656e:	9304      	str	r3, [sp, #16]
34186570:	f7ff ba19 	b.w	341859a6 <_vfprintf_r+0x5d6>
34186574:	aa26      	add	r2, sp, #152	@ 0x98
34186576:	9903      	ldr	r1, [sp, #12]
34186578:	4658      	mov	r0, fp
3418657a:	f001 fb55 	bl	34187c28 <__sprint_r>
3418657e:	2800      	cmp	r0, #0
34186580:	f47f a871 	bne.w	34185666 <_vfprintf_r+0x296>
34186584:	9a28      	ldr	r2, [sp, #160]	@ 0xa0
34186586:	af29      	add	r7, sp, #164	@ 0xa4
34186588:	f7ff b8e2 	b.w	34185750 <_vfprintf_r+0x380>
3418658c:	aa26      	add	r2, sp, #152	@ 0x98
3418658e:	9903      	ldr	r1, [sp, #12]
34186590:	4658      	mov	r0, fp
34186592:	f001 fb49 	bl	34187c28 <__sprint_r>
34186596:	2800      	cmp	r0, #0
34186598:	f47f a865 	bne.w	34185666 <_vfprintf_r+0x296>
3418659c:	9a28      	ldr	r2, [sp, #160]	@ 0xa0
3418659e:	af29      	add	r7, sp, #164	@ 0xa4
341865a0:	f7ff bbaf 	b.w	34185d02 <_vfprintf_r+0x932>
341865a4:	f043 0320 	orr.w	r3, r3, #32
341865a8:	786c      	ldrb	r4, [r5, #1]
341865aa:	3501      	adds	r5, #1
341865ac:	9302      	str	r3, [sp, #8]
341865ae:	f7fe bf88 	b.w	341854c2 <_vfprintf_r+0xf2>
341865b2:	f443 7300 	orr.w	r3, r3, #512	@ 0x200
341865b6:	786c      	ldrb	r4, [r5, #1]
341865b8:	3501      	adds	r5, #1
341865ba:	9302      	str	r3, [sp, #8]
341865bc:	f7fe bf81 	b.w	341854c2 <_vfprintf_r+0xf2>
341865c0:	4653      	mov	r3, sl
341865c2:	46aa      	mov	sl, r5
341865c4:	f8cd 802c 	str.w	r8, [sp, #44]	@ 0x2c
341865c8:	2b06      	cmp	r3, #6
341865ca:	f8cd a040 	str.w	sl, [sp, #64]	@ 0x40
341865ce:	bf28      	it	cs
341865d0:	2306      	movcs	r3, #6
341865d2:	e9cd aa0d 	strd	sl, sl, [sp, #52]	@ 0x34
341865d6:	e9cd 5309 	strd	r5, r3, [sp, #36]	@ 0x24
341865da:	9304      	str	r3, [sp, #16]
341865dc:	4d03      	ldr	r5, [pc, #12]	@ (341865ec <_vfprintf_r+0x121c>)
341865de:	f7ff b886 	b.w	341856ee <_vfprintf_r+0x31e>
341865e2:	bf00      	nop
341865e4:	3418b1a8 	.word	0x3418b1a8
341865e8:	3418b1bc 	.word	0x3418b1bc
341865ec:	3418b1d0 	.word	0x3418b1d0
341865f0:	2208      	movs	r2, #8
341865f2:	2100      	movs	r1, #0
341865f4:	a824      	add	r0, sp, #144	@ 0x90
341865f6:	ad39      	add	r5, sp, #228	@ 0xe4
341865f8:	f7fe f93e 	bl	34184878 <memset>
341865fc:	9a0b      	ldr	r2, [sp, #44]	@ 0x2c
341865fe:	ab24      	add	r3, sp, #144	@ 0x90
34186600:	4658      	mov	r0, fp
34186602:	6812      	ldr	r2, [r2, #0]
34186604:	4629      	mov	r1, r5
34186606:	f001 fdc3 	bl	34188190 <_wcrtomb_r>
3418660a:	900a      	str	r0, [sp, #40]	@ 0x28
3418660c:	3001      	adds	r0, #1
3418660e:	f000 871b 	beq.w	34187448 <_vfprintf_r+0x2078>
34186612:	9b0a      	ldr	r3, [sp, #40]	@ 0x28
34186614:	ea23 73e3 	bic.w	r3, r3, r3, asr #31
34186618:	9304      	str	r3, [sp, #16]
3418661a:	f7ff b94a 	b.w	341858b2 <_vfprintf_r+0x4e2>
3418661e:	9902      	ldr	r1, [sp, #8]
34186620:	f852 3b04 	ldr.w	r3, [r2], #4
34186624:	06cd      	lsls	r5, r1, #27
34186626:	d420      	bmi.n	3418666a <_vfprintf_r+0x129a>
34186628:	0648      	lsls	r0, r1, #25
3418662a:	d51a      	bpl.n	34186662 <_vfprintf_r+0x1292>
3418662c:	b29b      	uxth	r3, r3
3418662e:	2100      	movs	r1, #0
34186630:	e75f      	b.n	341864f2 <_vfprintf_r+0x1122>
34186632:	aa26      	add	r2, sp, #152	@ 0x98
34186634:	9903      	ldr	r1, [sp, #12]
34186636:	4658      	mov	r0, fp
34186638:	f001 faf6 	bl	34187c28 <__sprint_r>
3418663c:	2800      	cmp	r0, #0
3418663e:	f47f a812 	bne.w	34185666 <_vfprintf_r+0x296>
34186642:	a929      	add	r1, sp, #164	@ 0xa4
34186644:	e9dd 3227 	ldrd	r3, r2, [sp, #156]	@ 0x9c
34186648:	e472      	b.n	34185f30 <_vfprintf_r+0xb60>
3418664a:	aa26      	add	r2, sp, #152	@ 0x98
3418664c:	9903      	ldr	r1, [sp, #12]
3418664e:	4658      	mov	r0, fp
34186650:	f001 faea 	bl	34187c28 <__sprint_r>
34186654:	2800      	cmp	r0, #0
34186656:	f47f a806 	bne.w	34185666 <_vfprintf_r+0x296>
3418665a:	a929      	add	r1, sp, #164	@ 0xa4
3418665c:	e9dd 3227 	ldrd	r3, r2, [sp, #156]	@ 0x9c
34186660:	e45a      	b.n	34185f18 <_vfprintf_r+0xb48>
34186662:	9902      	ldr	r1, [sp, #8]
34186664:	0589      	lsls	r1, r1, #22
34186666:	f100 8246 	bmi.w	34186af6 <_vfprintf_r+0x1726>
3418666a:	2100      	movs	r1, #0
3418666c:	e741      	b.n	341864f2 <_vfprintf_r+0x1122>
3418666e:	9802      	ldr	r0, [sp, #8]
34186670:	950d      	str	r5, [sp, #52]	@ 0x34
34186672:	f420 6080 	bic.w	r0, r0, #1024	@ 0x400
34186676:	920b      	str	r2, [sp, #44]	@ 0x2c
34186678:	9002      	str	r0, [sp, #8]
3418667a:	4628      	mov	r0, r5
3418667c:	e764      	b.n	34186548 <_vfprintf_r+0x1178>
3418667e:	aa26      	add	r2, sp, #152	@ 0x98
34186680:	9903      	ldr	r1, [sp, #12]
34186682:	4658      	mov	r0, fp
34186684:	f001 fad0 	bl	34187c28 <__sprint_r>
34186688:	2800      	cmp	r0, #0
3418668a:	f47e afec 	bne.w	34185666 <_vfprintf_r+0x296>
3418668e:	f89d 3067 	ldrb.w	r3, [sp, #103]	@ 0x67
34186692:	9a28      	ldr	r2, [sp, #160]	@ 0xa0
34186694:	2b00      	cmp	r3, #0
34186696:	f000 8118 	beq.w	341868ca <_vfprintf_r+0x14fa>
3418669a:	9e0c      	ldr	r6, [sp, #48]	@ 0x30
3418669c:	af29      	add	r7, sp, #164	@ 0xa4
3418669e:	f8dd c09c 	ldr.w	ip, [sp, #156]	@ 0x9c
341866a2:	900c      	str	r0, [sp, #48]	@ 0x30
341866a4:	f7ff b831 	b.w	3418570a <_vfprintf_r+0x33a>
341866a8:	4658      	mov	r0, fp
341866aa:	f7fe f8bb 	bl	34184824 <__sinit>
341866ae:	f7fe beb0 	b.w	34185412 <_vfprintf_r+0x42>
341866b2:	2030      	movs	r0, #48	@ 0x30
341866b4:	f88d 4069 	strb.w	r4, [sp, #105]	@ 0x69
341866b8:	f88d 0068 	strb.w	r0, [sp, #104]	@ 0x68
341866bc:	2000      	movs	r0, #0
341866be:	4582      	cmp	sl, r0
341866c0:	f88d 0067 	strb.w	r0, [sp, #103]	@ 0x67
341866c4:	f2c0 8277 	blt.w	34186bb6 <_vfprintf_r+0x17e6>
341866c8:	9802      	ldr	r0, [sp, #8]
341866ca:	f420 6090 	bic.w	r0, r0, #1152	@ 0x480
341866ce:	f040 0002 	orr.w	r0, r0, #2
341866d2:	9002      	str	r0, [sp, #8]
341866d4:	2002      	movs	r0, #2
341866d6:	900d      	str	r0, [sp, #52]	@ 0x34
341866d8:	f89d 0067 	ldrb.w	r0, [sp, #103]	@ 0x67
341866dc:	920b      	str	r2, [sp, #44]	@ 0x2c
341866de:	e733      	b.n	34186548 <_vfprintf_r+0x1178>
341866e0:	2000      	movs	r0, #0
341866e2:	900d      	str	r0, [sp, #52]	@ 0x34
341866e4:	e7f8      	b.n	341866d8 <_vfprintf_r+0x1308>
341866e6:	aa26      	add	r2, sp, #152	@ 0x98
341866e8:	9903      	ldr	r1, [sp, #12]
341866ea:	4658      	mov	r0, fp
341866ec:	f001 fa9c 	bl	34187c28 <__sprint_r>
341866f0:	2800      	cmp	r0, #0
341866f2:	f47e afb8 	bne.w	34185666 <_vfprintf_r+0x296>
341866f6:	9a28      	ldr	r2, [sp, #160]	@ 0xa0
341866f8:	af29      	add	r7, sp, #164	@ 0xa4
341866fa:	f7ff baf0 	b.w	34185cde <_vfprintf_r+0x90e>
341866fe:	2208      	movs	r2, #8
34186700:	2100      	movs	r1, #0
34186702:	a824      	add	r0, sp, #144	@ 0x90
34186704:	951d      	str	r5, [sp, #116]	@ 0x74
34186706:	f7fe f8b7 	bl	34184878 <memset>
3418670a:	f1ba 0f00 	cmp.w	sl, #0
3418670e:	f2c0 8244 	blt.w	34186b9a <_vfprintf_r+0x17ca>
34186712:	2600      	movs	r6, #0
34186714:	9704      	str	r7, [sp, #16]
34186716:	4637      	mov	r7, r6
34186718:	e00e      	b.n	34186738 <_vfprintf_r+0x1368>
3418671a:	a939      	add	r1, sp, #228	@ 0xe4
3418671c:	4658      	mov	r0, fp
3418671e:	f001 fd37 	bl	34188190 <_wcrtomb_r>
34186722:	1c43      	adds	r3, r0, #1
34186724:	f106 0604 	add.w	r6, r6, #4
34186728:	4438      	add	r0, r7
3418672a:	f000 84ed 	beq.w	34187108 <_vfprintf_r+0x1d38>
3418672e:	4550      	cmp	r0, sl
34186730:	dc07      	bgt.n	34186742 <_vfprintf_r+0x1372>
34186732:	f000 8534 	beq.w	3418719e <_vfprintf_r+0x1dce>
34186736:	4607      	mov	r7, r0
34186738:	9a1d      	ldr	r2, [sp, #116]	@ 0x74
3418673a:	ab24      	add	r3, sp, #144	@ 0x90
3418673c:	5992      	ldr	r2, [r2, r6]
3418673e:	2a00      	cmp	r2, #0
34186740:	d1eb      	bne.n	3418671a <_vfprintf_r+0x134a>
34186742:	970a      	str	r7, [sp, #40]	@ 0x28
34186744:	9f04      	ldr	r7, [sp, #16]
34186746:	9b0a      	ldr	r3, [sp, #40]	@ 0x28
34186748:	2b00      	cmp	r3, #0
3418674a:	f000 82eb 	beq.w	34186d24 <_vfprintf_r+0x1954>
3418674e:	2b63      	cmp	r3, #99	@ 0x63
34186750:	f340 846a 	ble.w	34187028 <_vfprintf_r+0x1c58>
34186754:	1c59      	adds	r1, r3, #1
34186756:	4658      	mov	r0, fp
34186758:	f7fe fb64 	bl	34184e24 <_malloc_r>
3418675c:	4605      	mov	r5, r0
3418675e:	2800      	cmp	r0, #0
34186760:	f000 86b2 	beq.w	341874c8 <_vfprintf_r+0x20f8>
34186764:	9009      	str	r0, [sp, #36]	@ 0x24
34186766:	2208      	movs	r2, #8
34186768:	2100      	movs	r1, #0
3418676a:	a824      	add	r0, sp, #144	@ 0x90
3418676c:	f7fe f884 	bl	34184878 <memset>
34186770:	9e0a      	ldr	r6, [sp, #40]	@ 0x28
34186772:	ab24      	add	r3, sp, #144	@ 0x90
34186774:	aa1d      	add	r2, sp, #116	@ 0x74
34186776:	4629      	mov	r1, r5
34186778:	4658      	mov	r0, fp
3418677a:	9300      	str	r3, [sp, #0]
3418677c:	4633      	mov	r3, r6
3418677e:	f001 fd2f 	bl	341881e0 <_wcsrtombs_r>
34186782:	4286      	cmp	r6, r0
34186784:	f040 869b 	bne.w	341874be <_vfprintf_r+0x20ee>
34186788:	990a      	ldr	r1, [sp, #40]	@ 0x28
3418678a:	2300      	movs	r3, #0
3418678c:	546b      	strb	r3, [r5, r1]
3418678e:	ea21 71e1 	bic.w	r1, r1, r1, asr #31
34186792:	f89d 2067 	ldrb.w	r2, [sp, #103]	@ 0x67
34186796:	9104      	str	r1, [sp, #16]
34186798:	2a00      	cmp	r2, #0
3418679a:	f040 846a 	bne.w	34187072 <_vfprintf_r+0x1ca2>
3418679e:	4692      	mov	sl, r2
341867a0:	f8cd 802c 	str.w	r8, [sp, #44]	@ 0x2c
341867a4:	9210      	str	r2, [sp, #64]	@ 0x40
341867a6:	e9cd 220d 	strd	r2, r2, [sp, #52]	@ 0x34
341867aa:	f7fe bfa0 	b.w	341856ee <_vfprintf_r+0x31e>
341867ae:	9b02      	ldr	r3, [sp, #8]
341867b0:	a952      	add	r1, sp, #328	@ 0x148
341867b2:	f04f 0c00 	mov.w	ip, #0
341867b6:	9704      	str	r7, [sp, #16]
341867b8:	e9cd 4a09 	strd	r4, sl, [sp, #36]	@ 0x24
341867bc:	f8dd a058 	ldr.w	sl, [sp, #88]	@ 0x58
341867c0:	f403 6480 	and.w	r4, r3, #1024	@ 0x400
341867c4:	e026      	b.n	34186814 <_vfprintf_r+0x1444>
341867c6:	eb16 0308 	adds.w	r3, r6, r8
341867ca:	4abd      	ldr	r2, [pc, #756]	@ (34186ac0 <_vfprintf_r+0x16f0>)
341867cc:	46b6      	mov	lr, r6
341867ce:	4640      	mov	r0, r8
341867d0:	f143 0300 	adc.w	r3, r3, #0
341867d4:	4629      	mov	r1, r5
341867d6:	fba2 2703 	umull	r2, r7, r2, r3
341867da:	f027 0203 	bic.w	r2, r7, #3
341867de:	eb02 0297 	add.w	r2, r2, r7, lsr #2
341867e2:	f04f 37cc 	mov.w	r7, #3435973836	@ 0xcccccccc
341867e6:	1a9b      	subs	r3, r3, r2
341867e8:	1af3      	subs	r3, r6, r3
341867ea:	4eb5      	ldr	r6, [pc, #724]	@ (34186ac0 <_vfprintf_r+0x16f0>)
341867ec:	f168 0800 	sbc.w	r8, r8, #0
341867f0:	fb07 f203 	mul.w	r2, r7, r3
341867f4:	f1be 0f0a 	cmp.w	lr, #10
341867f8:	fb06 2208 	mla	r2, r6, r8, r2
341867fc:	fba3 6306 	umull	r6, r3, r3, r6
34186800:	f170 0000 	sbcs.w	r0, r0, #0
34186804:	4413      	add	r3, r2
34186806:	ea4f 0656 	mov.w	r6, r6, lsr #1
3418680a:	ea4f 0853 	mov.w	r8, r3, lsr #1
3418680e:	ea46 76c3 	orr.w	r6, r6, r3, lsl #31
34186812:	d32d      	bcc.n	34186870 <_vfprintf_r+0x14a0>
34186814:	eb16 0308 	adds.w	r3, r6, r8
34186818:	4fa9      	ldr	r7, [pc, #676]	@ (34186ac0 <_vfprintf_r+0x16f0>)
3418681a:	f10c 0c01 	add.w	ip, ip, #1
3418681e:	f101 35ff 	add.w	r5, r1, #4294967295	@ 0xffffffff
34186822:	f143 0300 	adc.w	r3, r3, #0
34186826:	fba7 2003 	umull	r2, r0, r7, r3
3418682a:	f020 0203 	bic.w	r2, r0, #3
3418682e:	eb02 0290 	add.w	r2, r2, r0, lsr #2
34186832:	1a9b      	subs	r3, r3, r2
34186834:	1af3      	subs	r3, r6, r3
34186836:	fba3 3207 	umull	r3, r2, r3, r7
3418683a:	f168 0000 	sbc.w	r0, r8, #0
3418683e:	085b      	lsrs	r3, r3, #1
34186840:	fb07 2200 	mla	r2, r7, r0, r2
34186844:	ea43 73c2 	orr.w	r3, r3, r2, lsl #31
34186848:	eb03 0383 	add.w	r3, r3, r3, lsl #2
3418684c:	eba6 0343 	sub.w	r3, r6, r3, lsl #1
34186850:	3330      	adds	r3, #48	@ 0x30
34186852:	f801 3c01 	strb.w	r3, [r1, #-1]
34186856:	2c00      	cmp	r4, #0
34186858:	d0b5      	beq.n	341867c6 <_vfprintf_r+0x13f6>
3418685a:	f89a 3000 	ldrb.w	r3, [sl]
3418685e:	2bff      	cmp	r3, #255	@ 0xff
34186860:	d0b1      	beq.n	341867c6 <_vfprintf_r+0x13f6>
34186862:	4563      	cmp	r3, ip
34186864:	d1af      	bne.n	341867c6 <_vfprintf_r+0x13f6>
34186866:	2e0a      	cmp	r6, #10
34186868:	f178 0300 	sbcs.w	r3, r8, #0
3418686c:	f080 8359 	bcs.w	34186f22 <_vfprintf_r+0x1b52>
34186870:	ab52      	add	r3, sp, #328	@ 0x148
34186872:	f8cd a058 	str.w	sl, [sp, #88]	@ 0x58
34186876:	f8dd a028 	ldr.w	sl, [sp, #40]	@ 0x28
3418687a:	2200      	movs	r2, #0
3418687c:	1b5b      	subs	r3, r3, r5
3418687e:	9f04      	ldr	r7, [sp, #16]
34186880:	9c09      	ldr	r4, [sp, #36]	@ 0x24
34186882:	4553      	cmp	r3, sl
34186884:	930a      	str	r3, [sp, #40]	@ 0x28
34186886:	f89d 0067 	ldrb.w	r0, [sp, #103]	@ 0x67
3418688a:	bfb8      	it	lt
3418688c:	4653      	movlt	r3, sl
3418688e:	f8cd c03c 	str.w	ip, [sp, #60]	@ 0x3c
34186892:	920d      	str	r2, [sp, #52]	@ 0x34
34186894:	9304      	str	r3, [sp, #16]
34186896:	f7ff b886 	b.w	341859a6 <_vfprintf_r+0x5d6>
3418689a:	46b0      	mov	r8, r6
3418689c:	3301      	adds	r3, #1
3418689e:	4422      	add	r2, r4
341868a0:	f8c7 8000 	str.w	r8, [r7]
341868a4:	2b07      	cmp	r3, #7
341868a6:	607c      	str	r4, [r7, #4]
341868a8:	e9cd 3227 	strd	r3, r2, [sp, #156]	@ 0x9c
341868ac:	f77e af65 	ble.w	3418577a <_vfprintf_r+0x3aa>
341868b0:	f7ff bb15 	b.w	34185ede <_vfprintf_r+0xb0e>
341868b4:	2002      	movs	r0, #2
341868b6:	4e83      	ldr	r6, [pc, #524]	@ (34186ac4 <_vfprintf_r+0x16f4>)
341868b8:	2478      	movs	r4, #120	@ 0x78
341868ba:	900d      	str	r0, [sp, #52]	@ 0x34
341868bc:	e70c      	b.n	341866d8 <_vfprintf_r+0x1308>
341868be:	9a0b      	ldr	r2, [sp, #44]	@ 0x2c
341868c0:	9907      	ldr	r1, [sp, #28]
341868c2:	6812      	ldr	r2, [r2, #0]
341868c4:	6011      	str	r1, [r2, #0]
341868c6:	f7ff b91a 	b.w	34185afe <_vfprintf_r+0x72e>
341868ca:	990c      	ldr	r1, [sp, #48]	@ 0x30
341868cc:	2900      	cmp	r1, #0
341868ce:	f000 80e6 	beq.w	34186a9e <_vfprintf_r+0x16ce>
341868d2:	f8dd c09c 	ldr.w	ip, [sp, #156]	@ 0x9c
341868d6:	af29      	add	r7, sp, #164	@ 0xa4
341868d8:	930c      	str	r3, [sp, #48]	@ 0x30
341868da:	f7fe bf27 	b.w	3418572c <_vfprintf_r+0x35c>
341868de:	2c10      	cmp	r4, #16
341868e0:	9b27      	ldr	r3, [sp, #156]	@ 0x9c
341868e2:	f340 85ad 	ble.w	34187440 <_vfprintf_r+0x2070>
341868e6:	46a8      	mov	r8, r5
341868e8:	2610      	movs	r6, #16
341868ea:	f8dd a00c 	ldr.w	sl, [sp, #12]
341868ee:	4d76      	ldr	r5, [pc, #472]	@ (34186ac8 <_vfprintf_r+0x16f8>)
341868f0:	e003      	b.n	341868fa <_vfprintf_r+0x152a>
341868f2:	3c10      	subs	r4, #16
341868f4:	2c10      	cmp	r4, #16
341868f6:	f340 8140 	ble.w	34186b7a <_vfprintf_r+0x17aa>
341868fa:	3301      	adds	r3, #1
341868fc:	3210      	adds	r2, #16
341868fe:	2b07      	cmp	r3, #7
34186900:	e9c7 5600 	strd	r5, r6, [r7]
34186904:	e9cd 3227 	strd	r3, r2, [sp, #156]	@ 0x9c
34186908:	f107 0708 	add.w	r7, r7, #8
3418690c:	ddf1      	ble.n	341868f2 <_vfprintf_r+0x1522>
3418690e:	aa26      	add	r2, sp, #152	@ 0x98
34186910:	4651      	mov	r1, sl
34186912:	4658      	mov	r0, fp
34186914:	f001 f988 	bl	34187c28 <__sprint_r>
34186918:	2800      	cmp	r0, #0
3418691a:	f47e aea4 	bne.w	34185666 <_vfprintf_r+0x296>
3418691e:	af29      	add	r7, sp, #164	@ 0xa4
34186920:	e9dd 3227 	ldrd	r3, r2, [sp, #156]	@ 0x9c
34186924:	e7e5      	b.n	341868f2 <_vfprintf_r+0x1522>
34186926:	46b8      	mov	r8, r7
34186928:	3301      	adds	r3, #1
3418692a:	4432      	add	r2, r6
3418692c:	f8c1 8000 	str.w	r8, [r1]
34186930:	2b07      	cmp	r3, #7
34186932:	604e      	str	r6, [r1, #4]
34186934:	e9cd 3227 	strd	r3, r2, [sp, #156]	@ 0x9c
34186938:	f77f ab0c 	ble.w	34185f54 <_vfprintf_r+0xb84>
3418693c:	f7ff bbd2 	b.w	341860e4 <_vfprintf_r+0xd14>
34186940:	9802      	ldr	r0, [sp, #8]
34186942:	f410 7500 	ands.w	r5, r0, #512	@ 0x200
34186946:	950d      	str	r5, [sp, #52]	@ 0x34
34186948:	f040 80c6 	bne.w	34186ad8 <_vfprintf_r+0x1708>
3418694c:	990d      	ldr	r1, [sp, #52]	@ 0x34
3418694e:	f1ba 0f00 	cmp.w	sl, #0
34186952:	461e      	mov	r6, r3
34186954:	4688      	mov	r8, r1
34186956:	f88d 1067 	strb.w	r1, [sp, #103]	@ 0x67
3418695a:	f2c0 80cf 	blt.w	34186afc <_vfprintf_r+0x172c>
3418695e:	9902      	ldr	r1, [sp, #8]
34186960:	920b      	str	r2, [sp, #44]	@ 0x2c
34186962:	f021 0180 	bic.w	r1, r1, #128	@ 0x80
34186966:	9102      	str	r1, [sp, #8]
34186968:	f47f a808 	bne.w	3418597c <_vfprintf_r+0x5ac>
3418696c:	2b00      	cmp	r3, #0
3418696e:	f43f a86e 	beq.w	34185a4e <_vfprintf_r+0x67e>
34186972:	f7ff b803 	b.w	3418597c <_vfprintf_r+0x5ac>
34186976:	9802      	ldr	r0, [sp, #8]
34186978:	f410 7100 	ands.w	r1, r0, #512	@ 0x200
3418697c:	f000 80b7 	beq.w	34186aee <_vfprintf_r+0x171e>
34186980:	b2db      	uxtb	r3, r3
34186982:	2100      	movs	r1, #0
34186984:	920b      	str	r2, [sp, #44]	@ 0x2c
34186986:	f7ff b88d 	b.w	34185aa4 <_vfprintf_r+0x6d4>
3418698a:	9b02      	ldr	r3, [sp, #8]
3418698c:	920b      	str	r2, [sp, #44]	@ 0x2c
3418698e:	0598      	lsls	r0, r3, #22
34186990:	f140 8091 	bpl.w	34186ab6 <_vfprintf_r+0x16e6>
34186994:	f346 18c0 	sbfx	r8, r6, #7, #1
34186998:	b276      	sxtb	r6, r6
3418699a:	4643      	mov	r3, r8
3418699c:	f7fe bf56 	b.w	3418584c <_vfprintf_r+0x47c>
341869a0:	9b02      	ldr	r3, [sp, #8]
341869a2:	f1ba 3fff 	cmp.w	sl, #4294967295	@ 0xffffffff
341869a6:	f443 7380 	orr.w	r3, r3, #256	@ 0x100
341869aa:	930c      	str	r3, [sp, #48]	@ 0x30
341869ac:	ee18 3a90 	vmov	r3, s17
341869b0:	f000 80c4 	beq.w	34186b3c <_vfprintf_r+0x176c>
341869b4:	f1ba 0f00 	cmp.w	sl, #0
341869b8:	d102      	bne.n	341869c0 <_vfprintf_r+0x15f0>
341869ba:	2e47      	cmp	r6, #71	@ 0x47
341869bc:	f000 84cb 	beq.w	34187356 <_vfprintf_r+0x1f86>
341869c0:	2b00      	cmp	r3, #0
341869c2:	f2c0 83e7 	blt.w	34187194 <_vfprintf_r+0x1dc4>
341869c6:	eeb0 7b48 	vmov.f64	d7, d8
341869ca:	f04f 0800 	mov.w	r8, #0
341869ce:	2c65      	cmp	r4, #101	@ 0x65
341869d0:	f000 8302 	beq.w	34186fd8 <_vfprintf_r+0x1c08>
341869d4:	f300 81b6 	bgt.w	34186d44 <_vfprintf_r+0x1974>
341869d8:	2c45      	cmp	r4, #69	@ 0x45
341869da:	f000 82fd 	beq.w	34186fd8 <_vfprintf_r+0x1c08>
341869de:	2c46      	cmp	r4, #70	@ 0x46
341869e0:	f040 81b3 	bne.w	34186d4a <_vfprintf_r+0x197a>
341869e4:	2103      	movs	r1, #3
341869e6:	f8cd a03c 	str.w	sl, [sp, #60]	@ 0x3c
341869ea:	ab24      	add	r3, sp, #144	@ 0x90
341869ec:	eeb0 0b47 	vmov.f64	d0, d7
341869f0:	9a0f      	ldr	r2, [sp, #60]	@ 0x3c
341869f2:	4658      	mov	r0, fp
341869f4:	9301      	str	r3, [sp, #4]
341869f6:	ab1d      	add	r3, sp, #116	@ 0x74
341869f8:	9300      	str	r3, [sp, #0]
341869fa:	ab1b      	add	r3, sp, #108	@ 0x6c
341869fc:	ed8d 7b04 	vstr	d7, [sp, #16]
34186a00:	f001 fcde 	bl	341883c0 <_dtoa_r>
34186a04:	9b0f      	ldr	r3, [sp, #60]	@ 0x3c
34186a06:	2e46      	cmp	r6, #70	@ 0x46
34186a08:	4605      	mov	r5, r0
34186a0a:	eb00 0103 	add.w	r1, r0, r3
34186a0e:	ed9d 7b04 	vldr	d7, [sp, #16]
34186a12:	f040 83d3 	bne.w	341871bc <_vfprintf_r+0x1dec>
34186a16:	782b      	ldrb	r3, [r5, #0]
34186a18:	2b30      	cmp	r3, #48	@ 0x30
34186a1a:	f000 83c5 	beq.w	341871a8 <_vfprintf_r+0x1dd8>
34186a1e:	eeb5 7b40 	vcmp.f64	d7, #0.0
34186a22:	9a1b      	ldr	r2, [sp, #108]	@ 0x6c
34186a24:	4411      	add	r1, r2
34186a26:	eef1 fa10 	vmrs	APSR_nzcv, fpscr
34186a2a:	f040 84bc 	bne.w	341873a6 <_vfprintf_r+0x1fd6>
34186a2e:	920d      	str	r2, [sp, #52]	@ 0x34
34186a30:	1b4b      	subs	r3, r1, r5
34186a32:	930f      	str	r3, [sp, #60]	@ 0x3c
34186a34:	9b02      	ldr	r3, [sp, #8]
34186a36:	9a0d      	ldr	r2, [sp, #52]	@ 0x34
34186a38:	f003 0301 	and.w	r3, r3, #1
34186a3c:	2a00      	cmp	r2, #0
34186a3e:	ea43 030a 	orr.w	r3, r3, sl
34186a42:	f340 84da 	ble.w	341873fa <_vfprintf_r+0x202a>
34186a46:	2b00      	cmp	r3, #0
34186a48:	f040 83f0 	bne.w	3418722c <_vfprintf_r+0x1e5c>
34186a4c:	9b0d      	ldr	r3, [sp, #52]	@ 0x34
34186a4e:	2466      	movs	r4, #102	@ 0x66
34186a50:	930a      	str	r3, [sp, #40]	@ 0x28
34186a52:	9b02      	ldr	r3, [sp, #8]
34186a54:	055b      	lsls	r3, r3, #21
34186a56:	f100 83ca 	bmi.w	341871ee <_vfprintf_r+0x1e1e>
34186a5a:	9b0a      	ldr	r3, [sp, #40]	@ 0x28
34186a5c:	ea23 73e3 	bic.w	r3, r3, r3, asr #31
34186a60:	9304      	str	r3, [sp, #16]
34186a62:	f1b8 0f00 	cmp.w	r8, #0
34186a66:	f000 82a6 	beq.w	34186fb6 <_vfprintf_r+0x1be6>
34186a6a:	9b04      	ldr	r3, [sp, #16]
34186a6c:	2200      	movs	r2, #0
34186a6e:	3301      	adds	r3, #1
34186a70:	4692      	mov	sl, r2
34186a72:	9209      	str	r2, [sp, #36]	@ 0x24
34186a74:	9304      	str	r3, [sp, #16]
34186a76:	9b0c      	ldr	r3, [sp, #48]	@ 0x30
34186a78:	9210      	str	r2, [sp, #64]	@ 0x40
34186a7a:	9302      	str	r3, [sp, #8]
34186a7c:	232d      	movs	r3, #45	@ 0x2d
34186a7e:	920e      	str	r2, [sp, #56]	@ 0x38
34186a80:	f88d 3067 	strb.w	r3, [sp, #103]	@ 0x67
34186a84:	f7fe be33 	b.w	341856ee <_vfprintf_r+0x31e>
34186a88:	ad52      	add	r5, sp, #328	@ 0x148
34186a8a:	9009      	str	r0, [sp, #36]	@ 0x24
34186a8c:	900a      	str	r0, [sp, #40]	@ 0x28
34186a8e:	f8cd a040 	str.w	sl, [sp, #64]	@ 0x40
34186a92:	f8cd a010 	str.w	sl, [sp, #16]
34186a96:	e9cd aa0d 	strd	sl, sl, [sp, #52]	@ 0x34
34186a9a:	f7fe be28 	b.w	341856ee <_vfprintf_r+0x31e>
34186a9e:	af29      	add	r7, sp, #164	@ 0xa4
34186aa0:	f7fe be56 	b.w	34185750 <_vfprintf_r+0x380>
34186aa4:	441d      	add	r5, r3
34186aa6:	1b1c      	subs	r4, r3, r4
34186aa8:	eba5 050a 	sub.w	r5, r5, sl
34186aac:	42a5      	cmp	r5, r4
34186aae:	bfa8      	it	ge
34186ab0:	4625      	movge	r5, r4
34186ab2:	f7ff bba1 	b.w	341861f8 <_vfprintf_r+0xe28>
34186ab6:	ea4f 78e6 	mov.w	r8, r6, asr #31
34186aba:	4643      	mov	r3, r8
34186abc:	f7fe bec6 	b.w	3418584c <_vfprintf_r+0x47c>
34186ac0:	cccccccd 	.word	0xcccccccd
34186ac4:	3418b1a8 	.word	0x3418b1a8
34186ac8:	3418b41c 	.word	0x3418b41c
34186acc:	9a0b      	ldr	r2, [sp, #44]	@ 0x2c
34186ace:	9907      	ldr	r1, [sp, #28]
34186ad0:	6812      	ldr	r2, [r2, #0]
34186ad2:	8011      	strh	r1, [r2, #0]
34186ad4:	f7ff b813 	b.w	34185afe <_vfprintf_r+0x72e>
34186ad8:	f04f 0800 	mov.w	r8, #0
34186adc:	b2db      	uxtb	r3, r3
34186ade:	f88d 1067 	strb.w	r1, [sp, #103]	@ 0x67
34186ae2:	45c2      	cmp	sl, r8
34186ae4:	461e      	mov	r6, r3
34186ae6:	db09      	blt.n	34186afc <_vfprintf_r+0x172c>
34186ae8:	f020 0180 	bic.w	r1, r0, #128	@ 0x80
34186aec:	e4cd      	b.n	3418648a <_vfprintf_r+0x10ba>
34186aee:	9802      	ldr	r0, [sp, #8]
34186af0:	920b      	str	r2, [sp, #44]	@ 0x2c
34186af2:	f7fe bfd7 	b.w	34185aa4 <_vfprintf_r+0x6d4>
34186af6:	b2db      	uxtb	r3, r3
34186af8:	2100      	movs	r1, #0
34186afa:	e4fa      	b.n	341864f2 <_vfprintf_r+0x1122>
34186afc:	920b      	str	r2, [sp, #44]	@ 0x2c
34186afe:	f7fe bf3d 	b.w	3418597c <_vfprintf_r+0x5ac>
34186b02:	aa26      	add	r2, sp, #152	@ 0x98
34186b04:	9903      	ldr	r1, [sp, #12]
34186b06:	4658      	mov	r0, fp
34186b08:	f001 f88e 	bl	34187c28 <__sprint_r>
34186b0c:	2800      	cmp	r0, #0
34186b0e:	f43e ad94 	beq.w	3418563a <_vfprintf_r+0x26a>
34186b12:	f7fe bdae 	b.w	34185672 <_vfprintf_r+0x2a2>
34186b16:	4628      	mov	r0, r5
34186b18:	f7fd ffb0 	bl	34184a7c <strlen>
34186b1c:	f89d 3067 	ldrb.w	r3, [sp, #103]	@ 0x67
34186b20:	ea20 72e0 	bic.w	r2, r0, r0, asr #31
34186b24:	900a      	str	r0, [sp, #40]	@ 0x28
34186b26:	9204      	str	r2, [sp, #16]
34186b28:	2b00      	cmp	r3, #0
34186b2a:	f43e aefa 	beq.w	34185922 <_vfprintf_r+0x552>
34186b2e:	f7fe bef6 	b.w	3418591e <_vfprintf_r+0x54e>
34186b32:	6d88      	ldr	r0, [r1, #88]	@ 0x58
34186b34:	f7fd ff2a 	bl	3418498c <__retarget_lock_release_recursive>
34186b38:	f7fe bd50 	b.w	341855dc <_vfprintf_r+0x20c>
34186b3c:	2b00      	cmp	r3, #0
34186b3e:	f2c0 8418 	blt.w	34187372 <_vfprintf_r+0x1fa2>
34186b42:	eeb0 7b48 	vmov.f64	d7, d8
34186b46:	f04f 0800 	mov.w	r8, #0
34186b4a:	f04f 0a06 	mov.w	sl, #6
34186b4e:	e73e      	b.n	341869ce <_vfprintf_r+0x15fe>
34186b50:	f10a 0101 	add.w	r1, sl, #1
34186b54:	4658      	mov	r0, fp
34186b56:	f7fe f965 	bl	34184e24 <_malloc_r>
34186b5a:	4605      	mov	r5, r0
34186b5c:	2800      	cmp	r0, #0
34186b5e:	f000 8473 	beq.w	34187448 <_vfprintf_r+0x2078>
34186b62:	ee18 3a90 	vmov	r3, s17
34186b66:	2b00      	cmp	r3, #0
34186b68:	f2c0 8416 	blt.w	34187398 <_vfprintf_r+0x1fc8>
34186b6c:	eeb0 0b48 	vmov.f64	d0, d8
34186b70:	f04f 0800 	mov.w	r8, #0
34186b74:	9009      	str	r0, [sp, #36]	@ 0x24
34186b76:	f7ff bbc4 	b.w	34186302 <_vfprintf_r+0xf32>
34186b7a:	4629      	mov	r1, r5
34186b7c:	4645      	mov	r5, r8
34186b7e:	4688      	mov	r8, r1
34186b80:	3301      	adds	r3, #1
34186b82:	4422      	add	r2, r4
34186b84:	f8c7 8000 	str.w	r8, [r7]
34186b88:	2b07      	cmp	r3, #7
34186b8a:	607c      	str	r4, [r7, #4]
34186b8c:	e9cd 3227 	strd	r3, r2, [sp, #156]	@ 0x9c
34186b90:	f300 828c 	bgt.w	341870ac <_vfprintf_r+0x1cdc>
34186b94:	3708      	adds	r7, #8
34186b96:	f7ff bafd 	b.w	34186194 <_vfprintf_r+0xdc4>
34186b9a:	ab24      	add	r3, sp, #144	@ 0x90
34186b9c:	aa1d      	add	r2, sp, #116	@ 0x74
34186b9e:	4658      	mov	r0, fp
34186ba0:	9300      	str	r3, [sp, #0]
34186ba2:	2300      	movs	r3, #0
34186ba4:	4619      	mov	r1, r3
34186ba6:	f001 fb1b 	bl	341881e0 <_wcsrtombs_r>
34186baa:	900a      	str	r0, [sp, #40]	@ 0x28
34186bac:	3001      	adds	r0, #1
34186bae:	f000 82ab 	beq.w	34187108 <_vfprintf_r+0x1d38>
34186bb2:	951d      	str	r5, [sp, #116]	@ 0x74
34186bb4:	e5c7      	b.n	34186746 <_vfprintf_r+0x1376>
34186bb6:	9d02      	ldr	r5, [sp, #8]
34186bb8:	920b      	str	r2, [sp, #44]	@ 0x2c
34186bba:	f425 6580 	bic.w	r5, r5, #1024	@ 0x400
34186bbe:	f045 0202 	orr.w	r2, r5, #2
34186bc2:	9202      	str	r2, [sp, #8]
34186bc4:	2202      	movs	r2, #2
34186bc6:	920d      	str	r2, [sp, #52]	@ 0x34
34186bc8:	e4be      	b.n	34186548 <_vfprintf_r+0x1178>
34186bca:	920b      	str	r2, [sp, #44]	@ 0x2c
34186bcc:	f7fe bed5 	b.w	3418597a <_vfprintf_r+0x5aa>
34186bd0:	9b0e      	ldr	r3, [sp, #56]	@ 0x38
34186bd2:	9810      	ldr	r0, [sp, #64]	@ 0x40
34186bd4:	4303      	orrs	r3, r0
34186bd6:	9b0f      	ldr	r3, [sp, #60]	@ 0x3c
34186bd8:	442b      	add	r3, r5
34186bda:	f000 8469 	beq.w	341874b0 <_vfprintf_r+0x20e0>
34186bde:	4656      	mov	r6, sl
34186be0:	4639      	mov	r1, r7
34186be2:	f8df 8410 	ldr.w	r8, [pc, #1040]	@ 34186ff4 <_vfprintf_r+0x1c24>
34186be6:	4607      	mov	r7, r0
34186be8:	f8dd a058 	ldr.w	sl, [sp, #88]	@ 0x58
34186bec:	9517      	str	r5, [sp, #92]	@ 0x5c
34186bee:	2f00      	cmp	r7, #0
34186bf0:	dc32      	bgt.n	34186c58 <_vfprintf_r+0x1888>
34186bf2:	980e      	ldr	r0, [sp, #56]	@ 0x38
34186bf4:	f10a 3aff 	add.w	sl, sl, #4294967295	@ 0xffffffff
34186bf8:	3801      	subs	r0, #1
34186bfa:	900e      	str	r0, [sp, #56]	@ 0x38
34186bfc:	9814      	ldr	r0, [sp, #80]	@ 0x50
34186bfe:	9c15      	ldr	r4, [sp, #84]	@ 0x54
34186c00:	4402      	add	r2, r0
34186c02:	e9c1 4000 	strd	r4, r0, [r1]
34186c06:	9827      	ldr	r0, [sp, #156]	@ 0x9c
34186c08:	9228      	str	r2, [sp, #160]	@ 0xa0
34186c0a:	3001      	adds	r0, #1
34186c0c:	2807      	cmp	r0, #7
34186c0e:	9027      	str	r0, [sp, #156]	@ 0x9c
34186c10:	dc47      	bgt.n	34186ca2 <_vfprintf_r+0x18d2>
34186c12:	3108      	adds	r1, #8
34186c14:	1b9d      	subs	r5, r3, r6
34186c16:	f89a 0000 	ldrb.w	r0, [sl]
34186c1a:	930a      	str	r3, [sp, #40]	@ 0x28
34186c1c:	4285      	cmp	r5, r0
34186c1e:	bfa8      	it	ge
34186c20:	4605      	movge	r5, r0
34186c22:	2d00      	cmp	r5, #0
34186c24:	dd0b      	ble.n	34186c3e <_vfprintf_r+0x186e>
34186c26:	9827      	ldr	r0, [sp, #156]	@ 0x9c
34186c28:	442a      	add	r2, r5
34186c2a:	3001      	adds	r0, #1
34186c2c:	9228      	str	r2, [sp, #160]	@ 0xa0
34186c2e:	2807      	cmp	r0, #7
34186c30:	9027      	str	r0, [sp, #156]	@ 0x9c
34186c32:	e9c1 6500 	strd	r6, r5, [r1]
34186c36:	dc52      	bgt.n	34186cde <_vfprintf_r+0x190e>
34186c38:	3108      	adds	r1, #8
34186c3a:	f89a 0000 	ldrb.w	r0, [sl]
34186c3e:	2d00      	cmp	r5, #0
34186c40:	bfac      	ite	ge
34186c42:	1b44      	subge	r4, r0, r5
34186c44:	4604      	movlt	r4, r0
34186c46:	2c00      	cmp	r4, #0
34186c48:	dc08      	bgt.n	34186c5c <_vfprintf_r+0x188c>
34186c4a:	4406      	add	r6, r0
34186c4c:	980e      	ldr	r0, [sp, #56]	@ 0x38
34186c4e:	2800      	cmp	r0, #0
34186c50:	dccd      	bgt.n	34186bee <_vfprintf_r+0x181e>
34186c52:	2f00      	cmp	r7, #0
34186c54:	f340 8365 	ble.w	34187322 <_vfprintf_r+0x1f52>
34186c58:	3f01      	subs	r7, #1
34186c5a:	e7cf      	b.n	34186bfc <_vfprintf_r+0x182c>
34186c5c:	2c10      	cmp	r4, #16
34186c5e:	9827      	ldr	r0, [sp, #156]	@ 0x9c
34186c60:	f340 83aa 	ble.w	341873b8 <_vfprintf_r+0x1fe8>
34186c64:	2510      	movs	r5, #16
34186c66:	9310      	str	r3, [sp, #64]	@ 0x40
34186c68:	e9cd 680c 	strd	r6, r8, [sp, #48]	@ 0x30
34186c6c:	9e03      	ldr	r6, [sp, #12]
34186c6e:	e002      	b.n	34186c76 <_vfprintf_r+0x18a6>
34186c70:	3c10      	subs	r4, #16
34186c72:	2c10      	cmp	r4, #16
34186c74:	dd22      	ble.n	34186cbc <_vfprintf_r+0x18ec>
34186c76:	3001      	adds	r0, #1
34186c78:	3210      	adds	r2, #16
34186c7a:	2807      	cmp	r0, #7
34186c7c:	e9c1 8500 	strd	r8, r5, [r1]
34186c80:	e9cd 0227 	strd	r0, r2, [sp, #156]	@ 0x9c
34186c84:	f101 0108 	add.w	r1, r1, #8
34186c88:	ddf2      	ble.n	34186c70 <_vfprintf_r+0x18a0>
34186c8a:	aa26      	add	r2, sp, #152	@ 0x98
34186c8c:	4631      	mov	r1, r6
34186c8e:	4658      	mov	r0, fp
34186c90:	f000 ffca 	bl	34187c28 <__sprint_r>
34186c94:	2800      	cmp	r0, #0
34186c96:	f47e ace6 	bne.w	34185666 <_vfprintf_r+0x296>
34186c9a:	a929      	add	r1, sp, #164	@ 0xa4
34186c9c:	e9dd 0227 	ldrd	r0, r2, [sp, #156]	@ 0x9c
34186ca0:	e7e6      	b.n	34186c70 <_vfprintf_r+0x18a0>
34186ca2:	aa26      	add	r2, sp, #152	@ 0x98
34186ca4:	9903      	ldr	r1, [sp, #12]
34186ca6:	4658      	mov	r0, fp
34186ca8:	930a      	str	r3, [sp, #40]	@ 0x28
34186caa:	f000 ffbd 	bl	34187c28 <__sprint_r>
34186cae:	2800      	cmp	r0, #0
34186cb0:	f47e acd9 	bne.w	34185666 <_vfprintf_r+0x296>
34186cb4:	9a28      	ldr	r2, [sp, #160]	@ 0xa0
34186cb6:	a929      	add	r1, sp, #164	@ 0xa4
34186cb8:	9b0a      	ldr	r3, [sp, #40]	@ 0x28
34186cba:	e7ab      	b.n	34186c14 <_vfprintf_r+0x1844>
34186cbc:	e9dd 6c0c 	ldrd	r6, ip, [sp, #48]	@ 0x30
34186cc0:	9b10      	ldr	r3, [sp, #64]	@ 0x40
34186cc2:	3001      	adds	r0, #1
34186cc4:	4422      	add	r2, r4
34186cc6:	f8c1 c000 	str.w	ip, [r1]
34186cca:	2807      	cmp	r0, #7
34186ccc:	604c      	str	r4, [r1, #4]
34186cce:	e9cd 0227 	strd	r0, r2, [sp, #156]	@ 0x9c
34186cd2:	f300 80f8 	bgt.w	34186ec6 <_vfprintf_r+0x1af6>
34186cd6:	3108      	adds	r1, #8
34186cd8:	f89a 0000 	ldrb.w	r0, [sl]
34186cdc:	e7b5      	b.n	34186c4a <_vfprintf_r+0x187a>
34186cde:	aa26      	add	r2, sp, #152	@ 0x98
34186ce0:	9903      	ldr	r1, [sp, #12]
34186ce2:	4658      	mov	r0, fp
34186ce4:	930c      	str	r3, [sp, #48]	@ 0x30
34186ce6:	f000 ff9f 	bl	34187c28 <__sprint_r>
34186cea:	2800      	cmp	r0, #0
34186cec:	f47e acbb 	bne.w	34185666 <_vfprintf_r+0x296>
34186cf0:	f89a 0000 	ldrb.w	r0, [sl]
34186cf4:	a929      	add	r1, sp, #164	@ 0xa4
34186cf6:	9a28      	ldr	r2, [sp, #160]	@ 0xa0
34186cf8:	9b0c      	ldr	r3, [sp, #48]	@ 0x30
34186cfa:	e7a0      	b.n	34186c3e <_vfprintf_r+0x186e>
34186cfc:	232d      	movs	r3, #45	@ 0x2d
34186cfe:	2203      	movs	r2, #3
34186d00:	2c47      	cmp	r4, #71	@ 0x47
34186d02:	f88d 3067 	strb.w	r3, [sp, #103]	@ 0x67
34186d06:	f04f 0300 	mov.w	r3, #0
34186d0a:	e9cd 3209 	strd	r3, r2, [sp, #36]	@ 0x24
34186d0e:	f340 8189 	ble.w	34187024 <_vfprintf_r+0x1c54>
34186d12:	4db6      	ldr	r5, [pc, #728]	@ (34186fec <_vfprintf_r+0x1c1c>)
34186d14:	2204      	movs	r2, #4
34186d16:	469a      	mov	sl, r3
34186d18:	9310      	str	r3, [sp, #64]	@ 0x40
34186d1a:	9204      	str	r2, [sp, #16]
34186d1c:	e9cd 330d 	strd	r3, r3, [sp, #52]	@ 0x34
34186d20:	f7fe bce5 	b.w	341856ee <_vfprintf_r+0x31e>
34186d24:	f89d 3067 	ldrb.w	r3, [sp, #103]	@ 0x67
34186d28:	f8cd 802c 	str.w	r8, [sp, #44]	@ 0x2c
34186d2c:	3b00      	subs	r3, #0
34186d2e:	bf18      	it	ne
34186d30:	2301      	movne	r3, #1
34186d32:	9304      	str	r3, [sp, #16]
34186d34:	9b0a      	ldr	r3, [sp, #40]	@ 0x28
34186d36:	469a      	mov	sl, r3
34186d38:	9310      	str	r3, [sp, #64]	@ 0x40
34186d3a:	9309      	str	r3, [sp, #36]	@ 0x24
34186d3c:	e9cd 330d 	strd	r3, r3, [sp, #52]	@ 0x34
34186d40:	f7fe bcd5 	b.w	341856ee <_vfprintf_r+0x31e>
34186d44:	2c66      	cmp	r4, #102	@ 0x66
34186d46:	f43f ae4d 	beq.w	341869e4 <_vfprintf_r+0x1614>
34186d4a:	ab24      	add	r3, sp, #144	@ 0x90
34186d4c:	2102      	movs	r1, #2
34186d4e:	eeb0 0b47 	vmov.f64	d0, d7
34186d52:	4652      	mov	r2, sl
34186d54:	9301      	str	r3, [sp, #4]
34186d56:	ab1d      	add	r3, sp, #116	@ 0x74
34186d58:	4658      	mov	r0, fp
34186d5a:	9300      	str	r3, [sp, #0]
34186d5c:	ab1b      	add	r3, sp, #108	@ 0x6c
34186d5e:	ed8d 7b04 	vstr	d7, [sp, #16]
34186d62:	f001 fb2d 	bl	341883c0 <_dtoa_r>
34186d66:	9b02      	ldr	r3, [sp, #8]
34186d68:	4605      	mov	r5, r0
34186d6a:	07d9      	lsls	r1, r3, #31
34186d6c:	d55d      	bpl.n	34186e2a <_vfprintf_r+0x1a5a>
34186d6e:	ed9d 7b04 	vldr	d7, [sp, #16]
34186d72:	eeb5 7b40 	vcmp.f64	d7, #0.0
34186d76:	eef1 fa10 	vmrs	APSR_nzcv, fpscr
34186d7a:	f000 82e7 	beq.w	3418734c <_vfprintf_r+0x1f7c>
34186d7e:	eb00 010a 	add.w	r1, r0, sl
34186d82:	9b24      	ldr	r3, [sp, #144]	@ 0x90
34186d84:	4299      	cmp	r1, r3
34186d86:	f240 838e 	bls.w	341874a6 <_vfprintf_r+0x20d6>
34186d8a:	2030      	movs	r0, #48	@ 0x30
34186d8c:	1c5a      	adds	r2, r3, #1
34186d8e:	9224      	str	r2, [sp, #144]	@ 0x90
34186d90:	7018      	strb	r0, [r3, #0]
34186d92:	9b24      	ldr	r3, [sp, #144]	@ 0x90
34186d94:	428b      	cmp	r3, r1
34186d96:	d3f9      	bcc.n	34186d8c <_vfprintf_r+0x19bc>
34186d98:	1b5b      	subs	r3, r3, r5
34186d9a:	2e47      	cmp	r6, #71	@ 0x47
34186d9c:	930f      	str	r3, [sp, #60]	@ 0x3c
34186d9e:	9b1b      	ldr	r3, [sp, #108]	@ 0x6c
34186da0:	930d      	str	r3, [sp, #52]	@ 0x34
34186da2:	d047      	beq.n	34186e34 <_vfprintf_r+0x1a64>
34186da4:	2e46      	cmp	r6, #70	@ 0x46
34186da6:	f43f ae45 	beq.w	34186a34 <_vfprintf_r+0x1664>
34186daa:	9b0d      	ldr	r3, [sp, #52]	@ 0x34
34186dac:	f88d 4078 	strb.w	r4, [sp, #120]	@ 0x78
34186db0:	3b01      	subs	r3, #1
34186db2:	2b00      	cmp	r3, #0
34186db4:	931b      	str	r3, [sp, #108]	@ 0x6c
34186db6:	f2c0 826d 	blt.w	34187294 <_vfprintf_r+0x1ec4>
34186dba:	222b      	movs	r2, #43	@ 0x2b
34186dbc:	2b09      	cmp	r3, #9
34186dbe:	f88d 2079 	strb.w	r2, [sp, #121]	@ 0x79
34186dc2:	f340 8270 	ble.w	341872a6 <_vfprintf_r+0x1ed6>
34186dc6:	2200      	movs	r2, #0
34186dc8:	9209      	str	r2, [sp, #36]	@ 0x24
34186dca:	f10d 0e87 	add.w	lr, sp, #135	@ 0x87
34186dce:	f8df a220 	ldr.w	sl, [pc, #544]	@ 34186ff0 <_vfprintf_r+0x1c20>
34186dd2:	4676      	mov	r6, lr
34186dd4:	fbaa 2c03 	umull	r2, ip, sl, r3
34186dd8:	4630      	mov	r0, r6
34186dda:	2b63      	cmp	r3, #99	@ 0x63
34186ddc:	f106 36ff 	add.w	r6, r6, #4294967295	@ 0xffffffff
34186de0:	ea4f 0cdc 	mov.w	ip, ip, lsr #3
34186de4:	eb0c 028c 	add.w	r2, ip, ip, lsl #2
34186de8:	eba3 0242 	sub.w	r2, r3, r2, lsl #1
34186dec:	4663      	mov	r3, ip
34186dee:	f102 0230 	add.w	r2, r2, #48	@ 0x30
34186df2:	f800 2c01 	strb.w	r2, [r0, #-1]
34186df6:	dced      	bgt.n	34186dd4 <_vfprintf_r+0x1a04>
34186df8:	3330      	adds	r3, #48	@ 0x30
34186dfa:	f806 3c01 	strb.w	r3, [r6, #-1]
34186dfe:	1e83      	subs	r3, r0, #2
34186e00:	4573      	cmp	r3, lr
34186e02:	f080 8334 	bcs.w	3418746e <_vfprintf_r+0x209e>
34186e06:	f10d 0279 	add.w	r2, sp, #121	@ 0x79
34186e0a:	f813 1b01 	ldrb.w	r1, [r3], #1
34186e0e:	4573      	cmp	r3, lr
34186e10:	f802 1f01 	strb.w	r1, [r2, #1]!
34186e14:	d1f9      	bne.n	34186e0a <_vfprintf_r+0x1a3a>
34186e16:	f503 73a4 	add.w	r3, r3, #328	@ 0x148
34186e1a:	aa1e      	add	r2, sp, #120	@ 0x78
34186e1c:	446b      	add	r3, sp
34186e1e:	3bcc      	subs	r3, #204	@ 0xcc
34186e20:	1a1b      	subs	r3, r3, r0
34186e22:	1a9b      	subs	r3, r3, r2
34186e24:	9313      	str	r3, [sp, #76]	@ 0x4c
34186e26:	f7ff bae3 	b.w	341863f0 <_vfprintf_r+0x1020>
34186e2a:	9b24      	ldr	r3, [sp, #144]	@ 0x90
34186e2c:	1a1b      	subs	r3, r3, r0
34186e2e:	930f      	str	r3, [sp, #60]	@ 0x3c
34186e30:	9b1b      	ldr	r3, [sp, #108]	@ 0x6c
34186e32:	930d      	str	r3, [sp, #52]	@ 0x34
34186e34:	9b0d      	ldr	r3, [sp, #52]	@ 0x34
34186e36:	1cda      	adds	r2, r3, #3
34186e38:	db01      	blt.n	34186e3e <_vfprintf_r+0x1a6e>
34186e3a:	4553      	cmp	r3, sl
34186e3c:	dd01      	ble.n	34186e42 <_vfprintf_r+0x1a72>
34186e3e:	3c02      	subs	r4, #2
34186e40:	e7b3      	b.n	34186daa <_vfprintf_r+0x19da>
34186e42:	9b0f      	ldr	r3, [sp, #60]	@ 0x3c
34186e44:	9a0d      	ldr	r2, [sp, #52]	@ 0x34
34186e46:	4293      	cmp	r3, r2
34186e48:	f300 811f 	bgt.w	3418708a <_vfprintf_r+0x1cba>
34186e4c:	9b02      	ldr	r3, [sp, #8]
34186e4e:	f013 0f01 	tst.w	r3, #1
34186e52:	9b0d      	ldr	r3, [sp, #52]	@ 0x34
34186e54:	f000 8174 	beq.w	34187140 <_vfprintf_r+0x1d70>
34186e58:	9a11      	ldr	r2, [sp, #68]	@ 0x44
34186e5a:	4413      	add	r3, r2
34186e5c:	930a      	str	r3, [sp, #40]	@ 0x28
34186e5e:	9b02      	ldr	r3, [sp, #8]
34186e60:	055e      	lsls	r6, r3, #21
34186e62:	d503      	bpl.n	34186e6c <_vfprintf_r+0x1a9c>
34186e64:	9b0d      	ldr	r3, [sp, #52]	@ 0x34
34186e66:	2b00      	cmp	r3, #0
34186e68:	f300 81c0 	bgt.w	341871ec <_vfprintf_r+0x1e1c>
34186e6c:	9b0a      	ldr	r3, [sp, #40]	@ 0x28
34186e6e:	2467      	movs	r4, #103	@ 0x67
34186e70:	ea23 73e3 	bic.w	r3, r3, r3, asr #31
34186e74:	9304      	str	r3, [sp, #16]
34186e76:	e5f4      	b.n	34186a62 <_vfprintf_r+0x1692>
34186e78:	aa26      	add	r2, sp, #152	@ 0x98
34186e7a:	9903      	ldr	r1, [sp, #12]
34186e7c:	4658      	mov	r0, fp
34186e7e:	f000 fed3 	bl	34187c28 <__sprint_r>
34186e82:	2800      	cmp	r0, #0
34186e84:	f47e abef 	bne.w	34185666 <_vfprintf_r+0x296>
34186e88:	991b      	ldr	r1, [sp, #108]	@ 0x6c
34186e8a:	af29      	add	r7, sp, #164	@ 0xa4
34186e8c:	9a28      	ldr	r2, [sp, #160]	@ 0xa0
34186e8e:	f7ff b808 	b.w	34185ea2 <_vfprintf_r+0xad2>
34186e92:	aa26      	add	r2, sp, #152	@ 0x98
34186e94:	9903      	ldr	r1, [sp, #12]
34186e96:	4658      	mov	r0, fp
34186e98:	f000 fec6 	bl	34187c28 <__sprint_r>
34186e9c:	2800      	cmp	r0, #0
34186e9e:	f47e abe2 	bne.w	34185666 <_vfprintf_r+0x296>
34186ea2:	9a28      	ldr	r2, [sp, #160]	@ 0xa0
34186ea4:	af29      	add	r7, sp, #164	@ 0xa4
34186ea6:	f7ff b96e 	b.w	34186186 <_vfprintf_r+0xdb6>
34186eaa:	aa26      	add	r2, sp, #152	@ 0x98
34186eac:	9903      	ldr	r1, [sp, #12]
34186eae:	4658      	mov	r0, fp
34186eb0:	f000 feba 	bl	34187c28 <__sprint_r>
34186eb4:	2800      	cmp	r0, #0
34186eb6:	f47e abd6 	bne.w	34185666 <_vfprintf_r+0x296>
34186eba:	991b      	ldr	r1, [sp, #108]	@ 0x6c
34186ebc:	af29      	add	r7, sp, #164	@ 0xa4
34186ebe:	e9dd 3227 	ldrd	r3, r2, [sp, #156]	@ 0x9c
34186ec2:	f7fe bfff 	b.w	34185ec4 <_vfprintf_r+0xaf4>
34186ec6:	aa26      	add	r2, sp, #152	@ 0x98
34186ec8:	9903      	ldr	r1, [sp, #12]
34186eca:	4658      	mov	r0, fp
34186ecc:	930c      	str	r3, [sp, #48]	@ 0x30
34186ece:	f000 feab 	bl	34187c28 <__sprint_r>
34186ed2:	2800      	cmp	r0, #0
34186ed4:	f47e abc7 	bne.w	34185666 <_vfprintf_r+0x296>
34186ed8:	f89a 0000 	ldrb.w	r0, [sl]
34186edc:	a929      	add	r1, sp, #164	@ 0xa4
34186ede:	9a28      	ldr	r2, [sp, #160]	@ 0xa0
34186ee0:	9b0c      	ldr	r3, [sp, #48]	@ 0x30
34186ee2:	e6b2      	b.n	34186c4a <_vfprintf_r+0x187a>
34186ee4:	9b02      	ldr	r3, [sp, #8]
34186ee6:	07dc      	lsls	r4, r3, #31
34186ee8:	f57e ac48 	bpl.w	3418577c <_vfprintf_r+0x3ac>
34186eec:	9b11      	ldr	r3, [sp, #68]	@ 0x44
34186eee:	9912      	ldr	r1, [sp, #72]	@ 0x48
34186ef0:	441a      	add	r2, r3
34186ef2:	e9c7 1300 	strd	r1, r3, [r7]
34186ef6:	9b27      	ldr	r3, [sp, #156]	@ 0x9c
34186ef8:	9228      	str	r2, [sp, #160]	@ 0xa0
34186efa:	3301      	adds	r3, #1
34186efc:	2b07      	cmp	r3, #7
34186efe:	9327      	str	r3, [sp, #156]	@ 0x9c
34186f00:	dcd3      	bgt.n	34186eaa <_vfprintf_r+0x1ada>
34186f02:	3708      	adds	r7, #8
34186f04:	f7fe bfe1 	b.w	34185eca <_vfprintf_r+0xafa>
34186f08:	aa26      	add	r2, sp, #152	@ 0x98
34186f0a:	9903      	ldr	r1, [sp, #12]
34186f0c:	4658      	mov	r0, fp
34186f0e:	f000 fe8b 	bl	34187c28 <__sprint_r>
34186f12:	2800      	cmp	r0, #0
34186f14:	f47e aba7 	bne.w	34185666 <_vfprintf_r+0x296>
34186f18:	9c1b      	ldr	r4, [sp, #108]	@ 0x6c
34186f1a:	af29      	add	r7, sp, #164	@ 0xa4
34186f1c:	9a28      	ldr	r2, [sp, #160]	@ 0xa0
34186f1e:	f7ff b955 	b.w	341861cc <_vfprintf_r+0xdfc>
34186f22:	9a14      	ldr	r2, [sp, #80]	@ 0x50
34186f24:	9915      	ldr	r1, [sp, #84]	@ 0x54
34186f26:	1aaf      	subs	r7, r5, r2
34186f28:	4638      	mov	r0, r7
34186f2a:	f001 f839 	bl	34187fa0 <strncpy>
34186f2e:	f89a 3001 	ldrb.w	r3, [sl, #1]
34186f32:	b10b      	cbz	r3, 34186f38 <_vfprintf_r+0x1b68>
34186f34:	f10a 0a01 	add.w	sl, sl, #1
34186f38:	eb16 0308 	adds.w	r3, r6, r8
34186f3c:	4a2c      	ldr	r2, [pc, #176]	@ (34186ff0 <_vfprintf_r+0x1c20>)
34186f3e:	f04f 31cc 	mov.w	r1, #3435973836	@ 0xcccccccc
34186f42:	f04f 0c01 	mov.w	ip, #1
34186f46:	f143 0300 	adc.w	r3, r3, #0
34186f4a:	1e7d      	subs	r5, r7, #1
34186f4c:	fba2 0e03 	umull	r0, lr, r2, r3
34186f50:	f02e 0003 	bic.w	r0, lr, #3
34186f54:	eb00 009e 	add.w	r0, r0, lr, lsr #2
34186f58:	1a1b      	subs	r3, r3, r0
34186f5a:	1af3      	subs	r3, r6, r3
34186f5c:	f168 0800 	sbc.w	r8, r8, #0
34186f60:	fb03 f101 	mul.w	r1, r3, r1
34186f64:	fba3 3002 	umull	r3, r0, r3, r2
34186f68:	fb02 1108 	mla	r1, r2, r8, r1
34186f6c:	fa23 f30c 	lsr.w	r3, r3, ip
34186f70:	4401      	add	r1, r0
34186f72:	ea43 76c1 	orr.w	r6, r3, r1, lsl #31
34186f76:	fa21 f80c 	lsr.w	r8, r1, ip
34186f7a:	eb16 0308 	adds.w	r3, r6, r8
34186f7e:	f143 0300 	adc.w	r3, r3, #0
34186f82:	fba2 1003 	umull	r1, r0, r2, r3
34186f86:	f020 0103 	bic.w	r1, r0, #3
34186f8a:	eb01 0190 	add.w	r1, r1, r0, lsr #2
34186f8e:	1a5b      	subs	r3, r3, r1
34186f90:	1af3      	subs	r3, r6, r3
34186f92:	fba3 3102 	umull	r3, r1, r3, r2
34186f96:	f168 0000 	sbc.w	r0, r8, #0
34186f9a:	fa23 f30c 	lsr.w	r3, r3, ip
34186f9e:	fb02 1200 	mla	r2, r2, r0, r1
34186fa2:	ea43 73c2 	orr.w	r3, r3, r2, lsl #31
34186fa6:	eb03 0383 	add.w	r3, r3, r3, lsl #2
34186faa:	eba6 0343 	sub.w	r3, r6, r3, lsl #1
34186fae:	3330      	adds	r3, #48	@ 0x30
34186fb0:	f807 3c01 	strb.w	r3, [r7, #-1]
34186fb4:	e451      	b.n	3418685a <_vfprintf_r+0x148a>
34186fb6:	f89d 3067 	ldrb.w	r3, [sp, #103]	@ 0x67
34186fba:	f8cd 8024 	str.w	r8, [sp, #36]	@ 0x24
34186fbe:	b113      	cbz	r3, 34186fc6 <_vfprintf_r+0x1bf6>
34186fc0:	9b04      	ldr	r3, [sp, #16]
34186fc2:	3301      	adds	r3, #1
34186fc4:	9304      	str	r3, [sp, #16]
34186fc6:	9a0c      	ldr	r2, [sp, #48]	@ 0x30
34186fc8:	46c2      	mov	sl, r8
34186fca:	f8cd 8040 	str.w	r8, [sp, #64]	@ 0x40
34186fce:	9202      	str	r2, [sp, #8]
34186fd0:	f8cd 8038 	str.w	r8, [sp, #56]	@ 0x38
34186fd4:	f7fe bb8b 	b.w	341856ee <_vfprintf_r+0x31e>
34186fd8:	f10a 0301 	add.w	r3, sl, #1
34186fdc:	2102      	movs	r1, #2
34186fde:	930f      	str	r3, [sp, #60]	@ 0x3c
34186fe0:	e503      	b.n	341869ea <_vfprintf_r+0x161a>
34186fe2:	f8df 8014 	ldr.w	r8, [pc, #20]	@ 34186ff8 <_vfprintf_r+0x1c28>
34186fe6:	f7ff b858 	b.w	3418609a <_vfprintf_r+0xcca>
34186fea:	bf00      	nop
34186fec:	3418b19c 	.word	0x3418b19c
34186ff0:	cccccccd 	.word	0xcccccccd
34186ff4:	3418b41c 	.word	0x3418b41c
34186ff8:	3418b42c 	.word	0x3418b42c
34186ffc:	4615      	mov	r5, r2
34186ffe:	f04f 0a00 	mov.w	sl, #0
34187002:	f7fe ba5f 	b.w	341854c4 <_vfprintf_r+0xf4>
34187006:	aa26      	add	r2, sp, #152	@ 0x98
34187008:	9903      	ldr	r1, [sp, #12]
3418700a:	4658      	mov	r0, fp
3418700c:	f000 fe0c 	bl	34187c28 <__sprint_r>
34187010:	2800      	cmp	r0, #0
34187012:	f47e ab28 	bne.w	34185666 <_vfprintf_r+0x296>
34187016:	9c1b      	ldr	r4, [sp, #108]	@ 0x6c
34187018:	af29      	add	r7, sp, #164	@ 0xa4
3418701a:	9b0f      	ldr	r3, [sp, #60]	@ 0x3c
3418701c:	9a28      	ldr	r2, [sp, #160]	@ 0xa0
3418701e:	1b1c      	subs	r4, r3, r4
34187020:	f7ff b8ea 	b.w	341861f8 <_vfprintf_r+0xe28>
34187024:	4db0      	ldr	r5, [pc, #704]	@ (341872e8 <_vfprintf_r+0x1f18>)
34187026:	e675      	b.n	34186d14 <_vfprintf_r+0x1944>
34187028:	2300      	movs	r3, #0
3418702a:	ad39      	add	r5, sp, #228	@ 0xe4
3418702c:	9309      	str	r3, [sp, #36]	@ 0x24
3418702e:	f7ff bb9a 	b.w	34186766 <_vfprintf_r+0x1396>
34187032:	424c      	negs	r4, r1
34187034:	3110      	adds	r1, #16
34187036:	f8df 82b8 	ldr.w	r8, [pc, #696]	@ 341872f0 <_vfprintf_r+0x1f20>
3418703a:	da43      	bge.n	341870c4 <_vfprintf_r+0x1cf4>
3418703c:	2610      	movs	r6, #16
3418703e:	e002      	b.n	34187046 <_vfprintf_r+0x1c76>
34187040:	3c10      	subs	r4, #16
34187042:	2c10      	cmp	r4, #16
34187044:	dd3e      	ble.n	341870c4 <_vfprintf_r+0x1cf4>
34187046:	3301      	adds	r3, #1
34187048:	3210      	adds	r2, #16
3418704a:	2b07      	cmp	r3, #7
3418704c:	e9c7 8600 	strd	r8, r6, [r7]
34187050:	e9cd 3227 	strd	r3, r2, [sp, #156]	@ 0x9c
34187054:	f107 0708 	add.w	r7, r7, #8
34187058:	ddf2      	ble.n	34187040 <_vfprintf_r+0x1c70>
3418705a:	aa26      	add	r2, sp, #152	@ 0x98
3418705c:	9903      	ldr	r1, [sp, #12]
3418705e:	4658      	mov	r0, fp
34187060:	f000 fde2 	bl	34187c28 <__sprint_r>
34187064:	2800      	cmp	r0, #0
34187066:	f47e aafe 	bne.w	34185666 <_vfprintf_r+0x296>
3418706a:	af29      	add	r7, sp, #164	@ 0xa4
3418706c:	e9dd 3227 	ldrd	r3, r2, [sp, #156]	@ 0x9c
34187070:	e7e6      	b.n	34187040 <_vfprintf_r+0x1c70>
34187072:	469a      	mov	sl, r3
34187074:	9b04      	ldr	r3, [sp, #16]
34187076:	f8cd 802c 	str.w	r8, [sp, #44]	@ 0x2c
3418707a:	3301      	adds	r3, #1
3418707c:	f8cd a040 	str.w	sl, [sp, #64]	@ 0x40
34187080:	9304      	str	r3, [sp, #16]
34187082:	e9cd aa0d 	strd	sl, sl, [sp, #52]	@ 0x34
34187086:	f7fe bb32 	b.w	341856ee <_vfprintf_r+0x31e>
3418708a:	9b0f      	ldr	r3, [sp, #60]	@ 0x3c
3418708c:	9a11      	ldr	r2, [sp, #68]	@ 0x44
3418708e:	189a      	adds	r2, r3, r2
34187090:	9b0d      	ldr	r3, [sp, #52]	@ 0x34
34187092:	2b00      	cmp	r3, #0
34187094:	920a      	str	r2, [sp, #40]	@ 0x28
34187096:	dd4a      	ble.n	3418712e <_vfprintf_r+0x1d5e>
34187098:	2467      	movs	r4, #103	@ 0x67
3418709a:	e4da      	b.n	34186a52 <_vfprintf_r+0x1682>
3418709c:	f8df 8254 	ldr.w	r8, [pc, #596]	@ 341872f4 <_vfprintf_r+0x1f24>
341870a0:	f7fe bfa7 	b.w	34185ff2 <_vfprintf_r+0xc22>
341870a4:	f8df 8248 	ldr.w	r8, [pc, #584]	@ 341872f0 <_vfprintf_r+0x1f20>
341870a8:	f7fe be84 	b.w	34185db4 <_vfprintf_r+0x9e4>
341870ac:	aa26      	add	r2, sp, #152	@ 0x98
341870ae:	9903      	ldr	r1, [sp, #12]
341870b0:	4658      	mov	r0, fp
341870b2:	f000 fdb9 	bl	34187c28 <__sprint_r>
341870b6:	2800      	cmp	r0, #0
341870b8:	f47e aad5 	bne.w	34185666 <_vfprintf_r+0x296>
341870bc:	9a28      	ldr	r2, [sp, #160]	@ 0xa0
341870be:	af29      	add	r7, sp, #164	@ 0xa4
341870c0:	f7ff b868 	b.w	34186194 <_vfprintf_r+0xdc4>
341870c4:	3301      	adds	r3, #1
341870c6:	4422      	add	r2, r4
341870c8:	f8c7 8000 	str.w	r8, [r7]
341870cc:	2b07      	cmp	r3, #7
341870ce:	607c      	str	r4, [r7, #4]
341870d0:	e9cd 3227 	strd	r3, r2, [sp, #156]	@ 0x9c
341870d4:	f77f af15 	ble.w	34186f02 <_vfprintf_r+0x1b32>
341870d8:	aa26      	add	r2, sp, #152	@ 0x98
341870da:	9903      	ldr	r1, [sp, #12]
341870dc:	4658      	mov	r0, fp
341870de:	f000 fda3 	bl	34187c28 <__sprint_r>
341870e2:	2800      	cmp	r0, #0
341870e4:	f47e aabf 	bne.w	34185666 <_vfprintf_r+0x296>
341870e8:	af29      	add	r7, sp, #164	@ 0xa4
341870ea:	e9dd 3227 	ldrd	r3, r2, [sp, #156]	@ 0x9c
341870ee:	f7fe beec 	b.w	34185eca <_vfprintf_r+0xafa>
341870f2:	46c2      	mov	sl, r8
341870f4:	f89d 0067 	ldrb.w	r0, [sp, #103]	@ 0x67
341870f8:	f7fe bc57 	b.w	341859aa <_vfprintf_r+0x5da>
341870fc:	9b02      	ldr	r3, [sp, #8]
341870fe:	07db      	lsls	r3, r3, #31
34187100:	f57f a981 	bpl.w	34186406 <_vfprintf_r+0x1036>
34187104:	f7ff b97b 	b.w	341863fe <_vfprintf_r+0x102e>
34187108:	9b03      	ldr	r3, [sp, #12]
3418710a:	2200      	movs	r2, #0
3418710c:	899b      	ldrh	r3, [r3, #12]
3418710e:	9209      	str	r2, [sp, #36]	@ 0x24
34187110:	f043 0340 	orr.w	r3, r3, #64	@ 0x40
34187114:	9a03      	ldr	r2, [sp, #12]
34187116:	8193      	strh	r3, [r2, #12]
34187118:	f7fe baa5 	b.w	34185666 <_vfprintf_r+0x296>
3418711c:	2300      	movs	r3, #0
3418711e:	eeb1 0b48 	vneg.f64	d0, d8
34187122:	f04f 082d 	mov.w	r8, #45	@ 0x2d
34187126:	ad39      	add	r5, sp, #228	@ 0xe4
34187128:	9309      	str	r3, [sp, #36]	@ 0x24
3418712a:	f7ff b8ea 	b.w	34186302 <_vfprintf_r+0xf32>
3418712e:	f1c3 0301 	rsb	r3, r3, #1
34187132:	2467      	movs	r4, #103	@ 0x67
34187134:	441a      	add	r2, r3
34187136:	ea22 73e2 	bic.w	r3, r2, r2, asr #31
3418713a:	920a      	str	r2, [sp, #40]	@ 0x28
3418713c:	9304      	str	r3, [sp, #16]
3418713e:	e490      	b.n	34186a62 <_vfprintf_r+0x1692>
34187140:	930a      	str	r3, [sp, #40]	@ 0x28
34187142:	e68c      	b.n	34186e5e <_vfprintf_r+0x1a8e>
34187144:	f8cd 802c 	str.w	r8, [sp, #44]	@ 0x2c
34187148:	2b00      	cmp	r3, #0
3418714a:	f000 811a 	beq.w	34187382 <_vfprintf_r+0x1fb2>
3418714e:	f10a 0301 	add.w	r3, sl, #1
34187152:	f8cd a028 	str.w	sl, [sp, #40]	@ 0x28
34187156:	2473      	movs	r4, #115	@ 0x73
34187158:	4682      	mov	sl, r0
3418715a:	9304      	str	r3, [sp, #16]
3418715c:	9010      	str	r0, [sp, #64]	@ 0x40
3418715e:	900e      	str	r0, [sp, #56]	@ 0x38
34187160:	f7fe bac5 	b.w	341856ee <_vfprintf_r+0x31e>
34187164:	9b02      	ldr	r3, [sp, #8]
34187166:	f023 0380 	bic.w	r3, r3, #128	@ 0x80
3418716a:	9302      	str	r3, [sp, #8]
3418716c:	ee18 3a90 	vmov	r3, s17
34187170:	f013 4300 	ands.w	r3, r3, #2147483648	@ 0x80000000
34187174:	930d      	str	r3, [sp, #52]	@ 0x34
34187176:	f000 80bf 	beq.w	341872f8 <_vfprintf_r+0x1f28>
3418717a:	232d      	movs	r3, #45	@ 0x2d
3418717c:	2203      	movs	r2, #3
3418717e:	2c47      	cmp	r4, #71	@ 0x47
34187180:	f88d 3067 	strb.w	r3, [sp, #103]	@ 0x67
34187184:	f04f 0300 	mov.w	r3, #0
34187188:	e9cd 3209 	strd	r3, r2, [sp, #36]	@ 0x24
3418718c:	f340 812e 	ble.w	341873ec <_vfprintf_r+0x201c>
34187190:	4d56      	ldr	r5, [pc, #344]	@ (341872ec <_vfprintf_r+0x1f1c>)
34187192:	e5bf      	b.n	34186d14 <_vfprintf_r+0x1944>
34187194:	eeb1 7b48 	vneg.f64	d7, d8
34187198:	f04f 082d 	mov.w	r8, #45	@ 0x2d
3418719c:	e417      	b.n	341869ce <_vfprintf_r+0x15fe>
3418719e:	9f04      	ldr	r7, [sp, #16]
341871a0:	f8cd a028 	str.w	sl, [sp, #40]	@ 0x28
341871a4:	f7ff bacf 	b.w	34186746 <_vfprintf_r+0x1376>
341871a8:	eeb5 7b40 	vcmp.f64	d7, #0.0
341871ac:	eef1 fa10 	vmrs	APSR_nzcv, fpscr
341871b0:	f040 813c 	bne.w	3418742c <_vfprintf_r+0x205c>
341871b4:	9b1b      	ldr	r3, [sp, #108]	@ 0x6c
341871b6:	4419      	add	r1, r3
341871b8:	930d      	str	r3, [sp, #52]	@ 0x34
341871ba:	e439      	b.n	34186a30 <_vfprintf_r+0x1660>
341871bc:	eeb5 7b40 	vcmp.f64	d7, #0.0
341871c0:	eef1 fa10 	vmrs	APSR_nzcv, fpscr
341871c4:	f040 815a 	bne.w	3418747c <_vfprintf_r+0x20ac>
341871c8:	9b1b      	ldr	r3, [sp, #108]	@ 0x6c
341871ca:	2e47      	cmp	r6, #71	@ 0x47
341871cc:	930d      	str	r3, [sp, #52]	@ 0x34
341871ce:	f47f adec 	bne.w	34186daa <_vfprintf_r+0x19da>
341871d2:	e62f      	b.n	34186e34 <_vfprintf_r+0x1a64>
341871d4:	2300      	movs	r3, #0
341871d6:	2203      	movs	r2, #3
341871d8:	e9cd 3209 	strd	r3, r2, [sp, #36]	@ 0x24
341871dc:	2204      	movs	r2, #4
341871de:	469a      	mov	sl, r3
341871e0:	9310      	str	r3, [sp, #64]	@ 0x40
341871e2:	9204      	str	r2, [sp, #16]
341871e4:	e9cd 330d 	strd	r3, r3, [sp, #52]	@ 0x34
341871e8:	f7fe ba81 	b.w	341856ee <_vfprintf_r+0x31e>
341871ec:	2467      	movs	r4, #103	@ 0x67
341871ee:	9816      	ldr	r0, [sp, #88]	@ 0x58
341871f0:	7803      	ldrb	r3, [r0, #0]
341871f2:	2bff      	cmp	r3, #255	@ 0xff
341871f4:	f000 816e 	beq.w	341874d4 <_vfprintf_r+0x2104>
341871f8:	990d      	ldr	r1, [sp, #52]	@ 0x34
341871fa:	4299      	cmp	r1, r3
341871fc:	bfcc      	ite	gt
341871fe:	2200      	movgt	r2, #0
34187200:	2201      	movle	r2, #1
34187202:	2a00      	cmp	r2, #0
34187204:	f040 8166 	bne.w	341874d4 <_vfprintf_r+0x2104>
34187208:	4616      	mov	r6, r2
3418720a:	4694      	mov	ip, r2
3418720c:	e006      	b.n	3418721c <_vfprintf_r+0x1e4c>
3418720e:	3601      	adds	r6, #1
34187210:	3001      	adds	r0, #1
34187212:	2aff      	cmp	r2, #255	@ 0xff
34187214:	4613      	mov	r3, r2
34187216:	d00f      	beq.n	34187238 <_vfprintf_r+0x1e68>
34187218:	428a      	cmp	r2, r1
3418721a:	da0d      	bge.n	34187238 <_vfprintf_r+0x1e68>
3418721c:	7842      	ldrb	r2, [r0, #1]
3418721e:	1ac9      	subs	r1, r1, r3
34187220:	2a00      	cmp	r2, #0
34187222:	d1f4      	bne.n	3418720e <_vfprintf_r+0x1e3e>
34187224:	7802      	ldrb	r2, [r0, #0]
34187226:	f10c 0c01 	add.w	ip, ip, #1
3418722a:	e7f2      	b.n	34187212 <_vfprintf_r+0x1e42>
3418722c:	9b11      	ldr	r3, [sp, #68]	@ 0x44
3418722e:	2466      	movs	r4, #102	@ 0x66
34187230:	4453      	add	r3, sl
34187232:	4413      	add	r3, r2
34187234:	930a      	str	r3, [sp, #40]	@ 0x28
34187236:	e40c      	b.n	34186a52 <_vfprintf_r+0x1682>
34187238:	eb06 030c 	add.w	r3, r6, ip
3418723c:	9a14      	ldr	r2, [sp, #80]	@ 0x50
3418723e:	910d      	str	r1, [sp, #52]	@ 0x34
34187240:	fb02 f303 	mul.w	r3, r2, r3
34187244:	9016      	str	r0, [sp, #88]	@ 0x58
34187246:	960e      	str	r6, [sp, #56]	@ 0x38
34187248:	f8cd c040 	str.w	ip, [sp, #64]	@ 0x40
3418724c:	9a0a      	ldr	r2, [sp, #40]	@ 0x28
3418724e:	441a      	add	r2, r3
34187250:	ea22 73e2 	bic.w	r3, r2, r2, asr #31
34187254:	920a      	str	r2, [sp, #40]	@ 0x28
34187256:	9304      	str	r3, [sp, #16]
34187258:	f1b8 0f00 	cmp.w	r8, #0
3418725c:	d034      	beq.n	341872c8 <_vfprintf_r+0x1ef8>
3418725e:	9b04      	ldr	r3, [sp, #16]
34187260:	3301      	adds	r3, #1
34187262:	9304      	str	r3, [sp, #16]
34187264:	9b0c      	ldr	r3, [sp, #48]	@ 0x30
34187266:	9302      	str	r3, [sp, #8]
34187268:	232d      	movs	r3, #45	@ 0x2d
3418726a:	f88d 3067 	strb.w	r3, [sp, #103]	@ 0x67
3418726e:	2300      	movs	r3, #0
34187270:	469a      	mov	sl, r3
34187272:	9309      	str	r3, [sp, #36]	@ 0x24
34187274:	f7fe ba3b 	b.w	341856ee <_vfprintf_r+0x31e>
34187278:	2a00      	cmp	r2, #0
3418727a:	f6ff a89f 	blt.w	341863bc <_vfprintf_r+0xfec>
3418727e:	185e      	adds	r6, r3, r1
34187280:	2030      	movs	r0, #48	@ 0x30
34187282:	4619      	mov	r1, r3
34187284:	f801 0b01 	strb.w	r0, [r1], #1
34187288:	428e      	cmp	r6, r1
3418728a:	d1fb      	bne.n	34187284 <_vfprintf_r+0x1eb4>
3418728c:	441a      	add	r2, r3
3418728e:	1c53      	adds	r3, r2, #1
34187290:	f7ff b894 	b.w	341863bc <_vfprintf_r+0xfec>
34187294:	232d      	movs	r3, #45	@ 0x2d
34187296:	9a0d      	ldr	r2, [sp, #52]	@ 0x34
34187298:	f88d 3079 	strb.w	r3, [sp, #121]	@ 0x79
3418729c:	f1c2 0301 	rsb	r3, r2, #1
341872a0:	3208      	adds	r2, #8
341872a2:	f6ff ad90 	blt.w	34186dc6 <_vfprintf_r+0x19f6>
341872a6:	2230      	movs	r2, #48	@ 0x30
341872a8:	f88d 207a 	strb.w	r2, [sp, #122]	@ 0x7a
341872ac:	2200      	movs	r2, #0
341872ae:	9209      	str	r2, [sp, #36]	@ 0x24
341872b0:	f10d 027b 	add.w	r2, sp, #123	@ 0x7b
341872b4:	f7ff b896 	b.w	341863e4 <_vfprintf_r+0x1014>
341872b8:	07d7      	lsls	r7, r2, #31
341872ba:	f57e a9f4 	bpl.w	341856a6 <_vfprintf_r+0x2d6>
341872be:	f04f 33ff 	mov.w	r3, #4294967295	@ 0xffffffff
341872c2:	9307      	str	r3, [sp, #28]
341872c4:	f7fe b9e0 	b.w	34185688 <_vfprintf_r+0x2b8>
341872c8:	f89d 3067 	ldrb.w	r3, [sp, #103]	@ 0x67
341872cc:	f8cd 8024 	str.w	r8, [sp, #36]	@ 0x24
341872d0:	2b00      	cmp	r3, #0
341872d2:	f000 808d 	beq.w	341873f0 <_vfprintf_r+0x2020>
341872d6:	9b04      	ldr	r3, [sp, #16]
341872d8:	46c2      	mov	sl, r8
341872da:	3301      	adds	r3, #1
341872dc:	9304      	str	r3, [sp, #16]
341872de:	9b0c      	ldr	r3, [sp, #48]	@ 0x30
341872e0:	9302      	str	r3, [sp, #8]
341872e2:	f7fe ba04 	b.w	341856ee <_vfprintf_r+0x31e>
341872e6:	bf00      	nop
341872e8:	3418b198 	.word	0x3418b198
341872ec:	3418b1a4 	.word	0x3418b1a4
341872f0:	3418b41c 	.word	0x3418b41c
341872f4:	3418b42c 	.word	0x3418b42c
341872f8:	2c47      	cmp	r4, #71	@ 0x47
341872fa:	f89d 3067 	ldrb.w	r3, [sp, #103]	@ 0x67
341872fe:	bfcc      	ite	gt
34187300:	4d79      	ldrgt	r5, [pc, #484]	@ (341874e8 <_vfprintf_r+0x2118>)
34187302:	4d7a      	ldrle	r5, [pc, #488]	@ (341874ec <_vfprintf_r+0x211c>)
34187304:	2b00      	cmp	r3, #0
34187306:	f040 80c0 	bne.w	3418748a <_vfprintf_r+0x20ba>
3418730a:	469a      	mov	sl, r3
3418730c:	2303      	movs	r3, #3
3418730e:	f8cd a040 	str.w	sl, [sp, #64]	@ 0x40
34187312:	930a      	str	r3, [sp, #40]	@ 0x28
34187314:	f8cd a038 	str.w	sl, [sp, #56]	@ 0x38
34187318:	f8cd a024 	str.w	sl, [sp, #36]	@ 0x24
3418731c:	9304      	str	r3, [sp, #16]
3418731e:	f7fe b9e6 	b.w	341856ee <_vfprintf_r+0x31e>
34187322:	f8cd a058 	str.w	sl, [sp, #88]	@ 0x58
34187326:	460f      	mov	r7, r1
34187328:	9d17      	ldr	r5, [sp, #92]	@ 0x5c
3418732a:	46b2      	mov	sl, r6
3418732c:	9b0a      	ldr	r3, [sp, #40]	@ 0x28
3418732e:	459a      	cmp	sl, r3
34187330:	bf28      	it	cs
34187332:	469a      	movcs	sl, r3
34187334:	f7fe bf35 	b.w	341861a2 <_vfprintf_r+0xdd2>
34187338:	232d      	movs	r3, #45	@ 0x2d
3418733a:	f88d 3079 	strb.w	r3, [sp, #121]	@ 0x79
3418733e:	f1c2 0301 	rsb	r3, r2, #1
34187342:	3208      	adds	r2, #8
34187344:	f6ff ad41 	blt.w	34186dca <_vfprintf_r+0x19fa>
34187348:	f7ff b84a 	b.w	341863e0 <_vfprintf_r+0x1010>
3418734c:	9b1b      	ldr	r3, [sp, #108]	@ 0x6c
3418734e:	f8cd a03c 	str.w	sl, [sp, #60]	@ 0x3c
34187352:	930d      	str	r3, [sp, #52]	@ 0x34
34187354:	e56e      	b.n	34186e34 <_vfprintf_r+0x1a64>
34187356:	4553      	cmp	r3, sl
34187358:	db60      	blt.n	3418741c <_vfprintf_r+0x204c>
3418735a:	eeb0 7b48 	vmov.f64	d7, d8
3418735e:	f04f 0800 	mov.w	r8, #0
34187362:	f04f 0a01 	mov.w	sl, #1
34187366:	f7ff bb32 	b.w	341869ce <_vfprintf_r+0x15fe>
3418736a:	f8df 8184 	ldr.w	r8, [pc, #388]	@ 341874f0 <_vfprintf_r+0x2120>
3418736e:	f7ff ba95 	b.w	3418689c <_vfprintf_r+0x14cc>
34187372:	eeb1 7b48 	vneg.f64	d7, d8
34187376:	f04f 082d 	mov.w	r8, #45	@ 0x2d
3418737a:	f04f 0a06 	mov.w	sl, #6
3418737e:	f7ff bb26 	b.w	341869ce <_vfprintf_r+0x15fe>
34187382:	9b09      	ldr	r3, [sp, #36]	@ 0x24
34187384:	2473      	movs	r4, #115	@ 0x73
34187386:	f8cd a028 	str.w	sl, [sp, #40]	@ 0x28
3418738a:	f8cd a010 	str.w	sl, [sp, #16]
3418738e:	469a      	mov	sl, r3
34187390:	9310      	str	r3, [sp, #64]	@ 0x40
34187392:	930e      	str	r3, [sp, #56]	@ 0x38
34187394:	f7fe b9ab 	b.w	341856ee <_vfprintf_r+0x31e>
34187398:	eeb1 0b48 	vneg.f64	d0, d8
3418739c:	f04f 082d 	mov.w	r8, #45	@ 0x2d
341873a0:	9009      	str	r0, [sp, #36]	@ 0x24
341873a2:	f7fe bfae 	b.w	34186302 <_vfprintf_r+0xf32>
341873a6:	9b24      	ldr	r3, [sp, #144]	@ 0x90
341873a8:	4299      	cmp	r1, r3
341873aa:	f63f acee 	bhi.w	34186d8a <_vfprintf_r+0x19ba>
341873ae:	1b5b      	subs	r3, r3, r5
341873b0:	920d      	str	r2, [sp, #52]	@ 0x34
341873b2:	930f      	str	r3, [sp, #60]	@ 0x3c
341873b4:	f7ff bb3e 	b.w	34186a34 <_vfprintf_r+0x1664>
341873b8:	f8df c134 	ldr.w	ip, [pc, #308]	@ 341874f0 <_vfprintf_r+0x2120>
341873bc:	e481      	b.n	34186cc2 <_vfprintf_r+0x18f2>
341873be:	9a03      	ldr	r2, [sp, #12]
341873c0:	6e53      	ldr	r3, [r2, #100]	@ 0x64
341873c2:	07d8      	lsls	r0, r3, #31
341873c4:	f53f af7b 	bmi.w	341872be <_vfprintf_r+0x1eee>
341873c8:	8993      	ldrh	r3, [r2, #12]
341873ca:	0599      	lsls	r1, r3, #22
341873cc:	f53f af77 	bmi.w	341872be <_vfprintf_r+0x1eee>
341873d0:	6d90      	ldr	r0, [r2, #88]	@ 0x58
341873d2:	f7fd fadb 	bl	3418498c <__retarget_lock_release_recursive>
341873d6:	e772      	b.n	341872be <_vfprintf_r+0x1eee>
341873d8:	9b0b      	ldr	r3, [sp, #44]	@ 0x2c
341873da:	786c      	ldrb	r4, [r5, #1]
341873dc:	4615      	mov	r5, r2
341873de:	f853 ab04 	ldr.w	sl, [r3], #4
341873e2:	ea4a 7aea 	orr.w	sl, sl, sl, asr #31
341873e6:	930b      	str	r3, [sp, #44]	@ 0x2c
341873e8:	f7fe b86b 	b.w	341854c2 <_vfprintf_r+0xf2>
341873ec:	4d3f      	ldr	r5, [pc, #252]	@ (341874ec <_vfprintf_r+0x211c>)
341873ee:	e491      	b.n	34186d14 <_vfprintf_r+0x1944>
341873f0:	9b0c      	ldr	r3, [sp, #48]	@ 0x30
341873f2:	46c2      	mov	sl, r8
341873f4:	9302      	str	r3, [sp, #8]
341873f6:	f7fe b97a 	b.w	341856ee <_vfprintf_r+0x31e>
341873fa:	b92b      	cbnz	r3, 34187408 <_vfprintf_r+0x2038>
341873fc:	2301      	movs	r3, #1
341873fe:	2466      	movs	r4, #102	@ 0x66
34187400:	9304      	str	r3, [sp, #16]
34187402:	930a      	str	r3, [sp, #40]	@ 0x28
34187404:	f7ff bb2d 	b.w	34186a62 <_vfprintf_r+0x1692>
34187408:	9b11      	ldr	r3, [sp, #68]	@ 0x44
3418740a:	2466      	movs	r4, #102	@ 0x66
3418740c:	3301      	adds	r3, #1
3418740e:	4453      	add	r3, sl
34187410:	930a      	str	r3, [sp, #40]	@ 0x28
34187412:	ea23 73e3 	bic.w	r3, r3, r3, asr #31
34187416:	9304      	str	r3, [sp, #16]
34187418:	f7ff bb23 	b.w	34186a62 <_vfprintf_r+0x1692>
3418741c:	eeb1 7b48 	vneg.f64	d7, d8
34187420:	f04f 082d 	mov.w	r8, #45	@ 0x2d
34187424:	f04f 0a01 	mov.w	sl, #1
34187428:	f7ff bad1 	b.w	341869ce <_vfprintf_r+0x15fe>
3418742c:	9b0f      	ldr	r3, [sp, #60]	@ 0x3c
3418742e:	1c69      	adds	r1, r5, #1
34187430:	f1c3 0201 	rsb	r2, r3, #1
34187434:	9b24      	ldr	r3, [sp, #144]	@ 0x90
34187436:	4299      	cmp	r1, r3
34187438:	921b      	str	r2, [sp, #108]	@ 0x6c
3418743a:	f63f aca6 	bhi.w	34186d8a <_vfprintf_r+0x19ba>
3418743e:	e7b6      	b.n	341873ae <_vfprintf_r+0x1fde>
34187440:	f8df 80ac 	ldr.w	r8, [pc, #172]	@ 341874f0 <_vfprintf_r+0x2120>
34187444:	f7ff bb9c 	b.w	34186b80 <_vfprintf_r+0x17b0>
34187448:	9803      	ldr	r0, [sp, #12]
3418744a:	f9b0 300c 	ldrsh.w	r3, [r0, #12]
3418744e:	6e42      	ldr	r2, [r0, #100]	@ 0x64
34187450:	f043 0140 	orr.w	r1, r3, #64	@ 0x40
34187454:	8181      	strh	r1, [r0, #12]
34187456:	07d1      	lsls	r1, r2, #31
34187458:	f53f af31 	bmi.w	341872be <_vfprintf_r+0x1eee>
3418745c:	0598      	lsls	r0, r3, #22
3418745e:	f53f af2e 	bmi.w	341872be <_vfprintf_r+0x1eee>
34187462:	f7fe b9d5 	b.w	34185810 <_vfprintf_r+0x440>
34187466:	f8df 8088 	ldr.w	r8, [pc, #136]	@ 341874f0 <_vfprintf_r+0x2120>
3418746a:	f7ff ba5d 	b.w	34186928 <_vfprintf_r+0x1558>
3418746e:	2302      	movs	r3, #2
34187470:	9313      	str	r3, [sp, #76]	@ 0x4c
34187472:	f7fe bfbd 	b.w	341863f0 <_vfprintf_r+0x1020>
34187476:	7a81      	ldrb	r1, [r0, #10]
34187478:	f7fe bf9e 	b.w	341863b8 <_vfprintf_r+0xfe8>
3418747c:	9b24      	ldr	r3, [sp, #144]	@ 0x90
3418747e:	4299      	cmp	r1, r3
34187480:	f63f ac83 	bhi.w	34186d8a <_vfprintf_r+0x19ba>
34187484:	1b5b      	subs	r3, r3, r5
34187486:	930f      	str	r3, [sp, #60]	@ 0x3c
34187488:	e69e      	b.n	341871c8 <_vfprintf_r+0x1df8>
3418748a:	2303      	movs	r3, #3
3418748c:	f04f 0a00 	mov.w	sl, #0
34187490:	930a      	str	r3, [sp, #40]	@ 0x28
34187492:	2304      	movs	r3, #4
34187494:	f8cd a040 	str.w	sl, [sp, #64]	@ 0x40
34187498:	9304      	str	r3, [sp, #16]
3418749a:	f8cd a038 	str.w	sl, [sp, #56]	@ 0x38
3418749e:	f8cd a024 	str.w	sl, [sp, #36]	@ 0x24
341874a2:	f7fe b924 	b.w	341856ee <_vfprintf_r+0x31e>
341874a6:	1a1b      	subs	r3, r3, r0
341874a8:	930f      	str	r3, [sp, #60]	@ 0x3c
341874aa:	9b1b      	ldr	r3, [sp, #108]	@ 0x6c
341874ac:	930d      	str	r3, [sp, #52]	@ 0x34
341874ae:	e4c1      	b.n	34186e34 <_vfprintf_r+0x1a64>
341874b0:	930a      	str	r3, [sp, #40]	@ 0x28
341874b2:	e73b      	b.n	3418732c <_vfprintf_r+0x1f5c>
341874b4:	9b0d      	ldr	r3, [sp, #52]	@ 0x34
341874b6:	9310      	str	r3, [sp, #64]	@ 0x40
341874b8:	930e      	str	r3, [sp, #56]	@ 0x38
341874ba:	f7fe b918 	b.w	341856ee <_vfprintf_r+0x31e>
341874be:	9b03      	ldr	r3, [sp, #12]
341874c0:	899b      	ldrh	r3, [r3, #12]
341874c2:	f043 0340 	orr.w	r3, r3, #64	@ 0x40
341874c6:	e625      	b.n	34187114 <_vfprintf_r+0x1d44>
341874c8:	9b03      	ldr	r3, [sp, #12]
341874ca:	9009      	str	r0, [sp, #36]	@ 0x24
341874cc:	899b      	ldrh	r3, [r3, #12]
341874ce:	f043 0340 	orr.w	r3, r3, #64	@ 0x40
341874d2:	e61f      	b.n	34187114 <_vfprintf_r+0x1d44>
341874d4:	2300      	movs	r3, #0
341874d6:	9310      	str	r3, [sp, #64]	@ 0x40
341874d8:	930e      	str	r3, [sp, #56]	@ 0x38
341874da:	e6b7      	b.n	3418724c <_vfprintf_r+0x1e7c>
341874dc:	4608      	mov	r0, r1
341874de:	f7fe bb21 	b.w	34185b24 <_vfprintf_r+0x754>
341874e2:	4619      	mov	r1, r3
341874e4:	f7fe bb7b 	b.w	34185bde <_vfprintf_r+0x80e>
341874e8:	3418b1a4 	.word	0x3418b1a4
341874ec:	3418b1a0 	.word	0x3418b1a0
341874f0:	3418b41c 	.word	0x3418b41c

341874f4 <__sbprintf>:
341874f4:	b5f0      	push	{r4, r5, r6, r7, lr}
341874f6:	460d      	mov	r5, r1
341874f8:	f2ad 4d74 	subw	sp, sp, #1140	@ 0x474
341874fc:	4616      	mov	r6, r2
341874fe:	8989      	ldrh	r1, [r1, #12]
34187500:	6e6a      	ldr	r2, [r5, #100]	@ 0x64
34187502:	4607      	mov	r7, r0
34187504:	f021 0102 	bic.w	r1, r1, #2
34187508:	a818      	add	r0, sp, #96	@ 0x60
3418750a:	921b      	str	r2, [sp, #108]	@ 0x6c
3418750c:	89ea      	ldrh	r2, [r5, #14]
3418750e:	f8ad 1014 	strh.w	r1, [sp, #20]
34187512:	a91c      	add	r1, sp, #112	@ 0x70
34187514:	f8ad 2016 	strh.w	r2, [sp, #22]
34187518:	69ea      	ldr	r2, [r5, #28]
3418751a:	9102      	str	r1, [sp, #8]
3418751c:	9209      	str	r2, [sp, #36]	@ 0x24
3418751e:	6a6a      	ldr	r2, [r5, #36]	@ 0x24
34187520:	9106      	str	r1, [sp, #24]
34187522:	f44f 6180 	mov.w	r1, #1024	@ 0x400
34187526:	920b      	str	r2, [sp, #44]	@ 0x2c
34187528:	2200      	movs	r2, #0
3418752a:	9301      	str	r3, [sp, #4]
3418752c:	9104      	str	r1, [sp, #16]
3418752e:	9107      	str	r1, [sp, #28]
34187530:	9208      	str	r2, [sp, #32]
34187532:	f7fd fa25 	bl	34184980 <__retarget_lock_init_recursive>
34187536:	4632      	mov	r2, r6
34187538:	9b01      	ldr	r3, [sp, #4]
3418753a:	a902      	add	r1, sp, #8
3418753c:	4638      	mov	r0, r7
3418753e:	f7fd ff47 	bl	341853d0 <_vfprintf_r>
34187542:	1e06      	subs	r6, r0, #0
34187544:	db07      	blt.n	34187556 <__sbprintf+0x62>
34187546:	a902      	add	r1, sp, #8
34187548:	4638      	mov	r0, r7
3418754a:	f7fd f847 	bl	341845dc <_fflush_r>
3418754e:	2800      	cmp	r0, #0
34187550:	bf18      	it	ne
34187552:	f04f 36ff 	movne.w	r6, #4294967295	@ 0xffffffff
34187556:	f8bd 3014 	ldrh.w	r3, [sp, #20]
3418755a:	065b      	lsls	r3, r3, #25
3418755c:	d503      	bpl.n	34187566 <__sbprintf+0x72>
3418755e:	89ab      	ldrh	r3, [r5, #12]
34187560:	f043 0340 	orr.w	r3, r3, #64	@ 0x40
34187564:	81ab      	strh	r3, [r5, #12]
34187566:	9818      	ldr	r0, [sp, #96]	@ 0x60
34187568:	f7fd fa0c 	bl	34184984 <__retarget_lock_close_recursive>
3418756c:	4630      	mov	r0, r6
3418756e:	f20d 4d74 	addw	sp, sp, #1140	@ 0x474
34187572:	bdf0      	pop	{r4, r5, r6, r7, pc}

34187574 <__malloc_lock>:
34187574:	4801      	ldr	r0, [pc, #4]	@ (3418757c <__malloc_lock+0x8>)
34187576:	f7fd ba07 	b.w	34184988 <__retarget_lock_acquire_recursive>
3418757a:	bf00      	nop
3418757c:	341c0a10 	.word	0x341c0a10

34187580 <__malloc_unlock>:
34187580:	4801      	ldr	r0, [pc, #4]	@ (34187588 <__malloc_unlock+0x8>)
34187582:	f7fd ba03 	b.w	3418498c <__retarget_lock_release_recursive>
34187586:	bf00      	nop
34187588:	341c0a10 	.word	0x341c0a10

3418758c <__sfvwrite_r>:
3418758c:	6893      	ldr	r3, [r2, #8]
3418758e:	2b00      	cmp	r3, #0
34187590:	f000 80b1 	beq.w	341876f6 <__sfvwrite_r+0x16a>
34187594:	f9b1 c00c 	ldrsh.w	ip, [r1, #12]
34187598:	f01c 0f08 	tst.w	ip, #8
3418759c:	e92d 4ff0 	stmdb	sp!, {r4, r5, r6, r7, r8, r9, sl, fp, lr}
341875a0:	460c      	mov	r4, r1
341875a2:	b083      	sub	sp, #12
341875a4:	4680      	mov	r8, r0
341875a6:	4617      	mov	r7, r2
341875a8:	d026      	beq.n	341875f8 <__sfvwrite_r+0x6c>
341875aa:	690b      	ldr	r3, [r1, #16]
341875ac:	b323      	cbz	r3, 341875f8 <__sfvwrite_r+0x6c>
341875ae:	f01c 0302 	ands.w	r3, ip, #2
341875b2:	683e      	ldr	r6, [r7, #0]
341875b4:	d02c      	beq.n	34187610 <__sfvwrite_r+0x84>
341875b6:	f04f 0a00 	mov.w	sl, #0
341875ba:	f8df b2c0 	ldr.w	fp, [pc, #704]	@ 3418787c <__sfvwrite_r+0x2f0>
341875be:	46b9      	mov	r9, r7
341875c0:	4655      	mov	r5, sl
341875c2:	455d      	cmp	r5, fp
341875c4:	462b      	mov	r3, r5
341875c6:	4652      	mov	r2, sl
341875c8:	4640      	mov	r0, r8
341875ca:	bf28      	it	cs
341875cc:	465b      	movcs	r3, fp
341875ce:	2d00      	cmp	r5, #0
341875d0:	d07f      	beq.n	341876d2 <__sfvwrite_r+0x146>
341875d2:	69e1      	ldr	r1, [r4, #28]
341875d4:	6a67      	ldr	r7, [r4, #36]	@ 0x24
341875d6:	47b8      	blx	r7
341875d8:	2800      	cmp	r0, #0
341875da:	f340 8084 	ble.w	341876e6 <__sfvwrite_r+0x15a>
341875de:	f8d9 3008 	ldr.w	r3, [r9, #8]
341875e2:	4482      	add	sl, r0
341875e4:	1a2d      	subs	r5, r5, r0
341875e6:	1a1b      	subs	r3, r3, r0
341875e8:	f8c9 3008 	str.w	r3, [r9, #8]
341875ec:	2b00      	cmp	r3, #0
341875ee:	d1e8      	bne.n	341875c2 <__sfvwrite_r+0x36>
341875f0:	2000      	movs	r0, #0
341875f2:	b003      	add	sp, #12
341875f4:	e8bd 8ff0 	ldmia.w	sp!, {r4, r5, r6, r7, r8, r9, sl, fp, pc}
341875f8:	4621      	mov	r1, r4
341875fa:	4640      	mov	r0, r8
341875fc:	f000 fbd0 	bl	34187da0 <__swsetup_r>
34187600:	2800      	cmp	r0, #0
34187602:	d175      	bne.n	341876f0 <__sfvwrite_r+0x164>
34187604:	f9b4 c00c 	ldrsh.w	ip, [r4, #12]
34187608:	683e      	ldr	r6, [r7, #0]
3418760a:	f01c 0302 	ands.w	r3, ip, #2
3418760e:	d1d2      	bne.n	341875b6 <__sfvwrite_r+0x2a>
34187610:	f01c 0a01 	ands.w	sl, ip, #1
34187614:	d171      	bne.n	341876fa <__sfvwrite_r+0x16e>
34187616:	6823      	ldr	r3, [r4, #0]
34187618:	4655      	mov	r5, sl
3418761a:	9700      	str	r7, [sp, #0]
3418761c:	2d00      	cmp	r5, #0
3418761e:	d054      	beq.n	341876ca <__sfvwrite_r+0x13e>
34187620:	f41c 7f00 	tst.w	ip, #512	@ 0x200
34187624:	f8d4 9008 	ldr.w	r9, [r4, #8]
34187628:	4618      	mov	r0, r3
3418762a:	f000 80ae 	beq.w	3418778a <__sfvwrite_r+0x1fe>
3418762e:	45a9      	cmp	r9, r5
34187630:	46cb      	mov	fp, r9
34187632:	f200 80e8 	bhi.w	34187806 <__sfvwrite_r+0x27a>
34187636:	f41c 6f90 	tst.w	ip, #1152	@ 0x480
3418763a:	d033      	beq.n	341876a4 <__sfvwrite_r+0x118>
3418763c:	6921      	ldr	r1, [r4, #16]
3418763e:	eba3 0901 	sub.w	r9, r3, r1
34187642:	6963      	ldr	r3, [r4, #20]
34187644:	eb13 0343 	adds.w	r3, r3, r3, lsl #1
34187648:	bf48      	it	mi
3418764a:	3301      	addmi	r3, #1
3418764c:	ea4f 0b63 	mov.w	fp, r3, asr #1
34187650:	f109 0301 	add.w	r3, r9, #1
34187654:	442b      	add	r3, r5
34187656:	465a      	mov	r2, fp
34187658:	455b      	cmp	r3, fp
3418765a:	d901      	bls.n	34187660 <__sfvwrite_r+0xd4>
3418765c:	469b      	mov	fp, r3
3418765e:	461a      	mov	r2, r3
34187660:	f41c 6f80 	tst.w	ip, #1024	@ 0x400
34187664:	f000 80ee 	beq.w	34187844 <__sfvwrite_r+0x2b8>
34187668:	4611      	mov	r1, r2
3418766a:	4640      	mov	r0, r8
3418766c:	f7fd fbda 	bl	34184e24 <_malloc_r>
34187670:	2800      	cmp	r0, #0
34187672:	f000 80fc 	beq.w	3418786e <__sfvwrite_r+0x2e2>
34187676:	464a      	mov	r2, r9
34187678:	6921      	ldr	r1, [r4, #16]
3418767a:	9001      	str	r0, [sp, #4]
3418767c:	f7fd f988 	bl	34184990 <memcpy>
34187680:	89a2      	ldrh	r2, [r4, #12]
34187682:	9b01      	ldr	r3, [sp, #4]
34187684:	f422 6290 	bic.w	r2, r2, #1152	@ 0x480
34187688:	f042 0280 	orr.w	r2, r2, #128	@ 0x80
3418768c:	81a2      	strh	r2, [r4, #12]
3418768e:	eb03 0009 	add.w	r0, r3, r9
34187692:	6123      	str	r3, [r4, #16]
34187694:	f8c4 b014 	str.w	fp, [r4, #20]
34187698:	ebab 0309 	sub.w	r3, fp, r9
3418769c:	46a9      	mov	r9, r5
3418769e:	46ab      	mov	fp, r5
341876a0:	60a3      	str	r3, [r4, #8]
341876a2:	6020      	str	r0, [r4, #0]
341876a4:	4651      	mov	r1, sl
341876a6:	465a      	mov	r2, fp
341876a8:	f000 fbe8 	bl	34187e7c <memmove>
341876ac:	68a2      	ldr	r2, [r4, #8]
341876ae:	9900      	ldr	r1, [sp, #0]
341876b0:	eba2 0209 	sub.w	r2, r2, r9
341876b4:	6823      	ldr	r3, [r4, #0]
341876b6:	60a2      	str	r2, [r4, #8]
341876b8:	445b      	add	r3, fp
341876ba:	688a      	ldr	r2, [r1, #8]
341876bc:	6023      	str	r3, [r4, #0]
341876be:	1b52      	subs	r2, r2, r5
341876c0:	608a      	str	r2, [r1, #8]
341876c2:	2a00      	cmp	r2, #0
341876c4:	d094      	beq.n	341875f0 <__sfvwrite_r+0x64>
341876c6:	f9b4 c00c 	ldrsh.w	ip, [r4, #12]
341876ca:	e9d6 a500 	ldrd	sl, r5, [r6]
341876ce:	3608      	adds	r6, #8
341876d0:	e7a4      	b.n	3418761c <__sfvwrite_r+0x90>
341876d2:	e9d6 a500 	ldrd	sl, r5, [r6]
341876d6:	3608      	adds	r6, #8
341876d8:	e773      	b.n	341875c2 <__sfvwrite_r+0x36>
341876da:	4621      	mov	r1, r4
341876dc:	4640      	mov	r0, r8
341876de:	f7fc ff7d 	bl	341845dc <_fflush_r>
341876e2:	2800      	cmp	r0, #0
341876e4:	d02e      	beq.n	34187744 <__sfvwrite_r+0x1b8>
341876e6:	f9b4 300c 	ldrsh.w	r3, [r4, #12]
341876ea:	f043 0340 	orr.w	r3, r3, #64	@ 0x40
341876ee:	81a3      	strh	r3, [r4, #12]
341876f0:	f04f 30ff 	mov.w	r0, #4294967295	@ 0xffffffff
341876f4:	e77d      	b.n	341875f2 <__sfvwrite_r+0x66>
341876f6:	2000      	movs	r0, #0
341876f8:	4770      	bx	lr
341876fa:	461d      	mov	r5, r3
341876fc:	469a      	mov	sl, r3
341876fe:	4618      	mov	r0, r3
34187700:	46b9      	mov	r9, r7
34187702:	9300      	str	r3, [sp, #0]
34187704:	2d00      	cmp	r5, #0
34187706:	d02d      	beq.n	34187764 <__sfvwrite_r+0x1d8>
34187708:	2800      	cmp	r0, #0
3418770a:	d032      	beq.n	34187772 <__sfvwrite_r+0x1e6>
3418770c:	4652      	mov	r2, sl
3418770e:	68a1      	ldr	r1, [r4, #8]
34187710:	42aa      	cmp	r2, r5
34187712:	6963      	ldr	r3, [r4, #20]
34187714:	6820      	ldr	r0, [r4, #0]
34187716:	bf28      	it	cs
34187718:	462a      	movcs	r2, r5
3418771a:	eb03 0b01 	add.w	fp, r3, r1
3418771e:	6921      	ldr	r1, [r4, #16]
34187720:	4288      	cmp	r0, r1
34187722:	d901      	bls.n	34187728 <__sfvwrite_r+0x19c>
34187724:	455a      	cmp	r2, fp
34187726:	dc7e      	bgt.n	34187826 <__sfvwrite_r+0x29a>
34187728:	4293      	cmp	r3, r2
3418772a:	dc6f      	bgt.n	3418780c <__sfvwrite_r+0x280>
3418772c:	9a00      	ldr	r2, [sp, #0]
3418772e:	4640      	mov	r0, r8
34187730:	69e1      	ldr	r1, [r4, #28]
34187732:	6a67      	ldr	r7, [r4, #36]	@ 0x24
34187734:	47b8      	blx	r7
34187736:	f1b0 0b00 	subs.w	fp, r0, #0
3418773a:	ddd4      	ble.n	341876e6 <__sfvwrite_r+0x15a>
3418773c:	ebba 0a0b 	subs.w	sl, sl, fp
34187740:	d0cb      	beq.n	341876da <__sfvwrite_r+0x14e>
34187742:	2001      	movs	r0, #1
34187744:	f8d9 3008 	ldr.w	r3, [r9, #8]
34187748:	eba3 030b 	sub.w	r3, r3, fp
3418774c:	f8c9 3008 	str.w	r3, [r9, #8]
34187750:	2b00      	cmp	r3, #0
34187752:	f43f af4d 	beq.w	341875f0 <__sfvwrite_r+0x64>
34187756:	9b00      	ldr	r3, [sp, #0]
34187758:	eba5 050b 	sub.w	r5, r5, fp
3418775c:	445b      	add	r3, fp
3418775e:	9300      	str	r3, [sp, #0]
34187760:	2d00      	cmp	r5, #0
34187762:	d1d1      	bne.n	34187708 <__sfvwrite_r+0x17c>
34187764:	6875      	ldr	r5, [r6, #4]
34187766:	4633      	mov	r3, r6
34187768:	3608      	adds	r6, #8
3418776a:	2d00      	cmp	r5, #0
3418776c:	d0fa      	beq.n	34187764 <__sfvwrite_r+0x1d8>
3418776e:	681b      	ldr	r3, [r3, #0]
34187770:	9300      	str	r3, [sp, #0]
34187772:	9f00      	ldr	r7, [sp, #0]
34187774:	462a      	mov	r2, r5
34187776:	210a      	movs	r1, #10
34187778:	4638      	mov	r0, r7
3418777a:	f000 fcbf 	bl	341880fc <memchr>
3418777e:	2800      	cmp	r0, #0
34187780:	d072      	beq.n	34187868 <__sfvwrite_r+0x2dc>
34187782:	3001      	adds	r0, #1
34187784:	eba0 0a07 	sub.w	sl, r0, r7
34187788:	e7c0      	b.n	3418770c <__sfvwrite_r+0x180>
3418778a:	6922      	ldr	r2, [r4, #16]
3418778c:	429a      	cmp	r2, r3
3418778e:	d322      	bcc.n	341877d6 <__sfvwrite_r+0x24a>
34187790:	6962      	ldr	r2, [r4, #20]
34187792:	42aa      	cmp	r2, r5
34187794:	d81f      	bhi.n	341877d6 <__sfvwrite_r+0x24a>
34187796:	f06f 4300 	mvn.w	r3, #2147483648	@ 0x80000000
3418779a:	69e1      	ldr	r1, [r4, #28]
3418779c:	4640      	mov	r0, r8
3418779e:	6a67      	ldr	r7, [r4, #36]	@ 0x24
341877a0:	42ab      	cmp	r3, r5
341877a2:	bf28      	it	cs
341877a4:	462b      	movcs	r3, r5
341877a6:	fb93 f3f2 	sdiv	r3, r3, r2
341877aa:	fb02 f303 	mul.w	r3, r2, r3
341877ae:	4652      	mov	r2, sl
341877b0:	47b8      	blx	r7
341877b2:	f1b0 0900 	subs.w	r9, r0, #0
341877b6:	dd96      	ble.n	341876e6 <__sfvwrite_r+0x15a>
341877b8:	9a00      	ldr	r2, [sp, #0]
341877ba:	eba5 0509 	sub.w	r5, r5, r9
341877be:	6893      	ldr	r3, [r2, #8]
341877c0:	eba3 0309 	sub.w	r3, r3, r9
341877c4:	6093      	str	r3, [r2, #8]
341877c6:	2b00      	cmp	r3, #0
341877c8:	f43f af12 	beq.w	341875f0 <__sfvwrite_r+0x64>
341877cc:	44ca      	add	sl, r9
341877ce:	f9b4 c00c 	ldrsh.w	ip, [r4, #12]
341877d2:	6823      	ldr	r3, [r4, #0]
341877d4:	e722      	b.n	3418761c <__sfvwrite_r+0x90>
341877d6:	45a9      	cmp	r9, r5
341877d8:	4618      	mov	r0, r3
341877da:	4651      	mov	r1, sl
341877dc:	bf28      	it	cs
341877de:	46a9      	movcs	r9, r5
341877e0:	464a      	mov	r2, r9
341877e2:	f000 fb4b 	bl	34187e7c <memmove>
341877e6:	68a2      	ldr	r2, [r4, #8]
341877e8:	6823      	ldr	r3, [r4, #0]
341877ea:	eba2 0209 	sub.w	r2, r2, r9
341877ee:	444b      	add	r3, r9
341877f0:	60a2      	str	r2, [r4, #8]
341877f2:	6023      	str	r3, [r4, #0]
341877f4:	2a00      	cmp	r2, #0
341877f6:	d1df      	bne.n	341877b8 <__sfvwrite_r+0x22c>
341877f8:	4621      	mov	r1, r4
341877fa:	4640      	mov	r0, r8
341877fc:	f7fc feee 	bl	341845dc <_fflush_r>
34187800:	2800      	cmp	r0, #0
34187802:	d0d9      	beq.n	341877b8 <__sfvwrite_r+0x22c>
34187804:	e76f      	b.n	341876e6 <__sfvwrite_r+0x15a>
34187806:	46a9      	mov	r9, r5
34187808:	46ab      	mov	fp, r5
3418780a:	e74b      	b.n	341876a4 <__sfvwrite_r+0x118>
3418780c:	9900      	ldr	r1, [sp, #0]
3418780e:	9201      	str	r2, [sp, #4]
34187810:	f000 fb34 	bl	34187e7c <memmove>
34187814:	9a01      	ldr	r2, [sp, #4]
34187816:	68a3      	ldr	r3, [r4, #8]
34187818:	4693      	mov	fp, r2
3418781a:	1a9b      	subs	r3, r3, r2
3418781c:	60a3      	str	r3, [r4, #8]
3418781e:	6823      	ldr	r3, [r4, #0]
34187820:	4413      	add	r3, r2
34187822:	6023      	str	r3, [r4, #0]
34187824:	e78a      	b.n	3418773c <__sfvwrite_r+0x1b0>
34187826:	9900      	ldr	r1, [sp, #0]
34187828:	465a      	mov	r2, fp
3418782a:	f000 fb27 	bl	34187e7c <memmove>
3418782e:	6823      	ldr	r3, [r4, #0]
34187830:	4621      	mov	r1, r4
34187832:	4640      	mov	r0, r8
34187834:	445b      	add	r3, fp
34187836:	6023      	str	r3, [r4, #0]
34187838:	f7fc fed0 	bl	341845dc <_fflush_r>
3418783c:	2800      	cmp	r0, #0
3418783e:	f43f af7d 	beq.w	3418773c <__sfvwrite_r+0x1b0>
34187842:	e750      	b.n	341876e6 <__sfvwrite_r+0x15a>
34187844:	4640      	mov	r0, r8
34187846:	f000 f83d 	bl	341878c4 <_realloc_r>
3418784a:	4603      	mov	r3, r0
3418784c:	2800      	cmp	r0, #0
3418784e:	f47f af1e 	bne.w	3418768e <__sfvwrite_r+0x102>
34187852:	6921      	ldr	r1, [r4, #16]
34187854:	4640      	mov	r0, r8
34187856:	f7fd f9e1 	bl	34184c1c <_free_r>
3418785a:	89a3      	ldrh	r3, [r4, #12]
3418785c:	220c      	movs	r2, #12
3418785e:	f023 0380 	bic.w	r3, r3, #128	@ 0x80
34187862:	f8c8 2000 	str.w	r2, [r8]
34187866:	e740      	b.n	341876ea <__sfvwrite_r+0x15e>
34187868:	1c6a      	adds	r2, r5, #1
3418786a:	4692      	mov	sl, r2
3418786c:	e74f      	b.n	3418770e <__sfvwrite_r+0x182>
3418786e:	220c      	movs	r2, #12
34187870:	f9b4 300c 	ldrsh.w	r3, [r4, #12]
34187874:	f8c8 2000 	str.w	r2, [r8]
34187878:	e737      	b.n	341876ea <__sfvwrite_r+0x15e>
3418787a:	bf00      	nop
3418787c:	7ffffc00 	.word	0x7ffffc00

34187880 <_fwalk_sglue>:
34187880:	e92d 43f8 	stmdb	sp!, {r3, r4, r5, r6, r7, r8, r9, lr}
34187884:	4607      	mov	r7, r0
34187886:	4688      	mov	r8, r1
34187888:	f04f 0900 	mov.w	r9, #0
3418788c:	4616      	mov	r6, r2
3418788e:	6875      	ldr	r5, [r6, #4]
34187890:	3d01      	subs	r5, #1
34187892:	d410      	bmi.n	341878b6 <_fwalk_sglue+0x36>
34187894:	68b4      	ldr	r4, [r6, #8]
34187896:	89a3      	ldrh	r3, [r4, #12]
34187898:	2b01      	cmp	r3, #1
3418789a:	d908      	bls.n	341878ae <_fwalk_sglue+0x2e>
3418789c:	f9b4 300e 	ldrsh.w	r3, [r4, #14]
341878a0:	4621      	mov	r1, r4
341878a2:	4638      	mov	r0, r7
341878a4:	3301      	adds	r3, #1
341878a6:	d002      	beq.n	341878ae <_fwalk_sglue+0x2e>
341878a8:	47c0      	blx	r8
341878aa:	ea49 0900 	orr.w	r9, r9, r0
341878ae:	3d01      	subs	r5, #1
341878b0:	3468      	adds	r4, #104	@ 0x68
341878b2:	1c6b      	adds	r3, r5, #1
341878b4:	d1ef      	bne.n	34187896 <_fwalk_sglue+0x16>
341878b6:	6836      	ldr	r6, [r6, #0]
341878b8:	2e00      	cmp	r6, #0
341878ba:	d1e8      	bne.n	3418788e <_fwalk_sglue+0xe>
341878bc:	4648      	mov	r0, r9
341878be:	e8bd 83f8 	ldmia.w	sp!, {r3, r4, r5, r6, r7, r8, r9, pc}
341878c2:	bf00      	nop

341878c4 <_realloc_r>:
341878c4:	2900      	cmp	r1, #0
341878c6:	f000 809d 	beq.w	34187a04 <_realloc_r+0x140>
341878ca:	e92d 47f0 	stmdb	sp!, {r4, r5, r6, r7, r8, r9, sl, lr}
341878ce:	4617      	mov	r7, r2
341878d0:	b082      	sub	sp, #8
341878d2:	460c      	mov	r4, r1
341878d4:	4680      	mov	r8, r0
341878d6:	f7ff fe4d 	bl	34187574 <__malloc_lock>
341878da:	f107 030b 	add.w	r3, r7, #11
341878de:	2b16      	cmp	r3, #22
341878e0:	d867      	bhi.n	341879b2 <_realloc_r+0xee>
341878e2:	f04f 0c10 	mov.w	ip, #16
341878e6:	2200      	movs	r2, #0
341878e8:	4663      	mov	r3, ip
341878ea:	42bb      	cmp	r3, r7
341878ec:	f0c0 809c 	bcc.w	34187a28 <_realloc_r+0x164>
341878f0:	2a00      	cmp	r2, #0
341878f2:	f040 8099 	bne.w	34187a28 <_realloc_r+0x164>
341878f6:	f854 1c04 	ldr.w	r1, [r4, #-4]
341878fa:	f1a4 0508 	sub.w	r5, r4, #8
341878fe:	f021 0203 	bic.w	r2, r1, #3
34187902:	4562      	cmp	r2, ip
34187904:	da5f      	bge.n	341879c6 <_realloc_r+0x102>
34187906:	48bb      	ldr	r0, [pc, #748]	@ (34187bf4 <_realloc_r+0x330>)
34187908:	eb05 0e02 	add.w	lr, r5, r2
3418790c:	6880      	ldr	r0, [r0, #8]
3418790e:	f8de 6004 	ldr.w	r6, [lr, #4]
34187912:	4570      	cmp	r0, lr
34187914:	f000 8090 	beq.w	34187a38 <_realloc_r+0x174>
34187918:	f026 0001 	bic.w	r0, r6, #1
3418791c:	4470      	add	r0, lr
3418791e:	6840      	ldr	r0, [r0, #4]
34187920:	07c0      	lsls	r0, r0, #31
34187922:	d465      	bmi.n	341879f0 <_realloc_r+0x12c>
34187924:	f026 0603 	bic.w	r6, r6, #3
34187928:	1990      	adds	r0, r2, r6
3418792a:	4560      	cmp	r0, ip
3418792c:	da46      	bge.n	341879bc <_realloc_r+0xf8>
3418792e:	07c9      	lsls	r1, r1, #31
34187930:	d40f      	bmi.n	34187952 <_realloc_r+0x8e>
34187932:	f854 0c08 	ldr.w	r0, [r4, #-8]
34187936:	1a29      	subs	r1, r5, r0
34187938:	6848      	ldr	r0, [r1, #4]
3418793a:	4689      	mov	r9, r1
3418793c:	f020 0003 	bic.w	r0, r0, #3
34187940:	4406      	add	r6, r0
34187942:	4416      	add	r6, r2
34187944:	45b4      	cmp	ip, r6
34187946:	f340 80fa 	ble.w	34187b3e <_realloc_r+0x27a>
3418794a:	1816      	adds	r6, r2, r0
3418794c:	45b4      	cmp	ip, r6
3418794e:	f340 80d1 	ble.w	34187af4 <_realloc_r+0x230>
34187952:	4639      	mov	r1, r7
34187954:	4640      	mov	r0, r8
34187956:	e9cd 3200 	strd	r3, r2, [sp]
3418795a:	f7fd fa63 	bl	34184e24 <_malloc_r>
3418795e:	4606      	mov	r6, r0
34187960:	e9dd 3200 	ldrd	r3, r2, [sp]
34187964:	2800      	cmp	r0, #0
34187966:	f000 8123 	beq.w	34187bb0 <_realloc_r+0x2ec>
3418796a:	f854 1c04 	ldr.w	r1, [r4, #-4]
3418796e:	f1a0 0c08 	sub.w	ip, r0, #8
34187972:	f021 0101 	bic.w	r1, r1, #1
34187976:	4429      	add	r1, r5
34187978:	4561      	cmp	r1, ip
3418797a:	f000 80aa 	beq.w	34187ad2 <_realloc_r+0x20e>
3418797e:	3a04      	subs	r2, #4
34187980:	2a24      	cmp	r2, #36	@ 0x24
34187982:	f200 80d8 	bhi.w	34187b36 <_realloc_r+0x272>
34187986:	2a13      	cmp	r2, #19
34187988:	f200 80a9 	bhi.w	34187ade <_realloc_r+0x21a>
3418798c:	4603      	mov	r3, r0
3418798e:	4622      	mov	r2, r4
34187990:	6811      	ldr	r1, [r2, #0]
34187992:	6019      	str	r1, [r3, #0]
34187994:	6851      	ldr	r1, [r2, #4]
34187996:	6059      	str	r1, [r3, #4]
34187998:	6892      	ldr	r2, [r2, #8]
3418799a:	609a      	str	r2, [r3, #8]
3418799c:	4621      	mov	r1, r4
3418799e:	4640      	mov	r0, r8
341879a0:	f7fd f93c 	bl	34184c1c <_free_r>
341879a4:	4640      	mov	r0, r8
341879a6:	f7ff fdeb 	bl	34187580 <__malloc_unlock>
341879aa:	4630      	mov	r0, r6
341879ac:	b002      	add	sp, #8
341879ae:	e8bd 87f0 	ldmia.w	sp!, {r4, r5, r6, r7, r8, r9, sl, pc}
341879b2:	f023 0307 	bic.w	r3, r3, #7
341879b6:	469c      	mov	ip, r3
341879b8:	0fda      	lsrs	r2, r3, #31
341879ba:	e796      	b.n	341878ea <_realloc_r+0x26>
341879bc:	4602      	mov	r2, r0
341879be:	e9de 0102 	ldrd	r0, r1, [lr, #8]
341879c2:	60c1      	str	r1, [r0, #12]
341879c4:	6088      	str	r0, [r1, #8]
341879c6:	1ad6      	subs	r6, r2, r3
341879c8:	6869      	ldr	r1, [r5, #4]
341879ca:	18a8      	adds	r0, r5, r2
341879cc:	2e0f      	cmp	r6, #15
341879ce:	f001 0101 	and.w	r1, r1, #1
341879d2:	d81a      	bhi.n	34187a0a <_realloc_r+0x146>
341879d4:	4311      	orrs	r1, r2
341879d6:	6069      	str	r1, [r5, #4]
341879d8:	6843      	ldr	r3, [r0, #4]
341879da:	f043 0301 	orr.w	r3, r3, #1
341879de:	6043      	str	r3, [r0, #4]
341879e0:	4626      	mov	r6, r4
341879e2:	4640      	mov	r0, r8
341879e4:	f7ff fdcc 	bl	34187580 <__malloc_unlock>
341879e8:	4630      	mov	r0, r6
341879ea:	b002      	add	sp, #8
341879ec:	e8bd 87f0 	ldmia.w	sp!, {r4, r5, r6, r7, r8, r9, sl, pc}
341879f0:	07ce      	lsls	r6, r1, #31
341879f2:	d4ae      	bmi.n	34187952 <_realloc_r+0x8e>
341879f4:	f854 0c08 	ldr.w	r0, [r4, #-8]
341879f8:	1a29      	subs	r1, r5, r0
341879fa:	6848      	ldr	r0, [r1, #4]
341879fc:	4689      	mov	r9, r1
341879fe:	f020 0003 	bic.w	r0, r0, #3
34187a02:	e7a2      	b.n	3418794a <_realloc_r+0x86>
34187a04:	4611      	mov	r1, r2
34187a06:	f7fd ba0d 	b.w	34184e24 <_malloc_r>
34187a0a:	4319      	orrs	r1, r3
34187a0c:	f046 0601 	orr.w	r6, r6, #1
34187a10:	6069      	str	r1, [r5, #4]
34187a12:	18e9      	adds	r1, r5, r3
34187a14:	604e      	str	r6, [r1, #4]
34187a16:	3108      	adds	r1, #8
34187a18:	6843      	ldr	r3, [r0, #4]
34187a1a:	f043 0301 	orr.w	r3, r3, #1
34187a1e:	6043      	str	r3, [r0, #4]
34187a20:	4640      	mov	r0, r8
34187a22:	f7fd f8fb 	bl	34184c1c <_free_r>
34187a26:	e7db      	b.n	341879e0 <_realloc_r+0x11c>
34187a28:	230c      	movs	r3, #12
34187a2a:	f8c8 3000 	str.w	r3, [r8]
34187a2e:	2600      	movs	r6, #0
34187a30:	4630      	mov	r0, r6
34187a32:	b002      	add	sp, #8
34187a34:	e8bd 87f0 	ldmia.w	sp!, {r4, r5, r6, r7, r8, r9, sl, pc}
34187a38:	f026 0e03 	bic.w	lr, r6, #3
34187a3c:	f103 0610 	add.w	r6, r3, #16
34187a40:	eb0e 0002 	add.w	r0, lr, r2
34187a44:	42b0      	cmp	r0, r6
34187a46:	f280 8094 	bge.w	34187b72 <_realloc_r+0x2ae>
34187a4a:	07c8      	lsls	r0, r1, #31
34187a4c:	d481      	bmi.n	34187952 <_realloc_r+0x8e>
34187a4e:	f854 0c08 	ldr.w	r0, [r4, #-8]
34187a52:	1a29      	subs	r1, r5, r0
34187a54:	6848      	ldr	r0, [r1, #4]
34187a56:	4689      	mov	r9, r1
34187a58:	f020 0003 	bic.w	r0, r0, #3
34187a5c:	4486      	add	lr, r0
34187a5e:	eb0e 0102 	add.w	r1, lr, r2
34187a62:	428e      	cmp	r6, r1
34187a64:	468a      	mov	sl, r1
34187a66:	f73f af70 	bgt.w	3418794a <_realloc_r+0x86>
34187a6a:	3a04      	subs	r2, #4
34187a6c:	464e      	mov	r6, r9
34187a6e:	f8d9 100c 	ldr.w	r1, [r9, #12]
34187a72:	f856 0f08 	ldr.w	r0, [r6, #8]!
34187a76:	2a24      	cmp	r2, #36	@ 0x24
34187a78:	60c1      	str	r1, [r0, #12]
34187a7a:	6088      	str	r0, [r1, #8]
34187a7c:	f200 80b2 	bhi.w	34187be4 <_realloc_r+0x320>
34187a80:	2a13      	cmp	r2, #19
34187a82:	f240 80ad 	bls.w	34187be0 <_realloc_r+0x31c>
34187a86:	6821      	ldr	r1, [r4, #0]
34187a88:	2a1b      	cmp	r2, #27
34187a8a:	f8c9 1008 	str.w	r1, [r9, #8]
34187a8e:	6861      	ldr	r1, [r4, #4]
34187a90:	f8c9 100c 	str.w	r1, [r9, #12]
34187a94:	f200 80b0 	bhi.w	34187bf8 <_realloc_r+0x334>
34187a98:	3408      	adds	r4, #8
34187a9a:	f109 0210 	add.w	r2, r9, #16
34187a9e:	6821      	ldr	r1, [r4, #0]
34187aa0:	6011      	str	r1, [r2, #0]
34187aa2:	6861      	ldr	r1, [r4, #4]
34187aa4:	6051      	str	r1, [r2, #4]
34187aa6:	68a1      	ldr	r1, [r4, #8]
34187aa8:	6091      	str	r1, [r2, #8]
34187aaa:	ebaa 0203 	sub.w	r2, sl, r3
34187aae:	eb09 0103 	add.w	r1, r9, r3
34187ab2:	4d50      	ldr	r5, [pc, #320]	@ (34187bf4 <_realloc_r+0x330>)
34187ab4:	4640      	mov	r0, r8
34187ab6:	f042 0201 	orr.w	r2, r2, #1
34187aba:	60a9      	str	r1, [r5, #8]
34187abc:	604a      	str	r2, [r1, #4]
34187abe:	f8d9 2004 	ldr.w	r2, [r9, #4]
34187ac2:	f002 0201 	and.w	r2, r2, #1
34187ac6:	4313      	orrs	r3, r2
34187ac8:	f8c9 3004 	str.w	r3, [r9, #4]
34187acc:	f7ff fd58 	bl	34187580 <__malloc_unlock>
34187ad0:	e78a      	b.n	341879e8 <_realloc_r+0x124>
34187ad2:	f850 1c04 	ldr.w	r1, [r0, #-4]
34187ad6:	f021 0103 	bic.w	r1, r1, #3
34187ada:	440a      	add	r2, r1
34187adc:	e773      	b.n	341879c6 <_realloc_r+0x102>
34187ade:	6823      	ldr	r3, [r4, #0]
34187ae0:	2a1b      	cmp	r2, #27
34187ae2:	6003      	str	r3, [r0, #0]
34187ae4:	6863      	ldr	r3, [r4, #4]
34187ae6:	6043      	str	r3, [r0, #4]
34187ae8:	d838      	bhi.n	34187b5c <_realloc_r+0x298>
34187aea:	f104 0208 	add.w	r2, r4, #8
34187aee:	f100 0308 	add.w	r3, r0, #8
34187af2:	e74d      	b.n	34187990 <_realloc_r+0xcc>
34187af4:	3a04      	subs	r2, #4
34187af6:	464d      	mov	r5, r9
34187af8:	f8d9 100c 	ldr.w	r1, [r9, #12]
34187afc:	2a24      	cmp	r2, #36	@ 0x24
34187afe:	f855 0f08 	ldr.w	r0, [r5, #8]!
34187b02:	60c1      	str	r1, [r0, #12]
34187b04:	6088      	str	r0, [r1, #8]
34187b06:	d822      	bhi.n	34187b4e <_realloc_r+0x28a>
34187b08:	2a13      	cmp	r2, #19
34187b0a:	d91e      	bls.n	34187b4a <_realloc_r+0x286>
34187b0c:	6821      	ldr	r1, [r4, #0]
34187b0e:	2a1b      	cmp	r2, #27
34187b10:	f8c9 1008 	str.w	r1, [r9, #8]
34187b14:	6861      	ldr	r1, [r4, #4]
34187b16:	f8c9 100c 	str.w	r1, [r9, #12]
34187b1a:	d83d      	bhi.n	34187b98 <_realloc_r+0x2d4>
34187b1c:	3408      	adds	r4, #8
34187b1e:	f109 0210 	add.w	r2, r9, #16
34187b22:	6821      	ldr	r1, [r4, #0]
34187b24:	6011      	str	r1, [r2, #0]
34187b26:	6861      	ldr	r1, [r4, #4]
34187b28:	6051      	str	r1, [r2, #4]
34187b2a:	68a1      	ldr	r1, [r4, #8]
34187b2c:	6091      	str	r1, [r2, #8]
34187b2e:	462c      	mov	r4, r5
34187b30:	4632      	mov	r2, r6
34187b32:	464d      	mov	r5, r9
34187b34:	e747      	b.n	341879c6 <_realloc_r+0x102>
34187b36:	4621      	mov	r1, r4
34187b38:	f000 f9a0 	bl	34187e7c <memmove>
34187b3c:	e72e      	b.n	3418799c <_realloc_r+0xd8>
34187b3e:	e9de 0102 	ldrd	r0, r1, [lr, #8]
34187b42:	3a04      	subs	r2, #4
34187b44:	60c1      	str	r1, [r0, #12]
34187b46:	6088      	str	r0, [r1, #8]
34187b48:	e7d5      	b.n	34187af6 <_realloc_r+0x232>
34187b4a:	462a      	mov	r2, r5
34187b4c:	e7e9      	b.n	34187b22 <_realloc_r+0x25e>
34187b4e:	4621      	mov	r1, r4
34187b50:	4628      	mov	r0, r5
34187b52:	9300      	str	r3, [sp, #0]
34187b54:	f000 f992 	bl	34187e7c <memmove>
34187b58:	9b00      	ldr	r3, [sp, #0]
34187b5a:	e7e8      	b.n	34187b2e <_realloc_r+0x26a>
34187b5c:	68a3      	ldr	r3, [r4, #8]
34187b5e:	2a24      	cmp	r2, #36	@ 0x24
34187b60:	6083      	str	r3, [r0, #8]
34187b62:	68e3      	ldr	r3, [r4, #12]
34187b64:	60c3      	str	r3, [r0, #12]
34187b66:	d027      	beq.n	34187bb8 <_realloc_r+0x2f4>
34187b68:	f104 0210 	add.w	r2, r4, #16
34187b6c:	f100 0310 	add.w	r3, r0, #16
34187b70:	e70e      	b.n	34187990 <_realloc_r+0xcc>
34187b72:	1ac2      	subs	r2, r0, r3
34187b74:	441d      	add	r5, r3
34187b76:	491f      	ldr	r1, [pc, #124]	@ (34187bf4 <_realloc_r+0x330>)
34187b78:	4640      	mov	r0, r8
34187b7a:	f042 0201 	orr.w	r2, r2, #1
34187b7e:	4626      	mov	r6, r4
34187b80:	608d      	str	r5, [r1, #8]
34187b82:	606a      	str	r2, [r5, #4]
34187b84:	f854 2c04 	ldr.w	r2, [r4, #-4]
34187b88:	f002 0201 	and.w	r2, r2, #1
34187b8c:	4313      	orrs	r3, r2
34187b8e:	f844 3c04 	str.w	r3, [r4, #-4]
34187b92:	f7ff fcf5 	bl	34187580 <__malloc_unlock>
34187b96:	e727      	b.n	341879e8 <_realloc_r+0x124>
34187b98:	68a1      	ldr	r1, [r4, #8]
34187b9a:	2a24      	cmp	r2, #36	@ 0x24
34187b9c:	f8c9 1010 	str.w	r1, [r9, #16]
34187ba0:	68e1      	ldr	r1, [r4, #12]
34187ba2:	f8c9 1014 	str.w	r1, [r9, #20]
34187ba6:	d010      	beq.n	34187bca <_realloc_r+0x306>
34187ba8:	3410      	adds	r4, #16
34187baa:	f109 0218 	add.w	r2, r9, #24
34187bae:	e7b8      	b.n	34187b22 <_realloc_r+0x25e>
34187bb0:	4640      	mov	r0, r8
34187bb2:	f7ff fce5 	bl	34187580 <__malloc_unlock>
34187bb6:	e73a      	b.n	34187a2e <_realloc_r+0x16a>
34187bb8:	6923      	ldr	r3, [r4, #16]
34187bba:	f104 0218 	add.w	r2, r4, #24
34187bbe:	6103      	str	r3, [r0, #16]
34187bc0:	6963      	ldr	r3, [r4, #20]
34187bc2:	6143      	str	r3, [r0, #20]
34187bc4:	f100 0318 	add.w	r3, r0, #24
34187bc8:	e6e2      	b.n	34187990 <_realloc_r+0xcc>
34187bca:	6922      	ldr	r2, [r4, #16]
34187bcc:	3418      	adds	r4, #24
34187bce:	f8c9 2018 	str.w	r2, [r9, #24]
34187bd2:	f854 2c04 	ldr.w	r2, [r4, #-4]
34187bd6:	f8c9 201c 	str.w	r2, [r9, #28]
34187bda:	f109 0220 	add.w	r2, r9, #32
34187bde:	e7a0      	b.n	34187b22 <_realloc_r+0x25e>
34187be0:	4632      	mov	r2, r6
34187be2:	e75c      	b.n	34187a9e <_realloc_r+0x1da>
34187be4:	4621      	mov	r1, r4
34187be6:	4630      	mov	r0, r6
34187be8:	9300      	str	r3, [sp, #0]
34187bea:	f000 f947 	bl	34187e7c <memmove>
34187bee:	9b00      	ldr	r3, [sp, #0]
34187bf0:	e75b      	b.n	34187aaa <_realloc_r+0x1e6>
34187bf2:	bf00      	nop
34187bf4:	341c0238 	.word	0x341c0238
34187bf8:	68a1      	ldr	r1, [r4, #8]
34187bfa:	2a24      	cmp	r2, #36	@ 0x24
34187bfc:	f8c9 1010 	str.w	r1, [r9, #16]
34187c00:	68e1      	ldr	r1, [r4, #12]
34187c02:	f8c9 1014 	str.w	r1, [r9, #20]
34187c06:	d003      	beq.n	34187c10 <_realloc_r+0x34c>
34187c08:	3410      	adds	r4, #16
34187c0a:	f109 0218 	add.w	r2, r9, #24
34187c0e:	e746      	b.n	34187a9e <_realloc_r+0x1da>
34187c10:	6922      	ldr	r2, [r4, #16]
34187c12:	3418      	adds	r4, #24
34187c14:	f8c9 2018 	str.w	r2, [r9, #24]
34187c18:	f854 2c04 	ldr.w	r2, [r4, #-4]
34187c1c:	f8c9 201c 	str.w	r2, [r9, #28]
34187c20:	f109 0220 	add.w	r2, r9, #32
34187c24:	e73b      	b.n	34187a9e <_realloc_r+0x1da>
34187c26:	bf00      	nop

34187c28 <__sprint_r>:
34187c28:	6893      	ldr	r3, [r2, #8]
34187c2a:	b510      	push	{r4, lr}
34187c2c:	4614      	mov	r4, r2
34187c2e:	b91b      	cbnz	r3, 34187c38 <__sprint_r+0x10>
34187c30:	4618      	mov	r0, r3
34187c32:	2300      	movs	r3, #0
34187c34:	6063      	str	r3, [r4, #4]
34187c36:	bd10      	pop	{r4, pc}
34187c38:	f7ff fca8 	bl	3418758c <__sfvwrite_r>
34187c3c:	2300      	movs	r3, #0
34187c3e:	60a3      	str	r3, [r4, #8]
34187c40:	2300      	movs	r3, #0
34187c42:	6063      	str	r3, [r4, #4]
34187c44:	bd10      	pop	{r4, pc}
34187c46:	bf00      	nop

34187c48 <_fclose_r>:
34187c48:	b570      	push	{r4, r5, r6, lr}
34187c4a:	2900      	cmp	r1, #0
34187c4c:	d041      	beq.n	34187cd2 <_fclose_r+0x8a>
34187c4e:	4606      	mov	r6, r0
34187c50:	460c      	mov	r4, r1
34187c52:	b110      	cbz	r0, 34187c5a <_fclose_r+0x12>
34187c54:	6b43      	ldr	r3, [r0, #52]	@ 0x34
34187c56:	2b00      	cmp	r3, #0
34187c58:	d03e      	beq.n	34187cd8 <_fclose_r+0x90>
34187c5a:	f7fc fe01 	bl	34184860 <__sfp_lock_acquire>
34187c5e:	6e63      	ldr	r3, [r4, #100]	@ 0x64
34187c60:	f9b4 200c 	ldrsh.w	r2, [r4, #12]
34187c64:	07dd      	lsls	r5, r3, #31
34187c66:	d430      	bmi.n	34187cca <_fclose_r+0x82>
34187c68:	0590      	lsls	r0, r2, #22
34187c6a:	d538      	bpl.n	34187cde <_fclose_r+0x96>
34187c6c:	4621      	mov	r1, r4
34187c6e:	4630      	mov	r0, r6
34187c70:	f7fc fc1a 	bl	341844a8 <__sflush_r>
34187c74:	6ae3      	ldr	r3, [r4, #44]	@ 0x2c
34187c76:	4605      	mov	r5, r0
34187c78:	b133      	cbz	r3, 34187c88 <_fclose_r+0x40>
34187c7a:	69e1      	ldr	r1, [r4, #28]
34187c7c:	4630      	mov	r0, r6
34187c7e:	4798      	blx	r3
34187c80:	2800      	cmp	r0, #0
34187c82:	bfb8      	it	lt
34187c84:	f04f 35ff 	movlt.w	r5, #4294967295	@ 0xffffffff
34187c88:	89a3      	ldrh	r3, [r4, #12]
34187c8a:	061a      	lsls	r2, r3, #24
34187c8c:	d439      	bmi.n	34187d02 <_fclose_r+0xba>
34187c8e:	6b21      	ldr	r1, [r4, #48]	@ 0x30
34187c90:	b141      	cbz	r1, 34187ca4 <_fclose_r+0x5c>
34187c92:	f104 0340 	add.w	r3, r4, #64	@ 0x40
34187c96:	4299      	cmp	r1, r3
34187c98:	d002      	beq.n	34187ca0 <_fclose_r+0x58>
34187c9a:	4630      	mov	r0, r6
34187c9c:	f7fc ffbe 	bl	34184c1c <_free_r>
34187ca0:	2300      	movs	r3, #0
34187ca2:	6323      	str	r3, [r4, #48]	@ 0x30
34187ca4:	6c61      	ldr	r1, [r4, #68]	@ 0x44
34187ca6:	b121      	cbz	r1, 34187cb2 <_fclose_r+0x6a>
34187ca8:	4630      	mov	r0, r6
34187caa:	f7fc ffb7 	bl	34184c1c <_free_r>
34187cae:	2300      	movs	r3, #0
34187cb0:	6463      	str	r3, [r4, #68]	@ 0x44
34187cb2:	6e63      	ldr	r3, [r4, #100]	@ 0x64
34187cb4:	2200      	movs	r2, #0
34187cb6:	07db      	lsls	r3, r3, #31
34187cb8:	81a2      	strh	r2, [r4, #12]
34187cba:	d51e      	bpl.n	34187cfa <_fclose_r+0xb2>
34187cbc:	6da0      	ldr	r0, [r4, #88]	@ 0x58
34187cbe:	f7fc fe61 	bl	34184984 <__retarget_lock_close_recursive>
34187cc2:	f7fc fdd3 	bl	3418486c <__sfp_lock_release>
34187cc6:	4628      	mov	r0, r5
34187cc8:	bd70      	pop	{r4, r5, r6, pc}
34187cca:	2a00      	cmp	r2, #0
34187ccc:	d1ce      	bne.n	34187c6c <_fclose_r+0x24>
34187cce:	f7fc fdcd 	bl	3418486c <__sfp_lock_release>
34187cd2:	2500      	movs	r5, #0
34187cd4:	4628      	mov	r0, r5
34187cd6:	bd70      	pop	{r4, r5, r6, pc}
34187cd8:	f7fc fda4 	bl	34184824 <__sinit>
34187cdc:	e7bd      	b.n	34187c5a <_fclose_r+0x12>
34187cde:	6da0      	ldr	r0, [r4, #88]	@ 0x58
34187ce0:	f7fc fe52 	bl	34184988 <__retarget_lock_acquire_recursive>
34187ce4:	f9b4 300c 	ldrsh.w	r3, [r4, #12]
34187ce8:	2b00      	cmp	r3, #0
34187cea:	d1bf      	bne.n	34187c6c <_fclose_r+0x24>
34187cec:	6e63      	ldr	r3, [r4, #100]	@ 0x64
34187cee:	07d9      	lsls	r1, r3, #31
34187cf0:	d4ed      	bmi.n	34187cce <_fclose_r+0x86>
34187cf2:	6da0      	ldr	r0, [r4, #88]	@ 0x58
34187cf4:	f7fc fe4a 	bl	3418498c <__retarget_lock_release_recursive>
34187cf8:	e7e9      	b.n	34187cce <_fclose_r+0x86>
34187cfa:	6da0      	ldr	r0, [r4, #88]	@ 0x58
34187cfc:	f7fc fe46 	bl	3418498c <__retarget_lock_release_recursive>
34187d00:	e7dc      	b.n	34187cbc <_fclose_r+0x74>
34187d02:	6921      	ldr	r1, [r4, #16]
34187d04:	4630      	mov	r0, r6
34187d06:	f7fc ff89 	bl	34184c1c <_free_r>
34187d0a:	e7c0      	b.n	34187c8e <_fclose_r+0x46>

34187d0c <__sread>:
34187d0c:	b510      	push	{r4, lr}
34187d0e:	460c      	mov	r4, r1
34187d10:	f9b1 100e 	ldrsh.w	r1, [r1, #14]
34187d14:	f000 f9aa 	bl	3418806c <_read_r>
34187d18:	2800      	cmp	r0, #0
34187d1a:	db03      	blt.n	34187d24 <__sread+0x18>
34187d1c:	6d23      	ldr	r3, [r4, #80]	@ 0x50
34187d1e:	4403      	add	r3, r0
34187d20:	6523      	str	r3, [r4, #80]	@ 0x50
34187d22:	bd10      	pop	{r4, pc}
34187d24:	89a3      	ldrh	r3, [r4, #12]
34187d26:	f423 5380 	bic.w	r3, r3, #4096	@ 0x1000
34187d2a:	81a3      	strh	r3, [r4, #12]
34187d2c:	bd10      	pop	{r4, pc}
34187d2e:	bf00      	nop

34187d30 <__swrite>:
34187d30:	e92d 41f0 	stmdb	sp!, {r4, r5, r6, r7, r8, lr}
34187d34:	461f      	mov	r7, r3
34187d36:	f9b1 300c 	ldrsh.w	r3, [r1, #12]
34187d3a:	4616      	mov	r6, r2
34187d3c:	460c      	mov	r4, r1
34187d3e:	05da      	lsls	r2, r3, #23
34187d40:	4605      	mov	r5, r0
34187d42:	d40b      	bmi.n	34187d5c <__swrite+0x2c>
34187d44:	f423 5180 	bic.w	r1, r3, #4096	@ 0x1000
34187d48:	4632      	mov	r2, r6
34187d4a:	463b      	mov	r3, r7
34187d4c:	4628      	mov	r0, r5
34187d4e:	81a1      	strh	r1, [r4, #12]
34187d50:	f9b4 100e 	ldrsh.w	r1, [r4, #14]
34187d54:	e8bd 41f0 	ldmia.w	sp!, {r4, r5, r6, r7, r8, lr}
34187d58:	f000 b9ae 	b.w	341880b8 <_write_r>
34187d5c:	2302      	movs	r3, #2
34187d5e:	2200      	movs	r2, #0
34187d60:	f9b1 100e 	ldrsh.w	r1, [r1, #14]
34187d64:	f000 f96e 	bl	34188044 <_lseek_r>
34187d68:	f9b4 300c 	ldrsh.w	r3, [r4, #12]
34187d6c:	e7ea      	b.n	34187d44 <__swrite+0x14>
34187d6e:	bf00      	nop

34187d70 <__sseek>:
34187d70:	b510      	push	{r4, lr}
34187d72:	460c      	mov	r4, r1
34187d74:	f9b1 100e 	ldrsh.w	r1, [r1, #14]
34187d78:	f000 f964 	bl	34188044 <_lseek_r>
34187d7c:	1c42      	adds	r2, r0, #1
34187d7e:	f9b4 300c 	ldrsh.w	r3, [r4, #12]
34187d82:	d004      	beq.n	34187d8e <__sseek+0x1e>
34187d84:	f443 5380 	orr.w	r3, r3, #4096	@ 0x1000
34187d88:	6520      	str	r0, [r4, #80]	@ 0x50
34187d8a:	81a3      	strh	r3, [r4, #12]
34187d8c:	bd10      	pop	{r4, pc}
34187d8e:	f423 5380 	bic.w	r3, r3, #4096	@ 0x1000
34187d92:	81a3      	strh	r3, [r4, #12]
34187d94:	bd10      	pop	{r4, pc}
34187d96:	bf00      	nop

34187d98 <__sclose>:
34187d98:	f9b1 100e 	ldrsh.w	r1, [r1, #14]
34187d9c:	f000 b940 	b.w	34188020 <_close_r>

34187da0 <__swsetup_r>:
34187da0:	4a35      	ldr	r2, [pc, #212]	@ (34187e78 <__swsetup_r+0xd8>)
34187da2:	460b      	mov	r3, r1
34187da4:	b510      	push	{r4, lr}
34187da6:	4604      	mov	r4, r0
34187da8:	6810      	ldr	r0, [r2, #0]
34187daa:	b082      	sub	sp, #8
34187dac:	b110      	cbz	r0, 34187db4 <__swsetup_r+0x14>
34187dae:	6b42      	ldr	r2, [r0, #52]	@ 0x34
34187db0:	2a00      	cmp	r2, #0
34187db2:	d053      	beq.n	34187e5c <__swsetup_r+0xbc>
34187db4:	f9b3 200c 	ldrsh.w	r2, [r3, #12]
34187db8:	0711      	lsls	r1, r2, #28
34187dba:	d511      	bpl.n	34187de0 <__swsetup_r+0x40>
34187dbc:	6918      	ldr	r0, [r3, #16]
34187dbe:	b1c8      	cbz	r0, 34187df4 <__swsetup_r+0x54>
34187dc0:	f9b3 200c 	ldrsh.w	r2, [r3, #12]
34187dc4:	f012 0101 	ands.w	r1, r2, #1
34187dc8:	d026      	beq.n	34187e18 <__swsetup_r+0x78>
34187dca:	6959      	ldr	r1, [r3, #20]
34187dcc:	f04f 0c00 	mov.w	ip, #0
34187dd0:	4249      	negs	r1, r1
34187dd2:	f8c3 c008 	str.w	ip, [r3, #8]
34187dd6:	6199      	str	r1, [r3, #24]
34187dd8:	b320      	cbz	r0, 34187e24 <__swsetup_r+0x84>
34187dda:	2000      	movs	r0, #0
34187ddc:	b002      	add	sp, #8
34187dde:	bd10      	pop	{r4, pc}
34187de0:	06d0      	lsls	r0, r2, #27
34187de2:	d540      	bpl.n	34187e66 <__swsetup_r+0xc6>
34187de4:	0751      	lsls	r1, r2, #29
34187de6:	d423      	bmi.n	34187e30 <__swsetup_r+0x90>
34187de8:	6918      	ldr	r0, [r3, #16]
34187dea:	f042 0208 	orr.w	r2, r2, #8
34187dee:	819a      	strh	r2, [r3, #12]
34187df0:	2800      	cmp	r0, #0
34187df2:	d1e5      	bne.n	34187dc0 <__swsetup_r+0x20>
34187df4:	899a      	ldrh	r2, [r3, #12]
34187df6:	f402 7220 	and.w	r2, r2, #640	@ 0x280
34187dfa:	f5b2 7f00 	cmp.w	r2, #512	@ 0x200
34187dfe:	d0df      	beq.n	34187dc0 <__swsetup_r+0x20>
34187e00:	4619      	mov	r1, r3
34187e02:	4620      	mov	r0, r4
34187e04:	9301      	str	r3, [sp, #4]
34187e06:	f001 fde9 	bl	341899dc <__smakebuf_r>
34187e0a:	9b01      	ldr	r3, [sp, #4]
34187e0c:	f9b3 200c 	ldrsh.w	r2, [r3, #12]
34187e10:	6918      	ldr	r0, [r3, #16]
34187e12:	f012 0101 	ands.w	r1, r2, #1
34187e16:	d1d8      	bne.n	34187dca <__swsetup_r+0x2a>
34187e18:	0794      	lsls	r4, r2, #30
34187e1a:	bf58      	it	pl
34187e1c:	6959      	ldrpl	r1, [r3, #20]
34187e1e:	6099      	str	r1, [r3, #8]
34187e20:	2800      	cmp	r0, #0
34187e22:	d1da      	bne.n	34187dda <__swsetup_r+0x3a>
34187e24:	0611      	lsls	r1, r2, #24
34187e26:	d5d9      	bpl.n	34187ddc <__swsetup_r+0x3c>
34187e28:	f042 0240 	orr.w	r2, r2, #64	@ 0x40
34187e2c:	819a      	strh	r2, [r3, #12]
34187e2e:	e01f      	b.n	34187e70 <__swsetup_r+0xd0>
34187e30:	6b19      	ldr	r1, [r3, #48]	@ 0x30
34187e32:	b161      	cbz	r1, 34187e4e <__swsetup_r+0xae>
34187e34:	f103 0040 	add.w	r0, r3, #64	@ 0x40
34187e38:	4281      	cmp	r1, r0
34187e3a:	d006      	beq.n	34187e4a <__swsetup_r+0xaa>
34187e3c:	4620      	mov	r0, r4
34187e3e:	9301      	str	r3, [sp, #4]
34187e40:	f7fc feec 	bl	34184c1c <_free_r>
34187e44:	9b01      	ldr	r3, [sp, #4]
34187e46:	f9b3 200c 	ldrsh.w	r2, [r3, #12]
34187e4a:	2100      	movs	r1, #0
34187e4c:	6319      	str	r1, [r3, #48]	@ 0x30
34187e4e:	2100      	movs	r1, #0
34187e50:	6918      	ldr	r0, [r3, #16]
34187e52:	f022 0224 	bic.w	r2, r2, #36	@ 0x24
34187e56:	e9c3 0100 	strd	r0, r1, [r3]
34187e5a:	e7c6      	b.n	34187dea <__swsetup_r+0x4a>
34187e5c:	9101      	str	r1, [sp, #4]
34187e5e:	f7fc fce1 	bl	34184824 <__sinit>
34187e62:	9b01      	ldr	r3, [sp, #4]
34187e64:	e7a6      	b.n	34187db4 <__swsetup_r+0x14>
34187e66:	2109      	movs	r1, #9
34187e68:	f042 0240 	orr.w	r2, r2, #64	@ 0x40
34187e6c:	6021      	str	r1, [r4, #0]
34187e6e:	819a      	strh	r2, [r3, #12]
34187e70:	f04f 30ff 	mov.w	r0, #4294967295	@ 0xffffffff
34187e74:	e7b2      	b.n	34187ddc <__swsetup_r+0x3c>
34187e76:	bf00      	nop
34187e78:	341c0020 	.word	0x341c0020

34187e7c <memmove>:
34187e7c:	4288      	cmp	r0, r1
34187e7e:	b570      	push	{r4, r5, r6, lr}
34187e80:	d931      	bls.n	34187ee6 <memmove+0x6a>
34187e82:	188b      	adds	r3, r1, r2
34187e84:	4283      	cmp	r3, r0
34187e86:	d92e      	bls.n	34187ee6 <memmove+0x6a>
34187e88:	2a03      	cmp	r2, #3
34187e8a:	eb00 0102 	add.w	r1, r0, r2
34187e8e:	d91d      	bls.n	34187ecc <memmove+0x50>
34187e90:	ea41 0c03 	orr.w	ip, r1, r3
34187e94:	461d      	mov	r5, r3
34187e96:	f01c 0f03 	tst.w	ip, #3
34187e9a:	d118      	bne.n	34187ece <memmove+0x52>
34187e9c:	ea4f 0e92 	mov.w	lr, r2, lsr #2
34187ea0:	468c      	mov	ip, r1
34187ea2:	f10e 36ff 	add.w	r6, lr, #4294967295	@ 0xffffffff
34187ea6:	eba1 048e 	sub.w	r4, r1, lr, lsl #2
34187eaa:	f853 ed04 	ldr.w	lr, [r3, #-4]!
34187eae:	f84c ed04 	str.w	lr, [ip, #-4]!
34187eb2:	45a4      	cmp	ip, r4
34187eb4:	d1f9      	bne.n	34187eaa <memmove+0x2e>
34187eb6:	ebc6 7386 	rsb	r3, r6, r6, lsl #30
34187eba:	f002 0203 	and.w	r2, r2, #3
34187ebe:	eb01 0183 	add.w	r1, r1, r3, lsl #2
34187ec2:	eb05 0c83 	add.w	ip, r5, r3, lsl #2
34187ec6:	3904      	subs	r1, #4
34187ec8:	f1ac 0304 	sub.w	r3, ip, #4
34187ecc:	b152      	cbz	r2, 34187ee4 <memmove+0x68>
34187ece:	f102 3cff 	add.w	ip, r2, #4294967295	@ 0xffffffff
34187ed2:	ea6f 0c0c 	mvn.w	ip, ip
34187ed6:	449c      	add	ip, r3
34187ed8:	f813 2d01 	ldrb.w	r2, [r3, #-1]!
34187edc:	4563      	cmp	r3, ip
34187ede:	f801 2d01 	strb.w	r2, [r1, #-1]!
34187ee2:	d1f9      	bne.n	34187ed8 <memmove+0x5c>
34187ee4:	bd70      	pop	{r4, r5, r6, pc}
34187ee6:	2a03      	cmp	r2, #3
34187ee8:	d950      	bls.n	34187f8c <memmove+0x110>
34187eea:	ea41 0300 	orr.w	r3, r1, r0
34187eee:	079b      	lsls	r3, r3, #30
34187ef0:	d14e      	bne.n	34187f90 <memmove+0x114>
34187ef2:	2a0f      	cmp	r2, #15
34187ef4:	d951      	bls.n	34187f9a <memmove+0x11e>
34187ef6:	f022 030f 	bic.w	r3, r2, #15
34187efa:	f101 0610 	add.w	r6, r1, #16
34187efe:	f101 0c10 	add.w	ip, r1, #16
34187f02:	3120      	adds	r1, #32
34187f04:	3b10      	subs	r3, #16
34187f06:	f100 0e10 	add.w	lr, r0, #16
34187f0a:	4419      	add	r1, r3
34187f0c:	f85c 4c10 	ldr.w	r4, [ip, #-16]
34187f10:	f10c 0c10 	add.w	ip, ip, #16
34187f14:	f10e 0e10 	add.w	lr, lr, #16
34187f18:	f84e 4c20 	str.w	r4, [lr, #-32]
34187f1c:	f85c 4c1c 	ldr.w	r4, [ip, #-28]
34187f20:	f84e 4c1c 	str.w	r4, [lr, #-28]
34187f24:	f85c 4c18 	ldr.w	r4, [ip, #-24]
34187f28:	f84e 4c18 	str.w	r4, [lr, #-24]
34187f2c:	f85c 4c14 	ldr.w	r4, [ip, #-20]
34187f30:	458c      	cmp	ip, r1
34187f32:	f84e 4c14 	str.w	r4, [lr, #-20]
34187f36:	d1e9      	bne.n	34187f0c <memmove+0x90>
34187f38:	18f1      	adds	r1, r6, r3
34187f3a:	f012 0f0c 	tst.w	r2, #12
34187f3e:	4403      	add	r3, r0
34187f40:	f002 050f 	and.w	r5, r2, #15
34187f44:	f103 0310 	add.w	r3, r3, #16
34187f48:	d025      	beq.n	34187f96 <memmove+0x11a>
34187f4a:	f025 0c03 	bic.w	ip, r5, #3
34187f4e:	1f1a      	subs	r2, r3, #4
34187f50:	f1ac 0404 	sub.w	r4, ip, #4
34187f54:	468c      	mov	ip, r1
34187f56:	4626      	mov	r6, r4
34187f58:	191c      	adds	r4, r3, r4
34187f5a:	f85c eb04 	ldr.w	lr, [ip], #4
34187f5e:	f842 ef04 	str.w	lr, [r2, #4]!
34187f62:	42a2      	cmp	r2, r4
34187f64:	d1f9      	bne.n	34187f5a <memmove+0xde>
34187f66:	3104      	adds	r1, #4
34187f68:	3304      	adds	r3, #4
34187f6a:	f005 0203 	and.w	r2, r5, #3
34187f6e:	4431      	add	r1, r6
34187f70:	4433      	add	r3, r6
34187f72:	2a00      	cmp	r2, #0
34187f74:	d0b6      	beq.n	34187ee4 <memmove+0x68>
34187f76:	3a01      	subs	r2, #1
34187f78:	3201      	adds	r2, #1
34187f7a:	3b01      	subs	r3, #1
34187f7c:	440a      	add	r2, r1
34187f7e:	f811 cb01 	ldrb.w	ip, [r1], #1
34187f82:	4291      	cmp	r1, r2
34187f84:	f803 cf01 	strb.w	ip, [r3, #1]!
34187f88:	d1f9      	bne.n	34187f7e <memmove+0x102>
34187f8a:	bd70      	pop	{r4, r5, r6, pc}
34187f8c:	4603      	mov	r3, r0
34187f8e:	e7f0      	b.n	34187f72 <memmove+0xf6>
34187f90:	3a01      	subs	r2, #1
34187f92:	4603      	mov	r3, r0
34187f94:	e7f0      	b.n	34187f78 <memmove+0xfc>
34187f96:	462a      	mov	r2, r5
34187f98:	e7eb      	b.n	34187f72 <memmove+0xf6>
34187f9a:	4603      	mov	r3, r0
34187f9c:	4615      	mov	r5, r2
34187f9e:	e7d4      	b.n	34187f4a <memmove+0xce>

34187fa0 <strncpy>:
34187fa0:	ea40 0301 	orr.w	r3, r0, r1
34187fa4:	079b      	lsls	r3, r3, #30
34187fa6:	b510      	push	{r4, lr}
34187fa8:	4604      	mov	r4, r0
34187faa:	d101      	bne.n	34187fb0 <strncpy+0x10>
34187fac:	2a03      	cmp	r2, #3
34187fae:	d819      	bhi.n	34187fe4 <strncpy+0x44>
34187fb0:	46a4      	mov	ip, r4
34187fb2:	f101 3eff 	add.w	lr, r1, #4294967295	@ 0xffffffff
34187fb6:	e007      	b.n	34187fc8 <strncpy+0x28>
34187fb8:	f81e 1f01 	ldrb.w	r1, [lr, #1]!
34187fbc:	1e50      	subs	r0, r2, #1
34187fbe:	f803 1b01 	strb.w	r1, [r3], #1
34187fc2:	b131      	cbz	r1, 34187fd2 <strncpy+0x32>
34187fc4:	4602      	mov	r2, r0
34187fc6:	469c      	mov	ip, r3
34187fc8:	4663      	mov	r3, ip
34187fca:	2a00      	cmp	r2, #0
34187fcc:	d1f4      	bne.n	34187fb8 <strncpy+0x18>
34187fce:	4620      	mov	r0, r4
34187fd0:	bd10      	pop	{r4, pc}
34187fd2:	2800      	cmp	r0, #0
34187fd4:	d0fb      	beq.n	34187fce <strncpy+0x2e>
34187fd6:	4494      	add	ip, r2
34187fd8:	f803 1b01 	strb.w	r1, [r3], #1
34187fdc:	4563      	cmp	r3, ip
34187fde:	d1fb      	bne.n	34187fd8 <strncpy+0x38>
34187fe0:	4620      	mov	r0, r4
34187fe2:	bd10      	pop	{r4, pc}
34187fe4:	4608      	mov	r0, r1
34187fe6:	46a4      	mov	ip, r4
34187fe8:	f8d0 e000 	ldr.w	lr, [r0]
34187fec:	4601      	mov	r1, r0
34187fee:	3004      	adds	r0, #4
34187ff0:	f1ae 3301 	sub.w	r3, lr, #16843009	@ 0x1010101
34187ff4:	ea23 030e 	bic.w	r3, r3, lr
34187ff8:	f013 3f80 	tst.w	r3, #2155905152	@ 0x80808080
34187ffc:	d1d9      	bne.n	34187fb2 <strncpy+0x12>
34187ffe:	3a04      	subs	r2, #4
34188000:	f84c eb04 	str.w	lr, [ip], #4
34188004:	2a03      	cmp	r2, #3
34188006:	d8ef      	bhi.n	34187fe8 <strncpy+0x48>
34188008:	4601      	mov	r1, r0
3418800a:	e7d2      	b.n	34187fb2 <strncpy+0x12>

3418800c <__locale_mb_cur_max>:
3418800c:	4b01      	ldr	r3, [pc, #4]	@ (34188014 <__locale_mb_cur_max+0x8>)
3418800e:	f893 0210 	ldrb.w	r0, [r3, #528]	@ 0x210
34188012:	4770      	bx	lr
34188014:	341c0640 	.word	0x341c0640

34188018 <_localeconv_r>:
34188018:	4800      	ldr	r0, [pc, #0]	@ (3418801c <_localeconv_r+0x4>)
3418801a:	4770      	bx	lr
3418801c:	341c0818 	.word	0x341c0818

34188020 <_close_r>:
34188020:	b538      	push	{r3, r4, r5, lr}
34188022:	2300      	movs	r3, #0
34188024:	4c06      	ldr	r4, [pc, #24]	@ (34188040 <_close_r+0x20>)
34188026:	4605      	mov	r5, r0
34188028:	4608      	mov	r0, r1
3418802a:	6023      	str	r3, [r4, #0]
3418802c:	f002 ffec 	bl	3418b008 <_close>
34188030:	1c43      	adds	r3, r0, #1
34188032:	d000      	beq.n	34188036 <_close_r+0x16>
34188034:	bd38      	pop	{r3, r4, r5, pc}
34188036:	6823      	ldr	r3, [r4, #0]
34188038:	2b00      	cmp	r3, #0
3418803a:	d0fb      	beq.n	34188034 <_close_r+0x14>
3418803c:	602b      	str	r3, [r5, #0]
3418803e:	bd38      	pop	{r3, r4, r5, pc}
34188040:	341c0be4 	.word	0x341c0be4

34188044 <_lseek_r>:
34188044:	b538      	push	{r3, r4, r5, lr}
34188046:	4c08      	ldr	r4, [pc, #32]	@ (34188068 <_lseek_r+0x24>)
34188048:	4605      	mov	r5, r0
3418804a:	4608      	mov	r0, r1
3418804c:	4611      	mov	r1, r2
3418804e:	461a      	mov	r2, r3
34188050:	2300      	movs	r3, #0
34188052:	6023      	str	r3, [r4, #0]
34188054:	f003 f800 	bl	3418b058 <_lseek>
34188058:	1c43      	adds	r3, r0, #1
3418805a:	d000      	beq.n	3418805e <_lseek_r+0x1a>
3418805c:	bd38      	pop	{r3, r4, r5, pc}
3418805e:	6823      	ldr	r3, [r4, #0]
34188060:	2b00      	cmp	r3, #0
34188062:	d0fb      	beq.n	3418805c <_lseek_r+0x18>
34188064:	602b      	str	r3, [r5, #0]
34188066:	bd38      	pop	{r3, r4, r5, pc}
34188068:	341c0be4 	.word	0x341c0be4

3418806c <_read_r>:
3418806c:	b538      	push	{r3, r4, r5, lr}
3418806e:	4c08      	ldr	r4, [pc, #32]	@ (34188090 <_read_r+0x24>)
34188070:	4605      	mov	r5, r0
34188072:	4608      	mov	r0, r1
34188074:	4611      	mov	r1, r2
34188076:	461a      	mov	r2, r3
34188078:	2300      	movs	r3, #0
3418807a:	6023      	str	r3, [r4, #0]
3418807c:	f7fa f934 	bl	341822e8 <__wrap__read>
34188080:	1c43      	adds	r3, r0, #1
34188082:	d000      	beq.n	34188086 <_read_r+0x1a>
34188084:	bd38      	pop	{r3, r4, r5, pc}
34188086:	6823      	ldr	r3, [r4, #0]
34188088:	2b00      	cmp	r3, #0
3418808a:	d0fb      	beq.n	34188084 <_read_r+0x18>
3418808c:	602b      	str	r3, [r5, #0]
3418808e:	bd38      	pop	{r3, r4, r5, pc}
34188090:	341c0be4 	.word	0x341c0be4

34188094 <_sbrk_r>:
34188094:	b538      	push	{r3, r4, r5, lr}
34188096:	2300      	movs	r3, #0
34188098:	4c06      	ldr	r4, [pc, #24]	@ (341880b4 <_sbrk_r+0x20>)
3418809a:	4605      	mov	r5, r0
3418809c:	4608      	mov	r0, r1
3418809e:	6023      	str	r3, [r4, #0]
341880a0:	f7fa f92c 	bl	341822fc <_sbrk>
341880a4:	1c43      	adds	r3, r0, #1
341880a6:	d000      	beq.n	341880aa <_sbrk_r+0x16>
341880a8:	bd38      	pop	{r3, r4, r5, pc}
341880aa:	6823      	ldr	r3, [r4, #0]
341880ac:	2b00      	cmp	r3, #0
341880ae:	d0fb      	beq.n	341880a8 <_sbrk_r+0x14>
341880b0:	602b      	str	r3, [r5, #0]
341880b2:	bd38      	pop	{r3, r4, r5, pc}
341880b4:	341c0be4 	.word	0x341c0be4

341880b8 <_write_r>:
341880b8:	b538      	push	{r3, r4, r5, lr}
341880ba:	4c08      	ldr	r4, [pc, #32]	@ (341880dc <_write_r+0x24>)
341880bc:	4605      	mov	r5, r0
341880be:	4608      	mov	r0, r1
341880c0:	4611      	mov	r1, r2
341880c2:	461a      	mov	r2, r3
341880c4:	2300      	movs	r3, #0
341880c6:	6023      	str	r3, [r4, #0]
341880c8:	f7fa f8e2 	bl	34182290 <__wrap__write>
341880cc:	1c43      	adds	r3, r0, #1
341880ce:	d000      	beq.n	341880d2 <_write_r+0x1a>
341880d0:	bd38      	pop	{r3, r4, r5, pc}
341880d2:	6823      	ldr	r3, [r4, #0]
341880d4:	2b00      	cmp	r3, #0
341880d6:	d0fb      	beq.n	341880d0 <_write_r+0x18>
341880d8:	602b      	str	r3, [r5, #0]
341880da:	bd38      	pop	{r3, r4, r5, pc}
341880dc:	341c0be4 	.word	0x341c0be4

341880e0 <sysconf>:
341880e0:	2808      	cmp	r0, #8
341880e2:	d102      	bne.n	341880ea <sysconf+0xa>
341880e4:	f44f 5080 	mov.w	r0, #4096	@ 0x1000
341880e8:	4770      	bx	lr
341880ea:	b508      	push	{r3, lr}
341880ec:	f7fc fc08 	bl	34184900 <__errno>
341880f0:	2216      	movs	r2, #22
341880f2:	4603      	mov	r3, r0
341880f4:	f04f 30ff 	mov.w	r0, #4294967295	@ 0xffffffff
341880f8:	601a      	str	r2, [r3, #0]
341880fa:	bd08      	pop	{r3, pc}

341880fc <memchr>:
341880fc:	0783      	lsls	r3, r0, #30
341880fe:	b2c9      	uxtb	r1, r1
34188100:	d00f      	beq.n	34188122 <memchr+0x26>
34188102:	4603      	mov	r3, r0
34188104:	e007      	b.n	34188116 <memchr+0x1a>
34188106:	f893 c000 	ldrb.w	ip, [r3]
3418810a:	3a01      	subs	r2, #1
3418810c:	3301      	adds	r3, #1
3418810e:	458c      	cmp	ip, r1
34188110:	d005      	beq.n	3418811e <memchr+0x22>
34188112:	0798      	lsls	r0, r3, #30
34188114:	d004      	beq.n	34188120 <memchr+0x24>
34188116:	4618      	mov	r0, r3
34188118:	2a00      	cmp	r2, #0
3418811a:	d1f4      	bne.n	34188106 <memchr+0xa>
3418811c:	2000      	movs	r0, #0
3418811e:	4770      	bx	lr
34188120:	4618      	mov	r0, r3
34188122:	2a03      	cmp	r2, #3
34188124:	d80d      	bhi.n	34188142 <memchr+0x46>
34188126:	2a00      	cmp	r2, #0
34188128:	d0f8      	beq.n	3418811c <memchr+0x20>
3418812a:	4603      	mov	r3, r0
3418812c:	4402      	add	r2, r0
3418812e:	e001      	b.n	34188134 <memchr+0x38>
34188130:	429a      	cmp	r2, r3
34188132:	d0f3      	beq.n	3418811c <memchr+0x20>
34188134:	f893 c000 	ldrb.w	ip, [r3]
34188138:	4618      	mov	r0, r3
3418813a:	3301      	adds	r3, #1
3418813c:	458c      	cmp	ip, r1
3418813e:	d1f7      	bne.n	34188130 <memchr+0x34>
34188140:	4770      	bx	lr
34188142:	eb01 2301 	add.w	r3, r1, r1, lsl #8
34188146:	b510      	push	{r4, lr}
34188148:	4686      	mov	lr, r0
3418814a:	eb03 4403 	add.w	r4, r3, r3, lsl #16
3418814e:	f8de 3000 	ldr.w	r3, [lr]
34188152:	4670      	mov	r0, lr
34188154:	f10e 0e04 	add.w	lr, lr, #4
34188158:	4063      	eors	r3, r4
3418815a:	f1a3 3c01 	sub.w	ip, r3, #16843009	@ 0x1010101
3418815e:	ea2c 0303 	bic.w	r3, ip, r3
34188162:	f013 3f80 	tst.w	r3, #2155905152	@ 0x80808080
34188166:	d104      	bne.n	34188172 <memchr+0x76>
34188168:	3a04      	subs	r2, #4
3418816a:	2a03      	cmp	r2, #3
3418816c:	d8ef      	bhi.n	3418814e <memchr+0x52>
3418816e:	4670      	mov	r0, lr
34188170:	b15a      	cbz	r2, 3418818a <memchr+0x8e>
34188172:	4603      	mov	r3, r0
34188174:	4402      	add	r2, r0
34188176:	e001      	b.n	3418817c <memchr+0x80>
34188178:	429a      	cmp	r2, r3
3418817a:	d006      	beq.n	3418818a <memchr+0x8e>
3418817c:	f893 c000 	ldrb.w	ip, [r3]
34188180:	4618      	mov	r0, r3
34188182:	3301      	adds	r3, #1
34188184:	458c      	cmp	ip, r1
34188186:	d1f7      	bne.n	34188178 <memchr+0x7c>
34188188:	bd10      	pop	{r4, pc}
3418818a:	2000      	movs	r0, #0
3418818c:	bd10      	pop	{r4, pc}
3418818e:	bf00      	nop

34188190 <_wcrtomb_r>:
34188190:	b530      	push	{r4, r5, lr}
34188192:	4604      	mov	r4, r0
34188194:	b087      	sub	sp, #28
34188196:	b15b      	cbz	r3, 341881b0 <_wcrtomb_r+0x20>
34188198:	4810      	ldr	r0, [pc, #64]	@ (341881dc <_wcrtomb_r+0x4c>)
3418819a:	9301      	str	r3, [sp, #4]
3418819c:	f8d0 51c8 	ldr.w	r5, [r0, #456]	@ 0x1c8
341881a0:	b171      	cbz	r1, 341881c0 <_wcrtomb_r+0x30>
341881a2:	4620      	mov	r0, r4
341881a4:	47a8      	blx	r5
341881a6:	1c42      	adds	r2, r0, #1
341881a8:	9b01      	ldr	r3, [sp, #4]
341881aa:	d010      	beq.n	341881ce <_wcrtomb_r+0x3e>
341881ac:	b007      	add	sp, #28
341881ae:	bd30      	pop	{r4, r5, pc}
341881b0:	f500 7382 	add.w	r3, r0, #260	@ 0x104
341881b4:	4809      	ldr	r0, [pc, #36]	@ (341881dc <_wcrtomb_r+0x4c>)
341881b6:	9301      	str	r3, [sp, #4]
341881b8:	f8d0 51c8 	ldr.w	r5, [r0, #456]	@ 0x1c8
341881bc:	2900      	cmp	r1, #0
341881be:	d1f0      	bne.n	341881a2 <_wcrtomb_r+0x12>
341881c0:	460a      	mov	r2, r1
341881c2:	4620      	mov	r0, r4
341881c4:	a903      	add	r1, sp, #12
341881c6:	47a8      	blx	r5
341881c8:	1c42      	adds	r2, r0, #1
341881ca:	9b01      	ldr	r3, [sp, #4]
341881cc:	d1ee      	bne.n	341881ac <_wcrtomb_r+0x1c>
341881ce:	2100      	movs	r1, #0
341881d0:	228a      	movs	r2, #138	@ 0x8a
341881d2:	6019      	str	r1, [r3, #0]
341881d4:	6022      	str	r2, [r4, #0]
341881d6:	b007      	add	sp, #28
341881d8:	bd30      	pop	{r4, r5, pc}
341881da:	bf00      	nop
341881dc:	341c0640 	.word	0x341c0640

341881e0 <_wcsrtombs_r>:
341881e0:	b510      	push	{r4, lr}
341881e2:	b082      	sub	sp, #8
341881e4:	9c04      	ldr	r4, [sp, #16]
341881e6:	9300      	str	r3, [sp, #0]
341881e8:	f04f 33ff 	mov.w	r3, #4294967295	@ 0xffffffff
341881ec:	9401      	str	r4, [sp, #4]
341881ee:	f001 fd1d 	bl	34189c2c <_wcsnrtombs_r>
341881f2:	b002      	add	sp, #8
341881f4:	bd10      	pop	{r4, pc}
341881f6:	bf00      	nop

341881f8 <frexp>:
341881f8:	f84d bd04 	str.w	fp, [sp, #-4]!
341881fc:	b083      	sub	sp, #12
341881fe:	f8df c078 	ldr.w	ip, [pc, #120]	@ 34188278 <frexp+0x80>
34188202:	2100      	movs	r1, #0
34188204:	ed8d 0b00 	vstr	d0, [sp]
34188208:	9a01      	ldr	r2, [sp, #4]
3418820a:	6001      	str	r1, [r0, #0]
3418820c:	f022 4300 	bic.w	r3, r2, #2147483648	@ 0x80000000
34188210:	4563      	cmp	r3, ip
34188212:	d825      	bhi.n	34188260 <frexp+0x68>
34188214:	f8dd c000 	ldr.w	ip, [sp]
34188218:	ea53 0c0c 	orrs.w	ip, r3, ip
3418821c:	d020      	beq.n	34188260 <frexp+0x68>
3418821e:	f8df c05c 	ldr.w	ip, [pc, #92]	@ 3418827c <frexp+0x84>
34188222:	ea02 0c0c 	and.w	ip, r2, ip
34188226:	f1bc 0f00 	cmp.w	ip, #0
3418822a:	d10a      	bne.n	34188242 <frexp+0x4a>
3418822c:	f06f 0135 	mvn.w	r1, #53	@ 0x35
34188230:	ed9f 7b0f 	vldr	d7, [pc, #60]	@ 34188270 <frexp+0x78>
34188234:	ee20 7b07 	vmul.f64	d7, d0, d7
34188238:	ed8d 7b00 	vstr	d7, [sp]
3418823c:	9a01      	ldr	r2, [sp, #4]
3418823e:	f022 4300 	bic.w	r3, r2, #2147483648	@ 0x80000000
34188242:	151b      	asrs	r3, r3, #20
34188244:	f36f 521e 	bfc	r2, #20, #11
34188248:	e9dd bc00 	ldrd	fp, ip, [sp]
3418824c:	f2a3 33fe 	subw	r3, r3, #1022	@ 0x3fe
34188250:	f8df c02c 	ldr.w	ip, [pc, #44]	@ 34188280 <frexp+0x88>
34188254:	440b      	add	r3, r1
34188256:	ea42 0c0c 	orr.w	ip, r2, ip
3418825a:	6003      	str	r3, [r0, #0]
3418825c:	e9cd bc00 	strd	fp, ip, [sp]
34188260:	ed9d 0b00 	vldr	d0, [sp]
34188264:	b003      	add	sp, #12
34188266:	f85d bb04 	ldr.w	fp, [sp], #4
3418826a:	4770      	bx	lr
3418826c:	f3af 8000 	nop.w
34188270:	00000000 	.word	0x00000000
34188274:	43500000 	.word	0x43500000
34188278:	7fefffff 	.word	0x7fefffff
3418827c:	7ff00000 	.word	0x7ff00000
34188280:	3fe00000 	.word	0x3fe00000

34188284 <quorem>:
34188284:	e92d 4ff0 	stmdb	sp!, {r4, r5, r6, r7, r8, r9, sl, fp, lr}
34188288:	6903      	ldr	r3, [r0, #16]
3418828a:	b085      	sub	sp, #20
3418828c:	690c      	ldr	r4, [r1, #16]
3418828e:	42a3      	cmp	r3, r4
34188290:	f2c0 8092 	blt.w	341883b8 <quorem+0x134>
34188294:	3c01      	subs	r4, #1
34188296:	f101 0514 	add.w	r5, r1, #20
3418829a:	f100 0814 	add.w	r8, r0, #20
3418829e:	4686      	mov	lr, r0
341882a0:	f855 3024 	ldr.w	r3, [r5, r4, lsl #2]
341882a4:	eb05 0784 	add.w	r7, r5, r4, lsl #2
341882a8:	f858 0024 	ldr.w	r0, [r8, r4, lsl #2]
341882ac:	eb08 0a84 	add.w	sl, r8, r4, lsl #2
341882b0:	3301      	adds	r3, #1
341882b2:	4298      	cmp	r0, r3
341882b4:	fbb0 f6f3 	udiv	r6, r0, r3
341882b8:	d345      	bcc.n	34188346 <quorem+0xc2>
341882ba:	46a9      	mov	r9, r5
341882bc:	9501      	str	r5, [sp, #4]
341882be:	f8cd e008 	str.w	lr, [sp, #8]
341882c2:	2300      	movs	r3, #0
341882c4:	9103      	str	r1, [sp, #12]
341882c6:	ea4f 0b84 	mov.w	fp, r4, lsl #2
341882ca:	4649      	mov	r1, r9
341882cc:	2500      	movs	r5, #0
341882ce:	46a6      	mov	lr, r4
341882d0:	46c1      	mov	r9, r8
341882d2:	f851 0b04 	ldr.w	r0, [r1], #4
341882d6:	f8d9 4000 	ldr.w	r4, [r9]
341882da:	fa1f fc80 	uxth.w	ip, r0
341882de:	428f      	cmp	r7, r1
341882e0:	ea4f 4010 	mov.w	r0, r0, lsr #16
341882e4:	fb06 5c0c 	mla	ip, r6, ip, r5
341882e8:	b2a2      	uxth	r2, r4
341882ea:	ea4f 451c 	mov.w	r5, ip, lsr #16
341882ee:	fa1f fc8c 	uxth.w	ip, ip
341882f2:	fb06 5500 	mla	r5, r6, r0, r5
341882f6:	eba2 020c 	sub.w	r2, r2, ip
341882fa:	441a      	add	r2, r3
341882fc:	b2ab      	uxth	r3, r5
341882fe:	ea4f 4515 	mov.w	r5, r5, lsr #16
34188302:	ebc3 4322 	rsb	r3, r3, r2, asr #16
34188306:	b292      	uxth	r2, r2
34188308:	eb03 4314 	add.w	r3, r3, r4, lsr #16
3418830c:	ea42 4203 	orr.w	r2, r2, r3, lsl #16
34188310:	ea4f 4323 	mov.w	r3, r3, asr #16
34188314:	f849 2b04 	str.w	r2, [r9], #4
34188318:	d2db      	bcs.n	341882d2 <quorem+0x4e>
3418831a:	f858 300b 	ldr.w	r3, [r8, fp]
3418831e:	4674      	mov	r4, lr
34188320:	9d01      	ldr	r5, [sp, #4]
34188322:	e9dd e102 	ldrd	lr, r1, [sp, #8]
34188326:	b973      	cbnz	r3, 34188346 <quorem+0xc2>
34188328:	f1aa 0204 	sub.w	r2, sl, #4
3418832c:	4590      	cmp	r8, r2
3418832e:	d304      	bcc.n	3418833a <quorem+0xb6>
34188330:	e007      	b.n	34188342 <quorem+0xbe>
34188332:	4590      	cmp	r8, r2
34188334:	f104 34ff 	add.w	r4, r4, #4294967295	@ 0xffffffff
34188338:	d203      	bcs.n	34188342 <quorem+0xbe>
3418833a:	6813      	ldr	r3, [r2, #0]
3418833c:	3a04      	subs	r2, #4
3418833e:	2b00      	cmp	r3, #0
34188340:	d0f7      	beq.n	34188332 <quorem+0xae>
34188342:	f8ce 4010 	str.w	r4, [lr, #16]
34188346:	4670      	mov	r0, lr
34188348:	46f1      	mov	r9, lr
3418834a:	f001 fa03 	bl	34189754 <__mcmp>
3418834e:	2800      	cmp	r0, #0
34188350:	db2e      	blt.n	341883b0 <quorem+0x12c>
34188352:	3601      	adds	r6, #1
34188354:	4641      	mov	r1, r8
34188356:	f04f 0c00 	mov.w	ip, #0
3418835a:	f855 0b04 	ldr.w	r0, [r5], #4
3418835e:	680b      	ldr	r3, [r1, #0]
34188360:	fa1f fe80 	uxth.w	lr, r0
34188364:	42af      	cmp	r7, r5
34188366:	b29a      	uxth	r2, r3
34188368:	ea4f 4010 	mov.w	r0, r0, lsr #16
3418836c:	eba2 020e 	sub.w	r2, r2, lr
34188370:	4462      	add	r2, ip
34188372:	ebc0 4022 	rsb	r0, r0, r2, asr #16
34188376:	b292      	uxth	r2, r2
34188378:	eb00 4013 	add.w	r0, r0, r3, lsr #16
3418837c:	ea42 4200 	orr.w	r2, r2, r0, lsl #16
34188380:	ea4f 4c20 	mov.w	ip, r0, asr #16
34188384:	f841 2b04 	str.w	r2, [r1], #4
34188388:	d2e7      	bcs.n	3418835a <quorem+0xd6>
3418838a:	f858 2024 	ldr.w	r2, [r8, r4, lsl #2]
3418838e:	eb08 0384 	add.w	r3, r8, r4, lsl #2
34188392:	b96a      	cbnz	r2, 341883b0 <quorem+0x12c>
34188394:	3b04      	subs	r3, #4
34188396:	4598      	cmp	r8, r3
34188398:	d304      	bcc.n	341883a4 <quorem+0x120>
3418839a:	e007      	b.n	341883ac <quorem+0x128>
3418839c:	4598      	cmp	r8, r3
3418839e:	f104 34ff 	add.w	r4, r4, #4294967295	@ 0xffffffff
341883a2:	d203      	bcs.n	341883ac <quorem+0x128>
341883a4:	681a      	ldr	r2, [r3, #0]
341883a6:	3b04      	subs	r3, #4
341883a8:	2a00      	cmp	r2, #0
341883aa:	d0f7      	beq.n	3418839c <quorem+0x118>
341883ac:	f8c9 4010 	str.w	r4, [r9, #16]
341883b0:	4630      	mov	r0, r6
341883b2:	b005      	add	sp, #20
341883b4:	e8bd 8ff0 	ldmia.w	sp!, {r4, r5, r6, r7, r8, r9, sl, fp, pc}
341883b8:	2000      	movs	r0, #0
341883ba:	b005      	add	sp, #20
341883bc:	e8bd 8ff0 	ldmia.w	sp!, {r4, r5, r6, r7, r8, r9, sl, fp, pc}

341883c0 <_dtoa_r>:
341883c0:	e92d 4ff0 	stmdb	sp!, {r4, r5, r6, r7, r8, r9, sl, fp, lr}
341883c4:	468b      	mov	fp, r1
341883c6:	b093      	sub	sp, #76	@ 0x4c
341883c8:	6b81      	ldr	r1, [r0, #56]	@ 0x38
341883ca:	4604      	mov	r4, r0
341883cc:	9d1c      	ldr	r5, [sp, #112]	@ 0x70
341883ce:	9306      	str	r3, [sp, #24]
341883d0:	9204      	str	r2, [sp, #16]
341883d2:	ec57 6b10 	vmov	r6, r7, d0
341883d6:	ed8d 0b02 	vstr	d0, [sp, #8]
341883da:	b141      	cbz	r1, 341883ee <_dtoa_r+0x2e>
341883dc:	6bc2      	ldr	r2, [r0, #60]	@ 0x3c
341883de:	2301      	movs	r3, #1
341883e0:	4093      	lsls	r3, r2
341883e2:	604a      	str	r2, [r1, #4]
341883e4:	608b      	str	r3, [r1, #8]
341883e6:	f000 ff2d 	bl	34189244 <_Bfree>
341883ea:	2300      	movs	r3, #0
341883ec:	63a3      	str	r3, [r4, #56]	@ 0x38
341883ee:	f1b7 0800 	subs.w	r8, r7, #0
341883f2:	f2c0 8099 	blt.w	34188528 <_dtoa_r+0x168>
341883f6:	2300      	movs	r3, #0
341883f8:	602b      	str	r3, [r5, #0]
341883fa:	4b6d      	ldr	r3, [pc, #436]	@ (341885b0 <_dtoa_r+0x1f0>)
341883fc:	ea33 0308 	bics.w	r3, r3, r8
34188400:	f000 809d 	beq.w	3418853e <_dtoa_r+0x17e>
34188404:	ed9d 6b02 	vldr	d6, [sp, #8]
34188408:	eeb5 6b40 	vcmp.f64	d6, #0.0
3418840c:	eef1 fa10 	vmrs	APSR_nzcv, fpscr
34188410:	d10d      	bne.n	3418842e <_dtoa_r+0x6e>
34188412:	2301      	movs	r3, #1
34188414:	9a06      	ldr	r2, [sp, #24]
34188416:	6013      	str	r3, [r2, #0]
34188418:	9b1d      	ldr	r3, [sp, #116]	@ 0x74
3418841a:	b113      	cbz	r3, 34188422 <_dtoa_r+0x62>
3418841c:	4b65      	ldr	r3, [pc, #404]	@ (341885b4 <_dtoa_r+0x1f4>)
3418841e:	9a1d      	ldr	r2, [sp, #116]	@ 0x74
34188420:	6013      	str	r3, [r2, #0]
34188422:	f8df a19c 	ldr.w	sl, [pc, #412]	@ 341885c0 <_dtoa_r+0x200>
34188426:	4650      	mov	r0, sl
34188428:	b013      	add	sp, #76	@ 0x4c
3418842a:	e8bd 8ff0 	ldmia.w	sp!, {r4, r5, r6, r7, r8, r9, sl, fp, pc}
3418842e:	eeb0 0b46 	vmov.f64	d0, d6
34188432:	aa10      	add	r2, sp, #64	@ 0x40
34188434:	a911      	add	r1, sp, #68	@ 0x44
34188436:	4620      	mov	r0, r4
34188438:	ed8d 6b00 	vstr	d6, [sp]
3418843c:	f001 fa6e 	bl	3418991c <__d2b>
34188440:	9a10      	ldr	r2, [sp, #64]	@ 0x40
34188442:	ea5f 5318 	movs.w	r3, r8, lsr #20
34188446:	4605      	mov	r5, r0
34188448:	ed9d 6b00 	vldr	d6, [sp]
3418844c:	f040 808e 	bne.w	3418856c <_dtoa_r+0x1ac>
34188450:	9b11      	ldr	r3, [sp, #68]	@ 0x44
34188452:	4413      	add	r3, r2
34188454:	f203 4132 	addw	r1, r3, #1074	@ 0x432
34188458:	2920      	cmp	r1, #32
3418845a:	f340 81c2 	ble.w	341887e2 <_dtoa_r+0x422>
3418845e:	f1c1 0140 	rsb	r1, r1, #64	@ 0x40
34188462:	fa08 f801 	lsl.w	r8, r8, r1
34188466:	f203 4112 	addw	r1, r3, #1042	@ 0x412
3418846a:	fa26 f101 	lsr.w	r1, r6, r1
3418846e:	ea48 0101 	orr.w	r1, r8, r1
34188472:	ee07 1a10 	vmov	s14, r1
34188476:	eeb8 7b47 	vcvt.f64.u32	d7, s14
3418847a:	2101      	movs	r1, #1
3418847c:	3b01      	subs	r3, #1
3418847e:	910b      	str	r1, [sp, #44]	@ 0x2c
34188480:	ee17 1a90 	vmov	r1, s15
34188484:	f1a1 71f8 	sub.w	r1, r1, #32505856	@ 0x1f00000
34188488:	eeb7 1b08 	vmov.f64	d1, #120	@ 0x3fc00000  1.5
3418848c:	ee07 1a90 	vmov	s15, r1
34188490:	ee04 3a90 	vmov	s9, r3
34188494:	ee37 7b41 	vsub.f64	d7, d7, d1
34188498:	eeb8 3be4 	vcvt.f64.s32	d3, s9
3418849c:	ed9f 2b3e 	vldr	d2, [pc, #248]	@ 34188598 <_dtoa_r+0x1d8>
341884a0:	ed9f 5b3f 	vldr	d5, [pc, #252]	@ 341885a0 <_dtoa_r+0x1e0>
341884a4:	ed9f 4b40 	vldr	d4, [pc, #256]	@ 341885a8 <_dtoa_r+0x1e8>
341884a8:	eea7 5b02 	vfma.f64	d5, d7, d2
341884ac:	eeb0 7b45 	vmov.f64	d7, d5
341884b0:	eea3 7b04 	vfma.f64	d7, d3, d4
341884b4:	eeb5 7bc0 	vcmpe.f64	d7, #0.0
341884b8:	eefd 5bc7 	vcvt.s32.f64	s11, d7
341884bc:	eef1 fa10 	vmrs	APSR_nzcv, fpscr
341884c0:	edcd 5a00 	vstr	s11, [sp]
341884c4:	f100 8172 	bmi.w	341887ac <_dtoa_r+0x3ec>
341884c8:	1ad3      	subs	r3, r2, r3
341884ca:	9a00      	ldr	r2, [sp, #0]
341884cc:	2a16      	cmp	r2, #22
341884ce:	f103 38ff 	add.w	r8, r3, #4294967295	@ 0xffffffff
341884d2:	f200 8158 	bhi.w	34188786 <_dtoa_r+0x3c6>
341884d6:	4938      	ldr	r1, [pc, #224]	@ (341885b8 <_dtoa_r+0x1f8>)
341884d8:	eb01 01c2 	add.w	r1, r1, r2, lsl #3
341884dc:	ed91 7b00 	vldr	d7, [r1]
341884e0:	eeb4 6bc7 	vcmpe.f64	d6, d7
341884e4:	eef1 fa10 	vmrs	APSR_nzcv, fpscr
341884e8:	f100 8175 	bmi.w	341887d6 <_dtoa_r+0x416>
341884ec:	2b00      	cmp	r3, #0
341884ee:	f340 8502 	ble.w	34188ef6 <_dtoa_r+0xb36>
341884f2:	2300      	movs	r3, #0
341884f4:	4490      	add	r8, r2
341884f6:	e9cd 2309 	strd	r2, r3, [sp, #36]	@ 0x24
341884fa:	9307      	str	r3, [sp, #28]
341884fc:	2300      	movs	r3, #0
341884fe:	9308      	str	r3, [sp, #32]
34188500:	f1bb 0f09 	cmp.w	fp, #9
34188504:	d862      	bhi.n	341885cc <_dtoa_r+0x20c>
34188506:	f1bb 0f05 	cmp.w	fp, #5
3418850a:	f340 8171 	ble.w	341887f0 <_dtoa_r+0x430>
3418850e:	f1ab 0b04 	sub.w	fp, fp, #4
34188512:	2600      	movs	r6, #0
34188514:	f1ab 0302 	sub.w	r3, fp, #2
34188518:	2b03      	cmp	r3, #3
3418851a:	d859      	bhi.n	341885d0 <_dtoa_r+0x210>
3418851c:	e8df f013 	tbh	[pc, r3, lsl #1]
34188520:	01ce01d1 	.word	0x01ce01d1
34188524:	016a01c4 	.word	0x016a01c4
34188528:	2301      	movs	r3, #1
3418852a:	f028 4800 	bic.w	r8, r8, #2147483648	@ 0x80000000
3418852e:	602b      	str	r3, [r5, #0]
34188530:	4b1f      	ldr	r3, [pc, #124]	@ (341885b0 <_dtoa_r+0x1f0>)
34188532:	f8cd 800c 	str.w	r8, [sp, #12]
34188536:	ea33 0308 	bics.w	r3, r3, r8
3418853a:	f47f af63 	bne.w	34188404 <_dtoa_r+0x44>
3418853e:	f3c8 0813 	ubfx	r8, r8, #0, #20
34188542:	f242 730f 	movw	r3, #9999	@ 0x270f
34188546:	9a06      	ldr	r2, [sp, #24]
34188548:	ea58 0806 	orrs.w	r8, r8, r6
3418854c:	6013      	str	r3, [r2, #0]
3418854e:	d01a      	beq.n	34188586 <_dtoa_r+0x1c6>
34188550:	9b1d      	ldr	r3, [sp, #116]	@ 0x74
34188552:	f8df a070 	ldr.w	sl, [pc, #112]	@ 341885c4 <_dtoa_r+0x204>
34188556:	2b00      	cmp	r3, #0
34188558:	f43f af65 	beq.w	34188426 <_dtoa_r+0x66>
3418855c:	f10a 0303 	add.w	r3, sl, #3
34188560:	9a1d      	ldr	r2, [sp, #116]	@ 0x74
34188562:	4650      	mov	r0, sl
34188564:	6013      	str	r3, [r2, #0]
34188566:	b013      	add	sp, #76	@ 0x4c
34188568:	e8bd 8ff0 	ldmia.w	sp!, {r4, r5, r6, r7, r8, r9, sl, fp, pc}
3418856c:	ee16 0a90 	vmov	r0, s13
34188570:	4912      	ldr	r1, [pc, #72]	@ (341885bc <_dtoa_r+0x1fc>)
34188572:	eeb0 7b46 	vmov.f64	d7, d6
34188576:	f2a3 33ff 	subw	r3, r3, #1023	@ 0x3ff
3418857a:	f3c0 0013 	ubfx	r0, r0, #0, #20
3418857e:	4301      	orrs	r1, r0
34188580:	2000      	movs	r0, #0
34188582:	900b      	str	r0, [sp, #44]	@ 0x2c
34188584:	e780      	b.n	34188488 <_dtoa_r+0xc8>
34188586:	9b1d      	ldr	r3, [sp, #116]	@ 0x74
34188588:	f8df a03c 	ldr.w	sl, [pc, #60]	@ 341885c8 <_dtoa_r+0x208>
3418858c:	2b00      	cmp	r3, #0
3418858e:	f43f af4a 	beq.w	34188426 <_dtoa_r+0x66>
34188592:	f10a 0308 	add.w	r3, sl, #8
34188596:	e7e3      	b.n	34188560 <_dtoa_r+0x1a0>
34188598:	636f4361 	.word	0x636f4361
3418859c:	3fd287a7 	.word	0x3fd287a7
341885a0:	8b60c8b3 	.word	0x8b60c8b3
341885a4:	3fc68a28 	.word	0x3fc68a28
341885a8:	509f79fb 	.word	0x509f79fb
341885ac:	3fd34413 	.word	0x3fd34413
341885b0:	7ff00000 	.word	0x7ff00000
341885b4:	3418b1d9 	.word	0x3418b1d9
341885b8:	3418b578 	.word	0x3418b578
341885bc:	3ff00000 	.word	0x3ff00000
341885c0:	3418b1d8 	.word	0x3418b1d8
341885c4:	3418b230 	.word	0x3418b230
341885c8:	3418b224 	.word	0x3418b224
341885cc:	f04f 0b00 	mov.w	fp, #0
341885d0:	2100      	movs	r1, #0
341885d2:	4620      	mov	r0, r4
341885d4:	63e1      	str	r1, [r4, #60]	@ 0x3c
341885d6:	ed8d 6b04 	vstr	d6, [sp, #16]
341885da:	f000 fe0d 	bl	341891f8 <_Balloc>
341885de:	4682      	mov	sl, r0
341885e0:	ed9d 6b04 	vldr	d6, [sp, #16]
341885e4:	2800      	cmp	r0, #0
341885e6:	f000 857f 	beq.w	341890e8 <_dtoa_r+0xd28>
341885ea:	9a00      	ldr	r2, [sp, #0]
341885ec:	9b11      	ldr	r3, [sp, #68]	@ 0x44
341885ee:	2a0e      	cmp	r2, #14
341885f0:	f8c4 a038 	str.w	sl, [r4, #56]	@ 0x38
341885f4:	dc02      	bgt.n	341885fc <_dtoa_r+0x23c>
341885f6:	2b00      	cmp	r3, #0
341885f8:	f280 84e6 	bge.w	34188fc8 <_dtoa_r+0xc08>
341885fc:	f04f 32ff 	mov.w	r2, #4294967295	@ 0xffffffff
34188600:	2100      	movs	r1, #0
34188602:	4691      	mov	r9, r2
34188604:	920e      	str	r2, [sp, #56]	@ 0x38
34188606:	9104      	str	r1, [sp, #16]
34188608:	9a0b      	ldr	r2, [sp, #44]	@ 0x2c
3418860a:	2a00      	cmp	r2, #0
3418860c:	f040 81b2 	bne.w	34188974 <_dtoa_r+0x5b4>
34188610:	9b10      	ldr	r3, [sp, #64]	@ 0x40
34188612:	f1c3 0336 	rsb	r3, r3, #54	@ 0x36
34188616:	9a07      	ldr	r2, [sp, #28]
34188618:	4498      	add	r8, r3
3418861a:	9f08      	ldr	r7, [sp, #32]
3418861c:	18d3      	adds	r3, r2, r3
3418861e:	920b      	str	r2, [sp, #44]	@ 0x2c
34188620:	9307      	str	r3, [sp, #28]
34188622:	2101      	movs	r1, #1
34188624:	4620      	mov	r0, r4
34188626:	f000 fed5 	bl	341893d4 <__i2b>
3418862a:	9b0b      	ldr	r3, [sp, #44]	@ 0x2c
3418862c:	4606      	mov	r6, r0
3418862e:	2b00      	cmp	r3, #0
34188630:	f000 848e 	beq.w	34188f50 <_dtoa_r+0xb90>
34188634:	f1b8 0f00 	cmp.w	r8, #0
34188638:	f340 848a 	ble.w	34188f50 <_dtoa_r+0xb90>
3418863c:	9a0b      	ldr	r2, [sp, #44]	@ 0x2c
3418863e:	9907      	ldr	r1, [sp, #28]
34188640:	4542      	cmp	r2, r8
34188642:	4613      	mov	r3, r2
34188644:	bfa8      	it	ge
34188646:	4643      	movge	r3, r8
34188648:	1ac9      	subs	r1, r1, r3
3418864a:	1ad2      	subs	r2, r2, r3
3418864c:	eba8 0803 	sub.w	r8, r8, r3
34188650:	9b08      	ldr	r3, [sp, #32]
34188652:	9107      	str	r1, [sp, #28]
34188654:	920b      	str	r2, [sp, #44]	@ 0x2c
34188656:	b1bb      	cbz	r3, 34188688 <_dtoa_r+0x2c8>
34188658:	2f00      	cmp	r7, #0
3418865a:	f000 84d6 	beq.w	3418900a <_dtoa_r+0xc4a>
3418865e:	4631      	mov	r1, r6
34188660:	463a      	mov	r2, r7
34188662:	4620      	mov	r0, r4
34188664:	f000 ffa8 	bl	341895b8 <__pow5mult>
34188668:	4606      	mov	r6, r0
3418866a:	462a      	mov	r2, r5
3418866c:	4620      	mov	r0, r4
3418866e:	4631      	mov	r1, r6
34188670:	f000 fede 	bl	34189430 <__multiply>
34188674:	4629      	mov	r1, r5
34188676:	900c      	str	r0, [sp, #48]	@ 0x30
34188678:	4620      	mov	r0, r4
3418867a:	f000 fde3 	bl	34189244 <_Bfree>
3418867e:	9b08      	ldr	r3, [sp, #32]
34188680:	9d0c      	ldr	r5, [sp, #48]	@ 0x30
34188682:	1bdf      	subs	r7, r3, r7
34188684:	f040 8489 	bne.w	34188f9a <_dtoa_r+0xbda>
34188688:	2301      	movs	r3, #1
3418868a:	9308      	str	r3, [sp, #32]
3418868c:	2101      	movs	r1, #1
3418868e:	4620      	mov	r0, r4
34188690:	f000 fea0 	bl	341893d4 <__i2b>
34188694:	9b09      	ldr	r3, [sp, #36]	@ 0x24
34188696:	4607      	mov	r7, r0
34188698:	2b00      	cmp	r3, #0
3418869a:	f040 8264 	bne.w	34188b66 <_dtoa_r+0x7a6>
3418869e:	f1bb 0f01 	cmp.w	fp, #1
341886a2:	f340 82b5 	ble.w	34188c10 <_dtoa_r+0x850>
341886a6:	2301      	movs	r3, #1
341886a8:	4443      	add	r3, r8
341886aa:	f013 031f 	ands.w	r3, r3, #31
341886ae:	f000 8221 	beq.w	34188af4 <_dtoa_r+0x734>
341886b2:	2b1b      	cmp	r3, #27
341886b4:	f300 8343 	bgt.w	34188d3e <_dtoa_r+0x97e>
341886b8:	f1c3 031c 	rsb	r3, r3, #28
341886bc:	9a07      	ldr	r2, [sp, #28]
341886be:	4498      	add	r8, r3
341886c0:	441a      	add	r2, r3
341886c2:	9207      	str	r2, [sp, #28]
341886c4:	9a0b      	ldr	r2, [sp, #44]	@ 0x2c
341886c6:	441a      	add	r2, r3
341886c8:	920b      	str	r2, [sp, #44]	@ 0x2c
341886ca:	9b07      	ldr	r3, [sp, #28]
341886cc:	2b00      	cmp	r3, #0
341886ce:	dd05      	ble.n	341886dc <_dtoa_r+0x31c>
341886d0:	4629      	mov	r1, r5
341886d2:	461a      	mov	r2, r3
341886d4:	4620      	mov	r0, r4
341886d6:	f000 ffcb 	bl	34189670 <__lshift>
341886da:	4605      	mov	r5, r0
341886dc:	f1b8 0f00 	cmp.w	r8, #0
341886e0:	dd05      	ble.n	341886ee <_dtoa_r+0x32e>
341886e2:	4639      	mov	r1, r7
341886e4:	4642      	mov	r2, r8
341886e6:	4620      	mov	r0, r4
341886e8:	f000 ffc2 	bl	34189670 <__lshift>
341886ec:	4607      	mov	r7, r0
341886ee:	f1bb 0f02 	cmp.w	fp, #2
341886f2:	9b0a      	ldr	r3, [sp, #40]	@ 0x28
341886f4:	bfd4      	ite	le
341886f6:	f04f 0800 	movle.w	r8, #0
341886fa:	f04f 0801 	movgt.w	r8, #1
341886fe:	2b00      	cmp	r3, #0
34188700:	f040 8246 	bne.w	34188b90 <_dtoa_r+0x7d0>
34188704:	f1b9 0f00 	cmp.w	r9, #0
34188708:	f300 80de 	bgt.w	341888c8 <_dtoa_r+0x508>
3418870c:	f1b8 0f00 	cmp.w	r8, #0
34188710:	f000 80da 	beq.w	341888c8 <_dtoa_r+0x508>
34188714:	f1b9 0f00 	cmp.w	r9, #0
34188718:	f040 8214 	bne.w	34188b44 <_dtoa_r+0x784>
3418871c:	4639      	mov	r1, r7
3418871e:	464b      	mov	r3, r9
34188720:	2205      	movs	r2, #5
34188722:	4620      	mov	r0, r4
34188724:	f000 fd98 	bl	34189258 <__multadd>
34188728:	4607      	mov	r7, r0
3418872a:	4628      	mov	r0, r5
3418872c:	4639      	mov	r1, r7
3418872e:	f001 f811 	bl	34189754 <__mcmp>
34188732:	4548      	cmp	r0, r9
34188734:	f340 8206 	ble.w	34188b44 <_dtoa_r+0x784>
34188738:	9b00      	ldr	r3, [sp, #0]
3418873a:	46d3      	mov	fp, sl
3418873c:	f103 0801 	add.w	r8, r3, #1
34188740:	2331      	movs	r3, #49	@ 0x31
34188742:	f80b 3b01 	strb.w	r3, [fp], #1
34188746:	4639      	mov	r1, r7
34188748:	4620      	mov	r0, r4
3418874a:	f000 fd7b 	bl	34189244 <_Bfree>
3418874e:	f108 0301 	add.w	r3, r8, #1
34188752:	9302      	str	r3, [sp, #8]
34188754:	b11e      	cbz	r6, 3418875e <_dtoa_r+0x39e>
34188756:	4631      	mov	r1, r6
34188758:	4620      	mov	r0, r4
3418875a:	f000 fd73 	bl	34189244 <_Bfree>
3418875e:	4629      	mov	r1, r5
34188760:	4620      	mov	r0, r4
34188762:	f000 fd6f 	bl	34189244 <_Bfree>
34188766:	2300      	movs	r3, #0
34188768:	9a02      	ldr	r2, [sp, #8]
3418876a:	f88b 3000 	strb.w	r3, [fp]
3418876e:	9b06      	ldr	r3, [sp, #24]
34188770:	601a      	str	r2, [r3, #0]
34188772:	9b1d      	ldr	r3, [sp, #116]	@ 0x74
34188774:	2b00      	cmp	r3, #0
34188776:	f43f ae56 	beq.w	34188426 <_dtoa_r+0x66>
3418877a:	4650      	mov	r0, sl
3418877c:	f8c3 b000 	str.w	fp, [r3]
34188780:	b013      	add	sp, #76	@ 0x4c
34188782:	e8bd 8ff0 	ldmia.w	sp!, {r4, r5, r6, r7, r8, r9, sl, fp, pc}
34188786:	2201      	movs	r2, #1
34188788:	920a      	str	r2, [sp, #40]	@ 0x28
3418878a:	f1b8 0f00 	cmp.w	r8, #0
3418878e:	db1c      	blt.n	341887ca <_dtoa_r+0x40a>
34188790:	2300      	movs	r3, #0
34188792:	9307      	str	r3, [sp, #28]
34188794:	9b00      	ldr	r3, [sp, #0]
34188796:	2b00      	cmp	r3, #0
34188798:	da14      	bge.n	341887c4 <_dtoa_r+0x404>
3418879a:	9a07      	ldr	r2, [sp, #28]
3418879c:	9b00      	ldr	r3, [sp, #0]
3418879e:	1ad2      	subs	r2, r2, r3
341887a0:	425b      	negs	r3, r3
341887a2:	9308      	str	r3, [sp, #32]
341887a4:	2300      	movs	r3, #0
341887a6:	9207      	str	r2, [sp, #28]
341887a8:	9309      	str	r3, [sp, #36]	@ 0x24
341887aa:	e6a9      	b.n	34188500 <_dtoa_r+0x140>
341887ac:	eeb8 5be5 	vcvt.f64.s32	d5, s11
341887b0:	eeb4 5b47 	vcmp.f64	d5, d7
341887b4:	eef1 fa10 	vmrs	APSR_nzcv, fpscr
341887b8:	f43f ae86 	beq.w	341884c8 <_dtoa_r+0x108>
341887bc:	9900      	ldr	r1, [sp, #0]
341887be:	3901      	subs	r1, #1
341887c0:	9100      	str	r1, [sp, #0]
341887c2:	e681      	b.n	341884c8 <_dtoa_r+0x108>
341887c4:	4498      	add	r8, r3
341887c6:	9309      	str	r3, [sp, #36]	@ 0x24
341887c8:	e698      	b.n	341884fc <_dtoa_r+0x13c>
341887ca:	f1c3 0301 	rsb	r3, r3, #1
341887ce:	f04f 0800 	mov.w	r8, #0
341887d2:	9307      	str	r3, [sp, #28]
341887d4:	e7de      	b.n	34188794 <_dtoa_r+0x3d4>
341887d6:	9a00      	ldr	r2, [sp, #0]
341887d8:	3a01      	subs	r2, #1
341887da:	9200      	str	r2, [sp, #0]
341887dc:	2200      	movs	r2, #0
341887de:	920a      	str	r2, [sp, #40]	@ 0x28
341887e0:	e7d3      	b.n	3418878a <_dtoa_r+0x3ca>
341887e2:	f1c1 0120 	rsb	r1, r1, #32
341887e6:	fa06 f101 	lsl.w	r1, r6, r1
341887ea:	ee07 1a10 	vmov	s14, r1
341887ee:	e642      	b.n	34188476 <_dtoa_r+0xb6>
341887f0:	2601      	movs	r6, #1
341887f2:	e68f      	b.n	34188514 <_dtoa_r+0x154>
341887f4:	2301      	movs	r3, #1
341887f6:	930f      	str	r3, [sp, #60]	@ 0x3c
341887f8:	9b04      	ldr	r3, [sp, #16]
341887fa:	9a00      	ldr	r2, [sp, #0]
341887fc:	4413      	add	r3, r2
341887fe:	f103 0901 	add.w	r9, r3, #1
34188802:	930e      	str	r3, [sp, #56]	@ 0x38
34188804:	464f      	mov	r7, r9
34188806:	2f01      	cmp	r7, #1
34188808:	bfb8      	it	lt
3418880a:	2701      	movlt	r7, #1
3418880c:	2f17      	cmp	r7, #23
3418880e:	f340 84cc 	ble.w	341891aa <_dtoa_r+0xdea>
34188812:	2201      	movs	r2, #1
34188814:	2304      	movs	r3, #4
34188816:	005b      	lsls	r3, r3, #1
34188818:	4611      	mov	r1, r2
3418881a:	3201      	adds	r2, #1
3418881c:	f103 0014 	add.w	r0, r3, #20
34188820:	42b8      	cmp	r0, r7
34188822:	d9f8      	bls.n	34188816 <_dtoa_r+0x456>
34188824:	63e1      	str	r1, [r4, #60]	@ 0x3c
34188826:	4620      	mov	r0, r4
34188828:	ed8d 6b0c 	vstr	d6, [sp, #48]	@ 0x30
3418882c:	f000 fce4 	bl	341891f8 <_Balloc>
34188830:	4682      	mov	sl, r0
34188832:	ed9d 6b0c 	vldr	d6, [sp, #48]	@ 0x30
34188836:	2800      	cmp	r0, #0
34188838:	f000 8456 	beq.w	341890e8 <_dtoa_r+0xd28>
3418883c:	f1b9 0f0e 	cmp.w	r9, #14
34188840:	63a0      	str	r0, [r4, #56]	@ 0x38
34188842:	f200 8135 	bhi.w	34188ab0 <_dtoa_r+0x6f0>
34188846:	2e00      	cmp	r6, #0
34188848:	f000 8132 	beq.w	34188ab0 <_dtoa_r+0x6f0>
3418884c:	9a00      	ldr	r2, [sp, #0]
3418884e:	2a00      	cmp	r2, #0
34188850:	f340 8152 	ble.w	34188af8 <_dtoa_r+0x738>
34188854:	49be      	ldr	r1, [pc, #760]	@ (34188b50 <_dtoa_r+0x790>)
34188856:	f002 030f 	and.w	r3, r2, #15
3418885a:	05d6      	lsls	r6, r2, #23
3418885c:	eb01 03c3 	add.w	r3, r1, r3, lsl #3
34188860:	ed93 7b00 	vldr	d7, [r3]
34188864:	ea4f 1322 	mov.w	r3, r2, asr #4
34188868:	f140 81b9 	bpl.w	34188bde <_dtoa_r+0x81e>
3418886c:	4ab9      	ldr	r2, [pc, #740]	@ (34188b54 <_dtoa_r+0x794>)
3418886e:	f003 030f 	and.w	r3, r3, #15
34188872:	2103      	movs	r1, #3
34188874:	ed92 5b08 	vldr	d5, [r2, #32]
34188878:	ee86 4b05 	vdiv.f64	d4, d6, d5
3418887c:	2b00      	cmp	r3, #0
3418887e:	d07c      	beq.n	3418897a <_dtoa_r+0x5ba>
34188880:	4ab4      	ldr	r2, [pc, #720]	@ (34188b54 <_dtoa_r+0x794>)
34188882:	e001      	b.n	34188888 <_dtoa_r+0x4c8>
34188884:	105b      	asrs	r3, r3, #1
34188886:	3208      	adds	r2, #8
34188888:	07d8      	lsls	r0, r3, #31
3418888a:	d403      	bmi.n	34188894 <_dtoa_r+0x4d4>
3418888c:	105b      	asrs	r3, r3, #1
3418888e:	3208      	adds	r2, #8
34188890:	07df      	lsls	r7, r3, #31
34188892:	d5f7      	bpl.n	34188884 <_dtoa_r+0x4c4>
34188894:	105b      	asrs	r3, r3, #1
34188896:	f101 0101 	add.w	r1, r1, #1
3418889a:	ed92 5b00 	vldr	d5, [r2]
3418889e:	ee27 7b05 	vmul.f64	d7, d7, d5
341888a2:	d06a      	beq.n	3418897a <_dtoa_r+0x5ba>
341888a4:	3208      	adds	r2, #8
341888a6:	e7f3      	b.n	34188890 <_dtoa_r+0x4d0>
341888a8:	2301      	movs	r3, #1
341888aa:	930f      	str	r3, [sp, #60]	@ 0x3c
341888ac:	9b04      	ldr	r3, [sp, #16]
341888ae:	2b00      	cmp	r3, #0
341888b0:	f340 8152 	ble.w	34188b58 <_dtoa_r+0x798>
341888b4:	9f04      	ldr	r7, [sp, #16]
341888b6:	46b9      	mov	r9, r7
341888b8:	970e      	str	r7, [sp, #56]	@ 0x38
341888ba:	e7a7      	b.n	3418880c <_dtoa_r+0x44c>
341888bc:	2300      	movs	r3, #0
341888be:	930f      	str	r3, [sp, #60]	@ 0x3c
341888c0:	e79a      	b.n	341887f8 <_dtoa_r+0x438>
341888c2:	2300      	movs	r3, #0
341888c4:	930f      	str	r3, [sp, #60]	@ 0x3c
341888c6:	e7f1      	b.n	341888ac <_dtoa_r+0x4ec>
341888c8:	9b08      	ldr	r3, [sp, #32]
341888ca:	2b00      	cmp	r3, #0
341888cc:	f040 8259 	bne.w	34188d82 <_dtoa_r+0x9c2>
341888d0:	9b00      	ldr	r3, [sp, #0]
341888d2:	3301      	adds	r3, #1
341888d4:	9302      	str	r3, [sp, #8]
341888d6:	46d0      	mov	r8, sl
341888d8:	f04f 0b01 	mov.w	fp, #1
341888dc:	e008      	b.n	341888f0 <_dtoa_r+0x530>
341888de:	4629      	mov	r1, r5
341888e0:	2300      	movs	r3, #0
341888e2:	220a      	movs	r2, #10
341888e4:	4620      	mov	r0, r4
341888e6:	f000 fcb7 	bl	34189258 <__multadd>
341888ea:	f10b 0b01 	add.w	fp, fp, #1
341888ee:	4605      	mov	r5, r0
341888f0:	4639      	mov	r1, r7
341888f2:	4628      	mov	r0, r5
341888f4:	f7ff fcc6 	bl	34188284 <quorem>
341888f8:	45cb      	cmp	fp, r9
341888fa:	f100 0330 	add.w	r3, r0, #48	@ 0x30
341888fe:	f808 3b01 	strb.w	r3, [r8], #1
34188902:	dbec      	blt.n	341888de <_dtoa_r+0x51e>
34188904:	f1b9 0f00 	cmp.w	r9, #0
34188908:	f10a 0201 	add.w	r2, sl, #1
3418890c:	f109 39ff 	add.w	r9, r9, #4294967295	@ 0xffffffff
34188910:	bfd8      	it	le
34188912:	f04f 0900 	movle.w	r9, #0
34188916:	4491      	add	r9, r2
34188918:	2200      	movs	r2, #0
3418891a:	9204      	str	r2, [sp, #16]
3418891c:	4629      	mov	r1, r5
3418891e:	2201      	movs	r2, #1
34188920:	4620      	mov	r0, r4
34188922:	9307      	str	r3, [sp, #28]
34188924:	f000 fea4 	bl	34189670 <__lshift>
34188928:	4639      	mov	r1, r7
3418892a:	4605      	mov	r5, r0
3418892c:	f000 ff12 	bl	34189754 <__mcmp>
34188930:	2800      	cmp	r0, #0
34188932:	dc03      	bgt.n	3418893c <_dtoa_r+0x57c>
34188934:	e353      	b.n	34188fde <_dtoa_r+0xc1e>
34188936:	45d1      	cmp	r9, sl
34188938:	f000 835c 	beq.w	34188ff4 <_dtoa_r+0xc34>
3418893c:	f819 3c01 	ldrb.w	r3, [r9, #-1]
34188940:	46cb      	mov	fp, r9
34188942:	f109 39ff 	add.w	r9, r9, #4294967295	@ 0xffffffff
34188946:	2b39      	cmp	r3, #57	@ 0x39
34188948:	d0f5      	beq.n	34188936 <_dtoa_r+0x576>
3418894a:	3301      	adds	r3, #1
3418894c:	f889 3000 	strb.w	r3, [r9]
34188950:	4639      	mov	r1, r7
34188952:	4620      	mov	r0, r4
34188954:	f000 fc76 	bl	34189244 <_Bfree>
34188958:	2e00      	cmp	r6, #0
3418895a:	f43f af00 	beq.w	3418875e <_dtoa_r+0x39e>
3418895e:	9904      	ldr	r1, [sp, #16]
34188960:	2900      	cmp	r1, #0
34188962:	f43f aef8 	beq.w	34188756 <_dtoa_r+0x396>
34188966:	42b1      	cmp	r1, r6
34188968:	f43f aef5 	beq.w	34188756 <_dtoa_r+0x396>
3418896c:	4620      	mov	r0, r4
3418896e:	f000 fc69 	bl	34189244 <_Bfree>
34188972:	e6f0      	b.n	34188756 <_dtoa_r+0x396>
34188974:	f203 4333 	addw	r3, r3, #1075	@ 0x433
34188978:	e64d      	b.n	34188616 <_dtoa_r+0x256>
3418897a:	ee84 5b07 	vdiv.f64	d5, d4, d7
3418897e:	9b0a      	ldr	r3, [sp, #40]	@ 0x28
34188980:	b13b      	cbz	r3, 34188992 <_dtoa_r+0x5d2>
34188982:	eeb7 7b00 	vmov.f64	d7, #112	@ 0x3f800000  1.0
34188986:	eeb4 5bc7 	vcmpe.f64	d5, d7
3418898a:	eef1 fa10 	vmrs	APSR_nzcv, fpscr
3418898e:	f100 82c0 	bmi.w	34188f12 <_dtoa_r+0xb52>
34188992:	ee07 1a90 	vmov	s15, r1
34188996:	eeb1 4b0c 	vmov.f64	d4, #28	@ 0x40e00000  7.0
3418899a:	eeb8 7be7 	vcvt.f64.s32	d7, s15
3418899e:	eea7 4b05 	vfma.f64	d4, d7, d5
341889a2:	ee14 1a90 	vmov	r1, s9
341889a6:	ec53 2b14 	vmov	r2, r3, d4
341889aa:	f1a1 7350 	sub.w	r3, r1, #54525952	@ 0x3400000
341889ae:	f1b9 0f00 	cmp.w	r9, #0
341889b2:	d069      	beq.n	34188a88 <_dtoa_r+0x6c8>
341889b4:	f8dd c000 	ldr.w	ip, [sp]
341889b8:	464e      	mov	r6, r9
341889ba:	eefd 3bc5 	vcvt.s32.f64	s7, d5
341889be:	4964      	ldr	r1, [pc, #400]	@ (34188b50 <_dtoa_r+0x790>)
341889c0:	ec43 2b14 	vmov	d4, r2, r3
341889c4:	eb01 00c6 	add.w	r0, r1, r6, lsl #3
341889c8:	ee13 2a90 	vmov	r2, s7
341889cc:	eeb8 7be3 	vcvt.f64.s32	d7, s7
341889d0:	f10a 0301 	add.w	r3, sl, #1
341889d4:	3230      	adds	r2, #48	@ 0x30
341889d6:	ed10 3b02 	vldr	d3, [r0, #-8]
341889da:	980f      	ldr	r0, [sp, #60]	@ 0x3c
341889dc:	ee35 7b47 	vsub.f64	d7, d5, d7
341889e0:	f88a 2000 	strb.w	r2, [sl]
341889e4:	2800      	cmp	r0, #0
341889e6:	f000 8136 	beq.w	34188c56 <_dtoa_r+0x896>
341889ea:	eeb6 2b00 	vmov.f64	d2, #96	@ 0x3f000000  0.5
341889ee:	ee82 5b03 	vdiv.f64	d5, d2, d3
341889f2:	ee35 5b44 	vsub.f64	d5, d5, d4
341889f6:	eeb4 5bc7 	vcmpe.f64	d5, d7
341889fa:	eef1 fa10 	vmrs	APSR_nzcv, fpscr
341889fe:	f300 8306 	bgt.w	3418900e <_dtoa_r+0xc4e>
34188a02:	eeb7 1b00 	vmov.f64	d1, #112	@ 0x3f800000  1.0
34188a06:	2000      	movs	r0, #0
34188a08:	eeb2 3b04 	vmov.f64	d3, #36	@ 0x41200000  10.0
34188a0c:	e018      	b.n	34188a40 <_dtoa_r+0x680>
34188a0e:	3001      	adds	r0, #1
34188a10:	42b0      	cmp	r0, r6
34188a12:	f280 831b 	bge.w	3418904c <_dtoa_r+0xc8c>
34188a16:	ee27 7b03 	vmul.f64	d7, d7, d3
34188a1a:	ee25 5b03 	vmul.f64	d5, d5, d3
34188a1e:	eefd 4bc7 	vcvt.s32.f64	s9, d7
34188a22:	eeb8 2be4 	vcvt.f64.s32	d2, s9
34188a26:	ee14 2a90 	vmov	r2, s9
34188a2a:	3230      	adds	r2, #48	@ 0x30
34188a2c:	ee37 7b42 	vsub.f64	d7, d7, d2
34188a30:	f803 2b01 	strb.w	r2, [r3], #1
34188a34:	eeb4 7bc5 	vcmpe.f64	d7, d5
34188a38:	eef1 fa10 	vmrs	APSR_nzcv, fpscr
34188a3c:	f100 82e7 	bmi.w	3418900e <_dtoa_r+0xc4e>
34188a40:	ee31 4b47 	vsub.f64	d4, d1, d7
34188a44:	eeb4 4bc5 	vcmpe.f64	d4, d5
34188a48:	eef1 fa10 	vmrs	APSR_nzcv, fpscr
34188a4c:	d5df      	bpl.n	34188a0e <_dtoa_r+0x64e>
34188a4e:	e002      	b.n	34188a56 <_dtoa_r+0x696>
34188a50:	4553      	cmp	r3, sl
34188a52:	f000 82d6 	beq.w	34189002 <_dtoa_r+0xc42>
34188a56:	469b      	mov	fp, r3
34188a58:	f813 2d01 	ldrb.w	r2, [r3, #-1]!
34188a5c:	2a39      	cmp	r2, #57	@ 0x39
34188a5e:	d0f7      	beq.n	34188a50 <_dtoa_r+0x690>
34188a60:	3201      	adds	r2, #1
34188a62:	701a      	strb	r2, [r3, #0]
34188a64:	f10c 0301 	add.w	r3, ip, #1
34188a68:	9302      	str	r3, [sp, #8]
34188a6a:	e678      	b.n	3418875e <_dtoa_r+0x39e>
34188a6c:	ee07 1a90 	vmov	s15, r1
34188a70:	eeb1 4b0c 	vmov.f64	d4, #28	@ 0x40e00000  7.0
34188a74:	eeb8 7be7 	vcvt.f64.s32	d7, s15
34188a78:	eea7 4b05 	vfma.f64	d4, d7, d5
34188a7c:	ee14 1a90 	vmov	r1, s9
34188a80:	ec53 2b14 	vmov	r2, r3, d4
34188a84:	f1a1 7350 	sub.w	r3, r1, #54525952	@ 0x3400000
34188a88:	eeb1 7b04 	vmov.f64	d7, #20	@ 0x40a00000  5.0
34188a8c:	ec43 2b14 	vmov	d4, r2, r3
34188a90:	ee35 7b47 	vsub.f64	d7, d5, d7
34188a94:	eeb4 7bc4 	vcmpe.f64	d7, d4
34188a98:	eef1 fa10 	vmrs	APSR_nzcv, fpscr
34188a9c:	f300 825e 	bgt.w	34188f5c <_dtoa_r+0xb9c>
34188aa0:	eeb1 4b44 	vneg.f64	d4, d4
34188aa4:	eeb4 7bc4 	vcmpe.f64	d7, d4
34188aa8:	eef1 fa10 	vmrs	APSR_nzcv, fpscr
34188aac:	f100 80ca 	bmi.w	34188c44 <_dtoa_r+0x884>
34188ab0:	9b11      	ldr	r3, [sp, #68]	@ 0x44
34188ab2:	2b00      	cmp	r3, #0
34188ab4:	db03      	blt.n	34188abe <_dtoa_r+0x6fe>
34188ab6:	9a00      	ldr	r2, [sp, #0]
34188ab8:	2a0e      	cmp	r2, #14
34188aba:	f340 8328 	ble.w	3418910e <_dtoa_r+0xd4e>
34188abe:	9a0f      	ldr	r2, [sp, #60]	@ 0x3c
34188ac0:	2a00      	cmp	r2, #0
34188ac2:	f040 8090 	bne.w	34188be6 <_dtoa_r+0x826>
34188ac6:	9b07      	ldr	r3, [sp, #28]
34188ac8:	2b00      	cmp	r3, #0
34188aca:	f000 813e 	beq.w	34188d4a <_dtoa_r+0x98a>
34188ace:	f1b8 0f00 	cmp.w	r8, #0
34188ad2:	f000 813a 	beq.w	34188d4a <_dtoa_r+0x98a>
34188ad6:	9a07      	ldr	r2, [sp, #28]
34188ad8:	9e08      	ldr	r6, [sp, #32]
34188ada:	4542      	cmp	r2, r8
34188adc:	4613      	mov	r3, r2
34188ade:	bfa8      	it	ge
34188ae0:	4643      	movge	r3, r8
34188ae2:	1ad2      	subs	r2, r2, r3
34188ae4:	eba8 0803 	sub.w	r8, r8, r3
34188ae8:	9207      	str	r2, [sp, #28]
34188aea:	2e00      	cmp	r6, #0
34188aec:	f040 812f 	bne.w	34188d4e <_dtoa_r+0x98e>
34188af0:	920b      	str	r2, [sp, #44]	@ 0x2c
34188af2:	e5cb      	b.n	3418868c <_dtoa_r+0x2cc>
34188af4:	231c      	movs	r3, #28
34188af6:	e5e1      	b.n	341886bc <_dtoa_r+0x2fc>
34188af8:	f000 8207 	beq.w	34188f0a <_dtoa_r+0xb4a>
34188afc:	9b00      	ldr	r3, [sp, #0]
34188afe:	4914      	ldr	r1, [pc, #80]	@ (34188b50 <_dtoa_r+0x790>)
34188b00:	425b      	negs	r3, r3
34188b02:	f003 020f 	and.w	r2, r3, #15
34188b06:	111b      	asrs	r3, r3, #4
34188b08:	eb01 02c2 	add.w	r2, r1, r2, lsl #3
34188b0c:	ed92 5b00 	vldr	d5, [r2]
34188b10:	ee26 5b05 	vmul.f64	d5, d6, d5
34188b14:	f000 8340 	beq.w	34189198 <_dtoa_r+0xdd8>
34188b18:	4a0e      	ldr	r2, [pc, #56]	@ (34188b54 <_dtoa_r+0x794>)
34188b1a:	2102      	movs	r1, #2
34188b1c:	e001      	b.n	34188b22 <_dtoa_r+0x762>
34188b1e:	105b      	asrs	r3, r3, #1
34188b20:	3208      	adds	r2, #8
34188b22:	07de      	lsls	r6, r3, #31
34188b24:	d403      	bmi.n	34188b2e <_dtoa_r+0x76e>
34188b26:	105b      	asrs	r3, r3, #1
34188b28:	3208      	adds	r2, #8
34188b2a:	07d8      	lsls	r0, r3, #31
34188b2c:	d5f7      	bpl.n	34188b1e <_dtoa_r+0x75e>
34188b2e:	105b      	asrs	r3, r3, #1
34188b30:	f101 0101 	add.w	r1, r1, #1
34188b34:	ed92 7b00 	vldr	d7, [r2]
34188b38:	ee25 5b07 	vmul.f64	d5, d5, d7
34188b3c:	f43f af1f 	beq.w	3418897e <_dtoa_r+0x5be>
34188b40:	3208      	adds	r2, #8
34188b42:	e7f2      	b.n	34188b2a <_dtoa_r+0x76a>
34188b44:	9b04      	ldr	r3, [sp, #16]
34188b46:	46d3      	mov	fp, sl
34188b48:	ea6f 0803 	mvn.w	r8, r3
34188b4c:	e5fb      	b.n	34188746 <_dtoa_r+0x386>
34188b4e:	bf00      	nop
34188b50:	3418b578 	.word	0x3418b578
34188b54:	3418b550 	.word	0x3418b550
34188b58:	2301      	movs	r3, #1
34188b5a:	2100      	movs	r1, #0
34188b5c:	4699      	mov	r9, r3
34188b5e:	63e1      	str	r1, [r4, #60]	@ 0x3c
34188b60:	930e      	str	r3, [sp, #56]	@ 0x38
34188b62:	9304      	str	r3, [sp, #16]
34188b64:	e65f      	b.n	34188826 <_dtoa_r+0x466>
34188b66:	4601      	mov	r1, r0
34188b68:	461a      	mov	r2, r3
34188b6a:	4620      	mov	r0, r4
34188b6c:	f000 fd24 	bl	341895b8 <__pow5mult>
34188b70:	f1bb 0f01 	cmp.w	fp, #1
34188b74:	4607      	mov	r7, r0
34188b76:	f340 821a 	ble.w	34188fae <_dtoa_r+0xbee>
34188b7a:	2300      	movs	r3, #0
34188b7c:	9309      	str	r3, [sp, #36]	@ 0x24
34188b7e:	693b      	ldr	r3, [r7, #16]
34188b80:	eb07 0383 	add.w	r3, r7, r3, lsl #2
34188b84:	6918      	ldr	r0, [r3, #16]
34188b86:	f000 fbbb 	bl	34189300 <__hi0bits>
34188b8a:	f1c0 0320 	rsb	r3, r0, #32
34188b8e:	e58b      	b.n	341886a8 <_dtoa_r+0x2e8>
34188b90:	4639      	mov	r1, r7
34188b92:	4628      	mov	r0, r5
34188b94:	f000 fdde 	bl	34189754 <__mcmp>
34188b98:	2800      	cmp	r0, #0
34188b9a:	f6bf adb3 	bge.w	34188704 <_dtoa_r+0x344>
34188b9e:	4629      	mov	r1, r5
34188ba0:	9d00      	ldr	r5, [sp, #0]
34188ba2:	2300      	movs	r3, #0
34188ba4:	220a      	movs	r2, #10
34188ba6:	3d01      	subs	r5, #1
34188ba8:	4620      	mov	r0, r4
34188baa:	9507      	str	r5, [sp, #28]
34188bac:	f000 fb54 	bl	34189258 <__multadd>
34188bb0:	9b0e      	ldr	r3, [sp, #56]	@ 0x38
34188bb2:	4605      	mov	r5, r0
34188bb4:	2b00      	cmp	r3, #0
34188bb6:	bfcc      	ite	gt
34188bb8:	f04f 0800 	movgt.w	r8, #0
34188bbc:	f008 0801 	andle.w	r8, r8, #1
34188bc0:	9b08      	ldr	r3, [sp, #32]
34188bc2:	2b00      	cmp	r3, #0
34188bc4:	f040 80ce 	bne.w	34188d64 <_dtoa_r+0x9a4>
34188bc8:	f1b8 0f00 	cmp.w	r8, #0
34188bcc:	f040 82d7 	bne.w	3418917e <_dtoa_r+0xdbe>
34188bd0:	9b00      	ldr	r3, [sp, #0]
34188bd2:	f8dd 9038 	ldr.w	r9, [sp, #56]	@ 0x38
34188bd6:	9302      	str	r3, [sp, #8]
34188bd8:	9b07      	ldr	r3, [sp, #28]
34188bda:	9300      	str	r3, [sp, #0]
34188bdc:	e67b      	b.n	341888d6 <_dtoa_r+0x516>
34188bde:	eeb0 4b46 	vmov.f64	d4, d6
34188be2:	2102      	movs	r1, #2
34188be4:	e64a      	b.n	3418887c <_dtoa_r+0x4bc>
34188be6:	f1bb 0f01 	cmp.w	fp, #1
34188bea:	f77f ad0d 	ble.w	34188608 <_dtoa_r+0x248>
34188bee:	f109 37ff 	add.w	r7, r9, #4294967295	@ 0xffffffff
34188bf2:	9b08      	ldr	r3, [sp, #32]
34188bf4:	42bb      	cmp	r3, r7
34188bf6:	f2c0 81be 	blt.w	34188f76 <_dtoa_r+0xbb6>
34188bfa:	f1b9 0f00 	cmp.w	r9, #0
34188bfe:	eba3 0707 	sub.w	r7, r3, r7
34188c02:	f280 82c2 	bge.w	3418918a <_dtoa_r+0xdca>
34188c06:	9b07      	ldr	r3, [sp, #28]
34188c08:	eba3 0309 	sub.w	r3, r3, r9
34188c0c:	930b      	str	r3, [sp, #44]	@ 0x2c
34188c0e:	e508      	b.n	34188622 <_dtoa_r+0x262>
34188c10:	9b02      	ldr	r3, [sp, #8]
34188c12:	2b00      	cmp	r3, #0
34188c14:	f47f ad47 	bne.w	341886a6 <_dtoa_r+0x2e6>
34188c18:	9b03      	ldr	r3, [sp, #12]
34188c1a:	f3c3 0313 	ubfx	r3, r3, #0, #20
34188c1e:	2b00      	cmp	r3, #0
34188c20:	f47f ad41 	bne.w	341886a6 <_dtoa_r+0x2e6>
34188c24:	9b03      	ldr	r3, [sp, #12]
34188c26:	f023 4300 	bic.w	r3, r3, #2147483648	@ 0x80000000
34188c2a:	0d1b      	lsrs	r3, r3, #20
34188c2c:	051b      	lsls	r3, r3, #20
34188c2e:	2b00      	cmp	r3, #0
34188c30:	f43f ad39 	beq.w	341886a6 <_dtoa_r+0x2e6>
34188c34:	9b07      	ldr	r3, [sp, #28]
34188c36:	f108 0801 	add.w	r8, r8, #1
34188c3a:	3301      	adds	r3, #1
34188c3c:	9307      	str	r3, [sp, #28]
34188c3e:	2301      	movs	r3, #1
34188c40:	9309      	str	r3, [sp, #36]	@ 0x24
34188c42:	e531      	b.n	341886a8 <_dtoa_r+0x2e8>
34188c44:	2100      	movs	r1, #0
34188c46:	4620      	mov	r0, r4
34188c48:	46d3      	mov	fp, sl
34188c4a:	f000 fafb 	bl	34189244 <_Bfree>
34188c4e:	9b04      	ldr	r3, [sp, #16]
34188c50:	425b      	negs	r3, r3
34188c52:	9302      	str	r3, [sp, #8]
34188c54:	e583      	b.n	3418875e <_dtoa_r+0x39e>
34188c56:	2e01      	cmp	r6, #1
34188c58:	ee24 2b03 	vmul.f64	d2, d4, d3
34188c5c:	f000 828d 	beq.w	3418917a <_dtoa_r+0xdba>
34188c60:	eeb2 3b04 	vmov.f64	d3, #36	@ 0x41200000  10.0
34188c64:	eb0a 0706 	add.w	r7, sl, r6
34188c68:	4618      	mov	r0, r3
34188c6a:	ee27 7b03 	vmul.f64	d7, d7, d3
34188c6e:	eefd 5bc7 	vcvt.s32.f64	s11, d7
34188c72:	ee15 2a90 	vmov	r2, s11
34188c76:	eeb8 4be5 	vcvt.f64.s32	d4, s11
34188c7a:	3230      	adds	r2, #48	@ 0x30
34188c7c:	ee37 7b44 	vsub.f64	d7, d7, d4
34188c80:	f800 2b01 	strb.w	r2, [r0], #1
34188c84:	4287      	cmp	r7, r0
34188c86:	d1f0      	bne.n	34188c6a <_dtoa_r+0x8aa>
34188c88:	1e5a      	subs	r2, r3, #1
34188c8a:	4432      	add	r2, r6
34188c8c:	eeb6 5b00 	vmov.f64	d5, #96	@ 0x3f000000  0.5
34188c90:	ee32 4b05 	vadd.f64	d4, d2, d5
34188c94:	eeb4 4bc7 	vcmpe.f64	d4, d7
34188c98:	eef1 fa10 	vmrs	APSR_nzcv, fpscr
34188c9c:	f100 81bd 	bmi.w	3418901a <_dtoa_r+0xc5a>
34188ca0:	ee35 5b42 	vsub.f64	d5, d5, d2
34188ca4:	eeb4 5bc7 	vcmpe.f64	d5, d7
34188ca8:	eef1 fa10 	vmrs	APSR_nzcv, fpscr
34188cac:	dc40      	bgt.n	34188d30 <_dtoa_r+0x970>
34188cae:	9a11      	ldr	r2, [sp, #68]	@ 0x44
34188cb0:	2a00      	cmp	r2, #0
34188cb2:	f6ff af08 	blt.w	34188ac6 <_dtoa_r+0x706>
34188cb6:	9a00      	ldr	r2, [sp, #0]
34188cb8:	2a0e      	cmp	r2, #14
34188cba:	f73f af04 	bgt.w	34188ac6 <_dtoa_r+0x706>
34188cbe:	9a00      	ldr	r2, [sp, #0]
34188cc0:	eb01 01c2 	add.w	r1, r1, r2, lsl #3
34188cc4:	ed91 5b00 	vldr	d5, [r1]
34188cc8:	ee86 7b05 	vdiv.f64	d7, d6, d5
34188ccc:	f1b9 0f01 	cmp.w	r9, #1
34188cd0:	eebd 7bc7 	vcvt.s32.f64	s14, d7
34188cd4:	ee17 2a10 	vmov	r2, s14
34188cd8:	eeb8 4bc7 	vcvt.f64.s32	d4, s14
34188cdc:	f102 0230 	add.w	r2, r2, #48	@ 0x30
34188ce0:	eea4 6b45 	vfms.f64	d6, d4, d5
34188ce4:	f88a 2000 	strb.w	r2, [sl]
34188ce8:	f000 81e5 	beq.w	341890b6 <_dtoa_r+0xcf6>
34188cec:	f1c3 0101 	rsb	r1, r3, #1
34188cf0:	eeb2 3b04 	vmov.f64	d3, #36	@ 0x41200000  10.0
34188cf4:	e010      	b.n	34188d18 <_dtoa_r+0x958>
34188cf6:	ee86 7b05 	vdiv.f64	d7, d6, d5
34188cfa:	eebd 7bc7 	vcvt.s32.f64	s14, d7
34188cfe:	ee17 2a10 	vmov	r2, s14
34188d02:	eeb8 4bc7 	vcvt.f64.s32	d4, s14
34188d06:	3230      	adds	r2, #48	@ 0x30
34188d08:	eea4 6b45 	vfms.f64	d6, d4, d5
34188d0c:	f803 2b01 	strb.w	r2, [r3], #1
34188d10:	185a      	adds	r2, r3, r1
34188d12:	454a      	cmp	r2, r9
34188d14:	f000 81cf 	beq.w	341890b6 <_dtoa_r+0xcf6>
34188d18:	ee26 6b03 	vmul.f64	d6, d6, d3
34188d1c:	eeb5 6b40 	vcmp.f64	d6, #0.0
34188d20:	eef1 fa10 	vmrs	APSR_nzcv, fpscr
34188d24:	d1e7      	bne.n	34188cf6 <_dtoa_r+0x936>
34188d26:	9a00      	ldr	r2, [sp, #0]
34188d28:	469b      	mov	fp, r3
34188d2a:	3201      	adds	r2, #1
34188d2c:	9202      	str	r2, [sp, #8]
34188d2e:	e516      	b.n	3418875e <_dtoa_r+0x39e>
34188d30:	f812 3c01 	ldrb.w	r3, [r2, #-1]
34188d34:	4693      	mov	fp, r2
34188d36:	3a01      	subs	r2, #1
34188d38:	2b30      	cmp	r3, #48	@ 0x30
34188d3a:	d0f9      	beq.n	34188d30 <_dtoa_r+0x970>
34188d3c:	e692      	b.n	34188a64 <_dtoa_r+0x6a4>
34188d3e:	2b1c      	cmp	r3, #28
34188d40:	f43f acc3 	beq.w	341886ca <_dtoa_r+0x30a>
34188d44:	f1c3 033c 	rsb	r3, r3, #60	@ 0x3c
34188d48:	e4b8      	b.n	341886bc <_dtoa_r+0x2fc>
34188d4a:	9e08      	ldr	r6, [sp, #32]
34188d4c:	b13e      	cbz	r6, 34188d5e <_dtoa_r+0x99e>
34188d4e:	4629      	mov	r1, r5
34188d50:	9a08      	ldr	r2, [sp, #32]
34188d52:	4620      	mov	r0, r4
34188d54:	2600      	movs	r6, #0
34188d56:	f000 fc2f 	bl	341895b8 <__pow5mult>
34188d5a:	4605      	mov	r5, r0
34188d5c:	9608      	str	r6, [sp, #32]
34188d5e:	9b07      	ldr	r3, [sp, #28]
34188d60:	930b      	str	r3, [sp, #44]	@ 0x2c
34188d62:	e493      	b.n	3418868c <_dtoa_r+0x2cc>
34188d64:	4631      	mov	r1, r6
34188d66:	2300      	movs	r3, #0
34188d68:	220a      	movs	r2, #10
34188d6a:	4620      	mov	r0, r4
34188d6c:	f000 fa74 	bl	34189258 <__multadd>
34188d70:	9b07      	ldr	r3, [sp, #28]
34188d72:	4606      	mov	r6, r0
34188d74:	f8dd 9038 	ldr.w	r9, [sp, #56]	@ 0x38
34188d78:	9300      	str	r3, [sp, #0]
34188d7a:	f1b8 0f00 	cmp.w	r8, #0
34188d7e:	f47f acc9 	bne.w	34188714 <_dtoa_r+0x354>
34188d82:	9b0b      	ldr	r3, [sp, #44]	@ 0x2c
34188d84:	2b00      	cmp	r3, #0
34188d86:	dd05      	ble.n	34188d94 <_dtoa_r+0x9d4>
34188d88:	4631      	mov	r1, r6
34188d8a:	461a      	mov	r2, r3
34188d8c:	4620      	mov	r0, r4
34188d8e:	f000 fc6f 	bl	34189670 <__lshift>
34188d92:	4606      	mov	r6, r0
34188d94:	9b09      	ldr	r3, [sp, #36]	@ 0x24
34188d96:	2b00      	cmp	r3, #0
34188d98:	f040 8141 	bne.w	3418901e <_dtoa_r+0xc5e>
34188d9c:	9607      	str	r6, [sp, #28]
34188d9e:	f10a 33ff 	add.w	r3, sl, #4294967295	@ 0xffffffff
34188da2:	f8cd a038 	str.w	sl, [sp, #56]	@ 0x38
34188da6:	f8cd b020 	str.w	fp, [sp, #32]
34188daa:	444b      	add	r3, r9
34188dac:	46d1      	mov	r9, sl
34188dae:	46ba      	mov	sl, r7
34188db0:	9f07      	ldr	r7, [sp, #28]
34188db2:	9309      	str	r3, [sp, #36]	@ 0x24
34188db4:	9b02      	ldr	r3, [sp, #8]
34188db6:	f003 0301 	and.w	r3, r3, #1
34188dba:	930b      	str	r3, [sp, #44]	@ 0x2c
34188dbc:	4651      	mov	r1, sl
34188dbe:	4628      	mov	r0, r5
34188dc0:	f7ff fa60 	bl	34188284 <quorem>
34188dc4:	4631      	mov	r1, r6
34188dc6:	900a      	str	r0, [sp, #40]	@ 0x28
34188dc8:	f100 0b30 	add.w	fp, r0, #48	@ 0x30
34188dcc:	4628      	mov	r0, r5
34188dce:	f000 fcc1 	bl	34189754 <__mcmp>
34188dd2:	4651      	mov	r1, sl
34188dd4:	4680      	mov	r8, r0
34188dd6:	463a      	mov	r2, r7
34188dd8:	4620      	mov	r0, r4
34188dda:	f000 fcdb 	bl	34189794 <__mdiff>
34188dde:	68c3      	ldr	r3, [r0, #12]
34188de0:	4601      	mov	r1, r0
34188de2:	2b00      	cmp	r3, #0
34188de4:	d136      	bne.n	34188e54 <_dtoa_r+0xa94>
34188de6:	9007      	str	r0, [sp, #28]
34188de8:	4628      	mov	r0, r5
34188dea:	f000 fcb3 	bl	34189754 <__mcmp>
34188dee:	9907      	ldr	r1, [sp, #28]
34188df0:	9004      	str	r0, [sp, #16]
34188df2:	4620      	mov	r0, r4
34188df4:	f000 fa26 	bl	34189244 <_Bfree>
34188df8:	9a08      	ldr	r2, [sp, #32]
34188dfa:	9b04      	ldr	r3, [sp, #16]
34188dfc:	431a      	orrs	r2, r3
34188dfe:	d161      	bne.n	34188ec4 <_dtoa_r+0xb04>
34188e00:	9b0b      	ldr	r3, [sp, #44]	@ 0x2c
34188e02:	2b00      	cmp	r3, #0
34188e04:	f000 81ad 	beq.w	34189162 <_dtoa_r+0xda2>
34188e08:	f1b8 0f00 	cmp.w	r8, #0
34188e0c:	f2c0 81a3 	blt.w	34189156 <_dtoa_r+0xd96>
34188e10:	9b09      	ldr	r3, [sp, #36]	@ 0x24
34188e12:	46c8      	mov	r8, r9
34188e14:	454b      	cmp	r3, r9
34188e16:	f808 bb01 	strb.w	fp, [r8], #1
34188e1a:	f000 816c 	beq.w	341890f6 <_dtoa_r+0xd36>
34188e1e:	4629      	mov	r1, r5
34188e20:	2300      	movs	r3, #0
34188e22:	220a      	movs	r2, #10
34188e24:	4620      	mov	r0, r4
34188e26:	f000 fa17 	bl	34189258 <__multadd>
34188e2a:	42be      	cmp	r6, r7
34188e2c:	4605      	mov	r5, r0
34188e2e:	4631      	mov	r1, r6
34188e30:	f04f 0300 	mov.w	r3, #0
34188e34:	f04f 020a 	mov.w	r2, #10
34188e38:	4620      	mov	r0, r4
34188e3a:	d03d      	beq.n	34188eb8 <_dtoa_r+0xaf8>
34188e3c:	f000 fa0c 	bl	34189258 <__multadd>
34188e40:	4639      	mov	r1, r7
34188e42:	4606      	mov	r6, r0
34188e44:	2300      	movs	r3, #0
34188e46:	220a      	movs	r2, #10
34188e48:	4620      	mov	r0, r4
34188e4a:	f000 fa05 	bl	34189258 <__multadd>
34188e4e:	46c1      	mov	r9, r8
34188e50:	4607      	mov	r7, r0
34188e52:	e7b3      	b.n	34188dbc <_dtoa_r+0x9fc>
34188e54:	4620      	mov	r0, r4
34188e56:	f8cd b010 	str.w	fp, [sp, #16]
34188e5a:	9707      	str	r7, [sp, #28]
34188e5c:	4657      	mov	r7, sl
34188e5e:	f8dd b020 	ldr.w	fp, [sp, #32]
34188e62:	f8dd a038 	ldr.w	sl, [sp, #56]	@ 0x38
34188e66:	f000 f9ed 	bl	34189244 <_Bfree>
34188e6a:	f1b8 0f00 	cmp.w	r8, #0
34188e6e:	9b04      	ldr	r3, [sp, #16]
34188e70:	db06      	blt.n	34188e80 <_dtoa_r+0xac0>
34188e72:	9a02      	ldr	r2, [sp, #8]
34188e74:	f002 0101 	and.w	r1, r2, #1
34188e78:	ea48 020b 	orr.w	r2, r8, fp
34188e7c:	4311      	orrs	r1, r2
34188e7e:	d134      	bne.n	34188eea <_dtoa_r+0xb2a>
34188e80:	4629      	mov	r1, r5
34188e82:	2201      	movs	r2, #1
34188e84:	4620      	mov	r0, r4
34188e86:	9302      	str	r3, [sp, #8]
34188e88:	f000 fbf2 	bl	34189670 <__lshift>
34188e8c:	4639      	mov	r1, r7
34188e8e:	4605      	mov	r5, r0
34188e90:	f000 fc60 	bl	34189754 <__mcmp>
34188e94:	2800      	cmp	r0, #0
34188e96:	9b02      	ldr	r3, [sp, #8]
34188e98:	f340 8181 	ble.w	3418919e <_dtoa_r+0xdde>
34188e9c:	2b39      	cmp	r3, #57	@ 0x39
34188e9e:	f000 8138 	beq.w	34189112 <_dtoa_r+0xd52>
34188ea2:	9b0a      	ldr	r3, [sp, #40]	@ 0x28
34188ea4:	3331      	adds	r3, #49	@ 0x31
34188ea6:	46cb      	mov	fp, r9
34188ea8:	f80b 3b01 	strb.w	r3, [fp], #1
34188eac:	9b00      	ldr	r3, [sp, #0]
34188eae:	9604      	str	r6, [sp, #16]
34188eb0:	3301      	adds	r3, #1
34188eb2:	9e07      	ldr	r6, [sp, #28]
34188eb4:	9302      	str	r3, [sp, #8]
34188eb6:	e54b      	b.n	34188950 <_dtoa_r+0x590>
34188eb8:	f000 f9ce 	bl	34189258 <__multadd>
34188ebc:	46c1      	mov	r9, r8
34188ebe:	4606      	mov	r6, r0
34188ec0:	4607      	mov	r7, r0
34188ec2:	e77b      	b.n	34188dbc <_dtoa_r+0x9fc>
34188ec4:	f1b8 0f00 	cmp.w	r8, #0
34188ec8:	f2c0 812c 	blt.w	34189124 <_dtoa_r+0xd64>
34188ecc:	9a08      	ldr	r2, [sp, #32]
34188ece:	ea48 0802 	orr.w	r8, r8, r2
34188ed2:	9a0b      	ldr	r2, [sp, #44]	@ 0x2c
34188ed4:	ea52 0808 	orrs.w	r8, r2, r8
34188ed8:	f000 8124 	beq.w	34189124 <_dtoa_r+0xd64>
34188edc:	2b00      	cmp	r3, #0
34188ede:	dd97      	ble.n	34188e10 <_dtoa_r+0xa50>
34188ee0:	9707      	str	r7, [sp, #28]
34188ee2:	465b      	mov	r3, fp
34188ee4:	4657      	mov	r7, sl
34188ee6:	f8dd a038 	ldr.w	sl, [sp, #56]	@ 0x38
34188eea:	2b39      	cmp	r3, #57	@ 0x39
34188eec:	f000 8111 	beq.w	34189112 <_dtoa_r+0xd52>
34188ef0:	46cb      	mov	fp, r9
34188ef2:	3301      	adds	r3, #1
34188ef4:	e7d8      	b.n	34188ea8 <_dtoa_r+0xae8>
34188ef6:	f1c3 0301 	rsb	r3, r3, #1
34188efa:	9307      	str	r3, [sp, #28]
34188efc:	9b00      	ldr	r3, [sp, #0]
34188efe:	4698      	mov	r8, r3
34188f00:	9309      	str	r3, [sp, #36]	@ 0x24
34188f02:	2300      	movs	r3, #0
34188f04:	930a      	str	r3, [sp, #40]	@ 0x28
34188f06:	f7ff baf9 	b.w	341884fc <_dtoa_r+0x13c>
34188f0a:	eeb0 5b46 	vmov.f64	d5, d6
34188f0e:	2102      	movs	r1, #2
34188f10:	e535      	b.n	3418897e <_dtoa_r+0x5be>
34188f12:	f1b9 0f00 	cmp.w	r9, #0
34188f16:	f43f ada9 	beq.w	34188a6c <_dtoa_r+0x6ac>
34188f1a:	9e0e      	ldr	r6, [sp, #56]	@ 0x38
34188f1c:	2e00      	cmp	r6, #0
34188f1e:	f77f adc7 	ble.w	34188ab0 <_dtoa_r+0x6f0>
34188f22:	eeb2 3b04 	vmov.f64	d3, #36	@ 0x41200000  10.0
34188f26:	3101      	adds	r1, #1
34188f28:	eeb1 4b0c 	vmov.f64	d4, #28	@ 0x40e00000  7.0
34188f2c:	9b00      	ldr	r3, [sp, #0]
34188f2e:	ee07 1a90 	vmov	s15, r1
34188f32:	ee25 5b03 	vmul.f64	d5, d5, d3
34188f36:	f103 3cff 	add.w	ip, r3, #4294967295	@ 0xffffffff
34188f3a:	eeb8 7be7 	vcvt.f64.s32	d7, s15
34188f3e:	eea5 4b07 	vfma.f64	d4, d5, d7
34188f42:	ee14 1a90 	vmov	r1, s9
34188f46:	ec53 2b14 	vmov	r2, r3, d4
34188f4a:	f1a1 7350 	sub.w	r3, r1, #54525952	@ 0x3400000
34188f4e:	e534      	b.n	341889ba <_dtoa_r+0x5fa>
34188f50:	9b08      	ldr	r3, [sp, #32]
34188f52:	2b00      	cmp	r3, #0
34188f54:	f43f ab98 	beq.w	34188688 <_dtoa_r+0x2c8>
34188f58:	f7ff bb7e 	b.w	34188658 <_dtoa_r+0x298>
34188f5c:	46d3      	mov	fp, sl
34188f5e:	2331      	movs	r3, #49	@ 0x31
34188f60:	2100      	movs	r1, #0
34188f62:	f80b 3b01 	strb.w	r3, [fp], #1
34188f66:	4620      	mov	r0, r4
34188f68:	f000 f96c 	bl	34189244 <_Bfree>
34188f6c:	9b00      	ldr	r3, [sp, #0]
34188f6e:	3302      	adds	r3, #2
34188f70:	9302      	str	r3, [sp, #8]
34188f72:	f7ff bbf4 	b.w	3418875e <_dtoa_r+0x39e>
34188f76:	9b08      	ldr	r3, [sp, #32]
34188f78:	2101      	movs	r1, #1
34188f7a:	9a09      	ldr	r2, [sp, #36]	@ 0x24
34188f7c:	4620      	mov	r0, r4
34188f7e:	1afb      	subs	r3, r7, r3
34188f80:	44c8      	add	r8, r9
34188f82:	441a      	add	r2, r3
34188f84:	9209      	str	r2, [sp, #36]	@ 0x24
34188f86:	f000 fa25 	bl	341893d4 <__i2b>
34188f8a:	9b07      	ldr	r3, [sp, #28]
34188f8c:	4606      	mov	r6, r0
34188f8e:	2b00      	cmp	r3, #0
34188f90:	f040 8083 	bne.w	3418909a <_dtoa_r+0xcda>
34188f94:	930b      	str	r3, [sp, #44]	@ 0x2c
34188f96:	f8cd 901c 	str.w	r9, [sp, #28]
34188f9a:	4629      	mov	r1, r5
34188f9c:	463a      	mov	r2, r7
34188f9e:	4620      	mov	r0, r4
34188fa0:	f000 fb0a 	bl	341895b8 <__pow5mult>
34188fa4:	2301      	movs	r3, #1
34188fa6:	4605      	mov	r5, r0
34188fa8:	9308      	str	r3, [sp, #32]
34188faa:	f7ff bb6f 	b.w	3418868c <_dtoa_r+0x2cc>
34188fae:	9b02      	ldr	r3, [sp, #8]
34188fb0:	2b00      	cmp	r3, #0
34188fb2:	f47f ade2 	bne.w	34188b7a <_dtoa_r+0x7ba>
34188fb6:	e9dd 1202 	ldrd	r1, r2, [sp, #8]
34188fba:	f3c2 0313 	ubfx	r3, r2, #0, #20
34188fbe:	2b00      	cmp	r3, #0
34188fc0:	f000 80b9 	beq.w	34189136 <_dtoa_r+0xd76>
34188fc4:	9109      	str	r1, [sp, #36]	@ 0x24
34188fc6:	e5da      	b.n	34188b7e <_dtoa_r+0x7be>
34188fc8:	4b7d      	ldr	r3, [pc, #500]	@ (341891c0 <_dtoa_r+0xe00>)
34188fca:	f04f 39ff 	mov.w	r9, #4294967295	@ 0xffffffff
34188fce:	9a00      	ldr	r2, [sp, #0]
34188fd0:	eb03 03c2 	add.w	r3, r3, r2, lsl #3
34188fd4:	ed93 5b00 	vldr	d5, [r3]
34188fd8:	f10a 0301 	add.w	r3, sl, #1
34188fdc:	e674      	b.n	34188cc8 <_dtoa_r+0x908>
34188fde:	d103      	bne.n	34188fe8 <_dtoa_r+0xc28>
34188fe0:	9b07      	ldr	r3, [sp, #28]
34188fe2:	07db      	lsls	r3, r3, #31
34188fe4:	f53f acaa 	bmi.w	3418893c <_dtoa_r+0x57c>
34188fe8:	46cb      	mov	fp, r9
34188fea:	f819 3d01 	ldrb.w	r3, [r9, #-1]!
34188fee:	2b30      	cmp	r3, #48	@ 0x30
34188ff0:	d0fa      	beq.n	34188fe8 <_dtoa_r+0xc28>
34188ff2:	e4ad      	b.n	34188950 <_dtoa_r+0x590>
34188ff4:	9b00      	ldr	r3, [sp, #0]
34188ff6:	3302      	adds	r3, #2
34188ff8:	9302      	str	r3, [sp, #8]
34188ffa:	2331      	movs	r3, #49	@ 0x31
34188ffc:	f88a 3000 	strb.w	r3, [sl]
34189000:	e4a6      	b.n	34188950 <_dtoa_r+0x590>
34189002:	f10c 0c01 	add.w	ip, ip, #1
34189006:	2231      	movs	r2, #49	@ 0x31
34189008:	e52b      	b.n	34188a62 <_dtoa_r+0x6a2>
3418900a:	9f08      	ldr	r7, [sp, #32]
3418900c:	e7c5      	b.n	34188f9a <_dtoa_r+0xbda>
3418900e:	f10c 0201 	add.w	r2, ip, #1
34189012:	469b      	mov	fp, r3
34189014:	9202      	str	r2, [sp, #8]
34189016:	f7ff bba2 	b.w	3418875e <_dtoa_r+0x39e>
3418901a:	4613      	mov	r3, r2
3418901c:	e51b      	b.n	34188a56 <_dtoa_r+0x696>
3418901e:	6871      	ldr	r1, [r6, #4]
34189020:	4620      	mov	r0, r4
34189022:	f000 f8e9 	bl	341891f8 <_Balloc>
34189026:	4680      	mov	r8, r0
34189028:	2800      	cmp	r0, #0
3418902a:	f000 80c2 	beq.w	341891b2 <_dtoa_r+0xdf2>
3418902e:	6933      	ldr	r3, [r6, #16]
34189030:	f106 010c 	add.w	r1, r6, #12
34189034:	300c      	adds	r0, #12
34189036:	3302      	adds	r3, #2
34189038:	009a      	lsls	r2, r3, #2
3418903a:	f7fb fca9 	bl	34184990 <memcpy>
3418903e:	4641      	mov	r1, r8
34189040:	2201      	movs	r2, #1
34189042:	4620      	mov	r0, r4
34189044:	f000 fb14 	bl	34189670 <__lshift>
34189048:	9007      	str	r0, [sp, #28]
3418904a:	e6a8      	b.n	34188d9e <_dtoa_r+0x9de>
3418904c:	9a00      	ldr	r2, [sp, #0]
3418904e:	9b11      	ldr	r3, [sp, #68]	@ 0x44
34189050:	2a0e      	cmp	r2, #14
34189052:	f73f adc8 	bgt.w	34188be6 <_dtoa_r+0x826>
34189056:	2b00      	cmp	r3, #0
34189058:	f6ff adc5 	blt.w	34188be6 <_dtoa_r+0x826>
3418905c:	9b00      	ldr	r3, [sp, #0]
3418905e:	eb01 01c3 	add.w	r1, r1, r3, lsl #3
34189062:	9b04      	ldr	r3, [sp, #16]
34189064:	2b00      	cmp	r3, #0
34189066:	ed91 5b00 	vldr	d5, [r1]
3418906a:	dab5      	bge.n	34188fd8 <_dtoa_r+0xc18>
3418906c:	f1b9 0f00 	cmp.w	r9, #0
34189070:	dcb2      	bgt.n	34188fd8 <_dtoa_r+0xc18>
34189072:	f1b9 0f00 	cmp.w	r9, #0
34189076:	f47f ade5 	bne.w	34188c44 <_dtoa_r+0x884>
3418907a:	eeb1 7b04 	vmov.f64	d7, #20	@ 0x40a00000  5.0
3418907e:	4649      	mov	r1, r9
34189080:	ee25 7b07 	vmul.f64	d7, d5, d7
34189084:	eeb4 6bc7 	vcmpe.f64	d6, d7
34189088:	eef1 fa10 	vmrs	APSR_nzcv, fpscr
3418908c:	f67f addb 	bls.w	34188c46 <_dtoa_r+0x886>
34189090:	46d3      	mov	fp, sl
34189092:	2331      	movs	r3, #49	@ 0x31
34189094:	f80b 3b01 	strb.w	r3, [fp], #1
34189098:	e765      	b.n	34188f66 <_dtoa_r+0xba6>
3418909a:	9907      	ldr	r1, [sp, #28]
3418909c:	4541      	cmp	r1, r8
3418909e:	460b      	mov	r3, r1
341890a0:	eb01 0209 	add.w	r2, r1, r9
341890a4:	bfa8      	it	ge
341890a6:	4643      	movge	r3, r8
341890a8:	1ac9      	subs	r1, r1, r3
341890aa:	eba8 0803 	sub.w	r8, r8, r3
341890ae:	1ad3      	subs	r3, r2, r3
341890b0:	910b      	str	r1, [sp, #44]	@ 0x2c
341890b2:	9307      	str	r3, [sp, #28]
341890b4:	e771      	b.n	34188f9a <_dtoa_r+0xbda>
341890b6:	ee36 6b06 	vadd.f64	d6, d6, d6
341890ba:	9a00      	ldr	r2, [sp, #0]
341890bc:	3201      	adds	r2, #1
341890be:	eeb4 6bc5 	vcmpe.f64	d6, d5
341890c2:	9202      	str	r2, [sp, #8]
341890c4:	eef1 fa10 	vmrs	APSR_nzcv, fpscr
341890c8:	dc08      	bgt.n	341890dc <_dtoa_r+0xd1c>
341890ca:	eeb4 6b45 	vcmp.f64	d6, d5
341890ce:	eef1 fa10 	vmrs	APSR_nzcv, fpscr
341890d2:	d106      	bne.n	341890e2 <_dtoa_r+0xd22>
341890d4:	ee17 2a10 	vmov	r2, s14
341890d8:	07d1      	lsls	r1, r2, #31
341890da:	d502      	bpl.n	341890e2 <_dtoa_r+0xd22>
341890dc:	f8dd c000 	ldr.w	ip, [sp]
341890e0:	e4b9      	b.n	34188a56 <_dtoa_r+0x696>
341890e2:	469b      	mov	fp, r3
341890e4:	f7ff bb3b 	b.w	3418875e <_dtoa_r+0x39e>
341890e8:	4b36      	ldr	r3, [pc, #216]	@ (341891c4 <_dtoa_r+0xe04>)
341890ea:	2200      	movs	r2, #0
341890ec:	f240 11af 	movw	r1, #431	@ 0x1af
341890f0:	4835      	ldr	r0, [pc, #212]	@ (341891c8 <_dtoa_r+0xe08>)
341890f2:	f000 fdaf 	bl	34189c54 <__assert_func>
341890f6:	463a      	mov	r2, r7
341890f8:	9604      	str	r6, [sp, #16]
341890fa:	4657      	mov	r7, sl
341890fc:	465b      	mov	r3, fp
341890fe:	4616      	mov	r6, r2
34189100:	9a00      	ldr	r2, [sp, #0]
34189102:	f8dd a038 	ldr.w	sl, [sp, #56]	@ 0x38
34189106:	46c1      	mov	r9, r8
34189108:	3201      	adds	r2, #1
3418910a:	9202      	str	r2, [sp, #8]
3418910c:	e406      	b.n	3418891c <_dtoa_r+0x55c>
3418910e:	492c      	ldr	r1, [pc, #176]	@ (341891c0 <_dtoa_r+0xe00>)
34189110:	e7a4      	b.n	3418905c <_dtoa_r+0xc9c>
34189112:	2339      	movs	r3, #57	@ 0x39
34189114:	9604      	str	r6, [sp, #16]
34189116:	9e07      	ldr	r6, [sp, #28]
34189118:	f809 3b01 	strb.w	r3, [r9], #1
3418911c:	9b00      	ldr	r3, [sp, #0]
3418911e:	3301      	adds	r3, #1
34189120:	9302      	str	r3, [sp, #8]
34189122:	e40b      	b.n	3418893c <_dtoa_r+0x57c>
34189124:	2b00      	cmp	r3, #0
34189126:	9707      	str	r7, [sp, #28]
34189128:	465b      	mov	r3, fp
3418912a:	4657      	mov	r7, sl
3418912c:	f8dd a038 	ldr.w	sl, [sp, #56]	@ 0x38
34189130:	f73f aea6 	bgt.w	34188e80 <_dtoa_r+0xac0>
34189134:	e6b7      	b.n	34188ea6 <_dtoa_r+0xae6>
34189136:	9b03      	ldr	r3, [sp, #12]
34189138:	f023 4300 	bic.w	r3, r3, #2147483648	@ 0x80000000
3418913c:	0d1b      	lsrs	r3, r3, #20
3418913e:	051b      	lsls	r3, r3, #20
34189140:	2b00      	cmp	r3, #0
34189142:	f43f ad1b 	beq.w	34188b7c <_dtoa_r+0x7bc>
34189146:	9b07      	ldr	r3, [sp, #28]
34189148:	f108 0801 	add.w	r8, r8, #1
3418914c:	3301      	adds	r3, #1
3418914e:	9307      	str	r3, [sp, #28]
34189150:	2301      	movs	r3, #1
34189152:	9309      	str	r3, [sp, #36]	@ 0x24
34189154:	e513      	b.n	34188b7e <_dtoa_r+0x7be>
34189156:	9707      	str	r7, [sp, #28]
34189158:	465b      	mov	r3, fp
3418915a:	4657      	mov	r7, sl
3418915c:	f8dd a038 	ldr.w	sl, [sp, #56]	@ 0x38
34189160:	e6a1      	b.n	34188ea6 <_dtoa_r+0xae6>
34189162:	465b      	mov	r3, fp
34189164:	9707      	str	r7, [sp, #28]
34189166:	4657      	mov	r7, sl
34189168:	f8dd a038 	ldr.w	sl, [sp, #56]	@ 0x38
3418916c:	2b39      	cmp	r3, #57	@ 0x39
3418916e:	d0d0      	beq.n	34189112 <_dtoa_r+0xd52>
34189170:	f1b8 0f00 	cmp.w	r8, #0
34189174:	f73f ae95 	bgt.w	34188ea2 <_dtoa_r+0xae2>
34189178:	e695      	b.n	34188ea6 <_dtoa_r+0xae6>
3418917a:	461a      	mov	r2, r3
3418917c:	e586      	b.n	34188c8c <_dtoa_r+0x8cc>
3418917e:	9b07      	ldr	r3, [sp, #28]
34189180:	f8dd 9038 	ldr.w	r9, [sp, #56]	@ 0x38
34189184:	9300      	str	r3, [sp, #0]
34189186:	f7ff bac5 	b.w	34188714 <_dtoa_r+0x354>
3418918a:	9b07      	ldr	r3, [sp, #28]
3418918c:	44c8      	add	r8, r9
3418918e:	930b      	str	r3, [sp, #44]	@ 0x2c
34189190:	444b      	add	r3, r9
34189192:	9307      	str	r3, [sp, #28]
34189194:	f7ff ba45 	b.w	34188622 <_dtoa_r+0x262>
34189198:	2102      	movs	r1, #2
3418919a:	f7ff bbf0 	b.w	3418897e <_dtoa_r+0x5be>
3418919e:	f47f ae82 	bne.w	34188ea6 <_dtoa_r+0xae6>
341891a2:	07da      	lsls	r2, r3, #31
341891a4:	f57f ae7f 	bpl.w	34188ea6 <_dtoa_r+0xae6>
341891a8:	e678      	b.n	34188e9c <_dtoa_r+0xadc>
341891aa:	2100      	movs	r1, #0
341891ac:	63e1      	str	r1, [r4, #60]	@ 0x3c
341891ae:	f7ff bb3a 	b.w	34188826 <_dtoa_r+0x466>
341891b2:	4602      	mov	r2, r0
341891b4:	4b03      	ldr	r3, [pc, #12]	@ (341891c4 <_dtoa_r+0xe04>)
341891b6:	f240 21ef 	movw	r1, #751	@ 0x2ef
341891ba:	4803      	ldr	r0, [pc, #12]	@ (341891c8 <_dtoa_r+0xe08>)
341891bc:	f000 fd4a 	bl	34189c54 <__assert_func>
341891c0:	3418b578 	.word	0x3418b578
341891c4:	3418b234 	.word	0x3418b234
341891c8:	3418b248 	.word	0x3418b248

341891cc <__ascii_mbtowc>:
341891cc:	b082      	sub	sp, #8
341891ce:	b149      	cbz	r1, 341891e4 <__ascii_mbtowc+0x18>
341891d0:	b15a      	cbz	r2, 341891ea <__ascii_mbtowc+0x1e>
341891d2:	b16b      	cbz	r3, 341891f0 <__ascii_mbtowc+0x24>
341891d4:	7813      	ldrb	r3, [r2, #0]
341891d6:	600b      	str	r3, [r1, #0]
341891d8:	7812      	ldrb	r2, [r2, #0]
341891da:	1e10      	subs	r0, r2, #0
341891dc:	bf18      	it	ne
341891de:	2001      	movne	r0, #1
341891e0:	b002      	add	sp, #8
341891e2:	4770      	bx	lr
341891e4:	a901      	add	r1, sp, #4
341891e6:	2a00      	cmp	r2, #0
341891e8:	d1f3      	bne.n	341891d2 <__ascii_mbtowc+0x6>
341891ea:	4610      	mov	r0, r2
341891ec:	b002      	add	sp, #8
341891ee:	4770      	bx	lr
341891f0:	f06f 0001 	mvn.w	r0, #1
341891f4:	e7f4      	b.n	341891e0 <__ascii_mbtowc+0x14>
341891f6:	bf00      	nop

341891f8 <_Balloc>:
341891f8:	b538      	push	{r3, r4, r5, lr}
341891fa:	6c43      	ldr	r3, [r0, #68]	@ 0x44
341891fc:	4605      	mov	r5, r0
341891fe:	460c      	mov	r4, r1
34189200:	b14b      	cbz	r3, 34189216 <_Balloc+0x1e>
34189202:	f853 0024 	ldr.w	r0, [r3, r4, lsl #2]
34189206:	b180      	cbz	r0, 3418922a <_Balloc+0x32>
34189208:	6802      	ldr	r2, [r0, #0]
3418920a:	f843 2024 	str.w	r2, [r3, r4, lsl #2]
3418920e:	2300      	movs	r3, #0
34189210:	e9c0 3303 	strd	r3, r3, [r0, #12]
34189214:	bd38      	pop	{r3, r4, r5, pc}
34189216:	2221      	movs	r2, #33	@ 0x21
34189218:	2104      	movs	r1, #4
3418921a:	f000 fd3d 	bl	34189c98 <_calloc_r>
3418921e:	4603      	mov	r3, r0
34189220:	6468      	str	r0, [r5, #68]	@ 0x44
34189222:	2800      	cmp	r0, #0
34189224:	d1ed      	bne.n	34189202 <_Balloc+0xa>
34189226:	2000      	movs	r0, #0
34189228:	bd38      	pop	{r3, r4, r5, pc}
3418922a:	2101      	movs	r1, #1
3418922c:	4628      	mov	r0, r5
3418922e:	fa01 f504 	lsl.w	r5, r1, r4
34189232:	1d6a      	adds	r2, r5, #5
34189234:	0092      	lsls	r2, r2, #2
34189236:	f000 fd2f 	bl	34189c98 <_calloc_r>
3418923a:	2800      	cmp	r0, #0
3418923c:	d0f3      	beq.n	34189226 <_Balloc+0x2e>
3418923e:	e9c0 4501 	strd	r4, r5, [r0, #4]
34189242:	e7e4      	b.n	3418920e <_Balloc+0x16>

34189244 <_Bfree>:
34189244:	b131      	cbz	r1, 34189254 <_Bfree+0x10>
34189246:	6c43      	ldr	r3, [r0, #68]	@ 0x44
34189248:	684a      	ldr	r2, [r1, #4]
3418924a:	f853 0022 	ldr.w	r0, [r3, r2, lsl #2]
3418924e:	6008      	str	r0, [r1, #0]
34189250:	f843 1022 	str.w	r1, [r3, r2, lsl #2]
34189254:	4770      	bx	lr
34189256:	bf00      	nop

34189258 <__multadd>:
34189258:	e92d 41f0 	stmdb	sp!, {r4, r5, r6, r7, r8, lr}
3418925c:	4617      	mov	r7, r2
3418925e:	460e      	mov	r6, r1
34189260:	461c      	mov	r4, r3
34189262:	690d      	ldr	r5, [r1, #16]
34189264:	f101 0214 	add.w	r2, r1, #20
34189268:	f04f 0e00 	mov.w	lr, #0
3418926c:	6811      	ldr	r1, [r2, #0]
3418926e:	f10e 0e01 	add.w	lr, lr, #1
34189272:	b28b      	uxth	r3, r1
34189274:	4575      	cmp	r5, lr
34189276:	ea4f 4111 	mov.w	r1, r1, lsr #16
3418927a:	fb07 4303 	mla	r3, r7, r3, r4
3418927e:	ea4f 4c13 	mov.w	ip, r3, lsr #16
34189282:	b29b      	uxth	r3, r3
34189284:	fb07 cc01 	mla	ip, r7, r1, ip
34189288:	eb03 430c 	add.w	r3, r3, ip, lsl #16
3418928c:	ea4f 441c 	mov.w	r4, ip, lsr #16
34189290:	f842 3b04 	str.w	r3, [r2], #4
34189294:	dcea      	bgt.n	3418926c <__multadd+0x14>
34189296:	b13c      	cbz	r4, 341892a8 <__multadd+0x50>
34189298:	68b3      	ldr	r3, [r6, #8]
3418929a:	42ab      	cmp	r3, r5
3418929c:	dd07      	ble.n	341892ae <__multadd+0x56>
3418929e:	eb06 0385 	add.w	r3, r6, r5, lsl #2
341892a2:	3501      	adds	r5, #1
341892a4:	615c      	str	r4, [r3, #20]
341892a6:	6135      	str	r5, [r6, #16]
341892a8:	4630      	mov	r0, r6
341892aa:	e8bd 81f0 	ldmia.w	sp!, {r4, r5, r6, r7, r8, pc}
341892ae:	6871      	ldr	r1, [r6, #4]
341892b0:	4680      	mov	r8, r0
341892b2:	3101      	adds	r1, #1
341892b4:	f7ff ffa0 	bl	341891f8 <_Balloc>
341892b8:	4607      	mov	r7, r0
341892ba:	b1b0      	cbz	r0, 341892ea <__multadd+0x92>
341892bc:	6932      	ldr	r2, [r6, #16]
341892be:	f106 010c 	add.w	r1, r6, #12
341892c2:	300c      	adds	r0, #12
341892c4:	3202      	adds	r2, #2
341892c6:	0092      	lsls	r2, r2, #2
341892c8:	f7fb fb62 	bl	34184990 <memcpy>
341892cc:	f8d8 3044 	ldr.w	r3, [r8, #68]	@ 0x44
341892d0:	6872      	ldr	r2, [r6, #4]
341892d2:	f853 1022 	ldr.w	r1, [r3, r2, lsl #2]
341892d6:	6031      	str	r1, [r6, #0]
341892d8:	f843 6022 	str.w	r6, [r3, r2, lsl #2]
341892dc:	463e      	mov	r6, r7
341892de:	eb06 0385 	add.w	r3, r6, r5, lsl #2
341892e2:	3501      	adds	r5, #1
341892e4:	615c      	str	r4, [r3, #20]
341892e6:	6135      	str	r5, [r6, #16]
341892e8:	e7de      	b.n	341892a8 <__multadd+0x50>
341892ea:	4602      	mov	r2, r0
341892ec:	4b02      	ldr	r3, [pc, #8]	@ (341892f8 <__multadd+0xa0>)
341892ee:	21ba      	movs	r1, #186	@ 0xba
341892f0:	4802      	ldr	r0, [pc, #8]	@ (341892fc <__multadd+0xa4>)
341892f2:	f000 fcaf 	bl	34189c54 <__assert_func>
341892f6:	bf00      	nop
341892f8:	3418b234 	.word	0x3418b234
341892fc:	3418b2fc 	.word	0x3418b2fc

34189300 <__hi0bits>:
34189300:	f5b0 3f80 	cmp.w	r0, #65536	@ 0x10000
34189304:	4603      	mov	r3, r0
34189306:	d210      	bcs.n	3418932a <__hi0bits+0x2a>
34189308:	0403      	lsls	r3, r0, #16
3418930a:	2010      	movs	r0, #16
3418930c:	f1b3 7f80 	cmp.w	r3, #16777216	@ 0x1000000
34189310:	d201      	bcs.n	34189316 <__hi0bits+0x16>
34189312:	3008      	adds	r0, #8
34189314:	021b      	lsls	r3, r3, #8
34189316:	f1b3 5f80 	cmp.w	r3, #268435456	@ 0x10000000
3418931a:	d308      	bcc.n	3418932e <__hi0bits+0x2e>
3418931c:	f1b3 4f80 	cmp.w	r3, #1073741824	@ 0x40000000
34189320:	d210      	bcs.n	34189344 <__hi0bits+0x44>
34189322:	009a      	lsls	r2, r3, #2
34189324:	d413      	bmi.n	3418934e <__hi0bits+0x4e>
34189326:	3003      	adds	r0, #3
34189328:	4770      	bx	lr
3418932a:	2000      	movs	r0, #0
3418932c:	e7ee      	b.n	3418930c <__hi0bits+0xc>
3418932e:	011a      	lsls	r2, r3, #4
34189330:	3004      	adds	r0, #4
34189332:	f1b2 4f80 	cmp.w	r2, #1073741824	@ 0x40000000
34189336:	d206      	bcs.n	34189346 <__hi0bits+0x46>
34189338:	019b      	lsls	r3, r3, #6
3418933a:	d408      	bmi.n	3418934e <__hi0bits+0x4e>
3418933c:	005b      	lsls	r3, r3, #1
3418933e:	d4f2      	bmi.n	34189326 <__hi0bits+0x26>
34189340:	2020      	movs	r0, #32
34189342:	4770      	bx	lr
34189344:	461a      	mov	r2, r3
34189346:	2a00      	cmp	r2, #0
34189348:	dbfb      	blt.n	34189342 <__hi0bits+0x42>
3418934a:	3001      	adds	r0, #1
3418934c:	4770      	bx	lr
3418934e:	3002      	adds	r0, #2
34189350:	4770      	bx	lr
34189352:	bf00      	nop

34189354 <__lo0bits>:
34189354:	6803      	ldr	r3, [r0, #0]
34189356:	0759      	lsls	r1, r3, #29
34189358:	d008      	beq.n	3418936c <__lo0bits+0x18>
3418935a:	07da      	lsls	r2, r3, #31
3418935c:	d41f      	bmi.n	3418939e <__lo0bits+0x4a>
3418935e:	0799      	lsls	r1, r3, #30
34189360:	d52a      	bpl.n	341893b8 <__lo0bits+0x64>
34189362:	085b      	lsrs	r3, r3, #1
34189364:	2201      	movs	r2, #1
34189366:	6003      	str	r3, [r0, #0]
34189368:	4610      	mov	r0, r2
3418936a:	4770      	bx	lr
3418936c:	b29a      	uxth	r2, r3
3418936e:	b982      	cbnz	r2, 34189392 <__lo0bits+0x3e>
34189370:	0c1b      	lsrs	r3, r3, #16
34189372:	b2da      	uxtb	r2, r3
34189374:	b1b2      	cbz	r2, 341893a4 <__lo0bits+0x50>
34189376:	2210      	movs	r2, #16
34189378:	0719      	lsls	r1, r3, #28
3418937a:	d101      	bne.n	34189380 <__lo0bits+0x2c>
3418937c:	3204      	adds	r2, #4
3418937e:	091b      	lsrs	r3, r3, #4
34189380:	0799      	lsls	r1, r3, #30
34189382:	d014      	beq.n	341893ae <__lo0bits+0x5a>
34189384:	07d9      	lsls	r1, r3, #31
34189386:	d401      	bmi.n	3418938c <__lo0bits+0x38>
34189388:	3201      	adds	r2, #1
3418938a:	085b      	lsrs	r3, r3, #1
3418938c:	6003      	str	r3, [r0, #0]
3418938e:	4610      	mov	r0, r2
34189390:	4770      	bx	lr
34189392:	b2da      	uxtb	r2, r3
34189394:	b14a      	cbz	r2, 341893aa <__lo0bits+0x56>
34189396:	071a      	lsls	r2, r3, #28
34189398:	d117      	bne.n	341893ca <__lo0bits+0x76>
3418939a:	2204      	movs	r2, #4
3418939c:	e7ef      	b.n	3418937e <__lo0bits+0x2a>
3418939e:	2200      	movs	r2, #0
341893a0:	4610      	mov	r0, r2
341893a2:	4770      	bx	lr
341893a4:	2218      	movs	r2, #24
341893a6:	0a1b      	lsrs	r3, r3, #8
341893a8:	e7e6      	b.n	34189378 <__lo0bits+0x24>
341893aa:	2208      	movs	r2, #8
341893ac:	e7fb      	b.n	341893a6 <__lo0bits+0x52>
341893ae:	0759      	lsls	r1, r3, #29
341893b0:	d507      	bpl.n	341893c2 <__lo0bits+0x6e>
341893b2:	3202      	adds	r2, #2
341893b4:	089b      	lsrs	r3, r3, #2
341893b6:	e7e9      	b.n	3418938c <__lo0bits+0x38>
341893b8:	089b      	lsrs	r3, r3, #2
341893ba:	2202      	movs	r2, #2
341893bc:	6003      	str	r3, [r0, #0]
341893be:	4610      	mov	r0, r2
341893c0:	4770      	bx	lr
341893c2:	08db      	lsrs	r3, r3, #3
341893c4:	d104      	bne.n	341893d0 <__lo0bits+0x7c>
341893c6:	2220      	movs	r2, #32
341893c8:	e7ce      	b.n	34189368 <__lo0bits+0x14>
341893ca:	08db      	lsrs	r3, r3, #3
341893cc:	2203      	movs	r2, #3
341893ce:	e7dd      	b.n	3418938c <__lo0bits+0x38>
341893d0:	3203      	adds	r2, #3
341893d2:	e7db      	b.n	3418938c <__lo0bits+0x38>

341893d4 <__i2b>:
341893d4:	b538      	push	{r3, r4, r5, lr}
341893d6:	6c43      	ldr	r3, [r0, #68]	@ 0x44
341893d8:	4604      	mov	r4, r0
341893da:	460d      	mov	r5, r1
341893dc:	b14b      	cbz	r3, 341893f2 <__i2b+0x1e>
341893de:	6858      	ldr	r0, [r3, #4]
341893e0:	b1b0      	cbz	r0, 34189410 <__i2b+0x3c>
341893e2:	6802      	ldr	r2, [r0, #0]
341893e4:	605a      	str	r2, [r3, #4]
341893e6:	2200      	movs	r2, #0
341893e8:	2301      	movs	r3, #1
341893ea:	6145      	str	r5, [r0, #20]
341893ec:	e9c0 2303 	strd	r2, r3, [r0, #12]
341893f0:	bd38      	pop	{r3, r4, r5, pc}
341893f2:	2221      	movs	r2, #33	@ 0x21
341893f4:	2104      	movs	r1, #4
341893f6:	f000 fc4f 	bl	34189c98 <_calloc_r>
341893fa:	4603      	mov	r3, r0
341893fc:	6460      	str	r0, [r4, #68]	@ 0x44
341893fe:	2800      	cmp	r0, #0
34189400:	d1ed      	bne.n	341893de <__i2b+0xa>
34189402:	4b09      	ldr	r3, [pc, #36]	@ (34189428 <__i2b+0x54>)
34189404:	2200      	movs	r2, #0
34189406:	f240 1145 	movw	r1, #325	@ 0x145
3418940a:	4808      	ldr	r0, [pc, #32]	@ (3418942c <__i2b+0x58>)
3418940c:	f000 fc22 	bl	34189c54 <__assert_func>
34189410:	221c      	movs	r2, #28
34189412:	2101      	movs	r1, #1
34189414:	4620      	mov	r0, r4
34189416:	f000 fc3f 	bl	34189c98 <_calloc_r>
3418941a:	2800      	cmp	r0, #0
3418941c:	d0f1      	beq.n	34189402 <__i2b+0x2e>
3418941e:	2201      	movs	r2, #1
34189420:	2302      	movs	r3, #2
34189422:	e9c0 2301 	strd	r2, r3, [r0, #4]
34189426:	e7de      	b.n	341893e6 <__i2b+0x12>
34189428:	3418b234 	.word	0x3418b234
3418942c:	3418b2fc 	.word	0x3418b2fc

34189430 <__multiply>:
34189430:	e92d 4ff0 	stmdb	sp!, {r4, r5, r6, r7, r8, r9, sl, fp, lr}
34189434:	690f      	ldr	r7, [r1, #16]
34189436:	b085      	sub	sp, #20
34189438:	6915      	ldr	r5, [r2, #16]
3418943a:	460e      	mov	r6, r1
3418943c:	4690      	mov	r8, r2
3418943e:	42af      	cmp	r7, r5
34189440:	db05      	blt.n	3418944e <__multiply+0x1e>
34189442:	462a      	mov	r2, r5
34189444:	4643      	mov	r3, r8
34189446:	463d      	mov	r5, r7
34189448:	4688      	mov	r8, r1
3418944a:	4617      	mov	r7, r2
3418944c:	461e      	mov	r6, r3
3418944e:	19ec      	adds	r4, r5, r7
34189450:	e9d8 1301 	ldrd	r1, r3, [r8, #4]
34189454:	42a3      	cmp	r3, r4
34189456:	bfb8      	it	lt
34189458:	3101      	addlt	r1, #1
3418945a:	f7ff fecd 	bl	341891f8 <_Balloc>
3418945e:	4684      	mov	ip, r0
34189460:	2800      	cmp	r0, #0
34189462:	f000 809d 	beq.w	341895a0 <__multiply+0x170>
34189466:	3014      	adds	r0, #20
34189468:	eb00 0e84 	add.w	lr, r0, r4, lsl #2
3418946c:	4570      	cmp	r0, lr
3418946e:	d205      	bcs.n	3418947c <__multiply+0x4c>
34189470:	4603      	mov	r3, r0
34189472:	2100      	movs	r1, #0
34189474:	f843 1b04 	str.w	r1, [r3], #4
34189478:	459e      	cmp	lr, r3
3418947a:	d8fb      	bhi.n	34189474 <__multiply+0x44>
3418947c:	3614      	adds	r6, #20
3418947e:	eb06 0287 	add.w	r2, r6, r7, lsl #2
34189482:	4296      	cmp	r6, r2
34189484:	d27d      	bcs.n	34189582 <__multiply+0x152>
34189486:	f108 0714 	add.w	r7, r8, #20
3418948a:	f108 0315 	add.w	r3, r8, #21
3418948e:	4691      	mov	r9, r2
34189490:	46e3      	mov	fp, ip
34189492:	eb07 0585 	add.w	r5, r7, r5, lsl #2
34189496:	eba5 0808 	sub.w	r8, r5, r8
3418949a:	42ab      	cmp	r3, r5
3418949c:	f1a8 0815 	sub.w	r8, r8, #21
341894a0:	e9cd e402 	strd	lr, r4, [sp, #8]
341894a4:	ea4f 0a98 	mov.w	sl, r8, lsr #2
341894a8:	bf8c      	ite	hi
341894aa:	2400      	movhi	r4, #0
341894ac:	2401      	movls	r4, #1
341894ae:	e005      	b.n	341894bc <__multiply+0x8c>
341894b0:	0c09      	lsrs	r1, r1, #16
341894b2:	d135      	bne.n	34189520 <__multiply+0xf0>
341894b4:	45b1      	cmp	r9, r6
341894b6:	f100 0004 	add.w	r0, r0, #4
341894ba:	d95f      	bls.n	3418957c <__multiply+0x14c>
341894bc:	f856 1b04 	ldr.w	r1, [r6], #4
341894c0:	b28a      	uxth	r2, r1
341894c2:	2a00      	cmp	r2, #0
341894c4:	d0f4      	beq.n	341894b0 <__multiply+0x80>
341894c6:	46b8      	mov	r8, r7
341894c8:	4686      	mov	lr, r0
341894ca:	2300      	movs	r3, #0
341894cc:	e9cd 9000 	strd	r9, r0, [sp]
341894d0:	f858 1b04 	ldr.w	r1, [r8], #4
341894d4:	f8de 0000 	ldr.w	r0, [lr]
341894d8:	fa1f f981 	uxth.w	r9, r1
341894dc:	4545      	cmp	r5, r8
341894de:	ea4f 4c11 	mov.w	ip, r1, lsr #16
341894e2:	b281      	uxth	r1, r0
341894e4:	ea4f 4010 	mov.w	r0, r0, lsr #16
341894e8:	fb02 1109 	mla	r1, r2, r9, r1
341894ec:	fb02 000c 	mla	r0, r2, ip, r0
341894f0:	4419      	add	r1, r3
341894f2:	eb00 4011 	add.w	r0, r0, r1, lsr #16
341894f6:	b289      	uxth	r1, r1
341894f8:	ea4f 4310 	mov.w	r3, r0, lsr #16
341894fc:	ea41 4100 	orr.w	r1, r1, r0, lsl #16
34189500:	f84e 1b04 	str.w	r1, [lr], #4
34189504:	d8e4      	bhi.n	341894d0 <__multiply+0xa0>
34189506:	2c00      	cmp	r4, #0
34189508:	ea4f 028a 	mov.w	r2, sl, lsl #2
3418950c:	e9dd 9000 	ldrd	r9, r0, [sp]
34189510:	bf08      	it	eq
34189512:	2200      	moveq	r2, #0
34189514:	4402      	add	r2, r0
34189516:	6053      	str	r3, [r2, #4]
34189518:	f856 1c04 	ldr.w	r1, [r6, #-4]
3418951c:	0c09      	lsrs	r1, r1, #16
3418951e:	d0c9      	beq.n	341894b4 <__multiply+0x84>
34189520:	6803      	ldr	r3, [r0, #0]
34189522:	468e      	mov	lr, r1
34189524:	46bc      	mov	ip, r7
34189526:	4680      	mov	r8, r0
34189528:	2200      	movs	r2, #0
3418952a:	4619      	mov	r1, r3
3418952c:	f8cd 9000 	str.w	r9, [sp]
34189530:	f8bc 9000 	ldrh.w	r9, [ip]
34189534:	b29b      	uxth	r3, r3
34189536:	fb0e 2909 	mla	r9, lr, r9, r2
3418953a:	eb09 4911 	add.w	r9, r9, r1, lsr #16
3418953e:	ea43 4309 	orr.w	r3, r3, r9, lsl #16
34189542:	f848 3b04 	str.w	r3, [r8], #4
34189546:	f85c 3b04 	ldr.w	r3, [ip], #4
3418954a:	f8d8 1000 	ldr.w	r1, [r8]
3418954e:	0c1b      	lsrs	r3, r3, #16
34189550:	4565      	cmp	r5, ip
34189552:	b28a      	uxth	r2, r1
34189554:	fb0e 2303 	mla	r3, lr, r3, r2
34189558:	eb03 4319 	add.w	r3, r3, r9, lsr #16
3418955c:	ea4f 4213 	mov.w	r2, r3, lsr #16
34189560:	d8e6      	bhi.n	34189530 <__multiply+0x100>
34189562:	2c00      	cmp	r4, #0
34189564:	ea4f 028a 	mov.w	r2, sl, lsl #2
34189568:	f8dd 9000 	ldr.w	r9, [sp]
3418956c:	bf08      	it	eq
3418956e:	2200      	moveq	r2, #0
34189570:	45b1      	cmp	r9, r6
34189572:	4402      	add	r2, r0
34189574:	f100 0004 	add.w	r0, r0, #4
34189578:	6053      	str	r3, [r2, #4]
3418957a:	d89f      	bhi.n	341894bc <__multiply+0x8c>
3418957c:	46dc      	mov	ip, fp
3418957e:	e9dd e402 	ldrd	lr, r4, [sp, #8]
34189582:	2c00      	cmp	r4, #0
34189584:	dc02      	bgt.n	3418958c <__multiply+0x15c>
34189586:	e005      	b.n	34189594 <__multiply+0x164>
34189588:	3c01      	subs	r4, #1
3418958a:	d003      	beq.n	34189594 <__multiply+0x164>
3418958c:	f85e 3d04 	ldr.w	r3, [lr, #-4]!
34189590:	2b00      	cmp	r3, #0
34189592:	d0f9      	beq.n	34189588 <__multiply+0x158>
34189594:	4660      	mov	r0, ip
34189596:	f8cc 4010 	str.w	r4, [ip, #16]
3418959a:	b005      	add	sp, #20
3418959c:	e8bd 8ff0 	ldmia.w	sp!, {r4, r5, r6, r7, r8, r9, sl, fp, pc}
341895a0:	4602      	mov	r2, r0
341895a2:	4b03      	ldr	r3, [pc, #12]	@ (341895b0 <__multiply+0x180>)
341895a4:	f44f 71b1 	mov.w	r1, #354	@ 0x162
341895a8:	4802      	ldr	r0, [pc, #8]	@ (341895b4 <__multiply+0x184>)
341895aa:	f000 fb53 	bl	34189c54 <__assert_func>
341895ae:	bf00      	nop
341895b0:	3418b234 	.word	0x3418b234
341895b4:	3418b2fc 	.word	0x3418b2fc

341895b8 <__pow5mult>:
341895b8:	b5f8      	push	{r3, r4, r5, r6, r7, lr}
341895ba:	f012 0303 	ands.w	r3, r2, #3
341895be:	4614      	mov	r4, r2
341895c0:	4607      	mov	r7, r0
341895c2:	d12f      	bne.n	34189624 <__pow5mult+0x6c>
341895c4:	460e      	mov	r6, r1
341895c6:	10a4      	asrs	r4, r4, #2
341895c8:	d02a      	beq.n	34189620 <__pow5mult+0x68>
341895ca:	6c3d      	ldr	r5, [r7, #64]	@ 0x40
341895cc:	2d00      	cmp	r5, #0
341895ce:	d032      	beq.n	34189636 <__pow5mult+0x7e>
341895d0:	f004 0301 	and.w	r3, r4, #1
341895d4:	1064      	asrs	r4, r4, #1
341895d6:	b93b      	cbnz	r3, 341895e8 <__pow5mult+0x30>
341895d8:	6828      	ldr	r0, [r5, #0]
341895da:	b1b8      	cbz	r0, 3418960c <__pow5mult+0x54>
341895dc:	4605      	mov	r5, r0
341895de:	f004 0301 	and.w	r3, r4, #1
341895e2:	1064      	asrs	r4, r4, #1
341895e4:	2b00      	cmp	r3, #0
341895e6:	d0f7      	beq.n	341895d8 <__pow5mult+0x20>
341895e8:	462a      	mov	r2, r5
341895ea:	4631      	mov	r1, r6
341895ec:	4638      	mov	r0, r7
341895ee:	f7ff ff1f 	bl	34189430 <__multiply>
341895f2:	b136      	cbz	r6, 34189602 <__pow5mult+0x4a>
341895f4:	6c7b      	ldr	r3, [r7, #68]	@ 0x44
341895f6:	6871      	ldr	r1, [r6, #4]
341895f8:	f853 2021 	ldr.w	r2, [r3, r1, lsl #2]
341895fc:	6032      	str	r2, [r6, #0]
341895fe:	f843 6021 	str.w	r6, [r3, r1, lsl #2]
34189602:	b174      	cbz	r4, 34189622 <__pow5mult+0x6a>
34189604:	4606      	mov	r6, r0
34189606:	6828      	ldr	r0, [r5, #0]
34189608:	2800      	cmp	r0, #0
3418960a:	d1e7      	bne.n	341895dc <__pow5mult+0x24>
3418960c:	462a      	mov	r2, r5
3418960e:	4629      	mov	r1, r5
34189610:	4638      	mov	r0, r7
34189612:	f7ff ff0d 	bl	34189430 <__multiply>
34189616:	2300      	movs	r3, #0
34189618:	6028      	str	r0, [r5, #0]
3418961a:	4605      	mov	r5, r0
3418961c:	6003      	str	r3, [r0, #0]
3418961e:	e7de      	b.n	341895de <__pow5mult+0x26>
34189620:	4630      	mov	r0, r6
34189622:	bdf8      	pop	{r3, r4, r5, r6, r7, pc}
34189624:	3b01      	subs	r3, #1
34189626:	4a0f      	ldr	r2, [pc, #60]	@ (34189664 <__pow5mult+0xac>)
34189628:	f852 2023 	ldr.w	r2, [r2, r3, lsl #2]
3418962c:	2300      	movs	r3, #0
3418962e:	f7ff fe13 	bl	34189258 <__multadd>
34189632:	4606      	mov	r6, r0
34189634:	e7c7      	b.n	341895c6 <__pow5mult+0xe>
34189636:	2101      	movs	r1, #1
34189638:	4638      	mov	r0, r7
3418963a:	f7ff fddd 	bl	341891f8 <_Balloc>
3418963e:	4605      	mov	r5, r0
34189640:	b140      	cbz	r0, 34189654 <__pow5mult+0x9c>
34189642:	2301      	movs	r3, #1
34189644:	f240 2271 	movw	r2, #625	@ 0x271
34189648:	e9c0 3204 	strd	r3, r2, [r0, #16]
3418964c:	2300      	movs	r3, #0
3418964e:	6438      	str	r0, [r7, #64]	@ 0x40
34189650:	6003      	str	r3, [r0, #0]
34189652:	e7bd      	b.n	341895d0 <__pow5mult+0x18>
34189654:	4602      	mov	r2, r0
34189656:	4b04      	ldr	r3, [pc, #16]	@ (34189668 <__pow5mult+0xb0>)
34189658:	f240 1145 	movw	r1, #325	@ 0x145
3418965c:	4803      	ldr	r0, [pc, #12]	@ (3418966c <__pow5mult+0xb4>)
3418965e:	f000 faf9 	bl	34189c54 <__assert_func>
34189662:	bf00      	nop
34189664:	3418b540 	.word	0x3418b540
34189668:	3418b234 	.word	0x3418b234
3418966c:	3418b2fc 	.word	0x3418b2fc

34189670 <__lshift>:
34189670:	e92d 47f0 	stmdb	sp!, {r4, r5, r6, r7, r8, r9, sl, lr}
34189674:	460d      	mov	r5, r1
34189676:	4691      	mov	r9, r2
34189678:	4607      	mov	r7, r0
3418967a:	ea4f 1862 	mov.w	r8, r2, asr #5
3418967e:	692e      	ldr	r6, [r5, #16]
34189680:	68ab      	ldr	r3, [r5, #8]
34189682:	eb06 1662 	add.w	r6, r6, r2, asr #5
34189686:	6849      	ldr	r1, [r1, #4]
34189688:	1c74      	adds	r4, r6, #1
3418968a:	429c      	cmp	r4, r3
3418968c:	dd03      	ble.n	34189696 <__lshift+0x26>
3418968e:	005b      	lsls	r3, r3, #1
34189690:	3101      	adds	r1, #1
34189692:	429c      	cmp	r4, r3
34189694:	dcfb      	bgt.n	3418968e <__lshift+0x1e>
34189696:	4638      	mov	r0, r7
34189698:	f7ff fdae 	bl	341891f8 <_Balloc>
3418969c:	2800      	cmp	r0, #0
3418969e:	d04e      	beq.n	3418973e <__lshift+0xce>
341896a0:	f1b8 0f00 	cmp.w	r8, #0
341896a4:	f100 0c14 	add.w	ip, r0, #20
341896a8:	dd0b      	ble.n	341896c2 <__lshift+0x52>
341896aa:	f108 0105 	add.w	r1, r8, #5
341896ae:	4663      	mov	r3, ip
341896b0:	2200      	movs	r2, #0
341896b2:	eb00 0181 	add.w	r1, r0, r1, lsl #2
341896b6:	f843 2b04 	str.w	r2, [r3], #4
341896ba:	428b      	cmp	r3, r1
341896bc:	d1fb      	bne.n	341896b6 <__lshift+0x46>
341896be:	eb0c 0c88 	add.w	ip, ip, r8, lsl #2
341896c2:	f105 0314 	add.w	r3, r5, #20
341896c6:	6929      	ldr	r1, [r5, #16]
341896c8:	f019 081f 	ands.w	r8, r9, #31
341896cc:	eb03 0e81 	add.w	lr, r3, r1, lsl #2
341896d0:	d02c      	beq.n	3418972c <__lshift+0xbc>
341896d2:	f1c8 0920 	rsb	r9, r8, #32
341896d6:	4662      	mov	r2, ip
341896d8:	f04f 0a00 	mov.w	sl, #0
341896dc:	6819      	ldr	r1, [r3, #0]
341896de:	fa01 f108 	lsl.w	r1, r1, r8
341896e2:	ea41 010a 	orr.w	r1, r1, sl
341896e6:	f842 1b04 	str.w	r1, [r2], #4
341896ea:	f853 1b04 	ldr.w	r1, [r3], #4
341896ee:	459e      	cmp	lr, r3
341896f0:	fa21 fa09 	lsr.w	sl, r1, r9
341896f4:	d8f2      	bhi.n	341896dc <__lshift+0x6c>
341896f6:	ebae 0305 	sub.w	r3, lr, r5
341896fa:	f105 0215 	add.w	r2, r5, #21
341896fe:	3b15      	subs	r3, #21
34189700:	f023 0303 	bic.w	r3, r3, #3
34189704:	4596      	cmp	lr, r2
34189706:	bf38      	it	cc
34189708:	2300      	movcc	r3, #0
3418970a:	3304      	adds	r3, #4
3418970c:	f84c a003 	str.w	sl, [ip, r3]
34189710:	f1ba 0f00 	cmp.w	sl, #0
34189714:	d100      	bne.n	34189718 <__lshift+0xa8>
34189716:	4634      	mov	r4, r6
34189718:	6c7b      	ldr	r3, [r7, #68]	@ 0x44
3418971a:	686a      	ldr	r2, [r5, #4]
3418971c:	6104      	str	r4, [r0, #16]
3418971e:	f853 1022 	ldr.w	r1, [r3, r2, lsl #2]
34189722:	6029      	str	r1, [r5, #0]
34189724:	f843 5022 	str.w	r5, [r3, r2, lsl #2]
34189728:	e8bd 87f0 	ldmia.w	sp!, {r4, r5, r6, r7, r8, r9, sl, pc}
3418972c:	f1ac 0c04 	sub.w	ip, ip, #4
34189730:	f853 2b04 	ldr.w	r2, [r3], #4
34189734:	459e      	cmp	lr, r3
34189736:	f84c 2f04 	str.w	r2, [ip, #4]!
3418973a:	d8f9      	bhi.n	34189730 <__lshift+0xc0>
3418973c:	e7eb      	b.n	34189716 <__lshift+0xa6>
3418973e:	4602      	mov	r2, r0
34189740:	4b02      	ldr	r3, [pc, #8]	@ (3418974c <__lshift+0xdc>)
34189742:	f44f 71ef 	mov.w	r1, #478	@ 0x1de
34189746:	4802      	ldr	r0, [pc, #8]	@ (34189750 <__lshift+0xe0>)
34189748:	f000 fa84 	bl	34189c54 <__assert_func>
3418974c:	3418b234 	.word	0x3418b234
34189750:	3418b2fc 	.word	0x3418b2fc

34189754 <__mcmp>:
34189754:	6903      	ldr	r3, [r0, #16]
34189756:	690a      	ldr	r2, [r1, #16]
34189758:	b500      	push	{lr}
3418975a:	ebb3 0e02 	subs.w	lr, r3, r2
3418975e:	d112      	bne.n	34189786 <__mcmp+0x32>
34189760:	f100 0c14 	add.w	ip, r0, #20
34189764:	3114      	adds	r1, #20
34189766:	eb0c 0382 	add.w	r3, ip, r2, lsl #2
3418976a:	eb01 0182 	add.w	r1, r1, r2, lsl #2
3418976e:	e001      	b.n	34189774 <__mcmp+0x20>
34189770:	459c      	cmp	ip, r3
34189772:	d208      	bcs.n	34189786 <__mcmp+0x32>
34189774:	f853 0d04 	ldr.w	r0, [r3, #-4]!
34189778:	f851 2d04 	ldr.w	r2, [r1, #-4]!
3418977c:	4290      	cmp	r0, r2
3418977e:	d0f7      	beq.n	34189770 <__mcmp+0x1c>
34189780:	d203      	bcs.n	3418978a <__mcmp+0x36>
34189782:	f04f 3eff 	mov.w	lr, #4294967295	@ 0xffffffff
34189786:	4670      	mov	r0, lr
34189788:	bd00      	pop	{pc}
3418978a:	f04f 0e01 	mov.w	lr, #1
3418978e:	4670      	mov	r0, lr
34189790:	bd00      	pop	{pc}
34189792:	bf00      	nop

34189794 <__mdiff>:
34189794:	e92d 4ff0 	stmdb	sp!, {r4, r5, r6, r7, r8, r9, sl, fp, lr}
34189798:	4617      	mov	r7, r2
3418979a:	690a      	ldr	r2, [r1, #16]
3418979c:	b083      	sub	sp, #12
3418979e:	460c      	mov	r4, r1
341897a0:	693b      	ldr	r3, [r7, #16]
341897a2:	eba2 0803 	sub.w	r8, r2, r3
341897a6:	f1b8 0f00 	cmp.w	r8, #0
341897aa:	d115      	bne.n	341897d8 <__mdiff+0x44>
341897ac:	3114      	adds	r1, #20
341897ae:	f107 0514 	add.w	r5, r7, #20
341897b2:	eb05 0583 	add.w	r5, r5, r3, lsl #2
341897b6:	eb01 0383 	add.w	r3, r1, r3, lsl #2
341897ba:	e002      	b.n	341897c2 <__mdiff+0x2e>
341897bc:	4299      	cmp	r1, r3
341897be:	f080 8087 	bcs.w	341898d0 <__mdiff+0x13c>
341897c2:	f853 6d04 	ldr.w	r6, [r3, #-4]!
341897c6:	f855 2d04 	ldr.w	r2, [r5, #-4]!
341897ca:	4296      	cmp	r6, r2
341897cc:	d0f6      	beq.n	341897bc <__mdiff+0x28>
341897ce:	f080 808c 	bcs.w	341898ea <__mdiff+0x156>
341897d2:	f04f 0801 	mov.w	r8, #1
341897d6:	e005      	b.n	341897e4 <__mdiff+0x50>
341897d8:	dbfb      	blt.n	341897d2 <__mdiff+0x3e>
341897da:	463b      	mov	r3, r7
341897dc:	f04f 0800 	mov.w	r8, #0
341897e0:	460f      	mov	r7, r1
341897e2:	461c      	mov	r4, r3
341897e4:	6879      	ldr	r1, [r7, #4]
341897e6:	f7ff fd07 	bl	341891f8 <_Balloc>
341897ea:	2800      	cmp	r0, #0
341897ec:	f000 808a 	beq.w	34189904 <__mdiff+0x170>
341897f0:	693a      	ldr	r2, [r7, #16]
341897f2:	f107 0110 	add.w	r1, r7, #16
341897f6:	f8c0 800c 	str.w	r8, [r0, #12]
341897fa:	4683      	mov	fp, r0
341897fc:	f107 0814 	add.w	r8, r7, #20
34189800:	6926      	ldr	r6, [r4, #16]
34189802:	f100 0714 	add.w	r7, r0, #20
34189806:	f104 0014 	add.w	r0, r4, #20
3418980a:	eb08 0e82 	add.w	lr, r8, r2, lsl #2
3418980e:	4694      	mov	ip, r2
34189810:	eb00 0686 	add.w	r6, r0, r6, lsl #2
34189814:	2300      	movs	r3, #0
34189816:	46b9      	mov	r9, r7
34189818:	46c2      	mov	sl, r8
3418981a:	460a      	mov	r2, r1
3418981c:	9401      	str	r4, [sp, #4]
3418981e:	f850 1b04 	ldr.w	r1, [r0], #4
34189822:	f852 5f04 	ldr.w	r5, [r2, #4]!
34189826:	b28c      	uxth	r4, r1
34189828:	4286      	cmp	r6, r0
3418982a:	fa1f f885 	uxth.w	r8, r5
3418982e:	ea4f 4111 	mov.w	r1, r1, lsr #16
34189832:	eba8 0804 	sub.w	r8, r8, r4
34189836:	ebc1 4115 	rsb	r1, r1, r5, lsr #16
3418983a:	4498      	add	r8, r3
3418983c:	eb01 4128 	add.w	r1, r1, r8, asr #16
34189840:	fa1f f888 	uxth.w	r8, r8
34189844:	ea4f 4321 	mov.w	r3, r1, asr #16
34189848:	ea48 4401 	orr.w	r4, r8, r1, lsl #16
3418984c:	f849 4b04 	str.w	r4, [r9], #4
34189850:	d8e5      	bhi.n	3418981e <__mdiff+0x8a>
34189852:	46a1      	mov	r9, r4
34189854:	9c01      	ldr	r4, [sp, #4]
34189856:	4662      	mov	r2, ip
34189858:	46dc      	mov	ip, fp
3418985a:	1b31      	subs	r1, r6, r4
3418985c:	3415      	adds	r4, #21
3418985e:	3915      	subs	r1, #21
34189860:	f021 0103 	bic.w	r1, r1, #3
34189864:	42a6      	cmp	r6, r4
34189866:	bf38      	it	cc
34189868:	2100      	movcc	r1, #0
3418986a:	eb0a 0501 	add.w	r5, sl, r1
3418986e:	19cc      	adds	r4, r1, r7
34189870:	3504      	adds	r5, #4
34189872:	45ae      	cmp	lr, r5
34189874:	4628      	mov	r0, r5
34189876:	d93c      	bls.n	341898f2 <__mdiff+0x15e>
34189878:	eba7 070a 	sub.w	r7, r7, sl
3418987c:	3404      	adds	r4, #4
3418987e:	eb00 0807 	add.w	r8, r0, r7
34189882:	f850 1b04 	ldr.w	r1, [r0], #4
34189886:	fa1f f981 	uxth.w	r9, r1
3418988a:	18ce      	adds	r6, r1, r3
3418988c:	0c09      	lsrs	r1, r1, #16
3418988e:	4586      	cmp	lr, r0
34189890:	444b      	add	r3, r9
34189892:	b2b6      	uxth	r6, r6
34189894:	eb01 4123 	add.w	r1, r1, r3, asr #16
34189898:	ea46 4601 	orr.w	r6, r6, r1, lsl #16
3418989c:	ea4f 4321 	mov.w	r3, r1, asr #16
341898a0:	f8c8 6000 	str.w	r6, [r8]
341898a4:	d8eb      	bhi.n	3418987e <__mdiff+0xea>
341898a6:	f10e 33ff 	add.w	r3, lr, #4294967295	@ 0xffffffff
341898aa:	46b1      	mov	r9, r6
341898ac:	1b5b      	subs	r3, r3, r5
341898ae:	f023 0303 	bic.w	r3, r3, #3
341898b2:	4423      	add	r3, r4
341898b4:	f1b9 0f00 	cmp.w	r9, #0
341898b8:	d104      	bne.n	341898c4 <__mdiff+0x130>
341898ba:	f853 1d04 	ldr.w	r1, [r3, #-4]!
341898be:	3a01      	subs	r2, #1
341898c0:	2900      	cmp	r1, #0
341898c2:	d0fa      	beq.n	341898ba <__mdiff+0x126>
341898c4:	4660      	mov	r0, ip
341898c6:	f8cc 2010 	str.w	r2, [ip, #16]
341898ca:	b003      	add	sp, #12
341898cc:	e8bd 8ff0 	ldmia.w	sp!, {r4, r5, r6, r7, r8, r9, sl, fp, pc}
341898d0:	2100      	movs	r1, #0
341898d2:	f7ff fc91 	bl	341891f8 <_Balloc>
341898d6:	4684      	mov	ip, r0
341898d8:	b168      	cbz	r0, 341898f6 <__mdiff+0x162>
341898da:	2201      	movs	r2, #1
341898dc:	2300      	movs	r3, #0
341898de:	e9c0 2304 	strd	r2, r3, [r0, #16]
341898e2:	4660      	mov	r0, ip
341898e4:	b003      	add	sp, #12
341898e6:	e8bd 8ff0 	ldmia.w	sp!, {r4, r5, r6, r7, r8, r9, sl, fp, pc}
341898ea:	463b      	mov	r3, r7
341898ec:	4627      	mov	r7, r4
341898ee:	461c      	mov	r4, r3
341898f0:	e778      	b.n	341897e4 <__mdiff+0x50>
341898f2:	4623      	mov	r3, r4
341898f4:	e7de      	b.n	341898b4 <__mdiff+0x120>
341898f6:	4602      	mov	r2, r0
341898f8:	4b06      	ldr	r3, [pc, #24]	@ (34189914 <__mdiff+0x180>)
341898fa:	f240 2137 	movw	r1, #567	@ 0x237
341898fe:	4806      	ldr	r0, [pc, #24]	@ (34189918 <__mdiff+0x184>)
34189900:	f000 f9a8 	bl	34189c54 <__assert_func>
34189904:	4602      	mov	r2, r0
34189906:	4b03      	ldr	r3, [pc, #12]	@ (34189914 <__mdiff+0x180>)
34189908:	f240 2145 	movw	r1, #581	@ 0x245
3418990c:	4802      	ldr	r0, [pc, #8]	@ (34189918 <__mdiff+0x184>)
3418990e:	f000 f9a1 	bl	34189c54 <__assert_func>
34189912:	bf00      	nop
34189914:	3418b234 	.word	0x3418b234
34189918:	3418b2fc 	.word	0x3418b2fc

3418991c <__d2b>:
3418991c:	e92d 43f0 	stmdb	sp!, {r4, r5, r6, r7, r8, r9, lr}
34189920:	4689      	mov	r9, r1
34189922:	b083      	sub	sp, #12
34189924:	2101      	movs	r1, #1
34189926:	4690      	mov	r8, r2
34189928:	ec57 6b10 	vmov	r6, r7, d0
3418992c:	f7ff fc64 	bl	341891f8 <_Balloc>
34189930:	4604      	mov	r4, r0
34189932:	2800      	cmp	r0, #0
34189934:	d046      	beq.n	341899c4 <__d2b+0xa8>
34189936:	f3c7 550a 	ubfx	r5, r7, #20, #11
3418993a:	f3c7 0313 	ubfx	r3, r7, #0, #20
3418993e:	b10d      	cbz	r5, 34189944 <__d2b+0x28>
34189940:	f443 1380 	orr.w	r3, r3, #1048576	@ 0x100000
34189944:	9301      	str	r3, [sp, #4]
34189946:	1e33      	subs	r3, r6, #0
34189948:	d115      	bne.n	34189976 <__d2b+0x5a>
3418994a:	a801      	add	r0, sp, #4
3418994c:	f7ff fd02 	bl	34189354 <__lo0bits>
34189950:	9b01      	ldr	r3, [sp, #4]
34189952:	2101      	movs	r1, #1
34189954:	3020      	adds	r0, #32
34189956:	6163      	str	r3, [r4, #20]
34189958:	6121      	str	r1, [r4, #16]
3418995a:	b315      	cbz	r5, 341899a2 <__d2b+0x86>
3418995c:	f2a5 4533 	subw	r5, r5, #1075	@ 0x433
34189960:	4405      	add	r5, r0
34189962:	f1c0 0035 	rsb	r0, r0, #53	@ 0x35
34189966:	f8c9 5000 	str.w	r5, [r9]
3418996a:	f8c8 0000 	str.w	r0, [r8]
3418996e:	4620      	mov	r0, r4
34189970:	b003      	add	sp, #12
34189972:	e8bd 83f0 	ldmia.w	sp!, {r4, r5, r6, r7, r8, r9, pc}
34189976:	4668      	mov	r0, sp
34189978:	9300      	str	r3, [sp, #0]
3418997a:	f7ff fceb 	bl	34189354 <__lo0bits>
3418997e:	e9dd 2300 	ldrd	r2, r3, [sp]
34189982:	b128      	cbz	r0, 34189990 <__d2b+0x74>
34189984:	f1c0 0120 	rsb	r1, r0, #32
34189988:	fa03 f101 	lsl.w	r1, r3, r1
3418998c:	40c3      	lsrs	r3, r0
3418998e:	430a      	orrs	r2, r1
34189990:	2b00      	cmp	r3, #0
34189992:	6162      	str	r2, [r4, #20]
34189994:	61a3      	str	r3, [r4, #24]
34189996:	bf0c      	ite	eq
34189998:	2101      	moveq	r1, #1
3418999a:	2102      	movne	r1, #2
3418999c:	6121      	str	r1, [r4, #16]
3418999e:	2d00      	cmp	r5, #0
341899a0:	d1dc      	bne.n	3418995c <__d2b+0x40>
341899a2:	eb04 0381 	add.w	r3, r4, r1, lsl #2
341899a6:	f2a0 4032 	subw	r0, r0, #1074	@ 0x432
341899aa:	f8c9 0000 	str.w	r0, [r9]
341899ae:	6918      	ldr	r0, [r3, #16]
341899b0:	f7ff fca6 	bl	34189300 <__hi0bits>
341899b4:	ebc0 1041 	rsb	r0, r0, r1, lsl #5
341899b8:	f8c8 0000 	str.w	r0, [r8]
341899bc:	4620      	mov	r0, r4
341899be:	b003      	add	sp, #12
341899c0:	e8bd 83f0 	ldmia.w	sp!, {r4, r5, r6, r7, r8, r9, pc}
341899c4:	4602      	mov	r2, r0
341899c6:	4b03      	ldr	r3, [pc, #12]	@ (341899d4 <__d2b+0xb8>)
341899c8:	f240 310f 	movw	r1, #783	@ 0x30f
341899cc:	4802      	ldr	r0, [pc, #8]	@ (341899d8 <__d2b+0xbc>)
341899ce:	f000 f941 	bl	34189c54 <__assert_func>
341899d2:	bf00      	nop
341899d4:	3418b234 	.word	0x3418b234
341899d8:	3418b2fc 	.word	0x3418b2fc

341899dc <__smakebuf_r>:
341899dc:	f9b1 200c 	ldrsh.w	r2, [r1, #12]
341899e0:	0793      	lsls	r3, r2, #30
341899e2:	d506      	bpl.n	341899f2 <__smakebuf_r+0x16>
341899e4:	f101 0343 	add.w	r3, r1, #67	@ 0x43
341899e8:	2201      	movs	r2, #1
341899ea:	600b      	str	r3, [r1, #0]
341899ec:	e9c1 3204 	strd	r3, r2, [r1, #16]
341899f0:	4770      	bx	lr
341899f2:	460b      	mov	r3, r1
341899f4:	f9b1 100e 	ldrsh.w	r1, [r1, #14]
341899f8:	2900      	cmp	r1, #0
341899fa:	b530      	push	{r4, r5, lr}
341899fc:	4604      	mov	r4, r0
341899fe:	b099      	sub	sp, #100	@ 0x64
34189a00:	db32      	blt.n	34189a68 <__smakebuf_r+0x8c>
34189a02:	aa02      	add	r2, sp, #8
34189a04:	9300      	str	r3, [sp, #0]
34189a06:	f000 f86d 	bl	34189ae4 <_fstat_r>
34189a0a:	2800      	cmp	r0, #0
34189a0c:	9b00      	ldr	r3, [sp, #0]
34189a0e:	db29      	blt.n	34189a64 <__smakebuf_r+0x88>
34189a10:	f44f 6180 	mov.w	r1, #1024	@ 0x400
34189a14:	4620      	mov	r0, r4
34189a16:	9300      	str	r3, [sp, #0]
34189a18:	9d03      	ldr	r5, [sp, #12]
34189a1a:	f7fb fa03 	bl	34184e24 <_malloc_r>
34189a1e:	9b00      	ldr	r3, [sp, #0]
34189a20:	f9b3 200c 	ldrsh.w	r2, [r3, #12]
34189a24:	2800      	cmp	r0, #0
34189a26:	d03b      	beq.n	34189aa0 <__smakebuf_r+0xc4>
34189a28:	f405 4170 	and.w	r1, r5, #61440	@ 0xf000
34189a2c:	f042 0280 	orr.w	r2, r2, #128	@ 0x80
34189a30:	6018      	str	r0, [r3, #0]
34189a32:	6118      	str	r0, [r3, #16]
34189a34:	f5b1 5f00 	cmp.w	r1, #8192	@ 0x2000
34189a38:	f44f 6080 	mov.w	r0, #1024	@ 0x400
34189a3c:	819a      	strh	r2, [r3, #12]
34189a3e:	6158      	str	r0, [r3, #20]
34189a40:	d13c      	bne.n	34189abc <__smakebuf_r+0xe0>
34189a42:	f9b3 100e 	ldrsh.w	r1, [r3, #14]
34189a46:	4620      	mov	r0, r4
34189a48:	9300      	str	r3, [sp, #0]
34189a4a:	f000 f85f 	bl	34189b0c <_isatty_r>
34189a4e:	9b00      	ldr	r3, [sp, #0]
34189a50:	f9b3 200c 	ldrsh.w	r2, [r3, #12]
34189a54:	b390      	cbz	r0, 34189abc <__smakebuf_r+0xe0>
34189a56:	f022 0203 	bic.w	r2, r2, #3
34189a5a:	f44f 6c00 	mov.w	ip, #2048	@ 0x800
34189a5e:	f042 0201 	orr.w	r2, r2, #1
34189a62:	e018      	b.n	34189a96 <__smakebuf_r+0xba>
34189a64:	f9b3 200c 	ldrsh.w	r2, [r3, #12]
34189a68:	f012 0f80 	tst.w	r2, #128	@ 0x80
34189a6c:	4620      	mov	r0, r4
34189a6e:	9301      	str	r3, [sp, #4]
34189a70:	bf0c      	ite	eq
34189a72:	f44f 6180 	moveq.w	r1, #1024	@ 0x400
34189a76:	2140      	movne	r1, #64	@ 0x40
34189a78:	9100      	str	r1, [sp, #0]
34189a7a:	f7fb f9d3 	bl	34184e24 <_malloc_r>
34189a7e:	9b01      	ldr	r3, [sp, #4]
34189a80:	9900      	ldr	r1, [sp, #0]
34189a82:	f9b3 200c 	ldrsh.w	r2, [r3, #12]
34189a86:	b158      	cbz	r0, 34189aa0 <__smakebuf_r+0xc4>
34189a88:	f042 0280 	orr.w	r2, r2, #128	@ 0x80
34189a8c:	f04f 0c00 	mov.w	ip, #0
34189a90:	6018      	str	r0, [r3, #0]
34189a92:	e9c3 0104 	strd	r0, r1, [r3, #16]
34189a96:	ea42 020c 	orr.w	r2, r2, ip
34189a9a:	819a      	strh	r2, [r3, #12]
34189a9c:	b019      	add	sp, #100	@ 0x64
34189a9e:	bd30      	pop	{r4, r5, pc}
34189aa0:	0591      	lsls	r1, r2, #22
34189aa2:	d4fb      	bmi.n	34189a9c <__smakebuf_r+0xc0>
34189aa4:	f022 0203 	bic.w	r2, r2, #3
34189aa8:	f103 0143 	add.w	r1, r3, #67	@ 0x43
34189aac:	2001      	movs	r0, #1
34189aae:	f042 0202 	orr.w	r2, r2, #2
34189ab2:	6019      	str	r1, [r3, #0]
34189ab4:	e9c3 1004 	strd	r1, r0, [r3, #16]
34189ab8:	819a      	strh	r2, [r3, #12]
34189aba:	e7ef      	b.n	34189a9c <__smakebuf_r+0xc0>
34189abc:	f44f 6c00 	mov.w	ip, #2048	@ 0x800
34189ac0:	e7e9      	b.n	34189a96 <__smakebuf_r+0xba>
34189ac2:	bf00      	nop

34189ac4 <__ascii_wctomb>:
34189ac4:	b159      	cbz	r1, 34189ade <__ascii_wctomb+0x1a>
34189ac6:	2aff      	cmp	r2, #255	@ 0xff
34189ac8:	d803      	bhi.n	34189ad2 <__ascii_wctomb+0xe>
34189aca:	2301      	movs	r3, #1
34189acc:	700a      	strb	r2, [r1, #0]
34189ace:	4618      	mov	r0, r3
34189ad0:	4770      	bx	lr
34189ad2:	228a      	movs	r2, #138	@ 0x8a
34189ad4:	f04f 33ff 	mov.w	r3, #4294967295	@ 0xffffffff
34189ad8:	6002      	str	r2, [r0, #0]
34189ada:	4618      	mov	r0, r3
34189adc:	4770      	bx	lr
34189ade:	460b      	mov	r3, r1
34189ae0:	4618      	mov	r0, r3
34189ae2:	4770      	bx	lr

34189ae4 <_fstat_r>:
34189ae4:	b538      	push	{r3, r4, r5, lr}
34189ae6:	2300      	movs	r3, #0
34189ae8:	4c07      	ldr	r4, [pc, #28]	@ (34189b08 <_fstat_r+0x24>)
34189aea:	4605      	mov	r5, r0
34189aec:	4608      	mov	r0, r1
34189aee:	4611      	mov	r1, r2
34189af0:	6023      	str	r3, [r4, #0]
34189af2:	f001 fa91 	bl	3418b018 <_fstat>
34189af6:	1c43      	adds	r3, r0, #1
34189af8:	d000      	beq.n	34189afc <_fstat_r+0x18>
34189afa:	bd38      	pop	{r3, r4, r5, pc}
34189afc:	6823      	ldr	r3, [r4, #0]
34189afe:	2b00      	cmp	r3, #0
34189b00:	d0fb      	beq.n	34189afa <_fstat_r+0x16>
34189b02:	602b      	str	r3, [r5, #0]
34189b04:	bd38      	pop	{r3, r4, r5, pc}
34189b06:	bf00      	nop
34189b08:	341c0be4 	.word	0x341c0be4

34189b0c <_isatty_r>:
34189b0c:	b538      	push	{r3, r4, r5, lr}
34189b0e:	2300      	movs	r3, #0
34189b10:	4c06      	ldr	r4, [pc, #24]	@ (34189b2c <_isatty_r+0x20>)
34189b12:	4605      	mov	r5, r0
34189b14:	4608      	mov	r0, r1
34189b16:	6023      	str	r3, [r4, #0]
34189b18:	f001 fa8e 	bl	3418b038 <_isatty>
34189b1c:	1c43      	adds	r3, r0, #1
34189b1e:	d000      	beq.n	34189b22 <_isatty_r+0x16>
34189b20:	bd38      	pop	{r3, r4, r5, pc}
34189b22:	6823      	ldr	r3, [r4, #0]
34189b24:	2b00      	cmp	r3, #0
34189b26:	d0fb      	beq.n	34189b20 <_isatty_r+0x14>
34189b28:	602b      	str	r3, [r5, #0]
34189b2a:	bd38      	pop	{r3, r4, r5, pc}
34189b2c:	341c0be4 	.word	0x341c0be4

34189b30 <_wcsnrtombs_l>:
34189b30:	e92d 4ff0 	stmdb	sp!, {r4, r5, r6, r7, r8, r9, sl, fp, lr}
34189b34:	b08b      	sub	sp, #44	@ 0x2c
34189b36:	461c      	mov	r4, r3
34189b38:	e9dd 7814 	ldrd	r7, r8, [sp, #80]	@ 0x50
34189b3c:	f8dd 9058 	ldr.w	r9, [sp, #88]	@ 0x58
34189b40:	9002      	str	r0, [sp, #8]
34189b42:	f1b8 0f00 	cmp.w	r8, #0
34189b46:	d058      	beq.n	34189bfa <_wcsnrtombs_l+0xca>
34189b48:	2900      	cmp	r1, #0
34189b4a:	6816      	ldr	r6, [r2, #0]
34189b4c:	46c3      	mov	fp, r8
34189b4e:	f04f 0500 	mov.w	r5, #0
34189b52:	bf08      	it	eq
34189b54:	f04f 37ff 	moveq.w	r7, #4294967295	@ 0xffffffff
34189b58:	4688      	mov	r8, r1
34189b5a:	4692      	mov	sl, r2
34189b5c:	9601      	str	r6, [sp, #4]
34189b5e:	9103      	str	r1, [sp, #12]
34189b60:	e006      	b.n	34189b70 <_wcsnrtombs_l+0x40>
34189b62:	9b01      	ldr	r3, [sp, #4]
34189b64:	f853 0b04 	ldr.w	r0, [r3], #4
34189b68:	9301      	str	r3, [sp, #4]
34189b6a:	2800      	cmp	r0, #0
34189b6c:	d037      	beq.n	34189bde <_wcsnrtombs_l+0xae>
34189b6e:	4665      	mov	r5, ip
34189b70:	42af      	cmp	r7, r5
34189b72:	d93e      	bls.n	34189bf2 <_wcsnrtombs_l+0xc2>
34189b74:	2c00      	cmp	r4, #0
34189b76:	d03c      	beq.n	34189bf2 <_wcsnrtombs_l+0xc2>
34189b78:	f8db 3000 	ldr.w	r3, [fp]
34189b7c:	a906      	add	r1, sp, #24
34189b7e:	9a01      	ldr	r2, [sp, #4]
34189b80:	9304      	str	r3, [sp, #16]
34189b82:	f8db 3004 	ldr.w	r3, [fp, #4]
34189b86:	6812      	ldr	r2, [r2, #0]
34189b88:	9305      	str	r3, [sp, #20]
34189b8a:	465b      	mov	r3, fp
34189b8c:	9802      	ldr	r0, [sp, #8]
34189b8e:	f8d9 61c8 	ldr.w	r6, [r9, #456]	@ 0x1c8
34189b92:	47b0      	blx	r6
34189b94:	1c43      	adds	r3, r0, #1
34189b96:	d033      	beq.n	34189c00 <_wcsnrtombs_l+0xd0>
34189b98:	eb00 0c05 	add.w	ip, r0, r5
34189b9c:	45bc      	cmp	ip, r7
34189b9e:	d83a      	bhi.n	34189c16 <_wcsnrtombs_l+0xe6>
34189ba0:	9b03      	ldr	r3, [sp, #12]
34189ba2:	3c01      	subs	r4, #1
34189ba4:	2b00      	cmp	r3, #0
34189ba6:	d0dc      	beq.n	34189b62 <_wcsnrtombs_l+0x32>
34189ba8:	2800      	cmp	r0, #0
34189baa:	dd0d      	ble.n	34189bc8 <_wcsnrtombs_l+0x98>
34189bac:	f108 32ff 	add.w	r2, r8, #4294967295	@ 0xffffffff
34189bb0:	a906      	add	r1, sp, #24
34189bb2:	9e01      	ldr	r6, [sp, #4]
34189bb4:	eb00 0e02 	add.w	lr, r0, r2
34189bb8:	f811 3b01 	ldrb.w	r3, [r1], #1
34189bbc:	f802 3f01 	strb.w	r3, [r2, #1]!
34189bc0:	4572      	cmp	r2, lr
34189bc2:	d1f9      	bne.n	34189bb8 <_wcsnrtombs_l+0x88>
34189bc4:	4480      	add	r8, r0
34189bc6:	9601      	str	r6, [sp, #4]
34189bc8:	f8da 2000 	ldr.w	r2, [sl]
34189bcc:	9b01      	ldr	r3, [sp, #4]
34189bce:	3204      	adds	r2, #4
34189bd0:	f853 0b04 	ldr.w	r0, [r3], #4
34189bd4:	f8ca 2000 	str.w	r2, [sl]
34189bd8:	9301      	str	r3, [sp, #4]
34189bda:	2800      	cmp	r0, #0
34189bdc:	d1c7      	bne.n	34189b6e <_wcsnrtombs_l+0x3e>
34189bde:	9903      	ldr	r1, [sp, #12]
34189be0:	46d8      	mov	r8, fp
34189be2:	b109      	cbz	r1, 34189be8 <_wcsnrtombs_l+0xb8>
34189be4:	f8ca 0000 	str.w	r0, [sl]
34189be8:	2200      	movs	r2, #0
34189bea:	f10c 35ff 	add.w	r5, ip, #4294967295	@ 0xffffffff
34189bee:	f8c8 2000 	str.w	r2, [r8]
34189bf2:	4628      	mov	r0, r5
34189bf4:	b00b      	add	sp, #44	@ 0x2c
34189bf6:	e8bd 8ff0 	ldmia.w	sp!, {r4, r5, r6, r7, r8, r9, sl, fp, pc}
34189bfa:	f500 7886 	add.w	r8, r0, #268	@ 0x10c
34189bfe:	e7a3      	b.n	34189b48 <_wcsnrtombs_l+0x18>
34189c00:	4605      	mov	r5, r0
34189c02:	218a      	movs	r1, #138	@ 0x8a
34189c04:	2200      	movs	r2, #0
34189c06:	9b02      	ldr	r3, [sp, #8]
34189c08:	4628      	mov	r0, r5
34189c0a:	6019      	str	r1, [r3, #0]
34189c0c:	f8cb 2000 	str.w	r2, [fp]
34189c10:	b00b      	add	sp, #44	@ 0x2c
34189c12:	e8bd 8ff0 	ldmia.w	sp!, {r4, r5, r6, r7, r8, r9, sl, fp, pc}
34189c16:	46d8      	mov	r8, fp
34189c18:	f8dd a010 	ldr.w	sl, [sp, #16]
34189c1c:	f8dd b014 	ldr.w	fp, [sp, #20]
34189c20:	4628      	mov	r0, r5
34189c22:	e9c8 ab00 	strd	sl, fp, [r8]
34189c26:	b00b      	add	sp, #44	@ 0x2c
34189c28:	e8bd 8ff0 	ldmia.w	sp!, {r4, r5, r6, r7, r8, r9, sl, fp, pc}

34189c2c <_wcsnrtombs_r>:
34189c2c:	b500      	push	{lr}
34189c2e:	b085      	sub	sp, #20
34189c30:	f8df c01c 	ldr.w	ip, [pc, #28]	@ 34189c50 <_wcsnrtombs_r+0x24>
34189c34:	9806      	ldr	r0, [sp, #24]
34189c36:	9000      	str	r0, [sp, #0]
34189c38:	9807      	ldr	r0, [sp, #28]
34189c3a:	9001      	str	r0, [sp, #4]
34189c3c:	4803      	ldr	r0, [pc, #12]	@ (34189c4c <_wcsnrtombs_r+0x20>)
34189c3e:	6800      	ldr	r0, [r0, #0]
34189c40:	f8cd c008 	str.w	ip, [sp, #8]
34189c44:	f7ff ff74 	bl	34189b30 <_wcsnrtombs_l>
34189c48:	b005      	add	sp, #20
34189c4a:	bd00      	pop	{pc}
34189c4c:	341c0020 	.word	0x341c0020
34189c50:	341c0640 	.word	0x341c0640

34189c54 <__assert_func>:
34189c54:	b500      	push	{lr}
34189c56:	f8df e03c 	ldr.w	lr, [pc, #60]	@ 34189c94 <__assert_func+0x40>
34189c5a:	468c      	mov	ip, r1
34189c5c:	4604      	mov	r4, r0
34189c5e:	b085      	sub	sp, #20
34189c60:	f8de 1000 	ldr.w	r1, [lr]
34189c64:	469e      	mov	lr, r3
34189c66:	68c8      	ldr	r0, [r1, #12]
34189c68:	b15a      	cbz	r2, 34189c82 <__assert_func+0x2e>
34189c6a:	4907      	ldr	r1, [pc, #28]	@ (34189c88 <__assert_func+0x34>)
34189c6c:	4623      	mov	r3, r4
34189c6e:	9202      	str	r2, [sp, #8]
34189c70:	9101      	str	r1, [sp, #4]
34189c72:	4672      	mov	r2, lr
34189c74:	4905      	ldr	r1, [pc, #20]	@ (34189c8c <__assert_func+0x38>)
34189c76:	f8cd c000 	str.w	ip, [sp]
34189c7a:	f000 f84b 	bl	34189d14 <fiprintf>
34189c7e:	f001 f973 	bl	3418af68 <abort>
34189c82:	4903      	ldr	r1, [pc, #12]	@ (34189c90 <__assert_func+0x3c>)
34189c84:	460a      	mov	r2, r1
34189c86:	e7f1      	b.n	34189c6c <__assert_func+0x18>
34189c88:	3418b3b0 	.word	0x3418b3b0
34189c8c:	3418b3c0 	.word	0x3418b3c0
34189c90:	3418b3bc 	.word	0x3418b3bc
34189c94:	341c0020 	.word	0x341c0020

34189c98 <_calloc_r>:
34189c98:	b510      	push	{r4, lr}
34189c9a:	fba1 1402 	umull	r1, r4, r1, r2
34189c9e:	b082      	sub	sp, #8
34189ca0:	bb54      	cbnz	r4, 34189cf8 <_calloc_r+0x60>
34189ca2:	f7fb f8bf 	bl	34184e24 <_malloc_r>
34189ca6:	4603      	mov	r3, r0
34189ca8:	b350      	cbz	r0, 34189d00 <_calloc_r+0x68>
34189caa:	f850 2c04 	ldr.w	r2, [r0, #-4]
34189cae:	f022 0203 	bic.w	r2, r2, #3
34189cb2:	3a04      	subs	r2, #4
34189cb4:	2a24      	cmp	r2, #36	@ 0x24
34189cb6:	d80c      	bhi.n	34189cd2 <_calloc_r+0x3a>
34189cb8:	2a13      	cmp	r2, #19
34189cba:	d912      	bls.n	34189ce2 <_calloc_r+0x4a>
34189cbc:	2a1b      	cmp	r2, #27
34189cbe:	e9c0 4400 	strd	r4, r4, [r0]
34189cc2:	d916      	bls.n	34189cf2 <_calloc_r+0x5a>
34189cc4:	2a24      	cmp	r2, #36	@ 0x24
34189cc6:	e9c0 4402 	strd	r4, r4, [r0, #8]
34189cca:	d01d      	beq.n	34189d08 <_calloc_r+0x70>
34189ccc:	f100 0110 	add.w	r1, r0, #16
34189cd0:	e008      	b.n	34189ce4 <_calloc_r+0x4c>
34189cd2:	4621      	mov	r1, r4
34189cd4:	9001      	str	r0, [sp, #4]
34189cd6:	f7fa fdcf 	bl	34184878 <memset>
34189cda:	9b01      	ldr	r3, [sp, #4]
34189cdc:	4618      	mov	r0, r3
34189cde:	b002      	add	sp, #8
34189ce0:	bd10      	pop	{r4, pc}
34189ce2:	4601      	mov	r1, r0
34189ce4:	2200      	movs	r2, #0
34189ce6:	4618      	mov	r0, r3
34189ce8:	e9c1 2200 	strd	r2, r2, [r1]
34189cec:	608a      	str	r2, [r1, #8]
34189cee:	b002      	add	sp, #8
34189cf0:	bd10      	pop	{r4, pc}
34189cf2:	f100 0108 	add.w	r1, r0, #8
34189cf6:	e7f5      	b.n	34189ce4 <_calloc_r+0x4c>
34189cf8:	f7fa fe02 	bl	34184900 <__errno>
34189cfc:	230c      	movs	r3, #12
34189cfe:	6003      	str	r3, [r0, #0]
34189d00:	2300      	movs	r3, #0
34189d02:	4618      	mov	r0, r3
34189d04:	b002      	add	sp, #8
34189d06:	bd10      	pop	{r4, pc}
34189d08:	f100 0118 	add.w	r1, r0, #24
34189d0c:	e9c0 4404 	strd	r4, r4, [r0, #16]
34189d10:	e7e8      	b.n	34189ce4 <_calloc_r+0x4c>
34189d12:	bf00      	nop

34189d14 <fiprintf>:
34189d14:	b40e      	push	{r1, r2, r3}
34189d16:	b500      	push	{lr}
34189d18:	b082      	sub	sp, #8
34189d1a:	4601      	mov	r1, r0
34189d1c:	4806      	ldr	r0, [pc, #24]	@ (34189d38 <fiprintf+0x24>)
34189d1e:	ab03      	add	r3, sp, #12
34189d20:	6800      	ldr	r0, [r0, #0]
34189d22:	f853 2b04 	ldr.w	r2, [r3], #4
34189d26:	9301      	str	r3, [sp, #4]
34189d28:	f000 f808 	bl	34189d3c <_vfiprintf_r>
34189d2c:	b002      	add	sp, #8
34189d2e:	f85d eb04 	ldr.w	lr, [sp], #4
34189d32:	b003      	add	sp, #12
34189d34:	4770      	bx	lr
34189d36:	bf00      	nop
34189d38:	341c0020 	.word	0x341c0020

34189d3c <_vfiprintf_r>:
34189d3c:	e92d 4ff0 	stmdb	sp!, {r4, r5, r6, r7, r8, r9, sl, fp, lr}
34189d40:	b0c5      	sub	sp, #276	@ 0x114
34189d42:	4683      	mov	fp, r0
34189d44:	4692      	mov	sl, r2
34189d46:	2208      	movs	r2, #8
34189d48:	af14      	add	r7, sp, #80	@ 0x50
34189d4a:	9104      	str	r1, [sp, #16]
34189d4c:	2100      	movs	r1, #0
34189d4e:	461c      	mov	r4, r3
34189d50:	4638      	mov	r0, r7
34189d52:	930b      	str	r3, [sp, #44]	@ 0x2c
34189d54:	f7fa fd90 	bl	34184878 <memset>
34189d58:	f1bb 0f00 	cmp.w	fp, #0
34189d5c:	d004      	beq.n	34189d68 <_vfiprintf_r+0x2c>
34189d5e:	f8db 3034 	ldr.w	r3, [fp, #52]	@ 0x34
34189d62:	2b00      	cmp	r3, #0
34189d64:	f000 8752 	beq.w	3418ac0c <_vfiprintf_r+0xed0>
34189d68:	9b04      	ldr	r3, [sp, #16]
34189d6a:	6e5a      	ldr	r2, [r3, #100]	@ 0x64
34189d6c:	f9b3 300c 	ldrsh.w	r3, [r3, #12]
34189d70:	07d0      	lsls	r0, r2, #31
34189d72:	f140 8141 	bpl.w	34189ff8 <_vfiprintf_r+0x2bc>
34189d76:	0499      	lsls	r1, r3, #18
34189d78:	f100 85d9 	bmi.w	3418a92e <_vfiprintf_r+0xbf2>
34189d7c:	9904      	ldr	r1, [sp, #16]
34189d7e:	f443 5300 	orr.w	r3, r3, #8192	@ 0x2000
34189d82:	f422 5200 	bic.w	r2, r2, #8192	@ 0x2000
34189d86:	818b      	strh	r3, [r1, #12]
34189d88:	664a      	str	r2, [r1, #100]	@ 0x64
34189d8a:	0493      	lsls	r3, r2, #18
34189d8c:	f101 806d 	bmi.w	3418ae6a <_vfiprintf_r+0x112e>
34189d90:	9b04      	ldr	r3, [sp, #16]
34189d92:	f9b3 300c 	ldrsh.w	r3, [r3, #12]
34189d96:	071d      	lsls	r5, r3, #28
34189d98:	f140 80ba 	bpl.w	34189f10 <_vfiprintf_r+0x1d4>
34189d9c:	9a04      	ldr	r2, [sp, #16]
34189d9e:	6912      	ldr	r2, [r2, #16]
34189da0:	2a00      	cmp	r2, #0
34189da2:	f000 80b5 	beq.w	34189f10 <_vfiprintf_r+0x1d4>
34189da6:	f003 021a 	and.w	r2, r3, #26
34189daa:	2a0a      	cmp	r2, #10
34189dac:	f000 80bf 	beq.w	34189f2e <_vfiprintf_r+0x1f2>
34189db0:	aa1b      	add	r2, sp, #108	@ 0x6c
34189db2:	2300      	movs	r3, #0
34189db4:	4691      	mov	r9, r2
34189db6:	930d      	str	r3, [sp, #52]	@ 0x34
34189db8:	9218      	str	r2, [sp, #96]	@ 0x60
34189dba:	9307      	str	r3, [sp, #28]
34189dbc:	e9cd 3319 	strd	r3, r3, [sp, #100]	@ 0x64
34189dc0:	e9cd 330e 	strd	r3, r3, [sp, #56]	@ 0x38
34189dc4:	4655      	mov	r5, sl
34189dc6:	4b92      	ldr	r3, [pc, #584]	@ (3418a010 <_vfiprintf_r+0x2d4>)
34189dc8:	f8d3 41cc 	ldr.w	r4, [r3, #460]	@ 0x1cc
34189dcc:	f7fe f91e 	bl	3418800c <__locale_mb_cur_max>
34189dd0:	462a      	mov	r2, r5
34189dd2:	4603      	mov	r3, r0
34189dd4:	a912      	add	r1, sp, #72	@ 0x48
34189dd6:	4658      	mov	r0, fp
34189dd8:	9700      	str	r7, [sp, #0]
34189dda:	47a0      	blx	r4
34189ddc:	2800      	cmp	r0, #0
34189dde:	4603      	mov	r3, r0
34189de0:	f000 80c4 	beq.w	34189f6c <_vfiprintf_r+0x230>
34189de4:	f2c0 80ba 	blt.w	34189f5c <_vfiprintf_r+0x220>
34189de8:	9a12      	ldr	r2, [sp, #72]	@ 0x48
34189dea:	2a25      	cmp	r2, #37	@ 0x25
34189dec:	d001      	beq.n	34189df2 <_vfiprintf_r+0xb6>
34189dee:	441d      	add	r5, r3
34189df0:	e7e9      	b.n	34189dc6 <_vfiprintf_r+0x8a>
34189df2:	ebb5 060a 	subs.w	r6, r5, sl
34189df6:	4604      	mov	r4, r0
34189df8:	f040 80bc 	bne.w	34189f74 <_vfiprintf_r+0x238>
34189dfc:	2300      	movs	r3, #0
34189dfe:	f04f 32ff 	mov.w	r2, #4294967295	@ 0xffffffff
34189e02:	f105 0a01 	add.w	sl, r5, #1
34189e06:	4619      	mov	r1, r3
34189e08:	f88d 3043 	strb.w	r3, [sp, #67]	@ 0x43
34189e0c:	9308      	str	r3, [sp, #32]
34189e0e:	786b      	ldrb	r3, [r5, #1]
34189e10:	9206      	str	r2, [sp, #24]
34189e12:	9103      	str	r1, [sp, #12]
34189e14:	f10a 0a01 	add.w	sl, sl, #1
34189e18:	4619      	mov	r1, r3
34189e1a:	f1a1 0320 	sub.w	r3, r1, #32
34189e1e:	2b5a      	cmp	r3, #90	@ 0x5a
34189e20:	f200 80f8 	bhi.w	3418a014 <_vfiprintf_r+0x2d8>
34189e24:	e8df f013 	tbh	[pc, r3, lsl #1]
34189e28:	00f60367 	.word	0x00f60367
34189e2c:	036000f6 	.word	0x036000f6
34189e30:	00f600f6 	.word	0x00f600f6
34189e34:	034000f6 	.word	0x034000f6
34189e38:	00f600f6 	.word	0x00f600f6
34189e3c:	02570212 	.word	0x02570212
34189e40:	021d00f6 	.word	0x021d00f6
34189e44:	00f60379 	.word	0x00f60379
34189e48:	005b0372 	.word	0x005b0372
34189e4c:	005b005b 	.word	0x005b005b
34189e50:	005b005b 	.word	0x005b005b
34189e54:	005b005b 	.word	0x005b005b
34189e58:	005b005b 	.word	0x005b005b
34189e5c:	00f600f6 	.word	0x00f600f6
34189e60:	00f600f6 	.word	0x00f600f6
34189e64:	00f600f6 	.word	0x00f600f6
34189e68:	00f600f6 	.word	0x00f600f6
34189e6c:	01e300f6 	.word	0x01e300f6
34189e70:	00f60394 	.word	0x00f60394
34189e74:	00f600f6 	.word	0x00f600f6
34189e78:	00f600f6 	.word	0x00f600f6
34189e7c:	00f600f6 	.word	0x00f600f6
34189e80:	00f600f6 	.word	0x00f600f6
34189e84:	022400f6 	.word	0x022400f6
34189e88:	00f600f6 	.word	0x00f600f6
34189e8c:	01b300f6 	.word	0x01b300f6
34189e90:	02ea00f6 	.word	0x02ea00f6
34189e94:	00f600f6 	.word	0x00f600f6
34189e98:	00f605ca 	.word	0x00f605ca
34189e9c:	00f600f6 	.word	0x00f600f6
34189ea0:	00f600f6 	.word	0x00f600f6
34189ea4:	00f600f6 	.word	0x00f600f6
34189ea8:	00f600f6 	.word	0x00f600f6
34189eac:	01e300f6 	.word	0x01e300f6
34189eb0:	00f6017b 	.word	0x00f6017b
34189eb4:	00f600f6 	.word	0x00f600f6
34189eb8:	017b0336 	.word	0x017b0336
34189ebc:	00f6006d 	.word	0x00f6006d
34189ec0:	00f602e0 	.word	0x00f602e0
34189ec4:	02bf02d2 	.word	0x02bf02d2
34189ec8:	006d028e 	.word	0x006d028e
34189ecc:	01b300f6 	.word	0x01b300f6
34189ed0:	025d006a 	.word	0x025d006a
34189ed4:	00f600f6 	.word	0x00f600f6
34189ed8:	00f6060b 	.word	0x00f6060b
34189edc:	006a      	.short	0x006a
34189ede:	f1a1 0330 	sub.w	r3, r1, #48	@ 0x30
34189ee2:	2200      	movs	r2, #0
34189ee4:	eb02 0282 	add.w	r2, r2, r2, lsl #2
34189ee8:	f81a 1b01 	ldrb.w	r1, [sl], #1
34189eec:	eb03 0242 	add.w	r2, r3, r2, lsl #1
34189ef0:	f1a1 0330 	sub.w	r3, r1, #48	@ 0x30
34189ef4:	2b09      	cmp	r3, #9
34189ef6:	d9f5      	bls.n	34189ee4 <_vfiprintf_r+0x1a8>
34189ef8:	9208      	str	r2, [sp, #32]
34189efa:	e78e      	b.n	34189e1a <_vfiprintf_r+0xde>
34189efc:	f89a 3000 	ldrb.w	r3, [sl]
34189f00:	e788      	b.n	34189e14 <_vfiprintf_r+0xd8>
34189f02:	9b03      	ldr	r3, [sp, #12]
34189f04:	f043 0320 	orr.w	r3, r3, #32
34189f08:	9303      	str	r3, [sp, #12]
34189f0a:	f89a 3000 	ldrb.w	r3, [sl]
34189f0e:	e781      	b.n	34189e14 <_vfiprintf_r+0xd8>
34189f10:	9d04      	ldr	r5, [sp, #16]
34189f12:	4658      	mov	r0, fp
34189f14:	4629      	mov	r1, r5
34189f16:	f7fd ff43 	bl	34187da0 <__swsetup_r>
34189f1a:	2800      	cmp	r0, #0
34189f1c:	f040 87b4 	bne.w	3418ae88 <_vfiprintf_r+0x114c>
34189f20:	f9b5 300c 	ldrsh.w	r3, [r5, #12]
34189f24:	f003 021a 	and.w	r2, r3, #26
34189f28:	2a0a      	cmp	r2, #10
34189f2a:	f47f af41 	bne.w	34189db0 <_vfiprintf_r+0x74>
34189f2e:	9904      	ldr	r1, [sp, #16]
34189f30:	f9b1 200e 	ldrsh.w	r2, [r1, #14]
34189f34:	2a00      	cmp	r2, #0
34189f36:	f6ff af3b 	blt.w	34189db0 <_vfiprintf_r+0x74>
34189f3a:	6e4a      	ldr	r2, [r1, #100]	@ 0x64
34189f3c:	07d2      	lsls	r2, r2, #31
34189f3e:	d402      	bmi.n	34189f46 <_vfiprintf_r+0x20a>
34189f40:	059f      	lsls	r7, r3, #22
34189f42:	f140 86fa 	bpl.w	3418ad3a <_vfiprintf_r+0xffe>
34189f46:	4623      	mov	r3, r4
34189f48:	4652      	mov	r2, sl
34189f4a:	9904      	ldr	r1, [sp, #16]
34189f4c:	4658      	mov	r0, fp
34189f4e:	f000 ffcb 	bl	3418aee8 <__sbprintf>
34189f52:	9007      	str	r0, [sp, #28]
34189f54:	9807      	ldr	r0, [sp, #28]
34189f56:	b045      	add	sp, #276	@ 0x114
34189f58:	e8bd 8ff0 	ldmia.w	sp!, {r4, r5, r6, r7, r8, r9, sl, fp, pc}
34189f5c:	2208      	movs	r2, #8
34189f5e:	2100      	movs	r1, #0
34189f60:	4638      	mov	r0, r7
34189f62:	f7fa fc89 	bl	34184878 <memset>
34189f66:	2301      	movs	r3, #1
34189f68:	441d      	add	r5, r3
34189f6a:	e72c      	b.n	34189dc6 <_vfiprintf_r+0x8a>
34189f6c:	ebb5 060a 	subs.w	r6, r5, sl
34189f70:	4604      	mov	r4, r0
34189f72:	d011      	beq.n	34189f98 <_vfiprintf_r+0x25c>
34189f74:	9b1a      	ldr	r3, [sp, #104]	@ 0x68
34189f76:	4433      	add	r3, r6
34189f78:	931a      	str	r3, [sp, #104]	@ 0x68
34189f7a:	9b19      	ldr	r3, [sp, #100]	@ 0x64
34189f7c:	3301      	adds	r3, #1
34189f7e:	2b07      	cmp	r3, #7
34189f80:	9319      	str	r3, [sp, #100]	@ 0x64
34189f82:	e9c9 a600 	strd	sl, r6, [r9]
34189f86:	dc11      	bgt.n	34189fac <_vfiprintf_r+0x270>
34189f88:	f109 0908 	add.w	r9, r9, #8
34189f8c:	9b07      	ldr	r3, [sp, #28]
34189f8e:	4433      	add	r3, r6
34189f90:	9307      	str	r3, [sp, #28]
34189f92:	2c00      	cmp	r4, #0
34189f94:	f47f af32 	bne.w	34189dfc <_vfiprintf_r+0xc0>
34189f98:	9b1a      	ldr	r3, [sp, #104]	@ 0x68
34189f9a:	2b00      	cmp	r3, #0
34189f9c:	f040 8726 	bne.w	3418adec <_vfiprintf_r+0x10b0>
34189fa0:	2200      	movs	r2, #0
34189fa2:	9b04      	ldr	r3, [sp, #16]
34189fa4:	9219      	str	r2, [sp, #100]	@ 0x64
34189fa6:	f9b3 300c 	ldrsh.w	r3, [r3, #12]
34189faa:	e019      	b.n	34189fe0 <_vfiprintf_r+0x2a4>
34189fac:	aa18      	add	r2, sp, #96	@ 0x60
34189fae:	9904      	ldr	r1, [sp, #16]
34189fb0:	4658      	mov	r0, fp
34189fb2:	f7fd fe39 	bl	34187c28 <__sprint_r>
34189fb6:	b980      	cbnz	r0, 34189fda <_vfiprintf_r+0x29e>
34189fb8:	f10d 096c 	add.w	r9, sp, #108	@ 0x6c
34189fbc:	e7e6      	b.n	34189f8c <_vfiprintf_r+0x250>
34189fbe:	aa18      	add	r2, sp, #96	@ 0x60
34189fc0:	9904      	ldr	r1, [sp, #16]
34189fc2:	4658      	mov	r0, fp
34189fc4:	f7fd fe30 	bl	34187c28 <__sprint_r>
34189fc8:	2800      	cmp	r0, #0
34189fca:	f000 8093 	beq.w	3418a0f4 <_vfiprintf_r+0x3b8>
34189fce:	9b09      	ldr	r3, [sp, #36]	@ 0x24
34189fd0:	b11b      	cbz	r3, 34189fda <_vfiprintf_r+0x29e>
34189fd2:	9909      	ldr	r1, [sp, #36]	@ 0x24
34189fd4:	4658      	mov	r0, fp
34189fd6:	f7fa fe21 	bl	34184c1c <_free_r>
34189fda:	9b04      	ldr	r3, [sp, #16]
34189fdc:	f9b3 300c 	ldrsh.w	r3, [r3, #12]
34189fe0:	9a04      	ldr	r2, [sp, #16]
34189fe2:	6e52      	ldr	r2, [r2, #100]	@ 0x64
34189fe4:	07d0      	lsls	r0, r2, #31
34189fe6:	f140 8090 	bpl.w	3418a10a <_vfiprintf_r+0x3ce>
34189fea:	065b      	lsls	r3, r3, #25
34189fec:	f100 871e 	bmi.w	3418ae2c <_vfiprintf_r+0x10f0>
34189ff0:	9807      	ldr	r0, [sp, #28]
34189ff2:	b045      	add	sp, #276	@ 0x114
34189ff4:	e8bd 8ff0 	ldmia.w	sp!, {r4, r5, r6, r7, r8, r9, sl, fp, pc}
34189ff8:	059e      	lsls	r6, r3, #22
34189ffa:	f140 811c 	bpl.w	3418a236 <_vfiprintf_r+0x4fa>
34189ffe:	049d      	lsls	r5, r3, #18
3418a000:	f57f aebc 	bpl.w	34189d7c <_vfiprintf_r+0x40>
3418a004:	0490      	lsls	r0, r2, #18
3418a006:	f57f aec6 	bpl.w	34189d96 <_vfiprintf_r+0x5a>
3418a00a:	f000 bf30 	b.w	3418ae6e <_vfiprintf_r+0x1132>
3418a00e:	bf00      	nop
3418a010:	341c0640 	.word	0x341c0640
3418a014:	2900      	cmp	r1, #0
3418a016:	d0bf      	beq.n	34189f98 <_vfiprintf_r+0x25c>
3418a018:	2300      	movs	r3, #0
3418a01a:	2201      	movs	r2, #1
3418a01c:	ad2b      	add	r5, sp, #172	@ 0xac
3418a01e:	f88d 10ac 	strb.w	r1, [sp, #172]	@ 0xac
3418a022:	f88d 3043 	strb.w	r3, [sp, #67]	@ 0x43
3418a026:	9309      	str	r3, [sp, #36]	@ 0x24
3418a028:	920a      	str	r2, [sp, #40]	@ 0x28
3418a02a:	e9cd 2305 	strd	r2, r3, [sp, #20]
3418a02e:	9c03      	ldr	r4, [sp, #12]
3418a030:	e9dd 3019 	ldrd	r3, r0, [sp, #100]	@ 0x64
3418a034:	f014 0884 	ands.w	r8, r4, #132	@ 0x84
3418a038:	4601      	mov	r1, r0
3418a03a:	461a      	mov	r2, r3
3418a03c:	d12e      	bne.n	3418a09c <_vfiprintf_r+0x360>
3418a03e:	9c08      	ldr	r4, [sp, #32]
3418a040:	9e05      	ldr	r6, [sp, #20]
3418a042:	1ba4      	subs	r4, r4, r6
3418a044:	2c00      	cmp	r4, #0
3418a046:	f300 8412 	bgt.w	3418a86e <_vfiprintf_r+0xb32>
3418a04a:	f89d 3043 	ldrb.w	r3, [sp, #67]	@ 0x43
3418a04e:	b34b      	cbz	r3, 3418a0a4 <_vfiprintf_r+0x368>
3418a050:	f04f 0800 	mov.w	r8, #0
3418a054:	f8cd 8030 	str.w	r8, [sp, #48]	@ 0x30
3418a058:	3201      	adds	r2, #1
3418a05a:	2301      	movs	r3, #1
3418a05c:	3101      	adds	r1, #1
3418a05e:	f8c9 3004 	str.w	r3, [r9, #4]
3418a062:	2a07      	cmp	r2, #7
3418a064:	f10d 0343 	add.w	r3, sp, #67	@ 0x43
3418a068:	e9cd 2119 	strd	r2, r1, [sp, #100]	@ 0x64
3418a06c:	f8c9 3000 	str.w	r3, [r9]
3418a070:	f300 8394 	bgt.w	3418a79c <_vfiprintf_r+0xa60>
3418a074:	f109 0908 	add.w	r9, r9, #8
3418a078:	9b0c      	ldr	r3, [sp, #48]	@ 0x30
3418a07a:	b17b      	cbz	r3, 3418a09c <_vfiprintf_r+0x360>
3418a07c:	3201      	adds	r2, #1
3418a07e:	ab11      	add	r3, sp, #68	@ 0x44
3418a080:	3102      	adds	r1, #2
3418a082:	f8c9 3000 	str.w	r3, [r9]
3418a086:	2a07      	cmp	r2, #7
3418a088:	f04f 0302 	mov.w	r3, #2
3418a08c:	e9cd 2119 	strd	r2, r1, [sp, #100]	@ 0x64
3418a090:	f8c9 3004 	str.w	r3, [r9, #4]
3418a094:	f300 8375 	bgt.w	3418a782 <_vfiprintf_r+0xa46>
3418a098:	f109 0908 	add.w	r9, r9, #8
3418a09c:	f1b8 0f80 	cmp.w	r8, #128	@ 0x80
3418a0a0:	f000 82f4 	beq.w	3418a68c <_vfiprintf_r+0x950>
3418a0a4:	9b06      	ldr	r3, [sp, #24]
3418a0a6:	980a      	ldr	r0, [sp, #40]	@ 0x28
3418a0a8:	1a1c      	subs	r4, r3, r0
3418a0aa:	2c00      	cmp	r4, #0
3418a0ac:	f300 832c 	bgt.w	3418a708 <_vfiprintf_r+0x9cc>
3418a0b0:	9b0a      	ldr	r3, [sp, #40]	@ 0x28
3418a0b2:	3201      	adds	r2, #1
3418a0b4:	f8c9 5000 	str.w	r5, [r9]
3418a0b8:	4419      	add	r1, r3
3418a0ba:	2a07      	cmp	r2, #7
3418a0bc:	f8c9 3004 	str.w	r3, [r9, #4]
3418a0c0:	e9cd 2119 	strd	r2, r1, [sp, #100]	@ 0x64
3418a0c4:	f300 8351 	bgt.w	3418a76a <_vfiprintf_r+0xa2e>
3418a0c8:	f109 0908 	add.w	r9, r9, #8
3418a0cc:	9b03      	ldr	r3, [sp, #12]
3418a0ce:	075c      	lsls	r4, r3, #29
3418a0d0:	d505      	bpl.n	3418a0de <_vfiprintf_r+0x3a2>
3418a0d2:	9b08      	ldr	r3, [sp, #32]
3418a0d4:	9a05      	ldr	r2, [sp, #20]
3418a0d6:	1a9c      	subs	r4, r3, r2
3418a0d8:	2c00      	cmp	r4, #0
3418a0da:	f300 836c 	bgt.w	3418a7b6 <_vfiprintf_r+0xa7a>
3418a0de:	9805      	ldr	r0, [sp, #20]
3418a0e0:	e9dd 3207 	ldrd	r3, r2, [sp, #28]
3418a0e4:	4282      	cmp	r2, r0
3418a0e6:	bfac      	ite	ge
3418a0e8:	189b      	addge	r3, r3, r2
3418a0ea:	181b      	addlt	r3, r3, r0
3418a0ec:	9307      	str	r3, [sp, #28]
3418a0ee:	2900      	cmp	r1, #0
3418a0f0:	f47f af65 	bne.w	34189fbe <_vfiprintf_r+0x282>
3418a0f4:	2300      	movs	r3, #0
3418a0f6:	9319      	str	r3, [sp, #100]	@ 0x64
3418a0f8:	9b09      	ldr	r3, [sp, #36]	@ 0x24
3418a0fa:	b11b      	cbz	r3, 3418a104 <_vfiprintf_r+0x3c8>
3418a0fc:	9909      	ldr	r1, [sp, #36]	@ 0x24
3418a0fe:	4658      	mov	r0, fp
3418a100:	f7fa fd8c 	bl	34184c1c <_free_r>
3418a104:	f10d 096c 	add.w	r9, sp, #108	@ 0x6c
3418a108:	e65c      	b.n	34189dc4 <_vfiprintf_r+0x88>
3418a10a:	059a      	lsls	r2, r3, #22
3418a10c:	f53f af6d 	bmi.w	34189fea <_vfiprintf_r+0x2ae>
3418a110:	9c04      	ldr	r4, [sp, #16]
3418a112:	6da0      	ldr	r0, [r4, #88]	@ 0x58
3418a114:	f7fa fc3a 	bl	3418498c <__retarget_lock_release_recursive>
3418a118:	f9b4 300c 	ldrsh.w	r3, [r4, #12]
3418a11c:	e765      	b.n	34189fea <_vfiprintf_r+0x2ae>
3418a11e:	9b03      	ldr	r3, [sp, #12]
3418a120:	069c      	lsls	r4, r3, #26
3418a122:	f140 842d 	bpl.w	3418a980 <_vfiprintf_r+0xc44>
3418a126:	9b0b      	ldr	r3, [sp, #44]	@ 0x2c
3418a128:	3307      	adds	r3, #7
3418a12a:	f023 0207 	bic.w	r2, r3, #7
3418a12e:	6853      	ldr	r3, [r2, #4]
3418a130:	f852 4b08 	ldr.w	r4, [r2], #8
3418a134:	4698      	mov	r8, r3
3418a136:	920b      	str	r2, [sp, #44]	@ 0x2c
3418a138:	2b00      	cmp	r3, #0
3418a13a:	f2c0 821b 	blt.w	3418a574 <_vfiprintf_r+0x838>
3418a13e:	9b06      	ldr	r3, [sp, #24]
3418a140:	2b00      	cmp	r3, #0
3418a142:	f2c0 816d 	blt.w	3418a420 <_vfiprintf_r+0x6e4>
3418a146:	9b03      	ldr	r3, [sp, #12]
3418a148:	f023 0380 	bic.w	r3, r3, #128	@ 0x80
3418a14c:	9303      	str	r3, [sp, #12]
3418a14e:	f040 8167 	bne.w	3418a420 <_vfiprintf_r+0x6e4>
3418a152:	ea54 0308 	orrs.w	r3, r4, r8
3418a156:	bf14      	ite	ne
3418a158:	2201      	movne	r2, #1
3418a15a:	2200      	moveq	r2, #0
3418a15c:	f040 8160 	bne.w	3418a420 <_vfiprintf_r+0x6e4>
3418a160:	f89d 3043 	ldrb.w	r3, [sp, #67]	@ 0x43
3418a164:	2b00      	cmp	r3, #0
3418a166:	f000 818f 	beq.w	3418a488 <_vfiprintf_r+0x74c>
3418a16a:	2101      	movs	r1, #1
3418a16c:	ad44      	add	r5, sp, #272	@ 0x110
3418a16e:	9209      	str	r2, [sp, #36]	@ 0x24
3418a170:	9105      	str	r1, [sp, #20]
3418a172:	920a      	str	r2, [sp, #40]	@ 0x28
3418a174:	9206      	str	r2, [sp, #24]
3418a176:	9c03      	ldr	r4, [sp, #12]
3418a178:	e9dd 2119 	ldrd	r2, r1, [sp, #100]	@ 0x64
3418a17c:	f014 0884 	ands.w	r8, r4, #132	@ 0x84
3418a180:	4608      	mov	r0, r1
3418a182:	4613      	mov	r3, r2
3418a184:	f43f af5b 	beq.w	3418a03e <_vfiprintf_r+0x302>
3418a188:	2300      	movs	r3, #0
3418a18a:	930c      	str	r3, [sp, #48]	@ 0x30
3418a18c:	e764      	b.n	3418a058 <_vfiprintf_r+0x31c>
3418a18e:	2300      	movs	r3, #0
3418a190:	f8dd 802c 	ldr.w	r8, [sp, #44]	@ 0x2c
3418a194:	f88d 3043 	strb.w	r3, [sp, #67]	@ 0x43
3418a198:	f858 3b04 	ldr.w	r3, [r8], #4
3418a19c:	9309      	str	r3, [sp, #36]	@ 0x24
3418a19e:	2b00      	cmp	r3, #0
3418a1a0:	f000 854d 	beq.w	3418ac3e <_vfiprintf_r+0xf02>
3418a1a4:	2953      	cmp	r1, #83	@ 0x53
3418a1a6:	f000 848a 	beq.w	3418aabe <_vfiprintf_r+0xd82>
3418a1aa:	9b03      	ldr	r3, [sp, #12]
3418a1ac:	f013 0410 	ands.w	r4, r3, #16
3418a1b0:	f040 8485 	bne.w	3418aabe <_vfiprintf_r+0xd82>
3418a1b4:	9a06      	ldr	r2, [sp, #24]
3418a1b6:	2a00      	cmp	r2, #0
3418a1b8:	f2c0 85a2 	blt.w	3418ad00 <_vfiprintf_r+0xfc4>
3418a1bc:	4621      	mov	r1, r4
3418a1be:	9809      	ldr	r0, [sp, #36]	@ 0x24
3418a1c0:	f7fd ff9c 	bl	341880fc <memchr>
3418a1c4:	f89d 3043 	ldrb.w	r3, [sp, #67]	@ 0x43
3418a1c8:	9d09      	ldr	r5, [sp, #36]	@ 0x24
3418a1ca:	2800      	cmp	r0, #0
3418a1cc:	f000 8637 	beq.w	3418ae3e <_vfiprintf_r+0x1102>
3418a1d0:	1b42      	subs	r2, r0, r5
3418a1d2:	920a      	str	r2, [sp, #40]	@ 0x28
3418a1d4:	ea22 72e2 	bic.w	r2, r2, r2, asr #31
3418a1d8:	9205      	str	r2, [sp, #20]
3418a1da:	2b00      	cmp	r3, #0
3418a1dc:	f000 859d 	beq.w	3418ad1a <_vfiprintf_r+0xfde>
3418a1e0:	3201      	adds	r2, #1
3418a1e2:	9406      	str	r4, [sp, #24]
3418a1e4:	f8cd 802c 	str.w	r8, [sp, #44]	@ 0x2c
3418a1e8:	9205      	str	r2, [sp, #20]
3418a1ea:	9409      	str	r4, [sp, #36]	@ 0x24
3418a1ec:	e7c3      	b.n	3418a176 <_vfiprintf_r+0x43a>
3418a1ee:	2943      	cmp	r1, #67	@ 0x43
3418a1f0:	d003      	beq.n	3418a1fa <_vfiprintf_r+0x4be>
3418a1f2:	9b03      	ldr	r3, [sp, #12]
3418a1f4:	06de      	lsls	r6, r3, #27
3418a1f6:	f140 8444 	bpl.w	3418aa82 <_vfiprintf_r+0xd46>
3418a1fa:	2208      	movs	r2, #8
3418a1fc:	2100      	movs	r1, #0
3418a1fe:	a816      	add	r0, sp, #88	@ 0x58
3418a200:	ad2b      	add	r5, sp, #172	@ 0xac
3418a202:	f7fa fb39 	bl	34184878 <memset>
3418a206:	9a0b      	ldr	r2, [sp, #44]	@ 0x2c
3418a208:	ab16      	add	r3, sp, #88	@ 0x58
3418a20a:	4658      	mov	r0, fp
3418a20c:	6812      	ldr	r2, [r2, #0]
3418a20e:	4629      	mov	r1, r5
3418a210:	f7fd ffbe 	bl	34188190 <_wcrtomb_r>
3418a214:	900a      	str	r0, [sp, #40]	@ 0x28
3418a216:	3001      	adds	r0, #1
3418a218:	f000 85ff 	beq.w	3418ae1a <_vfiprintf_r+0x10de>
3418a21c:	9b0a      	ldr	r3, [sp, #40]	@ 0x28
3418a21e:	ea23 73e3 	bic.w	r3, r3, r3, asr #31
3418a222:	9305      	str	r3, [sp, #20]
3418a224:	9b0b      	ldr	r3, [sp, #44]	@ 0x2c
3418a226:	3304      	adds	r3, #4
3418a228:	930b      	str	r3, [sp, #44]	@ 0x2c
3418a22a:	2300      	movs	r3, #0
3418a22c:	f88d 3043 	strb.w	r3, [sp, #67]	@ 0x43
3418a230:	9309      	str	r3, [sp, #36]	@ 0x24
3418a232:	9306      	str	r3, [sp, #24]
3418a234:	e6fb      	b.n	3418a02e <_vfiprintf_r+0x2f2>
3418a236:	9d04      	ldr	r5, [sp, #16]
3418a238:	6da8      	ldr	r0, [r5, #88]	@ 0x58
3418a23a:	f7fa fba5 	bl	34184988 <__retarget_lock_acquire_recursive>
3418a23e:	f9b5 300c 	ldrsh.w	r3, [r5, #12]
3418a242:	6e6a      	ldr	r2, [r5, #100]	@ 0x64
3418a244:	0499      	lsls	r1, r3, #18
3418a246:	f53f ada0 	bmi.w	34189d8a <_vfiprintf_r+0x4e>
3418a24a:	e597      	b.n	34189d7c <_vfiprintf_r+0x40>
3418a24c:	9b0b      	ldr	r3, [sp, #44]	@ 0x2c
3418a24e:	f853 2b04 	ldr.w	r2, [r3], #4
3418a252:	2a00      	cmp	r2, #0
3418a254:	9208      	str	r2, [sp, #32]
3418a256:	f280 8365 	bge.w	3418a924 <_vfiprintf_r+0xbe8>
3418a25a:	9a08      	ldr	r2, [sp, #32]
3418a25c:	930b      	str	r3, [sp, #44]	@ 0x2c
3418a25e:	4252      	negs	r2, r2
3418a260:	9208      	str	r2, [sp, #32]
3418a262:	9b03      	ldr	r3, [sp, #12]
3418a264:	f043 0304 	orr.w	r3, r3, #4
3418a268:	9303      	str	r3, [sp, #12]
3418a26a:	f89a 3000 	ldrb.w	r3, [sl]
3418a26e:	e5d1      	b.n	34189e14 <_vfiprintf_r+0xd8>
3418a270:	9b03      	ldr	r3, [sp, #12]
3418a272:	069d      	lsls	r5, r3, #26
3418a274:	f043 0010 	orr.w	r0, r3, #16
3418a278:	f140 836a 	bpl.w	3418a950 <_vfiprintf_r+0xc14>
3418a27c:	9b0b      	ldr	r3, [sp, #44]	@ 0x2c
3418a27e:	3307      	adds	r3, #7
3418a280:	f023 0307 	bic.w	r3, r3, #7
3418a284:	4619      	mov	r1, r3
3418a286:	685a      	ldr	r2, [r3, #4]
3418a288:	f851 3b08 	ldr.w	r3, [r1], #8
3418a28c:	910b      	str	r1, [sp, #44]	@ 0x2c
3418a28e:	2100      	movs	r1, #0
3418a290:	f88d 1043 	strb.w	r1, [sp, #67]	@ 0x43
3418a294:	9906      	ldr	r1, [sp, #24]
3418a296:	2900      	cmp	r1, #0
3418a298:	f2c0 82c6 	blt.w	3418a828 <_vfiprintf_r+0xaec>
3418a29c:	f420 6190 	bic.w	r1, r0, #1152	@ 0x480
3418a2a0:	9103      	str	r1, [sp, #12]
3418a2a2:	ea53 0102 	orrs.w	r1, r3, r2
3418a2a6:	f040 82c2 	bne.w	3418a82e <_vfiprintf_r+0xaf2>
3418a2aa:	9906      	ldr	r1, [sp, #24]
3418a2ac:	2900      	cmp	r1, #0
3418a2ae:	f040 82be 	bne.w	3418a82e <_vfiprintf_r+0xaf2>
3418a2b2:	f010 0201 	ands.w	r2, r0, #1
3418a2b6:	9205      	str	r2, [sp, #20]
3418a2b8:	f000 832d 	beq.w	3418a916 <_vfiprintf_r+0xbda>
3418a2bc:	1a49      	subs	r1, r1, r1
3418a2be:	f04f 0330 	mov.w	r3, #48	@ 0x30
3418a2c2:	f20d 150f 	addw	r5, sp, #271	@ 0x10f
3418a2c6:	bf18      	it	ne
3418a2c8:	2101      	movne	r1, #1
3418a2ca:	f88d 310f 	strb.w	r3, [sp, #271]	@ 0x10f
3418a2ce:	9106      	str	r1, [sp, #24]
3418a2d0:	e9cd 1209 	strd	r1, r2, [sp, #36]	@ 0x24
3418a2d4:	e6ab      	b.n	3418a02e <_vfiprintf_r+0x2f2>
3418a2d6:	232b      	movs	r3, #43	@ 0x2b
3418a2d8:	f88d 3043 	strb.w	r3, [sp, #67]	@ 0x43
3418a2dc:	f89a 3000 	ldrb.w	r3, [sl]
3418a2e0:	e598      	b.n	34189e14 <_vfiprintf_r+0xd8>
3418a2e2:	9b03      	ldr	r3, [sp, #12]
3418a2e4:	069a      	lsls	r2, r3, #26
3418a2e6:	f100 80b3 	bmi.w	3418a450 <_vfiprintf_r+0x714>
3418a2ea:	9b03      	ldr	r3, [sp, #12]
3418a2ec:	990b      	ldr	r1, [sp, #44]	@ 0x2c
3418a2ee:	f013 0310 	ands.w	r3, r3, #16
3418a2f2:	f851 4b04 	ldr.w	r4, [r1], #4
3418a2f6:	9305      	str	r3, [sp, #20]
3418a2f8:	f040 85eb 	bne.w	3418aed2 <_vfiprintf_r+0x1196>
3418a2fc:	9b03      	ldr	r3, [sp, #12]
3418a2fe:	f013 0340 	ands.w	r3, r3, #64	@ 0x40
3418a302:	f000 8429 	beq.w	3418ab58 <_vfiprintf_r+0xe1c>
3418a306:	9b05      	ldr	r3, [sp, #20]
3418a308:	f04f 0800 	mov.w	r8, #0
3418a30c:	b2a4      	uxth	r4, r4
3418a30e:	f88d 3043 	strb.w	r3, [sp, #67]	@ 0x43
3418a312:	9b06      	ldr	r3, [sp, #24]
3418a314:	4543      	cmp	r3, r8
3418a316:	f2c0 842a 	blt.w	3418ab6e <_vfiprintf_r+0xe32>
3418a31a:	9b03      	ldr	r3, [sp, #12]
3418a31c:	f023 0380 	bic.w	r3, r3, #128	@ 0x80
3418a320:	9303      	str	r3, [sp, #12]
3418a322:	9b06      	ldr	r3, [sp, #24]
3418a324:	2b00      	cmp	r3, #0
3418a326:	f040 8422 	bne.w	3418ab6e <_vfiprintf_r+0xe32>
3418a32a:	ea54 0308 	orrs.w	r3, r4, r8
3418a32e:	f040 841e 	bne.w	3418ab6e <_vfiprintf_r+0xe32>
3418a332:	bf14      	ite	ne
3418a334:	2301      	movne	r3, #1
3418a336:	2300      	moveq	r3, #0
3418a338:	ad44      	add	r5, sp, #272	@ 0x110
3418a33a:	910b      	str	r1, [sp, #44]	@ 0x2c
3418a33c:	9306      	str	r3, [sp, #24]
3418a33e:	e9cd 3309 	strd	r3, r3, [sp, #36]	@ 0x24
3418a342:	e674      	b.n	3418a02e <_vfiprintf_r+0x2f2>
3418a344:	2200      	movs	r2, #0
3418a346:	990b      	ldr	r1, [sp, #44]	@ 0x2c
3418a348:	9c06      	ldr	r4, [sp, #24]
3418a34a:	f647 0330 	movw	r3, #30768	@ 0x7830
3418a34e:	f851 0b04 	ldr.w	r0, [r1], #4
3418a352:	4294      	cmp	r4, r2
3418a354:	f8ad 3044 	strh.w	r3, [sp, #68]	@ 0x44
3418a358:	f88d 2043 	strb.w	r2, [sp, #67]	@ 0x43
3418a35c:	4603      	mov	r3, r0
3418a35e:	f2c0 8370 	blt.w	3418aa42 <_vfiprintf_r+0xd06>
3418a362:	9c03      	ldr	r4, [sp, #12]
3418a364:	f024 0480 	bic.w	r4, r4, #128	@ 0x80
3418a368:	f044 0402 	orr.w	r4, r4, #2
3418a36c:	9403      	str	r4, [sp, #12]
3418a36e:	f040 8587 	bne.w	3418ae80 <_vfiprintf_r+0x1144>
3418a372:	2800      	cmp	r0, #0
3418a374:	f040 8584 	bne.w	3418ae80 <_vfiprintf_r+0x1144>
3418a378:	1a03      	subs	r3, r0, r0
3418a37a:	ad44      	add	r5, sp, #272	@ 0x110
3418a37c:	910b      	str	r1, [sp, #44]	@ 0x2c
3418a37e:	bf18      	it	ne
3418a380:	2301      	movne	r3, #1
3418a382:	9306      	str	r3, [sp, #24]
3418a384:	9305      	str	r3, [sp, #20]
3418a386:	930a      	str	r3, [sp, #40]	@ 0x28
3418a388:	9b05      	ldr	r3, [sp, #20]
3418a38a:	9c03      	ldr	r4, [sp, #12]
3418a38c:	3302      	adds	r3, #2
3418a38e:	f014 0884 	ands.w	r8, r4, #132	@ 0x84
3418a392:	9305      	str	r3, [sp, #20]
3418a394:	e9dd 2119 	ldrd	r2, r1, [sp, #100]	@ 0x64
3418a398:	4608      	mov	r0, r1
3418a39a:	4613      	mov	r3, r2
3418a39c:	f000 83e9 	beq.w	3418ab72 <_vfiprintf_r+0xe36>
3418a3a0:	2300      	movs	r3, #0
3418a3a2:	9309      	str	r3, [sp, #36]	@ 0x24
3418a3a4:	e66a      	b.n	3418a07c <_vfiprintf_r+0x340>
3418a3a6:	9803      	ldr	r0, [sp, #12]
3418a3a8:	0684      	lsls	r4, r0, #26
3418a3aa:	f53f af67 	bmi.w	3418a27c <_vfiprintf_r+0x540>
3418a3ae:	9a03      	ldr	r2, [sp, #12]
3418a3b0:	990b      	ldr	r1, [sp, #44]	@ 0x2c
3418a3b2:	06d0      	lsls	r0, r2, #27
3418a3b4:	f851 3b04 	ldr.w	r3, [r1], #4
3418a3b8:	f100 858e 	bmi.w	3418aed8 <_vfiprintf_r+0x119c>
3418a3bc:	9803      	ldr	r0, [sp, #12]
3418a3be:	0642      	lsls	r2, r0, #25
3418a3c0:	f140 845a 	bpl.w	3418ac78 <_vfiprintf_r+0xf3c>
3418a3c4:	b29b      	uxth	r3, r3
3418a3c6:	2200      	movs	r2, #0
3418a3c8:	910b      	str	r1, [sp, #44]	@ 0x2c
3418a3ca:	e760      	b.n	3418a28e <_vfiprintf_r+0x552>
3418a3cc:	9903      	ldr	r1, [sp, #12]
3418a3ce:	9a0b      	ldr	r2, [sp, #44]	@ 0x2c
3418a3d0:	0688      	lsls	r0, r1, #26
3418a3d2:	f102 0304 	add.w	r3, r2, #4
3418a3d6:	f140 82c2 	bpl.w	3418a95e <_vfiprintf_r+0xc22>
3418a3da:	6812      	ldr	r2, [r2, #0]
3418a3dc:	9907      	ldr	r1, [sp, #28]
3418a3de:	6011      	str	r1, [r2, #0]
3418a3e0:	17c9      	asrs	r1, r1, #31
3418a3e2:	6051      	str	r1, [r2, #4]
3418a3e4:	930b      	str	r3, [sp, #44]	@ 0x2c
3418a3e6:	e4ed      	b.n	34189dc4 <_vfiprintf_r+0x88>
3418a3e8:	f89a 3000 	ldrb.w	r3, [sl]
3418a3ec:	2b6c      	cmp	r3, #108	@ 0x6c
3418a3ee:	f000 835c 	beq.w	3418aaaa <_vfiprintf_r+0xd6e>
3418a3f2:	9a03      	ldr	r2, [sp, #12]
3418a3f4:	f042 0210 	orr.w	r2, r2, #16
3418a3f8:	9203      	str	r2, [sp, #12]
3418a3fa:	e50b      	b.n	34189e14 <_vfiprintf_r+0xd8>
3418a3fc:	9b03      	ldr	r3, [sp, #12]
3418a3fe:	0699      	lsls	r1, r3, #26
3418a400:	f043 0210 	orr.w	r2, r3, #16
3418a404:	d425      	bmi.n	3418a452 <_vfiprintf_r+0x716>
3418a406:	9b0b      	ldr	r3, [sp, #44]	@ 0x2c
3418a408:	1d19      	adds	r1, r3, #4
3418a40a:	9b0b      	ldr	r3, [sp, #44]	@ 0x2c
3418a40c:	f04f 0800 	mov.w	r8, #0
3418a410:	910b      	str	r1, [sp, #44]	@ 0x2c
3418a412:	681c      	ldr	r4, [r3, #0]
3418a414:	9b06      	ldr	r3, [sp, #24]
3418a416:	f88d 8043 	strb.w	r8, [sp, #67]	@ 0x43
3418a41a:	4543      	cmp	r3, r8
3418a41c:	da28      	bge.n	3418a470 <_vfiprintf_r+0x734>
3418a41e:	9203      	str	r2, [sp, #12]
3418a420:	2c0a      	cmp	r4, #10
3418a422:	f178 0300 	sbcs.w	r3, r8, #0
3418a426:	f080 80b8 	bcs.w	3418a59a <_vfiprintf_r+0x85e>
3418a42a:	9a06      	ldr	r2, [sp, #24]
3418a42c:	3430      	adds	r4, #48	@ 0x30
3418a42e:	f89d 3043 	ldrb.w	r3, [sp, #67]	@ 0x43
3418a432:	2a01      	cmp	r2, #1
3418a434:	f88d 410f 	strb.w	r4, [sp, #271]	@ 0x10f
3418a438:	bfb8      	it	lt
3418a43a:	2201      	movlt	r2, #1
3418a43c:	9205      	str	r2, [sp, #20]
3418a43e:	2b00      	cmp	r3, #0
3418a440:	f040 8279 	bne.w	3418a936 <_vfiprintf_r+0xbfa>
3418a444:	9309      	str	r3, [sp, #36]	@ 0x24
3418a446:	2301      	movs	r3, #1
3418a448:	f20d 150f 	addw	r5, sp, #271	@ 0x10f
3418a44c:	930a      	str	r3, [sp, #40]	@ 0x28
3418a44e:	e5ee      	b.n	3418a02e <_vfiprintf_r+0x2f2>
3418a450:	461a      	mov	r2, r3
3418a452:	9b0b      	ldr	r3, [sp, #44]	@ 0x2c
3418a454:	2100      	movs	r1, #0
3418a456:	3307      	adds	r3, #7
3418a458:	f88d 1043 	strb.w	r1, [sp, #67]	@ 0x43
3418a45c:	f023 0307 	bic.w	r3, r3, #7
3418a460:	f8d3 8004 	ldr.w	r8, [r3, #4]
3418a464:	f853 4b08 	ldr.w	r4, [r3], #8
3418a468:	930b      	str	r3, [sp, #44]	@ 0x2c
3418a46a:	9b06      	ldr	r3, [sp, #24]
3418a46c:	428b      	cmp	r3, r1
3418a46e:	dbd6      	blt.n	3418a41e <_vfiprintf_r+0x6e2>
3418a470:	f022 0380 	bic.w	r3, r2, #128	@ 0x80
3418a474:	9303      	str	r3, [sp, #12]
3418a476:	9b06      	ldr	r3, [sp, #24]
3418a478:	2b00      	cmp	r3, #0
3418a47a:	d1d1      	bne.n	3418a420 <_vfiprintf_r+0x6e4>
3418a47c:	ea54 0308 	orrs.w	r3, r4, r8
3418a480:	d1ce      	bne.n	3418a420 <_vfiprintf_r+0x6e4>
3418a482:	bf14      	ite	ne
3418a484:	2301      	movne	r3, #1
3418a486:	2300      	moveq	r3, #0
3418a488:	ad44      	add	r5, sp, #272	@ 0x110
3418a48a:	9309      	str	r3, [sp, #36]	@ 0x24
3418a48c:	9306      	str	r3, [sp, #24]
3418a48e:	930a      	str	r3, [sp, #40]	@ 0x28
3418a490:	9305      	str	r3, [sp, #20]
3418a492:	e5cc      	b.n	3418a02e <_vfiprintf_r+0x2f2>
3418a494:	f89a 3000 	ldrb.w	r3, [sl]
3418a498:	2b68      	cmp	r3, #104	@ 0x68
3418a49a:	f000 82fc 	beq.w	3418aa96 <_vfiprintf_r+0xd5a>
3418a49e:	9a03      	ldr	r2, [sp, #12]
3418a4a0:	f042 0240 	orr.w	r2, r2, #64	@ 0x40
3418a4a4:	9203      	str	r2, [sp, #12]
3418a4a6:	e4b5      	b.n	34189e14 <_vfiprintf_r+0xd8>
3418a4a8:	4658      	mov	r0, fp
3418a4aa:	f7fd fdb5 	bl	34188018 <_localeconv_r>
3418a4ae:	6843      	ldr	r3, [r0, #4]
3418a4b0:	4618      	mov	r0, r3
3418a4b2:	930f      	str	r3, [sp, #60]	@ 0x3c
3418a4b4:	f7fa fae2 	bl	34184a7c <strlen>
3418a4b8:	900e      	str	r0, [sp, #56]	@ 0x38
3418a4ba:	4604      	mov	r4, r0
3418a4bc:	4658      	mov	r0, fp
3418a4be:	f7fd fdab 	bl	34188018 <_localeconv_r>
3418a4c2:	6882      	ldr	r2, [r0, #8]
3418a4c4:	f89a 3000 	ldrb.w	r3, [sl]
3418a4c8:	920d      	str	r2, [sp, #52]	@ 0x34
3418a4ca:	2c00      	cmp	r4, #0
3418a4cc:	f43f aca2 	beq.w	34189e14 <_vfiprintf_r+0xd8>
3418a4d0:	2a00      	cmp	r2, #0
3418a4d2:	f43f ac9f 	beq.w	34189e14 <_vfiprintf_r+0xd8>
3418a4d6:	7812      	ldrb	r2, [r2, #0]
3418a4d8:	2a00      	cmp	r2, #0
3418a4da:	f43f ac9b 	beq.w	34189e14 <_vfiprintf_r+0xd8>
3418a4de:	9a03      	ldr	r2, [sp, #12]
3418a4e0:	f442 6280 	orr.w	r2, r2, #1024	@ 0x400
3418a4e4:	9203      	str	r2, [sp, #12]
3418a4e6:	e495      	b.n	34189e14 <_vfiprintf_r+0xd8>
3418a4e8:	9b03      	ldr	r3, [sp, #12]
3418a4ea:	f043 0301 	orr.w	r3, r3, #1
3418a4ee:	9303      	str	r3, [sp, #12]
3418a4f0:	f89a 3000 	ldrb.w	r3, [sl]
3418a4f4:	e48e      	b.n	34189e14 <_vfiprintf_r+0xd8>
3418a4f6:	f89d 2043 	ldrb.w	r2, [sp, #67]	@ 0x43
3418a4fa:	f89a 3000 	ldrb.w	r3, [sl]
3418a4fe:	2a00      	cmp	r2, #0
3418a500:	f47f ac88 	bne.w	34189e14 <_vfiprintf_r+0xd8>
3418a504:	2220      	movs	r2, #32
3418a506:	f88d 2043 	strb.w	r2, [sp, #67]	@ 0x43
3418a50a:	e483      	b.n	34189e14 <_vfiprintf_r+0xd8>
3418a50c:	9b03      	ldr	r3, [sp, #12]
3418a50e:	f043 0380 	orr.w	r3, r3, #128	@ 0x80
3418a512:	9303      	str	r3, [sp, #12]
3418a514:	f89a 3000 	ldrb.w	r3, [sl]
3418a518:	e47c      	b.n	34189e14 <_vfiprintf_r+0xd8>
3418a51a:	4650      	mov	r0, sl
3418a51c:	f810 1b01 	ldrb.w	r1, [r0], #1
3418a520:	292a      	cmp	r1, #42	@ 0x2a
3418a522:	f000 84bc 	beq.w	3418ae9e <_vfiprintf_r+0x1162>
3418a526:	f1a1 0330 	sub.w	r3, r1, #48	@ 0x30
3418a52a:	2b09      	cmp	r3, #9
3418a52c:	f200 8459 	bhi.w	3418ade2 <_vfiprintf_r+0x10a6>
3418a530:	2200      	movs	r2, #0
3418a532:	eb02 0282 	add.w	r2, r2, r2, lsl #2
3418a536:	f810 1b01 	ldrb.w	r1, [r0], #1
3418a53a:	eb03 0242 	add.w	r2, r3, r2, lsl #1
3418a53e:	f1a1 0330 	sub.w	r3, r1, #48	@ 0x30
3418a542:	2b09      	cmp	r3, #9
3418a544:	d9f5      	bls.n	3418a532 <_vfiprintf_r+0x7f6>
3418a546:	ea42 73e2 	orr.w	r3, r2, r2, asr #31
3418a54a:	4682      	mov	sl, r0
3418a54c:	9306      	str	r3, [sp, #24]
3418a54e:	e464      	b.n	34189e1a <_vfiprintf_r+0xde>
3418a550:	9a03      	ldr	r2, [sp, #12]
3418a552:	0695      	lsls	r5, r2, #26
3418a554:	f042 0310 	orr.w	r3, r2, #16
3418a558:	f100 822d 	bmi.w	3418a9b6 <_vfiprintf_r+0xc7a>
3418a55c:	9a0b      	ldr	r2, [sp, #44]	@ 0x2c
3418a55e:	1d11      	adds	r1, r2, #4
3418a560:	9a0b      	ldr	r2, [sp, #44]	@ 0x2c
3418a562:	9303      	str	r3, [sp, #12]
3418a564:	6814      	ldr	r4, [r2, #0]
3418a566:	910b      	str	r1, [sp, #44]	@ 0x2c
3418a568:	ea4f 78e4 	mov.w	r8, r4, asr #31
3418a56c:	4643      	mov	r3, r8
3418a56e:	2b00      	cmp	r3, #0
3418a570:	f6bf ade5 	bge.w	3418a13e <_vfiprintf_r+0x402>
3418a574:	232d      	movs	r3, #45	@ 0x2d
3418a576:	4264      	negs	r4, r4
3418a578:	f88d 3043 	strb.w	r3, [sp, #67]	@ 0x43
3418a57c:	eb68 0848 	sbc.w	r8, r8, r8, lsl #1
3418a580:	9b06      	ldr	r3, [sp, #24]
3418a582:	2b00      	cmp	r3, #0
3418a584:	f6ff af4c 	blt.w	3418a420 <_vfiprintf_r+0x6e4>
3418a588:	9b03      	ldr	r3, [sp, #12]
3418a58a:	2c0a      	cmp	r4, #10
3418a58c:	f023 0380 	bic.w	r3, r3, #128	@ 0x80
3418a590:	9303      	str	r3, [sp, #12]
3418a592:	f178 0300 	sbcs.w	r3, r8, #0
3418a596:	f4ff af48 	bcc.w	3418a42a <_vfiprintf_r+0x6ee>
3418a59a:	9b03      	ldr	r3, [sp, #12]
3418a59c:	f04f 0e00 	mov.w	lr, #0
3418a5a0:	a944      	add	r1, sp, #272	@ 0x110
3418a5a2:	f403 6680 	and.w	r6, r3, #1024	@ 0x400
3418a5a6:	e9cd 9a09 	strd	r9, sl, [sp, #36]	@ 0x24
3418a5aa:	9605      	str	r6, [sp, #20]
3418a5ac:	f8dd a034 	ldr.w	sl, [sp, #52]	@ 0x34
3418a5b0:	e026      	b.n	3418a600 <_vfiprintf_r+0x8c4>
3418a5b2:	9605      	str	r6, [sp, #20]
3418a5b4:	eb14 0308 	adds.w	r3, r4, r8
3418a5b8:	4eb2      	ldr	r6, [pc, #712]	@ (3418a884 <_vfiprintf_r+0xb48>)
3418a5ba:	46a1      	mov	r9, r4
3418a5bc:	4640      	mov	r0, r8
3418a5be:	f143 0300 	adc.w	r3, r3, #0
3418a5c2:	4629      	mov	r1, r5
3418a5c4:	fba6 2c03 	umull	r2, ip, r6, r3
3418a5c8:	f02c 0203 	bic.w	r2, ip, #3
3418a5cc:	eb02 029c 	add.w	r2, r2, ip, lsr #2
3418a5d0:	1a9b      	subs	r3, r3, r2
3418a5d2:	f04f 32cc 	mov.w	r2, #3435973836	@ 0xcccccccc
3418a5d6:	1ae3      	subs	r3, r4, r3
3418a5d8:	f168 0800 	sbc.w	r8, r8, #0
3418a5dc:	fb02 f203 	mul.w	r2, r2, r3
3418a5e0:	f1b9 0f0a 	cmp.w	r9, #10
3418a5e4:	fba3 4306 	umull	r4, r3, r3, r6
3418a5e8:	fb06 2208 	mla	r2, r6, r8, r2
3418a5ec:	ea4f 0454 	mov.w	r4, r4, lsr #1
3418a5f0:	f170 0000 	sbcs.w	r0, r0, #0
3418a5f4:	4413      	add	r3, r2
3418a5f6:	ea44 74c3 	orr.w	r4, r4, r3, lsl #31
3418a5fa:	ea4f 0853 	mov.w	r8, r3, lsr #1
3418a5fe:	d330      	bcc.n	3418a662 <_vfiprintf_r+0x926>
3418a600:	eb14 0308 	adds.w	r3, r4, r8
3418a604:	4a9f      	ldr	r2, [pc, #636]	@ (3418a884 <_vfiprintf_r+0xb48>)
3418a606:	f10e 0e01 	add.w	lr, lr, #1
3418a60a:	f101 35ff 	add.w	r5, r1, #4294967295	@ 0xffffffff
3418a60e:	f143 0300 	adc.w	r3, r3, #0
3418a612:	4616      	mov	r6, r2
3418a614:	fba2 2003 	umull	r2, r0, r2, r3
3418a618:	f020 0203 	bic.w	r2, r0, #3
3418a61c:	eb02 0290 	add.w	r2, r2, r0, lsr #2
3418a620:	1a9b      	subs	r3, r3, r2
3418a622:	1ae3      	subs	r3, r4, r3
3418a624:	fba3 3206 	umull	r3, r2, r3, r6
3418a628:	f168 0000 	sbc.w	r0, r8, #0
3418a62c:	085b      	lsrs	r3, r3, #1
3418a62e:	fb06 2200 	mla	r2, r6, r0, r2
3418a632:	ea43 73c2 	orr.w	r3, r3, r2, lsl #31
3418a636:	eb03 0383 	add.w	r3, r3, r3, lsl #2
3418a63a:	eba4 0343 	sub.w	r3, r4, r3, lsl #1
3418a63e:	3330      	adds	r3, #48	@ 0x30
3418a640:	f801 3c01 	strb.w	r3, [r1, #-1]
3418a644:	9b05      	ldr	r3, [sp, #20]
3418a646:	2b00      	cmp	r3, #0
3418a648:	d0b4      	beq.n	3418a5b4 <_vfiprintf_r+0x878>
3418a64a:	461e      	mov	r6, r3
3418a64c:	f89a 3000 	ldrb.w	r3, [sl]
3418a650:	4573      	cmp	r3, lr
3418a652:	d1ae      	bne.n	3418a5b2 <_vfiprintf_r+0x876>
3418a654:	2bff      	cmp	r3, #255	@ 0xff
3418a656:	d0ac      	beq.n	3418a5b2 <_vfiprintf_r+0x876>
3418a658:	2c0a      	cmp	r4, #10
3418a65a:	f178 0300 	sbcs.w	r3, r8, #0
3418a65e:	f080 8371 	bcs.w	3418ad44 <_vfiprintf_r+0x1008>
3418a662:	ab44      	add	r3, sp, #272	@ 0x110
3418a664:	9906      	ldr	r1, [sp, #24]
3418a666:	f8cd a034 	str.w	sl, [sp, #52]	@ 0x34
3418a66a:	1b5a      	subs	r2, r3, r5
3418a66c:	f89d 3043 	ldrb.w	r3, [sp, #67]	@ 0x43
3418a670:	4291      	cmp	r1, r2
3418a672:	bfb8      	it	lt
3418a674:	4611      	movlt	r1, r2
3418a676:	e9dd 9a09 	ldrd	r9, sl, [sp, #36]	@ 0x24
3418a67a:	9105      	str	r1, [sp, #20]
3418a67c:	920a      	str	r2, [sp, #40]	@ 0x28
3418a67e:	2b00      	cmp	r3, #0
3418a680:	f000 81ca 	beq.w	3418aa18 <_vfiprintf_r+0xcdc>
3418a684:	9b05      	ldr	r3, [sp, #20]
3418a686:	3301      	adds	r3, #1
3418a688:	9305      	str	r3, [sp, #20]
3418a68a:	e1c5      	b.n	3418aa18 <_vfiprintf_r+0xcdc>
3418a68c:	9b08      	ldr	r3, [sp, #32]
3418a68e:	9805      	ldr	r0, [sp, #20]
3418a690:	1a1c      	subs	r4, r3, r0
3418a692:	2c00      	cmp	r4, #0
3418a694:	f77f ad06 	ble.w	3418a0a4 <_vfiprintf_r+0x368>
3418a698:	2c10      	cmp	r4, #16
3418a69a:	4e7b      	ldr	r6, [pc, #492]	@ (3418a888 <_vfiprintf_r+0xb4c>)
3418a69c:	dd21      	ble.n	3418a6e2 <_vfiprintf_r+0x9a6>
3418a69e:	950c      	str	r5, [sp, #48]	@ 0x30
3418a6a0:	f04f 0810 	mov.w	r8, #16
3418a6a4:	9d04      	ldr	r5, [sp, #16]
3418a6a6:	e002      	b.n	3418a6ae <_vfiprintf_r+0x972>
3418a6a8:	3c10      	subs	r4, #16
3418a6aa:	2c10      	cmp	r4, #16
3418a6ac:	dd18      	ble.n	3418a6e0 <_vfiprintf_r+0x9a4>
3418a6ae:	3201      	adds	r2, #1
3418a6b0:	3110      	adds	r1, #16
3418a6b2:	2a07      	cmp	r2, #7
3418a6b4:	e9c9 6800 	strd	r6, r8, [r9]
3418a6b8:	e9cd 2119 	strd	r2, r1, [sp, #100]	@ 0x64
3418a6bc:	f109 0908 	add.w	r9, r9, #8
3418a6c0:	ddf2      	ble.n	3418a6a8 <_vfiprintf_r+0x96c>
3418a6c2:	aa18      	add	r2, sp, #96	@ 0x60
3418a6c4:	4629      	mov	r1, r5
3418a6c6:	4658      	mov	r0, fp
3418a6c8:	f7fd faae 	bl	34187c28 <__sprint_r>
3418a6cc:	2800      	cmp	r0, #0
3418a6ce:	f47f ac7e 	bne.w	34189fce <_vfiprintf_r+0x292>
3418a6d2:	3c10      	subs	r4, #16
3418a6d4:	f10d 096c 	add.w	r9, sp, #108	@ 0x6c
3418a6d8:	2c10      	cmp	r4, #16
3418a6da:	e9dd 2119 	ldrd	r2, r1, [sp, #100]	@ 0x64
3418a6de:	dce6      	bgt.n	3418a6ae <_vfiprintf_r+0x972>
3418a6e0:	9d0c      	ldr	r5, [sp, #48]	@ 0x30
3418a6e2:	3201      	adds	r2, #1
3418a6e4:	4421      	add	r1, r4
3418a6e6:	f8c9 6000 	str.w	r6, [r9]
3418a6ea:	2a07      	cmp	r2, #7
3418a6ec:	f8c9 4004 	str.w	r4, [r9, #4]
3418a6f0:	e9cd 2119 	strd	r2, r1, [sp, #100]	@ 0x64
3418a6f4:	f300 828f 	bgt.w	3418ac16 <_vfiprintf_r+0xeda>
3418a6f8:	9b06      	ldr	r3, [sp, #24]
3418a6fa:	f109 0908 	add.w	r9, r9, #8
3418a6fe:	980a      	ldr	r0, [sp, #40]	@ 0x28
3418a700:	1a1c      	subs	r4, r3, r0
3418a702:	2c00      	cmp	r4, #0
3418a704:	f77f acd4 	ble.w	3418a0b0 <_vfiprintf_r+0x374>
3418a708:	2c10      	cmp	r4, #16
3418a70a:	4e5f      	ldr	r6, [pc, #380]	@ (3418a888 <_vfiprintf_r+0xb4c>)
3418a70c:	dd1f      	ble.n	3418a74e <_vfiprintf_r+0xa12>
3418a70e:	f04f 0810 	mov.w	r8, #16
3418a712:	e002      	b.n	3418a71a <_vfiprintf_r+0x9de>
3418a714:	3c10      	subs	r4, #16
3418a716:	2c10      	cmp	r4, #16
3418a718:	dd19      	ble.n	3418a74e <_vfiprintf_r+0xa12>
3418a71a:	3201      	adds	r2, #1
3418a71c:	3110      	adds	r1, #16
3418a71e:	4b5a      	ldr	r3, [pc, #360]	@ (3418a888 <_vfiprintf_r+0xb4c>)
3418a720:	2a07      	cmp	r2, #7
3418a722:	e9c9 3800 	strd	r3, r8, [r9]
3418a726:	e9cd 2119 	strd	r2, r1, [sp, #100]	@ 0x64
3418a72a:	f109 0908 	add.w	r9, r9, #8
3418a72e:	ddf1      	ble.n	3418a714 <_vfiprintf_r+0x9d8>
3418a730:	aa18      	add	r2, sp, #96	@ 0x60
3418a732:	9904      	ldr	r1, [sp, #16]
3418a734:	4658      	mov	r0, fp
3418a736:	f10d 096c 	add.w	r9, sp, #108	@ 0x6c
3418a73a:	f7fd fa75 	bl	34187c28 <__sprint_r>
3418a73e:	2800      	cmp	r0, #0
3418a740:	f47f ac45 	bne.w	34189fce <_vfiprintf_r+0x292>
3418a744:	3c10      	subs	r4, #16
3418a746:	2c10      	cmp	r4, #16
3418a748:	e9dd 2119 	ldrd	r2, r1, [sp, #100]	@ 0x64
3418a74c:	dce5      	bgt.n	3418a71a <_vfiprintf_r+0x9de>
3418a74e:	3201      	adds	r2, #1
3418a750:	4421      	add	r1, r4
3418a752:	f8c9 6000 	str.w	r6, [r9]
3418a756:	2a07      	cmp	r2, #7
3418a758:	f8c9 4004 	str.w	r4, [r9, #4]
3418a75c:	e9cd 2119 	strd	r2, r1, [sp, #100]	@ 0x64
3418a760:	f300 80cb 	bgt.w	3418a8fa <_vfiprintf_r+0xbbe>
3418a764:	f109 0908 	add.w	r9, r9, #8
3418a768:	e4a2      	b.n	3418a0b0 <_vfiprintf_r+0x374>
3418a76a:	aa18      	add	r2, sp, #96	@ 0x60
3418a76c:	9904      	ldr	r1, [sp, #16]
3418a76e:	4658      	mov	r0, fp
3418a770:	f7fd fa5a 	bl	34187c28 <__sprint_r>
3418a774:	2800      	cmp	r0, #0
3418a776:	f47f ac2a 	bne.w	34189fce <_vfiprintf_r+0x292>
3418a77a:	991a      	ldr	r1, [sp, #104]	@ 0x68
3418a77c:	f10d 096c 	add.w	r9, sp, #108	@ 0x6c
3418a780:	e4a4      	b.n	3418a0cc <_vfiprintf_r+0x390>
3418a782:	aa18      	add	r2, sp, #96	@ 0x60
3418a784:	9904      	ldr	r1, [sp, #16]
3418a786:	4658      	mov	r0, fp
3418a788:	f7fd fa4e 	bl	34187c28 <__sprint_r>
3418a78c:	2800      	cmp	r0, #0
3418a78e:	f47f ac1e 	bne.w	34189fce <_vfiprintf_r+0x292>
3418a792:	f10d 096c 	add.w	r9, sp, #108	@ 0x6c
3418a796:	e9dd 2119 	ldrd	r2, r1, [sp, #100]	@ 0x64
3418a79a:	e47f      	b.n	3418a09c <_vfiprintf_r+0x360>
3418a79c:	aa18      	add	r2, sp, #96	@ 0x60
3418a79e:	9904      	ldr	r1, [sp, #16]
3418a7a0:	4658      	mov	r0, fp
3418a7a2:	f7fd fa41 	bl	34187c28 <__sprint_r>
3418a7a6:	2800      	cmp	r0, #0
3418a7a8:	f47f ac11 	bne.w	34189fce <_vfiprintf_r+0x292>
3418a7ac:	f10d 096c 	add.w	r9, sp, #108	@ 0x6c
3418a7b0:	e9dd 2119 	ldrd	r2, r1, [sp, #100]	@ 0x64
3418a7b4:	e460      	b.n	3418a078 <_vfiprintf_r+0x33c>
3418a7b6:	2c10      	cmp	r4, #16
3418a7b8:	9b19      	ldr	r3, [sp, #100]	@ 0x64
3418a7ba:	f340 8321 	ble.w	3418ae00 <_vfiprintf_r+0x10c4>
3418a7be:	2510      	movs	r5, #16
3418a7c0:	4e32      	ldr	r6, [pc, #200]	@ (3418a88c <_vfiprintf_r+0xb50>)
3418a7c2:	f8dd 8010 	ldr.w	r8, [sp, #16]
3418a7c6:	e002      	b.n	3418a7ce <_vfiprintf_r+0xa92>
3418a7c8:	3c10      	subs	r4, #16
3418a7ca:	2c10      	cmp	r4, #16
3418a7cc:	dd18      	ble.n	3418a800 <_vfiprintf_r+0xac4>
3418a7ce:	3301      	adds	r3, #1
3418a7d0:	3110      	adds	r1, #16
3418a7d2:	2b07      	cmp	r3, #7
3418a7d4:	e9c9 6500 	strd	r6, r5, [r9]
3418a7d8:	e9cd 3119 	strd	r3, r1, [sp, #100]	@ 0x64
3418a7dc:	f109 0908 	add.w	r9, r9, #8
3418a7e0:	ddf2      	ble.n	3418a7c8 <_vfiprintf_r+0xa8c>
3418a7e2:	aa18      	add	r2, sp, #96	@ 0x60
3418a7e4:	4641      	mov	r1, r8
3418a7e6:	4658      	mov	r0, fp
3418a7e8:	f10d 096c 	add.w	r9, sp, #108	@ 0x6c
3418a7ec:	f7fd fa1c 	bl	34187c28 <__sprint_r>
3418a7f0:	2800      	cmp	r0, #0
3418a7f2:	f47f abec 	bne.w	34189fce <_vfiprintf_r+0x292>
3418a7f6:	3c10      	subs	r4, #16
3418a7f8:	2c10      	cmp	r4, #16
3418a7fa:	e9dd 3119 	ldrd	r3, r1, [sp, #100]	@ 0x64
3418a7fe:	dce6      	bgt.n	3418a7ce <_vfiprintf_r+0xa92>
3418a800:	46b0      	mov	r8, r6
3418a802:	3301      	adds	r3, #1
3418a804:	4421      	add	r1, r4
3418a806:	2b07      	cmp	r3, #7
3418a808:	e9c9 8400 	strd	r8, r4, [r9]
3418a80c:	e9cd 3119 	strd	r3, r1, [sp, #100]	@ 0x64
3418a810:	f77f ac65 	ble.w	3418a0de <_vfiprintf_r+0x3a2>
3418a814:	aa18      	add	r2, sp, #96	@ 0x60
3418a816:	9904      	ldr	r1, [sp, #16]
3418a818:	4658      	mov	r0, fp
3418a81a:	f7fd fa05 	bl	34187c28 <__sprint_r>
3418a81e:	2800      	cmp	r0, #0
3418a820:	f47f abd5 	bne.w	34189fce <_vfiprintf_r+0x292>
3418a824:	991a      	ldr	r1, [sp, #104]	@ 0x68
3418a826:	e45a      	b.n	3418a0de <_vfiprintf_r+0x3a2>
3418a828:	f420 6180 	bic.w	r1, r0, #1024	@ 0x400
3418a82c:	9103      	str	r1, [sp, #12]
3418a82e:	ad44      	add	r5, sp, #272	@ 0x110
3418a830:	f003 0107 	and.w	r1, r3, #7
3418a834:	08db      	lsrs	r3, r3, #3
3418a836:	4628      	mov	r0, r5
3418a838:	ea43 7342 	orr.w	r3, r3, r2, lsl #29
3418a83c:	3130      	adds	r1, #48	@ 0x30
3418a83e:	08d2      	lsrs	r2, r2, #3
3418a840:	f805 1d01 	strb.w	r1, [r5, #-1]!
3418a844:	ea53 0402 	orrs.w	r4, r3, r2
3418a848:	d1f2      	bne.n	3418a830 <_vfiprintf_r+0xaf4>
3418a84a:	2930      	cmp	r1, #48	@ 0x30
3418a84c:	d003      	beq.n	3418a856 <_vfiprintf_r+0xb1a>
3418a84e:	9b03      	ldr	r3, [sp, #12]
3418a850:	07de      	lsls	r6, r3, #31
3418a852:	f100 80a7 	bmi.w	3418a9a4 <_vfiprintf_r+0xc68>
3418a856:	ab44      	add	r3, sp, #272	@ 0x110
3418a858:	1b5b      	subs	r3, r3, r5
3418a85a:	930a      	str	r3, [sp, #40]	@ 0x28
3418a85c:	2200      	movs	r2, #0
3418a85e:	9209      	str	r2, [sp, #36]	@ 0x24
3418a860:	9a06      	ldr	r2, [sp, #24]
3418a862:	429a      	cmp	r2, r3
3418a864:	bfb8      	it	lt
3418a866:	461a      	movlt	r2, r3
3418a868:	9205      	str	r2, [sp, #20]
3418a86a:	f7ff bbe0 	b.w	3418a02e <_vfiprintf_r+0x2f2>
3418a86e:	2200      	movs	r2, #0
3418a870:	920c      	str	r2, [sp, #48]	@ 0x30
3418a872:	2c10      	cmp	r4, #16
3418a874:	461a      	mov	r2, r3
3418a876:	f340 82b1 	ble.w	3418addc <_vfiprintf_r+0x10a0>
3418a87a:	2310      	movs	r3, #16
3418a87c:	4e03      	ldr	r6, [pc, #12]	@ (3418a88c <_vfiprintf_r+0xb50>)
3418a87e:	f8dd 8010 	ldr.w	r8, [sp, #16]
3418a882:	e008      	b.n	3418a896 <_vfiprintf_r+0xb5a>
3418a884:	cccccccd 	.word	0xcccccccd
3418a888:	3418b640 	.word	0x3418b640
3418a88c:	3418b650 	.word	0x3418b650
3418a890:	3c10      	subs	r4, #16
3418a892:	2c10      	cmp	r4, #16
3418a894:	dd19      	ble.n	3418a8ca <_vfiprintf_r+0xb8e>
3418a896:	3201      	adds	r2, #1
3418a898:	3010      	adds	r0, #16
3418a89a:	2a07      	cmp	r2, #7
3418a89c:	e9c9 6300 	strd	r6, r3, [r9]
3418a8a0:	e9cd 2019 	strd	r2, r0, [sp, #100]	@ 0x64
3418a8a4:	f109 0908 	add.w	r9, r9, #8
3418a8a8:	ddf2      	ble.n	3418a890 <_vfiprintf_r+0xb54>
3418a8aa:	aa18      	add	r2, sp, #96	@ 0x60
3418a8ac:	4641      	mov	r1, r8
3418a8ae:	4658      	mov	r0, fp
3418a8b0:	f10d 096c 	add.w	r9, sp, #108	@ 0x6c
3418a8b4:	f7fd f9b8 	bl	34187c28 <__sprint_r>
3418a8b8:	2800      	cmp	r0, #0
3418a8ba:	f47f ab88 	bne.w	34189fce <_vfiprintf_r+0x292>
3418a8be:	3c10      	subs	r4, #16
3418a8c0:	2310      	movs	r3, #16
3418a8c2:	2c10      	cmp	r4, #16
3418a8c4:	e9dd 2019 	ldrd	r2, r0, [sp, #100]	@ 0x64
3418a8c8:	dce5      	bgt.n	3418a896 <_vfiprintf_r+0xb5a>
3418a8ca:	46b0      	mov	r8, r6
3418a8cc:	3201      	adds	r2, #1
3418a8ce:	1821      	adds	r1, r4, r0
3418a8d0:	f8c9 8000 	str.w	r8, [r9]
3418a8d4:	2a07      	cmp	r2, #7
3418a8d6:	f8c9 4004 	str.w	r4, [r9, #4]
3418a8da:	e9cd 2119 	strd	r2, r1, [sp, #100]	@ 0x64
3418a8de:	f300 8169 	bgt.w	3418abb4 <_vfiprintf_r+0xe78>
3418a8e2:	f89d 3043 	ldrb.w	r3, [sp, #67]	@ 0x43
3418a8e6:	f109 0908 	add.w	r9, r9, #8
3418a8ea:	bb6b      	cbnz	r3, 3418a948 <_vfiprintf_r+0xc0c>
3418a8ec:	980c      	ldr	r0, [sp, #48]	@ 0x30
3418a8ee:	2800      	cmp	r0, #0
3418a8f0:	f43f abd8 	beq.w	3418a0a4 <_vfiprintf_r+0x368>
3418a8f4:	4698      	mov	r8, r3
3418a8f6:	f7ff bbc1 	b.w	3418a07c <_vfiprintf_r+0x340>
3418a8fa:	aa18      	add	r2, sp, #96	@ 0x60
3418a8fc:	9904      	ldr	r1, [sp, #16]
3418a8fe:	4658      	mov	r0, fp
3418a900:	f7fd f992 	bl	34187c28 <__sprint_r>
3418a904:	2800      	cmp	r0, #0
3418a906:	f47f ab62 	bne.w	34189fce <_vfiprintf_r+0x292>
3418a90a:	f10d 096c 	add.w	r9, sp, #108	@ 0x6c
3418a90e:	e9dd 2119 	ldrd	r2, r1, [sp, #100]	@ 0x64
3418a912:	f7ff bbcd 	b.w	3418a0b0 <_vfiprintf_r+0x374>
3418a916:	9a05      	ldr	r2, [sp, #20]
3418a918:	ad44      	add	r5, sp, #272	@ 0x110
3418a91a:	9206      	str	r2, [sp, #24]
3418a91c:	920a      	str	r2, [sp, #40]	@ 0x28
3418a91e:	9209      	str	r2, [sp, #36]	@ 0x24
3418a920:	f7ff bb85 	b.w	3418a02e <_vfiprintf_r+0x2f2>
3418a924:	930b      	str	r3, [sp, #44]	@ 0x2c
3418a926:	f89a 3000 	ldrb.w	r3, [sl]
3418a92a:	f7ff ba73 	b.w	34189e14 <_vfiprintf_r+0xd8>
3418a92e:	0492      	lsls	r2, r2, #18
3418a930:	f57f aa31 	bpl.w	34189d96 <_vfiprintf_r+0x5a>
3418a934:	e27a      	b.n	3418ae2c <_vfiprintf_r+0x10f0>
3418a936:	2500      	movs	r5, #0
3418a938:	3201      	adds	r2, #1
3418a93a:	2301      	movs	r3, #1
3418a93c:	9205      	str	r2, [sp, #20]
3418a93e:	e9cd 5309 	strd	r5, r3, [sp, #36]	@ 0x24
3418a942:	f20d 150f 	addw	r5, sp, #271	@ 0x10f
3418a946:	e416      	b.n	3418a176 <_vfiprintf_r+0x43a>
3418a948:	f04f 0800 	mov.w	r8, #0
3418a94c:	f7ff bb84 	b.w	3418a058 <_vfiprintf_r+0x31c>
3418a950:	9b0b      	ldr	r3, [sp, #44]	@ 0x2c
3418a952:	1d19      	adds	r1, r3, #4
3418a954:	9b0b      	ldr	r3, [sp, #44]	@ 0x2c
3418a956:	2200      	movs	r2, #0
3418a958:	910b      	str	r1, [sp, #44]	@ 0x2c
3418a95a:	681b      	ldr	r3, [r3, #0]
3418a95c:	e497      	b.n	3418a28e <_vfiprintf_r+0x552>
3418a95e:	9a03      	ldr	r2, [sp, #12]
3418a960:	06d1      	lsls	r1, r2, #27
3418a962:	f100 8166 	bmi.w	3418ac32 <_vfiprintf_r+0xef6>
3418a966:	9a03      	ldr	r2, [sp, #12]
3418a968:	0652      	lsls	r2, r2, #25
3418a96a:	f100 81b7 	bmi.w	3418acdc <_vfiprintf_r+0xfa0>
3418a96e:	9a03      	ldr	r2, [sp, #12]
3418a970:	0596      	lsls	r6, r2, #22
3418a972:	f140 815e 	bpl.w	3418ac32 <_vfiprintf_r+0xef6>
3418a976:	9a0b      	ldr	r2, [sp, #44]	@ 0x2c
3418a978:	9907      	ldr	r1, [sp, #28]
3418a97a:	6812      	ldr	r2, [r2, #0]
3418a97c:	7011      	strb	r1, [r2, #0]
3418a97e:	e531      	b.n	3418a3e4 <_vfiprintf_r+0x6a8>
3418a980:	9b03      	ldr	r3, [sp, #12]
3418a982:	990b      	ldr	r1, [sp, #44]	@ 0x2c
3418a984:	06d8      	lsls	r0, r3, #27
3418a986:	f851 4b04 	ldr.w	r4, [r1], #4
3418a98a:	f53f ade9 	bmi.w	3418a560 <_vfiprintf_r+0x824>
3418a98e:	9b03      	ldr	r3, [sp, #12]
3418a990:	065e      	lsls	r6, r3, #25
3418a992:	f140 8161 	bpl.w	3418ac58 <_vfiprintf_r+0xf1c>
3418a996:	f344 38c0 	sbfx	r8, r4, #15, #1
3418a99a:	910b      	str	r1, [sp, #44]	@ 0x2c
3418a99c:	b224      	sxth	r4, r4
3418a99e:	4643      	mov	r3, r8
3418a9a0:	f7ff bbca 	b.w	3418a138 <_vfiprintf_r+0x3fc>
3418a9a4:	2330      	movs	r3, #48	@ 0x30
3418a9a6:	3802      	subs	r0, #2
3418a9a8:	f805 3c01 	strb.w	r3, [r5, #-1]
3418a9ac:	ab44      	add	r3, sp, #272	@ 0x110
3418a9ae:	4605      	mov	r5, r0
3418a9b0:	1a1b      	subs	r3, r3, r0
3418a9b2:	930a      	str	r3, [sp, #40]	@ 0x28
3418a9b4:	e752      	b.n	3418a85c <_vfiprintf_r+0xb20>
3418a9b6:	9303      	str	r3, [sp, #12]
3418a9b8:	f7ff bbb5 	b.w	3418a126 <_vfiprintf_r+0x3ea>
3418a9bc:	48ab      	ldr	r0, [pc, #684]	@ (3418ac6c <_vfiprintf_r+0xf30>)
3418a9be:	9b03      	ldr	r3, [sp, #12]
3418a9c0:	069e      	lsls	r6, r3, #26
3418a9c2:	f140 80e1 	bpl.w	3418ab88 <_vfiprintf_r+0xe4c>
3418a9c6:	9b0b      	ldr	r3, [sp, #44]	@ 0x2c
3418a9c8:	3307      	adds	r3, #7
3418a9ca:	f023 0307 	bic.w	r3, r3, #7
3418a9ce:	461c      	mov	r4, r3
3418a9d0:	685a      	ldr	r2, [r3, #4]
3418a9d2:	f854 3b08 	ldr.w	r3, [r4], #8
3418a9d6:	940b      	str	r4, [sp, #44]	@ 0x2c
3418a9d8:	ea53 0402 	orrs.w	r4, r3, r2
3418a9dc:	9c03      	ldr	r4, [sp, #12]
3418a9de:	bf14      	ite	ne
3418a9e0:	2501      	movne	r5, #1
3418a9e2:	2500      	moveq	r5, #0
3418a9e4:	07e4      	lsls	r4, r4, #31
3418a9e6:	d502      	bpl.n	3418a9ee <_vfiprintf_r+0xcb2>
3418a9e8:	2d00      	cmp	r5, #0
3418a9ea:	f040 80fa 	bne.w	3418abe2 <_vfiprintf_r+0xea6>
3418a9ee:	2400      	movs	r4, #0
3418a9f0:	9906      	ldr	r1, [sp, #24]
3418a9f2:	42a1      	cmp	r1, r4
3418a9f4:	f88d 4043 	strb.w	r4, [sp, #67]	@ 0x43
3418a9f8:	9903      	ldr	r1, [sp, #12]
3418a9fa:	f2c0 80d7 	blt.w	3418abac <_vfiprintf_r+0xe70>
3418a9fe:	f421 6190 	bic.w	r1, r1, #1152	@ 0x480
3418aa02:	9103      	str	r1, [sp, #12]
3418aa04:	f040 8226 	bne.w	3418ae54 <_vfiprintf_r+0x1118>
3418aa08:	2d00      	cmp	r5, #0
3418aa0a:	f040 8223 	bne.w	3418ae54 <_vfiprintf_r+0x1118>
3418aa0e:	462b      	mov	r3, r5
3418aa10:	9506      	str	r5, [sp, #24]
3418aa12:	ad44      	add	r5, sp, #272	@ 0x110
3418aa14:	930a      	str	r3, [sp, #40]	@ 0x28
3418aa16:	9305      	str	r3, [sp, #20]
3418aa18:	9c03      	ldr	r4, [sp, #12]
3418aa1a:	e9dd 2119 	ldrd	r2, r1, [sp, #100]	@ 0x64
3418aa1e:	f014 0884 	ands.w	r8, r4, #132	@ 0x84
3418aa22:	4608      	mov	r0, r1
3418aa24:	4613      	mov	r3, r2
3418aa26:	f000 8246 	beq.w	3418aeb6 <_vfiprintf_r+0x117a>
3418aa2a:	f89d 3043 	ldrb.w	r3, [sp, #67]	@ 0x43
3418aa2e:	2b00      	cmp	r3, #0
3418aa30:	f000 824c 	beq.w	3418aecc <_vfiprintf_r+0x1190>
3418aa34:	2300      	movs	r3, #0
3418aa36:	9309      	str	r3, [sp, #36]	@ 0x24
3418aa38:	930c      	str	r3, [sp, #48]	@ 0x30
3418aa3a:	f7ff bb0d 	b.w	3418a058 <_vfiprintf_r+0x31c>
3418aa3e:	488c      	ldr	r0, [pc, #560]	@ (3418ac70 <_vfiprintf_r+0xf34>)
3418aa40:	e7bd      	b.n	3418a9be <_vfiprintf_r+0xc82>
3418aa42:	9803      	ldr	r0, [sp, #12]
3418aa44:	2402      	movs	r4, #2
3418aa46:	910b      	str	r1, [sp, #44]	@ 0x2c
3418aa48:	f040 0002 	orr.w	r0, r0, #2
3418aa4c:	9003      	str	r0, [sp, #12]
3418aa4e:	4888      	ldr	r0, [pc, #544]	@ (3418ac70 <_vfiprintf_r+0xf34>)
3418aa50:	ad44      	add	r5, sp, #272	@ 0x110
3418aa52:	f003 010f 	and.w	r1, r3, #15
3418aa56:	091b      	lsrs	r3, r3, #4
3418aa58:	5c41      	ldrb	r1, [r0, r1]
3418aa5a:	ea43 7302 	orr.w	r3, r3, r2, lsl #28
3418aa5e:	0912      	lsrs	r2, r2, #4
3418aa60:	f805 1d01 	strb.w	r1, [r5, #-1]!
3418aa64:	ea53 0102 	orrs.w	r1, r3, r2
3418aa68:	d1f3      	bne.n	3418aa52 <_vfiprintf_r+0xd16>
3418aa6a:	ab44      	add	r3, sp, #272	@ 0x110
3418aa6c:	9a06      	ldr	r2, [sp, #24]
3418aa6e:	1b5b      	subs	r3, r3, r5
3418aa70:	429a      	cmp	r2, r3
3418aa72:	930a      	str	r3, [sp, #40]	@ 0x28
3418aa74:	bfb8      	it	lt
3418aa76:	461a      	movlt	r2, r3
3418aa78:	9205      	str	r2, [sp, #20]
3418aa7a:	2c00      	cmp	r4, #0
3418aa7c:	f47f ac84 	bne.w	3418a388 <_vfiprintf_r+0x64c>
3418aa80:	e7ca      	b.n	3418aa18 <_vfiprintf_r+0xcdc>
3418aa82:	9b0b      	ldr	r3, [sp, #44]	@ 0x2c
3418aa84:	2201      	movs	r2, #1
3418aa86:	ad2b      	add	r5, sp, #172	@ 0xac
3418aa88:	681b      	ldr	r3, [r3, #0]
3418aa8a:	9205      	str	r2, [sp, #20]
3418aa8c:	f88d 30ac 	strb.w	r3, [sp, #172]	@ 0xac
3418aa90:	920a      	str	r2, [sp, #40]	@ 0x28
3418aa92:	f7ff bbc7 	b.w	3418a224 <_vfiprintf_r+0x4e8>
3418aa96:	9b03      	ldr	r3, [sp, #12]
3418aa98:	f10a 0a01 	add.w	sl, sl, #1
3418aa9c:	f443 7300 	orr.w	r3, r3, #512	@ 0x200
3418aaa0:	9303      	str	r3, [sp, #12]
3418aaa2:	f89a 3000 	ldrb.w	r3, [sl]
3418aaa6:	f7ff b9b5 	b.w	34189e14 <_vfiprintf_r+0xd8>
3418aaaa:	9b03      	ldr	r3, [sp, #12]
3418aaac:	f10a 0a01 	add.w	sl, sl, #1
3418aab0:	f043 0320 	orr.w	r3, r3, #32
3418aab4:	9303      	str	r3, [sp, #12]
3418aab6:	f89a 3000 	ldrb.w	r3, [sl]
3418aaba:	f7ff b9ab 	b.w	34189e14 <_vfiprintf_r+0xd8>
3418aabe:	9b09      	ldr	r3, [sp, #36]	@ 0x24
3418aac0:	2208      	movs	r2, #8
3418aac2:	2100      	movs	r1, #0
3418aac4:	a816      	add	r0, sp, #88	@ 0x58
3418aac6:	9313      	str	r3, [sp, #76]	@ 0x4c
3418aac8:	f7f9 fed6 	bl	34184878 <memset>
3418aacc:	9e06      	ldr	r6, [sp, #24]
3418aace:	2e00      	cmp	r6, #0
3418aad0:	f2c0 80df 	blt.w	3418ac92 <_vfiprintf_r+0xf56>
3418aad4:	2400      	movs	r4, #0
3418aad6:	4625      	mov	r5, r4
3418aad8:	e00d      	b.n	3418aaf6 <_vfiprintf_r+0xdba>
3418aada:	a92b      	add	r1, sp, #172	@ 0xac
3418aadc:	4658      	mov	r0, fp
3418aade:	f7fd fb57 	bl	34188190 <_wcrtomb_r>
3418aae2:	1c43      	adds	r3, r0, #1
3418aae4:	f104 0404 	add.w	r4, r4, #4
3418aae8:	4428      	add	r0, r5
3418aaea:	f000 8196 	beq.w	3418ae1a <_vfiprintf_r+0x10de>
3418aaee:	42b0      	cmp	r0, r6
3418aaf0:	dc06      	bgt.n	3418ab00 <_vfiprintf_r+0xdc4>
3418aaf2:	d006      	beq.n	3418ab02 <_vfiprintf_r+0xdc6>
3418aaf4:	4605      	mov	r5, r0
3418aaf6:	9a13      	ldr	r2, [sp, #76]	@ 0x4c
3418aaf8:	ab16      	add	r3, sp, #88	@ 0x58
3418aafa:	5912      	ldr	r2, [r2, r4]
3418aafc:	2a00      	cmp	r2, #0
3418aafe:	d1ec      	bne.n	3418aada <_vfiprintf_r+0xd9e>
3418ab00:	9506      	str	r5, [sp, #24]
3418ab02:	9b06      	ldr	r3, [sp, #24]
3418ab04:	2b00      	cmp	r3, #0
3418ab06:	f000 80d3 	beq.w	3418acb0 <_vfiprintf_r+0xf74>
3418ab0a:	2b63      	cmp	r3, #99	@ 0x63
3418ab0c:	f300 810c 	bgt.w	3418ad28 <_vfiprintf_r+0xfec>
3418ab10:	2300      	movs	r3, #0
3418ab12:	ad2b      	add	r5, sp, #172	@ 0xac
3418ab14:	9309      	str	r3, [sp, #36]	@ 0x24
3418ab16:	2208      	movs	r2, #8
3418ab18:	2100      	movs	r1, #0
3418ab1a:	a816      	add	r0, sp, #88	@ 0x58
3418ab1c:	f7f9 feac 	bl	34184878 <memset>
3418ab20:	9c06      	ldr	r4, [sp, #24]
3418ab22:	ab16      	add	r3, sp, #88	@ 0x58
3418ab24:	aa13      	add	r2, sp, #76	@ 0x4c
3418ab26:	4629      	mov	r1, r5
3418ab28:	4658      	mov	r0, fp
3418ab2a:	9300      	str	r3, [sp, #0]
3418ab2c:	4623      	mov	r3, r4
3418ab2e:	f7fd fb57 	bl	341881e0 <_wcsrtombs_r>
3418ab32:	4284      	cmp	r4, r0
3418ab34:	f040 81c3 	bne.w	3418aebe <_vfiprintf_r+0x1182>
3418ab38:	9906      	ldr	r1, [sp, #24]
3418ab3a:	2300      	movs	r3, #0
3418ab3c:	ea21 70e1 	bic.w	r0, r1, r1, asr #31
3418ab40:	546b      	strb	r3, [r5, r1]
3418ab42:	f89d 2043 	ldrb.w	r2, [sp, #67]	@ 0x43
3418ab46:	9005      	str	r0, [sp, #20]
3418ab48:	2a00      	cmp	r2, #0
3418ab4a:	f040 815c 	bne.w	3418ae06 <_vfiprintf_r+0x10ca>
3418ab4e:	9206      	str	r2, [sp, #24]
3418ab50:	e9cd 180a 	strd	r1, r8, [sp, #40]	@ 0x28
3418ab54:	f7ff ba6b 	b.w	3418a02e <_vfiprintf_r+0x2f2>
3418ab58:	9a03      	ldr	r2, [sp, #12]
3418ab5a:	f412 7800 	ands.w	r8, r2, #512	@ 0x200
3418ab5e:	f040 80b3 	bne.w	3418acc8 <_vfiprintf_r+0xf8c>
3418ab62:	9b06      	ldr	r3, [sp, #24]
3418ab64:	f88d 8043 	strb.w	r8, [sp, #67]	@ 0x43
3418ab68:	2b00      	cmp	r3, #0
3418ab6a:	f6bf abd6 	bge.w	3418a31a <_vfiprintf_r+0x5de>
3418ab6e:	910b      	str	r1, [sp, #44]	@ 0x2c
3418ab70:	e456      	b.n	3418a420 <_vfiprintf_r+0x6e4>
3418ab72:	9c08      	ldr	r4, [sp, #32]
3418ab74:	9e05      	ldr	r6, [sp, #20]
3418ab76:	f8cd 8024 	str.w	r8, [sp, #36]	@ 0x24
3418ab7a:	1ba4      	subs	r4, r4, r6
3418ab7c:	2c00      	cmp	r4, #0
3418ab7e:	f77f aa7d 	ble.w	3418a07c <_vfiprintf_r+0x340>
3418ab82:	2202      	movs	r2, #2
3418ab84:	920c      	str	r2, [sp, #48]	@ 0x30
3418ab86:	e674      	b.n	3418a872 <_vfiprintf_r+0xb36>
3418ab88:	9a0b      	ldr	r2, [sp, #44]	@ 0x2c
3418ab8a:	f852 3b04 	ldr.w	r3, [r2], #4
3418ab8e:	920b      	str	r2, [sp, #44]	@ 0x2c
3418ab90:	9a03      	ldr	r2, [sp, #12]
3418ab92:	06d4      	lsls	r4, r2, #27
3418ab94:	d408      	bmi.n	3418aba8 <_vfiprintf_r+0xe6c>
3418ab96:	0652      	lsls	r2, r2, #25
3418ab98:	d502      	bpl.n	3418aba0 <_vfiprintf_r+0xe64>
3418ab9a:	b29b      	uxth	r3, r3
3418ab9c:	2200      	movs	r2, #0
3418ab9e:	e71b      	b.n	3418a9d8 <_vfiprintf_r+0xc9c>
3418aba0:	9a03      	ldr	r2, [sp, #12]
3418aba2:	0596      	lsls	r6, r2, #22
3418aba4:	f100 80a0 	bmi.w	3418ace8 <_vfiprintf_r+0xfac>
3418aba8:	2200      	movs	r2, #0
3418abaa:	e715      	b.n	3418a9d8 <_vfiprintf_r+0xc9c>
3418abac:	f421 6180 	bic.w	r1, r1, #1024	@ 0x400
3418abb0:	9103      	str	r1, [sp, #12]
3418abb2:	e74d      	b.n	3418aa50 <_vfiprintf_r+0xd14>
3418abb4:	aa18      	add	r2, sp, #96	@ 0x60
3418abb6:	9904      	ldr	r1, [sp, #16]
3418abb8:	4658      	mov	r0, fp
3418abba:	f7fd f835 	bl	34187c28 <__sprint_r>
3418abbe:	4680      	mov	r8, r0
3418abc0:	2800      	cmp	r0, #0
3418abc2:	f47f aa04 	bne.w	34189fce <_vfiprintf_r+0x292>
3418abc6:	f89d 3043 	ldrb.w	r3, [sp, #67]	@ 0x43
3418abca:	e9dd 2119 	ldrd	r2, r1, [sp, #100]	@ 0x64
3418abce:	2b00      	cmp	r3, #0
3418abd0:	d15b      	bne.n	3418ac8a <_vfiprintf_r+0xf4e>
3418abd2:	9b0c      	ldr	r3, [sp, #48]	@ 0x30
3418abd4:	f10d 096c 	add.w	r9, sp, #108	@ 0x6c
3418abd8:	2b00      	cmp	r3, #0
3418abda:	f47f aa4f 	bne.w	3418a07c <_vfiprintf_r+0x340>
3418abde:	f7ff ba61 	b.w	3418a0a4 <_vfiprintf_r+0x368>
3418abe2:	f88d 1045 	strb.w	r1, [sp, #69]	@ 0x45
3418abe6:	2130      	movs	r1, #48	@ 0x30
3418abe8:	2402      	movs	r4, #2
3418abea:	f88d 1044 	strb.w	r1, [sp, #68]	@ 0x44
3418abee:	2100      	movs	r1, #0
3418abf0:	f88d 1043 	strb.w	r1, [sp, #67]	@ 0x43
3418abf4:	9906      	ldr	r1, [sp, #24]
3418abf6:	2900      	cmp	r1, #0
3418abf8:	9903      	ldr	r1, [sp, #12]
3418abfa:	bfb4      	ite	lt
3418abfc:	f421 6180 	biclt.w	r1, r1, #1024	@ 0x400
3418ac00:	f421 6190 	bicge.w	r1, r1, #1152	@ 0x480
3418ac04:	f041 0102 	orr.w	r1, r1, #2
3418ac08:	9103      	str	r1, [sp, #12]
3418ac0a:	e721      	b.n	3418aa50 <_vfiprintf_r+0xd14>
3418ac0c:	4658      	mov	r0, fp
3418ac0e:	f7f9 fe09 	bl	34184824 <__sinit>
3418ac12:	f7ff b8a9 	b.w	34189d68 <_vfiprintf_r+0x2c>
3418ac16:	aa18      	add	r2, sp, #96	@ 0x60
3418ac18:	9904      	ldr	r1, [sp, #16]
3418ac1a:	4658      	mov	r0, fp
3418ac1c:	f7fd f804 	bl	34187c28 <__sprint_r>
3418ac20:	2800      	cmp	r0, #0
3418ac22:	f47f a9d4 	bne.w	34189fce <_vfiprintf_r+0x292>
3418ac26:	f10d 096c 	add.w	r9, sp, #108	@ 0x6c
3418ac2a:	e9dd 2119 	ldrd	r2, r1, [sp, #100]	@ 0x64
3418ac2e:	f7ff ba39 	b.w	3418a0a4 <_vfiprintf_r+0x368>
3418ac32:	9a0b      	ldr	r2, [sp, #44]	@ 0x2c
3418ac34:	9907      	ldr	r1, [sp, #28]
3418ac36:	6812      	ldr	r2, [r2, #0]
3418ac38:	6011      	str	r1, [r2, #0]
3418ac3a:	f7ff bbd3 	b.w	3418a3e4 <_vfiprintf_r+0x6a8>
3418ac3e:	9b06      	ldr	r3, [sp, #24]
3418ac40:	9a09      	ldr	r2, [sp, #36]	@ 0x24
3418ac42:	2b06      	cmp	r3, #6
3418ac44:	4d0b      	ldr	r5, [pc, #44]	@ (3418ac74 <_vfiprintf_r+0xf38>)
3418ac46:	f8cd 802c 	str.w	r8, [sp, #44]	@ 0x2c
3418ac4a:	bf28      	it	cs
3418ac4c:	2306      	movcs	r3, #6
3418ac4e:	9206      	str	r2, [sp, #24]
3418ac50:	9305      	str	r3, [sp, #20]
3418ac52:	930a      	str	r3, [sp, #40]	@ 0x28
3418ac54:	f7ff b9eb 	b.w	3418a02e <_vfiprintf_r+0x2f2>
3418ac58:	9b03      	ldr	r3, [sp, #12]
3418ac5a:	910b      	str	r1, [sp, #44]	@ 0x2c
3418ac5c:	059d      	lsls	r5, r3, #22
3418ac5e:	d546      	bpl.n	3418acee <_vfiprintf_r+0xfb2>
3418ac60:	f344 18c0 	sbfx	r8, r4, #7, #1
3418ac64:	b264      	sxtb	r4, r4
3418ac66:	4643      	mov	r3, r8
3418ac68:	f7ff ba66 	b.w	3418a138 <_vfiprintf_r+0x3fc>
3418ac6c:	3418b1bc 	.word	0x3418b1bc
3418ac70:	3418b1a8 	.word	0x3418b1a8
3418ac74:	3418b1d0 	.word	0x3418b1d0
3418ac78:	9803      	ldr	r0, [sp, #12]
3418ac7a:	f410 7200 	ands.w	r2, r0, #512	@ 0x200
3418ac7e:	d03b      	beq.n	3418acf8 <_vfiprintf_r+0xfbc>
3418ac80:	b2db      	uxtb	r3, r3
3418ac82:	2200      	movs	r2, #0
3418ac84:	910b      	str	r1, [sp, #44]	@ 0x2c
3418ac86:	f7ff bb02 	b.w	3418a28e <_vfiprintf_r+0x552>
3418ac8a:	f10d 096c 	add.w	r9, sp, #108	@ 0x6c
3418ac8e:	f7ff b9e3 	b.w	3418a058 <_vfiprintf_r+0x31c>
3418ac92:	ab16      	add	r3, sp, #88	@ 0x58
3418ac94:	aa13      	add	r2, sp, #76	@ 0x4c
3418ac96:	4658      	mov	r0, fp
3418ac98:	9300      	str	r3, [sp, #0]
3418ac9a:	2300      	movs	r3, #0
3418ac9c:	4619      	mov	r1, r3
3418ac9e:	f7fd fa9f 	bl	341881e0 <_wcsrtombs_r>
3418aca2:	9006      	str	r0, [sp, #24]
3418aca4:	3001      	adds	r0, #1
3418aca6:	f000 80b8 	beq.w	3418ae1a <_vfiprintf_r+0x10de>
3418acaa:	9b09      	ldr	r3, [sp, #36]	@ 0x24
3418acac:	9313      	str	r3, [sp, #76]	@ 0x4c
3418acae:	e728      	b.n	3418ab02 <_vfiprintf_r+0xdc6>
3418acb0:	f89d 3043 	ldrb.w	r3, [sp, #67]	@ 0x43
3418acb4:	9d09      	ldr	r5, [sp, #36]	@ 0x24
3418acb6:	3b00      	subs	r3, #0
3418acb8:	f8cd 802c 	str.w	r8, [sp, #44]	@ 0x2c
3418acbc:	bf18      	it	ne
3418acbe:	2301      	movne	r3, #1
3418acc0:	9305      	str	r3, [sp, #20]
3418acc2:	9b06      	ldr	r3, [sp, #24]
3418acc4:	930a      	str	r3, [sp, #40]	@ 0x28
3418acc6:	e6a7      	b.n	3418aa18 <_vfiprintf_r+0xcdc>
3418acc8:	f04f 0800 	mov.w	r8, #0
3418accc:	f88d 3043 	strb.w	r3, [sp, #67]	@ 0x43
3418acd0:	9b06      	ldr	r3, [sp, #24]
3418acd2:	b2e4      	uxtb	r4, r4
3418acd4:	4543      	cmp	r3, r8
3418acd6:	f6bf ab20 	bge.w	3418a31a <_vfiprintf_r+0x5de>
3418acda:	e748      	b.n	3418ab6e <_vfiprintf_r+0xe32>
3418acdc:	9a0b      	ldr	r2, [sp, #44]	@ 0x2c
3418acde:	9907      	ldr	r1, [sp, #28]
3418ace0:	6812      	ldr	r2, [r2, #0]
3418ace2:	8011      	strh	r1, [r2, #0]
3418ace4:	f7ff bb7e 	b.w	3418a3e4 <_vfiprintf_r+0x6a8>
3418ace8:	b2db      	uxtb	r3, r3
3418acea:	2200      	movs	r2, #0
3418acec:	e674      	b.n	3418a9d8 <_vfiprintf_r+0xc9c>
3418acee:	ea4f 78e4 	mov.w	r8, r4, asr #31
3418acf2:	4643      	mov	r3, r8
3418acf4:	f7ff ba20 	b.w	3418a138 <_vfiprintf_r+0x3fc>
3418acf8:	9803      	ldr	r0, [sp, #12]
3418acfa:	910b      	str	r1, [sp, #44]	@ 0x2c
3418acfc:	f7ff bac7 	b.w	3418a28e <_vfiprintf_r+0x552>
3418ad00:	9d09      	ldr	r5, [sp, #36]	@ 0x24
3418ad02:	4628      	mov	r0, r5
3418ad04:	f7f9 feba 	bl	34184a7c <strlen>
3418ad08:	f89d 3043 	ldrb.w	r3, [sp, #67]	@ 0x43
3418ad0c:	ea20 72e0 	bic.w	r2, r0, r0, asr #31
3418ad10:	900a      	str	r0, [sp, #40]	@ 0x28
3418ad12:	9205      	str	r2, [sp, #20]
3418ad14:	2b00      	cmp	r3, #0
3418ad16:	f47f aa63 	bne.w	3418a1e0 <_vfiprintf_r+0x4a4>
3418ad1a:	9d09      	ldr	r5, [sp, #36]	@ 0x24
3418ad1c:	9306      	str	r3, [sp, #24]
3418ad1e:	f8cd 802c 	str.w	r8, [sp, #44]	@ 0x2c
3418ad22:	9309      	str	r3, [sp, #36]	@ 0x24
3418ad24:	f7ff b983 	b.w	3418a02e <_vfiprintf_r+0x2f2>
3418ad28:	1c59      	adds	r1, r3, #1
3418ad2a:	4658      	mov	r0, fp
3418ad2c:	f7fa f87a 	bl	34184e24 <_malloc_r>
3418ad30:	4605      	mov	r5, r0
3418ad32:	2800      	cmp	r0, #0
3418ad34:	d071      	beq.n	3418ae1a <_vfiprintf_r+0x10de>
3418ad36:	9009      	str	r0, [sp, #36]	@ 0x24
3418ad38:	e6ed      	b.n	3418ab16 <_vfiprintf_r+0xdda>
3418ad3a:	6d88      	ldr	r0, [r1, #88]	@ 0x58
3418ad3c:	f7f9 fe26 	bl	3418498c <__retarget_lock_release_recursive>
3418ad40:	f7ff b901 	b.w	34189f46 <_vfiprintf_r+0x20a>
3418ad44:	9a0e      	ldr	r2, [sp, #56]	@ 0x38
3418ad46:	990f      	ldr	r1, [sp, #60]	@ 0x3c
3418ad48:	eba5 0902 	sub.w	r9, r5, r2
3418ad4c:	4648      	mov	r0, r9
3418ad4e:	f7fd f927 	bl	34187fa0 <strncpy>
3418ad52:	f89a 3001 	ldrb.w	r3, [sl, #1]
3418ad56:	b10b      	cbz	r3, 3418ad5c <_vfiprintf_r+0x1020>
3418ad58:	f10a 0a01 	add.w	sl, sl, #1
3418ad5c:	eb14 0308 	adds.w	r3, r4, r8
3418ad60:	4a5e      	ldr	r2, [pc, #376]	@ (3418aedc <_vfiprintf_r+0x11a0>)
3418ad62:	f04f 31cc 	mov.w	r1, #3435973836	@ 0xcccccccc
3418ad66:	f04f 0e01 	mov.w	lr, #1
3418ad6a:	f143 0300 	adc.w	r3, r3, #0
3418ad6e:	f109 35ff 	add.w	r5, r9, #4294967295	@ 0xffffffff
3418ad72:	fba2 0c03 	umull	r0, ip, r2, r3
3418ad76:	f02c 0003 	bic.w	r0, ip, #3
3418ad7a:	eb00 009c 	add.w	r0, r0, ip, lsr #2
3418ad7e:	1a1b      	subs	r3, r3, r0
3418ad80:	1ae3      	subs	r3, r4, r3
3418ad82:	f168 0800 	sbc.w	r8, r8, #0
3418ad86:	fb03 f101 	mul.w	r1, r3, r1
3418ad8a:	fba3 3002 	umull	r3, r0, r3, r2
3418ad8e:	fb02 1108 	mla	r1, r2, r8, r1
3418ad92:	fa23 f30e 	lsr.w	r3, r3, lr
3418ad96:	4401      	add	r1, r0
3418ad98:	ea43 74c1 	orr.w	r4, r3, r1, lsl #31
3418ad9c:	fa21 f80e 	lsr.w	r8, r1, lr
3418ada0:	eb14 0308 	adds.w	r3, r4, r8
3418ada4:	f143 0300 	adc.w	r3, r3, #0
3418ada8:	fba2 1003 	umull	r1, r0, r2, r3
3418adac:	f020 0103 	bic.w	r1, r0, #3
3418adb0:	eb01 0190 	add.w	r1, r1, r0, lsr #2
3418adb4:	1a5b      	subs	r3, r3, r1
3418adb6:	1ae3      	subs	r3, r4, r3
3418adb8:	fba3 3102 	umull	r3, r1, r3, r2
3418adbc:	f168 0000 	sbc.w	r0, r8, #0
3418adc0:	fa23 f30e 	lsr.w	r3, r3, lr
3418adc4:	fb02 1200 	mla	r2, r2, r0, r1
3418adc8:	ea43 73c2 	orr.w	r3, r3, r2, lsl #31
3418adcc:	eb03 0383 	add.w	r3, r3, r3, lsl #2
3418add0:	eba4 0343 	sub.w	r3, r4, r3, lsl #1
3418add4:	3330      	adds	r3, #48	@ 0x30
3418add6:	f809 3c01 	strb.w	r3, [r9, #-1]
3418adda:	e437      	b.n	3418a64c <_vfiprintf_r+0x910>
3418addc:	f8df 8104 	ldr.w	r8, [pc, #260]	@ 3418aee4 <_vfiprintf_r+0x11a8>
3418ade0:	e574      	b.n	3418a8cc <_vfiprintf_r+0xb90>
3418ade2:	2300      	movs	r3, #0
3418ade4:	4682      	mov	sl, r0
3418ade6:	9306      	str	r3, [sp, #24]
3418ade8:	f7ff b817 	b.w	34189e1a <_vfiprintf_r+0xde>
3418adec:	aa18      	add	r2, sp, #96	@ 0x60
3418adee:	9904      	ldr	r1, [sp, #16]
3418adf0:	4658      	mov	r0, fp
3418adf2:	f7fc ff19 	bl	34187c28 <__sprint_r>
3418adf6:	2800      	cmp	r0, #0
3418adf8:	f43f a8d2 	beq.w	34189fa0 <_vfiprintf_r+0x264>
3418adfc:	f7ff b8ed 	b.w	34189fda <_vfiprintf_r+0x29e>
3418ae00:	f8df 80e0 	ldr.w	r8, [pc, #224]	@ 3418aee4 <_vfiprintf_r+0x11a8>
3418ae04:	e4fd      	b.n	3418a802 <_vfiprintf_r+0xac6>
3418ae06:	9a06      	ldr	r2, [sp, #24]
3418ae08:	f8cd 802c 	str.w	r8, [sp, #44]	@ 0x2c
3418ae0c:	920a      	str	r2, [sp, #40]	@ 0x28
3418ae0e:	9a05      	ldr	r2, [sp, #20]
3418ae10:	9306      	str	r3, [sp, #24]
3418ae12:	3201      	adds	r2, #1
3418ae14:	9205      	str	r2, [sp, #20]
3418ae16:	f7ff b9ae 	b.w	3418a176 <_vfiprintf_r+0x43a>
3418ae1a:	9804      	ldr	r0, [sp, #16]
3418ae1c:	f9b0 300c 	ldrsh.w	r3, [r0, #12]
3418ae20:	6e42      	ldr	r2, [r0, #100]	@ 0x64
3418ae22:	f043 0140 	orr.w	r1, r3, #64	@ 0x40
3418ae26:	8181      	strh	r1, [r0, #12]
3418ae28:	07d0      	lsls	r0, r2, #31
3418ae2a:	d504      	bpl.n	3418ae36 <_vfiprintf_r+0x10fa>
3418ae2c:	f04f 33ff 	mov.w	r3, #4294967295	@ 0xffffffff
3418ae30:	9307      	str	r3, [sp, #28]
3418ae32:	f7ff b8dd 	b.w	34189ff0 <_vfiprintf_r+0x2b4>
3418ae36:	0599      	lsls	r1, r3, #22
3418ae38:	d4f8      	bmi.n	3418ae2c <_vfiprintf_r+0x10f0>
3418ae3a:	f7ff b969 	b.w	3418a110 <_vfiprintf_r+0x3d4>
3418ae3e:	b15b      	cbz	r3, 3418ae58 <_vfiprintf_r+0x111c>
3418ae40:	9b06      	ldr	r3, [sp, #24]
3418ae42:	f8cd 802c 	str.w	r8, [sp, #44]	@ 0x2c
3418ae46:	1c5a      	adds	r2, r3, #1
3418ae48:	930a      	str	r3, [sp, #40]	@ 0x28
3418ae4a:	9006      	str	r0, [sp, #24]
3418ae4c:	9205      	str	r2, [sp, #20]
3418ae4e:	9009      	str	r0, [sp, #36]	@ 0x24
3418ae50:	f7ff b991 	b.w	3418a176 <_vfiprintf_r+0x43a>
3418ae54:	2400      	movs	r4, #0
3418ae56:	e5fb      	b.n	3418aa50 <_vfiprintf_r+0xd14>
3418ae58:	9a06      	ldr	r2, [sp, #24]
3418ae5a:	9309      	str	r3, [sp, #36]	@ 0x24
3418ae5c:	f8cd 802c 	str.w	r8, [sp, #44]	@ 0x2c
3418ae60:	920a      	str	r2, [sp, #40]	@ 0x28
3418ae62:	e9cd 2305 	strd	r2, r3, [sp, #20]
3418ae66:	f7ff b8e2 	b.w	3418a02e <_vfiprintf_r+0x2f2>
3418ae6a:	07d7      	lsls	r7, r2, #31
3418ae6c:	d4de      	bmi.n	3418ae2c <_vfiprintf_r+0x10f0>
3418ae6e:	9b04      	ldr	r3, [sp, #16]
3418ae70:	899b      	ldrh	r3, [r3, #12]
3418ae72:	059e      	lsls	r6, r3, #22
3418ae74:	d4da      	bmi.n	3418ae2c <_vfiprintf_r+0x10f0>
3418ae76:	9b04      	ldr	r3, [sp, #16]
3418ae78:	6d98      	ldr	r0, [r3, #88]	@ 0x58
3418ae7a:	f7f9 fd87 	bl	3418498c <__retarget_lock_release_recursive>
3418ae7e:	e7d5      	b.n	3418ae2c <_vfiprintf_r+0x10f0>
3418ae80:	2402      	movs	r4, #2
3418ae82:	4817      	ldr	r0, [pc, #92]	@ (3418aee0 <_vfiprintf_r+0x11a4>)
3418ae84:	910b      	str	r1, [sp, #44]	@ 0x2c
3418ae86:	e5e3      	b.n	3418aa50 <_vfiprintf_r+0xd14>
3418ae88:	9a04      	ldr	r2, [sp, #16]
3418ae8a:	6e53      	ldr	r3, [r2, #100]	@ 0x64
3418ae8c:	07d8      	lsls	r0, r3, #31
3418ae8e:	d4cd      	bmi.n	3418ae2c <_vfiprintf_r+0x10f0>
3418ae90:	8993      	ldrh	r3, [r2, #12]
3418ae92:	0599      	lsls	r1, r3, #22
3418ae94:	d4ca      	bmi.n	3418ae2c <_vfiprintf_r+0x10f0>
3418ae96:	6d90      	ldr	r0, [r2, #88]	@ 0x58
3418ae98:	f7f9 fd78 	bl	3418498c <__retarget_lock_release_recursive>
3418ae9c:	e7c6      	b.n	3418ae2c <_vfiprintf_r+0x10f0>
3418ae9e:	9a0b      	ldr	r2, [sp, #44]	@ 0x2c
3418aea0:	f89a 3001 	ldrb.w	r3, [sl, #1]
3418aea4:	4682      	mov	sl, r0
3418aea6:	f852 1b04 	ldr.w	r1, [r2], #4
3418aeaa:	ea41 71e1 	orr.w	r1, r1, r1, asr #31
3418aeae:	920b      	str	r2, [sp, #44]	@ 0x2c
3418aeb0:	9106      	str	r1, [sp, #24]
3418aeb2:	f7fe bfaf 	b.w	34189e14 <_vfiprintf_r+0xd8>
3418aeb6:	f8cd 8024 	str.w	r8, [sp, #36]	@ 0x24
3418aeba:	f7ff b8c0 	b.w	3418a03e <_vfiprintf_r+0x302>
3418aebe:	9a04      	ldr	r2, [sp, #16]
3418aec0:	8993      	ldrh	r3, [r2, #12]
3418aec2:	f043 0340 	orr.w	r3, r3, #64	@ 0x40
3418aec6:	8193      	strh	r3, [r2, #12]
3418aec8:	f7ff b881 	b.w	34189fce <_vfiprintf_r+0x292>
3418aecc:	9309      	str	r3, [sp, #36]	@ 0x24
3418aece:	f7ff b8e5 	b.w	3418a09c <_vfiprintf_r+0x360>
3418aed2:	9a03      	ldr	r2, [sp, #12]
3418aed4:	f7ff ba99 	b.w	3418a40a <_vfiprintf_r+0x6ce>
3418aed8:	4610      	mov	r0, r2
3418aeda:	e53b      	b.n	3418a954 <_vfiprintf_r+0xc18>
3418aedc:	cccccccd 	.word	0xcccccccd
3418aee0:	3418b1a8 	.word	0x3418b1a8
3418aee4:	3418b650 	.word	0x3418b650

3418aee8 <__sbprintf>:
3418aee8:	b5f0      	push	{r4, r5, r6, r7, lr}
3418aeea:	460d      	mov	r5, r1
3418aeec:	f2ad 4d74 	subw	sp, sp, #1140	@ 0x474
3418aef0:	4616      	mov	r6, r2
3418aef2:	8989      	ldrh	r1, [r1, #12]
3418aef4:	6e6a      	ldr	r2, [r5, #100]	@ 0x64
3418aef6:	4607      	mov	r7, r0
3418aef8:	f021 0102 	bic.w	r1, r1, #2
3418aefc:	a818      	add	r0, sp, #96	@ 0x60
3418aefe:	921b      	str	r2, [sp, #108]	@ 0x6c
3418af00:	89ea      	ldrh	r2, [r5, #14]
3418af02:	f8ad 1014 	strh.w	r1, [sp, #20]
3418af06:	a91c      	add	r1, sp, #112	@ 0x70
3418af08:	f8ad 2016 	strh.w	r2, [sp, #22]
3418af0c:	69ea      	ldr	r2, [r5, #28]
3418af0e:	9102      	str	r1, [sp, #8]
3418af10:	9209      	str	r2, [sp, #36]	@ 0x24
3418af12:	6a6a      	ldr	r2, [r5, #36]	@ 0x24
3418af14:	9106      	str	r1, [sp, #24]
3418af16:	f44f 6180 	mov.w	r1, #1024	@ 0x400
3418af1a:	920b      	str	r2, [sp, #44]	@ 0x2c
3418af1c:	2200      	movs	r2, #0
3418af1e:	9301      	str	r3, [sp, #4]
3418af20:	9104      	str	r1, [sp, #16]
3418af22:	9107      	str	r1, [sp, #28]
3418af24:	9208      	str	r2, [sp, #32]
3418af26:	f7f9 fd2b 	bl	34184980 <__retarget_lock_init_recursive>
3418af2a:	4632      	mov	r2, r6
3418af2c:	9b01      	ldr	r3, [sp, #4]
3418af2e:	a902      	add	r1, sp, #8
3418af30:	4638      	mov	r0, r7
3418af32:	f7fe ff03 	bl	34189d3c <_vfiprintf_r>
3418af36:	1e06      	subs	r6, r0, #0
3418af38:	db07      	blt.n	3418af4a <__sbprintf+0x62>
3418af3a:	a902      	add	r1, sp, #8
3418af3c:	4638      	mov	r0, r7
3418af3e:	f7f9 fb4d 	bl	341845dc <_fflush_r>
3418af42:	2800      	cmp	r0, #0
3418af44:	bf18      	it	ne
3418af46:	f04f 36ff 	movne.w	r6, #4294967295	@ 0xffffffff
3418af4a:	f8bd 3014 	ldrh.w	r3, [sp, #20]
3418af4e:	065b      	lsls	r3, r3, #25
3418af50:	d503      	bpl.n	3418af5a <__sbprintf+0x72>
3418af52:	89ab      	ldrh	r3, [r5, #12]
3418af54:	f043 0340 	orr.w	r3, r3, #64	@ 0x40
3418af58:	81ab      	strh	r3, [r5, #12]
3418af5a:	9818      	ldr	r0, [sp, #96]	@ 0x60
3418af5c:	f7f9 fd12 	bl	34184984 <__retarget_lock_close_recursive>
3418af60:	4630      	mov	r0, r6
3418af62:	f20d 4d74 	addw	sp, sp, #1140	@ 0x474
3418af66:	bdf0      	pop	{r4, r5, r6, r7, pc}

3418af68 <abort>:
3418af68:	2006      	movs	r0, #6
3418af6a:	b508      	push	{r3, lr}
3418af6c:	f000 f804 	bl	3418af78 <raise>
3418af70:	2001      	movs	r0, #1
3418af72:	f000 f879 	bl	3418b068 <_exit>
3418af76:	bf00      	nop

3418af78 <raise>:
3418af78:	4b17      	ldr	r3, [pc, #92]	@ (3418afd8 <raise+0x60>)
3418af7a:	281f      	cmp	r0, #31
3418af7c:	b510      	push	{r4, lr}
3418af7e:	681c      	ldr	r4, [r3, #0]
3418af80:	b082      	sub	sp, #8
3418af82:	d823      	bhi.n	3418afcc <raise+0x54>
3418af84:	f8d4 11f8 	ldr.w	r1, [r4, #504]	@ 0x1f8
3418af88:	4602      	mov	r2, r0
3418af8a:	b171      	cbz	r1, 3418afaa <raise+0x32>
3418af8c:	f851 3020 	ldr.w	r3, [r1, r0, lsl #2]
3418af90:	b15b      	cbz	r3, 3418afaa <raise+0x32>
3418af92:	2b01      	cmp	r3, #1
3418af94:	d006      	beq.n	3418afa4 <raise+0x2c>
3418af96:	f1b3 3fff 	cmp.w	r3, #4294967295	@ 0xffffffff
3418af9a:	d012      	beq.n	3418afc2 <raise+0x4a>
3418af9c:	2400      	movs	r4, #0
3418af9e:	f841 4020 	str.w	r4, [r1, r0, lsl #2]
3418afa2:	4798      	blx	r3
3418afa4:	2000      	movs	r0, #0
3418afa6:	b002      	add	sp, #8
3418afa8:	bd10      	pop	{r4, pc}
3418afaa:	4620      	mov	r0, r4
3418afac:	9201      	str	r2, [sp, #4]
3418afae:	f000 f829 	bl	3418b004 <_getpid_r>
3418afb2:	9a01      	ldr	r2, [sp, #4]
3418afb4:	4601      	mov	r1, r0
3418afb6:	4620      	mov	r0, r4
3418afb8:	b002      	add	sp, #8
3418afba:	e8bd 4010 	ldmia.w	sp!, {r4, lr}
3418afbe:	f000 b80d 	b.w	3418afdc <_kill_r>
3418afc2:	2316      	movs	r3, #22
3418afc4:	2001      	movs	r0, #1
3418afc6:	6023      	str	r3, [r4, #0]
3418afc8:	b002      	add	sp, #8
3418afca:	bd10      	pop	{r4, pc}
3418afcc:	2316      	movs	r3, #22
3418afce:	f04f 30ff 	mov.w	r0, #4294967295	@ 0xffffffff
3418afd2:	6023      	str	r3, [r4, #0]
3418afd4:	e7e7      	b.n	3418afa6 <raise+0x2e>
3418afd6:	bf00      	nop
3418afd8:	341c0020 	.word	0x341c0020

3418afdc <_kill_r>:
3418afdc:	b538      	push	{r3, r4, r5, lr}
3418afde:	2300      	movs	r3, #0
3418afe0:	4c07      	ldr	r4, [pc, #28]	@ (3418b000 <_kill_r+0x24>)
3418afe2:	4605      	mov	r5, r0
3418afe4:	4608      	mov	r0, r1
3418afe6:	4611      	mov	r1, r2
3418afe8:	6023      	str	r3, [r4, #0]
3418afea:	f000 f82d 	bl	3418b048 <_kill>
3418afee:	1c43      	adds	r3, r0, #1
3418aff0:	d000      	beq.n	3418aff4 <_kill_r+0x18>
3418aff2:	bd38      	pop	{r3, r4, r5, pc}
3418aff4:	6823      	ldr	r3, [r4, #0]
3418aff6:	2b00      	cmp	r3, #0
3418aff8:	d0fb      	beq.n	3418aff2 <_kill_r+0x16>
3418affa:	602b      	str	r3, [r5, #0]
3418affc:	bd38      	pop	{r3, r4, r5, pc}
3418affe:	bf00      	nop
3418b000:	341c0be4 	.word	0x341c0be4

3418b004 <_getpid_r>:
3418b004:	f000 b810 	b.w	3418b028 <_getpid>

3418b008 <_close>:
3418b008:	4b02      	ldr	r3, [pc, #8]	@ (3418b014 <_close+0xc>)
3418b00a:	2258      	movs	r2, #88	@ 0x58
3418b00c:	f04f 30ff 	mov.w	r0, #4294967295	@ 0xffffffff
3418b010:	601a      	str	r2, [r3, #0]
3418b012:	4770      	bx	lr
3418b014:	341c0be4 	.word	0x341c0be4

3418b018 <_fstat>:
3418b018:	4b02      	ldr	r3, [pc, #8]	@ (3418b024 <_fstat+0xc>)
3418b01a:	2258      	movs	r2, #88	@ 0x58
3418b01c:	f04f 30ff 	mov.w	r0, #4294967295	@ 0xffffffff
3418b020:	601a      	str	r2, [r3, #0]
3418b022:	4770      	bx	lr
3418b024:	341c0be4 	.word	0x341c0be4

3418b028 <_getpid>:
3418b028:	4b02      	ldr	r3, [pc, #8]	@ (3418b034 <_getpid+0xc>)
3418b02a:	2258      	movs	r2, #88	@ 0x58
3418b02c:	f04f 30ff 	mov.w	r0, #4294967295	@ 0xffffffff
3418b030:	601a      	str	r2, [r3, #0]
3418b032:	4770      	bx	lr
3418b034:	341c0be4 	.word	0x341c0be4

3418b038 <_isatty>:
3418b038:	4b02      	ldr	r3, [pc, #8]	@ (3418b044 <_isatty+0xc>)
3418b03a:	2258      	movs	r2, #88	@ 0x58
3418b03c:	2000      	movs	r0, #0
3418b03e:	601a      	str	r2, [r3, #0]
3418b040:	4770      	bx	lr
3418b042:	bf00      	nop
3418b044:	341c0be4 	.word	0x341c0be4

3418b048 <_kill>:
3418b048:	4b02      	ldr	r3, [pc, #8]	@ (3418b054 <_kill+0xc>)
3418b04a:	2258      	movs	r2, #88	@ 0x58
3418b04c:	f04f 30ff 	mov.w	r0, #4294967295	@ 0xffffffff
3418b050:	601a      	str	r2, [r3, #0]
3418b052:	4770      	bx	lr
3418b054:	341c0be4 	.word	0x341c0be4

3418b058 <_lseek>:
3418b058:	4b02      	ldr	r3, [pc, #8]	@ (3418b064 <_lseek+0xc>)
3418b05a:	2258      	movs	r2, #88	@ 0x58
3418b05c:	f04f 30ff 	mov.w	r0, #4294967295	@ 0xffffffff
3418b060:	601a      	str	r2, [r3, #0]
3418b062:	4770      	bx	lr
3418b064:	341c0be4 	.word	0x341c0be4

3418b068 <_exit>:
3418b068:	e7fe      	b.n	3418b068 <_exit>
3418b06a:	bf00      	nop

3418b06c <_init>:
3418b06c:	b5f8      	push	{r3, r4, r5, r6, r7, lr}
3418b06e:	bf00      	nop
3418b070:	bcf8      	pop	{r3, r4, r5, r6, r7}
3418b072:	bc08      	pop	{r3}
3418b074:	469e      	mov	lr, r3
3418b076:	4770      	bx	lr

3418b078 <_fini>:
3418b078:	b5f8      	push	{r3, r4, r5, r6, r7, lr}
3418b07a:	bf00      	nop
3418b07c:	bcf8      	pop	{r3, r4, r5, r6, r7}
3418b07e:	bc08      	pop	{r3}
3418b080:	469e      	mov	lr, r3
3418b082:	4770      	bx	lr

Disassembly of section .gnu.sgstubs:

3418b680 <SECURE_SystemCoreClockUpdate>:
3418b680:	e97f e97f 	sg
3418b684:	f7f7 b99e 	b.w	341829c4 <__acle_se_SECURE_SystemCoreClockUpdate>
	...
