
build/full/128f/mve-refmat/reference/aimer-m55-128f-mve-refmat-reference.elf:     file format elf32-littlearm


Disassembly of section .text:

34180750 <__do_global_dtors_aux>:
34180750:	b508      	push	{r3, lr}
34180752:	4b06      	ldr	r3, [pc, #24]	@ (3418076c <__do_global_dtors_aux+0x1c>)
34180754:	781a      	ldrb	r2, [r3, #0]
34180756:	b93a      	cbnz	r2, 34180768 <__do_global_dtors_aux+0x18>
34180758:	4a05      	ldr	r2, [pc, #20]	@ (34180770 <__do_global_dtors_aux+0x20>)
3418075a:	b11a      	cbz	r2, 34180764 <__do_global_dtors_aux+0x14>
3418075c:	4805      	ldr	r0, [pc, #20]	@ (34180774 <__do_global_dtors_aux+0x24>)
3418075e:	f3af 8000 	nop.w
34180762:	4b02      	ldr	r3, [pc, #8]	@ (3418076c <__do_global_dtors_aux+0x1c>)
34180764:	2201      	movs	r2, #1
34180766:	701a      	strb	r2, [r3, #0]
34180768:	bd08      	pop	{r3, pc}
3418076a:	bf00      	nop
3418076c:	341c08a0 	.word	0x341c08a0
34180770:	00000000 	.word	0x00000000
34180774:	3418ab04 	.word	0x3418ab04

34180778 <frame_dummy>:
34180778:	b508      	push	{r3, lr}
3418077a:	4b03      	ldr	r3, [pc, #12]	@ (34180788 <frame_dummy+0x10>)
3418077c:	b11b      	cbz	r3, 34180786 <frame_dummy+0xe>
3418077e:	4903      	ldr	r1, [pc, #12]	@ (3418078c <frame_dummy+0x14>)
34180780:	4803      	ldr	r0, [pc, #12]	@ (34180790 <frame_dummy+0x18>)
34180782:	f3af 8000 	nop.w
34180786:	bd08      	pop	{r3, pc}
34180788:	00000000 	.word	0x00000000
3418078c:	341c08a4 	.word	0x341c08a4
34180790:	3418ab04 	.word	0x3418ab04

34180794 <fill_random>:
34180794:	b5f0      	push	{r4, r5, r6, r7, lr}
34180796:	f8df e074 	ldr.w	lr, [pc, #116]	@ 3418080c <fill_random+0x78>
3418079a:	4684      	mov	ip, r0
3418079c:	e9de 0100 	ldrd	r0, r1, [lr]
341807a0:	4604      	mov	r4, r0
341807a2:	460d      	mov	r5, r1
341807a4:	ea54 354f 	lsll	r4, r5, #13
341807a8:	ea80 3240 	eor.w	r2, r0, r0, lsl #13
341807ac:	ea81 0305 	eor.w	r3, r1, r5
341807b0:	4614      	mov	r4, r2
341807b2:	461d      	mov	r5, r3
341807b4:	ea54 15df 	lsrl	r4, r5, #7
341807b8:	ea82 0004 	eor.w	r0, r2, r4
341807bc:	ea83 0105 	eor.w	r1, r3, r5
341807c0:	4604      	mov	r4, r0
341807c2:	460d      	mov	r5, r1
341807c4:	ea54 454f 	lsll	r4, r5, #17
341807c8:	ea80 4240 	eor.w	r2, r0, r0, lsl #17
341807cc:	ea81 0305 	eor.w	r3, r1, r5
341807d0:	4614      	mov	r4, r2
341807d2:	461d      	mov	r5, r3
341807d4:	ea54 354f 	lsll	r4, r5, #13
341807d8:	ea82 3042 	eor.w	r0, r2, r2, lsl #13
341807dc:	ea83 0105 	eor.w	r1, r3, r5
341807e0:	4604      	mov	r4, r0
341807e2:	460d      	mov	r5, r1
341807e4:	ea54 15df 	lsrl	r4, r5, #7
341807e8:	ea80 0604 	eor.w	r6, r0, r4
341807ec:	ea81 0705 	eor.w	r7, r1, r5
341807f0:	e9cc 2300 	strd	r2, r3, [ip]
341807f4:	4632      	mov	r2, r6
341807f6:	463b      	mov	r3, r7
341807f8:	ea52 434f 	lsll	r2, r3, #17
341807fc:	ea86 4246 	eor.w	r2, r6, r6, lsl #17
34180800:	407b      	eors	r3, r7
34180802:	e9ce 2300 	strd	r2, r3, [lr]
34180806:	e9cc 2302 	strd	r2, r3, [ip, #8]
3418080a:	bdf0      	pop	{r4, r5, r6, r7, pc}
3418080c:	341c0000 	.word	0x341c0000

34180810 <compare>:
34180810:	b570      	push	{r4, r5, r6, lr}
34180812:	e9d2 ec00 	ldrd	lr, ip, [r2]
34180816:	4604      	mov	r4, r0
34180818:	460d      	mov	r5, r1
3418081a:	e9d3 0100 	ldrd	r0, r1, [r3]
3418081e:	458c      	cmp	ip, r1
34180820:	bf08      	it	eq
34180822:	4586      	cmpeq	lr, r0
34180824:	b086      	sub	sp, #24
34180826:	d10e      	bne.n	34180846 <compare+0x36>
34180828:	e9d3 0102 	ldrd	r0, r1, [r3, #8]
3418082c:	e9d2 ec02 	ldrd	lr, ip, [r2, #8]
34180830:	458c      	cmp	ip, r1
34180832:	bf08      	it	eq
34180834:	4586      	cmpeq	lr, r0
34180836:	f04f 0300 	mov.w	r3, #0
3418083a:	bf18      	it	ne
3418083c:	2601      	movne	r6, #1
3418083e:	d103      	bne.n	34180848 <compare+0x38>
34180840:	4618      	mov	r0, r3
34180842:	b006      	add	sp, #24
34180844:	bd70      	pop	{r4, r5, r6, pc}
34180846:	2600      	movs	r6, #0
34180848:	e9cd 1003 	strd	r1, r0, [sp, #12]
3418084c:	462b      	mov	r3, r5
3418084e:	4622      	mov	r2, r4
34180850:	e9cd ce01 	strd	ip, lr, [sp, #4]
34180854:	4903      	ldr	r1, [pc, #12]	@ (34180864 <compare+0x54>)
34180856:	4804      	ldr	r0, [pc, #16]	@ (34180868 <compare+0x58>)
34180858:	9600      	str	r6, [sp, #0]
3418085a:	f003 faf5 	bl	34183e48 <printf>
3418085e:	f04f 33ff 	mov.w	r3, #4294967295	@ 0xffffffff
34180862:	e7ed      	b.n	34180840 <compare+0x30>
34180864:	3418ab20 	.word	0x3418ab20
34180868:	3418ab28 	.word	0x3418ab28

3418086c <generic_mul>:
3418086c:	e92d 4ff0 	stmdb	sp!, {r4, r5, r6, r7, r8, r9, sl, fp, lr}
34180870:	4683      	mov	fp, r0
34180872:	460f      	mov	r7, r1
34180874:	4692      	mov	sl, r2
34180876:	2500      	movs	r5, #0
34180878:	b095      	sub	sp, #84	@ 0x54
3418087a:	2100      	movs	r1, #0
3418087c:	2220      	movs	r2, #32
3418087e:	a80c      	add	r0, sp, #48	@ 0x30
34180880:	f003 fd46 	bl	34184310 <memset>
34180884:	e9d7 2300 	ldrd	r2, r3, [r7]
34180888:	e9d7 0102 	ldrd	r0, r1, [r7, #8]
3418088c:	e9cd ab08 	strd	sl, fp, [sp, #32]
34180890:	462e      	mov	r6, r5
34180892:	46a9      	mov	r9, r5
34180894:	462c      	mov	r4, r5
34180896:	4692      	mov	sl, r2
34180898:	469b      	mov	fp, r3
3418089a:	e9cd 0100 	strd	r0, r1, [sp]
3418089e:	e02a      	b.n	341808f6 <generic_mul+0x8a>
341808a0:	9b00      	ldr	r3, [sp, #0]
341808a2:	f1a5 0820 	sub.w	r8, r5, #32
341808a6:	fa23 f705 	lsr.w	r7, r3, r5
341808aa:	9b01      	ldr	r3, [sp, #4]
341808ac:	9c07      	ldr	r4, [sp, #28]
341808ae:	fa23 f808 	lsr.w	r8, r3, r8
341808b2:	fa23 f505 	lsr.w	r5, r3, r5
341808b6:	ea47 070e 	orr.w	r7, r7, lr
341808ba:	9b06      	ldr	r3, [sp, #24]
341808bc:	ea47 0708 	orr.w	r7, r7, r8
341808c0:	f846 0c20 	str.w	r0, [r6, #-32]
341808c4:	f846 4c1c 	str.w	r4, [r6, #-28]
341808c8:	ea07 070c 	and.w	r7, r7, ip
341808cc:	401d      	ands	r5, r3
341808ce:	f109 0901 	add.w	r9, r9, #1
341808d2:	e951 0208 	ldrd	r0, r2, [r1, #-32]
341808d6:	f1b9 0f80 	cmp.w	r9, #128	@ 0x80
341808da:	ea80 0007 	eor.w	r0, r0, r7
341808de:	ea82 0205 	eor.w	r2, r2, r5
341808e2:	e941 0208 	strd	r0, r2, [r1, #-32]
341808e6:	d07a      	beq.n	341809de <generic_mul+0x172>
341808e8:	ea4f 1499 	mov.w	r4, r9, lsr #6
341808ec:	ab14      	add	r3, sp, #80	@ 0x50
341808ee:	eb03 03c4 	add.w	r3, r3, r4, lsl #3
341808f2:	e953 5608 	ldrd	r5, r6, [r3, #-32]
341808f6:	4650      	mov	r0, sl
341808f8:	4659      	mov	r1, fp
341808fa:	9b08      	ldr	r3, [sp, #32]
341808fc:	f009 023f 	and.w	r2, r9, #63	@ 0x3f
34180900:	eb03 07c4 	add.w	r7, r3, r4, lsl #3
34180904:	f8d7 e004 	ldr.w	lr, [r7, #4]
34180908:	f853 3034 	ldr.w	r3, [r3, r4, lsl #3]
3418090c:	ea50 210d 	lsll	r0, r1, r2
34180910:	f1c2 0c20 	rsb	ip, r2, #32
34180914:	fa0e fc0c 	lsl.w	ip, lr, ip
34180918:	f1a2 0720 	sub.w	r7, r2, #32
3418091c:	40d3      	lsrs	r3, r2
3418091e:	fa2e f707 	lsr.w	r7, lr, r7
34180922:	ea43 030c 	orr.w	r3, r3, ip
34180926:	433b      	orrs	r3, r7
34180928:	f343 0c00 	sbfx	ip, r3, #0, #1
3418092c:	4667      	mov	r7, ip
3418092e:	e9cd 0102 	strd	r0, r1, [sp, #8]
34180932:	a914      	add	r1, sp, #80	@ 0x50
34180934:	eb01 0ec4 	add.w	lr, r1, r4, lsl #3
34180938:	9902      	ldr	r1, [sp, #8]
3418093a:	f003 0301 	and.w	r3, r3, #1
3418093e:	ea01 000c 	and.w	r0, r1, ip
34180942:	9903      	ldr	r1, [sp, #12]
34180944:	4068      	eors	r0, r5
34180946:	4039      	ands	r1, r7
34180948:	ea81 0506 	eor.w	r5, r1, r6
3418094c:	e94e 0508 	strd	r0, r5, [lr, #-32]
34180950:	1c66      	adds	r6, r4, #1
34180952:	1ca1      	adds	r1, r4, #2
34180954:	e9dd 4500 	ldrd	r4, r5, [sp]
34180958:	ea54 250d 	lsll	r4, r5, r2
3418095c:	425b      	negs	r3, r3
3418095e:	9306      	str	r3, [sp, #24]
34180960:	ab14      	add	r3, sp, #80	@ 0x50
34180962:	eb03 06c6 	add.w	r6, r3, r6, lsl #3
34180966:	f856 0c20 	ldr.w	r0, [r6, #-32]
3418096a:	e9cd 4502 	strd	r4, r5, [sp, #8]
3418096e:	f1a2 0e20 	sub.w	lr, r2, #32
34180972:	f1c2 0540 	rsb	r5, r2, #64	@ 0x40
34180976:	9005      	str	r0, [sp, #20]
34180978:	fa0b fe0e 	lsl.w	lr, fp, lr
3418097c:	f1c2 0420 	rsb	r4, r2, #32
34180980:	fa2a f005 	lsr.w	r0, sl, r5
34180984:	fa2b f404 	lsr.w	r4, fp, r4
34180988:	ea40 000e 	orr.w	r0, r0, lr
3418098c:	eb03 01c1 	add.w	r1, r3, r1, lsl #3
34180990:	9b06      	ldr	r3, [sp, #24]
34180992:	4320      	orrs	r0, r4
34180994:	fa2b f405 	lsr.w	r4, fp, r5
34180998:	401c      	ands	r4, r3
3418099a:	9b01      	ldr	r3, [sp, #4]
3418099c:	f1c5 0e20 	rsb	lr, r5, #32
341809a0:	fa03 fe0e 	lsl.w	lr, r3, lr
341809a4:	9b03      	ldr	r3, [sp, #12]
341809a6:	f856 8c1c 	ldr.w	r8, [r6, #-28]
341809aa:	401f      	ands	r7, r3
341809ac:	407c      	eors	r4, r7
341809ae:	ea84 0408 	eor.w	r4, r4, r8
341809b2:	9407      	str	r4, [sp, #28]
341809b4:	9c02      	ldr	r4, [sp, #8]
341809b6:	9b05      	ldr	r3, [sp, #20]
341809b8:	ea00 000c 	and.w	r0, r0, ip
341809bc:	ea04 040c 	and.w	r4, r4, ip
341809c0:	4060      	eors	r0, r4
341809c2:	4058      	eors	r0, r3
341809c4:	2a00      	cmp	r2, #0
341809c6:	f47f af6b 	bne.w	341808a0 <generic_mul+0x34>
341809ca:	4063      	eors	r3, r4
341809cc:	ea88 0707 	eor.w	r7, r8, r7
341809d0:	f846 3c20 	str.w	r3, [r6, #-32]
341809d4:	f846 7c1c 	str.w	r7, [r6, #-28]
341809d8:	f109 0901 	add.w	r9, r9, #1
341809dc:	e784      	b.n	341808e8 <generic_mul+0x7c>
341809de:	f8dd b024 	ldr.w	fp, [sp, #36]	@ 0x24
341809e2:	f04f 0987 	mov.w	r9, #135	@ 0x87
341809e6:	f8cd b014 	str.w	fp, [sp, #20]
341809ea:	24fe      	movs	r4, #254	@ 0xfe
341809ec:	f04f 0b7f 	mov.w	fp, #127	@ 0x7f
341809f0:	f8cd 9008 	str.w	r9, [sp, #8]
341809f4:	f04f 0900 	mov.w	r9, #0
341809f8:	09a2      	lsrs	r2, r4, #6
341809fa:	ab14      	add	r3, sp, #80	@ 0x50
341809fc:	eb03 0ac2 	add.w	sl, r3, r2, lsl #3
34180a00:	f85a 5c1c 	ldr.w	r5, [sl, #-28]
34180a04:	f004 033f 	and.w	r3, r4, #63	@ 0x3f
34180a08:	f85a 1c20 	ldr.w	r1, [sl, #-32]
34180a0c:	f1c3 0620 	rsb	r6, r3, #32
34180a10:	fa05 f606 	lsl.w	r6, r5, r6
34180a14:	f1a3 0020 	sub.w	r0, r3, #32
34180a18:	40d9      	lsrs	r1, r3
34180a1a:	fa25 f000 	lsr.w	r0, r5, r0
34180a1e:	4331      	orrs	r1, r6
34180a20:	4301      	orrs	r1, r0
34180a22:	f001 0801 	and.w	r8, r1, #1
34180a26:	9e02      	ldr	r6, [sp, #8]
34180a28:	1e91      	subs	r1, r2, #2
34180a2a:	a814      	add	r0, sp, #80	@ 0x50
34180a2c:	eb00 01c1 	add.w	r1, r0, r1, lsl #3
34180a30:	f1c3 0040 	rsb	r0, r3, #64	@ 0x40
34180a34:	fa26 f000 	lsr.w	r0, r6, r0
34180a38:	3a01      	subs	r2, #1
34180a3a:	ae14      	add	r6, sp, #80	@ 0x50
34180a3c:	464f      	mov	r7, r9
34180a3e:	eb06 02c2 	add.w	r2, r6, r2, lsl #3
34180a42:	4646      	mov	r6, r8
34180a44:	ea56 370d 	lsll	r6, r7, r3
34180a48:	e9cd 6700 	strd	r6, r7, [sp]
34180a4c:	9f00      	ldr	r7, [sp, #0]
34180a4e:	f85a 6c20 	ldr.w	r6, [sl, #-32]
34180a52:	f1d8 0e00 	rsbs	lr, r8, #0
34180a56:	ea86 0607 	eor.w	r6, r6, r7
34180a5a:	9f01      	ldr	r7, [sp, #4]
34180a5c:	eb6c 0c0c 	sbc.w	ip, ip, ip
34180a60:	407d      	eors	r5, r7
34180a62:	e94a 6508 	strd	r6, r5, [sl, #-32]
34180a66:	2700      	movs	r7, #0
34180a68:	2687      	movs	r6, #135	@ 0x87
34180a6a:	ea56 370d 	lsll	r6, r7, r3
34180a6e:	f851 5c1c 	ldr.w	r5, [r1, #-28]
34180a72:	ea06 0e0e 	and.w	lr, r6, lr
34180a76:	f851 6c20 	ldr.w	r6, [r1, #-32]
34180a7a:	ea07 0c0c 	and.w	ip, r7, ip
34180a7e:	ea86 060e 	eor.w	r6, r6, lr
34180a82:	ea85 050c 	eor.w	r5, r5, ip
34180a86:	e941 6508 	strd	r6, r5, [r1, #-32]
34180a8a:	3c01      	subs	r4, #1
34180a8c:	b13b      	cbz	r3, 34180a9e <generic_mul+0x232>
34180a8e:	e952 1308 	ldrd	r1, r3, [r2, #-32]
34180a92:	fba0 0508 	umull	r0, r5, r0, r8
34180a96:	4048      	eors	r0, r1
34180a98:	406b      	eors	r3, r5
34180a9a:	e942 0308 	strd	r0, r3, [r2, #-32]
34180a9e:	f1bb 0b01 	subs.w	fp, fp, #1
34180aa2:	d1a7      	bne.n	341809f4 <generic_mul+0x188>
34180aa4:	f8dd b014 	ldr.w	fp, [sp, #20]
34180aa8:	ab0c      	add	r3, sp, #48	@ 0x30
34180aaa:	cb0f      	ldmia	r3, {r0, r1, r2, r3}
34180aac:	e88b 000f 	stmia.w	fp, {r0, r1, r2, r3}
34180ab0:	b015      	add	sp, #84	@ 0x54
34180ab2:	e8bd 8ff0 	ldmia.w	sp!, {r4, r5, r6, r7, r8, r9, sl, fp, pc}
34180ab6:	bf00      	nop

34180ab8 <test_pair>:
34180ab8:	e92d 41f0 	stmdb	sp!, {r4, r5, r6, r7, r8, lr}
34180abc:	460d      	mov	r5, r1
34180abe:	4604      	mov	r4, r0
34180ac0:	2100      	movs	r1, #0
34180ac2:	2000      	movs	r0, #0
34180ac4:	460b      	mov	r3, r1
34180ac6:	4690      	mov	r8, r2
34180ac8:	4602      	mov	r2, r0
34180aca:	b090      	sub	sp, #64	@ 0x40
34180acc:	e9cd 230a 	strd	r2, r3, [sp, #40]	@ 0x28
34180ad0:	e9cd 0108 	strd	r0, r1, [sp, #32]
34180ad4:	462a      	mov	r2, r5
34180ad6:	4621      	mov	r1, r4
34180ad8:	a808      	add	r0, sp, #32
34180ada:	f7ff fec7 	bl	3418086c <generic_mul>
34180ade:	9b0a      	ldr	r3, [sp, #40]	@ 0x28
34180ae0:	462a      	mov	r2, r5
34180ae2:	e9dd 6508 	ldrd	r6, r5, [sp, #32]
34180ae6:	4621      	mov	r1, r4
34180ae8:	a80c      	add	r0, sp, #48	@ 0x30
34180aea:	9f0b      	ldr	r7, [sp, #44]	@ 0x2c
34180aec:	9307      	str	r3, [sp, #28]
34180aee:	f000 fe6d 	bl	341817cc <samsungsds_aimer_128f_ref_gf_mul>
34180af2:	e9dd 210c 	ldrd	r2, r1, [sp, #48]	@ 0x30
34180af6:	428d      	cmp	r5, r1
34180af8:	bf08      	it	eq
34180afa:	4296      	cmpeq	r6, r2
34180afc:	d124      	bne.n	34180b48 <test_pair+0x90>
34180afe:	e9dd 210e 	ldrd	r2, r1, [sp, #56]	@ 0x38
34180b02:	9b07      	ldr	r3, [sp, #28]
34180b04:	428f      	cmp	r7, r1
34180b06:	bf08      	it	eq
34180b08:	4293      	cmpeq	r3, r2
34180b0a:	d139      	bne.n	34180b80 <test_pair+0xc8>
34180b0c:	4622      	mov	r2, r4
34180b0e:	4621      	mov	r1, r4
34180b10:	a808      	add	r0, sp, #32
34180b12:	f7ff feab 	bl	3418086c <generic_mul>
34180b16:	e9dd 760a 	ldrd	r7, r6, [sp, #40]	@ 0x28
34180b1a:	4621      	mov	r1, r4
34180b1c:	e9dd 5408 	ldrd	r5, r4, [sp, #32]
34180b20:	a80c      	add	r0, sp, #48	@ 0x30
34180b22:	f000 fec9 	bl	341818b8 <samsungsds_aimer_128f_ref_gf_sqr>
34180b26:	e9dd 210c 	ldrd	r2, r1, [sp, #48]	@ 0x30
34180b2a:	42a1      	cmp	r1, r4
34180b2c:	bf08      	it	eq
34180b2e:	42aa      	cmpeq	r2, r5
34180b30:	d119      	bne.n	34180b66 <test_pair+0xae>
34180b32:	e9dd 210e 	ldrd	r2, r1, [sp, #56]	@ 0x38
34180b36:	42b1      	cmp	r1, r6
34180b38:	bf08      	it	eq
34180b3a:	42ba      	cmpeq	r2, r7
34180b3c:	f04f 0000 	mov.w	r0, #0
34180b40:	d122      	bne.n	34180b88 <test_pair+0xd0>
34180b42:	b010      	add	sp, #64	@ 0x40
34180b44:	e8bd 81f0 	ldmia.w	sp!, {r4, r5, r6, r7, r8, pc}
34180b48:	2400      	movs	r4, #0
34180b4a:	e9cd 6102 	strd	r6, r1, [sp, #8]
34180b4e:	9204      	str	r2, [sp, #16]
34180b50:	4643      	mov	r3, r8
34180b52:	e9cd 4500 	strd	r4, r5, [sp]
34180b56:	4a0e      	ldr	r2, [pc, #56]	@ (34180b90 <test_pair+0xd8>)
34180b58:	490e      	ldr	r1, [pc, #56]	@ (34180b94 <test_pair+0xdc>)
34180b5a:	480f      	ldr	r0, [pc, #60]	@ (34180b98 <test_pair+0xe0>)
34180b5c:	f003 f974 	bl	34183e48 <printf>
34180b60:	f04f 30ff 	mov.w	r0, #4294967295	@ 0xffffffff
34180b64:	e7ed      	b.n	34180b42 <test_pair+0x8a>
34180b66:	2600      	movs	r6, #0
34180b68:	e9cd 5102 	strd	r5, r1, [sp, #8]
34180b6c:	9204      	str	r2, [sp, #16]
34180b6e:	4643      	mov	r3, r8
34180b70:	e9cd 6400 	strd	r6, r4, [sp]
34180b74:	4a09      	ldr	r2, [pc, #36]	@ (34180b9c <test_pair+0xe4>)
34180b76:	4907      	ldr	r1, [pc, #28]	@ (34180b94 <test_pair+0xdc>)
34180b78:	4807      	ldr	r0, [pc, #28]	@ (34180b98 <test_pair+0xe0>)
34180b7a:	f003 f965 	bl	34183e48 <printf>
34180b7e:	e7ef      	b.n	34180b60 <test_pair+0xa8>
34180b80:	461e      	mov	r6, r3
34180b82:	463d      	mov	r5, r7
34180b84:	2401      	movs	r4, #1
34180b86:	e7e0      	b.n	34180b4a <test_pair+0x92>
34180b88:	4634      	mov	r4, r6
34180b8a:	463d      	mov	r5, r7
34180b8c:	2601      	movs	r6, #1
34180b8e:	e7eb      	b.n	34180b68 <test_pair+0xb0>
34180b90:	3418ab7c 	.word	0x3418ab7c
34180b94:	3418ab20 	.word	0x3418ab20
34180b98:	3418ab28 	.word	0x3418ab28
34180b9c:	3418ab80 	.word	0x3418ab80

34180ba0 <main>:
34180ba0:	e92d 4ff0 	stmdb	sp!, {r4, r5, r6, r7, r8, r9, sl, fp, lr}
34180ba4:	2500      	movs	r5, #0
34180ba6:	f6ad 0df4 	subw	sp, sp, #2292	@ 0x8f4
34180baa:	ac04      	add	r4, sp, #16
34180bac:	a808      	add	r0, sp, #32
34180bae:	e9c4 5500 	strd	r5, r5, [r4]
34180bb2:	e9c4 5502 	strd	r5, r5, [r4, #8]
34180bb6:	e9cd 5508 	strd	r5, r5, [sp, #32]
34180bba:	e9cd 550a 	strd	r5, r5, [sp, #40]	@ 0x28
34180bbe:	f7ff fde9 	bl	34180794 <fill_random>
34180bc2:	462a      	mov	r2, r5
34180bc4:	4620      	mov	r0, r4
34180bc6:	a908      	add	r1, sp, #32
34180bc8:	f7ff ff76 	bl	34180ab8 <test_pair>
34180bcc:	b128      	cbz	r0, 34180bda <main+0x3a>
34180bce:	2501      	movs	r5, #1
34180bd0:	4628      	mov	r0, r5
34180bd2:	f60d 0df4 	addw	sp, sp, #2292	@ 0x8f4
34180bd6:	e8bd 8ff0 	ldmia.w	sp!, {r4, r5, r6, r7, r8, r9, sl, fp, pc}
34180bda:	2601      	movs	r6, #1
34180bdc:	2700      	movs	r7, #0
34180bde:	2201      	movs	r2, #1
34180be0:	4620      	mov	r0, r4
34180be2:	a908      	add	r1, sp, #32
34180be4:	e9c4 6700 	strd	r6, r7, [r4]
34180be8:	f7ff ff66 	bl	34180ab8 <test_pair>
34180bec:	2800      	cmp	r0, #0
34180bee:	d1ee      	bne.n	34180bce <main+0x2e>
34180bf0:	f04f 38ff 	mov.w	r8, #4294967295	@ 0xffffffff
34180bf4:	f04f 39ff 	mov.w	r9, #4294967295	@ 0xffffffff
34180bf8:	2202      	movs	r2, #2
34180bfa:	4620      	mov	r0, r4
34180bfc:	a908      	add	r1, sp, #32
34180bfe:	e9c4 8900 	strd	r8, r9, [r4]
34180c02:	e9cd 8908 	strd	r8, r9, [sp, #32]
34180c06:	e9c4 8902 	strd	r8, r9, [r4, #8]
34180c0a:	e9cd 890a 	strd	r8, r9, [sp, #40]	@ 0x28
34180c0e:	f7ff ff53 	bl	34180ab8 <test_pair>
34180c12:	4605      	mov	r5, r0
34180c14:	2800      	cmp	r0, #0
34180c16:	d1da      	bne.n	34180bce <main+0x2e>
34180c18:	a808      	add	r0, sp, #32
34180c1a:	f7ff fdbb 	bl	34180794 <fill_random>
34180c1e:	f04f 0a03 	mov.w	sl, #3
34180c22:	46b0      	mov	r8, r6
34180c24:	46b9      	mov	r9, r7
34180c26:	f1aa 0303 	sub.w	r3, sl, #3
34180c2a:	f003 023f 	and.w	r2, r3, #63	@ 0x3f
34180c2e:	ea58 290d 	lsll	r8, r9, r2
34180c32:	099b      	lsrs	r3, r3, #6
34180c34:	4652      	mov	r2, sl
34180c36:	eb04 03c3 	add.w	r3, r4, r3, lsl #3
34180c3a:	4620      	mov	r0, r4
34180c3c:	a908      	add	r1, sp, #32
34180c3e:	e9c4 5500 	strd	r5, r5, [r4]
34180c42:	e9c4 5502 	strd	r5, r5, [r4, #8]
34180c46:	e9c3 8900 	strd	r8, r9, [r3]
34180c4a:	f7ff ff35 	bl	34180ab8 <test_pair>
34180c4e:	f10a 0a01 	add.w	sl, sl, #1
34180c52:	2800      	cmp	r0, #0
34180c54:	d1bb      	bne.n	34180bce <main+0x2e>
34180c56:	f1ba 0f83 	cmp.w	sl, #131	@ 0x83
34180c5a:	d1e2      	bne.n	34180c22 <main+0x82>
34180c5c:	f240 1503 	movw	r5, #259	@ 0x103
34180c60:	4620      	mov	r0, r4
34180c62:	f7ff fd97 	bl	34180794 <fill_random>
34180c66:	a808      	add	r0, sp, #32
34180c68:	f7ff fd94 	bl	34180794 <fill_random>
34180c6c:	4652      	mov	r2, sl
34180c6e:	4620      	mov	r0, r4
34180c70:	a908      	add	r1, sp, #32
34180c72:	f7ff ff21 	bl	34180ab8 <test_pair>
34180c76:	f10a 0a01 	add.w	sl, sl, #1
34180c7a:	2800      	cmp	r0, #0
34180c7c:	d1a7      	bne.n	34180bce <main+0x2e>
34180c7e:	45aa      	cmp	sl, r5
34180c80:	d1ee      	bne.n	34180c60 <main+0xc0>
34180c82:	4605      	mov	r5, r0
34180c84:	ae3c      	add	r6, sp, #240	@ 0xf0
34180c86:	4630      	mov	r0, r6
34180c88:	3501      	adds	r5, #1
34180c8a:	f7ff fd83 	bl	34180794 <fill_random>
34180c8e:	2d80      	cmp	r5, #128	@ 0x80
34180c90:	f106 0610 	add.w	r6, r6, #16
34180c94:	d1f7      	bne.n	34180c86 <main+0xe6>
34180c96:	2600      	movs	r6, #0
34180c98:	4620      	mov	r0, r4
34180c9a:	f7ff fd7b 	bl	34180794 <fill_random>
34180c9e:	2700      	movs	r7, #0
34180ca0:	f04f 0e80 	mov.w	lr, #128	@ 0x80
34180ca4:	46bc      	mov	ip, r7
34180ca6:	f04e e001 	dls	lr, lr
34180caa:	46b9      	mov	r9, r7
34180cac:	46b8      	mov	r8, r7
34180cae:	4638      	mov	r0, r7
34180cb0:	aa3c      	add	r2, sp, #240	@ 0xf0
34180cb2:	9601      	str	r6, [sp, #4]
34180cb4:	0983      	lsrs	r3, r0, #6
34180cb6:	f50d 610f 	add.w	r1, sp, #2288	@ 0x8f0
34180cba:	eb01 03c3 	add.w	r3, r1, r3, lsl #3
34180cbe:	f000 013f 	and.w	r1, r0, #63	@ 0x3f
34180cc2:	f1c1 0620 	rsb	r6, r1, #32
34180cc6:	f5a3 630e 	sub.w	r3, r3, #2272	@ 0x8e0
34180cca:	e9d3 3500 	ldrd	r3, r5, [r3]
34180cce:	40cb      	lsrs	r3, r1
34180cd0:	fa05 f606 	lsl.w	r6, r5, r6
34180cd4:	3920      	subs	r1, #32
34180cd6:	fa25 f101 	lsr.w	r1, r5, r1
34180cda:	4333      	orrs	r3, r6
34180cdc:	430b      	orrs	r3, r1
34180cde:	f343 0100 	sbfx	r1, r3, #0, #1
34180ce2:	e9d2 6500 	ldrd	r6, r5, [r2]
34180ce6:	e9d2 ba02 	ldrd	fp, sl, [r2, #8]
34180cea:	400e      	ands	r6, r1
34180cec:	400d      	ands	r5, r1
34180cee:	ea01 030a 	and.w	r3, r1, sl
34180cf2:	ea01 010b 	and.w	r1, r1, fp
34180cf6:	3001      	adds	r0, #1
34180cf8:	3210      	adds	r2, #16
34180cfa:	ea86 0909 	eor.w	r9, r6, r9
34180cfe:	404f      	eors	r7, r1
34180d00:	ea85 0808 	eor.w	r8, r5, r8
34180d04:	ea83 0c0c 	eor.w	ip, r3, ip
34180d08:	f00f c02d 	le	lr, 34180cb4 <main+0x114>
34180d0c:	9e01      	ldr	r6, [sp, #4]
34180d0e:	4621      	mov	r1, r4
34180d10:	aa3c      	add	r2, sp, #240	@ 0xf0
34180d12:	a814      	add	r0, sp, #80	@ 0x50
34180d14:	e9cd 980c 	strd	r9, r8, [sp, #48]	@ 0x30
34180d18:	e9cd 7c0e 	strd	r7, ip, [sp, #56]	@ 0x38
34180d1c:	f000 fec6 	bl	34181aac <samsungsds_aimer_128f_ref_gf_mat_vec_mul>
34180d20:	4631      	mov	r1, r6
34180d22:	486c      	ldr	r0, [pc, #432]	@ (34180ed4 <main+0x334>)
34180d24:	ab14      	add	r3, sp, #80	@ 0x50
34180d26:	aa0c      	add	r2, sp, #48	@ 0x30
34180d28:	f7ff fd72 	bl	34180810 <compare>
34180d2c:	2800      	cmp	r0, #0
34180d2e:	f47f af4e 	bne.w	34180bce <main+0x2e>
34180d32:	a808      	add	r0, sp, #32
34180d34:	f7ff fd2e 	bl	34180794 <fill_random>
34180d38:	9808      	ldr	r0, [sp, #32]
34180d3a:	9b0c      	ldr	r3, [sp, #48]	@ 0x30
34180d3c:	9909      	ldr	r1, [sp, #36]	@ 0x24
34180d3e:	9014      	str	r0, [sp, #80]	@ 0x50
34180d40:	4058      	eors	r0, r3
34180d42:	9b0d      	ldr	r3, [sp, #52]	@ 0x34
34180d44:	9a0a      	ldr	r2, [sp, #40]	@ 0x28
34180d46:	9115      	str	r1, [sp, #84]	@ 0x54
34180d48:	4059      	eors	r1, r3
34180d4a:	9b0e      	ldr	r3, [sp, #56]	@ 0x38
34180d4c:	9d0b      	ldr	r5, [sp, #44]	@ 0x2c
34180d4e:	9216      	str	r2, [sp, #88]	@ 0x58
34180d50:	405a      	eors	r2, r3
34180d52:	9b0f      	ldr	r3, [sp, #60]	@ 0x3c
34180d54:	e9cd 0110 	strd	r0, r1, [sp, #64]	@ 0x40
34180d58:	406b      	eors	r3, r5
34180d5a:	e9cd 2312 	strd	r2, r3, [sp, #72]	@ 0x48
34180d5e:	4621      	mov	r1, r4
34180d60:	aa3c      	add	r2, sp, #240	@ 0xf0
34180d62:	a814      	add	r0, sp, #80	@ 0x50
34180d64:	9517      	str	r5, [sp, #92]	@ 0x5c
34180d66:	f000 fc5f 	bl	34181628 <samsungsds_aimer_128f_ref_gf_mat_vec_mul_add>
34180d6a:	4631      	mov	r1, r6
34180d6c:	485a      	ldr	r0, [pc, #360]	@ (34180ed8 <main+0x338>)
34180d6e:	ab14      	add	r3, sp, #80	@ 0x50
34180d70:	aa10      	add	r2, sp, #64	@ 0x40
34180d72:	f7ff fd4d 	bl	34180810 <compare>
34180d76:	2800      	cmp	r0, #0
34180d78:	f47f af29 	bne.w	34180bce <main+0x2e>
34180d7c:	3601      	adds	r6, #1
34180d7e:	2e10      	cmp	r6, #16
34180d80:	d18a      	bne.n	34180c98 <main+0xf8>
34180d82:	4681      	mov	r9, r0
34180d84:	af1c      	add	r7, sp, #112	@ 0x70
34180d86:	f10d 08b0 	add.w	r8, sp, #176	@ 0xb0
34180d8a:	a818      	add	r0, sp, #96	@ 0x60
34180d8c:	f7ff fd02 	bl	34180794 <fill_random>
34180d90:	2500      	movs	r5, #0
34180d92:	463e      	mov	r6, r7
34180d94:	4630      	mov	r0, r6
34180d96:	3501      	adds	r5, #1
34180d98:	f7ff fcfc 	bl	34180794 <fill_random>
34180d9c:	2d04      	cmp	r5, #4
34180d9e:	f106 0610 	add.w	r6, r6, #16
34180da2:	d1f7      	bne.n	34180d94 <main+0x1f4>
34180da4:	462b      	mov	r3, r5
34180da6:	4639      	mov	r1, r7
34180da8:	4640      	mov	r0, r8
34180daa:	aa18      	add	r2, sp, #96	@ 0x60
34180dac:	f000 f94c 	bl	34181048 <m55_gf_mul_const_batch4>
34180db0:	2500      	movs	r5, #0
34180db2:	464e      	mov	r6, r9
34180db4:	1979      	adds	r1, r7, r5
34180db6:	aa18      	add	r2, sp, #96	@ 0x60
34180db8:	a80c      	add	r0, sp, #48	@ 0x30
34180dba:	f7ff fd57 	bl	3418086c <generic_mul>
34180dbe:	4631      	mov	r1, r6
34180dc0:	eb08 0305 	add.w	r3, r8, r5
34180dc4:	4845      	ldr	r0, [pc, #276]	@ (34180edc <main+0x33c>)
34180dc6:	aa0c      	add	r2, sp, #48	@ 0x30
34180dc8:	f7ff fd22 	bl	34180810 <compare>
34180dcc:	3510      	adds	r5, #16
34180dce:	3601      	adds	r6, #1
34180dd0:	2800      	cmp	r0, #0
34180dd2:	f47f aefc 	bne.w	34180bce <main+0x2e>
34180dd6:	2d40      	cmp	r5, #64	@ 0x40
34180dd8:	d1ec      	bne.n	34180db4 <main+0x214>
34180dda:	f109 0904 	add.w	r9, r9, #4
34180dde:	f1b9 0f40 	cmp.w	r9, #64	@ 0x40
34180de2:	d1d2      	bne.n	34180d8a <main+0x1ea>
34180de4:	4606      	mov	r6, r0
34180de6:	f04f 0b0d 	mov.w	fp, #13
34180dea:	fbb6 f5fb 	udiv	r5, r6, fp
34180dee:	f04f 0900 	mov.w	r9, #0
34180df2:	fb0b 6515 	mls	r5, fp, r5, r6
34180df6:	f006 0303 	and.w	r3, r6, #3
34180dfa:	f103 0a01 	add.w	sl, r3, #1
34180dfe:	3501      	adds	r5, #1
34180e00:	eb07 0009 	add.w	r0, r7, r9
34180e04:	f7ff fcc6 	bl	34180794 <fill_random>
34180e08:	eb08 0009 	add.w	r0, r8, r9
34180e0c:	f109 0910 	add.w	r9, r9, #16
34180e10:	f000 fbd6 	bl	341815c0 <samsungsds_aimer_128f_ref_gf_set0>
34180e14:	f1b9 0f40 	cmp.w	r9, #64	@ 0x40
34180e18:	d1f2      	bne.n	34180e00 <main+0x260>
34180e1a:	f04f 0900 	mov.w	r9, #0
34180e1e:	4653      	mov	r3, sl
34180e20:	462a      	mov	r2, r5
34180e22:	4639      	mov	r1, r7
34180e24:	4640      	mov	r0, r8
34180e26:	f000 fa97 	bl	34181358 <m55_gf_frobenius_batch4>
34180e2a:	00b3      	lsls	r3, r6, #2
34180e2c:	9301      	str	r3, [sp, #4]
34180e2e:	9603      	str	r6, [sp, #12]
34180e30:	ea4f 1309 	mov.w	r3, r9, lsl #4
34180e34:	a80c      	add	r0, sp, #48	@ 0x30
34180e36:	eb07 1109 	add.w	r1, r7, r9, lsl #4
34180e3a:	9302      	str	r3, [sp, #8]
34180e3c:	2600      	movs	r6, #0
34180e3e:	f000 fbc7 	bl	341815d0 <samsungsds_aimer_128f_ref_gf_copy>
34180e42:	aa0c      	add	r2, sp, #48	@ 0x30
34180e44:	4611      	mov	r1, r2
34180e46:	4610      	mov	r0, r2
34180e48:	3601      	adds	r6, #1
34180e4a:	f7ff fd0f 	bl	3418086c <generic_mul>
34180e4e:	42b5      	cmp	r5, r6
34180e50:	d8f7      	bhi.n	34180e42 <main+0x2a2>
34180e52:	9b02      	ldr	r3, [sp, #8]
34180e54:	9901      	ldr	r1, [sp, #4]
34180e56:	4822      	ldr	r0, [pc, #136]	@ (34180ee0 <main+0x340>)
34180e58:	4443      	add	r3, r8
34180e5a:	aa0c      	add	r2, sp, #48	@ 0x30
34180e5c:	4449      	add	r1, r9
34180e5e:	f7ff fcd7 	bl	34180810 <compare>
34180e62:	2800      	cmp	r0, #0
34180e64:	f47f aeb3 	bne.w	34180bce <main+0x2e>
34180e68:	f109 0901 	add.w	r9, r9, #1
34180e6c:	45ca      	cmp	sl, r9
34180e6e:	d8df      	bhi.n	34180e30 <main+0x290>
34180e70:	9e03      	ldr	r6, [sp, #12]
34180e72:	3601      	adds	r6, #1
34180e74:	2e10      	cmp	r6, #16
34180e76:	d1b8      	bne.n	34180dea <main+0x24a>
34180e78:	4680      	mov	r8, r0
34180e7a:	2601      	movs	r6, #1
34180e7c:	2700      	movs	r7, #0
34180e7e:	4681      	mov	r9, r0
34180e80:	4620      	mov	r0, r4
34180e82:	f7ff fc87 	bl	34180794 <fill_random>
34180e86:	6823      	ldr	r3, [r4, #0]
34180e88:	4621      	mov	r1, r4
34180e8a:	f043 0301 	orr.w	r3, r3, #1
34180e8e:	a808      	add	r0, sp, #32
34180e90:	6023      	str	r3, [r4, #0]
34180e92:	f000 fba7 	bl	341815e4 <samsungsds_aimer_128f_ref_gf_inv>
34180e96:	4621      	mov	r1, r4
34180e98:	aa08      	add	r2, sp, #32
34180e9a:	a814      	add	r0, sp, #80	@ 0x50
34180e9c:	f000 fc96 	bl	341817cc <samsungsds_aimer_128f_ref_gf_mul>
34180ea0:	4641      	mov	r1, r8
34180ea2:	4810      	ldr	r0, [pc, #64]	@ (34180ee4 <main+0x344>)
34180ea4:	ab14      	add	r3, sp, #80	@ 0x50
34180ea6:	aa0c      	add	r2, sp, #48	@ 0x30
34180ea8:	e9cd 670c 	strd	r6, r7, [sp, #48]	@ 0x30
34180eac:	e9cd 990e 	strd	r9, r9, [sp, #56]	@ 0x38
34180eb0:	f7ff fcae 	bl	34180810 <compare>
34180eb4:	f108 0801 	add.w	r8, r8, #1
34180eb8:	4605      	mov	r5, r0
34180eba:	2800      	cmp	r0, #0
34180ebc:	f47f ae87 	bne.w	34180bce <main+0x2e>
34180ec0:	f1b8 0f04 	cmp.w	r8, #4
34180ec4:	d1dc      	bne.n	34180e80 <main+0x2e0>
34180ec6:	f240 1203 	movw	r2, #259	@ 0x103
34180eca:	4907      	ldr	r1, [pc, #28]	@ (34180ee8 <main+0x348>)
34180ecc:	4807      	ldr	r0, [pc, #28]	@ (34180eec <main+0x34c>)
34180ece:	f002 ffbb 	bl	34183e48 <printf>
34180ed2:	e67d      	b.n	34180bd0 <main+0x30>
34180ed4:	3418ab84 	.word	0x3418ab84
34180ed8:	3418ab8c 	.word	0x3418ab8c
34180edc:	3418ab98 	.word	0x3418ab98
34180ee0:	3418aba0 	.word	0x3418aba0
34180ee4:	3418abb4 	.word	0x3418abb4
34180ee8:	3418ab20 	.word	0x3418ab20
34180eec:	3418abb8 	.word	0x3418abb8

34180ef0 <m55_square_reduce_batch4>:
34180ef0:	4603      	mov	r3, r0
34180ef2:	ed90 5e80 	vldrh.u16	q2, [r0, #0]
34180ef6:	4602      	mov	r2, r0
34180ef8:	e92d 43f0 	stmdb	sp!, {r4, r5, r6, r7, r8, r9, lr}
34180efc:	ed2d 8b10 	vpush	{d8-d15}
34180f00:	fe35 6e04 	vmullb.p16	q3, q2, q2
34180f04:	edb3 de88 	vldrh.u16	q6, [r3, #16]!
34180f08:	edb2 be98 	vldrh.u16	q5, [r2, #48]!
34180f0c:	4601      	mov	r1, r0
34180f0e:	b0bd      	sub	sp, #244	@ 0xf4
34180f10:	fe35 1e04 	vmullt.p16	q0, q2, q2
34180f14:	fe3d 2e0c 	vmullb.p16	q1, q6, q6
34180f18:	fe3b ee0a 	vmullb.p16	q7, q5, q5
34180f1c:	ed8d 7f04 	vstrw.32	q3, [sp, #16]
34180f20:	fe3d de0c 	vmullt.p16	q6, q6, q6
34180f24:	edb1 7e90 	vldrh.u16	q3, [r1, #32]!
34180f28:	ff80 8857 	vmov.i16	q4, #135	@ 0x0087
34180f2c:	fe37 4e06 	vmullb.p16	q2, q3, q3
34180f30:	ed8d 1f20 	vstrw.32	q0, [sp, #128]
34180f34:	469e      	mov	lr, r3
34180f36:	ed8d 3f24 	vstrw.32	q1, [sp, #144]
34180f3a:	ed8d df28 	vstrw.32	q6, [sp, #160]
34180f3e:	fe37 7e06 	vmullt.p16	q3, q3, q3
34180f42:	ed8d ff00 	vstrw.32	q7, [sp, #0]
34180f46:	fe3b be0a 	vmullt.p16	q5, q5, q5
34180f4a:	460d      	mov	r5, r1
34180f4c:	4617      	mov	r7, r2
34180f4e:	4698      	mov	r8, r3
34180f50:	4681      	mov	r9, r0
34180f52:	ac20      	add	r4, sp, #128	@ 0x80
34180f54:	ae2c      	add	r6, sp, #176	@ 0xb0
34180f56:	46a4      	mov	ip, r4
34180f58:	f10e 0e10 	add.w	lr, lr, #16
34180f5c:	e8bc 000f 	ldmia.w	ip!, {r0, r1, r2, r3}
34180f60:	45b4      	cmp	ip, r6
34180f62:	f104 0410 	add.w	r4, r4, #16
34180f66:	f84e 0c10 	str.w	r0, [lr, #-16]
34180f6a:	f84e 1c0c 	str.w	r1, [lr, #-12]
34180f6e:	f84e 2c08 	str.w	r2, [lr, #-8]
34180f72:	f84e 3c04 	str.w	r3, [lr, #-4]
34180f76:	d1ee      	bne.n	34180f56 <m55_square_reduce_batch4+0x66>
34180f78:	fe35 fe08 	vmullt.p16	q7, q2, q4
34180f7c:	fe35 4e08 	vmullb.p16	q2, q2, q4
34180f80:	ed8d ff10 	vstrw.32	q7, [sp, #64]
34180f84:	ed9d ff04 	vldrw.u32	q7, [sp, #16]
34180f88:	ff0e 4154 	veor	q2, q7, q2
34180f8c:	ed8d 5f14 	vstrw.32	q2, [sp, #80]
34180f90:	fe37 5e08 	vmullt.p16	q2, q3, q4
34180f94:	fe37 6e08 	vmullb.p16	q3, q3, q4
34180f98:	ed8d 7f08 	vstrw.32	q3, [sp, #32]
34180f9c:	ed9d 7f00 	vldrw.u32	q3, [sp, #0]
34180fa0:	ed8d 5f04 	vstrw.32	q2, [sp, #16]
34180fa4:	fe37 5e08 	vmullt.p16	q2, q3, q4
34180fa8:	fe37 6e08 	vmullb.p16	q3, q3, q4
34180fac:	ed9d ff10 	vldrw.u32	q7, [sp, #64]
34180fb0:	ed8d 7f18 	vstrw.32	q3, [sp, #96]
34180fb4:	fe3b 7e08 	vmullt.p16	q3, q5, q4
34180fb8:	ed8d 7f0c 	vstrw.32	q3, [sp, #48]
34180fbc:	ffb0 605e 	vshr.u32	q3, q7, #16
34180fc0:	fe3b ae08 	vmullb.p16	q5, q5, q4
34180fc4:	ff00 0156 	veor	q0, q0, q3
34180fc8:	ed9d 7f08 	vldrw.u32	q3, [sp, #32]
34180fcc:	ed8d bf00 	vstrw.32	q5, [sp, #0]
34180fd0:	ff00 0156 	veor	q0, q0, q3
34180fd4:	ed9d bf04 	vldrw.u32	q5, [sp, #16]
34180fd8:	efb0 655e 	vshl.i32	q3, q7, #16
34180fdc:	ed9d ff14 	vldrw.u32	q7, [sp, #80]
34180fe0:	ff0e 6156 	veor	q3, q7, q3
34180fe4:	ffb0 e05a 	vshr.u32	q7, q5, #16
34180fe8:	ff02 215e 	veor	q1, q1, q7
34180fec:	ed9d ff18 	vldrw.u32	q7, [sp, #96]
34180ff0:	ff02 215e 	veor	q1, q1, q7
34180ff4:	efb0 e55a 	vshl.i32	q7, q5, #16
34180ff8:	ff00 015e 	veor	q0, q0, q7
34180ffc:	ed88 1f00 	vstrw.32	q0, [r8, #0]
34181000:	ffb0 0054 	vshr.u32	q0, q2, #16
34181004:	efb0 4554 	vshl.i32	q2, q2, #16
34181008:	ff02 2154 	veor	q1, q1, q2
3418100c:	ed85 3f00 	vstrw.32	q1, [r5, #0]
34181010:	ed9d 3f0c 	vldrw.u32	q1, [sp, #48]
34181014:	ed9d bf00 	vldrw.u32	q5, [sp, #0]
34181018:	ff0c c150 	veor	q6, q6, q0
3418101c:	ffb0 4052 	vshr.u32	q2, q1, #16
34181020:	ff0c c15a 	veor	q6, q6, q5
34181024:	fe35 4e08 	vmullb.p16	q2, q2, q4
34181028:	efb0 a552 	vshl.i32	q5, q1, #16
3418102c:	ff06 6154 	veor	q3, q3, q2
34181030:	ff0c c15a 	veor	q6, q6, q5
34181034:	ed87 df00 	vstrw.32	q6, [r7, #0]
34181038:	ed89 7f00 	vstrw.32	q3, [r9, #0]
3418103c:	b03d      	add	sp, #244	@ 0xf4
3418103e:	ecbd 8b10 	vpop	{d8-d15}
34181042:	e8bd 83f0 	ldmia.w	sp!, {r4, r5, r6, r7, r8, r9, pc}
34181046:	bf00      	nop

34181048 <m55_gf_mul_const_batch4>:
34181048:	e92d 41f0 	stmdb	sp!, {r4, r5, r6, r7, r8, lr}
3418104c:	ed2d 8b10 	vpush	{d8-d15}
34181050:	f04f 0c00 	mov.w	ip, #0
34181054:	b0a2      	sub	sp, #136	@ 0x88
34181056:	f10d 047f 	add.w	r4, sp, #127	@ 0x7f
3418105a:	f024 040f 	bic.w	r4, r4, #15
3418105e:	4615      	mov	r5, r2
34181060:	e9c4 cc00 	strd	ip, ip, [r4]
34181064:	e9c4 cc02 	strd	ip, ip, [r4, #8]
34181068:	2b00      	cmp	r3, #0
3418106a:	f000 813e 	beq.w	341812ea <m55_gf_mul_const_batch4+0x2a2>
3418106e:	680a      	ldr	r2, [r1, #0]
34181070:	2b01      	cmp	r3, #1
34181072:	6022      	str	r2, [r4, #0]
34181074:	684a      	ldr	r2, [r1, #4]
34181076:	d009      	beq.n	3418108c <m55_gf_mul_const_batch4+0x44>
34181078:	690e      	ldr	r6, [r1, #16]
3418107a:	2b02      	cmp	r3, #2
3418107c:	6066      	str	r6, [r4, #4]
3418107e:	d005      	beq.n	3418108c <m55_gf_mul_const_batch4+0x44>
34181080:	6a0e      	ldr	r6, [r1, #32]
34181082:	2b03      	cmp	r3, #3
34181084:	60a6      	str	r6, [r4, #8]
34181086:	bf1c      	itt	ne
34181088:	6b0e      	ldrne	r6, [r1, #48]	@ 0x30
3418108a:	60e6      	strne	r6, [r4, #12]
3418108c:	ed94 df00 	vldrw.u32	q6, [r4, #0]
34181090:	6022      	str	r2, [r4, #0]
34181092:	2200      	movs	r2, #0
34181094:	2b01      	cmp	r3, #1
34181096:	e9c4 2201 	strd	r2, r2, [r4, #4]
3418109a:	60e2      	str	r2, [r4, #12]
3418109c:	d009      	beq.n	341810b2 <m55_gf_mul_const_batch4+0x6a>
3418109e:	694a      	ldr	r2, [r1, #20]
341810a0:	2b02      	cmp	r3, #2
341810a2:	6062      	str	r2, [r4, #4]
341810a4:	d005      	beq.n	341810b2 <m55_gf_mul_const_batch4+0x6a>
341810a6:	6a4a      	ldr	r2, [r1, #36]	@ 0x24
341810a8:	2b03      	cmp	r3, #3
341810aa:	60a2      	str	r2, [r4, #8]
341810ac:	bf1c      	itt	ne
341810ae:	6b4a      	ldrne	r2, [r1, #52]	@ 0x34
341810b0:	60e2      	strne	r2, [r4, #12]
341810b2:	2200      	movs	r2, #0
341810b4:	688e      	ldr	r6, [r1, #8]
341810b6:	2b01      	cmp	r3, #1
341810b8:	ed94 ff00 	vldrw.u32	q7, [r4, #0]
341810bc:	f8d1 c00c 	ldr.w	ip, [r1, #12]
341810c0:	e9c4 2201 	strd	r2, r2, [r4, #4]
341810c4:	6026      	str	r6, [r4, #0]
341810c6:	60e2      	str	r2, [r4, #12]
341810c8:	d009      	beq.n	341810de <m55_gf_mul_const_batch4+0x96>
341810ca:	698a      	ldr	r2, [r1, #24]
341810cc:	2b02      	cmp	r3, #2
341810ce:	6062      	str	r2, [r4, #4]
341810d0:	d005      	beq.n	341810de <m55_gf_mul_const_batch4+0x96>
341810d2:	6a8a      	ldr	r2, [r1, #40]	@ 0x28
341810d4:	2b03      	cmp	r3, #3
341810d6:	60a2      	str	r2, [r4, #8]
341810d8:	bf1c      	itt	ne
341810da:	6b8a      	ldrne	r2, [r1, #56]	@ 0x38
341810dc:	60e2      	strne	r2, [r4, #12]
341810de:	2200      	movs	r2, #0
341810e0:	2b01      	cmp	r3, #1
341810e2:	ed94 9f00 	vldrw.u32	q4, [r4, #0]
341810e6:	e9c4 2201 	strd	r2, r2, [r4, #4]
341810ea:	f8c4 c000 	str.w	ip, [r4]
341810ee:	60e2      	str	r2, [r4, #12]
341810f0:	f000 80a6 	beq.w	34181240 <m55_gf_mul_const_batch4+0x1f8>
341810f4:	69ca      	ldr	r2, [r1, #28]
341810f6:	2b02      	cmp	r3, #2
341810f8:	6062      	str	r2, [r4, #4]
341810fa:	f000 80a1 	beq.w	34181240 <m55_gf_mul_const_batch4+0x1f8>
341810fe:	6aca      	ldr	r2, [r1, #44]	@ 0x2c
34181100:	2b03      	cmp	r3, #3
34181102:	60a2      	str	r2, [r4, #8]
34181104:	f000 809c 	beq.w	34181240 <m55_gf_mul_const_batch4+0x1f8>
34181108:	6bca      	ldr	r2, [r1, #60]	@ 0x3c
3418110a:	60e2      	str	r2, [r4, #12]
3418110c:	ed94 3f00 	vldrw.u32	q1, [r4, #0]
34181110:	ef80 0050 	vmov.i32	q0, #0	@ 0x00000000
34181114:	f04f 0e80 	mov.w	lr, #128	@ 0x80
34181118:	f04f 0c00 	mov.w	ip, #0
3418111c:	f04e e001 	dls	lr, lr
34181120:	ed8d 1f00 	vstrw.32	q0, [sp, #0]
34181124:	ed8d 1f04 	vstrw.32	q0, [sp, #16]
34181128:	ed8d 1f08 	vstrw.32	q0, [sp, #32]
3418112c:	ffa1 6052 	vshr.u32	q3, q1, #31
34181130:	ff80 4057 	vmov.i32	q2, #135	@ 0x00000087
34181134:	ffb9 63c6 	vneg.s32	q3, q3
34181138:	ffa1 a058 	vshr.u32	q5, q4, #31
3418113c:	ef06 6154 	vand	q3, q3, q2
34181140:	ea4f 119c 	mov.w	r1, ip, lsr #6
34181144:	eb05 02c1 	add.w	r2, r5, r1, lsl #3
34181148:	f00c 063f 	and.w	r6, ip, #63	@ 0x3f
3418114c:	f8d2 8004 	ldr.w	r8, [r2, #4]
34181150:	f855 1031 	ldr.w	r1, [r5, r1, lsl #3]
34181154:	f1c6 0220 	rsb	r2, r6, #32
34181158:	f1a6 0720 	sub.w	r7, r6, #32
3418115c:	40f1      	lsrs	r1, r6
3418115e:	fa08 f202 	lsl.w	r2, r8, r2
34181162:	4311      	orrs	r1, r2
34181164:	fa28 f707 	lsr.w	r7, r8, r7
34181168:	4339      	orrs	r1, r7
3418116a:	f341 0100 	sbfx	r1, r1, #0, #1
3418116e:	eea4 1b10 	vdup.32	q2, r1
34181172:	ed8d 7f0c 	vstrw.32	q3, [sp, #48]
34181176:	ed8d bf10 	vstrw.32	q5, [sp, #64]
3418117a:	ffa1 605c 	vshr.u32	q3, q6, #31
3418117e:	ffa1 a05e 	vshr.u32	q5, q7, #31
34181182:	ed8d 7f18 	vstrw.32	q3, [sp, #96]
34181186:	ed8d bf14 	vstrw.32	q5, [sp, #80]
3418118a:	ef02 6154 	vand	q3, q1, q2
3418118e:	efa1 a552 	vshl.i32	q5, q1, #1
34181192:	ed9d 3f10 	vldrw.u32	q1, [sp, #64]
34181196:	ff00 0156 	veor	q0, q0, q3
3418119a:	ef2a 2152 	vorr	q1, q5, q1
3418119e:	ef0c 6154 	vand	q3, q6, q2
341811a2:	ed9d bf08 	vldrw.u32	q5, [sp, #32]
341811a6:	efa1 c55c 	vshl.i32	q6, q6, #1
341811aa:	ff0a a156 	veor	q5, q5, q3
341811ae:	ed9d 7f0c 	vldrw.u32	q3, [sp, #48]
341811b2:	ed8d bf08 	vstrw.32	q5, [sp, #32]
341811b6:	ff0c c156 	veor	q6, q6, q3
341811ba:	ed9d bf04 	vldrw.u32	q5, [sp, #16]
341811be:	ef0e 6154 	vand	q3, q7, q2
341811c2:	ff0a 6156 	veor	q3, q5, q3
341811c6:	ed8d 7f04 	vstrw.32	q3, [sp, #16]
341811ca:	ef08 6154 	vand	q3, q4, q2
341811ce:	ed9d 5f00 	vldrw.u32	q2, [sp, #0]
341811d2:	efa1 8558 	vshl.i32	q4, q4, #1
341811d6:	ff04 4156 	veor	q2, q2, q3
341811da:	ed9d bf14 	vldrw.u32	q5, [sp, #80]
341811de:	efa1 e55e 	vshl.i32	q7, q7, #1
341811e2:	ed9d 7f18 	vldrw.u32	q3, [sp, #96]
341811e6:	ed8d 5f00 	vstrw.32	q2, [sp, #0]
341811ea:	ef28 815a 	vorr	q4, q4, q5
341811ee:	ef2e e156 	vorr	q7, q7, q3
341811f2:	f10c 0c01 	add.w	ip, ip, #1
341811f6:	f00f c867 	le	lr, 3418112c <m55_gf_mul_const_batch4+0xe4>
341811fa:	ed9d 7f08 	vldrw.u32	q3, [sp, #32]
341811fe:	ed84 7f00 	vstrw.32	q3, [r4, #0]
34181202:	2b00      	cmp	r3, #0
34181204:	d07a      	beq.n	341812fc <m55_gf_mul_const_batch4+0x2b4>
34181206:	2100      	movs	r1, #0
34181208:	6822      	ldr	r2, [r4, #0]
3418120a:	2b01      	cmp	r3, #1
3418120c:	e9c0 2100 	strd	r2, r1, [r0]
34181210:	f000 8083 	beq.w	3418131a <m55_gf_mul_const_batch4+0x2d2>
34181214:	6862      	ldr	r2, [r4, #4]
34181216:	2b02      	cmp	r3, #2
34181218:	e9c0 2104 	strd	r2, r1, [r0, #16]
3418121c:	d013      	beq.n	34181246 <m55_gf_mul_const_batch4+0x1fe>
3418121e:	68a2      	ldr	r2, [r4, #8]
34181220:	2b03      	cmp	r3, #3
34181222:	e9c0 2108 	strd	r2, r1, [r0, #32]
34181226:	d00e      	beq.n	34181246 <m55_gf_mul_const_batch4+0x1fe>
34181228:	ed9d 7f04 	vldrw.u32	q3, [sp, #16]
3418122c:	68e2      	ldr	r2, [r4, #12]
3418122e:	ed84 7f00 	vstrw.32	q3, [r4, #0]
34181232:	6302      	str	r2, [r0, #48]	@ 0x30
34181234:	6341      	str	r1, [r0, #52]	@ 0x34
34181236:	6822      	ldr	r2, [r4, #0]
34181238:	6841      	ldr	r1, [r0, #4]
3418123a:	6805      	ldr	r5, [r0, #0]
3418123c:	430a      	orrs	r2, r1
3418123e:	e00a      	b.n	34181256 <m55_gf_mul_const_batch4+0x20e>
34181240:	ed94 3f00 	vldrw.u32	q1, [r4, #0]
34181244:	e764      	b.n	34181110 <m55_gf_mul_const_batch4+0xc8>
34181246:	ed9d 7f04 	vldrw.u32	q3, [sp, #16]
3418124a:	ed84 7f00 	vstrw.32	q3, [r4, #0]
3418124e:	6822      	ldr	r2, [r4, #0]
34181250:	e9d0 5100 	ldrd	r5, r1, [r0]
34181254:	430a      	orrs	r2, r1
34181256:	6941      	ldr	r1, [r0, #20]
34181258:	6866      	ldr	r6, [r4, #4]
3418125a:	2b02      	cmp	r3, #2
3418125c:	ea41 0106 	orr.w	r1, r1, r6
34181260:	e9c0 5200 	strd	r5, r2, [r0]
34181264:	6141      	str	r1, [r0, #20]
34181266:	f04f 0500 	mov.w	r5, #0
3418126a:	d04e      	beq.n	3418130a <m55_gf_mul_const_batch4+0x2c2>
3418126c:	6a42      	ldr	r2, [r0, #36]	@ 0x24
3418126e:	68a1      	ldr	r1, [r4, #8]
34181270:	2b03      	cmp	r3, #3
34181272:	ea42 0201 	orr.w	r2, r2, r1
34181276:	6242      	str	r2, [r0, #36]	@ 0x24
34181278:	d047      	beq.n	3418130a <m55_gf_mul_const_batch4+0x2c2>
3418127a:	ed9d 7f00 	vldrw.u32	q3, [sp, #0]
3418127e:	68e1      	ldr	r1, [r4, #12]
34181280:	ed84 7f00 	vstrw.32	q3, [r4, #0]
34181284:	6b42      	ldr	r2, [r0, #52]	@ 0x34
34181286:	430a      	orrs	r2, r1
34181288:	6821      	ldr	r1, [r4, #0]
3418128a:	6342      	str	r2, [r0, #52]	@ 0x34
3418128c:	f100 0208 	add.w	r2, r0, #8
34181290:	6081      	str	r1, [r0, #8]
34181292:	2100      	movs	r1, #0
34181294:	6866      	ldr	r6, [r4, #4]
34181296:	2b02      	cmp	r3, #2
34181298:	6186      	str	r6, [r0, #24]
3418129a:	60c5      	str	r5, [r0, #12]
3418129c:	61c1      	str	r1, [r0, #28]
3418129e:	d04d      	beq.n	3418133c <m55_gf_mul_const_batch4+0x2f4>
341812a0:	68a5      	ldr	r5, [r4, #8]
341812a2:	2b03      	cmp	r3, #3
341812a4:	e9c0 510a 	strd	r5, r1, [r0, #40]	@ 0x28
341812a8:	d048      	beq.n	3418133c <m55_gf_mul_const_batch4+0x2f4>
341812aa:	68e5      	ldr	r5, [r4, #12]
341812ac:	ed84 1f00 	vstrw.32	q0, [r4, #0]
341812b0:	e9c0 510e 	strd	r5, r1, [r0, #56]	@ 0x38
341812b4:	6825      	ldr	r5, [r4, #0]
341812b6:	6851      	ldr	r1, [r2, #4]
341812b8:	4329      	orrs	r1, r5
341812ba:	6051      	str	r1, [r2, #4]
341812bc:	69c2      	ldr	r2, [r0, #28]
341812be:	6861      	ldr	r1, [r4, #4]
341812c0:	2b02      	cmp	r3, #2
341812c2:	ea42 0201 	orr.w	r2, r2, r1
341812c6:	61c2      	str	r2, [r0, #28]
341812c8:	d01a      	beq.n	34181300 <m55_gf_mul_const_batch4+0x2b8>
341812ca:	6ac2      	ldr	r2, [r0, #44]	@ 0x2c
341812cc:	68a1      	ldr	r1, [r4, #8]
341812ce:	2b03      	cmp	r3, #3
341812d0:	ea42 0201 	orr.w	r2, r2, r1
341812d4:	62c2      	str	r2, [r0, #44]	@ 0x2c
341812d6:	d013      	beq.n	34181300 <m55_gf_mul_const_batch4+0x2b8>
341812d8:	6bc3      	ldr	r3, [r0, #60]	@ 0x3c
341812da:	68e2      	ldr	r2, [r4, #12]
341812dc:	4313      	orrs	r3, r2
341812de:	63c3      	str	r3, [r0, #60]	@ 0x3c
341812e0:	b022      	add	sp, #136	@ 0x88
341812e2:	ecbd 8b10 	vpop	{d8-d15}
341812e6:	e8bd 81f0 	ldmia.w	sp!, {r4, r5, r6, r7, r8, pc}
341812ea:	ed94 3f00 	vldrw.u32	q1, [r4, #0]
341812ee:	ef22 c152 	vmov	q6, q1
341812f2:	ef22 e152 	vmov	q7, q1
341812f6:	ef22 8152 	vmov	q4, q1
341812fa:	e709      	b.n	34181110 <m55_gf_mul_const_batch4+0xc8>
341812fc:	ed84 1f00 	vstrw.32	q0, [r4, #0]
34181300:	b022      	add	sp, #136	@ 0x88
34181302:	ecbd 8b10 	vpop	{d8-d15}
34181306:	e8bd 81f0 	ldmia.w	sp!, {r4, r5, r6, r7, r8, pc}
3418130a:	ed9d 7f00 	vldrw.u32	q3, [sp, #0]
3418130e:	ed84 7f00 	vstrw.32	q3, [r4, #0]
34181312:	f100 0208 	add.w	r2, r0, #8
34181316:	6821      	ldr	r1, [r4, #0]
34181318:	e7ba      	b.n	34181290 <m55_gf_mul_const_batch4+0x248>
3418131a:	ed9d 7f04 	vldrw.u32	q3, [sp, #16]
3418131e:	ed84 7f00 	vstrw.32	q3, [r4, #0]
34181322:	ed9d 7f00 	vldrw.u32	q3, [sp, #0]
34181326:	6845      	ldr	r5, [r0, #4]
34181328:	60c1      	str	r1, [r0, #12]
3418132a:	6821      	ldr	r1, [r4, #0]
3418132c:	ed84 7f00 	vstrw.32	q3, [r4, #0]
34181330:	4329      	orrs	r1, r5
34181332:	6041      	str	r1, [r0, #4]
34181334:	6821      	ldr	r1, [r4, #0]
34181336:	f100 0208 	add.w	r2, r0, #8
3418133a:	6081      	str	r1, [r0, #8]
3418133c:	ed84 1f00 	vstrw.32	q0, [r4, #0]
34181340:	6851      	ldr	r1, [r2, #4]
34181342:	6825      	ldr	r5, [r4, #0]
34181344:	2b01      	cmp	r3, #1
34181346:	ea41 0105 	orr.w	r1, r1, r5
3418134a:	6051      	str	r1, [r2, #4]
3418134c:	d1b6      	bne.n	341812bc <m55_gf_mul_const_batch4+0x274>
3418134e:	b022      	add	sp, #136	@ 0x88
34181350:	ecbd 8b10 	vpop	{d8-d15}
34181354:	e8bd 81f0 	ldmia.w	sp!, {r4, r5, r6, r7, r8, pc}

34181358 <m55_gf_frobenius_batch4>:
34181358:	e92d 4ff0 	stmdb	sp!, {r4, r5, r6, r7, r8, r9, sl, fp, lr}
3418135c:	2700      	movs	r7, #0
3418135e:	b099      	sub	sp, #100	@ 0x64
34181360:	f10d 0457 	add.w	r4, sp, #87	@ 0x57
34181364:	f024 040f 	bic.w	r4, r4, #15
34181368:	461e      	mov	r6, r3
3418136a:	4605      	mov	r5, r0
3418136c:	4690      	mov	r8, r2
3418136e:	e9c4 7700 	strd	r7, r7, [r4]
34181372:	e9c4 7702 	strd	r7, r7, [r4, #8]
34181376:	2b00      	cmp	r3, #0
34181378:	f000 80f4 	beq.w	34181564 <m55_gf_frobenius_batch4+0x20c>
3418137c:	680b      	ldr	r3, [r1, #0]
3418137e:	2e01      	cmp	r6, #1
34181380:	6023      	str	r3, [r4, #0]
34181382:	684b      	ldr	r3, [r1, #4]
34181384:	d009      	beq.n	3418139a <m55_gf_frobenius_batch4+0x42>
34181386:	690a      	ldr	r2, [r1, #16]
34181388:	2e02      	cmp	r6, #2
3418138a:	6062      	str	r2, [r4, #4]
3418138c:	d005      	beq.n	3418139a <m55_gf_frobenius_batch4+0x42>
3418138e:	6a0a      	ldr	r2, [r1, #32]
34181390:	2e03      	cmp	r6, #3
34181392:	60a2      	str	r2, [r4, #8]
34181394:	bf1c      	itt	ne
34181396:	6b0a      	ldrne	r2, [r1, #48]	@ 0x30
34181398:	60e2      	strne	r2, [r4, #12]
3418139a:	ed94 7f00 	vldrw.u32	q3, [r4, #0]
3418139e:	6023      	str	r3, [r4, #0]
341813a0:	2300      	movs	r3, #0
341813a2:	2e01      	cmp	r6, #1
341813a4:	af02      	add	r7, sp, #8
341813a6:	e9c4 3301 	strd	r3, r3, [r4, #4]
341813aa:	60e3      	str	r3, [r4, #12]
341813ac:	ed87 7f00 	vstrw.32	q3, [r7, #0]
341813b0:	d009      	beq.n	341813c6 <m55_gf_frobenius_batch4+0x6e>
341813b2:	694b      	ldr	r3, [r1, #20]
341813b4:	2e02      	cmp	r6, #2
341813b6:	6063      	str	r3, [r4, #4]
341813b8:	d005      	beq.n	341813c6 <m55_gf_frobenius_batch4+0x6e>
341813ba:	6a4b      	ldr	r3, [r1, #36]	@ 0x24
341813bc:	2e03      	cmp	r6, #3
341813be:	60a3      	str	r3, [r4, #8]
341813c0:	bf1c      	itt	ne
341813c2:	6b4b      	ldrne	r3, [r1, #52]	@ 0x34
341813c4:	60e3      	strne	r3, [r4, #12]
341813c6:	ed94 7f00 	vldrw.u32	q3, [r4, #0]
341813ca:	2300      	movs	r3, #0
341813cc:	688a      	ldr	r2, [r1, #8]
341813ce:	2e01      	cmp	r6, #1
341813d0:	6022      	str	r2, [r4, #0]
341813d2:	f10d 0b18 	add.w	fp, sp, #24
341813d6:	e9c4 3301 	strd	r3, r3, [r4, #4]
341813da:	68ca      	ldr	r2, [r1, #12]
341813dc:	60e3      	str	r3, [r4, #12]
341813de:	ed8b 7f00 	vstrw.32	q3, [fp, #0]
341813e2:	d009      	beq.n	341813f8 <m55_gf_frobenius_batch4+0xa0>
341813e4:	698b      	ldr	r3, [r1, #24]
341813e6:	2e02      	cmp	r6, #2
341813e8:	6063      	str	r3, [r4, #4]
341813ea:	d005      	beq.n	341813f8 <m55_gf_frobenius_batch4+0xa0>
341813ec:	6a8b      	ldr	r3, [r1, #40]	@ 0x28
341813ee:	2e03      	cmp	r6, #3
341813f0:	60a3      	str	r3, [r4, #8]
341813f2:	bf1c      	itt	ne
341813f4:	6b8b      	ldrne	r3, [r1, #56]	@ 0x38
341813f6:	60e3      	strne	r3, [r4, #12]
341813f8:	ed94 7f00 	vldrw.u32	q3, [r4, #0]
341813fc:	2300      	movs	r3, #0
341813fe:	6022      	str	r2, [r4, #0]
34181400:	2e01      	cmp	r6, #1
34181402:	aa0a      	add	r2, sp, #40	@ 0x28
34181404:	ed8d 7f0a 	vstrw.32	q3, [sp, #40]
34181408:	e9c4 3301 	strd	r3, r3, [r4, #4]
3418140c:	9200      	str	r2, [sp, #0]
3418140e:	60e3      	str	r3, [r4, #12]
34181410:	d009      	beq.n	34181426 <m55_gf_frobenius_batch4+0xce>
34181412:	69cb      	ldr	r3, [r1, #28]
34181414:	2e02      	cmp	r6, #2
34181416:	6063      	str	r3, [r4, #4]
34181418:	d005      	beq.n	34181426 <m55_gf_frobenius_batch4+0xce>
3418141a:	6acb      	ldr	r3, [r1, #44]	@ 0x2c
3418141c:	2e03      	cmp	r6, #3
3418141e:	60a3      	str	r3, [r4, #8]
34181420:	bf1c      	itt	ne
34181422:	6bcb      	ldrne	r3, [r1, #60]	@ 0x3c
34181424:	60e3      	strne	r3, [r4, #12]
34181426:	ed94 7f00 	vldrw.u32	q3, [r4, #0]
3418142a:	ab0e      	add	r3, sp, #56	@ 0x38
3418142c:	ed8d 7f0e 	vstrw.32	q3, [sp, #56]
34181430:	9301      	str	r3, [sp, #4]
34181432:	f1b8 0f00 	cmp.w	r8, #0
34181436:	d00b      	beq.n	34181450 <m55_gf_frobenius_batch4+0xf8>
34181438:	f04f 0900 	mov.w	r9, #0
3418143c:	4638      	mov	r0, r7
3418143e:	f109 0901 	add.w	r9, r9, #1
34181442:	f7ff fd55 	bl	34180ef0 <m55_square_reduce_batch4>
34181446:	45c8      	cmp	r8, r9
34181448:	d1f8      	bne.n	3418143c <m55_gf_frobenius_batch4+0xe4>
3418144a:	2e00      	cmp	r6, #0
3418144c:	f000 80a3 	beq.w	34181596 <m55_gf_frobenius_batch4+0x23e>
34181450:	2e04      	cmp	r6, #4
34181452:	46b0      	mov	r8, r6
34181454:	46aa      	mov	sl, r5
34181456:	bf28      	it	cs
34181458:	f04f 0804 	movcs.w	r8, #4
3418145c:	f04f 0900 	mov.w	r9, #0
34181460:	4650      	mov	r0, sl
34181462:	f109 0901 	add.w	r9, r9, #1
34181466:	f000 f8ab 	bl	341815c0 <samsungsds_aimer_128f_ref_gf_set0>
3418146a:	45c8      	cmp	r8, r9
3418146c:	f10a 0a10 	add.w	sl, sl, #16
34181470:	d8f6      	bhi.n	34181460 <m55_gf_frobenius_batch4+0x108>
34181472:	ed97 7f00 	vldrw.u32	q3, [r7, #0]
34181476:	682b      	ldr	r3, [r5, #0]
34181478:	ed84 7f00 	vstrw.32	q3, [r4, #0]
3418147c:	6822      	ldr	r2, [r4, #0]
3418147e:	2e01      	cmp	r6, #1
34181480:	ea43 0302 	orr.w	r3, r3, r2
34181484:	602b      	str	r3, [r5, #0]
34181486:	d011      	beq.n	341814ac <m55_gf_frobenius_batch4+0x154>
34181488:	692b      	ldr	r3, [r5, #16]
3418148a:	6862      	ldr	r2, [r4, #4]
3418148c:	2e02      	cmp	r6, #2
3418148e:	ea43 0302 	orr.w	r3, r3, r2
34181492:	612b      	str	r3, [r5, #16]
34181494:	d00a      	beq.n	341814ac <m55_gf_frobenius_batch4+0x154>
34181496:	6a2b      	ldr	r3, [r5, #32]
34181498:	68a2      	ldr	r2, [r4, #8]
3418149a:	2e03      	cmp	r6, #3
3418149c:	ea43 0302 	orr.w	r3, r3, r2
341814a0:	622b      	str	r3, [r5, #32]
341814a2:	d003      	beq.n	341814ac <m55_gf_frobenius_batch4+0x154>
341814a4:	6b2b      	ldr	r3, [r5, #48]	@ 0x30
341814a6:	68e2      	ldr	r2, [r4, #12]
341814a8:	4313      	orrs	r3, r2
341814aa:	632b      	str	r3, [r5, #48]	@ 0x30
341814ac:	ed9b 7f00 	vldrw.u32	q3, [fp, #0]
341814b0:	686b      	ldr	r3, [r5, #4]
341814b2:	ed84 7f00 	vstrw.32	q3, [r4, #0]
341814b6:	6822      	ldr	r2, [r4, #0]
341814b8:	2e01      	cmp	r6, #1
341814ba:	ea43 0302 	orr.w	r3, r3, r2
341814be:	606b      	str	r3, [r5, #4]
341814c0:	d011      	beq.n	341814e6 <m55_gf_frobenius_batch4+0x18e>
341814c2:	696b      	ldr	r3, [r5, #20]
341814c4:	6862      	ldr	r2, [r4, #4]
341814c6:	2e02      	cmp	r6, #2
341814c8:	ea43 0302 	orr.w	r3, r3, r2
341814cc:	616b      	str	r3, [r5, #20]
341814ce:	d00a      	beq.n	341814e6 <m55_gf_frobenius_batch4+0x18e>
341814d0:	6a6b      	ldr	r3, [r5, #36]	@ 0x24
341814d2:	68a2      	ldr	r2, [r4, #8]
341814d4:	2e03      	cmp	r6, #3
341814d6:	ea43 0302 	orr.w	r3, r3, r2
341814da:	626b      	str	r3, [r5, #36]	@ 0x24
341814dc:	d003      	beq.n	341814e6 <m55_gf_frobenius_batch4+0x18e>
341814de:	6b6b      	ldr	r3, [r5, #52]	@ 0x34
341814e0:	68e2      	ldr	r2, [r4, #12]
341814e2:	4313      	orrs	r3, r2
341814e4:	636b      	str	r3, [r5, #52]	@ 0x34
341814e6:	9b00      	ldr	r3, [sp, #0]
341814e8:	2e01      	cmp	r6, #1
341814ea:	ed93 7f00 	vldrw.u32	q3, [r3, #0]
341814ee:	68ab      	ldr	r3, [r5, #8]
341814f0:	ed84 7f00 	vstrw.32	q3, [r4, #0]
341814f4:	6822      	ldr	r2, [r4, #0]
341814f6:	ea43 0302 	orr.w	r3, r3, r2
341814fa:	60ab      	str	r3, [r5, #8]
341814fc:	d011      	beq.n	34181522 <m55_gf_frobenius_batch4+0x1ca>
341814fe:	69ab      	ldr	r3, [r5, #24]
34181500:	6862      	ldr	r2, [r4, #4]
34181502:	2e02      	cmp	r6, #2
34181504:	ea43 0302 	orr.w	r3, r3, r2
34181508:	61ab      	str	r3, [r5, #24]
3418150a:	d00a      	beq.n	34181522 <m55_gf_frobenius_batch4+0x1ca>
3418150c:	6aab      	ldr	r3, [r5, #40]	@ 0x28
3418150e:	68a2      	ldr	r2, [r4, #8]
34181510:	2e03      	cmp	r6, #3
34181512:	ea43 0302 	orr.w	r3, r3, r2
34181516:	62ab      	str	r3, [r5, #40]	@ 0x28
34181518:	d003      	beq.n	34181522 <m55_gf_frobenius_batch4+0x1ca>
3418151a:	6bab      	ldr	r3, [r5, #56]	@ 0x38
3418151c:	68e2      	ldr	r2, [r4, #12]
3418151e:	4313      	orrs	r3, r2
34181520:	63ab      	str	r3, [r5, #56]	@ 0x38
34181522:	9b01      	ldr	r3, [sp, #4]
34181524:	2e01      	cmp	r6, #1
34181526:	ed93 7f00 	vldrw.u32	q3, [r3, #0]
3418152a:	68eb      	ldr	r3, [r5, #12]
3418152c:	ed84 7f00 	vstrw.32	q3, [r4, #0]
34181530:	6822      	ldr	r2, [r4, #0]
34181532:	ea43 0302 	orr.w	r3, r3, r2
34181536:	60eb      	str	r3, [r5, #12]
34181538:	d011      	beq.n	3418155e <m55_gf_frobenius_batch4+0x206>
3418153a:	69eb      	ldr	r3, [r5, #28]
3418153c:	6862      	ldr	r2, [r4, #4]
3418153e:	2e02      	cmp	r6, #2
34181540:	ea43 0302 	orr.w	r3, r3, r2
34181544:	61eb      	str	r3, [r5, #28]
34181546:	d00a      	beq.n	3418155e <m55_gf_frobenius_batch4+0x206>
34181548:	6aeb      	ldr	r3, [r5, #44]	@ 0x2c
3418154a:	68a2      	ldr	r2, [r4, #8]
3418154c:	2e03      	cmp	r6, #3
3418154e:	ea43 0302 	orr.w	r3, r3, r2
34181552:	62eb      	str	r3, [r5, #44]	@ 0x2c
34181554:	d003      	beq.n	3418155e <m55_gf_frobenius_batch4+0x206>
34181556:	6beb      	ldr	r3, [r5, #60]	@ 0x3c
34181558:	68e2      	ldr	r2, [r4, #12]
3418155a:	4313      	orrs	r3, r2
3418155c:	63eb      	str	r3, [r5, #60]	@ 0x3c
3418155e:	b019      	add	sp, #100	@ 0x64
34181560:	e8bd 8ff0 	ldmia.w	sp!, {r4, r5, r6, r7, r8, r9, sl, fp, pc}
34181564:	ed94 7f00 	vldrw.u32	q3, [r4, #0]
34181568:	ed8d 7f02 	vstrw.32	q3, [sp, #8]
3418156c:	ab0a      	add	r3, sp, #40	@ 0x28
3418156e:	aa0e      	add	r2, sp, #56	@ 0x38
34181570:	9300      	str	r3, [sp, #0]
34181572:	9201      	str	r2, [sp, #4]
34181574:	ed94 7f00 	vldrw.u32	q3, [r4, #0]
34181578:	ed8d 7f06 	vstrw.32	q3, [sp, #24]
3418157c:	ed94 7f00 	vldrw.u32	q3, [r4, #0]
34181580:	af02      	add	r7, sp, #8
34181582:	f10d 0b18 	add.w	fp, sp, #24
34181586:	ed8d 7f0a 	vstrw.32	q3, [sp, #40]
3418158a:	ed8d 7f0e 	vstrw.32	q3, [sp, #56]
3418158e:	f1b8 0f00 	cmp.w	r8, #0
34181592:	f47f af51 	bne.w	34181438 <m55_gf_frobenius_batch4+0xe0>
34181596:	ed97 7f00 	vldrw.u32	q3, [r7, #0]
3418159a:	ed84 7f00 	vstrw.32	q3, [r4, #0]
3418159e:	ed9b 7f00 	vldrw.u32	q3, [fp, #0]
341815a2:	ed84 7f00 	vstrw.32	q3, [r4, #0]
341815a6:	9b00      	ldr	r3, [sp, #0]
341815a8:	ed93 7f00 	vldrw.u32	q3, [r3, #0]
341815ac:	ed84 7f00 	vstrw.32	q3, [r4, #0]
341815b0:	9b01      	ldr	r3, [sp, #4]
341815b2:	ed93 7f00 	vldrw.u32	q3, [r3, #0]
341815b6:	ed84 7f00 	vstrw.32	q3, [r4, #0]
341815ba:	b019      	add	sp, #100	@ 0x64
341815bc:	e8bd 8ff0 	ldmia.w	sp!, {r4, r5, r6, r7, r8, r9, sl, fp, pc}

341815c0 <samsungsds_aimer_128f_ref_gf_set0>:
341815c0:	2200      	movs	r2, #0
341815c2:	2300      	movs	r3, #0
341815c4:	e9c0 2300 	strd	r2, r3, [r0]
341815c8:	e9c0 2302 	strd	r2, r3, [r0, #8]
341815cc:	4770      	bx	lr
341815ce:	bf00      	nop

341815d0 <samsungsds_aimer_128f_ref_gf_copy>:
341815d0:	e9d1 2300 	ldrd	r2, r3, [r1]
341815d4:	e9c0 2300 	strd	r2, r3, [r0]
341815d8:	e9d1 2302 	ldrd	r2, r3, [r1, #8]
341815dc:	e9c0 2302 	strd	r2, r3, [r0, #8]
341815e0:	4770      	bx	lr
341815e2:	bf00      	nop

341815e4 <samsungsds_aimer_128f_ref_gf_inv>:
341815e4:	b5f0      	push	{r4, r5, r6, r7, lr}
341815e6:	468c      	mov	ip, r1
341815e8:	4605      	mov	r5, r0
341815ea:	e9dc 2300 	ldrd	r2, r3, [ip]
341815ee:	2600      	movs	r6, #0
341815f0:	2700      	movs	r7, #0
341815f2:	2001      	movs	r0, #1
341815f4:	2100      	movs	r1, #0
341815f6:	247f      	movs	r4, #127	@ 0x7f
341815f8:	b085      	sub	sp, #20
341815fa:	e9cd 2300 	strd	r2, r3, [sp]
341815fe:	e9dc 2302 	ldrd	r2, r3, [ip, #8]
34181602:	e9c5 6702 	strd	r6, r7, [r5, #8]
34181606:	e9cd 2302 	strd	r2, r3, [sp, #8]
3418160a:	e9c5 0100 	strd	r0, r1, [r5]
3418160e:	4669      	mov	r1, sp
34181610:	4668      	mov	r0, sp
34181612:	f000 f951 	bl	341818b8 <samsungsds_aimer_128f_ref_gf_sqr>
34181616:	466a      	mov	r2, sp
34181618:	4629      	mov	r1, r5
3418161a:	4628      	mov	r0, r5
3418161c:	f000 f8d6 	bl	341817cc <samsungsds_aimer_128f_ref_gf_mul>
34181620:	3c01      	subs	r4, #1
34181622:	d1f4      	bne.n	3418160e <samsungsds_aimer_128f_ref_gf_inv+0x2a>
34181624:	b005      	add	sp, #20
34181626:	bdf0      	pop	{r4, r5, r6, r7, pc}

34181628 <samsungsds_aimer_128f_ref_gf_mat_vec_mul_add>:
34181628:	b530      	push	{r4, r5, lr}
3418162a:	4604      	mov	r4, r0
3418162c:	b085      	sub	sp, #20
3418162e:	4668      	mov	r0, sp
34181630:	f000 fa3c 	bl	34181aac <samsungsds_aimer_128f_ref_gf_mat_vec_mul>
34181634:	e9d4 0200 	ldrd	r0, r2, [r4]
34181638:	e9d4 1302 	ldrd	r1, r3, [r4, #8]
3418163c:	9d00      	ldr	r5, [sp, #0]
3418163e:	4068      	eors	r0, r5
34181640:	9d02      	ldr	r5, [sp, #8]
34181642:	6020      	str	r0, [r4, #0]
34181644:	4069      	eors	r1, r5
34181646:	60a1      	str	r1, [r4, #8]
34181648:	9901      	ldr	r1, [sp, #4]
3418164a:	404a      	eors	r2, r1
3418164c:	9903      	ldr	r1, [sp, #12]
3418164e:	6062      	str	r2, [r4, #4]
34181650:	404b      	eors	r3, r1
34181652:	60e3      	str	r3, [r4, #12]
34181654:	b005      	add	sp, #20
34181656:	bd30      	pop	{r4, r5, pc}

34181658 <m55_gf_reduce_words>:
34181658:	e92d 43f0 	stmdb	sp!, {r4, r5, r6, r7, r8, r9, lr}
3418165c:	4688      	mov	r8, r1
3418165e:	4686      	mov	lr, r0
34181660:	e9d1 0106 	ldrd	r0, r1, [r1, #24]
34181664:	4606      	mov	r6, r0
34181666:	460f      	mov	r7, r1
34181668:	ea56 17cf 	lsll	r6, r7, #7
3418166c:	f8d8 3010 	ldr.w	r3, [r8, #16]
34181670:	0f8c      	lsrs	r4, r1, #30
34181672:	ea84 6451 	eor.w	r4, r4, r1, lsr #25
34181676:	f8d8 500c 	ldr.w	r5, [r8, #12]
3418167a:	405c      	eors	r4, r3
3418167c:	f8d8 3014 	ldr.w	r3, [r8, #20]
34181680:	ea84 72d1 	eor.w	r2, r4, r1, lsr #31
34181684:	f8d8 4008 	ldr.w	r4, [r8, #8]
34181688:	ea81 0c05 	eor.w	ip, r1, r5
3418168c:	0e5d      	lsrs	r5, r3, #25
3418168e:	ea45 15c0 	orr.w	r5, r5, r0, lsl #7
34181692:	4044      	eors	r4, r0
34181694:	406c      	eors	r4, r5
34181696:	0f9d      	lsrs	r5, r3, #30
34181698:	ea45 0580 	orr.w	r5, r5, r0, lsl #2
3418169c:	406c      	eors	r4, r5
3418169e:	1805      	adds	r5, r0, r0
341816a0:	eb41 0901 	adc.w	r9, r1, r1
341816a4:	ea50 018f 	lsll	r0, r1, #2
341816a8:	ea8c 0c07 	eor.w	ip, ip, r7
341816ac:	4616      	mov	r6, r2
341816ae:	461f      	mov	r7, r3
341816b0:	ea45 75d3 	orr.w	r5, r5, r3, lsr #31
341816b4:	ea8c 0101 	eor.w	r1, ip, r1
341816b8:	406c      	eors	r4, r5
341816ba:	ea81 0109 	eor.w	r1, r1, r9
341816be:	f8ce 4008 	str.w	r4, [lr, #8]
341816c2:	f8ce 100c 	str.w	r1, [lr, #12]
341816c6:	e9d8 0100 	ldrd	r0, r1, [r8]
341816ca:	ea82 0c00 	eor.w	ip, r2, r0
341816ce:	1895      	adds	r5, r2, r2
341816d0:	ea8c 1cc2 	eor.w	ip, ip, r2, lsl #7
341816d4:	ea56 17cf 	lsll	r6, r7, #7
341816d8:	eb43 0403 	adc.w	r4, r3, r3
341816dc:	4059      	eors	r1, r3
341816de:	ea8c 0c82 	eor.w	ip, ip, r2, lsl #2
341816e2:	ea52 038f 	lsll	r2, r3, #2
341816e6:	4079      	eors	r1, r7
341816e8:	404b      	eors	r3, r1
341816ea:	ea8c 0505 	eor.w	r5, ip, r5
341816ee:	4063      	eors	r3, r4
341816f0:	f8ce 5000 	str.w	r5, [lr]
341816f4:	f8ce 3004 	str.w	r3, [lr, #4]
341816f8:	e8bd 83f0 	ldmia.w	sp!, {r4, r5, r6, r7, r8, r9, pc}

341816fc <m55_clmul_convolution>:
341816fc:	e92d 4ff0 	stmdb	sp!, {r4, r5, r6, r7, r8, r9, sl, fp, lr}
34181700:	b08d      	sub	sp, #52	@ 0x34
34181702:	9201      	str	r2, [sp, #4]
34181704:	f1a1 0902 	sub.w	r9, r1, #2
34181708:	2220      	movs	r2, #32
3418170a:	2100      	movs	r1, #0
3418170c:	f002 fe00 	bl	34184310 <memset>
34181710:	f04f 0e08 	mov.w	lr, #8
34181714:	f04e e001 	dls	lr, lr
34181718:	f10d 0417 	add.w	r4, sp, #23
3418171c:	f024 040f 	bic.w	r4, r4, #15
34181720:	f104 0b10 	add.w	fp, r4, #16
34181724:	f839 3f02 	ldrh.w	r3, [r9, #2]!
34181728:	9a01      	ldr	r2, [sp, #4]
3418172a:	eea6 3b30 	vdup.16	q3, r3
3418172e:	ed92 5e80 	vldrh.u16	q2, [r2, #0]
34181732:	fe37 2e04 	vmullb.p16	q1, q3, q2
34181736:	fe37 7e04 	vmullt.p16	q3, q3, q2
3418173a:	8803      	ldrh	r3, [r0, #0]
3418173c:	ed8b 3f00 	vstrw.32	q1, [fp, #0]
34181740:	ed84 7f00 	vstrw.32	q3, [r4, #0]
34181744:	f8d4 c010 	ldr.w	ip, [r4, #16]
34181748:	6821      	ldr	r1, [r4, #0]
3418174a:	ea83 030c 	eor.w	r3, r3, ip
3418174e:	f820 3b02 	strh.w	r3, [r0], #2
34181752:	f8b0 a000 	ldrh.w	sl, [r0]
34181756:	ea81 4c1c 	eor.w	ip, r1, ip, lsr #16
3418175a:	6962      	ldr	r2, [r4, #20]
3418175c:	ea8c 0c0a 	eor.w	ip, ip, sl
34181760:	f8a0 c000 	strh.w	ip, [r0]
34181764:	f8b0 c002 	ldrh.w	ip, [r0, #2]
34181768:	ea82 4111 	eor.w	r1, r2, r1, lsr #16
3418176c:	ea81 010c 	eor.w	r1, r1, ip
34181770:	f8d4 8004 	ldr.w	r8, [r4, #4]
34181774:	8041      	strh	r1, [r0, #2]
34181776:	8881      	ldrh	r1, [r0, #4]
34181778:	ea88 4212 	eor.w	r2, r8, r2, lsr #16
3418177c:	404a      	eors	r2, r1
3418177e:	69a6      	ldr	r6, [r4, #24]
34181780:	68a5      	ldr	r5, [r4, #8]
34181782:	69e3      	ldr	r3, [r4, #28]
34181784:	f8b0 c008 	ldrh.w	ip, [r0, #8]
34181788:	8082      	strh	r2, [r0, #4]
3418178a:	8942      	ldrh	r2, [r0, #10]
3418178c:	68e7      	ldr	r7, [r4, #12]
3418178e:	ea86 4818 	eor.w	r8, r6, r8, lsr #16
34181792:	ea85 4616 	eor.w	r6, r5, r6, lsr #16
34181796:	ea83 4515 	eor.w	r5, r3, r5, lsr #16
3418179a:	88c1      	ldrh	r1, [r0, #6]
3418179c:	ea86 060c 	eor.w	r6, r6, ip
341817a0:	4055      	eors	r5, r2
341817a2:	f8b0 c00c 	ldrh.w	ip, [r0, #12]
341817a6:	89c2      	ldrh	r2, [r0, #14]
341817a8:	ea87 4313 	eor.w	r3, r7, r3, lsr #16
341817ac:	ea88 0101 	eor.w	r1, r8, r1
341817b0:	ea83 030c 	eor.w	r3, r3, ip
341817b4:	ea82 4217 	eor.w	r2, r2, r7, lsr #16
341817b8:	80c1      	strh	r1, [r0, #6]
341817ba:	8106      	strh	r6, [r0, #8]
341817bc:	8145      	strh	r5, [r0, #10]
341817be:	8183      	strh	r3, [r0, #12]
341817c0:	81c2      	strh	r2, [r0, #14]
341817c2:	f00f c851 	le	lr, 34181724 <m55_clmul_convolution+0x28>
341817c6:	b00d      	add	sp, #52	@ 0x34
341817c8:	e8bd 8ff0 	ldmia.w	sp!, {r4, r5, r6, r7, r8, r9, sl, fp, pc}

341817cc <samsungsds_aimer_128f_ref_gf_mul>:
341817cc:	468c      	mov	ip, r1
341817ce:	4613      	mov	r3, r2
341817d0:	e92d 4ff0 	stmdb	sp!, {r4, r5, r6, r7, r8, r9, sl, fp, lr}
341817d4:	e9dc 6700 	ldrd	r6, r7, [ip]
341817d8:	b0a1      	sub	sp, #132	@ 0x84
341817da:	f10d 0447 	add.w	r4, sp, #71	@ 0x47
341817de:	f024 040f 	bic.w	r4, r4, #15
341817e2:	4605      	mov	r5, r0
341817e4:	f104 0220 	add.w	r2, r4, #32
341817e8:	4620      	mov	r0, r4
341817ea:	f104 0130 	add.w	r1, r4, #48	@ 0x30
341817ee:	e9c4 670c 	strd	r6, r7, [r4, #48]	@ 0x30
341817f2:	e9dc 6702 	ldrd	r6, r7, [ip, #8]
341817f6:	e9c4 670e 	strd	r6, r7, [r4, #56]	@ 0x38
341817fa:	e9d3 6700 	ldrd	r6, r7, [r3]
341817fe:	e9c4 6708 	strd	r6, r7, [r4, #32]
34181802:	e9d3 6702 	ldrd	r6, r7, [r3, #8]
34181806:	e9c4 670a 	strd	r6, r7, [r4, #40]	@ 0x28
3418180a:	f7ff ff77 	bl	341816fc <m55_clmul_convolution>
3418180e:	8863      	ldrh	r3, [r4, #2]
34181810:	8b26      	ldrh	r6, [r4, #24]
34181812:	9300      	str	r3, [sp, #0]
34181814:	2300      	movs	r3, #0
34181816:	8be7      	ldrh	r7, [r4, #30]
34181818:	9301      	str	r3, [sp, #4]
3418181a:	9604      	str	r6, [sp, #16]
3418181c:	9705      	str	r7, [sp, #20]
3418181e:	e9dd 6700 	ldrd	r6, r7, [sp]
34181822:	ea56 470f 	lsll	r6, r7, #16
34181826:	f8b4 9004 	ldrh.w	r9, [r4, #4]
3418182a:	f8b4 a000 	ldrh.w	sl, [r4]
3418182e:	f8b4 b006 	ldrh.w	fp, [r4, #6]
34181832:	8a22      	ldrh	r2, [r4, #16]
34181834:	ea49 0907 	orr.w	r9, r9, r7
34181838:	9202      	str	r2, [sp, #8]
3418183a:	ea4a 0206 	orr.w	r2, sl, r6
3418183e:	ea49 460b 	orr.w	r6, r9, fp, lsl #16
34181842:	e9dd ab00 	ldrd	sl, fp, [sp]
34181846:	465f      	mov	r7, fp
34181848:	e9cd 2606 	strd	r2, r6, [sp, #24]
3418184c:	8966      	ldrh	r6, [r4, #10]
3418184e:	f8b4 c00c 	ldrh.w	ip, [r4, #12]
34181852:	ea56 470f 	lsll	r6, r7, #16
34181856:	ea4c 0c07 	orr.w	ip, ip, r7
3418185a:	465f      	mov	r7, fp
3418185c:	f8b4 e008 	ldrh.w	lr, [r4, #8]
34181860:	4628      	mov	r0, r5
34181862:	89e5      	ldrh	r5, [r4, #14]
34181864:	ea4e 0606 	orr.w	r6, lr, r6
34181868:	ea4c 4505 	orr.w	r5, ip, r5, lsl #16
3418186c:	e9cd 6508 	strd	r6, r5, [sp, #32]
34181870:	8a66      	ldrh	r6, [r4, #18]
34181872:	f8b4 8014 	ldrh.w	r8, [r4, #20]
34181876:	ea56 470f 	lsll	r6, r7, #16
3418187a:	ea48 0807 	orr.w	r8, r8, r7
3418187e:	465f      	mov	r7, fp
34181880:	8ae1      	ldrh	r1, [r4, #22]
34181882:	9a02      	ldr	r2, [sp, #8]
34181884:	9103      	str	r1, [sp, #12]
34181886:	4316      	orrs	r6, r2
34181888:	9a03      	ldr	r2, [sp, #12]
3418188a:	8ba3      	ldrh	r3, [r4, #28]
3418188c:	ea48 4202 	orr.w	r2, r8, r2, lsl #16
34181890:	e9cd 620a 	strd	r6, r2, [sp, #40]	@ 0x28
34181894:	8b66      	ldrh	r6, [r4, #26]
34181896:	9a04      	ldr	r2, [sp, #16]
34181898:	ea56 470f 	lsll	r6, r7, #16
3418189c:	433b      	orrs	r3, r7
3418189e:	9f05      	ldr	r7, [sp, #20]
341818a0:	4316      	orrs	r6, r2
341818a2:	ea43 4307 	orr.w	r3, r3, r7, lsl #16
341818a6:	a906      	add	r1, sp, #24
341818a8:	e9cd 630c 	strd	r6, r3, [sp, #48]	@ 0x30
341818ac:	f7ff fed4 	bl	34181658 <m55_gf_reduce_words>
341818b0:	b021      	add	sp, #132	@ 0x84
341818b2:	e8bd 8ff0 	ldmia.w	sp!, {r4, r5, r6, r7, r8, r9, sl, fp, pc}
341818b6:	bf00      	nop

341818b8 <samsungsds_aimer_128f_ref_gf_sqr>:
341818b8:	2300      	movs	r3, #0
341818ba:	e92d 4ff0 	stmdb	sp!, {r4, r5, r6, r7, r8, r9, sl, fp, lr}
341818be:	460e      	mov	r6, r1
341818c0:	461d      	mov	r5, r3
341818c2:	e9d6 4200 	ldrd	r4, r2, [r6]
341818c6:	4699      	mov	r9, r3
341818c8:	f8d6 8008 	ldr.w	r8, [r6, #8]
341818cc:	68f6      	ldr	r6, [r6, #12]
341818ce:	b08f      	sub	sp, #60	@ 0x3c
341818d0:	e9cd 6302 	strd	r6, r3, [sp, #8]
341818d4:	b2a6      	uxth	r6, r4
341818d6:	ea54 450f 	lsll	r4, r5, #16
341818da:	b294      	uxth	r4, r2
341818dc:	ea52 430f 	lsll	r2, r3, #16
341818e0:	fa1f f288 	uxth.w	r2, r8
341818e4:	ea58 490f 	lsll	r8, r9, #16
341818e8:	b29b      	uxth	r3, r3
341818ea:	9301      	str	r3, [sp, #4]
341818ec:	fa1f f389 	uxth.w	r3, r9
341818f0:	e9dd 8902 	ldrd	r8, r9, [sp, #8]
341818f4:	fa1f fa88 	uxth.w	sl, r8
341818f8:	ea58 490f 	lsll	r8, r9, #16
341818fc:	b2af      	uxth	r7, r5
341818fe:	fa1f fb89 	uxth.w	fp, r9
34181902:	46b0      	mov	r8, r6
34181904:	46b9      	mov	r9, r7
34181906:	ea58 290f 	lsll	r8, r9, #8
3418190a:	9400      	str	r4, [sp, #0]
3418190c:	ea46 2c06 	orr.w	ip, r6, r6, lsl #8
34181910:	ea44 2e04 	orr.w	lr, r4, r4, lsl #8
34181914:	ea4a 250a 	orr.w	r5, sl, sl, lsl #8
34181918:	ea42 2402 	orr.w	r4, r2, r2, lsl #8
3418191c:	ea49 0607 	orr.w	r6, r9, r7
34181920:	9502      	str	r5, [sp, #8]
34181922:	9405      	str	r4, [sp, #20]
34181924:	f006 19ff 	and.w	r9, r6, #16711935	@ 0xff00ff
34181928:	e9dd 4500 	ldrd	r4, r5, [sp]
3418192c:	4626      	mov	r6, r4
3418192e:	462f      	mov	r7, r5
34181930:	ea56 270f 	lsll	r6, r7, #8
34181934:	ea45 0407 	orr.w	r4, r5, r7
34181938:	f004 17ff 	and.w	r7, r4, #16711935	@ 0xff00ff
3418193c:	461d      	mov	r5, r3
3418193e:	4614      	mov	r4, r2
34181940:	ea54 250f 	lsll	r4, r5, #8
34181944:	9a05      	ldr	r2, [sp, #20]
34181946:	432b      	orrs	r3, r5
34181948:	f002 14ff 	and.w	r4, r2, #16711935	@ 0xff00ff
3418194c:	f003 15ff 	and.w	r5, r3, #16711935	@ 0xff00ff
34181950:	ea44 1304 	orr.w	r3, r4, r4, lsl #4
34181954:	9300      	str	r3, [sp, #0]
34181956:	4652      	mov	r2, sl
34181958:	465b      	mov	r3, fp
3418195a:	ea52 230f 	lsll	r2, r3, #8
3418195e:	9a02      	ldr	r2, [sp, #8]
34181960:	ea43 030b 	orr.w	r3, r3, fp
34181964:	f002 1aff 	and.w	sl, r2, #16711935	@ 0xff00ff
34181968:	f003 1bff 	and.w	fp, r3, #16711935	@ 0xff00ff
3418196c:	f00c 18ff 	and.w	r8, ip, #16711935	@ 0xff00ff
34181970:	ea4a 130a 	orr.w	r3, sl, sl, lsl #4
34181974:	9302      	str	r3, [sp, #8]
34181976:	4642      	mov	r2, r8
34181978:	464b      	mov	r3, r9
3418197a:	ea52 130f 	lsll	r2, r3, #4
3418197e:	ea48 1c08 	orr.w	ip, r8, r8, lsl #4
34181982:	f00c 380f 	and.w	r8, ip, #252645135	@ 0xf0f0f0f
34181986:	ea43 0309 	orr.w	r3, r3, r9
3418198a:	f003 390f 	and.w	r9, r3, #252645135	@ 0xf0f0f0f
3418198e:	ea48 0388 	orr.w	r3, r8, r8, lsl #2
34181992:	f003 3333 	and.w	r3, r3, #858993459	@ 0x33333333
34181996:	18da      	adds	r2, r3, r3
34181998:	ea42 0203 	orr.w	r2, r2, r3
3418199c:	f00e 16ff 	and.w	r6, lr, #16711935	@ 0xff00ff
341819a0:	f002 3255 	and.w	r2, r2, #1431655765	@ 0x55555555
341819a4:	9206      	str	r2, [sp, #24]
341819a6:	463b      	mov	r3, r7
341819a8:	4632      	mov	r2, r6
341819aa:	ea52 130f 	lsll	r2, r3, #4
341819ae:	ea43 0307 	orr.w	r3, r3, r7
341819b2:	f003 370f 	and.w	r7, r3, #252645135	@ 0xf0f0f0f
341819b6:	4622      	mov	r2, r4
341819b8:	462b      	mov	r3, r5
341819ba:	ea52 130f 	lsll	r2, r3, #4
341819be:	9a00      	ldr	r2, [sp, #0]
341819c0:	ea43 0305 	orr.w	r3, r3, r5
341819c4:	f002 340f 	and.w	r4, r2, #252645135	@ 0xf0f0f0f
341819c8:	f003 350f 	and.w	r5, r3, #252645135	@ 0xf0f0f0f
341819cc:	ea46 1e06 	orr.w	lr, r6, r6, lsl #4
341819d0:	ea44 0384 	orr.w	r3, r4, r4, lsl #2
341819d4:	f00e 360f 	and.w	r6, lr, #252645135	@ 0xf0f0f0f
341819d8:	4652      	mov	r2, sl
341819da:	f003 3e33 	and.w	lr, r3, #858993459	@ 0x33333333
341819de:	465b      	mov	r3, fp
341819e0:	ea52 130f 	lsll	r2, r3, #4
341819e4:	9a02      	ldr	r2, [sp, #8]
341819e6:	ea43 030b 	orr.w	r3, r3, fp
341819ea:	f002 3a0f 	and.w	sl, r2, #252645135	@ 0xf0f0f0f
341819ee:	f003 3b0f 	and.w	fp, r3, #252645135	@ 0xf0f0f0f
341819f2:	ea4a 038a 	orr.w	r3, sl, sl, lsl #2
341819f6:	f003 3233 	and.w	r2, r3, #858993459	@ 0x33333333
341819fa:	9200      	str	r2, [sp, #0]
341819fc:	464b      	mov	r3, r9
341819fe:	4642      	mov	r2, r8
34181a00:	ea52 038f 	lsll	r2, r3, #2
34181a04:	46b0      	mov	r8, r6
34181a06:	ea43 0209 	orr.w	r2, r3, r9
34181a0a:	46b9      	mov	r9, r7
34181a0c:	ea58 098f 	lsll	r8, r9, #2
34181a10:	f002 3233 	and.w	r2, r2, #858993459	@ 0x33333333
34181a14:	eb42 0302 	adc.w	r3, r2, r2
34181a18:	ea46 0c86 	orr.w	ip, r6, r6, lsl #2
34181a1c:	4313      	orrs	r3, r2
34181a1e:	4626      	mov	r6, r4
34181a20:	ea49 0207 	orr.w	r2, r9, r7
34181a24:	462f      	mov	r7, r5
34181a26:	ea56 078f 	lsll	r6, r7, #2
34181a2a:	f00c 3c33 	and.w	ip, ip, #858993459	@ 0x33333333
34181a2e:	f003 3355 	and.w	r3, r3, #1431655765	@ 0x55555555
34181a32:	9307      	str	r3, [sp, #28]
34181a34:	eb1c 030c 	adds.w	r3, ip, ip
34181a38:	ea43 030c 	orr.w	r3, r3, ip
34181a3c:	f002 3233 	and.w	r2, r2, #858993459	@ 0x33333333
34181a40:	f003 3355 	and.w	r3, r3, #1431655765	@ 0x55555555
34181a44:	9308      	str	r3, [sp, #32]
34181a46:	eb42 0302 	adc.w	r3, r2, r2
34181a4a:	4313      	orrs	r3, r2
34181a4c:	f003 3355 	and.w	r3, r3, #1431655765	@ 0x55555555
34181a50:	9309      	str	r3, [sp, #36]	@ 0x24
34181a52:	eb1e 030e 	adds.w	r3, lr, lr
34181a56:	ea43 030e 	orr.w	r3, r3, lr
34181a5a:	ea47 0205 	orr.w	r2, r7, r5
34181a5e:	f002 3233 	and.w	r2, r2, #858993459	@ 0x33333333
34181a62:	f003 3355 	and.w	r3, r3, #1431655765	@ 0x55555555
34181a66:	930a      	str	r3, [sp, #40]	@ 0x28
34181a68:	eb42 0302 	adc.w	r3, r2, r2
34181a6c:	4313      	orrs	r3, r2
34181a6e:	9a00      	ldr	r2, [sp, #0]
34181a70:	f003 3355 	and.w	r3, r3, #1431655765	@ 0x55555555
34181a74:	930b      	str	r3, [sp, #44]	@ 0x2c
34181a76:	1893      	adds	r3, r2, r2
34181a78:	ea43 0302 	orr.w	r3, r3, r2
34181a7c:	f003 3355 	and.w	r3, r3, #1431655765	@ 0x55555555
34181a80:	930c      	str	r3, [sp, #48]	@ 0x30
34181a82:	4652      	mov	r2, sl
34181a84:	465b      	mov	r3, fp
34181a86:	ea52 038f 	lsll	r2, r3, #2
34181a8a:	ea43 020b 	orr.w	r2, r3, fp
34181a8e:	f002 3233 	and.w	r2, r2, #858993459	@ 0x33333333
34181a92:	eb42 0302 	adc.w	r3, r2, r2
34181a96:	4313      	orrs	r3, r2
34181a98:	f003 3355 	and.w	r3, r3, #1431655765	@ 0x55555555
34181a9c:	a906      	add	r1, sp, #24
34181a9e:	930d      	str	r3, [sp, #52]	@ 0x34
34181aa0:	f7ff fdda 	bl	34181658 <m55_gf_reduce_words>
34181aa4:	b00f      	add	sp, #60	@ 0x3c
34181aa6:	e8bd 8ff0 	ldmia.w	sp!, {r4, r5, r6, r7, r8, r9, sl, fp, pc}
34181aaa:	bf00      	nop

34181aac <samsungsds_aimer_128f_ref_gf_mat_vec_mul>:
34181aac:	e92d 4ff0 	stmdb	sp!, {r4, r5, r6, r7, r8, r9, sl, fp, lr}
34181ab0:	f04f 0e00 	mov.w	lr, #0
34181ab4:	b09f      	sub	sp, #124	@ 0x7c
34181ab6:	f1a1 0308 	sub.w	r3, r1, #8
34181aba:	3108      	adds	r1, #8
34181abc:	e9cd ee02 	strd	lr, lr, [sp, #8]
34181ac0:	e9cd 101c 	strd	r1, r0, [sp, #112]	@ 0x70
34181ac4:	f8cd e000 	str.w	lr, [sp]
34181ac8:	f8cd e004 	str.w	lr, [sp, #4]
34181acc:	f502 6490 	add.w	r4, r2, #1152	@ 0x480
34181ad0:	f04f 0e08 	mov.w	lr, #8
34181ad4:	e9f3 0102 	ldrd	r0, r1, [r3, #8]!
34181ad8:	f04e e001 	dls	lr, lr
34181adc:	4682      	mov	sl, r0
34181ade:	468b      	mov	fp, r1
34181ae0:	e9cd 431a 	strd	r4, r3, [sp, #104]	@ 0x68
34181ae4:	f5a4 6780 	sub.w	r7, r4, #1024	@ 0x400
34181ae8:	4652      	mov	r2, sl
34181aea:	e957 0120 	ldrd	r0, r1, [r7, #-128]	@ 0x80
34181aee:	465b      	mov	r3, fp
34181af0:	ea52 035f 	lsrl	r2, r3, #1
34181af4:	f857 4c60 	ldr.w	r4, [r7, #-96]
34181af8:	f857 6c74 	ldr.w	r6, [r7, #-116]
34181afc:	9405      	str	r4, [sp, #20]
34181afe:	f857 4c5c 	ldr.w	r4, [r7, #-92]
34181b02:	f00a 0901 	and.w	r9, sl, #1
34181b06:	f002 0801 	and.w	r8, r2, #1
34181b0a:	9406      	str	r4, [sp, #24]
34181b0c:	e957 c416 	ldrd	ip, r4, [r7, #-88]	@ 0x58
34181b10:	940f      	str	r4, [sp, #60]	@ 0x3c
34181b12:	f1c9 0400 	rsb	r4, r9, #0
34181b16:	ea04 0906 	and.w	r9, r4, r6
34181b1a:	f1c8 0600 	rsb	r6, r8, #0
34181b1e:	46b0      	mov	r8, r6
34181b20:	e957 321c 	ldrd	r3, r2, [r7, #-112]	@ 0x70
34181b24:	9204      	str	r2, [sp, #16]
34181b26:	f857 2c78 	ldr.w	r2, [r7, #-120]
34181b2a:	4020      	ands	r0, r4
34181b2c:	4033      	ands	r3, r6
34181b2e:	4021      	ands	r1, r4
34181b30:	4043      	eors	r3, r0
34181b32:	4014      	ands	r4, r2
34181b34:	f857 0c64 	ldr.w	r0, [r7, #-100]
34181b38:	9a04      	ldr	r2, [sp, #16]
34181b3a:	f857 5c68 	ldr.w	r5, [r7, #-104]
34181b3e:	ea08 0202 	and.w	r2, r8, r2
34181b42:	ea08 0800 	and.w	r8, r8, r0
34181b46:	404a      	eors	r2, r1
34181b48:	ea89 0108 	eor.w	r1, r9, r8
34181b4c:	46d0      	mov	r8, sl
34181b4e:	46d9      	mov	r9, fp
34181b50:	ea58 099f 	lsrl	r8, r9, #2
34181b54:	402e      	ands	r6, r5
34181b56:	4066      	eors	r6, r4
34181b58:	f857 4c44 	ldr.w	r4, [r7, #-68]
34181b5c:	f857 5c48 	ldr.w	r5, [r7, #-72]
34181b60:	9411      	str	r4, [sp, #68]	@ 0x44
34181b62:	f857 4c3c 	ldr.w	r4, [r7, #-60]
34181b66:	9510      	str	r5, [sp, #64]	@ 0x40
34181b68:	9407      	str	r4, [sp, #28]
34181b6a:	f857 4c38 	ldr.w	r4, [r7, #-56]
34181b6e:	f857 5c40 	ldr.w	r5, [r7, #-64]
34181b72:	9412      	str	r4, [sp, #72]	@ 0x48
34181b74:	f857 4c34 	ldr.w	r4, [r7, #-52]
34181b78:	910e      	str	r1, [sp, #56]	@ 0x38
34181b7a:	9413      	str	r4, [sp, #76]	@ 0x4c
34181b7c:	e957 1014 	ldrd	r1, r0, [r7, #-80]	@ 0x50
34181b80:	9504      	str	r5, [sp, #16]
34181b82:	f857 5c30 	ldr.w	r5, [r7, #-48]
34181b86:	f857 4c2c 	ldr.w	r4, [r7, #-44]
34181b8a:	f008 0801 	and.w	r8, r8, #1
34181b8e:	9409      	str	r4, [sp, #36]	@ 0x24
34181b90:	f857 4c28 	ldr.w	r4, [r7, #-40]
34181b94:	9508      	str	r5, [sp, #32]
34181b96:	9414      	str	r4, [sp, #80]	@ 0x50
34181b98:	f857 4c24 	ldr.w	r4, [r7, #-36]
34181b9c:	f857 5c20 	ldr.w	r5, [r7, #-32]
34181ba0:	9415      	str	r4, [sp, #84]	@ 0x54
34181ba2:	f857 4c1c 	ldr.w	r4, [r7, #-28]
34181ba6:	950a      	str	r5, [sp, #40]	@ 0x28
34181ba8:	940b      	str	r4, [sp, #44]	@ 0x2c
34181baa:	f857 4c18 	ldr.w	r4, [r7, #-24]
34181bae:	f857 5c0c 	ldr.w	r5, [r7, #-12]
34181bb2:	9416      	str	r4, [sp, #88]	@ 0x58
34181bb4:	f857 4c14 	ldr.w	r4, [r7, #-20]
34181bb8:	950d      	str	r5, [sp, #52]	@ 0x34
34181bba:	9417      	str	r4, [sp, #92]	@ 0x5c
34181bbc:	f857 4c10 	ldr.w	r4, [r7, #-16]
34181bc0:	9d05      	ldr	r5, [sp, #20]
34181bc2:	940c      	str	r4, [sp, #48]	@ 0x30
34181bc4:	f857 4c08 	ldr.w	r4, [r7, #-8]
34181bc8:	3780      	adds	r7, #128	@ 0x80
34181bca:	9418      	str	r4, [sp, #96]	@ 0x60
34181bcc:	f857 4c84 	ldr.w	r4, [r7, #-132]
34181bd0:	9419      	str	r4, [sp, #100]	@ 0x64
34181bd2:	f1c8 0400 	rsb	r4, r8, #0
34181bd6:	46a0      	mov	r8, r4
34181bd8:	ea04 0905 	and.w	r9, r4, r5
34181bdc:	ea04 040c 	and.w	r4, r4, ip
34181be0:	ea83 0c09 	eor.w	ip, r3, r9
34181be4:	9b06      	ldr	r3, [sp, #24]
34181be6:	4074      	eors	r4, r6
34181be8:	ea08 0603 	and.w	r6, r8, r3
34181bec:	9b0f      	ldr	r3, [sp, #60]	@ 0x3c
34181bee:	4056      	eors	r6, r2
34181bf0:	ea08 0803 	and.w	r8, r8, r3
34181bf4:	9b0e      	ldr	r3, [sp, #56]	@ 0x38
34181bf6:	4652      	mov	r2, sl
34181bf8:	ea83 0808 	eor.w	r8, r3, r8
34181bfc:	465b      	mov	r3, fp
34181bfe:	ea52 03df 	lsrl	r2, r3, #3
34181c02:	f002 0201 	and.w	r2, r2, #1
34181c06:	4253      	negs	r3, r2
34181c08:	461a      	mov	r2, r3
34181c0a:	9d10      	ldr	r5, [sp, #64]	@ 0x40
34181c0c:	4019      	ands	r1, r3
34181c0e:	402b      	ands	r3, r5
34181c10:	405c      	eors	r4, r3
34181c12:	9b11      	ldr	r3, [sp, #68]	@ 0x44
34181c14:	4010      	ands	r0, r2
34181c16:	401a      	ands	r2, r3
34181c18:	ea88 0202 	eor.w	r2, r8, r2
34181c1c:	46d9      	mov	r9, fp
34181c1e:	46d0      	mov	r8, sl
34181c20:	ea58 191f 	lsrl	r8, r9, #4
34181c24:	f008 0801 	and.w	r8, r8, #1
34181c28:	f1c8 0300 	rsb	r3, r8, #0
34181c2c:	4698      	mov	r8, r3
34181c2e:	9d04      	ldr	r5, [sp, #16]
34181c30:	4046      	eors	r6, r0
34181c32:	ea03 0005 	and.w	r0, r3, r5
34181c36:	9d12      	ldr	r5, [sp, #72]	@ 0x48
34181c38:	ea8c 0101 	eor.w	r1, ip, r1
34181c3c:	402b      	ands	r3, r5
34181c3e:	4048      	eors	r0, r1
34181c40:	405c      	eors	r4, r3
34181c42:	9b07      	ldr	r3, [sp, #28]
34181c44:	9913      	ldr	r1, [sp, #76]	@ 0x4c
34181c46:	ea08 0303 	and.w	r3, r8, r3
34181c4a:	ea08 0801 	and.w	r8, r8, r1
34181c4e:	ea82 0808 	eor.w	r8, r2, r8
34181c52:	405e      	eors	r6, r3
34181c54:	4652      	mov	r2, sl
34181c56:	465b      	mov	r3, fp
34181c58:	ea52 135f 	lsrl	r2, r3, #5
34181c5c:	f002 0201 	and.w	r2, r2, #1
34181c60:	4253      	negs	r3, r2
34181c62:	461a      	mov	r2, r3
34181c64:	9d08      	ldr	r5, [sp, #32]
34181c66:	46d9      	mov	r9, fp
34181c68:	ea03 0105 	and.w	r1, r3, r5
34181c6c:	9d14      	ldr	r5, [sp, #80]	@ 0x50
34181c6e:	4041      	eors	r1, r0
34181c70:	402b      	ands	r3, r5
34181c72:	9815      	ldr	r0, [sp, #84]	@ 0x54
34181c74:	405c      	eors	r4, r3
34181c76:	9b09      	ldr	r3, [sp, #36]	@ 0x24
34181c78:	9d0a      	ldr	r5, [sp, #40]	@ 0x28
34181c7a:	4013      	ands	r3, r2
34181c7c:	4002      	ands	r2, r0
34181c7e:	ea88 0202 	eor.w	r2, r8, r2
34181c82:	46d0      	mov	r8, sl
34181c84:	ea58 199f 	lsrl	r8, r9, #6
34181c88:	f008 0801 	and.w	r8, r8, #1
34181c8c:	405e      	eors	r6, r3
34181c8e:	f1c8 0300 	rsb	r3, r8, #0
34181c92:	4698      	mov	r8, r3
34181c94:	ea03 0005 	and.w	r0, r3, r5
34181c98:	9d16      	ldr	r5, [sp, #88]	@ 0x58
34181c9a:	4048      	eors	r0, r1
34181c9c:	402b      	ands	r3, r5
34181c9e:	405c      	eors	r4, r3
34181ca0:	9b0b      	ldr	r3, [sp, #44]	@ 0x2c
34181ca2:	9d0c      	ldr	r5, [sp, #48]	@ 0x30
34181ca4:	ea08 0103 	and.w	r1, r8, r3
34181ca8:	9b17      	ldr	r3, [sp, #92]	@ 0x5c
34181caa:	4071      	eors	r1, r6
34181cac:	ea08 0803 	and.w	r8, r8, r3
34181cb0:	ea82 0808 	eor.w	r8, r2, r8
34181cb4:	465b      	mov	r3, fp
34181cb6:	4652      	mov	r2, sl
34181cb8:	ea52 13df 	lsrl	r2, r3, #7
34181cbc:	f002 0201 	and.w	r2, r2, #1
34181cc0:	4253      	negs	r3, r2
34181cc2:	461a      	mov	r2, r3
34181cc4:	9e18      	ldr	r6, [sp, #96]	@ 0x60
34181cc6:	401d      	ands	r5, r3
34181cc8:	4033      	ands	r3, r6
34181cca:	405c      	eors	r4, r3
34181ccc:	9b00      	ldr	r3, [sp, #0]
34181cce:	4068      	eors	r0, r5
34181cd0:	4043      	eors	r3, r0
34181cd2:	9300      	str	r3, [sp, #0]
34181cd4:	9b02      	ldr	r3, [sp, #8]
34181cd6:	9d0d      	ldr	r5, [sp, #52]	@ 0x34
34181cd8:	4063      	eors	r3, r4
34181cda:	9302      	str	r3, [sp, #8]
34181cdc:	ea02 0305 	and.w	r3, r2, r5
34181ce0:	4059      	eors	r1, r3
34181ce2:	9b01      	ldr	r3, [sp, #4]
34181ce4:	9c19      	ldr	r4, [sp, #100]	@ 0x64
34181ce6:	404b      	eors	r3, r1
34181ce8:	4022      	ands	r2, r4
34181cea:	9301      	str	r3, [sp, #4]
34181cec:	9b03      	ldr	r3, [sp, #12]
34181cee:	ea88 0802 	eor.w	r8, r8, r2
34181cf2:	ea88 0303 	eor.w	r3, r8, r3
34181cf6:	ea5a 2b1f 	lsrl	sl, fp, #8
34181cfa:	9303      	str	r3, [sp, #12]
34181cfc:	f00f c10d 	le	lr, 34181ae8 <samsungsds_aimer_128f_ref_gf_mat_vec_mul+0x3c>
34181d00:	e9dd 431a 	ldrd	r4, r3, [sp, #104]	@ 0x68
34181d04:	9a1c      	ldr	r2, [sp, #112]	@ 0x70
34181d06:	f504 6480 	add.w	r4, r4, #1024	@ 0x400
34181d0a:	429a      	cmp	r2, r3
34181d0c:	f47f aee0 	bne.w	34181ad0 <samsungsds_aimer_128f_ref_gf_mat_vec_mul+0x24>
34181d10:	e9dd e002 	ldrd	lr, r0, [sp, #8]
34181d14:	9e1d      	ldr	r6, [sp, #116]	@ 0x74
34181d16:	9b00      	ldr	r3, [sp, #0]
34181d18:	60f0      	str	r0, [r6, #12]
34181d1a:	6033      	str	r3, [r6, #0]
34181d1c:	9b01      	ldr	r3, [sp, #4]
34181d1e:	e9c6 3e01 	strd	r3, lr, [r6, #4]
34181d22:	b01f      	add	sp, #124	@ 0x7c
34181d24:	e8bd 8ff0 	ldmia.w	sp!, {r4, r5, r6, r7, r8, r9, sl, fp, pc}

34181d28 <__wrap__write>:
34181d28:	e92d 41f0 	stmdb	sp!, {r4, r5, r6, r7, r8, lr}
34181d2c:	3801      	subs	r0, #1
34181d2e:	2801      	cmp	r0, #1
34181d30:	b0a0      	sub	sp, #128	@ 0x80
34181d32:	d81c      	bhi.n	34181d6e <__wrap__write+0x46>
34181d34:	2a00      	cmp	r2, #0
34181d36:	4690      	mov	r8, r2
34181d38:	dd15      	ble.n	34181d66 <__wrap__write+0x3e>
34181d3a:	460e      	mov	r6, r1
34181d3c:	4615      	mov	r5, r2
34181d3e:	2700      	movs	r7, #0
34181d40:	2d7f      	cmp	r5, #127	@ 0x7f
34181d42:	462c      	mov	r4, r5
34181d44:	bfa8      	it	ge
34181d46:	247f      	movge	r4, #127	@ 0x7f
34181d48:	4631      	mov	r1, r6
34181d4a:	4668      	mov	r0, sp
34181d4c:	4622      	mov	r2, r4
34181d4e:	f002 fb6b 	bl	34184428 <memcpy>
34181d52:	eb0d 0304 	add.w	r3, sp, r4
34181d56:	2004      	movs	r0, #4
34181d58:	4669      	mov	r1, sp
34181d5a:	701f      	strb	r7, [r3, #0]
34181d5c:	beab      	bkpt	0x00ab
34181d5e:	1b2d      	subs	r5, r5, r4
34181d60:	2d00      	cmp	r5, #0
34181d62:	4426      	add	r6, r4
34181d64:	dcec      	bgt.n	34181d40 <__wrap__write+0x18>
34181d66:	4640      	mov	r0, r8
34181d68:	b020      	add	sp, #128	@ 0x80
34181d6a:	e8bd 81f0 	ldmia.w	sp!, {r4, r5, r6, r7, r8, pc}
34181d6e:	f002 fb13 	bl	34184398 <__errno>
34181d72:	2209      	movs	r2, #9
34181d74:	4603      	mov	r3, r0
34181d76:	f04f 30ff 	mov.w	r0, #4294967295	@ 0xffffffff
34181d7a:	601a      	str	r2, [r3, #0]
34181d7c:	e7f4      	b.n	34181d68 <__wrap__write+0x40>
34181d7e:	bf00      	nop

34181d80 <__wrap__read>:
34181d80:	b508      	push	{r3, lr}
34181d82:	f002 fb09 	bl	34184398 <__errno>
34181d86:	2258      	movs	r2, #88	@ 0x58
34181d88:	4603      	mov	r3, r0
34181d8a:	f04f 30ff 	mov.w	r0, #4294967295	@ 0xffffffff
34181d8e:	601a      	str	r2, [r3, #0]
34181d90:	bd08      	pop	{r3, pc}
34181d92:	bf00      	nop

34181d94 <_sbrk>:
34181d94:	4916      	ldr	r1, [pc, #88]	@ (34181df0 <_sbrk+0x5c>)
34181d96:	b508      	push	{r3, lr}
34181d98:	680a      	ldr	r2, [r1, #0]
34181d9a:	b1fa      	cbz	r2, 34181ddc <_sbrk+0x48>
34181d9c:	2800      	cmp	r0, #0
34181d9e:	dd10      	ble.n	34181dc2 <_sbrk+0x2e>
34181da0:	f8df c054 	ldr.w	ip, [pc, #84]	@ 34181df8 <_sbrk+0x64>
34181da4:	1813      	adds	r3, r2, r0
34181da6:	4563      	cmp	r3, ip
34181da8:	d81a      	bhi.n	34181de0 <_sbrk+0x4c>
34181daa:	4618      	mov	r0, r3
34181dac:	f8df c04c 	ldr.w	ip, [pc, #76]	@ 34181dfc <_sbrk+0x68>
34181db0:	600b      	str	r3, [r1, #0]
34181db2:	f8dc 3000 	ldr.w	r3, [ip]
34181db6:	4283      	cmp	r3, r0
34181db8:	d201      	bcs.n	34181dbe <_sbrk+0x2a>
34181dba:	f8cc 0000 	str.w	r0, [ip]
34181dbe:	4610      	mov	r0, r2
34181dc0:	bd08      	pop	{r3, pc}
34181dc2:	eb02 0300 	add.w	r3, r2, r0
34181dc6:	d0f0      	beq.n	34181daa <_sbrk+0x16>
34181dc8:	f8df c028 	ldr.w	ip, [pc, #40]	@ 34181df4 <_sbrk+0x60>
34181dcc:	4618      	mov	r0, r3
34181dce:	4563      	cmp	r3, ip
34181dd0:	d2ec      	bcs.n	34181dac <_sbrk+0x18>
34181dd2:	f002 fae1 	bl	34184398 <__errno>
34181dd6:	2316      	movs	r3, #22
34181dd8:	6003      	str	r3, [r0, #0]
34181dda:	e005      	b.n	34181de8 <_sbrk+0x54>
34181ddc:	4a05      	ldr	r2, [pc, #20]	@ (34181df4 <_sbrk+0x60>)
34181dde:	e7dd      	b.n	34181d9c <_sbrk+0x8>
34181de0:	f002 fada 	bl	34184398 <__errno>
34181de4:	230c      	movs	r3, #12
34181de6:	6003      	str	r3, [r0, #0]
34181de8:	f04f 32ff 	mov.w	r2, #4294967295	@ 0xffffffff
34181dec:	4610      	mov	r0, r2
34181dee:	bd08      	pop	{r3, pc}
34181df0:	341c08c0 	.word	0x341c08c0
34181df4:	34200000 	.word	0x34200000
34181df8:	343c0000 	.word	0x343c0000
34181dfc:	341c08bc 	.word	0x341c08bc

34181e00 <SysTick_Handler>:
34181e00:	b500      	push	{lr}
34181e02:	f04f 2ee0 	mov.w	lr, #3758153728	@ 0xe000e000
34181e06:	f8df c018 	ldr.w	ip, [pc, #24]	@ 34181e20 <SysTick_Handler+0x20>
34181e0a:	e9dc 2300 	ldrd	r2, r3, [ip]
34181e0e:	1c50      	adds	r0, r2, #1
34181e10:	f143 0100 	adc.w	r1, r3, #0
34181e14:	e9cc 0100 	strd	r0, r1, [ip]
34181e18:	f8de 3010 	ldr.w	r3, [lr, #16]
34181e1c:	bd00      	pop	{pc}
34181e1e:	bf00      	nop
34181e20:	341c08c8 	.word	0x341c08c8

34181e24 <Error_Handler>:
34181e24:	2329      	movs	r3, #41	@ 0x29
34181e26:	b500      	push	{lr}
34181e28:	f043 e001 	dls	lr, r3
34181e2c:	4a04      	ldr	r2, [pc, #16]	@ (34181e40 <Error_Handler+0x1c>)
34181e2e:	2003      	movs	r0, #3
34181e30:	1ad1      	subs	r1, r2, r3
34181e32:	beab      	bkpt	0x00ab
34181e34:	3b01      	subs	r3, #1
34181e36:	f00f c007 	le	lr, 34181e2e <Error_Handler+0xa>
34181e3a:	b672      	cpsid	i
34181e3c:	bf30      	wfi
34181e3e:	e7fd      	b.n	34181e3c <Error_Handler+0x18>
34181e40:	3418aeb1 	.word	0x3418aeb1

34181e44 <__wrap_main>:
34181e44:	b570      	push	{r4, r5, r6, lr}
34181e46:	4aa7      	ldr	r2, [pc, #668]	@ (341820e4 <__wrap_main+0x2a0>)
34181e48:	b0bc      	sub	sp, #240	@ 0xf0
34181e4a:	6953      	ldr	r3, [r2, #20]
34181e4c:	f413 3300 	ands.w	r3, r3, #131072	@ 0x20000
34181e50:	d111      	bne.n	34181e76 <__wrap_main+0x32>
34181e52:	f3bf 8f4f 	dsb	sy
34181e56:	f3bf 8f6f 	isb	sy
34181e5a:	f8c2 3250 	str.w	r3, [r2, #592]	@ 0x250
34181e5e:	f3bf 8f4f 	dsb	sy
34181e62:	f3bf 8f6f 	isb	sy
34181e66:	6953      	ldr	r3, [r2, #20]
34181e68:	f443 3300 	orr.w	r3, r3, #131072	@ 0x20000
34181e6c:	6153      	str	r3, [r2, #20]
34181e6e:	f3bf 8f4f 	dsb	sy
34181e72:	f3bf 8f6f 	isb	sy
34181e76:	489b      	ldr	r0, [pc, #620]	@ (341820e4 <__wrap_main+0x2a0>)
34181e78:	6943      	ldr	r3, [r0, #20]
34181e7a:	f413 3380 	ands.w	r3, r3, #65536	@ 0x10000
34181e7e:	d12a      	bne.n	34181ed6 <__wrap_main+0x92>
34181e80:	f8c0 3084 	str.w	r3, [r0, #132]	@ 0x84
34181e84:	f3bf 8f4f 	dsb	sy
34181e88:	f643 75e0 	movw	r5, #16352	@ 0x3fe0
34181e8c:	f8d0 4080 	ldr.w	r4, [r0, #128]	@ 0x80
34181e90:	f3c4 3c4e 	ubfx	ip, r4, #13, #15
34181e94:	ea4f 1c4c 	mov.w	ip, ip, lsl #5
34181e98:	f3c4 04c9 	ubfx	r4, r4, #3, #10
34181e9c:	f104 0e01 	add.w	lr, r4, #1
34181ea0:	4623      	mov	r3, r4
34181ea2:	f04e e001 	dls	lr, lr
34181ea6:	ea0c 0105 	and.w	r1, ip, r5
34181eaa:	ea41 7283 	orr.w	r2, r1, r3, lsl #30
34181eae:	f8c0 2260 	str.w	r2, [r0, #608]	@ 0x260
34181eb2:	3b01      	subs	r3, #1
34181eb4:	f00f c807 	le	lr, 34181eaa <__wrap_main+0x66>
34181eb8:	f1ac 0c20 	sub.w	ip, ip, #32
34181ebc:	f11c 0f20 	cmn.w	ip, #32
34181ec0:	d1ec      	bne.n	34181e9c <__wrap_main+0x58>
34181ec2:	f3bf 8f4f 	dsb	sy
34181ec6:	6943      	ldr	r3, [r0, #20]
34181ec8:	f443 3380 	orr.w	r3, r3, #65536	@ 0x10000
34181ecc:	6143      	str	r3, [r0, #20]
34181ece:	f3bf 8f4f 	dsb	sy
34181ed2:	f3bf 8f6f 	isb	sy
34181ed6:	f000 fbdd 	bl	34182694 <HAL_Init>
34181eda:	4604      	mov	r4, r0
34181edc:	b108      	cbz	r0, 34181ee2 <__wrap_main+0x9e>
34181ede:	f7ff ffa1 	bl	34181e24 <Error_Handler>
34181ee2:	4601      	mov	r1, r0
34181ee4:	2298      	movs	r2, #152	@ 0x98
34181ee6:	a816      	add	r0, sp, #88	@ 0x58
34181ee8:	f002 fa12 	bl	34184310 <memset>
34181eec:	2240      	movs	r2, #64	@ 0x40
34181eee:	4621      	mov	r1, r4
34181ef0:	a806      	add	r0, sp, #24
34181ef2:	f002 fa0d 	bl	34184310 <memset>
34181ef6:	4620      	mov	r0, r4
34181ef8:	f000 fc42 	bl	34182780 <HAL_PWREx_ConfigSupply>
34181efc:	2800      	cmp	r0, #0
34181efe:	d1ee      	bne.n	34181ede <__wrap_main+0x9a>
34181f00:	f000 fc58 	bl	341827b4 <HAL_PWREx_ControlVoltageScaling>
34181f04:	4603      	mov	r3, r0
34181f06:	2800      	cmp	r0, #0
34181f08:	d1e9      	bne.n	34181ede <__wrap_main+0x9a>
34181f0a:	2102      	movs	r1, #2
34181f0c:	2208      	movs	r2, #8
34181f0e:	a816      	add	r0, sp, #88	@ 0x58
34181f10:	e9cd 331a 	strd	r3, r3, [sp, #104]	@ 0x68
34181f14:	9320      	str	r3, [sp, #128]	@ 0x80
34181f16:	9327      	str	r3, [sp, #156]	@ 0x9c
34181f18:	932e      	str	r3, [sp, #184]	@ 0xb8
34181f1a:	9335      	str	r3, [sp, #212]	@ 0xd4
34181f1c:	9116      	str	r1, [sp, #88]	@ 0x58
34181f1e:	9219      	str	r2, [sp, #100]	@ 0x64
34181f20:	f000 fd98 	bl	34182a54 <HAL_RCC_OscConfig>
34181f24:	2800      	cmp	r0, #0
34181f26:	d1da      	bne.n	34181ede <__wrap_main+0x9a>
34181f28:	a806      	add	r0, sp, #24
34181f2a:	f001 fc2b 	bl	34183784 <HAL_RCC_GetClockConfig>
34181f2e:	9b07      	ldr	r3, [sp, #28]
34181f30:	f5b3 3f40 	cmp.w	r3, #196608	@ 0x30000
34181f34:	f000 80c8 	beq.w	341820c8 <__wrap_main+0x284>
34181f38:	9b08      	ldr	r3, [sp, #32]
34181f3a:	f1b3 7f40 	cmp.w	r3, #50331648	@ 0x3000000
34181f3e:	f000 80c3 	beq.w	341820c8 <__wrap_main+0x284>
34181f42:	2100      	movs	r1, #0
34181f44:	2298      	movs	r2, #152	@ 0x98
34181f46:	a816      	add	r0, sp, #88	@ 0x58
34181f48:	f002 f9e2 	bl	34184310 <memset>
34181f4c:	2601      	movs	r6, #1
34181f4e:	234b      	movs	r3, #75	@ 0x4b
34181f50:	2402      	movs	r4, #2
34181f52:	2504      	movs	r5, #4
34181f54:	a816      	add	r0, sp, #88	@ 0x58
34181f56:	9625      	str	r6, [sp, #148]	@ 0x94
34181f58:	9420      	str	r4, [sp, #128]	@ 0x80
34181f5a:	9522      	str	r5, [sp, #136]	@ 0x88
34181f5c:	9324      	str	r3, [sp, #144]	@ 0x90
34181f5e:	9626      	str	r6, [sp, #152]	@ 0x98
34181f60:	f000 fd78 	bl	34182a54 <HAL_RCC_OscConfig>
34181f64:	4601      	mov	r1, r0
34181f66:	2800      	cmp	r0, #0
34181f68:	d1b9      	bne.n	34181ede <__wrap_main+0x9a>
34181f6a:	222c      	movs	r2, #44	@ 0x2c
34181f6c:	a80a      	add	r0, sp, #40	@ 0x28
34181f6e:	f002 f9cf 	bl	34184310 <memset>
34181f72:	2303      	movs	r3, #3
34181f74:	227f      	movs	r2, #127	@ 0x7f
34181f76:	f44f 3140 	mov.w	r1, #196608	@ 0x30000
34181f7a:	9206      	str	r2, [sp, #24]
34181f7c:	9311      	str	r3, [sp, #68]	@ 0x44
34181f7e:	f04f 7240 	mov.w	r2, #50331648	@ 0x3000000
34181f82:	9315      	str	r3, [sp, #84]	@ 0x54
34181f84:	f44f 1380 	mov.w	r3, #1048576	@ 0x100000
34181f88:	a806      	add	r0, sp, #24
34181f8a:	e9cd 2308 	strd	r2, r3, [sp, #32]
34181f8e:	9107      	str	r1, [sp, #28]
34181f90:	940f      	str	r4, [sp, #60]	@ 0x3c
34181f92:	9513      	str	r5, [sp, #76]	@ 0x4c
34181f94:	f001 fa7a 	bl	3418348c <HAL_RCC_ClockConfig>
34181f98:	2800      	cmp	r0, #0
34181f9a:	d1a0      	bne.n	34181ede <__wrap_main+0x9a>
34181f9c:	2180      	movs	r1, #128	@ 0x80
34181f9e:	f44f 7280 	mov.w	r2, #256	@ 0x100
34181fa2:	f04f 0c08 	mov.w	ip, #8
34181fa6:	4b50      	ldr	r3, [pc, #320]	@ (341820e8 <__wrap_main+0x2a4>)
34181fa8:	f8c3 1a4c 	str.w	r1, [r3, #2636]	@ 0xa4c
34181fac:	f44f 5180 	mov.w	r1, #4096	@ 0x1000
34181fb0:	f8d3 e24c 	ldr.w	lr, [r3, #588]	@ 0x24c
34181fb4:	f8cd e058 	str.w	lr, [sp, #88]	@ 0x58
34181fb8:	f8dd e058 	ldr.w	lr, [sp, #88]	@ 0x58
34181fbc:	f8c3 2a4c 	str.w	r2, [r3, #2636]	@ 0xa4c
34181fc0:	f8d3 224c 	ldr.w	r2, [r3, #588]	@ 0x24c
34181fc4:	9206      	str	r2, [sp, #24]
34181fc6:	9a06      	ldr	r2, [sp, #24]
34181fc8:	f8c3 6a4c 	str.w	r6, [r3, #2636]	@ 0xa4c
34181fcc:	f8d3 224c 	ldr.w	r2, [r3, #588]	@ 0x24c
34181fd0:	9205      	str	r2, [sp, #20]
34181fd2:	9a05      	ldr	r2, [sp, #20]
34181fd4:	f8c3 4a4c 	str.w	r4, [r3, #2636]	@ 0xa4c
34181fd8:	f8d3 224c 	ldr.w	r2, [r3, #588]	@ 0x24c
34181fdc:	9204      	str	r2, [sp, #16]
34181fde:	9a04      	ldr	r2, [sp, #16]
34181fe0:	f8c3 5a4c 	str.w	r5, [r3, #2636]	@ 0xa4c
34181fe4:	f8d3 224c 	ldr.w	r2, [r3, #588]	@ 0x24c
34181fe8:	9203      	str	r2, [sp, #12]
34181fea:	9a03      	ldr	r2, [sp, #12]
34181fec:	f8c3 ca4c 	str.w	ip, [r3, #2636]	@ 0xa4c
34181ff0:	f8d3 524c 	ldr.w	r5, [r3, #588]	@ 0x24c
34181ff4:	4a3d      	ldr	r2, [pc, #244]	@ (341820ec <__wrap_main+0x2a8>)
34181ff6:	9502      	str	r5, [sp, #8]
34181ff8:	9d02      	ldr	r5, [sp, #8]
34181ffa:	f8c3 1a54 	str.w	r1, [r3, #2644]	@ 0xa54
34181ffe:	f8d3 1254 	ldr.w	r1, [r3, #596]	@ 0x254
34182002:	f103 437c 	add.w	r3, r3, #4227858432	@ 0xfc000000
34182006:	9101      	str	r1, [sp, #4]
34182008:	9901      	ldr	r1, [sp, #4]
3418200a:	6811      	ldr	r1, [r2, #0]
3418200c:	f5a3 439c 	sub.w	r3, r3, #19968	@ 0x4e00
34182010:	f421 1180 	bic.w	r1, r1, #1048576	@ 0x100000
34182014:	6011      	str	r1, [r2, #0]
34182016:	f8d2 1080 	ldr.w	r1, [r2, #128]	@ 0x80
3418201a:	f421 1180 	bic.w	r1, r1, #1048576	@ 0x100000
3418201e:	f8c2 1080 	str.w	r1, [r2, #128]	@ 0x80
34182022:	681a      	ldr	r2, [r3, #0]
34182024:	f422 1280 	bic.w	r2, r2, #1048576	@ 0x100000
34182028:	601a      	str	r2, [r3, #0]
3418202a:	f8d3 2080 	ldr.w	r2, [r3, #128]	@ 0x80
3418202e:	f422 1280 	bic.w	r2, r2, #1048576	@ 0x100000
34182032:	f8c3 2080 	str.w	r2, [r3, #128]	@ 0x80
34182036:	f3bf 8f4f 	dsb	sy
3418203a:	f3bf 8f6f 	isb	sy
3418203e:	f04f 23e0 	mov.w	r3, #3758153728	@ 0xe000e000
34182042:	6118      	str	r0, [r3, #16]
34182044:	b672      	cpsid	i
34182046:	f04f 4500 	mov.w	r5, #2147483648	@ 0x80000000
3418204a:	4926      	ldr	r1, [pc, #152]	@ (341820e4 <__wrap_main+0x2a0>)
3418204c:	f5a3 4330 	sub.w	r3, r3, #45056	@ 0xb000
34182050:	f8d1 20fc 	ldr.w	r2, [r1, #252]	@ 0xfc
34182054:	4826      	ldr	r0, [pc, #152]	@ (341820f0 <__wrap_main+0x2ac>)
34182056:	f042 7280 	orr.w	r2, r2, #16777216	@ 0x1000000
3418205a:	f8c1 20fc 	str.w	r2, [r1, #252]	@ 0xfc
3418205e:	f8d3 2e04 	ldr.w	r2, [r3, #3588]	@ 0xe04
34182062:	f022 0201 	bic.w	r2, r2, #1
34182066:	f8c3 2e04 	str.w	r2, [r3, #3588]	@ 0xe04
3418206a:	f8d3 2e04 	ldr.w	r2, [r3, #3588]	@ 0xe04
3418206e:	f042 0204 	orr.w	r2, r2, #4
34182072:	f8c3 2e04 	str.w	r2, [r3, #3588]	@ 0xe04
34182076:	f8d3 2e04 	ldr.w	r2, [r3, #3588]	@ 0xe04
3418207a:	4332      	orrs	r2, r6
3418207c:	f8c3 2e04 	str.w	r2, [r3, #3588]	@ 0xe04
34182080:	f8c3 5c00 	str.w	r5, [r3, #3072]	@ 0xc00
34182084:	f001 ff54 	bl	34183f30 <puts>
34182088:	4b1a      	ldr	r3, [pc, #104]	@ (341820f4 <__wrap_main+0x2b0>)
3418208a:	4a1b      	ldr	r2, [pc, #108]	@ (341820f8 <__wrap_main+0x2b4>)
3418208c:	6c5b      	ldr	r3, [r3, #68]	@ 0x44
3418208e:	6811      	ldr	r1, [r2, #0]
34182090:	f403 6370 	and.w	r3, r3, #3840	@ 0xf00
34182094:	f5b3 7f00 	cmp.w	r3, #512	@ 0x200
34182098:	d022      	beq.n	341820e0 <__wrap_main+0x29c>
3418209a:	f5a3 7380 	sub.w	r3, r3, #256	@ 0x100
3418209e:	425a      	negs	r2, r3
341820a0:	415a      	adcs	r2, r3
341820a2:	4816      	ldr	r0, [pc, #88]	@ (341820fc <__wrap_main+0x2b8>)
341820a4:	f001 fed0 	bl	34183e48 <printf>
341820a8:	f7fe fd7a 	bl	34180ba0 <main>
341820ac:	4601      	mov	r1, r0
341820ae:	4814      	ldr	r0, [pc, #80]	@ (34182100 <__wrap_main+0x2bc>)
341820b0:	f001 feca 	bl	34183e48 <printf>
341820b4:	4b13      	ldr	r3, [pc, #76]	@ (34182104 <__wrap_main+0x2c0>)
341820b6:	681b      	ldr	r3, [r3, #0]
341820b8:	6898      	ldr	r0, [r3, #8]
341820ba:	f002 f813 	bl	341840e4 <fflush>
341820be:	2018      	movs	r0, #24
341820c0:	4911      	ldr	r1, [pc, #68]	@ (34182108 <__wrap_main+0x2c4>)
341820c2:	beab      	bkpt	0x00ab
341820c4:	bf30      	wfi
341820c6:	e7fd      	b.n	341820c4 <__wrap_main+0x280>
341820c8:	2300      	movs	r3, #0
341820ca:	2203      	movs	r2, #3
341820cc:	a806      	add	r0, sp, #24
341820ce:	e9cd 2306 	strd	r2, r3, [sp, #24]
341820d2:	9308      	str	r3, [sp, #32]
341820d4:	f001 f9da 	bl	3418348c <HAL_RCC_ClockConfig>
341820d8:	2800      	cmp	r0, #0
341820da:	f43f af32 	beq.w	34181f42 <__wrap_main+0xfe>
341820de:	e6fe      	b.n	34181ede <__wrap_main+0x9a>
341820e0:	4622      	mov	r2, r4
341820e2:	e7de      	b.n	341820a2 <__wrap_main+0x25e>
341820e4:	e000ed00 	.word	0xe000ed00
341820e8:	56028000 	.word	0x56028000
341820ec:	52023100 	.word	0x52023100
341820f0:	3418abd8 	.word	0x3418abd8
341820f4:	e000ef00 	.word	0xe000ef00
341820f8:	341c0008 	.word	0x341c0008
341820fc:	3418abf4 	.word	0x3418abf4
34182100:	3418ac20 	.word	0x3418ac20
34182104:	341c0020 	.word	0x341c0020
34182108:	00020026 	.word	0x00020026

3418210c <SystemInit>:
3418210c:	e92d 41f0 	stmdb	sp!, {r4, r5, r6, r7, r8, lr}
34182110:	2200      	movs	r2, #0
34182112:	2001      	movs	r0, #1
34182114:	2502      	movs	r5, #2
34182116:	4953      	ldr	r1, [pc, #332]	@ (34182264 <SystemInit+0x158>)
34182118:	4b53      	ldr	r3, [pc, #332]	@ (34182268 <SystemInit+0x15c>)
3418211a:	4c54      	ldr	r4, [pc, #336]	@ (3418226c <SystemInit+0x160>)
3418211c:	f501 5c80 	add.w	ip, r1, #4096	@ 0x1000
34182120:	609c      	str	r4, [r3, #8]
34182122:	f04f 0e04 	mov.w	lr, #4
34182126:	f8c1 0a18 	str.w	r0, [r1, #2584]	@ 0xa18
3418212a:	2705      	movs	r7, #5
3418212c:	f8cc 0218 	str.w	r0, [ip, #536]	@ 0x218
34182130:	2606      	movs	r6, #6
34182132:	f8cc 0258 	str.w	r0, [ip, #600]	@ 0x258
34182136:	f04f 0807 	mov.w	r8, #7
3418213a:	f8c3 20d8 	str.w	r2, [r3, #216]	@ 0xd8
3418213e:	f8c3 20dc 	str.w	r2, [r3, #220]	@ 0xdc
34182142:	f8c3 20e0 	str.w	r2, [r3, #224]	@ 0xe0
34182146:	f8c3 00d8 	str.w	r0, [r3, #216]	@ 0xd8
3418214a:	f8c3 20dc 	str.w	r2, [r3, #220]	@ 0xdc
3418214e:	f8c3 20e0 	str.w	r2, [r3, #224]	@ 0xe0
34182152:	f8c3 50d8 	str.w	r5, [r3, #216]	@ 0xd8
34182156:	2503      	movs	r5, #3
34182158:	f240 2487 	movw	r4, #647	@ 0x287
3418215c:	f8c3 20dc 	str.w	r2, [r3, #220]	@ 0xdc
34182160:	f8c3 20e0 	str.w	r2, [r3, #224]	@ 0xe0
34182164:	f8c3 50d8 	str.w	r5, [r3, #216]	@ 0xd8
34182168:	f8c3 20dc 	str.w	r2, [r3, #220]	@ 0xdc
3418216c:	f8c3 20e0 	str.w	r2, [r3, #224]	@ 0xe0
34182170:	f8c3 e0d8 	str.w	lr, [r3, #216]	@ 0xd8
34182174:	f8c3 20dc 	str.w	r2, [r3, #220]	@ 0xdc
34182178:	f8c3 20e0 	str.w	r2, [r3, #224]	@ 0xe0
3418217c:	f8c3 70d8 	str.w	r7, [r3, #216]	@ 0xd8
34182180:	f8c3 20dc 	str.w	r2, [r3, #220]	@ 0xdc
34182184:	f8c3 20e0 	str.w	r2, [r3, #224]	@ 0xe0
34182188:	f8c3 60d8 	str.w	r6, [r3, #216]	@ 0xd8
3418218c:	f8c3 20dc 	str.w	r2, [r3, #220]	@ 0xdc
34182190:	f8c3 20e0 	str.w	r2, [r3, #224]	@ 0xe0
34182194:	f8c3 80d8 	str.w	r8, [r3, #216]	@ 0xd8
34182198:	f8c3 20dc 	str.w	r2, [r3, #220]	@ 0xdc
3418219c:	f8c3 20e0 	str.w	r2, [r3, #224]	@ 0xe0
341821a0:	f8c1 0a78 	str.w	r0, [r1, #2680]	@ 0xa78
341821a4:	f8df e0cc 	ldr.w	lr, [pc, #204]	@ 34182274 <SystemInit+0x168>
341821a8:	f8d1 2278 	ldr.w	r2, [r1, #632]	@ 0x278
341821ac:	689a      	ldr	r2, [r3, #8]
341821ae:	f44f 5540 	mov.w	r5, #12288	@ 0x3000
341821b2:	f8ce 2010 	str.w	r2, [lr, #16]
341821b6:	4a2e      	ldr	r2, [pc, #184]	@ (34182270 <SystemInit+0x164>)
341821b8:	2640      	movs	r6, #64	@ 0x40
341821ba:	6b57      	ldr	r7, [r2, #52]	@ 0x34
341821bc:	f447 7780 	orr.w	r7, r7, #256	@ 0x100
341821c0:	6357      	str	r7, [r2, #52]	@ 0x34
341821c2:	6b97      	ldr	r7, [r2, #56]	@ 0x38
341821c4:	f447 7780 	orr.w	r7, r7, #256	@ 0x100
341821c8:	6397      	str	r7, [r2, #56]	@ 0x38
341821ca:	6bd7      	ldr	r7, [r2, #60]	@ 0x3c
341821cc:	f447 7740 	orr.w	r7, r7, #768	@ 0x300
341821d0:	63d7      	str	r7, [r2, #60]	@ 0x3c
341821d2:	f8ce 4054 	str.w	r4, [lr, #84]	@ 0x54
341821d6:	f8ce 405c 	str.w	r4, [lr, #92]	@ 0x5c
341821da:	f8ce 4044 	str.w	r4, [lr, #68]	@ 0x44
341821de:	f8ce 404c 	str.w	r4, [lr, #76]	@ 0x4c
341821e2:	f8ce 4064 	str.w	r4, [lr, #100]	@ 0x64
341821e6:	6bd4      	ldr	r4, [r2, #60]	@ 0x3c
341821e8:	f444 5480 	orr.w	r4, r4, #4096	@ 0x1000
341821ec:	63d4      	str	r4, [r2, #60]	@ 0x3c
341821ee:	6bd4      	ldr	r4, [r2, #60]	@ 0x3c
341821f0:	f044 0410 	orr.w	r4, r4, #16
341821f4:	63d4      	str	r4, [r2, #60]	@ 0x3c
341821f6:	6bd2      	ldr	r2, [r2, #60]	@ 0x3c
341821f8:	f8d1 2274 	ldr.w	r2, [r1, #628]	@ 0x274
341821fc:	f442 4200 	orr.w	r2, r2, #32768	@ 0x8000
34182200:	f8c1 2274 	str.w	r2, [r1, #628]	@ 0x274
34182204:	f8d1 2278 	ldr.w	r2, [r1, #632]	@ 0x278
34182208:	f042 0210 	orr.w	r2, r2, #16
3418220c:	f8c1 2278 	str.w	r2, [r1, #632]	@ 0x278
34182210:	f8d1 2278 	ldr.w	r2, [r1, #632]	@ 0x278
34182214:	f8d1 2278 	ldr.w	r2, [r1, #632]	@ 0x278
34182218:	f022 0210 	bic.w	r2, r2, #16
3418221c:	f8c1 2278 	str.w	r2, [r1, #632]	@ 0x278
34182220:	f8c1 5a20 	str.w	r5, [r1, #2592]	@ 0xa20
34182224:	f8cc 5220 	str.w	r5, [ip, #544]	@ 0x220
34182228:	f8c1 0a24 	str.w	r0, [r1, #2596]	@ 0xa24
3418222c:	f8cc 0224 	str.w	r0, [ip, #548]	@ 0x224
34182230:	f8cc 0264 	str.w	r0, [ip, #612]	@ 0x264
34182234:	f8cc 625c 	str.w	r6, [ip, #604]	@ 0x25c
34182238:	f8de 2010 	ldr.w	r2, [lr, #16]
3418223c:	f8cc 0278 	str.w	r0, [ip, #632]	@ 0x278
34182240:	f8d3 2088 	ldr.w	r2, [r3, #136]	@ 0x88
34182244:	f101 410a 	add.w	r1, r1, #2315255808	@ 0x8a000000
34182248:	f442 0270 	orr.w	r2, r2, #15728640	@ 0xf00000
3418224c:	f501 41da 	add.w	r1, r1, #27904	@ 0x6d00
34182250:	f8c3 2088 	str.w	r2, [r3, #136]	@ 0x88
34182254:	f8d1 3088 	ldr.w	r3, [r1, #136]	@ 0x88
34182258:	f443 0370 	orr.w	r3, r3, #15728640	@ 0xf00000
3418225c:	f8c1 3088 	str.w	r3, [r1, #136]	@ 0x88
34182260:	e8bd 81f0 	ldmia.w	sp!, {r4, r5, r6, r7, r8, pc}
34182264:	56028000 	.word	0x56028000
34182268:	e000ed00 	.word	0xe000ed00
3418226c:	34180400 	.word	0x34180400
34182270:	56024800 	.word	0x56024800
34182274:	56008000 	.word	0x56008000

34182278 <SystemCoreClockUpdate>:
34182278:	4a70      	ldr	r2, [pc, #448]	@ (3418243c <SystemCoreClockUpdate+0x1c4>)
3418227a:	6a13      	ldr	r3, [r2, #32]
3418227c:	f403 1340 	and.w	r3, r3, #3145728	@ 0x300000
34182280:	f5b3 1f00 	cmp.w	r3, #2097152	@ 0x200000
34182284:	d03a      	beq.n	341822fc <SystemCoreClockUpdate+0x84>
34182286:	d808      	bhi.n	3418229a <SystemCoreClockUpdate+0x22>
34182288:	2b00      	cmp	r3, #0
3418228a:	d03b      	beq.n	34182304 <SystemCoreClockUpdate+0x8c>
3418228c:	6c53      	ldr	r3, [r2, #68]	@ 0x44
3418228e:	0598      	lsls	r0, r3, #22
34182290:	d444      	bmi.n	3418231c <SystemCoreClockUpdate+0xa4>
34182292:	4b6b      	ldr	r3, [pc, #428]	@ (34182440 <SystemCoreClockUpdate+0x1c8>)
34182294:	4a6b      	ldr	r2, [pc, #428]	@ (34182444 <SystemCoreClockUpdate+0x1cc>)
34182296:	6013      	str	r3, [r2, #0]
34182298:	4770      	bx	lr
3418229a:	f5b3 1f40 	cmp.w	r3, #3145728	@ 0x300000
3418229e:	d139      	bne.n	34182314 <SystemCoreClockUpdate+0x9c>
341822a0:	f8d2 30c4 	ldr.w	r3, [r2, #196]	@ 0xc4
341822a4:	f003 5340 	and.w	r3, r3, #805306368	@ 0x30000000
341822a8:	f1b3 5f80 	cmp.w	r3, #268435456	@ 0x10000000
341822ac:	d03a      	beq.n	34182324 <SystemCoreClockUpdate+0xac>
341822ae:	f1b3 5f00 	cmp.w	r3, #536870912	@ 0x20000000
341822b2:	f000 8087 	beq.w	341823c4 <SystemCoreClockUpdate+0x14c>
341822b6:	2b00      	cmp	r3, #0
341822b8:	d179      	bne.n	341823ae <SystemCoreClockUpdate+0x136>
341822ba:	f8d2 3080 	ldr.w	r3, [r2, #128]	@ 0x80
341822be:	0119      	lsls	r1, r3, #4
341822c0:	f003 40e0 	and.w	r0, r3, #1879048192	@ 0x70000000
341822c4:	f140 808a 	bpl.w	341823dc <SystemCoreClockUpdate+0x164>
341822c8:	f1b0 5f00 	cmp.w	r0, #536870912	@ 0x20000000
341822cc:	f000 809d 	beq.w	3418240a <SystemCoreClockUpdate+0x192>
341822d0:	f200 8090 	bhi.w	341823f4 <SystemCoreClockUpdate+0x17c>
341822d4:	2800      	cmp	r0, #0
341822d6:	f000 8086 	beq.w	341823e6 <SystemCoreClockUpdate+0x16e>
341822da:	4b58      	ldr	r3, [pc, #352]	@ (3418243c <SystemCoreClockUpdate+0x1c4>)
341822dc:	6c5b      	ldr	r3, [r3, #68]	@ 0x44
341822de:	059b      	lsls	r3, r3, #22
341822e0:	f100 80a1 	bmi.w	34182426 <SystemCoreClockUpdate+0x1ae>
341822e4:	4b56      	ldr	r3, [pc, #344]	@ (34182440 <SystemCoreClockUpdate+0x1c8>)
341822e6:	4a55      	ldr	r2, [pc, #340]	@ (3418243c <SystemCoreClockUpdate+0x1c4>)
341822e8:	f8d2 20c4 	ldr.w	r2, [r2, #196]	@ 0xc4
341822ec:	f3c2 4207 	ubfx	r2, r2, #16, #8
341822f0:	3201      	adds	r2, #1
341822f2:	fbb3 f3f2 	udiv	r3, r3, r2
341822f6:	4a53      	ldr	r2, [pc, #332]	@ (34182444 <SystemCoreClockUpdate+0x1cc>)
341822f8:	6013      	str	r3, [r2, #0]
341822fa:	4770      	bx	lr
341822fc:	4b52      	ldr	r3, [pc, #328]	@ (34182448 <SystemCoreClockUpdate+0x1d0>)
341822fe:	4a51      	ldr	r2, [pc, #324]	@ (34182444 <SystemCoreClockUpdate+0x1cc>)
34182300:	6013      	str	r3, [r2, #0]
34182302:	4770      	bx	lr
34182304:	6c92      	ldr	r2, [r2, #72]	@ 0x48
34182306:	4b51      	ldr	r3, [pc, #324]	@ (3418244c <SystemCoreClockUpdate+0x1d4>)
34182308:	f3c2 12c1 	ubfx	r2, r2, #7, #2
3418230c:	40d3      	lsrs	r3, r2
3418230e:	4a4d      	ldr	r2, [pc, #308]	@ (34182444 <SystemCoreClockUpdate+0x1cc>)
34182310:	6013      	str	r3, [r2, #0]
34182312:	4770      	bx	lr
34182314:	2300      	movs	r3, #0
34182316:	4a4b      	ldr	r2, [pc, #300]	@ (34182444 <SystemCoreClockUpdate+0x1cc>)
34182318:	6013      	str	r3, [r2, #0]
3418231a:	4770      	bx	lr
3418231c:	4b4c      	ldr	r3, [pc, #304]	@ (34182450 <SystemCoreClockUpdate+0x1d8>)
3418231e:	4a49      	ldr	r2, [pc, #292]	@ (34182444 <SystemCoreClockUpdate+0x1cc>)
34182320:	6013      	str	r3, [r2, #0]
34182322:	4770      	bx	lr
34182324:	f8d2 3090 	ldr.w	r3, [r2, #144]	@ 0x90
34182328:	0119      	lsls	r1, r3, #4
3418232a:	f003 40e0 	and.w	r0, r3, #1879048192	@ 0x70000000
3418232e:	d4cb      	bmi.n	341822c8 <SystemCoreClockUpdate+0x50>
34182330:	f8d2 1094 	ldr.w	r1, [r2, #148]	@ 0x94
34182334:	f8d2 2098 	ldr.w	r2, [r2, #152]	@ 0x98
34182338:	f021 417f 	bic.w	r1, r1, #4278190080	@ 0xff000000
3418233c:	f3c3 5c05 	ubfx	ip, r3, #20, #6
34182340:	ee07 1a10 	vmov	s14, r1
34182344:	f1b0 5f00 	cmp.w	r0, #536870912	@ 0x20000000
34182348:	f3c2 61c2 	ubfx	r1, r2, #27, #3
3418234c:	f3c2 6202 	ubfx	r2, r2, #24, #3
34182350:	ee05 ca90 	vmov	s11, ip
34182354:	ee06 1a10 	vmov	s12, r1
34182358:	ee06 2a90 	vmov	s13, r2
3418235c:	f3c3 230b 	ubfx	r3, r3, #8, #12
34182360:	d05e      	beq.n	34182420 <SystemCoreClockUpdate+0x1a8>
34182362:	d84c      	bhi.n	341823fe <SystemCoreClockUpdate+0x186>
34182364:	2800      	cmp	r0, #0
34182366:	d052      	beq.n	3418240e <SystemCoreClockUpdate+0x196>
34182368:	4a34      	ldr	r2, [pc, #208]	@ (3418243c <SystemCoreClockUpdate+0x1c4>)
3418236a:	6c52      	ldr	r2, [r2, #68]	@ 0x44
3418236c:	0592      	lsls	r2, r2, #22
3418236e:	d561      	bpl.n	34182434 <SystemCoreClockUpdate+0x1bc>
34182370:	ed9f 5a37 	vldr	s10, [pc, #220]	@ 34182450 <SystemCoreClockUpdate+0x1d8>
34182374:	eeb8 5ac5 	vcvt.f32.s32	s10, s10
34182378:	ee07 3a90 	vmov	s15, r3
3418237c:	eeba 7ac4 	vcvt.f32.s32	s14, s14, #24
34182380:	eef8 7ae7 	vcvt.f32.s32	s15, s15
34182384:	ee77 7a27 	vadd.f32	s15, s14, s15
34182388:	eef8 6ae6 	vcvt.f32.s32	s13, s13
3418238c:	ee67 7a85 	vmul.f32	s15, s15, s10
34182390:	eef8 5ae5 	vcvt.f32.s32	s11, s11
34182394:	eeb8 6ac6 	vcvt.f32.s32	s12, s12
34182398:	ee26 7a26 	vmul.f32	s14, s12, s13
3418239c:	eec7 6aa5 	vdiv.f32	s13, s15, s11
341823a0:	eec6 7a87 	vdiv.f32	s15, s13, s14
341823a4:	eefc 7ae7 	vcvt.u32.f32	s15, s15
341823a8:	ee17 3a90 	vmov	r3, s15
341823ac:	e79b      	b.n	341822e6 <SystemCoreClockUpdate+0x6e>
341823ae:	f8d2 30b0 	ldr.w	r3, [r2, #176]	@ 0xb0
341823b2:	0119      	lsls	r1, r3, #4
341823b4:	f003 40e0 	and.w	r0, r3, #1879048192	@ 0x70000000
341823b8:	d486      	bmi.n	341822c8 <SystemCoreClockUpdate+0x50>
341823ba:	f8d2 10b4 	ldr.w	r1, [r2, #180]	@ 0xb4
341823be:	f8d2 20b8 	ldr.w	r2, [r2, #184]	@ 0xb8
341823c2:	e7b9      	b.n	34182338 <SystemCoreClockUpdate+0xc0>
341823c4:	f8d2 30a0 	ldr.w	r3, [r2, #160]	@ 0xa0
341823c8:	0119      	lsls	r1, r3, #4
341823ca:	f003 40e0 	and.w	r0, r3, #1879048192	@ 0x70000000
341823ce:	f53f af7b 	bmi.w	341822c8 <SystemCoreClockUpdate+0x50>
341823d2:	f8d2 10a4 	ldr.w	r1, [r2, #164]	@ 0xa4
341823d6:	f8d2 20a8 	ldr.w	r2, [r2, #168]	@ 0xa8
341823da:	e7ad      	b.n	34182338 <SystemCoreClockUpdate+0xc0>
341823dc:	f8d2 1084 	ldr.w	r1, [r2, #132]	@ 0x84
341823e0:	f8d2 2088 	ldr.w	r2, [r2, #136]	@ 0x88
341823e4:	e7a8      	b.n	34182338 <SystemCoreClockUpdate+0xc0>
341823e6:	4a15      	ldr	r2, [pc, #84]	@ (3418243c <SystemCoreClockUpdate+0x1c4>)
341823e8:	4b18      	ldr	r3, [pc, #96]	@ (3418244c <SystemCoreClockUpdate+0x1d4>)
341823ea:	6c92      	ldr	r2, [r2, #72]	@ 0x48
341823ec:	f3c2 12c1 	ubfx	r2, r2, #7, #2
341823f0:	40d3      	lsrs	r3, r2
341823f2:	e778      	b.n	341822e6 <SystemCoreClockUpdate+0x6e>
341823f4:	f1b0 5f40 	cmp.w	r0, #805306368	@ 0x30000000
341823f8:	d11a      	bne.n	34182430 <SystemCoreClockUpdate+0x1b8>
341823fa:	4b16      	ldr	r3, [pc, #88]	@ (34182454 <SystemCoreClockUpdate+0x1dc>)
341823fc:	e773      	b.n	341822e6 <SystemCoreClockUpdate+0x6e>
341823fe:	f1b0 5f40 	cmp.w	r0, #805306368	@ 0x30000000
34182402:	d112      	bne.n	3418242a <SystemCoreClockUpdate+0x1b2>
34182404:	ed9f 5a13 	vldr	s10, [pc, #76]	@ 34182454 <SystemCoreClockUpdate+0x1dc>
34182408:	e7b4      	b.n	34182374 <SystemCoreClockUpdate+0xfc>
3418240a:	4b0f      	ldr	r3, [pc, #60]	@ (34182448 <SystemCoreClockUpdate+0x1d0>)
3418240c:	e76b      	b.n	341822e6 <SystemCoreClockUpdate+0x6e>
3418240e:	490b      	ldr	r1, [pc, #44]	@ (3418243c <SystemCoreClockUpdate+0x1c4>)
34182410:	4a0e      	ldr	r2, [pc, #56]	@ (3418244c <SystemCoreClockUpdate+0x1d4>)
34182412:	6c89      	ldr	r1, [r1, #72]	@ 0x48
34182414:	f3c1 11c1 	ubfx	r1, r1, #7, #2
34182418:	40ca      	lsrs	r2, r1
3418241a:	ee05 2a10 	vmov	s10, r2
3418241e:	e7a9      	b.n	34182374 <SystemCoreClockUpdate+0xfc>
34182420:	ed9f 5a09 	vldr	s10, [pc, #36]	@ 34182448 <SystemCoreClockUpdate+0x1d0>
34182424:	e7a6      	b.n	34182374 <SystemCoreClockUpdate+0xfc>
34182426:	4b0a      	ldr	r3, [pc, #40]	@ (34182450 <SystemCoreClockUpdate+0x1d8>)
34182428:	e75d      	b.n	341822e6 <SystemCoreClockUpdate+0x6e>
3418242a:	ed9f 5a0b 	vldr	s10, [pc, #44]	@ 34182458 <SystemCoreClockUpdate+0x1e0>
3418242e:	e7a3      	b.n	34182378 <SystemCoreClockUpdate+0x100>
34182430:	2300      	movs	r3, #0
34182432:	e758      	b.n	341822e6 <SystemCoreClockUpdate+0x6e>
34182434:	ed9f 5a02 	vldr	s10, [pc, #8]	@ 34182440 <SystemCoreClockUpdate+0x1c8>
34182438:	e79c      	b.n	34182374 <SystemCoreClockUpdate+0xfc>
3418243a:	bf00      	nop
3418243c:	56028000 	.word	0x56028000
34182440:	003d0900 	.word	0x003d0900
34182444:	341c0008 	.word	0x341c0008
34182448:	02dc6c00 	.word	0x02dc6c00
3418244c:	03d09000 	.word	0x03d09000
34182450:	00f42400 	.word	0x00f42400
34182454:	00bb8000 	.word	0x00bb8000
34182458:	00000000 	.word	0x00000000

3418245c <__acle_se_SECURE_SystemCoreClockUpdate>:
3418245c:	ed6d cf81 	vstr	FPCXTNS, [sp, #-4]!
34182460:	4a6e      	ldr	r2, [pc, #440]	@ (3418261c <__acle_se_SECURE_SystemCoreClockUpdate+0x1c0>)
34182462:	6a13      	ldr	r3, [r2, #32]
34182464:	f403 1340 	and.w	r3, r3, #3145728	@ 0x300000
34182468:	f5b3 1f00 	cmp.w	r3, #2097152	@ 0x200000
3418246c:	d036      	beq.n	341824dc <__acle_se_SECURE_SystemCoreClockUpdate+0x80>
3418246e:	d806      	bhi.n	3418247e <__acle_se_SECURE_SystemCoreClockUpdate+0x22>
34182470:	2b00      	cmp	r3, #0
34182472:	d03d      	beq.n	341824f0 <__acle_se_SECURE_SystemCoreClockUpdate+0x94>
34182474:	6c53      	ldr	r3, [r2, #68]	@ 0x44
34182476:	0598      	lsls	r0, r3, #22
34182478:	d442      	bmi.n	34182500 <__acle_se_SECURE_SystemCoreClockUpdate+0xa4>
3418247a:	4869      	ldr	r0, [pc, #420]	@ (34182620 <__acle_se_SECURE_SystemCoreClockUpdate+0x1c4>)
3418247c:	e02f      	b.n	341824de <__acle_se_SECURE_SystemCoreClockUpdate+0x82>
3418247e:	f5b3 1f40 	cmp.w	r3, #3145728	@ 0x300000
34182482:	d13b      	bne.n	341824fc <__acle_se_SECURE_SystemCoreClockUpdate+0xa0>
34182484:	f8d2 30c4 	ldr.w	r3, [r2, #196]	@ 0xc4
34182488:	f003 5340 	and.w	r3, r3, #805306368	@ 0x30000000
3418248c:	f1b3 5f80 	cmp.w	r3, #268435456	@ 0x10000000
34182490:	d038      	beq.n	34182504 <__acle_se_SECURE_SystemCoreClockUpdate+0xa8>
34182492:	f1b3 5f00 	cmp.w	r3, #536870912	@ 0x20000000
34182496:	f000 8085 	beq.w	341825a4 <__acle_se_SECURE_SystemCoreClockUpdate+0x148>
3418249a:	2b00      	cmp	r3, #0
3418249c:	d177      	bne.n	3418258e <__acle_se_SECURE_SystemCoreClockUpdate+0x132>
3418249e:	f8d2 3080 	ldr.w	r3, [r2, #128]	@ 0x80
341824a2:	0119      	lsls	r1, r3, #4
341824a4:	f003 40e0 	and.w	r0, r3, #1879048192	@ 0x70000000
341824a8:	f140 8088 	bpl.w	341825bc <__acle_se_SECURE_SystemCoreClockUpdate+0x160>
341824ac:	f1b0 5f00 	cmp.w	r0, #536870912	@ 0x20000000
341824b0:	f000 809b 	beq.w	341825ea <__acle_se_SECURE_SystemCoreClockUpdate+0x18e>
341824b4:	f200 808e 	bhi.w	341825d4 <__acle_se_SECURE_SystemCoreClockUpdate+0x178>
341824b8:	2800      	cmp	r0, #0
341824ba:	f000 8084 	beq.w	341825c6 <__acle_se_SECURE_SystemCoreClockUpdate+0x16a>
341824be:	4b57      	ldr	r3, [pc, #348]	@ (3418261c <__acle_se_SECURE_SystemCoreClockUpdate+0x1c0>)
341824c0:	6c5b      	ldr	r3, [r3, #68]	@ 0x44
341824c2:	059b      	lsls	r3, r3, #22
341824c4:	f100 809f 	bmi.w	34182606 <__acle_se_SECURE_SystemCoreClockUpdate+0x1aa>
341824c8:	4855      	ldr	r0, [pc, #340]	@ (34182620 <__acle_se_SECURE_SystemCoreClockUpdate+0x1c4>)
341824ca:	4b54      	ldr	r3, [pc, #336]	@ (3418261c <__acle_se_SECURE_SystemCoreClockUpdate+0x1c0>)
341824cc:	f8d3 30c4 	ldr.w	r3, [r3, #196]	@ 0xc4
341824d0:	f3c3 4307 	ubfx	r3, r3, #16, #8
341824d4:	3301      	adds	r3, #1
341824d6:	fbb0 f0f3 	udiv	r0, r0, r3
341824da:	e000      	b.n	341824de <__acle_se_SECURE_SystemCoreClockUpdate+0x82>
341824dc:	4851      	ldr	r0, [pc, #324]	@ (34182624 <__acle_se_SECURE_SystemCoreClockUpdate+0x1c8>)
341824de:	4b52      	ldr	r3, [pc, #328]	@ (34182628 <__acle_se_SECURE_SystemCoreClockUpdate+0x1cc>)
341824e0:	6018      	str	r0, [r3, #0]
341824e2:	ec9f 0a10 	vscclrm	{s0-s15, VPR}
341824e6:	e89f 900e 	clrm	{r1, r2, r3, ip, APSR}
341824ea:	ecfd cf81 	vldr	FPCXTNS, [sp], #4
341824ee:	4774      	bxns	lr
341824f0:	6c93      	ldr	r3, [r2, #72]	@ 0x48
341824f2:	484e      	ldr	r0, [pc, #312]	@ (3418262c <__acle_se_SECURE_SystemCoreClockUpdate+0x1d0>)
341824f4:	f3c3 13c1 	ubfx	r3, r3, #7, #2
341824f8:	40d8      	lsrs	r0, r3
341824fa:	e7f0      	b.n	341824de <__acle_se_SECURE_SystemCoreClockUpdate+0x82>
341824fc:	2000      	movs	r0, #0
341824fe:	e7ee      	b.n	341824de <__acle_se_SECURE_SystemCoreClockUpdate+0x82>
34182500:	484b      	ldr	r0, [pc, #300]	@ (34182630 <__acle_se_SECURE_SystemCoreClockUpdate+0x1d4>)
34182502:	e7ec      	b.n	341824de <__acle_se_SECURE_SystemCoreClockUpdate+0x82>
34182504:	f8d2 3090 	ldr.w	r3, [r2, #144]	@ 0x90
34182508:	0119      	lsls	r1, r3, #4
3418250a:	f003 40e0 	and.w	r0, r3, #1879048192	@ 0x70000000
3418250e:	d4cd      	bmi.n	341824ac <__acle_se_SECURE_SystemCoreClockUpdate+0x50>
34182510:	f8d2 1094 	ldr.w	r1, [r2, #148]	@ 0x94
34182514:	f8d2 2098 	ldr.w	r2, [r2, #152]	@ 0x98
34182518:	f021 417f 	bic.w	r1, r1, #4278190080	@ 0xff000000
3418251c:	f3c3 5c05 	ubfx	ip, r3, #20, #6
34182520:	ee07 1a10 	vmov	s14, r1
34182524:	f1b0 5f00 	cmp.w	r0, #536870912	@ 0x20000000
34182528:	f3c2 61c2 	ubfx	r1, r2, #27, #3
3418252c:	f3c2 6202 	ubfx	r2, r2, #24, #3
34182530:	ee05 ca90 	vmov	s11, ip
34182534:	ee06 1a10 	vmov	s12, r1
34182538:	ee06 2a90 	vmov	s13, r2
3418253c:	f3c3 230b 	ubfx	r3, r3, #8, #12
34182540:	d05e      	beq.n	34182600 <__acle_se_SECURE_SystemCoreClockUpdate+0x1a4>
34182542:	d84c      	bhi.n	341825de <__acle_se_SECURE_SystemCoreClockUpdate+0x182>
34182544:	2800      	cmp	r0, #0
34182546:	d052      	beq.n	341825ee <__acle_se_SECURE_SystemCoreClockUpdate+0x192>
34182548:	4a34      	ldr	r2, [pc, #208]	@ (3418261c <__acle_se_SECURE_SystemCoreClockUpdate+0x1c0>)
3418254a:	6c52      	ldr	r2, [r2, #68]	@ 0x44
3418254c:	0592      	lsls	r2, r2, #22
3418254e:	d561      	bpl.n	34182614 <__acle_se_SECURE_SystemCoreClockUpdate+0x1b8>
34182550:	ed9f 5a37 	vldr	s10, [pc, #220]	@ 34182630 <__acle_se_SECURE_SystemCoreClockUpdate+0x1d4>
34182554:	eeb8 5ac5 	vcvt.f32.s32	s10, s10
34182558:	ee07 3a90 	vmov	s15, r3
3418255c:	eeba 7ac4 	vcvt.f32.s32	s14, s14, #24
34182560:	eef8 7ae7 	vcvt.f32.s32	s15, s15
34182564:	ee77 7a27 	vadd.f32	s15, s14, s15
34182568:	eef8 6ae6 	vcvt.f32.s32	s13, s13
3418256c:	ee67 7a85 	vmul.f32	s15, s15, s10
34182570:	eef8 5ae5 	vcvt.f32.s32	s11, s11
34182574:	eeb8 6ac6 	vcvt.f32.s32	s12, s12
34182578:	ee26 7a26 	vmul.f32	s14, s12, s13
3418257c:	eec7 6aa5 	vdiv.f32	s13, s15, s11
34182580:	eec6 7a87 	vdiv.f32	s15, s13, s14
34182584:	eefc 7ae7 	vcvt.u32.f32	s15, s15
34182588:	ee17 0a90 	vmov	r0, s15
3418258c:	e79d      	b.n	341824ca <__acle_se_SECURE_SystemCoreClockUpdate+0x6e>
3418258e:	f8d2 30b0 	ldr.w	r3, [r2, #176]	@ 0xb0
34182592:	0119      	lsls	r1, r3, #4
34182594:	f003 40e0 	and.w	r0, r3, #1879048192	@ 0x70000000
34182598:	d488      	bmi.n	341824ac <__acle_se_SECURE_SystemCoreClockUpdate+0x50>
3418259a:	f8d2 10b4 	ldr.w	r1, [r2, #180]	@ 0xb4
3418259e:	f8d2 20b8 	ldr.w	r2, [r2, #184]	@ 0xb8
341825a2:	e7b9      	b.n	34182518 <__acle_se_SECURE_SystemCoreClockUpdate+0xbc>
341825a4:	f8d2 30a0 	ldr.w	r3, [r2, #160]	@ 0xa0
341825a8:	0119      	lsls	r1, r3, #4
341825aa:	f003 40e0 	and.w	r0, r3, #1879048192	@ 0x70000000
341825ae:	f53f af7d 	bmi.w	341824ac <__acle_se_SECURE_SystemCoreClockUpdate+0x50>
341825b2:	f8d2 10a4 	ldr.w	r1, [r2, #164]	@ 0xa4
341825b6:	f8d2 20a8 	ldr.w	r2, [r2, #168]	@ 0xa8
341825ba:	e7ad      	b.n	34182518 <__acle_se_SECURE_SystemCoreClockUpdate+0xbc>
341825bc:	f8d2 1084 	ldr.w	r1, [r2, #132]	@ 0x84
341825c0:	f8d2 2088 	ldr.w	r2, [r2, #136]	@ 0x88
341825c4:	e7a8      	b.n	34182518 <__acle_se_SECURE_SystemCoreClockUpdate+0xbc>
341825c6:	4b15      	ldr	r3, [pc, #84]	@ (3418261c <__acle_se_SECURE_SystemCoreClockUpdate+0x1c0>)
341825c8:	4818      	ldr	r0, [pc, #96]	@ (3418262c <__acle_se_SECURE_SystemCoreClockUpdate+0x1d0>)
341825ca:	6c9b      	ldr	r3, [r3, #72]	@ 0x48
341825cc:	f3c3 13c1 	ubfx	r3, r3, #7, #2
341825d0:	40d8      	lsrs	r0, r3
341825d2:	e77a      	b.n	341824ca <__acle_se_SECURE_SystemCoreClockUpdate+0x6e>
341825d4:	f1b0 5f40 	cmp.w	r0, #805306368	@ 0x30000000
341825d8:	d11a      	bne.n	34182610 <__acle_se_SECURE_SystemCoreClockUpdate+0x1b4>
341825da:	4816      	ldr	r0, [pc, #88]	@ (34182634 <__acle_se_SECURE_SystemCoreClockUpdate+0x1d8>)
341825dc:	e775      	b.n	341824ca <__acle_se_SECURE_SystemCoreClockUpdate+0x6e>
341825de:	f1b0 5f40 	cmp.w	r0, #805306368	@ 0x30000000
341825e2:	d112      	bne.n	3418260a <__acle_se_SECURE_SystemCoreClockUpdate+0x1ae>
341825e4:	ed9f 5a13 	vldr	s10, [pc, #76]	@ 34182634 <__acle_se_SECURE_SystemCoreClockUpdate+0x1d8>
341825e8:	e7b4      	b.n	34182554 <__acle_se_SECURE_SystemCoreClockUpdate+0xf8>
341825ea:	480e      	ldr	r0, [pc, #56]	@ (34182624 <__acle_se_SECURE_SystemCoreClockUpdate+0x1c8>)
341825ec:	e76d      	b.n	341824ca <__acle_se_SECURE_SystemCoreClockUpdate+0x6e>
341825ee:	490b      	ldr	r1, [pc, #44]	@ (3418261c <__acle_se_SECURE_SystemCoreClockUpdate+0x1c0>)
341825f0:	4a0e      	ldr	r2, [pc, #56]	@ (3418262c <__acle_se_SECURE_SystemCoreClockUpdate+0x1d0>)
341825f2:	6c89      	ldr	r1, [r1, #72]	@ 0x48
341825f4:	f3c1 11c1 	ubfx	r1, r1, #7, #2
341825f8:	40ca      	lsrs	r2, r1
341825fa:	ee05 2a10 	vmov	s10, r2
341825fe:	e7a9      	b.n	34182554 <__acle_se_SECURE_SystemCoreClockUpdate+0xf8>
34182600:	ed9f 5a08 	vldr	s10, [pc, #32]	@ 34182624 <__acle_se_SECURE_SystemCoreClockUpdate+0x1c8>
34182604:	e7a6      	b.n	34182554 <__acle_se_SECURE_SystemCoreClockUpdate+0xf8>
34182606:	480a      	ldr	r0, [pc, #40]	@ (34182630 <__acle_se_SECURE_SystemCoreClockUpdate+0x1d4>)
34182608:	e75f      	b.n	341824ca <__acle_se_SECURE_SystemCoreClockUpdate+0x6e>
3418260a:	ed9f 5a0b 	vldr	s10, [pc, #44]	@ 34182638 <__acle_se_SECURE_SystemCoreClockUpdate+0x1dc>
3418260e:	e7a3      	b.n	34182558 <__acle_se_SECURE_SystemCoreClockUpdate+0xfc>
34182610:	2000      	movs	r0, #0
34182612:	e75a      	b.n	341824ca <__acle_se_SECURE_SystemCoreClockUpdate+0x6e>
34182614:	ed9f 5a02 	vldr	s10, [pc, #8]	@ 34182620 <__acle_se_SECURE_SystemCoreClockUpdate+0x1c4>
34182618:	e79c      	b.n	34182554 <__acle_se_SECURE_SystemCoreClockUpdate+0xf8>
3418261a:	bf00      	nop
3418261c:	56028000 	.word	0x56028000
34182620:	003d0900 	.word	0x003d0900
34182624:	02dc6c00 	.word	0x02dc6c00
34182628:	341c0008 	.word	0x341c0008
3418262c:	03d09000 	.word	0x03d09000
34182630:	00f42400 	.word	0x00f42400
34182634:	00bb8000 	.word	0x00bb8000
34182638:	00000000 	.word	0x00000000

3418263c <HAL_MspInit>:
3418263c:	4770      	bx	lr
3418263e:	bf00      	nop

34182640 <HAL_InitTick>:
34182640:	4b11      	ldr	r3, [pc, #68]	@ (34182688 <HAL_InitTick+0x48>)
34182642:	781b      	ldrb	r3, [r3, #0]
34182644:	b90b      	cbnz	r3, 3418264a <HAL_InitTick+0xa>
34182646:	2001      	movs	r0, #1
34182648:	4770      	bx	lr
3418264a:	f44f 727a 	mov.w	r2, #1000	@ 0x3e8
3418264e:	fbb2 f3f3 	udiv	r3, r2, r3
34182652:	b510      	push	{r4, lr}
34182654:	490d      	ldr	r1, [pc, #52]	@ (3418268c <HAL_InitTick+0x4c>)
34182656:	4604      	mov	r4, r0
34182658:	6808      	ldr	r0, [r1, #0]
3418265a:	b082      	sub	sp, #8
3418265c:	fbb0 f0f3 	udiv	r0, r0, r3
34182660:	f000 f876 	bl	34182750 <HAL_SYSTICK_Config>
34182664:	4602      	mov	r2, r0
34182666:	b908      	cbnz	r0, 3418266c <HAL_InitTick+0x2c>
34182668:	2c0f      	cmp	r4, #15
3418266a:	d902      	bls.n	34182672 <HAL_InitTick+0x32>
3418266c:	2001      	movs	r0, #1
3418266e:	b002      	add	sp, #8
34182670:	bd10      	pop	{r4, pc}
34182672:	9001      	str	r0, [sp, #4]
34182674:	4621      	mov	r1, r4
34182676:	f04f 30ff 	mov.w	r0, #4294967295	@ 0xffffffff
3418267a:	f000 f837 	bl	341826ec <HAL_NVIC_SetPriority>
3418267e:	4b04      	ldr	r3, [pc, #16]	@ (34182690 <HAL_InitTick+0x50>)
34182680:	9801      	ldr	r0, [sp, #4]
34182682:	601c      	str	r4, [r3, #0]
34182684:	b002      	add	sp, #8
34182686:	bd10      	pop	{r4, pc}
34182688:	341c000c 	.word	0x341c000c
3418268c:	341c0008 	.word	0x341c0008
34182690:	341c0010 	.word	0x341c0010

34182694 <HAL_Init>:
34182694:	b500      	push	{lr}
34182696:	2003      	movs	r0, #3
34182698:	b083      	sub	sp, #12
3418269a:	f000 f815 	bl	341826c8 <HAL_NVIC_SetPriorityGrouping>
3418269e:	f7ff fdeb 	bl	34182278 <SystemCoreClockUpdate>
341826a2:	200f      	movs	r0, #15
341826a4:	f7ff ffcc 	bl	34182640 <HAL_InitTick>
341826a8:	b110      	cbz	r0, 341826b0 <HAL_Init+0x1c>
341826aa:	2001      	movs	r0, #1
341826ac:	b003      	add	sp, #12
341826ae:	bd00      	pop	{pc}
341826b0:	9001      	str	r0, [sp, #4]
341826b2:	f7ff ffc3 	bl	3418263c <HAL_MspInit>
341826b6:	9801      	ldr	r0, [sp, #4]
341826b8:	b003      	add	sp, #12
341826ba:	bd00      	pop	{pc}

341826bc <HAL_GetTick>:
341826bc:	4b01      	ldr	r3, [pc, #4]	@ (341826c4 <HAL_GetTick+0x8>)
341826be:	6818      	ldr	r0, [r3, #0]
341826c0:	4770      	bx	lr
341826c2:	bf00      	nop
341826c4:	341c08d0 	.word	0x341c08d0

341826c8 <HAL_NVIC_SetPriorityGrouping>:
341826c8:	f64f 0cff 	movw	ip, #63743	@ 0xf8ff
341826cc:	4906      	ldr	r1, [pc, #24]	@ (341826e8 <HAL_NVIC_SetPriorityGrouping+0x20>)
341826ce:	0203      	lsls	r3, r0, #8
341826d0:	68ca      	ldr	r2, [r1, #12]
341826d2:	f403 63e0 	and.w	r3, r3, #1792	@ 0x700
341826d6:	ea02 020c 	and.w	r2, r2, ip
341826da:	4313      	orrs	r3, r2
341826dc:	f043 63bf 	orr.w	r3, r3, #100139008	@ 0x5f80000
341826e0:	f443 3300 	orr.w	r3, r3, #131072	@ 0x20000
341826e4:	60cb      	str	r3, [r1, #12]
341826e6:	4770      	bx	lr
341826e8:	e000ed00 	.word	0xe000ed00

341826ec <HAL_NVIC_SetPriority>:
341826ec:	4b16      	ldr	r3, [pc, #88]	@ (34182748 <HAL_NVIC_SetPriority+0x5c>)
341826ee:	b500      	push	{lr}
341826f0:	68db      	ldr	r3, [r3, #12]
341826f2:	f3c3 2302 	ubfx	r3, r3, #8, #3
341826f6:	f1a3 0c03 	sub.w	ip, r3, #3
341826fa:	f1bc 0f04 	cmp.w	ip, #4
341826fe:	d819      	bhi.n	34182734 <HAL_NVIC_SetPriority+0x48>
34182700:	f04f 3eff 	mov.w	lr, #4294967295	@ 0xffffffff
34182704:	f1c3 0307 	rsb	r3, r3, #7
34182708:	fa0e f303 	lsl.w	r3, lr, r3
3418270c:	43db      	mvns	r3, r3
3418270e:	fa0e fe0c 	lsl.w	lr, lr, ip
34182712:	ea22 020e 	bic.w	r2, r2, lr
34182716:	4019      	ands	r1, r3
34182718:	fa01 f10c 	lsl.w	r1, r1, ip
3418271c:	4311      	orrs	r1, r2
3418271e:	2800      	cmp	r0, #0
34182720:	ea4f 1101 	mov.w	r1, r1, lsl #4
34182724:	db0a      	blt.n	3418273c <HAL_NVIC_SetPriority+0x50>
34182726:	f100 4060 	add.w	r0, r0, #3758096384	@ 0xe0000000
3418272a:	f500 4061 	add.w	r0, r0, #57600	@ 0xe100
3418272e:	f880 1300 	strb.w	r1, [r0, #768]	@ 0x300
34182732:	bd00      	pop	{pc}
34182734:	2200      	movs	r2, #0
34182736:	230f      	movs	r3, #15
34182738:	4694      	mov	ip, r2
3418273a:	e7ec      	b.n	34182716 <HAL_NVIC_SetPriority+0x2a>
3418273c:	4b03      	ldr	r3, [pc, #12]	@ (3418274c <HAL_NVIC_SetPriority+0x60>)
3418273e:	f000 000f 	and.w	r0, r0, #15
34182742:	18c3      	adds	r3, r0, r3
34182744:	7619      	strb	r1, [r3, #24]
34182746:	bd00      	pop	{pc}
34182748:	e000ed00 	.word	0xe000ed00
3418274c:	e000ecfc 	.word	0xe000ecfc

34182750 <HAL_SYSTICK_Config>:
34182750:	3801      	subs	r0, #1
34182752:	f1b0 7f80 	cmp.w	r0, #16777216	@ 0x1000000
34182756:	d301      	bcc.n	3418275c <HAL_SYSTICK_Config+0xc>
34182758:	2001      	movs	r0, #1
3418275a:	4770      	bx	lr
3418275c:	f04f 23e0 	mov.w	r3, #3758153728	@ 0xe000e000
34182760:	f04f 0cf0 	mov.w	ip, #240	@ 0xf0
34182764:	2200      	movs	r2, #0
34182766:	2107      	movs	r1, #7
34182768:	b410      	push	{r4}
3418276a:	4c04      	ldr	r4, [pc, #16]	@ (3418277c <HAL_SYSTICK_Config+0x2c>)
3418276c:	6158      	str	r0, [r3, #20]
3418276e:	f884 c023 	strb.w	ip, [r4, #35]	@ 0x23
34182772:	4610      	mov	r0, r2
34182774:	bc10      	pop	{r4}
34182776:	619a      	str	r2, [r3, #24]
34182778:	6119      	str	r1, [r3, #16]
3418277a:	4770      	bx	lr
3418277c:	e000ed00 	.word	0xe000ed00

34182780 <HAL_PWREx_ConfigSupply>:
34182780:	b538      	push	{r3, r4, r5, lr}
34182782:	4c0b      	ldr	r4, [pc, #44]	@ (341827b0 <HAL_PWREx_ConfigSupply+0x30>)
34182784:	6823      	ldr	r3, [r4, #0]
34182786:	f023 0304 	bic.w	r3, r3, #4
3418278a:	4303      	orrs	r3, r0
3418278c:	6023      	str	r3, [r4, #0]
3418278e:	f7ff ff95 	bl	341826bc <HAL_GetTick>
34182792:	4605      	mov	r5, r0
34182794:	e005      	b.n	341827a2 <HAL_PWREx_ConfigSupply+0x22>
34182796:	f7ff ff91 	bl	341826bc <HAL_GetTick>
3418279a:	1b40      	subs	r0, r0, r5
3418279c:	f5b0 7f7a 	cmp.w	r0, #1000	@ 0x3e8
341827a0:	d804      	bhi.n	341827ac <HAL_PWREx_ConfigSupply+0x2c>
341827a2:	6a23      	ldr	r3, [r4, #32]
341827a4:	039b      	lsls	r3, r3, #14
341827a6:	d5f6      	bpl.n	34182796 <HAL_PWREx_ConfigSupply+0x16>
341827a8:	2000      	movs	r0, #0
341827aa:	bd38      	pop	{r3, r4, r5, pc}
341827ac:	2001      	movs	r0, #1
341827ae:	bd38      	pop	{r3, r4, r5, pc}
341827b0:	56024800 	.word	0x56024800

341827b4 <HAL_PWREx_ControlVoltageScaling>:
341827b4:	b538      	push	{r3, r4, r5, lr}
341827b6:	4c0b      	ldr	r4, [pc, #44]	@ (341827e4 <HAL_PWREx_ControlVoltageScaling+0x30>)
341827b8:	6a23      	ldr	r3, [r4, #32]
341827ba:	f023 0301 	bic.w	r3, r3, #1
341827be:	4303      	orrs	r3, r0
341827c0:	6223      	str	r3, [r4, #32]
341827c2:	f7ff ff7b 	bl	341826bc <HAL_GetTick>
341827c6:	4605      	mov	r5, r0
341827c8:	e005      	b.n	341827d6 <HAL_PWREx_ControlVoltageScaling+0x22>
341827ca:	f7ff ff77 	bl	341826bc <HAL_GetTick>
341827ce:	1b40      	subs	r0, r0, r5
341827d0:	f5b0 7f7a 	cmp.w	r0, #1000	@ 0x3e8
341827d4:	d804      	bhi.n	341827e0 <HAL_PWREx_ControlVoltageScaling+0x2c>
341827d6:	6a23      	ldr	r3, [r4, #32]
341827d8:	079b      	lsls	r3, r3, #30
341827da:	d5f6      	bpl.n	341827ca <HAL_PWREx_ControlVoltageScaling+0x16>
341827dc:	2000      	movs	r0, #0
341827de:	bd38      	pop	{r3, r4, r5, pc}
341827e0:	2001      	movs	r0, #1
341827e2:	bd38      	pop	{r3, r4, r5, pc}
341827e4:	56024800 	.word	0x56024800

341827e8 <RCC_IC_CheckPLLSources>:
341827e8:	f1b0 5f00 	cmp.w	r0, #536870912	@ 0x20000000
341827ec:	d042      	beq.n	34182874 <RCC_IC_CheckPLLSources+0x8c>
341827ee:	d813      	bhi.n	34182818 <RCC_IC_CheckPLLSources+0x30>
341827f0:	2800      	cmp	r0, #0
341827f2:	d048      	beq.n	34182886 <RCC_IC_CheckPLLSources+0x9e>
341827f4:	4b2e      	ldr	r3, [pc, #184]	@ (341828b0 <RCC_IC_CheckPLLSources+0xc8>)
341827f6:	685a      	ldr	r2, [r3, #4]
341827f8:	0590      	lsls	r0, r2, #22
341827fa:	d554      	bpl.n	341828a6 <RCC_IC_CheckPLLSources+0xbe>
341827fc:	2001      	movs	r0, #1
341827fe:	f1b1 5f00 	cmp.w	r1, #536870912	@ 0x20000000
34182802:	d017      	beq.n	34182834 <RCC_IC_CheckPLLSources+0x4c>
34182804:	d81f      	bhi.n	34182846 <RCC_IC_CheckPLLSources+0x5e>
34182806:	b361      	cbz	r1, 34182862 <RCC_IC_CheckPLLSources+0x7a>
34182808:	f1b1 5f80 	cmp.w	r1, #268435456	@ 0x10000000
3418280c:	d127      	bne.n	3418285e <RCC_IC_CheckPLLSources+0x76>
3418280e:	4b28      	ldr	r3, [pc, #160]	@ (341828b0 <RCC_IC_CheckPLLSources+0xc8>)
34182810:	685a      	ldr	r2, [r3, #4]
34182812:	0592      	lsls	r2, r2, #22
34182814:	d540      	bpl.n	34182898 <RCC_IC_CheckPLLSources+0xb0>
34182816:	4770      	bx	lr
34182818:	f1b0 5f40 	cmp.w	r0, #805306368	@ 0x30000000
3418281c:	d141      	bne.n	341828a2 <RCC_IC_CheckPLLSources+0xba>
3418281e:	4b24      	ldr	r3, [pc, #144]	@ (341828b0 <RCC_IC_CheckPLLSources+0xc8>)
34182820:	685a      	ldr	r2, [r3, #4]
34182822:	0510      	lsls	r0, r2, #20
34182824:	d4ea      	bmi.n	341827fc <RCC_IC_CheckPLLSources+0x14>
34182826:	f8d3 00b0 	ldr.w	r0, [r3, #176]	@ 0xb0
3418282a:	f1b1 5f00 	cmp.w	r1, #536870912	@ 0x20000000
3418282e:	f3c0 60c0 	ubfx	r0, r0, #27, #1
34182832:	d1e7      	bne.n	34182804 <RCC_IC_CheckPLLSources+0x1c>
34182834:	4b1e      	ldr	r3, [pc, #120]	@ (341828b0 <RCC_IC_CheckPLLSources+0xc8>)
34182836:	685a      	ldr	r2, [r3, #4]
34182838:	0551      	lsls	r1, r2, #21
3418283a:	d4ec      	bmi.n	34182816 <RCC_IC_CheckPLLSources+0x2e>
3418283c:	f8d3 30a0 	ldr.w	r3, [r3, #160]	@ 0xa0
34182840:	ea00 60d3 	and.w	r0, r0, r3, lsr #27
34182844:	4770      	bx	lr
34182846:	f1b1 5f40 	cmp.w	r1, #805306368	@ 0x30000000
3418284a:	d108      	bne.n	3418285e <RCC_IC_CheckPLLSources+0x76>
3418284c:	4b18      	ldr	r3, [pc, #96]	@ (341828b0 <RCC_IC_CheckPLLSources+0xc8>)
3418284e:	685a      	ldr	r2, [r3, #4]
34182850:	0512      	lsls	r2, r2, #20
34182852:	bf5c      	itt	pl
34182854:	f8d3 30b0 	ldrpl.w	r3, [r3, #176]	@ 0xb0
34182858:	ea00 60d3 	andpl.w	r0, r0, r3, lsr #27
3418285c:	4770      	bx	lr
3418285e:	2000      	movs	r0, #0
34182860:	4770      	bx	lr
34182862:	4b13      	ldr	r3, [pc, #76]	@ (341828b0 <RCC_IC_CheckPLLSources+0xc8>)
34182864:	685a      	ldr	r2, [r3, #4]
34182866:	05d1      	lsls	r1, r2, #23
34182868:	d4d5      	bmi.n	34182816 <RCC_IC_CheckPLLSources+0x2e>
3418286a:	f8d3 3080 	ldr.w	r3, [r3, #128]	@ 0x80
3418286e:	ea00 60d3 	and.w	r0, r0, r3, lsr #27
34182872:	4770      	bx	lr
34182874:	4b0e      	ldr	r3, [pc, #56]	@ (341828b0 <RCC_IC_CheckPLLSources+0xc8>)
34182876:	685a      	ldr	r2, [r3, #4]
34182878:	0552      	lsls	r2, r2, #21
3418287a:	d4bf      	bmi.n	341827fc <RCC_IC_CheckPLLSources+0x14>
3418287c:	f8d3 00a0 	ldr.w	r0, [r3, #160]	@ 0xa0
34182880:	f3c0 60c0 	ubfx	r0, r0, #27, #1
34182884:	e7bb      	b.n	341827fe <RCC_IC_CheckPLLSources+0x16>
34182886:	4b0a      	ldr	r3, [pc, #40]	@ (341828b0 <RCC_IC_CheckPLLSources+0xc8>)
34182888:	685a      	ldr	r2, [r3, #4]
3418288a:	05d2      	lsls	r2, r2, #23
3418288c:	d4b6      	bmi.n	341827fc <RCC_IC_CheckPLLSources+0x14>
3418288e:	f8d3 0080 	ldr.w	r0, [r3, #128]	@ 0x80
34182892:	f3c0 60c0 	ubfx	r0, r0, #27, #1
34182896:	e7b2      	b.n	341827fe <RCC_IC_CheckPLLSources+0x16>
34182898:	f8d3 3090 	ldr.w	r3, [r3, #144]	@ 0x90
3418289c:	ea00 60d3 	and.w	r0, r0, r3, lsr #27
341828a0:	4770      	bx	lr
341828a2:	2000      	movs	r0, #0
341828a4:	e7ab      	b.n	341827fe <RCC_IC_CheckPLLSources+0x16>
341828a6:	f8d3 0090 	ldr.w	r0, [r3, #144]	@ 0x90
341828aa:	f3c0 60c0 	ubfx	r0, r0, #27, #1
341828ae:	e7a6      	b.n	341827fe <RCC_IC_CheckPLLSources+0x16>
341828b0:	56028000 	.word	0x56028000

341828b4 <RCC_PLL_Config>:
341828b4:	e92d 43f8 	stmdb	sp!, {r3, r4, r5, r6, r7, r8, r9, lr}
341828b8:	680b      	ldr	r3, [r1, #0]
341828ba:	460e      	mov	r6, r1
341828bc:	2b02      	cmp	r3, #2
341828be:	4f5f      	ldr	r7, [pc, #380]	@ (34182a3c <RCC_PLL_Config+0x188>)
341828c0:	ea4f 1500 	mov.w	r5, r0, lsl #4
341828c4:	d007      	beq.n	341828d6 <RCC_PLL_Config+0x22>
341828c6:	2b03      	cmp	r3, #3
341828c8:	d063      	beq.n	34182992 <RCC_PLL_Config+0xde>
341828ca:	2b01      	cmp	r3, #1
341828cc:	f000 8088 	beq.w	341829e0 <RCC_PLL_Config+0x12c>
341828d0:	2000      	movs	r0, #0
341828d2:	e8bd 83f8 	ldmia.w	sp!, {r3, r4, r5, r6, r7, r8, r9, pc}
341828d6:	f44f 7480 	mov.w	r4, #256	@ 0x100
341828da:	4b59      	ldr	r3, [pc, #356]	@ (34182a40 <RCC_PLL_Config+0x18c>)
341828dc:	4084      	lsls	r4, r0
341828de:	601c      	str	r4, [r3, #0]
341828e0:	f7ff feec 	bl	341826bc <HAL_GetTick>
341828e4:	f8df 8168 	ldr.w	r8, [pc, #360]	@ 34182a50 <RCC_PLL_Config+0x19c>
341828e8:	4681      	mov	r9, r0
341828ea:	e005      	b.n	341828f8 <RCC_PLL_Config+0x44>
341828ec:	f7ff fee6 	bl	341826bc <HAL_GetTick>
341828f0:	eba0 0009 	sub.w	r0, r0, r9
341828f4:	2801      	cmp	r0, #1
341828f6:	d849      	bhi.n	3418298c <RCC_PLL_Config+0xd8>
341828f8:	f8d8 3004 	ldr.w	r3, [r8, #4]
341828fc:	ea34 0303 	bics.w	r3, r4, r3
34182900:	d0f4      	beq.n	341828ec <RCC_PLL_Config+0x38>
34182902:	59eb      	ldr	r3, [r5, r7]
34182904:	484f      	ldr	r0, [pc, #316]	@ (34182a44 <RCC_PLL_Config+0x190>)
34182906:	f043 0304 	orr.w	r3, r3, #4
3418290a:	51eb      	str	r3, [r5, r7]
3418290c:	582b      	ldr	r3, [r5, r0]
3418290e:	4a4e      	ldr	r2, [pc, #312]	@ (34182a48 <RCC_PLL_Config+0x194>)
34182910:	f023 6300 	bic.w	r3, r3, #134217728	@ 0x8000000
34182914:	502b      	str	r3, [r5, r0]
34182916:	6933      	ldr	r3, [r6, #16]
34182918:	68b1      	ldr	r1, [r6, #8]
3418291a:	021b      	lsls	r3, r3, #8
3418291c:	ea43 5301 	orr.w	r3, r3, r1, lsl #20
34182920:	6871      	ldr	r1, [r6, #4]
34182922:	5828      	ldr	r0, [r5, r0]
34182924:	430b      	orrs	r3, r1
34182926:	4949      	ldr	r1, [pc, #292]	@ (34182a4c <RCC_PLL_Config+0x198>)
34182928:	4001      	ands	r1, r0
3418292a:	4846      	ldr	r0, [pc, #280]	@ (34182a44 <RCC_PLL_Config+0x190>)
3418292c:	430b      	orrs	r3, r1
3418292e:	502b      	str	r3, [r5, r0]
34182930:	69b3      	ldr	r3, [r6, #24]
34182932:	59e9      	ldr	r1, [r5, r7]
34182934:	6970      	ldr	r0, [r6, #20]
34182936:	061b      	lsls	r3, r3, #24
34182938:	f021 517c 	bic.w	r1, r1, #1056964608	@ 0x3f000000
3418293c:	ea43 63c0 	orr.w	r3, r3, r0, lsl #27
34182940:	430b      	orrs	r3, r1
34182942:	51eb      	str	r3, [r5, r7]
34182944:	58ab      	ldr	r3, [r5, r2]
34182946:	68f1      	ldr	r1, [r6, #12]
34182948:	f003 437f 	and.w	r3, r3, #4278190080	@ 0xff000000
3418294c:	430b      	orrs	r3, r1
3418294e:	50ab      	str	r3, [r5, r2]
34182950:	59eb      	ldr	r3, [r5, r7]
34182952:	f023 0308 	bic.w	r3, r3, #8
34182956:	51eb      	str	r3, [r5, r7]
34182958:	68f3      	ldr	r3, [r6, #12]
3418295a:	b11b      	cbz	r3, 34182964 <RCC_PLL_Config+0xb0>
3418295c:	59eb      	ldr	r3, [r5, r7]
3418295e:	f043 030a 	orr.w	r3, r3, #10
34182962:	51eb      	str	r3, [r5, r7]
34182964:	59eb      	ldr	r3, [r5, r7]
34182966:	4e3a      	ldr	r6, [pc, #232]	@ (34182a50 <RCC_PLL_Config+0x19c>)
34182968:	f043 4380 	orr.w	r3, r3, #1073741824	@ 0x40000000
3418296c:	f043 0301 	orr.w	r3, r3, #1
34182970:	51eb      	str	r3, [r5, r7]
34182972:	f8c6 4800 	str.w	r4, [r6, #2048]	@ 0x800
34182976:	f7ff fea1 	bl	341826bc <HAL_GetTick>
3418297a:	4605      	mov	r5, r0
3418297c:	6873      	ldr	r3, [r6, #4]
3418297e:	421c      	tst	r4, r3
34182980:	d1a6      	bne.n	341828d0 <RCC_PLL_Config+0x1c>
34182982:	f7ff fe9b 	bl	341826bc <HAL_GetTick>
34182986:	1b40      	subs	r0, r0, r5
34182988:	2801      	cmp	r0, #1
3418298a:	d9f7      	bls.n	3418297c <RCC_PLL_Config+0xc8>
3418298c:	2003      	movs	r0, #3
3418298e:	e8bd 83f8 	ldmia.w	sp!, {r3, r4, r5, r6, r7, r8, r9, pc}
34182992:	684b      	ldr	r3, [r1, #4]
34182994:	f1b3 5f80 	cmp.w	r3, #268435456	@ 0x10000000
34182998:	d04a      	beq.n	34182a30 <RCC_PLL_Config+0x17c>
3418299a:	f1b3 5f00 	cmp.w	r3, #536870912	@ 0x20000000
3418299e:	d042      	beq.n	34182a26 <RCC_PLL_Config+0x172>
341829a0:	2b00      	cmp	r3, #0
341829a2:	d03a      	beq.n	34182a1a <RCC_PLL_Config+0x166>
341829a4:	f44f 7480 	mov.w	r4, #256	@ 0x100
341829a8:	4b25      	ldr	r3, [pc, #148]	@ (34182a40 <RCC_PLL_Config+0x18c>)
341829aa:	4084      	lsls	r4, r0
341829ac:	601c      	str	r4, [r3, #0]
341829ae:	f7ff fe85 	bl	341826bc <HAL_GetTick>
341829b2:	4f27      	ldr	r7, [pc, #156]	@ (34182a50 <RCC_PLL_Config+0x19c>)
341829b4:	4680      	mov	r8, r0
341829b6:	e005      	b.n	341829c4 <RCC_PLL_Config+0x110>
341829b8:	f7ff fe80 	bl	341826bc <HAL_GetTick>
341829bc:	eba0 0008 	sub.w	r0, r0, r8
341829c0:	2801      	cmp	r0, #1
341829c2:	d8e3      	bhi.n	3418298c <RCC_PLL_Config+0xd8>
341829c4:	687b      	ldr	r3, [r7, #4]
341829c6:	ea34 0303 	bics.w	r3, r4, r3
341829ca:	d0f5      	beq.n	341829b8 <RCC_PLL_Config+0x104>
341829cc:	491d      	ldr	r1, [pc, #116]	@ (34182a44 <RCC_PLL_Config+0x190>)
341829ce:	6872      	ldr	r2, [r6, #4]
341829d0:	586b      	ldr	r3, [r5, r1]
341829d2:	f023 43f0 	bic.w	r3, r3, #2013265920	@ 0x78000000
341829d6:	4313      	orrs	r3, r2
341829d8:	f043 6300 	orr.w	r3, r3, #134217728	@ 0x8000000
341829dc:	506b      	str	r3, [r5, r1]
341829de:	e777      	b.n	341828d0 <RCC_PLL_Config+0x1c>
341829e0:	f44f 7480 	mov.w	r4, #256	@ 0x100
341829e4:	59eb      	ldr	r3, [r5, r7]
341829e6:	4084      	lsls	r4, r0
341829e8:	f023 4380 	bic.w	r3, r3, #1073741824	@ 0x40000000
341829ec:	51eb      	str	r3, [r5, r7]
341829ee:	4b14      	ldr	r3, [pc, #80]	@ (34182a40 <RCC_PLL_Config+0x18c>)
341829f0:	4e17      	ldr	r6, [pc, #92]	@ (34182a50 <RCC_PLL_Config+0x19c>)
341829f2:	601c      	str	r4, [r3, #0]
341829f4:	f7ff fe62 	bl	341826bc <HAL_GetTick>
341829f8:	4607      	mov	r7, r0
341829fa:	e004      	b.n	34182a06 <RCC_PLL_Config+0x152>
341829fc:	f7ff fe5e 	bl	341826bc <HAL_GetTick>
34182a00:	1bc0      	subs	r0, r0, r7
34182a02:	2801      	cmp	r0, #1
34182a04:	d8c2      	bhi.n	3418298c <RCC_PLL_Config+0xd8>
34182a06:	6873      	ldr	r3, [r6, #4]
34182a08:	ea34 0303 	bics.w	r3, r4, r3
34182a0c:	d0f6      	beq.n	341829fc <RCC_PLL_Config+0x148>
34182a0e:	4a0d      	ldr	r2, [pc, #52]	@ (34182a44 <RCC_PLL_Config+0x190>)
34182a10:	58ab      	ldr	r3, [r5, r2]
34182a12:	f023 6300 	bic.w	r3, r3, #134217728	@ 0x8000000
34182a16:	50ab      	str	r3, [r5, r2]
34182a18:	e75a      	b.n	341828d0 <RCC_PLL_Config+0x1c>
34182a1a:	4b0d      	ldr	r3, [pc, #52]	@ (34182a50 <RCC_PLL_Config+0x19c>)
34182a1c:	685b      	ldr	r3, [r3, #4]
34182a1e:	0719      	lsls	r1, r3, #28
34182a20:	d4c0      	bmi.n	341829a4 <RCC_PLL_Config+0xf0>
34182a22:	2001      	movs	r0, #1
34182a24:	e755      	b.n	341828d2 <RCC_PLL_Config+0x1e>
34182a26:	4b0a      	ldr	r3, [pc, #40]	@ (34182a50 <RCC_PLL_Config+0x19c>)
34182a28:	685b      	ldr	r3, [r3, #4]
34182a2a:	06db      	lsls	r3, r3, #27
34182a2c:	d4ba      	bmi.n	341829a4 <RCC_PLL_Config+0xf0>
34182a2e:	e7f8      	b.n	34182a22 <RCC_PLL_Config+0x16e>
34182a30:	4b07      	ldr	r3, [pc, #28]	@ (34182a50 <RCC_PLL_Config+0x19c>)
34182a32:	685b      	ldr	r3, [r3, #4]
34182a34:	075a      	lsls	r2, r3, #29
34182a36:	d4b5      	bmi.n	341829a4 <RCC_PLL_Config+0xf0>
34182a38:	e7f3      	b.n	34182a22 <RCC_PLL_Config+0x16e>
34182a3a:	bf00      	nop
34182a3c:	56028088 	.word	0x56028088
34182a40:	56029000 	.word	0x56029000
34182a44:	56028080 	.word	0x56028080
34182a48:	56028084 	.word	0x56028084
34182a4c:	8c0000ff 	.word	0x8c0000ff
34182a50:	56028000 	.word	0x56028000

34182a54 <HAL_RCC_OscConfig>:
34182a54:	2800      	cmp	r0, #0
34182a56:	f000 8286 	beq.w	34182f66 <HAL_RCC_OscConfig+0x512>
34182a5a:	e92d 4ff0 	stmdb	sp!, {r4, r5, r6, r7, r8, r9, sl, fp, lr}
34182a5e:	4604      	mov	r4, r0
34182a60:	4b94      	ldr	r3, [pc, #592]	@ (34182cb4 <HAL_RCC_OscConfig+0x260>)
34182a62:	b083      	sub	sp, #12
34182a64:	f8d3 c020 	ldr.w	ip, [r3, #32]
34182a68:	6a18      	ldr	r0, [r3, #32]
34182a6a:	f8d3 1080 	ldr.w	r1, [r3, #128]	@ 0x80
34182a6e:	f8d3 2090 	ldr.w	r2, [r3, #144]	@ 0x90
34182a72:	f40c 1540 	and.w	r5, ip, #3145728	@ 0x300000
34182a76:	f002 49e0 	and.w	r9, r2, #1879048192	@ 0x70000000
34182a7a:	f8d3 20a0 	ldr.w	r2, [r3, #160]	@ 0xa0
34182a7e:	f000 5040 	and.w	r0, r0, #805306368	@ 0x30000000
34182a82:	f002 4ae0 	and.w	sl, r2, #1879048192	@ 0x70000000
34182a86:	f8d3 20b0 	ldr.w	r2, [r3, #176]	@ 0xb0
34182a8a:	685b      	ldr	r3, [r3, #4]
34182a8c:	f001 41e0 	and.w	r1, r1, #1879048192	@ 0x70000000
34182a90:	4698      	mov	r8, r3
34182a92:	6823      	ldr	r3, [r4, #0]
34182a94:	f002 4be0 	and.w	fp, r2, #1879048192	@ 0x70000000
34182a98:	07da      	lsls	r2, r3, #31
34182a9a:	462e      	mov	r6, r5
34182a9c:	4607      	mov	r7, r0
34182a9e:	9101      	str	r1, [sp, #4]
34182aa0:	d536      	bpl.n	34182b10 <HAL_RCC_OscConfig+0xbc>
34182aa2:	f5b5 1f00 	cmp.w	r5, #2097152	@ 0x200000
34182aa6:	f000 80d7 	beq.w	34182c58 <HAL_RCC_OscConfig+0x204>
34182aaa:	f1b0 5f00 	cmp.w	r0, #536870912	@ 0x20000000
34182aae:	f000 80d3 	beq.w	34182c58 <HAL_RCC_OscConfig+0x204>
34182ab2:	f1b1 5f00 	cmp.w	r1, #536870912	@ 0x20000000
34182ab6:	f000 80cb 	beq.w	34182c50 <HAL_RCC_OscConfig+0x1fc>
34182aba:	f1b9 5f00 	cmp.w	r9, #536870912	@ 0x20000000
34182abe:	f000 8266 	beq.w	34182f8e <HAL_RCC_OscConfig+0x53a>
34182ac2:	f1ba 5f00 	cmp.w	sl, #536870912	@ 0x20000000
34182ac6:	f000 82e1 	beq.w	3418308c <HAL_RCC_OscConfig+0x638>
34182aca:	f1bb 5f00 	cmp.w	fp, #536870912	@ 0x20000000
34182ace:	f000 82e2 	beq.w	34183096 <HAL_RCC_OscConfig+0x642>
34182ad2:	6863      	ldr	r3, [r4, #4]
34182ad4:	2b10      	cmp	r3, #16
34182ad6:	f000 8334 	beq.w	34183142 <HAL_RCC_OscConfig+0x6ee>
34182ada:	2b00      	cmp	r3, #0
34182adc:	f040 826b 	bne.w	34182fb6 <HAL_RCC_OscConfig+0x562>
34182ae0:	2210      	movs	r2, #16
34182ae2:	4b75      	ldr	r3, [pc, #468]	@ (34182cb8 <HAL_RCC_OscConfig+0x264>)
34182ae4:	601a      	str	r2, [r3, #0]
34182ae6:	4a73      	ldr	r2, [pc, #460]	@ (34182cb4 <HAL_RCC_OscConfig+0x260>)
34182ae8:	6d53      	ldr	r3, [r2, #84]	@ 0x54
34182aea:	f423 33c0 	bic.w	r3, r3, #98304	@ 0x18000
34182aee:	6553      	str	r3, [r2, #84]	@ 0x54
34182af0:	f7ff fde4 	bl	341826bc <HAL_GetTick>
34182af4:	6863      	ldr	r3, [r4, #4]
34182af6:	4605      	mov	r5, r0
34182af8:	b92b      	cbnz	r3, 34182b06 <HAL_RCC_OscConfig+0xb2>
34182afa:	e257      	b.n	34182fac <HAL_RCC_OscConfig+0x558>
34182afc:	f7ff fdde 	bl	341826bc <HAL_GetTick>
34182b00:	1b40      	subs	r0, r0, r5
34182b02:	2864      	cmp	r0, #100	@ 0x64
34182b04:	d83d      	bhi.n	34182b82 <HAL_RCC_OscConfig+0x12e>
34182b06:	4b6b      	ldr	r3, [pc, #428]	@ (34182cb4 <HAL_RCC_OscConfig+0x260>)
34182b08:	685b      	ldr	r3, [r3, #4]
34182b0a:	06db      	lsls	r3, r3, #27
34182b0c:	d5f6      	bpl.n	34182afc <HAL_RCC_OscConfig+0xa8>
34182b0e:	6823      	ldr	r3, [r4, #0]
34182b10:	0799      	lsls	r1, r3, #30
34182b12:	d43a      	bmi.n	34182b8a <HAL_RCC_OscConfig+0x136>
34182b14:	06d9      	lsls	r1, r3, #27
34182b16:	d555      	bpl.n	34182bc4 <HAL_RCC_OscConfig+0x170>
34182b18:	f5b6 1f80 	cmp.w	r6, #1048576	@ 0x100000
34182b1c:	f000 8184 	beq.w	34182e28 <HAL_RCC_OscConfig+0x3d4>
34182b20:	f1b7 5f80 	cmp.w	r7, #268435456	@ 0x10000000
34182b24:	f000 8180 	beq.w	34182e28 <HAL_RCC_OscConfig+0x3d4>
34182b28:	9a01      	ldr	r2, [sp, #4]
34182b2a:	f1b2 5f80 	cmp.w	r2, #268435456	@ 0x10000000
34182b2e:	f000 8177 	beq.w	34182e20 <HAL_RCC_OscConfig+0x3cc>
34182b32:	f1b9 5f80 	cmp.w	r9, #268435456	@ 0x10000000
34182b36:	f000 8308 	beq.w	3418314a <HAL_RCC_OscConfig+0x6f6>
34182b3a:	f1ba 5f80 	cmp.w	sl, #268435456	@ 0x10000000
34182b3e:	f000 827d 	beq.w	3418303c <HAL_RCC_OscConfig+0x5e8>
34182b42:	f1bb 5f80 	cmp.w	fp, #268435456	@ 0x10000000
34182b46:	f000 827e 	beq.w	34183046 <HAL_RCC_OscConfig+0x5f2>
34182b4a:	69e3      	ldr	r3, [r4, #28]
34182b4c:	2b00      	cmp	r3, #0
34182b4e:	f000 8329 	beq.w	341831a4 <HAL_RCC_OscConfig+0x750>
34182b52:	2104      	movs	r1, #4
34182b54:	4b57      	ldr	r3, [pc, #348]	@ (34182cb4 <HAL_RCC_OscConfig+0x260>)
34182b56:	6a20      	ldr	r0, [r4, #32]
34182b58:	6c5a      	ldr	r2, [r3, #68]	@ 0x44
34182b5a:	f422 7200 	bic.w	r2, r2, #512	@ 0x200
34182b5e:	4302      	orrs	r2, r0
34182b60:	645a      	str	r2, [r3, #68]	@ 0x44
34182b62:	f8c3 1800 	str.w	r1, [r3, #2048]	@ 0x800
34182b66:	f7ff fda9 	bl	341826bc <HAL_GetTick>
34182b6a:	4605      	mov	r5, r0
34182b6c:	4b51      	ldr	r3, [pc, #324]	@ (34182cb4 <HAL_RCC_OscConfig+0x260>)
34182b6e:	685a      	ldr	r2, [r3, #4]
34182b70:	0752      	lsls	r2, r2, #29
34182b72:	f100 8323 	bmi.w	341831bc <HAL_RCC_OscConfig+0x768>
34182b76:	f7ff fda1 	bl	341826bc <HAL_GetTick>
34182b7a:	1b42      	subs	r2, r0, r5
34182b7c:	2a01      	cmp	r2, #1
34182b7e:	4b4d      	ldr	r3, [pc, #308]	@ (34182cb4 <HAL_RCC_OscConfig+0x260>)
34182b80:	d9f5      	bls.n	34182b6e <HAL_RCC_OscConfig+0x11a>
34182b82:	2003      	movs	r0, #3
34182b84:	b003      	add	sp, #12
34182b86:	e8bd 8ff0 	ldmia.w	sp!, {r4, r5, r6, r7, r8, r9, sl, fp, pc}
34182b8a:	b146      	cbz	r6, 34182b9e <HAL_RCC_OscConfig+0x14a>
34182b8c:	b13f      	cbz	r7, 34182b9e <HAL_RCC_OscConfig+0x14a>
34182b8e:	9a01      	ldr	r2, [sp, #4]
34182b90:	2a00      	cmp	r2, #0
34182b92:	f040 81b7 	bne.w	34182f04 <HAL_RCC_OscConfig+0x4b0>
34182b96:	f418 7f80 	tst.w	r8, #256	@ 0x100
34182b9a:	f000 81b3 	beq.w	34182f04 <HAL_RCC_OscConfig+0x4b0>
34182b9e:	68e2      	ldr	r2, [r4, #12]
34182ba0:	2a00      	cmp	r2, #0
34182ba2:	d05b      	beq.n	34182c5c <HAL_RCC_OscConfig+0x208>
34182ba4:	4943      	ldr	r1, [pc, #268]	@ (34182cb4 <HAL_RCC_OscConfig+0x260>)
34182ba6:	6920      	ldr	r0, [r4, #16]
34182ba8:	6c8a      	ldr	r2, [r1, #72]	@ 0x48
34182baa:	f422 72c0 	bic.w	r2, r2, #384	@ 0x180
34182bae:	4302      	orrs	r2, r0
34182bb0:	648a      	str	r2, [r1, #72]	@ 0x48
34182bb2:	6c8a      	ldr	r2, [r1, #72]	@ 0x48
34182bb4:	6960      	ldr	r0, [r4, #20]
34182bb6:	f422 02fe 	bic.w	r2, r2, #8323072	@ 0x7f0000
34182bba:	ea42 4200 	orr.w	r2, r2, r0, lsl #16
34182bbe:	648a      	str	r2, [r1, #72]	@ 0x48
34182bc0:	06d9      	lsls	r1, r3, #27
34182bc2:	d4a9      	bmi.n	34182b18 <HAL_RCC_OscConfig+0xc4>
34182bc4:	071d      	lsls	r5, r3, #28
34182bc6:	d515      	bpl.n	34182bf4 <HAL_RCC_OscConfig+0x1a0>
34182bc8:	69a3      	ldr	r3, [r4, #24]
34182bca:	2b00      	cmp	r3, #0
34182bcc:	f000 81cd 	beq.w	34182f6a <HAL_RCC_OscConfig+0x516>
34182bd0:	2301      	movs	r3, #1
34182bd2:	4a38      	ldr	r2, [pc, #224]	@ (34182cb4 <HAL_RCC_OscConfig+0x260>)
34182bd4:	f8c2 3800 	str.w	r3, [r2, #2048]	@ 0x800
34182bd8:	f7ff fd70 	bl	341826bc <HAL_GetTick>
34182bdc:	4605      	mov	r5, r0
34182bde:	e004      	b.n	34182bea <HAL_RCC_OscConfig+0x196>
34182be0:	f7ff fd6c 	bl	341826bc <HAL_GetTick>
34182be4:	1b40      	subs	r0, r0, r5
34182be6:	2801      	cmp	r0, #1
34182be8:	d8cb      	bhi.n	34182b82 <HAL_RCC_OscConfig+0x12e>
34182bea:	4b32      	ldr	r3, [pc, #200]	@ (34182cb4 <HAL_RCC_OscConfig+0x260>)
34182bec:	685b      	ldr	r3, [r3, #4]
34182bee:	07d8      	lsls	r0, r3, #31
34182bf0:	d5f6      	bpl.n	34182be0 <HAL_RCC_OscConfig+0x18c>
34182bf2:	6823      	ldr	r3, [r4, #0]
34182bf4:	075a      	lsls	r2, r3, #29
34182bf6:	d535      	bpl.n	34182c64 <HAL_RCC_OscConfig+0x210>
34182bf8:	68a3      	ldr	r3, [r4, #8]
34182bfa:	2b02      	cmp	r3, #2
34182bfc:	f000 8242 	beq.w	34183084 <HAL_RCC_OscConfig+0x630>
34182c00:	2b00      	cmp	r3, #0
34182c02:	f000 8162 	beq.w	34182eca <HAL_RCC_OscConfig+0x476>
34182c06:	f248 0202 	movw	r2, #32770	@ 0x8002
34182c0a:	4293      	cmp	r3, r2
34182c0c:	f000 82e6 	beq.w	341831dc <HAL_RCC_OscConfig+0x788>
34182c10:	4a2a      	ldr	r2, [pc, #168]	@ (34182cbc <HAL_RCC_OscConfig+0x268>)
34182c12:	2102      	movs	r1, #2
34182c14:	4293      	cmp	r3, r2
34182c16:	f000 82ee 	beq.w	341831f6 <HAL_RCC_OscConfig+0x7a2>
34182c1a:	4a27      	ldr	r2, [pc, #156]	@ (34182cb8 <HAL_RCC_OscConfig+0x264>)
34182c1c:	4b25      	ldr	r3, [pc, #148]	@ (34182cb4 <HAL_RCC_OscConfig+0x260>)
34182c1e:	6011      	str	r1, [r2, #0]
34182c20:	6c1a      	ldr	r2, [r3, #64]	@ 0x40
34182c22:	f422 4200 	bic.w	r2, r2, #32768	@ 0x8000
34182c26:	641a      	str	r2, [r3, #64]	@ 0x40
34182c28:	6c1a      	ldr	r2, [r3, #64]	@ 0x40
34182c2a:	f422 3280 	bic.w	r2, r2, #65536	@ 0x10000
34182c2e:	641a      	str	r2, [r3, #64]	@ 0x40
34182c30:	f7ff fd44 	bl	341826bc <HAL_GetTick>
34182c34:	4605      	mov	r5, r0
34182c36:	4a1f      	ldr	r2, [pc, #124]	@ (34182cb4 <HAL_RCC_OscConfig+0x260>)
34182c38:	6853      	ldr	r3, [r2, #4]
34182c3a:	079b      	lsls	r3, r3, #30
34182c3c:	d412      	bmi.n	34182c64 <HAL_RCC_OscConfig+0x210>
34182c3e:	f7ff fd3d 	bl	341826bc <HAL_GetTick>
34182c42:	f241 3388 	movw	r3, #5000	@ 0x1388
34182c46:	1b40      	subs	r0, r0, r5
34182c48:	4298      	cmp	r0, r3
34182c4a:	4a1a      	ldr	r2, [pc, #104]	@ (34182cb4 <HAL_RCC_OscConfig+0x260>)
34182c4c:	d9f4      	bls.n	34182c38 <HAL_RCC_OscConfig+0x1e4>
34182c4e:	e798      	b.n	34182b82 <HAL_RCC_OscConfig+0x12e>
34182c50:	f418 7f80 	tst.w	r8, #256	@ 0x100
34182c54:	f43f af31 	beq.w	34182aba <HAL_RCC_OscConfig+0x66>
34182c58:	6863      	ldr	r3, [r4, #4]
34182c5a:	b9a3      	cbnz	r3, 34182c86 <HAL_RCC_OscConfig+0x232>
34182c5c:	2001      	movs	r0, #1
34182c5e:	b003      	add	sp, #12
34182c60:	e8bd 8ff0 	ldmia.w	sp!, {r4, r5, r6, r7, r8, r9, sl, fp, pc}
34182c64:	6aa2      	ldr	r2, [r4, #40]	@ 0x28
34182c66:	bb5a      	cbnz	r2, 34182cc0 <HAL_RCC_OscConfig+0x26c>
34182c68:	6c62      	ldr	r2, [r4, #68]	@ 0x44
34182c6a:	2a00      	cmp	r2, #0
34182c6c:	d15c      	bne.n	34182d28 <HAL_RCC_OscConfig+0x2d4>
34182c6e:	6e22      	ldr	r2, [r4, #96]	@ 0x60
34182c70:	2a00      	cmp	r2, #0
34182c72:	f040 8097 	bne.w	34182da4 <HAL_RCC_OscConfig+0x350>
34182c76:	6fe2      	ldr	r2, [r4, #124]	@ 0x7c
34182c78:	2a00      	cmp	r2, #0
34182c7a:	f040 80e5 	bne.w	34182e48 <HAL_RCC_OscConfig+0x3f4>
34182c7e:	2000      	movs	r0, #0
34182c80:	b003      	add	sp, #12
34182c82:	e8bd 8ff0 	ldmia.w	sp!, {r4, r5, r6, r7, r8, r9, sl, fp, pc}
34182c86:	f7ff fd19 	bl	341826bc <HAL_GetTick>
34182c8a:	4605      	mov	r5, r0
34182c8c:	e005      	b.n	34182c9a <HAL_RCC_OscConfig+0x246>
34182c8e:	f7ff fd15 	bl	341826bc <HAL_GetTick>
34182c92:	1b40      	subs	r0, r0, r5
34182c94:	2864      	cmp	r0, #100	@ 0x64
34182c96:	f63f af74 	bhi.w	34182b82 <HAL_RCC_OscConfig+0x12e>
34182c9a:	4b06      	ldr	r3, [pc, #24]	@ (34182cb4 <HAL_RCC_OscConfig+0x260>)
34182c9c:	685b      	ldr	r3, [r3, #4]
34182c9e:	06da      	lsls	r2, r3, #27
34182ca0:	d5f5      	bpl.n	34182c8e <HAL_RCC_OscConfig+0x23a>
34182ca2:	f7ff fd0b 	bl	341826bc <HAL_GetTick>
34182ca6:	4605      	mov	r5, r0
34182ca8:	f7ff fd08 	bl	341826bc <HAL_GetTick>
34182cac:	1b40      	subs	r0, r0, r5
34182cae:	2801      	cmp	r0, #1
34182cb0:	d9fa      	bls.n	34182ca8 <HAL_RCC_OscConfig+0x254>
34182cb2:	e72c      	b.n	34182b0e <HAL_RCC_OscConfig+0xba>
34182cb4:	56028000 	.word	0x56028000
34182cb8:	56029000 	.word	0x56029000
34182cbc:	00018002 	.word	0x00018002
34182cc0:	4bb5      	ldr	r3, [pc, #724]	@ (34182f98 <HAL_RCC_OscConfig+0x544>)
34182cc2:	6b20      	ldr	r0, [r4, #48]	@ 0x30
34182cc4:	f8d3 1080 	ldr.w	r1, [r3, #128]	@ 0x80
34182cc8:	6ba3      	ldr	r3, [r4, #56]	@ 0x38
34182cca:	f021 410c 	bic.w	r1, r1, #2348810240	@ 0x8c000000
34182cce:	021b      	lsls	r3, r3, #8
34182cd0:	ea43 5300 	orr.w	r3, r3, r0, lsl #20
34182cd4:	6ae0      	ldr	r0, [r4, #44]	@ 0x2c
34182cd6:	f021 01ff 	bic.w	r1, r1, #255	@ 0xff
34182cda:	4303      	orrs	r3, r0
34182cdc:	4299      	cmp	r1, r3
34182cde:	f000 81df 	beq.w	341830a0 <HAL_RCC_OscConfig+0x64c>
34182ce2:	4bad      	ldr	r3, [pc, #692]	@ (34182f98 <HAL_RCC_OscConfig+0x544>)
34182ce4:	685b      	ldr	r3, [r3, #4]
34182ce6:	4bac      	ldr	r3, [pc, #688]	@ (34182f98 <HAL_RCC_OscConfig+0x544>)
34182ce8:	f5b6 1f40 	cmp.w	r6, #3145728	@ 0x300000
34182cec:	f8d3 10c4 	ldr.w	r1, [r3, #196]	@ 0xc4
34182cf0:	f8d3 20c8 	ldr.w	r2, [r3, #200]	@ 0xc8
34182cf4:	f8d3 00d8 	ldr.w	r0, [r3, #216]	@ 0xd8
34182cf8:	f8d3 30ec 	ldr.w	r3, [r3, #236]	@ 0xec
34182cfc:	f000 81a8 	beq.w	34183050 <HAL_RCC_OscConfig+0x5fc>
34182d00:	f1b7 5f40 	cmp.w	r7, #805306368	@ 0x30000000
34182d04:	d108      	bne.n	34182d18 <HAL_RCC_OscConfig+0x2c4>
34182d06:	f012 5f40 	tst.w	r2, #805306368	@ 0x30000000
34182d0a:	d0a7      	beq.n	34182c5c <HAL_RCC_OscConfig+0x208>
34182d0c:	f010 5f40 	tst.w	r0, #805306368	@ 0x30000000
34182d10:	d0a4      	beq.n	34182c5c <HAL_RCC_OscConfig+0x208>
34182d12:	f013 5f40 	tst.w	r3, #805306368	@ 0x30000000
34182d16:	d0a1      	beq.n	34182c5c <HAL_RCC_OscConfig+0x208>
34182d18:	2000      	movs	r0, #0
34182d1a:	f104 0128 	add.w	r1, r4, #40	@ 0x28
34182d1e:	f7ff fdc9 	bl	341828b4 <RCC_PLL_Config>
34182d22:	2800      	cmp	r0, #0
34182d24:	d0a0      	beq.n	34182c68 <HAL_RCC_OscConfig+0x214>
34182d26:	e799      	b.n	34182c5c <HAL_RCC_OscConfig+0x208>
34182d28:	4b9b      	ldr	r3, [pc, #620]	@ (34182f98 <HAL_RCC_OscConfig+0x544>)
34182d2a:	6ce0      	ldr	r0, [r4, #76]	@ 0x4c
34182d2c:	f8d3 1090 	ldr.w	r1, [r3, #144]	@ 0x90
34182d30:	6d63      	ldr	r3, [r4, #84]	@ 0x54
34182d32:	f021 410c 	bic.w	r1, r1, #2348810240	@ 0x8c000000
34182d36:	021b      	lsls	r3, r3, #8
34182d38:	ea43 5300 	orr.w	r3, r3, r0, lsl #20
34182d3c:	6ca0      	ldr	r0, [r4, #72]	@ 0x48
34182d3e:	f021 01ff 	bic.w	r1, r1, #255	@ 0xff
34182d42:	4303      	orrs	r3, r0
34182d44:	4299      	cmp	r1, r3
34182d46:	f000 81d4 	beq.w	341830f2 <HAL_RCC_OscConfig+0x69e>
34182d4a:	4b93      	ldr	r3, [pc, #588]	@ (34182f98 <HAL_RCC_OscConfig+0x544>)
34182d4c:	685b      	ldr	r3, [r3, #4]
34182d4e:	4b92      	ldr	r3, [pc, #584]	@ (34182f98 <HAL_RCC_OscConfig+0x544>)
34182d50:	f5b6 1f40 	cmp.w	r6, #3145728	@ 0x300000
34182d54:	f8d3 00c4 	ldr.w	r0, [r3, #196]	@ 0xc4
34182d58:	f8d3 20c8 	ldr.w	r2, [r3, #200]	@ 0xc8
34182d5c:	f8d3 10d8 	ldr.w	r1, [r3, #216]	@ 0xd8
34182d60:	f8d3 30ec 	ldr.w	r3, [r3, #236]	@ 0xec
34182d64:	f000 8179 	beq.w	3418305a <HAL_RCC_OscConfig+0x606>
34182d68:	f1b7 5f40 	cmp.w	r7, #805306368	@ 0x30000000
34182d6c:	d111      	bne.n	34182d92 <HAL_RCC_OscConfig+0x33e>
34182d6e:	f002 5240 	and.w	r2, r2, #805306368	@ 0x30000000
34182d72:	f1b2 5f80 	cmp.w	r2, #268435456	@ 0x10000000
34182d76:	f43f af71 	beq.w	34182c5c <HAL_RCC_OscConfig+0x208>
34182d7a:	f001 5140 	and.w	r1, r1, #805306368	@ 0x30000000
34182d7e:	f1b1 5f80 	cmp.w	r1, #268435456	@ 0x10000000
34182d82:	f43f af6b 	beq.w	34182c5c <HAL_RCC_OscConfig+0x208>
34182d86:	f003 5340 	and.w	r3, r3, #805306368	@ 0x30000000
34182d8a:	f1b3 5f80 	cmp.w	r3, #268435456	@ 0x10000000
34182d8e:	f43f af65 	beq.w	34182c5c <HAL_RCC_OscConfig+0x208>
34182d92:	2001      	movs	r0, #1
34182d94:	f104 0144 	add.w	r1, r4, #68	@ 0x44
34182d98:	f7ff fd8c 	bl	341828b4 <RCC_PLL_Config>
34182d9c:	2800      	cmp	r0, #0
34182d9e:	f43f af66 	beq.w	34182c6e <HAL_RCC_OscConfig+0x21a>
34182da2:	e75b      	b.n	34182c5c <HAL_RCC_OscConfig+0x208>
34182da4:	4b7c      	ldr	r3, [pc, #496]	@ (34182f98 <HAL_RCC_OscConfig+0x544>)
34182da6:	6ea0      	ldr	r0, [r4, #104]	@ 0x68
34182da8:	f8d3 10a0 	ldr.w	r1, [r3, #160]	@ 0xa0
34182dac:	6f23      	ldr	r3, [r4, #112]	@ 0x70
34182dae:	f021 410c 	bic.w	r1, r1, #2348810240	@ 0x8c000000
34182db2:	021b      	lsls	r3, r3, #8
34182db4:	ea43 5300 	orr.w	r3, r3, r0, lsl #20
34182db8:	6e60      	ldr	r0, [r4, #100]	@ 0x64
34182dba:	f021 01ff 	bic.w	r1, r1, #255	@ 0xff
34182dbe:	4303      	orrs	r3, r0
34182dc0:	4299      	cmp	r1, r3
34182dc2:	f000 81c7 	beq.w	34183154 <HAL_RCC_OscConfig+0x700>
34182dc6:	4b74      	ldr	r3, [pc, #464]	@ (34182f98 <HAL_RCC_OscConfig+0x544>)
34182dc8:	685b      	ldr	r3, [r3, #4]
34182dca:	4b73      	ldr	r3, [pc, #460]	@ (34182f98 <HAL_RCC_OscConfig+0x544>)
34182dcc:	f5b6 1f40 	cmp.w	r6, #3145728	@ 0x300000
34182dd0:	f8d3 00c4 	ldr.w	r0, [r3, #196]	@ 0xc4
34182dd4:	f8d3 20c8 	ldr.w	r2, [r3, #200]	@ 0xc8
34182dd8:	f8d3 10d8 	ldr.w	r1, [r3, #216]	@ 0xd8
34182ddc:	f8d3 30ec 	ldr.w	r3, [r3, #236]	@ 0xec
34182de0:	f000 8142 	beq.w	34183068 <HAL_RCC_OscConfig+0x614>
34182de4:	f1b7 5f40 	cmp.w	r7, #805306368	@ 0x30000000
34182de8:	d111      	bne.n	34182e0e <HAL_RCC_OscConfig+0x3ba>
34182dea:	f002 5240 	and.w	r2, r2, #805306368	@ 0x30000000
34182dee:	f1b2 5f00 	cmp.w	r2, #536870912	@ 0x20000000
34182df2:	f43f af33 	beq.w	34182c5c <HAL_RCC_OscConfig+0x208>
34182df6:	f001 5140 	and.w	r1, r1, #805306368	@ 0x30000000
34182dfa:	f1b1 5f00 	cmp.w	r1, #536870912	@ 0x20000000
34182dfe:	f43f af2d 	beq.w	34182c5c <HAL_RCC_OscConfig+0x208>
34182e02:	f003 5340 	and.w	r3, r3, #805306368	@ 0x30000000
34182e06:	f1b3 5f00 	cmp.w	r3, #536870912	@ 0x20000000
34182e0a:	f43f af27 	beq.w	34182c5c <HAL_RCC_OscConfig+0x208>
34182e0e:	2002      	movs	r0, #2
34182e10:	f104 0160 	add.w	r1, r4, #96	@ 0x60
34182e14:	f7ff fd4e 	bl	341828b4 <RCC_PLL_Config>
34182e18:	2800      	cmp	r0, #0
34182e1a:	f43f af2c 	beq.w	34182c76 <HAL_RCC_OscConfig+0x222>
34182e1e:	e71d      	b.n	34182c5c <HAL_RCC_OscConfig+0x208>
34182e20:	f418 7f80 	tst.w	r8, #256	@ 0x100
34182e24:	f43f ae85 	beq.w	34182b32 <HAL_RCC_OscConfig+0xde>
34182e28:	69e2      	ldr	r2, [r4, #28]
34182e2a:	2a00      	cmp	r2, #0
34182e2c:	f43f af16 	beq.w	34182c5c <HAL_RCC_OscConfig+0x208>
34182e30:	4959      	ldr	r1, [pc, #356]	@ (34182f98 <HAL_RCC_OscConfig+0x544>)
34182e32:	6a60      	ldr	r0, [r4, #36]	@ 0x24
34182e34:	6c4a      	ldr	r2, [r1, #68]	@ 0x44
34182e36:	071d      	lsls	r5, r3, #28
34182e38:	f422 12f8 	bic.w	r2, r2, #2031616	@ 0x1f0000
34182e3c:	ea42 4200 	orr.w	r2, r2, r0, lsl #16
34182e40:	644a      	str	r2, [r1, #68]	@ 0x44
34182e42:	f57f aed7 	bpl.w	34182bf4 <HAL_RCC_OscConfig+0x1a0>
34182e46:	e6bf      	b.n	34182bc8 <HAL_RCC_OscConfig+0x174>
34182e48:	4b53      	ldr	r3, [pc, #332]	@ (34182f98 <HAL_RCC_OscConfig+0x544>)
34182e4a:	f8d4 0084 	ldr.w	r0, [r4, #132]	@ 0x84
34182e4e:	f8d3 10b0 	ldr.w	r1, [r3, #176]	@ 0xb0
34182e52:	f8d4 308c 	ldr.w	r3, [r4, #140]	@ 0x8c
34182e56:	f021 410c 	bic.w	r1, r1, #2348810240	@ 0x8c000000
34182e5a:	021b      	lsls	r3, r3, #8
34182e5c:	ea43 5300 	orr.w	r3, r3, r0, lsl #20
34182e60:	f8d4 0080 	ldr.w	r0, [r4, #128]	@ 0x80
34182e64:	f021 01ff 	bic.w	r1, r1, #255	@ 0xff
34182e68:	4303      	orrs	r3, r0
34182e6a:	4299      	cmp	r1, r3
34182e6c:	f000 80b5 	beq.w	34182fda <HAL_RCC_OscConfig+0x586>
34182e70:	4b49      	ldr	r3, [pc, #292]	@ (34182f98 <HAL_RCC_OscConfig+0x544>)
34182e72:	685b      	ldr	r3, [r3, #4]
34182e74:	4b48      	ldr	r3, [pc, #288]	@ (34182f98 <HAL_RCC_OscConfig+0x544>)
34182e76:	f5b6 1f40 	cmp.w	r6, #3145728	@ 0x300000
34182e7a:	f8d3 00c4 	ldr.w	r0, [r3, #196]	@ 0xc4
34182e7e:	f8d3 20c8 	ldr.w	r2, [r3, #200]	@ 0xc8
34182e82:	f8d3 10d8 	ldr.w	r1, [r3, #216]	@ 0xd8
34182e86:	f8d3 30ec 	ldr.w	r3, [r3, #236]	@ 0xec
34182e8a:	f000 80f4 	beq.w	34183076 <HAL_RCC_OscConfig+0x622>
34182e8e:	f1b7 5f40 	cmp.w	r7, #805306368	@ 0x30000000
34182e92:	d111      	bne.n	34182eb8 <HAL_RCC_OscConfig+0x464>
34182e94:	f002 5240 	and.w	r2, r2, #805306368	@ 0x30000000
34182e98:	f1b2 5f40 	cmp.w	r2, #805306368	@ 0x30000000
34182e9c:	f43f aede 	beq.w	34182c5c <HAL_RCC_OscConfig+0x208>
34182ea0:	f001 5140 	and.w	r1, r1, #805306368	@ 0x30000000
34182ea4:	f1b1 5f40 	cmp.w	r1, #805306368	@ 0x30000000
34182ea8:	f43f aed8 	beq.w	34182c5c <HAL_RCC_OscConfig+0x208>
34182eac:	f003 5340 	and.w	r3, r3, #805306368	@ 0x30000000
34182eb0:	f1b3 5f40 	cmp.w	r3, #805306368	@ 0x30000000
34182eb4:	f43f aed2 	beq.w	34182c5c <HAL_RCC_OscConfig+0x208>
34182eb8:	2003      	movs	r0, #3
34182eba:	f104 017c 	add.w	r1, r4, #124	@ 0x7c
34182ebe:	f7ff fcf9 	bl	341828b4 <RCC_PLL_Config>
34182ec2:	3800      	subs	r0, #0
34182ec4:	bf18      	it	ne
34182ec6:	2001      	movne	r0, #1
34182ec8:	e6c9      	b.n	34182c5e <HAL_RCC_OscConfig+0x20a>
34182eca:	2102      	movs	r1, #2
34182ecc:	4a33      	ldr	r2, [pc, #204]	@ (34182f9c <HAL_RCC_OscConfig+0x548>)
34182ece:	4b32      	ldr	r3, [pc, #200]	@ (34182f98 <HAL_RCC_OscConfig+0x544>)
34182ed0:	6011      	str	r1, [r2, #0]
34182ed2:	6c1a      	ldr	r2, [r3, #64]	@ 0x40
34182ed4:	f422 3280 	bic.w	r2, r2, #65536	@ 0x10000
34182ed8:	641a      	str	r2, [r3, #64]	@ 0x40
34182eda:	6c1a      	ldr	r2, [r3, #64]	@ 0x40
34182edc:	f422 4200 	bic.w	r2, r2, #32768	@ 0x8000
34182ee0:	641a      	str	r2, [r3, #64]	@ 0x40
34182ee2:	f7ff fbeb 	bl	341826bc <HAL_GetTick>
34182ee6:	4605      	mov	r5, r0
34182ee8:	4b2b      	ldr	r3, [pc, #172]	@ (34182f98 <HAL_RCC_OscConfig+0x544>)
34182eea:	685a      	ldr	r2, [r3, #4]
34182eec:	0790      	lsls	r0, r2, #30
34182eee:	f57f aeb9 	bpl.w	34182c64 <HAL_RCC_OscConfig+0x210>
34182ef2:	f7ff fbe3 	bl	341826bc <HAL_GetTick>
34182ef6:	f241 3288 	movw	r2, #5000	@ 0x1388
34182efa:	1b40      	subs	r0, r0, r5
34182efc:	4290      	cmp	r0, r2
34182efe:	4b26      	ldr	r3, [pc, #152]	@ (34182f98 <HAL_RCC_OscConfig+0x544>)
34182f00:	d9f3      	bls.n	34182eea <HAL_RCC_OscConfig+0x496>
34182f02:	e63e      	b.n	34182b82 <HAL_RCC_OscConfig+0x12e>
34182f04:	f1b9 0f00 	cmp.w	r9, #0
34182f08:	f000 8093 	beq.w	34183032 <HAL_RCC_OscConfig+0x5de>
34182f0c:	f1ba 0f00 	cmp.w	sl, #0
34182f10:	d103      	bne.n	34182f1a <HAL_RCC_OscConfig+0x4c6>
34182f12:	f418 6f80 	tst.w	r8, #1024	@ 0x400
34182f16:	f47f ae42 	bne.w	34182b9e <HAL_RCC_OscConfig+0x14a>
34182f1a:	f1bb 0f00 	cmp.w	fp, #0
34182f1e:	d103      	bne.n	34182f28 <HAL_RCC_OscConfig+0x4d4>
34182f20:	f418 6f00 	tst.w	r8, #2048	@ 0x800
34182f24:	f47f ae3b 	bne.w	34182b9e <HAL_RCC_OscConfig+0x14a>
34182f28:	68e3      	ldr	r3, [r4, #12]
34182f2a:	2208      	movs	r2, #8
34182f2c:	2b00      	cmp	r3, #0
34182f2e:	f000 816e 	beq.w	3418320e <HAL_RCC_OscConfig+0x7ba>
34182f32:	4b19      	ldr	r3, [pc, #100]	@ (34182f98 <HAL_RCC_OscConfig+0x544>)
34182f34:	f8c3 2800 	str.w	r2, [r3, #2048]	@ 0x800
34182f38:	f7ff fbc0 	bl	341826bc <HAL_GetTick>
34182f3c:	4605      	mov	r5, r0
34182f3e:	4b16      	ldr	r3, [pc, #88]	@ (34182f98 <HAL_RCC_OscConfig+0x544>)
34182f40:	685a      	ldr	r2, [r3, #4]
34182f42:	0712      	lsls	r2, r2, #28
34182f44:	f140 816e 	bpl.w	34183224 <HAL_RCC_OscConfig+0x7d0>
34182f48:	6c9a      	ldr	r2, [r3, #72]	@ 0x48
34182f4a:	6921      	ldr	r1, [r4, #16]
34182f4c:	f422 72c0 	bic.w	r2, r2, #384	@ 0x180
34182f50:	430a      	orrs	r2, r1
34182f52:	649a      	str	r2, [r3, #72]	@ 0x48
34182f54:	6c9a      	ldr	r2, [r3, #72]	@ 0x48
34182f56:	6961      	ldr	r1, [r4, #20]
34182f58:	f422 02fe 	bic.w	r2, r2, #8323072	@ 0x7f0000
34182f5c:	ea42 4201 	orr.w	r2, r2, r1, lsl #16
34182f60:	649a      	str	r2, [r3, #72]	@ 0x48
34182f62:	6823      	ldr	r3, [r4, #0]
34182f64:	e5d6      	b.n	34182b14 <HAL_RCC_OscConfig+0xc0>
34182f66:	2001      	movs	r0, #1
34182f68:	4770      	bx	lr
34182f6a:	2201      	movs	r2, #1
34182f6c:	4b0b      	ldr	r3, [pc, #44]	@ (34182f9c <HAL_RCC_OscConfig+0x548>)
34182f6e:	601a      	str	r2, [r3, #0]
34182f70:	f7ff fba4 	bl	341826bc <HAL_GetTick>
34182f74:	4605      	mov	r5, r0
34182f76:	e005      	b.n	34182f84 <HAL_RCC_OscConfig+0x530>
34182f78:	f7ff fba0 	bl	341826bc <HAL_GetTick>
34182f7c:	1b40      	subs	r0, r0, r5
34182f7e:	2801      	cmp	r0, #1
34182f80:	f63f adff 	bhi.w	34182b82 <HAL_RCC_OscConfig+0x12e>
34182f84:	4b04      	ldr	r3, [pc, #16]	@ (34182f98 <HAL_RCC_OscConfig+0x544>)
34182f86:	685b      	ldr	r3, [r3, #4]
34182f88:	07d9      	lsls	r1, r3, #31
34182f8a:	d4f5      	bmi.n	34182f78 <HAL_RCC_OscConfig+0x524>
34182f8c:	e631      	b.n	34182bf2 <HAL_RCC_OscConfig+0x19e>
34182f8e:	f418 7f00 	tst.w	r8, #512	@ 0x200
34182f92:	f47f ae61 	bne.w	34182c58 <HAL_RCC_OscConfig+0x204>
34182f96:	e594      	b.n	34182ac2 <HAL_RCC_OscConfig+0x6e>
34182f98:	56028000 	.word	0x56028000
34182f9c:	56029000 	.word	0x56029000
34182fa0:	f7ff fb8c 	bl	341826bc <HAL_GetTick>
34182fa4:	1b40      	subs	r0, r0, r5
34182fa6:	2864      	cmp	r0, #100	@ 0x64
34182fa8:	f63f adeb 	bhi.w	34182b82 <HAL_RCC_OscConfig+0x12e>
34182fac:	4bab      	ldr	r3, [pc, #684]	@ (3418325c <HAL_RCC_OscConfig+0x808>)
34182fae:	685b      	ldr	r3, [r3, #4]
34182fb0:	06d8      	lsls	r0, r3, #27
34182fb2:	d4f5      	bmi.n	34182fa0 <HAL_RCC_OscConfig+0x54c>
34182fb4:	e5ab      	b.n	34182b0e <HAL_RCC_OscConfig+0xba>
34182fb6:	f248 0210 	movw	r2, #32784	@ 0x8010
34182fba:	4293      	cmp	r3, r2
34182fbc:	f000 8141 	beq.w	34183242 <HAL_RCC_OscConfig+0x7ee>
34182fc0:	4aa7      	ldr	r2, [pc, #668]	@ (34183260 <HAL_RCC_OscConfig+0x80c>)
34182fc2:	4293      	cmp	r3, r2
34182fc4:	f47f ad8c 	bne.w	34182ae0 <HAL_RCC_OscConfig+0x8c>
34182fc8:	2110      	movs	r1, #16
34182fca:	4ba4      	ldr	r3, [pc, #656]	@ (3418325c <HAL_RCC_OscConfig+0x808>)
34182fcc:	6d5a      	ldr	r2, [r3, #84]	@ 0x54
34182fce:	f442 32c0 	orr.w	r2, r2, #98304	@ 0x18000
34182fd2:	655a      	str	r2, [r3, #84]	@ 0x54
34182fd4:	f8c3 1800 	str.w	r1, [r3, #2048]	@ 0x800
34182fd8:	e58a      	b.n	34182af0 <HAL_RCC_OscConfig+0x9c>
34182fda:	4ba0      	ldr	r3, [pc, #640]	@ (3418325c <HAL_RCC_OscConfig+0x808>)
34182fdc:	f8d4 1088 	ldr.w	r1, [r4, #136]	@ 0x88
34182fe0:	f8d3 30b4 	ldr.w	r3, [r3, #180]	@ 0xb4
34182fe4:	f023 437f 	bic.w	r3, r3, #4278190080	@ 0xff000000
34182fe8:	428b      	cmp	r3, r1
34182fea:	f47f af41 	bne.w	34182e70 <HAL_RCC_OscConfig+0x41c>
34182fee:	4b9b      	ldr	r3, [pc, #620]	@ (3418325c <HAL_RCC_OscConfig+0x808>)
34182ff0:	f8d4 0090 	ldr.w	r0, [r4, #144]	@ 0x90
34182ff4:	f8d3 10b8 	ldr.w	r1, [r3, #184]	@ 0xb8
34182ff8:	f8d4 3094 	ldr.w	r3, [r4, #148]	@ 0x94
34182ffc:	f001 517c 	and.w	r1, r1, #1056964608	@ 0x3f000000
34183000:	061b      	lsls	r3, r3, #24
34183002:	ea43 63c0 	orr.w	r3, r3, r0, lsl #27
34183006:	4299      	cmp	r1, r3
34183008:	f47f af32 	bne.w	34182e70 <HAL_RCC_OscConfig+0x41c>
3418300c:	4993      	ldr	r1, [pc, #588]	@ (3418325c <HAL_RCC_OscConfig+0x808>)
3418300e:	684b      	ldr	r3, [r1, #4]
34183010:	051d      	lsls	r5, r3, #20
34183012:	f100 8182 	bmi.w	3418331a <HAL_RCC_OscConfig+0x8c6>
34183016:	f8d1 30b0 	ldr.w	r3, [r1, #176]	@ 0xb0
3418301a:	0118      	lsls	r0, r3, #4
3418301c:	f100 816c 	bmi.w	341832f8 <HAL_RCC_OscConfig+0x8a4>
34183020:	684b      	ldr	r3, [r1, #4]
34183022:	f413 6300 	ands.w	r3, r3, #2048	@ 0x800
34183026:	f040 81c9 	bne.w	341833bc <HAL_RCC_OscConfig+0x968>
3418302a:	2a01      	cmp	r2, #1
3418302c:	f43f ae27 	beq.w	34182c7e <HAL_RCC_OscConfig+0x22a>
34183030:	e720      	b.n	34182e74 <HAL_RCC_OscConfig+0x420>
34183032:	f418 7f00 	tst.w	r8, #512	@ 0x200
34183036:	f47f adb2 	bne.w	34182b9e <HAL_RCC_OscConfig+0x14a>
3418303a:	e767      	b.n	34182f0c <HAL_RCC_OscConfig+0x4b8>
3418303c:	f418 6f80 	tst.w	r8, #1024	@ 0x400
34183040:	f47f aef2 	bne.w	34182e28 <HAL_RCC_OscConfig+0x3d4>
34183044:	e57d      	b.n	34182b42 <HAL_RCC_OscConfig+0xee>
34183046:	f418 6f00 	tst.w	r8, #2048	@ 0x800
3418304a:	f43f ad7e 	beq.w	34182b4a <HAL_RCC_OscConfig+0xf6>
3418304e:	e6eb      	b.n	34182e28 <HAL_RCC_OscConfig+0x3d4>
34183050:	f011 5f40 	tst.w	r1, #805306368	@ 0x30000000
34183054:	f47f ae54 	bne.w	34182d00 <HAL_RCC_OscConfig+0x2ac>
34183058:	e600      	b.n	34182c5c <HAL_RCC_OscConfig+0x208>
3418305a:	f000 5040 	and.w	r0, r0, #805306368	@ 0x30000000
3418305e:	f1b0 5f80 	cmp.w	r0, #268435456	@ 0x10000000
34183062:	f47f ae81 	bne.w	34182d68 <HAL_RCC_OscConfig+0x314>
34183066:	e5f9      	b.n	34182c5c <HAL_RCC_OscConfig+0x208>
34183068:	f000 5040 	and.w	r0, r0, #805306368	@ 0x30000000
3418306c:	f1b0 5f00 	cmp.w	r0, #536870912	@ 0x20000000
34183070:	f47f aeb8 	bne.w	34182de4 <HAL_RCC_OscConfig+0x390>
34183074:	e5f2      	b.n	34182c5c <HAL_RCC_OscConfig+0x208>
34183076:	f000 5040 	and.w	r0, r0, #805306368	@ 0x30000000
3418307a:	f1b0 5f40 	cmp.w	r0, #805306368	@ 0x30000000
3418307e:	f47f af06 	bne.w	34182e8e <HAL_RCC_OscConfig+0x43a>
34183082:	e5eb      	b.n	34182c5c <HAL_RCC_OscConfig+0x208>
34183084:	4a75      	ldr	r2, [pc, #468]	@ (3418325c <HAL_RCC_OscConfig+0x808>)
34183086:	f8c2 3800 	str.w	r3, [r2, #2048]	@ 0x800
3418308a:	e5d1      	b.n	34182c30 <HAL_RCC_OscConfig+0x1dc>
3418308c:	f418 6f80 	tst.w	r8, #1024	@ 0x400
34183090:	f47f ade2 	bne.w	34182c58 <HAL_RCC_OscConfig+0x204>
34183094:	e519      	b.n	34182aca <HAL_RCC_OscConfig+0x76>
34183096:	f418 6f00 	tst.w	r8, #2048	@ 0x800
3418309a:	f43f ad1a 	beq.w	34182ad2 <HAL_RCC_OscConfig+0x7e>
3418309e:	e5db      	b.n	34182c58 <HAL_RCC_OscConfig+0x204>
341830a0:	4b6e      	ldr	r3, [pc, #440]	@ (3418325c <HAL_RCC_OscConfig+0x808>)
341830a2:	6b61      	ldr	r1, [r4, #52]	@ 0x34
341830a4:	f8d3 3084 	ldr.w	r3, [r3, #132]	@ 0x84
341830a8:	f023 437f 	bic.w	r3, r3, #4278190080	@ 0xff000000
341830ac:	428b      	cmp	r3, r1
341830ae:	f47f ae18 	bne.w	34182ce2 <HAL_RCC_OscConfig+0x28e>
341830b2:	4b6a      	ldr	r3, [pc, #424]	@ (3418325c <HAL_RCC_OscConfig+0x808>)
341830b4:	6be0      	ldr	r0, [r4, #60]	@ 0x3c
341830b6:	f8d3 1088 	ldr.w	r1, [r3, #136]	@ 0x88
341830ba:	6c23      	ldr	r3, [r4, #64]	@ 0x40
341830bc:	f001 517c 	and.w	r1, r1, #1056964608	@ 0x3f000000
341830c0:	061b      	lsls	r3, r3, #24
341830c2:	ea43 63c0 	orr.w	r3, r3, r0, lsl #27
341830c6:	4299      	cmp	r1, r3
341830c8:	f47f ae0b 	bne.w	34182ce2 <HAL_RCC_OscConfig+0x28e>
341830cc:	4b63      	ldr	r3, [pc, #396]	@ (3418325c <HAL_RCC_OscConfig+0x808>)
341830ce:	685b      	ldr	r3, [r3, #4]
341830d0:	05d9      	lsls	r1, r3, #23
341830d2:	f100 80d2 	bmi.w	3418327a <HAL_RCC_OscConfig+0x826>
341830d6:	4961      	ldr	r1, [pc, #388]	@ (3418325c <HAL_RCC_OscConfig+0x808>)
341830d8:	f8d1 3080 	ldr.w	r3, [r1, #128]	@ 0x80
341830dc:	011d      	lsls	r5, r3, #4
341830de:	f100 80c3 	bmi.w	34183268 <HAL_RCC_OscConfig+0x814>
341830e2:	684b      	ldr	r3, [r1, #4]
341830e4:	05d8      	lsls	r0, r3, #23
341830e6:	f100 815a 	bmi.w	3418339e <HAL_RCC_OscConfig+0x94a>
341830ea:	2a01      	cmp	r2, #1
341830ec:	f43f adbc 	beq.w	34182c68 <HAL_RCC_OscConfig+0x214>
341830f0:	e5f9      	b.n	34182ce6 <HAL_RCC_OscConfig+0x292>
341830f2:	4b5a      	ldr	r3, [pc, #360]	@ (3418325c <HAL_RCC_OscConfig+0x808>)
341830f4:	6d21      	ldr	r1, [r4, #80]	@ 0x50
341830f6:	f8d3 3094 	ldr.w	r3, [r3, #148]	@ 0x94
341830fa:	f023 437f 	bic.w	r3, r3, #4278190080	@ 0xff000000
341830fe:	428b      	cmp	r3, r1
34183100:	f47f ae23 	bne.w	34182d4a <HAL_RCC_OscConfig+0x2f6>
34183104:	4b55      	ldr	r3, [pc, #340]	@ (3418325c <HAL_RCC_OscConfig+0x808>)
34183106:	6da0      	ldr	r0, [r4, #88]	@ 0x58
34183108:	f8d3 1098 	ldr.w	r1, [r3, #152]	@ 0x98
3418310c:	6de3      	ldr	r3, [r4, #92]	@ 0x5c
3418310e:	f001 517c 	and.w	r1, r1, #1056964608	@ 0x3f000000
34183112:	061b      	lsls	r3, r3, #24
34183114:	ea43 63c0 	orr.w	r3, r3, r0, lsl #27
34183118:	4299      	cmp	r1, r3
3418311a:	f47f ae16 	bne.w	34182d4a <HAL_RCC_OscConfig+0x2f6>
3418311e:	494f      	ldr	r1, [pc, #316]	@ (3418325c <HAL_RCC_OscConfig+0x808>)
34183120:	684b      	ldr	r3, [r1, #4]
34183122:	0598      	lsls	r0, r3, #22
34183124:	f100 80cd 	bmi.w	341832c2 <HAL_RCC_OscConfig+0x86e>
34183128:	f8d1 3090 	ldr.w	r3, [r1, #144]	@ 0x90
3418312c:	011b      	lsls	r3, r3, #4
3418312e:	f100 80c0 	bmi.w	341832b2 <HAL_RCC_OscConfig+0x85e>
34183132:	684b      	ldr	r3, [r1, #4]
34183134:	059d      	lsls	r5, r3, #22
34183136:	f100 8134 	bmi.w	341833a2 <HAL_RCC_OscConfig+0x94e>
3418313a:	2a01      	cmp	r2, #1
3418313c:	f43f ad97 	beq.w	34182c6e <HAL_RCC_OscConfig+0x21a>
34183140:	e605      	b.n	34182d4e <HAL_RCC_OscConfig+0x2fa>
34183142:	4a46      	ldr	r2, [pc, #280]	@ (3418325c <HAL_RCC_OscConfig+0x808>)
34183144:	f8c2 3800 	str.w	r3, [r2, #2048]	@ 0x800
34183148:	e4d2      	b.n	34182af0 <HAL_RCC_OscConfig+0x9c>
3418314a:	f418 7f00 	tst.w	r8, #512	@ 0x200
3418314e:	f47f ae6b 	bne.w	34182e28 <HAL_RCC_OscConfig+0x3d4>
34183152:	e4f2      	b.n	34182b3a <HAL_RCC_OscConfig+0xe6>
34183154:	4b41      	ldr	r3, [pc, #260]	@ (3418325c <HAL_RCC_OscConfig+0x808>)
34183156:	6ee1      	ldr	r1, [r4, #108]	@ 0x6c
34183158:	f8d3 30a4 	ldr.w	r3, [r3, #164]	@ 0xa4
3418315c:	f023 437f 	bic.w	r3, r3, #4278190080	@ 0xff000000
34183160:	428b      	cmp	r3, r1
34183162:	f47f ae30 	bne.w	34182dc6 <HAL_RCC_OscConfig+0x372>
34183166:	4b3d      	ldr	r3, [pc, #244]	@ (3418325c <HAL_RCC_OscConfig+0x808>)
34183168:	6f60      	ldr	r0, [r4, #116]	@ 0x74
3418316a:	f8d3 10a8 	ldr.w	r1, [r3, #168]	@ 0xa8
3418316e:	6fa3      	ldr	r3, [r4, #120]	@ 0x78
34183170:	f001 517c 	and.w	r1, r1, #1056964608	@ 0x3f000000
34183174:	061b      	lsls	r3, r3, #24
34183176:	ea43 63c0 	orr.w	r3, r3, r0, lsl #27
3418317a:	4299      	cmp	r1, r3
3418317c:	f47f ae23 	bne.w	34182dc6 <HAL_RCC_OscConfig+0x372>
34183180:	4936      	ldr	r1, [pc, #216]	@ (3418325c <HAL_RCC_OscConfig+0x808>)
34183182:	684b      	ldr	r3, [r1, #4]
34183184:	0558      	lsls	r0, r3, #21
34183186:	f100 80e3 	bmi.w	34183350 <HAL_RCC_OscConfig+0x8fc>
3418318a:	f8d1 30a0 	ldr.w	r3, [r1, #160]	@ 0xa0
3418318e:	011b      	lsls	r3, r3, #4
34183190:	f100 80bb 	bmi.w	3418330a <HAL_RCC_OscConfig+0x8b6>
34183194:	684b      	ldr	r3, [r1, #4]
34183196:	055d      	lsls	r5, r3, #21
34183198:	f100 80ff 	bmi.w	3418339a <HAL_RCC_OscConfig+0x946>
3418319c:	2a01      	cmp	r2, #1
3418319e:	f43f ad6a 	beq.w	34182c76 <HAL_RCC_OscConfig+0x222>
341831a2:	e612      	b.n	34182dca <HAL_RCC_OscConfig+0x376>
341831a4:	2204      	movs	r2, #4
341831a6:	4b2f      	ldr	r3, [pc, #188]	@ (34183264 <HAL_RCC_OscConfig+0x810>)
341831a8:	601a      	str	r2, [r3, #0]
341831aa:	f7ff fa87 	bl	341826bc <HAL_GetTick>
341831ae:	4605      	mov	r5, r0
341831b0:	4a2a      	ldr	r2, [pc, #168]	@ (3418325c <HAL_RCC_OscConfig+0x808>)
341831b2:	6853      	ldr	r3, [r2, #4]
341831b4:	075b      	lsls	r3, r3, #29
341831b6:	d40a      	bmi.n	341831ce <HAL_RCC_OscConfig+0x77a>
341831b8:	6823      	ldr	r3, [r4, #0]
341831ba:	e503      	b.n	34182bc4 <HAL_RCC_OscConfig+0x170>
341831bc:	6c5a      	ldr	r2, [r3, #68]	@ 0x44
341831be:	6a61      	ldr	r1, [r4, #36]	@ 0x24
341831c0:	f422 12f8 	bic.w	r2, r2, #2031616	@ 0x1f0000
341831c4:	ea42 4201 	orr.w	r2, r2, r1, lsl #16
341831c8:	645a      	str	r2, [r3, #68]	@ 0x44
341831ca:	6823      	ldr	r3, [r4, #0]
341831cc:	e4fa      	b.n	34182bc4 <HAL_RCC_OscConfig+0x170>
341831ce:	f7ff fa75 	bl	341826bc <HAL_GetTick>
341831d2:	1b43      	subs	r3, r0, r5
341831d4:	2b01      	cmp	r3, #1
341831d6:	4a21      	ldr	r2, [pc, #132]	@ (3418325c <HAL_RCC_OscConfig+0x808>)
341831d8:	d9eb      	bls.n	341831b2 <HAL_RCC_OscConfig+0x75e>
341831da:	e4d2      	b.n	34182b82 <HAL_RCC_OscConfig+0x12e>
341831dc:	2102      	movs	r1, #2
341831de:	4b1f      	ldr	r3, [pc, #124]	@ (3418325c <HAL_RCC_OscConfig+0x808>)
341831e0:	6c1a      	ldr	r2, [r3, #64]	@ 0x40
341831e2:	f442 4200 	orr.w	r2, r2, #32768	@ 0x8000
341831e6:	641a      	str	r2, [r3, #64]	@ 0x40
341831e8:	6c1a      	ldr	r2, [r3, #64]	@ 0x40
341831ea:	f422 3280 	bic.w	r2, r2, #65536	@ 0x10000
341831ee:	641a      	str	r2, [r3, #64]	@ 0x40
341831f0:	f8c3 1800 	str.w	r1, [r3, #2048]	@ 0x800
341831f4:	e51c      	b.n	34182c30 <HAL_RCC_OscConfig+0x1dc>
341831f6:	4b19      	ldr	r3, [pc, #100]	@ (3418325c <HAL_RCC_OscConfig+0x808>)
341831f8:	6c1a      	ldr	r2, [r3, #64]	@ 0x40
341831fa:	f442 4200 	orr.w	r2, r2, #32768	@ 0x8000
341831fe:	641a      	str	r2, [r3, #64]	@ 0x40
34183200:	6c1a      	ldr	r2, [r3, #64]	@ 0x40
34183202:	f442 3280 	orr.w	r2, r2, #65536	@ 0x10000
34183206:	641a      	str	r2, [r3, #64]	@ 0x40
34183208:	f8c3 1800 	str.w	r1, [r3, #2048]	@ 0x800
3418320c:	e510      	b.n	34182c30 <HAL_RCC_OscConfig+0x1dc>
3418320e:	4b15      	ldr	r3, [pc, #84]	@ (34183264 <HAL_RCC_OscConfig+0x810>)
34183210:	601a      	str	r2, [r3, #0]
34183212:	f7ff fa53 	bl	341826bc <HAL_GetTick>
34183216:	4605      	mov	r5, r0
34183218:	4a10      	ldr	r2, [pc, #64]	@ (3418325c <HAL_RCC_OscConfig+0x808>)
3418321a:	6853      	ldr	r3, [r2, #4]
3418321c:	0718      	lsls	r0, r3, #28
3418321e:	d409      	bmi.n	34183234 <HAL_RCC_OscConfig+0x7e0>
34183220:	6823      	ldr	r3, [r4, #0]
34183222:	e477      	b.n	34182b14 <HAL_RCC_OscConfig+0xc0>
34183224:	f7ff fa4a 	bl	341826bc <HAL_GetTick>
34183228:	1b42      	subs	r2, r0, r5
3418322a:	2a01      	cmp	r2, #1
3418322c:	4b0b      	ldr	r3, [pc, #44]	@ (3418325c <HAL_RCC_OscConfig+0x808>)
3418322e:	f67f ae87 	bls.w	34182f40 <HAL_RCC_OscConfig+0x4ec>
34183232:	e4a6      	b.n	34182b82 <HAL_RCC_OscConfig+0x12e>
34183234:	f7ff fa42 	bl	341826bc <HAL_GetTick>
34183238:	1b43      	subs	r3, r0, r5
3418323a:	2b01      	cmp	r3, #1
3418323c:	4a07      	ldr	r2, [pc, #28]	@ (3418325c <HAL_RCC_OscConfig+0x808>)
3418323e:	d9ec      	bls.n	3418321a <HAL_RCC_OscConfig+0x7c6>
34183240:	e49f      	b.n	34182b82 <HAL_RCC_OscConfig+0x12e>
34183242:	2110      	movs	r1, #16
34183244:	4b05      	ldr	r3, [pc, #20]	@ (3418325c <HAL_RCC_OscConfig+0x808>)
34183246:	6d5a      	ldr	r2, [r3, #84]	@ 0x54
34183248:	f442 4200 	orr.w	r2, r2, #32768	@ 0x8000
3418324c:	655a      	str	r2, [r3, #84]	@ 0x54
3418324e:	6d5a      	ldr	r2, [r3, #84]	@ 0x54
34183250:	f422 3280 	bic.w	r2, r2, #65536	@ 0x10000
34183254:	655a      	str	r2, [r3, #84]	@ 0x54
34183256:	f8c3 1800 	str.w	r1, [r3, #2048]	@ 0x800
3418325a:	e449      	b.n	34182af0 <HAL_RCC_OscConfig+0x9c>
3418325c:	56028000 	.word	0x56028000
34183260:	00018010 	.word	0x00018010
34183264:	56029000 	.word	0x56029000
34183268:	4b5a      	ldr	r3, [pc, #360]	@ (341833d4 <HAL_RCC_OscConfig+0x980>)
3418326a:	685b      	ldr	r3, [r3, #4]
3418326c:	05d9      	lsls	r1, r3, #23
3418326e:	f100 808a 	bmi.w	34183386 <HAL_RCC_OscConfig+0x932>
34183272:	2a03      	cmp	r2, #3
34183274:	f43f acf8 	beq.w	34182c68 <HAL_RCC_OscConfig+0x214>
34183278:	e535      	b.n	34182ce6 <HAL_RCC_OscConfig+0x292>
3418327a:	4b56      	ldr	r3, [pc, #344]	@ (341833d4 <HAL_RCC_OscConfig+0x980>)
3418327c:	685b      	ldr	r3, [r3, #4]
3418327e:	05db      	lsls	r3, r3, #23
34183280:	f100 8094 	bmi.w	341833ac <HAL_RCC_OscConfig+0x958>
34183284:	2a02      	cmp	r2, #2
34183286:	f47f ad2e 	bne.w	34182ce6 <HAL_RCC_OscConfig+0x292>
3418328a:	f44f 7380 	mov.w	r3, #256	@ 0x100
3418328e:	4a51      	ldr	r2, [pc, #324]	@ (341833d4 <HAL_RCC_OscConfig+0x980>)
34183290:	f8c2 3800 	str.w	r3, [r2, #2048]	@ 0x800
34183294:	f7ff fa12 	bl	341826bc <HAL_GetTick>
34183298:	4605      	mov	r5, r0
3418329a:	e005      	b.n	341832a8 <HAL_RCC_OscConfig+0x854>
3418329c:	f7ff fa0e 	bl	341826bc <HAL_GetTick>
341832a0:	1b40      	subs	r0, r0, r5
341832a2:	2801      	cmp	r0, #1
341832a4:	f63f acda 	bhi.w	34182c5c <HAL_RCC_OscConfig+0x208>
341832a8:	4b4a      	ldr	r3, [pc, #296]	@ (341833d4 <HAL_RCC_OscConfig+0x980>)
341832aa:	685b      	ldr	r3, [r3, #4]
341832ac:	05db      	lsls	r3, r3, #23
341832ae:	d5f5      	bpl.n	3418329c <HAL_RCC_OscConfig+0x848>
341832b0:	e4da      	b.n	34182c68 <HAL_RCC_OscConfig+0x214>
341832b2:	4b48      	ldr	r3, [pc, #288]	@ (341833d4 <HAL_RCC_OscConfig+0x980>)
341832b4:	685b      	ldr	r3, [r3, #4]
341832b6:	0598      	lsls	r0, r3, #22
341832b8:	d47a      	bmi.n	341833b0 <HAL_RCC_OscConfig+0x95c>
341832ba:	2a03      	cmp	r2, #3
341832bc:	f43f acd7 	beq.w	34182c6e <HAL_RCC_OscConfig+0x21a>
341832c0:	e545      	b.n	34182d4e <HAL_RCC_OscConfig+0x2fa>
341832c2:	4b44      	ldr	r3, [pc, #272]	@ (341833d4 <HAL_RCC_OscConfig+0x980>)
341832c4:	685b      	ldr	r3, [r3, #4]
341832c6:	0599      	lsls	r1, r3, #22
341832c8:	d474      	bmi.n	341833b4 <HAL_RCC_OscConfig+0x960>
341832ca:	2a02      	cmp	r2, #2
341832cc:	f47f ad3f 	bne.w	34182d4e <HAL_RCC_OscConfig+0x2fa>
341832d0:	f44f 7300 	mov.w	r3, #512	@ 0x200
341832d4:	4a3f      	ldr	r2, [pc, #252]	@ (341833d4 <HAL_RCC_OscConfig+0x980>)
341832d6:	f8c2 3800 	str.w	r3, [r2, #2048]	@ 0x800
341832da:	f7ff f9ef 	bl	341826bc <HAL_GetTick>
341832de:	4605      	mov	r5, r0
341832e0:	e005      	b.n	341832ee <HAL_RCC_OscConfig+0x89a>
341832e2:	f7ff f9eb 	bl	341826bc <HAL_GetTick>
341832e6:	1b40      	subs	r0, r0, r5
341832e8:	2801      	cmp	r0, #1
341832ea:	f63f acb7 	bhi.w	34182c5c <HAL_RCC_OscConfig+0x208>
341832ee:	4b39      	ldr	r3, [pc, #228]	@ (341833d4 <HAL_RCC_OscConfig+0x980>)
341832f0:	685b      	ldr	r3, [r3, #4]
341832f2:	059b      	lsls	r3, r3, #22
341832f4:	d5f5      	bpl.n	341832e2 <HAL_RCC_OscConfig+0x88e>
341832f6:	e4ba      	b.n	34182c6e <HAL_RCC_OscConfig+0x21a>
341832f8:	4b36      	ldr	r3, [pc, #216]	@ (341833d4 <HAL_RCC_OscConfig+0x980>)
341832fa:	685b      	ldr	r3, [r3, #4]
341832fc:	f413 6300 	ands.w	r3, r3, #2048	@ 0x800
34183300:	d163      	bne.n	341833ca <HAL_RCC_OscConfig+0x976>
34183302:	2a03      	cmp	r2, #3
34183304:	f43f acbb 	beq.w	34182c7e <HAL_RCC_OscConfig+0x22a>
34183308:	e5b4      	b.n	34182e74 <HAL_RCC_OscConfig+0x420>
3418330a:	4b32      	ldr	r3, [pc, #200]	@ (341833d4 <HAL_RCC_OscConfig+0x980>)
3418330c:	685b      	ldr	r3, [r3, #4]
3418330e:	0558      	lsls	r0, r3, #21
34183310:	d452      	bmi.n	341833b8 <HAL_RCC_OscConfig+0x964>
34183312:	2a03      	cmp	r2, #3
34183314:	f43f acaf 	beq.w	34182c76 <HAL_RCC_OscConfig+0x222>
34183318:	e557      	b.n	34182dca <HAL_RCC_OscConfig+0x376>
3418331a:	4b2e      	ldr	r3, [pc, #184]	@ (341833d4 <HAL_RCC_OscConfig+0x980>)
3418331c:	685b      	ldr	r3, [r3, #4]
3418331e:	0519      	lsls	r1, r3, #20
34183320:	d455      	bmi.n	341833ce <HAL_RCC_OscConfig+0x97a>
34183322:	2a02      	cmp	r2, #2
34183324:	f47f ada6 	bne.w	34182e74 <HAL_RCC_OscConfig+0x420>
34183328:	f44f 6300 	mov.w	r3, #2048	@ 0x800
3418332c:	4a29      	ldr	r2, [pc, #164]	@ (341833d4 <HAL_RCC_OscConfig+0x980>)
3418332e:	f8c2 3800 	str.w	r3, [r2, #2048]	@ 0x800
34183332:	f7ff f9c3 	bl	341826bc <HAL_GetTick>
34183336:	4604      	mov	r4, r0
34183338:	e005      	b.n	34183346 <HAL_RCC_OscConfig+0x8f2>
3418333a:	f7ff f9bf 	bl	341826bc <HAL_GetTick>
3418333e:	1b00      	subs	r0, r0, r4
34183340:	2801      	cmp	r0, #1
34183342:	f63f ac8b 	bhi.w	34182c5c <HAL_RCC_OscConfig+0x208>
34183346:	4b23      	ldr	r3, [pc, #140]	@ (341833d4 <HAL_RCC_OscConfig+0x980>)
34183348:	685b      	ldr	r3, [r3, #4]
3418334a:	051b      	lsls	r3, r3, #20
3418334c:	d5f5      	bpl.n	3418333a <HAL_RCC_OscConfig+0x8e6>
3418334e:	e496      	b.n	34182c7e <HAL_RCC_OscConfig+0x22a>
34183350:	4b20      	ldr	r3, [pc, #128]	@ (341833d4 <HAL_RCC_OscConfig+0x980>)
34183352:	685b      	ldr	r3, [r3, #4]
34183354:	0559      	lsls	r1, r3, #21
34183356:	d41b      	bmi.n	34183390 <HAL_RCC_OscConfig+0x93c>
34183358:	2a02      	cmp	r2, #2
3418335a:	f47f ad36 	bne.w	34182dca <HAL_RCC_OscConfig+0x376>
3418335e:	f44f 6380 	mov.w	r3, #1024	@ 0x400
34183362:	4a1c      	ldr	r2, [pc, #112]	@ (341833d4 <HAL_RCC_OscConfig+0x980>)
34183364:	f8c2 3800 	str.w	r3, [r2, #2048]	@ 0x800
34183368:	f7ff f9a8 	bl	341826bc <HAL_GetTick>
3418336c:	4605      	mov	r5, r0
3418336e:	e005      	b.n	3418337c <HAL_RCC_OscConfig+0x928>
34183370:	f7ff f9a4 	bl	341826bc <HAL_GetTick>
34183374:	1b40      	subs	r0, r0, r5
34183376:	2801      	cmp	r0, #1
34183378:	f63f ac70 	bhi.w	34182c5c <HAL_RCC_OscConfig+0x208>
3418337c:	4b15      	ldr	r3, [pc, #84]	@ (341833d4 <HAL_RCC_OscConfig+0x980>)
3418337e:	685b      	ldr	r3, [r3, #4]
34183380:	055b      	lsls	r3, r3, #21
34183382:	d5f5      	bpl.n	34183370 <HAL_RCC_OscConfig+0x91c>
34183384:	e477      	b.n	34182c76 <HAL_RCC_OscConfig+0x222>
34183386:	2303      	movs	r3, #3
34183388:	429a      	cmp	r2, r3
3418338a:	f43f ac6d 	beq.w	34182c68 <HAL_RCC_OscConfig+0x214>
3418338e:	e4aa      	b.n	34182ce6 <HAL_RCC_OscConfig+0x292>
34183390:	2302      	movs	r3, #2
34183392:	429a      	cmp	r2, r3
34183394:	f43f ac6f 	beq.w	34182c76 <HAL_RCC_OscConfig+0x222>
34183398:	e517      	b.n	34182dca <HAL_RCC_OscConfig+0x376>
3418339a:	2301      	movs	r3, #1
3418339c:	e7f9      	b.n	34183392 <HAL_RCC_OscConfig+0x93e>
3418339e:	2301      	movs	r3, #1
341833a0:	e7f2      	b.n	34183388 <HAL_RCC_OscConfig+0x934>
341833a2:	2301      	movs	r3, #1
341833a4:	429a      	cmp	r2, r3
341833a6:	f43f ac62 	beq.w	34182c6e <HAL_RCC_OscConfig+0x21a>
341833aa:	e4d0      	b.n	34182d4e <HAL_RCC_OscConfig+0x2fa>
341833ac:	2302      	movs	r3, #2
341833ae:	e7eb      	b.n	34183388 <HAL_RCC_OscConfig+0x934>
341833b0:	2303      	movs	r3, #3
341833b2:	e7f7      	b.n	341833a4 <HAL_RCC_OscConfig+0x950>
341833b4:	2302      	movs	r3, #2
341833b6:	e7f5      	b.n	341833a4 <HAL_RCC_OscConfig+0x950>
341833b8:	2303      	movs	r3, #3
341833ba:	e7ea      	b.n	34183392 <HAL_RCC_OscConfig+0x93e>
341833bc:	2301      	movs	r3, #1
341833be:	429a      	cmp	r2, r3
341833c0:	f04f 0000 	mov.w	r0, #0
341833c4:	f43f ac4b 	beq.w	34182c5e <HAL_RCC_OscConfig+0x20a>
341833c8:	e554      	b.n	34182e74 <HAL_RCC_OscConfig+0x420>
341833ca:	2303      	movs	r3, #3
341833cc:	e7f7      	b.n	341833be <HAL_RCC_OscConfig+0x96a>
341833ce:	2302      	movs	r3, #2
341833d0:	e7f5      	b.n	341833be <HAL_RCC_OscConfig+0x96a>
341833d2:	bf00      	nop
341833d4:	56028000 	.word	0x56028000

341833d8 <HAL_RCC_GetCpuClockFreq>:
341833d8:	4a27      	ldr	r2, [pc, #156]	@ (34183478 <HAL_RCC_GetCpuClockFreq+0xa0>)
341833da:	6a13      	ldr	r3, [r2, #32]
341833dc:	f403 1340 	and.w	r3, r3, #3145728	@ 0x300000
341833e0:	f5b3 1f00 	cmp.w	r3, #2097152	@ 0x200000
341833e4:	d022      	beq.n	3418342c <HAL_RCC_GetCpuClockFreq+0x54>
341833e6:	d805      	bhi.n	341833f4 <HAL_RCC_GetCpuClockFreq+0x1c>
341833e8:	b313      	cbz	r3, 34183430 <HAL_RCC_GetCpuClockFreq+0x58>
341833ea:	6c53      	ldr	r3, [r2, #68]	@ 0x44
341833ec:	059b      	lsls	r3, r3, #22
341833ee:	d527      	bpl.n	34183440 <HAL_RCC_GetCpuClockFreq+0x68>
341833f0:	4822      	ldr	r0, [pc, #136]	@ (3418347c <HAL_RCC_GetCpuClockFreq+0xa4>)
341833f2:	4770      	bx	lr
341833f4:	f5b3 1f40 	cmp.w	r3, #3145728	@ 0x300000
341833f8:	d120      	bne.n	3418343c <HAL_RCC_GetCpuClockFreq+0x64>
341833fa:	b500      	push	{lr}
341833fc:	f8d2 00c4 	ldr.w	r0, [r2, #196]	@ 0xc4
34183400:	f8d2 20c4 	ldr.w	r2, [r2, #196]	@ 0xc4
34183404:	f3c0 4007 	ubfx	r0, r0, #16, #8
34183408:	f002 5240 	and.w	r2, r2, #805306368	@ 0x30000000
3418340c:	f1b2 5f00 	cmp.w	r2, #536870912	@ 0x20000000
34183410:	b083      	sub	sp, #12
34183412:	f100 0301 	add.w	r3, r0, #1
34183416:	d01f      	beq.n	34183458 <HAL_RCC_GetCpuClockFreq+0x80>
34183418:	d814      	bhi.n	34183444 <HAL_RCC_GetCpuClockFreq+0x6c>
3418341a:	b332      	cbz	r2, 3418346a <HAL_RCC_GetCpuClockFreq+0x92>
3418341c:	9301      	str	r3, [sp, #4]
3418341e:	f000 faaf 	bl	34183980 <HAL_RCCEx_GetPLL2CLKFreq>
34183422:	9b01      	ldr	r3, [sp, #4]
34183424:	fbb0 f0f3 	udiv	r0, r0, r3
34183428:	b003      	add	sp, #12
3418342a:	bd00      	pop	{pc}
3418342c:	4814      	ldr	r0, [pc, #80]	@ (34183480 <HAL_RCC_GetCpuClockFreq+0xa8>)
3418342e:	4770      	bx	lr
34183430:	6c93      	ldr	r3, [r2, #72]	@ 0x48
34183432:	4814      	ldr	r0, [pc, #80]	@ (34183484 <HAL_RCC_GetCpuClockFreq+0xac>)
34183434:	f3c3 13c1 	ubfx	r3, r3, #7, #2
34183438:	40d8      	lsrs	r0, r3
3418343a:	4770      	bx	lr
3418343c:	2000      	movs	r0, #0
3418343e:	4770      	bx	lr
34183440:	4811      	ldr	r0, [pc, #68]	@ (34183488 <HAL_RCC_GetCpuClockFreq+0xb0>)
34183442:	4770      	bx	lr
34183444:	f1b2 5f40 	cmp.w	r2, #805306368	@ 0x30000000
34183448:	d10d      	bne.n	34183466 <HAL_RCC_GetCpuClockFreq+0x8e>
3418344a:	9301      	str	r3, [sp, #4]
3418344c:	f000 fc0c 	bl	34183c68 <HAL_RCCEx_GetPLL4CLKFreq>
34183450:	9b01      	ldr	r3, [sp, #4]
34183452:	fbb0 f0f3 	udiv	r0, r0, r3
34183456:	e7e7      	b.n	34183428 <HAL_RCC_GetCpuClockFreq+0x50>
34183458:	9301      	str	r3, [sp, #4]
3418345a:	f000 fb4b 	bl	34183af4 <HAL_RCCEx_GetPLL3CLKFreq>
3418345e:	9b01      	ldr	r3, [sp, #4]
34183460:	fbb0 f0f3 	udiv	r0, r0, r3
34183464:	e7e0      	b.n	34183428 <HAL_RCC_GetCpuClockFreq+0x50>
34183466:	2000      	movs	r0, #0
34183468:	e7de      	b.n	34183428 <HAL_RCC_GetCpuClockFreq+0x50>
3418346a:	9301      	str	r3, [sp, #4]
3418346c:	f000 f9ce 	bl	3418380c <HAL_RCCEx_GetPLL1CLKFreq>
34183470:	9b01      	ldr	r3, [sp, #4]
34183472:	fbb0 f0f3 	udiv	r0, r0, r3
34183476:	e7d7      	b.n	34183428 <HAL_RCC_GetCpuClockFreq+0x50>
34183478:	56028000 	.word	0x56028000
3418347c:	00f42400 	.word	0x00f42400
34183480:	02dc6c00 	.word	0x02dc6c00
34183484:	03d09000 	.word	0x03d09000
34183488:	003d0900 	.word	0x003d0900

3418348c <HAL_RCC_ClockConfig>:
3418348c:	2800      	cmp	r0, #0
3418348e:	f000 811f 	beq.w	341836d0 <HAL_RCC_ClockConfig+0x244>
34183492:	e92d 41f0 	stmdb	sp!, {r4, r5, r6, r7, r8, lr}
34183496:	6803      	ldr	r3, [r0, #0]
34183498:	b082      	sub	sp, #8
3418349a:	f013 0108 	ands.w	r1, r3, #8
3418349e:	d00b      	beq.n	341834b8 <HAL_RCC_ClockConfig+0x2c>
341834a0:	4c98      	ldr	r4, [pc, #608]	@ (34183704 <HAL_RCC_ClockConfig+0x278>)
341834a2:	6905      	ldr	r5, [r0, #16]
341834a4:	6a62      	ldr	r2, [r4, #36]	@ 0x24
341834a6:	f002 0207 	and.w	r2, r2, #7
341834aa:	4295      	cmp	r5, r2
341834ac:	d904      	bls.n	341834b8 <HAL_RCC_ClockConfig+0x2c>
341834ae:	6a62      	ldr	r2, [r4, #36]	@ 0x24
341834b0:	f022 0207 	bic.w	r2, r2, #7
341834b4:	432a      	orrs	r2, r5
341834b6:	6262      	str	r2, [r4, #36]	@ 0x24
341834b8:	f013 0510 	ands.w	r5, r3, #16
341834bc:	d00b      	beq.n	341834d6 <HAL_RCC_ClockConfig+0x4a>
341834be:	4c91      	ldr	r4, [pc, #580]	@ (34183704 <HAL_RCC_ClockConfig+0x278>)
341834c0:	6946      	ldr	r6, [r0, #20]
341834c2:	6a62      	ldr	r2, [r4, #36]	@ 0x24
341834c4:	f002 0270 	and.w	r2, r2, #112	@ 0x70
341834c8:	4296      	cmp	r6, r2
341834ca:	d904      	bls.n	341834d6 <HAL_RCC_ClockConfig+0x4a>
341834cc:	6a62      	ldr	r2, [r4, #36]	@ 0x24
341834ce:	f022 0270 	bic.w	r2, r2, #112	@ 0x70
341834d2:	4332      	orrs	r2, r6
341834d4:	6262      	str	r2, [r4, #36]	@ 0x24
341834d6:	f013 0620 	ands.w	r6, r3, #32
341834da:	d00b      	beq.n	341834f4 <HAL_RCC_ClockConfig+0x68>
341834dc:	4c89      	ldr	r4, [pc, #548]	@ (34183704 <HAL_RCC_ClockConfig+0x278>)
341834de:	6987      	ldr	r7, [r0, #24]
341834e0:	6a62      	ldr	r2, [r4, #36]	@ 0x24
341834e2:	f402 42e0 	and.w	r2, r2, #28672	@ 0x7000
341834e6:	4297      	cmp	r7, r2
341834e8:	d904      	bls.n	341834f4 <HAL_RCC_ClockConfig+0x68>
341834ea:	6a62      	ldr	r2, [r4, #36]	@ 0x24
341834ec:	f422 42e0 	bic.w	r2, r2, #28672	@ 0x7000
341834f0:	433a      	orrs	r2, r7
341834f2:	6262      	str	r2, [r4, #36]	@ 0x24
341834f4:	f013 0740 	ands.w	r7, r3, #64	@ 0x40
341834f8:	d00d      	beq.n	34183516 <HAL_RCC_ClockConfig+0x8a>
341834fa:	4c82      	ldr	r4, [pc, #520]	@ (34183704 <HAL_RCC_ClockConfig+0x278>)
341834fc:	f8d0 c01c 	ldr.w	ip, [r0, #28]
34183500:	6a62      	ldr	r2, [r4, #36]	@ 0x24
34183502:	f402 22e0 	and.w	r2, r2, #458752	@ 0x70000
34183506:	4594      	cmp	ip, r2
34183508:	d905      	bls.n	34183516 <HAL_RCC_ClockConfig+0x8a>
3418350a:	6a62      	ldr	r2, [r4, #36]	@ 0x24
3418350c:	f422 22e0 	bic.w	r2, r2, #458752	@ 0x70000
34183510:	ea42 020c 	orr.w	r2, r2, ip
34183514:	6262      	str	r2, [r4, #36]	@ 0x24
34183516:	4604      	mov	r4, r0
34183518:	0758      	lsls	r0, r3, #29
3418351a:	d53e      	bpl.n	3418359a <HAL_RCC_ClockConfig+0x10e>
3418351c:	4879      	ldr	r0, [pc, #484]	@ (34183704 <HAL_RCC_ClockConfig+0x278>)
3418351e:	f8d4 c00c 	ldr.w	ip, [r4, #12]
34183522:	6a42      	ldr	r2, [r0, #36]	@ 0x24
34183524:	f402 02e0 	and.w	r2, r2, #7340032	@ 0x700000
34183528:	4594      	cmp	ip, r2
3418352a:	d905      	bls.n	34183538 <HAL_RCC_ClockConfig+0xac>
3418352c:	6a42      	ldr	r2, [r0, #36]	@ 0x24
3418352e:	f422 02e0 	bic.w	r2, r2, #7340032	@ 0x700000
34183532:	ea42 020c 	orr.w	r2, r2, ip
34183536:	6242      	str	r2, [r0, #36]	@ 0x24
34183538:	07d8      	lsls	r0, r3, #31
3418353a:	d46d      	bmi.n	34183618 <HAL_RCC_ClockConfig+0x18c>
3418353c:	079b      	lsls	r3, r3, #30
3418353e:	f140 80a3 	bpl.w	34183688 <HAL_RCC_ClockConfig+0x1fc>
34183542:	68a6      	ldr	r6, [r4, #8]
34183544:	f1b6 7f00 	cmp.w	r6, #33554432	@ 0x2000000
34183548:	f000 80ad 	beq.w	341836a6 <HAL_RCC_ClockConfig+0x21a>
3418354c:	f1b6 7f40 	cmp.w	r6, #50331648	@ 0x3000000
34183550:	f000 80de 	beq.w	34183710 <HAL_RCC_ClockConfig+0x284>
34183554:	4b6b      	ldr	r3, [pc, #428]	@ (34183704 <HAL_RCC_ClockConfig+0x278>)
34183556:	685b      	ldr	r3, [r3, #4]
34183558:	2e00      	cmp	r6, #0
3418355a:	f040 80bb 	bne.w	341836d4 <HAL_RCC_ClockConfig+0x248>
3418355e:	0718      	lsls	r0, r3, #28
34183560:	f140 80a6 	bpl.w	341836b0 <HAL_RCC_ClockConfig+0x224>
34183564:	4d67      	ldr	r5, [pc, #412]	@ (34183704 <HAL_RCC_ClockConfig+0x278>)
34183566:	6a2b      	ldr	r3, [r5, #32]
34183568:	f023 7340 	bic.w	r3, r3, #50331648	@ 0x3000000
3418356c:	4333      	orrs	r3, r6
3418356e:	622b      	str	r3, [r5, #32]
34183570:	f7ff f8a4 	bl	341826bc <HAL_GetTick>
34183574:	f241 3688 	movw	r6, #5000	@ 0x1388
34183578:	4607      	mov	r7, r0
3418357a:	e005      	b.n	34183588 <HAL_RCC_ClockConfig+0xfc>
3418357c:	f7ff f89e 	bl	341826bc <HAL_GetTick>
34183580:	1bc0      	subs	r0, r0, r7
34183582:	42b0      	cmp	r0, r6
34183584:	f200 809b 	bhi.w	341836be <HAL_RCC_ClockConfig+0x232>
34183588:	6a2b      	ldr	r3, [r5, #32]
3418358a:	68a2      	ldr	r2, [r4, #8]
3418358c:	f003 5340 	and.w	r3, r3, #805306368	@ 0x30000000
34183590:	ebb3 1f02 	cmp.w	r3, r2, lsl #4
34183594:	d1f2      	bne.n	3418357c <HAL_RCC_ClockConfig+0xf0>
34183596:	6823      	ldr	r3, [r4, #0]
34183598:	e06c      	b.n	34183674 <HAL_RCC_ClockConfig+0x1e8>
3418359a:	07da      	lsls	r2, r3, #31
3418359c:	d43c      	bmi.n	34183618 <HAL_RCC_ClockConfig+0x18c>
3418359e:	079b      	lsls	r3, r3, #30
341835a0:	d4cf      	bmi.n	34183542 <HAL_RCC_ClockConfig+0xb6>
341835a2:	b159      	cbz	r1, 341835bc <HAL_RCC_ClockConfig+0x130>
341835a4:	4a57      	ldr	r2, [pc, #348]	@ (34183704 <HAL_RCC_ClockConfig+0x278>)
341835a6:	6921      	ldr	r1, [r4, #16]
341835a8:	6a53      	ldr	r3, [r2, #36]	@ 0x24
341835aa:	f003 0307 	and.w	r3, r3, #7
341835ae:	4299      	cmp	r1, r3
341835b0:	d204      	bcs.n	341835bc <HAL_RCC_ClockConfig+0x130>
341835b2:	6a53      	ldr	r3, [r2, #36]	@ 0x24
341835b4:	f023 0307 	bic.w	r3, r3, #7
341835b8:	430b      	orrs	r3, r1
341835ba:	6253      	str	r3, [r2, #36]	@ 0x24
341835bc:	b15d      	cbz	r5, 341835d6 <HAL_RCC_ClockConfig+0x14a>
341835be:	4a51      	ldr	r2, [pc, #324]	@ (34183704 <HAL_RCC_ClockConfig+0x278>)
341835c0:	6961      	ldr	r1, [r4, #20]
341835c2:	6a53      	ldr	r3, [r2, #36]	@ 0x24
341835c4:	f003 0370 	and.w	r3, r3, #112	@ 0x70
341835c8:	4299      	cmp	r1, r3
341835ca:	d204      	bcs.n	341835d6 <HAL_RCC_ClockConfig+0x14a>
341835cc:	6a53      	ldr	r3, [r2, #36]	@ 0x24
341835ce:	f023 0370 	bic.w	r3, r3, #112	@ 0x70
341835d2:	430b      	orrs	r3, r1
341835d4:	6253      	str	r3, [r2, #36]	@ 0x24
341835d6:	b15e      	cbz	r6, 341835f0 <HAL_RCC_ClockConfig+0x164>
341835d8:	4a4a      	ldr	r2, [pc, #296]	@ (34183704 <HAL_RCC_ClockConfig+0x278>)
341835da:	69a1      	ldr	r1, [r4, #24]
341835dc:	6a53      	ldr	r3, [r2, #36]	@ 0x24
341835de:	f403 43e0 	and.w	r3, r3, #28672	@ 0x7000
341835e2:	4299      	cmp	r1, r3
341835e4:	d204      	bcs.n	341835f0 <HAL_RCC_ClockConfig+0x164>
341835e6:	6a53      	ldr	r3, [r2, #36]	@ 0x24
341835e8:	f423 43e0 	bic.w	r3, r3, #28672	@ 0x7000
341835ec:	430b      	orrs	r3, r1
341835ee:	6253      	str	r3, [r2, #36]	@ 0x24
341835f0:	b15f      	cbz	r7, 3418360a <HAL_RCC_ClockConfig+0x17e>
341835f2:	4a44      	ldr	r2, [pc, #272]	@ (34183704 <HAL_RCC_ClockConfig+0x278>)
341835f4:	69e1      	ldr	r1, [r4, #28]
341835f6:	6a53      	ldr	r3, [r2, #36]	@ 0x24
341835f8:	f403 23e0 	and.w	r3, r3, #458752	@ 0x70000
341835fc:	4299      	cmp	r1, r3
341835fe:	d204      	bcs.n	3418360a <HAL_RCC_ClockConfig+0x17e>
34183600:	6a53      	ldr	r3, [r2, #36]	@ 0x24
34183602:	f423 23e0 	bic.w	r3, r3, #458752	@ 0x70000
34183606:	430b      	orrs	r3, r1
34183608:	6253      	str	r3, [r2, #36]	@ 0x24
3418360a:	4b3f      	ldr	r3, [pc, #252]	@ (34183708 <HAL_RCC_ClockConfig+0x27c>)
3418360c:	6818      	ldr	r0, [r3, #0]
3418360e:	b002      	add	sp, #8
34183610:	e8bd 41f0 	ldmia.w	sp!, {r4, r5, r6, r7, r8, lr}
34183614:	f7ff b814 	b.w	34182640 <HAL_InitTick>
34183618:	6866      	ldr	r6, [r4, #4]
3418361a:	f5b6 3f00 	cmp.w	r6, #131072	@ 0x20000
3418361e:	d052      	beq.n	341836c6 <HAL_RCC_ClockConfig+0x23a>
34183620:	f5b6 3f40 	cmp.w	r6, #196608	@ 0x30000
34183624:	d059      	beq.n	341836da <HAL_RCC_ClockConfig+0x24e>
34183626:	4b37      	ldr	r3, [pc, #220]	@ (34183704 <HAL_RCC_ClockConfig+0x278>)
34183628:	f5b6 3f80 	cmp.w	r6, #65536	@ 0x10000
3418362c:	685b      	ldr	r3, [r3, #4]
3418362e:	d043      	beq.n	341836b8 <HAL_RCC_ClockConfig+0x22c>
34183630:	071f      	lsls	r7, r3, #28
34183632:	d53d      	bpl.n	341836b0 <HAL_RCC_ClockConfig+0x224>
34183634:	4d33      	ldr	r5, [pc, #204]	@ (34183704 <HAL_RCC_ClockConfig+0x278>)
34183636:	6a2b      	ldr	r3, [r5, #32]
34183638:	f423 3340 	bic.w	r3, r3, #196608	@ 0x30000
3418363c:	4333      	orrs	r3, r6
3418363e:	622b      	str	r3, [r5, #32]
34183640:	f7ff f83c 	bl	341826bc <HAL_GetTick>
34183644:	f241 3688 	movw	r6, #5000	@ 0x1388
34183648:	4607      	mov	r7, r0
3418364a:	e004      	b.n	34183656 <HAL_RCC_ClockConfig+0x1ca>
3418364c:	f7ff f836 	bl	341826bc <HAL_GetTick>
34183650:	1bc0      	subs	r0, r0, r7
34183652:	42b0      	cmp	r0, r6
34183654:	d833      	bhi.n	341836be <HAL_RCC_ClockConfig+0x232>
34183656:	6a2b      	ldr	r3, [r5, #32]
34183658:	6862      	ldr	r2, [r4, #4]
3418365a:	f403 1340 	and.w	r3, r3, #3145728	@ 0x300000
3418365e:	ebb3 1f02 	cmp.w	r3, r2, lsl #4
34183662:	d1f3      	bne.n	3418364c <HAL_RCC_ClockConfig+0x1c0>
34183664:	f7ff feb8 	bl	341833d8 <HAL_RCC_GetCpuClockFreq>
34183668:	6823      	ldr	r3, [r4, #0]
3418366a:	4a28      	ldr	r2, [pc, #160]	@ (3418370c <HAL_RCC_ClockConfig+0x280>)
3418366c:	079e      	lsls	r6, r3, #30
3418366e:	6010      	str	r0, [r2, #0]
34183670:	f53f af67 	bmi.w	34183542 <HAL_RCC_ClockConfig+0xb6>
34183674:	075a      	lsls	r2, r3, #29
34183676:	f003 0108 	and.w	r1, r3, #8
3418367a:	f003 0510 	and.w	r5, r3, #16
3418367e:	f003 0620 	and.w	r6, r3, #32
34183682:	f003 0740 	and.w	r7, r3, #64	@ 0x40
34183686:	d58c      	bpl.n	341835a2 <HAL_RCC_ClockConfig+0x116>
34183688:	4a1e      	ldr	r2, [pc, #120]	@ (34183704 <HAL_RCC_ClockConfig+0x278>)
3418368a:	68e0      	ldr	r0, [r4, #12]
3418368c:	6a53      	ldr	r3, [r2, #36]	@ 0x24
3418368e:	f403 03e0 	and.w	r3, r3, #7340032	@ 0x700000
34183692:	4298      	cmp	r0, r3
34183694:	d285      	bcs.n	341835a2 <HAL_RCC_ClockConfig+0x116>
34183696:	6a53      	ldr	r3, [r2, #36]	@ 0x24
34183698:	f423 03e0 	bic.w	r3, r3, #7340032	@ 0x700000
3418369c:	4303      	orrs	r3, r0
3418369e:	6253      	str	r3, [r2, #36]	@ 0x24
341836a0:	2900      	cmp	r1, #0
341836a2:	d08b      	beq.n	341835bc <HAL_RCC_ClockConfig+0x130>
341836a4:	e77e      	b.n	341835a4 <HAL_RCC_ClockConfig+0x118>
341836a6:	4b17      	ldr	r3, [pc, #92]	@ (34183704 <HAL_RCC_ClockConfig+0x278>)
341836a8:	685b      	ldr	r3, [r3, #4]
341836aa:	06dd      	lsls	r5, r3, #27
341836ac:	f53f af5a 	bmi.w	34183564 <HAL_RCC_ClockConfig+0xd8>
341836b0:	2001      	movs	r0, #1
341836b2:	b002      	add	sp, #8
341836b4:	e8bd 81f0 	ldmia.w	sp!, {r4, r5, r6, r7, r8, pc}
341836b8:	075b      	lsls	r3, r3, #29
341836ba:	d4bb      	bmi.n	34183634 <HAL_RCC_ClockConfig+0x1a8>
341836bc:	e7f8      	b.n	341836b0 <HAL_RCC_ClockConfig+0x224>
341836be:	2003      	movs	r0, #3
341836c0:	b002      	add	sp, #8
341836c2:	e8bd 81f0 	ldmia.w	sp!, {r4, r5, r6, r7, r8, pc}
341836c6:	4b0f      	ldr	r3, [pc, #60]	@ (34183704 <HAL_RCC_ClockConfig+0x278>)
341836c8:	685b      	ldr	r3, [r3, #4]
341836ca:	06da      	lsls	r2, r3, #27
341836cc:	d4b2      	bmi.n	34183634 <HAL_RCC_ClockConfig+0x1a8>
341836ce:	e7ef      	b.n	341836b0 <HAL_RCC_ClockConfig+0x224>
341836d0:	2001      	movs	r0, #1
341836d2:	4770      	bx	lr
341836d4:	0759      	lsls	r1, r3, #29
341836d6:	d5eb      	bpl.n	341836b0 <HAL_RCC_ClockConfig+0x224>
341836d8:	e744      	b.n	34183564 <HAL_RCC_ClockConfig+0xd8>
341836da:	4f0a      	ldr	r7, [pc, #40]	@ (34183704 <HAL_RCC_ClockConfig+0x278>)
341836dc:	6a25      	ldr	r5, [r4, #32]
341836de:	f8d7 00c4 	ldr.w	r0, [r7, #196]	@ 0xc4
341836e2:	4629      	mov	r1, r5
341836e4:	f000 5040 	and.w	r0, r0, #805306368	@ 0x30000000
341836e8:	f7ff f87e 	bl	341827e8 <RCC_IC_CheckPLLSources>
341836ec:	2801      	cmp	r0, #1
341836ee:	d1df      	bne.n	341836b0 <HAL_RCC_ClockConfig+0x224>
341836f0:	6a63      	ldr	r3, [r4, #36]	@ 0x24
341836f2:	3b01      	subs	r3, #1
341836f4:	ea45 4503 	orr.w	r5, r5, r3, lsl #16
341836f8:	f8c7 50c4 	str.w	r5, [r7, #196]	@ 0xc4
341836fc:	f8c7 0a40 	str.w	r0, [r7, #2624]	@ 0xa40
34183700:	e798      	b.n	34183634 <HAL_RCC_ClockConfig+0x1a8>
34183702:	bf00      	nop
34183704:	56028000 	.word	0x56028000
34183708:	341c0010 	.word	0x341c0010
3418370c:	341c0008 	.word	0x341c0008
34183710:	4d1b      	ldr	r5, [pc, #108]	@ (34183780 <HAL_RCC_ClockConfig+0x2f4>)
34183712:	6aa7      	ldr	r7, [r4, #40]	@ 0x28
34183714:	f8d5 00c8 	ldr.w	r0, [r5, #200]	@ 0xc8
34183718:	4639      	mov	r1, r7
3418371a:	f000 5040 	and.w	r0, r0, #805306368	@ 0x30000000
3418371e:	f7ff f863 	bl	341827e8 <RCC_IC_CheckPLLSources>
34183722:	2801      	cmp	r0, #1
34183724:	d1c4      	bne.n	341836b0 <HAL_RCC_ClockConfig+0x224>
34183726:	6b23      	ldr	r3, [r4, #48]	@ 0x30
34183728:	f8d5 00d8 	ldr.w	r0, [r5, #216]	@ 0xd8
3418372c:	4619      	mov	r1, r3
3418372e:	f000 5040 	and.w	r0, r0, #805306368	@ 0x30000000
34183732:	4698      	mov	r8, r3
34183734:	f7ff f858 	bl	341827e8 <RCC_IC_CheckPLLSources>
34183738:	2801      	cmp	r0, #1
3418373a:	d1b9      	bne.n	341836b0 <HAL_RCC_ClockConfig+0x224>
3418373c:	f8d5 00ec 	ldr.w	r0, [r5, #236]	@ 0xec
34183740:	6ba1      	ldr	r1, [r4, #56]	@ 0x38
34183742:	f000 5040 	and.w	r0, r0, #805306368	@ 0x30000000
34183746:	9101      	str	r1, [sp, #4]
34183748:	f7ff f84e 	bl	341827e8 <RCC_IC_CheckPLLSources>
3418374c:	2801      	cmp	r0, #1
3418374e:	d1af      	bne.n	341836b0 <HAL_RCC_ClockConfig+0x224>
34183750:	f240 4222 	movw	r2, #1058	@ 0x422
34183754:	6ae3      	ldr	r3, [r4, #44]	@ 0x2c
34183756:	9901      	ldr	r1, [sp, #4]
34183758:	3b01      	subs	r3, #1
3418375a:	ea47 4703 	orr.w	r7, r7, r3, lsl #16
3418375e:	f8c5 70c8 	str.w	r7, [r5, #200]	@ 0xc8
34183762:	6b63      	ldr	r3, [r4, #52]	@ 0x34
34183764:	3b01      	subs	r3, #1
34183766:	ea48 4303 	orr.w	r3, r8, r3, lsl #16
3418376a:	f8c5 30d8 	str.w	r3, [r5, #216]	@ 0xd8
3418376e:	6be3      	ldr	r3, [r4, #60]	@ 0x3c
34183770:	3b01      	subs	r3, #1
34183772:	ea41 4103 	orr.w	r1, r1, r3, lsl #16
34183776:	f8c5 10ec 	str.w	r1, [r5, #236]	@ 0xec
3418377a:	f8c5 2a40 	str.w	r2, [r5, #2624]	@ 0xa40
3418377e:	e6f1      	b.n	34183564 <HAL_RCC_ClockConfig+0xd8>
34183780:	56028000 	.word	0x56028000

34183784 <HAL_RCC_GetClockConfig>:
34183784:	237f      	movs	r3, #127	@ 0x7f
34183786:	4a20      	ldr	r2, [pc, #128]	@ (34183808 <HAL_RCC_GetClockConfig+0x84>)
34183788:	b500      	push	{lr}
3418378a:	6003      	str	r3, [r0, #0]
3418378c:	6a13      	ldr	r3, [r2, #32]
3418378e:	091b      	lsrs	r3, r3, #4
34183790:	f403 3140 	and.w	r1, r3, #196608	@ 0x30000
34183794:	f003 7340 	and.w	r3, r3, #50331648	@ 0x3000000
34183798:	e9c0 1301 	strd	r1, r3, [r0, #4]
3418379c:	6a53      	ldr	r3, [r2, #36]	@ 0x24
3418379e:	f003 0107 	and.w	r1, r3, #7
341837a2:	f403 0ee0 	and.w	lr, r3, #7340032	@ 0x700000
341837a6:	e9c0 e103 	strd	lr, r1, [r0, #12]
341837aa:	f003 0c70 	and.w	ip, r3, #112	@ 0x70
341837ae:	f403 41e0 	and.w	r1, r3, #28672	@ 0x7000
341837b2:	e9c0 c105 	strd	ip, r1, [r0, #20]
341837b6:	f403 23e0 	and.w	r3, r3, #458752	@ 0x70000
341837ba:	61c3      	str	r3, [r0, #28]
341837bc:	f8d2 30c4 	ldr.w	r3, [r2, #196]	@ 0xc4
341837c0:	f3c3 4107 	ubfx	r1, r3, #16, #8
341837c4:	3101      	adds	r1, #1
341837c6:	f003 5340 	and.w	r3, r3, #805306368	@ 0x30000000
341837ca:	e9c0 3108 	strd	r3, r1, [r0, #32]
341837ce:	f8d2 30c8 	ldr.w	r3, [r2, #200]	@ 0xc8
341837d2:	f3c3 4107 	ubfx	r1, r3, #16, #8
341837d6:	3101      	adds	r1, #1
341837d8:	f003 5340 	and.w	r3, r3, #805306368	@ 0x30000000
341837dc:	e9c0 310a 	strd	r3, r1, [r0, #40]	@ 0x28
341837e0:	f8d2 30d8 	ldr.w	r3, [r2, #216]	@ 0xd8
341837e4:	f3c3 4107 	ubfx	r1, r3, #16, #8
341837e8:	3101      	adds	r1, #1
341837ea:	f003 5340 	and.w	r3, r3, #805306368	@ 0x30000000
341837ee:	e9c0 310c 	strd	r3, r1, [r0, #48]	@ 0x30
341837f2:	f8d2 30ec 	ldr.w	r3, [r2, #236]	@ 0xec
341837f6:	f3c3 4207 	ubfx	r2, r3, #16, #8
341837fa:	3201      	adds	r2, #1
341837fc:	f003 5340 	and.w	r3, r3, #805306368	@ 0x30000000
34183800:	e9c0 320e 	strd	r3, r2, [r0, #56]	@ 0x38
34183804:	bd00      	pop	{pc}
34183806:	bf00      	nop
34183808:	56028000 	.word	0x56028000

3418380c <HAL_RCCEx_GetPLL1CLKFreq>:
3418380c:	4a56      	ldr	r2, [pc, #344]	@ (34183968 <HAL_RCCEx_GetPLL1CLKFreq+0x15c>)
3418380e:	6853      	ldr	r3, [r2, #4]
34183810:	f413 7380 	ands.w	r3, r3, #256	@ 0x100
34183814:	d01a      	beq.n	3418384c <HAL_RCCEx_GetPLL1CLKFreq+0x40>
34183816:	f8d2 0088 	ldr.w	r0, [r2, #136]	@ 0x88
3418381a:	f010 4080 	ands.w	r0, r0, #1073741824	@ 0x40000000
3418381e:	d02e      	beq.n	3418387e <HAL_RCCEx_GetPLL1CLKFreq+0x72>
34183820:	f8d2 3080 	ldr.w	r3, [r2, #128]	@ 0x80
34183824:	f003 43e0 	and.w	r3, r3, #1879048192	@ 0x70000000
34183828:	f1b3 5f00 	cmp.w	r3, #536870912	@ 0x20000000
3418382c:	d02e      	beq.n	3418388c <HAL_RCCEx_GetPLL1CLKFreq+0x80>
3418382e:	d839      	bhi.n	341838a4 <HAL_RCCEx_GetPLL1CLKFreq+0x98>
34183830:	2b00      	cmp	r3, #0
34183832:	f000 8086 	beq.w	34183942 <HAL_RCCEx_GetPLL1CLKFreq+0x136>
34183836:	6850      	ldr	r0, [r2, #4]
34183838:	f010 0004 	ands.w	r0, r0, #4
3418383c:	d025      	beq.n	3418388a <HAL_RCCEx_GetPLL1CLKFreq+0x7e>
3418383e:	6c53      	ldr	r3, [r2, #68]	@ 0x44
34183840:	059a      	lsls	r2, r3, #22
34183842:	f140 808e 	bpl.w	34183962 <HAL_RCCEx_GetPLL1CLKFreq+0x156>
34183846:	f8df c134 	ldr.w	ip, [pc, #308]	@ 3418397c <HAL_RCCEx_GetPLL1CLKFreq+0x170>
3418384a:	e030      	b.n	341838ae <HAL_RCCEx_GetPLL1CLKFreq+0xa2>
3418384c:	f8d2 0080 	ldr.w	r0, [r2, #128]	@ 0x80
34183850:	f010 6000 	ands.w	r0, r0, #134217728	@ 0x8000000
34183854:	d012      	beq.n	3418387c <HAL_RCCEx_GetPLL1CLKFreq+0x70>
34183856:	f8d2 1080 	ldr.w	r1, [r2, #128]	@ 0x80
3418385a:	f001 41e0 	and.w	r1, r1, #1879048192	@ 0x70000000
3418385e:	f1b1 5f00 	cmp.w	r1, #536870912	@ 0x20000000
34183862:	d00d      	beq.n	34183880 <HAL_RCCEx_GetPLL1CLKFreq+0x74>
34183864:	d819      	bhi.n	3418389a <HAL_RCCEx_GetPLL1CLKFreq+0x8e>
34183866:	2900      	cmp	r1, #0
34183868:	d061      	beq.n	3418392e <HAL_RCCEx_GetPLL1CLKFreq+0x122>
3418386a:	6850      	ldr	r0, [r2, #4]
3418386c:	f010 0004 	ands.w	r0, r0, #4
34183870:	d00b      	beq.n	3418388a <HAL_RCCEx_GetPLL1CLKFreq+0x7e>
34183872:	6c53      	ldr	r3, [r2, #68]	@ 0x44
34183874:	059b      	lsls	r3, r3, #22
34183876:	d472      	bmi.n	3418395e <HAL_RCCEx_GetPLL1CLKFreq+0x152>
34183878:	483c      	ldr	r0, [pc, #240]	@ (3418396c <HAL_RCCEx_GetPLL1CLKFreq+0x160>)
3418387a:	4770      	bx	lr
3418387c:	4770      	bx	lr
3418387e:	4770      	bx	lr
34183880:	6850      	ldr	r0, [r2, #4]
34183882:	f010 0010 	ands.w	r0, r0, #16
34183886:	d069      	beq.n	3418395c <HAL_RCCEx_GetPLL1CLKFreq+0x150>
34183888:	4839      	ldr	r0, [pc, #228]	@ (34183970 <HAL_RCCEx_GetPLL1CLKFreq+0x164>)
3418388a:	4770      	bx	lr
3418388c:	6850      	ldr	r0, [r2, #4]
3418388e:	f010 0010 	ands.w	r0, r0, #16
34183892:	d0fa      	beq.n	3418388a <HAL_RCCEx_GetPLL1CLKFreq+0x7e>
34183894:	f8df c0d8 	ldr.w	ip, [pc, #216]	@ 34183970 <HAL_RCCEx_GetPLL1CLKFreq+0x164>
34183898:	e009      	b.n	341838ae <HAL_RCCEx_GetPLL1CLKFreq+0xa2>
3418389a:	f1b1 5f40 	cmp.w	r1, #805306368	@ 0x30000000
3418389e:	d15b      	bne.n	34183958 <HAL_RCCEx_GetPLL1CLKFreq+0x14c>
341838a0:	4834      	ldr	r0, [pc, #208]	@ (34183974 <HAL_RCCEx_GetPLL1CLKFreq+0x168>)
341838a2:	4770      	bx	lr
341838a4:	f1b3 5f40 	cmp.w	r3, #805306368	@ 0x30000000
341838a8:	d156      	bne.n	34183958 <HAL_RCCEx_GetPLL1CLKFreq+0x14c>
341838aa:	f8df c0c8 	ldr.w	ip, [pc, #200]	@ 34183974 <HAL_RCCEx_GetPLL1CLKFreq+0x168>
341838ae:	4a2e      	ldr	r2, [pc, #184]	@ (34183968 <HAL_RCCEx_GetPLL1CLKFreq+0x15c>)
341838b0:	f8d2 3080 	ldr.w	r3, [r2, #128]	@ 0x80
341838b4:	f3c3 5105 	ubfx	r1, r3, #20, #6
341838b8:	f013 7f7c 	tst.w	r3, #66060288	@ 0x3f00000
341838bc:	4608      	mov	r0, r1
341838be:	d0e4      	beq.n	3418388a <HAL_RCCEx_GetPLL1CLKFreq+0x7e>
341838c0:	f8d2 3080 	ldr.w	r3, [r2, #128]	@ 0x80
341838c4:	f8d2 0084 	ldr.w	r0, [r2, #132]	@ 0x84
341838c8:	f3c3 230b 	ubfx	r3, r3, #8, #12
341838cc:	f020 407f 	bic.w	r0, r0, #4278190080	@ 0xff000000
341838d0:	ee07 3a90 	vmov	s15, r3
341838d4:	ee05 0a90 	vmov	s11, r0
341838d8:	ee07 ca10 	vmov	s14, ip
341838dc:	eefa 5ac4 	vcvt.f32.s32	s11, s11, #24
341838e0:	eef8 7ae7 	vcvt.f32.s32	s15, s15
341838e4:	eeb8 5ac7 	vcvt.f32.s32	s10, s14
341838e8:	ee77 7aa5 	vadd.f32	s15, s15, s11
341838ec:	ee07 1a10 	vmov	s14, r1
341838f0:	f8d2 1088 	ldr.w	r1, [r2, #136]	@ 0x88
341838f4:	ee67 7a85 	vmul.f32	s15, s15, s10
341838f8:	f3c1 61c2 	ubfx	r1, r1, #27, #3
341838fc:	ee06 1a90 	vmov	s13, r1
34183900:	eeb8 7ac7 	vcvt.f32.s32	s14, s14
34183904:	f8d2 3088 	ldr.w	r3, [r2, #136]	@ 0x88
34183908:	eeb8 6ae6 	vcvt.f32.s32	s12, s13
3418390c:	f3c3 6302 	ubfx	r3, r3, #24, #3
34183910:	eec7 5a87 	vdiv.f32	s11, s15, s14
34183914:	ee06 3a90 	vmov	s13, r3
34183918:	ee85 7a86 	vdiv.f32	s14, s11, s12
3418391c:	eef8 6ae6 	vcvt.f32.s32	s13, s13
34183920:	eec7 7a26 	vdiv.f32	s15, s14, s13
34183924:	eefc 7ae7 	vcvt.u32.f32	s15, s15
34183928:	ee17 0a90 	vmov	r0, s15
3418392c:	4770      	bx	lr
3418392e:	6850      	ldr	r0, [r2, #4]
34183930:	f010 0008 	ands.w	r0, r0, #8
34183934:	d0a9      	beq.n	3418388a <HAL_RCCEx_GetPLL1CLKFreq+0x7e>
34183936:	6c93      	ldr	r3, [r2, #72]	@ 0x48
34183938:	480f      	ldr	r0, [pc, #60]	@ (34183978 <HAL_RCCEx_GetPLL1CLKFreq+0x16c>)
3418393a:	f3c3 13c1 	ubfx	r3, r3, #7, #2
3418393e:	40d8      	lsrs	r0, r3
34183940:	4770      	bx	lr
34183942:	6850      	ldr	r0, [r2, #4]
34183944:	f010 0008 	ands.w	r0, r0, #8
34183948:	d09f      	beq.n	3418388a <HAL_RCCEx_GetPLL1CLKFreq+0x7e>
3418394a:	6c92      	ldr	r2, [r2, #72]	@ 0x48
3418394c:	4b0a      	ldr	r3, [pc, #40]	@ (34183978 <HAL_RCCEx_GetPLL1CLKFreq+0x16c>)
3418394e:	f3c2 12c1 	ubfx	r2, r2, #7, #2
34183952:	fa23 fc02 	lsr.w	ip, r3, r2
34183956:	e7aa      	b.n	341838ae <HAL_RCCEx_GetPLL1CLKFreq+0xa2>
34183958:	2000      	movs	r0, #0
3418395a:	4770      	bx	lr
3418395c:	4770      	bx	lr
3418395e:	4807      	ldr	r0, [pc, #28]	@ (3418397c <HAL_RCCEx_GetPLL1CLKFreq+0x170>)
34183960:	4770      	bx	lr
34183962:	f8df c008 	ldr.w	ip, [pc, #8]	@ 3418396c <HAL_RCCEx_GetPLL1CLKFreq+0x160>
34183966:	e7a2      	b.n	341838ae <HAL_RCCEx_GetPLL1CLKFreq+0xa2>
34183968:	56028000 	.word	0x56028000
3418396c:	003d0900 	.word	0x003d0900
34183970:	02dc6c00 	.word	0x02dc6c00
34183974:	00bb8000 	.word	0x00bb8000
34183978:	03d09000 	.word	0x03d09000
3418397c:	00f42400 	.word	0x00f42400

34183980 <HAL_RCCEx_GetPLL2CLKFreq>:
34183980:	4a56      	ldr	r2, [pc, #344]	@ (34183adc <HAL_RCCEx_GetPLL2CLKFreq+0x15c>)
34183982:	6853      	ldr	r3, [r2, #4]
34183984:	f413 7300 	ands.w	r3, r3, #512	@ 0x200
34183988:	d01a      	beq.n	341839c0 <HAL_RCCEx_GetPLL2CLKFreq+0x40>
3418398a:	f8d2 0098 	ldr.w	r0, [r2, #152]	@ 0x98
3418398e:	f010 4080 	ands.w	r0, r0, #1073741824	@ 0x40000000
34183992:	d02e      	beq.n	341839f2 <HAL_RCCEx_GetPLL2CLKFreq+0x72>
34183994:	f8d2 3090 	ldr.w	r3, [r2, #144]	@ 0x90
34183998:	f003 43e0 	and.w	r3, r3, #1879048192	@ 0x70000000
3418399c:	f1b3 5f00 	cmp.w	r3, #536870912	@ 0x20000000
341839a0:	d02e      	beq.n	34183a00 <HAL_RCCEx_GetPLL2CLKFreq+0x80>
341839a2:	d839      	bhi.n	34183a18 <HAL_RCCEx_GetPLL2CLKFreq+0x98>
341839a4:	2b00      	cmp	r3, #0
341839a6:	f000 8086 	beq.w	34183ab6 <HAL_RCCEx_GetPLL2CLKFreq+0x136>
341839aa:	6850      	ldr	r0, [r2, #4]
341839ac:	f010 0004 	ands.w	r0, r0, #4
341839b0:	d025      	beq.n	341839fe <HAL_RCCEx_GetPLL2CLKFreq+0x7e>
341839b2:	6c53      	ldr	r3, [r2, #68]	@ 0x44
341839b4:	059a      	lsls	r2, r3, #22
341839b6:	f140 808e 	bpl.w	34183ad6 <HAL_RCCEx_GetPLL2CLKFreq+0x156>
341839ba:	f8df c134 	ldr.w	ip, [pc, #308]	@ 34183af0 <HAL_RCCEx_GetPLL2CLKFreq+0x170>
341839be:	e030      	b.n	34183a22 <HAL_RCCEx_GetPLL2CLKFreq+0xa2>
341839c0:	f8d2 0090 	ldr.w	r0, [r2, #144]	@ 0x90
341839c4:	f010 6000 	ands.w	r0, r0, #134217728	@ 0x8000000
341839c8:	d012      	beq.n	341839f0 <HAL_RCCEx_GetPLL2CLKFreq+0x70>
341839ca:	f8d2 1090 	ldr.w	r1, [r2, #144]	@ 0x90
341839ce:	f001 41e0 	and.w	r1, r1, #1879048192	@ 0x70000000
341839d2:	f1b1 5f00 	cmp.w	r1, #536870912	@ 0x20000000
341839d6:	d00d      	beq.n	341839f4 <HAL_RCCEx_GetPLL2CLKFreq+0x74>
341839d8:	d819      	bhi.n	34183a0e <HAL_RCCEx_GetPLL2CLKFreq+0x8e>
341839da:	2900      	cmp	r1, #0
341839dc:	d061      	beq.n	34183aa2 <HAL_RCCEx_GetPLL2CLKFreq+0x122>
341839de:	6850      	ldr	r0, [r2, #4]
341839e0:	f010 0004 	ands.w	r0, r0, #4
341839e4:	d00b      	beq.n	341839fe <HAL_RCCEx_GetPLL2CLKFreq+0x7e>
341839e6:	6c53      	ldr	r3, [r2, #68]	@ 0x44
341839e8:	059b      	lsls	r3, r3, #22
341839ea:	d472      	bmi.n	34183ad2 <HAL_RCCEx_GetPLL2CLKFreq+0x152>
341839ec:	483c      	ldr	r0, [pc, #240]	@ (34183ae0 <HAL_RCCEx_GetPLL2CLKFreq+0x160>)
341839ee:	4770      	bx	lr
341839f0:	4770      	bx	lr
341839f2:	4770      	bx	lr
341839f4:	6850      	ldr	r0, [r2, #4]
341839f6:	f010 0010 	ands.w	r0, r0, #16
341839fa:	d069      	beq.n	34183ad0 <HAL_RCCEx_GetPLL2CLKFreq+0x150>
341839fc:	4839      	ldr	r0, [pc, #228]	@ (34183ae4 <HAL_RCCEx_GetPLL2CLKFreq+0x164>)
341839fe:	4770      	bx	lr
34183a00:	6850      	ldr	r0, [r2, #4]
34183a02:	f010 0010 	ands.w	r0, r0, #16
34183a06:	d0fa      	beq.n	341839fe <HAL_RCCEx_GetPLL2CLKFreq+0x7e>
34183a08:	f8df c0d8 	ldr.w	ip, [pc, #216]	@ 34183ae4 <HAL_RCCEx_GetPLL2CLKFreq+0x164>
34183a0c:	e009      	b.n	34183a22 <HAL_RCCEx_GetPLL2CLKFreq+0xa2>
34183a0e:	f1b1 5f40 	cmp.w	r1, #805306368	@ 0x30000000
34183a12:	d15b      	bne.n	34183acc <HAL_RCCEx_GetPLL2CLKFreq+0x14c>
34183a14:	4834      	ldr	r0, [pc, #208]	@ (34183ae8 <HAL_RCCEx_GetPLL2CLKFreq+0x168>)
34183a16:	4770      	bx	lr
34183a18:	f1b3 5f40 	cmp.w	r3, #805306368	@ 0x30000000
34183a1c:	d156      	bne.n	34183acc <HAL_RCCEx_GetPLL2CLKFreq+0x14c>
34183a1e:	f8df c0c8 	ldr.w	ip, [pc, #200]	@ 34183ae8 <HAL_RCCEx_GetPLL2CLKFreq+0x168>
34183a22:	4a2e      	ldr	r2, [pc, #184]	@ (34183adc <HAL_RCCEx_GetPLL2CLKFreq+0x15c>)
34183a24:	f8d2 3090 	ldr.w	r3, [r2, #144]	@ 0x90
34183a28:	f3c3 5105 	ubfx	r1, r3, #20, #6
34183a2c:	f013 7f7c 	tst.w	r3, #66060288	@ 0x3f00000
34183a30:	4608      	mov	r0, r1
34183a32:	d0e4      	beq.n	341839fe <HAL_RCCEx_GetPLL2CLKFreq+0x7e>
34183a34:	f8d2 3090 	ldr.w	r3, [r2, #144]	@ 0x90
34183a38:	f8d2 0094 	ldr.w	r0, [r2, #148]	@ 0x94
34183a3c:	f3c3 230b 	ubfx	r3, r3, #8, #12
34183a40:	f020 407f 	bic.w	r0, r0, #4278190080	@ 0xff000000
34183a44:	ee07 3a90 	vmov	s15, r3
34183a48:	ee05 0a90 	vmov	s11, r0
34183a4c:	ee07 ca10 	vmov	s14, ip
34183a50:	eefa 5ac4 	vcvt.f32.s32	s11, s11, #24
34183a54:	eef8 7ae7 	vcvt.f32.s32	s15, s15
34183a58:	eeb8 5ac7 	vcvt.f32.s32	s10, s14
34183a5c:	ee77 7aa5 	vadd.f32	s15, s15, s11
34183a60:	ee07 1a10 	vmov	s14, r1
34183a64:	f8d2 1098 	ldr.w	r1, [r2, #152]	@ 0x98
34183a68:	ee67 7a85 	vmul.f32	s15, s15, s10
34183a6c:	f3c1 61c2 	ubfx	r1, r1, #27, #3
34183a70:	ee06 1a90 	vmov	s13, r1
34183a74:	eeb8 7ac7 	vcvt.f32.s32	s14, s14
34183a78:	f8d2 3098 	ldr.w	r3, [r2, #152]	@ 0x98
34183a7c:	eeb8 6ae6 	vcvt.f32.s32	s12, s13
34183a80:	f3c3 6302 	ubfx	r3, r3, #24, #3
34183a84:	eec7 5a87 	vdiv.f32	s11, s15, s14
34183a88:	ee06 3a90 	vmov	s13, r3
34183a8c:	ee85 7a86 	vdiv.f32	s14, s11, s12
34183a90:	eef8 6ae6 	vcvt.f32.s32	s13, s13
34183a94:	eec7 7a26 	vdiv.f32	s15, s14, s13
34183a98:	eefc 7ae7 	vcvt.u32.f32	s15, s15
34183a9c:	ee17 0a90 	vmov	r0, s15
34183aa0:	4770      	bx	lr
34183aa2:	6850      	ldr	r0, [r2, #4]
34183aa4:	f010 0008 	ands.w	r0, r0, #8
34183aa8:	d0a9      	beq.n	341839fe <HAL_RCCEx_GetPLL2CLKFreq+0x7e>
34183aaa:	6c93      	ldr	r3, [r2, #72]	@ 0x48
34183aac:	480f      	ldr	r0, [pc, #60]	@ (34183aec <HAL_RCCEx_GetPLL2CLKFreq+0x16c>)
34183aae:	f3c3 13c1 	ubfx	r3, r3, #7, #2
34183ab2:	40d8      	lsrs	r0, r3
34183ab4:	4770      	bx	lr
34183ab6:	6850      	ldr	r0, [r2, #4]
34183ab8:	f010 0008 	ands.w	r0, r0, #8
34183abc:	d09f      	beq.n	341839fe <HAL_RCCEx_GetPLL2CLKFreq+0x7e>
34183abe:	6c92      	ldr	r2, [r2, #72]	@ 0x48
34183ac0:	4b0a      	ldr	r3, [pc, #40]	@ (34183aec <HAL_RCCEx_GetPLL2CLKFreq+0x16c>)
34183ac2:	f3c2 12c1 	ubfx	r2, r2, #7, #2
34183ac6:	fa23 fc02 	lsr.w	ip, r3, r2
34183aca:	e7aa      	b.n	34183a22 <HAL_RCCEx_GetPLL2CLKFreq+0xa2>
34183acc:	2000      	movs	r0, #0
34183ace:	4770      	bx	lr
34183ad0:	4770      	bx	lr
34183ad2:	4807      	ldr	r0, [pc, #28]	@ (34183af0 <HAL_RCCEx_GetPLL2CLKFreq+0x170>)
34183ad4:	4770      	bx	lr
34183ad6:	f8df c008 	ldr.w	ip, [pc, #8]	@ 34183ae0 <HAL_RCCEx_GetPLL2CLKFreq+0x160>
34183ada:	e7a2      	b.n	34183a22 <HAL_RCCEx_GetPLL2CLKFreq+0xa2>
34183adc:	56028000 	.word	0x56028000
34183ae0:	003d0900 	.word	0x003d0900
34183ae4:	02dc6c00 	.word	0x02dc6c00
34183ae8:	00bb8000 	.word	0x00bb8000
34183aec:	03d09000 	.word	0x03d09000
34183af0:	00f42400 	.word	0x00f42400

34183af4 <HAL_RCCEx_GetPLL3CLKFreq>:
34183af4:	4a56      	ldr	r2, [pc, #344]	@ (34183c50 <HAL_RCCEx_GetPLL3CLKFreq+0x15c>)
34183af6:	6853      	ldr	r3, [r2, #4]
34183af8:	f413 6380 	ands.w	r3, r3, #1024	@ 0x400
34183afc:	d01a      	beq.n	34183b34 <HAL_RCCEx_GetPLL3CLKFreq+0x40>
34183afe:	f8d2 00a8 	ldr.w	r0, [r2, #168]	@ 0xa8
34183b02:	f010 4080 	ands.w	r0, r0, #1073741824	@ 0x40000000
34183b06:	d02e      	beq.n	34183b66 <HAL_RCCEx_GetPLL3CLKFreq+0x72>
34183b08:	f8d2 30a0 	ldr.w	r3, [r2, #160]	@ 0xa0
34183b0c:	f003 43e0 	and.w	r3, r3, #1879048192	@ 0x70000000
34183b10:	f1b3 5f00 	cmp.w	r3, #536870912	@ 0x20000000
34183b14:	d02e      	beq.n	34183b74 <HAL_RCCEx_GetPLL3CLKFreq+0x80>
34183b16:	d839      	bhi.n	34183b8c <HAL_RCCEx_GetPLL3CLKFreq+0x98>
34183b18:	2b00      	cmp	r3, #0
34183b1a:	f000 8086 	beq.w	34183c2a <HAL_RCCEx_GetPLL3CLKFreq+0x136>
34183b1e:	6850      	ldr	r0, [r2, #4]
34183b20:	f010 0004 	ands.w	r0, r0, #4
34183b24:	d025      	beq.n	34183b72 <HAL_RCCEx_GetPLL3CLKFreq+0x7e>
34183b26:	6c53      	ldr	r3, [r2, #68]	@ 0x44
34183b28:	059a      	lsls	r2, r3, #22
34183b2a:	f140 808e 	bpl.w	34183c4a <HAL_RCCEx_GetPLL3CLKFreq+0x156>
34183b2e:	f8df c134 	ldr.w	ip, [pc, #308]	@ 34183c64 <HAL_RCCEx_GetPLL3CLKFreq+0x170>
34183b32:	e030      	b.n	34183b96 <HAL_RCCEx_GetPLL3CLKFreq+0xa2>
34183b34:	f8d2 00a0 	ldr.w	r0, [r2, #160]	@ 0xa0
34183b38:	f010 6000 	ands.w	r0, r0, #134217728	@ 0x8000000
34183b3c:	d012      	beq.n	34183b64 <HAL_RCCEx_GetPLL3CLKFreq+0x70>
34183b3e:	f8d2 10a0 	ldr.w	r1, [r2, #160]	@ 0xa0
34183b42:	f001 41e0 	and.w	r1, r1, #1879048192	@ 0x70000000
34183b46:	f1b1 5f00 	cmp.w	r1, #536870912	@ 0x20000000
34183b4a:	d00d      	beq.n	34183b68 <HAL_RCCEx_GetPLL3CLKFreq+0x74>
34183b4c:	d819      	bhi.n	34183b82 <HAL_RCCEx_GetPLL3CLKFreq+0x8e>
34183b4e:	2900      	cmp	r1, #0
34183b50:	d061      	beq.n	34183c16 <HAL_RCCEx_GetPLL3CLKFreq+0x122>
34183b52:	6850      	ldr	r0, [r2, #4]
34183b54:	f010 0004 	ands.w	r0, r0, #4
34183b58:	d00b      	beq.n	34183b72 <HAL_RCCEx_GetPLL3CLKFreq+0x7e>
34183b5a:	6c53      	ldr	r3, [r2, #68]	@ 0x44
34183b5c:	059b      	lsls	r3, r3, #22
34183b5e:	d472      	bmi.n	34183c46 <HAL_RCCEx_GetPLL3CLKFreq+0x152>
34183b60:	483c      	ldr	r0, [pc, #240]	@ (34183c54 <HAL_RCCEx_GetPLL3CLKFreq+0x160>)
34183b62:	4770      	bx	lr
34183b64:	4770      	bx	lr
34183b66:	4770      	bx	lr
34183b68:	6850      	ldr	r0, [r2, #4]
34183b6a:	f010 0010 	ands.w	r0, r0, #16
34183b6e:	d069      	beq.n	34183c44 <HAL_RCCEx_GetPLL3CLKFreq+0x150>
34183b70:	4839      	ldr	r0, [pc, #228]	@ (34183c58 <HAL_RCCEx_GetPLL3CLKFreq+0x164>)
34183b72:	4770      	bx	lr
34183b74:	6850      	ldr	r0, [r2, #4]
34183b76:	f010 0010 	ands.w	r0, r0, #16
34183b7a:	d0fa      	beq.n	34183b72 <HAL_RCCEx_GetPLL3CLKFreq+0x7e>
34183b7c:	f8df c0d8 	ldr.w	ip, [pc, #216]	@ 34183c58 <HAL_RCCEx_GetPLL3CLKFreq+0x164>
34183b80:	e009      	b.n	34183b96 <HAL_RCCEx_GetPLL3CLKFreq+0xa2>
34183b82:	f1b1 5f40 	cmp.w	r1, #805306368	@ 0x30000000
34183b86:	d15b      	bne.n	34183c40 <HAL_RCCEx_GetPLL3CLKFreq+0x14c>
34183b88:	4834      	ldr	r0, [pc, #208]	@ (34183c5c <HAL_RCCEx_GetPLL3CLKFreq+0x168>)
34183b8a:	4770      	bx	lr
34183b8c:	f1b3 5f40 	cmp.w	r3, #805306368	@ 0x30000000
34183b90:	d156      	bne.n	34183c40 <HAL_RCCEx_GetPLL3CLKFreq+0x14c>
34183b92:	f8df c0c8 	ldr.w	ip, [pc, #200]	@ 34183c5c <HAL_RCCEx_GetPLL3CLKFreq+0x168>
34183b96:	4a2e      	ldr	r2, [pc, #184]	@ (34183c50 <HAL_RCCEx_GetPLL3CLKFreq+0x15c>)
34183b98:	f8d2 30a0 	ldr.w	r3, [r2, #160]	@ 0xa0
34183b9c:	f3c3 5105 	ubfx	r1, r3, #20, #6
34183ba0:	f013 7f7c 	tst.w	r3, #66060288	@ 0x3f00000
34183ba4:	4608      	mov	r0, r1
34183ba6:	d0e4      	beq.n	34183b72 <HAL_RCCEx_GetPLL3CLKFreq+0x7e>
34183ba8:	f8d2 30a0 	ldr.w	r3, [r2, #160]	@ 0xa0
34183bac:	f8d2 00a4 	ldr.w	r0, [r2, #164]	@ 0xa4
34183bb0:	f3c3 230b 	ubfx	r3, r3, #8, #12
34183bb4:	f020 407f 	bic.w	r0, r0, #4278190080	@ 0xff000000
34183bb8:	ee07 3a90 	vmov	s15, r3
34183bbc:	ee05 0a90 	vmov	s11, r0
34183bc0:	ee07 ca10 	vmov	s14, ip
34183bc4:	eefa 5ac4 	vcvt.f32.s32	s11, s11, #24
34183bc8:	eef8 7ae7 	vcvt.f32.s32	s15, s15
34183bcc:	eeb8 5ac7 	vcvt.f32.s32	s10, s14
34183bd0:	ee77 7aa5 	vadd.f32	s15, s15, s11
34183bd4:	ee07 1a10 	vmov	s14, r1
34183bd8:	f8d2 10a8 	ldr.w	r1, [r2, #168]	@ 0xa8
34183bdc:	ee67 7a85 	vmul.f32	s15, s15, s10
34183be0:	f3c1 61c2 	ubfx	r1, r1, #27, #3
34183be4:	ee06 1a90 	vmov	s13, r1
34183be8:	eeb8 7ac7 	vcvt.f32.s32	s14, s14
34183bec:	f8d2 30a8 	ldr.w	r3, [r2, #168]	@ 0xa8
34183bf0:	eeb8 6ae6 	vcvt.f32.s32	s12, s13
34183bf4:	f3c3 6302 	ubfx	r3, r3, #24, #3
34183bf8:	eec7 5a87 	vdiv.f32	s11, s15, s14
34183bfc:	ee06 3a90 	vmov	s13, r3
34183c00:	ee85 7a86 	vdiv.f32	s14, s11, s12
34183c04:	eef8 6ae6 	vcvt.f32.s32	s13, s13
34183c08:	eec7 7a26 	vdiv.f32	s15, s14, s13
34183c0c:	eefc 7ae7 	vcvt.u32.f32	s15, s15
34183c10:	ee17 0a90 	vmov	r0, s15
34183c14:	4770      	bx	lr
34183c16:	6850      	ldr	r0, [r2, #4]
34183c18:	f010 0008 	ands.w	r0, r0, #8
34183c1c:	d0a9      	beq.n	34183b72 <HAL_RCCEx_GetPLL3CLKFreq+0x7e>
34183c1e:	6c93      	ldr	r3, [r2, #72]	@ 0x48
34183c20:	480f      	ldr	r0, [pc, #60]	@ (34183c60 <HAL_RCCEx_GetPLL3CLKFreq+0x16c>)
34183c22:	f3c3 13c1 	ubfx	r3, r3, #7, #2
34183c26:	40d8      	lsrs	r0, r3
34183c28:	4770      	bx	lr
34183c2a:	6850      	ldr	r0, [r2, #4]
34183c2c:	f010 0008 	ands.w	r0, r0, #8
34183c30:	d09f      	beq.n	34183b72 <HAL_RCCEx_GetPLL3CLKFreq+0x7e>
34183c32:	6c92      	ldr	r2, [r2, #72]	@ 0x48
34183c34:	4b0a      	ldr	r3, [pc, #40]	@ (34183c60 <HAL_RCCEx_GetPLL3CLKFreq+0x16c>)
34183c36:	f3c2 12c1 	ubfx	r2, r2, #7, #2
34183c3a:	fa23 fc02 	lsr.w	ip, r3, r2
34183c3e:	e7aa      	b.n	34183b96 <HAL_RCCEx_GetPLL3CLKFreq+0xa2>
34183c40:	2000      	movs	r0, #0
34183c42:	4770      	bx	lr
34183c44:	4770      	bx	lr
34183c46:	4807      	ldr	r0, [pc, #28]	@ (34183c64 <HAL_RCCEx_GetPLL3CLKFreq+0x170>)
34183c48:	4770      	bx	lr
34183c4a:	f8df c008 	ldr.w	ip, [pc, #8]	@ 34183c54 <HAL_RCCEx_GetPLL3CLKFreq+0x160>
34183c4e:	e7a2      	b.n	34183b96 <HAL_RCCEx_GetPLL3CLKFreq+0xa2>
34183c50:	56028000 	.word	0x56028000
34183c54:	003d0900 	.word	0x003d0900
34183c58:	02dc6c00 	.word	0x02dc6c00
34183c5c:	00bb8000 	.word	0x00bb8000
34183c60:	03d09000 	.word	0x03d09000
34183c64:	00f42400 	.word	0x00f42400

34183c68 <HAL_RCCEx_GetPLL4CLKFreq>:
34183c68:	4a56      	ldr	r2, [pc, #344]	@ (34183dc4 <HAL_RCCEx_GetPLL4CLKFreq+0x15c>)
34183c6a:	6853      	ldr	r3, [r2, #4]
34183c6c:	f413 6300 	ands.w	r3, r3, #2048	@ 0x800
34183c70:	d01a      	beq.n	34183ca8 <HAL_RCCEx_GetPLL4CLKFreq+0x40>
34183c72:	f8d2 00b8 	ldr.w	r0, [r2, #184]	@ 0xb8
34183c76:	f010 4080 	ands.w	r0, r0, #1073741824	@ 0x40000000
34183c7a:	d02e      	beq.n	34183cda <HAL_RCCEx_GetPLL4CLKFreq+0x72>
34183c7c:	f8d2 30b0 	ldr.w	r3, [r2, #176]	@ 0xb0
34183c80:	f003 43e0 	and.w	r3, r3, #1879048192	@ 0x70000000
34183c84:	f1b3 5f00 	cmp.w	r3, #536870912	@ 0x20000000
34183c88:	d02e      	beq.n	34183ce8 <HAL_RCCEx_GetPLL4CLKFreq+0x80>
34183c8a:	d839      	bhi.n	34183d00 <HAL_RCCEx_GetPLL4CLKFreq+0x98>
34183c8c:	2b00      	cmp	r3, #0
34183c8e:	f000 8086 	beq.w	34183d9e <HAL_RCCEx_GetPLL4CLKFreq+0x136>
34183c92:	6850      	ldr	r0, [r2, #4]
34183c94:	f010 0004 	ands.w	r0, r0, #4
34183c98:	d025      	beq.n	34183ce6 <HAL_RCCEx_GetPLL4CLKFreq+0x7e>
34183c9a:	6c53      	ldr	r3, [r2, #68]	@ 0x44
34183c9c:	059a      	lsls	r2, r3, #22
34183c9e:	f140 808e 	bpl.w	34183dbe <HAL_RCCEx_GetPLL4CLKFreq+0x156>
34183ca2:	f8df c134 	ldr.w	ip, [pc, #308]	@ 34183dd8 <HAL_RCCEx_GetPLL4CLKFreq+0x170>
34183ca6:	e030      	b.n	34183d0a <HAL_RCCEx_GetPLL4CLKFreq+0xa2>
34183ca8:	f8d2 00b0 	ldr.w	r0, [r2, #176]	@ 0xb0
34183cac:	f010 6000 	ands.w	r0, r0, #134217728	@ 0x8000000
34183cb0:	d012      	beq.n	34183cd8 <HAL_RCCEx_GetPLL4CLKFreq+0x70>
34183cb2:	f8d2 10b0 	ldr.w	r1, [r2, #176]	@ 0xb0
34183cb6:	f001 41e0 	and.w	r1, r1, #1879048192	@ 0x70000000
34183cba:	f1b1 5f00 	cmp.w	r1, #536870912	@ 0x20000000
34183cbe:	d00d      	beq.n	34183cdc <HAL_RCCEx_GetPLL4CLKFreq+0x74>
34183cc0:	d819      	bhi.n	34183cf6 <HAL_RCCEx_GetPLL4CLKFreq+0x8e>
34183cc2:	2900      	cmp	r1, #0
34183cc4:	d061      	beq.n	34183d8a <HAL_RCCEx_GetPLL4CLKFreq+0x122>
34183cc6:	6850      	ldr	r0, [r2, #4]
34183cc8:	f010 0004 	ands.w	r0, r0, #4
34183ccc:	d00b      	beq.n	34183ce6 <HAL_RCCEx_GetPLL4CLKFreq+0x7e>
34183cce:	6c53      	ldr	r3, [r2, #68]	@ 0x44
34183cd0:	059b      	lsls	r3, r3, #22
34183cd2:	d472      	bmi.n	34183dba <HAL_RCCEx_GetPLL4CLKFreq+0x152>
34183cd4:	483c      	ldr	r0, [pc, #240]	@ (34183dc8 <HAL_RCCEx_GetPLL4CLKFreq+0x160>)
34183cd6:	4770      	bx	lr
34183cd8:	4770      	bx	lr
34183cda:	4770      	bx	lr
34183cdc:	6850      	ldr	r0, [r2, #4]
34183cde:	f010 0010 	ands.w	r0, r0, #16
34183ce2:	d069      	beq.n	34183db8 <HAL_RCCEx_GetPLL4CLKFreq+0x150>
34183ce4:	4839      	ldr	r0, [pc, #228]	@ (34183dcc <HAL_RCCEx_GetPLL4CLKFreq+0x164>)
34183ce6:	4770      	bx	lr
34183ce8:	6850      	ldr	r0, [r2, #4]
34183cea:	f010 0010 	ands.w	r0, r0, #16
34183cee:	d0fa      	beq.n	34183ce6 <HAL_RCCEx_GetPLL4CLKFreq+0x7e>
34183cf0:	f8df c0d8 	ldr.w	ip, [pc, #216]	@ 34183dcc <HAL_RCCEx_GetPLL4CLKFreq+0x164>
34183cf4:	e009      	b.n	34183d0a <HAL_RCCEx_GetPLL4CLKFreq+0xa2>
34183cf6:	f1b1 5f40 	cmp.w	r1, #805306368	@ 0x30000000
34183cfa:	d15b      	bne.n	34183db4 <HAL_RCCEx_GetPLL4CLKFreq+0x14c>
34183cfc:	4834      	ldr	r0, [pc, #208]	@ (34183dd0 <HAL_RCCEx_GetPLL4CLKFreq+0x168>)
34183cfe:	4770      	bx	lr
34183d00:	f1b3 5f40 	cmp.w	r3, #805306368	@ 0x30000000
34183d04:	d156      	bne.n	34183db4 <HAL_RCCEx_GetPLL4CLKFreq+0x14c>
34183d06:	f8df c0c8 	ldr.w	ip, [pc, #200]	@ 34183dd0 <HAL_RCCEx_GetPLL4CLKFreq+0x168>
34183d0a:	4a2e      	ldr	r2, [pc, #184]	@ (34183dc4 <HAL_RCCEx_GetPLL4CLKFreq+0x15c>)
34183d0c:	f8d2 30b0 	ldr.w	r3, [r2, #176]	@ 0xb0
34183d10:	f3c3 5105 	ubfx	r1, r3, #20, #6
34183d14:	f013 7f7c 	tst.w	r3, #66060288	@ 0x3f00000
34183d18:	4608      	mov	r0, r1
34183d1a:	d0e4      	beq.n	34183ce6 <HAL_RCCEx_GetPLL4CLKFreq+0x7e>
34183d1c:	f8d2 30b0 	ldr.w	r3, [r2, #176]	@ 0xb0
34183d20:	f8d2 00b4 	ldr.w	r0, [r2, #180]	@ 0xb4
34183d24:	f3c3 230b 	ubfx	r3, r3, #8, #12
34183d28:	f020 407f 	bic.w	r0, r0, #4278190080	@ 0xff000000
34183d2c:	ee07 3a90 	vmov	s15, r3
34183d30:	ee05 0a90 	vmov	s11, r0
34183d34:	ee07 ca10 	vmov	s14, ip
34183d38:	eefa 5ac4 	vcvt.f32.s32	s11, s11, #24
34183d3c:	eef8 7ae7 	vcvt.f32.s32	s15, s15
34183d40:	eeb8 5ac7 	vcvt.f32.s32	s10, s14
34183d44:	ee77 7aa5 	vadd.f32	s15, s15, s11
34183d48:	ee07 1a10 	vmov	s14, r1
34183d4c:	f8d2 10b8 	ldr.w	r1, [r2, #184]	@ 0xb8
34183d50:	ee67 7a85 	vmul.f32	s15, s15, s10
34183d54:	f3c1 61c2 	ubfx	r1, r1, #27, #3
34183d58:	ee06 1a90 	vmov	s13, r1
34183d5c:	eeb8 7ac7 	vcvt.f32.s32	s14, s14
34183d60:	f8d2 30b8 	ldr.w	r3, [r2, #184]	@ 0xb8
34183d64:	eeb8 6ae6 	vcvt.f32.s32	s12, s13
34183d68:	f3c3 6302 	ubfx	r3, r3, #24, #3
34183d6c:	eec7 5a87 	vdiv.f32	s11, s15, s14
34183d70:	ee06 3a90 	vmov	s13, r3
34183d74:	ee85 7a86 	vdiv.f32	s14, s11, s12
34183d78:	eef8 6ae6 	vcvt.f32.s32	s13, s13
34183d7c:	eec7 7a26 	vdiv.f32	s15, s14, s13
34183d80:	eefc 7ae7 	vcvt.u32.f32	s15, s15
34183d84:	ee17 0a90 	vmov	r0, s15
34183d88:	4770      	bx	lr
34183d8a:	6850      	ldr	r0, [r2, #4]
34183d8c:	f010 0008 	ands.w	r0, r0, #8
34183d90:	d0a9      	beq.n	34183ce6 <HAL_RCCEx_GetPLL4CLKFreq+0x7e>
34183d92:	6c93      	ldr	r3, [r2, #72]	@ 0x48
34183d94:	480f      	ldr	r0, [pc, #60]	@ (34183dd4 <HAL_RCCEx_GetPLL4CLKFreq+0x16c>)
34183d96:	f3c3 13c1 	ubfx	r3, r3, #7, #2
34183d9a:	40d8      	lsrs	r0, r3
34183d9c:	4770      	bx	lr
34183d9e:	6850      	ldr	r0, [r2, #4]
34183da0:	f010 0008 	ands.w	r0, r0, #8
34183da4:	d09f      	beq.n	34183ce6 <HAL_RCCEx_GetPLL4CLKFreq+0x7e>
34183da6:	6c92      	ldr	r2, [r2, #72]	@ 0x48
34183da8:	4b0a      	ldr	r3, [pc, #40]	@ (34183dd4 <HAL_RCCEx_GetPLL4CLKFreq+0x16c>)
34183daa:	f3c2 12c1 	ubfx	r2, r2, #7, #2
34183dae:	fa23 fc02 	lsr.w	ip, r3, r2
34183db2:	e7aa      	b.n	34183d0a <HAL_RCCEx_GetPLL4CLKFreq+0xa2>
34183db4:	2000      	movs	r0, #0
34183db6:	4770      	bx	lr
34183db8:	4770      	bx	lr
34183dba:	4807      	ldr	r0, [pc, #28]	@ (34183dd8 <HAL_RCCEx_GetPLL4CLKFreq+0x170>)
34183dbc:	4770      	bx	lr
34183dbe:	f8df c008 	ldr.w	ip, [pc, #8]	@ 34183dc8 <HAL_RCCEx_GetPLL4CLKFreq+0x160>
34183dc2:	e7a2      	b.n	34183d0a <HAL_RCCEx_GetPLL4CLKFreq+0xa2>
34183dc4:	56028000 	.word	0x56028000
34183dc8:	003d0900 	.word	0x003d0900
34183dcc:	02dc6c00 	.word	0x02dc6c00
34183dd0:	00bb8000 	.word	0x00bb8000
34183dd4:	03d09000 	.word	0x03d09000
34183dd8:	00f42400 	.word	0x00f42400

34183ddc <Reset_Handler>:
34183ddc:	480f      	ldr	r0, [pc, #60]	@ (34183e1c <LoopForever+0x4>)
34183dde:	f380 880a 	msr	MSPLIM, r0
34183de2:	480f      	ldr	r0, [pc, #60]	@ (34183e20 <LoopForever+0x8>)
34183de4:	4685      	mov	sp, r0
34183de6:	f7fe f991 	bl	3418210c <SystemInit>
34183dea:	480e      	ldr	r0, [pc, #56]	@ (34183e24 <LoopForever+0xc>)
34183dec:	490e      	ldr	r1, [pc, #56]	@ (34183e28 <LoopForever+0x10>)
34183dee:	4a0f      	ldr	r2, [pc, #60]	@ (34183e2c <LoopForever+0x14>)
34183df0:	2300      	movs	r3, #0
34183df2:	e002      	b.n	34183dfa <LoopCopyDataInit>

34183df4 <CopyDataInit>:
34183df4:	58d4      	ldr	r4, [r2, r3]
34183df6:	50c4      	str	r4, [r0, r3]
34183df8:	3304      	adds	r3, #4

34183dfa <LoopCopyDataInit>:
34183dfa:	18c4      	adds	r4, r0, r3
34183dfc:	428c      	cmp	r4, r1
34183dfe:	d3f9      	bcc.n	34183df4 <CopyDataInit>
34183e00:	4a0b      	ldr	r2, [pc, #44]	@ (34183e30 <LoopForever+0x18>)
34183e02:	4c0c      	ldr	r4, [pc, #48]	@ (34183e34 <LoopForever+0x1c>)
34183e04:	2300      	movs	r3, #0
34183e06:	e001      	b.n	34183e0c <LoopFillZerobss>

34183e08 <FillZerobss>:
34183e08:	6013      	str	r3, [r2, #0]
34183e0a:	3204      	adds	r2, #4

34183e0c <LoopFillZerobss>:
34183e0c:	42a2      	cmp	r2, r4
34183e0e:	d3fb      	bcc.n	34183e08 <FillZerobss>
34183e10:	f000 fac8 	bl	341843a4 <__libc_init_array>
34183e14:	f7fe f816 	bl	34181e44 <__wrap_main>

34183e18 <LoopForever>:
34183e18:	e7fe      	b.n	34183e18 <LoopForever>
34183e1a:	0000      	.short	0x0000
34183e1c:	341e0000 	.word	0x341e0000
34183e20:	34200000 	.word	0x34200000
34183e24:	341c0000 	.word	0x341c0000
34183e28:	341c0894 	.word	0x341c0894
34183e2c:	3418b140 	.word	0x3418b140
34183e30:	341c08a0 	.word	0x341c08a0
34183e34:	341c0be8 	.word	0x341c0be8

34183e38 <ADC1_2_IRQHandler>:
34183e38:	e7fe      	b.n	34183e38 <ADC1_2_IRQHandler>
	...

34183e3c <atexit>:
34183e3c:	2300      	movs	r3, #0
34183e3e:	4601      	mov	r1, r0
34183e40:	461a      	mov	r2, r3
34183e42:	4618      	mov	r0, r3
34183e44:	f000 bb94 	b.w	34184570 <__register_exitproc>

34183e48 <printf>:
34183e48:	b40f      	push	{r0, r1, r2, r3}
34183e4a:	4908      	ldr	r1, [pc, #32]	@ (34183e6c <printf+0x24>)
34183e4c:	b500      	push	{lr}
34183e4e:	b083      	sub	sp, #12
34183e50:	6808      	ldr	r0, [r1, #0]
34183e52:	ab04      	add	r3, sp, #16
34183e54:	6881      	ldr	r1, [r0, #8]
34183e56:	f853 2b04 	ldr.w	r2, [r3], #4
34183e5a:	9301      	str	r3, [sp, #4]
34183e5c:	f001 f804 	bl	34184e68 <_vfprintf_r>
34183e60:	b003      	add	sp, #12
34183e62:	f85d eb04 	ldr.w	lr, [sp], #4
34183e66:	b004      	add	sp, #16
34183e68:	4770      	bx	lr
34183e6a:	bf00      	nop
34183e6c:	341c0020 	.word	0x341c0020

34183e70 <_puts_r>:
34183e70:	b530      	push	{r4, r5, lr}
34183e72:	4605      	mov	r5, r0
34183e74:	b089      	sub	sp, #36	@ 0x24
34183e76:	4608      	mov	r0, r1
34183e78:	460c      	mov	r4, r1
34183e7a:	f000 fb4b 	bl	34184514 <strlen>
34183e7e:	2301      	movs	r3, #1
34183e80:	4a2a      	ldr	r2, [pc, #168]	@ (34183f2c <_puts_r+0xbc>)
34183e82:	a904      	add	r1, sp, #16
34183e84:	9307      	str	r3, [sp, #28]
34183e86:	9206      	str	r2, [sp, #24]
34183e88:	2202      	movs	r2, #2
34183e8a:	e9cd 4004 	strd	r4, r0, [sp, #16]
34183e8e:	4418      	add	r0, r3
34183e90:	6b6b      	ldr	r3, [r5, #52]	@ 0x34
34183e92:	68ac      	ldr	r4, [r5, #8]
34183e94:	9003      	str	r0, [sp, #12]
34183e96:	e9cd 1201 	strd	r1, r2, [sp, #4]
34183e9a:	2b00      	cmp	r3, #0
34183e9c:	d03e      	beq.n	34183f1c <_puts_r+0xac>
34183e9e:	6e63      	ldr	r3, [r4, #100]	@ 0x64
34183ea0:	f9b4 200c 	ldrsh.w	r2, [r4, #12]
34183ea4:	07d8      	lsls	r0, r3, #31
34183ea6:	d51c      	bpl.n	34183ee2 <_puts_r+0x72>
34183ea8:	0491      	lsls	r1, r2, #18
34183eaa:	d423      	bmi.n	34183ef4 <_puts_r+0x84>
34183eac:	f442 5200 	orr.w	r2, r2, #8192	@ 0x2000
34183eb0:	f423 5300 	bic.w	r3, r3, #8192	@ 0x2000
34183eb4:	81a2      	strh	r2, [r4, #12]
34183eb6:	6663      	str	r3, [r4, #100]	@ 0x64
34183eb8:	0499      	lsls	r1, r3, #18
34183eba:	d433      	bmi.n	34183f24 <_puts_r+0xb4>
34183ebc:	4628      	mov	r0, r5
34183ebe:	aa01      	add	r2, sp, #4
34183ec0:	4621      	mov	r1, r4
34183ec2:	f003 f8af 	bl	34187024 <__sfvwrite_r>
34183ec6:	2800      	cmp	r0, #0
34183ec8:	6e63      	ldr	r3, [r4, #100]	@ 0x64
34183eca:	bf14      	ite	ne
34183ecc:	f04f 35ff 	movne.w	r5, #4294967295	@ 0xffffffff
34183ed0:	250a      	moveq	r5, #10
34183ed2:	07da      	lsls	r2, r3, #31
34183ed4:	d402      	bmi.n	34183edc <_puts_r+0x6c>
34183ed6:	89a3      	ldrh	r3, [r4, #12]
34183ed8:	059b      	lsls	r3, r3, #22
34183eda:	d510      	bpl.n	34183efe <_puts_r+0x8e>
34183edc:	4628      	mov	r0, r5
34183ede:	b009      	add	sp, #36	@ 0x24
34183ee0:	bd30      	pop	{r4, r5, pc}
34183ee2:	0590      	lsls	r0, r2, #22
34183ee4:	d511      	bpl.n	34183f0a <_puts_r+0x9a>
34183ee6:	0491      	lsls	r1, r2, #18
34183ee8:	d5e0      	bpl.n	34183eac <_puts_r+0x3c>
34183eea:	049b      	lsls	r3, r3, #18
34183eec:	d5e6      	bpl.n	34183ebc <_puts_r+0x4c>
34183eee:	f04f 35ff 	mov.w	r5, #4294967295	@ 0xffffffff
34183ef2:	e7f0      	b.n	34183ed6 <_puts_r+0x66>
34183ef4:	049b      	lsls	r3, r3, #18
34183ef6:	d5e1      	bpl.n	34183ebc <_puts_r+0x4c>
34183ef8:	f04f 35ff 	mov.w	r5, #4294967295	@ 0xffffffff
34183efc:	e7ee      	b.n	34183edc <_puts_r+0x6c>
34183efe:	6da0      	ldr	r0, [r4, #88]	@ 0x58
34183f00:	f000 fa90 	bl	34184424 <__retarget_lock_release_recursive>
34183f04:	4628      	mov	r0, r5
34183f06:	b009      	add	sp, #36	@ 0x24
34183f08:	bd30      	pop	{r4, r5, pc}
34183f0a:	6da0      	ldr	r0, [r4, #88]	@ 0x58
34183f0c:	f000 fa88 	bl	34184420 <__retarget_lock_acquire_recursive>
34183f10:	f9b4 200c 	ldrsh.w	r2, [r4, #12]
34183f14:	6e63      	ldr	r3, [r4, #100]	@ 0x64
34183f16:	0490      	lsls	r0, r2, #18
34183f18:	d4ce      	bmi.n	34183eb8 <_puts_r+0x48>
34183f1a:	e7c7      	b.n	34183eac <_puts_r+0x3c>
34183f1c:	4628      	mov	r0, r5
34183f1e:	f000 f9cd 	bl	341842bc <__sinit>
34183f22:	e7bc      	b.n	34183e9e <_puts_r+0x2e>
34183f24:	f04f 35ff 	mov.w	r5, #4294967295	@ 0xffffffff
34183f28:	e7d3      	b.n	34183ed2 <_puts_r+0x62>
34183f2a:	bf00      	nop
34183f2c:	3418ac2c 	.word	0x3418ac2c

34183f30 <puts>:
34183f30:	4b02      	ldr	r3, [pc, #8]	@ (34183f3c <puts+0xc>)
34183f32:	4601      	mov	r1, r0
34183f34:	6818      	ldr	r0, [r3, #0]
34183f36:	f7ff bf9b 	b.w	34183e70 <_puts_r>
34183f3a:	bf00      	nop
34183f3c:	341c0020 	.word	0x341c0020

34183f40 <__sflush_r>:
34183f40:	f9b1 200c 	ldrsh.w	r2, [r1, #12]
34183f44:	e92d 41f0 	stmdb	sp!, {r4, r5, r6, r7, r8, lr}
34183f48:	4680      	mov	r8, r0
34183f4a:	0710      	lsls	r0, r2, #28
34183f4c:	460c      	mov	r4, r1
34183f4e:	d450      	bmi.n	34183ff2 <__sflush_r+0xb2>
34183f50:	6849      	ldr	r1, [r1, #4]
34183f52:	f442 6300 	orr.w	r3, r2, #2048	@ 0x800
34183f56:	2900      	cmp	r1, #0
34183f58:	81a3      	strh	r3, [r4, #12]
34183f5a:	dd64      	ble.n	34184026 <__sflush_r+0xe6>
34183f5c:	6aa6      	ldr	r6, [r4, #40]	@ 0x28
34183f5e:	2e00      	cmp	r6, #0
34183f60:	d044      	beq.n	34183fec <__sflush_r+0xac>
34183f62:	2100      	movs	r1, #0
34183f64:	f412 5280 	ands.w	r2, r2, #4096	@ 0x1000
34183f68:	f8d8 5000 	ldr.w	r5, [r8]
34183f6c:	f8c8 1000 	str.w	r1, [r8]
34183f70:	d165      	bne.n	3418403e <__sflush_r+0xfe>
34183f72:	69e1      	ldr	r1, [r4, #28]
34183f74:	2301      	movs	r3, #1
34183f76:	4640      	mov	r0, r8
34183f78:	47b0      	blx	r6
34183f7a:	1c41      	adds	r1, r0, #1
34183f7c:	4602      	mov	r2, r0
34183f7e:	d06c      	beq.n	3418405a <__sflush_r+0x11a>
34183f80:	f9b4 300c 	ldrsh.w	r3, [r4, #12]
34183f84:	6aa6      	ldr	r6, [r4, #40]	@ 0x28
34183f86:	075b      	lsls	r3, r3, #29
34183f88:	d505      	bpl.n	34183f96 <__sflush_r+0x56>
34183f8a:	6863      	ldr	r3, [r4, #4]
34183f8c:	1ad2      	subs	r2, r2, r3
34183f8e:	6b23      	ldr	r3, [r4, #48]	@ 0x30
34183f90:	b10b      	cbz	r3, 34183f96 <__sflush_r+0x56>
34183f92:	6be3      	ldr	r3, [r4, #60]	@ 0x3c
34183f94:	1ad2      	subs	r2, r2, r3
34183f96:	2300      	movs	r3, #0
34183f98:	69e1      	ldr	r1, [r4, #28]
34183f9a:	4640      	mov	r0, r8
34183f9c:	47b0      	blx	r6
34183f9e:	1c47      	adds	r7, r0, #1
34183fa0:	f9b4 300c 	ldrsh.w	r3, [r4, #12]
34183fa4:	d14d      	bne.n	34184042 <__sflush_r+0x102>
34183fa6:	f8d8 1000 	ldr.w	r1, [r8]
34183faa:	291d      	cmp	r1, #29
34183fac:	d840      	bhi.n	34184030 <__sflush_r+0xf0>
34183fae:	4a30      	ldr	r2, [pc, #192]	@ (34184070 <__sflush_r+0x130>)
34183fb0:	40ca      	lsrs	r2, r1
34183fb2:	07d6      	lsls	r6, r2, #31
34183fb4:	d53c      	bpl.n	34184030 <__sflush_r+0xf0>
34183fb6:	f423 6200 	bic.w	r2, r3, #2048	@ 0x800
34183fba:	04d9      	lsls	r1, r3, #19
34183fbc:	81a2      	strh	r2, [r4, #12]
34183fbe:	f04f 0200 	mov.w	r2, #0
34183fc2:	6062      	str	r2, [r4, #4]
34183fc4:	6922      	ldr	r2, [r4, #16]
34183fc6:	6022      	str	r2, [r4, #0]
34183fc8:	d503      	bpl.n	34183fd2 <__sflush_r+0x92>
34183fca:	f8d8 3000 	ldr.w	r3, [r8]
34183fce:	2b00      	cmp	r3, #0
34183fd0:	d041      	beq.n	34184056 <__sflush_r+0x116>
34183fd2:	6b21      	ldr	r1, [r4, #48]	@ 0x30
34183fd4:	f8c8 5000 	str.w	r5, [r8]
34183fd8:	b141      	cbz	r1, 34183fec <__sflush_r+0xac>
34183fda:	f104 0340 	add.w	r3, r4, #64	@ 0x40
34183fde:	4299      	cmp	r1, r3
34183fe0:	d002      	beq.n	34183fe8 <__sflush_r+0xa8>
34183fe2:	4640      	mov	r0, r8
34183fe4:	f000 fb66 	bl	341846b4 <_free_r>
34183fe8:	2300      	movs	r3, #0
34183fea:	6323      	str	r3, [r4, #48]	@ 0x30
34183fec:	2000      	movs	r0, #0
34183fee:	e8bd 81f0 	ldmia.w	sp!, {r4, r5, r6, r7, r8, pc}
34183ff2:	690e      	ldr	r6, [r1, #16]
34183ff4:	2e00      	cmp	r6, #0
34183ff6:	d0f9      	beq.n	34183fec <__sflush_r+0xac>
34183ff8:	0792      	lsls	r2, r2, #30
34183ffa:	680d      	ldr	r5, [r1, #0]
34183ffc:	600e      	str	r6, [r1, #0]
34183ffe:	bf0c      	ite	eq
34184000:	694b      	ldreq	r3, [r1, #20]
34184002:	2300      	movne	r3, #0
34184004:	1bad      	subs	r5, r5, r6
34184006:	608b      	str	r3, [r1, #8]
34184008:	e00a      	b.n	34184020 <__sflush_r+0xe0>
3418400a:	462b      	mov	r3, r5
3418400c:	4632      	mov	r2, r6
3418400e:	69e1      	ldr	r1, [r4, #28]
34184010:	4640      	mov	r0, r8
34184012:	6a67      	ldr	r7, [r4, #36]	@ 0x24
34184014:	47b8      	blx	r7
34184016:	2800      	cmp	r0, #0
34184018:	eba5 0500 	sub.w	r5, r5, r0
3418401c:	4406      	add	r6, r0
3418401e:	dd06      	ble.n	3418402e <__sflush_r+0xee>
34184020:	2d00      	cmp	r5, #0
34184022:	dcf2      	bgt.n	3418400a <__sflush_r+0xca>
34184024:	e7e2      	b.n	34183fec <__sflush_r+0xac>
34184026:	6be1      	ldr	r1, [r4, #60]	@ 0x3c
34184028:	2900      	cmp	r1, #0
3418402a:	dc97      	bgt.n	34183f5c <__sflush_r+0x1c>
3418402c:	e7de      	b.n	34183fec <__sflush_r+0xac>
3418402e:	89a3      	ldrh	r3, [r4, #12]
34184030:	f043 0340 	orr.w	r3, r3, #64	@ 0x40
34184034:	f04f 30ff 	mov.w	r0, #4294967295	@ 0xffffffff
34184038:	81a3      	strh	r3, [r4, #12]
3418403a:	e8bd 81f0 	ldmia.w	sp!, {r4, r5, r6, r7, r8, pc}
3418403e:	6d22      	ldr	r2, [r4, #80]	@ 0x50
34184040:	e7a1      	b.n	34183f86 <__sflush_r+0x46>
34184042:	f423 6200 	bic.w	r2, r3, #2048	@ 0x800
34184046:	04db      	lsls	r3, r3, #19
34184048:	81a2      	strh	r2, [r4, #12]
3418404a:	f04f 0200 	mov.w	r2, #0
3418404e:	6062      	str	r2, [r4, #4]
34184050:	6922      	ldr	r2, [r4, #16]
34184052:	6022      	str	r2, [r4, #0]
34184054:	d5bd      	bpl.n	34183fd2 <__sflush_r+0x92>
34184056:	6520      	str	r0, [r4, #80]	@ 0x50
34184058:	e7bb      	b.n	34183fd2 <__sflush_r+0x92>
3418405a:	f8d8 3000 	ldr.w	r3, [r8]
3418405e:	2b00      	cmp	r3, #0
34184060:	d08e      	beq.n	34183f80 <__sflush_r+0x40>
34184062:	2b1d      	cmp	r3, #29
34184064:	d001      	beq.n	3418406a <__sflush_r+0x12a>
34184066:	2b16      	cmp	r3, #22
34184068:	d1e1      	bne.n	3418402e <__sflush_r+0xee>
3418406a:	f8c8 5000 	str.w	r5, [r8]
3418406e:	e7bd      	b.n	34183fec <__sflush_r+0xac>
34184070:	20400001 	.word	0x20400001

34184074 <_fflush_r>:
34184074:	b500      	push	{lr}
34184076:	4603      	mov	r3, r0
34184078:	b083      	sub	sp, #12
3418407a:	b108      	cbz	r0, 34184080 <_fflush_r+0xc>
3418407c:	6b42      	ldr	r2, [r0, #52]	@ 0x34
3418407e:	b352      	cbz	r2, 341840d6 <_fflush_r+0x62>
34184080:	f9b1 000c 	ldrsh.w	r0, [r1, #12]
34184084:	b198      	cbz	r0, 341840ae <_fflush_r+0x3a>
34184086:	6e4a      	ldr	r2, [r1, #100]	@ 0x64
34184088:	07d2      	lsls	r2, r2, #31
3418408a:	d401      	bmi.n	34184090 <_fflush_r+0x1c>
3418408c:	0582      	lsls	r2, r0, #22
3418408e:	d512      	bpl.n	341840b6 <_fflush_r+0x42>
34184090:	4618      	mov	r0, r3
34184092:	9100      	str	r1, [sp, #0]
34184094:	f7ff ff54 	bl	34183f40 <__sflush_r>
34184098:	9900      	ldr	r1, [sp, #0]
3418409a:	4603      	mov	r3, r0
3418409c:	6e4a      	ldr	r2, [r1, #100]	@ 0x64
3418409e:	07d0      	lsls	r0, r2, #31
341840a0:	d402      	bmi.n	341840a8 <_fflush_r+0x34>
341840a2:	898a      	ldrh	r2, [r1, #12]
341840a4:	0592      	lsls	r2, r2, #22
341840a6:	d50e      	bpl.n	341840c6 <_fflush_r+0x52>
341840a8:	4618      	mov	r0, r3
341840aa:	b003      	add	sp, #12
341840ac:	bd00      	pop	{pc}
341840ae:	4603      	mov	r3, r0
341840b0:	4618      	mov	r0, r3
341840b2:	b003      	add	sp, #12
341840b4:	bd00      	pop	{pc}
341840b6:	6d88      	ldr	r0, [r1, #88]	@ 0x58
341840b8:	9301      	str	r3, [sp, #4]
341840ba:	9100      	str	r1, [sp, #0]
341840bc:	f000 f9b0 	bl	34184420 <__retarget_lock_acquire_recursive>
341840c0:	e9dd 1300 	ldrd	r1, r3, [sp]
341840c4:	e7e4      	b.n	34184090 <_fflush_r+0x1c>
341840c6:	6d88      	ldr	r0, [r1, #88]	@ 0x58
341840c8:	9300      	str	r3, [sp, #0]
341840ca:	f000 f9ab 	bl	34184424 <__retarget_lock_release_recursive>
341840ce:	9b00      	ldr	r3, [sp, #0]
341840d0:	4618      	mov	r0, r3
341840d2:	b003      	add	sp, #12
341840d4:	bd00      	pop	{pc}
341840d6:	e9cd 0100 	strd	r0, r1, [sp]
341840da:	f000 f8ef 	bl	341842bc <__sinit>
341840de:	e9dd 3100 	ldrd	r3, r1, [sp]
341840e2:	e7cd      	b.n	34184080 <_fflush_r+0xc>

341840e4 <fflush>:
341840e4:	2800      	cmp	r0, #0
341840e6:	d038      	beq.n	3418415a <fflush+0x76>
341840e8:	4b1e      	ldr	r3, [pc, #120]	@ (34184164 <fflush+0x80>)
341840ea:	4601      	mov	r1, r0
341840ec:	681b      	ldr	r3, [r3, #0]
341840ee:	b500      	push	{lr}
341840f0:	b083      	sub	sp, #12
341840f2:	b10b      	cbz	r3, 341840f8 <fflush+0x14>
341840f4:	6b5a      	ldr	r2, [r3, #52]	@ 0x34
341840f6:	b1d2      	cbz	r2, 3418412e <fflush+0x4a>
341840f8:	f9b1 000c 	ldrsh.w	r0, [r1, #12]
341840fc:	b198      	cbz	r0, 34184126 <fflush+0x42>
341840fe:	6e4a      	ldr	r2, [r1, #100]	@ 0x64
34184100:	07d2      	lsls	r2, r2, #31
34184102:	d401      	bmi.n	34184108 <fflush+0x24>
34184104:	0582      	lsls	r2, r0, #22
34184106:	d51a      	bpl.n	3418413e <fflush+0x5a>
34184108:	4618      	mov	r0, r3
3418410a:	9100      	str	r1, [sp, #0]
3418410c:	f7ff ff18 	bl	34183f40 <__sflush_r>
34184110:	9900      	ldr	r1, [sp, #0]
34184112:	4603      	mov	r3, r0
34184114:	6e4a      	ldr	r2, [r1, #100]	@ 0x64
34184116:	07d0      	lsls	r0, r2, #31
34184118:	d402      	bmi.n	34184120 <fflush+0x3c>
3418411a:	898a      	ldrh	r2, [r1, #12]
3418411c:	0592      	lsls	r2, r2, #22
3418411e:	d516      	bpl.n	3418414e <fflush+0x6a>
34184120:	4618      	mov	r0, r3
34184122:	b003      	add	sp, #12
34184124:	bd00      	pop	{pc}
34184126:	4603      	mov	r3, r0
34184128:	4618      	mov	r0, r3
3418412a:	b003      	add	sp, #12
3418412c:	bd00      	pop	{pc}
3418412e:	9001      	str	r0, [sp, #4]
34184130:	4618      	mov	r0, r3
34184132:	9300      	str	r3, [sp, #0]
34184134:	f000 f8c2 	bl	341842bc <__sinit>
34184138:	e9dd 3100 	ldrd	r3, r1, [sp]
3418413c:	e7dc      	b.n	341840f8 <fflush+0x14>
3418413e:	6d88      	ldr	r0, [r1, #88]	@ 0x58
34184140:	9301      	str	r3, [sp, #4]
34184142:	9100      	str	r1, [sp, #0]
34184144:	f000 f96c 	bl	34184420 <__retarget_lock_acquire_recursive>
34184148:	e9dd 1300 	ldrd	r1, r3, [sp]
3418414c:	e7dc      	b.n	34184108 <fflush+0x24>
3418414e:	6d88      	ldr	r0, [r1, #88]	@ 0x58
34184150:	9300      	str	r3, [sp, #0]
34184152:	f000 f967 	bl	34184424 <__retarget_lock_release_recursive>
34184156:	9b00      	ldr	r3, [sp, #0]
34184158:	e7e2      	b.n	34184120 <fflush+0x3c>
3418415a:	4a03      	ldr	r2, [pc, #12]	@ (34184168 <fflush+0x84>)
3418415c:	4903      	ldr	r1, [pc, #12]	@ (3418416c <fflush+0x88>)
3418415e:	4804      	ldr	r0, [pc, #16]	@ (34184170 <fflush+0x8c>)
34184160:	f003 b8da 	b.w	34187318 <_fwalk_sglue>
34184164:	341c0020 	.word	0x341c0020
34184168:	341c0014 	.word	0x341c0014
3418416c:	34184075 	.word	0x34184075
34184170:	341c0028 	.word	0x341c0028

34184174 <stdio_exit_handler>:
34184174:	4a02      	ldr	r2, [pc, #8]	@ (34184180 <stdio_exit_handler+0xc>)
34184176:	4903      	ldr	r1, [pc, #12]	@ (34184184 <stdio_exit_handler+0x10>)
34184178:	4803      	ldr	r0, [pc, #12]	@ (34184188 <stdio_exit_handler+0x14>)
3418417a:	f003 b8cd 	b.w	34187318 <_fwalk_sglue>
3418417e:	bf00      	nop
34184180:	341c0014 	.word	0x341c0014
34184184:	341876e1 	.word	0x341876e1
34184188:	341c0028 	.word	0x341c0028

3418418c <cleanup_stdio>:
3418418c:	4b0c      	ldr	r3, [pc, #48]	@ (341841c0 <cleanup_stdio+0x34>)
3418418e:	6841      	ldr	r1, [r0, #4]
34184190:	4299      	cmp	r1, r3
34184192:	b510      	push	{r4, lr}
34184194:	4604      	mov	r4, r0
34184196:	d001      	beq.n	3418419c <cleanup_stdio+0x10>
34184198:	f003 faa2 	bl	341876e0 <_fclose_r>
3418419c:	68a1      	ldr	r1, [r4, #8]
3418419e:	4b09      	ldr	r3, [pc, #36]	@ (341841c4 <cleanup_stdio+0x38>)
341841a0:	4299      	cmp	r1, r3
341841a2:	d002      	beq.n	341841aa <cleanup_stdio+0x1e>
341841a4:	4620      	mov	r0, r4
341841a6:	f003 fa9b 	bl	341876e0 <_fclose_r>
341841aa:	68e1      	ldr	r1, [r4, #12]
341841ac:	4b06      	ldr	r3, [pc, #24]	@ (341841c8 <cleanup_stdio+0x3c>)
341841ae:	4299      	cmp	r1, r3
341841b0:	d004      	beq.n	341841bc <cleanup_stdio+0x30>
341841b2:	4620      	mov	r0, r4
341841b4:	e8bd 4010 	ldmia.w	sp!, {r4, lr}
341841b8:	f003 ba92 	b.w	341876e0 <_fclose_r>
341841bc:	bd10      	pop	{r4, pc}
341841be:	bf00      	nop
341841c0:	341c08d4 	.word	0x341c08d4
341841c4:	341c093c 	.word	0x341c093c
341841c8:	341c09a4 	.word	0x341c09a4

341841cc <global_stdio_init.part.0>:
341841cc:	e92d 43f8 	stmdb	sp!, {r3, r4, r5, r6, r7, r8, r9, lr}
341841d0:	4a31      	ldr	r2, [pc, #196]	@ (34184298 <global_stdio_init.part.0+0xcc>)
341841d2:	2500      	movs	r5, #0
341841d4:	4c31      	ldr	r4, [pc, #196]	@ (3418429c <global_stdio_init.part.0+0xd0>)
341841d6:	2304      	movs	r3, #4
341841d8:	4931      	ldr	r1, [pc, #196]	@ (341842a0 <global_stdio_init.part.0+0xd4>)
341841da:	f8df 90d8 	ldr.w	r9, [pc, #216]	@ 341842b4 <global_stdio_init.part.0+0xe8>
341841de:	f104 005c 	add.w	r0, r4, #92	@ 0x5c
341841e2:	f8df 80d4 	ldr.w	r8, [pc, #212]	@ 341842b8 <global_stdio_init.part.0+0xec>
341841e6:	4f2f      	ldr	r7, [pc, #188]	@ (341842a4 <global_stdio_init.part.0+0xd8>)
341841e8:	4e2f      	ldr	r6, [pc, #188]	@ (341842a8 <global_stdio_init.part.0+0xdc>)
341841ea:	6011      	str	r1, [r2, #0]
341841ec:	4629      	mov	r1, r5
341841ee:	2208      	movs	r2, #8
341841f0:	6025      	str	r5, [r4, #0]
341841f2:	6665      	str	r5, [r4, #100]	@ 0x64
341841f4:	e9c4 3503 	strd	r3, r5, [r4, #12]
341841f8:	e9c4 5501 	strd	r5, r5, [r4, #4]
341841fc:	e9c4 5505 	strd	r5, r5, [r4, #20]
34184200:	f000 f886 	bl	34184310 <memset>
34184204:	f104 0058 	add.w	r0, r4, #88	@ 0x58
34184208:	62e6      	str	r6, [r4, #44]	@ 0x2c
3418420a:	e9c4 4907 	strd	r4, r9, [r4, #28]
3418420e:	e9c4 8709 	strd	r8, r7, [r4, #36]	@ 0x24
34184212:	f000 f901 	bl	34184418 <__retarget_lock_init_recursive>
34184216:	4b25      	ldr	r3, [pc, #148]	@ (341842ac <global_stdio_init.part.0+0xe0>)
34184218:	4629      	mov	r1, r5
3418421a:	2208      	movs	r2, #8
3418421c:	f104 00c4 	add.w	r0, r4, #196	@ 0xc4
34184220:	6763      	str	r3, [r4, #116]	@ 0x74
34184222:	6725      	str	r5, [r4, #112]	@ 0x70
34184224:	f8c4 50cc 	str.w	r5, [r4, #204]	@ 0xcc
34184228:	f8c4 5080 	str.w	r5, [r4, #128]	@ 0x80
3418422c:	e9c4 551a 	strd	r5, r5, [r4, #104]	@ 0x68
34184230:	e9c4 551e 	strd	r5, r5, [r4, #120]	@ 0x78
34184234:	f000 f86c 	bl	34184310 <memset>
34184238:	f104 0368 	add.w	r3, r4, #104	@ 0x68
3418423c:	f104 00c0 	add.w	r0, r4, #192	@ 0xc0
34184240:	f8c4 3084 	str.w	r3, [r4, #132]	@ 0x84
34184244:	e9c4 9822 	strd	r9, r8, [r4, #136]	@ 0x88
34184248:	e9c4 7624 	strd	r7, r6, [r4, #144]	@ 0x90
3418424c:	f000 f8e4 	bl	34184418 <__retarget_lock_init_recursive>
34184250:	4b17      	ldr	r3, [pc, #92]	@ (341842b0 <global_stdio_init.part.0+0xe4>)
34184252:	4629      	mov	r1, r5
34184254:	f504 7096 	add.w	r0, r4, #300	@ 0x12c
34184258:	2208      	movs	r2, #8
3418425a:	f8c4 30dc 	str.w	r3, [r4, #220]	@ 0xdc
3418425e:	f8c4 50d8 	str.w	r5, [r4, #216]	@ 0xd8
34184262:	f8c4 5134 	str.w	r5, [r4, #308]	@ 0x134
34184266:	f8c4 50e8 	str.w	r5, [r4, #232]	@ 0xe8
3418426a:	e9c4 5534 	strd	r5, r5, [r4, #208]	@ 0xd0
3418426e:	e9c4 5538 	strd	r5, r5, [r4, #224]	@ 0xe0
34184272:	f000 f84d 	bl	34184310 <memset>
34184276:	f104 03d0 	add.w	r3, r4, #208	@ 0xd0
3418427a:	f504 7094 	add.w	r0, r4, #296	@ 0x128
3418427e:	f8c4 90f0 	str.w	r9, [r4, #240]	@ 0xf0
34184282:	f8c4 60fc 	str.w	r6, [r4, #252]	@ 0xfc
34184286:	f8c4 30ec 	str.w	r3, [r4, #236]	@ 0xec
3418428a:	e9c4 873d 	strd	r8, r7, [r4, #244]	@ 0xf4
3418428e:	e8bd 43f8 	ldmia.w	sp!, {r3, r4, r5, r6, r7, r8, r9, lr}
34184292:	f000 b8c1 	b.w	34184418 <__retarget_lock_init_recursive>
34184296:	bf00      	nop
34184298:	341c0a0c 	.word	0x341c0a0c
3418429c:	341c08d4 	.word	0x341c08d4
341842a0:	34184175 	.word	0x34184175
341842a4:	34187809 	.word	0x34187809
341842a8:	34187831 	.word	0x34187831
341842ac:	00010009 	.word	0x00010009
341842b0:	00020012 	.word	0x00020012
341842b4:	341877a5 	.word	0x341877a5
341842b8:	341877c9 	.word	0x341877c9

341842bc <__sinit>:
341842bc:	b510      	push	{r4, lr}
341842be:	4604      	mov	r4, r0
341842c0:	480a      	ldr	r0, [pc, #40]	@ (341842ec <__sinit+0x30>)
341842c2:	f000 f8ad 	bl	34184420 <__retarget_lock_acquire_recursive>
341842c6:	6b63      	ldr	r3, [r4, #52]	@ 0x34
341842c8:	b923      	cbnz	r3, 341842d4 <__sinit+0x18>
341842ca:	4b09      	ldr	r3, [pc, #36]	@ (341842f0 <__sinit+0x34>)
341842cc:	4a09      	ldr	r2, [pc, #36]	@ (341842f4 <__sinit+0x38>)
341842ce:	681b      	ldr	r3, [r3, #0]
341842d0:	6362      	str	r2, [r4, #52]	@ 0x34
341842d2:	b123      	cbz	r3, 341842de <__sinit+0x22>
341842d4:	4805      	ldr	r0, [pc, #20]	@ (341842ec <__sinit+0x30>)
341842d6:	e8bd 4010 	ldmia.w	sp!, {r4, lr}
341842da:	f000 b8a3 	b.w	34184424 <__retarget_lock_release_recursive>
341842de:	f7ff ff75 	bl	341841cc <global_stdio_init.part.0>
341842e2:	4802      	ldr	r0, [pc, #8]	@ (341842ec <__sinit+0x30>)
341842e4:	e8bd 4010 	ldmia.w	sp!, {r4, lr}
341842e8:	f000 b89c 	b.w	34184424 <__retarget_lock_release_recursive>
341842ec:	341c0a18 	.word	0x341c0a18
341842f0:	341c0a0c 	.word	0x341c0a0c
341842f4:	3418418d 	.word	0x3418418d

341842f8 <__sfp_lock_acquire>:
341842f8:	4801      	ldr	r0, [pc, #4]	@ (34184300 <__sfp_lock_acquire+0x8>)
341842fa:	f000 b891 	b.w	34184420 <__retarget_lock_acquire_recursive>
341842fe:	bf00      	nop
34184300:	341c0a18 	.word	0x341c0a18

34184304 <__sfp_lock_release>:
34184304:	4801      	ldr	r0, [pc, #4]	@ (3418430c <__sfp_lock_release+0x8>)
34184306:	f000 b88d 	b.w	34184424 <__retarget_lock_release_recursive>
3418430a:	bf00      	nop
3418430c:	341c0a18 	.word	0x341c0a18

34184310 <memset>:
34184310:	b530      	push	{r4, r5, lr}
34184312:	0784      	lsls	r4, r0, #30
34184314:	4686      	mov	lr, r0
34184316:	4603      	mov	r3, r0
34184318:	d006      	beq.n	34184328 <memset+0x18>
3418431a:	b3a2      	cbz	r2, 34184386 <memset+0x76>
3418431c:	f803 1b01 	strb.w	r1, [r3], #1
34184320:	0798      	lsls	r0, r3, #30
34184322:	f102 32ff 	add.w	r2, r2, #4294967295	@ 0xffffffff
34184326:	d1f8      	bne.n	3418431a <memset+0xa>
34184328:	2a03      	cmp	r2, #3
3418432a:	d926      	bls.n	3418437a <memset+0x6a>
3418432c:	fa5f fc81 	uxtb.w	ip, r1
34184330:	2a0f      	cmp	r2, #15
34184332:	eb0c 2c0c 	add.w	ip, ip, ip, lsl #8
34184336:	eb0c 400c 	add.w	r0, ip, ip, lsl #16
3418433a:	d92a      	bls.n	34184392 <memset+0x82>
3418433c:	f022 0c0f 	bic.w	ip, r2, #15
34184340:	449c      	add	ip, r3
34184342:	e9c3 0000 	strd	r0, r0, [r3]
34184346:	e9c3 0002 	strd	r0, r0, [r3, #8]
3418434a:	3310      	adds	r3, #16
3418434c:	4563      	cmp	r3, ip
3418434e:	d1f8      	bne.n	34184342 <memset+0x32>
34184350:	f012 0f0c 	tst.w	r2, #12
34184354:	f002 050f 	and.w	r5, r2, #15
34184358:	d017      	beq.n	3418438a <memset+0x7a>
3418435a:	ea4f 0c95 	mov.w	ip, r5, lsr #2
3418435e:	461a      	mov	r2, r3
34184360:	f10c 34ff 	add.w	r4, ip, #4294967295	@ 0xffffffff
34184364:	eb03 0c8c 	add.w	ip, r3, ip, lsl #2
34184368:	f842 0b04 	str.w	r0, [r2], #4
3418436c:	4562      	cmp	r2, ip
3418436e:	d1fb      	bne.n	34184368 <memset+0x58>
34184370:	3304      	adds	r3, #4
34184372:	f005 0203 	and.w	r2, r5, #3
34184376:	eb03 0384 	add.w	r3, r3, r4, lsl #2
3418437a:	b122      	cbz	r2, 34184386 <memset+0x76>
3418437c:	441a      	add	r2, r3
3418437e:	f803 1b01 	strb.w	r1, [r3], #1
34184382:	429a      	cmp	r2, r3
34184384:	d1fb      	bne.n	3418437e <memset+0x6e>
34184386:	4670      	mov	r0, lr
34184388:	bd30      	pop	{r4, r5, pc}
3418438a:	462a      	mov	r2, r5
3418438c:	2a00      	cmp	r2, #0
3418438e:	d1f5      	bne.n	3418437c <memset+0x6c>
34184390:	e7f9      	b.n	34184386 <memset+0x76>
34184392:	4615      	mov	r5, r2
34184394:	e7e1      	b.n	3418435a <memset+0x4a>
34184396:	bf00      	nop

34184398 <__errno>:
34184398:	4b01      	ldr	r3, [pc, #4]	@ (341843a0 <__errno+0x8>)
3418439a:	6818      	ldr	r0, [r3, #0]
3418439c:	4770      	bx	lr
3418439e:	bf00      	nop
341843a0:	341c0020 	.word	0x341c0020

341843a4 <__libc_init_array>:
341843a4:	b570      	push	{r4, r5, r6, lr}
341843a6:	4e0e      	ldr	r6, [pc, #56]	@ (341843e0 <__libc_init_array+0x3c>)
341843a8:	4d0e      	ldr	r5, [pc, #56]	@ (341843e4 <__libc_init_array+0x40>)
341843aa:	42ae      	cmp	r6, r5
341843ac:	d008      	beq.n	341843c0 <__libc_init_array+0x1c>
341843ae:	1b76      	subs	r6, r6, r5
341843b0:	2400      	movs	r4, #0
341843b2:	10b6      	asrs	r6, r6, #2
341843b4:	3401      	adds	r4, #1
341843b6:	f855 3b04 	ldr.w	r3, [r5], #4
341843ba:	4798      	blx	r3
341843bc:	42a6      	cmp	r6, r4
341843be:	d8f9      	bhi.n	341843b4 <__libc_init_array+0x10>
341843c0:	4e09      	ldr	r6, [pc, #36]	@ (341843e8 <__libc_init_array+0x44>)
341843c2:	f006 fb9f 	bl	3418ab04 <_init>
341843c6:	4d09      	ldr	r5, [pc, #36]	@ (341843ec <__libc_init_array+0x48>)
341843c8:	42ae      	cmp	r6, r5
341843ca:	d008      	beq.n	341843de <__libc_init_array+0x3a>
341843cc:	1b76      	subs	r6, r6, r5
341843ce:	2400      	movs	r4, #0
341843d0:	10b6      	asrs	r6, r6, #2
341843d2:	3401      	adds	r4, #1
341843d4:	f855 3b04 	ldr.w	r3, [r5], #4
341843d8:	4798      	blx	r3
341843da:	42a6      	cmp	r6, r4
341843dc:	d8f9      	bhi.n	341843d2 <__libc_init_array+0x2e>
341843de:	bd70      	pop	{r4, r5, r6, pc}
341843e0:	3418b100 	.word	0x3418b100
341843e4:	3418b100 	.word	0x3418b100
341843e8:	3418b108 	.word	0x3418b108
341843ec:	3418b100 	.word	0x3418b100

341843f0 <__libc_fini_array>:
341843f0:	b538      	push	{r3, r4, r5, lr}
341843f2:	4d07      	ldr	r5, [pc, #28]	@ (34184410 <__libc_fini_array+0x20>)
341843f4:	4c07      	ldr	r4, [pc, #28]	@ (34184414 <__libc_fini_array+0x24>)
341843f6:	1b2c      	subs	r4, r5, r4
341843f8:	10a4      	asrs	r4, r4, #2
341843fa:	d005      	beq.n	34184408 <__libc_fini_array+0x18>
341843fc:	3c01      	subs	r4, #1
341843fe:	f855 3d04 	ldr.w	r3, [r5, #-4]!
34184402:	4798      	blx	r3
34184404:	2c00      	cmp	r4, #0
34184406:	d1f9      	bne.n	341843fc <__libc_fini_array+0xc>
34184408:	e8bd 4038 	ldmia.w	sp!, {r3, r4, r5, lr}
3418440c:	f006 bb80 	b.w	3418ab10 <_fini>
34184410:	3418b10c 	.word	0x3418b10c
34184414:	3418b108 	.word	0x3418b108

34184418 <__retarget_lock_init_recursive>:
34184418:	4770      	bx	lr
3418441a:	bf00      	nop

3418441c <__retarget_lock_close_recursive>:
3418441c:	4770      	bx	lr
3418441e:	bf00      	nop

34184420 <__retarget_lock_acquire_recursive>:
34184420:	4770      	bx	lr
34184422:	bf00      	nop

34184424 <__retarget_lock_release_recursive>:
34184424:	4770      	bx	lr
34184426:	bf00      	nop

34184428 <memcpy>:
34184428:	4684      	mov	ip, r0
3418442a:	ea41 0300 	orr.w	r3, r1, r0
3418442e:	f013 0303 	ands.w	r3, r3, #3
34184432:	d149      	bne.n	341844c8 <memcpy+0xa0>
34184434:	3a40      	subs	r2, #64	@ 0x40
34184436:	d323      	bcc.n	34184480 <memcpy+0x58>
34184438:	680b      	ldr	r3, [r1, #0]
3418443a:	6003      	str	r3, [r0, #0]
3418443c:	684b      	ldr	r3, [r1, #4]
3418443e:	6043      	str	r3, [r0, #4]
34184440:	688b      	ldr	r3, [r1, #8]
34184442:	6083      	str	r3, [r0, #8]
34184444:	68cb      	ldr	r3, [r1, #12]
34184446:	60c3      	str	r3, [r0, #12]
34184448:	690b      	ldr	r3, [r1, #16]
3418444a:	6103      	str	r3, [r0, #16]
3418444c:	694b      	ldr	r3, [r1, #20]
3418444e:	6143      	str	r3, [r0, #20]
34184450:	698b      	ldr	r3, [r1, #24]
34184452:	6183      	str	r3, [r0, #24]
34184454:	69cb      	ldr	r3, [r1, #28]
34184456:	61c3      	str	r3, [r0, #28]
34184458:	6a0b      	ldr	r3, [r1, #32]
3418445a:	6203      	str	r3, [r0, #32]
3418445c:	6a4b      	ldr	r3, [r1, #36]	@ 0x24
3418445e:	6243      	str	r3, [r0, #36]	@ 0x24
34184460:	6a8b      	ldr	r3, [r1, #40]	@ 0x28
34184462:	6283      	str	r3, [r0, #40]	@ 0x28
34184464:	6acb      	ldr	r3, [r1, #44]	@ 0x2c
34184466:	62c3      	str	r3, [r0, #44]	@ 0x2c
34184468:	6b0b      	ldr	r3, [r1, #48]	@ 0x30
3418446a:	6303      	str	r3, [r0, #48]	@ 0x30
3418446c:	6b4b      	ldr	r3, [r1, #52]	@ 0x34
3418446e:	6343      	str	r3, [r0, #52]	@ 0x34
34184470:	6b8b      	ldr	r3, [r1, #56]	@ 0x38
34184472:	6383      	str	r3, [r0, #56]	@ 0x38
34184474:	6bcb      	ldr	r3, [r1, #60]	@ 0x3c
34184476:	63c3      	str	r3, [r0, #60]	@ 0x3c
34184478:	3040      	adds	r0, #64	@ 0x40
3418447a:	3140      	adds	r1, #64	@ 0x40
3418447c:	3a40      	subs	r2, #64	@ 0x40
3418447e:	d2db      	bcs.n	34184438 <memcpy+0x10>
34184480:	3230      	adds	r2, #48	@ 0x30
34184482:	d30b      	bcc.n	3418449c <memcpy+0x74>
34184484:	680b      	ldr	r3, [r1, #0]
34184486:	6003      	str	r3, [r0, #0]
34184488:	684b      	ldr	r3, [r1, #4]
3418448a:	6043      	str	r3, [r0, #4]
3418448c:	688b      	ldr	r3, [r1, #8]
3418448e:	6083      	str	r3, [r0, #8]
34184490:	68cb      	ldr	r3, [r1, #12]
34184492:	60c3      	str	r3, [r0, #12]
34184494:	3010      	adds	r0, #16
34184496:	3110      	adds	r1, #16
34184498:	3a10      	subs	r2, #16
3418449a:	d2f3      	bcs.n	34184484 <memcpy+0x5c>
3418449c:	320c      	adds	r2, #12
3418449e:	d305      	bcc.n	341844ac <memcpy+0x84>
341844a0:	f851 3b04 	ldr.w	r3, [r1], #4
341844a4:	f840 3b04 	str.w	r3, [r0], #4
341844a8:	3a04      	subs	r2, #4
341844aa:	d2f9      	bcs.n	341844a0 <memcpy+0x78>
341844ac:	3204      	adds	r2, #4
341844ae:	d008      	beq.n	341844c2 <memcpy+0x9a>
341844b0:	07d2      	lsls	r2, r2, #31
341844b2:	bf1c      	itt	ne
341844b4:	f811 3b01 	ldrbne.w	r3, [r1], #1
341844b8:	f800 3b01 	strbne.w	r3, [r0], #1
341844bc:	d301      	bcc.n	341844c2 <memcpy+0x9a>
341844be:	880b      	ldrh	r3, [r1, #0]
341844c0:	8003      	strh	r3, [r0, #0]
341844c2:	4660      	mov	r0, ip
341844c4:	4770      	bx	lr
341844c6:	bf00      	nop
341844c8:	2a08      	cmp	r2, #8
341844ca:	d313      	bcc.n	341844f4 <memcpy+0xcc>
341844cc:	078b      	lsls	r3, r1, #30
341844ce:	d0b1      	beq.n	34184434 <memcpy+0xc>
341844d0:	f010 0303 	ands.w	r3, r0, #3
341844d4:	d0ae      	beq.n	34184434 <memcpy+0xc>
341844d6:	f1c3 0304 	rsb	r3, r3, #4
341844da:	1ad2      	subs	r2, r2, r3
341844dc:	07db      	lsls	r3, r3, #31
341844de:	bf1c      	itt	ne
341844e0:	f811 3b01 	ldrbne.w	r3, [r1], #1
341844e4:	f800 3b01 	strbne.w	r3, [r0], #1
341844e8:	d3a4      	bcc.n	34184434 <memcpy+0xc>
341844ea:	f831 3b02 	ldrh.w	r3, [r1], #2
341844ee:	f820 3b02 	strh.w	r3, [r0], #2
341844f2:	e79f      	b.n	34184434 <memcpy+0xc>
341844f4:	3a04      	subs	r2, #4
341844f6:	d3d9      	bcc.n	341844ac <memcpy+0x84>
341844f8:	3a01      	subs	r2, #1
341844fa:	f811 3b01 	ldrb.w	r3, [r1], #1
341844fe:	f800 3b01 	strb.w	r3, [r0], #1
34184502:	d2f9      	bcs.n	341844f8 <memcpy+0xd0>
34184504:	780b      	ldrb	r3, [r1, #0]
34184506:	7003      	strb	r3, [r0, #0]
34184508:	784b      	ldrb	r3, [r1, #1]
3418450a:	7043      	strb	r3, [r0, #1]
3418450c:	788b      	ldrb	r3, [r1, #2]
3418450e:	7083      	strb	r3, [r0, #2]
34184510:	4660      	mov	r0, ip
34184512:	4770      	bx	lr

34184514 <strlen>:
34184514:	f020 0103 	bic.w	r1, r0, #3
34184518:	f010 0003 	ands.w	r0, r0, #3
3418451c:	f1c0 0000 	rsb	r0, r0, #0
34184520:	f851 3b04 	ldr.w	r3, [r1], #4
34184524:	f100 0c04 	add.w	ip, r0, #4
34184528:	ea4f 0ccc 	mov.w	ip, ip, lsl #3
3418452c:	f06f 0200 	mvn.w	r2, #0
34184530:	bf1c      	itt	ne
34184532:	fa22 f20c 	lsrne.w	r2, r2, ip
34184536:	4313      	orrne	r3, r2
34184538:	f04f 0c01 	mov.w	ip, #1
3418453c:	ea4c 2c0c 	orr.w	ip, ip, ip, lsl #8
34184540:	ea4c 4c0c 	orr.w	ip, ip, ip, lsl #16
34184544:	eba3 020c 	sub.w	r2, r3, ip
34184548:	ea22 0203 	bic.w	r2, r2, r3
3418454c:	ea12 12cc 	ands.w	r2, r2, ip, lsl #7
34184550:	bf04      	itt	eq
34184552:	f851 3b04 	ldreq.w	r3, [r1], #4
34184556:	3004      	addeq	r0, #4
34184558:	d0f4      	beq.n	34184544 <strlen+0x30>
3418455a:	f1c2 0100 	rsb	r1, r2, #0
3418455e:	ea02 0201 	and.w	r2, r2, r1
34184562:	fab2 f282 	clz	r2, r2
34184566:	f1c2 021f 	rsb	r2, r2, #31
3418456a:	eb00 00d2 	add.w	r0, r0, r2, lsr #3
3418456e:	4770      	bx	lr

34184570 <__register_exitproc>:
34184570:	b5f0      	push	{r4, r5, r6, r7, lr}
34184572:	4c1d      	ldr	r4, [pc, #116]	@ (341845e8 <__register_exitproc+0x78>)
34184574:	b083      	sub	sp, #12
34184576:	4605      	mov	r5, r0
34184578:	4616      	mov	r6, r2
3418457a:	6820      	ldr	r0, [r4, #0]
3418457c:	461f      	mov	r7, r3
3418457e:	9101      	str	r1, [sp, #4]
34184580:	f7ff ff4e 	bl	34184420 <__retarget_lock_acquire_recursive>
34184584:	4a19      	ldr	r2, [pc, #100]	@ (341845ec <__register_exitproc+0x7c>)
34184586:	9901      	ldr	r1, [sp, #4]
34184588:	6813      	ldr	r3, [r2, #0]
3418458a:	b32b      	cbz	r3, 341845d8 <__register_exitproc+0x68>
3418458c:	685a      	ldr	r2, [r3, #4]
3418458e:	6820      	ldr	r0, [r4, #0]
34184590:	2a1f      	cmp	r2, #31
34184592:	dc24      	bgt.n	341845de <__register_exitproc+0x6e>
34184594:	b94d      	cbnz	r5, 341845aa <__register_exitproc+0x3a>
34184596:	1c54      	adds	r4, r2, #1
34184598:	3202      	adds	r2, #2
3418459a:	605c      	str	r4, [r3, #4]
3418459c:	f843 1022 	str.w	r1, [r3, r2, lsl #2]
341845a0:	f7ff ff40 	bl	34184424 <__retarget_lock_release_recursive>
341845a4:	2000      	movs	r0, #0
341845a6:	b003      	add	sp, #12
341845a8:	bdf0      	pop	{r4, r5, r6, r7, pc}
341845aa:	eb03 0e82 	add.w	lr, r3, r2, lsl #2
341845ae:	2401      	movs	r4, #1
341845b0:	2d02      	cmp	r5, #2
341845b2:	f8ce 6088 	str.w	r6, [lr, #136]	@ 0x88
341845b6:	fa04 f402 	lsl.w	r4, r4, r2
341845ba:	f8d3 6188 	ldr.w	r6, [r3, #392]	@ 0x188
341845be:	ea46 0c04 	orr.w	ip, r6, r4
341845c2:	f8c3 c188 	str.w	ip, [r3, #392]	@ 0x188
341845c6:	f8ce 7108 	str.w	r7, [lr, #264]	@ 0x108
341845ca:	d1e4      	bne.n	34184596 <__register_exitproc+0x26>
341845cc:	f8d3 518c 	ldr.w	r5, [r3, #396]	@ 0x18c
341845d0:	4325      	orrs	r5, r4
341845d2:	f8c3 518c 	str.w	r5, [r3, #396]	@ 0x18c
341845d6:	e7de      	b.n	34184596 <__register_exitproc+0x26>
341845d8:	4b05      	ldr	r3, [pc, #20]	@ (341845f0 <__register_exitproc+0x80>)
341845da:	6013      	str	r3, [r2, #0]
341845dc:	e7d6      	b.n	3418458c <__register_exitproc+0x1c>
341845de:	f7ff ff21 	bl	34184424 <__retarget_lock_release_recursive>
341845e2:	f04f 30ff 	mov.w	r0, #4294967295	@ 0xffffffff
341845e6:	e7de      	b.n	341845a6 <__register_exitproc+0x36>
341845e8:	341c0228 	.word	0x341c0228
341845ec:	341c0bac 	.word	0x341c0bac
341845f0:	341c0a1c 	.word	0x341c0a1c

341845f4 <register_fini>:
341845f4:	4b02      	ldr	r3, [pc, #8]	@ (34184600 <register_fini+0xc>)
341845f6:	b113      	cbz	r3, 341845fe <register_fini+0xa>
341845f8:	4802      	ldr	r0, [pc, #8]	@ (34184604 <register_fini+0x10>)
341845fa:	f7ff bc1f 	b.w	34183e3c <atexit>
341845fe:	4770      	bx	lr
34184600:	00000000 	.word	0x00000000
34184604:	341843f1 	.word	0x341843f1

34184608 <_malloc_trim_r>:
34184608:	b5f8      	push	{r3, r4, r5, r6, r7, lr}
3418460a:	4606      	mov	r6, r0
3418460c:	2008      	movs	r0, #8
3418460e:	460c      	mov	r4, r1
34184610:	f003 fab2 	bl	34187b78 <sysconf>
34184614:	4607      	mov	r7, r0
34184616:	4630      	mov	r0, r6
34184618:	f002 fcf8 	bl	3418700c <__malloc_lock>
3418461c:	4a22      	ldr	r2, [pc, #136]	@ (341846a8 <_malloc_trim_r+0xa0>)
3418461e:	6893      	ldr	r3, [r2, #8]
34184620:	685d      	ldr	r5, [r3, #4]
34184622:	f025 0503 	bic.w	r5, r5, #3
34184626:	f1a5 0311 	sub.w	r3, r5, #17
3418462a:	1b1c      	subs	r4, r3, r4
3418462c:	443c      	add	r4, r7
3418462e:	fbb4 f4f7 	udiv	r4, r4, r7
34184632:	3c01      	subs	r4, #1
34184634:	fb07 f404 	mul.w	r4, r7, r4
34184638:	42a7      	cmp	r7, r4
3418463a:	dc08      	bgt.n	3418464e <_malloc_trim_r+0x46>
3418463c:	2100      	movs	r1, #0
3418463e:	4630      	mov	r0, r6
34184640:	f003 fa74 	bl	34187b2c <_sbrk_r>
34184644:	4a18      	ldr	r2, [pc, #96]	@ (341846a8 <_malloc_trim_r+0xa0>)
34184646:	6893      	ldr	r3, [r2, #8]
34184648:	442b      	add	r3, r5
3418464a:	4298      	cmp	r0, r3
3418464c:	d004      	beq.n	34184658 <_malloc_trim_r+0x50>
3418464e:	4630      	mov	r0, r6
34184650:	f002 fce2 	bl	34187018 <__malloc_unlock>
34184654:	2000      	movs	r0, #0
34184656:	bdf8      	pop	{r3, r4, r5, r6, r7, pc}
34184658:	4261      	negs	r1, r4
3418465a:	4630      	mov	r0, r6
3418465c:	f003 fa66 	bl	34187b2c <_sbrk_r>
34184660:	3001      	adds	r0, #1
34184662:	4a11      	ldr	r2, [pc, #68]	@ (341846a8 <_malloc_trim_r+0xa0>)
34184664:	d00d      	beq.n	34184682 <_malloc_trim_r+0x7a>
34184666:	1b2d      	subs	r5, r5, r4
34184668:	4910      	ldr	r1, [pc, #64]	@ (341846ac <_malloc_trim_r+0xa4>)
3418466a:	6893      	ldr	r3, [r2, #8]
3418466c:	4630      	mov	r0, r6
3418466e:	f045 0501 	orr.w	r5, r5, #1
34184672:	605d      	str	r5, [r3, #4]
34184674:	680b      	ldr	r3, [r1, #0]
34184676:	1b1b      	subs	r3, r3, r4
34184678:	600b      	str	r3, [r1, #0]
3418467a:	f002 fccd 	bl	34187018 <__malloc_unlock>
3418467e:	2001      	movs	r0, #1
34184680:	bdf8      	pop	{r3, r4, r5, r6, r7, pc}
34184682:	2100      	movs	r1, #0
34184684:	4630      	mov	r0, r6
34184686:	f003 fa51 	bl	34187b2c <_sbrk_r>
3418468a:	4a07      	ldr	r2, [pc, #28]	@ (341846a8 <_malloc_trim_r+0xa0>)
3418468c:	6892      	ldr	r2, [r2, #8]
3418468e:	1a83      	subs	r3, r0, r2
34184690:	2b0f      	cmp	r3, #15
34184692:	dddc      	ble.n	3418464e <_malloc_trim_r+0x46>
34184694:	f043 0301 	orr.w	r3, r3, #1
34184698:	4904      	ldr	r1, [pc, #16]	@ (341846ac <_malloc_trim_r+0xa4>)
3418469a:	6053      	str	r3, [r2, #4]
3418469c:	4b04      	ldr	r3, [pc, #16]	@ (341846b0 <_malloc_trim_r+0xa8>)
3418469e:	681b      	ldr	r3, [r3, #0]
341846a0:	1ac0      	subs	r0, r0, r3
341846a2:	6008      	str	r0, [r1, #0]
341846a4:	e7d3      	b.n	3418464e <_malloc_trim_r+0x46>
341846a6:	bf00      	nop
341846a8:	341c0238 	.word	0x341c0238
341846ac:	341c0bb0 	.word	0x341c0bb0
341846b0:	341c022c 	.word	0x341c022c

341846b4 <_free_r>:
341846b4:	2900      	cmp	r1, #0
341846b6:	d062      	beq.n	3418477e <_free_r+0xca>
341846b8:	e92d 41f0 	stmdb	sp!, {r4, r5, r6, r7, r8, lr}
341846bc:	460c      	mov	r4, r1
341846be:	4607      	mov	r7, r0
341846c0:	f002 fca4 	bl	3418700c <__malloc_lock>
341846c4:	497a      	ldr	r1, [pc, #488]	@ (341848b0 <_free_r+0x1fc>)
341846c6:	f854 ec04 	ldr.w	lr, [r4, #-4]
341846ca:	f1a4 0c08 	sub.w	ip, r4, #8
341846ce:	688d      	ldr	r5, [r1, #8]
341846d0:	f02e 0301 	bic.w	r3, lr, #1
341846d4:	f00e 0601 	and.w	r6, lr, #1
341846d8:	eb0c 0203 	add.w	r2, ip, r3
341846dc:	6850      	ldr	r0, [r2, #4]
341846de:	4295      	cmp	r5, r2
341846e0:	f020 0003 	bic.w	r0, r0, #3
341846e4:	f000 8087 	beq.w	341847f6 <_free_r+0x142>
341846e8:	1815      	adds	r5, r2, r0
341846ea:	6050      	str	r0, [r2, #4]
341846ec:	686d      	ldr	r5, [r5, #4]
341846ee:	f005 0501 	and.w	r5, r5, #1
341846f2:	46a8      	mov	r8, r5
341846f4:	bb96      	cbnz	r6, 3418475c <_free_r+0xa8>
341846f6:	f854 4c08 	ldr.w	r4, [r4, #-8]
341846fa:	f101 0e08 	add.w	lr, r1, #8
341846fe:	ebac 0c04 	sub.w	ip, ip, r4
34184702:	4423      	add	r3, r4
34184704:	f8dc 4008 	ldr.w	r4, [ip, #8]
34184708:	4574      	cmp	r4, lr
3418470a:	d067      	beq.n	341847dc <_free_r+0x128>
3418470c:	f8dc 500c 	ldr.w	r5, [ip, #12]
34184710:	60e5      	str	r5, [r4, #12]
34184712:	60ac      	str	r4, [r5, #8]
34184714:	f1b8 0f00 	cmp.w	r8, #0
34184718:	f000 8088 	beq.w	3418482c <_free_r+0x178>
3418471c:	f043 0001 	orr.w	r0, r3, #1
34184720:	f8cc 0004 	str.w	r0, [ip, #4]
34184724:	6013      	str	r3, [r2, #0]
34184726:	f5b3 7f00 	cmp.w	r3, #512	@ 0x200
3418472a:	d232      	bcs.n	34184792 <_free_r+0xde>
3418472c:	0958      	lsrs	r0, r3, #5
3418472e:	08da      	lsrs	r2, r3, #3
34184730:	2301      	movs	r3, #1
34184732:	4083      	lsls	r3, r0
34184734:	6848      	ldr	r0, [r1, #4]
34184736:	3201      	adds	r2, #1
34184738:	4303      	orrs	r3, r0
3418473a:	f851 0032 	ldr.w	r0, [r1, r2, lsl #3]
3418473e:	604b      	str	r3, [r1, #4]
34184740:	eb01 03c2 	add.w	r3, r1, r2, lsl #3
34184744:	3b08      	subs	r3, #8
34184746:	e9cc 0302 	strd	r0, r3, [ip, #8]
3418474a:	f841 c032 	str.w	ip, [r1, r2, lsl #3]
3418474e:	f8c0 c00c 	str.w	ip, [r0, #12]
34184752:	4638      	mov	r0, r7
34184754:	e8bd 41f0 	ldmia.w	sp!, {r4, r5, r6, r7, r8, lr}
34184758:	f002 bc5e 	b.w	34187018 <__malloc_unlock>
3418475c:	b985      	cbnz	r5, 34184780 <_free_r+0xcc>
3418475e:	4403      	add	r3, r0
34184760:	f101 0e08 	add.w	lr, r1, #8
34184764:	6890      	ldr	r0, [r2, #8]
34184766:	f043 0401 	orr.w	r4, r3, #1
3418476a:	4570      	cmp	r0, lr
3418476c:	d077      	beq.n	3418485e <_free_r+0x1aa>
3418476e:	68d2      	ldr	r2, [r2, #12]
34184770:	60c2      	str	r2, [r0, #12]
34184772:	6090      	str	r0, [r2, #8]
34184774:	f8cc 4004 	str.w	r4, [ip, #4]
34184778:	f84c 3003 	str.w	r3, [ip, r3]
3418477c:	e7d3      	b.n	34184726 <_free_r+0x72>
3418477e:	4770      	bx	lr
34184780:	f04e 0201 	orr.w	r2, lr, #1
34184784:	f5b3 7f00 	cmp.w	r3, #512	@ 0x200
34184788:	f844 2c04 	str.w	r2, [r4, #-4]
3418478c:	f84c 3003 	str.w	r3, [ip, r3]
34184790:	d3cc      	bcc.n	3418472c <_free_r+0x78>
34184792:	f5b3 6f20 	cmp.w	r3, #2560	@ 0xa00
34184796:	ea4f 2253 	mov.w	r2, r3, lsr #9
3418479a:	d249      	bcs.n	34184830 <_free_r+0x17c>
3418479c:	099a      	lsrs	r2, r3, #6
3418479e:	f102 0039 	add.w	r0, r2, #57	@ 0x39
341847a2:	f102 0438 	add.w	r4, r2, #56	@ 0x38
341847a6:	00c2      	lsls	r2, r0, #3
341847a8:	1888      	adds	r0, r1, r2
341847aa:	588a      	ldr	r2, [r1, r2]
341847ac:	3808      	subs	r0, #8
341847ae:	4290      	cmp	r0, r2
341847b0:	d103      	bne.n	341847ba <_free_r+0x106>
341847b2:	e05d      	b.n	34184870 <_free_r+0x1bc>
341847b4:	6892      	ldr	r2, [r2, #8]
341847b6:	4290      	cmp	r0, r2
341847b8:	d004      	beq.n	341847c4 <_free_r+0x110>
341847ba:	6851      	ldr	r1, [r2, #4]
341847bc:	f021 0103 	bic.w	r1, r1, #3
341847c0:	4299      	cmp	r1, r3
341847c2:	d8f7      	bhi.n	341847b4 <_free_r+0x100>
341847c4:	68d0      	ldr	r0, [r2, #12]
341847c6:	e9cc 2002 	strd	r2, r0, [ip, #8]
341847ca:	f8c0 c008 	str.w	ip, [r0, #8]
341847ce:	4638      	mov	r0, r7
341847d0:	f8c2 c00c 	str.w	ip, [r2, #12]
341847d4:	e8bd 41f0 	ldmia.w	sp!, {r4, r5, r6, r7, r8, lr}
341847d8:	f002 bc1e 	b.w	34187018 <__malloc_unlock>
341847dc:	bb9d      	cbnz	r5, 34184846 <_free_r+0x192>
341847de:	4418      	add	r0, r3
341847e0:	e9d2 2302 	ldrd	r2, r3, [r2, #8]
341847e4:	60d3      	str	r3, [r2, #12]
341847e6:	609a      	str	r2, [r3, #8]
341847e8:	f040 0301 	orr.w	r3, r0, #1
341847ec:	f8cc 3004 	str.w	r3, [ip, #4]
341847f0:	f84c 0000 	str.w	r0, [ip, r0]
341847f4:	e7ad      	b.n	34184752 <_free_r+0x9e>
341847f6:	4418      	add	r0, r3
341847f8:	b946      	cbnz	r6, 3418480c <_free_r+0x158>
341847fa:	f854 3c08 	ldr.w	r3, [r4, #-8]
341847fe:	ebac 0c03 	sub.w	ip, ip, r3
34184802:	4418      	add	r0, r3
34184804:	e9dc 2302 	ldrd	r2, r3, [ip, #8]
34184808:	60d3      	str	r3, [r2, #12]
3418480a:	609a      	str	r2, [r3, #8]
3418480c:	f040 0301 	orr.w	r3, r0, #1
34184810:	f8cc 3004 	str.w	r3, [ip, #4]
34184814:	4b27      	ldr	r3, [pc, #156]	@ (341848b4 <_free_r+0x200>)
34184816:	f8c1 c008 	str.w	ip, [r1, #8]
3418481a:	681b      	ldr	r3, [r3, #0]
3418481c:	4283      	cmp	r3, r0
3418481e:	d898      	bhi.n	34184752 <_free_r+0x9e>
34184820:	4b25      	ldr	r3, [pc, #148]	@ (341848b8 <_free_r+0x204>)
34184822:	4638      	mov	r0, r7
34184824:	6819      	ldr	r1, [r3, #0]
34184826:	f7ff feef 	bl	34184608 <_malloc_trim_r>
3418482a:	e792      	b.n	34184752 <_free_r+0x9e>
3418482c:	4403      	add	r3, r0
3418482e:	e799      	b.n	34184764 <_free_r+0xb0>
34184830:	2a14      	cmp	r2, #20
34184832:	d90e      	bls.n	34184852 <_free_r+0x19e>
34184834:	2a54      	cmp	r2, #84	@ 0x54
34184836:	d822      	bhi.n	3418487e <_free_r+0x1ca>
34184838:	0b1a      	lsrs	r2, r3, #12
3418483a:	f102 006f 	add.w	r0, r2, #111	@ 0x6f
3418483e:	f102 046e 	add.w	r4, r2, #110	@ 0x6e
34184842:	00c2      	lsls	r2, r0, #3
34184844:	e7b0      	b.n	341847a8 <_free_r+0xf4>
34184846:	f043 0101 	orr.w	r1, r3, #1
3418484a:	f8cc 1004 	str.w	r1, [ip, #4]
3418484e:	6013      	str	r3, [r2, #0]
34184850:	e77f      	b.n	34184752 <_free_r+0x9e>
34184852:	f102 005c 	add.w	r0, r2, #92	@ 0x5c
34184856:	f102 045b 	add.w	r4, r2, #91	@ 0x5b
3418485a:	00c2      	lsls	r2, r0, #3
3418485c:	e7a4      	b.n	341847a8 <_free_r+0xf4>
3418485e:	e9c1 cc04 	strd	ip, ip, [r1, #16]
34184862:	e9cc ee02 	strd	lr, lr, [ip, #8]
34184866:	f8cc 4004 	str.w	r4, [ip, #4]
3418486a:	f84c 3003 	str.w	r3, [ip, r3]
3418486e:	e770      	b.n	34184752 <_free_r+0x9e>
34184870:	10a4      	asrs	r4, r4, #2
34184872:	2301      	movs	r3, #1
34184874:	40a3      	lsls	r3, r4
34184876:	684c      	ldr	r4, [r1, #4]
34184878:	4323      	orrs	r3, r4
3418487a:	604b      	str	r3, [r1, #4]
3418487c:	e7a3      	b.n	341847c6 <_free_r+0x112>
3418487e:	f5b2 7faa 	cmp.w	r2, #340	@ 0x154
34184882:	d806      	bhi.n	34184892 <_free_r+0x1de>
34184884:	0bda      	lsrs	r2, r3, #15
34184886:	f102 0078 	add.w	r0, r2, #120	@ 0x78
3418488a:	f102 0477 	add.w	r4, r2, #119	@ 0x77
3418488e:	00c2      	lsls	r2, r0, #3
34184890:	e78a      	b.n	341847a8 <_free_r+0xf4>
34184892:	f240 5054 	movw	r0, #1364	@ 0x554
34184896:	4282      	cmp	r2, r0
34184898:	d806      	bhi.n	341848a8 <_free_r+0x1f4>
3418489a:	0c9a      	lsrs	r2, r3, #18
3418489c:	f102 007d 	add.w	r0, r2, #125	@ 0x7d
341848a0:	f102 047c 	add.w	r4, r2, #124	@ 0x7c
341848a4:	00c2      	lsls	r2, r0, #3
341848a6:	e77f      	b.n	341847a8 <_free_r+0xf4>
341848a8:	f44f 727e 	mov.w	r2, #1016	@ 0x3f8
341848ac:	247e      	movs	r4, #126	@ 0x7e
341848ae:	e77b      	b.n	341847a8 <_free_r+0xf4>
341848b0:	341c0238 	.word	0x341c0238
341848b4:	341c0230 	.word	0x341c0230
341848b8:	341c0be0 	.word	0x341c0be0

341848bc <_malloc_r>:
341848bc:	f101 030b 	add.w	r3, r1, #11
341848c0:	2b16      	cmp	r3, #22
341848c2:	e92d 4ff0 	stmdb	sp!, {r4, r5, r6, r7, r8, r9, sl, fp, lr}
341848c6:	4680      	mov	r8, r0
341848c8:	b085      	sub	sp, #20
341848ca:	d82c      	bhi.n	34184926 <_malloc_r+0x6a>
341848cc:	2910      	cmp	r1, #16
341848ce:	d822      	bhi.n	34184916 <_malloc_r+0x5a>
341848d0:	f002 fb9c 	bl	3418700c <__malloc_lock>
341848d4:	2118      	movs	r1, #24
341848d6:	f04f 0e02 	mov.w	lr, #2
341848da:	2210      	movs	r2, #16
341848dc:	4cb6      	ldr	r4, [pc, #728]	@ (34184bb8 <_malloc_r+0x2fc>)
341848de:	4421      	add	r1, r4
341848e0:	684d      	ldr	r5, [r1, #4]
341848e2:	f1a1 0008 	sub.w	r0, r1, #8
341848e6:	4285      	cmp	r5, r0
341848e8:	f000 815f 	beq.w	34184baa <_malloc_r+0x2ee>
341848ec:	686a      	ldr	r2, [r5, #4]
341848ee:	4640      	mov	r0, r8
341848f0:	f022 0203 	bic.w	r2, r2, #3
341848f4:	e9d5 4102 	ldrd	r4, r1, [r5, #8]
341848f8:	442a      	add	r2, r5
341848fa:	60e1      	str	r1, [r4, #12]
341848fc:	608c      	str	r4, [r1, #8]
341848fe:	f105 0408 	add.w	r4, r5, #8
34184902:	6851      	ldr	r1, [r2, #4]
34184904:	f041 0101 	orr.w	r1, r1, #1
34184908:	6051      	str	r1, [r2, #4]
3418490a:	f002 fb85 	bl	34187018 <__malloc_unlock>
3418490e:	4620      	mov	r0, r4
34184910:	b005      	add	sp, #20
34184912:	e8bd 8ff0 	ldmia.w	sp!, {r4, r5, r6, r7, r8, r9, sl, fp, pc}
34184916:	230c      	movs	r3, #12
34184918:	f8c8 3000 	str.w	r3, [r8]
3418491c:	2400      	movs	r4, #0
3418491e:	4620      	mov	r0, r4
34184920:	b005      	add	sp, #20
34184922:	e8bd 8ff0 	ldmia.w	sp!, {r4, r5, r6, r7, r8, r9, sl, fp, pc}
34184926:	2b00      	cmp	r3, #0
34184928:	f023 0207 	bic.w	r2, r3, #7
3418492c:	dbf3      	blt.n	34184916 <_malloc_r+0x5a>
3418492e:	4291      	cmp	r1, r2
34184930:	d8f1      	bhi.n	34184916 <_malloc_r+0x5a>
34184932:	9200      	str	r2, [sp, #0]
34184934:	f002 fb6a 	bl	3418700c <__malloc_lock>
34184938:	9a00      	ldr	r2, [sp, #0]
3418493a:	f5b2 7ffc 	cmp.w	r2, #504	@ 0x1f8
3418493e:	f0c0 819f 	bcc.w	34184c80 <_malloc_r+0x3c4>
34184942:	0a53      	lsrs	r3, r2, #9
34184944:	d073      	beq.n	34184a2e <_malloc_r+0x172>
34184946:	2b04      	cmp	r3, #4
34184948:	f200 8164 	bhi.w	34184c14 <_malloc_r+0x358>
3418494c:	0993      	lsrs	r3, r2, #6
3418494e:	f103 0e39 	add.w	lr, r3, #57	@ 0x39
34184952:	f103 0638 	add.w	r6, r3, #56	@ 0x38
34184956:	ea4f 03ce 	mov.w	r3, lr, lsl #3
3418495a:	4c97      	ldr	r4, [pc, #604]	@ (34184bb8 <_malloc_r+0x2fc>)
3418495c:	4423      	add	r3, r4
3418495e:	f1a3 0508 	sub.w	r5, r3, #8
34184962:	685f      	ldr	r7, [r3, #4]
34184964:	42bd      	cmp	r5, r7
34184966:	d107      	bne.n	34184978 <_malloc_r+0xbc>
34184968:	e00d      	b.n	34184986 <_malloc_r+0xca>
3418496a:	2800      	cmp	r0, #0
3418496c:	68fb      	ldr	r3, [r7, #12]
3418496e:	f280 810b 	bge.w	34184b88 <_malloc_r+0x2cc>
34184972:	429d      	cmp	r5, r3
34184974:	461f      	mov	r7, r3
34184976:	d006      	beq.n	34184986 <_malloc_r+0xca>
34184978:	6879      	ldr	r1, [r7, #4]
3418497a:	f021 0103 	bic.w	r1, r1, #3
3418497e:	1a88      	subs	r0, r1, r2
34184980:	280f      	cmp	r0, #15
34184982:	ddf2      	ble.n	3418496a <_malloc_r+0xae>
34184984:	46b6      	mov	lr, r6
34184986:	6923      	ldr	r3, [r4, #16]
34184988:	498c      	ldr	r1, [pc, #560]	@ (34184bbc <_malloc_r+0x300>)
3418498a:	428b      	cmp	r3, r1
3418498c:	f000 80e9 	beq.w	34184b62 <_malloc_r+0x2a6>
34184990:	685e      	ldr	r6, [r3, #4]
34184992:	f026 0603 	bic.w	r6, r6, #3
34184996:	1ab1      	subs	r1, r6, r2
34184998:	290f      	cmp	r1, #15
3418499a:	f300 8183 	bgt.w	34184ca4 <_malloc_r+0x3e8>
3418499e:	4887      	ldr	r0, [pc, #540]	@ (34184bbc <_malloc_r+0x300>)
341849a0:	2900      	cmp	r1, #0
341849a2:	e9c4 0004 	strd	r0, r0, [r4, #16]
341849a6:	f280 8170 	bge.w	34184c8a <_malloc_r+0x3ce>
341849aa:	f5b6 7f00 	cmp.w	r6, #512	@ 0x200
341849ae:	6867      	ldr	r7, [r4, #4]
341849b0:	f080 8110 	bcs.w	34184bd4 <_malloc_r+0x318>
341849b4:	08f1      	lsrs	r1, r6, #3
341849b6:	2001      	movs	r0, #1
341849b8:	0976      	lsrs	r6, r6, #5
341849ba:	3101      	adds	r1, #1
341849bc:	40b0      	lsls	r0, r6
341849be:	f854 5031 	ldr.w	r5, [r4, r1, lsl #3]
341849c2:	4307      	orrs	r7, r0
341849c4:	eb04 00c1 	add.w	r0, r4, r1, lsl #3
341849c8:	3808      	subs	r0, #8
341849ca:	6067      	str	r7, [r4, #4]
341849cc:	e9c3 5002 	strd	r5, r0, [r3, #8]
341849d0:	f844 3031 	str.w	r3, [r4, r1, lsl #3]
341849d4:	60eb      	str	r3, [r5, #12]
341849d6:	ea4f 03ae 	mov.w	r3, lr, asr #2
341849da:	2601      	movs	r6, #1
341849dc:	409e      	lsls	r6, r3
341849de:	42be      	cmp	r6, r7
341849e0:	d82b      	bhi.n	34184a3a <_malloc_r+0x17e>
341849e2:	423e      	tst	r6, r7
341849e4:	d106      	bne.n	341849f4 <_malloc_r+0x138>
341849e6:	f02e 0e03 	bic.w	lr, lr, #3
341849ea:	0076      	lsls	r6, r6, #1
341849ec:	f10e 0e04 	add.w	lr, lr, #4
341849f0:	423e      	tst	r6, r7
341849f2:	d0fa      	beq.n	341849ea <_malloc_r+0x12e>
341849f4:	eb04 0ace 	add.w	sl, r4, lr, lsl #3
341849f8:	46f1      	mov	r9, lr
341849fa:	eb04 07ce 	add.w	r7, r4, lr, lsl #3
341849fe:	68f9      	ldr	r1, [r7, #12]
34184a00:	e00c      	b.n	34184a1c <_malloc_r+0x160>
34184a02:	6848      	ldr	r0, [r1, #4]
34184a04:	460b      	mov	r3, r1
34184a06:	68c9      	ldr	r1, [r1, #12]
34184a08:	f020 0c03 	bic.w	ip, r0, #3
34184a0c:	ebac 0502 	sub.w	r5, ip, r2
34184a10:	2d0f      	cmp	r5, #15
34184a12:	f300 810c 	bgt.w	34184c2e <_malloc_r+0x372>
34184a16:	2d00      	cmp	r5, #0
34184a18:	f280 8122 	bge.w	34184c60 <_malloc_r+0x3a4>
34184a1c:	428f      	cmp	r7, r1
34184a1e:	d1f0      	bne.n	34184a02 <_malloc_r+0x146>
34184a20:	f109 0301 	add.w	r3, r9, #1
34184a24:	3708      	adds	r7, #8
34184a26:	0798      	lsls	r0, r3, #30
34184a28:	4699      	mov	r9, r3
34184a2a:	d1e8      	bne.n	341849fe <_malloc_r+0x142>
34184a2c:	e174      	b.n	34184d18 <_malloc_r+0x45c>
34184a2e:	f44f 7300 	mov.w	r3, #512	@ 0x200
34184a32:	f04f 0e40 	mov.w	lr, #64	@ 0x40
34184a36:	263f      	movs	r6, #63	@ 0x3f
34184a38:	e78f      	b.n	3418495a <_malloc_r+0x9e>
34184a3a:	68a7      	ldr	r7, [r4, #8]
34184a3c:	6879      	ldr	r1, [r7, #4]
34184a3e:	f021 0603 	bic.w	r6, r1, #3
34184a42:	4296      	cmp	r6, r2
34184a44:	eba6 0002 	sub.w	r0, r6, r2
34184a48:	d302      	bcc.n	34184a50 <_malloc_r+0x194>
34184a4a:	280f      	cmp	r0, #15
34184a4c:	f300 808b 	bgt.w	34184b66 <_malloc_r+0x2aa>
34184a50:	495b      	ldr	r1, [pc, #364]	@ (34184bc0 <_malloc_r+0x304>)
34184a52:	2008      	movs	r0, #8
34184a54:	6809      	ldr	r1, [r1, #0]
34184a56:	3110      	adds	r1, #16
34184a58:	4411      	add	r1, r2
34184a5a:	e9cd 1200 	strd	r1, r2, [sp]
34184a5e:	f003 f88b 	bl	34187b78 <sysconf>
34184a62:	9900      	ldr	r1, [sp, #0]
34184a64:	4603      	mov	r3, r0
34184a66:	4682      	mov	sl, r0
34184a68:	1e48      	subs	r0, r1, #1
34184a6a:	425d      	negs	r5, r3
34184a6c:	4418      	add	r0, r3
34184a6e:	4b55      	ldr	r3, [pc, #340]	@ (34184bc4 <_malloc_r+0x308>)
34184a70:	4005      	ands	r5, r0
34184a72:	6818      	ldr	r0, [r3, #0]
34184a74:	f1b0 3fff 	cmp.w	r0, #4294967295	@ 0xffffffff
34184a78:	bf18      	it	ne
34184a7a:	4629      	movne	r1, r5
34184a7c:	4640      	mov	r0, r8
34184a7e:	9100      	str	r1, [sp, #0]
34184a80:	f003 f854 	bl	34187b2c <_sbrk_r>
34184a84:	1c41      	adds	r1, r0, #1
34184a86:	4605      	mov	r5, r0
34184a88:	e9dd 1200 	ldrd	r1, r2, [sp]
34184a8c:	f000 8127 	beq.w	34184cde <_malloc_r+0x422>
34184a90:	eb07 0c06 	add.w	ip, r7, r6
34184a94:	4584      	cmp	ip, r0
34184a96:	f200 8120 	bhi.w	34184cda <_malloc_r+0x41e>
34184a9a:	f8df 9134 	ldr.w	r9, [pc, #308]	@ 34184bd0 <_malloc_r+0x314>
34184a9e:	f10a 3eff 	add.w	lr, sl, #4294967295	@ 0xffffffff
34184aa2:	f8d9 0000 	ldr.w	r0, [r9]
34184aa6:	4408      	add	r0, r1
34184aa8:	f8c9 0000 	str.w	r0, [r9]
34184aac:	f000 8183 	beq.w	34184db6 <_malloc_r+0x4fa>
34184ab0:	4b44      	ldr	r3, [pc, #272]	@ (34184bc4 <_malloc_r+0x308>)
34184ab2:	681b      	ldr	r3, [r3, #0]
34184ab4:	3301      	adds	r3, #1
34184ab6:	f000 8188 	beq.w	34184dca <_malloc_r+0x50e>
34184aba:	eba5 0c0c 	sub.w	ip, r5, ip
34184abe:	4460      	add	r0, ip
34184ac0:	f8c9 0000 	str.w	r0, [r9]
34184ac4:	f015 0307 	ands.w	r3, r5, #7
34184ac8:	e9cd 2901 	strd	r2, r9, [sp, #4]
34184acc:	469b      	mov	fp, r3
34184ace:	f000 813f 	beq.w	34184d50 <_malloc_r+0x494>
34184ad2:	f1c3 0008 	rsb	r0, r3, #8
34184ad6:	4405      	add	r5, r0
34184ad8:	eb0a 0c00 	add.w	ip, sl, r0
34184adc:	4640      	mov	r0, r8
34184ade:	186b      	adds	r3, r5, r1
34184ae0:	ea03 010e 	and.w	r1, r3, lr
34184ae4:	469a      	mov	sl, r3
34184ae6:	ebac 0101 	sub.w	r1, ip, r1
34184aea:	ea01 030e 	and.w	r3, r1, lr
34184aee:	4619      	mov	r1, r3
34184af0:	9300      	str	r3, [sp, #0]
34184af2:	f003 f81b 	bl	34187b2c <_sbrk_r>
34184af6:	1c42      	adds	r2, r0, #1
34184af8:	e9dd 2901 	ldrd	r2, r9, [sp, #4]
34184afc:	f000 8180 	beq.w	34184e00 <_malloc_r+0x544>
34184b00:	1b41      	subs	r1, r0, r5
34184b02:	9b00      	ldr	r3, [sp, #0]
34184b04:	f8d9 0000 	ldr.w	r0, [r9]
34184b08:	42a7      	cmp	r7, r4
34184b0a:	4419      	add	r1, r3
34184b0c:	60a5      	str	r5, [r4, #8]
34184b0e:	4418      	add	r0, r3
34184b10:	f041 0101 	orr.w	r1, r1, #1
34184b14:	f8c9 0000 	str.w	r0, [r9]
34184b18:	6069      	str	r1, [r5, #4]
34184b1a:	d016      	beq.n	34184b4a <_malloc_r+0x28e>
34184b1c:	2e0f      	cmp	r6, #15
34184b1e:	f240 8157 	bls.w	34184dd0 <_malloc_r+0x514>
34184b22:	f1a6 010c 	sub.w	r1, r6, #12
34184b26:	2605      	movs	r6, #5
34184b28:	f021 0c07 	bic.w	ip, r1, #7
34184b2c:	6879      	ldr	r1, [r7, #4]
34184b2e:	f001 0101 	and.w	r1, r1, #1
34184b32:	f1bc 0f0f 	cmp.w	ip, #15
34184b36:	ea41 010c 	orr.w	r1, r1, ip
34184b3a:	6079      	str	r1, [r7, #4]
34184b3c:	eb07 010c 	add.w	r1, r7, ip
34184b40:	e9c1 6601 	strd	r6, r6, [r1, #4]
34184b44:	f200 8163 	bhi.w	34184e0e <_malloc_r+0x552>
34184b48:	6869      	ldr	r1, [r5, #4]
34184b4a:	4b1f      	ldr	r3, [pc, #124]	@ (34184bc8 <_malloc_r+0x30c>)
34184b4c:	681e      	ldr	r6, [r3, #0]
34184b4e:	4286      	cmp	r6, r0
34184b50:	bf38      	it	cc
34184b52:	6018      	strcc	r0, [r3, #0]
34184b54:	4b1d      	ldr	r3, [pc, #116]	@ (34184bcc <_malloc_r+0x310>)
34184b56:	681e      	ldr	r6, [r3, #0]
34184b58:	4286      	cmp	r6, r0
34184b5a:	d200      	bcs.n	34184b5e <_malloc_r+0x2a2>
34184b5c:	6018      	str	r0, [r3, #0]
34184b5e:	462f      	mov	r7, r5
34184b60:	e0bf      	b.n	34184ce2 <_malloc_r+0x426>
34184b62:	6867      	ldr	r7, [r4, #4]
34184b64:	e737      	b.n	341849d6 <_malloc_r+0x11a>
34184b66:	18bd      	adds	r5, r7, r2
34184b68:	f042 0201 	orr.w	r2, r2, #1
34184b6c:	f040 0101 	orr.w	r1, r0, #1
34184b70:	4640      	mov	r0, r8
34184b72:	607a      	str	r2, [r7, #4]
34184b74:	60a5      	str	r5, [r4, #8]
34184b76:	f107 0408 	add.w	r4, r7, #8
34184b7a:	6069      	str	r1, [r5, #4]
34184b7c:	f002 fa4c 	bl	34187018 <__malloc_unlock>
34184b80:	4620      	mov	r0, r4
34184b82:	b005      	add	sp, #20
34184b84:	e8bd 8ff0 	ldmia.w	sp!, {r4, r5, r6, r7, r8, r9, sl, fp, pc}
34184b88:	68ba      	ldr	r2, [r7, #8]
34184b8a:	4439      	add	r1, r7
34184b8c:	f107 0408 	add.w	r4, r7, #8
34184b90:	4640      	mov	r0, r8
34184b92:	60d3      	str	r3, [r2, #12]
34184b94:	609a      	str	r2, [r3, #8]
34184b96:	684a      	ldr	r2, [r1, #4]
34184b98:	f042 0201 	orr.w	r2, r2, #1
34184b9c:	604a      	str	r2, [r1, #4]
34184b9e:	f002 fa3b 	bl	34187018 <__malloc_unlock>
34184ba2:	4620      	mov	r0, r4
34184ba4:	b005      	add	sp, #20
34184ba6:	e8bd 8ff0 	ldmia.w	sp!, {r4, r5, r6, r7, r8, r9, sl, fp, pc}
34184baa:	68cd      	ldr	r5, [r1, #12]
34184bac:	42a9      	cmp	r1, r5
34184bae:	f47f ae9d 	bne.w	341848ec <_malloc_r+0x30>
34184bb2:	f10e 0e02 	add.w	lr, lr, #2
34184bb6:	e6e6      	b.n	34184986 <_malloc_r+0xca>
34184bb8:	341c0238 	.word	0x341c0238
34184bbc:	341c0240 	.word	0x341c0240
34184bc0:	341c0be0 	.word	0x341c0be0
34184bc4:	341c022c 	.word	0x341c022c
34184bc8:	341c0bdc 	.word	0x341c0bdc
34184bcc:	341c0bd8 	.word	0x341c0bd8
34184bd0:	341c0bb0 	.word	0x341c0bb0
34184bd4:	f5b6 6f20 	cmp.w	r6, #2560	@ 0xa00
34184bd8:	ea4f 2056 	mov.w	r0, r6, lsr #9
34184bdc:	d377      	bcc.n	34184cce <_malloc_r+0x412>
34184bde:	2814      	cmp	r0, #20
34184be0:	f200 80cc 	bhi.w	34184d7c <_malloc_r+0x4c0>
34184be4:	f100 015c 	add.w	r1, r0, #92	@ 0x5c
34184be8:	305b      	adds	r0, #91	@ 0x5b
34184bea:	00c9      	lsls	r1, r1, #3
34184bec:	1865      	adds	r5, r4, r1
34184bee:	5861      	ldr	r1, [r4, r1]
34184bf0:	3d08      	subs	r5, #8
34184bf2:	428d      	cmp	r5, r1
34184bf4:	d103      	bne.n	34184bfe <_malloc_r+0x342>
34184bf6:	e0a4      	b.n	34184d42 <_malloc_r+0x486>
34184bf8:	6889      	ldr	r1, [r1, #8]
34184bfa:	428d      	cmp	r5, r1
34184bfc:	d004      	beq.n	34184c08 <_malloc_r+0x34c>
34184bfe:	6848      	ldr	r0, [r1, #4]
34184c00:	f020 0003 	bic.w	r0, r0, #3
34184c04:	42b0      	cmp	r0, r6
34184c06:	d8f7      	bhi.n	34184bf8 <_malloc_r+0x33c>
34184c08:	68cd      	ldr	r5, [r1, #12]
34184c0a:	e9c3 1502 	strd	r1, r5, [r3, #8]
34184c0e:	60ab      	str	r3, [r5, #8]
34184c10:	60cb      	str	r3, [r1, #12]
34184c12:	e6e0      	b.n	341849d6 <_malloc_r+0x11a>
34184c14:	2b14      	cmp	r3, #20
34184c16:	d971      	bls.n	34184cfc <_malloc_r+0x440>
34184c18:	2b54      	cmp	r3, #84	@ 0x54
34184c1a:	f200 80b7 	bhi.w	34184d8c <_malloc_r+0x4d0>
34184c1e:	0b13      	lsrs	r3, r2, #12
34184c20:	f103 0e6f 	add.w	lr, r3, #111	@ 0x6f
34184c24:	f103 066e 	add.w	r6, r3, #110	@ 0x6e
34184c28:	ea4f 03ce 	mov.w	r3, lr, lsl #3
34184c2c:	e695      	b.n	3418495a <_malloc_r+0x9e>
34184c2e:	189e      	adds	r6, r3, r2
34184c30:	f042 0201 	orr.w	r2, r2, #1
34184c34:	689f      	ldr	r7, [r3, #8]
34184c36:	4640      	mov	r0, r8
34184c38:	605a      	str	r2, [r3, #4]
34184c3a:	4a87      	ldr	r2, [pc, #540]	@ (34184e58 <_malloc_r+0x59c>)
34184c3c:	60f9      	str	r1, [r7, #12]
34184c3e:	608f      	str	r7, [r1, #8]
34184c40:	9300      	str	r3, [sp, #0]
34184c42:	e9c4 6604 	strd	r6, r6, [r4, #16]
34184c46:	e9c6 2202 	strd	r2, r2, [r6, #8]
34184c4a:	f045 0201 	orr.w	r2, r5, #1
34184c4e:	6072      	str	r2, [r6, #4]
34184c50:	f843 500c 	str.w	r5, [r3, ip]
34184c54:	f002 f9e0 	bl	34187018 <__malloc_unlock>
34184c58:	9b00      	ldr	r3, [sp, #0]
34184c5a:	f103 0408 	add.w	r4, r3, #8
34184c5e:	e65e      	b.n	3418491e <_malloc_r+0x62>
34184c60:	449c      	add	ip, r3
34184c62:	461c      	mov	r4, r3
34184c64:	4640      	mov	r0, r8
34184c66:	f8dc 3004 	ldr.w	r3, [ip, #4]
34184c6a:	f043 0301 	orr.w	r3, r3, #1
34184c6e:	f8cc 3004 	str.w	r3, [ip, #4]
34184c72:	f854 3f08 	ldr.w	r3, [r4, #8]!
34184c76:	60d9      	str	r1, [r3, #12]
34184c78:	608b      	str	r3, [r1, #8]
34184c7a:	f002 f9cd 	bl	34187018 <__malloc_unlock>
34184c7e:	e64e      	b.n	3418491e <_malloc_r+0x62>
34184c80:	ea4f 0ed2 	mov.w	lr, r2, lsr #3
34184c84:	f102 0108 	add.w	r1, r2, #8
34184c88:	e628      	b.n	341848dc <_malloc_r+0x20>
34184c8a:	441e      	add	r6, r3
34184c8c:	4640      	mov	r0, r8
34184c8e:	9300      	str	r3, [sp, #0]
34184c90:	6872      	ldr	r2, [r6, #4]
34184c92:	f042 0201 	orr.w	r2, r2, #1
34184c96:	6072      	str	r2, [r6, #4]
34184c98:	f002 f9be 	bl	34187018 <__malloc_unlock>
34184c9c:	9b00      	ldr	r3, [sp, #0]
34184c9e:	f103 0408 	add.w	r4, r3, #8
34184ca2:	e63c      	b.n	3418491e <_malloc_r+0x62>
34184ca4:	189d      	adds	r5, r3, r2
34184ca6:	f042 0201 	orr.w	r2, r2, #1
34184caa:	4640      	mov	r0, r8
34184cac:	9300      	str	r3, [sp, #0]
34184cae:	605a      	str	r2, [r3, #4]
34184cb0:	4a69      	ldr	r2, [pc, #420]	@ (34184e58 <_malloc_r+0x59c>)
34184cb2:	e9c4 5504 	strd	r5, r5, [r4, #16]
34184cb6:	e9c5 2202 	strd	r2, r2, [r5, #8]
34184cba:	f041 0201 	orr.w	r2, r1, #1
34184cbe:	606a      	str	r2, [r5, #4]
34184cc0:	5199      	str	r1, [r3, r6]
34184cc2:	f002 f9a9 	bl	34187018 <__malloc_unlock>
34184cc6:	9b00      	ldr	r3, [sp, #0]
34184cc8:	f103 0408 	add.w	r4, r3, #8
34184ccc:	e627      	b.n	3418491e <_malloc_r+0x62>
34184cce:	09b0      	lsrs	r0, r6, #6
34184cd0:	f100 0139 	add.w	r1, r0, #57	@ 0x39
34184cd4:	3038      	adds	r0, #56	@ 0x38
34184cd6:	00c9      	lsls	r1, r1, #3
34184cd8:	e788      	b.n	34184bec <_malloc_r+0x330>
34184cda:	42a7      	cmp	r7, r4
34184cdc:	d061      	beq.n	34184da2 <_malloc_r+0x4e6>
34184cde:	68a7      	ldr	r7, [r4, #8]
34184ce0:	6879      	ldr	r1, [r7, #4]
34184ce2:	f021 0103 	bic.w	r1, r1, #3
34184ce6:	4291      	cmp	r1, r2
34184ce8:	eba1 0002 	sub.w	r0, r1, r2
34184cec:	d302      	bcc.n	34184cf4 <_malloc_r+0x438>
34184cee:	280f      	cmp	r0, #15
34184cf0:	f73f af39 	bgt.w	34184b66 <_malloc_r+0x2aa>
34184cf4:	4640      	mov	r0, r8
34184cf6:	f002 f98f 	bl	34187018 <__malloc_unlock>
34184cfa:	e60f      	b.n	3418491c <_malloc_r+0x60>
34184cfc:	f103 0e5c 	add.w	lr, r3, #92	@ 0x5c
34184d00:	f103 065b 	add.w	r6, r3, #91	@ 0x5b
34184d04:	ea4f 03ce 	mov.w	r3, lr, lsl #3
34184d08:	e627      	b.n	3418495a <_malloc_r+0x9e>
34184d0a:	4651      	mov	r1, sl
34184d0c:	f851 3908 	ldr.w	r3, [r1], #-8
34184d10:	428b      	cmp	r3, r1
34184d12:	468a      	mov	sl, r1
34184d14:	f040 809e 	bne.w	34184e54 <_malloc_r+0x598>
34184d18:	f01e 0f03 	tst.w	lr, #3
34184d1c:	f10e 3eff 	add.w	lr, lr, #4294967295	@ 0xffffffff
34184d20:	d1f3      	bne.n	34184d0a <_malloc_r+0x44e>
34184d22:	6863      	ldr	r3, [r4, #4]
34184d24:	ea23 0306 	bic.w	r3, r3, r6
34184d28:	6063      	str	r3, [r4, #4]
34184d2a:	0076      	lsls	r6, r6, #1
34184d2c:	1e71      	subs	r1, r6, #1
34184d2e:	4299      	cmp	r1, r3
34184d30:	d303      	bcc.n	34184d3a <_malloc_r+0x47e>
34184d32:	e682      	b.n	34184a3a <_malloc_r+0x17e>
34184d34:	0076      	lsls	r6, r6, #1
34184d36:	f109 0904 	add.w	r9, r9, #4
34184d3a:	421e      	tst	r6, r3
34184d3c:	d0fa      	beq.n	34184d34 <_malloc_r+0x478>
34184d3e:	46ce      	mov	lr, r9
34184d40:	e658      	b.n	341849f4 <_malloc_r+0x138>
34184d42:	1080      	asrs	r0, r0, #2
34184d44:	2601      	movs	r6, #1
34184d46:	fa06 f000 	lsl.w	r0, r6, r0
34184d4a:	4307      	orrs	r7, r0
34184d4c:	6067      	str	r7, [r4, #4]
34184d4e:	e75c      	b.n	34184c0a <_malloc_r+0x34e>
34184d50:	186b      	adds	r3, r5, r1
34184d52:	4640      	mov	r0, r8
34184d54:	ea03 010e 	and.w	r1, r3, lr
34184d58:	9303      	str	r3, [sp, #12]
34184d5a:	ebaa 0101 	sub.w	r1, sl, r1
34184d5e:	ea01 030e 	and.w	r3, r1, lr
34184d62:	4619      	mov	r1, r3
34184d64:	9300      	str	r3, [sp, #0]
34184d66:	f002 fee1 	bl	34187b2c <_sbrk_r>
34184d6a:	1c43      	adds	r3, r0, #1
34184d6c:	e9dd 2901 	ldrd	r2, r9, [sp, #4]
34184d70:	f47f aec6 	bne.w	34184b00 <_malloc_r+0x244>
34184d74:	9803      	ldr	r0, [sp, #12]
34184d76:	f8cd b000 	str.w	fp, [sp]
34184d7a:	e6c1      	b.n	34184b00 <_malloc_r+0x244>
34184d7c:	2854      	cmp	r0, #84	@ 0x54
34184d7e:	d82a      	bhi.n	34184dd6 <_malloc_r+0x51a>
34184d80:	0b30      	lsrs	r0, r6, #12
34184d82:	f100 016f 	add.w	r1, r0, #111	@ 0x6f
34184d86:	306e      	adds	r0, #110	@ 0x6e
34184d88:	00c9      	lsls	r1, r1, #3
34184d8a:	e72f      	b.n	34184bec <_malloc_r+0x330>
34184d8c:	f5b3 7faa 	cmp.w	r3, #340	@ 0x154
34184d90:	d82a      	bhi.n	34184de8 <_malloc_r+0x52c>
34184d92:	0bd3      	lsrs	r3, r2, #15
34184d94:	f103 0e78 	add.w	lr, r3, #120	@ 0x78
34184d98:	f103 0677 	add.w	r6, r3, #119	@ 0x77
34184d9c:	ea4f 03ce 	mov.w	r3, lr, lsl #3
34184da0:	e5db      	b.n	3418495a <_malloc_r+0x9e>
34184da2:	f8df 90bc 	ldr.w	r9, [pc, #188]	@ 34184e60 <_malloc_r+0x5a4>
34184da6:	f10a 3eff 	add.w	lr, sl, #4294967295	@ 0xffffffff
34184daa:	f8d9 0000 	ldr.w	r0, [r9]
34184dae:	4408      	add	r0, r1
34184db0:	f8c9 0000 	str.w	r0, [r9]
34184db4:	e67c      	b.n	34184ab0 <_malloc_r+0x1f4>
34184db6:	ea15 0f0e 	tst.w	r5, lr
34184dba:	f47f ae79 	bne.w	34184ab0 <_malloc_r+0x1f4>
34184dbe:	4431      	add	r1, r6
34184dc0:	68a5      	ldr	r5, [r4, #8]
34184dc2:	f041 0101 	orr.w	r1, r1, #1
34184dc6:	6069      	str	r1, [r5, #4]
34184dc8:	e6bf      	b.n	34184b4a <_malloc_r+0x28e>
34184dca:	4b24      	ldr	r3, [pc, #144]	@ (34184e5c <_malloc_r+0x5a0>)
34184dcc:	601d      	str	r5, [r3, #0]
34184dce:	e679      	b.n	34184ac4 <_malloc_r+0x208>
34184dd0:	2301      	movs	r3, #1
34184dd2:	606b      	str	r3, [r5, #4]
34184dd4:	e78e      	b.n	34184cf4 <_malloc_r+0x438>
34184dd6:	f5b0 7faa 	cmp.w	r0, #340	@ 0x154
34184dda:	d827      	bhi.n	34184e2c <_malloc_r+0x570>
34184ddc:	0bf0      	lsrs	r0, r6, #15
34184dde:	f100 0178 	add.w	r1, r0, #120	@ 0x78
34184de2:	3077      	adds	r0, #119	@ 0x77
34184de4:	00c9      	lsls	r1, r1, #3
34184de6:	e701      	b.n	34184bec <_malloc_r+0x330>
34184de8:	f240 5154 	movw	r1, #1364	@ 0x554
34184dec:	428b      	cmp	r3, r1
34184dee:	d827      	bhi.n	34184e40 <_malloc_r+0x584>
34184df0:	0c93      	lsrs	r3, r2, #18
34184df2:	f103 0e7d 	add.w	lr, r3, #125	@ 0x7d
34184df6:	f103 067c 	add.w	r6, r3, #124	@ 0x7c
34184dfa:	ea4f 03ce 	mov.w	r3, lr, lsl #3
34184dfe:	e5ac      	b.n	3418495a <_malloc_r+0x9e>
34184e00:	f1ab 0108 	sub.w	r1, fp, #8
34184e04:	2300      	movs	r3, #0
34184e06:	eb0a 0001 	add.w	r0, sl, r1
34184e0a:	9300      	str	r3, [sp, #0]
34184e0c:	e678      	b.n	34184b00 <_malloc_r+0x244>
34184e0e:	f107 0108 	add.w	r1, r7, #8
34184e12:	4640      	mov	r0, r8
34184e14:	e9cd 2900 	strd	r2, r9, [sp]
34184e18:	f7ff fc4c 	bl	341846b4 <_free_r>
34184e1c:	68a5      	ldr	r5, [r4, #8]
34184e1e:	f8dd 9004 	ldr.w	r9, [sp, #4]
34184e22:	6869      	ldr	r1, [r5, #4]
34184e24:	f8d9 0000 	ldr.w	r0, [r9]
34184e28:	9a00      	ldr	r2, [sp, #0]
34184e2a:	e68e      	b.n	34184b4a <_malloc_r+0x28e>
34184e2c:	f240 5154 	movw	r1, #1364	@ 0x554
34184e30:	4288      	cmp	r0, r1
34184e32:	d80b      	bhi.n	34184e4c <_malloc_r+0x590>
34184e34:	0cb0      	lsrs	r0, r6, #18
34184e36:	f100 017d 	add.w	r1, r0, #125	@ 0x7d
34184e3a:	307c      	adds	r0, #124	@ 0x7c
34184e3c:	00c9      	lsls	r1, r1, #3
34184e3e:	e6d5      	b.n	34184bec <_malloc_r+0x330>
34184e40:	f44f 737e 	mov.w	r3, #1016	@ 0x3f8
34184e44:	f04f 0e7f 	mov.w	lr, #127	@ 0x7f
34184e48:	267e      	movs	r6, #126	@ 0x7e
34184e4a:	e586      	b.n	3418495a <_malloc_r+0x9e>
34184e4c:	f44f 717e 	mov.w	r1, #1016	@ 0x3f8
34184e50:	207e      	movs	r0, #126	@ 0x7e
34184e52:	e6cb      	b.n	34184bec <_malloc_r+0x330>
34184e54:	6863      	ldr	r3, [r4, #4]
34184e56:	e768      	b.n	34184d2a <_malloc_r+0x46e>
34184e58:	341c0240 	.word	0x341c0240
34184e5c:	341c022c 	.word	0x341c022c
34184e60:	341c0bb0 	.word	0x341c0bb0
34184e64:	00000000 	.word	0x00000000

34184e68 <_vfprintf_r>:
34184e68:	e92d 4ff0 	stmdb	sp!, {r4, r5, r6, r7, r8, r9, sl, fp, lr}
34184e6c:	ed2d 8b02 	vpush	{d8}
34184e70:	b0d3      	sub	sp, #332	@ 0x14c
34184e72:	461c      	mov	r4, r3
34184e74:	4683      	mov	fp, r0
34184e76:	9103      	str	r1, [sp, #12]
34184e78:	f10d 0988 	add.w	r9, sp, #136	@ 0x88
34184e7c:	9206      	str	r2, [sp, #24]
34184e7e:	930b      	str	r3, [sp, #44]	@ 0x2c
34184e80:	f002 fe16 	bl	34187ab0 <_localeconv_r>
34184e84:	6803      	ldr	r3, [r0, #0]
34184e86:	4618      	mov	r0, r3
34184e88:	9312      	str	r3, [sp, #72]	@ 0x48
34184e8a:	f7ff fb43 	bl	34184514 <strlen>
34184e8e:	2208      	movs	r2, #8
34184e90:	9011      	str	r0, [sp, #68]	@ 0x44
34184e92:	2100      	movs	r1, #0
34184e94:	4648      	mov	r0, r9
34184e96:	f7ff fa3b 	bl	34184310 <memset>
34184e9a:	f1bb 0f00 	cmp.w	fp, #0
34184e9e:	d004      	beq.n	34184eaa <_vfprintf_r+0x42>
34184ea0:	f8db 3034 	ldr.w	r3, [fp, #52]	@ 0x34
34184ea4:	2b00      	cmp	r3, #0
34184ea6:	f001 814b 	beq.w	34186140 <_vfprintf_r+0x12d8>
34184eaa:	9b03      	ldr	r3, [sp, #12]
34184eac:	6e5a      	ldr	r2, [r3, #100]	@ 0x64
34184eae:	f9b3 300c 	ldrsh.w	r3, [r3, #12]
34184eb2:	07d0      	lsls	r0, r2, #31
34184eb4:	f140 813a 	bpl.w	3418512c <_vfprintf_r+0x2c4>
34184eb8:	0499      	lsls	r1, r3, #18
34184eba:	f100 8712 	bmi.w	34185ce2 <_vfprintf_r+0xe7a>
34184ebe:	9903      	ldr	r1, [sp, #12]
34184ec0:	f443 5300 	orr.w	r3, r3, #8192	@ 0x2000
34184ec4:	f422 5200 	bic.w	r2, r2, #8192	@ 0x2000
34184ec8:	818b      	strh	r3, [r1, #12]
34184eca:	664a      	str	r2, [r1, #100]	@ 0x64
34184ecc:	0493      	lsls	r3, r2, #18
34184ece:	f101 873f 	bmi.w	34186d50 <_vfprintf_r+0x1ee8>
34184ed2:	9b03      	ldr	r3, [sp, #12]
34184ed4:	f9b3 300c 	ldrsh.w	r3, [r3, #12]
34184ed8:	071d      	lsls	r5, r3, #28
34184eda:	f140 80b0 	bpl.w	3418503e <_vfprintf_r+0x1d6>
34184ede:	9a03      	ldr	r2, [sp, #12]
34184ee0:	6912      	ldr	r2, [r2, #16]
34184ee2:	2a00      	cmp	r2, #0
34184ee4:	f000 80ab 	beq.w	3418503e <_vfprintf_r+0x1d6>
34184ee8:	f003 021a 	and.w	r2, r3, #26
34184eec:	2a0a      	cmp	r2, #10
34184eee:	f000 80b5 	beq.w	3418505c <_vfprintf_r+0x1f4>
34184ef2:	aa29      	add	r2, sp, #164	@ 0xa4
34184ef4:	2300      	movs	r3, #0
34184ef6:	ed9f 8b98 	vldr	d8, [pc, #608]	@ 34185158 <_vfprintf_r+0x2f0>
34184efa:	4617      	mov	r7, r2
34184efc:	930f      	str	r3, [sp, #60]	@ 0x3c
34184efe:	9226      	str	r2, [sp, #152]	@ 0x98
34184f00:	9313      	str	r3, [sp, #76]	@ 0x4c
34184f02:	9316      	str	r3, [sp, #88]	@ 0x58
34184f04:	9307      	str	r3, [sp, #28]
34184f06:	e9cd 3327 	strd	r3, r3, [sp, #156]	@ 0x9c
34184f0a:	e9cd 3314 	strd	r3, r3, [sp, #80]	@ 0x50
34184f0e:	9d06      	ldr	r5, [sp, #24]
34184f10:	4b93      	ldr	r3, [pc, #588]	@ (34185160 <_vfprintf_r+0x2f8>)
34184f12:	f8d3 41cc 	ldr.w	r4, [r3, #460]	@ 0x1cc
34184f16:	f002 fdc5 	bl	34187aa4 <__locale_mb_cur_max>
34184f1a:	462a      	mov	r2, r5
34184f1c:	4603      	mov	r3, r0
34184f1e:	a91c      	add	r1, sp, #112	@ 0x70
34184f20:	4658      	mov	r0, fp
34184f22:	f8cd 9000 	str.w	r9, [sp]
34184f26:	47a0      	blx	r4
34184f28:	2800      	cmp	r0, #0
34184f2a:	4603      	mov	r3, r0
34184f2c:	f000 80b7 	beq.w	3418509e <_vfprintf_r+0x236>
34184f30:	f2c0 80ad 	blt.w	3418508e <_vfprintf_r+0x226>
34184f34:	9a1c      	ldr	r2, [sp, #112]	@ 0x70
34184f36:	2a25      	cmp	r2, #37	@ 0x25
34184f38:	d001      	beq.n	34184f3e <_vfprintf_r+0xd6>
34184f3a:	441d      	add	r5, r3
34184f3c:	e7e8      	b.n	34184f10 <_vfprintf_r+0xa8>
34184f3e:	9b06      	ldr	r3, [sp, #24]
34184f40:	4604      	mov	r4, r0
34184f42:	1aee      	subs	r6, r5, r3
34184f44:	f040 80af 	bne.w	341850a6 <_vfprintf_r+0x23e>
34184f48:	2300      	movs	r3, #0
34184f4a:	786c      	ldrb	r4, [r5, #1]
34184f4c:	f04f 3aff 	mov.w	sl, #4294967295	@ 0xffffffff
34184f50:	3501      	adds	r5, #1
34184f52:	f88d 3067 	strb.w	r3, [sp, #103]	@ 0x67
34184f56:	9308      	str	r3, [sp, #32]
34184f58:	9302      	str	r3, [sp, #8]
34184f5a:	3501      	adds	r5, #1
34184f5c:	f1a4 0320 	sub.w	r3, r4, #32
34184f60:	2b5a      	cmp	r3, #90	@ 0x5a
34184f62:	f200 80ff 	bhi.w	34185164 <_vfprintf_r+0x2fc>
34184f66:	e8df f013 	tbh	[pc, r3, lsl #1]
34184f6a:	03c5      	.short	0x03c5
34184f6c:	00fd00fd 	.word	0x00fd00fd
34184f70:	00fd03bf 	.word	0x00fd03bf
34184f74:	00fd00fd 	.word	0x00fd00fd
34184f78:	00fd03a0 	.word	0x00fd03a0
34184f7c:	028800fd 	.word	0x028800fd
34184f80:	00fd0299 	.word	0x00fd0299
34184f84:	03d50293 	.word	0x03d50293
34184f88:	03cf00fd 	.word	0x03cf00fd
34184f8c:	005b005b 	.word	0x005b005b
34184f90:	005b005b 	.word	0x005b005b
34184f94:	005b005b 	.word	0x005b005b
34184f98:	005b005b 	.word	0x005b005b
34184f9c:	00fd005b 	.word	0x00fd005b
34184fa0:	00fd00fd 	.word	0x00fd00fd
34184fa4:	00fd00fd 	.word	0x00fd00fd
34184fa8:	00fd00fd 	.word	0x00fd00fd
34184fac:	00fd0173 	.word	0x00fd0173
34184fb0:	037d01e0 	.word	0x037d01e0
34184fb4:	01730173 	.word	0x01730173
34184fb8:	00fd0173 	.word	0x00fd0173
34184fbc:	00fd00fd 	.word	0x00fd00fd
34184fc0:	037700fd 	.word	0x037700fd
34184fc4:	00fd00fd 	.word	0x00fd00fd
34184fc8:	00fd0321 	.word	0x00fd0321
34184fcc:	00fd00fd 	.word	0x00fd00fd
34184fd0:	00fd01fc 	.word	0x00fd01fc
34184fd4:	00fd0356 	.word	0x00fd0356
34184fd8:	080300fd 	.word	0x080300fd
34184fdc:	00fd00fd 	.word	0x00fd00fd
34184fe0:	00fd00fd 	.word	0x00fd00fd
34184fe4:	00fd00fd 	.word	0x00fd00fd
34184fe8:	00fd00fd 	.word	0x00fd00fd
34184fec:	00fd0173 	.word	0x00fd0173
34184ff0:	01ae01e0 	.word	0x01ae01e0
34184ff4:	01730173 	.word	0x01730173
34184ff8:	03180173 	.word	0x03180173
34184ffc:	01a801ae 	.word	0x01a801ae
34185000:	02c800fd 	.word	0x02c800fd
34185004:	030900fd 	.word	0x030900fd
34185008:	029e02db 	.word	0x029e02db
3418500c:	00fd01a8 	.word	0x00fd01a8
34185010:	01a601fc 	.word	0x01a601fc
34185014:	00fd023f 	.word	0x00fd023f
34185018:	082e00fd 	.word	0x082e00fd
3418501c:	01a600fd 	.word	0x01a600fd
34185020:	f1a4 0330 	sub.w	r3, r4, #48	@ 0x30
34185024:	2200      	movs	r2, #0
34185026:	eb02 0282 	add.w	r2, r2, r2, lsl #2
3418502a:	f815 4b01 	ldrb.w	r4, [r5], #1
3418502e:	eb03 0242 	add.w	r2, r3, r2, lsl #1
34185032:	f1a4 0330 	sub.w	r3, r4, #48	@ 0x30
34185036:	2b09      	cmp	r3, #9
34185038:	d9f5      	bls.n	34185026 <_vfprintf_r+0x1be>
3418503a:	9208      	str	r2, [sp, #32]
3418503c:	e78e      	b.n	34184f5c <_vfprintf_r+0xf4>
3418503e:	9d03      	ldr	r5, [sp, #12]
34185040:	4658      	mov	r0, fp
34185042:	4629      	mov	r1, r5
34185044:	f002 fbf8 	bl	34187838 <__swsetup_r>
34185048:	2800      	cmp	r0, #0
3418504a:	f041 8704 	bne.w	34186e56 <_vfprintf_r+0x1fee>
3418504e:	f9b5 300c 	ldrsh.w	r3, [r5, #12]
34185052:	f003 021a 	and.w	r2, r3, #26
34185056:	2a0a      	cmp	r2, #10
34185058:	f47f af4b 	bne.w	34184ef2 <_vfprintf_r+0x8a>
3418505c:	9903      	ldr	r1, [sp, #12]
3418505e:	f9b1 200e 	ldrsh.w	r2, [r1, #14]
34185062:	2a00      	cmp	r2, #0
34185064:	f6ff af45 	blt.w	34184ef2 <_vfprintf_r+0x8a>
34185068:	6e4a      	ldr	r2, [r1, #100]	@ 0x64
3418506a:	07d2      	lsls	r2, r2, #31
3418506c:	d402      	bmi.n	34185074 <_vfprintf_r+0x20c>
3418506e:	059f      	lsls	r7, r3, #22
34185070:	f141 82ab 	bpl.w	341865ca <_vfprintf_r+0x1762>
34185074:	4623      	mov	r3, r4
34185076:	9a06      	ldr	r2, [sp, #24]
34185078:	9903      	ldr	r1, [sp, #12]
3418507a:	4658      	mov	r0, fp
3418507c:	f001 ff86 	bl	34186f8c <__sbprintf>
34185080:	9007      	str	r0, [sp, #28]
34185082:	9807      	ldr	r0, [sp, #28]
34185084:	b053      	add	sp, #332	@ 0x14c
34185086:	ecbd 8b02 	vpop	{d8}
3418508a:	e8bd 8ff0 	ldmia.w	sp!, {r4, r5, r6, r7, r8, r9, sl, fp, pc}
3418508e:	2208      	movs	r2, #8
34185090:	2100      	movs	r1, #0
34185092:	4648      	mov	r0, r9
34185094:	f7ff f93c 	bl	34184310 <memset>
34185098:	2301      	movs	r3, #1
3418509a:	441d      	add	r5, r3
3418509c:	e738      	b.n	34184f10 <_vfprintf_r+0xa8>
3418509e:	9b06      	ldr	r3, [sp, #24]
341850a0:	4604      	mov	r4, r0
341850a2:	1aee      	subs	r6, r5, r3
341850a4:	d011      	beq.n	341850ca <_vfprintf_r+0x262>
341850a6:	9b06      	ldr	r3, [sp, #24]
341850a8:	9927      	ldr	r1, [sp, #156]	@ 0x9c
341850aa:	e9c7 3600 	strd	r3, r6, [r7]
341850ae:	3101      	adds	r1, #1
341850b0:	9b28      	ldr	r3, [sp, #160]	@ 0xa0
341850b2:	2907      	cmp	r1, #7
341850b4:	4433      	add	r3, r6
341850b6:	9127      	str	r1, [sp, #156]	@ 0x9c
341850b8:	9328      	str	r3, [sp, #160]	@ 0xa0
341850ba:	dc10      	bgt.n	341850de <_vfprintf_r+0x276>
341850bc:	3708      	adds	r7, #8
341850be:	9b07      	ldr	r3, [sp, #28]
341850c0:	4433      	add	r3, r6
341850c2:	9307      	str	r3, [sp, #28]
341850c4:	2c00      	cmp	r4, #0
341850c6:	f47f af3f 	bne.w	34184f48 <_vfprintf_r+0xe0>
341850ca:	9b28      	ldr	r3, [sp, #160]	@ 0xa0
341850cc:	2b00      	cmp	r3, #0
341850ce:	f041 8264 	bne.w	3418659a <_vfprintf_r+0x1732>
341850d2:	2200      	movs	r2, #0
341850d4:	9b03      	ldr	r3, [sp, #12]
341850d6:	9227      	str	r2, [sp, #156]	@ 0x9c
341850d8:	f9b3 300c 	ldrsh.w	r3, [r3, #12]
341850dc:	e018      	b.n	34185110 <_vfprintf_r+0x2a8>
341850de:	aa26      	add	r2, sp, #152	@ 0x98
341850e0:	9903      	ldr	r1, [sp, #12]
341850e2:	4658      	mov	r0, fp
341850e4:	f002 faec 	bl	341876c0 <__sprint_r>
341850e8:	b978      	cbnz	r0, 3418510a <_vfprintf_r+0x2a2>
341850ea:	af29      	add	r7, sp, #164	@ 0xa4
341850ec:	e7e7      	b.n	341850be <_vfprintf_r+0x256>
341850ee:	aa26      	add	r2, sp, #152	@ 0x98
341850f0:	9903      	ldr	r1, [sp, #12]
341850f2:	4658      	mov	r0, fp
341850f4:	f002 fae4 	bl	341876c0 <__sprint_r>
341850f8:	2800      	cmp	r0, #0
341850fa:	f000 809f 	beq.w	3418523c <_vfprintf_r+0x3d4>
341850fe:	9b09      	ldr	r3, [sp, #36]	@ 0x24
34185100:	b11b      	cbz	r3, 3418510a <_vfprintf_r+0x2a2>
34185102:	9909      	ldr	r1, [sp, #36]	@ 0x24
34185104:	4658      	mov	r0, fp
34185106:	f7ff fad5 	bl	341846b4 <_free_r>
3418510a:	9b03      	ldr	r3, [sp, #12]
3418510c:	f9b3 300c 	ldrsh.w	r3, [r3, #12]
34185110:	9a03      	ldr	r2, [sp, #12]
34185112:	6e52      	ldr	r2, [r2, #100]	@ 0x64
34185114:	07d4      	lsls	r4, r2, #31
34185116:	f140 80c4 	bpl.w	341852a2 <_vfprintf_r+0x43a>
3418511a:	065a      	lsls	r2, r3, #25
3418511c:	f101 861b 	bmi.w	34186d56 <_vfprintf_r+0x1eee>
34185120:	9807      	ldr	r0, [sp, #28]
34185122:	b053      	add	sp, #332	@ 0x14c
34185124:	ecbd 8b02 	vpop	{d8}
34185128:	e8bd 8ff0 	ldmia.w	sp!, {r4, r5, r6, r7, r8, r9, sl, fp, pc}
3418512c:	059e      	lsls	r6, r3, #22
3418512e:	f140 8150 	bpl.w	341853d2 <_vfprintf_r+0x56a>
34185132:	049d      	lsls	r5, r3, #18
34185134:	f57f aec3 	bpl.w	34184ebe <_vfprintf_r+0x56>
34185138:	0490      	lsls	r0, r2, #18
3418513a:	f57f aecd 	bpl.w	34184ed8 <_vfprintf_r+0x70>
3418513e:	9b03      	ldr	r3, [sp, #12]
34185140:	899b      	ldrh	r3, [r3, #12]
34185142:	059e      	lsls	r6, r3, #22
34185144:	f101 8607 	bmi.w	34186d56 <_vfprintf_r+0x1eee>
34185148:	9b03      	ldr	r3, [sp, #12]
3418514a:	6d98      	ldr	r0, [r3, #88]	@ 0x58
3418514c:	f7ff f96a 	bl	34184424 <__retarget_lock_release_recursive>
34185150:	f001 be01 	b.w	34186d56 <_vfprintf_r+0x1eee>
34185154:	f3af 8000 	nop.w
	...
34185160:	341c0640 	.word	0x341c0640
34185164:	9506      	str	r5, [sp, #24]
34185166:	2c00      	cmp	r4, #0
34185168:	d0af      	beq.n	341850ca <_vfprintf_r+0x262>
3418516a:	2300      	movs	r3, #0
3418516c:	2201      	movs	r2, #1
3418516e:	ad39      	add	r5, sp, #228	@ 0xe4
34185170:	f88d 40e4 	strb.w	r4, [sp, #228]	@ 0xe4
34185174:	f88d 3067 	strb.w	r3, [sp, #103]	@ 0x67
34185178:	9309      	str	r3, [sp, #36]	@ 0x24
3418517a:	920a      	str	r2, [sp, #40]	@ 0x28
3418517c:	469a      	mov	sl, r3
3418517e:	9310      	str	r3, [sp, #64]	@ 0x40
34185180:	9204      	str	r2, [sp, #16]
34185182:	e9cd 330d 	strd	r3, r3, [sp, #52]	@ 0x34
34185186:	9902      	ldr	r1, [sp, #8]
34185188:	9a28      	ldr	r2, [sp, #160]	@ 0xa0
3418518a:	f011 0184 	ands.w	r1, r1, #132	@ 0x84
3418518e:	4696      	mov	lr, r2
34185190:	910c      	str	r1, [sp, #48]	@ 0x30
34185192:	f000 83a6 	beq.w	341858e2 <_vfprintf_r+0xa7a>
34185196:	f89d 3067 	ldrb.w	r3, [sp, #103]	@ 0x67
3418519a:	b30b      	cbz	r3, 341851e0 <_vfprintf_r+0x378>
3418519c:	f8dd c09c 	ldr.w	ip, [sp, #156]	@ 0x9c
341851a0:	2600      	movs	r6, #0
341851a2:	f10c 0301 	add.w	r3, ip, #1
341851a6:	2101      	movs	r1, #1
341851a8:	3201      	adds	r2, #1
341851aa:	6079      	str	r1, [r7, #4]
341851ac:	2b07      	cmp	r3, #7
341851ae:	f10d 0167 	add.w	r1, sp, #103	@ 0x67
341851b2:	e9cd 3227 	strd	r3, r2, [sp, #156]	@ 0x9c
341851b6:	6039      	str	r1, [r7, #0]
341851b8:	f300 8436 	bgt.w	34185a28 <_vfprintf_r+0xbc0>
341851bc:	3708      	adds	r7, #8
341851be:	b17e      	cbz	r6, 341851e0 <_vfprintf_r+0x378>
341851c0:	f8dd c09c 	ldr.w	ip, [sp, #156]	@ 0x9c
341851c4:	f10c 0301 	add.w	r3, ip, #1
341851c8:	a91a      	add	r1, sp, #104	@ 0x68
341851ca:	3202      	adds	r2, #2
341851cc:	6039      	str	r1, [r7, #0]
341851ce:	2b07      	cmp	r3, #7
341851d0:	f04f 0102 	mov.w	r1, #2
341851d4:	e9cd 3227 	strd	r3, r2, [sp, #156]	@ 0x9c
341851d8:	6079      	str	r1, [r7, #4]
341851da:	f300 8415 	bgt.w	34185a08 <_vfprintf_r+0xba0>
341851de:	3708      	adds	r7, #8
341851e0:	9b0c      	ldr	r3, [sp, #48]	@ 0x30
341851e2:	2b80      	cmp	r3, #128	@ 0x80
341851e4:	f000 8301 	beq.w	341857ea <_vfprintf_r+0x982>
341851e8:	9b0a      	ldr	r3, [sp, #40]	@ 0x28
341851ea:	ebaa 0603 	sub.w	r6, sl, r3
341851ee:	2e00      	cmp	r6, #0
341851f0:	f300 833d 	bgt.w	3418586e <_vfprintf_r+0xa06>
341851f4:	9b02      	ldr	r3, [sp, #8]
341851f6:	05de      	lsls	r6, r3, #23
341851f8:	f100 82a7 	bmi.w	3418574a <_vfprintf_r+0x8e2>
341851fc:	9b0a      	ldr	r3, [sp, #40]	@ 0x28
341851fe:	603d      	str	r5, [r7, #0]
34185200:	441a      	add	r2, r3
34185202:	607b      	str	r3, [r7, #4]
34185204:	9b27      	ldr	r3, [sp, #156]	@ 0x9c
34185206:	9228      	str	r2, [sp, #160]	@ 0xa0
34185208:	3301      	adds	r3, #1
3418520a:	2b07      	cmp	r3, #7
3418520c:	9327      	str	r3, [sp, #156]	@ 0x9c
3418520e:	f300 83b2 	bgt.w	34185976 <_vfprintf_r+0xb0e>
34185212:	3708      	adds	r7, #8
34185214:	9b02      	ldr	r3, [sp, #8]
34185216:	075d      	lsls	r5, r3, #29
34185218:	d505      	bpl.n	34185226 <_vfprintf_r+0x3be>
3418521a:	9b08      	ldr	r3, [sp, #32]
3418521c:	9904      	ldr	r1, [sp, #16]
3418521e:	1a5c      	subs	r4, r3, r1
34185220:	2c00      	cmp	r4, #0
34185222:	f300 840d 	bgt.w	34185a40 <_vfprintf_r+0xbd8>
34185226:	9804      	ldr	r0, [sp, #16]
34185228:	e9dd 3107 	ldrd	r3, r1, [sp, #28]
3418522c:	4281      	cmp	r1, r0
3418522e:	bfac      	ite	ge
34185230:	185b      	addge	r3, r3, r1
34185232:	181b      	addlt	r3, r3, r0
34185234:	9307      	str	r3, [sp, #28]
34185236:	2a00      	cmp	r2, #0
34185238:	f47f af59 	bne.w	341850ee <_vfprintf_r+0x286>
3418523c:	2300      	movs	r3, #0
3418523e:	9327      	str	r3, [sp, #156]	@ 0x9c
34185240:	9b09      	ldr	r3, [sp, #36]	@ 0x24
34185242:	b11b      	cbz	r3, 3418524c <_vfprintf_r+0x3e4>
34185244:	9909      	ldr	r1, [sp, #36]	@ 0x24
34185246:	4658      	mov	r0, fp
34185248:	f7ff fa34 	bl	341846b4 <_free_r>
3418524c:	af29      	add	r7, sp, #164	@ 0xa4
3418524e:	e65e      	b.n	34184f0e <_vfprintf_r+0xa6>
34185250:	9b0b      	ldr	r3, [sp, #44]	@ 0x2c
34185252:	9506      	str	r5, [sp, #24]
34185254:	3307      	adds	r3, #7
34185256:	f023 0307 	bic.w	r3, r3, #7
3418525a:	ecb3 8b02 	vldmia	r3!, {d8}
3418525e:	ed9f 7bac 	vldr	d7, [pc, #688]	@ 34185510 <_vfprintf_r+0x6a8>
34185262:	eeb0 6bc8 	vabs.f64	d6, d8
34185266:	930b      	str	r3, [sp, #44]	@ 0x2c
34185268:	eeb4 6b47 	vcmp.f64	d6, d7
3418526c:	eef1 fa10 	vmrs	APSR_nzcv, fpscr
34185270:	f340 856f 	ble.w	34185d52 <_vfprintf_r+0xeea>
34185274:	eeb5 8bc0 	vcmpe.f64	d8, #0.0
34185278:	9b02      	ldr	r3, [sp, #8]
3418527a:	f023 0380 	bic.w	r3, r3, #128	@ 0x80
3418527e:	eef1 fa10 	vmrs	APSR_nzcv, fpscr
34185282:	9302      	str	r3, [sp, #8]
34185284:	f101 8286 	bmi.w	34186794 <_vfprintf_r+0x192c>
34185288:	2c47      	cmp	r4, #71	@ 0x47
3418528a:	f89d 3067 	ldrb.w	r3, [sp, #103]	@ 0x67
3418528e:	bfcc      	ite	gt
34185290:	4da1      	ldrgt	r5, [pc, #644]	@ (34185518 <_vfprintf_r+0x6b0>)
34185292:	4da2      	ldrle	r5, [pc, #648]	@ (3418551c <_vfprintf_r+0x6b4>)
34185294:	2b00      	cmp	r3, #0
34185296:	f041 84e9 	bne.w	34186c6c <_vfprintf_r+0x1e04>
3418529a:	2203      	movs	r2, #3
3418529c:	9309      	str	r3, [sp, #36]	@ 0x24
3418529e:	920a      	str	r2, [sp, #40]	@ 0x28
341852a0:	e76c      	b.n	3418517c <_vfprintf_r+0x314>
341852a2:	0599      	lsls	r1, r3, #22
341852a4:	f53f af39 	bmi.w	3418511a <_vfprintf_r+0x2b2>
341852a8:	9c03      	ldr	r4, [sp, #12]
341852aa:	6da0      	ldr	r0, [r4, #88]	@ 0x58
341852ac:	f7ff f8ba 	bl	34184424 <__retarget_lock_release_recursive>
341852b0:	f9b4 300c 	ldrsh.w	r3, [r4, #12]
341852b4:	e731      	b.n	3418511a <_vfprintf_r+0x2b2>
341852b6:	782c      	ldrb	r4, [r5, #0]
341852b8:	e64f      	b.n	34184f5a <_vfprintf_r+0xf2>
341852ba:	9b02      	ldr	r3, [sp, #8]
341852bc:	782c      	ldrb	r4, [r5, #0]
341852be:	f043 0320 	orr.w	r3, r3, #32
341852c2:	9302      	str	r3, [sp, #8]
341852c4:	e649      	b.n	34184f5a <_vfprintf_r+0xf2>
341852c6:	9902      	ldr	r1, [sp, #8]
341852c8:	9506      	str	r5, [sp, #24]
341852ca:	0688      	lsls	r0, r1, #26
341852cc:	f140 852f 	bpl.w	34185d2e <_vfprintf_r+0xec6>
341852d0:	9b0b      	ldr	r3, [sp, #44]	@ 0x2c
341852d2:	9102      	str	r1, [sp, #8]
341852d4:	3307      	adds	r3, #7
341852d6:	f023 0207 	bic.w	r2, r3, #7
341852da:	6853      	ldr	r3, [r2, #4]
341852dc:	f852 6b08 	ldr.w	r6, [r2], #8
341852e0:	4698      	mov	r8, r3
341852e2:	920b      	str	r2, [sp, #44]	@ 0x2c
341852e4:	2b00      	cmp	r3, #0
341852e6:	f2c0 81d0 	blt.w	3418568a <_vfprintf_r+0x822>
341852ea:	f1ba 0f00 	cmp.w	sl, #0
341852ee:	f2c0 8091 	blt.w	34185414 <_vfprintf_r+0x5ac>
341852f2:	9b02      	ldr	r3, [sp, #8]
341852f4:	f023 0380 	bic.w	r3, r3, #128	@ 0x80
341852f8:	9302      	str	r3, [sp, #8]
341852fa:	ea56 0308 	orrs.w	r3, r6, r8
341852fe:	f040 8089 	bne.w	34185414 <_vfprintf_r+0x5ac>
34185302:	f1ba 0f00 	cmp.w	sl, #0
34185306:	f040 8085 	bne.w	34185414 <_vfprintf_r+0x5ac>
3418530a:	f89d 0067 	ldrb.w	r0, [sp, #103]	@ 0x67
3418530e:	2800      	cmp	r0, #0
34185310:	f001 8106 	beq.w	34186520 <_vfprintf_r+0x16b8>
34185314:	f1ba 0300 	subs.w	r3, sl, #0
34185318:	ad52      	add	r5, sp, #328	@ 0x148
3418531a:	bf18      	it	ne
3418531c:	2301      	movne	r3, #1
3418531e:	469a      	mov	sl, r3
34185320:	9304      	str	r3, [sp, #16]
34185322:	930d      	str	r3, [sp, #52]	@ 0x34
34185324:	e9cd 3309 	strd	r3, r3, [sp, #36]	@ 0x24
34185328:	e08c      	b.n	34185444 <_vfprintf_r+0x5dc>
3418532a:	2c43      	cmp	r4, #67	@ 0x43
3418532c:	9506      	str	r5, [sp, #24]
3418532e:	f000 86ab 	beq.w	34186088 <_vfprintf_r+0x1220>
34185332:	9b02      	ldr	r3, [sp, #8]
34185334:	06de      	lsls	r6, r3, #27
34185336:	f100 86a7 	bmi.w	34186088 <_vfprintf_r+0x1220>
3418533a:	9b0b      	ldr	r3, [sp, #44]	@ 0x2c
3418533c:	2201      	movs	r2, #1
3418533e:	ad39      	add	r5, sp, #228	@ 0xe4
34185340:	681b      	ldr	r3, [r3, #0]
34185342:	9204      	str	r2, [sp, #16]
34185344:	f88d 30e4 	strb.w	r3, [sp, #228]	@ 0xe4
34185348:	920a      	str	r2, [sp, #40]	@ 0x28
3418534a:	9b0b      	ldr	r3, [sp, #44]	@ 0x2c
3418534c:	3304      	adds	r3, #4
3418534e:	930b      	str	r3, [sp, #44]	@ 0x2c
34185350:	2300      	movs	r3, #0
34185352:	469a      	mov	sl, r3
34185354:	f88d 3067 	strb.w	r3, [sp, #103]	@ 0x67
34185358:	9309      	str	r3, [sp, #36]	@ 0x24
3418535a:	9310      	str	r3, [sp, #64]	@ 0x40
3418535c:	e9cd 330d 	strd	r3, r3, [sp, #52]	@ 0x34
34185360:	e711      	b.n	34185186 <_vfprintf_r+0x31e>
34185362:	f8dd 802c 	ldr.w	r8, [sp, #44]	@ 0x2c
34185366:	2300      	movs	r3, #0
34185368:	9506      	str	r5, [sp, #24]
3418536a:	f858 5b04 	ldr.w	r5, [r8], #4
3418536e:	f88d 3067 	strb.w	r3, [sp, #103]	@ 0x67
34185372:	2d00      	cmp	r5, #0
34185374:	f000 8670 	beq.w	34186058 <_vfprintf_r+0x11f0>
34185378:	2c53      	cmp	r4, #83	@ 0x53
3418537a:	f000 870c 	beq.w	34186196 <_vfprintf_r+0x132e>
3418537e:	9b02      	ldr	r3, [sp, #8]
34185380:	f013 0310 	ands.w	r3, r3, #16
34185384:	930d      	str	r3, [sp, #52]	@ 0x34
34185386:	f040 8706 	bne.w	34186196 <_vfprintf_r+0x132e>
3418538a:	f1ba 0f00 	cmp.w	sl, #0
3418538e:	f2c1 810e 	blt.w	341865ae <_vfprintf_r+0x1746>
34185392:	4652      	mov	r2, sl
34185394:	990d      	ldr	r1, [sp, #52]	@ 0x34
34185396:	4628      	mov	r0, r5
34185398:	f002 fbfc 	bl	34187b94 <memchr>
3418539c:	f89d 3067 	ldrb.w	r3, [sp, #103]	@ 0x67
341853a0:	9009      	str	r0, [sp, #36]	@ 0x24
341853a2:	2800      	cmp	r0, #0
341853a4:	f001 841a 	beq.w	34186bdc <_vfprintf_r+0x1d74>
341853a8:	9a09      	ldr	r2, [sp, #36]	@ 0x24
341853aa:	1b52      	subs	r2, r2, r5
341853ac:	920a      	str	r2, [sp, #40]	@ 0x28
341853ae:	ea22 72e2 	bic.w	r2, r2, r2, asr #31
341853b2:	9204      	str	r2, [sp, #16]
341853b4:	b10b      	cbz	r3, 341853ba <_vfprintf_r+0x552>
341853b6:	3201      	adds	r2, #1
341853b8:	9204      	str	r2, [sp, #16]
341853ba:	f8dd a034 	ldr.w	sl, [sp, #52]	@ 0x34
341853be:	2473      	movs	r4, #115	@ 0x73
341853c0:	f8cd 802c 	str.w	r8, [sp, #44]	@ 0x2c
341853c4:	f8cd a040 	str.w	sl, [sp, #64]	@ 0x40
341853c8:	f8cd a038 	str.w	sl, [sp, #56]	@ 0x38
341853cc:	f8cd a024 	str.w	sl, [sp, #36]	@ 0x24
341853d0:	e6d9      	b.n	34185186 <_vfprintf_r+0x31e>
341853d2:	9d03      	ldr	r5, [sp, #12]
341853d4:	6da8      	ldr	r0, [r5, #88]	@ 0x58
341853d6:	f7ff f823 	bl	34184420 <__retarget_lock_acquire_recursive>
341853da:	f9b5 300c 	ldrsh.w	r3, [r5, #12]
341853de:	6e6a      	ldr	r2, [r5, #100]	@ 0x64
341853e0:	0499      	lsls	r1, r3, #18
341853e2:	f53f ad73 	bmi.w	34184ecc <_vfprintf_r+0x64>
341853e6:	e56a      	b.n	34184ebe <_vfprintf_r+0x56>
341853e8:	9b02      	ldr	r3, [sp, #8]
341853ea:	9506      	str	r5, [sp, #24]
341853ec:	069a      	lsls	r2, r3, #26
341853ee:	f140 8580 	bpl.w	34185ef2 <_vfprintf_r+0x108a>
341853f2:	4619      	mov	r1, r3
341853f4:	9b0b      	ldr	r3, [sp, #44]	@ 0x2c
341853f6:	2200      	movs	r2, #0
341853f8:	3307      	adds	r3, #7
341853fa:	4592      	cmp	sl, r2
341853fc:	f88d 2067 	strb.w	r2, [sp, #103]	@ 0x67
34185400:	f023 0307 	bic.w	r3, r3, #7
34185404:	f8d3 8004 	ldr.w	r8, [r3, #4]
34185408:	f853 6b08 	ldr.w	r6, [r3], #8
3418540c:	930b      	str	r3, [sp, #44]	@ 0x2c
3418540e:	f280 8476 	bge.w	34185cfe <_vfprintf_r+0xe96>
34185412:	9102      	str	r1, [sp, #8]
34185414:	2e0a      	cmp	r6, #10
34185416:	f178 0300 	sbcs.w	r3, r8, #0
3418541a:	f080 8714 	bcs.w	34186246 <_vfprintf_r+0x13de>
3418541e:	4653      	mov	r3, sl
34185420:	3630      	adds	r6, #48	@ 0x30
34185422:	f89d 0067 	ldrb.w	r0, [sp, #103]	@ 0x67
34185426:	f20d 1547 	addw	r5, sp, #327	@ 0x147
3418542a:	2b01      	cmp	r3, #1
3418542c:	f88d 6147 	strb.w	r6, [sp, #327]	@ 0x147
34185430:	bfb8      	it	lt
34185432:	2301      	movlt	r3, #1
34185434:	9304      	str	r3, [sp, #16]
34185436:	2300      	movs	r3, #0
34185438:	930d      	str	r3, [sp, #52]	@ 0x34
3418543a:	2301      	movs	r3, #1
3418543c:	930a      	str	r3, [sp, #40]	@ 0x28
3418543e:	2300      	movs	r3, #0
34185440:	9309      	str	r3, [sp, #36]	@ 0x24
34185442:	b110      	cbz	r0, 3418544a <_vfprintf_r+0x5e2>
34185444:	9b04      	ldr	r3, [sp, #16]
34185446:	3301      	adds	r3, #1
34185448:	9304      	str	r3, [sp, #16]
3418544a:	9b0d      	ldr	r3, [sp, #52]	@ 0x34
3418544c:	2b00      	cmp	r3, #0
3418544e:	f001 857d 	beq.w	34186f4c <_vfprintf_r+0x20e4>
34185452:	9b04      	ldr	r3, [sp, #16]
34185454:	9e02      	ldr	r6, [sp, #8]
34185456:	3302      	adds	r3, #2
34185458:	f016 0684 	ands.w	r6, r6, #132	@ 0x84
3418545c:	9304      	str	r3, [sp, #16]
3418545e:	960c      	str	r6, [sp, #48]	@ 0x30
34185460:	e9dd c227 	ldrd	ip, r2, [sp, #156]	@ 0x9c
34185464:	4696      	mov	lr, r2
34185466:	4661      	mov	r1, ip
34185468:	f000 8247 	beq.w	341858fa <_vfprintf_r+0xa92>
3418546c:	2800      	cmp	r0, #0
3418546e:	f040 8320 	bne.w	34185ab2 <_vfprintf_r+0xc4a>
34185472:	9010      	str	r0, [sp, #64]	@ 0x40
34185474:	e9cd 000d 	strd	r0, r0, [sp, #52]	@ 0x34
34185478:	e6a4      	b.n	341851c4 <_vfprintf_r+0x35c>
3418547a:	9b0b      	ldr	r3, [sp, #44]	@ 0x2c
3418547c:	f853 2b04 	ldr.w	r2, [r3], #4
34185480:	2a00      	cmp	r2, #0
34185482:	9208      	str	r2, [sp, #32]
34185484:	f280 8437 	bge.w	34185cf6 <_vfprintf_r+0xe8e>
34185488:	9a08      	ldr	r2, [sp, #32]
3418548a:	930b      	str	r3, [sp, #44]	@ 0x2c
3418548c:	4252      	negs	r2, r2
3418548e:	9208      	str	r2, [sp, #32]
34185490:	9b02      	ldr	r3, [sp, #8]
34185492:	782c      	ldrb	r4, [r5, #0]
34185494:	f043 0304 	orr.w	r3, r3, #4
34185498:	9302      	str	r3, [sp, #8]
3418549a:	e55e      	b.n	34184f5a <_vfprintf_r+0xf2>
3418549c:	232b      	movs	r3, #43	@ 0x2b
3418549e:	782c      	ldrb	r4, [r5, #0]
341854a0:	f88d 3067 	strb.w	r3, [sp, #103]	@ 0x67
341854a4:	e559      	b.n	34184f5a <_vfprintf_r+0xf2>
341854a6:	2100      	movs	r1, #0
341854a8:	9a0b      	ldr	r2, [sp, #44]	@ 0x2c
341854aa:	f647 0330 	movw	r3, #30768	@ 0x7830
341854ae:	9506      	str	r5, [sp, #24]
341854b0:	f852 0b04 	ldr.w	r0, [r2], #4
341854b4:	458a      	cmp	sl, r1
341854b6:	f8ad 3068 	strh.w	r3, [sp, #104]	@ 0x68
341854ba:	f88d 1067 	strb.w	r1, [sp, #103]	@ 0x67
341854be:	4603      	mov	r3, r0
341854c0:	f2c0 8584 	blt.w	34185fcc <_vfprintf_r+0x1164>
341854c4:	9c02      	ldr	r4, [sp, #8]
341854c6:	f024 0480 	bic.w	r4, r4, #128	@ 0x80
341854ca:	f044 0402 	orr.w	r4, r4, #2
341854ce:	9402      	str	r4, [sp, #8]
341854d0:	2800      	cmp	r0, #0
341854d2:	f040 873b 	bne.w	3418634c <_vfprintf_r+0x14e4>
341854d6:	f1ba 0f00 	cmp.w	sl, #0
341854da:	f040 8737 	bne.w	3418634c <_vfprintf_r+0x14e4>
341854de:	2302      	movs	r3, #2
341854e0:	2478      	movs	r4, #120	@ 0x78
341854e2:	920b      	str	r2, [sp, #44]	@ 0x2c
341854e4:	930d      	str	r3, [sp, #52]	@ 0x34
341854e6:	f04f 0a00 	mov.w	sl, #0
341854ea:	f89d 0067 	ldrb.w	r0, [sp, #103]	@ 0x67
341854ee:	ad52      	add	r5, sp, #328	@ 0x148
341854f0:	f8cd a010 	str.w	sl, [sp, #16]
341854f4:	f8cd a028 	str.w	sl, [sp, #40]	@ 0x28
341854f8:	e7a1      	b.n	3418543e <_vfprintf_r+0x5d6>
341854fa:	782c      	ldrb	r4, [r5, #0]
341854fc:	9b02      	ldr	r3, [sp, #8]
341854fe:	2c6c      	cmp	r4, #108	@ 0x6c
34185500:	f000 859c 	beq.w	3418603c <_vfprintf_r+0x11d4>
34185504:	f043 0310 	orr.w	r3, r3, #16
34185508:	9302      	str	r3, [sp, #8]
3418550a:	e526      	b.n	34184f5a <_vfprintf_r+0xf2>
3418550c:	f3af 8000 	nop.w
34185510:	ffffffff 	.word	0xffffffff
34185514:	7fefffff 	.word	0x7fefffff
34185518:	3418ac34 	.word	0x3418ac34
3418551c:	3418ac30 	.word	0x3418ac30
34185520:	9802      	ldr	r0, [sp, #8]
34185522:	9506      	str	r5, [sp, #24]
34185524:	0685      	lsls	r5, r0, #26
34185526:	f140 8505 	bpl.w	34185f34 <_vfprintf_r+0x10cc>
3418552a:	9b0b      	ldr	r3, [sp, #44]	@ 0x2c
3418552c:	3307      	adds	r3, #7
3418552e:	f023 0307 	bic.w	r3, r3, #7
34185532:	461a      	mov	r2, r3
34185534:	6859      	ldr	r1, [r3, #4]
34185536:	f852 3b08 	ldr.w	r3, [r2], #8
3418553a:	920b      	str	r2, [sp, #44]	@ 0x2c
3418553c:	2200      	movs	r2, #0
3418553e:	4592      	cmp	sl, r2
34185540:	f88d 2067 	strb.w	r2, [sp, #103]	@ 0x67
34185544:	db43      	blt.n	341855ce <_vfprintf_r+0x766>
34185546:	f420 6290 	bic.w	r2, r0, #1152	@ 0x480
3418554a:	9202      	str	r2, [sp, #8]
3418554c:	d142      	bne.n	341855d4 <_vfprintf_r+0x76c>
3418554e:	ea53 0201 	orrs.w	r2, r3, r1
34185552:	bf14      	ite	ne
34185554:	2201      	movne	r2, #1
34185556:	2200      	moveq	r2, #0
34185558:	d13c      	bne.n	341855d4 <_vfprintf_r+0x76c>
3418555a:	f010 0101 	ands.w	r1, r0, #1
3418555e:	9104      	str	r1, [sp, #16]
34185560:	f000 82ae 	beq.w	34185ac0 <_vfprintf_r+0xc58>
34185564:	2330      	movs	r3, #48	@ 0x30
34185566:	4692      	mov	sl, r2
34185568:	f20d 1547 	addw	r5, sp, #327	@ 0x147
3418556c:	9210      	str	r2, [sp, #64]	@ 0x40
3418556e:	f88d 3147 	strb.w	r3, [sp, #327]	@ 0x147
34185572:	e9cd 2109 	strd	r2, r1, [sp, #36]	@ 0x24
34185576:	e9cd 220d 	strd	r2, r2, [sp, #52]	@ 0x34
3418557a:	e604      	b.n	34185186 <_vfprintf_r+0x31e>
3418557c:	9902      	ldr	r1, [sp, #8]
3418557e:	9a0b      	ldr	r2, [sp, #44]	@ 0x2c
34185580:	068c      	lsls	r4, r1, #26
34185582:	9506      	str	r5, [sp, #24]
34185584:	f102 0304 	add.w	r3, r2, #4
34185588:	f140 84a1 	bpl.w	34185ece <_vfprintf_r+0x1066>
3418558c:	6812      	ldr	r2, [r2, #0]
3418558e:	9907      	ldr	r1, [sp, #28]
34185590:	6011      	str	r1, [r2, #0]
34185592:	17c9      	asrs	r1, r1, #31
34185594:	6051      	str	r1, [r2, #4]
34185596:	930b      	str	r3, [sp, #44]	@ 0x2c
34185598:	e4b9      	b.n	34184f0e <_vfprintf_r+0xa6>
3418559a:	782c      	ldrb	r4, [r5, #0]
3418559c:	9b02      	ldr	r3, [sp, #8]
3418559e:	2c68      	cmp	r4, #104	@ 0x68
341855a0:	f000 8553 	beq.w	3418604a <_vfprintf_r+0x11e2>
341855a4:	f043 0340 	orr.w	r3, r3, #64	@ 0x40
341855a8:	9302      	str	r3, [sp, #8]
341855aa:	e4d6      	b.n	34184f5a <_vfprintf_r+0xf2>
341855ac:	9b02      	ldr	r3, [sp, #8]
341855ae:	9506      	str	r5, [sp, #24]
341855b0:	069e      	lsls	r6, r3, #26
341855b2:	f043 0010 	orr.w	r0, r3, #16
341855b6:	d4b8      	bmi.n	3418552a <_vfprintf_r+0x6c2>
341855b8:	9b0b      	ldr	r3, [sp, #44]	@ 0x2c
341855ba:	1d1a      	adds	r2, r3, #4
341855bc:	9b0b      	ldr	r3, [sp, #44]	@ 0x2c
341855be:	2100      	movs	r1, #0
341855c0:	920b      	str	r2, [sp, #44]	@ 0x2c
341855c2:	2200      	movs	r2, #0
341855c4:	681b      	ldr	r3, [r3, #0]
341855c6:	4592      	cmp	sl, r2
341855c8:	f88d 2067 	strb.w	r2, [sp, #103]	@ 0x67
341855cc:	dabb      	bge.n	34185546 <_vfprintf_r+0x6de>
341855ce:	f420 6280 	bic.w	r2, r0, #1024	@ 0x400
341855d2:	9202      	str	r2, [sp, #8]
341855d4:	ad52      	add	r5, sp, #328	@ 0x148
341855d6:	f003 0207 	and.w	r2, r3, #7
341855da:	08db      	lsrs	r3, r3, #3
341855dc:	4628      	mov	r0, r5
341855de:	ea43 7341 	orr.w	r3, r3, r1, lsl #29
341855e2:	3230      	adds	r2, #48	@ 0x30
341855e4:	08c9      	lsrs	r1, r1, #3
341855e6:	f805 2d01 	strb.w	r2, [r5, #-1]!
341855ea:	ea53 0601 	orrs.w	r6, r3, r1
341855ee:	d1f2      	bne.n	341855d6 <_vfprintf_r+0x76e>
341855f0:	2a30      	cmp	r2, #48	@ 0x30
341855f2:	d003      	beq.n	341855fc <_vfprintf_r+0x794>
341855f4:	9b02      	ldr	r3, [sp, #8]
341855f6:	07db      	lsls	r3, r3, #31
341855f8:	f100 84ac 	bmi.w	34185f54 <_vfprintf_r+0x10ec>
341855fc:	ab52      	add	r3, sp, #328	@ 0x148
341855fe:	1b5b      	subs	r3, r3, r5
34185600:	4553      	cmp	r3, sl
34185602:	930a      	str	r3, [sp, #40]	@ 0x28
34185604:	bfb8      	it	lt
34185606:	4653      	movlt	r3, sl
34185608:	9304      	str	r3, [sp, #16]
3418560a:	2300      	movs	r3, #0
3418560c:	9309      	str	r3, [sp, #36]	@ 0x24
3418560e:	9310      	str	r3, [sp, #64]	@ 0x40
34185610:	e9cd 330d 	strd	r3, r3, [sp, #52]	@ 0x34
34185614:	e5b7      	b.n	34185186 <_vfprintf_r+0x31e>
34185616:	9b02      	ldr	r3, [sp, #8]
34185618:	9506      	str	r5, [sp, #24]
3418561a:	0698      	lsls	r0, r3, #26
3418561c:	f043 0110 	orr.w	r1, r3, #16
34185620:	f53f aee8 	bmi.w	341853f4 <_vfprintf_r+0x58c>
34185624:	9b0b      	ldr	r3, [sp, #44]	@ 0x2c
34185626:	1d1a      	adds	r2, r3, #4
34185628:	f04f 0800 	mov.w	r8, #0
3418562c:	9b0b      	ldr	r3, [sp, #44]	@ 0x2c
3418562e:	45c2      	cmp	sl, r8
34185630:	681b      	ldr	r3, [r3, #0]
34185632:	f88d 8067 	strb.w	r8, [sp, #103]	@ 0x67
34185636:	461e      	mov	r6, r3
34185638:	f2c1 8013 	blt.w	34186662 <_vfprintf_r+0x17fa>
3418563c:	f021 0180 	bic.w	r1, r1, #128	@ 0x80
34185640:	920b      	str	r2, [sp, #44]	@ 0x2c
34185642:	9102      	str	r1, [sp, #8]
34185644:	f47f aee6 	bne.w	34185414 <_vfprintf_r+0x5ac>
34185648:	2b00      	cmp	r3, #0
3418564a:	f47f aee3 	bne.w	34185414 <_vfprintf_r+0x5ac>
3418564e:	1adb      	subs	r3, r3, r3
34185650:	bf18      	it	ne
34185652:	2301      	movne	r3, #1
34185654:	930d      	str	r3, [sp, #52]	@ 0x34
34185656:	e746      	b.n	341854e6 <_vfprintf_r+0x67e>
34185658:	9b02      	ldr	r3, [sp, #8]
3418565a:	782c      	ldrb	r4, [r5, #0]
3418565c:	f043 0308 	orr.w	r3, r3, #8
34185660:	9302      	str	r3, [sp, #8]
34185662:	e47a      	b.n	34184f5a <_vfprintf_r+0xf2>
34185664:	9b02      	ldr	r3, [sp, #8]
34185666:	9506      	str	r5, [sp, #24]
34185668:	069d      	lsls	r5, r3, #26
3418566a:	f043 0110 	orr.w	r1, r3, #16
3418566e:	f53f ae2f 	bmi.w	341852d0 <_vfprintf_r+0x468>
34185672:	9b0b      	ldr	r3, [sp, #44]	@ 0x2c
34185674:	1d1a      	adds	r2, r3, #4
34185676:	9b0b      	ldr	r3, [sp, #44]	@ 0x2c
34185678:	9102      	str	r1, [sp, #8]
3418567a:	681e      	ldr	r6, [r3, #0]
3418567c:	920b      	str	r2, [sp, #44]	@ 0x2c
3418567e:	ea4f 78e6 	mov.w	r8, r6, asr #31
34185682:	4643      	mov	r3, r8
34185684:	2b00      	cmp	r3, #0
34185686:	f6bf ae30 	bge.w	341852ea <_vfprintf_r+0x482>
3418568a:	4276      	negs	r6, r6
3418568c:	f04f 032d 	mov.w	r3, #45	@ 0x2d
34185690:	eb68 0848 	sbc.w	r8, r8, r8, lsl #1
34185694:	f1ba 0f00 	cmp.w	sl, #0
34185698:	f88d 3067 	strb.w	r3, [sp, #103]	@ 0x67
3418569c:	f6ff aeba 	blt.w	34185414 <_vfprintf_r+0x5ac>
341856a0:	9b02      	ldr	r3, [sp, #8]
341856a2:	f023 0380 	bic.w	r3, r3, #128	@ 0x80
341856a6:	9302      	str	r3, [sp, #8]
341856a8:	e6b4      	b.n	34185414 <_vfprintf_r+0x5ac>
341856aa:	4658      	mov	r0, fp
341856ac:	f002 fa00 	bl	34187ab0 <_localeconv_r>
341856b0:	6843      	ldr	r3, [r0, #4]
341856b2:	4618      	mov	r0, r3
341856b4:	9315      	str	r3, [sp, #84]	@ 0x54
341856b6:	f7fe ff2d 	bl	34184514 <strlen>
341856ba:	9014      	str	r0, [sp, #80]	@ 0x50
341856bc:	4606      	mov	r6, r0
341856be:	4658      	mov	r0, fp
341856c0:	f002 f9f6 	bl	34187ab0 <_localeconv_r>
341856c4:	6883      	ldr	r3, [r0, #8]
341856c6:	782c      	ldrb	r4, [r5, #0]
341856c8:	9316      	str	r3, [sp, #88]	@ 0x58
341856ca:	2e00      	cmp	r6, #0
341856cc:	f43f ac45 	beq.w	34184f5a <_vfprintf_r+0xf2>
341856d0:	2b00      	cmp	r3, #0
341856d2:	f43f ac42 	beq.w	34184f5a <_vfprintf_r+0xf2>
341856d6:	781b      	ldrb	r3, [r3, #0]
341856d8:	2b00      	cmp	r3, #0
341856da:	f43f ac3e 	beq.w	34184f5a <_vfprintf_r+0xf2>
341856de:	9b02      	ldr	r3, [sp, #8]
341856e0:	f443 6380 	orr.w	r3, r3, #1024	@ 0x400
341856e4:	9302      	str	r3, [sp, #8]
341856e6:	e438      	b.n	34184f5a <_vfprintf_r+0xf2>
341856e8:	9b02      	ldr	r3, [sp, #8]
341856ea:	782c      	ldrb	r4, [r5, #0]
341856ec:	f043 0301 	orr.w	r3, r3, #1
341856f0:	9302      	str	r3, [sp, #8]
341856f2:	e432      	b.n	34184f5a <_vfprintf_r+0xf2>
341856f4:	f89d 3067 	ldrb.w	r3, [sp, #103]	@ 0x67
341856f8:	782c      	ldrb	r4, [r5, #0]
341856fa:	2b00      	cmp	r3, #0
341856fc:	f47f ac2d 	bne.w	34184f5a <_vfprintf_r+0xf2>
34185700:	2320      	movs	r3, #32
34185702:	f88d 3067 	strb.w	r3, [sp, #103]	@ 0x67
34185706:	e428      	b.n	34184f5a <_vfprintf_r+0xf2>
34185708:	9b02      	ldr	r3, [sp, #8]
3418570a:	782c      	ldrb	r4, [r5, #0]
3418570c:	f043 0380 	orr.w	r3, r3, #128	@ 0x80
34185710:	9302      	str	r3, [sp, #8]
34185712:	e422      	b.n	34184f5a <_vfprintf_r+0xf2>
34185714:	462a      	mov	r2, r5
34185716:	f812 4b01 	ldrb.w	r4, [r2], #1
3418571a:	2c2a      	cmp	r4, #42	@ 0x2a
3418571c:	f001 83a8 	beq.w	34186e70 <_vfprintf_r+0x2008>
34185720:	f1a4 0330 	sub.w	r3, r4, #48	@ 0x30
34185724:	2b09      	cmp	r3, #9
34185726:	f201 81b5 	bhi.w	34186a94 <_vfprintf_r+0x1c2c>
3418572a:	f04f 0a00 	mov.w	sl, #0
3418572e:	eb0a 0a8a 	add.w	sl, sl, sl, lsl #2
34185732:	f812 4b01 	ldrb.w	r4, [r2], #1
34185736:	eb03 0a4a 	add.w	sl, r3, sl, lsl #1
3418573a:	f1a4 0330 	sub.w	r3, r4, #48	@ 0x30
3418573e:	2b09      	cmp	r3, #9
34185740:	d9f5      	bls.n	3418572e <_vfprintf_r+0x8c6>
34185742:	ea4a 7aea 	orr.w	sl, sl, sl, asr #31
34185746:	4615      	mov	r5, r2
34185748:	e408      	b.n	34184f5c <_vfprintf_r+0xf4>
3418574a:	2c65      	cmp	r4, #101	@ 0x65
3418574c:	f340 811e 	ble.w	3418598c <_vfprintf_r+0xb24>
34185750:	eeb5 8b40 	vcmp.f64	d8, #0.0
34185754:	eef1 fa10 	vmrs	APSR_nzcv, fpscr
34185758:	f040 80de 	bne.w	34185918 <_vfprintf_r+0xab0>
3418575c:	9b27      	ldr	r3, [sp, #156]	@ 0x9c
3418575e:	3201      	adds	r2, #1
34185760:	49af      	ldr	r1, [pc, #700]	@ (34185a20 <_vfprintf_r+0xbb8>)
34185762:	3301      	adds	r3, #1
34185764:	9228      	str	r2, [sp, #160]	@ 0xa0
34185766:	6039      	str	r1, [r7, #0]
34185768:	2101      	movs	r1, #1
3418576a:	2b07      	cmp	r3, #7
3418576c:	9327      	str	r3, [sp, #156]	@ 0x9c
3418576e:	6079      	str	r1, [r7, #4]
34185770:	f300 8505 	bgt.w	3418617e <_vfprintf_r+0x1316>
34185774:	3708      	adds	r7, #8
34185776:	9b1b      	ldr	r3, [sp, #108]	@ 0x6c
34185778:	990f      	ldr	r1, [sp, #60]	@ 0x3c
3418577a:	428b      	cmp	r3, r1
3418577c:	f280 82b6 	bge.w	34185cec <_vfprintf_r+0xe84>
34185780:	9b11      	ldr	r3, [sp, #68]	@ 0x44
34185782:	9912      	ldr	r1, [sp, #72]	@ 0x48
34185784:	441a      	add	r2, r3
34185786:	e9c7 1300 	strd	r1, r3, [r7]
3418578a:	9b27      	ldr	r3, [sp, #156]	@ 0x9c
3418578c:	9228      	str	r2, [sp, #160]	@ 0xa0
3418578e:	3301      	adds	r3, #1
34185790:	2b07      	cmp	r3, #7
34185792:	9327      	str	r3, [sp, #156]	@ 0x9c
34185794:	f300 8446 	bgt.w	34186024 <_vfprintf_r+0x11bc>
34185798:	3708      	adds	r7, #8
3418579a:	9b0f      	ldr	r3, [sp, #60]	@ 0x3c
3418579c:	1e5c      	subs	r4, r3, #1
3418579e:	2c00      	cmp	r4, #0
341857a0:	f77f ad38 	ble.w	34185214 <_vfprintf_r+0x3ac>
341857a4:	2c10      	cmp	r4, #16
341857a6:	9b27      	ldr	r3, [sp, #156]	@ 0x9c
341857a8:	f341 832b 	ble.w	34186e02 <_vfprintf_r+0x1f9a>
341857ac:	2510      	movs	r5, #16
341857ae:	4e9d      	ldr	r6, [pc, #628]	@ (34185a24 <_vfprintf_r+0xbbc>)
341857b0:	f8dd 800c 	ldr.w	r8, [sp, #12]
341857b4:	e003      	b.n	341857be <_vfprintf_r+0x956>
341857b6:	3c10      	subs	r4, #16
341857b8:	2c10      	cmp	r4, #16
341857ba:	f340 85ba 	ble.w	34186332 <_vfprintf_r+0x14ca>
341857be:	3301      	adds	r3, #1
341857c0:	3210      	adds	r2, #16
341857c2:	2b07      	cmp	r3, #7
341857c4:	e9c7 6500 	strd	r6, r5, [r7]
341857c8:	e9cd 3227 	strd	r3, r2, [sp, #156]	@ 0x9c
341857cc:	f107 0708 	add.w	r7, r7, #8
341857d0:	ddf1      	ble.n	341857b6 <_vfprintf_r+0x94e>
341857d2:	aa26      	add	r2, sp, #152	@ 0x98
341857d4:	4641      	mov	r1, r8
341857d6:	4658      	mov	r0, fp
341857d8:	f001 ff72 	bl	341876c0 <__sprint_r>
341857dc:	2800      	cmp	r0, #0
341857de:	f47f ac8e 	bne.w	341850fe <_vfprintf_r+0x296>
341857e2:	af29      	add	r7, sp, #164	@ 0xa4
341857e4:	e9dd 3227 	ldrd	r3, r2, [sp, #156]	@ 0x9c
341857e8:	e7e5      	b.n	341857b6 <_vfprintf_r+0x94e>
341857ea:	9b08      	ldr	r3, [sp, #32]
341857ec:	9904      	ldr	r1, [sp, #16]
341857ee:	1a5e      	subs	r6, r3, r1
341857f0:	2e00      	cmp	r6, #0
341857f2:	f77f acf9 	ble.w	341851e8 <_vfprintf_r+0x380>
341857f6:	2e10      	cmp	r6, #16
341857f8:	9b27      	ldr	r3, [sp, #156]	@ 0x9c
341857fa:	f341 819f 	ble.w	34186b3c <_vfprintf_r+0x1cd4>
341857fe:	46a8      	mov	r8, r5
34185800:	4619      	mov	r1, r3
34185802:	4625      	mov	r5, r4
34185804:	4c87      	ldr	r4, [pc, #540]	@ (34185a24 <_vfprintf_r+0xbbc>)
34185806:	e002      	b.n	3418580e <_vfprintf_r+0x9a6>
34185808:	3e10      	subs	r6, #16
3418580a:	2e10      	cmp	r6, #16
3418580c:	dd19      	ble.n	34185842 <_vfprintf_r+0x9da>
3418580e:	3101      	adds	r1, #1
34185810:	3210      	adds	r2, #16
34185812:	2310      	movs	r3, #16
34185814:	603c      	str	r4, [r7, #0]
34185816:	2907      	cmp	r1, #7
34185818:	f107 0708 	add.w	r7, r7, #8
3418581c:	f847 3c04 	str.w	r3, [r7, #-4]
34185820:	e9cd 1227 	strd	r1, r2, [sp, #156]	@ 0x9c
34185824:	ddf0      	ble.n	34185808 <_vfprintf_r+0x9a0>
34185826:	aa26      	add	r2, sp, #152	@ 0x98
34185828:	9903      	ldr	r1, [sp, #12]
3418582a:	4658      	mov	r0, fp
3418582c:	f001 ff48 	bl	341876c0 <__sprint_r>
34185830:	2800      	cmp	r0, #0
34185832:	f47f ac64 	bne.w	341850fe <_vfprintf_r+0x296>
34185836:	3e10      	subs	r6, #16
34185838:	af29      	add	r7, sp, #164	@ 0xa4
3418583a:	2e10      	cmp	r6, #16
3418583c:	e9dd 1227 	ldrd	r1, r2, [sp, #156]	@ 0x9c
34185840:	dce5      	bgt.n	3418580e <_vfprintf_r+0x9a6>
34185842:	460b      	mov	r3, r1
34185844:	4621      	mov	r1, r4
34185846:	462c      	mov	r4, r5
34185848:	4645      	mov	r5, r8
3418584a:	4688      	mov	r8, r1
3418584c:	3301      	adds	r3, #1
3418584e:	4432      	add	r2, r6
34185850:	f8c7 8000 	str.w	r8, [r7]
34185854:	2b07      	cmp	r3, #7
34185856:	607e      	str	r6, [r7, #4]
34185858:	e9cd 3227 	strd	r3, r2, [sp, #156]	@ 0x9c
3418585c:	f300 83d6 	bgt.w	3418600c <_vfprintf_r+0x11a4>
34185860:	9b0a      	ldr	r3, [sp, #40]	@ 0x28
34185862:	3708      	adds	r7, #8
34185864:	ebaa 0603 	sub.w	r6, sl, r3
34185868:	2e00      	cmp	r6, #0
3418586a:	f77f acc3 	ble.w	341851f4 <_vfprintf_r+0x38c>
3418586e:	2e10      	cmp	r6, #16
34185870:	9b27      	ldr	r3, [sp, #156]	@ 0x9c
34185872:	f8df 81b0 	ldr.w	r8, [pc, #432]	@ 34185a24 <_vfprintf_r+0xbbc>
34185876:	dd28      	ble.n	341858ca <_vfprintf_r+0xa62>
34185878:	4628      	mov	r0, r5
3418587a:	f04f 0a10 	mov.w	sl, #16
3418587e:	4625      	mov	r5, r4
34185880:	4619      	mov	r1, r3
34185882:	4634      	mov	r4, r6
34185884:	4606      	mov	r6, r0
34185886:	e002      	b.n	3418588e <_vfprintf_r+0xa26>
34185888:	3c10      	subs	r4, #16
3418588a:	2c10      	cmp	r4, #16
3418588c:	dd18      	ble.n	341858c0 <_vfprintf_r+0xa58>
3418588e:	3101      	adds	r1, #1
34185890:	3210      	adds	r2, #16
34185892:	4b64      	ldr	r3, [pc, #400]	@ (34185a24 <_vfprintf_r+0xbbc>)
34185894:	2907      	cmp	r1, #7
34185896:	e9c7 3a00 	strd	r3, sl, [r7]
3418589a:	e9cd 1227 	strd	r1, r2, [sp, #156]	@ 0x9c
3418589e:	f107 0708 	add.w	r7, r7, #8
341858a2:	ddf1      	ble.n	34185888 <_vfprintf_r+0xa20>
341858a4:	aa26      	add	r2, sp, #152	@ 0x98
341858a6:	9903      	ldr	r1, [sp, #12]
341858a8:	4658      	mov	r0, fp
341858aa:	af29      	add	r7, sp, #164	@ 0xa4
341858ac:	f001 ff08 	bl	341876c0 <__sprint_r>
341858b0:	2800      	cmp	r0, #0
341858b2:	f47f ac24 	bne.w	341850fe <_vfprintf_r+0x296>
341858b6:	3c10      	subs	r4, #16
341858b8:	2c10      	cmp	r4, #16
341858ba:	e9dd 1227 	ldrd	r1, r2, [sp, #156]	@ 0x9c
341858be:	dce6      	bgt.n	3418588e <_vfprintf_r+0xa26>
341858c0:	4630      	mov	r0, r6
341858c2:	460b      	mov	r3, r1
341858c4:	4626      	mov	r6, r4
341858c6:	462c      	mov	r4, r5
341858c8:	4605      	mov	r5, r0
341858ca:	3301      	adds	r3, #1
341858cc:	4432      	add	r2, r6
341858ce:	f8c7 8000 	str.w	r8, [r7]
341858d2:	2b07      	cmp	r3, #7
341858d4:	607e      	str	r6, [r7, #4]
341858d6:	e9cd 3227 	strd	r3, r2, [sp, #156]	@ 0x9c
341858da:	f300 8182 	bgt.w	34185be2 <_vfprintf_r+0xd7a>
341858de:	3708      	adds	r7, #8
341858e0:	e488      	b.n	341851f4 <_vfprintf_r+0x38c>
341858e2:	9b08      	ldr	r3, [sp, #32]
341858e4:	9904      	ldr	r1, [sp, #16]
341858e6:	1a5e      	subs	r6, r3, r1
341858e8:	2e00      	cmp	r6, #0
341858ea:	f300 8153 	bgt.w	34185b94 <_vfprintf_r+0xd2c>
341858ee:	f89d 3067 	ldrb.w	r3, [sp, #103]	@ 0x67
341858f2:	2b00      	cmp	r3, #0
341858f4:	f43f ac78 	beq.w	341851e8 <_vfprintf_r+0x380>
341858f8:	e450      	b.n	3418519c <_vfprintf_r+0x334>
341858fa:	9b04      	ldr	r3, [sp, #16]
341858fc:	9e08      	ldr	r6, [sp, #32]
341858fe:	1af6      	subs	r6, r6, r3
34185900:	9b0c      	ldr	r3, [sp, #48]	@ 0x30
34185902:	2e00      	cmp	r6, #0
34185904:	9310      	str	r3, [sp, #64]	@ 0x40
34185906:	e9cd 330d 	strd	r3, r3, [sp, #52]	@ 0x34
3418590a:	f300 80e3 	bgt.w	34185ad4 <_vfprintf_r+0xc6c>
3418590e:	2800      	cmp	r0, #0
34185910:	f43f ac58 	beq.w	341851c4 <_vfprintf_r+0x35c>
34185914:	2602      	movs	r6, #2
34185916:	e444      	b.n	341851a2 <_vfprintf_r+0x33a>
34185918:	991b      	ldr	r1, [sp, #108]	@ 0x6c
3418591a:	2900      	cmp	r1, #0
3418591c:	f300 816d 	bgt.w	34185bfa <_vfprintf_r+0xd92>
34185920:	9b27      	ldr	r3, [sp, #156]	@ 0x9c
34185922:	3201      	adds	r2, #1
34185924:	483e      	ldr	r0, [pc, #248]	@ (34185a20 <_vfprintf_r+0xbb8>)
34185926:	3301      	adds	r3, #1
34185928:	9228      	str	r2, [sp, #160]	@ 0xa0
3418592a:	6038      	str	r0, [r7, #0]
3418592c:	2001      	movs	r0, #1
3418592e:	2b07      	cmp	r3, #7
34185930:	9327      	str	r3, [sp, #156]	@ 0x9c
34185932:	6078      	str	r0, [r7, #4]
34185934:	f300 87ec 	bgt.w	34186910 <_vfprintf_r+0x1aa8>
34185938:	3708      	adds	r7, #8
3418593a:	9b0f      	ldr	r3, [sp, #60]	@ 0x3c
3418593c:	430b      	orrs	r3, r1
3418593e:	f001 801d 	beq.w	3418697c <_vfprintf_r+0x1b14>
34185942:	9b11      	ldr	r3, [sp, #68]	@ 0x44
34185944:	9812      	ldr	r0, [sp, #72]	@ 0x48
34185946:	441a      	add	r2, r3
34185948:	e9c7 0300 	strd	r0, r3, [r7]
3418594c:	9b27      	ldr	r3, [sp, #156]	@ 0x9c
3418594e:	9228      	str	r2, [sp, #160]	@ 0xa0
34185950:	3301      	adds	r3, #1
34185952:	2b07      	cmp	r3, #7
34185954:	9327      	str	r3, [sp, #156]	@ 0x9c
34185956:	f300 87f4 	bgt.w	34186942 <_vfprintf_r+0x1ada>
3418595a:	3708      	adds	r7, #8
3418595c:	2900      	cmp	r1, #0
3418595e:	f2c1 80b4 	blt.w	34186aca <_vfprintf_r+0x1c62>
34185962:	990f      	ldr	r1, [sp, #60]	@ 0x3c
34185964:	3301      	adds	r3, #1
34185966:	603d      	str	r5, [r7, #0]
34185968:	440a      	add	r2, r1
3418596a:	2b07      	cmp	r3, #7
3418596c:	6079      	str	r1, [r7, #4]
3418596e:	e9cd 3227 	strd	r3, r2, [sp, #156]	@ 0x9c
34185972:	f77f ac4e 	ble.w	34185212 <_vfprintf_r+0x3aa>
34185976:	aa26      	add	r2, sp, #152	@ 0x98
34185978:	9903      	ldr	r1, [sp, #12]
3418597a:	4658      	mov	r0, fp
3418597c:	f001 fea0 	bl	341876c0 <__sprint_r>
34185980:	2800      	cmp	r0, #0
34185982:	f47f abbc 	bne.w	341850fe <_vfprintf_r+0x296>
34185986:	9a28      	ldr	r2, [sp, #160]	@ 0xa0
34185988:	af29      	add	r7, sp, #164	@ 0xa4
3418598a:	e443      	b.n	34185214 <_vfprintf_r+0x3ac>
3418598c:	980f      	ldr	r0, [sp, #60]	@ 0x3c
3418598e:	3201      	adds	r2, #1
34185990:	9b27      	ldr	r3, [sp, #156]	@ 0x9c
34185992:	f107 0108 	add.w	r1, r7, #8
34185996:	2801      	cmp	r0, #1
34185998:	f103 0301 	add.w	r3, r3, #1
3418599c:	f340 80e2 	ble.w	34185b64 <_vfprintf_r+0xcfc>
341859a0:	2001      	movs	r0, #1
341859a2:	2b07      	cmp	r3, #7
341859a4:	603d      	str	r5, [r7, #0]
341859a6:	6078      	str	r0, [r7, #4]
341859a8:	e9cd 3227 	strd	r3, r2, [sp, #156]	@ 0x9c
341859ac:	f300 8399 	bgt.w	341860e2 <_vfprintf_r+0x127a>
341859b0:	9811      	ldr	r0, [sp, #68]	@ 0x44
341859b2:	3301      	adds	r3, #1
341859b4:	9c12      	ldr	r4, [sp, #72]	@ 0x48
341859b6:	4402      	add	r2, r0
341859b8:	2b07      	cmp	r3, #7
341859ba:	e9c1 4000 	strd	r4, r0, [r1]
341859be:	e9cd 3227 	strd	r3, r2, [sp, #156]	@ 0x9c
341859c2:	f300 8382 	bgt.w	341860ca <_vfprintf_r+0x1262>
341859c6:	3108      	adds	r1, #8
341859c8:	eeb5 8b40 	vcmp.f64	d8, #0.0
341859cc:	980f      	ldr	r0, [sp, #60]	@ 0x3c
341859ce:	1e46      	subs	r6, r0, #1
341859d0:	eef1 fa10 	vmrs	APSR_nzcv, fpscr
341859d4:	f000 80e0 	beq.w	34185b98 <_vfprintf_r+0xd30>
341859d8:	3301      	adds	r3, #1
341859da:	3501      	adds	r5, #1
341859dc:	4432      	add	r2, r6
341859de:	604e      	str	r6, [r1, #4]
341859e0:	2b07      	cmp	r3, #7
341859e2:	600d      	str	r5, [r1, #0]
341859e4:	e9cd 3227 	strd	r3, r2, [sp, #156]	@ 0x9c
341859e8:	f300 80c8 	bgt.w	34185b7c <_vfprintf_r+0xd14>
341859ec:	3108      	adds	r1, #8
341859ee:	9813      	ldr	r0, [sp, #76]	@ 0x4c
341859f0:	3301      	adds	r3, #1
341859f2:	4402      	add	r2, r0
341859f4:	6048      	str	r0, [r1, #4]
341859f6:	2b07      	cmp	r3, #7
341859f8:	a81e      	add	r0, sp, #120	@ 0x78
341859fa:	e9cd 3227 	strd	r3, r2, [sp, #156]	@ 0x9c
341859fe:	6008      	str	r0, [r1, #0]
34185a00:	dcb9      	bgt.n	34185976 <_vfprintf_r+0xb0e>
34185a02:	f101 0708 	add.w	r7, r1, #8
34185a06:	e405      	b.n	34185214 <_vfprintf_r+0x3ac>
34185a08:	aa26      	add	r2, sp, #152	@ 0x98
34185a0a:	9903      	ldr	r1, [sp, #12]
34185a0c:	4658      	mov	r0, fp
34185a0e:	f001 fe57 	bl	341876c0 <__sprint_r>
34185a12:	2800      	cmp	r0, #0
34185a14:	f47f ab73 	bne.w	341850fe <_vfprintf_r+0x296>
34185a18:	9a28      	ldr	r2, [sp, #160]	@ 0xa0
34185a1a:	af29      	add	r7, sp, #164	@ 0xa4
34185a1c:	f7ff bbe0 	b.w	341851e0 <_vfprintf_r+0x378>
34185a20:	3418ac70 	.word	0x3418ac70
34185a24:	3418aeb4 	.word	0x3418aeb4
34185a28:	aa26      	add	r2, sp, #152	@ 0x98
34185a2a:	9903      	ldr	r1, [sp, #12]
34185a2c:	4658      	mov	r0, fp
34185a2e:	f001 fe47 	bl	341876c0 <__sprint_r>
34185a32:	2800      	cmp	r0, #0
34185a34:	f47f ab63 	bne.w	341850fe <_vfprintf_r+0x296>
34185a38:	9a28      	ldr	r2, [sp, #160]	@ 0xa0
34185a3a:	af29      	add	r7, sp, #164	@ 0xa4
34185a3c:	f7ff bbbf 	b.w	341851be <_vfprintf_r+0x356>
34185a40:	2c10      	cmp	r4, #16
34185a42:	9b27      	ldr	r3, [sp, #156]	@ 0x9c
34185a44:	f341 8076 	ble.w	34186b34 <_vfprintf_r+0x1ccc>
34185a48:	2510      	movs	r5, #16
34185a4a:	4eb4      	ldr	r6, [pc, #720]	@ (34185d1c <_vfprintf_r+0xeb4>)
34185a4c:	f8dd 800c 	ldr.w	r8, [sp, #12]
34185a50:	e002      	b.n	34185a58 <_vfprintf_r+0xbf0>
34185a52:	3c10      	subs	r4, #16
34185a54:	2c10      	cmp	r4, #16
34185a56:	dd17      	ble.n	34185a88 <_vfprintf_r+0xc20>
34185a58:	3301      	adds	r3, #1
34185a5a:	3210      	adds	r2, #16
34185a5c:	2b07      	cmp	r3, #7
34185a5e:	e9c7 6500 	strd	r6, r5, [r7]
34185a62:	e9cd 3227 	strd	r3, r2, [sp, #156]	@ 0x9c
34185a66:	f107 0708 	add.w	r7, r7, #8
34185a6a:	ddf2      	ble.n	34185a52 <_vfprintf_r+0xbea>
34185a6c:	aa26      	add	r2, sp, #152	@ 0x98
34185a6e:	4641      	mov	r1, r8
34185a70:	4658      	mov	r0, fp
34185a72:	f001 fe25 	bl	341876c0 <__sprint_r>
34185a76:	2800      	cmp	r0, #0
34185a78:	f47f ab41 	bne.w	341850fe <_vfprintf_r+0x296>
34185a7c:	3c10      	subs	r4, #16
34185a7e:	af29      	add	r7, sp, #164	@ 0xa4
34185a80:	2c10      	cmp	r4, #16
34185a82:	e9dd 3227 	ldrd	r3, r2, [sp, #156]	@ 0x9c
34185a86:	dce7      	bgt.n	34185a58 <_vfprintf_r+0xbf0>
34185a88:	46b0      	mov	r8, r6
34185a8a:	3301      	adds	r3, #1
34185a8c:	4422      	add	r2, r4
34185a8e:	2b07      	cmp	r3, #7
34185a90:	e9c7 8400 	strd	r8, r4, [r7]
34185a94:	e9cd 3227 	strd	r3, r2, [sp, #156]	@ 0x9c
34185a98:	f77f abc5 	ble.w	34185226 <_vfprintf_r+0x3be>
34185a9c:	aa26      	add	r2, sp, #152	@ 0x98
34185a9e:	9903      	ldr	r1, [sp, #12]
34185aa0:	4658      	mov	r0, fp
34185aa2:	f001 fe0d 	bl	341876c0 <__sprint_r>
34185aa6:	2800      	cmp	r0, #0
34185aa8:	f47f ab29 	bne.w	341850fe <_vfprintf_r+0x296>
34185aac:	9a28      	ldr	r2, [sp, #160]	@ 0xa0
34185aae:	f7ff bbba 	b.w	34185226 <_vfprintf_r+0x3be>
34185ab2:	2300      	movs	r3, #0
34185ab4:	2602      	movs	r6, #2
34185ab6:	9310      	str	r3, [sp, #64]	@ 0x40
34185ab8:	e9cd 330d 	strd	r3, r3, [sp, #52]	@ 0x34
34185abc:	f7ff bb71 	b.w	341851a2 <_vfprintf_r+0x33a>
34185ac0:	9b04      	ldr	r3, [sp, #16]
34185ac2:	ad52      	add	r5, sp, #328	@ 0x148
34185ac4:	469a      	mov	sl, r3
34185ac6:	930a      	str	r3, [sp, #40]	@ 0x28
34185ac8:	9310      	str	r3, [sp, #64]	@ 0x40
34185aca:	9309      	str	r3, [sp, #36]	@ 0x24
34185acc:	e9cd 330d 	strd	r3, r3, [sp, #52]	@ 0x34
34185ad0:	f7ff bb59 	b.w	34185186 <_vfprintf_r+0x31e>
34185ad4:	2302      	movs	r3, #2
34185ad6:	930c      	str	r3, [sp, #48]	@ 0x30
34185ad8:	2e10      	cmp	r6, #16
34185ada:	4672      	mov	r2, lr
34185adc:	f340 87cd 	ble.w	34186a7a <_vfprintf_r+0x1c12>
34185ae0:	46bc      	mov	ip, r7
34185ae2:	2310      	movs	r3, #16
34185ae4:	462f      	mov	r7, r5
34185ae6:	f8dd 800c 	ldr.w	r8, [sp, #12]
34185aea:	4625      	mov	r5, r4
34185aec:	4c8b      	ldr	r4, [pc, #556]	@ (34185d1c <_vfprintf_r+0xeb4>)
34185aee:	e002      	b.n	34185af6 <_vfprintf_r+0xc8e>
34185af0:	3e10      	subs	r6, #16
34185af2:	2e10      	cmp	r6, #16
34185af4:	dd19      	ble.n	34185b2a <_vfprintf_r+0xcc2>
34185af6:	3101      	adds	r1, #1
34185af8:	3210      	adds	r2, #16
34185afa:	2907      	cmp	r1, #7
34185afc:	e9cc 4300 	strd	r4, r3, [ip]
34185b00:	e9cd 1227 	strd	r1, r2, [sp, #156]	@ 0x9c
34185b04:	f10c 0c08 	add.w	ip, ip, #8
34185b08:	ddf2      	ble.n	34185af0 <_vfprintf_r+0xc88>
34185b0a:	aa26      	add	r2, sp, #152	@ 0x98
34185b0c:	4641      	mov	r1, r8
34185b0e:	4658      	mov	r0, fp
34185b10:	f001 fdd6 	bl	341876c0 <__sprint_r>
34185b14:	f10d 0ca4 	add.w	ip, sp, #164	@ 0xa4
34185b18:	2800      	cmp	r0, #0
34185b1a:	f47f aaf0 	bne.w	341850fe <_vfprintf_r+0x296>
34185b1e:	3e10      	subs	r6, #16
34185b20:	2310      	movs	r3, #16
34185b22:	2e10      	cmp	r6, #16
34185b24:	e9dd 1227 	ldrd	r1, r2, [sp, #156]	@ 0x9c
34185b28:	dce5      	bgt.n	34185af6 <_vfprintf_r+0xc8e>
34185b2a:	46a0      	mov	r8, r4
34185b2c:	462c      	mov	r4, r5
34185b2e:	463d      	mov	r5, r7
34185b30:	4667      	mov	r7, ip
34185b32:	f101 0c01 	add.w	ip, r1, #1
34185b36:	4432      	add	r2, r6
34185b38:	f8c7 8000 	str.w	r8, [r7]
34185b3c:	f1bc 0f07 	cmp.w	ip, #7
34185b40:	607e      	str	r6, [r7, #4]
34185b42:	e9cd c227 	strd	ip, r2, [sp, #156]	@ 0x9c
34185b46:	f300 82e6 	bgt.w	34186116 <_vfprintf_r+0x12ae>
34185b4a:	f89d 3067 	ldrb.w	r3, [sp, #103]	@ 0x67
34185b4e:	3708      	adds	r7, #8
34185b50:	2b00      	cmp	r3, #0
34185b52:	f040 80e7 	bne.w	34185d24 <_vfprintf_r+0xebc>
34185b56:	990c      	ldr	r1, [sp, #48]	@ 0x30
34185b58:	2900      	cmp	r1, #0
34185b5a:	f43f ab45 	beq.w	341851e8 <_vfprintf_r+0x380>
34185b5e:	930c      	str	r3, [sp, #48]	@ 0x30
34185b60:	f7ff bb30 	b.w	341851c4 <_vfprintf_r+0x35c>
34185b64:	9802      	ldr	r0, [sp, #8]
34185b66:	07c6      	lsls	r6, r0, #31
34185b68:	f53f af1a 	bmi.w	341859a0 <_vfprintf_r+0xb38>
34185b6c:	2001      	movs	r0, #1
34185b6e:	2b07      	cmp	r3, #7
34185b70:	603d      	str	r5, [r7, #0]
34185b72:	6078      	str	r0, [r7, #4]
34185b74:	e9cd 3227 	strd	r3, r2, [sp, #156]	@ 0x9c
34185b78:	f77f af39 	ble.w	341859ee <_vfprintf_r+0xb86>
34185b7c:	aa26      	add	r2, sp, #152	@ 0x98
34185b7e:	9903      	ldr	r1, [sp, #12]
34185b80:	4658      	mov	r0, fp
34185b82:	f001 fd9d 	bl	341876c0 <__sprint_r>
34185b86:	2800      	cmp	r0, #0
34185b88:	f47f aab9 	bne.w	341850fe <_vfprintf_r+0x296>
34185b8c:	a929      	add	r1, sp, #164	@ 0xa4
34185b8e:	e9dd 3227 	ldrd	r3, r2, [sp, #156]	@ 0x9c
34185b92:	e72c      	b.n	341859ee <_vfprintf_r+0xb86>
34185b94:	9927      	ldr	r1, [sp, #156]	@ 0x9c
34185b96:	e79f      	b.n	34185ad8 <_vfprintf_r+0xc70>
34185b98:	980f      	ldr	r0, [sp, #60]	@ 0x3c
34185b9a:	2801      	cmp	r0, #1
34185b9c:	f77f af27 	ble.w	341859ee <_vfprintf_r+0xb86>
34185ba0:	2811      	cmp	r0, #17
34185ba2:	f341 81ac 	ble.w	34186efe <_vfprintf_r+0x2096>
34185ba6:	2410      	movs	r4, #16
34185ba8:	4f5d      	ldr	r7, [pc, #372]	@ (34185d20 <_vfprintf_r+0xeb8>)
34185baa:	9d03      	ldr	r5, [sp, #12]
34185bac:	e003      	b.n	34185bb6 <_vfprintf_r+0xd4e>
34185bae:	3e10      	subs	r6, #16
34185bb0:	2e10      	cmp	r6, #16
34185bb2:	f340 8404 	ble.w	341863be <_vfprintf_r+0x1556>
34185bb6:	3301      	adds	r3, #1
34185bb8:	3210      	adds	r2, #16
34185bba:	2b07      	cmp	r3, #7
34185bbc:	e9c1 7400 	strd	r7, r4, [r1]
34185bc0:	e9cd 3227 	strd	r3, r2, [sp, #156]	@ 0x9c
34185bc4:	f101 0108 	add.w	r1, r1, #8
34185bc8:	ddf1      	ble.n	34185bae <_vfprintf_r+0xd46>
34185bca:	aa26      	add	r2, sp, #152	@ 0x98
34185bcc:	4629      	mov	r1, r5
34185bce:	4658      	mov	r0, fp
34185bd0:	f001 fd76 	bl	341876c0 <__sprint_r>
34185bd4:	2800      	cmp	r0, #0
34185bd6:	f47f aa92 	bne.w	341850fe <_vfprintf_r+0x296>
34185bda:	a929      	add	r1, sp, #164	@ 0xa4
34185bdc:	e9dd 3227 	ldrd	r3, r2, [sp, #156]	@ 0x9c
34185be0:	e7e5      	b.n	34185bae <_vfprintf_r+0xd46>
34185be2:	aa26      	add	r2, sp, #152	@ 0x98
34185be4:	9903      	ldr	r1, [sp, #12]
34185be6:	4658      	mov	r0, fp
34185be8:	f001 fd6a 	bl	341876c0 <__sprint_r>
34185bec:	2800      	cmp	r0, #0
34185bee:	f47f aa86 	bne.w	341850fe <_vfprintf_r+0x296>
34185bf2:	9a28      	ldr	r2, [sp, #160]	@ 0xa0
34185bf4:	af29      	add	r7, sp, #164	@ 0xa4
34185bf6:	f7ff bafd 	b.w	341851f4 <_vfprintf_r+0x38c>
34185bfa:	9e0d      	ldr	r6, [sp, #52]	@ 0x34
34185bfc:	9b0f      	ldr	r3, [sp, #60]	@ 0x3c
34185bfe:	429e      	cmp	r6, r3
34185c00:	bfa8      	it	ge
34185c02:	461e      	movge	r6, r3
34185c04:	2e00      	cmp	r6, #0
34185c06:	dd0a      	ble.n	34185c1e <_vfprintf_r+0xdb6>
34185c08:	9b27      	ldr	r3, [sp, #156]	@ 0x9c
34185c0a:	4432      	add	r2, r6
34185c0c:	3301      	adds	r3, #1
34185c0e:	9228      	str	r2, [sp, #160]	@ 0xa0
34185c10:	2b07      	cmp	r3, #7
34185c12:	9327      	str	r3, [sp, #156]	@ 0x9c
34185c14:	e9c7 5600 	strd	r5, r6, [r7]
34185c18:	f300 8687 	bgt.w	3418692a <_vfprintf_r+0x1ac2>
34185c1c:	3708      	adds	r7, #8
34185c1e:	9c0d      	ldr	r4, [sp, #52]	@ 0x34
34185c20:	2e00      	cmp	r6, #0
34185c22:	bfa8      	it	ge
34185c24:	1ba4      	subge	r4, r4, r6
34185c26:	2c00      	cmp	r4, #0
34185c28:	f300 83a5 	bgt.w	34186376 <_vfprintf_r+0x150e>
34185c2c:	9b0d      	ldr	r3, [sp, #52]	@ 0x34
34185c2e:	eb03 0a05 	add.w	sl, r3, r5
34185c32:	9b02      	ldr	r3, [sp, #8]
34185c34:	0558      	lsls	r0, r3, #21
34185c36:	f100 8517 	bmi.w	34186668 <_vfprintf_r+0x1800>
34185c3a:	9c1b      	ldr	r4, [sp, #108]	@ 0x6c
34185c3c:	9b0f      	ldr	r3, [sp, #60]	@ 0x3c
34185c3e:	429c      	cmp	r4, r3
34185c40:	db03      	blt.n	34185c4a <_vfprintf_r+0xde2>
34185c42:	9902      	ldr	r1, [sp, #8]
34185c44:	07c9      	lsls	r1, r1, #31
34185c46:	f140 8479 	bpl.w	3418653c <_vfprintf_r+0x16d4>
34185c4a:	9b11      	ldr	r3, [sp, #68]	@ 0x44
34185c4c:	9912      	ldr	r1, [sp, #72]	@ 0x48
34185c4e:	441a      	add	r2, r3
34185c50:	e9c7 1300 	strd	r1, r3, [r7]
34185c54:	9b27      	ldr	r3, [sp, #156]	@ 0x9c
34185c56:	9228      	str	r2, [sp, #160]	@ 0xa0
34185c58:	3301      	adds	r3, #1
34185c5a:	2b07      	cmp	r3, #7
34185c5c:	9327      	str	r3, [sp, #156]	@ 0x9c
34185c5e:	f300 869f 	bgt.w	341869a0 <_vfprintf_r+0x1b38>
34185c62:	3708      	adds	r7, #8
34185c64:	9b0f      	ldr	r3, [sp, #60]	@ 0x3c
34185c66:	441d      	add	r5, r3
34185c68:	1b1c      	subs	r4, r3, r4
34185c6a:	eba5 050a 	sub.w	r5, r5, sl
34185c6e:	42a5      	cmp	r5, r4
34185c70:	bfa8      	it	ge
34185c72:	4625      	movge	r5, r4
34185c74:	2d00      	cmp	r5, #0
34185c76:	dd0b      	ble.n	34185c90 <_vfprintf_r+0xe28>
34185c78:	9b27      	ldr	r3, [sp, #156]	@ 0x9c
34185c7a:	442a      	add	r2, r5
34185c7c:	f8c7 a000 	str.w	sl, [r7]
34185c80:	3301      	adds	r3, #1
34185c82:	607d      	str	r5, [r7, #4]
34185c84:	9228      	str	r2, [sp, #160]	@ 0xa0
34185c86:	2b07      	cmp	r3, #7
34185c88:	9327      	str	r3, [sp, #156]	@ 0x9c
34185c8a:	f300 8708 	bgt.w	34186a9e <_vfprintf_r+0x1c36>
34185c8e:	3708      	adds	r7, #8
34185c90:	2d00      	cmp	r5, #0
34185c92:	bfa8      	it	ge
34185c94:	1b64      	subge	r4, r4, r5
34185c96:	2c00      	cmp	r4, #0
34185c98:	f77f aabc 	ble.w	34185214 <_vfprintf_r+0x3ac>
34185c9c:	2c10      	cmp	r4, #16
34185c9e:	9b27      	ldr	r3, [sp, #156]	@ 0x9c
34185ca0:	f341 80af 	ble.w	34186e02 <_vfprintf_r+0x1f9a>
34185ca4:	2510      	movs	r5, #16
34185ca6:	4e1e      	ldr	r6, [pc, #120]	@ (34185d20 <_vfprintf_r+0xeb8>)
34185ca8:	f8dd 800c 	ldr.w	r8, [sp, #12]
34185cac:	e003      	b.n	34185cb6 <_vfprintf_r+0xe4e>
34185cae:	3c10      	subs	r4, #16
34185cb0:	2c10      	cmp	r4, #16
34185cb2:	f340 833e 	ble.w	34186332 <_vfprintf_r+0x14ca>
34185cb6:	3301      	adds	r3, #1
34185cb8:	3210      	adds	r2, #16
34185cba:	2b07      	cmp	r3, #7
34185cbc:	e9c7 6500 	strd	r6, r5, [r7]
34185cc0:	e9cd 3227 	strd	r3, r2, [sp, #156]	@ 0x9c
34185cc4:	f107 0708 	add.w	r7, r7, #8
34185cc8:	ddf1      	ble.n	34185cae <_vfprintf_r+0xe46>
34185cca:	aa26      	add	r2, sp, #152	@ 0x98
34185ccc:	4641      	mov	r1, r8
34185cce:	4658      	mov	r0, fp
34185cd0:	f001 fcf6 	bl	341876c0 <__sprint_r>
34185cd4:	2800      	cmp	r0, #0
34185cd6:	f47f aa12 	bne.w	341850fe <_vfprintf_r+0x296>
34185cda:	af29      	add	r7, sp, #164	@ 0xa4
34185cdc:	e9dd 3227 	ldrd	r3, r2, [sp, #156]	@ 0x9c
34185ce0:	e7e5      	b.n	34185cae <_vfprintf_r+0xe46>
34185ce2:	0497      	lsls	r7, r2, #18
34185ce4:	f57f a8f8 	bpl.w	34184ed8 <_vfprintf_r+0x70>
34185ce8:	f001 b835 	b.w	34186d56 <_vfprintf_r+0x1eee>
34185cec:	9b02      	ldr	r3, [sp, #8]
34185cee:	07dd      	lsls	r5, r3, #31
34185cf0:	f57f aa90 	bpl.w	34185214 <_vfprintf_r+0x3ac>
34185cf4:	e544      	b.n	34185780 <_vfprintf_r+0x918>
34185cf6:	782c      	ldrb	r4, [r5, #0]
34185cf8:	930b      	str	r3, [sp, #44]	@ 0x2c
34185cfa:	f7ff b92e 	b.w	34184f5a <_vfprintf_r+0xf2>
34185cfe:	f021 0380 	bic.w	r3, r1, #128	@ 0x80
34185d02:	9302      	str	r3, [sp, #8]
34185d04:	f47f ab86 	bne.w	34185414 <_vfprintf_r+0x5ac>
34185d08:	ea56 0308 	orrs.w	r3, r6, r8
34185d0c:	f47f ab82 	bne.w	34185414 <_vfprintf_r+0x5ac>
34185d10:	bf14      	ite	ne
34185d12:	2301      	movne	r3, #1
34185d14:	4613      	moveq	r3, r2
34185d16:	930d      	str	r3, [sp, #52]	@ 0x34
34185d18:	f7ff bbe5 	b.w	341854e6 <_vfprintf_r+0x67e>
34185d1c:	3418aec4 	.word	0x3418aec4
34185d20:	3418aeb4 	.word	0x3418aeb4
34185d24:	2300      	movs	r3, #0
34185d26:	9e0c      	ldr	r6, [sp, #48]	@ 0x30
34185d28:	930c      	str	r3, [sp, #48]	@ 0x30
34185d2a:	f7ff ba3a 	b.w	341851a2 <_vfprintf_r+0x33a>
34185d2e:	9b02      	ldr	r3, [sp, #8]
34185d30:	9a0b      	ldr	r2, [sp, #44]	@ 0x2c
34185d32:	06d9      	lsls	r1, r3, #27
34185d34:	f852 6b04 	ldr.w	r6, [r2], #4
34185d38:	f101 811f 	bmi.w	34186f7a <_vfprintf_r+0x2112>
34185d3c:	9b02      	ldr	r3, [sp, #8]
34185d3e:	065d      	lsls	r5, r3, #25
34185d40:	f140 836f 	bpl.w	34186422 <_vfprintf_r+0x15ba>
34185d44:	f346 38c0 	sbfx	r8, r6, #15, #1
34185d48:	920b      	str	r2, [sp, #44]	@ 0x2c
34185d4a:	b236      	sxth	r6, r6
34185d4c:	4643      	mov	r3, r8
34185d4e:	f7ff bac9 	b.w	341852e4 <_vfprintf_r+0x47c>
34185d52:	eeb4 8b48 	vcmp.f64	d8, d8
34185d56:	eef1 fa10 	vmrs	APSR_nzcv, fpscr
34185d5a:	f180 874f 	bvs.w	34186bfc <_vfprintf_r+0x1d94>
34185d5e:	f024 0620 	bic.w	r6, r4, #32
34185d62:	2e41      	cmp	r6, #65	@ 0x41
34185d64:	f040 8368 	bne.w	34186438 <_vfprintf_r+0x15d0>
34185d68:	2330      	movs	r3, #48	@ 0x30
34185d6a:	2c61      	cmp	r4, #97	@ 0x61
34185d6c:	f88d 3068 	strb.w	r3, [sp, #104]	@ 0x68
34185d70:	bf14      	ite	ne
34185d72:	2358      	movne	r3, #88	@ 0x58
34185d74:	2378      	moveq	r3, #120	@ 0x78
34185d76:	f1ba 0f63 	cmp.w	sl, #99	@ 0x63
34185d7a:	f88d 3069 	strb.w	r3, [sp, #105]	@ 0x69
34185d7e:	f300 8433 	bgt.w	341865e8 <_vfprintf_r+0x1780>
34185d82:	ee18 3a90 	vmov	r3, s17
34185d86:	2b00      	cmp	r3, #0
34185d88:	f2c0 8714 	blt.w	34186bb4 <_vfprintf_r+0x1d4c>
34185d8c:	eeb0 0b48 	vmov.f64	d0, d8
34185d90:	f04f 0800 	mov.w	r8, #0
34185d94:	ad39      	add	r5, sp, #228	@ 0xe4
34185d96:	f8cd 8024 	str.w	r8, [sp, #36]	@ 0x24
34185d9a:	9b02      	ldr	r3, [sp, #8]
34185d9c:	a81b      	add	r0, sp, #108	@ 0x6c
34185d9e:	f043 0302 	orr.w	r3, r3, #2
34185da2:	9302      	str	r3, [sp, #8]
34185da4:	f001 ff74 	bl	34187c90 <frexp>
34185da8:	eeb4 7b00 	vmov.f64	d7, #64	@ 0x3e000000  0.125
34185dac:	ee20 7b07 	vmul.f64	d7, d0, d7
34185db0:	eeb5 7b40 	vcmp.f64	d7, #0.0
34185db4:	eef1 fa10 	vmrs	APSR_nzcv, fpscr
34185db8:	d101      	bne.n	34185dbe <_vfprintf_r+0xf56>
34185dba:	2301      	movs	r3, #1
34185dbc:	931b      	str	r3, [sp, #108]	@ 0x6c
34185dbe:	2c61      	cmp	r4, #97	@ 0x61
34185dc0:	eeb3 4b00 	vmov.f64	d4, #48	@ 0x41800000  16.0
34185dc4:	462b      	mov	r3, r5
34185dc6:	4651      	mov	r1, sl
34185dc8:	bf0c      	ite	eq
34185dca:	48ac      	ldreq	r0, [pc, #688]	@ (3418607c <_vfprintf_r+0x1214>)
34185dcc:	48ac      	ldrne	r0, [pc, #688]	@ (34186080 <_vfprintf_r+0x1218>)
34185dce:	e006      	b.n	34185dde <_vfprintf_r+0xf76>
34185dd0:	eeb5 7b40 	vcmp.f64	d7, #0.0
34185dd4:	eef1 fa10 	vmrs	APSR_nzcv, fpscr
34185dd8:	f000 879a 	beq.w	34186d10 <_vfprintf_r+0x1ea8>
34185ddc:	4611      	mov	r1, r2
34185dde:	ee27 7b04 	vmul.f64	d7, d7, d4
34185de2:	461e      	mov	r6, r3
34185de4:	1e4a      	subs	r2, r1, #1
34185de6:	eefd 6bc7 	vcvt.s32.f64	s13, d7
34185dea:	ee16 ca90 	vmov	ip, s13
34185dee:	eeb8 5be6 	vcvt.f64.s32	d5, s13
34185df2:	f810 c00c 	ldrb.w	ip, [r0, ip]
34185df6:	ee37 7b45 	vsub.f64	d7, d7, d5
34185dfa:	f803 cb01 	strb.w	ip, [r3], #1
34185dfe:	2900      	cmp	r1, #0
34185e00:	d1e6      	bne.n	34185dd0 <_vfprintf_r+0xf68>
34185e02:	eeb6 5b00 	vmov.f64	d5, #96	@ 0x3f000000  0.5
34185e06:	eeb4 7bc5 	vcmpe.f64	d7, d5
34185e0a:	eef1 fa10 	vmrs	APSR_nzcv, fpscr
34185e0e:	dc08      	bgt.n	34185e22 <_vfprintf_r+0xfba>
34185e10:	eeb4 7b45 	vcmp.f64	d7, d5
34185e14:	eef1 fa10 	vmrs	APSR_nzcv, fpscr
34185e18:	d11c      	bne.n	34185e54 <_vfprintf_r+0xfec>
34185e1a:	ee16 2a90 	vmov	r2, s13
34185e1e:	07d2      	lsls	r2, r2, #31
34185e20:	d518      	bpl.n	34185e54 <_vfprintf_r+0xfec>
34185e22:	9624      	str	r6, [sp, #144]	@ 0x90
34185e24:	461a      	mov	r2, r3
34185e26:	7bc6      	ldrb	r6, [r0, #15]
34185e28:	f813 1c01 	ldrb.w	r1, [r3, #-1]
34185e2c:	428e      	cmp	r6, r1
34185e2e:	d10a      	bne.n	34185e46 <_vfprintf_r+0xfde>
34185e30:	f04f 0c30 	mov.w	ip, #48	@ 0x30
34185e34:	f802 cc01 	strb.w	ip, [r2, #-1]
34185e38:	9a24      	ldr	r2, [sp, #144]	@ 0x90
34185e3a:	1e51      	subs	r1, r2, #1
34185e3c:	9124      	str	r1, [sp, #144]	@ 0x90
34185e3e:	f812 1c01 	ldrb.w	r1, [r2, #-1]
34185e42:	428e      	cmp	r6, r1
34185e44:	d0f6      	beq.n	34185e34 <_vfprintf_r+0xfcc>
34185e46:	2939      	cmp	r1, #57	@ 0x39
34185e48:	f001 8061 	beq.w	34186f0e <_vfprintf_r+0x20a6>
34185e4c:	3101      	adds	r1, #1
34185e4e:	b2c9      	uxtb	r1, r1
34185e50:	f802 1c01 	strb.w	r1, [r2, #-1]
34185e54:	1b5b      	subs	r3, r3, r5
34185e56:	9a1b      	ldr	r2, [sp, #108]	@ 0x6c
34185e58:	930f      	str	r3, [sp, #60]	@ 0x3c
34185e5a:	f104 030f 	add.w	r3, r4, #15
34185e5e:	f88d 3078 	strb.w	r3, [sp, #120]	@ 0x78
34185e62:	1e53      	subs	r3, r2, #1
34185e64:	2b00      	cmp	r3, #0
34185e66:	931b      	str	r3, [sp, #108]	@ 0x6c
34185e68:	f2c0 87b2 	blt.w	34186dd0 <_vfprintf_r+0x1f68>
34185e6c:	222b      	movs	r2, #43	@ 0x2b
34185e6e:	2b09      	cmp	r3, #9
34185e70:	f88d 2079 	strb.w	r2, [sp, #121]	@ 0x79
34185e74:	f300 84f5 	bgt.w	34186862 <_vfprintf_r+0x19fa>
34185e78:	f10d 027a 	add.w	r2, sp, #122	@ 0x7a
34185e7c:	3330      	adds	r3, #48	@ 0x30
34185e7e:	f802 3b01 	strb.w	r3, [r2], #1
34185e82:	ab1e      	add	r3, sp, #120	@ 0x78
34185e84:	1ad3      	subs	r3, r2, r3
34185e86:	9313      	str	r3, [sp, #76]	@ 0x4c
34185e88:	9b0f      	ldr	r3, [sp, #60]	@ 0x3c
34185e8a:	9a13      	ldr	r2, [sp, #76]	@ 0x4c
34185e8c:	2b01      	cmp	r3, #1
34185e8e:	441a      	add	r2, r3
34185e90:	920a      	str	r2, [sp, #40]	@ 0x28
34185e92:	f340 867f 	ble.w	34186b94 <_vfprintf_r+0x1d2c>
34185e96:	9b0a      	ldr	r3, [sp, #40]	@ 0x28
34185e98:	9a11      	ldr	r2, [sp, #68]	@ 0x44
34185e9a:	4413      	add	r3, r2
34185e9c:	930a      	str	r3, [sp, #40]	@ 0x28
34185e9e:	9a02      	ldr	r2, [sp, #8]
34185ea0:	f422 6380 	bic.w	r3, r2, #1024	@ 0x400
34185ea4:	f002 0202 	and.w	r2, r2, #2
34185ea8:	f443 7380 	orr.w	r3, r3, #256	@ 0x100
34185eac:	920d      	str	r2, [sp, #52]	@ 0x34
34185eae:	9302      	str	r3, [sp, #8]
34185eb0:	9b0a      	ldr	r3, [sp, #40]	@ 0x28
34185eb2:	ea23 73e3 	bic.w	r3, r3, r3, asr #31
34185eb6:	9304      	str	r3, [sp, #16]
34185eb8:	f1b8 0f00 	cmp.w	r8, #0
34185ebc:	f000 8665 	beq.w	34186b8a <_vfprintf_r+0x1d22>
34185ec0:	202d      	movs	r0, #45	@ 0x2d
34185ec2:	f04f 0a00 	mov.w	sl, #0
34185ec6:	f88d 0067 	strb.w	r0, [sp, #103]	@ 0x67
34185eca:	f7ff babb 	b.w	34185444 <_vfprintf_r+0x5dc>
34185ece:	9a02      	ldr	r2, [sp, #8]
34185ed0:	06d0      	lsls	r0, r2, #27
34185ed2:	f100 8240 	bmi.w	34186356 <_vfprintf_r+0x14ee>
34185ed6:	9a02      	ldr	r2, [sp, #8]
34185ed8:	0651      	lsls	r1, r2, #25
34185eda:	f100 8343 	bmi.w	34186564 <_vfprintf_r+0x16fc>
34185ede:	9a02      	ldr	r2, [sp, #8]
34185ee0:	0592      	lsls	r2, r2, #22
34185ee2:	f140 8238 	bpl.w	34186356 <_vfprintf_r+0x14ee>
34185ee6:	9a0b      	ldr	r2, [sp, #44]	@ 0x2c
34185ee8:	9907      	ldr	r1, [sp, #28]
34185eea:	6812      	ldr	r2, [r2, #0]
34185eec:	7011      	strb	r1, [r2, #0]
34185eee:	f7ff bb52 	b.w	34185596 <_vfprintf_r+0x72e>
34185ef2:	9902      	ldr	r1, [sp, #8]
34185ef4:	9a0b      	ldr	r2, [sp, #44]	@ 0x2c
34185ef6:	f011 0010 	ands.w	r0, r1, #16
34185efa:	f852 3b04 	ldr.w	r3, [r2], #4
34185efe:	f47f ab93 	bne.w	34185628 <_vfprintf_r+0x7c0>
34185f02:	9d02      	ldr	r5, [sp, #8]
34185f04:	f015 0140 	ands.w	r1, r5, #64	@ 0x40
34185f08:	f000 8266 	beq.w	341863d8 <_vfprintf_r+0x1570>
34185f0c:	f04f 0800 	mov.w	r8, #0
34185f10:	b29b      	uxth	r3, r3
34185f12:	f88d 0067 	strb.w	r0, [sp, #103]	@ 0x67
34185f16:	45c2      	cmp	sl, r8
34185f18:	461e      	mov	r6, r3
34185f1a:	f2c0 833b 	blt.w	34186594 <_vfprintf_r+0x172c>
34185f1e:	f025 0180 	bic.w	r1, r5, #128	@ 0x80
34185f22:	ea5a 0303 	orrs.w	r3, sl, r3
34185f26:	9102      	str	r1, [sp, #8]
34185f28:	920b      	str	r2, [sp, #44]	@ 0x2c
34185f2a:	930d      	str	r3, [sp, #52]	@ 0x34
34185f2c:	f47f aa72 	bne.w	34185414 <_vfprintf_r+0x5ac>
34185f30:	f7ff bad9 	b.w	341854e6 <_vfprintf_r+0x67e>
34185f34:	9902      	ldr	r1, [sp, #8]
34185f36:	9a0b      	ldr	r2, [sp, #44]	@ 0x2c
34185f38:	06c8      	lsls	r0, r1, #27
34185f3a:	f852 3b04 	ldr.w	r3, [r2], #4
34185f3e:	f101 8019 	bmi.w	34186f74 <_vfprintf_r+0x210c>
34185f42:	9802      	ldr	r0, [sp, #8]
34185f44:	0641      	lsls	r1, r0, #25
34185f46:	f140 8262 	bpl.w	3418640e <_vfprintf_r+0x15a6>
34185f4a:	b29b      	uxth	r3, r3
34185f4c:	2100      	movs	r1, #0
34185f4e:	920b      	str	r2, [sp, #44]	@ 0x2c
34185f50:	f7ff baf4 	b.w	3418553c <_vfprintf_r+0x6d4>
34185f54:	2330      	movs	r3, #48	@ 0x30
34185f56:	3802      	subs	r0, #2
34185f58:	f805 3c01 	strb.w	r3, [r5, #-1]
34185f5c:	ab52      	add	r3, sp, #328	@ 0x148
34185f5e:	4605      	mov	r5, r0
34185f60:	1a1b      	subs	r3, r3, r0
34185f62:	4553      	cmp	r3, sl
34185f64:	930a      	str	r3, [sp, #40]	@ 0x28
34185f66:	bfb8      	it	lt
34185f68:	4653      	movlt	r3, sl
34185f6a:	9304      	str	r3, [sp, #16]
34185f6c:	f7ff bb4d 	b.w	3418560a <_vfprintf_r+0x7a2>
34185f70:	4e43      	ldr	r6, [pc, #268]	@ (34186080 <_vfprintf_r+0x1218>)
34185f72:	9506      	str	r5, [sp, #24]
34185f74:	9b02      	ldr	r3, [sp, #8]
34185f76:	9a0b      	ldr	r2, [sp, #44]	@ 0x2c
34185f78:	069b      	lsls	r3, r3, #26
34185f7a:	f140 809c 	bpl.w	341860b6 <_vfprintf_r+0x124e>
34185f7e:	3207      	adds	r2, #7
34185f80:	f022 0207 	bic.w	r2, r2, #7
34185f84:	6851      	ldr	r1, [r2, #4]
34185f86:	f852 3b08 	ldr.w	r3, [r2], #8
34185f8a:	ea53 0001 	orrs.w	r0, r3, r1
34185f8e:	9d02      	ldr	r5, [sp, #8]
34185f90:	bf14      	ite	ne
34185f92:	2001      	movne	r0, #1
34185f94:	2000      	moveq	r0, #0
34185f96:	07ed      	lsls	r5, r5, #31
34185f98:	d502      	bpl.n	34185fa0 <_vfprintf_r+0x1138>
34185f9a:	2800      	cmp	r0, #0
34185f9c:	f040 80d5 	bne.w	3418614a <_vfprintf_r+0x12e2>
34185fa0:	2500      	movs	r5, #0
34185fa2:	45aa      	cmp	sl, r5
34185fa4:	f88d 5067 	strb.w	r5, [sp, #103]	@ 0x67
34185fa8:	f2c0 80ad 	blt.w	34186106 <_vfprintf_r+0x129e>
34185fac:	9d02      	ldr	r5, [sp, #8]
34185fae:	f425 6590 	bic.w	r5, r5, #1152	@ 0x480
34185fb2:	9502      	str	r5, [sp, #8]
34185fb4:	f040 80e0 	bne.w	34186178 <_vfprintf_r+0x1310>
34185fb8:	2800      	cmp	r0, #0
34185fba:	f040 80dd 	bne.w	34186178 <_vfprintf_r+0x1310>
34185fbe:	920b      	str	r2, [sp, #44]	@ 0x2c
34185fc0:	900d      	str	r0, [sp, #52]	@ 0x34
34185fc2:	f7ff ba90 	b.w	341854e6 <_vfprintf_r+0x67e>
34185fc6:	4e2d      	ldr	r6, [pc, #180]	@ (3418607c <_vfprintf_r+0x1214>)
34185fc8:	9506      	str	r5, [sp, #24]
34185fca:	e7d3      	b.n	34185f74 <_vfprintf_r+0x110c>
34185fcc:	9802      	ldr	r0, [sp, #8]
34185fce:	2478      	movs	r4, #120	@ 0x78
34185fd0:	920b      	str	r2, [sp, #44]	@ 0x2c
34185fd2:	2202      	movs	r2, #2
34185fd4:	f040 0002 	orr.w	r0, r0, #2
34185fd8:	4e28      	ldr	r6, [pc, #160]	@ (3418607c <_vfprintf_r+0x1214>)
34185fda:	920d      	str	r2, [sp, #52]	@ 0x34
34185fdc:	9002      	str	r0, [sp, #8]
34185fde:	4608      	mov	r0, r1
34185fe0:	ad52      	add	r5, sp, #328	@ 0x148
34185fe2:	f003 020f 	and.w	r2, r3, #15
34185fe6:	091b      	lsrs	r3, r3, #4
34185fe8:	5cb2      	ldrb	r2, [r6, r2]
34185fea:	ea43 7301 	orr.w	r3, r3, r1, lsl #28
34185fee:	0909      	lsrs	r1, r1, #4
34185ff0:	f805 2d01 	strb.w	r2, [r5, #-1]!
34185ff4:	ea53 0201 	orrs.w	r2, r3, r1
34185ff8:	d1f3      	bne.n	34185fe2 <_vfprintf_r+0x117a>
34185ffa:	ab52      	add	r3, sp, #328	@ 0x148
34185ffc:	1b5b      	subs	r3, r3, r5
34185ffe:	4553      	cmp	r3, sl
34186000:	930a      	str	r3, [sp, #40]	@ 0x28
34186002:	bfb8      	it	lt
34186004:	4653      	movlt	r3, sl
34186006:	9304      	str	r3, [sp, #16]
34186008:	f7ff ba19 	b.w	3418543e <_vfprintf_r+0x5d6>
3418600c:	aa26      	add	r2, sp, #152	@ 0x98
3418600e:	9903      	ldr	r1, [sp, #12]
34186010:	4658      	mov	r0, fp
34186012:	f001 fb55 	bl	341876c0 <__sprint_r>
34186016:	2800      	cmp	r0, #0
34186018:	f47f a871 	bne.w	341850fe <_vfprintf_r+0x296>
3418601c:	9a28      	ldr	r2, [sp, #160]	@ 0xa0
3418601e:	af29      	add	r7, sp, #164	@ 0xa4
34186020:	f7ff b8e2 	b.w	341851e8 <_vfprintf_r+0x380>
34186024:	aa26      	add	r2, sp, #152	@ 0x98
34186026:	9903      	ldr	r1, [sp, #12]
34186028:	4658      	mov	r0, fp
3418602a:	f001 fb49 	bl	341876c0 <__sprint_r>
3418602e:	2800      	cmp	r0, #0
34186030:	f47f a865 	bne.w	341850fe <_vfprintf_r+0x296>
34186034:	9a28      	ldr	r2, [sp, #160]	@ 0xa0
34186036:	af29      	add	r7, sp, #164	@ 0xa4
34186038:	f7ff bbaf 	b.w	3418579a <_vfprintf_r+0x932>
3418603c:	f043 0320 	orr.w	r3, r3, #32
34186040:	786c      	ldrb	r4, [r5, #1]
34186042:	3501      	adds	r5, #1
34186044:	9302      	str	r3, [sp, #8]
34186046:	f7fe bf88 	b.w	34184f5a <_vfprintf_r+0xf2>
3418604a:	f443 7300 	orr.w	r3, r3, #512	@ 0x200
3418604e:	786c      	ldrb	r4, [r5, #1]
34186050:	3501      	adds	r5, #1
34186052:	9302      	str	r3, [sp, #8]
34186054:	f7fe bf81 	b.w	34184f5a <_vfprintf_r+0xf2>
34186058:	4653      	mov	r3, sl
3418605a:	46aa      	mov	sl, r5
3418605c:	f8cd 802c 	str.w	r8, [sp, #44]	@ 0x2c
34186060:	2b06      	cmp	r3, #6
34186062:	f8cd a040 	str.w	sl, [sp, #64]	@ 0x40
34186066:	bf28      	it	cs
34186068:	2306      	movcs	r3, #6
3418606a:	e9cd aa0d 	strd	sl, sl, [sp, #52]	@ 0x34
3418606e:	e9cd 5309 	strd	r5, r3, [sp, #36]	@ 0x24
34186072:	9304      	str	r3, [sp, #16]
34186074:	4d03      	ldr	r5, [pc, #12]	@ (34186084 <_vfprintf_r+0x121c>)
34186076:	f7ff b886 	b.w	34185186 <_vfprintf_r+0x31e>
3418607a:	bf00      	nop
3418607c:	3418ac40 	.word	0x3418ac40
34186080:	3418ac54 	.word	0x3418ac54
34186084:	3418ac68 	.word	0x3418ac68
34186088:	2208      	movs	r2, #8
3418608a:	2100      	movs	r1, #0
3418608c:	a824      	add	r0, sp, #144	@ 0x90
3418608e:	ad39      	add	r5, sp, #228	@ 0xe4
34186090:	f7fe f93e 	bl	34184310 <memset>
34186094:	9a0b      	ldr	r2, [sp, #44]	@ 0x2c
34186096:	ab24      	add	r3, sp, #144	@ 0x90
34186098:	4658      	mov	r0, fp
3418609a:	6812      	ldr	r2, [r2, #0]
3418609c:	4629      	mov	r1, r5
3418609e:	f001 fdc3 	bl	34187c28 <_wcrtomb_r>
341860a2:	900a      	str	r0, [sp, #40]	@ 0x28
341860a4:	3001      	adds	r0, #1
341860a6:	f000 871b 	beq.w	34186ee0 <_vfprintf_r+0x2078>
341860aa:	9b0a      	ldr	r3, [sp, #40]	@ 0x28
341860ac:	ea23 73e3 	bic.w	r3, r3, r3, asr #31
341860b0:	9304      	str	r3, [sp, #16]
341860b2:	f7ff b94a 	b.w	3418534a <_vfprintf_r+0x4e2>
341860b6:	9902      	ldr	r1, [sp, #8]
341860b8:	f852 3b04 	ldr.w	r3, [r2], #4
341860bc:	06cd      	lsls	r5, r1, #27
341860be:	d420      	bmi.n	34186102 <_vfprintf_r+0x129a>
341860c0:	0648      	lsls	r0, r1, #25
341860c2:	d51a      	bpl.n	341860fa <_vfprintf_r+0x1292>
341860c4:	b29b      	uxth	r3, r3
341860c6:	2100      	movs	r1, #0
341860c8:	e75f      	b.n	34185f8a <_vfprintf_r+0x1122>
341860ca:	aa26      	add	r2, sp, #152	@ 0x98
341860cc:	9903      	ldr	r1, [sp, #12]
341860ce:	4658      	mov	r0, fp
341860d0:	f001 faf6 	bl	341876c0 <__sprint_r>
341860d4:	2800      	cmp	r0, #0
341860d6:	f47f a812 	bne.w	341850fe <_vfprintf_r+0x296>
341860da:	a929      	add	r1, sp, #164	@ 0xa4
341860dc:	e9dd 3227 	ldrd	r3, r2, [sp, #156]	@ 0x9c
341860e0:	e472      	b.n	341859c8 <_vfprintf_r+0xb60>
341860e2:	aa26      	add	r2, sp, #152	@ 0x98
341860e4:	9903      	ldr	r1, [sp, #12]
341860e6:	4658      	mov	r0, fp
341860e8:	f001 faea 	bl	341876c0 <__sprint_r>
341860ec:	2800      	cmp	r0, #0
341860ee:	f47f a806 	bne.w	341850fe <_vfprintf_r+0x296>
341860f2:	a929      	add	r1, sp, #164	@ 0xa4
341860f4:	e9dd 3227 	ldrd	r3, r2, [sp, #156]	@ 0x9c
341860f8:	e45a      	b.n	341859b0 <_vfprintf_r+0xb48>
341860fa:	9902      	ldr	r1, [sp, #8]
341860fc:	0589      	lsls	r1, r1, #22
341860fe:	f100 8246 	bmi.w	3418658e <_vfprintf_r+0x1726>
34186102:	2100      	movs	r1, #0
34186104:	e741      	b.n	34185f8a <_vfprintf_r+0x1122>
34186106:	9802      	ldr	r0, [sp, #8]
34186108:	950d      	str	r5, [sp, #52]	@ 0x34
3418610a:	f420 6080 	bic.w	r0, r0, #1024	@ 0x400
3418610e:	920b      	str	r2, [sp, #44]	@ 0x2c
34186110:	9002      	str	r0, [sp, #8]
34186112:	4628      	mov	r0, r5
34186114:	e764      	b.n	34185fe0 <_vfprintf_r+0x1178>
34186116:	aa26      	add	r2, sp, #152	@ 0x98
34186118:	9903      	ldr	r1, [sp, #12]
3418611a:	4658      	mov	r0, fp
3418611c:	f001 fad0 	bl	341876c0 <__sprint_r>
34186120:	2800      	cmp	r0, #0
34186122:	f47e afec 	bne.w	341850fe <_vfprintf_r+0x296>
34186126:	f89d 3067 	ldrb.w	r3, [sp, #103]	@ 0x67
3418612a:	9a28      	ldr	r2, [sp, #160]	@ 0xa0
3418612c:	2b00      	cmp	r3, #0
3418612e:	f000 8118 	beq.w	34186362 <_vfprintf_r+0x14fa>
34186132:	9e0c      	ldr	r6, [sp, #48]	@ 0x30
34186134:	af29      	add	r7, sp, #164	@ 0xa4
34186136:	f8dd c09c 	ldr.w	ip, [sp, #156]	@ 0x9c
3418613a:	900c      	str	r0, [sp, #48]	@ 0x30
3418613c:	f7ff b831 	b.w	341851a2 <_vfprintf_r+0x33a>
34186140:	4658      	mov	r0, fp
34186142:	f7fe f8bb 	bl	341842bc <__sinit>
34186146:	f7fe beb0 	b.w	34184eaa <_vfprintf_r+0x42>
3418614a:	2030      	movs	r0, #48	@ 0x30
3418614c:	f88d 4069 	strb.w	r4, [sp, #105]	@ 0x69
34186150:	f88d 0068 	strb.w	r0, [sp, #104]	@ 0x68
34186154:	2000      	movs	r0, #0
34186156:	4582      	cmp	sl, r0
34186158:	f88d 0067 	strb.w	r0, [sp, #103]	@ 0x67
3418615c:	f2c0 8277 	blt.w	3418664e <_vfprintf_r+0x17e6>
34186160:	9802      	ldr	r0, [sp, #8]
34186162:	f420 6090 	bic.w	r0, r0, #1152	@ 0x480
34186166:	f040 0002 	orr.w	r0, r0, #2
3418616a:	9002      	str	r0, [sp, #8]
3418616c:	2002      	movs	r0, #2
3418616e:	900d      	str	r0, [sp, #52]	@ 0x34
34186170:	f89d 0067 	ldrb.w	r0, [sp, #103]	@ 0x67
34186174:	920b      	str	r2, [sp, #44]	@ 0x2c
34186176:	e733      	b.n	34185fe0 <_vfprintf_r+0x1178>
34186178:	2000      	movs	r0, #0
3418617a:	900d      	str	r0, [sp, #52]	@ 0x34
3418617c:	e7f8      	b.n	34186170 <_vfprintf_r+0x1308>
3418617e:	aa26      	add	r2, sp, #152	@ 0x98
34186180:	9903      	ldr	r1, [sp, #12]
34186182:	4658      	mov	r0, fp
34186184:	f001 fa9c 	bl	341876c0 <__sprint_r>
34186188:	2800      	cmp	r0, #0
3418618a:	f47e afb8 	bne.w	341850fe <_vfprintf_r+0x296>
3418618e:	9a28      	ldr	r2, [sp, #160]	@ 0xa0
34186190:	af29      	add	r7, sp, #164	@ 0xa4
34186192:	f7ff baf0 	b.w	34185776 <_vfprintf_r+0x90e>
34186196:	2208      	movs	r2, #8
34186198:	2100      	movs	r1, #0
3418619a:	a824      	add	r0, sp, #144	@ 0x90
3418619c:	951d      	str	r5, [sp, #116]	@ 0x74
3418619e:	f7fe f8b7 	bl	34184310 <memset>
341861a2:	f1ba 0f00 	cmp.w	sl, #0
341861a6:	f2c0 8244 	blt.w	34186632 <_vfprintf_r+0x17ca>
341861aa:	2600      	movs	r6, #0
341861ac:	9704      	str	r7, [sp, #16]
341861ae:	4637      	mov	r7, r6
341861b0:	e00e      	b.n	341861d0 <_vfprintf_r+0x1368>
341861b2:	a939      	add	r1, sp, #228	@ 0xe4
341861b4:	4658      	mov	r0, fp
341861b6:	f001 fd37 	bl	34187c28 <_wcrtomb_r>
341861ba:	1c43      	adds	r3, r0, #1
341861bc:	f106 0604 	add.w	r6, r6, #4
341861c0:	4438      	add	r0, r7
341861c2:	f000 84ed 	beq.w	34186ba0 <_vfprintf_r+0x1d38>
341861c6:	4550      	cmp	r0, sl
341861c8:	dc07      	bgt.n	341861da <_vfprintf_r+0x1372>
341861ca:	f000 8534 	beq.w	34186c36 <_vfprintf_r+0x1dce>
341861ce:	4607      	mov	r7, r0
341861d0:	9a1d      	ldr	r2, [sp, #116]	@ 0x74
341861d2:	ab24      	add	r3, sp, #144	@ 0x90
341861d4:	5992      	ldr	r2, [r2, r6]
341861d6:	2a00      	cmp	r2, #0
341861d8:	d1eb      	bne.n	341861b2 <_vfprintf_r+0x134a>
341861da:	970a      	str	r7, [sp, #40]	@ 0x28
341861dc:	9f04      	ldr	r7, [sp, #16]
341861de:	9b0a      	ldr	r3, [sp, #40]	@ 0x28
341861e0:	2b00      	cmp	r3, #0
341861e2:	f000 82eb 	beq.w	341867bc <_vfprintf_r+0x1954>
341861e6:	2b63      	cmp	r3, #99	@ 0x63
341861e8:	f340 846a 	ble.w	34186ac0 <_vfprintf_r+0x1c58>
341861ec:	1c59      	adds	r1, r3, #1
341861ee:	4658      	mov	r0, fp
341861f0:	f7fe fb64 	bl	341848bc <_malloc_r>
341861f4:	4605      	mov	r5, r0
341861f6:	2800      	cmp	r0, #0
341861f8:	f000 86b2 	beq.w	34186f60 <_vfprintf_r+0x20f8>
341861fc:	9009      	str	r0, [sp, #36]	@ 0x24
341861fe:	2208      	movs	r2, #8
34186200:	2100      	movs	r1, #0
34186202:	a824      	add	r0, sp, #144	@ 0x90
34186204:	f7fe f884 	bl	34184310 <memset>
34186208:	9e0a      	ldr	r6, [sp, #40]	@ 0x28
3418620a:	ab24      	add	r3, sp, #144	@ 0x90
3418620c:	aa1d      	add	r2, sp, #116	@ 0x74
3418620e:	4629      	mov	r1, r5
34186210:	4658      	mov	r0, fp
34186212:	9300      	str	r3, [sp, #0]
34186214:	4633      	mov	r3, r6
34186216:	f001 fd2f 	bl	34187c78 <_wcsrtombs_r>
3418621a:	4286      	cmp	r6, r0
3418621c:	f040 869b 	bne.w	34186f56 <_vfprintf_r+0x20ee>
34186220:	990a      	ldr	r1, [sp, #40]	@ 0x28
34186222:	2300      	movs	r3, #0
34186224:	546b      	strb	r3, [r5, r1]
34186226:	ea21 71e1 	bic.w	r1, r1, r1, asr #31
3418622a:	f89d 2067 	ldrb.w	r2, [sp, #103]	@ 0x67
3418622e:	9104      	str	r1, [sp, #16]
34186230:	2a00      	cmp	r2, #0
34186232:	f040 846a 	bne.w	34186b0a <_vfprintf_r+0x1ca2>
34186236:	4692      	mov	sl, r2
34186238:	f8cd 802c 	str.w	r8, [sp, #44]	@ 0x2c
3418623c:	9210      	str	r2, [sp, #64]	@ 0x40
3418623e:	e9cd 220d 	strd	r2, r2, [sp, #52]	@ 0x34
34186242:	f7fe bfa0 	b.w	34185186 <_vfprintf_r+0x31e>
34186246:	9b02      	ldr	r3, [sp, #8]
34186248:	a952      	add	r1, sp, #328	@ 0x148
3418624a:	f04f 0c00 	mov.w	ip, #0
3418624e:	9704      	str	r7, [sp, #16]
34186250:	e9cd 4a09 	strd	r4, sl, [sp, #36]	@ 0x24
34186254:	f8dd a058 	ldr.w	sl, [sp, #88]	@ 0x58
34186258:	f403 6480 	and.w	r4, r3, #1024	@ 0x400
3418625c:	e026      	b.n	341862ac <_vfprintf_r+0x1444>
3418625e:	eb16 0308 	adds.w	r3, r6, r8
34186262:	4abd      	ldr	r2, [pc, #756]	@ (34186558 <_vfprintf_r+0x16f0>)
34186264:	46b6      	mov	lr, r6
34186266:	4640      	mov	r0, r8
34186268:	f143 0300 	adc.w	r3, r3, #0
3418626c:	4629      	mov	r1, r5
3418626e:	fba2 2703 	umull	r2, r7, r2, r3
34186272:	f027 0203 	bic.w	r2, r7, #3
34186276:	eb02 0297 	add.w	r2, r2, r7, lsr #2
3418627a:	f04f 37cc 	mov.w	r7, #3435973836	@ 0xcccccccc
3418627e:	1a9b      	subs	r3, r3, r2
34186280:	1af3      	subs	r3, r6, r3
34186282:	4eb5      	ldr	r6, [pc, #724]	@ (34186558 <_vfprintf_r+0x16f0>)
34186284:	f168 0800 	sbc.w	r8, r8, #0
34186288:	fb07 f203 	mul.w	r2, r7, r3
3418628c:	f1be 0f0a 	cmp.w	lr, #10
34186290:	fb06 2208 	mla	r2, r6, r8, r2
34186294:	fba3 6306 	umull	r6, r3, r3, r6
34186298:	f170 0000 	sbcs.w	r0, r0, #0
3418629c:	4413      	add	r3, r2
3418629e:	ea4f 0656 	mov.w	r6, r6, lsr #1
341862a2:	ea4f 0853 	mov.w	r8, r3, lsr #1
341862a6:	ea46 76c3 	orr.w	r6, r6, r3, lsl #31
341862aa:	d32d      	bcc.n	34186308 <_vfprintf_r+0x14a0>
341862ac:	eb16 0308 	adds.w	r3, r6, r8
341862b0:	4fa9      	ldr	r7, [pc, #676]	@ (34186558 <_vfprintf_r+0x16f0>)
341862b2:	f10c 0c01 	add.w	ip, ip, #1
341862b6:	f101 35ff 	add.w	r5, r1, #4294967295	@ 0xffffffff
341862ba:	f143 0300 	adc.w	r3, r3, #0
341862be:	fba7 2003 	umull	r2, r0, r7, r3
341862c2:	f020 0203 	bic.w	r2, r0, #3
341862c6:	eb02 0290 	add.w	r2, r2, r0, lsr #2
341862ca:	1a9b      	subs	r3, r3, r2
341862cc:	1af3      	subs	r3, r6, r3
341862ce:	fba3 3207 	umull	r3, r2, r3, r7
341862d2:	f168 0000 	sbc.w	r0, r8, #0
341862d6:	085b      	lsrs	r3, r3, #1
341862d8:	fb07 2200 	mla	r2, r7, r0, r2
341862dc:	ea43 73c2 	orr.w	r3, r3, r2, lsl #31
341862e0:	eb03 0383 	add.w	r3, r3, r3, lsl #2
341862e4:	eba6 0343 	sub.w	r3, r6, r3, lsl #1
341862e8:	3330      	adds	r3, #48	@ 0x30
341862ea:	f801 3c01 	strb.w	r3, [r1, #-1]
341862ee:	2c00      	cmp	r4, #0
341862f0:	d0b5      	beq.n	3418625e <_vfprintf_r+0x13f6>
341862f2:	f89a 3000 	ldrb.w	r3, [sl]
341862f6:	2bff      	cmp	r3, #255	@ 0xff
341862f8:	d0b1      	beq.n	3418625e <_vfprintf_r+0x13f6>
341862fa:	4563      	cmp	r3, ip
341862fc:	d1af      	bne.n	3418625e <_vfprintf_r+0x13f6>
341862fe:	2e0a      	cmp	r6, #10
34186300:	f178 0300 	sbcs.w	r3, r8, #0
34186304:	f080 8359 	bcs.w	341869ba <_vfprintf_r+0x1b52>
34186308:	ab52      	add	r3, sp, #328	@ 0x148
3418630a:	f8cd a058 	str.w	sl, [sp, #88]	@ 0x58
3418630e:	f8dd a028 	ldr.w	sl, [sp, #40]	@ 0x28
34186312:	2200      	movs	r2, #0
34186314:	1b5b      	subs	r3, r3, r5
34186316:	9f04      	ldr	r7, [sp, #16]
34186318:	9c09      	ldr	r4, [sp, #36]	@ 0x24
3418631a:	4553      	cmp	r3, sl
3418631c:	930a      	str	r3, [sp, #40]	@ 0x28
3418631e:	f89d 0067 	ldrb.w	r0, [sp, #103]	@ 0x67
34186322:	bfb8      	it	lt
34186324:	4653      	movlt	r3, sl
34186326:	f8cd c03c 	str.w	ip, [sp, #60]	@ 0x3c
3418632a:	920d      	str	r2, [sp, #52]	@ 0x34
3418632c:	9304      	str	r3, [sp, #16]
3418632e:	f7ff b886 	b.w	3418543e <_vfprintf_r+0x5d6>
34186332:	46b0      	mov	r8, r6
34186334:	3301      	adds	r3, #1
34186336:	4422      	add	r2, r4
34186338:	f8c7 8000 	str.w	r8, [r7]
3418633c:	2b07      	cmp	r3, #7
3418633e:	607c      	str	r4, [r7, #4]
34186340:	e9cd 3227 	strd	r3, r2, [sp, #156]	@ 0x9c
34186344:	f77e af65 	ble.w	34185212 <_vfprintf_r+0x3aa>
34186348:	f7ff bb15 	b.w	34185976 <_vfprintf_r+0xb0e>
3418634c:	2002      	movs	r0, #2
3418634e:	4e83      	ldr	r6, [pc, #524]	@ (3418655c <_vfprintf_r+0x16f4>)
34186350:	2478      	movs	r4, #120	@ 0x78
34186352:	900d      	str	r0, [sp, #52]	@ 0x34
34186354:	e70c      	b.n	34186170 <_vfprintf_r+0x1308>
34186356:	9a0b      	ldr	r2, [sp, #44]	@ 0x2c
34186358:	9907      	ldr	r1, [sp, #28]
3418635a:	6812      	ldr	r2, [r2, #0]
3418635c:	6011      	str	r1, [r2, #0]
3418635e:	f7ff b91a 	b.w	34185596 <_vfprintf_r+0x72e>
34186362:	990c      	ldr	r1, [sp, #48]	@ 0x30
34186364:	2900      	cmp	r1, #0
34186366:	f000 80e6 	beq.w	34186536 <_vfprintf_r+0x16ce>
3418636a:	f8dd c09c 	ldr.w	ip, [sp, #156]	@ 0x9c
3418636e:	af29      	add	r7, sp, #164	@ 0xa4
34186370:	930c      	str	r3, [sp, #48]	@ 0x30
34186372:	f7fe bf27 	b.w	341851c4 <_vfprintf_r+0x35c>
34186376:	2c10      	cmp	r4, #16
34186378:	9b27      	ldr	r3, [sp, #156]	@ 0x9c
3418637a:	f340 85ad 	ble.w	34186ed8 <_vfprintf_r+0x2070>
3418637e:	46a8      	mov	r8, r5
34186380:	2610      	movs	r6, #16
34186382:	f8dd a00c 	ldr.w	sl, [sp, #12]
34186386:	4d76      	ldr	r5, [pc, #472]	@ (34186560 <_vfprintf_r+0x16f8>)
34186388:	e003      	b.n	34186392 <_vfprintf_r+0x152a>
3418638a:	3c10      	subs	r4, #16
3418638c:	2c10      	cmp	r4, #16
3418638e:	f340 8140 	ble.w	34186612 <_vfprintf_r+0x17aa>
34186392:	3301      	adds	r3, #1
34186394:	3210      	adds	r2, #16
34186396:	2b07      	cmp	r3, #7
34186398:	e9c7 5600 	strd	r5, r6, [r7]
3418639c:	e9cd 3227 	strd	r3, r2, [sp, #156]	@ 0x9c
341863a0:	f107 0708 	add.w	r7, r7, #8
341863a4:	ddf1      	ble.n	3418638a <_vfprintf_r+0x1522>
341863a6:	aa26      	add	r2, sp, #152	@ 0x98
341863a8:	4651      	mov	r1, sl
341863aa:	4658      	mov	r0, fp
341863ac:	f001 f988 	bl	341876c0 <__sprint_r>
341863b0:	2800      	cmp	r0, #0
341863b2:	f47e aea4 	bne.w	341850fe <_vfprintf_r+0x296>
341863b6:	af29      	add	r7, sp, #164	@ 0xa4
341863b8:	e9dd 3227 	ldrd	r3, r2, [sp, #156]	@ 0x9c
341863bc:	e7e5      	b.n	3418638a <_vfprintf_r+0x1522>
341863be:	46b8      	mov	r8, r7
341863c0:	3301      	adds	r3, #1
341863c2:	4432      	add	r2, r6
341863c4:	f8c1 8000 	str.w	r8, [r1]
341863c8:	2b07      	cmp	r3, #7
341863ca:	604e      	str	r6, [r1, #4]
341863cc:	e9cd 3227 	strd	r3, r2, [sp, #156]	@ 0x9c
341863d0:	f77f ab0c 	ble.w	341859ec <_vfprintf_r+0xb84>
341863d4:	f7ff bbd2 	b.w	34185b7c <_vfprintf_r+0xd14>
341863d8:	9802      	ldr	r0, [sp, #8]
341863da:	f410 7500 	ands.w	r5, r0, #512	@ 0x200
341863de:	950d      	str	r5, [sp, #52]	@ 0x34
341863e0:	f040 80c6 	bne.w	34186570 <_vfprintf_r+0x1708>
341863e4:	990d      	ldr	r1, [sp, #52]	@ 0x34
341863e6:	f1ba 0f00 	cmp.w	sl, #0
341863ea:	461e      	mov	r6, r3
341863ec:	4688      	mov	r8, r1
341863ee:	f88d 1067 	strb.w	r1, [sp, #103]	@ 0x67
341863f2:	f2c0 80cf 	blt.w	34186594 <_vfprintf_r+0x172c>
341863f6:	9902      	ldr	r1, [sp, #8]
341863f8:	920b      	str	r2, [sp, #44]	@ 0x2c
341863fa:	f021 0180 	bic.w	r1, r1, #128	@ 0x80
341863fe:	9102      	str	r1, [sp, #8]
34186400:	f47f a808 	bne.w	34185414 <_vfprintf_r+0x5ac>
34186404:	2b00      	cmp	r3, #0
34186406:	f43f a86e 	beq.w	341854e6 <_vfprintf_r+0x67e>
3418640a:	f7ff b803 	b.w	34185414 <_vfprintf_r+0x5ac>
3418640e:	9802      	ldr	r0, [sp, #8]
34186410:	f410 7100 	ands.w	r1, r0, #512	@ 0x200
34186414:	f000 80b7 	beq.w	34186586 <_vfprintf_r+0x171e>
34186418:	b2db      	uxtb	r3, r3
3418641a:	2100      	movs	r1, #0
3418641c:	920b      	str	r2, [sp, #44]	@ 0x2c
3418641e:	f7ff b88d 	b.w	3418553c <_vfprintf_r+0x6d4>
34186422:	9b02      	ldr	r3, [sp, #8]
34186424:	920b      	str	r2, [sp, #44]	@ 0x2c
34186426:	0598      	lsls	r0, r3, #22
34186428:	f140 8091 	bpl.w	3418654e <_vfprintf_r+0x16e6>
3418642c:	f346 18c0 	sbfx	r8, r6, #7, #1
34186430:	b276      	sxtb	r6, r6
34186432:	4643      	mov	r3, r8
34186434:	f7fe bf56 	b.w	341852e4 <_vfprintf_r+0x47c>
34186438:	9b02      	ldr	r3, [sp, #8]
3418643a:	f1ba 3fff 	cmp.w	sl, #4294967295	@ 0xffffffff
3418643e:	f443 7380 	orr.w	r3, r3, #256	@ 0x100
34186442:	930c      	str	r3, [sp, #48]	@ 0x30
34186444:	ee18 3a90 	vmov	r3, s17
34186448:	f000 80c4 	beq.w	341865d4 <_vfprintf_r+0x176c>
3418644c:	f1ba 0f00 	cmp.w	sl, #0
34186450:	d102      	bne.n	34186458 <_vfprintf_r+0x15f0>
34186452:	2e47      	cmp	r6, #71	@ 0x47
34186454:	f000 84cb 	beq.w	34186dee <_vfprintf_r+0x1f86>
34186458:	2b00      	cmp	r3, #0
3418645a:	f2c0 83e7 	blt.w	34186c2c <_vfprintf_r+0x1dc4>
3418645e:	eeb0 7b48 	vmov.f64	d7, d8
34186462:	f04f 0800 	mov.w	r8, #0
34186466:	2c65      	cmp	r4, #101	@ 0x65
34186468:	f000 8302 	beq.w	34186a70 <_vfprintf_r+0x1c08>
3418646c:	f300 81b6 	bgt.w	341867dc <_vfprintf_r+0x1974>
34186470:	2c45      	cmp	r4, #69	@ 0x45
34186472:	f000 82fd 	beq.w	34186a70 <_vfprintf_r+0x1c08>
34186476:	2c46      	cmp	r4, #70	@ 0x46
34186478:	f040 81b3 	bne.w	341867e2 <_vfprintf_r+0x197a>
3418647c:	2103      	movs	r1, #3
3418647e:	f8cd a03c 	str.w	sl, [sp, #60]	@ 0x3c
34186482:	ab24      	add	r3, sp, #144	@ 0x90
34186484:	eeb0 0b47 	vmov.f64	d0, d7
34186488:	9a0f      	ldr	r2, [sp, #60]	@ 0x3c
3418648a:	4658      	mov	r0, fp
3418648c:	9301      	str	r3, [sp, #4]
3418648e:	ab1d      	add	r3, sp, #116	@ 0x74
34186490:	9300      	str	r3, [sp, #0]
34186492:	ab1b      	add	r3, sp, #108	@ 0x6c
34186494:	ed8d 7b04 	vstr	d7, [sp, #16]
34186498:	f001 fcde 	bl	34187e58 <_dtoa_r>
3418649c:	9b0f      	ldr	r3, [sp, #60]	@ 0x3c
3418649e:	2e46      	cmp	r6, #70	@ 0x46
341864a0:	4605      	mov	r5, r0
341864a2:	eb00 0103 	add.w	r1, r0, r3
341864a6:	ed9d 7b04 	vldr	d7, [sp, #16]
341864aa:	f040 83d3 	bne.w	34186c54 <_vfprintf_r+0x1dec>
341864ae:	782b      	ldrb	r3, [r5, #0]
341864b0:	2b30      	cmp	r3, #48	@ 0x30
341864b2:	f000 83c5 	beq.w	34186c40 <_vfprintf_r+0x1dd8>
341864b6:	eeb5 7b40 	vcmp.f64	d7, #0.0
341864ba:	9a1b      	ldr	r2, [sp, #108]	@ 0x6c
341864bc:	4411      	add	r1, r2
341864be:	eef1 fa10 	vmrs	APSR_nzcv, fpscr
341864c2:	f040 84bc 	bne.w	34186e3e <_vfprintf_r+0x1fd6>
341864c6:	920d      	str	r2, [sp, #52]	@ 0x34
341864c8:	1b4b      	subs	r3, r1, r5
341864ca:	930f      	str	r3, [sp, #60]	@ 0x3c
341864cc:	9b02      	ldr	r3, [sp, #8]
341864ce:	9a0d      	ldr	r2, [sp, #52]	@ 0x34
341864d0:	f003 0301 	and.w	r3, r3, #1
341864d4:	2a00      	cmp	r2, #0
341864d6:	ea43 030a 	orr.w	r3, r3, sl
341864da:	f340 84da 	ble.w	34186e92 <_vfprintf_r+0x202a>
341864de:	2b00      	cmp	r3, #0
341864e0:	f040 83f0 	bne.w	34186cc4 <_vfprintf_r+0x1e5c>
341864e4:	9b0d      	ldr	r3, [sp, #52]	@ 0x34
341864e6:	2466      	movs	r4, #102	@ 0x66
341864e8:	930a      	str	r3, [sp, #40]	@ 0x28
341864ea:	9b02      	ldr	r3, [sp, #8]
341864ec:	055b      	lsls	r3, r3, #21
341864ee:	f100 83ca 	bmi.w	34186c86 <_vfprintf_r+0x1e1e>
341864f2:	9b0a      	ldr	r3, [sp, #40]	@ 0x28
341864f4:	ea23 73e3 	bic.w	r3, r3, r3, asr #31
341864f8:	9304      	str	r3, [sp, #16]
341864fa:	f1b8 0f00 	cmp.w	r8, #0
341864fe:	f000 82a6 	beq.w	34186a4e <_vfprintf_r+0x1be6>
34186502:	9b04      	ldr	r3, [sp, #16]
34186504:	2200      	movs	r2, #0
34186506:	3301      	adds	r3, #1
34186508:	4692      	mov	sl, r2
3418650a:	9209      	str	r2, [sp, #36]	@ 0x24
3418650c:	9304      	str	r3, [sp, #16]
3418650e:	9b0c      	ldr	r3, [sp, #48]	@ 0x30
34186510:	9210      	str	r2, [sp, #64]	@ 0x40
34186512:	9302      	str	r3, [sp, #8]
34186514:	232d      	movs	r3, #45	@ 0x2d
34186516:	920e      	str	r2, [sp, #56]	@ 0x38
34186518:	f88d 3067 	strb.w	r3, [sp, #103]	@ 0x67
3418651c:	f7fe be33 	b.w	34185186 <_vfprintf_r+0x31e>
34186520:	ad52      	add	r5, sp, #328	@ 0x148
34186522:	9009      	str	r0, [sp, #36]	@ 0x24
34186524:	900a      	str	r0, [sp, #40]	@ 0x28
34186526:	f8cd a040 	str.w	sl, [sp, #64]	@ 0x40
3418652a:	f8cd a010 	str.w	sl, [sp, #16]
3418652e:	e9cd aa0d 	strd	sl, sl, [sp, #52]	@ 0x34
34186532:	f7fe be28 	b.w	34185186 <_vfprintf_r+0x31e>
34186536:	af29      	add	r7, sp, #164	@ 0xa4
34186538:	f7fe be56 	b.w	341851e8 <_vfprintf_r+0x380>
3418653c:	441d      	add	r5, r3
3418653e:	1b1c      	subs	r4, r3, r4
34186540:	eba5 050a 	sub.w	r5, r5, sl
34186544:	42a5      	cmp	r5, r4
34186546:	bfa8      	it	ge
34186548:	4625      	movge	r5, r4
3418654a:	f7ff bba1 	b.w	34185c90 <_vfprintf_r+0xe28>
3418654e:	ea4f 78e6 	mov.w	r8, r6, asr #31
34186552:	4643      	mov	r3, r8
34186554:	f7fe bec6 	b.w	341852e4 <_vfprintf_r+0x47c>
34186558:	cccccccd 	.word	0xcccccccd
3418655c:	3418ac40 	.word	0x3418ac40
34186560:	3418aeb4 	.word	0x3418aeb4
34186564:	9a0b      	ldr	r2, [sp, #44]	@ 0x2c
34186566:	9907      	ldr	r1, [sp, #28]
34186568:	6812      	ldr	r2, [r2, #0]
3418656a:	8011      	strh	r1, [r2, #0]
3418656c:	f7ff b813 	b.w	34185596 <_vfprintf_r+0x72e>
34186570:	f04f 0800 	mov.w	r8, #0
34186574:	b2db      	uxtb	r3, r3
34186576:	f88d 1067 	strb.w	r1, [sp, #103]	@ 0x67
3418657a:	45c2      	cmp	sl, r8
3418657c:	461e      	mov	r6, r3
3418657e:	db09      	blt.n	34186594 <_vfprintf_r+0x172c>
34186580:	f020 0180 	bic.w	r1, r0, #128	@ 0x80
34186584:	e4cd      	b.n	34185f22 <_vfprintf_r+0x10ba>
34186586:	9802      	ldr	r0, [sp, #8]
34186588:	920b      	str	r2, [sp, #44]	@ 0x2c
3418658a:	f7fe bfd7 	b.w	3418553c <_vfprintf_r+0x6d4>
3418658e:	b2db      	uxtb	r3, r3
34186590:	2100      	movs	r1, #0
34186592:	e4fa      	b.n	34185f8a <_vfprintf_r+0x1122>
34186594:	920b      	str	r2, [sp, #44]	@ 0x2c
34186596:	f7fe bf3d 	b.w	34185414 <_vfprintf_r+0x5ac>
3418659a:	aa26      	add	r2, sp, #152	@ 0x98
3418659c:	9903      	ldr	r1, [sp, #12]
3418659e:	4658      	mov	r0, fp
341865a0:	f001 f88e 	bl	341876c0 <__sprint_r>
341865a4:	2800      	cmp	r0, #0
341865a6:	f43e ad94 	beq.w	341850d2 <_vfprintf_r+0x26a>
341865aa:	f7fe bdae 	b.w	3418510a <_vfprintf_r+0x2a2>
341865ae:	4628      	mov	r0, r5
341865b0:	f7fd ffb0 	bl	34184514 <strlen>
341865b4:	f89d 3067 	ldrb.w	r3, [sp, #103]	@ 0x67
341865b8:	ea20 72e0 	bic.w	r2, r0, r0, asr #31
341865bc:	900a      	str	r0, [sp, #40]	@ 0x28
341865be:	9204      	str	r2, [sp, #16]
341865c0:	2b00      	cmp	r3, #0
341865c2:	f43e aefa 	beq.w	341853ba <_vfprintf_r+0x552>
341865c6:	f7fe bef6 	b.w	341853b6 <_vfprintf_r+0x54e>
341865ca:	6d88      	ldr	r0, [r1, #88]	@ 0x58
341865cc:	f7fd ff2a 	bl	34184424 <__retarget_lock_release_recursive>
341865d0:	f7fe bd50 	b.w	34185074 <_vfprintf_r+0x20c>
341865d4:	2b00      	cmp	r3, #0
341865d6:	f2c0 8418 	blt.w	34186e0a <_vfprintf_r+0x1fa2>
341865da:	eeb0 7b48 	vmov.f64	d7, d8
341865de:	f04f 0800 	mov.w	r8, #0
341865e2:	f04f 0a06 	mov.w	sl, #6
341865e6:	e73e      	b.n	34186466 <_vfprintf_r+0x15fe>
341865e8:	f10a 0101 	add.w	r1, sl, #1
341865ec:	4658      	mov	r0, fp
341865ee:	f7fe f965 	bl	341848bc <_malloc_r>
341865f2:	4605      	mov	r5, r0
341865f4:	2800      	cmp	r0, #0
341865f6:	f000 8473 	beq.w	34186ee0 <_vfprintf_r+0x2078>
341865fa:	ee18 3a90 	vmov	r3, s17
341865fe:	2b00      	cmp	r3, #0
34186600:	f2c0 8416 	blt.w	34186e30 <_vfprintf_r+0x1fc8>
34186604:	eeb0 0b48 	vmov.f64	d0, d8
34186608:	f04f 0800 	mov.w	r8, #0
3418660c:	9009      	str	r0, [sp, #36]	@ 0x24
3418660e:	f7ff bbc4 	b.w	34185d9a <_vfprintf_r+0xf32>
34186612:	4629      	mov	r1, r5
34186614:	4645      	mov	r5, r8
34186616:	4688      	mov	r8, r1
34186618:	3301      	adds	r3, #1
3418661a:	4422      	add	r2, r4
3418661c:	f8c7 8000 	str.w	r8, [r7]
34186620:	2b07      	cmp	r3, #7
34186622:	607c      	str	r4, [r7, #4]
34186624:	e9cd 3227 	strd	r3, r2, [sp, #156]	@ 0x9c
34186628:	f300 828c 	bgt.w	34186b44 <_vfprintf_r+0x1cdc>
3418662c:	3708      	adds	r7, #8
3418662e:	f7ff bafd 	b.w	34185c2c <_vfprintf_r+0xdc4>
34186632:	ab24      	add	r3, sp, #144	@ 0x90
34186634:	aa1d      	add	r2, sp, #116	@ 0x74
34186636:	4658      	mov	r0, fp
34186638:	9300      	str	r3, [sp, #0]
3418663a:	2300      	movs	r3, #0
3418663c:	4619      	mov	r1, r3
3418663e:	f001 fb1b 	bl	34187c78 <_wcsrtombs_r>
34186642:	900a      	str	r0, [sp, #40]	@ 0x28
34186644:	3001      	adds	r0, #1
34186646:	f000 82ab 	beq.w	34186ba0 <_vfprintf_r+0x1d38>
3418664a:	951d      	str	r5, [sp, #116]	@ 0x74
3418664c:	e5c7      	b.n	341861de <_vfprintf_r+0x1376>
3418664e:	9d02      	ldr	r5, [sp, #8]
34186650:	920b      	str	r2, [sp, #44]	@ 0x2c
34186652:	f425 6580 	bic.w	r5, r5, #1024	@ 0x400
34186656:	f045 0202 	orr.w	r2, r5, #2
3418665a:	9202      	str	r2, [sp, #8]
3418665c:	2202      	movs	r2, #2
3418665e:	920d      	str	r2, [sp, #52]	@ 0x34
34186660:	e4be      	b.n	34185fe0 <_vfprintf_r+0x1178>
34186662:	920b      	str	r2, [sp, #44]	@ 0x2c
34186664:	f7fe bed5 	b.w	34185412 <_vfprintf_r+0x5aa>
34186668:	9b0e      	ldr	r3, [sp, #56]	@ 0x38
3418666a:	9810      	ldr	r0, [sp, #64]	@ 0x40
3418666c:	4303      	orrs	r3, r0
3418666e:	9b0f      	ldr	r3, [sp, #60]	@ 0x3c
34186670:	442b      	add	r3, r5
34186672:	f000 8469 	beq.w	34186f48 <_vfprintf_r+0x20e0>
34186676:	4656      	mov	r6, sl
34186678:	4639      	mov	r1, r7
3418667a:	f8df 8410 	ldr.w	r8, [pc, #1040]	@ 34186a8c <_vfprintf_r+0x1c24>
3418667e:	4607      	mov	r7, r0
34186680:	f8dd a058 	ldr.w	sl, [sp, #88]	@ 0x58
34186684:	9517      	str	r5, [sp, #92]	@ 0x5c
34186686:	2f00      	cmp	r7, #0
34186688:	dc32      	bgt.n	341866f0 <_vfprintf_r+0x1888>
3418668a:	980e      	ldr	r0, [sp, #56]	@ 0x38
3418668c:	f10a 3aff 	add.w	sl, sl, #4294967295	@ 0xffffffff
34186690:	3801      	subs	r0, #1
34186692:	900e      	str	r0, [sp, #56]	@ 0x38
34186694:	9814      	ldr	r0, [sp, #80]	@ 0x50
34186696:	9c15      	ldr	r4, [sp, #84]	@ 0x54
34186698:	4402      	add	r2, r0
3418669a:	e9c1 4000 	strd	r4, r0, [r1]
3418669e:	9827      	ldr	r0, [sp, #156]	@ 0x9c
341866a0:	9228      	str	r2, [sp, #160]	@ 0xa0
341866a2:	3001      	adds	r0, #1
341866a4:	2807      	cmp	r0, #7
341866a6:	9027      	str	r0, [sp, #156]	@ 0x9c
341866a8:	dc47      	bgt.n	3418673a <_vfprintf_r+0x18d2>
341866aa:	3108      	adds	r1, #8
341866ac:	1b9d      	subs	r5, r3, r6
341866ae:	f89a 0000 	ldrb.w	r0, [sl]
341866b2:	930a      	str	r3, [sp, #40]	@ 0x28
341866b4:	4285      	cmp	r5, r0
341866b6:	bfa8      	it	ge
341866b8:	4605      	movge	r5, r0
341866ba:	2d00      	cmp	r5, #0
341866bc:	dd0b      	ble.n	341866d6 <_vfprintf_r+0x186e>
341866be:	9827      	ldr	r0, [sp, #156]	@ 0x9c
341866c0:	442a      	add	r2, r5
341866c2:	3001      	adds	r0, #1
341866c4:	9228      	str	r2, [sp, #160]	@ 0xa0
341866c6:	2807      	cmp	r0, #7
341866c8:	9027      	str	r0, [sp, #156]	@ 0x9c
341866ca:	e9c1 6500 	strd	r6, r5, [r1]
341866ce:	dc52      	bgt.n	34186776 <_vfprintf_r+0x190e>
341866d0:	3108      	adds	r1, #8
341866d2:	f89a 0000 	ldrb.w	r0, [sl]
341866d6:	2d00      	cmp	r5, #0
341866d8:	bfac      	ite	ge
341866da:	1b44      	subge	r4, r0, r5
341866dc:	4604      	movlt	r4, r0
341866de:	2c00      	cmp	r4, #0
341866e0:	dc08      	bgt.n	341866f4 <_vfprintf_r+0x188c>
341866e2:	4406      	add	r6, r0
341866e4:	980e      	ldr	r0, [sp, #56]	@ 0x38
341866e6:	2800      	cmp	r0, #0
341866e8:	dccd      	bgt.n	34186686 <_vfprintf_r+0x181e>
341866ea:	2f00      	cmp	r7, #0
341866ec:	f340 8365 	ble.w	34186dba <_vfprintf_r+0x1f52>
341866f0:	3f01      	subs	r7, #1
341866f2:	e7cf      	b.n	34186694 <_vfprintf_r+0x182c>
341866f4:	2c10      	cmp	r4, #16
341866f6:	9827      	ldr	r0, [sp, #156]	@ 0x9c
341866f8:	f340 83aa 	ble.w	34186e50 <_vfprintf_r+0x1fe8>
341866fc:	2510      	movs	r5, #16
341866fe:	9310      	str	r3, [sp, #64]	@ 0x40
34186700:	e9cd 680c 	strd	r6, r8, [sp, #48]	@ 0x30
34186704:	9e03      	ldr	r6, [sp, #12]
34186706:	e002      	b.n	3418670e <_vfprintf_r+0x18a6>
34186708:	3c10      	subs	r4, #16
3418670a:	2c10      	cmp	r4, #16
3418670c:	dd22      	ble.n	34186754 <_vfprintf_r+0x18ec>
3418670e:	3001      	adds	r0, #1
34186710:	3210      	adds	r2, #16
34186712:	2807      	cmp	r0, #7
34186714:	e9c1 8500 	strd	r8, r5, [r1]
34186718:	e9cd 0227 	strd	r0, r2, [sp, #156]	@ 0x9c
3418671c:	f101 0108 	add.w	r1, r1, #8
34186720:	ddf2      	ble.n	34186708 <_vfprintf_r+0x18a0>
34186722:	aa26      	add	r2, sp, #152	@ 0x98
34186724:	4631      	mov	r1, r6
34186726:	4658      	mov	r0, fp
34186728:	f000 ffca 	bl	341876c0 <__sprint_r>
3418672c:	2800      	cmp	r0, #0
3418672e:	f47e ace6 	bne.w	341850fe <_vfprintf_r+0x296>
34186732:	a929      	add	r1, sp, #164	@ 0xa4
34186734:	e9dd 0227 	ldrd	r0, r2, [sp, #156]	@ 0x9c
34186738:	e7e6      	b.n	34186708 <_vfprintf_r+0x18a0>
3418673a:	aa26      	add	r2, sp, #152	@ 0x98
3418673c:	9903      	ldr	r1, [sp, #12]
3418673e:	4658      	mov	r0, fp
34186740:	930a      	str	r3, [sp, #40]	@ 0x28
34186742:	f000 ffbd 	bl	341876c0 <__sprint_r>
34186746:	2800      	cmp	r0, #0
34186748:	f47e acd9 	bne.w	341850fe <_vfprintf_r+0x296>
3418674c:	9a28      	ldr	r2, [sp, #160]	@ 0xa0
3418674e:	a929      	add	r1, sp, #164	@ 0xa4
34186750:	9b0a      	ldr	r3, [sp, #40]	@ 0x28
34186752:	e7ab      	b.n	341866ac <_vfprintf_r+0x1844>
34186754:	e9dd 6c0c 	ldrd	r6, ip, [sp, #48]	@ 0x30
34186758:	9b10      	ldr	r3, [sp, #64]	@ 0x40
3418675a:	3001      	adds	r0, #1
3418675c:	4422      	add	r2, r4
3418675e:	f8c1 c000 	str.w	ip, [r1]
34186762:	2807      	cmp	r0, #7
34186764:	604c      	str	r4, [r1, #4]
34186766:	e9cd 0227 	strd	r0, r2, [sp, #156]	@ 0x9c
3418676a:	f300 80f8 	bgt.w	3418695e <_vfprintf_r+0x1af6>
3418676e:	3108      	adds	r1, #8
34186770:	f89a 0000 	ldrb.w	r0, [sl]
34186774:	e7b5      	b.n	341866e2 <_vfprintf_r+0x187a>
34186776:	aa26      	add	r2, sp, #152	@ 0x98
34186778:	9903      	ldr	r1, [sp, #12]
3418677a:	4658      	mov	r0, fp
3418677c:	930c      	str	r3, [sp, #48]	@ 0x30
3418677e:	f000 ff9f 	bl	341876c0 <__sprint_r>
34186782:	2800      	cmp	r0, #0
34186784:	f47e acbb 	bne.w	341850fe <_vfprintf_r+0x296>
34186788:	f89a 0000 	ldrb.w	r0, [sl]
3418678c:	a929      	add	r1, sp, #164	@ 0xa4
3418678e:	9a28      	ldr	r2, [sp, #160]	@ 0xa0
34186790:	9b0c      	ldr	r3, [sp, #48]	@ 0x30
34186792:	e7a0      	b.n	341866d6 <_vfprintf_r+0x186e>
34186794:	232d      	movs	r3, #45	@ 0x2d
34186796:	2203      	movs	r2, #3
34186798:	2c47      	cmp	r4, #71	@ 0x47
3418679a:	f88d 3067 	strb.w	r3, [sp, #103]	@ 0x67
3418679e:	f04f 0300 	mov.w	r3, #0
341867a2:	e9cd 3209 	strd	r3, r2, [sp, #36]	@ 0x24
341867a6:	f340 8189 	ble.w	34186abc <_vfprintf_r+0x1c54>
341867aa:	4db6      	ldr	r5, [pc, #728]	@ (34186a84 <_vfprintf_r+0x1c1c>)
341867ac:	2204      	movs	r2, #4
341867ae:	469a      	mov	sl, r3
341867b0:	9310      	str	r3, [sp, #64]	@ 0x40
341867b2:	9204      	str	r2, [sp, #16]
341867b4:	e9cd 330d 	strd	r3, r3, [sp, #52]	@ 0x34
341867b8:	f7fe bce5 	b.w	34185186 <_vfprintf_r+0x31e>
341867bc:	f89d 3067 	ldrb.w	r3, [sp, #103]	@ 0x67
341867c0:	f8cd 802c 	str.w	r8, [sp, #44]	@ 0x2c
341867c4:	3b00      	subs	r3, #0
341867c6:	bf18      	it	ne
341867c8:	2301      	movne	r3, #1
341867ca:	9304      	str	r3, [sp, #16]
341867cc:	9b0a      	ldr	r3, [sp, #40]	@ 0x28
341867ce:	469a      	mov	sl, r3
341867d0:	9310      	str	r3, [sp, #64]	@ 0x40
341867d2:	9309      	str	r3, [sp, #36]	@ 0x24
341867d4:	e9cd 330d 	strd	r3, r3, [sp, #52]	@ 0x34
341867d8:	f7fe bcd5 	b.w	34185186 <_vfprintf_r+0x31e>
341867dc:	2c66      	cmp	r4, #102	@ 0x66
341867de:	f43f ae4d 	beq.w	3418647c <_vfprintf_r+0x1614>
341867e2:	ab24      	add	r3, sp, #144	@ 0x90
341867e4:	2102      	movs	r1, #2
341867e6:	eeb0 0b47 	vmov.f64	d0, d7
341867ea:	4652      	mov	r2, sl
341867ec:	9301      	str	r3, [sp, #4]
341867ee:	ab1d      	add	r3, sp, #116	@ 0x74
341867f0:	4658      	mov	r0, fp
341867f2:	9300      	str	r3, [sp, #0]
341867f4:	ab1b      	add	r3, sp, #108	@ 0x6c
341867f6:	ed8d 7b04 	vstr	d7, [sp, #16]
341867fa:	f001 fb2d 	bl	34187e58 <_dtoa_r>
341867fe:	9b02      	ldr	r3, [sp, #8]
34186800:	4605      	mov	r5, r0
34186802:	07d9      	lsls	r1, r3, #31
34186804:	d55d      	bpl.n	341868c2 <_vfprintf_r+0x1a5a>
34186806:	ed9d 7b04 	vldr	d7, [sp, #16]
3418680a:	eeb5 7b40 	vcmp.f64	d7, #0.0
3418680e:	eef1 fa10 	vmrs	APSR_nzcv, fpscr
34186812:	f000 82e7 	beq.w	34186de4 <_vfprintf_r+0x1f7c>
34186816:	eb00 010a 	add.w	r1, r0, sl
3418681a:	9b24      	ldr	r3, [sp, #144]	@ 0x90
3418681c:	4299      	cmp	r1, r3
3418681e:	f240 838e 	bls.w	34186f3e <_vfprintf_r+0x20d6>
34186822:	2030      	movs	r0, #48	@ 0x30
34186824:	1c5a      	adds	r2, r3, #1
34186826:	9224      	str	r2, [sp, #144]	@ 0x90
34186828:	7018      	strb	r0, [r3, #0]
3418682a:	9b24      	ldr	r3, [sp, #144]	@ 0x90
3418682c:	428b      	cmp	r3, r1
3418682e:	d3f9      	bcc.n	34186824 <_vfprintf_r+0x19bc>
34186830:	1b5b      	subs	r3, r3, r5
34186832:	2e47      	cmp	r6, #71	@ 0x47
34186834:	930f      	str	r3, [sp, #60]	@ 0x3c
34186836:	9b1b      	ldr	r3, [sp, #108]	@ 0x6c
34186838:	930d      	str	r3, [sp, #52]	@ 0x34
3418683a:	d047      	beq.n	341868cc <_vfprintf_r+0x1a64>
3418683c:	2e46      	cmp	r6, #70	@ 0x46
3418683e:	f43f ae45 	beq.w	341864cc <_vfprintf_r+0x1664>
34186842:	9b0d      	ldr	r3, [sp, #52]	@ 0x34
34186844:	f88d 4078 	strb.w	r4, [sp, #120]	@ 0x78
34186848:	3b01      	subs	r3, #1
3418684a:	2b00      	cmp	r3, #0
3418684c:	931b      	str	r3, [sp, #108]	@ 0x6c
3418684e:	f2c0 826d 	blt.w	34186d2c <_vfprintf_r+0x1ec4>
34186852:	222b      	movs	r2, #43	@ 0x2b
34186854:	2b09      	cmp	r3, #9
34186856:	f88d 2079 	strb.w	r2, [sp, #121]	@ 0x79
3418685a:	f340 8270 	ble.w	34186d3e <_vfprintf_r+0x1ed6>
3418685e:	2200      	movs	r2, #0
34186860:	9209      	str	r2, [sp, #36]	@ 0x24
34186862:	f10d 0e87 	add.w	lr, sp, #135	@ 0x87
34186866:	f8df a220 	ldr.w	sl, [pc, #544]	@ 34186a88 <_vfprintf_r+0x1c20>
3418686a:	4676      	mov	r6, lr
3418686c:	fbaa 2c03 	umull	r2, ip, sl, r3
34186870:	4630      	mov	r0, r6
34186872:	2b63      	cmp	r3, #99	@ 0x63
34186874:	f106 36ff 	add.w	r6, r6, #4294967295	@ 0xffffffff
34186878:	ea4f 0cdc 	mov.w	ip, ip, lsr #3
3418687c:	eb0c 028c 	add.w	r2, ip, ip, lsl #2
34186880:	eba3 0242 	sub.w	r2, r3, r2, lsl #1
34186884:	4663      	mov	r3, ip
34186886:	f102 0230 	add.w	r2, r2, #48	@ 0x30
3418688a:	f800 2c01 	strb.w	r2, [r0, #-1]
3418688e:	dced      	bgt.n	3418686c <_vfprintf_r+0x1a04>
34186890:	3330      	adds	r3, #48	@ 0x30
34186892:	f806 3c01 	strb.w	r3, [r6, #-1]
34186896:	1e83      	subs	r3, r0, #2
34186898:	4573      	cmp	r3, lr
3418689a:	f080 8334 	bcs.w	34186f06 <_vfprintf_r+0x209e>
3418689e:	f10d 0279 	add.w	r2, sp, #121	@ 0x79
341868a2:	f813 1b01 	ldrb.w	r1, [r3], #1
341868a6:	4573      	cmp	r3, lr
341868a8:	f802 1f01 	strb.w	r1, [r2, #1]!
341868ac:	d1f9      	bne.n	341868a2 <_vfprintf_r+0x1a3a>
341868ae:	f503 73a4 	add.w	r3, r3, #328	@ 0x148
341868b2:	aa1e      	add	r2, sp, #120	@ 0x78
341868b4:	446b      	add	r3, sp
341868b6:	3bcc      	subs	r3, #204	@ 0xcc
341868b8:	1a1b      	subs	r3, r3, r0
341868ba:	1a9b      	subs	r3, r3, r2
341868bc:	9313      	str	r3, [sp, #76]	@ 0x4c
341868be:	f7ff bae3 	b.w	34185e88 <_vfprintf_r+0x1020>
341868c2:	9b24      	ldr	r3, [sp, #144]	@ 0x90
341868c4:	1a1b      	subs	r3, r3, r0
341868c6:	930f      	str	r3, [sp, #60]	@ 0x3c
341868c8:	9b1b      	ldr	r3, [sp, #108]	@ 0x6c
341868ca:	930d      	str	r3, [sp, #52]	@ 0x34
341868cc:	9b0d      	ldr	r3, [sp, #52]	@ 0x34
341868ce:	1cda      	adds	r2, r3, #3
341868d0:	db01      	blt.n	341868d6 <_vfprintf_r+0x1a6e>
341868d2:	4553      	cmp	r3, sl
341868d4:	dd01      	ble.n	341868da <_vfprintf_r+0x1a72>
341868d6:	3c02      	subs	r4, #2
341868d8:	e7b3      	b.n	34186842 <_vfprintf_r+0x19da>
341868da:	9b0f      	ldr	r3, [sp, #60]	@ 0x3c
341868dc:	9a0d      	ldr	r2, [sp, #52]	@ 0x34
341868de:	4293      	cmp	r3, r2
341868e0:	f300 811f 	bgt.w	34186b22 <_vfprintf_r+0x1cba>
341868e4:	9b02      	ldr	r3, [sp, #8]
341868e6:	f013 0f01 	tst.w	r3, #1
341868ea:	9b0d      	ldr	r3, [sp, #52]	@ 0x34
341868ec:	f000 8174 	beq.w	34186bd8 <_vfprintf_r+0x1d70>
341868f0:	9a11      	ldr	r2, [sp, #68]	@ 0x44
341868f2:	4413      	add	r3, r2
341868f4:	930a      	str	r3, [sp, #40]	@ 0x28
341868f6:	9b02      	ldr	r3, [sp, #8]
341868f8:	055e      	lsls	r6, r3, #21
341868fa:	d503      	bpl.n	34186904 <_vfprintf_r+0x1a9c>
341868fc:	9b0d      	ldr	r3, [sp, #52]	@ 0x34
341868fe:	2b00      	cmp	r3, #0
34186900:	f300 81c0 	bgt.w	34186c84 <_vfprintf_r+0x1e1c>
34186904:	9b0a      	ldr	r3, [sp, #40]	@ 0x28
34186906:	2467      	movs	r4, #103	@ 0x67
34186908:	ea23 73e3 	bic.w	r3, r3, r3, asr #31
3418690c:	9304      	str	r3, [sp, #16]
3418690e:	e5f4      	b.n	341864fa <_vfprintf_r+0x1692>
34186910:	aa26      	add	r2, sp, #152	@ 0x98
34186912:	9903      	ldr	r1, [sp, #12]
34186914:	4658      	mov	r0, fp
34186916:	f000 fed3 	bl	341876c0 <__sprint_r>
3418691a:	2800      	cmp	r0, #0
3418691c:	f47e abef 	bne.w	341850fe <_vfprintf_r+0x296>
34186920:	991b      	ldr	r1, [sp, #108]	@ 0x6c
34186922:	af29      	add	r7, sp, #164	@ 0xa4
34186924:	9a28      	ldr	r2, [sp, #160]	@ 0xa0
34186926:	f7ff b808 	b.w	3418593a <_vfprintf_r+0xad2>
3418692a:	aa26      	add	r2, sp, #152	@ 0x98
3418692c:	9903      	ldr	r1, [sp, #12]
3418692e:	4658      	mov	r0, fp
34186930:	f000 fec6 	bl	341876c0 <__sprint_r>
34186934:	2800      	cmp	r0, #0
34186936:	f47e abe2 	bne.w	341850fe <_vfprintf_r+0x296>
3418693a:	9a28      	ldr	r2, [sp, #160]	@ 0xa0
3418693c:	af29      	add	r7, sp, #164	@ 0xa4
3418693e:	f7ff b96e 	b.w	34185c1e <_vfprintf_r+0xdb6>
34186942:	aa26      	add	r2, sp, #152	@ 0x98
34186944:	9903      	ldr	r1, [sp, #12]
34186946:	4658      	mov	r0, fp
34186948:	f000 feba 	bl	341876c0 <__sprint_r>
3418694c:	2800      	cmp	r0, #0
3418694e:	f47e abd6 	bne.w	341850fe <_vfprintf_r+0x296>
34186952:	991b      	ldr	r1, [sp, #108]	@ 0x6c
34186954:	af29      	add	r7, sp, #164	@ 0xa4
34186956:	e9dd 3227 	ldrd	r3, r2, [sp, #156]	@ 0x9c
3418695a:	f7fe bfff 	b.w	3418595c <_vfprintf_r+0xaf4>
3418695e:	aa26      	add	r2, sp, #152	@ 0x98
34186960:	9903      	ldr	r1, [sp, #12]
34186962:	4658      	mov	r0, fp
34186964:	930c      	str	r3, [sp, #48]	@ 0x30
34186966:	f000 feab 	bl	341876c0 <__sprint_r>
3418696a:	2800      	cmp	r0, #0
3418696c:	f47e abc7 	bne.w	341850fe <_vfprintf_r+0x296>
34186970:	f89a 0000 	ldrb.w	r0, [sl]
34186974:	a929      	add	r1, sp, #164	@ 0xa4
34186976:	9a28      	ldr	r2, [sp, #160]	@ 0xa0
34186978:	9b0c      	ldr	r3, [sp, #48]	@ 0x30
3418697a:	e6b2      	b.n	341866e2 <_vfprintf_r+0x187a>
3418697c:	9b02      	ldr	r3, [sp, #8]
3418697e:	07dc      	lsls	r4, r3, #31
34186980:	f57e ac48 	bpl.w	34185214 <_vfprintf_r+0x3ac>
34186984:	9b11      	ldr	r3, [sp, #68]	@ 0x44
34186986:	9912      	ldr	r1, [sp, #72]	@ 0x48
34186988:	441a      	add	r2, r3
3418698a:	e9c7 1300 	strd	r1, r3, [r7]
3418698e:	9b27      	ldr	r3, [sp, #156]	@ 0x9c
34186990:	9228      	str	r2, [sp, #160]	@ 0xa0
34186992:	3301      	adds	r3, #1
34186994:	2b07      	cmp	r3, #7
34186996:	9327      	str	r3, [sp, #156]	@ 0x9c
34186998:	dcd3      	bgt.n	34186942 <_vfprintf_r+0x1ada>
3418699a:	3708      	adds	r7, #8
3418699c:	f7fe bfe1 	b.w	34185962 <_vfprintf_r+0xafa>
341869a0:	aa26      	add	r2, sp, #152	@ 0x98
341869a2:	9903      	ldr	r1, [sp, #12]
341869a4:	4658      	mov	r0, fp
341869a6:	f000 fe8b 	bl	341876c0 <__sprint_r>
341869aa:	2800      	cmp	r0, #0
341869ac:	f47e aba7 	bne.w	341850fe <_vfprintf_r+0x296>
341869b0:	9c1b      	ldr	r4, [sp, #108]	@ 0x6c
341869b2:	af29      	add	r7, sp, #164	@ 0xa4
341869b4:	9a28      	ldr	r2, [sp, #160]	@ 0xa0
341869b6:	f7ff b955 	b.w	34185c64 <_vfprintf_r+0xdfc>
341869ba:	9a14      	ldr	r2, [sp, #80]	@ 0x50
341869bc:	9915      	ldr	r1, [sp, #84]	@ 0x54
341869be:	1aaf      	subs	r7, r5, r2
341869c0:	4638      	mov	r0, r7
341869c2:	f001 f839 	bl	34187a38 <strncpy>
341869c6:	f89a 3001 	ldrb.w	r3, [sl, #1]
341869ca:	b10b      	cbz	r3, 341869d0 <_vfprintf_r+0x1b68>
341869cc:	f10a 0a01 	add.w	sl, sl, #1
341869d0:	eb16 0308 	adds.w	r3, r6, r8
341869d4:	4a2c      	ldr	r2, [pc, #176]	@ (34186a88 <_vfprintf_r+0x1c20>)
341869d6:	f04f 31cc 	mov.w	r1, #3435973836	@ 0xcccccccc
341869da:	f04f 0c01 	mov.w	ip, #1
341869de:	f143 0300 	adc.w	r3, r3, #0
341869e2:	1e7d      	subs	r5, r7, #1
341869e4:	fba2 0e03 	umull	r0, lr, r2, r3
341869e8:	f02e 0003 	bic.w	r0, lr, #3
341869ec:	eb00 009e 	add.w	r0, r0, lr, lsr #2
341869f0:	1a1b      	subs	r3, r3, r0
341869f2:	1af3      	subs	r3, r6, r3
341869f4:	f168 0800 	sbc.w	r8, r8, #0
341869f8:	fb03 f101 	mul.w	r1, r3, r1
341869fc:	fba3 3002 	umull	r3, r0, r3, r2
34186a00:	fb02 1108 	mla	r1, r2, r8, r1
34186a04:	fa23 f30c 	lsr.w	r3, r3, ip
34186a08:	4401      	add	r1, r0
34186a0a:	ea43 76c1 	orr.w	r6, r3, r1, lsl #31
34186a0e:	fa21 f80c 	lsr.w	r8, r1, ip
34186a12:	eb16 0308 	adds.w	r3, r6, r8
34186a16:	f143 0300 	adc.w	r3, r3, #0
34186a1a:	fba2 1003 	umull	r1, r0, r2, r3
34186a1e:	f020 0103 	bic.w	r1, r0, #3
34186a22:	eb01 0190 	add.w	r1, r1, r0, lsr #2
34186a26:	1a5b      	subs	r3, r3, r1
34186a28:	1af3      	subs	r3, r6, r3
34186a2a:	fba3 3102 	umull	r3, r1, r3, r2
34186a2e:	f168 0000 	sbc.w	r0, r8, #0
34186a32:	fa23 f30c 	lsr.w	r3, r3, ip
34186a36:	fb02 1200 	mla	r2, r2, r0, r1
34186a3a:	ea43 73c2 	orr.w	r3, r3, r2, lsl #31
34186a3e:	eb03 0383 	add.w	r3, r3, r3, lsl #2
34186a42:	eba6 0343 	sub.w	r3, r6, r3, lsl #1
34186a46:	3330      	adds	r3, #48	@ 0x30
34186a48:	f807 3c01 	strb.w	r3, [r7, #-1]
34186a4c:	e451      	b.n	341862f2 <_vfprintf_r+0x148a>
34186a4e:	f89d 3067 	ldrb.w	r3, [sp, #103]	@ 0x67
34186a52:	f8cd 8024 	str.w	r8, [sp, #36]	@ 0x24
34186a56:	b113      	cbz	r3, 34186a5e <_vfprintf_r+0x1bf6>
34186a58:	9b04      	ldr	r3, [sp, #16]
34186a5a:	3301      	adds	r3, #1
34186a5c:	9304      	str	r3, [sp, #16]
34186a5e:	9a0c      	ldr	r2, [sp, #48]	@ 0x30
34186a60:	46c2      	mov	sl, r8
34186a62:	f8cd 8040 	str.w	r8, [sp, #64]	@ 0x40
34186a66:	9202      	str	r2, [sp, #8]
34186a68:	f8cd 8038 	str.w	r8, [sp, #56]	@ 0x38
34186a6c:	f7fe bb8b 	b.w	34185186 <_vfprintf_r+0x31e>
34186a70:	f10a 0301 	add.w	r3, sl, #1
34186a74:	2102      	movs	r1, #2
34186a76:	930f      	str	r3, [sp, #60]	@ 0x3c
34186a78:	e503      	b.n	34186482 <_vfprintf_r+0x161a>
34186a7a:	f8df 8014 	ldr.w	r8, [pc, #20]	@ 34186a90 <_vfprintf_r+0x1c28>
34186a7e:	f7ff b858 	b.w	34185b32 <_vfprintf_r+0xcca>
34186a82:	bf00      	nop
34186a84:	3418ac34 	.word	0x3418ac34
34186a88:	cccccccd 	.word	0xcccccccd
34186a8c:	3418aeb4 	.word	0x3418aeb4
34186a90:	3418aec4 	.word	0x3418aec4
34186a94:	4615      	mov	r5, r2
34186a96:	f04f 0a00 	mov.w	sl, #0
34186a9a:	f7fe ba5f 	b.w	34184f5c <_vfprintf_r+0xf4>
34186a9e:	aa26      	add	r2, sp, #152	@ 0x98
34186aa0:	9903      	ldr	r1, [sp, #12]
34186aa2:	4658      	mov	r0, fp
34186aa4:	f000 fe0c 	bl	341876c0 <__sprint_r>
34186aa8:	2800      	cmp	r0, #0
34186aaa:	f47e ab28 	bne.w	341850fe <_vfprintf_r+0x296>
34186aae:	9c1b      	ldr	r4, [sp, #108]	@ 0x6c
34186ab0:	af29      	add	r7, sp, #164	@ 0xa4
34186ab2:	9b0f      	ldr	r3, [sp, #60]	@ 0x3c
34186ab4:	9a28      	ldr	r2, [sp, #160]	@ 0xa0
34186ab6:	1b1c      	subs	r4, r3, r4
34186ab8:	f7ff b8ea 	b.w	34185c90 <_vfprintf_r+0xe28>
34186abc:	4db0      	ldr	r5, [pc, #704]	@ (34186d80 <_vfprintf_r+0x1f18>)
34186abe:	e675      	b.n	341867ac <_vfprintf_r+0x1944>
34186ac0:	2300      	movs	r3, #0
34186ac2:	ad39      	add	r5, sp, #228	@ 0xe4
34186ac4:	9309      	str	r3, [sp, #36]	@ 0x24
34186ac6:	f7ff bb9a 	b.w	341861fe <_vfprintf_r+0x1396>
34186aca:	424c      	negs	r4, r1
34186acc:	3110      	adds	r1, #16
34186ace:	f8df 82b8 	ldr.w	r8, [pc, #696]	@ 34186d88 <_vfprintf_r+0x1f20>
34186ad2:	da43      	bge.n	34186b5c <_vfprintf_r+0x1cf4>
34186ad4:	2610      	movs	r6, #16
34186ad6:	e002      	b.n	34186ade <_vfprintf_r+0x1c76>
34186ad8:	3c10      	subs	r4, #16
34186ada:	2c10      	cmp	r4, #16
34186adc:	dd3e      	ble.n	34186b5c <_vfprintf_r+0x1cf4>
34186ade:	3301      	adds	r3, #1
34186ae0:	3210      	adds	r2, #16
34186ae2:	2b07      	cmp	r3, #7
34186ae4:	e9c7 8600 	strd	r8, r6, [r7]
34186ae8:	e9cd 3227 	strd	r3, r2, [sp, #156]	@ 0x9c
34186aec:	f107 0708 	add.w	r7, r7, #8
34186af0:	ddf2      	ble.n	34186ad8 <_vfprintf_r+0x1c70>
34186af2:	aa26      	add	r2, sp, #152	@ 0x98
34186af4:	9903      	ldr	r1, [sp, #12]
34186af6:	4658      	mov	r0, fp
34186af8:	f000 fde2 	bl	341876c0 <__sprint_r>
34186afc:	2800      	cmp	r0, #0
34186afe:	f47e aafe 	bne.w	341850fe <_vfprintf_r+0x296>
34186b02:	af29      	add	r7, sp, #164	@ 0xa4
34186b04:	e9dd 3227 	ldrd	r3, r2, [sp, #156]	@ 0x9c
34186b08:	e7e6      	b.n	34186ad8 <_vfprintf_r+0x1c70>
34186b0a:	469a      	mov	sl, r3
34186b0c:	9b04      	ldr	r3, [sp, #16]
34186b0e:	f8cd 802c 	str.w	r8, [sp, #44]	@ 0x2c
34186b12:	3301      	adds	r3, #1
34186b14:	f8cd a040 	str.w	sl, [sp, #64]	@ 0x40
34186b18:	9304      	str	r3, [sp, #16]
34186b1a:	e9cd aa0d 	strd	sl, sl, [sp, #52]	@ 0x34
34186b1e:	f7fe bb32 	b.w	34185186 <_vfprintf_r+0x31e>
34186b22:	9b0f      	ldr	r3, [sp, #60]	@ 0x3c
34186b24:	9a11      	ldr	r2, [sp, #68]	@ 0x44
34186b26:	189a      	adds	r2, r3, r2
34186b28:	9b0d      	ldr	r3, [sp, #52]	@ 0x34
34186b2a:	2b00      	cmp	r3, #0
34186b2c:	920a      	str	r2, [sp, #40]	@ 0x28
34186b2e:	dd4a      	ble.n	34186bc6 <_vfprintf_r+0x1d5e>
34186b30:	2467      	movs	r4, #103	@ 0x67
34186b32:	e4da      	b.n	341864ea <_vfprintf_r+0x1682>
34186b34:	f8df 8254 	ldr.w	r8, [pc, #596]	@ 34186d8c <_vfprintf_r+0x1f24>
34186b38:	f7fe bfa7 	b.w	34185a8a <_vfprintf_r+0xc22>
34186b3c:	f8df 8248 	ldr.w	r8, [pc, #584]	@ 34186d88 <_vfprintf_r+0x1f20>
34186b40:	f7fe be84 	b.w	3418584c <_vfprintf_r+0x9e4>
34186b44:	aa26      	add	r2, sp, #152	@ 0x98
34186b46:	9903      	ldr	r1, [sp, #12]
34186b48:	4658      	mov	r0, fp
34186b4a:	f000 fdb9 	bl	341876c0 <__sprint_r>
34186b4e:	2800      	cmp	r0, #0
34186b50:	f47e aad5 	bne.w	341850fe <_vfprintf_r+0x296>
34186b54:	9a28      	ldr	r2, [sp, #160]	@ 0xa0
34186b56:	af29      	add	r7, sp, #164	@ 0xa4
34186b58:	f7ff b868 	b.w	34185c2c <_vfprintf_r+0xdc4>
34186b5c:	3301      	adds	r3, #1
34186b5e:	4422      	add	r2, r4
34186b60:	f8c7 8000 	str.w	r8, [r7]
34186b64:	2b07      	cmp	r3, #7
34186b66:	607c      	str	r4, [r7, #4]
34186b68:	e9cd 3227 	strd	r3, r2, [sp, #156]	@ 0x9c
34186b6c:	f77f af15 	ble.w	3418699a <_vfprintf_r+0x1b32>
34186b70:	aa26      	add	r2, sp, #152	@ 0x98
34186b72:	9903      	ldr	r1, [sp, #12]
34186b74:	4658      	mov	r0, fp
34186b76:	f000 fda3 	bl	341876c0 <__sprint_r>
34186b7a:	2800      	cmp	r0, #0
34186b7c:	f47e aabf 	bne.w	341850fe <_vfprintf_r+0x296>
34186b80:	af29      	add	r7, sp, #164	@ 0xa4
34186b82:	e9dd 3227 	ldrd	r3, r2, [sp, #156]	@ 0x9c
34186b86:	f7fe beec 	b.w	34185962 <_vfprintf_r+0xafa>
34186b8a:	46c2      	mov	sl, r8
34186b8c:	f89d 0067 	ldrb.w	r0, [sp, #103]	@ 0x67
34186b90:	f7fe bc57 	b.w	34185442 <_vfprintf_r+0x5da>
34186b94:	9b02      	ldr	r3, [sp, #8]
34186b96:	07db      	lsls	r3, r3, #31
34186b98:	f57f a981 	bpl.w	34185e9e <_vfprintf_r+0x1036>
34186b9c:	f7ff b97b 	b.w	34185e96 <_vfprintf_r+0x102e>
34186ba0:	9b03      	ldr	r3, [sp, #12]
34186ba2:	2200      	movs	r2, #0
34186ba4:	899b      	ldrh	r3, [r3, #12]
34186ba6:	9209      	str	r2, [sp, #36]	@ 0x24
34186ba8:	f043 0340 	orr.w	r3, r3, #64	@ 0x40
34186bac:	9a03      	ldr	r2, [sp, #12]
34186bae:	8193      	strh	r3, [r2, #12]
34186bb0:	f7fe baa5 	b.w	341850fe <_vfprintf_r+0x296>
34186bb4:	2300      	movs	r3, #0
34186bb6:	eeb1 0b48 	vneg.f64	d0, d8
34186bba:	f04f 082d 	mov.w	r8, #45	@ 0x2d
34186bbe:	ad39      	add	r5, sp, #228	@ 0xe4
34186bc0:	9309      	str	r3, [sp, #36]	@ 0x24
34186bc2:	f7ff b8ea 	b.w	34185d9a <_vfprintf_r+0xf32>
34186bc6:	f1c3 0301 	rsb	r3, r3, #1
34186bca:	2467      	movs	r4, #103	@ 0x67
34186bcc:	441a      	add	r2, r3
34186bce:	ea22 73e2 	bic.w	r3, r2, r2, asr #31
34186bd2:	920a      	str	r2, [sp, #40]	@ 0x28
34186bd4:	9304      	str	r3, [sp, #16]
34186bd6:	e490      	b.n	341864fa <_vfprintf_r+0x1692>
34186bd8:	930a      	str	r3, [sp, #40]	@ 0x28
34186bda:	e68c      	b.n	341868f6 <_vfprintf_r+0x1a8e>
34186bdc:	f8cd 802c 	str.w	r8, [sp, #44]	@ 0x2c
34186be0:	2b00      	cmp	r3, #0
34186be2:	f000 811a 	beq.w	34186e1a <_vfprintf_r+0x1fb2>
34186be6:	f10a 0301 	add.w	r3, sl, #1
34186bea:	f8cd a028 	str.w	sl, [sp, #40]	@ 0x28
34186bee:	2473      	movs	r4, #115	@ 0x73
34186bf0:	4682      	mov	sl, r0
34186bf2:	9304      	str	r3, [sp, #16]
34186bf4:	9010      	str	r0, [sp, #64]	@ 0x40
34186bf6:	900e      	str	r0, [sp, #56]	@ 0x38
34186bf8:	f7fe bac5 	b.w	34185186 <_vfprintf_r+0x31e>
34186bfc:	9b02      	ldr	r3, [sp, #8]
34186bfe:	f023 0380 	bic.w	r3, r3, #128	@ 0x80
34186c02:	9302      	str	r3, [sp, #8]
34186c04:	ee18 3a90 	vmov	r3, s17
34186c08:	f013 4300 	ands.w	r3, r3, #2147483648	@ 0x80000000
34186c0c:	930d      	str	r3, [sp, #52]	@ 0x34
34186c0e:	f000 80bf 	beq.w	34186d90 <_vfprintf_r+0x1f28>
34186c12:	232d      	movs	r3, #45	@ 0x2d
34186c14:	2203      	movs	r2, #3
34186c16:	2c47      	cmp	r4, #71	@ 0x47
34186c18:	f88d 3067 	strb.w	r3, [sp, #103]	@ 0x67
34186c1c:	f04f 0300 	mov.w	r3, #0
34186c20:	e9cd 3209 	strd	r3, r2, [sp, #36]	@ 0x24
34186c24:	f340 812e 	ble.w	34186e84 <_vfprintf_r+0x201c>
34186c28:	4d56      	ldr	r5, [pc, #344]	@ (34186d84 <_vfprintf_r+0x1f1c>)
34186c2a:	e5bf      	b.n	341867ac <_vfprintf_r+0x1944>
34186c2c:	eeb1 7b48 	vneg.f64	d7, d8
34186c30:	f04f 082d 	mov.w	r8, #45	@ 0x2d
34186c34:	e417      	b.n	34186466 <_vfprintf_r+0x15fe>
34186c36:	9f04      	ldr	r7, [sp, #16]
34186c38:	f8cd a028 	str.w	sl, [sp, #40]	@ 0x28
34186c3c:	f7ff bacf 	b.w	341861de <_vfprintf_r+0x1376>
34186c40:	eeb5 7b40 	vcmp.f64	d7, #0.0
34186c44:	eef1 fa10 	vmrs	APSR_nzcv, fpscr
34186c48:	f040 813c 	bne.w	34186ec4 <_vfprintf_r+0x205c>
34186c4c:	9b1b      	ldr	r3, [sp, #108]	@ 0x6c
34186c4e:	4419      	add	r1, r3
34186c50:	930d      	str	r3, [sp, #52]	@ 0x34
34186c52:	e439      	b.n	341864c8 <_vfprintf_r+0x1660>
34186c54:	eeb5 7b40 	vcmp.f64	d7, #0.0
34186c58:	eef1 fa10 	vmrs	APSR_nzcv, fpscr
34186c5c:	f040 815a 	bne.w	34186f14 <_vfprintf_r+0x20ac>
34186c60:	9b1b      	ldr	r3, [sp, #108]	@ 0x6c
34186c62:	2e47      	cmp	r6, #71	@ 0x47
34186c64:	930d      	str	r3, [sp, #52]	@ 0x34
34186c66:	f47f adec 	bne.w	34186842 <_vfprintf_r+0x19da>
34186c6a:	e62f      	b.n	341868cc <_vfprintf_r+0x1a64>
34186c6c:	2300      	movs	r3, #0
34186c6e:	2203      	movs	r2, #3
34186c70:	e9cd 3209 	strd	r3, r2, [sp, #36]	@ 0x24
34186c74:	2204      	movs	r2, #4
34186c76:	469a      	mov	sl, r3
34186c78:	9310      	str	r3, [sp, #64]	@ 0x40
34186c7a:	9204      	str	r2, [sp, #16]
34186c7c:	e9cd 330d 	strd	r3, r3, [sp, #52]	@ 0x34
34186c80:	f7fe ba81 	b.w	34185186 <_vfprintf_r+0x31e>
34186c84:	2467      	movs	r4, #103	@ 0x67
34186c86:	9816      	ldr	r0, [sp, #88]	@ 0x58
34186c88:	7803      	ldrb	r3, [r0, #0]
34186c8a:	2bff      	cmp	r3, #255	@ 0xff
34186c8c:	f000 816e 	beq.w	34186f6c <_vfprintf_r+0x2104>
34186c90:	990d      	ldr	r1, [sp, #52]	@ 0x34
34186c92:	4299      	cmp	r1, r3
34186c94:	bfcc      	ite	gt
34186c96:	2200      	movgt	r2, #0
34186c98:	2201      	movle	r2, #1
34186c9a:	2a00      	cmp	r2, #0
34186c9c:	f040 8166 	bne.w	34186f6c <_vfprintf_r+0x2104>
34186ca0:	4616      	mov	r6, r2
34186ca2:	4694      	mov	ip, r2
34186ca4:	e006      	b.n	34186cb4 <_vfprintf_r+0x1e4c>
34186ca6:	3601      	adds	r6, #1
34186ca8:	3001      	adds	r0, #1
34186caa:	2aff      	cmp	r2, #255	@ 0xff
34186cac:	4613      	mov	r3, r2
34186cae:	d00f      	beq.n	34186cd0 <_vfprintf_r+0x1e68>
34186cb0:	428a      	cmp	r2, r1
34186cb2:	da0d      	bge.n	34186cd0 <_vfprintf_r+0x1e68>
34186cb4:	7842      	ldrb	r2, [r0, #1]
34186cb6:	1ac9      	subs	r1, r1, r3
34186cb8:	2a00      	cmp	r2, #0
34186cba:	d1f4      	bne.n	34186ca6 <_vfprintf_r+0x1e3e>
34186cbc:	7802      	ldrb	r2, [r0, #0]
34186cbe:	f10c 0c01 	add.w	ip, ip, #1
34186cc2:	e7f2      	b.n	34186caa <_vfprintf_r+0x1e42>
34186cc4:	9b11      	ldr	r3, [sp, #68]	@ 0x44
34186cc6:	2466      	movs	r4, #102	@ 0x66
34186cc8:	4453      	add	r3, sl
34186cca:	4413      	add	r3, r2
34186ccc:	930a      	str	r3, [sp, #40]	@ 0x28
34186cce:	e40c      	b.n	341864ea <_vfprintf_r+0x1682>
34186cd0:	eb06 030c 	add.w	r3, r6, ip
34186cd4:	9a14      	ldr	r2, [sp, #80]	@ 0x50
34186cd6:	910d      	str	r1, [sp, #52]	@ 0x34
34186cd8:	fb02 f303 	mul.w	r3, r2, r3
34186cdc:	9016      	str	r0, [sp, #88]	@ 0x58
34186cde:	960e      	str	r6, [sp, #56]	@ 0x38
34186ce0:	f8cd c040 	str.w	ip, [sp, #64]	@ 0x40
34186ce4:	9a0a      	ldr	r2, [sp, #40]	@ 0x28
34186ce6:	441a      	add	r2, r3
34186ce8:	ea22 73e2 	bic.w	r3, r2, r2, asr #31
34186cec:	920a      	str	r2, [sp, #40]	@ 0x28
34186cee:	9304      	str	r3, [sp, #16]
34186cf0:	f1b8 0f00 	cmp.w	r8, #0
34186cf4:	d034      	beq.n	34186d60 <_vfprintf_r+0x1ef8>
34186cf6:	9b04      	ldr	r3, [sp, #16]
34186cf8:	3301      	adds	r3, #1
34186cfa:	9304      	str	r3, [sp, #16]
34186cfc:	9b0c      	ldr	r3, [sp, #48]	@ 0x30
34186cfe:	9302      	str	r3, [sp, #8]
34186d00:	232d      	movs	r3, #45	@ 0x2d
34186d02:	f88d 3067 	strb.w	r3, [sp, #103]	@ 0x67
34186d06:	2300      	movs	r3, #0
34186d08:	469a      	mov	sl, r3
34186d0a:	9309      	str	r3, [sp, #36]	@ 0x24
34186d0c:	f7fe ba3b 	b.w	34185186 <_vfprintf_r+0x31e>
34186d10:	2a00      	cmp	r2, #0
34186d12:	f6ff a89f 	blt.w	34185e54 <_vfprintf_r+0xfec>
34186d16:	185e      	adds	r6, r3, r1
34186d18:	2030      	movs	r0, #48	@ 0x30
34186d1a:	4619      	mov	r1, r3
34186d1c:	f801 0b01 	strb.w	r0, [r1], #1
34186d20:	428e      	cmp	r6, r1
34186d22:	d1fb      	bne.n	34186d1c <_vfprintf_r+0x1eb4>
34186d24:	441a      	add	r2, r3
34186d26:	1c53      	adds	r3, r2, #1
34186d28:	f7ff b894 	b.w	34185e54 <_vfprintf_r+0xfec>
34186d2c:	232d      	movs	r3, #45	@ 0x2d
34186d2e:	9a0d      	ldr	r2, [sp, #52]	@ 0x34
34186d30:	f88d 3079 	strb.w	r3, [sp, #121]	@ 0x79
34186d34:	f1c2 0301 	rsb	r3, r2, #1
34186d38:	3208      	adds	r2, #8
34186d3a:	f6ff ad90 	blt.w	3418685e <_vfprintf_r+0x19f6>
34186d3e:	2230      	movs	r2, #48	@ 0x30
34186d40:	f88d 207a 	strb.w	r2, [sp, #122]	@ 0x7a
34186d44:	2200      	movs	r2, #0
34186d46:	9209      	str	r2, [sp, #36]	@ 0x24
34186d48:	f10d 027b 	add.w	r2, sp, #123	@ 0x7b
34186d4c:	f7ff b896 	b.w	34185e7c <_vfprintf_r+0x1014>
34186d50:	07d7      	lsls	r7, r2, #31
34186d52:	f57e a9f4 	bpl.w	3418513e <_vfprintf_r+0x2d6>
34186d56:	f04f 33ff 	mov.w	r3, #4294967295	@ 0xffffffff
34186d5a:	9307      	str	r3, [sp, #28]
34186d5c:	f7fe b9e0 	b.w	34185120 <_vfprintf_r+0x2b8>
34186d60:	f89d 3067 	ldrb.w	r3, [sp, #103]	@ 0x67
34186d64:	f8cd 8024 	str.w	r8, [sp, #36]	@ 0x24
34186d68:	2b00      	cmp	r3, #0
34186d6a:	f000 808d 	beq.w	34186e88 <_vfprintf_r+0x2020>
34186d6e:	9b04      	ldr	r3, [sp, #16]
34186d70:	46c2      	mov	sl, r8
34186d72:	3301      	adds	r3, #1
34186d74:	9304      	str	r3, [sp, #16]
34186d76:	9b0c      	ldr	r3, [sp, #48]	@ 0x30
34186d78:	9302      	str	r3, [sp, #8]
34186d7a:	f7fe ba04 	b.w	34185186 <_vfprintf_r+0x31e>
34186d7e:	bf00      	nop
34186d80:	3418ac30 	.word	0x3418ac30
34186d84:	3418ac3c 	.word	0x3418ac3c
34186d88:	3418aeb4 	.word	0x3418aeb4
34186d8c:	3418aec4 	.word	0x3418aec4
34186d90:	2c47      	cmp	r4, #71	@ 0x47
34186d92:	f89d 3067 	ldrb.w	r3, [sp, #103]	@ 0x67
34186d96:	bfcc      	ite	gt
34186d98:	4d79      	ldrgt	r5, [pc, #484]	@ (34186f80 <_vfprintf_r+0x2118>)
34186d9a:	4d7a      	ldrle	r5, [pc, #488]	@ (34186f84 <_vfprintf_r+0x211c>)
34186d9c:	2b00      	cmp	r3, #0
34186d9e:	f040 80c0 	bne.w	34186f22 <_vfprintf_r+0x20ba>
34186da2:	469a      	mov	sl, r3
34186da4:	2303      	movs	r3, #3
34186da6:	f8cd a040 	str.w	sl, [sp, #64]	@ 0x40
34186daa:	930a      	str	r3, [sp, #40]	@ 0x28
34186dac:	f8cd a038 	str.w	sl, [sp, #56]	@ 0x38
34186db0:	f8cd a024 	str.w	sl, [sp, #36]	@ 0x24
34186db4:	9304      	str	r3, [sp, #16]
34186db6:	f7fe b9e6 	b.w	34185186 <_vfprintf_r+0x31e>
34186dba:	f8cd a058 	str.w	sl, [sp, #88]	@ 0x58
34186dbe:	460f      	mov	r7, r1
34186dc0:	9d17      	ldr	r5, [sp, #92]	@ 0x5c
34186dc2:	46b2      	mov	sl, r6
34186dc4:	9b0a      	ldr	r3, [sp, #40]	@ 0x28
34186dc6:	459a      	cmp	sl, r3
34186dc8:	bf28      	it	cs
34186dca:	469a      	movcs	sl, r3
34186dcc:	f7fe bf35 	b.w	34185c3a <_vfprintf_r+0xdd2>
34186dd0:	232d      	movs	r3, #45	@ 0x2d
34186dd2:	f88d 3079 	strb.w	r3, [sp, #121]	@ 0x79
34186dd6:	f1c2 0301 	rsb	r3, r2, #1
34186dda:	3208      	adds	r2, #8
34186ddc:	f6ff ad41 	blt.w	34186862 <_vfprintf_r+0x19fa>
34186de0:	f7ff b84a 	b.w	34185e78 <_vfprintf_r+0x1010>
34186de4:	9b1b      	ldr	r3, [sp, #108]	@ 0x6c
34186de6:	f8cd a03c 	str.w	sl, [sp, #60]	@ 0x3c
34186dea:	930d      	str	r3, [sp, #52]	@ 0x34
34186dec:	e56e      	b.n	341868cc <_vfprintf_r+0x1a64>
34186dee:	4553      	cmp	r3, sl
34186df0:	db60      	blt.n	34186eb4 <_vfprintf_r+0x204c>
34186df2:	eeb0 7b48 	vmov.f64	d7, d8
34186df6:	f04f 0800 	mov.w	r8, #0
34186dfa:	f04f 0a01 	mov.w	sl, #1
34186dfe:	f7ff bb32 	b.w	34186466 <_vfprintf_r+0x15fe>
34186e02:	f8df 8184 	ldr.w	r8, [pc, #388]	@ 34186f88 <_vfprintf_r+0x2120>
34186e06:	f7ff ba95 	b.w	34186334 <_vfprintf_r+0x14cc>
34186e0a:	eeb1 7b48 	vneg.f64	d7, d8
34186e0e:	f04f 082d 	mov.w	r8, #45	@ 0x2d
34186e12:	f04f 0a06 	mov.w	sl, #6
34186e16:	f7ff bb26 	b.w	34186466 <_vfprintf_r+0x15fe>
34186e1a:	9b09      	ldr	r3, [sp, #36]	@ 0x24
34186e1c:	2473      	movs	r4, #115	@ 0x73
34186e1e:	f8cd a028 	str.w	sl, [sp, #40]	@ 0x28
34186e22:	f8cd a010 	str.w	sl, [sp, #16]
34186e26:	469a      	mov	sl, r3
34186e28:	9310      	str	r3, [sp, #64]	@ 0x40
34186e2a:	930e      	str	r3, [sp, #56]	@ 0x38
34186e2c:	f7fe b9ab 	b.w	34185186 <_vfprintf_r+0x31e>
34186e30:	eeb1 0b48 	vneg.f64	d0, d8
34186e34:	f04f 082d 	mov.w	r8, #45	@ 0x2d
34186e38:	9009      	str	r0, [sp, #36]	@ 0x24
34186e3a:	f7fe bfae 	b.w	34185d9a <_vfprintf_r+0xf32>
34186e3e:	9b24      	ldr	r3, [sp, #144]	@ 0x90
34186e40:	4299      	cmp	r1, r3
34186e42:	f63f acee 	bhi.w	34186822 <_vfprintf_r+0x19ba>
34186e46:	1b5b      	subs	r3, r3, r5
34186e48:	920d      	str	r2, [sp, #52]	@ 0x34
34186e4a:	930f      	str	r3, [sp, #60]	@ 0x3c
34186e4c:	f7ff bb3e 	b.w	341864cc <_vfprintf_r+0x1664>
34186e50:	f8df c134 	ldr.w	ip, [pc, #308]	@ 34186f88 <_vfprintf_r+0x2120>
34186e54:	e481      	b.n	3418675a <_vfprintf_r+0x18f2>
34186e56:	9a03      	ldr	r2, [sp, #12]
34186e58:	6e53      	ldr	r3, [r2, #100]	@ 0x64
34186e5a:	07d8      	lsls	r0, r3, #31
34186e5c:	f53f af7b 	bmi.w	34186d56 <_vfprintf_r+0x1eee>
34186e60:	8993      	ldrh	r3, [r2, #12]
34186e62:	0599      	lsls	r1, r3, #22
34186e64:	f53f af77 	bmi.w	34186d56 <_vfprintf_r+0x1eee>
34186e68:	6d90      	ldr	r0, [r2, #88]	@ 0x58
34186e6a:	f7fd fadb 	bl	34184424 <__retarget_lock_release_recursive>
34186e6e:	e772      	b.n	34186d56 <_vfprintf_r+0x1eee>
34186e70:	9b0b      	ldr	r3, [sp, #44]	@ 0x2c
34186e72:	786c      	ldrb	r4, [r5, #1]
34186e74:	4615      	mov	r5, r2
34186e76:	f853 ab04 	ldr.w	sl, [r3], #4
34186e7a:	ea4a 7aea 	orr.w	sl, sl, sl, asr #31
34186e7e:	930b      	str	r3, [sp, #44]	@ 0x2c
34186e80:	f7fe b86b 	b.w	34184f5a <_vfprintf_r+0xf2>
34186e84:	4d3f      	ldr	r5, [pc, #252]	@ (34186f84 <_vfprintf_r+0x211c>)
34186e86:	e491      	b.n	341867ac <_vfprintf_r+0x1944>
34186e88:	9b0c      	ldr	r3, [sp, #48]	@ 0x30
34186e8a:	46c2      	mov	sl, r8
34186e8c:	9302      	str	r3, [sp, #8]
34186e8e:	f7fe b97a 	b.w	34185186 <_vfprintf_r+0x31e>
34186e92:	b92b      	cbnz	r3, 34186ea0 <_vfprintf_r+0x2038>
34186e94:	2301      	movs	r3, #1
34186e96:	2466      	movs	r4, #102	@ 0x66
34186e98:	9304      	str	r3, [sp, #16]
34186e9a:	930a      	str	r3, [sp, #40]	@ 0x28
34186e9c:	f7ff bb2d 	b.w	341864fa <_vfprintf_r+0x1692>
34186ea0:	9b11      	ldr	r3, [sp, #68]	@ 0x44
34186ea2:	2466      	movs	r4, #102	@ 0x66
34186ea4:	3301      	adds	r3, #1
34186ea6:	4453      	add	r3, sl
34186ea8:	930a      	str	r3, [sp, #40]	@ 0x28
34186eaa:	ea23 73e3 	bic.w	r3, r3, r3, asr #31
34186eae:	9304      	str	r3, [sp, #16]
34186eb0:	f7ff bb23 	b.w	341864fa <_vfprintf_r+0x1692>
34186eb4:	eeb1 7b48 	vneg.f64	d7, d8
34186eb8:	f04f 082d 	mov.w	r8, #45	@ 0x2d
34186ebc:	f04f 0a01 	mov.w	sl, #1
34186ec0:	f7ff bad1 	b.w	34186466 <_vfprintf_r+0x15fe>
34186ec4:	9b0f      	ldr	r3, [sp, #60]	@ 0x3c
34186ec6:	1c69      	adds	r1, r5, #1
34186ec8:	f1c3 0201 	rsb	r2, r3, #1
34186ecc:	9b24      	ldr	r3, [sp, #144]	@ 0x90
34186ece:	4299      	cmp	r1, r3
34186ed0:	921b      	str	r2, [sp, #108]	@ 0x6c
34186ed2:	f63f aca6 	bhi.w	34186822 <_vfprintf_r+0x19ba>
34186ed6:	e7b6      	b.n	34186e46 <_vfprintf_r+0x1fde>
34186ed8:	f8df 80ac 	ldr.w	r8, [pc, #172]	@ 34186f88 <_vfprintf_r+0x2120>
34186edc:	f7ff bb9c 	b.w	34186618 <_vfprintf_r+0x17b0>
34186ee0:	9803      	ldr	r0, [sp, #12]
34186ee2:	f9b0 300c 	ldrsh.w	r3, [r0, #12]
34186ee6:	6e42      	ldr	r2, [r0, #100]	@ 0x64
34186ee8:	f043 0140 	orr.w	r1, r3, #64	@ 0x40
34186eec:	8181      	strh	r1, [r0, #12]
34186eee:	07d1      	lsls	r1, r2, #31
34186ef0:	f53f af31 	bmi.w	34186d56 <_vfprintf_r+0x1eee>
34186ef4:	0598      	lsls	r0, r3, #22
34186ef6:	f53f af2e 	bmi.w	34186d56 <_vfprintf_r+0x1eee>
34186efa:	f7fe b9d5 	b.w	341852a8 <_vfprintf_r+0x440>
34186efe:	f8df 8088 	ldr.w	r8, [pc, #136]	@ 34186f88 <_vfprintf_r+0x2120>
34186f02:	f7ff ba5d 	b.w	341863c0 <_vfprintf_r+0x1558>
34186f06:	2302      	movs	r3, #2
34186f08:	9313      	str	r3, [sp, #76]	@ 0x4c
34186f0a:	f7fe bfbd 	b.w	34185e88 <_vfprintf_r+0x1020>
34186f0e:	7a81      	ldrb	r1, [r0, #10]
34186f10:	f7fe bf9e 	b.w	34185e50 <_vfprintf_r+0xfe8>
34186f14:	9b24      	ldr	r3, [sp, #144]	@ 0x90
34186f16:	4299      	cmp	r1, r3
34186f18:	f63f ac83 	bhi.w	34186822 <_vfprintf_r+0x19ba>
34186f1c:	1b5b      	subs	r3, r3, r5
34186f1e:	930f      	str	r3, [sp, #60]	@ 0x3c
34186f20:	e69e      	b.n	34186c60 <_vfprintf_r+0x1df8>
34186f22:	2303      	movs	r3, #3
34186f24:	f04f 0a00 	mov.w	sl, #0
34186f28:	930a      	str	r3, [sp, #40]	@ 0x28
34186f2a:	2304      	movs	r3, #4
34186f2c:	f8cd a040 	str.w	sl, [sp, #64]	@ 0x40
34186f30:	9304      	str	r3, [sp, #16]
34186f32:	f8cd a038 	str.w	sl, [sp, #56]	@ 0x38
34186f36:	f8cd a024 	str.w	sl, [sp, #36]	@ 0x24
34186f3a:	f7fe b924 	b.w	34185186 <_vfprintf_r+0x31e>
34186f3e:	1a1b      	subs	r3, r3, r0
34186f40:	930f      	str	r3, [sp, #60]	@ 0x3c
34186f42:	9b1b      	ldr	r3, [sp, #108]	@ 0x6c
34186f44:	930d      	str	r3, [sp, #52]	@ 0x34
34186f46:	e4c1      	b.n	341868cc <_vfprintf_r+0x1a64>
34186f48:	930a      	str	r3, [sp, #40]	@ 0x28
34186f4a:	e73b      	b.n	34186dc4 <_vfprintf_r+0x1f5c>
34186f4c:	9b0d      	ldr	r3, [sp, #52]	@ 0x34
34186f4e:	9310      	str	r3, [sp, #64]	@ 0x40
34186f50:	930e      	str	r3, [sp, #56]	@ 0x38
34186f52:	f7fe b918 	b.w	34185186 <_vfprintf_r+0x31e>
34186f56:	9b03      	ldr	r3, [sp, #12]
34186f58:	899b      	ldrh	r3, [r3, #12]
34186f5a:	f043 0340 	orr.w	r3, r3, #64	@ 0x40
34186f5e:	e625      	b.n	34186bac <_vfprintf_r+0x1d44>
34186f60:	9b03      	ldr	r3, [sp, #12]
34186f62:	9009      	str	r0, [sp, #36]	@ 0x24
34186f64:	899b      	ldrh	r3, [r3, #12]
34186f66:	f043 0340 	orr.w	r3, r3, #64	@ 0x40
34186f6a:	e61f      	b.n	34186bac <_vfprintf_r+0x1d44>
34186f6c:	2300      	movs	r3, #0
34186f6e:	9310      	str	r3, [sp, #64]	@ 0x40
34186f70:	930e      	str	r3, [sp, #56]	@ 0x38
34186f72:	e6b7      	b.n	34186ce4 <_vfprintf_r+0x1e7c>
34186f74:	4608      	mov	r0, r1
34186f76:	f7fe bb21 	b.w	341855bc <_vfprintf_r+0x754>
34186f7a:	4619      	mov	r1, r3
34186f7c:	f7fe bb7b 	b.w	34185676 <_vfprintf_r+0x80e>
34186f80:	3418ac3c 	.word	0x3418ac3c
34186f84:	3418ac38 	.word	0x3418ac38
34186f88:	3418aeb4 	.word	0x3418aeb4

34186f8c <__sbprintf>:
34186f8c:	b5f0      	push	{r4, r5, r6, r7, lr}
34186f8e:	460d      	mov	r5, r1
34186f90:	f2ad 4d74 	subw	sp, sp, #1140	@ 0x474
34186f94:	4616      	mov	r6, r2
34186f96:	8989      	ldrh	r1, [r1, #12]
34186f98:	6e6a      	ldr	r2, [r5, #100]	@ 0x64
34186f9a:	4607      	mov	r7, r0
34186f9c:	f021 0102 	bic.w	r1, r1, #2
34186fa0:	a818      	add	r0, sp, #96	@ 0x60
34186fa2:	921b      	str	r2, [sp, #108]	@ 0x6c
34186fa4:	89ea      	ldrh	r2, [r5, #14]
34186fa6:	f8ad 1014 	strh.w	r1, [sp, #20]
34186faa:	a91c      	add	r1, sp, #112	@ 0x70
34186fac:	f8ad 2016 	strh.w	r2, [sp, #22]
34186fb0:	69ea      	ldr	r2, [r5, #28]
34186fb2:	9102      	str	r1, [sp, #8]
34186fb4:	9209      	str	r2, [sp, #36]	@ 0x24
34186fb6:	6a6a      	ldr	r2, [r5, #36]	@ 0x24
34186fb8:	9106      	str	r1, [sp, #24]
34186fba:	f44f 6180 	mov.w	r1, #1024	@ 0x400
34186fbe:	920b      	str	r2, [sp, #44]	@ 0x2c
34186fc0:	2200      	movs	r2, #0
34186fc2:	9301      	str	r3, [sp, #4]
34186fc4:	9104      	str	r1, [sp, #16]
34186fc6:	9107      	str	r1, [sp, #28]
34186fc8:	9208      	str	r2, [sp, #32]
34186fca:	f7fd fa25 	bl	34184418 <__retarget_lock_init_recursive>
34186fce:	4632      	mov	r2, r6
34186fd0:	9b01      	ldr	r3, [sp, #4]
34186fd2:	a902      	add	r1, sp, #8
34186fd4:	4638      	mov	r0, r7
34186fd6:	f7fd ff47 	bl	34184e68 <_vfprintf_r>
34186fda:	1e06      	subs	r6, r0, #0
34186fdc:	db07      	blt.n	34186fee <__sbprintf+0x62>
34186fde:	a902      	add	r1, sp, #8
34186fe0:	4638      	mov	r0, r7
34186fe2:	f7fd f847 	bl	34184074 <_fflush_r>
34186fe6:	2800      	cmp	r0, #0
34186fe8:	bf18      	it	ne
34186fea:	f04f 36ff 	movne.w	r6, #4294967295	@ 0xffffffff
34186fee:	f8bd 3014 	ldrh.w	r3, [sp, #20]
34186ff2:	065b      	lsls	r3, r3, #25
34186ff4:	d503      	bpl.n	34186ffe <__sbprintf+0x72>
34186ff6:	89ab      	ldrh	r3, [r5, #12]
34186ff8:	f043 0340 	orr.w	r3, r3, #64	@ 0x40
34186ffc:	81ab      	strh	r3, [r5, #12]
34186ffe:	9818      	ldr	r0, [sp, #96]	@ 0x60
34187000:	f7fd fa0c 	bl	3418441c <__retarget_lock_close_recursive>
34187004:	4630      	mov	r0, r6
34187006:	f20d 4d74 	addw	sp, sp, #1140	@ 0x474
3418700a:	bdf0      	pop	{r4, r5, r6, r7, pc}

3418700c <__malloc_lock>:
3418700c:	4801      	ldr	r0, [pc, #4]	@ (34187014 <__malloc_lock+0x8>)
3418700e:	f7fd ba07 	b.w	34184420 <__retarget_lock_acquire_recursive>
34187012:	bf00      	nop
34187014:	341c0a10 	.word	0x341c0a10

34187018 <__malloc_unlock>:
34187018:	4801      	ldr	r0, [pc, #4]	@ (34187020 <__malloc_unlock+0x8>)
3418701a:	f7fd ba03 	b.w	34184424 <__retarget_lock_release_recursive>
3418701e:	bf00      	nop
34187020:	341c0a10 	.word	0x341c0a10

34187024 <__sfvwrite_r>:
34187024:	6893      	ldr	r3, [r2, #8]
34187026:	2b00      	cmp	r3, #0
34187028:	f000 80b1 	beq.w	3418718e <__sfvwrite_r+0x16a>
3418702c:	f9b1 c00c 	ldrsh.w	ip, [r1, #12]
34187030:	f01c 0f08 	tst.w	ip, #8
34187034:	e92d 4ff0 	stmdb	sp!, {r4, r5, r6, r7, r8, r9, sl, fp, lr}
34187038:	460c      	mov	r4, r1
3418703a:	b083      	sub	sp, #12
3418703c:	4680      	mov	r8, r0
3418703e:	4617      	mov	r7, r2
34187040:	d026      	beq.n	34187090 <__sfvwrite_r+0x6c>
34187042:	690b      	ldr	r3, [r1, #16]
34187044:	b323      	cbz	r3, 34187090 <__sfvwrite_r+0x6c>
34187046:	f01c 0302 	ands.w	r3, ip, #2
3418704a:	683e      	ldr	r6, [r7, #0]
3418704c:	d02c      	beq.n	341870a8 <__sfvwrite_r+0x84>
3418704e:	f04f 0a00 	mov.w	sl, #0
34187052:	f8df b2c0 	ldr.w	fp, [pc, #704]	@ 34187314 <__sfvwrite_r+0x2f0>
34187056:	46b9      	mov	r9, r7
34187058:	4655      	mov	r5, sl
3418705a:	455d      	cmp	r5, fp
3418705c:	462b      	mov	r3, r5
3418705e:	4652      	mov	r2, sl
34187060:	4640      	mov	r0, r8
34187062:	bf28      	it	cs
34187064:	465b      	movcs	r3, fp
34187066:	2d00      	cmp	r5, #0
34187068:	d07f      	beq.n	3418716a <__sfvwrite_r+0x146>
3418706a:	69e1      	ldr	r1, [r4, #28]
3418706c:	6a67      	ldr	r7, [r4, #36]	@ 0x24
3418706e:	47b8      	blx	r7
34187070:	2800      	cmp	r0, #0
34187072:	f340 8084 	ble.w	3418717e <__sfvwrite_r+0x15a>
34187076:	f8d9 3008 	ldr.w	r3, [r9, #8]
3418707a:	4482      	add	sl, r0
3418707c:	1a2d      	subs	r5, r5, r0
3418707e:	1a1b      	subs	r3, r3, r0
34187080:	f8c9 3008 	str.w	r3, [r9, #8]
34187084:	2b00      	cmp	r3, #0
34187086:	d1e8      	bne.n	3418705a <__sfvwrite_r+0x36>
34187088:	2000      	movs	r0, #0
3418708a:	b003      	add	sp, #12
3418708c:	e8bd 8ff0 	ldmia.w	sp!, {r4, r5, r6, r7, r8, r9, sl, fp, pc}
34187090:	4621      	mov	r1, r4
34187092:	4640      	mov	r0, r8
34187094:	f000 fbd0 	bl	34187838 <__swsetup_r>
34187098:	2800      	cmp	r0, #0
3418709a:	d175      	bne.n	34187188 <__sfvwrite_r+0x164>
3418709c:	f9b4 c00c 	ldrsh.w	ip, [r4, #12]
341870a0:	683e      	ldr	r6, [r7, #0]
341870a2:	f01c 0302 	ands.w	r3, ip, #2
341870a6:	d1d2      	bne.n	3418704e <__sfvwrite_r+0x2a>
341870a8:	f01c 0a01 	ands.w	sl, ip, #1
341870ac:	d171      	bne.n	34187192 <__sfvwrite_r+0x16e>
341870ae:	6823      	ldr	r3, [r4, #0]
341870b0:	4655      	mov	r5, sl
341870b2:	9700      	str	r7, [sp, #0]
341870b4:	2d00      	cmp	r5, #0
341870b6:	d054      	beq.n	34187162 <__sfvwrite_r+0x13e>
341870b8:	f41c 7f00 	tst.w	ip, #512	@ 0x200
341870bc:	f8d4 9008 	ldr.w	r9, [r4, #8]
341870c0:	4618      	mov	r0, r3
341870c2:	f000 80ae 	beq.w	34187222 <__sfvwrite_r+0x1fe>
341870c6:	45a9      	cmp	r9, r5
341870c8:	46cb      	mov	fp, r9
341870ca:	f200 80e8 	bhi.w	3418729e <__sfvwrite_r+0x27a>
341870ce:	f41c 6f90 	tst.w	ip, #1152	@ 0x480
341870d2:	d033      	beq.n	3418713c <__sfvwrite_r+0x118>
341870d4:	6921      	ldr	r1, [r4, #16]
341870d6:	eba3 0901 	sub.w	r9, r3, r1
341870da:	6963      	ldr	r3, [r4, #20]
341870dc:	eb13 0343 	adds.w	r3, r3, r3, lsl #1
341870e0:	bf48      	it	mi
341870e2:	3301      	addmi	r3, #1
341870e4:	ea4f 0b63 	mov.w	fp, r3, asr #1
341870e8:	f109 0301 	add.w	r3, r9, #1
341870ec:	442b      	add	r3, r5
341870ee:	465a      	mov	r2, fp
341870f0:	455b      	cmp	r3, fp
341870f2:	d901      	bls.n	341870f8 <__sfvwrite_r+0xd4>
341870f4:	469b      	mov	fp, r3
341870f6:	461a      	mov	r2, r3
341870f8:	f41c 6f80 	tst.w	ip, #1024	@ 0x400
341870fc:	f000 80ee 	beq.w	341872dc <__sfvwrite_r+0x2b8>
34187100:	4611      	mov	r1, r2
34187102:	4640      	mov	r0, r8
34187104:	f7fd fbda 	bl	341848bc <_malloc_r>
34187108:	2800      	cmp	r0, #0
3418710a:	f000 80fc 	beq.w	34187306 <__sfvwrite_r+0x2e2>
3418710e:	464a      	mov	r2, r9
34187110:	6921      	ldr	r1, [r4, #16]
34187112:	9001      	str	r0, [sp, #4]
34187114:	f7fd f988 	bl	34184428 <memcpy>
34187118:	89a2      	ldrh	r2, [r4, #12]
3418711a:	9b01      	ldr	r3, [sp, #4]
3418711c:	f422 6290 	bic.w	r2, r2, #1152	@ 0x480
34187120:	f042 0280 	orr.w	r2, r2, #128	@ 0x80
34187124:	81a2      	strh	r2, [r4, #12]
34187126:	eb03 0009 	add.w	r0, r3, r9
3418712a:	6123      	str	r3, [r4, #16]
3418712c:	f8c4 b014 	str.w	fp, [r4, #20]
34187130:	ebab 0309 	sub.w	r3, fp, r9
34187134:	46a9      	mov	r9, r5
34187136:	46ab      	mov	fp, r5
34187138:	60a3      	str	r3, [r4, #8]
3418713a:	6020      	str	r0, [r4, #0]
3418713c:	4651      	mov	r1, sl
3418713e:	465a      	mov	r2, fp
34187140:	f000 fbe8 	bl	34187914 <memmove>
34187144:	68a2      	ldr	r2, [r4, #8]
34187146:	9900      	ldr	r1, [sp, #0]
34187148:	eba2 0209 	sub.w	r2, r2, r9
3418714c:	6823      	ldr	r3, [r4, #0]
3418714e:	60a2      	str	r2, [r4, #8]
34187150:	445b      	add	r3, fp
34187152:	688a      	ldr	r2, [r1, #8]
34187154:	6023      	str	r3, [r4, #0]
34187156:	1b52      	subs	r2, r2, r5
34187158:	608a      	str	r2, [r1, #8]
3418715a:	2a00      	cmp	r2, #0
3418715c:	d094      	beq.n	34187088 <__sfvwrite_r+0x64>
3418715e:	f9b4 c00c 	ldrsh.w	ip, [r4, #12]
34187162:	e9d6 a500 	ldrd	sl, r5, [r6]
34187166:	3608      	adds	r6, #8
34187168:	e7a4      	b.n	341870b4 <__sfvwrite_r+0x90>
3418716a:	e9d6 a500 	ldrd	sl, r5, [r6]
3418716e:	3608      	adds	r6, #8
34187170:	e773      	b.n	3418705a <__sfvwrite_r+0x36>
34187172:	4621      	mov	r1, r4
34187174:	4640      	mov	r0, r8
34187176:	f7fc ff7d 	bl	34184074 <_fflush_r>
3418717a:	2800      	cmp	r0, #0
3418717c:	d02e      	beq.n	341871dc <__sfvwrite_r+0x1b8>
3418717e:	f9b4 300c 	ldrsh.w	r3, [r4, #12]
34187182:	f043 0340 	orr.w	r3, r3, #64	@ 0x40
34187186:	81a3      	strh	r3, [r4, #12]
34187188:	f04f 30ff 	mov.w	r0, #4294967295	@ 0xffffffff
3418718c:	e77d      	b.n	3418708a <__sfvwrite_r+0x66>
3418718e:	2000      	movs	r0, #0
34187190:	4770      	bx	lr
34187192:	461d      	mov	r5, r3
34187194:	469a      	mov	sl, r3
34187196:	4618      	mov	r0, r3
34187198:	46b9      	mov	r9, r7
3418719a:	9300      	str	r3, [sp, #0]
3418719c:	2d00      	cmp	r5, #0
3418719e:	d02d      	beq.n	341871fc <__sfvwrite_r+0x1d8>
341871a0:	2800      	cmp	r0, #0
341871a2:	d032      	beq.n	3418720a <__sfvwrite_r+0x1e6>
341871a4:	4652      	mov	r2, sl
341871a6:	68a1      	ldr	r1, [r4, #8]
341871a8:	42aa      	cmp	r2, r5
341871aa:	6963      	ldr	r3, [r4, #20]
341871ac:	6820      	ldr	r0, [r4, #0]
341871ae:	bf28      	it	cs
341871b0:	462a      	movcs	r2, r5
341871b2:	eb03 0b01 	add.w	fp, r3, r1
341871b6:	6921      	ldr	r1, [r4, #16]
341871b8:	4288      	cmp	r0, r1
341871ba:	d901      	bls.n	341871c0 <__sfvwrite_r+0x19c>
341871bc:	455a      	cmp	r2, fp
341871be:	dc7e      	bgt.n	341872be <__sfvwrite_r+0x29a>
341871c0:	4293      	cmp	r3, r2
341871c2:	dc6f      	bgt.n	341872a4 <__sfvwrite_r+0x280>
341871c4:	9a00      	ldr	r2, [sp, #0]
341871c6:	4640      	mov	r0, r8
341871c8:	69e1      	ldr	r1, [r4, #28]
341871ca:	6a67      	ldr	r7, [r4, #36]	@ 0x24
341871cc:	47b8      	blx	r7
341871ce:	f1b0 0b00 	subs.w	fp, r0, #0
341871d2:	ddd4      	ble.n	3418717e <__sfvwrite_r+0x15a>
341871d4:	ebba 0a0b 	subs.w	sl, sl, fp
341871d8:	d0cb      	beq.n	34187172 <__sfvwrite_r+0x14e>
341871da:	2001      	movs	r0, #1
341871dc:	f8d9 3008 	ldr.w	r3, [r9, #8]
341871e0:	eba3 030b 	sub.w	r3, r3, fp
341871e4:	f8c9 3008 	str.w	r3, [r9, #8]
341871e8:	2b00      	cmp	r3, #0
341871ea:	f43f af4d 	beq.w	34187088 <__sfvwrite_r+0x64>
341871ee:	9b00      	ldr	r3, [sp, #0]
341871f0:	eba5 050b 	sub.w	r5, r5, fp
341871f4:	445b      	add	r3, fp
341871f6:	9300      	str	r3, [sp, #0]
341871f8:	2d00      	cmp	r5, #0
341871fa:	d1d1      	bne.n	341871a0 <__sfvwrite_r+0x17c>
341871fc:	6875      	ldr	r5, [r6, #4]
341871fe:	4633      	mov	r3, r6
34187200:	3608      	adds	r6, #8
34187202:	2d00      	cmp	r5, #0
34187204:	d0fa      	beq.n	341871fc <__sfvwrite_r+0x1d8>
34187206:	681b      	ldr	r3, [r3, #0]
34187208:	9300      	str	r3, [sp, #0]
3418720a:	9f00      	ldr	r7, [sp, #0]
3418720c:	462a      	mov	r2, r5
3418720e:	210a      	movs	r1, #10
34187210:	4638      	mov	r0, r7
34187212:	f000 fcbf 	bl	34187b94 <memchr>
34187216:	2800      	cmp	r0, #0
34187218:	d072      	beq.n	34187300 <__sfvwrite_r+0x2dc>
3418721a:	3001      	adds	r0, #1
3418721c:	eba0 0a07 	sub.w	sl, r0, r7
34187220:	e7c0      	b.n	341871a4 <__sfvwrite_r+0x180>
34187222:	6922      	ldr	r2, [r4, #16]
34187224:	429a      	cmp	r2, r3
34187226:	d322      	bcc.n	3418726e <__sfvwrite_r+0x24a>
34187228:	6962      	ldr	r2, [r4, #20]
3418722a:	42aa      	cmp	r2, r5
3418722c:	d81f      	bhi.n	3418726e <__sfvwrite_r+0x24a>
3418722e:	f06f 4300 	mvn.w	r3, #2147483648	@ 0x80000000
34187232:	69e1      	ldr	r1, [r4, #28]
34187234:	4640      	mov	r0, r8
34187236:	6a67      	ldr	r7, [r4, #36]	@ 0x24
34187238:	42ab      	cmp	r3, r5
3418723a:	bf28      	it	cs
3418723c:	462b      	movcs	r3, r5
3418723e:	fb93 f3f2 	sdiv	r3, r3, r2
34187242:	fb02 f303 	mul.w	r3, r2, r3
34187246:	4652      	mov	r2, sl
34187248:	47b8      	blx	r7
3418724a:	f1b0 0900 	subs.w	r9, r0, #0
3418724e:	dd96      	ble.n	3418717e <__sfvwrite_r+0x15a>
34187250:	9a00      	ldr	r2, [sp, #0]
34187252:	eba5 0509 	sub.w	r5, r5, r9
34187256:	6893      	ldr	r3, [r2, #8]
34187258:	eba3 0309 	sub.w	r3, r3, r9
3418725c:	6093      	str	r3, [r2, #8]
3418725e:	2b00      	cmp	r3, #0
34187260:	f43f af12 	beq.w	34187088 <__sfvwrite_r+0x64>
34187264:	44ca      	add	sl, r9
34187266:	f9b4 c00c 	ldrsh.w	ip, [r4, #12]
3418726a:	6823      	ldr	r3, [r4, #0]
3418726c:	e722      	b.n	341870b4 <__sfvwrite_r+0x90>
3418726e:	45a9      	cmp	r9, r5
34187270:	4618      	mov	r0, r3
34187272:	4651      	mov	r1, sl
34187274:	bf28      	it	cs
34187276:	46a9      	movcs	r9, r5
34187278:	464a      	mov	r2, r9
3418727a:	f000 fb4b 	bl	34187914 <memmove>
3418727e:	68a2      	ldr	r2, [r4, #8]
34187280:	6823      	ldr	r3, [r4, #0]
34187282:	eba2 0209 	sub.w	r2, r2, r9
34187286:	444b      	add	r3, r9
34187288:	60a2      	str	r2, [r4, #8]
3418728a:	6023      	str	r3, [r4, #0]
3418728c:	2a00      	cmp	r2, #0
3418728e:	d1df      	bne.n	34187250 <__sfvwrite_r+0x22c>
34187290:	4621      	mov	r1, r4
34187292:	4640      	mov	r0, r8
34187294:	f7fc feee 	bl	34184074 <_fflush_r>
34187298:	2800      	cmp	r0, #0
3418729a:	d0d9      	beq.n	34187250 <__sfvwrite_r+0x22c>
3418729c:	e76f      	b.n	3418717e <__sfvwrite_r+0x15a>
3418729e:	46a9      	mov	r9, r5
341872a0:	46ab      	mov	fp, r5
341872a2:	e74b      	b.n	3418713c <__sfvwrite_r+0x118>
341872a4:	9900      	ldr	r1, [sp, #0]
341872a6:	9201      	str	r2, [sp, #4]
341872a8:	f000 fb34 	bl	34187914 <memmove>
341872ac:	9a01      	ldr	r2, [sp, #4]
341872ae:	68a3      	ldr	r3, [r4, #8]
341872b0:	4693      	mov	fp, r2
341872b2:	1a9b      	subs	r3, r3, r2
341872b4:	60a3      	str	r3, [r4, #8]
341872b6:	6823      	ldr	r3, [r4, #0]
341872b8:	4413      	add	r3, r2
341872ba:	6023      	str	r3, [r4, #0]
341872bc:	e78a      	b.n	341871d4 <__sfvwrite_r+0x1b0>
341872be:	9900      	ldr	r1, [sp, #0]
341872c0:	465a      	mov	r2, fp
341872c2:	f000 fb27 	bl	34187914 <memmove>
341872c6:	6823      	ldr	r3, [r4, #0]
341872c8:	4621      	mov	r1, r4
341872ca:	4640      	mov	r0, r8
341872cc:	445b      	add	r3, fp
341872ce:	6023      	str	r3, [r4, #0]
341872d0:	f7fc fed0 	bl	34184074 <_fflush_r>
341872d4:	2800      	cmp	r0, #0
341872d6:	f43f af7d 	beq.w	341871d4 <__sfvwrite_r+0x1b0>
341872da:	e750      	b.n	3418717e <__sfvwrite_r+0x15a>
341872dc:	4640      	mov	r0, r8
341872de:	f000 f83d 	bl	3418735c <_realloc_r>
341872e2:	4603      	mov	r3, r0
341872e4:	2800      	cmp	r0, #0
341872e6:	f47f af1e 	bne.w	34187126 <__sfvwrite_r+0x102>
341872ea:	6921      	ldr	r1, [r4, #16]
341872ec:	4640      	mov	r0, r8
341872ee:	f7fd f9e1 	bl	341846b4 <_free_r>
341872f2:	89a3      	ldrh	r3, [r4, #12]
341872f4:	220c      	movs	r2, #12
341872f6:	f023 0380 	bic.w	r3, r3, #128	@ 0x80
341872fa:	f8c8 2000 	str.w	r2, [r8]
341872fe:	e740      	b.n	34187182 <__sfvwrite_r+0x15e>
34187300:	1c6a      	adds	r2, r5, #1
34187302:	4692      	mov	sl, r2
34187304:	e74f      	b.n	341871a6 <__sfvwrite_r+0x182>
34187306:	220c      	movs	r2, #12
34187308:	f9b4 300c 	ldrsh.w	r3, [r4, #12]
3418730c:	f8c8 2000 	str.w	r2, [r8]
34187310:	e737      	b.n	34187182 <__sfvwrite_r+0x15e>
34187312:	bf00      	nop
34187314:	7ffffc00 	.word	0x7ffffc00

34187318 <_fwalk_sglue>:
34187318:	e92d 43f8 	stmdb	sp!, {r3, r4, r5, r6, r7, r8, r9, lr}
3418731c:	4607      	mov	r7, r0
3418731e:	4688      	mov	r8, r1
34187320:	f04f 0900 	mov.w	r9, #0
34187324:	4616      	mov	r6, r2
34187326:	6875      	ldr	r5, [r6, #4]
34187328:	3d01      	subs	r5, #1
3418732a:	d410      	bmi.n	3418734e <_fwalk_sglue+0x36>
3418732c:	68b4      	ldr	r4, [r6, #8]
3418732e:	89a3      	ldrh	r3, [r4, #12]
34187330:	2b01      	cmp	r3, #1
34187332:	d908      	bls.n	34187346 <_fwalk_sglue+0x2e>
34187334:	f9b4 300e 	ldrsh.w	r3, [r4, #14]
34187338:	4621      	mov	r1, r4
3418733a:	4638      	mov	r0, r7
3418733c:	3301      	adds	r3, #1
3418733e:	d002      	beq.n	34187346 <_fwalk_sglue+0x2e>
34187340:	47c0      	blx	r8
34187342:	ea49 0900 	orr.w	r9, r9, r0
34187346:	3d01      	subs	r5, #1
34187348:	3468      	adds	r4, #104	@ 0x68
3418734a:	1c6b      	adds	r3, r5, #1
3418734c:	d1ef      	bne.n	3418732e <_fwalk_sglue+0x16>
3418734e:	6836      	ldr	r6, [r6, #0]
34187350:	2e00      	cmp	r6, #0
34187352:	d1e8      	bne.n	34187326 <_fwalk_sglue+0xe>
34187354:	4648      	mov	r0, r9
34187356:	e8bd 83f8 	ldmia.w	sp!, {r3, r4, r5, r6, r7, r8, r9, pc}
3418735a:	bf00      	nop

3418735c <_realloc_r>:
3418735c:	2900      	cmp	r1, #0
3418735e:	f000 809d 	beq.w	3418749c <_realloc_r+0x140>
34187362:	e92d 47f0 	stmdb	sp!, {r4, r5, r6, r7, r8, r9, sl, lr}
34187366:	4617      	mov	r7, r2
34187368:	b082      	sub	sp, #8
3418736a:	460c      	mov	r4, r1
3418736c:	4680      	mov	r8, r0
3418736e:	f7ff fe4d 	bl	3418700c <__malloc_lock>
34187372:	f107 030b 	add.w	r3, r7, #11
34187376:	2b16      	cmp	r3, #22
34187378:	d867      	bhi.n	3418744a <_realloc_r+0xee>
3418737a:	f04f 0c10 	mov.w	ip, #16
3418737e:	2200      	movs	r2, #0
34187380:	4663      	mov	r3, ip
34187382:	42bb      	cmp	r3, r7
34187384:	f0c0 809c 	bcc.w	341874c0 <_realloc_r+0x164>
34187388:	2a00      	cmp	r2, #0
3418738a:	f040 8099 	bne.w	341874c0 <_realloc_r+0x164>
3418738e:	f854 1c04 	ldr.w	r1, [r4, #-4]
34187392:	f1a4 0508 	sub.w	r5, r4, #8
34187396:	f021 0203 	bic.w	r2, r1, #3
3418739a:	4562      	cmp	r2, ip
3418739c:	da5f      	bge.n	3418745e <_realloc_r+0x102>
3418739e:	48bb      	ldr	r0, [pc, #748]	@ (3418768c <_realloc_r+0x330>)
341873a0:	eb05 0e02 	add.w	lr, r5, r2
341873a4:	6880      	ldr	r0, [r0, #8]
341873a6:	f8de 6004 	ldr.w	r6, [lr, #4]
341873aa:	4570      	cmp	r0, lr
341873ac:	f000 8090 	beq.w	341874d0 <_realloc_r+0x174>
341873b0:	f026 0001 	bic.w	r0, r6, #1
341873b4:	4470      	add	r0, lr
341873b6:	6840      	ldr	r0, [r0, #4]
341873b8:	07c0      	lsls	r0, r0, #31
341873ba:	d465      	bmi.n	34187488 <_realloc_r+0x12c>
341873bc:	f026 0603 	bic.w	r6, r6, #3
341873c0:	1990      	adds	r0, r2, r6
341873c2:	4560      	cmp	r0, ip
341873c4:	da46      	bge.n	34187454 <_realloc_r+0xf8>
341873c6:	07c9      	lsls	r1, r1, #31
341873c8:	d40f      	bmi.n	341873ea <_realloc_r+0x8e>
341873ca:	f854 0c08 	ldr.w	r0, [r4, #-8]
341873ce:	1a29      	subs	r1, r5, r0
341873d0:	6848      	ldr	r0, [r1, #4]
341873d2:	4689      	mov	r9, r1
341873d4:	f020 0003 	bic.w	r0, r0, #3
341873d8:	4406      	add	r6, r0
341873da:	4416      	add	r6, r2
341873dc:	45b4      	cmp	ip, r6
341873de:	f340 80fa 	ble.w	341875d6 <_realloc_r+0x27a>
341873e2:	1816      	adds	r6, r2, r0
341873e4:	45b4      	cmp	ip, r6
341873e6:	f340 80d1 	ble.w	3418758c <_realloc_r+0x230>
341873ea:	4639      	mov	r1, r7
341873ec:	4640      	mov	r0, r8
341873ee:	e9cd 3200 	strd	r3, r2, [sp]
341873f2:	f7fd fa63 	bl	341848bc <_malloc_r>
341873f6:	4606      	mov	r6, r0
341873f8:	e9dd 3200 	ldrd	r3, r2, [sp]
341873fc:	2800      	cmp	r0, #0
341873fe:	f000 8123 	beq.w	34187648 <_realloc_r+0x2ec>
34187402:	f854 1c04 	ldr.w	r1, [r4, #-4]
34187406:	f1a0 0c08 	sub.w	ip, r0, #8
3418740a:	f021 0101 	bic.w	r1, r1, #1
3418740e:	4429      	add	r1, r5
34187410:	4561      	cmp	r1, ip
34187412:	f000 80aa 	beq.w	3418756a <_realloc_r+0x20e>
34187416:	3a04      	subs	r2, #4
34187418:	2a24      	cmp	r2, #36	@ 0x24
3418741a:	f200 80d8 	bhi.w	341875ce <_realloc_r+0x272>
3418741e:	2a13      	cmp	r2, #19
34187420:	f200 80a9 	bhi.w	34187576 <_realloc_r+0x21a>
34187424:	4603      	mov	r3, r0
34187426:	4622      	mov	r2, r4
34187428:	6811      	ldr	r1, [r2, #0]
3418742a:	6019      	str	r1, [r3, #0]
3418742c:	6851      	ldr	r1, [r2, #4]
3418742e:	6059      	str	r1, [r3, #4]
34187430:	6892      	ldr	r2, [r2, #8]
34187432:	609a      	str	r2, [r3, #8]
34187434:	4621      	mov	r1, r4
34187436:	4640      	mov	r0, r8
34187438:	f7fd f93c 	bl	341846b4 <_free_r>
3418743c:	4640      	mov	r0, r8
3418743e:	f7ff fdeb 	bl	34187018 <__malloc_unlock>
34187442:	4630      	mov	r0, r6
34187444:	b002      	add	sp, #8
34187446:	e8bd 87f0 	ldmia.w	sp!, {r4, r5, r6, r7, r8, r9, sl, pc}
3418744a:	f023 0307 	bic.w	r3, r3, #7
3418744e:	469c      	mov	ip, r3
34187450:	0fda      	lsrs	r2, r3, #31
34187452:	e796      	b.n	34187382 <_realloc_r+0x26>
34187454:	4602      	mov	r2, r0
34187456:	e9de 0102 	ldrd	r0, r1, [lr, #8]
3418745a:	60c1      	str	r1, [r0, #12]
3418745c:	6088      	str	r0, [r1, #8]
3418745e:	1ad6      	subs	r6, r2, r3
34187460:	6869      	ldr	r1, [r5, #4]
34187462:	18a8      	adds	r0, r5, r2
34187464:	2e0f      	cmp	r6, #15
34187466:	f001 0101 	and.w	r1, r1, #1
3418746a:	d81a      	bhi.n	341874a2 <_realloc_r+0x146>
3418746c:	4311      	orrs	r1, r2
3418746e:	6069      	str	r1, [r5, #4]
34187470:	6843      	ldr	r3, [r0, #4]
34187472:	f043 0301 	orr.w	r3, r3, #1
34187476:	6043      	str	r3, [r0, #4]
34187478:	4626      	mov	r6, r4
3418747a:	4640      	mov	r0, r8
3418747c:	f7ff fdcc 	bl	34187018 <__malloc_unlock>
34187480:	4630      	mov	r0, r6
34187482:	b002      	add	sp, #8
34187484:	e8bd 87f0 	ldmia.w	sp!, {r4, r5, r6, r7, r8, r9, sl, pc}
34187488:	07ce      	lsls	r6, r1, #31
3418748a:	d4ae      	bmi.n	341873ea <_realloc_r+0x8e>
3418748c:	f854 0c08 	ldr.w	r0, [r4, #-8]
34187490:	1a29      	subs	r1, r5, r0
34187492:	6848      	ldr	r0, [r1, #4]
34187494:	4689      	mov	r9, r1
34187496:	f020 0003 	bic.w	r0, r0, #3
3418749a:	e7a2      	b.n	341873e2 <_realloc_r+0x86>
3418749c:	4611      	mov	r1, r2
3418749e:	f7fd ba0d 	b.w	341848bc <_malloc_r>
341874a2:	4319      	orrs	r1, r3
341874a4:	f046 0601 	orr.w	r6, r6, #1
341874a8:	6069      	str	r1, [r5, #4]
341874aa:	18e9      	adds	r1, r5, r3
341874ac:	604e      	str	r6, [r1, #4]
341874ae:	3108      	adds	r1, #8
341874b0:	6843      	ldr	r3, [r0, #4]
341874b2:	f043 0301 	orr.w	r3, r3, #1
341874b6:	6043      	str	r3, [r0, #4]
341874b8:	4640      	mov	r0, r8
341874ba:	f7fd f8fb 	bl	341846b4 <_free_r>
341874be:	e7db      	b.n	34187478 <_realloc_r+0x11c>
341874c0:	230c      	movs	r3, #12
341874c2:	f8c8 3000 	str.w	r3, [r8]
341874c6:	2600      	movs	r6, #0
341874c8:	4630      	mov	r0, r6
341874ca:	b002      	add	sp, #8
341874cc:	e8bd 87f0 	ldmia.w	sp!, {r4, r5, r6, r7, r8, r9, sl, pc}
341874d0:	f026 0e03 	bic.w	lr, r6, #3
341874d4:	f103 0610 	add.w	r6, r3, #16
341874d8:	eb0e 0002 	add.w	r0, lr, r2
341874dc:	42b0      	cmp	r0, r6
341874de:	f280 8094 	bge.w	3418760a <_realloc_r+0x2ae>
341874e2:	07c8      	lsls	r0, r1, #31
341874e4:	d481      	bmi.n	341873ea <_realloc_r+0x8e>
341874e6:	f854 0c08 	ldr.w	r0, [r4, #-8]
341874ea:	1a29      	subs	r1, r5, r0
341874ec:	6848      	ldr	r0, [r1, #4]
341874ee:	4689      	mov	r9, r1
341874f0:	f020 0003 	bic.w	r0, r0, #3
341874f4:	4486      	add	lr, r0
341874f6:	eb0e 0102 	add.w	r1, lr, r2
341874fa:	428e      	cmp	r6, r1
341874fc:	468a      	mov	sl, r1
341874fe:	f73f af70 	bgt.w	341873e2 <_realloc_r+0x86>
34187502:	3a04      	subs	r2, #4
34187504:	464e      	mov	r6, r9
34187506:	f8d9 100c 	ldr.w	r1, [r9, #12]
3418750a:	f856 0f08 	ldr.w	r0, [r6, #8]!
3418750e:	2a24      	cmp	r2, #36	@ 0x24
34187510:	60c1      	str	r1, [r0, #12]
34187512:	6088      	str	r0, [r1, #8]
34187514:	f200 80b2 	bhi.w	3418767c <_realloc_r+0x320>
34187518:	2a13      	cmp	r2, #19
3418751a:	f240 80ad 	bls.w	34187678 <_realloc_r+0x31c>
3418751e:	6821      	ldr	r1, [r4, #0]
34187520:	2a1b      	cmp	r2, #27
34187522:	f8c9 1008 	str.w	r1, [r9, #8]
34187526:	6861      	ldr	r1, [r4, #4]
34187528:	f8c9 100c 	str.w	r1, [r9, #12]
3418752c:	f200 80b0 	bhi.w	34187690 <_realloc_r+0x334>
34187530:	3408      	adds	r4, #8
34187532:	f109 0210 	add.w	r2, r9, #16
34187536:	6821      	ldr	r1, [r4, #0]
34187538:	6011      	str	r1, [r2, #0]
3418753a:	6861      	ldr	r1, [r4, #4]
3418753c:	6051      	str	r1, [r2, #4]
3418753e:	68a1      	ldr	r1, [r4, #8]
34187540:	6091      	str	r1, [r2, #8]
34187542:	ebaa 0203 	sub.w	r2, sl, r3
34187546:	eb09 0103 	add.w	r1, r9, r3
3418754a:	4d50      	ldr	r5, [pc, #320]	@ (3418768c <_realloc_r+0x330>)
3418754c:	4640      	mov	r0, r8
3418754e:	f042 0201 	orr.w	r2, r2, #1
34187552:	60a9      	str	r1, [r5, #8]
34187554:	604a      	str	r2, [r1, #4]
34187556:	f8d9 2004 	ldr.w	r2, [r9, #4]
3418755a:	f002 0201 	and.w	r2, r2, #1
3418755e:	4313      	orrs	r3, r2
34187560:	f8c9 3004 	str.w	r3, [r9, #4]
34187564:	f7ff fd58 	bl	34187018 <__malloc_unlock>
34187568:	e78a      	b.n	34187480 <_realloc_r+0x124>
3418756a:	f850 1c04 	ldr.w	r1, [r0, #-4]
3418756e:	f021 0103 	bic.w	r1, r1, #3
34187572:	440a      	add	r2, r1
34187574:	e773      	b.n	3418745e <_realloc_r+0x102>
34187576:	6823      	ldr	r3, [r4, #0]
34187578:	2a1b      	cmp	r2, #27
3418757a:	6003      	str	r3, [r0, #0]
3418757c:	6863      	ldr	r3, [r4, #4]
3418757e:	6043      	str	r3, [r0, #4]
34187580:	d838      	bhi.n	341875f4 <_realloc_r+0x298>
34187582:	f104 0208 	add.w	r2, r4, #8
34187586:	f100 0308 	add.w	r3, r0, #8
3418758a:	e74d      	b.n	34187428 <_realloc_r+0xcc>
3418758c:	3a04      	subs	r2, #4
3418758e:	464d      	mov	r5, r9
34187590:	f8d9 100c 	ldr.w	r1, [r9, #12]
34187594:	2a24      	cmp	r2, #36	@ 0x24
34187596:	f855 0f08 	ldr.w	r0, [r5, #8]!
3418759a:	60c1      	str	r1, [r0, #12]
3418759c:	6088      	str	r0, [r1, #8]
3418759e:	d822      	bhi.n	341875e6 <_realloc_r+0x28a>
341875a0:	2a13      	cmp	r2, #19
341875a2:	d91e      	bls.n	341875e2 <_realloc_r+0x286>
341875a4:	6821      	ldr	r1, [r4, #0]
341875a6:	2a1b      	cmp	r2, #27
341875a8:	f8c9 1008 	str.w	r1, [r9, #8]
341875ac:	6861      	ldr	r1, [r4, #4]
341875ae:	f8c9 100c 	str.w	r1, [r9, #12]
341875b2:	d83d      	bhi.n	34187630 <_realloc_r+0x2d4>
341875b4:	3408      	adds	r4, #8
341875b6:	f109 0210 	add.w	r2, r9, #16
341875ba:	6821      	ldr	r1, [r4, #0]
341875bc:	6011      	str	r1, [r2, #0]
341875be:	6861      	ldr	r1, [r4, #4]
341875c0:	6051      	str	r1, [r2, #4]
341875c2:	68a1      	ldr	r1, [r4, #8]
341875c4:	6091      	str	r1, [r2, #8]
341875c6:	462c      	mov	r4, r5
341875c8:	4632      	mov	r2, r6
341875ca:	464d      	mov	r5, r9
341875cc:	e747      	b.n	3418745e <_realloc_r+0x102>
341875ce:	4621      	mov	r1, r4
341875d0:	f000 f9a0 	bl	34187914 <memmove>
341875d4:	e72e      	b.n	34187434 <_realloc_r+0xd8>
341875d6:	e9de 0102 	ldrd	r0, r1, [lr, #8]
341875da:	3a04      	subs	r2, #4
341875dc:	60c1      	str	r1, [r0, #12]
341875de:	6088      	str	r0, [r1, #8]
341875e0:	e7d5      	b.n	3418758e <_realloc_r+0x232>
341875e2:	462a      	mov	r2, r5
341875e4:	e7e9      	b.n	341875ba <_realloc_r+0x25e>
341875e6:	4621      	mov	r1, r4
341875e8:	4628      	mov	r0, r5
341875ea:	9300      	str	r3, [sp, #0]
341875ec:	f000 f992 	bl	34187914 <memmove>
341875f0:	9b00      	ldr	r3, [sp, #0]
341875f2:	e7e8      	b.n	341875c6 <_realloc_r+0x26a>
341875f4:	68a3      	ldr	r3, [r4, #8]
341875f6:	2a24      	cmp	r2, #36	@ 0x24
341875f8:	6083      	str	r3, [r0, #8]
341875fa:	68e3      	ldr	r3, [r4, #12]
341875fc:	60c3      	str	r3, [r0, #12]
341875fe:	d027      	beq.n	34187650 <_realloc_r+0x2f4>
34187600:	f104 0210 	add.w	r2, r4, #16
34187604:	f100 0310 	add.w	r3, r0, #16
34187608:	e70e      	b.n	34187428 <_realloc_r+0xcc>
3418760a:	1ac2      	subs	r2, r0, r3
3418760c:	441d      	add	r5, r3
3418760e:	491f      	ldr	r1, [pc, #124]	@ (3418768c <_realloc_r+0x330>)
34187610:	4640      	mov	r0, r8
34187612:	f042 0201 	orr.w	r2, r2, #1
34187616:	4626      	mov	r6, r4
34187618:	608d      	str	r5, [r1, #8]
3418761a:	606a      	str	r2, [r5, #4]
3418761c:	f854 2c04 	ldr.w	r2, [r4, #-4]
34187620:	f002 0201 	and.w	r2, r2, #1
34187624:	4313      	orrs	r3, r2
34187626:	f844 3c04 	str.w	r3, [r4, #-4]
3418762a:	f7ff fcf5 	bl	34187018 <__malloc_unlock>
3418762e:	e727      	b.n	34187480 <_realloc_r+0x124>
34187630:	68a1      	ldr	r1, [r4, #8]
34187632:	2a24      	cmp	r2, #36	@ 0x24
34187634:	f8c9 1010 	str.w	r1, [r9, #16]
34187638:	68e1      	ldr	r1, [r4, #12]
3418763a:	f8c9 1014 	str.w	r1, [r9, #20]
3418763e:	d010      	beq.n	34187662 <_realloc_r+0x306>
34187640:	3410      	adds	r4, #16
34187642:	f109 0218 	add.w	r2, r9, #24
34187646:	e7b8      	b.n	341875ba <_realloc_r+0x25e>
34187648:	4640      	mov	r0, r8
3418764a:	f7ff fce5 	bl	34187018 <__malloc_unlock>
3418764e:	e73a      	b.n	341874c6 <_realloc_r+0x16a>
34187650:	6923      	ldr	r3, [r4, #16]
34187652:	f104 0218 	add.w	r2, r4, #24
34187656:	6103      	str	r3, [r0, #16]
34187658:	6963      	ldr	r3, [r4, #20]
3418765a:	6143      	str	r3, [r0, #20]
3418765c:	f100 0318 	add.w	r3, r0, #24
34187660:	e6e2      	b.n	34187428 <_realloc_r+0xcc>
34187662:	6922      	ldr	r2, [r4, #16]
34187664:	3418      	adds	r4, #24
34187666:	f8c9 2018 	str.w	r2, [r9, #24]
3418766a:	f854 2c04 	ldr.w	r2, [r4, #-4]
3418766e:	f8c9 201c 	str.w	r2, [r9, #28]
34187672:	f109 0220 	add.w	r2, r9, #32
34187676:	e7a0      	b.n	341875ba <_realloc_r+0x25e>
34187678:	4632      	mov	r2, r6
3418767a:	e75c      	b.n	34187536 <_realloc_r+0x1da>
3418767c:	4621      	mov	r1, r4
3418767e:	4630      	mov	r0, r6
34187680:	9300      	str	r3, [sp, #0]
34187682:	f000 f947 	bl	34187914 <memmove>
34187686:	9b00      	ldr	r3, [sp, #0]
34187688:	e75b      	b.n	34187542 <_realloc_r+0x1e6>
3418768a:	bf00      	nop
3418768c:	341c0238 	.word	0x341c0238
34187690:	68a1      	ldr	r1, [r4, #8]
34187692:	2a24      	cmp	r2, #36	@ 0x24
34187694:	f8c9 1010 	str.w	r1, [r9, #16]
34187698:	68e1      	ldr	r1, [r4, #12]
3418769a:	f8c9 1014 	str.w	r1, [r9, #20]
3418769e:	d003      	beq.n	341876a8 <_realloc_r+0x34c>
341876a0:	3410      	adds	r4, #16
341876a2:	f109 0218 	add.w	r2, r9, #24
341876a6:	e746      	b.n	34187536 <_realloc_r+0x1da>
341876a8:	6922      	ldr	r2, [r4, #16]
341876aa:	3418      	adds	r4, #24
341876ac:	f8c9 2018 	str.w	r2, [r9, #24]
341876b0:	f854 2c04 	ldr.w	r2, [r4, #-4]
341876b4:	f8c9 201c 	str.w	r2, [r9, #28]
341876b8:	f109 0220 	add.w	r2, r9, #32
341876bc:	e73b      	b.n	34187536 <_realloc_r+0x1da>
341876be:	bf00      	nop

341876c0 <__sprint_r>:
341876c0:	6893      	ldr	r3, [r2, #8]
341876c2:	b510      	push	{r4, lr}
341876c4:	4614      	mov	r4, r2
341876c6:	b91b      	cbnz	r3, 341876d0 <__sprint_r+0x10>
341876c8:	4618      	mov	r0, r3
341876ca:	2300      	movs	r3, #0
341876cc:	6063      	str	r3, [r4, #4]
341876ce:	bd10      	pop	{r4, pc}
341876d0:	f7ff fca8 	bl	34187024 <__sfvwrite_r>
341876d4:	2300      	movs	r3, #0
341876d6:	60a3      	str	r3, [r4, #8]
341876d8:	2300      	movs	r3, #0
341876da:	6063      	str	r3, [r4, #4]
341876dc:	bd10      	pop	{r4, pc}
341876de:	bf00      	nop

341876e0 <_fclose_r>:
341876e0:	b570      	push	{r4, r5, r6, lr}
341876e2:	2900      	cmp	r1, #0
341876e4:	d041      	beq.n	3418776a <_fclose_r+0x8a>
341876e6:	4606      	mov	r6, r0
341876e8:	460c      	mov	r4, r1
341876ea:	b110      	cbz	r0, 341876f2 <_fclose_r+0x12>
341876ec:	6b43      	ldr	r3, [r0, #52]	@ 0x34
341876ee:	2b00      	cmp	r3, #0
341876f0:	d03e      	beq.n	34187770 <_fclose_r+0x90>
341876f2:	f7fc fe01 	bl	341842f8 <__sfp_lock_acquire>
341876f6:	6e63      	ldr	r3, [r4, #100]	@ 0x64
341876f8:	f9b4 200c 	ldrsh.w	r2, [r4, #12]
341876fc:	07dd      	lsls	r5, r3, #31
341876fe:	d430      	bmi.n	34187762 <_fclose_r+0x82>
34187700:	0590      	lsls	r0, r2, #22
34187702:	d538      	bpl.n	34187776 <_fclose_r+0x96>
34187704:	4621      	mov	r1, r4
34187706:	4630      	mov	r0, r6
34187708:	f7fc fc1a 	bl	34183f40 <__sflush_r>
3418770c:	6ae3      	ldr	r3, [r4, #44]	@ 0x2c
3418770e:	4605      	mov	r5, r0
34187710:	b133      	cbz	r3, 34187720 <_fclose_r+0x40>
34187712:	69e1      	ldr	r1, [r4, #28]
34187714:	4630      	mov	r0, r6
34187716:	4798      	blx	r3
34187718:	2800      	cmp	r0, #0
3418771a:	bfb8      	it	lt
3418771c:	f04f 35ff 	movlt.w	r5, #4294967295	@ 0xffffffff
34187720:	89a3      	ldrh	r3, [r4, #12]
34187722:	061a      	lsls	r2, r3, #24
34187724:	d439      	bmi.n	3418779a <_fclose_r+0xba>
34187726:	6b21      	ldr	r1, [r4, #48]	@ 0x30
34187728:	b141      	cbz	r1, 3418773c <_fclose_r+0x5c>
3418772a:	f104 0340 	add.w	r3, r4, #64	@ 0x40
3418772e:	4299      	cmp	r1, r3
34187730:	d002      	beq.n	34187738 <_fclose_r+0x58>
34187732:	4630      	mov	r0, r6
34187734:	f7fc ffbe 	bl	341846b4 <_free_r>
34187738:	2300      	movs	r3, #0
3418773a:	6323      	str	r3, [r4, #48]	@ 0x30
3418773c:	6c61      	ldr	r1, [r4, #68]	@ 0x44
3418773e:	b121      	cbz	r1, 3418774a <_fclose_r+0x6a>
34187740:	4630      	mov	r0, r6
34187742:	f7fc ffb7 	bl	341846b4 <_free_r>
34187746:	2300      	movs	r3, #0
34187748:	6463      	str	r3, [r4, #68]	@ 0x44
3418774a:	6e63      	ldr	r3, [r4, #100]	@ 0x64
3418774c:	2200      	movs	r2, #0
3418774e:	07db      	lsls	r3, r3, #31
34187750:	81a2      	strh	r2, [r4, #12]
34187752:	d51e      	bpl.n	34187792 <_fclose_r+0xb2>
34187754:	6da0      	ldr	r0, [r4, #88]	@ 0x58
34187756:	f7fc fe61 	bl	3418441c <__retarget_lock_close_recursive>
3418775a:	f7fc fdd3 	bl	34184304 <__sfp_lock_release>
3418775e:	4628      	mov	r0, r5
34187760:	bd70      	pop	{r4, r5, r6, pc}
34187762:	2a00      	cmp	r2, #0
34187764:	d1ce      	bne.n	34187704 <_fclose_r+0x24>
34187766:	f7fc fdcd 	bl	34184304 <__sfp_lock_release>
3418776a:	2500      	movs	r5, #0
3418776c:	4628      	mov	r0, r5
3418776e:	bd70      	pop	{r4, r5, r6, pc}
34187770:	f7fc fda4 	bl	341842bc <__sinit>
34187774:	e7bd      	b.n	341876f2 <_fclose_r+0x12>
34187776:	6da0      	ldr	r0, [r4, #88]	@ 0x58
34187778:	f7fc fe52 	bl	34184420 <__retarget_lock_acquire_recursive>
3418777c:	f9b4 300c 	ldrsh.w	r3, [r4, #12]
34187780:	2b00      	cmp	r3, #0
34187782:	d1bf      	bne.n	34187704 <_fclose_r+0x24>
34187784:	6e63      	ldr	r3, [r4, #100]	@ 0x64
34187786:	07d9      	lsls	r1, r3, #31
34187788:	d4ed      	bmi.n	34187766 <_fclose_r+0x86>
3418778a:	6da0      	ldr	r0, [r4, #88]	@ 0x58
3418778c:	f7fc fe4a 	bl	34184424 <__retarget_lock_release_recursive>
34187790:	e7e9      	b.n	34187766 <_fclose_r+0x86>
34187792:	6da0      	ldr	r0, [r4, #88]	@ 0x58
34187794:	f7fc fe46 	bl	34184424 <__retarget_lock_release_recursive>
34187798:	e7dc      	b.n	34187754 <_fclose_r+0x74>
3418779a:	6921      	ldr	r1, [r4, #16]
3418779c:	4630      	mov	r0, r6
3418779e:	f7fc ff89 	bl	341846b4 <_free_r>
341877a2:	e7c0      	b.n	34187726 <_fclose_r+0x46>

341877a4 <__sread>:
341877a4:	b510      	push	{r4, lr}
341877a6:	460c      	mov	r4, r1
341877a8:	f9b1 100e 	ldrsh.w	r1, [r1, #14]
341877ac:	f000 f9aa 	bl	34187b04 <_read_r>
341877b0:	2800      	cmp	r0, #0
341877b2:	db03      	blt.n	341877bc <__sread+0x18>
341877b4:	6d23      	ldr	r3, [r4, #80]	@ 0x50
341877b6:	4403      	add	r3, r0
341877b8:	6523      	str	r3, [r4, #80]	@ 0x50
341877ba:	bd10      	pop	{r4, pc}
341877bc:	89a3      	ldrh	r3, [r4, #12]
341877be:	f423 5380 	bic.w	r3, r3, #4096	@ 0x1000
341877c2:	81a3      	strh	r3, [r4, #12]
341877c4:	bd10      	pop	{r4, pc}
341877c6:	bf00      	nop

341877c8 <__swrite>:
341877c8:	e92d 41f0 	stmdb	sp!, {r4, r5, r6, r7, r8, lr}
341877cc:	461f      	mov	r7, r3
341877ce:	f9b1 300c 	ldrsh.w	r3, [r1, #12]
341877d2:	4616      	mov	r6, r2
341877d4:	460c      	mov	r4, r1
341877d6:	05da      	lsls	r2, r3, #23
341877d8:	4605      	mov	r5, r0
341877da:	d40b      	bmi.n	341877f4 <__swrite+0x2c>
341877dc:	f423 5180 	bic.w	r1, r3, #4096	@ 0x1000
341877e0:	4632      	mov	r2, r6
341877e2:	463b      	mov	r3, r7
341877e4:	4628      	mov	r0, r5
341877e6:	81a1      	strh	r1, [r4, #12]
341877e8:	f9b4 100e 	ldrsh.w	r1, [r4, #14]
341877ec:	e8bd 41f0 	ldmia.w	sp!, {r4, r5, r6, r7, r8, lr}
341877f0:	f000 b9ae 	b.w	34187b50 <_write_r>
341877f4:	2302      	movs	r3, #2
341877f6:	2200      	movs	r2, #0
341877f8:	f9b1 100e 	ldrsh.w	r1, [r1, #14]
341877fc:	f000 f96e 	bl	34187adc <_lseek_r>
34187800:	f9b4 300c 	ldrsh.w	r3, [r4, #12]
34187804:	e7ea      	b.n	341877dc <__swrite+0x14>
34187806:	bf00      	nop

34187808 <__sseek>:
34187808:	b510      	push	{r4, lr}
3418780a:	460c      	mov	r4, r1
3418780c:	f9b1 100e 	ldrsh.w	r1, [r1, #14]
34187810:	f000 f964 	bl	34187adc <_lseek_r>
34187814:	1c42      	adds	r2, r0, #1
34187816:	f9b4 300c 	ldrsh.w	r3, [r4, #12]
3418781a:	d004      	beq.n	34187826 <__sseek+0x1e>
3418781c:	f443 5380 	orr.w	r3, r3, #4096	@ 0x1000
34187820:	6520      	str	r0, [r4, #80]	@ 0x50
34187822:	81a3      	strh	r3, [r4, #12]
34187824:	bd10      	pop	{r4, pc}
34187826:	f423 5380 	bic.w	r3, r3, #4096	@ 0x1000
3418782a:	81a3      	strh	r3, [r4, #12]
3418782c:	bd10      	pop	{r4, pc}
3418782e:	bf00      	nop

34187830 <__sclose>:
34187830:	f9b1 100e 	ldrsh.w	r1, [r1, #14]
34187834:	f000 b940 	b.w	34187ab8 <_close_r>

34187838 <__swsetup_r>:
34187838:	4a35      	ldr	r2, [pc, #212]	@ (34187910 <__swsetup_r+0xd8>)
3418783a:	460b      	mov	r3, r1
3418783c:	b510      	push	{r4, lr}
3418783e:	4604      	mov	r4, r0
34187840:	6810      	ldr	r0, [r2, #0]
34187842:	b082      	sub	sp, #8
34187844:	b110      	cbz	r0, 3418784c <__swsetup_r+0x14>
34187846:	6b42      	ldr	r2, [r0, #52]	@ 0x34
34187848:	2a00      	cmp	r2, #0
3418784a:	d053      	beq.n	341878f4 <__swsetup_r+0xbc>
3418784c:	f9b3 200c 	ldrsh.w	r2, [r3, #12]
34187850:	0711      	lsls	r1, r2, #28
34187852:	d511      	bpl.n	34187878 <__swsetup_r+0x40>
34187854:	6918      	ldr	r0, [r3, #16]
34187856:	b1c8      	cbz	r0, 3418788c <__swsetup_r+0x54>
34187858:	f9b3 200c 	ldrsh.w	r2, [r3, #12]
3418785c:	f012 0101 	ands.w	r1, r2, #1
34187860:	d026      	beq.n	341878b0 <__swsetup_r+0x78>
34187862:	6959      	ldr	r1, [r3, #20]
34187864:	f04f 0c00 	mov.w	ip, #0
34187868:	4249      	negs	r1, r1
3418786a:	f8c3 c008 	str.w	ip, [r3, #8]
3418786e:	6199      	str	r1, [r3, #24]
34187870:	b320      	cbz	r0, 341878bc <__swsetup_r+0x84>
34187872:	2000      	movs	r0, #0
34187874:	b002      	add	sp, #8
34187876:	bd10      	pop	{r4, pc}
34187878:	06d0      	lsls	r0, r2, #27
3418787a:	d540      	bpl.n	341878fe <__swsetup_r+0xc6>
3418787c:	0751      	lsls	r1, r2, #29
3418787e:	d423      	bmi.n	341878c8 <__swsetup_r+0x90>
34187880:	6918      	ldr	r0, [r3, #16]
34187882:	f042 0208 	orr.w	r2, r2, #8
34187886:	819a      	strh	r2, [r3, #12]
34187888:	2800      	cmp	r0, #0
3418788a:	d1e5      	bne.n	34187858 <__swsetup_r+0x20>
3418788c:	899a      	ldrh	r2, [r3, #12]
3418788e:	f402 7220 	and.w	r2, r2, #640	@ 0x280
34187892:	f5b2 7f00 	cmp.w	r2, #512	@ 0x200
34187896:	d0df      	beq.n	34187858 <__swsetup_r+0x20>
34187898:	4619      	mov	r1, r3
3418789a:	4620      	mov	r0, r4
3418789c:	9301      	str	r3, [sp, #4]
3418789e:	f001 fde9 	bl	34189474 <__smakebuf_r>
341878a2:	9b01      	ldr	r3, [sp, #4]
341878a4:	f9b3 200c 	ldrsh.w	r2, [r3, #12]
341878a8:	6918      	ldr	r0, [r3, #16]
341878aa:	f012 0101 	ands.w	r1, r2, #1
341878ae:	d1d8      	bne.n	34187862 <__swsetup_r+0x2a>
341878b0:	0794      	lsls	r4, r2, #30
341878b2:	bf58      	it	pl
341878b4:	6959      	ldrpl	r1, [r3, #20]
341878b6:	6099      	str	r1, [r3, #8]
341878b8:	2800      	cmp	r0, #0
341878ba:	d1da      	bne.n	34187872 <__swsetup_r+0x3a>
341878bc:	0611      	lsls	r1, r2, #24
341878be:	d5d9      	bpl.n	34187874 <__swsetup_r+0x3c>
341878c0:	f042 0240 	orr.w	r2, r2, #64	@ 0x40
341878c4:	819a      	strh	r2, [r3, #12]
341878c6:	e01f      	b.n	34187908 <__swsetup_r+0xd0>
341878c8:	6b19      	ldr	r1, [r3, #48]	@ 0x30
341878ca:	b161      	cbz	r1, 341878e6 <__swsetup_r+0xae>
341878cc:	f103 0040 	add.w	r0, r3, #64	@ 0x40
341878d0:	4281      	cmp	r1, r0
341878d2:	d006      	beq.n	341878e2 <__swsetup_r+0xaa>
341878d4:	4620      	mov	r0, r4
341878d6:	9301      	str	r3, [sp, #4]
341878d8:	f7fc feec 	bl	341846b4 <_free_r>
341878dc:	9b01      	ldr	r3, [sp, #4]
341878de:	f9b3 200c 	ldrsh.w	r2, [r3, #12]
341878e2:	2100      	movs	r1, #0
341878e4:	6319      	str	r1, [r3, #48]	@ 0x30
341878e6:	2100      	movs	r1, #0
341878e8:	6918      	ldr	r0, [r3, #16]
341878ea:	f022 0224 	bic.w	r2, r2, #36	@ 0x24
341878ee:	e9c3 0100 	strd	r0, r1, [r3]
341878f2:	e7c6      	b.n	34187882 <__swsetup_r+0x4a>
341878f4:	9101      	str	r1, [sp, #4]
341878f6:	f7fc fce1 	bl	341842bc <__sinit>
341878fa:	9b01      	ldr	r3, [sp, #4]
341878fc:	e7a6      	b.n	3418784c <__swsetup_r+0x14>
341878fe:	2109      	movs	r1, #9
34187900:	f042 0240 	orr.w	r2, r2, #64	@ 0x40
34187904:	6021      	str	r1, [r4, #0]
34187906:	819a      	strh	r2, [r3, #12]
34187908:	f04f 30ff 	mov.w	r0, #4294967295	@ 0xffffffff
3418790c:	e7b2      	b.n	34187874 <__swsetup_r+0x3c>
3418790e:	bf00      	nop
34187910:	341c0020 	.word	0x341c0020

34187914 <memmove>:
34187914:	4288      	cmp	r0, r1
34187916:	b570      	push	{r4, r5, r6, lr}
34187918:	d931      	bls.n	3418797e <memmove+0x6a>
3418791a:	188b      	adds	r3, r1, r2
3418791c:	4283      	cmp	r3, r0
3418791e:	d92e      	bls.n	3418797e <memmove+0x6a>
34187920:	2a03      	cmp	r2, #3
34187922:	eb00 0102 	add.w	r1, r0, r2
34187926:	d91d      	bls.n	34187964 <memmove+0x50>
34187928:	ea41 0c03 	orr.w	ip, r1, r3
3418792c:	461d      	mov	r5, r3
3418792e:	f01c 0f03 	tst.w	ip, #3
34187932:	d118      	bne.n	34187966 <memmove+0x52>
34187934:	ea4f 0e92 	mov.w	lr, r2, lsr #2
34187938:	468c      	mov	ip, r1
3418793a:	f10e 36ff 	add.w	r6, lr, #4294967295	@ 0xffffffff
3418793e:	eba1 048e 	sub.w	r4, r1, lr, lsl #2
34187942:	f853 ed04 	ldr.w	lr, [r3, #-4]!
34187946:	f84c ed04 	str.w	lr, [ip, #-4]!
3418794a:	45a4      	cmp	ip, r4
3418794c:	d1f9      	bne.n	34187942 <memmove+0x2e>
3418794e:	ebc6 7386 	rsb	r3, r6, r6, lsl #30
34187952:	f002 0203 	and.w	r2, r2, #3
34187956:	eb01 0183 	add.w	r1, r1, r3, lsl #2
3418795a:	eb05 0c83 	add.w	ip, r5, r3, lsl #2
3418795e:	3904      	subs	r1, #4
34187960:	f1ac 0304 	sub.w	r3, ip, #4
34187964:	b152      	cbz	r2, 3418797c <memmove+0x68>
34187966:	f102 3cff 	add.w	ip, r2, #4294967295	@ 0xffffffff
3418796a:	ea6f 0c0c 	mvn.w	ip, ip
3418796e:	449c      	add	ip, r3
34187970:	f813 2d01 	ldrb.w	r2, [r3, #-1]!
34187974:	4563      	cmp	r3, ip
34187976:	f801 2d01 	strb.w	r2, [r1, #-1]!
3418797a:	d1f9      	bne.n	34187970 <memmove+0x5c>
3418797c:	bd70      	pop	{r4, r5, r6, pc}
3418797e:	2a03      	cmp	r2, #3
34187980:	d950      	bls.n	34187a24 <memmove+0x110>
34187982:	ea41 0300 	orr.w	r3, r1, r0
34187986:	079b      	lsls	r3, r3, #30
34187988:	d14e      	bne.n	34187a28 <memmove+0x114>
3418798a:	2a0f      	cmp	r2, #15
3418798c:	d951      	bls.n	34187a32 <memmove+0x11e>
3418798e:	f022 030f 	bic.w	r3, r2, #15
34187992:	f101 0610 	add.w	r6, r1, #16
34187996:	f101 0c10 	add.w	ip, r1, #16
3418799a:	3120      	adds	r1, #32
3418799c:	3b10      	subs	r3, #16
3418799e:	f100 0e10 	add.w	lr, r0, #16
341879a2:	4419      	add	r1, r3
341879a4:	f85c 4c10 	ldr.w	r4, [ip, #-16]
341879a8:	f10c 0c10 	add.w	ip, ip, #16
341879ac:	f10e 0e10 	add.w	lr, lr, #16
341879b0:	f84e 4c20 	str.w	r4, [lr, #-32]
341879b4:	f85c 4c1c 	ldr.w	r4, [ip, #-28]
341879b8:	f84e 4c1c 	str.w	r4, [lr, #-28]
341879bc:	f85c 4c18 	ldr.w	r4, [ip, #-24]
341879c0:	f84e 4c18 	str.w	r4, [lr, #-24]
341879c4:	f85c 4c14 	ldr.w	r4, [ip, #-20]
341879c8:	458c      	cmp	ip, r1
341879ca:	f84e 4c14 	str.w	r4, [lr, #-20]
341879ce:	d1e9      	bne.n	341879a4 <memmove+0x90>
341879d0:	18f1      	adds	r1, r6, r3
341879d2:	f012 0f0c 	tst.w	r2, #12
341879d6:	4403      	add	r3, r0
341879d8:	f002 050f 	and.w	r5, r2, #15
341879dc:	f103 0310 	add.w	r3, r3, #16
341879e0:	d025      	beq.n	34187a2e <memmove+0x11a>
341879e2:	f025 0c03 	bic.w	ip, r5, #3
341879e6:	1f1a      	subs	r2, r3, #4
341879e8:	f1ac 0404 	sub.w	r4, ip, #4
341879ec:	468c      	mov	ip, r1
341879ee:	4626      	mov	r6, r4
341879f0:	191c      	adds	r4, r3, r4
341879f2:	f85c eb04 	ldr.w	lr, [ip], #4
341879f6:	f842 ef04 	str.w	lr, [r2, #4]!
341879fa:	42a2      	cmp	r2, r4
341879fc:	d1f9      	bne.n	341879f2 <memmove+0xde>
341879fe:	3104      	adds	r1, #4
34187a00:	3304      	adds	r3, #4
34187a02:	f005 0203 	and.w	r2, r5, #3
34187a06:	4431      	add	r1, r6
34187a08:	4433      	add	r3, r6
34187a0a:	2a00      	cmp	r2, #0
34187a0c:	d0b6      	beq.n	3418797c <memmove+0x68>
34187a0e:	3a01      	subs	r2, #1
34187a10:	3201      	adds	r2, #1
34187a12:	3b01      	subs	r3, #1
34187a14:	440a      	add	r2, r1
34187a16:	f811 cb01 	ldrb.w	ip, [r1], #1
34187a1a:	4291      	cmp	r1, r2
34187a1c:	f803 cf01 	strb.w	ip, [r3, #1]!
34187a20:	d1f9      	bne.n	34187a16 <memmove+0x102>
34187a22:	bd70      	pop	{r4, r5, r6, pc}
34187a24:	4603      	mov	r3, r0
34187a26:	e7f0      	b.n	34187a0a <memmove+0xf6>
34187a28:	3a01      	subs	r2, #1
34187a2a:	4603      	mov	r3, r0
34187a2c:	e7f0      	b.n	34187a10 <memmove+0xfc>
34187a2e:	462a      	mov	r2, r5
34187a30:	e7eb      	b.n	34187a0a <memmove+0xf6>
34187a32:	4603      	mov	r3, r0
34187a34:	4615      	mov	r5, r2
34187a36:	e7d4      	b.n	341879e2 <memmove+0xce>

34187a38 <strncpy>:
34187a38:	ea40 0301 	orr.w	r3, r0, r1
34187a3c:	079b      	lsls	r3, r3, #30
34187a3e:	b510      	push	{r4, lr}
34187a40:	4604      	mov	r4, r0
34187a42:	d101      	bne.n	34187a48 <strncpy+0x10>
34187a44:	2a03      	cmp	r2, #3
34187a46:	d819      	bhi.n	34187a7c <strncpy+0x44>
34187a48:	46a4      	mov	ip, r4
34187a4a:	f101 3eff 	add.w	lr, r1, #4294967295	@ 0xffffffff
34187a4e:	e007      	b.n	34187a60 <strncpy+0x28>
34187a50:	f81e 1f01 	ldrb.w	r1, [lr, #1]!
34187a54:	1e50      	subs	r0, r2, #1
34187a56:	f803 1b01 	strb.w	r1, [r3], #1
34187a5a:	b131      	cbz	r1, 34187a6a <strncpy+0x32>
34187a5c:	4602      	mov	r2, r0
34187a5e:	469c      	mov	ip, r3
34187a60:	4663      	mov	r3, ip
34187a62:	2a00      	cmp	r2, #0
34187a64:	d1f4      	bne.n	34187a50 <strncpy+0x18>
34187a66:	4620      	mov	r0, r4
34187a68:	bd10      	pop	{r4, pc}
34187a6a:	2800      	cmp	r0, #0
34187a6c:	d0fb      	beq.n	34187a66 <strncpy+0x2e>
34187a6e:	4494      	add	ip, r2
34187a70:	f803 1b01 	strb.w	r1, [r3], #1
34187a74:	4563      	cmp	r3, ip
34187a76:	d1fb      	bne.n	34187a70 <strncpy+0x38>
34187a78:	4620      	mov	r0, r4
34187a7a:	bd10      	pop	{r4, pc}
34187a7c:	4608      	mov	r0, r1
34187a7e:	46a4      	mov	ip, r4
34187a80:	f8d0 e000 	ldr.w	lr, [r0]
34187a84:	4601      	mov	r1, r0
34187a86:	3004      	adds	r0, #4
34187a88:	f1ae 3301 	sub.w	r3, lr, #16843009	@ 0x1010101
34187a8c:	ea23 030e 	bic.w	r3, r3, lr
34187a90:	f013 3f80 	tst.w	r3, #2155905152	@ 0x80808080
34187a94:	d1d9      	bne.n	34187a4a <strncpy+0x12>
34187a96:	3a04      	subs	r2, #4
34187a98:	f84c eb04 	str.w	lr, [ip], #4
34187a9c:	2a03      	cmp	r2, #3
34187a9e:	d8ef      	bhi.n	34187a80 <strncpy+0x48>
34187aa0:	4601      	mov	r1, r0
34187aa2:	e7d2      	b.n	34187a4a <strncpy+0x12>

34187aa4 <__locale_mb_cur_max>:
34187aa4:	4b01      	ldr	r3, [pc, #4]	@ (34187aac <__locale_mb_cur_max+0x8>)
34187aa6:	f893 0210 	ldrb.w	r0, [r3, #528]	@ 0x210
34187aaa:	4770      	bx	lr
34187aac:	341c0640 	.word	0x341c0640

34187ab0 <_localeconv_r>:
34187ab0:	4800      	ldr	r0, [pc, #0]	@ (34187ab4 <_localeconv_r+0x4>)
34187ab2:	4770      	bx	lr
34187ab4:	341c0818 	.word	0x341c0818

34187ab8 <_close_r>:
34187ab8:	b538      	push	{r3, r4, r5, lr}
34187aba:	2300      	movs	r3, #0
34187abc:	4c06      	ldr	r4, [pc, #24]	@ (34187ad8 <_close_r+0x20>)
34187abe:	4605      	mov	r5, r0
34187ac0:	4608      	mov	r0, r1
34187ac2:	6023      	str	r3, [r4, #0]
34187ac4:	f002 ffec 	bl	3418aaa0 <_close>
34187ac8:	1c43      	adds	r3, r0, #1
34187aca:	d000      	beq.n	34187ace <_close_r+0x16>
34187acc:	bd38      	pop	{r3, r4, r5, pc}
34187ace:	6823      	ldr	r3, [r4, #0]
34187ad0:	2b00      	cmp	r3, #0
34187ad2:	d0fb      	beq.n	34187acc <_close_r+0x14>
34187ad4:	602b      	str	r3, [r5, #0]
34187ad6:	bd38      	pop	{r3, r4, r5, pc}
34187ad8:	341c0be4 	.word	0x341c0be4

34187adc <_lseek_r>:
34187adc:	b538      	push	{r3, r4, r5, lr}
34187ade:	4c08      	ldr	r4, [pc, #32]	@ (34187b00 <_lseek_r+0x24>)
34187ae0:	4605      	mov	r5, r0
34187ae2:	4608      	mov	r0, r1
34187ae4:	4611      	mov	r1, r2
34187ae6:	461a      	mov	r2, r3
34187ae8:	2300      	movs	r3, #0
34187aea:	6023      	str	r3, [r4, #0]
34187aec:	f003 f800 	bl	3418aaf0 <_lseek>
34187af0:	1c43      	adds	r3, r0, #1
34187af2:	d000      	beq.n	34187af6 <_lseek_r+0x1a>
34187af4:	bd38      	pop	{r3, r4, r5, pc}
34187af6:	6823      	ldr	r3, [r4, #0]
34187af8:	2b00      	cmp	r3, #0
34187afa:	d0fb      	beq.n	34187af4 <_lseek_r+0x18>
34187afc:	602b      	str	r3, [r5, #0]
34187afe:	bd38      	pop	{r3, r4, r5, pc}
34187b00:	341c0be4 	.word	0x341c0be4

34187b04 <_read_r>:
34187b04:	b538      	push	{r3, r4, r5, lr}
34187b06:	4c08      	ldr	r4, [pc, #32]	@ (34187b28 <_read_r+0x24>)
34187b08:	4605      	mov	r5, r0
34187b0a:	4608      	mov	r0, r1
34187b0c:	4611      	mov	r1, r2
34187b0e:	461a      	mov	r2, r3
34187b10:	2300      	movs	r3, #0
34187b12:	6023      	str	r3, [r4, #0]
34187b14:	f7fa f934 	bl	34181d80 <__wrap__read>
34187b18:	1c43      	adds	r3, r0, #1
34187b1a:	d000      	beq.n	34187b1e <_read_r+0x1a>
34187b1c:	bd38      	pop	{r3, r4, r5, pc}
34187b1e:	6823      	ldr	r3, [r4, #0]
34187b20:	2b00      	cmp	r3, #0
34187b22:	d0fb      	beq.n	34187b1c <_read_r+0x18>
34187b24:	602b      	str	r3, [r5, #0]
34187b26:	bd38      	pop	{r3, r4, r5, pc}
34187b28:	341c0be4 	.word	0x341c0be4

34187b2c <_sbrk_r>:
34187b2c:	b538      	push	{r3, r4, r5, lr}
34187b2e:	2300      	movs	r3, #0
34187b30:	4c06      	ldr	r4, [pc, #24]	@ (34187b4c <_sbrk_r+0x20>)
34187b32:	4605      	mov	r5, r0
34187b34:	4608      	mov	r0, r1
34187b36:	6023      	str	r3, [r4, #0]
34187b38:	f7fa f92c 	bl	34181d94 <_sbrk>
34187b3c:	1c43      	adds	r3, r0, #1
34187b3e:	d000      	beq.n	34187b42 <_sbrk_r+0x16>
34187b40:	bd38      	pop	{r3, r4, r5, pc}
34187b42:	6823      	ldr	r3, [r4, #0]
34187b44:	2b00      	cmp	r3, #0
34187b46:	d0fb      	beq.n	34187b40 <_sbrk_r+0x14>
34187b48:	602b      	str	r3, [r5, #0]
34187b4a:	bd38      	pop	{r3, r4, r5, pc}
34187b4c:	341c0be4 	.word	0x341c0be4

34187b50 <_write_r>:
34187b50:	b538      	push	{r3, r4, r5, lr}
34187b52:	4c08      	ldr	r4, [pc, #32]	@ (34187b74 <_write_r+0x24>)
34187b54:	4605      	mov	r5, r0
34187b56:	4608      	mov	r0, r1
34187b58:	4611      	mov	r1, r2
34187b5a:	461a      	mov	r2, r3
34187b5c:	2300      	movs	r3, #0
34187b5e:	6023      	str	r3, [r4, #0]
34187b60:	f7fa f8e2 	bl	34181d28 <__wrap__write>
34187b64:	1c43      	adds	r3, r0, #1
34187b66:	d000      	beq.n	34187b6a <_write_r+0x1a>
34187b68:	bd38      	pop	{r3, r4, r5, pc}
34187b6a:	6823      	ldr	r3, [r4, #0]
34187b6c:	2b00      	cmp	r3, #0
34187b6e:	d0fb      	beq.n	34187b68 <_write_r+0x18>
34187b70:	602b      	str	r3, [r5, #0]
34187b72:	bd38      	pop	{r3, r4, r5, pc}
34187b74:	341c0be4 	.word	0x341c0be4

34187b78 <sysconf>:
34187b78:	2808      	cmp	r0, #8
34187b7a:	d102      	bne.n	34187b82 <sysconf+0xa>
34187b7c:	f44f 5080 	mov.w	r0, #4096	@ 0x1000
34187b80:	4770      	bx	lr
34187b82:	b508      	push	{r3, lr}
34187b84:	f7fc fc08 	bl	34184398 <__errno>
34187b88:	2216      	movs	r2, #22
34187b8a:	4603      	mov	r3, r0
34187b8c:	f04f 30ff 	mov.w	r0, #4294967295	@ 0xffffffff
34187b90:	601a      	str	r2, [r3, #0]
34187b92:	bd08      	pop	{r3, pc}

34187b94 <memchr>:
34187b94:	0783      	lsls	r3, r0, #30
34187b96:	b2c9      	uxtb	r1, r1
34187b98:	d00f      	beq.n	34187bba <memchr+0x26>
34187b9a:	4603      	mov	r3, r0
34187b9c:	e007      	b.n	34187bae <memchr+0x1a>
34187b9e:	f893 c000 	ldrb.w	ip, [r3]
34187ba2:	3a01      	subs	r2, #1
34187ba4:	3301      	adds	r3, #1
34187ba6:	458c      	cmp	ip, r1
34187ba8:	d005      	beq.n	34187bb6 <memchr+0x22>
34187baa:	0798      	lsls	r0, r3, #30
34187bac:	d004      	beq.n	34187bb8 <memchr+0x24>
34187bae:	4618      	mov	r0, r3
34187bb0:	2a00      	cmp	r2, #0
34187bb2:	d1f4      	bne.n	34187b9e <memchr+0xa>
34187bb4:	2000      	movs	r0, #0
34187bb6:	4770      	bx	lr
34187bb8:	4618      	mov	r0, r3
34187bba:	2a03      	cmp	r2, #3
34187bbc:	d80d      	bhi.n	34187bda <memchr+0x46>
34187bbe:	2a00      	cmp	r2, #0
34187bc0:	d0f8      	beq.n	34187bb4 <memchr+0x20>
34187bc2:	4603      	mov	r3, r0
34187bc4:	4402      	add	r2, r0
34187bc6:	e001      	b.n	34187bcc <memchr+0x38>
34187bc8:	429a      	cmp	r2, r3
34187bca:	d0f3      	beq.n	34187bb4 <memchr+0x20>
34187bcc:	f893 c000 	ldrb.w	ip, [r3]
34187bd0:	4618      	mov	r0, r3
34187bd2:	3301      	adds	r3, #1
34187bd4:	458c      	cmp	ip, r1
34187bd6:	d1f7      	bne.n	34187bc8 <memchr+0x34>
34187bd8:	4770      	bx	lr
34187bda:	eb01 2301 	add.w	r3, r1, r1, lsl #8
34187bde:	b510      	push	{r4, lr}
34187be0:	4686      	mov	lr, r0
34187be2:	eb03 4403 	add.w	r4, r3, r3, lsl #16
34187be6:	f8de 3000 	ldr.w	r3, [lr]
34187bea:	4670      	mov	r0, lr
34187bec:	f10e 0e04 	add.w	lr, lr, #4
34187bf0:	4063      	eors	r3, r4
34187bf2:	f1a3 3c01 	sub.w	ip, r3, #16843009	@ 0x1010101
34187bf6:	ea2c 0303 	bic.w	r3, ip, r3
34187bfa:	f013 3f80 	tst.w	r3, #2155905152	@ 0x80808080
34187bfe:	d104      	bne.n	34187c0a <memchr+0x76>
34187c00:	3a04      	subs	r2, #4
34187c02:	2a03      	cmp	r2, #3
34187c04:	d8ef      	bhi.n	34187be6 <memchr+0x52>
34187c06:	4670      	mov	r0, lr
34187c08:	b15a      	cbz	r2, 34187c22 <memchr+0x8e>
34187c0a:	4603      	mov	r3, r0
34187c0c:	4402      	add	r2, r0
34187c0e:	e001      	b.n	34187c14 <memchr+0x80>
34187c10:	429a      	cmp	r2, r3
34187c12:	d006      	beq.n	34187c22 <memchr+0x8e>
34187c14:	f893 c000 	ldrb.w	ip, [r3]
34187c18:	4618      	mov	r0, r3
34187c1a:	3301      	adds	r3, #1
34187c1c:	458c      	cmp	ip, r1
34187c1e:	d1f7      	bne.n	34187c10 <memchr+0x7c>
34187c20:	bd10      	pop	{r4, pc}
34187c22:	2000      	movs	r0, #0
34187c24:	bd10      	pop	{r4, pc}
34187c26:	bf00      	nop

34187c28 <_wcrtomb_r>:
34187c28:	b530      	push	{r4, r5, lr}
34187c2a:	4604      	mov	r4, r0
34187c2c:	b087      	sub	sp, #28
34187c2e:	b15b      	cbz	r3, 34187c48 <_wcrtomb_r+0x20>
34187c30:	4810      	ldr	r0, [pc, #64]	@ (34187c74 <_wcrtomb_r+0x4c>)
34187c32:	9301      	str	r3, [sp, #4]
34187c34:	f8d0 51c8 	ldr.w	r5, [r0, #456]	@ 0x1c8
34187c38:	b171      	cbz	r1, 34187c58 <_wcrtomb_r+0x30>
34187c3a:	4620      	mov	r0, r4
34187c3c:	47a8      	blx	r5
34187c3e:	1c42      	adds	r2, r0, #1
34187c40:	9b01      	ldr	r3, [sp, #4]
34187c42:	d010      	beq.n	34187c66 <_wcrtomb_r+0x3e>
34187c44:	b007      	add	sp, #28
34187c46:	bd30      	pop	{r4, r5, pc}
34187c48:	f500 7382 	add.w	r3, r0, #260	@ 0x104
34187c4c:	4809      	ldr	r0, [pc, #36]	@ (34187c74 <_wcrtomb_r+0x4c>)
34187c4e:	9301      	str	r3, [sp, #4]
34187c50:	f8d0 51c8 	ldr.w	r5, [r0, #456]	@ 0x1c8
34187c54:	2900      	cmp	r1, #0
34187c56:	d1f0      	bne.n	34187c3a <_wcrtomb_r+0x12>
34187c58:	460a      	mov	r2, r1
34187c5a:	4620      	mov	r0, r4
34187c5c:	a903      	add	r1, sp, #12
34187c5e:	47a8      	blx	r5
34187c60:	1c42      	adds	r2, r0, #1
34187c62:	9b01      	ldr	r3, [sp, #4]
34187c64:	d1ee      	bne.n	34187c44 <_wcrtomb_r+0x1c>
34187c66:	2100      	movs	r1, #0
34187c68:	228a      	movs	r2, #138	@ 0x8a
34187c6a:	6019      	str	r1, [r3, #0]
34187c6c:	6022      	str	r2, [r4, #0]
34187c6e:	b007      	add	sp, #28
34187c70:	bd30      	pop	{r4, r5, pc}
34187c72:	bf00      	nop
34187c74:	341c0640 	.word	0x341c0640

34187c78 <_wcsrtombs_r>:
34187c78:	b510      	push	{r4, lr}
34187c7a:	b082      	sub	sp, #8
34187c7c:	9c04      	ldr	r4, [sp, #16]
34187c7e:	9300      	str	r3, [sp, #0]
34187c80:	f04f 33ff 	mov.w	r3, #4294967295	@ 0xffffffff
34187c84:	9401      	str	r4, [sp, #4]
34187c86:	f001 fd1d 	bl	341896c4 <_wcsnrtombs_r>
34187c8a:	b002      	add	sp, #8
34187c8c:	bd10      	pop	{r4, pc}
34187c8e:	bf00      	nop

34187c90 <frexp>:
34187c90:	f84d bd04 	str.w	fp, [sp, #-4]!
34187c94:	b083      	sub	sp, #12
34187c96:	f8df c078 	ldr.w	ip, [pc, #120]	@ 34187d10 <frexp+0x80>
34187c9a:	2100      	movs	r1, #0
34187c9c:	ed8d 0b00 	vstr	d0, [sp]
34187ca0:	9a01      	ldr	r2, [sp, #4]
34187ca2:	6001      	str	r1, [r0, #0]
34187ca4:	f022 4300 	bic.w	r3, r2, #2147483648	@ 0x80000000
34187ca8:	4563      	cmp	r3, ip
34187caa:	d825      	bhi.n	34187cf8 <frexp+0x68>
34187cac:	f8dd c000 	ldr.w	ip, [sp]
34187cb0:	ea53 0c0c 	orrs.w	ip, r3, ip
34187cb4:	d020      	beq.n	34187cf8 <frexp+0x68>
34187cb6:	f8df c05c 	ldr.w	ip, [pc, #92]	@ 34187d14 <frexp+0x84>
34187cba:	ea02 0c0c 	and.w	ip, r2, ip
34187cbe:	f1bc 0f00 	cmp.w	ip, #0
34187cc2:	d10a      	bne.n	34187cda <frexp+0x4a>
34187cc4:	f06f 0135 	mvn.w	r1, #53	@ 0x35
34187cc8:	ed9f 7b0f 	vldr	d7, [pc, #60]	@ 34187d08 <frexp+0x78>
34187ccc:	ee20 7b07 	vmul.f64	d7, d0, d7
34187cd0:	ed8d 7b00 	vstr	d7, [sp]
34187cd4:	9a01      	ldr	r2, [sp, #4]
34187cd6:	f022 4300 	bic.w	r3, r2, #2147483648	@ 0x80000000
34187cda:	151b      	asrs	r3, r3, #20
34187cdc:	f36f 521e 	bfc	r2, #20, #11
34187ce0:	e9dd bc00 	ldrd	fp, ip, [sp]
34187ce4:	f2a3 33fe 	subw	r3, r3, #1022	@ 0x3fe
34187ce8:	f8df c02c 	ldr.w	ip, [pc, #44]	@ 34187d18 <frexp+0x88>
34187cec:	440b      	add	r3, r1
34187cee:	ea42 0c0c 	orr.w	ip, r2, ip
34187cf2:	6003      	str	r3, [r0, #0]
34187cf4:	e9cd bc00 	strd	fp, ip, [sp]
34187cf8:	ed9d 0b00 	vldr	d0, [sp]
34187cfc:	b003      	add	sp, #12
34187cfe:	f85d bb04 	ldr.w	fp, [sp], #4
34187d02:	4770      	bx	lr
34187d04:	f3af 8000 	nop.w
34187d08:	00000000 	.word	0x00000000
34187d0c:	43500000 	.word	0x43500000
34187d10:	7fefffff 	.word	0x7fefffff
34187d14:	7ff00000 	.word	0x7ff00000
34187d18:	3fe00000 	.word	0x3fe00000

34187d1c <quorem>:
34187d1c:	e92d 4ff0 	stmdb	sp!, {r4, r5, r6, r7, r8, r9, sl, fp, lr}
34187d20:	6903      	ldr	r3, [r0, #16]
34187d22:	b085      	sub	sp, #20
34187d24:	690c      	ldr	r4, [r1, #16]
34187d26:	42a3      	cmp	r3, r4
34187d28:	f2c0 8092 	blt.w	34187e50 <quorem+0x134>
34187d2c:	3c01      	subs	r4, #1
34187d2e:	f101 0514 	add.w	r5, r1, #20
34187d32:	f100 0814 	add.w	r8, r0, #20
34187d36:	4686      	mov	lr, r0
34187d38:	f855 3024 	ldr.w	r3, [r5, r4, lsl #2]
34187d3c:	eb05 0784 	add.w	r7, r5, r4, lsl #2
34187d40:	f858 0024 	ldr.w	r0, [r8, r4, lsl #2]
34187d44:	eb08 0a84 	add.w	sl, r8, r4, lsl #2
34187d48:	3301      	adds	r3, #1
34187d4a:	4298      	cmp	r0, r3
34187d4c:	fbb0 f6f3 	udiv	r6, r0, r3
34187d50:	d345      	bcc.n	34187dde <quorem+0xc2>
34187d52:	46a9      	mov	r9, r5
34187d54:	9501      	str	r5, [sp, #4]
34187d56:	f8cd e008 	str.w	lr, [sp, #8]
34187d5a:	2300      	movs	r3, #0
34187d5c:	9103      	str	r1, [sp, #12]
34187d5e:	ea4f 0b84 	mov.w	fp, r4, lsl #2
34187d62:	4649      	mov	r1, r9
34187d64:	2500      	movs	r5, #0
34187d66:	46a6      	mov	lr, r4
34187d68:	46c1      	mov	r9, r8
34187d6a:	f851 0b04 	ldr.w	r0, [r1], #4
34187d6e:	f8d9 4000 	ldr.w	r4, [r9]
34187d72:	fa1f fc80 	uxth.w	ip, r0
34187d76:	428f      	cmp	r7, r1
34187d78:	ea4f 4010 	mov.w	r0, r0, lsr #16
34187d7c:	fb06 5c0c 	mla	ip, r6, ip, r5
34187d80:	b2a2      	uxth	r2, r4
34187d82:	ea4f 451c 	mov.w	r5, ip, lsr #16
34187d86:	fa1f fc8c 	uxth.w	ip, ip
34187d8a:	fb06 5500 	mla	r5, r6, r0, r5
34187d8e:	eba2 020c 	sub.w	r2, r2, ip
34187d92:	441a      	add	r2, r3
34187d94:	b2ab      	uxth	r3, r5
34187d96:	ea4f 4515 	mov.w	r5, r5, lsr #16
34187d9a:	ebc3 4322 	rsb	r3, r3, r2, asr #16
34187d9e:	b292      	uxth	r2, r2
34187da0:	eb03 4314 	add.w	r3, r3, r4, lsr #16
34187da4:	ea42 4203 	orr.w	r2, r2, r3, lsl #16
34187da8:	ea4f 4323 	mov.w	r3, r3, asr #16
34187dac:	f849 2b04 	str.w	r2, [r9], #4
34187db0:	d2db      	bcs.n	34187d6a <quorem+0x4e>
34187db2:	f858 300b 	ldr.w	r3, [r8, fp]
34187db6:	4674      	mov	r4, lr
34187db8:	9d01      	ldr	r5, [sp, #4]
34187dba:	e9dd e102 	ldrd	lr, r1, [sp, #8]
34187dbe:	b973      	cbnz	r3, 34187dde <quorem+0xc2>
34187dc0:	f1aa 0204 	sub.w	r2, sl, #4
34187dc4:	4590      	cmp	r8, r2
34187dc6:	d304      	bcc.n	34187dd2 <quorem+0xb6>
34187dc8:	e007      	b.n	34187dda <quorem+0xbe>
34187dca:	4590      	cmp	r8, r2
34187dcc:	f104 34ff 	add.w	r4, r4, #4294967295	@ 0xffffffff
34187dd0:	d203      	bcs.n	34187dda <quorem+0xbe>
34187dd2:	6813      	ldr	r3, [r2, #0]
34187dd4:	3a04      	subs	r2, #4
34187dd6:	2b00      	cmp	r3, #0
34187dd8:	d0f7      	beq.n	34187dca <quorem+0xae>
34187dda:	f8ce 4010 	str.w	r4, [lr, #16]
34187dde:	4670      	mov	r0, lr
34187de0:	46f1      	mov	r9, lr
34187de2:	f001 fa03 	bl	341891ec <__mcmp>
34187de6:	2800      	cmp	r0, #0
34187de8:	db2e      	blt.n	34187e48 <quorem+0x12c>
34187dea:	3601      	adds	r6, #1
34187dec:	4641      	mov	r1, r8
34187dee:	f04f 0c00 	mov.w	ip, #0
34187df2:	f855 0b04 	ldr.w	r0, [r5], #4
34187df6:	680b      	ldr	r3, [r1, #0]
34187df8:	fa1f fe80 	uxth.w	lr, r0
34187dfc:	42af      	cmp	r7, r5
34187dfe:	b29a      	uxth	r2, r3
34187e00:	ea4f 4010 	mov.w	r0, r0, lsr #16
34187e04:	eba2 020e 	sub.w	r2, r2, lr
34187e08:	4462      	add	r2, ip
34187e0a:	ebc0 4022 	rsb	r0, r0, r2, asr #16
34187e0e:	b292      	uxth	r2, r2
34187e10:	eb00 4013 	add.w	r0, r0, r3, lsr #16
34187e14:	ea42 4200 	orr.w	r2, r2, r0, lsl #16
34187e18:	ea4f 4c20 	mov.w	ip, r0, asr #16
34187e1c:	f841 2b04 	str.w	r2, [r1], #4
34187e20:	d2e7      	bcs.n	34187df2 <quorem+0xd6>
34187e22:	f858 2024 	ldr.w	r2, [r8, r4, lsl #2]
34187e26:	eb08 0384 	add.w	r3, r8, r4, lsl #2
34187e2a:	b96a      	cbnz	r2, 34187e48 <quorem+0x12c>
34187e2c:	3b04      	subs	r3, #4
34187e2e:	4598      	cmp	r8, r3
34187e30:	d304      	bcc.n	34187e3c <quorem+0x120>
34187e32:	e007      	b.n	34187e44 <quorem+0x128>
34187e34:	4598      	cmp	r8, r3
34187e36:	f104 34ff 	add.w	r4, r4, #4294967295	@ 0xffffffff
34187e3a:	d203      	bcs.n	34187e44 <quorem+0x128>
34187e3c:	681a      	ldr	r2, [r3, #0]
34187e3e:	3b04      	subs	r3, #4
34187e40:	2a00      	cmp	r2, #0
34187e42:	d0f7      	beq.n	34187e34 <quorem+0x118>
34187e44:	f8c9 4010 	str.w	r4, [r9, #16]
34187e48:	4630      	mov	r0, r6
34187e4a:	b005      	add	sp, #20
34187e4c:	e8bd 8ff0 	ldmia.w	sp!, {r4, r5, r6, r7, r8, r9, sl, fp, pc}
34187e50:	2000      	movs	r0, #0
34187e52:	b005      	add	sp, #20
34187e54:	e8bd 8ff0 	ldmia.w	sp!, {r4, r5, r6, r7, r8, r9, sl, fp, pc}

34187e58 <_dtoa_r>:
34187e58:	e92d 4ff0 	stmdb	sp!, {r4, r5, r6, r7, r8, r9, sl, fp, lr}
34187e5c:	468b      	mov	fp, r1
34187e5e:	b093      	sub	sp, #76	@ 0x4c
34187e60:	6b81      	ldr	r1, [r0, #56]	@ 0x38
34187e62:	4604      	mov	r4, r0
34187e64:	9d1c      	ldr	r5, [sp, #112]	@ 0x70
34187e66:	9306      	str	r3, [sp, #24]
34187e68:	9204      	str	r2, [sp, #16]
34187e6a:	ec57 6b10 	vmov	r6, r7, d0
34187e6e:	ed8d 0b02 	vstr	d0, [sp, #8]
34187e72:	b141      	cbz	r1, 34187e86 <_dtoa_r+0x2e>
34187e74:	6bc2      	ldr	r2, [r0, #60]	@ 0x3c
34187e76:	2301      	movs	r3, #1
34187e78:	4093      	lsls	r3, r2
34187e7a:	604a      	str	r2, [r1, #4]
34187e7c:	608b      	str	r3, [r1, #8]
34187e7e:	f000 ff2d 	bl	34188cdc <_Bfree>
34187e82:	2300      	movs	r3, #0
34187e84:	63a3      	str	r3, [r4, #56]	@ 0x38
34187e86:	f1b7 0800 	subs.w	r8, r7, #0
34187e8a:	f2c0 8099 	blt.w	34187fc0 <_dtoa_r+0x168>
34187e8e:	2300      	movs	r3, #0
34187e90:	602b      	str	r3, [r5, #0]
34187e92:	4b6d      	ldr	r3, [pc, #436]	@ (34188048 <_dtoa_r+0x1f0>)
34187e94:	ea33 0308 	bics.w	r3, r3, r8
34187e98:	f000 809d 	beq.w	34187fd6 <_dtoa_r+0x17e>
34187e9c:	ed9d 6b02 	vldr	d6, [sp, #8]
34187ea0:	eeb5 6b40 	vcmp.f64	d6, #0.0
34187ea4:	eef1 fa10 	vmrs	APSR_nzcv, fpscr
34187ea8:	d10d      	bne.n	34187ec6 <_dtoa_r+0x6e>
34187eaa:	2301      	movs	r3, #1
34187eac:	9a06      	ldr	r2, [sp, #24]
34187eae:	6013      	str	r3, [r2, #0]
34187eb0:	9b1d      	ldr	r3, [sp, #116]	@ 0x74
34187eb2:	b113      	cbz	r3, 34187eba <_dtoa_r+0x62>
34187eb4:	4b65      	ldr	r3, [pc, #404]	@ (3418804c <_dtoa_r+0x1f4>)
34187eb6:	9a1d      	ldr	r2, [sp, #116]	@ 0x74
34187eb8:	6013      	str	r3, [r2, #0]
34187eba:	f8df a19c 	ldr.w	sl, [pc, #412]	@ 34188058 <_dtoa_r+0x200>
34187ebe:	4650      	mov	r0, sl
34187ec0:	b013      	add	sp, #76	@ 0x4c
34187ec2:	e8bd 8ff0 	ldmia.w	sp!, {r4, r5, r6, r7, r8, r9, sl, fp, pc}
34187ec6:	eeb0 0b46 	vmov.f64	d0, d6
34187eca:	aa10      	add	r2, sp, #64	@ 0x40
34187ecc:	a911      	add	r1, sp, #68	@ 0x44
34187ece:	4620      	mov	r0, r4
34187ed0:	ed8d 6b00 	vstr	d6, [sp]
34187ed4:	f001 fa6e 	bl	341893b4 <__d2b>
34187ed8:	9a10      	ldr	r2, [sp, #64]	@ 0x40
34187eda:	ea5f 5318 	movs.w	r3, r8, lsr #20
34187ede:	4605      	mov	r5, r0
34187ee0:	ed9d 6b00 	vldr	d6, [sp]
34187ee4:	f040 808e 	bne.w	34188004 <_dtoa_r+0x1ac>
34187ee8:	9b11      	ldr	r3, [sp, #68]	@ 0x44
34187eea:	4413      	add	r3, r2
34187eec:	f203 4132 	addw	r1, r3, #1074	@ 0x432
34187ef0:	2920      	cmp	r1, #32
34187ef2:	f340 81c2 	ble.w	3418827a <_dtoa_r+0x422>
34187ef6:	f1c1 0140 	rsb	r1, r1, #64	@ 0x40
34187efa:	fa08 f801 	lsl.w	r8, r8, r1
34187efe:	f203 4112 	addw	r1, r3, #1042	@ 0x412
34187f02:	fa26 f101 	lsr.w	r1, r6, r1
34187f06:	ea48 0101 	orr.w	r1, r8, r1
34187f0a:	ee07 1a10 	vmov	s14, r1
34187f0e:	eeb8 7b47 	vcvt.f64.u32	d7, s14
34187f12:	2101      	movs	r1, #1
34187f14:	3b01      	subs	r3, #1
34187f16:	910b      	str	r1, [sp, #44]	@ 0x2c
34187f18:	ee17 1a90 	vmov	r1, s15
34187f1c:	f1a1 71f8 	sub.w	r1, r1, #32505856	@ 0x1f00000
34187f20:	eeb7 1b08 	vmov.f64	d1, #120	@ 0x3fc00000  1.5
34187f24:	ee07 1a90 	vmov	s15, r1
34187f28:	ee04 3a90 	vmov	s9, r3
34187f2c:	ee37 7b41 	vsub.f64	d7, d7, d1
34187f30:	eeb8 3be4 	vcvt.f64.s32	d3, s9
34187f34:	ed9f 2b3e 	vldr	d2, [pc, #248]	@ 34188030 <_dtoa_r+0x1d8>
34187f38:	ed9f 5b3f 	vldr	d5, [pc, #252]	@ 34188038 <_dtoa_r+0x1e0>
34187f3c:	ed9f 4b40 	vldr	d4, [pc, #256]	@ 34188040 <_dtoa_r+0x1e8>
34187f40:	eea7 5b02 	vfma.f64	d5, d7, d2
34187f44:	eeb0 7b45 	vmov.f64	d7, d5
34187f48:	eea3 7b04 	vfma.f64	d7, d3, d4
34187f4c:	eeb5 7bc0 	vcmpe.f64	d7, #0.0
34187f50:	eefd 5bc7 	vcvt.s32.f64	s11, d7
34187f54:	eef1 fa10 	vmrs	APSR_nzcv, fpscr
34187f58:	edcd 5a00 	vstr	s11, [sp]
34187f5c:	f100 8172 	bmi.w	34188244 <_dtoa_r+0x3ec>
34187f60:	1ad3      	subs	r3, r2, r3
34187f62:	9a00      	ldr	r2, [sp, #0]
34187f64:	2a16      	cmp	r2, #22
34187f66:	f103 38ff 	add.w	r8, r3, #4294967295	@ 0xffffffff
34187f6a:	f200 8158 	bhi.w	3418821e <_dtoa_r+0x3c6>
34187f6e:	4938      	ldr	r1, [pc, #224]	@ (34188050 <_dtoa_r+0x1f8>)
34187f70:	eb01 01c2 	add.w	r1, r1, r2, lsl #3
34187f74:	ed91 7b00 	vldr	d7, [r1]
34187f78:	eeb4 6bc7 	vcmpe.f64	d6, d7
34187f7c:	eef1 fa10 	vmrs	APSR_nzcv, fpscr
34187f80:	f100 8175 	bmi.w	3418826e <_dtoa_r+0x416>
34187f84:	2b00      	cmp	r3, #0
34187f86:	f340 8502 	ble.w	3418898e <_dtoa_r+0xb36>
34187f8a:	2300      	movs	r3, #0
34187f8c:	4490      	add	r8, r2
34187f8e:	e9cd 2309 	strd	r2, r3, [sp, #36]	@ 0x24
34187f92:	9307      	str	r3, [sp, #28]
34187f94:	2300      	movs	r3, #0
34187f96:	9308      	str	r3, [sp, #32]
34187f98:	f1bb 0f09 	cmp.w	fp, #9
34187f9c:	d862      	bhi.n	34188064 <_dtoa_r+0x20c>
34187f9e:	f1bb 0f05 	cmp.w	fp, #5
34187fa2:	f340 8171 	ble.w	34188288 <_dtoa_r+0x430>
34187fa6:	f1ab 0b04 	sub.w	fp, fp, #4
34187faa:	2600      	movs	r6, #0
34187fac:	f1ab 0302 	sub.w	r3, fp, #2
34187fb0:	2b03      	cmp	r3, #3
34187fb2:	d859      	bhi.n	34188068 <_dtoa_r+0x210>
34187fb4:	e8df f013 	tbh	[pc, r3, lsl #1]
34187fb8:	01ce01d1 	.word	0x01ce01d1
34187fbc:	016a01c4 	.word	0x016a01c4
34187fc0:	2301      	movs	r3, #1
34187fc2:	f028 4800 	bic.w	r8, r8, #2147483648	@ 0x80000000
34187fc6:	602b      	str	r3, [r5, #0]
34187fc8:	4b1f      	ldr	r3, [pc, #124]	@ (34188048 <_dtoa_r+0x1f0>)
34187fca:	f8cd 800c 	str.w	r8, [sp, #12]
34187fce:	ea33 0308 	bics.w	r3, r3, r8
34187fd2:	f47f af63 	bne.w	34187e9c <_dtoa_r+0x44>
34187fd6:	f3c8 0813 	ubfx	r8, r8, #0, #20
34187fda:	f242 730f 	movw	r3, #9999	@ 0x270f
34187fde:	9a06      	ldr	r2, [sp, #24]
34187fe0:	ea58 0806 	orrs.w	r8, r8, r6
34187fe4:	6013      	str	r3, [r2, #0]
34187fe6:	d01a      	beq.n	3418801e <_dtoa_r+0x1c6>
34187fe8:	9b1d      	ldr	r3, [sp, #116]	@ 0x74
34187fea:	f8df a070 	ldr.w	sl, [pc, #112]	@ 3418805c <_dtoa_r+0x204>
34187fee:	2b00      	cmp	r3, #0
34187ff0:	f43f af65 	beq.w	34187ebe <_dtoa_r+0x66>
34187ff4:	f10a 0303 	add.w	r3, sl, #3
34187ff8:	9a1d      	ldr	r2, [sp, #116]	@ 0x74
34187ffa:	4650      	mov	r0, sl
34187ffc:	6013      	str	r3, [r2, #0]
34187ffe:	b013      	add	sp, #76	@ 0x4c
34188000:	e8bd 8ff0 	ldmia.w	sp!, {r4, r5, r6, r7, r8, r9, sl, fp, pc}
34188004:	ee16 0a90 	vmov	r0, s13
34188008:	4912      	ldr	r1, [pc, #72]	@ (34188054 <_dtoa_r+0x1fc>)
3418800a:	eeb0 7b46 	vmov.f64	d7, d6
3418800e:	f2a3 33ff 	subw	r3, r3, #1023	@ 0x3ff
34188012:	f3c0 0013 	ubfx	r0, r0, #0, #20
34188016:	4301      	orrs	r1, r0
34188018:	2000      	movs	r0, #0
3418801a:	900b      	str	r0, [sp, #44]	@ 0x2c
3418801c:	e780      	b.n	34187f20 <_dtoa_r+0xc8>
3418801e:	9b1d      	ldr	r3, [sp, #116]	@ 0x74
34188020:	f8df a03c 	ldr.w	sl, [pc, #60]	@ 34188060 <_dtoa_r+0x208>
34188024:	2b00      	cmp	r3, #0
34188026:	f43f af4a 	beq.w	34187ebe <_dtoa_r+0x66>
3418802a:	f10a 0308 	add.w	r3, sl, #8
3418802e:	e7e3      	b.n	34187ff8 <_dtoa_r+0x1a0>
34188030:	636f4361 	.word	0x636f4361
34188034:	3fd287a7 	.word	0x3fd287a7
34188038:	8b60c8b3 	.word	0x8b60c8b3
3418803c:	3fc68a28 	.word	0x3fc68a28
34188040:	509f79fb 	.word	0x509f79fb
34188044:	3fd34413 	.word	0x3fd34413
34188048:	7ff00000 	.word	0x7ff00000
3418804c:	3418ac71 	.word	0x3418ac71
34188050:	3418b010 	.word	0x3418b010
34188054:	3ff00000 	.word	0x3ff00000
34188058:	3418ac70 	.word	0x3418ac70
3418805c:	3418acc8 	.word	0x3418acc8
34188060:	3418acbc 	.word	0x3418acbc
34188064:	f04f 0b00 	mov.w	fp, #0
34188068:	2100      	movs	r1, #0
3418806a:	4620      	mov	r0, r4
3418806c:	63e1      	str	r1, [r4, #60]	@ 0x3c
3418806e:	ed8d 6b04 	vstr	d6, [sp, #16]
34188072:	f000 fe0d 	bl	34188c90 <_Balloc>
34188076:	4682      	mov	sl, r0
34188078:	ed9d 6b04 	vldr	d6, [sp, #16]
3418807c:	2800      	cmp	r0, #0
3418807e:	f000 857f 	beq.w	34188b80 <_dtoa_r+0xd28>
34188082:	9a00      	ldr	r2, [sp, #0]
34188084:	9b11      	ldr	r3, [sp, #68]	@ 0x44
34188086:	2a0e      	cmp	r2, #14
34188088:	f8c4 a038 	str.w	sl, [r4, #56]	@ 0x38
3418808c:	dc02      	bgt.n	34188094 <_dtoa_r+0x23c>
3418808e:	2b00      	cmp	r3, #0
34188090:	f280 84e6 	bge.w	34188a60 <_dtoa_r+0xc08>
34188094:	f04f 32ff 	mov.w	r2, #4294967295	@ 0xffffffff
34188098:	2100      	movs	r1, #0
3418809a:	4691      	mov	r9, r2
3418809c:	920e      	str	r2, [sp, #56]	@ 0x38
3418809e:	9104      	str	r1, [sp, #16]
341880a0:	9a0b      	ldr	r2, [sp, #44]	@ 0x2c
341880a2:	2a00      	cmp	r2, #0
341880a4:	f040 81b2 	bne.w	3418840c <_dtoa_r+0x5b4>
341880a8:	9b10      	ldr	r3, [sp, #64]	@ 0x40
341880aa:	f1c3 0336 	rsb	r3, r3, #54	@ 0x36
341880ae:	9a07      	ldr	r2, [sp, #28]
341880b0:	4498      	add	r8, r3
341880b2:	9f08      	ldr	r7, [sp, #32]
341880b4:	18d3      	adds	r3, r2, r3
341880b6:	920b      	str	r2, [sp, #44]	@ 0x2c
341880b8:	9307      	str	r3, [sp, #28]
341880ba:	2101      	movs	r1, #1
341880bc:	4620      	mov	r0, r4
341880be:	f000 fed5 	bl	34188e6c <__i2b>
341880c2:	9b0b      	ldr	r3, [sp, #44]	@ 0x2c
341880c4:	4606      	mov	r6, r0
341880c6:	2b00      	cmp	r3, #0
341880c8:	f000 848e 	beq.w	341889e8 <_dtoa_r+0xb90>
341880cc:	f1b8 0f00 	cmp.w	r8, #0
341880d0:	f340 848a 	ble.w	341889e8 <_dtoa_r+0xb90>
341880d4:	9a0b      	ldr	r2, [sp, #44]	@ 0x2c
341880d6:	9907      	ldr	r1, [sp, #28]
341880d8:	4542      	cmp	r2, r8
341880da:	4613      	mov	r3, r2
341880dc:	bfa8      	it	ge
341880de:	4643      	movge	r3, r8
341880e0:	1ac9      	subs	r1, r1, r3
341880e2:	1ad2      	subs	r2, r2, r3
341880e4:	eba8 0803 	sub.w	r8, r8, r3
341880e8:	9b08      	ldr	r3, [sp, #32]
341880ea:	9107      	str	r1, [sp, #28]
341880ec:	920b      	str	r2, [sp, #44]	@ 0x2c
341880ee:	b1bb      	cbz	r3, 34188120 <_dtoa_r+0x2c8>
341880f0:	2f00      	cmp	r7, #0
341880f2:	f000 84d6 	beq.w	34188aa2 <_dtoa_r+0xc4a>
341880f6:	4631      	mov	r1, r6
341880f8:	463a      	mov	r2, r7
341880fa:	4620      	mov	r0, r4
341880fc:	f000 ffa8 	bl	34189050 <__pow5mult>
34188100:	4606      	mov	r6, r0
34188102:	462a      	mov	r2, r5
34188104:	4620      	mov	r0, r4
34188106:	4631      	mov	r1, r6
34188108:	f000 fede 	bl	34188ec8 <__multiply>
3418810c:	4629      	mov	r1, r5
3418810e:	900c      	str	r0, [sp, #48]	@ 0x30
34188110:	4620      	mov	r0, r4
34188112:	f000 fde3 	bl	34188cdc <_Bfree>
34188116:	9b08      	ldr	r3, [sp, #32]
34188118:	9d0c      	ldr	r5, [sp, #48]	@ 0x30
3418811a:	1bdf      	subs	r7, r3, r7
3418811c:	f040 8489 	bne.w	34188a32 <_dtoa_r+0xbda>
34188120:	2301      	movs	r3, #1
34188122:	9308      	str	r3, [sp, #32]
34188124:	2101      	movs	r1, #1
34188126:	4620      	mov	r0, r4
34188128:	f000 fea0 	bl	34188e6c <__i2b>
3418812c:	9b09      	ldr	r3, [sp, #36]	@ 0x24
3418812e:	4607      	mov	r7, r0
34188130:	2b00      	cmp	r3, #0
34188132:	f040 8264 	bne.w	341885fe <_dtoa_r+0x7a6>
34188136:	f1bb 0f01 	cmp.w	fp, #1
3418813a:	f340 82b5 	ble.w	341886a8 <_dtoa_r+0x850>
3418813e:	2301      	movs	r3, #1
34188140:	4443      	add	r3, r8
34188142:	f013 031f 	ands.w	r3, r3, #31
34188146:	f000 8221 	beq.w	3418858c <_dtoa_r+0x734>
3418814a:	2b1b      	cmp	r3, #27
3418814c:	f300 8343 	bgt.w	341887d6 <_dtoa_r+0x97e>
34188150:	f1c3 031c 	rsb	r3, r3, #28
34188154:	9a07      	ldr	r2, [sp, #28]
34188156:	4498      	add	r8, r3
34188158:	441a      	add	r2, r3
3418815a:	9207      	str	r2, [sp, #28]
3418815c:	9a0b      	ldr	r2, [sp, #44]	@ 0x2c
3418815e:	441a      	add	r2, r3
34188160:	920b      	str	r2, [sp, #44]	@ 0x2c
34188162:	9b07      	ldr	r3, [sp, #28]
34188164:	2b00      	cmp	r3, #0
34188166:	dd05      	ble.n	34188174 <_dtoa_r+0x31c>
34188168:	4629      	mov	r1, r5
3418816a:	461a      	mov	r2, r3
3418816c:	4620      	mov	r0, r4
3418816e:	f000 ffcb 	bl	34189108 <__lshift>
34188172:	4605      	mov	r5, r0
34188174:	f1b8 0f00 	cmp.w	r8, #0
34188178:	dd05      	ble.n	34188186 <_dtoa_r+0x32e>
3418817a:	4639      	mov	r1, r7
3418817c:	4642      	mov	r2, r8
3418817e:	4620      	mov	r0, r4
34188180:	f000 ffc2 	bl	34189108 <__lshift>
34188184:	4607      	mov	r7, r0
34188186:	f1bb 0f02 	cmp.w	fp, #2
3418818a:	9b0a      	ldr	r3, [sp, #40]	@ 0x28
3418818c:	bfd4      	ite	le
3418818e:	f04f 0800 	movle.w	r8, #0
34188192:	f04f 0801 	movgt.w	r8, #1
34188196:	2b00      	cmp	r3, #0
34188198:	f040 8246 	bne.w	34188628 <_dtoa_r+0x7d0>
3418819c:	f1b9 0f00 	cmp.w	r9, #0
341881a0:	f300 80de 	bgt.w	34188360 <_dtoa_r+0x508>
341881a4:	f1b8 0f00 	cmp.w	r8, #0
341881a8:	f000 80da 	beq.w	34188360 <_dtoa_r+0x508>
341881ac:	f1b9 0f00 	cmp.w	r9, #0
341881b0:	f040 8214 	bne.w	341885dc <_dtoa_r+0x784>
341881b4:	4639      	mov	r1, r7
341881b6:	464b      	mov	r3, r9
341881b8:	2205      	movs	r2, #5
341881ba:	4620      	mov	r0, r4
341881bc:	f000 fd98 	bl	34188cf0 <__multadd>
341881c0:	4607      	mov	r7, r0
341881c2:	4628      	mov	r0, r5
341881c4:	4639      	mov	r1, r7
341881c6:	f001 f811 	bl	341891ec <__mcmp>
341881ca:	4548      	cmp	r0, r9
341881cc:	f340 8206 	ble.w	341885dc <_dtoa_r+0x784>
341881d0:	9b00      	ldr	r3, [sp, #0]
341881d2:	46d3      	mov	fp, sl
341881d4:	f103 0801 	add.w	r8, r3, #1
341881d8:	2331      	movs	r3, #49	@ 0x31
341881da:	f80b 3b01 	strb.w	r3, [fp], #1
341881de:	4639      	mov	r1, r7
341881e0:	4620      	mov	r0, r4
341881e2:	f000 fd7b 	bl	34188cdc <_Bfree>
341881e6:	f108 0301 	add.w	r3, r8, #1
341881ea:	9302      	str	r3, [sp, #8]
341881ec:	b11e      	cbz	r6, 341881f6 <_dtoa_r+0x39e>
341881ee:	4631      	mov	r1, r6
341881f0:	4620      	mov	r0, r4
341881f2:	f000 fd73 	bl	34188cdc <_Bfree>
341881f6:	4629      	mov	r1, r5
341881f8:	4620      	mov	r0, r4
341881fa:	f000 fd6f 	bl	34188cdc <_Bfree>
341881fe:	2300      	movs	r3, #0
34188200:	9a02      	ldr	r2, [sp, #8]
34188202:	f88b 3000 	strb.w	r3, [fp]
34188206:	9b06      	ldr	r3, [sp, #24]
34188208:	601a      	str	r2, [r3, #0]
3418820a:	9b1d      	ldr	r3, [sp, #116]	@ 0x74
3418820c:	2b00      	cmp	r3, #0
3418820e:	f43f ae56 	beq.w	34187ebe <_dtoa_r+0x66>
34188212:	4650      	mov	r0, sl
34188214:	f8c3 b000 	str.w	fp, [r3]
34188218:	b013      	add	sp, #76	@ 0x4c
3418821a:	e8bd 8ff0 	ldmia.w	sp!, {r4, r5, r6, r7, r8, r9, sl, fp, pc}
3418821e:	2201      	movs	r2, #1
34188220:	920a      	str	r2, [sp, #40]	@ 0x28
34188222:	f1b8 0f00 	cmp.w	r8, #0
34188226:	db1c      	blt.n	34188262 <_dtoa_r+0x40a>
34188228:	2300      	movs	r3, #0
3418822a:	9307      	str	r3, [sp, #28]
3418822c:	9b00      	ldr	r3, [sp, #0]
3418822e:	2b00      	cmp	r3, #0
34188230:	da14      	bge.n	3418825c <_dtoa_r+0x404>
34188232:	9a07      	ldr	r2, [sp, #28]
34188234:	9b00      	ldr	r3, [sp, #0]
34188236:	1ad2      	subs	r2, r2, r3
34188238:	425b      	negs	r3, r3
3418823a:	9308      	str	r3, [sp, #32]
3418823c:	2300      	movs	r3, #0
3418823e:	9207      	str	r2, [sp, #28]
34188240:	9309      	str	r3, [sp, #36]	@ 0x24
34188242:	e6a9      	b.n	34187f98 <_dtoa_r+0x140>
34188244:	eeb8 5be5 	vcvt.f64.s32	d5, s11
34188248:	eeb4 5b47 	vcmp.f64	d5, d7
3418824c:	eef1 fa10 	vmrs	APSR_nzcv, fpscr
34188250:	f43f ae86 	beq.w	34187f60 <_dtoa_r+0x108>
34188254:	9900      	ldr	r1, [sp, #0]
34188256:	3901      	subs	r1, #1
34188258:	9100      	str	r1, [sp, #0]
3418825a:	e681      	b.n	34187f60 <_dtoa_r+0x108>
3418825c:	4498      	add	r8, r3
3418825e:	9309      	str	r3, [sp, #36]	@ 0x24
34188260:	e698      	b.n	34187f94 <_dtoa_r+0x13c>
34188262:	f1c3 0301 	rsb	r3, r3, #1
34188266:	f04f 0800 	mov.w	r8, #0
3418826a:	9307      	str	r3, [sp, #28]
3418826c:	e7de      	b.n	3418822c <_dtoa_r+0x3d4>
3418826e:	9a00      	ldr	r2, [sp, #0]
34188270:	3a01      	subs	r2, #1
34188272:	9200      	str	r2, [sp, #0]
34188274:	2200      	movs	r2, #0
34188276:	920a      	str	r2, [sp, #40]	@ 0x28
34188278:	e7d3      	b.n	34188222 <_dtoa_r+0x3ca>
3418827a:	f1c1 0120 	rsb	r1, r1, #32
3418827e:	fa06 f101 	lsl.w	r1, r6, r1
34188282:	ee07 1a10 	vmov	s14, r1
34188286:	e642      	b.n	34187f0e <_dtoa_r+0xb6>
34188288:	2601      	movs	r6, #1
3418828a:	e68f      	b.n	34187fac <_dtoa_r+0x154>
3418828c:	2301      	movs	r3, #1
3418828e:	930f      	str	r3, [sp, #60]	@ 0x3c
34188290:	9b04      	ldr	r3, [sp, #16]
34188292:	9a00      	ldr	r2, [sp, #0]
34188294:	4413      	add	r3, r2
34188296:	f103 0901 	add.w	r9, r3, #1
3418829a:	930e      	str	r3, [sp, #56]	@ 0x38
3418829c:	464f      	mov	r7, r9
3418829e:	2f01      	cmp	r7, #1
341882a0:	bfb8      	it	lt
341882a2:	2701      	movlt	r7, #1
341882a4:	2f17      	cmp	r7, #23
341882a6:	f340 84cc 	ble.w	34188c42 <_dtoa_r+0xdea>
341882aa:	2201      	movs	r2, #1
341882ac:	2304      	movs	r3, #4
341882ae:	005b      	lsls	r3, r3, #1
341882b0:	4611      	mov	r1, r2
341882b2:	3201      	adds	r2, #1
341882b4:	f103 0014 	add.w	r0, r3, #20
341882b8:	42b8      	cmp	r0, r7
341882ba:	d9f8      	bls.n	341882ae <_dtoa_r+0x456>
341882bc:	63e1      	str	r1, [r4, #60]	@ 0x3c
341882be:	4620      	mov	r0, r4
341882c0:	ed8d 6b0c 	vstr	d6, [sp, #48]	@ 0x30
341882c4:	f000 fce4 	bl	34188c90 <_Balloc>
341882c8:	4682      	mov	sl, r0
341882ca:	ed9d 6b0c 	vldr	d6, [sp, #48]	@ 0x30
341882ce:	2800      	cmp	r0, #0
341882d0:	f000 8456 	beq.w	34188b80 <_dtoa_r+0xd28>
341882d4:	f1b9 0f0e 	cmp.w	r9, #14
341882d8:	63a0      	str	r0, [r4, #56]	@ 0x38
341882da:	f200 8135 	bhi.w	34188548 <_dtoa_r+0x6f0>
341882de:	2e00      	cmp	r6, #0
341882e0:	f000 8132 	beq.w	34188548 <_dtoa_r+0x6f0>
341882e4:	9a00      	ldr	r2, [sp, #0]
341882e6:	2a00      	cmp	r2, #0
341882e8:	f340 8152 	ble.w	34188590 <_dtoa_r+0x738>
341882ec:	49be      	ldr	r1, [pc, #760]	@ (341885e8 <_dtoa_r+0x790>)
341882ee:	f002 030f 	and.w	r3, r2, #15
341882f2:	05d6      	lsls	r6, r2, #23
341882f4:	eb01 03c3 	add.w	r3, r1, r3, lsl #3
341882f8:	ed93 7b00 	vldr	d7, [r3]
341882fc:	ea4f 1322 	mov.w	r3, r2, asr #4
34188300:	f140 81b9 	bpl.w	34188676 <_dtoa_r+0x81e>
34188304:	4ab9      	ldr	r2, [pc, #740]	@ (341885ec <_dtoa_r+0x794>)
34188306:	f003 030f 	and.w	r3, r3, #15
3418830a:	2103      	movs	r1, #3
3418830c:	ed92 5b08 	vldr	d5, [r2, #32]
34188310:	ee86 4b05 	vdiv.f64	d4, d6, d5
34188314:	2b00      	cmp	r3, #0
34188316:	d07c      	beq.n	34188412 <_dtoa_r+0x5ba>
34188318:	4ab4      	ldr	r2, [pc, #720]	@ (341885ec <_dtoa_r+0x794>)
3418831a:	e001      	b.n	34188320 <_dtoa_r+0x4c8>
3418831c:	105b      	asrs	r3, r3, #1
3418831e:	3208      	adds	r2, #8
34188320:	07d8      	lsls	r0, r3, #31
34188322:	d403      	bmi.n	3418832c <_dtoa_r+0x4d4>
34188324:	105b      	asrs	r3, r3, #1
34188326:	3208      	adds	r2, #8
34188328:	07df      	lsls	r7, r3, #31
3418832a:	d5f7      	bpl.n	3418831c <_dtoa_r+0x4c4>
3418832c:	105b      	asrs	r3, r3, #1
3418832e:	f101 0101 	add.w	r1, r1, #1
34188332:	ed92 5b00 	vldr	d5, [r2]
34188336:	ee27 7b05 	vmul.f64	d7, d7, d5
3418833a:	d06a      	beq.n	34188412 <_dtoa_r+0x5ba>
3418833c:	3208      	adds	r2, #8
3418833e:	e7f3      	b.n	34188328 <_dtoa_r+0x4d0>
34188340:	2301      	movs	r3, #1
34188342:	930f      	str	r3, [sp, #60]	@ 0x3c
34188344:	9b04      	ldr	r3, [sp, #16]
34188346:	2b00      	cmp	r3, #0
34188348:	f340 8152 	ble.w	341885f0 <_dtoa_r+0x798>
3418834c:	9f04      	ldr	r7, [sp, #16]
3418834e:	46b9      	mov	r9, r7
34188350:	970e      	str	r7, [sp, #56]	@ 0x38
34188352:	e7a7      	b.n	341882a4 <_dtoa_r+0x44c>
34188354:	2300      	movs	r3, #0
34188356:	930f      	str	r3, [sp, #60]	@ 0x3c
34188358:	e79a      	b.n	34188290 <_dtoa_r+0x438>
3418835a:	2300      	movs	r3, #0
3418835c:	930f      	str	r3, [sp, #60]	@ 0x3c
3418835e:	e7f1      	b.n	34188344 <_dtoa_r+0x4ec>
34188360:	9b08      	ldr	r3, [sp, #32]
34188362:	2b00      	cmp	r3, #0
34188364:	f040 8259 	bne.w	3418881a <_dtoa_r+0x9c2>
34188368:	9b00      	ldr	r3, [sp, #0]
3418836a:	3301      	adds	r3, #1
3418836c:	9302      	str	r3, [sp, #8]
3418836e:	46d0      	mov	r8, sl
34188370:	f04f 0b01 	mov.w	fp, #1
34188374:	e008      	b.n	34188388 <_dtoa_r+0x530>
34188376:	4629      	mov	r1, r5
34188378:	2300      	movs	r3, #0
3418837a:	220a      	movs	r2, #10
3418837c:	4620      	mov	r0, r4
3418837e:	f000 fcb7 	bl	34188cf0 <__multadd>
34188382:	f10b 0b01 	add.w	fp, fp, #1
34188386:	4605      	mov	r5, r0
34188388:	4639      	mov	r1, r7
3418838a:	4628      	mov	r0, r5
3418838c:	f7ff fcc6 	bl	34187d1c <quorem>
34188390:	45cb      	cmp	fp, r9
34188392:	f100 0330 	add.w	r3, r0, #48	@ 0x30
34188396:	f808 3b01 	strb.w	r3, [r8], #1
3418839a:	dbec      	blt.n	34188376 <_dtoa_r+0x51e>
3418839c:	f1b9 0f00 	cmp.w	r9, #0
341883a0:	f10a 0201 	add.w	r2, sl, #1
341883a4:	f109 39ff 	add.w	r9, r9, #4294967295	@ 0xffffffff
341883a8:	bfd8      	it	le
341883aa:	f04f 0900 	movle.w	r9, #0
341883ae:	4491      	add	r9, r2
341883b0:	2200      	movs	r2, #0
341883b2:	9204      	str	r2, [sp, #16]
341883b4:	4629      	mov	r1, r5
341883b6:	2201      	movs	r2, #1
341883b8:	4620      	mov	r0, r4
341883ba:	9307      	str	r3, [sp, #28]
341883bc:	f000 fea4 	bl	34189108 <__lshift>
341883c0:	4639      	mov	r1, r7
341883c2:	4605      	mov	r5, r0
341883c4:	f000 ff12 	bl	341891ec <__mcmp>
341883c8:	2800      	cmp	r0, #0
341883ca:	dc03      	bgt.n	341883d4 <_dtoa_r+0x57c>
341883cc:	e353      	b.n	34188a76 <_dtoa_r+0xc1e>
341883ce:	45d1      	cmp	r9, sl
341883d0:	f000 835c 	beq.w	34188a8c <_dtoa_r+0xc34>
341883d4:	f819 3c01 	ldrb.w	r3, [r9, #-1]
341883d8:	46cb      	mov	fp, r9
341883da:	f109 39ff 	add.w	r9, r9, #4294967295	@ 0xffffffff
341883de:	2b39      	cmp	r3, #57	@ 0x39
341883e0:	d0f5      	beq.n	341883ce <_dtoa_r+0x576>
341883e2:	3301      	adds	r3, #1
341883e4:	f889 3000 	strb.w	r3, [r9]
341883e8:	4639      	mov	r1, r7
341883ea:	4620      	mov	r0, r4
341883ec:	f000 fc76 	bl	34188cdc <_Bfree>
341883f0:	2e00      	cmp	r6, #0
341883f2:	f43f af00 	beq.w	341881f6 <_dtoa_r+0x39e>
341883f6:	9904      	ldr	r1, [sp, #16]
341883f8:	2900      	cmp	r1, #0
341883fa:	f43f aef8 	beq.w	341881ee <_dtoa_r+0x396>
341883fe:	42b1      	cmp	r1, r6
34188400:	f43f aef5 	beq.w	341881ee <_dtoa_r+0x396>
34188404:	4620      	mov	r0, r4
34188406:	f000 fc69 	bl	34188cdc <_Bfree>
3418840a:	e6f0      	b.n	341881ee <_dtoa_r+0x396>
3418840c:	f203 4333 	addw	r3, r3, #1075	@ 0x433
34188410:	e64d      	b.n	341880ae <_dtoa_r+0x256>
34188412:	ee84 5b07 	vdiv.f64	d5, d4, d7
34188416:	9b0a      	ldr	r3, [sp, #40]	@ 0x28
34188418:	b13b      	cbz	r3, 3418842a <_dtoa_r+0x5d2>
3418841a:	eeb7 7b00 	vmov.f64	d7, #112	@ 0x3f800000  1.0
3418841e:	eeb4 5bc7 	vcmpe.f64	d5, d7
34188422:	eef1 fa10 	vmrs	APSR_nzcv, fpscr
34188426:	f100 82c0 	bmi.w	341889aa <_dtoa_r+0xb52>
3418842a:	ee07 1a90 	vmov	s15, r1
3418842e:	eeb1 4b0c 	vmov.f64	d4, #28	@ 0x40e00000  7.0
34188432:	eeb8 7be7 	vcvt.f64.s32	d7, s15
34188436:	eea7 4b05 	vfma.f64	d4, d7, d5
3418843a:	ee14 1a90 	vmov	r1, s9
3418843e:	ec53 2b14 	vmov	r2, r3, d4
34188442:	f1a1 7350 	sub.w	r3, r1, #54525952	@ 0x3400000
34188446:	f1b9 0f00 	cmp.w	r9, #0
3418844a:	d069      	beq.n	34188520 <_dtoa_r+0x6c8>
3418844c:	f8dd c000 	ldr.w	ip, [sp]
34188450:	464e      	mov	r6, r9
34188452:	eefd 3bc5 	vcvt.s32.f64	s7, d5
34188456:	4964      	ldr	r1, [pc, #400]	@ (341885e8 <_dtoa_r+0x790>)
34188458:	ec43 2b14 	vmov	d4, r2, r3
3418845c:	eb01 00c6 	add.w	r0, r1, r6, lsl #3
34188460:	ee13 2a90 	vmov	r2, s7
34188464:	eeb8 7be3 	vcvt.f64.s32	d7, s7
34188468:	f10a 0301 	add.w	r3, sl, #1
3418846c:	3230      	adds	r2, #48	@ 0x30
3418846e:	ed10 3b02 	vldr	d3, [r0, #-8]
34188472:	980f      	ldr	r0, [sp, #60]	@ 0x3c
34188474:	ee35 7b47 	vsub.f64	d7, d5, d7
34188478:	f88a 2000 	strb.w	r2, [sl]
3418847c:	2800      	cmp	r0, #0
3418847e:	f000 8136 	beq.w	341886ee <_dtoa_r+0x896>
34188482:	eeb6 2b00 	vmov.f64	d2, #96	@ 0x3f000000  0.5
34188486:	ee82 5b03 	vdiv.f64	d5, d2, d3
3418848a:	ee35 5b44 	vsub.f64	d5, d5, d4
3418848e:	eeb4 5bc7 	vcmpe.f64	d5, d7
34188492:	eef1 fa10 	vmrs	APSR_nzcv, fpscr
34188496:	f300 8306 	bgt.w	34188aa6 <_dtoa_r+0xc4e>
3418849a:	eeb7 1b00 	vmov.f64	d1, #112	@ 0x3f800000  1.0
3418849e:	2000      	movs	r0, #0
341884a0:	eeb2 3b04 	vmov.f64	d3, #36	@ 0x41200000  10.0
341884a4:	e018      	b.n	341884d8 <_dtoa_r+0x680>
341884a6:	3001      	adds	r0, #1
341884a8:	42b0      	cmp	r0, r6
341884aa:	f280 831b 	bge.w	34188ae4 <_dtoa_r+0xc8c>
341884ae:	ee27 7b03 	vmul.f64	d7, d7, d3
341884b2:	ee25 5b03 	vmul.f64	d5, d5, d3
341884b6:	eefd 4bc7 	vcvt.s32.f64	s9, d7
341884ba:	eeb8 2be4 	vcvt.f64.s32	d2, s9
341884be:	ee14 2a90 	vmov	r2, s9
341884c2:	3230      	adds	r2, #48	@ 0x30
341884c4:	ee37 7b42 	vsub.f64	d7, d7, d2
341884c8:	f803 2b01 	strb.w	r2, [r3], #1
341884cc:	eeb4 7bc5 	vcmpe.f64	d7, d5
341884d0:	eef1 fa10 	vmrs	APSR_nzcv, fpscr
341884d4:	f100 82e7 	bmi.w	34188aa6 <_dtoa_r+0xc4e>
341884d8:	ee31 4b47 	vsub.f64	d4, d1, d7
341884dc:	eeb4 4bc5 	vcmpe.f64	d4, d5
341884e0:	eef1 fa10 	vmrs	APSR_nzcv, fpscr
341884e4:	d5df      	bpl.n	341884a6 <_dtoa_r+0x64e>
341884e6:	e002      	b.n	341884ee <_dtoa_r+0x696>
341884e8:	4553      	cmp	r3, sl
341884ea:	f000 82d6 	beq.w	34188a9a <_dtoa_r+0xc42>
341884ee:	469b      	mov	fp, r3
341884f0:	f813 2d01 	ldrb.w	r2, [r3, #-1]!
341884f4:	2a39      	cmp	r2, #57	@ 0x39
341884f6:	d0f7      	beq.n	341884e8 <_dtoa_r+0x690>
341884f8:	3201      	adds	r2, #1
341884fa:	701a      	strb	r2, [r3, #0]
341884fc:	f10c 0301 	add.w	r3, ip, #1
34188500:	9302      	str	r3, [sp, #8]
34188502:	e678      	b.n	341881f6 <_dtoa_r+0x39e>
34188504:	ee07 1a90 	vmov	s15, r1
34188508:	eeb1 4b0c 	vmov.f64	d4, #28	@ 0x40e00000  7.0
3418850c:	eeb8 7be7 	vcvt.f64.s32	d7, s15
34188510:	eea7 4b05 	vfma.f64	d4, d7, d5
34188514:	ee14 1a90 	vmov	r1, s9
34188518:	ec53 2b14 	vmov	r2, r3, d4
3418851c:	f1a1 7350 	sub.w	r3, r1, #54525952	@ 0x3400000
34188520:	eeb1 7b04 	vmov.f64	d7, #20	@ 0x40a00000  5.0
34188524:	ec43 2b14 	vmov	d4, r2, r3
34188528:	ee35 7b47 	vsub.f64	d7, d5, d7
3418852c:	eeb4 7bc4 	vcmpe.f64	d7, d4
34188530:	eef1 fa10 	vmrs	APSR_nzcv, fpscr
34188534:	f300 825e 	bgt.w	341889f4 <_dtoa_r+0xb9c>
34188538:	eeb1 4b44 	vneg.f64	d4, d4
3418853c:	eeb4 7bc4 	vcmpe.f64	d7, d4
34188540:	eef1 fa10 	vmrs	APSR_nzcv, fpscr
34188544:	f100 80ca 	bmi.w	341886dc <_dtoa_r+0x884>
34188548:	9b11      	ldr	r3, [sp, #68]	@ 0x44
3418854a:	2b00      	cmp	r3, #0
3418854c:	db03      	blt.n	34188556 <_dtoa_r+0x6fe>
3418854e:	9a00      	ldr	r2, [sp, #0]
34188550:	2a0e      	cmp	r2, #14
34188552:	f340 8328 	ble.w	34188ba6 <_dtoa_r+0xd4e>
34188556:	9a0f      	ldr	r2, [sp, #60]	@ 0x3c
34188558:	2a00      	cmp	r2, #0
3418855a:	f040 8090 	bne.w	3418867e <_dtoa_r+0x826>
3418855e:	9b07      	ldr	r3, [sp, #28]
34188560:	2b00      	cmp	r3, #0
34188562:	f000 813e 	beq.w	341887e2 <_dtoa_r+0x98a>
34188566:	f1b8 0f00 	cmp.w	r8, #0
3418856a:	f000 813a 	beq.w	341887e2 <_dtoa_r+0x98a>
3418856e:	9a07      	ldr	r2, [sp, #28]
34188570:	9e08      	ldr	r6, [sp, #32]
34188572:	4542      	cmp	r2, r8
34188574:	4613      	mov	r3, r2
34188576:	bfa8      	it	ge
34188578:	4643      	movge	r3, r8
3418857a:	1ad2      	subs	r2, r2, r3
3418857c:	eba8 0803 	sub.w	r8, r8, r3
34188580:	9207      	str	r2, [sp, #28]
34188582:	2e00      	cmp	r6, #0
34188584:	f040 812f 	bne.w	341887e6 <_dtoa_r+0x98e>
34188588:	920b      	str	r2, [sp, #44]	@ 0x2c
3418858a:	e5cb      	b.n	34188124 <_dtoa_r+0x2cc>
3418858c:	231c      	movs	r3, #28
3418858e:	e5e1      	b.n	34188154 <_dtoa_r+0x2fc>
34188590:	f000 8207 	beq.w	341889a2 <_dtoa_r+0xb4a>
34188594:	9b00      	ldr	r3, [sp, #0]
34188596:	4914      	ldr	r1, [pc, #80]	@ (341885e8 <_dtoa_r+0x790>)
34188598:	425b      	negs	r3, r3
3418859a:	f003 020f 	and.w	r2, r3, #15
3418859e:	111b      	asrs	r3, r3, #4
341885a0:	eb01 02c2 	add.w	r2, r1, r2, lsl #3
341885a4:	ed92 5b00 	vldr	d5, [r2]
341885a8:	ee26 5b05 	vmul.f64	d5, d6, d5
341885ac:	f000 8340 	beq.w	34188c30 <_dtoa_r+0xdd8>
341885b0:	4a0e      	ldr	r2, [pc, #56]	@ (341885ec <_dtoa_r+0x794>)
341885b2:	2102      	movs	r1, #2
341885b4:	e001      	b.n	341885ba <_dtoa_r+0x762>
341885b6:	105b      	asrs	r3, r3, #1
341885b8:	3208      	adds	r2, #8
341885ba:	07de      	lsls	r6, r3, #31
341885bc:	d403      	bmi.n	341885c6 <_dtoa_r+0x76e>
341885be:	105b      	asrs	r3, r3, #1
341885c0:	3208      	adds	r2, #8
341885c2:	07d8      	lsls	r0, r3, #31
341885c4:	d5f7      	bpl.n	341885b6 <_dtoa_r+0x75e>
341885c6:	105b      	asrs	r3, r3, #1
341885c8:	f101 0101 	add.w	r1, r1, #1
341885cc:	ed92 7b00 	vldr	d7, [r2]
341885d0:	ee25 5b07 	vmul.f64	d5, d5, d7
341885d4:	f43f af1f 	beq.w	34188416 <_dtoa_r+0x5be>
341885d8:	3208      	adds	r2, #8
341885da:	e7f2      	b.n	341885c2 <_dtoa_r+0x76a>
341885dc:	9b04      	ldr	r3, [sp, #16]
341885de:	46d3      	mov	fp, sl
341885e0:	ea6f 0803 	mvn.w	r8, r3
341885e4:	e5fb      	b.n	341881de <_dtoa_r+0x386>
341885e6:	bf00      	nop
341885e8:	3418b010 	.word	0x3418b010
341885ec:	3418afe8 	.word	0x3418afe8
341885f0:	2301      	movs	r3, #1
341885f2:	2100      	movs	r1, #0
341885f4:	4699      	mov	r9, r3
341885f6:	63e1      	str	r1, [r4, #60]	@ 0x3c
341885f8:	930e      	str	r3, [sp, #56]	@ 0x38
341885fa:	9304      	str	r3, [sp, #16]
341885fc:	e65f      	b.n	341882be <_dtoa_r+0x466>
341885fe:	4601      	mov	r1, r0
34188600:	461a      	mov	r2, r3
34188602:	4620      	mov	r0, r4
34188604:	f000 fd24 	bl	34189050 <__pow5mult>
34188608:	f1bb 0f01 	cmp.w	fp, #1
3418860c:	4607      	mov	r7, r0
3418860e:	f340 821a 	ble.w	34188a46 <_dtoa_r+0xbee>
34188612:	2300      	movs	r3, #0
34188614:	9309      	str	r3, [sp, #36]	@ 0x24
34188616:	693b      	ldr	r3, [r7, #16]
34188618:	eb07 0383 	add.w	r3, r7, r3, lsl #2
3418861c:	6918      	ldr	r0, [r3, #16]
3418861e:	f000 fbbb 	bl	34188d98 <__hi0bits>
34188622:	f1c0 0320 	rsb	r3, r0, #32
34188626:	e58b      	b.n	34188140 <_dtoa_r+0x2e8>
34188628:	4639      	mov	r1, r7
3418862a:	4628      	mov	r0, r5
3418862c:	f000 fdde 	bl	341891ec <__mcmp>
34188630:	2800      	cmp	r0, #0
34188632:	f6bf adb3 	bge.w	3418819c <_dtoa_r+0x344>
34188636:	4629      	mov	r1, r5
34188638:	9d00      	ldr	r5, [sp, #0]
3418863a:	2300      	movs	r3, #0
3418863c:	220a      	movs	r2, #10
3418863e:	3d01      	subs	r5, #1
34188640:	4620      	mov	r0, r4
34188642:	9507      	str	r5, [sp, #28]
34188644:	f000 fb54 	bl	34188cf0 <__multadd>
34188648:	9b0e      	ldr	r3, [sp, #56]	@ 0x38
3418864a:	4605      	mov	r5, r0
3418864c:	2b00      	cmp	r3, #0
3418864e:	bfcc      	ite	gt
34188650:	f04f 0800 	movgt.w	r8, #0
34188654:	f008 0801 	andle.w	r8, r8, #1
34188658:	9b08      	ldr	r3, [sp, #32]
3418865a:	2b00      	cmp	r3, #0
3418865c:	f040 80ce 	bne.w	341887fc <_dtoa_r+0x9a4>
34188660:	f1b8 0f00 	cmp.w	r8, #0
34188664:	f040 82d7 	bne.w	34188c16 <_dtoa_r+0xdbe>
34188668:	9b00      	ldr	r3, [sp, #0]
3418866a:	f8dd 9038 	ldr.w	r9, [sp, #56]	@ 0x38
3418866e:	9302      	str	r3, [sp, #8]
34188670:	9b07      	ldr	r3, [sp, #28]
34188672:	9300      	str	r3, [sp, #0]
34188674:	e67b      	b.n	3418836e <_dtoa_r+0x516>
34188676:	eeb0 4b46 	vmov.f64	d4, d6
3418867a:	2102      	movs	r1, #2
3418867c:	e64a      	b.n	34188314 <_dtoa_r+0x4bc>
3418867e:	f1bb 0f01 	cmp.w	fp, #1
34188682:	f77f ad0d 	ble.w	341880a0 <_dtoa_r+0x248>
34188686:	f109 37ff 	add.w	r7, r9, #4294967295	@ 0xffffffff
3418868a:	9b08      	ldr	r3, [sp, #32]
3418868c:	42bb      	cmp	r3, r7
3418868e:	f2c0 81be 	blt.w	34188a0e <_dtoa_r+0xbb6>
34188692:	f1b9 0f00 	cmp.w	r9, #0
34188696:	eba3 0707 	sub.w	r7, r3, r7
3418869a:	f280 82c2 	bge.w	34188c22 <_dtoa_r+0xdca>
3418869e:	9b07      	ldr	r3, [sp, #28]
341886a0:	eba3 0309 	sub.w	r3, r3, r9
341886a4:	930b      	str	r3, [sp, #44]	@ 0x2c
341886a6:	e508      	b.n	341880ba <_dtoa_r+0x262>
341886a8:	9b02      	ldr	r3, [sp, #8]
341886aa:	2b00      	cmp	r3, #0
341886ac:	f47f ad47 	bne.w	3418813e <_dtoa_r+0x2e6>
341886b0:	9b03      	ldr	r3, [sp, #12]
341886b2:	f3c3 0313 	ubfx	r3, r3, #0, #20
341886b6:	2b00      	cmp	r3, #0
341886b8:	f47f ad41 	bne.w	3418813e <_dtoa_r+0x2e6>
341886bc:	9b03      	ldr	r3, [sp, #12]
341886be:	f023 4300 	bic.w	r3, r3, #2147483648	@ 0x80000000
341886c2:	0d1b      	lsrs	r3, r3, #20
341886c4:	051b      	lsls	r3, r3, #20
341886c6:	2b00      	cmp	r3, #0
341886c8:	f43f ad39 	beq.w	3418813e <_dtoa_r+0x2e6>
341886cc:	9b07      	ldr	r3, [sp, #28]
341886ce:	f108 0801 	add.w	r8, r8, #1
341886d2:	3301      	adds	r3, #1
341886d4:	9307      	str	r3, [sp, #28]
341886d6:	2301      	movs	r3, #1
341886d8:	9309      	str	r3, [sp, #36]	@ 0x24
341886da:	e531      	b.n	34188140 <_dtoa_r+0x2e8>
341886dc:	2100      	movs	r1, #0
341886de:	4620      	mov	r0, r4
341886e0:	46d3      	mov	fp, sl
341886e2:	f000 fafb 	bl	34188cdc <_Bfree>
341886e6:	9b04      	ldr	r3, [sp, #16]
341886e8:	425b      	negs	r3, r3
341886ea:	9302      	str	r3, [sp, #8]
341886ec:	e583      	b.n	341881f6 <_dtoa_r+0x39e>
341886ee:	2e01      	cmp	r6, #1
341886f0:	ee24 2b03 	vmul.f64	d2, d4, d3
341886f4:	f000 828d 	beq.w	34188c12 <_dtoa_r+0xdba>
341886f8:	eeb2 3b04 	vmov.f64	d3, #36	@ 0x41200000  10.0
341886fc:	eb0a 0706 	add.w	r7, sl, r6
34188700:	4618      	mov	r0, r3
34188702:	ee27 7b03 	vmul.f64	d7, d7, d3
34188706:	eefd 5bc7 	vcvt.s32.f64	s11, d7
3418870a:	ee15 2a90 	vmov	r2, s11
3418870e:	eeb8 4be5 	vcvt.f64.s32	d4, s11
34188712:	3230      	adds	r2, #48	@ 0x30
34188714:	ee37 7b44 	vsub.f64	d7, d7, d4
34188718:	f800 2b01 	strb.w	r2, [r0], #1
3418871c:	4287      	cmp	r7, r0
3418871e:	d1f0      	bne.n	34188702 <_dtoa_r+0x8aa>
34188720:	1e5a      	subs	r2, r3, #1
34188722:	4432      	add	r2, r6
34188724:	eeb6 5b00 	vmov.f64	d5, #96	@ 0x3f000000  0.5
34188728:	ee32 4b05 	vadd.f64	d4, d2, d5
3418872c:	eeb4 4bc7 	vcmpe.f64	d4, d7
34188730:	eef1 fa10 	vmrs	APSR_nzcv, fpscr
34188734:	f100 81bd 	bmi.w	34188ab2 <_dtoa_r+0xc5a>
34188738:	ee35 5b42 	vsub.f64	d5, d5, d2
3418873c:	eeb4 5bc7 	vcmpe.f64	d5, d7
34188740:	eef1 fa10 	vmrs	APSR_nzcv, fpscr
34188744:	dc40      	bgt.n	341887c8 <_dtoa_r+0x970>
34188746:	9a11      	ldr	r2, [sp, #68]	@ 0x44
34188748:	2a00      	cmp	r2, #0
3418874a:	f6ff af08 	blt.w	3418855e <_dtoa_r+0x706>
3418874e:	9a00      	ldr	r2, [sp, #0]
34188750:	2a0e      	cmp	r2, #14
34188752:	f73f af04 	bgt.w	3418855e <_dtoa_r+0x706>
34188756:	9a00      	ldr	r2, [sp, #0]
34188758:	eb01 01c2 	add.w	r1, r1, r2, lsl #3
3418875c:	ed91 5b00 	vldr	d5, [r1]
34188760:	ee86 7b05 	vdiv.f64	d7, d6, d5
34188764:	f1b9 0f01 	cmp.w	r9, #1
34188768:	eebd 7bc7 	vcvt.s32.f64	s14, d7
3418876c:	ee17 2a10 	vmov	r2, s14
34188770:	eeb8 4bc7 	vcvt.f64.s32	d4, s14
34188774:	f102 0230 	add.w	r2, r2, #48	@ 0x30
34188778:	eea4 6b45 	vfms.f64	d6, d4, d5
3418877c:	f88a 2000 	strb.w	r2, [sl]
34188780:	f000 81e5 	beq.w	34188b4e <_dtoa_r+0xcf6>
34188784:	f1c3 0101 	rsb	r1, r3, #1
34188788:	eeb2 3b04 	vmov.f64	d3, #36	@ 0x41200000  10.0
3418878c:	e010      	b.n	341887b0 <_dtoa_r+0x958>
3418878e:	ee86 7b05 	vdiv.f64	d7, d6, d5
34188792:	eebd 7bc7 	vcvt.s32.f64	s14, d7
34188796:	ee17 2a10 	vmov	r2, s14
3418879a:	eeb8 4bc7 	vcvt.f64.s32	d4, s14
3418879e:	3230      	adds	r2, #48	@ 0x30
341887a0:	eea4 6b45 	vfms.f64	d6, d4, d5
341887a4:	f803 2b01 	strb.w	r2, [r3], #1
341887a8:	185a      	adds	r2, r3, r1
341887aa:	454a      	cmp	r2, r9
341887ac:	f000 81cf 	beq.w	34188b4e <_dtoa_r+0xcf6>
341887b0:	ee26 6b03 	vmul.f64	d6, d6, d3
341887b4:	eeb5 6b40 	vcmp.f64	d6, #0.0
341887b8:	eef1 fa10 	vmrs	APSR_nzcv, fpscr
341887bc:	d1e7      	bne.n	3418878e <_dtoa_r+0x936>
341887be:	9a00      	ldr	r2, [sp, #0]
341887c0:	469b      	mov	fp, r3
341887c2:	3201      	adds	r2, #1
341887c4:	9202      	str	r2, [sp, #8]
341887c6:	e516      	b.n	341881f6 <_dtoa_r+0x39e>
341887c8:	f812 3c01 	ldrb.w	r3, [r2, #-1]
341887cc:	4693      	mov	fp, r2
341887ce:	3a01      	subs	r2, #1
341887d0:	2b30      	cmp	r3, #48	@ 0x30
341887d2:	d0f9      	beq.n	341887c8 <_dtoa_r+0x970>
341887d4:	e692      	b.n	341884fc <_dtoa_r+0x6a4>
341887d6:	2b1c      	cmp	r3, #28
341887d8:	f43f acc3 	beq.w	34188162 <_dtoa_r+0x30a>
341887dc:	f1c3 033c 	rsb	r3, r3, #60	@ 0x3c
341887e0:	e4b8      	b.n	34188154 <_dtoa_r+0x2fc>
341887e2:	9e08      	ldr	r6, [sp, #32]
341887e4:	b13e      	cbz	r6, 341887f6 <_dtoa_r+0x99e>
341887e6:	4629      	mov	r1, r5
341887e8:	9a08      	ldr	r2, [sp, #32]
341887ea:	4620      	mov	r0, r4
341887ec:	2600      	movs	r6, #0
341887ee:	f000 fc2f 	bl	34189050 <__pow5mult>
341887f2:	4605      	mov	r5, r0
341887f4:	9608      	str	r6, [sp, #32]
341887f6:	9b07      	ldr	r3, [sp, #28]
341887f8:	930b      	str	r3, [sp, #44]	@ 0x2c
341887fa:	e493      	b.n	34188124 <_dtoa_r+0x2cc>
341887fc:	4631      	mov	r1, r6
341887fe:	2300      	movs	r3, #0
34188800:	220a      	movs	r2, #10
34188802:	4620      	mov	r0, r4
34188804:	f000 fa74 	bl	34188cf0 <__multadd>
34188808:	9b07      	ldr	r3, [sp, #28]
3418880a:	4606      	mov	r6, r0
3418880c:	f8dd 9038 	ldr.w	r9, [sp, #56]	@ 0x38
34188810:	9300      	str	r3, [sp, #0]
34188812:	f1b8 0f00 	cmp.w	r8, #0
34188816:	f47f acc9 	bne.w	341881ac <_dtoa_r+0x354>
3418881a:	9b0b      	ldr	r3, [sp, #44]	@ 0x2c
3418881c:	2b00      	cmp	r3, #0
3418881e:	dd05      	ble.n	3418882c <_dtoa_r+0x9d4>
34188820:	4631      	mov	r1, r6
34188822:	461a      	mov	r2, r3
34188824:	4620      	mov	r0, r4
34188826:	f000 fc6f 	bl	34189108 <__lshift>
3418882a:	4606      	mov	r6, r0
3418882c:	9b09      	ldr	r3, [sp, #36]	@ 0x24
3418882e:	2b00      	cmp	r3, #0
34188830:	f040 8141 	bne.w	34188ab6 <_dtoa_r+0xc5e>
34188834:	9607      	str	r6, [sp, #28]
34188836:	f10a 33ff 	add.w	r3, sl, #4294967295	@ 0xffffffff
3418883a:	f8cd a038 	str.w	sl, [sp, #56]	@ 0x38
3418883e:	f8cd b020 	str.w	fp, [sp, #32]
34188842:	444b      	add	r3, r9
34188844:	46d1      	mov	r9, sl
34188846:	46ba      	mov	sl, r7
34188848:	9f07      	ldr	r7, [sp, #28]
3418884a:	9309      	str	r3, [sp, #36]	@ 0x24
3418884c:	9b02      	ldr	r3, [sp, #8]
3418884e:	f003 0301 	and.w	r3, r3, #1
34188852:	930b      	str	r3, [sp, #44]	@ 0x2c
34188854:	4651      	mov	r1, sl
34188856:	4628      	mov	r0, r5
34188858:	f7ff fa60 	bl	34187d1c <quorem>
3418885c:	4631      	mov	r1, r6
3418885e:	900a      	str	r0, [sp, #40]	@ 0x28
34188860:	f100 0b30 	add.w	fp, r0, #48	@ 0x30
34188864:	4628      	mov	r0, r5
34188866:	f000 fcc1 	bl	341891ec <__mcmp>
3418886a:	4651      	mov	r1, sl
3418886c:	4680      	mov	r8, r0
3418886e:	463a      	mov	r2, r7
34188870:	4620      	mov	r0, r4
34188872:	f000 fcdb 	bl	3418922c <__mdiff>
34188876:	68c3      	ldr	r3, [r0, #12]
34188878:	4601      	mov	r1, r0
3418887a:	2b00      	cmp	r3, #0
3418887c:	d136      	bne.n	341888ec <_dtoa_r+0xa94>
3418887e:	9007      	str	r0, [sp, #28]
34188880:	4628      	mov	r0, r5
34188882:	f000 fcb3 	bl	341891ec <__mcmp>
34188886:	9907      	ldr	r1, [sp, #28]
34188888:	9004      	str	r0, [sp, #16]
3418888a:	4620      	mov	r0, r4
3418888c:	f000 fa26 	bl	34188cdc <_Bfree>
34188890:	9a08      	ldr	r2, [sp, #32]
34188892:	9b04      	ldr	r3, [sp, #16]
34188894:	431a      	orrs	r2, r3
34188896:	d161      	bne.n	3418895c <_dtoa_r+0xb04>
34188898:	9b0b      	ldr	r3, [sp, #44]	@ 0x2c
3418889a:	2b00      	cmp	r3, #0
3418889c:	f000 81ad 	beq.w	34188bfa <_dtoa_r+0xda2>
341888a0:	f1b8 0f00 	cmp.w	r8, #0
341888a4:	f2c0 81a3 	blt.w	34188bee <_dtoa_r+0xd96>
341888a8:	9b09      	ldr	r3, [sp, #36]	@ 0x24
341888aa:	46c8      	mov	r8, r9
341888ac:	454b      	cmp	r3, r9
341888ae:	f808 bb01 	strb.w	fp, [r8], #1
341888b2:	f000 816c 	beq.w	34188b8e <_dtoa_r+0xd36>
341888b6:	4629      	mov	r1, r5
341888b8:	2300      	movs	r3, #0
341888ba:	220a      	movs	r2, #10
341888bc:	4620      	mov	r0, r4
341888be:	f000 fa17 	bl	34188cf0 <__multadd>
341888c2:	42be      	cmp	r6, r7
341888c4:	4605      	mov	r5, r0
341888c6:	4631      	mov	r1, r6
341888c8:	f04f 0300 	mov.w	r3, #0
341888cc:	f04f 020a 	mov.w	r2, #10
341888d0:	4620      	mov	r0, r4
341888d2:	d03d      	beq.n	34188950 <_dtoa_r+0xaf8>
341888d4:	f000 fa0c 	bl	34188cf0 <__multadd>
341888d8:	4639      	mov	r1, r7
341888da:	4606      	mov	r6, r0
341888dc:	2300      	movs	r3, #0
341888de:	220a      	movs	r2, #10
341888e0:	4620      	mov	r0, r4
341888e2:	f000 fa05 	bl	34188cf0 <__multadd>
341888e6:	46c1      	mov	r9, r8
341888e8:	4607      	mov	r7, r0
341888ea:	e7b3      	b.n	34188854 <_dtoa_r+0x9fc>
341888ec:	4620      	mov	r0, r4
341888ee:	f8cd b010 	str.w	fp, [sp, #16]
341888f2:	9707      	str	r7, [sp, #28]
341888f4:	4657      	mov	r7, sl
341888f6:	f8dd b020 	ldr.w	fp, [sp, #32]
341888fa:	f8dd a038 	ldr.w	sl, [sp, #56]	@ 0x38
341888fe:	f000 f9ed 	bl	34188cdc <_Bfree>
34188902:	f1b8 0f00 	cmp.w	r8, #0
34188906:	9b04      	ldr	r3, [sp, #16]
34188908:	db06      	blt.n	34188918 <_dtoa_r+0xac0>
3418890a:	9a02      	ldr	r2, [sp, #8]
3418890c:	f002 0101 	and.w	r1, r2, #1
34188910:	ea48 020b 	orr.w	r2, r8, fp
34188914:	4311      	orrs	r1, r2
34188916:	d134      	bne.n	34188982 <_dtoa_r+0xb2a>
34188918:	4629      	mov	r1, r5
3418891a:	2201      	movs	r2, #1
3418891c:	4620      	mov	r0, r4
3418891e:	9302      	str	r3, [sp, #8]
34188920:	f000 fbf2 	bl	34189108 <__lshift>
34188924:	4639      	mov	r1, r7
34188926:	4605      	mov	r5, r0
34188928:	f000 fc60 	bl	341891ec <__mcmp>
3418892c:	2800      	cmp	r0, #0
3418892e:	9b02      	ldr	r3, [sp, #8]
34188930:	f340 8181 	ble.w	34188c36 <_dtoa_r+0xdde>
34188934:	2b39      	cmp	r3, #57	@ 0x39
34188936:	f000 8138 	beq.w	34188baa <_dtoa_r+0xd52>
3418893a:	9b0a      	ldr	r3, [sp, #40]	@ 0x28
3418893c:	3331      	adds	r3, #49	@ 0x31
3418893e:	46cb      	mov	fp, r9
34188940:	f80b 3b01 	strb.w	r3, [fp], #1
34188944:	9b00      	ldr	r3, [sp, #0]
34188946:	9604      	str	r6, [sp, #16]
34188948:	3301      	adds	r3, #1
3418894a:	9e07      	ldr	r6, [sp, #28]
3418894c:	9302      	str	r3, [sp, #8]
3418894e:	e54b      	b.n	341883e8 <_dtoa_r+0x590>
34188950:	f000 f9ce 	bl	34188cf0 <__multadd>
34188954:	46c1      	mov	r9, r8
34188956:	4606      	mov	r6, r0
34188958:	4607      	mov	r7, r0
3418895a:	e77b      	b.n	34188854 <_dtoa_r+0x9fc>
3418895c:	f1b8 0f00 	cmp.w	r8, #0
34188960:	f2c0 812c 	blt.w	34188bbc <_dtoa_r+0xd64>
34188964:	9a08      	ldr	r2, [sp, #32]
34188966:	ea48 0802 	orr.w	r8, r8, r2
3418896a:	9a0b      	ldr	r2, [sp, #44]	@ 0x2c
3418896c:	ea52 0808 	orrs.w	r8, r2, r8
34188970:	f000 8124 	beq.w	34188bbc <_dtoa_r+0xd64>
34188974:	2b00      	cmp	r3, #0
34188976:	dd97      	ble.n	341888a8 <_dtoa_r+0xa50>
34188978:	9707      	str	r7, [sp, #28]
3418897a:	465b      	mov	r3, fp
3418897c:	4657      	mov	r7, sl
3418897e:	f8dd a038 	ldr.w	sl, [sp, #56]	@ 0x38
34188982:	2b39      	cmp	r3, #57	@ 0x39
34188984:	f000 8111 	beq.w	34188baa <_dtoa_r+0xd52>
34188988:	46cb      	mov	fp, r9
3418898a:	3301      	adds	r3, #1
3418898c:	e7d8      	b.n	34188940 <_dtoa_r+0xae8>
3418898e:	f1c3 0301 	rsb	r3, r3, #1
34188992:	9307      	str	r3, [sp, #28]
34188994:	9b00      	ldr	r3, [sp, #0]
34188996:	4698      	mov	r8, r3
34188998:	9309      	str	r3, [sp, #36]	@ 0x24
3418899a:	2300      	movs	r3, #0
3418899c:	930a      	str	r3, [sp, #40]	@ 0x28
3418899e:	f7ff baf9 	b.w	34187f94 <_dtoa_r+0x13c>
341889a2:	eeb0 5b46 	vmov.f64	d5, d6
341889a6:	2102      	movs	r1, #2
341889a8:	e535      	b.n	34188416 <_dtoa_r+0x5be>
341889aa:	f1b9 0f00 	cmp.w	r9, #0
341889ae:	f43f ada9 	beq.w	34188504 <_dtoa_r+0x6ac>
341889b2:	9e0e      	ldr	r6, [sp, #56]	@ 0x38
341889b4:	2e00      	cmp	r6, #0
341889b6:	f77f adc7 	ble.w	34188548 <_dtoa_r+0x6f0>
341889ba:	eeb2 3b04 	vmov.f64	d3, #36	@ 0x41200000  10.0
341889be:	3101      	adds	r1, #1
341889c0:	eeb1 4b0c 	vmov.f64	d4, #28	@ 0x40e00000  7.0
341889c4:	9b00      	ldr	r3, [sp, #0]
341889c6:	ee07 1a90 	vmov	s15, r1
341889ca:	ee25 5b03 	vmul.f64	d5, d5, d3
341889ce:	f103 3cff 	add.w	ip, r3, #4294967295	@ 0xffffffff
341889d2:	eeb8 7be7 	vcvt.f64.s32	d7, s15
341889d6:	eea5 4b07 	vfma.f64	d4, d5, d7
341889da:	ee14 1a90 	vmov	r1, s9
341889de:	ec53 2b14 	vmov	r2, r3, d4
341889e2:	f1a1 7350 	sub.w	r3, r1, #54525952	@ 0x3400000
341889e6:	e534      	b.n	34188452 <_dtoa_r+0x5fa>
341889e8:	9b08      	ldr	r3, [sp, #32]
341889ea:	2b00      	cmp	r3, #0
341889ec:	f43f ab98 	beq.w	34188120 <_dtoa_r+0x2c8>
341889f0:	f7ff bb7e 	b.w	341880f0 <_dtoa_r+0x298>
341889f4:	46d3      	mov	fp, sl
341889f6:	2331      	movs	r3, #49	@ 0x31
341889f8:	2100      	movs	r1, #0
341889fa:	f80b 3b01 	strb.w	r3, [fp], #1
341889fe:	4620      	mov	r0, r4
34188a00:	f000 f96c 	bl	34188cdc <_Bfree>
34188a04:	9b00      	ldr	r3, [sp, #0]
34188a06:	3302      	adds	r3, #2
34188a08:	9302      	str	r3, [sp, #8]
34188a0a:	f7ff bbf4 	b.w	341881f6 <_dtoa_r+0x39e>
34188a0e:	9b08      	ldr	r3, [sp, #32]
34188a10:	2101      	movs	r1, #1
34188a12:	9a09      	ldr	r2, [sp, #36]	@ 0x24
34188a14:	4620      	mov	r0, r4
34188a16:	1afb      	subs	r3, r7, r3
34188a18:	44c8      	add	r8, r9
34188a1a:	441a      	add	r2, r3
34188a1c:	9209      	str	r2, [sp, #36]	@ 0x24
34188a1e:	f000 fa25 	bl	34188e6c <__i2b>
34188a22:	9b07      	ldr	r3, [sp, #28]
34188a24:	4606      	mov	r6, r0
34188a26:	2b00      	cmp	r3, #0
34188a28:	f040 8083 	bne.w	34188b32 <_dtoa_r+0xcda>
34188a2c:	930b      	str	r3, [sp, #44]	@ 0x2c
34188a2e:	f8cd 901c 	str.w	r9, [sp, #28]
34188a32:	4629      	mov	r1, r5
34188a34:	463a      	mov	r2, r7
34188a36:	4620      	mov	r0, r4
34188a38:	f000 fb0a 	bl	34189050 <__pow5mult>
34188a3c:	2301      	movs	r3, #1
34188a3e:	4605      	mov	r5, r0
34188a40:	9308      	str	r3, [sp, #32]
34188a42:	f7ff bb6f 	b.w	34188124 <_dtoa_r+0x2cc>
34188a46:	9b02      	ldr	r3, [sp, #8]
34188a48:	2b00      	cmp	r3, #0
34188a4a:	f47f ade2 	bne.w	34188612 <_dtoa_r+0x7ba>
34188a4e:	e9dd 1202 	ldrd	r1, r2, [sp, #8]
34188a52:	f3c2 0313 	ubfx	r3, r2, #0, #20
34188a56:	2b00      	cmp	r3, #0
34188a58:	f000 80b9 	beq.w	34188bce <_dtoa_r+0xd76>
34188a5c:	9109      	str	r1, [sp, #36]	@ 0x24
34188a5e:	e5da      	b.n	34188616 <_dtoa_r+0x7be>
34188a60:	4b7d      	ldr	r3, [pc, #500]	@ (34188c58 <_dtoa_r+0xe00>)
34188a62:	f04f 39ff 	mov.w	r9, #4294967295	@ 0xffffffff
34188a66:	9a00      	ldr	r2, [sp, #0]
34188a68:	eb03 03c2 	add.w	r3, r3, r2, lsl #3
34188a6c:	ed93 5b00 	vldr	d5, [r3]
34188a70:	f10a 0301 	add.w	r3, sl, #1
34188a74:	e674      	b.n	34188760 <_dtoa_r+0x908>
34188a76:	d103      	bne.n	34188a80 <_dtoa_r+0xc28>
34188a78:	9b07      	ldr	r3, [sp, #28]
34188a7a:	07db      	lsls	r3, r3, #31
34188a7c:	f53f acaa 	bmi.w	341883d4 <_dtoa_r+0x57c>
34188a80:	46cb      	mov	fp, r9
34188a82:	f819 3d01 	ldrb.w	r3, [r9, #-1]!
34188a86:	2b30      	cmp	r3, #48	@ 0x30
34188a88:	d0fa      	beq.n	34188a80 <_dtoa_r+0xc28>
34188a8a:	e4ad      	b.n	341883e8 <_dtoa_r+0x590>
34188a8c:	9b00      	ldr	r3, [sp, #0]
34188a8e:	3302      	adds	r3, #2
34188a90:	9302      	str	r3, [sp, #8]
34188a92:	2331      	movs	r3, #49	@ 0x31
34188a94:	f88a 3000 	strb.w	r3, [sl]
34188a98:	e4a6      	b.n	341883e8 <_dtoa_r+0x590>
34188a9a:	f10c 0c01 	add.w	ip, ip, #1
34188a9e:	2231      	movs	r2, #49	@ 0x31
34188aa0:	e52b      	b.n	341884fa <_dtoa_r+0x6a2>
34188aa2:	9f08      	ldr	r7, [sp, #32]
34188aa4:	e7c5      	b.n	34188a32 <_dtoa_r+0xbda>
34188aa6:	f10c 0201 	add.w	r2, ip, #1
34188aaa:	469b      	mov	fp, r3
34188aac:	9202      	str	r2, [sp, #8]
34188aae:	f7ff bba2 	b.w	341881f6 <_dtoa_r+0x39e>
34188ab2:	4613      	mov	r3, r2
34188ab4:	e51b      	b.n	341884ee <_dtoa_r+0x696>
34188ab6:	6871      	ldr	r1, [r6, #4]
34188ab8:	4620      	mov	r0, r4
34188aba:	f000 f8e9 	bl	34188c90 <_Balloc>
34188abe:	4680      	mov	r8, r0
34188ac0:	2800      	cmp	r0, #0
34188ac2:	f000 80c2 	beq.w	34188c4a <_dtoa_r+0xdf2>
34188ac6:	6933      	ldr	r3, [r6, #16]
34188ac8:	f106 010c 	add.w	r1, r6, #12
34188acc:	300c      	adds	r0, #12
34188ace:	3302      	adds	r3, #2
34188ad0:	009a      	lsls	r2, r3, #2
34188ad2:	f7fb fca9 	bl	34184428 <memcpy>
34188ad6:	4641      	mov	r1, r8
34188ad8:	2201      	movs	r2, #1
34188ada:	4620      	mov	r0, r4
34188adc:	f000 fb14 	bl	34189108 <__lshift>
34188ae0:	9007      	str	r0, [sp, #28]
34188ae2:	e6a8      	b.n	34188836 <_dtoa_r+0x9de>
34188ae4:	9a00      	ldr	r2, [sp, #0]
34188ae6:	9b11      	ldr	r3, [sp, #68]	@ 0x44
34188ae8:	2a0e      	cmp	r2, #14
34188aea:	f73f adc8 	bgt.w	3418867e <_dtoa_r+0x826>
34188aee:	2b00      	cmp	r3, #0
34188af0:	f6ff adc5 	blt.w	3418867e <_dtoa_r+0x826>
34188af4:	9b00      	ldr	r3, [sp, #0]
34188af6:	eb01 01c3 	add.w	r1, r1, r3, lsl #3
34188afa:	9b04      	ldr	r3, [sp, #16]
34188afc:	2b00      	cmp	r3, #0
34188afe:	ed91 5b00 	vldr	d5, [r1]
34188b02:	dab5      	bge.n	34188a70 <_dtoa_r+0xc18>
34188b04:	f1b9 0f00 	cmp.w	r9, #0
34188b08:	dcb2      	bgt.n	34188a70 <_dtoa_r+0xc18>
34188b0a:	f1b9 0f00 	cmp.w	r9, #0
34188b0e:	f47f ade5 	bne.w	341886dc <_dtoa_r+0x884>
34188b12:	eeb1 7b04 	vmov.f64	d7, #20	@ 0x40a00000  5.0
34188b16:	4649      	mov	r1, r9
34188b18:	ee25 7b07 	vmul.f64	d7, d5, d7
34188b1c:	eeb4 6bc7 	vcmpe.f64	d6, d7
34188b20:	eef1 fa10 	vmrs	APSR_nzcv, fpscr
34188b24:	f67f addb 	bls.w	341886de <_dtoa_r+0x886>
34188b28:	46d3      	mov	fp, sl
34188b2a:	2331      	movs	r3, #49	@ 0x31
34188b2c:	f80b 3b01 	strb.w	r3, [fp], #1
34188b30:	e765      	b.n	341889fe <_dtoa_r+0xba6>
34188b32:	9907      	ldr	r1, [sp, #28]
34188b34:	4541      	cmp	r1, r8
34188b36:	460b      	mov	r3, r1
34188b38:	eb01 0209 	add.w	r2, r1, r9
34188b3c:	bfa8      	it	ge
34188b3e:	4643      	movge	r3, r8
34188b40:	1ac9      	subs	r1, r1, r3
34188b42:	eba8 0803 	sub.w	r8, r8, r3
34188b46:	1ad3      	subs	r3, r2, r3
34188b48:	910b      	str	r1, [sp, #44]	@ 0x2c
34188b4a:	9307      	str	r3, [sp, #28]
34188b4c:	e771      	b.n	34188a32 <_dtoa_r+0xbda>
34188b4e:	ee36 6b06 	vadd.f64	d6, d6, d6
34188b52:	9a00      	ldr	r2, [sp, #0]
34188b54:	3201      	adds	r2, #1
34188b56:	eeb4 6bc5 	vcmpe.f64	d6, d5
34188b5a:	9202      	str	r2, [sp, #8]
34188b5c:	eef1 fa10 	vmrs	APSR_nzcv, fpscr
34188b60:	dc08      	bgt.n	34188b74 <_dtoa_r+0xd1c>
34188b62:	eeb4 6b45 	vcmp.f64	d6, d5
34188b66:	eef1 fa10 	vmrs	APSR_nzcv, fpscr
34188b6a:	d106      	bne.n	34188b7a <_dtoa_r+0xd22>
34188b6c:	ee17 2a10 	vmov	r2, s14
34188b70:	07d1      	lsls	r1, r2, #31
34188b72:	d502      	bpl.n	34188b7a <_dtoa_r+0xd22>
34188b74:	f8dd c000 	ldr.w	ip, [sp]
34188b78:	e4b9      	b.n	341884ee <_dtoa_r+0x696>
34188b7a:	469b      	mov	fp, r3
34188b7c:	f7ff bb3b 	b.w	341881f6 <_dtoa_r+0x39e>
34188b80:	4b36      	ldr	r3, [pc, #216]	@ (34188c5c <_dtoa_r+0xe04>)
34188b82:	2200      	movs	r2, #0
34188b84:	f240 11af 	movw	r1, #431	@ 0x1af
34188b88:	4835      	ldr	r0, [pc, #212]	@ (34188c60 <_dtoa_r+0xe08>)
34188b8a:	f000 fdaf 	bl	341896ec <__assert_func>
34188b8e:	463a      	mov	r2, r7
34188b90:	9604      	str	r6, [sp, #16]
34188b92:	4657      	mov	r7, sl
34188b94:	465b      	mov	r3, fp
34188b96:	4616      	mov	r6, r2
34188b98:	9a00      	ldr	r2, [sp, #0]
34188b9a:	f8dd a038 	ldr.w	sl, [sp, #56]	@ 0x38
34188b9e:	46c1      	mov	r9, r8
34188ba0:	3201      	adds	r2, #1
34188ba2:	9202      	str	r2, [sp, #8]
34188ba4:	e406      	b.n	341883b4 <_dtoa_r+0x55c>
34188ba6:	492c      	ldr	r1, [pc, #176]	@ (34188c58 <_dtoa_r+0xe00>)
34188ba8:	e7a4      	b.n	34188af4 <_dtoa_r+0xc9c>
34188baa:	2339      	movs	r3, #57	@ 0x39
34188bac:	9604      	str	r6, [sp, #16]
34188bae:	9e07      	ldr	r6, [sp, #28]
34188bb0:	f809 3b01 	strb.w	r3, [r9], #1
34188bb4:	9b00      	ldr	r3, [sp, #0]
34188bb6:	3301      	adds	r3, #1
34188bb8:	9302      	str	r3, [sp, #8]
34188bba:	e40b      	b.n	341883d4 <_dtoa_r+0x57c>
34188bbc:	2b00      	cmp	r3, #0
34188bbe:	9707      	str	r7, [sp, #28]
34188bc0:	465b      	mov	r3, fp
34188bc2:	4657      	mov	r7, sl
34188bc4:	f8dd a038 	ldr.w	sl, [sp, #56]	@ 0x38
34188bc8:	f73f aea6 	bgt.w	34188918 <_dtoa_r+0xac0>
34188bcc:	e6b7      	b.n	3418893e <_dtoa_r+0xae6>
34188bce:	9b03      	ldr	r3, [sp, #12]
34188bd0:	f023 4300 	bic.w	r3, r3, #2147483648	@ 0x80000000
34188bd4:	0d1b      	lsrs	r3, r3, #20
34188bd6:	051b      	lsls	r3, r3, #20
34188bd8:	2b00      	cmp	r3, #0
34188bda:	f43f ad1b 	beq.w	34188614 <_dtoa_r+0x7bc>
34188bde:	9b07      	ldr	r3, [sp, #28]
34188be0:	f108 0801 	add.w	r8, r8, #1
34188be4:	3301      	adds	r3, #1
34188be6:	9307      	str	r3, [sp, #28]
34188be8:	2301      	movs	r3, #1
34188bea:	9309      	str	r3, [sp, #36]	@ 0x24
34188bec:	e513      	b.n	34188616 <_dtoa_r+0x7be>
34188bee:	9707      	str	r7, [sp, #28]
34188bf0:	465b      	mov	r3, fp
34188bf2:	4657      	mov	r7, sl
34188bf4:	f8dd a038 	ldr.w	sl, [sp, #56]	@ 0x38
34188bf8:	e6a1      	b.n	3418893e <_dtoa_r+0xae6>
34188bfa:	465b      	mov	r3, fp
34188bfc:	9707      	str	r7, [sp, #28]
34188bfe:	4657      	mov	r7, sl
34188c00:	f8dd a038 	ldr.w	sl, [sp, #56]	@ 0x38
34188c04:	2b39      	cmp	r3, #57	@ 0x39
34188c06:	d0d0      	beq.n	34188baa <_dtoa_r+0xd52>
34188c08:	f1b8 0f00 	cmp.w	r8, #0
34188c0c:	f73f ae95 	bgt.w	3418893a <_dtoa_r+0xae2>
34188c10:	e695      	b.n	3418893e <_dtoa_r+0xae6>
34188c12:	461a      	mov	r2, r3
34188c14:	e586      	b.n	34188724 <_dtoa_r+0x8cc>
34188c16:	9b07      	ldr	r3, [sp, #28]
34188c18:	f8dd 9038 	ldr.w	r9, [sp, #56]	@ 0x38
34188c1c:	9300      	str	r3, [sp, #0]
34188c1e:	f7ff bac5 	b.w	341881ac <_dtoa_r+0x354>
34188c22:	9b07      	ldr	r3, [sp, #28]
34188c24:	44c8      	add	r8, r9
34188c26:	930b      	str	r3, [sp, #44]	@ 0x2c
34188c28:	444b      	add	r3, r9
34188c2a:	9307      	str	r3, [sp, #28]
34188c2c:	f7ff ba45 	b.w	341880ba <_dtoa_r+0x262>
34188c30:	2102      	movs	r1, #2
34188c32:	f7ff bbf0 	b.w	34188416 <_dtoa_r+0x5be>
34188c36:	f47f ae82 	bne.w	3418893e <_dtoa_r+0xae6>
34188c3a:	07da      	lsls	r2, r3, #31
34188c3c:	f57f ae7f 	bpl.w	3418893e <_dtoa_r+0xae6>
34188c40:	e678      	b.n	34188934 <_dtoa_r+0xadc>
34188c42:	2100      	movs	r1, #0
34188c44:	63e1      	str	r1, [r4, #60]	@ 0x3c
34188c46:	f7ff bb3a 	b.w	341882be <_dtoa_r+0x466>
34188c4a:	4602      	mov	r2, r0
34188c4c:	4b03      	ldr	r3, [pc, #12]	@ (34188c5c <_dtoa_r+0xe04>)
34188c4e:	f240 21ef 	movw	r1, #751	@ 0x2ef
34188c52:	4803      	ldr	r0, [pc, #12]	@ (34188c60 <_dtoa_r+0xe08>)
34188c54:	f000 fd4a 	bl	341896ec <__assert_func>
34188c58:	3418b010 	.word	0x3418b010
34188c5c:	3418accc 	.word	0x3418accc
34188c60:	3418ace0 	.word	0x3418ace0

34188c64 <__ascii_mbtowc>:
34188c64:	b082      	sub	sp, #8
34188c66:	b149      	cbz	r1, 34188c7c <__ascii_mbtowc+0x18>
34188c68:	b15a      	cbz	r2, 34188c82 <__ascii_mbtowc+0x1e>
34188c6a:	b16b      	cbz	r3, 34188c88 <__ascii_mbtowc+0x24>
34188c6c:	7813      	ldrb	r3, [r2, #0]
34188c6e:	600b      	str	r3, [r1, #0]
34188c70:	7812      	ldrb	r2, [r2, #0]
34188c72:	1e10      	subs	r0, r2, #0
34188c74:	bf18      	it	ne
34188c76:	2001      	movne	r0, #1
34188c78:	b002      	add	sp, #8
34188c7a:	4770      	bx	lr
34188c7c:	a901      	add	r1, sp, #4
34188c7e:	2a00      	cmp	r2, #0
34188c80:	d1f3      	bne.n	34188c6a <__ascii_mbtowc+0x6>
34188c82:	4610      	mov	r0, r2
34188c84:	b002      	add	sp, #8
34188c86:	4770      	bx	lr
34188c88:	f06f 0001 	mvn.w	r0, #1
34188c8c:	e7f4      	b.n	34188c78 <__ascii_mbtowc+0x14>
34188c8e:	bf00      	nop

34188c90 <_Balloc>:
34188c90:	b538      	push	{r3, r4, r5, lr}
34188c92:	6c43      	ldr	r3, [r0, #68]	@ 0x44
34188c94:	4605      	mov	r5, r0
34188c96:	460c      	mov	r4, r1
34188c98:	b14b      	cbz	r3, 34188cae <_Balloc+0x1e>
34188c9a:	f853 0024 	ldr.w	r0, [r3, r4, lsl #2]
34188c9e:	b180      	cbz	r0, 34188cc2 <_Balloc+0x32>
34188ca0:	6802      	ldr	r2, [r0, #0]
34188ca2:	f843 2024 	str.w	r2, [r3, r4, lsl #2]
34188ca6:	2300      	movs	r3, #0
34188ca8:	e9c0 3303 	strd	r3, r3, [r0, #12]
34188cac:	bd38      	pop	{r3, r4, r5, pc}
34188cae:	2221      	movs	r2, #33	@ 0x21
34188cb0:	2104      	movs	r1, #4
34188cb2:	f000 fd3d 	bl	34189730 <_calloc_r>
34188cb6:	4603      	mov	r3, r0
34188cb8:	6468      	str	r0, [r5, #68]	@ 0x44
34188cba:	2800      	cmp	r0, #0
34188cbc:	d1ed      	bne.n	34188c9a <_Balloc+0xa>
34188cbe:	2000      	movs	r0, #0
34188cc0:	bd38      	pop	{r3, r4, r5, pc}
34188cc2:	2101      	movs	r1, #1
34188cc4:	4628      	mov	r0, r5
34188cc6:	fa01 f504 	lsl.w	r5, r1, r4
34188cca:	1d6a      	adds	r2, r5, #5
34188ccc:	0092      	lsls	r2, r2, #2
34188cce:	f000 fd2f 	bl	34189730 <_calloc_r>
34188cd2:	2800      	cmp	r0, #0
34188cd4:	d0f3      	beq.n	34188cbe <_Balloc+0x2e>
34188cd6:	e9c0 4501 	strd	r4, r5, [r0, #4]
34188cda:	e7e4      	b.n	34188ca6 <_Balloc+0x16>

34188cdc <_Bfree>:
34188cdc:	b131      	cbz	r1, 34188cec <_Bfree+0x10>
34188cde:	6c43      	ldr	r3, [r0, #68]	@ 0x44
34188ce0:	684a      	ldr	r2, [r1, #4]
34188ce2:	f853 0022 	ldr.w	r0, [r3, r2, lsl #2]
34188ce6:	6008      	str	r0, [r1, #0]
34188ce8:	f843 1022 	str.w	r1, [r3, r2, lsl #2]
34188cec:	4770      	bx	lr
34188cee:	bf00      	nop

34188cf0 <__multadd>:
34188cf0:	e92d 41f0 	stmdb	sp!, {r4, r5, r6, r7, r8, lr}
34188cf4:	4617      	mov	r7, r2
34188cf6:	460e      	mov	r6, r1
34188cf8:	461c      	mov	r4, r3
34188cfa:	690d      	ldr	r5, [r1, #16]
34188cfc:	f101 0214 	add.w	r2, r1, #20
34188d00:	f04f 0e00 	mov.w	lr, #0
34188d04:	6811      	ldr	r1, [r2, #0]
34188d06:	f10e 0e01 	add.w	lr, lr, #1
34188d0a:	b28b      	uxth	r3, r1
34188d0c:	4575      	cmp	r5, lr
34188d0e:	ea4f 4111 	mov.w	r1, r1, lsr #16
34188d12:	fb07 4303 	mla	r3, r7, r3, r4
34188d16:	ea4f 4c13 	mov.w	ip, r3, lsr #16
34188d1a:	b29b      	uxth	r3, r3
34188d1c:	fb07 cc01 	mla	ip, r7, r1, ip
34188d20:	eb03 430c 	add.w	r3, r3, ip, lsl #16
34188d24:	ea4f 441c 	mov.w	r4, ip, lsr #16
34188d28:	f842 3b04 	str.w	r3, [r2], #4
34188d2c:	dcea      	bgt.n	34188d04 <__multadd+0x14>
34188d2e:	b13c      	cbz	r4, 34188d40 <__multadd+0x50>
34188d30:	68b3      	ldr	r3, [r6, #8]
34188d32:	42ab      	cmp	r3, r5
34188d34:	dd07      	ble.n	34188d46 <__multadd+0x56>
34188d36:	eb06 0385 	add.w	r3, r6, r5, lsl #2
34188d3a:	3501      	adds	r5, #1
34188d3c:	615c      	str	r4, [r3, #20]
34188d3e:	6135      	str	r5, [r6, #16]
34188d40:	4630      	mov	r0, r6
34188d42:	e8bd 81f0 	ldmia.w	sp!, {r4, r5, r6, r7, r8, pc}
34188d46:	6871      	ldr	r1, [r6, #4]
34188d48:	4680      	mov	r8, r0
34188d4a:	3101      	adds	r1, #1
34188d4c:	f7ff ffa0 	bl	34188c90 <_Balloc>
34188d50:	4607      	mov	r7, r0
34188d52:	b1b0      	cbz	r0, 34188d82 <__multadd+0x92>
34188d54:	6932      	ldr	r2, [r6, #16]
34188d56:	f106 010c 	add.w	r1, r6, #12
34188d5a:	300c      	adds	r0, #12
34188d5c:	3202      	adds	r2, #2
34188d5e:	0092      	lsls	r2, r2, #2
34188d60:	f7fb fb62 	bl	34184428 <memcpy>
34188d64:	f8d8 3044 	ldr.w	r3, [r8, #68]	@ 0x44
34188d68:	6872      	ldr	r2, [r6, #4]
34188d6a:	f853 1022 	ldr.w	r1, [r3, r2, lsl #2]
34188d6e:	6031      	str	r1, [r6, #0]
34188d70:	f843 6022 	str.w	r6, [r3, r2, lsl #2]
34188d74:	463e      	mov	r6, r7
34188d76:	eb06 0385 	add.w	r3, r6, r5, lsl #2
34188d7a:	3501      	adds	r5, #1
34188d7c:	615c      	str	r4, [r3, #20]
34188d7e:	6135      	str	r5, [r6, #16]
34188d80:	e7de      	b.n	34188d40 <__multadd+0x50>
34188d82:	4602      	mov	r2, r0
34188d84:	4b02      	ldr	r3, [pc, #8]	@ (34188d90 <__multadd+0xa0>)
34188d86:	21ba      	movs	r1, #186	@ 0xba
34188d88:	4802      	ldr	r0, [pc, #8]	@ (34188d94 <__multadd+0xa4>)
34188d8a:	f000 fcaf 	bl	341896ec <__assert_func>
34188d8e:	bf00      	nop
34188d90:	3418accc 	.word	0x3418accc
34188d94:	3418ad94 	.word	0x3418ad94

34188d98 <__hi0bits>:
34188d98:	f5b0 3f80 	cmp.w	r0, #65536	@ 0x10000
34188d9c:	4603      	mov	r3, r0
34188d9e:	d210      	bcs.n	34188dc2 <__hi0bits+0x2a>
34188da0:	0403      	lsls	r3, r0, #16
34188da2:	2010      	movs	r0, #16
34188da4:	f1b3 7f80 	cmp.w	r3, #16777216	@ 0x1000000
34188da8:	d201      	bcs.n	34188dae <__hi0bits+0x16>
34188daa:	3008      	adds	r0, #8
34188dac:	021b      	lsls	r3, r3, #8
34188dae:	f1b3 5f80 	cmp.w	r3, #268435456	@ 0x10000000
34188db2:	d308      	bcc.n	34188dc6 <__hi0bits+0x2e>
34188db4:	f1b3 4f80 	cmp.w	r3, #1073741824	@ 0x40000000
34188db8:	d210      	bcs.n	34188ddc <__hi0bits+0x44>
34188dba:	009a      	lsls	r2, r3, #2
34188dbc:	d413      	bmi.n	34188de6 <__hi0bits+0x4e>
34188dbe:	3003      	adds	r0, #3
34188dc0:	4770      	bx	lr
34188dc2:	2000      	movs	r0, #0
34188dc4:	e7ee      	b.n	34188da4 <__hi0bits+0xc>
34188dc6:	011a      	lsls	r2, r3, #4
34188dc8:	3004      	adds	r0, #4
34188dca:	f1b2 4f80 	cmp.w	r2, #1073741824	@ 0x40000000
34188dce:	d206      	bcs.n	34188dde <__hi0bits+0x46>
34188dd0:	019b      	lsls	r3, r3, #6
34188dd2:	d408      	bmi.n	34188de6 <__hi0bits+0x4e>
34188dd4:	005b      	lsls	r3, r3, #1
34188dd6:	d4f2      	bmi.n	34188dbe <__hi0bits+0x26>
34188dd8:	2020      	movs	r0, #32
34188dda:	4770      	bx	lr
34188ddc:	461a      	mov	r2, r3
34188dde:	2a00      	cmp	r2, #0
34188de0:	dbfb      	blt.n	34188dda <__hi0bits+0x42>
34188de2:	3001      	adds	r0, #1
34188de4:	4770      	bx	lr
34188de6:	3002      	adds	r0, #2
34188de8:	4770      	bx	lr
34188dea:	bf00      	nop

34188dec <__lo0bits>:
34188dec:	6803      	ldr	r3, [r0, #0]
34188dee:	0759      	lsls	r1, r3, #29
34188df0:	d008      	beq.n	34188e04 <__lo0bits+0x18>
34188df2:	07da      	lsls	r2, r3, #31
34188df4:	d41f      	bmi.n	34188e36 <__lo0bits+0x4a>
34188df6:	0799      	lsls	r1, r3, #30
34188df8:	d52a      	bpl.n	34188e50 <__lo0bits+0x64>
34188dfa:	085b      	lsrs	r3, r3, #1
34188dfc:	2201      	movs	r2, #1
34188dfe:	6003      	str	r3, [r0, #0]
34188e00:	4610      	mov	r0, r2
34188e02:	4770      	bx	lr
34188e04:	b29a      	uxth	r2, r3
34188e06:	b982      	cbnz	r2, 34188e2a <__lo0bits+0x3e>
34188e08:	0c1b      	lsrs	r3, r3, #16
34188e0a:	b2da      	uxtb	r2, r3
34188e0c:	b1b2      	cbz	r2, 34188e3c <__lo0bits+0x50>
34188e0e:	2210      	movs	r2, #16
34188e10:	0719      	lsls	r1, r3, #28
34188e12:	d101      	bne.n	34188e18 <__lo0bits+0x2c>
34188e14:	3204      	adds	r2, #4
34188e16:	091b      	lsrs	r3, r3, #4
34188e18:	0799      	lsls	r1, r3, #30
34188e1a:	d014      	beq.n	34188e46 <__lo0bits+0x5a>
34188e1c:	07d9      	lsls	r1, r3, #31
34188e1e:	d401      	bmi.n	34188e24 <__lo0bits+0x38>
34188e20:	3201      	adds	r2, #1
34188e22:	085b      	lsrs	r3, r3, #1
34188e24:	6003      	str	r3, [r0, #0]
34188e26:	4610      	mov	r0, r2
34188e28:	4770      	bx	lr
34188e2a:	b2da      	uxtb	r2, r3
34188e2c:	b14a      	cbz	r2, 34188e42 <__lo0bits+0x56>
34188e2e:	071a      	lsls	r2, r3, #28
34188e30:	d117      	bne.n	34188e62 <__lo0bits+0x76>
34188e32:	2204      	movs	r2, #4
34188e34:	e7ef      	b.n	34188e16 <__lo0bits+0x2a>
34188e36:	2200      	movs	r2, #0
34188e38:	4610      	mov	r0, r2
34188e3a:	4770      	bx	lr
34188e3c:	2218      	movs	r2, #24
34188e3e:	0a1b      	lsrs	r3, r3, #8
34188e40:	e7e6      	b.n	34188e10 <__lo0bits+0x24>
34188e42:	2208      	movs	r2, #8
34188e44:	e7fb      	b.n	34188e3e <__lo0bits+0x52>
34188e46:	0759      	lsls	r1, r3, #29
34188e48:	d507      	bpl.n	34188e5a <__lo0bits+0x6e>
34188e4a:	3202      	adds	r2, #2
34188e4c:	089b      	lsrs	r3, r3, #2
34188e4e:	e7e9      	b.n	34188e24 <__lo0bits+0x38>
34188e50:	089b      	lsrs	r3, r3, #2
34188e52:	2202      	movs	r2, #2
34188e54:	6003      	str	r3, [r0, #0]
34188e56:	4610      	mov	r0, r2
34188e58:	4770      	bx	lr
34188e5a:	08db      	lsrs	r3, r3, #3
34188e5c:	d104      	bne.n	34188e68 <__lo0bits+0x7c>
34188e5e:	2220      	movs	r2, #32
34188e60:	e7ce      	b.n	34188e00 <__lo0bits+0x14>
34188e62:	08db      	lsrs	r3, r3, #3
34188e64:	2203      	movs	r2, #3
34188e66:	e7dd      	b.n	34188e24 <__lo0bits+0x38>
34188e68:	3203      	adds	r2, #3
34188e6a:	e7db      	b.n	34188e24 <__lo0bits+0x38>

34188e6c <__i2b>:
34188e6c:	b538      	push	{r3, r4, r5, lr}
34188e6e:	6c43      	ldr	r3, [r0, #68]	@ 0x44
34188e70:	4604      	mov	r4, r0
34188e72:	460d      	mov	r5, r1
34188e74:	b14b      	cbz	r3, 34188e8a <__i2b+0x1e>
34188e76:	6858      	ldr	r0, [r3, #4]
34188e78:	b1b0      	cbz	r0, 34188ea8 <__i2b+0x3c>
34188e7a:	6802      	ldr	r2, [r0, #0]
34188e7c:	605a      	str	r2, [r3, #4]
34188e7e:	2200      	movs	r2, #0
34188e80:	2301      	movs	r3, #1
34188e82:	6145      	str	r5, [r0, #20]
34188e84:	e9c0 2303 	strd	r2, r3, [r0, #12]
34188e88:	bd38      	pop	{r3, r4, r5, pc}
34188e8a:	2221      	movs	r2, #33	@ 0x21
34188e8c:	2104      	movs	r1, #4
34188e8e:	f000 fc4f 	bl	34189730 <_calloc_r>
34188e92:	4603      	mov	r3, r0
34188e94:	6460      	str	r0, [r4, #68]	@ 0x44
34188e96:	2800      	cmp	r0, #0
34188e98:	d1ed      	bne.n	34188e76 <__i2b+0xa>
34188e9a:	4b09      	ldr	r3, [pc, #36]	@ (34188ec0 <__i2b+0x54>)
34188e9c:	2200      	movs	r2, #0
34188e9e:	f240 1145 	movw	r1, #325	@ 0x145
34188ea2:	4808      	ldr	r0, [pc, #32]	@ (34188ec4 <__i2b+0x58>)
34188ea4:	f000 fc22 	bl	341896ec <__assert_func>
34188ea8:	221c      	movs	r2, #28
34188eaa:	2101      	movs	r1, #1
34188eac:	4620      	mov	r0, r4
34188eae:	f000 fc3f 	bl	34189730 <_calloc_r>
34188eb2:	2800      	cmp	r0, #0
34188eb4:	d0f1      	beq.n	34188e9a <__i2b+0x2e>
34188eb6:	2201      	movs	r2, #1
34188eb8:	2302      	movs	r3, #2
34188eba:	e9c0 2301 	strd	r2, r3, [r0, #4]
34188ebe:	e7de      	b.n	34188e7e <__i2b+0x12>
34188ec0:	3418accc 	.word	0x3418accc
34188ec4:	3418ad94 	.word	0x3418ad94

34188ec8 <__multiply>:
34188ec8:	e92d 4ff0 	stmdb	sp!, {r4, r5, r6, r7, r8, r9, sl, fp, lr}
34188ecc:	690f      	ldr	r7, [r1, #16]
34188ece:	b085      	sub	sp, #20
34188ed0:	6915      	ldr	r5, [r2, #16]
34188ed2:	460e      	mov	r6, r1
34188ed4:	4690      	mov	r8, r2
34188ed6:	42af      	cmp	r7, r5
34188ed8:	db05      	blt.n	34188ee6 <__multiply+0x1e>
34188eda:	462a      	mov	r2, r5
34188edc:	4643      	mov	r3, r8
34188ede:	463d      	mov	r5, r7
34188ee0:	4688      	mov	r8, r1
34188ee2:	4617      	mov	r7, r2
34188ee4:	461e      	mov	r6, r3
34188ee6:	19ec      	adds	r4, r5, r7
34188ee8:	e9d8 1301 	ldrd	r1, r3, [r8, #4]
34188eec:	42a3      	cmp	r3, r4
34188eee:	bfb8      	it	lt
34188ef0:	3101      	addlt	r1, #1
34188ef2:	f7ff fecd 	bl	34188c90 <_Balloc>
34188ef6:	4684      	mov	ip, r0
34188ef8:	2800      	cmp	r0, #0
34188efa:	f000 809d 	beq.w	34189038 <__multiply+0x170>
34188efe:	3014      	adds	r0, #20
34188f00:	eb00 0e84 	add.w	lr, r0, r4, lsl #2
34188f04:	4570      	cmp	r0, lr
34188f06:	d205      	bcs.n	34188f14 <__multiply+0x4c>
34188f08:	4603      	mov	r3, r0
34188f0a:	2100      	movs	r1, #0
34188f0c:	f843 1b04 	str.w	r1, [r3], #4
34188f10:	459e      	cmp	lr, r3
34188f12:	d8fb      	bhi.n	34188f0c <__multiply+0x44>
34188f14:	3614      	adds	r6, #20
34188f16:	eb06 0287 	add.w	r2, r6, r7, lsl #2
34188f1a:	4296      	cmp	r6, r2
34188f1c:	d27d      	bcs.n	3418901a <__multiply+0x152>
34188f1e:	f108 0714 	add.w	r7, r8, #20
34188f22:	f108 0315 	add.w	r3, r8, #21
34188f26:	4691      	mov	r9, r2
34188f28:	46e3      	mov	fp, ip
34188f2a:	eb07 0585 	add.w	r5, r7, r5, lsl #2
34188f2e:	eba5 0808 	sub.w	r8, r5, r8
34188f32:	42ab      	cmp	r3, r5
34188f34:	f1a8 0815 	sub.w	r8, r8, #21
34188f38:	e9cd e402 	strd	lr, r4, [sp, #8]
34188f3c:	ea4f 0a98 	mov.w	sl, r8, lsr #2
34188f40:	bf8c      	ite	hi
34188f42:	2400      	movhi	r4, #0
34188f44:	2401      	movls	r4, #1
34188f46:	e005      	b.n	34188f54 <__multiply+0x8c>
34188f48:	0c09      	lsrs	r1, r1, #16
34188f4a:	d135      	bne.n	34188fb8 <__multiply+0xf0>
34188f4c:	45b1      	cmp	r9, r6
34188f4e:	f100 0004 	add.w	r0, r0, #4
34188f52:	d95f      	bls.n	34189014 <__multiply+0x14c>
34188f54:	f856 1b04 	ldr.w	r1, [r6], #4
34188f58:	b28a      	uxth	r2, r1
34188f5a:	2a00      	cmp	r2, #0
34188f5c:	d0f4      	beq.n	34188f48 <__multiply+0x80>
34188f5e:	46b8      	mov	r8, r7
34188f60:	4686      	mov	lr, r0
34188f62:	2300      	movs	r3, #0
34188f64:	e9cd 9000 	strd	r9, r0, [sp]
34188f68:	f858 1b04 	ldr.w	r1, [r8], #4
34188f6c:	f8de 0000 	ldr.w	r0, [lr]
34188f70:	fa1f f981 	uxth.w	r9, r1
34188f74:	4545      	cmp	r5, r8
34188f76:	ea4f 4c11 	mov.w	ip, r1, lsr #16
34188f7a:	b281      	uxth	r1, r0
34188f7c:	ea4f 4010 	mov.w	r0, r0, lsr #16
34188f80:	fb02 1109 	mla	r1, r2, r9, r1
34188f84:	fb02 000c 	mla	r0, r2, ip, r0
34188f88:	4419      	add	r1, r3
34188f8a:	eb00 4011 	add.w	r0, r0, r1, lsr #16
34188f8e:	b289      	uxth	r1, r1
34188f90:	ea4f 4310 	mov.w	r3, r0, lsr #16
34188f94:	ea41 4100 	orr.w	r1, r1, r0, lsl #16
34188f98:	f84e 1b04 	str.w	r1, [lr], #4
34188f9c:	d8e4      	bhi.n	34188f68 <__multiply+0xa0>
34188f9e:	2c00      	cmp	r4, #0
34188fa0:	ea4f 028a 	mov.w	r2, sl, lsl #2
34188fa4:	e9dd 9000 	ldrd	r9, r0, [sp]
34188fa8:	bf08      	it	eq
34188faa:	2200      	moveq	r2, #0
34188fac:	4402      	add	r2, r0
34188fae:	6053      	str	r3, [r2, #4]
34188fb0:	f856 1c04 	ldr.w	r1, [r6, #-4]
34188fb4:	0c09      	lsrs	r1, r1, #16
34188fb6:	d0c9      	beq.n	34188f4c <__multiply+0x84>
34188fb8:	6803      	ldr	r3, [r0, #0]
34188fba:	468e      	mov	lr, r1
34188fbc:	46bc      	mov	ip, r7
34188fbe:	4680      	mov	r8, r0
34188fc0:	2200      	movs	r2, #0
34188fc2:	4619      	mov	r1, r3
34188fc4:	f8cd 9000 	str.w	r9, [sp]
34188fc8:	f8bc 9000 	ldrh.w	r9, [ip]
34188fcc:	b29b      	uxth	r3, r3
34188fce:	fb0e 2909 	mla	r9, lr, r9, r2
34188fd2:	eb09 4911 	add.w	r9, r9, r1, lsr #16
34188fd6:	ea43 4309 	orr.w	r3, r3, r9, lsl #16
34188fda:	f848 3b04 	str.w	r3, [r8], #4
34188fde:	f85c 3b04 	ldr.w	r3, [ip], #4
34188fe2:	f8d8 1000 	ldr.w	r1, [r8]
34188fe6:	0c1b      	lsrs	r3, r3, #16
34188fe8:	4565      	cmp	r5, ip
34188fea:	b28a      	uxth	r2, r1
34188fec:	fb0e 2303 	mla	r3, lr, r3, r2
34188ff0:	eb03 4319 	add.w	r3, r3, r9, lsr #16
34188ff4:	ea4f 4213 	mov.w	r2, r3, lsr #16
34188ff8:	d8e6      	bhi.n	34188fc8 <__multiply+0x100>
34188ffa:	2c00      	cmp	r4, #0
34188ffc:	ea4f 028a 	mov.w	r2, sl, lsl #2
34189000:	f8dd 9000 	ldr.w	r9, [sp]
34189004:	bf08      	it	eq
34189006:	2200      	moveq	r2, #0
34189008:	45b1      	cmp	r9, r6
3418900a:	4402      	add	r2, r0
3418900c:	f100 0004 	add.w	r0, r0, #4
34189010:	6053      	str	r3, [r2, #4]
34189012:	d89f      	bhi.n	34188f54 <__multiply+0x8c>
34189014:	46dc      	mov	ip, fp
34189016:	e9dd e402 	ldrd	lr, r4, [sp, #8]
3418901a:	2c00      	cmp	r4, #0
3418901c:	dc02      	bgt.n	34189024 <__multiply+0x15c>
3418901e:	e005      	b.n	3418902c <__multiply+0x164>
34189020:	3c01      	subs	r4, #1
34189022:	d003      	beq.n	3418902c <__multiply+0x164>
34189024:	f85e 3d04 	ldr.w	r3, [lr, #-4]!
34189028:	2b00      	cmp	r3, #0
3418902a:	d0f9      	beq.n	34189020 <__multiply+0x158>
3418902c:	4660      	mov	r0, ip
3418902e:	f8cc 4010 	str.w	r4, [ip, #16]
34189032:	b005      	add	sp, #20
34189034:	e8bd 8ff0 	ldmia.w	sp!, {r4, r5, r6, r7, r8, r9, sl, fp, pc}
34189038:	4602      	mov	r2, r0
3418903a:	4b03      	ldr	r3, [pc, #12]	@ (34189048 <__multiply+0x180>)
3418903c:	f44f 71b1 	mov.w	r1, #354	@ 0x162
34189040:	4802      	ldr	r0, [pc, #8]	@ (3418904c <__multiply+0x184>)
34189042:	f000 fb53 	bl	341896ec <__assert_func>
34189046:	bf00      	nop
34189048:	3418accc 	.word	0x3418accc
3418904c:	3418ad94 	.word	0x3418ad94

34189050 <__pow5mult>:
34189050:	b5f8      	push	{r3, r4, r5, r6, r7, lr}
34189052:	f012 0303 	ands.w	r3, r2, #3
34189056:	4614      	mov	r4, r2
34189058:	4607      	mov	r7, r0
3418905a:	d12f      	bne.n	341890bc <__pow5mult+0x6c>
3418905c:	460e      	mov	r6, r1
3418905e:	10a4      	asrs	r4, r4, #2
34189060:	d02a      	beq.n	341890b8 <__pow5mult+0x68>
34189062:	6c3d      	ldr	r5, [r7, #64]	@ 0x40
34189064:	2d00      	cmp	r5, #0
34189066:	d032      	beq.n	341890ce <__pow5mult+0x7e>
34189068:	f004 0301 	and.w	r3, r4, #1
3418906c:	1064      	asrs	r4, r4, #1
3418906e:	b93b      	cbnz	r3, 34189080 <__pow5mult+0x30>
34189070:	6828      	ldr	r0, [r5, #0]
34189072:	b1b8      	cbz	r0, 341890a4 <__pow5mult+0x54>
34189074:	4605      	mov	r5, r0
34189076:	f004 0301 	and.w	r3, r4, #1
3418907a:	1064      	asrs	r4, r4, #1
3418907c:	2b00      	cmp	r3, #0
3418907e:	d0f7      	beq.n	34189070 <__pow5mult+0x20>
34189080:	462a      	mov	r2, r5
34189082:	4631      	mov	r1, r6
34189084:	4638      	mov	r0, r7
34189086:	f7ff ff1f 	bl	34188ec8 <__multiply>
3418908a:	b136      	cbz	r6, 3418909a <__pow5mult+0x4a>
3418908c:	6c7b      	ldr	r3, [r7, #68]	@ 0x44
3418908e:	6871      	ldr	r1, [r6, #4]
34189090:	f853 2021 	ldr.w	r2, [r3, r1, lsl #2]
34189094:	6032      	str	r2, [r6, #0]
34189096:	f843 6021 	str.w	r6, [r3, r1, lsl #2]
3418909a:	b174      	cbz	r4, 341890ba <__pow5mult+0x6a>
3418909c:	4606      	mov	r6, r0
3418909e:	6828      	ldr	r0, [r5, #0]
341890a0:	2800      	cmp	r0, #0
341890a2:	d1e7      	bne.n	34189074 <__pow5mult+0x24>
341890a4:	462a      	mov	r2, r5
341890a6:	4629      	mov	r1, r5
341890a8:	4638      	mov	r0, r7
341890aa:	f7ff ff0d 	bl	34188ec8 <__multiply>
341890ae:	2300      	movs	r3, #0
341890b0:	6028      	str	r0, [r5, #0]
341890b2:	4605      	mov	r5, r0
341890b4:	6003      	str	r3, [r0, #0]
341890b6:	e7de      	b.n	34189076 <__pow5mult+0x26>
341890b8:	4630      	mov	r0, r6
341890ba:	bdf8      	pop	{r3, r4, r5, r6, r7, pc}
341890bc:	3b01      	subs	r3, #1
341890be:	4a0f      	ldr	r2, [pc, #60]	@ (341890fc <__pow5mult+0xac>)
341890c0:	f852 2023 	ldr.w	r2, [r2, r3, lsl #2]
341890c4:	2300      	movs	r3, #0
341890c6:	f7ff fe13 	bl	34188cf0 <__multadd>
341890ca:	4606      	mov	r6, r0
341890cc:	e7c7      	b.n	3418905e <__pow5mult+0xe>
341890ce:	2101      	movs	r1, #1
341890d0:	4638      	mov	r0, r7
341890d2:	f7ff fddd 	bl	34188c90 <_Balloc>
341890d6:	4605      	mov	r5, r0
341890d8:	b140      	cbz	r0, 341890ec <__pow5mult+0x9c>
341890da:	2301      	movs	r3, #1
341890dc:	f240 2271 	movw	r2, #625	@ 0x271
341890e0:	e9c0 3204 	strd	r3, r2, [r0, #16]
341890e4:	2300      	movs	r3, #0
341890e6:	6438      	str	r0, [r7, #64]	@ 0x40
341890e8:	6003      	str	r3, [r0, #0]
341890ea:	e7bd      	b.n	34189068 <__pow5mult+0x18>
341890ec:	4602      	mov	r2, r0
341890ee:	4b04      	ldr	r3, [pc, #16]	@ (34189100 <__pow5mult+0xb0>)
341890f0:	f240 1145 	movw	r1, #325	@ 0x145
341890f4:	4803      	ldr	r0, [pc, #12]	@ (34189104 <__pow5mult+0xb4>)
341890f6:	f000 faf9 	bl	341896ec <__assert_func>
341890fa:	bf00      	nop
341890fc:	3418afd8 	.word	0x3418afd8
34189100:	3418accc 	.word	0x3418accc
34189104:	3418ad94 	.word	0x3418ad94

34189108 <__lshift>:
34189108:	e92d 47f0 	stmdb	sp!, {r4, r5, r6, r7, r8, r9, sl, lr}
3418910c:	460d      	mov	r5, r1
3418910e:	4691      	mov	r9, r2
34189110:	4607      	mov	r7, r0
34189112:	ea4f 1862 	mov.w	r8, r2, asr #5
34189116:	692e      	ldr	r6, [r5, #16]
34189118:	68ab      	ldr	r3, [r5, #8]
3418911a:	eb06 1662 	add.w	r6, r6, r2, asr #5
3418911e:	6849      	ldr	r1, [r1, #4]
34189120:	1c74      	adds	r4, r6, #1
34189122:	429c      	cmp	r4, r3
34189124:	dd03      	ble.n	3418912e <__lshift+0x26>
34189126:	005b      	lsls	r3, r3, #1
34189128:	3101      	adds	r1, #1
3418912a:	429c      	cmp	r4, r3
3418912c:	dcfb      	bgt.n	34189126 <__lshift+0x1e>
3418912e:	4638      	mov	r0, r7
34189130:	f7ff fdae 	bl	34188c90 <_Balloc>
34189134:	2800      	cmp	r0, #0
34189136:	d04e      	beq.n	341891d6 <__lshift+0xce>
34189138:	f1b8 0f00 	cmp.w	r8, #0
3418913c:	f100 0c14 	add.w	ip, r0, #20
34189140:	dd0b      	ble.n	3418915a <__lshift+0x52>
34189142:	f108 0105 	add.w	r1, r8, #5
34189146:	4663      	mov	r3, ip
34189148:	2200      	movs	r2, #0
3418914a:	eb00 0181 	add.w	r1, r0, r1, lsl #2
3418914e:	f843 2b04 	str.w	r2, [r3], #4
34189152:	428b      	cmp	r3, r1
34189154:	d1fb      	bne.n	3418914e <__lshift+0x46>
34189156:	eb0c 0c88 	add.w	ip, ip, r8, lsl #2
3418915a:	f105 0314 	add.w	r3, r5, #20
3418915e:	6929      	ldr	r1, [r5, #16]
34189160:	f019 081f 	ands.w	r8, r9, #31
34189164:	eb03 0e81 	add.w	lr, r3, r1, lsl #2
34189168:	d02c      	beq.n	341891c4 <__lshift+0xbc>
3418916a:	f1c8 0920 	rsb	r9, r8, #32
3418916e:	4662      	mov	r2, ip
34189170:	f04f 0a00 	mov.w	sl, #0
34189174:	6819      	ldr	r1, [r3, #0]
34189176:	fa01 f108 	lsl.w	r1, r1, r8
3418917a:	ea41 010a 	orr.w	r1, r1, sl
3418917e:	f842 1b04 	str.w	r1, [r2], #4
34189182:	f853 1b04 	ldr.w	r1, [r3], #4
34189186:	459e      	cmp	lr, r3
34189188:	fa21 fa09 	lsr.w	sl, r1, r9
3418918c:	d8f2      	bhi.n	34189174 <__lshift+0x6c>
3418918e:	ebae 0305 	sub.w	r3, lr, r5
34189192:	f105 0215 	add.w	r2, r5, #21
34189196:	3b15      	subs	r3, #21
34189198:	f023 0303 	bic.w	r3, r3, #3
3418919c:	4596      	cmp	lr, r2
3418919e:	bf38      	it	cc
341891a0:	2300      	movcc	r3, #0
341891a2:	3304      	adds	r3, #4
341891a4:	f84c a003 	str.w	sl, [ip, r3]
341891a8:	f1ba 0f00 	cmp.w	sl, #0
341891ac:	d100      	bne.n	341891b0 <__lshift+0xa8>
341891ae:	4634      	mov	r4, r6
341891b0:	6c7b      	ldr	r3, [r7, #68]	@ 0x44
341891b2:	686a      	ldr	r2, [r5, #4]
341891b4:	6104      	str	r4, [r0, #16]
341891b6:	f853 1022 	ldr.w	r1, [r3, r2, lsl #2]
341891ba:	6029      	str	r1, [r5, #0]
341891bc:	f843 5022 	str.w	r5, [r3, r2, lsl #2]
341891c0:	e8bd 87f0 	ldmia.w	sp!, {r4, r5, r6, r7, r8, r9, sl, pc}
341891c4:	f1ac 0c04 	sub.w	ip, ip, #4
341891c8:	f853 2b04 	ldr.w	r2, [r3], #4
341891cc:	459e      	cmp	lr, r3
341891ce:	f84c 2f04 	str.w	r2, [ip, #4]!
341891d2:	d8f9      	bhi.n	341891c8 <__lshift+0xc0>
341891d4:	e7eb      	b.n	341891ae <__lshift+0xa6>
341891d6:	4602      	mov	r2, r0
341891d8:	4b02      	ldr	r3, [pc, #8]	@ (341891e4 <__lshift+0xdc>)
341891da:	f44f 71ef 	mov.w	r1, #478	@ 0x1de
341891de:	4802      	ldr	r0, [pc, #8]	@ (341891e8 <__lshift+0xe0>)
341891e0:	f000 fa84 	bl	341896ec <__assert_func>
341891e4:	3418accc 	.word	0x3418accc
341891e8:	3418ad94 	.word	0x3418ad94

341891ec <__mcmp>:
341891ec:	6903      	ldr	r3, [r0, #16]
341891ee:	690a      	ldr	r2, [r1, #16]
341891f0:	b500      	push	{lr}
341891f2:	ebb3 0e02 	subs.w	lr, r3, r2
341891f6:	d112      	bne.n	3418921e <__mcmp+0x32>
341891f8:	f100 0c14 	add.w	ip, r0, #20
341891fc:	3114      	adds	r1, #20
341891fe:	eb0c 0382 	add.w	r3, ip, r2, lsl #2
34189202:	eb01 0182 	add.w	r1, r1, r2, lsl #2
34189206:	e001      	b.n	3418920c <__mcmp+0x20>
34189208:	459c      	cmp	ip, r3
3418920a:	d208      	bcs.n	3418921e <__mcmp+0x32>
3418920c:	f853 0d04 	ldr.w	r0, [r3, #-4]!
34189210:	f851 2d04 	ldr.w	r2, [r1, #-4]!
34189214:	4290      	cmp	r0, r2
34189216:	d0f7      	beq.n	34189208 <__mcmp+0x1c>
34189218:	d203      	bcs.n	34189222 <__mcmp+0x36>
3418921a:	f04f 3eff 	mov.w	lr, #4294967295	@ 0xffffffff
3418921e:	4670      	mov	r0, lr
34189220:	bd00      	pop	{pc}
34189222:	f04f 0e01 	mov.w	lr, #1
34189226:	4670      	mov	r0, lr
34189228:	bd00      	pop	{pc}
3418922a:	bf00      	nop

3418922c <__mdiff>:
3418922c:	e92d 4ff0 	stmdb	sp!, {r4, r5, r6, r7, r8, r9, sl, fp, lr}
34189230:	4617      	mov	r7, r2
34189232:	690a      	ldr	r2, [r1, #16]
34189234:	b083      	sub	sp, #12
34189236:	460c      	mov	r4, r1
34189238:	693b      	ldr	r3, [r7, #16]
3418923a:	eba2 0803 	sub.w	r8, r2, r3
3418923e:	f1b8 0f00 	cmp.w	r8, #0
34189242:	d115      	bne.n	34189270 <__mdiff+0x44>
34189244:	3114      	adds	r1, #20
34189246:	f107 0514 	add.w	r5, r7, #20
3418924a:	eb05 0583 	add.w	r5, r5, r3, lsl #2
3418924e:	eb01 0383 	add.w	r3, r1, r3, lsl #2
34189252:	e002      	b.n	3418925a <__mdiff+0x2e>
34189254:	4299      	cmp	r1, r3
34189256:	f080 8087 	bcs.w	34189368 <__mdiff+0x13c>
3418925a:	f853 6d04 	ldr.w	r6, [r3, #-4]!
3418925e:	f855 2d04 	ldr.w	r2, [r5, #-4]!
34189262:	4296      	cmp	r6, r2
34189264:	d0f6      	beq.n	34189254 <__mdiff+0x28>
34189266:	f080 808c 	bcs.w	34189382 <__mdiff+0x156>
3418926a:	f04f 0801 	mov.w	r8, #1
3418926e:	e005      	b.n	3418927c <__mdiff+0x50>
34189270:	dbfb      	blt.n	3418926a <__mdiff+0x3e>
34189272:	463b      	mov	r3, r7
34189274:	f04f 0800 	mov.w	r8, #0
34189278:	460f      	mov	r7, r1
3418927a:	461c      	mov	r4, r3
3418927c:	6879      	ldr	r1, [r7, #4]
3418927e:	f7ff fd07 	bl	34188c90 <_Balloc>
34189282:	2800      	cmp	r0, #0
34189284:	f000 808a 	beq.w	3418939c <__mdiff+0x170>
34189288:	693a      	ldr	r2, [r7, #16]
3418928a:	f107 0110 	add.w	r1, r7, #16
3418928e:	f8c0 800c 	str.w	r8, [r0, #12]
34189292:	4683      	mov	fp, r0
34189294:	f107 0814 	add.w	r8, r7, #20
34189298:	6926      	ldr	r6, [r4, #16]
3418929a:	f100 0714 	add.w	r7, r0, #20
3418929e:	f104 0014 	add.w	r0, r4, #20
341892a2:	eb08 0e82 	add.w	lr, r8, r2, lsl #2
341892a6:	4694      	mov	ip, r2
341892a8:	eb00 0686 	add.w	r6, r0, r6, lsl #2
341892ac:	2300      	movs	r3, #0
341892ae:	46b9      	mov	r9, r7
341892b0:	46c2      	mov	sl, r8
341892b2:	460a      	mov	r2, r1
341892b4:	9401      	str	r4, [sp, #4]
341892b6:	f850 1b04 	ldr.w	r1, [r0], #4
341892ba:	f852 5f04 	ldr.w	r5, [r2, #4]!
341892be:	b28c      	uxth	r4, r1
341892c0:	4286      	cmp	r6, r0
341892c2:	fa1f f885 	uxth.w	r8, r5
341892c6:	ea4f 4111 	mov.w	r1, r1, lsr #16
341892ca:	eba8 0804 	sub.w	r8, r8, r4
341892ce:	ebc1 4115 	rsb	r1, r1, r5, lsr #16
341892d2:	4498      	add	r8, r3
341892d4:	eb01 4128 	add.w	r1, r1, r8, asr #16
341892d8:	fa1f f888 	uxth.w	r8, r8
341892dc:	ea4f 4321 	mov.w	r3, r1, asr #16
341892e0:	ea48 4401 	orr.w	r4, r8, r1, lsl #16
341892e4:	f849 4b04 	str.w	r4, [r9], #4
341892e8:	d8e5      	bhi.n	341892b6 <__mdiff+0x8a>
341892ea:	46a1      	mov	r9, r4
341892ec:	9c01      	ldr	r4, [sp, #4]
341892ee:	4662      	mov	r2, ip
341892f0:	46dc      	mov	ip, fp
341892f2:	1b31      	subs	r1, r6, r4
341892f4:	3415      	adds	r4, #21
341892f6:	3915      	subs	r1, #21
341892f8:	f021 0103 	bic.w	r1, r1, #3
341892fc:	42a6      	cmp	r6, r4
341892fe:	bf38      	it	cc
34189300:	2100      	movcc	r1, #0
34189302:	eb0a 0501 	add.w	r5, sl, r1
34189306:	19cc      	adds	r4, r1, r7
34189308:	3504      	adds	r5, #4
3418930a:	45ae      	cmp	lr, r5
3418930c:	4628      	mov	r0, r5
3418930e:	d93c      	bls.n	3418938a <__mdiff+0x15e>
34189310:	eba7 070a 	sub.w	r7, r7, sl
34189314:	3404      	adds	r4, #4
34189316:	eb00 0807 	add.w	r8, r0, r7
3418931a:	f850 1b04 	ldr.w	r1, [r0], #4
3418931e:	fa1f f981 	uxth.w	r9, r1
34189322:	18ce      	adds	r6, r1, r3
34189324:	0c09      	lsrs	r1, r1, #16
34189326:	4586      	cmp	lr, r0
34189328:	444b      	add	r3, r9
3418932a:	b2b6      	uxth	r6, r6
3418932c:	eb01 4123 	add.w	r1, r1, r3, asr #16
34189330:	ea46 4601 	orr.w	r6, r6, r1, lsl #16
34189334:	ea4f 4321 	mov.w	r3, r1, asr #16
34189338:	f8c8 6000 	str.w	r6, [r8]
3418933c:	d8eb      	bhi.n	34189316 <__mdiff+0xea>
3418933e:	f10e 33ff 	add.w	r3, lr, #4294967295	@ 0xffffffff
34189342:	46b1      	mov	r9, r6
34189344:	1b5b      	subs	r3, r3, r5
34189346:	f023 0303 	bic.w	r3, r3, #3
3418934a:	4423      	add	r3, r4
3418934c:	f1b9 0f00 	cmp.w	r9, #0
34189350:	d104      	bne.n	3418935c <__mdiff+0x130>
34189352:	f853 1d04 	ldr.w	r1, [r3, #-4]!
34189356:	3a01      	subs	r2, #1
34189358:	2900      	cmp	r1, #0
3418935a:	d0fa      	beq.n	34189352 <__mdiff+0x126>
3418935c:	4660      	mov	r0, ip
3418935e:	f8cc 2010 	str.w	r2, [ip, #16]
34189362:	b003      	add	sp, #12
34189364:	e8bd 8ff0 	ldmia.w	sp!, {r4, r5, r6, r7, r8, r9, sl, fp, pc}
34189368:	2100      	movs	r1, #0
3418936a:	f7ff fc91 	bl	34188c90 <_Balloc>
3418936e:	4684      	mov	ip, r0
34189370:	b168      	cbz	r0, 3418938e <__mdiff+0x162>
34189372:	2201      	movs	r2, #1
34189374:	2300      	movs	r3, #0
34189376:	e9c0 2304 	strd	r2, r3, [r0, #16]
3418937a:	4660      	mov	r0, ip
3418937c:	b003      	add	sp, #12
3418937e:	e8bd 8ff0 	ldmia.w	sp!, {r4, r5, r6, r7, r8, r9, sl, fp, pc}
34189382:	463b      	mov	r3, r7
34189384:	4627      	mov	r7, r4
34189386:	461c      	mov	r4, r3
34189388:	e778      	b.n	3418927c <__mdiff+0x50>
3418938a:	4623      	mov	r3, r4
3418938c:	e7de      	b.n	3418934c <__mdiff+0x120>
3418938e:	4602      	mov	r2, r0
34189390:	4b06      	ldr	r3, [pc, #24]	@ (341893ac <__mdiff+0x180>)
34189392:	f240 2137 	movw	r1, #567	@ 0x237
34189396:	4806      	ldr	r0, [pc, #24]	@ (341893b0 <__mdiff+0x184>)
34189398:	f000 f9a8 	bl	341896ec <__assert_func>
3418939c:	4602      	mov	r2, r0
3418939e:	4b03      	ldr	r3, [pc, #12]	@ (341893ac <__mdiff+0x180>)
341893a0:	f240 2145 	movw	r1, #581	@ 0x245
341893a4:	4802      	ldr	r0, [pc, #8]	@ (341893b0 <__mdiff+0x184>)
341893a6:	f000 f9a1 	bl	341896ec <__assert_func>
341893aa:	bf00      	nop
341893ac:	3418accc 	.word	0x3418accc
341893b0:	3418ad94 	.word	0x3418ad94

341893b4 <__d2b>:
341893b4:	e92d 43f0 	stmdb	sp!, {r4, r5, r6, r7, r8, r9, lr}
341893b8:	4689      	mov	r9, r1
341893ba:	b083      	sub	sp, #12
341893bc:	2101      	movs	r1, #1
341893be:	4690      	mov	r8, r2
341893c0:	ec57 6b10 	vmov	r6, r7, d0
341893c4:	f7ff fc64 	bl	34188c90 <_Balloc>
341893c8:	4604      	mov	r4, r0
341893ca:	2800      	cmp	r0, #0
341893cc:	d046      	beq.n	3418945c <__d2b+0xa8>
341893ce:	f3c7 550a 	ubfx	r5, r7, #20, #11
341893d2:	f3c7 0313 	ubfx	r3, r7, #0, #20
341893d6:	b10d      	cbz	r5, 341893dc <__d2b+0x28>
341893d8:	f443 1380 	orr.w	r3, r3, #1048576	@ 0x100000
341893dc:	9301      	str	r3, [sp, #4]
341893de:	1e33      	subs	r3, r6, #0
341893e0:	d115      	bne.n	3418940e <__d2b+0x5a>
341893e2:	a801      	add	r0, sp, #4
341893e4:	f7ff fd02 	bl	34188dec <__lo0bits>
341893e8:	9b01      	ldr	r3, [sp, #4]
341893ea:	2101      	movs	r1, #1
341893ec:	3020      	adds	r0, #32
341893ee:	6163      	str	r3, [r4, #20]
341893f0:	6121      	str	r1, [r4, #16]
341893f2:	b315      	cbz	r5, 3418943a <__d2b+0x86>
341893f4:	f2a5 4533 	subw	r5, r5, #1075	@ 0x433
341893f8:	4405      	add	r5, r0
341893fa:	f1c0 0035 	rsb	r0, r0, #53	@ 0x35
341893fe:	f8c9 5000 	str.w	r5, [r9]
34189402:	f8c8 0000 	str.w	r0, [r8]
34189406:	4620      	mov	r0, r4
34189408:	b003      	add	sp, #12
3418940a:	e8bd 83f0 	ldmia.w	sp!, {r4, r5, r6, r7, r8, r9, pc}
3418940e:	4668      	mov	r0, sp
34189410:	9300      	str	r3, [sp, #0]
34189412:	f7ff fceb 	bl	34188dec <__lo0bits>
34189416:	e9dd 2300 	ldrd	r2, r3, [sp]
3418941a:	b128      	cbz	r0, 34189428 <__d2b+0x74>
3418941c:	f1c0 0120 	rsb	r1, r0, #32
34189420:	fa03 f101 	lsl.w	r1, r3, r1
34189424:	40c3      	lsrs	r3, r0
34189426:	430a      	orrs	r2, r1
34189428:	2b00      	cmp	r3, #0
3418942a:	6162      	str	r2, [r4, #20]
3418942c:	61a3      	str	r3, [r4, #24]
3418942e:	bf0c      	ite	eq
34189430:	2101      	moveq	r1, #1
34189432:	2102      	movne	r1, #2
34189434:	6121      	str	r1, [r4, #16]
34189436:	2d00      	cmp	r5, #0
34189438:	d1dc      	bne.n	341893f4 <__d2b+0x40>
3418943a:	eb04 0381 	add.w	r3, r4, r1, lsl #2
3418943e:	f2a0 4032 	subw	r0, r0, #1074	@ 0x432
34189442:	f8c9 0000 	str.w	r0, [r9]
34189446:	6918      	ldr	r0, [r3, #16]
34189448:	f7ff fca6 	bl	34188d98 <__hi0bits>
3418944c:	ebc0 1041 	rsb	r0, r0, r1, lsl #5
34189450:	f8c8 0000 	str.w	r0, [r8]
34189454:	4620      	mov	r0, r4
34189456:	b003      	add	sp, #12
34189458:	e8bd 83f0 	ldmia.w	sp!, {r4, r5, r6, r7, r8, r9, pc}
3418945c:	4602      	mov	r2, r0
3418945e:	4b03      	ldr	r3, [pc, #12]	@ (3418946c <__d2b+0xb8>)
34189460:	f240 310f 	movw	r1, #783	@ 0x30f
34189464:	4802      	ldr	r0, [pc, #8]	@ (34189470 <__d2b+0xbc>)
34189466:	f000 f941 	bl	341896ec <__assert_func>
3418946a:	bf00      	nop
3418946c:	3418accc 	.word	0x3418accc
34189470:	3418ad94 	.word	0x3418ad94

34189474 <__smakebuf_r>:
34189474:	f9b1 200c 	ldrsh.w	r2, [r1, #12]
34189478:	0793      	lsls	r3, r2, #30
3418947a:	d506      	bpl.n	3418948a <__smakebuf_r+0x16>
3418947c:	f101 0343 	add.w	r3, r1, #67	@ 0x43
34189480:	2201      	movs	r2, #1
34189482:	600b      	str	r3, [r1, #0]
34189484:	e9c1 3204 	strd	r3, r2, [r1, #16]
34189488:	4770      	bx	lr
3418948a:	460b      	mov	r3, r1
3418948c:	f9b1 100e 	ldrsh.w	r1, [r1, #14]
34189490:	2900      	cmp	r1, #0
34189492:	b530      	push	{r4, r5, lr}
34189494:	4604      	mov	r4, r0
34189496:	b099      	sub	sp, #100	@ 0x64
34189498:	db32      	blt.n	34189500 <__smakebuf_r+0x8c>
3418949a:	aa02      	add	r2, sp, #8
3418949c:	9300      	str	r3, [sp, #0]
3418949e:	f000 f86d 	bl	3418957c <_fstat_r>
341894a2:	2800      	cmp	r0, #0
341894a4:	9b00      	ldr	r3, [sp, #0]
341894a6:	db29      	blt.n	341894fc <__smakebuf_r+0x88>
341894a8:	f44f 6180 	mov.w	r1, #1024	@ 0x400
341894ac:	4620      	mov	r0, r4
341894ae:	9300      	str	r3, [sp, #0]
341894b0:	9d03      	ldr	r5, [sp, #12]
341894b2:	f7fb fa03 	bl	341848bc <_malloc_r>
341894b6:	9b00      	ldr	r3, [sp, #0]
341894b8:	f9b3 200c 	ldrsh.w	r2, [r3, #12]
341894bc:	2800      	cmp	r0, #0
341894be:	d03b      	beq.n	34189538 <__smakebuf_r+0xc4>
341894c0:	f405 4170 	and.w	r1, r5, #61440	@ 0xf000
341894c4:	f042 0280 	orr.w	r2, r2, #128	@ 0x80
341894c8:	6018      	str	r0, [r3, #0]
341894ca:	6118      	str	r0, [r3, #16]
341894cc:	f5b1 5f00 	cmp.w	r1, #8192	@ 0x2000
341894d0:	f44f 6080 	mov.w	r0, #1024	@ 0x400
341894d4:	819a      	strh	r2, [r3, #12]
341894d6:	6158      	str	r0, [r3, #20]
341894d8:	d13c      	bne.n	34189554 <__smakebuf_r+0xe0>
341894da:	f9b3 100e 	ldrsh.w	r1, [r3, #14]
341894de:	4620      	mov	r0, r4
341894e0:	9300      	str	r3, [sp, #0]
341894e2:	f000 f85f 	bl	341895a4 <_isatty_r>
341894e6:	9b00      	ldr	r3, [sp, #0]
341894e8:	f9b3 200c 	ldrsh.w	r2, [r3, #12]
341894ec:	b390      	cbz	r0, 34189554 <__smakebuf_r+0xe0>
341894ee:	f022 0203 	bic.w	r2, r2, #3
341894f2:	f44f 6c00 	mov.w	ip, #2048	@ 0x800
341894f6:	f042 0201 	orr.w	r2, r2, #1
341894fa:	e018      	b.n	3418952e <__smakebuf_r+0xba>
341894fc:	f9b3 200c 	ldrsh.w	r2, [r3, #12]
34189500:	f012 0f80 	tst.w	r2, #128	@ 0x80
34189504:	4620      	mov	r0, r4
34189506:	9301      	str	r3, [sp, #4]
34189508:	bf0c      	ite	eq
3418950a:	f44f 6180 	moveq.w	r1, #1024	@ 0x400
3418950e:	2140      	movne	r1, #64	@ 0x40
34189510:	9100      	str	r1, [sp, #0]
34189512:	f7fb f9d3 	bl	341848bc <_malloc_r>
34189516:	9b01      	ldr	r3, [sp, #4]
34189518:	9900      	ldr	r1, [sp, #0]
3418951a:	f9b3 200c 	ldrsh.w	r2, [r3, #12]
3418951e:	b158      	cbz	r0, 34189538 <__smakebuf_r+0xc4>
34189520:	f042 0280 	orr.w	r2, r2, #128	@ 0x80
34189524:	f04f 0c00 	mov.w	ip, #0
34189528:	6018      	str	r0, [r3, #0]
3418952a:	e9c3 0104 	strd	r0, r1, [r3, #16]
3418952e:	ea42 020c 	orr.w	r2, r2, ip
34189532:	819a      	strh	r2, [r3, #12]
34189534:	b019      	add	sp, #100	@ 0x64
34189536:	bd30      	pop	{r4, r5, pc}
34189538:	0591      	lsls	r1, r2, #22
3418953a:	d4fb      	bmi.n	34189534 <__smakebuf_r+0xc0>
3418953c:	f022 0203 	bic.w	r2, r2, #3
34189540:	f103 0143 	add.w	r1, r3, #67	@ 0x43
34189544:	2001      	movs	r0, #1
34189546:	f042 0202 	orr.w	r2, r2, #2
3418954a:	6019      	str	r1, [r3, #0]
3418954c:	e9c3 1004 	strd	r1, r0, [r3, #16]
34189550:	819a      	strh	r2, [r3, #12]
34189552:	e7ef      	b.n	34189534 <__smakebuf_r+0xc0>
34189554:	f44f 6c00 	mov.w	ip, #2048	@ 0x800
34189558:	e7e9      	b.n	3418952e <__smakebuf_r+0xba>
3418955a:	bf00      	nop

3418955c <__ascii_wctomb>:
3418955c:	b159      	cbz	r1, 34189576 <__ascii_wctomb+0x1a>
3418955e:	2aff      	cmp	r2, #255	@ 0xff
34189560:	d803      	bhi.n	3418956a <__ascii_wctomb+0xe>
34189562:	2301      	movs	r3, #1
34189564:	700a      	strb	r2, [r1, #0]
34189566:	4618      	mov	r0, r3
34189568:	4770      	bx	lr
3418956a:	228a      	movs	r2, #138	@ 0x8a
3418956c:	f04f 33ff 	mov.w	r3, #4294967295	@ 0xffffffff
34189570:	6002      	str	r2, [r0, #0]
34189572:	4618      	mov	r0, r3
34189574:	4770      	bx	lr
34189576:	460b      	mov	r3, r1
34189578:	4618      	mov	r0, r3
3418957a:	4770      	bx	lr

3418957c <_fstat_r>:
3418957c:	b538      	push	{r3, r4, r5, lr}
3418957e:	2300      	movs	r3, #0
34189580:	4c07      	ldr	r4, [pc, #28]	@ (341895a0 <_fstat_r+0x24>)
34189582:	4605      	mov	r5, r0
34189584:	4608      	mov	r0, r1
34189586:	4611      	mov	r1, r2
34189588:	6023      	str	r3, [r4, #0]
3418958a:	f001 fa91 	bl	3418aab0 <_fstat>
3418958e:	1c43      	adds	r3, r0, #1
34189590:	d000      	beq.n	34189594 <_fstat_r+0x18>
34189592:	bd38      	pop	{r3, r4, r5, pc}
34189594:	6823      	ldr	r3, [r4, #0]
34189596:	2b00      	cmp	r3, #0
34189598:	d0fb      	beq.n	34189592 <_fstat_r+0x16>
3418959a:	602b      	str	r3, [r5, #0]
3418959c:	bd38      	pop	{r3, r4, r5, pc}
3418959e:	bf00      	nop
341895a0:	341c0be4 	.word	0x341c0be4

341895a4 <_isatty_r>:
341895a4:	b538      	push	{r3, r4, r5, lr}
341895a6:	2300      	movs	r3, #0
341895a8:	4c06      	ldr	r4, [pc, #24]	@ (341895c4 <_isatty_r+0x20>)
341895aa:	4605      	mov	r5, r0
341895ac:	4608      	mov	r0, r1
341895ae:	6023      	str	r3, [r4, #0]
341895b0:	f001 fa8e 	bl	3418aad0 <_isatty>
341895b4:	1c43      	adds	r3, r0, #1
341895b6:	d000      	beq.n	341895ba <_isatty_r+0x16>
341895b8:	bd38      	pop	{r3, r4, r5, pc}
341895ba:	6823      	ldr	r3, [r4, #0]
341895bc:	2b00      	cmp	r3, #0
341895be:	d0fb      	beq.n	341895b8 <_isatty_r+0x14>
341895c0:	602b      	str	r3, [r5, #0]
341895c2:	bd38      	pop	{r3, r4, r5, pc}
341895c4:	341c0be4 	.word	0x341c0be4

341895c8 <_wcsnrtombs_l>:
341895c8:	e92d 4ff0 	stmdb	sp!, {r4, r5, r6, r7, r8, r9, sl, fp, lr}
341895cc:	b08b      	sub	sp, #44	@ 0x2c
341895ce:	461c      	mov	r4, r3
341895d0:	e9dd 7814 	ldrd	r7, r8, [sp, #80]	@ 0x50
341895d4:	f8dd 9058 	ldr.w	r9, [sp, #88]	@ 0x58
341895d8:	9002      	str	r0, [sp, #8]
341895da:	f1b8 0f00 	cmp.w	r8, #0
341895de:	d058      	beq.n	34189692 <_wcsnrtombs_l+0xca>
341895e0:	2900      	cmp	r1, #0
341895e2:	6816      	ldr	r6, [r2, #0]
341895e4:	46c3      	mov	fp, r8
341895e6:	f04f 0500 	mov.w	r5, #0
341895ea:	bf08      	it	eq
341895ec:	f04f 37ff 	moveq.w	r7, #4294967295	@ 0xffffffff
341895f0:	4688      	mov	r8, r1
341895f2:	4692      	mov	sl, r2
341895f4:	9601      	str	r6, [sp, #4]
341895f6:	9103      	str	r1, [sp, #12]
341895f8:	e006      	b.n	34189608 <_wcsnrtombs_l+0x40>
341895fa:	9b01      	ldr	r3, [sp, #4]
341895fc:	f853 0b04 	ldr.w	r0, [r3], #4
34189600:	9301      	str	r3, [sp, #4]
34189602:	2800      	cmp	r0, #0
34189604:	d037      	beq.n	34189676 <_wcsnrtombs_l+0xae>
34189606:	4665      	mov	r5, ip
34189608:	42af      	cmp	r7, r5
3418960a:	d93e      	bls.n	3418968a <_wcsnrtombs_l+0xc2>
3418960c:	2c00      	cmp	r4, #0
3418960e:	d03c      	beq.n	3418968a <_wcsnrtombs_l+0xc2>
34189610:	f8db 3000 	ldr.w	r3, [fp]
34189614:	a906      	add	r1, sp, #24
34189616:	9a01      	ldr	r2, [sp, #4]
34189618:	9304      	str	r3, [sp, #16]
3418961a:	f8db 3004 	ldr.w	r3, [fp, #4]
3418961e:	6812      	ldr	r2, [r2, #0]
34189620:	9305      	str	r3, [sp, #20]
34189622:	465b      	mov	r3, fp
34189624:	9802      	ldr	r0, [sp, #8]
34189626:	f8d9 61c8 	ldr.w	r6, [r9, #456]	@ 0x1c8
3418962a:	47b0      	blx	r6
3418962c:	1c43      	adds	r3, r0, #1
3418962e:	d033      	beq.n	34189698 <_wcsnrtombs_l+0xd0>
34189630:	eb00 0c05 	add.w	ip, r0, r5
34189634:	45bc      	cmp	ip, r7
34189636:	d83a      	bhi.n	341896ae <_wcsnrtombs_l+0xe6>
34189638:	9b03      	ldr	r3, [sp, #12]
3418963a:	3c01      	subs	r4, #1
3418963c:	2b00      	cmp	r3, #0
3418963e:	d0dc      	beq.n	341895fa <_wcsnrtombs_l+0x32>
34189640:	2800      	cmp	r0, #0
34189642:	dd0d      	ble.n	34189660 <_wcsnrtombs_l+0x98>
34189644:	f108 32ff 	add.w	r2, r8, #4294967295	@ 0xffffffff
34189648:	a906      	add	r1, sp, #24
3418964a:	9e01      	ldr	r6, [sp, #4]
3418964c:	eb00 0e02 	add.w	lr, r0, r2
34189650:	f811 3b01 	ldrb.w	r3, [r1], #1
34189654:	f802 3f01 	strb.w	r3, [r2, #1]!
34189658:	4572      	cmp	r2, lr
3418965a:	d1f9      	bne.n	34189650 <_wcsnrtombs_l+0x88>
3418965c:	4480      	add	r8, r0
3418965e:	9601      	str	r6, [sp, #4]
34189660:	f8da 2000 	ldr.w	r2, [sl]
34189664:	9b01      	ldr	r3, [sp, #4]
34189666:	3204      	adds	r2, #4
34189668:	f853 0b04 	ldr.w	r0, [r3], #4
3418966c:	f8ca 2000 	str.w	r2, [sl]
34189670:	9301      	str	r3, [sp, #4]
34189672:	2800      	cmp	r0, #0
34189674:	d1c7      	bne.n	34189606 <_wcsnrtombs_l+0x3e>
34189676:	9903      	ldr	r1, [sp, #12]
34189678:	46d8      	mov	r8, fp
3418967a:	b109      	cbz	r1, 34189680 <_wcsnrtombs_l+0xb8>
3418967c:	f8ca 0000 	str.w	r0, [sl]
34189680:	2200      	movs	r2, #0
34189682:	f10c 35ff 	add.w	r5, ip, #4294967295	@ 0xffffffff
34189686:	f8c8 2000 	str.w	r2, [r8]
3418968a:	4628      	mov	r0, r5
3418968c:	b00b      	add	sp, #44	@ 0x2c
3418968e:	e8bd 8ff0 	ldmia.w	sp!, {r4, r5, r6, r7, r8, r9, sl, fp, pc}
34189692:	f500 7886 	add.w	r8, r0, #268	@ 0x10c
34189696:	e7a3      	b.n	341895e0 <_wcsnrtombs_l+0x18>
34189698:	4605      	mov	r5, r0
3418969a:	218a      	movs	r1, #138	@ 0x8a
3418969c:	2200      	movs	r2, #0
3418969e:	9b02      	ldr	r3, [sp, #8]
341896a0:	4628      	mov	r0, r5
341896a2:	6019      	str	r1, [r3, #0]
341896a4:	f8cb 2000 	str.w	r2, [fp]
341896a8:	b00b      	add	sp, #44	@ 0x2c
341896aa:	e8bd 8ff0 	ldmia.w	sp!, {r4, r5, r6, r7, r8, r9, sl, fp, pc}
341896ae:	46d8      	mov	r8, fp
341896b0:	f8dd a010 	ldr.w	sl, [sp, #16]
341896b4:	f8dd b014 	ldr.w	fp, [sp, #20]
341896b8:	4628      	mov	r0, r5
341896ba:	e9c8 ab00 	strd	sl, fp, [r8]
341896be:	b00b      	add	sp, #44	@ 0x2c
341896c0:	e8bd 8ff0 	ldmia.w	sp!, {r4, r5, r6, r7, r8, r9, sl, fp, pc}

341896c4 <_wcsnrtombs_r>:
341896c4:	b500      	push	{lr}
341896c6:	b085      	sub	sp, #20
341896c8:	f8df c01c 	ldr.w	ip, [pc, #28]	@ 341896e8 <_wcsnrtombs_r+0x24>
341896cc:	9806      	ldr	r0, [sp, #24]
341896ce:	9000      	str	r0, [sp, #0]
341896d0:	9807      	ldr	r0, [sp, #28]
341896d2:	9001      	str	r0, [sp, #4]
341896d4:	4803      	ldr	r0, [pc, #12]	@ (341896e4 <_wcsnrtombs_r+0x20>)
341896d6:	6800      	ldr	r0, [r0, #0]
341896d8:	f8cd c008 	str.w	ip, [sp, #8]
341896dc:	f7ff ff74 	bl	341895c8 <_wcsnrtombs_l>
341896e0:	b005      	add	sp, #20
341896e2:	bd00      	pop	{pc}
341896e4:	341c0020 	.word	0x341c0020
341896e8:	341c0640 	.word	0x341c0640

341896ec <__assert_func>:
341896ec:	b500      	push	{lr}
341896ee:	f8df e03c 	ldr.w	lr, [pc, #60]	@ 3418972c <__assert_func+0x40>
341896f2:	468c      	mov	ip, r1
341896f4:	4604      	mov	r4, r0
341896f6:	b085      	sub	sp, #20
341896f8:	f8de 1000 	ldr.w	r1, [lr]
341896fc:	469e      	mov	lr, r3
341896fe:	68c8      	ldr	r0, [r1, #12]
34189700:	b15a      	cbz	r2, 3418971a <__assert_func+0x2e>
34189702:	4907      	ldr	r1, [pc, #28]	@ (34189720 <__assert_func+0x34>)
34189704:	4623      	mov	r3, r4
34189706:	9202      	str	r2, [sp, #8]
34189708:	9101      	str	r1, [sp, #4]
3418970a:	4672      	mov	r2, lr
3418970c:	4905      	ldr	r1, [pc, #20]	@ (34189724 <__assert_func+0x38>)
3418970e:	f8cd c000 	str.w	ip, [sp]
34189712:	f000 f84b 	bl	341897ac <fiprintf>
34189716:	f001 f973 	bl	3418aa00 <abort>
3418971a:	4903      	ldr	r1, [pc, #12]	@ (34189728 <__assert_func+0x3c>)
3418971c:	460a      	mov	r2, r1
3418971e:	e7f1      	b.n	34189704 <__assert_func+0x18>
34189720:	3418ae48 	.word	0x3418ae48
34189724:	3418ae58 	.word	0x3418ae58
34189728:	3418ae54 	.word	0x3418ae54
3418972c:	341c0020 	.word	0x341c0020

34189730 <_calloc_r>:
34189730:	b510      	push	{r4, lr}
34189732:	fba1 1402 	umull	r1, r4, r1, r2
34189736:	b082      	sub	sp, #8
34189738:	bb54      	cbnz	r4, 34189790 <_calloc_r+0x60>
3418973a:	f7fb f8bf 	bl	341848bc <_malloc_r>
3418973e:	4603      	mov	r3, r0
34189740:	b350      	cbz	r0, 34189798 <_calloc_r+0x68>
34189742:	f850 2c04 	ldr.w	r2, [r0, #-4]
34189746:	f022 0203 	bic.w	r2, r2, #3
3418974a:	3a04      	subs	r2, #4
3418974c:	2a24      	cmp	r2, #36	@ 0x24
3418974e:	d80c      	bhi.n	3418976a <_calloc_r+0x3a>
34189750:	2a13      	cmp	r2, #19
34189752:	d912      	bls.n	3418977a <_calloc_r+0x4a>
34189754:	2a1b      	cmp	r2, #27
34189756:	e9c0 4400 	strd	r4, r4, [r0]
3418975a:	d916      	bls.n	3418978a <_calloc_r+0x5a>
3418975c:	2a24      	cmp	r2, #36	@ 0x24
3418975e:	e9c0 4402 	strd	r4, r4, [r0, #8]
34189762:	d01d      	beq.n	341897a0 <_calloc_r+0x70>
34189764:	f100 0110 	add.w	r1, r0, #16
34189768:	e008      	b.n	3418977c <_calloc_r+0x4c>
3418976a:	4621      	mov	r1, r4
3418976c:	9001      	str	r0, [sp, #4]
3418976e:	f7fa fdcf 	bl	34184310 <memset>
34189772:	9b01      	ldr	r3, [sp, #4]
34189774:	4618      	mov	r0, r3
34189776:	b002      	add	sp, #8
34189778:	bd10      	pop	{r4, pc}
3418977a:	4601      	mov	r1, r0
3418977c:	2200      	movs	r2, #0
3418977e:	4618      	mov	r0, r3
34189780:	e9c1 2200 	strd	r2, r2, [r1]
34189784:	608a      	str	r2, [r1, #8]
34189786:	b002      	add	sp, #8
34189788:	bd10      	pop	{r4, pc}
3418978a:	f100 0108 	add.w	r1, r0, #8
3418978e:	e7f5      	b.n	3418977c <_calloc_r+0x4c>
34189790:	f7fa fe02 	bl	34184398 <__errno>
34189794:	230c      	movs	r3, #12
34189796:	6003      	str	r3, [r0, #0]
34189798:	2300      	movs	r3, #0
3418979a:	4618      	mov	r0, r3
3418979c:	b002      	add	sp, #8
3418979e:	bd10      	pop	{r4, pc}
341897a0:	f100 0118 	add.w	r1, r0, #24
341897a4:	e9c0 4404 	strd	r4, r4, [r0, #16]
341897a8:	e7e8      	b.n	3418977c <_calloc_r+0x4c>
341897aa:	bf00      	nop

341897ac <fiprintf>:
341897ac:	b40e      	push	{r1, r2, r3}
341897ae:	b500      	push	{lr}
341897b0:	b082      	sub	sp, #8
341897b2:	4601      	mov	r1, r0
341897b4:	4806      	ldr	r0, [pc, #24]	@ (341897d0 <fiprintf+0x24>)
341897b6:	ab03      	add	r3, sp, #12
341897b8:	6800      	ldr	r0, [r0, #0]
341897ba:	f853 2b04 	ldr.w	r2, [r3], #4
341897be:	9301      	str	r3, [sp, #4]
341897c0:	f000 f808 	bl	341897d4 <_vfiprintf_r>
341897c4:	b002      	add	sp, #8
341897c6:	f85d eb04 	ldr.w	lr, [sp], #4
341897ca:	b003      	add	sp, #12
341897cc:	4770      	bx	lr
341897ce:	bf00      	nop
341897d0:	341c0020 	.word	0x341c0020

341897d4 <_vfiprintf_r>:
341897d4:	e92d 4ff0 	stmdb	sp!, {r4, r5, r6, r7, r8, r9, sl, fp, lr}
341897d8:	b0c5      	sub	sp, #276	@ 0x114
341897da:	4683      	mov	fp, r0
341897dc:	4692      	mov	sl, r2
341897de:	2208      	movs	r2, #8
341897e0:	af14      	add	r7, sp, #80	@ 0x50
341897e2:	9104      	str	r1, [sp, #16]
341897e4:	2100      	movs	r1, #0
341897e6:	461c      	mov	r4, r3
341897e8:	4638      	mov	r0, r7
341897ea:	930b      	str	r3, [sp, #44]	@ 0x2c
341897ec:	f7fa fd90 	bl	34184310 <memset>
341897f0:	f1bb 0f00 	cmp.w	fp, #0
341897f4:	d004      	beq.n	34189800 <_vfiprintf_r+0x2c>
341897f6:	f8db 3034 	ldr.w	r3, [fp, #52]	@ 0x34
341897fa:	2b00      	cmp	r3, #0
341897fc:	f000 8752 	beq.w	3418a6a4 <_vfiprintf_r+0xed0>
34189800:	9b04      	ldr	r3, [sp, #16]
34189802:	6e5a      	ldr	r2, [r3, #100]	@ 0x64
34189804:	f9b3 300c 	ldrsh.w	r3, [r3, #12]
34189808:	07d0      	lsls	r0, r2, #31
3418980a:	f140 8141 	bpl.w	34189a90 <_vfiprintf_r+0x2bc>
3418980e:	0499      	lsls	r1, r3, #18
34189810:	f100 85d9 	bmi.w	3418a3c6 <_vfiprintf_r+0xbf2>
34189814:	9904      	ldr	r1, [sp, #16]
34189816:	f443 5300 	orr.w	r3, r3, #8192	@ 0x2000
3418981a:	f422 5200 	bic.w	r2, r2, #8192	@ 0x2000
3418981e:	818b      	strh	r3, [r1, #12]
34189820:	664a      	str	r2, [r1, #100]	@ 0x64
34189822:	0493      	lsls	r3, r2, #18
34189824:	f101 806d 	bmi.w	3418a902 <_vfiprintf_r+0x112e>
34189828:	9b04      	ldr	r3, [sp, #16]
3418982a:	f9b3 300c 	ldrsh.w	r3, [r3, #12]
3418982e:	071d      	lsls	r5, r3, #28
34189830:	f140 80ba 	bpl.w	341899a8 <_vfiprintf_r+0x1d4>
34189834:	9a04      	ldr	r2, [sp, #16]
34189836:	6912      	ldr	r2, [r2, #16]
34189838:	2a00      	cmp	r2, #0
3418983a:	f000 80b5 	beq.w	341899a8 <_vfiprintf_r+0x1d4>
3418983e:	f003 021a 	and.w	r2, r3, #26
34189842:	2a0a      	cmp	r2, #10
34189844:	f000 80bf 	beq.w	341899c6 <_vfiprintf_r+0x1f2>
34189848:	aa1b      	add	r2, sp, #108	@ 0x6c
3418984a:	2300      	movs	r3, #0
3418984c:	4691      	mov	r9, r2
3418984e:	930d      	str	r3, [sp, #52]	@ 0x34
34189850:	9218      	str	r2, [sp, #96]	@ 0x60
34189852:	9307      	str	r3, [sp, #28]
34189854:	e9cd 3319 	strd	r3, r3, [sp, #100]	@ 0x64
34189858:	e9cd 330e 	strd	r3, r3, [sp, #56]	@ 0x38
3418985c:	4655      	mov	r5, sl
3418985e:	4b92      	ldr	r3, [pc, #584]	@ (34189aa8 <_vfiprintf_r+0x2d4>)
34189860:	f8d3 41cc 	ldr.w	r4, [r3, #460]	@ 0x1cc
34189864:	f7fe f91e 	bl	34187aa4 <__locale_mb_cur_max>
34189868:	462a      	mov	r2, r5
3418986a:	4603      	mov	r3, r0
3418986c:	a912      	add	r1, sp, #72	@ 0x48
3418986e:	4658      	mov	r0, fp
34189870:	9700      	str	r7, [sp, #0]
34189872:	47a0      	blx	r4
34189874:	2800      	cmp	r0, #0
34189876:	4603      	mov	r3, r0
34189878:	f000 80c4 	beq.w	34189a04 <_vfiprintf_r+0x230>
3418987c:	f2c0 80ba 	blt.w	341899f4 <_vfiprintf_r+0x220>
34189880:	9a12      	ldr	r2, [sp, #72]	@ 0x48
34189882:	2a25      	cmp	r2, #37	@ 0x25
34189884:	d001      	beq.n	3418988a <_vfiprintf_r+0xb6>
34189886:	441d      	add	r5, r3
34189888:	e7e9      	b.n	3418985e <_vfiprintf_r+0x8a>
3418988a:	ebb5 060a 	subs.w	r6, r5, sl
3418988e:	4604      	mov	r4, r0
34189890:	f040 80bc 	bne.w	34189a0c <_vfiprintf_r+0x238>
34189894:	2300      	movs	r3, #0
34189896:	f04f 32ff 	mov.w	r2, #4294967295	@ 0xffffffff
3418989a:	f105 0a01 	add.w	sl, r5, #1
3418989e:	4619      	mov	r1, r3
341898a0:	f88d 3043 	strb.w	r3, [sp, #67]	@ 0x43
341898a4:	9308      	str	r3, [sp, #32]
341898a6:	786b      	ldrb	r3, [r5, #1]
341898a8:	9206      	str	r2, [sp, #24]
341898aa:	9103      	str	r1, [sp, #12]
341898ac:	f10a 0a01 	add.w	sl, sl, #1
341898b0:	4619      	mov	r1, r3
341898b2:	f1a1 0320 	sub.w	r3, r1, #32
341898b6:	2b5a      	cmp	r3, #90	@ 0x5a
341898b8:	f200 80f8 	bhi.w	34189aac <_vfiprintf_r+0x2d8>
341898bc:	e8df f013 	tbh	[pc, r3, lsl #1]
341898c0:	00f60367 	.word	0x00f60367
341898c4:	036000f6 	.word	0x036000f6
341898c8:	00f600f6 	.word	0x00f600f6
341898cc:	034000f6 	.word	0x034000f6
341898d0:	00f600f6 	.word	0x00f600f6
341898d4:	02570212 	.word	0x02570212
341898d8:	021d00f6 	.word	0x021d00f6
341898dc:	00f60379 	.word	0x00f60379
341898e0:	005b0372 	.word	0x005b0372
341898e4:	005b005b 	.word	0x005b005b
341898e8:	005b005b 	.word	0x005b005b
341898ec:	005b005b 	.word	0x005b005b
341898f0:	005b005b 	.word	0x005b005b
341898f4:	00f600f6 	.word	0x00f600f6
341898f8:	00f600f6 	.word	0x00f600f6
341898fc:	00f600f6 	.word	0x00f600f6
34189900:	00f600f6 	.word	0x00f600f6
34189904:	01e300f6 	.word	0x01e300f6
34189908:	00f60394 	.word	0x00f60394
3418990c:	00f600f6 	.word	0x00f600f6
34189910:	00f600f6 	.word	0x00f600f6
34189914:	00f600f6 	.word	0x00f600f6
34189918:	00f600f6 	.word	0x00f600f6
3418991c:	022400f6 	.word	0x022400f6
34189920:	00f600f6 	.word	0x00f600f6
34189924:	01b300f6 	.word	0x01b300f6
34189928:	02ea00f6 	.word	0x02ea00f6
3418992c:	00f600f6 	.word	0x00f600f6
34189930:	00f605ca 	.word	0x00f605ca
34189934:	00f600f6 	.word	0x00f600f6
34189938:	00f600f6 	.word	0x00f600f6
3418993c:	00f600f6 	.word	0x00f600f6
34189940:	00f600f6 	.word	0x00f600f6
34189944:	01e300f6 	.word	0x01e300f6
34189948:	00f6017b 	.word	0x00f6017b
3418994c:	00f600f6 	.word	0x00f600f6
34189950:	017b0336 	.word	0x017b0336
34189954:	00f6006d 	.word	0x00f6006d
34189958:	00f602e0 	.word	0x00f602e0
3418995c:	02bf02d2 	.word	0x02bf02d2
34189960:	006d028e 	.word	0x006d028e
34189964:	01b300f6 	.word	0x01b300f6
34189968:	025d006a 	.word	0x025d006a
3418996c:	00f600f6 	.word	0x00f600f6
34189970:	00f6060b 	.word	0x00f6060b
34189974:	006a      	.short	0x006a
34189976:	f1a1 0330 	sub.w	r3, r1, #48	@ 0x30
3418997a:	2200      	movs	r2, #0
3418997c:	eb02 0282 	add.w	r2, r2, r2, lsl #2
34189980:	f81a 1b01 	ldrb.w	r1, [sl], #1
34189984:	eb03 0242 	add.w	r2, r3, r2, lsl #1
34189988:	f1a1 0330 	sub.w	r3, r1, #48	@ 0x30
3418998c:	2b09      	cmp	r3, #9
3418998e:	d9f5      	bls.n	3418997c <_vfiprintf_r+0x1a8>
34189990:	9208      	str	r2, [sp, #32]
34189992:	e78e      	b.n	341898b2 <_vfiprintf_r+0xde>
34189994:	f89a 3000 	ldrb.w	r3, [sl]
34189998:	e788      	b.n	341898ac <_vfiprintf_r+0xd8>
3418999a:	9b03      	ldr	r3, [sp, #12]
3418999c:	f043 0320 	orr.w	r3, r3, #32
341899a0:	9303      	str	r3, [sp, #12]
341899a2:	f89a 3000 	ldrb.w	r3, [sl]
341899a6:	e781      	b.n	341898ac <_vfiprintf_r+0xd8>
341899a8:	9d04      	ldr	r5, [sp, #16]
341899aa:	4658      	mov	r0, fp
341899ac:	4629      	mov	r1, r5
341899ae:	f7fd ff43 	bl	34187838 <__swsetup_r>
341899b2:	2800      	cmp	r0, #0
341899b4:	f040 87b4 	bne.w	3418a920 <_vfiprintf_r+0x114c>
341899b8:	f9b5 300c 	ldrsh.w	r3, [r5, #12]
341899bc:	f003 021a 	and.w	r2, r3, #26
341899c0:	2a0a      	cmp	r2, #10
341899c2:	f47f af41 	bne.w	34189848 <_vfiprintf_r+0x74>
341899c6:	9904      	ldr	r1, [sp, #16]
341899c8:	f9b1 200e 	ldrsh.w	r2, [r1, #14]
341899cc:	2a00      	cmp	r2, #0
341899ce:	f6ff af3b 	blt.w	34189848 <_vfiprintf_r+0x74>
341899d2:	6e4a      	ldr	r2, [r1, #100]	@ 0x64
341899d4:	07d2      	lsls	r2, r2, #31
341899d6:	d402      	bmi.n	341899de <_vfiprintf_r+0x20a>
341899d8:	059f      	lsls	r7, r3, #22
341899da:	f140 86fa 	bpl.w	3418a7d2 <_vfiprintf_r+0xffe>
341899de:	4623      	mov	r3, r4
341899e0:	4652      	mov	r2, sl
341899e2:	9904      	ldr	r1, [sp, #16]
341899e4:	4658      	mov	r0, fp
341899e6:	f000 ffcb 	bl	3418a980 <__sbprintf>
341899ea:	9007      	str	r0, [sp, #28]
341899ec:	9807      	ldr	r0, [sp, #28]
341899ee:	b045      	add	sp, #276	@ 0x114
341899f0:	e8bd 8ff0 	ldmia.w	sp!, {r4, r5, r6, r7, r8, r9, sl, fp, pc}
341899f4:	2208      	movs	r2, #8
341899f6:	2100      	movs	r1, #0
341899f8:	4638      	mov	r0, r7
341899fa:	f7fa fc89 	bl	34184310 <memset>
341899fe:	2301      	movs	r3, #1
34189a00:	441d      	add	r5, r3
34189a02:	e72c      	b.n	3418985e <_vfiprintf_r+0x8a>
34189a04:	ebb5 060a 	subs.w	r6, r5, sl
34189a08:	4604      	mov	r4, r0
34189a0a:	d011      	beq.n	34189a30 <_vfiprintf_r+0x25c>
34189a0c:	9b1a      	ldr	r3, [sp, #104]	@ 0x68
34189a0e:	4433      	add	r3, r6
34189a10:	931a      	str	r3, [sp, #104]	@ 0x68
34189a12:	9b19      	ldr	r3, [sp, #100]	@ 0x64
34189a14:	3301      	adds	r3, #1
34189a16:	2b07      	cmp	r3, #7
34189a18:	9319      	str	r3, [sp, #100]	@ 0x64
34189a1a:	e9c9 a600 	strd	sl, r6, [r9]
34189a1e:	dc11      	bgt.n	34189a44 <_vfiprintf_r+0x270>
34189a20:	f109 0908 	add.w	r9, r9, #8
34189a24:	9b07      	ldr	r3, [sp, #28]
34189a26:	4433      	add	r3, r6
34189a28:	9307      	str	r3, [sp, #28]
34189a2a:	2c00      	cmp	r4, #0
34189a2c:	f47f af32 	bne.w	34189894 <_vfiprintf_r+0xc0>
34189a30:	9b1a      	ldr	r3, [sp, #104]	@ 0x68
34189a32:	2b00      	cmp	r3, #0
34189a34:	f040 8726 	bne.w	3418a884 <_vfiprintf_r+0x10b0>
34189a38:	2200      	movs	r2, #0
34189a3a:	9b04      	ldr	r3, [sp, #16]
34189a3c:	9219      	str	r2, [sp, #100]	@ 0x64
34189a3e:	f9b3 300c 	ldrsh.w	r3, [r3, #12]
34189a42:	e019      	b.n	34189a78 <_vfiprintf_r+0x2a4>
34189a44:	aa18      	add	r2, sp, #96	@ 0x60
34189a46:	9904      	ldr	r1, [sp, #16]
34189a48:	4658      	mov	r0, fp
34189a4a:	f7fd fe39 	bl	341876c0 <__sprint_r>
34189a4e:	b980      	cbnz	r0, 34189a72 <_vfiprintf_r+0x29e>
34189a50:	f10d 096c 	add.w	r9, sp, #108	@ 0x6c
34189a54:	e7e6      	b.n	34189a24 <_vfiprintf_r+0x250>
34189a56:	aa18      	add	r2, sp, #96	@ 0x60
34189a58:	9904      	ldr	r1, [sp, #16]
34189a5a:	4658      	mov	r0, fp
34189a5c:	f7fd fe30 	bl	341876c0 <__sprint_r>
34189a60:	2800      	cmp	r0, #0
34189a62:	f000 8093 	beq.w	34189b8c <_vfiprintf_r+0x3b8>
34189a66:	9b09      	ldr	r3, [sp, #36]	@ 0x24
34189a68:	b11b      	cbz	r3, 34189a72 <_vfiprintf_r+0x29e>
34189a6a:	9909      	ldr	r1, [sp, #36]	@ 0x24
34189a6c:	4658      	mov	r0, fp
34189a6e:	f7fa fe21 	bl	341846b4 <_free_r>
34189a72:	9b04      	ldr	r3, [sp, #16]
34189a74:	f9b3 300c 	ldrsh.w	r3, [r3, #12]
34189a78:	9a04      	ldr	r2, [sp, #16]
34189a7a:	6e52      	ldr	r2, [r2, #100]	@ 0x64
34189a7c:	07d0      	lsls	r0, r2, #31
34189a7e:	f140 8090 	bpl.w	34189ba2 <_vfiprintf_r+0x3ce>
34189a82:	065b      	lsls	r3, r3, #25
34189a84:	f100 871e 	bmi.w	3418a8c4 <_vfiprintf_r+0x10f0>
34189a88:	9807      	ldr	r0, [sp, #28]
34189a8a:	b045      	add	sp, #276	@ 0x114
34189a8c:	e8bd 8ff0 	ldmia.w	sp!, {r4, r5, r6, r7, r8, r9, sl, fp, pc}
34189a90:	059e      	lsls	r6, r3, #22
34189a92:	f140 811c 	bpl.w	34189cce <_vfiprintf_r+0x4fa>
34189a96:	049d      	lsls	r5, r3, #18
34189a98:	f57f aebc 	bpl.w	34189814 <_vfiprintf_r+0x40>
34189a9c:	0490      	lsls	r0, r2, #18
34189a9e:	f57f aec6 	bpl.w	3418982e <_vfiprintf_r+0x5a>
34189aa2:	f000 bf30 	b.w	3418a906 <_vfiprintf_r+0x1132>
34189aa6:	bf00      	nop
34189aa8:	341c0640 	.word	0x341c0640
34189aac:	2900      	cmp	r1, #0
34189aae:	d0bf      	beq.n	34189a30 <_vfiprintf_r+0x25c>
34189ab0:	2300      	movs	r3, #0
34189ab2:	2201      	movs	r2, #1
34189ab4:	ad2b      	add	r5, sp, #172	@ 0xac
34189ab6:	f88d 10ac 	strb.w	r1, [sp, #172]	@ 0xac
34189aba:	f88d 3043 	strb.w	r3, [sp, #67]	@ 0x43
34189abe:	9309      	str	r3, [sp, #36]	@ 0x24
34189ac0:	920a      	str	r2, [sp, #40]	@ 0x28
34189ac2:	e9cd 2305 	strd	r2, r3, [sp, #20]
34189ac6:	9c03      	ldr	r4, [sp, #12]
34189ac8:	e9dd 3019 	ldrd	r3, r0, [sp, #100]	@ 0x64
34189acc:	f014 0884 	ands.w	r8, r4, #132	@ 0x84
34189ad0:	4601      	mov	r1, r0
34189ad2:	461a      	mov	r2, r3
34189ad4:	d12e      	bne.n	34189b34 <_vfiprintf_r+0x360>
34189ad6:	9c08      	ldr	r4, [sp, #32]
34189ad8:	9e05      	ldr	r6, [sp, #20]
34189ada:	1ba4      	subs	r4, r4, r6
34189adc:	2c00      	cmp	r4, #0
34189ade:	f300 8412 	bgt.w	3418a306 <_vfiprintf_r+0xb32>
34189ae2:	f89d 3043 	ldrb.w	r3, [sp, #67]	@ 0x43
34189ae6:	b34b      	cbz	r3, 34189b3c <_vfiprintf_r+0x368>
34189ae8:	f04f 0800 	mov.w	r8, #0
34189aec:	f8cd 8030 	str.w	r8, [sp, #48]	@ 0x30
34189af0:	3201      	adds	r2, #1
34189af2:	2301      	movs	r3, #1
34189af4:	3101      	adds	r1, #1
34189af6:	f8c9 3004 	str.w	r3, [r9, #4]
34189afa:	2a07      	cmp	r2, #7
34189afc:	f10d 0343 	add.w	r3, sp, #67	@ 0x43
34189b00:	e9cd 2119 	strd	r2, r1, [sp, #100]	@ 0x64
34189b04:	f8c9 3000 	str.w	r3, [r9]
34189b08:	f300 8394 	bgt.w	3418a234 <_vfiprintf_r+0xa60>
34189b0c:	f109 0908 	add.w	r9, r9, #8
34189b10:	9b0c      	ldr	r3, [sp, #48]	@ 0x30
34189b12:	b17b      	cbz	r3, 34189b34 <_vfiprintf_r+0x360>
34189b14:	3201      	adds	r2, #1
34189b16:	ab11      	add	r3, sp, #68	@ 0x44
34189b18:	3102      	adds	r1, #2
34189b1a:	f8c9 3000 	str.w	r3, [r9]
34189b1e:	2a07      	cmp	r2, #7
34189b20:	f04f 0302 	mov.w	r3, #2
34189b24:	e9cd 2119 	strd	r2, r1, [sp, #100]	@ 0x64
34189b28:	f8c9 3004 	str.w	r3, [r9, #4]
34189b2c:	f300 8375 	bgt.w	3418a21a <_vfiprintf_r+0xa46>
34189b30:	f109 0908 	add.w	r9, r9, #8
34189b34:	f1b8 0f80 	cmp.w	r8, #128	@ 0x80
34189b38:	f000 82f4 	beq.w	3418a124 <_vfiprintf_r+0x950>
34189b3c:	9b06      	ldr	r3, [sp, #24]
34189b3e:	980a      	ldr	r0, [sp, #40]	@ 0x28
34189b40:	1a1c      	subs	r4, r3, r0
34189b42:	2c00      	cmp	r4, #0
34189b44:	f300 832c 	bgt.w	3418a1a0 <_vfiprintf_r+0x9cc>
34189b48:	9b0a      	ldr	r3, [sp, #40]	@ 0x28
34189b4a:	3201      	adds	r2, #1
34189b4c:	f8c9 5000 	str.w	r5, [r9]
34189b50:	4419      	add	r1, r3
34189b52:	2a07      	cmp	r2, #7
34189b54:	f8c9 3004 	str.w	r3, [r9, #4]
34189b58:	e9cd 2119 	strd	r2, r1, [sp, #100]	@ 0x64
34189b5c:	f300 8351 	bgt.w	3418a202 <_vfiprintf_r+0xa2e>
34189b60:	f109 0908 	add.w	r9, r9, #8
34189b64:	9b03      	ldr	r3, [sp, #12]
34189b66:	075c      	lsls	r4, r3, #29
34189b68:	d505      	bpl.n	34189b76 <_vfiprintf_r+0x3a2>
34189b6a:	9b08      	ldr	r3, [sp, #32]
34189b6c:	9a05      	ldr	r2, [sp, #20]
34189b6e:	1a9c      	subs	r4, r3, r2
34189b70:	2c00      	cmp	r4, #0
34189b72:	f300 836c 	bgt.w	3418a24e <_vfiprintf_r+0xa7a>
34189b76:	9805      	ldr	r0, [sp, #20]
34189b78:	e9dd 3207 	ldrd	r3, r2, [sp, #28]
34189b7c:	4282      	cmp	r2, r0
34189b7e:	bfac      	ite	ge
34189b80:	189b      	addge	r3, r3, r2
34189b82:	181b      	addlt	r3, r3, r0
34189b84:	9307      	str	r3, [sp, #28]
34189b86:	2900      	cmp	r1, #0
34189b88:	f47f af65 	bne.w	34189a56 <_vfiprintf_r+0x282>
34189b8c:	2300      	movs	r3, #0
34189b8e:	9319      	str	r3, [sp, #100]	@ 0x64
34189b90:	9b09      	ldr	r3, [sp, #36]	@ 0x24
34189b92:	b11b      	cbz	r3, 34189b9c <_vfiprintf_r+0x3c8>
34189b94:	9909      	ldr	r1, [sp, #36]	@ 0x24
34189b96:	4658      	mov	r0, fp
34189b98:	f7fa fd8c 	bl	341846b4 <_free_r>
34189b9c:	f10d 096c 	add.w	r9, sp, #108	@ 0x6c
34189ba0:	e65c      	b.n	3418985c <_vfiprintf_r+0x88>
34189ba2:	059a      	lsls	r2, r3, #22
34189ba4:	f53f af6d 	bmi.w	34189a82 <_vfiprintf_r+0x2ae>
34189ba8:	9c04      	ldr	r4, [sp, #16]
34189baa:	6da0      	ldr	r0, [r4, #88]	@ 0x58
34189bac:	f7fa fc3a 	bl	34184424 <__retarget_lock_release_recursive>
34189bb0:	f9b4 300c 	ldrsh.w	r3, [r4, #12]
34189bb4:	e765      	b.n	34189a82 <_vfiprintf_r+0x2ae>
34189bb6:	9b03      	ldr	r3, [sp, #12]
34189bb8:	069c      	lsls	r4, r3, #26
34189bba:	f140 842d 	bpl.w	3418a418 <_vfiprintf_r+0xc44>
34189bbe:	9b0b      	ldr	r3, [sp, #44]	@ 0x2c
34189bc0:	3307      	adds	r3, #7
34189bc2:	f023 0207 	bic.w	r2, r3, #7
34189bc6:	6853      	ldr	r3, [r2, #4]
34189bc8:	f852 4b08 	ldr.w	r4, [r2], #8
34189bcc:	4698      	mov	r8, r3
34189bce:	920b      	str	r2, [sp, #44]	@ 0x2c
34189bd0:	2b00      	cmp	r3, #0
34189bd2:	f2c0 821b 	blt.w	3418a00c <_vfiprintf_r+0x838>
34189bd6:	9b06      	ldr	r3, [sp, #24]
34189bd8:	2b00      	cmp	r3, #0
34189bda:	f2c0 816d 	blt.w	34189eb8 <_vfiprintf_r+0x6e4>
34189bde:	9b03      	ldr	r3, [sp, #12]
34189be0:	f023 0380 	bic.w	r3, r3, #128	@ 0x80
34189be4:	9303      	str	r3, [sp, #12]
34189be6:	f040 8167 	bne.w	34189eb8 <_vfiprintf_r+0x6e4>
34189bea:	ea54 0308 	orrs.w	r3, r4, r8
34189bee:	bf14      	ite	ne
34189bf0:	2201      	movne	r2, #1
34189bf2:	2200      	moveq	r2, #0
34189bf4:	f040 8160 	bne.w	34189eb8 <_vfiprintf_r+0x6e4>
34189bf8:	f89d 3043 	ldrb.w	r3, [sp, #67]	@ 0x43
34189bfc:	2b00      	cmp	r3, #0
34189bfe:	f000 818f 	beq.w	34189f20 <_vfiprintf_r+0x74c>
34189c02:	2101      	movs	r1, #1
34189c04:	ad44      	add	r5, sp, #272	@ 0x110
34189c06:	9209      	str	r2, [sp, #36]	@ 0x24
34189c08:	9105      	str	r1, [sp, #20]
34189c0a:	920a      	str	r2, [sp, #40]	@ 0x28
34189c0c:	9206      	str	r2, [sp, #24]
34189c0e:	9c03      	ldr	r4, [sp, #12]
34189c10:	e9dd 2119 	ldrd	r2, r1, [sp, #100]	@ 0x64
34189c14:	f014 0884 	ands.w	r8, r4, #132	@ 0x84
34189c18:	4608      	mov	r0, r1
34189c1a:	4613      	mov	r3, r2
34189c1c:	f43f af5b 	beq.w	34189ad6 <_vfiprintf_r+0x302>
34189c20:	2300      	movs	r3, #0
34189c22:	930c      	str	r3, [sp, #48]	@ 0x30
34189c24:	e764      	b.n	34189af0 <_vfiprintf_r+0x31c>
34189c26:	2300      	movs	r3, #0
34189c28:	f8dd 802c 	ldr.w	r8, [sp, #44]	@ 0x2c
34189c2c:	f88d 3043 	strb.w	r3, [sp, #67]	@ 0x43
34189c30:	f858 3b04 	ldr.w	r3, [r8], #4
34189c34:	9309      	str	r3, [sp, #36]	@ 0x24
34189c36:	2b00      	cmp	r3, #0
34189c38:	f000 854d 	beq.w	3418a6d6 <_vfiprintf_r+0xf02>
34189c3c:	2953      	cmp	r1, #83	@ 0x53
34189c3e:	f000 848a 	beq.w	3418a556 <_vfiprintf_r+0xd82>
34189c42:	9b03      	ldr	r3, [sp, #12]
34189c44:	f013 0410 	ands.w	r4, r3, #16
34189c48:	f040 8485 	bne.w	3418a556 <_vfiprintf_r+0xd82>
34189c4c:	9a06      	ldr	r2, [sp, #24]
34189c4e:	2a00      	cmp	r2, #0
34189c50:	f2c0 85a2 	blt.w	3418a798 <_vfiprintf_r+0xfc4>
34189c54:	4621      	mov	r1, r4
34189c56:	9809      	ldr	r0, [sp, #36]	@ 0x24
34189c58:	f7fd ff9c 	bl	34187b94 <memchr>
34189c5c:	f89d 3043 	ldrb.w	r3, [sp, #67]	@ 0x43
34189c60:	9d09      	ldr	r5, [sp, #36]	@ 0x24
34189c62:	2800      	cmp	r0, #0
34189c64:	f000 8637 	beq.w	3418a8d6 <_vfiprintf_r+0x1102>
34189c68:	1b42      	subs	r2, r0, r5
34189c6a:	920a      	str	r2, [sp, #40]	@ 0x28
34189c6c:	ea22 72e2 	bic.w	r2, r2, r2, asr #31
34189c70:	9205      	str	r2, [sp, #20]
34189c72:	2b00      	cmp	r3, #0
34189c74:	f000 859d 	beq.w	3418a7b2 <_vfiprintf_r+0xfde>
34189c78:	3201      	adds	r2, #1
34189c7a:	9406      	str	r4, [sp, #24]
34189c7c:	f8cd 802c 	str.w	r8, [sp, #44]	@ 0x2c
34189c80:	9205      	str	r2, [sp, #20]
34189c82:	9409      	str	r4, [sp, #36]	@ 0x24
34189c84:	e7c3      	b.n	34189c0e <_vfiprintf_r+0x43a>
34189c86:	2943      	cmp	r1, #67	@ 0x43
34189c88:	d003      	beq.n	34189c92 <_vfiprintf_r+0x4be>
34189c8a:	9b03      	ldr	r3, [sp, #12]
34189c8c:	06de      	lsls	r6, r3, #27
34189c8e:	f140 8444 	bpl.w	3418a51a <_vfiprintf_r+0xd46>
34189c92:	2208      	movs	r2, #8
34189c94:	2100      	movs	r1, #0
34189c96:	a816      	add	r0, sp, #88	@ 0x58
34189c98:	ad2b      	add	r5, sp, #172	@ 0xac
34189c9a:	f7fa fb39 	bl	34184310 <memset>
34189c9e:	9a0b      	ldr	r2, [sp, #44]	@ 0x2c
34189ca0:	ab16      	add	r3, sp, #88	@ 0x58
34189ca2:	4658      	mov	r0, fp
34189ca4:	6812      	ldr	r2, [r2, #0]
34189ca6:	4629      	mov	r1, r5
34189ca8:	f7fd ffbe 	bl	34187c28 <_wcrtomb_r>
34189cac:	900a      	str	r0, [sp, #40]	@ 0x28
34189cae:	3001      	adds	r0, #1
34189cb0:	f000 85ff 	beq.w	3418a8b2 <_vfiprintf_r+0x10de>
34189cb4:	9b0a      	ldr	r3, [sp, #40]	@ 0x28
34189cb6:	ea23 73e3 	bic.w	r3, r3, r3, asr #31
34189cba:	9305      	str	r3, [sp, #20]
34189cbc:	9b0b      	ldr	r3, [sp, #44]	@ 0x2c
34189cbe:	3304      	adds	r3, #4
34189cc0:	930b      	str	r3, [sp, #44]	@ 0x2c
34189cc2:	2300      	movs	r3, #0
34189cc4:	f88d 3043 	strb.w	r3, [sp, #67]	@ 0x43
34189cc8:	9309      	str	r3, [sp, #36]	@ 0x24
34189cca:	9306      	str	r3, [sp, #24]
34189ccc:	e6fb      	b.n	34189ac6 <_vfiprintf_r+0x2f2>
34189cce:	9d04      	ldr	r5, [sp, #16]
34189cd0:	6da8      	ldr	r0, [r5, #88]	@ 0x58
34189cd2:	f7fa fba5 	bl	34184420 <__retarget_lock_acquire_recursive>
34189cd6:	f9b5 300c 	ldrsh.w	r3, [r5, #12]
34189cda:	6e6a      	ldr	r2, [r5, #100]	@ 0x64
34189cdc:	0499      	lsls	r1, r3, #18
34189cde:	f53f ada0 	bmi.w	34189822 <_vfiprintf_r+0x4e>
34189ce2:	e597      	b.n	34189814 <_vfiprintf_r+0x40>
34189ce4:	9b0b      	ldr	r3, [sp, #44]	@ 0x2c
34189ce6:	f853 2b04 	ldr.w	r2, [r3], #4
34189cea:	2a00      	cmp	r2, #0
34189cec:	9208      	str	r2, [sp, #32]
34189cee:	f280 8365 	bge.w	3418a3bc <_vfiprintf_r+0xbe8>
34189cf2:	9a08      	ldr	r2, [sp, #32]
34189cf4:	930b      	str	r3, [sp, #44]	@ 0x2c
34189cf6:	4252      	negs	r2, r2
34189cf8:	9208      	str	r2, [sp, #32]
34189cfa:	9b03      	ldr	r3, [sp, #12]
34189cfc:	f043 0304 	orr.w	r3, r3, #4
34189d00:	9303      	str	r3, [sp, #12]
34189d02:	f89a 3000 	ldrb.w	r3, [sl]
34189d06:	e5d1      	b.n	341898ac <_vfiprintf_r+0xd8>
34189d08:	9b03      	ldr	r3, [sp, #12]
34189d0a:	069d      	lsls	r5, r3, #26
34189d0c:	f043 0010 	orr.w	r0, r3, #16
34189d10:	f140 836a 	bpl.w	3418a3e8 <_vfiprintf_r+0xc14>
34189d14:	9b0b      	ldr	r3, [sp, #44]	@ 0x2c
34189d16:	3307      	adds	r3, #7
34189d18:	f023 0307 	bic.w	r3, r3, #7
34189d1c:	4619      	mov	r1, r3
34189d1e:	685a      	ldr	r2, [r3, #4]
34189d20:	f851 3b08 	ldr.w	r3, [r1], #8
34189d24:	910b      	str	r1, [sp, #44]	@ 0x2c
34189d26:	2100      	movs	r1, #0
34189d28:	f88d 1043 	strb.w	r1, [sp, #67]	@ 0x43
34189d2c:	9906      	ldr	r1, [sp, #24]
34189d2e:	2900      	cmp	r1, #0
34189d30:	f2c0 82c6 	blt.w	3418a2c0 <_vfiprintf_r+0xaec>
34189d34:	f420 6190 	bic.w	r1, r0, #1152	@ 0x480
34189d38:	9103      	str	r1, [sp, #12]
34189d3a:	ea53 0102 	orrs.w	r1, r3, r2
34189d3e:	f040 82c2 	bne.w	3418a2c6 <_vfiprintf_r+0xaf2>
34189d42:	9906      	ldr	r1, [sp, #24]
34189d44:	2900      	cmp	r1, #0
34189d46:	f040 82be 	bne.w	3418a2c6 <_vfiprintf_r+0xaf2>
34189d4a:	f010 0201 	ands.w	r2, r0, #1
34189d4e:	9205      	str	r2, [sp, #20]
34189d50:	f000 832d 	beq.w	3418a3ae <_vfiprintf_r+0xbda>
34189d54:	1a49      	subs	r1, r1, r1
34189d56:	f04f 0330 	mov.w	r3, #48	@ 0x30
34189d5a:	f20d 150f 	addw	r5, sp, #271	@ 0x10f
34189d5e:	bf18      	it	ne
34189d60:	2101      	movne	r1, #1
34189d62:	f88d 310f 	strb.w	r3, [sp, #271]	@ 0x10f
34189d66:	9106      	str	r1, [sp, #24]
34189d68:	e9cd 1209 	strd	r1, r2, [sp, #36]	@ 0x24
34189d6c:	e6ab      	b.n	34189ac6 <_vfiprintf_r+0x2f2>
34189d6e:	232b      	movs	r3, #43	@ 0x2b
34189d70:	f88d 3043 	strb.w	r3, [sp, #67]	@ 0x43
34189d74:	f89a 3000 	ldrb.w	r3, [sl]
34189d78:	e598      	b.n	341898ac <_vfiprintf_r+0xd8>
34189d7a:	9b03      	ldr	r3, [sp, #12]
34189d7c:	069a      	lsls	r2, r3, #26
34189d7e:	f100 80b3 	bmi.w	34189ee8 <_vfiprintf_r+0x714>
34189d82:	9b03      	ldr	r3, [sp, #12]
34189d84:	990b      	ldr	r1, [sp, #44]	@ 0x2c
34189d86:	f013 0310 	ands.w	r3, r3, #16
34189d8a:	f851 4b04 	ldr.w	r4, [r1], #4
34189d8e:	9305      	str	r3, [sp, #20]
34189d90:	f040 85eb 	bne.w	3418a96a <_vfiprintf_r+0x1196>
34189d94:	9b03      	ldr	r3, [sp, #12]
34189d96:	f013 0340 	ands.w	r3, r3, #64	@ 0x40
34189d9a:	f000 8429 	beq.w	3418a5f0 <_vfiprintf_r+0xe1c>
34189d9e:	9b05      	ldr	r3, [sp, #20]
34189da0:	f04f 0800 	mov.w	r8, #0
34189da4:	b2a4      	uxth	r4, r4
34189da6:	f88d 3043 	strb.w	r3, [sp, #67]	@ 0x43
34189daa:	9b06      	ldr	r3, [sp, #24]
34189dac:	4543      	cmp	r3, r8
34189dae:	f2c0 842a 	blt.w	3418a606 <_vfiprintf_r+0xe32>
34189db2:	9b03      	ldr	r3, [sp, #12]
34189db4:	f023 0380 	bic.w	r3, r3, #128	@ 0x80
34189db8:	9303      	str	r3, [sp, #12]
34189dba:	9b06      	ldr	r3, [sp, #24]
34189dbc:	2b00      	cmp	r3, #0
34189dbe:	f040 8422 	bne.w	3418a606 <_vfiprintf_r+0xe32>
34189dc2:	ea54 0308 	orrs.w	r3, r4, r8
34189dc6:	f040 841e 	bne.w	3418a606 <_vfiprintf_r+0xe32>
34189dca:	bf14      	ite	ne
34189dcc:	2301      	movne	r3, #1
34189dce:	2300      	moveq	r3, #0
34189dd0:	ad44      	add	r5, sp, #272	@ 0x110
34189dd2:	910b      	str	r1, [sp, #44]	@ 0x2c
34189dd4:	9306      	str	r3, [sp, #24]
34189dd6:	e9cd 3309 	strd	r3, r3, [sp, #36]	@ 0x24
34189dda:	e674      	b.n	34189ac6 <_vfiprintf_r+0x2f2>
34189ddc:	2200      	movs	r2, #0
34189dde:	990b      	ldr	r1, [sp, #44]	@ 0x2c
34189de0:	9c06      	ldr	r4, [sp, #24]
34189de2:	f647 0330 	movw	r3, #30768	@ 0x7830
34189de6:	f851 0b04 	ldr.w	r0, [r1], #4
34189dea:	4294      	cmp	r4, r2
34189dec:	f8ad 3044 	strh.w	r3, [sp, #68]	@ 0x44
34189df0:	f88d 2043 	strb.w	r2, [sp, #67]	@ 0x43
34189df4:	4603      	mov	r3, r0
34189df6:	f2c0 8370 	blt.w	3418a4da <_vfiprintf_r+0xd06>
34189dfa:	9c03      	ldr	r4, [sp, #12]
34189dfc:	f024 0480 	bic.w	r4, r4, #128	@ 0x80
34189e00:	f044 0402 	orr.w	r4, r4, #2
34189e04:	9403      	str	r4, [sp, #12]
34189e06:	f040 8587 	bne.w	3418a918 <_vfiprintf_r+0x1144>
34189e0a:	2800      	cmp	r0, #0
34189e0c:	f040 8584 	bne.w	3418a918 <_vfiprintf_r+0x1144>
34189e10:	1a03      	subs	r3, r0, r0
34189e12:	ad44      	add	r5, sp, #272	@ 0x110
34189e14:	910b      	str	r1, [sp, #44]	@ 0x2c
34189e16:	bf18      	it	ne
34189e18:	2301      	movne	r3, #1
34189e1a:	9306      	str	r3, [sp, #24]
34189e1c:	9305      	str	r3, [sp, #20]
34189e1e:	930a      	str	r3, [sp, #40]	@ 0x28
34189e20:	9b05      	ldr	r3, [sp, #20]
34189e22:	9c03      	ldr	r4, [sp, #12]
34189e24:	3302      	adds	r3, #2
34189e26:	f014 0884 	ands.w	r8, r4, #132	@ 0x84
34189e2a:	9305      	str	r3, [sp, #20]
34189e2c:	e9dd 2119 	ldrd	r2, r1, [sp, #100]	@ 0x64
34189e30:	4608      	mov	r0, r1
34189e32:	4613      	mov	r3, r2
34189e34:	f000 83e9 	beq.w	3418a60a <_vfiprintf_r+0xe36>
34189e38:	2300      	movs	r3, #0
34189e3a:	9309      	str	r3, [sp, #36]	@ 0x24
34189e3c:	e66a      	b.n	34189b14 <_vfiprintf_r+0x340>
34189e3e:	9803      	ldr	r0, [sp, #12]
34189e40:	0684      	lsls	r4, r0, #26
34189e42:	f53f af67 	bmi.w	34189d14 <_vfiprintf_r+0x540>
34189e46:	9a03      	ldr	r2, [sp, #12]
34189e48:	990b      	ldr	r1, [sp, #44]	@ 0x2c
34189e4a:	06d0      	lsls	r0, r2, #27
34189e4c:	f851 3b04 	ldr.w	r3, [r1], #4
34189e50:	f100 858e 	bmi.w	3418a970 <_vfiprintf_r+0x119c>
34189e54:	9803      	ldr	r0, [sp, #12]
34189e56:	0642      	lsls	r2, r0, #25
34189e58:	f140 845a 	bpl.w	3418a710 <_vfiprintf_r+0xf3c>
34189e5c:	b29b      	uxth	r3, r3
34189e5e:	2200      	movs	r2, #0
34189e60:	910b      	str	r1, [sp, #44]	@ 0x2c
34189e62:	e760      	b.n	34189d26 <_vfiprintf_r+0x552>
34189e64:	9903      	ldr	r1, [sp, #12]
34189e66:	9a0b      	ldr	r2, [sp, #44]	@ 0x2c
34189e68:	0688      	lsls	r0, r1, #26
34189e6a:	f102 0304 	add.w	r3, r2, #4
34189e6e:	f140 82c2 	bpl.w	3418a3f6 <_vfiprintf_r+0xc22>
34189e72:	6812      	ldr	r2, [r2, #0]
34189e74:	9907      	ldr	r1, [sp, #28]
34189e76:	6011      	str	r1, [r2, #0]
34189e78:	17c9      	asrs	r1, r1, #31
34189e7a:	6051      	str	r1, [r2, #4]
34189e7c:	930b      	str	r3, [sp, #44]	@ 0x2c
34189e7e:	e4ed      	b.n	3418985c <_vfiprintf_r+0x88>
34189e80:	f89a 3000 	ldrb.w	r3, [sl]
34189e84:	2b6c      	cmp	r3, #108	@ 0x6c
34189e86:	f000 835c 	beq.w	3418a542 <_vfiprintf_r+0xd6e>
34189e8a:	9a03      	ldr	r2, [sp, #12]
34189e8c:	f042 0210 	orr.w	r2, r2, #16
34189e90:	9203      	str	r2, [sp, #12]
34189e92:	e50b      	b.n	341898ac <_vfiprintf_r+0xd8>
34189e94:	9b03      	ldr	r3, [sp, #12]
34189e96:	0699      	lsls	r1, r3, #26
34189e98:	f043 0210 	orr.w	r2, r3, #16
34189e9c:	d425      	bmi.n	34189eea <_vfiprintf_r+0x716>
34189e9e:	9b0b      	ldr	r3, [sp, #44]	@ 0x2c
34189ea0:	1d19      	adds	r1, r3, #4
34189ea2:	9b0b      	ldr	r3, [sp, #44]	@ 0x2c
34189ea4:	f04f 0800 	mov.w	r8, #0
34189ea8:	910b      	str	r1, [sp, #44]	@ 0x2c
34189eaa:	681c      	ldr	r4, [r3, #0]
34189eac:	9b06      	ldr	r3, [sp, #24]
34189eae:	f88d 8043 	strb.w	r8, [sp, #67]	@ 0x43
34189eb2:	4543      	cmp	r3, r8
34189eb4:	da28      	bge.n	34189f08 <_vfiprintf_r+0x734>
34189eb6:	9203      	str	r2, [sp, #12]
34189eb8:	2c0a      	cmp	r4, #10
34189eba:	f178 0300 	sbcs.w	r3, r8, #0
34189ebe:	f080 80b8 	bcs.w	3418a032 <_vfiprintf_r+0x85e>
34189ec2:	9a06      	ldr	r2, [sp, #24]
34189ec4:	3430      	adds	r4, #48	@ 0x30
34189ec6:	f89d 3043 	ldrb.w	r3, [sp, #67]	@ 0x43
34189eca:	2a01      	cmp	r2, #1
34189ecc:	f88d 410f 	strb.w	r4, [sp, #271]	@ 0x10f
34189ed0:	bfb8      	it	lt
34189ed2:	2201      	movlt	r2, #1
34189ed4:	9205      	str	r2, [sp, #20]
34189ed6:	2b00      	cmp	r3, #0
34189ed8:	f040 8279 	bne.w	3418a3ce <_vfiprintf_r+0xbfa>
34189edc:	9309      	str	r3, [sp, #36]	@ 0x24
34189ede:	2301      	movs	r3, #1
34189ee0:	f20d 150f 	addw	r5, sp, #271	@ 0x10f
34189ee4:	930a      	str	r3, [sp, #40]	@ 0x28
34189ee6:	e5ee      	b.n	34189ac6 <_vfiprintf_r+0x2f2>
34189ee8:	461a      	mov	r2, r3
34189eea:	9b0b      	ldr	r3, [sp, #44]	@ 0x2c
34189eec:	2100      	movs	r1, #0
34189eee:	3307      	adds	r3, #7
34189ef0:	f88d 1043 	strb.w	r1, [sp, #67]	@ 0x43
34189ef4:	f023 0307 	bic.w	r3, r3, #7
34189ef8:	f8d3 8004 	ldr.w	r8, [r3, #4]
34189efc:	f853 4b08 	ldr.w	r4, [r3], #8
34189f00:	930b      	str	r3, [sp, #44]	@ 0x2c
34189f02:	9b06      	ldr	r3, [sp, #24]
34189f04:	428b      	cmp	r3, r1
34189f06:	dbd6      	blt.n	34189eb6 <_vfiprintf_r+0x6e2>
34189f08:	f022 0380 	bic.w	r3, r2, #128	@ 0x80
34189f0c:	9303      	str	r3, [sp, #12]
34189f0e:	9b06      	ldr	r3, [sp, #24]
34189f10:	2b00      	cmp	r3, #0
34189f12:	d1d1      	bne.n	34189eb8 <_vfiprintf_r+0x6e4>
34189f14:	ea54 0308 	orrs.w	r3, r4, r8
34189f18:	d1ce      	bne.n	34189eb8 <_vfiprintf_r+0x6e4>
34189f1a:	bf14      	ite	ne
34189f1c:	2301      	movne	r3, #1
34189f1e:	2300      	moveq	r3, #0
34189f20:	ad44      	add	r5, sp, #272	@ 0x110
34189f22:	9309      	str	r3, [sp, #36]	@ 0x24
34189f24:	9306      	str	r3, [sp, #24]
34189f26:	930a      	str	r3, [sp, #40]	@ 0x28
34189f28:	9305      	str	r3, [sp, #20]
34189f2a:	e5cc      	b.n	34189ac6 <_vfiprintf_r+0x2f2>
34189f2c:	f89a 3000 	ldrb.w	r3, [sl]
34189f30:	2b68      	cmp	r3, #104	@ 0x68
34189f32:	f000 82fc 	beq.w	3418a52e <_vfiprintf_r+0xd5a>
34189f36:	9a03      	ldr	r2, [sp, #12]
34189f38:	f042 0240 	orr.w	r2, r2, #64	@ 0x40
34189f3c:	9203      	str	r2, [sp, #12]
34189f3e:	e4b5      	b.n	341898ac <_vfiprintf_r+0xd8>
34189f40:	4658      	mov	r0, fp
34189f42:	f7fd fdb5 	bl	34187ab0 <_localeconv_r>
34189f46:	6843      	ldr	r3, [r0, #4]
34189f48:	4618      	mov	r0, r3
34189f4a:	930f      	str	r3, [sp, #60]	@ 0x3c
34189f4c:	f7fa fae2 	bl	34184514 <strlen>
34189f50:	900e      	str	r0, [sp, #56]	@ 0x38
34189f52:	4604      	mov	r4, r0
34189f54:	4658      	mov	r0, fp
34189f56:	f7fd fdab 	bl	34187ab0 <_localeconv_r>
34189f5a:	6882      	ldr	r2, [r0, #8]
34189f5c:	f89a 3000 	ldrb.w	r3, [sl]
34189f60:	920d      	str	r2, [sp, #52]	@ 0x34
34189f62:	2c00      	cmp	r4, #0
34189f64:	f43f aca2 	beq.w	341898ac <_vfiprintf_r+0xd8>
34189f68:	2a00      	cmp	r2, #0
34189f6a:	f43f ac9f 	beq.w	341898ac <_vfiprintf_r+0xd8>
34189f6e:	7812      	ldrb	r2, [r2, #0]
34189f70:	2a00      	cmp	r2, #0
34189f72:	f43f ac9b 	beq.w	341898ac <_vfiprintf_r+0xd8>
34189f76:	9a03      	ldr	r2, [sp, #12]
34189f78:	f442 6280 	orr.w	r2, r2, #1024	@ 0x400
34189f7c:	9203      	str	r2, [sp, #12]
34189f7e:	e495      	b.n	341898ac <_vfiprintf_r+0xd8>
34189f80:	9b03      	ldr	r3, [sp, #12]
34189f82:	f043 0301 	orr.w	r3, r3, #1
34189f86:	9303      	str	r3, [sp, #12]
34189f88:	f89a 3000 	ldrb.w	r3, [sl]
34189f8c:	e48e      	b.n	341898ac <_vfiprintf_r+0xd8>
34189f8e:	f89d 2043 	ldrb.w	r2, [sp, #67]	@ 0x43
34189f92:	f89a 3000 	ldrb.w	r3, [sl]
34189f96:	2a00      	cmp	r2, #0
34189f98:	f47f ac88 	bne.w	341898ac <_vfiprintf_r+0xd8>
34189f9c:	2220      	movs	r2, #32
34189f9e:	f88d 2043 	strb.w	r2, [sp, #67]	@ 0x43
34189fa2:	e483      	b.n	341898ac <_vfiprintf_r+0xd8>
34189fa4:	9b03      	ldr	r3, [sp, #12]
34189fa6:	f043 0380 	orr.w	r3, r3, #128	@ 0x80
34189faa:	9303      	str	r3, [sp, #12]
34189fac:	f89a 3000 	ldrb.w	r3, [sl]
34189fb0:	e47c      	b.n	341898ac <_vfiprintf_r+0xd8>
34189fb2:	4650      	mov	r0, sl
34189fb4:	f810 1b01 	ldrb.w	r1, [r0], #1
34189fb8:	292a      	cmp	r1, #42	@ 0x2a
34189fba:	f000 84bc 	beq.w	3418a936 <_vfiprintf_r+0x1162>
34189fbe:	f1a1 0330 	sub.w	r3, r1, #48	@ 0x30
34189fc2:	2b09      	cmp	r3, #9
34189fc4:	f200 8459 	bhi.w	3418a87a <_vfiprintf_r+0x10a6>
34189fc8:	2200      	movs	r2, #0
34189fca:	eb02 0282 	add.w	r2, r2, r2, lsl #2
34189fce:	f810 1b01 	ldrb.w	r1, [r0], #1
34189fd2:	eb03 0242 	add.w	r2, r3, r2, lsl #1
34189fd6:	f1a1 0330 	sub.w	r3, r1, #48	@ 0x30
34189fda:	2b09      	cmp	r3, #9
34189fdc:	d9f5      	bls.n	34189fca <_vfiprintf_r+0x7f6>
34189fde:	ea42 73e2 	orr.w	r3, r2, r2, asr #31
34189fe2:	4682      	mov	sl, r0
34189fe4:	9306      	str	r3, [sp, #24]
34189fe6:	e464      	b.n	341898b2 <_vfiprintf_r+0xde>
34189fe8:	9a03      	ldr	r2, [sp, #12]
34189fea:	0695      	lsls	r5, r2, #26
34189fec:	f042 0310 	orr.w	r3, r2, #16
34189ff0:	f100 822d 	bmi.w	3418a44e <_vfiprintf_r+0xc7a>
34189ff4:	9a0b      	ldr	r2, [sp, #44]	@ 0x2c
34189ff6:	1d11      	adds	r1, r2, #4
34189ff8:	9a0b      	ldr	r2, [sp, #44]	@ 0x2c
34189ffa:	9303      	str	r3, [sp, #12]
34189ffc:	6814      	ldr	r4, [r2, #0]
34189ffe:	910b      	str	r1, [sp, #44]	@ 0x2c
3418a000:	ea4f 78e4 	mov.w	r8, r4, asr #31
3418a004:	4643      	mov	r3, r8
3418a006:	2b00      	cmp	r3, #0
3418a008:	f6bf ade5 	bge.w	34189bd6 <_vfiprintf_r+0x402>
3418a00c:	232d      	movs	r3, #45	@ 0x2d
3418a00e:	4264      	negs	r4, r4
3418a010:	f88d 3043 	strb.w	r3, [sp, #67]	@ 0x43
3418a014:	eb68 0848 	sbc.w	r8, r8, r8, lsl #1
3418a018:	9b06      	ldr	r3, [sp, #24]
3418a01a:	2b00      	cmp	r3, #0
3418a01c:	f6ff af4c 	blt.w	34189eb8 <_vfiprintf_r+0x6e4>
3418a020:	9b03      	ldr	r3, [sp, #12]
3418a022:	2c0a      	cmp	r4, #10
3418a024:	f023 0380 	bic.w	r3, r3, #128	@ 0x80
3418a028:	9303      	str	r3, [sp, #12]
3418a02a:	f178 0300 	sbcs.w	r3, r8, #0
3418a02e:	f4ff af48 	bcc.w	34189ec2 <_vfiprintf_r+0x6ee>
3418a032:	9b03      	ldr	r3, [sp, #12]
3418a034:	f04f 0e00 	mov.w	lr, #0
3418a038:	a944      	add	r1, sp, #272	@ 0x110
3418a03a:	f403 6680 	and.w	r6, r3, #1024	@ 0x400
3418a03e:	e9cd 9a09 	strd	r9, sl, [sp, #36]	@ 0x24
3418a042:	9605      	str	r6, [sp, #20]
3418a044:	f8dd a034 	ldr.w	sl, [sp, #52]	@ 0x34
3418a048:	e026      	b.n	3418a098 <_vfiprintf_r+0x8c4>
3418a04a:	9605      	str	r6, [sp, #20]
3418a04c:	eb14 0308 	adds.w	r3, r4, r8
3418a050:	4eb2      	ldr	r6, [pc, #712]	@ (3418a31c <_vfiprintf_r+0xb48>)
3418a052:	46a1      	mov	r9, r4
3418a054:	4640      	mov	r0, r8
3418a056:	f143 0300 	adc.w	r3, r3, #0
3418a05a:	4629      	mov	r1, r5
3418a05c:	fba6 2c03 	umull	r2, ip, r6, r3
3418a060:	f02c 0203 	bic.w	r2, ip, #3
3418a064:	eb02 029c 	add.w	r2, r2, ip, lsr #2
3418a068:	1a9b      	subs	r3, r3, r2
3418a06a:	f04f 32cc 	mov.w	r2, #3435973836	@ 0xcccccccc
3418a06e:	1ae3      	subs	r3, r4, r3
3418a070:	f168 0800 	sbc.w	r8, r8, #0
3418a074:	fb02 f203 	mul.w	r2, r2, r3
3418a078:	f1b9 0f0a 	cmp.w	r9, #10
3418a07c:	fba3 4306 	umull	r4, r3, r3, r6
3418a080:	fb06 2208 	mla	r2, r6, r8, r2
3418a084:	ea4f 0454 	mov.w	r4, r4, lsr #1
3418a088:	f170 0000 	sbcs.w	r0, r0, #0
3418a08c:	4413      	add	r3, r2
3418a08e:	ea44 74c3 	orr.w	r4, r4, r3, lsl #31
3418a092:	ea4f 0853 	mov.w	r8, r3, lsr #1
3418a096:	d330      	bcc.n	3418a0fa <_vfiprintf_r+0x926>
3418a098:	eb14 0308 	adds.w	r3, r4, r8
3418a09c:	4a9f      	ldr	r2, [pc, #636]	@ (3418a31c <_vfiprintf_r+0xb48>)
3418a09e:	f10e 0e01 	add.w	lr, lr, #1
3418a0a2:	f101 35ff 	add.w	r5, r1, #4294967295	@ 0xffffffff
3418a0a6:	f143 0300 	adc.w	r3, r3, #0
3418a0aa:	4616      	mov	r6, r2
3418a0ac:	fba2 2003 	umull	r2, r0, r2, r3
3418a0b0:	f020 0203 	bic.w	r2, r0, #3
3418a0b4:	eb02 0290 	add.w	r2, r2, r0, lsr #2
3418a0b8:	1a9b      	subs	r3, r3, r2
3418a0ba:	1ae3      	subs	r3, r4, r3
3418a0bc:	fba3 3206 	umull	r3, r2, r3, r6
3418a0c0:	f168 0000 	sbc.w	r0, r8, #0
3418a0c4:	085b      	lsrs	r3, r3, #1
3418a0c6:	fb06 2200 	mla	r2, r6, r0, r2
3418a0ca:	ea43 73c2 	orr.w	r3, r3, r2, lsl #31
3418a0ce:	eb03 0383 	add.w	r3, r3, r3, lsl #2
3418a0d2:	eba4 0343 	sub.w	r3, r4, r3, lsl #1
3418a0d6:	3330      	adds	r3, #48	@ 0x30
3418a0d8:	f801 3c01 	strb.w	r3, [r1, #-1]
3418a0dc:	9b05      	ldr	r3, [sp, #20]
3418a0de:	2b00      	cmp	r3, #0
3418a0e0:	d0b4      	beq.n	3418a04c <_vfiprintf_r+0x878>
3418a0e2:	461e      	mov	r6, r3
3418a0e4:	f89a 3000 	ldrb.w	r3, [sl]
3418a0e8:	4573      	cmp	r3, lr
3418a0ea:	d1ae      	bne.n	3418a04a <_vfiprintf_r+0x876>
3418a0ec:	2bff      	cmp	r3, #255	@ 0xff
3418a0ee:	d0ac      	beq.n	3418a04a <_vfiprintf_r+0x876>
3418a0f0:	2c0a      	cmp	r4, #10
3418a0f2:	f178 0300 	sbcs.w	r3, r8, #0
3418a0f6:	f080 8371 	bcs.w	3418a7dc <_vfiprintf_r+0x1008>
3418a0fa:	ab44      	add	r3, sp, #272	@ 0x110
3418a0fc:	9906      	ldr	r1, [sp, #24]
3418a0fe:	f8cd a034 	str.w	sl, [sp, #52]	@ 0x34
3418a102:	1b5a      	subs	r2, r3, r5
3418a104:	f89d 3043 	ldrb.w	r3, [sp, #67]	@ 0x43
3418a108:	4291      	cmp	r1, r2
3418a10a:	bfb8      	it	lt
3418a10c:	4611      	movlt	r1, r2
3418a10e:	e9dd 9a09 	ldrd	r9, sl, [sp, #36]	@ 0x24
3418a112:	9105      	str	r1, [sp, #20]
3418a114:	920a      	str	r2, [sp, #40]	@ 0x28
3418a116:	2b00      	cmp	r3, #0
3418a118:	f000 81ca 	beq.w	3418a4b0 <_vfiprintf_r+0xcdc>
3418a11c:	9b05      	ldr	r3, [sp, #20]
3418a11e:	3301      	adds	r3, #1
3418a120:	9305      	str	r3, [sp, #20]
3418a122:	e1c5      	b.n	3418a4b0 <_vfiprintf_r+0xcdc>
3418a124:	9b08      	ldr	r3, [sp, #32]
3418a126:	9805      	ldr	r0, [sp, #20]
3418a128:	1a1c      	subs	r4, r3, r0
3418a12a:	2c00      	cmp	r4, #0
3418a12c:	f77f ad06 	ble.w	34189b3c <_vfiprintf_r+0x368>
3418a130:	2c10      	cmp	r4, #16
3418a132:	4e7b      	ldr	r6, [pc, #492]	@ (3418a320 <_vfiprintf_r+0xb4c>)
3418a134:	dd21      	ble.n	3418a17a <_vfiprintf_r+0x9a6>
3418a136:	950c      	str	r5, [sp, #48]	@ 0x30
3418a138:	f04f 0810 	mov.w	r8, #16
3418a13c:	9d04      	ldr	r5, [sp, #16]
3418a13e:	e002      	b.n	3418a146 <_vfiprintf_r+0x972>
3418a140:	3c10      	subs	r4, #16
3418a142:	2c10      	cmp	r4, #16
3418a144:	dd18      	ble.n	3418a178 <_vfiprintf_r+0x9a4>
3418a146:	3201      	adds	r2, #1
3418a148:	3110      	adds	r1, #16
3418a14a:	2a07      	cmp	r2, #7
3418a14c:	e9c9 6800 	strd	r6, r8, [r9]
3418a150:	e9cd 2119 	strd	r2, r1, [sp, #100]	@ 0x64
3418a154:	f109 0908 	add.w	r9, r9, #8
3418a158:	ddf2      	ble.n	3418a140 <_vfiprintf_r+0x96c>
3418a15a:	aa18      	add	r2, sp, #96	@ 0x60
3418a15c:	4629      	mov	r1, r5
3418a15e:	4658      	mov	r0, fp
3418a160:	f7fd faae 	bl	341876c0 <__sprint_r>
3418a164:	2800      	cmp	r0, #0
3418a166:	f47f ac7e 	bne.w	34189a66 <_vfiprintf_r+0x292>
3418a16a:	3c10      	subs	r4, #16
3418a16c:	f10d 096c 	add.w	r9, sp, #108	@ 0x6c
3418a170:	2c10      	cmp	r4, #16
3418a172:	e9dd 2119 	ldrd	r2, r1, [sp, #100]	@ 0x64
3418a176:	dce6      	bgt.n	3418a146 <_vfiprintf_r+0x972>
3418a178:	9d0c      	ldr	r5, [sp, #48]	@ 0x30
3418a17a:	3201      	adds	r2, #1
3418a17c:	4421      	add	r1, r4
3418a17e:	f8c9 6000 	str.w	r6, [r9]
3418a182:	2a07      	cmp	r2, #7
3418a184:	f8c9 4004 	str.w	r4, [r9, #4]
3418a188:	e9cd 2119 	strd	r2, r1, [sp, #100]	@ 0x64
3418a18c:	f300 828f 	bgt.w	3418a6ae <_vfiprintf_r+0xeda>
3418a190:	9b06      	ldr	r3, [sp, #24]
3418a192:	f109 0908 	add.w	r9, r9, #8
3418a196:	980a      	ldr	r0, [sp, #40]	@ 0x28
3418a198:	1a1c      	subs	r4, r3, r0
3418a19a:	2c00      	cmp	r4, #0
3418a19c:	f77f acd4 	ble.w	34189b48 <_vfiprintf_r+0x374>
3418a1a0:	2c10      	cmp	r4, #16
3418a1a2:	4e5f      	ldr	r6, [pc, #380]	@ (3418a320 <_vfiprintf_r+0xb4c>)
3418a1a4:	dd1f      	ble.n	3418a1e6 <_vfiprintf_r+0xa12>
3418a1a6:	f04f 0810 	mov.w	r8, #16
3418a1aa:	e002      	b.n	3418a1b2 <_vfiprintf_r+0x9de>
3418a1ac:	3c10      	subs	r4, #16
3418a1ae:	2c10      	cmp	r4, #16
3418a1b0:	dd19      	ble.n	3418a1e6 <_vfiprintf_r+0xa12>
3418a1b2:	3201      	adds	r2, #1
3418a1b4:	3110      	adds	r1, #16
3418a1b6:	4b5a      	ldr	r3, [pc, #360]	@ (3418a320 <_vfiprintf_r+0xb4c>)
3418a1b8:	2a07      	cmp	r2, #7
3418a1ba:	e9c9 3800 	strd	r3, r8, [r9]
3418a1be:	e9cd 2119 	strd	r2, r1, [sp, #100]	@ 0x64
3418a1c2:	f109 0908 	add.w	r9, r9, #8
3418a1c6:	ddf1      	ble.n	3418a1ac <_vfiprintf_r+0x9d8>
3418a1c8:	aa18      	add	r2, sp, #96	@ 0x60
3418a1ca:	9904      	ldr	r1, [sp, #16]
3418a1cc:	4658      	mov	r0, fp
3418a1ce:	f10d 096c 	add.w	r9, sp, #108	@ 0x6c
3418a1d2:	f7fd fa75 	bl	341876c0 <__sprint_r>
3418a1d6:	2800      	cmp	r0, #0
3418a1d8:	f47f ac45 	bne.w	34189a66 <_vfiprintf_r+0x292>
3418a1dc:	3c10      	subs	r4, #16
3418a1de:	2c10      	cmp	r4, #16
3418a1e0:	e9dd 2119 	ldrd	r2, r1, [sp, #100]	@ 0x64
3418a1e4:	dce5      	bgt.n	3418a1b2 <_vfiprintf_r+0x9de>
3418a1e6:	3201      	adds	r2, #1
3418a1e8:	4421      	add	r1, r4
3418a1ea:	f8c9 6000 	str.w	r6, [r9]
3418a1ee:	2a07      	cmp	r2, #7
3418a1f0:	f8c9 4004 	str.w	r4, [r9, #4]
3418a1f4:	e9cd 2119 	strd	r2, r1, [sp, #100]	@ 0x64
3418a1f8:	f300 80cb 	bgt.w	3418a392 <_vfiprintf_r+0xbbe>
3418a1fc:	f109 0908 	add.w	r9, r9, #8
3418a200:	e4a2      	b.n	34189b48 <_vfiprintf_r+0x374>
3418a202:	aa18      	add	r2, sp, #96	@ 0x60
3418a204:	9904      	ldr	r1, [sp, #16]
3418a206:	4658      	mov	r0, fp
3418a208:	f7fd fa5a 	bl	341876c0 <__sprint_r>
3418a20c:	2800      	cmp	r0, #0
3418a20e:	f47f ac2a 	bne.w	34189a66 <_vfiprintf_r+0x292>
3418a212:	991a      	ldr	r1, [sp, #104]	@ 0x68
3418a214:	f10d 096c 	add.w	r9, sp, #108	@ 0x6c
3418a218:	e4a4      	b.n	34189b64 <_vfiprintf_r+0x390>
3418a21a:	aa18      	add	r2, sp, #96	@ 0x60
3418a21c:	9904      	ldr	r1, [sp, #16]
3418a21e:	4658      	mov	r0, fp
3418a220:	f7fd fa4e 	bl	341876c0 <__sprint_r>
3418a224:	2800      	cmp	r0, #0
3418a226:	f47f ac1e 	bne.w	34189a66 <_vfiprintf_r+0x292>
3418a22a:	f10d 096c 	add.w	r9, sp, #108	@ 0x6c
3418a22e:	e9dd 2119 	ldrd	r2, r1, [sp, #100]	@ 0x64
3418a232:	e47f      	b.n	34189b34 <_vfiprintf_r+0x360>
3418a234:	aa18      	add	r2, sp, #96	@ 0x60
3418a236:	9904      	ldr	r1, [sp, #16]
3418a238:	4658      	mov	r0, fp
3418a23a:	f7fd fa41 	bl	341876c0 <__sprint_r>
3418a23e:	2800      	cmp	r0, #0
3418a240:	f47f ac11 	bne.w	34189a66 <_vfiprintf_r+0x292>
3418a244:	f10d 096c 	add.w	r9, sp, #108	@ 0x6c
3418a248:	e9dd 2119 	ldrd	r2, r1, [sp, #100]	@ 0x64
3418a24c:	e460      	b.n	34189b10 <_vfiprintf_r+0x33c>
3418a24e:	2c10      	cmp	r4, #16
3418a250:	9b19      	ldr	r3, [sp, #100]	@ 0x64
3418a252:	f340 8321 	ble.w	3418a898 <_vfiprintf_r+0x10c4>
3418a256:	2510      	movs	r5, #16
3418a258:	4e32      	ldr	r6, [pc, #200]	@ (3418a324 <_vfiprintf_r+0xb50>)
3418a25a:	f8dd 8010 	ldr.w	r8, [sp, #16]
3418a25e:	e002      	b.n	3418a266 <_vfiprintf_r+0xa92>
3418a260:	3c10      	subs	r4, #16
3418a262:	2c10      	cmp	r4, #16
3418a264:	dd18      	ble.n	3418a298 <_vfiprintf_r+0xac4>
3418a266:	3301      	adds	r3, #1
3418a268:	3110      	adds	r1, #16
3418a26a:	2b07      	cmp	r3, #7
3418a26c:	e9c9 6500 	strd	r6, r5, [r9]
3418a270:	e9cd 3119 	strd	r3, r1, [sp, #100]	@ 0x64
3418a274:	f109 0908 	add.w	r9, r9, #8
3418a278:	ddf2      	ble.n	3418a260 <_vfiprintf_r+0xa8c>
3418a27a:	aa18      	add	r2, sp, #96	@ 0x60
3418a27c:	4641      	mov	r1, r8
3418a27e:	4658      	mov	r0, fp
3418a280:	f10d 096c 	add.w	r9, sp, #108	@ 0x6c
3418a284:	f7fd fa1c 	bl	341876c0 <__sprint_r>
3418a288:	2800      	cmp	r0, #0
3418a28a:	f47f abec 	bne.w	34189a66 <_vfiprintf_r+0x292>
3418a28e:	3c10      	subs	r4, #16
3418a290:	2c10      	cmp	r4, #16
3418a292:	e9dd 3119 	ldrd	r3, r1, [sp, #100]	@ 0x64
3418a296:	dce6      	bgt.n	3418a266 <_vfiprintf_r+0xa92>
3418a298:	46b0      	mov	r8, r6
3418a29a:	3301      	adds	r3, #1
3418a29c:	4421      	add	r1, r4
3418a29e:	2b07      	cmp	r3, #7
3418a2a0:	e9c9 8400 	strd	r8, r4, [r9]
3418a2a4:	e9cd 3119 	strd	r3, r1, [sp, #100]	@ 0x64
3418a2a8:	f77f ac65 	ble.w	34189b76 <_vfiprintf_r+0x3a2>
3418a2ac:	aa18      	add	r2, sp, #96	@ 0x60
3418a2ae:	9904      	ldr	r1, [sp, #16]
3418a2b0:	4658      	mov	r0, fp
3418a2b2:	f7fd fa05 	bl	341876c0 <__sprint_r>
3418a2b6:	2800      	cmp	r0, #0
3418a2b8:	f47f abd5 	bne.w	34189a66 <_vfiprintf_r+0x292>
3418a2bc:	991a      	ldr	r1, [sp, #104]	@ 0x68
3418a2be:	e45a      	b.n	34189b76 <_vfiprintf_r+0x3a2>
3418a2c0:	f420 6180 	bic.w	r1, r0, #1024	@ 0x400
3418a2c4:	9103      	str	r1, [sp, #12]
3418a2c6:	ad44      	add	r5, sp, #272	@ 0x110
3418a2c8:	f003 0107 	and.w	r1, r3, #7
3418a2cc:	08db      	lsrs	r3, r3, #3
3418a2ce:	4628      	mov	r0, r5
3418a2d0:	ea43 7342 	orr.w	r3, r3, r2, lsl #29
3418a2d4:	3130      	adds	r1, #48	@ 0x30
3418a2d6:	08d2      	lsrs	r2, r2, #3
3418a2d8:	f805 1d01 	strb.w	r1, [r5, #-1]!
3418a2dc:	ea53 0402 	orrs.w	r4, r3, r2
3418a2e0:	d1f2      	bne.n	3418a2c8 <_vfiprintf_r+0xaf4>
3418a2e2:	2930      	cmp	r1, #48	@ 0x30
3418a2e4:	d003      	beq.n	3418a2ee <_vfiprintf_r+0xb1a>
3418a2e6:	9b03      	ldr	r3, [sp, #12]
3418a2e8:	07de      	lsls	r6, r3, #31
3418a2ea:	f100 80a7 	bmi.w	3418a43c <_vfiprintf_r+0xc68>
3418a2ee:	ab44      	add	r3, sp, #272	@ 0x110
3418a2f0:	1b5b      	subs	r3, r3, r5
3418a2f2:	930a      	str	r3, [sp, #40]	@ 0x28
3418a2f4:	2200      	movs	r2, #0
3418a2f6:	9209      	str	r2, [sp, #36]	@ 0x24
3418a2f8:	9a06      	ldr	r2, [sp, #24]
3418a2fa:	429a      	cmp	r2, r3
3418a2fc:	bfb8      	it	lt
3418a2fe:	461a      	movlt	r2, r3
3418a300:	9205      	str	r2, [sp, #20]
3418a302:	f7ff bbe0 	b.w	34189ac6 <_vfiprintf_r+0x2f2>
3418a306:	2200      	movs	r2, #0
3418a308:	920c      	str	r2, [sp, #48]	@ 0x30
3418a30a:	2c10      	cmp	r4, #16
3418a30c:	461a      	mov	r2, r3
3418a30e:	f340 82b1 	ble.w	3418a874 <_vfiprintf_r+0x10a0>
3418a312:	2310      	movs	r3, #16
3418a314:	4e03      	ldr	r6, [pc, #12]	@ (3418a324 <_vfiprintf_r+0xb50>)
3418a316:	f8dd 8010 	ldr.w	r8, [sp, #16]
3418a31a:	e008      	b.n	3418a32e <_vfiprintf_r+0xb5a>
3418a31c:	cccccccd 	.word	0xcccccccd
3418a320:	3418b0d8 	.word	0x3418b0d8
3418a324:	3418b0e8 	.word	0x3418b0e8
3418a328:	3c10      	subs	r4, #16
3418a32a:	2c10      	cmp	r4, #16
3418a32c:	dd19      	ble.n	3418a362 <_vfiprintf_r+0xb8e>
3418a32e:	3201      	adds	r2, #1
3418a330:	3010      	adds	r0, #16
3418a332:	2a07      	cmp	r2, #7
3418a334:	e9c9 6300 	strd	r6, r3, [r9]
3418a338:	e9cd 2019 	strd	r2, r0, [sp, #100]	@ 0x64
3418a33c:	f109 0908 	add.w	r9, r9, #8
3418a340:	ddf2      	ble.n	3418a328 <_vfiprintf_r+0xb54>
3418a342:	aa18      	add	r2, sp, #96	@ 0x60
3418a344:	4641      	mov	r1, r8
3418a346:	4658      	mov	r0, fp
3418a348:	f10d 096c 	add.w	r9, sp, #108	@ 0x6c
3418a34c:	f7fd f9b8 	bl	341876c0 <__sprint_r>
3418a350:	2800      	cmp	r0, #0
3418a352:	f47f ab88 	bne.w	34189a66 <_vfiprintf_r+0x292>
3418a356:	3c10      	subs	r4, #16
3418a358:	2310      	movs	r3, #16
3418a35a:	2c10      	cmp	r4, #16
3418a35c:	e9dd 2019 	ldrd	r2, r0, [sp, #100]	@ 0x64
3418a360:	dce5      	bgt.n	3418a32e <_vfiprintf_r+0xb5a>
3418a362:	46b0      	mov	r8, r6
3418a364:	3201      	adds	r2, #1
3418a366:	1821      	adds	r1, r4, r0
3418a368:	f8c9 8000 	str.w	r8, [r9]
3418a36c:	2a07      	cmp	r2, #7
3418a36e:	f8c9 4004 	str.w	r4, [r9, #4]
3418a372:	e9cd 2119 	strd	r2, r1, [sp, #100]	@ 0x64
3418a376:	f300 8169 	bgt.w	3418a64c <_vfiprintf_r+0xe78>
3418a37a:	f89d 3043 	ldrb.w	r3, [sp, #67]	@ 0x43
3418a37e:	f109 0908 	add.w	r9, r9, #8
3418a382:	bb6b      	cbnz	r3, 3418a3e0 <_vfiprintf_r+0xc0c>
3418a384:	980c      	ldr	r0, [sp, #48]	@ 0x30
3418a386:	2800      	cmp	r0, #0
3418a388:	f43f abd8 	beq.w	34189b3c <_vfiprintf_r+0x368>
3418a38c:	4698      	mov	r8, r3
3418a38e:	f7ff bbc1 	b.w	34189b14 <_vfiprintf_r+0x340>
3418a392:	aa18      	add	r2, sp, #96	@ 0x60
3418a394:	9904      	ldr	r1, [sp, #16]
3418a396:	4658      	mov	r0, fp
3418a398:	f7fd f992 	bl	341876c0 <__sprint_r>
3418a39c:	2800      	cmp	r0, #0
3418a39e:	f47f ab62 	bne.w	34189a66 <_vfiprintf_r+0x292>
3418a3a2:	f10d 096c 	add.w	r9, sp, #108	@ 0x6c
3418a3a6:	e9dd 2119 	ldrd	r2, r1, [sp, #100]	@ 0x64
3418a3aa:	f7ff bbcd 	b.w	34189b48 <_vfiprintf_r+0x374>
3418a3ae:	9a05      	ldr	r2, [sp, #20]
3418a3b0:	ad44      	add	r5, sp, #272	@ 0x110
3418a3b2:	9206      	str	r2, [sp, #24]
3418a3b4:	920a      	str	r2, [sp, #40]	@ 0x28
3418a3b6:	9209      	str	r2, [sp, #36]	@ 0x24
3418a3b8:	f7ff bb85 	b.w	34189ac6 <_vfiprintf_r+0x2f2>
3418a3bc:	930b      	str	r3, [sp, #44]	@ 0x2c
3418a3be:	f89a 3000 	ldrb.w	r3, [sl]
3418a3c2:	f7ff ba73 	b.w	341898ac <_vfiprintf_r+0xd8>
3418a3c6:	0492      	lsls	r2, r2, #18
3418a3c8:	f57f aa31 	bpl.w	3418982e <_vfiprintf_r+0x5a>
3418a3cc:	e27a      	b.n	3418a8c4 <_vfiprintf_r+0x10f0>
3418a3ce:	2500      	movs	r5, #0
3418a3d0:	3201      	adds	r2, #1
3418a3d2:	2301      	movs	r3, #1
3418a3d4:	9205      	str	r2, [sp, #20]
3418a3d6:	e9cd 5309 	strd	r5, r3, [sp, #36]	@ 0x24
3418a3da:	f20d 150f 	addw	r5, sp, #271	@ 0x10f
3418a3de:	e416      	b.n	34189c0e <_vfiprintf_r+0x43a>
3418a3e0:	f04f 0800 	mov.w	r8, #0
3418a3e4:	f7ff bb84 	b.w	34189af0 <_vfiprintf_r+0x31c>
3418a3e8:	9b0b      	ldr	r3, [sp, #44]	@ 0x2c
3418a3ea:	1d19      	adds	r1, r3, #4
3418a3ec:	9b0b      	ldr	r3, [sp, #44]	@ 0x2c
3418a3ee:	2200      	movs	r2, #0
3418a3f0:	910b      	str	r1, [sp, #44]	@ 0x2c
3418a3f2:	681b      	ldr	r3, [r3, #0]
3418a3f4:	e497      	b.n	34189d26 <_vfiprintf_r+0x552>
3418a3f6:	9a03      	ldr	r2, [sp, #12]
3418a3f8:	06d1      	lsls	r1, r2, #27
3418a3fa:	f100 8166 	bmi.w	3418a6ca <_vfiprintf_r+0xef6>
3418a3fe:	9a03      	ldr	r2, [sp, #12]
3418a400:	0652      	lsls	r2, r2, #25
3418a402:	f100 81b7 	bmi.w	3418a774 <_vfiprintf_r+0xfa0>
3418a406:	9a03      	ldr	r2, [sp, #12]
3418a408:	0596      	lsls	r6, r2, #22
3418a40a:	f140 815e 	bpl.w	3418a6ca <_vfiprintf_r+0xef6>
3418a40e:	9a0b      	ldr	r2, [sp, #44]	@ 0x2c
3418a410:	9907      	ldr	r1, [sp, #28]
3418a412:	6812      	ldr	r2, [r2, #0]
3418a414:	7011      	strb	r1, [r2, #0]
3418a416:	e531      	b.n	34189e7c <_vfiprintf_r+0x6a8>
3418a418:	9b03      	ldr	r3, [sp, #12]
3418a41a:	990b      	ldr	r1, [sp, #44]	@ 0x2c
3418a41c:	06d8      	lsls	r0, r3, #27
3418a41e:	f851 4b04 	ldr.w	r4, [r1], #4
3418a422:	f53f ade9 	bmi.w	34189ff8 <_vfiprintf_r+0x824>
3418a426:	9b03      	ldr	r3, [sp, #12]
3418a428:	065e      	lsls	r6, r3, #25
3418a42a:	f140 8161 	bpl.w	3418a6f0 <_vfiprintf_r+0xf1c>
3418a42e:	f344 38c0 	sbfx	r8, r4, #15, #1
3418a432:	910b      	str	r1, [sp, #44]	@ 0x2c
3418a434:	b224      	sxth	r4, r4
3418a436:	4643      	mov	r3, r8
3418a438:	f7ff bbca 	b.w	34189bd0 <_vfiprintf_r+0x3fc>
3418a43c:	2330      	movs	r3, #48	@ 0x30
3418a43e:	3802      	subs	r0, #2
3418a440:	f805 3c01 	strb.w	r3, [r5, #-1]
3418a444:	ab44      	add	r3, sp, #272	@ 0x110
3418a446:	4605      	mov	r5, r0
3418a448:	1a1b      	subs	r3, r3, r0
3418a44a:	930a      	str	r3, [sp, #40]	@ 0x28
3418a44c:	e752      	b.n	3418a2f4 <_vfiprintf_r+0xb20>
3418a44e:	9303      	str	r3, [sp, #12]
3418a450:	f7ff bbb5 	b.w	34189bbe <_vfiprintf_r+0x3ea>
3418a454:	48ab      	ldr	r0, [pc, #684]	@ (3418a704 <_vfiprintf_r+0xf30>)
3418a456:	9b03      	ldr	r3, [sp, #12]
3418a458:	069e      	lsls	r6, r3, #26
3418a45a:	f140 80e1 	bpl.w	3418a620 <_vfiprintf_r+0xe4c>
3418a45e:	9b0b      	ldr	r3, [sp, #44]	@ 0x2c
3418a460:	3307      	adds	r3, #7
3418a462:	f023 0307 	bic.w	r3, r3, #7
3418a466:	461c      	mov	r4, r3
3418a468:	685a      	ldr	r2, [r3, #4]
3418a46a:	f854 3b08 	ldr.w	r3, [r4], #8
3418a46e:	940b      	str	r4, [sp, #44]	@ 0x2c
3418a470:	ea53 0402 	orrs.w	r4, r3, r2
3418a474:	9c03      	ldr	r4, [sp, #12]
3418a476:	bf14      	ite	ne
3418a478:	2501      	movne	r5, #1
3418a47a:	2500      	moveq	r5, #0
3418a47c:	07e4      	lsls	r4, r4, #31
3418a47e:	d502      	bpl.n	3418a486 <_vfiprintf_r+0xcb2>
3418a480:	2d00      	cmp	r5, #0
3418a482:	f040 80fa 	bne.w	3418a67a <_vfiprintf_r+0xea6>
3418a486:	2400      	movs	r4, #0
3418a488:	9906      	ldr	r1, [sp, #24]
3418a48a:	42a1      	cmp	r1, r4
3418a48c:	f88d 4043 	strb.w	r4, [sp, #67]	@ 0x43
3418a490:	9903      	ldr	r1, [sp, #12]
3418a492:	f2c0 80d7 	blt.w	3418a644 <_vfiprintf_r+0xe70>
3418a496:	f421 6190 	bic.w	r1, r1, #1152	@ 0x480
3418a49a:	9103      	str	r1, [sp, #12]
3418a49c:	f040 8226 	bne.w	3418a8ec <_vfiprintf_r+0x1118>
3418a4a0:	2d00      	cmp	r5, #0
3418a4a2:	f040 8223 	bne.w	3418a8ec <_vfiprintf_r+0x1118>
3418a4a6:	462b      	mov	r3, r5
3418a4a8:	9506      	str	r5, [sp, #24]
3418a4aa:	ad44      	add	r5, sp, #272	@ 0x110
3418a4ac:	930a      	str	r3, [sp, #40]	@ 0x28
3418a4ae:	9305      	str	r3, [sp, #20]
3418a4b0:	9c03      	ldr	r4, [sp, #12]
3418a4b2:	e9dd 2119 	ldrd	r2, r1, [sp, #100]	@ 0x64
3418a4b6:	f014 0884 	ands.w	r8, r4, #132	@ 0x84
3418a4ba:	4608      	mov	r0, r1
3418a4bc:	4613      	mov	r3, r2
3418a4be:	f000 8246 	beq.w	3418a94e <_vfiprintf_r+0x117a>
3418a4c2:	f89d 3043 	ldrb.w	r3, [sp, #67]	@ 0x43
3418a4c6:	2b00      	cmp	r3, #0
3418a4c8:	f000 824c 	beq.w	3418a964 <_vfiprintf_r+0x1190>
3418a4cc:	2300      	movs	r3, #0
3418a4ce:	9309      	str	r3, [sp, #36]	@ 0x24
3418a4d0:	930c      	str	r3, [sp, #48]	@ 0x30
3418a4d2:	f7ff bb0d 	b.w	34189af0 <_vfiprintf_r+0x31c>
3418a4d6:	488c      	ldr	r0, [pc, #560]	@ (3418a708 <_vfiprintf_r+0xf34>)
3418a4d8:	e7bd      	b.n	3418a456 <_vfiprintf_r+0xc82>
3418a4da:	9803      	ldr	r0, [sp, #12]
3418a4dc:	2402      	movs	r4, #2
3418a4de:	910b      	str	r1, [sp, #44]	@ 0x2c
3418a4e0:	f040 0002 	orr.w	r0, r0, #2
3418a4e4:	9003      	str	r0, [sp, #12]
3418a4e6:	4888      	ldr	r0, [pc, #544]	@ (3418a708 <_vfiprintf_r+0xf34>)
3418a4e8:	ad44      	add	r5, sp, #272	@ 0x110
3418a4ea:	f003 010f 	and.w	r1, r3, #15
3418a4ee:	091b      	lsrs	r3, r3, #4
3418a4f0:	5c41      	ldrb	r1, [r0, r1]
3418a4f2:	ea43 7302 	orr.w	r3, r3, r2, lsl #28
3418a4f6:	0912      	lsrs	r2, r2, #4
3418a4f8:	f805 1d01 	strb.w	r1, [r5, #-1]!
3418a4fc:	ea53 0102 	orrs.w	r1, r3, r2
3418a500:	d1f3      	bne.n	3418a4ea <_vfiprintf_r+0xd16>
3418a502:	ab44      	add	r3, sp, #272	@ 0x110
3418a504:	9a06      	ldr	r2, [sp, #24]
3418a506:	1b5b      	subs	r3, r3, r5
3418a508:	429a      	cmp	r2, r3
3418a50a:	930a      	str	r3, [sp, #40]	@ 0x28
3418a50c:	bfb8      	it	lt
3418a50e:	461a      	movlt	r2, r3
3418a510:	9205      	str	r2, [sp, #20]
3418a512:	2c00      	cmp	r4, #0
3418a514:	f47f ac84 	bne.w	34189e20 <_vfiprintf_r+0x64c>
3418a518:	e7ca      	b.n	3418a4b0 <_vfiprintf_r+0xcdc>
3418a51a:	9b0b      	ldr	r3, [sp, #44]	@ 0x2c
3418a51c:	2201      	movs	r2, #1
3418a51e:	ad2b      	add	r5, sp, #172	@ 0xac
3418a520:	681b      	ldr	r3, [r3, #0]
3418a522:	9205      	str	r2, [sp, #20]
3418a524:	f88d 30ac 	strb.w	r3, [sp, #172]	@ 0xac
3418a528:	920a      	str	r2, [sp, #40]	@ 0x28
3418a52a:	f7ff bbc7 	b.w	34189cbc <_vfiprintf_r+0x4e8>
3418a52e:	9b03      	ldr	r3, [sp, #12]
3418a530:	f10a 0a01 	add.w	sl, sl, #1
3418a534:	f443 7300 	orr.w	r3, r3, #512	@ 0x200
3418a538:	9303      	str	r3, [sp, #12]
3418a53a:	f89a 3000 	ldrb.w	r3, [sl]
3418a53e:	f7ff b9b5 	b.w	341898ac <_vfiprintf_r+0xd8>
3418a542:	9b03      	ldr	r3, [sp, #12]
3418a544:	f10a 0a01 	add.w	sl, sl, #1
3418a548:	f043 0320 	orr.w	r3, r3, #32
3418a54c:	9303      	str	r3, [sp, #12]
3418a54e:	f89a 3000 	ldrb.w	r3, [sl]
3418a552:	f7ff b9ab 	b.w	341898ac <_vfiprintf_r+0xd8>
3418a556:	9b09      	ldr	r3, [sp, #36]	@ 0x24
3418a558:	2208      	movs	r2, #8
3418a55a:	2100      	movs	r1, #0
3418a55c:	a816      	add	r0, sp, #88	@ 0x58
3418a55e:	9313      	str	r3, [sp, #76]	@ 0x4c
3418a560:	f7f9 fed6 	bl	34184310 <memset>
3418a564:	9e06      	ldr	r6, [sp, #24]
3418a566:	2e00      	cmp	r6, #0
3418a568:	f2c0 80df 	blt.w	3418a72a <_vfiprintf_r+0xf56>
3418a56c:	2400      	movs	r4, #0
3418a56e:	4625      	mov	r5, r4
3418a570:	e00d      	b.n	3418a58e <_vfiprintf_r+0xdba>
3418a572:	a92b      	add	r1, sp, #172	@ 0xac
3418a574:	4658      	mov	r0, fp
3418a576:	f7fd fb57 	bl	34187c28 <_wcrtomb_r>
3418a57a:	1c43      	adds	r3, r0, #1
3418a57c:	f104 0404 	add.w	r4, r4, #4
3418a580:	4428      	add	r0, r5
3418a582:	f000 8196 	beq.w	3418a8b2 <_vfiprintf_r+0x10de>
3418a586:	42b0      	cmp	r0, r6
3418a588:	dc06      	bgt.n	3418a598 <_vfiprintf_r+0xdc4>
3418a58a:	d006      	beq.n	3418a59a <_vfiprintf_r+0xdc6>
3418a58c:	4605      	mov	r5, r0
3418a58e:	9a13      	ldr	r2, [sp, #76]	@ 0x4c
3418a590:	ab16      	add	r3, sp, #88	@ 0x58
3418a592:	5912      	ldr	r2, [r2, r4]
3418a594:	2a00      	cmp	r2, #0
3418a596:	d1ec      	bne.n	3418a572 <_vfiprintf_r+0xd9e>
3418a598:	9506      	str	r5, [sp, #24]
3418a59a:	9b06      	ldr	r3, [sp, #24]
3418a59c:	2b00      	cmp	r3, #0
3418a59e:	f000 80d3 	beq.w	3418a748 <_vfiprintf_r+0xf74>
3418a5a2:	2b63      	cmp	r3, #99	@ 0x63
3418a5a4:	f300 810c 	bgt.w	3418a7c0 <_vfiprintf_r+0xfec>
3418a5a8:	2300      	movs	r3, #0
3418a5aa:	ad2b      	add	r5, sp, #172	@ 0xac
3418a5ac:	9309      	str	r3, [sp, #36]	@ 0x24
3418a5ae:	2208      	movs	r2, #8
3418a5b0:	2100      	movs	r1, #0
3418a5b2:	a816      	add	r0, sp, #88	@ 0x58
3418a5b4:	f7f9 feac 	bl	34184310 <memset>
3418a5b8:	9c06      	ldr	r4, [sp, #24]
3418a5ba:	ab16      	add	r3, sp, #88	@ 0x58
3418a5bc:	aa13      	add	r2, sp, #76	@ 0x4c
3418a5be:	4629      	mov	r1, r5
3418a5c0:	4658      	mov	r0, fp
3418a5c2:	9300      	str	r3, [sp, #0]
3418a5c4:	4623      	mov	r3, r4
3418a5c6:	f7fd fb57 	bl	34187c78 <_wcsrtombs_r>
3418a5ca:	4284      	cmp	r4, r0
3418a5cc:	f040 81c3 	bne.w	3418a956 <_vfiprintf_r+0x1182>
3418a5d0:	9906      	ldr	r1, [sp, #24]
3418a5d2:	2300      	movs	r3, #0
3418a5d4:	ea21 70e1 	bic.w	r0, r1, r1, asr #31
3418a5d8:	546b      	strb	r3, [r5, r1]
3418a5da:	f89d 2043 	ldrb.w	r2, [sp, #67]	@ 0x43
3418a5de:	9005      	str	r0, [sp, #20]
3418a5e0:	2a00      	cmp	r2, #0
3418a5e2:	f040 815c 	bne.w	3418a89e <_vfiprintf_r+0x10ca>
3418a5e6:	9206      	str	r2, [sp, #24]
3418a5e8:	e9cd 180a 	strd	r1, r8, [sp, #40]	@ 0x28
3418a5ec:	f7ff ba6b 	b.w	34189ac6 <_vfiprintf_r+0x2f2>
3418a5f0:	9a03      	ldr	r2, [sp, #12]
3418a5f2:	f412 7800 	ands.w	r8, r2, #512	@ 0x200
3418a5f6:	f040 80b3 	bne.w	3418a760 <_vfiprintf_r+0xf8c>
3418a5fa:	9b06      	ldr	r3, [sp, #24]
3418a5fc:	f88d 8043 	strb.w	r8, [sp, #67]	@ 0x43
3418a600:	2b00      	cmp	r3, #0
3418a602:	f6bf abd6 	bge.w	34189db2 <_vfiprintf_r+0x5de>
3418a606:	910b      	str	r1, [sp, #44]	@ 0x2c
3418a608:	e456      	b.n	34189eb8 <_vfiprintf_r+0x6e4>
3418a60a:	9c08      	ldr	r4, [sp, #32]
3418a60c:	9e05      	ldr	r6, [sp, #20]
3418a60e:	f8cd 8024 	str.w	r8, [sp, #36]	@ 0x24
3418a612:	1ba4      	subs	r4, r4, r6
3418a614:	2c00      	cmp	r4, #0
3418a616:	f77f aa7d 	ble.w	34189b14 <_vfiprintf_r+0x340>
3418a61a:	2202      	movs	r2, #2
3418a61c:	920c      	str	r2, [sp, #48]	@ 0x30
3418a61e:	e674      	b.n	3418a30a <_vfiprintf_r+0xb36>
3418a620:	9a0b      	ldr	r2, [sp, #44]	@ 0x2c
3418a622:	f852 3b04 	ldr.w	r3, [r2], #4
3418a626:	920b      	str	r2, [sp, #44]	@ 0x2c
3418a628:	9a03      	ldr	r2, [sp, #12]
3418a62a:	06d4      	lsls	r4, r2, #27
3418a62c:	d408      	bmi.n	3418a640 <_vfiprintf_r+0xe6c>
3418a62e:	0652      	lsls	r2, r2, #25
3418a630:	d502      	bpl.n	3418a638 <_vfiprintf_r+0xe64>
3418a632:	b29b      	uxth	r3, r3
3418a634:	2200      	movs	r2, #0
3418a636:	e71b      	b.n	3418a470 <_vfiprintf_r+0xc9c>
3418a638:	9a03      	ldr	r2, [sp, #12]
3418a63a:	0596      	lsls	r6, r2, #22
3418a63c:	f100 80a0 	bmi.w	3418a780 <_vfiprintf_r+0xfac>
3418a640:	2200      	movs	r2, #0
3418a642:	e715      	b.n	3418a470 <_vfiprintf_r+0xc9c>
3418a644:	f421 6180 	bic.w	r1, r1, #1024	@ 0x400
3418a648:	9103      	str	r1, [sp, #12]
3418a64a:	e74d      	b.n	3418a4e8 <_vfiprintf_r+0xd14>
3418a64c:	aa18      	add	r2, sp, #96	@ 0x60
3418a64e:	9904      	ldr	r1, [sp, #16]
3418a650:	4658      	mov	r0, fp
3418a652:	f7fd f835 	bl	341876c0 <__sprint_r>
3418a656:	4680      	mov	r8, r0
3418a658:	2800      	cmp	r0, #0
3418a65a:	f47f aa04 	bne.w	34189a66 <_vfiprintf_r+0x292>
3418a65e:	f89d 3043 	ldrb.w	r3, [sp, #67]	@ 0x43
3418a662:	e9dd 2119 	ldrd	r2, r1, [sp, #100]	@ 0x64
3418a666:	2b00      	cmp	r3, #0
3418a668:	d15b      	bne.n	3418a722 <_vfiprintf_r+0xf4e>
3418a66a:	9b0c      	ldr	r3, [sp, #48]	@ 0x30
3418a66c:	f10d 096c 	add.w	r9, sp, #108	@ 0x6c
3418a670:	2b00      	cmp	r3, #0
3418a672:	f47f aa4f 	bne.w	34189b14 <_vfiprintf_r+0x340>
3418a676:	f7ff ba61 	b.w	34189b3c <_vfiprintf_r+0x368>
3418a67a:	f88d 1045 	strb.w	r1, [sp, #69]	@ 0x45
3418a67e:	2130      	movs	r1, #48	@ 0x30
3418a680:	2402      	movs	r4, #2
3418a682:	f88d 1044 	strb.w	r1, [sp, #68]	@ 0x44
3418a686:	2100      	movs	r1, #0
3418a688:	f88d 1043 	strb.w	r1, [sp, #67]	@ 0x43
3418a68c:	9906      	ldr	r1, [sp, #24]
3418a68e:	2900      	cmp	r1, #0
3418a690:	9903      	ldr	r1, [sp, #12]
3418a692:	bfb4      	ite	lt
3418a694:	f421 6180 	biclt.w	r1, r1, #1024	@ 0x400
3418a698:	f421 6190 	bicge.w	r1, r1, #1152	@ 0x480
3418a69c:	f041 0102 	orr.w	r1, r1, #2
3418a6a0:	9103      	str	r1, [sp, #12]
3418a6a2:	e721      	b.n	3418a4e8 <_vfiprintf_r+0xd14>
3418a6a4:	4658      	mov	r0, fp
3418a6a6:	f7f9 fe09 	bl	341842bc <__sinit>
3418a6aa:	f7ff b8a9 	b.w	34189800 <_vfiprintf_r+0x2c>
3418a6ae:	aa18      	add	r2, sp, #96	@ 0x60
3418a6b0:	9904      	ldr	r1, [sp, #16]
3418a6b2:	4658      	mov	r0, fp
3418a6b4:	f7fd f804 	bl	341876c0 <__sprint_r>
3418a6b8:	2800      	cmp	r0, #0
3418a6ba:	f47f a9d4 	bne.w	34189a66 <_vfiprintf_r+0x292>
3418a6be:	f10d 096c 	add.w	r9, sp, #108	@ 0x6c
3418a6c2:	e9dd 2119 	ldrd	r2, r1, [sp, #100]	@ 0x64
3418a6c6:	f7ff ba39 	b.w	34189b3c <_vfiprintf_r+0x368>
3418a6ca:	9a0b      	ldr	r2, [sp, #44]	@ 0x2c
3418a6cc:	9907      	ldr	r1, [sp, #28]
3418a6ce:	6812      	ldr	r2, [r2, #0]
3418a6d0:	6011      	str	r1, [r2, #0]
3418a6d2:	f7ff bbd3 	b.w	34189e7c <_vfiprintf_r+0x6a8>
3418a6d6:	9b06      	ldr	r3, [sp, #24]
3418a6d8:	9a09      	ldr	r2, [sp, #36]	@ 0x24
3418a6da:	2b06      	cmp	r3, #6
3418a6dc:	4d0b      	ldr	r5, [pc, #44]	@ (3418a70c <_vfiprintf_r+0xf38>)
3418a6de:	f8cd 802c 	str.w	r8, [sp, #44]	@ 0x2c
3418a6e2:	bf28      	it	cs
3418a6e4:	2306      	movcs	r3, #6
3418a6e6:	9206      	str	r2, [sp, #24]
3418a6e8:	9305      	str	r3, [sp, #20]
3418a6ea:	930a      	str	r3, [sp, #40]	@ 0x28
3418a6ec:	f7ff b9eb 	b.w	34189ac6 <_vfiprintf_r+0x2f2>
3418a6f0:	9b03      	ldr	r3, [sp, #12]
3418a6f2:	910b      	str	r1, [sp, #44]	@ 0x2c
3418a6f4:	059d      	lsls	r5, r3, #22
3418a6f6:	d546      	bpl.n	3418a786 <_vfiprintf_r+0xfb2>
3418a6f8:	f344 18c0 	sbfx	r8, r4, #7, #1
3418a6fc:	b264      	sxtb	r4, r4
3418a6fe:	4643      	mov	r3, r8
3418a700:	f7ff ba66 	b.w	34189bd0 <_vfiprintf_r+0x3fc>
3418a704:	3418ac54 	.word	0x3418ac54
3418a708:	3418ac40 	.word	0x3418ac40
3418a70c:	3418ac68 	.word	0x3418ac68
3418a710:	9803      	ldr	r0, [sp, #12]
3418a712:	f410 7200 	ands.w	r2, r0, #512	@ 0x200
3418a716:	d03b      	beq.n	3418a790 <_vfiprintf_r+0xfbc>
3418a718:	b2db      	uxtb	r3, r3
3418a71a:	2200      	movs	r2, #0
3418a71c:	910b      	str	r1, [sp, #44]	@ 0x2c
3418a71e:	f7ff bb02 	b.w	34189d26 <_vfiprintf_r+0x552>
3418a722:	f10d 096c 	add.w	r9, sp, #108	@ 0x6c
3418a726:	f7ff b9e3 	b.w	34189af0 <_vfiprintf_r+0x31c>
3418a72a:	ab16      	add	r3, sp, #88	@ 0x58
3418a72c:	aa13      	add	r2, sp, #76	@ 0x4c
3418a72e:	4658      	mov	r0, fp
3418a730:	9300      	str	r3, [sp, #0]
3418a732:	2300      	movs	r3, #0
3418a734:	4619      	mov	r1, r3
3418a736:	f7fd fa9f 	bl	34187c78 <_wcsrtombs_r>
3418a73a:	9006      	str	r0, [sp, #24]
3418a73c:	3001      	adds	r0, #1
3418a73e:	f000 80b8 	beq.w	3418a8b2 <_vfiprintf_r+0x10de>
3418a742:	9b09      	ldr	r3, [sp, #36]	@ 0x24
3418a744:	9313      	str	r3, [sp, #76]	@ 0x4c
3418a746:	e728      	b.n	3418a59a <_vfiprintf_r+0xdc6>
3418a748:	f89d 3043 	ldrb.w	r3, [sp, #67]	@ 0x43
3418a74c:	9d09      	ldr	r5, [sp, #36]	@ 0x24
3418a74e:	3b00      	subs	r3, #0
3418a750:	f8cd 802c 	str.w	r8, [sp, #44]	@ 0x2c
3418a754:	bf18      	it	ne
3418a756:	2301      	movne	r3, #1
3418a758:	9305      	str	r3, [sp, #20]
3418a75a:	9b06      	ldr	r3, [sp, #24]
3418a75c:	930a      	str	r3, [sp, #40]	@ 0x28
3418a75e:	e6a7      	b.n	3418a4b0 <_vfiprintf_r+0xcdc>
3418a760:	f04f 0800 	mov.w	r8, #0
3418a764:	f88d 3043 	strb.w	r3, [sp, #67]	@ 0x43
3418a768:	9b06      	ldr	r3, [sp, #24]
3418a76a:	b2e4      	uxtb	r4, r4
3418a76c:	4543      	cmp	r3, r8
3418a76e:	f6bf ab20 	bge.w	34189db2 <_vfiprintf_r+0x5de>
3418a772:	e748      	b.n	3418a606 <_vfiprintf_r+0xe32>
3418a774:	9a0b      	ldr	r2, [sp, #44]	@ 0x2c
3418a776:	9907      	ldr	r1, [sp, #28]
3418a778:	6812      	ldr	r2, [r2, #0]
3418a77a:	8011      	strh	r1, [r2, #0]
3418a77c:	f7ff bb7e 	b.w	34189e7c <_vfiprintf_r+0x6a8>
3418a780:	b2db      	uxtb	r3, r3
3418a782:	2200      	movs	r2, #0
3418a784:	e674      	b.n	3418a470 <_vfiprintf_r+0xc9c>
3418a786:	ea4f 78e4 	mov.w	r8, r4, asr #31
3418a78a:	4643      	mov	r3, r8
3418a78c:	f7ff ba20 	b.w	34189bd0 <_vfiprintf_r+0x3fc>
3418a790:	9803      	ldr	r0, [sp, #12]
3418a792:	910b      	str	r1, [sp, #44]	@ 0x2c
3418a794:	f7ff bac7 	b.w	34189d26 <_vfiprintf_r+0x552>
3418a798:	9d09      	ldr	r5, [sp, #36]	@ 0x24
3418a79a:	4628      	mov	r0, r5
3418a79c:	f7f9 feba 	bl	34184514 <strlen>
3418a7a0:	f89d 3043 	ldrb.w	r3, [sp, #67]	@ 0x43
3418a7a4:	ea20 72e0 	bic.w	r2, r0, r0, asr #31
3418a7a8:	900a      	str	r0, [sp, #40]	@ 0x28
3418a7aa:	9205      	str	r2, [sp, #20]
3418a7ac:	2b00      	cmp	r3, #0
3418a7ae:	f47f aa63 	bne.w	34189c78 <_vfiprintf_r+0x4a4>
3418a7b2:	9d09      	ldr	r5, [sp, #36]	@ 0x24
3418a7b4:	9306      	str	r3, [sp, #24]
3418a7b6:	f8cd 802c 	str.w	r8, [sp, #44]	@ 0x2c
3418a7ba:	9309      	str	r3, [sp, #36]	@ 0x24
3418a7bc:	f7ff b983 	b.w	34189ac6 <_vfiprintf_r+0x2f2>
3418a7c0:	1c59      	adds	r1, r3, #1
3418a7c2:	4658      	mov	r0, fp
3418a7c4:	f7fa f87a 	bl	341848bc <_malloc_r>
3418a7c8:	4605      	mov	r5, r0
3418a7ca:	2800      	cmp	r0, #0
3418a7cc:	d071      	beq.n	3418a8b2 <_vfiprintf_r+0x10de>
3418a7ce:	9009      	str	r0, [sp, #36]	@ 0x24
3418a7d0:	e6ed      	b.n	3418a5ae <_vfiprintf_r+0xdda>
3418a7d2:	6d88      	ldr	r0, [r1, #88]	@ 0x58
3418a7d4:	f7f9 fe26 	bl	34184424 <__retarget_lock_release_recursive>
3418a7d8:	f7ff b901 	b.w	341899de <_vfiprintf_r+0x20a>
3418a7dc:	9a0e      	ldr	r2, [sp, #56]	@ 0x38
3418a7de:	990f      	ldr	r1, [sp, #60]	@ 0x3c
3418a7e0:	eba5 0902 	sub.w	r9, r5, r2
3418a7e4:	4648      	mov	r0, r9
3418a7e6:	f7fd f927 	bl	34187a38 <strncpy>
3418a7ea:	f89a 3001 	ldrb.w	r3, [sl, #1]
3418a7ee:	b10b      	cbz	r3, 3418a7f4 <_vfiprintf_r+0x1020>
3418a7f0:	f10a 0a01 	add.w	sl, sl, #1
3418a7f4:	eb14 0308 	adds.w	r3, r4, r8
3418a7f8:	4a5e      	ldr	r2, [pc, #376]	@ (3418a974 <_vfiprintf_r+0x11a0>)
3418a7fa:	f04f 31cc 	mov.w	r1, #3435973836	@ 0xcccccccc
3418a7fe:	f04f 0e01 	mov.w	lr, #1
3418a802:	f143 0300 	adc.w	r3, r3, #0
3418a806:	f109 35ff 	add.w	r5, r9, #4294967295	@ 0xffffffff
3418a80a:	fba2 0c03 	umull	r0, ip, r2, r3
3418a80e:	f02c 0003 	bic.w	r0, ip, #3
3418a812:	eb00 009c 	add.w	r0, r0, ip, lsr #2
3418a816:	1a1b      	subs	r3, r3, r0
3418a818:	1ae3      	subs	r3, r4, r3
3418a81a:	f168 0800 	sbc.w	r8, r8, #0
3418a81e:	fb03 f101 	mul.w	r1, r3, r1
3418a822:	fba3 3002 	umull	r3, r0, r3, r2
3418a826:	fb02 1108 	mla	r1, r2, r8, r1
3418a82a:	fa23 f30e 	lsr.w	r3, r3, lr
3418a82e:	4401      	add	r1, r0
3418a830:	ea43 74c1 	orr.w	r4, r3, r1, lsl #31
3418a834:	fa21 f80e 	lsr.w	r8, r1, lr
3418a838:	eb14 0308 	adds.w	r3, r4, r8
3418a83c:	f143 0300 	adc.w	r3, r3, #0
3418a840:	fba2 1003 	umull	r1, r0, r2, r3
3418a844:	f020 0103 	bic.w	r1, r0, #3
3418a848:	eb01 0190 	add.w	r1, r1, r0, lsr #2
3418a84c:	1a5b      	subs	r3, r3, r1
3418a84e:	1ae3      	subs	r3, r4, r3
3418a850:	fba3 3102 	umull	r3, r1, r3, r2
3418a854:	f168 0000 	sbc.w	r0, r8, #0
3418a858:	fa23 f30e 	lsr.w	r3, r3, lr
3418a85c:	fb02 1200 	mla	r2, r2, r0, r1
3418a860:	ea43 73c2 	orr.w	r3, r3, r2, lsl #31
3418a864:	eb03 0383 	add.w	r3, r3, r3, lsl #2
3418a868:	eba4 0343 	sub.w	r3, r4, r3, lsl #1
3418a86c:	3330      	adds	r3, #48	@ 0x30
3418a86e:	f809 3c01 	strb.w	r3, [r9, #-1]
3418a872:	e437      	b.n	3418a0e4 <_vfiprintf_r+0x910>
3418a874:	f8df 8104 	ldr.w	r8, [pc, #260]	@ 3418a97c <_vfiprintf_r+0x11a8>
3418a878:	e574      	b.n	3418a364 <_vfiprintf_r+0xb90>
3418a87a:	2300      	movs	r3, #0
3418a87c:	4682      	mov	sl, r0
3418a87e:	9306      	str	r3, [sp, #24]
3418a880:	f7ff b817 	b.w	341898b2 <_vfiprintf_r+0xde>
3418a884:	aa18      	add	r2, sp, #96	@ 0x60
3418a886:	9904      	ldr	r1, [sp, #16]
3418a888:	4658      	mov	r0, fp
3418a88a:	f7fc ff19 	bl	341876c0 <__sprint_r>
3418a88e:	2800      	cmp	r0, #0
3418a890:	f43f a8d2 	beq.w	34189a38 <_vfiprintf_r+0x264>
3418a894:	f7ff b8ed 	b.w	34189a72 <_vfiprintf_r+0x29e>
3418a898:	f8df 80e0 	ldr.w	r8, [pc, #224]	@ 3418a97c <_vfiprintf_r+0x11a8>
3418a89c:	e4fd      	b.n	3418a29a <_vfiprintf_r+0xac6>
3418a89e:	9a06      	ldr	r2, [sp, #24]
3418a8a0:	f8cd 802c 	str.w	r8, [sp, #44]	@ 0x2c
3418a8a4:	920a      	str	r2, [sp, #40]	@ 0x28
3418a8a6:	9a05      	ldr	r2, [sp, #20]
3418a8a8:	9306      	str	r3, [sp, #24]
3418a8aa:	3201      	adds	r2, #1
3418a8ac:	9205      	str	r2, [sp, #20]
3418a8ae:	f7ff b9ae 	b.w	34189c0e <_vfiprintf_r+0x43a>
3418a8b2:	9804      	ldr	r0, [sp, #16]
3418a8b4:	f9b0 300c 	ldrsh.w	r3, [r0, #12]
3418a8b8:	6e42      	ldr	r2, [r0, #100]	@ 0x64
3418a8ba:	f043 0140 	orr.w	r1, r3, #64	@ 0x40
3418a8be:	8181      	strh	r1, [r0, #12]
3418a8c0:	07d0      	lsls	r0, r2, #31
3418a8c2:	d504      	bpl.n	3418a8ce <_vfiprintf_r+0x10fa>
3418a8c4:	f04f 33ff 	mov.w	r3, #4294967295	@ 0xffffffff
3418a8c8:	9307      	str	r3, [sp, #28]
3418a8ca:	f7ff b8dd 	b.w	34189a88 <_vfiprintf_r+0x2b4>
3418a8ce:	0599      	lsls	r1, r3, #22
3418a8d0:	d4f8      	bmi.n	3418a8c4 <_vfiprintf_r+0x10f0>
3418a8d2:	f7ff b969 	b.w	34189ba8 <_vfiprintf_r+0x3d4>
3418a8d6:	b15b      	cbz	r3, 3418a8f0 <_vfiprintf_r+0x111c>
3418a8d8:	9b06      	ldr	r3, [sp, #24]
3418a8da:	f8cd 802c 	str.w	r8, [sp, #44]	@ 0x2c
3418a8de:	1c5a      	adds	r2, r3, #1
3418a8e0:	930a      	str	r3, [sp, #40]	@ 0x28
3418a8e2:	9006      	str	r0, [sp, #24]
3418a8e4:	9205      	str	r2, [sp, #20]
3418a8e6:	9009      	str	r0, [sp, #36]	@ 0x24
3418a8e8:	f7ff b991 	b.w	34189c0e <_vfiprintf_r+0x43a>
3418a8ec:	2400      	movs	r4, #0
3418a8ee:	e5fb      	b.n	3418a4e8 <_vfiprintf_r+0xd14>
3418a8f0:	9a06      	ldr	r2, [sp, #24]
3418a8f2:	9309      	str	r3, [sp, #36]	@ 0x24
3418a8f4:	f8cd 802c 	str.w	r8, [sp, #44]	@ 0x2c
3418a8f8:	920a      	str	r2, [sp, #40]	@ 0x28
3418a8fa:	e9cd 2305 	strd	r2, r3, [sp, #20]
3418a8fe:	f7ff b8e2 	b.w	34189ac6 <_vfiprintf_r+0x2f2>
3418a902:	07d7      	lsls	r7, r2, #31
3418a904:	d4de      	bmi.n	3418a8c4 <_vfiprintf_r+0x10f0>
3418a906:	9b04      	ldr	r3, [sp, #16]
3418a908:	899b      	ldrh	r3, [r3, #12]
3418a90a:	059e      	lsls	r6, r3, #22
3418a90c:	d4da      	bmi.n	3418a8c4 <_vfiprintf_r+0x10f0>
3418a90e:	9b04      	ldr	r3, [sp, #16]
3418a910:	6d98      	ldr	r0, [r3, #88]	@ 0x58
3418a912:	f7f9 fd87 	bl	34184424 <__retarget_lock_release_recursive>
3418a916:	e7d5      	b.n	3418a8c4 <_vfiprintf_r+0x10f0>
3418a918:	2402      	movs	r4, #2
3418a91a:	4817      	ldr	r0, [pc, #92]	@ (3418a978 <_vfiprintf_r+0x11a4>)
3418a91c:	910b      	str	r1, [sp, #44]	@ 0x2c
3418a91e:	e5e3      	b.n	3418a4e8 <_vfiprintf_r+0xd14>
3418a920:	9a04      	ldr	r2, [sp, #16]
3418a922:	6e53      	ldr	r3, [r2, #100]	@ 0x64
3418a924:	07d8      	lsls	r0, r3, #31
3418a926:	d4cd      	bmi.n	3418a8c4 <_vfiprintf_r+0x10f0>
3418a928:	8993      	ldrh	r3, [r2, #12]
3418a92a:	0599      	lsls	r1, r3, #22
3418a92c:	d4ca      	bmi.n	3418a8c4 <_vfiprintf_r+0x10f0>
3418a92e:	6d90      	ldr	r0, [r2, #88]	@ 0x58
3418a930:	f7f9 fd78 	bl	34184424 <__retarget_lock_release_recursive>
3418a934:	e7c6      	b.n	3418a8c4 <_vfiprintf_r+0x10f0>
3418a936:	9a0b      	ldr	r2, [sp, #44]	@ 0x2c
3418a938:	f89a 3001 	ldrb.w	r3, [sl, #1]
3418a93c:	4682      	mov	sl, r0
3418a93e:	f852 1b04 	ldr.w	r1, [r2], #4
3418a942:	ea41 71e1 	orr.w	r1, r1, r1, asr #31
3418a946:	920b      	str	r2, [sp, #44]	@ 0x2c
3418a948:	9106      	str	r1, [sp, #24]
3418a94a:	f7fe bfaf 	b.w	341898ac <_vfiprintf_r+0xd8>
3418a94e:	f8cd 8024 	str.w	r8, [sp, #36]	@ 0x24
3418a952:	f7ff b8c0 	b.w	34189ad6 <_vfiprintf_r+0x302>
3418a956:	9a04      	ldr	r2, [sp, #16]
3418a958:	8993      	ldrh	r3, [r2, #12]
3418a95a:	f043 0340 	orr.w	r3, r3, #64	@ 0x40
3418a95e:	8193      	strh	r3, [r2, #12]
3418a960:	f7ff b881 	b.w	34189a66 <_vfiprintf_r+0x292>
3418a964:	9309      	str	r3, [sp, #36]	@ 0x24
3418a966:	f7ff b8e5 	b.w	34189b34 <_vfiprintf_r+0x360>
3418a96a:	9a03      	ldr	r2, [sp, #12]
3418a96c:	f7ff ba99 	b.w	34189ea2 <_vfiprintf_r+0x6ce>
3418a970:	4610      	mov	r0, r2
3418a972:	e53b      	b.n	3418a3ec <_vfiprintf_r+0xc18>
3418a974:	cccccccd 	.word	0xcccccccd
3418a978:	3418ac40 	.word	0x3418ac40
3418a97c:	3418b0e8 	.word	0x3418b0e8

3418a980 <__sbprintf>:
3418a980:	b5f0      	push	{r4, r5, r6, r7, lr}
3418a982:	460d      	mov	r5, r1
3418a984:	f2ad 4d74 	subw	sp, sp, #1140	@ 0x474
3418a988:	4616      	mov	r6, r2
3418a98a:	8989      	ldrh	r1, [r1, #12]
3418a98c:	6e6a      	ldr	r2, [r5, #100]	@ 0x64
3418a98e:	4607      	mov	r7, r0
3418a990:	f021 0102 	bic.w	r1, r1, #2
3418a994:	a818      	add	r0, sp, #96	@ 0x60
3418a996:	921b      	str	r2, [sp, #108]	@ 0x6c
3418a998:	89ea      	ldrh	r2, [r5, #14]
3418a99a:	f8ad 1014 	strh.w	r1, [sp, #20]
3418a99e:	a91c      	add	r1, sp, #112	@ 0x70
3418a9a0:	f8ad 2016 	strh.w	r2, [sp, #22]
3418a9a4:	69ea      	ldr	r2, [r5, #28]
3418a9a6:	9102      	str	r1, [sp, #8]
3418a9a8:	9209      	str	r2, [sp, #36]	@ 0x24
3418a9aa:	6a6a      	ldr	r2, [r5, #36]	@ 0x24
3418a9ac:	9106      	str	r1, [sp, #24]
3418a9ae:	f44f 6180 	mov.w	r1, #1024	@ 0x400
3418a9b2:	920b      	str	r2, [sp, #44]	@ 0x2c
3418a9b4:	2200      	movs	r2, #0
3418a9b6:	9301      	str	r3, [sp, #4]
3418a9b8:	9104      	str	r1, [sp, #16]
3418a9ba:	9107      	str	r1, [sp, #28]
3418a9bc:	9208      	str	r2, [sp, #32]
3418a9be:	f7f9 fd2b 	bl	34184418 <__retarget_lock_init_recursive>
3418a9c2:	4632      	mov	r2, r6
3418a9c4:	9b01      	ldr	r3, [sp, #4]
3418a9c6:	a902      	add	r1, sp, #8
3418a9c8:	4638      	mov	r0, r7
3418a9ca:	f7fe ff03 	bl	341897d4 <_vfiprintf_r>
3418a9ce:	1e06      	subs	r6, r0, #0
3418a9d0:	db07      	blt.n	3418a9e2 <__sbprintf+0x62>
3418a9d2:	a902      	add	r1, sp, #8
3418a9d4:	4638      	mov	r0, r7
3418a9d6:	f7f9 fb4d 	bl	34184074 <_fflush_r>
3418a9da:	2800      	cmp	r0, #0
3418a9dc:	bf18      	it	ne
3418a9de:	f04f 36ff 	movne.w	r6, #4294967295	@ 0xffffffff
3418a9e2:	f8bd 3014 	ldrh.w	r3, [sp, #20]
3418a9e6:	065b      	lsls	r3, r3, #25
3418a9e8:	d503      	bpl.n	3418a9f2 <__sbprintf+0x72>
3418a9ea:	89ab      	ldrh	r3, [r5, #12]
3418a9ec:	f043 0340 	orr.w	r3, r3, #64	@ 0x40
3418a9f0:	81ab      	strh	r3, [r5, #12]
3418a9f2:	9818      	ldr	r0, [sp, #96]	@ 0x60
3418a9f4:	f7f9 fd12 	bl	3418441c <__retarget_lock_close_recursive>
3418a9f8:	4630      	mov	r0, r6
3418a9fa:	f20d 4d74 	addw	sp, sp, #1140	@ 0x474
3418a9fe:	bdf0      	pop	{r4, r5, r6, r7, pc}

3418aa00 <abort>:
3418aa00:	2006      	movs	r0, #6
3418aa02:	b508      	push	{r3, lr}
3418aa04:	f000 f804 	bl	3418aa10 <raise>
3418aa08:	2001      	movs	r0, #1
3418aa0a:	f000 f879 	bl	3418ab00 <_exit>
3418aa0e:	bf00      	nop

3418aa10 <raise>:
3418aa10:	4b17      	ldr	r3, [pc, #92]	@ (3418aa70 <raise+0x60>)
3418aa12:	281f      	cmp	r0, #31
3418aa14:	b510      	push	{r4, lr}
3418aa16:	681c      	ldr	r4, [r3, #0]
3418aa18:	b082      	sub	sp, #8
3418aa1a:	d823      	bhi.n	3418aa64 <raise+0x54>
3418aa1c:	f8d4 11f8 	ldr.w	r1, [r4, #504]	@ 0x1f8
3418aa20:	4602      	mov	r2, r0
3418aa22:	b171      	cbz	r1, 3418aa42 <raise+0x32>
3418aa24:	f851 3020 	ldr.w	r3, [r1, r0, lsl #2]
3418aa28:	b15b      	cbz	r3, 3418aa42 <raise+0x32>
3418aa2a:	2b01      	cmp	r3, #1
3418aa2c:	d006      	beq.n	3418aa3c <raise+0x2c>
3418aa2e:	f1b3 3fff 	cmp.w	r3, #4294967295	@ 0xffffffff
3418aa32:	d012      	beq.n	3418aa5a <raise+0x4a>
3418aa34:	2400      	movs	r4, #0
3418aa36:	f841 4020 	str.w	r4, [r1, r0, lsl #2]
3418aa3a:	4798      	blx	r3
3418aa3c:	2000      	movs	r0, #0
3418aa3e:	b002      	add	sp, #8
3418aa40:	bd10      	pop	{r4, pc}
3418aa42:	4620      	mov	r0, r4
3418aa44:	9201      	str	r2, [sp, #4]
3418aa46:	f000 f829 	bl	3418aa9c <_getpid_r>
3418aa4a:	9a01      	ldr	r2, [sp, #4]
3418aa4c:	4601      	mov	r1, r0
3418aa4e:	4620      	mov	r0, r4
3418aa50:	b002      	add	sp, #8
3418aa52:	e8bd 4010 	ldmia.w	sp!, {r4, lr}
3418aa56:	f000 b80d 	b.w	3418aa74 <_kill_r>
3418aa5a:	2316      	movs	r3, #22
3418aa5c:	2001      	movs	r0, #1
3418aa5e:	6023      	str	r3, [r4, #0]
3418aa60:	b002      	add	sp, #8
3418aa62:	bd10      	pop	{r4, pc}
3418aa64:	2316      	movs	r3, #22
3418aa66:	f04f 30ff 	mov.w	r0, #4294967295	@ 0xffffffff
3418aa6a:	6023      	str	r3, [r4, #0]
3418aa6c:	e7e7      	b.n	3418aa3e <raise+0x2e>
3418aa6e:	bf00      	nop
3418aa70:	341c0020 	.word	0x341c0020

3418aa74 <_kill_r>:
3418aa74:	b538      	push	{r3, r4, r5, lr}
3418aa76:	2300      	movs	r3, #0
3418aa78:	4c07      	ldr	r4, [pc, #28]	@ (3418aa98 <_kill_r+0x24>)
3418aa7a:	4605      	mov	r5, r0
3418aa7c:	4608      	mov	r0, r1
3418aa7e:	4611      	mov	r1, r2
3418aa80:	6023      	str	r3, [r4, #0]
3418aa82:	f000 f82d 	bl	3418aae0 <_kill>
3418aa86:	1c43      	adds	r3, r0, #1
3418aa88:	d000      	beq.n	3418aa8c <_kill_r+0x18>
3418aa8a:	bd38      	pop	{r3, r4, r5, pc}
3418aa8c:	6823      	ldr	r3, [r4, #0]
3418aa8e:	2b00      	cmp	r3, #0
3418aa90:	d0fb      	beq.n	3418aa8a <_kill_r+0x16>
3418aa92:	602b      	str	r3, [r5, #0]
3418aa94:	bd38      	pop	{r3, r4, r5, pc}
3418aa96:	bf00      	nop
3418aa98:	341c0be4 	.word	0x341c0be4

3418aa9c <_getpid_r>:
3418aa9c:	f000 b810 	b.w	3418aac0 <_getpid>

3418aaa0 <_close>:
3418aaa0:	4b02      	ldr	r3, [pc, #8]	@ (3418aaac <_close+0xc>)
3418aaa2:	2258      	movs	r2, #88	@ 0x58
3418aaa4:	f04f 30ff 	mov.w	r0, #4294967295	@ 0xffffffff
3418aaa8:	601a      	str	r2, [r3, #0]
3418aaaa:	4770      	bx	lr
3418aaac:	341c0be4 	.word	0x341c0be4

3418aab0 <_fstat>:
3418aab0:	4b02      	ldr	r3, [pc, #8]	@ (3418aabc <_fstat+0xc>)
3418aab2:	2258      	movs	r2, #88	@ 0x58
3418aab4:	f04f 30ff 	mov.w	r0, #4294967295	@ 0xffffffff
3418aab8:	601a      	str	r2, [r3, #0]
3418aaba:	4770      	bx	lr
3418aabc:	341c0be4 	.word	0x341c0be4

3418aac0 <_getpid>:
3418aac0:	4b02      	ldr	r3, [pc, #8]	@ (3418aacc <_getpid+0xc>)
3418aac2:	2258      	movs	r2, #88	@ 0x58
3418aac4:	f04f 30ff 	mov.w	r0, #4294967295	@ 0xffffffff
3418aac8:	601a      	str	r2, [r3, #0]
3418aaca:	4770      	bx	lr
3418aacc:	341c0be4 	.word	0x341c0be4

3418aad0 <_isatty>:
3418aad0:	4b02      	ldr	r3, [pc, #8]	@ (3418aadc <_isatty+0xc>)
3418aad2:	2258      	movs	r2, #88	@ 0x58
3418aad4:	2000      	movs	r0, #0
3418aad6:	601a      	str	r2, [r3, #0]
3418aad8:	4770      	bx	lr
3418aada:	bf00      	nop
3418aadc:	341c0be4 	.word	0x341c0be4

3418aae0 <_kill>:
3418aae0:	4b02      	ldr	r3, [pc, #8]	@ (3418aaec <_kill+0xc>)
3418aae2:	2258      	movs	r2, #88	@ 0x58
3418aae4:	f04f 30ff 	mov.w	r0, #4294967295	@ 0xffffffff
3418aae8:	601a      	str	r2, [r3, #0]
3418aaea:	4770      	bx	lr
3418aaec:	341c0be4 	.word	0x341c0be4

3418aaf0 <_lseek>:
3418aaf0:	4b02      	ldr	r3, [pc, #8]	@ (3418aafc <_lseek+0xc>)
3418aaf2:	2258      	movs	r2, #88	@ 0x58
3418aaf4:	f04f 30ff 	mov.w	r0, #4294967295	@ 0xffffffff
3418aaf8:	601a      	str	r2, [r3, #0]
3418aafa:	4770      	bx	lr
3418aafc:	341c0be4 	.word	0x341c0be4

3418ab00 <_exit>:
3418ab00:	e7fe      	b.n	3418ab00 <_exit>
3418ab02:	bf00      	nop

3418ab04 <_init>:
3418ab04:	b5f8      	push	{r3, r4, r5, r6, r7, lr}
3418ab06:	bf00      	nop
3418ab08:	bcf8      	pop	{r3, r4, r5, r6, r7}
3418ab0a:	bc08      	pop	{r3}
3418ab0c:	469e      	mov	lr, r3
3418ab0e:	4770      	bx	lr

3418ab10 <_fini>:
3418ab10:	b5f8      	push	{r3, r4, r5, r6, r7, lr}
3418ab12:	bf00      	nop
3418ab14:	bcf8      	pop	{r3, r4, r5, r6, r7}
3418ab16:	bc08      	pop	{r3}
3418ab18:	469e      	mov	lr, r3
3418ab1a:	4770      	bx	lr

Disassembly of section .gnu.sgstubs:

3418b120 <SECURE_SystemCoreClockUpdate>:
3418b120:	e97f e97f 	sg
3418b124:	f7f7 b99a 	b.w	3418245c <__acle_se_SECURE_SystemCoreClockUpdate>
	...
