PAPER_M55_CONTEXT,result_dir=/Users/seungwon/AIMer3_on_AVX512/m55/benchmarks/results/paper-final-ref-mve-20260906-151313,source_sha256=d5a9217638ee84f7d9f5243875243052c95d5d6c224578e33e0548304ef6457e,command=make -B -C /Users/seungwon/AIMer3_on_AVX512/m55 PARAM=256f BACKEND=ref MATVEC=reference TEST=benchmark MEMORY=full SIGN_SCHEDULE=lowmem STACK_USAGE=1 BENCH_KERNEL_SAMPLES=31 BENCH_KERNEL_INNER=64 BENCH_E2E_SAMPLES=50 BENCH_WARMUP=10 run-board ARM_GCC_DIR=/Users/seungwon/test/.tools/xpack-arm-none-eabi-gcc-15.2.1-1.1/bin CUBE_N6_DIR=/Users/seungwon/STM32CubeN6 CORTEXCTL=/Users/Shared/cortexctl OPENOCD=/Users/seungwon/test/.tools/xpack-openocd-0.12.0-7/bin/openocd OPENOCD_SCRIPTS=/Users/seungwon/test/.tools/xpack-openocd-0.12.0-7/openocd/scripts OPENOCD_TARGET_SCRIPTS=/Users/seungwon/test/.tools/openocd-scripts 
/Users/seungwon/test/.tools/xpack-arm-none-eabi-gcc-15.2.1-1.1/bin/arm-none-eabi-gcc   -DAIMER_BENCHMARK -DPARAMS=256f -DAIMER_BACKEND=ref -DAIMER_MATVEC=reference -DAIMER_CONFIG=ref -DBENCH_KERNEL_SAMPLES=31 -DBENCH_E2E_SAMPLES=50 -DBENCH_KERNEL_INNER=64 -DBENCH_WARMUP=10 -DPROFILE_SAMPLES=31 -DPROFILE_KERNEL_INNER=64 -DPROFILE_COMPLEX_INNER=8 -DUSE_HAL_DRIVER -DSTM32N657xx -Iinclude -I../common/src/sig/aimer/reference/aimer-256f -I../common/src -I/Users/seungwon/STM32CubeN6/Projects/NUCLEO-N657X0-Q/Templates/Template/FSBL/Inc -I/Users/seungwon/STM32CubeN6/Drivers/CMSIS/Include -I/Users/seungwon/STM32CubeN6/Drivers/CMSIS/Device/ST/STM32N6xx/Include -I/Users/seungwon/STM32CubeN6/Drivers/STM32N6xx_HAL_Driver/Inc -I/Users/seungwon/STM32CubeN6/Drivers/STM32N6xx_HAL_Driver/Inc/Legacy -O3 -std=c11 -fno-common -ffunction-sections -fdata-sections -fno-tree-vectorize -fno-tree-slp-vectorize -MMD -MP --specs=nosys.specs -Wall -Wextra -Wshadow -Wconversion -Wstrict-prototypes -mcpu=cortex-m55 -mthumb -mfloat-abi=hard -mcmse -fstack-usage -c benchmarks/benchmark.c -o build/full/256f/ref/benchmark/benchmark.c.o
/Users/seungwon/test/.tools/xpack-arm-none-eabi-gcc-15.2.1-1.1/bin/arm-none-eabi-gcc   -DAIMER_BENCHMARK -DPARAMS=256f -DAIMER_BACKEND=ref -DAIMER_MATVEC=reference -DAIMER_CONFIG=ref -DBENCH_KERNEL_SAMPLES=31 -DBENCH_E2E_SAMPLES=50 -DBENCH_KERNEL_INNER=64 -DBENCH_WARMUP=10 -DPROFILE_SAMPLES=31 -DPROFILE_KERNEL_INNER=64 -DPROFILE_COMPLEX_INNER=8 -DUSE_HAL_DRIVER -DSTM32N657xx -Iinclude -I../common/src/sig/aimer/reference/aimer-256f -I../common/src -I/Users/seungwon/STM32CubeN6/Projects/NUCLEO-N657X0-Q/Templates/Template/FSBL/Inc -I/Users/seungwon/STM32CubeN6/Drivers/CMSIS/Include -I/Users/seungwon/STM32CubeN6/Drivers/CMSIS/Device/ST/STM32N6xx/Include -I/Users/seungwon/STM32CubeN6/Drivers/STM32N6xx_HAL_Driver/Inc -I/Users/seungwon/STM32CubeN6/Drivers/STM32N6xx_HAL_Driver/Inc/Legacy -O3 -std=c11 -fno-common -ffunction-sections -fdata-sections -fno-tree-vectorize -fno-tree-slp-vectorize -MMD -MP --specs=nosys.specs -Wall -Wextra -Wshadow -Wconversion -Wstrict-prototypes -mcpu=cortex-m55 -mthumb -mfloat-abi=hard -mcmse -fstack-usage -c src/lowmem/sign_low_memory.c -o build/full/256f/ref/benchmark/sign_low_memory.c.o
/Users/seungwon/test/.tools/xpack-arm-none-eabi-gcc-15.2.1-1.1/bin/arm-none-eabi-gcc   -DAIMER_BENCHMARK -DPARAMS=256f -DAIMER_BACKEND=ref -DAIMER_MATVEC=reference -DAIMER_CONFIG=ref -DBENCH_KERNEL_SAMPLES=31 -DBENCH_E2E_SAMPLES=50 -DBENCH_KERNEL_INNER=64 -DBENCH_WARMUP=10 -DPROFILE_SAMPLES=31 -DPROFILE_KERNEL_INNER=64 -DPROFILE_COMPLEX_INNER=8 -DUSE_HAL_DRIVER -DSTM32N657xx -Iinclude -I../common/src/sig/aimer/reference/aimer-256f -I../common/src -I/Users/seungwon/STM32CubeN6/Projects/NUCLEO-N657X0-Q/Templates/Template/FSBL/Inc -I/Users/seungwon/STM32CubeN6/Drivers/CMSIS/Include -I/Users/seungwon/STM32CubeN6/Drivers/CMSIS/Device/ST/STM32N6xx/Include -I/Users/seungwon/STM32CubeN6/Drivers/STM32N6xx_HAL_Driver/Inc -I/Users/seungwon/STM32CubeN6/Drivers/STM32N6xx_HAL_Driver/Inc/Legacy -O3 -std=c11 -fno-common -ffunction-sections -fdata-sections -fno-tree-vectorize -fno-tree-slp-vectorize -MMD -MP --specs=nosys.specs -Wall -Wextra -Wshadow -Wconversion -Wstrict-prototypes -mcpu=cortex-m55 -mthumb -mfloat-abi=hard -mcmse -fstack-usage -c src/lowmem/verify_batch.c -o build/full/256f/ref/benchmark/verify_batch.c.o
/Users/seungwon/test/.tools/xpack-arm-none-eabi-gcc-15.2.1-1.1/bin/arm-none-eabi-gcc   -DAIMER_BENCHMARK -DPARAMS=256f -DAIMER_BACKEND=ref -DAIMER_MATVEC=reference -DAIMER_CONFIG=ref -DBENCH_KERNEL_SAMPLES=31 -DBENCH_E2E_SAMPLES=50 -DBENCH_KERNEL_INNER=64 -DBENCH_WARMUP=10 -DPROFILE_SAMPLES=31 -DPROFILE_KERNEL_INNER=64 -DPROFILE_COMPLEX_INNER=8 -DUSE_HAL_DRIVER -DSTM32N657xx -Iinclude -I../common/src/sig/aimer/reference/aimer-256f -I../common/src -I/Users/seungwon/STM32CubeN6/Projects/NUCLEO-N657X0-Q/Templates/Template/FSBL/Inc -I/Users/seungwon/STM32CubeN6/Drivers/CMSIS/Include -I/Users/seungwon/STM32CubeN6/Drivers/CMSIS/Device/ST/STM32N6xx/Include -I/Users/seungwon/STM32CubeN6/Drivers/STM32N6xx_HAL_Driver/Inc -I/Users/seungwon/STM32CubeN6/Drivers/STM32N6xx_HAL_Driver/Inc/Legacy -O3 -std=c11 -fno-common -ffunction-sections -fdata-sections -fno-tree-vectorize -fno-tree-slp-vectorize -MMD -MP --specs=nosys.specs -Wall -Wextra -Wshadow -Wconversion -Wstrict-prototypes -mcpu=cortex-m55 -mthumb -mfloat-abi=hard -mcmse -fstack-usage -c src/mve/field_batch.c -o build/full/256f/ref/benchmark/field_batch.c.o
/Users/seungwon/test/.tools/xpack-arm-none-eabi-gcc-15.2.1-1.1/bin/arm-none-eabi-gcc   -DAIMER_BENCHMARK -DPARAMS=256f -DAIMER_BACKEND=ref -DAIMER_MATVEC=reference -DAIMER_CONFIG=ref -DBENCH_KERNEL_SAMPLES=31 -DBENCH_E2E_SAMPLES=50 -DBENCH_KERNEL_INNER=64 -DBENCH_WARMUP=10 -DPROFILE_SAMPLES=31 -DPROFILE_KERNEL_INNER=64 -DPROFILE_COMPLEX_INNER=8 -DUSE_HAL_DRIVER -DSTM32N657xx -Iinclude -I../common/src/sig/aimer/reference/aimer-256f -I../common/src -I/Users/seungwon/STM32CubeN6/Projects/NUCLEO-N657X0-Q/Templates/Template/FSBL/Inc -I/Users/seungwon/STM32CubeN6/Drivers/CMSIS/Include -I/Users/seungwon/STM32CubeN6/Drivers/CMSIS/Device/ST/STM32N6xx/Include -I/Users/seungwon/STM32CubeN6/Drivers/STM32N6xx_HAL_Driver/Inc -I/Users/seungwon/STM32CubeN6/Drivers/STM32N6xx_HAL_Driver/Inc/Legacy -O3 -std=c11 -fno-common -ffunction-sections -fdata-sections -fno-tree-vectorize -fno-tree-slp-vectorize -MMD -MP --specs=nosys.specs -Wall -Wextra -Wshadow -Wconversion -Wstrict-prototypes -mcpu=cortex-m55 -mthumb -mfloat-abi=hard -mcmse -fstack-usage -c src/mve/mpc_batch.c -o build/full/256f/ref/benchmark/mpc_batch.c.o
/Users/seungwon/test/.tools/xpack-arm-none-eabi-gcc-15.2.1-1.1/bin/arm-none-eabi-gcc   -DAIMER_BENCHMARK -DPARAMS=256f -DAIMER_BACKEND=ref -DAIMER_MATVEC=reference -DAIMER_CONFIG=ref -DBENCH_KERNEL_SAMPLES=31 -DBENCH_E2E_SAMPLES=50 -DBENCH_KERNEL_INNER=64 -DBENCH_WARMUP=10 -DPROFILE_SAMPLES=31 -DPROFILE_KERNEL_INNER=64 -DPROFILE_COMPLEX_INNER=8 -DUSE_HAL_DRIVER -DSTM32N657xx -Iinclude -I../common/src/sig/aimer/reference/aimer-256f -I../common/src -I/Users/seungwon/STM32CubeN6/Projects/NUCLEO-N657X0-Q/Templates/Template/FSBL/Inc -I/Users/seungwon/STM32CubeN6/Drivers/CMSIS/Include -I/Users/seungwon/STM32CubeN6/Drivers/CMSIS/Device/ST/STM32N6xx/Include -I/Users/seungwon/STM32CubeN6/Drivers/STM32N6xx_HAL_Driver/Inc -I/Users/seungwon/STM32CubeN6/Drivers/STM32N6xx_HAL_Driver/Inc/Legacy -O3 -std=c11 -fno-common -ffunction-sections -fdata-sections -fno-tree-vectorize -fno-tree-slp-vectorize -MMD -MP --specs=nosys.specs -Wall -Wextra -Wshadow -Wconversion -Wstrict-prototypes -mcpu=cortex-m55 -mthumb -mfloat-abi=hard -mcmse -fstack-usage -c ../common/src/sig/aimer/reference/aimer-256f/aim3.c -o build/full/256f/ref/benchmark/aim3.c.o
/Users/seungwon/test/.tools/xpack-arm-none-eabi-gcc-15.2.1-1.1/bin/arm-none-eabi-gcc   -DAIMER_BENCHMARK -DPARAMS=256f -DAIMER_BACKEND=ref -DAIMER_MATVEC=reference -DAIMER_CONFIG=ref -DBENCH_KERNEL_SAMPLES=31 -DBENCH_E2E_SAMPLES=50 -DBENCH_KERNEL_INNER=64 -DBENCH_WARMUP=10 -DPROFILE_SAMPLES=31 -DPROFILE_KERNEL_INNER=64 -DPROFILE_COMPLEX_INNER=8 -DUSE_HAL_DRIVER -DSTM32N657xx -Iinclude -I../common/src/sig/aimer/reference/aimer-256f -I../common/src -I/Users/seungwon/STM32CubeN6/Projects/NUCLEO-N657X0-Q/Templates/Template/FSBL/Inc -I/Users/seungwon/STM32CubeN6/Drivers/CMSIS/Include -I/Users/seungwon/STM32CubeN6/Drivers/CMSIS/Device/ST/STM32N6xx/Include -I/Users/seungwon/STM32CubeN6/Drivers/STM32N6xx_HAL_Driver/Inc -I/Users/seungwon/STM32CubeN6/Drivers/STM32N6xx_HAL_Driver/Inc/Legacy -O3 -std=c11 -fno-common -ffunction-sections -fdata-sections -fno-tree-vectorize -fno-tree-slp-vectorize -MMD -MP --specs=nosys.specs -Wall -Wextra -Wshadow -Wconversion -Wstrict-prototypes -mcpu=cortex-m55 -mthumb -mfloat-abi=hard -mcmse -fstack-usage -c ../common/src/sig/aimer/reference/aimer-256f/hash.c -o build/full/256f/ref/benchmark/hash.c.o
/Users/seungwon/test/.tools/xpack-arm-none-eabi-gcc-15.2.1-1.1/bin/arm-none-eabi-gcc   -DAIMER_BENCHMARK -DPARAMS=256f -DAIMER_BACKEND=ref -DAIMER_MATVEC=reference -DAIMER_CONFIG=ref -DBENCH_KERNEL_SAMPLES=31 -DBENCH_E2E_SAMPLES=50 -DBENCH_KERNEL_INNER=64 -DBENCH_WARMUP=10 -DPROFILE_SAMPLES=31 -DPROFILE_KERNEL_INNER=64 -DPROFILE_COMPLEX_INNER=8 -DUSE_HAL_DRIVER -DSTM32N657xx -Iinclude -I../common/src/sig/aimer/reference/aimer-256f -I../common/src -I/Users/seungwon/STM32CubeN6/Projects/NUCLEO-N657X0-Q/Templates/Template/FSBL/Inc -I/Users/seungwon/STM32CubeN6/Drivers/CMSIS/Include -I/Users/seungwon/STM32CubeN6/Drivers/CMSIS/Device/ST/STM32N6xx/Include -I/Users/seungwon/STM32CubeN6/Drivers/STM32N6xx_HAL_Driver/Inc -I/Users/seungwon/STM32CubeN6/Drivers/STM32N6xx_HAL_Driver/Inc/Legacy -O3 -std=c11 -fno-common -ffunction-sections -fdata-sections -fno-tree-vectorize -fno-tree-slp-vectorize -MMD -MP --specs=nosys.specs -Wall -Wextra -Wshadow -Wconversion -Wstrict-prototypes -mcpu=cortex-m55 -mthumb -mfloat-abi=hard -mcmse -fstack-usage -c ../common/src/sig/aimer/reference/aimer-256f/sign.c -o build/full/256f/ref/benchmark/sign.c.o
../common/src/sig/aimer/reference/aimer-256f/sign.c: In function 'samsungsds_aimer_256f_ref_crypto_sign_signature':
../common/src/sig/aimer/reference/aimer-256f/sign.c:409:15: warning: conversion from 'size_t' {aka 'unsigned int'} to 'uint8_t' {aka 'unsigned char'} may change value [-Wconversion]
  409 |   prefix[0] = ctxlen;
      |               ^~~~~~
../common/src/sig/aimer/reference/aimer-256f/sign.c: In function 'samsungsds_aimer_256f_ref_crypto_sign_verify':
../common/src/sig/aimer/reference/aimer-256f/sign.c:675:15: warning: conversion from 'size_t' {aka 'unsigned int'} to 'uint8_t' {aka 'unsigned char'} may change value [-Wconversion]
  675 |   prefix[0] = ctxlen;
      |               ^~~~~~
/Users/seungwon/test/.tools/xpack-arm-none-eabi-gcc-15.2.1-1.1/bin/arm-none-eabi-gcc   -DAIMER_BENCHMARK -DPARAMS=256f -DAIMER_BACKEND=ref -DAIMER_MATVEC=reference -DAIMER_CONFIG=ref -DBENCH_KERNEL_SAMPLES=31 -DBENCH_E2E_SAMPLES=50 -DBENCH_KERNEL_INNER=64 -DBENCH_WARMUP=10 -DPROFILE_SAMPLES=31 -DPROFILE_KERNEL_INNER=64 -DPROFILE_COMPLEX_INNER=8 -DUSE_HAL_DRIVER -DSTM32N657xx -Iinclude -I../common/src/sig/aimer/reference/aimer-256f -I../common/src -I/Users/seungwon/STM32CubeN6/Projects/NUCLEO-N657X0-Q/Templates/Template/FSBL/Inc -I/Users/seungwon/STM32CubeN6/Drivers/CMSIS/Include -I/Users/seungwon/STM32CubeN6/Drivers/CMSIS/Device/ST/STM32N6xx/Include -I/Users/seungwon/STM32CubeN6/Drivers/STM32N6xx_HAL_Driver/Inc -I/Users/seungwon/STM32CubeN6/Drivers/STM32N6xx_HAL_Driver/Inc/Legacy -O3 -std=c11 -fno-common -ffunction-sections -fdata-sections -fno-tree-vectorize -fno-tree-slp-vectorize -MMD -MP --specs=nosys.specs -Wall -Wextra -Wshadow -Wconversion -Wstrict-prototypes -mcpu=cortex-m55 -mthumb -mfloat-abi=hard -mcmse -fstack-usage -c ../common/src/sig/aimer/reference/aimer-256f/tree.c -o build/full/256f/ref/benchmark/tree.c.o
/Users/seungwon/test/.tools/xpack-arm-none-eabi-gcc-15.2.1-1.1/bin/arm-none-eabi-gcc   -DAIMER_BENCHMARK -DPARAMS=256f -DAIMER_BACKEND=ref -DAIMER_MATVEC=reference -DAIMER_CONFIG=ref -DBENCH_KERNEL_SAMPLES=31 -DBENCH_E2E_SAMPLES=50 -DBENCH_KERNEL_INNER=64 -DBENCH_WARMUP=10 -DPROFILE_SAMPLES=31 -DPROFILE_KERNEL_INNER=64 -DPROFILE_COMPLEX_INNER=8 -DUSE_HAL_DRIVER -DSTM32N657xx -Iinclude -I../common/src/sig/aimer/reference/aimer-256f -I../common/src -I/Users/seungwon/STM32CubeN6/Projects/NUCLEO-N657X0-Q/Templates/Template/FSBL/Inc -I/Users/seungwon/STM32CubeN6/Drivers/CMSIS/Include -I/Users/seungwon/STM32CubeN6/Drivers/CMSIS/Device/ST/STM32N6xx/Include -I/Users/seungwon/STM32CubeN6/Drivers/STM32N6xx_HAL_Driver/Inc -I/Users/seungwon/STM32CubeN6/Drivers/STM32N6xx_HAL_Driver/Inc/Legacy -O3 -std=c11 -fno-common -ffunction-sections -fdata-sections -fno-tree-vectorize -fno-tree-slp-vectorize -MMD -MP --specs=nosys.specs -Wall -Wextra -Wshadow -Wconversion -Wstrict-prototypes -mcpu=cortex-m55 -mthumb -mfloat-abi=hard -mcmse -fstack-usage -c ../common/src/sig/aimer/reference/aimer-256f/field_common.c -o build/full/256f/ref/benchmark/field_common.c.o
../common/src/sig/aimer/reference/aimer-256f/field_common.c: In function 'samsungsds_aimer_256f_ref_gf_from_bytes':
../common/src/sig/aimer/reference/aimer-256f/field_common.c:28:31: warning: conversion to 'size_t' {aka 'unsigned int'} from 'int' may change the sign of the result [-Wsign-conversion]
   28 |       u = (u << 8) | in[8 * i + j];
      |                               ^
/Users/seungwon/test/.tools/xpack-arm-none-eabi-gcc-15.2.1-1.1/bin/arm-none-eabi-gcc   -DAIMER_BENCHMARK -DPARAMS=256f -DAIMER_BACKEND=ref -DAIMER_MATVEC=reference -DAIMER_CONFIG=ref -DBENCH_KERNEL_SAMPLES=31 -DBENCH_E2E_SAMPLES=50 -DBENCH_KERNEL_INNER=64 -DBENCH_WARMUP=10 -DPROFILE_SAMPLES=31 -DPROFILE_KERNEL_INNER=64 -DPROFILE_COMPLEX_INNER=8 -DUSE_HAL_DRIVER -DSTM32N657xx -Iinclude -I../common/src/sig/aimer/reference/aimer-256f -I../common/src -I/Users/seungwon/STM32CubeN6/Projects/NUCLEO-N657X0-Q/Templates/Template/FSBL/Inc -I/Users/seungwon/STM32CubeN6/Drivers/CMSIS/Include -I/Users/seungwon/STM32CubeN6/Drivers/CMSIS/Device/ST/STM32N6xx/Include -I/Users/seungwon/STM32CubeN6/Drivers/STM32N6xx_HAL_Driver/Inc -I/Users/seungwon/STM32CubeN6/Drivers/STM32N6xx_HAL_Driver/Inc/Legacy -O3 -std=c11 -fno-common -ffunction-sections -fdata-sections -fno-tree-vectorize -fno-tree-slp-vectorize -MMD -MP --specs=nosys.specs -Wall -Wextra -Wshadow -Wconversion -Wstrict-prototypes -mcpu=cortex-m55 -mthumb -mfloat-abi=hard -mcmse -fstack-usage -c ../common/src/sig/aimer/reference/aimer-256f/field256.c -o build/full/256f/ref/benchmark/field256.c.o
/Users/seungwon/test/.tools/xpack-arm-none-eabi-gcc-15.2.1-1.1/bin/arm-none-eabi-gcc   -DAIMER_BENCHMARK -DPARAMS=256f -DAIMER_BACKEND=ref -DAIMER_MATVEC=reference -DAIMER_CONFIG=ref -DBENCH_KERNEL_SAMPLES=31 -DBENCH_E2E_SAMPLES=50 -DBENCH_KERNEL_INNER=64 -DBENCH_WARMUP=10 -DPROFILE_SAMPLES=31 -DPROFILE_KERNEL_INNER=64 -DPROFILE_COMPLEX_INNER=8 -DUSE_HAL_DRIVER -DSTM32N657xx -Iinclude -I../common/src/sig/aimer/reference/aimer-256f -I../common/src -I/Users/seungwon/STM32CubeN6/Projects/NUCLEO-N657X0-Q/Templates/Template/FSBL/Inc -I/Users/seungwon/STM32CubeN6/Drivers/CMSIS/Include -I/Users/seungwon/STM32CubeN6/Drivers/CMSIS/Device/ST/STM32N6xx/Include -I/Users/seungwon/STM32CubeN6/Drivers/STM32N6xx_HAL_Driver/Inc -I/Users/seungwon/STM32CubeN6/Drivers/STM32N6xx_HAL_Driver/Inc/Legacy -O3 -std=c11 -fno-common -ffunction-sections -fdata-sections -fno-tree-vectorize -fno-tree-slp-vectorize -MMD -MP --specs=nosys.specs -Wall -Wextra -Wshadow -Wconversion -Wstrict-prototypes -mcpu=cortex-m55 -mthumb -mfloat-abi=hard -mcmse -fstack-usage -c ../common/src/common/aes.c -o build/full/256f/ref/benchmark/aes.c.o
/Users/seungwon/test/.tools/xpack-arm-none-eabi-gcc-15.2.1-1.1/bin/arm-none-eabi-gcc   -DAIMER_BENCHMARK -DPARAMS=256f -DAIMER_BACKEND=ref -DAIMER_MATVEC=reference -DAIMER_CONFIG=ref -DBENCH_KERNEL_SAMPLES=31 -DBENCH_E2E_SAMPLES=50 -DBENCH_KERNEL_INNER=64 -DBENCH_WARMUP=10 -DPROFILE_SAMPLES=31 -DPROFILE_KERNEL_INNER=64 -DPROFILE_COMPLEX_INNER=8 -DUSE_HAL_DRIVER -DSTM32N657xx -Iinclude -I../common/src/sig/aimer/reference/aimer-256f -I../common/src -I/Users/seungwon/STM32CubeN6/Projects/NUCLEO-N657X0-Q/Templates/Template/FSBL/Inc -I/Users/seungwon/STM32CubeN6/Drivers/CMSIS/Include -I/Users/seungwon/STM32CubeN6/Drivers/CMSIS/Device/ST/STM32N6xx/Include -I/Users/seungwon/STM32CubeN6/Drivers/STM32N6xx_HAL_Driver/Inc -I/Users/seungwon/STM32CubeN6/Drivers/STM32N6xx_HAL_Driver/Inc/Legacy -O3 -std=c11 -fno-common -ffunction-sections -fdata-sections -fno-tree-vectorize -fno-tree-slp-vectorize -MMD -MP --specs=nosys.specs -Wall -Wextra -Wshadow -Wconversion -Wstrict-prototypes -mcpu=cortex-m55 -mthumb -mfloat-abi=hard -mcmse -fstack-usage -c ../common/src/common/fips202.c -o build/full/256f/ref/benchmark/fips202.c.o
/Users/seungwon/test/.tools/xpack-arm-none-eabi-gcc-15.2.1-1.1/bin/arm-none-eabi-gcc   -DAIMER_BENCHMARK -DPARAMS=256f -DAIMER_BACKEND=ref -DAIMER_MATVEC=reference -DAIMER_CONFIG=ref -DBENCH_KERNEL_SAMPLES=31 -DBENCH_E2E_SAMPLES=50 -DBENCH_KERNEL_INNER=64 -DBENCH_WARMUP=10 -DPROFILE_SAMPLES=31 -DPROFILE_KERNEL_INNER=64 -DPROFILE_COMPLEX_INNER=8 -DUSE_HAL_DRIVER -DSTM32N657xx -Iinclude -I../common/src/sig/aimer/reference/aimer-256f -I../common/src -I/Users/seungwon/STM32CubeN6/Projects/NUCLEO-N657X0-Q/Templates/Template/FSBL/Inc -I/Users/seungwon/STM32CubeN6/Drivers/CMSIS/Include -I/Users/seungwon/STM32CubeN6/Drivers/CMSIS/Device/ST/STM32N6xx/Include -I/Users/seungwon/STM32CubeN6/Drivers/STM32N6xx_HAL_Driver/Inc -I/Users/seungwon/STM32CubeN6/Drivers/STM32N6xx_HAL_Driver/Inc/Legacy -O3 -std=c11 -fno-common -ffunction-sections -fdata-sections -fno-tree-vectorize -fno-tree-slp-vectorize -MMD -MP --specs=nosys.specs -Wall -Wextra -Wshadow -Wconversion -Wstrict-prototypes -mcpu=cortex-m55 -mthumb -mfloat-abi=hard -mcmse -fstack-usage -c ../common/src/common/rng.c -o build/full/256f/ref/benchmark/rng.c.o
../common/src/common/rng.c: In function 'seedexpander_init':
../common/src/common/rng.c:30:17: warning: comparison is always false due to limited range of data type [-Wtype-limits]
   30 |     if ( maxlen >= 0x100000000 )
      |                 ^~
../common/src/common/rng.c: In function 'seedexpander':
../common/src/common/rng.c:73:19: warning: comparison of integer expressions of different signedness: 'long unsigned int' and 'int' [-Wsign-compare]
   73 |         if ( xlen <= (16-ctx->buffer_pos) ) { // buffer has what we need
      |                   ^~
../common/src/common/rng.c:75:29: warning: conversion to 'long unsigned int' from 'int' may change the sign of the result [-Wsign-conversion]
   75 |             ctx->buffer_pos += xlen;
      |                             ^~
../common/src/common/rng.c:75:32: warning: conversion to 'int' from 'long unsigned int' may change the sign of the result [-Wsign-conversion]
   75 |             ctx->buffer_pos += xlen;
      |                                ^~~~
../common/src/common/rng.c:81:57: warning: conversion to 'size_t' {aka 'unsigned int'} from 'int' may change the sign of the result [-Wsign-conversion]
   81 |         memcpy(x+offset, ctx->buffer+ctx->buffer_pos, 16-ctx->buffer_pos);
      |                                                       ~~^~~~~~~~~~~~~~~~
../common/src/common/rng.c:82:14: warning: conversion to 'long unsigned int' from 'int' may change the sign of the result [-Wsign-conversion]
   82 |         xlen -= 16-ctx->buffer_pos;
      |              ^~
../common/src/common/rng.c:83:16: warning: conversion to 'long unsigned int' from 'int' may change the sign of the result [-Wsign-conversion]
   83 |         offset += 16-ctx->buffer_pos;
      |                ^~
../common/src/common/rng.c: In function 'randombytes_init':
../common/src/common/rng.c:127:22: warning: unused parameter 'security_strength' [-Wunused-parameter]
  127 |                  int security_strength)
      |                  ~~~~^~~~~~~~~~~~~~~~~
../common/src/common/rng.c: In function 'randombytes':
../common/src/common/rng.c:164:32: warning: conversion from 'long long unsigned int' to 'size_t' {aka 'unsigned int'} may change value [-Wconversion]
  164 |             memcpy(x+i, block, xlen);
      |                                ^~~~
/Users/seungwon/test/.tools/xpack-arm-none-eabi-gcc-15.2.1-1.1/bin/arm-none-eabi-gcc   -DAIMER_BENCHMARK -DPARAMS=256f -DAIMER_BACKEND=ref -DAIMER_MATVEC=reference -DAIMER_CONFIG=ref -DBENCH_KERNEL_SAMPLES=31 -DBENCH_E2E_SAMPLES=50 -DBENCH_KERNEL_INNER=64 -DBENCH_WARMUP=10 -DPROFILE_SAMPLES=31 -DPROFILE_KERNEL_INNER=64 -DPROFILE_COMPLEX_INNER=8 -DUSE_HAL_DRIVER -DSTM32N657xx -Iinclude -I../common/src/sig/aimer/reference/aimer-256f -I../common/src -I/Users/seungwon/STM32CubeN6/Projects/NUCLEO-N657X0-Q/Templates/Template/FSBL/Inc -I/Users/seungwon/STM32CubeN6/Drivers/CMSIS/Include -I/Users/seungwon/STM32CubeN6/Drivers/CMSIS/Device/ST/STM32N6xx/Include -I/Users/seungwon/STM32CubeN6/Drivers/STM32N6xx_HAL_Driver/Inc -I/Users/seungwon/STM32CubeN6/Drivers/STM32N6xx_HAL_Driver/Inc/Legacy -O3 -std=c11 -fno-common -ffunction-sections -fdata-sections -fno-tree-vectorize -fno-tree-slp-vectorize -MMD -MP --specs=nosys.specs -Wall -Wextra -Wshadow -Wconversion -Wstrict-prototypes -mcpu=cortex-m55 -mthumb -mfloat-abi=hard -mcmse -fstack-usage -c platform/nucleo-n657x0-q/platform.c -o build/full/256f/ref/benchmark/platform.c.o
In file included from /Users/seungwon/STM32CubeN6/Drivers/CMSIS/Include/core_cm55.h:4605,
                 from /Users/seungwon/STM32CubeN6/Drivers/CMSIS/Device/ST/STM32N6xx/Include/stm32n657xx.h:281,
                 from /Users/seungwon/STM32CubeN6/Drivers/CMSIS/Device/ST/STM32N6xx/Include/stm32n6xx.h:87,
                 from /Users/seungwon/STM32CubeN6/Drivers/STM32N6xx_HAL_Driver/Inc/stm32n6xx_hal_def.h:33,
                 from /Users/seungwon/STM32CubeN6/Drivers/STM32N6xx_HAL_Driver/Inc/stm32n6xx_hal_rcc.h:28,
                 from /Users/seungwon/STM32CubeN6/Projects/NUCLEO-N657X0-Q/Templates/Template/FSBL/Inc/stm32n6xx_hal_conf.h:253,
                 from /Users/seungwon/STM32CubeN6/Drivers/STM32N6xx_HAL_Driver/Inc/stm32n6xx_hal.h:29,
                 from platform/nucleo-n657x0-q/platform.c:5:
/Users/seungwon/STM32CubeN6/Drivers/CMSIS/Include/m-profile/armv7m_cachel1.h: In function 'SCB_InvalidateICache_by_Addr':
/Users/seungwon/STM32CubeN6/Drivers/CMSIS/Include/m-profile/armv7m_cachel1.h:117:32: warning: conversion to 'long unsigned int' from 'int32_t' {aka 'long int'} may change the sign of the result [-Wsign-conversion]
  117 |        int32_t op_size = isize + (((uint32_t)addr) & (__SCB_ICACHE_LINE_SIZE - 1U));
      |                                ^
/Users/seungwon/STM32CubeN6/Drivers/CMSIS/Include/m-profile/armv7m_cachel1.h:117:26: warning: conversion to 'int32_t' {aka 'long int'} from 'long unsigned int' may change the sign of the result [-Wsign-conversion]
  117 |        int32_t op_size = isize + (((uint32_t)addr) & (__SCB_ICACHE_LINE_SIZE - 1U));
      |                          ^~~~~
/Users/seungwon/STM32CubeN6/Drivers/CMSIS/Include/m-profile/armv7m_cachel1.h:125:17: warning: conversion to 'long unsigned int' from 'int32_t' {aka 'long int'} may change the sign of the result [-Wsign-conversion]
  125 |         op_size -= __SCB_ICACHE_LINE_SIZE;
      |                 ^~
/Users/seungwon/STM32CubeN6/Drivers/CMSIS/Include/m-profile/armv7m_cachel1.h:48:33: warning: conversion to 'int32_t' {aka 'long int'} from 'long unsigned int' may change the sign of the result [-Wsign-conversion]
   48 | #define __SCB_ICACHE_LINE_SIZE  32U /*!< Cortex-M7 cache line size is fixed to 32 bytes (8 words). See also register SCB_CCSIDR */
      |                                 ^~~
/Users/seungwon/STM32CubeN6/Drivers/CMSIS/Include/m-profile/armv7m_cachel1.h:125:20: note: in expansion of macro '__SCB_ICACHE_LINE_SIZE'
  125 |         op_size -= __SCB_ICACHE_LINE_SIZE;
      |                    ^~~~~~~~~~~~~~~~~~~~~~
/Users/seungwon/STM32CubeN6/Drivers/CMSIS/Include/m-profile/armv7m_cachel1.h: In function 'SCB_InvalidateDCache_by_Addr':
/Users/seungwon/STM32CubeN6/Drivers/CMSIS/Include/m-profile/armv7m_cachel1.h:360:32: warning: conversion to 'long unsigned int' from 'int32_t' {aka 'long int'} may change the sign of the result [-Wsign-conversion]
  360 |        int32_t op_size = dsize + (((uint32_t)addr) & (__SCB_DCACHE_LINE_SIZE - 1U));
      |                                ^
/Users/seungwon/STM32CubeN6/Drivers/CMSIS/Include/m-profile/armv7m_cachel1.h:360:26: warning: conversion to 'int32_t' {aka 'long int'} from 'long unsigned int' may change the sign of the result [-Wsign-conversion]
  360 |        int32_t op_size = dsize + (((uint32_t)addr) & (__SCB_DCACHE_LINE_SIZE - 1U));
      |                          ^~~~~
/Users/seungwon/STM32CubeN6/Drivers/CMSIS/Include/m-profile/armv7m_cachel1.h:368:17: warning: conversion to 'long unsigned int' from 'int32_t' {aka 'long int'} may change the sign of the result [-Wsign-conversion]
  368 |         op_size -= __SCB_DCACHE_LINE_SIZE;
      |                 ^~
/Users/seungwon/STM32CubeN6/Drivers/CMSIS/Include/m-profile/armv7m_cachel1.h:44:33: warning: conversion to 'int32_t' {aka 'long int'} from 'long unsigned int' may change the sign of the result [-Wsign-conversion]
   44 | #define __SCB_DCACHE_LINE_SIZE  32U /*!< Cortex-M7 cache line size is fixed to 32 bytes (8 words). See also register SCB_CCSIDR */
      |                                 ^~~
/Users/seungwon/STM32CubeN6/Drivers/CMSIS/Include/m-profile/armv7m_cachel1.h:368:20: note: in expansion of macro '__SCB_DCACHE_LINE_SIZE'
  368 |         op_size -= __SCB_DCACHE_LINE_SIZE;
      |                    ^~~~~~~~~~~~~~~~~~~~~~
/Users/seungwon/STM32CubeN6/Drivers/CMSIS/Include/m-profile/armv7m_cachel1.h: In function 'SCB_CleanDCache_by_Addr':
/Users/seungwon/STM32CubeN6/Drivers/CMSIS/Include/m-profile/armv7m_cachel1.h:390:32: warning: conversion to 'long unsigned int' from 'int32_t' {aka 'long int'} may change the sign of the result [-Wsign-conversion]
  390 |        int32_t op_size = dsize + (((uint32_t)addr) & (__SCB_DCACHE_LINE_SIZE - 1U));
      |                                ^
/Users/seungwon/STM32CubeN6/Drivers/CMSIS/Include/m-profile/armv7m_cachel1.h:390:26: warning: conversion to 'int32_t' {aka 'long int'} from 'long unsigned int' may change the sign of the result [-Wsign-conversion]
  390 |        int32_t op_size = dsize + (((uint32_t)addr) & (__SCB_DCACHE_LINE_SIZE - 1U));
      |                          ^~~~~
/Users/seungwon/STM32CubeN6/Drivers/CMSIS/Include/m-profile/armv7m_cachel1.h:398:17: warning: conversion to 'long unsigned int' from 'int32_t' {aka 'long int'} may change the sign of the result [-Wsign-conversion]
  398 |         op_size -= __SCB_DCACHE_LINE_SIZE;
      |                 ^~
/Users/seungwon/STM32CubeN6/Drivers/CMSIS/Include/m-profile/armv7m_cachel1.h:44:33: warning: conversion to 'int32_t' {aka 'long int'} from 'long unsigned int' may change the sign of the result [-Wsign-conversion]
   44 | #define __SCB_DCACHE_LINE_SIZE  32U /*!< Cortex-M7 cache line size is fixed to 32 bytes (8 words). See also register SCB_CCSIDR */
      |                                 ^~~
/Users/seungwon/STM32CubeN6/Drivers/CMSIS/Include/m-profile/armv7m_cachel1.h:398:20: note: in expansion of macro '__SCB_DCACHE_LINE_SIZE'
  398 |         op_size -= __SCB_DCACHE_LINE_SIZE;
      |                    ^~~~~~~~~~~~~~~~~~~~~~
/Users/seungwon/STM32CubeN6/Drivers/CMSIS/Include/m-profile/armv7m_cachel1.h: In function 'SCB_CleanInvalidateDCache_by_Addr':
/Users/seungwon/STM32CubeN6/Drivers/CMSIS/Include/m-profile/armv7m_cachel1.h:420:32: warning: conversion to 'long unsigned int' from 'int32_t' {aka 'long int'} may change the sign of the result [-Wsign-conversion]
  420 |        int32_t op_size = dsize + (((uint32_t)addr) & (__SCB_DCACHE_LINE_SIZE - 1U));
      |                                ^
/Users/seungwon/STM32CubeN6/Drivers/CMSIS/Include/m-profile/armv7m_cachel1.h:420:26: warning: conversion to 'int32_t' {aka 'long int'} from 'long unsigned int' may change the sign of the result [-Wsign-conversion]
  420 |        int32_t op_size = dsize + (((uint32_t)addr) & (__SCB_DCACHE_LINE_SIZE - 1U));
      |                          ^~~~~
/Users/seungwon/STM32CubeN6/Drivers/CMSIS/Include/m-profile/armv7m_cachel1.h:428:17: warning: conversion to 'long unsigned int' from 'int32_t' {aka 'long int'} may change the sign of the result [-Wsign-conversion]
  428 |         op_size -=          __SCB_DCACHE_LINE_SIZE;
      |                 ^~
/Users/seungwon/STM32CubeN6/Drivers/CMSIS/Include/m-profile/armv7m_cachel1.h:44:33: warning: conversion to 'int32_t' {aka 'long int'} from 'long unsigned int' may change the sign of the result [-Wsign-conversion]
   44 | #define __SCB_DCACHE_LINE_SIZE  32U /*!< Cortex-M7 cache line size is fixed to 32 bytes (8 words). See also register SCB_CCSIDR */
      |                                 ^~~
/Users/seungwon/STM32CubeN6/Drivers/CMSIS/Include/m-profile/armv7m_cachel1.h:428:29: note: in expansion of macro '__SCB_DCACHE_LINE_SIZE'
  428 |         op_size -=          __SCB_DCACHE_LINE_SIZE;
      |                             ^~~~~~~~~~~~~~~~~~~~~~
/Users/seungwon/test/.tools/xpack-arm-none-eabi-gcc-15.2.1-1.1/bin/arm-none-eabi-gcc   -DAIMER_BENCHMARK -DPARAMS=256f -DAIMER_BACKEND=ref -DAIMER_MATVEC=reference -DAIMER_CONFIG=ref -DBENCH_KERNEL_SAMPLES=31 -DBENCH_E2E_SAMPLES=50 -DBENCH_KERNEL_INNER=64 -DBENCH_WARMUP=10 -DPROFILE_SAMPLES=31 -DPROFILE_KERNEL_INNER=64 -DPROFILE_COMPLEX_INNER=8 -DUSE_HAL_DRIVER -DSTM32N657xx -Iinclude -I../common/src/sig/aimer/reference/aimer-256f -I../common/src -I/Users/seungwon/STM32CubeN6/Projects/NUCLEO-N657X0-Q/Templates/Template/FSBL/Inc -I/Users/seungwon/STM32CubeN6/Drivers/CMSIS/Include -I/Users/seungwon/STM32CubeN6/Drivers/CMSIS/Device/ST/STM32N6xx/Include -I/Users/seungwon/STM32CubeN6/Drivers/STM32N6xx_HAL_Driver/Inc -I/Users/seungwon/STM32CubeN6/Drivers/STM32N6xx_HAL_Driver/Inc/Legacy -O3 -std=c11 -fno-common -ffunction-sections -fdata-sections -fno-tree-vectorize -fno-tree-slp-vectorize -MMD -MP --specs=nosys.specs -Wall -Wextra -Wshadow -Wconversion -Wstrict-prototypes -mcpu=cortex-m55 -mthumb -mfloat-abi=hard -mcmse -fstack-usage -c /Users/seungwon/STM32CubeN6/Projects/NUCLEO-N657X0-Q/Templates/Template/FSBL/Src/system_stm32n6xx_fsbl.c -o build/full/256f/ref/benchmark/system_stm32n6xx_fsbl.c.o
In file included from /Users/seungwon/STM32CubeN6/Drivers/CMSIS/Include/core_cm55.h:4605,
                 from /Users/seungwon/STM32CubeN6/Drivers/CMSIS/Device/ST/STM32N6xx/Include/stm32n657xx.h:281,
                 from /Users/seungwon/STM32CubeN6/Drivers/CMSIS/Device/ST/STM32N6xx/Include/stm32n6xx.h:87,
                 from /Users/seungwon/STM32CubeN6/Projects/NUCLEO-N657X0-Q/Templates/Template/FSBL/Src/system_stm32n6xx_fsbl.c:55:
/Users/seungwon/STM32CubeN6/Drivers/CMSIS/Include/m-profile/armv7m_cachel1.h: In function 'SCB_InvalidateICache_by_Addr':
/Users/seungwon/STM32CubeN6/Drivers/CMSIS/Include/m-profile/armv7m_cachel1.h:117:32: warning: conversion to 'long unsigned int' from 'int32_t' {aka 'long int'} may change the sign of the result [-Wsign-conversion]
  117 |        int32_t op_size = isize + (((uint32_t)addr) & (__SCB_ICACHE_LINE_SIZE - 1U));
      |                                ^
/Users/seungwon/STM32CubeN6/Drivers/CMSIS/Include/m-profile/armv7m_cachel1.h:117:26: warning: conversion to 'int32_t' {aka 'long int'} from 'long unsigned int' may change the sign of the result [-Wsign-conversion]
  117 |        int32_t op_size = isize + (((uint32_t)addr) & (__SCB_ICACHE_LINE_SIZE - 1U));
      |                          ^~~~~
/Users/seungwon/STM32CubeN6/Drivers/CMSIS/Include/m-profile/armv7m_cachel1.h:125:17: warning: conversion to 'long unsigned int' from 'int32_t' {aka 'long int'} may change the sign of the result [-Wsign-conversion]
  125 |         op_size -= __SCB_ICACHE_LINE_SIZE;
      |                 ^~
/Users/seungwon/STM32CubeN6/Drivers/CMSIS/Include/m-profile/armv7m_cachel1.h:48:33: warning: conversion to 'int32_t' {aka 'long int'} from 'long unsigned int' may change the sign of the result [-Wsign-conversion]
   48 | #define __SCB_ICACHE_LINE_SIZE  32U /*!< Cortex-M7 cache line size is fixed to 32 bytes (8 words). See also register SCB_CCSIDR */
      |                                 ^~~
/Users/seungwon/STM32CubeN6/Drivers/CMSIS/Include/m-profile/armv7m_cachel1.h:125:20: note: in expansion of macro '__SCB_ICACHE_LINE_SIZE'
  125 |         op_size -= __SCB_ICACHE_LINE_SIZE;
      |                    ^~~~~~~~~~~~~~~~~~~~~~
/Users/seungwon/STM32CubeN6/Drivers/CMSIS/Include/m-profile/armv7m_cachel1.h: In function 'SCB_InvalidateDCache_by_Addr':
/Users/seungwon/STM32CubeN6/Drivers/CMSIS/Include/m-profile/armv7m_cachel1.h:360:32: warning: conversion to 'long unsigned int' from 'int32_t' {aka 'long int'} may change the sign of the result [-Wsign-conversion]
  360 |        int32_t op_size = dsize + (((uint32_t)addr) & (__SCB_DCACHE_LINE_SIZE - 1U));
      |                                ^
/Users/seungwon/STM32CubeN6/Drivers/CMSIS/Include/m-profile/armv7m_cachel1.h:360:26: warning: conversion to 'int32_t' {aka 'long int'} from 'long unsigned int' may change the sign of the result [-Wsign-conversion]
  360 |        int32_t op_size = dsize + (((uint32_t)addr) & (__SCB_DCACHE_LINE_SIZE - 1U));
      |                          ^~~~~
/Users/seungwon/STM32CubeN6/Drivers/CMSIS/Include/m-profile/armv7m_cachel1.h:368:17: warning: conversion to 'long unsigned int' from 'int32_t' {aka 'long int'} may change the sign of the result [-Wsign-conversion]
  368 |         op_size -= __SCB_DCACHE_LINE_SIZE;
      |                 ^~
/Users/seungwon/STM32CubeN6/Drivers/CMSIS/Include/m-profile/armv7m_cachel1.h:44:33: warning: conversion to 'int32_t' {aka 'long int'} from 'long unsigned int' may change the sign of the result [-Wsign-conversion]
   44 | #define __SCB_DCACHE_LINE_SIZE  32U /*!< Cortex-M7 cache line size is fixed to 32 bytes (8 words). See also register SCB_CCSIDR */
      |                                 ^~~
/Users/seungwon/STM32CubeN6/Drivers/CMSIS/Include/m-profile/armv7m_cachel1.h:368:20: note: in expansion of macro '__SCB_DCACHE_LINE_SIZE'
  368 |         op_size -= __SCB_DCACHE_LINE_SIZE;
      |                    ^~~~~~~~~~~~~~~~~~~~~~
/Users/seungwon/STM32CubeN6/Drivers/CMSIS/Include/m-profile/armv7m_cachel1.h: In function 'SCB_CleanDCache_by_Addr':
/Users/seungwon/STM32CubeN6/Drivers/CMSIS/Include/m-profile/armv7m_cachel1.h:390:32: warning: conversion to 'long unsigned int' from 'int32_t' {aka 'long int'} may change the sign of the result [-Wsign-conversion]
  390 |        int32_t op_size = dsize + (((uint32_t)addr) & (__SCB_DCACHE_LINE_SIZE - 1U));
      |                                ^
/Users/seungwon/STM32CubeN6/Drivers/CMSIS/Include/m-profile/armv7m_cachel1.h:390:26: warning: conversion to 'int32_t' {aka 'long int'} from 'long unsigned int' may change the sign of the result [-Wsign-conversion]
  390 |        int32_t op_size = dsize + (((uint32_t)addr) & (__SCB_DCACHE_LINE_SIZE - 1U));
      |                          ^~~~~
/Users/seungwon/STM32CubeN6/Drivers/CMSIS/Include/m-profile/armv7m_cachel1.h:398:17: warning: conversion to 'long unsigned int' from 'int32_t' {aka 'long int'} may change the sign of the result [-Wsign-conversion]
  398 |         op_size -= __SCB_DCACHE_LINE_SIZE;
      |                 ^~
/Users/seungwon/STM32CubeN6/Drivers/CMSIS/Include/m-profile/armv7m_cachel1.h:44:33: warning: conversion to 'int32_t' {aka 'long int'} from 'long unsigned int' may change the sign of the result [-Wsign-conversion]
   44 | #define __SCB_DCACHE_LINE_SIZE  32U /*!< Cortex-M7 cache line size is fixed to 32 bytes (8 words). See also register SCB_CCSIDR */
      |                                 ^~~
/Users/seungwon/STM32CubeN6/Drivers/CMSIS/Include/m-profile/armv7m_cachel1.h:398:20: note: in expansion of macro '__SCB_DCACHE_LINE_SIZE'
  398 |         op_size -= __SCB_DCACHE_LINE_SIZE;
      |                    ^~~~~~~~~~~~~~~~~~~~~~
/Users/seungwon/STM32CubeN6/Drivers/CMSIS/Include/m-profile/armv7m_cachel1.h: In function 'SCB_CleanInvalidateDCache_by_Addr':
/Users/seungwon/STM32CubeN6/Drivers/CMSIS/Include/m-profile/armv7m_cachel1.h:420:32: warning: conversion to 'long unsigned int' from 'int32_t' {aka 'long int'} may change the sign of the result [-Wsign-conversion]
  420 |        int32_t op_size = dsize + (((uint32_t)addr) & (__SCB_DCACHE_LINE_SIZE - 1U));
      |                                ^
/Users/seungwon/STM32CubeN6/Drivers/CMSIS/Include/m-profile/armv7m_cachel1.h:420:26: warning: conversion to 'int32_t' {aka 'long int'} from 'long unsigned int' may change the sign of the result [-Wsign-conversion]
  420 |        int32_t op_size = dsize + (((uint32_t)addr) & (__SCB_DCACHE_LINE_SIZE - 1U));
      |                          ^~~~~
/Users/seungwon/STM32CubeN6/Drivers/CMSIS/Include/m-profile/armv7m_cachel1.h:428:17: warning: conversion to 'long unsigned int' from 'int32_t' {aka 'long int'} may change the sign of the result [-Wsign-conversion]
  428 |         op_size -=          __SCB_DCACHE_LINE_SIZE;
      |                 ^~
/Users/seungwon/STM32CubeN6/Drivers/CMSIS/Include/m-profile/armv7m_cachel1.h:44:33: warning: conversion to 'int32_t' {aka 'long int'} from 'long unsigned int' may change the sign of the result [-Wsign-conversion]
   44 | #define __SCB_DCACHE_LINE_SIZE  32U /*!< Cortex-M7 cache line size is fixed to 32 bytes (8 words). See also register SCB_CCSIDR */
      |                                 ^~~
/Users/seungwon/STM32CubeN6/Drivers/CMSIS/Include/m-profile/armv7m_cachel1.h:428:29: note: in expansion of macro '__SCB_DCACHE_LINE_SIZE'
  428 |         op_size -=          __SCB_DCACHE_LINE_SIZE;
      |                             ^~~~~~~~~~~~~~~~~~~~~~
/Users/seungwon/test/.tools/xpack-arm-none-eabi-gcc-15.2.1-1.1/bin/arm-none-eabi-gcc   -DAIMER_BENCHMARK -DPARAMS=256f -DAIMER_BACKEND=ref -DAIMER_MATVEC=reference -DAIMER_CONFIG=ref -DBENCH_KERNEL_SAMPLES=31 -DBENCH_E2E_SAMPLES=50 -DBENCH_KERNEL_INNER=64 -DBENCH_WARMUP=10 -DPROFILE_SAMPLES=31 -DPROFILE_KERNEL_INNER=64 -DPROFILE_COMPLEX_INNER=8 -DUSE_HAL_DRIVER -DSTM32N657xx -Iinclude -I../common/src/sig/aimer/reference/aimer-256f -I../common/src -I/Users/seungwon/STM32CubeN6/Projects/NUCLEO-N657X0-Q/Templates/Template/FSBL/Inc -I/Users/seungwon/STM32CubeN6/Drivers/CMSIS/Include -I/Users/seungwon/STM32CubeN6/Drivers/CMSIS/Device/ST/STM32N6xx/Include -I/Users/seungwon/STM32CubeN6/Drivers/STM32N6xx_HAL_Driver/Inc -I/Users/seungwon/STM32CubeN6/Drivers/STM32N6xx_HAL_Driver/Inc/Legacy -O3 -std=c11 -fno-common -ffunction-sections -fdata-sections -fno-tree-vectorize -fno-tree-slp-vectorize -MMD -MP --specs=nosys.specs -Wall -Wextra -Wshadow -Wconversion -Wstrict-prototypes -mcpu=cortex-m55 -mthumb -mfloat-abi=hard -mcmse -fstack-usage -c /Users/seungwon/STM32CubeN6/Drivers/STM32N6xx_HAL_Driver/Src/stm32n6xx_hal.c -o build/full/256f/ref/benchmark/stm32n6xx_hal.c.o
In file included from /Users/seungwon/STM32CubeN6/Drivers/CMSIS/Include/core_cm55.h:4605,
                 from /Users/seungwon/STM32CubeN6/Drivers/CMSIS/Device/ST/STM32N6xx/Include/stm32n657xx.h:281,
                 from /Users/seungwon/STM32CubeN6/Drivers/CMSIS/Device/ST/STM32N6xx/Include/stm32n6xx.h:87,
                 from /Users/seungwon/STM32CubeN6/Drivers/STM32N6xx_HAL_Driver/Inc/stm32n6xx_hal_def.h:33,
                 from /Users/seungwon/STM32CubeN6/Drivers/STM32N6xx_HAL_Driver/Inc/stm32n6xx_hal_rcc.h:28,
                 from /Users/seungwon/STM32CubeN6/Projects/NUCLEO-N657X0-Q/Templates/Template/FSBL/Inc/stm32n6xx_hal_conf.h:253,
                 from /Users/seungwon/STM32CubeN6/Drivers/STM32N6xx_HAL_Driver/Inc/stm32n6xx_hal.h:29,
                 from /Users/seungwon/STM32CubeN6/Drivers/STM32N6xx_HAL_Driver/Src/stm32n6xx_hal.c:45:
/Users/seungwon/STM32CubeN6/Drivers/CMSIS/Include/m-profile/armv7m_cachel1.h: In function 'SCB_InvalidateICache_by_Addr':
/Users/seungwon/STM32CubeN6/Drivers/CMSIS/Include/m-profile/armv7m_cachel1.h:117:32: warning: conversion to 'long unsigned int' from 'int32_t' {aka 'long int'} may change the sign of the result [-Wsign-conversion]
  117 |        int32_t op_size = isize + (((uint32_t)addr) & (__SCB_ICACHE_LINE_SIZE - 1U));
      |                                ^
/Users/seungwon/STM32CubeN6/Drivers/CMSIS/Include/m-profile/armv7m_cachel1.h:117:26: warning: conversion to 'int32_t' {aka 'long int'} from 'long unsigned int' may change the sign of the result [-Wsign-conversion]
  117 |        int32_t op_size = isize + (((uint32_t)addr) & (__SCB_ICACHE_LINE_SIZE - 1U));
      |                          ^~~~~
/Users/seungwon/STM32CubeN6/Drivers/CMSIS/Include/m-profile/armv7m_cachel1.h:125:17: warning: conversion to 'long unsigned int' from 'int32_t' {aka 'long int'} may change the sign of the result [-Wsign-conversion]
  125 |         op_size -= __SCB_ICACHE_LINE_SIZE;
      |                 ^~
/Users/seungwon/STM32CubeN6/Drivers/CMSIS/Include/m-profile/armv7m_cachel1.h:48:33: warning: conversion to 'int32_t' {aka 'long int'} from 'long unsigned int' may change the sign of the result [-Wsign-conversion]
   48 | #define __SCB_ICACHE_LINE_SIZE  32U /*!< Cortex-M7 cache line size is fixed to 32 bytes (8 words). See also register SCB_CCSIDR */
      |                                 ^~~
/Users/seungwon/STM32CubeN6/Drivers/CMSIS/Include/m-profile/armv7m_cachel1.h:125:20: note: in expansion of macro '__SCB_ICACHE_LINE_SIZE'
  125 |         op_size -= __SCB_ICACHE_LINE_SIZE;
      |                    ^~~~~~~~~~~~~~~~~~~~~~
/Users/seungwon/STM32CubeN6/Drivers/CMSIS/Include/m-profile/armv7m_cachel1.h: In function 'SCB_InvalidateDCache_by_Addr':
/Users/seungwon/STM32CubeN6/Drivers/CMSIS/Include/m-profile/armv7m_cachel1.h:360:32: warning: conversion to 'long unsigned int' from 'int32_t' {aka 'long int'} may change the sign of the result [-Wsign-conversion]
  360 |        int32_t op_size = dsize + (((uint32_t)addr) & (__SCB_DCACHE_LINE_SIZE - 1U));
      |                                ^
/Users/seungwon/STM32CubeN6/Drivers/CMSIS/Include/m-profile/armv7m_cachel1.h:360:26: warning: conversion to 'int32_t' {aka 'long int'} from 'long unsigned int' may change the sign of the result [-Wsign-conversion]
  360 |        int32_t op_size = dsize + (((uint32_t)addr) & (__SCB_DCACHE_LINE_SIZE - 1U));
      |                          ^~~~~
/Users/seungwon/STM32CubeN6/Drivers/CMSIS/Include/m-profile/armv7m_cachel1.h:368:17: warning: conversion to 'long unsigned int' from 'int32_t' {aka 'long int'} may change the sign of the result [-Wsign-conversion]
  368 |         op_size -= __SCB_DCACHE_LINE_SIZE;
      |                 ^~
/Users/seungwon/STM32CubeN6/Drivers/CMSIS/Include/m-profile/armv7m_cachel1.h:44:33: warning: conversion to 'int32_t' {aka 'long int'} from 'long unsigned int' may change the sign of the result [-Wsign-conversion]
   44 | #define __SCB_DCACHE_LINE_SIZE  32U /*!< Cortex-M7 cache line size is fixed to 32 bytes (8 words). See also register SCB_CCSIDR */
      |                                 ^~~
/Users/seungwon/STM32CubeN6/Drivers/CMSIS/Include/m-profile/armv7m_cachel1.h:368:20: note: in expansion of macro '__SCB_DCACHE_LINE_SIZE'
  368 |         op_size -= __SCB_DCACHE_LINE_SIZE;
      |                    ^~~~~~~~~~~~~~~~~~~~~~
/Users/seungwon/STM32CubeN6/Drivers/CMSIS/Include/m-profile/armv7m_cachel1.h: In function 'SCB_CleanDCache_by_Addr':
/Users/seungwon/STM32CubeN6/Drivers/CMSIS/Include/m-profile/armv7m_cachel1.h:390:32: warning: conversion to 'long unsigned int' from 'int32_t' {aka 'long int'} may change the sign of the result [-Wsign-conversion]
  390 |        int32_t op_size = dsize + (((uint32_t)addr) & (__SCB_DCACHE_LINE_SIZE - 1U));
      |                                ^
/Users/seungwon/STM32CubeN6/Drivers/CMSIS/Include/m-profile/armv7m_cachel1.h:390:26: warning: conversion to 'int32_t' {aka 'long int'} from 'long unsigned int' may change the sign of the result [-Wsign-conversion]
  390 |        int32_t op_size = dsize + (((uint32_t)addr) & (__SCB_DCACHE_LINE_SIZE - 1U));
      |                          ^~~~~
/Users/seungwon/STM32CubeN6/Drivers/CMSIS/Include/m-profile/armv7m_cachel1.h:398:17: warning: conversion to 'long unsigned int' from 'int32_t' {aka 'long int'} may change the sign of the result [-Wsign-conversion]
  398 |         op_size -= __SCB_DCACHE_LINE_SIZE;
      |                 ^~
/Users/seungwon/STM32CubeN6/Drivers/CMSIS/Include/m-profile/armv7m_cachel1.h:44:33: warning: conversion to 'int32_t' {aka 'long int'} from 'long unsigned int' may change the sign of the result [-Wsign-conversion]
   44 | #define __SCB_DCACHE_LINE_SIZE  32U /*!< Cortex-M7 cache line size is fixed to 32 bytes (8 words). See also register SCB_CCSIDR */
      |                                 ^~~
/Users/seungwon/STM32CubeN6/Drivers/CMSIS/Include/m-profile/armv7m_cachel1.h:398:20: note: in expansion of macro '__SCB_DCACHE_LINE_SIZE'
  398 |         op_size -= __SCB_DCACHE_LINE_SIZE;
      |                    ^~~~~~~~~~~~~~~~~~~~~~
/Users/seungwon/STM32CubeN6/Drivers/CMSIS/Include/m-profile/armv7m_cachel1.h: In function 'SCB_CleanInvalidateDCache_by_Addr':
/Users/seungwon/STM32CubeN6/Drivers/CMSIS/Include/m-profile/armv7m_cachel1.h:420:32: warning: conversion to 'long unsigned int' from 'int32_t' {aka 'long int'} may change the sign of the result [-Wsign-conversion]
  420 |        int32_t op_size = dsize + (((uint32_t)addr) & (__SCB_DCACHE_LINE_SIZE - 1U));
      |                                ^
/Users/seungwon/STM32CubeN6/Drivers/CMSIS/Include/m-profile/armv7m_cachel1.h:420:26: warning: conversion to 'int32_t' {aka 'long int'} from 'long unsigned int' may change the sign of the result [-Wsign-conversion]
  420 |        int32_t op_size = dsize + (((uint32_t)addr) & (__SCB_DCACHE_LINE_SIZE - 1U));
      |                          ^~~~~
/Users/seungwon/STM32CubeN6/Drivers/CMSIS/Include/m-profile/armv7m_cachel1.h:428:17: warning: conversion to 'long unsigned int' from 'int32_t' {aka 'long int'} may change the sign of the result [-Wsign-conversion]
  428 |         op_size -=          __SCB_DCACHE_LINE_SIZE;
      |                 ^~
/Users/seungwon/STM32CubeN6/Drivers/CMSIS/Include/m-profile/armv7m_cachel1.h:44:33: warning: conversion to 'int32_t' {aka 'long int'} from 'long unsigned int' may change the sign of the result [-Wsign-conversion]
   44 | #define __SCB_DCACHE_LINE_SIZE  32U /*!< Cortex-M7 cache line size is fixed to 32 bytes (8 words). See also register SCB_CCSIDR */
      |                                 ^~~
/Users/seungwon/STM32CubeN6/Drivers/CMSIS/Include/m-profile/armv7m_cachel1.h:428:29: note: in expansion of macro '__SCB_DCACHE_LINE_SIZE'
  428 |         op_size -=          __SCB_DCACHE_LINE_SIZE;
      |                             ^~~~~~~~~~~~~~~~~~~~~~
/Users/seungwon/test/.tools/xpack-arm-none-eabi-gcc-15.2.1-1.1/bin/arm-none-eabi-gcc   -DAIMER_BENCHMARK -DPARAMS=256f -DAIMER_BACKEND=ref -DAIMER_MATVEC=reference -DAIMER_CONFIG=ref -DBENCH_KERNEL_SAMPLES=31 -DBENCH_E2E_SAMPLES=50 -DBENCH_KERNEL_INNER=64 -DBENCH_WARMUP=10 -DPROFILE_SAMPLES=31 -DPROFILE_KERNEL_INNER=64 -DPROFILE_COMPLEX_INNER=8 -DUSE_HAL_DRIVER -DSTM32N657xx -Iinclude -I../common/src/sig/aimer/reference/aimer-256f -I../common/src -I/Users/seungwon/STM32CubeN6/Projects/NUCLEO-N657X0-Q/Templates/Template/FSBL/Inc -I/Users/seungwon/STM32CubeN6/Drivers/CMSIS/Include -I/Users/seungwon/STM32CubeN6/Drivers/CMSIS/Device/ST/STM32N6xx/Include -I/Users/seungwon/STM32CubeN6/Drivers/STM32N6xx_HAL_Driver/Inc -I/Users/seungwon/STM32CubeN6/Drivers/STM32N6xx_HAL_Driver/Inc/Legacy -O3 -std=c11 -fno-common -ffunction-sections -fdata-sections -fno-tree-vectorize -fno-tree-slp-vectorize -MMD -MP --specs=nosys.specs -Wall -Wextra -Wshadow -Wconversion -Wstrict-prototypes -mcpu=cortex-m55 -mthumb -mfloat-abi=hard -mcmse -fstack-usage -c /Users/seungwon/STM32CubeN6/Drivers/STM32N6xx_HAL_Driver/Src/stm32n6xx_hal_cortex.c -o build/full/256f/ref/benchmark/stm32n6xx_hal_cortex.c.o
In file included from /Users/seungwon/STM32CubeN6/Drivers/CMSIS/Include/core_cm55.h:4605,
                 from /Users/seungwon/STM32CubeN6/Drivers/CMSIS/Device/ST/STM32N6xx/Include/stm32n657xx.h:281,
                 from /Users/seungwon/STM32CubeN6/Drivers/CMSIS/Device/ST/STM32N6xx/Include/stm32n6xx.h:87,
                 from /Users/seungwon/STM32CubeN6/Drivers/STM32N6xx_HAL_Driver/Inc/stm32n6xx_hal_def.h:33,
                 from /Users/seungwon/STM32CubeN6/Drivers/STM32N6xx_HAL_Driver/Inc/stm32n6xx_hal_rcc.h:28,
                 from /Users/seungwon/STM32CubeN6/Projects/NUCLEO-N657X0-Q/Templates/Template/FSBL/Inc/stm32n6xx_hal_conf.h:253,
                 from /Users/seungwon/STM32CubeN6/Drivers/STM32N6xx_HAL_Driver/Inc/stm32n6xx_hal.h:29,
                 from /Users/seungwon/STM32CubeN6/Drivers/STM32N6xx_HAL_Driver/Src/stm32n6xx_hal_cortex.c:158:
/Users/seungwon/STM32CubeN6/Drivers/CMSIS/Include/m-profile/armv7m_cachel1.h: In function 'SCB_InvalidateICache_by_Addr':
/Users/seungwon/STM32CubeN6/Drivers/CMSIS/Include/m-profile/armv7m_cachel1.h:117:32: warning: conversion to 'long unsigned int' from 'int32_t' {aka 'long int'} may change the sign of the result [-Wsign-conversion]
  117 |        int32_t op_size = isize + (((uint32_t)addr) & (__SCB_ICACHE_LINE_SIZE - 1U));
      |                                ^
/Users/seungwon/STM32CubeN6/Drivers/CMSIS/Include/m-profile/armv7m_cachel1.h:117:26: warning: conversion to 'int32_t' {aka 'long int'} from 'long unsigned int' may change the sign of the result [-Wsign-conversion]
  117 |        int32_t op_size = isize + (((uint32_t)addr) & (__SCB_ICACHE_LINE_SIZE - 1U));
      |                          ^~~~~
/Users/seungwon/STM32CubeN6/Drivers/CMSIS/Include/m-profile/armv7m_cachel1.h:125:17: warning: conversion to 'long unsigned int' from 'int32_t' {aka 'long int'} may change the sign of the result [-Wsign-conversion]
  125 |         op_size -= __SCB_ICACHE_LINE_SIZE;
      |                 ^~
/Users/seungwon/STM32CubeN6/Drivers/CMSIS/Include/m-profile/armv7m_cachel1.h:48:33: warning: conversion to 'int32_t' {aka 'long int'} from 'long unsigned int' may change the sign of the result [-Wsign-conversion]
   48 | #define __SCB_ICACHE_LINE_SIZE  32U /*!< Cortex-M7 cache line size is fixed to 32 bytes (8 words). See also register SCB_CCSIDR */
      |                                 ^~~
/Users/seungwon/STM32CubeN6/Drivers/CMSIS/Include/m-profile/armv7m_cachel1.h:125:20: note: in expansion of macro '__SCB_ICACHE_LINE_SIZE'
  125 |         op_size -= __SCB_ICACHE_LINE_SIZE;
      |                    ^~~~~~~~~~~~~~~~~~~~~~
/Users/seungwon/STM32CubeN6/Drivers/CMSIS/Include/m-profile/armv7m_cachel1.h: In function 'SCB_InvalidateDCache_by_Addr':
/Users/seungwon/STM32CubeN6/Drivers/CMSIS/Include/m-profile/armv7m_cachel1.h:360:32: warning: conversion to 'long unsigned int' from 'int32_t' {aka 'long int'} may change the sign of the result [-Wsign-conversion]
  360 |        int32_t op_size = dsize + (((uint32_t)addr) & (__SCB_DCACHE_LINE_SIZE - 1U));
      |                                ^
/Users/seungwon/STM32CubeN6/Drivers/CMSIS/Include/m-profile/armv7m_cachel1.h:360:26: warning: conversion to 'int32_t' {aka 'long int'} from 'long unsigned int' may change the sign of the result [-Wsign-conversion]
  360 |        int32_t op_size = dsize + (((uint32_t)addr) & (__SCB_DCACHE_LINE_SIZE - 1U));
      |                          ^~~~~
/Users/seungwon/STM32CubeN6/Drivers/CMSIS/Include/m-profile/armv7m_cachel1.h:368:17: warning: conversion to 'long unsigned int' from 'int32_t' {aka 'long int'} may change the sign of the result [-Wsign-conversion]
  368 |         op_size -= __SCB_DCACHE_LINE_SIZE;
      |                 ^~
/Users/seungwon/STM32CubeN6/Drivers/CMSIS/Include/m-profile/armv7m_cachel1.h:44:33: warning: conversion to 'int32_t' {aka 'long int'} from 'long unsigned int' may change the sign of the result [-Wsign-conversion]
   44 | #define __SCB_DCACHE_LINE_SIZE  32U /*!< Cortex-M7 cache line size is fixed to 32 bytes (8 words). See also register SCB_CCSIDR */
      |                                 ^~~
/Users/seungwon/STM32CubeN6/Drivers/CMSIS/Include/m-profile/armv7m_cachel1.h:368:20: note: in expansion of macro '__SCB_DCACHE_LINE_SIZE'
  368 |         op_size -= __SCB_DCACHE_LINE_SIZE;
      |                    ^~~~~~~~~~~~~~~~~~~~~~
/Users/seungwon/STM32CubeN6/Drivers/CMSIS/Include/m-profile/armv7m_cachel1.h: In function 'SCB_CleanDCache_by_Addr':
/Users/seungwon/STM32CubeN6/Drivers/CMSIS/Include/m-profile/armv7m_cachel1.h:390:32: warning: conversion to 'long unsigned int' from 'int32_t' {aka 'long int'} may change the sign of the result [-Wsign-conversion]
  390 |        int32_t op_size = dsize + (((uint32_t)addr) & (__SCB_DCACHE_LINE_SIZE - 1U));
      |                                ^
/Users/seungwon/STM32CubeN6/Drivers/CMSIS/Include/m-profile/armv7m_cachel1.h:390:26: warning: conversion to 'int32_t' {aka 'long int'} from 'long unsigned int' may change the sign of the result [-Wsign-conversion]
  390 |        int32_t op_size = dsize + (((uint32_t)addr) & (__SCB_DCACHE_LINE_SIZE - 1U));
      |                          ^~~~~
/Users/seungwon/STM32CubeN6/Drivers/CMSIS/Include/m-profile/armv7m_cachel1.h:398:17: warning: conversion to 'long unsigned int' from 'int32_t' {aka 'long int'} may change the sign of the result [-Wsign-conversion]
  398 |         op_size -= __SCB_DCACHE_LINE_SIZE;
      |                 ^~
/Users/seungwon/STM32CubeN6/Drivers/CMSIS/Include/m-profile/armv7m_cachel1.h:44:33: warning: conversion to 'int32_t' {aka 'long int'} from 'long unsigned int' may change the sign of the result [-Wsign-conversion]
   44 | #define __SCB_DCACHE_LINE_SIZE  32U /*!< Cortex-M7 cache line size is fixed to 32 bytes (8 words). See also register SCB_CCSIDR */
      |                                 ^~~
/Users/seungwon/STM32CubeN6/Drivers/CMSIS/Include/m-profile/armv7m_cachel1.h:398:20: note: in expansion of macro '__SCB_DCACHE_LINE_SIZE'
  398 |         op_size -= __SCB_DCACHE_LINE_SIZE;
      |                    ^~~~~~~~~~~~~~~~~~~~~~
/Users/seungwon/STM32CubeN6/Drivers/CMSIS/Include/m-profile/armv7m_cachel1.h: In function 'SCB_CleanInvalidateDCache_by_Addr':
/Users/seungwon/STM32CubeN6/Drivers/CMSIS/Include/m-profile/armv7m_cachel1.h:420:32: warning: conversion to 'long unsigned int' from 'int32_t' {aka 'long int'} may change the sign of the result [-Wsign-conversion]
  420 |        int32_t op_size = dsize + (((uint32_t)addr) & (__SCB_DCACHE_LINE_SIZE - 1U));
      |                                ^
/Users/seungwon/STM32CubeN6/Drivers/CMSIS/Include/m-profile/armv7m_cachel1.h:420:26: warning: conversion to 'int32_t' {aka 'long int'} from 'long unsigned int' may change the sign of the result [-Wsign-conversion]
  420 |        int32_t op_size = dsize + (((uint32_t)addr) & (__SCB_DCACHE_LINE_SIZE - 1U));
      |                          ^~~~~
/Users/seungwon/STM32CubeN6/Drivers/CMSIS/Include/m-profile/armv7m_cachel1.h:428:17: warning: conversion to 'long unsigned int' from 'int32_t' {aka 'long int'} may change the sign of the result [-Wsign-conversion]
  428 |         op_size -=          __SCB_DCACHE_LINE_SIZE;
      |                 ^~
/Users/seungwon/STM32CubeN6/Drivers/CMSIS/Include/m-profile/armv7m_cachel1.h:44:33: warning: conversion to 'int32_t' {aka 'long int'} from 'long unsigned int' may change the sign of the result [-Wsign-conversion]
   44 | #define __SCB_DCACHE_LINE_SIZE  32U /*!< Cortex-M7 cache line size is fixed to 32 bytes (8 words). See also register SCB_CCSIDR */
      |                                 ^~~
/Users/seungwon/STM32CubeN6/Drivers/CMSIS/Include/m-profile/armv7m_cachel1.h:428:29: note: in expansion of macro '__SCB_DCACHE_LINE_SIZE'
  428 |         op_size -=          __SCB_DCACHE_LINE_SIZE;
      |                             ^~~~~~~~~~~~~~~~~~~~~~
/Users/seungwon/test/.tools/xpack-arm-none-eabi-gcc-15.2.1-1.1/bin/arm-none-eabi-gcc   -DAIMER_BENCHMARK -DPARAMS=256f -DAIMER_BACKEND=ref -DAIMER_MATVEC=reference -DAIMER_CONFIG=ref -DBENCH_KERNEL_SAMPLES=31 -DBENCH_E2E_SAMPLES=50 -DBENCH_KERNEL_INNER=64 -DBENCH_WARMUP=10 -DPROFILE_SAMPLES=31 -DPROFILE_KERNEL_INNER=64 -DPROFILE_COMPLEX_INNER=8 -DUSE_HAL_DRIVER -DSTM32N657xx -Iinclude -I../common/src/sig/aimer/reference/aimer-256f -I../common/src -I/Users/seungwon/STM32CubeN6/Projects/NUCLEO-N657X0-Q/Templates/Template/FSBL/Inc -I/Users/seungwon/STM32CubeN6/Drivers/CMSIS/Include -I/Users/seungwon/STM32CubeN6/Drivers/CMSIS/Device/ST/STM32N6xx/Include -I/Users/seungwon/STM32CubeN6/Drivers/STM32N6xx_HAL_Driver/Inc -I/Users/seungwon/STM32CubeN6/Drivers/STM32N6xx_HAL_Driver/Inc/Legacy -O3 -std=c11 -fno-common -ffunction-sections -fdata-sections -fno-tree-vectorize -fno-tree-slp-vectorize -MMD -MP --specs=nosys.specs -Wall -Wextra -Wshadow -Wconversion -Wstrict-prototypes -mcpu=cortex-m55 -mthumb -mfloat-abi=hard -mcmse -fstack-usage -c /Users/seungwon/STM32CubeN6/Drivers/STM32N6xx_HAL_Driver/Src/stm32n6xx_hal_pwr.c -o build/full/256f/ref/benchmark/stm32n6xx_hal_pwr.c.o
In file included from /Users/seungwon/STM32CubeN6/Drivers/CMSIS/Include/core_cm55.h:4605,
                 from /Users/seungwon/STM32CubeN6/Drivers/CMSIS/Device/ST/STM32N6xx/Include/stm32n657xx.h:281,
                 from /Users/seungwon/STM32CubeN6/Drivers/CMSIS/Device/ST/STM32N6xx/Include/stm32n6xx.h:87,
                 from /Users/seungwon/STM32CubeN6/Drivers/STM32N6xx_HAL_Driver/Inc/stm32n6xx_hal_def.h:33,
                 from /Users/seungwon/STM32CubeN6/Drivers/STM32N6xx_HAL_Driver/Inc/stm32n6xx_hal_rcc.h:28,
                 from /Users/seungwon/STM32CubeN6/Projects/NUCLEO-N657X0-Q/Templates/Template/FSBL/Inc/stm32n6xx_hal_conf.h:253,
                 from /Users/seungwon/STM32CubeN6/Drivers/STM32N6xx_HAL_Driver/Inc/stm32n6xx_hal.h:29,
                 from /Users/seungwon/STM32CubeN6/Drivers/STM32N6xx_HAL_Driver/Src/stm32n6xx_hal_pwr.c:107:
/Users/seungwon/STM32CubeN6/Drivers/CMSIS/Include/m-profile/armv7m_cachel1.h: In function 'SCB_InvalidateICache_by_Addr':
/Users/seungwon/STM32CubeN6/Drivers/CMSIS/Include/m-profile/armv7m_cachel1.h:117:32: warning: conversion to 'long unsigned int' from 'int32_t' {aka 'long int'} may change the sign of the result [-Wsign-conversion]
  117 |        int32_t op_size = isize + (((uint32_t)addr) & (__SCB_ICACHE_LINE_SIZE - 1U));
      |                                ^
/Users/seungwon/STM32CubeN6/Drivers/CMSIS/Include/m-profile/armv7m_cachel1.h:117:26: warning: conversion to 'int32_t' {aka 'long int'} from 'long unsigned int' may change the sign of the result [-Wsign-conversion]
  117 |        int32_t op_size = isize + (((uint32_t)addr) & (__SCB_ICACHE_LINE_SIZE - 1U));
      |                          ^~~~~
/Users/seungwon/STM32CubeN6/Drivers/CMSIS/Include/m-profile/armv7m_cachel1.h:125:17: warning: conversion to 'long unsigned int' from 'int32_t' {aka 'long int'} may change the sign of the result [-Wsign-conversion]
  125 |         op_size -= __SCB_ICACHE_LINE_SIZE;
      |                 ^~
/Users/seungwon/STM32CubeN6/Drivers/CMSIS/Include/m-profile/armv7m_cachel1.h:48:33: warning: conversion to 'int32_t' {aka 'long int'} from 'long unsigned int' may change the sign of the result [-Wsign-conversion]
   48 | #define __SCB_ICACHE_LINE_SIZE  32U /*!< Cortex-M7 cache line size is fixed to 32 bytes (8 words). See also register SCB_CCSIDR */
      |                                 ^~~
/Users/seungwon/STM32CubeN6/Drivers/CMSIS/Include/m-profile/armv7m_cachel1.h:125:20: note: in expansion of macro '__SCB_ICACHE_LINE_SIZE'
  125 |         op_size -= __SCB_ICACHE_LINE_SIZE;
      |                    ^~~~~~~~~~~~~~~~~~~~~~
/Users/seungwon/STM32CubeN6/Drivers/CMSIS/Include/m-profile/armv7m_cachel1.h: In function 'SCB_InvalidateDCache_by_Addr':
/Users/seungwon/STM32CubeN6/Drivers/CMSIS/Include/m-profile/armv7m_cachel1.h:360:32: warning: conversion to 'long unsigned int' from 'int32_t' {aka 'long int'} may change the sign of the result [-Wsign-conversion]
  360 |        int32_t op_size = dsize + (((uint32_t)addr) & (__SCB_DCACHE_LINE_SIZE - 1U));
      |                                ^
/Users/seungwon/STM32CubeN6/Drivers/CMSIS/Include/m-profile/armv7m_cachel1.h:360:26: warning: conversion to 'int32_t' {aka 'long int'} from 'long unsigned int' may change the sign of the result [-Wsign-conversion]
  360 |        int32_t op_size = dsize + (((uint32_t)addr) & (__SCB_DCACHE_LINE_SIZE - 1U));
      |                          ^~~~~
/Users/seungwon/STM32CubeN6/Drivers/CMSIS/Include/m-profile/armv7m_cachel1.h:368:17: warning: conversion to 'long unsigned int' from 'int32_t' {aka 'long int'} may change the sign of the result [-Wsign-conversion]
  368 |         op_size -= __SCB_DCACHE_LINE_SIZE;
      |                 ^~
/Users/seungwon/STM32CubeN6/Drivers/CMSIS/Include/m-profile/armv7m_cachel1.h:44:33: warning: conversion to 'int32_t' {aka 'long int'} from 'long unsigned int' may change the sign of the result [-Wsign-conversion]
   44 | #define __SCB_DCACHE_LINE_SIZE  32U /*!< Cortex-M7 cache line size is fixed to 32 bytes (8 words). See also register SCB_CCSIDR */
      |                                 ^~~
/Users/seungwon/STM32CubeN6/Drivers/CMSIS/Include/m-profile/armv7m_cachel1.h:368:20: note: in expansion of macro '__SCB_DCACHE_LINE_SIZE'
  368 |         op_size -= __SCB_DCACHE_LINE_SIZE;
      |                    ^~~~~~~~~~~~~~~~~~~~~~
/Users/seungwon/STM32CubeN6/Drivers/CMSIS/Include/m-profile/armv7m_cachel1.h: In function 'SCB_CleanDCache_by_Addr':
/Users/seungwon/STM32CubeN6/Drivers/CMSIS/Include/m-profile/armv7m_cachel1.h:390:32: warning: conversion to 'long unsigned int' from 'int32_t' {aka 'long int'} may change the sign of the result [-Wsign-conversion]
  390 |        int32_t op_size = dsize + (((uint32_t)addr) & (__SCB_DCACHE_LINE_SIZE - 1U));
      |                                ^
/Users/seungwon/STM32CubeN6/Drivers/CMSIS/Include/m-profile/armv7m_cachel1.h:390:26: warning: conversion to 'int32_t' {aka 'long int'} from 'long unsigned int' may change the sign of the result [-Wsign-conversion]
  390 |        int32_t op_size = dsize + (((uint32_t)addr) & (__SCB_DCACHE_LINE_SIZE - 1U));
      |                          ^~~~~
/Users/seungwon/STM32CubeN6/Drivers/CMSIS/Include/m-profile/armv7m_cachel1.h:398:17: warning: conversion to 'long unsigned int' from 'int32_t' {aka 'long int'} may change the sign of the result [-Wsign-conversion]
  398 |         op_size -= __SCB_DCACHE_LINE_SIZE;
      |                 ^~
/Users/seungwon/STM32CubeN6/Drivers/CMSIS/Include/m-profile/armv7m_cachel1.h:44:33: warning: conversion to 'int32_t' {aka 'long int'} from 'long unsigned int' may change the sign of the result [-Wsign-conversion]
   44 | #define __SCB_DCACHE_LINE_SIZE  32U /*!< Cortex-M7 cache line size is fixed to 32 bytes (8 words). See also register SCB_CCSIDR */
      |                                 ^~~
/Users/seungwon/STM32CubeN6/Drivers/CMSIS/Include/m-profile/armv7m_cachel1.h:398:20: note: in expansion of macro '__SCB_DCACHE_LINE_SIZE'
  398 |         op_size -= __SCB_DCACHE_LINE_SIZE;
      |                    ^~~~~~~~~~~~~~~~~~~~~~
/Users/seungwon/STM32CubeN6/Drivers/CMSIS/Include/m-profile/armv7m_cachel1.h: In function 'SCB_CleanInvalidateDCache_by_Addr':
/Users/seungwon/STM32CubeN6/Drivers/CMSIS/Include/m-profile/armv7m_cachel1.h:420:32: warning: conversion to 'long unsigned int' from 'int32_t' {aka 'long int'} may change the sign of the result [-Wsign-conversion]
  420 |        int32_t op_size = dsize + (((uint32_t)addr) & (__SCB_DCACHE_LINE_SIZE - 1U));
      |                                ^
/Users/seungwon/STM32CubeN6/Drivers/CMSIS/Include/m-profile/armv7m_cachel1.h:420:26: warning: conversion to 'int32_t' {aka 'long int'} from 'long unsigned int' may change the sign of the result [-Wsign-conversion]
  420 |        int32_t op_size = dsize + (((uint32_t)addr) & (__SCB_DCACHE_LINE_SIZE - 1U));
      |                          ^~~~~
/Users/seungwon/STM32CubeN6/Drivers/CMSIS/Include/m-profile/armv7m_cachel1.h:428:17: warning: conversion to 'long unsigned int' from 'int32_t' {aka 'long int'} may change the sign of the result [-Wsign-conversion]
  428 |         op_size -=          __SCB_DCACHE_LINE_SIZE;
      |                 ^~
/Users/seungwon/STM32CubeN6/Drivers/CMSIS/Include/m-profile/armv7m_cachel1.h:44:33: warning: conversion to 'int32_t' {aka 'long int'} from 'long unsigned int' may change the sign of the result [-Wsign-conversion]
   44 | #define __SCB_DCACHE_LINE_SIZE  32U /*!< Cortex-M7 cache line size is fixed to 32 bytes (8 words). See also register SCB_CCSIDR */
      |                                 ^~~
/Users/seungwon/STM32CubeN6/Drivers/CMSIS/Include/m-profile/armv7m_cachel1.h:428:29: note: in expansion of macro '__SCB_DCACHE_LINE_SIZE'
  428 |         op_size -=          __SCB_DCACHE_LINE_SIZE;
      |                             ^~~~~~~~~~~~~~~~~~~~~~
/Users/seungwon/test/.tools/xpack-arm-none-eabi-gcc-15.2.1-1.1/bin/arm-none-eabi-gcc   -DAIMER_BENCHMARK -DPARAMS=256f -DAIMER_BACKEND=ref -DAIMER_MATVEC=reference -DAIMER_CONFIG=ref -DBENCH_KERNEL_SAMPLES=31 -DBENCH_E2E_SAMPLES=50 -DBENCH_KERNEL_INNER=64 -DBENCH_WARMUP=10 -DPROFILE_SAMPLES=31 -DPROFILE_KERNEL_INNER=64 -DPROFILE_COMPLEX_INNER=8 -DUSE_HAL_DRIVER -DSTM32N657xx -Iinclude -I../common/src/sig/aimer/reference/aimer-256f -I../common/src -I/Users/seungwon/STM32CubeN6/Projects/NUCLEO-N657X0-Q/Templates/Template/FSBL/Inc -I/Users/seungwon/STM32CubeN6/Drivers/CMSIS/Include -I/Users/seungwon/STM32CubeN6/Drivers/CMSIS/Device/ST/STM32N6xx/Include -I/Users/seungwon/STM32CubeN6/Drivers/STM32N6xx_HAL_Driver/Inc -I/Users/seungwon/STM32CubeN6/Drivers/STM32N6xx_HAL_Driver/Inc/Legacy -O3 -std=c11 -fno-common -ffunction-sections -fdata-sections -fno-tree-vectorize -fno-tree-slp-vectorize -MMD -MP --specs=nosys.specs -Wall -Wextra -Wshadow -Wconversion -Wstrict-prototypes -mcpu=cortex-m55 -mthumb -mfloat-abi=hard -mcmse -fstack-usage -c /Users/seungwon/STM32CubeN6/Drivers/STM32N6xx_HAL_Driver/Src/stm32n6xx_hal_pwr_ex.c -o build/full/256f/ref/benchmark/stm32n6xx_hal_pwr_ex.c.o
In file included from /Users/seungwon/STM32CubeN6/Drivers/CMSIS/Include/core_cm55.h:4605,
                 from /Users/seungwon/STM32CubeN6/Drivers/CMSIS/Device/ST/STM32N6xx/Include/stm32n657xx.h:281,
                 from /Users/seungwon/STM32CubeN6/Drivers/CMSIS/Device/ST/STM32N6xx/Include/stm32n6xx.h:87,
                 from /Users/seungwon/STM32CubeN6/Drivers/STM32N6xx_HAL_Driver/Inc/stm32n6xx_hal_def.h:33,
                 from /Users/seungwon/STM32CubeN6/Drivers/STM32N6xx_HAL_Driver/Inc/stm32n6xx_hal_rcc.h:28,
                 from /Users/seungwon/STM32CubeN6/Projects/NUCLEO-N657X0-Q/Templates/Template/FSBL/Inc/stm32n6xx_hal_conf.h:253,
                 from /Users/seungwon/STM32CubeN6/Drivers/STM32N6xx_HAL_Driver/Inc/stm32n6xx_hal.h:29,
                 from /Users/seungwon/STM32CubeN6/Drivers/STM32N6xx_HAL_Driver/Src/stm32n6xx_hal_pwr_ex.c:159:
/Users/seungwon/STM32CubeN6/Drivers/CMSIS/Include/m-profile/armv7m_cachel1.h: In function 'SCB_InvalidateICache_by_Addr':
/Users/seungwon/STM32CubeN6/Drivers/CMSIS/Include/m-profile/armv7m_cachel1.h:117:32: warning: conversion to 'long unsigned int' from 'int32_t' {aka 'long int'} may change the sign of the result [-Wsign-conversion]
  117 |        int32_t op_size = isize + (((uint32_t)addr) & (__SCB_ICACHE_LINE_SIZE - 1U));
      |                                ^
/Users/seungwon/STM32CubeN6/Drivers/CMSIS/Include/m-profile/armv7m_cachel1.h:117:26: warning: conversion to 'int32_t' {aka 'long int'} from 'long unsigned int' may change the sign of the result [-Wsign-conversion]
  117 |        int32_t op_size = isize + (((uint32_t)addr) & (__SCB_ICACHE_LINE_SIZE - 1U));
      |                          ^~~~~
/Users/seungwon/STM32CubeN6/Drivers/CMSIS/Include/m-profile/armv7m_cachel1.h:125:17: warning: conversion to 'long unsigned int' from 'int32_t' {aka 'long int'} may change the sign of the result [-Wsign-conversion]
  125 |         op_size -= __SCB_ICACHE_LINE_SIZE;
      |                 ^~
/Users/seungwon/STM32CubeN6/Drivers/CMSIS/Include/m-profile/armv7m_cachel1.h:48:33: warning: conversion to 'int32_t' {aka 'long int'} from 'long unsigned int' may change the sign of the result [-Wsign-conversion]
   48 | #define __SCB_ICACHE_LINE_SIZE  32U /*!< Cortex-M7 cache line size is fixed to 32 bytes (8 words). See also register SCB_CCSIDR */
      |                                 ^~~
/Users/seungwon/STM32CubeN6/Drivers/CMSIS/Include/m-profile/armv7m_cachel1.h:125:20: note: in expansion of macro '__SCB_ICACHE_LINE_SIZE'
  125 |         op_size -= __SCB_ICACHE_LINE_SIZE;
      |                    ^~~~~~~~~~~~~~~~~~~~~~
/Users/seungwon/STM32CubeN6/Drivers/CMSIS/Include/m-profile/armv7m_cachel1.h: In function 'SCB_InvalidateDCache_by_Addr':
/Users/seungwon/STM32CubeN6/Drivers/CMSIS/Include/m-profile/armv7m_cachel1.h:360:32: warning: conversion to 'long unsigned int' from 'int32_t' {aka 'long int'} may change the sign of the result [-Wsign-conversion]
  360 |        int32_t op_size = dsize + (((uint32_t)addr) & (__SCB_DCACHE_LINE_SIZE - 1U));
      |                                ^
/Users/seungwon/STM32CubeN6/Drivers/CMSIS/Include/m-profile/armv7m_cachel1.h:360:26: warning: conversion to 'int32_t' {aka 'long int'} from 'long unsigned int' may change the sign of the result [-Wsign-conversion]
  360 |        int32_t op_size = dsize + (((uint32_t)addr) & (__SCB_DCACHE_LINE_SIZE - 1U));
      |                          ^~~~~
/Users/seungwon/STM32CubeN6/Drivers/CMSIS/Include/m-profile/armv7m_cachel1.h:368:17: warning: conversion to 'long unsigned int' from 'int32_t' {aka 'long int'} may change the sign of the result [-Wsign-conversion]
  368 |         op_size -= __SCB_DCACHE_LINE_SIZE;
      |                 ^~
/Users/seungwon/STM32CubeN6/Drivers/CMSIS/Include/m-profile/armv7m_cachel1.h:44:33: warning: conversion to 'int32_t' {aka 'long int'} from 'long unsigned int' may change the sign of the result [-Wsign-conversion]
   44 | #define __SCB_DCACHE_LINE_SIZE  32U /*!< Cortex-M7 cache line size is fixed to 32 bytes (8 words). See also register SCB_CCSIDR */
      |                                 ^~~
/Users/seungwon/STM32CubeN6/Drivers/CMSIS/Include/m-profile/armv7m_cachel1.h:368:20: note: in expansion of macro '__SCB_DCACHE_LINE_SIZE'
  368 |         op_size -= __SCB_DCACHE_LINE_SIZE;
      |                    ^~~~~~~~~~~~~~~~~~~~~~
/Users/seungwon/STM32CubeN6/Drivers/CMSIS/Include/m-profile/armv7m_cachel1.h: In function 'SCB_CleanDCache_by_Addr':
/Users/seungwon/STM32CubeN6/Drivers/CMSIS/Include/m-profile/armv7m_cachel1.h:390:32: warning: conversion to 'long unsigned int' from 'int32_t' {aka 'long int'} may change the sign of the result [-Wsign-conversion]
  390 |        int32_t op_size = dsize + (((uint32_t)addr) & (__SCB_DCACHE_LINE_SIZE - 1U));
      |                                ^
/Users/seungwon/STM32CubeN6/Drivers/CMSIS/Include/m-profile/armv7m_cachel1.h:390:26: warning: conversion to 'int32_t' {aka 'long int'} from 'long unsigned int' may change the sign of the result [-Wsign-conversion]
  390 |        int32_t op_size = dsize + (((uint32_t)addr) & (__SCB_DCACHE_LINE_SIZE - 1U));
      |                          ^~~~~
/Users/seungwon/STM32CubeN6/Drivers/CMSIS/Include/m-profile/armv7m_cachel1.h:398:17: warning: conversion to 'long unsigned int' from 'int32_t' {aka 'long int'} may change the sign of the result [-Wsign-conversion]
  398 |         op_size -= __SCB_DCACHE_LINE_SIZE;
      |                 ^~
/Users/seungwon/STM32CubeN6/Drivers/CMSIS/Include/m-profile/armv7m_cachel1.h:44:33: warning: conversion to 'int32_t' {aka 'long int'} from 'long unsigned int' may change the sign of the result [-Wsign-conversion]
   44 | #define __SCB_DCACHE_LINE_SIZE  32U /*!< Cortex-M7 cache line size is fixed to 32 bytes (8 words). See also register SCB_CCSIDR */
      |                                 ^~~
/Users/seungwon/STM32CubeN6/Drivers/CMSIS/Include/m-profile/armv7m_cachel1.h:398:20: note: in expansion of macro '__SCB_DCACHE_LINE_SIZE'
  398 |         op_size -= __SCB_DCACHE_LINE_SIZE;
      |                    ^~~~~~~~~~~~~~~~~~~~~~
/Users/seungwon/STM32CubeN6/Drivers/CMSIS/Include/m-profile/armv7m_cachel1.h: In function 'SCB_CleanInvalidateDCache_by_Addr':
/Users/seungwon/STM32CubeN6/Drivers/CMSIS/Include/m-profile/armv7m_cachel1.h:420:32: warning: conversion to 'long unsigned int' from 'int32_t' {aka 'long int'} may change the sign of the result [-Wsign-conversion]
  420 |        int32_t op_size = dsize + (((uint32_t)addr) & (__SCB_DCACHE_LINE_SIZE - 1U));
      |                                ^
/Users/seungwon/STM32CubeN6/Drivers/CMSIS/Include/m-profile/armv7m_cachel1.h:420:26: warning: conversion to 'int32_t' {aka 'long int'} from 'long unsigned int' may change the sign of the result [-Wsign-conversion]
  420 |        int32_t op_size = dsize + (((uint32_t)addr) & (__SCB_DCACHE_LINE_SIZE - 1U));
      |                          ^~~~~
/Users/seungwon/STM32CubeN6/Drivers/CMSIS/Include/m-profile/armv7m_cachel1.h:428:17: warning: conversion to 'long unsigned int' from 'int32_t' {aka 'long int'} may change the sign of the result [-Wsign-conversion]
  428 |         op_size -=          __SCB_DCACHE_LINE_SIZE;
      |                 ^~
/Users/seungwon/STM32CubeN6/Drivers/CMSIS/Include/m-profile/armv7m_cachel1.h:44:33: warning: conversion to 'int32_t' {aka 'long int'} from 'long unsigned int' may change the sign of the result [-Wsign-conversion]
   44 | #define __SCB_DCACHE_LINE_SIZE  32U /*!< Cortex-M7 cache line size is fixed to 32 bytes (8 words). See also register SCB_CCSIDR */
      |                                 ^~~
/Users/seungwon/STM32CubeN6/Drivers/CMSIS/Include/m-profile/armv7m_cachel1.h:428:29: note: in expansion of macro '__SCB_DCACHE_LINE_SIZE'
  428 |         op_size -=          __SCB_DCACHE_LINE_SIZE;
      |                             ^~~~~~~~~~~~~~~~~~~~~~
/Users/seungwon/test/.tools/xpack-arm-none-eabi-gcc-15.2.1-1.1/bin/arm-none-eabi-gcc   -DAIMER_BENCHMARK -DPARAMS=256f -DAIMER_BACKEND=ref -DAIMER_MATVEC=reference -DAIMER_CONFIG=ref -DBENCH_KERNEL_SAMPLES=31 -DBENCH_E2E_SAMPLES=50 -DBENCH_KERNEL_INNER=64 -DBENCH_WARMUP=10 -DPROFILE_SAMPLES=31 -DPROFILE_KERNEL_INNER=64 -DPROFILE_COMPLEX_INNER=8 -DUSE_HAL_DRIVER -DSTM32N657xx -Iinclude -I../common/src/sig/aimer/reference/aimer-256f -I../common/src -I/Users/seungwon/STM32CubeN6/Projects/NUCLEO-N657X0-Q/Templates/Template/FSBL/Inc -I/Users/seungwon/STM32CubeN6/Drivers/CMSIS/Include -I/Users/seungwon/STM32CubeN6/Drivers/CMSIS/Device/ST/STM32N6xx/Include -I/Users/seungwon/STM32CubeN6/Drivers/STM32N6xx_HAL_Driver/Inc -I/Users/seungwon/STM32CubeN6/Drivers/STM32N6xx_HAL_Driver/Inc/Legacy -O3 -std=c11 -fno-common -ffunction-sections -fdata-sections -fno-tree-vectorize -fno-tree-slp-vectorize -MMD -MP --specs=nosys.specs -Wall -Wextra -Wshadow -Wconversion -Wstrict-prototypes -mcpu=cortex-m55 -mthumb -mfloat-abi=hard -mcmse -fstack-usage -c /Users/seungwon/STM32CubeN6/Drivers/STM32N6xx_HAL_Driver/Src/stm32n6xx_hal_rcc.c -o build/full/256f/ref/benchmark/stm32n6xx_hal_rcc.c.o
In file included from /Users/seungwon/STM32CubeN6/Drivers/CMSIS/Include/core_cm55.h:4605,
                 from /Users/seungwon/STM32CubeN6/Drivers/CMSIS/Device/ST/STM32N6xx/Include/stm32n657xx.h:281,
                 from /Users/seungwon/STM32CubeN6/Drivers/CMSIS/Device/ST/STM32N6xx/Include/stm32n6xx.h:87,
                 from /Users/seungwon/STM32CubeN6/Drivers/STM32N6xx_HAL_Driver/Inc/stm32n6xx_hal_def.h:33,
                 from /Users/seungwon/STM32CubeN6/Drivers/STM32N6xx_HAL_Driver/Inc/stm32n6xx_hal_rcc.h:28,
                 from /Users/seungwon/STM32CubeN6/Projects/NUCLEO-N657X0-Q/Templates/Template/FSBL/Inc/stm32n6xx_hal_conf.h:253,
                 from /Users/seungwon/STM32CubeN6/Drivers/STM32N6xx_HAL_Driver/Inc/stm32n6xx_hal.h:29,
                 from /Users/seungwon/STM32CubeN6/Drivers/STM32N6xx_HAL_Driver/Src/stm32n6xx_hal_rcc.c:73:
/Users/seungwon/STM32CubeN6/Drivers/CMSIS/Include/m-profile/armv7m_cachel1.h: In function 'SCB_InvalidateICache_by_Addr':
/Users/seungwon/STM32CubeN6/Drivers/CMSIS/Include/m-profile/armv7m_cachel1.h:117:32: warning: conversion to 'long unsigned int' from 'int32_t' {aka 'long int'} may change the sign of the result [-Wsign-conversion]
  117 |        int32_t op_size = isize + (((uint32_t)addr) & (__SCB_ICACHE_LINE_SIZE - 1U));
      |                                ^
/Users/seungwon/STM32CubeN6/Drivers/CMSIS/Include/m-profile/armv7m_cachel1.h:117:26: warning: conversion to 'int32_t' {aka 'long int'} from 'long unsigned int' may change the sign of the result [-Wsign-conversion]
  117 |        int32_t op_size = isize + (((uint32_t)addr) & (__SCB_ICACHE_LINE_SIZE - 1U));
      |                          ^~~~~
/Users/seungwon/STM32CubeN6/Drivers/CMSIS/Include/m-profile/armv7m_cachel1.h:125:17: warning: conversion to 'long unsigned int' from 'int32_t' {aka 'long int'} may change the sign of the result [-Wsign-conversion]
  125 |         op_size -= __SCB_ICACHE_LINE_SIZE;
      |                 ^~
/Users/seungwon/STM32CubeN6/Drivers/CMSIS/Include/m-profile/armv7m_cachel1.h:48:33: warning: conversion to 'int32_t' {aka 'long int'} from 'long unsigned int' may change the sign of the result [-Wsign-conversion]
   48 | #define __SCB_ICACHE_LINE_SIZE  32U /*!< Cortex-M7 cache line size is fixed to 32 bytes (8 words). See also register SCB_CCSIDR */
      |                                 ^~~
/Users/seungwon/STM32CubeN6/Drivers/CMSIS/Include/m-profile/armv7m_cachel1.h:125:20: note: in expansion of macro '__SCB_ICACHE_LINE_SIZE'
  125 |         op_size -= __SCB_ICACHE_LINE_SIZE;
      |                    ^~~~~~~~~~~~~~~~~~~~~~
/Users/seungwon/STM32CubeN6/Drivers/CMSIS/Include/m-profile/armv7m_cachel1.h: In function 'SCB_InvalidateDCache_by_Addr':
/Users/seungwon/STM32CubeN6/Drivers/CMSIS/Include/m-profile/armv7m_cachel1.h:360:32: warning: conversion to 'long unsigned int' from 'int32_t' {aka 'long int'} may change the sign of the result [-Wsign-conversion]
  360 |        int32_t op_size = dsize + (((uint32_t)addr) & (__SCB_DCACHE_LINE_SIZE - 1U));
      |                                ^
/Users/seungwon/STM32CubeN6/Drivers/CMSIS/Include/m-profile/armv7m_cachel1.h:360:26: warning: conversion to 'int32_t' {aka 'long int'} from 'long unsigned int' may change the sign of the result [-Wsign-conversion]
  360 |        int32_t op_size = dsize + (((uint32_t)addr) & (__SCB_DCACHE_LINE_SIZE - 1U));
      |                          ^~~~~
/Users/seungwon/STM32CubeN6/Drivers/CMSIS/Include/m-profile/armv7m_cachel1.h:368:17: warning: conversion to 'long unsigned int' from 'int32_t' {aka 'long int'} may change the sign of the result [-Wsign-conversion]
  368 |         op_size -= __SCB_DCACHE_LINE_SIZE;
      |                 ^~
/Users/seungwon/STM32CubeN6/Drivers/CMSIS/Include/m-profile/armv7m_cachel1.h:44:33: warning: conversion to 'int32_t' {aka 'long int'} from 'long unsigned int' may change the sign of the result [-Wsign-conversion]
   44 | #define __SCB_DCACHE_LINE_SIZE  32U /*!< Cortex-M7 cache line size is fixed to 32 bytes (8 words). See also register SCB_CCSIDR */
      |                                 ^~~
/Users/seungwon/STM32CubeN6/Drivers/CMSIS/Include/m-profile/armv7m_cachel1.h:368:20: note: in expansion of macro '__SCB_DCACHE_LINE_SIZE'
  368 |         op_size -= __SCB_DCACHE_LINE_SIZE;
      |                    ^~~~~~~~~~~~~~~~~~~~~~
/Users/seungwon/STM32CubeN6/Drivers/CMSIS/Include/m-profile/armv7m_cachel1.h: In function 'SCB_CleanDCache_by_Addr':
/Users/seungwon/STM32CubeN6/Drivers/CMSIS/Include/m-profile/armv7m_cachel1.h:390:32: warning: conversion to 'long unsigned int' from 'int32_t' {aka 'long int'} may change the sign of the result [-Wsign-conversion]
  390 |        int32_t op_size = dsize + (((uint32_t)addr) & (__SCB_DCACHE_LINE_SIZE - 1U));
      |                                ^
/Users/seungwon/STM32CubeN6/Drivers/CMSIS/Include/m-profile/armv7m_cachel1.h:390:26: warning: conversion to 'int32_t' {aka 'long int'} from 'long unsigned int' may change the sign of the result [-Wsign-conversion]
  390 |        int32_t op_size = dsize + (((uint32_t)addr) & (__SCB_DCACHE_LINE_SIZE - 1U));
      |                          ^~~~~
/Users/seungwon/STM32CubeN6/Drivers/CMSIS/Include/m-profile/armv7m_cachel1.h:398:17: warning: conversion to 'long unsigned int' from 'int32_t' {aka 'long int'} may change the sign of the result [-Wsign-conversion]
  398 |         op_size -= __SCB_DCACHE_LINE_SIZE;
      |                 ^~
/Users/seungwon/STM32CubeN6/Drivers/CMSIS/Include/m-profile/armv7m_cachel1.h:44:33: warning: conversion to 'int32_t' {aka 'long int'} from 'long unsigned int' may change the sign of the result [-Wsign-conversion]
   44 | #define __SCB_DCACHE_LINE_SIZE  32U /*!< Cortex-M7 cache line size is fixed to 32 bytes (8 words). See also register SCB_CCSIDR */
      |                                 ^~~
/Users/seungwon/STM32CubeN6/Drivers/CMSIS/Include/m-profile/armv7m_cachel1.h:398:20: note: in expansion of macro '__SCB_DCACHE_LINE_SIZE'
  398 |         op_size -= __SCB_DCACHE_LINE_SIZE;
      |                    ^~~~~~~~~~~~~~~~~~~~~~
/Users/seungwon/STM32CubeN6/Drivers/CMSIS/Include/m-profile/armv7m_cachel1.h: In function 'SCB_CleanInvalidateDCache_by_Addr':
/Users/seungwon/STM32CubeN6/Drivers/CMSIS/Include/m-profile/armv7m_cachel1.h:420:32: warning: conversion to 'long unsigned int' from 'int32_t' {aka 'long int'} may change the sign of the result [-Wsign-conversion]
  420 |        int32_t op_size = dsize + (((uint32_t)addr) & (__SCB_DCACHE_LINE_SIZE - 1U));
      |                                ^
/Users/seungwon/STM32CubeN6/Drivers/CMSIS/Include/m-profile/armv7m_cachel1.h:420:26: warning: conversion to 'int32_t' {aka 'long int'} from 'long unsigned int' may change the sign of the result [-Wsign-conversion]
  420 |        int32_t op_size = dsize + (((uint32_t)addr) & (__SCB_DCACHE_LINE_SIZE - 1U));
      |                          ^~~~~
/Users/seungwon/STM32CubeN6/Drivers/CMSIS/Include/m-profile/armv7m_cachel1.h:428:17: warning: conversion to 'long unsigned int' from 'int32_t' {aka 'long int'} may change the sign of the result [-Wsign-conversion]
  428 |         op_size -=          __SCB_DCACHE_LINE_SIZE;
      |                 ^~
/Users/seungwon/STM32CubeN6/Drivers/CMSIS/Include/m-profile/armv7m_cachel1.h:44:33: warning: conversion to 'int32_t' {aka 'long int'} from 'long unsigned int' may change the sign of the result [-Wsign-conversion]
   44 | #define __SCB_DCACHE_LINE_SIZE  32U /*!< Cortex-M7 cache line size is fixed to 32 bytes (8 words). See also register SCB_CCSIDR */
      |                                 ^~~
/Users/seungwon/STM32CubeN6/Drivers/CMSIS/Include/m-profile/armv7m_cachel1.h:428:29: note: in expansion of macro '__SCB_DCACHE_LINE_SIZE'
  428 |         op_size -=          __SCB_DCACHE_LINE_SIZE;
      |                             ^~~~~~~~~~~~~~~~~~~~~~
/Users/seungwon/test/.tools/xpack-arm-none-eabi-gcc-15.2.1-1.1/bin/arm-none-eabi-gcc   -DAIMER_BENCHMARK -DPARAMS=256f -DAIMER_BACKEND=ref -DAIMER_MATVEC=reference -DAIMER_CONFIG=ref -DBENCH_KERNEL_SAMPLES=31 -DBENCH_E2E_SAMPLES=50 -DBENCH_KERNEL_INNER=64 -DBENCH_WARMUP=10 -DPROFILE_SAMPLES=31 -DPROFILE_KERNEL_INNER=64 -DPROFILE_COMPLEX_INNER=8 -DUSE_HAL_DRIVER -DSTM32N657xx -Iinclude -I../common/src/sig/aimer/reference/aimer-256f -I../common/src -I/Users/seungwon/STM32CubeN6/Projects/NUCLEO-N657X0-Q/Templates/Template/FSBL/Inc -I/Users/seungwon/STM32CubeN6/Drivers/CMSIS/Include -I/Users/seungwon/STM32CubeN6/Drivers/CMSIS/Device/ST/STM32N6xx/Include -I/Users/seungwon/STM32CubeN6/Drivers/STM32N6xx_HAL_Driver/Inc -I/Users/seungwon/STM32CubeN6/Drivers/STM32N6xx_HAL_Driver/Inc/Legacy -O3 -std=c11 -fno-common -ffunction-sections -fdata-sections -fno-tree-vectorize -fno-tree-slp-vectorize -MMD -MP --specs=nosys.specs -Wall -Wextra -Wshadow -Wconversion -Wstrict-prototypes -mcpu=cortex-m55 -mthumb -mfloat-abi=hard -mcmse -fstack-usage -c /Users/seungwon/STM32CubeN6/Drivers/STM32N6xx_HAL_Driver/Src/stm32n6xx_hal_rcc_ex.c -o build/full/256f/ref/benchmark/stm32n6xx_hal_rcc_ex.c.o
In file included from /Users/seungwon/STM32CubeN6/Drivers/CMSIS/Include/core_cm55.h:4605,
                 from /Users/seungwon/STM32CubeN6/Drivers/CMSIS/Device/ST/STM32N6xx/Include/stm32n657xx.h:281,
                 from /Users/seungwon/STM32CubeN6/Drivers/CMSIS/Device/ST/STM32N6xx/Include/stm32n6xx.h:87,
                 from /Users/seungwon/STM32CubeN6/Drivers/STM32N6xx_HAL_Driver/Inc/stm32n6xx_hal_def.h:33,
                 from /Users/seungwon/STM32CubeN6/Drivers/STM32N6xx_HAL_Driver/Inc/stm32n6xx_hal_rcc.h:28,
                 from /Users/seungwon/STM32CubeN6/Projects/NUCLEO-N657X0-Q/Templates/Template/FSBL/Inc/stm32n6xx_hal_conf.h:253,
                 from /Users/seungwon/STM32CubeN6/Drivers/STM32N6xx_HAL_Driver/Inc/stm32n6xx_hal.h:29,
                 from /Users/seungwon/STM32CubeN6/Drivers/STM32N6xx_HAL_Driver/Src/stm32n6xx_hal_rcc_ex.c:24:
/Users/seungwon/STM32CubeN6/Drivers/CMSIS/Include/m-profile/armv7m_cachel1.h: In function 'SCB_InvalidateICache_by_Addr':
/Users/seungwon/STM32CubeN6/Drivers/CMSIS/Include/m-profile/armv7m_cachel1.h:117:32: warning: conversion to 'long unsigned int' from 'int32_t' {aka 'long int'} may change the sign of the result [-Wsign-conversion]
  117 |        int32_t op_size = isize + (((uint32_t)addr) & (__SCB_ICACHE_LINE_SIZE - 1U));
      |                                ^
/Users/seungwon/STM32CubeN6/Drivers/CMSIS/Include/m-profile/armv7m_cachel1.h:117:26: warning: conversion to 'int32_t' {aka 'long int'} from 'long unsigned int' may change the sign of the result [-Wsign-conversion]
  117 |        int32_t op_size = isize + (((uint32_t)addr) & (__SCB_ICACHE_LINE_SIZE - 1U));
      |                          ^~~~~
/Users/seungwon/STM32CubeN6/Drivers/CMSIS/Include/m-profile/armv7m_cachel1.h:125:17: warning: conversion to 'long unsigned int' from 'int32_t' {aka 'long int'} may change the sign of the result [-Wsign-conversion]
  125 |         op_size -= __SCB_ICACHE_LINE_SIZE;
      |                 ^~
/Users/seungwon/STM32CubeN6/Drivers/CMSIS/Include/m-profile/armv7m_cachel1.h:48:33: warning: conversion to 'int32_t' {aka 'long int'} from 'long unsigned int' may change the sign of the result [-Wsign-conversion]
   48 | #define __SCB_ICACHE_LINE_SIZE  32U /*!< Cortex-M7 cache line size is fixed to 32 bytes (8 words). See also register SCB_CCSIDR */
      |                                 ^~~
/Users/seungwon/STM32CubeN6/Drivers/CMSIS/Include/m-profile/armv7m_cachel1.h:125:20: note: in expansion of macro '__SCB_ICACHE_LINE_SIZE'
  125 |         op_size -= __SCB_ICACHE_LINE_SIZE;
      |                    ^~~~~~~~~~~~~~~~~~~~~~
/Users/seungwon/STM32CubeN6/Drivers/CMSIS/Include/m-profile/armv7m_cachel1.h: In function 'SCB_InvalidateDCache_by_Addr':
/Users/seungwon/STM32CubeN6/Drivers/CMSIS/Include/m-profile/armv7m_cachel1.h:360:32: warning: conversion to 'long unsigned int' from 'int32_t' {aka 'long int'} may change the sign of the result [-Wsign-conversion]
  360 |        int32_t op_size = dsize + (((uint32_t)addr) & (__SCB_DCACHE_LINE_SIZE - 1U));
      |                                ^
/Users/seungwon/STM32CubeN6/Drivers/CMSIS/Include/m-profile/armv7m_cachel1.h:360:26: warning: conversion to 'int32_t' {aka 'long int'} from 'long unsigned int' may change the sign of the result [-Wsign-conversion]
  360 |        int32_t op_size = dsize + (((uint32_t)addr) & (__SCB_DCACHE_LINE_SIZE - 1U));
      |                          ^~~~~
/Users/seungwon/STM32CubeN6/Drivers/CMSIS/Include/m-profile/armv7m_cachel1.h:368:17: warning: conversion to 'long unsigned int' from 'int32_t' {aka 'long int'} may change the sign of the result [-Wsign-conversion]
  368 |         op_size -= __SCB_DCACHE_LINE_SIZE;
      |                 ^~
/Users/seungwon/STM32CubeN6/Drivers/CMSIS/Include/m-profile/armv7m_cachel1.h:44:33: warning: conversion to 'int32_t' {aka 'long int'} from 'long unsigned int' may change the sign of the result [-Wsign-conversion]
   44 | #define __SCB_DCACHE_LINE_SIZE  32U /*!< Cortex-M7 cache line size is fixed to 32 bytes (8 words). See also register SCB_CCSIDR */
      |                                 ^~~
/Users/seungwon/STM32CubeN6/Drivers/CMSIS/Include/m-profile/armv7m_cachel1.h:368:20: note: in expansion of macro '__SCB_DCACHE_LINE_SIZE'
  368 |         op_size -= __SCB_DCACHE_LINE_SIZE;
      |                    ^~~~~~~~~~~~~~~~~~~~~~
/Users/seungwon/STM32CubeN6/Drivers/CMSIS/Include/m-profile/armv7m_cachel1.h: In function 'SCB_CleanDCache_by_Addr':
/Users/seungwon/STM32CubeN6/Drivers/CMSIS/Include/m-profile/armv7m_cachel1.h:390:32: warning: conversion to 'long unsigned int' from 'int32_t' {aka 'long int'} may change the sign of the result [-Wsign-conversion]
  390 |        int32_t op_size = dsize + (((uint32_t)addr) & (__SCB_DCACHE_LINE_SIZE - 1U));
      |                                ^
/Users/seungwon/STM32CubeN6/Drivers/CMSIS/Include/m-profile/armv7m_cachel1.h:390:26: warning: conversion to 'int32_t' {aka 'long int'} from 'long unsigned int' may change the sign of the result [-Wsign-conversion]
  390 |        int32_t op_size = dsize + (((uint32_t)addr) & (__SCB_DCACHE_LINE_SIZE - 1U));
      |                          ^~~~~
/Users/seungwon/STM32CubeN6/Drivers/CMSIS/Include/m-profile/armv7m_cachel1.h:398:17: warning: conversion to 'long unsigned int' from 'int32_t' {aka 'long int'} may change the sign of the result [-Wsign-conversion]
  398 |         op_size -= __SCB_DCACHE_LINE_SIZE;
      |                 ^~
/Users/seungwon/STM32CubeN6/Drivers/CMSIS/Include/m-profile/armv7m_cachel1.h:44:33: warning: conversion to 'int32_t' {aka 'long int'} from 'long unsigned int' may change the sign of the result [-Wsign-conversion]
   44 | #define __SCB_DCACHE_LINE_SIZE  32U /*!< Cortex-M7 cache line size is fixed to 32 bytes (8 words). See also register SCB_CCSIDR */
      |                                 ^~~
/Users/seungwon/STM32CubeN6/Drivers/CMSIS/Include/m-profile/armv7m_cachel1.h:398:20: note: in expansion of macro '__SCB_DCACHE_LINE_SIZE'
  398 |         op_size -= __SCB_DCACHE_LINE_SIZE;
      |                    ^~~~~~~~~~~~~~~~~~~~~~
/Users/seungwon/STM32CubeN6/Drivers/CMSIS/Include/m-profile/armv7m_cachel1.h: In function 'SCB_CleanInvalidateDCache_by_Addr':
/Users/seungwon/STM32CubeN6/Drivers/CMSIS/Include/m-profile/armv7m_cachel1.h:420:32: warning: conversion to 'long unsigned int' from 'int32_t' {aka 'long int'} may change the sign of the result [-Wsign-conversion]
  420 |        int32_t op_size = dsize + (((uint32_t)addr) & (__SCB_DCACHE_LINE_SIZE - 1U));
      |                                ^
/Users/seungwon/STM32CubeN6/Drivers/CMSIS/Include/m-profile/armv7m_cachel1.h:420:26: warning: conversion to 'int32_t' {aka 'long int'} from 'long unsigned int' may change the sign of the result [-Wsign-conversion]
  420 |        int32_t op_size = dsize + (((uint32_t)addr) & (__SCB_DCACHE_LINE_SIZE - 1U));
      |                          ^~~~~
/Users/seungwon/STM32CubeN6/Drivers/CMSIS/Include/m-profile/armv7m_cachel1.h:428:17: warning: conversion to 'long unsigned int' from 'int32_t' {aka 'long int'} may change the sign of the result [-Wsign-conversion]
  428 |         op_size -=          __SCB_DCACHE_LINE_SIZE;
      |                 ^~
/Users/seungwon/STM32CubeN6/Drivers/CMSIS/Include/m-profile/armv7m_cachel1.h:44:33: warning: conversion to 'int32_t' {aka 'long int'} from 'long unsigned int' may change the sign of the result [-Wsign-conversion]
   44 | #define __SCB_DCACHE_LINE_SIZE  32U /*!< Cortex-M7 cache line size is fixed to 32 bytes (8 words). See also register SCB_CCSIDR */
      |                                 ^~~
/Users/seungwon/STM32CubeN6/Drivers/CMSIS/Include/m-profile/armv7m_cachel1.h:428:29: note: in expansion of macro '__SCB_DCACHE_LINE_SIZE'
  428 |         op_size -=          __SCB_DCACHE_LINE_SIZE;
      |                             ^~~~~~~~~~~~~~~~~~~~~~
/Users/seungwon/test/.tools/xpack-arm-none-eabi-gcc-15.2.1-1.1/bin/arm-none-eabi-gcc   -DAIMER_BENCHMARK -DPARAMS=256f -DAIMER_BACKEND=ref -DAIMER_MATVEC=reference -DAIMER_CONFIG=ref -DBENCH_KERNEL_SAMPLES=31 -DBENCH_E2E_SAMPLES=50 -DBENCH_KERNEL_INNER=64 -DBENCH_WARMUP=10 -DPROFILE_SAMPLES=31 -DPROFILE_KERNEL_INNER=64 -DPROFILE_COMPLEX_INNER=8 -DUSE_HAL_DRIVER -DSTM32N657xx -Iinclude -I../common/src/sig/aimer/reference/aimer-256f -I../common/src -I/Users/seungwon/STM32CubeN6/Projects/NUCLEO-N657X0-Q/Templates/Template/FSBL/Inc -I/Users/seungwon/STM32CubeN6/Drivers/CMSIS/Include -I/Users/seungwon/STM32CubeN6/Drivers/CMSIS/Device/ST/STM32N6xx/Include -I/Users/seungwon/STM32CubeN6/Drivers/STM32N6xx_HAL_Driver/Inc -I/Users/seungwon/STM32CubeN6/Drivers/STM32N6xx_HAL_Driver/Inc/Legacy -O3 -std=c11 -fno-common -ffunction-sections -fdata-sections -fno-tree-vectorize -fno-tree-slp-vectorize -MMD -MP --specs=nosys.specs -Wall -Wextra -Wshadow -Wconversion -Wstrict-prototypes -mcpu=cortex-m55 -mthumb -mfloat-abi=hard -mcmse -fstack-usage -x assembler-with-cpp -c /Users/seungwon/STM32CubeN6/Projects/NUCLEO-N657X0-Q/Templates/Template/STM32CubeIDE/FSBL/Application/Startup/startup_stm32n657x0hxq_fsbl.s -o build/full/256f/ref/benchmark/startup_stm32n657x0hxq_fsbl.s.o
/Users/seungwon/test/.tools/xpack-arm-none-eabi-gcc-15.2.1-1.1/bin/arm-none-eabi-gcc --specs=nosys.specs -Wl,--gc-sections -Wl,--print-memory-usage -Wl,-Map,build/full/256f/ref/benchmark/aimer-m55-256f-ref-benchmark.map -Wl,--wrap=main -Wl,--wrap=_write -Wl,--wrap=_read -Tplatform/nucleo-n657x0-q/stm32n657-axi-sram.ld  -mcpu=cortex-m55 -mthumb -mfloat-abi=hard -mcmse -Wl,--wrap=samsungsds_aimer_256f_ref_crypto_sign_signature -Wl,--wrap=samsungsds_aimer_256f_ref_crypto_sign -Wl,--wrap=samsungsds_aimer_256f_ref_crypto_sign_verify -Wl,--wrap=samsungsds_aimer_256f_ref_crypto_sign_open build/full/256f/ref/benchmark/benchmark.c.o build/full/256f/ref/benchmark/sign_low_memory.c.o build/full/256f/ref/benchmark/verify_batch.c.o build/full/256f/ref/benchmark/field_batch.c.o build/full/256f/ref/benchmark/mpc_batch.c.o build/full/256f/ref/benchmark/aim3.c.o build/full/256f/ref/benchmark/hash.c.o build/full/256f/ref/benchmark/sign.c.o build/full/256f/ref/benchmark/tree.c.o build/full/256f/ref/benchmark/field_common.c.o build/full/256f/ref/benchmark/field256.c.o build/full/256f/ref/benchmark/aes.c.o build/full/256f/ref/benchmark/fips202.c.o build/full/256f/ref/benchmark/rng.c.o build/full/256f/ref/benchmark/platform.c.o build/full/256f/ref/benchmark/system_stm32n6xx_fsbl.c.o build/full/256f/ref/benchmark/stm32n6xx_hal.c.o build/full/256f/ref/benchmark/stm32n6xx_hal_cortex.c.o build/full/256f/ref/benchmark/stm32n6xx_hal_pwr.c.o build/full/256f/ref/benchmark/stm32n6xx_hal_pwr_ex.c.o build/full/256f/ref/benchmark/stm32n6xx_hal_rcc.c.o build/full/256f/ref/benchmark/stm32n6xx_hal_rcc_ex.c.o build/full/256f/ref/benchmark/startup_stm32n657x0hxq_fsbl.s.o -lc -lm -o build/full/256f/ref/benchmark/aimer-m55-256f-ref-benchmark.elf
/Users/seungwon/test/.tools/xpack-arm-none-eabi-gcc-15.2.1-1.1/bin/../lib/gcc/arm-none-eabi/15.2.1/../../../../arm-none-eabi/bin/ld: /Users/seungwon/test/.tools/xpack-arm-none-eabi-gcc-15.2.1-1.1/bin/../lib/gcc/arm-none-eabi/15.2.1/../../../../arm-none-eabi/lib/thumb/v8-m.main+dp/hard/libc.a(libc_a-closer.o): in function `_close_r':
(.text._close_r+0xc): warning: _close is not implemented and will always fail
/Users/seungwon/test/.tools/xpack-arm-none-eabi-gcc-15.2.1-1.1/bin/../lib/gcc/arm-none-eabi/15.2.1/../../../../arm-none-eabi/bin/ld: /Users/seungwon/test/.tools/xpack-arm-none-eabi-gcc-15.2.1-1.1/bin/../lib/gcc/arm-none-eabi/15.2.1/../../../../arm-none-eabi/lib/thumb/v8-m.main+dp/hard/libc.a(libc_a-closer.o): note: the message above does not take linker garbage collection into account
/Users/seungwon/test/.tools/xpack-arm-none-eabi-gcc-15.2.1-1.1/bin/../lib/gcc/arm-none-eabi/15.2.1/../../../../arm-none-eabi/bin/ld: /Users/seungwon/test/.tools/xpack-arm-none-eabi-gcc-15.2.1-1.1/bin/../lib/gcc/arm-none-eabi/15.2.1/../../../../arm-none-eabi/lib/thumb/v8-m.main+dp/hard/libc.a(libc_a-fstatr.o): in function `_fstat_r':
(.text._fstat_r+0xe): warning: _fstat is not implemented and will always fail
/Users/seungwon/test/.tools/xpack-arm-none-eabi-gcc-15.2.1-1.1/bin/../lib/gcc/arm-none-eabi/15.2.1/../../../../arm-none-eabi/bin/ld: /Users/seungwon/test/.tools/xpack-arm-none-eabi-gcc-15.2.1-1.1/bin/../lib/gcc/arm-none-eabi/15.2.1/../../../../arm-none-eabi/lib/thumb/v8-m.main+dp/hard/libc.a(libc_a-fstatr.o): note: the message above does not take linker garbage collection into account
/Users/seungwon/test/.tools/xpack-arm-none-eabi-gcc-15.2.1-1.1/bin/../lib/gcc/arm-none-eabi/15.2.1/../../../../arm-none-eabi/bin/ld: /Users/seungwon/test/.tools/xpack-arm-none-eabi-gcc-15.2.1-1.1/bin/../lib/gcc/arm-none-eabi/15.2.1/../../../../arm-none-eabi/lib/thumb/v8-m.main+dp/hard/libc.a(libc_a-signalr.o): in function `_getpid_r':
(.text._getpid_r+0x0): warning: _getpid is not implemented and will always fail
/Users/seungwon/test/.tools/xpack-arm-none-eabi-gcc-15.2.1-1.1/bin/../lib/gcc/arm-none-eabi/15.2.1/../../../../arm-none-eabi/bin/ld: /Users/seungwon/test/.tools/xpack-arm-none-eabi-gcc-15.2.1-1.1/bin/../lib/gcc/arm-none-eabi/15.2.1/../../../../arm-none-eabi/lib/thumb/v8-m.main+dp/hard/libc.a(libc_a-signalr.o): note: the message above does not take linker garbage collection into account
/Users/seungwon/test/.tools/xpack-arm-none-eabi-gcc-15.2.1-1.1/bin/../lib/gcc/arm-none-eabi/15.2.1/../../../../arm-none-eabi/bin/ld: /Users/seungwon/test/.tools/xpack-arm-none-eabi-gcc-15.2.1-1.1/bin/../lib/gcc/arm-none-eabi/15.2.1/../../../../arm-none-eabi/lib/thumb/v8-m.main+dp/hard/libc.a(libc_a-isattyr.o): in function `_isatty_r':
(.text._isatty_r+0xc): warning: _isatty is not implemented and will always fail
/Users/seungwon/test/.tools/xpack-arm-none-eabi-gcc-15.2.1-1.1/bin/../lib/gcc/arm-none-eabi/15.2.1/../../../../arm-none-eabi/bin/ld: /Users/seungwon/test/.tools/xpack-arm-none-eabi-gcc-15.2.1-1.1/bin/../lib/gcc/arm-none-eabi/15.2.1/../../../../arm-none-eabi/lib/thumb/v8-m.main+dp/hard/libc.a(libc_a-isattyr.o): note: the message above does not take linker garbage collection into account
/Users/seungwon/test/.tools/xpack-arm-none-eabi-gcc-15.2.1-1.1/bin/../lib/gcc/arm-none-eabi/15.2.1/../../../../arm-none-eabi/bin/ld: /Users/seungwon/test/.tools/xpack-arm-none-eabi-gcc-15.2.1-1.1/bin/../lib/gcc/arm-none-eabi/15.2.1/../../../../arm-none-eabi/lib/thumb/v8-m.main+dp/hard/libc.a(libc_a-signalr.o): in function `_kill_r':
(.text._kill_r+0xe): warning: _kill is not implemented and will always fail
/Users/seungwon/test/.tools/xpack-arm-none-eabi-gcc-15.2.1-1.1/bin/../lib/gcc/arm-none-eabi/15.2.1/../../../../arm-none-eabi/bin/ld: /Users/seungwon/test/.tools/xpack-arm-none-eabi-gcc-15.2.1-1.1/bin/../lib/gcc/arm-none-eabi/15.2.1/../../../../arm-none-eabi/lib/thumb/v8-m.main+dp/hard/libc.a(libc_a-signalr.o): note: the message above does not take linker garbage collection into account
/Users/seungwon/test/.tools/xpack-arm-none-eabi-gcc-15.2.1-1.1/bin/../lib/gcc/arm-none-eabi/15.2.1/../../../../arm-none-eabi/bin/ld: /Users/seungwon/test/.tools/xpack-arm-none-eabi-gcc-15.2.1-1.1/bin/../lib/gcc/arm-none-eabi/15.2.1/../../../../arm-none-eabi/lib/thumb/v8-m.main+dp/hard/libc.a(libc_a-lseekr.o): in function `_lseek_r':
(.text._lseek_r+0x10): warning: _lseek is not implemented and will always fail
/Users/seungwon/test/.tools/xpack-arm-none-eabi-gcc-15.2.1-1.1/bin/../lib/gcc/arm-none-eabi/15.2.1/../../../../arm-none-eabi/bin/ld: /Users/seungwon/test/.tools/xpack-arm-none-eabi-gcc-15.2.1-1.1/bin/../lib/gcc/arm-none-eabi/15.2.1/../../../../arm-none-eabi/lib/thumb/v8-m.main+dp/hard/libc.a(libc_a-lseekr.o): note: the message above does not take linker garbage collection into account
Memory region         Used Size  Region Size  %age Used
             ROM:       80816 B       255 KB     30.95%
         BOOTRAM:        256 KB       256 KB    100.00%
         HEAPRAM:          4 KB      1792 KB      0.22%
/Users/seungwon/test/.tools/xpack-arm-none-eabi-gcc-15.2.1-1.1/bin/arm-none-eabi-size build/full/256f/ref/benchmark/aimer-m55-256f-ref-benchmark.elf
   text	   data	    bss	    dec	    hex	filename
  78592	   2192	 167688	 248472	  3ca98	build/full/256f/ref/benchmark/aimer-m55-256f-ref-benchmark.elf
/Users/Shared/cortexctl run m55 -- /Users/seungwon/test/.tools/xpack-openocd-0.12.0-7/bin/openocd \
		-s /Users/seungwon/test/.tools/xpack-openocd-0.12.0-7/openocd/scripts -s /Users/seungwon/test/.tools/openocd-scripts \
		-f platform/nucleo-n657x0-q/openocd.cfg \
		-c init -c 'reset halt' \
		-c 'load_image /Users/seungwon/AIMer3_on_AVX512/m55/build/full/256f/ref/benchmark/aimer-m55-256f-ref-benchmark.elf' \
		-c 'verify_image /Users/seungwon/AIMer3_on_AVX512/m55/build/full/256f/ref/benchmark/aimer-m55-256f-ref-benchmark.elf' \
		-c 'set vector_msp [mrw 0x34180400]' \
		-c 'set vector_reset [mrw 0x34180404]' \
		-c 'arm semihosting enable' \
		-c 'arm semihosting_resexit enable' \
		-c 'reg msp $vector_msp' -c 'resume $vector_reset'
xPack Open On-Chip Debugger 0.12.0+dev-02228-ge5888bda3-dirty (2025-10-04-22:45)
Licensed under GNU GPL v2
For bug reports, read
	http://openocd.org/doc/doxygen/bugs.html
adapter speed: 1000 kHz
Info : STLINK V3J15M6 (API v3) VID:PID 0483:3754
Info : Target voltage: 3.279840
Info : clock speed 1000 kHz
Info : SWD DPIDR 0x6ba02477
Info : [stm32n6x.ap0] Examination succeed
Info : [stm32n6x.cpu] Cortex-M55 r1p1 processor detected
Info : [stm32n6x.cpu] target has 8 breakpoints, 8 watchpoints
stm32n6x.cpu in Secure state
Info : [stm32n6x.cpu] Examination succeed
Info : [stm32n6x.ap0] gdb port disabled
Info : [stm32n6x.cpu] starting gdb server on 3333
Info : Listening on port 3333 for gdb connections
[stm32n6x.cpu] halted due to debug-request, current mode: Thread 
xPSR: 0x81000000 pc: 0x18003a1a msp: 0x341037a0
79648 bytes written at address 0x34180000
2192 bytes written at address 0x34193720
downloaded 81840 bytes in 0.600533s (133.085 KiB/s)
verified 81840 bytes in 0.652170s (122.548 KiB/s)
0x34200000
0x3418b659
semihosting is enabled
semihosting resumable exit is enabled
msp (/32): 0x34200000
Info : Listening on port 6666 for tcl connections
Info : Listening on port 4444 for telnet connections
AIMer v3 on NUCLEO-N657X0-Q
Cortex-M55 @ 600000000 Hz, MVE=2, I/D-cache=on
BENCH_CONFIG,param=256f,config=ref,backend=ref,matvec=reference,cpu_hz=600000000,long_timer_hz=600000000,kernel_samples=31,e2e_samples=50,kernel_inner=64,warmup=10
BENCH_TIMER_CHECK,param=256f,config=ref,backend=ref,matvec=reference,pmu_cycles=916271,timer_cycles=916628,error_ppm=389
BENCH_SAMPLE,param=256f,config=ref,backend=ref,matvec=reference,operation=gf_mul,clock=pmu,sample=0,inner=64,items=1,raw_cycles=910965
BENCH_SAMPLE,param=256f,config=ref,backend=ref,matvec=reference,operation=gf_mul,clock=pmu,sample=1,inner=64,items=1,raw_cycles=910733
BENCH_SAMPLE,param=256f,config=ref,backend=ref,matvec=reference,operation=gf_mul,clock=pmu,sample=2,inner=64,items=1,raw_cycles=910734
BENCH_SAMPLE,param=256f,config=ref,backend=ref,matvec=reference,operation=gf_mul,clock=pmu,sample=3,inner=64,items=1,raw_cycles=910699
BENCH_SAMPLE,param=256f,config=ref,backend=ref,matvec=reference,operation=gf_mul,clock=pmu,sample=4,inner=64,items=1,raw_cycles=910700
BENCH_SAMPLE,param=256f,config=ref,backend=ref,matvec=reference,operation=gf_mul,clock=pmu,sample=5,inner=64,items=1,raw_cycles=910699
BENCH_SAMPLE,param=256f,config=ref,backend=ref,matvec=reference,operation=gf_mul,clock=pmu,sample=6,inner=64,items=1,raw_cycles=910701
BENCH_SAMPLE,param=256f,config=ref,backend=ref,matvec=reference,operation=gf_mul,clock=pmu,sample=7,inner=64,items=1,raw_cycles=910702
BENCH_SAMPLE,param=256f,config=ref,backend=ref,matvec=reference,operation=gf_mul,clock=pmu,sample=8,inner=64,items=1,raw_cycles=910703
BENCH_SAMPLE,param=256f,config=ref,backend=ref,matvec=reference,operation=gf_mul,clock=pmu,sample=9,inner=64,items=1,raw_cycles=910699
BENCH_SAMPLE,param=256f,config=ref,backend=ref,matvec=reference,operation=gf_mul,clock=pmu,sample=10,inner=64,items=1,raw_cycles=910699
BENCH_SAMPLE,param=256f,config=ref,backend=ref,matvec=reference,operation=gf_mul,clock=pmu,sample=11,inner=64,items=1,raw_cycles=910698
BENCH_SAMPLE,param=256f,config=ref,backend=ref,matvec=reference,operation=gf_mul,clock=pmu,sample=12,inner=64,items=1,raw_cycles=910699
BENCH_SAMPLE,param=256f,config=ref,backend=ref,matvec=reference,operation=gf_mul,clock=pmu,sample=13,inner=64,items=1,raw_cycles=910698
BENCH_SAMPLE,param=256f,config=ref,backend=ref,matvec=reference,operation=gf_mul,clock=pmu,sample=14,inner=64,items=1,raw_cycles=910699
BENCH_SAMPLE,param=256f,config=ref,backend=ref,matvec=reference,operation=gf_mul,clock=pmu,sample=15,inner=64,items=1,raw_cycles=910699
BENCH_SAMPLE,param=256f,config=ref,backend=ref,matvec=reference,operation=gf_mul,clock=pmu,sample=16,inner=64,items=1,raw_cycles=910702
BENCH_SAMPLE,param=256f,config=ref,backend=ref,matvec=reference,operation=gf_mul,clock=pmu,sample=17,inner=64,items=1,raw_cycles=910873
BENCH_SAMPLE,param=256f,config=ref,backend=ref,matvec=reference,operation=gf_mul,clock=pmu,sample=18,inner=64,items=1,raw_cycles=910699
BENCH_SAMPLE,param=256f,config=ref,backend=ref,matvec=reference,operation=gf_mul,clock=pmu,sample=19,inner=64,items=1,raw_cycles=910699
BENCH_SAMPLE,param=256f,config=ref,backend=ref,matvec=reference,operation=gf_mul,clock=pmu,sample=20,inner=64,items=1,raw_cycles=910697
BENCH_SAMPLE,param=256f,config=ref,backend=ref,matvec=reference,operation=gf_mul,clock=pmu,sample=21,inner=64,items=1,raw_cycles=910699
BENCH_SAMPLE,param=256f,config=ref,backend=ref,matvec=reference,operation=gf_mul,clock=pmu,sample=22,inner=64,items=1,raw_cycles=910698
BENCH_SAMPLE,param=256f,config=ref,backend=ref,matvec=reference,operation=gf_mul,clock=pmu,sample=23,inner=64,items=1,raw_cycles=910699
BENCH_SAMPLE,param=256f,config=ref,backend=ref,matvec=reference,operation=gf_mul,clock=pmu,sample=24,inner=64,items=1,raw_cycles=910698
BENCH_SAMPLE,param=256f,config=ref,backend=ref,matvec=reference,operation=gf_mul,clock=pmu,sample=25,inner=64,items=1,raw_cycles=910699
BENCH_SAMPLE,param=256f,config=ref,backend=ref,matvec=reference,operation=gf_mul,clock=pmu,sample=26,inner=64,items=1,raw_cycles=910699
BENCH_SAMPLE,param=256f,config=ref,backend=ref,matvec=reference,operation=gf_mul,clock=pmu,sample=27,inner=64,items=1,raw_cycles=910702
BENCH_SAMPLE,param=256f,config=ref,backend=ref,matvec=reference,operation=gf_mul,clock=pmu,sample=28,inner=64,items=1,raw_cycles=910703
BENCH_SAMPLE,param=256f,config=ref,backend=ref,matvec=reference,operation=gf_mul,clock=pmu,sample=29,inner=64,items=1,raw_cycles=910700
BENCH_SAMPLE,param=256f,config=ref,backend=ref,matvec=reference,operation=gf_mul,clock=pmu,sample=30,inner=64,items=1,raw_cycles=910699
BENCH_RESULT,param=256f,config=ref,backend=ref,matvec=reference,operation=gf_mul,clock=pmu,samples=31,inner=64,items=1,min=14229.64,median=14229.67,mean=14229.94,stddev=0.86,max=14233.83,cycles_per_item_mean=14229.94
BENCH_SAMPLE,param=256f,config=ref,backend=ref,matvec=reference,operation=gf_sqr,clock=pmu,sample=0,inner=64,items=1,raw_cycles=37996
BENCH_SAMPLE,param=256f,config=ref,backend=ref,matvec=reference,operation=gf_sqr,clock=pmu,sample=1,inner=64,items=1,raw_cycles=36355
BENCH_SAMPLE,param=256f,config=ref,backend=ref,matvec=reference,operation=gf_sqr,clock=pmu,sample=2,inner=64,items=1,raw_cycles=36355
BENCH_SAMPLE,param=256f,config=ref,backend=ref,matvec=reference,operation=gf_sqr,clock=pmu,sample=3,inner=64,items=1,raw_cycles=36355
BENCH_SAMPLE,param=256f,config=ref,backend=ref,matvec=reference,operation=gf_sqr,clock=pmu,sample=4,inner=64,items=1,raw_cycles=36355
BENCH_SAMPLE,param=256f,config=ref,backend=ref,matvec=reference,operation=gf_sqr,clock=pmu,sample=5,inner=64,items=1,raw_cycles=36355
BENCH_SAMPLE,param=256f,config=ref,backend=ref,matvec=reference,operation=gf_sqr,clock=pmu,sample=6,inner=64,items=1,raw_cycles=36355
BENCH_SAMPLE,param=256f,config=ref,backend=ref,matvec=reference,operation=gf_sqr,clock=pmu,sample=7,inner=64,items=1,raw_cycles=36355
BENCH_SAMPLE,param=256f,config=ref,backend=ref,matvec=reference,operation=gf_sqr,clock=pmu,sample=8,inner=64,items=1,raw_cycles=36355
BENCH_SAMPLE,param=256f,config=ref,backend=ref,matvec=reference,operation=gf_sqr,clock=pmu,sample=9,inner=64,items=1,raw_cycles=36355
BENCH_SAMPLE,param=256f,config=ref,backend=ref,matvec=reference,operation=gf_sqr,clock=pmu,sample=10,inner=64,items=1,raw_cycles=36355
BENCH_SAMPLE,param=256f,config=ref,backend=ref,matvec=reference,operation=gf_sqr,clock=pmu,sample=11,inner=64,items=1,raw_cycles=36355
BENCH_SAMPLE,param=256f,config=ref,backend=ref,matvec=reference,operation=gf_sqr,clock=pmu,sample=12,inner=64,items=1,raw_cycles=36355
BENCH_SAMPLE,param=256f,config=ref,backend=ref,matvec=reference,operation=gf_sqr,clock=pmu,sample=13,inner=64,items=1,raw_cycles=36355
BENCH_SAMPLE,param=256f,config=ref,backend=ref,matvec=reference,operation=gf_sqr,clock=pmu,sample=14,inner=64,items=1,raw_cycles=36355
BENCH_SAMPLE,param=256f,config=ref,backend=ref,matvec=reference,operation=gf_sqr,clock=pmu,sample=15,inner=64,items=1,raw_cycles=36355
BENCH_SAMPLE,param=256f,config=ref,backend=ref,matvec=reference,operation=gf_sqr,clock=pmu,sample=16,inner=64,items=1,raw_cycles=36355
BENCH_SAMPLE,param=256f,config=ref,backend=ref,matvec=reference,operation=gf_sqr,clock=pmu,sample=17,inner=64,items=1,raw_cycles=36355
BENCH_SAMPLE,param=256f,config=ref,backend=ref,matvec=reference,operation=gf_sqr,clock=pmu,sample=18,inner=64,items=1,raw_cycles=36355
BENCH_SAMPLE,param=256f,config=ref,backend=ref,matvec=reference,operation=gf_sqr,clock=pmu,sample=19,inner=64,items=1,raw_cycles=36355
BENCH_SAMPLE,param=256f,config=ref,backend=ref,matvec=reference,operation=gf_sqr,clock=pmu,sample=20,inner=64,items=1,raw_cycles=36355
BENCH_SAMPLE,param=256f,config=ref,backend=ref,matvec=reference,operation=gf_sqr,clock=pmu,sample=21,inner=64,items=1,raw_cycles=36355
BENCH_SAMPLE,param=256f,config=ref,backend=ref,matvec=reference,operation=gf_sqr,clock=pmu,sample=22,inner=64,items=1,raw_cycles=36355
BENCH_SAMPLE,param=256f,config=ref,backend=ref,matvec=reference,operation=gf_sqr,clock=pmu,sample=23,inner=64,items=1,raw_cycles=36355
BENCH_SAMPLE,param=256f,config=ref,backend=ref,matvec=reference,operation=gf_sqr,clock=pmu,sample=24,inner=64,items=1,raw_cycles=36355
BENCH_SAMPLE,param=256f,config=ref,backend=ref,matvec=reference,operation=gf_sqr,clock=pmu,sample=25,inner=64,items=1,raw_cycles=36355
BENCH_SAMPLE,param=256f,config=ref,backend=ref,matvec=reference,operation=gf_sqr,clock=pmu,sample=26,inner=64,items=1,raw_cycles=36355
BENCH_SAMPLE,param=256f,config=ref,backend=ref,matvec=reference,operation=gf_sqr,clock=pmu,sample=27,inner=64,items=1,raw_cycles=36355
BENCH_SAMPLE,param=256f,config=ref,backend=ref,matvec=reference,operation=gf_sqr,clock=pmu,sample=28,inner=64,items=1,raw_cycles=36355
BENCH_SAMPLE,param=256f,config=ref,backend=ref,matvec=reference,operation=gf_sqr,clock=pmu,sample=29,inner=64,items=1,raw_cycles=36355
BENCH_SAMPLE,param=256f,config=ref,backend=ref,matvec=reference,operation=gf_sqr,clock=pmu,sample=30,inner=64,items=1,raw_cycles=36355
BENCH_RESULT,param=256f,config=ref,backend=ref,matvec=reference,operation=gf_sqr,clock=pmu,samples=31,inner=64,items=1,min=568.05,median=568.05,mean=568.87,stddev=4.53,max=593.69,cycles_per_item_mean=568.87
BENCH_SAMPLE,param=256f,config=ref,backend=ref,matvec=reference,operation=gf_sqr_batch4,clock=pmu,sample=0,inner=64,items=4,raw_cycles=152323
BENCH_SAMPLE,param=256f,config=ref,backend=ref,matvec=reference,operation=gf_sqr_batch4,clock=pmu,sample=1,inner=64,items=4,raw_cycles=152029
BENCH_SAMPLE,param=256f,config=ref,backend=ref,matvec=reference,operation=gf_sqr_batch4,clock=pmu,sample=2,inner=64,items=4,raw_cycles=152001
BENCH_SAMPLE,param=256f,config=ref,backend=ref,matvec=reference,operation=gf_sqr_batch4,clock=pmu,sample=3,inner=64,items=4,raw_cycles=151875
BENCH_SAMPLE,param=256f,config=ref,backend=ref,matvec=reference,operation=gf_sqr_batch4,clock=pmu,sample=4,inner=64,items=4,raw_cycles=151875
BENCH_SAMPLE,param=256f,config=ref,backend=ref,matvec=reference,operation=gf_sqr_batch4,clock=pmu,sample=5,inner=64,items=4,raw_cycles=151875
BENCH_SAMPLE,param=256f,config=ref,backend=ref,matvec=reference,operation=gf_sqr_batch4,clock=pmu,sample=6,inner=64,items=4,raw_cycles=151875
BENCH_SAMPLE,param=256f,config=ref,backend=ref,matvec=reference,operation=gf_sqr_batch4,clock=pmu,sample=7,inner=64,items=4,raw_cycles=151875
BENCH_SAMPLE,param=256f,config=ref,backend=ref,matvec=reference,operation=gf_sqr_batch4,clock=pmu,sample=8,inner=64,items=4,raw_cycles=151875
BENCH_SAMPLE,param=256f,config=ref,backend=ref,matvec=reference,operation=gf_sqr_batch4,clock=pmu,sample=9,inner=64,items=4,raw_cycles=151875
BENCH_SAMPLE,param=256f,config=ref,backend=ref,matvec=reference,operation=gf_sqr_batch4,clock=pmu,sample=10,inner=64,items=4,raw_cycles=151875
BENCH_SAMPLE,param=256f,config=ref,backend=ref,matvec=reference,operation=gf_sqr_batch4,clock=pmu,sample=11,inner=64,items=4,raw_cycles=151875
BENCH_SAMPLE,param=256f,config=ref,backend=ref,matvec=reference,operation=gf_sqr_batch4,clock=pmu,sample=12,inner=64,items=4,raw_cycles=151875
BENCH_SAMPLE,param=256f,config=ref,backend=ref,matvec=reference,operation=gf_sqr_batch4,clock=pmu,sample=13,inner=64,items=4,raw_cycles=151875
BENCH_SAMPLE,param=256f,config=ref,backend=ref,matvec=reference,operation=gf_sqr_batch4,clock=pmu,sample=14,inner=64,items=4,raw_cycles=151875
BENCH_SAMPLE,param=256f,config=ref,backend=ref,matvec=reference,operation=gf_sqr_batch4,clock=pmu,sample=15,inner=64,items=4,raw_cycles=151941
BENCH_SAMPLE,param=256f,config=ref,backend=ref,matvec=reference,operation=gf_sqr_batch4,clock=pmu,sample=16,inner=64,items=4,raw_cycles=151875
BENCH_SAMPLE,param=256f,config=ref,backend=ref,matvec=reference,operation=gf_sqr_batch4,clock=pmu,sample=17,inner=64,items=4,raw_cycles=151875
BENCH_SAMPLE,param=256f,config=ref,backend=ref,matvec=reference,operation=gf_sqr_batch4,clock=pmu,sample=18,inner=64,items=4,raw_cycles=151875
BENCH_SAMPLE,param=256f,config=ref,backend=ref,matvec=reference,operation=gf_sqr_batch4,clock=pmu,sample=19,inner=64,items=4,raw_cycles=151875
BENCH_SAMPLE,param=256f,config=ref,backend=ref,matvec=reference,operation=gf_sqr_batch4,clock=pmu,sample=20,inner=64,items=4,raw_cycles=151875
BENCH_SAMPLE,param=256f,config=ref,backend=ref,matvec=reference,operation=gf_sqr_batch4,clock=pmu,sample=21,inner=64,items=4,raw_cycles=151875
BENCH_SAMPLE,param=256f,config=ref,backend=ref,matvec=reference,operation=gf_sqr_batch4,clock=pmu,sample=22,inner=64,items=4,raw_cycles=151875
BENCH_SAMPLE,param=256f,config=ref,backend=ref,matvec=reference,operation=gf_sqr_batch4,clock=pmu,sample=23,inner=64,items=4,raw_cycles=151875
BENCH_SAMPLE,param=256f,config=ref,backend=ref,matvec=reference,operation=gf_sqr_batch4,clock=pmu,sample=24,inner=64,items=4,raw_cycles=151875
BENCH_SAMPLE,param=256f,config=ref,backend=ref,matvec=reference,operation=gf_sqr_batch4,clock=pmu,sample=25,inner=64,items=4,raw_cycles=151875
BENCH_SAMPLE,param=256f,config=ref,backend=ref,matvec=reference,operation=gf_sqr_batch4,clock=pmu,sample=26,inner=64,items=4,raw_cycles=151875
BENCH_SAMPLE,param=256f,config=ref,backend=ref,matvec=reference,operation=gf_sqr_batch4,clock=pmu,sample=27,inner=64,items=4,raw_cycles=151875
BENCH_SAMPLE,param=256f,config=ref,backend=ref,matvec=reference,operation=gf_sqr_batch4,clock=pmu,sample=28,inner=64,items=4,raw_cycles=151875
BENCH_SAMPLE,param=256f,config=ref,backend=ref,matvec=reference,operation=gf_sqr_batch4,clock=pmu,sample=29,inner=64,items=4,raw_cycles=151875
BENCH_SAMPLE,param=256f,config=ref,backend=ref,matvec=reference,operation=gf_sqr_batch4,clock=pmu,sample=30,inner=64,items=4,raw_cycles=151875
BENCH_RESULT,param=256f,config=ref,backend=ref,matvec=reference,operation=gf_sqr_batch4,clock=pmu,samples=31,inner=64,items=4,min=2373.05,median=2373.05,mean=2373.45,stddev=1.33,max=2380.05,cycles_per_item_mean=593.36
BENCH_SAMPLE,param=256f,config=ref,backend=ref,matvec=reference,operation=gf_mul_const_batch4,clock=pmu,sample=0,inner=64,items=4,raw_cycles=3640734
BENCH_SAMPLE,param=256f,config=ref,backend=ref,matvec=reference,operation=gf_mul_const_batch4,clock=pmu,sample=1,inner=64,items=4,raw_cycles=3639106
BENCH_SAMPLE,param=256f,config=ref,backend=ref,matvec=reference,operation=gf_mul_const_batch4,clock=pmu,sample=2,inner=64,items=4,raw_cycles=3639076
BENCH_SAMPLE,param=256f,config=ref,backend=ref,matvec=reference,operation=gf_mul_const_batch4,clock=pmu,sample=3,inner=64,items=4,raw_cycles=3639205
BENCH_SAMPLE,param=256f,config=ref,backend=ref,matvec=reference,operation=gf_mul_const_batch4,clock=pmu,sample=4,inner=64,items=4,raw_cycles=3639070
BENCH_SAMPLE,param=256f,config=ref,backend=ref,matvec=reference,operation=gf_mul_const_batch4,clock=pmu,sample=5,inner=64,items=4,raw_cycles=3639067
BENCH_SAMPLE,param=256f,config=ref,backend=ref,matvec=reference,operation=gf_mul_const_batch4,clock=pmu,sample=6,inner=64,items=4,raw_cycles=3639072
BENCH_SAMPLE,param=256f,config=ref,backend=ref,matvec=reference,operation=gf_mul_const_batch4,clock=pmu,sample=7,inner=64,items=4,raw_cycles=3639076
BENCH_SAMPLE,param=256f,config=ref,backend=ref,matvec=reference,operation=gf_mul_const_batch4,clock=pmu,sample=8,inner=64,items=4,raw_cycles=3639106
BENCH_SAMPLE,param=256f,config=ref,backend=ref,matvec=reference,operation=gf_mul_const_batch4,clock=pmu,sample=9,inner=64,items=4,raw_cycles=3639069
BENCH_SAMPLE,param=256f,config=ref,backend=ref,matvec=reference,operation=gf_mul_const_batch4,clock=pmu,sample=10,inner=64,items=4,raw_cycles=3639067
BENCH_SAMPLE,param=256f,config=ref,backend=ref,matvec=reference,operation=gf_mul_const_batch4,clock=pmu,sample=11,inner=64,items=4,raw_cycles=3639068
BENCH_SAMPLE,param=256f,config=ref,backend=ref,matvec=reference,operation=gf_mul_const_batch4,clock=pmu,sample=12,inner=64,items=4,raw_cycles=3639068
BENCH_SAMPLE,param=256f,config=ref,backend=ref,matvec=reference,operation=gf_mul_const_batch4,clock=pmu,sample=13,inner=64,items=4,raw_cycles=3639090
BENCH_SAMPLE,param=256f,config=ref,backend=ref,matvec=reference,operation=gf_mul_const_batch4,clock=pmu,sample=14,inner=64,items=4,raw_cycles=3639069
BENCH_SAMPLE,param=256f,config=ref,backend=ref,matvec=reference,operation=gf_mul_const_batch4,clock=pmu,sample=15,inner=64,items=4,raw_cycles=3639067
BENCH_SAMPLE,param=256f,config=ref,backend=ref,matvec=reference,operation=gf_mul_const_batch4,clock=pmu,sample=16,inner=64,items=4,raw_cycles=3639068
BENCH_SAMPLE,param=256f,config=ref,backend=ref,matvec=reference,operation=gf_mul_const_batch4,clock=pmu,sample=17,inner=64,items=4,raw_cycles=3639099
BENCH_SAMPLE,param=256f,config=ref,backend=ref,matvec=reference,operation=gf_mul_const_batch4,clock=pmu,sample=18,inner=64,items=4,raw_cycles=3639076
BENCH_SAMPLE,param=256f,config=ref,backend=ref,matvec=reference,operation=gf_mul_const_batch4,clock=pmu,sample=19,inner=64,items=4,raw_cycles=3639068
BENCH_SAMPLE,param=256f,config=ref,backend=ref,matvec=reference,operation=gf_mul_const_batch4,clock=pmu,sample=20,inner=64,items=4,raw_cycles=3639068
BENCH_SAMPLE,param=256f,config=ref,backend=ref,matvec=reference,operation=gf_mul_const_batch4,clock=pmu,sample=21,inner=64,items=4,raw_cycles=3639062
BENCH_SAMPLE,param=256f,config=ref,backend=ref,matvec=reference,operation=gf_mul_const_batch4,clock=pmu,sample=22,inner=64,items=4,raw_cycles=3639098
BENCH_SAMPLE,param=256f,config=ref,backend=ref,matvec=reference,operation=gf_mul_const_batch4,clock=pmu,sample=23,inner=64,items=4,raw_cycles=3639067
BENCH_SAMPLE,param=256f,config=ref,backend=ref,matvec=reference,operation=gf_mul_const_batch4,clock=pmu,sample=24,inner=64,items=4,raw_cycles=3639068
BENCH_SAMPLE,param=256f,config=ref,backend=ref,matvec=reference,operation=gf_mul_const_batch4,clock=pmu,sample=25,inner=64,items=4,raw_cycles=3639068
BENCH_SAMPLE,param=256f,config=ref,backend=ref,matvec=reference,operation=gf_mul_const_batch4,clock=pmu,sample=26,inner=64,items=4,raw_cycles=3639090
BENCH_SAMPLE,param=256f,config=ref,backend=ref,matvec=reference,operation=gf_mul_const_batch4,clock=pmu,sample=27,inner=64,items=4,raw_cycles=3639069
BENCH_SAMPLE,param=256f,config=ref,backend=ref,matvec=reference,operation=gf_mul_const_batch4,clock=pmu,sample=28,inner=64,items=4,raw_cycles=3639067
BENCH_SAMPLE,param=256f,config=ref,backend=ref,matvec=reference,operation=gf_mul_const_batch4,clock=pmu,sample=29,inner=64,items=4,raw_cycles=3639068
BENCH_SAMPLE,param=256f,config=ref,backend=ref,matvec=reference,operation=gf_mul_const_batch4,clock=pmu,sample=30,inner=64,items=4,raw_cycles=3639068
BENCH_RESULT,param=256f,config=ref,backend=ref,matvec=reference,operation=gf_mul_const_batch4,clock=pmu,samples=31,inner=64,items=4,min=56860.34,median=56860.45,mean=56861.45,stddev=4.59,max=56886.47,cycles_per_item_mean=14215.36
BENCH_SAMPLE,param=256f,config=ref,backend=ref,matvec=reference,operation=keypair,clock=systick-extended,sample=0,inner=1,items=1,raw_cycles=44622805
BENCH_SAMPLE,param=256f,config=ref,backend=ref,matvec=reference,operation=keypair,clock=systick-extended,sample=1,inner=1,items=1,raw_cycles=44609863
BENCH_SAMPLE,param=256f,config=ref,backend=ref,matvec=reference,operation=keypair,clock=systick-extended,sample=2,inner=1,items=1,raw_cycles=44605544
BENCH_SAMPLE,param=256f,config=ref,backend=ref,matvec=reference,operation=keypair,clock=systick-extended,sample=3,inner=1,items=1,raw_cycles=44607994
BENCH_SAMPLE,param=256f,config=ref,backend=ref,matvec=reference,operation=keypair,clock=systick-extended,sample=4,inner=1,items=1,raw_cycles=44636283
BENCH_SAMPLE,param=256f,config=ref,backend=ref,matvec=reference,operation=keypair,clock=systick-extended,sample=5,inner=1,items=1,raw_cycles=44618987
BENCH_SAMPLE,param=256f,config=ref,backend=ref,matvec=reference,operation=keypair,clock=systick-extended,sample=6,inner=1,items=1,raw_cycles=44611140
BENCH_SAMPLE,param=256f,config=ref,backend=ref,matvec=reference,operation=keypair,clock=systick-extended,sample=7,inner=1,items=1,raw_cycles=44636694
BENCH_SAMPLE,param=256f,config=ref,backend=ref,matvec=reference,operation=keypair,clock=systick-extended,sample=8,inner=1,items=1,raw_cycles=44614809
BENCH_SAMPLE,param=256f,config=ref,backend=ref,matvec=reference,operation=keypair,clock=systick-extended,sample=9,inner=1,items=1,raw_cycles=44620659
BENCH_SAMPLE,param=256f,config=ref,backend=ref,matvec=reference,operation=keypair,clock=systick-extended,sample=10,inner=1,items=1,raw_cycles=44616085
BENCH_SAMPLE,param=256f,config=ref,backend=ref,matvec=reference,operation=keypair,clock=systick-extended,sample=11,inner=1,items=1,raw_cycles=44614203
BENCH_SAMPLE,param=256f,config=ref,backend=ref,matvec=reference,operation=keypair,clock=systick-extended,sample=12,inner=1,items=1,raw_cycles=44621149
BENCH_SAMPLE,param=256f,config=ref,backend=ref,matvec=reference,operation=keypair,clock=systick-extended,sample=13,inner=1,items=1,raw_cycles=44623443
BENCH_SAMPLE,param=256f,config=ref,backend=ref,matvec=reference,operation=keypair,clock=systick-extended,sample=14,inner=1,items=1,raw_cycles=44597577
BENCH_SAMPLE,param=256f,config=ref,backend=ref,matvec=reference,operation=keypair,clock=systick-extended,sample=15,inner=1,items=1,raw_cycles=44606787
BENCH_SAMPLE,param=256f,config=ref,backend=ref,matvec=reference,operation=keypair,clock=systick-extended,sample=16,inner=1,items=1,raw_cycles=44634125
BENCH_SAMPLE,param=256f,config=ref,backend=ref,matvec=reference,operation=keypair,clock=systick-extended,sample=17,inner=1,items=1,raw_cycles=44634394
BENCH_SAMPLE,param=256f,config=ref,backend=ref,matvec=reference,operation=keypair,clock=systick-extended,sample=18,inner=1,items=1,raw_cycles=44634007
BENCH_SAMPLE,param=256f,config=ref,backend=ref,matvec=reference,operation=keypair,clock=systick-extended,sample=19,inner=1,items=1,raw_cycles=44607772
BENCH_SAMPLE,param=256f,config=ref,backend=ref,matvec=reference,operation=keypair,clock=systick-extended,sample=20,inner=1,items=1,raw_cycles=44640364
BENCH_SAMPLE,param=256f,config=ref,backend=ref,matvec=reference,operation=keypair,clock=systick-extended,sample=21,inner=1,items=1,raw_cycles=44634691
BENCH_SAMPLE,param=256f,config=ref,backend=ref,matvec=reference,operation=keypair,clock=systick-extended,sample=22,inner=1,items=1,raw_cycles=44610796
BENCH_SAMPLE,param=256f,config=ref,backend=ref,matvec=reference,operation=keypair,clock=systick-extended,sample=23,inner=1,items=1,raw_cycles=44610884
BENCH_SAMPLE,param=256f,config=ref,backend=ref,matvec=reference,operation=keypair,clock=systick-extended,sample=24,inner=1,items=1,raw_cycles=44611946
BENCH_SAMPLE,param=256f,config=ref,backend=ref,matvec=reference,operation=keypair,clock=systick-extended,sample=25,inner=1,items=1,raw_cycles=44608026
BENCH_SAMPLE,param=256f,config=ref,backend=ref,matvec=reference,operation=keypair,clock=systick-extended,sample=26,inner=1,items=1,raw_cycles=44619581
BENCH_SAMPLE,param=256f,config=ref,backend=ref,matvec=reference,operation=keypair,clock=systick-extended,sample=27,inner=1,items=1,raw_cycles=44618139
BENCH_SAMPLE,param=256f,config=ref,backend=ref,matvec=reference,operation=keypair,clock=systick-extended,sample=28,inner=1,items=1,raw_cycles=44617983
BENCH_SAMPLE,param=256f,config=ref,backend=ref,matvec=reference,operation=keypair,clock=systick-extended,sample=29,inner=1,items=1,raw_cycles=44606637
BENCH_SAMPLE,param=256f,config=ref,backend=ref,matvec=reference,operation=keypair,clock=systick-extended,sample=30,inner=1,items=1,raw_cycles=44616950
BENCH_SAMPLE,param=256f,config=ref,backend=ref,matvec=reference,operation=keypair,clock=systick-extended,sample=31,inner=1,items=1,raw_cycles=44606928
BENCH_SAMPLE,param=256f,config=ref,backend=ref,matvec=reference,operation=keypair,clock=systick-extended,sample=32,inner=1,items=1,raw_cycles=44604440
BENCH_SAMPLE,param=256f,config=ref,backend=ref,matvec=reference,operation=keypair,clock=systick-extended,sample=33,inner=1,items=1,raw_cycles=44601084
BENCH_SAMPLE,param=256f,config=ref,backend=ref,matvec=reference,operation=keypair,clock=systick-extended,sample=34,inner=1,items=1,raw_cycles=44615148
BENCH_SAMPLE,param=256f,config=ref,backend=ref,matvec=reference,operation=keypair,clock=systick-extended,sample=35,inner=1,items=1,raw_cycles=44618091
BENCH_SAMPLE,param=256f,config=ref,backend=ref,matvec=reference,operation=keypair,clock=systick-extended,sample=36,inner=1,items=1,raw_cycles=44606514
BENCH_SAMPLE,param=256f,config=ref,backend=ref,matvec=reference,operation=keypair,clock=systick-extended,sample=37,inner=1,items=1,raw_cycles=44631654
BENCH_SAMPLE,param=256f,config=ref,backend=ref,matvec=reference,operation=keypair,clock=systick-extended,sample=38,inner=1,items=1,raw_cycles=44598639
BENCH_SAMPLE,param=256f,config=ref,backend=ref,matvec=reference,operation=keypair,clock=systick-extended,sample=39,inner=1,items=1,raw_cycles=44615954
BENCH_SAMPLE,param=256f,config=ref,backend=ref,matvec=reference,operation=keypair,clock=systick-extended,sample=40,inner=1,items=1,raw_cycles=44616646
BENCH_SAMPLE,param=256f,config=ref,backend=ref,matvec=reference,operation=keypair,clock=systick-extended,sample=41,inner=1,items=1,raw_cycles=44620788
BENCH_SAMPLE,param=256f,config=ref,backend=ref,matvec=reference,operation=keypair,clock=systick-extended,sample=42,inner=1,items=1,raw_cycles=44616495
BENCH_SAMPLE,param=256f,config=ref,backend=ref,matvec=reference,operation=keypair,clock=systick-extended,sample=43,inner=1,items=1,raw_cycles=44605305
BENCH_SAMPLE,param=256f,config=ref,backend=ref,matvec=reference,operation=keypair,clock=systick-extended,sample=44,inner=1,items=1,raw_cycles=44618685
BENCH_SAMPLE,param=256f,config=ref,backend=ref,matvec=reference,operation=keypair,clock=systick-extended,sample=45,inner=1,items=1,raw_cycles=44622603
BENCH_SAMPLE,param=256f,config=ref,backend=ref,matvec=reference,operation=keypair,clock=systick-extended,sample=46,inner=1,items=1,raw_cycles=44603469
BENCH_SAMPLE,param=256f,config=ref,backend=ref,matvec=reference,operation=keypair,clock=systick-extended,sample=47,inner=1,items=1,raw_cycles=44633158
BENCH_SAMPLE,param=256f,config=ref,backend=ref,matvec=reference,operation=keypair,clock=systick-extended,sample=48,inner=1,items=1,raw_cycles=44618526
BENCH_SAMPLE,param=256f,config=ref,backend=ref,matvec=reference,operation=keypair,clock=systick-extended,sample=49,inner=1,items=1,raw_cycles=44623027
BENCH_RESULT,param=256f,config=ref,backend=ref,matvec=reference,operation=keypair,clock=systick-extended,samples=50,inner=1,items=1,min=44597577.00,median=44616570.50,mean=44616949.42,stddev=10618.78,max=44640364.00,cycles_per_item_mean=44616949.42
BENCH_SAMPLE,param=256f,config=ref,backend=ref,matvec=reference,operation=sign,clock=systick-extended,sample=0,inner=1,items=1,raw_cycles=919603335
BENCH_SAMPLE,param=256f,config=ref,backend=ref,matvec=reference,operation=sign,clock=systick-extended,sample=1,inner=1,items=1,raw_cycles=922157342
BENCH_SAMPLE,param=256f,config=ref,backend=ref,matvec=reference,operation=sign,clock=systick-extended,sample=2,inner=1,items=1,raw_cycles=918830620
BENCH_SAMPLE,param=256f,config=ref,backend=ref,matvec=reference,operation=sign,clock=systick-extended,sample=3,inner=1,items=1,raw_cycles=923700698
BENCH_SAMPLE,param=256f,config=ref,backend=ref,matvec=reference,operation=sign,clock=systick-extended,sample=4,inner=1,items=1,raw_cycles=925855206
BENCH_SAMPLE,param=256f,config=ref,backend=ref,matvec=reference,operation=sign,clock=systick-extended,sample=5,inner=1,items=1,raw_cycles=919771001
BENCH_SAMPLE,param=256f,config=ref,backend=ref,matvec=reference,operation=sign,clock=systick-extended,sample=6,inner=1,items=1,raw_cycles=916062083
BENCH_SAMPLE,param=256f,config=ref,backend=ref,matvec=reference,operation=sign,clock=systick-extended,sample=7,inner=1,items=1,raw_cycles=925277958
BENCH_SAMPLE,param=256f,config=ref,backend=ref,matvec=reference,operation=sign,clock=systick-extended,sample=8,inner=1,items=1,raw_cycles=914555652
BENCH_SAMPLE,param=256f,config=ref,backend=ref,matvec=reference,operation=sign,clock=systick-extended,sample=9,inner=1,items=1,raw_cycles=930611918
BENCH_SAMPLE,param=256f,config=ref,backend=ref,matvec=reference,operation=sign,clock=systick-extended,sample=10,inner=1,items=1,raw_cycles=911151699
BENCH_SAMPLE,param=256f,config=ref,backend=ref,matvec=reference,operation=sign,clock=systick-extended,sample=11,inner=1,items=1,raw_cycles=918421576
BENCH_SAMPLE,param=256f,config=ref,backend=ref,matvec=reference,operation=sign,clock=systick-extended,sample=12,inner=1,items=1,raw_cycles=913344439
BENCH_SAMPLE,param=256f,config=ref,backend=ref,matvec=reference,operation=sign,clock=systick-extended,sample=13,inner=1,items=1,raw_cycles=911724562
BENCH_SAMPLE,param=256f,config=ref,backend=ref,matvec=reference,operation=sign,clock=systick-extended,sample=14,inner=1,items=1,raw_cycles=906240723
BENCH_SAMPLE,param=256f,config=ref,backend=ref,matvec=reference,operation=sign,clock=systick-extended,sample=15,inner=1,items=1,raw_cycles=928251885
BENCH_SAMPLE,param=256f,config=ref,backend=ref,matvec=reference,operation=sign,clock=systick-extended,sample=16,inner=1,items=1,raw_cycles=922284128
BENCH_SAMPLE,param=256f,config=ref,backend=ref,matvec=reference,operation=sign,clock=systick-extended,sample=17,inner=1,items=1,raw_cycles=924686720
BENCH_SAMPLE,param=256f,config=ref,backend=ref,matvec=reference,operation=sign,clock=systick-extended,sample=18,inner=1,items=1,raw_cycles=916872724
BENCH_SAMPLE,param=256f,config=ref,backend=ref,matvec=reference,operation=sign,clock=systick-extended,sample=19,inner=1,items=1,raw_cycles=917468906
BENCH_SAMPLE,param=256f,config=ref,backend=ref,matvec=reference,operation=sign,clock=systick-extended,sample=20,inner=1,items=1,raw_cycles=907394318
BENCH_SAMPLE,param=256f,config=ref,backend=ref,matvec=reference,operation=sign,clock=systick-extended,sample=21,inner=1,items=1,raw_cycles=937674912
BENCH_SAMPLE,param=256f,config=ref,backend=ref,matvec=reference,operation=sign,clock=systick-extended,sample=22,inner=1,items=1,raw_cycles=921913046
BENCH_SAMPLE,param=256f,config=ref,backend=ref,matvec=reference,operation=sign,clock=systick-extended,sample=23,inner=1,items=1,raw_cycles=917203197
BENCH_SAMPLE,param=256f,config=ref,backend=ref,matvec=reference,operation=sign,clock=systick-extended,sample=24,inner=1,items=1,raw_cycles=919391391
BENCH_SAMPLE,param=256f,config=ref,backend=ref,matvec=reference,operation=sign,clock=systick-extended,sample=25,inner=1,items=1,raw_cycles=920147046
BENCH_SAMPLE,param=256f,config=ref,backend=ref,matvec=reference,operation=sign,clock=systick-extended,sample=26,inner=1,items=1,raw_cycles=929298756
BENCH_SAMPLE,param=256f,config=ref,backend=ref,matvec=reference,operation=sign,clock=systick-extended,sample=27,inner=1,items=1,raw_cycles=924405556
BENCH_SAMPLE,param=256f,config=ref,backend=ref,matvec=reference,operation=sign,clock=systick-extended,sample=28,inner=1,items=1,raw_cycles=911568603
BENCH_SAMPLE,param=256f,config=ref,backend=ref,matvec=reference,operation=sign,clock=systick-extended,sample=29,inner=1,items=1,raw_cycles=906177143
BENCH_SAMPLE,param=256f,config=ref,backend=ref,matvec=reference,operation=sign,clock=systick-extended,sample=30,inner=1,items=1,raw_cycles=922569255
BENCH_SAMPLE,param=256f,config=ref,backend=ref,matvec=reference,operation=sign,clock=systick-extended,sample=31,inner=1,items=1,raw_cycles=922424927
BENCH_SAMPLE,param=256f,config=ref,backend=ref,matvec=reference,operation=sign,clock=systick-extended,sample=32,inner=1,items=1,raw_cycles=926344081
BENCH_SAMPLE,param=256f,config=ref,backend=ref,matvec=reference,operation=sign,clock=systick-extended,sample=33,inner=1,items=1,raw_cycles=918418115
BENCH_SAMPLE,param=256f,config=ref,backend=ref,matvec=reference,operation=sign,clock=systick-extended,sample=34,inner=1,items=1,raw_cycles=930594737
BENCH_SAMPLE,param=256f,config=ref,backend=ref,matvec=reference,operation=sign,clock=systick-extended,sample=35,inner=1,items=1,raw_cycles=924769211
BENCH_SAMPLE,param=256f,config=ref,backend=ref,matvec=reference,operation=sign,clock=systick-extended,sample=36,inner=1,items=1,raw_cycles=920231850
BENCH_SAMPLE,param=256f,config=ref,backend=ref,matvec=reference,operation=sign,clock=systick-extended,sample=37,inner=1,items=1,raw_cycles=919187023
BENCH_SAMPLE,param=256f,config=ref,backend=ref,matvec=reference,operation=sign,clock=systick-extended,sample=38,inner=1,items=1,raw_cycles=915718980
BENCH_SAMPLE,param=256f,config=ref,backend=ref,matvec=reference,operation=sign,clock=systick-extended,sample=39,inner=1,items=1,raw_cycles=925502934
BENCH_SAMPLE,param=256f,config=ref,backend=ref,matvec=reference,operation=sign,clock=systick-extended,sample=40,inner=1,items=1,raw_cycles=923487959
BENCH_SAMPLE,param=256f,config=ref,backend=ref,matvec=reference,operation=sign,clock=systick-extended,sample=41,inner=1,items=1,raw_cycles=924966050
BENCH_SAMPLE,param=256f,config=ref,backend=ref,matvec=reference,operation=sign,clock=systick-extended,sample=42,inner=1,items=1,raw_cycles=894355043
BENCH_SAMPLE,param=256f,config=ref,backend=ref,matvec=reference,operation=sign,clock=systick-extended,sample=43,inner=1,items=1,raw_cycles=925703057
BENCH_SAMPLE,param=256f,config=ref,backend=ref,matvec=reference,operation=sign,clock=systick-extended,sample=44,inner=1,items=1,raw_cycles=926311065
BENCH_SAMPLE,param=256f,config=ref,backend=ref,matvec=reference,operation=sign,clock=systick-extended,sample=45,inner=1,items=1,raw_cycles=918750069
BENCH_SAMPLE,param=256f,config=ref,backend=ref,matvec=reference,operation=sign,clock=systick-extended,sample=46,inner=1,items=1,raw_cycles=919038141
BENCH_SAMPLE,param=256f,config=ref,backend=ref,matvec=reference,operation=sign,clock=systick-extended,sample=47,inner=1,items=1,raw_cycles=917630768
BENCH_SAMPLE,param=256f,config=ref,backend=ref,matvec=reference,operation=sign,clock=systick-extended,sample=48,inner=1,items=1,raw_cycles=913871564
BENCH_SAMPLE,param=256f,config=ref,backend=ref,matvec=reference,operation=sign,clock=systick-extended,sample=49,inner=1,items=1,raw_cycles=922214522
BENCH_RESULT,param=256f,config=ref,backend=ref,matvec=reference,operation=sign,clock=systick-extended,samples=50,inner=1,items=1,min=894355043.00,median=919959023.50,mean=919882729.88,stddev=7268639.57,max=937674912.00,cycles_per_item_mean=919882729.88
BENCH_SAMPLE,param=256f,config=ref,backend=ref,matvec=reference,operation=verify,clock=systick-extended,sample=0,inner=1,items=1,raw_cycles=551362494
BENCH_SAMPLE,param=256f,config=ref,backend=ref,matvec=reference,operation=verify,clock=systick-extended,sample=1,inner=1,items=1,raw_cycles=541104017
BENCH_SAMPLE,param=256f,config=ref,backend=ref,matvec=reference,operation=verify,clock=systick-extended,sample=2,inner=1,items=1,raw_cycles=555596399
BENCH_SAMPLE,param=256f,config=ref,backend=ref,matvec=reference,operation=verify,clock=systick-extended,sample=3,inner=1,items=1,raw_cycles=547777301
BENCH_SAMPLE,param=256f,config=ref,backend=ref,matvec=reference,operation=verify,clock=systick-extended,sample=4,inner=1,items=1,raw_cycles=551730326
BENCH_SAMPLE,param=256f,config=ref,backend=ref,matvec=reference,operation=verify,clock=systick-extended,sample=5,inner=1,items=1,raw_cycles=550476611
BENCH_SAMPLE,param=256f,config=ref,backend=ref,matvec=reference,operation=verify,clock=systick-extended,sample=6,inner=1,items=1,raw_cycles=546186713
BENCH_SAMPLE,param=256f,config=ref,backend=ref,matvec=reference,operation=verify,clock=systick-extended,sample=7,inner=1,items=1,raw_cycles=543915438
BENCH_SAMPLE,param=256f,config=ref,backend=ref,matvec=reference,operation=verify,clock=systick-extended,sample=8,inner=1,items=1,raw_cycles=552381801
BENCH_SAMPLE,param=256f,config=ref,backend=ref,matvec=reference,operation=verify,clock=systick-extended,sample=9,inner=1,items=1,raw_cycles=547302554
BENCH_SAMPLE,param=256f,config=ref,backend=ref,matvec=reference,operation=verify,clock=systick-extended,sample=10,inner=1,items=1,raw_cycles=538398552
BENCH_SAMPLE,param=256f,config=ref,backend=ref,matvec=reference,operation=verify,clock=systick-extended,sample=11,inner=1,items=1,raw_cycles=543147704
BENCH_SAMPLE,param=256f,config=ref,backend=ref,matvec=reference,operation=verify,clock=systick-extended,sample=12,inner=1,items=1,raw_cycles=553156136
BENCH_SAMPLE,param=256f,config=ref,backend=ref,matvec=reference,operation=verify,clock=systick-extended,sample=13,inner=1,items=1,raw_cycles=550225823
BENCH_SAMPLE,param=256f,config=ref,backend=ref,matvec=reference,operation=verify,clock=systick-extended,sample=14,inner=1,items=1,raw_cycles=553793052
BENCH_SAMPLE,param=256f,config=ref,backend=ref,matvec=reference,operation=verify,clock=systick-extended,sample=15,inner=1,items=1,raw_cycles=544004519
BENCH_SAMPLE,param=256f,config=ref,backend=ref,matvec=reference,operation=verify,clock=systick-extended,sample=16,inner=1,items=1,raw_cycles=553028855
BENCH_SAMPLE,param=256f,config=ref,backend=ref,matvec=reference,operation=verify,clock=systick-extended,sample=17,inner=1,items=1,raw_cycles=553304504
BENCH_SAMPLE,param=256f,config=ref,backend=ref,matvec=reference,operation=verify,clock=systick-extended,sample=18,inner=1,items=1,raw_cycles=548795096
BENCH_SAMPLE,param=256f,config=ref,backend=ref,matvec=reference,operation=verify,clock=systick-extended,sample=19,inner=1,items=1,raw_cycles=556378845
BENCH_SAMPLE,param=256f,config=ref,backend=ref,matvec=reference,operation=verify,clock=systick-extended,sample=20,inner=1,items=1,raw_cycles=554071316
BENCH_SAMPLE,param=256f,config=ref,backend=ref,matvec=reference,operation=verify,clock=systick-extended,sample=21,inner=1,items=1,raw_cycles=553332293
BENCH_SAMPLE,param=256f,config=ref,backend=ref,matvec=reference,operation=verify,clock=systick-extended,sample=22,inner=1,items=1,raw_cycles=545886050
BENCH_SAMPLE,param=256f,config=ref,backend=ref,matvec=reference,operation=verify,clock=systick-extended,sample=23,inner=1,items=1,raw_cycles=549420599
BENCH_SAMPLE,param=256f,config=ref,backend=ref,matvec=reference,operation=verify,clock=systick-extended,sample=24,inner=1,items=1,raw_cycles=546755075
BENCH_SAMPLE,param=256f,config=ref,backend=ref,matvec=reference,operation=verify,clock=systick-extended,sample=25,inner=1,items=1,raw_cycles=548040149
BENCH_SAMPLE,param=256f,config=ref,backend=ref,matvec=reference,operation=verify,clock=systick-extended,sample=26,inner=1,items=1,raw_cycles=545831501
BENCH_SAMPLE,param=256f,config=ref,backend=ref,matvec=reference,operation=verify,clock=systick-extended,sample=27,inner=1,items=1,raw_cycles=553973549
BENCH_SAMPLE,param=256f,config=ref,backend=ref,matvec=reference,operation=verify,clock=systick-extended,sample=28,inner=1,items=1,raw_cycles=552946091
BENCH_SAMPLE,param=256f,config=ref,backend=ref,matvec=reference,operation=verify,clock=systick-extended,sample=29,inner=1,items=1,raw_cycles=544812023
BENCH_SAMPLE,param=256f,config=ref,backend=ref,matvec=reference,operation=verify,clock=systick-extended,sample=30,inner=1,items=1,raw_cycles=552962835
BENCH_SAMPLE,param=256f,config=ref,backend=ref,matvec=reference,operation=verify,clock=systick-extended,sample=31,inner=1,items=1,raw_cycles=551069486
BENCH_SAMPLE,param=256f,config=ref,backend=ref,matvec=reference,operation=verify,clock=systick-extended,sample=32,inner=1,items=1,raw_cycles=541341998
BENCH_SAMPLE,param=256f,config=ref,backend=ref,matvec=reference,operation=verify,clock=systick-extended,sample=33,inner=1,items=1,raw_cycles=551625203
BENCH_SAMPLE,param=256f,config=ref,backend=ref,matvec=reference,operation=verify,clock=systick-extended,sample=34,inner=1,items=1,raw_cycles=551029055
BENCH_SAMPLE,param=256f,config=ref,backend=ref,matvec=reference,operation=verify,clock=systick-extended,sample=35,inner=1,items=1,raw_cycles=543842993
BENCH_SAMPLE,param=256f,config=ref,backend=ref,matvec=reference,operation=verify,clock=systick-extended,sample=36,inner=1,items=1,raw_cycles=550795602
BENCH_SAMPLE,param=256f,config=ref,backend=ref,matvec=reference,operation=verify,clock=systick-extended,sample=37,inner=1,items=1,raw_cycles=549718481
BENCH_SAMPLE,param=256f,config=ref,backend=ref,matvec=reference,operation=verify,clock=systick-extended,sample=38,inner=1,items=1,raw_cycles=548637896
BENCH_SAMPLE,param=256f,config=ref,backend=ref,matvec=reference,operation=verify,clock=systick-extended,sample=39,inner=1,items=1,raw_cycles=552440912
BENCH_SAMPLE,param=256f,config=ref,backend=ref,matvec=reference,operation=verify,clock=systick-extended,sample=40,inner=1,items=1,raw_cycles=547331801
BENCH_SAMPLE,param=256f,config=ref,backend=ref,matvec=reference,operation=verify,clock=systick-extended,sample=41,inner=1,items=1,raw_cycles=541326938
BENCH_SAMPLE,param=256f,config=ref,backend=ref,matvec=reference,operation=verify,clock=systick-extended,sample=42,inner=1,items=1,raw_cycles=554571806
BENCH_SAMPLE,param=256f,config=ref,backend=ref,matvec=reference,operation=verify,clock=systick-extended,sample=43,inner=1,items=1,raw_cycles=552089888
BENCH_SAMPLE,param=256f,config=ref,backend=ref,matvec=reference,operation=verify,clock=systick-extended,sample=44,inner=1,items=1,raw_cycles=553276538
BENCH_SAMPLE,param=256f,config=ref,backend=ref,matvec=reference,operation=verify,clock=systick-extended,sample=45,inner=1,items=1,raw_cycles=552242766
BENCH_SAMPLE,param=256f,config=ref,backend=ref,matvec=reference,operation=verify,clock=systick-extended,sample=46,inner=1,items=1,raw_cycles=550534386
BENCH_SAMPLE,param=256f,config=ref,backend=ref,matvec=reference,operation=verify,clock=systick-extended,sample=47,inner=1,items=1,raw_cycles=550194377
BENCH_SAMPLE,param=256f,config=ref,backend=ref,matvec=reference,operation=verify,clock=systick-extended,sample=48,inner=1,items=1,raw_cycles=546977528
BENCH_SAMPLE,param=256f,config=ref,backend=ref,matvec=reference,operation=verify,clock=systick-extended,sample=49,inner=1,items=1,raw_cycles=549085622
BENCH_RESULT,param=256f,config=ref,backend=ref,matvec=reference,operation=verify,clock=systick-extended,samples=50,inner=1,items=1,min=538398552.00,median=550351217.00,mean=549364629.94,stddev=4160987.51,max=556378845.00,cycles_per_item_mean=549364629.94
BENCH_MEMORY,param=256f,config=ref,backend=ref,matvec=reference,static_ram_bytes=34712,stack_reserved_bytes=131072,stack_peak_bytes=25860,heap_capacity_bytes=1835008,heap_peak_bytes=61440
BENCH_PASS,param=256f,config=ref,backend=ref,matvec=reference,checksum=76067d43a53dc852
TEST_EXIT=0
