AFFINE_CONTEXT,result_dir=/Users/seungwon/AIMer3_on_AVX512/AIMer_v3/m55/benchmarks/results/affine-ablation-20260905-131658,source_sha256=2401098821284c320032ca8f57fd0fd1dca293ccde43f9a8af2b8c4e0e6875d8,command=make -B PARAM=128f BACKEND=mve MATVEC=mve TEST=profile MEMORY=full SIGN_SCHEDULE=lowmem STACK_USAGE=1 PROFILE_SAMPLES=31 PROFILE_KERNEL_INNER=64 PROFILE_COMPLEX_INNER=8 run-board 
/Users/seungwon/test/.tools/xpack-arm-none-eabi-gcc-15.2.1-1.1/bin/arm-none-eabi-gcc -DAIMER_MVE_BATCH -DAIMER_M55_MVE_MATVEC -DAIMER_PHASE_PROFILE -DPARAMS=128f -DAIMER_BACKEND=mve -DAIMER_MATVEC=mve -DAIMER_CONFIG=mve_affine -DBENCH_KERNEL_SAMPLES=31 -DBENCH_E2E_SAMPLES=7 -DBENCH_KERNEL_INNER=64 -DBENCH_WARMUP=1 -DPROFILE_SAMPLES=31 -DPROFILE_KERNEL_INNER=64 -DPROFILE_COMPLEX_INNER=8 -DUSE_HAL_DRIVER -DSTM32N657xx -Iinclude -I../src/sig/aimer/reference/aimer-128f -I../src -I/Users/seungwon/STM32CubeN6/Projects/NUCLEO-N657X0-Q/Templates/Template/FSBL/Inc -I/Users/seungwon/STM32CubeN6/Drivers/CMSIS/Include -I/Users/seungwon/STM32CubeN6/Drivers/CMSIS/Device/ST/STM32N6xx/Include -I/Users/seungwon/STM32CubeN6/Drivers/STM32N6xx_HAL_Driver/Inc -I/Users/seungwon/STM32CubeN6/Drivers/STM32N6xx_HAL_Driver/Inc/Legacy -O3 -std=c11 -fno-common -ffunction-sections -fdata-sections -fno-tree-vectorize -fno-tree-slp-vectorize -MMD -MP --specs=nosys.specs -Wall -Wextra -Wshadow -Wconversion -Wstrict-prototypes -mcpu=cortex-m55 -mthumb -mfloat-abi=hard -mcmse -fstack-usage -c benchmarks/profile.c -o build/full/128f/mve-affine/profile/profile.c.o
/Users/seungwon/test/.tools/xpack-arm-none-eabi-gcc-15.2.1-1.1/bin/arm-none-eabi-gcc -DAIMER_MVE_BATCH -DAIMER_M55_MVE_MATVEC -DAIMER_PHASE_PROFILE -DPARAMS=128f -DAIMER_BACKEND=mve -DAIMER_MATVEC=mve -DAIMER_CONFIG=mve_affine -DBENCH_KERNEL_SAMPLES=31 -DBENCH_E2E_SAMPLES=7 -DBENCH_KERNEL_INNER=64 -DBENCH_WARMUP=1 -DPROFILE_SAMPLES=31 -DPROFILE_KERNEL_INNER=64 -DPROFILE_COMPLEX_INNER=8 -DUSE_HAL_DRIVER -DSTM32N657xx -Iinclude -I../src/sig/aimer/reference/aimer-128f -I../src -I/Users/seungwon/STM32CubeN6/Projects/NUCLEO-N657X0-Q/Templates/Template/FSBL/Inc -I/Users/seungwon/STM32CubeN6/Drivers/CMSIS/Include -I/Users/seungwon/STM32CubeN6/Drivers/CMSIS/Device/ST/STM32N6xx/Include -I/Users/seungwon/STM32CubeN6/Drivers/STM32N6xx_HAL_Driver/Inc -I/Users/seungwon/STM32CubeN6/Drivers/STM32N6xx_HAL_Driver/Inc/Legacy -O3 -std=c11 -fno-common -ffunction-sections -fdata-sections -fno-tree-vectorize -fno-tree-slp-vectorize -MMD -MP --specs=nosys.specs -Wall -Wextra -Wshadow -Wconversion -Wstrict-prototypes -mcpu=cortex-m55 -mthumb -mfloat-abi=hard -mcmse -fstack-usage -c src/mve/field_batch.c -o build/full/128f/mve-affine/profile/field_batch.c.o
/Users/seungwon/test/.tools/xpack-arm-none-eabi-gcc-15.2.1-1.1/bin/arm-none-eabi-gcc -DAIMER_MVE_BATCH -DAIMER_M55_MVE_MATVEC -DAIMER_PHASE_PROFILE -DPARAMS=128f -DAIMER_BACKEND=mve -DAIMER_MATVEC=mve -DAIMER_CONFIG=mve_affine -DBENCH_KERNEL_SAMPLES=31 -DBENCH_E2E_SAMPLES=7 -DBENCH_KERNEL_INNER=64 -DBENCH_WARMUP=1 -DPROFILE_SAMPLES=31 -DPROFILE_KERNEL_INNER=64 -DPROFILE_COMPLEX_INNER=8 -DUSE_HAL_DRIVER -DSTM32N657xx -Iinclude -I../src/sig/aimer/reference/aimer-128f -I../src -I/Users/seungwon/STM32CubeN6/Projects/NUCLEO-N657X0-Q/Templates/Template/FSBL/Inc -I/Users/seungwon/STM32CubeN6/Drivers/CMSIS/Include -I/Users/seungwon/STM32CubeN6/Drivers/CMSIS/Device/ST/STM32N6xx/Include -I/Users/seungwon/STM32CubeN6/Drivers/STM32N6xx_HAL_Driver/Inc -I/Users/seungwon/STM32CubeN6/Drivers/STM32N6xx_HAL_Driver/Inc/Legacy -O3 -std=c11 -fno-common -ffunction-sections -fdata-sections -fno-tree-vectorize -fno-tree-slp-vectorize -MMD -MP --specs=nosys.specs -Wall -Wextra -Wshadow -Wconversion -Wstrict-prototypes -mcpu=cortex-m55 -mthumb -mfloat-abi=hard -mcmse -fstack-usage -c src/mve/mpc_batch.c -o build/full/128f/mve-affine/profile/mpc_batch.c.o
/Users/seungwon/test/.tools/xpack-arm-none-eabi-gcc-15.2.1-1.1/bin/arm-none-eabi-gcc -DAIMER_MVE_BATCH -DAIMER_M55_MVE_MATVEC -DAIMER_PHASE_PROFILE -DPARAMS=128f -DAIMER_BACKEND=mve -DAIMER_MATVEC=mve -DAIMER_CONFIG=mve_affine -DBENCH_KERNEL_SAMPLES=31 -DBENCH_E2E_SAMPLES=7 -DBENCH_KERNEL_INNER=64 -DBENCH_WARMUP=1 -DPROFILE_SAMPLES=31 -DPROFILE_KERNEL_INNER=64 -DPROFILE_COMPLEX_INNER=8 -DUSE_HAL_DRIVER -DSTM32N657xx -Iinclude -I../src/sig/aimer/reference/aimer-128f -I../src -I/Users/seungwon/STM32CubeN6/Projects/NUCLEO-N657X0-Q/Templates/Template/FSBL/Inc -I/Users/seungwon/STM32CubeN6/Drivers/CMSIS/Include -I/Users/seungwon/STM32CubeN6/Drivers/CMSIS/Device/ST/STM32N6xx/Include -I/Users/seungwon/STM32CubeN6/Drivers/STM32N6xx_HAL_Driver/Inc -I/Users/seungwon/STM32CubeN6/Drivers/STM32N6xx_HAL_Driver/Inc/Legacy -O3 -std=c11 -fno-common -ffunction-sections -fdata-sections -fno-tree-vectorize -fno-tree-slp-vectorize -MMD -MP --specs=nosys.specs -Wall -Wextra -Wshadow -Wconversion -Wstrict-prototypes -mcpu=cortex-m55 -mthumb -mfloat-abi=hard -mcmse -fstack-usage -c ../src/sig/aimer/reference/aimer-128f/aim3.c -o build/full/128f/mve-affine/profile/aim3.c.o
/Users/seungwon/test/.tools/xpack-arm-none-eabi-gcc-15.2.1-1.1/bin/arm-none-eabi-gcc -DAIMER_MVE_BATCH -DAIMER_M55_MVE_MATVEC -DAIMER_PHASE_PROFILE -DPARAMS=128f -DAIMER_BACKEND=mve -DAIMER_MATVEC=mve -DAIMER_CONFIG=mve_affine -DBENCH_KERNEL_SAMPLES=31 -DBENCH_E2E_SAMPLES=7 -DBENCH_KERNEL_INNER=64 -DBENCH_WARMUP=1 -DPROFILE_SAMPLES=31 -DPROFILE_KERNEL_INNER=64 -DPROFILE_COMPLEX_INNER=8 -DUSE_HAL_DRIVER -DSTM32N657xx -Iinclude -I../src/sig/aimer/reference/aimer-128f -I../src -I/Users/seungwon/STM32CubeN6/Projects/NUCLEO-N657X0-Q/Templates/Template/FSBL/Inc -I/Users/seungwon/STM32CubeN6/Drivers/CMSIS/Include -I/Users/seungwon/STM32CubeN6/Drivers/CMSIS/Device/ST/STM32N6xx/Include -I/Users/seungwon/STM32CubeN6/Drivers/STM32N6xx_HAL_Driver/Inc -I/Users/seungwon/STM32CubeN6/Drivers/STM32N6xx_HAL_Driver/Inc/Legacy -O3 -std=c11 -fno-common -ffunction-sections -fdata-sections -fno-tree-vectorize -fno-tree-slp-vectorize -MMD -MP --specs=nosys.specs -Wall -Wextra -Wshadow -Wconversion -Wstrict-prototypes -mcpu=cortex-m55 -mthumb -mfloat-abi=hard -mcmse -fstack-usage -c ../src/sig/aimer/reference/aimer-128f/hash.c -o build/full/128f/mve-affine/profile/hash.c.o
/Users/seungwon/test/.tools/xpack-arm-none-eabi-gcc-15.2.1-1.1/bin/arm-none-eabi-gcc -DAIMER_MVE_BATCH -DAIMER_M55_MVE_MATVEC -DAIMER_PHASE_PROFILE -DPARAMS=128f -DAIMER_BACKEND=mve -DAIMER_MATVEC=mve -DAIMER_CONFIG=mve_affine -DBENCH_KERNEL_SAMPLES=31 -DBENCH_E2E_SAMPLES=7 -DBENCH_KERNEL_INNER=64 -DBENCH_WARMUP=1 -DPROFILE_SAMPLES=31 -DPROFILE_KERNEL_INNER=64 -DPROFILE_COMPLEX_INNER=8 -DUSE_HAL_DRIVER -DSTM32N657xx -Iinclude -I../src/sig/aimer/reference/aimer-128f -I../src -I/Users/seungwon/STM32CubeN6/Projects/NUCLEO-N657X0-Q/Templates/Template/FSBL/Inc -I/Users/seungwon/STM32CubeN6/Drivers/CMSIS/Include -I/Users/seungwon/STM32CubeN6/Drivers/CMSIS/Device/ST/STM32N6xx/Include -I/Users/seungwon/STM32CubeN6/Drivers/STM32N6xx_HAL_Driver/Inc -I/Users/seungwon/STM32CubeN6/Drivers/STM32N6xx_HAL_Driver/Inc/Legacy -O3 -std=c11 -fno-common -ffunction-sections -fdata-sections -fno-tree-vectorize -fno-tree-slp-vectorize -MMD -MP --specs=nosys.specs -Wall -Wextra -Wshadow -Wconversion -Wstrict-prototypes -mcpu=cortex-m55 -mthumb -mfloat-abi=hard -mcmse -fstack-usage -c ../src/sig/aimer/reference/aimer-128f/field_common.c -o build/full/128f/mve-affine/profile/field_common.c.o
../src/sig/aimer/reference/aimer-128f/field_common.c: In function 'samsungsds_aimer_128f_ref_gf_from_bytes':
../src/sig/aimer/reference/aimer-128f/field_common.c:28:31: warning: conversion to 'size_t' {aka 'unsigned int'} from 'int' may change the sign of the result [-Wsign-conversion]
   28 |       u = (u << 8) | in[8 * i + j];
      |                               ^
/Users/seungwon/test/.tools/xpack-arm-none-eabi-gcc-15.2.1-1.1/bin/arm-none-eabi-gcc -DAIMER_MVE_BATCH -DAIMER_M55_MVE_MATVEC -DAIMER_PHASE_PROFILE -DPARAMS=128f -DAIMER_BACKEND=mve -DAIMER_MATVEC=mve -DAIMER_CONFIG=mve_affine -DBENCH_KERNEL_SAMPLES=31 -DBENCH_E2E_SAMPLES=7 -DBENCH_KERNEL_INNER=64 -DBENCH_WARMUP=1 -DPROFILE_SAMPLES=31 -DPROFILE_KERNEL_INNER=64 -DPROFILE_COMPLEX_INNER=8 -DUSE_HAL_DRIVER -DSTM32N657xx -Iinclude -I../src/sig/aimer/reference/aimer-128f -I../src -I/Users/seungwon/STM32CubeN6/Projects/NUCLEO-N657X0-Q/Templates/Template/FSBL/Inc -I/Users/seungwon/STM32CubeN6/Drivers/CMSIS/Include -I/Users/seungwon/STM32CubeN6/Drivers/CMSIS/Device/ST/STM32N6xx/Include -I/Users/seungwon/STM32CubeN6/Drivers/STM32N6xx_HAL_Driver/Inc -I/Users/seungwon/STM32CubeN6/Drivers/STM32N6xx_HAL_Driver/Inc/Legacy -O3 -std=c11 -fno-common -ffunction-sections -fdata-sections -fno-tree-vectorize -fno-tree-slp-vectorize -MMD -MP --specs=nosys.specs -Wall -Wextra -Wshadow -Wconversion -Wstrict-prototypes -mcpu=cortex-m55 -mthumb -mfloat-abi=hard -mcmse -fstack-usage -c src/mve/field_mve.c -o build/full/128f/mve-affine/profile/field_mve.c.o
/Users/seungwon/test/.tools/xpack-arm-none-eabi-gcc-15.2.1-1.1/bin/arm-none-eabi-gcc -DAIMER_MVE_BATCH -DAIMER_M55_MVE_MATVEC -DAIMER_PHASE_PROFILE -DPARAMS=128f -DAIMER_BACKEND=mve -DAIMER_MATVEC=mve -DAIMER_CONFIG=mve_affine -DBENCH_KERNEL_SAMPLES=31 -DBENCH_E2E_SAMPLES=7 -DBENCH_KERNEL_INNER=64 -DBENCH_WARMUP=1 -DPROFILE_SAMPLES=31 -DPROFILE_KERNEL_INNER=64 -DPROFILE_COMPLEX_INNER=8 -DUSE_HAL_DRIVER -DSTM32N657xx -Iinclude -I../src/sig/aimer/reference/aimer-128f -I../src -I/Users/seungwon/STM32CubeN6/Projects/NUCLEO-N657X0-Q/Templates/Template/FSBL/Inc -I/Users/seungwon/STM32CubeN6/Drivers/CMSIS/Include -I/Users/seungwon/STM32CubeN6/Drivers/CMSIS/Device/ST/STM32N6xx/Include -I/Users/seungwon/STM32CubeN6/Drivers/STM32N6xx_HAL_Driver/Inc -I/Users/seungwon/STM32CubeN6/Drivers/STM32N6xx_HAL_Driver/Inc/Legacy -O3 -std=c11 -fno-common -ffunction-sections -fdata-sections -fno-tree-vectorize -fno-tree-slp-vectorize -MMD -MP --specs=nosys.specs -Wall -Wextra -Wshadow -Wconversion -Wstrict-prototypes -mcpu=cortex-m55 -mthumb -mfloat-abi=hard -mcmse -fstack-usage -c src/mve/matvec_mve.c -o build/full/128f/mve-affine/profile/matvec_mve.c.o
/Users/seungwon/test/.tools/xpack-arm-none-eabi-gcc-15.2.1-1.1/bin/arm-none-eabi-gcc -DAIMER_MVE_BATCH -DAIMER_M55_MVE_MATVEC -DAIMER_PHASE_PROFILE -DPARAMS=128f -DAIMER_BACKEND=mve -DAIMER_MATVEC=mve -DAIMER_CONFIG=mve_affine -DBENCH_KERNEL_SAMPLES=31 -DBENCH_E2E_SAMPLES=7 -DBENCH_KERNEL_INNER=64 -DBENCH_WARMUP=1 -DPROFILE_SAMPLES=31 -DPROFILE_KERNEL_INNER=64 -DPROFILE_COMPLEX_INNER=8 -DUSE_HAL_DRIVER -DSTM32N657xx -Iinclude -I../src/sig/aimer/reference/aimer-128f -I../src -I/Users/seungwon/STM32CubeN6/Projects/NUCLEO-N657X0-Q/Templates/Template/FSBL/Inc -I/Users/seungwon/STM32CubeN6/Drivers/CMSIS/Include -I/Users/seungwon/STM32CubeN6/Drivers/CMSIS/Device/ST/STM32N6xx/Include -I/Users/seungwon/STM32CubeN6/Drivers/STM32N6xx_HAL_Driver/Inc -I/Users/seungwon/STM32CubeN6/Drivers/STM32N6xx_HAL_Driver/Inc/Legacy -O3 -std=c11 -fno-common -ffunction-sections -fdata-sections -fno-tree-vectorize -fno-tree-slp-vectorize -MMD -MP --specs=nosys.specs -Wall -Wextra -Wshadow -Wconversion -Wstrict-prototypes -mcpu=cortex-m55 -mthumb -mfloat-abi=hard -mcmse -fstack-usage -c ../src/common/fips202.c -o build/full/128f/mve-affine/profile/fips202.c.o
/Users/seungwon/test/.tools/xpack-arm-none-eabi-gcc-15.2.1-1.1/bin/arm-none-eabi-gcc -DAIMER_MVE_BATCH -DAIMER_M55_MVE_MATVEC -DAIMER_PHASE_PROFILE -DPARAMS=128f -DAIMER_BACKEND=mve -DAIMER_MATVEC=mve -DAIMER_CONFIG=mve_affine -DBENCH_KERNEL_SAMPLES=31 -DBENCH_E2E_SAMPLES=7 -DBENCH_KERNEL_INNER=64 -DBENCH_WARMUP=1 -DPROFILE_SAMPLES=31 -DPROFILE_KERNEL_INNER=64 -DPROFILE_COMPLEX_INNER=8 -DUSE_HAL_DRIVER -DSTM32N657xx -Iinclude -I../src/sig/aimer/reference/aimer-128f -I../src -I/Users/seungwon/STM32CubeN6/Projects/NUCLEO-N657X0-Q/Templates/Template/FSBL/Inc -I/Users/seungwon/STM32CubeN6/Drivers/CMSIS/Include -I/Users/seungwon/STM32CubeN6/Drivers/CMSIS/Device/ST/STM32N6xx/Include -I/Users/seungwon/STM32CubeN6/Drivers/STM32N6xx_HAL_Driver/Inc -I/Users/seungwon/STM32CubeN6/Drivers/STM32N6xx_HAL_Driver/Inc/Legacy -O3 -std=c11 -fno-common -ffunction-sections -fdata-sections -fno-tree-vectorize -fno-tree-slp-vectorize -MMD -MP --specs=nosys.specs -Wall -Wextra -Wshadow -Wconversion -Wstrict-prototypes -mcpu=cortex-m55 -mthumb -mfloat-abi=hard -mcmse -fstack-usage -c toolchain/board/nucleo-n657x0-q/platform.c -o build/full/128f/mve-affine/profile/platform.c.o
In file included from /Users/seungwon/STM32CubeN6/Drivers/CMSIS/Include/core_cm55.h:4605,
                 from /Users/seungwon/STM32CubeN6/Drivers/CMSIS/Device/ST/STM32N6xx/Include/stm32n657xx.h:281,
                 from /Users/seungwon/STM32CubeN6/Drivers/CMSIS/Device/ST/STM32N6xx/Include/stm32n6xx.h:87,
                 from /Users/seungwon/STM32CubeN6/Drivers/STM32N6xx_HAL_Driver/Inc/stm32n6xx_hal_def.h:33,
                 from /Users/seungwon/STM32CubeN6/Drivers/STM32N6xx_HAL_Driver/Inc/stm32n6xx_hal_rcc.h:28,
                 from /Users/seungwon/STM32CubeN6/Projects/NUCLEO-N657X0-Q/Templates/Template/FSBL/Inc/stm32n6xx_hal_conf.h:253,
                 from /Users/seungwon/STM32CubeN6/Drivers/STM32N6xx_HAL_Driver/Inc/stm32n6xx_hal.h:29,
                 from toolchain/board/nucleo-n657x0-q/platform.c:5:
/Users/seungwon/STM32CubeN6/Drivers/CMSIS/Include/m-profile/armv7m_cachel1.h: In function 'SCB_InvalidateICache_by_Addr':
/Users/seungwon/STM32CubeN6/Drivers/CMSIS/Include/m-profile/armv7m_cachel1.h:117:32: warning: conversion to 'long unsigned int' from 'int32_t' {aka 'long int'} may change the sign of the result [-Wsign-conversion]
  117 |        int32_t op_size = isize + (((uint32_t)addr) & (__SCB_ICACHE_LINE_SIZE - 1U));
      |                                ^
/Users/seungwon/STM32CubeN6/Drivers/CMSIS/Include/m-profile/armv7m_cachel1.h:117:26: warning: conversion to 'int32_t' {aka 'long int'} from 'long unsigned int' may change the sign of the result [-Wsign-conversion]
  117 |        int32_t op_size = isize + (((uint32_t)addr) & (__SCB_ICACHE_LINE_SIZE - 1U));
      |                          ^~~~~
/Users/seungwon/STM32CubeN6/Drivers/CMSIS/Include/m-profile/armv7m_cachel1.h:125:17: warning: conversion to 'long unsigned int' from 'int32_t' {aka 'long int'} may change the sign of the result [-Wsign-conversion]
  125 |         op_size -= __SCB_ICACHE_LINE_SIZE;
      |                 ^~
/Users/seungwon/STM32CubeN6/Drivers/CMSIS/Include/m-profile/armv7m_cachel1.h:48:33: warning: conversion to 'int32_t' {aka 'long int'} from 'long unsigned int' may change the sign of the result [-Wsign-conversion]
   48 | #define __SCB_ICACHE_LINE_SIZE  32U /*!< Cortex-M7 cache line size is fixed to 32 bytes (8 words). See also register SCB_CCSIDR */
      |                                 ^~~
/Users/seungwon/STM32CubeN6/Drivers/CMSIS/Include/m-profile/armv7m_cachel1.h:125:20: note: in expansion of macro '__SCB_ICACHE_LINE_SIZE'
  125 |         op_size -= __SCB_ICACHE_LINE_SIZE;
      |                    ^~~~~~~~~~~~~~~~~~~~~~
/Users/seungwon/STM32CubeN6/Drivers/CMSIS/Include/m-profile/armv7m_cachel1.h: In function 'SCB_InvalidateDCache_by_Addr':
/Users/seungwon/STM32CubeN6/Drivers/CMSIS/Include/m-profile/armv7m_cachel1.h:360:32: warning: conversion to 'long unsigned int' from 'int32_t' {aka 'long int'} may change the sign of the result [-Wsign-conversion]
  360 |        int32_t op_size = dsize + (((uint32_t)addr) & (__SCB_DCACHE_LINE_SIZE - 1U));
      |                                ^
/Users/seungwon/STM32CubeN6/Drivers/CMSIS/Include/m-profile/armv7m_cachel1.h:360:26: warning: conversion to 'int32_t' {aka 'long int'} from 'long unsigned int' may change the sign of the result [-Wsign-conversion]
  360 |        int32_t op_size = dsize + (((uint32_t)addr) & (__SCB_DCACHE_LINE_SIZE - 1U));
      |                          ^~~~~
/Users/seungwon/STM32CubeN6/Drivers/CMSIS/Include/m-profile/armv7m_cachel1.h:368:17: warning: conversion to 'long unsigned int' from 'int32_t' {aka 'long int'} may change the sign of the result [-Wsign-conversion]
  368 |         op_size -= __SCB_DCACHE_LINE_SIZE;
      |                 ^~
/Users/seungwon/STM32CubeN6/Drivers/CMSIS/Include/m-profile/armv7m_cachel1.h:44:33: warning: conversion to 'int32_t' {aka 'long int'} from 'long unsigned int' may change the sign of the result [-Wsign-conversion]
   44 | #define __SCB_DCACHE_LINE_SIZE  32U /*!< Cortex-M7 cache line size is fixed to 32 bytes (8 words). See also register SCB_CCSIDR */
      |                                 ^~~
/Users/seungwon/STM32CubeN6/Drivers/CMSIS/Include/m-profile/armv7m_cachel1.h:368:20: note: in expansion of macro '__SCB_DCACHE_LINE_SIZE'
  368 |         op_size -= __SCB_DCACHE_LINE_SIZE;
      |                    ^~~~~~~~~~~~~~~~~~~~~~
/Users/seungwon/STM32CubeN6/Drivers/CMSIS/Include/m-profile/armv7m_cachel1.h: In function 'SCB_CleanDCache_by_Addr':
/Users/seungwon/STM32CubeN6/Drivers/CMSIS/Include/m-profile/armv7m_cachel1.h:390:32: warning: conversion to 'long unsigned int' from 'int32_t' {aka 'long int'} may change the sign of the result [-Wsign-conversion]
  390 |        int32_t op_size = dsize + (((uint32_t)addr) & (__SCB_DCACHE_LINE_SIZE - 1U));
      |                                ^
/Users/seungwon/STM32CubeN6/Drivers/CMSIS/Include/m-profile/armv7m_cachel1.h:390:26: warning: conversion to 'int32_t' {aka 'long int'} from 'long unsigned int' may change the sign of the result [-Wsign-conversion]
  390 |        int32_t op_size = dsize + (((uint32_t)addr) & (__SCB_DCACHE_LINE_SIZE - 1U));
      |                          ^~~~~
/Users/seungwon/STM32CubeN6/Drivers/CMSIS/Include/m-profile/armv7m_cachel1.h:398:17: warning: conversion to 'long unsigned int' from 'int32_t' {aka 'long int'} may change the sign of the result [-Wsign-conversion]
  398 |         op_size -= __SCB_DCACHE_LINE_SIZE;
      |                 ^~
/Users/seungwon/STM32CubeN6/Drivers/CMSIS/Include/m-profile/armv7m_cachel1.h:44:33: warning: conversion to 'int32_t' {aka 'long int'} from 'long unsigned int' may change the sign of the result [-Wsign-conversion]
   44 | #define __SCB_DCACHE_LINE_SIZE  32U /*!< Cortex-M7 cache line size is fixed to 32 bytes (8 words). See also register SCB_CCSIDR */
      |                                 ^~~
/Users/seungwon/STM32CubeN6/Drivers/CMSIS/Include/m-profile/armv7m_cachel1.h:398:20: note: in expansion of macro '__SCB_DCACHE_LINE_SIZE'
  398 |         op_size -= __SCB_DCACHE_LINE_SIZE;
      |                    ^~~~~~~~~~~~~~~~~~~~~~
/Users/seungwon/STM32CubeN6/Drivers/CMSIS/Include/m-profile/armv7m_cachel1.h: In function 'SCB_CleanInvalidateDCache_by_Addr':
/Users/seungwon/STM32CubeN6/Drivers/CMSIS/Include/m-profile/armv7m_cachel1.h:420:32: warning: conversion to 'long unsigned int' from 'int32_t' {aka 'long int'} may change the sign of the result [-Wsign-conversion]
  420 |        int32_t op_size = dsize + (((uint32_t)addr) & (__SCB_DCACHE_LINE_SIZE - 1U));
      |                                ^
/Users/seungwon/STM32CubeN6/Drivers/CMSIS/Include/m-profile/armv7m_cachel1.h:420:26: warning: conversion to 'int32_t' {aka 'long int'} from 'long unsigned int' may change the sign of the result [-Wsign-conversion]
  420 |        int32_t op_size = dsize + (((uint32_t)addr) & (__SCB_DCACHE_LINE_SIZE - 1U));
      |                          ^~~~~
/Users/seungwon/STM32CubeN6/Drivers/CMSIS/Include/m-profile/armv7m_cachel1.h:428:17: warning: conversion to 'long unsigned int' from 'int32_t' {aka 'long int'} may change the sign of the result [-Wsign-conversion]
  428 |         op_size -=          __SCB_DCACHE_LINE_SIZE;
      |                 ^~
/Users/seungwon/STM32CubeN6/Drivers/CMSIS/Include/m-profile/armv7m_cachel1.h:44:33: warning: conversion to 'int32_t' {aka 'long int'} from 'long unsigned int' may change the sign of the result [-Wsign-conversion]
   44 | #define __SCB_DCACHE_LINE_SIZE  32U /*!< Cortex-M7 cache line size is fixed to 32 bytes (8 words). See also register SCB_CCSIDR */
      |                                 ^~~
/Users/seungwon/STM32CubeN6/Drivers/CMSIS/Include/m-profile/armv7m_cachel1.h:428:29: note: in expansion of macro '__SCB_DCACHE_LINE_SIZE'
  428 |         op_size -=          __SCB_DCACHE_LINE_SIZE;
      |                             ^~~~~~~~~~~~~~~~~~~~~~
/Users/seungwon/test/.tools/xpack-arm-none-eabi-gcc-15.2.1-1.1/bin/arm-none-eabi-gcc -DAIMER_MVE_BATCH -DAIMER_M55_MVE_MATVEC -DAIMER_PHASE_PROFILE -DPARAMS=128f -DAIMER_BACKEND=mve -DAIMER_MATVEC=mve -DAIMER_CONFIG=mve_affine -DBENCH_KERNEL_SAMPLES=31 -DBENCH_E2E_SAMPLES=7 -DBENCH_KERNEL_INNER=64 -DBENCH_WARMUP=1 -DPROFILE_SAMPLES=31 -DPROFILE_KERNEL_INNER=64 -DPROFILE_COMPLEX_INNER=8 -DUSE_HAL_DRIVER -DSTM32N657xx -Iinclude -I../src/sig/aimer/reference/aimer-128f -I../src -I/Users/seungwon/STM32CubeN6/Projects/NUCLEO-N657X0-Q/Templates/Template/FSBL/Inc -I/Users/seungwon/STM32CubeN6/Drivers/CMSIS/Include -I/Users/seungwon/STM32CubeN6/Drivers/CMSIS/Device/ST/STM32N6xx/Include -I/Users/seungwon/STM32CubeN6/Drivers/STM32N6xx_HAL_Driver/Inc -I/Users/seungwon/STM32CubeN6/Drivers/STM32N6xx_HAL_Driver/Inc/Legacy -O3 -std=c11 -fno-common -ffunction-sections -fdata-sections -fno-tree-vectorize -fno-tree-slp-vectorize -MMD -MP --specs=nosys.specs -Wall -Wextra -Wshadow -Wconversion -Wstrict-prototypes -mcpu=cortex-m55 -mthumb -mfloat-abi=hard -mcmse -fstack-usage -c /Users/seungwon/STM32CubeN6/Projects/NUCLEO-N657X0-Q/Templates/Template/FSBL/Src/system_stm32n6xx_fsbl.c -o build/full/128f/mve-affine/profile/system_stm32n6xx_fsbl.c.o
In file included from /Users/seungwon/STM32CubeN6/Drivers/CMSIS/Include/core_cm55.h:4605,
                 from /Users/seungwon/STM32CubeN6/Drivers/CMSIS/Device/ST/STM32N6xx/Include/stm32n657xx.h:281,
                 from /Users/seungwon/STM32CubeN6/Drivers/CMSIS/Device/ST/STM32N6xx/Include/stm32n6xx.h:87,
                 from /Users/seungwon/STM32CubeN6/Projects/NUCLEO-N657X0-Q/Templates/Template/FSBL/Src/system_stm32n6xx_fsbl.c:55:
/Users/seungwon/STM32CubeN6/Drivers/CMSIS/Include/m-profile/armv7m_cachel1.h: In function 'SCB_InvalidateICache_by_Addr':
/Users/seungwon/STM32CubeN6/Drivers/CMSIS/Include/m-profile/armv7m_cachel1.h:117:32: warning: conversion to 'long unsigned int' from 'int32_t' {aka 'long int'} may change the sign of the result [-Wsign-conversion]
  117 |        int32_t op_size = isize + (((uint32_t)addr) & (__SCB_ICACHE_LINE_SIZE - 1U));
      |                                ^
/Users/seungwon/STM32CubeN6/Drivers/CMSIS/Include/m-profile/armv7m_cachel1.h:117:26: warning: conversion to 'int32_t' {aka 'long int'} from 'long unsigned int' may change the sign of the result [-Wsign-conversion]
  117 |        int32_t op_size = isize + (((uint32_t)addr) & (__SCB_ICACHE_LINE_SIZE - 1U));
      |                          ^~~~~
/Users/seungwon/STM32CubeN6/Drivers/CMSIS/Include/m-profile/armv7m_cachel1.h:125:17: warning: conversion to 'long unsigned int' from 'int32_t' {aka 'long int'} may change the sign of the result [-Wsign-conversion]
  125 |         op_size -= __SCB_ICACHE_LINE_SIZE;
      |                 ^~
/Users/seungwon/STM32CubeN6/Drivers/CMSIS/Include/m-profile/armv7m_cachel1.h:48:33: warning: conversion to 'int32_t' {aka 'long int'} from 'long unsigned int' may change the sign of the result [-Wsign-conversion]
   48 | #define __SCB_ICACHE_LINE_SIZE  32U /*!< Cortex-M7 cache line size is fixed to 32 bytes (8 words). See also register SCB_CCSIDR */
      |                                 ^~~
/Users/seungwon/STM32CubeN6/Drivers/CMSIS/Include/m-profile/armv7m_cachel1.h:125:20: note: in expansion of macro '__SCB_ICACHE_LINE_SIZE'
  125 |         op_size -= __SCB_ICACHE_LINE_SIZE;
      |                    ^~~~~~~~~~~~~~~~~~~~~~
/Users/seungwon/STM32CubeN6/Drivers/CMSIS/Include/m-profile/armv7m_cachel1.h: In function 'SCB_InvalidateDCache_by_Addr':
/Users/seungwon/STM32CubeN6/Drivers/CMSIS/Include/m-profile/armv7m_cachel1.h:360:32: warning: conversion to 'long unsigned int' from 'int32_t' {aka 'long int'} may change the sign of the result [-Wsign-conversion]
  360 |        int32_t op_size = dsize + (((uint32_t)addr) & (__SCB_DCACHE_LINE_SIZE - 1U));
      |                                ^
/Users/seungwon/STM32CubeN6/Drivers/CMSIS/Include/m-profile/armv7m_cachel1.h:360:26: warning: conversion to 'int32_t' {aka 'long int'} from 'long unsigned int' may change the sign of the result [-Wsign-conversion]
  360 |        int32_t op_size = dsize + (((uint32_t)addr) & (__SCB_DCACHE_LINE_SIZE - 1U));
      |                          ^~~~~
/Users/seungwon/STM32CubeN6/Drivers/CMSIS/Include/m-profile/armv7m_cachel1.h:368:17: warning: conversion to 'long unsigned int' from 'int32_t' {aka 'long int'} may change the sign of the result [-Wsign-conversion]
  368 |         op_size -= __SCB_DCACHE_LINE_SIZE;
      |                 ^~
/Users/seungwon/STM32CubeN6/Drivers/CMSIS/Include/m-profile/armv7m_cachel1.h:44:33: warning: conversion to 'int32_t' {aka 'long int'} from 'long unsigned int' may change the sign of the result [-Wsign-conversion]
   44 | #define __SCB_DCACHE_LINE_SIZE  32U /*!< Cortex-M7 cache line size is fixed to 32 bytes (8 words). See also register SCB_CCSIDR */
      |                                 ^~~
/Users/seungwon/STM32CubeN6/Drivers/CMSIS/Include/m-profile/armv7m_cachel1.h:368:20: note: in expansion of macro '__SCB_DCACHE_LINE_SIZE'
  368 |         op_size -= __SCB_DCACHE_LINE_SIZE;
      |                    ^~~~~~~~~~~~~~~~~~~~~~
/Users/seungwon/STM32CubeN6/Drivers/CMSIS/Include/m-profile/armv7m_cachel1.h: In function 'SCB_CleanDCache_by_Addr':
/Users/seungwon/STM32CubeN6/Drivers/CMSIS/Include/m-profile/armv7m_cachel1.h:390:32: warning: conversion to 'long unsigned int' from 'int32_t' {aka 'long int'} may change the sign of the result [-Wsign-conversion]
  390 |        int32_t op_size = dsize + (((uint32_t)addr) & (__SCB_DCACHE_LINE_SIZE - 1U));
      |                                ^
/Users/seungwon/STM32CubeN6/Drivers/CMSIS/Include/m-profile/armv7m_cachel1.h:390:26: warning: conversion to 'int32_t' {aka 'long int'} from 'long unsigned int' may change the sign of the result [-Wsign-conversion]
  390 |        int32_t op_size = dsize + (((uint32_t)addr) & (__SCB_DCACHE_LINE_SIZE - 1U));
      |                          ^~~~~
/Users/seungwon/STM32CubeN6/Drivers/CMSIS/Include/m-profile/armv7m_cachel1.h:398:17: warning: conversion to 'long unsigned int' from 'int32_t' {aka 'long int'} may change the sign of the result [-Wsign-conversion]
  398 |         op_size -= __SCB_DCACHE_LINE_SIZE;
      |                 ^~
/Users/seungwon/STM32CubeN6/Drivers/CMSIS/Include/m-profile/armv7m_cachel1.h:44:33: warning: conversion to 'int32_t' {aka 'long int'} from 'long unsigned int' may change the sign of the result [-Wsign-conversion]
   44 | #define __SCB_DCACHE_LINE_SIZE  32U /*!< Cortex-M7 cache line size is fixed to 32 bytes (8 words). See also register SCB_CCSIDR */
      |                                 ^~~
/Users/seungwon/STM32CubeN6/Drivers/CMSIS/Include/m-profile/armv7m_cachel1.h:398:20: note: in expansion of macro '__SCB_DCACHE_LINE_SIZE'
  398 |         op_size -= __SCB_DCACHE_LINE_SIZE;
      |                    ^~~~~~~~~~~~~~~~~~~~~~
/Users/seungwon/STM32CubeN6/Drivers/CMSIS/Include/m-profile/armv7m_cachel1.h: In function 'SCB_CleanInvalidateDCache_by_Addr':
/Users/seungwon/STM32CubeN6/Drivers/CMSIS/Include/m-profile/armv7m_cachel1.h:420:32: warning: conversion to 'long unsigned int' from 'int32_t' {aka 'long int'} may change the sign of the result [-Wsign-conversion]
  420 |        int32_t op_size = dsize + (((uint32_t)addr) & (__SCB_DCACHE_LINE_SIZE - 1U));
      |                                ^
/Users/seungwon/STM32CubeN6/Drivers/CMSIS/Include/m-profile/armv7m_cachel1.h:420:26: warning: conversion to 'int32_t' {aka 'long int'} from 'long unsigned int' may change the sign of the result [-Wsign-conversion]
  420 |        int32_t op_size = dsize + (((uint32_t)addr) & (__SCB_DCACHE_LINE_SIZE - 1U));
      |                          ^~~~~
/Users/seungwon/STM32CubeN6/Drivers/CMSIS/Include/m-profile/armv7m_cachel1.h:428:17: warning: conversion to 'long unsigned int' from 'int32_t' {aka 'long int'} may change the sign of the result [-Wsign-conversion]
  428 |         op_size -=          __SCB_DCACHE_LINE_SIZE;
      |                 ^~
/Users/seungwon/STM32CubeN6/Drivers/CMSIS/Include/m-profile/armv7m_cachel1.h:44:33: warning: conversion to 'int32_t' {aka 'long int'} from 'long unsigned int' may change the sign of the result [-Wsign-conversion]
   44 | #define __SCB_DCACHE_LINE_SIZE  32U /*!< Cortex-M7 cache line size is fixed to 32 bytes (8 words). See also register SCB_CCSIDR */
      |                                 ^~~
/Users/seungwon/STM32CubeN6/Drivers/CMSIS/Include/m-profile/armv7m_cachel1.h:428:29: note: in expansion of macro '__SCB_DCACHE_LINE_SIZE'
  428 |         op_size -=          __SCB_DCACHE_LINE_SIZE;
      |                             ^~~~~~~~~~~~~~~~~~~~~~
/Users/seungwon/test/.tools/xpack-arm-none-eabi-gcc-15.2.1-1.1/bin/arm-none-eabi-gcc -DAIMER_MVE_BATCH -DAIMER_M55_MVE_MATVEC -DAIMER_PHASE_PROFILE -DPARAMS=128f -DAIMER_BACKEND=mve -DAIMER_MATVEC=mve -DAIMER_CONFIG=mve_affine -DBENCH_KERNEL_SAMPLES=31 -DBENCH_E2E_SAMPLES=7 -DBENCH_KERNEL_INNER=64 -DBENCH_WARMUP=1 -DPROFILE_SAMPLES=31 -DPROFILE_KERNEL_INNER=64 -DPROFILE_COMPLEX_INNER=8 -DUSE_HAL_DRIVER -DSTM32N657xx -Iinclude -I../src/sig/aimer/reference/aimer-128f -I../src -I/Users/seungwon/STM32CubeN6/Projects/NUCLEO-N657X0-Q/Templates/Template/FSBL/Inc -I/Users/seungwon/STM32CubeN6/Drivers/CMSIS/Include -I/Users/seungwon/STM32CubeN6/Drivers/CMSIS/Device/ST/STM32N6xx/Include -I/Users/seungwon/STM32CubeN6/Drivers/STM32N6xx_HAL_Driver/Inc -I/Users/seungwon/STM32CubeN6/Drivers/STM32N6xx_HAL_Driver/Inc/Legacy -O3 -std=c11 -fno-common -ffunction-sections -fdata-sections -fno-tree-vectorize -fno-tree-slp-vectorize -MMD -MP --specs=nosys.specs -Wall -Wextra -Wshadow -Wconversion -Wstrict-prototypes -mcpu=cortex-m55 -mthumb -mfloat-abi=hard -mcmse -fstack-usage -c /Users/seungwon/STM32CubeN6/Drivers/STM32N6xx_HAL_Driver/Src/stm32n6xx_hal.c -o build/full/128f/mve-affine/profile/stm32n6xx_hal.c.o
In file included from /Users/seungwon/STM32CubeN6/Drivers/CMSIS/Include/core_cm55.h:4605,
                 from /Users/seungwon/STM32CubeN6/Drivers/CMSIS/Device/ST/STM32N6xx/Include/stm32n657xx.h:281,
                 from /Users/seungwon/STM32CubeN6/Drivers/CMSIS/Device/ST/STM32N6xx/Include/stm32n6xx.h:87,
                 from /Users/seungwon/STM32CubeN6/Drivers/STM32N6xx_HAL_Driver/Inc/stm32n6xx_hal_def.h:33,
                 from /Users/seungwon/STM32CubeN6/Drivers/STM32N6xx_HAL_Driver/Inc/stm32n6xx_hal_rcc.h:28,
                 from /Users/seungwon/STM32CubeN6/Projects/NUCLEO-N657X0-Q/Templates/Template/FSBL/Inc/stm32n6xx_hal_conf.h:253,
                 from /Users/seungwon/STM32CubeN6/Drivers/STM32N6xx_HAL_Driver/Inc/stm32n6xx_hal.h:29,
                 from /Users/seungwon/STM32CubeN6/Drivers/STM32N6xx_HAL_Driver/Src/stm32n6xx_hal.c:45:
/Users/seungwon/STM32CubeN6/Drivers/CMSIS/Include/m-profile/armv7m_cachel1.h: In function 'SCB_InvalidateICache_by_Addr':
/Users/seungwon/STM32CubeN6/Drivers/CMSIS/Include/m-profile/armv7m_cachel1.h:117:32: warning: conversion to 'long unsigned int' from 'int32_t' {aka 'long int'} may change the sign of the result [-Wsign-conversion]
  117 |        int32_t op_size = isize + (((uint32_t)addr) & (__SCB_ICACHE_LINE_SIZE - 1U));
      |                                ^
/Users/seungwon/STM32CubeN6/Drivers/CMSIS/Include/m-profile/armv7m_cachel1.h:117:26: warning: conversion to 'int32_t' {aka 'long int'} from 'long unsigned int' may change the sign of the result [-Wsign-conversion]
  117 |        int32_t op_size = isize + (((uint32_t)addr) & (__SCB_ICACHE_LINE_SIZE - 1U));
      |                          ^~~~~
/Users/seungwon/STM32CubeN6/Drivers/CMSIS/Include/m-profile/armv7m_cachel1.h:125:17: warning: conversion to 'long unsigned int' from 'int32_t' {aka 'long int'} may change the sign of the result [-Wsign-conversion]
  125 |         op_size -= __SCB_ICACHE_LINE_SIZE;
      |                 ^~
/Users/seungwon/STM32CubeN6/Drivers/CMSIS/Include/m-profile/armv7m_cachel1.h:48:33: warning: conversion to 'int32_t' {aka 'long int'} from 'long unsigned int' may change the sign of the result [-Wsign-conversion]
   48 | #define __SCB_ICACHE_LINE_SIZE  32U /*!< Cortex-M7 cache line size is fixed to 32 bytes (8 words). See also register SCB_CCSIDR */
      |                                 ^~~
/Users/seungwon/STM32CubeN6/Drivers/CMSIS/Include/m-profile/armv7m_cachel1.h:125:20: note: in expansion of macro '__SCB_ICACHE_LINE_SIZE'
  125 |         op_size -= __SCB_ICACHE_LINE_SIZE;
      |                    ^~~~~~~~~~~~~~~~~~~~~~
/Users/seungwon/STM32CubeN6/Drivers/CMSIS/Include/m-profile/armv7m_cachel1.h: In function 'SCB_InvalidateDCache_by_Addr':
/Users/seungwon/STM32CubeN6/Drivers/CMSIS/Include/m-profile/armv7m_cachel1.h:360:32: warning: conversion to 'long unsigned int' from 'int32_t' {aka 'long int'} may change the sign of the result [-Wsign-conversion]
  360 |        int32_t op_size = dsize + (((uint32_t)addr) & (__SCB_DCACHE_LINE_SIZE - 1U));
      |                                ^
/Users/seungwon/STM32CubeN6/Drivers/CMSIS/Include/m-profile/armv7m_cachel1.h:360:26: warning: conversion to 'int32_t' {aka 'long int'} from 'long unsigned int' may change the sign of the result [-Wsign-conversion]
  360 |        int32_t op_size = dsize + (((uint32_t)addr) & (__SCB_DCACHE_LINE_SIZE - 1U));
      |                          ^~~~~
/Users/seungwon/STM32CubeN6/Drivers/CMSIS/Include/m-profile/armv7m_cachel1.h:368:17: warning: conversion to 'long unsigned int' from 'int32_t' {aka 'long int'} may change the sign of the result [-Wsign-conversion]
  368 |         op_size -= __SCB_DCACHE_LINE_SIZE;
      |                 ^~
/Users/seungwon/STM32CubeN6/Drivers/CMSIS/Include/m-profile/armv7m_cachel1.h:44:33: warning: conversion to 'int32_t' {aka 'long int'} from 'long unsigned int' may change the sign of the result [-Wsign-conversion]
   44 | #define __SCB_DCACHE_LINE_SIZE  32U /*!< Cortex-M7 cache line size is fixed to 32 bytes (8 words). See also register SCB_CCSIDR */
      |                                 ^~~
/Users/seungwon/STM32CubeN6/Drivers/CMSIS/Include/m-profile/armv7m_cachel1.h:368:20: note: in expansion of macro '__SCB_DCACHE_LINE_SIZE'
  368 |         op_size -= __SCB_DCACHE_LINE_SIZE;
      |                    ^~~~~~~~~~~~~~~~~~~~~~
/Users/seungwon/STM32CubeN6/Drivers/CMSIS/Include/m-profile/armv7m_cachel1.h: In function 'SCB_CleanDCache_by_Addr':
/Users/seungwon/STM32CubeN6/Drivers/CMSIS/Include/m-profile/armv7m_cachel1.h:390:32: warning: conversion to 'long unsigned int' from 'int32_t' {aka 'long int'} may change the sign of the result [-Wsign-conversion]
  390 |        int32_t op_size = dsize + (((uint32_t)addr) & (__SCB_DCACHE_LINE_SIZE - 1U));
      |                                ^
/Users/seungwon/STM32CubeN6/Drivers/CMSIS/Include/m-profile/armv7m_cachel1.h:390:26: warning: conversion to 'int32_t' {aka 'long int'} from 'long unsigned int' may change the sign of the result [-Wsign-conversion]
  390 |        int32_t op_size = dsize + (((uint32_t)addr) & (__SCB_DCACHE_LINE_SIZE - 1U));
      |                          ^~~~~
/Users/seungwon/STM32CubeN6/Drivers/CMSIS/Include/m-profile/armv7m_cachel1.h:398:17: warning: conversion to 'long unsigned int' from 'int32_t' {aka 'long int'} may change the sign of the result [-Wsign-conversion]
  398 |         op_size -= __SCB_DCACHE_LINE_SIZE;
      |                 ^~
/Users/seungwon/STM32CubeN6/Drivers/CMSIS/Include/m-profile/armv7m_cachel1.h:44:33: warning: conversion to 'int32_t' {aka 'long int'} from 'long unsigned int' may change the sign of the result [-Wsign-conversion]
   44 | #define __SCB_DCACHE_LINE_SIZE  32U /*!< Cortex-M7 cache line size is fixed to 32 bytes (8 words). See also register SCB_CCSIDR */
      |                                 ^~~
/Users/seungwon/STM32CubeN6/Drivers/CMSIS/Include/m-profile/armv7m_cachel1.h:398:20: note: in expansion of macro '__SCB_DCACHE_LINE_SIZE'
  398 |         op_size -= __SCB_DCACHE_LINE_SIZE;
      |                    ^~~~~~~~~~~~~~~~~~~~~~
/Users/seungwon/STM32CubeN6/Drivers/CMSIS/Include/m-profile/armv7m_cachel1.h: In function 'SCB_CleanInvalidateDCache_by_Addr':
/Users/seungwon/STM32CubeN6/Drivers/CMSIS/Include/m-profile/armv7m_cachel1.h:420:32: warning: conversion to 'long unsigned int' from 'int32_t' {aka 'long int'} may change the sign of the result [-Wsign-conversion]
  420 |        int32_t op_size = dsize + (((uint32_t)addr) & (__SCB_DCACHE_LINE_SIZE - 1U));
      |                                ^
/Users/seungwon/STM32CubeN6/Drivers/CMSIS/Include/m-profile/armv7m_cachel1.h:420:26: warning: conversion to 'int32_t' {aka 'long int'} from 'long unsigned int' may change the sign of the result [-Wsign-conversion]
  420 |        int32_t op_size = dsize + (((uint32_t)addr) & (__SCB_DCACHE_LINE_SIZE - 1U));
      |                          ^~~~~
/Users/seungwon/STM32CubeN6/Drivers/CMSIS/Include/m-profile/armv7m_cachel1.h:428:17: warning: conversion to 'long unsigned int' from 'int32_t' {aka 'long int'} may change the sign of the result [-Wsign-conversion]
  428 |         op_size -=          __SCB_DCACHE_LINE_SIZE;
      |                 ^~
/Users/seungwon/STM32CubeN6/Drivers/CMSIS/Include/m-profile/armv7m_cachel1.h:44:33: warning: conversion to 'int32_t' {aka 'long int'} from 'long unsigned int' may change the sign of the result [-Wsign-conversion]
   44 | #define __SCB_DCACHE_LINE_SIZE  32U /*!< Cortex-M7 cache line size is fixed to 32 bytes (8 words). See also register SCB_CCSIDR */
      |                                 ^~~
/Users/seungwon/STM32CubeN6/Drivers/CMSIS/Include/m-profile/armv7m_cachel1.h:428:29: note: in expansion of macro '__SCB_DCACHE_LINE_SIZE'
  428 |         op_size -=          __SCB_DCACHE_LINE_SIZE;
      |                             ^~~~~~~~~~~~~~~~~~~~~~
/Users/seungwon/test/.tools/xpack-arm-none-eabi-gcc-15.2.1-1.1/bin/arm-none-eabi-gcc -DAIMER_MVE_BATCH -DAIMER_M55_MVE_MATVEC -DAIMER_PHASE_PROFILE -DPARAMS=128f -DAIMER_BACKEND=mve -DAIMER_MATVEC=mve -DAIMER_CONFIG=mve_affine -DBENCH_KERNEL_SAMPLES=31 -DBENCH_E2E_SAMPLES=7 -DBENCH_KERNEL_INNER=64 -DBENCH_WARMUP=1 -DPROFILE_SAMPLES=31 -DPROFILE_KERNEL_INNER=64 -DPROFILE_COMPLEX_INNER=8 -DUSE_HAL_DRIVER -DSTM32N657xx -Iinclude -I../src/sig/aimer/reference/aimer-128f -I../src -I/Users/seungwon/STM32CubeN6/Projects/NUCLEO-N657X0-Q/Templates/Template/FSBL/Inc -I/Users/seungwon/STM32CubeN6/Drivers/CMSIS/Include -I/Users/seungwon/STM32CubeN6/Drivers/CMSIS/Device/ST/STM32N6xx/Include -I/Users/seungwon/STM32CubeN6/Drivers/STM32N6xx_HAL_Driver/Inc -I/Users/seungwon/STM32CubeN6/Drivers/STM32N6xx_HAL_Driver/Inc/Legacy -O3 -std=c11 -fno-common -ffunction-sections -fdata-sections -fno-tree-vectorize -fno-tree-slp-vectorize -MMD -MP --specs=nosys.specs -Wall -Wextra -Wshadow -Wconversion -Wstrict-prototypes -mcpu=cortex-m55 -mthumb -mfloat-abi=hard -mcmse -fstack-usage -c /Users/seungwon/STM32CubeN6/Drivers/STM32N6xx_HAL_Driver/Src/stm32n6xx_hal_cortex.c -o build/full/128f/mve-affine/profile/stm32n6xx_hal_cortex.c.o
In file included from /Users/seungwon/STM32CubeN6/Drivers/CMSIS/Include/core_cm55.h:4605,
                 from /Users/seungwon/STM32CubeN6/Drivers/CMSIS/Device/ST/STM32N6xx/Include/stm32n657xx.h:281,
                 from /Users/seungwon/STM32CubeN6/Drivers/CMSIS/Device/ST/STM32N6xx/Include/stm32n6xx.h:87,
                 from /Users/seungwon/STM32CubeN6/Drivers/STM32N6xx_HAL_Driver/Inc/stm32n6xx_hal_def.h:33,
                 from /Users/seungwon/STM32CubeN6/Drivers/STM32N6xx_HAL_Driver/Inc/stm32n6xx_hal_rcc.h:28,
                 from /Users/seungwon/STM32CubeN6/Projects/NUCLEO-N657X0-Q/Templates/Template/FSBL/Inc/stm32n6xx_hal_conf.h:253,
                 from /Users/seungwon/STM32CubeN6/Drivers/STM32N6xx_HAL_Driver/Inc/stm32n6xx_hal.h:29,
                 from /Users/seungwon/STM32CubeN6/Drivers/STM32N6xx_HAL_Driver/Src/stm32n6xx_hal_cortex.c:158:
/Users/seungwon/STM32CubeN6/Drivers/CMSIS/Include/m-profile/armv7m_cachel1.h: In function 'SCB_InvalidateICache_by_Addr':
/Users/seungwon/STM32CubeN6/Drivers/CMSIS/Include/m-profile/armv7m_cachel1.h:117:32: warning: conversion to 'long unsigned int' from 'int32_t' {aka 'long int'} may change the sign of the result [-Wsign-conversion]
  117 |        int32_t op_size = isize + (((uint32_t)addr) & (__SCB_ICACHE_LINE_SIZE - 1U));
      |                                ^
/Users/seungwon/STM32CubeN6/Drivers/CMSIS/Include/m-profile/armv7m_cachel1.h:117:26: warning: conversion to 'int32_t' {aka 'long int'} from 'long unsigned int' may change the sign of the result [-Wsign-conversion]
  117 |        int32_t op_size = isize + (((uint32_t)addr) & (__SCB_ICACHE_LINE_SIZE - 1U));
      |                          ^~~~~
/Users/seungwon/STM32CubeN6/Drivers/CMSIS/Include/m-profile/armv7m_cachel1.h:125:17: warning: conversion to 'long unsigned int' from 'int32_t' {aka 'long int'} may change the sign of the result [-Wsign-conversion]
  125 |         op_size -= __SCB_ICACHE_LINE_SIZE;
      |                 ^~
/Users/seungwon/STM32CubeN6/Drivers/CMSIS/Include/m-profile/armv7m_cachel1.h:48:33: warning: conversion to 'int32_t' {aka 'long int'} from 'long unsigned int' may change the sign of the result [-Wsign-conversion]
   48 | #define __SCB_ICACHE_LINE_SIZE  32U /*!< Cortex-M7 cache line size is fixed to 32 bytes (8 words). See also register SCB_CCSIDR */
      |                                 ^~~
/Users/seungwon/STM32CubeN6/Drivers/CMSIS/Include/m-profile/armv7m_cachel1.h:125:20: note: in expansion of macro '__SCB_ICACHE_LINE_SIZE'
  125 |         op_size -= __SCB_ICACHE_LINE_SIZE;
      |                    ^~~~~~~~~~~~~~~~~~~~~~
/Users/seungwon/STM32CubeN6/Drivers/CMSIS/Include/m-profile/armv7m_cachel1.h: In function 'SCB_InvalidateDCache_by_Addr':
/Users/seungwon/STM32CubeN6/Drivers/CMSIS/Include/m-profile/armv7m_cachel1.h:360:32: warning: conversion to 'long unsigned int' from 'int32_t' {aka 'long int'} may change the sign of the result [-Wsign-conversion]
  360 |        int32_t op_size = dsize + (((uint32_t)addr) & (__SCB_DCACHE_LINE_SIZE - 1U));
      |                                ^
/Users/seungwon/STM32CubeN6/Drivers/CMSIS/Include/m-profile/armv7m_cachel1.h:360:26: warning: conversion to 'int32_t' {aka 'long int'} from 'long unsigned int' may change the sign of the result [-Wsign-conversion]
  360 |        int32_t op_size = dsize + (((uint32_t)addr) & (__SCB_DCACHE_LINE_SIZE - 1U));
      |                          ^~~~~
/Users/seungwon/STM32CubeN6/Drivers/CMSIS/Include/m-profile/armv7m_cachel1.h:368:17: warning: conversion to 'long unsigned int' from 'int32_t' {aka 'long int'} may change the sign of the result [-Wsign-conversion]
  368 |         op_size -= __SCB_DCACHE_LINE_SIZE;
      |                 ^~
/Users/seungwon/STM32CubeN6/Drivers/CMSIS/Include/m-profile/armv7m_cachel1.h:44:33: warning: conversion to 'int32_t' {aka 'long int'} from 'long unsigned int' may change the sign of the result [-Wsign-conversion]
   44 | #define __SCB_DCACHE_LINE_SIZE  32U /*!< Cortex-M7 cache line size is fixed to 32 bytes (8 words). See also register SCB_CCSIDR */
      |                                 ^~~
/Users/seungwon/STM32CubeN6/Drivers/CMSIS/Include/m-profile/armv7m_cachel1.h:368:20: note: in expansion of macro '__SCB_DCACHE_LINE_SIZE'
  368 |         op_size -= __SCB_DCACHE_LINE_SIZE;
      |                    ^~~~~~~~~~~~~~~~~~~~~~
/Users/seungwon/STM32CubeN6/Drivers/CMSIS/Include/m-profile/armv7m_cachel1.h: In function 'SCB_CleanDCache_by_Addr':
/Users/seungwon/STM32CubeN6/Drivers/CMSIS/Include/m-profile/armv7m_cachel1.h:390:32: warning: conversion to 'long unsigned int' from 'int32_t' {aka 'long int'} may change the sign of the result [-Wsign-conversion]
  390 |        int32_t op_size = dsize + (((uint32_t)addr) & (__SCB_DCACHE_LINE_SIZE - 1U));
      |                                ^
/Users/seungwon/STM32CubeN6/Drivers/CMSIS/Include/m-profile/armv7m_cachel1.h:390:26: warning: conversion to 'int32_t' {aka 'long int'} from 'long unsigned int' may change the sign of the result [-Wsign-conversion]
  390 |        int32_t op_size = dsize + (((uint32_t)addr) & (__SCB_DCACHE_LINE_SIZE - 1U));
      |                          ^~~~~
/Users/seungwon/STM32CubeN6/Drivers/CMSIS/Include/m-profile/armv7m_cachel1.h:398:17: warning: conversion to 'long unsigned int' from 'int32_t' {aka 'long int'} may change the sign of the result [-Wsign-conversion]
  398 |         op_size -= __SCB_DCACHE_LINE_SIZE;
      |                 ^~
/Users/seungwon/STM32CubeN6/Drivers/CMSIS/Include/m-profile/armv7m_cachel1.h:44:33: warning: conversion to 'int32_t' {aka 'long int'} from 'long unsigned int' may change the sign of the result [-Wsign-conversion]
   44 | #define __SCB_DCACHE_LINE_SIZE  32U /*!< Cortex-M7 cache line size is fixed to 32 bytes (8 words). See also register SCB_CCSIDR */
      |                                 ^~~
/Users/seungwon/STM32CubeN6/Drivers/CMSIS/Include/m-profile/armv7m_cachel1.h:398:20: note: in expansion of macro '__SCB_DCACHE_LINE_SIZE'
  398 |         op_size -= __SCB_DCACHE_LINE_SIZE;
      |                    ^~~~~~~~~~~~~~~~~~~~~~
/Users/seungwon/STM32CubeN6/Drivers/CMSIS/Include/m-profile/armv7m_cachel1.h: In function 'SCB_CleanInvalidateDCache_by_Addr':
/Users/seungwon/STM32CubeN6/Drivers/CMSIS/Include/m-profile/armv7m_cachel1.h:420:32: warning: conversion to 'long unsigned int' from 'int32_t' {aka 'long int'} may change the sign of the result [-Wsign-conversion]
  420 |        int32_t op_size = dsize + (((uint32_t)addr) & (__SCB_DCACHE_LINE_SIZE - 1U));
      |                                ^
/Users/seungwon/STM32CubeN6/Drivers/CMSIS/Include/m-profile/armv7m_cachel1.h:420:26: warning: conversion to 'int32_t' {aka 'long int'} from 'long unsigned int' may change the sign of the result [-Wsign-conversion]
  420 |        int32_t op_size = dsize + (((uint32_t)addr) & (__SCB_DCACHE_LINE_SIZE - 1U));
      |                          ^~~~~
/Users/seungwon/STM32CubeN6/Drivers/CMSIS/Include/m-profile/armv7m_cachel1.h:428:17: warning: conversion to 'long unsigned int' from 'int32_t' {aka 'long int'} may change the sign of the result [-Wsign-conversion]
  428 |         op_size -=          __SCB_DCACHE_LINE_SIZE;
      |                 ^~
/Users/seungwon/STM32CubeN6/Drivers/CMSIS/Include/m-profile/armv7m_cachel1.h:44:33: warning: conversion to 'int32_t' {aka 'long int'} from 'long unsigned int' may change the sign of the result [-Wsign-conversion]
   44 | #define __SCB_DCACHE_LINE_SIZE  32U /*!< Cortex-M7 cache line size is fixed to 32 bytes (8 words). See also register SCB_CCSIDR */
      |                                 ^~~
/Users/seungwon/STM32CubeN6/Drivers/CMSIS/Include/m-profile/armv7m_cachel1.h:428:29: note: in expansion of macro '__SCB_DCACHE_LINE_SIZE'
  428 |         op_size -=          __SCB_DCACHE_LINE_SIZE;
      |                             ^~~~~~~~~~~~~~~~~~~~~~
/Users/seungwon/test/.tools/xpack-arm-none-eabi-gcc-15.2.1-1.1/bin/arm-none-eabi-gcc -DAIMER_MVE_BATCH -DAIMER_M55_MVE_MATVEC -DAIMER_PHASE_PROFILE -DPARAMS=128f -DAIMER_BACKEND=mve -DAIMER_MATVEC=mve -DAIMER_CONFIG=mve_affine -DBENCH_KERNEL_SAMPLES=31 -DBENCH_E2E_SAMPLES=7 -DBENCH_KERNEL_INNER=64 -DBENCH_WARMUP=1 -DPROFILE_SAMPLES=31 -DPROFILE_KERNEL_INNER=64 -DPROFILE_COMPLEX_INNER=8 -DUSE_HAL_DRIVER -DSTM32N657xx -Iinclude -I../src/sig/aimer/reference/aimer-128f -I../src -I/Users/seungwon/STM32CubeN6/Projects/NUCLEO-N657X0-Q/Templates/Template/FSBL/Inc -I/Users/seungwon/STM32CubeN6/Drivers/CMSIS/Include -I/Users/seungwon/STM32CubeN6/Drivers/CMSIS/Device/ST/STM32N6xx/Include -I/Users/seungwon/STM32CubeN6/Drivers/STM32N6xx_HAL_Driver/Inc -I/Users/seungwon/STM32CubeN6/Drivers/STM32N6xx_HAL_Driver/Inc/Legacy -O3 -std=c11 -fno-common -ffunction-sections -fdata-sections -fno-tree-vectorize -fno-tree-slp-vectorize -MMD -MP --specs=nosys.specs -Wall -Wextra -Wshadow -Wconversion -Wstrict-prototypes -mcpu=cortex-m55 -mthumb -mfloat-abi=hard -mcmse -fstack-usage -c /Users/seungwon/STM32CubeN6/Drivers/STM32N6xx_HAL_Driver/Src/stm32n6xx_hal_pwr.c -o build/full/128f/mve-affine/profile/stm32n6xx_hal_pwr.c.o
In file included from /Users/seungwon/STM32CubeN6/Drivers/CMSIS/Include/core_cm55.h:4605,
                 from /Users/seungwon/STM32CubeN6/Drivers/CMSIS/Device/ST/STM32N6xx/Include/stm32n657xx.h:281,
                 from /Users/seungwon/STM32CubeN6/Drivers/CMSIS/Device/ST/STM32N6xx/Include/stm32n6xx.h:87,
                 from /Users/seungwon/STM32CubeN6/Drivers/STM32N6xx_HAL_Driver/Inc/stm32n6xx_hal_def.h:33,
                 from /Users/seungwon/STM32CubeN6/Drivers/STM32N6xx_HAL_Driver/Inc/stm32n6xx_hal_rcc.h:28,
                 from /Users/seungwon/STM32CubeN6/Projects/NUCLEO-N657X0-Q/Templates/Template/FSBL/Inc/stm32n6xx_hal_conf.h:253,
                 from /Users/seungwon/STM32CubeN6/Drivers/STM32N6xx_HAL_Driver/Inc/stm32n6xx_hal.h:29,
                 from /Users/seungwon/STM32CubeN6/Drivers/STM32N6xx_HAL_Driver/Src/stm32n6xx_hal_pwr.c:107:
/Users/seungwon/STM32CubeN6/Drivers/CMSIS/Include/m-profile/armv7m_cachel1.h: In function 'SCB_InvalidateICache_by_Addr':
/Users/seungwon/STM32CubeN6/Drivers/CMSIS/Include/m-profile/armv7m_cachel1.h:117:32: warning: conversion to 'long unsigned int' from 'int32_t' {aka 'long int'} may change the sign of the result [-Wsign-conversion]
  117 |        int32_t op_size = isize + (((uint32_t)addr) & (__SCB_ICACHE_LINE_SIZE - 1U));
      |                                ^
/Users/seungwon/STM32CubeN6/Drivers/CMSIS/Include/m-profile/armv7m_cachel1.h:117:26: warning: conversion to 'int32_t' {aka 'long int'} from 'long unsigned int' may change the sign of the result [-Wsign-conversion]
  117 |        int32_t op_size = isize + (((uint32_t)addr) & (__SCB_ICACHE_LINE_SIZE - 1U));
      |                          ^~~~~
/Users/seungwon/STM32CubeN6/Drivers/CMSIS/Include/m-profile/armv7m_cachel1.h:125:17: warning: conversion to 'long unsigned int' from 'int32_t' {aka 'long int'} may change the sign of the result [-Wsign-conversion]
  125 |         op_size -= __SCB_ICACHE_LINE_SIZE;
      |                 ^~
/Users/seungwon/STM32CubeN6/Drivers/CMSIS/Include/m-profile/armv7m_cachel1.h:48:33: warning: conversion to 'int32_t' {aka 'long int'} from 'long unsigned int' may change the sign of the result [-Wsign-conversion]
   48 | #define __SCB_ICACHE_LINE_SIZE  32U /*!< Cortex-M7 cache line size is fixed to 32 bytes (8 words). See also register SCB_CCSIDR */
      |                                 ^~~
/Users/seungwon/STM32CubeN6/Drivers/CMSIS/Include/m-profile/armv7m_cachel1.h:125:20: note: in expansion of macro '__SCB_ICACHE_LINE_SIZE'
  125 |         op_size -= __SCB_ICACHE_LINE_SIZE;
      |                    ^~~~~~~~~~~~~~~~~~~~~~
/Users/seungwon/STM32CubeN6/Drivers/CMSIS/Include/m-profile/armv7m_cachel1.h: In function 'SCB_InvalidateDCache_by_Addr':
/Users/seungwon/STM32CubeN6/Drivers/CMSIS/Include/m-profile/armv7m_cachel1.h:360:32: warning: conversion to 'long unsigned int' from 'int32_t' {aka 'long int'} may change the sign of the result [-Wsign-conversion]
  360 |        int32_t op_size = dsize + (((uint32_t)addr) & (__SCB_DCACHE_LINE_SIZE - 1U));
      |                                ^
/Users/seungwon/STM32CubeN6/Drivers/CMSIS/Include/m-profile/armv7m_cachel1.h:360:26: warning: conversion to 'int32_t' {aka 'long int'} from 'long unsigned int' may change the sign of the result [-Wsign-conversion]
  360 |        int32_t op_size = dsize + (((uint32_t)addr) & (__SCB_DCACHE_LINE_SIZE - 1U));
      |                          ^~~~~
/Users/seungwon/STM32CubeN6/Drivers/CMSIS/Include/m-profile/armv7m_cachel1.h:368:17: warning: conversion to 'long unsigned int' from 'int32_t' {aka 'long int'} may change the sign of the result [-Wsign-conversion]
  368 |         op_size -= __SCB_DCACHE_LINE_SIZE;
      |                 ^~
/Users/seungwon/STM32CubeN6/Drivers/CMSIS/Include/m-profile/armv7m_cachel1.h:44:33: warning: conversion to 'int32_t' {aka 'long int'} from 'long unsigned int' may change the sign of the result [-Wsign-conversion]
   44 | #define __SCB_DCACHE_LINE_SIZE  32U /*!< Cortex-M7 cache line size is fixed to 32 bytes (8 words). See also register SCB_CCSIDR */
      |                                 ^~~
/Users/seungwon/STM32CubeN6/Drivers/CMSIS/Include/m-profile/armv7m_cachel1.h:368:20: note: in expansion of macro '__SCB_DCACHE_LINE_SIZE'
  368 |         op_size -= __SCB_DCACHE_LINE_SIZE;
      |                    ^~~~~~~~~~~~~~~~~~~~~~
/Users/seungwon/STM32CubeN6/Drivers/CMSIS/Include/m-profile/armv7m_cachel1.h: In function 'SCB_CleanDCache_by_Addr':
/Users/seungwon/STM32CubeN6/Drivers/CMSIS/Include/m-profile/armv7m_cachel1.h:390:32: warning: conversion to 'long unsigned int' from 'int32_t' {aka 'long int'} may change the sign of the result [-Wsign-conversion]
  390 |        int32_t op_size = dsize + (((uint32_t)addr) & (__SCB_DCACHE_LINE_SIZE - 1U));
      |                                ^
/Users/seungwon/STM32CubeN6/Drivers/CMSIS/Include/m-profile/armv7m_cachel1.h:390:26: warning: conversion to 'int32_t' {aka 'long int'} from 'long unsigned int' may change the sign of the result [-Wsign-conversion]
  390 |        int32_t op_size = dsize + (((uint32_t)addr) & (__SCB_DCACHE_LINE_SIZE - 1U));
      |                          ^~~~~
/Users/seungwon/STM32CubeN6/Drivers/CMSIS/Include/m-profile/armv7m_cachel1.h:398:17: warning: conversion to 'long unsigned int' from 'int32_t' {aka 'long int'} may change the sign of the result [-Wsign-conversion]
  398 |         op_size -= __SCB_DCACHE_LINE_SIZE;
      |                 ^~
/Users/seungwon/STM32CubeN6/Drivers/CMSIS/Include/m-profile/armv7m_cachel1.h:44:33: warning: conversion to 'int32_t' {aka 'long int'} from 'long unsigned int' may change the sign of the result [-Wsign-conversion]
   44 | #define __SCB_DCACHE_LINE_SIZE  32U /*!< Cortex-M7 cache line size is fixed to 32 bytes (8 words). See also register SCB_CCSIDR */
      |                                 ^~~
/Users/seungwon/STM32CubeN6/Drivers/CMSIS/Include/m-profile/armv7m_cachel1.h:398:20: note: in expansion of macro '__SCB_DCACHE_LINE_SIZE'
  398 |         op_size -= __SCB_DCACHE_LINE_SIZE;
      |                    ^~~~~~~~~~~~~~~~~~~~~~
/Users/seungwon/STM32CubeN6/Drivers/CMSIS/Include/m-profile/armv7m_cachel1.h: In function 'SCB_CleanInvalidateDCache_by_Addr':
/Users/seungwon/STM32CubeN6/Drivers/CMSIS/Include/m-profile/armv7m_cachel1.h:420:32: warning: conversion to 'long unsigned int' from 'int32_t' {aka 'long int'} may change the sign of the result [-Wsign-conversion]
  420 |        int32_t op_size = dsize + (((uint32_t)addr) & (__SCB_DCACHE_LINE_SIZE - 1U));
      |                                ^
/Users/seungwon/STM32CubeN6/Drivers/CMSIS/Include/m-profile/armv7m_cachel1.h:420:26: warning: conversion to 'int32_t' {aka 'long int'} from 'long unsigned int' may change the sign of the result [-Wsign-conversion]
  420 |        int32_t op_size = dsize + (((uint32_t)addr) & (__SCB_DCACHE_LINE_SIZE - 1U));
      |                          ^~~~~
/Users/seungwon/STM32CubeN6/Drivers/CMSIS/Include/m-profile/armv7m_cachel1.h:428:17: warning: conversion to 'long unsigned int' from 'int32_t' {aka 'long int'} may change the sign of the result [-Wsign-conversion]
  428 |         op_size -=          __SCB_DCACHE_LINE_SIZE;
      |                 ^~
/Users/seungwon/STM32CubeN6/Drivers/CMSIS/Include/m-profile/armv7m_cachel1.h:44:33: warning: conversion to 'int32_t' {aka 'long int'} from 'long unsigned int' may change the sign of the result [-Wsign-conversion]
   44 | #define __SCB_DCACHE_LINE_SIZE  32U /*!< Cortex-M7 cache line size is fixed to 32 bytes (8 words). See also register SCB_CCSIDR */
      |                                 ^~~
/Users/seungwon/STM32CubeN6/Drivers/CMSIS/Include/m-profile/armv7m_cachel1.h:428:29: note: in expansion of macro '__SCB_DCACHE_LINE_SIZE'
  428 |         op_size -=          __SCB_DCACHE_LINE_SIZE;
      |                             ^~~~~~~~~~~~~~~~~~~~~~
/Users/seungwon/test/.tools/xpack-arm-none-eabi-gcc-15.2.1-1.1/bin/arm-none-eabi-gcc -DAIMER_MVE_BATCH -DAIMER_M55_MVE_MATVEC -DAIMER_PHASE_PROFILE -DPARAMS=128f -DAIMER_BACKEND=mve -DAIMER_MATVEC=mve -DAIMER_CONFIG=mve_affine -DBENCH_KERNEL_SAMPLES=31 -DBENCH_E2E_SAMPLES=7 -DBENCH_KERNEL_INNER=64 -DBENCH_WARMUP=1 -DPROFILE_SAMPLES=31 -DPROFILE_KERNEL_INNER=64 -DPROFILE_COMPLEX_INNER=8 -DUSE_HAL_DRIVER -DSTM32N657xx -Iinclude -I../src/sig/aimer/reference/aimer-128f -I../src -I/Users/seungwon/STM32CubeN6/Projects/NUCLEO-N657X0-Q/Templates/Template/FSBL/Inc -I/Users/seungwon/STM32CubeN6/Drivers/CMSIS/Include -I/Users/seungwon/STM32CubeN6/Drivers/CMSIS/Device/ST/STM32N6xx/Include -I/Users/seungwon/STM32CubeN6/Drivers/STM32N6xx_HAL_Driver/Inc -I/Users/seungwon/STM32CubeN6/Drivers/STM32N6xx_HAL_Driver/Inc/Legacy -O3 -std=c11 -fno-common -ffunction-sections -fdata-sections -fno-tree-vectorize -fno-tree-slp-vectorize -MMD -MP --specs=nosys.specs -Wall -Wextra -Wshadow -Wconversion -Wstrict-prototypes -mcpu=cortex-m55 -mthumb -mfloat-abi=hard -mcmse -fstack-usage -c /Users/seungwon/STM32CubeN6/Drivers/STM32N6xx_HAL_Driver/Src/stm32n6xx_hal_pwr_ex.c -o build/full/128f/mve-affine/profile/stm32n6xx_hal_pwr_ex.c.o
In file included from /Users/seungwon/STM32CubeN6/Drivers/CMSIS/Include/core_cm55.h:4605,
                 from /Users/seungwon/STM32CubeN6/Drivers/CMSIS/Device/ST/STM32N6xx/Include/stm32n657xx.h:281,
                 from /Users/seungwon/STM32CubeN6/Drivers/CMSIS/Device/ST/STM32N6xx/Include/stm32n6xx.h:87,
                 from /Users/seungwon/STM32CubeN6/Drivers/STM32N6xx_HAL_Driver/Inc/stm32n6xx_hal_def.h:33,
                 from /Users/seungwon/STM32CubeN6/Drivers/STM32N6xx_HAL_Driver/Inc/stm32n6xx_hal_rcc.h:28,
                 from /Users/seungwon/STM32CubeN6/Projects/NUCLEO-N657X0-Q/Templates/Template/FSBL/Inc/stm32n6xx_hal_conf.h:253,
                 from /Users/seungwon/STM32CubeN6/Drivers/STM32N6xx_HAL_Driver/Inc/stm32n6xx_hal.h:29,
                 from /Users/seungwon/STM32CubeN6/Drivers/STM32N6xx_HAL_Driver/Src/stm32n6xx_hal_pwr_ex.c:159:
/Users/seungwon/STM32CubeN6/Drivers/CMSIS/Include/m-profile/armv7m_cachel1.h: In function 'SCB_InvalidateICache_by_Addr':
/Users/seungwon/STM32CubeN6/Drivers/CMSIS/Include/m-profile/armv7m_cachel1.h:117:32: warning: conversion to 'long unsigned int' from 'int32_t' {aka 'long int'} may change the sign of the result [-Wsign-conversion]
  117 |        int32_t op_size = isize + (((uint32_t)addr) & (__SCB_ICACHE_LINE_SIZE - 1U));
      |                                ^
/Users/seungwon/STM32CubeN6/Drivers/CMSIS/Include/m-profile/armv7m_cachel1.h:117:26: warning: conversion to 'int32_t' {aka 'long int'} from 'long unsigned int' may change the sign of the result [-Wsign-conversion]
  117 |        int32_t op_size = isize + (((uint32_t)addr) & (__SCB_ICACHE_LINE_SIZE - 1U));
      |                          ^~~~~
/Users/seungwon/STM32CubeN6/Drivers/CMSIS/Include/m-profile/armv7m_cachel1.h:125:17: warning: conversion to 'long unsigned int' from 'int32_t' {aka 'long int'} may change the sign of the result [-Wsign-conversion]
  125 |         op_size -= __SCB_ICACHE_LINE_SIZE;
      |                 ^~
/Users/seungwon/STM32CubeN6/Drivers/CMSIS/Include/m-profile/armv7m_cachel1.h:48:33: warning: conversion to 'int32_t' {aka 'long int'} from 'long unsigned int' may change the sign of the result [-Wsign-conversion]
   48 | #define __SCB_ICACHE_LINE_SIZE  32U /*!< Cortex-M7 cache line size is fixed to 32 bytes (8 words). See also register SCB_CCSIDR */
      |                                 ^~~
/Users/seungwon/STM32CubeN6/Drivers/CMSIS/Include/m-profile/armv7m_cachel1.h:125:20: note: in expansion of macro '__SCB_ICACHE_LINE_SIZE'
  125 |         op_size -= __SCB_ICACHE_LINE_SIZE;
      |                    ^~~~~~~~~~~~~~~~~~~~~~
/Users/seungwon/STM32CubeN6/Drivers/CMSIS/Include/m-profile/armv7m_cachel1.h: In function 'SCB_InvalidateDCache_by_Addr':
/Users/seungwon/STM32CubeN6/Drivers/CMSIS/Include/m-profile/armv7m_cachel1.h:360:32: warning: conversion to 'long unsigned int' from 'int32_t' {aka 'long int'} may change the sign of the result [-Wsign-conversion]
  360 |        int32_t op_size = dsize + (((uint32_t)addr) & (__SCB_DCACHE_LINE_SIZE - 1U));
      |                                ^
/Users/seungwon/STM32CubeN6/Drivers/CMSIS/Include/m-profile/armv7m_cachel1.h:360:26: warning: conversion to 'int32_t' {aka 'long int'} from 'long unsigned int' may change the sign of the result [-Wsign-conversion]
  360 |        int32_t op_size = dsize + (((uint32_t)addr) & (__SCB_DCACHE_LINE_SIZE - 1U));
      |                          ^~~~~
/Users/seungwon/STM32CubeN6/Drivers/CMSIS/Include/m-profile/armv7m_cachel1.h:368:17: warning: conversion to 'long unsigned int' from 'int32_t' {aka 'long int'} may change the sign of the result [-Wsign-conversion]
  368 |         op_size -= __SCB_DCACHE_LINE_SIZE;
      |                 ^~
/Users/seungwon/STM32CubeN6/Drivers/CMSIS/Include/m-profile/armv7m_cachel1.h:44:33: warning: conversion to 'int32_t' {aka 'long int'} from 'long unsigned int' may change the sign of the result [-Wsign-conversion]
   44 | #define __SCB_DCACHE_LINE_SIZE  32U /*!< Cortex-M7 cache line size is fixed to 32 bytes (8 words). See also register SCB_CCSIDR */
      |                                 ^~~
/Users/seungwon/STM32CubeN6/Drivers/CMSIS/Include/m-profile/armv7m_cachel1.h:368:20: note: in expansion of macro '__SCB_DCACHE_LINE_SIZE'
  368 |         op_size -= __SCB_DCACHE_LINE_SIZE;
      |                    ^~~~~~~~~~~~~~~~~~~~~~
/Users/seungwon/STM32CubeN6/Drivers/CMSIS/Include/m-profile/armv7m_cachel1.h: In function 'SCB_CleanDCache_by_Addr':
/Users/seungwon/STM32CubeN6/Drivers/CMSIS/Include/m-profile/armv7m_cachel1.h:390:32: warning: conversion to 'long unsigned int' from 'int32_t' {aka 'long int'} may change the sign of the result [-Wsign-conversion]
  390 |        int32_t op_size = dsize + (((uint32_t)addr) & (__SCB_DCACHE_LINE_SIZE - 1U));
      |                                ^
/Users/seungwon/STM32CubeN6/Drivers/CMSIS/Include/m-profile/armv7m_cachel1.h:390:26: warning: conversion to 'int32_t' {aka 'long int'} from 'long unsigned int' may change the sign of the result [-Wsign-conversion]
  390 |        int32_t op_size = dsize + (((uint32_t)addr) & (__SCB_DCACHE_LINE_SIZE - 1U));
      |                          ^~~~~
/Users/seungwon/STM32CubeN6/Drivers/CMSIS/Include/m-profile/armv7m_cachel1.h:398:17: warning: conversion to 'long unsigned int' from 'int32_t' {aka 'long int'} may change the sign of the result [-Wsign-conversion]
  398 |         op_size -= __SCB_DCACHE_LINE_SIZE;
      |                 ^~
/Users/seungwon/STM32CubeN6/Drivers/CMSIS/Include/m-profile/armv7m_cachel1.h:44:33: warning: conversion to 'int32_t' {aka 'long int'} from 'long unsigned int' may change the sign of the result [-Wsign-conversion]
   44 | #define __SCB_DCACHE_LINE_SIZE  32U /*!< Cortex-M7 cache line size is fixed to 32 bytes (8 words). See also register SCB_CCSIDR */
      |                                 ^~~
/Users/seungwon/STM32CubeN6/Drivers/CMSIS/Include/m-profile/armv7m_cachel1.h:398:20: note: in expansion of macro '__SCB_DCACHE_LINE_SIZE'
  398 |         op_size -= __SCB_DCACHE_LINE_SIZE;
      |                    ^~~~~~~~~~~~~~~~~~~~~~
/Users/seungwon/STM32CubeN6/Drivers/CMSIS/Include/m-profile/armv7m_cachel1.h: In function 'SCB_CleanInvalidateDCache_by_Addr':
/Users/seungwon/STM32CubeN6/Drivers/CMSIS/Include/m-profile/armv7m_cachel1.h:420:32: warning: conversion to 'long unsigned int' from 'int32_t' {aka 'long int'} may change the sign of the result [-Wsign-conversion]
  420 |        int32_t op_size = dsize + (((uint32_t)addr) & (__SCB_DCACHE_LINE_SIZE - 1U));
      |                                ^
/Users/seungwon/STM32CubeN6/Drivers/CMSIS/Include/m-profile/armv7m_cachel1.h:420:26: warning: conversion to 'int32_t' {aka 'long int'} from 'long unsigned int' may change the sign of the result [-Wsign-conversion]
  420 |        int32_t op_size = dsize + (((uint32_t)addr) & (__SCB_DCACHE_LINE_SIZE - 1U));
      |                          ^~~~~
/Users/seungwon/STM32CubeN6/Drivers/CMSIS/Include/m-profile/armv7m_cachel1.h:428:17: warning: conversion to 'long unsigned int' from 'int32_t' {aka 'long int'} may change the sign of the result [-Wsign-conversion]
  428 |         op_size -=          __SCB_DCACHE_LINE_SIZE;
      |                 ^~
/Users/seungwon/STM32CubeN6/Drivers/CMSIS/Include/m-profile/armv7m_cachel1.h:44:33: warning: conversion to 'int32_t' {aka 'long int'} from 'long unsigned int' may change the sign of the result [-Wsign-conversion]
   44 | #define __SCB_DCACHE_LINE_SIZE  32U /*!< Cortex-M7 cache line size is fixed to 32 bytes (8 words). See also register SCB_CCSIDR */
      |                                 ^~~
/Users/seungwon/STM32CubeN6/Drivers/CMSIS/Include/m-profile/armv7m_cachel1.h:428:29: note: in expansion of macro '__SCB_DCACHE_LINE_SIZE'
  428 |         op_size -=          __SCB_DCACHE_LINE_SIZE;
      |                             ^~~~~~~~~~~~~~~~~~~~~~
/Users/seungwon/test/.tools/xpack-arm-none-eabi-gcc-15.2.1-1.1/bin/arm-none-eabi-gcc -DAIMER_MVE_BATCH -DAIMER_M55_MVE_MATVEC -DAIMER_PHASE_PROFILE -DPARAMS=128f -DAIMER_BACKEND=mve -DAIMER_MATVEC=mve -DAIMER_CONFIG=mve_affine -DBENCH_KERNEL_SAMPLES=31 -DBENCH_E2E_SAMPLES=7 -DBENCH_KERNEL_INNER=64 -DBENCH_WARMUP=1 -DPROFILE_SAMPLES=31 -DPROFILE_KERNEL_INNER=64 -DPROFILE_COMPLEX_INNER=8 -DUSE_HAL_DRIVER -DSTM32N657xx -Iinclude -I../src/sig/aimer/reference/aimer-128f -I../src -I/Users/seungwon/STM32CubeN6/Projects/NUCLEO-N657X0-Q/Templates/Template/FSBL/Inc -I/Users/seungwon/STM32CubeN6/Drivers/CMSIS/Include -I/Users/seungwon/STM32CubeN6/Drivers/CMSIS/Device/ST/STM32N6xx/Include -I/Users/seungwon/STM32CubeN6/Drivers/STM32N6xx_HAL_Driver/Inc -I/Users/seungwon/STM32CubeN6/Drivers/STM32N6xx_HAL_Driver/Inc/Legacy -O3 -std=c11 -fno-common -ffunction-sections -fdata-sections -fno-tree-vectorize -fno-tree-slp-vectorize -MMD -MP --specs=nosys.specs -Wall -Wextra -Wshadow -Wconversion -Wstrict-prototypes -mcpu=cortex-m55 -mthumb -mfloat-abi=hard -mcmse -fstack-usage -c /Users/seungwon/STM32CubeN6/Drivers/STM32N6xx_HAL_Driver/Src/stm32n6xx_hal_rcc.c -o build/full/128f/mve-affine/profile/stm32n6xx_hal_rcc.c.o
In file included from /Users/seungwon/STM32CubeN6/Drivers/CMSIS/Include/core_cm55.h:4605,
                 from /Users/seungwon/STM32CubeN6/Drivers/CMSIS/Device/ST/STM32N6xx/Include/stm32n657xx.h:281,
                 from /Users/seungwon/STM32CubeN6/Drivers/CMSIS/Device/ST/STM32N6xx/Include/stm32n6xx.h:87,
                 from /Users/seungwon/STM32CubeN6/Drivers/STM32N6xx_HAL_Driver/Inc/stm32n6xx_hal_def.h:33,
                 from /Users/seungwon/STM32CubeN6/Drivers/STM32N6xx_HAL_Driver/Inc/stm32n6xx_hal_rcc.h:28,
                 from /Users/seungwon/STM32CubeN6/Projects/NUCLEO-N657X0-Q/Templates/Template/FSBL/Inc/stm32n6xx_hal_conf.h:253,
                 from /Users/seungwon/STM32CubeN6/Drivers/STM32N6xx_HAL_Driver/Inc/stm32n6xx_hal.h:29,
                 from /Users/seungwon/STM32CubeN6/Drivers/STM32N6xx_HAL_Driver/Src/stm32n6xx_hal_rcc.c:73:
/Users/seungwon/STM32CubeN6/Drivers/CMSIS/Include/m-profile/armv7m_cachel1.h: In function 'SCB_InvalidateICache_by_Addr':
/Users/seungwon/STM32CubeN6/Drivers/CMSIS/Include/m-profile/armv7m_cachel1.h:117:32: warning: conversion to 'long unsigned int' from 'int32_t' {aka 'long int'} may change the sign of the result [-Wsign-conversion]
  117 |        int32_t op_size = isize + (((uint32_t)addr) & (__SCB_ICACHE_LINE_SIZE - 1U));
      |                                ^
/Users/seungwon/STM32CubeN6/Drivers/CMSIS/Include/m-profile/armv7m_cachel1.h:117:26: warning: conversion to 'int32_t' {aka 'long int'} from 'long unsigned int' may change the sign of the result [-Wsign-conversion]
  117 |        int32_t op_size = isize + (((uint32_t)addr) & (__SCB_ICACHE_LINE_SIZE - 1U));
      |                          ^~~~~
/Users/seungwon/STM32CubeN6/Drivers/CMSIS/Include/m-profile/armv7m_cachel1.h:125:17: warning: conversion to 'long unsigned int' from 'int32_t' {aka 'long int'} may change the sign of the result [-Wsign-conversion]
  125 |         op_size -= __SCB_ICACHE_LINE_SIZE;
      |                 ^~
/Users/seungwon/STM32CubeN6/Drivers/CMSIS/Include/m-profile/armv7m_cachel1.h:48:33: warning: conversion to 'int32_t' {aka 'long int'} from 'long unsigned int' may change the sign of the result [-Wsign-conversion]
   48 | #define __SCB_ICACHE_LINE_SIZE  32U /*!< Cortex-M7 cache line size is fixed to 32 bytes (8 words). See also register SCB_CCSIDR */
      |                                 ^~~
/Users/seungwon/STM32CubeN6/Drivers/CMSIS/Include/m-profile/armv7m_cachel1.h:125:20: note: in expansion of macro '__SCB_ICACHE_LINE_SIZE'
  125 |         op_size -= __SCB_ICACHE_LINE_SIZE;
      |                    ^~~~~~~~~~~~~~~~~~~~~~
/Users/seungwon/STM32CubeN6/Drivers/CMSIS/Include/m-profile/armv7m_cachel1.h: In function 'SCB_InvalidateDCache_by_Addr':
/Users/seungwon/STM32CubeN6/Drivers/CMSIS/Include/m-profile/armv7m_cachel1.h:360:32: warning: conversion to 'long unsigned int' from 'int32_t' {aka 'long int'} may change the sign of the result [-Wsign-conversion]
  360 |        int32_t op_size = dsize + (((uint32_t)addr) & (__SCB_DCACHE_LINE_SIZE - 1U));
      |                                ^
/Users/seungwon/STM32CubeN6/Drivers/CMSIS/Include/m-profile/armv7m_cachel1.h:360:26: warning: conversion to 'int32_t' {aka 'long int'} from 'long unsigned int' may change the sign of the result [-Wsign-conversion]
  360 |        int32_t op_size = dsize + (((uint32_t)addr) & (__SCB_DCACHE_LINE_SIZE - 1U));
      |                          ^~~~~
/Users/seungwon/STM32CubeN6/Drivers/CMSIS/Include/m-profile/armv7m_cachel1.h:368:17: warning: conversion to 'long unsigned int' from 'int32_t' {aka 'long int'} may change the sign of the result [-Wsign-conversion]
  368 |         op_size -= __SCB_DCACHE_LINE_SIZE;
      |                 ^~
/Users/seungwon/STM32CubeN6/Drivers/CMSIS/Include/m-profile/armv7m_cachel1.h:44:33: warning: conversion to 'int32_t' {aka 'long int'} from 'long unsigned int' may change the sign of the result [-Wsign-conversion]
   44 | #define __SCB_DCACHE_LINE_SIZE  32U /*!< Cortex-M7 cache line size is fixed to 32 bytes (8 words). See also register SCB_CCSIDR */
      |                                 ^~~
/Users/seungwon/STM32CubeN6/Drivers/CMSIS/Include/m-profile/armv7m_cachel1.h:368:20: note: in expansion of macro '__SCB_DCACHE_LINE_SIZE'
  368 |         op_size -= __SCB_DCACHE_LINE_SIZE;
      |                    ^~~~~~~~~~~~~~~~~~~~~~
/Users/seungwon/STM32CubeN6/Drivers/CMSIS/Include/m-profile/armv7m_cachel1.h: In function 'SCB_CleanDCache_by_Addr':
/Users/seungwon/STM32CubeN6/Drivers/CMSIS/Include/m-profile/armv7m_cachel1.h:390:32: warning: conversion to 'long unsigned int' from 'int32_t' {aka 'long int'} may change the sign of the result [-Wsign-conversion]
  390 |        int32_t op_size = dsize + (((uint32_t)addr) & (__SCB_DCACHE_LINE_SIZE - 1U));
      |                                ^
/Users/seungwon/STM32CubeN6/Drivers/CMSIS/Include/m-profile/armv7m_cachel1.h:390:26: warning: conversion to 'int32_t' {aka 'long int'} from 'long unsigned int' may change the sign of the result [-Wsign-conversion]
  390 |        int32_t op_size = dsize + (((uint32_t)addr) & (__SCB_DCACHE_LINE_SIZE - 1U));
      |                          ^~~~~
/Users/seungwon/STM32CubeN6/Drivers/CMSIS/Include/m-profile/armv7m_cachel1.h:398:17: warning: conversion to 'long unsigned int' from 'int32_t' {aka 'long int'} may change the sign of the result [-Wsign-conversion]
  398 |         op_size -= __SCB_DCACHE_LINE_SIZE;
      |                 ^~
/Users/seungwon/STM32CubeN6/Drivers/CMSIS/Include/m-profile/armv7m_cachel1.h:44:33: warning: conversion to 'int32_t' {aka 'long int'} from 'long unsigned int' may change the sign of the result [-Wsign-conversion]
   44 | #define __SCB_DCACHE_LINE_SIZE  32U /*!< Cortex-M7 cache line size is fixed to 32 bytes (8 words). See also register SCB_CCSIDR */
      |                                 ^~~
/Users/seungwon/STM32CubeN6/Drivers/CMSIS/Include/m-profile/armv7m_cachel1.h:398:20: note: in expansion of macro '__SCB_DCACHE_LINE_SIZE'
  398 |         op_size -= __SCB_DCACHE_LINE_SIZE;
      |                    ^~~~~~~~~~~~~~~~~~~~~~
/Users/seungwon/STM32CubeN6/Drivers/CMSIS/Include/m-profile/armv7m_cachel1.h: In function 'SCB_CleanInvalidateDCache_by_Addr':
/Users/seungwon/STM32CubeN6/Drivers/CMSIS/Include/m-profile/armv7m_cachel1.h:420:32: warning: conversion to 'long unsigned int' from 'int32_t' {aka 'long int'} may change the sign of the result [-Wsign-conversion]
  420 |        int32_t op_size = dsize + (((uint32_t)addr) & (__SCB_DCACHE_LINE_SIZE - 1U));
      |                                ^
/Users/seungwon/STM32CubeN6/Drivers/CMSIS/Include/m-profile/armv7m_cachel1.h:420:26: warning: conversion to 'int32_t' {aka 'long int'} from 'long unsigned int' may change the sign of the result [-Wsign-conversion]
  420 |        int32_t op_size = dsize + (((uint32_t)addr) & (__SCB_DCACHE_LINE_SIZE - 1U));
      |                          ^~~~~
/Users/seungwon/STM32CubeN6/Drivers/CMSIS/Include/m-profile/armv7m_cachel1.h:428:17: warning: conversion to 'long unsigned int' from 'int32_t' {aka 'long int'} may change the sign of the result [-Wsign-conversion]
  428 |         op_size -=          __SCB_DCACHE_LINE_SIZE;
      |                 ^~
/Users/seungwon/STM32CubeN6/Drivers/CMSIS/Include/m-profile/armv7m_cachel1.h:44:33: warning: conversion to 'int32_t' {aka 'long int'} from 'long unsigned int' may change the sign of the result [-Wsign-conversion]
   44 | #define __SCB_DCACHE_LINE_SIZE  32U /*!< Cortex-M7 cache line size is fixed to 32 bytes (8 words). See also register SCB_CCSIDR */
      |                                 ^~~
/Users/seungwon/STM32CubeN6/Drivers/CMSIS/Include/m-profile/armv7m_cachel1.h:428:29: note: in expansion of macro '__SCB_DCACHE_LINE_SIZE'
  428 |         op_size -=          __SCB_DCACHE_LINE_SIZE;
      |                             ^~~~~~~~~~~~~~~~~~~~~~
/Users/seungwon/test/.tools/xpack-arm-none-eabi-gcc-15.2.1-1.1/bin/arm-none-eabi-gcc -DAIMER_MVE_BATCH -DAIMER_M55_MVE_MATVEC -DAIMER_PHASE_PROFILE -DPARAMS=128f -DAIMER_BACKEND=mve -DAIMER_MATVEC=mve -DAIMER_CONFIG=mve_affine -DBENCH_KERNEL_SAMPLES=31 -DBENCH_E2E_SAMPLES=7 -DBENCH_KERNEL_INNER=64 -DBENCH_WARMUP=1 -DPROFILE_SAMPLES=31 -DPROFILE_KERNEL_INNER=64 -DPROFILE_COMPLEX_INNER=8 -DUSE_HAL_DRIVER -DSTM32N657xx -Iinclude -I../src/sig/aimer/reference/aimer-128f -I../src -I/Users/seungwon/STM32CubeN6/Projects/NUCLEO-N657X0-Q/Templates/Template/FSBL/Inc -I/Users/seungwon/STM32CubeN6/Drivers/CMSIS/Include -I/Users/seungwon/STM32CubeN6/Drivers/CMSIS/Device/ST/STM32N6xx/Include -I/Users/seungwon/STM32CubeN6/Drivers/STM32N6xx_HAL_Driver/Inc -I/Users/seungwon/STM32CubeN6/Drivers/STM32N6xx_HAL_Driver/Inc/Legacy -O3 -std=c11 -fno-common -ffunction-sections -fdata-sections -fno-tree-vectorize -fno-tree-slp-vectorize -MMD -MP --specs=nosys.specs -Wall -Wextra -Wshadow -Wconversion -Wstrict-prototypes -mcpu=cortex-m55 -mthumb -mfloat-abi=hard -mcmse -fstack-usage -c /Users/seungwon/STM32CubeN6/Drivers/STM32N6xx_HAL_Driver/Src/stm32n6xx_hal_rcc_ex.c -o build/full/128f/mve-affine/profile/stm32n6xx_hal_rcc_ex.c.o
In file included from /Users/seungwon/STM32CubeN6/Drivers/CMSIS/Include/core_cm55.h:4605,
                 from /Users/seungwon/STM32CubeN6/Drivers/CMSIS/Device/ST/STM32N6xx/Include/stm32n657xx.h:281,
                 from /Users/seungwon/STM32CubeN6/Drivers/CMSIS/Device/ST/STM32N6xx/Include/stm32n6xx.h:87,
                 from /Users/seungwon/STM32CubeN6/Drivers/STM32N6xx_HAL_Driver/Inc/stm32n6xx_hal_def.h:33,
                 from /Users/seungwon/STM32CubeN6/Drivers/STM32N6xx_HAL_Driver/Inc/stm32n6xx_hal_rcc.h:28,
                 from /Users/seungwon/STM32CubeN6/Projects/NUCLEO-N657X0-Q/Templates/Template/FSBL/Inc/stm32n6xx_hal_conf.h:253,
                 from /Users/seungwon/STM32CubeN6/Drivers/STM32N6xx_HAL_Driver/Inc/stm32n6xx_hal.h:29,
                 from /Users/seungwon/STM32CubeN6/Drivers/STM32N6xx_HAL_Driver/Src/stm32n6xx_hal_rcc_ex.c:24:
/Users/seungwon/STM32CubeN6/Drivers/CMSIS/Include/m-profile/armv7m_cachel1.h: In function 'SCB_InvalidateICache_by_Addr':
/Users/seungwon/STM32CubeN6/Drivers/CMSIS/Include/m-profile/armv7m_cachel1.h:117:32: warning: conversion to 'long unsigned int' from 'int32_t' {aka 'long int'} may change the sign of the result [-Wsign-conversion]
  117 |        int32_t op_size = isize + (((uint32_t)addr) & (__SCB_ICACHE_LINE_SIZE - 1U));
      |                                ^
/Users/seungwon/STM32CubeN6/Drivers/CMSIS/Include/m-profile/armv7m_cachel1.h:117:26: warning: conversion to 'int32_t' {aka 'long int'} from 'long unsigned int' may change the sign of the result [-Wsign-conversion]
  117 |        int32_t op_size = isize + (((uint32_t)addr) & (__SCB_ICACHE_LINE_SIZE - 1U));
      |                          ^~~~~
/Users/seungwon/STM32CubeN6/Drivers/CMSIS/Include/m-profile/armv7m_cachel1.h:125:17: warning: conversion to 'long unsigned int' from 'int32_t' {aka 'long int'} may change the sign of the result [-Wsign-conversion]
  125 |         op_size -= __SCB_ICACHE_LINE_SIZE;
      |                 ^~
/Users/seungwon/STM32CubeN6/Drivers/CMSIS/Include/m-profile/armv7m_cachel1.h:48:33: warning: conversion to 'int32_t' {aka 'long int'} from 'long unsigned int' may change the sign of the result [-Wsign-conversion]
   48 | #define __SCB_ICACHE_LINE_SIZE  32U /*!< Cortex-M7 cache line size is fixed to 32 bytes (8 words). See also register SCB_CCSIDR */
      |                                 ^~~
/Users/seungwon/STM32CubeN6/Drivers/CMSIS/Include/m-profile/armv7m_cachel1.h:125:20: note: in expansion of macro '__SCB_ICACHE_LINE_SIZE'
  125 |         op_size -= __SCB_ICACHE_LINE_SIZE;
      |                    ^~~~~~~~~~~~~~~~~~~~~~
/Users/seungwon/STM32CubeN6/Drivers/CMSIS/Include/m-profile/armv7m_cachel1.h: In function 'SCB_InvalidateDCache_by_Addr':
/Users/seungwon/STM32CubeN6/Drivers/CMSIS/Include/m-profile/armv7m_cachel1.h:360:32: warning: conversion to 'long unsigned int' from 'int32_t' {aka 'long int'} may change the sign of the result [-Wsign-conversion]
  360 |        int32_t op_size = dsize + (((uint32_t)addr) & (__SCB_DCACHE_LINE_SIZE - 1U));
      |                                ^
/Users/seungwon/STM32CubeN6/Drivers/CMSIS/Include/m-profile/armv7m_cachel1.h:360:26: warning: conversion to 'int32_t' {aka 'long int'} from 'long unsigned int' may change the sign of the result [-Wsign-conversion]
  360 |        int32_t op_size = dsize + (((uint32_t)addr) & (__SCB_DCACHE_LINE_SIZE - 1U));
      |                          ^~~~~
/Users/seungwon/STM32CubeN6/Drivers/CMSIS/Include/m-profile/armv7m_cachel1.h:368:17: warning: conversion to 'long unsigned int' from 'int32_t' {aka 'long int'} may change the sign of the result [-Wsign-conversion]
  368 |         op_size -= __SCB_DCACHE_LINE_SIZE;
      |                 ^~
/Users/seungwon/STM32CubeN6/Drivers/CMSIS/Include/m-profile/armv7m_cachel1.h:44:33: warning: conversion to 'int32_t' {aka 'long int'} from 'long unsigned int' may change the sign of the result [-Wsign-conversion]
   44 | #define __SCB_DCACHE_LINE_SIZE  32U /*!< Cortex-M7 cache line size is fixed to 32 bytes (8 words). See also register SCB_CCSIDR */
      |                                 ^~~
/Users/seungwon/STM32CubeN6/Drivers/CMSIS/Include/m-profile/armv7m_cachel1.h:368:20: note: in expansion of macro '__SCB_DCACHE_LINE_SIZE'
  368 |         op_size -= __SCB_DCACHE_LINE_SIZE;
      |                    ^~~~~~~~~~~~~~~~~~~~~~
/Users/seungwon/STM32CubeN6/Drivers/CMSIS/Include/m-profile/armv7m_cachel1.h: In function 'SCB_CleanDCache_by_Addr':
/Users/seungwon/STM32CubeN6/Drivers/CMSIS/Include/m-profile/armv7m_cachel1.h:390:32: warning: conversion to 'long unsigned int' from 'int32_t' {aka 'long int'} may change the sign of the result [-Wsign-conversion]
  390 |        int32_t op_size = dsize + (((uint32_t)addr) & (__SCB_DCACHE_LINE_SIZE - 1U));
      |                                ^
/Users/seungwon/STM32CubeN6/Drivers/CMSIS/Include/m-profile/armv7m_cachel1.h:390:26: warning: conversion to 'int32_t' {aka 'long int'} from 'long unsigned int' may change the sign of the result [-Wsign-conversion]
  390 |        int32_t op_size = dsize + (((uint32_t)addr) & (__SCB_DCACHE_LINE_SIZE - 1U));
      |                          ^~~~~
/Users/seungwon/STM32CubeN6/Drivers/CMSIS/Include/m-profile/armv7m_cachel1.h:398:17: warning: conversion to 'long unsigned int' from 'int32_t' {aka 'long int'} may change the sign of the result [-Wsign-conversion]
  398 |         op_size -= __SCB_DCACHE_LINE_SIZE;
      |                 ^~
/Users/seungwon/STM32CubeN6/Drivers/CMSIS/Include/m-profile/armv7m_cachel1.h:44:33: warning: conversion to 'int32_t' {aka 'long int'} from 'long unsigned int' may change the sign of the result [-Wsign-conversion]
   44 | #define __SCB_DCACHE_LINE_SIZE  32U /*!< Cortex-M7 cache line size is fixed to 32 bytes (8 words). See also register SCB_CCSIDR */
      |                                 ^~~
/Users/seungwon/STM32CubeN6/Drivers/CMSIS/Include/m-profile/armv7m_cachel1.h:398:20: note: in expansion of macro '__SCB_DCACHE_LINE_SIZE'
  398 |         op_size -= __SCB_DCACHE_LINE_SIZE;
      |                    ^~~~~~~~~~~~~~~~~~~~~~
/Users/seungwon/STM32CubeN6/Drivers/CMSIS/Include/m-profile/armv7m_cachel1.h: In function 'SCB_CleanInvalidateDCache_by_Addr':
/Users/seungwon/STM32CubeN6/Drivers/CMSIS/Include/m-profile/armv7m_cachel1.h:420:32: warning: conversion to 'long unsigned int' from 'int32_t' {aka 'long int'} may change the sign of the result [-Wsign-conversion]
  420 |        int32_t op_size = dsize + (((uint32_t)addr) & (__SCB_DCACHE_LINE_SIZE - 1U));
      |                                ^
/Users/seungwon/STM32CubeN6/Drivers/CMSIS/Include/m-profile/armv7m_cachel1.h:420:26: warning: conversion to 'int32_t' {aka 'long int'} from 'long unsigned int' may change the sign of the result [-Wsign-conversion]
  420 |        int32_t op_size = dsize + (((uint32_t)addr) & (__SCB_DCACHE_LINE_SIZE - 1U));
      |                          ^~~~~
/Users/seungwon/STM32CubeN6/Drivers/CMSIS/Include/m-profile/armv7m_cachel1.h:428:17: warning: conversion to 'long unsigned int' from 'int32_t' {aka 'long int'} may change the sign of the result [-Wsign-conversion]
  428 |         op_size -=          __SCB_DCACHE_LINE_SIZE;
      |                 ^~
/Users/seungwon/STM32CubeN6/Drivers/CMSIS/Include/m-profile/armv7m_cachel1.h:44:33: warning: conversion to 'int32_t' {aka 'long int'} from 'long unsigned int' may change the sign of the result [-Wsign-conversion]
   44 | #define __SCB_DCACHE_LINE_SIZE  32U /*!< Cortex-M7 cache line size is fixed to 32 bytes (8 words). See also register SCB_CCSIDR */
      |                                 ^~~
/Users/seungwon/STM32CubeN6/Drivers/CMSIS/Include/m-profile/armv7m_cachel1.h:428:29: note: in expansion of macro '__SCB_DCACHE_LINE_SIZE'
  428 |         op_size -=          __SCB_DCACHE_LINE_SIZE;
      |                             ^~~~~~~~~~~~~~~~~~~~~~
/Users/seungwon/test/.tools/xpack-arm-none-eabi-gcc-15.2.1-1.1/bin/arm-none-eabi-gcc -DAIMER_MVE_BATCH -DAIMER_M55_MVE_MATVEC -DAIMER_PHASE_PROFILE -DPARAMS=128f -DAIMER_BACKEND=mve -DAIMER_MATVEC=mve -DAIMER_CONFIG=mve_affine -DBENCH_KERNEL_SAMPLES=31 -DBENCH_E2E_SAMPLES=7 -DBENCH_KERNEL_INNER=64 -DBENCH_WARMUP=1 -DPROFILE_SAMPLES=31 -DPROFILE_KERNEL_INNER=64 -DPROFILE_COMPLEX_INNER=8 -DUSE_HAL_DRIVER -DSTM32N657xx -Iinclude -I../src/sig/aimer/reference/aimer-128f -I../src -I/Users/seungwon/STM32CubeN6/Projects/NUCLEO-N657X0-Q/Templates/Template/FSBL/Inc -I/Users/seungwon/STM32CubeN6/Drivers/CMSIS/Include -I/Users/seungwon/STM32CubeN6/Drivers/CMSIS/Device/ST/STM32N6xx/Include -I/Users/seungwon/STM32CubeN6/Drivers/STM32N6xx_HAL_Driver/Inc -I/Users/seungwon/STM32CubeN6/Drivers/STM32N6xx_HAL_Driver/Inc/Legacy -O3 -std=c11 -fno-common -ffunction-sections -fdata-sections -fno-tree-vectorize -fno-tree-slp-vectorize -MMD -MP --specs=nosys.specs -Wall -Wextra -Wshadow -Wconversion -Wstrict-prototypes -mcpu=cortex-m55 -mthumb -mfloat-abi=hard -mcmse -fstack-usage -x assembler-with-cpp -c /Users/seungwon/STM32CubeN6/Projects/NUCLEO-N657X0-Q/Templates/Template/STM32CubeIDE/FSBL/Application/Startup/startup_stm32n657x0hxq_fsbl.s -o build/full/128f/mve-affine/profile/startup_stm32n657x0hxq_fsbl.s.o
/Users/seungwon/test/.tools/xpack-arm-none-eabi-gcc-15.2.1-1.1/bin/arm-none-eabi-gcc --specs=nosys.specs -Wl,--gc-sections -Wl,--print-memory-usage -Wl,-Map,build/full/128f/mve-affine/profile/aimer-m55-128f-mve-affine-profile.map -Wl,--wrap=main -Wl,--wrap=_write -Wl,--wrap=_read -Ttoolchain/board/nucleo-n657x0-q/stm32n657-axi-sram.ld -Wl,--wrap=samsungsds_aimer_128f_ref_gf_mat_vec_mul_add -mcpu=cortex-m55 -mthumb -mfloat-abi=hard -mcmse build/full/128f/mve-affine/profile/profile.c.o build/full/128f/mve-affine/profile/field_batch.c.o build/full/128f/mve-affine/profile/mpc_batch.c.o build/full/128f/mve-affine/profile/aim3.c.o build/full/128f/mve-affine/profile/hash.c.o build/full/128f/mve-affine/profile/field_common.c.o build/full/128f/mve-affine/profile/field_mve.c.o build/full/128f/mve-affine/profile/matvec_mve.c.o build/full/128f/mve-affine/profile/fips202.c.o build/full/128f/mve-affine/profile/platform.c.o build/full/128f/mve-affine/profile/system_stm32n6xx_fsbl.c.o build/full/128f/mve-affine/profile/stm32n6xx_hal.c.o build/full/128f/mve-affine/profile/stm32n6xx_hal_cortex.c.o build/full/128f/mve-affine/profile/stm32n6xx_hal_pwr.c.o build/full/128f/mve-affine/profile/stm32n6xx_hal_pwr_ex.c.o build/full/128f/mve-affine/profile/stm32n6xx_hal_rcc.c.o build/full/128f/mve-affine/profile/stm32n6xx_hal_rcc_ex.c.o build/full/128f/mve-affine/profile/startup_stm32n657x0hxq_fsbl.s.o -lc -lm -o build/full/128f/mve-affine/profile/aimer-m55-128f-mve-affine-profile.elf
/Users/seungwon/test/.tools/xpack-arm-none-eabi-gcc-15.2.1-1.1/bin/../lib/gcc/arm-none-eabi/15.2.1/../../../../arm-none-eabi/bin/ld: /Users/seungwon/test/.tools/xpack-arm-none-eabi-gcc-15.2.1-1.1/bin/../lib/gcc/arm-none-eabi/15.2.1/../../../../arm-none-eabi/lib/thumb/v8-m.main+dp/hard/libc.a(libc_a-closer.o): in function `_close_r':
(.text._close_r+0xc): warning: _close is not implemented and will always fail
/Users/seungwon/test/.tools/xpack-arm-none-eabi-gcc-15.2.1-1.1/bin/../lib/gcc/arm-none-eabi/15.2.1/../../../../arm-none-eabi/bin/ld: /Users/seungwon/test/.tools/xpack-arm-none-eabi-gcc-15.2.1-1.1/bin/../lib/gcc/arm-none-eabi/15.2.1/../../../../arm-none-eabi/lib/thumb/v8-m.main+dp/hard/libc.a(libc_a-closer.o): note: the message above does not take linker garbage collection into account
/Users/seungwon/test/.tools/xpack-arm-none-eabi-gcc-15.2.1-1.1/bin/../lib/gcc/arm-none-eabi/15.2.1/../../../../arm-none-eabi/bin/ld: /Users/seungwon/test/.tools/xpack-arm-none-eabi-gcc-15.2.1-1.1/bin/../lib/gcc/arm-none-eabi/15.2.1/../../../../arm-none-eabi/lib/thumb/v8-m.main+dp/hard/libc.a(libc_a-fstatr.o): in function `_fstat_r':
(.text._fstat_r+0xe): warning: _fstat is not implemented and will always fail
/Users/seungwon/test/.tools/xpack-arm-none-eabi-gcc-15.2.1-1.1/bin/../lib/gcc/arm-none-eabi/15.2.1/../../../../arm-none-eabi/bin/ld: /Users/seungwon/test/.tools/xpack-arm-none-eabi-gcc-15.2.1-1.1/bin/../lib/gcc/arm-none-eabi/15.2.1/../../../../arm-none-eabi/lib/thumb/v8-m.main+dp/hard/libc.a(libc_a-fstatr.o): note: the message above does not take linker garbage collection into account
/Users/seungwon/test/.tools/xpack-arm-none-eabi-gcc-15.2.1-1.1/bin/../lib/gcc/arm-none-eabi/15.2.1/../../../../arm-none-eabi/bin/ld: /Users/seungwon/test/.tools/xpack-arm-none-eabi-gcc-15.2.1-1.1/bin/../lib/gcc/arm-none-eabi/15.2.1/../../../../arm-none-eabi/lib/thumb/v8-m.main+dp/hard/libc.a(libc_a-signalr.o): in function `_getpid_r':
(.text._getpid_r+0x0): warning: _getpid is not implemented and will always fail
/Users/seungwon/test/.tools/xpack-arm-none-eabi-gcc-15.2.1-1.1/bin/../lib/gcc/arm-none-eabi/15.2.1/../../../../arm-none-eabi/bin/ld: /Users/seungwon/test/.tools/xpack-arm-none-eabi-gcc-15.2.1-1.1/bin/../lib/gcc/arm-none-eabi/15.2.1/../../../../arm-none-eabi/lib/thumb/v8-m.main+dp/hard/libc.a(libc_a-signalr.o): note: the message above does not take linker garbage collection into account
/Users/seungwon/test/.tools/xpack-arm-none-eabi-gcc-15.2.1-1.1/bin/../lib/gcc/arm-none-eabi/15.2.1/../../../../arm-none-eabi/bin/ld: /Users/seungwon/test/.tools/xpack-arm-none-eabi-gcc-15.2.1-1.1/bin/../lib/gcc/arm-none-eabi/15.2.1/../../../../arm-none-eabi/lib/thumb/v8-m.main+dp/hard/libc.a(libc_a-isattyr.o): in function `_isatty_r':
(.text._isatty_r+0xc): warning: _isatty is not implemented and will always fail
/Users/seungwon/test/.tools/xpack-arm-none-eabi-gcc-15.2.1-1.1/bin/../lib/gcc/arm-none-eabi/15.2.1/../../../../arm-none-eabi/bin/ld: /Users/seungwon/test/.tools/xpack-arm-none-eabi-gcc-15.2.1-1.1/bin/../lib/gcc/arm-none-eabi/15.2.1/../../../../arm-none-eabi/lib/thumb/v8-m.main+dp/hard/libc.a(libc_a-isattyr.o): note: the message above does not take linker garbage collection into account
/Users/seungwon/test/.tools/xpack-arm-none-eabi-gcc-15.2.1-1.1/bin/../lib/gcc/arm-none-eabi/15.2.1/../../../../arm-none-eabi/bin/ld: /Users/seungwon/test/.tools/xpack-arm-none-eabi-gcc-15.2.1-1.1/bin/../lib/gcc/arm-none-eabi/15.2.1/../../../../arm-none-eabi/lib/thumb/v8-m.main+dp/hard/libc.a(libc_a-signalr.o): in function `_kill_r':
(.text._kill_r+0xe): warning: _kill is not implemented and will always fail
/Users/seungwon/test/.tools/xpack-arm-none-eabi-gcc-15.2.1-1.1/bin/../lib/gcc/arm-none-eabi/15.2.1/../../../../arm-none-eabi/bin/ld: /Users/seungwon/test/.tools/xpack-arm-none-eabi-gcc-15.2.1-1.1/bin/../lib/gcc/arm-none-eabi/15.2.1/../../../../arm-none-eabi/lib/thumb/v8-m.main+dp/hard/libc.a(libc_a-signalr.o): note: the message above does not take linker garbage collection into account
/Users/seungwon/test/.tools/xpack-arm-none-eabi-gcc-15.2.1-1.1/bin/../lib/gcc/arm-none-eabi/15.2.1/../../../../arm-none-eabi/bin/ld: /Users/seungwon/test/.tools/xpack-arm-none-eabi-gcc-15.2.1-1.1/bin/../lib/gcc/arm-none-eabi/15.2.1/../../../../arm-none-eabi/lib/thumb/v8-m.main+dp/hard/libc.a(libc_a-lseekr.o): in function `_lseek_r':
(.text._lseek_r+0x10): warning: _lseek is not implemented and will always fail
/Users/seungwon/test/.tools/xpack-arm-none-eabi-gcc-15.2.1-1.1/bin/../lib/gcc/arm-none-eabi/15.2.1/../../../../arm-none-eabi/bin/ld: /Users/seungwon/test/.tools/xpack-arm-none-eabi-gcc-15.2.1-1.1/bin/../lib/gcc/arm-none-eabi/15.2.1/../../../../arm-none-eabi/lib/thumb/v8-m.main+dp/hard/libc.a(libc_a-lseekr.o): note: the message above does not take linker garbage collection into account
Memory region         Used Size  Region Size  %age Used
             ROM:       67664 B       255 KB     25.91%
         BOOTRAM:        256 KB       256 KB    100.00%
         HEAPRAM:          4 KB      1792 KB      0.22%
/Users/seungwon/test/.tools/xpack-arm-none-eabi-gcc-15.2.1-1.1/bin/arm-none-eabi-size build/full/128f/mve-affine/profile/aimer-m55-128f-mve-affine-profile.elf
   text	   data	    bss	    dec	    hex	filename
  65452	   2192	 145752	 213396	  34194	build/full/128f/mve-affine/profile/aimer-m55-128f-mve-affine-profile.elf
/Users/Shared/cortexctl run m55 -- /Users/seungwon/test/.tools/xpack-openocd-0.12.0-7/bin/openocd \
		-s /Users/seungwon/test/.tools/xpack-openocd-0.12.0-7/openocd/scripts -s /Users/seungwon/test/.tools/openocd-scripts \
		-f toolchain/board/nucleo-n657x0-q/openocd.cfg \
		-c init -c 'reset halt' \
		-c 'load_image /Users/seungwon/AIMer3_on_AVX512/AIMer_v3/m55/build/full/128f/mve-affine/profile/aimer-m55-128f-mve-affine-profile.elf' \
		-c 'verify_image /Users/seungwon/AIMer3_on_AVX512/AIMer_v3/m55/build/full/128f/mve-affine/profile/aimer-m55-128f-mve-affine-profile.elf' \
		-c 'set vector_msp [mrw 0x34180400]' \
		-c 'set vector_reset [mrw 0x34180404]' \
		-c 'arm semihosting enable' \
		-c 'arm semihosting_resexit enable' \
		-c 'reg msp $vector_msp' -c 'resume $vector_reset'
xPack Open On-Chip Debugger 0.12.0+dev-02228-ge5888bda3-dirty (2025-10-04-22:45)
Licensed under GNU GPL v2
For bug reports, read
	http://openocd.org/doc/doxygen/bugs.html
adapter speed: 1000 kHz
Info : STLINK V3J15M6 (API v3) VID:PID 0483:3754
Info : Target voltage: 3.283034
Info : clock speed 1000 kHz
Info : SWD DPIDR 0x6ba02477
Info : [stm32n6x.ap0] Examination succeed
Info : [stm32n6x.cpu] Cortex-M55 r1p1 processor detected
Info : [stm32n6x.cpu] target has 8 breakpoints, 8 watchpoints
stm32n6x.cpu in Secure state
Info : [stm32n6x.cpu] Examination succeed
Info : [stm32n6x.ap0] gdb port disabled
Info : [stm32n6x.cpu] starting gdb server on 3333
Info : Listening on port 3333 for gdb connections
[stm32n6x.cpu] halted due to debug-request, current mode: Thread 
xPSR: 0x81000000 pc: 0x18003a1a msp: 0x341037a0
66496 bytes written at address 0x34180000
2192 bytes written at address 0x341903c0
downloaded 68688 bytes in 0.504888s (132.857 KiB/s)
verified 68688 bytes in 0.559064s (119.983 KiB/s)
0x34200000
0x3418675d
semihosting is enabled
semihosting resumable exit is enabled
msp (/32): 0x34200000
Info : Listening on port 6666 for tcl connections
Info : Listening on port 4444 for telnet connections
AIMer v3 on NUCLEO-N657X0-Q
Cortex-M55 @ 600000000 Hz, MVE=2, I/D-cache=on
PROFILE_CONFIG,param=128f,config=mve_affine,backend=mve,matvec=mve,cpu_hz=600000000,bits=128,limbs16=8,padded_limbs16=8,L=2,N=16,T=33,exponent_sum=21
PROFILE_COUNTS,param=128f,keygen_inv=3,keygen_mul=384,keygen_sqr=402,linear_generation_matvec=512,keygen_total_matvec=516,sign_batch_mpc=264,sign_scalar_mpc=33,verify_batch_mpc=132,challenge_batch_mul_sign=1188,challenge_batch_mul_verify=1188
PROFILE_SAMPLE,param=128f,config=mve_affine,backend=mve,matvec=mve,operation=gf_mul,sample=0,inner=64,items=1,raw_cycles=48393
PROFILE_SAMPLE,param=128f,config=mve_affine,backend=mve,matvec=mve,operation=gf_mul,sample=1,inner=64,items=1,raw_cycles=47686
PROFILE_SAMPLE,param=128f,config=mve_affine,backend=mve,matvec=mve,operation=gf_mul,sample=2,inner=64,items=1,raw_cycles=47686
PROFILE_SAMPLE,param=128f,config=mve_affine,backend=mve,matvec=mve,operation=gf_mul,sample=3,inner=64,items=1,raw_cycles=47686
PROFILE_SAMPLE,param=128f,config=mve_affine,backend=mve,matvec=mve,operation=gf_mul,sample=4,inner=64,items=1,raw_cycles=47686
PROFILE_SAMPLE,param=128f,config=mve_affine,backend=mve,matvec=mve,operation=gf_mul,sample=5,inner=64,items=1,raw_cycles=47686
PROFILE_SAMPLE,param=128f,config=mve_affine,backend=mve,matvec=mve,operation=gf_mul,sample=6,inner=64,items=1,raw_cycles=47686
PROFILE_SAMPLE,param=128f,config=mve_affine,backend=mve,matvec=mve,operation=gf_mul,sample=7,inner=64,items=1,raw_cycles=47686
PROFILE_SAMPLE,param=128f,config=mve_affine,backend=mve,matvec=mve,operation=gf_mul,sample=8,inner=64,items=1,raw_cycles=47686
PROFILE_SAMPLE,param=128f,config=mve_affine,backend=mve,matvec=mve,operation=gf_mul,sample=9,inner=64,items=1,raw_cycles=47686
PROFILE_SAMPLE,param=128f,config=mve_affine,backend=mve,matvec=mve,operation=gf_mul,sample=10,inner=64,items=1,raw_cycles=47686
PROFILE_SAMPLE,param=128f,config=mve_affine,backend=mve,matvec=mve,operation=gf_mul,sample=11,inner=64,items=1,raw_cycles=47686
PROFILE_SAMPLE,param=128f,config=mve_affine,backend=mve,matvec=mve,operation=gf_mul,sample=12,inner=64,items=1,raw_cycles=47686
PROFILE_SAMPLE,param=128f,config=mve_affine,backend=mve,matvec=mve,operation=gf_mul,sample=13,inner=64,items=1,raw_cycles=47686
PROFILE_SAMPLE,param=128f,config=mve_affine,backend=mve,matvec=mve,operation=gf_mul,sample=14,inner=64,items=1,raw_cycles=47686
PROFILE_SAMPLE,param=128f,config=mve_affine,backend=mve,matvec=mve,operation=gf_mul,sample=15,inner=64,items=1,raw_cycles=47686
PROFILE_SAMPLE,param=128f,config=mve_affine,backend=mve,matvec=mve,operation=gf_mul,sample=16,inner=64,items=1,raw_cycles=47686
PROFILE_SAMPLE,param=128f,config=mve_affine,backend=mve,matvec=mve,operation=gf_mul,sample=17,inner=64,items=1,raw_cycles=47686
PROFILE_SAMPLE,param=128f,config=mve_affine,backend=mve,matvec=mve,operation=gf_mul,sample=18,inner=64,items=1,raw_cycles=47686
PROFILE_SAMPLE,param=128f,config=mve_affine,backend=mve,matvec=mve,operation=gf_mul,sample=19,inner=64,items=1,raw_cycles=47686
PROFILE_SAMPLE,param=128f,config=mve_affine,backend=mve,matvec=mve,operation=gf_mul,sample=20,inner=64,items=1,raw_cycles=47686
PROFILE_SAMPLE,param=128f,config=mve_affine,backend=mve,matvec=mve,operation=gf_mul,sample=21,inner=64,items=1,raw_cycles=47686
PROFILE_SAMPLE,param=128f,config=mve_affine,backend=mve,matvec=mve,operation=gf_mul,sample=22,inner=64,items=1,raw_cycles=47686
PROFILE_SAMPLE,param=128f,config=mve_affine,backend=mve,matvec=mve,operation=gf_mul,sample=23,inner=64,items=1,raw_cycles=47686
PROFILE_SAMPLE,param=128f,config=mve_affine,backend=mve,matvec=mve,operation=gf_mul,sample=24,inner=64,items=1,raw_cycles=47686
PROFILE_SAMPLE,param=128f,config=mve_affine,backend=mve,matvec=mve,operation=gf_mul,sample=25,inner=64,items=1,raw_cycles=47686
PROFILE_SAMPLE,param=128f,config=mve_affine,backend=mve,matvec=mve,operation=gf_mul,sample=26,inner=64,items=1,raw_cycles=47686
PROFILE_SAMPLE,param=128f,config=mve_affine,backend=mve,matvec=mve,operation=gf_mul,sample=27,inner=64,items=1,raw_cycles=47686
PROFILE_SAMPLE,param=128f,config=mve_affine,backend=mve,matvec=mve,operation=gf_mul,sample=28,inner=64,items=1,raw_cycles=47686
PROFILE_SAMPLE,param=128f,config=mve_affine,backend=mve,matvec=mve,operation=gf_mul,sample=29,inner=64,items=1,raw_cycles=47686
PROFILE_SAMPLE,param=128f,config=mve_affine,backend=mve,matvec=mve,operation=gf_mul,sample=30,inner=64,items=1,raw_cycles=47686
PROFILE_RESULT,param=128f,config=mve_affine,backend=mve,matvec=mve,operation=gf_mul,samples=31,inner=64,items=1,min=745.09,median=745.09,mean=745.45,stddev=1.95,max=756.14,cycles_per_item_mean=745.45
PROFILE_SAMPLE,param=128f,config=mve_affine,backend=mve,matvec=mve,operation=gf_sqr,sample=0,inner=64,items=1,raw_cycles=16496
PROFILE_SAMPLE,param=128f,config=mve_affine,backend=mve,matvec=mve,operation=gf_sqr,sample=1,inner=64,items=1,raw_cycles=15942
PROFILE_SAMPLE,param=128f,config=mve_affine,backend=mve,matvec=mve,operation=gf_sqr,sample=2,inner=64,items=1,raw_cycles=15942
PROFILE_SAMPLE,param=128f,config=mve_affine,backend=mve,matvec=mve,operation=gf_sqr,sample=3,inner=64,items=1,raw_cycles=15942
PROFILE_SAMPLE,param=128f,config=mve_affine,backend=mve,matvec=mve,operation=gf_sqr,sample=4,inner=64,items=1,raw_cycles=15942
PROFILE_SAMPLE,param=128f,config=mve_affine,backend=mve,matvec=mve,operation=gf_sqr,sample=5,inner=64,items=1,raw_cycles=15942
PROFILE_SAMPLE,param=128f,config=mve_affine,backend=mve,matvec=mve,operation=gf_sqr,sample=6,inner=64,items=1,raw_cycles=15942
PROFILE_SAMPLE,param=128f,config=mve_affine,backend=mve,matvec=mve,operation=gf_sqr,sample=7,inner=64,items=1,raw_cycles=15942
PROFILE_SAMPLE,param=128f,config=mve_affine,backend=mve,matvec=mve,operation=gf_sqr,sample=8,inner=64,items=1,raw_cycles=15942
PROFILE_SAMPLE,param=128f,config=mve_affine,backend=mve,matvec=mve,operation=gf_sqr,sample=9,inner=64,items=1,raw_cycles=15942
PROFILE_SAMPLE,param=128f,config=mve_affine,backend=mve,matvec=mve,operation=gf_sqr,sample=10,inner=64,items=1,raw_cycles=15942
PROFILE_SAMPLE,param=128f,config=mve_affine,backend=mve,matvec=mve,operation=gf_sqr,sample=11,inner=64,items=1,raw_cycles=15942
PROFILE_SAMPLE,param=128f,config=mve_affine,backend=mve,matvec=mve,operation=gf_sqr,sample=12,inner=64,items=1,raw_cycles=15942
PROFILE_SAMPLE,param=128f,config=mve_affine,backend=mve,matvec=mve,operation=gf_sqr,sample=13,inner=64,items=1,raw_cycles=15942
PROFILE_SAMPLE,param=128f,config=mve_affine,backend=mve,matvec=mve,operation=gf_sqr,sample=14,inner=64,items=1,raw_cycles=15942
PROFILE_SAMPLE,param=128f,config=mve_affine,backend=mve,matvec=mve,operation=gf_sqr,sample=15,inner=64,items=1,raw_cycles=15942
PROFILE_SAMPLE,param=128f,config=mve_affine,backend=mve,matvec=mve,operation=gf_sqr,sample=16,inner=64,items=1,raw_cycles=15942
PROFILE_SAMPLE,param=128f,config=mve_affine,backend=mve,matvec=mve,operation=gf_sqr,sample=17,inner=64,items=1,raw_cycles=15942
PROFILE_SAMPLE,param=128f,config=mve_affine,backend=mve,matvec=mve,operation=gf_sqr,sample=18,inner=64,items=1,raw_cycles=15942
PROFILE_SAMPLE,param=128f,config=mve_affine,backend=mve,matvec=mve,operation=gf_sqr,sample=19,inner=64,items=1,raw_cycles=15942
PROFILE_SAMPLE,param=128f,config=mve_affine,backend=mve,matvec=mve,operation=gf_sqr,sample=20,inner=64,items=1,raw_cycles=15942
PROFILE_SAMPLE,param=128f,config=mve_affine,backend=mve,matvec=mve,operation=gf_sqr,sample=21,inner=64,items=1,raw_cycles=15942
PROFILE_SAMPLE,param=128f,config=mve_affine,backend=mve,matvec=mve,operation=gf_sqr,sample=22,inner=64,items=1,raw_cycles=15942
PROFILE_SAMPLE,param=128f,config=mve_affine,backend=mve,matvec=mve,operation=gf_sqr,sample=23,inner=64,items=1,raw_cycles=15942
PROFILE_SAMPLE,param=128f,config=mve_affine,backend=mve,matvec=mve,operation=gf_sqr,sample=24,inner=64,items=1,raw_cycles=15942
PROFILE_SAMPLE,param=128f,config=mve_affine,backend=mve,matvec=mve,operation=gf_sqr,sample=25,inner=64,items=1,raw_cycles=15942
PROFILE_SAMPLE,param=128f,config=mve_affine,backend=mve,matvec=mve,operation=gf_sqr,sample=26,inner=64,items=1,raw_cycles=15942
PROFILE_SAMPLE,param=128f,config=mve_affine,backend=mve,matvec=mve,operation=gf_sqr,sample=27,inner=64,items=1,raw_cycles=15942
PROFILE_SAMPLE,param=128f,config=mve_affine,backend=mve,matvec=mve,operation=gf_sqr,sample=28,inner=64,items=1,raw_cycles=15942
PROFILE_SAMPLE,param=128f,config=mve_affine,backend=mve,matvec=mve,operation=gf_sqr,sample=29,inner=64,items=1,raw_cycles=15942
PROFILE_SAMPLE,param=128f,config=mve_affine,backend=mve,matvec=mve,operation=gf_sqr,sample=30,inner=64,items=1,raw_cycles=15942
PROFILE_RESULT,param=128f,config=mve_affine,backend=mve,matvec=mve,operation=gf_sqr,samples=31,inner=64,items=1,min=249.09,median=249.09,mean=249.37,stddev=1.53,max=257.75,cycles_per_item_mean=249.37
PROFILE_SAMPLE,param=128f,config=mve_affine,backend=mve,matvec=mve,operation=gf_inv,sample=0,inner=8,items=1,raw_cycles=1008197
PROFILE_SAMPLE,param=128f,config=mve_affine,backend=mve,matvec=mve,operation=gf_inv,sample=1,inner=8,items=1,raw_cycles=1008086
PROFILE_SAMPLE,param=128f,config=mve_affine,backend=mve,matvec=mve,operation=gf_inv,sample=2,inner=8,items=1,raw_cycles=1008086
PROFILE_SAMPLE,param=128f,config=mve_affine,backend=mve,matvec=mve,operation=gf_inv,sample=3,inner=8,items=1,raw_cycles=1008086
PROFILE_SAMPLE,param=128f,config=mve_affine,backend=mve,matvec=mve,operation=gf_inv,sample=4,inner=8,items=1,raw_cycles=1008086
PROFILE_SAMPLE,param=128f,config=mve_affine,backend=mve,matvec=mve,operation=gf_inv,sample=5,inner=8,items=1,raw_cycles=1008086
PROFILE_SAMPLE,param=128f,config=mve_affine,backend=mve,matvec=mve,operation=gf_inv,sample=6,inner=8,items=1,raw_cycles=1008086
PROFILE_SAMPLE,param=128f,config=mve_affine,backend=mve,matvec=mve,operation=gf_inv,sample=7,inner=8,items=1,raw_cycles=1008086
PROFILE_SAMPLE,param=128f,config=mve_affine,backend=mve,matvec=mve,operation=gf_inv,sample=8,inner=8,items=1,raw_cycles=1008086
PROFILE_SAMPLE,param=128f,config=mve_affine,backend=mve,matvec=mve,operation=gf_inv,sample=9,inner=8,items=1,raw_cycles=1008086
PROFILE_SAMPLE,param=128f,config=mve_affine,backend=mve,matvec=mve,operation=gf_inv,sample=10,inner=8,items=1,raw_cycles=1008086
PROFILE_SAMPLE,param=128f,config=mve_affine,backend=mve,matvec=mve,operation=gf_inv,sample=11,inner=8,items=1,raw_cycles=1008086
PROFILE_SAMPLE,param=128f,config=mve_affine,backend=mve,matvec=mve,operation=gf_inv,sample=12,inner=8,items=1,raw_cycles=1008086
PROFILE_SAMPLE,param=128f,config=mve_affine,backend=mve,matvec=mve,operation=gf_inv,sample=13,inner=8,items=1,raw_cycles=1008086
PROFILE_SAMPLE,param=128f,config=mve_affine,backend=mve,matvec=mve,operation=gf_inv,sample=14,inner=8,items=1,raw_cycles=1008086
PROFILE_SAMPLE,param=128f,config=mve_affine,backend=mve,matvec=mve,operation=gf_inv,sample=15,inner=8,items=1,raw_cycles=1008086
PROFILE_SAMPLE,param=128f,config=mve_affine,backend=mve,matvec=mve,operation=gf_inv,sample=16,inner=8,items=1,raw_cycles=1008086
PROFILE_SAMPLE,param=128f,config=mve_affine,backend=mve,matvec=mve,operation=gf_inv,sample=17,inner=8,items=1,raw_cycles=1008086
PROFILE_SAMPLE,param=128f,config=mve_affine,backend=mve,matvec=mve,operation=gf_inv,sample=18,inner=8,items=1,raw_cycles=1008086
PROFILE_SAMPLE,param=128f,config=mve_affine,backend=mve,matvec=mve,operation=gf_inv,sample=19,inner=8,items=1,raw_cycles=1008086
PROFILE_SAMPLE,param=128f,config=mve_affine,backend=mve,matvec=mve,operation=gf_inv,sample=20,inner=8,items=1,raw_cycles=1008086
PROFILE_SAMPLE,param=128f,config=mve_affine,backend=mve,matvec=mve,operation=gf_inv,sample=21,inner=8,items=1,raw_cycles=1008086
PROFILE_SAMPLE,param=128f,config=mve_affine,backend=mve,matvec=mve,operation=gf_inv,sample=22,inner=8,items=1,raw_cycles=1008087
PROFILE_SAMPLE,param=128f,config=mve_affine,backend=mve,matvec=mve,operation=gf_inv,sample=23,inner=8,items=1,raw_cycles=1008086
PROFILE_SAMPLE,param=128f,config=mve_affine,backend=mve,matvec=mve,operation=gf_inv,sample=24,inner=8,items=1,raw_cycles=1008086
PROFILE_SAMPLE,param=128f,config=mve_affine,backend=mve,matvec=mve,operation=gf_inv,sample=25,inner=8,items=1,raw_cycles=1008086
PROFILE_SAMPLE,param=128f,config=mve_affine,backend=mve,matvec=mve,operation=gf_inv,sample=26,inner=8,items=1,raw_cycles=1008086
PROFILE_SAMPLE,param=128f,config=mve_affine,backend=mve,matvec=mve,operation=gf_inv,sample=27,inner=8,items=1,raw_cycles=1008086
PROFILE_SAMPLE,param=128f,config=mve_affine,backend=mve,matvec=mve,operation=gf_inv,sample=28,inner=8,items=1,raw_cycles=1008086
PROFILE_SAMPLE,param=128f,config=mve_affine,backend=mve,matvec=mve,operation=gf_inv,sample=29,inner=8,items=1,raw_cycles=1008086
PROFILE_SAMPLE,param=128f,config=mve_affine,backend=mve,matvec=mve,operation=gf_inv,sample=30,inner=8,items=1,raw_cycles=1008086
PROFILE_RESULT,param=128f,config=mve_affine,backend=mve,matvec=mve,operation=gf_inv,samples=31,inner=8,items=1,min=126010.75,median=126010.75,mean=126011.20,stddev=2.45,max=126024.62,cycles_per_item_mean=126011.20
PROFILE_SAMPLE,param=128f,config=mve_affine,backend=mve,matvec=mve,operation=gf_mat_vec_mul,sample=0,inner=64,items=1,raw_cycles=184094
PROFILE_SAMPLE,param=128f,config=mve_affine,backend=mve,matvec=mve,operation=gf_mat_vec_mul,sample=1,inner=64,items=1,raw_cycles=183814
PROFILE_SAMPLE,param=128f,config=mve_affine,backend=mve,matvec=mve,operation=gf_mat_vec_mul,sample=2,inner=64,items=1,raw_cycles=183814
PROFILE_SAMPLE,param=128f,config=mve_affine,backend=mve,matvec=mve,operation=gf_mat_vec_mul,sample=3,inner=64,items=1,raw_cycles=183814
PROFILE_SAMPLE,param=128f,config=mve_affine,backend=mve,matvec=mve,operation=gf_mat_vec_mul,sample=4,inner=64,items=1,raw_cycles=183814
PROFILE_SAMPLE,param=128f,config=mve_affine,backend=mve,matvec=mve,operation=gf_mat_vec_mul,sample=5,inner=64,items=1,raw_cycles=183814
PROFILE_SAMPLE,param=128f,config=mve_affine,backend=mve,matvec=mve,operation=gf_mat_vec_mul,sample=6,inner=64,items=1,raw_cycles=183814
PROFILE_SAMPLE,param=128f,config=mve_affine,backend=mve,matvec=mve,operation=gf_mat_vec_mul,sample=7,inner=64,items=1,raw_cycles=183814
PROFILE_SAMPLE,param=128f,config=mve_affine,backend=mve,matvec=mve,operation=gf_mat_vec_mul,sample=8,inner=64,items=1,raw_cycles=183814
PROFILE_SAMPLE,param=128f,config=mve_affine,backend=mve,matvec=mve,operation=gf_mat_vec_mul,sample=9,inner=64,items=1,raw_cycles=183814
PROFILE_SAMPLE,param=128f,config=mve_affine,backend=mve,matvec=mve,operation=gf_mat_vec_mul,sample=10,inner=64,items=1,raw_cycles=183814
PROFILE_SAMPLE,param=128f,config=mve_affine,backend=mve,matvec=mve,operation=gf_mat_vec_mul,sample=11,inner=64,items=1,raw_cycles=183814
PROFILE_SAMPLE,param=128f,config=mve_affine,backend=mve,matvec=mve,operation=gf_mat_vec_mul,sample=12,inner=64,items=1,raw_cycles=183814
PROFILE_SAMPLE,param=128f,config=mve_affine,backend=mve,matvec=mve,operation=gf_mat_vec_mul,sample=13,inner=64,items=1,raw_cycles=183814
PROFILE_SAMPLE,param=128f,config=mve_affine,backend=mve,matvec=mve,operation=gf_mat_vec_mul,sample=14,inner=64,items=1,raw_cycles=183814
PROFILE_SAMPLE,param=128f,config=mve_affine,backend=mve,matvec=mve,operation=gf_mat_vec_mul,sample=15,inner=64,items=1,raw_cycles=183814
PROFILE_SAMPLE,param=128f,config=mve_affine,backend=mve,matvec=mve,operation=gf_mat_vec_mul,sample=16,inner=64,items=1,raw_cycles=183814
PROFILE_SAMPLE,param=128f,config=mve_affine,backend=mve,matvec=mve,operation=gf_mat_vec_mul,sample=17,inner=64,items=1,raw_cycles=183814
PROFILE_SAMPLE,param=128f,config=mve_affine,backend=mve,matvec=mve,operation=gf_mat_vec_mul,sample=18,inner=64,items=1,raw_cycles=183814
PROFILE_SAMPLE,param=128f,config=mve_affine,backend=mve,matvec=mve,operation=gf_mat_vec_mul,sample=19,inner=64,items=1,raw_cycles=183814
PROFILE_SAMPLE,param=128f,config=mve_affine,backend=mve,matvec=mve,operation=gf_mat_vec_mul,sample=20,inner=64,items=1,raw_cycles=183814
PROFILE_SAMPLE,param=128f,config=mve_affine,backend=mve,matvec=mve,operation=gf_mat_vec_mul,sample=21,inner=64,items=1,raw_cycles=183814
PROFILE_SAMPLE,param=128f,config=mve_affine,backend=mve,matvec=mve,operation=gf_mat_vec_mul,sample=22,inner=64,items=1,raw_cycles=183814
PROFILE_SAMPLE,param=128f,config=mve_affine,backend=mve,matvec=mve,operation=gf_mat_vec_mul,sample=23,inner=64,items=1,raw_cycles=183814
PROFILE_SAMPLE,param=128f,config=mve_affine,backend=mve,matvec=mve,operation=gf_mat_vec_mul,sample=24,inner=64,items=1,raw_cycles=183814
PROFILE_SAMPLE,param=128f,config=mve_affine,backend=mve,matvec=mve,operation=gf_mat_vec_mul,sample=25,inner=64,items=1,raw_cycles=183814
PROFILE_SAMPLE,param=128f,config=mve_affine,backend=mve,matvec=mve,operation=gf_mat_vec_mul,sample=26,inner=64,items=1,raw_cycles=183814
PROFILE_SAMPLE,param=128f,config=mve_affine,backend=mve,matvec=mve,operation=gf_mat_vec_mul,sample=27,inner=64,items=1,raw_cycles=183814
PROFILE_SAMPLE,param=128f,config=mve_affine,backend=mve,matvec=mve,operation=gf_mat_vec_mul,sample=28,inner=64,items=1,raw_cycles=183814
PROFILE_SAMPLE,param=128f,config=mve_affine,backend=mve,matvec=mve,operation=gf_mat_vec_mul,sample=29,inner=64,items=1,raw_cycles=183814
PROFILE_SAMPLE,param=128f,config=mve_affine,backend=mve,matvec=mve,operation=gf_mat_vec_mul,sample=30,inner=64,items=1,raw_cycles=183814
PROFILE_RESULT,param=128f,config=mve_affine,backend=mve,matvec=mve,operation=gf_mat_vec_mul,samples=31,inner=64,items=1,min=2872.09,median=2872.09,mean=2872.23,stddev=0.77,max=2876.47,cycles_per_item_mean=2872.23
PROFILE_SAMPLE,param=128f,config=mve_affine,backend=mve,matvec=mve,operation=gf_mat_vec_mul_add,sample=0,inner=64,items=1,raw_cycles=182310
PROFILE_SAMPLE,param=128f,config=mve_affine,backend=mve,matvec=mve,operation=gf_mat_vec_mul_add,sample=1,inner=64,items=1,raw_cycles=182278
PROFILE_SAMPLE,param=128f,config=mve_affine,backend=mve,matvec=mve,operation=gf_mat_vec_mul_add,sample=2,inner=64,items=1,raw_cycles=182278
PROFILE_SAMPLE,param=128f,config=mve_affine,backend=mve,matvec=mve,operation=gf_mat_vec_mul_add,sample=3,inner=64,items=1,raw_cycles=182278
PROFILE_SAMPLE,param=128f,config=mve_affine,backend=mve,matvec=mve,operation=gf_mat_vec_mul_add,sample=4,inner=64,items=1,raw_cycles=182278
PROFILE_SAMPLE,param=128f,config=mve_affine,backend=mve,matvec=mve,operation=gf_mat_vec_mul_add,sample=5,inner=64,items=1,raw_cycles=182278
PROFILE_SAMPLE,param=128f,config=mve_affine,backend=mve,matvec=mve,operation=gf_mat_vec_mul_add,sample=6,inner=64,items=1,raw_cycles=182278
PROFILE_SAMPLE,param=128f,config=mve_affine,backend=mve,matvec=mve,operation=gf_mat_vec_mul_add,sample=7,inner=64,items=1,raw_cycles=182278
PROFILE_SAMPLE,param=128f,config=mve_affine,backend=mve,matvec=mve,operation=gf_mat_vec_mul_add,sample=8,inner=64,items=1,raw_cycles=182278
PROFILE_SAMPLE,param=128f,config=mve_affine,backend=mve,matvec=mve,operation=gf_mat_vec_mul_add,sample=9,inner=64,items=1,raw_cycles=182278
PROFILE_SAMPLE,param=128f,config=mve_affine,backend=mve,matvec=mve,operation=gf_mat_vec_mul_add,sample=10,inner=64,items=1,raw_cycles=182278
PROFILE_SAMPLE,param=128f,config=mve_affine,backend=mve,matvec=mve,operation=gf_mat_vec_mul_add,sample=11,inner=64,items=1,raw_cycles=182278
PROFILE_SAMPLE,param=128f,config=mve_affine,backend=mve,matvec=mve,operation=gf_mat_vec_mul_add,sample=12,inner=64,items=1,raw_cycles=182278
PROFILE_SAMPLE,param=128f,config=mve_affine,backend=mve,matvec=mve,operation=gf_mat_vec_mul_add,sample=13,inner=64,items=1,raw_cycles=182278
PROFILE_SAMPLE,param=128f,config=mve_affine,backend=mve,matvec=mve,operation=gf_mat_vec_mul_add,sample=14,inner=64,items=1,raw_cycles=182278
PROFILE_SAMPLE,param=128f,config=mve_affine,backend=mve,matvec=mve,operation=gf_mat_vec_mul_add,sample=15,inner=64,items=1,raw_cycles=182278
PROFILE_SAMPLE,param=128f,config=mve_affine,backend=mve,matvec=mve,operation=gf_mat_vec_mul_add,sample=16,inner=64,items=1,raw_cycles=182278
PROFILE_SAMPLE,param=128f,config=mve_affine,backend=mve,matvec=mve,operation=gf_mat_vec_mul_add,sample=17,inner=64,items=1,raw_cycles=182278
PROFILE_SAMPLE,param=128f,config=mve_affine,backend=mve,matvec=mve,operation=gf_mat_vec_mul_add,sample=18,inner=64,items=1,raw_cycles=182278
PROFILE_SAMPLE,param=128f,config=mve_affine,backend=mve,matvec=mve,operation=gf_mat_vec_mul_add,sample=19,inner=64,items=1,raw_cycles=182278
PROFILE_SAMPLE,param=128f,config=mve_affine,backend=mve,matvec=mve,operation=gf_mat_vec_mul_add,sample=20,inner=64,items=1,raw_cycles=182278
PROFILE_SAMPLE,param=128f,config=mve_affine,backend=mve,matvec=mve,operation=gf_mat_vec_mul_add,sample=21,inner=64,items=1,raw_cycles=182278
PROFILE_SAMPLE,param=128f,config=mve_affine,backend=mve,matvec=mve,operation=gf_mat_vec_mul_add,sample=22,inner=64,items=1,raw_cycles=182278
PROFILE_SAMPLE,param=128f,config=mve_affine,backend=mve,matvec=mve,operation=gf_mat_vec_mul_add,sample=23,inner=64,items=1,raw_cycles=182278
PROFILE_SAMPLE,param=128f,config=mve_affine,backend=mve,matvec=mve,operation=gf_mat_vec_mul_add,sample=24,inner=64,items=1,raw_cycles=182278
PROFILE_SAMPLE,param=128f,config=mve_affine,backend=mve,matvec=mve,operation=gf_mat_vec_mul_add,sample=25,inner=64,items=1,raw_cycles=182278
PROFILE_SAMPLE,param=128f,config=mve_affine,backend=mve,matvec=mve,operation=gf_mat_vec_mul_add,sample=26,inner=64,items=1,raw_cycles=182278
PROFILE_SAMPLE,param=128f,config=mve_affine,backend=mve,matvec=mve,operation=gf_mat_vec_mul_add,sample=27,inner=64,items=1,raw_cycles=182278
PROFILE_SAMPLE,param=128f,config=mve_affine,backend=mve,matvec=mve,operation=gf_mat_vec_mul_add,sample=28,inner=64,items=1,raw_cycles=182278
PROFILE_SAMPLE,param=128f,config=mve_affine,backend=mve,matvec=mve,operation=gf_mat_vec_mul_add,sample=29,inner=64,items=1,raw_cycles=182278
PROFILE_SAMPLE,param=128f,config=mve_affine,backend=mve,matvec=mve,operation=gf_mat_vec_mul_add,sample=30,inner=64,items=1,raw_cycles=182278
PROFILE_RESULT,param=128f,config=mve_affine,backend=mve,matvec=mve,operation=gf_mat_vec_mul_add,samples=31,inner=64,items=1,min=2848.09,median=2848.09,mean=2848.11,stddev=0.09,max=2848.59,cycles_per_item_mean=2848.11
PROFILE_SAMPLE,param=128f,config=mve_affine,backend=mve,matvec=mve,operation=gf_sqr_batch4,sample=0,inner=64,items=4,raw_cycles=31158
PROFILE_SAMPLE,param=128f,config=mve_affine,backend=mve,matvec=mve,operation=gf_sqr_batch4,sample=1,inner=64,items=4,raw_cycles=30084
PROFILE_SAMPLE,param=128f,config=mve_affine,backend=mve,matvec=mve,operation=gf_sqr_batch4,sample=2,inner=64,items=4,raw_cycles=30084
PROFILE_SAMPLE,param=128f,config=mve_affine,backend=mve,matvec=mve,operation=gf_sqr_batch4,sample=3,inner=64,items=4,raw_cycles=30084
PROFILE_SAMPLE,param=128f,config=mve_affine,backend=mve,matvec=mve,operation=gf_sqr_batch4,sample=4,inner=64,items=4,raw_cycles=30084
PROFILE_SAMPLE,param=128f,config=mve_affine,backend=mve,matvec=mve,operation=gf_sqr_batch4,sample=5,inner=64,items=4,raw_cycles=30084
PROFILE_SAMPLE,param=128f,config=mve_affine,backend=mve,matvec=mve,operation=gf_sqr_batch4,sample=6,inner=64,items=4,raw_cycles=30084
PROFILE_SAMPLE,param=128f,config=mve_affine,backend=mve,matvec=mve,operation=gf_sqr_batch4,sample=7,inner=64,items=4,raw_cycles=30084
PROFILE_SAMPLE,param=128f,config=mve_affine,backend=mve,matvec=mve,operation=gf_sqr_batch4,sample=8,inner=64,items=4,raw_cycles=30084
PROFILE_SAMPLE,param=128f,config=mve_affine,backend=mve,matvec=mve,operation=gf_sqr_batch4,sample=9,inner=64,items=4,raw_cycles=30084
PROFILE_SAMPLE,param=128f,config=mve_affine,backend=mve,matvec=mve,operation=gf_sqr_batch4,sample=10,inner=64,items=4,raw_cycles=30084
PROFILE_SAMPLE,param=128f,config=mve_affine,backend=mve,matvec=mve,operation=gf_sqr_batch4,sample=11,inner=64,items=4,raw_cycles=30084
PROFILE_SAMPLE,param=128f,config=mve_affine,backend=mve,matvec=mve,operation=gf_sqr_batch4,sample=12,inner=64,items=4,raw_cycles=30084
PROFILE_SAMPLE,param=128f,config=mve_affine,backend=mve,matvec=mve,operation=gf_sqr_batch4,sample=13,inner=64,items=4,raw_cycles=30084
PROFILE_SAMPLE,param=128f,config=mve_affine,backend=mve,matvec=mve,operation=gf_sqr_batch4,sample=14,inner=64,items=4,raw_cycles=30084
PROFILE_SAMPLE,param=128f,config=mve_affine,backend=mve,matvec=mve,operation=gf_sqr_batch4,sample=15,inner=64,items=4,raw_cycles=30084
PROFILE_SAMPLE,param=128f,config=mve_affine,backend=mve,matvec=mve,operation=gf_sqr_batch4,sample=16,inner=64,items=4,raw_cycles=30084
PROFILE_SAMPLE,param=128f,config=mve_affine,backend=mve,matvec=mve,operation=gf_sqr_batch4,sample=17,inner=64,items=4,raw_cycles=30084
PROFILE_SAMPLE,param=128f,config=mve_affine,backend=mve,matvec=mve,operation=gf_sqr_batch4,sample=18,inner=64,items=4,raw_cycles=30084
PROFILE_SAMPLE,param=128f,config=mve_affine,backend=mve,matvec=mve,operation=gf_sqr_batch4,sample=19,inner=64,items=4,raw_cycles=30084
PROFILE_SAMPLE,param=128f,config=mve_affine,backend=mve,matvec=mve,operation=gf_sqr_batch4,sample=20,inner=64,items=4,raw_cycles=30084
PROFILE_SAMPLE,param=128f,config=mve_affine,backend=mve,matvec=mve,operation=gf_sqr_batch4,sample=21,inner=64,items=4,raw_cycles=30084
PROFILE_SAMPLE,param=128f,config=mve_affine,backend=mve,matvec=mve,operation=gf_sqr_batch4,sample=22,inner=64,items=4,raw_cycles=30084
PROFILE_SAMPLE,param=128f,config=mve_affine,backend=mve,matvec=mve,operation=gf_sqr_batch4,sample=23,inner=64,items=4,raw_cycles=30084
PROFILE_SAMPLE,param=128f,config=mve_affine,backend=mve,matvec=mve,operation=gf_sqr_batch4,sample=24,inner=64,items=4,raw_cycles=30084
PROFILE_SAMPLE,param=128f,config=mve_affine,backend=mve,matvec=mve,operation=gf_sqr_batch4,sample=25,inner=64,items=4,raw_cycles=30084
PROFILE_SAMPLE,param=128f,config=mve_affine,backend=mve,matvec=mve,operation=gf_sqr_batch4,sample=26,inner=64,items=4,raw_cycles=30084
PROFILE_SAMPLE,param=128f,config=mve_affine,backend=mve,matvec=mve,operation=gf_sqr_batch4,sample=27,inner=64,items=4,raw_cycles=30084
PROFILE_SAMPLE,param=128f,config=mve_affine,backend=mve,matvec=mve,operation=gf_sqr_batch4,sample=28,inner=64,items=4,raw_cycles=30084
PROFILE_SAMPLE,param=128f,config=mve_affine,backend=mve,matvec=mve,operation=gf_sqr_batch4,sample=29,inner=64,items=4,raw_cycles=30084
PROFILE_SAMPLE,param=128f,config=mve_affine,backend=mve,matvec=mve,operation=gf_sqr_batch4,sample=30,inner=64,items=4,raw_cycles=30084
PROFILE_RESULT,param=128f,config=mve_affine,backend=mve,matvec=mve,operation=gf_sqr_batch4,samples=31,inner=64,items=4,min=470.06,median=470.06,mean=470.60,stddev=2.96,max=486.84,cycles_per_item_mean=117.65
PROFILE_SAMPLE,param=128f,config=mve_affine,backend=mve,matvec=mve,operation=gf_frobenius_batch4_e3,sample=0,inner=8,items=4,raw_cycles=7607
PROFILE_SAMPLE,param=128f,config=mve_affine,backend=mve,matvec=mve,operation=gf_frobenius_batch4_e3,sample=1,inner=8,items=4,raw_cycles=6908
PROFILE_SAMPLE,param=128f,config=mve_affine,backend=mve,matvec=mve,operation=gf_frobenius_batch4_e3,sample=2,inner=8,items=4,raw_cycles=6908
PROFILE_SAMPLE,param=128f,config=mve_affine,backend=mve,matvec=mve,operation=gf_frobenius_batch4_e3,sample=3,inner=8,items=4,raw_cycles=6908
PROFILE_SAMPLE,param=128f,config=mve_affine,backend=mve,matvec=mve,operation=gf_frobenius_batch4_e3,sample=4,inner=8,items=4,raw_cycles=6908
PROFILE_SAMPLE,param=128f,config=mve_affine,backend=mve,matvec=mve,operation=gf_frobenius_batch4_e3,sample=5,inner=8,items=4,raw_cycles=6908
PROFILE_SAMPLE,param=128f,config=mve_affine,backend=mve,matvec=mve,operation=gf_frobenius_batch4_e3,sample=6,inner=8,items=4,raw_cycles=6908
PROFILE_SAMPLE,param=128f,config=mve_affine,backend=mve,matvec=mve,operation=gf_frobenius_batch4_e3,sample=7,inner=8,items=4,raw_cycles=6908
PROFILE_SAMPLE,param=128f,config=mve_affine,backend=mve,matvec=mve,operation=gf_frobenius_batch4_e3,sample=8,inner=8,items=4,raw_cycles=6908
PROFILE_SAMPLE,param=128f,config=mve_affine,backend=mve,matvec=mve,operation=gf_frobenius_batch4_e3,sample=9,inner=8,items=4,raw_cycles=6908
PROFILE_SAMPLE,param=128f,config=mve_affine,backend=mve,matvec=mve,operation=gf_frobenius_batch4_e3,sample=10,inner=8,items=4,raw_cycles=6908
PROFILE_SAMPLE,param=128f,config=mve_affine,backend=mve,matvec=mve,operation=gf_frobenius_batch4_e3,sample=11,inner=8,items=4,raw_cycles=6908
PROFILE_SAMPLE,param=128f,config=mve_affine,backend=mve,matvec=mve,operation=gf_frobenius_batch4_e3,sample=12,inner=8,items=4,raw_cycles=6908
PROFILE_SAMPLE,param=128f,config=mve_affine,backend=mve,matvec=mve,operation=gf_frobenius_batch4_e3,sample=13,inner=8,items=4,raw_cycles=6908
PROFILE_SAMPLE,param=128f,config=mve_affine,backend=mve,matvec=mve,operation=gf_frobenius_batch4_e3,sample=14,inner=8,items=4,raw_cycles=6908
PROFILE_SAMPLE,param=128f,config=mve_affine,backend=mve,matvec=mve,operation=gf_frobenius_batch4_e3,sample=15,inner=8,items=4,raw_cycles=6908
PROFILE_SAMPLE,param=128f,config=mve_affine,backend=mve,matvec=mve,operation=gf_frobenius_batch4_e3,sample=16,inner=8,items=4,raw_cycles=6908
PROFILE_SAMPLE,param=128f,config=mve_affine,backend=mve,matvec=mve,operation=gf_frobenius_batch4_e3,sample=17,inner=8,items=4,raw_cycles=6908
PROFILE_SAMPLE,param=128f,config=mve_affine,backend=mve,matvec=mve,operation=gf_frobenius_batch4_e3,sample=18,inner=8,items=4,raw_cycles=6908
PROFILE_SAMPLE,param=128f,config=mve_affine,backend=mve,matvec=mve,operation=gf_frobenius_batch4_e3,sample=19,inner=8,items=4,raw_cycles=6908
PROFILE_SAMPLE,param=128f,config=mve_affine,backend=mve,matvec=mve,operation=gf_frobenius_batch4_e3,sample=20,inner=8,items=4,raw_cycles=6908
PROFILE_SAMPLE,param=128f,config=mve_affine,backend=mve,matvec=mve,operation=gf_frobenius_batch4_e3,sample=21,inner=8,items=4,raw_cycles=6908
PROFILE_SAMPLE,param=128f,config=mve_affine,backend=mve,matvec=mve,operation=gf_frobenius_batch4_e3,sample=22,inner=8,items=4,raw_cycles=6908
PROFILE_SAMPLE,param=128f,config=mve_affine,backend=mve,matvec=mve,operation=gf_frobenius_batch4_e3,sample=23,inner=8,items=4,raw_cycles=6908
PROFILE_SAMPLE,param=128f,config=mve_affine,backend=mve,matvec=mve,operation=gf_frobenius_batch4_e3,sample=24,inner=8,items=4,raw_cycles=6908
PROFILE_SAMPLE,param=128f,config=mve_affine,backend=mve,matvec=mve,operation=gf_frobenius_batch4_e3,sample=25,inner=8,items=4,raw_cycles=6908
PROFILE_SAMPLE,param=128f,config=mve_affine,backend=mve,matvec=mve,operation=gf_frobenius_batch4_e3,sample=26,inner=8,items=4,raw_cycles=6908
PROFILE_SAMPLE,param=128f,config=mve_affine,backend=mve,matvec=mve,operation=gf_frobenius_batch4_e3,sample=27,inner=8,items=4,raw_cycles=6908
PROFILE_SAMPLE,param=128f,config=mve_affine,backend=mve,matvec=mve,operation=gf_frobenius_batch4_e3,sample=28,inner=8,items=4,raw_cycles=6908
PROFILE_SAMPLE,param=128f,config=mve_affine,backend=mve,matvec=mve,operation=gf_frobenius_batch4_e3,sample=29,inner=8,items=4,raw_cycles=6908
PROFILE_SAMPLE,param=128f,config=mve_affine,backend=mve,matvec=mve,operation=gf_frobenius_batch4_e3,sample=30,inner=8,items=4,raw_cycles=6908
PROFILE_RESULT,param=128f,config=mve_affine,backend=mve,matvec=mve,operation=gf_frobenius_batch4_e3,samples=31,inner=8,items=4,min=863.50,median=863.50,mean=866.32,stddev=15.44,max=950.88,cycles_per_item_mean=216.58
PROFILE_SAMPLE,param=128f,config=mve_affine,backend=mve,matvec=mve,operation=gf_frobenius_batch4_e7,sample=0,inner=8,items=4,raw_cycles=13260
PROFILE_SAMPLE,param=128f,config=mve_affine,backend=mve,matvec=mve,operation=gf_frobenius_batch4_e7,sample=1,inner=8,items=4,raw_cycles=13084
PROFILE_SAMPLE,param=128f,config=mve_affine,backend=mve,matvec=mve,operation=gf_frobenius_batch4_e7,sample=2,inner=8,items=4,raw_cycles=13084
PROFILE_SAMPLE,param=128f,config=mve_affine,backend=mve,matvec=mve,operation=gf_frobenius_batch4_e7,sample=3,inner=8,items=4,raw_cycles=13084
PROFILE_SAMPLE,param=128f,config=mve_affine,backend=mve,matvec=mve,operation=gf_frobenius_batch4_e7,sample=4,inner=8,items=4,raw_cycles=13084
PROFILE_SAMPLE,param=128f,config=mve_affine,backend=mve,matvec=mve,operation=gf_frobenius_batch4_e7,sample=5,inner=8,items=4,raw_cycles=13084
PROFILE_SAMPLE,param=128f,config=mve_affine,backend=mve,matvec=mve,operation=gf_frobenius_batch4_e7,sample=6,inner=8,items=4,raw_cycles=13084
PROFILE_SAMPLE,param=128f,config=mve_affine,backend=mve,matvec=mve,operation=gf_frobenius_batch4_e7,sample=7,inner=8,items=4,raw_cycles=13084
PROFILE_SAMPLE,param=128f,config=mve_affine,backend=mve,matvec=mve,operation=gf_frobenius_batch4_e7,sample=8,inner=8,items=4,raw_cycles=13084
PROFILE_SAMPLE,param=128f,config=mve_affine,backend=mve,matvec=mve,operation=gf_frobenius_batch4_e7,sample=9,inner=8,items=4,raw_cycles=13084
PROFILE_SAMPLE,param=128f,config=mve_affine,backend=mve,matvec=mve,operation=gf_frobenius_batch4_e7,sample=10,inner=8,items=4,raw_cycles=13084
PROFILE_SAMPLE,param=128f,config=mve_affine,backend=mve,matvec=mve,operation=gf_frobenius_batch4_e7,sample=11,inner=8,items=4,raw_cycles=13084
PROFILE_SAMPLE,param=128f,config=mve_affine,backend=mve,matvec=mve,operation=gf_frobenius_batch4_e7,sample=12,inner=8,items=4,raw_cycles=13084
PROFILE_SAMPLE,param=128f,config=mve_affine,backend=mve,matvec=mve,operation=gf_frobenius_batch4_e7,sample=13,inner=8,items=4,raw_cycles=13084
PROFILE_SAMPLE,param=128f,config=mve_affine,backend=mve,matvec=mve,operation=gf_frobenius_batch4_e7,sample=14,inner=8,items=4,raw_cycles=13084
PROFILE_SAMPLE,param=128f,config=mve_affine,backend=mve,matvec=mve,operation=gf_frobenius_batch4_e7,sample=15,inner=8,items=4,raw_cycles=13084
PROFILE_SAMPLE,param=128f,config=mve_affine,backend=mve,matvec=mve,operation=gf_frobenius_batch4_e7,sample=16,inner=8,items=4,raw_cycles=13084
PROFILE_SAMPLE,param=128f,config=mve_affine,backend=mve,matvec=mve,operation=gf_frobenius_batch4_e7,sample=17,inner=8,items=4,raw_cycles=13084
PROFILE_SAMPLE,param=128f,config=mve_affine,backend=mve,matvec=mve,operation=gf_frobenius_batch4_e7,sample=18,inner=8,items=4,raw_cycles=13084
PROFILE_SAMPLE,param=128f,config=mve_affine,backend=mve,matvec=mve,operation=gf_frobenius_batch4_e7,sample=19,inner=8,items=4,raw_cycles=13084
PROFILE_SAMPLE,param=128f,config=mve_affine,backend=mve,matvec=mve,operation=gf_frobenius_batch4_e7,sample=20,inner=8,items=4,raw_cycles=13084
PROFILE_SAMPLE,param=128f,config=mve_affine,backend=mve,matvec=mve,operation=gf_frobenius_batch4_e7,sample=21,inner=8,items=4,raw_cycles=13084
PROFILE_SAMPLE,param=128f,config=mve_affine,backend=mve,matvec=mve,operation=gf_frobenius_batch4_e7,sample=22,inner=8,items=4,raw_cycles=13084
PROFILE_SAMPLE,param=128f,config=mve_affine,backend=mve,matvec=mve,operation=gf_frobenius_batch4_e7,sample=23,inner=8,items=4,raw_cycles=13084
PROFILE_SAMPLE,param=128f,config=mve_affine,backend=mve,matvec=mve,operation=gf_frobenius_batch4_e7,sample=24,inner=8,items=4,raw_cycles=13084
PROFILE_SAMPLE,param=128f,config=mve_affine,backend=mve,matvec=mve,operation=gf_frobenius_batch4_e7,sample=25,inner=8,items=4,raw_cycles=13084
PROFILE_SAMPLE,param=128f,config=mve_affine,backend=mve,matvec=mve,operation=gf_frobenius_batch4_e7,sample=26,inner=8,items=4,raw_cycles=13084
PROFILE_SAMPLE,param=128f,config=mve_affine,backend=mve,matvec=mve,operation=gf_frobenius_batch4_e7,sample=27,inner=8,items=4,raw_cycles=13084
PROFILE_SAMPLE,param=128f,config=mve_affine,backend=mve,matvec=mve,operation=gf_frobenius_batch4_e7,sample=28,inner=8,items=4,raw_cycles=13084
PROFILE_SAMPLE,param=128f,config=mve_affine,backend=mve,matvec=mve,operation=gf_frobenius_batch4_e7,sample=29,inner=8,items=4,raw_cycles=13084
PROFILE_SAMPLE,param=128f,config=mve_affine,backend=mve,matvec=mve,operation=gf_frobenius_batch4_e7,sample=30,inner=8,items=4,raw_cycles=13084
PROFILE_RESULT,param=128f,config=mve_affine,backend=mve,matvec=mve,operation=gf_frobenius_batch4_e7,samples=31,inner=8,items=4,min=1635.50,median=1635.50,mean=1636.21,stddev=3.89,max=1657.50,cycles_per_item_mean=409.05
PROFILE_SAMPLE,param=128f,config=mve_affine,backend=mve,matvec=mve,operation=gf_frobenius_batch4_e11,sample=0,inner=8,items=4,raw_cycles=19407
PROFILE_SAMPLE,param=128f,config=mve_affine,backend=mve,matvec=mve,operation=gf_frobenius_batch4_e11,sample=1,inner=8,items=4,raw_cycles=19260
PROFILE_SAMPLE,param=128f,config=mve_affine,backend=mve,matvec=mve,operation=gf_frobenius_batch4_e11,sample=2,inner=8,items=4,raw_cycles=19260
PROFILE_SAMPLE,param=128f,config=mve_affine,backend=mve,matvec=mve,operation=gf_frobenius_batch4_e11,sample=3,inner=8,items=4,raw_cycles=19260
PROFILE_SAMPLE,param=128f,config=mve_affine,backend=mve,matvec=mve,operation=gf_frobenius_batch4_e11,sample=4,inner=8,items=4,raw_cycles=19260
PROFILE_SAMPLE,param=128f,config=mve_affine,backend=mve,matvec=mve,operation=gf_frobenius_batch4_e11,sample=5,inner=8,items=4,raw_cycles=19260
PROFILE_SAMPLE,param=128f,config=mve_affine,backend=mve,matvec=mve,operation=gf_frobenius_batch4_e11,sample=6,inner=8,items=4,raw_cycles=19260
PROFILE_SAMPLE,param=128f,config=mve_affine,backend=mve,matvec=mve,operation=gf_frobenius_batch4_e11,sample=7,inner=8,items=4,raw_cycles=19260
PROFILE_SAMPLE,param=128f,config=mve_affine,backend=mve,matvec=mve,operation=gf_frobenius_batch4_e11,sample=8,inner=8,items=4,raw_cycles=19260
PROFILE_SAMPLE,param=128f,config=mve_affine,backend=mve,matvec=mve,operation=gf_frobenius_batch4_e11,sample=9,inner=8,items=4,raw_cycles=19260
PROFILE_SAMPLE,param=128f,config=mve_affine,backend=mve,matvec=mve,operation=gf_frobenius_batch4_e11,sample=10,inner=8,items=4,raw_cycles=19260
PROFILE_SAMPLE,param=128f,config=mve_affine,backend=mve,matvec=mve,operation=gf_frobenius_batch4_e11,sample=11,inner=8,items=4,raw_cycles=19260
PROFILE_SAMPLE,param=128f,config=mve_affine,backend=mve,matvec=mve,operation=gf_frobenius_batch4_e11,sample=12,inner=8,items=4,raw_cycles=19260
PROFILE_SAMPLE,param=128f,config=mve_affine,backend=mve,matvec=mve,operation=gf_frobenius_batch4_e11,sample=13,inner=8,items=4,raw_cycles=19260
PROFILE_SAMPLE,param=128f,config=mve_affine,backend=mve,matvec=mve,operation=gf_frobenius_batch4_e11,sample=14,inner=8,items=4,raw_cycles=19260
PROFILE_SAMPLE,param=128f,config=mve_affine,backend=mve,matvec=mve,operation=gf_frobenius_batch4_e11,sample=15,inner=8,items=4,raw_cycles=19260
PROFILE_SAMPLE,param=128f,config=mve_affine,backend=mve,matvec=mve,operation=gf_frobenius_batch4_e11,sample=16,inner=8,items=4,raw_cycles=19260
PROFILE_SAMPLE,param=128f,config=mve_affine,backend=mve,matvec=mve,operation=gf_frobenius_batch4_e11,sample=17,inner=8,items=4,raw_cycles=19260
PROFILE_SAMPLE,param=128f,config=mve_affine,backend=mve,matvec=mve,operation=gf_frobenius_batch4_e11,sample=18,inner=8,items=4,raw_cycles=19260
PROFILE_SAMPLE,param=128f,config=mve_affine,backend=mve,matvec=mve,operation=gf_frobenius_batch4_e11,sample=19,inner=8,items=4,raw_cycles=19260
PROFILE_SAMPLE,param=128f,config=mve_affine,backend=mve,matvec=mve,operation=gf_frobenius_batch4_e11,sample=20,inner=8,items=4,raw_cycles=19260
PROFILE_SAMPLE,param=128f,config=mve_affine,backend=mve,matvec=mve,operation=gf_frobenius_batch4_e11,sample=21,inner=8,items=4,raw_cycles=19260
PROFILE_SAMPLE,param=128f,config=mve_affine,backend=mve,matvec=mve,operation=gf_frobenius_batch4_e11,sample=22,inner=8,items=4,raw_cycles=19260
PROFILE_SAMPLE,param=128f,config=mve_affine,backend=mve,matvec=mve,operation=gf_frobenius_batch4_e11,sample=23,inner=8,items=4,raw_cycles=19260
PROFILE_SAMPLE,param=128f,config=mve_affine,backend=mve,matvec=mve,operation=gf_frobenius_batch4_e11,sample=24,inner=8,items=4,raw_cycles=19260
PROFILE_SAMPLE,param=128f,config=mve_affine,backend=mve,matvec=mve,operation=gf_frobenius_batch4_e11,sample=25,inner=8,items=4,raw_cycles=19260
PROFILE_SAMPLE,param=128f,config=mve_affine,backend=mve,matvec=mve,operation=gf_frobenius_batch4_e11,sample=26,inner=8,items=4,raw_cycles=19260
PROFILE_SAMPLE,param=128f,config=mve_affine,backend=mve,matvec=mve,operation=gf_frobenius_batch4_e11,sample=27,inner=8,items=4,raw_cycles=19260
PROFILE_SAMPLE,param=128f,config=mve_affine,backend=mve,matvec=mve,operation=gf_frobenius_batch4_e11,sample=28,inner=8,items=4,raw_cycles=19260
PROFILE_SAMPLE,param=128f,config=mve_affine,backend=mve,matvec=mve,operation=gf_frobenius_batch4_e11,sample=29,inner=8,items=4,raw_cycles=19260
PROFILE_SAMPLE,param=128f,config=mve_affine,backend=mve,matvec=mve,operation=gf_frobenius_batch4_e11,sample=30,inner=8,items=4,raw_cycles=19260
PROFILE_RESULT,param=128f,config=mve_affine,backend=mve,matvec=mve,operation=gf_frobenius_batch4_e11,samples=31,inner=8,items=4,min=2407.50,median=2407.50,mean=2408.09,stddev=3.25,max=2425.88,cycles_per_item_mean=602.02
PROFILE_SAMPLE,param=128f,config=mve_affine,backend=mve,matvec=mve,operation=gf_mul_const_batch4,sample=0,inner=64,items=4,raw_cycles=578889
PROFILE_SAMPLE,param=128f,config=mve_affine,backend=mve,matvec=mve,operation=gf_mul_const_batch4,sample=1,inner=64,items=4,raw_cycles=577989
PROFILE_SAMPLE,param=128f,config=mve_affine,backend=mve,matvec=mve,operation=gf_mul_const_batch4,sample=2,inner=64,items=4,raw_cycles=577989
PROFILE_SAMPLE,param=128f,config=mve_affine,backend=mve,matvec=mve,operation=gf_mul_const_batch4,sample=3,inner=64,items=4,raw_cycles=577989
PROFILE_SAMPLE,param=128f,config=mve_affine,backend=mve,matvec=mve,operation=gf_mul_const_batch4,sample=4,inner=64,items=4,raw_cycles=577989
PROFILE_SAMPLE,param=128f,config=mve_affine,backend=mve,matvec=mve,operation=gf_mul_const_batch4,sample=5,inner=64,items=4,raw_cycles=577989
PROFILE_SAMPLE,param=128f,config=mve_affine,backend=mve,matvec=mve,operation=gf_mul_const_batch4,sample=6,inner=64,items=4,raw_cycles=577989
PROFILE_SAMPLE,param=128f,config=mve_affine,backend=mve,matvec=mve,operation=gf_mul_const_batch4,sample=7,inner=64,items=4,raw_cycles=577989
PROFILE_SAMPLE,param=128f,config=mve_affine,backend=mve,matvec=mve,operation=gf_mul_const_batch4,sample=8,inner=64,items=4,raw_cycles=577989
PROFILE_SAMPLE,param=128f,config=mve_affine,backend=mve,matvec=mve,operation=gf_mul_const_batch4,sample=9,inner=64,items=4,raw_cycles=577989
PROFILE_SAMPLE,param=128f,config=mve_affine,backend=mve,matvec=mve,operation=gf_mul_const_batch4,sample=10,inner=64,items=4,raw_cycles=577989
PROFILE_SAMPLE,param=128f,config=mve_affine,backend=mve,matvec=mve,operation=gf_mul_const_batch4,sample=11,inner=64,items=4,raw_cycles=577989
PROFILE_SAMPLE,param=128f,config=mve_affine,backend=mve,matvec=mve,operation=gf_mul_const_batch4,sample=12,inner=64,items=4,raw_cycles=577989
PROFILE_SAMPLE,param=128f,config=mve_affine,backend=mve,matvec=mve,operation=gf_mul_const_batch4,sample=13,inner=64,items=4,raw_cycles=577989
PROFILE_SAMPLE,param=128f,config=mve_affine,backend=mve,matvec=mve,operation=gf_mul_const_batch4,sample=14,inner=64,items=4,raw_cycles=577989
PROFILE_SAMPLE,param=128f,config=mve_affine,backend=mve,matvec=mve,operation=gf_mul_const_batch4,sample=15,inner=64,items=4,raw_cycles=577989
PROFILE_SAMPLE,param=128f,config=mve_affine,backend=mve,matvec=mve,operation=gf_mul_const_batch4,sample=16,inner=64,items=4,raw_cycles=577989
PROFILE_SAMPLE,param=128f,config=mve_affine,backend=mve,matvec=mve,operation=gf_mul_const_batch4,sample=17,inner=64,items=4,raw_cycles=577989
PROFILE_SAMPLE,param=128f,config=mve_affine,backend=mve,matvec=mve,operation=gf_mul_const_batch4,sample=18,inner=64,items=4,raw_cycles=577989
PROFILE_SAMPLE,param=128f,config=mve_affine,backend=mve,matvec=mve,operation=gf_mul_const_batch4,sample=19,inner=64,items=4,raw_cycles=577989
PROFILE_SAMPLE,param=128f,config=mve_affine,backend=mve,matvec=mve,operation=gf_mul_const_batch4,sample=20,inner=64,items=4,raw_cycles=577989
PROFILE_SAMPLE,param=128f,config=mve_affine,backend=mve,matvec=mve,operation=gf_mul_const_batch4,sample=21,inner=64,items=4,raw_cycles=577989
PROFILE_SAMPLE,param=128f,config=mve_affine,backend=mve,matvec=mve,operation=gf_mul_const_batch4,sample=22,inner=64,items=4,raw_cycles=577989
PROFILE_SAMPLE,param=128f,config=mve_affine,backend=mve,matvec=mve,operation=gf_mul_const_batch4,sample=23,inner=64,items=4,raw_cycles=577989
PROFILE_SAMPLE,param=128f,config=mve_affine,backend=mve,matvec=mve,operation=gf_mul_const_batch4,sample=24,inner=64,items=4,raw_cycles=577989
PROFILE_SAMPLE,param=128f,config=mve_affine,backend=mve,matvec=mve,operation=gf_mul_const_batch4,sample=25,inner=64,items=4,raw_cycles=577989
PROFILE_SAMPLE,param=128f,config=mve_affine,backend=mve,matvec=mve,operation=gf_mul_const_batch4,sample=26,inner=64,items=4,raw_cycles=577989
PROFILE_SAMPLE,param=128f,config=mve_affine,backend=mve,matvec=mve,operation=gf_mul_const_batch4,sample=27,inner=64,items=4,raw_cycles=577989
PROFILE_SAMPLE,param=128f,config=mve_affine,backend=mve,matvec=mve,operation=gf_mul_const_batch4,sample=28,inner=64,items=4,raw_cycles=577989
PROFILE_SAMPLE,param=128f,config=mve_affine,backend=mve,matvec=mve,operation=gf_mul_const_batch4,sample=29,inner=64,items=4,raw_cycles=577989
PROFILE_SAMPLE,param=128f,config=mve_affine,backend=mve,matvec=mve,operation=gf_mul_const_batch4,sample=30,inner=64,items=4,raw_cycles=577989
PROFILE_RESULT,param=128f,config=mve_affine,backend=mve,matvec=mve,operation=gf_mul_const_batch4,samples=31,inner=64,items=4,min=9031.08,median=9031.08,mean=9031.53,stddev=2.48,max=9045.14,cycles_per_item_mean=2257.88
PROFILE_SAMPLE,param=128f,config=mve_affine,backend=mve,matvec=mve,operation=gf_mat_vec_mul_batch4,sample=0,inner=64,items=4,raw_cycles=398335
PROFILE_SAMPLE,param=128f,config=mve_affine,backend=mve,matvec=mve,operation=gf_mat_vec_mul_batch4,sample=1,inner=64,items=4,raw_cycles=397638
PROFILE_SAMPLE,param=128f,config=mve_affine,backend=mve,matvec=mve,operation=gf_mat_vec_mul_batch4,sample=2,inner=64,items=4,raw_cycles=397636
PROFILE_SAMPLE,param=128f,config=mve_affine,backend=mve,matvec=mve,operation=gf_mat_vec_mul_batch4,sample=3,inner=64,items=4,raw_cycles=397635
PROFILE_SAMPLE,param=128f,config=mve_affine,backend=mve,matvec=mve,operation=gf_mat_vec_mul_batch4,sample=4,inner=64,items=4,raw_cycles=397635
PROFILE_SAMPLE,param=128f,config=mve_affine,backend=mve,matvec=mve,operation=gf_mat_vec_mul_batch4,sample=5,inner=64,items=4,raw_cycles=397635
PROFILE_SAMPLE,param=128f,config=mve_affine,backend=mve,matvec=mve,operation=gf_mat_vec_mul_batch4,sample=6,inner=64,items=4,raw_cycles=397634
PROFILE_SAMPLE,param=128f,config=mve_affine,backend=mve,matvec=mve,operation=gf_mat_vec_mul_batch4,sample=7,inner=64,items=4,raw_cycles=397635
PROFILE_SAMPLE,param=128f,config=mve_affine,backend=mve,matvec=mve,operation=gf_mat_vec_mul_batch4,sample=8,inner=64,items=4,raw_cycles=397635
PROFILE_SAMPLE,param=128f,config=mve_affine,backend=mve,matvec=mve,operation=gf_mat_vec_mul_batch4,sample=9,inner=64,items=4,raw_cycles=397635
PROFILE_SAMPLE,param=128f,config=mve_affine,backend=mve,matvec=mve,operation=gf_mat_vec_mul_batch4,sample=10,inner=64,items=4,raw_cycles=397635
PROFILE_SAMPLE,param=128f,config=mve_affine,backend=mve,matvec=mve,operation=gf_mat_vec_mul_batch4,sample=11,inner=64,items=4,raw_cycles=397635
PROFILE_SAMPLE,param=128f,config=mve_affine,backend=mve,matvec=mve,operation=gf_mat_vec_mul_batch4,sample=12,inner=64,items=4,raw_cycles=397635
PROFILE_SAMPLE,param=128f,config=mve_affine,backend=mve,matvec=mve,operation=gf_mat_vec_mul_batch4,sample=13,inner=64,items=4,raw_cycles=397634
PROFILE_SAMPLE,param=128f,config=mve_affine,backend=mve,matvec=mve,operation=gf_mat_vec_mul_batch4,sample=14,inner=64,items=4,raw_cycles=397635
PROFILE_SAMPLE,param=128f,config=mve_affine,backend=mve,matvec=mve,operation=gf_mat_vec_mul_batch4,sample=15,inner=64,items=4,raw_cycles=397635
PROFILE_SAMPLE,param=128f,config=mve_affine,backend=mve,matvec=mve,operation=gf_mat_vec_mul_batch4,sample=16,inner=64,items=4,raw_cycles=397635
PROFILE_SAMPLE,param=128f,config=mve_affine,backend=mve,matvec=mve,operation=gf_mat_vec_mul_batch4,sample=17,inner=64,items=4,raw_cycles=397635
PROFILE_SAMPLE,param=128f,config=mve_affine,backend=mve,matvec=mve,operation=gf_mat_vec_mul_batch4,sample=18,inner=64,items=4,raw_cycles=397635
PROFILE_SAMPLE,param=128f,config=mve_affine,backend=mve,matvec=mve,operation=gf_mat_vec_mul_batch4,sample=19,inner=64,items=4,raw_cycles=397634
PROFILE_SAMPLE,param=128f,config=mve_affine,backend=mve,matvec=mve,operation=gf_mat_vec_mul_batch4,sample=20,inner=64,items=4,raw_cycles=397635
PROFILE_SAMPLE,param=128f,config=mve_affine,backend=mve,matvec=mve,operation=gf_mat_vec_mul_batch4,sample=21,inner=64,items=4,raw_cycles=397635
PROFILE_SAMPLE,param=128f,config=mve_affine,backend=mve,matvec=mve,operation=gf_mat_vec_mul_batch4,sample=22,inner=64,items=4,raw_cycles=397635
PROFILE_SAMPLE,param=128f,config=mve_affine,backend=mve,matvec=mve,operation=gf_mat_vec_mul_batch4,sample=23,inner=64,items=4,raw_cycles=397635
PROFILE_SAMPLE,param=128f,config=mve_affine,backend=mve,matvec=mve,operation=gf_mat_vec_mul_batch4,sample=24,inner=64,items=4,raw_cycles=397635
PROFILE_SAMPLE,param=128f,config=mve_affine,backend=mve,matvec=mve,operation=gf_mat_vec_mul_batch4,sample=25,inner=64,items=4,raw_cycles=397635
PROFILE_SAMPLE,param=128f,config=mve_affine,backend=mve,matvec=mve,operation=gf_mat_vec_mul_batch4,sample=26,inner=64,items=4,raw_cycles=397634
PROFILE_SAMPLE,param=128f,config=mve_affine,backend=mve,matvec=mve,operation=gf_mat_vec_mul_batch4,sample=27,inner=64,items=4,raw_cycles=397635
PROFILE_SAMPLE,param=128f,config=mve_affine,backend=mve,matvec=mve,operation=gf_mat_vec_mul_batch4,sample=28,inner=64,items=4,raw_cycles=397635
PROFILE_SAMPLE,param=128f,config=mve_affine,backend=mve,matvec=mve,operation=gf_mat_vec_mul_batch4,sample=29,inner=64,items=4,raw_cycles=397635
PROFILE_SAMPLE,param=128f,config=mve_affine,backend=mve,matvec=mve,operation=gf_mat_vec_mul_batch4,sample=30,inner=64,items=4,raw_cycles=397635
PROFILE_RESULT,param=128f,config=mve_affine,backend=mve,matvec=mve,operation=gf_mat_vec_mul_batch4,samples=31,inner=64,items=4,min=6213.03,median=6213.05,mean=6213.40,stddev=1.93,max=6223.98,cycles_per_item_mean=1553.35
PROFILE_SAMPLE,param=128f,config=mve_affine,backend=mve,matvec=mve,operation=gf_mat_vec_mul_add_batch4,sample=0,inner=64,items=4,raw_cycles=391271
PROFILE_SAMPLE,param=128f,config=mve_affine,backend=mve,matvec=mve,operation=gf_mat_vec_mul_add_batch4,sample=1,inner=64,items=4,raw_cycles=391174
PROFILE_SAMPLE,param=128f,config=mve_affine,backend=mve,matvec=mve,operation=gf_mat_vec_mul_add_batch4,sample=2,inner=64,items=4,raw_cycles=391174
PROFILE_SAMPLE,param=128f,config=mve_affine,backend=mve,matvec=mve,operation=gf_mat_vec_mul_add_batch4,sample=3,inner=64,items=4,raw_cycles=391174
PROFILE_SAMPLE,param=128f,config=mve_affine,backend=mve,matvec=mve,operation=gf_mat_vec_mul_add_batch4,sample=4,inner=64,items=4,raw_cycles=391174
PROFILE_SAMPLE,param=128f,config=mve_affine,backend=mve,matvec=mve,operation=gf_mat_vec_mul_add_batch4,sample=5,inner=64,items=4,raw_cycles=391174
PROFILE_SAMPLE,param=128f,config=mve_affine,backend=mve,matvec=mve,operation=gf_mat_vec_mul_add_batch4,sample=6,inner=64,items=4,raw_cycles=391174
PROFILE_SAMPLE,param=128f,config=mve_affine,backend=mve,matvec=mve,operation=gf_mat_vec_mul_add_batch4,sample=7,inner=64,items=4,raw_cycles=391174
PROFILE_SAMPLE,param=128f,config=mve_affine,backend=mve,matvec=mve,operation=gf_mat_vec_mul_add_batch4,sample=8,inner=64,items=4,raw_cycles=391174
PROFILE_SAMPLE,param=128f,config=mve_affine,backend=mve,matvec=mve,operation=gf_mat_vec_mul_add_batch4,sample=9,inner=64,items=4,raw_cycles=391174
PROFILE_SAMPLE,param=128f,config=mve_affine,backend=mve,matvec=mve,operation=gf_mat_vec_mul_add_batch4,sample=10,inner=64,items=4,raw_cycles=391174
PROFILE_SAMPLE,param=128f,config=mve_affine,backend=mve,matvec=mve,operation=gf_mat_vec_mul_add_batch4,sample=11,inner=64,items=4,raw_cycles=391174
PROFILE_SAMPLE,param=128f,config=mve_affine,backend=mve,matvec=mve,operation=gf_mat_vec_mul_add_batch4,sample=12,inner=64,items=4,raw_cycles=391174
PROFILE_SAMPLE,param=128f,config=mve_affine,backend=mve,matvec=mve,operation=gf_mat_vec_mul_add_batch4,sample=13,inner=64,items=4,raw_cycles=391174
PROFILE_SAMPLE,param=128f,config=mve_affine,backend=mve,matvec=mve,operation=gf_mat_vec_mul_add_batch4,sample=14,inner=64,items=4,raw_cycles=391174
PROFILE_SAMPLE,param=128f,config=mve_affine,backend=mve,matvec=mve,operation=gf_mat_vec_mul_add_batch4,sample=15,inner=64,items=4,raw_cycles=391174
PROFILE_SAMPLE,param=128f,config=mve_affine,backend=mve,matvec=mve,operation=gf_mat_vec_mul_add_batch4,sample=16,inner=64,items=4,raw_cycles=391174
PROFILE_SAMPLE,param=128f,config=mve_affine,backend=mve,matvec=mve,operation=gf_mat_vec_mul_add_batch4,sample=17,inner=64,items=4,raw_cycles=391174
PROFILE_SAMPLE,param=128f,config=mve_affine,backend=mve,matvec=mve,operation=gf_mat_vec_mul_add_batch4,sample=18,inner=64,items=4,raw_cycles=391174
PROFILE_SAMPLE,param=128f,config=mve_affine,backend=mve,matvec=mve,operation=gf_mat_vec_mul_add_batch4,sample=19,inner=64,items=4,raw_cycles=391174
PROFILE_SAMPLE,param=128f,config=mve_affine,backend=mve,matvec=mve,operation=gf_mat_vec_mul_add_batch4,sample=20,inner=64,items=4,raw_cycles=391174
PROFILE_SAMPLE,param=128f,config=mve_affine,backend=mve,matvec=mve,operation=gf_mat_vec_mul_add_batch4,sample=21,inner=64,items=4,raw_cycles=391174
PROFILE_SAMPLE,param=128f,config=mve_affine,backend=mve,matvec=mve,operation=gf_mat_vec_mul_add_batch4,sample=22,inner=64,items=4,raw_cycles=391174
PROFILE_SAMPLE,param=128f,config=mve_affine,backend=mve,matvec=mve,operation=gf_mat_vec_mul_add_batch4,sample=23,inner=64,items=4,raw_cycles=391174
PROFILE_SAMPLE,param=128f,config=mve_affine,backend=mve,matvec=mve,operation=gf_mat_vec_mul_add_batch4,sample=24,inner=64,items=4,raw_cycles=391174
PROFILE_SAMPLE,param=128f,config=mve_affine,backend=mve,matvec=mve,operation=gf_mat_vec_mul_add_batch4,sample=25,inner=64,items=4,raw_cycles=391174
PROFILE_SAMPLE,param=128f,config=mve_affine,backend=mve,matvec=mve,operation=gf_mat_vec_mul_add_batch4,sample=26,inner=64,items=4,raw_cycles=391174
PROFILE_SAMPLE,param=128f,config=mve_affine,backend=mve,matvec=mve,operation=gf_mat_vec_mul_add_batch4,sample=27,inner=64,items=4,raw_cycles=391174
PROFILE_SAMPLE,param=128f,config=mve_affine,backend=mve,matvec=mve,operation=gf_mat_vec_mul_add_batch4,sample=28,inner=64,items=4,raw_cycles=391174
PROFILE_SAMPLE,param=128f,config=mve_affine,backend=mve,matvec=mve,operation=gf_mat_vec_mul_add_batch4,sample=29,inner=64,items=4,raw_cycles=391174
PROFILE_SAMPLE,param=128f,config=mve_affine,backend=mve,matvec=mve,operation=gf_mat_vec_mul_add_batch4,sample=30,inner=64,items=4,raw_cycles=391174
PROFILE_RESULT,param=128f,config=mve_affine,backend=mve,matvec=mve,operation=gf_mat_vec_mul_add_batch4,samples=31,inner=64,items=4,min=6112.09,median=6112.09,mean=6112.14,stddev=0.27,max=6113.61,cycles_per_item_mean=1528.04
PROFILE_SAMPLE,param=128f,config=mve_affine,backend=mve,matvec=mve,operation=aim3_mpc_batch4,sample=0,inner=8,items=4,raw_cycles=252250
PROFILE_SAMPLE,param=128f,config=mve_affine,backend=mve,matvec=mve,operation=aim3_mpc_batch4,sample=1,inner=8,items=4,raw_cycles=251085
PROFILE_SAMPLE,param=128f,config=mve_affine,backend=mve,matvec=mve,operation=aim3_mpc_batch4,sample=2,inner=8,items=4,raw_cycles=251084
PROFILE_SAMPLE,param=128f,config=mve_affine,backend=mve,matvec=mve,operation=aim3_mpc_batch4,sample=3,inner=8,items=4,raw_cycles=251084
PROFILE_SAMPLE,param=128f,config=mve_affine,backend=mve,matvec=mve,operation=aim3_mpc_batch4,sample=4,inner=8,items=4,raw_cycles=251085
PROFILE_SAMPLE,param=128f,config=mve_affine,backend=mve,matvec=mve,operation=aim3_mpc_batch4,sample=5,inner=8,items=4,raw_cycles=251085
PROFILE_SAMPLE,param=128f,config=mve_affine,backend=mve,matvec=mve,operation=aim3_mpc_batch4,sample=6,inner=8,items=4,raw_cycles=251086
PROFILE_SAMPLE,param=128f,config=mve_affine,backend=mve,matvec=mve,operation=aim3_mpc_batch4,sample=7,inner=8,items=4,raw_cycles=251084
PROFILE_SAMPLE,param=128f,config=mve_affine,backend=mve,matvec=mve,operation=aim3_mpc_batch4,sample=8,inner=8,items=4,raw_cycles=251084
PROFILE_SAMPLE,param=128f,config=mve_affine,backend=mve,matvec=mve,operation=aim3_mpc_batch4,sample=9,inner=8,items=4,raw_cycles=251084
PROFILE_SAMPLE,param=128f,config=mve_affine,backend=mve,matvec=mve,operation=aim3_mpc_batch4,sample=10,inner=8,items=4,raw_cycles=251084
PROFILE_SAMPLE,param=128f,config=mve_affine,backend=mve,matvec=mve,operation=aim3_mpc_batch4,sample=11,inner=8,items=4,raw_cycles=251083
PROFILE_SAMPLE,param=128f,config=mve_affine,backend=mve,matvec=mve,operation=aim3_mpc_batch4,sample=12,inner=8,items=4,raw_cycles=251084
PROFILE_SAMPLE,param=128f,config=mve_affine,backend=mve,matvec=mve,operation=aim3_mpc_batch4,sample=13,inner=8,items=4,raw_cycles=251083
PROFILE_SAMPLE,param=128f,config=mve_affine,backend=mve,matvec=mve,operation=aim3_mpc_batch4,sample=14,inner=8,items=4,raw_cycles=251085
PROFILE_SAMPLE,param=128f,config=mve_affine,backend=mve,matvec=mve,operation=aim3_mpc_batch4,sample=15,inner=8,items=4,raw_cycles=251084
PROFILE_SAMPLE,param=128f,config=mve_affine,backend=mve,matvec=mve,operation=aim3_mpc_batch4,sample=16,inner=8,items=4,raw_cycles=251085
PROFILE_SAMPLE,param=128f,config=mve_affine,backend=mve,matvec=mve,operation=aim3_mpc_batch4,sample=17,inner=8,items=4,raw_cycles=251084
PROFILE_SAMPLE,param=128f,config=mve_affine,backend=mve,matvec=mve,operation=aim3_mpc_batch4,sample=18,inner=8,items=4,raw_cycles=251084
PROFILE_SAMPLE,param=128f,config=mve_affine,backend=mve,matvec=mve,operation=aim3_mpc_batch4,sample=19,inner=8,items=4,raw_cycles=251082
PROFILE_SAMPLE,param=128f,config=mve_affine,backend=mve,matvec=mve,operation=aim3_mpc_batch4,sample=20,inner=8,items=4,raw_cycles=251084
PROFILE_SAMPLE,param=128f,config=mve_affine,backend=mve,matvec=mve,operation=aim3_mpc_batch4,sample=21,inner=8,items=4,raw_cycles=251083
PROFILE_SAMPLE,param=128f,config=mve_affine,backend=mve,matvec=mve,operation=aim3_mpc_batch4,sample=22,inner=8,items=4,raw_cycles=251084
PROFILE_SAMPLE,param=128f,config=mve_affine,backend=mve,matvec=mve,operation=aim3_mpc_batch4,sample=23,inner=8,items=4,raw_cycles=251083
PROFILE_SAMPLE,param=128f,config=mve_affine,backend=mve,matvec=mve,operation=aim3_mpc_batch4,sample=24,inner=8,items=4,raw_cycles=251085
PROFILE_SAMPLE,param=128f,config=mve_affine,backend=mve,matvec=mve,operation=aim3_mpc_batch4,sample=25,inner=8,items=4,raw_cycles=251084
PROFILE_SAMPLE,param=128f,config=mve_affine,backend=mve,matvec=mve,operation=aim3_mpc_batch4,sample=26,inner=8,items=4,raw_cycles=251085
PROFILE_SAMPLE,param=128f,config=mve_affine,backend=mve,matvec=mve,operation=aim3_mpc_batch4,sample=27,inner=8,items=4,raw_cycles=251084
PROFILE_SAMPLE,param=128f,config=mve_affine,backend=mve,matvec=mve,operation=aim3_mpc_batch4,sample=28,inner=8,items=4,raw_cycles=251084
PROFILE_SAMPLE,param=128f,config=mve_affine,backend=mve,matvec=mve,operation=aim3_mpc_batch4,sample=29,inner=8,items=4,raw_cycles=251082
PROFILE_SAMPLE,param=128f,config=mve_affine,backend=mve,matvec=mve,operation=aim3_mpc_batch4,sample=30,inner=8,items=4,raw_cycles=251084
PROFILE_RESULT,param=128f,config=mve_affine,backend=mve,matvec=mve,operation=aim3_mpc_batch4,samples=31,inner=8,items=4,min=31385.25,median=31385.50,mean=31390.21,stddev=25.75,max=31531.25,cycles_per_item_mean=7847.55
PROFILE_SAMPLE,param=128f,config=mve_affine,backend=mve,matvec=mve,operation=aim3_mpc_batch4_affine,sample=0,inner=8,items=4,raw_cycles=209191
PROFILE_SAMPLE,param=128f,config=mve_affine,backend=mve,matvec=mve,operation=aim3_mpc_batch4_affine,sample=1,inner=8,items=4,raw_cycles=208607
PROFILE_SAMPLE,param=128f,config=mve_affine,backend=mve,matvec=mve,operation=aim3_mpc_batch4_affine,sample=2,inner=8,items=4,raw_cycles=208606
PROFILE_SAMPLE,param=128f,config=mve_affine,backend=mve,matvec=mve,operation=aim3_mpc_batch4_affine,sample=3,inner=8,items=4,raw_cycles=208606
PROFILE_SAMPLE,param=128f,config=mve_affine,backend=mve,matvec=mve,operation=aim3_mpc_batch4_affine,sample=4,inner=8,items=4,raw_cycles=208607
PROFILE_SAMPLE,param=128f,config=mve_affine,backend=mve,matvec=mve,operation=aim3_mpc_batch4_affine,sample=5,inner=8,items=4,raw_cycles=208607
PROFILE_SAMPLE,param=128f,config=mve_affine,backend=mve,matvec=mve,operation=aim3_mpc_batch4_affine,sample=6,inner=8,items=4,raw_cycles=208608
PROFILE_SAMPLE,param=128f,config=mve_affine,backend=mve,matvec=mve,operation=aim3_mpc_batch4_affine,sample=7,inner=8,items=4,raw_cycles=208606
PROFILE_SAMPLE,param=128f,config=mve_affine,backend=mve,matvec=mve,operation=aim3_mpc_batch4_affine,sample=8,inner=8,items=4,raw_cycles=208606
PROFILE_SAMPLE,param=128f,config=mve_affine,backend=mve,matvec=mve,operation=aim3_mpc_batch4_affine,sample=9,inner=8,items=4,raw_cycles=208606
PROFILE_SAMPLE,param=128f,config=mve_affine,backend=mve,matvec=mve,operation=aim3_mpc_batch4_affine,sample=10,inner=8,items=4,raw_cycles=208606
PROFILE_SAMPLE,param=128f,config=mve_affine,backend=mve,matvec=mve,operation=aim3_mpc_batch4_affine,sample=11,inner=8,items=4,raw_cycles=208605
PROFILE_SAMPLE,param=128f,config=mve_affine,backend=mve,matvec=mve,operation=aim3_mpc_batch4_affine,sample=12,inner=8,items=4,raw_cycles=208606
PROFILE_SAMPLE,param=128f,config=mve_affine,backend=mve,matvec=mve,operation=aim3_mpc_batch4_affine,sample=13,inner=8,items=4,raw_cycles=208605
PROFILE_SAMPLE,param=128f,config=mve_affine,backend=mve,matvec=mve,operation=aim3_mpc_batch4_affine,sample=14,inner=8,items=4,raw_cycles=208607
PROFILE_SAMPLE,param=128f,config=mve_affine,backend=mve,matvec=mve,operation=aim3_mpc_batch4_affine,sample=15,inner=8,items=4,raw_cycles=208606
PROFILE_SAMPLE,param=128f,config=mve_affine,backend=mve,matvec=mve,operation=aim3_mpc_batch4_affine,sample=16,inner=8,items=4,raw_cycles=208607
PROFILE_SAMPLE,param=128f,config=mve_affine,backend=mve,matvec=mve,operation=aim3_mpc_batch4_affine,sample=17,inner=8,items=4,raw_cycles=208606
PROFILE_SAMPLE,param=128f,config=mve_affine,backend=mve,matvec=mve,operation=aim3_mpc_batch4_affine,sample=18,inner=8,items=4,raw_cycles=208606
PROFILE_SAMPLE,param=128f,config=mve_affine,backend=mve,matvec=mve,operation=aim3_mpc_batch4_affine,sample=19,inner=8,items=4,raw_cycles=208604
PROFILE_SAMPLE,param=128f,config=mve_affine,backend=mve,matvec=mve,operation=aim3_mpc_batch4_affine,sample=20,inner=8,items=4,raw_cycles=208606
PROFILE_SAMPLE,param=128f,config=mve_affine,backend=mve,matvec=mve,operation=aim3_mpc_batch4_affine,sample=21,inner=8,items=4,raw_cycles=208605
PROFILE_SAMPLE,param=128f,config=mve_affine,backend=mve,matvec=mve,operation=aim3_mpc_batch4_affine,sample=22,inner=8,items=4,raw_cycles=208606
PROFILE_SAMPLE,param=128f,config=mve_affine,backend=mve,matvec=mve,operation=aim3_mpc_batch4_affine,sample=23,inner=8,items=4,raw_cycles=208605
PROFILE_SAMPLE,param=128f,config=mve_affine,backend=mve,matvec=mve,operation=aim3_mpc_batch4_affine,sample=24,inner=8,items=4,raw_cycles=208607
PROFILE_SAMPLE,param=128f,config=mve_affine,backend=mve,matvec=mve,operation=aim3_mpc_batch4_affine,sample=25,inner=8,items=4,raw_cycles=208606
PROFILE_SAMPLE,param=128f,config=mve_affine,backend=mve,matvec=mve,operation=aim3_mpc_batch4_affine,sample=26,inner=8,items=4,raw_cycles=208607
PROFILE_SAMPLE,param=128f,config=mve_affine,backend=mve,matvec=mve,operation=aim3_mpc_batch4_affine,sample=27,inner=8,items=4,raw_cycles=208606
PROFILE_SAMPLE,param=128f,config=mve_affine,backend=mve,matvec=mve,operation=aim3_mpc_batch4_affine,sample=28,inner=8,items=4,raw_cycles=208606
PROFILE_SAMPLE,param=128f,config=mve_affine,backend=mve,matvec=mve,operation=aim3_mpc_batch4_affine,sample=29,inner=8,items=4,raw_cycles=208604
PROFILE_SAMPLE,param=128f,config=mve_affine,backend=mve,matvec=mve,operation=aim3_mpc_batch4_affine,sample=30,inner=8,items=4,raw_cycles=208606
PROFILE_RESULT,param=128f,config=mve_affine,backend=mve,matvec=mve,operation=aim3_mpc_batch4_affine,samples=31,inner=8,items=4,min=26075.50,median=26075.75,mean=26078.11,stddev=12.92,max=26148.88,cycles_per_item_mean=6519.53
PROFILE_SAMPLE,param=128f,config=mve_affine,backend=mve,matvec=mve,operation=aim3_mpc_batch4_frobenius,sample=0,inner=8,items=4,raw_cycles=42294
PROFILE_SAMPLE,param=128f,config=mve_affine,backend=mve,matvec=mve,operation=aim3_mpc_batch4_frobenius,sample=1,inner=8,items=4,raw_cycles=41944
PROFILE_SAMPLE,param=128f,config=mve_affine,backend=mve,matvec=mve,operation=aim3_mpc_batch4_frobenius,sample=2,inner=8,items=4,raw_cycles=41944
PROFILE_SAMPLE,param=128f,config=mve_affine,backend=mve,matvec=mve,operation=aim3_mpc_batch4_frobenius,sample=3,inner=8,items=4,raw_cycles=41944
PROFILE_SAMPLE,param=128f,config=mve_affine,backend=mve,matvec=mve,operation=aim3_mpc_batch4_frobenius,sample=4,inner=8,items=4,raw_cycles=41944
PROFILE_SAMPLE,param=128f,config=mve_affine,backend=mve,matvec=mve,operation=aim3_mpc_batch4_frobenius,sample=5,inner=8,items=4,raw_cycles=41944
PROFILE_SAMPLE,param=128f,config=mve_affine,backend=mve,matvec=mve,operation=aim3_mpc_batch4_frobenius,sample=6,inner=8,items=4,raw_cycles=41944
PROFILE_SAMPLE,param=128f,config=mve_affine,backend=mve,matvec=mve,operation=aim3_mpc_batch4_frobenius,sample=7,inner=8,items=4,raw_cycles=41944
PROFILE_SAMPLE,param=128f,config=mve_affine,backend=mve,matvec=mve,operation=aim3_mpc_batch4_frobenius,sample=8,inner=8,items=4,raw_cycles=41944
PROFILE_SAMPLE,param=128f,config=mve_affine,backend=mve,matvec=mve,operation=aim3_mpc_batch4_frobenius,sample=9,inner=8,items=4,raw_cycles=41944
PROFILE_SAMPLE,param=128f,config=mve_affine,backend=mve,matvec=mve,operation=aim3_mpc_batch4_frobenius,sample=10,inner=8,items=4,raw_cycles=41944
PROFILE_SAMPLE,param=128f,config=mve_affine,backend=mve,matvec=mve,operation=aim3_mpc_batch4_frobenius,sample=11,inner=8,items=4,raw_cycles=41944
PROFILE_SAMPLE,param=128f,config=mve_affine,backend=mve,matvec=mve,operation=aim3_mpc_batch4_frobenius,sample=12,inner=8,items=4,raw_cycles=41944
PROFILE_SAMPLE,param=128f,config=mve_affine,backend=mve,matvec=mve,operation=aim3_mpc_batch4_frobenius,sample=13,inner=8,items=4,raw_cycles=41944
PROFILE_SAMPLE,param=128f,config=mve_affine,backend=mve,matvec=mve,operation=aim3_mpc_batch4_frobenius,sample=14,inner=8,items=4,raw_cycles=41944
PROFILE_SAMPLE,param=128f,config=mve_affine,backend=mve,matvec=mve,operation=aim3_mpc_batch4_frobenius,sample=15,inner=8,items=4,raw_cycles=41944
PROFILE_SAMPLE,param=128f,config=mve_affine,backend=mve,matvec=mve,operation=aim3_mpc_batch4_frobenius,sample=16,inner=8,items=4,raw_cycles=41944
PROFILE_SAMPLE,param=128f,config=mve_affine,backend=mve,matvec=mve,operation=aim3_mpc_batch4_frobenius,sample=17,inner=8,items=4,raw_cycles=41944
PROFILE_SAMPLE,param=128f,config=mve_affine,backend=mve,matvec=mve,operation=aim3_mpc_batch4_frobenius,sample=18,inner=8,items=4,raw_cycles=41944
PROFILE_SAMPLE,param=128f,config=mve_affine,backend=mve,matvec=mve,operation=aim3_mpc_batch4_frobenius,sample=19,inner=8,items=4,raw_cycles=41944
PROFILE_SAMPLE,param=128f,config=mve_affine,backend=mve,matvec=mve,operation=aim3_mpc_batch4_frobenius,sample=20,inner=8,items=4,raw_cycles=41944
PROFILE_SAMPLE,param=128f,config=mve_affine,backend=mve,matvec=mve,operation=aim3_mpc_batch4_frobenius,sample=21,inner=8,items=4,raw_cycles=41944
PROFILE_SAMPLE,param=128f,config=mve_affine,backend=mve,matvec=mve,operation=aim3_mpc_batch4_frobenius,sample=22,inner=8,items=4,raw_cycles=41944
PROFILE_SAMPLE,param=128f,config=mve_affine,backend=mve,matvec=mve,operation=aim3_mpc_batch4_frobenius,sample=23,inner=8,items=4,raw_cycles=41944
PROFILE_SAMPLE,param=128f,config=mve_affine,backend=mve,matvec=mve,operation=aim3_mpc_batch4_frobenius,sample=24,inner=8,items=4,raw_cycles=41944
PROFILE_SAMPLE,param=128f,config=mve_affine,backend=mve,matvec=mve,operation=aim3_mpc_batch4_frobenius,sample=25,inner=8,items=4,raw_cycles=41944
PROFILE_SAMPLE,param=128f,config=mve_affine,backend=mve,matvec=mve,operation=aim3_mpc_batch4_frobenius,sample=26,inner=8,items=4,raw_cycles=41944
PROFILE_SAMPLE,param=128f,config=mve_affine,backend=mve,matvec=mve,operation=aim3_mpc_batch4_frobenius,sample=27,inner=8,items=4,raw_cycles=41944
PROFILE_SAMPLE,param=128f,config=mve_affine,backend=mve,matvec=mve,operation=aim3_mpc_batch4_frobenius,sample=28,inner=8,items=4,raw_cycles=41944
PROFILE_SAMPLE,param=128f,config=mve_affine,backend=mve,matvec=mve,operation=aim3_mpc_batch4_frobenius,sample=29,inner=8,items=4,raw_cycles=41944
PROFILE_SAMPLE,param=128f,config=mve_affine,backend=mve,matvec=mve,operation=aim3_mpc_batch4_frobenius,sample=30,inner=8,items=4,raw_cycles=41944
PROFILE_RESULT,param=128f,config=mve_affine,backend=mve,matvec=mve,operation=aim3_mpc_batch4_frobenius,samples=31,inner=8,items=4,min=5243.00,median=5243.00,mean=5244.41,stddev=7.73,max=5286.75,cycles_per_item_mean=1311.10
PROFILE_SAMPLE,param=128f,config=mve_affine,backend=mve,matvec=mve,operation=aim3_mpc_scalar,sample=0,inner=8,items=1,raw_cycles=134764
PROFILE_SAMPLE,param=128f,config=mve_affine,backend=mve,matvec=mve,operation=aim3_mpc_scalar,sample=1,inner=8,items=1,raw_cycles=134367
PROFILE_SAMPLE,param=128f,config=mve_affine,backend=mve,matvec=mve,operation=aim3_mpc_scalar,sample=2,inner=8,items=1,raw_cycles=134367
PROFILE_SAMPLE,param=128f,config=mve_affine,backend=mve,matvec=mve,operation=aim3_mpc_scalar,sample=3,inner=8,items=1,raw_cycles=134367
PROFILE_SAMPLE,param=128f,config=mve_affine,backend=mve,matvec=mve,operation=aim3_mpc_scalar,sample=4,inner=8,items=1,raw_cycles=134367
PROFILE_SAMPLE,param=128f,config=mve_affine,backend=mve,matvec=mve,operation=aim3_mpc_scalar,sample=5,inner=8,items=1,raw_cycles=134367
PROFILE_SAMPLE,param=128f,config=mve_affine,backend=mve,matvec=mve,operation=aim3_mpc_scalar,sample=6,inner=8,items=1,raw_cycles=134367
PROFILE_SAMPLE,param=128f,config=mve_affine,backend=mve,matvec=mve,operation=aim3_mpc_scalar,sample=7,inner=8,items=1,raw_cycles=134367
PROFILE_SAMPLE,param=128f,config=mve_affine,backend=mve,matvec=mve,operation=aim3_mpc_scalar,sample=8,inner=8,items=1,raw_cycles=134367
PROFILE_SAMPLE,param=128f,config=mve_affine,backend=mve,matvec=mve,operation=aim3_mpc_scalar,sample=9,inner=8,items=1,raw_cycles=134367
PROFILE_SAMPLE,param=128f,config=mve_affine,backend=mve,matvec=mve,operation=aim3_mpc_scalar,sample=10,inner=8,items=1,raw_cycles=134367
PROFILE_SAMPLE,param=128f,config=mve_affine,backend=mve,matvec=mve,operation=aim3_mpc_scalar,sample=11,inner=8,items=1,raw_cycles=134367
PROFILE_SAMPLE,param=128f,config=mve_affine,backend=mve,matvec=mve,operation=aim3_mpc_scalar,sample=12,inner=8,items=1,raw_cycles=134367
PROFILE_SAMPLE,param=128f,config=mve_affine,backend=mve,matvec=mve,operation=aim3_mpc_scalar,sample=13,inner=8,items=1,raw_cycles=134367
PROFILE_SAMPLE,param=128f,config=mve_affine,backend=mve,matvec=mve,operation=aim3_mpc_scalar,sample=14,inner=8,items=1,raw_cycles=134367
PROFILE_SAMPLE,param=128f,config=mve_affine,backend=mve,matvec=mve,operation=aim3_mpc_scalar,sample=15,inner=8,items=1,raw_cycles=134367
PROFILE_SAMPLE,param=128f,config=mve_affine,backend=mve,matvec=mve,operation=aim3_mpc_scalar,sample=16,inner=8,items=1,raw_cycles=134367
PROFILE_SAMPLE,param=128f,config=mve_affine,backend=mve,matvec=mve,operation=aim3_mpc_scalar,sample=17,inner=8,items=1,raw_cycles=134367
PROFILE_SAMPLE,param=128f,config=mve_affine,backend=mve,matvec=mve,operation=aim3_mpc_scalar,sample=18,inner=8,items=1,raw_cycles=134367
PROFILE_SAMPLE,param=128f,config=mve_affine,backend=mve,matvec=mve,operation=aim3_mpc_scalar,sample=19,inner=8,items=1,raw_cycles=134367
PROFILE_SAMPLE,param=128f,config=mve_affine,backend=mve,matvec=mve,operation=aim3_mpc_scalar,sample=20,inner=8,items=1,raw_cycles=134367
PROFILE_SAMPLE,param=128f,config=mve_affine,backend=mve,matvec=mve,operation=aim3_mpc_scalar,sample=21,inner=8,items=1,raw_cycles=134367
PROFILE_SAMPLE,param=128f,config=mve_affine,backend=mve,matvec=mve,operation=aim3_mpc_scalar,sample=22,inner=8,items=1,raw_cycles=134367
PROFILE_SAMPLE,param=128f,config=mve_affine,backend=mve,matvec=mve,operation=aim3_mpc_scalar,sample=23,inner=8,items=1,raw_cycles=134367
PROFILE_SAMPLE,param=128f,config=mve_affine,backend=mve,matvec=mve,operation=aim3_mpc_scalar,sample=24,inner=8,items=1,raw_cycles=134367
PROFILE_SAMPLE,param=128f,config=mve_affine,backend=mve,matvec=mve,operation=aim3_mpc_scalar,sample=25,inner=8,items=1,raw_cycles=134367
PROFILE_SAMPLE,param=128f,config=mve_affine,backend=mve,matvec=mve,operation=aim3_mpc_scalar,sample=26,inner=8,items=1,raw_cycles=134367
PROFILE_SAMPLE,param=128f,config=mve_affine,backend=mve,matvec=mve,operation=aim3_mpc_scalar,sample=27,inner=8,items=1,raw_cycles=134367
PROFILE_SAMPLE,param=128f,config=mve_affine,backend=mve,matvec=mve,operation=aim3_mpc_scalar,sample=28,inner=8,items=1,raw_cycles=134367
PROFILE_SAMPLE,param=128f,config=mve_affine,backend=mve,matvec=mve,operation=aim3_mpc_scalar,sample=29,inner=8,items=1,raw_cycles=134367
PROFILE_SAMPLE,param=128f,config=mve_affine,backend=mve,matvec=mve,operation=aim3_mpc_scalar,sample=30,inner=8,items=1,raw_cycles=134367
PROFILE_RESULT,param=128f,config=mve_affine,backend=mve,matvec=mve,operation=aim3_mpc_scalar,samples=31,inner=8,items=1,min=16795.88,median=16795.88,mean=16797.48,stddev=8.77,max=16845.50,cycles_per_item_mean=16797.48
PROFILE_PASS,param=128f,config=mve_affine,backend=mve,matvec=mve,checksum=0dc7a435fc075242
TEST_EXIT=0
