PAPER_M55_CONTEXT,result_dir=/Users/seungwon/AIMer3_on_AVX512/m55/benchmarks/results/paper-final-ref-mve-20260906-151313,source_sha256=d5a9217638ee84f7d9f5243875243052c95d5d6c224578e33e0548304ef6457e,command=make -B -C /Users/seungwon/AIMer3_on_AVX512/m55 PARAM=256s BACKEND=mve MATVEC=mve TEST=benchmark MEMORY=full SIGN_SCHEDULE=lowmem STACK_USAGE=1 BENCH_KERNEL_SAMPLES=31 BENCH_KERNEL_INNER=64 BENCH_E2E_SAMPLES=50 BENCH_WARMUP=10 run-board ARM_GCC_DIR=/Users/seungwon/test/.tools/xpack-arm-none-eabi-gcc-15.2.1-1.1/bin CUBE_N6_DIR=/Users/seungwon/STM32CubeN6 CORTEXCTL=/Users/Shared/cortexctl OPENOCD=/Users/seungwon/test/.tools/xpack-openocd-0.12.0-7/bin/openocd OPENOCD_SCRIPTS=/Users/seungwon/test/.tools/xpack-openocd-0.12.0-7/openocd/scripts OPENOCD_TARGET_SCRIPTS=/Users/seungwon/test/.tools/openocd-scripts 
/Users/seungwon/test/.tools/xpack-arm-none-eabi-gcc-15.2.1-1.1/bin/arm-none-eabi-gcc -DAIMER_MVE_BATCH -DAIMER_M55_MVE_MATVEC -DAIMER_BENCHMARK -DPARAMS=256s -DAIMER_BACKEND=mve -DAIMER_MATVEC=mve -DAIMER_CONFIG=mve_affine -DBENCH_KERNEL_SAMPLES=31 -DBENCH_E2E_SAMPLES=50 -DBENCH_KERNEL_INNER=64 -DBENCH_WARMUP=10 -DPROFILE_SAMPLES=31 -DPROFILE_KERNEL_INNER=64 -DPROFILE_COMPLEX_INNER=8 -DUSE_HAL_DRIVER -DSTM32N657xx -Iinclude -I../common/src/sig/aimer/reference/aimer-256s -I../common/src -I/Users/seungwon/STM32CubeN6/Projects/NUCLEO-N657X0-Q/Templates/Template/FSBL/Inc -I/Users/seungwon/STM32CubeN6/Drivers/CMSIS/Include -I/Users/seungwon/STM32CubeN6/Drivers/CMSIS/Device/ST/STM32N6xx/Include -I/Users/seungwon/STM32CubeN6/Drivers/STM32N6xx_HAL_Driver/Inc -I/Users/seungwon/STM32CubeN6/Drivers/STM32N6xx_HAL_Driver/Inc/Legacy -O3 -std=c11 -fno-common -ffunction-sections -fdata-sections -fno-tree-vectorize -fno-tree-slp-vectorize -MMD -MP --specs=nosys.specs -Wall -Wextra -Wshadow -Wconversion -Wstrict-prototypes -mcpu=cortex-m55 -mthumb -mfloat-abi=hard -mcmse -fstack-usage -c benchmarks/benchmark.c -o build/full/256s/mve-affine/benchmark/benchmark.c.o
/Users/seungwon/test/.tools/xpack-arm-none-eabi-gcc-15.2.1-1.1/bin/arm-none-eabi-gcc -DAIMER_MVE_BATCH -DAIMER_M55_MVE_MATVEC -DAIMER_BENCHMARK -DPARAMS=256s -DAIMER_BACKEND=mve -DAIMER_MATVEC=mve -DAIMER_CONFIG=mve_affine -DBENCH_KERNEL_SAMPLES=31 -DBENCH_E2E_SAMPLES=50 -DBENCH_KERNEL_INNER=64 -DBENCH_WARMUP=10 -DPROFILE_SAMPLES=31 -DPROFILE_KERNEL_INNER=64 -DPROFILE_COMPLEX_INNER=8 -DUSE_HAL_DRIVER -DSTM32N657xx -Iinclude -I../common/src/sig/aimer/reference/aimer-256s -I../common/src -I/Users/seungwon/STM32CubeN6/Projects/NUCLEO-N657X0-Q/Templates/Template/FSBL/Inc -I/Users/seungwon/STM32CubeN6/Drivers/CMSIS/Include -I/Users/seungwon/STM32CubeN6/Drivers/CMSIS/Device/ST/STM32N6xx/Include -I/Users/seungwon/STM32CubeN6/Drivers/STM32N6xx_HAL_Driver/Inc -I/Users/seungwon/STM32CubeN6/Drivers/STM32N6xx_HAL_Driver/Inc/Legacy -O3 -std=c11 -fno-common -ffunction-sections -fdata-sections -fno-tree-vectorize -fno-tree-slp-vectorize -MMD -MP --specs=nosys.specs -Wall -Wextra -Wshadow -Wconversion -Wstrict-prototypes -mcpu=cortex-m55 -mthumb -mfloat-abi=hard -mcmse -fstack-usage -c src/lowmem/sign_low_memory.c -o build/full/256s/mve-affine/benchmark/sign_low_memory.c.o
/Users/seungwon/test/.tools/xpack-arm-none-eabi-gcc-15.2.1-1.1/bin/arm-none-eabi-gcc -DAIMER_MVE_BATCH -DAIMER_M55_MVE_MATVEC -DAIMER_BENCHMARK -DPARAMS=256s -DAIMER_BACKEND=mve -DAIMER_MATVEC=mve -DAIMER_CONFIG=mve_affine -DBENCH_KERNEL_SAMPLES=31 -DBENCH_E2E_SAMPLES=50 -DBENCH_KERNEL_INNER=64 -DBENCH_WARMUP=10 -DPROFILE_SAMPLES=31 -DPROFILE_KERNEL_INNER=64 -DPROFILE_COMPLEX_INNER=8 -DUSE_HAL_DRIVER -DSTM32N657xx -Iinclude -I../common/src/sig/aimer/reference/aimer-256s -I../common/src -I/Users/seungwon/STM32CubeN6/Projects/NUCLEO-N657X0-Q/Templates/Template/FSBL/Inc -I/Users/seungwon/STM32CubeN6/Drivers/CMSIS/Include -I/Users/seungwon/STM32CubeN6/Drivers/CMSIS/Device/ST/STM32N6xx/Include -I/Users/seungwon/STM32CubeN6/Drivers/STM32N6xx_HAL_Driver/Inc -I/Users/seungwon/STM32CubeN6/Drivers/STM32N6xx_HAL_Driver/Inc/Legacy -O3 -std=c11 -fno-common -ffunction-sections -fdata-sections -fno-tree-vectorize -fno-tree-slp-vectorize -MMD -MP --specs=nosys.specs -Wall -Wextra -Wshadow -Wconversion -Wstrict-prototypes -mcpu=cortex-m55 -mthumb -mfloat-abi=hard -mcmse -fstack-usage -c src/lowmem/verify_batch.c -o build/full/256s/mve-affine/benchmark/verify_batch.c.o
/Users/seungwon/test/.tools/xpack-arm-none-eabi-gcc-15.2.1-1.1/bin/arm-none-eabi-gcc -DAIMER_MVE_BATCH -DAIMER_M55_MVE_MATVEC -DAIMER_BENCHMARK -DPARAMS=256s -DAIMER_BACKEND=mve -DAIMER_MATVEC=mve -DAIMER_CONFIG=mve_affine -DBENCH_KERNEL_SAMPLES=31 -DBENCH_E2E_SAMPLES=50 -DBENCH_KERNEL_INNER=64 -DBENCH_WARMUP=10 -DPROFILE_SAMPLES=31 -DPROFILE_KERNEL_INNER=64 -DPROFILE_COMPLEX_INNER=8 -DUSE_HAL_DRIVER -DSTM32N657xx -Iinclude -I../common/src/sig/aimer/reference/aimer-256s -I../common/src -I/Users/seungwon/STM32CubeN6/Projects/NUCLEO-N657X0-Q/Templates/Template/FSBL/Inc -I/Users/seungwon/STM32CubeN6/Drivers/CMSIS/Include -I/Users/seungwon/STM32CubeN6/Drivers/CMSIS/Device/ST/STM32N6xx/Include -I/Users/seungwon/STM32CubeN6/Drivers/STM32N6xx_HAL_Driver/Inc -I/Users/seungwon/STM32CubeN6/Drivers/STM32N6xx_HAL_Driver/Inc/Legacy -O3 -std=c11 -fno-common -ffunction-sections -fdata-sections -fno-tree-vectorize -fno-tree-slp-vectorize -MMD -MP --specs=nosys.specs -Wall -Wextra -Wshadow -Wconversion -Wstrict-prototypes -mcpu=cortex-m55 -mthumb -mfloat-abi=hard -mcmse -fstack-usage -c src/mve/field_batch.c -o build/full/256s/mve-affine/benchmark/field_batch.c.o
/Users/seungwon/test/.tools/xpack-arm-none-eabi-gcc-15.2.1-1.1/bin/arm-none-eabi-gcc -DAIMER_MVE_BATCH -DAIMER_M55_MVE_MATVEC -DAIMER_BENCHMARK -DPARAMS=256s -DAIMER_BACKEND=mve -DAIMER_MATVEC=mve -DAIMER_CONFIG=mve_affine -DBENCH_KERNEL_SAMPLES=31 -DBENCH_E2E_SAMPLES=50 -DBENCH_KERNEL_INNER=64 -DBENCH_WARMUP=10 -DPROFILE_SAMPLES=31 -DPROFILE_KERNEL_INNER=64 -DPROFILE_COMPLEX_INNER=8 -DUSE_HAL_DRIVER -DSTM32N657xx -Iinclude -I../common/src/sig/aimer/reference/aimer-256s -I../common/src -I/Users/seungwon/STM32CubeN6/Projects/NUCLEO-N657X0-Q/Templates/Template/FSBL/Inc -I/Users/seungwon/STM32CubeN6/Drivers/CMSIS/Include -I/Users/seungwon/STM32CubeN6/Drivers/CMSIS/Device/ST/STM32N6xx/Include -I/Users/seungwon/STM32CubeN6/Drivers/STM32N6xx_HAL_Driver/Inc -I/Users/seungwon/STM32CubeN6/Drivers/STM32N6xx_HAL_Driver/Inc/Legacy -O3 -std=c11 -fno-common -ffunction-sections -fdata-sections -fno-tree-vectorize -fno-tree-slp-vectorize -MMD -MP --specs=nosys.specs -Wall -Wextra -Wshadow -Wconversion -Wstrict-prototypes -mcpu=cortex-m55 -mthumb -mfloat-abi=hard -mcmse -fstack-usage -c src/mve/mpc_batch.c -o build/full/256s/mve-affine/benchmark/mpc_batch.c.o
/Users/seungwon/test/.tools/xpack-arm-none-eabi-gcc-15.2.1-1.1/bin/arm-none-eabi-gcc -DAIMER_MVE_BATCH -DAIMER_M55_MVE_MATVEC -DAIMER_BENCHMARK -DPARAMS=256s -DAIMER_BACKEND=mve -DAIMER_MATVEC=mve -DAIMER_CONFIG=mve_affine -DBENCH_KERNEL_SAMPLES=31 -DBENCH_E2E_SAMPLES=50 -DBENCH_KERNEL_INNER=64 -DBENCH_WARMUP=10 -DPROFILE_SAMPLES=31 -DPROFILE_KERNEL_INNER=64 -DPROFILE_COMPLEX_INNER=8 -DUSE_HAL_DRIVER -DSTM32N657xx -Iinclude -I../common/src/sig/aimer/reference/aimer-256s -I../common/src -I/Users/seungwon/STM32CubeN6/Projects/NUCLEO-N657X0-Q/Templates/Template/FSBL/Inc -I/Users/seungwon/STM32CubeN6/Drivers/CMSIS/Include -I/Users/seungwon/STM32CubeN6/Drivers/CMSIS/Device/ST/STM32N6xx/Include -I/Users/seungwon/STM32CubeN6/Drivers/STM32N6xx_HAL_Driver/Inc -I/Users/seungwon/STM32CubeN6/Drivers/STM32N6xx_HAL_Driver/Inc/Legacy -O3 -std=c11 -fno-common -ffunction-sections -fdata-sections -fno-tree-vectorize -fno-tree-slp-vectorize -MMD -MP --specs=nosys.specs -Wall -Wextra -Wshadow -Wconversion -Wstrict-prototypes -mcpu=cortex-m55 -mthumb -mfloat-abi=hard -mcmse -fstack-usage -c ../common/src/sig/aimer/reference/aimer-256s/aim3.c -o build/full/256s/mve-affine/benchmark/aim3.c.o
/Users/seungwon/test/.tools/xpack-arm-none-eabi-gcc-15.2.1-1.1/bin/arm-none-eabi-gcc -DAIMER_MVE_BATCH -DAIMER_M55_MVE_MATVEC -DAIMER_BENCHMARK -DPARAMS=256s -DAIMER_BACKEND=mve -DAIMER_MATVEC=mve -DAIMER_CONFIG=mve_affine -DBENCH_KERNEL_SAMPLES=31 -DBENCH_E2E_SAMPLES=50 -DBENCH_KERNEL_INNER=64 -DBENCH_WARMUP=10 -DPROFILE_SAMPLES=31 -DPROFILE_KERNEL_INNER=64 -DPROFILE_COMPLEX_INNER=8 -DUSE_HAL_DRIVER -DSTM32N657xx -Iinclude -I../common/src/sig/aimer/reference/aimer-256s -I../common/src -I/Users/seungwon/STM32CubeN6/Projects/NUCLEO-N657X0-Q/Templates/Template/FSBL/Inc -I/Users/seungwon/STM32CubeN6/Drivers/CMSIS/Include -I/Users/seungwon/STM32CubeN6/Drivers/CMSIS/Device/ST/STM32N6xx/Include -I/Users/seungwon/STM32CubeN6/Drivers/STM32N6xx_HAL_Driver/Inc -I/Users/seungwon/STM32CubeN6/Drivers/STM32N6xx_HAL_Driver/Inc/Legacy -O3 -std=c11 -fno-common -ffunction-sections -fdata-sections -fno-tree-vectorize -fno-tree-slp-vectorize -MMD -MP --specs=nosys.specs -Wall -Wextra -Wshadow -Wconversion -Wstrict-prototypes -mcpu=cortex-m55 -mthumb -mfloat-abi=hard -mcmse -fstack-usage -c ../common/src/sig/aimer/reference/aimer-256s/hash.c -o build/full/256s/mve-affine/benchmark/hash.c.o
/Users/seungwon/test/.tools/xpack-arm-none-eabi-gcc-15.2.1-1.1/bin/arm-none-eabi-gcc -DAIMER_MVE_BATCH -DAIMER_M55_MVE_MATVEC -DAIMER_BENCHMARK -DPARAMS=256s -DAIMER_BACKEND=mve -DAIMER_MATVEC=mve -DAIMER_CONFIG=mve_affine -DBENCH_KERNEL_SAMPLES=31 -DBENCH_E2E_SAMPLES=50 -DBENCH_KERNEL_INNER=64 -DBENCH_WARMUP=10 -DPROFILE_SAMPLES=31 -DPROFILE_KERNEL_INNER=64 -DPROFILE_COMPLEX_INNER=8 -DUSE_HAL_DRIVER -DSTM32N657xx -Iinclude -I../common/src/sig/aimer/reference/aimer-256s -I../common/src -I/Users/seungwon/STM32CubeN6/Projects/NUCLEO-N657X0-Q/Templates/Template/FSBL/Inc -I/Users/seungwon/STM32CubeN6/Drivers/CMSIS/Include -I/Users/seungwon/STM32CubeN6/Drivers/CMSIS/Device/ST/STM32N6xx/Include -I/Users/seungwon/STM32CubeN6/Drivers/STM32N6xx_HAL_Driver/Inc -I/Users/seungwon/STM32CubeN6/Drivers/STM32N6xx_HAL_Driver/Inc/Legacy -O3 -std=c11 -fno-common -ffunction-sections -fdata-sections -fno-tree-vectorize -fno-tree-slp-vectorize -MMD -MP --specs=nosys.specs -Wall -Wextra -Wshadow -Wconversion -Wstrict-prototypes -mcpu=cortex-m55 -mthumb -mfloat-abi=hard -mcmse -fstack-usage -c ../common/src/sig/aimer/reference/aimer-256s/sign.c -o build/full/256s/mve-affine/benchmark/sign.c.o
../common/src/sig/aimer/reference/aimer-256s/sign.c: In function 'samsungsds_aimer_256s_ref_crypto_sign_signature':
../common/src/sig/aimer/reference/aimer-256s/sign.c:409:15: warning: conversion from 'size_t' {aka 'unsigned int'} to 'uint8_t' {aka 'unsigned char'} may change value [-Wconversion]
  409 |   prefix[0] = ctxlen;
      |               ^~~~~~
../common/src/sig/aimer/reference/aimer-256s/sign.c: In function 'samsungsds_aimer_256s_ref_crypto_sign_verify':
../common/src/sig/aimer/reference/aimer-256s/sign.c:675:15: warning: conversion from 'size_t' {aka 'unsigned int'} to 'uint8_t' {aka 'unsigned char'} may change value [-Wconversion]
  675 |   prefix[0] = ctxlen;
      |               ^~~~~~
/Users/seungwon/test/.tools/xpack-arm-none-eabi-gcc-15.2.1-1.1/bin/arm-none-eabi-gcc -DAIMER_MVE_BATCH -DAIMER_M55_MVE_MATVEC -DAIMER_BENCHMARK -DPARAMS=256s -DAIMER_BACKEND=mve -DAIMER_MATVEC=mve -DAIMER_CONFIG=mve_affine -DBENCH_KERNEL_SAMPLES=31 -DBENCH_E2E_SAMPLES=50 -DBENCH_KERNEL_INNER=64 -DBENCH_WARMUP=10 -DPROFILE_SAMPLES=31 -DPROFILE_KERNEL_INNER=64 -DPROFILE_COMPLEX_INNER=8 -DUSE_HAL_DRIVER -DSTM32N657xx -Iinclude -I../common/src/sig/aimer/reference/aimer-256s -I../common/src -I/Users/seungwon/STM32CubeN6/Projects/NUCLEO-N657X0-Q/Templates/Template/FSBL/Inc -I/Users/seungwon/STM32CubeN6/Drivers/CMSIS/Include -I/Users/seungwon/STM32CubeN6/Drivers/CMSIS/Device/ST/STM32N6xx/Include -I/Users/seungwon/STM32CubeN6/Drivers/STM32N6xx_HAL_Driver/Inc -I/Users/seungwon/STM32CubeN6/Drivers/STM32N6xx_HAL_Driver/Inc/Legacy -O3 -std=c11 -fno-common -ffunction-sections -fdata-sections -fno-tree-vectorize -fno-tree-slp-vectorize -MMD -MP --specs=nosys.specs -Wall -Wextra -Wshadow -Wconversion -Wstrict-prototypes -mcpu=cortex-m55 -mthumb -mfloat-abi=hard -mcmse -fstack-usage -c ../common/src/sig/aimer/reference/aimer-256s/tree.c -o build/full/256s/mve-affine/benchmark/tree.c.o
/Users/seungwon/test/.tools/xpack-arm-none-eabi-gcc-15.2.1-1.1/bin/arm-none-eabi-gcc -DAIMER_MVE_BATCH -DAIMER_M55_MVE_MATVEC -DAIMER_BENCHMARK -DPARAMS=256s -DAIMER_BACKEND=mve -DAIMER_MATVEC=mve -DAIMER_CONFIG=mve_affine -DBENCH_KERNEL_SAMPLES=31 -DBENCH_E2E_SAMPLES=50 -DBENCH_KERNEL_INNER=64 -DBENCH_WARMUP=10 -DPROFILE_SAMPLES=31 -DPROFILE_KERNEL_INNER=64 -DPROFILE_COMPLEX_INNER=8 -DUSE_HAL_DRIVER -DSTM32N657xx -Iinclude -I../common/src/sig/aimer/reference/aimer-256s -I../common/src -I/Users/seungwon/STM32CubeN6/Projects/NUCLEO-N657X0-Q/Templates/Template/FSBL/Inc -I/Users/seungwon/STM32CubeN6/Drivers/CMSIS/Include -I/Users/seungwon/STM32CubeN6/Drivers/CMSIS/Device/ST/STM32N6xx/Include -I/Users/seungwon/STM32CubeN6/Drivers/STM32N6xx_HAL_Driver/Inc -I/Users/seungwon/STM32CubeN6/Drivers/STM32N6xx_HAL_Driver/Inc/Legacy -O3 -std=c11 -fno-common -ffunction-sections -fdata-sections -fno-tree-vectorize -fno-tree-slp-vectorize -MMD -MP --specs=nosys.specs -Wall -Wextra -Wshadow -Wconversion -Wstrict-prototypes -mcpu=cortex-m55 -mthumb -mfloat-abi=hard -mcmse -fstack-usage -c ../common/src/sig/aimer/reference/aimer-256s/field_common.c -o build/full/256s/mve-affine/benchmark/field_common.c.o
../common/src/sig/aimer/reference/aimer-256s/field_common.c: In function 'samsungsds_aimer_256s_ref_gf_from_bytes':
../common/src/sig/aimer/reference/aimer-256s/field_common.c:28:31: warning: conversion to 'size_t' {aka 'unsigned int'} from 'int' may change the sign of the result [-Wsign-conversion]
   28 |       u = (u << 8) | in[8 * i + j];
      |                               ^
/Users/seungwon/test/.tools/xpack-arm-none-eabi-gcc-15.2.1-1.1/bin/arm-none-eabi-gcc -DAIMER_MVE_BATCH -DAIMER_M55_MVE_MATVEC -DAIMER_BENCHMARK -DPARAMS=256s -DAIMER_BACKEND=mve -DAIMER_MATVEC=mve -DAIMER_CONFIG=mve_affine -DBENCH_KERNEL_SAMPLES=31 -DBENCH_E2E_SAMPLES=50 -DBENCH_KERNEL_INNER=64 -DBENCH_WARMUP=10 -DPROFILE_SAMPLES=31 -DPROFILE_KERNEL_INNER=64 -DPROFILE_COMPLEX_INNER=8 -DUSE_HAL_DRIVER -DSTM32N657xx -Iinclude -I../common/src/sig/aimer/reference/aimer-256s -I../common/src -I/Users/seungwon/STM32CubeN6/Projects/NUCLEO-N657X0-Q/Templates/Template/FSBL/Inc -I/Users/seungwon/STM32CubeN6/Drivers/CMSIS/Include -I/Users/seungwon/STM32CubeN6/Drivers/CMSIS/Device/ST/STM32N6xx/Include -I/Users/seungwon/STM32CubeN6/Drivers/STM32N6xx_HAL_Driver/Inc -I/Users/seungwon/STM32CubeN6/Drivers/STM32N6xx_HAL_Driver/Inc/Legacy -O3 -std=c11 -fno-common -ffunction-sections -fdata-sections -fno-tree-vectorize -fno-tree-slp-vectorize -MMD -MP --specs=nosys.specs -Wall -Wextra -Wshadow -Wconversion -Wstrict-prototypes -mcpu=cortex-m55 -mthumb -mfloat-abi=hard -mcmse -fstack-usage -c src/mve/field_mve.c -o build/full/256s/mve-affine/benchmark/field_mve.c.o
/Users/seungwon/test/.tools/xpack-arm-none-eabi-gcc-15.2.1-1.1/bin/arm-none-eabi-gcc -DAIMER_MVE_BATCH -DAIMER_M55_MVE_MATVEC -DAIMER_BENCHMARK -DPARAMS=256s -DAIMER_BACKEND=mve -DAIMER_MATVEC=mve -DAIMER_CONFIG=mve_affine -DBENCH_KERNEL_SAMPLES=31 -DBENCH_E2E_SAMPLES=50 -DBENCH_KERNEL_INNER=64 -DBENCH_WARMUP=10 -DPROFILE_SAMPLES=31 -DPROFILE_KERNEL_INNER=64 -DPROFILE_COMPLEX_INNER=8 -DUSE_HAL_DRIVER -DSTM32N657xx -Iinclude -I../common/src/sig/aimer/reference/aimer-256s -I../common/src -I/Users/seungwon/STM32CubeN6/Projects/NUCLEO-N657X0-Q/Templates/Template/FSBL/Inc -I/Users/seungwon/STM32CubeN6/Drivers/CMSIS/Include -I/Users/seungwon/STM32CubeN6/Drivers/CMSIS/Device/ST/STM32N6xx/Include -I/Users/seungwon/STM32CubeN6/Drivers/STM32N6xx_HAL_Driver/Inc -I/Users/seungwon/STM32CubeN6/Drivers/STM32N6xx_HAL_Driver/Inc/Legacy -O3 -std=c11 -fno-common -ffunction-sections -fdata-sections -fno-tree-vectorize -fno-tree-slp-vectorize -MMD -MP --specs=nosys.specs -Wall -Wextra -Wshadow -Wconversion -Wstrict-prototypes -mcpu=cortex-m55 -mthumb -mfloat-abi=hard -mcmse -fstack-usage -c src/mve/matvec_mve.c -o build/full/256s/mve-affine/benchmark/matvec_mve.c.o
/Users/seungwon/test/.tools/xpack-arm-none-eabi-gcc-15.2.1-1.1/bin/arm-none-eabi-gcc -DAIMER_MVE_BATCH -DAIMER_M55_MVE_MATVEC -DAIMER_BENCHMARK -DPARAMS=256s -DAIMER_BACKEND=mve -DAIMER_MATVEC=mve -DAIMER_CONFIG=mve_affine -DBENCH_KERNEL_SAMPLES=31 -DBENCH_E2E_SAMPLES=50 -DBENCH_KERNEL_INNER=64 -DBENCH_WARMUP=10 -DPROFILE_SAMPLES=31 -DPROFILE_KERNEL_INNER=64 -DPROFILE_COMPLEX_INNER=8 -DUSE_HAL_DRIVER -DSTM32N657xx -Iinclude -I../common/src/sig/aimer/reference/aimer-256s -I../common/src -I/Users/seungwon/STM32CubeN6/Projects/NUCLEO-N657X0-Q/Templates/Template/FSBL/Inc -I/Users/seungwon/STM32CubeN6/Drivers/CMSIS/Include -I/Users/seungwon/STM32CubeN6/Drivers/CMSIS/Device/ST/STM32N6xx/Include -I/Users/seungwon/STM32CubeN6/Drivers/STM32N6xx_HAL_Driver/Inc -I/Users/seungwon/STM32CubeN6/Drivers/STM32N6xx_HAL_Driver/Inc/Legacy -O3 -std=c11 -fno-common -ffunction-sections -fdata-sections -fno-tree-vectorize -fno-tree-slp-vectorize -MMD -MP --specs=nosys.specs -Wall -Wextra -Wshadow -Wconversion -Wstrict-prototypes -mcpu=cortex-m55 -mthumb -mfloat-abi=hard -mcmse -fstack-usage -c ../common/src/common/aes.c -o build/full/256s/mve-affine/benchmark/aes.c.o
/Users/seungwon/test/.tools/xpack-arm-none-eabi-gcc-15.2.1-1.1/bin/arm-none-eabi-gcc -DAIMER_MVE_BATCH -DAIMER_M55_MVE_MATVEC -DAIMER_BENCHMARK -DPARAMS=256s -DAIMER_BACKEND=mve -DAIMER_MATVEC=mve -DAIMER_CONFIG=mve_affine -DBENCH_KERNEL_SAMPLES=31 -DBENCH_E2E_SAMPLES=50 -DBENCH_KERNEL_INNER=64 -DBENCH_WARMUP=10 -DPROFILE_SAMPLES=31 -DPROFILE_KERNEL_INNER=64 -DPROFILE_COMPLEX_INNER=8 -DUSE_HAL_DRIVER -DSTM32N657xx -Iinclude -I../common/src/sig/aimer/reference/aimer-256s -I../common/src -I/Users/seungwon/STM32CubeN6/Projects/NUCLEO-N657X0-Q/Templates/Template/FSBL/Inc -I/Users/seungwon/STM32CubeN6/Drivers/CMSIS/Include -I/Users/seungwon/STM32CubeN6/Drivers/CMSIS/Device/ST/STM32N6xx/Include -I/Users/seungwon/STM32CubeN6/Drivers/STM32N6xx_HAL_Driver/Inc -I/Users/seungwon/STM32CubeN6/Drivers/STM32N6xx_HAL_Driver/Inc/Legacy -O3 -std=c11 -fno-common -ffunction-sections -fdata-sections -fno-tree-vectorize -fno-tree-slp-vectorize -MMD -MP --specs=nosys.specs -Wall -Wextra -Wshadow -Wconversion -Wstrict-prototypes -mcpu=cortex-m55 -mthumb -mfloat-abi=hard -mcmse -fstack-usage -c ../common/src/common/fips202.c -o build/full/256s/mve-affine/benchmark/fips202.c.o
/Users/seungwon/test/.tools/xpack-arm-none-eabi-gcc-15.2.1-1.1/bin/arm-none-eabi-gcc -DAIMER_MVE_BATCH -DAIMER_M55_MVE_MATVEC -DAIMER_BENCHMARK -DPARAMS=256s -DAIMER_BACKEND=mve -DAIMER_MATVEC=mve -DAIMER_CONFIG=mve_affine -DBENCH_KERNEL_SAMPLES=31 -DBENCH_E2E_SAMPLES=50 -DBENCH_KERNEL_INNER=64 -DBENCH_WARMUP=10 -DPROFILE_SAMPLES=31 -DPROFILE_KERNEL_INNER=64 -DPROFILE_COMPLEX_INNER=8 -DUSE_HAL_DRIVER -DSTM32N657xx -Iinclude -I../common/src/sig/aimer/reference/aimer-256s -I../common/src -I/Users/seungwon/STM32CubeN6/Projects/NUCLEO-N657X0-Q/Templates/Template/FSBL/Inc -I/Users/seungwon/STM32CubeN6/Drivers/CMSIS/Include -I/Users/seungwon/STM32CubeN6/Drivers/CMSIS/Device/ST/STM32N6xx/Include -I/Users/seungwon/STM32CubeN6/Drivers/STM32N6xx_HAL_Driver/Inc -I/Users/seungwon/STM32CubeN6/Drivers/STM32N6xx_HAL_Driver/Inc/Legacy -O3 -std=c11 -fno-common -ffunction-sections -fdata-sections -fno-tree-vectorize -fno-tree-slp-vectorize -MMD -MP --specs=nosys.specs -Wall -Wextra -Wshadow -Wconversion -Wstrict-prototypes -mcpu=cortex-m55 -mthumb -mfloat-abi=hard -mcmse -fstack-usage -c ../common/src/common/rng.c -o build/full/256s/mve-affine/benchmark/rng.c.o
../common/src/common/rng.c: In function 'seedexpander_init':
../common/src/common/rng.c:30:17: warning: comparison is always false due to limited range of data type [-Wtype-limits]
   30 |     if ( maxlen >= 0x100000000 )
      |                 ^~
../common/src/common/rng.c: In function 'seedexpander':
../common/src/common/rng.c:73:19: warning: comparison of integer expressions of different signedness: 'long unsigned int' and 'int' [-Wsign-compare]
   73 |         if ( xlen <= (16-ctx->buffer_pos) ) { // buffer has what we need
      |                   ^~
../common/src/common/rng.c:75:29: warning: conversion to 'long unsigned int' from 'int' may change the sign of the result [-Wsign-conversion]
   75 |             ctx->buffer_pos += xlen;
      |                             ^~
../common/src/common/rng.c:75:32: warning: conversion to 'int' from 'long unsigned int' may change the sign of the result [-Wsign-conversion]
   75 |             ctx->buffer_pos += xlen;
      |                                ^~~~
../common/src/common/rng.c:81:57: warning: conversion to 'size_t' {aka 'unsigned int'} from 'int' may change the sign of the result [-Wsign-conversion]
   81 |         memcpy(x+offset, ctx->buffer+ctx->buffer_pos, 16-ctx->buffer_pos);
      |                                                       ~~^~~~~~~~~~~~~~~~
../common/src/common/rng.c:82:14: warning: conversion to 'long unsigned int' from 'int' may change the sign of the result [-Wsign-conversion]
   82 |         xlen -= 16-ctx->buffer_pos;
      |              ^~
../common/src/common/rng.c:83:16: warning: conversion to 'long unsigned int' from 'int' may change the sign of the result [-Wsign-conversion]
   83 |         offset += 16-ctx->buffer_pos;
      |                ^~
../common/src/common/rng.c: In function 'randombytes_init':
../common/src/common/rng.c:127:22: warning: unused parameter 'security_strength' [-Wunused-parameter]
  127 |                  int security_strength)
      |                  ~~~~^~~~~~~~~~~~~~~~~
../common/src/common/rng.c: In function 'randombytes':
../common/src/common/rng.c:164:32: warning: conversion from 'long long unsigned int' to 'size_t' {aka 'unsigned int'} may change value [-Wconversion]
  164 |             memcpy(x+i, block, xlen);
      |                                ^~~~
/Users/seungwon/test/.tools/xpack-arm-none-eabi-gcc-15.2.1-1.1/bin/arm-none-eabi-gcc -DAIMER_MVE_BATCH -DAIMER_M55_MVE_MATVEC -DAIMER_BENCHMARK -DPARAMS=256s -DAIMER_BACKEND=mve -DAIMER_MATVEC=mve -DAIMER_CONFIG=mve_affine -DBENCH_KERNEL_SAMPLES=31 -DBENCH_E2E_SAMPLES=50 -DBENCH_KERNEL_INNER=64 -DBENCH_WARMUP=10 -DPROFILE_SAMPLES=31 -DPROFILE_KERNEL_INNER=64 -DPROFILE_COMPLEX_INNER=8 -DUSE_HAL_DRIVER -DSTM32N657xx -Iinclude -I../common/src/sig/aimer/reference/aimer-256s -I../common/src -I/Users/seungwon/STM32CubeN6/Projects/NUCLEO-N657X0-Q/Templates/Template/FSBL/Inc -I/Users/seungwon/STM32CubeN6/Drivers/CMSIS/Include -I/Users/seungwon/STM32CubeN6/Drivers/CMSIS/Device/ST/STM32N6xx/Include -I/Users/seungwon/STM32CubeN6/Drivers/STM32N6xx_HAL_Driver/Inc -I/Users/seungwon/STM32CubeN6/Drivers/STM32N6xx_HAL_Driver/Inc/Legacy -O3 -std=c11 -fno-common -ffunction-sections -fdata-sections -fno-tree-vectorize -fno-tree-slp-vectorize -MMD -MP --specs=nosys.specs -Wall -Wextra -Wshadow -Wconversion -Wstrict-prototypes -mcpu=cortex-m55 -mthumb -mfloat-abi=hard -mcmse -fstack-usage -c platform/nucleo-n657x0-q/platform.c -o build/full/256s/mve-affine/benchmark/platform.c.o
In file included from /Users/seungwon/STM32CubeN6/Drivers/CMSIS/Include/core_cm55.h:4605,
                 from /Users/seungwon/STM32CubeN6/Drivers/CMSIS/Device/ST/STM32N6xx/Include/stm32n657xx.h:281,
                 from /Users/seungwon/STM32CubeN6/Drivers/CMSIS/Device/ST/STM32N6xx/Include/stm32n6xx.h:87,
                 from /Users/seungwon/STM32CubeN6/Drivers/STM32N6xx_HAL_Driver/Inc/stm32n6xx_hal_def.h:33,
                 from /Users/seungwon/STM32CubeN6/Drivers/STM32N6xx_HAL_Driver/Inc/stm32n6xx_hal_rcc.h:28,
                 from /Users/seungwon/STM32CubeN6/Projects/NUCLEO-N657X0-Q/Templates/Template/FSBL/Inc/stm32n6xx_hal_conf.h:253,
                 from /Users/seungwon/STM32CubeN6/Drivers/STM32N6xx_HAL_Driver/Inc/stm32n6xx_hal.h:29,
                 from platform/nucleo-n657x0-q/platform.c:5:
/Users/seungwon/STM32CubeN6/Drivers/CMSIS/Include/m-profile/armv7m_cachel1.h: In function 'SCB_InvalidateICache_by_Addr':
/Users/seungwon/STM32CubeN6/Drivers/CMSIS/Include/m-profile/armv7m_cachel1.h:117:32: warning: conversion to 'long unsigned int' from 'int32_t' {aka 'long int'} may change the sign of the result [-Wsign-conversion]
  117 |        int32_t op_size = isize + (((uint32_t)addr) & (__SCB_ICACHE_LINE_SIZE - 1U));
      |                                ^
/Users/seungwon/STM32CubeN6/Drivers/CMSIS/Include/m-profile/armv7m_cachel1.h:117:26: warning: conversion to 'int32_t' {aka 'long int'} from 'long unsigned int' may change the sign of the result [-Wsign-conversion]
  117 |        int32_t op_size = isize + (((uint32_t)addr) & (__SCB_ICACHE_LINE_SIZE - 1U));
      |                          ^~~~~
/Users/seungwon/STM32CubeN6/Drivers/CMSIS/Include/m-profile/armv7m_cachel1.h:125:17: warning: conversion to 'long unsigned int' from 'int32_t' {aka 'long int'} may change the sign of the result [-Wsign-conversion]
  125 |         op_size -= __SCB_ICACHE_LINE_SIZE;
      |                 ^~
/Users/seungwon/STM32CubeN6/Drivers/CMSIS/Include/m-profile/armv7m_cachel1.h:48:33: warning: conversion to 'int32_t' {aka 'long int'} from 'long unsigned int' may change the sign of the result [-Wsign-conversion]
   48 | #define __SCB_ICACHE_LINE_SIZE  32U /*!< Cortex-M7 cache line size is fixed to 32 bytes (8 words). See also register SCB_CCSIDR */
      |                                 ^~~
/Users/seungwon/STM32CubeN6/Drivers/CMSIS/Include/m-profile/armv7m_cachel1.h:125:20: note: in expansion of macro '__SCB_ICACHE_LINE_SIZE'
  125 |         op_size -= __SCB_ICACHE_LINE_SIZE;
      |                    ^~~~~~~~~~~~~~~~~~~~~~
/Users/seungwon/STM32CubeN6/Drivers/CMSIS/Include/m-profile/armv7m_cachel1.h: In function 'SCB_InvalidateDCache_by_Addr':
/Users/seungwon/STM32CubeN6/Drivers/CMSIS/Include/m-profile/armv7m_cachel1.h:360:32: warning: conversion to 'long unsigned int' from 'int32_t' {aka 'long int'} may change the sign of the result [-Wsign-conversion]
  360 |        int32_t op_size = dsize + (((uint32_t)addr) & (__SCB_DCACHE_LINE_SIZE - 1U));
      |                                ^
/Users/seungwon/STM32CubeN6/Drivers/CMSIS/Include/m-profile/armv7m_cachel1.h:360:26: warning: conversion to 'int32_t' {aka 'long int'} from 'long unsigned int' may change the sign of the result [-Wsign-conversion]
  360 |        int32_t op_size = dsize + (((uint32_t)addr) & (__SCB_DCACHE_LINE_SIZE - 1U));
      |                          ^~~~~
/Users/seungwon/STM32CubeN6/Drivers/CMSIS/Include/m-profile/armv7m_cachel1.h:368:17: warning: conversion to 'long unsigned int' from 'int32_t' {aka 'long int'} may change the sign of the result [-Wsign-conversion]
  368 |         op_size -= __SCB_DCACHE_LINE_SIZE;
      |                 ^~
/Users/seungwon/STM32CubeN6/Drivers/CMSIS/Include/m-profile/armv7m_cachel1.h:44:33: warning: conversion to 'int32_t' {aka 'long int'} from 'long unsigned int' may change the sign of the result [-Wsign-conversion]
   44 | #define __SCB_DCACHE_LINE_SIZE  32U /*!< Cortex-M7 cache line size is fixed to 32 bytes (8 words). See also register SCB_CCSIDR */
      |                                 ^~~
/Users/seungwon/STM32CubeN6/Drivers/CMSIS/Include/m-profile/armv7m_cachel1.h:368:20: note: in expansion of macro '__SCB_DCACHE_LINE_SIZE'
  368 |         op_size -= __SCB_DCACHE_LINE_SIZE;
      |                    ^~~~~~~~~~~~~~~~~~~~~~
/Users/seungwon/STM32CubeN6/Drivers/CMSIS/Include/m-profile/armv7m_cachel1.h: In function 'SCB_CleanDCache_by_Addr':
/Users/seungwon/STM32CubeN6/Drivers/CMSIS/Include/m-profile/armv7m_cachel1.h:390:32: warning: conversion to 'long unsigned int' from 'int32_t' {aka 'long int'} may change the sign of the result [-Wsign-conversion]
  390 |        int32_t op_size = dsize + (((uint32_t)addr) & (__SCB_DCACHE_LINE_SIZE - 1U));
      |                                ^
/Users/seungwon/STM32CubeN6/Drivers/CMSIS/Include/m-profile/armv7m_cachel1.h:390:26: warning: conversion to 'int32_t' {aka 'long int'} from 'long unsigned int' may change the sign of the result [-Wsign-conversion]
  390 |        int32_t op_size = dsize + (((uint32_t)addr) & (__SCB_DCACHE_LINE_SIZE - 1U));
      |                          ^~~~~
/Users/seungwon/STM32CubeN6/Drivers/CMSIS/Include/m-profile/armv7m_cachel1.h:398:17: warning: conversion to 'long unsigned int' from 'int32_t' {aka 'long int'} may change the sign of the result [-Wsign-conversion]
  398 |         op_size -= __SCB_DCACHE_LINE_SIZE;
      |                 ^~
/Users/seungwon/STM32CubeN6/Drivers/CMSIS/Include/m-profile/armv7m_cachel1.h:44:33: warning: conversion to 'int32_t' {aka 'long int'} from 'long unsigned int' may change the sign of the result [-Wsign-conversion]
   44 | #define __SCB_DCACHE_LINE_SIZE  32U /*!< Cortex-M7 cache line size is fixed to 32 bytes (8 words). See also register SCB_CCSIDR */
      |                                 ^~~
/Users/seungwon/STM32CubeN6/Drivers/CMSIS/Include/m-profile/armv7m_cachel1.h:398:20: note: in expansion of macro '__SCB_DCACHE_LINE_SIZE'
  398 |         op_size -= __SCB_DCACHE_LINE_SIZE;
      |                    ^~~~~~~~~~~~~~~~~~~~~~
/Users/seungwon/STM32CubeN6/Drivers/CMSIS/Include/m-profile/armv7m_cachel1.h: In function 'SCB_CleanInvalidateDCache_by_Addr':
/Users/seungwon/STM32CubeN6/Drivers/CMSIS/Include/m-profile/armv7m_cachel1.h:420:32: warning: conversion to 'long unsigned int' from 'int32_t' {aka 'long int'} may change the sign of the result [-Wsign-conversion]
  420 |        int32_t op_size = dsize + (((uint32_t)addr) & (__SCB_DCACHE_LINE_SIZE - 1U));
      |                                ^
/Users/seungwon/STM32CubeN6/Drivers/CMSIS/Include/m-profile/armv7m_cachel1.h:420:26: warning: conversion to 'int32_t' {aka 'long int'} from 'long unsigned int' may change the sign of the result [-Wsign-conversion]
  420 |        int32_t op_size = dsize + (((uint32_t)addr) & (__SCB_DCACHE_LINE_SIZE - 1U));
      |                          ^~~~~
/Users/seungwon/STM32CubeN6/Drivers/CMSIS/Include/m-profile/armv7m_cachel1.h:428:17: warning: conversion to 'long unsigned int' from 'int32_t' {aka 'long int'} may change the sign of the result [-Wsign-conversion]
  428 |         op_size -=          __SCB_DCACHE_LINE_SIZE;
      |                 ^~
/Users/seungwon/STM32CubeN6/Drivers/CMSIS/Include/m-profile/armv7m_cachel1.h:44:33: warning: conversion to 'int32_t' {aka 'long int'} from 'long unsigned int' may change the sign of the result [-Wsign-conversion]
   44 | #define __SCB_DCACHE_LINE_SIZE  32U /*!< Cortex-M7 cache line size is fixed to 32 bytes (8 words). See also register SCB_CCSIDR */
      |                                 ^~~
/Users/seungwon/STM32CubeN6/Drivers/CMSIS/Include/m-profile/armv7m_cachel1.h:428:29: note: in expansion of macro '__SCB_DCACHE_LINE_SIZE'
  428 |         op_size -=          __SCB_DCACHE_LINE_SIZE;
      |                             ^~~~~~~~~~~~~~~~~~~~~~
/Users/seungwon/test/.tools/xpack-arm-none-eabi-gcc-15.2.1-1.1/bin/arm-none-eabi-gcc -DAIMER_MVE_BATCH -DAIMER_M55_MVE_MATVEC -DAIMER_BENCHMARK -DPARAMS=256s -DAIMER_BACKEND=mve -DAIMER_MATVEC=mve -DAIMER_CONFIG=mve_affine -DBENCH_KERNEL_SAMPLES=31 -DBENCH_E2E_SAMPLES=50 -DBENCH_KERNEL_INNER=64 -DBENCH_WARMUP=10 -DPROFILE_SAMPLES=31 -DPROFILE_KERNEL_INNER=64 -DPROFILE_COMPLEX_INNER=8 -DUSE_HAL_DRIVER -DSTM32N657xx -Iinclude -I../common/src/sig/aimer/reference/aimer-256s -I../common/src -I/Users/seungwon/STM32CubeN6/Projects/NUCLEO-N657X0-Q/Templates/Template/FSBL/Inc -I/Users/seungwon/STM32CubeN6/Drivers/CMSIS/Include -I/Users/seungwon/STM32CubeN6/Drivers/CMSIS/Device/ST/STM32N6xx/Include -I/Users/seungwon/STM32CubeN6/Drivers/STM32N6xx_HAL_Driver/Inc -I/Users/seungwon/STM32CubeN6/Drivers/STM32N6xx_HAL_Driver/Inc/Legacy -O3 -std=c11 -fno-common -ffunction-sections -fdata-sections -fno-tree-vectorize -fno-tree-slp-vectorize -MMD -MP --specs=nosys.specs -Wall -Wextra -Wshadow -Wconversion -Wstrict-prototypes -mcpu=cortex-m55 -mthumb -mfloat-abi=hard -mcmse -fstack-usage -c /Users/seungwon/STM32CubeN6/Projects/NUCLEO-N657X0-Q/Templates/Template/FSBL/Src/system_stm32n6xx_fsbl.c -o build/full/256s/mve-affine/benchmark/system_stm32n6xx_fsbl.c.o
In file included from /Users/seungwon/STM32CubeN6/Drivers/CMSIS/Include/core_cm55.h:4605,
                 from /Users/seungwon/STM32CubeN6/Drivers/CMSIS/Device/ST/STM32N6xx/Include/stm32n657xx.h:281,
                 from /Users/seungwon/STM32CubeN6/Drivers/CMSIS/Device/ST/STM32N6xx/Include/stm32n6xx.h:87,
                 from /Users/seungwon/STM32CubeN6/Projects/NUCLEO-N657X0-Q/Templates/Template/FSBL/Src/system_stm32n6xx_fsbl.c:55:
/Users/seungwon/STM32CubeN6/Drivers/CMSIS/Include/m-profile/armv7m_cachel1.h: In function 'SCB_InvalidateICache_by_Addr':
/Users/seungwon/STM32CubeN6/Drivers/CMSIS/Include/m-profile/armv7m_cachel1.h:117:32: warning: conversion to 'long unsigned int' from 'int32_t' {aka 'long int'} may change the sign of the result [-Wsign-conversion]
  117 |        int32_t op_size = isize + (((uint32_t)addr) & (__SCB_ICACHE_LINE_SIZE - 1U));
      |                                ^
/Users/seungwon/STM32CubeN6/Drivers/CMSIS/Include/m-profile/armv7m_cachel1.h:117:26: warning: conversion to 'int32_t' {aka 'long int'} from 'long unsigned int' may change the sign of the result [-Wsign-conversion]
  117 |        int32_t op_size = isize + (((uint32_t)addr) & (__SCB_ICACHE_LINE_SIZE - 1U));
      |                          ^~~~~
/Users/seungwon/STM32CubeN6/Drivers/CMSIS/Include/m-profile/armv7m_cachel1.h:125:17: warning: conversion to 'long unsigned int' from 'int32_t' {aka 'long int'} may change the sign of the result [-Wsign-conversion]
  125 |         op_size -= __SCB_ICACHE_LINE_SIZE;
      |                 ^~
/Users/seungwon/STM32CubeN6/Drivers/CMSIS/Include/m-profile/armv7m_cachel1.h:48:33: warning: conversion to 'int32_t' {aka 'long int'} from 'long unsigned int' may change the sign of the result [-Wsign-conversion]
   48 | #define __SCB_ICACHE_LINE_SIZE  32U /*!< Cortex-M7 cache line size is fixed to 32 bytes (8 words). See also register SCB_CCSIDR */
      |                                 ^~~
/Users/seungwon/STM32CubeN6/Drivers/CMSIS/Include/m-profile/armv7m_cachel1.h:125:20: note: in expansion of macro '__SCB_ICACHE_LINE_SIZE'
  125 |         op_size -= __SCB_ICACHE_LINE_SIZE;
      |                    ^~~~~~~~~~~~~~~~~~~~~~
/Users/seungwon/STM32CubeN6/Drivers/CMSIS/Include/m-profile/armv7m_cachel1.h: In function 'SCB_InvalidateDCache_by_Addr':
/Users/seungwon/STM32CubeN6/Drivers/CMSIS/Include/m-profile/armv7m_cachel1.h:360:32: warning: conversion to 'long unsigned int' from 'int32_t' {aka 'long int'} may change the sign of the result [-Wsign-conversion]
  360 |        int32_t op_size = dsize + (((uint32_t)addr) & (__SCB_DCACHE_LINE_SIZE - 1U));
      |                                ^
/Users/seungwon/STM32CubeN6/Drivers/CMSIS/Include/m-profile/armv7m_cachel1.h:360:26: warning: conversion to 'int32_t' {aka 'long int'} from 'long unsigned int' may change the sign of the result [-Wsign-conversion]
  360 |        int32_t op_size = dsize + (((uint32_t)addr) & (__SCB_DCACHE_LINE_SIZE - 1U));
      |                          ^~~~~
/Users/seungwon/STM32CubeN6/Drivers/CMSIS/Include/m-profile/armv7m_cachel1.h:368:17: warning: conversion to 'long unsigned int' from 'int32_t' {aka 'long int'} may change the sign of the result [-Wsign-conversion]
  368 |         op_size -= __SCB_DCACHE_LINE_SIZE;
      |                 ^~
/Users/seungwon/STM32CubeN6/Drivers/CMSIS/Include/m-profile/armv7m_cachel1.h:44:33: warning: conversion to 'int32_t' {aka 'long int'} from 'long unsigned int' may change the sign of the result [-Wsign-conversion]
   44 | #define __SCB_DCACHE_LINE_SIZE  32U /*!< Cortex-M7 cache line size is fixed to 32 bytes (8 words). See also register SCB_CCSIDR */
      |                                 ^~~
/Users/seungwon/STM32CubeN6/Drivers/CMSIS/Include/m-profile/armv7m_cachel1.h:368:20: note: in expansion of macro '__SCB_DCACHE_LINE_SIZE'
  368 |         op_size -= __SCB_DCACHE_LINE_SIZE;
      |                    ^~~~~~~~~~~~~~~~~~~~~~
/Users/seungwon/STM32CubeN6/Drivers/CMSIS/Include/m-profile/armv7m_cachel1.h: In function 'SCB_CleanDCache_by_Addr':
/Users/seungwon/STM32CubeN6/Drivers/CMSIS/Include/m-profile/armv7m_cachel1.h:390:32: warning: conversion to 'long unsigned int' from 'int32_t' {aka 'long int'} may change the sign of the result [-Wsign-conversion]
  390 |        int32_t op_size = dsize + (((uint32_t)addr) & (__SCB_DCACHE_LINE_SIZE - 1U));
      |                                ^
/Users/seungwon/STM32CubeN6/Drivers/CMSIS/Include/m-profile/armv7m_cachel1.h:390:26: warning: conversion to 'int32_t' {aka 'long int'} from 'long unsigned int' may change the sign of the result [-Wsign-conversion]
  390 |        int32_t op_size = dsize + (((uint32_t)addr) & (__SCB_DCACHE_LINE_SIZE - 1U));
      |                          ^~~~~
/Users/seungwon/STM32CubeN6/Drivers/CMSIS/Include/m-profile/armv7m_cachel1.h:398:17: warning: conversion to 'long unsigned int' from 'int32_t' {aka 'long int'} may change the sign of the result [-Wsign-conversion]
  398 |         op_size -= __SCB_DCACHE_LINE_SIZE;
      |                 ^~
/Users/seungwon/STM32CubeN6/Drivers/CMSIS/Include/m-profile/armv7m_cachel1.h:44:33: warning: conversion to 'int32_t' {aka 'long int'} from 'long unsigned int' may change the sign of the result [-Wsign-conversion]
   44 | #define __SCB_DCACHE_LINE_SIZE  32U /*!< Cortex-M7 cache line size is fixed to 32 bytes (8 words). See also register SCB_CCSIDR */
      |                                 ^~~
/Users/seungwon/STM32CubeN6/Drivers/CMSIS/Include/m-profile/armv7m_cachel1.h:398:20: note: in expansion of macro '__SCB_DCACHE_LINE_SIZE'
  398 |         op_size -= __SCB_DCACHE_LINE_SIZE;
      |                    ^~~~~~~~~~~~~~~~~~~~~~
/Users/seungwon/STM32CubeN6/Drivers/CMSIS/Include/m-profile/armv7m_cachel1.h: In function 'SCB_CleanInvalidateDCache_by_Addr':
/Users/seungwon/STM32CubeN6/Drivers/CMSIS/Include/m-profile/armv7m_cachel1.h:420:32: warning: conversion to 'long unsigned int' from 'int32_t' {aka 'long int'} may change the sign of the result [-Wsign-conversion]
  420 |        int32_t op_size = dsize + (((uint32_t)addr) & (__SCB_DCACHE_LINE_SIZE - 1U));
      |                                ^
/Users/seungwon/STM32CubeN6/Drivers/CMSIS/Include/m-profile/armv7m_cachel1.h:420:26: warning: conversion to 'int32_t' {aka 'long int'} from 'long unsigned int' may change the sign of the result [-Wsign-conversion]
  420 |        int32_t op_size = dsize + (((uint32_t)addr) & (__SCB_DCACHE_LINE_SIZE - 1U));
      |                          ^~~~~
/Users/seungwon/STM32CubeN6/Drivers/CMSIS/Include/m-profile/armv7m_cachel1.h:428:17: warning: conversion to 'long unsigned int' from 'int32_t' {aka 'long int'} may change the sign of the result [-Wsign-conversion]
  428 |         op_size -=          __SCB_DCACHE_LINE_SIZE;
      |                 ^~
/Users/seungwon/STM32CubeN6/Drivers/CMSIS/Include/m-profile/armv7m_cachel1.h:44:33: warning: conversion to 'int32_t' {aka 'long int'} from 'long unsigned int' may change the sign of the result [-Wsign-conversion]
   44 | #define __SCB_DCACHE_LINE_SIZE  32U /*!< Cortex-M7 cache line size is fixed to 32 bytes (8 words). See also register SCB_CCSIDR */
      |                                 ^~~
/Users/seungwon/STM32CubeN6/Drivers/CMSIS/Include/m-profile/armv7m_cachel1.h:428:29: note: in expansion of macro '__SCB_DCACHE_LINE_SIZE'
  428 |         op_size -=          __SCB_DCACHE_LINE_SIZE;
      |                             ^~~~~~~~~~~~~~~~~~~~~~
/Users/seungwon/test/.tools/xpack-arm-none-eabi-gcc-15.2.1-1.1/bin/arm-none-eabi-gcc -DAIMER_MVE_BATCH -DAIMER_M55_MVE_MATVEC -DAIMER_BENCHMARK -DPARAMS=256s -DAIMER_BACKEND=mve -DAIMER_MATVEC=mve -DAIMER_CONFIG=mve_affine -DBENCH_KERNEL_SAMPLES=31 -DBENCH_E2E_SAMPLES=50 -DBENCH_KERNEL_INNER=64 -DBENCH_WARMUP=10 -DPROFILE_SAMPLES=31 -DPROFILE_KERNEL_INNER=64 -DPROFILE_COMPLEX_INNER=8 -DUSE_HAL_DRIVER -DSTM32N657xx -Iinclude -I../common/src/sig/aimer/reference/aimer-256s -I../common/src -I/Users/seungwon/STM32CubeN6/Projects/NUCLEO-N657X0-Q/Templates/Template/FSBL/Inc -I/Users/seungwon/STM32CubeN6/Drivers/CMSIS/Include -I/Users/seungwon/STM32CubeN6/Drivers/CMSIS/Device/ST/STM32N6xx/Include -I/Users/seungwon/STM32CubeN6/Drivers/STM32N6xx_HAL_Driver/Inc -I/Users/seungwon/STM32CubeN6/Drivers/STM32N6xx_HAL_Driver/Inc/Legacy -O3 -std=c11 -fno-common -ffunction-sections -fdata-sections -fno-tree-vectorize -fno-tree-slp-vectorize -MMD -MP --specs=nosys.specs -Wall -Wextra -Wshadow -Wconversion -Wstrict-prototypes -mcpu=cortex-m55 -mthumb -mfloat-abi=hard -mcmse -fstack-usage -c /Users/seungwon/STM32CubeN6/Drivers/STM32N6xx_HAL_Driver/Src/stm32n6xx_hal.c -o build/full/256s/mve-affine/benchmark/stm32n6xx_hal.c.o
In file included from /Users/seungwon/STM32CubeN6/Drivers/CMSIS/Include/core_cm55.h:4605,
                 from /Users/seungwon/STM32CubeN6/Drivers/CMSIS/Device/ST/STM32N6xx/Include/stm32n657xx.h:281,
                 from /Users/seungwon/STM32CubeN6/Drivers/CMSIS/Device/ST/STM32N6xx/Include/stm32n6xx.h:87,
                 from /Users/seungwon/STM32CubeN6/Drivers/STM32N6xx_HAL_Driver/Inc/stm32n6xx_hal_def.h:33,
                 from /Users/seungwon/STM32CubeN6/Drivers/STM32N6xx_HAL_Driver/Inc/stm32n6xx_hal_rcc.h:28,
                 from /Users/seungwon/STM32CubeN6/Projects/NUCLEO-N657X0-Q/Templates/Template/FSBL/Inc/stm32n6xx_hal_conf.h:253,
                 from /Users/seungwon/STM32CubeN6/Drivers/STM32N6xx_HAL_Driver/Inc/stm32n6xx_hal.h:29,
                 from /Users/seungwon/STM32CubeN6/Drivers/STM32N6xx_HAL_Driver/Src/stm32n6xx_hal.c:45:
/Users/seungwon/STM32CubeN6/Drivers/CMSIS/Include/m-profile/armv7m_cachel1.h: In function 'SCB_InvalidateICache_by_Addr':
/Users/seungwon/STM32CubeN6/Drivers/CMSIS/Include/m-profile/armv7m_cachel1.h:117:32: warning: conversion to 'long unsigned int' from 'int32_t' {aka 'long int'} may change the sign of the result [-Wsign-conversion]
  117 |        int32_t op_size = isize + (((uint32_t)addr) & (__SCB_ICACHE_LINE_SIZE - 1U));
      |                                ^
/Users/seungwon/STM32CubeN6/Drivers/CMSIS/Include/m-profile/armv7m_cachel1.h:117:26: warning: conversion to 'int32_t' {aka 'long int'} from 'long unsigned int' may change the sign of the result [-Wsign-conversion]
  117 |        int32_t op_size = isize + (((uint32_t)addr) & (__SCB_ICACHE_LINE_SIZE - 1U));
      |                          ^~~~~
/Users/seungwon/STM32CubeN6/Drivers/CMSIS/Include/m-profile/armv7m_cachel1.h:125:17: warning: conversion to 'long unsigned int' from 'int32_t' {aka 'long int'} may change the sign of the result [-Wsign-conversion]
  125 |         op_size -= __SCB_ICACHE_LINE_SIZE;
      |                 ^~
/Users/seungwon/STM32CubeN6/Drivers/CMSIS/Include/m-profile/armv7m_cachel1.h:48:33: warning: conversion to 'int32_t' {aka 'long int'} from 'long unsigned int' may change the sign of the result [-Wsign-conversion]
   48 | #define __SCB_ICACHE_LINE_SIZE  32U /*!< Cortex-M7 cache line size is fixed to 32 bytes (8 words). See also register SCB_CCSIDR */
      |                                 ^~~
/Users/seungwon/STM32CubeN6/Drivers/CMSIS/Include/m-profile/armv7m_cachel1.h:125:20: note: in expansion of macro '__SCB_ICACHE_LINE_SIZE'
  125 |         op_size -= __SCB_ICACHE_LINE_SIZE;
      |                    ^~~~~~~~~~~~~~~~~~~~~~
/Users/seungwon/STM32CubeN6/Drivers/CMSIS/Include/m-profile/armv7m_cachel1.h: In function 'SCB_InvalidateDCache_by_Addr':
/Users/seungwon/STM32CubeN6/Drivers/CMSIS/Include/m-profile/armv7m_cachel1.h:360:32: warning: conversion to 'long unsigned int' from 'int32_t' {aka 'long int'} may change the sign of the result [-Wsign-conversion]
  360 |        int32_t op_size = dsize + (((uint32_t)addr) & (__SCB_DCACHE_LINE_SIZE - 1U));
      |                                ^
/Users/seungwon/STM32CubeN6/Drivers/CMSIS/Include/m-profile/armv7m_cachel1.h:360:26: warning: conversion to 'int32_t' {aka 'long int'} from 'long unsigned int' may change the sign of the result [-Wsign-conversion]
  360 |        int32_t op_size = dsize + (((uint32_t)addr) & (__SCB_DCACHE_LINE_SIZE - 1U));
      |                          ^~~~~
/Users/seungwon/STM32CubeN6/Drivers/CMSIS/Include/m-profile/armv7m_cachel1.h:368:17: warning: conversion to 'long unsigned int' from 'int32_t' {aka 'long int'} may change the sign of the result [-Wsign-conversion]
  368 |         op_size -= __SCB_DCACHE_LINE_SIZE;
      |                 ^~
/Users/seungwon/STM32CubeN6/Drivers/CMSIS/Include/m-profile/armv7m_cachel1.h:44:33: warning: conversion to 'int32_t' {aka 'long int'} from 'long unsigned int' may change the sign of the result [-Wsign-conversion]
   44 | #define __SCB_DCACHE_LINE_SIZE  32U /*!< Cortex-M7 cache line size is fixed to 32 bytes (8 words). See also register SCB_CCSIDR */
      |                                 ^~~
/Users/seungwon/STM32CubeN6/Drivers/CMSIS/Include/m-profile/armv7m_cachel1.h:368:20: note: in expansion of macro '__SCB_DCACHE_LINE_SIZE'
  368 |         op_size -= __SCB_DCACHE_LINE_SIZE;
      |                    ^~~~~~~~~~~~~~~~~~~~~~
/Users/seungwon/STM32CubeN6/Drivers/CMSIS/Include/m-profile/armv7m_cachel1.h: In function 'SCB_CleanDCache_by_Addr':
/Users/seungwon/STM32CubeN6/Drivers/CMSIS/Include/m-profile/armv7m_cachel1.h:390:32: warning: conversion to 'long unsigned int' from 'int32_t' {aka 'long int'} may change the sign of the result [-Wsign-conversion]
  390 |        int32_t op_size = dsize + (((uint32_t)addr) & (__SCB_DCACHE_LINE_SIZE - 1U));
      |                                ^
/Users/seungwon/STM32CubeN6/Drivers/CMSIS/Include/m-profile/armv7m_cachel1.h:390:26: warning: conversion to 'int32_t' {aka 'long int'} from 'long unsigned int' may change the sign of the result [-Wsign-conversion]
  390 |        int32_t op_size = dsize + (((uint32_t)addr) & (__SCB_DCACHE_LINE_SIZE - 1U));
      |                          ^~~~~
/Users/seungwon/STM32CubeN6/Drivers/CMSIS/Include/m-profile/armv7m_cachel1.h:398:17: warning: conversion to 'long unsigned int' from 'int32_t' {aka 'long int'} may change the sign of the result [-Wsign-conversion]
  398 |         op_size -= __SCB_DCACHE_LINE_SIZE;
      |                 ^~
/Users/seungwon/STM32CubeN6/Drivers/CMSIS/Include/m-profile/armv7m_cachel1.h:44:33: warning: conversion to 'int32_t' {aka 'long int'} from 'long unsigned int' may change the sign of the result [-Wsign-conversion]
   44 | #define __SCB_DCACHE_LINE_SIZE  32U /*!< Cortex-M7 cache line size is fixed to 32 bytes (8 words). See also register SCB_CCSIDR */
      |                                 ^~~
/Users/seungwon/STM32CubeN6/Drivers/CMSIS/Include/m-profile/armv7m_cachel1.h:398:20: note: in expansion of macro '__SCB_DCACHE_LINE_SIZE'
  398 |         op_size -= __SCB_DCACHE_LINE_SIZE;
      |                    ^~~~~~~~~~~~~~~~~~~~~~
/Users/seungwon/STM32CubeN6/Drivers/CMSIS/Include/m-profile/armv7m_cachel1.h: In function 'SCB_CleanInvalidateDCache_by_Addr':
/Users/seungwon/STM32CubeN6/Drivers/CMSIS/Include/m-profile/armv7m_cachel1.h:420:32: warning: conversion to 'long unsigned int' from 'int32_t' {aka 'long int'} may change the sign of the result [-Wsign-conversion]
  420 |        int32_t op_size = dsize + (((uint32_t)addr) & (__SCB_DCACHE_LINE_SIZE - 1U));
      |                                ^
/Users/seungwon/STM32CubeN6/Drivers/CMSIS/Include/m-profile/armv7m_cachel1.h:420:26: warning: conversion to 'int32_t' {aka 'long int'} from 'long unsigned int' may change the sign of the result [-Wsign-conversion]
  420 |        int32_t op_size = dsize + (((uint32_t)addr) & (__SCB_DCACHE_LINE_SIZE - 1U));
      |                          ^~~~~
/Users/seungwon/STM32CubeN6/Drivers/CMSIS/Include/m-profile/armv7m_cachel1.h:428:17: warning: conversion to 'long unsigned int' from 'int32_t' {aka 'long int'} may change the sign of the result [-Wsign-conversion]
  428 |         op_size -=          __SCB_DCACHE_LINE_SIZE;
      |                 ^~
/Users/seungwon/STM32CubeN6/Drivers/CMSIS/Include/m-profile/armv7m_cachel1.h:44:33: warning: conversion to 'int32_t' {aka 'long int'} from 'long unsigned int' may change the sign of the result [-Wsign-conversion]
   44 | #define __SCB_DCACHE_LINE_SIZE  32U /*!< Cortex-M7 cache line size is fixed to 32 bytes (8 words). See also register SCB_CCSIDR */
      |                                 ^~~
/Users/seungwon/STM32CubeN6/Drivers/CMSIS/Include/m-profile/armv7m_cachel1.h:428:29: note: in expansion of macro '__SCB_DCACHE_LINE_SIZE'
  428 |         op_size -=          __SCB_DCACHE_LINE_SIZE;
      |                             ^~~~~~~~~~~~~~~~~~~~~~
/Users/seungwon/test/.tools/xpack-arm-none-eabi-gcc-15.2.1-1.1/bin/arm-none-eabi-gcc -DAIMER_MVE_BATCH -DAIMER_M55_MVE_MATVEC -DAIMER_BENCHMARK -DPARAMS=256s -DAIMER_BACKEND=mve -DAIMER_MATVEC=mve -DAIMER_CONFIG=mve_affine -DBENCH_KERNEL_SAMPLES=31 -DBENCH_E2E_SAMPLES=50 -DBENCH_KERNEL_INNER=64 -DBENCH_WARMUP=10 -DPROFILE_SAMPLES=31 -DPROFILE_KERNEL_INNER=64 -DPROFILE_COMPLEX_INNER=8 -DUSE_HAL_DRIVER -DSTM32N657xx -Iinclude -I../common/src/sig/aimer/reference/aimer-256s -I../common/src -I/Users/seungwon/STM32CubeN6/Projects/NUCLEO-N657X0-Q/Templates/Template/FSBL/Inc -I/Users/seungwon/STM32CubeN6/Drivers/CMSIS/Include -I/Users/seungwon/STM32CubeN6/Drivers/CMSIS/Device/ST/STM32N6xx/Include -I/Users/seungwon/STM32CubeN6/Drivers/STM32N6xx_HAL_Driver/Inc -I/Users/seungwon/STM32CubeN6/Drivers/STM32N6xx_HAL_Driver/Inc/Legacy -O3 -std=c11 -fno-common -ffunction-sections -fdata-sections -fno-tree-vectorize -fno-tree-slp-vectorize -MMD -MP --specs=nosys.specs -Wall -Wextra -Wshadow -Wconversion -Wstrict-prototypes -mcpu=cortex-m55 -mthumb -mfloat-abi=hard -mcmse -fstack-usage -c /Users/seungwon/STM32CubeN6/Drivers/STM32N6xx_HAL_Driver/Src/stm32n6xx_hal_cortex.c -o build/full/256s/mve-affine/benchmark/stm32n6xx_hal_cortex.c.o
In file included from /Users/seungwon/STM32CubeN6/Drivers/CMSIS/Include/core_cm55.h:4605,
                 from /Users/seungwon/STM32CubeN6/Drivers/CMSIS/Device/ST/STM32N6xx/Include/stm32n657xx.h:281,
                 from /Users/seungwon/STM32CubeN6/Drivers/CMSIS/Device/ST/STM32N6xx/Include/stm32n6xx.h:87,
                 from /Users/seungwon/STM32CubeN6/Drivers/STM32N6xx_HAL_Driver/Inc/stm32n6xx_hal_def.h:33,
                 from /Users/seungwon/STM32CubeN6/Drivers/STM32N6xx_HAL_Driver/Inc/stm32n6xx_hal_rcc.h:28,
                 from /Users/seungwon/STM32CubeN6/Projects/NUCLEO-N657X0-Q/Templates/Template/FSBL/Inc/stm32n6xx_hal_conf.h:253,
                 from /Users/seungwon/STM32CubeN6/Drivers/STM32N6xx_HAL_Driver/Inc/stm32n6xx_hal.h:29,
                 from /Users/seungwon/STM32CubeN6/Drivers/STM32N6xx_HAL_Driver/Src/stm32n6xx_hal_cortex.c:158:
/Users/seungwon/STM32CubeN6/Drivers/CMSIS/Include/m-profile/armv7m_cachel1.h: In function 'SCB_InvalidateICache_by_Addr':
/Users/seungwon/STM32CubeN6/Drivers/CMSIS/Include/m-profile/armv7m_cachel1.h:117:32: warning: conversion to 'long unsigned int' from 'int32_t' {aka 'long int'} may change the sign of the result [-Wsign-conversion]
  117 |        int32_t op_size = isize + (((uint32_t)addr) & (__SCB_ICACHE_LINE_SIZE - 1U));
      |                                ^
/Users/seungwon/STM32CubeN6/Drivers/CMSIS/Include/m-profile/armv7m_cachel1.h:117:26: warning: conversion to 'int32_t' {aka 'long int'} from 'long unsigned int' may change the sign of the result [-Wsign-conversion]
  117 |        int32_t op_size = isize + (((uint32_t)addr) & (__SCB_ICACHE_LINE_SIZE - 1U));
      |                          ^~~~~
/Users/seungwon/STM32CubeN6/Drivers/CMSIS/Include/m-profile/armv7m_cachel1.h:125:17: warning: conversion to 'long unsigned int' from 'int32_t' {aka 'long int'} may change the sign of the result [-Wsign-conversion]
  125 |         op_size -= __SCB_ICACHE_LINE_SIZE;
      |                 ^~
/Users/seungwon/STM32CubeN6/Drivers/CMSIS/Include/m-profile/armv7m_cachel1.h:48:33: warning: conversion to 'int32_t' {aka 'long int'} from 'long unsigned int' may change the sign of the result [-Wsign-conversion]
   48 | #define __SCB_ICACHE_LINE_SIZE  32U /*!< Cortex-M7 cache line size is fixed to 32 bytes (8 words). See also register SCB_CCSIDR */
      |                                 ^~~
/Users/seungwon/STM32CubeN6/Drivers/CMSIS/Include/m-profile/armv7m_cachel1.h:125:20: note: in expansion of macro '__SCB_ICACHE_LINE_SIZE'
  125 |         op_size -= __SCB_ICACHE_LINE_SIZE;
      |                    ^~~~~~~~~~~~~~~~~~~~~~
/Users/seungwon/STM32CubeN6/Drivers/CMSIS/Include/m-profile/armv7m_cachel1.h: In function 'SCB_InvalidateDCache_by_Addr':
/Users/seungwon/STM32CubeN6/Drivers/CMSIS/Include/m-profile/armv7m_cachel1.h:360:32: warning: conversion to 'long unsigned int' from 'int32_t' {aka 'long int'} may change the sign of the result [-Wsign-conversion]
  360 |        int32_t op_size = dsize + (((uint32_t)addr) & (__SCB_DCACHE_LINE_SIZE - 1U));
      |                                ^
/Users/seungwon/STM32CubeN6/Drivers/CMSIS/Include/m-profile/armv7m_cachel1.h:360:26: warning: conversion to 'int32_t' {aka 'long int'} from 'long unsigned int' may change the sign of the result [-Wsign-conversion]
  360 |        int32_t op_size = dsize + (((uint32_t)addr) & (__SCB_DCACHE_LINE_SIZE - 1U));
      |                          ^~~~~
/Users/seungwon/STM32CubeN6/Drivers/CMSIS/Include/m-profile/armv7m_cachel1.h:368:17: warning: conversion to 'long unsigned int' from 'int32_t' {aka 'long int'} may change the sign of the result [-Wsign-conversion]
  368 |         op_size -= __SCB_DCACHE_LINE_SIZE;
      |                 ^~
/Users/seungwon/STM32CubeN6/Drivers/CMSIS/Include/m-profile/armv7m_cachel1.h:44:33: warning: conversion to 'int32_t' {aka 'long int'} from 'long unsigned int' may change the sign of the result [-Wsign-conversion]
   44 | #define __SCB_DCACHE_LINE_SIZE  32U /*!< Cortex-M7 cache line size is fixed to 32 bytes (8 words). See also register SCB_CCSIDR */
      |                                 ^~~
/Users/seungwon/STM32CubeN6/Drivers/CMSIS/Include/m-profile/armv7m_cachel1.h:368:20: note: in expansion of macro '__SCB_DCACHE_LINE_SIZE'
  368 |         op_size -= __SCB_DCACHE_LINE_SIZE;
      |                    ^~~~~~~~~~~~~~~~~~~~~~
/Users/seungwon/STM32CubeN6/Drivers/CMSIS/Include/m-profile/armv7m_cachel1.h: In function 'SCB_CleanDCache_by_Addr':
/Users/seungwon/STM32CubeN6/Drivers/CMSIS/Include/m-profile/armv7m_cachel1.h:390:32: warning: conversion to 'long unsigned int' from 'int32_t' {aka 'long int'} may change the sign of the result [-Wsign-conversion]
  390 |        int32_t op_size = dsize + (((uint32_t)addr) & (__SCB_DCACHE_LINE_SIZE - 1U));
      |                                ^
/Users/seungwon/STM32CubeN6/Drivers/CMSIS/Include/m-profile/armv7m_cachel1.h:390:26: warning: conversion to 'int32_t' {aka 'long int'} from 'long unsigned int' may change the sign of the result [-Wsign-conversion]
  390 |        int32_t op_size = dsize + (((uint32_t)addr) & (__SCB_DCACHE_LINE_SIZE - 1U));
      |                          ^~~~~
/Users/seungwon/STM32CubeN6/Drivers/CMSIS/Include/m-profile/armv7m_cachel1.h:398:17: warning: conversion to 'long unsigned int' from 'int32_t' {aka 'long int'} may change the sign of the result [-Wsign-conversion]
  398 |         op_size -= __SCB_DCACHE_LINE_SIZE;
      |                 ^~
/Users/seungwon/STM32CubeN6/Drivers/CMSIS/Include/m-profile/armv7m_cachel1.h:44:33: warning: conversion to 'int32_t' {aka 'long int'} from 'long unsigned int' may change the sign of the result [-Wsign-conversion]
   44 | #define __SCB_DCACHE_LINE_SIZE  32U /*!< Cortex-M7 cache line size is fixed to 32 bytes (8 words). See also register SCB_CCSIDR */
      |                                 ^~~
/Users/seungwon/STM32CubeN6/Drivers/CMSIS/Include/m-profile/armv7m_cachel1.h:398:20: note: in expansion of macro '__SCB_DCACHE_LINE_SIZE'
  398 |         op_size -= __SCB_DCACHE_LINE_SIZE;
      |                    ^~~~~~~~~~~~~~~~~~~~~~
/Users/seungwon/STM32CubeN6/Drivers/CMSIS/Include/m-profile/armv7m_cachel1.h: In function 'SCB_CleanInvalidateDCache_by_Addr':
/Users/seungwon/STM32CubeN6/Drivers/CMSIS/Include/m-profile/armv7m_cachel1.h:420:32: warning: conversion to 'long unsigned int' from 'int32_t' {aka 'long int'} may change the sign of the result [-Wsign-conversion]
  420 |        int32_t op_size = dsize + (((uint32_t)addr) & (__SCB_DCACHE_LINE_SIZE - 1U));
      |                                ^
/Users/seungwon/STM32CubeN6/Drivers/CMSIS/Include/m-profile/armv7m_cachel1.h:420:26: warning: conversion to 'int32_t' {aka 'long int'} from 'long unsigned int' may change the sign of the result [-Wsign-conversion]
  420 |        int32_t op_size = dsize + (((uint32_t)addr) & (__SCB_DCACHE_LINE_SIZE - 1U));
      |                          ^~~~~
/Users/seungwon/STM32CubeN6/Drivers/CMSIS/Include/m-profile/armv7m_cachel1.h:428:17: warning: conversion to 'long unsigned int' from 'int32_t' {aka 'long int'} may change the sign of the result [-Wsign-conversion]
  428 |         op_size -=          __SCB_DCACHE_LINE_SIZE;
      |                 ^~
/Users/seungwon/STM32CubeN6/Drivers/CMSIS/Include/m-profile/armv7m_cachel1.h:44:33: warning: conversion to 'int32_t' {aka 'long int'} from 'long unsigned int' may change the sign of the result [-Wsign-conversion]
   44 | #define __SCB_DCACHE_LINE_SIZE  32U /*!< Cortex-M7 cache line size is fixed to 32 bytes (8 words). See also register SCB_CCSIDR */
      |                                 ^~~
/Users/seungwon/STM32CubeN6/Drivers/CMSIS/Include/m-profile/armv7m_cachel1.h:428:29: note: in expansion of macro '__SCB_DCACHE_LINE_SIZE'
  428 |         op_size -=          __SCB_DCACHE_LINE_SIZE;
      |                             ^~~~~~~~~~~~~~~~~~~~~~
/Users/seungwon/test/.tools/xpack-arm-none-eabi-gcc-15.2.1-1.1/bin/arm-none-eabi-gcc -DAIMER_MVE_BATCH -DAIMER_M55_MVE_MATVEC -DAIMER_BENCHMARK -DPARAMS=256s -DAIMER_BACKEND=mve -DAIMER_MATVEC=mve -DAIMER_CONFIG=mve_affine -DBENCH_KERNEL_SAMPLES=31 -DBENCH_E2E_SAMPLES=50 -DBENCH_KERNEL_INNER=64 -DBENCH_WARMUP=10 -DPROFILE_SAMPLES=31 -DPROFILE_KERNEL_INNER=64 -DPROFILE_COMPLEX_INNER=8 -DUSE_HAL_DRIVER -DSTM32N657xx -Iinclude -I../common/src/sig/aimer/reference/aimer-256s -I../common/src -I/Users/seungwon/STM32CubeN6/Projects/NUCLEO-N657X0-Q/Templates/Template/FSBL/Inc -I/Users/seungwon/STM32CubeN6/Drivers/CMSIS/Include -I/Users/seungwon/STM32CubeN6/Drivers/CMSIS/Device/ST/STM32N6xx/Include -I/Users/seungwon/STM32CubeN6/Drivers/STM32N6xx_HAL_Driver/Inc -I/Users/seungwon/STM32CubeN6/Drivers/STM32N6xx_HAL_Driver/Inc/Legacy -O3 -std=c11 -fno-common -ffunction-sections -fdata-sections -fno-tree-vectorize -fno-tree-slp-vectorize -MMD -MP --specs=nosys.specs -Wall -Wextra -Wshadow -Wconversion -Wstrict-prototypes -mcpu=cortex-m55 -mthumb -mfloat-abi=hard -mcmse -fstack-usage -c /Users/seungwon/STM32CubeN6/Drivers/STM32N6xx_HAL_Driver/Src/stm32n6xx_hal_pwr.c -o build/full/256s/mve-affine/benchmark/stm32n6xx_hal_pwr.c.o
In file included from /Users/seungwon/STM32CubeN6/Drivers/CMSIS/Include/core_cm55.h:4605,
                 from /Users/seungwon/STM32CubeN6/Drivers/CMSIS/Device/ST/STM32N6xx/Include/stm32n657xx.h:281,
                 from /Users/seungwon/STM32CubeN6/Drivers/CMSIS/Device/ST/STM32N6xx/Include/stm32n6xx.h:87,
                 from /Users/seungwon/STM32CubeN6/Drivers/STM32N6xx_HAL_Driver/Inc/stm32n6xx_hal_def.h:33,
                 from /Users/seungwon/STM32CubeN6/Drivers/STM32N6xx_HAL_Driver/Inc/stm32n6xx_hal_rcc.h:28,
                 from /Users/seungwon/STM32CubeN6/Projects/NUCLEO-N657X0-Q/Templates/Template/FSBL/Inc/stm32n6xx_hal_conf.h:253,
                 from /Users/seungwon/STM32CubeN6/Drivers/STM32N6xx_HAL_Driver/Inc/stm32n6xx_hal.h:29,
                 from /Users/seungwon/STM32CubeN6/Drivers/STM32N6xx_HAL_Driver/Src/stm32n6xx_hal_pwr.c:107:
/Users/seungwon/STM32CubeN6/Drivers/CMSIS/Include/m-profile/armv7m_cachel1.h: In function 'SCB_InvalidateICache_by_Addr':
/Users/seungwon/STM32CubeN6/Drivers/CMSIS/Include/m-profile/armv7m_cachel1.h:117:32: warning: conversion to 'long unsigned int' from 'int32_t' {aka 'long int'} may change the sign of the result [-Wsign-conversion]
  117 |        int32_t op_size = isize + (((uint32_t)addr) & (__SCB_ICACHE_LINE_SIZE - 1U));
      |                                ^
/Users/seungwon/STM32CubeN6/Drivers/CMSIS/Include/m-profile/armv7m_cachel1.h:117:26: warning: conversion to 'int32_t' {aka 'long int'} from 'long unsigned int' may change the sign of the result [-Wsign-conversion]
  117 |        int32_t op_size = isize + (((uint32_t)addr) & (__SCB_ICACHE_LINE_SIZE - 1U));
      |                          ^~~~~
/Users/seungwon/STM32CubeN6/Drivers/CMSIS/Include/m-profile/armv7m_cachel1.h:125:17: warning: conversion to 'long unsigned int' from 'int32_t' {aka 'long int'} may change the sign of the result [-Wsign-conversion]
  125 |         op_size -= __SCB_ICACHE_LINE_SIZE;
      |                 ^~
/Users/seungwon/STM32CubeN6/Drivers/CMSIS/Include/m-profile/armv7m_cachel1.h:48:33: warning: conversion to 'int32_t' {aka 'long int'} from 'long unsigned int' may change the sign of the result [-Wsign-conversion]
   48 | #define __SCB_ICACHE_LINE_SIZE  32U /*!< Cortex-M7 cache line size is fixed to 32 bytes (8 words). See also register SCB_CCSIDR */
      |                                 ^~~
/Users/seungwon/STM32CubeN6/Drivers/CMSIS/Include/m-profile/armv7m_cachel1.h:125:20: note: in expansion of macro '__SCB_ICACHE_LINE_SIZE'
  125 |         op_size -= __SCB_ICACHE_LINE_SIZE;
      |                    ^~~~~~~~~~~~~~~~~~~~~~
/Users/seungwon/STM32CubeN6/Drivers/CMSIS/Include/m-profile/armv7m_cachel1.h: In function 'SCB_InvalidateDCache_by_Addr':
/Users/seungwon/STM32CubeN6/Drivers/CMSIS/Include/m-profile/armv7m_cachel1.h:360:32: warning: conversion to 'long unsigned int' from 'int32_t' {aka 'long int'} may change the sign of the result [-Wsign-conversion]
  360 |        int32_t op_size = dsize + (((uint32_t)addr) & (__SCB_DCACHE_LINE_SIZE - 1U));
      |                                ^
/Users/seungwon/STM32CubeN6/Drivers/CMSIS/Include/m-profile/armv7m_cachel1.h:360:26: warning: conversion to 'int32_t' {aka 'long int'} from 'long unsigned int' may change the sign of the result [-Wsign-conversion]
  360 |        int32_t op_size = dsize + (((uint32_t)addr) & (__SCB_DCACHE_LINE_SIZE - 1U));
      |                          ^~~~~
/Users/seungwon/STM32CubeN6/Drivers/CMSIS/Include/m-profile/armv7m_cachel1.h:368:17: warning: conversion to 'long unsigned int' from 'int32_t' {aka 'long int'} may change the sign of the result [-Wsign-conversion]
  368 |         op_size -= __SCB_DCACHE_LINE_SIZE;
      |                 ^~
/Users/seungwon/STM32CubeN6/Drivers/CMSIS/Include/m-profile/armv7m_cachel1.h:44:33: warning: conversion to 'int32_t' {aka 'long int'} from 'long unsigned int' may change the sign of the result [-Wsign-conversion]
   44 | #define __SCB_DCACHE_LINE_SIZE  32U /*!< Cortex-M7 cache line size is fixed to 32 bytes (8 words). See also register SCB_CCSIDR */
      |                                 ^~~
/Users/seungwon/STM32CubeN6/Drivers/CMSIS/Include/m-profile/armv7m_cachel1.h:368:20: note: in expansion of macro '__SCB_DCACHE_LINE_SIZE'
  368 |         op_size -= __SCB_DCACHE_LINE_SIZE;
      |                    ^~~~~~~~~~~~~~~~~~~~~~
/Users/seungwon/STM32CubeN6/Drivers/CMSIS/Include/m-profile/armv7m_cachel1.h: In function 'SCB_CleanDCache_by_Addr':
/Users/seungwon/STM32CubeN6/Drivers/CMSIS/Include/m-profile/armv7m_cachel1.h:390:32: warning: conversion to 'long unsigned int' from 'int32_t' {aka 'long int'} may change the sign of the result [-Wsign-conversion]
  390 |        int32_t op_size = dsize + (((uint32_t)addr) & (__SCB_DCACHE_LINE_SIZE - 1U));
      |                                ^
/Users/seungwon/STM32CubeN6/Drivers/CMSIS/Include/m-profile/armv7m_cachel1.h:390:26: warning: conversion to 'int32_t' {aka 'long int'} from 'long unsigned int' may change the sign of the result [-Wsign-conversion]
  390 |        int32_t op_size = dsize + (((uint32_t)addr) & (__SCB_DCACHE_LINE_SIZE - 1U));
      |                          ^~~~~
/Users/seungwon/STM32CubeN6/Drivers/CMSIS/Include/m-profile/armv7m_cachel1.h:398:17: warning: conversion to 'long unsigned int' from 'int32_t' {aka 'long int'} may change the sign of the result [-Wsign-conversion]
  398 |         op_size -= __SCB_DCACHE_LINE_SIZE;
      |                 ^~
/Users/seungwon/STM32CubeN6/Drivers/CMSIS/Include/m-profile/armv7m_cachel1.h:44:33: warning: conversion to 'int32_t' {aka 'long int'} from 'long unsigned int' may change the sign of the result [-Wsign-conversion]
   44 | #define __SCB_DCACHE_LINE_SIZE  32U /*!< Cortex-M7 cache line size is fixed to 32 bytes (8 words). See also register SCB_CCSIDR */
      |                                 ^~~
/Users/seungwon/STM32CubeN6/Drivers/CMSIS/Include/m-profile/armv7m_cachel1.h:398:20: note: in expansion of macro '__SCB_DCACHE_LINE_SIZE'
  398 |         op_size -= __SCB_DCACHE_LINE_SIZE;
      |                    ^~~~~~~~~~~~~~~~~~~~~~
/Users/seungwon/STM32CubeN6/Drivers/CMSIS/Include/m-profile/armv7m_cachel1.h: In function 'SCB_CleanInvalidateDCache_by_Addr':
/Users/seungwon/STM32CubeN6/Drivers/CMSIS/Include/m-profile/armv7m_cachel1.h:420:32: warning: conversion to 'long unsigned int' from 'int32_t' {aka 'long int'} may change the sign of the result [-Wsign-conversion]
  420 |        int32_t op_size = dsize + (((uint32_t)addr) & (__SCB_DCACHE_LINE_SIZE - 1U));
      |                                ^
/Users/seungwon/STM32CubeN6/Drivers/CMSIS/Include/m-profile/armv7m_cachel1.h:420:26: warning: conversion to 'int32_t' {aka 'long int'} from 'long unsigned int' may change the sign of the result [-Wsign-conversion]
  420 |        int32_t op_size = dsize + (((uint32_t)addr) & (__SCB_DCACHE_LINE_SIZE - 1U));
      |                          ^~~~~
/Users/seungwon/STM32CubeN6/Drivers/CMSIS/Include/m-profile/armv7m_cachel1.h:428:17: warning: conversion to 'long unsigned int' from 'int32_t' {aka 'long int'} may change the sign of the result [-Wsign-conversion]
  428 |         op_size -=          __SCB_DCACHE_LINE_SIZE;
      |                 ^~
/Users/seungwon/STM32CubeN6/Drivers/CMSIS/Include/m-profile/armv7m_cachel1.h:44:33: warning: conversion to 'int32_t' {aka 'long int'} from 'long unsigned int' may change the sign of the result [-Wsign-conversion]
   44 | #define __SCB_DCACHE_LINE_SIZE  32U /*!< Cortex-M7 cache line size is fixed to 32 bytes (8 words). See also register SCB_CCSIDR */
      |                                 ^~~
/Users/seungwon/STM32CubeN6/Drivers/CMSIS/Include/m-profile/armv7m_cachel1.h:428:29: note: in expansion of macro '__SCB_DCACHE_LINE_SIZE'
  428 |         op_size -=          __SCB_DCACHE_LINE_SIZE;
      |                             ^~~~~~~~~~~~~~~~~~~~~~
/Users/seungwon/test/.tools/xpack-arm-none-eabi-gcc-15.2.1-1.1/bin/arm-none-eabi-gcc -DAIMER_MVE_BATCH -DAIMER_M55_MVE_MATVEC -DAIMER_BENCHMARK -DPARAMS=256s -DAIMER_BACKEND=mve -DAIMER_MATVEC=mve -DAIMER_CONFIG=mve_affine -DBENCH_KERNEL_SAMPLES=31 -DBENCH_E2E_SAMPLES=50 -DBENCH_KERNEL_INNER=64 -DBENCH_WARMUP=10 -DPROFILE_SAMPLES=31 -DPROFILE_KERNEL_INNER=64 -DPROFILE_COMPLEX_INNER=8 -DUSE_HAL_DRIVER -DSTM32N657xx -Iinclude -I../common/src/sig/aimer/reference/aimer-256s -I../common/src -I/Users/seungwon/STM32CubeN6/Projects/NUCLEO-N657X0-Q/Templates/Template/FSBL/Inc -I/Users/seungwon/STM32CubeN6/Drivers/CMSIS/Include -I/Users/seungwon/STM32CubeN6/Drivers/CMSIS/Device/ST/STM32N6xx/Include -I/Users/seungwon/STM32CubeN6/Drivers/STM32N6xx_HAL_Driver/Inc -I/Users/seungwon/STM32CubeN6/Drivers/STM32N6xx_HAL_Driver/Inc/Legacy -O3 -std=c11 -fno-common -ffunction-sections -fdata-sections -fno-tree-vectorize -fno-tree-slp-vectorize -MMD -MP --specs=nosys.specs -Wall -Wextra -Wshadow -Wconversion -Wstrict-prototypes -mcpu=cortex-m55 -mthumb -mfloat-abi=hard -mcmse -fstack-usage -c /Users/seungwon/STM32CubeN6/Drivers/STM32N6xx_HAL_Driver/Src/stm32n6xx_hal_pwr_ex.c -o build/full/256s/mve-affine/benchmark/stm32n6xx_hal_pwr_ex.c.o
In file included from /Users/seungwon/STM32CubeN6/Drivers/CMSIS/Include/core_cm55.h:4605,
                 from /Users/seungwon/STM32CubeN6/Drivers/CMSIS/Device/ST/STM32N6xx/Include/stm32n657xx.h:281,
                 from /Users/seungwon/STM32CubeN6/Drivers/CMSIS/Device/ST/STM32N6xx/Include/stm32n6xx.h:87,
                 from /Users/seungwon/STM32CubeN6/Drivers/STM32N6xx_HAL_Driver/Inc/stm32n6xx_hal_def.h:33,
                 from /Users/seungwon/STM32CubeN6/Drivers/STM32N6xx_HAL_Driver/Inc/stm32n6xx_hal_rcc.h:28,
                 from /Users/seungwon/STM32CubeN6/Projects/NUCLEO-N657X0-Q/Templates/Template/FSBL/Inc/stm32n6xx_hal_conf.h:253,
                 from /Users/seungwon/STM32CubeN6/Drivers/STM32N6xx_HAL_Driver/Inc/stm32n6xx_hal.h:29,
                 from /Users/seungwon/STM32CubeN6/Drivers/STM32N6xx_HAL_Driver/Src/stm32n6xx_hal_pwr_ex.c:159:
/Users/seungwon/STM32CubeN6/Drivers/CMSIS/Include/m-profile/armv7m_cachel1.h: In function 'SCB_InvalidateICache_by_Addr':
/Users/seungwon/STM32CubeN6/Drivers/CMSIS/Include/m-profile/armv7m_cachel1.h:117:32: warning: conversion to 'long unsigned int' from 'int32_t' {aka 'long int'} may change the sign of the result [-Wsign-conversion]
  117 |        int32_t op_size = isize + (((uint32_t)addr) & (__SCB_ICACHE_LINE_SIZE - 1U));
      |                                ^
/Users/seungwon/STM32CubeN6/Drivers/CMSIS/Include/m-profile/armv7m_cachel1.h:117:26: warning: conversion to 'int32_t' {aka 'long int'} from 'long unsigned int' may change the sign of the result [-Wsign-conversion]
  117 |        int32_t op_size = isize + (((uint32_t)addr) & (__SCB_ICACHE_LINE_SIZE - 1U));
      |                          ^~~~~
/Users/seungwon/STM32CubeN6/Drivers/CMSIS/Include/m-profile/armv7m_cachel1.h:125:17: warning: conversion to 'long unsigned int' from 'int32_t' {aka 'long int'} may change the sign of the result [-Wsign-conversion]
  125 |         op_size -= __SCB_ICACHE_LINE_SIZE;
      |                 ^~
/Users/seungwon/STM32CubeN6/Drivers/CMSIS/Include/m-profile/armv7m_cachel1.h:48:33: warning: conversion to 'int32_t' {aka 'long int'} from 'long unsigned int' may change the sign of the result [-Wsign-conversion]
   48 | #define __SCB_ICACHE_LINE_SIZE  32U /*!< Cortex-M7 cache line size is fixed to 32 bytes (8 words). See also register SCB_CCSIDR */
      |                                 ^~~
/Users/seungwon/STM32CubeN6/Drivers/CMSIS/Include/m-profile/armv7m_cachel1.h:125:20: note: in expansion of macro '__SCB_ICACHE_LINE_SIZE'
  125 |         op_size -= __SCB_ICACHE_LINE_SIZE;
      |                    ^~~~~~~~~~~~~~~~~~~~~~
/Users/seungwon/STM32CubeN6/Drivers/CMSIS/Include/m-profile/armv7m_cachel1.h: In function 'SCB_InvalidateDCache_by_Addr':
/Users/seungwon/STM32CubeN6/Drivers/CMSIS/Include/m-profile/armv7m_cachel1.h:360:32: warning: conversion to 'long unsigned int' from 'int32_t' {aka 'long int'} may change the sign of the result [-Wsign-conversion]
  360 |        int32_t op_size = dsize + (((uint32_t)addr) & (__SCB_DCACHE_LINE_SIZE - 1U));
      |                                ^
/Users/seungwon/STM32CubeN6/Drivers/CMSIS/Include/m-profile/armv7m_cachel1.h:360:26: warning: conversion to 'int32_t' {aka 'long int'} from 'long unsigned int' may change the sign of the result [-Wsign-conversion]
  360 |        int32_t op_size = dsize + (((uint32_t)addr) & (__SCB_DCACHE_LINE_SIZE - 1U));
      |                          ^~~~~
/Users/seungwon/STM32CubeN6/Drivers/CMSIS/Include/m-profile/armv7m_cachel1.h:368:17: warning: conversion to 'long unsigned int' from 'int32_t' {aka 'long int'} may change the sign of the result [-Wsign-conversion]
  368 |         op_size -= __SCB_DCACHE_LINE_SIZE;
      |                 ^~
/Users/seungwon/STM32CubeN6/Drivers/CMSIS/Include/m-profile/armv7m_cachel1.h:44:33: warning: conversion to 'int32_t' {aka 'long int'} from 'long unsigned int' may change the sign of the result [-Wsign-conversion]
   44 | #define __SCB_DCACHE_LINE_SIZE  32U /*!< Cortex-M7 cache line size is fixed to 32 bytes (8 words). See also register SCB_CCSIDR */
      |                                 ^~~
/Users/seungwon/STM32CubeN6/Drivers/CMSIS/Include/m-profile/armv7m_cachel1.h:368:20: note: in expansion of macro '__SCB_DCACHE_LINE_SIZE'
  368 |         op_size -= __SCB_DCACHE_LINE_SIZE;
      |                    ^~~~~~~~~~~~~~~~~~~~~~
/Users/seungwon/STM32CubeN6/Drivers/CMSIS/Include/m-profile/armv7m_cachel1.h: In function 'SCB_CleanDCache_by_Addr':
/Users/seungwon/STM32CubeN6/Drivers/CMSIS/Include/m-profile/armv7m_cachel1.h:390:32: warning: conversion to 'long unsigned int' from 'int32_t' {aka 'long int'} may change the sign of the result [-Wsign-conversion]
  390 |        int32_t op_size = dsize + (((uint32_t)addr) & (__SCB_DCACHE_LINE_SIZE - 1U));
      |                                ^
/Users/seungwon/STM32CubeN6/Drivers/CMSIS/Include/m-profile/armv7m_cachel1.h:390:26: warning: conversion to 'int32_t' {aka 'long int'} from 'long unsigned int' may change the sign of the result [-Wsign-conversion]
  390 |        int32_t op_size = dsize + (((uint32_t)addr) & (__SCB_DCACHE_LINE_SIZE - 1U));
      |                          ^~~~~
/Users/seungwon/STM32CubeN6/Drivers/CMSIS/Include/m-profile/armv7m_cachel1.h:398:17: warning: conversion to 'long unsigned int' from 'int32_t' {aka 'long int'} may change the sign of the result [-Wsign-conversion]
  398 |         op_size -= __SCB_DCACHE_LINE_SIZE;
      |                 ^~
/Users/seungwon/STM32CubeN6/Drivers/CMSIS/Include/m-profile/armv7m_cachel1.h:44:33: warning: conversion to 'int32_t' {aka 'long int'} from 'long unsigned int' may change the sign of the result [-Wsign-conversion]
   44 | #define __SCB_DCACHE_LINE_SIZE  32U /*!< Cortex-M7 cache line size is fixed to 32 bytes (8 words). See also register SCB_CCSIDR */
      |                                 ^~~
/Users/seungwon/STM32CubeN6/Drivers/CMSIS/Include/m-profile/armv7m_cachel1.h:398:20: note: in expansion of macro '__SCB_DCACHE_LINE_SIZE'
  398 |         op_size -= __SCB_DCACHE_LINE_SIZE;
      |                    ^~~~~~~~~~~~~~~~~~~~~~
/Users/seungwon/STM32CubeN6/Drivers/CMSIS/Include/m-profile/armv7m_cachel1.h: In function 'SCB_CleanInvalidateDCache_by_Addr':
/Users/seungwon/STM32CubeN6/Drivers/CMSIS/Include/m-profile/armv7m_cachel1.h:420:32: warning: conversion to 'long unsigned int' from 'int32_t' {aka 'long int'} may change the sign of the result [-Wsign-conversion]
  420 |        int32_t op_size = dsize + (((uint32_t)addr) & (__SCB_DCACHE_LINE_SIZE - 1U));
      |                                ^
/Users/seungwon/STM32CubeN6/Drivers/CMSIS/Include/m-profile/armv7m_cachel1.h:420:26: warning: conversion to 'int32_t' {aka 'long int'} from 'long unsigned int' may change the sign of the result [-Wsign-conversion]
  420 |        int32_t op_size = dsize + (((uint32_t)addr) & (__SCB_DCACHE_LINE_SIZE - 1U));
      |                          ^~~~~
/Users/seungwon/STM32CubeN6/Drivers/CMSIS/Include/m-profile/armv7m_cachel1.h:428:17: warning: conversion to 'long unsigned int' from 'int32_t' {aka 'long int'} may change the sign of the result [-Wsign-conversion]
  428 |         op_size -=          __SCB_DCACHE_LINE_SIZE;
      |                 ^~
/Users/seungwon/STM32CubeN6/Drivers/CMSIS/Include/m-profile/armv7m_cachel1.h:44:33: warning: conversion to 'int32_t' {aka 'long int'} from 'long unsigned int' may change the sign of the result [-Wsign-conversion]
   44 | #define __SCB_DCACHE_LINE_SIZE  32U /*!< Cortex-M7 cache line size is fixed to 32 bytes (8 words). See also register SCB_CCSIDR */
      |                                 ^~~
/Users/seungwon/STM32CubeN6/Drivers/CMSIS/Include/m-profile/armv7m_cachel1.h:428:29: note: in expansion of macro '__SCB_DCACHE_LINE_SIZE'
  428 |         op_size -=          __SCB_DCACHE_LINE_SIZE;
      |                             ^~~~~~~~~~~~~~~~~~~~~~
/Users/seungwon/test/.tools/xpack-arm-none-eabi-gcc-15.2.1-1.1/bin/arm-none-eabi-gcc -DAIMER_MVE_BATCH -DAIMER_M55_MVE_MATVEC -DAIMER_BENCHMARK -DPARAMS=256s -DAIMER_BACKEND=mve -DAIMER_MATVEC=mve -DAIMER_CONFIG=mve_affine -DBENCH_KERNEL_SAMPLES=31 -DBENCH_E2E_SAMPLES=50 -DBENCH_KERNEL_INNER=64 -DBENCH_WARMUP=10 -DPROFILE_SAMPLES=31 -DPROFILE_KERNEL_INNER=64 -DPROFILE_COMPLEX_INNER=8 -DUSE_HAL_DRIVER -DSTM32N657xx -Iinclude -I../common/src/sig/aimer/reference/aimer-256s -I../common/src -I/Users/seungwon/STM32CubeN6/Projects/NUCLEO-N657X0-Q/Templates/Template/FSBL/Inc -I/Users/seungwon/STM32CubeN6/Drivers/CMSIS/Include -I/Users/seungwon/STM32CubeN6/Drivers/CMSIS/Device/ST/STM32N6xx/Include -I/Users/seungwon/STM32CubeN6/Drivers/STM32N6xx_HAL_Driver/Inc -I/Users/seungwon/STM32CubeN6/Drivers/STM32N6xx_HAL_Driver/Inc/Legacy -O3 -std=c11 -fno-common -ffunction-sections -fdata-sections -fno-tree-vectorize -fno-tree-slp-vectorize -MMD -MP --specs=nosys.specs -Wall -Wextra -Wshadow -Wconversion -Wstrict-prototypes -mcpu=cortex-m55 -mthumb -mfloat-abi=hard -mcmse -fstack-usage -c /Users/seungwon/STM32CubeN6/Drivers/STM32N6xx_HAL_Driver/Src/stm32n6xx_hal_rcc.c -o build/full/256s/mve-affine/benchmark/stm32n6xx_hal_rcc.c.o
In file included from /Users/seungwon/STM32CubeN6/Drivers/CMSIS/Include/core_cm55.h:4605,
                 from /Users/seungwon/STM32CubeN6/Drivers/CMSIS/Device/ST/STM32N6xx/Include/stm32n657xx.h:281,
                 from /Users/seungwon/STM32CubeN6/Drivers/CMSIS/Device/ST/STM32N6xx/Include/stm32n6xx.h:87,
                 from /Users/seungwon/STM32CubeN6/Drivers/STM32N6xx_HAL_Driver/Inc/stm32n6xx_hal_def.h:33,
                 from /Users/seungwon/STM32CubeN6/Drivers/STM32N6xx_HAL_Driver/Inc/stm32n6xx_hal_rcc.h:28,
                 from /Users/seungwon/STM32CubeN6/Projects/NUCLEO-N657X0-Q/Templates/Template/FSBL/Inc/stm32n6xx_hal_conf.h:253,
                 from /Users/seungwon/STM32CubeN6/Drivers/STM32N6xx_HAL_Driver/Inc/stm32n6xx_hal.h:29,
                 from /Users/seungwon/STM32CubeN6/Drivers/STM32N6xx_HAL_Driver/Src/stm32n6xx_hal_rcc.c:73:
/Users/seungwon/STM32CubeN6/Drivers/CMSIS/Include/m-profile/armv7m_cachel1.h: In function 'SCB_InvalidateICache_by_Addr':
/Users/seungwon/STM32CubeN6/Drivers/CMSIS/Include/m-profile/armv7m_cachel1.h:117:32: warning: conversion to 'long unsigned int' from 'int32_t' {aka 'long int'} may change the sign of the result [-Wsign-conversion]
  117 |        int32_t op_size = isize + (((uint32_t)addr) & (__SCB_ICACHE_LINE_SIZE - 1U));
      |                                ^
/Users/seungwon/STM32CubeN6/Drivers/CMSIS/Include/m-profile/armv7m_cachel1.h:117:26: warning: conversion to 'int32_t' {aka 'long int'} from 'long unsigned int' may change the sign of the result [-Wsign-conversion]
  117 |        int32_t op_size = isize + (((uint32_t)addr) & (__SCB_ICACHE_LINE_SIZE - 1U));
      |                          ^~~~~
/Users/seungwon/STM32CubeN6/Drivers/CMSIS/Include/m-profile/armv7m_cachel1.h:125:17: warning: conversion to 'long unsigned int' from 'int32_t' {aka 'long int'} may change the sign of the result [-Wsign-conversion]
  125 |         op_size -= __SCB_ICACHE_LINE_SIZE;
      |                 ^~
/Users/seungwon/STM32CubeN6/Drivers/CMSIS/Include/m-profile/armv7m_cachel1.h:48:33: warning: conversion to 'int32_t' {aka 'long int'} from 'long unsigned int' may change the sign of the result [-Wsign-conversion]
   48 | #define __SCB_ICACHE_LINE_SIZE  32U /*!< Cortex-M7 cache line size is fixed to 32 bytes (8 words). See also register SCB_CCSIDR */
      |                                 ^~~
/Users/seungwon/STM32CubeN6/Drivers/CMSIS/Include/m-profile/armv7m_cachel1.h:125:20: note: in expansion of macro '__SCB_ICACHE_LINE_SIZE'
  125 |         op_size -= __SCB_ICACHE_LINE_SIZE;
      |                    ^~~~~~~~~~~~~~~~~~~~~~
/Users/seungwon/STM32CubeN6/Drivers/CMSIS/Include/m-profile/armv7m_cachel1.h: In function 'SCB_InvalidateDCache_by_Addr':
/Users/seungwon/STM32CubeN6/Drivers/CMSIS/Include/m-profile/armv7m_cachel1.h:360:32: warning: conversion to 'long unsigned int' from 'int32_t' {aka 'long int'} may change the sign of the result [-Wsign-conversion]
  360 |        int32_t op_size = dsize + (((uint32_t)addr) & (__SCB_DCACHE_LINE_SIZE - 1U));
      |                                ^
/Users/seungwon/STM32CubeN6/Drivers/CMSIS/Include/m-profile/armv7m_cachel1.h:360:26: warning: conversion to 'int32_t' {aka 'long int'} from 'long unsigned int' may change the sign of the result [-Wsign-conversion]
  360 |        int32_t op_size = dsize + (((uint32_t)addr) & (__SCB_DCACHE_LINE_SIZE - 1U));
      |                          ^~~~~
/Users/seungwon/STM32CubeN6/Drivers/CMSIS/Include/m-profile/armv7m_cachel1.h:368:17: warning: conversion to 'long unsigned int' from 'int32_t' {aka 'long int'} may change the sign of the result [-Wsign-conversion]
  368 |         op_size -= __SCB_DCACHE_LINE_SIZE;
      |                 ^~
/Users/seungwon/STM32CubeN6/Drivers/CMSIS/Include/m-profile/armv7m_cachel1.h:44:33: warning: conversion to 'int32_t' {aka 'long int'} from 'long unsigned int' may change the sign of the result [-Wsign-conversion]
   44 | #define __SCB_DCACHE_LINE_SIZE  32U /*!< Cortex-M7 cache line size is fixed to 32 bytes (8 words). See also register SCB_CCSIDR */
      |                                 ^~~
/Users/seungwon/STM32CubeN6/Drivers/CMSIS/Include/m-profile/armv7m_cachel1.h:368:20: note: in expansion of macro '__SCB_DCACHE_LINE_SIZE'
  368 |         op_size -= __SCB_DCACHE_LINE_SIZE;
      |                    ^~~~~~~~~~~~~~~~~~~~~~
/Users/seungwon/STM32CubeN6/Drivers/CMSIS/Include/m-profile/armv7m_cachel1.h: In function 'SCB_CleanDCache_by_Addr':
/Users/seungwon/STM32CubeN6/Drivers/CMSIS/Include/m-profile/armv7m_cachel1.h:390:32: warning: conversion to 'long unsigned int' from 'int32_t' {aka 'long int'} may change the sign of the result [-Wsign-conversion]
  390 |        int32_t op_size = dsize + (((uint32_t)addr) & (__SCB_DCACHE_LINE_SIZE - 1U));
      |                                ^
/Users/seungwon/STM32CubeN6/Drivers/CMSIS/Include/m-profile/armv7m_cachel1.h:390:26: warning: conversion to 'int32_t' {aka 'long int'} from 'long unsigned int' may change the sign of the result [-Wsign-conversion]
  390 |        int32_t op_size = dsize + (((uint32_t)addr) & (__SCB_DCACHE_LINE_SIZE - 1U));
      |                          ^~~~~
/Users/seungwon/STM32CubeN6/Drivers/CMSIS/Include/m-profile/armv7m_cachel1.h:398:17: warning: conversion to 'long unsigned int' from 'int32_t' {aka 'long int'} may change the sign of the result [-Wsign-conversion]
  398 |         op_size -= __SCB_DCACHE_LINE_SIZE;
      |                 ^~
/Users/seungwon/STM32CubeN6/Drivers/CMSIS/Include/m-profile/armv7m_cachel1.h:44:33: warning: conversion to 'int32_t' {aka 'long int'} from 'long unsigned int' may change the sign of the result [-Wsign-conversion]
   44 | #define __SCB_DCACHE_LINE_SIZE  32U /*!< Cortex-M7 cache line size is fixed to 32 bytes (8 words). See also register SCB_CCSIDR */
      |                                 ^~~
/Users/seungwon/STM32CubeN6/Drivers/CMSIS/Include/m-profile/armv7m_cachel1.h:398:20: note: in expansion of macro '__SCB_DCACHE_LINE_SIZE'
  398 |         op_size -= __SCB_DCACHE_LINE_SIZE;
      |                    ^~~~~~~~~~~~~~~~~~~~~~
/Users/seungwon/STM32CubeN6/Drivers/CMSIS/Include/m-profile/armv7m_cachel1.h: In function 'SCB_CleanInvalidateDCache_by_Addr':
/Users/seungwon/STM32CubeN6/Drivers/CMSIS/Include/m-profile/armv7m_cachel1.h:420:32: warning: conversion to 'long unsigned int' from 'int32_t' {aka 'long int'} may change the sign of the result [-Wsign-conversion]
  420 |        int32_t op_size = dsize + (((uint32_t)addr) & (__SCB_DCACHE_LINE_SIZE - 1U));
      |                                ^
/Users/seungwon/STM32CubeN6/Drivers/CMSIS/Include/m-profile/armv7m_cachel1.h:420:26: warning: conversion to 'int32_t' {aka 'long int'} from 'long unsigned int' may change the sign of the result [-Wsign-conversion]
  420 |        int32_t op_size = dsize + (((uint32_t)addr) & (__SCB_DCACHE_LINE_SIZE - 1U));
      |                          ^~~~~
/Users/seungwon/STM32CubeN6/Drivers/CMSIS/Include/m-profile/armv7m_cachel1.h:428:17: warning: conversion to 'long unsigned int' from 'int32_t' {aka 'long int'} may change the sign of the result [-Wsign-conversion]
  428 |         op_size -=          __SCB_DCACHE_LINE_SIZE;
      |                 ^~
/Users/seungwon/STM32CubeN6/Drivers/CMSIS/Include/m-profile/armv7m_cachel1.h:44:33: warning: conversion to 'int32_t' {aka 'long int'} from 'long unsigned int' may change the sign of the result [-Wsign-conversion]
   44 | #define __SCB_DCACHE_LINE_SIZE  32U /*!< Cortex-M7 cache line size is fixed to 32 bytes (8 words). See also register SCB_CCSIDR */
      |                                 ^~~
/Users/seungwon/STM32CubeN6/Drivers/CMSIS/Include/m-profile/armv7m_cachel1.h:428:29: note: in expansion of macro '__SCB_DCACHE_LINE_SIZE'
  428 |         op_size -=          __SCB_DCACHE_LINE_SIZE;
      |                             ^~~~~~~~~~~~~~~~~~~~~~
/Users/seungwon/test/.tools/xpack-arm-none-eabi-gcc-15.2.1-1.1/bin/arm-none-eabi-gcc -DAIMER_MVE_BATCH -DAIMER_M55_MVE_MATVEC -DAIMER_BENCHMARK -DPARAMS=256s -DAIMER_BACKEND=mve -DAIMER_MATVEC=mve -DAIMER_CONFIG=mve_affine -DBENCH_KERNEL_SAMPLES=31 -DBENCH_E2E_SAMPLES=50 -DBENCH_KERNEL_INNER=64 -DBENCH_WARMUP=10 -DPROFILE_SAMPLES=31 -DPROFILE_KERNEL_INNER=64 -DPROFILE_COMPLEX_INNER=8 -DUSE_HAL_DRIVER -DSTM32N657xx -Iinclude -I../common/src/sig/aimer/reference/aimer-256s -I../common/src -I/Users/seungwon/STM32CubeN6/Projects/NUCLEO-N657X0-Q/Templates/Template/FSBL/Inc -I/Users/seungwon/STM32CubeN6/Drivers/CMSIS/Include -I/Users/seungwon/STM32CubeN6/Drivers/CMSIS/Device/ST/STM32N6xx/Include -I/Users/seungwon/STM32CubeN6/Drivers/STM32N6xx_HAL_Driver/Inc -I/Users/seungwon/STM32CubeN6/Drivers/STM32N6xx_HAL_Driver/Inc/Legacy -O3 -std=c11 -fno-common -ffunction-sections -fdata-sections -fno-tree-vectorize -fno-tree-slp-vectorize -MMD -MP --specs=nosys.specs -Wall -Wextra -Wshadow -Wconversion -Wstrict-prototypes -mcpu=cortex-m55 -mthumb -mfloat-abi=hard -mcmse -fstack-usage -c /Users/seungwon/STM32CubeN6/Drivers/STM32N6xx_HAL_Driver/Src/stm32n6xx_hal_rcc_ex.c -o build/full/256s/mve-affine/benchmark/stm32n6xx_hal_rcc_ex.c.o
In file included from /Users/seungwon/STM32CubeN6/Drivers/CMSIS/Include/core_cm55.h:4605,
                 from /Users/seungwon/STM32CubeN6/Drivers/CMSIS/Device/ST/STM32N6xx/Include/stm32n657xx.h:281,
                 from /Users/seungwon/STM32CubeN6/Drivers/CMSIS/Device/ST/STM32N6xx/Include/stm32n6xx.h:87,
                 from /Users/seungwon/STM32CubeN6/Drivers/STM32N6xx_HAL_Driver/Inc/stm32n6xx_hal_def.h:33,
                 from /Users/seungwon/STM32CubeN6/Drivers/STM32N6xx_HAL_Driver/Inc/stm32n6xx_hal_rcc.h:28,
                 from /Users/seungwon/STM32CubeN6/Projects/NUCLEO-N657X0-Q/Templates/Template/FSBL/Inc/stm32n6xx_hal_conf.h:253,
                 from /Users/seungwon/STM32CubeN6/Drivers/STM32N6xx_HAL_Driver/Inc/stm32n6xx_hal.h:29,
                 from /Users/seungwon/STM32CubeN6/Drivers/STM32N6xx_HAL_Driver/Src/stm32n6xx_hal_rcc_ex.c:24:
/Users/seungwon/STM32CubeN6/Drivers/CMSIS/Include/m-profile/armv7m_cachel1.h: In function 'SCB_InvalidateICache_by_Addr':
/Users/seungwon/STM32CubeN6/Drivers/CMSIS/Include/m-profile/armv7m_cachel1.h:117:32: warning: conversion to 'long unsigned int' from 'int32_t' {aka 'long int'} may change the sign of the result [-Wsign-conversion]
  117 |        int32_t op_size = isize + (((uint32_t)addr) & (__SCB_ICACHE_LINE_SIZE - 1U));
      |                                ^
/Users/seungwon/STM32CubeN6/Drivers/CMSIS/Include/m-profile/armv7m_cachel1.h:117:26: warning: conversion to 'int32_t' {aka 'long int'} from 'long unsigned int' may change the sign of the result [-Wsign-conversion]
  117 |        int32_t op_size = isize + (((uint32_t)addr) & (__SCB_ICACHE_LINE_SIZE - 1U));
      |                          ^~~~~
/Users/seungwon/STM32CubeN6/Drivers/CMSIS/Include/m-profile/armv7m_cachel1.h:125:17: warning: conversion to 'long unsigned int' from 'int32_t' {aka 'long int'} may change the sign of the result [-Wsign-conversion]
  125 |         op_size -= __SCB_ICACHE_LINE_SIZE;
      |                 ^~
/Users/seungwon/STM32CubeN6/Drivers/CMSIS/Include/m-profile/armv7m_cachel1.h:48:33: warning: conversion to 'int32_t' {aka 'long int'} from 'long unsigned int' may change the sign of the result [-Wsign-conversion]
   48 | #define __SCB_ICACHE_LINE_SIZE  32U /*!< Cortex-M7 cache line size is fixed to 32 bytes (8 words). See also register SCB_CCSIDR */
      |                                 ^~~
/Users/seungwon/STM32CubeN6/Drivers/CMSIS/Include/m-profile/armv7m_cachel1.h:125:20: note: in expansion of macro '__SCB_ICACHE_LINE_SIZE'
  125 |         op_size -= __SCB_ICACHE_LINE_SIZE;
      |                    ^~~~~~~~~~~~~~~~~~~~~~
/Users/seungwon/STM32CubeN6/Drivers/CMSIS/Include/m-profile/armv7m_cachel1.h: In function 'SCB_InvalidateDCache_by_Addr':
/Users/seungwon/STM32CubeN6/Drivers/CMSIS/Include/m-profile/armv7m_cachel1.h:360:32: warning: conversion to 'long unsigned int' from 'int32_t' {aka 'long int'} may change the sign of the result [-Wsign-conversion]
  360 |        int32_t op_size = dsize + (((uint32_t)addr) & (__SCB_DCACHE_LINE_SIZE - 1U));
      |                                ^
/Users/seungwon/STM32CubeN6/Drivers/CMSIS/Include/m-profile/armv7m_cachel1.h:360:26: warning: conversion to 'int32_t' {aka 'long int'} from 'long unsigned int' may change the sign of the result [-Wsign-conversion]
  360 |        int32_t op_size = dsize + (((uint32_t)addr) & (__SCB_DCACHE_LINE_SIZE - 1U));
      |                          ^~~~~
/Users/seungwon/STM32CubeN6/Drivers/CMSIS/Include/m-profile/armv7m_cachel1.h:368:17: warning: conversion to 'long unsigned int' from 'int32_t' {aka 'long int'} may change the sign of the result [-Wsign-conversion]
  368 |         op_size -= __SCB_DCACHE_LINE_SIZE;
      |                 ^~
/Users/seungwon/STM32CubeN6/Drivers/CMSIS/Include/m-profile/armv7m_cachel1.h:44:33: warning: conversion to 'int32_t' {aka 'long int'} from 'long unsigned int' may change the sign of the result [-Wsign-conversion]
   44 | #define __SCB_DCACHE_LINE_SIZE  32U /*!< Cortex-M7 cache line size is fixed to 32 bytes (8 words). See also register SCB_CCSIDR */
      |                                 ^~~
/Users/seungwon/STM32CubeN6/Drivers/CMSIS/Include/m-profile/armv7m_cachel1.h:368:20: note: in expansion of macro '__SCB_DCACHE_LINE_SIZE'
  368 |         op_size -= __SCB_DCACHE_LINE_SIZE;
      |                    ^~~~~~~~~~~~~~~~~~~~~~
/Users/seungwon/STM32CubeN6/Drivers/CMSIS/Include/m-profile/armv7m_cachel1.h: In function 'SCB_CleanDCache_by_Addr':
/Users/seungwon/STM32CubeN6/Drivers/CMSIS/Include/m-profile/armv7m_cachel1.h:390:32: warning: conversion to 'long unsigned int' from 'int32_t' {aka 'long int'} may change the sign of the result [-Wsign-conversion]
  390 |        int32_t op_size = dsize + (((uint32_t)addr) & (__SCB_DCACHE_LINE_SIZE - 1U));
      |                                ^
/Users/seungwon/STM32CubeN6/Drivers/CMSIS/Include/m-profile/armv7m_cachel1.h:390:26: warning: conversion to 'int32_t' {aka 'long int'} from 'long unsigned int' may change the sign of the result [-Wsign-conversion]
  390 |        int32_t op_size = dsize + (((uint32_t)addr) & (__SCB_DCACHE_LINE_SIZE - 1U));
      |                          ^~~~~
/Users/seungwon/STM32CubeN6/Drivers/CMSIS/Include/m-profile/armv7m_cachel1.h:398:17: warning: conversion to 'long unsigned int' from 'int32_t' {aka 'long int'} may change the sign of the result [-Wsign-conversion]
  398 |         op_size -= __SCB_DCACHE_LINE_SIZE;
      |                 ^~
/Users/seungwon/STM32CubeN6/Drivers/CMSIS/Include/m-profile/armv7m_cachel1.h:44:33: warning: conversion to 'int32_t' {aka 'long int'} from 'long unsigned int' may change the sign of the result [-Wsign-conversion]
   44 | #define __SCB_DCACHE_LINE_SIZE  32U /*!< Cortex-M7 cache line size is fixed to 32 bytes (8 words). See also register SCB_CCSIDR */
      |                                 ^~~
/Users/seungwon/STM32CubeN6/Drivers/CMSIS/Include/m-profile/armv7m_cachel1.h:398:20: note: in expansion of macro '__SCB_DCACHE_LINE_SIZE'
  398 |         op_size -= __SCB_DCACHE_LINE_SIZE;
      |                    ^~~~~~~~~~~~~~~~~~~~~~
/Users/seungwon/STM32CubeN6/Drivers/CMSIS/Include/m-profile/armv7m_cachel1.h: In function 'SCB_CleanInvalidateDCache_by_Addr':
/Users/seungwon/STM32CubeN6/Drivers/CMSIS/Include/m-profile/armv7m_cachel1.h:420:32: warning: conversion to 'long unsigned int' from 'int32_t' {aka 'long int'} may change the sign of the result [-Wsign-conversion]
  420 |        int32_t op_size = dsize + (((uint32_t)addr) & (__SCB_DCACHE_LINE_SIZE - 1U));
      |                                ^
/Users/seungwon/STM32CubeN6/Drivers/CMSIS/Include/m-profile/armv7m_cachel1.h:420:26: warning: conversion to 'int32_t' {aka 'long int'} from 'long unsigned int' may change the sign of the result [-Wsign-conversion]
  420 |        int32_t op_size = dsize + (((uint32_t)addr) & (__SCB_DCACHE_LINE_SIZE - 1U));
      |                          ^~~~~
/Users/seungwon/STM32CubeN6/Drivers/CMSIS/Include/m-profile/armv7m_cachel1.h:428:17: warning: conversion to 'long unsigned int' from 'int32_t' {aka 'long int'} may change the sign of the result [-Wsign-conversion]
  428 |         op_size -=          __SCB_DCACHE_LINE_SIZE;
      |                 ^~
/Users/seungwon/STM32CubeN6/Drivers/CMSIS/Include/m-profile/armv7m_cachel1.h:44:33: warning: conversion to 'int32_t' {aka 'long int'} from 'long unsigned int' may change the sign of the result [-Wsign-conversion]
   44 | #define __SCB_DCACHE_LINE_SIZE  32U /*!< Cortex-M7 cache line size is fixed to 32 bytes (8 words). See also register SCB_CCSIDR */
      |                                 ^~~
/Users/seungwon/STM32CubeN6/Drivers/CMSIS/Include/m-profile/armv7m_cachel1.h:428:29: note: in expansion of macro '__SCB_DCACHE_LINE_SIZE'
  428 |         op_size -=          __SCB_DCACHE_LINE_SIZE;
      |                             ^~~~~~~~~~~~~~~~~~~~~~
/Users/seungwon/test/.tools/xpack-arm-none-eabi-gcc-15.2.1-1.1/bin/arm-none-eabi-gcc -DAIMER_MVE_BATCH -DAIMER_M55_MVE_MATVEC -DAIMER_BENCHMARK -DPARAMS=256s -DAIMER_BACKEND=mve -DAIMER_MATVEC=mve -DAIMER_CONFIG=mve_affine -DBENCH_KERNEL_SAMPLES=31 -DBENCH_E2E_SAMPLES=50 -DBENCH_KERNEL_INNER=64 -DBENCH_WARMUP=10 -DPROFILE_SAMPLES=31 -DPROFILE_KERNEL_INNER=64 -DPROFILE_COMPLEX_INNER=8 -DUSE_HAL_DRIVER -DSTM32N657xx -Iinclude -I../common/src/sig/aimer/reference/aimer-256s -I../common/src -I/Users/seungwon/STM32CubeN6/Projects/NUCLEO-N657X0-Q/Templates/Template/FSBL/Inc -I/Users/seungwon/STM32CubeN6/Drivers/CMSIS/Include -I/Users/seungwon/STM32CubeN6/Drivers/CMSIS/Device/ST/STM32N6xx/Include -I/Users/seungwon/STM32CubeN6/Drivers/STM32N6xx_HAL_Driver/Inc -I/Users/seungwon/STM32CubeN6/Drivers/STM32N6xx_HAL_Driver/Inc/Legacy -O3 -std=c11 -fno-common -ffunction-sections -fdata-sections -fno-tree-vectorize -fno-tree-slp-vectorize -MMD -MP --specs=nosys.specs -Wall -Wextra -Wshadow -Wconversion -Wstrict-prototypes -mcpu=cortex-m55 -mthumb -mfloat-abi=hard -mcmse -fstack-usage -x assembler-with-cpp -c /Users/seungwon/STM32CubeN6/Projects/NUCLEO-N657X0-Q/Templates/Template/STM32CubeIDE/FSBL/Application/Startup/startup_stm32n657x0hxq_fsbl.s -o build/full/256s/mve-affine/benchmark/startup_stm32n657x0hxq_fsbl.s.o
/Users/seungwon/test/.tools/xpack-arm-none-eabi-gcc-15.2.1-1.1/bin/arm-none-eabi-gcc --specs=nosys.specs -Wl,--gc-sections -Wl,--print-memory-usage -Wl,-Map,build/full/256s/mve-affine/benchmark/aimer-m55-256s-mve-affine-benchmark.map -Wl,--wrap=main -Wl,--wrap=_write -Wl,--wrap=_read -Tplatform/nucleo-n657x0-q/stm32n657-axi-sram.ld -Wl,--wrap=samsungsds_aimer_256s_ref_gf_mat_vec_mul_add -mcpu=cortex-m55 -mthumb -mfloat-abi=hard -mcmse -Wl,--wrap=samsungsds_aimer_256s_ref_crypto_sign_signature -Wl,--wrap=samsungsds_aimer_256s_ref_crypto_sign -Wl,--wrap=samsungsds_aimer_256s_ref_crypto_sign_verify -Wl,--wrap=samsungsds_aimer_256s_ref_crypto_sign_open build/full/256s/mve-affine/benchmark/benchmark.c.o build/full/256s/mve-affine/benchmark/sign_low_memory.c.o build/full/256s/mve-affine/benchmark/verify_batch.c.o build/full/256s/mve-affine/benchmark/field_batch.c.o build/full/256s/mve-affine/benchmark/mpc_batch.c.o build/full/256s/mve-affine/benchmark/aim3.c.o build/full/256s/mve-affine/benchmark/hash.c.o build/full/256s/mve-affine/benchmark/sign.c.o build/full/256s/mve-affine/benchmark/tree.c.o build/full/256s/mve-affine/benchmark/field_common.c.o build/full/256s/mve-affine/benchmark/field_mve.c.o build/full/256s/mve-affine/benchmark/matvec_mve.c.o build/full/256s/mve-affine/benchmark/aes.c.o build/full/256s/mve-affine/benchmark/fips202.c.o build/full/256s/mve-affine/benchmark/rng.c.o build/full/256s/mve-affine/benchmark/platform.c.o build/full/256s/mve-affine/benchmark/system_stm32n6xx_fsbl.c.o build/full/256s/mve-affine/benchmark/stm32n6xx_hal.c.o build/full/256s/mve-affine/benchmark/stm32n6xx_hal_cortex.c.o build/full/256s/mve-affine/benchmark/stm32n6xx_hal_pwr.c.o build/full/256s/mve-affine/benchmark/stm32n6xx_hal_pwr_ex.c.o build/full/256s/mve-affine/benchmark/stm32n6xx_hal_rcc.c.o build/full/256s/mve-affine/benchmark/stm32n6xx_hal_rcc_ex.c.o build/full/256s/mve-affine/benchmark/startup_stm32n657x0hxq_fsbl.s.o -lc -lm -o build/full/256s/mve-affine/benchmark/aimer-m55-256s-mve-affine-benchmark.elf
/Users/seungwon/test/.tools/xpack-arm-none-eabi-gcc-15.2.1-1.1/bin/../lib/gcc/arm-none-eabi/15.2.1/../../../../arm-none-eabi/bin/ld: /Users/seungwon/test/.tools/xpack-arm-none-eabi-gcc-15.2.1-1.1/bin/../lib/gcc/arm-none-eabi/15.2.1/../../../../arm-none-eabi/lib/thumb/v8-m.main+dp/hard/libc.a(libc_a-closer.o): in function `_close_r':
(.text._close_r+0xc): warning: _close is not implemented and will always fail
/Users/seungwon/test/.tools/xpack-arm-none-eabi-gcc-15.2.1-1.1/bin/../lib/gcc/arm-none-eabi/15.2.1/../../../../arm-none-eabi/bin/ld: /Users/seungwon/test/.tools/xpack-arm-none-eabi-gcc-15.2.1-1.1/bin/../lib/gcc/arm-none-eabi/15.2.1/../../../../arm-none-eabi/lib/thumb/v8-m.main+dp/hard/libc.a(libc_a-closer.o): note: the message above does not take linker garbage collection into account
/Users/seungwon/test/.tools/xpack-arm-none-eabi-gcc-15.2.1-1.1/bin/../lib/gcc/arm-none-eabi/15.2.1/../../../../arm-none-eabi/bin/ld: /Users/seungwon/test/.tools/xpack-arm-none-eabi-gcc-15.2.1-1.1/bin/../lib/gcc/arm-none-eabi/15.2.1/../../../../arm-none-eabi/lib/thumb/v8-m.main+dp/hard/libc.a(libc_a-fstatr.o): in function `_fstat_r':
(.text._fstat_r+0xe): warning: _fstat is not implemented and will always fail
/Users/seungwon/test/.tools/xpack-arm-none-eabi-gcc-15.2.1-1.1/bin/../lib/gcc/arm-none-eabi/15.2.1/../../../../arm-none-eabi/bin/ld: /Users/seungwon/test/.tools/xpack-arm-none-eabi-gcc-15.2.1-1.1/bin/../lib/gcc/arm-none-eabi/15.2.1/../../../../arm-none-eabi/lib/thumb/v8-m.main+dp/hard/libc.a(libc_a-fstatr.o): note: the message above does not take linker garbage collection into account
/Users/seungwon/test/.tools/xpack-arm-none-eabi-gcc-15.2.1-1.1/bin/../lib/gcc/arm-none-eabi/15.2.1/../../../../arm-none-eabi/bin/ld: /Users/seungwon/test/.tools/xpack-arm-none-eabi-gcc-15.2.1-1.1/bin/../lib/gcc/arm-none-eabi/15.2.1/../../../../arm-none-eabi/lib/thumb/v8-m.main+dp/hard/libc.a(libc_a-signalr.o): in function `_getpid_r':
(.text._getpid_r+0x0): warning: _getpid is not implemented and will always fail
/Users/seungwon/test/.tools/xpack-arm-none-eabi-gcc-15.2.1-1.1/bin/../lib/gcc/arm-none-eabi/15.2.1/../../../../arm-none-eabi/bin/ld: /Users/seungwon/test/.tools/xpack-arm-none-eabi-gcc-15.2.1-1.1/bin/../lib/gcc/arm-none-eabi/15.2.1/../../../../arm-none-eabi/lib/thumb/v8-m.main+dp/hard/libc.a(libc_a-signalr.o): note: the message above does not take linker garbage collection into account
/Users/seungwon/test/.tools/xpack-arm-none-eabi-gcc-15.2.1-1.1/bin/../lib/gcc/arm-none-eabi/15.2.1/../../../../arm-none-eabi/bin/ld: /Users/seungwon/test/.tools/xpack-arm-none-eabi-gcc-15.2.1-1.1/bin/../lib/gcc/arm-none-eabi/15.2.1/../../../../arm-none-eabi/lib/thumb/v8-m.main+dp/hard/libc.a(libc_a-isattyr.o): in function `_isatty_r':
(.text._isatty_r+0xc): warning: _isatty is not implemented and will always fail
/Users/seungwon/test/.tools/xpack-arm-none-eabi-gcc-15.2.1-1.1/bin/../lib/gcc/arm-none-eabi/15.2.1/../../../../arm-none-eabi/bin/ld: /Users/seungwon/test/.tools/xpack-arm-none-eabi-gcc-15.2.1-1.1/bin/../lib/gcc/arm-none-eabi/15.2.1/../../../../arm-none-eabi/lib/thumb/v8-m.main+dp/hard/libc.a(libc_a-isattyr.o): note: the message above does not take linker garbage collection into account
/Users/seungwon/test/.tools/xpack-arm-none-eabi-gcc-15.2.1-1.1/bin/../lib/gcc/arm-none-eabi/15.2.1/../../../../arm-none-eabi/bin/ld: /Users/seungwon/test/.tools/xpack-arm-none-eabi-gcc-15.2.1-1.1/bin/../lib/gcc/arm-none-eabi/15.2.1/../../../../arm-none-eabi/lib/thumb/v8-m.main+dp/hard/libc.a(libc_a-signalr.o): in function `_kill_r':
(.text._kill_r+0xe): warning: _kill is not implemented and will always fail
/Users/seungwon/test/.tools/xpack-arm-none-eabi-gcc-15.2.1-1.1/bin/../lib/gcc/arm-none-eabi/15.2.1/../../../../arm-none-eabi/bin/ld: /Users/seungwon/test/.tools/xpack-arm-none-eabi-gcc-15.2.1-1.1/bin/../lib/gcc/arm-none-eabi/15.2.1/../../../../arm-none-eabi/lib/thumb/v8-m.main+dp/hard/libc.a(libc_a-signalr.o): note: the message above does not take linker garbage collection into account
/Users/seungwon/test/.tools/xpack-arm-none-eabi-gcc-15.2.1-1.1/bin/../lib/gcc/arm-none-eabi/15.2.1/../../../../arm-none-eabi/bin/ld: /Users/seungwon/test/.tools/xpack-arm-none-eabi-gcc-15.2.1-1.1/bin/../lib/gcc/arm-none-eabi/15.2.1/../../../../arm-none-eabi/lib/thumb/v8-m.main+dp/hard/libc.a(libc_a-lseekr.o): in function `_lseek_r':
(.text._lseek_r+0x10): warning: _lseek is not implemented and will always fail
/Users/seungwon/test/.tools/xpack-arm-none-eabi-gcc-15.2.1-1.1/bin/../lib/gcc/arm-none-eabi/15.2.1/../../../../arm-none-eabi/bin/ld: /Users/seungwon/test/.tools/xpack-arm-none-eabi-gcc-15.2.1-1.1/bin/../lib/gcc/arm-none-eabi/15.2.1/../../../../arm-none-eabi/lib/thumb/v8-m.main+dp/hard/libc.a(libc_a-lseekr.o): note: the message above does not take linker garbage collection into account
Memory region         Used Size  Region Size  %age Used
             ROM:       80272 B       255 KB     30.74%
         BOOTRAM:        256 KB       256 KB    100.00%
         HEAPRAM:          4 KB      1792 KB      0.22%
/Users/seungwon/test/.tools/xpack-arm-none-eabi-gcc-15.2.1-1.1/bin/arm-none-eabi-size build/full/256s/mve-affine/benchmark/aimer-m55-256s-mve-affine-benchmark.elf
   text	   data	    bss	    dec	    hex	filename
  78072	   2192	 156552	 236816	  39d10	build/full/256s/mve-affine/benchmark/aimer-m55-256s-mve-affine-benchmark.elf
/Users/Shared/cortexctl run m55 -- /Users/seungwon/test/.tools/xpack-openocd-0.12.0-7/bin/openocd \
		-s /Users/seungwon/test/.tools/xpack-openocd-0.12.0-7/openocd/scripts -s /Users/seungwon/test/.tools/openocd-scripts \
		-f platform/nucleo-n657x0-q/openocd.cfg \
		-c init -c 'reset halt' \
		-c 'load_image /Users/seungwon/AIMer3_on_AVX512/m55/build/full/256s/mve-affine/benchmark/aimer-m55-256s-mve-affine-benchmark.elf' \
		-c 'verify_image /Users/seungwon/AIMer3_on_AVX512/m55/build/full/256s/mve-affine/benchmark/aimer-m55-256s-mve-affine-benchmark.elf' \
		-c 'set vector_msp [mrw 0x34180400]' \
		-c 'set vector_reset [mrw 0x34180404]' \
		-c 'arm semihosting enable' \
		-c 'arm semihosting_resexit enable' \
		-c 'reg msp $vector_msp' -c 'resume $vector_reset'
xPack Open On-Chip Debugger 0.12.0+dev-02228-ge5888bda3-dirty (2025-10-04-22:45)
Licensed under GNU GPL v2
For bug reports, read
	http://openocd.org/doc/doxygen/bugs.html
adapter speed: 1000 kHz
Info : STLINK V3J15M6 (API v3) VID:PID 0483:3754
Info : Target voltage: 3.283034
Info : clock speed 1000 kHz
Info : SWD DPIDR 0x6ba02477
Info : [stm32n6x.ap0] Examination succeed
Info : [stm32n6x.cpu] Cortex-M55 r1p1 processor detected
Info : [stm32n6x.cpu] target has 8 breakpoints, 8 watchpoints
stm32n6x.cpu in Secure state
Info : [stm32n6x.cpu] Examination succeed
Info : [stm32n6x.ap0] gdb port disabled
Info : [stm32n6x.cpu] starting gdb server on 3333
Info : Listening on port 3333 for gdb connections
[stm32n6x.cpu] halted due to debug-request, current mode: Thread 
xPSR: 0x81000000 pc: 0x18003a1a msp: 0x341037a0
79104 bytes written at address 0x34180000
2192 bytes written at address 0x34193500
downloaded 81296 bytes in 0.597405s (132.892 KiB/s)
verified 81296 bytes in 0.648173s (122.484 KiB/s)
0x34200000
0x3418b451
semihosting is enabled
semihosting resumable exit is enabled
msp (/32): 0x34200000
Info : Listening on port 6666 for tcl connections
Info : Listening on port 4444 for telnet connections
AIMer v3 on NUCLEO-N657X0-Q
Cortex-M55 @ 600000000 Hz, MVE=2, I/D-cache=on
BENCH_CONFIG,param=256s,config=mve_affine,backend=mve,matvec=mve,cpu_hz=600000000,long_timer_hz=600000000,kernel_samples=31,e2e_samples=50,kernel_inner=64,warmup=10
BENCH_TIMER_CHECK,param=256s,config=mve_affine,backend=mve,matvec=mve,pmu_cycles=147659,timer_cycles=147945,error_ppm=1936
BENCH_SAMPLE,param=256s,config=mve_affine,backend=mve,matvec=mve,operation=gf_mul,clock=pmu,sample=0,inner=64,items=1,raw_cycles=147174
BENCH_SAMPLE,param=256s,config=mve_affine,backend=mve,matvec=mve,operation=gf_mul,clock=pmu,sample=1,inner=64,items=1,raw_cycles=147001
BENCH_SAMPLE,param=256s,config=mve_affine,backend=mve,matvec=mve,operation=gf_mul,clock=pmu,sample=2,inner=64,items=1,raw_cycles=146946
BENCH_SAMPLE,param=256s,config=mve_affine,backend=mve,matvec=mve,operation=gf_mul,clock=pmu,sample=3,inner=64,items=1,raw_cycles=146945
BENCH_SAMPLE,param=256s,config=mve_affine,backend=mve,matvec=mve,operation=gf_mul,clock=pmu,sample=4,inner=64,items=1,raw_cycles=146944
BENCH_SAMPLE,param=256s,config=mve_affine,backend=mve,matvec=mve,operation=gf_mul,clock=pmu,sample=5,inner=64,items=1,raw_cycles=146944
BENCH_SAMPLE,param=256s,config=mve_affine,backend=mve,matvec=mve,operation=gf_mul,clock=pmu,sample=6,inner=64,items=1,raw_cycles=146944
BENCH_SAMPLE,param=256s,config=mve_affine,backend=mve,matvec=mve,operation=gf_mul,clock=pmu,sample=7,inner=64,items=1,raw_cycles=146945
BENCH_SAMPLE,param=256s,config=mve_affine,backend=mve,matvec=mve,operation=gf_mul,clock=pmu,sample=8,inner=64,items=1,raw_cycles=146945
BENCH_SAMPLE,param=256s,config=mve_affine,backend=mve,matvec=mve,operation=gf_mul,clock=pmu,sample=9,inner=64,items=1,raw_cycles=146945
BENCH_SAMPLE,param=256s,config=mve_affine,backend=mve,matvec=mve,operation=gf_mul,clock=pmu,sample=10,inner=64,items=1,raw_cycles=146944
BENCH_SAMPLE,param=256s,config=mve_affine,backend=mve,matvec=mve,operation=gf_mul,clock=pmu,sample=11,inner=64,items=1,raw_cycles=146944
BENCH_SAMPLE,param=256s,config=mve_affine,backend=mve,matvec=mve,operation=gf_mul,clock=pmu,sample=12,inner=64,items=1,raw_cycles=146944
BENCH_SAMPLE,param=256s,config=mve_affine,backend=mve,matvec=mve,operation=gf_mul,clock=pmu,sample=13,inner=64,items=1,raw_cycles=146945
BENCH_SAMPLE,param=256s,config=mve_affine,backend=mve,matvec=mve,operation=gf_mul,clock=pmu,sample=14,inner=64,items=1,raw_cycles=146945
BENCH_SAMPLE,param=256s,config=mve_affine,backend=mve,matvec=mve,operation=gf_mul,clock=pmu,sample=15,inner=64,items=1,raw_cycles=146945
BENCH_SAMPLE,param=256s,config=mve_affine,backend=mve,matvec=mve,operation=gf_mul,clock=pmu,sample=16,inner=64,items=1,raw_cycles=146944
BENCH_SAMPLE,param=256s,config=mve_affine,backend=mve,matvec=mve,operation=gf_mul,clock=pmu,sample=17,inner=64,items=1,raw_cycles=146945
BENCH_SAMPLE,param=256s,config=mve_affine,backend=mve,matvec=mve,operation=gf_mul,clock=pmu,sample=18,inner=64,items=1,raw_cycles=146944
BENCH_SAMPLE,param=256s,config=mve_affine,backend=mve,matvec=mve,operation=gf_mul,clock=pmu,sample=19,inner=64,items=1,raw_cycles=146946
BENCH_SAMPLE,param=256s,config=mve_affine,backend=mve,matvec=mve,operation=gf_mul,clock=pmu,sample=20,inner=64,items=1,raw_cycles=146943
BENCH_SAMPLE,param=256s,config=mve_affine,backend=mve,matvec=mve,operation=gf_mul,clock=pmu,sample=21,inner=64,items=1,raw_cycles=146944
BENCH_SAMPLE,param=256s,config=mve_affine,backend=mve,matvec=mve,operation=gf_mul,clock=pmu,sample=22,inner=64,items=1,raw_cycles=146944
BENCH_SAMPLE,param=256s,config=mve_affine,backend=mve,matvec=mve,operation=gf_mul,clock=pmu,sample=23,inner=64,items=1,raw_cycles=146945
BENCH_SAMPLE,param=256s,config=mve_affine,backend=mve,matvec=mve,operation=gf_mul,clock=pmu,sample=24,inner=64,items=1,raw_cycles=146945
BENCH_SAMPLE,param=256s,config=mve_affine,backend=mve,matvec=mve,operation=gf_mul,clock=pmu,sample=25,inner=64,items=1,raw_cycles=146945
BENCH_SAMPLE,param=256s,config=mve_affine,backend=mve,matvec=mve,operation=gf_mul,clock=pmu,sample=26,inner=64,items=1,raw_cycles=146944
BENCH_SAMPLE,param=256s,config=mve_affine,backend=mve,matvec=mve,operation=gf_mul,clock=pmu,sample=27,inner=64,items=1,raw_cycles=146944
BENCH_SAMPLE,param=256s,config=mve_affine,backend=mve,matvec=mve,operation=gf_mul,clock=pmu,sample=28,inner=64,items=1,raw_cycles=146944
BENCH_SAMPLE,param=256s,config=mve_affine,backend=mve,matvec=mve,operation=gf_mul,clock=pmu,sample=29,inner=64,items=1,raw_cycles=146945
BENCH_SAMPLE,param=256s,config=mve_affine,backend=mve,matvec=mve,operation=gf_mul,clock=pmu,sample=30,inner=64,items=1,raw_cycles=146945
BENCH_RESULT,param=256s,config=mve_affine,backend=mve,matvec=mve,operation=gf_mul,clock=pmu,samples=31,inner=64,items=1,min=2295.98,median=2296.02,mean=2296.15,stddev=0.65,max=2299.59,cycles_per_item_mean=2296.15
BENCH_SAMPLE,param=256s,config=mve_affine,backend=mve,matvec=mve,operation=gf_sqr,clock=pmu,sample=0,inner=64,items=1,raw_cycles=38092
BENCH_SAMPLE,param=256s,config=mve_affine,backend=mve,matvec=mve,operation=gf_sqr,clock=pmu,sample=1,inner=64,items=1,raw_cycles=36483
BENCH_SAMPLE,param=256s,config=mve_affine,backend=mve,matvec=mve,operation=gf_sqr,clock=pmu,sample=2,inner=64,items=1,raw_cycles=36483
BENCH_SAMPLE,param=256s,config=mve_affine,backend=mve,matvec=mve,operation=gf_sqr,clock=pmu,sample=3,inner=64,items=1,raw_cycles=36483
BENCH_SAMPLE,param=256s,config=mve_affine,backend=mve,matvec=mve,operation=gf_sqr,clock=pmu,sample=4,inner=64,items=1,raw_cycles=36483
BENCH_SAMPLE,param=256s,config=mve_affine,backend=mve,matvec=mve,operation=gf_sqr,clock=pmu,sample=5,inner=64,items=1,raw_cycles=36483
BENCH_SAMPLE,param=256s,config=mve_affine,backend=mve,matvec=mve,operation=gf_sqr,clock=pmu,sample=6,inner=64,items=1,raw_cycles=36483
BENCH_SAMPLE,param=256s,config=mve_affine,backend=mve,matvec=mve,operation=gf_sqr,clock=pmu,sample=7,inner=64,items=1,raw_cycles=36483
BENCH_SAMPLE,param=256s,config=mve_affine,backend=mve,matvec=mve,operation=gf_sqr,clock=pmu,sample=8,inner=64,items=1,raw_cycles=36483
BENCH_SAMPLE,param=256s,config=mve_affine,backend=mve,matvec=mve,operation=gf_sqr,clock=pmu,sample=9,inner=64,items=1,raw_cycles=36483
BENCH_SAMPLE,param=256s,config=mve_affine,backend=mve,matvec=mve,operation=gf_sqr,clock=pmu,sample=10,inner=64,items=1,raw_cycles=36483
BENCH_SAMPLE,param=256s,config=mve_affine,backend=mve,matvec=mve,operation=gf_sqr,clock=pmu,sample=11,inner=64,items=1,raw_cycles=36483
BENCH_SAMPLE,param=256s,config=mve_affine,backend=mve,matvec=mve,operation=gf_sqr,clock=pmu,sample=12,inner=64,items=1,raw_cycles=36483
BENCH_SAMPLE,param=256s,config=mve_affine,backend=mve,matvec=mve,operation=gf_sqr,clock=pmu,sample=13,inner=64,items=1,raw_cycles=36483
BENCH_SAMPLE,param=256s,config=mve_affine,backend=mve,matvec=mve,operation=gf_sqr,clock=pmu,sample=14,inner=64,items=1,raw_cycles=36483
BENCH_SAMPLE,param=256s,config=mve_affine,backend=mve,matvec=mve,operation=gf_sqr,clock=pmu,sample=15,inner=64,items=1,raw_cycles=36483
BENCH_SAMPLE,param=256s,config=mve_affine,backend=mve,matvec=mve,operation=gf_sqr,clock=pmu,sample=16,inner=64,items=1,raw_cycles=36483
BENCH_SAMPLE,param=256s,config=mve_affine,backend=mve,matvec=mve,operation=gf_sqr,clock=pmu,sample=17,inner=64,items=1,raw_cycles=36483
BENCH_SAMPLE,param=256s,config=mve_affine,backend=mve,matvec=mve,operation=gf_sqr,clock=pmu,sample=18,inner=64,items=1,raw_cycles=36483
BENCH_SAMPLE,param=256s,config=mve_affine,backend=mve,matvec=mve,operation=gf_sqr,clock=pmu,sample=19,inner=64,items=1,raw_cycles=36483
BENCH_SAMPLE,param=256s,config=mve_affine,backend=mve,matvec=mve,operation=gf_sqr,clock=pmu,sample=20,inner=64,items=1,raw_cycles=36483
BENCH_SAMPLE,param=256s,config=mve_affine,backend=mve,matvec=mve,operation=gf_sqr,clock=pmu,sample=21,inner=64,items=1,raw_cycles=36483
BENCH_SAMPLE,param=256s,config=mve_affine,backend=mve,matvec=mve,operation=gf_sqr,clock=pmu,sample=22,inner=64,items=1,raw_cycles=36483
BENCH_SAMPLE,param=256s,config=mve_affine,backend=mve,matvec=mve,operation=gf_sqr,clock=pmu,sample=23,inner=64,items=1,raw_cycles=36483
BENCH_SAMPLE,param=256s,config=mve_affine,backend=mve,matvec=mve,operation=gf_sqr,clock=pmu,sample=24,inner=64,items=1,raw_cycles=36483
BENCH_SAMPLE,param=256s,config=mve_affine,backend=mve,matvec=mve,operation=gf_sqr,clock=pmu,sample=25,inner=64,items=1,raw_cycles=36483
BENCH_SAMPLE,param=256s,config=mve_affine,backend=mve,matvec=mve,operation=gf_sqr,clock=pmu,sample=26,inner=64,items=1,raw_cycles=36483
BENCH_SAMPLE,param=256s,config=mve_affine,backend=mve,matvec=mve,operation=gf_sqr,clock=pmu,sample=27,inner=64,items=1,raw_cycles=36483
BENCH_SAMPLE,param=256s,config=mve_affine,backend=mve,matvec=mve,operation=gf_sqr,clock=pmu,sample=28,inner=64,items=1,raw_cycles=36483
BENCH_SAMPLE,param=256s,config=mve_affine,backend=mve,matvec=mve,operation=gf_sqr,clock=pmu,sample=29,inner=64,items=1,raw_cycles=36483
BENCH_SAMPLE,param=256s,config=mve_affine,backend=mve,matvec=mve,operation=gf_sqr,clock=pmu,sample=30,inner=64,items=1,raw_cycles=36483
BENCH_RESULT,param=256s,config=mve_affine,backend=mve,matvec=mve,operation=gf_sqr,clock=pmu,samples=31,inner=64,items=1,min=570.05,median=570.05,mean=570.86,stddev=4.44,max=595.19,cycles_per_item_mean=570.86
BENCH_SAMPLE,param=256s,config=mve_affine,backend=mve,matvec=mve,operation=gf_sqr_batch4,clock=pmu,sample=0,inner=64,items=4,raw_cycles=97609
BENCH_SAMPLE,param=256s,config=mve_affine,backend=mve,matvec=mve,operation=gf_sqr_batch4,clock=pmu,sample=1,inner=64,items=4,raw_cycles=95850
BENCH_SAMPLE,param=256s,config=mve_affine,backend=mve,matvec=mve,operation=gf_sqr_batch4,clock=pmu,sample=2,inner=64,items=4,raw_cycles=95850
BENCH_SAMPLE,param=256s,config=mve_affine,backend=mve,matvec=mve,operation=gf_sqr_batch4,clock=pmu,sample=3,inner=64,items=4,raw_cycles=95848
BENCH_SAMPLE,param=256s,config=mve_affine,backend=mve,matvec=mve,operation=gf_sqr_batch4,clock=pmu,sample=4,inner=64,items=4,raw_cycles=95850
BENCH_SAMPLE,param=256s,config=mve_affine,backend=mve,matvec=mve,operation=gf_sqr_batch4,clock=pmu,sample=5,inner=64,items=4,raw_cycles=95849
BENCH_SAMPLE,param=256s,config=mve_affine,backend=mve,matvec=mve,operation=gf_sqr_batch4,clock=pmu,sample=6,inner=64,items=4,raw_cycles=95850
BENCH_SAMPLE,param=256s,config=mve_affine,backend=mve,matvec=mve,operation=gf_sqr_batch4,clock=pmu,sample=7,inner=64,items=4,raw_cycles=95850
BENCH_SAMPLE,param=256s,config=mve_affine,backend=mve,matvec=mve,operation=gf_sqr_batch4,clock=pmu,sample=8,inner=64,items=4,raw_cycles=95851
BENCH_SAMPLE,param=256s,config=mve_affine,backend=mve,matvec=mve,operation=gf_sqr_batch4,clock=pmu,sample=9,inner=64,items=4,raw_cycles=95848
BENCH_SAMPLE,param=256s,config=mve_affine,backend=mve,matvec=mve,operation=gf_sqr_batch4,clock=pmu,sample=10,inner=64,items=4,raw_cycles=95851
BENCH_SAMPLE,param=256s,config=mve_affine,backend=mve,matvec=mve,operation=gf_sqr_batch4,clock=pmu,sample=11,inner=64,items=4,raw_cycles=95848
BENCH_SAMPLE,param=256s,config=mve_affine,backend=mve,matvec=mve,operation=gf_sqr_batch4,clock=pmu,sample=12,inner=64,items=4,raw_cycles=95850
BENCH_SAMPLE,param=256s,config=mve_affine,backend=mve,matvec=mve,operation=gf_sqr_batch4,clock=pmu,sample=13,inner=64,items=4,raw_cycles=95850
BENCH_SAMPLE,param=256s,config=mve_affine,backend=mve,matvec=mve,operation=gf_sqr_batch4,clock=pmu,sample=14,inner=64,items=4,raw_cycles=95851
BENCH_SAMPLE,param=256s,config=mve_affine,backend=mve,matvec=mve,operation=gf_sqr_batch4,clock=pmu,sample=15,inner=64,items=4,raw_cycles=95848
BENCH_SAMPLE,param=256s,config=mve_affine,backend=mve,matvec=mve,operation=gf_sqr_batch4,clock=pmu,sample=16,inner=64,items=4,raw_cycles=95851
BENCH_SAMPLE,param=256s,config=mve_affine,backend=mve,matvec=mve,operation=gf_sqr_batch4,clock=pmu,sample=17,inner=64,items=4,raw_cycles=95848
BENCH_SAMPLE,param=256s,config=mve_affine,backend=mve,matvec=mve,operation=gf_sqr_batch4,clock=pmu,sample=18,inner=64,items=4,raw_cycles=95850
BENCH_SAMPLE,param=256s,config=mve_affine,backend=mve,matvec=mve,operation=gf_sqr_batch4,clock=pmu,sample=19,inner=64,items=4,raw_cycles=95849
BENCH_SAMPLE,param=256s,config=mve_affine,backend=mve,matvec=mve,operation=gf_sqr_batch4,clock=pmu,sample=20,inner=64,items=4,raw_cycles=95850
BENCH_SAMPLE,param=256s,config=mve_affine,backend=mve,matvec=mve,operation=gf_sqr_batch4,clock=pmu,sample=21,inner=64,items=4,raw_cycles=95850
BENCH_SAMPLE,param=256s,config=mve_affine,backend=mve,matvec=mve,operation=gf_sqr_batch4,clock=pmu,sample=22,inner=64,items=4,raw_cycles=95850
BENCH_SAMPLE,param=256s,config=mve_affine,backend=mve,matvec=mve,operation=gf_sqr_batch4,clock=pmu,sample=23,inner=64,items=4,raw_cycles=95848
BENCH_SAMPLE,param=256s,config=mve_affine,backend=mve,matvec=mve,operation=gf_sqr_batch4,clock=pmu,sample=24,inner=64,items=4,raw_cycles=95850
BENCH_SAMPLE,param=256s,config=mve_affine,backend=mve,matvec=mve,operation=gf_sqr_batch4,clock=pmu,sample=25,inner=64,items=4,raw_cycles=95849
BENCH_SAMPLE,param=256s,config=mve_affine,backend=mve,matvec=mve,operation=gf_sqr_batch4,clock=pmu,sample=26,inner=64,items=4,raw_cycles=95850
BENCH_SAMPLE,param=256s,config=mve_affine,backend=mve,matvec=mve,operation=gf_sqr_batch4,clock=pmu,sample=27,inner=64,items=4,raw_cycles=95850
BENCH_SAMPLE,param=256s,config=mve_affine,backend=mve,matvec=mve,operation=gf_sqr_batch4,clock=pmu,sample=28,inner=64,items=4,raw_cycles=95851
BENCH_SAMPLE,param=256s,config=mve_affine,backend=mve,matvec=mve,operation=gf_sqr_batch4,clock=pmu,sample=29,inner=64,items=4,raw_cycles=95848
BENCH_SAMPLE,param=256s,config=mve_affine,backend=mve,matvec=mve,operation=gf_sqr_batch4,clock=pmu,sample=30,inner=64,items=4,raw_cycles=95851
BENCH_RESULT,param=256s,config=mve_affine,backend=mve,matvec=mve,operation=gf_sqr_batch4,clock=pmu,samples=31,inner=64,items=4,min=1497.62,median=1497.66,mean=1498.54,stddev=4.86,max=1525.14,cycles_per_item_mean=374.63
BENCH_SAMPLE,param=256s,config=mve_affine,backend=mve,matvec=mve,operation=gf_mul_const_batch4,clock=pmu,sample=0,inner=64,items=4,raw_cycles=2392798
BENCH_SAMPLE,param=256s,config=mve_affine,backend=mve,matvec=mve,operation=gf_mul_const_batch4,clock=pmu,sample=1,inner=64,items=4,raw_cycles=2391301
BENCH_SAMPLE,param=256s,config=mve_affine,backend=mve,matvec=mve,operation=gf_mul_const_batch4,clock=pmu,sample=2,inner=64,items=4,raw_cycles=2391411
BENCH_SAMPLE,param=256s,config=mve_affine,backend=mve,matvec=mve,operation=gf_mul_const_batch4,clock=pmu,sample=3,inner=64,items=4,raw_cycles=2391301
BENCH_SAMPLE,param=256s,config=mve_affine,backend=mve,matvec=mve,operation=gf_mul_const_batch4,clock=pmu,sample=4,inner=64,items=4,raw_cycles=2391301
BENCH_SAMPLE,param=256s,config=mve_affine,backend=mve,matvec=mve,operation=gf_mul_const_batch4,clock=pmu,sample=5,inner=64,items=4,raw_cycles=2391301
BENCH_SAMPLE,param=256s,config=mve_affine,backend=mve,matvec=mve,operation=gf_mul_const_batch4,clock=pmu,sample=6,inner=64,items=4,raw_cycles=2391301
BENCH_SAMPLE,param=256s,config=mve_affine,backend=mve,matvec=mve,operation=gf_mul_const_batch4,clock=pmu,sample=7,inner=64,items=4,raw_cycles=2391302
BENCH_SAMPLE,param=256s,config=mve_affine,backend=mve,matvec=mve,operation=gf_mul_const_batch4,clock=pmu,sample=8,inner=64,items=4,raw_cycles=2391301
BENCH_SAMPLE,param=256s,config=mve_affine,backend=mve,matvec=mve,operation=gf_mul_const_batch4,clock=pmu,sample=9,inner=64,items=4,raw_cycles=2391339
BENCH_SAMPLE,param=256s,config=mve_affine,backend=mve,matvec=mve,operation=gf_mul_const_batch4,clock=pmu,sample=10,inner=64,items=4,raw_cycles=2391301
BENCH_SAMPLE,param=256s,config=mve_affine,backend=mve,matvec=mve,operation=gf_mul_const_batch4,clock=pmu,sample=11,inner=64,items=4,raw_cycles=2391301
BENCH_SAMPLE,param=256s,config=mve_affine,backend=mve,matvec=mve,operation=gf_mul_const_batch4,clock=pmu,sample=12,inner=64,items=4,raw_cycles=2391301
BENCH_SAMPLE,param=256s,config=mve_affine,backend=mve,matvec=mve,operation=gf_mul_const_batch4,clock=pmu,sample=13,inner=64,items=4,raw_cycles=2391301
BENCH_SAMPLE,param=256s,config=mve_affine,backend=mve,matvec=mve,operation=gf_mul_const_batch4,clock=pmu,sample=14,inner=64,items=4,raw_cycles=2391301
BENCH_SAMPLE,param=256s,config=mve_affine,backend=mve,matvec=mve,operation=gf_mul_const_batch4,clock=pmu,sample=15,inner=64,items=4,raw_cycles=2391301
BENCH_SAMPLE,param=256s,config=mve_affine,backend=mve,matvec=mve,operation=gf_mul_const_batch4,clock=pmu,sample=16,inner=64,items=4,raw_cycles=2391341
BENCH_SAMPLE,param=256s,config=mve_affine,backend=mve,matvec=mve,operation=gf_mul_const_batch4,clock=pmu,sample=17,inner=64,items=4,raw_cycles=2391301
BENCH_SAMPLE,param=256s,config=mve_affine,backend=mve,matvec=mve,operation=gf_mul_const_batch4,clock=pmu,sample=18,inner=64,items=4,raw_cycles=2391301
BENCH_SAMPLE,param=256s,config=mve_affine,backend=mve,matvec=mve,operation=gf_mul_const_batch4,clock=pmu,sample=19,inner=64,items=4,raw_cycles=2391301
BENCH_SAMPLE,param=256s,config=mve_affine,backend=mve,matvec=mve,operation=gf_mul_const_batch4,clock=pmu,sample=20,inner=64,items=4,raw_cycles=2391301
BENCH_SAMPLE,param=256s,config=mve_affine,backend=mve,matvec=mve,operation=gf_mul_const_batch4,clock=pmu,sample=21,inner=64,items=4,raw_cycles=2391301
BENCH_SAMPLE,param=256s,config=mve_affine,backend=mve,matvec=mve,operation=gf_mul_const_batch4,clock=pmu,sample=22,inner=64,items=4,raw_cycles=2391301
BENCH_SAMPLE,param=256s,config=mve_affine,backend=mve,matvec=mve,operation=gf_mul_const_batch4,clock=pmu,sample=23,inner=64,items=4,raw_cycles=2391340
BENCH_SAMPLE,param=256s,config=mve_affine,backend=mve,matvec=mve,operation=gf_mul_const_batch4,clock=pmu,sample=24,inner=64,items=4,raw_cycles=2391301
BENCH_SAMPLE,param=256s,config=mve_affine,backend=mve,matvec=mve,operation=gf_mul_const_batch4,clock=pmu,sample=25,inner=64,items=4,raw_cycles=2391301
BENCH_SAMPLE,param=256s,config=mve_affine,backend=mve,matvec=mve,operation=gf_mul_const_batch4,clock=pmu,sample=26,inner=64,items=4,raw_cycles=2391301
BENCH_SAMPLE,param=256s,config=mve_affine,backend=mve,matvec=mve,operation=gf_mul_const_batch4,clock=pmu,sample=27,inner=64,items=4,raw_cycles=2391301
BENCH_SAMPLE,param=256s,config=mve_affine,backend=mve,matvec=mve,operation=gf_mul_const_batch4,clock=pmu,sample=28,inner=64,items=4,raw_cycles=2391301
BENCH_SAMPLE,param=256s,config=mve_affine,backend=mve,matvec=mve,operation=gf_mul_const_batch4,clock=pmu,sample=29,inner=64,items=4,raw_cycles=2391301
BENCH_SAMPLE,param=256s,config=mve_affine,backend=mve,matvec=mve,operation=gf_mul_const_batch4,clock=pmu,sample=30,inner=64,items=4,raw_cycles=2391337
BENCH_RESULT,param=256s,config=mve_affine,backend=mve,matvec=mve,operation=gf_mul_const_batch4,clock=pmu,samples=31,inner=64,items=4,min=37364.08,median=37364.08,mean=37364.97,stddev=4.12,max=37387.47,cycles_per_item_mean=9341.24
BENCH_SAMPLE,param=256s,config=mve_affine,backend=mve,matvec=mve,operation=keypair,clock=systick-extended,sample=0,inner=1,items=1,raw_cycles=24070006
BENCH_SAMPLE,param=256s,config=mve_affine,backend=mve,matvec=mve,operation=keypair,clock=systick-extended,sample=1,inner=1,items=1,raw_cycles=24062365
BENCH_SAMPLE,param=256s,config=mve_affine,backend=mve,matvec=mve,operation=keypair,clock=systick-extended,sample=2,inner=1,items=1,raw_cycles=24078088
BENCH_SAMPLE,param=256s,config=mve_affine,backend=mve,matvec=mve,operation=keypair,clock=systick-extended,sample=3,inner=1,items=1,raw_cycles=24057398
BENCH_SAMPLE,param=256s,config=mve_affine,backend=mve,matvec=mve,operation=keypair,clock=systick-extended,sample=4,inner=1,items=1,raw_cycles=24054783
BENCH_SAMPLE,param=256s,config=mve_affine,backend=mve,matvec=mve,operation=keypair,clock=systick-extended,sample=5,inner=1,items=1,raw_cycles=24063377
BENCH_SAMPLE,param=256s,config=mve_affine,backend=mve,matvec=mve,operation=keypair,clock=systick-extended,sample=6,inner=1,items=1,raw_cycles=24052670
BENCH_SAMPLE,param=256s,config=mve_affine,backend=mve,matvec=mve,operation=keypair,clock=systick-extended,sample=7,inner=1,items=1,raw_cycles=24066632
BENCH_SAMPLE,param=256s,config=mve_affine,backend=mve,matvec=mve,operation=keypair,clock=systick-extended,sample=8,inner=1,items=1,raw_cycles=24081938
BENCH_SAMPLE,param=256s,config=mve_affine,backend=mve,matvec=mve,operation=keypair,clock=systick-extended,sample=9,inner=1,items=1,raw_cycles=24079939
BENCH_SAMPLE,param=256s,config=mve_affine,backend=mve,matvec=mve,operation=keypair,clock=systick-extended,sample=10,inner=1,items=1,raw_cycles=24062405
BENCH_SAMPLE,param=256s,config=mve_affine,backend=mve,matvec=mve,operation=keypair,clock=systick-extended,sample=11,inner=1,items=1,raw_cycles=24059213
BENCH_SAMPLE,param=256s,config=mve_affine,backend=mve,matvec=mve,operation=keypair,clock=systick-extended,sample=12,inner=1,items=1,raw_cycles=24053750
BENCH_SAMPLE,param=256s,config=mve_affine,backend=mve,matvec=mve,operation=keypair,clock=systick-extended,sample=13,inner=1,items=1,raw_cycles=24054331
BENCH_SAMPLE,param=256s,config=mve_affine,backend=mve,matvec=mve,operation=keypair,clock=systick-extended,sample=14,inner=1,items=1,raw_cycles=24059962
BENCH_SAMPLE,param=256s,config=mve_affine,backend=mve,matvec=mve,operation=keypair,clock=systick-extended,sample=15,inner=1,items=1,raw_cycles=24053677
BENCH_SAMPLE,param=256s,config=mve_affine,backend=mve,matvec=mve,operation=keypair,clock=systick-extended,sample=16,inner=1,items=1,raw_cycles=24049951
BENCH_SAMPLE,param=256s,config=mve_affine,backend=mve,matvec=mve,operation=keypair,clock=systick-extended,sample=17,inner=1,items=1,raw_cycles=24065998
BENCH_SAMPLE,param=256s,config=mve_affine,backend=mve,matvec=mve,operation=keypair,clock=systick-extended,sample=18,inner=1,items=1,raw_cycles=24055063
BENCH_SAMPLE,param=256s,config=mve_affine,backend=mve,matvec=mve,operation=keypair,clock=systick-extended,sample=19,inner=1,items=1,raw_cycles=24079669
BENCH_SAMPLE,param=256s,config=mve_affine,backend=mve,matvec=mve,operation=keypair,clock=systick-extended,sample=20,inner=1,items=1,raw_cycles=24092929
BENCH_SAMPLE,param=256s,config=mve_affine,backend=mve,matvec=mve,operation=keypair,clock=systick-extended,sample=21,inner=1,items=1,raw_cycles=24068176
BENCH_SAMPLE,param=256s,config=mve_affine,backend=mve,matvec=mve,operation=keypair,clock=systick-extended,sample=22,inner=1,items=1,raw_cycles=24087199
BENCH_SAMPLE,param=256s,config=mve_affine,backend=mve,matvec=mve,operation=keypair,clock=systick-extended,sample=23,inner=1,items=1,raw_cycles=24076999
BENCH_SAMPLE,param=256s,config=mve_affine,backend=mve,matvec=mve,operation=keypair,clock=systick-extended,sample=24,inner=1,items=1,raw_cycles=24064474
BENCH_SAMPLE,param=256s,config=mve_affine,backend=mve,matvec=mve,operation=keypair,clock=systick-extended,sample=25,inner=1,items=1,raw_cycles=24055666
BENCH_SAMPLE,param=256s,config=mve_affine,backend=mve,matvec=mve,operation=keypair,clock=systick-extended,sample=26,inner=1,items=1,raw_cycles=24079673
BENCH_SAMPLE,param=256s,config=mve_affine,backend=mve,matvec=mve,operation=keypair,clock=systick-extended,sample=27,inner=1,items=1,raw_cycles=24071446
BENCH_SAMPLE,param=256s,config=mve_affine,backend=mve,matvec=mve,operation=keypair,clock=systick-extended,sample=28,inner=1,items=1,raw_cycles=24079732
BENCH_SAMPLE,param=256s,config=mve_affine,backend=mve,matvec=mve,operation=keypair,clock=systick-extended,sample=29,inner=1,items=1,raw_cycles=24050034
BENCH_SAMPLE,param=256s,config=mve_affine,backend=mve,matvec=mve,operation=keypair,clock=systick-extended,sample=30,inner=1,items=1,raw_cycles=24049763
BENCH_SAMPLE,param=256s,config=mve_affine,backend=mve,matvec=mve,operation=keypair,clock=systick-extended,sample=31,inner=1,items=1,raw_cycles=24065043
BENCH_SAMPLE,param=256s,config=mve_affine,backend=mve,matvec=mve,operation=keypair,clock=systick-extended,sample=32,inner=1,items=1,raw_cycles=24067033
BENCH_SAMPLE,param=256s,config=mve_affine,backend=mve,matvec=mve,operation=keypair,clock=systick-extended,sample=33,inner=1,items=1,raw_cycles=24052672
BENCH_SAMPLE,param=256s,config=mve_affine,backend=mve,matvec=mve,operation=keypair,clock=systick-extended,sample=34,inner=1,items=1,raw_cycles=24084806
BENCH_SAMPLE,param=256s,config=mve_affine,backend=mve,matvec=mve,operation=keypair,clock=systick-extended,sample=35,inner=1,items=1,raw_cycles=24071407
BENCH_SAMPLE,param=256s,config=mve_affine,backend=mve,matvec=mve,operation=keypair,clock=systick-extended,sample=36,inner=1,items=1,raw_cycles=24063268
BENCH_SAMPLE,param=256s,config=mve_affine,backend=mve,matvec=mve,operation=keypair,clock=systick-extended,sample=37,inner=1,items=1,raw_cycles=24069090
BENCH_SAMPLE,param=256s,config=mve_affine,backend=mve,matvec=mve,operation=keypair,clock=systick-extended,sample=38,inner=1,items=1,raw_cycles=24064307
BENCH_SAMPLE,param=256s,config=mve_affine,backend=mve,matvec=mve,operation=keypair,clock=systick-extended,sample=39,inner=1,items=1,raw_cycles=24067333
BENCH_SAMPLE,param=256s,config=mve_affine,backend=mve,matvec=mve,operation=keypair,clock=systick-extended,sample=40,inner=1,items=1,raw_cycles=24072619
BENCH_SAMPLE,param=256s,config=mve_affine,backend=mve,matvec=mve,operation=keypair,clock=systick-extended,sample=41,inner=1,items=1,raw_cycles=24060910
BENCH_SAMPLE,param=256s,config=mve_affine,backend=mve,matvec=mve,operation=keypair,clock=systick-extended,sample=42,inner=1,items=1,raw_cycles=24063865
BENCH_SAMPLE,param=256s,config=mve_affine,backend=mve,matvec=mve,operation=keypair,clock=systick-extended,sample=43,inner=1,items=1,raw_cycles=24053689
BENCH_SAMPLE,param=256s,config=mve_affine,backend=mve,matvec=mve,operation=keypair,clock=systick-extended,sample=44,inner=1,items=1,raw_cycles=24064057
BENCH_SAMPLE,param=256s,config=mve_affine,backend=mve,matvec=mve,operation=keypair,clock=systick-extended,sample=45,inner=1,items=1,raw_cycles=24075679
BENCH_SAMPLE,param=256s,config=mve_affine,backend=mve,matvec=mve,operation=keypair,clock=systick-extended,sample=46,inner=1,items=1,raw_cycles=24050089
BENCH_SAMPLE,param=256s,config=mve_affine,backend=mve,matvec=mve,operation=keypair,clock=systick-extended,sample=47,inner=1,items=1,raw_cycles=24080665
BENCH_SAMPLE,param=256s,config=mve_affine,backend=mve,matvec=mve,operation=keypair,clock=systick-extended,sample=48,inner=1,items=1,raw_cycles=24070395
BENCH_SAMPLE,param=256s,config=mve_affine,backend=mve,matvec=mve,operation=keypair,clock=systick-extended,sample=49,inner=1,items=1,raw_cycles=24054282
BENCH_RESULT,param=256s,config=mve_affine,backend=mve,matvec=mve,operation=keypair,clock=systick-extended,samples=50,inner=1,items=1,min=24049763.00,median=24064390.50,mean=24065770.30,stddev=10925.98,max=24092929.00,cycles_per_item_mean=24065770.30
BENCH_SAMPLE,param=256s,config=mve_affine,backend=mve,matvec=mve,operation=sign,clock=systick-extended,sample=0,inner=1,items=1,raw_cycles=3805308570
BENCH_SAMPLE,param=256s,config=mve_affine,backend=mve,matvec=mve,operation=sign,clock=systick-extended,sample=1,inner=1,items=1,raw_cycles=3823023243
BENCH_SAMPLE,param=256s,config=mve_affine,backend=mve,matvec=mve,operation=sign,clock=systick-extended,sample=2,inner=1,items=1,raw_cycles=3814426498
BENCH_SAMPLE,param=256s,config=mve_affine,backend=mve,matvec=mve,operation=sign,clock=systick-extended,sample=3,inner=1,items=1,raw_cycles=3819219092
BENCH_SAMPLE,param=256s,config=mve_affine,backend=mve,matvec=mve,operation=sign,clock=systick-extended,sample=4,inner=1,items=1,raw_cycles=3817109709
BENCH_SAMPLE,param=256s,config=mve_affine,backend=mve,matvec=mve,operation=sign,clock=systick-extended,sample=5,inner=1,items=1,raw_cycles=3819023889
BENCH_SAMPLE,param=256s,config=mve_affine,backend=mve,matvec=mve,operation=sign,clock=systick-extended,sample=6,inner=1,items=1,raw_cycles=3810722615
BENCH_SAMPLE,param=256s,config=mve_affine,backend=mve,matvec=mve,operation=sign,clock=systick-extended,sample=7,inner=1,items=1,raw_cycles=3812154327
BENCH_SAMPLE,param=256s,config=mve_affine,backend=mve,matvec=mve,operation=sign,clock=systick-extended,sample=8,inner=1,items=1,raw_cycles=3821291628
BENCH_SAMPLE,param=256s,config=mve_affine,backend=mve,matvec=mve,operation=sign,clock=systick-extended,sample=9,inner=1,items=1,raw_cycles=3820357584
BENCH_SAMPLE,param=256s,config=mve_affine,backend=mve,matvec=mve,operation=sign,clock=systick-extended,sample=10,inner=1,items=1,raw_cycles=3803877398
BENCH_SAMPLE,param=256s,config=mve_affine,backend=mve,matvec=mve,operation=sign,clock=systick-extended,sample=11,inner=1,items=1,raw_cycles=3810641654
BENCH_SAMPLE,param=256s,config=mve_affine,backend=mve,matvec=mve,operation=sign,clock=systick-extended,sample=12,inner=1,items=1,raw_cycles=3800560861
BENCH_SAMPLE,param=256s,config=mve_affine,backend=mve,matvec=mve,operation=sign,clock=systick-extended,sample=13,inner=1,items=1,raw_cycles=3813003861
BENCH_SAMPLE,param=256s,config=mve_affine,backend=mve,matvec=mve,operation=sign,clock=systick-extended,sample=14,inner=1,items=1,raw_cycles=3811416512
BENCH_SAMPLE,param=256s,config=mve_affine,backend=mve,matvec=mve,operation=sign,clock=systick-extended,sample=15,inner=1,items=1,raw_cycles=3798326538
BENCH_SAMPLE,param=256s,config=mve_affine,backend=mve,matvec=mve,operation=sign,clock=systick-extended,sample=16,inner=1,items=1,raw_cycles=3819657467
BENCH_SAMPLE,param=256s,config=mve_affine,backend=mve,matvec=mve,operation=sign,clock=systick-extended,sample=17,inner=1,items=1,raw_cycles=3820089938
BENCH_SAMPLE,param=256s,config=mve_affine,backend=mve,matvec=mve,operation=sign,clock=systick-extended,sample=18,inner=1,items=1,raw_cycles=3815527648
BENCH_SAMPLE,param=256s,config=mve_affine,backend=mve,matvec=mve,operation=sign,clock=systick-extended,sample=19,inner=1,items=1,raw_cycles=3825096006
BENCH_SAMPLE,param=256s,config=mve_affine,backend=mve,matvec=mve,operation=sign,clock=systick-extended,sample=20,inner=1,items=1,raw_cycles=3817601057
BENCH_SAMPLE,param=256s,config=mve_affine,backend=mve,matvec=mve,operation=sign,clock=systick-extended,sample=21,inner=1,items=1,raw_cycles=3820442796
BENCH_SAMPLE,param=256s,config=mve_affine,backend=mve,matvec=mve,operation=sign,clock=systick-extended,sample=22,inner=1,items=1,raw_cycles=3805889085
BENCH_SAMPLE,param=256s,config=mve_affine,backend=mve,matvec=mve,operation=sign,clock=systick-extended,sample=23,inner=1,items=1,raw_cycles=3815674917
BENCH_SAMPLE,param=256s,config=mve_affine,backend=mve,matvec=mve,operation=sign,clock=systick-extended,sample=24,inner=1,items=1,raw_cycles=3825363123
BENCH_SAMPLE,param=256s,config=mve_affine,backend=mve,matvec=mve,operation=sign,clock=systick-extended,sample=25,inner=1,items=1,raw_cycles=3813200616
BENCH_SAMPLE,param=256s,config=mve_affine,backend=mve,matvec=mve,operation=sign,clock=systick-extended,sample=26,inner=1,items=1,raw_cycles=3818556675
BENCH_SAMPLE,param=256s,config=mve_affine,backend=mve,matvec=mve,operation=sign,clock=systick-extended,sample=27,inner=1,items=1,raw_cycles=3809551215
BENCH_SAMPLE,param=256s,config=mve_affine,backend=mve,matvec=mve,operation=sign,clock=systick-extended,sample=28,inner=1,items=1,raw_cycles=3818923581
BENCH_SAMPLE,param=256s,config=mve_affine,backend=mve,matvec=mve,operation=sign,clock=systick-extended,sample=29,inner=1,items=1,raw_cycles=3822257804
BENCH_SAMPLE,param=256s,config=mve_affine,backend=mve,matvec=mve,operation=sign,clock=systick-extended,sample=30,inner=1,items=1,raw_cycles=3816526277
BENCH_SAMPLE,param=256s,config=mve_affine,backend=mve,matvec=mve,operation=sign,clock=systick-extended,sample=31,inner=1,items=1,raw_cycles=3827624608
BENCH_SAMPLE,param=256s,config=mve_affine,backend=mve,matvec=mve,operation=sign,clock=systick-extended,sample=32,inner=1,items=1,raw_cycles=3807333484
BENCH_SAMPLE,param=256s,config=mve_affine,backend=mve,matvec=mve,operation=sign,clock=systick-extended,sample=33,inner=1,items=1,raw_cycles=3826544200
BENCH_SAMPLE,param=256s,config=mve_affine,backend=mve,matvec=mve,operation=sign,clock=systick-extended,sample=34,inner=1,items=1,raw_cycles=3815008962
BENCH_SAMPLE,param=256s,config=mve_affine,backend=mve,matvec=mve,operation=sign,clock=systick-extended,sample=35,inner=1,items=1,raw_cycles=3818090223
BENCH_SAMPLE,param=256s,config=mve_affine,backend=mve,matvec=mve,operation=sign,clock=systick-extended,sample=36,inner=1,items=1,raw_cycles=3818449020
BENCH_SAMPLE,param=256s,config=mve_affine,backend=mve,matvec=mve,operation=sign,clock=systick-extended,sample=37,inner=1,items=1,raw_cycles=3826431572
BENCH_SAMPLE,param=256s,config=mve_affine,backend=mve,matvec=mve,operation=sign,clock=systick-extended,sample=38,inner=1,items=1,raw_cycles=3808713371
BENCH_SAMPLE,param=256s,config=mve_affine,backend=mve,matvec=mve,operation=sign,clock=systick-extended,sample=39,inner=1,items=1,raw_cycles=3806163651
BENCH_SAMPLE,param=256s,config=mve_affine,backend=mve,matvec=mve,operation=sign,clock=systick-extended,sample=40,inner=1,items=1,raw_cycles=3816201549
BENCH_SAMPLE,param=256s,config=mve_affine,backend=mve,matvec=mve,operation=sign,clock=systick-extended,sample=41,inner=1,items=1,raw_cycles=3817908173
BENCH_SAMPLE,param=256s,config=mve_affine,backend=mve,matvec=mve,operation=sign,clock=systick-extended,sample=42,inner=1,items=1,raw_cycles=3809056160
BENCH_SAMPLE,param=256s,config=mve_affine,backend=mve,matvec=mve,operation=sign,clock=systick-extended,sample=43,inner=1,items=1,raw_cycles=3823972425
BENCH_SAMPLE,param=256s,config=mve_affine,backend=mve,matvec=mve,operation=sign,clock=systick-extended,sample=44,inner=1,items=1,raw_cycles=3812223303
BENCH_SAMPLE,param=256s,config=mve_affine,backend=mve,matvec=mve,operation=sign,clock=systick-extended,sample=45,inner=1,items=1,raw_cycles=3817518009
BENCH_SAMPLE,param=256s,config=mve_affine,backend=mve,matvec=mve,operation=sign,clock=systick-extended,sample=46,inner=1,items=1,raw_cycles=3818551671
BENCH_SAMPLE,param=256s,config=mve_affine,backend=mve,matvec=mve,operation=sign,clock=systick-extended,sample=47,inner=1,items=1,raw_cycles=3816389675
BENCH_SAMPLE,param=256s,config=mve_affine,backend=mve,matvec=mve,operation=sign,clock=systick-extended,sample=48,inner=1,items=1,raw_cycles=3814391414
BENCH_SAMPLE,param=256s,config=mve_affine,backend=mve,matvec=mve,operation=sign,clock=systick-extended,sample=49,inner=1,items=1,raw_cycles=3796923574
BENCH_RESULT,param=256s,config=mve_affine,backend=mve,matvec=mve,operation=sign,clock=systick-extended,samples=50,inner=1,items=1,min=3796923574.00,median=3816457976.00,mean=3815246344.56,stddev=7113911.55,max=3827624608.00,cycles_per_item_mean=3815246344.56
BENCH_SAMPLE,param=256s,config=mve_affine,backend=mve,matvec=mve,operation=verify,clock=systick-extended,sample=0,inner=1,items=1,raw_cycles=2424126818
BENCH_SAMPLE,param=256s,config=mve_affine,backend=mve,matvec=mve,operation=verify,clock=systick-extended,sample=1,inner=1,items=1,raw_cycles=2424272861
BENCH_SAMPLE,param=256s,config=mve_affine,backend=mve,matvec=mve,operation=verify,clock=systick-extended,sample=2,inner=1,items=1,raw_cycles=2424751157
BENCH_SAMPLE,param=256s,config=mve_affine,backend=mve,matvec=mve,operation=verify,clock=systick-extended,sample=3,inner=1,items=1,raw_cycles=2424094718
BENCH_SAMPLE,param=256s,config=mve_affine,backend=mve,matvec=mve,operation=verify,clock=systick-extended,sample=4,inner=1,items=1,raw_cycles=2424356930
BENCH_SAMPLE,param=256s,config=mve_affine,backend=mve,matvec=mve,operation=verify,clock=systick-extended,sample=5,inner=1,items=1,raw_cycles=2424278138
BENCH_SAMPLE,param=256s,config=mve_affine,backend=mve,matvec=mve,operation=verify,clock=systick-extended,sample=6,inner=1,items=1,raw_cycles=2423901095
BENCH_SAMPLE,param=256s,config=mve_affine,backend=mve,matvec=mve,operation=verify,clock=systick-extended,sample=7,inner=1,items=1,raw_cycles=2424164411
BENCH_SAMPLE,param=256s,config=mve_affine,backend=mve,matvec=mve,operation=verify,clock=systick-extended,sample=8,inner=1,items=1,raw_cycles=2424198542
BENCH_SAMPLE,param=256s,config=mve_affine,backend=mve,matvec=mve,operation=verify,clock=systick-extended,sample=9,inner=1,items=1,raw_cycles=2424241444
BENCH_SAMPLE,param=256s,config=mve_affine,backend=mve,matvec=mve,operation=verify,clock=systick-extended,sample=10,inner=1,items=1,raw_cycles=2424054501
BENCH_SAMPLE,param=256s,config=mve_affine,backend=mve,matvec=mve,operation=verify,clock=systick-extended,sample=11,inner=1,items=1,raw_cycles=2424266442
BENCH_SAMPLE,param=256s,config=mve_affine,backend=mve,matvec=mve,operation=verify,clock=systick-extended,sample=12,inner=1,items=1,raw_cycles=2424444386
BENCH_SAMPLE,param=256s,config=mve_affine,backend=mve,matvec=mve,operation=verify,clock=systick-extended,sample=13,inner=1,items=1,raw_cycles=2424319959
BENCH_SAMPLE,param=256s,config=mve_affine,backend=mve,matvec=mve,operation=verify,clock=systick-extended,sample=14,inner=1,items=1,raw_cycles=2424157172
BENCH_SAMPLE,param=256s,config=mve_affine,backend=mve,matvec=mve,operation=verify,clock=systick-extended,sample=15,inner=1,items=1,raw_cycles=2424280254
BENCH_SAMPLE,param=256s,config=mve_affine,backend=mve,matvec=mve,operation=verify,clock=systick-extended,sample=16,inner=1,items=1,raw_cycles=2424218869
BENCH_SAMPLE,param=256s,config=mve_affine,backend=mve,matvec=mve,operation=verify,clock=systick-extended,sample=17,inner=1,items=1,raw_cycles=2424306800
BENCH_SAMPLE,param=256s,config=mve_affine,backend=mve,matvec=mve,operation=verify,clock=systick-extended,sample=18,inner=1,items=1,raw_cycles=2424378495
BENCH_SAMPLE,param=256s,config=mve_affine,backend=mve,matvec=mve,operation=verify,clock=systick-extended,sample=19,inner=1,items=1,raw_cycles=2424348512
BENCH_SAMPLE,param=256s,config=mve_affine,backend=mve,matvec=mve,operation=verify,clock=systick-extended,sample=20,inner=1,items=1,raw_cycles=2424464291
BENCH_SAMPLE,param=256s,config=mve_affine,backend=mve,matvec=mve,operation=verify,clock=systick-extended,sample=21,inner=1,items=1,raw_cycles=2424177860
BENCH_SAMPLE,param=256s,config=mve_affine,backend=mve,matvec=mve,operation=verify,clock=systick-extended,sample=22,inner=1,items=1,raw_cycles=2424504417
BENCH_SAMPLE,param=256s,config=mve_affine,backend=mve,matvec=mve,operation=verify,clock=systick-extended,sample=23,inner=1,items=1,raw_cycles=2424448145
BENCH_SAMPLE,param=256s,config=mve_affine,backend=mve,matvec=mve,operation=verify,clock=systick-extended,sample=24,inner=1,items=1,raw_cycles=2424430398
BENCH_SAMPLE,param=256s,config=mve_affine,backend=mve,matvec=mve,operation=verify,clock=systick-extended,sample=25,inner=1,items=1,raw_cycles=2424255535
BENCH_SAMPLE,param=256s,config=mve_affine,backend=mve,matvec=mve,operation=verify,clock=systick-extended,sample=26,inner=1,items=1,raw_cycles=2424322662
BENCH_SAMPLE,param=256s,config=mve_affine,backend=mve,matvec=mve,operation=verify,clock=systick-extended,sample=27,inner=1,items=1,raw_cycles=2424272042
BENCH_SAMPLE,param=256s,config=mve_affine,backend=mve,matvec=mve,operation=verify,clock=systick-extended,sample=28,inner=1,items=1,raw_cycles=2424285110
BENCH_SAMPLE,param=256s,config=mve_affine,backend=mve,matvec=mve,operation=verify,clock=systick-extended,sample=29,inner=1,items=1,raw_cycles=2424141693
BENCH_SAMPLE,param=256s,config=mve_affine,backend=mve,matvec=mve,operation=verify,clock=systick-extended,sample=30,inner=1,items=1,raw_cycles=2424144312
BENCH_SAMPLE,param=256s,config=mve_affine,backend=mve,matvec=mve,operation=verify,clock=systick-extended,sample=31,inner=1,items=1,raw_cycles=2424419887
BENCH_SAMPLE,param=256s,config=mve_affine,backend=mve,matvec=mve,operation=verify,clock=systick-extended,sample=32,inner=1,items=1,raw_cycles=2424294359
BENCH_SAMPLE,param=256s,config=mve_affine,backend=mve,matvec=mve,operation=verify,clock=systick-extended,sample=33,inner=1,items=1,raw_cycles=2424303933
BENCH_SAMPLE,param=256s,config=mve_affine,backend=mve,matvec=mve,operation=verify,clock=systick-extended,sample=34,inner=1,items=1,raw_cycles=2424208398
BENCH_SAMPLE,param=256s,config=mve_affine,backend=mve,matvec=mve,operation=verify,clock=systick-extended,sample=35,inner=1,items=1,raw_cycles=2424413136
BENCH_SAMPLE,param=256s,config=mve_affine,backend=mve,matvec=mve,operation=verify,clock=systick-extended,sample=36,inner=1,items=1,raw_cycles=2424580814
BENCH_SAMPLE,param=256s,config=mve_affine,backend=mve,matvec=mve,operation=verify,clock=systick-extended,sample=37,inner=1,items=1,raw_cycles=2424130473
BENCH_SAMPLE,param=256s,config=mve_affine,backend=mve,matvec=mve,operation=verify,clock=systick-extended,sample=38,inner=1,items=1,raw_cycles=2424188106
BENCH_SAMPLE,param=256s,config=mve_affine,backend=mve,matvec=mve,operation=verify,clock=systick-extended,sample=39,inner=1,items=1,raw_cycles=2424082971
BENCH_SAMPLE,param=256s,config=mve_affine,backend=mve,matvec=mve,operation=verify,clock=systick-extended,sample=40,inner=1,items=1,raw_cycles=2424394791
BENCH_SAMPLE,param=256s,config=mve_affine,backend=mve,matvec=mve,operation=verify,clock=systick-extended,sample=41,inner=1,items=1,raw_cycles=2424349623
BENCH_SAMPLE,param=256s,config=mve_affine,backend=mve,matvec=mve,operation=verify,clock=systick-extended,sample=42,inner=1,items=1,raw_cycles=2424204197
BENCH_SAMPLE,param=256s,config=mve_affine,backend=mve,matvec=mve,operation=verify,clock=systick-extended,sample=43,inner=1,items=1,raw_cycles=2424374820
BENCH_SAMPLE,param=256s,config=mve_affine,backend=mve,matvec=mve,operation=verify,clock=systick-extended,sample=44,inner=1,items=1,raw_cycles=2424150410
BENCH_SAMPLE,param=256s,config=mve_affine,backend=mve,matvec=mve,operation=verify,clock=systick-extended,sample=45,inner=1,items=1,raw_cycles=2424116477
BENCH_SAMPLE,param=256s,config=mve_affine,backend=mve,matvec=mve,operation=verify,clock=systick-extended,sample=46,inner=1,items=1,raw_cycles=2424369158
BENCH_SAMPLE,param=256s,config=mve_affine,backend=mve,matvec=mve,operation=verify,clock=systick-extended,sample=47,inner=1,items=1,raw_cycles=2424518429
BENCH_SAMPLE,param=256s,config=mve_affine,backend=mve,matvec=mve,operation=verify,clock=systick-extended,sample=48,inner=1,items=1,raw_cycles=2424352110
BENCH_SAMPLE,param=256s,config=mve_affine,backend=mve,matvec=mve,operation=verify,clock=systick-extended,sample=49,inner=1,items=1,raw_cycles=2423952067
BENCH_RESULT,param=256s,config=mve_affine,backend=mve,matvec=mve,operation=verify,clock=systick-extended,samples=50,inner=1,items=1,min=2423901095.00,median=2424279196.00,mean=2424280242.56,stddev=155385.82,max=2424751157.00,cycles_per_item_mean=2424280242.56
BENCH_MEMORY,param=256s,config=mve_affine,backend=mve,matvec=mve,static_ram_bytes=23576,stack_reserved_bytes=131072,stack_peak_bytes=24860,heap_capacity_bytes=1835008,heap_peak_bytes=167936
BENCH_PASS,param=256s,config=mve_affine,backend=mve,matvec=mve,checksum=76067d43a53dc8f1
TEST_EXIT=0
